PointType;TagNumber;NewTagNumber;Location;Unit;SubUnit;Description;SafetyRelated;ForceEnable;WriteEnable;SIL;FLDNumber;Scaling;DataType;SignalType;BottomScale;TopScale;EngineeringUnits;PowerUpValue;TimerBase;TimerValue;Range;ApplicationAddress;SOEEnable;SOEID;AlarmPriority;AlarmPriorityLow;AlarmPriorityHigh;AlarmPriorityLowLow;AlarmPriorityHighHigh;State0Text;State1Text;NormalState;AlarmLimitLow;AlarmLimitHigh;AlarmLimitLowLow;AlarmLimitHighHigh;BlockName;PVFormat;TransmitterAlarmLow;TransmitterAlarmHigh;TimerType;ChassisID/IOTAName;SlotNumber;ChannelNumber;NumberOfChannels;FaultReaction;FaultReactionValue;FieldInputDevice;LoopMonitoringEnable;HartEnable;TestEnable;SmokeHeatPowerInterruption;TransitTime;LowLatencySOE;AccessLock;ComAllocationType1;Master1;Slave1;PLCAddress1;ComAllocationType2;Master2;Slave2;PLCAddress2;ComAllocationType3;Master3;Slave3;PLCAddress3;ComAllocationType4;Master4;Slave4;PLCAddress4;ComAllocationType5;Master5;Slave5;PLCAddress5;ComAllocationType6;Master6;Slave6;PLCAddress6
M;C378_5_E;;;;;Function block marker;;ЛОЖЬ;ЛОЖЬ;;378;;;;;;;0;;;;4581;ЛОЖЬ;0;;;;;;;;;;;;;;Undefined;;;;;;;;;;;;ЛОЖЬ;ИСТИНА;;;;;;;;;;;;;;;;;;;;;;;;;;;;
R;C2456_10;;;;;Compiler register (256, 276);;ЛОЖЬ;ЛОЖЬ;;2456;;Float;;;;;0;;;;372;ЛОЖЬ;0;;;;;;;;;;;;;;Undefined;491;3428;;;;;;;;;;ЛОЖЬ;;;;;;;;;;;;;;;;;;;;;;;;;;;;;
DO;93PAHH876_CA;;COM;930-20;A_C93021;CAUSE ALARM;No;ИСТИНА;ЛОЖЬ;;702;;;;;;;0;;;;1449;ЛОЖЬ;37002;None;;;;;;0=ALARM;;;;;;;Undefined;491;3428;;;;;;;;;;ЛОЖЬ;;;;;;;;;;;;;;;;;;Output;EPKS_CCB;ESD_932_1;600;;;;;;;;
M;298_5;;;;;;;ЛОЖЬ;ЛОЖЬ;;298;;;;;;;0;;;;502;ЛОЖЬ;0;;;;;;;;;;;;;;Undefined;491;3428;;;;;;;;;;ЛОЖЬ;;;;;;;;;;;;;;;;;;;;;;;;;;;;;
M;540_813_2;;;;;93PAL833_PERM;;ЛОЖЬ;ЛОЖЬ;;813;;;;;;;0;;;;4064;ЛОЖЬ;0;;;;;;;0=ALARM;;;;;;;Undefined;;;;;;;;;;;;ЛОЖЬ;ИСТИНА;;;;;;;;;;;;;;;;;;;;;;;;;;;;
M;1031_12;;;;;;;ЛОЖЬ;ЛОЖЬ;;1031;;;;;;;0;;;;3684;ЛОЖЬ;0;;;;;;;;;;;;;;Undefined;;;;;;;;;;;;ЛОЖЬ;ИСТИНА;;;;;;;;;;;;;;;;;;;;;;;;;;;;
DO;93TAHH867;;COM;930-20;A_C93021;C9302001CX TMP GAS CYL2;No;ИСТИНА;ЛОЖЬ;;718;;;;;;;0;;;;1499;ИСТИНА;37003;None;;;;;;0=TRIP;;;;;;;Undefined;491;3428;;;;;;;;;;ЛОЖЬ;;;;;;;;;;;;;;;;;;Output;EPKS_CCB;ESD_932_1;761;;;;;;;;
M;C364_5_G;;;;;Function block marker;;ЛОЖЬ;ЛОЖЬ;;364;;;;;;;0;;;;3559;ЛОЖЬ;0;;;;;;;;;;;;;;Undefined;;;;;;;;;;;;ЛОЖЬ;ИСТИНА;;;;;;;;;;;;;;;;;;;;;;;;;;;;
M;C252_7_E;;;;;Function block marker;;ЛОЖЬ;ЛОЖЬ;;252;;;;;;;0;;;;3905;ЛОЖЬ;0;;;;;;;;;;;;;;Undefined;;;;;;;;;;;;ЛОЖЬ;ИСТИНА;;;;;;;;;;;;;;;;;;;;;;;;;;;;
DO;93PALL776_FU;;COM;930-20;A_C93021;C9302001AX PRS OIL CKC;No;ИСТИНА;ЛОЖЬ;;1007;;;;;;;0;;;;2199;ЛОЖЬ;38225;None;;;;;;1=FIRST;;;;;;;Undefined;;;;;;;;;;;;ЛОЖЬ;ИСТИНА;;;;;;;;;;;;;;;;;Output;EPKS_CCB;ESD_932_1;1066;;;;;;;;
BO;93LI415_LL;;COM;930-20;A_93020;LL TRIP SETPOINT (%);No;ИСТИНА;ЛОЖЬ;;260;;Float;;;;;0;;;;616;;38103;;;;;;;;;0;0;;;;-XXXXX.X;491;3428;;;;;;;;;;ЛОЖЬ;;;;;;;;;;;;;;;;;;Output;EPKS_CCB;ESD_932_1;10190;;;;;;;;
M;300_1053_3;;;;;93HS551A_I;;ЛОЖЬ;ЛОЖЬ;;1053;;;;;;;0;;;;2569;ЛОЖЬ;0;;;;;;;0=TRIP INITIATOR;;;;;;;Undefined;;;;;;;;;;;;ЛОЖЬ;ИСТИНА;;;;;;;;;;;;;;;;;;;;;;;;;;;;
DO;93ZALL854;;COM;930-20;A_C93021;C9302001CX LSW FLYW PCOV;No;ИСТИНА;ЛОЖЬ;;730;;;;;;;0;;;;1516;ИСТИНА;37783;None;;;;;;0=TRIP;;;;;;;Undefined;491;3428;;;;;;;;;;ЛОЖЬ;;;;;;;;;;;;;;;;;;Output;EPKS_CCB;ESD_932_1;900;;;;;;;;
DO;93PILL827A_CA;;COM;;;CAUSE ALARM;No;ЛОЖЬ;ЛОЖЬ;;538;;;;;;;0;;;;3330;ЛОЖЬ;0;None;;;;;;0=ALARM;0=ALARM;;;;;;Undefined;;;;;;;;;;;;ЛОЖЬ;ИСТИНА;;;;;;;;;;;;;;;;;Output;EPKS_CCB;ESD_932_1;1224;;;;;;;;
DO;93LALL413_1;;COM;;;;No;ИСТИНА;ЛОЖЬ;;258;;;;;;;0;;;;70;ЛОЖЬ;38075;None;;;;;;0=TRIP;;;;;;;Undefined;;;;;;;;;;;;ЛОЖЬ;ИСТИНА;;;;;;;;;;;;;;;;;Output;EPKS_CCB;ESD_932_1;935;;;;;;;;
M;C562_4_B;;;;;Function block marker;;ЛОЖЬ;ЛОЖЬ;;562;;;;;;;0;;;;4376;ЛОЖЬ;0;;;;;;;;;;;;;;Undefined;;;;;;;;;;;;ЛОЖЬ;ИСТИНА;;;;;;;;;;;;;;;;;;;;;;;;;;;;
AI;93LI428;;FLD;930-20;A_93020;L. B-9302002C;Yes;ИСТИНА;ЛОЖЬ;;278;ИСТИНА;Float;4-20mA;0;100;%;;;;;400;ЛОЖЬ;38444;;None;None;None;None;;;;;;;;;-XXXXX.X;3.64;22;;20.04;7;16;1;Bottom scale;;;;ЛОЖЬ;ИСТИНА;ЛОЖЬ;;;;;;;;;;;;;;;;Output;EPKS_CCB;ESD_932_1;10326;;;;;;;;
AI;93TI929;;FLD;930-20;A_C93021;C-9302001 COOL WATER SUP;Yes;ИСТИНА;ЛОЖЬ;;404;ИСТИНА;Float;4-20mA;-50;100;°C;;;;;452;ЛОЖЬ;37018;;None;None;None;None;;;;-87.5;-87.5;;;;-XXXXX.X;3.76;21;;20.04;9;12;1;Bottom scale;;;;ЛОЖЬ;;ЛОЖЬ;;;;;;;;;;;;;;;;Output;EPKS_CCB;ESD_932_1;10163;;;;;;;;
M;C300_2_D;;;;;Function block marker;;ЛОЖЬ;ЛОЖЬ;;300;;;;;;;0;;;;48;ЛОЖЬ;0;;;;;;;;;;;;;;Undefined;;;;;;;;;;;;ЛОЖЬ;ИСТИНА;;;;;;;;;;;;;;;;;;;;;;;;;;;;
DO;93XY444_C;;COM;;;AUTO CLOSURE 93XV444;No;ИСТИНА;ЛОЖЬ;;264;;;;;;;0;;;;1798;ИСТИНА;37020;None;;;;;;0=TRIP;;;;;;;Undefined;491;3428;;;;;;;;;;ЛОЖЬ;;;;;;;;;;;;;;;;;;Output;EPKS_CCB;ESD_932_1;1017;;;;;;;;
AI;93TI984;;FLD;930-20;A_P93020;HERM GLASS P-9302001BX;Yes;ИСТИНА;ЛОЖЬ;;294;ИСТИНА;Float;4-20mA;-50;120;°C;;;;;236;ЛОЖЬ;37023;;None;None;None;None;;;;-92.5;-92.5;;;;-XXXXX.X;3.76;21;;20.04;3;9;1;Bottom scale;;;;ЛОЖЬ;;ЛОЖЬ;;;;;;;;;;;;;;;;Output;EPKS_CCB;ESD_932_1;10168;;;;;;;;
DO;93XY516;;MCC;930-20;A_93020;EM.STOP AM-93020012AX;Yes;ИСТИНА;ЛОЖЬ;;300;;;;;;;0;;;;123;ИСТИНА;37006;None;;;;;;0=TRIP;;;;;;;Undefined;491;3428;;20.06;5;4;1;Appl;;;;ЛОЖЬ;;;;;;;;;;;;;;;;;;Output;EPKS_CCB;ESD_932_1;1043;;;;;;;;
M;C376_4_E;;;;;Function block marker;;ЛОЖЬ;ЛОЖЬ;;376;;;;;;;0;;;;4589;ЛОЖЬ;0;;;;;;;;;;;;;;Undefined;;;;;;;;;;;;ЛОЖЬ;ИСТИНА;;;;;;;;;;;;;;;;;;;;;;;;;;;;
M;C256_6_G;;;;;Function block marker;;ЛОЖЬ;ЛОЖЬ;;256;;;;;;;0;;;;3886;ЛОЖЬ;0;;;;;;;;;;;;;;Undefined;;;;;;;;;;;;ЛОЖЬ;ИСТИНА;;;;;;;;;;;;;;;;;;;;;;;;;;;;
BO;93FI804_L;;COM;;;L ALARM SETPOINT;No;ИСТИНА;ЛОЖЬ;;520;;Float;;;;;0;;;;924;;38139;;;;;;;;;0;0;;;;-XXXXX.X;491;3428;;;;;;;;;;ЛОЖЬ;;;;;;;;;;;;;;;;;;Output;EPKS_CCB;ESD_932_1;10294;;;;;;;;
M;252_7;;;;;;;ЛОЖЬ;ЛОЖЬ;;252;;;;;;;0;;;;3784;ЛОЖЬ;0;;;;;;;;;;;;;;Undefined;;;;;;;;;;;;ЛОЖЬ;ИСТИНА;;;;;;;;;;;;;;;;;;;;;;;;;;;;
T;398_1;;;;;;;ЛОЖЬ;ЛОЖЬ;;398;;;;;;;;100 ms;10;;348;ЛОЖЬ;0;;;;;;;;;;;;;;Undefined;491;3428;Delayed OFF with constant timer value;;;;;;;;;ЛОЖЬ;;;;;;;;;;;;;;;;;;;;;;;;;;;;;
M;C714_5_F;;;;;Function block marker;;ЛОЖЬ;ЛОЖЬ;;714;;;;;;;0;;;;4268;ЛОЖЬ;0;;;;;;;;;;;;;;Undefined;;;;;;;;;;;;ЛОЖЬ;ИСТИНА;;;;;;;;;;;;;;;;;;;;;;;;;;;;
M;C256_6_F;;;;;Function block marker;;ЛОЖЬ;ЛОЖЬ;;256;;;;;;;0;;;;3885;ЛОЖЬ;0;;;;;;;;;;;;;;Undefined;;;;;;;;;;;;ЛОЖЬ;ИСТИНА;;;;;;;;;;;;;;;;;;;;;;;;;;;;
DO;93PI777A_TF;;COM;;;TRANSM FAULT;No;ЛОЖЬ;ЛОЖЬ;;368;;;;;;;0;;;;1175;ИСТИНА;38609;None;;;;;;0=ALARM;0=ALARM;;;;;;Undefined;;;;;;;;;;;;ЛОЖЬ;ИСТИНА;;;;;;;;;;;;;;;;;Output;EPKS_CCB;ESD_932_1;1365;;;;;;;;
T;526_5;;;;;;;ЛОЖЬ;ЛОЖЬ;;526;;;;;;;;100 ms;5;;1388;ЛОЖЬ;0;;;;;;;;;;;;;;Undefined;;;Delayed OFF with constant timer value;;;;;;;;;ЛОЖЬ;ИСТИНА;;;;;;;;;;;;;;;;;;;;;;;;;;;;
M;538_630_1;;;;;93PAHH826_I;;ЛОЖЬ;ЛОЖЬ;;630;;;;;;;0;;;;288;ЛОЖЬ;0;;;;;;;0=TRIP INITIATOR;;;;;;;Undefined;;;;;;;;;;;;ЛОЖЬ;ИСТИНА;;;;;;;;;;;;;;;;;;;;;;;;;;;;
M;C248_7_F;;;;;Function block marker;;ЛОЖЬ;ЛОЖЬ;;248;;;;;;;0;;;;3924;ЛОЖЬ;0;;;;;;;;;;;;;;Undefined;;;;;;;;;;;;ЛОЖЬ;ИСТИНА;;;;;;;;;;;;;;;;;;;;;;;;;;;;
M;C370_6_G;;;;;Function block marker;;ЛОЖЬ;ЛОЖЬ;;370;;;;;;;0;;;;4603;ЛОЖЬ;0;;;;;;;;;;;;;;Undefined;;;;;;;;;;;;ЛОЖЬ;ИСТИНА;;;;;;;;;;;;;;;;;;;;;;;;;;;;
M;C1031_2_L;;;;;Function block marker;;ЛОЖЬ;ЛОЖЬ;;1031;;;;;;;0;;;;3713;ЛОЖЬ;0;;;;;;;;;;;;;;Undefined;;;;;;;;;;;;ЛОЖЬ;ИСТИНА;;;;;;;;;;;;;;;;;;;;;;;;;;;;
M;382_412_3;;;;;93TAHH762_I (AFTER OOS);;ЛОЖЬ;ЛОЖЬ;;412;;;;;;;0;;;;841;ЛОЖЬ;0;;;;;;;0=TRIP;;;;;;;Undefined;491;3428;;;;;;;;;;ЛОЖЬ;;;;;;;;;;;;;;;;;;;;;;;;;;;;;
DO;93TAHH887_FU;;COM;930-20;A_C93021;C9302001BX MAIN BEAR DE;No;ИСТИНА;ЛОЖЬ;;1029;;;;;;;0;;;;2355;ЛОЖЬ;38277;None;;;;;;1=FIRST;;;;;;;Undefined;;;;;;;;;;;;ЛОЖЬ;ИСТИНА;;;;;;;;;;;;;;;;;Output;EPKS_CCB;ESD_932_1;1118;;;;;;;;
M;416_4;;;;;;;ЛОЖЬ;ЛОЖЬ;;416;;;;;;;0;;;;1819;ЛОЖЬ;0;;;;;;;;;;;;;;Undefined;491;3428;;;;;;;;;;ЛОЖЬ;;;;;;;;;;;;;;;;;;;;;;;;;;;;;
M;C448_3_A;;;;;Compiler marker;;ЛОЖЬ;ЛОЖЬ;;448;;;;;;;0;;;;1865;ЛОЖЬ;0;;;;;;;;;;;;;;Undefined;491;3428;;;;;;;;;;ЛОЖЬ;;;;;;;;;;;;;;;;;;;;;;;;;;;;;
M;C690_5_E;;;;;Function block marker;;ЛОЖЬ;ЛОЖЬ;;690;;;;;;;0;;;;4353;ЛОЖЬ;0;;;;;;;;;;;;;;Undefined;;;;;;;;;;;;ЛОЖЬ;ИСТИНА;;;;;;;;;;;;;;;;;;;;;;;;;;;;
M;C232_6_E;;;;;Function block marker;;ЛОЖЬ;ЛОЖЬ;;232;;;;;;;0;;;;3965;ЛОЖЬ;0;;;;;;;;;;;;;;Undefined;;;;;;;;;;;;ЛОЖЬ;ИСТИНА;;;;;;;;;;;;;;;;;;;;;;;;;;;;
M;C236_8_D;;;;;Function block marker;;ЛОЖЬ;ЛОЖЬ;;236;;;;;;;0;;;;3954;ЛОЖЬ;0;;;;;;;;;;;;;;Undefined;;;;;;;;;;;;ЛОЖЬ;ИСТИНА;;;;;;;;;;;;;;;;;;;;;;;;;;;;
T;362_1;;;930-20;;;;ЛОЖЬ;ЛОЖЬ;;362;;;;;;;;100 ms;5;;232;ЛОЖЬ;0;;;;;;;;;;;;;;Undefined;491;3428;Delayed OFF with constant timer value;;;;;;;;;ЛОЖЬ;;;;;;;;;;;;;;;;;;;;;;;;;;;;;
M;552_7;;;;;;;ЛОЖЬ;ЛОЖЬ;;552;;;;;;;0;;;;4089;ЛОЖЬ;0;;;;;;;;;;;;;;Undefined;;;;;;;;;;;;ЛОЖЬ;ИСТИНА;;;;;;;;;;;;;;;;;;;;;;;;;;;;
M;C400_4_G;;;;;Function block marker;;ЛОЖЬ;ЛОЖЬ;;400;;;;;;;0;;;;4533;ЛОЖЬ;0;;;;;;;;;;;;;;Undefined;;;;;;;;;;;;ЛОЖЬ;ИСТИНА;;;;;;;;;;;;;;;;;;;;;;;;;;;;
M;1053_1039_1;;;;;FIRST OUT SEQUENCE;;ЛОЖЬ;ЛОЖЬ;;1039;;;;;;;0;;;;2467;ЛОЖЬ;0;;;;;;;1=FU ALARM;;;;;;;Undefined;;;;;;;;;;;;ЛОЖЬ;ИСТИНА;;;;;;;;;;;;;;;;;;;;;;;;;;;;
M;C560_6_F;;;;;Function block marker;;ЛОЖЬ;ЛОЖЬ;;560;;;;;;;0;;;;4388;ЛОЖЬ;0;;;;;;;;;;;;;;Undefined;;;;;;;;;;;;ЛОЖЬ;ИСТИНА;;;;;;;;;;;;;;;;;;;;;;;;;;;;
BO;93LI427_LL;;COM;930-20;A_93020;LL TRIP SETPOINT (%);No;ИСТИНА;ЛОЖЬ;;274;;Float;;;;;0;;;;784;;38128;;;;;;;;;0;0;;;;-XXXXX.X;491;3428;;;;;;;;;;ЛОЖЬ;;;;;;;;;;;;;;;;;;Output;EPKS_CCB;ESD_932_1;10198;;;;;;;;
DO;93FALL754_CA;;COM;930-20;A_C93021;CAUSE ALARM;No;ИСТИНА;ЛОЖЬ;;350;;;;;;;0;;;;572;ЛОЖЬ;37007;None;;;;;;0=ALARM;;;;;;;Undefined;491;3428;;;;;;;;;;ЛОЖЬ;;;;;;;;;;;;;;;;;;Output;EPKS_CCB;ESD_932_1;430;;;;;;;;
M;C694_5_G;;;;;Function block marker;;ЛОЖЬ;ЛОЖЬ;;694;;;;;;;0;;;;4341;ЛОЖЬ;0;;;;;;;;;;;;;;Undefined;;;;;;;;;;;;ЛОЖЬ;ИСТИНА;;;;;;;;;;;;;;;;;;;;;;;;;;;;
DO;93PI871_TF;;COM;930-20;A_C93021;TRANSM. FAIL;No;ИСТИНА;ЛОЖЬ;;700;;;;;;;0;;;;1279;ИСТИНА;37008;None;;;;;;0=FAIL;;;;;;;Undefined;491;3428;;;;;;;;;;ЛОЖЬ;;;;;;;;;;;;;;;;;;Output;EPKS_CCB;ESD_932_1;696;;;;;;;;
M;C702_8_G;;;;;Function block marker;;ЛОЖЬ;ЛОЖЬ;;702;;;;;;;0;;;;4312;ЛОЖЬ;0;;;;;;;;;;;;;;Undefined;;;;;;;;;;;;ЛОЖЬ;ИСТИНА;;;;;;;;;;;;;;;;;;;;;;;;;;;;
R;2456_M;;;;;X out of Y;;ЛОЖЬ;ЛОЖЬ;;2456;;Float;;;;;0;;;;132;ЛОЖЬ;0;;;;;;;;;;;;;;Undefined;491;3428;;;;;;;;;;ЛОЖЬ;;;;;;;;;;;;;;;;;;;;;;;;;;;;;
M;C370_6_E;;;;;Function block marker;;ЛОЖЬ;ЛОЖЬ;;370;;;;;;;0;;;;4601;ЛОЖЬ;0;;;;;;;;;;;;;;Undefined;;;;;;;;;;;;ЛОЖЬ;ИСТИНА;;;;;;;;;;;;;;;;;;;;;;;;;;;;
M;1017_1003_1;;;;;FIRST OUT SEQUENCE;;ЛОЖЬ;ЛОЖЬ;;1003;;;;;;;0;;;;2021;ЛОЖЬ;0;;;;;;;1=FU ALARM;;;;;;;Undefined;;;;;;;;;;;;ЛОЖЬ;ИСТИНА;;;;;;;;;;;;;;;;;;;;;;;;;;;;
M;1015_10;;;;;;;ЛОЖЬ;ЛОЖЬ;;1015;;;;;;;0;;;;2136;ЛОЖЬ;0;;;;;;;;;;;;;;Undefined;;;;;;;;;;;;ЛОЖЬ;ИСТИНА;;;;;;;;;;;;;;;;;;;;;;;;;;;;
M;C378_6_G;;;;;Function block marker;;ЛОЖЬ;ЛОЖЬ;;378;;;;;;;0;;;;4586;ЛОЖЬ;0;;;;;;;;;;;;;;Undefined;;;;;;;;;;;;ЛОЖЬ;ИСТИНА;;;;;;;;;;;;;;;;;;;;;;;;;;;;
DO;93PI765_TF;;COM;;;TRANSM FAULT;No;ЛОЖЬ;ЛОЖЬ;;363;;;;;;;0;;;;398;ИСТИНА;38608;None;;;;;;0=ALARM;0=ALARM;;;;;;Undefined;;;;;;;;;;;;ЛОЖЬ;ИСТИНА;;;;;;;;;;;;;;;;;Output;EPKS_CCB;ESD_932_1;1326;;;;;;;;
M;C638_1_C;;;;;Function block marker;;ЛОЖЬ;ЛОЖЬ;;638;;;;;;;0;;;;1417;ЛОЖЬ;0;;;;;;;;;;;;;;Undefined;491;3428;;;;;;;;;;ЛОЖЬ;;;;;;;;;;;;;;;;;;;;;;;;;;;;;
M;350_684_3;;;;;CW PUMP RUNNING;;ЛОЖЬ;ЛОЖЬ;;684;;;;;;;0;;;;915;ЛОЖЬ;0;;;;;;;1=RUNNING;;;;;;;Undefined;491;3428;;;;;;;;;;ЛОЖЬ;;;;;;;;;;;;;;;;;;;;;;;;;;;;;
M;312_2;;;;;;;ЛОЖЬ;ЛОЖЬ;;312;;;;;;;0;;;;1712;ЛОЖЬ;0;;;;;;;;;;;;;;Undefined;491;3428;;;;;;;;;;ЛОЖЬ;;;;;;;;;;;;;;;;;;;;;;;;;;;;;
DO;93XY115_C;;COM;;;;No;ИСТИНА;ЛОЖЬ;;316;;;;;;;0;;;;65;ИСТИНА;38084;None;;;;;;0=TRIP;;;;;;;Undefined;;;;;;;;;;;;ЛОЖЬ;ИСТИНА;;;;;;;;;;;;;;;;;Output;EPKS_CCB;ESD_932_1;987;;;;;;;;
DO;93TAHH752_CA;;COM;;;CAUSE ALARM;No;ЛОЖЬ;ЛОЖЬ;;372;;;;;;;0;;;;3303;ЛОЖЬ;0;None;;;;;;0=ALARM;0=ALARM;;;;;;Undefined;;;;;;;;;;;;ЛОЖЬ;ИСТИНА;;;;;;;;;;;;;;;;;Output;EPKS_CCB;ESD_932_1;1198;;;;;;;;
DI;93TI784_MOR;;COM;930-20;A_C93021;MO REQUEST;No;ИСТИНА;ИСТИНА;;388;;;;;;;0;;;;2936;ЛОЖЬ;37009;None;;;;;;1=REQUEST;;;;;;;Undefined;491;3428;;;;;;Freeze;;;;ЛОЖЬ;;;;ЛОЖЬ;;;;;;;;;;;;;;Input;EPKS_CCB;ESD_932_1;105;;;;;;;;
DO;93FALL017;;COM;930-20;A_93020;FUEL GAS;No;ИСТИНА;ЛОЖЬ;;312;;;;;;;0;;;;1716;ИСТИНА;37730;None;;;;;;0=TRIP;;;;;;;Undefined;491;3428;;;;;;;;;;ЛОЖЬ;;;;;;;;;;;;;;;;;;Output;EPKS_CCB;ESD_932_1;535;;;;;;;;
M;360_1005_2;;;;;93PDAHH781_I;;ЛОЖЬ;ЛОЖЬ;;1005;;;;;;;0;;;;2151;ЛОЖЬ;0;;;;;;;0=TRIP INITIATOR;;;;;;;Undefined;;;;;;;;;;;;ЛОЖЬ;ИСТИНА;;;;;;;;;;;;;;;;;;;;;;;;;;;;
BO;93PI768_L;;COM;;;LO ALARM SETPOINT;No;ЛОЖЬ;ЛОЖЬ;;365;;Float;;;;;0;;;;80;;0;;None;None;None;None;;;;;;;;;-XXXXX.X;;;;;;;;;;;;ЛОЖЬ;ИСТИНА;;;;;;;;;;;;;;;;;Output;EPKS_CCB;ESD_932_1;10399;;;;;;;;
M;C732_2_C;;;;;Function block marker;;ЛОЖЬ;ЛОЖЬ;;732;;;;;;;0;;;;4052;ЛОЖЬ;0;;;;;;;;;;;;;;Undefined;;;;;;;;;;;;ЛОЖЬ;ИСТИНА;;;;;;;;;;;;;;;;;;;;;;;;;;;;
DI;93HS159;;COM;;;FUEL GAS Override;No;ИСТИНА;ИСТИНА;;314;;;;;;;0;;;;2859;ЛОЖЬ;37154;None;;;;;;1=REQUEST;;;;;;;Undefined;;;;;;;;Freeze;;;;ЛОЖЬ;ИСТИНА;;;ЛОЖЬ;;;;;;;;;;;;;;Input;EPKS_CCB;ESD_932_1;28;;;;;;;;
DO;93TAHH937_FU;;COM;930-20;A_C93021;C9302001CX MAIN BEAR DE;No;ИСТИНА;ЛОЖЬ;;1047;;;;;;;0;;;;2601;ЛОЖЬ;38323;None;;;;;;1=FIRST;;;;;;;Undefined;;;;;;;;;;;;ЛОЖЬ;ИСТИНА;;;;;;;;;;;;;;;;;Output;EPKS_CCB;ESD_932_1;1164;;;;;;;;
DI;93VSHH852_MOR;;COM;930-20;A_C93021;MO REQUEST;No;ЛОЖЬ;ИСТИНА;;728;;;;;;;0;;;;2857;ЛОЖЬ;0;None;;;;;;1=REQUEST;;;;;;;Undefined;;;;;;;;Freeze;;;;ЛОЖЬ;ИСТИНА;;;ЛОЖЬ;;;;;;;;;;;;;;Input;EPKS_CCB;ESD_932_1;166;;;;;;;;
DO;93VAHH802;;COM;930-20;A_C93021;C9302001BX VIB CRANKCASE;No;ИСТИНА;ЛОЖЬ;;564;;;;;;;0;;;;1061;ИСТИНА;37784;None;;;;;;0=TRIP;;;;;;;Undefined;491;3428;;;;;;;;;;ЛОЖЬ;;;;;;;;;;;;;;;;;;Output;EPKS_CCB;ESD_932_1;865;;;;;;;;
M;564_1031_4;;;;;93VAHH801_I;;ЛОЖЬ;ЛОЖЬ;;1031;;;;;;;0;;;;3678;ЛОЖЬ;0;;;;;;;0=TRIP INITIATOR;;;;;;;Undefined;;;;;;;;;;;;ЛОЖЬ;ИСТИНА;;;;;;;;;;;;;;;;;;;;;;;;;;;;
DO;93FALL422;;COM;930-20;A_C93021;H2O SYS OIL C9302001BX;No;ИСТИНА;ЛОЖЬ;;246;;;;;;;0;;;;292;ИСТИНА;37010;None;;;;;;0=TRIP;;;;;;;Undefined;491;3428;;;;;;;;;;ЛОЖЬ;;;;;;;;;;;;;;;;;;Output;EPKS_CCB;ESD_932_1;419;;;;;;;;
DO;93LALL429_CA;;COM;930-20;A_93020;CAUSE ALARM;No;ИСТИНА;ЛОЖЬ;;278;;;;;;;0;;;;457;ЛОЖЬ;37011;None;;;;;;0=ALARM;;;;;;;Undefined;491;3428;;;;;;;;;;ЛОЖЬ;;;;;;;;;;;;;;;;;;Output;EPKS_CCB;ESD_932_1;528;;;;;;;;
DO;93PALL814_FU;;COM;930-20;A_C93021;C9302001BX PRS GAS CYL1;No;ИСТИНА;ЛОЖЬ;;1023;;;;;;;0;;;;2338;ЛОЖЬ;38260;None;;;;;;1=FIRST;;;;;;;Undefined;;;;;;;;;;;;ЛОЖЬ;ИСТИНА;;;;;;;;;;;;;;;;;Output;EPKS_CCB;ESD_932_1;1101;;;;;;;;
M;550_813_3;;;;;93TAH810_PERM;;ЛОЖЬ;ЛОЖЬ;;813;;;;;;;0;;;;4043;ЛОЖЬ;0;;;;;;;0=ALARM;;;;;;;Undefined;;;;;;;;;;;;ЛОЖЬ;ИСТИНА;;;;;;;;;;;;;;;;;;;;;;;;;;;;
M;C312_1;;;;;Compiler marker (232, 72);;ЛОЖЬ;ЛОЖЬ;;312;;;;;;;0;;;;46;ЛОЖЬ;0;;;;;;;;;;;;;;Undefined;;;;;;;;;;;;ЛОЖЬ;ИСТИНА;;;;;;;;;;;;;;;;;;;;;;;;;;;;
M;372_9;;;;;;;ЛОЖЬ;ЛОЖЬ;;372;;;;;;;0;;;;3990;ЛОЖЬ;0;;;;;;;;;;;;;;Undefined;;;;;;;;;;;;ЛОЖЬ;ИСТИНА;;;;;;;;;;;;;;;;;;;;;;;;;;;;
M;434_438_1;;;;;CAPACITY 25%;;ЛОЖЬ;ЛОЖЬ;;438;;;;;;;0;;;;479;ЛОЖЬ;0;;;;;;;1=ACTIVE;;;;;;;Undefined;491;3428;;;;;;;;;;ЛОЖЬ;;;;;;;;;;;;;;;;;;;;;;;;;;;;;
DI;93TI861_MOR;;COM;930-20;A_C93021;MO REQUEST;No;ИСТИНА;ИСТИНА;;714;;;;;;;0;;;;2960;ЛОЖЬ;37012;None;;;;;;1=REQUEST;;;;;;;Undefined;491;3428;;;;;;Freeze;;;;ЛОЖЬ;;;;ЛОЖЬ;;;;;;;;;;;;;;Input;EPKS_CCB;ESD_932_1;129;;;;;;;;
M;C728_1_D;;;;;Function block marker;;ЛОЖЬ;ЛОЖЬ;;728;;;;;;;0;;;;987;ЛОЖЬ;0;;;;;;;;;;;;;;Undefined;491;3428;;;;;;;;;;ЛОЖЬ;;;;;;;;;;;;;;;;;;;;;;;;;;;;;
DO;93VAHH852_FU;;COM;930-20;A_C93021;C9302001CX VIB CRANKCASE;No;ИСТИНА;ЛОЖЬ;;1049;;;;;;;0;;;;2602;ЛОЖЬ;38324;None;;;;;;1=FIRST;;;;;;;Undefined;;;;;;;;;;;;ЛОЖЬ;ИСТИНА;;;;;;;;;;;;;;;;;Output;EPKS_CCB;ESD_932_1;1165;;;;;;;;
M;C358_4_F;;;;;Function block marker;;ЛОЖЬ;ЛОЖЬ;;358;;;;;;;0;;;;4644;ЛОЖЬ;0;;;;;;;;;;;;;;Undefined;;;;;;;;;;;;ЛОЖЬ;ИСТИНА;;;;;;;;;;;;;;;;;;;;;;;;;;;;
DI;93ZSLL754;;FLD;930-20;A_C93021;C9302001AX FLYWHEL COVER;Yes;ИСТИНА;ЛОЖЬ;;396;;;;;;;;;;;33;ИСТИНА;37013;None;;;;;;0=TRIP;;;;;;;Undefined;491;3428;;20.03;5;10;1;Low;;;;ЛОЖЬ;;;;ЛОЖЬ;;;;;;;;;;;;;;Output;EPKS_CCB;ESD_932_1;964;;;;;;;;
M;C384_5_E;;;;;Function block marker;;ЛОЖЬ;ЛОЖЬ;;384;;;;;;;0;;;;4565;ЛОЖЬ;0;;;;;;;;;;;;;;Undefined;;;;;;;;;;;;ЛОЖЬ;ИСТИНА;;;;;;;;;;;;;;;;;;;;;;;;;;;;
DO;93TAHH936;;COM;930-20;A_C93021;C9302001CX MAIN BEAR NDE;No;ИСТИНА;ЛОЖЬ;;724;;;;;;;0;;;;1377;ИСТИНА;37014;None;;;;;;0=TRIP;;;;;;;Undefined;491;3428;;;;;;;;;;ЛОЖЬ;;;;;;;;;;;;;;;;;;Output;EPKS_CCB;ESD_932_1;773;;;;;;;;
M;125_2347_2;;;;;MOS C-9302001CX RELEASED;;ЛОЖЬ;ЛОЖЬ;;2347;;;;;;;0;;;;1578;ЛОЖЬ;0;;;;;;;1=RELEASED;;;;;;;Undefined;491;3428;;;;;;;;;;ЛОЖЬ;;;;;;;;;;;;;;;;;;;;;;;;;;;;;
DO;93FALL011A_CA;;COM;930-20;A_93020;CAUSE ALARM;No;ИСТИНА;ЛОЖЬ;;312;;;;;;;0;;;;3249;ЛОЖЬ;37131;None;;;;;;0=ALARM;;;;;;;Undefined;;;;;;;;;;;;ЛОЖЬ;ИСТИНА;;;;;;;;;;;;;;;;;Output;EPKS_CCB;ESD_932_1;1188;;;;;;;;
DI;93PI876_MOR;;COM;930-20;A_C93021;MO REQUEST;No;ИСТИНА;ИСТИНА;;702;;;;;;;0;;;;2918;ЛОЖЬ;37015;None;;;;;;1=REQUEST;;;;;;;Undefined;491;3428;;;;;;Freeze;;;;ЛОЖЬ;;;;ЛОЖЬ;;;;;;;;;;;;;;Input;EPKS_CCB;ESD_932_1;87;;;;;;;;
M;290_154_1;;;;;93LT438;;ЛОЖЬ;ЛОЖЬ;;154;;;;;;;0;;;;683;ЛОЖЬ;0;;;;;;;1=MO CONFIRMED;;;;;;;Undefined;491;3428;;;;;;;;;;ЛОЖЬ;;;;;;;;;;;;;;;;;;;;;;;;;;;;;
DO;93XY519;;MCC;930-20;A_93020;EM.STOP AM-93020011CX;Yes;ИСТИНА;ЛОЖЬ;;300;;;;;;;0;;;;154;ИСТИНА;37016;None;;;;;;0=TRIP;;;;;;;Undefined;491;3428;;20.06;9;3;1;Appl;;;;ЛОЖЬ;;;;;;;;;;;;;;;;;;Output;EPKS_CCB;ESD_932_1;1046;;;;;;;;
R;2457_G;;;;;x Input;;ЛОЖЬ;ЛОЖЬ;;2457;;Float;;;;;0;;;;100;ЛОЖЬ;0;;;;;;;;;;;;;;Undefined;491;3428;;;;;;;;;;ЛОЖЬ;;;;;;;;;;;;;;;;;;;;;;;;;;;;;
DO;93PAHH771A_P;;COM;930-20;A_C93021;INDICATION LIGHT;No;ИСТИНА;ЛОЖЬ;;366;;;;;;;0;;;;933;ЛОЖЬ;38074;None;;;;;;1=ACTIVE;;;;;;;Undefined;491;3428;;;;;;;;;;ЛОЖЬ;;;;;;;;;;;;;;;;;;;;;;;;;;Output;CC_CCB_1;ESD_932_1;39
DO;93TAHH817_FU;;COM;930-20;A_C93021;C9302001BX TMP GAS CYL2;No;ИСТИНА;ЛОЖЬ;;1029;;;;;;;0;;;;2351;ЛОЖЬ;38273;None;;;;;;1=FIRST;;;;;;;Undefined;;;;;;;;;;;;ЛОЖЬ;ИСТИНА;;;;;;;;;;;;;;;;;Output;EPKS_CCB;ESD_932_1;1114;;;;;;;;
DO;93FI902_TF;;COM;;;TRANSM FAULT;No;ЛОЖЬ;ЛОЖЬ;;400;;;;;;;0;;;;1133;ИСТИНА;38607;None;;;;;;0=ALARM;0=ALARM;;;;;;Undefined;;;;;;;;;;;;ЛОЖЬ;ИСТИНА;;;;;;;;;;;;;;;;;Output;EPKS_CCB;ESD_932_1;1363;;;;;;;;
M;C2410_1;;;;;Compiler marker (208, 85);;ЛОЖЬ;ЛОЖЬ;;2410;;;;;;;0;;;;341;ЛОЖЬ;0;;;;;;;;;;;;;;Undefined;491;3428;;;;;;;;;;ЛОЖЬ;;;;;;;;;;;;;;;;;;;;;;;;;;;;;
M;538_7;;;;;;;ЛОЖЬ;ЛОЖЬ;;538;;;;;;;0;;;;4086;ЛОЖЬ;0;;;;;;;;;;;;;;Undefined;;;;;;;;;;;;ЛОЖЬ;ИСТИНА;;;;;;;;;;;;;;;;;;;;;;;;;;;;
M;1007_11;;;;;;;ЛОЖЬ;ЛОЖЬ;;1007;;;;;;;0;;;;2059;ЛОЖЬ;0;;;;;;;;;;;;;;Undefined;;;;;;;;;;;;ЛОЖЬ;ИСТИНА;;;;;;;;;;;;;;;;;;;;;;;;;;;;
DO;93LALL434_CA;;COM;930-20;A_93020;CAUSE ALARM;No;ИСТИНА;ЛОЖЬ;;284;;;;;;;0;;;;462;ЛОЖЬ;37017;None;;;;;;0=ALARM;;;;;;;Undefined;491;3428;;;;;;;;;;ЛОЖЬ;;;;;;;;;;;;;;;;;;Output;EPKS_CCB;ESD_932_1;531;;;;;;;;
M;354_9;;;;;;;ЛОЖЬ;ЛОЖЬ;;354;;;;;;;0;;;;4015;ЛОЖЬ;0;;;;;;;;;;;;;;Undefined;;;;;;;;;;;;ЛОЖЬ;ИСТИНА;;;;;;;;;;;;;;;;;;;;;;;;;;;;
M;C268_6_F;;;;;Function block marker;;ЛОЖЬ;ЛОЖЬ;;268;;;;;;;0;;;;3855;ЛОЖЬ;0;;;;;;;;;;;;;;Undefined;;;;;;;;;;;;ЛОЖЬ;ИСТИНА;;;;;;;;;;;;;;;;;;;;;;;;;;;;
M;C288_8_C;;;;;Function block marker;;ЛОЖЬ;ЛОЖЬ;;288;;;;;;;0;;;;3827;ЛОЖЬ;0;;;;;;;;;;;;;;Undefined;;;;;;;;;;;;ЛОЖЬ;ИСТИНА;;;;;;;;;;;;;;;;;;;;;;;;;;;;
T;288_7;;;;;;;ЛОЖЬ;ЛОЖЬ;;288;;;;;;;;100 ms;5;;1208;ЛОЖЬ;0;;;;;;;;;;;;;;Undefined;;;Delayed OFF with constant timer value;;;;;;;;;ЛОЖЬ;ИСТИНА;;;;;;;;;;;;;;;;;;;;;;;;;;;;
M;792_796_4;;;;;CAPACITY 100%;;ЛОЖЬ;ЛОЖЬ;;796;;;;;;;0;;;;665;ЛОЖЬ;0;;;;;;;1=ACTIVE;;;;;;;Undefined;491;3428;;;;;;;;;;ЛОЖЬ;;;;;;;;;;;;;;;;;;;;;;;;;;;;;
M;697_778_2;;;;;93PALL864_I;;ЛОЖЬ;ЛОЖЬ;;778;;;;;;;0;;;;4147;ЛОЖЬ;0;;;;;;;0=TRIP INITIATOR;;;;;;;Undefined;;;;;;;;;;;;ЛОЖЬ;ИСТИНА;;;;;;;;;;;;;;;;;;;;;;;;;;;;
M;C686_4_A;;;;;Compiler marker;;ЛОЖЬ;ЛОЖЬ;;686;;;;;;;0;;;;4367;ЛОЖЬ;0;;;;;;;;;;;;;;Undefined;;;;;;;;;;;;ЛОЖЬ;ИСТИНА;;;;;;;;;;;;;;;;;;;;;;;;;;;;
AI;93PI460;;FLD;930-20;A_93020;P. AIR TO CONTROL;Yes;ИСТИНА;ЛОЖЬ;;236;ИСТИНА;Float;4-20mA;0;1.6;Mpa;;;;;112;ЛОЖЬ;38443;;None;None;None;None;;;;;;;;;-XXXXX.X;3.64;22;;20.03;15;12;1;Bottom scale;;;;ЛОЖЬ;ИСТИНА;ЛОЖЬ;;;;;;;;;;;;;;;;Output;EPKS_CCB;ESD_932_1;10319;;;;;;;;
M;544_1027_3;;;;;93TAHH804_I (AFTER OOS);;ЛОЖЬ;ЛОЖЬ;;1027;;;;;;;0;;;;2306;ЛОЖЬ;0;;;;;;;0=TRIP;;;;;;;Undefined;;;;;;;;;;;;ЛОЖЬ;ИСТИНА;;;;;;;;;;;;;;;;;;;;;;;;;;;;
DO;93PDAH882;;COM;;;HI ALARM;No;ЛОЖЬ;ЛОЖЬ;;694;;;;;;;0;;;;3478;ЛОЖЬ;0;None;;;;;;0=ALARM;0=ALARM;;;;;;Undefined;;;;;;;;;;;;ЛОЖЬ;ИСТИНА;;;;;;;;;;;;;;;;;Output;EPKS_CCB;ESD_932_1;1421;;;;;;;;
AI;93PI776;;FLD;930-20;A_C93021;C-9302001AX PRESS CRANK;Yes;ИСТИНА;ЛОЖЬ;;368;ИСТИНА;Float;4-20mA;0;1;MPa-g;;;;;368;ЛОЖЬ;37947;;None;None;None;None;;;;-0.25;-0.25;;;;-XXXXX.X;3.64;22;;20.04;7;8;1;Bottom scale;;;;ЛОЖЬ;;ЛОЖЬ;;;;;;;;;;;;;;;;Output;EPKS_CCB;ESD_932_1;10116;;;;;;;;
M;404_811_5;;;;;93TAH930_PERM;;ЛОЖЬ;ЛОЖЬ;;811;;;;;;;0;;;;4038;ЛОЖЬ;0;;;;;;;0=ALARM;;;;;;;Undefined;;;;;;;;;;;;ЛОЖЬ;ИСТИНА;;;;;;;;;;;;;;;;;;;;;;;;;;;;
M;C558_5_E;;;;;Function block marker;;ЛОЖЬ;ЛОЖЬ;;558;;;;;;;0;;;;4391;ЛОЖЬ;0;;;;;;;;;;;;;;Undefined;;;;;;;;;;;;ЛОЖЬ;ИСТИНА;;;;;;;;;;;;;;;;;;;;;;;;;;;;
DO;93FI804_TF;;COM;930-20;A_C93021;TRANSM. FAIL;No;ИСТИНА;ЛОЖЬ;;520;;;;;;;0;;;;948;ИСТИНА;37019;None;;;;;;0=FAIL;;;;;;;Undefined;491;3428;;;;;;;;;;ЛОЖЬ;;;;;;;;;;;;;;;;;;Output;EPKS_CCB;ESD_932_1;460;;;;;;;;
AI;93PI475;;FLD;930-20;A_93020;TORCH GAS TO B-9302002B;Yes;ИСТИНА;ЛОЖЬ;;240;ИСТИНА;Float;4-20mA;0;60;kPA-g;;;;;228;ЛОЖЬ;37768;;None;None;None;None;;;;-15;-15;;;;-XXXXX.X;3.64;22;;20.04;3;7;1;Top scale;;;;ЛОЖЬ;;ЛОЖЬ;;;;;;;;;;;;;;;;Output;EPKS_CCB;ESD_932_1;10111;;;;;;;;
M;C280_1_G;;;;;Function block marker;;ЛОЖЬ;ЛОЖЬ;;280;;;;;;;0;;;;3839;ЛОЖЬ;0;;;;;;;;;;;;;;Undefined;;;;;;;;;;;;ЛОЖЬ;ИСТИНА;;;;;;;;;;;;;;;;;;;;;;;;;;;;
DO;93XY451;;MCC;930-20;A_93020;AUTO OPENING 93XV451;Yes;ИСТИНА;ЛОЖЬ;;238;;;;;;;0;;;;89;ЛОЖЬ;37021;None;;;;;;1=OPEN;;;;;;;Undefined;491;3428;;20.06;1;2;1;Appl;;;;ЛОЖЬ;;;;;;;;;;;;;;;;;;;;;;;;;;;;;
DI;93TI809_MOR;;COM;930-20;A_C93021;MO REQUEST;No;ИСТИНА;ИСТИНА;;548;;;;;;;0;;;;2942;ЛОЖЬ;37022;None;;;;;;1=REQUEST;;;;;;;Undefined;491;3428;;;;;;Freeze;;;;ЛОЖЬ;;;;ЛОЖЬ;;;;;;;;;;;;;;Input;EPKS_CCB;ESD_932_1;111;;;;;;;;
M;C232_5_B;;;;;Function block marker;;ЛОЖЬ;ЛОЖЬ;;232;;;;;;;0;;;;3964;ЛОЖЬ;0;;;;;;;;;;;;;;Undefined;;;;;;;;;;;;ЛОЖЬ;ИСТИНА;;;;;;;;;;;;;;;;;;;;;;;;;;;;
M;C242_1_B;;;;;Function block marker;;ЛОЖЬ;ЛОЖЬ;;242;;;;;;;0;;;;2778;ЛОЖЬ;0;;;;;;;;;;;;;;Undefined;491;3428;;;;;;;;;;ЛОЖЬ;;;;;;;;;;;;;;;;;;;;;;;;;;;;;
DO;93TAH828;;COM;;;HI ALARM;No;ЛОЖЬ;ЛОЖЬ;;560;;;;;;;0;;;;3474;ЛОЖЬ;0;None;;;;;;0=ALARM;0=ALARM;;;;;;Undefined;;;;;;;;;;;;ЛОЖЬ;ИСТИНА;;;;;;;;;;;;;;;;;Output;EPKS_CCB;ESD_932_1;1417;;;;;;;;
DI;20-CP2_Running;;SYS;;;CP 2 running;Yes;ЛОЖЬ;;;16;;;;;;;;;;;32;ЛОЖЬ;0;None;;;;;;;;;;;;;Undefined;491;3428;;;;;;;;;;ЛОЖЬ;;;;ЛОЖЬ;;;;;;;;;;;;;;;;;;;;;;;;;
DO;93PDAHH780A_P;;COM;930-20;A_C93021;INDICATION LIGHT;No;ИСТИНА;ЛОЖЬ;;358;;;;;;;0;;;;764;ЛОЖЬ;38081;None;;;;;;1=ACTIVE;;;;;;;Undefined;491;3428;;;;;;;;;;ЛОЖЬ;;;;;;;;;;;;;;;;;;;;;;;;;;Output;CC_CCB_1;ESD_932_1;40
AI;93FI420;;FLD;930-20;A_C93021;H2O TO OIL C-9302001AX;Yes;ИСТИНА;ЛОЖЬ;;244;ИСТИНА;Float;4-20mA;0;10000;kg/h;;;;;136;ЛОЖЬ;37748;;None;None;None;None;;;;-2500;-2500;;;;-XXXXX.X;3.64;22;;20.04;1;1;1;Bottom scale;;;;ЛОЖЬ;;ЛОЖЬ;;;;;;;;;;;;;;;;Output;EPKS_CCB;ESD_932_1;10070;;;;;;;;
M;398_1017_2;;;;;C-9302001AX EM.STOP;;ЛОЖЬ;ЛОЖЬ;;1017;;;;;;;0;;;;2183;ЛОЖЬ;0;;;;;;;0=TRIP;;;;;;;Undefined;;;;;;;;;;;;ЛОЖЬ;ИСТИНА;;;;;;;;;;;;;;;;;;;;;;;;;;;;
DO;93FI022A_TF;;COM;;;TRANSM FAULT;No;ЛОЖЬ;ЛОЖЬ;;316;;;;;;;0;;;;1595;ИСТИНА;38606;None;;;;;;0=ALARM;0=ALARM;;;;;;Undefined;;;;;;;;;;;;ЛОЖЬ;ИСТИНА;;;;;;;;;;;;;;;;;Output;EPKS_CCB;ESD_932_1;1372;;;;;;;;
M;2347_3;;;;;;;ЛОЖЬ;ЛОЖЬ;;2347;;;;;;;0;;;;1571;ЛОЖЬ;0;;;;;;;;;;;;;;Undefined;491;3428;;;;;;;;;;ЛОЖЬ;;;;;;;;;;;;;;;;;;;;;;;;;;;;;
DO;93PDAHH881_FU;;COM;930-20;A_C93021;C9302001CX DPRS GAS CYL2;No;ИСТИНА;ЛОЖЬ;;1041;;;;;;;0;;;;2582;ЛОЖЬ;38304;None;;;;;;1=FIRST;;;;;;;Undefined;;;;;;;;;;;;ЛОЖЬ;ИСТИНА;;;;;;;;;;;;;;;;;Output;EPKS_CCB;ESD_932_1;1145;;;;;;;;
DO;01_20_SNESD_FLT_C;;COM;;;ESD001_1-ESD932_1;No;ИСТИНА;ЛОЖЬ;;121;;;;;;;0;;;;793;ИСТИНА;37039;None;;;;;;1=FAULT;;;;;;;Undefined;491;3428;;;;;;;;;;ЛОЖЬ;;;;;;;;;;;;;;;;;;Output;EPKS_CCB;ESD_932_1;927;;;;;;;;
M;566_168_3;;;;;93ZLL804;;ЛОЖЬ;ЛОЖЬ;;168;;;;;;;0;;;;1188;ЛОЖЬ;0;;;;;;;1=MO CONFIRMED;;;;;;;Undefined;491;3428;;;;;;;;;;ЛОЖЬ;;;;;;;;;;;;;;;;;;;;;;;;;;;;;
M;290_2;;;;;;;ЛОЖЬ;ЛОЖЬ;;290;;;;;;;0;;;;486;ЛОЖЬ;0;;;;;;;;;;;;;;Undefined;491;3428;;;;;;;;;;ЛОЖЬ;;;;;;;;;;;;;;;;;;;;;;;;;;;;;
T;254_6;;;;;;;ЛОЖЬ;ЛОЖЬ;;254;;;;;;;;100 ms;5;;1116;ЛОЖЬ;0;;;;;;;;;;;;;;Undefined;;;Delayed OFF with constant timer value;;;;;;;;;ЛОЖЬ;ИСТИНА;;;;;;;;;;;;;;;;;;;;;;;;;;;;
DO;93TI807_MOC;;COM;930-20;A_C93021;MO CONFIRMED;No;ИСТИНА;ЛОЖЬ;;546;;;;;;;0;;;;1089;ИСТИНА;37024;None;;;;;;1=CONFIRMED;;;;;;;Undefined;491;3428;;;;;;;;;;ЛОЖЬ;;;;;;;;;;;;;;;;;;Output;EPKS_CCB;ESD_932_1;811;;;;;;;;
M;C540_5_E;;;;;Function block marker;;ЛОЖЬ;ЛОЖЬ;;540;;;;;;;0;;;;4446;ЛОЖЬ;0;;;;;;;;;;;;;;Undefined;;;;;;;;;;;;ЛОЖЬ;ИСТИНА;;;;;;;;;;;;;;;;;;;;;;;;;;;;
M;644_650_1;;;;;93XY817A;;ЛОЖЬ;ЛОЖЬ;;650;;;;;;;0;;;;575;ЛОЖЬ;0;;;;;;;1=ACTIVE;;;;;;;Undefined;491;3428;;;;;;;;;;ЛОЖЬ;;;;;;;;;;;;;;;;;;;;;;;;;;;;;
DO;93PI864_MOC;;COM;930-20;A_C93021;MO CONFIRMED;No;ИСТИНА;ЛОЖЬ;;696;;;;;;;0;;;;1544;ИСТИНА;37025;None;;;;;;1=CONFIRMED;;;;;;;Undefined;491;3428;;;;;;;;;;ЛОЖЬ;;;;;;;;;;;;;;;;;;Output;EPKS_CCB;ESD_932_1;691;;;;;;;;
M;C1051_1_H;;;;;Function block marker;;ЛОЖЬ;ЛОЖЬ;;1051;;;;;;;0;;;;2617;ЛОЖЬ;0;;;;;;;;;;;;;;Undefined;;;;;;;;;;;;ЛОЖЬ;ИСТИНА;;;;;;;;;;;;;;;;;;;;;;;;;;;;
M;1031_8;;;;;;;ЛОЖЬ;ЛОЖЬ;;1031;;;;;;;0;;;;3680;ЛОЖЬ;0;;;;;;;;;;;;;;Undefined;;;;;;;;;;;;ЛОЖЬ;ИСТИНА;;;;;;;;;;;;;;;;;;;;;;;;;;;;
M;C722_5_F;;;;;Function block marker;;ЛОЖЬ;ЛОЖЬ;;722;;;;;;;0;;;;4240;ЛОЖЬ;0;;;;;;;;;;;;;;Undefined;;;;;;;;;;;;ЛОЖЬ;ИСТИНА;;;;;;;;;;;;;;;;;;;;;;;;;;;;
DO;93TI929_TF;;COM;930-20;A_C93021;TRANSM. FAIL;No;ИСТИНА;ЛОЖЬ;;404;;;;;;;0;;;;898;ИСТИНА;37026;None;;;;;;0=FAIL;;;;;;;Undefined;491;3428;;;;;;;;;;ЛОЖЬ;;;;;;;;;;;;;;;;;;Output;EPKS_CCB;ESD_932_1;852;;;;;;;;
DO;93LI802A_TF;;COM;;;TRANSM FAULT;No;ЛОЖЬ;ЛОЖЬ;;524;;;;;;;0;;;;1821;ИСТИНА;38605;None;;;;;;0=ALARM;0=ALARM;;;;;;Undefined;;;;;;;;;;;;ЛОЖЬ;ИСТИНА;;;;;;;;;;;;;;;;;Output;EPKS_CCB;ESD_932_1;1382;;;;;;;;
M;2470_C;;;;;Signal 2;;ЛОЖЬ;ЛОЖЬ;;2470;;;;;;;0;;;;146;ЛОЖЬ;0;;;;;;;;;;;;;;Undefined;491;3428;;;;;;;;;;ЛОЖЬ;;;;;;;;;;;;;;;;;;;;;;;;;;;;;
DI;20-OutputLoopFault;;SYS;;;Output loop fault;Yes;ЛОЖЬ;;;17;;;;;;;;;;;25;ЛОЖЬ;0;None;;;;;;;;;;;;;Undefined;491;3428;;;;;;;;;;ЛОЖЬ;;;;ЛОЖЬ;;;;;;;;;;;;;;;;;;;;;;;;;
M;2460_5;;;930-20;;;;ЛОЖЬ;ЛОЖЬ;;2460;;;;;;;0;;;;184;ЛОЖЬ;0;;;;;;;;;;;;;;Undefined;491;3428;;;;;;;;;;ЛОЖЬ;;;;;;;;;;;;;;;;;;;;;;;;;;;;;
DO;93FI029_TF;;COM;930-20;A_93020;TRANSM. FAIL;No;ИСТИНА;ЛОЖЬ;;320;;;;;;;0;;;;1745;ИСТИНА;37765;None;;;;;;0=FAIL;;;;;;;Undefined;491;3428;;;;;;;;;;ЛОЖЬ;;;;;;;;;;;;;;;;;;Output;EPKS_CCB;ESD_932_1;886;;;;;;;;
M;C430_1_A;;;;;Compiler marker;;ЛОЖЬ;ЛОЖЬ;;430;;;;;;;0;;;;1870;ЛОЖЬ;0;;;;;;;;;;;;;;Undefined;491;3428;;;;;;;;;;ЛОЖЬ;;;;;;;;;;;;;;;;;;;;;;;;;;;;;
DO;93TAHH886_FU;;COM;930-20;A_C93021;C9302001BX MAIN BEAR NDE;No;ИСТИНА;ЛОЖЬ;;1029;;;;;;;0;;;;2354;ЛОЖЬ;38276;None;;;;;;1=FIRST;;;;;;;Undefined;;;;;;;;;;;;ЛОЖЬ;ИСТИНА;;;;;;;;;;;;;;;;;Output;EPKS_CCB;ESD_932_1;1117;;;;;;;;
T;320_5;;;;;;;ЛОЖЬ;ЛОЖЬ;;320;;;;;;;;100 ms;5;;1260;ЛОЖЬ;0;;;;;;;;;;;;;;Undefined;;;Delayed OFF with constant timer value;;;;;;;;;ЛОЖЬ;ИСТИНА;;;;;;;;;;;;;;;;;;;;;;;;;;;;
M;564_632_4;;;;;93VAHH801_I;;ЛОЖЬ;ЛОЖЬ;;632;;;;;;;0;;;;3676;ЛОЖЬ;0;;;;;;;0=TRIP INITIATOR;;;;;;;Undefined;;;;;;;;;;;;ЛОЖЬ;ИСТИНА;;;;;;;;;;;;;;;;;;;;;;;;;;;;
M;C368_4_F;;;;;Function block marker;;ЛОЖЬ;ЛОЖЬ;;368;;;;;;;0;;;;3546;ЛОЖЬ;0;;;;;;;;;;;;;;Undefined;;;;;;;;;;;;ЛОЖЬ;ИСТИНА;;;;;;;;;;;;;;;;;;;;;;;;;;;;
M;1015_12;;;;;;;ЛОЖЬ;ЛОЖЬ;;1015;;;;;;;0;;;;2138;ЛОЖЬ;0;;;;;;;;;;;;;;Undefined;;;;;;;;;;;;ЛОЖЬ;ИСТИНА;;;;;;;;;;;;;;;;;;;;;;;;;;;;
BO;93PI768_H;;COM;;;HI ALARM SETPOINT;No;ЛОЖЬ;ЛОЖЬ;;364;;Float;;;;;0;;;;76;;0;;None;None;None;None;;;;;;;;;-XXXXX.X;;;;;;;;;;;;ЛОЖЬ;ИСТИНА;;;;;;;;;;;;;;;;;Output;EPKS_CCB;ESD_932_1;10398;;;;;;;;
DI;93LY804_P;;COM;930-20;A_C93021;DRAIN 2ND STAGE;No;ИСТИНА;ИСТИНА;;650;;;;;;;0;;;;1635;ИСТИНА;37811;None;;;;;;0=CLOSE;;;;;;;Undefined;491;3428;;;;;;Low;;;;ЛОЖЬ;;;;ЛОЖЬ;;;;;;;;;;Input;CC_CCB_2;ESD_932_1;4;Output;EPKS_CCB;ESD_932_1;2029;;;;;;;;
DO;93LI436_MOC;;COM;930-20;A_93020;MO CONFIRMED;No;ИСТИНА;ЛОЖЬ;;288;;;;;;;0;;;;478;ИСТИНА;37027;None;;;;;;1=CONFIRMED;;;;;;;Undefined;491;3428;;;;;;;;;;ЛОЖЬ;;;;;;;;;;;;;;;;;;Output;EPKS_CCB;ESD_932_1;561;;;;;;;;
DI;93TI867_MOR;;COM;930-20;A_C93021;MO REQUEST;No;ИСТИНА;ИСТИНА;;718;;;;;;;0;;;;2963;ЛОЖЬ;37028;None;;;;;;1=REQUEST;;;;;;;Undefined;491;3428;;;;;;Freeze;;;;ЛОЖЬ;;;;ЛОЖЬ;;;;;;;;;;;;;;Input;EPKS_CCB;ESD_932_1;132;;;;;;;;
DO;93LALL411;;COM;930-20;A_93020;DRAINAGE TO V-9302005;No;ИСТИНА;ЛОЖЬ;;256;;;;;;;0;;;;342;ИСТИНА;37029;None;;;;;;0=TRIP;;;;;;;Undefined;491;3428;;;;;;;;;;ЛОЖЬ;;;;;;;;;;;;;;;;;;Output;EPKS_CCB;ESD_932_1;500;;;;;;;;
M;C352_3_B;;;;;Function block marker;;ЛОЖЬ;ЛОЖЬ;;352;;;;;;;0;;;;4660;ЛОЖЬ;0;;;;;;;;;;;;;;Undefined;;;;;;;;;;;;ЛОЖЬ;ИСТИНА;;;;;;;;;;;;;;;;;;;;;;;;;;;;
M;C706_4_B;;;;;Function block marker;;ЛОЖЬ;ЛОЖЬ;;706;;;;;;;0;;;;4286;ЛОЖЬ;0;;;;;;;;;;;;;;Undefined;;;;;;;;;;;;ЛОЖЬ;ИСТИНА;;;;;;;;;;;;;;;;;;;;;;;;;;;;
M;246_7;;;;;;;ЛОЖЬ;ЛОЖЬ;;246;;;;;;;0;;;;3775;ЛОЖЬ;0;;;;;;;;;;;;;;Undefined;;;;;;;;;;;;ЛОЖЬ;ИСТИНА;;;;;;;;;;;;;;;;;;;;;;;;;;;;
M;384_811_2;;;;;93TAH766_PERM;;ЛОЖЬ;ЛОЖЬ;;811;;;;;;;0;;;;4000;ЛОЖЬ;0;;;;;;;0=ALARM;;;;;;;Undefined;;;;;;;;;;;;ЛОЖЬ;ИСТИНА;;;;;;;;;;;;;;;;;;;;;;;;;;;;
M;416_5;;;;;;;ЛОЖЬ;ЛОЖЬ;;416;;;;;;;0;;;;1856;ЛОЖЬ;0;;;;;;;;;;;;;;Undefined;491;3428;;;;;;;;;;ЛОЖЬ;;;;;;;;;;;;;;;;;;;;;;;;;;;;;
M;256_8;;;;;;;ЛОЖЬ;ЛОЖЬ;;256;;;;;;;0;;;;3794;ЛОЖЬ;0;;;;;;;;;;;;;;Undefined;;;;;;;;;;;;ЛОЖЬ;ИСТИНА;;;;;;;;;;;;;;;;;;;;;;;;;;;;
BO;93PI818_L;;COM;;;LO ALARM SETPOINT;No;ЛОЖЬ;ЛОЖЬ;;535;;Float;;;;;0;;;;284;;0;;None;None;None;None;;;;;;;;;-XXXXX.X;;;;;;;;;;;;ЛОЖЬ;ИСТИНА;;;;;;;;;;;;;;;;;Output;EPKS_CCB;ESD_932_1;10416;;;;;;;;
DI;93PDI780_MOR;;COM;930-20;A_C93021;MO REQUEST;No;ИСТИНА;ИСТИНА;;358;;;;;;;0;;;;2895;ЛОЖЬ;37030;None;;;;;;1=REQUEST;;;;;;;Undefined;491;3428;;;;;;Freeze;;;;ЛОЖЬ;;;;ЛОЖЬ;;;;;;;;;;;;;;Input;EPKS_CCB;ESD_932_1;64;;;;;;;;
DI;20-ExtComFaultCC3;;SYS;;;Ext com fault Com ch 3;Yes;ЛОЖЬ;;;16;;;;;;;;;;;8;ЛОЖЬ;0;None;;;;;;;;;;;;;Undefined;491;3428;;;;;;;;;;ЛОЖЬ;;;;ЛОЖЬ;;;;;;;;;;;;;;;;;;;;;;;;;
M;714_780_2;;;;;93TAHH861_I;;ЛОЖЬ;ЛОЖЬ;;780;;;;;;;0;;;;1494;ЛОЖЬ;0;;;;;;;0=TRIP INITIATOR;;;;;;;Undefined;491;3428;;;;;;;;;;ЛОЖЬ;;;;;;;;;;;;;;;;;;;;;;;;;;;;;
M;C320_5_G;;;;;Function block marker;;ЛОЖЬ;ЛОЖЬ;;320;;;;;;;0;;;;4667;ЛОЖЬ;0;;;;;;;;;;;;;;Undefined;;;;;;;;;;;;ЛОЖЬ;ИСТИНА;;;;;;;;;;;;;;;;;;;;;;;;;;;;
M;290_1;;;930-20;;;;ЛОЖЬ;ЛОЖЬ;;290;;;;;;;0;;;;483;ЛОЖЬ;0;;;;;;;;;;;;;;Undefined;491;3428;;;;;;;;;;ЛОЖЬ;;;;;;;;;;;;;;;;;;;;;;;;;;;;;
DO;93FALL025_CA;;COM;930-20;A_93020;CAUSE ALARM;No;ИСТИНА;ЛОЖЬ;;318;;;;;;;0;;;;1736;ЛОЖЬ;37767;None;;;;;;0=ALARM;;;;;;;Undefined;491;3428;;;;;;;;;;ЛОЖЬ;;;;;;;;;;;;;;;;;;Output;EPKS_CCB;ESD_932_1;879;;;;;;;;
M;1031_3;;;;;;;ЛОЖЬ;ЛОЖЬ;;1031;;;;;;;0;;;;2259;ЛОЖЬ;0;;;;;;;;;;;;;;Undefined;;;;;;;;;;;;ЛОЖЬ;ИСТИНА;;;;;;;;;;;;;;;;;;;;;;;;;;;;
M;246_1033_2;;;;;93FALL422_I;;ЛОЖЬ;ЛОЖЬ;;1033;;;;;;;0;;;;2323;ЛОЖЬ;0;;;;;;;0=TRIP INITIATOR;;;;;;;Undefined;;;;;;;;;;;;ЛОЖЬ;ИСТИНА;;;;;;;;;;;;;;;;;;;;;;;;;;;;
DO;93TAHH929_FU_B;;COM;930-20;A_C93021;C9302001 COOL H2O SUP;No;ИСТИНА;ЛОЖЬ;;1031;;;;;;;0;;;;2360;ЛОЖЬ;38282;None;;;;;;1=FIRST;;;;;;;Undefined;;;;;;;;;;;;ЛОЖЬ;ИСТИНА;;;;;;;;;;;;;;;;;Output;EPKS_CCB;ESD_932_1;1123;;;;;;;;
DO;93LALL426_CA;;COM;930-20;A_93020;CAUSE ALARM;No;ЛОЖЬ;ЛОЖЬ;;274;;;;;;;0;;;;3350;ЛОЖЬ;0;None;;;;;;0=ALARM;0=ALARM;;;;;;Undefined;;;;;;;;;;;;ЛОЖЬ;ИСТИНА;;;;;;;;;;;;;;;;;Output;EPKS_CCB;ESD_932_1;1245;;;;;;;;
DO;20-FaultReset;;SYS;;;Fault Reset;No;ЛОЖЬ;;;17;;;;;;;;;;;36;ЛОЖЬ;0;None;;;;;;;;;;;;;Undefined;491;3428;;;;;;;;;;ЛОЖЬ;;;;;;;;;;;;;;;;;;;;;;;;;;;;;
DO;93LAHH753;;COM;930-20;A_C93021;C9302001AX LEV SEP 2ND;No;ИСТИНА;ЛОЖЬ;;356;;;;;;;0;;;;612;ИСТИНА;37032;None;;;;;;0=TRIP;;;;;;;Undefined;491;3428;;;;;;;;;;ЛОЖЬ;;;;;;;;;;;;;;;;;;Output;EPKS_CCB;ESD_932_1;490;;;;;;;;
BO;93TI984_HH;;COM;930-20;A_93020;HH TRIP SETPOINT (°C);No;ИСТИНА;ЛОЖЬ;;294;;Float;;;;;0;;;;388;;38160;;;;;;;;;0;0;;;;-XXXXX.X;491;3428;;;;;;;;;;ЛОЖЬ;;;;;;;;;;;;;;;;;;Output;EPKS_CCB;ESD_932_1;10285;;;;;;;;
M;706_1043_2;;;;;93TAHH853_I;;ЛОЖЬ;ЛОЖЬ;;1043;;;;;;;0;;;;2545;ЛОЖЬ;0;;;;;;;0=TRIP INITIATOR;;;;;;;Undefined;;;;;;;;;;;;ЛОЖЬ;ИСТИНА;;;;;;;;;;;;;;;;;;;;;;;;;;;;
DO;93PALL865_CA;;COM;;;CAUSE ALARM;No;ЛОЖЬ;ЛОЖЬ;;697;;;;;;;0;;;;3362;ЛОЖЬ;0;None;;;;;;0=ALARM;0=ALARM;;;;;;Undefined;;;;;;;;;;;;ЛОЖЬ;ИСТИНА;;;;;;;;;;;;;;;;;Output;EPKS_CCB;ESD_932_1;1256;;;;;;;;
M;260_296_4;;;;;93LALL415_I;;ЛОЖЬ;ЛОЖЬ;;296;;;;;;;0;;;;364;ЛОЖЬ;0;;;;;;;0=TRIP INITIATOR;;;;;;;Undefined;491;3428;;;;;;;;;;ЛОЖЬ;;;;;;;;;;;;;;;;;;;;;;;;;;;;;
M;292_2;;;;;;;ЛОЖЬ;ЛОЖЬ;;292;;;;;;;0;;;;266;ЛОЖЬ;0;;;;;;;;;;;;;;Undefined;491;3428;;;;;;;;;;ЛОЖЬ;;;;;;;;;;;;;;;;;;;;;;;;;;;;;
AI;93TI484;;FLD;930-20;A_93020;TORCH GAS TO C-9302001CX;Yes;ИСТИНА;ЛОЖЬ;;234;ИСТИНА;Float;4-20mA;0;100;°C;;;;;300;ЛОЖЬ;37950;;None;None;None;None;;;;-25;-25;;;;-XXXXX.X;3.76;21;;20.04;5;8;1;Bottom scale;;;;ЛОЖЬ;;ЛОЖЬ;;;;;;;;;;;;;;;;Output;EPKS_CCB;ESD_932_1;10131;;;;;;;;
T;535_1;;;;;;;ЛОЖЬ;ЛОЖЬ;;535;;;;;;;;1 s;300;;32;ЛОЖЬ;0;;;;;;;;;;;;;;Undefined;;;Delayed ON with constant timer value;;;;;;;;;ЛОЖЬ;ИСТИНА;;;;;;;;;;;;;;;;;;;;;;;;;;;;
DO;93PDI880_MOC;;COM;930-20;A_C93021;MO CONFIRMED;No;ИСТИНА;ЛОЖЬ;;692;;;;;;;0;;;;1549;ИСТИНА;37034;None;;;;;;1=CONFIRMED;;;;;;;Undefined;491;3428;;;;;;;;;;ЛОЖЬ;;;;;;;;;;;;;;;;;;Output;EPKS_CCB;ESD_932_1;659;;;;;;;;
DO;93TI752_TF;;COM;;;TRANSM FAULT;No;ЛОЖЬ;ЛОЖЬ;;372;;;;;;;0;;;;413;ИСТИНА;38604;None;;;;;;0=ALARM;0=ALARM;;;;;;Undefined;;;;;;;;;;;;ЛОЖЬ;ИСТИНА;;;;;;;;;;;;;;;;;Output;EPKS_CCB;ESD_932_1;1330;;;;;;;;
M;238_3;;;930-20;;;;ЛОЖЬ;ЛОЖЬ;;238;;;;;;;0;;;;259;ЛОЖЬ;0;;;;;;;;;;;;;;Undefined;491;3428;;;;;;;;;;ЛОЖЬ;;;;;;;;;;;;;;;;;;;;;;;;;;;;;
M;373_810_2;;;;;93TAL758_PERM;;ЛОЖЬ;ЛОЖЬ;;810;;;;;;;0;;;;3994;ЛОЖЬ;0;;;;;;;0=ALARM;;;;;;;Undefined;;;;;;;;;;;;ЛОЖЬ;ИСТИНА;;;;;;;;;;;;;;;;;;;;;;;;;;;;
M;364_9;;;;;;;ЛОЖЬ;ЛОЖЬ;;364;;;;;;;0;;;;3747;ЛОЖЬ;0;;;;;;;;;;;;;;Undefined;;;;;;;;;;;;ЛОЖЬ;ИСТИНА;;;;;;;;;;;;;;;;;;;;;;;;;;;;
DO;93FI427_TF;;COM;930-20;A_C93021;TRANSM. FAIL;No;ЛОЖЬ;ЛОЖЬ;;252;;;;;;;0;;;;3749;ИСТИНА;38472;None;;;;;;0=ALARM;0=ALARM;;;;;;Undefined;;;;;;;;;;;;ЛОЖЬ;ИСТИНА;;;;;;;;;;;;;;;;;Output;EPKS_CCB;ESD_932_1;1302;;;;;;;;
M;C394_4_A;;;;;Compiler marker;;ЛОЖЬ;ЛОЖЬ;;394;;;;;;;0;;;;3732;ЛОЖЬ;0;;;;;;;;;;;;;;Undefined;;;;;;;;;;;;ЛОЖЬ;ИСТИНА;;;;;;;;;;;;;;;;;;;;;;;;;;;;
M;1035_1;;;;;;;ЛОЖЬ;ЛОЖЬ;;1035;;;;;;;0;;;;2269;ЛОЖЬ;0;;;;;;;;;;;;;;Undefined;;;;;;;;;;;;ЛОЖЬ;ИСТИНА;;;;;;;;;;;;;;;;;;;;;;;;;;;;
M;292_296_1;;;;;93HS552_I GROUP STOP;;ЛОЖЬ;ЛОЖЬ;;296;;;;;;;0;;;;384;ЛОЖЬ;0;;;;;;;0=TRIP;;;;;;;Undefined;491;3428;;;;;;;;;;ЛОЖЬ;;;;;;;;;;;;;;;;;;;;;;;;;;;;;
M;C522_4_D;;;;;Function block marker;;ЛОЖЬ;ЛОЖЬ;;522;;;;;;;0;;;;4514;ЛОЖЬ;0;;;;;;;;;;;;;;Undefined;;;;;;;;;;;;ЛОЖЬ;ИСТИНА;;;;;;;;;;;;;;;;;;;;;;;;;;;;
DO;93TAHH853_FU;;COM;930-20;A_C93021;C9302001CX COOL H2O CYL1;No;ИСТИНА;ЛОЖЬ;;1043;;;;;;;0;;;;2591;ЛОЖЬ;38313;None;;;;;;1=FIRST;;;;;;;Undefined;;;;;;;;;;;;ЛОЖЬ;ИСТИНА;;;;;;;;;;;;;;;;;Output;EPKS_CCB;ESD_932_1;1154;;;;;;;;
M;2345_A;;;;;1=MO REQUEST;;ЛОЖЬ;ЛОЖЬ;;2345;;;;;;;0;;;;1602;ЛОЖЬ;0;;;;;;;;;;;;;;Undefined;491;3428;;;;;;;;;;ЛОЖЬ;;;;;;;;;;;;;;;;;;;;;;;;;;;;;
DO;93TAHH761_FU;;COM;930-20;A_C93021;C9302001AX TMP GAS CYL1;No;ИСТИНА;ЛОЖЬ;;1009;;;;;;;0;;;;2205;ЛОЖЬ;38231;None;;;;;;1=FIRST;;;;;;;Undefined;;;;;;;;;;;;ЛОЖЬ;ИСТИНА;;;;;;;;;;;;;;;;;Output;EPKS_CCB;ESD_932_1;1072;;;;;;;;
DO;93PALL834_FU;;COM;930-20;A_C93021;C9302001BX PUR GAS SUP;No;ИСТИНА;ЛОЖЬ;;1025;;;;;;;0;;;;2344;ЛОЖЬ;38266;None;;;;;;1=FIRST;;;;;;;Undefined;;;;;;;;;;;;ЛОЖЬ;ИСТИНА;;;;;;;;;;;;;;;;;Output;EPKS_CCB;ESD_932_1;1107;;;;;;;;
DO;93LALL425_CA;;COM;930-20;A_93020;CAUSE ALARM;No;ИСТИНА;ЛОЖЬ;;270;;;;;;;0;;;;422;ЛОЖЬ;37035;None;;;;;;0=ALARM;;;;;;;Undefined;491;3428;;;;;;;;;;ЛОЖЬ;;;;;;;;;;;;;;;;;;Output;EPKS_CCB;ESD_932_1;522;;;;;;;;
BO;93TI807_HH;;COM;930-20;A_C93021;HH TRIP SETPOINT (°C);No;ИСТИНА;ЛОЖЬ;;546;;Float;;;;;0;;;;716;;38194;;;;;;;;;0;0;;;;-XXXXX.X;491;3428;;;;;;;;;;ЛОЖЬ;;;;;;;;;;;;;;;;;;Output;EPKS_CCB;ESD_932_1;10260;;;;;;;;
R;C2456_9;;;;;Compiler register (288, 252);;ЛОЖЬ;ЛОЖЬ;;2456;;Float;;;;;0;;;;368;ЛОЖЬ;0;;;;;;;;;;;;;;Undefined;491;3428;;;;;;;;;;ЛОЖЬ;;;;;;;;;;;;;;;;;;;;;;;;;;;;;
M;C392_5_F;;;;;Function block marker;;ЛОЖЬ;ЛОЖЬ;;392;;;;;;;0;;;;4538;ЛОЖЬ;0;;;;;;;;;;;;;;Undefined;;;;;;;;;;;;ЛОЖЬ;ИСТИНА;;;;;;;;;;;;;;;;;;;;;;;;;;;;
M;234_280_2;;;;;93TAHH484_I;;ЛОЖЬ;ЛОЖЬ;;280;;;;;;;0;;;;213;ЛОЖЬ;0;;;;;;;0=TRIP INITIATOR;;;;;;;Undefined;491;3428;;;;;;;;;;ЛОЖЬ;;;;;;;;;;;;;;;;;;;;;;;;;;;;;
M;C1013_2_K;;;;;Function block marker;;ЛОЖЬ;ЛОЖЬ;;1013;;;;;;;0;;;;3718;ЛОЖЬ;0;;;;;;;;;;;;;;Undefined;;;;;;;;;;;;ЛОЖЬ;ИСТИНА;;;;;;;;;;;;;;;;;;;;;;;;;;;;
M;C716_5_F;;;;;Function block marker;;ЛОЖЬ;ЛОЖЬ;;716;;;;;;;0;;;;4261;ЛОЖЬ;0;;;;;;;;;;;;;;Undefined;;;;;;;;;;;;ЛОЖЬ;ИСТИНА;;;;;;;;;;;;;;;;;;;;;;;;;;;;
T;696_4;;;;;;;ЛОЖЬ;ЛОЖЬ;;696;;;;;;;;100 ms;5;;928;ЛОЖЬ;0;;;;;;;;;;;;;;Undefined;;;Delayed OFF with constant timer value;;;;;;;;;ЛОЖЬ;ИСТИНА;;;;;;;;;;;;;;;;;;;;;;;;;;;;
AI;93TI886;;FLD;930-20;A_C93021;C-9302001BX TMP BEAR NDE;Yes;ИСТИНА;ЛОЖЬ;;560;ИСТИНА;Float;4-20mA;-50;200;°C;;;;;104;ЛОЖЬ;37744;;None;None;None;None;;;;-112.5;-112.5;;;;-XXXXX.X;3.76;21;;20.03;15;10;1;Bottom scale;;;;ЛОЖЬ;;ЛОЖЬ;;;;;;;;;;;;;;;;Output;EPKS_CCB;ESD_932_1;10161;;;;;;;;
M;C554_6_G;;;;;Function block marker;;ЛОЖЬ;ЛОЖЬ;;554;;;;;;;0;;;;4410;ЛОЖЬ;0;;;;;;;;;;;;;;Undefined;;;;;;;;;;;;ЛОЖЬ;ИСТИНА;;;;;;;;;;;;;;;;;;;;;;;;;;;;
M;704_2;;;;;;;ЛОЖЬ;ЛОЖЬ;;704;;;;;;;0;;;;1322;ЛОЖЬ;0;;;;;;;;;;;;;;Undefined;491;3428;;;;;;;;;;ЛОЖЬ;;;;;;;;;;;;;;;;;;;;;;;;;;;;;
M;292_3;;;;;;;ЛОЖЬ;ЛОЖЬ;;292;;;;;;;0;;;;277;ЛОЖЬ;0;;;;;;;;;;;;;;Undefined;491;3428;;;;;;;;;;ЛОЖЬ;;;;;;;;;;;;;;;;;;;;;;;;;;;;;
M;276_1033_1;;;;;93LAHH427_I;;ЛОЖЬ;ЛОЖЬ;;1033;;;;;;;0;;;;2325;ЛОЖЬ;0;;;;;;;0=TRIP INITIATOR;;;;;;;Undefined;;;;;;;;;;;;ЛОЖЬ;ИСТИНА;;;;;;;;;;;;;;;;;;;;;;;;;;;;
M;C542_5_G;;;;;Function block marker;;ЛОЖЬ;ЛОЖЬ;;542;;;;;;;0;;;;4441;ЛОЖЬ;0;;;;;;;;;;;;;;Undefined;;;;;;;;;;;;ЛОЖЬ;ИСТИНА;;;;;;;;;;;;;;;;;;;;;;;;;;;;
M;C1033_1_I;;;;;Function block marker;;ЛОЖЬ;ЛОЖЬ;;1033;;;;;;;0;;;;2378;ЛОЖЬ;0;;;;;;;;;;;;;;Undefined;;;;;;;;;;;;ЛОЖЬ;ИСТИНА;;;;;;;;;;;;;;;;;;;;;;;;;;;;
M;152_156_1;;;;;MOS AREA 930-20;;ЛОЖЬ;ЛОЖЬ;;156;;;;;;;0;;;;2826;ЛОЖЬ;0;;;;;;;1=ACTIVE;;;;;;;Undefined;491;3428;;;;;;;;;;ЛОЖЬ;;;;;;;;;;;;;;;;;;;;;;;;;;;;;
M;C252_6_E;;;;;Function block marker;;ЛОЖЬ;ЛОЖЬ;;252;;;;;;;0;;;;3902;ЛОЖЬ;0;;;;;;;;;;;;;;Undefined;;;;;;;;;;;;ЛОЖЬ;ИСТИНА;;;;;;;;;;;;;;;;;;;;;;;;;;;;
M;C694_6_F;;;;;Function block marker;;ЛОЖЬ;ЛОЖЬ;;694;;;;;;;0;;;;4343;ЛОЖЬ;0;;;;;;;;;;;;;;Undefined;;;;;;;;;;;;ЛОЖЬ;ИСТИНА;;;;;;;;;;;;;;;;;;;;;;;;;;;;
M;C552_6_E;;;;;Function block marker;;ЛОЖЬ;ЛОЖЬ;;552;;;;;;;0;;;;4415;ЛОЖЬ;0;;;;;;;;;;;;;;Undefined;;;;;;;;;;;;ЛОЖЬ;ИСТИНА;;;;;;;;;;;;;;;;;;;;;;;;;;;;
M;728_1049_4;;;;;93VAHH851_I;;ЛОЖЬ;ЛОЖЬ;;1049;;;;;;;0;;;;3695;ЛОЖЬ;0;;;;;;;0=TRIP INITIATOR;;;;;;;Undefined;;;;;;;;;;;;ЛОЖЬ;ИСТИНА;;;;;;;;;;;;;;;;;;;;;;;;;;;;
M;C264_8_C;;;;;Function block marker;;ЛОЖЬ;ЛОЖЬ;;264;;;;;;;0;;;;3878;ЛОЖЬ;0;;;;;;;;;;;;;;Undefined;;;;;;;;;;;;ЛОЖЬ;ИСТИНА;;;;;;;;;;;;;;;;;;;;;;;;;;;;
M;C554_6_E;;;;;Function block marker;;ЛОЖЬ;ЛОЖЬ;;554;;;;;;;0;;;;4408;ЛОЖЬ;0;;;;;;;;;;;;;;Undefined;;;;;;;;;;;;ЛОЖЬ;ИСТИНА;;;;;;;;;;;;;;;;;;;;;;;;;;;;
DO;93PDAHH831_FU;;COM;930-20;A_C93021;C9302001BX DPRS GAS CYL2;No;ИСТИНА;ЛОЖЬ;;1023;;;;;;;0;;;;2336;ЛОЖЬ;38258;None;;;;;;1=FIRST;;;;;;;Undefined;;;;;;;;;;;;ЛОЖЬ;ИСТИНА;;;;;;;;;;;;;;;;;Output;EPKS_CCB;ESD_932_1;1099;;;;;;;;
DO;93PI460_TF;;COM;930-20;A_93020;TRANSM. FAIL;No;ЛОЖЬ;ЛОЖЬ;;236;;;;;;;0;;;;3761;ИСТИНА;38471;None;;;;;;0=ALARM;0=ALARM;;;;;;Undefined;;;;;;;;;;;;ЛОЖЬ;ИСТИНА;;;;;;;;;;;;;;;;;Output;EPKS_CCB;ESD_932_1;1317;;;;;;;;
M;C694_4_B;;;;;Function block marker;;ЛОЖЬ;ЛОЖЬ;;694;;;;;;;0;;;;4338;ЛОЖЬ;0;;;;;;;;;;;;;;Undefined;;;;;;;;;;;;ЛОЖЬ;ИСТИНА;;;;;;;;;;;;;;;;;;;;;;;;;;;;
M;C356_4_B;;;;;Function block marker;;ЛОЖЬ;ЛОЖЬ;;356;;;;;;;0;;;;4646;ЛОЖЬ;0;;;;;;;;;;;;;;Undefined;;;;;;;;;;;;ЛОЖЬ;ИСТИНА;;;;;;;;;;;;;;;;;;;;;;;;;;;;
T;16_1;;;930-20;;;;ЛОЖЬ;ЛОЖЬ;;16;;;;;;;;100 ms;30;;52;ЛОЖЬ;0;;;;;;;;;;;;;;Undefined;;;Delayed OFF with constant timer value;;;;;;;;;ЛОЖЬ;ИСТИНА;;;;;;;;;;;;;;;;;;;;;;;;;;;;
DO;93TAH866;;COM;;;HI ALARM;No;ЛОЖЬ;ЛОЖЬ;;718;;;;;;;0;;;;3607;ЛОЖЬ;0;None;;;;;;0=ALARM;0=ALARM;;;;;;Undefined;;;;;;;;;;;;ЛОЖЬ;ИСТИНА;;;;;;;;;;;;;;;;;Output;EPKS_CCB;ESD_932_1;1433;;;;;;;;
DI;93XSC417;;FLD;;;SHUTTER 93XV417;No;ИСТИНА;ЛОЖЬ;;324;;;;;;;;;;;69;ЛОЖЬ;37902;None;;;;;;1=CLOSE;;;;;;;Undefined;;;;20.03;9;14;1;Low;;;;ЛОЖЬ;ИСТИНА;;;ЛОЖЬ;;;;;;;;;;;;;;;;;;;;;;;;;
M;C1043_1_H;;;;;Function block marker;;ЛОЖЬ;ЛОЖЬ;;1043;;;;;;;0;;;;2641;ЛОЖЬ;0;;;;;;;;;;;;;;Undefined;;;;;;;;;;;;ЛОЖЬ;ИСТИНА;;;;;;;;;;;;;;;;;;;;;;;;;;;;
BO;93TI857_H;;COM;;;H ALARM SETPOINT;No;ИСТИНА;ЛОЖЬ;;710;;Float;;;;;0;;;;936;;38185;;;;;;;;;0;0;;;;-XXXXX.X;491;3428;;;;;;;;;;ЛОЖЬ;;;;;;;;;;;;;;;;;;Output;EPKS_CCB;ESD_932_1;10297;;;;;;;;
DO;93LALL419_CA;;COM;930-20;A_93020;CAUSE ALARM;No;ИСТИНА;ЛОЖЬ;;264;;;;;;;0;;;;393;ЛОЖЬ;37037;None;;;;;;0=ALARM;;;;;;;Undefined;491;3428;;;;;;;;;;ЛОЖЬ;;;;;;;;;;;;;;;;;;Output;EPKS_CCB;ESD_932_1;513;;;;;;;;
DO;93XA758_P;;COM;930-20;A_C93021;MMS TRIP LAMP;No;ИСТИНА;ЛОЖЬ;;428;;;;;;;0;;;;874;ЛОЖЬ;38051;None;;;;;;1=ACTIVE;;;;;;;Undefined;491;3428;;;;;;;;;;ЛОЖЬ;;;;;;;;;;;;;;;;;;;;;;;;;;Output;CC_CCB_1;ESD_932_1;44
DI;93HS765_P;;COM;930-20;A_C93021;C-9302001 RESET LOGIC;No;ИСТИНА;ИСТИНА;;430;;;;;;;0;;;;1644;ИСТИНА;37066;None;;;;;;1=RESET;;;;;;;Undefined;491;3428;;;;;;Low;;;;ЛОЖЬ;;;;ЛОЖЬ;;;;;;;;;;Input;CC_CCB_2;ESD_932_1;13;Output;EPKS_CCB;ESD_932_1;2010;;;;;;;;
M;368_3;;;;;;;ЛОЖЬ;ЛОЖЬ;;368;;;;;;;0;;;;684;ЛОЖЬ;0;;;;;;;;;;;;;;Undefined;491;3428;;;;;;;;;;ЛОЖЬ;;;;;;;;;;;;;;;;;;;;;;;;;;;;;
M;394_1;;;;;;;ЛОЖЬ;ЛОЖЬ;;394;;;;;;;0;;;;2829;ЛОЖЬ;0;;;;;;;;;;;;;;Undefined;;;;;;;;;;;;ЛОЖЬ;ИСТИНА;;;;;;;;;;;;;;;;;;;;;;;;;;;;
T;350_1;;;;;;;ЛОЖЬ;ЛОЖЬ;;350;;;;;;;;100 ms;5;;200;ЛОЖЬ;0;;;;;;;;;;;;;;Undefined;491;3428;Delayed OFF with constant timer value;;;;;;;;;ЛОЖЬ;;;;;;;;;;;;;;;;;;;;;;;;;;;;;
M;1051_1;;;;;;;ЛОЖЬ;ЛОЖЬ;;1051;;;;;;;0;;;;2517;ЛОЖЬ;0;;;;;;;;;;;;;;Undefined;;;;;;;;;;;;ЛОЖЬ;ИСТИНА;;;;;;;;;;;;;;;;;;;;;;;;;;;;
M;C533_3_G;;;;;Function block marker;;ЛОЖЬ;ЛОЖЬ;;533;;;;;;;0;;;;4476;ЛОЖЬ;0;;;;;;;;;;;;;;Undefined;;;;;;;;;;;;ЛОЖЬ;ИСТИНА;;;;;;;;;;;;;;;;;;;;;;;;;;;;
M;C2495_1;;;;;Compiler marker (200, 156);;ЛОЖЬ;ЛОЖЬ;;2495;;;;;;;0;;;;186;ЛОЖЬ;0;;;;;;;;;;;;;;Undefined;491;3428;;;;;;;;;;ЛОЖЬ;;;;;;;;;;;;;;;;;;;;;;;;;;;;;
M;C648_2_D;;;;;Function block marker;;ЛОЖЬ;ЛОЖЬ;;648;;;;;;;0;;;;842;ЛОЖЬ;0;;;;;;;;;;;;;;Undefined;491;3428;;;;;;;;;;ЛОЖЬ;;;;;;;;;;;;;;;;;;;;;;;;;;;;;
M;C536_6_E;;;;;Function block marker;;ЛОЖЬ;ЛОЖЬ;;536;;;;;;;0;;;;4460;ЛОЖЬ;0;;;;;;;;;;;;;;Undefined;;;;;;;;;;;;ЛОЖЬ;ИСТИНА;;;;;;;;;;;;;;;;;;;;;;;;;;;;
M;1003_1005_1;;;;;FIRST OUT SEQUENCE;;ЛОЖЬ;ЛОЖЬ;;1005;;;;;;;0;;;;2145;ЛОЖЬ;0;;;;;;;1=FU ALARM;;;;;;;Undefined;;;;;;;;;;;;ЛОЖЬ;ИСТИНА;;;;;;;;;;;;;;;;;;;;;;;;;;;;
M;C365_5_F;;;;;Function block marker;;ЛОЖЬ;ЛОЖЬ;;365;;;;;;;0;;;;4617;ЛОЖЬ;0;;;;;;;;;;;;;;Undefined;;;;;;;;;;;;ЛОЖЬ;ИСТИНА;;;;;;;;;;;;;;;;;;;;;;;;;;;;
DI;93PI819_MOR;;COM;930-20;A_C93021;MO REQUEST;No;ИСТИНА;ИСТИНА;;534;;;;;;;0;;;;2911;ЛОЖЬ;37038;None;;;;;;1=REQUEST;;;;;;;Undefined;491;3428;;;;;;Freeze;;;;ЛОЖЬ;;;;ЛОЖЬ;;;;;;;;;;;;;;Input;EPKS_CCB;ESD_932_1;80;;;;;;;;
AI;93LI413;;FLD;930-20;A_93020;HYDROC GAS CON V9302003A;Yes;ИСТИНА;ЛОЖЬ;;258;ИСТИНА;Float;4-20mA;0;100;%;;;;;144;ЛОЖЬ;37951;;None;None;None;None;;;;-25;-25;;;;-XXXXX.X;3.64;22;;20.04;1;3;1;Bottom scale;;;;ЛОЖЬ;;ЛОЖЬ;;;;;;;;;;;;;;;;Output;EPKS_CCB;ESD_932_1;10084;;;;;;;;
M;C290_6_E;;;;;Function block marker;;ЛОЖЬ;ЛОЖЬ;;290;;;;;;;0;;;;3812;ЛОЖЬ;0;;;;;;;;;;;;;;Undefined;;;;;;;;;;;;ЛОЖЬ;ИСТИНА;;;;;;;;;;;;;;;;;;;;;;;;;;;;
DI;20-ExtComFaultCC2;;SYS;;;Ext com fault Com ch 2;Yes;ЛОЖЬ;;;16;;;;;;;;;;;7;ЛОЖЬ;0;None;;;;;;;;;;;;;Undefined;491;3428;;;;;;;;;;ЛОЖЬ;;;;ЛОЖЬ;;;;;;;;;;;;;;;;;;;;;;;;;
BO;93PI814_HH;;COM;930-20;A_C93021;HH TRIP SETPOINT (kPa-g);No;ИСТИНА;ЛОЖЬ;;532;;Float;;;;;0;;;;824;;38178;;;;;;;;;0;0;;;;-XXXXX.X;491;3428;;;;;;;;;;ЛОЖЬ;;;;;;;;;;;;;;;;;;Output;EPKS_CCB;ESD_932_1;10229;;;;;;;;
M;C400_4_F;;;;;Function block marker;;ЛОЖЬ;ЛОЖЬ;;400;;;;;;;0;;;;4532;ЛОЖЬ;0;;;;;;;;;;;;;;Undefined;;;;;;;;;;;;ЛОЖЬ;ИСТИНА;;;;;;;;;;;;;;;;;;;;;;;;;;;;
DO;93PDI780_TF;;COM;930-20;A_C93021;TRANSM. FAIL;No;ИСТИНА;ЛОЖЬ;;358;;;;;;;0;;;;623;ИСТИНА;37040;None;;;;;;0=FAIL;;;;;;;Undefined;491;3428;;;;;;;;;;ЛОЖЬ;;;;;;;;;;;;;;;;;;Output;EPKS_CCB;ESD_932_1;652;;;;;;;;
BI;20-RepairTimer_CP2;;SYS;;;Repair time CP2;Yes;ЛОЖЬ;;;16;;Word;;;;;;;;;14;;0;;;;;;;;;0;0;;;;-XXXXX.X;491;3428;;;;;;;;;;ЛОЖЬ;;;;;;;;;;;;;;;;;;;;;;;;;;;;;
BO;93TI483_HH;;COM;930-20;A_93020;HH TRIP SETPOINT (°C);No;ИСТИНА;ЛОЖЬ;;232;;Float;;;;;0;;;;560;;38176;;;;;;;;;0;0;;;;-XXXXX.X;491;3428;;;;;;;;;;ЛОЖЬ;;;;;;;;;;;;;;;;;;Output;EPKS_CCB;ESD_932_1;10247;;;;;;;;
M;C320_4_B;;;;;Function block marker;;ЛОЖЬ;ЛОЖЬ;;320;;;;;;;0;;;;4664;ЛОЖЬ;0;;;;;;;;;;;;;;Undefined;;;;;;;;;;;;ЛОЖЬ;ИСТИНА;;;;;;;;;;;;;;;;;;;;;;;;;;;;
BO;93LI851_HH;;COM;930-20;A_C93021;HH TRIP SETPOINT (%);No;ИСТИНА;ЛОЖЬ;;688;;Float;;;;;0;;;;452;;38151;;;;;;;;;0;0;;;;-XXXXX.X;491;3428;;;;;;;;;;ЛОЖЬ;;;;;;;;;;;;;;;;;;Output;EPKS_CCB;ESD_932_1;10208;;;;;;;;
DO;93HA807A2;;COM;930-20;A_C93021;C-9302001BX EM.STOP;No;ИСТИНА;ЛОЖЬ;;568;;;;;;;0;;;;4220;ИСТИНА;38603;None;;;;;;0=TRIP;0=TRIP;;;;;;Undefined;;;;;;;;;;;;ЛОЖЬ;ИСТИНА;;;;;;;;;;;;;;;;;Output;EPKS_CCB;ESD_932_1;1460;;;;;;;;
M;C1009_1_J;;;;;Function block marker;;ЛОЖЬ;ЛОЖЬ;;1009;;;;;;;0;;;;2445;ЛОЖЬ;0;;;;;;;;;;;;;;Undefined;;;;;;;;;;;;ЛОЖЬ;ИСТИНА;;;;;;;;;;;;;;;;;;;;;;;;;;;;
M;C246_7_E;;;;;Function block marker;;ЛОЖЬ;ЛОЖЬ;;246;;;;;;;0;;;;3932;ЛОЖЬ;0;;;;;;;;;;;;;;Undefined;;;;;;;;;;;;ЛОЖЬ;ИСТИНА;;;;;;;;;;;;;;;;;;;;;;;;;;;;
DI;93TI884_MOR;;COM;930-20;A_C93021;MO REQUEST;No;ИСТИНА;ИСТИНА;;722;;;;;;;0;;;;2966;ЛОЖЬ;37041;None;;;;;;1=REQUEST;;;;;;;Undefined;491;3428;;;;;;Freeze;;;;ЛОЖЬ;;;;ЛОЖЬ;;;;;;;;;;;;;;Input;EPKS_CCB;ESD_932_1;135;;;;;;;;
M;C1017_1_L;;;;;Function block marker;;ЛОЖЬ;ЛОЖЬ;;1017;;;;;;;0;;;;2423;ЛОЖЬ;0;;;;;;;;;;;;;;Undefined;;;;;;;;;;;;ЛОЖЬ;ИСТИНА;;;;;;;;;;;;;;;;;;;;;;;;;;;;
M;C1035_1_L;;;;;Function block marker;;ЛОЖЬ;ЛОЖЬ;;1035;;;;;;;0;;;;2375;ЛОЖЬ;0;;;;;;;;;;;;;;Undefined;;;;;;;;;;;;ЛОЖЬ;ИСТИНА;;;;;;;;;;;;;;;;;;;;;;;;;;;;
DO;93XA757;;COM;930-20;A_C93021;C9302001AX CON TRIP ALR;No;ИСТИНА;ЛОЖЬ;;416;;;;;;;0;;;;523;ИСТИНА;37787;None;;;;;;0=TRIP;;;;;;;Undefined;491;3428;;;;;;;;;;ЛОЖЬ;;;;;;;;;;;;;;;;;;Output;EPKS_CCB;ESD_932_1;869;;;;;;;;
M;728_786_4;;;;;93VAHH851_I;;ЛОЖЬ;ЛОЖЬ;;786;;;;;;;0;;;;3694;ЛОЖЬ;0;;;;;;;0=TRIP INITIATOR;;;;;;;Undefined;;;;;;;;;;;;ЛОЖЬ;ИСТИНА;;;;;;;;;;;;;;;;;;;;;;;;;;;;
M;564_3;;;;;;;ЛОЖЬ;ЛОЖЬ;;564;;;;;;;0;;;;2762;ЛОЖЬ;0;;;;;;;;;;;;;;Undefined;;;;;;;;;;;;ЛОЖЬ;ИСТИНА;;;;;;;;;;;;;;;;;;;;;;;;;;;;
AI;93PI784;;FLD;930-20;A_C93021;C9302001AX PURGE GAS SUP;Yes;ИСТИНА;ЛОЖЬ;;370;ИСТИНА;Float;4-20mA;0;1.6;MPa-g;;;;;380;ЛОЖЬ;37800;;None;None;None;None;;;;-0.4;-0.4;;;;-XXXXX.X;3.64;22;;20.04;7;11;1;Bottom scale;;;;ЛОЖЬ;;ЛОЖЬ;;;;;;;;;;;;;;;;Output;EPKS_CCB;ESD_932_1;10117;;;;;;;;
M;C246_8_C;;;;;Function block marker;;ЛОЖЬ;ЛОЖЬ;;246;;;;;;;0;;;;3935;ЛОЖЬ;0;;;;;;;;;;;;;;Undefined;;;;;;;;;;;;ЛОЖЬ;ИСТИНА;;;;;;;;;;;;;;;;;;;;;;;;;;;;
DO;93LALL417;;COM;930-20;A_93020;HYD GAS COND  V9302003C;No;ИСТИНА;ЛОЖЬ;;262;;;;;;;0;;;;378;ИСТИНА;37043;None;;;;;;0=TRIP;;;;;;;Undefined;491;3428;;;;;;;;;;ЛОЖЬ;;;;;;;;;;;;;;;;;;Output;EPKS_CCB;ESD_932_1;509;;;;;;;;
M;520_1021_3;;;;;93FALL804_I (AFTER OOS);;ЛОЖЬ;ЛОЖЬ;;1021;;;;;;;0;;;;2291;ЛОЖЬ;0;;;;;;;0=TRIP;;;;;;;Undefined;;;;;;;;;;;;ЛОЖЬ;ИСТИНА;;;;;;;;;;;;;;;;;;;;;;;;;;;;
DO;93PAHH876_FU;;COM;930-20;A_C93021;C9302001CX OIL CRANKCASE;No;ИСТИНА;ЛОЖЬ;;1043;;;;;;;0;;;;2588;ЛОЖЬ;38310;None;;;;;;1=FIRST;;;;;;;Undefined;;;;;;;;;;;;ЛОЖЬ;ИСТИНА;;;;;;;;;;;;;;;;;Output;EPKS_CCB;ESD_932_1;1151;;;;;;;;
M;C532_6_G;;;;;Function block marker;;ЛОЖЬ;ЛОЖЬ;;532;;;;;;;0;;;;4483;ЛОЖЬ;0;;;;;;;;;;;;;;Undefined;;;;;;;;;;;;ЛОЖЬ;ИСТИНА;;;;;;;;;;;;;;;;;;;;;;;;;;;;
M;C694_5_E;;;;;Function block marker;;ЛОЖЬ;ЛОЖЬ;;694;;;;;;;0;;;;4339;ЛОЖЬ;0;;;;;;;;;;;;;;Undefined;;;;;;;;;;;;ЛОЖЬ;ИСТИНА;;;;;;;;;;;;;;;;;;;;;;;;;;;;
DO;93LI854A_TF;;COM;;;TRANSM FAULT;No;ЛОЖЬ;ЛОЖЬ;;690;;;;;;;0;;;;2764;ИСТИНА;38602;None;;;;;;0=ALARM;0=ALARM;;;;;;Undefined;;;;;;;;;;;;ЛОЖЬ;ИСТИНА;;;;;;;;;;;;;;;;;Output;EPKS_CCB;ESD_932_1;1385;;;;;;;;
M;C558_5_F;;;;;Function block marker;;ЛОЖЬ;ЛОЖЬ;;558;;;;;;;0;;;;4392;ЛОЖЬ;0;;;;;;;;;;;;;;Undefined;;;;;;;;;;;;ЛОЖЬ;ИСТИНА;;;;;;;;;;;;;;;;;;;;;;;;;;;;
M;704_780_3;;;;;93PALL884_I;;ЛОЖЬ;ЛОЖЬ;;780;;;;;;;0;;;;1293;ЛОЖЬ;0;;;;;;;0=TRIP INITIATOR;;;;;;;Undefined;491;3428;;;;;;;;;;ЛОЖЬ;;;;;;;;;;;;;;;;;;;;;;;;;;;;;
R;698_699_3;;;;;93PI868;;ЛОЖЬ;ЛОЖЬ;;699;;Float;;;;;0;;;;2184;ЛОЖЬ;0;;;;;;;;;;;;;;Undefined;;;;;;;;;;;;ЛОЖЬ;ИСТИНА;;;;;;;;;;;;;;;;;;;;;;;;;;;;
M;C246_7_G;;;;;Function block marker;;ЛОЖЬ;ЛОЖЬ;;246;;;;;;;0;;;;3934;ЛОЖЬ;0;;;;;;;;;;;;;;Undefined;;;;;;;;;;;;ЛОЖЬ;ИСТИНА;;;;;;;;;;;;;;;;;;;;;;;;;;;;
BO;93TI807_H;;COM;;;H ALARM SETPOINT;No;ИСТИНА;ЛОЖЬ;;546;;Float;;;;;0;;;;920;;38164;;;;;;;;;0;0;;;;-XXXXX.X;491;3428;;;;;;;;;;ЛОЖЬ;;;;;;;;;;;;;;;;;;Output;EPKS_CCB;ESD_932_1;10293;;;;;;;;
M;363_410_2;;;;;93PALL764_I;;ЛОЖЬ;ЛОЖЬ;;410;;;;;;;0;;;;3634;ЛОЖЬ;0;;;;;;;0=TRIP INITIATOR;;;;;;;Undefined;;;;;;;;;;;;ЛОЖЬ;ИСТИНА;;;;;;;;;;;;;;;;;;;;;;;;;;;;
M;1035_1021_1;;;;;FIRST OUT SEQUENCE;;ЛОЖЬ;ЛОЖЬ;;1021;;;;;;;0;;;;2275;ЛОЖЬ;0;;;;;;;1=FU ALARM;;;;;;;Undefined;;;;;;;;;;;;ЛОЖЬ;ИСТИНА;;;;;;;;;;;;;;;;;;;;;;;;;;;;
M;1027_4;;;;;;;ЛОЖЬ;ЛОЖЬ;;1027;;;;;;;0;;;;2248;ЛОЖЬ;0;;;;;;;;;;;;;;Undefined;;;;;;;;;;;;ЛОЖЬ;ИСТИНА;;;;;;;;;;;;;;;;;;;;;;;;;;;;
M;C290_6_G;;;;;Function block marker;;ЛОЖЬ;ЛОЖЬ;;290;;;;;;;0;;;;3814;ЛОЖЬ;0;;;;;;;;;;;;;;Undefined;;;;;;;;;;;;ЛОЖЬ;ИСТИНА;;;;;;;;;;;;;;;;;;;;;;;;;;;;
M;728_1;;;;;;;ЛОЖЬ;ЛОЖЬ;;728;;;;;;;0;;;;2711;ЛОЖЬ;0;;;;;;;;;;;;;;Undefined;;;;;;;;;;;;ЛОЖЬ;ИСТИНА;;;;;;;;;;;;;;;;;;;;;;;;;;;;
DO;93HS159_OOC;;COM;;;FUEL GAS Override;No;ИСТИНА;ЛОЖЬ;;314;;;;;;;0;;;;40;ЛОЖЬ;37900;None;;;;;;1=CONFIRMED;;;;;;;Undefined;;;;;;;;;;;;ЛОЖЬ;ИСТИНА;;;;;;;;;;;;;;;;;Output;EPKS_CCB;ESD_932_1;930;;;;;;;;
M;C1033_1_J;;;;;Function block marker;;ЛОЖЬ;ЛОЖЬ;;1033;;;;;;;0;;;;2379;ЛОЖЬ;0;;;;;;;;;;;;;;Undefined;;;;;;;;;;;;ЛОЖЬ;ИСТИНА;;;;;;;;;;;;;;;;;;;;;;;;;;;;
M;C370_5_F;;;;;Function block marker;;ЛОЖЬ;ЛОЖЬ;;370;;;;;;;0;;;;4599;ЛОЖЬ;0;;;;;;;;;;;;;;Undefined;;;;;;;;;;;;ЛОЖЬ;ИСТИНА;;;;;;;;;;;;;;;;;;;;;;;;;;;;
M;C1031_2_H;;;;;Function block marker;;ЛОЖЬ;ЛОЖЬ;;1031;;;;;;;0;;;;3709;ЛОЖЬ;0;;;;;;;;;;;;;;Undefined;;;;;;;;;;;;ЛОЖЬ;ИСТИНА;;;;;;;;;;;;;;;;;;;;;;;;;;;;
BO;93TI804_HH;;COM;930-20;A_C93021;HH TRIP SETPOINT (°C);No;ИСТИНА;ЛОЖЬ;;544;;Float;;;;;0;;;;604;;38192;;;;;;;;;0;0;;;;-XXXXX.X;491;3428;;;;;;;;;;ЛОЖЬ;;;;;;;;;;;;;;;;;;Output;EPKS_CCB;ESD_932_1;10259;;;;;;;;
M;372_160_1;;;;;93TT753;;ЛОЖЬ;ЛОЖЬ;;160;;;;;;;0;;;;1041;ЛОЖЬ;0;;;;;;;1=MO CONFIRMED;;;;;;;Undefined;491;3428;;;;;;;;;;ЛОЖЬ;;;;;;;;;;;;;;;;;;;;;;;;;;;;;
BO;93LI423_LL;;COM;930-20;A_93020;LL TRIP SETPOINT (%);No;ИСТИНА;ЛОЖЬ;;268;;Float;;;;;0;;;;668;;38201;;;;;;;;;0;0;;;;-XXXXX.X;491;3428;;;;;;;;;;ЛОЖЬ;;;;;;;;;;;;;;;;;;Output;EPKS_CCB;ESD_932_1;10194;;;;;;;;
DI;93HS851B_B0_OT_P;;COM;930-20;A_93020;CAP CTRL BIT 0;No;ИСТИНА;ИСТИНА;;792;;;;;;;0;;;;1648;ИСТИНА;37398;None;;;;;;1=TRUE;;;;;;;Undefined;491;3428;;;;;;Freeze;;;;ЛОЖЬ;;;;ЛОЖЬ;;;;;;;;;;Input;CC_CCB_2;ESD_932_1;17;Output;EPKS_CCB;ESD_932_1;2017;;;;;;;;
M;C528_6_F;;;;;Function block marker;;ЛОЖЬ;ЛОЖЬ;;528;;;;;;;0;;;;4496;ЛОЖЬ;0;;;;;;;;;;;;;;Undefined;;;;;;;;;;;;ЛОЖЬ;ИСТИНА;;;;;;;;;;;;;;;;;;;;;;;;;;;;
DO;93VAHH801;;COM;930-20;A_C93021;C9302001BX VIB CRANKCASE;No;ИСТИНА;ЛОЖЬ;;564;;;;;;;0;;;;3674;ИСТИНА;38418;None;;;;;;0=TRIP;0=TRIP;;;;;;Undefined;;;;;;;;;;;;ЛОЖЬ;ИСТИНА;;;;;;;;;;;;;;;;;Output;EPKS_CCB;ESD_932_1;1287;;;;;;;;
M;798_7;;;;;;;ЛОЖЬ;ЛОЖЬ;;798;;;;;;;0;;;;1540;ЛОЖЬ;0;;;;;;;;;;;;;;Undefined;491;3428;;;;;;;;;;ЛОЖЬ;;;;;;;;;;;;;;;;;;;;;;;;;;;;;
M;706_9;;;;;;;ЛОЖЬ;ЛОЖЬ;;706;;;;;;;0;;;;4169;ЛОЖЬ;0;;;;;;;;;;;;;;Undefined;;;;;;;;;;;;ЛОЖЬ;ИСТИНА;;;;;;;;;;;;;;;;;;;;;;;;;;;;
M;1043_6;;;;;;;ЛОЖЬ;ЛОЖЬ;;1043;;;;;;;0;;;;2494;ЛОЖЬ;0;;;;;;;;;;;;;;Undefined;;;;;;;;;;;;ЛОЖЬ;ИСТИНА;;;;;;;;;;;;;;;;;;;;;;;;;;;;
AI;VM 20.03/15/17;;SYS;;;;Yes;ЛОЖЬ;;;0;ИСТИНА;Float;0-5V (VM);0;100;;;;;;132;ЛОЖЬ;0;;None;None;None;None;;;;;;;;;-XXXXX.X;2.5;3.9;;20.03;15;17;1;Scan;;;;ЛОЖЬ;;;;;;;;;;;;;;;;;;;;;;;;;;;;;
DO;93FALL901_FU_C;;COM;930-20;A_C93021;C9302001 COOL H2O RTN;No;ИСТИНА;ЛОЖЬ;;1049;;;;;;;0;;;;2571;ЛОЖЬ;38293;None;;;;;;1=FIRST;;;;;;;Undefined;;;;;;;;;;;;ЛОЖЬ;ИСТИНА;;;;;;;;;;;;;;;;;Output;EPKS_CCB;ESD_932_1;1134;;;;;;;;
M;712_815_4;;;;;93TAH858_PERM;;ЛОЖЬ;ЛОЖЬ;;815;;;;;;;0;;;;4171;ЛОЖЬ;0;;;;;;;0=ALARM;;;;;;;Undefined;;;;;;;;;;;;ЛОЖЬ;ИСТИНА;;;;;;;;;;;;;;;;;;;;;;;;;;;;
R;2457_C;;;;;Input 3;;ЛОЖЬ;ЛОЖЬ;;2457;;Float;;;;;0;;;;126;ЛОЖЬ;0;;;;;;;;;;;;;;Undefined;491;3428;;;;;;;;;;ЛОЖЬ;;;;;;;;;;;;;;;;;;;;;;;;;;;;;
DO;93TAHH803;;COM;930-20;A_C93021;C9302001BX COOL H2O CYL1;No;ИСТИНА;ЛОЖЬ;;542;;;;;;;0;;;;1155;ИСТИНА;37044;None;;;;;;0=TRIP;;;;;;;Undefined;491;3428;;;;;;;;;;ЛОЖЬ;;;;;;;;;;;;;;;;;;Output;EPKS_CCB;ESD_932_1;727;;;;;;;;
BO;93PDI780_HH;;COM;930-20;A_C93021;HH TRIP SETPOINT (kPa);No;ИСТИНА;ЛОЖЬ;;358;;Float;;;;;0;;;;740;;38095;;;;;;;;;0;0;;;;-XXXXX.X;491;3428;;;;;;;;;;ЛОЖЬ;;;;;;;;;;;;;;;;;;Output;EPKS_CCB;ESD_932_1;10210;;;;;;;;
T;556_6;;;;;;;ЛОЖЬ;ЛОЖЬ;;556;;;;;;;;100 ms;5;;1376;ЛОЖЬ;0;;;;;;;;;;;;;;Undefined;;;Delayed OFF with constant timer value;;;;;;;;;ЛОЖЬ;ИСТИНА;;;;;;;;;;;;;;;;;;;;;;;;;;;;
DO;93TI807_TF;;COM;930-20;A_C93021;TRANSM. FAIL;No;ИСТИНА;ЛОЖЬ;;546;;;;;;;0;;;;1126;ИСТИНА;37045;None;;;;;;0=FAIL;;;;;;;Undefined;491;3428;;;;;;;;;;ЛОЖЬ;;;;;;;;;;;;;;;;;;Output;EPKS_CCB;ESD_932_1;812;;;;;;;;
DO;93TAHH767_CA;;COM;930-20;A_C93021;CAUSE ALARM;No;ИСТИНА;ЛОЖЬ;;384;;;;;;;0;;;;781;ЛОЖЬ;37046;None;;;;;;0=ALARM;;;;;;;Undefined;491;3428;;;;;;;;;;ЛОЖЬ;;;;;;;;;;;;;;;;;;Output;EPKS_CCB;ESD_932_1;722;;;;;;;;
M;C718_6_E;;;;;Function block marker;;ЛОЖЬ;ЛОЖЬ;;718;;;;;;;0;;;;4256;ЛОЖЬ;0;;;;;;;;;;;;;;Undefined;;;;;;;;;;;;ЛОЖЬ;ИСТИНА;;;;;;;;;;;;;;;;;;;;;;;;;;;;
DO;93TAHH981;;COM;930-20;A_P93020;HERM GLASS P9302001SX;No;ИСТИНА;ЛОЖЬ;;296;;;;;;;0;;;;492;ИСТИНА;37047;None;;;;;;0=TRIP;;;;;;;Undefined;491;3428;;;;;;;;;;ЛОЖЬ;;;;;;;;;;;;;;;;;;Output;EPKS_CCB;ESD_932_1;777;;;;;;;;
DO;93FAL902;;COM;;;LO ALARM;No;ЛОЖЬ;ЛОЖЬ;;400;;;;;;;0;;;;3611;ЛОЖЬ;0;None;;;;;;0=ALARM;0=ALARM;;;;;;Undefined;;;;;;;;;;;;ЛОЖЬ;ИСТИНА;;;;;;;;;;;;;;;;;Output;EPKS_CCB;ESD_932_1;1437;;;;;;;;
DI;93FI018_MOR;;COM;930-20;A_93020;MO REQUEST;No;ИСТИНА;ИСТИНА;;314;;;;;;;0;;;;2837;ЛОЖЬ;37083;None;;;;;;1=REQUEST;;;;;;;Undefined;491;3428;;;;;;Freeze;;;;ЛОЖЬ;;;;ЛОЖЬ;;;;;;;;;;;;;;Input;EPKS_CCB;ESD_932_1;6;;;;;;;;
M;396_414_1;;;;;93ZALL753_754_I;;ЛОЖЬ;ЛОЖЬ;;414;;;;;;;0;;;;1767;ЛОЖЬ;0;;;;;;;0=TRIP INITIATOR;;;;;;;Undefined;491;3428;;;;;;;;;;ЛОЖЬ;;;;;;;;;;;;;;;;;;;;;;;;;;;;;
M;648_7;;;;;;;ЛОЖЬ;ЛОЖЬ;;648;;;;;;;0;;;;1775;ЛОЖЬ;0;;;;;;;;;;;;;;Undefined;491;3428;;;;;;;;;;ЛОЖЬ;;;;;;;;;;;;;;;;;;;;;;;;;;;;;
DI;93HS551A2;;FLD;;;STOP BTN 2LCSA1;Yes;ИСТИНА;ЛОЖЬ;;300;;;;;;;;;;;50;ИСТИНА;37031;None;;;;;;0=TRIP;;;;;;;Undefined;;;;20.03;7;11;1;Low;;;;ЛОЖЬ;ИСТИНА;;;ЛОЖЬ;;;;;;;;;;;;;;Output;EPKS_CCB;ESD_932_1;931;;;;;;;;
M;C292_3_B;;;;;Function block marker;;ЛОЖЬ;ЛОЖЬ;;292;;;;;;;0;;;;2792;ЛОЖЬ;0;;;;;;;;;;;;;;Undefined;491;3428;;;;;;;;;;ЛОЖЬ;;;;;;;;;;;;;;;;;;;;;;;;;;;;;
M;2470_H;;;;;Out 1;;ЛОЖЬ;ЛОЖЬ;;2470;;;;;;;0;;;;154;ЛОЖЬ;0;;;;;;;;;;;;;;Undefined;491;3428;;;;;;;;;;ЛОЖЬ;;;;;;;;;;;;;;;;;;;;;;;;;;;;;
T;528_1;;;930-20;;;;ЛОЖЬ;ЛОЖЬ;;528;;;;;;;;100 ms;5;;392;ЛОЖЬ;0;;;;;;;;;;;;;;Undefined;491;3428;Delayed OFF with constant timer value;;;;;;;;;ЛОЖЬ;;;;;;;;;;;;;;;;;;;;;;;;;;;;;
DI;93TI812_MOR;;COM;930-20;A_C93021;MO REQUEST;No;ИСТИНА;ИСТИНА;;552;;;;;;;0;;;;2945;ЛОЖЬ;37048;None;;;;;;1=REQUEST;;;;;;;Undefined;491;3428;;;;;;Freeze;;;;ЛОЖЬ;;;;ЛОЖЬ;;;;;;;;;;;;;;Input;EPKS_CCB;ESD_932_1;114;;;;;;;;
DO;93TI852_TF;;COM;;;TRANSM FAULT;No;ЛОЖЬ;ЛОЖЬ;;706;;;;;;;0;;;;855;ИСТИНА;38601;None;;;;;;0=ALARM;0=ALARM;;;;;;Undefined;;;;;;;;;;;;ЛОЖЬ;ИСТИНА;;;;;;;;;;;;;;;;;Output;EPKS_CCB;ESD_932_1;1356;;;;;;;;
M;556_9;;;;;;;ЛОЖЬ;ЛОЖЬ;;556;;;;;;;0;;;;4094;ЛОЖЬ;0;;;;;;;;;;;;;;Undefined;;;;;;;;;;;;ЛОЖЬ;ИСТИНА;;;;;;;;;;;;;;;;;;;;;;;;;;;;
DO;93TI802_TF;;COM;;;TRANSM FAULT;No;ЛОЖЬ;ЛОЖЬ;;542;;;;;;;0;;;;559;ИСТИНА;38600;None;;;;;;0=ALARM;0=ALARM;;;;;;Undefined;;;;;;;;;;;;ЛОЖЬ;ИСТИНА;;;;;;;;;;;;;;;;;Output;EPKS_CCB;ESD_932_1;1343;;;;;;;;
DI;20-ControllerFault;;SYS;;;FSC Controller fault;Yes;ЛОЖЬ;;;16;;;;;;;;;;;20;ИСТИНА;37000;None;;;;;;0=ALARM;;;;;;;Undefined;491;3428;;;;;;;;;;ЛОЖЬ;;;;ЛОЖЬ;;;;;;;;;;;;;;;;;;;;;;;;;
M;533_1023_1;;;;;93PALL814_I;;ЛОЖЬ;ЛОЖЬ;;1023;;;;;;;0;;;;4049;ЛОЖЬ;0;;;;;;;0=TRIP INITIATOR;;;;;;;Undefined;;;;;;;;;;;;ЛОЖЬ;ИСТИНА;;;;;;;;;;;;;;;;;;;;;;;;;;;;
M;C540_6_F;;;;;Function block marker;;ЛОЖЬ;ЛОЖЬ;;540;;;;;;;0;;;;4450;ЛОЖЬ;0;;;;;;;;;;;;;;Undefined;;;;;;;;;;;;ЛОЖЬ;ИСТИНА;;;;;;;;;;;;;;;;;;;;;;;;;;;;
T;246_7;;;;;;;ЛОЖЬ;ЛОЖЬ;;246;;;;;;;;100 ms;5;;1072;ЛОЖЬ;0;;;;;;;;;;;;;;Undefined;;;Delayed OFF with constant timer value;;;;;;;;;ЛОЖЬ;ИСТИНА;;;;;;;;;;;;;;;;;;;;;;;;;;;;
M;2420_E;;;;;0=Transm. failed;;ЛОЖЬ;ЛОЖЬ;;2420;;;;;;;0;;;;104;ЛОЖЬ;0;;;;;;;;;;;;;;Undefined;491;3428;;;;;;;;;;ЛОЖЬ;;;;;;;;;;;;;;;;;;;;;;;;;;;;;
M;554_2;;;;;;;ЛОЖЬ;ЛОЖЬ;;554;;;;;;;0;;;;1144;ЛОЖЬ;0;;;;;;;;;;;;;;Undefined;491;3428;;;;;;;;;;ЛОЖЬ;;;;;;;;;;;;;;;;;;;;;;;;;;;;;
DO;93TAHH817;;COM;930-20;A_C93021;C9302001BX TMP GAS CYL2;No;ИСТИНА;ЛОЖЬ;;554;;;;;;;0;;;;1099;ИСТИНА;37049;None;;;;;;0=TRIP;;;;;;;Undefined;491;3428;;;;;;;;;;ЛОЖЬ;;;;;;;;;;;;;;;;;;Output;EPKS_CCB;ESD_932_1;739;;;;;;;;
M;350_3;;;;;;;ЛОЖЬ;ЛОЖЬ;;350;;;;;;;0;;;;917;ЛОЖЬ;0;;;;;;;;;;;;;;Undefined;491;3428;;;;;;;;;;ЛОЖЬ;;;;;;;;;;;;;;;;;;;;;;;;;;;;;
AI;93FI427;;FLD;930-20;A_C93021;WATER TO COOL C9302001BX;Yes;ИСТИНА;ЛОЖЬ;;252;ИСТИНА;Float;4-20mA;0;100000;kg/h;;;;;56;ЛОЖЬ;38442;;None;None;None;None;;;;;;;;;-XXXXX.X;3.64;22;;20.03;13;15;1;Bottom scale;;;;ЛОЖЬ;ИСТИНА;ЛОЖЬ;;;;;;;;;;;;;;;;Output;EPKS_CCB;ESD_932_1;10317;;;;;;;;
M;C380_5_F;;;;;Function block marker;;ЛОЖЬ;ЛОЖЬ;;380;;;;;;;0;;;;4575;ЛОЖЬ;0;;;;;;;;;;;;;;Undefined;;;;;;;;;;;;ЛОЖЬ;ИСТИНА;;;;;;;;;;;;;;;;;;;;;;;;;;;;
M;726_782_2;;;;;93TAHH937_I;;ЛОЖЬ;ЛОЖЬ;;782;;;;;;;0;;;;924;ЛОЖЬ;0;;;;;;;0=TRIP INITIATOR;;;;;;;Undefined;491;3428;;;;;;;;;;ЛОЖЬ;;;;;;;;;;;;;;;;;;;;;;;;;;;;;
M;724_9;;;;;;;ЛОЖЬ;ЛОЖЬ;;724;;;;;;;0;;;;4184;ЛОЖЬ;0;;;;;;;;;;;;;;Undefined;;;;;;;;;;;;ЛОЖЬ;ИСТИНА;;;;;;;;;;;;;;;;;;;;;;;;;;;;
DI;93HS751B_B0_OT_P;;COM;930-20;A_93020;CAP CTRL BIT 0;No;ИСТИНА;ИСТИНА;;434;;;;;;;0;;;;2102;ИСТИНА;37896;None;;;;;;1=TRUE;;;;;;;Undefined;491;3428;;;;;;Freeze;;;;ЛОЖЬ;;;;ЛОЖЬ;;;;;;;;;;;;;;Output;EPKS_CCB;ESD_932_1;2004;;;;;Input;CC_CCB_1;ESD_932_1;7
M;1027_2;;;;;;;ЛОЖЬ;ЛОЖЬ;;1027;;;;;;;0;;;;2246;ЛОЖЬ;0;;;;;;;;;;;;;;Undefined;;;;;;;;;;;;ЛОЖЬ;ИСТИНА;;;;;;;;;;;;;;;;;;;;;;;;;;;;
BO;93TI852_L;;COM;;;LO ALARM SETPOINT;No;ЛОЖЬ;ЛОЖЬ;;707;;Float;;;;;0;;;;2080;;0;;None;None;None;None;;;;;;;;;-XXXXX.X;;;;;;;;;;;;ЛОЖЬ;ИСТИНА;;;;;;;;;;;;;;;;;Output;EPKS_CCB;ESD_932_1;10437;;;;;;;;
DO;IB932_ESD1_T;;COM;862-34;;TEMPERATURE ALARM;No;ЛОЖЬ;ЛОЖЬ;;18;;;;;;;0;;;;3647;ЛОЖЬ;0;None;;;;;;;State High;;;;;;Undefined;;;;;;;;;;;;ЛОЖЬ;ИСТИНА;;;;;;;;;;;;;;;;;Output;EPKS_CCB;ESD_932_1;1275;;;;;;;;
DO;93ZALL753;;COM;930-20;A_93020;C9302001AX LSW LOCK DEV;No;ИСТИНА;ЛОЖЬ;;298;;;;;;;0;;;;512;ИСТИНА;37789;None;;;;;;0=TRIP;;;;;;;Undefined;491;3428;;;;;;;;;;ЛОЖЬ;;;;;;;;;;;;;;;;;;Output;EPKS_CCB;ESD_932_1;895;;;;;;;;
DO;93HY804_C;;COM;;;C-9302001BX LO START PM2;No;ИСТИНА;ЛОЖЬ;;648;;;;;;;0;;;;2009;ИСТИНА;37100;None;;;;;;0=TRIP;;;;;;;Undefined;491;3428;;;;;;;;;;ЛОЖЬ;;;;;;;;;;;;;;;;;;Output;EPKS_CCB;ESD_932_1;1010;;;;;;;;
M;526_164_1;;;;;93LT803;;ЛОЖЬ;ЛОЖЬ;;164;;;;;;;0;;;;966;ЛОЖЬ;0;;;;;;;1=MO CONFIRMED;;;;;;;Undefined;491;3428;;;;;;;;;;ЛОЖЬ;;;;;;;;;;;;;;;;;;;;;;;;;;;;;
M;C710_3_B;;;;;Function block marker;;ЛОЖЬ;ЛОЖЬ;;710;;;;;;;0;;;;4280;ЛОЖЬ;0;;;;;;;;;;;;;;Undefined;;;;;;;;;;;;ЛОЖЬ;ИСТИНА;;;;;;;;;;;;;;;;;;;;;;;;;;;;
R;2430_B;;;;;Signal 1;;ЛОЖЬ;ЛОЖЬ;;2430;;Float;;;;;0;;;;104;ЛОЖЬ;0;;;;;;;;;;;;;;Undefined;491;3428;;;;;;;;;;ЛОЖЬ;;;;;;;;;;;;;;;;;;;;;;;;;;;;;
DO;93TAHH812_FU;;COM;930-20;A_C93021;C9302001BX H2O COOL CYL1;No;ИСТИНА;ЛОЖЬ;;1027;;;;;;;0;;;;2350;ЛОЖЬ;38272;None;;;;;;1=FIRST;;;;;;;Undefined;;;;;;;;;;;;ЛОЖЬ;ИСТИНА;;;;;;;;;;;;;;;;;Output;EPKS_CCB;ESD_932_1;1113;;;;;;;;
DO;93FALL430_FU;;COM;930-20;A_C93021;H2O COOL C9302001CX;No;ИСТИНА;ЛОЖЬ;;1051;;;;;;;0;;;;2607;ЛОЖЬ;38329;None;;;;;;1=FIRST;;;;;;;Undefined;;;;;;;;;;;;ЛОЖЬ;ИСТИНА;;;;;;;;;;;;;;;;;Output;EPKS_CCB;ESD_932_1;1170;;;;;;;;
DO;93PI475_TF;;COM;930-20;A_93020;TRANSM. FAIL;No;ИСТИНА;ЛОЖЬ;;240;;;;;;;0;;;;262;ИСТИНА;37050;None;;;;;;0=FAIL;;;;;;;Undefined;491;3428;;;;;;;;;;ЛОЖЬ;;;;;;;;;;;;;;;;;;Output;EPKS_CCB;ESD_932_1;668;;;;;;;;
M;C700_6_G;;;;;Function block marker;;ЛОЖЬ;ЛОЖЬ;;700;;;;;;;0;;;;4319;ЛОЖЬ;0;;;;;;;;;;;;;;Undefined;;;;;;;;;;;;ЛОЖЬ;ИСТИНА;;;;;;;;;;;;;;;;;;;;;;;;;;;;
M;520_814_2;;;;;93FAL804_PERM;;ЛОЖЬ;ЛОЖЬ;;814;;;;;;;0;;;;4105;ЛОЖЬ;0;;;;;;;0=ALARM;;;;;;;Undefined;;;;;;;;;;;;ЛОЖЬ;ИСТИНА;;;;;;;;;;;;;;;;;;;;;;;;;;;;
M;448_1013_3;;;;;93HS760_P;;ЛОЖЬ;ЛОЖЬ;;1013;;;;;;;0;;;;2018;ЛОЖЬ;0;;;;;;;1=RESET;;;;;;;Undefined;;;;;;;;;;;;ЛОЖЬ;ИСТИНА;;;;;;;;;;;;;;;;;;;;;;;;;;;;
DO;93PI770_TF;;COM;;;TRANSM FAULT;No;ЛОЖЬ;ЛОЖЬ;;366;;;;;;;0;;;;406;ИСТИНА;38599;None;;;;;;0=ALARM;0=ALARM;;;;;;Undefined;;;;;;;;;;;;ЛОЖЬ;ИСТИНА;;;;;;;;;;;;;;;;;Output;EPKS_CCB;ESD_932_1;1328;;;;;;;;
M;1003_12;;;;;;;ЛОЖЬ;ЛОЖЬ;;1003;;;;;;;0;;;;2039;ЛОЖЬ;0;;;;;;;;;;;;;;Undefined;;;;;;;;;;;;ЛОЖЬ;ИСТИНА;;;;;;;;;;;;;;;;;;;;;;;;;;;;
T;634_1;;;;;;;ЛОЖЬ;ЛОЖЬ;;634;;;;;;;;100 ms;30;;468;ЛОЖЬ;0;;;;;;;;;;;;;;Undefined;491;3428;Pulse retriggerable with constant timer value;;;;;;;;;ЛОЖЬ;;;;;;;;;;;;;;;;;;;;;;;;;;;;;
BO;93PI926_LL;;COM;930-20;A_C93021;LL TRIP SETPOINT (kPa-g);No;ИСТИНА;ЛОЖЬ;;402;;Float;;;;;0;;;;476;;38147;;;;;;;;;0;0;;;;-XXXXX.X;491;3428;;;;;;;;;;ЛОЖЬ;;;;;;;;;;;;;;;;;;Output;EPKS_CCB;ESD_932_1;10245;;;;;;;;
BO;93TI854_H;;COM;;;H ALARM SETPOINT;No;ИСТИНА;ЛОЖЬ;;708;;Float;;;;;0;;;;932;;38145;;;;;;;;;0;0;;;;-XXXXX.X;491;3428;;;;;;;;;;ЛОЖЬ;;;;;;;;;;;;;;;;;;Output;EPKS_CCB;ESD_932_1;10296;;;;;;;;
DO;93HS705A;;COM;930-20;A_C93021;MOS EN AREA C9302001BX;No;ИСТИНА;ЛОЖЬ;;123;;;;;;;0;;;;326;ИСТИНА;37790;None;;;;;;1=ENABLED;;;;;;;Undefined;491;3428;;;;;;;;;;ЛОЖЬ;;;;;;;;;;;;;;;;;;Output;EPKS_CCB;ESD_932_1;502;;;;;;;;
M;434_438_4;;;;;CAPACITY 100%;;ЛОЖЬ;ЛОЖЬ;;438;;;;;;;0;;;;505;ЛОЖЬ;0;;;;;;;1=ACTIVE;;;;;;;Undefined;491;3428;;;;;;;;;;ЛОЖЬ;;;;;;;;;;;;;;;;;;;;;;;;;;;;;
DO;93HA757A;;COM;930-20;A_C93021;C-9302001AX EM.STOP;No;ИСТИНА;ЛОЖЬ;;398;;;;;;;0;;;;4173;ИСТИНА;38598;None;;;;;;0=TRIP;0=TRIP;;;;;;Undefined;;;;;;;;;;;;ЛОЖЬ;ИСТИНА;;;;;;;;;;;;;;;;;Output;EPKS_CCB;ESD_932_1;1454;;;;;;;;
T;698_8;;;;;;;ЛОЖЬ;ЛОЖЬ;;698;;;;;;;;100 ms;5;;1444;ЛОЖЬ;0;;;;;;;;;;;;;;Undefined;;;Delayed OFF with constant timer value;;;;;;;;;ЛОЖЬ;ИСТИНА;;;;;;;;;;;;;;;;;;;;;;;;;;;;
M;2450_E;;;;;2oo3 Trip Initiator;;ЛОЖЬ;ЛОЖЬ;;2450;;;;;;;0;;;;168;ЛОЖЬ;0;;;;;;;;;;;;;;Undefined;491;3428;;;;;;;;;;ЛОЖЬ;;;;;;;;;;;;;;;;;;;;;;;;;;;;;
M;C131_4;;;;;Compiler marker (352, 138);;ЛОЖЬ;ЛОЖЬ;;131;;;;;;;0;;;;2069;ЛОЖЬ;0;;;;;;;;;;;;;;Undefined;491;3428;;;;;;;;;;ЛОЖЬ;;;;;;;;;;;;;;;;;;;;;;;;;;;;;
M;702_8;;;;;;;ЛОЖЬ;ЛОЖЬ;;702;;;;;;;0;;;;4195;ЛОЖЬ;0;;;;;;;;;;;;;;Undefined;;;;;;;;;;;;ЛОЖЬ;ИСТИНА;;;;;;;;;;;;;;;;;;;;;;;;;;;;
T;702_11;;;;;;;ЛОЖЬ;ЛОЖЬ;;702;;;;;;;;100 ms;5;;1512;ЛОЖЬ;0;;;;;;;;;;;;;;Undefined;;;Delayed OFF with constant timer value;;;;;;;;;ЛОЖЬ;ИСТИНА;;;;;;;;;;;;;;;;;;;;;;;;;;;;
DO;93XS493_OOS;;COM;930-20;A_C93021;OOS ACTIVATE;No;ИСТИНА;ЛОЖЬ;;535;;;;;;;0;;;;79;ЛОЖЬ;38065;None;;;;;;1=ACTIVATE;;;;;;;Undefined;;;;;;;;;;;;ЛОЖЬ;ИСТИНА;;;;;;;;;;;;;;;;;Output;EPKS_CCB;ESD_932_1;892;;;;;;;;
DO;93TAHH884_CA;;COM;930-20;A_C93021;CAUSE ALARM;No;ИСТИНА;ЛОЖЬ;;722;;;;;;;0;;;;1440;ЛОЖЬ;37051;None;;;;;;0=ALARM;;;;;;;Undefined;491;3428;;;;;;;;;;ЛОЖЬ;;;;;;;;;;;;;;;;;;Output;EPKS_CCB;ESD_932_1;766;;;;;;;;
M;398_448_1;;;;;93HS757_I STOP;;ЛОЖЬ;ЛОЖЬ;;448;;;;;;;0;;;;911;ЛОЖЬ;0;;;;;;;0=TRIP;;;;;;;Undefined;491;3428;;;;;;;;;;ЛОЖЬ;;;;;;;;;;;;;;;;;;;;;;;;;;;;;
M;1035_3;;;;;;;ЛОЖЬ;ЛОЖЬ;;1035;;;;;;;0;;;;2271;ЛОЖЬ;0;;;;;;;;;;;;;;Undefined;;;;;;;;;;;;ЛОЖЬ;ИСТИНА;;;;;;;;;;;;;;;;;;;;;;;;;;;;
BO;93PI765_L;;COM;;;LO ALARM SETPOINT;No;ЛОЖЬ;ЛОЖЬ;;363;;Float;;;;;0;;;;72;;0;;None;None;None;None;;;;;;;;;-XXXXX.X;;;;;;;;;;;;ЛОЖЬ;ИСТИНА;;;;;;;;;;;;;;;;;Output;EPKS_CCB;ESD_932_1;10397;;;;;;;;
DO;93LI419_TF;;COM;930-20;A_93020;TRANSM. FAIL;No;ИСТИНА;ЛОЖЬ;;264;;;;;;;0;;;;392;ИСТИНА;37052;None;;;;;;0=FAIL;;;;;;;Undefined;491;3428;;;;;;;;;;ЛОЖЬ;;;;;;;;;;;;;;;;;;Output;EPKS_CCB;ESD_932_1;548;;;;;;;;
M;2499_G;;;;;TRIP 7;;ЛОЖЬ;ЛОЖЬ;;2499;;;;;;;0;;;;163;ЛОЖЬ;0;;;;;;;;;;;;;;Undefined;491;3428;;;;;;;;;;ЛОЖЬ;;;;;;;;;;;;;;;;;;;;;;;;;;;;;
DO;93FALL804_FU;;COM;930-20;A_C93021;C9302001BX COOL H2O CYL1;No;ИСТИНА;ЛОЖЬ;;1021;;;;;;;0;;;;2331;ЛОЖЬ;38253;None;;;;;;1=FIRST;;;;;;;Undefined;;;;;;;;;;;;ЛОЖЬ;ИСТИНА;;;;;;;;;;;;;;;;;Output;EPKS_CCB;ESD_932_1;1094;;;;;;;;
M;728_174_3;;;;;93VSHH851;;ЛОЖЬ;ЛОЖЬ;;174;;;;;;;0;;;;3692;ЛОЖЬ;0;;;;;;;1=MO CONFIRMED;;;;;;;Undefined;;;;;;;;;;;;ЛОЖЬ;ИСТИНА;;;;;;;;;;;;;;;;;;;;;;;;;;;;
M;698_815_5;;;;;93PAH868_PERM;;ЛОЖЬ;ЛОЖЬ;;815;;;;;;;0;;;;4162;ЛОЖЬ;0;;;;;;;0=ALARM;;;;;;;Undefined;;;;;;;;;;;;ЛОЖЬ;ИСТИНА;;;;;;;;;;;;;;;;;;;;;;;;;;;;
M;1031_9;;;;;;;ЛОЖЬ;ЛОЖЬ;;1031;;;;;;;0;;;;3681;ЛОЖЬ;0;;;;;;;;;;;;;;Undefined;;;;;;;;;;;;ЛОЖЬ;ИСТИНА;;;;;;;;;;;;;;;;;;;;;;;;;;;;
M;C1033_1_M;;;;;Function block marker;;ЛОЖЬ;ЛОЖЬ;;1033;;;;;;;0;;;;2382;ЛОЖЬ;0;;;;;;;;;;;;;;Undefined;;;;;;;;;;;;ЛОЖЬ;ИСТИНА;;;;;;;;;;;;;;;;;;;;;;;;;;;;
M;C1005_1_K;;;;;Function block marker;;ЛОЖЬ;ЛОЖЬ;;1005;;;;;;;0;;;;2458;ЛОЖЬ;0;;;;;;;;;;;;;;Undefined;;;;;;;;;;;;ЛОЖЬ;ИСТИНА;;;;;;;;;;;;;;;;;;;;;;;;;;;;
DO;93TAHH785_CA;;COM;;;CAUSE ALARM;No;ЛОЖЬ;ЛОЖЬ;;388;;;;;;;0;;;;3311;ЛОЖЬ;0;None;;;;;;0=ALARM;0=ALARM;;;;;;Undefined;;;;;;;;;;;;ЛОЖЬ;ИСТИНА;;;;;;;;;;;;;;;;;Output;EPKS_CCB;ESD_932_1;1206;;;;;;;;
T;242_1;;;930-20;;;;ЛОЖЬ;ЛОЖЬ;;242;;;;;;;;100 ms;5;;44;ЛОЖЬ;0;;;;;;;;;;;;;;Undefined;491;3428;Delayed OFF with constant timer value;;;;;;;;;ЛОЖЬ;;;;;;;;;;;;;;;;;;;;;;;;;;;;;
AI;93PI868;;FLD;;;C9302001CX PROC GAS CYL2;Yes;ИСТИНА;ЛОЖЬ;;698;ИСТИНА;Float;4-20mA;0;600;kPa;;;;;760;ЛОЖЬ;38597;;None;None;None;None;;;;;;;;;-XXXXX.X;3.64;22;;20.04;17;4;1;Top scale;;;;ЛОЖЬ;ИСТИНА;ЛОЖЬ;;;;;;;;;;;;;;;;Output;EPKS_CCB;ESD_932_1;10361;;;;;;;;
M;1328_1327_1;;;930-20;A_93020;COMMON_TF;;ЛОЖЬ;ЛОЖЬ;;1327;;;;;;;0;;;;96;ЛОЖЬ;0;;;;;;;0=ALARM;;;;;;;Undefined;;;;;;;;;;;;ЛОЖЬ;ИСТИНА;;;;;;;;;;;;;;;;;;;;;;;;;;;;
M;C538_9_G;;;;;Function block marker;;ЛОЖЬ;ЛОЖЬ;;538;;;;;;;0;;;;335;ЛОЖЬ;0;;;;;;;;;;;;;;Undefined;;;;;;;;;;;;ЛОЖЬ;ИСТИНА;;;;;;;;;;;;;;;;;;;;;;;;;;;;
T;640_2;;;;;;;ЛОЖЬ;ЛОЖЬ;;640;;;;;;;;1 s;180;;124;ЛОЖЬ;0;;;;;;;;;;;;;;Undefined;491;3428;Delayed ON with constant timer value;;;;;;;;;ЛОЖЬ;;;;;;;;;;;;;;;;;;;;;;;;;;;;;
M;C1013_2_J;;;;;Function block marker;;ЛОЖЬ;ЛОЖЬ;;1013;;;;;;;0;;;;3717;ЛОЖЬ;0;;;;;;;;;;;;;;Undefined;;;;;;;;;;;;ЛОЖЬ;ИСТИНА;;;;;;;;;;;;;;;;;;;;;;;;;;;;
M;C544_4_E;;;;;Function block marker;;ЛОЖЬ;ЛОЖЬ;;544;;;;;;;0;;;;4437;ЛОЖЬ;0;;;;;;;;;;;;;;Undefined;;;;;;;;;;;;ЛОЖЬ;ИСТИНА;;;;;;;;;;;;;;;;;;;;;;;;;;;;
M;400_1013_2;;;;;93FALL901_I (AFTER OOS);;ЛОЖЬ;ЛОЖЬ;;1013;;;;;;;0;;;;2172;ЛОЖЬ;0;;;;;;;0=TRIP INITIATOR;;;;;;;Undefined;;;;;;;;;;;;ЛОЖЬ;ИСТИНА;;;;;;;;;;;;;;;;;;;;;;;;;;;;
M;798_1047_3;;;;;93HS860_P;;ЛОЖЬ;ЛОЖЬ;;1047;;;;;;;0;;;;2532;ЛОЖЬ;0;;;;;;;1=RESET;;;;;;;Undefined;;;;;;;;;;;;ЛОЖЬ;ИСТИНА;;;;;;;;;;;;;;;;;;;;;;;;;;;;
M;C2450_3;;;;;Compiler marker (256, 258);;ЛОЖЬ;ЛОЖЬ;;2450;;;;;;;0;;;;321;ЛОЖЬ;0;;;;;;;;;;;;;;Undefined;491;3428;;;;;;;;;;ЛОЖЬ;;;;;;;;;;;;;;;;;;;;;;;;;;;;;
M;430_1017_2;;;;;C-9302001 EMERGENCY STOP;;ЛОЖЬ;ЛОЖЬ;;1017;;;;;;;0;;;;2181;ЛОЖЬ;0;;;;;;;0=STOP;;;;;;;Undefined;;;;;;;;;;;;ЛОЖЬ;ИСТИНА;;;;;;;;;;;;;;;;;;;;;;;;;;;;
DO;93ZALL804;;COM;930-20;A_C93021;C9302001BX LSW FLYW PCOV;No;ИСТИНА;ЛОЖЬ;;566;;;;;;;0;;;;1194;ИСТИНА;37792;None;;;;;;0=TRIP;;;;;;;Undefined;491;3428;;;;;;;;;;ЛОЖЬ;;;;;;;;;;;;;;;;;;Output;EPKS_CCB;ESD_932_1;898;;;;;;;;
DI;93PI864_MOR;;COM;930-20;A_C93021;MO REQUEST;No;ИСТИНА;ИСТИНА;;696;;;;;;;0;;;;2915;ЛОЖЬ;37053;None;;;;;;1=REQUEST;;;;;;;Undefined;491;3428;;;;;;Freeze;;;;ЛОЖЬ;;;;ЛОЖЬ;;;;;;;;;;;;;;Input;EPKS_CCB;ESD_932_1;84;;;;;;;;
M;C378_5_G;;;;;Function block marker;;ЛОЖЬ;ЛОЖЬ;;378;;;;;;;0;;;;4583;ЛОЖЬ;0;;;;;;;;;;;;;;Undefined;;;;;;;;;;;;ЛОЖЬ;ИСТИНА;;;;;;;;;;;;;;;;;;;;;;;;;;;;
T;310_1;;;;;;;ЛОЖЬ;ЛОЖЬ;;310;;;;;;;;100 ms;5;;264;ЛОЖЬ;0;;;;;;;;;;;;;;Undefined;;;Delayed OFF with constant timer value;;;;;;;;;ЛОЖЬ;ИСТИНА;;;;;;;;;;;;;;;;;;;;;;;;;;;;
M;1039_3;;;;;;;ЛОЖЬ;ЛОЖЬ;;1039;;;;;;;0;;;;2476;ЛОЖЬ;0;;;;;;;;;;;;;;Undefined;;;;;;;;;;;;ЛОЖЬ;ИСТИНА;;;;;;;;;;;;;;;;;;;;;;;;;;;;
DO;93TAHH878_CA;;COM;;;CAUSE ALARM;No;ЛОЖЬ;ЛОЖЬ;;724;;;;;;;0;;;;3374;ЛОЖЬ;0;None;;;;;;0=ALARM;0=ALARM;;;;;;Undefined;;;;;;;;;;;;ЛОЖЬ;ИСТИНА;;;;;;;;;;;;;;;;;Output;EPKS_CCB;ESD_932_1;1269;;;;;;;;
M;528_164_1;;;;;93PDT830;;ЛОЖЬ;ЛОЖЬ;;164;;;;;;;0;;;;959;ЛОЖЬ;0;;;;;;;1=MO CONFIRMED;;;;;;;Undefined;491;3428;;;;;;;;;;ЛОЖЬ;;;;;;;;;;;;;;;;;;;;;;;;;;;;;
M;1015_11;;;;;;;ЛОЖЬ;ЛОЖЬ;;1015;;;;;;;0;;;;2137;ЛОЖЬ;0;;;;;;;;;;;;;;Undefined;;;;;;;;;;;;ЛОЖЬ;ИСТИНА;;;;;;;;;;;;;;;;;;;;;;;;;;;;
DI;93LY854_P;;COM;930-20;A_C93021;DRAIN 2ND STAGE;No;ИСТИНА;ИСТИНА;;800;;;;;;;0;;;;1637;ИСТИНА;37814;None;;;;;;0=CLOSE;;;;;;;Undefined;491;3428;;;;;;Low;;;;ЛОЖЬ;;;;ЛОЖЬ;;;;;;;;;;Input;CC_CCB_2;ESD_932_1;6;Output;EPKS_CCB;ESD_932_1;2031;;;;;;;;
DO;93TAHH767;;COM;930-20;A_C93021;C9302001AX TMP GAS CYL2;No;ИСТИНА;ЛОЖЬ;;384;;;;;;;0;;;;782;ИСТИНА;37054;None;;;;;;0=TRIP;;;;;;;Undefined;491;3428;;;;;;;;;;ЛОЖЬ;;;;;;;;;;;;;;;;;;Output;EPKS_CCB;ESD_932_1;721;;;;;;;;
M;692_1;;;;;;;ЛОЖЬ;ЛОЖЬ;;692;;;;;;;0;;;;1418;ЛОЖЬ;0;;;;;;;;;;;;;;Undefined;491;3428;;;;;;;;;;ЛОЖЬ;;;;;;;;;;;;;;;;;;;;;;;;;;;;;
M;538_8;;;;;;;ЛОЖЬ;ЛОЖЬ;;538;;;;;;;0;;;;4087;ЛОЖЬ;0;;;;;;;;;;;;;;Undefined;;;;;;;;;;;;ЛОЖЬ;ИСТИНА;;;;;;;;;;;;;;;;;;;;;;;;;;;;
M;C386_5_G;;;;;Function block marker;;ЛОЖЬ;ЛОЖЬ;;386;;;;;;;0;;;;4560;ЛОЖЬ;0;;;;;;;;;;;;;;Undefined;;;;;;;;;;;;ЛОЖЬ;ИСТИНА;;;;;;;;;;;;;;;;;;;;;;;;;;;;
AI;93TI754;;FLD;930-20;A_C93021;C9302001AX TMP PACK CYL1;Yes;ИСТИНА;ЛОЖЬ;;374;ИСТИНА;Float;4-20mA;-50;200;°C;;;;;4;ЛОЖЬ;37940;;None;None;None;None;;;;-112.5;-112.5;;;;-XXXXX.X;3.76;21;;20.03;13;2;1;Bottom scale;;;;ЛОЖЬ;;ЛОЖЬ;;;;;;;;;;;;;;;;Output;EPKS_CCB;ESD_932_1;10133;;;;;;;;
DI;93PI764_MOR;;COM;930-20;A_C93021;MO REQUEST;No;ИСТИНА;ИСТИНА;;362;;;;;;;0;;;;2905;ЛОЖЬ;37056;None;;;;;;1=REQUEST;;;;;;;Undefined;491;3428;;;;;;Freeze;;;;ЛОЖЬ;;;;ЛОЖЬ;;;;;;;;;;;;;;Input;EPKS_CCB;ESD_932_1;74;;;;;;;;
M;535_628_2;;;;;93PALL819_I;;ЛОЖЬ;ЛОЖЬ;;628;;;;;;;0;;;;4053;ЛОЖЬ;0;;;;;;;0=TRIP INITIATOR;;;;;;;Undefined;;;;;;;;;;;;ЛОЖЬ;ИСТИНА;;;;;;;;;;;;;;;;;;;;;;;;;;;;
DO;93PI477_MOC;;COM;930-20;A_93020;MO CONFIRMED;No;ИСТИНА;ЛОЖЬ;;242;;;;;;;0;;;;280;ИСТИНА;37057;None;;;;;;1=CONFIRMED;;;;;;;Undefined;491;3428;;;;;;;;;;ЛОЖЬ;;;;;;;;;;;;;;;;;;Output;EPKS_CCB;ESD_932_1;669;;;;;;;;
M;C352_4_A;;;;;Compiler marker;;ЛОЖЬ;ЛОЖЬ;;352;;;;;;;0;;;;4661;ЛОЖЬ;0;;;;;;;;;;;;;;Undefined;;;;;;;;;;;;ЛОЖЬ;ИСТИНА;;;;;;;;;;;;;;;;;;;;;;;;;;;;
M;C280_2_F;;;;;Function block marker;;ЛОЖЬ;ЛОЖЬ;;280;;;;;;;0;;;;3588;ЛОЖЬ;0;;;;;;;;;;;;;;Undefined;;;;;;;;;;;;ЛОЖЬ;ИСТИНА;;;;;;;;;;;;;;;;;;;;;;;;;;;;
DO;93PI927A_TF;;COM;;;TRANSM FAULT;No;ЛОЖЬ;ЛОЖЬ;;402;;;;;;;0;;;;1820;ИСТИНА;38596;None;;;;;;0=ALARM;0=ALARM;;;;;;Undefined;;;;;;;;;;;;ЛОЖЬ;ИСТИНА;;;;;;;;;;;;;;;;;Output;EPKS_CCB;ESD_932_1;1381;;;;;;;;
M;373_816_3;;;;;93TAL930_PERM;;ЛОЖЬ;ЛОЖЬ;;816;;;;;;;0;;;;4215;ЛОЖЬ;0;;;;;;;0=ALARM;;;;;;;Undefined;;;;;;;;;;;;ЛОЖЬ;ИСТИНА;;;;;;;;;;;;;;;;;;;;;;;;;;;;
M;252_1033_2;;;;;93FALL428_I;;ЛОЖЬ;ЛОЖЬ;;1033;;;;;;;0;;;;2324;ЛОЖЬ;0;;;;;;;0=TRIP INITIATOR;;;;;;;Undefined;;;;;;;;;;;;ЛОЖЬ;ИСТИНА;;;;;;;;;;;;;;;;;;;;;;;;;;;;
M;C1029_1_H;;;;;Function block marker;;ЛОЖЬ;ЛОЖЬ;;1029;;;;;;;0;;;;2389;ЛОЖЬ;0;;;;;;;;;;;;;;Undefined;;;;;;;;;;;;ЛОЖЬ;ИСТИНА;;;;;;;;;;;;;;;;;;;;;;;;;;;;
DO;93ZSLL854_MOC;;COM;930-20;A_C93021;MO CONFIRMED;No;ИСТИНА;ЛОЖЬ;;730;;;;;;;0;;;;1541;ИСТИНА;37058;None;;;;;;1=CONFIRMED;;;;;;;Undefined;491;3428;;;;;;;;;;ЛОЖЬ;;;;;;;;;;;;;;;;;;Output;EPKS_CCB;ESD_932_1;906;;;;;;;;
DO;93TI484_MOC;;COM;930-20;A_93020;MO CONFIRMED;No;ИСТИНА;ЛОЖЬ;;234;;;;;;;0;;;;227;ИСТИНА;37059;None;;;;;;1=CONFIRMED;;;;;;;Undefined;491;3428;;;;;;;;;;ЛОЖЬ;;;;;;;;;;;;;;;;;;Output;EPKS_CCB;ESD_932_1;787;;;;;;;;
BO;93FI804_LL;;COM;930-20;A_C93021;LL TRIP SETPOINT (m3/h);No;ИСТИНА;ЛОЖЬ;;520;;Float;;;;;0;;;;660;;38104;;;;;;;;;0;0;;;;-XXXXX.X;491;3428;;;;;;;;;;ЛОЖЬ;;;;;;;;;;;;;;;;;;Output;EPKS_CCB;ESD_932_1;10183;;;;;;;;
DO;93LALL433_CA;;COM;930-20;A_93020;CAUSE ALARM;No;ЛОЖЬ;ЛОЖЬ;;284;;;;;;;0;;;;3353;ЛОЖЬ;0;None;;;;;;0=ALARM;0=ALARM;;;;;;Undefined;;;;;;;;;;;;ЛОЖЬ;ИСТИНА;;;;;;;;;;;;;;;;;Output;EPKS_CCB;ESD_932_1;1248;;;;;;;;
M;688_800_2;;;;;93LAHH851_I;;ЛОЖЬ;ЛОЖЬ;;800;;;;;;;0;;;;1330;ЛОЖЬ;0;;;;;;;0=TRIP INITIATOR;;;;;;;Undefined;491;3428;;;;;;;;;;ЛОЖЬ;;;;;;;;;;;;;;;;;;;;;;;;;;;;;
M;700_815_3;;;;;93PAH870_PERM;;ЛОЖЬ;ЛОЖЬ;;815;;;;;;;0;;;;4075;ЛОЖЬ;0;;;;;;;0=ALARM;;;;;;;Undefined;;;;;;;;;;;;ЛОЖЬ;ИСТИНА;;;;;;;;;;;;;;;;;;;;;;;;;;;;
DO;93TAHH769A_CA;;COM;;;CAUSE ALARM;No;ЛОЖЬ;ЛОЖЬ;;386;;;;;;;0;;;;3308;ЛОЖЬ;0;None;;;;;;0=ALARM;0=ALARM;;;;;;Undefined;;;;;;;;;;;;ЛОЖЬ;ИСТИНА;;;;;;;;;;;;;;;;;Output;EPKS_CCB;ESD_932_1;1203;;;;;;;;
BO;93TI784_HH;;COM;930-20;A_C93021;HH TRIP SETPOINT (°C);No;ИСТИНА;ЛОЖЬ;;388;;Float;;;;;0;;;;636;;38102;;;;;;;;;0;0;;;;-XXXXX.X;491;3428;;;;;;;;;;ЛОЖЬ;;;;;;;;;;;;;;;;;;Output;EPKS_CCB;ESD_932_1;10257;;;;;;;;
M;522_7;;;;;;;ЛОЖЬ;ЛОЖЬ;;522;;;;;;;0;;;;4106;ЛОЖЬ;0;;;;;;;;;;;;;;Undefined;;;;;;;;;;;;ЛОЖЬ;ИСТИНА;;;;;;;;;;;;;;;;;;;;;;;;;;;;
T;2432_1;;;;;;;ЛОЖЬ;ЛОЖЬ;;2432;;;;;;;;100 ms;5;;268;ЛОЖЬ;0;;;;;;;;;;;;;;Undefined;;;Delayed OFF with constant timer value;;;;;;;;;ЛОЖЬ;ИСТИНА;;;;;;;;;;;;;;;;;;;;;;;;;;;;
DO;93TI817_TF;;COM;930-20;A_C93021;TRANSM. FAIL;No;ИСТИНА;ЛОЖЬ;;554;;;;;;;0;;;;1160;ИСТИНА;37060;None;;;;;;0=FAIL;;;;;;;Undefined;491;3428;;;;;;;;;;ЛОЖЬ;;;;;;;;;;;;;;;;;;Output;EPKS_CCB;ESD_932_1;820;;;;;;;;
M;300_1053_4;;;;;93HS551B_I;;ЛОЖЬ;ЛОЖЬ;;1053;;;;;;;0;;;;2570;ЛОЖЬ;0;;;;;;;0=TRIP INITIATOR;;;;;;;Undefined;;;;;;;;;;;;ЛОЖЬ;ИСТИНА;;;;;;;;;;;;;;;;;;;;;;;;;;;;
DI;00XS932EMC01;;MAR;930-20;S_B93_2;IB-93-2 COMM ALARM EMC01;Yes;ИСТИНА;ЛОЖЬ;;18;;;;;;;;;;;21;ИСТИНА;37061;None;;;;;;0=ALARM;;;;;;;Undefined;491;3428;;20.03;3;14;1;Low;;;;ЛОЖЬ;;;;ЛОЖЬ;;;;;;;;;;;;;;Output;EPKS_CCB;ESD_932_1;973;;;;;;;;
M;C394_1_B;;;;;Compiler marker;;ЛОЖЬ;ЛОЖЬ;;394;;;;;;;0;;;;3268;ЛОЖЬ;0;;;;;;;;;;;;;;Undefined;;;;;;;;;;;;ЛОЖЬ;ИСТИНА;;;;;;;;;;;;;;;;;;;;;;;;;;;;
BO;93PDI782_H;;COM;;;HI ALARM SETPOINT;No;ЛОЖЬ;ЛОЖЬ;;360;;Float;;;;;0;;;;64;;0;;None;None;None;None;;;;;;;;;-XXXXX.X;;;;;;;;;;;;ЛОЖЬ;ИСТИНА;;;;;;;;;;;;;;;;;Output;EPKS_CCB;ESD_932_1;10395;;;;;;;;
M;2470_6;;;;;;;ЛОЖЬ;ЛОЖЬ;;2470;;;;;;;0;;;;132;ЛОЖЬ;0;;;;;;;;;;;;;;Undefined;491;3428;;;;;;;;;;ЛОЖЬ;;;;;;;;;;;;;;;;;;;;;;;;;;;;;
DO;93XY464_C;;COM;;;AUTO OPENING 93XV464;No;ИСТИНА;ЛОЖЬ;;648;;;;;;;0;;;;1886;ИСТИНА;37104;None;;;;;;0=TRIP;;;;;;;Undefined;491;3428;;;;;;;;;;ЛОЖЬ;;;;;;;;;;;;;;;;;;Output;EPKS_CCB;ESD_932_1;1029;;;;;;;;
M;524_9;;;;;;;ЛОЖЬ;ЛОЖЬ;;524;;;;;;;0;;;;4097;ЛОЖЬ;0;;;;;;;;;;;;;;Undefined;;;;;;;;;;;;ЛОЖЬ;ИСТИНА;;;;;;;;;;;;;;;;;;;;;;;;;;;;
DO;93PAHH871_FU;;COM;930-20;A_C93021;C9302001CX PRS GAS CYL2;No;ИСТИНА;ЛОЖЬ;;1043;;;;;;;0;;;;2587;ЛОЖЬ;38309;None;;;;;;1=FIRST;;;;;;;Undefined;;;;;;;;;;;;ЛОЖЬ;ИСТИНА;;;;;;;;;;;;;;;;;Output;EPKS_CCB;ESD_932_1;1150;;;;;;;;
M;C294_4_E;;;;;Function block marker;;ЛОЖЬ;ЛОЖЬ;;294;;;;;;;0;;;;2789;ЛОЖЬ;0;;;;;;;;;;;;;;Undefined;491;3428;;;;;;;;;;ЛОЖЬ;;;;;;;;;;;;;;;;;;;;;;;;;;;;;
DO;93TI862_TF;;COM;930-20;A_C93021;TRANSM. FAIL;No;ИСТИНА;ЛОЖЬ;;716;;;;;;;0;;;;1337;ИСТИНА;37062;None;;;;;;0=FAIL;;;;;;;Undefined;491;3428;;;;;;;;;;ЛОЖЬ;;;;;;;;;;;;;;;;;;Output;EPKS_CCB;ESD_932_1;840;;;;;;;;
AI;93TI803;;FLD;930-20;A_C93021;C9302001BX COOL H2O CYL1;Yes;ИСТИНА;ЛОЖЬ;;542;ИСТИНА;Float;4-20mA;-50;100;°C;;;;;68;ЛОЖЬ;37922;;None;None;None;None;;;;-87.5;-87.5;;;;-XXXXX.X;3.76;21;;20.03;15;1;1;Bottom scale;;;;ЛОЖЬ;;ЛОЖЬ;;;;;;;;;;;;;;;;Output;EPKS_CCB;ESD_932_1;10141;;;;;;;;
AI;93PI783;;FLD;;;C9302001AX PURGE GAS SUP;Yes;ИСТИНА;ЛОЖЬ;;370;ИСТИНА;Float;4-20mA;0;1.6;MPa;;;;;632;ЛОЖЬ;38595;;None;None;None;None;;;;;;;;;-XXXXX.X;3.64;22;;20.03;11;6;1;Bottom scale;;;;ЛОЖЬ;ИСТИНА;ЛОЖЬ;;;;;;;;;;;;;;;;Output;EPKS_CCB;ESD_932_1;10337;;;;;;;;
M;2450_B;;;;;Signal 2;;ЛОЖЬ;ЛОЖЬ;;2450;;;;;;;0;;;;117;ЛОЖЬ;0;;;;;;;;;;;;;;Undefined;491;3428;;;;;;;;;;ЛОЖЬ;;;;;;;;;;;;;;;;;;;;;;;;;;;;;
DO;IB932_ESD1_F2;;COM;930-20;A_93020;EXT. COM. FAULT;No;ИСТИНА;ЛОЖЬ;;16;;;;;;;0;;;;171;ИСТИНА;37793;None;;;;;;0=FAULT;;;;;;;Undefined;491;3428;;;;;;;;;;ЛОЖЬ;;;;;;;;;;;;;;;;;;Output;EPKS_CCB;ESD_932_1;908;;;;;;;;
M;716_172_1;;;;;93TT862;;ЛОЖЬ;ЛОЖЬ;;172;;;;;;;0;;;;2822;ЛОЖЬ;0;;;;;;;1=MO CONFIRMED;;;;;;;Undefined;491;3428;;;;;;;;;;ЛОЖЬ;;;;;;;;;;;;;;;;;;;;;;;;;;;;;
DO;93LALL421_P;;COM;930-20;A_93020;HYD GAS COND  B9302001B;No;ИСТИНА;ЛОЖЬ;;266;;;;;;;0;;;;493;ЛОЖЬ;38067;None;;;;;;1=ACTIVE;;;;;;;Undefined;491;3428;;;;;;;;;;ЛОЖЬ;;;;;;;;;;;;;;;;;;;;;;;;;;Output;CC_CCB_1;ESD_932_1;56
M;C560_6_E;;;;;Function block marker;;ЛОЖЬ;ЛОЖЬ;;560;;;;;;;0;;;;4387;ЛОЖЬ;0;;;;;;;;;;;;;;Undefined;;;;;;;;;;;;ЛОЖЬ;ИСТИНА;;;;;;;;;;;;;;;;;;;;;;;;;;;;
T;712_2;;;;;;;ЛОЖЬ;ЛОЖЬ;;712;;;;;;;;100 ms;5;;956;ЛОЖЬ;0;;;;;;;;;;;;;;Undefined;;;Delayed OFF with constant timer value;;;;;;;;;ЛОЖЬ;ИСТИНА;;;;;;;;;;;;;;;;;;;;;;;;;;;;
DO;93TAHH819A_CA;;COM;;;CAUSE ALARM;No;ЛОЖЬ;ЛОЖЬ;;556;;;;;;;0;;;;3336;ЛОЖЬ;0;None;;;;;;0=ALARM;0=ALARM;;;;;;Undefined;;;;;;;;;;;;ЛОЖЬ;ИСТИНА;;;;;;;;;;;;;;;;;Output;EPKS_CCB;ESD_932_1;1231;;;;;;;;
M;552_630_3;;;;;93TAHH812_I (AFTER OOS);;ЛОЖЬ;ЛОЖЬ;;630;;;;;;;0;;;;1164;ЛОЖЬ;0;;;;;;;0=TRIP;;;;;;;Undefined;491;3428;;;;;;;;;;ЛОЖЬ;;;;;;;;;;;;;;;;;;;;;;;;;;;;;
BO;93TI767_HH;;COM;930-20;A_C93021;HH TRIP SETPOINT (°C);No;ИСТИНА;ЛОЖЬ;;384;;Float;;;;;0;;;;612;;38115;;;;;;;;;0;0;;;;-XXXXX.X;491;3428;;;;;;;;;;ЛОЖЬ;;;;;;;;;;;;;;;;;;Output;EPKS_CCB;ESD_932_1;10255;;;;;;;;
M;C290_5_B;;;;;Function block marker;;ЛОЖЬ;ЛОЖЬ;;290;;;;;;;0;;;;3811;ЛОЖЬ;0;;;;;;;;;;;;;;Undefined;;;;;;;;;;;;ЛОЖЬ;ИСТИНА;;;;;;;;;;;;;;;;;;;;;;;;;;;;
M;2410_A;;;;;OOS STARTING SIGNAL;;ЛОЖЬ;ЛОЖЬ;;2410;;;;;;;0;;;;121;ЛОЖЬ;0;;;;;;;;;;;;;;Undefined;491;3428;;;;;;;;;;ЛОЖЬ;;;;;;;;;;;;;;;;;;;;;;;;;;;;;
M;384_3;;;;;;;ЛОЖЬ;ЛОЖЬ;;384;;;;;;;0;;;;788;ЛОЖЬ;0;;;;;;;;;;;;;;Undefined;491;3428;;;;;;;;;;ЛОЖЬ;;;;;;;;;;;;;;;;;;;;;;;;;;;;;
M;C430_1_D;;;;;Function block marker;;ЛОЖЬ;ЛОЖЬ;;430;;;;;;;0;;;;1872;ЛОЖЬ;0;;;;;;;;;;;;;;Undefined;491;3428;;;;;;;;;;ЛОЖЬ;;;;;;;;;;;;;;;;;;;;;;;;;;;;;
M;372_7;;;;;;;ЛОЖЬ;ЛОЖЬ;;372;;;;;;;0;;;;3988;ЛОЖЬ;0;;;;;;;;;;;;;;Undefined;;;;;;;;;;;;ЛОЖЬ;ИСТИНА;;;;;;;;;;;;;;;;;;;;;;;;;;;;
M;C704_6_E;;;;;Function block marker;;ЛОЖЬ;ЛОЖЬ;;704;;;;;;;0;;;;4297;ЛОЖЬ;0;;;;;;;;;;;;;;Undefined;;;;;;;;;;;;ЛОЖЬ;ИСТИНА;;;;;;;;;;;;;;;;;;;;;;;;;;;;
DO;93FI805_MOC;;COM;930-20;A_C93021;MO CONFIRMED;No;ИСТИНА;ЛОЖЬ;;522;;;;;;;0;;;;926;ИСТИНА;37064;None;;;;;;1=CONFIRMED;;;;;;;Undefined;491;3428;;;;;;;;;;ЛОЖЬ;;;;;;;;;;;;;;;;;;Output;EPKS_CCB;ESD_932_1;461;;;;;;;;
DO;93FALL755_CA;;COM;930-20;A_C93021;CAUSE ALARM;No;ИСТИНА;ЛОЖЬ;;352;;;;;;;0;;;;586;ЛОЖЬ;37065;None;;;;;;0=ALARM;;;;;;;Undefined;491;3428;;;;;;;;;;ЛОЖЬ;;;;;;;;;;;;;;;;;;Output;EPKS_CCB;ESD_932_1;432;;;;;;;;
M;C1013_2_H;;;;;Function block marker;;ЛОЖЬ;ЛОЖЬ;;1013;;;;;;;0;;;;3715;ЛОЖЬ;0;;;;;;;;;;;;;;Undefined;;;;;;;;;;;;ЛОЖЬ;ИСТИНА;;;;;;;;;;;;;;;;;;;;;;;;;;;;
M;C386_5_F;;;;;Function block marker;;ЛОЖЬ;ЛОЖЬ;;386;;;;;;;0;;;;4559;ЛОЖЬ;0;;;;;;;;;;;;;;Undefined;;;;;;;;;;;;ЛОЖЬ;ИСТИНА;;;;;;;;;;;;;;;;;;;;;;;;;;;;
M;694_1;;;;;;;ЛОЖЬ;ЛОЖЬ;;694;;;;;;;0;;;;1249;ЛОЖЬ;0;;;;;;;;;;;;;;Undefined;491;3428;;;;;;;;;;ЛОЖЬ;;;;;;;;;;;;;;;;;;;;;;;;;;;;;
T;432_1;;;;;;;ЛОЖЬ;ЛОЖЬ;;432;;;;;;;;1 s;180;;120;ЛОЖЬ;0;;;;;;;;;;;;;;Undefined;491;3428;Delayed ON with constant timer value;;;;;;;;;ЛОЖЬ;;;;;;;;;;;;;;;;;;;;;;;;;;;;;
M;722_174_1;;;;;93TT884;;ЛОЖЬ;ЛОЖЬ;;174;;;;;;;0;;;;1388;ЛОЖЬ;0;;;;;;;1=MO CONFIRMED;;;;;;;Undefined;491;3428;;;;;;;;;;ЛОЖЬ;;;;;;;;;;;;;;;;;;;;;;;;;;;;;
M;560_1029_2;;;;;93TAHH886_I;;ЛОЖЬ;ЛОЖЬ;;1029;;;;;;;0;;;;2314;ЛОЖЬ;0;;;;;;;0=TRIP INITIATOR;;;;;;;Undefined;;;;;;;;;;;;ЛОЖЬ;ИСТИНА;;;;;;;;;;;;;;;;;;;;;;;;;;;;
M;C246_7_F;;;;;Function block marker;;ЛОЖЬ;ЛОЖЬ;;246;;;;;;;0;;;;3933;ЛОЖЬ;0;;;;;;;;;;;;;;Undefined;;;;;;;;;;;;ЛОЖЬ;ИСТИНА;;;;;;;;;;;;;;;;;;;;;;;;;;;;
M;C416_1_C;;;;;Function block marker;;ЛОЖЬ;ЛОЖЬ;;416;;;;;;;0;;;;717;ЛОЖЬ;0;;;;;;;;;;;;;;Undefined;491;3428;;;;;;;;;;ЛОЖЬ;;;;;;;;;;;;;;;;;;;;;;;;;;;;;
AI;93PDI879;;FLD;;;C9302001CX PROC GAS CYL1;Yes;ИСТИНА;ЛОЖЬ;;692;ИСТИНА;Float;4-20mA;0;400;kPa;;;;;748;ЛОЖЬ;38594;;None;None;None;None;;;;;;;;;-XXXXX.X;3.64;22;;20.04;17;1;1;Top scale;;;;ЛОЖЬ;ИСТИНА;ЛОЖЬ;;;;;;;;;;;;;;;;Output;EPKS_CCB;ESD_932_1;10358;;;;;;;;
DO;PCDI_1_932_1_FLT_C;;COM;;;ESD_932_1 to-from CC_932_1;No;ИСТИНА;ЛОЖЬ;;21;;;;;;;0;;;;2082;ИСТИНА;37868;None;;;;;;1=ALARM;;;;;;;Undefined;491;3428;;;;;;;;;;ЛОЖЬ;;;;;;;;;;;;;;;;;;Output;EPKS_CCB;ESD_932_1;2036;;;;;;;;
AI;VM 20.04/7/17;;SYS;;;;Yes;ЛОЖЬ;;;0;ИСТИНА;Float;0-5V (VM);0;100;;;;;;404;ЛОЖЬ;0;;None;None;None;None;;;;;;;;;-XXXXX.X;2.5;3.9;;20.04;7;17;1;Scan;;;;ЛОЖЬ;;;;;;;;;;;;;;;;;;;;;;;;;;;;;
AI;93PI865;;FLD;;;C9302001CX PROC GAS CYL1;Yes;ИСТИНА;ЛОЖЬ;;696;ИСТИНА;Float;4-20mA;0;100;kPa;;;;;756;ЛОЖЬ;38593;;None;None;None;None;;;;;;;;;-XXXXX.X;3.64;22;;20.04;17;3;1;Top scale;;;;ЛОЖЬ;ИСТИНА;ЛОЖЬ;;;;;;;;;;;;;;;;Output;EPKS_CCB;ESD_932_1;10360;;;;;;;;
BO;93PDI781_HH;;COM;930-20;A_C93021;HH TRIP SETPOINT (MPa);No;ИСТИНА;ЛОЖЬ;;360;;Float;;;;;0;;;;480;;38116;;;;;;;;;0;0;;;;-XXXXX.X;491;3428;;;;;;;;;;ЛОЖЬ;;;;;;;;;;;;;;;;;;Output;EPKS_CCB;ESD_932_1;10211;;;;;;;;
M;790_794_1;;;;;CYCLE 1;;ЛОЖЬ;ЛОЖЬ;;794;;;;;;;0;;;;583;ЛОЖЬ;0;;;;;;;1=ACTIVE;;;;;;;Undefined;491;3428;;;;;;;;;;ЛОЖЬ;;;;;;;;;;;;;;;;;;;;;;;;;;;;;
DO;93LAHH854A_CA;;COM;;;CAUSE ALARM;No;ЛОЖЬ;ЛОЖЬ;;690;;;;;;;0;;;;3357;ЛОЖЬ;0;None;;;;;;0=ALARM;0=ALARM;;;;;;Undefined;;;;;;;;;;;;ЛОЖЬ;ИСТИНА;;;;;;;;;;;;;;;;;Output;EPKS_CCB;ESD_932_1;1252;;;;;;;;
AI;93LI438;;FLD;930-20;A_93020;HYDROC GAS CON B9302003C;Yes;ИСТИНА;ЛОЖЬ;;290;ИСТИНА;Float;4-20mA;0;100;%;;;;;292;ЛОЖЬ;37970;;None;None;None;None;;;;-25;-25;;;;-XXXXX.X;3.64;22;;20.04;5;6;1;Bottom scale;;;;ЛОЖЬ;;ЛОЖЬ;;;;;;;;;;;;;;;;Output;EPKS_CCB;ESD_932_1;10095;;;;;;;;
M;C274_2_G;;;;;Function block marker;;ЛОЖЬ;ЛОЖЬ;;274;;;;;;;0;;;;3847;ЛОЖЬ;0;;;;;;;;;;;;;;Undefined;;;;;;;;;;;;ЛОЖЬ;ИСТИНА;;;;;;;;;;;;;;;;;;;;;;;;;;;;
BO;93TI853_HH;;COM;930-20;A_C93021;HH TRIP SETPOINT (°C);No;ИСТИНА;ЛОЖЬ;;706;;Float;;;;;0;;;;468;;38118;;;;;;;;;0;0;;;;-XXXXX.X;491;3428;;;;;;;;;;ЛОЖЬ;;;;;;;;;;;;;;;;;;Output;EPKS_CCB;ESD_932_1;10269;;;;;;;;
AI;VM 20.04/3/17;;SYS;;;;Yes;ЛОЖЬ;;;0;ИСТИНА;Float;0-5V (VM);0;100;;;;;;268;ЛОЖЬ;0;;None;None;None;None;;;;;;;;;-XXXXX.X;2.5;3.9;;20.04;3;17;1;Scan;;;;ЛОЖЬ;;;;;;;;;;;;;;;;;;;;;;;;;;;;;
M;C402_2_F;;;;;Function block marker;;ЛОЖЬ;ЛОЖЬ;;402;;;;;;;0;;;;4529;ЛОЖЬ;0;;;;;;;;;;;;;;Undefined;;;;;;;;;;;;ЛОЖЬ;ИСТИНА;;;;;;;;;;;;;;;;;;;;;;;;;;;;
M;402_1;;;;;;;ЛОЖЬ;ЛОЖЬ;;402;;;;;;;0;;;;890;ЛОЖЬ;0;;;;;;;;;;;;;;Undefined;491;3428;;;;;;;;;;ЛОЖЬ;;;;;;;;;;;;;;;;;;;;;;;;;;;;;
BO;93TI759_HH;;COM;930-20;A_C93021;HH TRIP SETPOINT (°C);No;ИСТИНА;ЛОЖЬ;;378;;Float;;;;;0;;;;556;;38119;;;;;;;;;0;0;;;;-XXXXX.X;491;3428;;;;;;;;;;ЛОЖЬ;;;;;;;;;;;;;;;;;;Output;EPKS_CCB;ESD_932_1;10252;;;;;;;;
AI;93FI855;;FLD;930-20;A_C93021;C9302001CX COOL H2O CYL2;Yes;ИСТИНА;ЛОЖЬ;;686;ИСТИНА;Float;4-20mA;0;3.5;m3/h;;;;;480;ЛОЖЬ;37949;;None;None;None;None;;;;-0.875;-0.875;;;;-XXXXX.X;3.64;22;;20.04;11;2;1;Top scale;;;;ЛОЖЬ;;ЛОЖЬ;;;;;;;;;;;;;;;;Output;EPKS_CCB;ESD_932_1;10081;;;;;;;;
DI;93FI424_MOR;;COM;930-20;A_C93021;MO REQUEST;No;ИСТИНА;ИСТИНА;;248;;;;;;;0;;;;2840;ЛОЖЬ;37068;None;;;;;;1=REQUEST;;;;;;;Undefined;491;3428;;;;;;Freeze;;;;ЛОЖЬ;;;;ЛОЖЬ;;;;;;;;;;;;;;Input;EPKS_CCB;ESD_932_1;9;;;;;;;;
M;378_412_2;;;;;93TAHH759_I (AFTER OOS);;ЛОЖЬ;ЛОЖЬ;;412;;;;;;;0;;;;695;ЛОЖЬ;0;;;;;;;0=TRIP;;;;;;;Undefined;491;3428;;;;;;;;;;ЛОЖЬ;;;;;;;;;;;;;;;;;;;;;;;;;;;;;
M;C252_8_C;;;;;Function block marker;;ЛОЖЬ;ЛОЖЬ;;252;;;;;;;0;;;;3908;ЛОЖЬ;0;;;;;;;;;;;;;;Undefined;;;;;;;;;;;;ЛОЖЬ;ИСТИНА;;;;;;;;;;;;;;;;;;;;;;;;;;;;
DI;93HS807A;;LCP;930-20;A_C93021;C-9302001BX EM.STOP;Yes;ИСТИНА;ЛОЖЬ;;568;;;;;;;;;;;63;ИСТИНА;37069;None;;;;;;0=TRIP;;;;;;;Undefined;491;3428;;20.03;7;8;1;Low;;;;ЛОЖЬ;;;;ЛОЖЬ;;;;;;;;;;;;;;Output;EPKS_CCB;ESD_932_1;971;;;;;;;;
M;706_780_2;;;;;93TAHH853_I;;ЛОЖЬ;ЛОЖЬ;;780;;;;;;;0;;;;1426;ЛОЖЬ;0;;;;;;;0=TRIP INITIATOR;;;;;;;Undefined;491;3428;;;;;;;;;;ЛОЖЬ;;;;;;;;;;;;;;;;;;;;;;;;;;;;;
M;2347_B;;;;;MOS CONFIRMED;;ЛОЖЬ;ЛОЖЬ;;2347;;;;;;;0;;;;1613;ЛОЖЬ;0;;;;;;;;;;;;;;Undefined;491;3428;;;;;;;;;;ЛОЖЬ;;;;;;;;;;;;;;;;;;;;;;;;;;;;;
M;C564_1_B;;;;;Compiler marker;;ЛОЖЬ;ЛОЖЬ;;564;;;;;;;0;;;;1575;ЛОЖЬ;0;;;;;;;;;;;;;;Undefined;;;;;;;;;;;;ЛОЖЬ;ИСТИНА;;;;;;;;;;;;;;;;;;;;;;;;;;;;
M;798_800_2;;;;;93XY494_I;;ЛОЖЬ;ЛОЖЬ;;800;;;;;;;0;;;;1556;ЛОЖЬ;0;;;;;;;0=TRIP INITIATOR;;;;;;;Undefined;491;3428;;;;;;;;;;ЛОЖЬ;;;;;;;;;;;;;;;;;;;;;;;;;;;;;
M;546_630_2;;;;;93TAHH807_I;;ЛОЖЬ;ЛОЖЬ;;630;;;;;;;0;;;;1033;ЛОЖЬ;0;;;;;;;0=TRIP INITIATOR;;;;;;;Undefined;491;3428;;;;;;;;;;ЛОЖЬ;;;;;;;;;;;;;;;;;;;;;;;;;;;;;
BO;93TI779_H;;COM;;;HI ALARM SETPOINT;No;ЛОЖЬ;ЛОЖЬ;;392;;Float;;;;;0;;;;256;;0;;None;None;None;None;;;;;;;;;-XXXXX.X;;;;;;;;;;;;ЛОЖЬ;ИСТИНА;;;;;;;;;;;;;;;;;Output;EPKS_CCB;ESD_932_1;10409;;;;;;;;
M;1053_12;;;;;;;ЛОЖЬ;ЛОЖЬ;;1053;;;;;;;0;;;;2473;ЛОЖЬ;0;;;;;;;;;;;;;;Undefined;;;;;;;;;;;;ЛОЖЬ;ИСТИНА;;;;;;;;;;;;;;;;;;;;;;;;;;;;
DO;93PAL768;;COM;930-20;A_C93021;LO ALARM;No;ЛОЖЬ;ЛОЖЬ;;365;;;;;;;0;;;;2770;ЛОЖЬ;0;None;;;;;;0=ALARM;0=ALARM;;;;;;Undefined;;;;;;;;;;;;ЛОЖЬ;ИСТИНА;;;;;;;;;;;;;;;;;Output;EPKS_CCB;ESD_932_1;1391;;;;;;;;
M;C354_6_E;;;;;Function block marker;;ЛОЖЬ;ЛОЖЬ;;354;;;;;;;0;;;;4657;ЛОЖЬ;0;;;;;;;;;;;;;;Undefined;;;;;;;;;;;;ЛОЖЬ;ИСТИНА;;;;;;;;;;;;;;;;;;;;;;;;;;;;
DI;20-InputCompare;;SYS;;;Input compare fault;Yes;ЛОЖЬ;;;17;;;;;;;;;;;34;ЛОЖЬ;0;None;;;;;;;;;;;;;Undefined;491;3428;;;;;;;;;;ЛОЖЬ;;;;ЛОЖЬ;;;;;;;;;;;;;;;;;;;;;;;;;
M;C694_5_F;;;;;Function block marker;;ЛОЖЬ;ЛОЖЬ;;694;;;;;;;0;;;;4340;ЛОЖЬ;0;;;;;;;;;;;;;;Undefined;;;;;;;;;;;;ЛОЖЬ;ИСТИНА;;;;;;;;;;;;;;;;;;;;;;;;;;;;
M;250_152_1;;;;;93FT426;;ЛОЖЬ;ЛОЖЬ;;152;;;;;;;0;;;;404;ЛОЖЬ;0;;;;;;;1=MO CONFIRMED;;;;;;;Undefined;491;3428;;;;;;;;;;ЛОЖЬ;;;;;;;;;;;;;;;;;;;;;;;;;;;;;
DO;93TAHH757_FU;;COM;930-20;A_C93021;C9302001AX TMP PACK CYL2;No;ИСТИНА;ЛОЖЬ;;1009;;;;;;;0;;;;2203;ЛОЖЬ;38229;None;;;;;;1=FIRST;;;;;;;Undefined;;;;;;;;;;;;ЛОЖЬ;ИСТИНА;;;;;;;;;;;;;;;;;Output;EPKS_CCB;ESD_932_1;1070;;;;;;;;
T;728_3;;;;;;;ЛОЖЬ;ЛОЖЬ;;728;;;;;;;;100 ms;10;;1012;ЛОЖЬ;0;;;;;;;;;;;;;;Undefined;;;Delayed OFF with constant timer value;;;;;;;;;ЛОЖЬ;ИСТИНА;;;;;;;;;;;;;;;;;;;;;;;;;;;;
T;278_1;;;;;;;ЛОЖЬ;ЛОЖЬ;;278;;;;;;;;100 ms;5;;1236;ЛОЖЬ;0;;;;;;;;;;;;;;Undefined;;;Delayed OFF with constant timer value;;;;;;;;;ЛОЖЬ;ИСТИНА;;;;;;;;;;;;;;;;;;;;;;;;;;;;
M;C380_5_E;;;;;Function block marker;;ЛОЖЬ;ЛОЖЬ;;380;;;;;;;0;;;;4574;ЛОЖЬ;0;;;;;;;;;;;;;;Undefined;;;;;;;;;;;;ЛОЖЬ;ИСТИНА;;;;;;;;;;;;;;;;;;;;;;;;;;;;
DO;93PI768_TF;;COM;;;TRANSM FAULT;No;ЛОЖЬ;ЛОЖЬ;;364;;;;;;;0;;;;403;ИСТИНА;38592;None;;;;;;0=ALARM;0=ALARM;;;;;;Undefined;;;;;;;;;;;;ЛОЖЬ;ИСТИНА;;;;;;;;;;;;;;;;;Output;EPKS_CCB;ESD_932_1;1327;;;;;;;;
M;2350_B;;;;;MOS CONFIRMED;;ЛОЖЬ;ЛОЖЬ;;2350;;;;;;;0;;;;229;ЛОЖЬ;0;;;;;;;;;;;;;;Undefined;491;3428;;;;;;;;;;ЛОЖЬ;;;;;;;;;;;;;;;;;;;;;;;;;;;;;
M;C125_3;;;;;Compiler marker (288, 234);;ЛОЖЬ;ЛОЖЬ;;125;;;;;;;0;;;;2072;ЛОЖЬ;0;;;;;;;;;;;;;;Undefined;491;3428;;;;;;;;;;ЛОЖЬ;;;;;;;;;;;;;;;;;;;;;;;;;;;;;
BO;93PI088_LL;;COM;930-20;A_93020;LL TRIP SETPOINT (MPa(g));No;ИСТИНА;ЛОЖЬ;;310;;Float;;;;;0;;;;524;;38105;;;;;;;;;0;0;;;;-XXXXX.X;491;3428;;;;;;;;;;ЛОЖЬ;;;;;;;;;;;;;;;;;;Output;EPKS_CCB;ESD_932_1;10170;;;;;;;;
BO;93FI017_LL;;COM;930-20;A_93020;LL TRIP SETPOINT (kg/h);No;ИСТИНА;ЛОЖЬ;;312;;Float;;;;;0;;;;984;;38100;;;;;;;;;0;0;;;;-XXXXX.X;491;3428;;;;;;;;;;ЛОЖЬ;;;;;;;;;;;;;;;;;;Output;EPKS_CCB;ESD_932_1;10171;;;;;;;;
DO;93PALL884_CA;;COM;930-20;A_C93021;CAUSE ALARM;No;ИСТИНА;ЛОЖЬ;;704;;;;;;;0;;;;1305;ЛОЖЬ;37795;None;;;;;;0=ALARM;;;;;;;Undefined;491;3428;;;;;;;;;;ЛОЖЬ;;;;;;;;;;;;;;;;;;Output;EPKS_CCB;ESD_932_1;636;;;;;;;;
T;404_2;;;;;;;ЛОЖЬ;ЛОЖЬ;;404;;;;;;;;100 ms;5;;996;ЛОЖЬ;0;;;;;;;;;;;;;;Undefined;;;Delayed OFF with constant timer value;;;;;;;;;ЛОЖЬ;ИСТИНА;;;;;;;;;;;;;;;;;;;;;;;;;;;;
DI;93TI868_MOR;;COM;930-20;A_C93021;MO REQUEST;No;ИСТИНА;ИСТИНА;;720;;;;;;;0;;;;2965;ЛОЖЬ;37070;None;;;;;;1=REQUEST;;;;;;;Undefined;491;3428;;;;;;Freeze;;;;ЛОЖЬ;;;;ЛОЖЬ;;;;;;;;;;;;;;Input;EPKS_CCB;ESD_932_1;134;;;;;;;;
DI;93ZSLL854;;FLD;930-20;A_C93021;C9302001CX FLYWHEL COVER;Yes;ИСТИНА;ЛОЖЬ;;730;;;;;;;;;;;66;ИСТИНА;37071;None;;;;;;0=TRIP;;;;;;;Undefined;491;3428;;20.03;9;11;1;Low;;;;ЛОЖЬ;;;;ЛОЖЬ;;;;;;;;;;;;;;Output;EPKS_CCB;ESD_932_1;968;;;;;;;;
M;386_2;;;;;;;ЛОЖЬ;ЛОЖЬ;;386;;;;;;;0;;;;800;ЛОЖЬ;0;;;;;;;;;;;;;;Undefined;491;3428;;;;;;;;;;ЛОЖЬ;;;;;;;;;;;;;;;;;;;;;;;;;;;;;
T;250_6;;;;;;;ЛОЖЬ;ЛОЖЬ;;250;;;;;;;;100 ms;5;;1092;ЛОЖЬ;0;;;;;;;;;;;;;;Undefined;;;Delayed OFF with constant timer value;;;;;;;;;ЛОЖЬ;ИСТИНА;;;;;;;;;;;;;;;;;;;;;;;;;;;;
M;792_794_3;;;;;CAPACITY 75%;;ЛОЖЬ;ЛОЖЬ;;794;;;;;;;0;;;;610;ЛОЖЬ;0;;;;;;;1=ACTIVE;;;;;;;Undefined;491;3428;;;;;;;;;;ЛОЖЬ;;;;;;;;;;;;;;;;;;;;;;;;;;;;;
M;C648_3_A;;;;;Compiler marker;;ЛОЖЬ;ЛОЖЬ;;648;;;;;;;0;;;;1229;ЛОЖЬ;0;;;;;;;;;;;;;;Undefined;491;3428;;;;;;;;;;ЛОЖЬ;;;;;;;;;;;;;;;;;;;;;;;;;;;;;
M;360_9;;;;;;;ЛОЖЬ;ЛОЖЬ;;360;;;;;;;0;;;;3629;ЛОЖЬ;0;;;;;;;;;;;;;;Undefined;;;;;;;;;;;;ЛОЖЬ;ИСТИНА;;;;;;;;;;;;;;;;;;;;;;;;;;;;
M;546_2;;;;;;;ЛОЖЬ;ЛОЖЬ;;546;;;;;;;0;;;;1127;ЛОЖЬ;0;;;;;;;;;;;;;;Undefined;491;3428;;;;;;;;;;ЛОЖЬ;;;;;;;;;;;;;;;;;;;;;;;;;;;;;
DO;93TAL852;;COM;;;LO ALARM;No;ЛОЖЬ;ЛОЖЬ;;707;;;;;;;0;;;;3585;ЛОЖЬ;0;None;;;;;;0=ALARM;0=ALARM;;;;;;Undefined;;;;;;;;;;;;ЛОЖЬ;ИСТИНА;;;;;;;;;;;;;;;;;Output;EPKS_CCB;ESD_932_1;1429;;;;;;;;
DO;93FALL024A_CA;;COM;930-20;A_93020;CAUSE ALARM;No;ИСТИНА;ЛОЖЬ;;318;;;;;;;0;;;;3252;ЛОЖЬ;37055;None;;;;;;0=ALARM;;;;;;;Undefined;;;;;;;;;;;;ЛОЖЬ;ИСТИНА;;;;;;;;;;;;;;;;;Output;EPKS_CCB;ESD_932_1;1191;;;;;;;;
DO;93FALL854_FU;;COM;930-20;A_C93021;C9302001CX COOL H2O CYL1;No;ИСТИНА;ЛОЖЬ;;1039;;;;;;;0;;;;2577;ЛОЖЬ;38299;None;;;;;;1=FIRST;;;;;;;Undefined;;;;;;;;;;;;ЛОЖЬ;ИСТИНА;;;;;;;;;;;;;;;;;Output;EPKS_CCB;ESD_932_1;1140;;;;;;;;
M;C2450_1;;;;;Compiler marker (312, 60);;ЛОЖЬ;ЛОЖЬ;;2450;;;;;;;0;;;;301;ЛОЖЬ;0;;;;;;;;;;;;;;Undefined;491;3428;;;;;;;;;;ЛОЖЬ;;;;;;;;;;;;;;;;;;;;;;;;;;;;;
M;C123_4;;;;;Compiler marker (352, 138);;ЛОЖЬ;ЛОЖЬ;;123;;;;;;;0;;;;2077;ЛОЖЬ;0;;;;;;;;;;;;;;Undefined;491;3428;;;;;;;;;;ЛОЖЬ;;;;;;;;;;;;;;;;;;;;;;;;;;;;;
T;290_3;;;;;;;ЛОЖЬ;ЛОЖЬ;;290;;;;;;;;100 ms;10;;1216;ЛОЖЬ;0;;;;;;;;;;;;;;Undefined;;;Delayed OFF with constant timer value;;;;;;;;;ЛОЖЬ;ИСТИНА;;;;;;;;;;;;;;;;;;;;;;;;;;;;
M;370_9;;;;;;;ЛОЖЬ;ЛОЖЬ;;370;;;;;;;0;;;;3987;ЛОЖЬ;0;;;;;;;;;;;;;;Undefined;;;;;;;;;;;;ЛОЖЬ;ИСТИНА;;;;;;;;;;;;;;;;;;;;;;;;;;;;
DO;93TAHH754_FU;;COM;930-20;A_C93021;C9302001AX TMP PACK CYL1;No;ИСТИНА;ЛОЖЬ;;1009;;;;;;;0;;;;2202;ЛОЖЬ;38228;None;;;;;;1=FIRST;;;;;;;Undefined;;;;;;;;;;;;ЛОЖЬ;ИСТИНА;;;;;;;;;;;;;;;;;Output;EPKS_CCB;ESD_932_1;1069;;;;;;;;
DI;93ZSLL804;;FLD;930-20;A_C93021;C9302001BX FLYWHEL COVER;Yes;ИСТИНА;ЛОЖЬ;;566;;;;;;;;;;;49;ИСТИНА;37072;None;;;;;;0=TRIP;;;;;;;Undefined;491;3428;;20.03;7;10;1;Low;;;;ЛОЖЬ;;;;ЛОЖЬ;;;;;;;;;;;;;;Output;EPKS_CCB;ESD_932_1;966;;;;;;;;
M;436_450_1;;;;;93XY767A;;ЛОЖЬ;ЛОЖЬ;;450;;;;;;;0;;;;507;ЛОЖЬ;0;;;;;;;1=ACTIVE;;;;;;;Undefined;491;3428;;;;;;;;;;ЛОЖЬ;;;;;;;;;;;;;;;;;;;;;;;;;;;;;
M;C726_4_B;;;;;Function block marker;;ЛОЖЬ;ЛОЖЬ;;726;;;;;;;0;;;;4224;ЛОЖЬ;0;;;;;;;;;;;;;;Undefined;;;;;;;;;;;;ЛОЖЬ;ИСТИНА;;;;;;;;;;;;;;;;;;;;;;;;;;;;
DO;93TAHH868_CA;;COM;930-20;A_C93021;CAUSE ALARM;No;ИСТИНА;ЛОЖЬ;;720;;;;;;;0;;;;1282;ЛОЖЬ;37073;None;;;;;;0=ALARM;;;;;;;Undefined;491;3428;;;;;;;;;;ЛОЖЬ;;;;;;;;;;;;;;;;;;Output;EPKS_CCB;ESD_932_1;764;;;;;;;;
DI;93LI851_MOR;;COM;930-20;A_C93021;MO REQUEST;No;ИСТИНА;ИСТИНА;;688;;;;;;;0;;;;2884;ЛОЖЬ;37074;None;;;;;;1=REQUEST;;;;;;;Undefined;491;3428;;;;;;Freeze;;;;ЛОЖЬ;;;;ЛОЖЬ;;;;;;;;;;;;;;Input;EPKS_CCB;ESD_932_1;53;;;;;;;;
M;C230_4_D;;;;;Function block marker;;ЛОЖЬ;ЛОЖЬ;;230;;;;;;;0;;;;2819;ЛОЖЬ;0;;;;;;;;;;;;;;Undefined;491;3428;;;;;;;;;;ЛОЖЬ;;;;;;;;;;;;;;;;;;;;;;;;;;;;;
M;C720_6_E;;;;;Function block marker;;ЛОЖЬ;ЛОЖЬ;;720;;;;;;;0;;;;4249;ЛОЖЬ;0;;;;;;;;;;;;;;Undefined;;;;;;;;;;;;ЛОЖЬ;ИСТИНА;;;;;;;;;;;;;;;;;;;;;;;;;;;;
M;366_410_2;;;;;93PAHH771_I;;ЛОЖЬ;ЛОЖЬ;;410;;;;;;;0;;;;653;ЛОЖЬ;0;;;;;;;0=TRIP INITIATOR;;;;;;;Undefined;491;3428;;;;;;;;;;ЛОЖЬ;;;;;;;;;;;;;;;;;;;;;;;;;;;;;
M;394_428_1;;;;;93VAHH752_I;;ЛОЖЬ;ЛОЖЬ;;428;;;;;;;0;;;;873;ЛОЖЬ;0;;;;;;;0=TRIP INITIATOR;;;;;;;Undefined;491;3428;;;;;;;;;;ЛОЖЬ;;;;;;;;;;;;;;;;;;;;;;;;;;;;;
R;2457_F;;;;;Input 6;;ЛОЖЬ;ЛОЖЬ;;2457;;Float;;;;;0;;;;144;ЛОЖЬ;0;;;;;;;;;;;;;;Undefined;491;3428;;;;;;;;;;ЛОЖЬ;;;;;;;;;;;;;;;;;;;;;;;;;;;;;
M;C310_1_E;;;;;Function block marker;;ЛОЖЬ;ЛОЖЬ;;310;;;;;;;0;;;;1896;ЛОЖЬ;0;;;;;;;;;;;;;;Undefined;491;3428;;;;;;;;;;ЛОЖЬ;;;;;;;;;;;;;;;;;;;;;;;;;;;;;
DO;93LAHH853;;COM;930-20;A_C93021;C9302001CX LEV SEP 2ND;No;ИСТИНА;ЛОЖЬ;;690;;;;;;;0;;;;1392;ИСТИНА;37075;None;;;;;;0=TRIP;;;;;;;Undefined;491;3428;;;;;;;;;;ЛОЖЬ;;;;;;;;;;;;;;;;;;Output;EPKS_CCB;ESD_932_1;498;;;;;;;;
M;554_814_2;;;;;93TAH816_PERM;;ЛОЖЬ;ЛОЖЬ;;814;;;;;;;0;;;;4076;ЛОЖЬ;0;;;;;;;0=ALARM;;;;;;;Undefined;;;;;;;;;;;;ЛОЖЬ;ИСТИНА;;;;;;;;;;;;;;;;;;;;;;;;;;;;
M;248_7;;;;;;;ЛОЖЬ;ЛОЖЬ;;248;;;;;;;0;;;;3778;ЛОЖЬ;0;;;;;;;;;;;;;;Undefined;;;;;;;;;;;;ЛОЖЬ;ИСТИНА;;;;;;;;;;;;;;;;;;;;;;;;;;;;
DI;93PI461_MOR;;COM;930-20;A_93020;MO REQUEST;No;ИСТИНА;ИСТИНА;;236;;;;;;;0;;;;2901;ЛОЖЬ;37076;None;;;;;;1=REQUEST;;;;;;;Undefined;491;3428;;;;;;Freeze;;;;ЛОЖЬ;;;;ЛОЖЬ;;;;;;;;;;;;;;Input;EPKS_CCB;ESD_932_1;70;;;;;;;;
M;C356_6_G;;;;;Function block marker;;ЛОЖЬ;ЛОЖЬ;;356;;;;;;;0;;;;4652;ЛОЖЬ;0;;;;;;;;;;;;;;Undefined;;;;;;;;;;;;ЛОЖЬ;ИСТИНА;;;;;;;;;;;;;;;;;;;;;;;;;;;;
DI;PCDI_2_932_1_FLT;;COM;;;ESD_932_1 to-from CC_932_2;No;ИСТИНА;ИСТИНА;;21;;;;;;;0;;;;1663;ЛОЖЬ;37886;None;;;;;;1=ALARM;;;;;;;Undefined;491;3428;;;;;;High;;;;ЛОЖЬ;;;;ЛОЖЬ;;;;;;;;;;Input;CC_CCB_2;ESD_932_1;32;;;;;;;;;;;;
R;270_272_3;;;;;93LI424;;ЛОЖЬ;ЛОЖЬ;;272;;Float;;;;;0;;;;44;ЛОЖЬ;0;;;;;;;;;;;;;;Undefined;;;;;;;;;;;;ЛОЖЬ;ИСТИНА;;;;;;;;;;;;;;;;;;;;;;;;;;;;
M;262_296_4;;;;;93LALL417_I;;ЛОЖЬ;ЛОЖЬ;;296;;;;;;;0;;;;370;ЛОЖЬ;0;;;;;;;0=TRIP INITIATOR;;;;;;;Undefined;491;3428;;;;;;;;;;ЛОЖЬ;;;;;;;;;;;;;;;;;;;;;;;;;;;;;
T;720_5;;;;;;;ЛОЖЬ;ЛОЖЬ;;720;;;;;;;;100 ms;5;;1528;ЛОЖЬ;0;;;;;;;;;;;;;;Undefined;;;Delayed OFF with constant timer value;;;;;;;;;ЛОЖЬ;ИСТИНА;;;;;;;;;;;;;;;;;;;;;;;;;;;;
M;350_1003_2;;;;;93FALL754_I (AFTER OOS);;ЛОЖЬ;ЛОЖЬ;;1003;;;;;;;0;;;;2022;ЛОЖЬ;0;;;;;;;0=TRIP;;;;;;;Undefined;;;;;;;;;;;;ЛОЖЬ;ИСТИНА;;;;;;;;;;;;;;;;;;;;;;;;;;;;
DO;93FALL430_CA;;COM;930-20;A_C93021;CAUSE ALARM;No;ИСТИНА;ЛОЖЬ;;254;;;;;;;0;;;;334;ЛОЖЬ;37077;None;;;;;;0=ALARM;;;;;;;Undefined;491;3428;;;;;;;;;;ЛОЖЬ;;;;;;;;;;;;;;;;;;Output;EPKS_CCB;ESD_932_1;428;;;;;;;;
M;558_1;;;;;;;ЛОЖЬ;ЛОЖЬ;;558;;;;;;;0;;;;1141;ЛОЖЬ;0;;;;;;;;;;;;;;Undefined;491;3428;;;;;;;;;;ЛОЖЬ;;;;;;;;;;;;;;;;;;;;;;;;;;;;;
M;278_280_1;;;;;93LT429;;ЛОЖЬ;ЛОЖЬ;;280;;;;;;;0;;;;192;ЛОЖЬ;0;;;;;;;1=MO CONFIRMED;;;;;;;Undefined;491;3428;;;;;;;;;;ЛОЖЬ;;;;;;;;;;;;;;;;;;;;;;;;;;;;;
M;448_6;;;;;;;ЛОЖЬ;ЛОЖЬ;;448;;;;;;;0;;;;1786;ЛОЖЬ;0;;;;;;;;;;;;;;Undefined;491;3428;;;;;;;;;;ЛОЖЬ;;;;;;;;;;;;;;;;;;;;;;;;;;;;;
M;C1051_1_K;;;;;Function block marker;;ЛОЖЬ;ЛОЖЬ;;1051;;;;;;;0;;;;2620;ЛОЖЬ;0;;;;;;;;;;;;;;Undefined;;;;;;;;;;;;ЛОЖЬ;ИСТИНА;;;;;;;;;;;;;;;;;;;;;;;;;;;;
M;C692_6_G;;;;;Function block marker;;ЛОЖЬ;ЛОЖЬ;;692;;;;;;;0;;;;4351;ЛОЖЬ;0;;;;;;;;;;;;;;Undefined;;;;;;;;;;;;ЛОЖЬ;ИСТИНА;;;;;;;;;;;;;;;;;;;;;;;;;;;;
M;C716_5_E;;;;;Function block marker;;ЛОЖЬ;ЛОЖЬ;;716;;;;;;;0;;;;4260;ЛОЖЬ;0;;;;;;;;;;;;;;Undefined;;;;;;;;;;;;ЛОЖЬ;ИСТИНА;;;;;;;;;;;;;;;;;;;;;;;;;;;;
AI;93FI424;;FLD;930-20;A_C93021;H2O TO OIL C-9302001CX;Yes;ИСТИНА;ЛОЖЬ;;248;ИСТИНА;Float;4-20mA;0;8000;kg/h;;;;;272;ЛОЖЬ;37760;;None;None;None;None;;;;-2000;-2000;;;;-XXXXX.X;3.64;22;;20.04;5;1;1;Bottom scale;;;;ЛОЖЬ;;ЛОЖЬ;;;;;;;;;;;;;;;;Output;EPKS_CCB;ESD_932_1;10072;;;;;;;;
DO;93PALL460_CA;;COM;930-20;A_93020;CAUSE ALARM;No;ЛОЖЬ;ЛОЖЬ;;236;;;;;;;0;;;;3318;ЛОЖЬ;0;None;;;;;;0=ALARM;0=ALARM;;;;;;Undefined;;;;;;;;;;;;ЛОЖЬ;ИСТИНА;;;;;;;;;;;;;;;;;Output;EPKS_CCB;ESD_932_1;1213;;;;;;;;
M;C392_6_E;;;;;Function block marker;;ЛОЖЬ;ЛОЖЬ;;392;;;;;;;0;;;;4540;ЛОЖЬ;0;;;;;;;;;;;;;;Undefined;;;;;;;;;;;;ЛОЖЬ;ИСТИНА;;;;;;;;;;;;;;;;;;;;;;;;;;;;
DO;93PDTHH782_CA;;COM;;;CAUSE ALARM;No;ЛОЖЬ;ЛОЖЬ;;360;;;;;;;0;;;;3294;ЛОЖЬ;0;None;;;;;;0=ALARM;0=ALARM;;;;;;Undefined;;;;;;;;;;;;ЛОЖЬ;ИСТИНА;;;;;;;;;;;;;;;;;Output;EPKS_CCB;ESD_932_1;1180;;;;;;;;
DI;93HS814_P;;COM;930-20;A_C93021;ACK HORN PUSH BUTTON;No;ИСТИНА;ИСТИНА;;634;;;;;;;0;;;;1640;ИСТИНА;37397;None;;;;;;1=ACK;;;;;;;Undefined;491;3428;;;;;;Low;;;;ЛОЖЬ;;;;ЛОЖЬ;;;;;;;;;;Input;CC_CCB_2;ESD_932_1;9;Output;EPKS_CCB;ESD_932_1;2016;;;;;;;;
M;C358_3_G;;;;;Function block marker;;ЛОЖЬ;ЛОЖЬ;;358;;;;;;;0;;;;3571;ЛОЖЬ;0;;;;;;;;;;;;;;Undefined;;;;;;;;;;;;ЛОЖЬ;ИСТИНА;;;;;;;;;;;;;;;;;;;;;;;;;;;;
M;448_1009_1;;;;;93HS760_P;;ЛОЖЬ;ЛОЖЬ;;1009;;;;;;;0;;;;1862;ЛОЖЬ;0;;;;;;;1=RESET;;;;;;;Undefined;;;;;;;;;;;;ЛОЖЬ;ИСТИНА;;;;;;;;;;;;;;;;;;;;;;;;;;;;
M;704_1;;;;;;;ЛОЖЬ;ЛОЖЬ;;704;;;;;;;0;;;;1287;ЛОЖЬ;0;;;;;;;;;;;;;;Undefined;491;3428;;;;;;;;;;ЛОЖЬ;;;;;;;;;;;;;;;;;;;;;;;;;;;;;
DO;93VAHH751_FU;;COM;930-20;A_C93021;C9302001AX VIB CRANKCASE;No;ИСТИНА;ЛОЖЬ;;1013;;;;;;;0;;;;3668;ЛОЖЬ;38417;None;;;;;;1=FIRST;1=FIRST;;;;;;Undefined;;;;;;;;;;;;ЛОЖЬ;ИСТИНА;;;;;;;;;;;;;;;;;Output;EPKS_CCB;ESD_932_1;1282;;;;;;;;
T;722_6;;;;;;;ЛОЖЬ;ЛОЖЬ;;722;;;;;;;;100 ms;5;;1500;ЛОЖЬ;0;;;;;;;;;;;;;;Undefined;;;Delayed OFF with constant timer value;;;;;;;;;ЛОЖЬ;ИСТИНА;;;;;;;;;;;;;;;;;;;;;;;;;;;;
DO;93TAHH929_FU_C;;COM;930-20;A_C93021;C9302001 COOL H2O SUP;No;ИСТИНА;ЛОЖЬ;;1049;;;;;;;0;;;;2573;ЛОЖЬ;38295;None;;;;;;1=FIRST;;;;;;;Undefined;;;;;;;;;;;;ЛОЖЬ;ИСТИНА;;;;;;;;;;;;;;;;;Output;EPKS_CCB;ESD_932_1;1136;;;;;;;;
DO;93FALL855;;COM;930-20;A_C93021;C9302001CX COOL H2O CYL2;No;ИСТИНА;ЛОЖЬ;;686;;;;;;;0;;;;1335;ИСТИНА;37079;None;;;;;;0=TRIP;;;;;;;Undefined;491;3428;;;;;;;;;;ЛОЖЬ;;;;;;;;;;;;;;;;;;Output;EPKS_CCB;ESD_932_1;439;;;;;;;;
T;386_1;;;930-20;;;;ЛОЖЬ;ЛОЖЬ;;386;;;;;;;;100 ms;5;;320;ЛОЖЬ;0;;;;;;;;;;;;;;Undefined;491;3428;Delayed OFF with constant timer value;;;;;;;;;ЛОЖЬ;;;;;;;;;;;;;;;;;;;;;;;;;;;;;
M;698_1041_2;;;;;93PAHH869_I;;ЛОЖЬ;ЛОЖЬ;;1041;;;;;;;0;;;;2539;ЛОЖЬ;0;;;;;;;0=TRIP INITIATOR;;;;;;;Undefined;;;;;;;;;;;;ЛОЖЬ;ИСТИНА;;;;;;;;;;;;;;;;;;;;;;;;;;;;
M;2350_3;;;;;;;ЛОЖЬ;ЛОЖЬ;;2350;;;;;;;0;;;;232;ЛОЖЬ;0;;;;;;;;;;;;;;Undefined;491;3428;;;;;;;;;;ЛОЖЬ;;;;;;;;;;;;;;;;;;;;;;;;;;;;;
M;2470_L;;;;;Out 5;;ЛОЖЬ;ЛОЖЬ;;2470;;;;;;;0;;;;150;ЛОЖЬ;0;;;;;;;;;;;;;;Undefined;491;3428;;;;;;;;;;ЛОЖЬ;;;;;;;;;;;;;;;;;;;;;;;;;;;;;
AI;93TI828;;FLD;;;C-9302001BX TMP BEAR NDE;Yes;ИСТИНА;ЛОЖЬ;;560;ИСТИНА;Float;4-20mA;-50;200;°C;;;;;720;ЛОЖЬ;38591;;None;None;None;None;;;;;;;;;-XXXXX.X;3.76;21;;20.03;17;11;1;Top scale;;;;ЛОЖЬ;ИСТИНА;ЛОЖЬ;;;;;;;;;;;;;;;;Output;EPKS_CCB;ESD_932_1;10355;;;;;;;;
BO;93TI837_HH;;COM;930-20;A_C93021;HH TRIP SETPOINT (°C);No;ИСТИНА;ЛОЖЬ;;392;;Float;;;;;0;;;;648;;38138;;;;;;;;;0;0;;;;-XXXXX.X;491;3428;;;;;;;;;;ЛОЖЬ;;;;;;;;;;;;;;;;;;Output;EPKS_CCB;ESD_932_1;10268;;;;;;;;
M;404_814_5;;;;;93TAH930_PERM;;ЛОЖЬ;ЛОЖЬ;;814;;;;;;;0;;;;4214;ЛОЖЬ;0;;;;;;;0=ALARM;;;;;;;Undefined;;;;;;;;;;;;ЛОЖЬ;ИСТИНА;;;;;;;;;;;;;;;;;;;;;;;;;;;;
M;C404_6_E;;;;;Function block marker;;ЛОЖЬ;ЛОЖЬ;;404;;;;;;;0;;;;4526;ЛОЖЬ;0;;;;;;;;;;;;;;Undefined;;;;;;;;;;;;ЛОЖЬ;ИСТИНА;;;;;;;;;;;;;;;;;;;;;;;;;;;;
BO;93TI752_H;;COM;;;HI ALARM SETPOINT;No;ЛОЖЬ;ЛОЖЬ;;372;;Float;;;;;0;;;;92;;0;;None;None;None;None;;;;;;;;;-XXXXX.X;;;;;;;;;;;;ЛОЖЬ;ИСТИНА;;;;;;;;;;;;;;;;;Output;EPKS_CCB;ESD_932_1;10402;;;;;;;;
M;C402_1_B;;;;;Function block marker;;ЛОЖЬ;ЛОЖЬ;;402;;;;;;;0;;;;1876;ЛОЖЬ;0;;;;;;;;;;;;;;Undefined;491;3428;;;;;;;;;;ЛОЖЬ;;;;;;;;;;;;;;;;;;;;;;;;;;;;;
M;C256_7_E;;;;;Function block marker;;ЛОЖЬ;ЛОЖЬ;;256;;;;;;;0;;;;3887;ЛОЖЬ;0;;;;;;;;;;;;;;Undefined;;;;;;;;;;;;ЛОЖЬ;ИСТИНА;;;;;;;;;;;;;;;;;;;;;;;;;;;;
AI;93FI024A;;FLD;;;HYDROGEN-CONTAINING GAS;Yes;ИСТИНА;ЛОЖЬ;;318;ИСТИНА;Float;4-20mA;0;160;kg/h;;;;;848;ЛОЖЬ;38590;;None;None;None;None;;;;;;;;;-XXXXX.X;3.64;22;;20.05;11;9;1;Bottom scale;;;;ЛОЖЬ;ИСТИНА;ЛОЖЬ;;;;;;;;;;;;;;;;Output;EPKS_CCB;ESD_932_1;10381;;;;;;;;
DO;93XY454;;MCC;930-20;A_93020;AUTO OPENING 93XV454;Yes;ИСТИНА;ЛОЖЬ;;240;;;;;;;0;;;;91;ЛОЖЬ;37080;None;;;;;;1=OPEN;;;;;;;Undefined;491;3428;;20.06;1;4;1;Appl;;;;ЛОЖЬ;;;;;;;;;;;;;;;;;;;;;;;;;;;;;
DO;93PAH820;;COM;;;HI ALARM;No;ЛОЖЬ;ЛОЖЬ;;536;;;;;;;0;;;;2813;ЛОЖЬ;0;None;;;;;;0=ALARM;0=ALARM;;;;;;Undefined;;;;;;;;;;;;ЛОЖЬ;ИСТИНА;;;;;;;;;;;;;;;;;Output;EPKS_CCB;ESD_932_1;1409;;;;;;;;
M;2460_C;;;;;LIMIT_OPEN;;ЛОЖЬ;ЛОЖЬ;;2460;;;;;;;0;;;;123;ЛОЖЬ;0;;;;;;;;;;;;;;Undefined;491;3428;;;;;;;;;;ЛОЖЬ;;;;;;;;;;;;;;;;;;;;;;;;;;;;;
DO;93LAHH427_P;;COM;930-20;A_93020;HYD GAS COND  B9302002B;No;ИСТИНА;ЛОЖЬ;;276;;;;;;;0;;;;533;ЛОЖЬ;38062;None;;;;;;1=ACTIVE;;;;;;;Undefined;491;3428;;;;;;;;;;ЛОЖЬ;;;;;;;;;;;;;;;;;;;;;;;;;;Output;CC_CCB_1;ESD_932_1;61
M;1007_7;;;;;;;ЛОЖЬ;ЛОЖЬ;;1007;;;;;;;0;;;;2055;ЛОЖЬ;0;;;;;;;;;;;;;;Undefined;;;;;;;;;;;;ЛОЖЬ;ИСТИНА;;;;;;;;;;;;;;;;;;;;;;;;;;;;
DI;93TI484_MOR;;COM;930-20;A_93020;MO REQUEST;No;ИСТИНА;ИСТИНА;;234;;;;;;;0;;;;2923;ЛОЖЬ;37081;None;;;;;;1=REQUEST;;;;;;;Undefined;491;3428;;;;;;Freeze;;;;ЛОЖЬ;;;;ЛОЖЬ;;;;;;;;;;;;;;Input;EPKS_CCB;ESD_932_1;92;;;;;;;;
M;362_3;;;;;;;ЛОЖЬ;ЛОЖЬ;;362;;;;;;;0;;;;649;ЛОЖЬ;0;;;;;;;;;;;;;;Undefined;491;3428;;;;;;;;;;ЛОЖЬ;;;;;;;;;;;;;;;;;;;;;;;;;;;;;
M;710_816_3;;;;;93TAH857_PERM;;ЛОЖЬ;ЛОЖЬ;;816;;;;;;;0;;;;4138;ЛОЖЬ;0;;;;;;;0=ALARM;;;;;;;Undefined;;;;;;;;;;;;ЛОЖЬ;ИСТИНА;;;;;;;;;;;;;;;;;;;;;;;;;;;;
M;C314_6_F;;;;;Function block marker;;ЛОЖЬ;ЛОЖЬ;;314;;;;;;;0;;;;4693;ЛОЖЬ;0;;;;;;;;;;;;;;Undefined;;;;;;;;;;;;ЛОЖЬ;ИСТИНА;;;;;;;;;;;;;;;;;;;;;;;;;;;;
M;C522_4_A;;;;;Compiler marker;;ЛОЖЬ;ЛОЖЬ;;522;;;;;;;0;;;;4513;ЛОЖЬ;0;;;;;;;;;;;;;;Undefined;;;;;;;;;;;;ЛОЖЬ;ИСТИНА;;;;;;;;;;;;;;;;;;;;;;;;;;;;
DO;93FALL428_CA;;COM;930-20;A_C93021;CAUSE ALARM;No;ИСТИНА;ЛОЖЬ;;252;;;;;;;0;;;;324;ЛОЖЬ;37082;None;;;;;;0=ALARM;;;;;;;Undefined;491;3428;;;;;;;;;;ЛОЖЬ;;;;;;;;;;;;;;;;;;Output;EPKS_CCB;ESD_932_1;426;;;;;;;;
M;552_1027_3;;;;;93TAHH812_I (AFTER OOS);;ЛОЖЬ;ЛОЖЬ;;1027;;;;;;;0;;;;2310;ЛОЖЬ;0;;;;;;;0=TRIP;;;;;;;Undefined;;;;;;;;;;;;ЛОЖЬ;ИСТИНА;;;;;;;;;;;;;;;;;;;;;;;;;;;;
M;C250_8_C;;;;;Function block marker;;ЛОЖЬ;ЛОЖЬ;;250;;;;;;;0;;;;3917;ЛОЖЬ;0;;;;;;;;;;;;;;Undefined;;;;;;;;;;;;ЛОЖЬ;ИСТИНА;;;;;;;;;;;;;;;;;;;;;;;;;;;;
BO;93PI769_LL;;COM;930-20;A_C93021;LL TRIP SETPOINT (kPa-g);No;ИСТИНА;ЛОЖЬ;;365;;Float;;;;;0;;;;592;;38137;;;;;;;;;0;0;;;;-XXXXX.X;491;3428;;;;;;;;;;ЛОЖЬ;;;;;;;;;;;;;;;;;;Output;EPKS_CCB;ESD_932_1;10224;;;;;;;;
AI;93LI853;;FLD;930-20;A_C93021;C-9302001CX LEVEL 2ND ST;Yes;ИСТИНА;ЛОЖЬ;;690;ИСТИНА;Float;4-20mA;0;100;%;;;;;488;ЛОЖЬ;37803;;None;None;None;None;;;;-25;-25;;;;-XXXXX.X;3.64;22;;20.04;11;4;1;Bottom scale;;;;ЛОЖЬ;;ЛОЖЬ;;;;;;;;;;;;;;;;Output;EPKS_CCB;ESD_932_1;10101;;;;;;;;
M;C292_4_D;;;;;Function block marker;;ЛОЖЬ;ЛОЖЬ;;292;;;;;;;0;;;;2793;ЛОЖЬ;0;;;;;;;;;;;;;;Undefined;491;3428;;;;;;;;;;ЛОЖЬ;;;;;;;;;;;;;;;;;;;;;;;;;;;;;
M;C532_6_E;;;;;Function block marker;;ЛОЖЬ;ЛОЖЬ;;532;;;;;;;0;;;;4481;ЛОЖЬ;0;;;;;;;;;;;;;;Undefined;;;;;;;;;;;;ЛОЖЬ;ИСТИНА;;;;;;;;;;;;;;;;;;;;;;;;;;;;
M;788_3;;;;;;;ЛОЖЬ;ЛОЖЬ;;788;;;;;;;0;;;;1760;ЛОЖЬ;0;;;;;;;;;;;;;;Undefined;491;3428;;;;;;;;;;ЛОЖЬ;;;;;;;;;;;;;;;;;;;;;;;;;;;;;
DO;93XY454_C;;COM;;;AUTO OPENING 93XV454;No;ИСТИНА;ЛОЖЬ;;240;;;;;;;0;;;;1227;ИСТИНА;37118;None;;;;;;0=TRIP;;;;;;;Undefined;491;3428;;;;;;;;;;ЛОЖЬ;;;;;;;;;;;;;;;;;;Output;EPKS_CCB;ESD_932_1;1022;;;;;;;;
M;402_788_2;;;;;93PALL926_I (AFTER OOS);;ЛОЖЬ;ЛОЖЬ;;788;;;;;;;0;;;;1565;ЛОЖЬ;0;;;;;;;0=TRIP INITIATOR;;;;;;;Undefined;491;3428;;;;;;;;;;ЛОЖЬ;;;;;;;;;;;;;;;;;;;;;;;;;;;;;
M;1003_8;;;;;;;ЛОЖЬ;ЛОЖЬ;;1003;;;;;;;0;;;;2034;ЛОЖЬ;0;;;;;;;;;;;;;;Undefined;;;;;;;;;;;;ЛОЖЬ;ИСТИНА;;;;;;;;;;;;;;;;;;;;;;;;;;;;
M;412_414_1;;;;;COMMON TRIP;;ЛОЖЬ;ЛОЖЬ;;414;;;;;;;0;;;;598;ЛОЖЬ;0;;;;;;;0=TRIP;;;;;;;Undefined;491;3428;;;;;;;;;;ЛОЖЬ;;;;;;;;;;;;;;;;;;;;;;;;;;;;;
M;230_2;;;;;;;ЛОЖЬ;ЛОЖЬ;;230;;;;;;;0;;;;205;ЛОЖЬ;0;;;;;;;;;;;;;;Undefined;491;3428;;;;;;;;;;ЛОЖЬ;;;;;;;;;;;;;;;;;;;;;;;;;;;;;
DO;93VAHH802_FU;;COM;930-20;A_C93021;C9302001BX VIB CRANKCASE;No;ИСТИНА;ЛОЖЬ;;1031;;;;;;;0;;;;2356;ЛОЖЬ;38278;None;;;;;;1=FIRST;;;;;;;Undefined;;;;;;;;;;;;ЛОЖЬ;ИСТИНА;;;;;;;;;;;;;;;;;Output;EPKS_CCB;ESD_932_1;1119;;;;;;;;
M;699_778_2;;;;;93PALL869_I;;ЛОЖЬ;ЛОЖЬ;;778;;;;;;;0;;;;4156;ЛОЖЬ;0;;;;;;;0=TRIP INITIATOR;;;;;;;Undefined;;;;;;;;;;;;ЛОЖЬ;ИСТИНА;;;;;;;;;;;;;;;;;;;;;;;;;;;;
M;242_1;;;930-20;;;;ЛОЖЬ;ЛОЖЬ;;242;;;;;;;0;;;;275;ЛОЖЬ;0;;;;;;;;;;;;;;Undefined;491;3428;;;;;;;;;;ЛОЖЬ;;;;;;;;;;;;;;;;;;;;;;;;;;;;;
M;250_272_2;;;;;93FALL426_I;;ЛОЖЬ;ЛОЖЬ;;272;;;;;;;0;;;;287;ЛОЖЬ;0;;;;;;;0=TRIP INITIATOR;;;;;;;Undefined;491;3428;;;;;;;;;;ЛОЖЬ;;;;;;;;;;;;;;;;;;;;;;;;;;;;;
T;264_7;;;;;;;ЛОЖЬ;ЛОЖЬ;;264;;;;;;;;100 ms;5;;1160;ЛОЖЬ;0;;;;;;;;;;;;;;Undefined;;;Delayed OFF with constant timer value;;;;;;;;;ЛОЖЬ;ИСТИНА;;;;;;;;;;;;;;;;;;;;;;;;;;;;
M;C388_5_G;;;;;Function block marker;;ЛОЖЬ;ЛОЖЬ;;388;;;;;;;0;;;;4553;ЛОЖЬ;0;;;;;;;;;;;;;;Undefined;;;;;;;;;;;;ЛОЖЬ;ИСТИНА;;;;;;;;;;;;;;;;;;;;;;;;;;;;
M;448_10;;;;;;;ЛОЖЬ;ЛОЖЬ;;448;;;;;;;0;;;;1790;ЛОЖЬ;0;;;;;;;;;;;;;;Undefined;491;3428;;;;;;;;;;ЛОЖЬ;;;;;;;;;;;;;;;;;;;;;;;;;;;;;
M;404_816_5;;;;;93TAH930_PERM;;ЛОЖЬ;ЛОЖЬ;;816;;;;;;;0;;;;4120;ЛОЖЬ;0;;;;;;;0=ALARM;;;;;;;Undefined;;;;;;;;;;;;ЛОЖЬ;ИСТИНА;;;;;;;;;;;;;;;;;;;;;;;;;;;;
DO;93PAHH869;;COM;;;C9302001CX PRS GAS CYL2;No;ИСТИНА;ЛОЖЬ;;698;;;;;;;0;;;;1465;ИСТИНА;37084;None;;;;;;0=TRIP;;;;;;;Undefined;491;3428;;;;;;;;;;ЛОЖЬ;;;;;;;;;;;;;;;;;;Output;EPKS_CCB;ESD_932_1;595;;;;;;;;
DO;93PILL833_CA;;COM;;;CAUSE ALARM;No;ЛОЖЬ;ЛОЖЬ;;540;;;;;;;0;;;;3328;ЛОЖЬ;0;None;;;;;;0=ALARM;0=ALARM;;;;;;Undefined;;;;;;;;;;;;ЛОЖЬ;ИСТИНА;;;;;;;;;;;;;;;;;Output;EPKS_CCB;ESD_932_1;1225;;;;;;;;
M;C362_5_F;;;;;Function block marker;;ЛОЖЬ;ЛОЖЬ;;362;;;;;;;0;;;;3564;ЛОЖЬ;0;;;;;;;;;;;;;;Undefined;;;;;;;;;;;;ЛОЖЬ;ИСТИНА;;;;;;;;;;;;;;;;;;;;;;;;;;;;
BO;93LI417_LL;;COM;930-20;A_93020;LL TRIP SETPOINT (%);No;ИСТИНА;ЛОЖЬ;;262;;Float;;;;;0;;;;640;;38142;;;;;;;;;0;0;;;;-XXXXX.X;491;3428;;;;;;;;;;ЛОЖЬ;;;;;;;;;;;;;;;;;;Output;EPKS_CCB;ESD_932_1;10191;;;;;;;;
M;648_1033_3;;;;;93HS810_P;;ЛОЖЬ;ЛОЖЬ;;1033;;;;;;;0;;;;2289;ЛОЖЬ;0;;;;;;;1=RESET;;;;;;;Undefined;;;;;;;;;;;;ЛОЖЬ;ИСТИНА;;;;;;;;;;;;;;;;;;;;;;;;;;;;
M;C354_5_E;;;;;Function block marker;;ЛОЖЬ;ЛОЖЬ;;354;;;;;;;0;;;;4654;ЛОЖЬ;0;;;;;;;;;;;;;;Undefined;;;;;;;;;;;;ЛОЖЬ;ИСТИНА;;;;;;;;;;;;;;;;;;;;;;;;;;;;
DI;93VSHH801B;;BNS;930-20;A_C93021;C-9302001BX VIBR CRANK;Yes;ИСТИНА;ЛОЖЬ;;564;;;;;;;;;;;25;ИСТИНА;38416;None;;;;;;0=TRIP;0=TRIP;;;;;;Undefined;;;;20.03;3;2;1;Low;;;;ЛОЖЬ;ИСТИНА;;;ЛОЖЬ;View only;;;;;;;;;;;;;Output;EPKS_CCB;ESD_932_1;1283;;;;;;;;
DO;93TAH754;;COM;;;HI ALARM;No;ЛОЖЬ;ЛОЖЬ;;374;;;;;;;0;;;;3624;ЛОЖЬ;0;None;;;;;;0=ALARM;0=ALARM;;;;;;Undefined;;;;;;;;;;;;ЛОЖЬ;ИСТИНА;;;;;;;;;;;;;;;;;Output;EPKS_CCB;ESD_932_1;1442;;;;;;;;
M;C1023_1_K;;;;;Function block marker;;ЛОЖЬ;ЛОЖЬ;;1023;;;;;;;0;;;;2410;ЛОЖЬ;0;;;;;;;;;;;;;;Undefined;;;;;;;;;;;;ЛОЖЬ;ИСТИНА;;;;;;;;;;;;;;;;;;;;;;;;;;;;
DO;93HS551B_FU_A;;COM;930-20;A_C93020;STOP BTN 2LCSA3;No;ИСТИНА;ЛОЖЬ;;1017;;;;;;;0;;;;2226;ЛОЖЬ;38252;None;;;;;;1=FIRST;;;;;;;Undefined;;;;;;;;;;;;ЛОЖЬ;ИСТИНА;;;;;;;;;;;;;;;;;Output;EPKS_CCB;ESD_932_1;1093;;;;;;;;
M;364_8;;;;;;;ЛОЖЬ;ЛОЖЬ;;364;;;;;;;0;;;;3737;ЛОЖЬ;0;;;;;;;;;;;;;;Undefined;;;;;;;;;;;;ЛОЖЬ;ИСТИНА;;;;;;;;;;;;;;;;;;;;;;;;;;;;
M;378_810_3;;;;;93TAH758_PERM;;ЛОЖЬ;ЛОЖЬ;;810;;;;;;;0;;;;3993;ЛОЖЬ;0;;;;;;;0=ALARM;;;;;;;Undefined;;;;;;;;;;;;ЛОЖЬ;ИСТИНА;;;;;;;;;;;;;;;;;;;;;;;;;;;;
M;364_158_1;;;;;93PT769;;ЛОЖЬ;ЛОЖЬ;;158;;;;;;;0;;;;646;ЛОЖЬ;0;;;;;;;1=MO CONFIRMED;;;;;;;Undefined;491;3428;;;;;;;;;;ЛОЖЬ;;;;;;;;;;;;;;;;;;;;;;;;;;;;;
M;C378_5_F;;;;;Function block marker;;ЛОЖЬ;ЛОЖЬ;;378;;;;;;;0;;;;4582;ЛОЖЬ;0;;;;;;;;;;;;;;Undefined;;;;;;;;;;;;ЛОЖЬ;ИСТИНА;;;;;;;;;;;;;;;;;;;;;;;;;;;;
DO;93C2001CX_TF;;COM;930-20;A_93020;COMPRESSOR C-9302001CX AIs FAULT;No;ЛОЖЬ;ЛОЖЬ;;1327;;;;;;;0;;;;91;ИСТИНА;38395;None;;;;;;1=ALARM;;;;;;;Undefined;;;;;;;;;;;;ЛОЖЬ;ИСТИНА;;;;;;;;;;;;;Output;CC_CCB_2;ESD_932_1;72;;;;;;;;;;;;
DO;93XY457;;MCC;930-20;A_93020;AUTO OPENING 93XV457;Yes;ИСТИНА;ЛОЖЬ;;242;;;;;;;0;;;;93;ЛОЖЬ;37085;None;;;;;;1=OPEN;;;;;;;Undefined;491;3428;;20.06;1;6;1;Appl;;;;ЛОЖЬ;;;;;;;;;;;;;;;;;;;;;;;;;;;;;
DO;93TI785_TF;;COM;;;TRANSM FAULT;No;ЛОЖЬ;ЛОЖЬ;;388;;;;;;;0;;;;455;ИСТИНА;38589;None;;;;;;0=ALARM;0=ALARM;;;;;;Undefined;;;;;;;;;;;;ЛОЖЬ;ИСТИНА;;;;;;;;;;;;;;;;;Output;EPKS_CCB;ESD_932_1;1336;;;;;;;;
M;2430_E;;;;;0=TRIP;;ЛОЖЬ;ЛОЖЬ;;2430;;;;;;;0;;;;134;ЛОЖЬ;0;;;;;;;;;;;;;;Undefined;491;3428;;;;;;;;;;ЛОЖЬ;;;;;;;;;;;;;;;;;;;;;;;;;;;;;
T;264_6;;;;;;;ЛОЖЬ;ЛОЖЬ;;264;;;;;;;;100 ms;5;;1156;ЛОЖЬ;0;;;;;;;;;;;;;;Undefined;;;Delayed OFF with constant timer value;;;;;;;;;ЛОЖЬ;ИСТИНА;;;;;;;;;;;;;;;;;;;;;;;;;;;;
M;C696_6_E;;;;;Function block marker;;ЛОЖЬ;ЛОЖЬ;;696;;;;;;;0;;;;4335;ЛОЖЬ;0;;;;;;;;;;;;;;Undefined;;;;;;;;;;;;ЛОЖЬ;ИСТИНА;;;;;;;;;;;;;;;;;;;;;;;;;;;;
M;C272_2_F;;;;;Function block marker;;ЛОЖЬ;ЛОЖЬ;;272;;;;;;;0;;;;3849;ЛОЖЬ;0;;;;;;;;;;;;;;Undefined;;;;;;;;;;;;ЛОЖЬ;ИСТИНА;;;;;;;;;;;;;;;;;;;;;;;;;;;;
M;2499_B;;;;;TRIP 2;;ЛОЖЬ;ЛОЖЬ;;2499;;;;;;;0;;;;165;ЛОЖЬ;0;;;;;;;;;;;;;;Undefined;491;3428;;;;;;;;;;ЛОЖЬ;;;;;;;;;;;;;;;;;;;;;;;;;;;;;
M;C266_6_G;;;;;Function block marker;;ЛОЖЬ;ЛОЖЬ;;266;;;;;;;0;;;;3865;ЛОЖЬ;0;;;;;;;;;;;;;;Undefined;;;;;;;;;;;;ЛОЖЬ;ИСТИНА;;;;;;;;;;;;;;;;;;;;;;;;;;;;
DO;93XY414_C;;COM;930-20;A_93020;AUTO OPENING 93XV414;No;ИСТИНА;ЛОЖЬ;;236;;;;;;;0;;;;945;ИСТИНА;37127;None;;;;;;0=TRIP;;;;;;;Undefined;491;3428;;;;;;;;;;ЛОЖЬ;;;;;;;;;;;;;;;;;;Output;EPKS_CCB;ESD_932_1;1012;;;;;;;;
M;C548_5_F;;;;;Function block marker;;ЛОЖЬ;ЛОЖЬ;;548;;;;;;;0;;;;4427;ЛОЖЬ;0;;;;;;;;;;;;;;Undefined;;;;;;;;;;;;ЛОЖЬ;ИСТИНА;;;;;;;;;;;;;;;;;;;;;;;;;;;;
M;C274_3_F;;;;;Function block marker;;ЛОЖЬ;ЛОЖЬ;;274;;;;;;;0;;;;3597;ЛОЖЬ;0;;;;;;;;;;;;;;Undefined;;;;;;;;;;;;ЛОЖЬ;ИСТИНА;;;;;;;;;;;;;;;;;;;;;;;;;;;;
DO;93FI424_MOC;;COM;930-20;A_C93021;MO CONFIRMED;No;ИСТИНА;ЛОЖЬ;;248;;;;;;;0;;;;310;ИСТИНА;37086;None;;;;;;1=CONFIRMED;;;;;;;Undefined;491;3428;;;;;;;;;;ЛОЖЬ;;;;;;;;;;;;;;;;;;Output;EPKS_CCB;ESD_932_1;447;;;;;;;;
M;732_1053_2;;;;;93HS857_I;;ЛОЖЬ;ЛОЖЬ;;1053;;;;;;;0;;;;2567;ЛОЖЬ;0;;;;;;;0=TRIP INITIATOR;;;;;;;Undefined;;;;;;;;;;;;ЛОЖЬ;ИСТИНА;;;;;;;;;;;;;;;;;;;;;;;;;;;;
DI;93HS807A2;;LCP;930-20;A_C93021;C-9302001BX EM.STOP;Yes;ИСТИНА;ЛОЖЬ;;568;;;;;;;;;;;29;ИСТИНА;38588;None;;;;;;0=TRIP;0=TRIP;;;;;;Undefined;;;;20.03;3;6;1;Low;;;;ЛОЖЬ;ИСТИНА;;;ЛОЖЬ;View only;;;;;;;;;;;;;Output;EPKS_CCB;ESD_932_1;1458;;;;;;;;
DO;93TAHH987;;COM;930-20;A_P93020;HERM GLASS P9302001AX;No;ИСТИНА;ЛОЖЬ;;292;;;;;;;0;;;;195;ИСТИНА;37087;None;;;;;;0=TRIP;;;;;;;Undefined;491;3428;;;;;;;;;;ЛОЖЬ;;;;;;;;;;;;;;;;;;Output;EPKS_CCB;ESD_932_1;781;;;;;;;;
DO;93XY471;;MCC;930-20;A_93020;AUTO CLOSURE 93XV471;Yes;ИСТИНА;ЛОЖЬ;;284;;;;;;;0;;;;109;ЛОЖЬ;37088;None;;;;;;1=CLOSE;;;;;;;Undefined;491;3428;;20.06;3;6;1;Appl;;;;ЛОЖЬ;;;;;;;;;;;;;;;;;;;;;;;;;;;;;
DO;93TAHH857_CA;;COM;930-20;A_C93021;CAUSE ALARM;No;ИСТИНА;ЛОЖЬ;;710;;;;;;;0;;;;1478;ЛОЖЬ;37089;None;;;;;;0=ALARM;;;;;;;Undefined;491;3428;;;;;;;;;;ЛОЖЬ;;;;;;;;;;;;;;;;;;Output;EPKS_CCB;ESD_932_1;754;;;;;;;;
M;170_174_1;;;;;MOS AREA C-9302001CX;;ЛОЖЬ;ЛОЖЬ;;174;;;;;;;0;;;;1620;ЛОЖЬ;0;;;;;;;1=ACTIVE;;;;;;;Undefined;491;3428;;;;;;;;;;ЛОЖЬ;;;;;;;;;;;;;;;;;;;;;;;;;;;;;
M;728_2;;;;;;;ЛОЖЬ;ЛОЖЬ;;728;;;;;;;0;;;;2718;ЛОЖЬ;0;;;;;;;;;;;;;;Undefined;;;;;;;;;;;;ЛОЖЬ;ИСТИНА;;;;;;;;;;;;;;;;;;;;;;;;;;;;
DI;93VSHH752_MOR;;COM;930-20;A_C93021;MO REQUEST;No;ЛОЖЬ;ИСТИНА;;394;;;;;;;0;;;;2855;ЛОЖЬ;0;None;;;;;;1=REQUEST;;;;;;;Undefined;;;;;;;;Freeze;;;;ЛОЖЬ;ИСТИНА;;;ЛОЖЬ;;;;;;;;;;;;;;Input;EPKS_CCB;ESD_932_1;164;;;;;;;;
M;2490_1;;;;;;;ЛОЖЬ;ЛОЖЬ;;2490;;;;;;;0;;;;1506;ЛОЖЬ;0;;;;;;;;;;;;;;Undefined;491;3428;;;;;;;;;;ЛОЖЬ;;;;;;;;;;;;;;;;;;;;;;;;;;;;;
BI;20-Minute;;SYS;;;Minute;No;ЛОЖЬ;;;19;;Byte;;;;;;;;;6;;0;;;;;;;;;0;0;;;;-XXXXX.X;491;3428;;;;;;;;;;ЛОЖЬ;;;;;;;;;;;;;;;;;;;;;;;;;;;;;
M;C388_6_F;;;;;Function block marker;;ЛОЖЬ;ЛОЖЬ;;388;;;;;;;0;;;;4555;ЛОЖЬ;0;;;;;;;;;;;;;;Undefined;;;;;;;;;;;;ЛОЖЬ;ИСТИНА;;;;;;;;;;;;;;;;;;;;;;;;;;;;
BO;93PI868_L;;COM;;;LO ALARM SETPOINT;No;ЛОЖЬ;ЛОЖЬ;;699;;Float;;;;;0;;;;2064;;0;;None;None;None;None;;;;;;;;;-XXXXX.X;;;;;;;;;;;;ЛОЖЬ;ИСТИНА;;;;;;;;;;;;;;;;;Output;EPKS_CCB;ESD_932_1;10433;;;;;;;;
M;1003_7;;;;;;;ЛОЖЬ;ЛОЖЬ;;1003;;;;;;;0;;;;2033;ЛОЖЬ;0;;;;;;;;;;;;;;Undefined;;;;;;;;;;;;ЛОЖЬ;ИСТИНА;;;;;;;;;;;;;;;;;;;;;;;;;;;;
M;552_166_1;;;;;93TT812;;ЛОЖЬ;ЛОЖЬ;;166;;;;;;;0;;;;1437;ЛОЖЬ;0;;;;;;;1=MO CONFIRMED;;;;;;;Undefined;491;3428;;;;;;;;;;ЛОЖЬ;;;;;;;;;;;;;;;;;;;;;;;;;;;;;
AI;VM 20.05/11/17;;SYS;;;;Yes;ЛОЖЬ;;;0;ИСТИНА;Float;0-5V (VM);0;100;;;;;;880;ЛОЖЬ;0;;None;None;None;None;;;;;;;;;Undefined;0;3.9;;20.05;11;17;1;Scan;;;;ЛОЖЬ;ИСТИНА;;;;;;;;;;;;;;;;;;;;;;;;;;;;
DO;93LALL438_P;;COM;930-20;A_93020;HYD GAS COND  B9302003C;No;ИСТИНА;ЛОЖЬ;;290;;;;;;;0;;;;545;ЛОЖЬ;38071;None;;;;;;1=ACTIVE;;;;;;;Undefined;491;3428;;;;;;;;;;ЛОЖЬ;;;;;;;;;;;;;;;;;;;;;;;;;;Output;CC_CCB_1;ESD_932_1;66
M;C404_6_F;;;;;Function block marker;;ЛОЖЬ;ЛОЖЬ;;404;;;;;;;0;;;;4527;ЛОЖЬ;0;;;;;;;;;;;;;;Undefined;;;;;;;;;;;;ЛОЖЬ;ИСТИНА;;;;;;;;;;;;;;;;;;;;;;;;;;;;
DO;93LI418_TF;;COM;930-20;A_93020;TRANSM. FAIL;No;ЛОЖЬ;ЛОЖЬ;;264;;;;;;;0;;;;3739;ИСТИНА;38470;None;;;;;;0=ALARM;0=ALARM;;;;;;Undefined;;;;;;;;;;;;ЛОЖЬ;ИСТИНА;;;;;;;;;;;;;;;;;Output;EPKS_CCB;ESD_932_1;1308;;;;;;;;
M;C784_1_D;;;;;Function block marker;;ЛОЖЬ;ЛОЖЬ;;784;;;;;;;0;;;;1356;ЛОЖЬ;0;;;;;;;;;;;;;;Undefined;491;3428;;;;;;;;;;ЛОЖЬ;;;;;;;;;;;;;;;;;;;;;;;;;;;;;
M;C526_6_G;;;;;Function block marker;;ЛОЖЬ;ЛОЖЬ;;526;;;;;;;0;;;;4504;ЛОЖЬ;0;;;;;;;;;;;;;;Undefined;;;;;;;;;;;;ЛОЖЬ;ИСТИНА;;;;;;;;;;;;;;;;;;;;;;;;;;;;
M;270_154_1;;;;;93LT425;;ЛОЖЬ;ЛОЖЬ;;154;;;;;;;0;;;;743;ЛОЖЬ;0;;;;;;;1=MO CONFIRMED;;;;;;;Undefined;491;3428;;;;;;;;;;ЛОЖЬ;;;;;;;;;;;;;;;;;;;;;;;;;;;;;
DO;93FI012A_TF;;COM;;;TRANSM FAULT;No;ЛОЖЬ;ЛОЖЬ;;314;;;;;;;0;;;;1594;ИСТИНА;38587;None;;;;;;0=ALARM;0=ALARM;;;;;;Undefined;;;;;;;;;;;;ЛОЖЬ;ИСТИНА;;;;;;;;;;;;;;;;;Output;EPKS_CCB;ESD_932_1;1371;;;;;;;;
M;C236_8_C;;;;;Function block marker;;ЛОЖЬ;ЛОЖЬ;;236;;;;;;;0;;;;3953;ЛОЖЬ;0;;;;;;;;;;;;;;Undefined;;;;;;;;;;;;ЛОЖЬ;ИСТИНА;;;;;;;;;;;;;;;;;;;;;;;;;;;;
DI;93HS801B_B0_OT_P;;COM;930-20;A_93020;CAP CTRL BIT 0;No;ИСТИНА;ИСТИНА;;642;;;;;;;0;;;;1645;ИСТИНА;37067;None;;;;;;1=TRUE;;;;;;;Undefined;491;3428;;;;;;Freeze;;;;ЛОЖЬ;;;;ЛОЖЬ;;;;;;;;;;Input;CC_CCB_2;ESD_932_1;14;Output;EPKS_CCB;ESD_932_1;2011;;;;;;;;
M;C702_10_E;;;;;Function block marker;;ЛОЖЬ;ЛОЖЬ;;702;;;;;;;0;;;;4304;ЛОЖЬ;0;;;;;;;;;;;;;;Undefined;;;;;;;;;;;;ЛОЖЬ;ИСТИНА;;;;;;;;;;;;;;;;;;;;;;;;;;;;
DO;93XY118B;;MCC;930-20;A_93020;AUTO CLS SHUTTER 93XV118;Yes;ИСТИНА;ЛОЖЬ;;312;;;;;;;0;;;;61;ЛОЖЬ;37090;None;;;;;;0=TRIP;;;;;;;Undefined;491;3428;;20.05;13;6;1;Appl;;;;ЛОЖЬ;;;;;;;;;;;;;;;;;;;;;;;;;;;;;
M;1005_12;;;;;;;ЛОЖЬ;ЛОЖЬ;;1005;;;;;;;0;;;;2054;ЛОЖЬ;0;;;;;;;;;;;;;;Undefined;;;;;;;;;;;;ЛОЖЬ;ИСТИНА;;;;;;;;;;;;;;;;;;;;;;;;;;;;
M;C398_1_C;;;;;Function block marker;;ЛОЖЬ;ЛОЖЬ;;398;;;;;;;0;;;;2679;ЛОЖЬ;0;;;;;;;;;;;;;;Undefined;491;3428;;;;;;;;;;ЛОЖЬ;;;;;;;;;;;;;;;;;;;;;;;;;;;;;
M;C430_2_D;;;;;Function block marker;;ЛОЖЬ;ЛОЖЬ;;430;;;;;;;0;;;;4521;ЛОЖЬ;0;;;;;;;;;;;;;;Undefined;;;;;;;;;;;;ЛОЖЬ;ИСТИНА;;;;;;;;;;;;;;;;;;;;;;;;;;;;
M;C312_1_G;;;;;Function block marker;;ЛОЖЬ;ЛОЖЬ;;312;;;;;;;0;;;;4697;ЛОЖЬ;0;;;;;;;;;;;;;;Undefined;;;;;;;;;;;;ЛОЖЬ;ИСТИНА;;;;;;;;;;;;;;;;;;;;;;;;;;;;
M;700_170_1;;;;;93PT871;;ЛОЖЬ;ЛОЖЬ;;170;;;;;;;0;;;;1404;ЛОЖЬ;0;;;;;;;1=MO CONFIRMED;;;;;;;Undefined;491;3428;;;;;;;;;;ЛОЖЬ;;;;;;;;;;;;;;;;;;;;;;;;;;;;;
M;300_784_2;;;;;93-I-553 GROUP STOP BUTTON;;ЛОЖЬ;ЛОЖЬ;;784;;;;;;;0;;;;1202;ЛОЖЬ;0;;;;;;;0=TRIP;;;;;;;Undefined;491;3428;;;;;;;;;;ЛОЖЬ;;;;;;;;;;;;;;;;;;;;;;;;;;;;;
M;C720_5_F;;;;;Function block marker;;ЛОЖЬ;ЛОЖЬ;;720;;;;;;;0;;;;4247;ЛОЖЬ;0;;;;;;;;;;;;;;Undefined;;;;;;;;;;;;ЛОЖЬ;ИСТИНА;;;;;;;;;;;;;;;;;;;;;;;;;;;;
M;C388_5_F;;;;;Function block marker;;ЛОЖЬ;ЛОЖЬ;;388;;;;;;;0;;;;4552;ЛОЖЬ;0;;;;;;;;;;;;;;Undefined;;;;;;;;;;;;ЛОЖЬ;ИСТИНА;;;;;;;;;;;;;;;;;;;;;;;;;;;;
M;C298_1_B;;;;;Function block marker;;ЛОЖЬ;ЛОЖЬ;;298;;;;;;;0;;;;2783;ЛОЖЬ;0;;;;;;;;;;;;;;Undefined;491;3428;;;;;;;;;;ЛОЖЬ;;;;;;;;;;;;;;;;;;;;;;;;;;;;;
M;354_1003_2;;;;;93LAHH751_I;;ЛОЖЬ;ЛОЖЬ;;1003;;;;;;;0;;;;2030;ЛОЖЬ;0;;;;;;;0=TRIP INITIATOR;;;;;;;Undefined;;;;;;;;;;;;ЛОЖЬ;ИСТИНА;;;;;;;;;;;;;;;;;;;;;;;;;;;;
M;2432_G;;;;;0=TRIP INITIATOR;;ЛОЖЬ;ЛОЖЬ;;2432;;;;;;;0;;;;3256;ЛОЖЬ;0;;;;;;;;;;;;;;Undefined;;;;;;;;;;;;ЛОЖЬ;ИСТИНА;;;;;;;;;;;;;;;;;;;;;;;;;;;;
M;630_632_1;;;;;COMMON TRIP;;ЛОЖЬ;ЛОЖЬ;;632;;;;;;;0;;;;759;ЛОЖЬ;0;;;;;;;0=TRIP;;;;;;;Undefined;491;3428;;;;;;;;;;ЛОЖЬ;;;;;;;;;;;;;;;;;;;;;;;;;;;;;
M;230_1015_2;;;;;93TAHH482_I;;ЛОЖЬ;ЛОЖЬ;;1015;;;;;;;0;;;;2177;ЛОЖЬ;0;;;;;;;0=TRIP INITIATOR;;;;;;;Undefined;;;;;;;;;;;;ЛОЖЬ;ИСТИНА;;;;;;;;;;;;;;;;;;;;;;;;;;;;
DO;93TAHH754_CA;;COM;930-20;A_C93021;CAUSE ALARM;No;ИСТИНА;ЛОЖЬ;;374;;;;;;;0;;;;720;ЛОЖЬ;37091;None;;;;;;0=ALARM;;;;;;;Undefined;491;3428;;;;;;;;;;ЛОЖЬ;;;;;;;;;;;;;;;;;;Output;EPKS_CCB;ESD_932_1;712;;;;;;;;
M;522_814_2;;;;;93FAL805_PERM;;ЛОЖЬ;ЛОЖЬ;;814;;;;;;;0;;;;4110;ЛОЖЬ;0;;;;;;;0=ALARM;;;;;;;Undefined;;;;;;;;;;;;ЛОЖЬ;ИСТИНА;;;;;;;;;;;;;;;;;;;;;;;;;;;;
M;C266_8_C;;;;;Function block marker;;ЛОЖЬ;ЛОЖЬ;;266;;;;;;;0;;;;3869;ЛОЖЬ;0;;;;;;;;;;;;;;Undefined;;;;;;;;;;;;ЛОЖЬ;ИСТИНА;;;;;;;;;;;;;;;;;;;;;;;;;;;;
DI;20-FaultReset;;SYS;;;Fault Reset;Yes;ЛОЖЬ;;;0;;;;;;;;;;;0;ЛОЖЬ;0;None;;;;;;;;;;;;;Undefined;491;3428;;;;;;;;;;ЛОЖЬ;;;;ЛОЖЬ;;;;;;;;;;;;;;;;;;;;;;;;;
M;690_9;;;;;;;ЛОЖЬ;ЛОЖЬ;;690;;;;;;;0;;;;4208;ЛОЖЬ;0;;;;;;;;;;;;;;Undefined;;;;;;;;;;;;ЛОЖЬ;ИСТИНА;;;;;;;;;;;;;;;;;;;;;;;;;;;;
M;C234_8_D;;;;;Function block marker;;ЛОЖЬ;ЛОЖЬ;;234;;;;;;;0;;;;3963;ЛОЖЬ;0;;;;;;;;;;;;;;Undefined;;;;;;;;;;;;ЛОЖЬ;ИСТИНА;;;;;;;;;;;;;;;;;;;;;;;;;;;;
DO;93TI483_TF;;COM;930-20;A_93020;TRANSM. FAIL;No;ИСТИНА;ЛОЖЬ;;232;;;;;;;0;;;;209;ИСТИНА;37092;None;;;;;;0=FAIL;;;;;;;Undefined;491;3428;;;;;;;;;;ЛОЖЬ;;;;;;;;;;;;;;;;;;Output;EPKS_CCB;ESD_932_1;786;;;;;;;;
M;390_1011_2;;;;;93TAHH836_I;;ЛОЖЬ;ЛОЖЬ;;1011;;;;;;;0;;;;2169;ЛОЖЬ;0;;;;;;;0=TRIP INITIATOR;;;;;;;Undefined;;;;;;;;;;;;ЛОЖЬ;ИСТИНА;;;;;;;;;;;;;;;;;;;;;;;;;;;;
T;310_2;;;;;;;ЛОЖЬ;ЛОЖЬ;;310;;;;;;;;100 ms;5;;1000;ЛОЖЬ;0;;;;;;;;;;;;;;Undefined;;;Delayed OFF with constant timer value;;;;;;;;;ЛОЖЬ;ИСТИНА;;;;;;;;;;;;;;;;;;;;;;;;;;;;
M;158_162_1;;;;;MOS AREA C-9302001AX;;ЛОЖЬ;ЛОЖЬ;;162;;;;;;;0;;;;1617;ЛОЖЬ;0;;;;;;;1=ACTIVE;;;;;;;Undefined;491;3428;;;;;;;;;;ЛОЖЬ;;;;;;;;;;;;;;;;;;;;;;;;;;;;;
DO;93TI817_MOC;;COM;930-20;A_C93021;MO CONFIRMED;No;ИСТИНА;ЛОЖЬ;;554;;;;;;;0;;;;1161;ИСТИНА;37093;None;;;;;;1=CONFIRMED;;;;;;;Undefined;491;3428;;;;;;;;;;ЛОЖЬ;;;;;;;;;;;;;;;;;;Output;EPKS_CCB;ESD_932_1;819;;;;;;;;
BO;93PI864_HH;;COM;930-20;A_C93021;HH TRIP SETPOINT (kPa-g);No;ИСТИНА;ЛОЖЬ;;696;;Float;;;;;0;;;;836;;38131;;;;;;;;;0;0;;;;-XXXXX.X;491;3428;;;;;;;;;;ЛОЖЬ;;;;;;;;;;;;;;;;;;Output;EPKS_CCB;ESD_932_1;10237;;;;;;;;
M;C288_5_B;;;;;Function block marker;;ЛОЖЬ;ЛОЖЬ;;288;;;;;;;0;;;;3820;ЛОЖЬ;0;;;;;;;;;;;;;;Undefined;;;;;;;;;;;;ЛОЖЬ;ИСТИНА;;;;;;;;;;;;;;;;;;;;;;;;;;;;
M;350_686_3;;;;;CW PUMP RUNNING;;ЛОЖЬ;ЛОЖЬ;;686;;;;;;;0;;;;703;ЛОЖЬ;0;;;;;;;1=RUNNING;;;;;;;Undefined;491;3428;;;;;;;;;;ЛОЖЬ;;;;;;;;;;;;;;;;;;;;;;;;;;;;;
DO;93LI410_TF;;COM;930-20;A_93020;TRANSM. FAIL;No;ЛОЖЬ;ЛОЖЬ;;256;;;;;;;0;;;;3758;ИСТИНА;38469;None;;;;;;0=ALARM;0=ALARM;;;;;;Undefined;;;;;;;;;;;;ЛОЖЬ;ИСТИНА;;;;;;;;;;;;;;;;;Output;EPKS_CCB;ESD_932_1;1304;;;;;;;;
M;526_9;;;;;;;ЛОЖЬ;ЛОЖЬ;;526;;;;;;;0;;;;4100;ЛОЖЬ;0;;;;;;;;;;;;;;Undefined;;;;;;;;;;;;ЛОЖЬ;ИСТИНА;;;;;;;;;;;;;;;;;;;;;;;;;;;;
T;560_5;;;;;;;ЛОЖЬ;ЛОЖЬ;;560;;;;;;;;100 ms;5;;1332;ЛОЖЬ;0;;;;;;;;;;;;;;Undefined;;;Delayed OFF with constant timer value;;;;;;;;;ЛОЖЬ;ИСТИНА;;;;;;;;;;;;;;;;;;;;;;;;;;;;
M;160_162_1;;;;;MOS AREA C-9302001AX;;ЛОЖЬ;ЛОЖЬ;;162;;;;;;;0;;;;2827;ЛОЖЬ;0;;;;;;;1=ACTIVE;;;;;;;Undefined;491;3428;;;;;;;;;;ЛОЖЬ;;;;;;;;;;;;;;;;;;;;;;;;;;;;;
M;358_3;;;;;;;ЛОЖЬ;ЛОЖЬ;;358;;;;;;;0;;;;629;ЛОЖЬ;0;;;;;;;;;;;;;;Undefined;491;3428;;;;;;;;;;ЛОЖЬ;;;;;;;;;;;;;;;;;;;;;;;;;;;;;
DI;93XS492_P;;COM;930-20;A_C93021;COMP AX WORK;No;ЛОЖЬ;ИСТИНА;;365;;;;;;;0;;;;2107;ЛОЖЬ;0;None;;;;;;1=RUNNING;;;;;;;Undefined;;;;;;;;High;;;;ЛОЖЬ;ИСТИНА;;;ЛОЖЬ;;;;;;;;;;;;;;;;;;;;;;Input;CC_CCB_1;ESD_932_1;12
DI;93PI869_MOR;;COM;930-20;A_C93021;MO REQUEST;No;ИСТИНА;ИСТИНА;;698;;;;;;;0;;;;2916;ЛОЖЬ;37094;None;;;;;;1=REQUEST;;;;;;;Undefined;491;3428;;;;;;Freeze;;;;ЛОЖЬ;;;;ЛОЖЬ;;;;;;;;;;;;;;Input;EPKS_CCB;ESD_932_1;85;;;;;;;;
M;1319_1317_1;;;930-20;A_93020;COMMON_TF;;ЛОЖЬ;ЛОЖЬ;;1317;;;;;;;0;;;;95;ЛОЖЬ;0;;;;;;;0=ALARM;;;;;;;Undefined;;;;;;;;;;;;ЛОЖЬ;ИСТИНА;;;;;;;;;;;;;;;;;;;;;;;;;;;;
M;388_8;;;;;;;ЛОЖЬ;ЛОЖЬ;;388;;;;;;;0;;;;4010;ЛОЖЬ;0;;;;;;;;;;;;;;Undefined;;;;;;;;;;;;ЛОЖЬ;ИСТИНА;;;;;;;;;;;;;;;;;;;;;;;;;;;;
M;C720_6_F;;;;;Function block marker;;ЛОЖЬ;ЛОЖЬ;;720;;;;;;;0;;;;4250;ЛОЖЬ;0;;;;;;;;;;;;;;Undefined;;;;;;;;;;;;ЛОЖЬ;ИСТИНА;;;;;;;;;;;;;;;;;;;;;;;;;;;;
T;706_5;;;;;;;ЛОЖЬ;ЛОЖЬ;;706;;;;;;;;100 ms;5;;1456;ЛОЖЬ;0;;;;;;;;;;;;;;Undefined;;;Delayed OFF with constant timer value;;;;;;;;;ЛОЖЬ;ИСТИНА;;;;;;;;;;;;;;;;;;;;;;;;;;;;
DI;93LI427_MOR;;COM;930-20;A_93020;MO REQUEST;No;ИСТИНА;ИСТИНА;;274;;;;;;;0;;;;2875;ЛОЖЬ;37095;None;;;;;;1=REQUEST;;;;;;;Undefined;491;3428;;;;;;Freeze;;;;ЛОЖЬ;;;;ЛОЖЬ;;;;;;;;;;;;;;Input;EPKS_CCB;ESD_932_1;44;;;;;;;;
M;C533_4_E;;;;;Function block marker;;ЛОЖЬ;ЛОЖЬ;;533;;;;;;;0;;;;4477;ЛОЖЬ;0;;;;;;;;;;;;;;Undefined;;;;;;;;;;;;ЛОЖЬ;ИСТИНА;;;;;;;;;;;;;;;;;;;;;;;;;;;;
AI;93LI437;;FLD;930-20;A_93020;L. B-9302003C;Yes;ИСТИНА;ЛОЖЬ;;290;ИСТИНА;Float;4-20mA;0;100;%;;;;;544;ЛОЖЬ;38441;;None;None;None;None;;;;;;;;;-XXXXX.X;3.64;22;;20.04;13;1;1;Bottom scale;;;;ЛОЖЬ;ИСТИНА;ЛОЖЬ;;;;;;;;;;;;;;;;Output;EPKS_CCB;ESD_932_1;10331;;;;;;;;
M;C534_6_E;;;;;Function block marker;;ЛОЖЬ;ЛОЖЬ;;534;;;;;;;0;;;;4471;ЛОЖЬ;0;;;;;;;;;;;;;;Undefined;;;;;;;;;;;;ЛОЖЬ;ИСТИНА;;;;;;;;;;;;;;;;;;;;;;;;;;;;
T;232_5;;;;;;;ЛОЖЬ;ЛОЖЬ;;232;;;;;;;;100 ms;5;;1036;ЛОЖЬ;0;;;;;;;;;;;;;;Undefined;;;Delayed OFF with constant timer value;;;;;;;;;ЛОЖЬ;ИСТИНА;;;;;;;;;;;;;;;;;;;;;;;;;;;;
M;C380_4_B;;;;;Function block marker;;ЛОЖЬ;ЛОЖЬ;;380;;;;;;;0;;;;4573;ЛОЖЬ;0;;;;;;;;;;;;;;Undefined;;;;;;;;;;;;ЛОЖЬ;ИСТИНА;;;;;;;;;;;;;;;;;;;;;;;;;;;;
DO;93HS751B_B1_IN_P;;COM;930-20;A_93020;CAP CTRL BIT 1;No;ИСТИНА;ЛОЖЬ;;434;;;;;;;0;;;;2003;ЛОЖЬ;38069;None;;;;;;1=ACTIVE;;;;;;;Undefined;491;3428;;;;;;;;;;ЛОЖЬ;;;;;;;;;;;;;;;;;;;;;;;;;;Output;CC_CCB_1;ESD_932_1;75
DO;93TI867_TF;;COM;930-20;A_C93021;TRANSM. FAIL;No;ИСТИНА;ЛОЖЬ;;718;;;;;;;0;;;;1560;ИСТИНА;37096;None;;;;;;0=FAIL;;;;;;;Undefined;491;3428;;;;;;;;;;ЛОЖЬ;;;;;;;;;;;;;;;;;;Output;EPKS_CCB;ESD_932_1;842;;;;;;;;
M;C254_8_C;;;;;Function block marker;;ЛОЖЬ;ЛОЖЬ;;254;;;;;;;0;;;;3899;ЛОЖЬ;0;;;;;;;;;;;;;;Undefined;;;;;;;;;;;;ЛОЖЬ;ИСТИНА;;;;;;;;;;;;;;;;;;;;;;;;;;;;
DO;93LALL437_CA;;COM;930-20;A_93020;CAUSE ALARM;No;ЛОЖЬ;ЛОЖЬ;;290;;;;;;;0;;;;3355;ЛОЖЬ;0;None;;;;;;0=ALARM;0=ALARM;;;;;;Undefined;;;;;;;;;;;;ЛОЖЬ;ИСТИНА;;;;;;;;;;;;;;;;;Output;EPKS_CCB;ESD_932_1;1250;;;;;;;;
DI;93TI936_MOR;;COM;930-20;A_C93021;MO REQUEST;No;ИСТИНА;ИСТИНА;;724;;;;;;;0;;;;2971;ЛОЖЬ;37097;None;;;;;;1=REQUEST;;;;;;;Undefined;491;3428;;;;;;Freeze;;;;ЛОЖЬ;;;;ЛОЖЬ;;;;;;;;;;;;;;Input;EPKS_CCB;ESD_932_1;140;;;;;;;;
M;352_5;;;;;;;ЛОЖЬ;ЛОЖЬ;;352;;;;;;;0;;;;4022;ЛОЖЬ;0;;;;;;;;;;;;;;Undefined;;;;;;;;;;;;ЛОЖЬ;ИСТИНА;;;;;;;;;;;;;;;;;;;;;;;;;;;;
M;394_414_4;;;;;93VAHH751_I;;ЛОЖЬ;ЛОЖЬ;;414;;;;;;;0;;;;3652;ЛОЖЬ;0;;;;;;;0=TRIP INITIATOR;;;;;;;Undefined;;;;;;;;;;;;ЛОЖЬ;ИСТИНА;;;;;;;;;;;;;;;;;;;;;;;;;;;;
AI;93TI808;;FLD;;;C9302001BX COOL H2O CYL2;Yes;ИСТИНА;ЛОЖЬ;;548;ИСТИНА;Float;4-20mA;-50;100;°C;;;;;708;ЛОЖЬ;38586;;None;None;None;None;;;;;;;;;-XXXXX.X;3.76;21;;20.03;17;8;1;Top scale;;;;ЛОЖЬ;ИСТИНА;ЛОЖЬ;;;;;;;;;;;;;;;;Output;EPKS_CCB;ESD_932_1;10352;;;;;;;;
DO;93TAHH762_FU;;COM;930-20;A_C93021;C9302001AX H2O COOL CYL1;No;ИСТИНА;ЛОЖЬ;;1009;;;;;;;0;;;;2206;ЛОЖЬ;38232;None;;;;;;1=FIRST;;;;;;;Undefined;;;;;;;;;;;;ЛОЖЬ;ИСТИНА;;;;;;;;;;;;;;;;;Output;EPKS_CCB;ESD_932_1;1073;;;;;;;;
DI;93HS857A2;;LCP;930-20;A_C93021;C-9302001CX EM.STOP;Yes;ИСТИНА;ЛОЖЬ;;732;;;;;;;;;;;30;ИСТИНА;38585;None;;;;;;0=TRIP;0=TRIP;;;;;;Undefined;;;;20.03;3;7;1;Low;;;;ЛОЖЬ;ИСТИНА;;;ЛОЖЬ;View only;;;;;;;;;;;;;Output;EPKS_CCB;ESD_932_1;1461;;;;;;;;
M;C638_1_D;;;;;Function block marker;;ЛОЖЬ;ЛОЖЬ;;638;;;;;;;0;;;;1425;ЛОЖЬ;0;;;;;;;;;;;;;;Undefined;491;3428;;;;;;;;;;ЛОЖЬ;;;;;;;;;;;;;;;;;;;;;;;;;;;;;
M;2456_C;;;;;Trip 3;;ЛОЖЬ;ЛОЖЬ;;2456;;;;;;;0;;;;106;ЛОЖЬ;0;;;;;;;;;;;;;;Undefined;491;3428;;;;;;;;;;ЛОЖЬ;;;;;;;;;;;;;;;;;;;;;;;;;;;;;
M;C722_6_E;;;;;Function block marker;;ЛОЖЬ;ЛОЖЬ;;722;;;;;;;0;;;;4242;ЛОЖЬ;0;;;;;;;;;;;;;;Undefined;;;;;;;;;;;;ЛОЖЬ;ИСТИНА;;;;;;;;;;;;;;;;;;;;;;;;;;;;
M;706_8;;;;;;;ЛОЖЬ;ЛОЖЬ;;706;;;;;;;0;;;;4168;ЛОЖЬ;0;;;;;;;;;;;;;;Undefined;;;;;;;;;;;;ЛОЖЬ;ИСТИНА;;;;;;;;;;;;;;;;;;;;;;;;;;;;
DO;93TI879_TF;;COM;;;TRANSM FAULT;No;ЛОЖЬ;ЛОЖЬ;;726;;;;;;;0;;;;1088;ИСТИНА;38584;None;;;;;;0=ALARM;0=ALARM;;;;;;Undefined;;;;;;;;;;;;ЛОЖЬ;ИСТИНА;;;;;;;;;;;;;;;;;Output;EPKS_CCB;ESD_932_1;1361;;;;;;;;
M;C232_7_E;;;;;Function block marker;;ЛОЖЬ;ЛОЖЬ;;232;;;;;;;0;;;;3968;ЛОЖЬ;0;;;;;;;;;;;;;;Undefined;;;;;;;;;;;;ЛОЖЬ;ИСТИНА;;;;;;;;;;;;;;;;;;;;;;;;;;;;
T;404_1;;;930-20;;;;ЛОЖЬ;ЛОЖЬ;;404;;;;;;;;100 ms;5;;360;ЛОЖЬ;0;;;;;;;;;;;;;;Undefined;491;3428;Delayed OFF with constant timer value;;;;;;;;;ЛОЖЬ;;;;;;;;;;;;;;;;;;;;;;;;;;;;;
M;404_156_1;;;;;93TT929;;ЛОЖЬ;ЛОЖЬ;;156;;;;;;;0;;;;891;ЛОЖЬ;0;;;;;;;1=MO CONFIRMED;;;;;;;Undefined;491;3428;;;;;;;;;;ЛОЖЬ;;;;;;;;;;;;;;;;;;;;;;;;;;;;;
DO;93FALL901_CA;;COM;930-20;A_C93021;CAUSE ALARM;No;ИСТИНА;ЛОЖЬ;;400;;;;;;;0;;;;887;ЛОЖЬ;37098;None;;;;;;0=ALARM;;;;;;;Undefined;491;3428;;;;;;;;;;ЛОЖЬ;;;;;;;;;;;;;;;;;;Output;EPKS_CCB;ESD_932_1;442;;;;;;;;
DO;93HS770_FU_B;;COM;930-20;A_C93021;C-9302001 EMERGENCY STOP;No;ИСТИНА;ЛОЖЬ;;1035;;;;;;;0;;;;2366;ЛОЖЬ;38288;None;;;;;;1=FIRST;;;;;;;Undefined;;;;;;;;;;;;ЛОЖЬ;ИСТИНА;;;;;;;;;;;;;;;;;Output;EPKS_CCB;ESD_932_1;1129;;;;;;;;
DO;93PDAHH881;;COM;930-20;A_C93021;C9302001CX DPRS GAS CYL2;No;ИСТИНА;ЛОЖЬ;;694;;;;;;;0;;;;1316;ИСТИНА;37099;None;;;;;;0=TRIP;;;;;;;Undefined;491;3428;;;;;;;;;;ЛОЖЬ;;;;;;;;;;;;;;;;;;Output;EPKS_CCB;ESD_932_1;649;;;;;;;;
DO;93TI930_TF;;COM;;;TRANSM FAULT;No;ЛОЖЬ;ЛОЖЬ;;404;;;;;;;0;;;;1152;ИСТИНА;38583;None;;;;;;0=ALARM;0=ALARM;;;;;;Undefined;;;;;;;;;;;;ЛОЖЬ;ИСТИНА;;;;;;;;;;;;;;;;;Output;EPKS_CCB;ESD_932_1;1364;;;;;;;;
M;318_2;;;;;;;ЛОЖЬ;ЛОЖЬ;;318;;;;;;;0;;;;1733;ЛОЖЬ;0;;;;;;;;;;;;;;Undefined;491;3428;;;;;;;;;;ЛОЖЬ;;;;;;;;;;;;;;;;;;;;;;;;;;;;;
DI;IB932_RESET_ELD_R;;COM;;;RESET ELD REQUEST;No;ЛОЖЬ;ИСТИНА;;19;;;;;;;0;;;;2863;ЛОЖЬ;0;None;;;;;;1=REQUEST;1=REQUEST;;;;;;Undefined;;;;;;;;Low;;;;ЛОЖЬ;ИСТИНА;;;ЛОЖЬ;View only;;;;;;;;;;;;;Input;EPKS_CCB;ESD_932_1;27;;;;;;;;
M;C1039_1_K;;;;;Function block marker;;ЛОЖЬ;ЛОЖЬ;;1039;;;;;;;0;;;;2656;ЛОЖЬ;0;;;;;;;;;;;;;;Undefined;;;;;;;;;;;;ЛОЖЬ;ИСТИНА;;;;;;;;;;;;;;;;;;;;;;;;;;;;
M;C246_8_D;;;;;Function block marker;;ЛОЖЬ;ЛОЖЬ;;246;;;;;;;0;;;;3936;ЛОЖЬ;0;;;;;;;;;;;;;;Undefined;;;;;;;;;;;;ЛОЖЬ;ИСТИНА;;;;;;;;;;;;;;;;;;;;;;;;;;;;
M;162_168_1;;;;;;;ЛОЖЬ;ЛОЖЬ;;168;;;;;;;0;;;;3632;ЛОЖЬ;0;;;;;;;;;;;;;;Undefined;;;;;;;;;;;;ЛОЖЬ;ИСТИНА;;;;;;;;;;;;;;;;;;;;;;;;;;;;
M;2470_5;;;;;;;ЛОЖЬ;ЛОЖЬ;;2470;;;;;;;0;;;;129;ЛОЖЬ;0;;;;;;;;;;;;;;Undefined;491;3428;;;;;;;;;;ЛОЖЬ;;;;;;;;;;;;;;;;;;;;;;;;;;;;;
M;1013_2;;;;;;;ЛОЖЬ;ЛОЖЬ;;1013;;;;;;;0;;;;3663;ЛОЖЬ;0;;;;;;;;;;;;;;Undefined;;;;;;;;;;;;ЛОЖЬ;ИСТИНА;;;;;;;;;;;;;;;;;;;;;;;;;;;;
AI;93TI818;;FLD;930-20;A_C93021;C9302001BX COOL WATER C2;Yes;ИСТИНА;ЛОЖЬ;;556;ИСТИНА;Float;4-20mA;-50;100;°C;;;;;96;ЛОЖЬ;37965;;None;None;None;None;;;;-87.5;-87.5;;;;-XXXXX.X;3.76;21;;20.03;15;8;1;Bottom scale;;;;ЛОЖЬ;;ЛОЖЬ;;;;;;;;;;;;;;;;Output;EPKS_CCB;ESD_932_1;10148;;;;;;;;
M;634_4;;;;;;;ЛОЖЬ;ЛОЖЬ;;634;;;;;;;0;;;;1783;ЛОЖЬ;0;;;;;;;;;;;;;;Undefined;491;3428;;;;;;;;;;ЛОЖЬ;;;;;;;;;;;;;;;;;;;;;;;;;;;;;
M;634_5;;;;;;;ЛОЖЬ;ЛОЖЬ;;634;;;;;;;0;;;;1784;ЛОЖЬ;0;;;;;;;;;;;;;;Undefined;491;3428;;;;;;;;;;ЛОЖЬ;;;;;;;;;;;;;;;;;;;;;;;;;;;;;
DO;93LI413_MOC;;COM;930-20;A_93020;MO CONFIRMED;No;ИСТИНА;ЛОЖЬ;;258;;;;;;;0;;;;362;ИСТИНА;37101;None;;;;;;1=CONFIRMED;;;;;;;Undefined;491;3428;;;;;;;;;;ЛОЖЬ;;;;;;;;;;;;;;;;;;Output;EPKS_CCB;ESD_932_1;541;;;;;;;;
M;C690_4_B;;;;;Function block marker;;ЛОЖЬ;ЛОЖЬ;;690;;;;;;;0;;;;4352;ЛОЖЬ;0;;;;;;;;;;;;;;Undefined;;;;;;;;;;;;ЛОЖЬ;ИСТИНА;;;;;;;;;;;;;;;;;;;;;;;;;;;;
DO;93FI420_TF;;COM;930-20;A_C93021;TRANSM. FAIL;No;ИСТИНА;ЛОЖЬ;;244;;;;;;;0;;;;283;ИСТИНА;37102;None;;;;;;0=FAIL;;;;;;;Undefined;491;3428;;;;;;;;;;ЛОЖЬ;;;;;;;;;;;;;;;;;;Output;EPKS_CCB;ESD_932_1;444;;;;;;;;
DO;93PALL088;;COM;930-20;A_93020;AIR COL CRL AND MSR DEVS;No;ИСТИНА;ЛОЖЬ;;310;;;;;;;0;;;;1709;ИСТИНА;37785;None;;;;;;0=TRIP;;;;;;;Undefined;491;3428;;;;;;;;;;ЛОЖЬ;;;;;;;;;;;;;;;;;;Output;EPKS_CCB;ESD_932_1;523;;;;;;;;
M;394_8;;;;;;;ЛОЖЬ;ЛОЖЬ;;394;;;;;;;0;;;;3658;ЛОЖЬ;0;;;;;;;;;;;;;;Undefined;;;;;;;;;;;;ЛОЖЬ;ИСТИНА;;;;;;;;;;;;;;;;;;;;;;;;;;;;
M;C1003_1_M;;;;;Function block marker;;ЛОЖЬ;ЛОЖЬ;;1003;;;;;;;0;;;;2466;ЛОЖЬ;0;;;;;;;;;;;;;;Undefined;;;;;;;;;;;;ЛОЖЬ;ИСТИНА;;;;;;;;;;;;;;;;;;;;;;;;;;;;
DO;93XY444;;MCC;930-20;A_93020;AUTO CLOSURE 93XV444;Yes;ИСТИНА;ЛОЖЬ;;264;;;;;;;0;;;;78;ЛОЖЬ;37103;None;;;;;;1=CLOSE;;;;;;;Undefined;491;3428;;20.05;15;7;1;Appl;;;;ЛОЖЬ;;;;;;;;;;;;;;;;;;;;;;;;;;;;;
BO;93PI876_LL;;COM;930-20;A_C93021;LL TRIP SETPOINT (MPa-g);No;ИСТИНА;ЛОЖЬ;;702;;Float;;;;;0;;;;684;;38093;;;;;;;;;0;0;;;;-XXXXX.X;491;3428;;;;;;;;;;ЛОЖЬ;;;;;;;;;;;;;;;;;;Output;EPKS_CCB;ESD_932_1;10243;;;;;;;;
AI;93LI425;;FLD;930-20;A_93020;HYDROC GAS CON B9302002A;Yes;ИСТИНА;ЛОЖЬ;;270;ИСТИНА;Float;4-20mA;0;100;%;;;;;152;ЛОЖЬ;37797;;None;None;None;None;;;;-25;-25;;;;-XXXXX.X;3.64;22;;20.04;1;5;1;Bottom scale;;;;ЛОЖЬ;;ЛОЖЬ;;;;;;;;;;;;;;;;Output;EPKS_CCB;ESD_932_1;10090;;;;;;;;
M;1011_11;;;;;;;ЛОЖЬ;ЛОЖЬ;;1011;;;;;;;0;;;;2093;ЛОЖЬ;0;;;;;;;;;;;;;;Undefined;;;;;;;;;;;;ЛОЖЬ;ИСТИНА;;;;;;;;;;;;;;;;;;;;;;;;;;;;
M;C696_4_B;;;;;Function block marker;;ЛОЖЬ;ЛОЖЬ;;696;;;;;;;0;;;;4334;ЛОЖЬ;0;;;;;;;;;;;;;;Undefined;;;;;;;;;;;;ЛОЖЬ;ИСТИНА;;;;;;;;;;;;;;;;;;;;;;;;;;;;
DO;93FALL029;;COM;930-20;A_93020;FUEL GAS FLOWRATE;No;ИСТИНА;ЛОЖЬ;;320;;;;;;;0;;;;1744;ИСТИНА;37788;None;;;;;;0=TRIP;;;;;;;Undefined;491;3428;;;;;;;;;;ЛОЖЬ;;;;;;;;;;;;;;;;;;Output;EPKS_CCB;ESD_932_1;884;;;;;;;;
BO;93PI783_L;;COM;;;LO ALARM SETPOINT;No;ЛОЖЬ;ЛОЖЬ;;370;;Float;;;;;0;;;;88;;0;;None;None;None;None;;;;;;;;;-XXXXX.X;;;;;;;;;;;;ЛОЖЬ;ИСТИНА;;;;;;;;;;;;;;;;;Output;EPKS_CCB;ESD_932_1;10401;;;;;;;;
M;1041_1043_1;;;;;FIRST OUT SEQUENCE;;ЛОЖЬ;ЛОЖЬ;;1043;;;;;;;0;;;;2481;ЛОЖЬ;0;;;;;;;1=FU ALARM;;;;;;;Undefined;;;;;;;;;;;;ЛОЖЬ;ИСТИНА;;;;;;;;;;;;;;;;;;;;;;;;;;;;
M;C1013_1_J;;;;;Function block marker;;ЛОЖЬ;ЛОЖЬ;;1013;;;;;;;0;;;;2433;ЛОЖЬ;0;;;;;;;;;;;;;;Undefined;;;;;;;;;;;;ЛОЖЬ;ИСТИНА;;;;;;;;;;;;;;;;;;;;;;;;;;;;
M;712_1045_3;;;;;93TAHH859_I (AFTER OOS);;ЛОЖЬ;ЛОЖЬ;;1045;;;;;;;0;;;;2548;ЛОЖЬ;0;;;;;;;0=TRIP;;;;;;;Undefined;;;;;;;;;;;;ЛОЖЬ;ИСТИНА;;;;;;;;;;;;;;;;;;;;;;;;;;;;
DO;93PDI879_TF;;COM;;;TRANSM FAULT;No;ЛОЖЬ;ЛОЖЬ;;692;;;;;;;0;;;;765;ИСТИНА;38582;None;;;;;;0=ALARM;0=ALARM;;;;;;Undefined;;;;;;;;;;;;ЛОЖЬ;ИСТИНА;;;;;;;;;;;;;;;;;Output;EPKS_CCB;ESD_932_1;1350;;;;;;;;
R;2499_H;;;;;X out of y;;ЛОЖЬ;ЛОЖЬ;;2499;;Float;;;;;0;;;;152;ЛОЖЬ;0;;;;;;;;;;;;;;Undefined;491;3428;;;;;;;;;;ЛОЖЬ;;;;;;;;;;;;;;;;;;;;;;;;;;;;;
DO;93HA770_PA;;COM;930-20;A_C93021;1OO2 PRE ALARM;No;ИСТИНА;ЛОЖЬ;;430;;;;;;;0;;;;4177;ЛОЖЬ;38581;None;;;;;;0=ALARM;0=ALARM;;;;;;Undefined;;;;;;;;;;;;ЛОЖЬ;ИСТИНА;;;;;;;;;;;;;;;;;Output;EPKS_CCB;ESD_932_1;1456;;;;;;;;
DO;93LI804A_TF;;COM;;;TRANSM FAULT;No;ЛОЖЬ;ЛОЖЬ;;526;;;;;;;0;;;;2302;ИСТИНА;38580;None;;;;;;0=ALARM;0=ALARM;;;;;;Undefined;;;;;;;;;;;;ЛОЖЬ;ИСТИНА;;;;;;;;;;;;;;;;;Output;EPKS_CCB;ESD_932_1;1383;;;;;;;;
M;788_430_1;;;;;"CW COMMON TRIP ""CX""";;ЛОЖЬ;ЛОЖЬ;;430;;;;;;;0;;;;689;ЛОЖЬ;0;;;;;;;0=TRIP;;;;;;;Undefined;491;3428;;;;;;;;;;ЛОЖЬ;;;;;;;;;;;;;;;;;;;;;;;;;;;;;
M;C1009_1_I;;;;;Function block marker;;ЛОЖЬ;ЛОЖЬ;;1009;;;;;;;0;;;;2444;ЛОЖЬ;0;;;;;;;;;;;;;;Undefined;;;;;;;;;;;;ЛОЖЬ;ИСТИНА;;;;;;;;;;;;;;;;;;;;;;;;;;;;
DI;93PI771_MOR;;COM;930-20;A_C93021;MO REQUEST;No;ИСТИНА;ИСТИНА;;366;;;;;;;0;;;;2907;ЛОЖЬ;37105;None;;;;;;1=REQUEST;;;;;;;Undefined;491;3428;;;;;;Freeze;;;;ЛОЖЬ;;;;ЛОЖЬ;;;;;;;;;;;;;;Input;EPKS_CCB;ESD_932_1;76;;;;;;;;
DO;93LALL419;;COM;930-20;A_93020;HYD GAS COND  B9302001A;No;ИСТИНА;ЛОЖЬ;;264;;;;;;;0;;;;391;ИСТИНА;37106;None;;;;;;0=TRIP;;;;;;;Undefined;491;3428;;;;;;;;;;ЛОЖЬ;;;;;;;;;;;;;;;;;;Output;EPKS_CCB;ESD_932_1;512;;;;;;;;
DO;93FALL427_CA;;COM;930-20;A_C93021;CAUSE ALARM;No;ЛОЖЬ;ЛОЖЬ;;252;;;;;;;0;;;;3316;ЛОЖЬ;0;None;;;;;;0=ALARM;0=ALARM;;;;;;Undefined;;;;;;;;;;;;ЛОЖЬ;ИСТИНА;;;;;;;;;;;;;;;;;Output;EPKS_CCB;ESD_932_1;1211;;;;;;;;
DO;93LI433_TF;;COM;930-20;A_93020;TRANSM. FAIL;No;ЛОЖЬ;ЛОЖЬ;;284;;;;;;;0;;;;3746;ИСТИНА;38468;None;;;;;;0=ALARM;0=ALARM;;;;;;Undefined;;;;;;;;;;;;ЛОЖЬ;ИСТИНА;;;;;;;;;;;;;;;;;Output;EPKS_CCB;ESD_932_1;1314;;;;;;;;
DO;93PALL864A_P;;COM;;;INDICATION LIGHT;No;ИСТИНА;ЛОЖЬ;;778;;;;;;;0;;;;1685;ЛОЖЬ;38070;None;;;;;;1=ACTIVE;;;;;;;Undefined;491;3428;;;;;;;;;;ЛОЖЬ;;;;;;;;;;;;;;Output;CC_CCB_2;ESD_932_1;48;;;;;;;;;;;;
DO;93PALL475_CA;;COM;930-20;A_93020;CAUSE ALARM;No;ИСТИНА;ЛОЖЬ;;240;;;;;;;0;;;;263;ЛОЖЬ;37107;None;;;;;;0=ALARM;;;;;;;Undefined;491;3428;;;;;;;;;;ЛОЖЬ;;;;;;;;;;;;;;;;;;Output;EPKS_CCB;ESD_932_1;608;;;;;;;;
DO;93XY518;;MCC;930-20;A_93020;EM.STOP AM-93020012BX;Yes;ИСТИНА;ЛОЖЬ;;300;;;;;;;0;;;;139;ИСТИНА;37108;None;;;;;;0=TRIP;;;;;;;Undefined;491;3428;;20.06;7;4;1;Appl;;;;ЛОЖЬ;;;;;;;;;;;;;;;;;;Output;EPKS_CCB;ESD_932_1;1045;;;;;;;;
DO;93XY431;;MCC;930-20;A_93020;AUTO CLOSURE 93XV431;Yes;ИСТИНА;ЛОЖЬ;;258;;;;;;;0;;;;75;ЛОЖЬ;37109;None;;;;;;1=CLOSE;;;;;;;Undefined;491;3428;;20.05;15;4;1;Appl;;;;ЛОЖЬ;;;;;;;;;;;;;;;;;;;;;;;;;;;;;
DO;93FI419_TF;;COM;930-20;A_C93021;TRANSM. FAIL;No;ЛОЖЬ;ЛОЖЬ;;244;;;;;;;0;;;;3760;ИСТИНА;38467;None;;;;;;0=ALARM;0=ALARM;;;;;;Undefined;;;;;;;;;;;;ЛОЖЬ;ИСТИНА;;;;;;;;;;;;;;;;;Output;EPKS_CCB;ESD_932_1;1298;;;;;;;;
DO;93PI869_TF;;COM;930-20;A_C93021;TRANSM. FAIL;No;ИСТИНА;ЛОЖЬ;;698;;;;;;;0;;;;1382;ИСТИНА;37110;None;;;;;;0=FAIL;;;;;;;Undefined;491;3428;;;;;;;;;;ЛОЖЬ;;;;;;;;;;;;;;;;;;Output;EPKS_CCB;ESD_932_1;694;;;;;;;;
M;C548_4_B;;;;;Function block marker;;ЛОЖЬ;ЛОЖЬ;;548;;;;;;;0;;;;4425;ЛОЖЬ;0;;;;;;;;;;;;;;Undefined;;;;;;;;;;;;ЛОЖЬ;ИСТИНА;;;;;;;;;;;;;;;;;;;;;;;;;;;;
M;C1013_1_I;;;;;Function block marker;;ЛОЖЬ;ЛОЖЬ;;1013;;;;;;;0;;;;2432;ЛОЖЬ;0;;;;;;;;;;;;;;Undefined;;;;;;;;;;;;ЛОЖЬ;ИСТИНА;;;;;;;;;;;;;;;;;;;;;;;;;;;;
M;C528_6_G;;;;;Function block marker;;ЛОЖЬ;ЛОЖЬ;;528;;;;;;;0;;;;4497;ЛОЖЬ;0;;;;;;;;;;;;;;Undefined;;;;;;;;;;;;ЛОЖЬ;ИСТИНА;;;;;;;;;;;;;;;;;;;;;;;;;;;;
DO;93TI762_MOC;;COM;930-20;A_C93021;MO CONFIRMED;No;ИСТИНА;ЛОЖЬ;;382;;;;;;;0;;;;777;ИСТИНА;37112;None;;;;;;1=CONFIRMED;;;;;;;Undefined;491;3428;;;;;;;;;;ЛОЖЬ;;;;;;;;;;;;;;;;;;Output;EPKS_CCB;ESD_932_1;799;;;;;;;;
M;C131_2;;;;;Compiler marker (352, 66);;ЛОЖЬ;ЛОЖЬ;;131;;;;;;;0;;;;2066;ЛОЖЬ;0;;;;;;;;;;;;;;Undefined;491;3428;;;;;;;;;;ЛОЖЬ;;;;;;;;;;;;;;;;;;;;;;;;;;;;;
M;C354_5_G;;;;;Function block marker;;ЛОЖЬ;ЛОЖЬ;;354;;;;;;;0;;;;4656;ЛОЖЬ;0;;;;;;;;;;;;;;Undefined;;;;;;;;;;;;ЛОЖЬ;ИСТИНА;;;;;;;;;;;;;;;;;;;;;;;;;;;;
M;C268_8_D;;;;;Function block marker;;ЛОЖЬ;ЛОЖЬ;;268;;;;;;;0;;;;3861;ЛОЖЬ;0;;;;;;;;;;;;;;Undefined;;;;;;;;;;;;ЛОЖЬ;ИСТИНА;;;;;;;;;;;;;;;;;;;;;;;;;;;;
M;1025_5;;;;;;;ЛОЖЬ;ЛОЖЬ;;1025;;;;;;;0;;;;2243;ЛОЖЬ;0;;;;;;;;;;;;;;Undefined;;;;;;;;;;;;ЛОЖЬ;ИСТИНА;;;;;;;;;;;;;;;;;;;;;;;;;;;;
T;365_4;;;;;;;ЛОЖЬ;ЛОЖЬ;;365;;;;;;;;1 s;300;;16;ЛОЖЬ;0;;;;;;;;;;;;;;Undefined;;;Delayed ON with constant timer value;;;;;;;;;ЛОЖЬ;ИСТИНА;;;;;;;;;;;;;;;;;;;;;;;;;;;;
M;402_1013_2;;;;;93PALL926_I (AFTER OOS);;ЛОЖЬ;ЛОЖЬ;;1013;;;;;;;0;;;;2173;ЛОЖЬ;0;;;;;;;0=TRIP INITIATOR;;;;;;;Undefined;;;;;;;;;;;;ЛОЖЬ;ИСТИНА;;;;;;;;;;;;;;;;;;;;;;;;;;;;
M;262_152_1;;;;;93LT417;;ЛОЖЬ;ЛОЖЬ;;152;;;;;;;0;;;;474;ЛОЖЬ;0;;;;;;;1=MO CONFIRMED;;;;;;;Undefined;491;3428;;;;;;;;;;ЛОЖЬ;;;;;;;;;;;;;;;;;;;;;;;;;;;;;
DI;93TI762_MOR;;COM;930-20;A_C93021;MO REQUEST;No;ИСТИНА;ИСТИНА;;382;;;;;;;0;;;;2931;ЛОЖЬ;37113;None;;;;;;1=REQUEST;;;;;;;Undefined;491;3428;;;;;;Freeze;;;;ЛОЖЬ;;;;ЛОЖЬ;;;;;;;;;;;;;;Input;EPKS_CCB;ESD_932_1;100;;;;;;;;
M;C522_3_B;;;;;Function block marker;;ЛОЖЬ;ЛОЖЬ;;522;;;;;;;0;;;;4512;ЛОЖЬ;0;;;;;;;;;;;;;;Undefined;;;;;;;;;;;;ЛОЖЬ;ИСТИНА;;;;;;;;;;;;;;;;;;;;;;;;;;;;
M;C550_6_E;;;;;Function block marker;;ЛОЖЬ;ЛОЖЬ;;550;;;;;;;0;;;;4422;ЛОЖЬ;0;;;;;;;;;;;;;;Undefined;;;;;;;;;;;;ЛОЖЬ;ИСТИНА;;;;;;;;;;;;;;;;;;;;;;;;;;;;
DO;93PDAHH830;;COM;930-20;A_C93021;C9302001BX DPRS GAS CYL1;No;ИСТИНА;ЛОЖЬ;;528;;;;;;;0;;;;989;ИСТИНА;37114;None;;;;;;0=TRIP;;;;;;;Undefined;491;3428;;;;;;;;;;ЛОЖЬ;;;;;;;;;;;;;;;;;;Output;EPKS_CCB;ESD_932_1;643;;;;;;;;
M;702_1043_4;;;;;93PALL876_I (AFTER OOS);;ЛОЖЬ;ЛОЖЬ;;1043;;;;;;;0;;;;2543;ЛОЖЬ;0;;;;;;;0=TRIP;;;;;;;Undefined;;;;;;;;;;;;ЛОЖЬ;ИСТИНА;;;;;;;;;;;;;;;;;;;;;;;;;;;;
M;C556_4_B;;;;;Function block marker;;ЛОЖЬ;ЛОЖЬ;;556;;;;;;;0;;;;4397;ЛОЖЬ;0;;;;;;;;;;;;;;Undefined;;;;;;;;;;;;ЛОЖЬ;ИСТИНА;;;;;;;;;;;;;;;;;;;;;;;;;;;;
DO;93LI424_TF;;COM;930-20;A_93020;TRANSM. FAIL;No;ЛОЖЬ;ЛОЖЬ;;272;;;;;;;0;;;;3748;ИСТИНА;38466;None;;;;;;0=ALARM;0=ALARM;;;;;;Undefined;;;;;;;;;;;;ЛОЖЬ;ИСТИНА;;;;;;;;;;;;;;;;;Output;EPKS_CCB;ESD_932_1;1311;;;;;;;;
AI;93LI412;;FLD;930-20;A_93020;L. V-9302003A;Yes;ИСТИНА;ЛОЖЬ;;258;ИСТИНА;Float;4-20mA;0;100;%;;;;;548;ЛОЖЬ;38440;;None;None;None;None;;;;;;;;;-XXXXX.X;3.64;22;;20.04;13;2;1;Bottom scale;;;;ЛОЖЬ;ИСТИНА;ЛОЖЬ;;;;;;;;;;;;;;;;Output;EPKS_CCB;ESD_932_1;10329;;;;;;;;
AI;93FI011A;;FLD;;;FUEL GAS;Yes;ИСТИНА;ЛОЖЬ;;312;ИСТИНА;Float;4-20mA;0;630;kg/h;;;;;836;ЛОЖЬ;38579;;None;None;None;None;;;;;;;;;-XXXXX.X;3.64;22;;20.05;11;6;1;Bottom scale;;;;ЛОЖЬ;ИСТИНА;ЛОЖЬ;;;;;;;;;;;;;;;;Output;EPKS_CCB;ESD_932_1;10378;;;;;;;;
DI;20-InputFault;;SYS;;;Input Channel fault;Yes;ЛОЖЬ;;;17;;;;;;;;;;;21;ЛОЖЬ;0;None;;;;;;;;;;;;;Undefined;491;3428;;;;;;;;;;ЛОЖЬ;;;;ЛОЖЬ;;;;;;;;;;;;;;;;;;;;;;;;;
M;C704_4_B;;;;;Function block marker;;ЛОЖЬ;ЛОЖЬ;;704;;;;;;;0;;;;4293;ЛОЖЬ;0;;;;;;;;;;;;;;Undefined;;;;;;;;;;;;ЛОЖЬ;ИСТИНА;;;;;;;;;;;;;;;;;;;;;;;;;;;;
M;1013_5;;;;;;;ЛОЖЬ;ЛОЖЬ;;1013;;;;;;;0;;;;3666;ЛОЖЬ;0;;;;;;;;;;;;;;Undefined;;;;;;;;;;;;ЛОЖЬ;ИСТИНА;;;;;;;;;;;;;;;;;;;;;;;;;;;;
T;266_6;;;;;;;ЛОЖЬ;ЛОЖЬ;;266;;;;;;;;100 ms;5;;1168;ЛОЖЬ;0;;;;;;;;;;;;;;Undefined;;;Delayed OFF with constant timer value;;;;;;;;;ЛОЖЬ;ИСТИНА;;;;;;;;;;;;;;;;;;;;;;;;;;;;
T;300_1;;;;;;;ЛОЖЬ;ЛОЖЬ;;300;;;;;;;;100 ms;10;;160;ЛОЖЬ;0;;;;;;;;;;;;;;Undefined;491;3428;Delayed OFF with constant timer value;;;;;;;;;ЛОЖЬ;;;;;;;;;;;;;;;;;;;;;;;;;;;;;
M;798_784_1;;;;;93HS860_P;;ЛОЖЬ;ЛОЖЬ;;784;;;;;;;0;;;;956;ЛОЖЬ;0;;;;;;;1=RESET;;;;;;;Undefined;491;3428;;;;;;;;;;ЛОЖЬ;;;;;;;;;;;;;;;;;;;;;;;;;;;;;
DO;93LAHH425_CA;;COM;930-20;A_93020;CAUSE ALARM;No;ИСТИНА;ЛОЖЬ;;272;;;;;;;0;;;;242;ЛОЖЬ;37115;None;;;;;;0=ALARM;;;;;;;Undefined;491;3428;;;;;;;;;;ЛОЖЬ;;;;;;;;;;;;;;;;;;Output;EPKS_CCB;ESD_932_1;480;;;;;;;;
DO;93PI827A_TF;;COM;;;TRANSM FAULT;No;ЛОЖЬ;ЛОЖЬ;;538;;;;;;;0;;;;1598;ИСТИНА;38578;None;;;;;;0=ALARM;0=ALARM;;;;;;Undefined;;;;;;;;;;;;ЛОЖЬ;ИСТИНА;;;;;;;;;;;;;;;;;Output;EPKS_CCB;ESD_932_1;1375;;;;;;;;
DO;93TAHH484A_CA;;COM;930-20;A_93020;CAUSE ALARM;No;ИСТИНА;ЛОЖЬ;;234;;;;;;;0;;;;3768;ЛОЖЬ;38465;None;;;;;;0=ALARM;0=ALARM;;;;;;Undefined;;;;;;;;;;;;ЛОЖЬ;ИСТИНА;;;;;;;;;;;;;;;;;Output;EPKS_CCB;ESD_932_1;1323;;;;;;;;
T;296_2;;;930-20;;;;ЛОЖЬ;ЛОЖЬ;;296;;;;;;;;100 ms;5;;148;ЛОЖЬ;0;;;;;;;;;;;;;;Undefined;491;3428;Delayed OFF with constant timer value;;;;;;;;;ЛОЖЬ;;;;;;;;;;;;;;;;;;;;;;;;;;;;;
M;1049_4;;;;;;;ЛОЖЬ;ЛОЖЬ;;1049;;;;;;;0;;;;2513;ЛОЖЬ;0;;;;;;;;;;;;;;Undefined;;;;;;;;;;;;ЛОЖЬ;ИСТИНА;;;;;;;;;;;;;;;;;;;;;;;;;;;;
DI;93LI429_MOR;;COM;930-20;A_93020;MO REQUEST;No;ИСТИНА;ИСТИНА;;278;;;;;;;0;;;;2876;ЛОЖЬ;37116;None;;;;;;1=REQUEST;;;;;;;Undefined;491;3428;;;;;;Freeze;;;;ЛОЖЬ;;;;ЛОЖЬ;;;;;;;;;;;;;;Input;EPKS_CCB;ESD_932_1;45;;;;;;;;
M;710_172_1;;;;;93TT857;;ЛОЖЬ;ЛОЖЬ;;172;;;;;;;0;;;;433;ЛОЖЬ;0;;;;;;;1=MO CONFIRMED;;;;;;;Undefined;491;3428;;;;;;;;;;ЛОЖЬ;;;;;;;;;;;;;;;;;;;;;;;;;;;;;
M;C230_2_E;;;;;Function block marker;;ЛОЖЬ;ЛОЖЬ;;230;;;;;;;0;;;;3973;ЛОЖЬ;0;;;;;;;;;;;;;;Undefined;;;;;;;;;;;;ЛОЖЬ;ИСТИНА;;;;;;;;;;;;;;;;;;;;;;;;;;;;
DO;93PAH768;;COM;;;HI ALARM;No;ЛОЖЬ;ЛОЖЬ;;364;;;;;;;0;;;;2769;ЛОЖЬ;0;None;;;;;;0=ALARM;0=ALARM;;;;;;Undefined;;;;;;;;;;;;ЛОЖЬ;ИСТИНА;;;;;;;;;;;;;;;;;Output;EPKS_CCB;ESD_932_1;1390;;;;;;;;
T;354_5;;;;;;;ЛОЖЬ;ЛОЖЬ;;354;;;;;;;;100 ms;5;;800;ЛОЖЬ;0;;;;;;;;;;;;;;Undefined;;;Delayed OFF with constant timer value;;;;;;;;;ЛОЖЬ;ИСТИНА;;;;;;;;;;;;;;;;;;;;;;;;;;;;
DI;00XS932E01P04;;CAB;930-20;S_B93_2;IB-93-2 ESD-01 ALARM PS 04;Yes;ИСТИНА;ЛОЖЬ;;18;;;;;;;;;;;11;ИСТИНА;37117;None;;;;;;0=ALARM;;;;;;;Undefined;491;3428;;20.03;1;4;1;Low;;;;ЛОЖЬ;;;;ЛОЖЬ;;;;;;;;;;;;;;Output;EPKS_CCB;ESD_932_1;951;;;;;;;;
DO;93PAL868;;COM;;;LO ALARM;No;ЛОЖЬ;ЛОЖЬ;;699;;;;;;;0;;;;3581;ЛОЖЬ;0;None;;;;;;0=ALARM;0=ALARM;;;;;;Undefined;;;;;;;;;;;;ЛОЖЬ;ИСТИНА;;;;;;;;;;;;;;;;;Output;EPKS_CCB;ESD_932_1;1425;;;;;;;;
M;C704_5_F;;;;;Function block marker;;ЛОЖЬ;ЛОЖЬ;;704;;;;;;;0;;;;4295;ЛОЖЬ;0;;;;;;;;;;;;;;Undefined;;;;;;;;;;;;ЛОЖЬ;ИСТИНА;;;;;;;;;;;;;;;;;;;;;;;;;;;;
M;704_3;;;;;;;ЛОЖЬ;ЛОЖЬ;;704;;;;;;;0;;;;1390;ЛОЖЬ;0;;;;;;;;;;;;;;Undefined;491;3428;;;;;;;;;;ЛОЖЬ;;;;;;;;;;;;;;;;;;;;;;;;;;;;;
M;2456_F;;;;;Trip 6;;ЛОЖЬ;ЛОЖЬ;;2456;;;;;;;0;;;;126;ЛОЖЬ;0;;;;;;;;;;;;;;Undefined;491;3428;;;;;;;;;;ЛОЖЬ;;;;;;;;;;;;;;;;;;;;;;;;;;;;;
M;288_8;;;;;;;ЛОЖЬ;ЛОЖЬ;;288;;;;;;;0;;;;3809;ЛОЖЬ;0;;;;;;;;;;;;;;Undefined;;;;;;;;;;;;ЛОЖЬ;ИСТИНА;;;;;;;;;;;;;;;;;;;;;;;;;;;;
M;C702_9_G;;;;;Function block marker;;ЛОЖЬ;ЛОЖЬ;;702;;;;;;;0;;;;4303;ЛОЖЬ;0;;;;;;;;;;;;;;Undefined;;;;;;;;;;;;ЛОЖЬ;ИСТИНА;;;;;;;;;;;;;;;;;;;;;;;;;;;;
DO;93HS751B_B2_IN_P;;COM;930-20;A_93020;CAP CTRL BIT 2;No;ИСТИНА;ЛОЖЬ;;434;;;;;;;0;;;;2004;ЛОЖЬ;38055;None;;;;;;1=ACTIVE;;;;;;;Undefined;491;3428;;;;;;;;;;ЛОЖЬ;;;;;;;;;;;;;;;;;;;;;;;;;;Output;CC_CCB_1;ESD_932_1;76
BO;93PI770_H;;COM;;;HI ALARM SETPOINT;No;ЛОЖЬ;ЛОЖЬ;;366;;Float;;;;;0;;;;84;;0;;None;None;None;None;;;;;;;;;-XXXXX.X;;;;;;;;;;;;ЛОЖЬ;ИСТИНА;;;;;;;;;;;;;;;;;Output;EPKS_CCB;ESD_932_1;10400;;;;;;;;
M;C1017_1_J;;;;;Function block marker;;ЛОЖЬ;ЛОЖЬ;;1017;;;;;;;0;;;;2421;ЛОЖЬ;0;;;;;;;;;;;;;;Undefined;;;;;;;;;;;;ЛОЖЬ;ИСТИНА;;;;;;;;;;;;;;;;;;;;;;;;;;;;
AI;VM 20.05/17/17;;SYS;;;;Yes;ЛОЖЬ;;;0;ИСТИНА;Float;0-5V (VM);0;100;;;;;;948;ЛОЖЬ;0;;None;None;None;None;;;;;;;;;Undefined;0;3.9;;20.05;17;17;1;Scan;;;;ЛОЖЬ;ИСТИНА;;;;;;;;;;;;;;;;;;;;;;;;;;;;
M;C284_8_C;;;;;Function block marker;;ЛОЖЬ;ЛОЖЬ;;284;;;;;;;0;;;;3836;ЛОЖЬ;0;;;;;;;;;;;;;;Undefined;;;;;;;;;;;;ЛОЖЬ;ИСТИНА;;;;;;;;;;;;;;;;;;;;;;;;;;;;
DO;93TI759_TF;;COM;930-20;A_C93021;TRANSM. FAIL;No;ИСТИНА;ЛОЖЬ;;378;;;;;;;0;;;;738;ИСТИНА;37119;None;;;;;;0=FAIL;;;;;;;Undefined;491;3428;;;;;;;;;;ЛОЖЬ;;;;;;;;;;;;;;;;;;Output;EPKS_CCB;ESD_932_1;796;;;;;;;;
T;370_6;;;;;;;ЛОЖЬ;ЛОЖЬ;;370;;;;;;;;100 ms;5;;128;ЛОЖЬ;0;;;;;;;;;;;;;;Undefined;;;Delayed OFF with constant timer value;;;;;;;;;ЛОЖЬ;ИСТИНА;;;;;;;;;;;;;;;;;;;;;;;;;;;;
BO;93PI870_H;;COM;;;HI ALARM SETPOINT;No;ЛОЖЬ;ЛОЖЬ;;700;;Float;;;;;0;;;;2068;;0;;None;None;None;None;;;;;;;;;-XXXXX.X;;;;;;;;;;;;ЛОЖЬ;ИСТИНА;;;;;;;;;;;;;;;;;Output;EPKS_CCB;ESD_932_1;10434;;;;;;;;
DO;93PAHH777A_CA;;COM;;;CAUSE ALARM;No;ЛОЖЬ;ЛОЖЬ;;368;;;;;;;0;;;;3301;ЛОЖЬ;0;None;;;;;;0=ALARM;0=ALARM;;;;;;Undefined;;;;;;;;;;;;ЛОЖЬ;ИСТИНА;;;;;;;;;;;;;;;;;Output;EPKS_CCB;ESD_932_1;1195;;;;;;;;
DO;93LAHH801_CA;;COM;930-20;A_C93021;CAUSE ALARM;No;ИСТИНА;ЛОЖЬ;;524;;;;;;;0;;;;968;ЛОЖЬ;37120;None;;;;;;0=ALARM;;;;;;;Undefined;491;3428;;;;;;;;;;ЛОЖЬ;;;;;;;;;;;;;;;;;;Output;EPKS_CCB;ESD_932_1;493;;;;;;;;
M;1023_1025_1;;;;;FIRST OUT SEQUENCE;;ЛОЖЬ;ЛОЖЬ;;1025;;;;;;;0;;;;2277;ЛОЖЬ;0;;;;;;;1=FU ALARM;;;;;;;Undefined;;;;;;;;;;;;ЛОЖЬ;ИСТИНА;;;;;;;;;;;;;;;;;;;;;;;;;;;;
DO;93PI884_TF;;COM;930-20;A_C93021;TRANSM. FAIL;No;ИСТИНА;ЛОЖЬ;;704;;;;;;;0;;;;1403;ИСТИНА;37121;None;;;;;;0=FAIL;;;;;;;Undefined;491;3428;;;;;;;;;;ЛОЖЬ;;;;;;;;;;;;;;;;;;Output;EPKS_CCB;ESD_932_1;700;;;;;;;;
M;C530_6_E;;;;;Function block marker;;ЛОЖЬ;ЛОЖЬ;;530;;;;;;;0;;;;4488;ЛОЖЬ;0;;;;;;;;;;;;;;Undefined;;;;;;;;;;;;ЛОЖЬ;ИСТИНА;;;;;;;;;;;;;;;;;;;;;;;;;;;;
DO;93TAHH854_CA;;COM;930-20;A_C93021;CAUSE ALARM;No;ИСТИНА;ЛОЖЬ;;708;;;;;;;0;;;;1336;ЛОЖЬ;37122;None;;;;;;0=ALARM;;;;;;;Undefined;491;3428;;;;;;;;;;ЛОЖЬ;;;;;;;;;;;;;;;;;;Output;EPKS_CCB;ESD_932_1;752;;;;;;;;
T;538_11;;;;;;;ЛОЖЬ;ЛОЖЬ;;538;;;;;;;;100 ms;5;;1356;ЛОЖЬ;0;;;;;;;;;;;;;;Undefined;;;Delayed OFF with constant timer value;;;;;;;;;ЛОЖЬ;ИСТИНА;;;;;;;;;;;;;;;;;;;;;;;;;;;;
M;372_1007_2;;;;;93TAHH753_I;;ЛОЖЬ;ЛОЖЬ;;1007;;;;;;;0;;;;2160;ЛОЖЬ;0;;;;;;;0=TRIP INITIATOR;;;;;;;Undefined;;;;;;;;;;;;ЛОЖЬ;ИСТИНА;;;;;;;;;;;;;;;;;;;;;;;;;;;;
M;250_8;;;;;;;ЛОЖЬ;ЛОЖЬ;;250;;;;;;;0;;;;3782;ЛОЖЬ;0;;;;;;;;;;;;;;Undefined;;;;;;;;;;;;ЛОЖЬ;ИСТИНА;;;;;;;;;;;;;;;;;;;;;;;;;;;;
DO;93TAH829;;COM;;;HI ALARM;No;ЛОЖЬ;ЛОЖЬ;;562;;;;;;;0;;;;3475;ЛОЖЬ;0;None;;;;;;0=ALARM;0=ALARM;;;;;;Undefined;;;;;;;;;;;;ЛОЖЬ;ИСТИНА;;;;;;;;;;;;;;;;;Output;EPKS_CCB;ESD_932_1;1418;;;;;;;;
M;C390_6_E;;;;;Function block marker;;ЛОЖЬ;ЛОЖЬ;;390;;;;;;;0;;;;4547;ЛОЖЬ;0;;;;;;;;;;;;;;Undefined;;;;;;;;;;;;ЛОЖЬ;ИСТИНА;;;;;;;;;;;;;;;;;;;;;;;;;;;;
T;318_2;;;;;;;ЛОЖЬ;ЛОЖЬ;;318;;;;;;;;100 ms;5;;616;ЛОЖЬ;0;;;;;;;;;;;;;;Undefined;;;Delayed OFF with constant timer value;;;;;;;;;ЛОЖЬ;ИСТИНА;;;;;;;;;;;;;;;;;;;;;;;;;;;;
T;716_6;;;;;;;ЛОЖЬ;ЛОЖЬ;;716;;;;;;;;100 ms;5;;1524;ЛОЖЬ;0;;;;;;;;;;;;;;Undefined;;;Delayed OFF with constant timer value;;;;;;;;;ЛОЖЬ;ИСТИНА;;;;;;;;;;;;;;;;;;;;;;;;;;;;
DI;93TI853_MOR;;COM;930-20;A_C93021;MO REQUEST;No;ИСТИНА;ИСТИНА;;706;;;;;;;0;;;;2954;ЛОЖЬ;37123;None;;;;;;1=REQUEST;;;;;;;Undefined;491;3428;;;;;;Freeze;;;;ЛОЖЬ;;;;ЛОЖЬ;;;;;;;;;;;;;;Input;EPKS_CCB;ESD_932_1;123;;;;;;;;
DO;93PALL926_CA;;COM;930-20;A_C93021;CAUSE ALARM;No;ИСТИНА;ЛОЖЬ;;402;;;;;;;0;;;;889;ЛОЖЬ;37124;None;;;;;;0=ALARM;;;;;;;Undefined;491;3428;;;;;;;;;;ЛОЖЬ;;;;;;;;;;;;;;;;;;Output;EPKS_CCB;ESD_932_1;638;;;;;;;;
M;C1011_1_M;;;;;Function block marker;;ЛОЖЬ;ЛОЖЬ;;1011;;;;;;;0;;;;2442;ЛОЖЬ;0;;;;;;;;;;;;;;Undefined;;;;;;;;;;;;ЛОЖЬ;ИСТИНА;;;;;;;;;;;;;;;;;;;;;;;;;;;;
M;C234_5_B;;;;;Function block marker;;ЛОЖЬ;ЛОЖЬ;;234;;;;;;;0;;;;3955;ЛОЖЬ;0;;;;;;;;;;;;;;Undefined;;;;;;;;;;;;ЛОЖЬ;ИСТИНА;;;;;;;;;;;;;;;;;;;;;;;;;;;;
M;724_8;;;;;;;ЛОЖЬ;ЛОЖЬ;;724;;;;;;;0;;;;4183;ЛОЖЬ;0;;;;;;;;;;;;;;Undefined;;;;;;;;;;;;ЛОЖЬ;ИСТИНА;;;;;;;;;;;;;;;;;;;;;;;;;;;;
M;390_9;;;;;;;ЛОЖЬ;ЛОЖЬ;;390;;;;;;;0;;;;4003;ЛОЖЬ;0;;;;;;;;;;;;;;Undefined;;;;;;;;;;;;ЛОЖЬ;ИСТИНА;;;;;;;;;;;;;;;;;;;;;;;;;;;;
M;C788_1_D;;;;;Function block marker;;ЛОЖЬ;ЛОЖЬ;;788;;;;;;;0;;;;1261;ЛОЖЬ;0;;;;;;;;;;;;;;Undefined;491;3428;;;;;;;;;;ЛОЖЬ;;;;;;;;;;;;;;;;;;;;;;;;;;;;;
DO;93PAHH771_FU;;COM;930-20;A_C93021;C9302001AX PRS GAS CYL2;No;ИСТИНА;ЛОЖЬ;;1007;;;;;;;0;;;;2197;ЛОЖЬ;38223;None;;;;;;1=FIRST;;;;;;;Undefined;;;;;;;;;;;;ЛОЖЬ;ИСТИНА;;;;;;;;;;;;;;;;;Output;EPKS_CCB;ESD_932_1;1064;;;;;;;;
M;648_2;;;;;;;ЛОЖЬ;ЛОЖЬ;;648;;;;;;;0;;;;2668;ЛОЖЬ;0;;;;;;;;;;;;;;Undefined;;;;;;;;;;;;ЛОЖЬ;ИСТИНА;;;;;;;;;;;;;;;;;;;;;;;;;;;;
M;1310_1307_1;;;930-20;A_93020;COMMON_TF;;ЛОЖЬ;ЛОЖЬ;;1307;;;;;;;0;;;;4019;ЛОЖЬ;0;;;;;;;0=ALARM;;;;;;;Undefined;;;;;;;;;;;;ЛОЖЬ;ИСТИНА;;;;;;;;;;;;;;;;;;;;;;;;;;;;
AI;93TI869A;;FLD;;;C9302001CX COOL WATER C2;Yes;ИСТИНА;ЛОЖЬ;;720;ИСТИНА;Float;4-20mA;-50;100;°C;;;;;904;ЛОЖЬ;38577;;None;None;None;None;;;;;;;;;-XXXXX.X;3.76;21;;20.05;17;6;1;Top scale;;;;ЛОЖЬ;ИСТИНА;ЛОЖЬ;;;;;;;;;;;;;;;;Output;EPKS_CCB;ESD_932_1;10388;;;;;;;;
DO;93LALL429;;COM;930-20;A_93020;HYD GAS COND  B9302002C;No;ИСТИНА;ЛОЖЬ;;278;;;;;;;0;;;;458;ИСТИНА;37125;None;;;;;;0=TRIP;;;;;;;Undefined;491;3428;;;;;;;;;;ЛОЖЬ;;;;;;;;;;;;;;;;;;Output;EPKS_CCB;ESD_932_1;527;;;;;;;;
M;288_7;;;;;;;ЛОЖЬ;ЛОЖЬ;;288;;;;;;;0;;;;3808;ЛОЖЬ;0;;;;;;;;;;;;;;Undefined;;;;;;;;;;;;ЛОЖЬ;ИСТИНА;;;;;;;;;;;;;;;;;;;;;;;;;;;;
DO;IB932_ESD1_F4;;COM;930-20;A_93020;COMMON UTILITY ALARM;No;ИСТИНА;ЛОЖЬ;;18;;;;;;;0;;;;190;ИСТИНА;37804;None;;;;;;0=ALARM;;;;;;;Undefined;491;3428;;;;;;;;;;ЛОЖЬ;;;;;;;;;;;;;;;;;;Output;EPKS_CCB;ESD_932_1;910;;;;;;;;
M;648_1029_3;;;;;93HS810_P;;ЛОЖЬ;ЛОЖЬ;;1029;;;;;;;0;;;;2287;ЛОЖЬ;0;;;;;;;1=RESET;;;;;;;Undefined;;;;;;;;;;;;ЛОЖЬ;ИСТИНА;;;;;;;;;;;;;;;;;;;;;;;;;;;;
DO;93TAHH757;;COM;930-20;A_C93021;C9302001AX TMP PACK CYL2;No;ИСТИНА;ЛОЖЬ;;376;;;;;;;0;;;;728;ИСТИНА;37126;None;;;;;;0=TRIP;;;;;;;Undefined;491;3428;;;;;;;;;;ЛОЖЬ;;;;;;;;;;;;;;;;;;Output;EPKS_CCB;ESD_932_1;713;;;;;;;;
M;C564_4_A;;;;;Compiler marker;;ЛОЖЬ;ЛОЖЬ;;564;;;;;;;0;;;;3727;ЛОЖЬ;0;;;;;;;;;;;;;;Undefined;;;;;;;;;;;;ЛОЖЬ;ИСТИНА;;;;;;;;;;;;;;;;;;;;;;;;;;;;
DO;93SIS551;;COM;930-20;A_93020;INTERLOCK 93-I-551;No;ИСТИНА;ЛОЖЬ;;276;;;;;;;0;;;;2024;ИСТИНА;37152;None;;;;;;0=TRIP;;;;;;;Undefined;491;3428;;;;;;;;;;ЛОЖЬ;;;;;;;;;;;;;;;;;;Output;EPKS_CCB;ESD_932_1;914;;;;;;;;
AI;93LI851;;FLD;930-20;A_C93021;C-9302001CX LEVEL 1ST ST;Yes;ИСТИНА;ЛОЖЬ;;688;ИСТИНА;Float;4-20mA;0;100;%;;;;;484;ЛОЖЬ;37958;;None;None;None;None;;;;-25;-25;;;;-XXXXX.X;3.64;22;;20.04;11;3;1;Bottom scale;;;;ЛОЖЬ;;ЛОЖЬ;;;;;;;;;;;;;;;;Output;EPKS_CCB;ESD_932_1;10100;;;;;;;;
BO;93TI887_HH;;COM;930-20;A_C93021;HH TRIP SETPOINT (°C);No;ИСТИНА;ЛОЖЬ;;562;;Float;;;;;0;;;;548;;38156;;;;;;;;;0;0;;;;-XXXXX.X;491;3428;;;;;;;;;;ЛОЖЬ;;;;;;;;;;;;;;;;;;Output;EPKS_CCB;ESD_932_1;10448;;;;;;;;
M;C448_3_C;;;;;Function block marker;;ЛОЖЬ;ЛОЖЬ;;448;;;;;;;0;;;;1866;ЛОЖЬ;0;;;;;;;;;;;;;;Undefined;491;3428;;;;;;;;;;ЛОЖЬ;;;;;;;;;;;;;;;;;;;;;;;;;;;;;
DO;93PI473_TF;;COM;930-20;A_93020;TRANSM. FAIL;No;ИСТИНА;ЛОЖЬ;;238;;;;;;;0;;;;252;ИСТИНА;37128;None;;;;;;0=FAIL;;;;;;;Undefined;491;3428;;;;;;;;;;ЛОЖЬ;;;;;;;;;;;;;;;;;;Output;EPKS_CCB;ESD_932_1;666;;;;;;;;
DI;93XSF424;;FLD;;;SHUTTER 93XV424;No;ИСТИНА;ЛОЖЬ;;326;;;;;;;;;;;55;ЛОЖЬ;37747;None;;;;;;1=FAIL;;;;;;;Undefined;;;;20.03;7;16;1;Low;;;;ЛОЖЬ;ИСТИНА;;;ЛОЖЬ;;;;;;;;;;;;;;;;;;;;;;;;;
M;1031_10;;;;;;;ЛОЖЬ;ЛОЖЬ;;1031;;;;;;;0;;;;3682;ЛОЖЬ;0;;;;;;;;;;;;;;Undefined;;;;;;;;;;;;ЛОЖЬ;ИСТИНА;;;;;;;;;;;;;;;;;;;;;;;;;;;;
M;C1009_1_K;;;;;Function block marker;;ЛОЖЬ;ЛОЖЬ;;1009;;;;;;;0;;;;2446;ЛОЖЬ;0;;;;;;;;;;;;;;Undefined;;;;;;;;;;;;ЛОЖЬ;ИСТИНА;;;;;;;;;;;;;;;;;;;;;;;;;;;;
M;C278_3_E;;;;;Function block marker;;ЛОЖЬ;ЛОЖЬ;;278;;;;;;;0;;;;3590;ЛОЖЬ;0;;;;;;;;;;;;;;Undefined;;;;;;;;;;;;ЛОЖЬ;ИСТИНА;;;;;;;;;;;;;;;;;;;;;;;;;;;;
M;564_1031_1;;;;;93VAHH802_I;;ЛОЖЬ;ЛОЖЬ;;1031;;;;;;;0;;;;2316;ЛОЖЬ;0;;;;;;;0=TRIP INITIATOR;;;;;;;Undefined;;;;;;;;;;;;ЛОЖЬ;ИСТИНА;;;;;;;;;;;;;;;;;;;;;;;;;;;;
DO;93FI028A_TF;;COM;;;TRANSM FAULT;No;ЛОЖЬ;ЛОЖЬ;;320;;;;;;;0;;;;1597;ИСТИНА;38576;None;;;;;;0=ALARM;0=ALARM;;;;;;Undefined;;;;;;;;;;;;ЛОЖЬ;ИСТИНА;;;;;;;;;;;;;;;;;Output;EPKS_CCB;ESD_932_1;1374;;;;;;;;
DO;93TI853_TF;;COM;930-20;A_C93021;TRANSM. FAIL;No;ИСТИНА;ЛОЖЬ;;706;;;;;;;0;;;;1491;ИСТИНА;37129;None;;;;;;0=FAIL;;;;;;;Undefined;491;3428;;;;;;;;;;ЛОЖЬ;;;;;;;;;;;;;;;;;;Output;EPKS_CCB;ESD_932_1;830;;;;;;;;
M;708_9;;;;;;;ЛОЖЬ;ЛОЖЬ;;708;;;;;;;0;;;;4136;ЛОЖЬ;0;;;;;;;;;;;;;;Undefined;;;;;;;;;;;;ЛОЖЬ;ИСТИНА;;;;;;;;;;;;;;;;;;;;;;;;;;;;
M;688_7;;;;;;;ЛОЖЬ;ЛОЖЬ;;688;;;;;;;0;;;;4203;ЛОЖЬ;0;;;;;;;;;;;;;;Undefined;;;;;;;;;;;;ЛОЖЬ;ИСТИНА;;;;;;;;;;;;;;;;;;;;;;;;;;;;
DO;IB932_ESD1_F3;;COM;930-20;A_93020;IO FAULT;No;ИСТИНА;ЛОЖЬ;;17;;;;;;;0;;;;140;ИСТИНА;37805;None;;;;;;0=FAULT;;;;;;;Undefined;491;3428;;;;;;;;;;ЛОЖЬ;;;;;;;;;;;;;;;;;;Output;EPKS_CCB;ESD_932_1;909;;;;;;;;
M;C530_5_E;;;;;Function block marker;;ЛОЖЬ;ЛОЖЬ;;530;;;;;;;0;;;;4485;ЛОЖЬ;0;;;;;;;;;;;;;;Undefined;;;;;;;;;;;;ЛОЖЬ;ИСТИНА;;;;;;;;;;;;;;;;;;;;;;;;;;;;
M;642_644_1;;;;;CAPACITY 25%;;ЛОЖЬ;ЛОЖЬ;;644;;;;;;;0;;;;549;ЛОЖЬ;0;;;;;;;1=ACTIVE;;;;;;;Undefined;491;3428;;;;;;;;;;ЛОЖЬ;;;;;;;;;;;;;;;;;;;;;;;;;;;;;
DO;93FALL422_CA;;COM;930-20;A_C93021;CAUSE ALARM;No;ИСТИНА;ЛОЖЬ;;246;;;;;;;0;;;;294;ЛОЖЬ;37130;None;;;;;;0=ALARM;;;;;;;Undefined;491;3428;;;;;;;;;;ЛОЖЬ;;;;;;;;;;;;;;;;;;Output;EPKS_CCB;ESD_932_1;420;;;;;;;;
M;C1035_1_I;;;;;Function block marker;;ЛОЖЬ;ЛОЖЬ;;1035;;;;;;;0;;;;2372;ЛОЖЬ;0;;;;;;;;;;;;;;Undefined;;;;;;;;;;;;ЛОЖЬ;ИСТИНА;;;;;;;;;;;;;;;;;;;;;;;;;;;;
M;368_412_4;;;;;93PALL776_I (AFTER OOS);;ЛОЖЬ;ЛОЖЬ;;412;;;;;;;0;;;;670;ЛОЖЬ;0;;;;;;;0=TRIP;;;;;;;Undefined;491;3428;;;;;;;;;;ЛОЖЬ;;;;;;;;;;;;;;;;;;;;;;;;;;;;;
BO;IB932_ESD1_YEAR;;COM;;;YEAR;No;ЛОЖЬ;ЛОЖЬ;;19;;Word;;;;;0;;;;32;;0;;None;None;None;None;;;;;;;;;-XXXXX.X;;;;;;;;;;;;ЛОЖЬ;ИСТИНА;;;;;;;;;;;;;;;;;Output;EPKS_CCB;ESD_932_1;10302;;;;;;;;
M;C564_1_D;;;;;Function block marker;;ЛОЖЬ;ЛОЖЬ;;564;;;;;;;0;;;;1458;ЛОЖЬ;0;;;;;;;;;;;;;;Undefined;491;3428;;;;;;;;;;ЛОЖЬ;;;;;;;;;;;;;;;;;;;;;;;;;;;;;
M;382_2;;;;;;;ЛОЖЬ;ЛОЖЬ;;382;;;;;;;0;;;;773;ЛОЖЬ;0;;;;;;;;;;;;;;Undefined;491;3428;;;;;;;;;;ЛОЖЬ;;;;;;;;;;;;;;;;;;;;;;;;;;;;;
M;C250_7_F;;;;;Function block marker;;ЛОЖЬ;ЛОЖЬ;;250;;;;;;;0;;;;3915;ЛОЖЬ;0;;;;;;;;;;;;;;Undefined;;;;;;;;;;;;ЛОЖЬ;ИСТИНА;;;;;;;;;;;;;;;;;;;;;;;;;;;;
R;C2499_1;;;;;Compiler register (288, 66);;ЛОЖЬ;ЛОЖЬ;;2499;;Float;;;;;0;;;;300;ЛОЖЬ;0;;;;;;;;;;;;;;Undefined;491;3428;;;;;;;;;;ЛОЖЬ;;;;;;;;;;;;;;;;;;;;;;;;;;;;;
M;254_7;;;;;;;ЛОЖЬ;ЛОЖЬ;;254;;;;;;;0;;;;3787;ЛОЖЬ;0;;;;;;;;;;;;;;Undefined;;;;;;;;;;;;ЛОЖЬ;ИСТИНА;;;;;;;;;;;;;;;;;;;;;;;;;;;;
DO;93PALL814;;COM;;;C9302001BX PRS GAS CYL1;No;ИСТИНА;ЛОЖЬ;;533;;;;;;;0;;;;1031;ИСТИНА;37806;None;;;;;;0=TRIP;;;;;;;Undefined;491;3428;;;;;;;;;;ЛОЖЬ;;;;;;;;;;;;;;;;;;Output;EPKS_CCB;ESD_932_1;621;;;;;;;;
T;550_2;;;;;;;ЛОЖЬ;ЛОЖЬ;;550;;;;;;;;100 ms;5;;812;ЛОЖЬ;0;;;;;;;;;;;;;;Undefined;;;Delayed OFF with constant timer value;;;;;;;;;ЛОЖЬ;ИСТИНА;;;;;;;;;;;;;;;;;;;;;;;;;;;;
M;534_535_1;;;;;93PT819;;ЛОЖЬ;ЛОЖЬ;;535;;;;;;;0;;;;4055;ЛОЖЬ;0;;;;;;;1=MO CONFIRMED;;;;;;;Undefined;;;;;;;;;;;;ЛОЖЬ;ИСТИНА;;;;;;;;;;;;;;;;;;;;;;;;;;;;
M;1017_11;;;;;;;ЛОЖЬ;ЛОЖЬ;;1017;;;;;;;0;;;;2143;ЛОЖЬ;0;;;;;;;;;;;;;;Undefined;;;;;;;;;;;;ЛОЖЬ;ИСТИНА;;;;;;;;;;;;;;;;;;;;;;;;;;;;
DO;93TAHH857;;COM;930-20;A_C93021;C9302001CX TMP PACK CYL2;No;ИСТИНА;ЛОЖЬ;;710;;;;;;;0;;;;1492;ИСТИНА;37132;None;;;;;;0=TRIP;;;;;;;Undefined;491;3428;;;;;;;;;;ЛОЖЬ;;;;;;;;;;;;;;;;;;Output;EPKS_CCB;ESD_932_1;753;;;;;;;;
M;378_160_1;;;;;93TT759;;ЛОЖЬ;ЛОЖЬ;;160;;;;;;;0;;;;1106;ЛОЖЬ;0;;;;;;;1=MO CONFIRMED;;;;;;;Undefined;491;3428;;;;;;;;;;ЛОЖЬ;;;;;;;;;;;;;;;;;;;;;;;;;;;;;
DO;93PI461_MOC;;COM;930-20;A_93020;MO CONFIRMED;No;ИСТИНА;ЛОЖЬ;;236;;;;;;;0;;;;250;ИСТИНА;37133;None;;;;;;1=CONFIRMED;;;;;;;Undefined;491;3428;;;;;;;;;;ЛОЖЬ;;;;;;;;;;;;;;;;;;Output;EPKS_CCB;ESD_932_1;663;;;;;;;;
BO;93FI902_L;;COM;;;LO ALARM SETPOINT;No;ЛОЖЬ;ЛОЖЬ;;400;;Float;;;;;0;;;;2112;;0;;None;None;None;None;;;;;;;;;-XXXXX.X;;;;;;;;;;;;ЛОЖЬ;ИСТИНА;;;;;;;;;;;;;;;;;Output;EPKS_CCB;ESD_932_1;10445;;;;;;;;
BO;93TI817_HH;;COM;930-20;A_C93021;HH TRIP SETPOINT (°C);No;ИСТИНА;ЛОЖЬ;;554;;Float;;;;;0;;;;456;;38175;;;;;;;;;0;0;;;;-XXXXX.X;491;3428;;;;;;;;;;ЛОЖЬ;;;;;;;;;;;;;;;;;;Output;EPKS_CCB;ESD_932_1;10264;;;;;;;;
M;244_7;;;;;;;ЛОЖЬ;ЛОЖЬ;;244;;;;;;;0;;;;3772;ЛОЖЬ;0;;;;;;;;;;;;;;Undefined;;;;;;;;;;;;ЛОЖЬ;ИСТИНА;;;;;;;;;;;;;;;;;;;;;;;;;;;;
DO;93PAHH776;;COM;930-20;A_C93021;C9302001AX PRS OIL CKC;No;ИСТИНА;ЛОЖЬ;;368;;;;;;;0;;;;679;ИСТИНА;37134;None;;;;;;0=TRIP;;;;;;;Undefined;491;3428;;;;;;;;;;ЛОЖЬ;;;;;;;;;;;;;;;;;;Output;EPKS_CCB;ESD_932_1;583;;;;;;;;
DI;93HY754A_P;;COM;930-20;A_C93021;C9302001AX LO START PM2;No;ИСТИНА;ИСТИНА;;448;;;;;;;0;;;;2096;ИСТИНА;37624;None;;;;;;1=START;;;;;;;Undefined;491;3428;;;;;;Low;;;;ЛОЖЬ;;;;ЛОЖЬ;;;;;;;;;;;;;;Output;EPKS_CCB;ESD_932_1;2023;;;;;Input;CC_CCB_1;ESD_932_1;1
M;C400_4_E;;;;;Function block marker;;ЛОЖЬ;ЛОЖЬ;;400;;;;;;;0;;;;4531;ЛОЖЬ;0;;;;;;;;;;;;;;Undefined;;;;;;;;;;;;ЛОЖЬ;ИСТИНА;;;;;;;;;;;;;;;;;;;;;;;;;;;;
T;358_2;;;;;;;ЛОЖЬ;ЛОЖЬ;;358;;;;;;;;100 ms;5;;652;ЛОЖЬ;0;;;;;;;;;;;;;;Undefined;;;Delayed OFF with constant timer value;;;;;;;;;ЛОЖЬ;ИСТИНА;;;;;;;;;;;;;;;;;;;;;;;;;;;;
DO;93PI776_TF;;COM;930-20;A_C93021;TRANSM. FAIL;No;ИСТИНА;ЛОЖЬ;;368;;;;;;;0;;;;687;ИСТИНА;37135;None;;;;;;0=FAIL;;;;;;;Undefined;491;3428;;;;;;;;;;ЛОЖЬ;;;;;;;;;;;;;;;;;;Output;EPKS_CCB;ESD_932_1;678;;;;;;;;
M;C300_1_C;;;;;Function block marker;;ЛОЖЬ;ЛОЖЬ;;300;;;;;;;0;;;;2779;ЛОЖЬ;0;;;;;;;;;;;;;;Undefined;491;3428;;;;;;;;;;ЛОЖЬ;;;;;;;;;;;;;;;;;;;;;;;;;;;;;
DO;93XY118A_C;;COM;;;;No;ИСТИНА;ЛОЖЬ;;318;;;;;;;0;;;;66;ИСТИНА;38050;None;;;;;;0=TRIP;;;;;;;Undefined;;;;;;;;;;;;ЛОЖЬ;ИСТИНА;;;;;;;;;;;;;;;;;Output;EPKS_CCB;ESD_932_1;990;;;;;;;;
M;270_1;;;;;;;ЛОЖЬ;ЛОЖЬ;;270;;;;;;;0;;;;526;ЛОЖЬ;0;;;;;;;;;;;;;;Undefined;491;3428;;;;;;;;;;ЛОЖЬ;;;;;;;;;;;;;;;;;;;;;;;;;;;;;
M;448_5;;;;;;;ЛОЖЬ;ЛОЖЬ;;448;;;;;;;0;;;;1785;ЛОЖЬ;0;;;;;;;;;;;;;;Undefined;491;3428;;;;;;;;;;ЛОЖЬ;;;;;;;;;;;;;;;;;;;;;;;;;;;;;
M;C374_1_B;;;;;Function block marker;;ЛОЖЬ;ЛОЖЬ;;374;;;;;;;0;;;;2715;ЛОЖЬ;0;;;;;;;;;;;;;;Undefined;491;3428;;;;;;;;;;ЛОЖЬ;;;;;;;;;;;;;;;;;;;;;;;;;;;;;
R;706_707_3;;;;;93TI852;;ЛОЖЬ;ЛОЖЬ;;707;;Float;;;;;0;;;;2192;ЛОЖЬ;0;;;;;;;;;;;;;;Undefined;;;;;;;;;;;;ЛОЖЬ;ИСТИНА;;;;;;;;;;;;;;;;;;;;;;;;;;;;
R;C2495_2;;;;;Compiler register (336, 36);;ЛОЖЬ;ЛОЖЬ;;2495;;Float;;;;;0;;;;328;ЛОЖЬ;0;;;;;;;;;;;;;;Undefined;491;3428;;;;;;;;;;ЛОЖЬ;;;;;;;;;;;;;;;;;;;;;;;;;;;;;
T;236_8;;;;;;;ЛОЖЬ;ЛОЖЬ;;236;;;;;;;;100 ms;10;;1136;ЛОЖЬ;0;;;;;;;;;;;;;;Undefined;;;Delayed OFF with constant timer value;;;;;;;;;ЛОЖЬ;ИСТИНА;;;;;;;;;;;;;;;;;;;;;;;;;;;;
DO;93FI755_MOC;;COM;930-20;A_C93021;MO CONFIRMED;No;ИСТИНА;ЛОЖЬ;;352;;;;;;;0;;;;592;ИСТИНА;37136;None;;;;;;1=CONFIRMED;;;;;;;Undefined;491;3428;;;;;;;;;;ЛОЖЬ;;;;;;;;;;;;;;;;;;Output;EPKS_CCB;ESD_932_1;457;;;;;;;;
T;568_2;;;;;;;ЛОЖЬ;ЛОЖЬ;;568;;;;;;;;100 ms;10;;1560;ЛОЖЬ;0;;;;;;;;;;;;;;Undefined;;;Delayed OFF with constant timer value;;;;;;;;;ЛОЖЬ;ИСТИНА;;;;;;;;;;;;;;;;;;;;;;;;;;;;
DO;93PI826_MOC;;COM;;;MO CONFIRMED;No;ИСТИНА;ЛОЖЬ;;538;;;;;;;0;;;;1064;ИСТИНА;37137;None;;;;;;1=CONFIRMED;;;;;;;Undefined;491;3428;;;;;;;;;;ЛОЖЬ;;;;;;;;;;;;;;;;;;Output;EPKS_CCB;ESD_932_1;687;;;;;;;;
DO;93LAHH802A_CA;;COM;;;CAUSE ALARM;No;ЛОЖЬ;ЛОЖЬ;;524;;;;;;;0;;;;3319;ЛОЖЬ;0;None;;;;;;0=ALARM;0=ALARM;;;;;;Undefined;;;;;;;;;;;;ЛОЖЬ;ИСТИНА;;;;;;;;;;;;;;;;;Output;EPKS_CCB;ESD_932_1;1214;;;;;;;;
DO;93TAHH936_CA;;COM;930-20;A_C93021;CAUSE ALARM;No;ИСТИНА;ЛОЖЬ;;724;;;;;;;0;;;;1408;ЛОЖЬ;37138;None;;;;;;0=ALARM;;;;;;;Undefined;491;3428;;;;;;;;;;ЛОЖЬ;;;;;;;;;;;;;;;;;;Output;EPKS_CCB;ESD_932_1;774;;;;;;;;
M;C362_4_B;;;;;Function block marker;;ЛОЖЬ;ЛОЖЬ;;362;;;;;;;0;;;;4632;ЛОЖЬ;0;;;;;;;;;;;;;;Undefined;;;;;;;;;;;;ЛОЖЬ;ИСТИНА;;;;;;;;;;;;;;;;;;;;;;;;;;;;
DO;93FI422_TF;;COM;930-20;A_C93021;TRANSM. FAIL;No;ИСТИНА;ЛОЖЬ;;246;;;;;;;0;;;;293;ИСТИНА;37139;None;;;;;;0=FAIL;;;;;;;Undefined;491;3428;;;;;;;;;;ЛОЖЬ;;;;;;;;;;;;;;;;;;Output;EPKS_CCB;ESD_932_1;446;;;;;;;;
M;C704_6_F;;;;;Function block marker;;ЛОЖЬ;ЛОЖЬ;;704;;;;;;;0;;;;4298;ЛОЖЬ;0;;;;;;;;;;;;;;Undefined;;;;;;;;;;;;ЛОЖЬ;ИСТИНА;;;;;;;;;;;;;;;;;;;;;;;;;;;;
M;448_1005_1;;;;;93HS760_P;;ЛОЖЬ;ЛОЖЬ;;1005;;;;;;;0;;;;80;ЛОЖЬ;0;;;;;;;1=RESET;;;;;;;Undefined;;;;;;;;;;;;ЛОЖЬ;ИСТИНА;;;;;;;;;;;;;;;;;;;;;;;;;;;;
M;368_160_1;;;;;93PT776;;ЛОЖЬ;ЛОЖЬ;;160;;;;;;;0;;;;1015;ЛОЖЬ;0;;;;;;;1=MO CONFIRMED;;;;;;;Undefined;491;3428;;;;;;;;;;ЛОЖЬ;;;;;;;;;;;;;;;;;;;;;;;;;;;;;
M;C1029_1_K;;;;;Function block marker;;ЛОЖЬ;ЛОЖЬ;;1029;;;;;;;0;;;;2392;ЛОЖЬ;0;;;;;;;;;;;;;;Undefined;;;;;;;;;;;;ЛОЖЬ;ИСТИНА;;;;;;;;;;;;;;;;;;;;;;;;;;;;
M;C1035_1_H;;;;;Function block marker;;ЛОЖЬ;ЛОЖЬ;;1035;;;;;;;0;;;;2371;ЛОЖЬ;0;;;;;;;;;;;;;;Undefined;;;;;;;;;;;;ЛОЖЬ;ИСТИНА;;;;;;;;;;;;;;;;;;;;;;;;;;;;
M;C316_7_F;;;;;Function block marker;;ЛОЖЬ;ЛОЖЬ;;316;;;;;;;0;;;;4685;ЛОЖЬ;0;;;;;;;;;;;;;;Undefined;;;;;;;;;;;;ЛОЖЬ;ИСТИНА;;;;;;;;;;;;;;;;;;;;;;;;;;;;
M;716_1045_3;;;;;93TAHH862_I (AFTER OOS);;ЛОЖЬ;ЛОЖЬ;;1045;;;;;;;0;;;;2550;ЛОЖЬ;0;;;;;;;0=TRIP;;;;;;;Undefined;;;;;;;;;;;;ЛОЖЬ;ИСТИНА;;;;;;;;;;;;;;;;;;;;;;;;;;;;
AI;93PI818;;FLD;;;C9302001BX PROC GAS CYL2;Yes;ИСТИНА;ЛОЖЬ;;534;ИСТИНА;Float;4-20mA;0;600;kPa;;;;;692;ЛОЖЬ;38575;;None;None;None;None;;;;;;;;;-XXXXX.X;3.64;22;;20.03;17;4;1;Top scale;;;;ЛОЖЬ;ИСТИНА;ЛОЖЬ;;;;;;;;;;;;;;;;Output;EPKS_CCB;ESD_932_1;10348;;;;;;;;
DO;93XY754;;MCC;930-20;A_C93021;C-9302001AX LO PM2 TRIP;Yes;ИСТИНА;ЛОЖЬ;;448;;;;;;;0;;;;125;ИСТИНА;37140;None;;;;;;0=TRIP;;;;;;;Undefined;491;3428;;20.06;5;6;1;Appl;;;;ЛОЖЬ;;;;;;;;;;;;;;;;;;Output;EPKS_CCB;ESD_932_1;1048;;;;;;;;
DO;93LAHH424_CA;;COM;930-20;A_93020;CAUSE ALARM;No;ЛОЖЬ;ЛОЖЬ;;272;;;;;;;0;;;;3347;ЛОЖЬ;0;None;;;;;;0=ALARM;0=ALARM;;;;;;Undefined;;;;;;;;;;;;ЛОЖЬ;ИСТИНА;;;;;;;;;;;;;;;;;Output;EPKS_CCB;ESD_932_1;1242;;;;;;;;
M;730_1;;;;;;;ЛОЖЬ;ЛОЖЬ;;730;;;;;;;0;;;;1546;ЛОЖЬ;0;;;;;;;;;;;;;;Undefined;491;3428;;;;;;;;;;ЛОЖЬ;;;;;;;;;;;;;;;;;;;;;;;;;;;;;
M;C1003_1_H;;;;;Function block marker;;ЛОЖЬ;ЛОЖЬ;;1003;;;;;;;0;;;;2461;ЛОЖЬ;0;;;;;;;;;;;;;;Undefined;;;;;;;;;;;;ЛОЖЬ;ИСТИНА;;;;;;;;;;;;;;;;;;;;;;;;;;;;
M;C1043_1_K;;;;;Function block marker;;ЛОЖЬ;ЛОЖЬ;;1043;;;;;;;0;;;;2644;ЛОЖЬ;0;;;;;;;;;;;;;;Undefined;;;;;;;;;;;;ЛОЖЬ;ИСТИНА;;;;;;;;;;;;;;;;;;;;;;;;;;;;
DO;93TAH808;;COM;;;HI ALARM;No;ЛОЖЬ;ЛОЖЬ;;548;;;;;;;0;;;;2817;ЛОЖЬ;0;None;;;;;;0=ALARM;0=ALARM;;;;;;Undefined;;;;;;;;;;;;ЛОЖЬ;ИСТИНА;;;;;;;;;;;;;;;;;Output;EPKS_CCB;ESD_932_1;1413;;;;;;;;
M;C264_7_E;;;;;Function block marker;;ЛОЖЬ;ЛОЖЬ;;264;;;;;;;0;;;;3875;ЛОЖЬ;0;;;;;;;;;;;;;;Undefined;;;;;;;;;;;;ЛОЖЬ;ИСТИНА;;;;;;;;;;;;;;;;;;;;;;;;;;;;
M;394_428_4;;;;;93VAHH751_I;;ЛОЖЬ;ЛОЖЬ;;428;;;;;;;0;;;;3661;ЛОЖЬ;0;;;;;;;0=TRIP INITIATOR;;;;;;;Undefined;;;;;;;;;;;;ЛОЖЬ;ИСТИНА;;;;;;;;;;;;;;;;;;;;;;;;;;;;
M;564_2;;;;;;;ЛОЖЬ;ЛОЖЬ;;564;;;;;;;0;;;;2761;ЛОЖЬ;0;;;;;;;;;;;;;;Undefined;;;;;;;;;;;;ЛОЖЬ;ИСТИНА;;;;;;;;;;;;;;;;;;;;;;;;;;;;
DO;93LAHH803;;COM;930-20;A_C93021;C9302001BX LEV SEP 2ND;No;ИСТИНА;ЛОЖЬ;;526;;;;;;;0;;;;962;ИСТИНА;37141;None;;;;;;0=TRIP;;;;;;;Undefined;491;3428;;;;;;;;;;ЛОЖЬ;;;;;;;;;;;;;;;;;;Output;EPKS_CCB;ESD_932_1;494;;;;;;;;
M;648_1035_3;;;;;93HS810_P;;ЛОЖЬ;ЛОЖЬ;;1035;;;;;;;0;;;;2290;ЛОЖЬ;0;;;;;;;1=RESET;;;;;;;Undefined;;;;;;;;;;;;ЛОЖЬ;ИСТИНА;;;;;;;;;;;;;;;;;;;;;;;;;;;;
DI;93TI984_MOR;;COM;930-20;A_93020;MO REQUEST;No;ИСТИНА;ИСТИНА;;294;;;;;;;0;;;;2974;ЛОЖЬ;37142;None;;;;;;1=REQUEST;;;;;;;Undefined;491;3428;;;;;;Freeze;;;;ЛОЖЬ;;;;ЛОЖЬ;;;;;;;;;;;;;;Input;EPKS_CCB;ESD_932_1;143;;;;;;;;
M;2480_3;;;;;;;ЛОЖЬ;ЛОЖЬ;;2480;;;;;;;0;;;;189;ЛОЖЬ;0;;;;;;;;;;;;;;Undefined;491;3428;;;;;;;;;;ЛОЖЬ;;;;;;;;;;;;;;;;;;;;;;;;;;;;;
DO;93FI854_MOC;;COM;930-20;A_C93021;MO CONFIRMED;No;ИСТИНА;ЛОЖЬ;;684;;;;;;;0;;;;1430;ИСТИНА;37143;None;;;;;;1=CONFIRMED;;;;;;;Undefined;491;3428;;;;;;;;;;ЛОЖЬ;;;;;;;;;;;;;;;;;;Output;EPKS_CCB;ESD_932_1;463;;;;;;;;
DO;93HS807A_FU;;COM;930-20;A_C93021;C-9302001BX EM.STOP;No;ИСТИНА;ЛОЖЬ;;1035;;;;;;;0;;;;2368;ЛОЖЬ;38290;None;;;;;;1=FIRST;;;;;;;Undefined;;;;;;;;;;;;ЛОЖЬ;ИСТИНА;;;;;;;;;;;;;;;;;Output;EPKS_CCB;ESD_932_1;1131;;;;;;;;
T;252_8;;;;;;;ЛОЖЬ;ЛОЖЬ;;252;;;;;;;;100 ms;10;;1112;ЛОЖЬ;0;;;;;;;;;;;;;;Undefined;;;Delayed OFF with constant timer value;;;;;;;;;ЛОЖЬ;ИСТИНА;;;;;;;;;;;;;;;;;;;;;;;;;;;;
T;544_3;;;;;;;ЛОЖЬ;ЛОЖЬ;;544;;;;;;;;100 ms;5;;1404;ЛОЖЬ;0;;;;;;;;;;;;;;Undefined;;;Delayed OFF with constant timer value;;;;;;;;;ЛОЖЬ;ИСТИНА;;;;;;;;;;;;;;;;;;;;;;;;;;;;
M;1311_1307_1;;;930-20;A_93020;COMMON_TF;;ЛОЖЬ;ЛОЖЬ;;1307;;;;;;;0;;;;4209;ЛОЖЬ;0;;;;;;;0=ALARM;;;;;;;Undefined;;;;;;;;;;;;ЛОЖЬ;ИСТИНА;;;;;;;;;;;;;;;;;;;;;;;;;;;;
M;C720_5_G;;;;;Function block marker;;ЛОЖЬ;ЛОЖЬ;;720;;;;;;;0;;;;4248;ЛОЖЬ;0;;;;;;;;;;;;;;Undefined;;;;;;;;;;;;ЛОЖЬ;ИСТИНА;;;;;;;;;;;;;;;;;;;;;;;;;;;;
DO;93TAHH807_FU;;COM;930-20;A_C93021;C9302001BX TMP PACK CYL2;No;ИСТИНА;ЛОЖЬ;;1027;;;;;;;0;;;;2347;ЛОЖЬ;38269;None;;;;;;1=FIRST;;;;;;;Undefined;;;;;;;;;;;;ЛОЖЬ;ИСТИНА;;;;;;;;;;;;;;;;;Output;EPKS_CCB;ESD_932_1;1110;;;;;;;;
M;C318_5_F;;;;;Function block marker;;ЛОЖЬ;ЛОЖЬ;;318;;;;;;;0;;;;4674;ЛОЖЬ;0;;;;;;;;;;;;;;Undefined;;;;;;;;;;;;ЛОЖЬ;ИСТИНА;;;;;;;;;;;;;;;;;;;;;;;;;;;;
DO;93PDAHH831;;COM;930-20;A_C93021;C9302001BX DPRS GAS CYL2;No;ИСТИНА;ЛОЖЬ;;530;;;;;;;0;;;;982;ИСТИНА;37144;None;;;;;;0=TRIP;;;;;;;Undefined;491;3428;;;;;;;;;;ЛОЖЬ;;;;;;;;;;;;;;;;;;Output;EPKS_CCB;ESD_932_1;645;;;;;;;;
M;2456_A;;;;;Trip 1;;ЛОЖЬ;ЛОЖЬ;;2456;;;;;;;0;;;;101;ЛОЖЬ;0;;;;;;;;;;;;;;Undefined;491;3428;;;;;;;;;;ЛОЖЬ;;;;;;;;;;;;;;;;;;;;;;;;;;;;;
M;692_1039_2;;;;;93PDAHH880_I;;ЛОЖЬ;ЛОЖЬ;;1039;;;;;;;0;;;;2527;ЛОЖЬ;0;;;;;;;0=TRIP INITIATOR;;;;;;;Undefined;;;;;;;;;;;;ЛОЖЬ;ИСТИНА;;;;;;;;;;;;;;;;;;;;;;;;;;;;
M;365_410_2;;;;;93PALL769_I;;ЛОЖЬ;ЛОЖЬ;;410;;;;;;;0;;;;3643;ЛОЖЬ;0;;;;;;;0=TRIP INITIATOR;;;;;;;Undefined;;;;;;;;;;;;ЛОЖЬ;ИСТИНА;;;;;;;;;;;;;;;;;;;;;;;;;;;;
M;C648_3_D;;;;;Function block marker;;ЛОЖЬ;ЛОЖЬ;;648;;;;;;;0;;;;1340;ЛОЖЬ;0;;;;;;;;;;;;;;Undefined;491;3428;;;;;;;;;;ЛОЖЬ;;;;;;;;;;;;;;;;;;;;;;;;;;;;;
T;448_3;;;;;;;ЛОЖЬ;ЛОЖЬ;;448;;;;;;;;100 ms;50;;528;ЛОЖЬ;0;;;;;;;;;;;;;;Undefined;491;3428;Delayed OFF with constant timer value;;;;;;;;;ЛОЖЬ;;;;;;;;;;;;;;;;;;;;;;;;;;;;;
DO;93HA857A2;;COM;930-20;A_C93021;C-9302001CX EM.STOP;No;ИСТИНА;ЛОЖЬ;;732;;;;;;;0;;;;4222;ИСТИНА;38574;None;;;;;;0=TRIP;0=TRIP;;;;;;Undefined;;;;;;;;;;;;ЛОЖЬ;ИСТИНА;;;;;;;;;;;;;;;;;Output;EPKS_CCB;ESD_932_1;1463;;;;;;;;
DO;93HY754;;MCC;930-20;A_C93021;C-9302001AX LO START PM2;Yes;ИСТИНА;ЛОЖЬ;;448;;;;;;;0;;;;124;ЛОЖЬ;37145;None;;;;;;1=START;;;;;;;Undefined;491;3428;;20.06;5;5;1;Appl;;;;ЛОЖЬ;;;;;;;;;;;;;;;;;;;;;;;;;;;;;
DO;93TAHH868;;COM;930-20;A_C93021;C9302001CX H2O COOL CYL2;No;ИСТИНА;ЛОЖЬ;;720;;;;;;;0;;;;1280;ИСТИНА;37146;None;;;;;;0=TRIP;;;;;;;Undefined;491;3428;;;;;;;;;;ЛОЖЬ;;;;;;;;;;;;;;;;;;Output;EPKS_CCB;ESD_932_1;763;;;;;;;;
DO;93PALL814A_P;;COM;;;INDICATION LIGHT;No;ИСТИНА;ЛОЖЬ;;628;;;;;;;0;;;;1671;ЛОЖЬ;38060;None;;;;;;1=ACTIVE;;;;;;;Undefined;491;3428;;;;;;;;;;ЛОЖЬ;;;;;;;;;;;;;;Output;CC_CCB_2;ESD_932_1;42;;;;;;;;;;;;
M;C278_4_F;;;;;Function block marker;;ЛОЖЬ;ЛОЖЬ;;278;;;;;;;0;;;;3841;ЛОЖЬ;0;;;;;;;;;;;;;;Undefined;;;;;;;;;;;;ЛОЖЬ;ИСТИНА;;;;;;;;;;;;;;;;;;;;;;;;;;;;
DO;93PDAH782;;COM;;;HI ALARM;No;ЛОЖЬ;ЛОЖЬ;;360;;;;;;;0;;;;2766;ЛОЖЬ;0;None;;;;;;0=ALARM;0=ALARM;;;;;;Undefined;;;;;;;;;;;;ЛОЖЬ;ИСТИНА;;;;;;;;;;;;;;;;;Output;EPKS_CCB;ESD_932_1;1387;;;;;;;;
M;C258_4_G;;;;;Function block marker;;ЛОЖЬ;ЛОЖЬ;;258;;;;;;;0;;;;248;ЛОЖЬ;0;;;;;;;;;;;;;;Undefined;;;;;;;;;;;;ЛОЖЬ;ИСТИНА;;;;;;;;;;;;;;;;;;;;;;;;;;;;
DO;93TAHH768;;COM;930-20;A_C93021;C9302001AX H2O COOL CYL2;No;ИСТИНА;ЛОЖЬ;;386;;;;;;;0;;;;794;ИСТИНА;37147;None;;;;;;0=TRIP;;;;;;;Undefined;491;3428;;;;;;;;;;ЛОЖЬ;;;;;;;;;;;;;;;;;;Output;EPKS_CCB;ESD_932_1;723;;;;;;;;
M;798_1045_1;;;;;93HS860_P;;ЛОЖЬ;ЛОЖЬ;;1045;;;;;;;0;;;;2531;ЛОЖЬ;0;;;;;;;1=RESET;;;;;;;Undefined;;;;;;;;;;;;ЛОЖЬ;ИСТИНА;;;;;;;;;;;;;;;;;;;;;;;;;;;;
DO;93PI475_MOC;;COM;930-20;A_93020;MO CONFIRMED;No;ИСТИНА;ЛОЖЬ;;240;;;;;;;0;;;;270;ИСТИНА;37148;None;;;;;;1=CONFIRMED;;;;;;;Undefined;491;3428;;;;;;;;;;ЛОЖЬ;;;;;;;;;;;;;;;;;;Output;EPKS_CCB;ESD_932_1;667;;;;;;;;
AI;93TI835;;FLD;;;C-9302001BX COOL H2O OIL;Yes;ИСТИНА;ЛОЖЬ;;558;ИСТИНА;Float;4-20mA;-50;100;°C;;;;;728;ЛОЖЬ;38573;;None;None;None;None;;;;;;;;;-XXXXX.X;3.76;21;;20.03;17;13;1;Top scale;;;;ЛОЖЬ;ИСТИНА;ЛОЖЬ;;;;;;;;;;;;;;;;Output;EPKS_CCB;ESD_932_1;10357;;;;;;;;
DO;93PDAH779;;COM;;;HI ALARM;No;ЛОЖЬ;ЛОЖЬ;;358;;;;;;;0;;;;2765;ЛОЖЬ;0;None;;;;;;0=ALARM;0=ALARM;;;;;;Undefined;;;;;;;;;;;;ЛОЖЬ;ИСТИНА;;;;;;;;;;;;;;;;;Output;EPKS_CCB;ESD_932_1;1386;;;;;;;;
M;530_628_2;;;;;93PDAHH831_I;;ЛОЖЬ;ЛОЖЬ;;628;;;;;;;0;;;;817;ЛОЖЬ;0;;;;;;;0=TRIP INITIATOR;;;;;;;Undefined;491;3428;;;;;;;;;;ЛОЖЬ;;;;;;;;;;;;;;;;;;;;;;;;;;;;;
DI;93HS813_P;;COM;;;LAMP TEST;No;ИСТИНА;ИСТИНА;;634;;;;;;;0;;;;1651;ИСТИНА;37333;None;;;;;;1=LAMP ON;;;;;;;Undefined;491;3428;;;;;;Low;;;;ЛОЖЬ;;;;ЛОЖЬ;;;;;;;;;;Input;CC_CCB_2;ESD_932_1;20;Output;EPKS_CCB;ESD_932_1;2015;;;;;;;;
M;C726_5_F;;;;;Function block marker;;ЛОЖЬ;ЛОЖЬ;;726;;;;;;;0;;;;4226;ЛОЖЬ;0;;;;;;;;;;;;;;Undefined;;;;;;;;;;;;ЛОЖЬ;ИСТИНА;;;;;;;;;;;;;;;;;;;;;;;;;;;;
DO;93FALL428_FU;;COM;930-20;A_C93021;H2O COOL C9302001BX;No;ИСТИНА;ЛОЖЬ;;1033;;;;;;;0;;;;2364;ЛОЖЬ;38286;None;;;;;;1=FIRST;;;;;;;Undefined;;;;;;;;;;;;ЛОЖЬ;ИСТИНА;;;;;;;;;;;;;;;;;Output;EPKS_CCB;ESD_932_1;1127;;;;;;;;
M;C234_7_G;;;;;Function block marker;;ЛОЖЬ;ЛОЖЬ;;234;;;;;;;0;;;;3961;ЛОЖЬ;0;;;;;;;;;;;;;;Undefined;;;;;;;;;;;;ЛОЖЬ;ИСТИНА;;;;;;;;;;;;;;;;;;;;;;;;;;;;
M;C538_9_E;;;;;Function block marker;;ЛОЖЬ;ЛОЖЬ;;538;;;;;;;0;;;;328;ЛОЖЬ;0;;;;;;;;;;;;;;Undefined;;;;;;;;;;;;ЛОЖЬ;ИСТИНА;;;;;;;;;;;;;;;;;;;;;;;;;;;;
BO;93LI438_LL;;COM;930-20;A_93020;LL TRIP SETPOINT (%);No;ИСТИНА;ЛОЖЬ;;290;;Float;;;;;0;;;;428;;38207;;;;;;;;;0;0;;;;-XXXXX.X;491;3428;;;;;;;;;;ЛОЖЬ;;;;;;;;;;;;;;;;;;Output;EPKS_CCB;ESD_932_1;10203;;;;;;;;
M;C798_4_C;;;;;Function block marker;;ЛОЖЬ;ЛОЖЬ;;798;;;;;;;0;;;;1170;ЛОЖЬ;0;;;;;;;;;;;;;;Undefined;491;3428;;;;;;;;;;ЛОЖЬ;;;;;;;;;;;;;;;;;;;;;;;;;;;;;
T;256_8;;;;;;;ЛОЖЬ;ЛОЖЬ;;256;;;;;;;;100 ms;10;;1148;ЛОЖЬ;0;;;;;;;;;;;;;;Undefined;;;Delayed OFF with constant timer value;;;;;;;;;ЛОЖЬ;ИСТИНА;;;;;;;;;;;;;;;;;;;;;;;;;;;;
M;248_1051_2;;;;;93FALL424_I;;ЛОЖЬ;ЛОЖЬ;;1051;;;;;;;0;;;;2563;ЛОЖЬ;0;;;;;;;0=TRIP INITIATOR;;;;;;;Undefined;;;;;;;;;;;;ЛОЖЬ;ИСТИНА;;;;;;;;;;;;;;;;;;;;;;;;;;;;
DO;93VSHH751_MOC;;COM;930-20;A_C93021;MO CONFIRMED;No;ЛОЖЬ;ЛОЖЬ;;394;;;;;;;0;;;;3654;ИСТИНА;38415;None;;;;;;1=CONFIRMED;1=CONFIRMED;;;;;;Undefined;;;;;;;;;;;;ЛОЖЬ;ИСТИНА;;;;;;;;;;;;;;;;;Output;EPKS_CCB;ESD_932_1;1279;;;;;;;;
M;238_150_1;;;;;93PT473;;ЛОЖЬ;ЛОЖЬ;;150;;;;;;;0;;;;224;ЛОЖЬ;0;;;;;;;1=MO CONFIRMED;;;;;;;Undefined;491;3428;;;;;;;;;;ЛОЖЬ;;;;;;;;;;;;;;;;;;;;;;;;;;;;;
DO;93LAHH754A_CA;;COM;;;CAUSE ALARM;No;ЛОЖЬ;ЛОЖЬ;;356;;;;;;;0;;;;3292;ЛОЖЬ;0;None;;;;;;0=ALARM;0=ALARM;;;;;;Undefined;;;;;;;;;;;;ЛОЖЬ;ИСТИНА;;;;;;;;;;;;;;;;;Output;EPKS_CCB;ESD_932_1;1178;;;;;;;;
M;C365_5_G;;;;;Function block marker;;ЛОЖЬ;ЛОЖЬ;;365;;;;;;;0;;;;4618;ЛОЖЬ;0;;;;;;;;;;;;;;Undefined;;;;;;;;;;;;ЛОЖЬ;ИСТИНА;;;;;;;;;;;;;;;;;;;;;;;;;;;;
AI;93LI424;;FLD;930-20;A_93020;L. B-9302002A;Yes;ИСТИНА;ЛОЖЬ;;270;ИСТИНА;Float;4-20mA;0;100;%;;;;;332;ЛОЖЬ;38439;;None;None;None;None;;;;;;;;;-XXXXX.X;3.64;22;;20.04;5;16;1;Bottom scale;;;;ЛОЖЬ;ИСТИНА;ЛОЖЬ;;;;;;;;;;;;;;;;Output;EPKS_CCB;ESD_932_1;10324;;;;;;;;
DI;93HS551B1;;FLD;;;STOP BTN 2LCSA3;Yes;ИСТИНА;ЛОЖЬ;;300;;;;;;;;;;;34;ИСТИНА;37407;None;;;;;;0=TRIP;;;;;;;Undefined;;;;20.03;5;11;1;Low;;;;ЛОЖЬ;ИСТИНА;;;ЛОЖЬ;;;;;;;;;;;;;;Output;EPKS_CCB;ESD_932_1;932;;;;;;;;
M;648_650_2;;;;;93XY493_I;;ЛОЖЬ;ЛОЖЬ;;650;;;;;;;0;;;;1258;ЛОЖЬ;0;;;;;;;0=TRIP INITIATOR;;;;;;;Undefined;491;3428;;;;;;;;;;ЛОЖЬ;;;;;;;;;;;;;;;;;;;;;;;;;;;;;
M;C536_5_F;;;;;Function block marker;;ЛОЖЬ;ЛОЖЬ;;536;;;;;;;0;;;;4458;ЛОЖЬ;0;;;;;;;;;;;;;;Undefined;;;;;;;;;;;;ЛОЖЬ;ИСТИНА;;;;;;;;;;;;;;;;;;;;;;;;;;;;
M;C533_4_G;;;;;Function block marker;;ЛОЖЬ;ЛОЖЬ;;533;;;;;;;0;;;;4479;ЛОЖЬ;0;;;;;;;;;;;;;;Undefined;;;;;;;;;;;;ЛОЖЬ;ИСТИНА;;;;;;;;;;;;;;;;;;;;;;;;;;;;
M;C372_6_F;;;;;Function block marker;;ЛОЖЬ;ЛОЖЬ;;372;;;;;;;0;;;;4595;ЛОЖЬ;0;;;;;;;;;;;;;;Undefined;;;;;;;;;;;;ЛОЖЬ;ИСТИНА;;;;;;;;;;;;;;;;;;;;;;;;;;;;
M;268_8;;;;;;;ЛОЖЬ;ЛОЖЬ;;268;;;;;;;0;;;;3803;ЛОЖЬ;0;;;;;;;;;;;;;;Undefined;;;;;;;;;;;;ЛОЖЬ;ИСТИНА;;;;;;;;;;;;;;;;;;;;;;;;;;;;
T;368_1;;;;;;;ЛОЖЬ;ЛОЖЬ;;368;;;;;;;;100 ms;5;;748;ЛОЖЬ;0;;;;;;;;;;;;;;Undefined;;;Delayed OFF with constant timer value;;;;;;;;;ЛОЖЬ;ИСТИНА;;;;;;;;;;;;;;;;;;;;;;;;;;;;
M;324_258_2;;;;;SHUTTER 93XV421- OPEN;;ЛОЖЬ;ЛОЖЬ;;258;;;;;;;0;;;;2043;ЛОЖЬ;0;;;;;;;1=OVERRIDE;;;;;;;Undefined;491;3428;;;;;;;;;;ЛОЖЬ;;;;;;;;;;;;;;;;;;;;;;;;;;;;;
M;C400_1_B;;;;;Function block marker;;ЛОЖЬ;ЛОЖЬ;;400;;;;;;;0;;;;1879;ЛОЖЬ;0;;;;;;;;;;;;;;Undefined;491;3428;;;;;;;;;;ЛОЖЬ;;;;;;;;;;;;;;;;;;;;;;;;;;;;;
M;1043_5;;;;;;;ЛОЖЬ;ЛОЖЬ;;1043;;;;;;;0;;;;2493;ЛОЖЬ;0;;;;;;;;;;;;;;Undefined;;;;;;;;;;;;ЛОЖЬ;ИСТИНА;;;;;;;;;;;;;;;;;;;;;;;;;;;;
DO;93HS704A;;COM;930-20;A_C93021;MOS EN AREA C9302001AX;No;ИСТИНА;ЛОЖЬ;;121;;;;;;;0;;;;286;ИСТИНА;37807;None;;;;;;1=ENABLED;;;;;;;Undefined;491;3428;;;;;;;;;;ЛОЖЬ;;;;;;;;;;;;;;;;;;Output;EPKS_CCB;ESD_932_1;484;;;;;;;;
M;C696_5_E;;;;;Function block marker;;ЛОЖЬ;ЛОЖЬ;;696;;;;;;;0;;;;3425;ЛОЖЬ;0;;;;;;;;;;;;;;Undefined;;;;;;;;;;;;ЛОЖЬ;ИСТИНА;;;;;;;;;;;;;;;;;;;;;;;;;;;;
AI;93TI817;;FLD;930-20;A_C93021;C9302001BX PROC GAS CYL2;Yes;ИСТИНА;ЛОЖЬ;;554;ИСТИНА;Float;4-20mA;-50;200;°C;;;;;92;ЛОЖЬ;37971;;None;None;None;None;;;;-112.5;-112.5;;;;-XXXXX.X;3.76;21;;20.03;15;7;1;Bottom scale;;;;ЛОЖЬ;;ЛОЖЬ;;;;;;;;;;;;;;;;Output;EPKS_CCB;ESD_932_1;10147;;;;;;;;
DI;93PI475_MOR;;COM;930-20;A_93020;MO REQUEST;No;ИСТИНА;ИСТИНА;;240;;;;;;;0;;;;2903;ЛОЖЬ;37150;None;;;;;;1=REQUEST;;;;;;;Undefined;491;3428;;;;;;Freeze;;;;ЛОЖЬ;;;;ЛОЖЬ;;;;;;;;;;;;;;Input;EPKS_CCB;ESD_932_1;72;;;;;;;;
DO;93TAH807;;COM;930-20;A_C93021;HI ALARM;No;ЛОЖЬ;ЛОЖЬ;;546;;;;;;;0;;;;4116;ЛОЖЬ;0;None;;;;;;0=ALARM;0=ALARM;;;;;;Undefined;;;;;;;;;;;;ЛОЖЬ;ИСТИНА;;;;;;;;;;;;;;;;;Output;EPKS_CCB;ESD_932_1;1446;;;;;;;;
DO;93PDI831_MOC;;COM;930-20;A_C93021;MO CONFIRMED;No;ИСТИНА;ЛОЖЬ;;530;;;;;;;0;;;;974;ИСТИНА;37151;None;;;;;;1=CONFIRMED;;;;;;;Undefined;491;3428;;;;;;;;;;ЛОЖЬ;;;;;;;;;;;;;;;;;;Output;EPKS_CCB;ESD_932_1;657;;;;;;;;
M;540_9;;;;;;;ЛОЖЬ;ЛОЖЬ;;540;;;;;;;0;;;;4067;ЛОЖЬ;0;;;;;;;;;;;;;;Undefined;;;;;;;;;;;;ЛОЖЬ;ИСТИНА;;;;;;;;;;;;;;;;;;;;;;;;;;;;
M;266_9;;;;;;;ЛОЖЬ;ЛОЖЬ;;266;;;;;;;0;;;;3801;ЛОЖЬ;0;;;;;;;;;;;;;;Undefined;;;;;;;;;;;;ЛОЖЬ;ИСТИНА;;;;;;;;;;;;;;;;;;;;;;;;;;;;
M;C568_1_D;;;;;Function block marker;;ЛОЖЬ;ЛОЖЬ;;568;;;;;;;0;;;;1447;ЛОЖЬ;0;;;;;;;;;;;;;;Undefined;491;3428;;;;;;;;;;ЛОЖЬ;;;;;;;;;;;;;;;;;;;;;;;;;;;;;
AI;93PDI881;;FLD;930-20;A_C93021;C9302001CX PROC GAS CYL2;Yes;ИСТИНА;ЛОЖЬ;;694;ИСТИНА;Float;4-20mA;0;1;MPa;;;;;512;ЛОЖЬ;37966;;None;None;None;None;;;;-0.25;-0.25;;;;-XXXXX.X;3.64;22;;20.04;11;10;1;Bottom scale;;;;ЛОЖЬ;;ЛОЖЬ;;;;;;;;;;;;;;;;Output;EPKS_CCB;ESD_932_1;10107;;;;;;;;
DO;93HA857A_PA;;COM;930-20;A_C93021;1OO2 PRE ALARM;No;ИСТИНА;ЛОЖЬ;;732;;;;;;;0;;;;4221;ЛОЖЬ;38572;None;;;;;;0=ALARM;0=ALARM;;;;;;Undefined;;;;;;;;;;;;ЛОЖЬ;ИСТИНА;;;;;;;;;;;;;;;;;Output;EPKS_CCB;ESD_932_1;1462;;;;;;;;
T;554_2;;;;;;;ЛОЖЬ;ЛОЖЬ;;554;;;;;;;;100 ms;5;;820;ЛОЖЬ;0;;;;;;;;;;;;;;Undefined;;;Delayed OFF with constant timer value;;;;;;;;;ЛОЖЬ;ИСТИНА;;;;;;;;;;;;;;;;;;;;;;;;;;;;
DO;93LY854_C;;COM;;;C-9302001CX DRAIN 2ND ST;No;ИСТИНА;ЛОЖЬ;;800;;;;;;;0;;;;2006;ИСТИНА;37161;None;;;;;;0=TRIP;;;;;;;Undefined;491;3428;;;;;;;;;;ЛОЖЬ;;;;;;;;;;;;;;;;;;Output;EPKS_CCB;ESD_932_1;985;;;;;;;;
T;312_3;;;;;;;ЛОЖЬ;ЛОЖЬ;;312;;;;;;;;100 ms;5;;896;ЛОЖЬ;0;;;;;;;;;;;;;;Undefined;;;Delayed OFF with constant timer value;;;;;;;;;ЛОЖЬ;ИСТИНА;;;;;;;;;;;;;;;;;;;;;;;;;;;;
M;232_6;;;;;;;ЛОЖЬ;ЛОЖЬ;;232;;;;;;;0;;;;3767;ЛОЖЬ;0;;;;;;;;;;;;;;Undefined;;;;;;;;;;;;ЛОЖЬ;ИСТИНА;;;;;;;;;;;;;;;;;;;;;;;;;;;;
M;C266_6_E;;;;;Function block marker;;ЛОЖЬ;ЛОЖЬ;;266;;;;;;;0;;;;3863;ЛОЖЬ;0;;;;;;;;;;;;;;Undefined;;;;;;;;;;;;ЛОЖЬ;ИСТИНА;;;;;;;;;;;;;;;;;;;;;;;;;;;;
M;2350_A;;;;;1=MO REQUEST;;ЛОЖЬ;ЛОЖЬ;;2350;;;;;;;0;;;;230;ЛОЖЬ;0;;;;;;;;;;;;;;Undefined;491;3428;;;;;;;;;;ЛОЖЬ;;;;;;;;;;;;;;;;;;;;;;;;;;;;;
DO;93VAHH802_PA;;COM;930-20;A_C93021;1OO2 PRE ALARM;No;ИСТИНА;ЛОЖЬ;;564;;;;;;;0;;;;1060;ЛОЖЬ;37809;None;;;;;;0=ALARM;;;;;;;Undefined;491;3428;;;;;;;;;;ЛОЖЬ;;;;;;;;;;;;;;;;;;Output;EPKS_CCB;ESD_932_1;866;;;;;;;;
M;546_814_3;;;;;93TAH807_PERM;;ЛОЖЬ;ЛОЖЬ;;814;;;;;;;0;;;;4117;ЛОЖЬ;0;;;;;;;0=ALARM;;;;;;;Undefined;;;;;;;;;;;;ЛОЖЬ;ИСТИНА;;;;;;;;;;;;;;;;;;;;;;;;;;;;
M;544_814_2;;;;;93TAH804_PERM;;ЛОЖЬ;ЛОЖЬ;;814;;;;;;;0;;;;4115;ЛОЖЬ;0;;;;;;;0=ALARM;;;;;;;Undefined;;;;;;;;;;;;ЛОЖЬ;ИСТИНА;;;;;;;;;;;;;;;;;;;;;;;;;;;;
DI;93TI759_MOR;;COM;930-20;A_C93021;MO REQUEST;No;ИСТИНА;ИСТИНА;;378;;;;;;;0;;;;2928;ЛОЖЬ;37153;None;;;;;;1=REQUEST;;;;;;;Undefined;491;3428;;;;;;Freeze;;;;ЛОЖЬ;;;;ЛОЖЬ;;;;;;;;;;;;;;Input;EPKS_CCB;ESD_932_1;97;;;;;;;;
T;534_8;;;;;;;ЛОЖЬ;ЛОЖЬ;;534;;;;;;;;100 ms;5;;1304;ЛОЖЬ;0;;;;;;;;;;;;;;Undefined;;;Delayed OFF with constant timer value;;;;;;;;;ЛОЖЬ;ИСТИНА;;;;;;;;;;;;;;;;;;;;;;;;;;;;
DO;93HS770_FU_C;;COM;930-20;A_C93021;C-9302001 EMERGENCY STOP;No;ИСТИНА;ЛОЖЬ;;1053;;;;;;;0;;;;2574;ЛОЖЬ;38296;None;;;;;;1=FIRST;;;;;;;Undefined;;;;;;;;;;;;ЛОЖЬ;ИСТИНА;;;;;;;;;;;;;;;;;Output;EPKS_CCB;ESD_932_1;1137;;;;;;;;
AI;93TI861;;FLD;930-20;A_C93021;C9302001CX PROC GAS CYL1;Yes;ИСТИНА;ЛОЖЬ;;714;ИСТИНА;Float;4-20mA;-50;200;°C;;;;;320;ЛОЖЬ;37937;;None;None;None;None;;;;-112.5;-112.5;;;;-XXXXX.X;3.76;21;;20.04;5;13;1;Bottom scale;;;;ЛОЖЬ;;ЛОЖЬ;;;;;;;;;;;;;;;;Output;EPKS_CCB;ESD_932_1;10156;;;;;;;;
M;C384_6_E;;;;;Function block marker;;ЛОЖЬ;ЛОЖЬ;;384;;;;;;;0;;;;4568;ЛОЖЬ;0;;;;;;;;;;;;;;Undefined;;;;;;;;;;;;ЛОЖЬ;ИСТИНА;;;;;;;;;;;;;;;;;;;;;;;;;;;;
M;1039_1;;;;;;;ЛОЖЬ;ЛОЖЬ;;1039;;;;;;;0;;;;2474;ЛОЖЬ;0;;;;;;;;;;;;;;Undefined;;;;;;;;;;;;ЛОЖЬ;ИСТИНА;;;;;;;;;;;;;;;;;;;;;;;;;;;;
M;C648_5_C;;;;;Function block marker;;ЛОЖЬ;ЛОЖЬ;;648;;;;;;;0;;;;2675;ЛОЖЬ;0;;;;;;;;;;;;;;Undefined;;;;;;;;;;;;ЛОЖЬ;ИСТИНА;;;;;;;;;;;;;;;;;;;;;;;;;;;;
T;252_6;;;;;;;ЛОЖЬ;ЛОЖЬ;;252;;;;;;;;100 ms;5;;1104;ЛОЖЬ;0;;;;;;;;;;;;;;Undefined;;;Delayed OFF with constant timer value;;;;;;;;;ЛОЖЬ;ИСТИНА;;;;;;;;;;;;;;;;;;;;;;;;;;;;
DI;93ZSLL754_MOR;;COM;930-20;A_C93021;MO REQUEST;No;ИСТИНА;ИСТИНА;;396;;;;;;;0;;;;2988;ЛОЖЬ;37155;None;;;;;;1=REQUEST;;;;;;;Undefined;491;3428;;;;;;Freeze;;;;ЛОЖЬ;;;;ЛОЖЬ;;;;;;;;;;;;;;Input;EPKS_CCB;ESD_932_1;157;;;;;;;;
M;C125_5;;;;;Compiler marker (216, 133);;ЛОЖЬ;ЛОЖЬ;;125;;;;;;;0;;;;3288;ЛОЖЬ;0;;;;;;;;;;;;;;Undefined;;;;;;;;;;;;ЛОЖЬ;ИСТИНА;;;;;;;;;;;;;;;;;;;;;;;;;;;;
M;2470_I;;;;;Out 2;;ЛОЖЬ;ЛОЖЬ;;2470;;;;;;;0;;;;160;ЛОЖЬ;0;;;;;;;;;;;;;;Undefined;491;3428;;;;;;;;;;ЛОЖЬ;;;;;;;;;;;;;;;;;;;;;;;;;;;;;
DO;93PALL088_P;;COM;930-20;A_93020;AIR COL CRL AND MSR DEVS;No;ИСТИНА;ЛОЖЬ;;310;;;;;;;0;;;;2016;ЛОЖЬ;38057;None;;;;;;1=ACTIVE;;;;;;;Undefined;491;3428;;;;;;;;;;ЛОЖЬ;;;;;;;;;;;;;;Output;CC_CCB_2;ESD_932_1;70;;;;;;;;;;;;
T;722_5;;;;;;;ЛОЖЬ;ЛОЖЬ;;722;;;;;;;;100 ms;5;;1496;ЛОЖЬ;0;;;;;;;;;;;;;;Undefined;;;Delayed OFF with constant timer value;;;;;;;;;ЛОЖЬ;ИСТИНА;;;;;;;;;;;;;;;;;;;;;;;;;;;;
BO;93PI871_HH;;COM;930-20;A_C93021;HH TRIP SETPOINT (MPa-g);No;ИСТИНА;ЛОЖЬ;;700;;Float;;;;;0;;;;772;;38180;;;;;;;;;0;0;;;;-XXXXX.X;491;3428;;;;;;;;;;ЛОЖЬ;;;;;;;;;;;;;;;;;;Output;EPKS_CCB;ESD_932_1;10241;;;;;;;;
DO;93PAHH869_FU;;COM;930-20;A_C93021;C9302001CX PRS GAS CYL2;No;ИСТИНА;ЛОЖЬ;;1041;;;;;;;0;;;;2585;ЛОЖЬ;38307;None;;;;;;1=FIRST;;;;;;;Undefined;;;;;;;;;;;;ЛОЖЬ;ИСТИНА;;;;;;;;;;;;;;;;;Output;EPKS_CCB;ESD_932_1;1148;;;;;;;;
M;700_9;;;;;;;ЛОЖЬ;ЛОЖЬ;;700;;;;;;;0;;;;4164;ЛОЖЬ;0;;;;;;;;;;;;;;Undefined;;;;;;;;;;;;ЛОЖЬ;ИСТИНА;;;;;;;;;;;;;;;;;;;;;;;;;;;;
AI;VM 20.04/11/17;;SYS;;;;Yes;ЛОЖЬ;;;0;ИСТИНА;Float;0-5V (VM);0;100;;;;;;540;ЛОЖЬ;0;;None;None;None;None;;;;;;;;;-XXXXX.X;2.5;3.9;;20.04;11;17;1;Scan;;;;ЛОЖЬ;;;;;;;;;;;;;;;;;;;;;;;;;;;;;
M;798_1;;;;;;;ЛОЖЬ;ЛОЖЬ;;798;;;;;;;0;;;;2669;ЛОЖЬ;0;;;;;;;;;;;;;;Undefined;;;;;;;;;;;;ЛОЖЬ;ИСТИНА;;;;;;;;;;;;;;;;;;;;;;;;;;;;
M;C266_7_E;;;;;Function block marker;;ЛОЖЬ;ЛОЖЬ;;266;;;;;;;0;;;;3866;ЛОЖЬ;0;;;;;;;;;;;;;;Undefined;;;;;;;;;;;;ЛОЖЬ;ИСТИНА;;;;;;;;;;;;;;;;;;;;;;;;;;;;
DO;93FI425_TF;;COM;930-20;A_C93021;TRANSM. FAIL;No;ЛОЖЬ;ЛОЖЬ;;250;;;;;;;0;;;;3756;ИСТИНА;38464;None;;;;;;0=ALARM;0=ALARM;;;;;;Undefined;;;;;;;;;;;;ЛОЖЬ;ИСТИНА;;;;;;;;;;;;;;;;;Output;EPKS_CCB;ESD_932_1;1301;;;;;;;;
M;1039_6;;;;;;;ЛОЖЬ;ЛОЖЬ;;1039;;;;;;;0;;;;2479;ЛОЖЬ;0;;;;;;;;;;;;;;Undefined;;;;;;;;;;;;ЛОЖЬ;ИСТИНА;;;;;;;;;;;;;;;;;;;;;;;;;;;;
M;400_430_2;;;;;93FALL901_I (AFTER OOS);;ЛОЖЬ;ЛОЖЬ;;430;;;;;;;0;;;;843;ЛОЖЬ;0;;;;;;;0=TRIP INITIATOR;;;;;;;Undefined;491;3428;;;;;;;;;;ЛОЖЬ;;;;;;;;;;;;;;;;;;;;;;;;;;;;;
R;C2499_4;;;;;Compiler register (232, 210);;ЛОЖЬ;ЛОЖЬ;;2499;;Float;;;;;0;;;;312;ЛОЖЬ;0;;;;;;;;;;;;;;Undefined;491;3428;;;;;;;;;;ЛОЖЬ;;;;;;;;;;;;;;;;;;;;;;;;;;;;;
DO;93ZALL753_FU;;COM;930-20;A_C93021;C9302001AX LSW LOCK DEV;No;ИСТИНА;ЛОЖЬ;;1013;;;;;;;0;;;;2216;ЛОЖЬ;38242;None;;;;;;1=FIRST;;;;;;;Undefined;;;;;;;;;;;;ЛОЖЬ;ИСТИНА;;;;;;;;;;;;;;;;;Output;EPKS_CCB;ESD_932_1;1083;;;;;;;;
M;566_3;;;;;;;ЛОЖЬ;ЛОЖЬ;;566;;;;;;;0;;;;1200;ЛОЖЬ;0;;;;;;;;;;;;;;Undefined;491;3428;;;;;;;;;;ЛОЖЬ;;;;;;;;;;;;;;;;;;;;;;;;;;;;;
DO;93PI769_TF;;COM;930-20;A_C93021;TRANSM. FAIL;No;ИСТИНА;ЛОЖЬ;;364;;;;;;;0;;;;662;ИСТИНА;37156;None;;;;;;0=FAIL;;;;;;;Undefined;491;3428;;;;;;;;;;ЛОЖЬ;;;;;;;;;;;;;;;;;;Output;EPKS_CCB;ESD_932_1;674;;;;;;;;
M;534_9;;;;;;;ЛОЖЬ;ЛОЖЬ;;534;;;;;;;0;;;;4058;ЛОЖЬ;0;;;;;;;;;;;;;;Undefined;;;;;;;;;;;;ЛОЖЬ;ИСТИНА;;;;;;;;;;;;;;;;;;;;;;;;;;;;
DI;93TI807_MOR;;COM;930-20;A_C93021;MO REQUEST;No;ИСТИНА;ИСТИНА;;546;;;;;;;0;;;;2941;ЛОЖЬ;37157;None;;;;;;1=REQUEST;;;;;;;Undefined;491;3428;;;;;;Freeze;;;;ЛОЖЬ;;;;ЛОЖЬ;;;;;;;;;;;;;;Input;EPKS_CCB;ESD_932_1;110;;;;;;;;
DO;93PALL869_FU;;COM;930-20;A_C93021;C9302001CX PRS GAS CYL2;No;ИСТИНА;ЛОЖЬ;;1041;;;;;;;0;;;;2586;ЛОЖЬ;38308;None;;;;;;1=FIRST;;;;;;;Undefined;;;;;;;;;;;;ЛОЖЬ;ИСТИНА;;;;;;;;;;;;;;;;;Output;EPKS_CCB;ESD_932_1;1149;;;;;;;;
DO;93FI428_MOC;;COM;930-20;A_C93021;MO CONFIRMED;No;ИСТИНА;ЛОЖЬ;;252;;;;;;;0;;;;330;ИСТИНА;37158;None;;;;;;1=CONFIRMED;;;;;;;Undefined;491;3428;;;;;;;;;;ЛОЖЬ;;;;;;;;;;;;;;;;;;Output;EPKS_CCB;ESD_932_1;451;;;;;;;;
M;240_150_1;;;;;93PT475;;ЛОЖЬ;ЛОЖЬ;;150;;;;;;;0;;;;247;ЛОЖЬ;0;;;;;;;1=MO CONFIRMED;;;;;;;Undefined;491;3428;;;;;;;;;;ЛОЖЬ;;;;;;;;;;;;;;;;;;;;;;;;;;;;;
M;2490_2;;;;;;;ЛОЖЬ;ЛОЖЬ;;2490;;;;;;;0;;;;1532;ЛОЖЬ;0;;;;;;;;;;;;;;Undefined;491;3428;;;;;;;;;;ЛОЖЬ;;;;;;;;;;;;;;;;;;;;;;;;;;;;;
BO;93PI764_LL;;COM;930-20;A_C93021;LL TRIP SETPOINT (kPa-g);No;ИСТИНА;ЛОЖЬ;;363;;Float;;;;;0;;;;704;;38212;;;;;;;;;0;0;;;;-XXXXX.X;491;3428;;;;;;;;;;ЛОЖЬ;;;;;;;;;;;;;;;;;;Output;EPKS_CCB;ESD_932_1;10222;;;;;;;;
DI;93TI768_MOR;;COM;930-20;A_C93021;MO REQUEST;No;ИСТИНА;ИСТИНА;;386;;;;;;;0;;;;2935;ЛОЖЬ;37159;None;;;;;;1=REQUEST;;;;;;;Undefined;491;3428;;;;;;Freeze;;;;ЛОЖЬ;;;;ЛОЖЬ;;;;;;;;;;;;;;Input;EPKS_CCB;ESD_932_1;104;;;;;;;;
DO;93FALL754;;COM;930-20;A_C93021;C9302001AX COOL H2O CYL1;No;ИСТИНА;ЛОЖЬ;;350;;;;;;;0;;;;570;ИСТИНА;37160;None;;;;;;0=TRIP;;;;;;;Undefined;491;3428;;;;;;;;;;ЛОЖЬ;;;;;;;;;;;;;;;;;;Output;EPKS_CCB;ESD_932_1;429;;;;;;;;
DO;93PALL784;;COM;930-20;A_C93021;C9302001AX PUR GAS SUP;No;ИСТИНА;ЛОЖЬ;;370;;;;;;;0;;;;697;ИСТИНА;37812;None;;;;;;0=TRIP;;;;;;;Undefined;491;3428;;;;;;;;;;ЛОЖЬ;;;;;;;;;;;;;;;;;;Output;EPKS_CCB;ESD_932_1;619;;;;;;;;
M;392_414_2;;;;;93TAHH837_I;;ЛОЖЬ;ЛОЖЬ;;414;;;;;;;0;;;;1765;ЛОЖЬ;0;;;;;;;0=TRIP INITIATOR;;;;;;;Undefined;491;3428;;;;;;;;;;ЛОЖЬ;;;;;;;;;;;;;;;;;;;;;;;;;;;;;
M;564_636_4;;;;;93VAHH801_I;;ЛОЖЬ;ЛОЖЬ;;636;;;;;;;0;;;;3677;ЛОЖЬ;0;;;;;;;0=TRIP INITIATOR;;;;;;;Undefined;;;;;;;;;;;;ЛОЖЬ;ИСТИНА;;;;;;;;;;;;;;;;;;;;;;;;;;;;
DO;93XSO417_P;;COM;930-20;A_93020;SHUTTER 93XV417-OPEN;No;ИСТИНА;ЛОЖЬ;;324;;;;;;;0;;;;1690;ЛОЖЬ;38059;None;;;;;;1=OPEN;;;;;;;Undefined;491;3428;;;;;;;;;;ЛОЖЬ;;;;;;;;;;;;;;;;;;;;;;;;;;Output;CC_CCB_1;ESD_932_1;48
M;714_7;;;;;;;ЛОЖЬ;ЛОЖЬ;;714;;;;;;;0;;;;4174;ЛОЖЬ;0;;;;;;;;;;;;;;Undefined;;;;;;;;;;;;ЛОЖЬ;ИСТИНА;;;;;;;;;;;;;;;;;;;;;;;;;;;;
T;360_6;;;;;;;ЛОЖЬ;ЛОЖЬ;;360;;;;;;;;100 ms;5;;64;ЛОЖЬ;0;;;;;;;;;;;;;;Undefined;;;Delayed OFF with constant timer value;;;;;;;;;ЛОЖЬ;ИСТИНА;;;;;;;;;;;;;;;;;;;;;;;;;;;;
M;1017_1057_2;;;;;93HS551A_FU_A_I;;ЛОЖЬ;ЛОЖЬ;;1057;;;;;;;0;;;;2659;ЛОЖЬ;0;;;;;;;1=FIRST;;;;;;;Undefined;;;;;;;;;;;;ЛОЖЬ;ИСТИНА;;;;;;;;;;;;;;;;;;;;;;;;;;;;
M;C732_1_D;;;;;Function block marker;;ЛОЖЬ;ЛОЖЬ;;732;;;;;;;0;;;;976;ЛОЖЬ;0;;;;;;;;;;;;;;Undefined;491;3428;;;;;;;;;;ЛОЖЬ;;;;;;;;;;;;;;;;;;;;;;;;;;;;;
M;356_1003_2;;;;;93LAHH753_I;;ЛОЖЬ;ЛОЖЬ;;1003;;;;;;;0;;;;2031;ЛОЖЬ;0;;;;;;;0=TRIP INITIATOR;;;;;;;Undefined;;;;;;;;;;;;ЛОЖЬ;ИСТИНА;;;;;;;;;;;;;;;;;;;;;;;;;;;;
M;C688_5_F;;;;;Function block marker;;ЛОЖЬ;ЛОЖЬ;;688;;;;;;;0;;;;4361;ЛОЖЬ;0;;;;;;;;;;;;;;Undefined;;;;;;;;;;;;ЛОЖЬ;ИСТИНА;;;;;;;;;;;;;;;;;;;;;;;;;;;;
DO;93XA857A_P;;COM;930-20;A_C93021;COMMON TRIP LAMP ON LP;No;ИСТИНА;ЛОЖЬ;;784;;;;;;;0;;;;388;ЛОЖЬ;38058;None;;;;;;1=ACTIVE;;;;;;;Undefined;491;3428;;;;;;;;;;ЛОЖЬ;;;;;;;;;;;;;;Output;CC_CCB_2;ESD_932_1;57;;;;;;;;;;;;
M;718_9;;;;;;;ЛОЖЬ;ЛОЖЬ;;718;;;;;;;0;;;;4180;ЛОЖЬ;0;;;;;;;;;;;;;;Undefined;;;;;;;;;;;;ЛОЖЬ;ИСТИНА;;;;;;;;;;;;;;;;;;;;;;;;;;;;
DI;20-TempHH_Alarm;;SYS;;;Temp high-high alarm;Yes;ЛОЖЬ;;;18;;;;;;;1;;;;2;ЛОЖЬ;0;None;;;;;;;;;;;;;Undefined;491;3428;;;;;;;;;;ЛОЖЬ;;;;ЛОЖЬ;;;;;;;;;;;;;;;;;;;;;;;;;
T;276_2;;;;;;;ЛОЖЬ;ЛОЖЬ;;276;;;;;;;;100 ms;5;;1232;ЛОЖЬ;0;;;;;;;;;;;;;;Undefined;;;Delayed OFF with constant timer value;;;;;;;;;ЛОЖЬ;ИСТИНА;;;;;;;;;;;;;;;;;;;;;;;;;;;;
DO;93PALL868_CA;;COM;;;CAUSE ALARM;No;ЛОЖЬ;ЛОЖЬ;;699;;;;;;;0;;;;3364;ЛОЖЬ;0;None;;;;;;0=ALARM;0=ALARM;;;;;;Undefined;;;;;;;;;;;;ЛОЖЬ;ИСТИНА;;;;;;;;;;;;;;;;;Output;EPKS_CCB;ESD_932_1;1258;;;;;;;;
M;C250_6_G;;;;;Function block marker;;ЛОЖЬ;ЛОЖЬ;;250;;;;;;;0;;;;3913;ЛОЖЬ;0;;;;;;;;;;;;;;Undefined;;;;;;;;;;;;ЛОЖЬ;ИСТИНА;;;;;;;;;;;;;;;;;;;;;;;;;;;;
M;718_172_1;;;;;93TT867;;ЛОЖЬ;ЛОЖЬ;;172;;;;;;;0;;;;2823;ЛОЖЬ;0;;;;;;;1=MO CONFIRMED;;;;;;;Undefined;491;3428;;;;;;;;;;ЛОЖЬ;;;;;;;;;;;;;;;;;;;;;;;;;;;;;
M;708_8;;;;;;;ЛОЖЬ;ЛОЖЬ;;708;;;;;;;0;;;;4135;ЛОЖЬ;0;;;;;;;;;;;;;;Undefined;;;;;;;;;;;;ЛОЖЬ;ИСТИНА;;;;;;;;;;;;;;;;;;;;;;;;;;;;
M;1023_5;;;;;;;ЛОЖЬ;ЛОЖЬ;;1023;;;;;;;0;;;;2237;ЛОЖЬ;0;;;;;;;;;;;;;;Undefined;;;;;;;;;;;;ЛОЖЬ;ИСТИНА;;;;;;;;;;;;;;;;;;;;;;;;;;;;
T;244_8;;;;;;;ЛОЖЬ;ЛОЖЬ;;244;;;;;;;;100 ms;10;;1064;ЛОЖЬ;0;;;;;;;;;;;;;;Undefined;;;Delayed OFF with constant timer value;;;;;;;;;ЛОЖЬ;ИСТИНА;;;;;;;;;;;;;;;;;;;;;;;;;;;;
R;362_363_4;;;;;93PI765;;ЛОЖЬ;ЛОЖЬ;;363;;Float;;;;;0;;;;2128;ЛОЖЬ;0;;;;;;;;;;;;;;Undefined;;;;;;;;;;;;ЛОЖЬ;ИСТИНА;;;;;;;;;;;;;;;;;;;;;;;;;;;;
AI;93TI853;;FLD;930-20;A_C93021;C9302001CX COOL H2O CYL1;Yes;ИСТИНА;ЛОЖЬ;;706;ИСТИНА;Float;4-20mA;-50;100;°C;;;;;304;ЛОЖЬ;37801;;None;None;None;None;;;;-87.5;-87.5;;;;-XXXXX.X;3.76;21;;20.04;5;9;1;Bottom scale;;;;ЛОЖЬ;;ЛОЖЬ;;;;;;;;;;;;;;;;Output;EPKS_CCB;ESD_932_1;10152;;;;;;;;
DO;93XY118A;;MCC;930-20;A_93020;AUTO OPN SHUTTER 93XV118;Yes;ИСТИНА;ЛОЖЬ;;318;;;;;;;0;;;;60;ЛОЖЬ;37162;None;;;;;;0=TRIP;;;;;;;Undefined;491;3428;;20.05;13;5;1;Appl;;;;ЛОЖЬ;;;;;;;;;;;;;;;;;;;;;;;;;;;;;
R;C2456_6;;;;;Compiler register (256, 168);;ЛОЖЬ;ЛОЖЬ;;2456;;Float;;;;;0;;;;356;ЛОЖЬ;0;;;;;;;;;;;;;;Undefined;491;3428;;;;;;;;;;ЛОЖЬ;;;;;;;;;;;;;;;;;;;;;;;;;;;;;
M;C364_6_E;;;;;Function block marker;;ЛОЖЬ;ЛОЖЬ;;364;;;;;;;0;;;;4623;ЛОЖЬ;0;;;;;;;;;;;;;;Undefined;;;;;;;;;;;;ЛОЖЬ;ИСТИНА;;;;;;;;;;;;;;;;;;;;;;;;;;;;
DO;93PI784_TF;;COM;930-20;A_C93021;TRANSM. FAIL;No;ИСТИНА;ЛОЖЬ;;370;;;;;;;0;;;;701;ИСТИНА;37164;None;;;;;;0=FAIL;;;;;;;Undefined;491;3428;;;;;;;;;;ЛОЖЬ;;;;;;;;;;;;;;;;;;Output;EPKS_CCB;ESD_932_1;680;;;;;;;;
M;C564_4_B;;;;;Compiler marker;;ЛОЖЬ;ЛОЖЬ;;564;;;;;;;0;;;;3728;ЛОЖЬ;0;;;;;;;;;;;;;;Undefined;;;;;;;;;;;;ЛОЖЬ;ИСТИНА;;;;;;;;;;;;;;;;;;;;;;;;;;;;
T;697_3;;;;;;;ЛОЖЬ;ЛОЖЬ;;697;;;;;;;;100 ms;5;;1424;ЛОЖЬ;0;;;;;;;;;;;;;;Undefined;;;Delayed OFF with constant timer value;;;;;;;;;ЛОЖЬ;ИСТИНА;;;;;;;;;;;;;;;;;;;;;;;;;;;;
DO;93LI429_MOC;;COM;930-20;A_93020;MO CONFIRMED;No;ИСТИНА;ЛОЖЬ;;278;;;;;;;0;;;;456;ИСТИНА;37165;None;;;;;;1=CONFIRMED;;;;;;;Undefined;491;3428;;;;;;;;;;ЛОЖЬ;;;;;;;;;;;;;;;;;;Output;EPKS_CCB;ESD_932_1;557;;;;;;;;
M;648_10;;;;;;;ЛОЖЬ;ЛОЖЬ;;648;;;;;;;0;;;;1778;ЛОЖЬ;0;;;;;;;;;;;;;;Undefined;491;3428;;;;;;;;;;ЛОЖЬ;;;;;;;;;;;;;;;;;;;;;;;;;;;;;
DO;93VAHH751;;COM;930-20;A_C93021;C9302001AX VIB CRANKCASE;No;ИСТИНА;ЛОЖЬ;;394;;;;;;;0;;;;3656;ИСТИНА;38414;None;;;;;;0=TRIP;0=TRIP;;;;;;Undefined;;;;;;;;;;;;ЛОЖЬ;ИСТИНА;;;;;;;;;;;;;;;;;Output;EPKS_CCB;ESD_932_1;1281;;;;;;;;
M;C316_5_B;;;;;Function block marker;;ЛОЖЬ;ЛОЖЬ;;316;;;;;;;0;;;;4679;ЛОЖЬ;0;;;;;;;;;;;;;;Undefined;;;;;;;;;;;;ЛОЖЬ;ИСТИНА;;;;;;;;;;;;;;;;;;;;;;;;;;;;
M;C534_4_B;;;;;Function block marker;;ЛОЖЬ;ЛОЖЬ;;534;;;;;;;0;;;;4470;ЛОЖЬ;0;;;;;;;;;;;;;;Undefined;;;;;;;;;;;;ЛОЖЬ;ИСТИНА;;;;;;;;;;;;;;;;;;;;;;;;;;;;
DI;93TI818_MOR;;COM;930-20;A_C93021;MO REQUEST;No;ИСТИНА;ИСТИНА;;556;;;;;;;0;;;;2949;ЛОЖЬ;37166;None;;;;;;1=REQUEST;;;;;;;Undefined;491;3428;;;;;;Freeze;;;;ЛОЖЬ;;;;ЛОЖЬ;;;;;;;;;;;;;;Input;EPKS_CCB;ESD_932_1;118;;;;;;;;
T;362_2;;;;;;;ЛОЖЬ;ЛОЖЬ;;362;;;;;;;;100 ms;5;;236;ЛОЖЬ;0;;;;;;;;;;;;;;Undefined;491;3428;Delayed OFF with constant timer value;;;;;;;;;ЛОЖЬ;;;;;;;;;;;;;;;;;;;;;;;;;;;;;
M;C708_4_E;;;;;Function block marker;;ЛОЖЬ;ЛОЖЬ;;708;;;;;;;0;;;;4285;ЛОЖЬ;0;;;;;;;;;;;;;;Undefined;;;;;;;;;;;;ЛОЖЬ;ИСТИНА;;;;;;;;;;;;;;;;;;;;;;;;;;;;
BO;93TI884_HH;;COM;930-20;A_C93021;HH TRIP SETPOINT (°C);No;ИСТИНА;ЛОЖЬ;;722;;Float;;;;;0;;;;516;;38181;;;;;;;;;0;0;;;;-XXXXX.X;491;3428;;;;;;;;;;ЛОЖЬ;;;;;;;;;;;;;;;;;;Output;EPKS_CCB;ESD_932_1;10277;;;;;;;;
DO;93TAHH859_CA;;COM;930-20;A_C93021;CAUSE ALARM;No;ИСТИНА;ЛОЖЬ;;712;;;;;;;0;;;;1241;ЛОЖЬ;37167;None;;;;;;0=ALARM;;;;;;;Undefined;491;3428;;;;;;;;;;ЛОЖЬ;;;;;;;;;;;;;;;;;;Output;EPKS_CCB;ESD_932_1;756;;;;;;;;
DO;93LI427_TF;;COM;930-20;A_93020;TRANSM. FAIL;No;ИСТИНА;ЛОЖЬ;;276;;;;;;;0;;;;436;ИСТИНА;37168;None;;;;;;0=FAIL;;;;;;;Undefined;491;3428;;;;;;;;;;ЛОЖЬ;;;;;;;;;;;;;;;;;;Output;EPKS_CCB;ESD_932_1;556;;;;;;;;
BO;93TI987_HH;;COM;930-20;A_93020;HH TRIP SETPOINT (°C);No;ИСТИНА;ЛОЖЬ;;292;;Float;;;;;0;;;;520;;38170;;;;;;;;;0;0;;;;-XXXXX.X;491;3428;;;;;;;;;;ЛОЖЬ;;;;;;;;;;;;;;;;;;Output;EPKS_CCB;ESD_932_1;10286;;;;;;;;
M;554_632_3;;;;;93TAHH817_I (AFTER OOS);;ЛОЖЬ;ЛОЖЬ;;632;;;;;;;0;;;;762;ЛОЖЬ;0;;;;;;;0=TRIP;;;;;;;Undefined;491;3428;;;;;;;;;;ЛОЖЬ;;;;;;;;;;;;;;;;;;;;;;;;;;;;;
DO;93HS770_FU_A;;COM;930-20;A_C93021;C-9302001 EMERGENCY STOP;No;ИСТИНА;ЛОЖЬ;;1017;;;;;;;0;;;;2222;ЛОЖЬ;38248;None;;;;;;1=FIRST;;;;;;;Undefined;;;;;;;;;;;;ЛОЖЬ;ИСТИНА;;;;;;;;;;;;;;;;;Output;EPKS_CCB;ESD_932_1;1089;;;;;;;;
M;C1049_1_I;;;;;Function block marker;;ЛОЖЬ;ЛОЖЬ;;1049;;;;;;;0;;;;2624;ЛОЖЬ;0;;;;;;;;;;;;;;Undefined;;;;;;;;;;;;ЛОЖЬ;ИСТИНА;;;;;;;;;;;;;;;;;;;;;;;;;;;;
M;C272_1_F;;;;;Function block marker;;ЛОЖЬ;ЛОЖЬ;;272;;;;;;;0;;;;3600;ЛОЖЬ;0;;;;;;;;;;;;;;Undefined;;;;;;;;;;;;ЛОЖЬ;ИСТИНА;;;;;;;;;;;;;;;;;;;;;;;;;;;;
M;1047_1;;;;;;;ЛОЖЬ;ЛОЖЬ;;1047;;;;;;;0;;;;2503;ЛОЖЬ;0;;;;;;;;;;;;;;Undefined;;;;;;;;;;;;ЛОЖЬ;ИСТИНА;;;;;;;;;;;;;;;;;;;;;;;;;;;;
M;1023_2;;;;;;;ЛОЖЬ;ЛОЖЬ;;1023;;;;;;;0;;;;2234;ЛОЖЬ;0;;;;;;;;;;;;;;Undefined;;;;;;;;;;;;ЛОЖЬ;ИСТИНА;;;;;;;;;;;;;;;;;;;;;;;;;;;;
M;121_2345_2;;;;;MOS_REL C-9302001AX;;ЛОЖЬ;ЛОЖЬ;;2345;;;;;;;0;;;;1600;ЛОЖЬ;0;;;;;;;1=RELEASED;;;;;;;Undefined;491;3428;;;;;;;;;;ЛОЖЬ;;;;;;;;;;;;;;;;;;;;;;;;;;;;;
DO;93TI778_TF;;COM;;;TRANSM FAULT;No;ЛОЖЬ;ЛОЖЬ;;390;;;;;;;0;;;;447;ИСТИНА;38571;None;;;;;;0=ALARM;0=ALARM;;;;;;Undefined;;;;;;;;;;;;ЛОЖЬ;ИСТИНА;;;;;;;;;;;;;;;;;Output;EPKS_CCB;ESD_932_1;1334;;;;;;;;
M;C364_6_F;;;;;Function block marker;;ЛОЖЬ;ЛОЖЬ;;364;;;;;;;0;;;;4624;ЛОЖЬ;0;;;;;;;;;;;;;;Undefined;;;;;;;;;;;;ЛОЖЬ;ИСТИНА;;;;;;;;;;;;;;;;;;;;;;;;;;;;
M;386_414_2;;;;;93TAHH768_I;;ЛОЖЬ;ЛОЖЬ;;414;;;;;;;0;;;;1762;ЛОЖЬ;0;;;;;;;0=TRIP INITIATOR;;;;;;;Undefined;491;3428;;;;;;;;;;ЛОЖЬ;;;;;;;;;;;;;;;;;;;;;;;;;;;;;
M;732_798_1;;;;;93HS857_I STOP;;ЛОЖЬ;ЛОЖЬ;;798;;;;;;;0;;;;1370;ЛОЖЬ;0;;;;;;;0=TRIP;;;;;;;Undefined;491;3428;;;;;;;;;;ЛОЖЬ;;;;;;;;;;;;;;;;;;;;;;;;;;;;;
M;C784_1_C;;;;;Function block marker;;ЛОЖЬ;ЛОЖЬ;;784;;;;;;;0;;;;1347;ЛОЖЬ;0;;;;;;;;;;;;;;Undefined;491;3428;;;;;;;;;;ЛОЖЬ;;;;;;;;;;;;;;;;;;;;;;;;;;;;;
M;2480_1;;;;;;;ЛОЖЬ;ЛОЖЬ;;2480;;;;;;;0;;;;187;ЛОЖЬ;0;;;;;;;;;;;;;;Undefined;491;3428;;;;;;;;;;ЛОЖЬ;;;;;;;;;;;;;;;;;;;;;;;;;;;;;
M;236_9;;;;;;;ЛОЖЬ;ЛОЖЬ;;236;;;;;;;0;;;;3792;ЛОЖЬ;0;;;;;;;;;;;;;;Undefined;;;;;;;;;;;;ЛОЖЬ;ИСТИНА;;;;;;;;;;;;;;;;;;;;;;;;;;;;
M;560_814_3;;;;;93TAH828_PERM;;ЛОЖЬ;ЛОЖЬ;;814;;;;;;;0;;;;4077;ЛОЖЬ;0;;;;;;;0=ALARM;;;;;;;Undefined;;;;;;;;;;;;ЛОЖЬ;ИСТИНА;;;;;;;;;;;;;;;;;;;;;;;;;;;;
M;396_162_3;;;;;93ZLL754;;ЛОЖЬ;ЛОЖЬ;;162;;;;;;;0;;;;832;ЛОЖЬ;0;;;;;;;1=MO CONFIRMED;;;;;;;Undefined;491;3428;;;;;;;;;;ЛОЖЬ;;;;;;;;;;;;;;;;;;;;;;;;;;;;;
M;788_2;;;;;;;ЛОЖЬ;ЛОЖЬ;;788;;;;;;;0;;;;1629;ЛОЖЬ;0;;;;;;;;;;;;;;Undefined;491;3428;;;;;;;;;;ЛОЖЬ;;;;;;;;;;;;;;;;;;;;;;;;;;;;;
DI;93PI926_MOR;;COM;930-20;A_C93021;MO REQUEST;No;ИСТИНА;ИСТИНА;;402;;;;;;;0;;;;2920;ЛОЖЬ;37169;None;;;;;;1=REQUEST;;;;;;;Undefined;491;3428;;;;;;Freeze;;;;ЛОЖЬ;;;;ЛОЖЬ;;;;;;;;;;;;;;Input;EPKS_CCB;ESD_932_1;89;;;;;;;;
AI;93PI473;;FLD;930-20;A_93020;TORCH GAS TO B-9302002A;Yes;ИСТИНА;ЛОЖЬ;;238;ИСТИНА;Float;4-20mA;0;60;kPA-g;;;;;160;ЛОЖЬ;37864;;None;None;None;None;;;;-15;-15;;;;-XXXXX.X;3.64;22;;20.04;1;7;1;Top scale;;;;ЛОЖЬ;;ЛОЖЬ;;;;;;;;;;;;;;;;Output;EPKS_CCB;ESD_932_1;10110;;;;;;;;
BO;93TI808_H;;COM;;;HI ALARM SETPOINT;No;ЛОЖЬ;ЛОЖЬ;;548;;Float;;;;;0;;;;896;;0;;None;None;None;None;;;;;;;;;-XXXXX.X;;;;;;;;;;;;ЛОЖЬ;ИСТИНА;;;;;;;;;;;;;;;;;Output;EPKS_CCB;ESD_932_1;10421;;;;;;;;
M;C1005_1_M;;;;;Function block marker;;ЛОЖЬ;ЛОЖЬ;;1005;;;;;;;0;;;;2460;ЛОЖЬ;0;;;;;;;;;;;;;;Undefined;;;;;;;;;;;;ЛОЖЬ;ИСТИНА;;;;;;;;;;;;;;;;;;;;;;;;;;;;
M;1053_1057_3;;;;;93HS551B_FU_C_I;;ЛОЖЬ;ЛОЖЬ;;1057;;;;;;;0;;;;2664;ЛОЖЬ;0;;;;;;;1=FIRST;;;;;;;Undefined;;;;;;;;;;;;ЛОЖЬ;ИСТИНА;;;;;;;;;;;;;;;;;;;;;;;;;;;;
BO;93PI475_LL;;COM;930-20;A_93020;LL TRIP SETPOINT (kPA-g);No;ИСТИНА;ЛОЖЬ;;240;;Float;;;;;0;;;;396;;38190;;;;;;;;;0;0;;;;-XXXXX.X;491;3428;;;;;;;;;;ЛОЖЬ;;;;;;;;;;;;;;;;;;Output;EPKS_CCB;ESD_932_1;10219;;;;;;;;
DO;93SIS552;;COM;930-20;A_93020;INTERLOCK 93-I-552;No;ИСТИНА;ЛОЖЬ;;280;;;;;;;0;;;;2025;ИСТИНА;37170;None;;;;;;0=TRIP;;;;;;;Undefined;491;3428;;;;;;;;;;ЛОЖЬ;;;;;;;;;;;;;;;;;;Output;EPKS_CCB;ESD_932_1;915;;;;;;;;
M;299_2;;;;;;;ЛОЖЬ;ЛОЖЬ;;299;;;;;;;0;;;;1205;ЛОЖЬ;0;;;;;;;;;;;;;;Undefined;491;3428;;;;;;;;;;ЛОЖЬ;;;;;;;;;;;;;;;;;;;;;;;;;;;;;
M;C310_3_E;;;;;Function block marker;;ЛОЖЬ;ЛОЖЬ;;310;;;;;;;0;;;;3286;ЛОЖЬ;0;;;;;;;;;;;;;;Undefined;;;;;;;;;;;;ЛОЖЬ;ИСТИНА;;;;;;;;;;;;;;;;;;;;;;;;;;;;
M;C550_5_F;;;;;Function block marker;;ЛОЖЬ;ЛОЖЬ;;550;;;;;;;0;;;;4420;ЛОЖЬ;0;;;;;;;;;;;;;;Undefined;;;;;;;;;;;;ЛОЖЬ;ИСТИНА;;;;;;;;;;;;;;;;;;;;;;;;;;;;
M;C1033_1_L;;;;;Function block marker;;ЛОЖЬ;ЛОЖЬ;;1033;;;;;;;0;;;;2381;ЛОЖЬ;0;;;;;;;;;;;;;;Undefined;;;;;;;;;;;;ЛОЖЬ;ИСТИНА;;;;;;;;;;;;;;;;;;;;;;;;;;;;
DO;93TI768_MOC;;COM;930-20;A_C93021;MO CONFIRMED;No;ИСТИНА;ЛОЖЬ;;386;;;;;;;0;;;;802;ИСТИНА;37171;None;;;;;;1=CONFIRMED;;;;;;;Undefined;491;3428;;;;;;;;;;ЛОЖЬ;;;;;;;;;;;;;;;;;;Output;EPKS_CCB;ESD_932_1;803;;;;;;;;
T;248_7;;;;;;;ЛОЖЬ;ЛОЖЬ;;248;;;;;;;;100 ms;5;;1084;ЛОЖЬ;0;;;;;;;;;;;;;;Undefined;;;Delayed OFF with constant timer value;;;;;;;;;ЛОЖЬ;ИСТИНА;;;;;;;;;;;;;;;;;;;;;;;;;;;;
M;292_294_1;;;;;93HS552_I GROUP STOP;;ЛОЖЬ;ЛОЖЬ;;294;;;;;;;0;;;;438;ЛОЖЬ;0;;;;;;;0=TRIP;;;;;;;Undefined;491;3428;;;;;;;;;;ЛОЖЬ;;;;;;;;;;;;;;;;;;;;;;;;;;;;;
AI;93PI926;;FLD;930-20;A_C93021;C-9302001 COOL WATER SUP;Yes;ИСТИНА;ЛОЖЬ;;402;ИСТИНА;Float;4-20mA;0;600;kPa-g;;;;;392;ЛОЖЬ;37749;;None;None;None;None;;;;-150;-150;;;;-XXXXX.X;3.64;22;;20.04;7;14;1;Bottom scale;;;;ЛОЖЬ;;ЛОЖЬ;;;;;;;;;;;;;;;;Output;EPKS_CCB;ESD_932_1;10128;;;;;;;;
DI;20-Flasher-2Hz;;SYS;;;2 Hz flasher;No;ЛОЖЬ;;;0;;;;;;;;;;;29;ЛОЖЬ;0;None;;;;;;;;;;;;;Undefined;491;3428;;;;;;;;;;ЛОЖЬ;;;;ЛОЖЬ;;;;;;;;;;;;;;;;;;;;;;;;;
M;C230_1_F;;;;;Function block marker;;ЛОЖЬ;ЛОЖЬ;;230;;;;;;;0;;;;3977;ЛОЖЬ;0;;;;;;;;;;;;;;Undefined;;;;;;;;;;;;ЛОЖЬ;ИСТИНА;;;;;;;;;;;;;;;;;;;;;;;;;;;;
M;384_414_3;;;;;93TAHH767_I (AFTER OOS);;ЛОЖЬ;ЛОЖЬ;;414;;;;;;;0;;;;1761;ЛОЖЬ;0;;;;;;;0=TRIP;;;;;;;Undefined;491;3428;;;;;;;;;;ЛОЖЬ;;;;;;;;;;;;;;;;;;;;;;;;;;;;;
DO;93LI423_MOC;;COM;930-20;A_93020;MO CONFIRMED;No;ИСТИНА;ЛОЖЬ;;268;;;;;;;0;;;;418;ИСТИНА;37173;None;;;;;;1=CONFIRMED;;;;;;;Undefined;491;3428;;;;;;;;;;ЛОЖЬ;;;;;;;;;;;;;;;;;;Output;EPKS_CCB;ESD_932_1;551;;;;;;;;
M;234_7;;;;;;;ЛОЖЬ;ЛОЖЬ;;234;;;;;;;0;;;;3769;ЛОЖЬ;0;;;;;;;;;;;;;;Undefined;;;;;;;;;;;;ЛОЖЬ;ИСТИНА;;;;;;;;;;;;;;;;;;;;;;;;;;;;
T;690_5;;;;;;;ЛОЖЬ;ЛОЖЬ;;690;;;;;;;;100 ms;5;;1544;ЛОЖЬ;0;;;;;;;;;;;;;;Undefined;;;Delayed OFF with constant timer value;;;;;;;;;ЛОЖЬ;ИСТИНА;;;;;;;;;;;;;;;;;;;;;;;;;;;;
DO;93TAH858;;COM;;;HI ALARM;No;ЛОЖЬ;ЛОЖЬ;;712;;;;;;;0;;;;3586;ЛОЖЬ;0;None;;;;;;0=ALARM;0=ALARM;;;;;;Undefined;;;;;;;;;;;;ЛОЖЬ;ИСТИНА;;;;;;;;;;;;;;;;;Output;EPKS_CCB;ESD_932_1;1430;;;;;;;;
M;394_2;;;;;;;ЛОЖЬ;ЛОЖЬ;;394;;;;;;;0;;;;2830;ЛОЖЬ;0;;;;;;;;;;;;;;Undefined;;;;;;;;;;;;ЛОЖЬ;ИСТИНА;;;;;;;;;;;;;;;;;;;;;;;;;;;;
M;C526_6_E;;;;;Function block marker;;ЛОЖЬ;ЛОЖЬ;;526;;;;;;;0;;;;4502;ЛОЖЬ;0;;;;;;;;;;;;;;Undefined;;;;;;;;;;;;ЛОЖЬ;ИСТИНА;;;;;;;;;;;;;;;;;;;;;;;;;;;;
BO;93TI930_H;;COM;;;HI ALARM SETPOINT;No;ЛОЖЬ;ЛОЖЬ;;404;;Float;;;;;0;;;;2116;;0;;None;None;None;None;;;;;;;;;-XXXXX.X;;;;;;;;;;;;ЛОЖЬ;ИСТИНА;;;;;;;;;;;;;;;;;Output;EPKS_CCB;ESD_932_1;10446;;;;;;;;
M;430_638_2;;;;;C-9302001 EMERGENCY STOP;;ЛОЖЬ;ЛОЖЬ;;638;;;;;;;0;;;;758;ЛОЖЬ;0;;;;;;;0=STOP;;;;;;;Undefined;491;3428;;;;;;;;;;ЛОЖЬ;;;;;;;;;;;;;;;;;;;;;;;;;;;;;
DI;93PI477_MOR;;COM;930-20;A_93020;MO REQUEST;No;ИСТИНА;ИСТИНА;;242;;;;;;;0;;;;2904;ЛОЖЬ;37174;None;;;;;;1=REQUEST;;;;;;;Undefined;491;3428;;;;;;Freeze;;;;ЛОЖЬ;;;;ЛОЖЬ;;;;;;;;;;;;;;Input;EPKS_CCB;ESD_932_1;73;;;;;;;;
M;632_648_2;;;;;AUTO START;;ЛОЖЬ;ЛОЖЬ;;648;;;;;;;0;;;;799;ЛОЖЬ;0;;;;;;;0=START;;;;;;;Undefined;491;3428;;;;;;;;;;ЛОЖЬ;;;;;;;;;;;;;;;;;;;;;;;;;;;;;
M;430_798_5;;;;;CW COMMON TRIP;;ЛОЖЬ;ЛОЖЬ;;798;;;;;;;0;;;;1794;ЛОЖЬ;0;;;;;;;0=TRIP;;;;;;;Undefined;491;3428;;;;;;;;;;ЛОЖЬ;;;;;;;;;;;;;;;;;;;;;;;;;;;;;
M;1009_10;;;;;;;ЛОЖЬ;ЛОЖЬ;;1009;;;;;;;0;;;;2086;ЛОЖЬ;0;;;;;;;;;;;;;;Undefined;;;;;;;;;;;;ЛОЖЬ;ИСТИНА;;;;;;;;;;;;;;;;;;;;;;;;;;;;
M;1009_8;;;;;;;ЛОЖЬ;ЛОЖЬ;;1009;;;;;;;0;;;;2083;ЛОЖЬ;0;;;;;;;;;;;;;;Undefined;;;;;;;;;;;;ЛОЖЬ;ИСТИНА;;;;;;;;;;;;;;;;;;;;;;;;;;;;
DI;00XS932EMC02;;MAR;930-20;S_B93_2;IB-93-2 COMM ALARM EMC02;Yes;ИСТИНА;ЛОЖЬ;;18;;;;;;;;;;;22;ИСТИНА;37175;None;;;;;;0=ALARM;;;;;;;Undefined;491;3428;;20.03;3;15;1;Low;;;;ЛОЖЬ;;;;ЛОЖЬ;;;;;;;;;;;;;;Output;EPKS_CCB;ESD_932_1;974;;;;;;;;
M;C384_5_F;;;;;Function block marker;;ЛОЖЬ;ЛОЖЬ;;384;;;;;;;0;;;;4566;ЛОЖЬ;0;;;;;;;;;;;;;;Undefined;;;;;;;;;;;;ЛОЖЬ;ИСТИНА;;;;;;;;;;;;;;;;;;;;;;;;;;;;
M;270_272_1;;;;;93LT425;;ЛОЖЬ;ЛОЖЬ;;272;;;;;;;0;;;;529;ЛОЖЬ;0;;;;;;;1=MO CONFIRMED;;;;;;;Undefined;491;3428;;;;;;;;;;ЛОЖЬ;;;;;;;;;;;;;;;;;;;;;;;;;;;;;
DO;93XY818;;FLD;930-20;A_C93021;C9302001BX  VALVE UNLOAD;Yes;ИСТИНА;ЛОЖЬ;;650;;;;;;;0;;;;34;ИСТИНА;37176;None;;;;;;0=TRIP;;;;;;;Undefined;491;3428;;20.05;7;3;1;Appl;;;;ЛОЖЬ;;;;;;;;;;;;;;;;;;Output;EPKS_CCB;ESD_932_1;1002;;;;;;;;
DO;93HS706_MOD;;COM;930-20;A_C93021;MOS EN AREA C9302001CX;No;ИСТИНА;ЛОЖЬ;;125;;;;;;;0;;;;1792;ЛОЖЬ;37920;None;;;;;;1=NOT ENABLE;;;;;;;Undefined;491;3428;;;;;;;;;;ЛОЖЬ;;;;;;;;;;;;;;;;;;Output;EPKS_CCB;ESD_932_1;505;;;;;;;;
BO;93TI810_H;;COM;;;HI ALARM SETPOINT;No;ЛОЖЬ;ЛОЖЬ;;550;;Float;;;;;0;;;;952;;0;;None;None;None;None;;;;;;;;;-XXXXX.X;;;;;;;;;;;;ЛОЖЬ;ИСТИНА;;;;;;;;;;;;;;;;;Output;EPKS_CCB;ESD_932_1;10423;;;;;;;;
M;299_730_2;;;;;93ZALL853_I;;ЛОЖЬ;ЛОЖЬ;;730;;;;;;;0;;;;1518;ЛОЖЬ;0;;;;;;;0=TRIP INITIATOR;;;;;;;Undefined;491;3428;;;;;;;;;;ЛОЖЬ;;;;;;;;;;;;;;;;;;;;;;;;;;;;;
DO;93HS851B_B2_IN_P;;COM;930-20;A_93020;CAP CTRL BIT 2;No;ИСТИНА;ЛОЖЬ;;792;;;;;;;0;;;;1899;ЛОЖЬ;38073;None;;;;;;1=ACTIVE;;;;;;;Undefined;491;3428;;;;;;;;;;ЛОЖЬ;;;;;;;;;;;;;;Output;CC_CCB_2;ESD_932_1;65;;;;;;;;;;;;
DO;93PIHH820_CA;;COM;;;CAUSE ALARM;No;ЛОЖЬ;ЛОЖЬ;;536;;;;;;;0;;;;3327;ЛОЖЬ;0;None;;;;;;0=ALARM;0=ALARM;;;;;;Undefined;;;;;;;;;;;;ЛОЖЬ;ИСТИНА;;;;;;;;;;;;;;;;;Output;EPKS_CCB;ESD_932_1;1222;;;;;;;;
T;363_6;;;;;;;ЛОЖЬ;ЛОЖЬ;;363;;;;;;;;100 ms;5;;80;ЛОЖЬ;0;;;;;;;;;;;;;;Undefined;;;Delayed OFF with constant timer value;;;;;;;;;ЛОЖЬ;ИСТИНА;;;;;;;;;;;;;;;;;;;;;;;;;;;;
T;252_7;;;;;;;ЛОЖЬ;ЛОЖЬ;;252;;;;;;;;100 ms;5;;1108;ЛОЖЬ;0;;;;;;;;;;;;;;Undefined;;;Delayed OFF with constant timer value;;;;;;;;;ЛОЖЬ;ИСТИНА;;;;;;;;;;;;;;;;;;;;;;;;;;;;
M;1013_3;;;;;;;ЛОЖЬ;ЛОЖЬ;;1013;;;;;;;0;;;;3664;ЛОЖЬ;0;;;;;;;;;;;;;;Undefined;;;;;;;;;;;;ЛОЖЬ;ИСТИНА;;;;;;;;;;;;;;;;;;;;;;;;;;;;
M;232_5;;;;;;;ЛОЖЬ;ЛОЖЬ;;232;;;;;;;0;;;;3766;ЛОЖЬ;0;;;;;;;;;;;;;;Undefined;;;;;;;;;;;;ЛОЖЬ;ИСТИНА;;;;;;;;;;;;;;;;;;;;;;;;;;;;
DO;93FALL855_CA;;COM;930-20;A_C93021;CAUSE ALARM;No;ИСТИНА;ЛОЖЬ;;686;;;;;;;0;;;;1298;ЛОЖЬ;37177;None;;;;;;0=ALARM;;;;;;;Undefined;491;3428;;;;;;;;;;ЛОЖЬ;;;;;;;;;;;;;;;;;;Output;EPKS_CCB;ESD_932_1;440;;;;;;;;
AI;93TI482A;;FLD;930-20;A_93020;T. PIPE FROM B-9302002A TO C-9302001AX;Yes;ИСТИНА;ЛОЖЬ;;230;ИСТИНА;Float;4-20mA;0;100;°C;;;;;44;ЛОЖЬ;38438;;None;None;None;None;;;;;;;;;-XXXXX.X;3.76;21;;20.03;13;12;1;Bottom scale;;;;ЛОЖЬ;ИСТИНА;ЛОЖЬ;;;;;;;;;;;;;;;;Output;EPKS_CCB;ESD_932_1;10314;;;;;;;;
M;244_150_1;;;;;93FT420;;ЛОЖЬ;ЛОЖЬ;;150;;;;;;;0;;;;267;ЛОЖЬ;0;;;;;;;1=MO CONFIRMED;;;;;;;Undefined;491;3428;;;;;;;;;;ЛОЖЬ;;;;;;;;;;;;;;;;;;;;;;;;;;;;;
M;C648_5_A;;;;;Compiler marker;;ЛОЖЬ;ЛОЖЬ;;648;;;;;;;0;;;;2674;ЛОЖЬ;0;;;;;;;;;;;;;;Undefined;;;;;;;;;;;;ЛОЖЬ;ИСТИНА;;;;;;;;;;;;;;;;;;;;;;;;;;;;
M;C1005_1_H;;;;;Function block marker;;ЛОЖЬ;ЛОЖЬ;;1005;;;;;;;0;;;;2455;ЛОЖЬ;0;;;;;;;;;;;;;;Undefined;;;;;;;;;;;;ЛОЖЬ;ИСТИНА;;;;;;;;;;;;;;;;;;;;;;;;;;;;
BO;93FI029_LL;;COM;930-20;A_93020;LL TRIP SETPOINT (kg/h);No;ИСТИНА;ЛОЖЬ;;320;;Float;;;;;0;;;;1000;;38183;;;;;;;;;0;0;;;;-XXXXX.X;491;3428;;;;;;;;;;ЛОЖЬ;;;;;;;;;;;;;;;;;;Output;EPKS_CCB;ESD_932_1;10216;;;;;;;;
DO;93PAHH826_FU;;COM;930-20;A_C93021;C9302001BX PRS OIL CKC;No;ИСТИНА;ЛОЖЬ;;1025;;;;;;;0;;;;2342;ЛОЖЬ;38264;None;;;;;;1=FIRST;;;;;;;Undefined;;;;;;;;;;;;ЛОЖЬ;ИСТИНА;;;;;;;;;;;;;;;;;Output;EPKS_CCB;ESD_932_1;1105;;;;;;;;
M;C520_4_D;;;;;Function block marker;;ЛОЖЬ;ЛОЖЬ;;520;;;;;;;0;;;;4518;ЛОЖЬ;0;;;;;;;;;;;;;;Undefined;;;;;;;;;;;;ЛОЖЬ;ИСТИНА;;;;;;;;;;;;;;;;;;;;;;;;;;;;
M;1009_12;;;;;;;ЛОЖЬ;ЛОЖЬ;;1009;;;;;;;0;;;;2088;ЛОЖЬ;0;;;;;;;;;;;;;;Undefined;;;;;;;;;;;;ЛОЖЬ;ИСТИНА;;;;;;;;;;;;;;;;;;;;;;;;;;;;
M;C1027_1_J;;;;;Function block marker;;ЛОЖЬ;ЛОЖЬ;;1027;;;;;;;0;;;;2397;ЛОЖЬ;0;;;;;;;;;;;;;;Undefined;;;;;;;;;;;;ЛОЖЬ;ИСТИНА;;;;;;;;;;;;;;;;;;;;;;;;;;;;
BO;93TI758_L;;COM;;;LO ALARM SETPOINT;No;ЛОЖЬ;ЛОЖЬ;;373;;Float;;;;;0;;;;240;;0;;None;None;None;None;;;;;;;;;-XXXXX.X;;;;;;;;;;;;ЛОЖЬ;ИСТИНА;;;;;;;;;;;;;;;;;Output;EPKS_CCB;ESD_932_1;10405;;;;;;;;
M;2490_A;;;;;Trip Initiator/0=Trip;;ЛОЖЬ;ЛОЖЬ;;2490;;;;;;;0;;;;158;ЛОЖЬ;0;;;;;;;;;;;;;;Undefined;491;3428;;;;;;;;;;ЛОЖЬ;;;;;;;;;;;;;;;;;;;;;;;;;;;;;
T;256_7;;;;;;;ЛОЖЬ;ЛОЖЬ;;256;;;;;;;;100 ms;5;;1144;ЛОЖЬ;0;;;;;;;;;;;;;;Undefined;;;Delayed OFF with constant timer value;;;;;;;;;ЛОЖЬ;ИСТИНА;;;;;;;;;;;;;;;;;;;;;;;;;;;;
M;C702_9_F;;;;;Function block marker;;ЛОЖЬ;ЛОЖЬ;;702;;;;;;;0;;;;4302;ЛОЖЬ;0;;;;;;;;;;;;;;Undefined;;;;;;;;;;;;ЛОЖЬ;ИСТИНА;;;;;;;;;;;;;;;;;;;;;;;;;;;;
DO;93XA858_P;;COM;930-20;A_C93021;MMS TRIP LAMP;No;ИСТИНА;ЛОЖЬ;;786;;;;;;;0;;;;1558;ЛОЖЬ;38083;None;;;;;;1=ACTIVE;;;;;;;Undefined;491;3428;;;;;;;;;;ЛОЖЬ;;;;;;;;;;;;;;Output;CC_CCB_2;ESD_932_1;58;;;;;;;;;;;;
M;702_172_1;;;;;93PT876;;ЛОЖЬ;ЛОЖЬ;;172;;;;;;;0;;;;423;ЛОЖЬ;0;;;;;;;1=MO CONFIRMED;;;;;;;Undefined;491;3428;;;;;;;;;;ЛОЖЬ;;;;;;;;;;;;;;;;;;;;;;;;;;;;;
M;374_811_2;;;;;93TAH754_PERM;;ЛОЖЬ;ЛОЖЬ;;811;;;;;;;0;;;;4026;ЛОЖЬ;0;;;;;;;0=ALARM;;;;;;;Undefined;;;;;;;;;;;;ЛОЖЬ;ИСТИНА;;;;;;;;;;;;;;;;;;;;;;;;;;;;
DO;93TI763A_TF;;COM;;;TRANSM FAULT;No;ЛОЖЬ;ЛОЖЬ;;382;;;;;;;0;;;;1257;ИСТИНА;38570;None;;;;;;0=ALARM;0=ALARM;;;;;;Undefined;;;;;;;;;;;;ЛОЖЬ;ИСТИНА;;;;;;;;;;;;;;;;;Output;EPKS_CCB;ESD_932_1;1366;;;;;;;;
M;C1045_1_M;;;;;Function block marker;;ЛОЖЬ;ЛОЖЬ;;1045;;;;;;;0;;;;2640;ЛОЖЬ;0;;;;;;;;;;;;;;Undefined;;;;;;;;;;;;ЛОЖЬ;ИСТИНА;;;;;;;;;;;;;;;;;;;;;;;;;;;;
M;360_410_2;;;;;93PDAHH781_I;;ЛОЖЬ;ЛОЖЬ;;410;;;;;;;0;;;;617;ЛОЖЬ;0;;;;;;;0=TRIP INITIATOR;;;;;;;Undefined;491;3428;;;;;;;;;;ЛОЖЬ;;;;;;;;;;;;;;;;;;;;;;;;;;;;;
M;C380_5_G;;;;;Function block marker;;ЛОЖЬ;ЛОЖЬ;;380;;;;;;;0;;;;4576;ЛОЖЬ;0;;;;;;;;;;;;;;Undefined;;;;;;;;;;;;ЛОЖЬ;ИСТИНА;;;;;;;;;;;;;;;;;;;;;;;;;;;;
M;C684_4_D;;;;;Function block marker;;ЛОЖЬ;ЛОЖЬ;;684;;;;;;;0;;;;4372;ЛОЖЬ;0;;;;;;;;;;;;;;Undefined;;;;;;;;;;;;ЛОЖЬ;ИСТИНА;;;;;;;;;;;;;;;;;;;;;;;;;;;;
T;720_6;;;;;;;ЛОЖЬ;ЛОЖЬ;;720;;;;;;;;100 ms;5;;1532;ЛОЖЬ;0;;;;;;;;;;;;;;Undefined;;;Delayed OFF with constant timer value;;;;;;;;;ЛОЖЬ;ИСТИНА;;;;;;;;;;;;;;;;;;;;;;;;;;;;
DO;93ZALL804_FU;;COM;930-20;A_C93021;C9302001BX LSW FLYW PCOV;No;ИСТИНА;ЛОЖЬ;;1033;;;;;;;0;;;;2361;ЛОЖЬ;38283;None;;;;;;1=FIRST;;;;;;;Undefined;;;;;;;;;;;;ЛОЖЬ;ИСТИНА;;;;;;;;;;;;;;;;;Output;EPKS_CCB;ESD_932_1;1124;;;;;;;;
DI;93XSO424;;MCC;930-20;A_93020;SHUTTER 93XV424- OPEN;Yes;ИСТИНА;ЛОЖЬ;;326;;;;;;;;;;;77;ИСТИНА;37178;None;;;;;;1=OPEN;;;;;;;Undefined;491;3428;;20.03;9;6;1;Low;;;;ЛОЖЬ;;;;ЛОЖЬ;;;;;;;;;;;;;;Output;EPKS_CCB;ESD_932_1;979;;;;;;;;
DO;93TAL930;;COM;;;LO ALARM;No;ЛОЖЬ;ЛОЖЬ;;373;;;;;;;0;;;;3613;ЛОЖЬ;0;None;;;;;;0=ALARM;0=ALARM;;;;;;Undefined;;;;;;;;;;;;ЛОЖЬ;ИСТИНА;;;;;;;;;;;;;;;;;Output;EPKS_CCB;ESD_932_1;1439;;;;;;;;
M;C1021_1_H;;;;;Function block marker;;ЛОЖЬ;ЛОЖЬ;;1021;;;;;;;0;;;;2413;ЛОЖЬ;0;;;;;;;;;;;;;;Undefined;;;;;;;;;;;;ЛОЖЬ;ИСТИНА;;;;;;;;;;;;;;;;;;;;;;;;;;;;
M;C254_6_G;;;;;Function block marker;;ЛОЖЬ;ЛОЖЬ;;254;;;;;;;0;;;;3895;ЛОЖЬ;0;;;;;;;;;;;;;;Undefined;;;;;;;;;;;;ЛОЖЬ;ИСТИНА;;;;;;;;;;;;;;;;;;;;;;;;;;;;
DO;93TAHH779_CA;;COM;;;CAUSE ALARM;No;ЛОЖЬ;ЛОЖЬ;;392;;;;;;;0;;;;3310;ЛОЖЬ;0;None;;;;;;0=ALARM;0=ALARM;;;;;;Undefined;;;;;;;;;;;;ЛОЖЬ;ИСТИНА;;;;;;;;;;;;;;;;;Output;EPKS_CCB;ESD_932_1;1205;;;;;;;;
DO;93FI424_TF;;COM;930-20;A_C93021;TRANSM. FAIL;No;ИСТИНА;ЛОЖЬ;;248;;;;;;;0;;;;303;ИСТИНА;37179;None;;;;;;0=FAIL;;;;;;;Undefined;491;3428;;;;;;;;;;ЛОЖЬ;;;;;;;;;;;;;;;;;;Output;EPKS_CCB;ESD_932_1;448;;;;;;;;
DO;93ZALL754_FU;;COM;930-20;A_C93021;C9302001AX LSW FLYW PCOV;No;ИСТИНА;ЛОЖЬ;;1015;;;;;;;0;;;;2217;ЛОЖЬ;38243;None;;;;;;1=FIRST;;;;;;;Undefined;;;;;;;;;;;;ЛОЖЬ;ИСТИНА;;;;;;;;;;;;;;;;;Output;EPKS_CCB;ESD_932_1;1084;;;;;;;;
M;298_3;;;;;;;ЛОЖЬ;ЛОЖЬ;;298;;;;;;;0;;;;504;ЛОЖЬ;0;;;;;;;;;;;;;;Undefined;491;3428;;;;;;;;;;ЛОЖЬ;;;;;;;;;;;;;;;;;;;;;;;;;;;;;
T;292_2;;;930-20;;;;ЛОЖЬ;ЛОЖЬ;;292;;;;;;;;100 ms;5;;136;ЛОЖЬ;0;;;;;;;;;;;;;;Undefined;491;3428;Delayed OFF with constant timer value;;;;;;;;;ЛОЖЬ;;;;;;;;;;;;;;;;;;;;;;;;;;;;;
T;368_4;;;;;;;ЛОЖЬ;ЛОЖЬ;;368;;;;;;;;100 ms;5;;684;ЛОЖЬ;0;;;;;;;;;;;;;;Undefined;;;Delayed OFF with constant timer value;;;;;;;;;ЛОЖЬ;ИСТИНА;;;;;;;;;;;;;;;;;;;;;;;;;;;;
AI;93LI802A;;FLD;;;C-9302001BX LEVEL 1ST ST;Yes;ИСТИНА;ЛОЖЬ;;524;ИСТИНА;Float;4-20mA;0;100;%;;;;;912;ЛОЖЬ;38569;;None;None;None;None;;;;;;;;;-XXXXX.X;3.64;22;;20.05;17;8;1;Top scale;;;;ЛОЖЬ;ИСТИНА;ЛОЖЬ;;;;;;;;;;;;;;;;Output;EPKS_CCB;ESD_932_1;10390;;;;;;;;
BO;93LI429_LL;;COM;930-20;A_93020;LL TRIP SETPOINT (%);No;ИСТИНА;ЛОЖЬ;;278;;Float;;;;;0;;;;488;;38159;;;;;;;;;0;0;;;;-XXXXX.X;491;3428;;;;;;;;;;ЛОЖЬ;;;;;;;;;;;;;;;;;;Output;EPKS_CCB;ESD_932_1;10200;;;;;;;;
M;C320_6_E;;;;;Function block marker;;ЛОЖЬ;ЛОЖЬ;;320;;;;;;;0;;;;4668;ЛОЖЬ;0;;;;;;;;;;;;;;Undefined;;;;;;;;;;;;ЛОЖЬ;ИСТИНА;;;;;;;;;;;;;;;;;;;;;;;;;;;;
M;1003_9;;;;;;;ЛОЖЬ;ЛОЖЬ;;1003;;;;;;;0;;;;2035;ЛОЖЬ;0;;;;;;;;;;;;;;Undefined;;;;;;;;;;;;ЛОЖЬ;ИСТИНА;;;;;;;;;;;;;;;;;;;;;;;;;;;;
M;C708_4_D;;;;;Function block marker;;ЛОЖЬ;ЛОЖЬ;;708;;;;;;;0;;;;4284;ЛОЖЬ;0;;;;;;;;;;;;;;Undefined;;;;;;;;;;;;ЛОЖЬ;ИСТИНА;;;;;;;;;;;;;;;;;;;;;;;;;;;;
AI;93TI810;;FLD;;;C9302001BX PROC GAS CYL1;Yes;ИСТИНА;ЛОЖЬ;;550;ИСТИНА;Float;4-20mA;-50;200;°C;;;;;712;ЛОЖЬ;38568;;None;None;None;None;;;;;;;;;-XXXXX.X;3.76;21;;20.03;17;9;1;Top scale;;;;ЛОЖЬ;ИСТИНА;ЛОЖЬ;;;;;;;;;;;;;;;;Output;EPKS_CCB;ESD_932_1;10353;;;;;;;;
M;C1015_1_K;;;;;Function block marker;;ЛОЖЬ;ЛОЖЬ;;1015;;;;;;;0;;;;2428;ЛОЖЬ;0;;;;;;;;;;;;;;Undefined;;;;;;;;;;;;ЛОЖЬ;ИСТИНА;;;;;;;;;;;;;;;;;;;;;;;;;;;;
M;314_3;;;;;;;ЛОЖЬ;ЛОЖЬ;;314;;;;;;;0;;;;1720;ЛОЖЬ;0;;;;;;;;;;;;;;Undefined;491;3428;;;;;;;;;;ЛОЖЬ;;;;;;;;;;;;;;;;;;;;;;;;;;;;;
DO;93TI484_TF;;COM;930-20;A_93020;TRANSM. FAIL;No;ИСТИНА;ЛОЖЬ;;234;;;;;;;0;;;;219;ИСТИНА;37180;None;;;;;;0=FAIL;;;;;;;Undefined;491;3428;;;;;;;;;;ЛОЖЬ;;;;;;;;;;;;;;;;;;Output;EPKS_CCB;ESD_932_1;788;;;;;;;;
DO;93PDI782_TF;;COM;;;TRANSM FAULT;No;ЛОЖЬ;ЛОЖЬ;;360;;;;;;;0;;;;397;ИСТИНА;38567;None;;;;;;0=ALARM;0=ALARM;;;;;;Undefined;;;;;;;;;;;;ЛОЖЬ;ИСТИНА;;;;;;;;;;;;;;;;;Output;EPKS_CCB;ESD_932_1;1325;;;;;;;;
M;1025_2;;;;;;;ЛОЖЬ;ЛОЖЬ;;1025;;;;;;;0;;;;2240;ЛОЖЬ;0;;;;;;;;;;;;;;Undefined;;;;;;;;;;;;ЛОЖЬ;ИСТИНА;;;;;;;;;;;;;;;;;;;;;;;;;;;;
M;2457_I;;;;;X out of Y;;ЛОЖЬ;ЛОЖЬ;;2457;;;;;;;0;;;;102;ЛОЖЬ;0;;;;;;;;;;;;;;Undefined;491;3428;;;;;;;;;;ЛОЖЬ;;;;;;;;;;;;;;;;;;;;;;;;;;;;;
R;2457_B;;;;;Input 2;;ЛОЖЬ;ЛОЖЬ;;2457;;Float;;;;;0;;;;148;ЛОЖЬ;0;;;;;;;;;;;;;;Undefined;491;3428;;;;;;;;;;ЛОЖЬ;;;;;;;;;;;;;;;;;;;;;;;;;;;;;
M;2432_E;;;;;0=CAUSE ALARM;;ЛОЖЬ;ЛОЖЬ;;2432;;;;;;;0;;;;3255;ЛОЖЬ;0;;;;;;;;;;;;;;Undefined;;;;;;;;;;;;ЛОЖЬ;ИСТИНА;;;;;;;;;;;;;;;;;;;;;;;;;;;;
BO;93TI866_H;;COM;;;HI ALARM SETPOINT;No;ЛОЖЬ;ЛОЖЬ;;718;;Float;;;;;0;;;;2096;;0;;None;None;None;None;;;;;;;;;-XXXXX.X;;;;;;;;;;;;ЛОЖЬ;ИСТИНА;;;;;;;;;;;;;;;;;Output;EPKS_CCB;ESD_932_1;10441;;;;;;;;
M;1021_3;;;;;;;ЛОЖЬ;ЛОЖЬ;;1021;;;;;;;0;;;;2229;ЛОЖЬ;0;;;;;;;;;;;;;;Undefined;;;;;;;;;;;;ЛОЖЬ;ИСТИНА;;;;;;;;;;;;;;;;;;;;;;;;;;;;
M;C712_4_B;;;;;Function block marker;;ЛОЖЬ;ЛОЖЬ;;712;;;;;;;0;;;;4273;ЛОЖЬ;0;;;;;;;;;;;;;;Undefined;;;;;;;;;;;;ЛОЖЬ;ИСТИНА;;;;;;;;;;;;;;;;;;;;;;;;;;;;
T;394_1;;;;;;;ЛОЖЬ;ЛОЖЬ;;394;;;;;;;;100 ms;10;;340;ЛОЖЬ;0;;;;;;;;;;;;;;Undefined;491;3428;Delayed OFF with constant timer value;;;;;;;;;ЛОЖЬ;;;;;;;;;;;;;;;;;;;;;;;;;;;;;
DO;93TI809_MOC;;COM;930-20;A_C93021;MO CONFIRMED;No;ИСТИНА;ЛОЖЬ;;548;;;;;;;0;;;;1085;ИСТИНА;37181;None;;;;;;1=CONFIRMED;;;;;;;Undefined;491;3428;;;;;;;;;;ЛОЖЬ;;;;;;;;;;;;;;;;;;Output;EPKS_CCB;ESD_932_1;813;;;;;;;;
M;C390_5_G;;;;;Function block marker;;ЛОЖЬ;ЛОЖЬ;;390;;;;;;;0;;;;4546;ЛОЖЬ;0;;;;;;;;;;;;;;Undefined;;;;;;;;;;;;ЛОЖЬ;ИСТИНА;;;;;;;;;;;;;;;;;;;;;;;;;;;;
M;C248_7_E;;;;;Function block marker;;ЛОЖЬ;ЛОЖЬ;;248;;;;;;;0;;;;3923;ЛОЖЬ;0;;;;;;;;;;;;;;Undefined;;;;;;;;;;;;ЛОЖЬ;ИСТИНА;;;;;;;;;;;;;;;;;;;;;;;;;;;;
M;C1035_1_M;;;;;Function block marker;;ЛОЖЬ;ЛОЖЬ;;1035;;;;;;;0;;;;2376;ЛОЖЬ;0;;;;;;;;;;;;;;Undefined;;;;;;;;;;;;ЛОЖЬ;ИСТИНА;;;;;;;;;;;;;;;;;;;;;;;;;;;;
BO;93TI484_HH;;COM;930-20;A_93020;HH TRIP SETPOINT (°C);No;ИСТИНА;ЛОЖЬ;;234;;Float;;;;;0;;;;404;;38087;;;;;;;;;0;0;;;;-XXXXX.X;491;3428;;;;;;;;;;ЛОЖЬ;;;;;;;;;;;;;;;;;;Output;EPKS_CCB;ESD_932_1;10248;;;;;;;;
M;C718_6_F;;;;;Function block marker;;ЛОЖЬ;ЛОЖЬ;;718;;;;;;;0;;;;4257;ЛОЖЬ;0;;;;;;;;;;;;;;Undefined;;;;;;;;;;;;ЛОЖЬ;ИСТИНА;;;;;;;;;;;;;;;;;;;;;;;;;;;;
M;714_815_3;;;;;93TAH860_PERM;;ЛОЖЬ;ЛОЖЬ;;815;;;;;;;0;;;;4143;ЛОЖЬ;0;;;;;;;0=ALARM;;;;;;;Undefined;;;;;;;;;;;;ЛОЖЬ;ИСТИНА;;;;;;;;;;;;;;;;;;;;;;;;;;;;
M;C366_5_G;;;;;Function block marker;;ЛОЖЬ;ЛОЖЬ;;366;;;;;;;0;;;;4611;ЛОЖЬ;0;;;;;;;;;;;;;;Undefined;;;;;;;;;;;;ЛОЖЬ;ИСТИНА;;;;;;;;;;;;;;;;;;;;;;;;;;;;
DO;93PIHH768_CA;;COM;;;CAUSE ALARM;No;ЛОЖЬ;ЛОЖЬ;;364;;;;;;;0;;;;3297;ЛОЖЬ;0;None;;;;;;0=ALARM;0=ALARM;;;;;;Undefined;;;;;;;;;;;;ЛОЖЬ;ИСТИНА;;;;;;;;;;;;;;;;;Output;EPKS_CCB;ESD_932_1;1183;;;;;;;;
M;C648_5_D;;;;;Function block marker;;ЛОЖЬ;ЛОЖЬ;;648;;;;;;;0;;;;2676;ЛОЖЬ;0;;;;;;;;;;;;;;Undefined;;;;;;;;;;;;ЛОЖЬ;ИСТИНА;;;;;;;;;;;;;;;;;;;;;;;;;;;;
M;C248_8_D;;;;;Function block marker;;ЛОЖЬ;ЛОЖЬ;;248;;;;;;;0;;;;3927;ЛОЖЬ;0;;;;;;;;;;;;;;Undefined;;;;;;;;;;;;ЛОЖЬ;ИСТИНА;;;;;;;;;;;;;;;;;;;;;;;;;;;;
DO;93TAHH807;;COM;930-20;A_C93021;C9302001BX TMP PACK CYL2;No;ИСТИНА;ЛОЖЬ;;546;;;;;;;0;;;;1101;ИСТИНА;37182;None;;;;;;0=TRIP;;;;;;;Undefined;491;3428;;;;;;;;;;ЛОЖЬ;;;;;;;;;;;;;;;;;;Output;EPKS_CCB;ESD_932_1;731;;;;;;;;
T;290_2;;;;;;;ЛОЖЬ;ЛОЖЬ;;290;;;;;;;;100 ms;5;;900;ЛОЖЬ;0;;;;;;;;;;;;;;Undefined;;;Delayed OFF with constant timer value;;;;;;;;;ЛОЖЬ;ИСТИНА;;;;;;;;;;;;;;;;;;;;;;;;;;;;
DI;93HY804A_P;;COM;930-20;A_C93021;C9302001BX LO START PM2;No;ИСТИНА;ИСТИНА;;648;;;;;;;0;;;;1632;ИСТИНА;37626;None;;;;;;1=START;;;;;;;Undefined;491;3428;;;;;;Low;;;;ЛОЖЬ;;;;ЛОЖЬ;;;;;;;;;;Input;CC_CCB_2;ESD_932_1;1;Output;EPKS_CCB;ESD_932_1;2024;;;;;;;;
M;728_174_2;;;;;93VSHH852;;ЛОЖЬ;ЛОЖЬ;;174;;;;;;;0;;;;2759;ЛОЖЬ;0;;;;;;;1=MO CONFIRMED;;;;;;;Undefined;;;;;;;;;;;;ЛОЖЬ;ИСТИНА;;;;;;;;;;;;;;;;;;;;;;;;;;;;
T;394_3;;;;;;;ЛОЖЬ;ЛОЖЬ;;394;;;;;;;;100 ms;10;;1004;ЛОЖЬ;0;;;;;;;;;;;;;;Undefined;;;Delayed OFF with constant timer value;;;;;;;;;ЛОЖЬ;ИСТИНА;;;;;;;;;;;;;;;;;;;;;;;;;;;;
T;382_2;;;;;;;ЛОЖЬ;ЛОЖЬ;;382;;;;;;;;100 ms;5;;704;ЛОЖЬ;0;;;;;;;;;;;;;;Undefined;;;Delayed OFF with constant timer value;;;;;;;;;ЛОЖЬ;ИСТИНА;;;;;;;;;;;;;;;;;;;;;;;;;;;;
DO;93PDAHH781_CA;;COM;930-20;A_C93021;CAUSE ALARM;No;ИСТИНА;ЛОЖЬ;;360;;;;;;;0;;;;634;ЛОЖЬ;37183;None;;;;;;0=ALARM;;;;;;;Undefined;491;3428;;;;;;;;;;ЛОЖЬ;;;;;;;;;;;;;;;;;;Output;EPKS_CCB;ESD_932_1;642;;;;;;;;
BO;93TI785_H;;COM;;;HI ALARM SETPOINT;No;ЛОЖЬ;ЛОЖЬ;;388;;Float;;;;;0;;;;260;;0;;None;None;None;None;;;;;;;;;-XXXXX.X;;;;;;;;;;;;ЛОЖЬ;ИСТИНА;;;;;;;;;;;;;;;;;Output;EPKS_CCB;ESD_932_1;10410;;;;;;;;
AI;VM 20.04/1/17;;SYS;;;;Yes;ЛОЖЬ;;;0;ИСТИНА;Float;0-5V (VM);0;100;;;;;;200;ЛОЖЬ;0;;None;None;None;None;;;;;;;;;-XXXXX.X;2.5;3.9;;20.04;1;17;1;Scan;;;;ЛОЖЬ;;;;;;;;;;;;;;;;;;;;;;;;;;;;;
DO;93LALL411_P;;COM;930-20;A_93020;DRAINAGE TO V-9302005;No;ИСТИНА;ЛОЖЬ;;256;;;;;;;0;;;;241;ЛОЖЬ;38072;None;;;;;;1=ACTIVE;;;;;;;Undefined;491;3428;;;;;;;;;;ЛОЖЬ;;;;;;;;;;;;;;;;;;;;;;;;;;Output;CC_CCB_1;ESD_932_1;51
M;C568_2_D;;;;;Function block marker;;ЛОЖЬ;ЛОЖЬ;;568;;;;;;;0;;;;4375;ЛОЖЬ;0;;;;;;;;;;;;;;Undefined;;;;;;;;;;;;ЛОЖЬ;ИСТИНА;;;;;;;;;;;;;;;;;;;;;;;;;;;;
M;C526_5_F;;;;;Function block marker;;ЛОЖЬ;ЛОЖЬ;;526;;;;;;;0;;;;4500;ЛОЖЬ;0;;;;;;;;;;;;;;Undefined;;;;;;;;;;;;ЛОЖЬ;ИСТИНА;;;;;;;;;;;;;;;;;;;;;;;;;;;;
M;364_365_1;;;;;93PT769;;ЛОЖЬ;ЛОЖЬ;;365;;;;;;;0;;;;3642;ЛОЖЬ;0;;;;;;;1=MO CONFIRMED;;;;;;;Undefined;;;;;;;;;;;;ЛОЖЬ;ИСТИНА;;;;;;;;;;;;;;;;;;;;;;;;;;;;
M;C684_4_E;;;;;Function block marker;;ЛОЖЬ;ЛОЖЬ;;684;;;;;;;0;;;;4373;ЛОЖЬ;0;;;;;;;;;;;;;;Undefined;;;;;;;;;;;;ЛОЖЬ;ИСТИНА;;;;;;;;;;;;;;;;;;;;;;;;;;;;
T;350_2;;;;;;;ЛОЖЬ;ЛОЖЬ;;350;;;;;;;;1 s;120;;12;ЛОЖЬ;0;;;;;;;;;;;;;;Undefined;491;3428;Delayed ON with constant timer value;;;;;;;;;ЛОЖЬ;;;;;;;;;;;;;;;;;;;;;;;;;;;;;
M;548_630_3;;;;;93TAHH809_I (AFTER OOS);;ЛОЖЬ;ЛОЖЬ;;630;;;;;;;0;;;;1120;ЛОЖЬ;0;;;;;;;0=TRIP;;;;;;;Undefined;491;3428;;;;;;;;;;ЛОЖЬ;;;;;;;;;;;;;;;;;;;;;;;;;;;;;
DO;93FI855_TF;;COM;930-20;A_C93021;TRANSM. FAIL;No;ИСТИНА;ЛОЖЬ;;686;;;;;;;0;;;;1332;ИСТИНА;37184;None;;;;;;0=FAIL;;;;;;;Undefined;491;3428;;;;;;;;;;ЛОЖЬ;;;;;;;;;;;;;;;;;;Output;EPKS_CCB;ESD_932_1;466;;;;;;;;
DO;93VSHH802_MOC;;COM;930-20;A_C93021;MO CONFIRMED;No;ЛОЖЬ;ЛОЖЬ;;564;;;;;;;0;;;;2700;ИСТИНА;38394;None;;;;;;1=CONFIRMED;;;;;;;Undefined;;;;;;;;;;;;ЛОЖЬ;ИСТИНА;;;;;;;;;;;;;;;;;Output;EPKS_CCB;ESD_932_1;1186;;;;;;;;
R;C2499_3;;;;;Compiler register (288, 162);;ЛОЖЬ;ЛОЖЬ;;2499;;Float;;;;;0;;;;308;ЛОЖЬ;0;;;;;;;;;;;;;;Undefined;491;3428;;;;;;;;;;ЛОЖЬ;;;;;;;;;;;;;;;;;;;;;;;;;;;;;
DO;93XY441_C;;COM;;;AUTO CLOSURE 93XV441;No;ИСТИНА;ЛОЖЬ;;262;;;;;;;0;;;;1797;ИСТИНА;37191;None;;;;;;0=TRIP;;;;;;;Undefined;491;3428;;;;;;;;;;ЛОЖЬ;;;;;;;;;;;;;;;;;;Output;EPKS_CCB;ESD_932_1;1016;;;;;;;;
M;236_150_1;;;;;93PT461;;ЛОЖЬ;ЛОЖЬ;;150;;;;;;;0;;;;1584;ЛОЖЬ;0;;;;;;;1=MO CONFIRMED;;;;;;;Undefined;491;3428;;;;;;;;;;ЛОЖЬ;;;;;;;;;;;;;;;;;;;;;;;;;;;;;
DO;93FI018_TF;;COM;930-20;A_93020;TRANSM. FAIL;No;ИСТИНА;ЛОЖЬ;;314;;;;;;;0;;;;1724;ИСТИНА;37791;None;;;;;;0=ALARM;;;;;;;Undefined;491;3428;;;;;;;;;;ЛОЖЬ;;;;;;;;;;;;;;;;;;Output;EPKS_CCB;ESD_932_1;612;;;;;;;;
M;2346_B;;;;;MOS CONFIRMED;;ЛОЖЬ;ЛОЖЬ;;2346;;;;;;;0;;;;1609;ЛОЖЬ;0;;;;;;;;;;;;;;Undefined;491;3428;;;;;;;;;;ЛОЖЬ;;;;;;;;;;;;;;;;;;;;;;;;;;;;;
M;274_154_1;;;;;93LT427;;ЛОЖЬ;ЛОЖЬ;;154;;;;;;;0;;;;732;ЛОЖЬ;0;;;;;;;1=MO CONFIRMED;;;;;;;Undefined;491;3428;;;;;;;;;;ЛОЖЬ;;;;;;;;;;;;;;;;;;;;;;;;;;;;;
DO;93VAHH752_PA;;COM;930-20;A_C93021;1OO2 PRE ALARM;No;ИСТИНА;ЛОЖЬ;;394;;;;;;;0;;;;838;ЛОЖЬ;37818;None;;;;;;0=ALARM;;;;;;;Undefined;491;3428;;;;;;;;;;ЛОЖЬ;;;;;;;;;;;;;;;;;;Output;EPKS_CCB;ESD_932_1;864;;;;;;;;
M;538_630_3;;;;;93PALL826_I (AFTER OOS);;ЛОЖЬ;ЛОЖЬ;;630;;;;;;;0;;;;249;ЛОЖЬ;0;;;;;;;0=TRIP;;;;;;;Undefined;;;;;;;;;;;;ЛОЖЬ;ИСТИНА;;;;;;;;;;;;;;;;;;;;;;;;;;;;
M;C562_6_G;;;;;Function block marker;;ЛОЖЬ;ЛОЖЬ;;562;;;;;;;0;;;;4382;ЛОЖЬ;0;;;;;;;;;;;;;;Undefined;;;;;;;;;;;;ЛОЖЬ;ИСТИНА;;;;;;;;;;;;;;;;;;;;;;;;;;;;
T;230_1;;;;;;;ЛОЖЬ;ЛОЖЬ;;230;;;;;;;;100 ms;5;;1020;ЛОЖЬ;0;;;;;;;;;;;;;;Undefined;;;Delayed OFF with constant timer value;;;;;;;;;ЛОЖЬ;ИСТИНА;;;;;;;;;;;;;;;;;;;;;;;;;;;;
M;400_788_2;;;;;93FALL901_I (AFTER OOS);;ЛОЖЬ;ЛОЖЬ;;788;;;;;;;0;;;;1564;ЛОЖЬ;0;;;;;;;0=TRIP INITIATOR;;;;;;;Undefined;491;3428;;;;;;;;;;ЛОЖЬ;;;;;;;;;;;;;;;;;;;;;;;;;;;;;
DO;93TAHH763A_CA;;COM;;;CAUSE ALARM;No;ЛОЖЬ;ЛОЖЬ;;382;;;;;;;0;;;;3306;ЛОЖЬ;0;None;;;;;;0=ALARM;0=ALARM;;;;;;Undefined;;;;;;;;;;;;ЛОЖЬ;ИСТИНА;;;;;;;;;;;;;;;;;Output;EPKS_CCB;ESD_932_1;1201;;;;;;;;
T;272_1;;;;;;;ЛОЖЬ;ЛОЖЬ;;272;;;;;;;;100 ms;5;;872;ЛОЖЬ;0;;;;;;;;;;;;;;Undefined;;;Delayed OFF with constant timer value;;;;;;;;;ЛОЖЬ;ИСТИНА;;;;;;;;;;;;;;;;;;;;;;;;;;;;
M;C732_2_D;;;;;Function block marker;;ЛОЖЬ;ЛОЖЬ;;732;;;;;;;0;;;;4223;ЛОЖЬ;0;;;;;;;;;;;;;;Undefined;;;;;;;;;;;;ЛОЖЬ;ИСТИНА;;;;;;;;;;;;;;;;;;;;;;;;;;;;
DO;93TAHH761_CA;;COM;930-20;A_C93021;CAUSE ALARM;No;ИСТИНА;ЛОЖЬ;;380;;;;;;;0;;;;750;ЛОЖЬ;37185;None;;;;;;0=ALARM;;;;;;;Undefined;491;3428;;;;;;;;;;ЛОЖЬ;;;;;;;;;;;;;;;;;;Output;EPKS_CCB;ESD_932_1;718;;;;;;;;
M;538_1025_1;;;;;93PAHH826_I;;ЛОЖЬ;ЛОЖЬ;;1025;;;;;;;0;;;;299;ЛОЖЬ;0;;;;;;;0=TRIP INITIATOR;;;;;;;Undefined;;;;;;;;;;;;ЛОЖЬ;ИСТИНА;;;;;;;;;;;;;;;;;;;;;;;;;;;;
M;792_794_4;;;;;CAPACITY 100%;;ЛОЖЬ;ЛОЖЬ;;794;;;;;;;0;;;;621;ЛОЖЬ;0;;;;;;;1=ACTIVE;;;;;;;Undefined;491;3428;;;;;;;;;;ЛОЖЬ;;;;;;;;;;;;;;;;;;;;;;;;;;;;;
DO;IB932_ESD1_F1;;COM;930-20;A_93020;CP FAULT;No;ИСТИНА;ЛОЖЬ;;16;;;;;;;0;;;;177;ИСТИНА;37819;None;;;;;;0=FAULT;;;;;;;Undefined;491;3428;;;;;;;;;;ЛОЖЬ;;;;;;;;;;;;;;;;;;Output;EPKS_CCB;ESD_932_1;907;;;;;;;;
M;C716_6_F;;;;;Function block marker;;ЛОЖЬ;ЛОЖЬ;;716;;;;;;;0;;;;4264;ЛОЖЬ;0;;;;;;;;;;;;;;Undefined;;;;;;;;;;;;ЛОЖЬ;ИСТИНА;;;;;;;;;;;;;;;;;;;;;;;;;;;;
AI;93TI752;;FLD;;;C9302001AX COOL H2O CYL1;Yes;ИСТИНА;ЛОЖЬ;;372;ИСТИНА;Float;4-20mA;-50;100;°C;;;;;636;ЛОЖЬ;38566;;None;None;None;None;;;;;;;;;-XXXXX.X;3.76;21;;20.03;11;7;1;Top scale;;;;ЛОЖЬ;ИСТИНА;ЛОЖЬ;;;;;;;;;;;;;;;;Output;EPKS_CCB;ESD_932_1;10338;;;;;;;;
M;284_9;;;;;;;ЛОЖЬ;ЛОЖЬ;;284;;;;;;;0;;;;3807;ЛОЖЬ;0;;;;;;;;;;;;;;Undefined;;;;;;;;;;;;ЛОЖЬ;ИСТИНА;;;;;;;;;;;;;;;;;;;;;;;;;;;;
BO;93PI776_HH;;COM;930-20;A_C93021;HH TRIP SETPOINT (MPa-g);No;ИСТИНА;ЛОЖЬ;;368;;Float;;;;;0;;;;820;;38146;;;;;;;;;0;0;;;;-XXXXX.X;491;3428;;;;;;;;;;ЛОЖЬ;;;;;;;;;;;;;;;;;;Output;EPKS_CCB;ESD_932_1;10226;;;;;;;;
M;526_1021_2;;;;;93LAHH803_I;;ЛОЖЬ;ЛОЖЬ;;1021;;;;;;;0;;;;2294;ЛОЖЬ;0;;;;;;;0=TRIP INITIATOR;;;;;;;Undefined;;;;;;;;;;;;ЛОЖЬ;ИСТИНА;;;;;;;;;;;;;;;;;;;;;;;;;;;;
T;230_3;;;;;;;ЛОЖЬ;ЛОЖЬ;;230;;;;;;;;100 ms;10;;1028;ЛОЖЬ;0;;;;;;;;;;;;;;Undefined;;;Delayed OFF with constant timer value;;;;;;;;;ЛОЖЬ;ИСТИНА;;;;;;;;;;;;;;;;;;;;;;;;;;;;
DO;93FALL420_CA;;COM;930-20;A_C93021;CAUSE ALARM;No;ИСТИНА;ЛОЖЬ;;244;;;;;;;0;;;;284;ЛОЖЬ;37186;None;;;;;;0=ALARM;;;;;;;Undefined;491;3428;;;;;;;;;;ЛОЖЬ;;;;;;;;;;;;;;;;;;Output;EPKS_CCB;ESD_932_1;418;;;;;;;;
DO;93PDAHH831A_P;;COM;930-20;A_C93021;INDICATION LIGHT;No;ИСТИНА;ЛОЖЬ;;530;;;;;;;0;;;;1669;ЛОЖЬ;38080;None;;;;;;1=ACTIVE;;;;;;;Undefined;491;3428;;;;;;;;;;ЛОЖЬ;;;;;;;;;;;;;;Output;CC_CCB_2;ESD_932_1;45;;;;;;;;;;;;
M;C1053_1_H;;;;;Function block marker;;ЛОЖЬ;ЛОЖЬ;;1053;;;;;;;0;;;;2611;ЛОЖЬ;0;;;;;;;;;;;;;;Undefined;;;;;;;;;;;;ЛОЖЬ;ИСТИНА;;;;;;;;;;;;;;;;;;;;;;;;;;;;
DO;93TAHH929_FU_A;;COM;930-20;A_C93021;C9302001 COOL H2O SUP;No;ИСТИНА;ЛОЖЬ;;1013;;;;;;;0;;;;2215;ЛОЖЬ;38241;None;;;;;;1=FIRST;;;;;;;Undefined;;;;;;;;;;;;ЛОЖЬ;ИСТИНА;;;;;;;;;;;;;;;;;Output;EPKS_CCB;ESD_932_1;1082;;;;;;;;
BO;IB932_ESD1_DAY;;COM;;;DAY;No;ЛОЖЬ;ЛОЖЬ;;19;;Byte;;;;;0;;;;35;;0;;None;None;None;None;;;;;;;;;-XXXXX.X;;;;;;;;;;;;ЛОЖЬ;ИСТИНА;;;;;;;;;;;;;;;;;Output;EPKS_CCB;ESD_932_1;10304;;;;;;;;
DO;93TI836_TF;;COM;930-20;A_C93021;TRANSM. FAIL;No;ИСТИНА;ЛОЖЬ;;390;;;;;;;0;;;;819;ИСТИНА;37187;None;;;;;;0=FAIL;;;;;;;Undefined;491;3428;;;;;;;;;;ЛОЖЬ;;;;;;;;;;;;;;;;;;Output;EPKS_CCB;ESD_932_1;826;;;;;;;;
M;C535_1;;;;;Compiler marker (280, 66);;ЛОЖЬ;ЛОЖЬ;;535;;;;;;;0;;;;4463;ЛОЖЬ;0;;;;;;;;;;;;;;Undefined;;;;;;;;;;;;ЛОЖЬ;ИСТИНА;;;;;;;;;;;;;;;;;;;;;;;;;;;;
BO;93FI754_L;;COM;;;L ALARM SETPOINT;No;ИСТИНА;ЛОЖЬ;;350;;Float;;;;;0;;;;912;;38140;;;;;;;;;0;0;;;;-XXXXX.X;491;3428;;;;;;;;;;ЛОЖЬ;;;;;;;;;;;;;;;;;;Output;EPKS_CCB;ESD_932_1;10290;;;;;;;;
DO;93TAHH829_CA;;COM;;;CAUSE ALARM;No;ЛОЖЬ;ЛОЖЬ;;562;;;;;;;0;;;;3338;ЛОЖЬ;0;None;;;;;;0=ALARM;0=ALARM;;;;;;Undefined;;;;;;;;;;;;ЛОЖЬ;ИСТИНА;;;;;;;;;;;;;;;;;Output;EPKS_CCB;ESD_932_1;1233;;;;;;;;
M;C726_6_F;;;;;Function block marker;;ЛОЖЬ;ЛОЖЬ;;726;;;;;;;0;;;;4229;ЛОЖЬ;0;;;;;;;;;;;;;;Undefined;;;;;;;;;;;;ЛОЖЬ;ИСТИНА;;;;;;;;;;;;;;;;;;;;;;;;;;;;
M;C260_4_E;;;;;Function block marker;;ЛОЖЬ;ЛОЖЬ;;260;;;;;;;0;;;;3880;ЛОЖЬ;0;;;;;;;;;;;;;;Undefined;;;;;;;;;;;;ЛОЖЬ;ИСТИНА;;;;;;;;;;;;;;;;;;;;;;;;;;;;
M;1025_4;;;;;;;ЛОЖЬ;ЛОЖЬ;;1025;;;;;;;0;;;;2242;ЛОЖЬ;0;;;;;;;;;;;;;;Undefined;;;;;;;;;;;;ЛОЖЬ;ИСТИНА;;;;;;;;;;;;;;;;;;;;;;;;;;;;
M;2480_A;;;;;0=ALARM INITIATOR;;ЛОЖЬ;ЛОЖЬ;;2480;;;;;;;0;;;;148;ЛОЖЬ;0;;;;;;;;;;;;;;Undefined;491;3428;;;;;;;;;;ЛОЖЬ;;;;;;;;;;;;;;;;;;;;;;;;;;;;;
DO;93FALL029_P;;COM;930-20;A_93020;FUEL GAS FLOWRATE;No;ИСТИНА;ЛОЖЬ;;320;;;;;;;0;;;;2015;ЛОЖЬ;38079;None;;;;;;1=ACTIVE;;;;;;;Undefined;491;3428;;;;;;;;;;ЛОЖЬ;;;;;;;;;;;;;;Output;CC_CCB_2;ESD_932_1;69;;;;;;;;;;;;
M;2440_C;;;;;0=Pre-alarm 1oo2;;ЛОЖЬ;ЛОЖЬ;;2440;;;;;;;0;;;;166;ЛОЖЬ;0;;;;;;;;;;;;;;Undefined;491;3428;;;;;;;;;;ЛОЖЬ;;;;;;;;;;;;;;;;;;;;;;;;;;;;;
BO;93LI411_LL;;COM;930-20;A_93020;LL TRIP SETPOINT (%);No;ИСТИНА;ЛОЖЬ;;256;;Float;;;;;0;;;;588;;38136;;;;;;;;;0;0;;;;-XXXXX.X;491;3428;;;;;;;;;;ЛОЖЬ;;;;;;;;;;;;;;;;;;Output;EPKS_CCB;ESD_932_1;10188;;;;;;;;
M;C533_4_F;;;;;Function block marker;;ЛОЖЬ;ЛОЖЬ;;533;;;;;;;0;;;;4478;ЛОЖЬ;0;;;;;;;;;;;;;;Undefined;;;;;;;;;;;;ЛОЖЬ;ИСТИНА;;;;;;;;;;;;;;;;;;;;;;;;;;;;
M;C398_1_D;;;;;Function block marker;;ЛОЖЬ;ЛОЖЬ;;398;;;;;;;0;;;;2680;ЛОЖЬ;0;;;;;;;;;;;;;;Undefined;491;3428;;;;;;;;;;ЛОЖЬ;;;;;;;;;;;;;;;;;;;;;;;;;;;;;
M;C364_6_G;;;;;Function block marker;;ЛОЖЬ;ЛОЖЬ;;364;;;;;;;0;;;;4625;ЛОЖЬ;0;;;;;;;;;;;;;;Undefined;;;;;;;;;;;;ЛОЖЬ;ИСТИНА;;;;;;;;;;;;;;;;;;;;;;;;;;;;
M;370_8;;;;;;;ЛОЖЬ;ЛОЖЬ;;370;;;;;;;0;;;;3986;ЛОЖЬ;0;;;;;;;;;;;;;;Undefined;;;;;;;;;;;;ЛОЖЬ;ИСТИНА;;;;;;;;;;;;;;;;;;;;;;;;;;;;
DO;93LY852;;FLD;930-20;A_C93021;C-9302001CX DRAIN 1ST ST;Yes;ИСТИНА;ЛОЖЬ;;800;;;;;;;0;;;;16;ЛОЖЬ;37188;None;;;;;;1=OPEN;;;;;;;Undefined;491;3428;;20.05;3;1;1;Appl;;;;ЛОЖЬ;;;;;;;;;;;;;;;;;;;;;;;;;;;;;
DO;93XAO415;;COM;930-20;A_93020;TRIP INITIATOR;No;ИСТИНА;ЛОЖЬ;;322;;;;;;;0;;;;2027;ИСТИНА;37193;None;;;;;;1=OVERRIDE;;;;;;;Undefined;491;3428;;;;;;;;;;ЛОЖЬ;;;;;;;;;;;;;;;;;;Output;EPKS_CCB;ESD_932_1;919;;;;;;;;
T;284_7;;;;;;;ЛОЖЬ;ЛОЖЬ;;284;;;;;;;;100 ms;5;;1196;ЛОЖЬ;0;;;;;;;;;;;;;;Undefined;;;Delayed OFF with constant timer value;;;;;;;;;ЛОЖЬ;ИСТИНА;;;;;;;;;;;;;;;;;;;;;;;;;;;;
M;376_412_2;;;;;93TAHH757_I;;ЛОЖЬ;ЛОЖЬ;;412;;;;;;;0;;;;761;ЛОЖЬ;0;;;;;;;0=TRIP INITIATOR;;;;;;;Undefined;491;3428;;;;;;;;;;ЛОЖЬ;;;;;;;;;;;;;;;;;;;;;;;;;;;;;
DO;93PAHH864;;COM;930-20;A_C93021;C9302001CX PRS GAS CYL1;No;ИСТИНА;ЛОЖЬ;;696;;;;;;;0;;;;1283;ИСТИНА;37189;None;;;;;;0=TRIP;;;;;;;Undefined;491;3428;;;;;;;;;;ЛОЖЬ;;;;;;;;;;;;;;;;;;Output;EPKS_CCB;ESD_932_1;593;;;;;;;;
DI;93XSC415;;FLD;;;SHUTTER 93XV415;No;ИСТИНА;ЛОЖЬ;;322;;;;;;;;;;;67;ЛОЖЬ;37589;None;;;;;;1=CLOSE;;;;;;;Undefined;;;;20.03;9;12;1;Low;;;;ЛОЖЬ;ИСТИНА;;;ЛОЖЬ;;;;;;;;;;;;;;;;;;;;;;;;;
M;C121_4;;;;;Compiler marker (352, 138);;ЛОЖЬ;ЛОЖЬ;;121;;;;;;;0;;;;2081;ЛОЖЬ;0;;;;;;;;;;;;;;Undefined;491;3428;;;;;;;;;;ЛОЖЬ;;;;;;;;;;;;;;;;;;;;;;;;;;;;;
M;430_2;;;;;;;ЛОЖЬ;ЛОЖЬ;;430;;;;;;;0;;;;4218;ЛОЖЬ;0;;;;;;;;;;;;;;Undefined;;;;;;;;;;;;ЛОЖЬ;ИСТИНА;;;;;;;;;;;;;;;;;;;;;;;;;;;;
M;1017_7;;;;;;;ЛОЖЬ;ЛОЖЬ;;1017;;;;;;;0;;;;2139;ЛОЖЬ;0;;;;;;;;;;;;;;Undefined;;;;;;;;;;;;ЛОЖЬ;ИСТИНА;;;;;;;;;;;;;;;;;;;;;;;;;;;;
M;C254_6_F;;;;;Function block marker;;ЛОЖЬ;ЛОЖЬ;;254;;;;;;;0;;;;3894;ЛОЖЬ;0;;;;;;;;;;;;;;Undefined;;;;;;;;;;;;ЛОЖЬ;ИСТИНА;;;;;;;;;;;;;;;;;;;;;;;;;;;;
M;252_9;;;;;;;ЛОЖЬ;ЛОЖЬ;;252;;;;;;;0;;;;3786;ЛОЖЬ;0;;;;;;;;;;;;;;Undefined;;;;;;;;;;;;ЛОЖЬ;ИСТИНА;;;;;;;;;;;;;;;;;;;;;;;;;;;;
M;388_811_2;;;;;93TAH785_PERM;;ЛОЖЬ;ЛОЖЬ;;811;;;;;;;0;;;;4012;ЛОЖЬ;0;;;;;;;0=ALARM;;;;;;;Undefined;;;;;;;;;;;;ЛОЖЬ;ИСТИНА;;;;;;;;;;;;;;;;;;;;;;;;;;;;
M;C714_6_G;;;;;Function block marker;;ЛОЖЬ;ЛОЖЬ;;714;;;;;;;0;;;;4272;ЛОЖЬ;0;;;;;;;;;;;;;;Undefined;;;;;;;;;;;;ЛОЖЬ;ИСТИНА;;;;;;;;;;;;;;;;;;;;;;;;;;;;
DO;93TAHH930_CA;;COM;;;CAUSE ALARM;No;ЛОЖЬ;ЛОЖЬ;;404;;;;;;;0;;;;3379;ЛОЖЬ;0;None;;;;;;0=ALARM;0=ALARM;;;;;;Undefined;;;;;;;;;;;;ЛОЖЬ;ИСТИНА;;;;;;;;;;;;;;;;;Output;EPKS_CCB;ESD_932_1;1274;;;;;;;;
DI;93HS757_2;;PNL;930-20;A_C93021;C-9302001AX EM.STOP;Yes;ИСТИНА;ЛОЖЬ;;398;;;;;;;;;;;62;ИСТИНА;37190;None;;;;;;0=TRIP;;;;;;;Undefined;491;3428;;20.03;7;7;1;Low;;;;ЛОЖЬ;;;;ЛОЖЬ;;;;;;;;;;;;;;Output;EPKS_CCB;ESD_932_1;958;;;;;;;;
AI;93PDI781;;FLD;930-20;A_C93021;C9302001AX PROC GAS CYL2;Yes;ИСТИНА;ЛОЖЬ;;360;ИСТИНА;Float;4-20mA;0;1;MPa;;;;;376;ЛОЖЬ;37942;;None;None;None;None;;;;-0.25;-0.25;;;;-XXXXX.X;3.64;22;;20.04;7;10;1;Bottom scale;;;;ЛОЖЬ;;ЛОЖЬ;;;;;;;;;;;;;;;;Output;EPKS_CCB;ESD_932_1;10103;;;;;;;;
M;360_158_1;;;;;93PDT781;;ЛОЖЬ;ЛОЖЬ;;158;;;;;;;0;;;;626;ЛОЖЬ;0;;;;;;;1=MO CONFIRMED;;;;;;;Undefined;491;3428;;;;;;;;;;ЛОЖЬ;;;;;;;;;;;;;;;;;;;;;;;;;;;;;
M;C788_1_C;;;;;Function block marker;;ЛОЖЬ;ЛОЖЬ;;788;;;;;;;0;;;;1259;ЛОЖЬ;0;;;;;;;;;;;;;;Undefined;491;3428;;;;;;;;;;ЛОЖЬ;;;;;;;;;;;;;;;;;;;;;;;;;;;;;
M;1049_11;;;;;;;ЛОЖЬ;ЛОЖЬ;;1049;;;;;;;0;;;;3700;ЛОЖЬ;0;;;;;;;;;;;;;;Undefined;;;;;;;;;;;;ЛОЖЬ;ИСТИНА;;;;;;;;;;;;;;;;;;;;;;;;;;;;
M;362_1;;;;;;;ЛОЖЬ;ЛОЖЬ;;362;;;;;;;0;;;;645;ЛОЖЬ;0;;;;;;;;;;;;;;Undefined;491;3428;;;;;;;;;;ЛОЖЬ;;;;;;;;;;;;;;;;;;;;;;;;;;;;;
M;390_811_3;;;;;93TAH778_PERM;;ЛОЖЬ;ЛОЖЬ;;811;;;;;;;0;;;;4004;ЛОЖЬ;0;;;;;;;0=ALARM;;;;;;;Undefined;;;;;;;;;;;;ЛОЖЬ;ИСТИНА;;;;;;;;;;;;;;;;;;;;;;;;;;;;
M;C694_6_G;;;;;Function block marker;;ЛОЖЬ;ЛОЖЬ;;694;;;;;;;0;;;;4344;ЛОЖЬ;0;;;;;;;;;;;;;;Undefined;;;;;;;;;;;;ЛОЖЬ;ИСТИНА;;;;;;;;;;;;;;;;;;;;;;;;;;;;
BO;93PI864_LL;;COM;;;LL TRIP SETPOINT (kPa-g);No;ИСТИНА;ЛОЖЬ;;697;;Float;;;;;0;;;;680;;38107;;;;;;;;;0;0;;;;-XXXXX.X;491;3428;;;;;;;;;;ЛОЖЬ;;;;;;;;;;;;;;;;;;Output;EPKS_CCB;ESD_932_1;10238;;;;;;;;
M;362_363_1;;;;;93PT764;;ЛОЖЬ;ЛОЖЬ;;363;;;;;;;0;;;;3637;ЛОЖЬ;0;;;;;;;1=MO CONFIRMED;;;;;;;Undefined;;;;;;;;;;;;ЛОЖЬ;ИСТИНА;;;;;;;;;;;;;;;;;;;;;;;;;;;;
DO;IB932_ESD1_D1;;COM;862-34;;FORCE ENABLE;No;ИСТИНА;ЛОЖЬ;;17;;;;;;;0;;;;2047;ИСТИНА;37735;None;;;;;;0=ENABLE;;;;;;;Undefined;491;3428;;;;;;;;;;ЛОЖЬ;;;;;;;;;;;;;;;;;;Output;EPKS_CCB;ESD_932_1;925;;;;;;;;
DI;20-CP_Fault;;SYS;;;Control processor fault;Yes;ЛОЖЬ;;;16;;;;;;;;;;;19;ЛОЖЬ;0;None;;;;;;;;;;;;;Undefined;491;3428;;;;;;;;;;ЛОЖЬ;;;;ЛОЖЬ;;;;;;;;;;;;;;;;;;;;;;;;;
DO;93TI818_MOC;;COM;930-20;A_C93021;MO CONFIRMED;No;ИСТИНА;ЛОЖЬ;;556;;;;;;;0;;;;1083;ИСТИНА;37192;None;;;;;;1=CONFIRMED;;;;;;;Undefined;491;3428;;;;;;;;;;ЛОЖЬ;;;;;;;;;;;;;;;;;;Output;EPKS_CCB;ESD_932_1;821;;;;;;;;
AI;93TI811;;FLD;930-20;A_C93021;C9302001BX PROC GAS CYL1;Yes;ИСТИНА;ЛОЖЬ;;550;ИСТИНА;Float;4-20mA;-50;200;°C;;;;;84;ЛОЖЬ;37802;;None;None;None;None;;;;-112.5;-112.5;;;;-XXXXX.X;3.76;21;;20.03;15;5;1;Bottom scale;;;;ЛОЖЬ;;ЛОЖЬ;;;;;;;;;;;;;;;;Output;EPKS_CCB;ESD_932_1;10145;;;;;;;;
T;365_2;;;;;;;ЛОЖЬ;ЛОЖЬ;;365;;;;;;;;100 ms;5;;88;ЛОЖЬ;0;;;;;;;;;;;;;;Undefined;;;Delayed OFF with constant timer value;;;;;;;;;ЛОЖЬ;ИСТИНА;;;;;;;;;;;;;;;;;;;;;;;;;;;;
R;2420_B;;;;;Signal 1;;ЛОЖЬ;ЛОЖЬ;;2420;;Float;;;;;0;;;;122;ЛОЖЬ;0;;;;;;;;;;;;;;Undefined;491;3428;;;;;;;;;;ЛОЖЬ;;;;;;;;;;;;;;;;;;;;;;;;;;;;;
DO;93TAH810;;COM;;;HI ALARM;No;ЛОЖЬ;ЛОЖЬ;;550;;;;;;;0;;;;3285;ЛОЖЬ;0;None;;;;;;0=ALARM;0=ALARM;;;;;;Undefined;;;;;;;;;;;;ЛОЖЬ;ИСТИНА;;;;;;;;;;;;;;;;;Output;EPKS_CCB;ESD_932_1;1415;;;;;;;;
M;C1027_1_M;;;;;Function block marker;;ЛОЖЬ;ЛОЖЬ;;1027;;;;;;;0;;;;2400;ЛОЖЬ;0;;;;;;;;;;;;;;Undefined;;;;;;;;;;;;ЛОЖЬ;ИСТИНА;;;;;;;;;;;;;;;;;;;;;;;;;;;;
DO;93PDAHH781;;COM;930-20;A_C93021;C9302001AX DPRS GAS CYL2;No;ИСТИНА;ЛОЖЬ;;360;;;;;;;0;;;;632;ИСТИНА;37194;None;;;;;;0=TRIP;;;;;;;Undefined;491;3428;;;;;;;;;;ЛОЖЬ;;;;;;;;;;;;;;;;;;Output;EPKS_CCB;ESD_932_1;641;;;;;;;;
BO;93TI867_HH;;COM;930-20;A_C93021;HH TRIP SETPOINT (°C);No;ИСТИНА;ЛОЖЬ;;718;;Float;;;;;0;;;;540;;38101;;;;;;;;;0;0;;;;-XXXXX.X;491;3428;;;;;;;;;;ЛОЖЬ;;;;;;;;;;;;;;;;;;Output;EPKS_CCB;ESD_932_1;10275;;;;;;;;
T;706_6;;;;;;;ЛОЖЬ;ЛОЖЬ;;706;;;;;;;;100 ms;5;;1460;ЛОЖЬ;0;;;;;;;;;;;;;;Undefined;;;Delayed OFF with constant timer value;;;;;;;;;ЛОЖЬ;ИСТИНА;;;;;;;;;;;;;;;;;;;;;;;;;;;;
M;C290_6_F;;;;;Function block marker;;ЛОЖЬ;ЛОЖЬ;;290;;;;;;;0;;;;3813;ЛОЖЬ;0;;;;;;;;;;;;;;Undefined;;;;;;;;;;;;ЛОЖЬ;ИСТИНА;;;;;;;;;;;;;;;;;;;;;;;;;;;;
M;C732_1_C;;;;;Function block marker;;ЛОЖЬ;ЛОЖЬ;;732;;;;;;;0;;;;967;ЛОЖЬ;0;;;;;;;;;;;;;;Undefined;491;3428;;;;;;;;;;ЛОЖЬ;;;;;;;;;;;;;;;;;;;;;;;;;;;;;
DO;93FALL017_CA;;COM;930-20;A_93020;CAUSE ALARM;No;ИСТИНА;ЛОЖЬ;;312;;;;;;;0;;;;1715;ЛОЖЬ;37808;None;;;;;;0=ALARM;;;;;;;Undefined;491;3428;;;;;;;;;;ЛОЖЬ;;;;;;;;;;;;;;;;;;Output;EPKS_CCB;ESD_932_1;532;;;;;;;;
M;C530_4_B;;;;;Function block marker;;ЛОЖЬ;ЛОЖЬ;;530;;;;;;;0;;;;4484;ЛОЖЬ;0;;;;;;;;;;;;;;Undefined;;;;;;;;;;;;ЛОЖЬ;ИСТИНА;;;;;;;;;;;;;;;;;;;;;;;;;;;;
M;C296_4_D;;;;;Function block marker;;ЛОЖЬ;ЛОЖЬ;;296;;;;;;;0;;;;2785;ЛОЖЬ;0;;;;;;;;;;;;;;Undefined;491;3428;;;;;;;;;;ЛОЖЬ;;;;;;;;;;;;;;;;;;;;;;;;;;;;;
M;C1013_2_I;;;;;Function block marker;;ЛОЖЬ;ЛОЖЬ;;1013;;;;;;;0;;;;3716;ЛОЖЬ;0;;;;;;;;;;;;;;Undefined;;;;;;;;;;;;ЛОЖЬ;ИСТИНА;;;;;;;;;;;;;;;;;;;;;;;;;;;;
M;C260_3_F;;;;;Function block marker;;ЛОЖЬ;ЛОЖЬ;;260;;;;;;;0;;;;3618;ЛОЖЬ;0;;;;;;;;;;;;;;Undefined;;;;;;;;;;;;ЛОЖЬ;ИСТИНА;;;;;;;;;;;;;;;;;;;;;;;;;;;;
DO;93FALL805_CA;;COM;930-20;A_C93021;CAUSE ALARM;No;ИСТИНА;ЛОЖЬ;;522;;;;;;;0;;;;928;ЛОЖЬ;37195;None;;;;;;0=ALARM;;;;;;;Undefined;491;3428;;;;;;;;;;ЛОЖЬ;;;;;;;;;;;;;;;;;;Output;EPKS_CCB;ESD_932_1;436;;;;;;;;
M;C1005_1_I;;;;;Function block marker;;ЛОЖЬ;ЛОЖЬ;;1005;;;;;;;0;;;;2456;ЛОЖЬ;0;;;;;;;;;;;;;;Undefined;;;;;;;;;;;;ЛОЖЬ;ИСТИНА;;;;;;;;;;;;;;;;;;;;;;;;;;;;
M;300_1017_3;;;;;93HS551A_I;;ЛОЖЬ;ЛОЖЬ;;1017;;;;;;;0;;;;2184;ЛОЖЬ;0;;;;;;;0=TRIP INITIATOR;;;;;;;Undefined;;;;;;;;;;;;ЛОЖЬ;ИСТИНА;;;;;;;;;;;;;;;;;;;;;;;;;;;;
T;244_7;;;;;;;ЛОЖЬ;ЛОЖЬ;;244;;;;;;;;100 ms;5;;1060;ЛОЖЬ;0;;;;;;;;;;;;;;Undefined;;;Delayed OFF with constant timer value;;;;;;;;;ЛОЖЬ;ИСТИНА;;;;;;;;;;;;;;;;;;;;;;;;;;;;
AI;93LI418;;FLD;930-20;A_93020;L. B-9302001A;Yes;ИСТИНА;ЛОЖЬ;;264;ИСТИНА;Float;4-20mA;0;100;%;;;;;256;ЛОЖЬ;38437;;None;None;None;None;;;;;;;;;-XXXXX.X;3.64;22;;20.04;3;14;1;Bottom scale;;;;ЛОЖЬ;ИСТИНА;ЛОЖЬ;;;;;;;;;;;;;;;;Output;EPKS_CCB;ESD_932_1;10312;;;;;;;;
M;2460_H;;;;;0=CMD_DISAGREE;;ЛОЖЬ;ЛОЖЬ;;2460;;;;;;;0;;;;143;ЛОЖЬ;0;;;;;;;;;;;;;;Undefined;491;3428;;;;;;;;;;ЛОЖЬ;;;;;;;;;;;;;;;;;;;;;;;;;;;;;
DI;93LI801_MOR;;COM;930-20;A_C93021;MO REQUEST;No;ИСТИНА;ИСТИНА;;524;;;;;;;0;;;;2882;ЛОЖЬ;37196;None;;;;;;1=REQUEST;;;;;;;Undefined;491;3428;;;;;;Freeze;;;;ЛОЖЬ;;;;ЛОЖЬ;;;;;;;;;;;;;;Input;EPKS_CCB;ESD_932_1;51;;;;;;;;
T;356_5;;;;;;;ЛОЖЬ;ЛОЖЬ;;356;;;;;;;;100 ms;5;;856;ЛОЖЬ;0;;;;;;;;;;;;;;Undefined;;;Delayed OFF with constant timer value;;;;;;;;;ЛОЖЬ;ИСТИНА;;;;;;;;;;;;;;;;;;;;;;;;;;;;
DI;93PDI831_MOR;;COM;930-20;A_C93021;MO REQUEST;No;ИСТИНА;ИСТИНА;;530;;;;;;;0;;;;2898;ЛОЖЬ;37197;None;;;;;;1=REQUEST;;;;;;;Undefined;491;3428;;;;;;Freeze;;;;ЛОЖЬ;;;;ЛОЖЬ;;;;;;;;;;;;;;Input;EPKS_CCB;ESD_932_1;67;;;;;;;;
M;C368_3_F;;;;;Function block marker;;ЛОЖЬ;ЛОЖЬ;;368;;;;;;;0;;;;4606;ЛОЖЬ;0;;;;;;;;;;;;;;Undefined;;;;;;;;;;;;ЛОЖЬ;ИСТИНА;;;;;;;;;;;;;;;;;;;;;;;;;;;;
DO;93TI766_TF;;COM;;;TRANSM FAULT;No;ЛОЖЬ;ЛОЖЬ;;384;;;;;;;0;;;;446;ИСТИНА;38565;None;;;;;;0=ALARM;0=ALARM;;;;;;Undefined;;;;;;;;;;;;ЛОЖЬ;ИСТИНА;;;;;;;;;;;;;;;;;Output;EPKS_CCB;ESD_932_1;1333;;;;;;;;
M;C400_3_E;;;;;Function block marker;;ЛОЖЬ;ЛОЖЬ;;400;;;;;;;0;;;;3512;ЛОЖЬ;0;;;;;;;;;;;;;;Undefined;;;;;;;;;;;;ЛОЖЬ;ИСТИНА;;;;;;;;;;;;;;;;;;;;;;;;;;;;
BO;93PI876_HH;;COM;930-20;A_C93021;HH TRIP SETPOINT (MPa-g);No;ИСТИНА;ЛОЖЬ;;702;;Float;;;;;0;;;;844;;38114;;;;;;;;;0;0;;;;-XXXXX.X;491;3428;;;;;;;;;;ЛОЖЬ;;;;;;;;;;;;;;;;;;Output;EPKS_CCB;ESD_932_1;10242;;;;;;;;
DO;93TAHH802_CA;;COM;;;CAUSE ALARM;No;ЛОЖЬ;ЛОЖЬ;;542;;;;;;;0;;;;3331;ЛОЖЬ;0;None;;;;;;0=ALARM;0=ALARM;;;;;;Undefined;;;;;;;;;;;;ЛОЖЬ;ИСТИНА;;;;;;;;;;;;;;;;;Output;EPKS_CCB;ESD_932_1;1226;;;;;;;;
M;C244_6_E;;;;;Function block marker;;ЛОЖЬ;ЛОЖЬ;;244;;;;;;;0;;;;3941;ЛОЖЬ;0;;;;;;;;;;;;;;Undefined;;;;;;;;;;;;ЛОЖЬ;ИСТИНА;;;;;;;;;;;;;;;;;;;;;;;;;;;;
DO;93TI984_MOC;;COM;930-20;A_93020;MO CONFIRMED;No;ИСТИНА;ЛОЖЬ;;294;;;;;;;0;;;;405;ИСТИНА;37198;None;;;;;;1=CONFIRMED;;;;;;;Undefined;491;3428;;;;;;;;;;ЛОЖЬ;;;;;;;;;;;;;;;;;;Output;EPKS_CCB;ESD_932_1;859;;;;;;;;
DO;93XY492;;MCC;930-20;A_C93021;AUTO STOP C-9302001AX;Yes;ИСТИНА;ЛОЖЬ;;448;;;;;;;0;;;;120;ИСТИНА;37199;None;;;;;;0=TRIP;;;;;;;Undefined;491;3428;;20.06;5;1;1;Appl;;;;ЛОЖЬ;;;;;;;;;;;;;;;;;;Output;EPKS_CCB;ESD_932_1;1035;;;;;;;;
M;2432_B;;;;;LOOP AND;;ЛОЖЬ;ЛОЖЬ;;2432;;;;;;;0;;;;3259;ЛОЖЬ;0;;;;;;;;;;;;;;Undefined;;;;;;;;;;;;ЛОЖЬ;ИСТИНА;;;;;;;;;;;;;;;;;;;;;;;;;;;;
M;C533_3_E;;;;;Function block marker;;ЛОЖЬ;ЛОЖЬ;;533;;;;;;;0;;;;4474;ЛОЖЬ;0;;;;;;;;;;;;;;Undefined;;;;;;;;;;;;ЛОЖЬ;ИСТИНА;;;;;;;;;;;;;;;;;;;;;;;;;;;;
M;708_780_3;;;;;93TAHH854_I (AFTER OOS);;ЛОЖЬ;ЛОЖЬ;;780;;;;;;;0;;;;1284;ЛОЖЬ;0;;;;;;;0=TRIP;;;;;;;Undefined;491;3428;;;;;;;;;;ЛОЖЬ;;;;;;;;;;;;;;;;;;;;;;;;;;;;;
DO;93PALL926A_P;;COM;930-20;A_C93021;INDICATION LIGHT;No;ИСТИНА;ЛОЖЬ;;402;;;;;;;0;;;;2011;ЛОЖЬ;37985;None;;;;;;1=ACTIVE;;;;;;;Undefined;491;3428;;;;;;;;;;ЛОЖЬ;;;;;;;;;;;;;;Output;CC_CCB_2;ESD_932_1;53;;;;;;;;;;;;
M;C274_3_E;;;;;Function block marker;;ЛОЖЬ;ЛОЖЬ;;274;;;;;;;0;;;;3596;ЛОЖЬ;0;;;;;;;;;;;;;;Undefined;;;;;;;;;;;;ЛОЖЬ;ИСТИНА;;;;;;;;;;;;;;;;;;;;;;;;;;;;
DI;93TI482_MOR;;COM;930-20;A_93020;MO REQUEST;No;ИСТИНА;ИСТИНА;;230;;;;;;;0;;;;2921;ЛОЖЬ;37200;None;;;;;;1=REQUEST;;;;;;;Undefined;491;3428;;;;;;Freeze;;;;ЛОЖЬ;;;;ЛОЖЬ;;;;;;;;;;;;;;Input;EPKS_CCB;ESD_932_1;90;;;;;;;;
DI;93XSO421;;MCC;930-20;A_93020;SHUTTER 93XV421- OPEN;Yes;ИСТИНА;ЛОЖЬ;;324;;;;;;;;;;;76;ИСТИНА;37201;None;;;;;;1=OPEN;;;;;;;Undefined;491;3428;;20.03;9;5;1;Low;;;;ЛОЖЬ;;;;ЛОЖЬ;;;;;;;;;;;;;;Output;EPKS_CCB;ESD_932_1;978;;;;;;;;
M;354_158_1;;;;;93LT751;;ЛОЖЬ;ЛОЖЬ;;158;;;;;;;0;;;;588;ЛОЖЬ;0;;;;;;;1=MO CONFIRMED;;;;;;;Undefined;491;3428;;;;;;;;;;ЛОЖЬ;;;;;;;;;;;;;;;;;;;;;;;;;;;;;
DO;93FI754_TF;;COM;930-20;A_C93021;TRANSM. FAIL;No;ИСТИНА;ЛОЖЬ;;350;;;;;;;0;;;;571;ИСТИНА;37202;None;;;;;;0=FAIL;;;;;;;Undefined;491;3428;;;;;;;;;;ЛОЖЬ;;;;;;;;;;;;;;;;;;Output;EPKS_CCB;ESD_932_1;456;;;;;;;;
T;640_1;;;;;;;ЛОЖЬ;ЛОЖЬ;;640;;;;;;;;100 ms;10;;108;ЛОЖЬ;0;;;;;;;;;;;;;;Undefined;491;3428;Delayed OFF with constant timer value;;;;;;;;;ЛОЖЬ;;;;;;;;;;;;;;;;;;;;;;;;;;;;;
M;2460_I;;;;;0=BAD_PV;;ЛОЖЬ;ЛОЖЬ;;2460;;;;;;;0;;;;135;ЛОЖЬ;0;;;;;;;;;;;;;;Undefined;491;3428;;;;;;;;;;ЛОЖЬ;;;;;;;;;;;;;;;;;;;;;;;;;;;;;
M;C252_8_D;;;;;Function block marker;;ЛОЖЬ;ЛОЖЬ;;252;;;;;;;0;;;;3909;ЛОЖЬ;0;;;;;;;;;;;;;;Undefined;;;;;;;;;;;;ЛОЖЬ;ИСТИНА;;;;;;;;;;;;;;;;;;;;;;;;;;;;
DI;20-OutputFault;;SYS;;;Output channel fault;Yes;ЛОЖЬ;;;17;;;;;;;;;;;24;ЛОЖЬ;0;None;;;;;;;;;;;;;Undefined;491;3428;;;;;;;;;;ЛОЖЬ;;;;ЛОЖЬ;;;;;;;;;;;;;;;;;;;;;;;;;
M;642_646_1;;;;;CAPACITY 25%;;ЛОЖЬ;ЛОЖЬ;;646;;;;;;;0;;;;564;ЛОЖЬ;0;;;;;;;1=ACTIVE;;;;;;;Undefined;491;3428;;;;;;;;;;ЛОЖЬ;;;;;;;;;;;;;;;;;;;;;;;;;;;;;
DO;93HS851B_B1_IN_P;;COM;930-20;A_93020;CAP CTRL BIT 1;No;ИСТИНА;ЛОЖЬ;;792;;;;;;;0;;;;1898;ЛОЖЬ;37982;None;;;;;;1=ACTIVE;;;;;;;Undefined;491;3428;;;;;;;;;;ЛОЖЬ;;;;;;;;;;;;;;Output;CC_CCB_2;ESD_932_1;64;;;;;;;;;;;;
M;266_7;;;;;;;ЛОЖЬ;ЛОЖЬ;;266;;;;;;;0;;;;3799;ЛОЖЬ;0;;;;;;;;;;;;;;Undefined;;;;;;;;;;;;ЛОЖЬ;ИСТИНА;;;;;;;;;;;;;;;;;;;;;;;;;;;;
DI;93FI430_MOR;;COM;930-20;A_C93021;MO REQUEST;No;ИСТИНА;ИСТИНА;;254;;;;;;;0;;;;2843;ЛОЖЬ;37203;None;;;;;;1=REQUEST;;;;;;;Undefined;491;3428;;;;;;Freeze;;;;ЛОЖЬ;;;;ЛОЖЬ;;;;;;;;;;;;;;Input;EPKS_CCB;ESD_932_1;12;;;;;;;;
DO;93TI884_MOC;;COM;930-20;A_C93021;MO CONFIRMED;No;ИСТИНА;ЛОЖЬ;;722;;;;;;;0;;;;1520;ИСТИНА;37204;None;;;;;;1=CONFIRMED;;;;;;;Undefined;491;3428;;;;;;;;;;ЛОЖЬ;;;;;;;;;;;;;;;;;;Output;EPKS_CCB;ESD_932_1;845;;;;;;;;
M;C363_3_G;;;;;Function block marker;;ЛОЖЬ;ЛОЖЬ;;363;;;;;;;0;;;;4628;ЛОЖЬ;0;;;;;;;;;;;;;;Undefined;;;;;;;;;;;;ЛОЖЬ;ИСТИНА;;;;;;;;;;;;;;;;;;;;;;;;;;;;
BO;93TI836_HH;;COM;930-20;A_C93021;HH TRIP SETPOINT (°C);No;ИСТИНА;ЛОЖЬ;;390;;Float;;;;;0;;;;536;;38099;;;;;;;;;0;0;;;;-XXXXX.X;491;3428;;;;;;;;;;ЛОЖЬ;;;;;;;;;;;;;;;;;;Output;EPKS_CCB;ESD_932_1;10267;;;;;;;;
M;C1047_1_K;;;;;Function block marker;;ЛОЖЬ;ЛОЖЬ;;1047;;;;;;;0;;;;2632;ЛОЖЬ;0;;;;;;;;;;;;;;Undefined;;;;;;;;;;;;ЛОЖЬ;ИСТИНА;;;;;;;;;;;;;;;;;;;;;;;;;;;;
M;798_1041_1;;;;;93HS860_P;;ЛОЖЬ;ЛОЖЬ;;1041;;;;;;;0;;;;2529;ЛОЖЬ;0;;;;;;;1=RESET;;;;;;;Undefined;;;;;;;;;;;;ЛОЖЬ;ИСТИНА;;;;;;;;;;;;;;;;;;;;;;;;;;;;
M;1320_1317_1;;;930-20;A_93020;COMMON_TF;;ЛОЖЬ;ЛОЖЬ;;1317;;;;;;;0;;;;4041;ЛОЖЬ;0;;;;;;;0=ALARM;;;;;;;Undefined;;;;;;;;;;;;ЛОЖЬ;ИСТИНА;;;;;;;;;;;;;;;;;;;;;;;;;;;;
DO;93PDAHH881A_P;;COM;930-20;A_C93021;INDICATION LIGHT;No;ИСТИНА;ЛОЖЬ;;694;;;;;;;0;;;;1683;ЛОЖЬ;37984;None;;;;;;1=ACTIVE;;;;;;;Undefined;491;3428;;;;;;;;;;ЛОЖЬ;;;;;;;;;;;;;;Output;CC_CCB_2;ESD_932_1;51;;;;;;;;;;;;
DO;93PAHH769_FU;;COM;930-20;A_C93021;C9302001AX PRS GAS CYL2;No;ИСТИНА;ЛОЖЬ;;1005;;;;;;;0;;;;2195;ЛОЖЬ;38221;None;;;;;;1=FIRST;;;;;;;Undefined;;;;;;;;;;;;ЛОЖЬ;ИСТИНА;;;;;;;;;;;;;;;;;Output;EPKS_CCB;ESD_932_1;1062;;;;;;;;
DO;93TAHH863A_CA;;COM;;;CAUSE ALARM;No;ЛОЖЬ;ЛОЖЬ;;716;;;;;;;0;;;;3371;ЛОЖЬ;0;None;;;;;;0=ALARM;0=ALARM;;;;;;Undefined;;;;;;;;;;;;ЛОЖЬ;ИСТИНА;;;;;;;;;;;;;;;;;Output;EPKS_CCB;ESD_932_1;1266;;;;;;;;
AI;93TI769A;;FLD;;;C9302001AX COOL WATER C2;Yes;ИСТИНА;ЛОЖЬ;;386;ИСТИНА;Float;4-20mA;-50;100;°C;;;;;824;ЛОЖЬ;38564;;None;None;None;None;;;;;;;;;-XXXXX.X;3.76;21;;20.05;11;3;1;Top scale;;;;ЛОЖЬ;ИСТИНА;ЛОЖЬ;;;;;;;;;;;;;;;;Output;EPKS_CCB;ESD_932_1;10375;;;;;;;;
T;556_5;;;;;;;ЛОЖЬ;ЛОЖЬ;;556;;;;;;;;100 ms;5;;1372;ЛОЖЬ;0;;;;;;;;;;;;;;Undefined;;;Delayed OFF with constant timer value;;;;;;;;;ЛОЖЬ;ИСТИНА;;;;;;;;;;;;;;;;;;;;;;;;;;;;
DO;93LY852_C;;COM;;;C-9302001CX DRAIN 1ST ST;No;ИСТИНА;ЛОЖЬ;;800;;;;;;;0;;;;2005;ИСТИНА;37217;None;;;;;;0=TRIP;;;;;;;Undefined;491;3428;;;;;;;;;;ЛОЖЬ;;;;;;;;;;;;;;;;;;Output;EPKS_CCB;ESD_932_1;984;;;;;;;;
M;364_810_3;;;;;93PAH768_PERM;;ЛОЖЬ;ЛОЖЬ;;810;;;;;;;0;;;;3752;ЛОЖЬ;0;;;;;;;0=ALARM;;;;;;;Undefined;;;;;;;;;;;;ЛОЖЬ;ИСТИНА;;;;;;;;;;;;;;;;;;;;;;;;;;;;
M;1031_2;;;;;;;ЛОЖЬ;ЛОЖЬ;;1031;;;;;;;0;;;;2258;ЛОЖЬ;0;;;;;;;;;;;;;;Undefined;;;;;;;;;;;;ЛОЖЬ;ИСТИНА;;;;;;;;;;;;;;;;;;;;;;;;;;;;
M;123_2346_1;;;;;MOS C-9302001BX ENABLED;;ЛОЖЬ;ЛОЖЬ;;2346;;;;;;;0;;;;1605;ЛОЖЬ;0;;;;;;;1=ENABLED;;;;;;;Undefined;491;3428;;;;;;;;;;ЛОЖЬ;;;;;;;;;;;;;;;;;;;;;;;;;;;;;
DO;93LALL413_2;;COM;;;;No;ИСТИНА;ЛОЖЬ;;258;;;;;;;0;;;;71;ЛОЖЬ;38001;None;;;;;;0=TRIP;;;;;;;Undefined;;;;;;;;;;;;ЛОЖЬ;ИСТИНА;;;;;;;;;;;;;;;;;Output;EPKS_CCB;ESD_932_1;936;;;;;;;;
M;528_813_3;;;;;93PDAH829_PERM;;ЛОЖЬ;ЛОЖЬ;;813;;;;;;;0;;;;4044;ЛОЖЬ;0;;;;;;;0=ALARM;;;;;;;Undefined;;;;;;;;;;;;ЛОЖЬ;ИСТИНА;;;;;;;;;;;;;;;;;;;;;;;;;;;;
R;2495_D;;;;;RESULT;;ЛОЖЬ;ЛОЖЬ;;2495;;Float;;;;;0;;;;160;ЛОЖЬ;0;;;;;;;;;;;;;;Undefined;491;3428;;;;;;;;;;ЛОЖЬ;;;;;;;;;;;;;;;;;;;;;;;;;;;;;
DO;93LALL427;;COM;930-20;A_93020;HYD GAS COND  B9302002B;No;ИСТИНА;ЛОЖЬ;;274;;;;;;;0;;;;444;ИСТИНА;37205;None;;;;;;0=TRIP;;;;;;;Undefined;491;3428;;;;;;;;;;ЛОЖЬ;;;;;;;;;;;;;;;;;;Output;EPKS_CCB;ESD_932_1;524;;;;;;;;
M;536_9;;;;;;;ЛОЖЬ;ЛОЖЬ;;536;;;;;;;0;;;;4062;ЛОЖЬ;0;;;;;;;;;;;;;;Undefined;;;;;;;;;;;;ЛОЖЬ;ИСТИНА;;;;;;;;;;;;;;;;;;;;;;;;;;;;
T;378_2;;;;;;;ЛОЖЬ;ЛОЖЬ;;378;;;;;;;;100 ms;5;;696;ЛОЖЬ;0;;;;;;;;;;;;;;Undefined;;;Delayed OFF with constant timer value;;;;;;;;;ЛОЖЬ;ИСТИНА;;;;;;;;;;;;;;;;;;;;;;;;;;;;
DO;93TAHH482;;COM;930-20;A_93020;GAS B9302002A C9302001AX;No;ИСТИНА;ЛОЖЬ;;230;;;;;;;0;;;;202;ИСТИНА;37206;None;;;;;;0=TRIP;;;;;;;Undefined;491;3428;;;;;;;;;;ЛОЖЬ;;;;;;;;;;;;;;;;;;Output;EPKS_CCB;ESD_932_1;703;;;;;;;;
M;284_8;;;;;;;ЛОЖЬ;ЛОЖЬ;;284;;;;;;;0;;;;3806;ЛОЖЬ;0;;;;;;;;;;;;;;Undefined;;;;;;;;;;;;ЛОЖЬ;ИСТИНА;;;;;;;;;;;;;;;;;;;;;;;;;;;;
M;1029_1;;;;;;;ЛОЖЬ;ЛОЖЬ;;1029;;;;;;;0;;;;2251;ЛОЖЬ;0;;;;;;;;;;;;;;Undefined;;;;;;;;;;;;ЛОЖЬ;ИСТИНА;;;;;;;;;;;;;;;;;;;;;;;;;;;;
DO;93LAHH425;;COM;930-20;A_93020;HYD GAS COND  B9302002A;No;ИСТИНА;ЛОЖЬ;;272;;;;;;;0;;;;240;ИСТИНА;37207;None;;;;;;0=TRIP;;;;;;;Undefined;491;3428;;;;;;;;;;ЛОЖЬ;;;;;;;;;;;;;;;;;;Output;EPKS_CCB;ESD_932_1;479;;;;;;;;
M;1045_3;;;;;;;ЛОЖЬ;ЛОЖЬ;;1045;;;;;;;0;;;;2497;ЛОЖЬ;0;;;;;;;;;;;;;;Undefined;;;;;;;;;;;;ЛОЖЬ;ИСТИНА;;;;;;;;;;;;;;;;;;;;;;;;;;;;
DO;93TAHH809;;COM;930-20;A_C93021;C9302001BX COOL H2O CYL2;No;ИСТИНА;ЛОЖЬ;;548;;;;;;;0;;;;1149;ИСТИНА;37208;None;;;;;;0=TRIP;;;;;;;Undefined;491;3428;;;;;;;;;;ЛОЖЬ;;;;;;;;;;;;;;;;;;Output;EPKS_CCB;ESD_932_1;733;;;;;;;;
M;C714_5_E;;;;;Function block marker;;ЛОЖЬ;ЛОЖЬ;;714;;;;;;;0;;;;4267;ЛОЖЬ;0;;;;;;;;;;;;;;Undefined;;;;;;;;;;;;ЛОЖЬ;ИСТИНА;;;;;;;;;;;;;;;;;;;;;;;;;;;;
M;C254_7_E;;;;;Function block marker;;ЛОЖЬ;ЛОЖЬ;;254;;;;;;;0;;;;3896;ЛОЖЬ;0;;;;;;;;;;;;;;Undefined;;;;;;;;;;;;ЛОЖЬ;ИСТИНА;;;;;;;;;;;;;;;;;;;;;;;;;;;;
M;634_1;;;;;;;ЛОЖЬ;ЛОЖЬ;;634;;;;;;;0;;;;1215;ЛОЖЬ;0;;;;;;;;;;;;;;Undefined;491;3428;;;;;;;;;;ЛОЖЬ;;;;;;;;;;;;;;;;;;;;;;;;;;;;;
M;1049_1051_1;;;;;FIRST OUT SEQUENCE;;ЛОЖЬ;ЛОЖЬ;;1051;;;;;;;0;;;;2509;ЛОЖЬ;0;;;;;;;1=FU ALARM;;;;;;;Undefined;;;;;;;;;;;;ЛОЖЬ;ИСТИНА;;;;;;;;;;;;;;;;;;;;;;;;;;;;
M;312_3;;;;;;;ЛОЖЬ;ЛОЖЬ;;312;;;;;;;0;;;;1713;ЛОЖЬ;0;;;;;;;;;;;;;;Undefined;491;3428;;;;;;;;;;ЛОЖЬ;;;;;;;;;;;;;;;;;;;;;;;;;;;;;
M;236_7;;;;;;;ЛОЖЬ;ЛОЖЬ;;236;;;;;;;0;;;;3790;ЛОЖЬ;0;;;;;;;;;;;;;;Undefined;;;;;;;;;;;;ЛОЖЬ;ИСТИНА;;;;;;;;;;;;;;;;;;;;;;;;;;;;
M;1029_4;;;;;;;ЛОЖЬ;ЛОЖЬ;;1029;;;;;;;0;;;;2254;ЛОЖЬ;0;;;;;;;;;;;;;;Undefined;;;;;;;;;;;;ЛОЖЬ;ИСТИНА;;;;;;;;;;;;;;;;;;;;;;;;;;;;
M;2470_J;;;;;Out 3;;ЛОЖЬ;ЛОЖЬ;;2470;;;;;;;0;;;;152;ЛОЖЬ;0;;;;;;;;;;;;;;Undefined;491;3428;;;;;;;;;;ЛОЖЬ;;;;;;;;;;;;;;;;;;;;;;;;;;;;;
AI;93PI827A;;FLD;;;C-9302001BX PRESS CRANK;Yes;ИСТИНА;ЛОЖЬ;;538;ИСТИНА;Float;4-20mA;0;1;MPa;;;;;884;ЛОЖЬ;38563;;None;None;None;None;;;;;;;;;-XXXXX.X;3.64;22;;20.05;17;1;1;Top scale;;;;ЛОЖЬ;ИСТИНА;ЛОЖЬ;;;;;;;;;;;;;;;;Output;EPKS_CCB;ESD_932_1;10383;;;;;;;;
M;388_162_1;;;;;93TT784;;ЛОЖЬ;ЛОЖЬ;;162;;;;;;;0;;;;798;ЛОЖЬ;0;;;;;;;1=MO CONFIRMED;;;;;;;Undefined;491;3428;;;;;;;;;;ЛОЖЬ;;;;;;;;;;;;;;;;;;;;;;;;;;;;;
M;358_410_2;;;;;93PDAHH780_I;;ЛОЖЬ;ЛОЖЬ;;410;;;;;;;0;;;;611;ЛОЖЬ;0;;;;;;;0=TRIP INITIATOR;;;;;;;Undefined;491;3428;;;;;;;;;;ЛОЖЬ;;;;;;;;;;;;;;;;;;;;;;;;;;;;;
DO;93PI088_TF;;COM;930-20;A_93020;TRANSM. FAIL;No;ИСТИНА;ЛОЖЬ;;310;;;;;;;0;;;;1710;ИСТИНА;37831;None;;;;;;0=FAIL;;;;;;;Undefined;491;3428;;;;;;;;;;ЛОЖЬ;;;;;;;;;;;;;;;;;;Output;EPKS_CCB;ESD_932_1;526;;;;;;;;
M;2456_L;;;;;Trip 12;;ЛОЖЬ;ЛОЖЬ;;2456;;;;;;;0;;;;111;ЛОЖЬ;0;;;;;;;;;;;;;;Undefined;491;3428;;;;;;;;;;ЛОЖЬ;;;;;;;;;;;;;;;;;;;;;;;;;;;;;
M;C535_3_G;;;;;Function block marker;;ЛОЖЬ;ЛОЖЬ;;535;;;;;;;0;;;;4466;ЛОЖЬ;0;;;;;;;;;;;;;;Undefined;;;;;;;;;;;;ЛОЖЬ;ИСТИНА;;;;;;;;;;;;;;;;;;;;;;;;;;;;
M;448_8;;;;;;;ЛОЖЬ;ЛОЖЬ;;448;;;;;;;0;;;;1788;ЛОЖЬ;0;;;;;;;;;;;;;;Undefined;491;3428;;;;;;;;;;ЛОЖЬ;;;;;;;;;;;;;;;;;;;;;;;;;;;;;
M;700_8;;;;;;;ЛОЖЬ;ЛОЖЬ;;700;;;;;;;0;;;;4163;ЛОЖЬ;0;;;;;;;;;;;;;;Undefined;;;;;;;;;;;;ЛОЖЬ;ИСТИНА;;;;;;;;;;;;;;;;;;;;;;;;;;;;
BO;93TI811_HH;;COM;930-20;A_C93021;HH TRIP SETPOINT (°C);No;ИСТИНА;ЛОЖЬ;;550;;Float;;;;;0;;;;484;;38141;;;;;;;;;0;0;;;;-XXXXX.X;491;3428;;;;;;;;;;ЛОЖЬ;;;;;;;;;;;;;;;;;;Output;EPKS_CCB;ESD_932_1;10262;;;;;;;;
M;C270_3_G;;;;;Function block marker;;ЛОЖЬ;ЛОЖЬ;;270;;;;;;;0;;;;3604;ЛОЖЬ;0;;;;;;;;;;;;;;Undefined;;;;;;;;;;;;ЛОЖЬ;ИСТИНА;;;;;;;;;;;;;;;;;;;;;;;;;;;;
M;C350_1_B;;;;;Function block marker;;ЛОЖЬ;ЛОЖЬ;;350;;;;;;;0;;;;1394;ЛОЖЬ;0;;;;;;;;;;;;;;Undefined;491;3428;;;;;;;;;;ЛОЖЬ;;;;;;;;;;;;;;;;;;;;;;;;;;;;;
M;792_796_1;;;;;CAPACITY 25%;;ЛОЖЬ;ЛОЖЬ;;796;;;;;;;0;;;;631;ЛОЖЬ;0;;;;;;;1=ACTIVE;;;;;;;Undefined;491;3428;;;;;;;;;;ЛОЖЬ;;;;;;;;;;;;;;;;;;;;;;;;;;;;;
M;268_7;;;;;;;ЛОЖЬ;ЛОЖЬ;;268;;;;;;;0;;;;3802;ЛОЖЬ;0;;;;;;;;;;;;;;Undefined;;;;;;;;;;;;ЛОЖЬ;ИСТИНА;;;;;;;;;;;;;;;;;;;;;;;;;;;;
M;2345_1;;;;;;;ЛОЖЬ;ЛОЖЬ;;2345;;;;;;;0;;;;1604;ЛОЖЬ;0;;;;;;;;;;;;;;Undefined;491;3428;;;;;;;;;;ЛОЖЬ;;;;;;;;;;;;;;;;;;;;;;;;;;;;;
DI;93PDI781_MOR;;COM;930-20;A_C93021;MO REQUEST;No;ИСТИНА;ИСТИНА;;360;;;;;;;0;;;;2896;ЛОЖЬ;37209;None;;;;;;1=REQUEST;;;;;;;Undefined;491;3428;;;;;;Freeze;;;;ЛОЖЬ;;;;ЛОЖЬ;;;;;;;;;;;;;;Input;EPKS_CCB;ESD_932_1;65;;;;;;;;
M;543_813_2;;;;;93TAL808_PERM;;ЛОЖЬ;ЛОЖЬ;;813;;;;;;;0;;;;4042;ЛОЖЬ;0;;;;;;;0=ALARM;;;;;;;Undefined;;;;;;;;;;;;ЛОЖЬ;ИСТИНА;;;;;;;;;;;;;;;;;;;;;;;;;;;;
M;C538_7_G;;;;;Function block marker;;ЛОЖЬ;ЛОЖЬ;;538;;;;;;;0;;;;305;ЛОЖЬ;0;;;;;;;;;;;;;;Undefined;;;;;;;;;;;;ЛОЖЬ;ИСТИНА;;;;;;;;;;;;;;;;;;;;;;;;;;;;
AI;93LI429;;FLD;930-20;A_93020;HYDROC GAS CON B9302002C;Yes;ИСТИНА;ЛОЖЬ;;278;ИСТИНА;Float;4-20mA;0;100;%;;;;;288;ЛОЖЬ;37740;;None;None;None;None;;;;-25;-25;;;;-XXXXX.X;3.64;22;;20.04;5;5;1;Bottom scale;;;;ЛОЖЬ;;ЛОЖЬ;;;;;;;;;;;;;;;;Output;EPKS_CCB;ESD_932_1;10092;;;;;;;;
DO;93PI814_MOC;;COM;930-20;A_C93021;MO CONFIRMED;No;ИСТИНА;ЛОЖЬ;;532;;;;;;;0;;;;1113;ИСТИНА;37211;None;;;;;;1=CONFIRMED;;;;;;;Undefined;491;3428;;;;;;;;;;ЛОЖЬ;;;;;;;;;;;;;;;;;;Output;EPKS_CCB;ESD_932_1;681;;;;;;;;
DO;IB932_RESET_ELD_C;;CAB;A_93020;;RESET ELD CONFIRMED;Yes;ЛОЖЬ;ЛОЖЬ;;19;;;;;;;0;;;;186;ЛОЖЬ;0;None;;;;;;1=RESET;1=RESET;;;;;;Undefined;;;;20.06;13;3;1;Appl;;;;ЛОЖЬ;ИСТИНА;;;;;;;;;;;;;;;;;Output;EPKS_CCB;ESD_932_1;1464;;;;;;;;
AI;VM 20.04/9/17;;SYS;;;;Yes;ЛОЖЬ;;;0;ИСТИНА;Float;0-5V (VM);0;100;;;;;;472;ЛОЖЬ;0;;None;None;None;None;;;;;;;;;-XXXXX.X;2.5;3.9;;20.04;9;17;1;Scan;;;;ЛОЖЬ;;;;;;;;;;;;;;;;;;;;;;;;;;;;;
M;C564_4_D;;;;;Function block marker;;ЛОЖЬ;ЛОЖЬ;;564;;;;;;;0;;;;3730;ЛОЖЬ;0;;;;;;;;;;;;;;Undefined;;;;;;;;;;;;ЛОЖЬ;ИСТИНА;;;;;;;;;;;;;;;;;;;;;;;;;;;;
M;362_810_5;;;;;93PAH765_PERM;;ЛОЖЬ;ЛОЖЬ;;810;;;;;;;0;;;;3639;ЛОЖЬ;0;;;;;;;0=ALARM;;;;;;;Undefined;;;;;;;;;;;;ЛОЖЬ;ИСТИНА;;;;;;;;;;;;;;;;;;;;;;;;;;;;
DO;93TAHH828_CA;;COM;;;CAUSE ALARM;No;ЛОЖЬ;ЛОЖЬ;;560;;;;;;;0;;;;3337;ЛОЖЬ;0;None;;;;;;0=ALARM;0=ALARM;;;;;;Undefined;;;;;;;;;;;;ЛОЖЬ;ИСТИНА;;;;;;;;;;;;;;;;;Output;EPKS_CCB;ESD_932_1;1232;;;;;;;;
DO;93FI429_TF;;COM;930-20;A_C93021;TRANSM. FAIL;No;ЛОЖЬ;ЛОЖЬ;;254;;;;;;;0;;;;3759;ИСТИНА;38463;None;;;;;;0=ALARM;0=ALARM;;;;;;Undefined;;;;;;;;;;;;ЛОЖЬ;ИСТИНА;;;;;;;;;;;;;;;;;Output;EPKS_CCB;ESD_932_1;1303;;;;;;;;
M;1029_1031_1;;;;;FIRST OUT SEQUENCE;;ЛОЖЬ;ЛОЖЬ;;1031;;;;;;;0;;;;2280;ЛОЖЬ;0;;;;;;;1=FU ALARM;;;;;;;Undefined;;;;;;;;;;;;ЛОЖЬ;ИСТИНА;;;;;;;;;;;;;;;;;;;;;;;;;;;;
M;394_9;;;;;;;ЛОЖЬ;ЛОЖЬ;;394;;;;;;;0;;;;3659;ЛОЖЬ;0;;;;;;;;;;;;;;Undefined;;;;;;;;;;;;ЛОЖЬ;ИСТИНА;;;;;;;;;;;;;;;;;;;;;;;;;;;;
M;246_276_2;;;;;93FALL422_I;;ЛОЖЬ;ЛОЖЬ;;276;;;;;;;0;;;;317;ЛОЖЬ;0;;;;;;;0=TRIP INITIATOR;;;;;;;Undefined;491;3428;;;;;;;;;;ЛОЖЬ;;;;;;;;;;;;;;;;;;;;;;;;;;;;;
DO;93PDAHH880_FU;;COM;930-20;A_C93021;C9302001CX DPRS GAS CYL1;No;ИСТИНА;ЛОЖЬ;;1039;;;;;;;0;;;;2581;ЛОЖЬ;38303;None;;;;;;1=FIRST;;;;;;;Undefined;;;;;;;;;;;;ЛОЖЬ;ИСТИНА;;;;;;;;;;;;;;;;;Output;EPKS_CCB;ESD_932_1;1144;;;;;;;;
M;C280_2_E;;;;;Function block marker;;ЛОЖЬ;ЛОЖЬ;;280;;;;;;;0;;;;3587;ЛОЖЬ;0;;;;;;;;;;;;;;Undefined;;;;;;;;;;;;ЛОЖЬ;ИСТИНА;;;;;;;;;;;;;;;;;;;;;;;;;;;;
DO;93PALL814_CA;;COM;;;CAUSE ALARM;No;ИСТИНА;ЛОЖЬ;;533;;;;;;;0;;;;1037;ЛОЖЬ;37821;None;;;;;;0=ALARM;;;;;;;Undefined;491;3428;;;;;;;;;;ЛОЖЬ;;;;;;;;;;;;;;;;;;Output;EPKS_CCB;ESD_932_1;622;;;;;;;;
DO;93PAHH776_FU;;COM;930-20;A_C93021;C9302001AX PRS OIL CKC;No;ИСТИНА;ЛОЖЬ;;1007;;;;;;;0;;;;2198;ЛОЖЬ;38224;None;;;;;;1=FIRST;;;;;;;Undefined;;;;;;;;;;;;ЛОЖЬ;ИСТИНА;;;;;;;;;;;;;;;;;Output;EPKS_CCB;ESD_932_1;1065;;;;;;;;
M;C720_5_E;;;;;Function block marker;;ЛОЖЬ;ЛОЖЬ;;720;;;;;;;0;;;;4246;ЛОЖЬ;0;;;;;;;;;;;;;;Undefined;;;;;;;;;;;;ЛОЖЬ;ИСТИНА;;;;;;;;;;;;;;;;;;;;;;;;;;;;
DO;93TAHH758_CA;;COM;;;CAUSE ALARM;No;ЛОЖЬ;ЛОЖЬ;;378;;;;;;;0;;;;3304;ЛОЖЬ;0;None;;;;;;0=ALARM;0=ALARM;;;;;;Undefined;;;;;;;;;;;;ЛОЖЬ;ИСТИНА;;;;;;;;;;;;;;;;;Output;EPKS_CCB;ESD_932_1;1199;;;;;;;;
T;363_5;;;;;;;ЛОЖЬ;ЛОЖЬ;;363;;;;;;;;100 ms;5;;76;ЛОЖЬ;0;;;;;;;;;;;;;;Undefined;;;Delayed OFF with constant timer value;;;;;;;;;ЛОЖЬ;ИСТИНА;;;;;;;;;;;;;;;;;;;;;;;;;;;;
AI;93LI422;;FLD;930-20;A_93020;L. B-9302001C;Yes;ИСТИНА;ЛОЖЬ;;268;ИСТИНА;Float;4-20mA;0;100;%;;;;;264;ЛОЖЬ;38436;;None;None;None;None;;;;;;;;;-XXXXX.X;3.64;22;;20.04;3;16;1;Bottom scale;;;;ЛОЖЬ;ИСТИНА;ЛОЖЬ;;;;;;;;;;;;;;;;Output;EPKS_CCB;ESD_932_1;10313;;;;;;;;
DO;93XY456;;MCC;930-20;A_93020;AUTO CLOSURE 93XV456;Yes;ИСТИНА;ЛОЖЬ;;274;;;;;;;0;;;;92;ЛОЖЬ;37212;None;;;;;;1=CLOSE;;;;;;;Undefined;491;3428;;20.06;1;5;1;Appl;;;;ЛОЖЬ;;;;;;;;;;;;;;;;;;;;;;;;;;;;;
AI;93PI834;;FLD;930-20;A_C93021;C9302001BX PURGE GAS SUP;Yes;ИСТИНА;ЛОЖЬ;;540;ИСТИНА;Float;4-20mA;0;1.6;MPa-g;;;;;448;ЛОЖЬ;37861;;None;None;None;None;;;;-0.4;-0.4;;;;-XXXXX.X;3.64;22;;20.04;9;11;1;Bottom scale;;;;ЛОЖЬ;;ЛОЖЬ;;;;;;;;;;;;;;;;Output;EPKS_CCB;ESD_932_1;10122;;;;;;;;
T;131_1;;;;;;;ЛОЖЬ;ЛОЖЬ;;131;;;;;;;;1 s;30;;104;ЛОЖЬ;0;;;;;;;;;;;;;;Undefined;491;3428;Delayed OFF with constant timer value;;;;;;;;;ЛОЖЬ;;;;;;;;;;;;;;;;;;;;;;;;;;;;;
M;1049_9;;;;;;;ЛОЖЬ;ЛОЖЬ;;1049;;;;;;;0;;;;3698;ЛОЖЬ;0;;;;;;;;;;;;;;Undefined;;;;;;;;;;;;ЛОЖЬ;ИСТИНА;;;;;;;;;;;;;;;;;;;;;;;;;;;;
M;C363_3_F;;;;;Function block marker;;ЛОЖЬ;ЛОЖЬ;;363;;;;;;;0;;;;4627;ЛОЖЬ;0;;;;;;;;;;;;;;Undefined;;;;;;;;;;;;ЛОЖЬ;ИСТИНА;;;;;;;;;;;;;;;;;;;;;;;;;;;;
M;430_634_4;;;;;CW COMMON TRIP;;ЛОЖЬ;ЛОЖЬ;;634;;;;;;;0;;;;833;ЛОЖЬ;0;;;;;;;0=TRIP;;;;;;;Undefined;491;3428;;;;;;;;;;ЛОЖЬ;;;;;;;;;;;;;;;;;;;;;;;;;;;;;
DO;93LI752A_TF;;COM;;;TRANSM FAULT;No;ЛОЖЬ;ЛОЖЬ;;354;;;;;;;0;;;;1590;ИСТИНА;38562;None;;;;;;0=ALARM;0=ALARM;;;;;;Undefined;;;;;;;;;;;;ЛОЖЬ;ИСТИНА;;;;;;;;;;;;;;;;;Output;EPKS_CCB;ESD_932_1;1368;;;;;;;;
M;534_1023_2;;;;;93PAHH819_I;;ЛОЖЬ;ЛОЖЬ;;1023;;;;;;;0;;;;2299;ЛОЖЬ;0;;;;;;;0=TRIP INITIATOR;;;;;;;Undefined;;;;;;;;;;;;ЛОЖЬ;ИСТИНА;;;;;;;;;;;;;;;;;;;;;;;;;;;;
M;C564_1_C;;;;;Function block marker;;ЛОЖЬ;ЛОЖЬ;;564;;;;;;;0;;;;1454;ЛОЖЬ;0;;;;;;;;;;;;;;Undefined;491;3428;;;;;;;;;;ЛОЖЬ;;;;;;;;;;;;;;;;;;;;;;;;;;;;;
M;532_3;;;;;;;ЛОЖЬ;ЛОЖЬ;;532;;;;;;;0;;;;1123;ЛОЖЬ;0;;;;;;;;;;;;;;Undefined;491;3428;;;;;;;;;;ЛОЖЬ;;;;;;;;;;;;;;;;;;;;;;;;;;;;;
BO;93TI828_H;;COM;;;HI ALARM SETPOINT;No;ЛОЖЬ;ЛОЖЬ;;560;;Float;;;;;0;;;;2032;;0;;None;None;None;None;;;;;;;;;-XXXXX.X;;;;;;;;;;;;ЛОЖЬ;ИСТИНА;;;;;;;;;;;;;;;;;Output;EPKS_CCB;ESD_932_1;10425;;;;;;;;
M;520_7;;;;;;;ЛОЖЬ;ЛОЖЬ;;520;;;;;;;0;;;;4101;ЛОЖЬ;0;;;;;;;;;;;;;;Undefined;;;;;;;;;;;;ЛОЖЬ;ИСТИНА;;;;;;;;;;;;;;;;;;;;;;;;;;;;
DO;93XA492PERM_P;;COM;;;PERMISSION ALARM;No;ИСТИНА;ЛОЖЬ;;810;;;;;;;0;;;;409;ЛОЖЬ;37986;None;;;;;;1=ACTIVE;;;;;;;Undefined;491;3428;;;;;;;;;;ЛОЖЬ;;;;;;;;;;;;;;;;;;;;;;;;;;Output;CC_CCB_1;ESD_932_1;33
DI;93HS863_P;;COM;;;LAMP TEST;No;ИСТИНА;ИСТИНА;;784;;;;;;;0;;;;1652;ИСТИНА;37488;None;;;;;;1=LAMP ON;;;;;;;Undefined;491;3428;;;;;;Low;;;;ЛОЖЬ;;;;ЛОЖЬ;;;;;;;;;;Input;CC_CCB_2;ESD_932_1;21;Output;EPKS_CCB;ESD_932_1;2021;;;;;;;;
DO;93PI477_TF;;COM;930-20;A_93020;TRANSM. FAIL;No;ИСТИНА;ЛОЖЬ;;242;;;;;;;0;;;;273;ИСТИНА;37214;None;;;;;;0=FAIL;;;;;;;Undefined;491;3428;;;;;;;;;;ЛОЖЬ;;;;;;;;;;;;;;;;;;Output;EPKS_CCB;ESD_932_1;670;;;;;;;;
AI;93TI885;;FLD;;;C-9302001CX COOL H2O OIL;Yes;ИСТИНА;ЛОЖЬ;;722;ИСТИНА;Float;4-20mA;-50;100;°C;;;;;796;ЛОЖЬ;38561;;None;None;None;None;;;;;;;;;-XXXXX.X;3.76;21;;20.04;17;13;1;Top scale;;;;ЛОЖЬ;ИСТИНА;ЛОЖЬ;;;;;;;;;;;;;;;;Output;EPKS_CCB;ESD_932_1;10370;;;;;;;;
DO;93LALL436_CA;;COM;930-20;A_93020;CAUSE ALARM;No;ИСТИНА;ЛОЖЬ;;288;;;;;;;0;;;;472;ЛОЖЬ;37215;None;;;;;;0=ALARM;;;;;;;Undefined;491;3428;;;;;;;;;;ЛОЖЬ;;;;;;;;;;;;;;;;;;Output;EPKS_CCB;ESD_932_1;534;;;;;;;;
DO;93TAHH867A_P;;COM;930-20;A_C93021;INDICATION LIGHT;No;ИСТИНА;ЛОЖЬ;;718;;;;;;;0;;;;1687;ЛОЖЬ;37987;None;;;;;;1=ACTIVE;;;;;;;Undefined;491;3428;;;;;;;;;;ЛОЖЬ;;;;;;;;;;;;;;Output;CC_CCB_2;ESD_932_1;52;;;;;;;;;;;;
DO;93VSHH852_MOC;;COM;930-20;A_C93021;MO CONFIRMED;No;ЛОЖЬ;ЛОЖЬ;;728;;;;;;;0;;;;2704;ИСТИНА;38393;None;;;;;;1=CONFIRMED;;;;;;;Undefined;;;;;;;;;;;;ЛОЖЬ;ИСТИНА;;;;;;;;;;;;;;;;;Output;EPKS_CCB;ESD_932_1;1187;;;;;;;;
M;326_260_1;;;;;SHUTTER 93XV424- OPEN;;ЛОЖЬ;ЛОЖЬ;;260;;;;;;;0;;;;2044;ЛОЖЬ;0;;;;;;;1=OVERRIDE;;;;;;;Undefined;491;3428;;;;;;;;;;ЛОЖЬ;;;;;;;;;;;;;;;;;;;;;;;;;;;;;
DO;93PI771_TF;;COM;930-20;A_C93021;TRANSM. FAIL;No;ИСТИНА;ЛОЖЬ;;366;;;;;;;0;;;;676;ИСТИНА;37216;None;;;;;;0=FAIL;;;;;;;Undefined;491;3428;;;;;;;;;;ЛОЖЬ;;;;;;;;;;;;;;;;;;Output;EPKS_CCB;ESD_932_1;676;;;;;;;;
AI;93TI858;;FLD;;;C9302001CX COOL H2O CYL2;Yes;ИСТИНА;ЛОЖЬ;;712;ИСТИНА;Float;4-20mA;-50;100;°C;;;;;776;ЛОЖЬ;38560;;None;None;None;None;;;;;;;;;-XXXXX.X;3.76;21;;20.04;17;8;1;Top scale;;;;ЛОЖЬ;ИСТИНА;ЛОЖЬ;;;;;;;;;;;;;;;;Output;EPKS_CCB;ESD_932_1;10365;;;;;;;;
M;C1017_1_I;;;;;Function block marker;;ЛОЖЬ;ЛОЖЬ;;1017;;;;;;;0;;;;2420;ЛОЖЬ;0;;;;;;;;;;;;;;Undefined;;;;;;;;;;;;ЛОЖЬ;ИСТИНА;;;;;;;;;;;;;;;;;;;;;;;;;;;;
DO;93FAL854;;COM;;;LO ALARM;No;ЛОЖЬ;ЛОЖЬ;;684;;;;;;;0;;;;4127;ЛОЖЬ;0;None;;;;;;0=ALARM;0=ALARM;;;;;;Undefined;;;;;;;;;;;;ЛОЖЬ;ИСТИНА;;;;;;;;;;;;;;;;;Output;EPKS_CCB;ESD_932_1;1447;;;;;;;;
M;C798_1;;;;;Compiler marker (184, 6);;ЛОЖЬ;ЛОЖЬ;;798;;;;;;;0;;;;573;ЛОЖЬ;0;;;;;;;;;;;;;;Undefined;491;3428;;;;;;;;;;ЛОЖЬ;;;;;;;;;;;;;;;;;;;;;;;;;;;;;
AI;93PI826;;FLD;;;C-9302001BX PRESS CRANK;Yes;ИСТИНА;ЛОЖЬ;;538;ИСТИНА;Float;4-20mA;0;1;MPa-g;;;;;436;ЛОЖЬ;37953;;None;None;None;None;;;;-0.25;-0.25;;;;-XXXXX.X;3.64;22;;20.04;9;8;1;Bottom scale;;;;ЛОЖЬ;;ЛОЖЬ;;;;;;;;;;;;;;;;Output;EPKS_CCB;ESD_932_1;10121;;;;;;;;
DO;93FALL428;;COM;930-20;A_C93021;H2O COOL C9302001BX;No;ИСТИНА;ЛОЖЬ;;252;;;;;;;0;;;;322;ИСТИНА;37218;None;;;;;;0=TRIP;;;;;;;Undefined;491;3428;;;;;;;;;;ЛОЖЬ;;;;;;;;;;;;;;;;;;Output;EPKS_CCB;ESD_932_1;425;;;;;;;;
M;C262_3_G;;;;;Function block marker;;ЛОЖЬ;ЛОЖЬ;;262;;;;;;;0;;;;3616;ЛОЖЬ;0;;;;;;;;;;;;;;Undefined;;;;;;;;;;;;ЛОЖЬ;ИСТИНА;;;;;;;;;;;;;;;;;;;;;;;;;;;;
M;320_9;;;;;;;ЛОЖЬ;ЛОЖЬ;;320;;;;;;;0;;;;4033;ЛОЖЬ;0;;;;;;;;;;;;;;Undefined;;;;;;;;;;;;ЛОЖЬ;ИСТИНА;;;;;;;;;;;;;;;;;;;;;;;;;;;;
M;C1029_1_I;;;;;Function block marker;;ЛОЖЬ;ЛОЖЬ;;1029;;;;;;;0;;;;2390;ЛОЖЬ;0;;;;;;;;;;;;;;Undefined;;;;;;;;;;;;ЛОЖЬ;ИСТИНА;;;;;;;;;;;;;;;;;;;;;;;;;;;;
M;C260_1_B;;;;;Function block marker;;ЛОЖЬ;ЛОЖЬ;;260;;;;;;;0;;;;1381;ЛОЖЬ;0;;;;;;;;;;;;;;Undefined;491;3428;;;;;;;;;;ЛОЖЬ;;;;;;;;;;;;;;;;;;;;;;;;;;;;;
M;C798_2_C;;;;;Function block marker;;ЛОЖЬ;ЛОЖЬ;;798;;;;;;;0;;;;1021;ЛОЖЬ;0;;;;;;;;;;;;;;Undefined;491;3428;;;;;;;;;;ЛОЖЬ;;;;;;;;;;;;;;;;;;;;;;;;;;;;;
DO;93HA552;;COM;930-20;A_93020;ALARM;No;ИСТИНА;ЛОЖЬ;;292;;;;;;;0;;;;383;ИСТИНА;37822;None;;;;;;0=TRIP;;;;;;;Undefined;491;3428;;;;;;;;;;ЛОЖЬ;;;;;;;;;;;;;;;;;;Output;EPKS_CCB;ESD_932_1;471;;;;;;;;
DI;93HS860_P;;COM;930-20;A_C93021;RESET PUSH BUTTON;No;ИСТИНА;ИСТИНА;;798;;;;;;;0;;;;1643;ИСТИНА;37487;None;;;;;;1=RESET;;;;;;;Undefined;491;3428;;;;;;Low;;;;ЛОЖЬ;;;;ЛОЖЬ;;;;;;;;;;Input;CC_CCB_2;ESD_932_1;12;Output;EPKS_CCB;ESD_932_1;2020;;;;;;;;
T;540_6;;;;;;;ЛОЖЬ;ЛОЖЬ;;540;;;;;;;;100 ms;5;;1320;ЛОЖЬ;0;;;;;;;;;;;;;;Undefined;;;Delayed OFF with constant timer value;;;;;;;;;ЛОЖЬ;ИСТИНА;;;;;;;;;;;;;;;;;;;;;;;;;;;;
M;352_811_2;;;;;93FAL755_PERM;;ЛОЖЬ;ЛОЖЬ;;811;;;;;;;0;;;;4025;ЛОЖЬ;0;;;;;;;0=ALARM;;;;;;;Undefined;;;;;;;;;;;;ЛОЖЬ;ИСТИНА;;;;;;;;;;;;;;;;;;;;;;;;;;;;
T;280_2;;;;;;;ЛОЖЬ;ЛОЖЬ;;280;;;;;;;;100 ms;5;;888;ЛОЖЬ;0;;;;;;;;;;;;;;Undefined;;;Delayed OFF with constant timer value;;;;;;;;;ЛОЖЬ;ИСТИНА;;;;;;;;;;;;;;;;;;;;;;;;;;;;
M;C388_4_B;;;;;Function block marker;;ЛОЖЬ;ЛОЖЬ;;388;;;;;;;0;;;;4550;ЛОЖЬ;0;;;;;;;;;;;;;;Undefined;;;;;;;;;;;;ЛОЖЬ;ИСТИНА;;;;;;;;;;;;;;;;;;;;;;;;;;;;
M;522_638_3;;;;;93FALL805_I (AFTER OOS);;ЛОЖЬ;ЛОЖЬ;;638;;;;;;;0;;;;747;ЛОЖЬ;0;;;;;;;0=TRIP;;;;;;;Undefined;491;3428;;;;;;;;;;ЛОЖЬ;;;;;;;;;;;;;;;;;;;;;;;;;;;;;
R;372_373_4;;;;;93TI752;;ЛОЖЬ;ЛОЖЬ;;373;;Float;;;;;0;;;;2140;ЛОЖЬ;0;;;;;;;;;;;;;;Undefined;;;;;;;;;;;;ЛОЖЬ;ИСТИНА;;;;;;;;;;;;;;;;;;;;;;;;;;;;
M;C534_5_G;;;;;Function block marker;;ЛОЖЬ;ЛОЖЬ;;534;;;;;;;0;;;;3483;ЛОЖЬ;0;;;;;;;;;;;;;;Undefined;;;;;;;;;;;;ЛОЖЬ;ИСТИНА;;;;;;;;;;;;;;;;;;;;;;;;;;;;
M;C692_6_E;;;;;Function block marker;;ЛОЖЬ;ЛОЖЬ;;692;;;;;;;0;;;;4349;ЛОЖЬ;0;;;;;;;;;;;;;;Undefined;;;;;;;;;;;;ЛОЖЬ;ИСТИНА;;;;;;;;;;;;;;;;;;;;;;;;;;;;
AI;VM 20.04/17/17;;SYS;;;;Yes;ЛОЖЬ;;;0;ИСТИНА;Float;0-5V (VM);0;100;;;;;;812;ЛОЖЬ;0;;None;None;None;None;;;;;;;;;Undefined;2.5;3.9;;20.04;17;17;1;Scan;;;;ЛОЖЬ;ИСТИНА;;;;;;;;;;;;;;;;;;;;;;;;;;;;
DO;93LALL423;;COM;930-20;A_93020;HYD GAS COND  B9302001C;No;ИСТИНА;ЛОЖЬ;;268;;;;;;;0;;;;410;ИСТИНА;37219;None;;;;;;0=TRIP;;;;;;;Undefined;491;3428;;;;;;;;;;ЛОЖЬ;;;;;;;;;;;;;;;;;;Output;EPKS_CCB;ESD_932_1;518;;;;;;;;
DO;93PAH868;;COM;;;HI ALARM;No;ЛОЖЬ;ЛОЖЬ;;698;;;;;;;0;;;;3580;ЛОЖЬ;0;None;;;;;;0=ALARM;0=ALARM;;;;;;Undefined;;;;;;;;;;;;ЛОЖЬ;ИСТИНА;;;;;;;;;;;;;;;;;Output;EPKS_CCB;ESD_932_1;1424;;;;;;;;
M;396_2;;;;;;;ЛОЖЬ;ЛОЖЬ;;396;;;;;;;0;;;;846;ЛОЖЬ;0;;;;;;;;;;;;;;Undefined;491;3428;;;;;;;;;;ЛОЖЬ;;;;;;;;;;;;;;;;;;;;;;;;;;;;;
M;252_152_1;;;;;93FT428;;ЛОЖЬ;ЛОЖЬ;;152;;;;;;;0;;;;414;ЛОЖЬ;0;;;;;;;1=MO CONFIRMED;;;;;;;Undefined;491;3428;;;;;;;;;;ЛОЖЬ;;;;;;;;;;;;;;;;;;;;;;;;;;;;;
M;C696_6_F;;;;;Function block marker;;ЛОЖЬ;ЛОЖЬ;;696;;;;;;;0;;;;4336;ЛОЖЬ;0;;;;;;;;;;;;;;Undefined;;;;;;;;;;;;ЛОЖЬ;ИСТИНА;;;;;;;;;;;;;;;;;;;;;;;;;;;;
M;C706_6_F;;;;;Function block marker;;ЛОЖЬ;ЛОЖЬ;;706;;;;;;;0;;;;4291;ЛОЖЬ;0;;;;;;;;;;;;;;Undefined;;;;;;;;;;;;ЛОЖЬ;ИСТИНА;;;;;;;;;;;;;;;;;;;;;;;;;;;;
M;1023_4;;;;;;;ЛОЖЬ;ЛОЖЬ;;1023;;;;;;;0;;;;2236;ЛОЖЬ;0;;;;;;;;;;;;;;Undefined;;;;;;;;;;;;ЛОЖЬ;ИСТИНА;;;;;;;;;;;;;;;;;;;;;;;;;;;;
DO;93SIS550;;COM;930-20;A_93020;INTERLOCK 93-I-550;No;ИСТИНА;ЛОЖЬ;;272;;;;;;;0;;;;2023;ИСТИНА;37221;None;;;;;;0=TRIP;;;;;;;Undefined;491;3428;;;;;;;;;;ЛОЖЬ;;;;;;;;;;;;;;;;;;Output;EPKS_CCB;ESD_932_1;913;;;;;;;;
M;730_782_1;;;;;93ZALL853_854_I;;ЛОЖЬ;ЛОЖЬ;;782;;;;;;;0;;;;931;ЛОЖЬ;0;;;;;;;0=TRIP INITIATOR;;;;;;;Undefined;491;3428;;;;;;;;;;ЛОЖЬ;;;;;;;;;;;;;;;;;;;;;;;;;;;;;
M;404_3;;;;;;;ЛОЖЬ;ЛОЖЬ;;404;;;;;;;0;;;;904;ЛОЖЬ;0;;;;;;;;;;;;;;Undefined;491;3428;;;;;;;;;;ЛОЖЬ;;;;;;;;;;;;;;;;;;;;;;;;;;;;;
M;C378_6_F;;;;;Function block marker;;ЛОЖЬ;ЛОЖЬ;;378;;;;;;;0;;;;4585;ЛОЖЬ;0;;;;;;;;;;;;;;Undefined;;;;;;;;;;;;ЛОЖЬ;ИСТИНА;;;;;;;;;;;;;;;;;;;;;;;;;;;;
M;384_160_1;;;;;93TT767;;ЛОЖЬ;ЛОЖЬ;;160;;;;;;;0;;;;1171;ЛОЖЬ;0;;;;;;;1=MO CONFIRMED;;;;;;;Undefined;491;3428;;;;;;;;;;ЛОЖЬ;;;;;;;;;;;;;;;;;;;;;;;;;;;;;
M;1011_9;;;;;;;ЛОЖЬ;ЛОЖЬ;;1011;;;;;;;0;;;;2091;ЛОЖЬ;0;;;;;;;;;;;;;;Undefined;;;;;;;;;;;;ЛОЖЬ;ИСТИНА;;;;;;;;;;;;;;;;;;;;;;;;;;;;
T;535_4;;;;;;;ЛОЖЬ;ЛОЖЬ;;535;;;;;;;;100 ms;5;;1292;ЛОЖЬ;0;;;;;;;;;;;;;;Undefined;;;Delayed OFF with constant timer value;;;;;;;;;ЛОЖЬ;ИСТИНА;;;;;;;;;;;;;;;;;;;;;;;;;;;;
AI;93PI768;;FLD;;;C9302001AX PROC GAS CYL2;Yes;ИСТИНА;ЛОЖЬ;;364;ИСТИНА;Float;4-20mA;0;600;kPa;;;;;624;ЛОЖЬ;38559;;None;None;None;None;;;;;;;;;-XXXXX.X;3.64;22;;20.03;11;4;1;Top scale;;;;ЛОЖЬ;ИСТИНА;ЛОЖЬ;;;;;;;;;;;;;;;;Output;EPKS_CCB;ESD_932_1;10335;;;;;;;;
M;708_7;;;;;;;ЛОЖЬ;ЛОЖЬ;;708;;;;;;;0;;;;4134;ЛОЖЬ;0;;;;;;;;;;;;;;Undefined;;;;;;;;;;;;ЛОЖЬ;ИСТИНА;;;;;;;;;;;;;;;;;;;;;;;;;;;;
M;712_172_1;;;;;93TT859;;ЛОЖЬ;ЛОЖЬ;;172;;;;;;;0;;;;440;ЛОЖЬ;0;;;;;;;1=MO CONFIRMED;;;;;;;Undefined;491;3428;;;;;;;;;;ЛОЖЬ;;;;;;;;;;;;;;;;;;;;;;;;;;;;;
M;376_9;;;;;;;ЛОЖЬ;ЛОЖЬ;;376;;;;;;;0;;;;4028;ЛОЖЬ;0;;;;;;;;;;;;;;Undefined;;;;;;;;;;;;ЛОЖЬ;ИСТИНА;;;;;;;;;;;;;;;;;;;;;;;;;;;;
DO;93LI413_TF;;COM;;;TRANSM. FAIL;No;ИСТИНА;ЛОЖЬ;;259;;;;;;;0;;;;355;ИСТИНА;37220;None;;;;;;0=FAIL;;;;;;;Undefined;491;3428;;;;;;;;;;ЛОЖЬ;;;;;;;;;;;;;;;;;;Output;EPKS_CCB;ESD_932_1;542;;;;;;;;
M;C556_5_E;;;;;Function block marker;;ЛОЖЬ;ЛОЖЬ;;556;;;;;;;0;;;;4398;ЛОЖЬ;0;;;;;;;;;;;;;;Undefined;;;;;;;;;;;;ЛОЖЬ;ИСТИНА;;;;;;;;;;;;;;;;;;;;;;;;;;;;
DO;93TI769A_TF;;COM;;;TRANSM FAULT;No;ЛОЖЬ;ЛОЖЬ;;386;;;;;;;0;;;;1510;ИСТИНА;38558;None;;;;;;0=ALARM;0=ALARM;;;;;;Undefined;;;;;;;;;;;;ЛОЖЬ;ИСТИНА;;;;;;;;;;;;;;;;;Output;EPKS_CCB;ESD_932_1;1367;;;;;;;;
AI;93PI461;;FLD;930-20;A_93020;AIR TO CONTROL;Yes;ИСТИНА;ЛОЖЬ;;236;ИСТИНА;Float;4-20mA;0;1.6;MPA-g;;;;;244;ЛОЖЬ;37944;;None;None;None;None;;;;-0.4;-0.4;;;;-XXXXX.X;3.64;22;;20.04;3;11;1;Bottom scale;;;;ЛОЖЬ;;ЛОЖЬ;;;;;;;;;;;;;;;;Output;EPKS_CCB;ESD_932_1;10109;;;;;;;;
DO;93TAL858;;COM;;;LO ALARM;No;ЛОЖЬ;ЛОЖЬ;;707;;;;;;;0;;;;3605;ЛОЖЬ;0;None;;;;;;0=ALARM;0=ALARM;;;;;;Undefined;;;;;;;;;;;;ЛОЖЬ;ИСТИНА;;;;;;;;;;;;;;;;;Output;EPKS_CCB;ESD_932_1;1431;;;;;;;;
DO;93TI837_MOC;;COM;930-20;A_C93021;MO CONFIRMED;No;ИСТИНА;ЛОЖЬ;;392;;;;;;;0;;;;836;ИСТИНА;37222;None;;;;;;1=CONFIRMED;;;;;;;Undefined;491;3428;;;;;;;;;;ЛОЖЬ;;;;;;;;;;;;;;;;;;Output;EPKS_CCB;ESD_932_1;827;;;;;;;;
M;C400_3_G;;;;;Function block marker;;ЛОЖЬ;ЛОЖЬ;;400;;;;;;;0;;;;3514;ЛОЖЬ;0;;;;;;;;;;;;;;Undefined;;;;;;;;;;;;ЛОЖЬ;ИСТИНА;;;;;;;;;;;;;;;;;;;;;;;;;;;;
M;298_156_3;;;;;93ZLL753;;ЛОЖЬ;ЛОЖЬ;;156;;;;;;;0;;;;494;ЛОЖЬ;0;;;;;;;1=MO CONFIRMED;;;;;;;Undefined;491;3428;;;;;;;;;;ЛОЖЬ;;;;;;;;;;;;;;;;;;;;;;;;;;;;;
M;C360_6_G;;;;;Function block marker;;ЛОЖЬ;ЛОЖЬ;;360;;;;;;;0;;;;4642;ЛОЖЬ;0;;;;;;;;;;;;;;Undefined;;;;;;;;;;;;ЛОЖЬ;ИСТИНА;;;;;;;;;;;;;;;;;;;;;;;;;;;;
DO;93XY463_C;;COM;;;AUTO CLOSURE 93XV463;No;ИСТИНА;ЛОЖЬ;;276;;;;;;;0;;;;1806;ИСТИНА;37229;None;;;;;;0=TRIP;;;;;;;Undefined;491;3428;;;;;;;;;;ЛОЖЬ;;;;;;;;;;;;;;;;;;Output;EPKS_CCB;ESD_932_1;1028;;;;;;;;
M;C699_3_F;;;;;Function block marker;;ЛОЖЬ;ЛОЖЬ;;699;;;;;;;0;;;;4322;ЛОЖЬ;0;;;;;;;;;;;;;;Undefined;;;;;;;;;;;;ЛОЖЬ;ИСТИНА;;;;;;;;;;;;;;;;;;;;;;;;;;;;
DO;93LALL423_P;;COM;930-20;A_93020;HYD GAS COND  B9302001B;No;ИСТИНА;ЛОЖЬ;;268;;;;;;;0;;;;514;ЛОЖЬ;37995;None;;;;;;1=ACTIVE;;;;;;;Undefined;491;3428;;;;;;;;;;ЛОЖЬ;;;;;;;;;;;;;;;;;;;;;;;;;;Output;CC_CCB_1;ESD_932_1;57
T;374_1;;;930-20;;;;ЛОЖЬ;ЛОЖЬ;;374;;;;;;;;100 ms;5;;280;ЛОЖЬ;0;;;;;;;;;;;;;;Undefined;491;3428;Delayed OFF with constant timer value;;;;;;;;;ЛОЖЬ;;;;;;;;;;;;;;;;;;;;;;;;;;;;;
DO;93LALL436;;COM;930-20;A_93020;HYD GAS COND  B9302003B;No;ИСТИНА;ЛОЖЬ;;288;;;;;;;0;;;;470;ИСТИНА;37223;None;;;;;;0=TRIP;;;;;;;Undefined;491;3428;;;;;;;;;;ЛОЖЬ;;;;;;;;;;;;;;;;;;Output;EPKS_CCB;ESD_932_1;533;;;;;;;;
M;C125_4;;;;;Compiler marker (352, 138);;ЛОЖЬ;ЛОЖЬ;;125;;;;;;;0;;;;2073;ЛОЖЬ;0;;;;;;;;;;;;;;Undefined;491;3428;;;;;;;;;;ЛОЖЬ;;;;;;;;;;;;;;;;;;;;;;;;;;;;;
M;C278_4_G;;;;;Function block marker;;ЛОЖЬ;ЛОЖЬ;;278;;;;;;;0;;;;3842;ЛОЖЬ;0;;;;;;;;;;;;;;Undefined;;;;;;;;;;;;ЛОЖЬ;ИСТИНА;;;;;;;;;;;;;;;;;;;;;;;;;;;;
M;C1045_1_J;;;;;Function block marker;;ЛОЖЬ;ЛОЖЬ;;1045;;;;;;;0;;;;2637;ЛОЖЬ;0;;;;;;;;;;;;;;Undefined;;;;;;;;;;;;ЛОЖЬ;ИСТИНА;;;;;;;;;;;;;;;;;;;;;;;;;;;;
M;540_1025_3;;;;;93PALL834_I;;ЛОЖЬ;ЛОЖЬ;;1025;;;;;;;0;;;;2304;ЛОЖЬ;0;;;;;;;0=TRIP INITIATOR;;;;;;;Undefined;;;;;;;;;;;;ЛОЖЬ;ИСТИНА;;;;;;;;;;;;;;;;;;;;;;;;;;;;
M;1053_10;;;;;;;ЛОЖЬ;ЛОЖЬ;;1053;;;;;;;0;;;;2471;ЛОЖЬ;0;;;;;;;;;;;;;;Undefined;;;;;;;;;;;;ЛОЖЬ;ИСТИНА;;;;;;;;;;;;;;;;;;;;;;;;;;;;
M;784_2;;;;;;;ЛОЖЬ;ЛОЖЬ;;784;;;;;;;0;;;;1399;ЛОЖЬ;0;;;;;;;;;;;;;;Undefined;491;3428;;;;;;;;;;ЛОЖЬ;;;;;;;;;;;;;;;;;;;;;;;;;;;;;
M;380_7;;;;;;;ЛОЖЬ;ЛОЖЬ;;380;;;;;;;0;;;;3996;ЛОЖЬ;0;;;;;;;;;;;;;;Undefined;;;;;;;;;;;;ЛОЖЬ;ИСТИНА;;;;;;;;;;;;;;;;;;;;;;;;;;;;
BO;93PDI881_HH;;COM;930-20;A_C93021;HH TRIP SETPOINT (MPa);No;ИСТИНА;ЛОЖЬ;;694;;Float;;;;;0;;;;460;;38162;;;;;;;;;0;0;;;;-XXXXX.X;491;3428;;;;;;;;;;ЛОЖЬ;;;;;;;;;;;;;;;;;;Output;EPKS_CCB;ESD_932_1;10215;;;;;;;;
M;C552_4_B;;;;;Function block marker;;ЛОЖЬ;ЛОЖЬ;;552;;;;;;;0;;;;4411;ЛОЖЬ;0;;;;;;;;;;;;;;Undefined;;;;;;;;;;;;ЛОЖЬ;ИСТИНА;;;;;;;;;;;;;;;;;;;;;;;;;;;;
M;1053_7;;;;;;;ЛОЖЬ;ЛОЖЬ;;1053;;;;;;;0;;;;2468;ЛОЖЬ;0;;;;;;;;;;;;;;Undefined;;;;;;;;;;;;ЛОЖЬ;ИСТИНА;;;;;;;;;;;;;;;;;;;;;;;;;;;;
DI;93FI422_MOR;;COM;930-20;A_C93021;MO REQUEST;No;ИСТИНА;ИСТИНА;;246;;;;;;;0;;;;2839;ЛОЖЬ;37224;None;;;;;;1=REQUEST;;;;;;;Undefined;491;3428;;;;;;Freeze;;;;ЛОЖЬ;;;;ЛОЖЬ;;;;;;;;;;;;;;Input;EPKS_CCB;ESD_932_1;8;;;;;;;;
DI;93TI836_MOR;;COM;930-20;A_C93021;MO REQUEST;No;ИСТИНА;ИСТИНА;;390;;;;;;;0;;;;2952;ЛОЖЬ;37225;None;;;;;;1=REQUEST;;;;;;;Undefined;491;3428;;;;;;Freeze;;;;ЛОЖЬ;;;;ЛОЖЬ;;;;;;;;;;;;;;Input;EPKS_CCB;ESD_932_1;121;;;;;;;;
M;C1047_1_H;;;;;Function block marker;;ЛОЖЬ;ЛОЖЬ;;1047;;;;;;;0;;;;2629;ЛОЖЬ;0;;;;;;;;;;;;;;Undefined;;;;;;;;;;;;ЛОЖЬ;ИСТИНА;;;;;;;;;;;;;;;;;;;;;;;;;;;;
AI;93TI483A;;FLD;930-20;A_93020;T. PIPE FROM B-9302002B TO C-9302001BX;Yes;ИСТИНА;ЛОЖЬ;;232;ИСТИНА;Float;4-20mA;0;100;°C;;;;;48;ЛОЖЬ;38435;;None;None;None;None;;;;;;;;;-XXXXX.X;3.76;21;;20.03;13;13;1;Bottom scale;;;;ЛОЖЬ;ИСТИНА;ЛОЖЬ;;;;;;;;;;;;;;;;Output;EPKS_CCB;ESD_932_1;10315;;;;;;;;
DI;93TI859_MOR;;COM;930-20;A_C93021;MO REQUEST;No;ИСТИНА;ИСТИНА;;712;;;;;;;0;;;;2958;ЛОЖЬ;37226;None;;;;;;1=REQUEST;;;;;;;Undefined;491;3428;;;;;;Freeze;;;;ЛОЖЬ;;;;ЛОЖЬ;;;;;;;;;;;;;;Input;EPKS_CCB;ESD_932_1;127;;;;;;;;
DO;93TAHH859;;COM;930-20;A_C93021;C9302001CX COOL H2O CYL2;No;ИСТИНА;ЛОЖЬ;;712;;;;;;;0;;;;1265;ИСТИНА;37227;None;;;;;;0=TRIP;;;;;;;Undefined;491;3428;;;;;;;;;;ЛОЖЬ;;;;;;;;;;;;;;;;;;Output;EPKS_CCB;ESD_932_1;755;;;;;;;;
AI;93TI816;;FLD;;;C9302001BX PROC GAS CYL2;Yes;ИСТИНА;ЛОЖЬ;;554;ИСТИНА;Float;4-20mA;-50;200;°C;;;;;716;ЛОЖЬ;38557;;None;None;None;None;;;;;;;;;-XXXXX.X;3.76;21;;20.03;17;10;1;Top scale;;;;ЛОЖЬ;ИСТИНА;ЛОЖЬ;;;;;;;;;;;;;;;;Output;EPKS_CCB;ESD_932_1;10354;;;;;;;;
DO;93TI483_MOC;;COM;930-20;A_93020;MO CONFIRMED;No;ИСТИНА;ЛОЖЬ;;232;;;;;;;0;;;;217;ИСТИНА;37228;None;;;;;;1=CONFIRMED;;;;;;;Undefined;491;3428;;;;;;;;;;ЛОЖЬ;;;;;;;;;;;;;;;;;;Output;EPKS_CCB;ESD_932_1;785;;;;;;;;
M;696_170_1;;;;;93PT864;;ЛОЖЬ;ЛОЖЬ;;170;;;;;;;0;;;;1395;ЛОЖЬ;0;;;;;;;1=MO CONFIRMED;;;;;;;Undefined;491;3428;;;;;;;;;;ЛОЖЬ;;;;;;;;;;;;;;;;;;;;;;;;;;;;;
M;1013_1;;;;;;;ЛОЖЬ;ЛОЖЬ;;1013;;;;;;;0;;;;3653;ЛОЖЬ;0;;;;;;;;;;;;;;Undefined;;;;;;;;;;;;ЛОЖЬ;ИСТИНА;;;;;;;;;;;;;;;;;;;;;;;;;;;;
AI;93PI869;;FLD;930-20;A_C93021;C9302001CX PROC GAS CYL2;Yes;ИСТИНА;ЛОЖЬ;;698;ИСТИНА;Float;4-20mA;0;600;kPa-g;;;;;496;ЛОЖЬ;37969;;None;None;None;None;;;;-150;-150;;;;-XXXXX.X;3.64;22;;20.04;11;6;1;Bottom scale;;;;ЛОЖЬ;;ЛОЖЬ;;;;;;;;;;;;;;;;Output;EPKS_CCB;ESD_932_1;10124;;;;;;;;
M;1051_2;;;;;;;ЛОЖЬ;ЛОЖЬ;;1051;;;;;;;0;;;;2518;ЛОЖЬ;0;;;;;;;;;;;;;;Undefined;;;;;;;;;;;;ЛОЖЬ;ИСТИНА;;;;;;;;;;;;;;;;;;;;;;;;;;;;
DI;93FI901_MOR;;COM;930-20;A_C93021;MO REQUEST;No;ИСТИНА;ИСТИНА;;400;;;;;;;0;;;;2850;ЛОЖЬ;37230;None;;;;;;1=REQUEST;;;;;;;Undefined;491;3428;;;;;;Freeze;;;;ЛОЖЬ;;;;ЛОЖЬ;;;;;;;;;;;;;;Input;EPKS_CCB;ESD_932_1;19;;;;;;;;
M;C1039_1_L;;;;;Function block marker;;ЛОЖЬ;ЛОЖЬ;;1039;;;;;;;0;;;;2657;ЛОЖЬ;0;;;;;;;;;;;;;;Undefined;;;;;;;;;;;;ЛОЖЬ;ИСТИНА;;;;;;;;;;;;;;;;;;;;;;;;;;;;
M;C364_5_E;;;;;Function block marker;;ЛОЖЬ;ЛОЖЬ;;364;;;;;;;0;;;;3557;ЛОЖЬ;0;;;;;;;;;;;;;;Undefined;;;;;;;;;;;;ЛОЖЬ;ИСТИНА;;;;;;;;;;;;;;;;;;;;;;;;;;;;
DO;93PI087_TF;;COM;930-20;A_93020;TRANS. FAIL;No;ИСТИНА;ЛОЖЬ;;310;;;;;;;0;;;;3736;ИСТИНА;38421;None;;;;;;0=FAIL;0=FAIL;;;;;;Undefined;;;;;;;;;;;;ЛОЖЬ;ИСТИНА;;;;;;;;;;;;;;;;;Output;EPKS_CCB;ESD_932_1;1297;;;;;;;;
M;C376_3_B;;;;;Function block marker;;ЛОЖЬ;ЛОЖЬ;;376;;;;;;;0;;;;4587;ЛОЖЬ;0;;;;;;;;;;;;;;Undefined;;;;;;;;;;;;ЛОЖЬ;ИСТИНА;;;;;;;;;;;;;;;;;;;;;;;;;;;;
M;724_7;;;;;;;ЛОЖЬ;ЛОЖЬ;;724;;;;;;;0;;;;4182;ЛОЖЬ;0;;;;;;;;;;;;;;Undefined;;;;;;;;;;;;ЛОЖЬ;ИСТИНА;;;;;;;;;;;;;;;;;;;;;;;;;;;;
M;C236_5_B;;;;;Function block marker;;ЛОЖЬ;ЛОЖЬ;;236;;;;;;;0;;;;3946;ЛОЖЬ;0;;;;;;;;;;;;;;Undefined;;;;;;;;;;;;ЛОЖЬ;ИСТИНА;;;;;;;;;;;;;;;;;;;;;;;;;;;;
R;542_543_4;;;;;93TI802;;ЛОЖЬ;ЛОЖЬ;;543;;Float;;;;;0;;;;2168;ЛОЖЬ;0;;;;;;;;;;;;;;Undefined;;;;;;;;;;;;ЛОЖЬ;ИСТИНА;;;;;;;;;;;;;;;;;;;;;;;;;;;;
M;C288_7_G;;;;;Function block marker;;ЛОЖЬ;ЛОЖЬ;;288;;;;;;;0;;;;3826;ЛОЖЬ;0;;;;;;;;;;;;;;Undefined;;;;;;;;;;;;ЛОЖЬ;ИСТИНА;;;;;;;;;;;;;;;;;;;;;;;;;;;;
M;C448_4_D;;;;;Function block marker;;ЛОЖЬ;ЛОЖЬ;;448;;;;;;;0;;;;1376;ЛОЖЬ;0;;;;;;;;;;;;;;Undefined;491;3428;;;;;;;;;;ЛОЖЬ;;;;;;;;;;;;;;;;;;;;;;;;;;;;;
T;254_7;;;;;;;ЛОЖЬ;ЛОЖЬ;;254;;;;;;;;100 ms;5;;1120;ЛОЖЬ;0;;;;;;;;;;;;;;Undefined;;;Delayed OFF with constant timer value;;;;;;;;;ЛОЖЬ;ИСТИНА;;;;;;;;;;;;;;;;;;;;;;;;;;;;
M;C264_6_F;;;;;Function block marker;;ЛОЖЬ;ЛОЖЬ;;264;;;;;;;0;;;;3873;ЛОЖЬ;0;;;;;;;;;;;;;;Undefined;;;;;;;;;;;;ЛОЖЬ;ИСТИНА;;;;;;;;;;;;;;;;;;;;;;;;;;;;
DO;93PI815_TF;;COM;;;TRANSM FAULT;No;ЛОЖЬ;ЛОЖЬ;;533;;;;;;;0;;;;477;ИСТИНА;38556;None;;;;;;0=ALARM;0=ALARM;;;;;;Undefined;;;;;;;;;;;;ЛОЖЬ;ИСТИНА;;;;;;;;;;;;;;;;;Output;EPKS_CCB;ESD_932_1;1339;;;;;;;;
M;1007_10;;;;;;;ЛОЖЬ;ЛОЖЬ;;1007;;;;;;;0;;;;2058;ЛОЖЬ;0;;;;;;;;;;;;;;Undefined;;;;;;;;;;;;ЛОЖЬ;ИСТИНА;;;;;;;;;;;;;;;;;;;;;;;;;;;;
M;2456_E;;;;;Trip 5;;ЛОЖЬ;ЛОЖЬ;;2456;;;;;;;0;;;;108;ЛОЖЬ;0;;;;;;;;;;;;;;Undefined;491;3428;;;;;;;;;;ЛОЖЬ;;;;;;;;;;;;;;;;;;;;;;;;;;;;;
M;376_1009_2;;;;;93TAHH757_I;;ЛОЖЬ;ЛОЖЬ;;1009;;;;;;;0;;;;2162;ЛОЖЬ;0;;;;;;;0=TRIP INITIATOR;;;;;;;Undefined;;;;;;;;;;;;ЛОЖЬ;ИСТИНА;;;;;;;;;;;;;;;;;;;;;;;;;;;;
DO;93XY927;;MCC;930-20;A_C93021;C-9302001 H2O PM1S TRIP;Yes;ИСТИНА;ЛОЖЬ;;430;;;;;;;0;;;;170;ИСТИНА;37231;None;;;;;;0=TRIP;;;;;;;Undefined;491;3428;;20.06;11;3;1;Appl;;;;ЛОЖЬ;;;;;;;;;;;;;;;;;;Output;EPKS_CCB;ESD_932_1;1055;;;;;;;;
M;C724_6_G;;;;;Function block marker;;ЛОЖЬ;ЛОЖЬ;;724;;;;;;;0;;;;4237;ЛОЖЬ;0;;;;;;;;;;;;;;Undefined;;;;;;;;;;;;ЛОЖЬ;ИСТИНА;;;;;;;;;;;;;;;;;;;;;;;;;;;;
M;C700_5_E;;;;;Function block marker;;ЛОЖЬ;ЛОЖЬ;;700;;;;;;;0;;;;4314;ЛОЖЬ;0;;;;;;;;;;;;;;Undefined;;;;;;;;;;;;ЛОЖЬ;ИСТИНА;;;;;;;;;;;;;;;;;;;;;;;;;;;;
M;320_152_1;;;;;93FT029;;ЛОЖЬ;ЛОЖЬ;;152;;;;;;;0;;;;1751;ЛОЖЬ;0;;;;;;;1=MO CONFIRMED;;;;;;;Undefined;491;3428;;;;;;;;;;ЛОЖЬ;;;;;;;;;;;;;;;;;;;;;;;;;;;;;
DO;93FALL023_P;;COM;930-20;A_93020;HYDROGEN-CONTAINING GAS;No;ИСТИНА;ЛОЖЬ;;316;;;;;;;0;;;;2013;ЛОЖЬ;37996;None;;;;;;1=ACTIVE;;;;;;;Undefined;491;3428;;;;;;;;;;ЛОЖЬ;;;;;;;;;;;;;;Output;CC_CCB_2;ESD_932_1;67;;;;;;;;;;;;
DO;93XSF424_P;;COM;;;SHUTTER 93XV424;No;ИСТИНА;ЛОЖЬ;;326;;;;;;;0;;;;58;ЛОЖЬ;37990;None;;;;;;1=FAIL;;;;;;;Undefined;;;;;;;;;;;;ЛОЖЬ;ИСТИНА;;;;;;;;;;;;;;;;;;;;;;;;;Output;CC_CCB_1;ESD_932_1;86
M;366_8;;;;;;;ЛОЖЬ;ЛОЖЬ;;366;;;;;;;0;;;;3981;ЛОЖЬ;0;;;;;;;;;;;;;;Undefined;;;;;;;;;;;;ЛОЖЬ;ИСТИНА;;;;;;;;;;;;;;;;;;;;;;;;;;;;
DO;93PAHH814A_P;;COM;;;INDICATION LIGHT;No;ИСТИНА;ЛОЖЬ;;628;;;;;;;0;;;;1670;ЛОЖЬ;37989;None;;;;;;1=ACTIVE;;;;;;;Undefined;491;3428;;;;;;;;;;ЛОЖЬ;;;;;;;;;;;;;;Output;CC_CCB_2;ESD_932_1;41;;;;;;;;;;;;
M;558_632_3;;;;;93TAHH834_I (AFTER OOS);;ЛОЖЬ;ЛОЖЬ;;632;;;;;;;0;;;;766;ЛОЖЬ;0;;;;;;;0=TRIP;;;;;;;Undefined;491;3428;;;;;;;;;;ЛОЖЬ;;;;;;;;;;;;;;;;;;;;;;;;;;;;;
M;548_2;;;;;;;ЛОЖЬ;ЛОЖЬ;;548;;;;;;;0;;;;1079;ЛОЖЬ;0;;;;;;;;;;;;;;Undefined;491;3428;;;;;;;;;;ЛОЖЬ;;;;;;;;;;;;;;;;;;;;;;;;;;;;;
T;316_6;;;;;;;ЛОЖЬ;ЛОЖЬ;;316;;;;;;;;100 ms;5;;1256;ЛОЖЬ;0;;;;;;;;;;;;;;Undefined;;;Delayed OFF with constant timer value;;;;;;;;;ЛОЖЬ;ИСТИНА;;;;;;;;;;;;;;;;;;;;;;;;;;;;
M;702_1043_2;;;;;93PAHH876_I;;ЛОЖЬ;ЛОЖЬ;;1043;;;;;;;0;;;;2542;ЛОЖЬ;0;;;;;;;0=TRIP INITIATOR;;;;;;;Undefined;;;;;;;;;;;;ЛОЖЬ;ИСТИНА;;;;;;;;;;;;;;;;;;;;;;;;;;;;
T;536_6;;;;;;;ЛОЖЬ;ЛОЖЬ;;536;;;;;;;;100 ms;5;;1312;ЛОЖЬ;0;;;;;;;;;;;;;;Undefined;;;Delayed OFF with constant timer value;;;;;;;;;ЛОЖЬ;ИСТИНА;;;;;;;;;;;;;;;;;;;;;;;;;;;;
M;C728_1_B;;;;;Compiler marker;;ЛОЖЬ;ЛОЖЬ;;728;;;;;;;0;;;;1195;ЛОЖЬ;0;;;;;;;;;;;;;;Undefined;;;;;;;;;;;;ЛОЖЬ;ИСТИНА;;;;;;;;;;;;;;;;;;;;;;;;;;;;
DO;93HS751B_B0_IN_P;;COM;930-20;A_93020;CAP CTRL BIT 0;No;ИСТИНА;ЛОЖЬ;;434;;;;;;;0;;;;2002;ЛОЖЬ;37988;None;;;;;;1=ACTIVE;;;;;;;Undefined;491;3428;;;;;;;;;;ЛОЖЬ;;;;;;;;;;;;;;;;;;;;;;;;;;Output;CC_CCB_1;ESD_932_1;74
M;C684_3_B;;;;;Function block marker;;ЛОЖЬ;ЛОЖЬ;;684;;;;;;;0;;;;4370;ЛОЖЬ;0;;;;;;;;;;;;;;Undefined;;;;;;;;;;;;ЛОЖЬ;ИСТИНА;;;;;;;;;;;;;;;;;;;;;;;;;;;;
M;C792_1;;;;;Compiler marker (277, 48);;ЛОЖЬ;ЛОЖЬ;;792;;;;;;;0;;;;1184;ЛОЖЬ;0;;;;;;;;;;;;;;Undefined;491;3428;;;;;;;;;;ЛОЖЬ;;;;;;;;;;;;;;;;;;;;;;;;;;;;;
DO;93ZALL754;;COM;930-20;A_C93021;C9302001AX LSW FLYW PCOV;No;ИСТИНА;ЛОЖЬ;;396;;;;;;;0;;;;860;ИСТИНА;37824;None;;;;;;0=TRIP;;;;;;;Undefined;491;3428;;;;;;;;;;ЛОЖЬ;;;;;;;;;;;;;;;;;;Output;EPKS_CCB;ESD_932_1;896;;;;;;;;
M;526_8;;;;;;;ЛОЖЬ;ЛОЖЬ;;526;;;;;;;0;;;;4099;ЛОЖЬ;0;;;;;;;;;;;;;;Undefined;;;;;;;;;;;;ЛОЖЬ;ИСТИНА;;;;;;;;;;;;;;;;;;;;;;;;;;;;
M;2480_C;;;;;1=LAMP ON;;ЛОЖЬ;ЛОЖЬ;;2480;;;;;;;0;;;;161;ЛОЖЬ;0;;;;;;;;;;;;;;Undefined;491;3428;;;;;;;;;;ЛОЖЬ;;;;;;;;;;;;;;;;;;;;;;;;;;;;;
DO;93HA807A_PA;;COM;930-20;A_C93021;1OO2 PRE ALARM;No;ИСТИНА;ЛОЖЬ;;568;;;;;;;0;;;;4219;ЛОЖЬ;38555;None;;;;;;0=ALARM;0=ALARM;;;;;;Undefined;;;;;;;;;;;;ЛОЖЬ;ИСТИНА;;;;;;;;;;;;;;;;;Output;EPKS_CCB;ESD_932_1;1459;;;;;;;;
M;362_2;;;;;;;ЛОЖЬ;ЛОЖЬ;;362;;;;;;;0;;;;648;ЛОЖЬ;0;;;;;;;;;;;;;;Undefined;491;3428;;;;;;;;;;ЛОЖЬ;;;;;;;;;;;;;;;;;;;;;;;;;;;;;
M;C538_8_E;;;;;Function block marker;;ЛОЖЬ;ЛОЖЬ;;538;;;;;;;0;;;;325;ЛОЖЬ;0;;;;;;;;;;;;;;Undefined;;;;;;;;;;;;ЛОЖЬ;ИСТИНА;;;;;;;;;;;;;;;;;;;;;;;;;;;;
AI;93LI801;;FLD;930-20;A_C93021;C-9302001BX LEVEL 1ST ST;Yes;ИСТИНА;ЛОЖЬ;;524;ИСТИНА;Float;4-20mA;0;100;%;;;;;416;ЛОЖЬ;37776;;None;None;None;None;;;;-25;-25;;;;-XXXXX.X;3.64;22;;20.04;9;3;1;Bottom scale;;;;ЛОЖЬ;;ЛОЖЬ;;;;;;;;;;;;;;;;Output;EPKS_CCB;ESD_932_1;10098;;;;;;;;
M;2460_4;;;930-20;;;;ЛОЖЬ;ЛОЖЬ;;2460;;;;;;;0;;;;179;ЛОЖЬ;0;;;;;;;;;;;;;;Undefined;491;3428;;;;;;;;;;ЛОЖЬ;;;;;;;;;;;;;;;;;;;;;;;;;;;;;
M;2420_A;;;;;Loop AND;;ЛОЖЬ;ЛОЖЬ;;2420;;;;;;;0;;;;112;ЛОЖЬ;0;;;;;;;;;;;;;;Undefined;491;3428;;;;;;;;;;ЛОЖЬ;;;;;;;;;;;;;;;;;;;;;;;;;;;;;
DI;93HS810_P;;COM;930-20;A_C93021;RESET PUSH BUTTON;No;ИСТИНА;ИСТИНА;;648;;;;;;;0;;;;1642;ИСТИНА;37332;None;;;;;;1=RESET;;;;;;;Undefined;491;3428;;;;;;Low;;;;ЛОЖЬ;;;;ЛОЖЬ;;;;;;;;;;Input;CC_CCB_2;ESD_932_1;11;Output;EPKS_CCB;ESD_932_1;2014;;;;;;;;
M;C380_6_F;;;;;Function block marker;;ЛОЖЬ;ЛОЖЬ;;380;;;;;;;0;;;;4578;ЛОЖЬ;0;;;;;;;;;;;;;;Undefined;;;;;;;;;;;;ЛОЖЬ;ИСТИНА;;;;;;;;;;;;;;;;;;;;;;;;;;;;
M;C352_4_E;;;;;Function block marker;;ЛОЖЬ;ЛОЖЬ;;352;;;;;;;0;;;;4663;ЛОЖЬ;0;;;;;;;;;;;;;;Undefined;;;;;;;;;;;;ЛОЖЬ;ИСТИНА;;;;;;;;;;;;;;;;;;;;;;;;;;;;
M;542_9;;;;;;;ЛОЖЬ;ЛОЖЬ;;542;;;;;;;0;;;;4070;ЛОЖЬ;0;;;;;;;;;;;;;;Undefined;;;;;;;;;;;;ЛОЖЬ;ИСТИНА;;;;;;;;;;;;;;;;;;;;;;;;;;;;
M;1017_8;;;;;;;ЛОЖЬ;ЛОЖЬ;;1017;;;;;;;0;;;;2140;ЛОЖЬ;0;;;;;;;;;;;;;;Undefined;;;;;;;;;;;;ЛОЖЬ;ИСТИНА;;;;;;;;;;;;;;;;;;;;;;;;;;;;
M;C310_3_F;;;;;Function block marker;;ЛОЖЬ;ЛОЖЬ;;310;;;;;;;0;;;;3740;ЛОЖЬ;0;;;;;;;;;;;;;;Undefined;;;;;;;;;;;;ЛОЖЬ;ИСТИНА;;;;;;;;;;;;;;;;;;;;;;;;;;;;
DO;93XY475;;MCC;930-20;A_93020;AUTO CLOSURE 93XV475;Yes;ИСТИНА;ЛОЖЬ;;290;;;;;;;0;;;;111;ЛОЖЬ;37233;None;;;;;;1=CLOSE;;;;;;;Undefined;491;3428;;20.06;3;8;1;Appl;;;;ЛОЖЬ;;;;;;;;;;;;;;;;;;;;;;;;;;;;;
M;2460_1;;;930-20;;;;ЛОЖЬ;ЛОЖЬ;;2460;;;;;;;0;;;;181;ЛОЖЬ;0;;;;;;;;;;;;;;Undefined;491;3428;;;;;;;;;;ЛОЖЬ;;;;;;;;;;;;;;;;;;;;;;;;;;;;;
M;1005_11;;;;;;;ЛОЖЬ;ЛОЖЬ;;1005;;;;;;;0;;;;2053;ЛОЖЬ;0;;;;;;;;;;;;;;Undefined;;;;;;;;;;;;ЛОЖЬ;ИСТИНА;;;;;;;;;;;;;;;;;;;;;;;;;;;;
M;694_815_3;;;;;93PDAH882_PERM;;ЛОЖЬ;ЛОЖЬ;;815;;;;;;;0;;;;4145;ЛОЖЬ;0;;;;;;;0=ALARM;;;;;;;Undefined;;;;;;;;;;;;ЛОЖЬ;ИСТИНА;;;;;;;;;;;;;;;;;;;;;;;;;;;;
DO;93TAHH482_CA;;COM;930-20;A_93020;CAUSE ALARM;No;ИСТИНА;ЛОЖЬ;;230;;;;;;;0;;;;198;ЛОЖЬ;37234;None;;;;;;0=ALARM;;;;;;;Undefined;491;3428;;;;;;;;;;ЛОЖЬ;;;;;;;;;;;;;;;;;;Output;EPKS_CCB;ESD_932_1;704;;;;;;;;
DO;93LAHH429_P;;COM;930-20;A_93020;HYD GAS COND  B9302002C;No;ИСТИНА;ЛОЖЬ;;280;;;;;;;0;;;;540;ЛОЖЬ;37994;None;;;;;;1=ACTIVE;;;;;;;Undefined;491;3428;;;;;;;;;;ЛОЖЬ;;;;;;;;;;;;;;;;;;;;;;;;;;Output;CC_CCB_1;ESD_932_1;63
M;C230_1_E;;;;;Function block marker;;ЛОЖЬ;ЛОЖЬ;;230;;;;;;;0;;;;3976;ЛОЖЬ;0;;;;;;;;;;;;;;Undefined;;;;;;;;;;;;ЛОЖЬ;ИСТИНА;;;;;;;;;;;;;;;;;;;;;;;;;;;;
DI;93XA856_P;;COM;930-20;A_C93021;NO COMMON ALARM;No;ИСТИНА;ИСТИНА;;784;;;;;;;0;;;;1639;ИСТИНА;37832;None;;;;;;1=ALARM;;;;;;;Undefined;491;3428;;;;;;Freeze;;;;ЛОЖЬ;;;;ЛОЖЬ;;;;;;;;;;Input;CC_CCB_2;ESD_932_1;8;Output;EPKS_CCB;ESD_932_1;2034;;;;;;;;
M;2350_1;;;;;;;ЛОЖЬ;ЛОЖЬ;;2350;;;;;;;0;;;;236;ЛОЖЬ;0;;;;;;;;;;;;;;Undefined;491;3428;;;;;;;;;;ЛОЖЬ;;;;;;;;;;;;;;;;;;;;;;;;;;;;;
DI;20-TempH_Alarm;;SYS;;;Temp high alarm;Yes;ЛОЖЬ;;;18;;;;;;;;;;;3;ЛОЖЬ;0;None;;;;;;;;;;;;;Undefined;491;3428;;;;;;;;;;ЛОЖЬ;;;;ЛОЖЬ;;;;;;;;;;;;;;;;;;;;;;;;;
M;C396_3_B;;;;;Function block marker;;ЛОЖЬ;ЛОЖЬ;;396;;;;;;;0;;;;2681;ЛОЖЬ;0;;;;;;;;;;;;;;Undefined;491;3428;;;;;;;;;;ЛОЖЬ;;;;;;;;;;;;;;;;;;;;;;;;;;;;;
DO;93XY473_C;;COM;;;AUTO CLOSURE 93XV473;No;ИСТИНА;ЛОЖЬ;;288;;;;;;;0;;;;1882;ИСТИНА;37244;None;;;;;;0=TRIP;;;;;;;Undefined;491;3428;;;;;;;;;;ЛОЖЬ;;;;;;;;;;;;;;;;;;Output;EPKS_CCB;ESD_932_1;1033;;;;;;;;
DI;93ZSLL803;;FLD;930-20;A_93020;C-9302001BX LOCKING DEV;Yes;ИСТИНА;ЛОЖЬ;;298;;;;;;;;;;;48;ИСТИНА;37235;None;;;;;;0=TRIP;;;;;;;Undefined;491;3428;;20.03;7;9;1;Low;;;;ЛОЖЬ;;;;ЛОЖЬ;;;;;;;;;;;;;;Output;EPKS_CCB;ESD_932_1;965;;;;;;;;
M;238_2;;;;;;;ЛОЖЬ;ЛОЖЬ;;238;;;;;;;0;;;;258;ЛОЖЬ;0;;;;;;;;;;;;;;Undefined;491;3428;;;;;;;;;;ЛОЖЬ;;;;;;;;;;;;;;;;;;;;;;;;;;;;;
M;C699_4_E;;;;;Function block marker;;ЛОЖЬ;ЛОЖЬ;;699;;;;;;;0;;;;4324;ЛОЖЬ;0;;;;;;;;;;;;;;Undefined;;;;;;;;;;;;ЛОЖЬ;ИСТИНА;;;;;;;;;;;;;;;;;;;;;;;;;;;;
DO;93PDAHH880A_P;;COM;930-20;A_C93021;INDICATION LIGHT;No;ИСТИНА;ЛОЖЬ;;692;;;;;;;0;;;;1682;ЛОЖЬ;37992;None;;;;;;1=ACTIVE;;;;;;;Undefined;491;3428;;;;;;;;;;ЛОЖЬ;;;;;;;;;;;;;;Output;CC_CCB_2;ESD_932_1;50;;;;;;;;;;;;
M;298_1013_4;;;;;93ZALL753_I;;ЛОЖЬ;ЛОЖЬ;;1013;;;;;;;0;;;;2175;ЛОЖЬ;0;;;;;;;0=TRIP INITIATOR;;;;;;;Undefined;;;;;;;;;;;;ЛОЖЬ;ИСТИНА;;;;;;;;;;;;;;;;;;;;;;;;;;;;
M;C718_5_F;;;;;Function block marker;;ЛОЖЬ;ЛОЖЬ;;718;;;;;;;0;;;;4254;ЛОЖЬ;0;;;;;;;;;;;;;;Undefined;;;;;;;;;;;;ЛОЖЬ;ИСТИНА;;;;;;;;;;;;;;;;;;;;;;;;;;;;
DO;93HA807_PA;;COM;930-20;A_C93021;1OO2 PRE ALARM;No;ИСТИНА;ЛОЖЬ;;568;;;;;;;0;;;;1193;ЛОЖЬ;37827;None;;;;;;0=ALARM;;;;;;;Undefined;491;3428;;;;;;;;;;ЛОЖЬ;;;;;;;;;;;;;;;;;;Output;EPKS_CCB;ESD_932_1;476;;;;;;;;
DO;93ZALL803;;COM;930-20;A_93020;C9302001BX LSW LOCK DEV;No;ИСТИНА;ЛОЖЬ;;298;;;;;;;0;;;;513;ИСТИНА;37828;None;;;;;;0=TRIP;;;;;;;Undefined;491;3428;;;;;;;;;;ЛОЖЬ;;;;;;;;;;;;;;;;;;Output;EPKS_CCB;ESD_932_1;897;;;;;;;;
BO;93TI861_HH;;COM;930-20;A_C93021;HH TRIP SETPOINT (°C);No;ИСТИНА;ЛОЖЬ;;714;;Float;;;;;0;;;;464;;38153;;;;;;;;;0;0;;;;-XXXXX.X;491;3428;;;;;;;;;;ЛОЖЬ;;;;;;;;;;;;;;;;;;Output;EPKS_CCB;ESD_932_1;10273;;;;;;;;
M;2460_F;;;;;1=CMD_OPEN;;ЛОЖЬ;ЛОЖЬ;;2460;;;;;;;0;;;;142;ЛОЖЬ;0;;;;;;;;;;;;;;Undefined;491;3428;;;;;;;;;;ЛОЖЬ;;;;;;;;;;;;;;;;;;;;;;;;;;;;;
M;C536_6_G;;;;;Function block marker;;ЛОЖЬ;ЛОЖЬ;;536;;;;;;;0;;;;4462;ЛОЖЬ;0;;;;;;;;;;;;;;Undefined;;;;;;;;;;;;ЛОЖЬ;ИСТИНА;;;;;;;;;;;;;;;;;;;;;;;;;;;;
M;C318_6_G;;;;;Function block marker;;ЛОЖЬ;ЛОЖЬ;;318;;;;;;;0;;;;4678;ЛОЖЬ;0;;;;;;;;;;;;;;Undefined;;;;;;;;;;;;ЛОЖЬ;ИСТИНА;;;;;;;;;;;;;;;;;;;;;;;;;;;;
DI;93ZSLL853_MOR;;COM;930-20;A_93020;MO REQUEST;No;ИСТИНА;ИСТИНА;;299;;;;;;;0;;;;2991;ЛОЖЬ;37750;None;;;;;;1=REQUEST;;;;;;;Undefined;491;3428;;;;;;Freeze;;;;ЛОЖЬ;;;;ЛОЖЬ;;;;;;;;;;;;;;Input;EPKS_CCB;ESD_932_1;160;;;;;;;;
DI;93HS757A2;;LCP;;;C-9302001AX EM.STOP;Yes;ИСТИНА;ЛОЖЬ;;398;;;;;;;;;;;27;ИСТИНА;38554;None;;;;;;0=TRIP;0=TRIP;;;;;;Undefined;;;;20.03;3;4;1;Low;;;;ЛОЖЬ;ИСТИНА;;;ЛОЖЬ;View only;;;;;;;;;;;;;Output;EPKS_CCB;ESD_932_1;1452;;;;;;;;
DO;93PDI881_TF;;COM;930-20;A_C93021;TRANSM. FAIL;No;ИСТИНА;ЛОЖЬ;;694;;;;;;;0;;;;1414;ИСТИНА;37236;None;;;;;;0=FAIL;;;;;;;Undefined;491;3428;;;;;;;;;;ЛОЖЬ;;;;;;;;;;;;;;;;;;Output;EPKS_CCB;ESD_932_1;662;;;;;;;;
M;274_1;;;;;;;ЛОЖЬ;ЛОЖЬ;;274;;;;;;;0;;;;516;ЛОЖЬ;0;;;;;;;;;;;;;;Undefined;491;3428;;;;;;;;;;ЛОЖЬ;;;;;;;;;;;;;;;;;;;;;;;;;;;;;
DI;93TI803_MOR;;COM;930-20;A_C93021;MO REQUEST;No;ИСТИНА;ИСТИНА;;542;;;;;;;0;;;;2938;ЛОЖЬ;37237;None;;;;;;1=REQUEST;;;;;;;Undefined;491;3428;;;;;;Freeze;;;;ЛОЖЬ;;;;ЛОЖЬ;;;;;;;;;;;;;;Input;EPKS_CCB;ESD_932_1;107;;;;;;;;
DO;93FALL029_CA;;COM;930-20;A_93020;CAUSE ALARM;No;ИСТИНА;ЛОЖЬ;;320;;;;;;;0;;;;1743;ЛОЖЬ;37857;None;;;;;;0=ALARM;;;;;;;Undefined;491;3428;;;;;;;;;;ЛОЖЬ;;;;;;;;;;;;;;;;;;Output;EPKS_CCB;ESD_932_1;888;;;;;;;;
R;C2456_4;;;;;Compiler register (256, 114);;ЛОЖЬ;ЛОЖЬ;;2456;;Float;;;;;0;;;;348;ЛОЖЬ;0;;;;;;;;;;;;;;Undefined;491;3428;;;;;;;;;;ЛОЖЬ;;;;;;;;;;;;;;;;;;;;;;;;;;;;;
DO;93PALL876;;COM;930-20;A_C93021;C9302001CX OIL CRANKCASE;No;ИСТИНА;ЛОЖЬ;;702;;;;;;;0;;;;1378;ИСТИНА;37829;None;;;;;;0=TRIP;;;;;;;Undefined;491;3428;;;;;;;;;;ЛОЖЬ;;;;;;;;;;;;;;;;;;Output;EPKS_CCB;ESD_932_1;633;;;;;;;;
M;1039_5;;;;;;;ЛОЖЬ;ЛОЖЬ;;1039;;;;;;;0;;;;2478;ЛОЖЬ;0;;;;;;;;;;;;;;Undefined;;;;;;;;;;;;ЛОЖЬ;ИСТИНА;;;;;;;;;;;;;;;;;;;;;;;;;;;;
M;2470_1;;;;;;;ЛОЖЬ;ЛОЖЬ;;2470;;;;;;;0;;;;128;ЛОЖЬ;0;;;;;;;;;;;;;;Undefined;491;3428;;;;;;;;;;ЛОЖЬ;;;;;;;;;;;;;;;;;;;;;;;;;;;;;
DO;93PALL926_FU_A;;COM;930-20;A_C93021;C9302001 COOLH2O SUP;No;ИСТИНА;ЛОЖЬ;;1013;;;;;;;0;;;;2214;ЛОЖЬ;38240;None;;;;;;1=FIRST;;;;;;;Undefined;;;;;;;;;;;;ЛОЖЬ;ИСТИНА;;;;;;;;;;;;;;;;;Output;EPKS_CCB;ESD_932_1;1081;;;;;;;;
M;C542_6_G;;;;;Function block marker;;ЛОЖЬ;ЛОЖЬ;;542;;;;;;;0;;;;4444;ЛОЖЬ;0;;;;;;;;;;;;;;Undefined;;;;;;;;;;;;ЛОЖЬ;ИСТИНА;;;;;;;;;;;;;;;;;;;;;;;;;;;;
M;360_810_3;;;;;93PDAH782_PERM;;ЛОЖЬ;ЛОЖЬ;;810;;;;;;;0;;;;3630;ЛОЖЬ;0;;;;;;;0=ALARM;;;;;;;Undefined;;;;;;;;;;;;ЛОЖЬ;ИСТИНА;;;;;;;;;;;;;;;;;;;;;;;;;;;;
M;262_292_3;;;;;93LALL417_I;;ЛОЖЬ;ЛОЖЬ;;292;;;;;;;0;;;;371;ЛОЖЬ;0;;;;;;;0=TRIP INITIATOR;;;;;;;Undefined;491;3428;;;;;;;;;;ЛОЖЬ;;;;;;;;;;;;;;;;;;;;;;;;;;;;;
DO;93LAHH429;;COM;930-20;A_93020;HYD GAS COND  B9302002C;No;ИСТИНА;ЛОЖЬ;;280;;;;;;;0;;;;449;ИСТИНА;37238;None;;;;;;0=TRIP;;;;;;;Undefined;491;3428;;;;;;;;;;ЛОЖЬ;;;;;;;;;;;;;;;;;;Output;EPKS_CCB;ESD_932_1;485;;;;;;;;
DO;93HS157;;COM;;;H2S Override;No;ИСТИНА;ЛОЖЬ;;316;;;;;;;0;;;;37;ЛОЖЬ;37841;None;;;;;;1=CONFIRMED;;;;;;;Undefined;;;;;;;;;;;;ЛОЖЬ;ИСТИНА;;;;;;;;;;;;;;;;;Output;EPKS_CCB;ESD_932_1;920;;;;;;;;
M;2456_H;;;;;Trip 8;;ЛОЖЬ;ЛОЖЬ;;2456;;;;;;;0;;;;144;ЛОЖЬ;0;;;;;;;;;;;;;;Undefined;491;3428;;;;;;;;;;ЛОЖЬ;;;;;;;;;;;;;;;;;;;;;;;;;;;;;
AI;93PI771;;FLD;930-20;A_C93021;C9302001AX PROC GAS CYL2;Yes;ИСТИНА;ЛОЖЬ;;366;ИСТИНА;Float;4-20mA;0;1.6;MPa-g;;;;;364;ЛОЖЬ;37741;;None;None;None;None;;;;-0.4;-0.4;;;;-XXXXX.X;3.64;22;;20.04;7;7;1;Bottom scale;;;;ЛОЖЬ;;ЛОЖЬ;;;;;;;;;;;;;;;;Output;EPKS_CCB;ESD_932_1;10115;;;;;;;;
M;710_780_2;;;;;93TAHH857_I;;ЛОЖЬ;ЛОЖЬ;;780;;;;;;;0;;;;1444;ЛОЖЬ;0;;;;;;;0=TRIP INITIATOR;;;;;;;Undefined;491;3428;;;;;;;;;;ЛОЖЬ;;;;;;;;;;;;;;;;;;;;;;;;;;;;;
M;246_8;;;;;;;ЛОЖЬ;ЛОЖЬ;;246;;;;;;;0;;;;3776;ЛОЖЬ;0;;;;;;;;;;;;;;Undefined;;;;;;;;;;;;ЛОЖЬ;ИСТИНА;;;;;;;;;;;;;;;;;;;;;;;;;;;;
M;696_6;;;;;;;ЛОЖЬ;ЛОЖЬ;;696;;;;;;;0;;;;4153;ЛОЖЬ;0;;;;;;;;;;;;;;Undefined;;;;;;;;;;;;ЛОЖЬ;ИСТИНА;;;;;;;;;;;;;;;;;;;;;;;;;;;;
R;C2495_1;;;;;Compiler register (248, 216);;ЛОЖЬ;ЛОЖЬ;;2495;;Float;;;;;0;;;;324;ЛОЖЬ;0;;;;;;;;;;;;;;Undefined;491;3428;;;;;;;;;;ЛОЖЬ;;;;;;;;;;;;;;;;;;;;;;;;;;;;;
M;262_1;;;930-20;;;;ЛОЖЬ;ЛОЖЬ;;262;;;;;;;0;;;;377;ЛОЖЬ;0;;;;;;;;;;;;;;Undefined;491;3428;;;;;;;;;;ЛОЖЬ;;;;;;;;;;;;;;;;;;;;;;;;;;;;;
DO;93PALL764_FU;;COM;930-20;A_C93021;C9302001AX PRS GAS CYL1;No;ИСТИНА;ЛОЖЬ;;1005;;;;;;;0;;;;2194;ЛОЖЬ;38220;None;;;;;;1=FIRST;;;;;;;Undefined;;;;;;;;;;;;ЛОЖЬ;ИСТИНА;;;;;;;;;;;;;;;;;Output;EPKS_CCB;ESD_932_1;1061;;;;;;;;
M;C380_6_G;;;;;Function block marker;;ЛОЖЬ;ЛОЖЬ;;380;;;;;;;0;;;;4579;ЛОЖЬ;0;;;;;;;;;;;;;;Undefined;;;;;;;;;;;;ЛОЖЬ;ИСТИНА;;;;;;;;;;;;;;;;;;;;;;;;;;;;
M;C520_3_B;;;;;Function block marker;;ЛОЖЬ;ЛОЖЬ;;520;;;;;;;0;;;;4516;ЛОЖЬ;0;;;;;;;;;;;;;;Undefined;;;;;;;;;;;;ЛОЖЬ;ИСТИНА;;;;;;;;;;;;;;;;;;;;;;;;;;;;
M;642_646_4;;;;;CAPACITY 100%;;ЛОЖЬ;ЛОЖЬ;;646;;;;;;;0;;;;574;ЛОЖЬ;0;;;;;;;1=ACTIVE;;;;;;;Undefined;491;3428;;;;;;;;;;ЛОЖЬ;;;;;;;;;;;;;;;;;;;;;;;;;;;;;
DO;93LALL415_2;;COM;;;;No;ИСТИНА;ЛОЖЬ;;260;;;;;;;0;;;;73;ЛОЖЬ;38005;None;;;;;;0=TRIP;;;;;;;Undefined;;;;;;;;;;;;ЛОЖЬ;ИСТИНА;;;;;;;;;;;;;;;;;Output;EPKS_CCB;ESD_932_1;938;;;;;;;;
M;710_7;;;;;;;ЛОЖЬ;ЛОЖЬ;;710;;;;;;;0;;;;4139;ЛОЖЬ;0;;;;;;;;;;;;;;Undefined;;;;;;;;;;;;ЛОЖЬ;ИСТИНА;;;;;;;;;;;;;;;;;;;;;;;;;;;;
DO;93HS706A;;COM;930-20;A_C93021;MOS EN AREA C9302001CX;No;ИСТИНА;ЛОЖЬ;;125;;;;;;;0;;;;336;ИСТИНА;37830;None;;;;;;1=ENABLED;;;;;;;Undefined;491;3428;;;;;;;;;;ЛОЖЬ;;;;;;;;;;;;;;;;;;Output;EPKS_CCB;ESD_932_1;508;;;;;;;;
M;1049_6;;;;;;;ЛОЖЬ;ЛОЖЬ;;1049;;;;;;;0;;;;2515;ЛОЖЬ;0;;;;;;;;;;;;;;Undefined;;;;;;;;;;;;ЛОЖЬ;ИСТИНА;;;;;;;;;;;;;;;;;;;;;;;;;;;;
M;532_1023_2;;;;;93PAHH814_I;;ЛОЖЬ;ЛОЖЬ;;1023;;;;;;;0;;;;2297;ЛОЖЬ;0;;;;;;;0=TRIP INITIATOR;;;;;;;Undefined;;;;;;;;;;;;ЛОЖЬ;ИСТИНА;;;;;;;;;;;;;;;;;;;;;;;;;;;;
M;722_782_3;;;;;93TAHH884_I (AFTER OOS);;ЛОЖЬ;ЛОЖЬ;;782;;;;;;;0;;;;921;ЛОЖЬ;0;;;;;;;0=TRIP;;;;;;;Undefined;491;3428;;;;;;;;;;ЛОЖЬ;;;;;;;;;;;;;;;;;;;;;;;;;;;;;
M;C1039_1_H;;;;;Function block marker;;ЛОЖЬ;ЛОЖЬ;;1039;;;;;;;0;;;;2653;ЛОЖЬ;0;;;;;;;;;;;;;;Undefined;;;;;;;;;;;;ЛОЖЬ;ИСТИНА;;;;;;;;;;;;;;;;;;;;;;;;;;;;
M;316_7;;;;;;;ЛОЖЬ;ЛОЖЬ;;316;;;;;;;0;;;;4034;ЛОЖЬ;0;;;;;;;;;;;;;;Undefined;;;;;;;;;;;;ЛОЖЬ;ИСТИНА;;;;;;;;;;;;;;;;;;;;;;;;;;;;
M;C266_7_F;;;;;Function block marker;;ЛОЖЬ;ЛОЖЬ;;266;;;;;;;0;;;;3867;ЛОЖЬ;0;;;;;;;;;;;;;;Undefined;;;;;;;;;;;;ЛОЖЬ;ИСТИНА;;;;;;;;;;;;;;;;;;;;;;;;;;;;
M;706_815_4;;;;;93TAH852_PERM;;ЛОЖЬ;ЛОЖЬ;;815;;;;;;;0;;;;4122;ЛОЖЬ;0;;;;;;;0=ALARM;;;;;;;Undefined;;;;;;;;;;;;ЛОЖЬ;ИСТИНА;;;;;;;;;;;;;;;;;;;;;;;;;;;;
T;366_6;;;;;;;ЛОЖЬ;ЛОЖЬ;;366;;;;;;;;100 ms;5;;116;ЛОЖЬ;0;;;;;;;;;;;;;;Undefined;;;Delayed OFF with constant timer value;;;;;;;;;ЛОЖЬ;ИСТИНА;;;;;;;;;;;;;;;;;;;;;;;;;;;;
DO;93TAHH803_CA;;COM;930-20;A_C93021;CAUSE ALARM;No;ИСТИНА;ЛОЖЬ;;542;;;;;;;0;;;;1174;ЛОЖЬ;37240;None;;;;;;0=ALARM;;;;;;;Undefined;491;3428;;;;;;;;;;ЛОЖЬ;;;;;;;;;;;;;;;;;;Output;EPKS_CCB;ESD_932_1;728;;;;;;;;
M;C350_2_E;;;;;Function block marker;;ЛОЖЬ;ЛОЖЬ;;350;;;;;;;0;;;;1412;ЛОЖЬ;0;;;;;;;;;;;;;;Undefined;491;3428;;;;;;;;;;ЛОЖЬ;;;;;;;;;;;;;;;;;;;;;;;;;;;;;
R;274_276_3;;;;;93LI427;;ЛОЖЬ;ЛОЖЬ;;276;;Float;;;;;0;;;;48;ЛОЖЬ;0;;;;;;;;;;;;;;Undefined;;;;;;;;;;;;ЛОЖЬ;ИСТИНА;;;;;;;;;;;;;;;;;;;;;;;;;;;;
R;262_263_2;;;;;93LI416;;ЛОЖЬ;ЛОЖЬ;;263;;Float;;;;;0;;;;60;ЛОЖЬ;0;;;;;;;;;;;;;;Undefined;;;;;;;;;;;;ЛОЖЬ;ИСТИНА;;;;;;;;;;;;;;;;;;;;;;;;;;;;
M;C524_5_E;;;;;Function block marker;;ЛОЖЬ;ЛОЖЬ;;524;;;;;;;0;;;;4506;ЛОЖЬ;0;;;;;;;;;;;;;;Undefined;;;;;;;;;;;;ЛОЖЬ;ИСТИНА;;;;;;;;;;;;;;;;;;;;;;;;;;;;
BO;IB932_ESD1_T2;;COM;862-34;;TEMPERATURE C2;No;ЛОЖЬ;ЛОЖЬ;;17;;Word;;;;;0;;;;30;;0;;None;None;None;None;;;;;;;;;-XXXXX.X;;;;;;;;;;;;ЛОЖЬ;ИСТИНА;;;;;;;;;;;;;;;;;Output;EPKS_CCB;ESD_932_1;10287;;;;;;;;
M;564_636_1;;;;;93VAHH802_I;;ЛОЖЬ;ЛОЖЬ;;636;;;;;;;0;;;;1211;ЛОЖЬ;0;;;;;;;0=TRIP INITIATOR;;;;;;;Undefined;491;3428;;;;;;;;;;ЛОЖЬ;;;;;;;;;;;;;;;;;;;;;;;;;;;;;
DO;93TI757_MOC;;COM;930-20;A_C93021;MO CONFIRMED;No;ИСТИНА;ЛОЖЬ;;376;;;;;;;0;;;;736;ИСТИНА;37241;None;;;;;;1=CONFIRMED;;;;;;;Undefined;491;3428;;;;;;;;;;ЛОЖЬ;;;;;;;;;;;;;;;;;;Output;EPKS_CCB;ESD_932_1;793;;;;;;;;
M;722_7;;;;;;;ЛОЖЬ;ЛОЖЬ;;722;;;;;;;0;;;;4190;ЛОЖЬ;0;;;;;;;;;;;;;;Undefined;;;;;;;;;;;;ЛОЖЬ;ИСТИНА;;;;;;;;;;;;;;;;;;;;;;;;;;;;
DO;93FALL421_CA;;COM;930-20;A_C93021;CAUSE ALARM;No;ИСТИНА;ЛОЖЬ;;246;;;;;;;0;;;;3313;ЛОЖЬ;38462;None;;;;;;0=ALARM;0=ALARM;;;;;;Undefined;;;;;;;;;;;;ЛОЖЬ;ИСТИНА;;;;;;;;;;;;;;;;;Output;EPKS_CCB;ESD_932_1;1208;;;;;;;;
M;C528_6_E;;;;;Function block marker;;ЛОЖЬ;ЛОЖЬ;;528;;;;;;;0;;;;4495;ЛОЖЬ;0;;;;;;;;;;;;;;Undefined;;;;;;;;;;;;ЛОЖЬ;ИСТИНА;;;;;;;;;;;;;;;;;;;;;;;;;;;;
DO;PCDI_2_932_1_FLT_C;;COM;;;ESD_932_1 to-from CC_932_2;No;ИСТИНА;ЛОЖЬ;;21;;;;;;;0;;;;2084;ИСТИНА;37877;None;;;;;;1=ALARM;;;;;;;Undefined;491;3428;;;;;;;;;;ЛОЖЬ;;;;;;;;;;;;;;;;;;Output;EPKS_CCB;ESD_932_1;2037;;;;;;;;
DO;93TAHH862;;COM;930-20;A_C93021;C9302001CX H2O COOL CYL1;No;ИСТИНА;ЛОЖЬ;;716;;;;;;;0;;;;1521;ИСТИНА;37242;None;;;;;;0=TRIP;;;;;;;Undefined;491;3428;;;;;;;;;;ЛОЖЬ;;;;;;;;;;;;;;;;;;Output;EPKS_CCB;ESD_932_1;759;;;;;;;;
M;1013_6;;;;;;;ЛОЖЬ;ЛОЖЬ;;1013;;;;;;;0;;;;3667;ЛОЖЬ;0;;;;;;;;;;;;;;Undefined;;;;;;;;;;;;ЛОЖЬ;ИСТИНА;;;;;;;;;;;;;;;;;;;;;;;;;;;;
M;532_813_5;;;;;93PAH815_PERM;;ЛОЖЬ;ЛОЖЬ;;813;;;;;;;0;;;;4048;ЛОЖЬ;0;;;;;;;0=ALARM;;;;;;;Undefined;;;;;;;;;;;;ЛОЖЬ;ИСТИНА;;;;;;;;;;;;;;;;;;;;;;;;;;;;
DO;93FALL420;;COM;930-20;A_C93021;H2O SYS OIL C9302001AX;No;ИСТИНА;ЛОЖЬ;;244;;;;;;;0;;;;282;ИСТИНА;37243;None;;;;;;0=TRIP;;;;;;;Undefined;491;3428;;;;;;;;;;ЛОЖЬ;;;;;;;;;;;;;;;;;;Output;EPKS_CCB;ESD_932_1;417;;;;;;;;
M;C238_2_D;;;;;Function block marker;;ЛОЖЬ;ЛОЖЬ;;238;;;;;;;0;;;;2807;ЛОЖЬ;0;;;;;;;;;;;;;;Undefined;491;3428;;;;;;;;;;ЛОЖЬ;;;;;;;;;;;;;;;;;;;;;;;;;;;;;
AI;93TI884;;FLD;930-20;A_C93021;C-9302001CX COOL H2O OIL;Yes;ИСТИНА;ЛОЖЬ;;722;ИСТИНА;Float;4-20mA;-50;100;°C;;;;;532;ЛОЖЬ;37968;;None;None;None;None;;;;-87.5;-87.5;;;;-XXXXX.X;3.76;21;;20.04;11;15;1;Bottom scale;;;;ЛОЖЬ;;ЛОЖЬ;;;;;;;;;;;;;;;;Output;EPKS_CCB;ESD_932_1;10160;;;;;;;;
M;564_7;;;;;;;ЛОЖЬ;ЛОЖЬ;;564;;;;;;;0;;;;3670;ЛОЖЬ;0;;;;;;;;;;;;;;Undefined;;;;;;;;;;;;ЛОЖЬ;ИСТИНА;;;;;;;;;;;;;;;;;;;;;;;;;;;;
M;1029_2;;;;;;;ЛОЖЬ;ЛОЖЬ;;1029;;;;;;;0;;;;2252;ЛОЖЬ;0;;;;;;;;;;;;;;Undefined;;;;;;;;;;;;ЛОЖЬ;ИСТИНА;;;;;;;;;;;;;;;;;;;;;;;;;;;;
T;2450_1;;;930-20;;;;ЛОЖЬ;ЛОЖЬ;;2450;;;;;;;;100 ms;10;;0;ЛОЖЬ;0;;;;;;;;;;;;;;Undefined;491;3428;Delayed OFF with constant timer value;;;;;;;;;ЛОЖЬ;;;;;;;;;;;;;;;;;;;;;;;;;;;;;
DO;93TAHH753_CA;;COM;930-20;A_C93021;CAUSE ALARM;No;ИСТИНА;ЛОЖЬ;;372;;;;;;;0;;;;710;ЛОЖЬ;37245;None;;;;;;0=ALARM;;;;;;;Undefined;491;3428;;;;;;;;;;ЛОЖЬ;;;;;;;;;;;;;;;;;;Output;EPKS_CCB;ESD_932_1;710;;;;;;;;
M;1005_9;;;;;;;ЛОЖЬ;ЛОЖЬ;;1005;;;;;;;0;;;;2050;ЛОЖЬ;0;;;;;;;;;;;;;;Undefined;;;;;;;;;;;;ЛОЖЬ;ИСТИНА;;;;;;;;;;;;;;;;;;;;;;;;;;;;
DO;93PALL087_CA;;COM;930-20;A_93020;CAUSE ALARM;No;ЛОЖЬ;ЛОЖЬ;;310;;;;;;;0;;;;3253;ЛОЖЬ;0;None;;;;;;0=ALARM;;;;;;;Undefined;;;;;;;;;;;;ЛОЖЬ;ИСТИНА;;;;;;;;;;;;;;;;;Output;EPKS_CCB;ESD_932_1;1192;;;;;;;;
M;364_410_2;;;;;93PAHH769_I;;ЛОЖЬ;ЛОЖЬ;;410;;;;;;;0;;;;637;ЛОЖЬ;0;;;;;;;0=TRIP INITIATOR;;;;;;;Undefined;491;3428;;;;;;;;;;ЛОЖЬ;;;;;;;;;;;;;;;;;;;;;;;;;;;;;
T;542_5;;;;;;;ЛОЖЬ;ЛОЖЬ;;542;;;;;;;;100 ms;5;;1324;ЛОЖЬ;0;;;;;;;;;;;;;;Undefined;;;Delayed OFF with constant timer value;;;;;;;;;ЛОЖЬ;ИСТИНА;;;;;;;;;;;;;;;;;;;;;;;;;;;;
DO;93FI423_TF;;COM;930-20;A_C93021;TRANSM. FAIL;No;ЛОЖЬ;ЛОЖЬ;;248;;;;;;;0;;;;3753;ИСТИНА;38461;None;;;;;;0=ALARM;0=ALARM;;;;;;Undefined;;;;;;;;;;;;ЛОЖЬ;ИСТИНА;;;;;;;;;;;;;;;;;Output;EPKS_CCB;ESD_932_1;1300;;;;;;;;
DO;93TI483A_TF;;COM;930-20;A_93020;TRANSM. FAIL;No;ЛОЖЬ;ЛОЖЬ;;232;;;;;;;0;;;;3649;ИСТИНА;38460;None;;;;;;0=ALARM;0=ALARM;;;;;;Undefined;;;;;;;;;;;;ЛОЖЬ;ИСТИНА;;;;;;;;;;;;;;;;;Output;EPKS_CCB;ESD_932_1;1319;;;;;;;;
BO;93FI426_LL;;COM;930-20;A_C93021;LL TRIP SETPOINT (kg/h);No;ИСТИНА;ЛОЖЬ;;250;;Float;;;;;0;;;;760;;38165;;;;;;;;;0;0;;;;-XXXXX.X;491;3428;;;;;;;;;;ЛОЖЬ;;;;;;;;;;;;;;;;;;Output;EPKS_CCB;ESD_932_1;10178;;;;;;;;
DO;93LAHH804_CA;;COM;;;CAUSE ALARM;No;ЛОЖЬ;ЛОЖЬ;;526;;;;;;;0;;;;3320;ЛОЖЬ;0;None;;;;;;0=ALARM;0=ALARM;;;;;;Undefined;;;;;;;;;;;;ЛОЖЬ;ИСТИНА;;;;;;;;;;;;;;;;;Output;EPKS_CCB;ESD_932_1;1215;;;;;;;;
M;542_1025_2;;;;;93TAHH803_I;;ЛОЖЬ;ЛОЖЬ;;1025;;;;;;;0;;;;2305;ЛОЖЬ;0;;;;;;;0=TRIP INITIATOR;;;;;;;Undefined;;;;;;;;;;;;ЛОЖЬ;ИСТИНА;;;;;;;;;;;;;;;;;;;;;;;;;;;;
BO;93TI834_HH;;COM;930-20;A_C93021;HH TRIP SETPOINT (°C);No;ИСТИНА;ЛОЖЬ;;558;;Float;;;;;0;;;;672;;38161;;;;;;;;;0;0;;;;-XXXXX.X;491;3428;;;;;;;;;;ЛОЖЬ;;;;;;;;;;;;;;;;;;Output;EPKS_CCB;ESD_932_1;10266;;;;;;;;
M;378_2;;;;;;;ЛОЖЬ;ЛОЖЬ;;378;;;;;;;0;;;;744;ЛОЖЬ;0;;;;;;;;;;;;;;Undefined;491;3428;;;;;;;;;;ЛОЖЬ;;;;;;;;;;;;;;;;;;;;;;;;;;;;;
M;C368_5_F;;;;;Function block marker;;ЛОЖЬ;ЛОЖЬ;;368;;;;;;;0;;;;3549;ЛОЖЬ;0;;;;;;;;;;;;;;Undefined;;;;;;;;;;;;ЛОЖЬ;ИСТИНА;;;;;;;;;;;;;;;;;;;;;;;;;;;;
DO;93TI810_TF;;COM;;;TRANSM FAULT;No;ЛОЖЬ;ЛОЖЬ;;550;;;;;;;0;;;;561;ИСТИНА;38553;None;;;;;;0=ALARM;0=ALARM;;;;;;Undefined;;;;;;;;;;;;ЛОЖЬ;ИСТИНА;;;;;;;;;;;;;;;;;Output;EPKS_CCB;ESD_932_1;1345;;;;;;;;
M;430_1;;;;;;;ЛОЖЬ;ЛОЖЬ;;430;;;;;;;0;;;;4217;ЛОЖЬ;0;;;;;;;;;;;;;;Undefined;;;;;;;;;;;;ЛОЖЬ;ИСТИНА;;;;;;;;;;;;;;;;;;;;;;;;;;;;
DO;93XSC415_P;;COM;;;SHUTTER 93XV415;No;ИСТИНА;ЛОЖЬ;;322;;;;;;;0;;;;49;ЛОЖЬ;38002;None;;;;;;1=CLOSE;;;;;;;Undefined;;;;;;;;;;;;ЛОЖЬ;ИСТИНА;;;;;;;;;;;;;;;;;;;;;;;;;Output;CC_CCB_1;ESD_932_1;77
T;274_2;;;;;;;ЛОЖЬ;ЛОЖЬ;;274;;;;;;;;100 ms;5;;876;ЛОЖЬ;0;;;;;;;;;;;;;;Undefined;;;Delayed OFF with constant timer value;;;;;;;;;ЛОЖЬ;ИСТИНА;;;;;;;;;;;;;;;;;;;;;;;;;;;;
DO;93LI434_MOC;;COM;930-20;A_93020;MO CONFIRMED;No;ИСТИНА;ЛОЖЬ;;284;;;;;;;0;;;;468;ИСТИНА;37246;None;;;;;;1=CONFIRMED;;;;;;;Undefined;491;3428;;;;;;;;;;ЛОЖЬ;;;;;;;;;;;;;;;;;;Output;EPKS_CCB;ESD_932_1;559;;;;;;;;
DO;93TAH878;;COM;;;HI ALARM;No;ЛОЖЬ;ЛОЖЬ;;724;;;;;;;0;;;;3608;ЛОЖЬ;0;None;;;;;;0=ALARM;0=ALARM;;;;;;Undefined;;;;;;;;;;;;ЛОЖЬ;ИСТИНА;;;;;;;;;;;;;;;;;Output;EPKS_CCB;ESD_932_1;1434;;;;;;;;
BO;93TI768_HH;;COM;930-20;A_C93021;HH TRIP SETPOINT (°C);No;ИСТИНА;ЛОЖЬ;;386;;Float;;;;;0;;;;624;;38157;;;;;;;;;0;0;;;;-XXXXX.X;491;3428;;;;;;;;;;ЛОЖЬ;;;;;;;;;;;;;;;;;;Output;EPKS_CCB;ESD_932_1;10256;;;;;;;;
M;C1013_1_H;;;;;Function block marker;;ЛОЖЬ;ЛОЖЬ;;1013;;;;;;;0;;;;2431;ЛОЖЬ;0;;;;;;;;;;;;;;Undefined;;;;;;;;;;;;ЛОЖЬ;ИСТИНА;;;;;;;;;;;;;;;;;;;;;;;;;;;;
DO;93XY450_C;;COM;;;AUTO CLOSURE 93XV450;No;ИСТИНА;ЛОЖЬ;;268;;;;;;;0;;;;1801;ИСТИНА;37247;None;;;;;;0=TRIP;;;;;;;Undefined;491;3428;;;;;;;;;;ЛОЖЬ;;;;;;;;;;;;;;;;;;Output;EPKS_CCB;ESD_932_1;1019;;;;;;;;
M;714_1045_2;;;;;93TAHH861_I;;ЛОЖЬ;ЛОЖЬ;;1045;;;;;;;0;;;;2549;ЛОЖЬ;0;;;;;;;0=TRIP INITIATOR;;;;;;;Undefined;;;;;;;;;;;;ЛОЖЬ;ИСТИНА;;;;;;;;;;;;;;;;;;;;;;;;;;;;
DO;93TAHH484_FU;;COM;930-20;A_93020;GAS B9302002C C9302001CX;No;ИСТИНА;ЛОЖЬ;;1051;;;;;;;0;;;;2605;ЛОЖЬ;38327;None;;;;;;1=FIRST;;;;;;;Undefined;;;;;;;;;;;;ЛОЖЬ;ИСТИНА;;;;;;;;;;;;;;;;;Output;EPKS_CCB;ESD_932_1;1168;;;;;;;;
M;448_9;;;;;;;ЛОЖЬ;ЛОЖЬ;;448;;;;;;;0;;;;1789;ЛОЖЬ;0;;;;;;;;;;;;;;Undefined;491;3428;;;;;;;;;;ЛОЖЬ;;;;;;;;;;;;;;;;;;;;;;;;;;;;;
DI;932FLTRES_SYS20;;COM;930-20;;RESET NON CRITICAL FAULTS;No;ЛОЖЬ;ИСТИНА;;17;;;;;;;0;;;;2854;ЛОЖЬ;0;None;;;;;;1=RESET;;;;;;;Undefined;;;;;;;;Low;;;;ЛОЖЬ;ИСТИНА;;;ЛОЖЬ;;;;;;;;;;;;;;Input;EPKS_CCB;ESD_932_1;31;;;;;;;;
M;C538_7_F;;;;;Function block marker;;ЛОЖЬ;ЛОЖЬ;;538;;;;;;;0;;;;298;ЛОЖЬ;0;;;;;;;;;;;;;;Undefined;;;;;;;;;;;;ЛОЖЬ;ИСТИНА;;;;;;;;;;;;;;;;;;;;;;;;;;;;
DO;93TAHH808_CA;;COM;;;CAUSE ALARM;No;ЛОЖЬ;ЛОЖЬ;;548;;;;;;;0;;;;3332;ЛОЖЬ;0;None;;;;;;0=ALARM;0=ALARM;;;;;;Undefined;;;;;;;;;;;;ЛОЖЬ;ИСТИНА;;;;;;;;;;;;;;;;;Output;EPKS_CCB;ESD_932_1;1227;;;;;;;;
M;C1021_1_M;;;;;Function block marker;;ЛОЖЬ;ЛОЖЬ;;1021;;;;;;;0;;;;2418;ЛОЖЬ;0;;;;;;;;;;;;;;Undefined;;;;;;;;;;;;ЛОЖЬ;ИСТИНА;;;;;;;;;;;;;;;;;;;;;;;;;;;;
DO;93FALL422_FU;;COM;930-20;A_C93021;H2O SYS OIL C9302001BX;No;ИСТИНА;ЛОЖЬ;;1033;;;;;;;0;;;;2363;ЛОЖЬ;38285;None;;;;;;1=FIRST;;;;;;;Undefined;;;;;;;;;;;;ЛОЖЬ;ИСТИНА;;;;;;;;;;;;;;;;;Output;EPKS_CCB;ESD_932_1;1126;;;;;;;;
AI;93TI987;;FLD;930-20;A_P93020;HERM GLASS P-9302001AX;Yes;ИСТИНА;ЛОЖЬ;;292;ИСТИНА;Float;4-20mA;-50;120;°C;;;;;328;ЛОЖЬ;37961;;None;None;None;None;;;;-92.5;-92.5;;;;-XXXXX.X;3.76;21;;20.04;5;15;1;Bottom scale;;;;ЛОЖЬ;;ЛОЖЬ;;;;;;;;;;;;;;;;Output;EPKS_CCB;ESD_932_1;10169;;;;;;;;
BO;93TI829_H;;COM;;;HI ALARM SETPOINT;No;ЛОЖЬ;ЛОЖЬ;;562;;Float;;;;;0;;;;2036;;0;;None;None;None;None;;;;;;;;;-XXXXX.X;;;;;;;;;;;;ЛОЖЬ;ИСТИНА;;;;;;;;;;;;;;;;;Output;EPKS_CCB;ESD_932_1;10426;;;;;;;;
M;C278_4_E;;;;;Function block marker;;ЛОЖЬ;ЛОЖЬ;;278;;;;;;;0;;;;3840;ЛОЖЬ;0;;;;;;;;;;;;;;Undefined;;;;;;;;;;;;ЛОЖЬ;ИСТИНА;;;;;;;;;;;;;;;;;;;;;;;;;;;;
M;C363_4_G;;;;;Function block marker;;ЛОЖЬ;ЛОЖЬ;;363;;;;;;;0;;;;4631;ЛОЖЬ;0;;;;;;;;;;;;;;Undefined;;;;;;;;;;;;ЛОЖЬ;ИСТИНА;;;;;;;;;;;;;;;;;;;;;;;;;;;;
DO;93XY464;;MCC;930-20;A_C93021;AUTO OPENING 93XV464;Yes;ИСТИНА;ЛОЖЬ;;648;;;;;;;0;;;;106;ЛОЖЬ;37248;None;;;;;;1=OPEN;;;;;;;Undefined;491;3428;;20.06;3;3;1;Appl;;;;ЛОЖЬ;;;;;;;;;;;;;;;;;;;;;;;;;;;;;
M;C558_6_E;;;;;Function block marker;;ЛОЖЬ;ЛОЖЬ;;558;;;;;;;0;;;;4394;ЛОЖЬ;0;;;;;;;;;;;;;;Undefined;;;;;;;;;;;;ЛОЖЬ;ИСТИНА;;;;;;;;;;;;;;;;;;;;;;;;;;;;
AI;93FI029;;FLD;930-20;A_93020;FUEL GAS FLOWRATE;Yes;ИСТИНА;ЛОЖЬ;;320;ИСТИНА;Float;4-20mA;0;630;kg/h;;;;;460;ЛОЖЬ;37764;;None;None;None;None;;;;-157.4;-157.4;;;;-XXXXX.X;3.64;22;;20.04;9;14;1;Bottom scale;;;;ЛОЖЬ;;ЛОЖЬ;;;;;;;;;;;;;;;;Output;EPKS_CCB;ESD_932_1;10069;;;;;;;;
DO;93TAHH861;;COM;930-20;A_C93021;C9302001CX TMP GAS CYL1;No;ИСТИНА;ЛОЖЬ;;714;;;;;;;0;;;;1509;ИСТИНА;37250;None;;;;;;0=TRIP;;;;;;;Undefined;491;3428;;;;;;;;;;ЛОЖЬ;;;;;;;;;;;;;;;;;;Output;EPKS_CCB;ESD_932_1;757;;;;;;;;
M;258_1;;;930-20;;;;ЛОЖЬ;ЛОЖЬ;;258;;;;;;;0;;;;353;ЛОЖЬ;0;;;;;;;;;;;;;;Undefined;491;3428;;;;;;;;;;ЛОЖЬ;;;;;;;;;;;;;;;;;;;;;;;;;;;;;
M;C262_4_E;;;;;Function block marker;;ЛОЖЬ;ЛОЖЬ;;262;;;;;;;0;;;;216;ЛОЖЬ;0;;;;;;;;;;;;;;Undefined;;;;;;;;;;;;ЛОЖЬ;ИСТИНА;;;;;;;;;;;;;;;;;;;;;;;;;;;;
M;C234_6_E;;;;;Function block marker;;ЛОЖЬ;ЛОЖЬ;;234;;;;;;;0;;;;3956;ЛОЖЬ;0;;;;;;;;;;;;;;Undefined;;;;;;;;;;;;ЛОЖЬ;ИСТИНА;;;;;;;;;;;;;;;;;;;;;;;;;;;;
M;C798_4_D;;;;;Function block marker;;ЛОЖЬ;ЛОЖЬ;;798;;;;;;;0;;;;1173;ЛОЖЬ;0;;;;;;;;;;;;;;Undefined;491;3428;;;;;;;;;;ЛОЖЬ;;;;;;;;;;;;;;;;;;;;;;;;;;;;;
DO;93PIHH827A_CA;;COM;;;CAUSE ALARM;No;ЛОЖЬ;ЛОЖЬ;;538;;;;;;;0;;;;3329;ЛОЖЬ;0;None;;;;;;0=ALARM;0=ALARM;;;;;;Undefined;;;;;;;;;;;;ЛОЖЬ;ИСТИНА;;;;;;;;;;;;;;;;;Output;EPKS_CCB;ESD_932_1;1223;;;;;;;;
BO;93TI835_H;;COM;;;HI ALARM SETPOINT;No;ЛОЖЬ;ЛОЖЬ;;558;;Float;;;;;0;;;;2040;;0;;None;None;None;None;;;;;;;;;-XXXXX.X;;;;;;;;;;;;ЛОЖЬ;ИСТИНА;;;;;;;;;;;;;;;;;Output;EPKS_CCB;ESD_932_1;10427;;;;;;;;
M;524_628_2;;;;;93LAHH801_I;;ЛОЖЬ;ЛОЖЬ;;628;;;;;;;0;;;;803;ЛОЖЬ;0;;;;;;;0=TRIP INITIATOR;;;;;;;Undefined;491;3428;;;;;;;;;;ЛОЖЬ;;;;;;;;;;;;;;;;;;;;;;;;;;;;;
M;C382_2_E;;;;;Function block marker;;ЛОЖЬ;ЛОЖЬ;;382;;;;;;;0;;;;2703;ЛОЖЬ;0;;;;;;;;;;;;;;Undefined;491;3428;;;;;;;;;;ЛОЖЬ;;;;;;;;;;;;;;;;;;;;;;;;;;;;;
DO;93LI436_TF;;COM;930-20;A_93020;TRANSM. FAIL;No;ИСТИНА;ЛОЖЬ;;288;;;;;;;0;;;;471;ИСТИНА;37251;None;;;;;;0=FAIL;;;;;;;Undefined;491;3428;;;;;;;;;;ЛОЖЬ;;;;;;;;;;;;;;;;;;Output;EPKS_CCB;ESD_932_1;562;;;;;;;;
M;C1041_1_M;;;;;Function block marker;;ЛОЖЬ;ЛОЖЬ;;1041;;;;;;;0;;;;2652;ЛОЖЬ;0;;;;;;;;;;;;;;Undefined;;;;;;;;;;;;ЛОЖЬ;ИСТИНА;;;;;;;;;;;;;;;;;;;;;;;;;;;;
M;C1027_1_K;;;;;Function block marker;;ЛОЖЬ;ЛОЖЬ;;1027;;;;;;;0;;;;2398;ЛОЖЬ;0;;;;;;;;;;;;;;Undefined;;;;;;;;;;;;ЛОЖЬ;ИСТИНА;;;;;;;;;;;;;;;;;;;;;;;;;;;;
M;1309_1307_1;;;930-20;A_93020;COMMON TF;;ЛОЖЬ;ЛОЖЬ;;1307;;;;;;;0;;;;4210;ЛОЖЬ;0;;;;;;;0=ALARM;;;;;;;Undefined;;;;;;;;;;;;ЛОЖЬ;ИСТИНА;;;;;;;;;;;;;;;;;;;;;;;;;;;;
DO;93TAL802;;COM;;;LO ALARM;No;ЛОЖЬ;ЛОЖЬ;;543;;;;;;;0;;;;2816;ЛОЖЬ;0;None;;;;;;0=ALARM;0=ALARM;;;;;;Undefined;;;;;;;;;;;;ЛОЖЬ;ИСТИНА;;;;;;;;;;;;;;;;;Output;EPKS_CCB;ESD_932_1;1412;;;;;;;;
M;784_5;;;;;;;ЛОЖЬ;ЛОЖЬ;;784;;;;;;;0;;;;1772;ЛОЖЬ;0;;;;;;;;;;;;;;Undefined;491;3428;;;;;;;;;;ЛОЖЬ;;;;;;;;;;;;;;;;;;;;;;;;;;;;;
M;724_816_3;;;;;93TAH878_PERM;;ЛОЖЬ;ЛОЖЬ;;816;;;;;;;0;;;;4185;ЛОЖЬ;0;;;;;;;0=ALARM;;;;;;;Undefined;;;;;;;;;;;;ЛОЖЬ;ИСТИНА;;;;;;;;;;;;;;;;;;;;;;;;;;;;
BO;93PI865_L;;COM;;;LO ALARM SETPOINT;No;ЛОЖЬ;ЛОЖЬ;;697;;Float;;;;;0;;;;2056;;0;;None;None;None;None;;;;;;;;;-XXXXX.X;;;;;;;;;;;;ЛОЖЬ;ИСТИНА;;;;;;;;;;;;;;;;;Output;EPKS_CCB;ESD_932_1;10431;;;;;;;;
M;350_1;;;;;;;ЛОЖЬ;ЛОЖЬ;;350;;;;;;;0;;;;867;ЛОЖЬ;0;;;;;;;;;;;;;;Undefined;491;3428;;;;;;;;;;ЛОЖЬ;;;;;;;;;;;;;;;;;;;;;;;;;;;;;
M;430_1053_2;;;;;C-9302001 EMERGENCY STOP;;ЛОЖЬ;ЛОЖЬ;;1053;;;;;;;0;;;;2566;ЛОЖЬ;0;;;;;;;0=STOP;;;;;;;Undefined;;;;;;;;;;;;ЛОЖЬ;ИСТИНА;;;;;;;;;;;;;;;;;;;;;;;;;;;;
DI;93HS492B_P;;COM;;;START COMPRESSOR;No;ИСТИНА;ИСТИНА;;416;;;;;;;0;;;;2106;ИСТИНА;37882;None;;;;;;1=START;;;;;;;Undefined;491;3428;;;;;;Low;;;;ЛОЖЬ;;;;ЛОЖЬ;;;;;;;;;;;;;;Output;EPKS_CCB;ESD_932_1;2001;;;;;Input;CC_CCB_1;ESD_932_1;11
DO;93PAHH771;;COM;930-20;A_C93021;C9302001AX PRS GAS CYL2;No;ИСТИНА;ЛОЖЬ;;366;;;;;;;0;;;;668;ИСТИНА;37252;None;;;;;;0=TRIP;;;;;;;Undefined;491;3428;;;;;;;;;;ЛОЖЬ;;;;;;;;;;;;;;;;;;Output;EPKS_CCB;ESD_932_1;581;;;;;;;;
DO;93FALL804;;COM;930-20;A_C93021;C9302001BX COOL H2O CYL1;No;ИСТИНА;ЛОЖЬ;;520;;;;;;;0;;;;952;ИСТИНА;37253;None;;;;;;0=TRIP;;;;;;;Undefined;491;3428;;;;;;;;;;ЛОЖЬ;;;;;;;;;;;;;;;;;;Output;EPKS_CCB;ESD_932_1;433;;;;;;;;
M;121_131_3;;;;;ESD_001_1-ESD_932_1;;ЛОЖЬ;ЛОЖЬ;;131;;;;;;;0;;;;316;ЛОЖЬ;0;;;;;;;0=FAULT;;;;;;;Undefined;491;3428;;;;;;;;;;ЛОЖЬ;;;;;;;;;;;;;;;;;;;;;;;;;;;;;
DO;93XY459_C;;COM;;;AUTO CLOSURE 93XV459;No;ИСТИНА;ЛОЖЬ;;278;;;;;;;0;;;;1807;ИСТИНА;37249;None;;;;;;0=TRIP;;;;;;;Undefined;491;3428;;;;;;;;;;ЛОЖЬ;;;;;;;;;;;;;;;;;;Output;EPKS_CCB;ESD_932_1;1025;;;;;;;;
DI;20-ExtComFaultCC4;;SYS;;;Ext com fault Com ch 4;Yes;ЛОЖЬ;;;16;;;;;;;;;;;9;ЛОЖЬ;0;None;;;;;;;;;;;;;Undefined;491;3428;;;;;;;;;;ЛОЖЬ;;;;ЛОЖЬ;;;;;;;;;;;;;;;;;;;;;;;;;
M;376_160_1;;;;;93TT757;;ЛОЖЬ;ЛОЖЬ;;160;;;;;;;0;;;;1095;ЛОЖЬ;0;;;;;;;1=MO CONFIRMED;;;;;;;Undefined;491;3428;;;;;;;;;;ЛОЖЬ;;;;;;;;;;;;;;;;;;;;;;;;;;;;;
M;C1009_1_M;;;;;Function block marker;;ЛОЖЬ;ЛОЖЬ;;1009;;;;;;;0;;;;2448;ЛОЖЬ;0;;;;;;;;;;;;;;Undefined;;;;;;;;;;;;ЛОЖЬ;ИСТИНА;;;;;;;;;;;;;;;;;;;;;;;;;;;;
DO;93PDAHH780;;COM;930-20;A_C93021;C9302001AX DPRS GAS CYL1;No;ИСТИНА;ЛОЖЬ;;358;;;;;;;0;;;;622;ИСТИНА;37254;None;;;;;;0=TRIP;;;;;;;Undefined;491;3428;;;;;;;;;;ЛОЖЬ;;;;;;;;;;;;;;;;;;Output;EPKS_CCB;ESD_932_1;639;;;;;;;;
DO;93PALL764A_P;;COM;;;INDICATION LIGHT;No;ИСТИНА;ЛОЖЬ;;410;;;;;;;0;;;;813;ЛОЖЬ;37977;None;;;;;;1=ACTIVE;;;;;;;Undefined;491;3428;;;;;;;;;;ЛОЖЬ;;;;;;;;;;;;;;;;;;;;;;;;;;Output;CC_CCB_1;ESD_932_1;38
DO;93LALL436_P;;COM;930-20;A_93020;HYD GAS COND  B9302003B;No;ИСТИНА;ЛОЖЬ;;288;;;;;;;0;;;;544;ЛОЖЬ;37978;None;;;;;;1=ACTIVE;;;;;;;Undefined;491;3428;;;;;;;;;;ЛОЖЬ;;;;;;;;;;;;;;;;;;;;;;;;;;Output;CC_CCB_1;ESD_932_1;65
M;C688_6_F;;;;;Function block marker;;ЛОЖЬ;ЛОЖЬ;;688;;;;;;;0;;;;4364;ЛОЖЬ;0;;;;;;;;;;;;;;Undefined;;;;;;;;;;;;ЛОЖЬ;ИСТИНА;;;;;;;;;;;;;;;;;;;;;;;;;;;;
DO;93LY802;;FLD;930-20;A_C93021;C-9302001BX DRAIN 1ST ST;Yes;ИСТИНА;ЛОЖЬ;;650;;;;;;;0;;;;8;ЛОЖЬ;37255;None;;;;;;1=OPEN;;;;;;;Undefined;491;3428;;20.05;1;1;1;Appl;;;;ЛОЖЬ;;;;;;;;;;;;;;;;;;;;;;;;;;;;;
M;266_8;;;;;;;ЛОЖЬ;ЛОЖЬ;;266;;;;;;;0;;;;3800;ЛОЖЬ;0;;;;;;;;;;;;;;Undefined;;;;;;;;;;;;ЛОЖЬ;ИСТИНА;;;;;;;;;;;;;;;;;;;;;;;;;;;;
M;564_8;;;;;;;ЛОЖЬ;ЛОЖЬ;;564;;;;;;;0;;;;3671;ЛОЖЬ;0;;;;;;;;;;;;;;Undefined;;;;;;;;;;;;ЛОЖЬ;ИСТИНА;;;;;;;;;;;;;;;;;;;;;;;;;;;;
DI;93LI423_MOR;;COM;930-20;A_93020;MO REQUEST;No;ИСТИНА;ИСТИНА;;268;;;;;;;0;;;;2873;ЛОЖЬ;37256;None;;;;;;1=REQUEST;;;;;;;Undefined;491;3428;;;;;;Freeze;;;;ЛОЖЬ;;;;ЛОЖЬ;;;;;;;;;;;;;;Input;EPKS_CCB;ESD_932_1;42;;;;;;;;
DO;93XY456_C;;COM;;;AUTO CLOSURE 93XV456;No;ИСТИНА;ЛОЖЬ;;274;;;;;;;0;;;;1804;ИСТИНА;37283;None;;;;;;0=TRIP;;;;;;;Undefined;491;3428;;;;;;;;;;ЛОЖЬ;;;;;;;;;;;;;;;;;;Output;EPKS_CCB;ESD_932_1;1023;;;;;;;;
M;C1011_1_K;;;;;Function block marker;;ЛОЖЬ;ЛОЖЬ;;1011;;;;;;;0;;;;2440;ЛОЖЬ;0;;;;;;;;;;;;;;Undefined;;;;;;;;;;;;ЛОЖЬ;ИСТИНА;;;;;;;;;;;;;;;;;;;;;;;;;;;;
DO;93TAHH837_CA;;COM;930-20;A_C93021;CAUSE ALARM;No;ИСТИНА;ЛОЖЬ;;392;;;;;;;0;;;;830;ЛОЖЬ;37257;None;;;;;;0=ALARM;;;;;;;Undefined;491;3428;;;;;;;;;;ЛОЖЬ;;;;;;;;;;;;;;;;;;Output;EPKS_CCB;ESD_932_1;748;;;;;;;;
M;354_410_2;;;;;93LAHH751_I;;ЛОЖЬ;ЛОЖЬ;;410;;;;;;;0;;;;688;ЛОЖЬ;0;;;;;;;0=TRIP INITIATOR;;;;;;;Undefined;491;3428;;;;;;;;;;ЛОЖЬ;;;;;;;;;;;;;;;;;;;;;;;;;;;;;
DI;20-CP1_Running;;SYS;;;CP 1 running;Yes;ЛОЖЬ;;;16;;;;;;;;;;;18;ЛОЖЬ;0;None;;;;;;;;;;;;;Undefined;491;3428;;;;;;;;;;ЛОЖЬ;;;;ЛОЖЬ;;;;;;;;;;;;;;;;;;;;;;;;;
BO;93TI758_H;;COM;;;HI ALARM SETPOINT;No;ЛОЖЬ;ЛОЖЬ;;378;;Float;;;;;0;;;;236;;0;;None;None;None;None;;;;;;;;;-XXXXX.X;;;;;;;;;;;;ЛОЖЬ;ИСТИНА;;;;;;;;;;;;;;;;;Output;EPKS_CCB;ESD_932_1;10404;;;;;;;;
DO;93PALL461_P;;COM;930-20;A_93020;AIR TO CRL AND MSR DEVS;No;ИСТИНА;ЛОЖЬ;;236;;;;;;;0;;;;546;ЛОЖЬ;37979;None;;;;;;1=ACTIVE;;;;;;;Undefined;491;3428;;;;;;;;;;ЛОЖЬ;;;;;;;;;;;;;;;;;;;;;;;;;;Output;CC_CCB_1;ESD_932_1;67
M;C234_6_G;;;;;Function block marker;;ЛОЖЬ;ЛОЖЬ;;234;;;;;;;0;;;;3958;ЛОЖЬ;0;;;;;;;;;;;;;;Undefined;;;;;;;;;;;;ЛОЖЬ;ИСТИНА;;;;;;;;;;;;;;;;;;;;;;;;;;;;
AI;93FI023;;FLD;930-20;A_93020;HYDROGEN-CONTAINING GAS;Yes;ИСТИНА;ЛОЖЬ;;316;ИСТИНА;Float;4-20mA;0;160;kg/h;;;;;180;ЛОЖЬ;37759;;None;None;None;None;;;;-40;-40;;;;-XXXXX.X;3.64;22;;20.04;1;12;1;Bottom scale;;;;ЛОЖЬ;;ЛОЖЬ;;;;;;;;;;;;;;;;Output;EPKS_CCB;ESD_932_1;10067;;;;;;;;
DO;93PI877A_TF;;COM;;;TRANSM FAULT;No;ЛОЖЬ;ЛОЖЬ;;702;;;;;;;0;;;;1816;ИСТИНА;38552;None;;;;;;0=ALARM;0=ALARM;;;;;;Undefined;;;;;;;;;;;;ЛОЖЬ;ИСТИНА;;;;;;;;;;;;;;;;;Output;EPKS_CCB;ESD_932_1;1378;;;;;;;;
T;388_6;;;;;;;ЛОЖЬ;ЛОЖЬ;;388;;;;;;;;100 ms;5;;744;ЛОЖЬ;0;;;;;;;;;;;;;;Undefined;;;Delayed OFF with constant timer value;;;;;;;;;ЛОЖЬ;ИСТИНА;;;;;;;;;;;;;;;;;;;;;;;;;;;;
DO;93TI936_TF;;COM;930-20;A_C93021;TRANSM. FAIL;No;ИСТИНА;ЛОЖЬ;;724;;;;;;;0;;;;1353;ИСТИНА;37259;None;;;;;;0=FAIL;;;;;;;Undefined;491;3428;;;;;;;;;;ЛОЖЬ;;;;;;;;;;;;;;;;;;Output;EPKS_CCB;ESD_932_1;854;;;;;;;;
DI;93TI761_MOR;;COM;930-20;A_C93021;MO REQUEST;No;ИСТИНА;ИСТИНА;;380;;;;;;;0;;;;2930;ЛОЖЬ;37260;None;;;;;;1=REQUEST;;;;;;;Undefined;491;3428;;;;;;Freeze;;;;ЛОЖЬ;;;;ЛОЖЬ;;;;;;;;;;;;;;Input;EPKS_CCB;ESD_932_1;99;;;;;;;;
M;1021_2;;;;;;;ЛОЖЬ;ЛОЖЬ;;1021;;;;;;;0;;;;2228;ЛОЖЬ;0;;;;;;;;;;;;;;Undefined;;;;;;;;;;;;ЛОЖЬ;ИСТИНА;;;;;;;;;;;;;;;;;;;;;;;;;;;;
DI;00XS932E01P03;;CAB;930-20;S_B93_2;IB-93-2 ESD-01 ALARM PS 03;Yes;ИСТИНА;ЛОЖЬ;;18;;;;;;;;;;;10;ИСТИНА;37261;None;;;;;;0=ALARM;;;;;;;Undefined;491;3428;;20.03;1;3;1;Low;;;;ЛОЖЬ;;;;ЛОЖЬ;;;;;;;;;;;;;;Output;EPKS_CCB;ESD_932_1;950;;;;;;;;
M;394_162_2;;;;;93VSHH752;;ЛОЖЬ;ЛОЖЬ;;162;;;;;;;0;;;;3248;ЛОЖЬ;0;;;;;;;1=MO CONFIRMED;;;;;;;Undefined;;;;;;;;;;;;ЛОЖЬ;ИСТИНА;;;;;;;;;;;;;;;;;;;;;;;;;;;;
M;C538_6_B;;;;;Function block marker;;ЛОЖЬ;ЛОЖЬ;;538;;;;;;;0;;;;289;ЛОЖЬ;0;;;;;;;;;;;;;;Undefined;;;;;;;;;;;;ЛОЖЬ;ИСТИНА;;;;;;;;;;;;;;;;;;;;;;;;;;;;
M;556_632_2;;;;;93TAHH818_I;;ЛОЖЬ;ЛОЖЬ;;632;;;;;;;0;;;;763;ЛОЖЬ;0;;;;;;;0=TRIP INITIATOR;;;;;;;Undefined;491;3428;;;;;;;;;;ЛОЖЬ;;;;;;;;;;;;;;;;;;;;;;;;;;;;;
BO;93TI816_H;;COM;;;HI ALARM SETPOINT;No;ЛОЖЬ;ЛОЖЬ;;554;;Float;;;;;0;;;;2028;;0;;None;None;None;None;;;;;;;;;-XXXXX.X;;;;;;;;;;;;ЛОЖЬ;ИСТИНА;;;;;;;;;;;;;;;;;Output;EPKS_CCB;ESD_932_1;10424;;;;;;;;
AI;93LI435;;FLD;930-20;A_93020;L. B-9302003B;Yes;ИСТИНА;ЛОЖЬ;;288;ИСТИНА;Float;4-20mA;0;100;%;;;;;468;ЛОЖЬ;38434;;None;None;None;None;;;;;;;;;-XXXXX.X;3.64;22;;20.04;9;16;1;Bottom scale;;;;ЛОЖЬ;ИСТИНА;ЛОЖЬ;;;;;;;;;;;;;;;;Output;EPKS_CCB;ESD_932_1;10328;;;;;;;;
DO;93XY463;;MCC;930-20;A_93020;AUTO CLOSURE 93XV463;Yes;ИСТИНА;ЛОЖЬ;;276;;;;;;;0;;;;105;ЛОЖЬ;37262;None;;;;;;1=CLOSE;;;;;;;Undefined;491;3428;;20.06;3;2;1;Appl;;;;ЛОЖЬ;;;;;;;;;;;;;;;;;;;;;;;;;;;;;
DO;93XY817;;FLD;930-20;A_C93021;C9302001BX  VALVE UNLOAD;Yes;ИСТИНА;ЛОЖЬ;;650;;;;;;;0;;;;33;ИСТИНА;37263;None;;;;;;0=TRIP;;;;;;;Undefined;491;3428;;20.05;7;2;1;Appl;;;;ЛОЖЬ;;;;;;;;;;;;;;;;;;Output;EPKS_CCB;ESD_932_1;1001;;;;;;;;
R;534_535_4;;;;;93PI819;;ЛОЖЬ;ЛОЖЬ;;535;;Float;;;;;0;;;;2164;ЛОЖЬ;0;;;;;;;;;;;;;;Undefined;;;;;;;;;;;;ЛОЖЬ;ИСТИНА;;;;;;;;;;;;;;;;;;;;;;;;;;;;
DO;93TAHH884;;COM;930-20;A_C93021;C9302001CX COOL H2O OIL;No;ИСТИНА;ЛОЖЬ;;722;;;;;;;0;;;;1435;ИСТИНА;37264;None;;;;;;0=TRIP;;;;;;;Undefined;491;3428;;;;;;;;;;ЛОЖЬ;;;;;;;;;;;;;;;;;;Output;EPKS_CCB;ESD_932_1;765;;;;;;;;
M;648_1031_3;;;;;93HS810_P;;ЛОЖЬ;ЛОЖЬ;;1031;;;;;;;0;;;;2288;ЛОЖЬ;0;;;;;;;1=RESET;;;;;;;Undefined;;;;;;;;;;;;ЛОЖЬ;ИСТИНА;;;;;;;;;;;;;;;;;;;;;;;;;;;;
M;C312_1_F;;;;;Function block marker;;ЛОЖЬ;ЛОЖЬ;;312;;;;;;;0;;;;4696;ЛОЖЬ;0;;;;;;;;;;;;;;Undefined;;;;;;;;;;;;ЛОЖЬ;ИСТИНА;;;;;;;;;;;;;;;;;;;;;;;;;;;;
M;C260_4_F;;;;;Function block marker;;ЛОЖЬ;ЛОЖЬ;;260;;;;;;;0;;;;3881;ЛОЖЬ;0;;;;;;;;;;;;;;Undefined;;;;;;;;;;;;ЛОЖЬ;ИСТИНА;;;;;;;;;;;;;;;;;;;;;;;;;;;;
M;C648_3_C;;;;;Function block marker;;ЛОЖЬ;ЛОЖЬ;;648;;;;;;;0;;;;1230;ЛОЖЬ;0;;;;;;;;;;;;;;Undefined;491;3428;;;;;;;;;;ЛОЖЬ;;;;;;;;;;;;;;;;;;;;;;;;;;;;;
AI;93LI426;;FLD;930-20;A_93020;L. B-9302002B;Yes;ИСТИНА;ЛОЖЬ;;274;ИСТИНА;Float;4-20mA;0;100;%;;;;;396;ЛОЖЬ;38433;;None;None;None;None;;;;;;;;;-XXXXX.X;3.64;22;;20.04;7;15;1;Bottom scale;;;;ЛОЖЬ;ИСТИНА;ЛОЖЬ;;;;;;;;;;;;;;;;Output;EPKS_CCB;ESD_932_1;10325;;;;;;;;
R;258_263_2;;;;;93LI412;;ЛОЖЬ;ЛОЖЬ;;263;;Float;;;;;0;;;;52;ЛОЖЬ;0;;;;;;;;;;;;;;Undefined;;;;;;;;;;;;ЛОЖЬ;ИСТИНА;;;;;;;;;;;;;;;;;;;;;;;;;;;;
BO;93PI784_LL;;COM;930-20;A_C93021;LL TRIP SETPOINT (MPa-g);No;ИСТИНА;ЛОЖЬ;;370;;Float;;;;;0;;;;416;;38199;;;;;;;;;0;0;;;;-XXXXX.X;491;3428;;;;;;;;;;ЛОЖЬ;;;;;;;;;;;;;;;;;;Output;EPKS_CCB;ESD_932_1;10228;;;;;;;;
DO;93LAHH425_FU;;COM;930-20;A_C93021;HYD GAS COND  B9302002A;No;ИСТИНА;ЛОЖЬ;;1015;;;;;;;0;;;;2221;ЛОЖЬ;38247;None;;;;;;1=FIRST;;;;;;;Undefined;;;;;;;;;;;;ЛОЖЬ;ИСТИНА;;;;;;;;;;;;;;;;;Output;EPKS_CCB;ESD_932_1;1088;;;;;;;;
M;558_3;;;;;;;ЛОЖЬ;ЛОЖЬ;;558;;;;;;;0;;;;1168;ЛОЖЬ;0;;;;;;;;;;;;;;Undefined;491;3428;;;;;;;;;;ЛОЖЬ;;;;;;;;;;;;;;;;;;;;;;;;;;;;;
M;C394_4_C;;;;;Function block marker;;ЛОЖЬ;ЛОЖЬ;;394;;;;;;;0;;;;3734;ЛОЖЬ;0;;;;;;;;;;;;;;Undefined;;;;;;;;;;;;ЛОЖЬ;ИСТИНА;;;;;;;;;;;;;;;;;;;;;;;;;;;;
M;C370_6_F;;;;;Function block marker;;ЛОЖЬ;ЛОЖЬ;;370;;;;;;;0;;;;4602;ЛОЖЬ;0;;;;;;;;;;;;;;Undefined;;;;;;;;;;;;ЛОЖЬ;ИСТИНА;;;;;;;;;;;;;;;;;;;;;;;;;;;;
DO;93TAHH854_FU;;COM;930-20;A_C93021;C9302001CX TMP PACK CYL1;No;ИСТИНА;ЛОЖЬ;;1045;;;;;;;0;;;;2592;ЛОЖЬ;38314;None;;;;;;1=FIRST;;;;;;;Undefined;;;;;;;;;;;;ЛОЖЬ;ИСТИНА;;;;;;;;;;;;;;;;;Output;EPKS_CCB;ESD_932_1;1155;;;;;;;;
M;684_9;;;;;;;ЛОЖЬ;ЛОЖЬ;;684;;;;;;;0;;;;4126;ЛОЖЬ;0;;;;;;;;;;;;;;Undefined;;;;;;;;;;;;ЛОЖЬ;ИСТИНА;;;;;;;;;;;;;;;;;;;;;;;;;;;;
M;550_2;;;;;;;ЛОЖЬ;ЛОЖЬ;;550;;;;;;;0;;;;1124;ЛОЖЬ;0;;;;;;;;;;;;;;Undefined;491;3428;;;;;;;;;;ЛОЖЬ;;;;;;;;;;;;;;;;;;;;;;;;;;;;;
M;C562_5_E;;;;;Function block marker;;ЛОЖЬ;ЛОЖЬ;;562;;;;;;;0;;;;4377;ЛОЖЬ;0;;;;;;;;;;;;;;Undefined;;;;;;;;;;;;ЛОЖЬ;ИСТИНА;;;;;;;;;;;;;;;;;;;;;;;;;;;;
AI;93TI819A;;FLD;;;C9302001BX COOL WATER C2;Yes;ИСТИНА;ЛОЖЬ;;556;ИСТИНА;Float;4-20mA;-50;100;°C;;;;;892;ЛОЖЬ;38551;;None;None;None;None;;;;;;;;;-XXXXX.X;3.76;21;;20.05;17;3;1;Top scale;;;;ЛОЖЬ;ИСТИНА;ЛОЖЬ;;;;;;;;;;;;;;;;Output;EPKS_CCB;ESD_932_1;10385;;;;;;;;
T;699_4;;;;;;;ЛОЖЬ;ЛОЖЬ;;699;;;;;;;;100 ms;5;;1432;ЛОЖЬ;0;;;;;;;;;;;;;;Undefined;;;Delayed OFF with constant timer value;;;;;;;;;ЛОЖЬ;ИСТИНА;;;;;;;;;;;;;;;;;;;;;;;;;;;;
M;C536_6_F;;;;;Function block marker;;ЛОЖЬ;ЛОЖЬ;;536;;;;;;;0;;;;4461;ЛОЖЬ;0;;;;;;;;;;;;;;Undefined;;;;;;;;;;;;ЛОЖЬ;ИСТИНА;;;;;;;;;;;;;;;;;;;;;;;;;;;;
M;C1031_2_M;;;;;Function block marker;;ЛОЖЬ;ЛОЖЬ;;1031;;;;;;;0;;;;3714;ЛОЖЬ;0;;;;;;;;;;;;;;Undefined;;;;;;;;;;;;ЛОЖЬ;ИСТИНА;;;;;;;;;;;;;;;;;;;;;;;;;;;;
M;C716_4_B;;;;;Function block marker;;ЛОЖЬ;ЛОЖЬ;;716;;;;;;;0;;;;4259;ЛОЖЬ;0;;;;;;;;;;;;;;Undefined;;;;;;;;;;;;ЛОЖЬ;ИСТИНА;;;;;;;;;;;;;;;;;;;;;;;;;;;;
M;642_644_4;;;;;CAPACITY 100%;;ЛОЖЬ;ЛОЖЬ;;644;;;;;;;0;;;;563;ЛОЖЬ;0;;;;;;;1=ACTIVE;;;;;;;Undefined;491;3428;;;;;;;;;;ЛОЖЬ;;;;;;;;;;;;;;;;;;;;;;;;;;;;;
M;C244_8_D;;;;;Function block marker;;ЛОЖЬ;ЛОЖЬ;;244;;;;;;;0;;;;3945;ЛОЖЬ;0;;;;;;;;;;;;;;Undefined;;;;;;;;;;;;ЛОЖЬ;ИСТИНА;;;;;;;;;;;;;;;;;;;;;;;;;;;;
M;526_628_2;;;;;93LAHH803_I;;ЛОЖЬ;ЛОЖЬ;;628;;;;;;;0;;;;804;ЛОЖЬ;0;;;;;;;0=TRIP INITIATOR;;;;;;;Undefined;491;3428;;;;;;;;;;ЛОЖЬ;;;;;;;;;;;;;;;;;;;;;;;;;;;;;
M;C546_4_E;;;;;Function block marker;;ЛОЖЬ;ЛОЖЬ;;546;;;;;;;0;;;;4434;ЛОЖЬ;0;;;;;;;;;;;;;;Undefined;;;;;;;;;;;;ЛОЖЬ;ИСТИНА;;;;;;;;;;;;;;;;;;;;;;;;;;;;
M;1041_1;;;;;;;ЛОЖЬ;ЛОЖЬ;;1041;;;;;;;0;;;;2482;ЛОЖЬ;0;;;;;;;;;;;;;;Undefined;;;;;;;;;;;;ЛОЖЬ;ИСТИНА;;;;;;;;;;;;;;;;;;;;;;;;;;;;
M;C697_4_F;;;;;Function block marker;;ЛОЖЬ;ЛОЖЬ;;697;;;;;;;0;;;;4332;ЛОЖЬ;0;;;;;;;;;;;;;;Undefined;;;;;;;;;;;;ЛОЖЬ;ИСТИНА;;;;;;;;;;;;;;;;;;;;;;;;;;;;
AI;93PI087;;FLD;;;ДАВЛЕНИЕ ВОЗД. КИП. Трубопровод 80-AI-397-002;Yes;ЛОЖЬ;ЛОЖЬ;;310;ИСТИНА;Float;4-20mA;0;1.6;МПа;;;;;556;ЛОЖЬ;0;;None;None;None;None;;;;;;;;;-XXXXX.X;3.64;22;;20.04;13;4;1;Bottom scale;;;;ЛОЖЬ;ИСТИНА;ЛОЖЬ;;;;;;;;;;;;;;;;Output;EPKS_CCB;ESD_932_1;10308;;;;;;;;
M;530_3;;;;;;;ЛОЖЬ;ЛОЖЬ;;530;;;;;;;0;;;;983;ЛОЖЬ;0;;;;;;;;;;;;;;Undefined;491;3428;;;;;;;;;;ЛОЖЬ;;;;;;;;;;;;;;;;;;;;;;;;;;;;;
M;C558_5_G;;;;;Function block marker;;ЛОЖЬ;ЛОЖЬ;;558;;;;;;;0;;;;4393;ЛОЖЬ;0;;;;;;;;;;;;;;Undefined;;;;;;;;;;;;ЛОЖЬ;ИСТИНА;;;;;;;;;;;;;;;;;;;;;;;;;;;;
M;726_9;;;;;;;ЛОЖЬ;ЛОЖЬ;;726;;;;;;;0;;;;4189;ЛОЖЬ;0;;;;;;;;;;;;;;Undefined;;;;;;;;;;;;ЛОЖЬ;ИСТИНА;;;;;;;;;;;;;;;;;;;;;;;;;;;;
M;2345_3;;;;;;;ЛОЖЬ;ЛОЖЬ;;2345;;;;;;;0;;;;1321;ЛОЖЬ;0;;;;;;;;;;;;;;Undefined;491;3428;;;;;;;;;;ЛОЖЬ;;;;;;;;;;;;;;;;;;;;;;;;;;;;;
M;C535_3_F;;;;;Function block marker;;ЛОЖЬ;ЛОЖЬ;;535;;;;;;;0;;;;4465;ЛОЖЬ;0;;;;;;;;;;;;;;Undefined;;;;;;;;;;;;ЛОЖЬ;ИСТИНА;;;;;;;;;;;;;;;;;;;;;;;;;;;;
M;C1003_1_I;;;;;Function block marker;;ЛОЖЬ;ЛОЖЬ;;1003;;;;;;;0;;;;2462;ЛОЖЬ;0;;;;;;;;;;;;;;Undefined;;;;;;;;;;;;ЛОЖЬ;ИСТИНА;;;;;;;;;;;;;;;;;;;;;;;;;;;;
M;C2450_2;;;;;Compiler marker (256, 216);;ЛОЖЬ;ЛОЖЬ;;2450;;;;;;;0;;;;311;ЛОЖЬ;0;;;;;;;;;;;;;;Undefined;491;3428;;;;;;;;;;ЛОЖЬ;;;;;;;;;;;;;;;;;;;;;;;;;;;;;
BO;93TI804_H;;COM;;;H ALARM SETPOINT;No;ИСТИНА;ЛОЖЬ;;544;;Float;;;;;0;;;;916;;38206;;;;;;;;;0;0;;;;-XXXXX.X;491;3428;;;;;;;;;;ЛОЖЬ;;;;;;;;;;;;;;;;;;Output;EPKS_CCB;ESD_932_1;10292;;;;;;;;
M;C394_1_C;;;;;Function block marker;;ЛОЖЬ;ЛОЖЬ;;394;;;;;;;0;;;;2682;ЛОЖЬ;0;;;;;;;;;;;;;;Undefined;491;3428;;;;;;;;;;ЛОЖЬ;;;;;;;;;;;;;;;;;;;;;;;;;;;;;
M;C2460_4;;;;;Compiler marker (264, 294);;ЛОЖЬ;ЛОЖЬ;;2460;;;;;;;0;;;;281;ЛОЖЬ;0;;;;;;;;;;;;;;Undefined;491;3428;;;;;;;;;;ЛОЖЬ;;;;;;;;;;;;;;;;;;;;;;;;;;;;;
DO;93XY427B;;MCC;930-20;A_93020;AUTO CLOSURE 93XV427;Yes;ИСТИНА;ЛОЖЬ;;256;;;;;;;0;;;;74;ЛОЖЬ;37265;None;;;;;;1=CLOSE;;;;;;;Undefined;491;3428;;20.05;15;3;1;Appl;;;;ЛОЖЬ;;;;;;;;;;;;;;;;;;;;;;;;;;;;;
DI;93HS763_P;;COM;;;LAMP TEST;No;ИСТИНА;ИСТИНА;;416;;;;;;;0;;;;2105;ИСТИНА;37004;None;;;;;;1=LAMP ON;;;;;;;Undefined;491;3428;;;;;;Low;;;;ЛОЖЬ;;;;ЛОЖЬ;;;;;;;;;;;;;;Output;EPKS_CCB;ESD_932_1;2008;;;;;Input;CC_CCB_1;ESD_932_1;10
DO;93TI866_TF;;COM;;;TRANSM FAULT;No;ЛОЖЬ;ЛОЖЬ;;718;;;;;;;0;;;;1030;ИСТИНА;38550;None;;;;;;0=ALARM;0=ALARM;;;;;;Undefined;;;;;;;;;;;;ЛОЖЬ;ИСТИНА;;;;;;;;;;;;;;;;;Output;EPKS_CCB;ESD_932_1;1359;;;;;;;;
M;C552_6_G;;;;;Function block marker;;ЛОЖЬ;ЛОЖЬ;;552;;;;;;;0;;;;4417;ЛОЖЬ;0;;;;;;;;;;;;;;Undefined;;;;;;;;;;;;ЛОЖЬ;ИСТИНА;;;;;;;;;;;;;;;;;;;;;;;;;;;;
DI;93VSHH802A;;BNS;930-20;A_C93021;C-9302001BX VIBR CRANK;Yes;ИСТИНА;ЛОЖЬ;;564;;;;;;;;;;;41;ИСТИНА;37266;None;;;;;;0=TRIP;;;;;;;Undefined;491;3428;;20.03;5;2;1;Low;;;;ЛОЖЬ;;;;ЛОЖЬ;;;;;;;;;;;;;;Output;EPKS_CCB;ESD_932_1;942;;;;;;;;
DI;93LI438_MOR;;COM;930-20;A_93020;MO REQUEST;No;ИСТИНА;ИСТИНА;;290;;;;;;;0;;;;2879;ЛОЖЬ;37267;None;;;;;;1=REQUEST;;;;;;;Undefined;491;3428;;;;;;Freeze;;;;ЛОЖЬ;;;;ЛОЖЬ;;;;;;;;;;;;;;Input;EPKS_CCB;ESD_932_1;48;;;;;;;;
BO;93TI886_HH;;COM;930-20;A_C93021;HH TRIP SETPOINT (°C);No;ИСТИНА;ЛОЖЬ;;560;;Float;;;;;0;;;;408;;38152;;;;;;;;;0;0;;;;-XXXXX.X;491;3428;;;;;;;;;;ЛОЖЬ;;;;;;;;;;;;;;;;;;Output;EPKS_CCB;ESD_932_1;10278;;;;;;;;
M;C1011_1_H;;;;;Function block marker;;ЛОЖЬ;ЛОЖЬ;;1011;;;;;;;0;;;;2437;ЛОЖЬ;0;;;;;;;;;;;;;;Undefined;;;;;;;;;;;;ЛОЖЬ;ИСТИНА;;;;;;;;;;;;;;;;;;;;;;;;;;;;
M;C274_2_E;;;;;Function block marker;;ЛОЖЬ;ЛОЖЬ;;274;;;;;;;0;;;;568;ЛОЖЬ;0;;;;;;;;;;;;;;Undefined;491;3428;;;;;;;;;;ЛОЖЬ;;;;;;;;;;;;;;;;;;;;;;;;;;;;;
AI;93PI777A;;FLD;;;C-9302001AX PRESS CRANK;Yes;ИСТИНА;ЛОЖЬ;;368;ИСТИНА;Float;4-20mA;0;1;MPa;;;;;816;ЛОЖЬ;38549;;None;None;None;None;;;;;;;;;-XXXXX.X;3.64;22;;20.05;11;1;1;Top scale;;;;ЛОЖЬ;ИСТИНА;ЛОЖЬ;;;;;;;;;;;;;;;;Output;EPKS_CCB;ESD_932_1;10373;;;;;;;;
DO;93FI426_MOC;;COM;930-20;A_C93021;MO CONFIRMED;No;ИСТИНА;ЛОЖЬ;;250;;;;;;;0;;;;320;ИСТИНА;37268;None;;;;;;1=CONFIRMED;;;;;;;Undefined;491;3428;;;;;;;;;;ЛОЖЬ;;;;;;;;;;;;;;;;;;Output;EPKS_CCB;ESD_932_1;449;;;;;;;;
M;684_788_3;;;;;93FALL854_I (AFTER OOS);;ЛОЖЬ;ЛОЖЬ;;788;;;;;;;0;;;;1333;ЛОЖЬ;0;;;;;;;0=TRIP;;;;;;;Undefined;491;3428;;;;;;;;;;ЛОЖЬ;;;;;;;;;;;;;;;;;;;;;;;;;;;;;
M;2460_B;;;;;1=CMD_CLOSE;;ЛОЖЬ;ЛОЖЬ;;2460;;;;;;;0;;;;125;ЛОЖЬ;0;;;;;;;;;;;;;;Undefined;491;3428;;;;;;;;;;ЛОЖЬ;;;;;;;;;;;;;;;;;;;;;;;;;;;;;
DO;93PI883_TF;;COM;;;TRANSM FAULT;No;ЛОЖЬ;ЛОЖЬ;;704;;;;;;;0;;;;854;ИСТИНА;38548;None;;;;;;0=ALARM;0=ALARM;;;;;;Undefined;;;;;;;;;;;;ЛОЖЬ;ИСТИНА;;;;;;;;;;;;;;;;;Output;EPKS_CCB;ESD_932_1;1355;;;;;;;;
DI;93TI754_MOR;;COM;930-20;A_C93021;MO REQUEST;No;ИСТИНА;ИСТИНА;;374;;;;;;;0;;;;2925;ЛОЖЬ;37269;None;;;;;;1=REQUEST;;;;;;;Undefined;491;3428;;;;;;Freeze;;;;ЛОЖЬ;;;;ЛОЖЬ;;;;;;;;;;;;;;Input;EPKS_CCB;ESD_932_1;94;;;;;;;;
DO;93PALL819;;COM;;;C9302001BX PRS GAS CYL2;No;ИСТИНА;ЛОЖЬ;;535;;;;;;;0;;;;1076;ИСТИНА;37834;None;;;;;;0=TRIP;;;;;;;Undefined;491;3428;;;;;;;;;;ЛОЖЬ;;;;;;;;;;;;;;;;;;Output;EPKS_CCB;ESD_932_1;623;;;;;;;;
M;C648_2_A;;;;;Compiler marker;;ЛОЖЬ;ЛОЖЬ;;648;;;;;;;0;;;;808;ЛОЖЬ;0;;;;;;;;;;;;;;Undefined;491;3428;;;;;;;;;;ЛОЖЬ;;;;;;;;;;;;;;;;;;;;;;;;;;;;;
DO;93ZALL854_FU;;COM;930-20;A_C93021;C9302001CX LSW FLYW PCOV;No;ИСТИНА;ЛОЖЬ;;1051;;;;;;;0;;;;2604;ЛОЖЬ;38326;None;;;;;;1=FIRST;;;;;;;Undefined;;;;;;;;;;;;ЛОЖЬ;ИСТИНА;;;;;;;;;;;;;;;;;Output;EPKS_CCB;ESD_932_1;1167;;;;;;;;
DO;93TI761_MOC;;COM;930-20;A_C93021;MO CONFIRMED;No;ИСТИНА;ЛОЖЬ;;380;;;;;;;0;;;;756;ИСТИНА;37270;None;;;;;;1=CONFIRMED;;;;;;;Undefined;491;3428;;;;;;;;;;ЛОЖЬ;;;;;;;;;;;;;;;;;;Output;EPKS_CCB;ESD_932_1;797;;;;;;;;
AI;93LI753;;FLD;930-20;A_C93021;C-9302001AX LEVEL 2ND ST;Yes;ИСТИНА;ЛОЖЬ;;356;ИСТИНА;Float;4-20mA;0;100;%;;;;;352;ЛОЖЬ;37933;;None;None;None;None;;;;-25;-25;;;;-XXXXX.X;3.64;22;;20.04;7;4;1;Bottom scale;;;;ЛОЖЬ;;ЛОЖЬ;;;;;;;;;;;;;;;;Output;EPKS_CCB;ESD_932_1;10097;;;;;;;;
T;2420_1;;;930-20;;;;ЛОЖЬ;ЛОЖЬ;;2420;;;;;;;;100 ms;5;;8;ЛОЖЬ;0;;;;;;;;;;;;;;Undefined;491;3428;Delayed OFF with constant timer value;;;;;;;;;ЛОЖЬ;;;;;;;;;;;;;;;;;;;;;;;;;;;;;
M;1025_1;;;;;;;ЛОЖЬ;ЛОЖЬ;;1025;;;;;;;0;;;;2239;ЛОЖЬ;0;;;;;;;;;;;;;;Undefined;;;;;;;;;;;;ЛОЖЬ;ИСТИНА;;;;;;;;;;;;;;;;;;;;;;;;;;;;
AI;93TI836;;FLD;930-20;A_C93021;C-9302001AX TMP BEAR NDE;Yes;ИСТИНА;ЛОЖЬ;;390;ИСТИНА;Float;4-20mA;-50;200;°C;;;;;36;ЛОЖЬ;37926;;None;None;None;None;;;;-112.5;-112.5;;;;-XXXXX.X;3.76;21;;20.03;13;10;1;Bottom scale;;;;ЛОЖЬ;;ЛОЖЬ;;;;;;;;;;;;;;;;Output;EPKS_CCB;ESD_932_1;10150;;;;;;;;
AI;93FI429;;FLD;930-20;A_C93021;WATER TO COOL C9302001CX;Yes;ИСТИНА;ЛОЖЬ;;254;ИСТИНА;Float;4-20mA;0;100000;kg/h;;;;;60;ЛОЖЬ;38432;;None;None;None;None;;;;;;;;;-XXXXX.X;3.64;22;;20.03;13;16;1;Bottom scale;;;;ЛОЖЬ;ИСТИНА;ЛОЖЬ;;;;;;;;;;;;;;;;Output;EPKS_CCB;ESD_932_1;10318;;;;;;;;
DO;93VAHH752_FU;;COM;930-20;A_C93021;C9302001AX VIB CRANKCASE;No;ИСТИНА;ЛОЖЬ;;1013;;;;;;;0;;;;2212;ЛОЖЬ;38238;None;;;;;;1=FIRST;;;;;;;Undefined;;;;;;;;;;;;ЛОЖЬ;ИСТИНА;;;;;;;;;;;;;;;;;Output;EPKS_CCB;ESD_932_1;1079;;;;;;;;
M;566_1;;;;;;;ЛОЖЬ;ЛОЖЬ;;566;;;;;;;0;;;;1197;ЛОЖЬ;0;;;;;;;;;;;;;;Undefined;491;3428;;;;;;;;;;ЛОЖЬ;;;;;;;;;;;;;;;;;;;;;;;;;;;;;
BO;93TI858_H;;COM;;;HI ALARM SETPOINT;No;ЛОЖЬ;ЛОЖЬ;;712;;Float;;;;;0;;;;2084;;0;;None;None;None;None;;;;;;;;;-XXXXX.X;;;;;;;;;;;;ЛОЖЬ;ИСТИНА;;;;;;;;;;;;;;;;;Output;EPKS_CCB;ESD_932_1;10438;;;;;;;;
M;696_5;;;;;;;ЛОЖЬ;ЛОЖЬ;;696;;;;;;;0;;;;4152;ЛОЖЬ;0;;;;;;;;;;;;;;Undefined;;;;;;;;;;;;ЛОЖЬ;ИСТИНА;;;;;;;;;;;;;;;;;;;;;;;;;;;;
M;566_632_1;;;;;93ZALL803_804_I;;ЛОЖЬ;ЛОЖЬ;;632;;;;;;;0;;;;785;ЛОЖЬ;0;;;;;;;0=TRIP INITIATOR;;;;;;;Undefined;491;3428;;;;;;;;;;ЛОЖЬ;;;;;;;;;;;;;;;;;;;;;;;;;;;;;
M;1027_6;;;;;;;ЛОЖЬ;ЛОЖЬ;;1027;;;;;;;0;;;;2250;ЛОЖЬ;0;;;;;;;;;;;;;;Undefined;;;;;;;;;;;;ЛОЖЬ;ИСТИНА;;;;;;;;;;;;;;;;;;;;;;;;;;;;
DO;93PILL765_CA;;COM;930-20;A_C93021;CAUSE ALARM;No;ЛОЖЬ;ЛОЖЬ;;363;;;;;;;0;;;;3296;ЛОЖЬ;0;None;;;;;;0=ALARM;0=ALARM;;;;;;Undefined;;;;;;;;;;;;ЛОЖЬ;ИСТИНА;;;;;;;;;;;;;;;;;Output;EPKS_CCB;ESD_932_1;1182;;;;;;;;
DO;93TAHH836_CA;;COM;930-20;A_C93021;CAUSE ALARM;No;ИСТИНА;ЛОЖЬ;;390;;;;;;;0;;;;820;ЛОЖЬ;37273;None;;;;;;0=ALARM;;;;;;;Undefined;491;3428;;;;;;;;;;ЛОЖЬ;;;;;;;;;;;;;;;;;;Output;EPKS_CCB;ESD_932_1;746;;;;;;;;
M;C788_1_A;;;;;Compiler marker;;ЛОЖЬ;ЛОЖЬ;;788;;;;;;;0;;;;1234;ЛОЖЬ;0;;;;;;;;;;;;;;Undefined;491;3428;;;;;;;;;;ЛОЖЬ;;;;;;;;;;;;;;;;;;;;;;;;;;;;;
M;2456_D;;;;;Trip 4;;ЛОЖЬ;ЛОЖЬ;;2456;;;;;;;0;;;;107;ЛОЖЬ;0;;;;;;;;;;;;;;Undefined;491;3428;;;;;;;;;;ЛОЖЬ;;;;;;;;;;;;;;;;;;;;;;;;;;;;;
DO;93PDI781_MOC;;COM;930-20;A_C93021;MO CONFIRMED;No;ИСТИНА;ЛОЖЬ;;360;;;;;;;0;;;;640;ИСТИНА;37274;None;;;;;;1=CONFIRMED;;;;;;;Undefined;491;3428;;;;;;;;;;ЛОЖЬ;;;;;;;;;;;;;;;;;;Output;EPKS_CCB;ESD_932_1;653;;;;;;;;
M;131_2350_1;;;;;MOS 930-20 ENABLED;;ЛОЖЬ;ЛОЖЬ;;2350;;;;;;;0;;;;235;ЛОЖЬ;0;;;;;;;1=ENABLED;;;;;;;Undefined;491;3428;;;;;;;;;;ЛОЖЬ;;;;;;;;;;;;;;;;;;;;;;;;;;;;;
M;568_634_1;;;;;93HS807_I STOP;;ЛОЖЬ;ЛОЖЬ;;634;;;;;;;0;;;;1199;ЛОЖЬ;0;;;;;;;0=TRIP;;;;;;;Undefined;491;3428;;;;;;;;;;ЛОЖЬ;;;;;;;;;;;;;;;;;;;;;;;;;;;;;
BO;93TI885_H;;COM;;;HI ALARM SETPOINT;No;ЛОЖЬ;ЛОЖЬ;;722;;Float;;;;;0;;;;2108;;0;;None;None;None;None;;;;;;;;;-XXXXX.X;;;;;;;;;;;;ЛОЖЬ;ИСТИНА;;;;;;;;;;;;;;;;;Output;EPKS_CCB;ESD_932_1;10444;;;;;;;;
M;C354_6_G;;;;;Function block marker;;ЛОЖЬ;ЛОЖЬ;;354;;;;;;;0;;;;4659;ЛОЖЬ;0;;;;;;;;;;;;;;Undefined;;;;;;;;;;;;ЛОЖЬ;ИСТИНА;;;;;;;;;;;;;;;;;;;;;;;;;;;;
M;398_1017_3;;;;;93HS757_I;;ЛОЖЬ;ЛОЖЬ;;1017;;;;;;;0;;;;87;ЛОЖЬ;0;;;;;;;0=TRIP INITIATOR;;;;;;;Undefined;;;;;;;;;;;;ЛОЖЬ;ИСТИНА;;;;;;;;;;;;;;;;;;;;;;;;;;;;
M;C1003_1_L;;;;;Function block marker;;ЛОЖЬ;ЛОЖЬ;;1003;;;;;;;0;;;;2465;ЛОЖЬ;0;;;;;;;;;;;;;;Undefined;;;;;;;;;;;;ЛОЖЬ;ИСТИНА;;;;;;;;;;;;;;;;;;;;;;;;;;;;
M;562_814_3;;;;;93TAH829_PERM;;ЛОЖЬ;ЛОЖЬ;;814;;;;;;;0;;;;4081;ЛОЖЬ;0;;;;;;;0=ALARM;;;;;;;Undefined;;;;;;;;;;;;ЛОЖЬ;ИСТИНА;;;;;;;;;;;;;;;;;;;;;;;;;;;;
DI;93TI811_MOR;;COM;930-20;A_C93021;MO REQUEST;No;ИСТИНА;ИСТИНА;;550;;;;;;;0;;;;2944;ЛОЖЬ;37275;None;;;;;;1=REQUEST;;;;;;;Undefined;491;3428;;;;;;Freeze;;;;ЛОЖЬ;;;;ЛОЖЬ;;;;;;;;;;;;;;Input;EPKS_CCB;ESD_932_1;113;;;;;;;;
M;C2470_1;;;;;Compiler marker (176, 60);;ЛОЖЬ;ЛОЖЬ;;2470;;;;;;;0;;;;218;ЛОЖЬ;0;;;;;;;;;;;;;;Undefined;491;3428;;;;;;;;;;ЛОЖЬ;;;;;;;;;;;;;;;;;;;;;;;;;;;;;
M;280_1051_2;;;;;93LAHH429_I;;ЛОЖЬ;ЛОЖЬ;;1051;;;;;;;0;;;;2565;ЛОЖЬ;0;;;;;;;0=TRIP INITIATOR;;;;;;;Undefined;;;;;;;;;;;;ЛОЖЬ;ИСТИНА;;;;;;;;;;;;;;;;;;;;;;;;;;;;
M;1011_12;;;;;;;ЛОЖЬ;ЛОЖЬ;;1011;;;;;;;0;;;;2094;ЛОЖЬ;0;;;;;;;;;;;;;;Undefined;;;;;;;;;;;;ЛОЖЬ;ИСТИНА;;;;;;;;;;;;;;;;;;;;;;;;;;;;
DO;93FALL012A_CA;;COM;930-20;A_93020;CAUSE ALARM;No;ИСТИНА;ЛОЖЬ;;314;;;;;;;0;;;;3250;ЛОЖЬ;37033;None;;;;;;0=ALARM;;;;;;;Undefined;;;;;;;;;;;;ЛОЖЬ;ИСТИНА;;;;;;;;;;;;;;;;;Output;EPKS_CCB;ESD_932_1;1189;;;;;;;;
M;260_294_3;;;;;93LALL415_I;;ЛОЖЬ;ЛОЖЬ;;294;;;;;;;0;;;;197;ЛОЖЬ;0;;;;;;;0=TRIP INITIATOR;;;;;;;Undefined;491;3428;;;;;;;;;;ЛОЖЬ;;;;;;;;;;;;;;;;;;;;;;;;;;;;;
M;C1049_1_M;;;;;Function block marker;;ЛОЖЬ;ЛОЖЬ;;1049;;;;;;;0;;;;2628;ЛОЖЬ;0;;;;;;;;;;;;;;Undefined;;;;;;;;;;;;ЛОЖЬ;ИСТИНА;;;;;;;;;;;;;;;;;;;;;;;;;;;;
DI;20-ForcesActive;;SYS;;;Forces Active;Yes;ЛОЖЬ;;;17;;;;;;;;;;;23;ЛОЖЬ;0;None;;;;;;;;;;;;;Undefined;491;3428;;;;;;;;;;ЛОЖЬ;;;;ЛОЖЬ;;;;;;;;;;;;;;;;;;;;;;;;;
M;2346_1;;;;;;;ЛОЖЬ;ЛОЖЬ;;2346;;;;;;;0;;;;1610;ЛОЖЬ;0;;;;;;;;;;;;;;Undefined;491;3428;;;;;;;;;;ЛОЖЬ;;;;;;;;;;;;;;;;;;;;;;;;;;;;;
M;C312_1_E;;;;;Function block marker;;ЛОЖЬ;ЛОЖЬ;;312;;;;;;;0;;;;4695;ЛОЖЬ;0;;;;;;;;;;;;;;Undefined;;;;;;;;;;;;ЛОЖЬ;ИСТИНА;;;;;;;;;;;;;;;;;;;;;;;;;;;;
DI;93FI805_MOR;;COM;930-20;A_C93021;MO REQUEST;No;ИСТИНА;ИСТИНА;;522;;;;;;;0;;;;2847;ЛОЖЬ;37276;None;;;;;;1=REQUEST;;;;;;;Undefined;491;3428;;;;;;Freeze;;;;ЛОЖЬ;;;;ЛОЖЬ;;;;;;;;;;;;;;Input;EPKS_CCB;ESD_932_1;16;;;;;;;;
M;C366_6_F;;;;;Function block marker;;ЛОЖЬ;ЛОЖЬ;;366;;;;;;;0;;;;4613;ЛОЖЬ;0;;;;;;;;;;;;;;Undefined;;;;;;;;;;;;ЛОЖЬ;ИСТИНА;;;;;;;;;;;;;;;;;;;;;;;;;;;;
M;386_1011_2;;;;;93TAHH768_I;;ЛОЖЬ;ЛОЖЬ;;1011;;;;;;;0;;;;2167;ЛОЖЬ;0;;;;;;;0=TRIP INITIATOR;;;;;;;Undefined;;;;;;;;;;;;ЛОЖЬ;ИСТИНА;;;;;;;;;;;;;;;;;;;;;;;;;;;;
DO;93PALL883_CA;;COM;;;CAUSE ALARM;No;ЛОЖЬ;ЛОЖЬ;;704;;;;;;;0;;;;3367;ЛОЖЬ;0;None;;;;;;0=ALARM;0=ALARM;;;;;;Undefined;;;;;;;;;;;;ЛОЖЬ;ИСТИНА;;;;;;;;;;;;;;;;;Output;EPKS_CCB;ESD_932_1;1262;;;;;;;;
AI;93PI883;;FLD;;;C9302001CX PURGE GAS SUP;Yes;ИСТИНА;ЛОЖЬ;;704;ИСТИНА;Float;4-20mA;0;1.6;MPa;;;;;768;ЛОЖЬ;38547;;None;None;None;None;;;;;;;;;-XXXXX.X;3.64;22;;20.04;17;6;1;Bottom scale;;;;ЛОЖЬ;ИСТИНА;ЛОЖЬ;;;;;;;;;;;;;;;;Output;EPKS_CCB;ESD_932_1;10363;;;;;;;;
M;720_7;;;;;;;ЛОЖЬ;ЛОЖЬ;;720;;;;;;;0;;;;4200;ЛОЖЬ;0;;;;;;;;;;;;;;Undefined;;;;;;;;;;;;ЛОЖЬ;ИСТИНА;;;;;;;;;;;;;;;;;;;;;;;;;;;;
DI;93ZSLL804_MOR;;COM;930-20;A_C93021;MO REQUEST;No;ИСТИНА;ИСТИНА;;566;;;;;;;0;;;;2990;ЛОЖЬ;37277;None;;;;;;1=REQUEST;;;;;;;Undefined;491;3428;;;;;;Freeze;;;;ЛОЖЬ;;;;ЛОЖЬ;;;;;;;;;;;;;;Input;EPKS_CCB;ESD_932_1;159;;;;;;;;
M;1031_5;;;;;;;ЛОЖЬ;ЛОЖЬ;;1031;;;;;;;0;;;;2261;ЛОЖЬ;0;;;;;;;;;;;;;;Undefined;;;;;;;;;;;;ЛОЖЬ;ИСТИНА;;;;;;;;;;;;;;;;;;;;;;;;;;;;
M;692_3;;;;;;;ЛОЖЬ;ЛОЖЬ;;692;;;;;;;0;;;;1513;ЛОЖЬ;0;;;;;;;;;;;;;;Undefined;491;3428;;;;;;;;;;ЛОЖЬ;;;;;;;;;;;;;;;;;;;;;;;;;;;;;
DO;IB932_ESD1_D2;;COM;862-34;;FORCES ACTIVE;No;ИСТИНА;ЛОЖЬ;;17;;;;;;;0;;;;2062;ИСТИНА;37751;None;;;;;;0=ACTIVE;;;;;;;Undefined;491;3428;;;;;;;;;;ЛОЖЬ;;;;;;;;;;;;;;;;;;Output;EPKS_CCB;ESD_932_1;926;;;;;;;;
M;548_3;;;;;;;ЛОЖЬ;ЛОЖЬ;;548;;;;;;;0;;;;1090;ЛОЖЬ;0;;;;;;;;;;;;;;Undefined;491;3428;;;;;;;;;;ЛОЖЬ;;;;;;;;;;;;;;;;;;;;;;;;;;;;;
M;C556_6_G;;;;;Function block marker;;ЛОЖЬ;ЛОЖЬ;;556;;;;;;;0;;;;4403;ЛОЖЬ;0;;;;;;;;;;;;;;Undefined;;;;;;;;;;;;ЛОЖЬ;ИСТИНА;;;;;;;;;;;;;;;;;;;;;;;;;;;;
BI;20-DayOfTheWeek;;SYS;;;Day of the week;No;ЛОЖЬ;;;0;;Byte;;;;;;;;;4;;0;;;;;;;;;0;0;;;;-XXXXX.X;491;3428;;;;;;;;;;ЛОЖЬ;;;;;;;;;;;;;;;;;;;;;;;;;;;;;
M;396_1015_2;;;;;93ZALL754_I;;ЛОЖЬ;ЛОЖЬ;;1015;;;;;;;0;;;;2176;ЛОЖЬ;0;;;;;;;0=TRIP INITIATOR;;;;;;;Undefined;;;;;;;;;;;;ЛОЖЬ;ИСТИНА;;;;;;;;;;;;;;;;;;;;;;;;;;;;
DO;93FALL425_CA;;COM;930-20;A_C93021;CAUSE ALARM;No;ЛОЖЬ;ЛОЖЬ;;250;;;;;;;0;;;;3315;ЛОЖЬ;0;None;;;;;;0=ALARM;0=ALARM;;;;;;Undefined;;;;;;;;;;;;ЛОЖЬ;ИСТИНА;;;;;;;;;;;;;;;;;Output;EPKS_CCB;ESD_932_1;1210;;;;;;;;
M;C314_5_G;;;;;Function block marker;;ЛОЖЬ;ЛОЖЬ;;314;;;;;;;0;;;;4691;ЛОЖЬ;0;;;;;;;;;;;;;;Undefined;;;;;;;;;;;;ЛОЖЬ;ИСТИНА;;;;;;;;;;;;;;;;;;;;;;;;;;;;
M;232_4;;;;;;;ЛОЖЬ;ЛОЖЬ;;232;;;;;;;0;;;;3765;ЛОЖЬ;0;;;;;;;;;;;;;;Undefined;;;;;;;;;;;;ЛОЖЬ;ИСТИНА;;;;;;;;;;;;;;;;;;;;;;;;;;;;
DO;93PI771_MOC;;COM;930-20;A_C93021;MO CONFIRMED;No;ИСТИНА;ЛОЖЬ;;366;;;;;;;0;;;;675;ИСТИНА;37278;None;;;;;;1=CONFIRMED;;;;;;;Undefined;491;3428;;;;;;;;;;ЛОЖЬ;;;;;;;;;;;;;;;;;;Output;EPKS_CCB;ESD_932_1;675;;;;;;;;
DO;93TI768_TF;;COM;930-20;A_C93021;TRANSM. FAIL;No;ИСТИНА;ЛОЖЬ;;386;;;;;;;0;;;;795;ИСТИНА;37279;None;;;;;;0=FAIL;;;;;;;Undefined;491;3428;;;;;;;;;;ЛОЖЬ;;;;;;;;;;;;;;;;;;Output;EPKS_CCB;ESD_932_1;804;;;;;;;;
M;C1049_1_L;;;;;Function block marker;;ЛОЖЬ;ЛОЖЬ;;1049;;;;;;;0;;;;2627;ЛОЖЬ;0;;;;;;;;;;;;;;Undefined;;;;;;;;;;;;ЛОЖЬ;ИСТИНА;;;;;;;;;;;;;;;;;;;;;;;;;;;;
M;C310_4_D;;;;;Function block marker;;ЛОЖЬ;ЛОЖЬ;;310;;;;;;;0;;;;3743;ЛОЖЬ;0;;;;;;;;;;;;;;Undefined;;;;;;;;;;;;ЛОЖЬ;ИСТИНА;;;;;;;;;;;;;;;;;;;;;;;;;;;;
M;C690_5_G;;;;;Function block marker;;ЛОЖЬ;ЛОЖЬ;;690;;;;;;;0;;;;4355;ЛОЖЬ;0;;;;;;;;;;;;;;Undefined;;;;;;;;;;;;ЛОЖЬ;ИСТИНА;;;;;;;;;;;;;;;;;;;;;;;;;;;;
AI;93TI930;;FLD;;;C-9302001 COOL WATER SUP;Yes;ИСТИНА;ЛОЖЬ;;404;ИСТИНА;Float;4-20mA;-50;100;°C;;;;;804;ЛОЖЬ;38546;;None;None;None;None;;;;;;;;;-XXXXX.X;3.76;21;;20.04;17;15;1;Top scale;;;;ЛОЖЬ;ИСТИНА;ЛОЖЬ;;;;;;;;;;;;;;;;Output;EPKS_CCB;ESD_932_1;10372;;;;;;;;
M;C798_1_C;;;;;Function block marker;;ЛОЖЬ;ЛОЖЬ;;798;;;;;;;0;;;;1059;ЛОЖЬ;0;;;;;;;;;;;;;;Undefined;491;3428;;;;;;;;;;ЛОЖЬ;;;;;;;;;;;;;;;;;;;;;;;;;;;;;
M;430_784_5;;;;;CW COMMON TRIP;;ЛОЖЬ;ЛОЖЬ;;784;;;;;;;0;;;;960;ЛОЖЬ;0;;;;;;;0=TRIP;;;;;;;Undefined;491;3428;;;;;;;;;;ЛОЖЬ;;;;;;;;;;;;;;;;;;;;;;;;;;;;;
DO;93XY867_868_ESD;;COM;;;C9302001CX  VALVE UNLOAD;No;ЛОЖЬ;ЛОЖЬ;;800;;;;;;;0;;;;82;ЛОЖЬ;0;None;;;;;;0=TRIP;0=TRIP;;;;;;Undefined;;;;;;;;;;;;ЛОЖЬ;ИСТИНА;;;;;;;;;;;;;;;;;Output;EPKS_CCB;ESD_932_1;1468;;;;;;;;
M;434_436_2;;;;;CAPACITY 50%;;ЛОЖЬ;ЛОЖЬ;;436;;;;;;;0;;;;445;ЛОЖЬ;0;;;;;;;1=ACTIVE;;;;;;;Undefined;491;3428;;;;;;;;;;ЛОЖЬ;;;;;;;;;;;;;;;;;;;;;;;;;;;;;
M;704_815_2;;;;;93PAL883_PERM;;ЛОЖЬ;ЛОЖЬ;;815;;;;;;;0;;;;4121;ЛОЖЬ;0;;;;;;;0=ALARM;;;;;;;Undefined;;;;;;;;;;;;ЛОЖЬ;ИСТИНА;;;;;;;;;;;;;;;;;;;;;;;;;;;;
DI;20-Flasher-1Hz;;SYS;;;1 Hz flasher;No;ЛОЖЬ;;;2480;;;;;;;;;;;28;ЛОЖЬ;0;None;;;;;;;;;;;;;Undefined;491;3428;;;;;;;;;;ЛОЖЬ;;;;ЛОЖЬ;;;;;;;;;;;;;;;;;;;;;;;;;
M;702_9;;;;;;;ЛОЖЬ;ЛОЖЬ;;702;;;;;;;0;;;;4196;ЛОЖЬ;0;;;;;;;;;;;;;;Undefined;;;;;;;;;;;;ЛОЖЬ;ИСТИНА;;;;;;;;;;;;;;;;;;;;;;;;;;;;
M;716_9;;;;;;;ЛОЖЬ;ЛОЖЬ;;716;;;;;;;0;;;;4199;ЛОЖЬ;0;;;;;;;;;;;;;;Undefined;;;;;;;;;;;;ЛОЖЬ;ИСТИНА;;;;;;;;;;;;;;;;;;;;;;;;;;;;
M;1023_3;;;;;;;ЛОЖЬ;ЛОЖЬ;;1023;;;;;;;0;;;;2235;ЛОЖЬ;0;;;;;;;;;;;;;;Undefined;;;;;;;;;;;;ЛОЖЬ;ИСТИНА;;;;;;;;;;;;;;;;;;;;;;;;;;;;
DO;93PALL477;;COM;930-20;A_93020;T GAS TO B9302002C;No;ИСТИНА;ЛОЖЬ;;242;;;;;;;0;;;;272;ИСТИНА;37280;None;;;;;;0=TRIP;;;;;;;Undefined;491;3428;;;;;;;;;;ЛОЖЬ;;;;;;;;;;;;;;;;;;Output;EPKS_CCB;ESD_932_1;610;;;;;;;;
T;728_1;;;;;;;ЛОЖЬ;ЛОЖЬ;;728;;;;;;;;100 ms;10;;552;ЛОЖЬ;0;;;;;;;;;;;;;;Undefined;491;3428;Delayed OFF with constant timer value;;;;;;;;;ЛОЖЬ;;;;;;;;;;;;;;;;;;;;;;;;;;;;;
DO;93HS851B_B0_IN_P;;COM;930-20;A_93020;CAP CTRL BIT 0;No;ИСТИНА;ЛОЖЬ;;792;;;;;;;0;;;;1897;ЛОЖЬ;38033;None;;;;;;1=ACTIVE;;;;;;;Undefined;491;3428;;;;;;;;;;ЛОЖЬ;;;;;;;;;;;;;;Output;CC_CCB_2;ESD_932_1;63;;;;;;;;;;;;
M;392_1011_2;;;;;93TAHH837_I;;ЛОЖЬ;ЛОЖЬ;;1011;;;;;;;0;;;;2170;ЛОЖЬ;0;;;;;;;0=TRIP INITIATOR;;;;;;;Undefined;;;;;;;;;;;;ЛОЖЬ;ИСТИНА;;;;;;;;;;;;;;;;;;;;;;;;;;;;
M;C260_3_G;;;;;Function block marker;;ЛОЖЬ;ЛОЖЬ;;260;;;;;;;0;;;;3619;ЛОЖЬ;0;;;;;;;;;;;;;;Undefined;;;;;;;;;;;;ЛОЖЬ;ИСТИНА;;;;;;;;;;;;;;;;;;;;;;;;;;;;
DO;93PAHH771_CA;;COM;930-20;A_C93021;CAUSE ALARM;No;ИСТИНА;ЛОЖЬ;;366;;;;;;;0;;;;674;ЛОЖЬ;37281;None;;;;;;0=ALARM;;;;;;;Undefined;491;3428;;;;;;;;;;ЛОЖЬ;;;;;;;;;;;;;;;;;;Output;EPKS_CCB;ESD_932_1;582;;;;;;;;
M;C394_2_B;;;;;Function block marker;;ЛОЖЬ;ЛОЖЬ;;394;;;;;;;0;;;;1582;ЛОЖЬ;0;;;;;;;;;;;;;;Undefined;;;;;;;;;;;;ЛОЖЬ;ИСТИНА;;;;;;;;;;;;;;;;;;;;;;;;;;;;
M;C690_6_E;;;;;Function block marker;;ЛОЖЬ;ЛОЖЬ;;690;;;;;;;0;;;;4356;ЛОЖЬ;0;;;;;;;;;;;;;;Undefined;;;;;;;;;;;;ЛОЖЬ;ИСТИНА;;;;;;;;;;;;;;;;;;;;;;;;;;;;
M;1035_4;;;;;;;ЛОЖЬ;ЛОЖЬ;;1035;;;;;;;0;;;;2272;ЛОЖЬ;0;;;;;;;;;;;;;;Undefined;;;;;;;;;;;;ЛОЖЬ;ИСТИНА;;;;;;;;;;;;;;;;;;;;;;;;;;;;
DI;93LY752_P;;COM;930-20;A_C93021;DRAIN 1ST STAGE;No;ИСТИНА;ИСТИНА;;450;;;;;;;0;;;;2097;ИСТИНА;37650;None;;;;;;0=CLOSE;;;;;;;Undefined;491;3428;;;;;;Low;;;;ЛОЖЬ;;;;ЛОЖЬ;;;;;;;;;;;;;;Output;EPKS_CCB;ESD_932_1;2026;;;;;Input;CC_CCB_1;ESD_932_1;2
R;C2456_8;;;;;Compiler register (256, 222);;ЛОЖЬ;ЛОЖЬ;;2456;;Float;;;;;0;;;;364;ЛОЖЬ;0;;;;;;;;;;;;;;Undefined;491;3428;;;;;;;;;;ЛОЖЬ;;;;;;;;;;;;;;;;;;;;;;;;;;;;;
M;416_2;;;;;;;ЛОЖЬ;ЛОЖЬ;;416;;;;;;;0;;;;871;ЛОЖЬ;0;;;;;;;;;;;;;;Undefined;491;3428;;;;;;;;;;ЛОЖЬ;;;;;;;;;;;;;;;;;;;;;;;;;;;;;
DO;93FALL424_FU;;COM;930-20;A_C93021;H2O SYS OIL C9302001CX;No;ИСТИНА;ЛОЖЬ;;1051;;;;;;;0;;;;2606;ЛОЖЬ;38328;None;;;;;;1=FIRST;;;;;;;Undefined;;;;;;;;;;;;ЛОЖЬ;ИСТИНА;;;;;;;;;;;;;;;;;Output;EPKS_CCB;ESD_932_1;1169;;;;;;;;
DI;93TI929_MOR;;COM;930-20;A_C93021;MO REQUEST;No;ИСТИНА;ИСТИНА;;404;;;;;;;0;;;;2970;ЛОЖЬ;37282;None;;;;;;1=REQUEST;;;;;;;Undefined;491;3428;;;;;;Freeze;;;;ЛОЖЬ;;;;ЛОЖЬ;;;;;;;;;;;;;;Input;EPKS_CCB;ESD_932_1;139;;;;;;;;
M;238_1;;;930-20;;;;ЛОЖЬ;ЛОЖЬ;;238;;;;;;;0;;;;255;ЛОЖЬ;0;;;;;;;;;;;;;;Undefined;491;3428;;;;;;;;;;ЛОЖЬ;;;;;;;;;;;;;;;;;;;;;;;;;;;;;
DO;93TAH766;;COM;;;HI ALARM;No;ЛОЖЬ;ЛОЖЬ;;384;;;;;;;0;;;;2795;ЛОЖЬ;0;None;;;;;;0=ALARM;0=ALARM;;;;;;Undefined;;;;;;;;;;;;ЛОЖЬ;ИСТИНА;;;;;;;;;;;;;;;;;Output;EPKS_CCB;ESD_932_1;1399;;;;;;;;
M;2345_B;;;;;MOS CONFIRMED;;ЛОЖЬ;ЛОЖЬ;;2345;;;;;;;0;;;;1603;ЛОЖЬ;0;;;;;;;;;;;;;;Undefined;491;3428;;;;;;;;;;ЛОЖЬ;;;;;;;;;;;;;;;;;;;;;;;;;;;;;
AI;93TI867;;FLD;930-20;A_C93021;C9302001CX PROC GAS CYL2;Yes;ИСТИНА;ЛОЖЬ;;718;ИСТИНА;Float;4-20mA;-50;200;°C;;;;;524;ЛОЖЬ;37911;;None;None;None;None;;;;-112.5;-112.5;;;;-XXXXX.X;3.76;21;;20.04;11;13;1;Bottom scale;;;;ЛОЖЬ;;ЛОЖЬ;;;;;;;;;;;;;;;;Output;EPKS_CCB;ESD_932_1;10158;;;;;;;;
DO;93TAHH768_FU;;COM;930-20;A_C93021;C9302001AX H2O COOL CYL2;No;ИСТИНА;ЛОЖЬ;;1011;;;;;;;0;;;;2208;ЛОЖЬ;38234;None;;;;;;1=FIRST;;;;;;;Undefined;;;;;;;;;;;;ЛОЖЬ;ИСТИНА;;;;;;;;;;;;;;;;;Output;EPKS_CCB;ESD_932_1;1075;;;;;;;;
DO;93LI438_TF;;COM;930-20;A_93020;TRANSM. FAIL;No;ИСТИНА;ЛОЖЬ;;290;;;;;;;0;;;;481;ИСТИНА;37284;None;;;;;;0=FAIL;;;;;;;Undefined;491;3428;;;;;;;;;;ЛОЖЬ;;;;;;;;;;;;;;;;;;Output;EPKS_CCB;ESD_932_1;564;;;;;;;;
T;558_1;;;930-20;;;;ЛОЖЬ;ЛОЖЬ;;558;;;;;;;;100 ms;5;;472;ЛОЖЬ;0;;;;;;;;;;;;;;Undefined;491;3428;Delayed OFF with constant timer value;;;;;;;;;ЛОЖЬ;;;;;;;;;;;;;;;;;;;;;;;;;;;;;
M;728_782_1;;;;;93VAHH852_I;;ЛОЖЬ;ЛОЖЬ;;782;;;;;;;0;;;;927;ЛОЖЬ;0;;;;;;;0=TRIP INITIATOR;;;;;;;Undefined;491;3428;;;;;;;;;;ЛОЖЬ;;;;;;;;;;;;;;;;;;;;;;;;;;;;;
M;648_11;;;;;;;ЛОЖЬ;ЛОЖЬ;;648;;;;;;;0;;;;1779;ЛОЖЬ;0;;;;;;;;;;;;;;Undefined;491;3428;;;;;;;;;;ЛОЖЬ;;;;;;;;;;;;;;;;;;;;;;;;;;;;;
M;564_9;;;;;;;ЛОЖЬ;ЛОЖЬ;;564;;;;;;;0;;;;3672;ЛОЖЬ;0;;;;;;;;;;;;;;Undefined;;;;;;;;;;;;ЛОЖЬ;ИСТИНА;;;;;;;;;;;;;;;;;;;;;;;;;;;;
AI;93TI860;;FLD;;;C9302001CX PROC GAS CYL1;Yes;ИСТИНА;ЛОЖЬ;;714;ИСТИНА;Float;4-20mA;-50;200;°C;;;;;780;ЛОЖЬ;38545;;None;None;None;None;;;;;;;;;-XXXXX.X;3.76;21;;20.04;17;9;1;Top scale;;;;ЛОЖЬ;ИСТИНА;ЛОЖЬ;;;;;;;;;;;;;;;;Output;EPKS_CCB;ESD_932_1;10366;;;;;;;;
DO;93LAHH427_CA;;COM;930-20;A_93020;CAUSE ALARM;No;ИСТИНА;ЛОЖЬ;;276;;;;;;;0;;;;434;ЛОЖЬ;37285;None;;;;;;0=ALARM;;;;;;;Undefined;491;3428;;;;;;;;;;ЛОЖЬ;;;;;;;;;;;;;;;;;;Output;EPKS_CCB;ESD_932_1;483;;;;;;;;
M;1017_9;;;;;;;ЛОЖЬ;ЛОЖЬ;;1017;;;;;;;0;;;;2141;ЛОЖЬ;0;;;;;;;;;;;;;;Undefined;;;;;;;;;;;;ЛОЖЬ;ИСТИНА;;;;;;;;;;;;;;;;;;;;;;;;;;;;
DI;93HS807_2;;PNL;930-20;A_C93021;C-9302001BX EM.STOP;Yes;ИСТИНА;ЛОЖЬ;;568;;;;;;;;;;;79;ИСТИНА;37286;None;;;;;;0=TRIP;;;;;;;Undefined;491;3428;;20.03;9;8;1;Low;;;;ЛОЖЬ;;;;ЛОЖЬ;;;;;;;;;;;;;;Output;EPKS_CCB;ESD_932_1;960;;;;;;;;
T;535_5;;;;;;;ЛОЖЬ;ЛОЖЬ;;535;;;;;;;;100 ms;5;;1296;ЛОЖЬ;0;;;;;;;;;;;;;;Undefined;;;Delayed OFF with constant timer value;;;;;;;;;ЛОЖЬ;ИСТИНА;;;;;;;;;;;;;;;;;;;;;;;;;;;;
M;262_2;;;;;;;ЛОЖЬ;ЛОЖЬ;;262;;;;;;;0;;;;381;ЛОЖЬ;0;;;;;;;;;;;;;;Undefined;491;3428;;;;;;;;;;ЛОЖЬ;;;;;;;;;;;;;;;;;;;;;;;;;;;;;
M;C562_5_G;;;;;Function block marker;;ЛОЖЬ;ЛОЖЬ;;562;;;;;;;0;;;;4379;ЛОЖЬ;0;;;;;;;;;;;;;;Undefined;;;;;;;;;;;;ЛОЖЬ;ИСТИНА;;;;;;;;;;;;;;;;;;;;;;;;;;;;
M;C726_6_G;;;;;Function block marker;;ЛОЖЬ;ЛОЖЬ;;726;;;;;;;0;;;;4230;ЛОЖЬ;0;;;;;;;;;;;;;;Undefined;;;;;;;;;;;;ЛОЖЬ;ИСТИНА;;;;;;;;;;;;;;;;;;;;;;;;;;;;
M;1033_4;;;;;;;ЛОЖЬ;ЛОЖЬ;;1033;;;;;;;0;;;;2266;ЛОЖЬ;0;;;;;;;;;;;;;;Undefined;;;;;;;;;;;;ЛОЖЬ;ИСТИНА;;;;;;;;;;;;;;;;;;;;;;;;;;;;
DO;93PALL927A_CA;;COM;;;CAUSE ALARM;No;ЛОЖЬ;ЛОЖЬ;;402;;;;;;;0;;;;3378;ЛОЖЬ;0;None;;;;;;0=ALARM;0=ALARM;;;;;;Undefined;;;;;;;;;;;;ЛОЖЬ;ИСТИНА;;;;;;;;;;;;;;;;;Output;EPKS_CCB;ESD_932_1;1273;;;;;;;;
M;C314_5_E;;;;;Function block marker;;ЛОЖЬ;ЛОЖЬ;;314;;;;;;;0;;;;4689;ЛОЖЬ;0;;;;;;;;;;;;;;Undefined;;;;;;;;;;;;ЛОЖЬ;ИСТИНА;;;;;;;;;;;;;;;;;;;;;;;;;;;;
T;530_2;;;;;;;ЛОЖЬ;ЛОЖЬ;;530;;;;;;;;100 ms;5;;768;ЛОЖЬ;0;;;;;;;;;;;;;;Undefined;;;Delayed OFF with constant timer value;;;;;;;;;ЛОЖЬ;ИСТИНА;;;;;;;;;;;;;;;;;;;;;;;;;;;;
M;C540_6_E;;;;;Function block marker;;ЛОЖЬ;ЛОЖЬ;;540;;;;;;;0;;;;4449;ЛОЖЬ;0;;;;;;;;;;;;;;Undefined;;;;;;;;;;;;ЛОЖЬ;ИСТИНА;;;;;;;;;;;;;;;;;;;;;;;;;;;;
DO;93TAHH768_CA;;COM;930-20;A_C93021;CAUSE ALARM;No;ИСТИНА;ЛОЖЬ;;386;;;;;;;0;;;;796;ЛОЖЬ;37287;None;;;;;;0=ALARM;;;;;;;Undefined;491;3428;;;;;;;;;;ЛОЖЬ;;;;;;;;;;;;;;;;;;Output;EPKS_CCB;ESD_932_1;724;;;;;;;;
M;C700_4_B;;;;;Function block marker;;ЛОЖЬ;ЛОЖЬ;;700;;;;;;;0;;;;4313;ЛОЖЬ;0;;;;;;;;;;;;;;Undefined;;;;;;;;;;;;ЛОЖЬ;ИСТИНА;;;;;;;;;;;;;;;;;;;;;;;;;;;;
DO;93LI427_MOC;;COM;930-20;A_93020;MO CONFIRMED;No;ИСТИНА;ЛОЖЬ;;274;;;;;;;0;;;;442;ИСТИНА;37288;None;;;;;;1=CONFIRMED;;;;;;;Undefined;491;3428;;;;;;;;;;ЛОЖЬ;;;;;;;;;;;;;;;;;;Output;EPKS_CCB;ESD_932_1;555;;;;;;;;
T;230_2;;;;;;;ЛОЖЬ;ЛОЖЬ;;230;;;;;;;;100 ms;5;;1024;ЛОЖЬ;0;;;;;;;;;;;;;;Undefined;;;Delayed OFF with constant timer value;;;;;;;;;ЛОЖЬ;ИСТИНА;;;;;;;;;;;;;;;;;;;;;;;;;;;;
M;248_9;;;;;;;ЛОЖЬ;ЛОЖЬ;;248;;;;;;;0;;;;3780;ЛОЖЬ;0;;;;;;;;;;;;;;Undefined;;;;;;;;;;;;ЛОЖЬ;ИСТИНА;;;;;;;;;;;;;;;;;;;;;;;;;;;;
M;692_815_3;;;;;93PDAH879_PERM;;ЛОЖЬ;ЛОЖЬ;;815;;;;;;;0;;;;4144;ЛОЖЬ;0;;;;;;;0=ALARM;;;;;;;Undefined;;;;;;;;;;;;ЛОЖЬ;ИСТИНА;;;;;;;;;;;;;;;;;;;;;;;;;;;;
DO;93XSC417_P;;COM;;;SHUTTER 93XV417;No;ИСТИНА;ЛОЖЬ;;324;;;;;;;0;;;;53;ЛОЖЬ;38023;None;;;;;;1=CLOSE;;;;;;;Undefined;;;;;;;;;;;;ЛОЖЬ;ИСТИНА;;;;;;;;;;;;;;;;;;;;;;;;;Output;CC_CCB_1;ESD_932_1;81
DO;93LAHH851_FU;;COM;930-20;A_C93021;C9302001CX LEV SEP 1ST;No;ИСТИНА;ЛОЖЬ;;1039;;;;;;;0;;;;2579;ЛОЖЬ;38301;None;;;;;;1=FIRST;;;;;;;Undefined;;;;;;;;;;;;ЛОЖЬ;ИСТИНА;;;;;;;;;;;;;;;;;Output;EPKS_CCB;ESD_932_1;1142;;;;;;;;
T;238_1;;;930-20;;;;ЛОЖЬ;ЛОЖЬ;;238;;;;;;;;100 ms;5;;36;ЛОЖЬ;0;;;;;;;;;;;;;;Undefined;491;3428;Delayed OFF with constant timer value;;;;;;;;;ЛОЖЬ;;;;;;;;;;;;;;;;;;;;;;;;;;;;;
DO;93TI753_MOC;;COM;930-20;A_C93021;MO CONFIRMED;No;ИСТИНА;ЛОЖЬ;;372;;;;;;;0;;;;716;ИСТИНА;37289;None;;;;;;1=CONFIRMED;;;;;;;Undefined;491;3428;;;;;;;;;;ЛОЖЬ;;;;;;;;;;;;;;;;;;Output;EPKS_CCB;ESD_932_1;789;;;;;;;;
DO;93FALL755_FU;;COM;930-20;A_C93021;C9302001AX COOL H2O CYL2;No;ИСТИНА;ЛОЖЬ;;1003;;;;;;;0;;;;2188;ЛОЖЬ;38214;None;;;;;;1=FIRST;;;;;;;Undefined;;;;;;;;;;;;ЛОЖЬ;ИСТИНА;;;;;;;;;;;;;;;;;Output;EPKS_CCB;ESD_932_1;1053;;;;;;;;
M;270_2;;;;;;;ЛОЖЬ;ЛОЖЬ;;270;;;;;;;0;;;;527;ЛОЖЬ;0;;;;;;;;;;;;;;Undefined;491;3428;;;;;;;;;;ЛОЖЬ;;;;;;;;;;;;;;;;;;;;;;;;;;;;;
DO;93PAHH826_CA;;COM;;;CAUSE ALARM;No;ИСТИНА;ЛОЖЬ;;538;;;;;;;0;;;;1096;ЛОЖЬ;37290;None;;;;;;0=ALARM;;;;;;;Undefined;491;3428;;;;;;;;;;ЛОЖЬ;;;;;;;;;;;;;;;;;;Output;EPKS_CCB;ESD_932_1;592;;;;;;;;
T;365_3;;;;;;;ЛОЖЬ;ЛОЖЬ;;365;;;;;;;;100 ms;5;;92;ЛОЖЬ;0;;;;;;;;;;;;;;Undefined;;;Delayed OFF with constant timer value;;;;;;;;;ЛОЖЬ;ИСТИНА;;;;;;;;;;;;;;;;;;;;;;;;;;;;
DO;93FALL426_CA;;COM;930-20;A_C93021;CAUSE ALARM;No;ИСТИНА;ЛОЖЬ;;250;;;;;;;0;;;;314;ЛОЖЬ;37291;None;;;;;;0=ALARM;;;;;;;Undefined;491;3428;;;;;;;;;;ЛОЖЬ;;;;;;;;;;;;;;;;;;Output;EPKS_CCB;ESD_932_1;424;;;;;;;;
M;300_648_1;;;;;93-I-553 GROUP STOP BUTTON;;ЛОЖЬ;ЛОЖЬ;;648;;;;;;;0;;;;1231;ЛОЖЬ;0;;;;;;;0=TRIP;;;;;;;Undefined;491;3428;;;;;;;;;;ЛОЖЬ;;;;;;;;;;;;;;;;;;;;;;;;;;;;;
M;2470_3;;;;;;;ЛОЖЬ;ЛОЖЬ;;2470;;;;;;;0;;;;127;ЛОЖЬ;0;;;;;;;;;;;;;;Undefined;491;3428;;;;;;;;;;ЛОЖЬ;;;;;;;;;;;;;;;;;;;;;;;;;;;;;
DO;93HA770B;;COM;930-20;A_C93021;C-9302001 EMERGENCY STOP;No;ИСТИНА;ЛОЖЬ;;430;;;;;;;0;;;;4216;ИСТИНА;38544;None;;;;;;0=TRIP;0=TRIP;;;;;;Undefined;;;;;;;;;;;;ЛОЖЬ;ИСТИНА;;;;;;;;;;;;;;;;;Output;EPKS_CCB;ESD_932_1;1457;;;;;;;;
M;648_634_1;;;;;93HS810_P;;ЛОЖЬ;ЛОЖЬ;;634;;;;;;;0;;;;907;ЛОЖЬ;0;;;;;;;1=RESET;;;;;;;Undefined;491;3428;;;;;;;;;;ЛОЖЬ;;;;;;;;;;;;;;;;;;;;;;;;;;;;;
M;1007_1009_1;;;;;FIRST OUT SEQUENCE;;ЛОЖЬ;ЛОЖЬ;;1009;;;;;;;0;;;;2147;ЛОЖЬ;0;;;;;;;1=FU ALARM;;;;;;;Undefined;;;;;;;;;;;;ЛОЖЬ;ИСТИНА;;;;;;;;;;;;;;;;;;;;;;;;;;;;
M;1051_3;;;;;;;ЛОЖЬ;ЛОЖЬ;;1051;;;;;;;0;;;;2519;ЛОЖЬ;0;;;;;;;;;;;;;;Undefined;;;;;;;;;;;;ЛОЖЬ;ИСТИНА;;;;;;;;;;;;;;;;;;;;;;;;;;;;
M;C634_1_C;;;;;Function block marker;;ЛОЖЬ;ЛОЖЬ;;634;;;;;;;0;;;;1427;ЛОЖЬ;0;;;;;;;;;;;;;;Undefined;491;3428;;;;;;;;;;ЛОЖЬ;;;;;;;;;;;;;;;;;;;;;;;;;;;;;
M;C434_3;;;;;Compiler marker (277, 270);;ЛОЖЬ;ЛОЖЬ;;434;;;;;;;0;;;;2063;ЛОЖЬ;0;;;;;;;;;;;;;;Undefined;491;3428;;;;;;;;;;ЛОЖЬ;;;;;;;;;;;;;;;;;;;;;;;;;;;;;
M;1041_4;;;;;;;ЛОЖЬ;ЛОЖЬ;;1041;;;;;;;0;;;;2485;ЛОЖЬ;0;;;;;;;;;;;;;;Undefined;;;;;;;;;;;;ЛОЖЬ;ИСТИНА;;;;;;;;;;;;;;;;;;;;;;;;;;;;
DO;93TAHH811_FU;;COM;930-20;A_C93021;C9302001BX TMP GAS CYL1;No;ИСТИНА;ЛОЖЬ;;1027;;;;;;;0;;;;2349;ЛОЖЬ;38271;None;;;;;;1=FIRST;;;;;;;Undefined;;;;;;;;;;;;ЛОЖЬ;ИСТИНА;;;;;;;;;;;;;;;;;Output;EPKS_CCB;ESD_932_1;1112;;;;;;;;
DO;93FI024A_TF;;COM;;;TRANSM FAULT;No;ЛОЖЬ;ЛОЖЬ;;318;;;;;;;0;;;;1596;ИСТИНА;38543;None;;;;;;0=ALARM;0=ALARM;;;;;;Undefined;;;;;;;;;;;;ЛОЖЬ;ИСТИНА;;;;;;;;;;;;;;;;;Output;EPKS_CCB;ESD_932_1;1373;;;;;;;;
DO;93SIS553;;COM;930-20;A_93020;INTERLOCK 93-I-553;No;ИСТИНА;ЛОЖЬ;;648;;;;;;;0;;;;2026;ИСТИНА;37321;None;;;;;;0=TRIP;;;;;;;Undefined;491;3428;;;;;;;;;;ЛОЖЬ;;;;;;;;;;;;;;;;;;Output;EPKS_CCB;ESD_932_1;917;;;;;;;;
DI;93XSF417;;FLD;;;SHUTTER 93XV417;No;ИСТИНА;ЛОЖЬ;;324;;;;;;;;;;;53;ЛОЖЬ;37746;None;;;;;;1=FAIL;;;;;;;Undefined;;;;20.03;7;14;1;Low;;;;ЛОЖЬ;ИСТИНА;;;ЛОЖЬ;;;;;;;;;;;;;;;;;;;;;;;;;
M;C404_6_G;;;;;Function block marker;;ЛОЖЬ;ЛОЖЬ;;404;;;;;;;0;;;;4528;ЛОЖЬ;0;;;;;;;;;;;;;;Undefined;;;;;;;;;;;;ЛОЖЬ;ИСТИНА;;;;;;;;;;;;;;;;;;;;;;;;;;;;
DO;93XY447;;MCC;930-20;A_93020;AUTO CLOSURE 93XV447;Yes;ИСТИНА;ЛОЖЬ;;266;;;;;;;0;;;;79;ЛОЖЬ;37292;None;;;;;;1=CLOSE;;;;;;;Undefined;491;3428;;20.05;15;8;1;Appl;;;;ЛОЖЬ;;;;;;;;;;;;;;;;;;;;;;;;;;;;;
T;364_7;;;;;;;ЛОЖЬ;ЛОЖЬ;;364;;;;;;;;100 ms;5;;96;ЛОЖЬ;0;;;;;;;;;;;;;;Undefined;;;Delayed OFF with constant timer value;;;;;;;;;ЛОЖЬ;ИСТИНА;;;;;;;;;;;;;;;;;;;;;;;;;;;;
DO;93TAHH861_FU;;COM;930-20;A_C93021;C9302001CX TMP GAS CYL1;No;ИСТИНА;ЛОЖЬ;;1045;;;;;;;0;;;;2595;ЛОЖЬ;38317;None;;;;;;1=FIRST;;;;;;;Undefined;;;;;;;;;;;;ЛОЖЬ;ИСТИНА;;;;;;;;;;;;;;;;;Output;EPKS_CCB;ESD_932_1;1158;;;;;;;;
DO;93FI023_TF;;COM;930-20;A_93020;TRANSM. FAIL;No;ИСТИНА;ЛОЖЬ;;316;;;;;;;0;;;;1731;ИСТИНА;37881;None;;;;;;0=ALARM;;;;;;;Undefined;491;3428;;;;;;;;;;ЛОЖЬ;;;;;;;;;;;;;;;;;;Output;EPKS_CCB;ESD_932_1;875;;;;;;;;
M;370_1007_3;;;;;93PALL784_I;;ЛОЖЬ;ЛОЖЬ;;1007;;;;;;;0;;;;2159;ЛОЖЬ;0;;;;;;;0=TRIP INITIATOR;;;;;;;Undefined;;;;;;;;;;;;ЛОЖЬ;ИСТИНА;;;;;;;;;;;;;;;;;;;;;;;;;;;;
M;C318_6_E;;;;;Function block marker;;ЛОЖЬ;ЛОЖЬ;;318;;;;;;;0;;;;4676;ЛОЖЬ;0;;;;;;;;;;;;;;Undefined;;;;;;;;;;;;ЛОЖЬ;ИСТИНА;;;;;;;;;;;;;;;;;;;;;;;;;;;;
M;C1039_1_I;;;;;Function block marker;;ЛОЖЬ;ЛОЖЬ;;1039;;;;;;;0;;;;2654;ЛОЖЬ;0;;;;;;;;;;;;;;Undefined;;;;;;;;;;;;ЛОЖЬ;ИСТИНА;;;;;;;;;;;;;;;;;;;;;;;;;;;;
M;C264_7_G;;;;;Function block marker;;ЛОЖЬ;ЛОЖЬ;;264;;;;;;;0;;;;3877;ЛОЖЬ;0;;;;;;;;;;;;;;Undefined;;;;;;;;;;;;ЛОЖЬ;ИСТИНА;;;;;;;;;;;;;;;;;;;;;;;;;;;;
T;274_1;;;;;;;ЛОЖЬ;ЛОЖЬ;;274;;;;;;;;100 ms;5;;1228;ЛОЖЬ;0;;;;;;;;;;;;;;Undefined;;;Delayed OFF with constant timer value;;;;;;;;;ЛОЖЬ;ИСТИНА;;;;;;;;;;;;;;;;;;;;;;;;;;;;
T;372_5;;;;;;;ЛОЖЬ;ЛОЖЬ;;372;;;;;;;;100 ms;5;;152;ЛОЖЬ;0;;;;;;;;;;;;;;Undefined;;;Delayed OFF with constant timer value;;;;;;;;;ЛОЖЬ;ИСТИНА;;;;;;;;;;;;;;;;;;;;;;;;;;;;
M;694_170_1;;;;;93PDT881;;ЛОЖЬ;ЛОЖЬ;;170;;;;;;;0;;;;1334;ЛОЖЬ;0;;;;;;;1=MO CONFIRMED;;;;;;;Undefined;491;3428;;;;;;;;;;ЛОЖЬ;;;;;;;;;;;;;;;;;;;;;;;;;;;;;
M;448_1015_3;;;;;93HS760_P;;ЛОЖЬ;ЛОЖЬ;;1015;;;;;;;0;;;;2019;ЛОЖЬ;0;;;;;;;1=RESET;;;;;;;Undefined;;;;;;;;;;;;ЛОЖЬ;ИСТИНА;;;;;;;;;;;;;;;;;;;;;;;;;;;;
M;123_2346_2;;;;;MOS C-9302001BX RELEASED;;ЛОЖЬ;ЛОЖЬ;;2346;;;;;;;0;;;;1606;ЛОЖЬ;0;;;;;;;1=RELEASED;;;;;;;Undefined;491;3428;;;;;;;;;;ЛОЖЬ;;;;;;;;;;;;;;;;;;;;;;;;;;;;;
M;C276_1_F;;;;;Function block marker;;ЛОЖЬ;ЛОЖЬ;;276;;;;;;;0;;;;3594;ЛОЖЬ;0;;;;;;;;;;;;;;Undefined;;;;;;;;;;;;ЛОЖЬ;ИСТИНА;;;;;;;;;;;;;;;;;;;;;;;;;;;;
DO;93HA857;;COM;930-20;A_C93021;C9302001CX EMERG SP;No;ИСТИНА;ЛОЖЬ;;732;;;;;;;0;;;;1373;ИСТИНА;37835;None;;;;;;0=TRIP;;;;;;;Undefined;491;3428;;;;;;;;;;ЛОЖЬ;;;;;;;;;;;;;;;;;;Output;EPKS_CCB;ESD_932_1;477;;;;;;;;
M;C530_5_F;;;;;Function block marker;;ЛОЖЬ;ЛОЖЬ;;530;;;;;;;0;;;;4486;ЛОЖЬ;0;;;;;;;;;;;;;;Undefined;;;;;;;;;;;;ЛОЖЬ;ИСТИНА;;;;;;;;;;;;;;;;;;;;;;;;;;;;
AI;93FI901;;FLD;930-20;A_C93021;C-9302001 COOL WATER RTN;Yes;ИСТИНА;ЛОЖЬ;;400;ИСТИНА;Float;4-20mA;0;20;m3/h;;;;;384;ЛОЖЬ;37742;;None;None;None;None;;;;-5;-5;;;;-XXXXX.X;3.64;22;;20.04;7;12;1;Bottom scale;;;;ЛОЖЬ;;ЛОЖЬ;;;;;;;;;;;;;;;;Output;EPKS_CCB;ESD_932_1;10082;;;;;;;;
DO;93TAHH858_CA;;COM;;;CAUSE ALARM;No;ЛОЖЬ;ЛОЖЬ;;712;;;;;;;0;;;;3369;ЛОЖЬ;0;None;;;;;;0=ALARM;0=ALARM;;;;;;Undefined;;;;;;;;;;;;ЛОЖЬ;ИСТИНА;;;;;;;;;;;;;;;;;Output;EPKS_CCB;ESD_932_1;1264;;;;;;;;
M;684_816_2;;;;;93FAL854_PERM;;ЛОЖЬ;ЛОЖЬ;;816;;;;;;;0;;;;4165;ЛОЖЬ;0;;;;;;;0=ALARM;;;;;;;Undefined;;;;;;;;;;;;ЛОЖЬ;ИСТИНА;;;;;;;;;;;;;;;;;;;;;;;;;;;;
M;C242_2_E;;;;;Function block marker;;ЛОЖЬ;ЛОЖЬ;;242;;;;;;;0;;;;2802;ЛОЖЬ;0;;;;;;;;;;;;;;Undefined;491;3428;;;;;;;;;;ЛОЖЬ;;;;;;;;;;;;;;;;;;;;;;;;;;;;;
DO;93TI819A_TF;;COM;;;TRANSM FAULT;No;ЛОЖЬ;ЛОЖЬ;;556;;;;;;;0;;;;1615;ИСТИНА;38542;None;;;;;;0=ALARM;0=ALARM;;;;;;Undefined;;;;;;;;;;;;ЛОЖЬ;ИСТИНА;;;;;;;;;;;;;;;;;Output;EPKS_CCB;ESD_932_1;1377;;;;;;;;
DO;93HS551A_FU_B;;COM;930-20;A_C93020;STOP BTN 2LCSA1;No;ИСТИНА;ЛОЖЬ;;1035;;;;;;;0;;;;2369;ЛОЖЬ;38291;None;;;;;;1=FIRST;;;;;;;Undefined;;;;;;;;;;;;ЛОЖЬ;ИСТИНА;;;;;;;;;;;;;;;;;Output;EPKS_CCB;ESD_932_1;1132;;;;;;;;
M;C1029_1_M;;;;;Function block marker;;ЛОЖЬ;ЛОЖЬ;;1029;;;;;;;0;;;;2394;ЛОЖЬ;0;;;;;;;;;;;;;;Undefined;;;;;;;;;;;;ЛОЖЬ;ИСТИНА;;;;;;;;;;;;;;;;;;;;;;;;;;;;
T;568_1;;;;;;;ЛОЖЬ;ЛОЖЬ;;568;;;;;;;;100 ms;10;;500;ЛОЖЬ;0;;;;;;;;;;;;;;Undefined;491;3428;Delayed OFF with constant timer value;;;;;;;;;ЛОЖЬ;;;;;;;;;;;;;;;;;;;;;;;;;;;;;
BO;93TI868_HH;;COM;930-20;A_C93021;HH TRIP SETPOINT (°C);No;ИСТИНА;ЛОЖЬ;;720;;Float;;;;;0;;;;632;;38202;;;;;;;;;0;0;;;;-XXXXX.X;491;3428;;;;;;;;;;ЛОЖЬ;;;;;;;;;;;;;;;;;;Output;EPKS_CCB;ESD_932_1;10276;;;;;;;;
M;798_8;;;;;;;ЛОЖЬ;ЛОЖЬ;;798;;;;;;;0;;;;1545;ЛОЖЬ;0;;;;;;;;;;;;;;Undefined;491;3428;;;;;;;;;;ЛОЖЬ;;;;;;;;;;;;;;;;;;;;;;;;;;;;;
BO;93LI751_HH;;COM;930-20;A_C93021;HH TRIP SETPOINT (%);No;ИСТИНА;ЛОЖЬ;;354;;Float;;;;;0;;;;580;;38098;;;;;;;;;0;0;;;;-XXXXX.X;491;3428;;;;;;;;;;ЛОЖЬ;;;;;;;;;;;;;;;;;;Output;EPKS_CCB;ESD_932_1;10204;;;;;;;;
M;264_8;;;;;;;ЛОЖЬ;ЛОЖЬ;;264;;;;;;;0;;;;3797;ЛОЖЬ;0;;;;;;;;;;;;;;Undefined;;;;;;;;;;;;ЛОЖЬ;ИСТИНА;;;;;;;;;;;;;;;;;;;;;;;;;;;;
T;648_1;;;;;;;ЛОЖЬ;ЛОЖЬ;;648;;;;;;;;100 ms;30;;396;ЛОЖЬ;0;;;;;;;;;;;;;;Undefined;491;3428;Pulse retriggerable with constant timer value;;;;;;;;;ЛОЖЬ;;;;;;;;;;;;;;;;;;;;;;;;;;;;;
M;C246_6_F;;;;;Function block marker;;ЛОЖЬ;ЛОЖЬ;;246;;;;;;;0;;;;3930;ЛОЖЬ;0;;;;;;;;;;;;;;Undefined;;;;;;;;;;;;ЛОЖЬ;ИСТИНА;;;;;;;;;;;;;;;;;;;;;;;;;;;;
M;C1051_1_M;;;;;Function block marker;;ЛОЖЬ;ЛОЖЬ;;1051;;;;;;;0;;;;2622;ЛОЖЬ;0;;;;;;;;;;;;;;Undefined;;;;;;;;;;;;ЛОЖЬ;ИСТИНА;;;;;;;;;;;;;;;;;;;;;;;;;;;;
M;C244_8_C;;;;;Function block marker;;ЛОЖЬ;ЛОЖЬ;;244;;;;;;;0;;;;3944;ЛОЖЬ;0;;;;;;;;;;;;;;Undefined;;;;;;;;;;;;ЛОЖЬ;ИСТИНА;;;;;;;;;;;;;;;;;;;;;;;;;;;;
BO;93FI805_LL;;COM;930-20;A_C93021;LL TRIP SETPOINT (m3/h);No;ИСТИНА;ЛОЖЬ;;522;;Float;;;;;0;;;;708;;38090;;;;;;;;;0;0;;;;-XXXXX.X;491;3428;;;;;;;;;;ЛОЖЬ;;;;;;;;;;;;;;;;;;Output;EPKS_CCB;ESD_932_1;10184;;;;;;;;
DI;93PDI881_MOR;;COM;930-20;A_C93021;MO REQUEST;No;ИСТИНА;ИСТИНА;;694;;;;;;;0;;;;2900;ЛОЖЬ;37294;None;;;;;;1=REQUEST;;;;;;;Undefined;491;3428;;;;;;Freeze;;;;ЛОЖЬ;;;;ЛОЖЬ;;;;;;;;;;;;;;Input;EPKS_CCB;ESD_932_1;69;;;;;;;;
M;C706_5_F;;;;;Function block marker;;ЛОЖЬ;ЛОЖЬ;;706;;;;;;;0;;;;4288;ЛОЖЬ;0;;;;;;;;;;;;;;Undefined;;;;;;;;;;;;ЛОЖЬ;ИСТИНА;;;;;;;;;;;;;;;;;;;;;;;;;;;;
T;524_5;;;;;;;ЛОЖЬ;ЛОЖЬ;;524;;;;;;;;100 ms;5;;1380;ЛОЖЬ;0;;;;;;;;;;;;;;Undefined;;;Delayed OFF with constant timer value;;;;;;;;;ЛОЖЬ;ИСТИНА;;;;;;;;;;;;;;;;;;;;;;;;;;;;
M;C404_5_E;;;;;Function block marker;;ЛОЖЬ;ЛОЖЬ;;404;;;;;;;0;;;;4523;ЛОЖЬ;0;;;;;;;;;;;;;;Undefined;;;;;;;;;;;;ЛОЖЬ;ИСТИНА;;;;;;;;;;;;;;;;;;;;;;;;;;;;
M;520_9;;;;;;;ЛОЖЬ;ЛОЖЬ;;520;;;;;;;0;;;;4103;ЛОЖЬ;0;;;;;;;;;;;;;;Undefined;;;;;;;;;;;;ЛОЖЬ;ИСТИНА;;;;;;;;;;;;;;;;;;;;;;;;;;;;
DI;93VSHH801A;;BNS;930-20;A_C93021;C-9302001BX VIBR CRANK;Yes;ИСТИНА;ЛОЖЬ;;564;;;;;;;;;;;36;ИСТИНА;38413;None;;;;;;0=TRIP;0=TRIP;;;;;;Undefined;;;;20.03;5;13;1;Low;;;;ЛОЖЬ;ИСТИНА;;;ЛОЖЬ;View only;;;;;;;;;;;;;Output;EPKS_CCB;ESD_932_1;1284;;;;;;;;
M;C648_1_C;;;;;Function block marker;;ЛОЖЬ;ЛОЖЬ;;648;;;;;;;0;;;;1218;ЛОЖЬ;0;;;;;;;;;;;;;;Undefined;491;3428;;;;;;;;;;ЛОЖЬ;;;;;;;;;;;;;;;;;;;;;;;;;;;;;
M;1051_4;;;;;;;ЛОЖЬ;ЛОЖЬ;;1051;;;;;;;0;;;;2520;ЛОЖЬ;0;;;;;;;;;;;;;;Undefined;;;;;;;;;;;;ЛОЖЬ;ИСТИНА;;;;;;;;;;;;;;;;;;;;;;;;;;;;
DO;93VAHH851;;COM;930-20;A_C93021;C9302001CX VIB CRANKCASE;No;ИСТИНА;ЛОЖЬ;;728;;;;;;;0;;;;3691;ИСТИНА;38412;None;;;;;;0=TRIP;0=TRIP;;;;;;Undefined;;;;;;;;;;;;ЛОЖЬ;ИСТИНА;;;;;;;;;;;;;;;;;Output;EPKS_CCB;ESD_932_1;1293;;;;;;;;
DO;93XY119B_C;;COM;;;;No;ИСТИНА;ЛОЖЬ;;314;;;;;;;0;;;;63;ИСТИНА;38028;None;;;;;;0=TRIP;;;;;;;Undefined;;;;;;;;;;;;ЛОЖЬ;ИСТИНА;;;;;;;;;;;;;;;;;Output;EPKS_CCB;ESD_932_1;993;;;;;;;;
M;402_1049_3;;;;;93PALL926_I (AFTER OOS);;ЛОЖЬ;ЛОЖЬ;;1049;;;;;;;0;;;;2558;ЛОЖЬ;0;;;;;;;0=TRIP INITIATOR;;;;;;;Undefined;;;;;;;;;;;;ЛОЖЬ;ИСТИНА;;;;;;;;;;;;;;;;;;;;;;;;;;;;
DI;20-SoeBufferFull;;SYS;;;SOE buffer full;Yes;ЛОЖЬ;;;0;;;;;;;;;;;17;ИСТИНА;37001;None;;;;;;;;;;;;;Undefined;491;3428;;;;;;;;;;ЛОЖЬ;;;;ЛОЖЬ;;;;;;;;;;;;;;Output;EPKS_CCB;ESD_932_1;1176;;;;;;;;
DO;93PDAHH781_FU;;COM;930-20;A_C93021;C9302001AX DPRS GAS CYL2;No;ИСТИНА;ЛОЖЬ;;1005;;;;;;;0;;;;2192;ЛОЖЬ;38218;None;;;;;;1=FIRST;;;;;;;Undefined;;;;;;;;;;;;ЛОЖЬ;ИСТИНА;;;;;;;;;;;;;;;;;Output;EPKS_CCB;ESD_932_1;1059;;;;;;;;
BO;93TI854_HH;;COM;930-20;A_C93021;HH TRIP SETPOINT (°C);No;ИСТИНА;ЛОЖЬ;;708;;Float;;;;;0;;;;712;;38092;;;;;;;;;0;0;;;;-XXXXX.X;491;3428;;;;;;;;;;ЛОЖЬ;;;;;;;;;;;;;;;;;;Output;EPKS_CCB;ESD_932_1;10270;;;;;;;;
M;C256_5_B;;;;;Function block marker;;ЛОЖЬ;ЛОЖЬ;;256;;;;;;;0;;;;3883;ЛОЖЬ;0;;;;;;;;;;;;;;Undefined;;;;;;;;;;;;ЛОЖЬ;ИСТИНА;;;;;;;;;;;;;;;;;;;;;;;;;;;;
M;448_2;;;;;;;ЛОЖЬ;ЛОЖЬ;;448;;;;;;;0;;;;2182;ЛОЖЬ;0;;;;;;;;;;;;;;Undefined;;;;;;;;;;;;ЛОЖЬ;ИСТИНА;;;;;;;;;;;;;;;;;;;;;;;;;;;;
M;C388_5_E;;;;;Function block marker;;ЛОЖЬ;ЛОЖЬ;;388;;;;;;;0;;;;4551;ЛОЖЬ;0;;;;;;;;;;;;;;Undefined;;;;;;;;;;;;ЛОЖЬ;ИСТИНА;;;;;;;;;;;;;;;;;;;;;;;;;;;;
DO;93XS494_OOS;;COM;930-20;A_C93021;OOS ACTIVATE;No;ИСТИНА;ЛОЖЬ;;699;;;;;;;0;;;;81;ЛОЖЬ;38027;None;;;;;;1=ACTIVATE;;;;;;;Undefined;;;;;;;;;;;;ЛОЖЬ;ИСТИНА;;;;;;;;;;;;;;;;;Output;EPKS_CCB;ESD_932_1;893;;;;;;;;
M;688_8;;;;;;;ЛОЖЬ;ЛОЖЬ;;688;;;;;;;0;;;;4204;ЛОЖЬ;0;;;;;;;;;;;;;;Undefined;;;;;;;;;;;;ЛОЖЬ;ИСТИНА;;;;;;;;;;;;;;;;;;;;;;;;;;;;
T;732_2;;;;;;;ЛОЖЬ;ЛОЖЬ;;732;;;;;;;;100 ms;10;;1564;ЛОЖЬ;0;;;;;;;;;;;;;;Undefined;;;Delayed OFF with constant timer value;;;;;;;;;ЛОЖЬ;ИСТИНА;;;;;;;;;;;;;;;;;;;;;;;;;;;;
M;430_648_4;;;;;CW COMMON TRIP;;ЛОЖЬ;ЛОЖЬ;;648;;;;;;;0;;;;906;ЛОЖЬ;0;;;;;;;0=TRIP;;;;;;;Undefined;491;3428;;;;;;;;;;ЛОЖЬ;;;;;;;;;;;;;;;;;;;;;;;;;;;;;
M;356_450_2;;;;;93LAHH753_I;;ЛОЖЬ;ЛОЖЬ;;450;;;;;;;0;;;;925;ЛОЖЬ;0;;;;;;;0=TRIP INITIATOR;;;;;;;Undefined;491;3428;;;;;;;;;;ЛОЖЬ;;;;;;;;;;;;;;;;;;;;;;;;;;;;;
DO;93XY435_C;;COM;;;AUTO CLOSURE 93XV435;No;ИСТИНА;ЛОЖЬ;;260;;;;;;;0;;;;1796;ИСТИНА;37329;None;;;;;;0=TRIP;;;;;;;Undefined;491;3428;;;;;;;;;;ЛОЖЬ;;;;;;;;;;;;;;;;;;Output;EPKS_CCB;ESD_932_1;1015;;;;;;;;
DO;93HS857A_FU;;COM;930-20;A_C93021;C-9302001CX EM.STOP;No;ИСТИНА;ЛОЖЬ;;1053;;;;;;;0;;;;2610;ЛОЖЬ;38332;None;;;;;;1=FIRST;;;;;;;Undefined;;;;;;;;;;;;ЛОЖЬ;ИСТИНА;;;;;;;;;;;;;;;;;Output;EPKS_CCB;ESD_932_1;1173;;;;;;;;
M;1009_1011_1;;;;;FIRST OUT SEQUENCE;;ЛОЖЬ;ЛОЖЬ;;1011;;;;;;;0;;;;2148;ЛОЖЬ;0;;;;;;;1=FU ALARM;;;;;;;Undefined;;;;;;;;;;;;ЛОЖЬ;ИСТИНА;;;;;;;;;;;;;;;;;;;;;;;;;;;;
DI;93HS757_1;;PNL;930-20;A_C93021;C-9302001AX EM.STOP;Yes;ИСТИНА;ЛОЖЬ;;398;;;;;;;;;;;45;ИСТИНА;37295;None;;;;;;0=TRIP;;;;;;;Undefined;491;3428;;20.03;5;6;1;Low;;;;ЛОЖЬ;;;;ЛОЖЬ;;;;;;;;;;;;;;Output;EPKS_CCB;ESD_932_1;957;;;;;;;;
M;234_8;;;;;;;ЛОЖЬ;ЛОЖЬ;;234;;;;;;;0;;;;3770;ЛОЖЬ;0;;;;;;;;;;;;;;Undefined;;;;;;;;;;;;ЛОЖЬ;ИСТИНА;;;;;;;;;;;;;;;;;;;;;;;;;;;;
M;522_164_1;;;;;93FT805;;ЛОЖЬ;ЛОЖЬ;;164;;;;;;;0;;;;942;ЛОЖЬ;0;;;;;;;1=MO CONFIRMED;;;;;;;Undefined;491;3428;;;;;;;;;;ЛОЖЬ;;;;;;;;;;;;;;;;;;;;;;;;;;;;;
DO;93XY114;;MCC;930-20;A_93020;AUTO CLS SHUTTER 93XV114;Yes;ИСТИНА;ЛОЖЬ;;318;;;;;;;0;;;;56;ЛОЖЬ;37296;None;;;;;;0=TRIP;;;;;;;Undefined;491;3428;;20.05;13;1;1;Appl;;;;ЛОЖЬ;;;;;;;;;;;;;;;;;;;;;;;;;;;;;
T;232_6;;;;;;;ЛОЖЬ;ЛОЖЬ;;232;;;;;;;;100 ms;10;;1040;ЛОЖЬ;0;;;;;;;;;;;;;;Undefined;;;Delayed OFF with constant timer value;;;;;;;;;ЛОЖЬ;ИСТИНА;;;;;;;;;;;;;;;;;;;;;;;;;;;;
M;2346_3;;;;;;;ЛОЖЬ;ЛОЖЬ;;2346;;;;;;;0;;;;1570;ЛОЖЬ;0;;;;;;;;;;;;;;Undefined;491;3428;;;;;;;;;;ЛОЖЬ;;;;;;;;;;;;;;;;;;;;;;;;;;;;;
M;C448_4_C;;;;;Function block marker;;ЛОЖЬ;ЛОЖЬ;;448;;;;;;;0;;;;1364;ЛОЖЬ;0;;;;;;;;;;;;;;Undefined;491;3428;;;;;;;;;;ЛОЖЬ;;;;;;;;;;;;;;;;;;;;;;;;;;;;;
M;150_156_1;;;;;MOS AREA 930-20;;ЛОЖЬ;ЛОЖЬ;;156;;;;;;;0;;;;396;ЛОЖЬ;0;;;;;;;1=ACTIVE;;;;;;;Undefined;491;3428;;;;;;;;;;ЛОЖЬ;;;;;;;;;;;;;;;;;;;;;;;;;;;;;
M;C236_6_E;;;;;Function block marker;;ЛОЖЬ;ЛОЖЬ;;236;;;;;;;0;;;;3947;ЛОЖЬ;0;;;;;;;;;;;;;;Undefined;;;;;;;;;;;;ЛОЖЬ;ИСТИНА;;;;;;;;;;;;;;;;;;;;;;;;;;;;
M;299_1;;;;;;;ЛОЖЬ;ЛОЖЬ;;299;;;;;;;0;;;;1204;ЛОЖЬ;0;;;;;;;;;;;;;;Undefined;491;3428;;;;;;;;;;ЛОЖЬ;;;;;;;;;;;;;;;;;;;;;;;;;;;;;
M;1031_6;;;;;;;ЛОЖЬ;ЛОЖЬ;;1031;;;;;;;0;;;;2262;ЛОЖЬ;0;;;;;;;;;;;;;;Undefined;;;;;;;;;;;;ЛОЖЬ;ИСТИНА;;;;;;;;;;;;;;;;;;;;;;;;;;;;
BO;93PI765_H;;COM;;;HI ALARM SETPOINT;No;ЛОЖЬ;ЛОЖЬ;;362;;Float;;;;;0;;;;68;;0;;None;None;None;None;;;;;;;;;-XXXXX.X;;;;;;;;;;;;ЛОЖЬ;ИСТИНА;;;;;;;;;;;;;;;;;Output;EPKS_CCB;ESD_932_1;10396;;;;;;;;
DI;93TI886_MOR;;COM;930-20;A_C93021;MO REQUEST;No;ИСТИНА;ИСТИНА;;560;;;;;;;0;;;;2968;ЛОЖЬ;37297;None;;;;;;1=REQUEST;;;;;;;Undefined;491;3428;;;;;;Freeze;;;;ЛОЖЬ;;;;ЛОЖЬ;;;;;;;;;;;;;;Input;EPKS_CCB;ESD_932_1;137;;;;;;;;
M;374_2;;;;;;;ЛОЖЬ;ЛОЖЬ;;374;;;;;;;0;;;;724;ЛОЖЬ;0;;;;;;;;;;;;;;Undefined;491;3428;;;;;;;;;;ЛОЖЬ;;;;;;;;;;;;;;;;;;;;;;;;;;;;;
BO;93TI981_HH;;COM;930-20;A_93020;HH TRIP SETPOINT (°C);No;ИСТИНА;ЛОЖЬ;;296;;Float;;;;;0;;;;732;;38088;;;;;;;;;0;0;;;;-XXXXX.X;491;3428;;;;;;;;;;ЛОЖЬ;;;;;;;;;;;;;;;;;;Output;EPKS_CCB;ESD_932_1;10284;;;;;;;;
M;390_162_1;;;;;93TT836;;ЛОЖЬ;ЛОЖЬ;;162;;;;;;;0;;;;807;ЛОЖЬ;0;;;;;;;1=MO CONFIRMED;;;;;;;Undefined;491;3428;;;;;;;;;;ЛОЖЬ;;;;;;;;;;;;;;;;;;;;;;;;;;;;;
M;C356_6_E;;;;;Function block marker;;ЛОЖЬ;ЛОЖЬ;;356;;;;;;;0;;;;4650;ЛОЖЬ;0;;;;;;;;;;;;;;Undefined;;;;;;;;;;;;ЛОЖЬ;ИСТИНА;;;;;;;;;;;;;;;;;;;;;;;;;;;;
M;1051_1053_1;;;;;FIRST OUT SEQUENCE;;ЛОЖЬ;ЛОЖЬ;;1053;;;;;;;0;;;;2516;ЛОЖЬ;0;;;;;;;1=FU ALARM;;;;;;;Undefined;;;;;;;;;;;;ЛОЖЬ;ИСТИНА;;;;;;;;;;;;;;;;;;;;;;;;;;;;
M;C712_5_E;;;;;Function block marker;;ЛОЖЬ;ЛОЖЬ;;712;;;;;;;0;;;;4274;ЛОЖЬ;0;;;;;;;;;;;;;;Undefined;;;;;;;;;;;;ЛОЖЬ;ИСТИНА;;;;;;;;;;;;;;;;;;;;;;;;;;;;
M;C382_2_F;;;;;Function block marker;;ЛОЖЬ;ЛОЖЬ;;382;;;;;;;0;;;;4571;ЛОЖЬ;0;;;;;;;;;;;;;;Undefined;;;;;;;;;;;;ЛОЖЬ;ИСТИНА;;;;;;;;;;;;;;;;;;;;;;;;;;;;
M;718_782_3;;;;;93TAHH867_I (AFTER OOS);;ЛОЖЬ;ЛОЖЬ;;782;;;;;;;0;;;;910;ЛОЖЬ;0;;;;;;;0=TRIP;;;;;;;Undefined;491;3428;;;;;;;;;;ЛОЖЬ;;;;;;;;;;;;;;;;;;;;;;;;;;;;;
M;724_782_2;;;;;93TAHH936_I;;ЛОЖЬ;ЛОЖЬ;;782;;;;;;;0;;;;922;ЛОЖЬ;0;;;;;;;0=TRIP INITIATOR;;;;;;;Undefined;491;3428;;;;;;;;;;ЛОЖЬ;;;;;;;;;;;;;;;;;;;;;;;;;;;;;
M;528_1021_2;;;;;93PDAHH830_I;;ЛОЖЬ;ЛОЖЬ;;1021;;;;;;;0;;;;2295;ЛОЖЬ;0;;;;;;;0=TRIP INITIATOR;;;;;;;Undefined;;;;;;;;;;;;ЛОЖЬ;ИСТИНА;;;;;;;;;;;;;;;;;;;;;;;;;;;;
M;C366_5_E;;;;;Function block marker;;ЛОЖЬ;ЛОЖЬ;;366;;;;;;;0;;;;4609;ЛОЖЬ;0;;;;;;;;;;;;;;Undefined;;;;;;;;;;;;ЛОЖЬ;ИСТИНА;;;;;;;;;;;;;;;;;;;;;;;;;;;;
DO;93PAHH819_FU;;COM;930-20;A_C93021;C9302001BX PRS GAS CYL2;No;ИСТИНА;ЛОЖЬ;;1023;;;;;;;0;;;;2339;ЛОЖЬ;38261;None;;;;;;1=FIRST;;;;;;;Undefined;;;;;;;;;;;;ЛОЖЬ;ИСТИНА;;;;;;;;;;;;;;;;;Output;EPKS_CCB;ESD_932_1;1102;;;;;;;;
DO;93FI017_MOC;;COM;930-20;A_93020;MO CONFIRMED;No;ИСТИНА;ЛОЖЬ;;312;;;;;;;0;;;;1714;ИСТИНА;37826;None;;;;;;1=CONFIRMED;;;;;;;Undefined;491;3428;;;;;;;;;;ЛОЖЬ;;;;;;;;;;;;;;;;;;Output;EPKS_CCB;ESD_932_1;529;;;;;;;;
DI;93PI784_MOR;;COM;930-20;A_C93021;MO REQUEST;No;ИСТИНА;ИСТИНА;;370;;;;;;;0;;;;2909;ЛОЖЬ;37298;None;;;;;;1=REQUEST;;;;;;;Undefined;491;3428;;;;;;Freeze;;;;ЛОЖЬ;;;;ЛОЖЬ;;;;;;;;;;;;;;Input;EPKS_CCB;ESD_932_1;78;;;;;;;;
DO;93TI936_MOC;;COM;930-20;A_C93021;MO CONFIRMED;No;ИСТИНА;ЛОЖЬ;;724;;;;;;;0;;;;1352;ИСТИНА;37299;None;;;;;;1=CONFIRMED;;;;;;;Undefined;491;3428;;;;;;;;;;ЛОЖЬ;;;;;;;;;;;;;;;;;;Output;EPKS_CCB;ESD_932_1;853;;;;;;;;
M;C1031_1_M;;;;;Function block marker;;ЛОЖЬ;ЛОЖЬ;;1031;;;;;;;0;;;;2388;ЛОЖЬ;0;;;;;;;;;;;;;;Undefined;;;;;;;;;;;;ЛОЖЬ;ИСТИНА;;;;;;;;;;;;;;;;;;;;;;;;;;;;
M;C699_4_F;;;;;Function block marker;;ЛОЖЬ;ЛОЖЬ;;699;;;;;;;0;;;;4325;ЛОЖЬ;0;;;;;;;;;;;;;;Undefined;;;;;;;;;;;;ЛОЖЬ;ИСТИНА;;;;;;;;;;;;;;;;;;;;;;;;;;;;
M;532_533_1;;;;;93PT814;;ЛОЖЬ;ЛОЖЬ;;533;;;;;;;0;;;;4050;ЛОЖЬ;0;;;;;;;1=MO CONFIRMED;;;;;;;Undefined;;;;;;;;;;;;ЛОЖЬ;ИСТИНА;;;;;;;;;;;;;;;;;;;;;;;;;;;;
DO;93ZALL853_FU;;COM;930-20;A_93020;C9302001CX LSW LOCK DEV;No;ИСТИНА;ЛОЖЬ;;1049;;;;;;;0;;;;2603;ЛОЖЬ;38325;None;;;;;;1=FIRST;;;;;;;Undefined;;;;;;;;;;;;ЛОЖЬ;ИСТИНА;;;;;;;;;;;;;;;;;Output;EPKS_CCB;ESD_932_1;1166;;;;;;;;
M;C558_4_B;;;;;Function block marker;;ЛОЖЬ;ЛОЖЬ;;558;;;;;;;0;;;;4390;ЛОЖЬ;0;;;;;;;;;;;;;;Undefined;;;;;;;;;;;;ЛОЖЬ;ИСТИНА;;;;;;;;;;;;;;;;;;;;;;;;;;;;
M;1047_4;;;;;;;ЛОЖЬ;ЛОЖЬ;;1047;;;;;;;0;;;;2506;ЛОЖЬ;0;;;;;;;;;;;;;;Undefined;;;;;;;;;;;;ЛОЖЬ;ИСТИНА;;;;;;;;;;;;;;;;;;;;;;;;;;;;
M;C1035_1_J;;;;;Function block marker;;ЛОЖЬ;ЛОЖЬ;;1035;;;;;;;0;;;;2373;ЛОЖЬ;0;;;;;;;;;;;;;;Undefined;;;;;;;;;;;;ЛОЖЬ;ИСТИНА;;;;;;;;;;;;;;;;;;;;;;;;;;;;
M;C372_5_E;;;;;Function block marker;;ЛОЖЬ;ЛОЖЬ;;372;;;;;;;0;;;;4591;ЛОЖЬ;0;;;;;;;;;;;;;;Undefined;;;;;;;;;;;;ЛОЖЬ;ИСТИНА;;;;;;;;;;;;;;;;;;;;;;;;;;;;
M;534_164_1;;;;;93PT819;;ЛОЖЬ;ЛОЖЬ;;164;;;;;;;0;;;;1097;ЛОЖЬ;0;;;;;;;1=MO CONFIRMED;;;;;;;Undefined;491;3428;;;;;;;;;;ЛОЖЬ;;;;;;;;;;;;;;;;;;;;;;;;;;;;;
M;C560_5_E;;;;;Function block marker;;ЛОЖЬ;ЛОЖЬ;;560;;;;;;;0;;;;4384;ЛОЖЬ;0;;;;;;;;;;;;;;Undefined;;;;;;;;;;;;ЛОЖЬ;ИСТИНА;;;;;;;;;;;;;;;;;;;;;;;;;;;;
BO;93TI757_H;;COM;;;H ALARM SETPOINT;No;ИСТИНА;ЛОЖЬ;;376;;Float;;;;;0;;;;908;;38096;;;;;;;;;0;0;;;;-XXXXX.X;491;3428;;;;;;;;;;ЛОЖЬ;;;;;;;;;;;;;;;;;;Output;EPKS_CCB;ESD_932_1;10288;;;;;;;;
M;C1015_1_J;;;;;Function block marker;;ЛОЖЬ;ЛОЖЬ;;1015;;;;;;;0;;;;2427;ЛОЖЬ;0;;;;;;;;;;;;;;Undefined;;;;;;;;;;;;ЛОЖЬ;ИСТИНА;;;;;;;;;;;;;;;;;;;;;;;;;;;;
DO;93PDTHH779_CA;;COM;;;CAUSE ALARM;No;ЛОЖЬ;ЛОЖЬ;;358;;;;;;;0;;;;3293;ЛОЖЬ;0;None;;;;;;0=ALARM;0=ALARM;;;;;;Undefined;;;;;;;;;;;;ЛОЖЬ;ИСТИНА;;;;;;;;;;;;;;;;;Output;EPKS_CCB;ESD_932_1;1179;;;;;;;;
T;692_1;;;930-20;;;;ЛОЖЬ;ЛОЖЬ;;692;;;;;;;;100 ms;5;;624;ЛОЖЬ;0;;;;;;;;;;;;;;Undefined;491;3428;Delayed OFF with constant timer value;;;;;;;;;ЛОЖЬ;;;;;;;;;;;;;;;;;;;;;;;;;;;;;
M;C264_5_B;;;;;Function block marker;;ЛОЖЬ;ЛОЖЬ;;264;;;;;;;0;;;;3871;ЛОЖЬ;0;;;;;;;;;;;;;;Undefined;;;;;;;;;;;;ЛОЖЬ;ИСТИНА;;;;;;;;;;;;;;;;;;;;;;;;;;;;
DO;93TAHH817_CA;;COM;930-20;A_C93021;CAUSE ALARM;No;ИСТИНА;ЛОЖЬ;;554;;;;;;;0;;;;1104;ЛОЖЬ;37300;None;;;;;;0=ALARM;;;;;;;Undefined;491;3428;;;;;;;;;;ЛОЖЬ;;;;;;;;;;;;;;;;;;Output;EPKS_CCB;ESD_932_1;740;;;;;;;;
BO;93TI937_HH;;COM;930-20;A_C93021;HH TRIP SETPOINT (°C);No;ИСТИНА;ЛОЖЬ;;726;;Float;;;;;0;;;;576;;38089;;;;;;;;;0;0;;;;-XXXXX.X;491;3428;;;;;;;;;;ЛОЖЬ;;;;;;;;;;;;;;;;;;Output;EPKS_CCB;ESD_932_1;10282;;;;;;;;
M;562_632_2;;;;;93TAHH887_I;;ЛОЖЬ;ЛОЖЬ;;632;;;;;;;0;;;;779;ЛОЖЬ;0;;;;;;;0=TRIP INITIATOR;;;;;;;Undefined;491;3428;;;;;;;;;;ЛОЖЬ;;;;;;;;;;;;;;;;;;;;;;;;;;;;;
M;548_166_1;;;;;93TT809;;ЛОЖЬ;ЛОЖЬ;;166;;;;;;;0;;;;1407;ЛОЖЬ;0;;;;;;;1=MO CONFIRMED;;;;;;;Undefined;491;3428;;;;;;;;;;ЛОЖЬ;;;;;;;;;;;;;;;;;;;;;;;;;;;;;
DI;20-ClockSrcFault2;;SYS;;;Clock source 2 fault;Yes;ЛОЖЬ;;;0;;;;;;;;;;;15;ЛОЖЬ;0;None;;;;;;;;;;;;;Undefined;491;3428;;;;;;;;;;ЛОЖЬ;;;;ЛОЖЬ;;;;;;;;;;;;;;;;;;;;;;;;;
DI;93VSHH752A;;BNS;930-20;A_C93021;C-9302001AX VIBR CRANK;Yes;ИСТИНА;ЛОЖЬ;;394;;;;;;;;;;;40;ИСТИНА;37301;None;;;;;;0=TRIP;;;;;;;Undefined;491;3428;;20.03;5;1;1;Low;;;;ЛОЖЬ;;;;ЛОЖЬ;;;;;;;;;;;;;;Output;EPKS_CCB;ESD_932_1;940;;;;;;;;
R;C2456_7;;;;;Compiler register (288, 198);;ЛОЖЬ;ЛОЖЬ;;2456;;Float;;;;;0;;;;360;ЛОЖЬ;0;;;;;;;;;;;;;;Undefined;491;3428;;;;;;;;;;ЛОЖЬ;;;;;;;;;;;;;;;;;;;;;;;;;;;;;
DO;93TI835_TF;;COM;;;TRANSM FAULT;No;ЛОЖЬ;ЛОЖЬ;;558;;;;;;;0;;;;589;ИСТИНА;38541;None;;;;;;0=ALARM;0=ALARM;;;;;;Undefined;;;;;;;;;;;;ЛОЖЬ;ИСТИНА;;;;;;;;;;;;;;;;;Output;EPKS_CCB;ESD_932_1;1349;;;;;;;;
M;712_3;;;;;;;ЛОЖЬ;ЛОЖЬ;;712;;;;;;;0;;;;1508;ЛОЖЬ;0;;;;;;;;;;;;;;Undefined;491;3428;;;;;;;;;;ЛОЖЬ;;;;;;;;;;;;;;;;;;;;;;;;;;;;;
DO;93XY503;;MCC;930-20;A_P93020;AUTO STOP P-9302003AX;Yes;ИСТИНА;ЛОЖЬ;;256;;;;;;;0;;;;168;ИСТИНА;37302;None;;;;;;0=TRIP;;;;;;;Undefined;491;3428;;20.06;11;1;1;Appl;;;;ЛОЖЬ;;;;;;;;;;;;;;;;;;Output;EPKS_CCB;ESD_932_1;1041;;;;;;;;
M;C310_1_G;;;;;Function block marker;;ЛОЖЬ;ЛОЖЬ;;310;;;;;;;0;;;;3284;ЛОЖЬ;0;;;;;;;;;;;;;;Undefined;;;;;;;;;;;;ЛОЖЬ;ИСТИНА;;;;;;;;;;;;;;;;;;;;;;;;;;;;
DO;93TAHH813A_CA;;COM;;;CAUSE ALARM;No;ЛОЖЬ;ЛОЖЬ;;552;;;;;;;0;;;;3334;ЛОЖЬ;0;None;;;;;;0=ALARM;0=ALARM;;;;;;Undefined;;;;;;;;;;;;ЛОЖЬ;ИСТИНА;;;;;;;;;;;;;;;;;Output;EPKS_CCB;ESD_932_1;1229;;;;;;;;
M;C250_6_F;;;;;Function block marker;;ЛОЖЬ;ЛОЖЬ;;250;;;;;;;0;;;;3912;ЛОЖЬ;0;;;;;;;;;;;;;;Undefined;;;;;;;;;;;;ЛОЖЬ;ИСТИНА;;;;;;;;;;;;;;;;;;;;;;;;;;;;
R;C2456_11;;;;;Compiler register (288, 306);;ЛОЖЬ;ЛОЖЬ;;2456;;Float;;;;;0;;;;376;ЛОЖЬ;0;;;;;;;;;;;;;;Undefined;491;3428;;;;;;;;;;ЛОЖЬ;;;;;;;;;;;;;;;;;;;;;;;;;;;;;
M;C318_5_E;;;;;Function block marker;;ЛОЖЬ;ЛОЖЬ;;318;;;;;;;0;;;;4673;ЛОЖЬ;0;;;;;;;;;;;;;;Undefined;;;;;;;;;;;;ЛОЖЬ;ИСТИНА;;;;;;;;;;;;;;;;;;;;;;;;;;;;
M;C368_3_E;;;;;Function block marker;;ЛОЖЬ;ЛОЖЬ;;368;;;;;;;0;;;;2727;ЛОЖЬ;0;;;;;;;;;;;;;;Undefined;491;3428;;;;;;;;;;ЛОЖЬ;;;;;;;;;;;;;;;;;;;;;;;;;;;;;
M;533_628_1;;;;;93PALL814_I;;ЛОЖЬ;ЛОЖЬ;;628;;;;;;;0;;;;4046;ЛОЖЬ;0;;;;;;;0=TRIP INITIATOR;;;;;;;Undefined;;;;;;;;;;;;ЛОЖЬ;ИСТИНА;;;;;;;;;;;;;;;;;;;;;;;;;;;;
M;646_650_1;;;;;93XY818A;;ЛОЖЬ;ЛОЖЬ;;650;;;;;;;0;;;;576;ЛОЖЬ;0;;;;;;;1=ACTIVE;;;;;;;Undefined;491;3428;;;;;;;;;;ЛОЖЬ;;;;;;;;;;;;;;;;;;;;;;;;;;;;;
DO;93LALL417_2;;COM;;;;No;ИСТИНА;ЛОЖЬ;;262;;;;;;;0;;;;75;ЛОЖЬ;38046;None;;;;;;0=TRIP;;;;;;;Undefined;;;;;;;;;;;;ЛОЖЬ;ИСТИНА;;;;;;;;;;;;;;;;;Output;EPKS_CCB;ESD_932_1;1049;;;;;;;;
M;1033_6;;;;;;;ЛОЖЬ;ЛОЖЬ;;1033;;;;;;;0;;;;2268;ЛОЖЬ;0;;;;;;;;;;;;;;Undefined;;;;;;;;;;;;ЛОЖЬ;ИСТИНА;;;;;;;;;;;;;;;;;;;;;;;;;;;;
DO;93HS709A;;COM;930-20;A_93020;MOS EN AREA 930-20;No;ИСТИНА;ЛОЖЬ;;131;;;;;;;0;;;;346;ИСТИНА;37836;None;;;;;;1=ENABLED;;;;;;;Undefined;491;3428;;;;;;;;;;ЛОЖЬ;;;;;;;;;;;;;;;;;;Output;EPKS_CCB;ESD_932_1;514;;;;;;;;
DO;93PDAHH880_CA;;COM;930-20;A_C93021;CAUSE ALARM;No;ИСТИНА;ЛОЖЬ;;692;;;;;;;0;;;;1402;ЛОЖЬ;37303;None;;;;;;0=ALARM;;;;;;;Undefined;491;3428;;;;;;;;;;ЛОЖЬ;;;;;;;;;;;;;;;;;;Output;EPKS_CCB;ESD_932_1;648;;;;;;;;
DI;93PI871_MOR;;COM;930-20;A_C93021;MO REQUEST;No;ИСТИНА;ИСТИНА;;700;;;;;;;0;;;;2917;ЛОЖЬ;37304;None;;;;;;1=REQUEST;;;;;;;Undefined;491;3428;;;;;;Freeze;;;;ЛОЖЬ;;;;ЛОЖЬ;;;;;;;;;;;;;;Input;EPKS_CCB;ESD_932_1;86;;;;;;;;
M;C352_4_D;;;;;Function block marker;;ЛОЖЬ;ЛОЖЬ;;352;;;;;;;0;;;;4662;ЛОЖЬ;0;;;;;;;;;;;;;;Undefined;;;;;;;;;;;;ЛОЖЬ;ИСТИНА;;;;;;;;;;;;;;;;;;;;;;;;;;;;
M;1053_11;;;;;;;ЛОЖЬ;ЛОЖЬ;;1053;;;;;;;0;;;;2472;ЛОЖЬ;0;;;;;;;;;;;;;;Undefined;;;;;;;;;;;;ЛОЖЬ;ИСТИНА;;;;;;;;;;;;;;;;;;;;;;;;;;;;
DO;93TI937_MOC;;COM;930-20;A_C93021;MO CONFIRMED;No;ИСТИНА;ЛОЖЬ;;726;;;;;;;0;;;;1557;ИСТИНА;37305;None;;;;;;1=CONFIRMED;;;;;;;Undefined;491;3428;;;;;;;;;;ЛОЖЬ;;;;;;;;;;;;;;;;;;Output;EPKS_CCB;ESD_932_1;855;;;;;;;;
M;C366_5_F;;;;;Function block marker;;ЛОЖЬ;ЛОЖЬ;;366;;;;;;;0;;;;4610;ЛОЖЬ;0;;;;;;;;;;;;;;Undefined;;;;;;;;;;;;ЛОЖЬ;ИСТИНА;;;;;;;;;;;;;;;;;;;;;;;;;;;;
DO;93FALL018;;COM;930-20;A_93020;FUEL GAS;No;ИСТИНА;ЛОЖЬ;;314;;;;;;;0;;;;1723;ИСТИНА;37745;None;;;;;;0=TRIP;;;;;;;Undefined;491;3428;;;;;;;;;;ЛОЖЬ;;;;;;;;;;;;;;;;;;Output;EPKS_CCB;ESD_932_1;609;;;;;;;;
DO;93PALL477_P;;COM;930-20;A_93020;T GAS TO B9302002C;No;ИСТИНА;ЛОЖЬ;;242;;;;;;;0;;;;551;ЛОЖЬ;38047;None;;;;;;1=ACTIVE;;;;;;;Undefined;491;3428;;;;;;;;;;ЛОЖЬ;;;;;;;;;;;;;;;;;;;;;;;;;;Output;CC_CCB_1;ESD_932_1;70
DO;93TAHH937_CA;;COM;930-20;A_C93021;CAUSE ALARM;No;ИСТИНА;ЛОЖЬ;;726;;;;;;;0;;;;1484;ЛОЖЬ;37306;None;;;;;;0=ALARM;;;;;;;Undefined;491;3428;;;;;;;;;;ЛОЖЬ;;;;;;;;;;;;;;;;;;Output;EPKS_CCB;ESD_932_1;776;;;;;;;;
AI;93LI420;;FLD;930-20;A_93020;L. B-9302001B;Yes;ИСТИНА;ЛОЖЬ;;266;ИСТИНА;Float;4-20mA;0;100;%;;;;;552;ЛОЖЬ;38431;;None;None;None;None;;;;;;;;;-XXXXX.X;3.64;22;;20.04;13;3;1;Bottom scale;;;;ЛОЖЬ;ИСТИНА;ЛОЖЬ;;;;;;;;;;;;;;;;Output;EPKS_CCB;ESD_932_1;10330;;;;;;;;
DO;93TAHH812_CA;;COM;930-20;A_C93021;CAUSE ALARM;No;ИСТИНА;ЛОЖЬ;;552;;;;;;;0;;;;995;ЛОЖЬ;37307;None;;;;;;0=ALARM;;;;;;;Undefined;491;3428;;;;;;;;;;ЛОЖЬ;;;;;;;;;;;;;;;;;;Output;EPKS_CCB;ESD_932_1;738;;;;;;;;
M;C262_3_F;;;;;Function block marker;;ЛОЖЬ;ЛОЖЬ;;262;;;;;;;0;;;;3615;ЛОЖЬ;0;;;;;;;;;;;;;;Undefined;;;;;;;;;;;;ЛОЖЬ;ИСТИНА;;;;;;;;;;;;;;;;;;;;;;;;;;;;
DO;93LI803_TF;;COM;930-20;A_C93021;TRANSM. FAIL;No;ИСТИНА;ЛОЖЬ;;526;;;;;;;0;;;;955;ИСТИНА;37308;None;;;;;;0=FAIL;;;;;;;Undefined;491;3428;;;;;;;;;;ЛОЖЬ;;;;;;;;;;;;;;;;;;Output;EPKS_CCB;ESD_932_1;572;;;;;;;;
BO;93PI826_LL;;COM;;;LL TRIP SETPOINT (MPa-g);No;ИСТИНА;ЛОЖЬ;;538;;Float;;;;;0;;;;496;;38124;;;;;;;;;0;0;;;;-XXXXX.X;491;3428;;;;;;;;;;ЛОЖЬ;;;;;;;;;;;;;;;;;;Output;EPKS_CCB;ESD_932_1;10235;;;;;;;;
M;2410_C;;;;;OOS ACTIVE;;ЛОЖЬ;ЛОЖЬ;;2410;;;;;;;0;;;;116;ЛОЖЬ;0;;;;;;;;;;;;;;Undefined;491;3428;;;;;;;;;;ЛОЖЬ;;;;;;;;;;;;;;;;;;;;;;;;;;;;;
M;1015_9;;;;;;;ЛОЖЬ;ЛОЖЬ;;1015;;;;;;;0;;;;2135;ЛОЖЬ;0;;;;;;;;;;;;;;Undefined;;;;;;;;;;;;ЛОЖЬ;ИСТИНА;;;;;;;;;;;;;;;;;;;;;;;;;;;;
M;C724_6_E;;;;;Function block marker;;ЛОЖЬ;ЛОЖЬ;;724;;;;;;;0;;;;4235;ЛОЖЬ;0;;;;;;;;;;;;;;Undefined;;;;;;;;;;;;ЛОЖЬ;ИСТИНА;;;;;;;;;;;;;;;;;;;;;;;;;;;;
DO;93XY467_C;;COM;930-20;A_93020;AUTO CLOSURE 93XV467;No;ИСТИНА;ЛОЖЬ;;280;;;;;;;0;;;;1808;ИСТИНА;37342;None;;;;;;0=TRIP;;;;;;;Undefined;491;3428;;;;;;;;;;ЛОЖЬ;;;;;;;;;;;;;;;;;;Output;EPKS_CCB;ESD_932_1;1030;;;;;;;;
BO;93TI930_L;;COM;;;LO ALARM SETPOINT;No;ЛОЖЬ;ЛОЖЬ;;373;;Float;;;;;0;;;;2120;;0;;None;None;None;None;;;;;;;;;-XXXXX.X;;;;;;;;;;;;ЛОЖЬ;ИСТИНА;;;;;;;;;;;;;;;;;Output;EPKS_CCB;ESD_932_1;10447;;;;;;;;
DO;93LAHH853_CA;;COM;930-20;A_C93021;CAUSE ALARM;No;ИСТИНА;ЛОЖЬ;;690;;;;;;;0;;;;1271;ЛОЖЬ;37309;None;;;;;;0=ALARM;;;;;;;Undefined;491;3428;;;;;;;;;;ЛОЖЬ;;;;;;;;;;;;;;;;;;Output;EPKS_CCB;ESD_932_1;499;;;;;;;;
M;2346_2;;;;;;;ЛОЖЬ;ЛОЖЬ;;2346;;;;;;;0;;;;1607;ЛОЖЬ;0;;;;;;;;;;;;;;Undefined;491;3428;;;;;;;;;;ЛОЖЬ;;;;;;;;;;;;;;;;;;;;;;;;;;;;;
DO;93VAHH801_FU;;COM;930-20;A_C93021;C9302001BX VIB CRANKCASE;No;ИСТИНА;ЛОЖЬ;;1031;;;;;;;0;;;;3685;ЛОЖЬ;38411;None;;;;;;1=FIRST;1=FIRST;;;;;;Undefined;;;;;;;;;;;;ЛОЖЬ;ИСТИНА;;;;;;;;;;;;;;;;;Output;EPKS_CCB;ESD_932_1;1288;;;;;;;;
M;C798_3_A;;;;;Compiler marker;;ЛОЖЬ;ЛОЖЬ;;798;;;;;;;0;;;;1077;ЛОЖЬ;0;;;;;;;;;;;;;;Undefined;491;3428;;;;;;;;;;ЛОЖЬ;;;;;;;;;;;;;;;;;;;;;;;;;;;;;
M;430_416_1;;;;;CW COMMON TRIP;;ЛОЖЬ;ЛОЖЬ;;416;;;;;;;0;;;;868;ЛОЖЬ;0;;;;;;;0=TRIP;;;;;;;Undefined;491;3428;;;;;;;;;;ЛОЖЬ;;;;;;;;;;;;;;;;;;;;;;;;;;;;;
T;380_6;;;;;;;ЛОЖЬ;ЛОЖЬ;;380;;;;;;;;100 ms;5;;444;ЛОЖЬ;0;;;;;;;;;;;;;;Undefined;;;Delayed OFF with constant timer value;;;;;;;;;ЛОЖЬ;ИСТИНА;;;;;;;;;;;;;;;;;;;;;;;;;;;;
M;C388_6_E;;;;;Function block marker;;ЛОЖЬ;ЛОЖЬ;;388;;;;;;;0;;;;4554;ЛОЖЬ;0;;;;;;;;;;;;;;Undefined;;;;;;;;;;;;ЛОЖЬ;ИСТИНА;;;;;;;;;;;;;;;;;;;;;;;;;;;;
M;368_2;;;;;;;ЛОЖЬ;ЛОЖЬ;;368;;;;;;;0;;;;680;ЛОЖЬ;0;;;;;;;;;;;;;;Undefined;491;3428;;;;;;;;;;ЛОЖЬ;;;;;;;;;;;;;;;;;;;;;;;;;;;;;
M;236_8;;;;;;;ЛОЖЬ;ЛОЖЬ;;236;;;;;;;0;;;;3791;ЛОЖЬ;0;;;;;;;;;;;;;;Undefined;;;;;;;;;;;;ЛОЖЬ;ИСТИНА;;;;;;;;;;;;;;;;;;;;;;;;;;;;
AI;93TI760;;FLD;;;C9302001AX PROC GAS CYL1;Yes;ИСТИНА;ЛОЖЬ;;380;ИСТИНА;Float;4-20mA;-50;200;°C;;;;;644;ЛОЖЬ;38540;;None;None;None;None;;;;;;;;;-XXXXX.X;3.76;21;;20.03;11;9;1;Top scale;;;;ЛОЖЬ;ИСТИНА;ЛОЖЬ;;;;;;;;;;;;;;;;Output;EPKS_CCB;ESD_932_1;10340;;;;;;;;
M;2457_H;;;;;Pre-alarm;;ЛОЖЬ;ЛОЖЬ;;2457;;;;;;;0;;;;100;ЛОЖЬ;0;;;;;;;;;;;;;;Undefined;491;3428;;;;;;;;;;ЛОЖЬ;;;;;;;;;;;;;;;;;;;;;;;;;;;;;
M;710_9;;;;;;;ЛОЖЬ;ЛОЖЬ;;710;;;;;;;0;;;;4141;ЛОЖЬ;0;;;;;;;;;;;;;;Undefined;;;;;;;;;;;;ЛОЖЬ;ИСТИНА;;;;;;;;;;;;;;;;;;;;;;;;;;;;
M;C697_3_E;;;;;Function block marker;;ЛОЖЬ;ЛОЖЬ;;697;;;;;;;0;;;;4328;ЛОЖЬ;0;;;;;;;;;;;;;;Undefined;;;;;;;;;;;;ЛОЖЬ;ИСТИНА;;;;;;;;;;;;;;;;;;;;;;;;;;;;
BO;IB932_ESD1_SECOND;;COM;;;SECOND;No;ЛОЖЬ;ЛОЖЬ;;19;;Byte;;;;;0;;;;38;;0;;None;None;None;None;;;;;;;;;-XXXXX.X;;;;;;;;;;;;ЛОЖЬ;ИСТИНА;;;;;;;;;;;;;;;;;Output;EPKS_CCB;ESD_932_1;10307;;;;;;;;
M;C123_5;;;;;Compiler marker (216, 133);;ЛОЖЬ;ЛОЖЬ;;123;;;;;;;0;;;;3289;ЛОЖЬ;0;;;;;;;;;;;;;;Undefined;;;;;;;;;;;;ЛОЖЬ;ИСТИНА;;;;;;;;;;;;;;;;;;;;;;;;;;;;
DO;93LI751_MOC;;COM;930-20;A_C93021;MO CONFIRMED;No;ИСТИНА;ЛОЖЬ;;354;;;;;;;0;;;;609;ИСТИНА;37310;None;;;;;;1=CONFIRMED;;;;;;;Undefined;491;3428;;;;;;;;;;ЛОЖЬ;;;;;;;;;;;;;;;;;;Output;EPKS_CCB;ESD_932_1;565;;;;;;;;
M;524_164_1;;;;;93LT801;;ЛОЖЬ;ЛОЖЬ;;164;;;;;;;0;;;;936;ЛОЖЬ;0;;;;;;;1=MO CONFIRMED;;;;;;;Undefined;491;3428;;;;;;;;;;ЛОЖЬ;;;;;;;;;;;;;;;;;;;;;;;;;;;;;
M;1027_5;;;;;;;ЛОЖЬ;ЛОЖЬ;;1027;;;;;;;0;;;;2249;ЛОЖЬ;0;;;;;;;;;;;;;;Undefined;;;;;;;;;;;;ЛОЖЬ;ИСТИНА;;;;;;;;;;;;;;;;;;;;;;;;;;;;
M;C404_5_G;;;;;Function block marker;;ЛОЖЬ;ЛОЖЬ;;404;;;;;;;0;;;;4525;ЛОЖЬ;0;;;;;;;;;;;;;;Undefined;;;;;;;;;;;;ЛОЖЬ;ИСТИНА;;;;;;;;;;;;;;;;;;;;;;;;;;;;
AI;93PI820;;FLD;;;C9302001BX PROC GAS CYL2;Yes;ИСТИНА;ЛОЖЬ;;536;ИСТИНА;Float;4-20mA;0;1.6;MPa;;;;;696;ЛОЖЬ;38539;;None;None;None;None;;;;;;;;;-XXXXX.X;3.64;22;;20.03;17;5;1;Top scale;;;;ЛОЖЬ;ИСТИНА;ЛОЖЬ;;;;;;;;;;;;;;;;Output;EPKS_CCB;ESD_932_1;10349;;;;;;;;
M;C726_5_E;;;;;Function block marker;;ЛОЖЬ;ЛОЖЬ;;726;;;;;;;0;;;;4225;ЛОЖЬ;0;;;;;;;;;;;;;;Undefined;;;;;;;;;;;;ЛОЖЬ;ИСТИНА;;;;;;;;;;;;;;;;;;;;;;;;;;;;
DO;93LI417_TF;;COM;;;TRANSM. FAIL;No;ИСТИНА;ЛОЖЬ;;263;;;;;;;0;;;;379;ИСТИНА;37311;None;;;;;;0=FAIL;;;;;;;Undefined;491;3428;;;;;;;;;;ЛОЖЬ;;;;;;;;;;;;;;;;;;Output;EPKS_CCB;ESD_932_1;546;;;;;;;;
T;264_8;;;;;;;ЛОЖЬ;ЛОЖЬ;;264;;;;;;;;100 ms;10;;1164;ЛОЖЬ;0;;;;;;;;;;;;;;Undefined;;;Delayed OFF with constant timer value;;;;;;;;;ЛОЖЬ;ИСТИНА;;;;;;;;;;;;;;;;;;;;;;;;;;;;
M;C258_1_B;;;;;Function block marker;;ЛОЖЬ;ЛОЖЬ;;258;;;;;;;0;;;;1591;ЛОЖЬ;0;;;;;;;;;;;;;;Undefined;491;3428;;;;;;;;;;ЛОЖЬ;;;;;;;;;;;;;;;;;;;;;;;;;;;;;
BI;20-Month;;SYS;;;Month;No;ЛОЖЬ;;;19;;Byte;;;;;;;;;2;;0;;;;;;;;;0;0;;;;-XXXXX.X;491;3428;;;;;;;;;;ЛОЖЬ;;;;;;;;;;;;;;;;;;;;;;;;;;;;;
M;C558_6_G;;;;;Function block marker;;ЛОЖЬ;ЛОЖЬ;;558;;;;;;;0;;;;4396;ЛОЖЬ;0;;;;;;;;;;;;;;Undefined;;;;;;;;;;;;ЛОЖЬ;ИСТИНА;;;;;;;;;;;;;;;;;;;;;;;;;;;;
T;550_1;;;930-20;;;;ЛОЖЬ;ЛОЖЬ;;550;;;;;;;;100 ms;5;;480;ЛОЖЬ;0;;;;;;;;;;;;;;Undefined;491;3428;Delayed OFF with constant timer value;;;;;;;;;ЛОЖЬ;;;;;;;;;;;;;;;;;;;;;;;;;;;;;
DI;93XSO415;;MCC;930-20;A_93020;SHUTTER 93XV415- OPEN;Yes;ИСТИНА;ЛОЖЬ;;322;;;;;;;;;;;73;ИСТИНА;37312;None;;;;;;1=OPEN;;;;;;;Undefined;491;3428;;20.03;9;2;1;Low;;;;ЛОЖЬ;;;;ЛОЖЬ;;;;;;;;;;;;;;Output;EPKS_CCB;ESD_932_1;975;;;;;;;;
M;790_796_2;;;;;CYCLE 2;;ЛОЖЬ;ЛОЖЬ;;796;;;;;;;0;;;;593;ЛОЖЬ;0;;;;;;;1=ACTIVE;;;;;;;Undefined;491;3428;;;;;;;;;;ЛОЖЬ;;;;;;;;;;;;;;;;;;;;;;;;;;;;;
AI;93TI887;;FLD;930-20;A_C93021;C-9302001BX TEMP BEAR DE;Yes;ИСТИНА;ЛОЖЬ;;562;ИСТИНА;Float;4-20mA;-50;200;°C;;;;;108;ЛОЖЬ;37909;;None;None;None;None;;;;-112.5;-112.5;;;;-XXXXX.X;3.76;21;;20.03;15;11;1;Bottom scale;;;;ЛОЖЬ;;ЛОЖЬ;;;;;;;;;;;;;;;;Output;EPKS_CCB;ESD_932_1;10162;;;;;;;;
DO;93TI834_MOC;;COM;930-20;A_C93021;MO CONFIRMED;No;ИСТИНА;ЛОЖЬ;;558;;;;;;;0;;;;1158;ИСТИНА;37314;None;;;;;;1=CONFIRMED;;;;;;;Undefined;491;3428;;;;;;;;;;ЛОЖЬ;;;;;;;;;;;;;;;;;;Output;EPKS_CCB;ESD_932_1;823;;;;;;;;
M;C1047_1_L;;;;;Function block marker;;ЛОЖЬ;ЛОЖЬ;;1047;;;;;;;0;;;;2633;ЛОЖЬ;0;;;;;;;;;;;;;;Undefined;;;;;;;;;;;;ЛОЖЬ;ИСТИНА;;;;;;;;;;;;;;;;;;;;;;;;;;;;
M;C1049_2_M;;;;;Function block marker;;ЛОЖЬ;ЛОЖЬ;;1049;;;;;;;0;;;;3708;ЛОЖЬ;0;;;;;;;;;;;;;;Undefined;;;;;;;;;;;;ЛОЖЬ;ИСТИНА;;;;;;;;;;;;;;;;;;;;;;;;;;;;
DI;00XS932E01ELD;;CAB;930-20;S_B93_2;IB-93-2 ESD-01 ALARM ELD;Yes;ИСТИНА;ЛОЖЬ;;18;;;;;;;;;;;1;ИСТИНА;37315;None;;;;;;0=ALARM;;;;;;;Undefined;491;3428;;20.03;1;10;1;Low;;;;ЛОЖЬ;;;;ЛОЖЬ;;;;;;;;;;;;;;Output;EPKS_CCB;ESD_932_1;946;;;;;;;;
M;250_1015_2;;;;;93FALL426_I;;ЛОЖЬ;ЛОЖЬ;;1015;;;;;;;0;;;;2179;ЛОЖЬ;0;;;;;;;0=TRIP INITIATOR;;;;;;;Undefined;;;;;;;;;;;;ЛОЖЬ;ИСТИНА;;;;;;;;;;;;;;;;;;;;;;;;;;;;
M;362_1005_2;;;;;93PAHH764_I;;ЛОЖЬ;ЛОЖЬ;;1005;;;;;;;0;;;;2152;ЛОЖЬ;0;;;;;;;0=TRIP INITIATOR;;;;;;;Undefined;;;;;;;;;;;;ЛОЖЬ;ИСТИНА;;;;;;;;;;;;;;;;;;;;;;;;;;;;
M;1027_1029_1;;;;;FIRST OUT SEQUENCE;;ЛОЖЬ;ЛОЖЬ;;1029;;;;;;;0;;;;2279;ЛОЖЬ;0;;;;;;;1=FU ALARM;;;;;;;Undefined;;;;;;;;;;;;ЛОЖЬ;ИСТИНА;;;;;;;;;;;;;;;;;;;;;;;;;;;;
DO;93HA757_PA;;COM;930-20;A_C93021;1OO2 PRE ALARM;No;ИСТИНА;ЛОЖЬ;;398;;;;;;;0;;;;864;ЛОЖЬ;37839;None;;;;;;0=ALARM;;;;;;;Undefined;491;3428;;;;;;;;;;ЛОЖЬ;;;;;;;;;;;;;;;;;;Output;EPKS_CCB;ESD_932_1;474;;;;;;;;
M;C368_2_G;;;;;Function block marker;;ЛОЖЬ;ЛОЖЬ;;368;;;;;;;0;;;;4605;ЛОЖЬ;0;;;;;;;;;;;;;;Undefined;;;;;;;;;;;;ЛОЖЬ;ИСТИНА;;;;;;;;;;;;;;;;;;;;;;;;;;;;
M;300_798_2;;;;;93-I-553 GROUP STOP BUTTON;;ЛОЖЬ;ЛОЖЬ;;798;;;;;;;0;;;;1567;ЛОЖЬ;0;;;;;;;0=TRIP;;;;;;;Undefined;491;3428;;;;;;;;;;ЛОЖЬ;;;;;;;;;;;;;;;;;;;;;;;;;;;;;
T;402_1;;;;;;;ЛОЖЬ;ЛОЖЬ;;402;;;;;;;;100 ms;5;;1268;ЛОЖЬ;0;;;;;;;;;;;;;;Undefined;;;Delayed OFF with constant timer value;;;;;;;;;ЛОЖЬ;ИСТИНА;;;;;;;;;;;;;;;;;;;;;;;;;;;;
DO;93XY125_C;;COM;;;;No;ИСТИНА;ЛОЖЬ;;320;;;;;;;0;;;;69;ИСТИНА;38043;None;;;;;;0=TRIP;;;;;;;Undefined;;;;;;;;;;;;ЛОЖЬ;ИСТИНА;;;;;;;;;;;;;;;;;Output;EPKS_CCB;ESD_932_1;995;;;;;;;;
M;392_811_3;;;;;93TAH779_PERM;;ЛОЖЬ;ЛОЖЬ;;811;;;;;;;0;;;;4008;ЛОЖЬ;0;;;;;;;0=ALARM;;;;;;;Undefined;;;;;;;;;;;;ЛОЖЬ;ИСТИНА;;;;;;;;;;;;;;;;;;;;;;;;;;;;
M;356_410_2;;;;;93LAHH753_I;;ЛОЖЬ;ЛОЖЬ;;410;;;;;;;0;;;;601;ЛОЖЬ;0;;;;;;;0=TRIP INITIATOR;;;;;;;Undefined;491;3428;;;;;;;;;;ЛОЖЬ;;;;;;;;;;;;;;;;;;;;;;;;;;;;;
DO;93XY461_P;;COM;930-20;A_C93021;AUTO OPENING 93XV461;No;ИСТИНА;ЛОЖЬ;;448;;;;;;;0;;;;552;ЛОЖЬ;38042;None;;;;;;1=ACTIVE;;;;;;;Undefined;491;3428;;;;;;;;;;ЛОЖЬ;;;;;;;;;;;;;;;;;;;;;;;;;;Output;CC_CCB_1;ESD_932_1;71
R;378_373_4;;;;;93TI758;;ЛОЖЬ;ЛОЖЬ;;373;;Float;;;;;0;;;;2144;ЛОЖЬ;0;;;;;;;;;;;;;;Undefined;;;;;;;;;;;;ЛОЖЬ;ИСТИНА;;;;;;;;;;;;;;;;;;;;;;;;;;;;
M;400_1049_3;;;;;93FALL901_I (AFTER OOS);;ЛОЖЬ;ЛОЖЬ;;1049;;;;;;;0;;;;2557;ЛОЖЬ;0;;;;;;;0=TRIP INITIATOR;;;;;;;Undefined;;;;;;;;;;;;ЛОЖЬ;ИСТИНА;;;;;;;;;;;;;;;;;;;;;;;;;;;;
AI;93LI421;;FLD;930-20;A_93020;HYDROC GAS CON B9302001B;Yes;ИСТИНА;ЛОЖЬ;;266;ИСТИНА;Float;4-20mA;0;100;%;;;;;216;ЛОЖЬ;37769;;None;None;None;None;;;;-25;-25;;;;-XXXXX.X;3.64;22;;20.04;3;4;1;Bottom scale;;;;ЛОЖЬ;;ЛОЖЬ;;;;;;;;;;;;;;;;Output;EPKS_CCB;ESD_932_1;10088;;;;;;;;
DO;93HS551B_FU_B;;COM;930-20;A_C93020;STOP BTN 2LCSA3;No;ИСТИНА;ЛОЖЬ;;1035;;;;;;;0;;;;2370;ЛОЖЬ;38292;None;;;;;;1=FIRST;;;;;;;Undefined;;;;;;;;;;;;ЛОЖЬ;ИСТИНА;;;;;;;;;;;;;;;;;Output;EPKS_CCB;ESD_932_1;1133;;;;;;;;
DI;93XSO417;;MCC;930-20;A_93020;SHUTTER 93XV417- OPEN;Yes;ИСТИНА;ЛОЖЬ;;324;;;;;;;;;;;75;ИСТИНА;37317;None;;;;;;1=OPEN;;;;;;;Undefined;491;3428;;20.03;9;4;1;Low;;;;ЛОЖЬ;;;;ЛОЖЬ;;;;;;;;;;;;;;Output;EPKS_CCB;ESD_932_1;977;;;;;;;;
DI;20-RepairTimerStart_CP1;;SYS;;;Repair time started CP1;Yes;ЛОЖЬ;;;17;;;;;;;;;;;26;ЛОЖЬ;0;None;;;;;;;;;;;;;Undefined;491;3428;;;;;;;;;;ЛОЖЬ;;;;ЛОЖЬ;;;;;;;;;;;;;;;;;;;;;;;;;
DO;93TAL758;;COM;;;LO ALARM;No;ЛОЖЬ;ЛОЖЬ;;373;;;;;;;0;;;;2776;ЛОЖЬ;0;None;;;;;;0=ALARM;0=ALARM;;;;;;Undefined;;;;;;;;;;;;ЛОЖЬ;ИСТИНА;;;;;;;;;;;;;;;;;Output;EPKS_CCB;ESD_932_1;1397;;;;;;;;
T;234_6;;;;;;;ЛОЖЬ;ЛОЖЬ;;234;;;;;;;;100 ms;5;;1048;ЛОЖЬ;0;;;;;;;;;;;;;;Undefined;;;Delayed OFF with constant timer value;;;;;;;;;ЛОЖЬ;ИСТИНА;;;;;;;;;;;;;;;;;;;;;;;;;;;;
M;C1023_1_I;;;;;Function block marker;;ЛОЖЬ;ЛОЖЬ;;1023;;;;;;;0;;;;2408;ЛОЖЬ;0;;;;;;;;;;;;;;Undefined;;;;;;;;;;;;ЛОЖЬ;ИСТИНА;;;;;;;;;;;;;;;;;;;;;;;;;;;;
M;C524_5_G;;;;;Function block marker;;ЛОЖЬ;ЛОЖЬ;;524;;;;;;;0;;;;4508;ЛОЖЬ;0;;;;;;;;;;;;;;Undefined;;;;;;;;;;;;ЛОЖЬ;ИСТИНА;;;;;;;;;;;;;;;;;;;;;;;;;;;;
M;712_1;;;;;;;ЛОЖЬ;ЛОЖЬ;;712;;;;;;;0;;;;1269;ЛОЖЬ;0;;;;;;;;;;;;;;Undefined;491;3428;;;;;;;;;;ЛОЖЬ;;;;;;;;;;;;;;;;;;;;;;;;;;;;;
M;2460_J;;;;;0=UNCMD_CHANGE;;ЛОЖЬ;ЛОЖЬ;;2460;;;;;;;0;;;;136;ЛОЖЬ;0;;;;;;;;;;;;;;Undefined;491;3428;;;;;;;;;;ЛОЖЬ;;;;;;;;;;;;;;;;;;;;;;;;;;;;;
DO;93TAHH981_CA;;COM;930-20;A_93020;CAUSE ALARM;No;ИСТИНА;ЛОЖЬ;;296;;;;;;;0;;;;491;ЛОЖЬ;37318;None;;;;;;0=ALARM;;;;;;;Undefined;491;3428;;;;;;;;;;ЛОЖЬ;;;;;;;;;;;;;;;;;;Output;EPKS_CCB;ESD_932_1;778;;;;;;;;
M;352_158_1;;;;;93FT755;;ЛОЖЬ;ЛОЖЬ;;158;;;;;;;0;;;;578;ЛОЖЬ;0;;;;;;;1=MO CONFIRMED;;;;;;;Undefined;491;3428;;;;;;;;;;ЛОЖЬ;;;;;;;;;;;;;;;;;;;;;;;;;;;;;
M;C726_5_G;;;;;Function block marker;;ЛОЖЬ;ЛОЖЬ;;726;;;;;;;0;;;;4227;ЛОЖЬ;0;;;;;;;;;;;;;;Undefined;;;;;;;;;;;;ЛОЖЬ;ИСТИНА;;;;;;;;;;;;;;;;;;;;;;;;;;;;
BO;IB932_ESD1_MINUTE;;COM;;;MINUTE;No;ЛОЖЬ;ЛОЖЬ;;19;;Byte;;;;;0;;;;37;;0;;None;None;None;None;;;;;;;;;-XXXXX.X;;;;;;;;;;;;ЛОЖЬ;ИСТИНА;;;;;;;;;;;;;;;;;Output;EPKS_CCB;ESD_932_1;10306;;;;;;;;
T;724_5;;;;;;;ЛОЖЬ;ЛОЖЬ;;724;;;;;;;;100 ms;5;;1480;ЛОЖЬ;0;;;;;;;;;;;;;;Undefined;;;Delayed OFF with constant timer value;;;;;;;;;ЛОЖЬ;ИСТИНА;;;;;;;;;;;;;;;;;;;;;;;;;;;;
M;C798_5_D;;;;;Function block marker;;ЛОЖЬ;ЛОЖЬ;;798;;;;;;;0;;;;2673;ЛОЖЬ;0;;;;;;;;;;;;;;Undefined;;;;;;;;;;;;ЛОЖЬ;ИСТИНА;;;;;;;;;;;;;;;;;;;;;;;;;;;;
DO;93TAHH854;;COM;930-20;A_C93021;C9302001CX TMP PACK CYL1;No;ИСТИНА;ЛОЖЬ;;708;;;;;;;0;;;;1264;ИСТИНА;37319;None;;;;;;0=TRIP;;;;;;;Undefined;491;3428;;;;;;;;;;ЛОЖЬ;;;;;;;;;;;;;;;;;;Output;EPKS_CCB;ESD_932_1;751;;;;;;;;
DO;93TAHH484_CA;;COM;930-20;A_93020;CAUSE ALARM;No;ИСТИНА;ЛОЖЬ;;234;;;;;;;0;;;;220;ЛОЖЬ;37320;None;;;;;;0=ALARM;;;;;;;Undefined;491;3428;;;;;;;;;;ЛОЖЬ;;;;;;;;;;;;;;;;;;Output;EPKS_CCB;ESD_932_1;708;;;;;;;;
AI;93TI759;;FLD;930-20;A_C93021;C9302001AX COOL H2O CYL2;Yes;ИСТИНА;ЛОЖЬ;;378;ИСТИНА;Float;4-20mA;-50;100;°C;;;;;12;ЛОЖЬ;37755;;None;None;None;None;;;;-87.5;-87.5;;;;-XXXXX.X;3.76;21;;20.03;13;4;1;Bottom scale;;;;ЛОЖЬ;;ЛОЖЬ;;;;;;;;;;;;;;;;Output;EPKS_CCB;ESD_932_1;10135;;;;;;;;
M;278_3;;;;;;;ЛОЖЬ;ЛОЖЬ;;278;;;;;;;0;;;;538;ЛОЖЬ;0;;;;;;;;;;;;;;Undefined;491;3428;;;;;;;;;;ЛОЖЬ;;;;;;;;;;;;;;;;;;;;;;;;;;;;;
M;1049_8;;;;;;;ЛОЖЬ;ЛОЖЬ;;1049;;;;;;;0;;;;3697;ЛОЖЬ;0;;;;;;;;;;;;;;Undefined;;;;;;;;;;;;ЛОЖЬ;ИСТИНА;;;;;;;;;;;;;;;;;;;;;;;;;;;;
M;C1011_1_L;;;;;Function block marker;;ЛОЖЬ;ЛОЖЬ;;1011;;;;;;;0;;;;2441;ЛОЖЬ;0;;;;;;;;;;;;;;Undefined;;;;;;;;;;;;ЛОЖЬ;ИСТИНА;;;;;;;;;;;;;;;;;;;;;;;;;;;;
M;1043_1;;;;;;;ЛОЖЬ;ЛОЖЬ;;1043;;;;;;;0;;;;2489;ЛОЖЬ;0;;;;;;;;;;;;;;Undefined;;;;;;;;;;;;ЛОЖЬ;ИСТИНА;;;;;;;;;;;;;;;;;;;;;;;;;;;;
M;C1007_1_L;;;;;Function block marker;;ЛОЖЬ;ЛОЖЬ;;1007;;;;;;;0;;;;2453;ЛОЖЬ;0;;;;;;;;;;;;;;Undefined;;;;;;;;;;;;ЛОЖЬ;ИСТИНА;;;;;;;;;;;;;;;;;;;;;;;;;;;;
M;C363_4_F;;;;;Function block marker;;ЛОЖЬ;ЛОЖЬ;;363;;;;;;;0;;;;4630;ЛОЖЬ;0;;;;;;;;;;;;;;Undefined;;;;;;;;;;;;ЛОЖЬ;ИСТИНА;;;;;;;;;;;;;;;;;;;;;;;;;;;;
M;C524_5_F;;;;;Function block marker;;ЛОЖЬ;ЛОЖЬ;;524;;;;;;;0;;;;4507;ЛОЖЬ;0;;;;;;;;;;;;;;Undefined;;;;;;;;;;;;ЛОЖЬ;ИСТИНА;;;;;;;;;;;;;;;;;;;;;;;;;;;;
M;714_9;;;;;;;ЛОЖЬ;ЛОЖЬ;;714;;;;;;;0;;;;4176;ЛОЖЬ;0;;;;;;;;;;;;;;Undefined;;;;;;;;;;;;ЛОЖЬ;ИСТИНА;;;;;;;;;;;;;;;;;;;;;;;;;;;;
M;C268_7_G;;;;;Function block marker;;ЛОЖЬ;ЛОЖЬ;;268;;;;;;;0;;;;3859;ЛОЖЬ;0;;;;;;;;;;;;;;Undefined;;;;;;;;;;;;ЛОЖЬ;ИСТИНА;;;;;;;;;;;;;;;;;;;;;;;;;;;;
DO;93PALL475;;COM;930-20;A_93020;T GAS TO  B9302002B;No;ИСТИНА;ЛОЖЬ;;240;;;;;;;0;;;;264;ИСТИНА;37322;None;;;;;;0=TRIP;;;;;;;Undefined;491;3428;;;;;;;;;;ЛОЖЬ;;;;;;;;;;;;;;;;;;Output;EPKS_CCB;ESD_932_1;607;;;;;;;;
DO;93XSO421_P;;COM;930-20;A_93020;SHUTTER 93XV421-OPEN;No;ИСТИНА;ЛОЖЬ;;324;;;;;;;0;;;;1691;ЛОЖЬ;38040;None;;;;;;1=OPEN;;;;;;;Undefined;491;3428;;;;;;;;;;ЛОЖЬ;;;;;;;;;;;;;;;;;;;;;;;;;;Output;CC_CCB_1;ESD_932_1;49
DO;93TAH757;;COM;;;HI ALARM;No;ЛОЖЬ;ЛОЖЬ;;376;;;;;;;0;;;;4029;ЛОЖЬ;0;None;;;;;;0=ALARM;0=ALARM;;;;;;Undefined;;;;;;;;;;;;ЛОЖЬ;ИСТИНА;;;;;;;;;;;;;;;;;Output;EPKS_CCB;ESD_932_1;1451;;;;;;;;
M;C1021_1_I;;;;;Function block marker;;ЛОЖЬ;ЛОЖЬ;;1021;;;;;;;0;;;;2414;ЛОЖЬ;0;;;;;;;;;;;;;;Undefined;;;;;;;;;;;;ЛОЖЬ;ИСТИНА;;;;;;;;;;;;;;;;;;;;;;;;;;;;
M;688_778_2;;;;;93LAHH851_I;;ЛОЖЬ;ЛОЖЬ;;778;;;;;;;0;;;;859;ЛОЖЬ;0;;;;;;;0=TRIP INITIATOR;;;;;;;Undefined;491;3428;;;;;;;;;;ЛОЖЬ;;;;;;;;;;;;;;;;;;;;;;;;;;;;;
DO;93XA494PERM_P;;COM;930-20;A_C93021;PERMISSION ALARM;No;ИСТИНА;ЛОЖЬ;;815;;;;;;;0;;;;1674;ЛОЖЬ;38039;None;;;;;;1=ACTIVE;;;;;;;Undefined;491;3428;;;;;;;;;;ЛОЖЬ;;;;;;;;;;;;;;Output;CC_CCB_2;ESD_932_1;37;;;;;;;;;;;;
DI;01_20_SNESD_FLT;;FSC;930-20;S_B93_2;ESD_001_1-ESD_932_1;No;ЛОЖЬ;ЛОЖЬ;;121;;;;;;;0;;;;1904;ЛОЖЬ;0;None;;;;;;0=FAULT;;;;;;;Undefined;491;3428;;;;;;Low;;;;ЛОЖЬ;;;;ЛОЖЬ;;;;;;;;;;;;;;;;;;Input;ESD_001_1;ESD_932_1;0;;;;
DI;93FI755_MOR;;COM;930-20;A_C93021;MO REQUEST;No;ИСТИНА;ИСТИНА;;352;;;;;;;0;;;;2845;ЛОЖЬ;37323;None;;;;;;1=REQUEST;;;;;;;Undefined;491;3428;;;;;;Freeze;;;;ЛОЖЬ;;;;ЛОЖЬ;;;;;;;;;;;;;;Input;EPKS_CCB;ESD_932_1;14;;;;;;;;
DO;93TAHH809_FU;;COM;930-20;A_C93021;C9302001BX COOL H2O CYL2;No;ИСТИНА;ЛОЖЬ;;1027;;;;;;;0;;;;2348;ЛОЖЬ;38270;None;;;;;;1=FIRST;;;;;;;Undefined;;;;;;;;;;;;ЛОЖЬ;ИСТИНА;;;;;;;;;;;;;;;;;Output;EPKS_CCB;ESD_932_1;1111;;;;;;;;
DO;93XSO424_P;;COM;930-20;A_93020;SHUTTER 94XV424-OPEN;No;ИСТИНА;ЛОЖЬ;;326;;;;;;;0;;;;1692;ЛОЖЬ;38038;None;;;;;;1=OPEN;;;;;;;Undefined;491;3428;;;;;;;;;;ЛОЖЬ;;;;;;;;;;;;;;;;;;;;;;;;;;Output;CC_CCB_1;ESD_932_1;50
DO;93PAHH864A_P;;COM;;;INDICATION LIGHT;No;ИСТИНА;ЛОЖЬ;;778;;;;;;;0;;;;1684;ЛОЖЬ;38037;None;;;;;;1=ACTIVE;;;;;;;Undefined;491;3428;;;;;;;;;;ЛОЖЬ;;;;;;;;;;;;;;Output;CC_CCB_2;ESD_932_1;47;;;;;;;;;;;;
M;322_262_1;;;;;SHUTTER 93XV415- OPEN;;ЛОЖЬ;ЛОЖЬ;;262;;;;;;;0;;;;1505;ЛОЖЬ;0;;;;;;;1=OPEN;;;;;;;Undefined;491;3428;;;;;;;;;;ЛОЖЬ;;;;;;;;;;;;;;;;;;;;;;;;;;;;;
M;260_2;;;;;;;ЛОЖЬ;ЛОЖЬ;;260;;;;;;;0;;;;366;ЛОЖЬ;0;;;;;;;;;;;;;;Undefined;491;3428;;;;;;;;;;ЛОЖЬ;;;;;;;;;;;;;;;;;;;;;;;;;;;;;
M;C299_1_B;;;;;Function block marker;;ЛОЖЬ;ЛОЖЬ;;299;;;;;;;0;;;;2781;ЛОЖЬ;0;;;;;;;;;;;;;;Undefined;491;3428;;;;;;;;;;ЛОЖЬ;;;;;;;;;;;;;;;;;;;;;;;;;;;;;
M;688_1039_2;;;;;93LAHH851_I;;ЛОЖЬ;ЛОЖЬ;;1039;;;;;;;0;;;;2525;ЛОЖЬ;0;;;;;;;0=TRIP INITIATOR;;;;;;;Undefined;;;;;;;;;;;;ЛОЖЬ;ИСТИНА;;;;;;;;;;;;;;;;;;;;;;;;;;;;
AI;93TI878;;FLD;;;C-9302001CX TMP BEAR NDE;Yes;ИСТИНА;ЛОЖЬ;;724;ИСТИНА;Float;4-20mA;-50;200;°C;;;;;788;ЛОЖЬ;38538;;None;None;None;None;;;;;;;;;-XXXXX.X;3.76;21;;20.04;17;11;1;Top scale;;;;ЛОЖЬ;ИСТИНА;ЛОЖЬ;;;;;;;;;;;;;;;;Output;EPKS_CCB;ESD_932_1;10368;;;;;;;;
DI;93HS551B2;;FLD;930-20;A_93020;STOP BTN 2LCSA3;Yes;ИСТИНА;ЛОЖЬ;;300;;;;;;;;;;;59;ИСТИНА;37324;None;;;;;;0=TRIP;;;;;;;Undefined;491;3428;;20.03;7;4;1;Low;;;;ЛОЖЬ;;;;ЛОЖЬ;;;;;;;;;;;;;;Output;EPKS_CCB;ESD_932_1;954;;;;;;;;
M;350_522_4;;;;;CW PUMP RUNNING;;ЛОЖЬ;ЛОЖЬ;;522;;;;;;;0;;;;742;ЛОЖЬ;0;;;;;;;1=RUNNING;;;;;;;Undefined;491;3428;;;;;;;;;;ЛОЖЬ;;;;;;;;;;;;;;;;;;;;;;;;;;;;;
M;698_699_1;;;;;93PT869;;ЛОЖЬ;ЛОЖЬ;;699;;;;;;;0;;;;4158;ЛОЖЬ;0;;;;;;;1=MO CONFIRMED;;;;;;;Undefined;;;;;;;;;;;;ЛОЖЬ;ИСТИНА;;;;;;;;;;;;;;;;;;;;;;;;;;;;
M;724_1047_2;;;;;93TAHH936_I;;ЛОЖЬ;ЛОЖЬ;;1047;;;;;;;0;;;;2554;ЛОЖЬ;0;;;;;;;0=TRIP INITIATOR;;;;;;;Undefined;;;;;;;;;;;;ЛОЖЬ;ИСТИНА;;;;;;;;;;;;;;;;;;;;;;;;;;;;
M;C232_6_F;;;;;Function block marker;;ЛОЖЬ;ЛОЖЬ;;232;;;;;;;0;;;;3966;ЛОЖЬ;0;;;;;;;;;;;;;;Undefined;;;;;;;;;;;;ЛОЖЬ;ИСТИНА;;;;;;;;;;;;;;;;;;;;;;;;;;;;
DO;93XY853;;FLD;930-20;A_C93021;C-9302001CX DISCH VENT;Yes;ИСТИНА;ЛОЖЬ;;798;;;;;;;0;;;;40;ИСТИНА;37325;None;;;;;;0=TRIP;;;;;;;Undefined;491;3428;;20.05;9;1;1;Appl;;;;ЛОЖЬ;;;;;;;;;;;;;;;;;;Output;EPKS_CCB;ESD_932_1;1003;;;;;;;;
M;532_164_1;;;;;93PT814;;ЛОЖЬ;ЛОЖЬ;;164;;;;;;;0;;;;979;ЛОЖЬ;0;;;;;;;1=MO CONFIRMED;;;;;;;Undefined;491;3428;;;;;;;;;;ЛОЖЬ;;;;;;;;;;;;;;;;;;;;;;;;;;;;;
M;548_1027_3;;;;;93TAHH809_I (AFTER OOS);;ЛОЖЬ;ЛОЖЬ;;1027;;;;;;;0;;;;2308;ЛОЖЬ;0;;;;;;;0=TRIP;;;;;;;Undefined;;;;;;;;;;;;ЛОЖЬ;ИСТИНА;;;;;;;;;;;;;;;;;;;;;;;;;;;;
M;C1047_1_J;;;;;Function block marker;;ЛОЖЬ;ЛОЖЬ;;1047;;;;;;;0;;;;2631;ЛОЖЬ;0;;;;;;;;;;;;;;Undefined;;;;;;;;;;;;ЛОЖЬ;ИСТИНА;;;;;;;;;;;;;;;;;;;;;;;;;;;;
M;1023_6;;;;;;;ЛОЖЬ;ЛОЖЬ;;1023;;;;;;;0;;;;2238;ЛОЖЬ;0;;;;;;;;;;;;;;Undefined;;;;;;;;;;;;ЛОЖЬ;ИСТИНА;;;;;;;;;;;;;;;;;;;;;;;;;;;;
AI;93PI870;;FLD;;;C9302001CX PROC GAS CYL2;Yes;ИСТИНА;ЛОЖЬ;;700;ИСТИНА;Float;4-20mA;0;1.6;MPa;;;;;764;ЛОЖЬ;38537;;None;None;None;None;;;;;;;;;-XXXXX.X;3.64;22;;20.04;17;5;1;Top scale;;;;ЛОЖЬ;ИСТИНА;ЛОЖЬ;;;;;;;;;;;;;;;;Output;EPKS_CCB;ESD_932_1;10362;;;;;;;;
DO;93FALL017_P;;COM;930-20;A_93020;FUEL GAS;No;ИСТИНА;ЛОЖЬ;;312;;;;;;;0;;;;2012;ЛОЖЬ;38045;None;;;;;;1=ACTIVE;;;;;;;Undefined;491;3428;;;;;;;;;;ЛОЖЬ;;;;;;;;;;;;;;Output;CC_CCB_2;ESD_932_1;66;;;;;;;;;;;;
R;C2456_1;;;;;Compiler register (288, 36);;ЛОЖЬ;ЛОЖЬ;;2456;;Float;;;;;0;;;;336;ЛОЖЬ;0;;;;;;;;;;;;;;Undefined;491;3428;;;;;;;;;;ЛОЖЬ;;;;;;;;;;;;;;;;;;;;;;;;;;;;;
M;232_1033_2;;;;;93TAHH483_I;;ЛОЖЬ;ЛОЖЬ;;1033;;;;;;;0;;;;2322;ЛОЖЬ;0;;;;;;;0=TRIP INITIATOR;;;;;;;Undefined;;;;;;;;;;;;ЛОЖЬ;ИСТИНА;;;;;;;;;;;;;;;;;;;;;;;;;;;;
M;1011_7;;;;;;;ЛОЖЬ;ЛОЖЬ;;1011;;;;;;;0;;;;2089;ЛОЖЬ;0;;;;;;;;;;;;;;Undefined;;;;;;;;;;;;ЛОЖЬ;ИСТИНА;;;;;;;;;;;;;;;;;;;;;;;;;;;;
M;C284_8_D;;;;;Function block marker;;ЛОЖЬ;ЛОЖЬ;;284;;;;;;;0;;;;3837;ЛОЖЬ;0;;;;;;;;;;;;;;Undefined;;;;;;;;;;;;ЛОЖЬ;ИСТИНА;;;;;;;;;;;;;;;;;;;;;;;;;;;;
M;434_436_1;;;;;CAPACITY 25%;;ЛОЖЬ;ЛОЖЬ;;436;;;;;;;0;;;;429;ЛОЖЬ;0;;;;;;;1=ACTIVE;;;;;;;Undefined;491;3428;;;;;;;;;;ЛОЖЬ;;;;;;;;;;;;;;;;;;;;;;;;;;;;;
DO;93TAHH866_CA;;COM;;;CAUSE ALARM;No;ЛОЖЬ;ЛОЖЬ;;718;;;;;;;0;;;;3372;ЛОЖЬ;0;None;;;;;;0=ALARM;0=ALARM;;;;;;Undefined;;;;;;;;;;;;ЛОЖЬ;ИСТИНА;;;;;;;;;;;;;;;;;Output;EPKS_CCB;ESD_932_1;1267;;;;;;;;
M;C316_6_G;;;;;Function block marker;;ЛОЖЬ;ЛОЖЬ;;316;;;;;;;0;;;;4683;ЛОЖЬ;0;;;;;;;;;;;;;;Undefined;;;;;;;;;;;;ЛОЖЬ;ИСТИНА;;;;;;;;;;;;;;;;;;;;;;;;;;;;
M;C538_10_F;;;;;Function block marker;;ЛОЖЬ;ЛОЖЬ;;538;;;;;;;0;;;;4454;ЛОЖЬ;0;;;;;;;;;;;;;;Undefined;;;;;;;;;;;;ЛОЖЬ;ИСТИНА;;;;;;;;;;;;;;;;;;;;;;;;;;;;
M;C556_6_F;;;;;Function block marker;;ЛОЖЬ;ЛОЖЬ;;556;;;;;;;0;;;;4402;ЛОЖЬ;0;;;;;;;;;;;;;;Undefined;;;;;;;;;;;;ЛОЖЬ;ИСТИНА;;;;;;;;;;;;;;;;;;;;;;;;;;;;
M;C648_1;;;;;Compiler marker (192, 6);;ЛОЖЬ;ЛОЖЬ;;648;;;;;;;0;;;;770;ЛОЖЬ;0;;;;;;;;;;;;;;Undefined;491;3428;;;;;;;;;;ЛОЖЬ;;;;;;;;;;;;;;;;;;;;;;;;;;;;;
DI;93PI473_MOR;;COM;930-20;A_93020;MO REQUEST;No;ИСТИНА;ИСТИНА;;238;;;;;;;0;;;;2902;ЛОЖЬ;37326;None;;;;;;1=REQUEST;;;;;;;Undefined;491;3428;;;;;;Freeze;;;;ЛОЖЬ;;;;ЛОЖЬ;;;;;;;;;;;;;;Input;EPKS_CCB;ESD_932_1;71;;;;;;;;
M;1033_2;;;;;;;ЛОЖЬ;ЛОЖЬ;;1033;;;;;;;0;;;;2264;ЛОЖЬ;0;;;;;;;;;;;;;;Undefined;;;;;;;;;;;;ЛОЖЬ;ИСТИНА;;;;;;;;;;;;;;;;;;;;;;;;;;;;
DO;93TI886_MOC;;COM;930-20;A_C93021;MO CONFIRMED;No;ИСТИНА;ЛОЖЬ;;560;;;;;;;0;;;;1050;ИСТИНА;37327;None;;;;;;1=CONFIRMED;;;;;;;Undefined;491;3428;;;;;;;;;;ЛОЖЬ;;;;;;;;;;;;;;;;;;Output;EPKS_CCB;ESD_932_1;847;;;;;;;;
DO;93PAHH814_CA;;COM;930-20;A_C93021;CAUSE ALARM;No;ИСТИНА;ЛОЖЬ;;532;;;;;;;0;;;;1087;ЛОЖЬ;37328;None;;;;;;0=ALARM;;;;;;;Undefined;491;3428;;;;;;;;;;ЛОЖЬ;;;;;;;;;;;;;;;;;;Output;EPKS_CCB;ESD_932_1;586;;;;;;;;
AI;93FI028A;;FLD;;;FUEL GAS FLOWRATE;Yes;ИСТИНА;ЛОЖЬ;;320;ИСТИНА;Float;4-20mA;0;630;kg/h;;;;;852;ЛОЖЬ;38536;;None;None;None;None;;;;;;;;;-XXXXX.X;3.64;22;;20.05;11;10;1;Bottom scale;;;;ЛОЖЬ;ИСТИНА;ЛОЖЬ;;;;;;;;;;;;;;;;Output;EPKS_CCB;ESD_932_1;10382;;;;;;;;
M;C712_5_F;;;;;Function block marker;;ЛОЖЬ;ЛОЖЬ;;712;;;;;;;0;;;;4275;ЛОЖЬ;0;;;;;;;;;;;;;;Undefined;;;;;;;;;;;;ЛОЖЬ;ИСТИНА;;;;;;;;;;;;;;;;;;;;;;;;;;;;
M;707_815_1;;;;;93TAL852_PERM;;ЛОЖЬ;ЛОЖЬ;;815;;;;;;;0;;;;4133;ЛОЖЬ;0;;;;;;;0=ALARM;;;;;;;Undefined;;;;;;;;;;;;ЛОЖЬ;ИСТИНА;;;;;;;;;;;;;;;;;;;;;;;;;;;;
M;730_3;;;;;;;ЛОЖЬ;ЛОЖЬ;;730;;;;;;;0;;;;1561;ЛОЖЬ;0;;;;;;;;;;;;;;Undefined;491;3428;;;;;;;;;;ЛОЖЬ;;;;;;;;;;;;;;;;;;;;;;;;;;;;;
DI;93LY754_P;;COM;930-20;A_C93021;DRAIN 2ND STAGE;No;ИСТИНА;ИСТИНА;;450;;;;;;;0;;;;2098;ИСТИНА;37651;None;;;;;;0=CLOSE;;;;;;;Undefined;491;3428;;;;;;Low;;;;ЛОЖЬ;;;;ЛОЖЬ;;;;;;;;;;;;;;Output;EPKS_CCB;ESD_932_1;2027;;;;;Input;CC_CCB_1;ESD_932_1;3
AI;93TI483;;FLD;930-20;A_93020;TORCH GAS TO C-9302001BX;Yes;ИСТИНА;ЛОЖЬ;;232;ИСТИНА;Float;4-20mA;0;100;°C;;;;;232;ЛОЖЬ;37736;;None;None;None;None;;;;-25;-25;;;;-XXXXX.X;3.76;21;;20.04;3;8;1;Bottom scale;;;;ЛОЖЬ;;ЛОЖЬ;;;;;;;;;;;;;;;;Output;EPKS_CCB;ESD_932_1;10130;;;;;;;;
DO;93PDI780_MOC;;COM;930-20;A_C93021;MO CONFIRMED;No;ИСТИНА;ЛОЖЬ;;358;;;;;;;0;;;;630;ИСТИНА;37330;None;;;;;;1=CONFIRMED;;;;;;;Undefined;491;3428;;;;;;;;;;ЛОЖЬ;;;;;;;;;;;;;;;;;;Output;EPKS_CCB;ESD_932_1;651;;;;;;;;
DO;IB932_ESD1_RT1;;COM;932;;REPAIR TIMER STARTED;No;ИСТИНА;ЛОЖЬ;;17;;;;;;;0;;;;1145;ЛОЖЬ;38335;None;;;;;;0=STARTED;;;;;;;Undefined;;;;;;;;;;;;ЛОЖЬ;ИСТИНА;;;;;;;;;;;;;;;;;Output;EPKS_CCB;ESD_932_1;894;;;;;;;;
T;400_2;;;;;;;ЛОЖЬ;ЛОЖЬ;;400;;;;;;;;100 ms;5;;988;ЛОЖЬ;0;;;;;;;;;;;;;;Undefined;;;Delayed OFF with constant timer value;;;;;;;;;ЛОЖЬ;ИСТИНА;;;;;;;;;;;;;;;;;;;;;;;;;;;;
DO;93PI818_TF;;COM;;;TRANSM FAULT;No;ЛОЖЬ;ЛОЖЬ;;534;;;;;;;0;;;;534;ИСТИНА;38535;None;;;;;;0=ALARM;0=ALARM;;;;;;Undefined;;;;;;;;;;;;ЛОЖЬ;ИСТИНА;;;;;;;;;;;;;;;;;Output;EPKS_CCB;ESD_932_1;1340;;;;;;;;
T;552_6;;;;;;;ЛОЖЬ;ЛОЖЬ;;552;;;;;;;;100 ms;5;;1368;ЛОЖЬ;0;;;;;;;;;;;;;;Undefined;;;Delayed OFF with constant timer value;;;;;;;;;ЛОЖЬ;ИСТИНА;;;;;;;;;;;;;;;;;;;;;;;;;;;;
DO;93TAL808;;COM;;;LO ALARM;No;ЛОЖЬ;ЛОЖЬ;;543;;;;;;;0;;;;2820;ЛОЖЬ;0;None;;;;;;0=ALARM;0=ALARM;;;;;;Undefined;;;;;;;;;;;;ЛОЖЬ;ИСТИНА;;;;;;;;;;;;;;;;;Output;EPKS_CCB;ESD_932_1;1414;;;;;;;;
M;404_430_2;;;;;93TAHH929_I;;ЛОЖЬ;ЛОЖЬ;;430;;;;;;;0;;;;892;ЛОЖЬ;0;;;;;;;0=TRIP INITIATOR;;;;;;;Undefined;491;3428;;;;;;;;;;ЛОЖЬ;;;;;;;;;;;;;;;;;;;;;;;;;;;;;
M;121_125_3;;;;;ESD_001_1-ESD_932_1;;ЛОЖЬ;ЛОЖЬ;;125;;;;;;;0;;;;306;ЛОЖЬ;0;;;;;;;0=FAULT;;;;;;;Undefined;491;3428;;;;;;;;;;ЛОЖЬ;;;;;;;;;;;;;;;;;;;;;;;;;;;;;
DO;93XA770A_P;;COM;930-20;A_C93021;CW SYS CON LAMP LP;No;ИСТИНА;ЛОЖЬ;;430;;;;;;;0;;;;239;ЛОЖЬ;38044;None;;;;;;1=ACTIVE;;;;;;;Undefined;491;3428;;;;;;;;;;ЛОЖЬ;;;;;;;;;;;;;;;;;;;;;;;;;;Output;CC_CCB_1;ESD_932_1;45
M;C362_1_G;;;;;Function block marker;;ЛОЖЬ;ЛОЖЬ;;362;;;;;;;0;;;;4635;ЛОЖЬ;0;;;;;;;;;;;;;;Undefined;;;;;;;;;;;;ЛОЖЬ;ИСТИНА;;;;;;;;;;;;;;;;;;;;;;;;;;;;
DO;93FI420_MOC;;COM;930-20;A_C93021;MO CONFIRMED;No;ИСТИНА;ЛОЖЬ;;244;;;;;;;0;;;;290;ИСТИНА;37331;None;;;;;;1=CONFIRMED;;;;;;;Undefined;491;3428;;;;;;;;;;ЛОЖЬ;;;;;;;;;;;;;;;;;;Output;EPKS_CCB;ESD_932_1;443;;;;;;;;
DO;93TI482A_TF;;COM;930-20;A_93020;TRANSM. FAIL;No;ЛОЖЬ;ЛОЖЬ;;230;;;;;;;0;;;;3744;ИСТИНА;38458;None;;;;;;0=ALARM;0=ALARM;;;;;;Undefined;;;;;;;;;;;;ЛОЖЬ;ИСТИНА;;;;;;;;;;;;;;;;;Output;EPKS_CCB;ESD_932_1;1318;;;;;;;;
DO;93TAH804;;COM;;;HI ALARM;No;ЛОЖЬ;ЛОЖЬ;;544;;;;;;;0;;;;4114;ЛОЖЬ;0;None;;;;;;0=ALARM;0=ALARM;;;;;;Undefined;;;;;;;;;;;;ЛОЖЬ;ИСТИНА;;;;;;;;;;;;;;;;;Output;EPKS_CCB;ESD_932_1;1445;;;;;;;;
T;258_3;;;;;;;ЛОЖЬ;ЛОЖЬ;;258;;;;;;;;100 ms;5;;16;ЛОЖЬ;0;;;;;;;;;;;;;;Undefined;;;Delayed OFF with constant timer value;;;;;;;;;ЛОЖЬ;ИСТИНА;;;;;;;;;;;;;;;;;;;;;;;;;;;;
M;C276_2_F;;;;;Function block marker;;ЛОЖЬ;ЛОЖЬ;;276;;;;;;;0;;;;3844;ЛОЖЬ;0;;;;;;;;;;;;;;Undefined;;;;;;;;;;;;ЛОЖЬ;ИСТИНА;;;;;;;;;;;;;;;;;;;;;;;;;;;;
AI;93TI761;;FLD;930-20;A_C93021;C9302001AX PROC GAS CYL1;Yes;ИСТИНА;ЛОЖЬ;;380;ИСТИНА;Float;4-20mA;-50;200;°C;;;;;16;ЛОЖЬ;37758;;None;None;None;None;;;;-112.5;-112.5;;;;-XXXXX.X;3.76;21;;20.03;13;5;1;Bottom scale;;;;ЛОЖЬ;;ЛОЖЬ;;;;;;;;;;;;;;;;Output;EPKS_CCB;ESD_932_1;10136;;;;;;;;
M;532_628_2;;;;;93PAHH814_I;;ЛОЖЬ;ЛОЖЬ;;628;;;;;;;0;;;;827;ЛОЖЬ;0;;;;;;;0=TRIP INITIATOR;;;;;;;Undefined;491;3428;;;;;;;;;;ЛОЖЬ;;;;;;;;;;;;;;;;;;;;;;;;;;;;;
DO;93TI809_TF;;COM;930-20;A_C93021;TRANSM. FAIL;No;ИСТИНА;ЛОЖЬ;;548;;;;;;;0;;;;1094;ИСТИНА;37334;None;;;;;;0=FAIL;;;;;;;Undefined;491;3428;;;;;;;;;;ЛОЖЬ;;;;;;;;;;;;;;;;;;Output;EPKS_CCB;ESD_932_1;814;;;;;;;;
M;C386_5_E;;;;;Function block marker;;ЛОЖЬ;ЛОЖЬ;;386;;;;;;;0;;;;4558;ЛОЖЬ;0;;;;;;;;;;;;;;Undefined;;;;;;;;;;;;ЛОЖЬ;ИСТИНА;;;;;;;;;;;;;;;;;;;;;;;;;;;;
M;1031_1033_1;;;;;FIRST OUT SEQUENCE;;ЛОЖЬ;ЛОЖЬ;;1033;;;;;;;0;;;;2281;ЛОЖЬ;0;;;;;;;1=FU ALARM;;;;;;;Undefined;;;;;;;;;;;;ЛОЖЬ;ИСТИНА;;;;;;;;;;;;;;;;;;;;;;;;;;;;
M;262_3;;;930-20;;;;ЛОЖЬ;ЛОЖЬ;;262;;;;;;;0;;;;385;ЛОЖЬ;0;;;;;;;;;;;;;;Undefined;491;3428;;;;;;;;;;ЛОЖЬ;;;;;;;;;;;;;;;;;;;;;;;;;;;;;
DO;93HS757_FU;;COM;930-20;A_C93021;C9302001AX EMERG SP;No;ИСТИНА;ЛОЖЬ;;1017;;;;;;;0;;;;2224;ЛОЖЬ;38250;None;;;;;;1=FIRST;;;;;;;Undefined;;;;;;;;;;;;ЛОЖЬ;ИСТИНА;;;;;;;;;;;;;;;;;Output;EPKS_CCB;ESD_932_1;1090;;;;;;;;
DI;20-TempLL_Alarm;;SYS;;;Temp low-low alarm;Yes;ЛОЖЬ;;;18;;;;;;;1;;;;5;ЛОЖЬ;0;None;;;;;;;;;;;;;Undefined;491;3428;;;;;;;;;;ЛОЖЬ;;;;ЛОЖЬ;;;;;;;;;;;;;;;;;;;;;;;;;
M;558_168_1;;;;;93TT834;;ЛОЖЬ;ЛОЖЬ;;168;;;;;;;0;;;;1013;ЛОЖЬ;0;;;;;;;1=MO CONFIRMED;;;;;;;Undefined;491;3428;;;;;;;;;;ЛОЖЬ;;;;;;;;;;;;;;;;;;;;;;;;;;;;;
M;632_634_1;;;;;TOTAL COMMON TRIP;;ЛОЖЬ;ЛОЖЬ;;634;;;;;;;0;;;;191;ЛОЖЬ;0;;;;;;;0=TRIP;;;;;;;Undefined;491;3428;;;;;;;;;;ЛОЖЬ;;;;;;;;;;;;;;;;;;;;;;;;;;;;;
T;694_1;;;930-20;;;;ЛОЖЬ;ЛОЖЬ;;694;;;;;;;;100 ms;5;;576;ЛОЖЬ;0;;;;;;;;;;;;;;Undefined;491;3428;Delayed OFF with constant timer value;;;;;;;;;ЛОЖЬ;;;;;;;;;;;;;;;;;;;;;;;;;;;;;
DO;93FALL430;;COM;930-20;A_C93021;H2O COOL C9302001CX;No;ИСТИНА;ЛОЖЬ;;254;;;;;;;0;;;;332;ИСТИНА;37335;None;;;;;;0=TRIP;;;;;;;Undefined;491;3428;;;;;;;;;;ЛОЖЬ;;;;;;;;;;;;;;;;;;Output;EPKS_CCB;ESD_932_1;427;;;;;;;;
M;C542_4_B;;;;;Function block marker;;ЛОЖЬ;ЛОЖЬ;;542;;;;;;;0;;;;4438;ЛОЖЬ;0;;;;;;;;;;;;;;Undefined;;;;;;;;;;;;ЛОЖЬ;ИСТИНА;;;;;;;;;;;;;;;;;;;;;;;;;;;;
M;C704_6_G;;;;;Function block marker;;ЛОЖЬ;ЛОЖЬ;;704;;;;;;;0;;;;4299;ЛОЖЬ;0;;;;;;;;;;;;;;Undefined;;;;;;;;;;;;ЛОЖЬ;ИСТИНА;;;;;;;;;;;;;;;;;;;;;;;;;;;;
DO;93TI937_TF;;COM;930-20;A_C93021;TRANSM. FAIL;No;ИСТИНА;ЛОЖЬ;;726;;;;;;;0;;;;1488;ИСТИНА;37336;None;;;;;;0=FAIL;;;;;;;Undefined;491;3428;;;;;;;;;;ЛОЖЬ;;;;;;;;;;;;;;;;;;Output;EPKS_CCB;ESD_932_1;856;;;;;;;;
M;C230_2_G;;;;;Function block marker;;ЛОЖЬ;ЛОЖЬ;;230;;;;;;;0;;;;3975;ЛОЖЬ;0;;;;;;;;;;;;;;Undefined;;;;;;;;;;;;ЛОЖЬ;ИСТИНА;;;;;;;;;;;;;;;;;;;;;;;;;;;;
DO;93HS551A_FU_A;;COM;930-20;A_C93020;STOP BTN 2LCSA1;No;ИСТИНА;ЛОЖЬ;;1017;;;;;;;0;;;;2225;ЛОЖЬ;38251;None;;;;;;1=FIRST;;;;;;;Undefined;;;;;;;;;;;;ЛОЖЬ;ИСТИНА;;;;;;;;;;;;;;;;;Output;EPKS_CCB;ESD_932_1;1092;;;;;;;;
M;388_9;;;;;;;ЛОЖЬ;ЛОЖЬ;;388;;;;;;;0;;;;4011;ЛОЖЬ;0;;;;;;;;;;;;;;Undefined;;;;;;;;;;;;ЛОЖЬ;ИСТИНА;;;;;;;;;;;;;;;;;;;;;;;;;;;;
M;C568_2_C;;;;;Function block marker;;ЛОЖЬ;ЛОЖЬ;;568;;;;;;;0;;;;4374;ЛОЖЬ;0;;;;;;;;;;;;;;Undefined;;;;;;;;;;;;ЛОЖЬ;ИСТИНА;;;;;;;;;;;;;;;;;;;;;;;;;;;;
M;C284_6_F;;;;;Function block marker;;ЛОЖЬ;ЛОЖЬ;;284;;;;;;;0;;;;3831;ЛОЖЬ;0;;;;;;;;;;;;;;Undefined;;;;;;;;;;;;ЛОЖЬ;ИСТИНА;;;;;;;;;;;;;;;;;;;;;;;;;;;;
M;1041_2;;;;;;;ЛОЖЬ;ЛОЖЬ;;1041;;;;;;;0;;;;2483;ЛОЖЬ;0;;;;;;;;;;;;;;Undefined;;;;;;;;;;;;ЛОЖЬ;ИСТИНА;;;;;;;;;;;;;;;;;;;;;;;;;;;;
M;C362_5_G;;;;;Function block marker;;ЛОЖЬ;ЛОЖЬ;;362;;;;;;;0;;;;3565;ЛОЖЬ;0;;;;;;;;;;;;;;Undefined;;;;;;;;;;;;ЛОЖЬ;ИСТИНА;;;;;;;;;;;;;;;;;;;;;;;;;;;;
AI;93FI018;;FLD;930-20;A_93020;FUEL GAS;Yes;ИСТИНА;ЛОЖЬ;;314;ИСТИНА;Float;4-20mA;0;630;kg/h;;;;;176;ЛОЖЬ;37743;;None;None;None;None;;;;-157.4;-157.4;;;;-XXXXX.X;3.64;22;;20.04;1;11;1;Bottom scale;;;;ЛОЖЬ;;ЛОЖЬ;;;;;;;;;;;;;;;;Output;EPKS_CCB;ESD_932_1;10066;;;;;;;;
M;C1041_1_L;;;;;Function block marker;;ЛОЖЬ;ЛОЖЬ;;1041;;;;;;;0;;;;2651;ЛОЖЬ;0;;;;;;;;;;;;;;Undefined;;;;;;;;;;;;ЛОЖЬ;ИСТИНА;;;;;;;;;;;;;;;;;;;;;;;;;;;;
BO;IB932_ESD1_T1;;COM;862-34;;TEMPERATURE CP1;No;ЛОЖЬ;ЛОЖЬ;;17;;Word;;;;;0;;;;28;;0;;None;None;None;None;;;;;;;;;-XXXXX.X;;;;;;;;;;;;ЛОЖЬ;ИСТИНА;;;;;;;;;;;;;;;;;Output;EPKS_CCB;ESD_932_1;10283;;;;;;;;
DI;PCDI_1_932_1_FLT;;COM;;;ESD_932_1 to-from CC_932_1;No;ИСТИНА;ИСТИНА;;21;;;;;;;0;;;;2127;ЛОЖЬ;37607;None;;;;;;1=ALARM;;;;;;;Undefined;491;3428;;;;;;High;;;;ЛОЖЬ;;;;ЛОЖЬ;;;;;;;;;;;;;;;;;;;;;;Input;CC_CCB_1;ESD_932_1;32
DO;93TAHH885_CA;;COM;;;CAUSE ALARM;No;ЛОЖЬ;ЛОЖЬ;;722;;;;;;;0;;;;3376;ЛОЖЬ;0;None;;;;;;0=ALARM;0=ALARM;;;;;;Undefined;;;;;;;;;;;;ЛОЖЬ;ИСТИНА;;;;;;;;;;;;;;;;;Output;EPKS_CCB;ESD_932_1;1271;;;;;;;;
M;C538_7_E;;;;;Function block marker;;ЛОЖЬ;ЛОЖЬ;;538;;;;;;;0;;;;295;ЛОЖЬ;0;;;;;;;;;;;;;;Undefined;;;;;;;;;;;;ЛОЖЬ;ИСТИНА;;;;;;;;;;;;;;;;;;;;;;;;;;;;
M;388_1011_3;;;;;93TAHH784_I (AFTER OOS);;ЛОЖЬ;ЛОЖЬ;;1011;;;;;;;0;;;;2168;ЛОЖЬ;0;;;;;;;0=TRIP;;;;;;;Undefined;;;;;;;;;;;;ЛОЖЬ;ИСТИНА;;;;;;;;;;;;;;;;;;;;;;;;;;;;
M;780_782_1;;;;;COMMON TRIP;;ЛОЖЬ;ЛОЖЬ;;782;;;;;;;0;;;;909;ЛОЖЬ;0;;;;;;;0=TRIP;;;;;;;Undefined;491;3428;;;;;;;;;;ЛОЖЬ;;;;;;;;;;;;;;;;;;;;;;;;;;;;;
DO;93TAHH853_CA;;COM;930-20;A_C93021;CAUSE ALARM;No;ИСТИНА;ЛОЖЬ;;706;;;;;;;0;;;;1479;ЛОЖЬ;37338;None;;;;;;0=ALARM;;;;;;;Undefined;491;3428;;;;;;;;;;ЛОЖЬ;;;;;;;;;;;;;;;;;;Output;EPKS_CCB;ESD_932_1;750;;;;;;;;
M;C350_2_A;;;;;Compiler marker;;ЛОЖЬ;ЛОЖЬ;;350;;;;;;;0;;;;1405;ЛОЖЬ;0;;;;;;;;;;;;;;Undefined;491;3428;;;;;;;;;;ЛОЖЬ;;;;;;;;;;;;;;;;;;;;;;;;;;;;;
DO;93FI901_TF;;COM;930-20;A_C93021;TRANSM. FAIL;No;ИСТИНА;ЛОЖЬ;;400;;;;;;;0;;;;876;ИСТИНА;37339;None;;;;;;0=FAIL;;;;;;;Undefined;491;3428;;;;;;;;;;ЛОЖЬ;;;;;;;;;;;;;;;;;;Output;EPKS_CCB;ESD_932_1;468;;;;;;;;
M;684_7;;;;;;;ЛОЖЬ;ЛОЖЬ;;684;;;;;;;0;;;;4124;ЛОЖЬ;0;;;;;;;;;;;;;;Undefined;;;;;;;;;;;;ЛОЖЬ;ИСТИНА;;;;;;;;;;;;;;;;;;;;;;;;;;;;
T;718_5;;;;;;;ЛОЖЬ;ЛОЖЬ;;718;;;;;;;;100 ms;5;;1472;ЛОЖЬ;0;;;;;;;;;;;;;;Undefined;;;Delayed OFF with constant timer value;;;;;;;;;ЛОЖЬ;ИСТИНА;;;;;;;;;;;;;;;;;;;;;;;;;;;;
M;C728_4_A;;;;;Compiler marker;;ЛОЖЬ;ЛОЖЬ;;728;;;;;;;0;;;;3722;ЛОЖЬ;0;;;;;;;;;;;;;;Undefined;;;;;;;;;;;;ЛОЖЬ;ИСТИНА;;;;;;;;;;;;;;;;;;;;;;;;;;;;
DI;20-RepairTimerStart_CP2;;SYS;;;Repair time started CP2;Yes;ЛОЖЬ;;;17;;;;;;;;;;;31;ЛОЖЬ;0;None;;;;;;;;;;;;;Undefined;491;3428;;;;;;;;;;ЛОЖЬ;;;;ЛОЖЬ;;;;;;;;;;;;;;;;;;;;;;;;;
DO;93LALL415_CA;;COM;930-20;A_93020;CAUSE ALARM;No;ИСТИНА;ЛОЖЬ;;260;;;;;;;0;;;;374;ЛОЖЬ;37340;None;;;;;;0=ALARM;;;;;;;Undefined;491;3428;;;;;;;;;;ЛОЖЬ;;;;;;;;;;;;;;;;;;Output;EPKS_CCB;ESD_932_1;507;;;;;;;;
M;798_1039_1;;;;;93HS860_P;;ЛОЖЬ;ЛОЖЬ;;1039;;;;;;;0;;;;2528;ЛОЖЬ;0;;;;;;;1=RESET;;;;;;;Undefined;;;;;;;;;;;;ЛОЖЬ;ИСТИНА;;;;;;;;;;;;;;;;;;;;;;;;;;;;
M;C1005_1_J;;;;;Function block marker;;ЛОЖЬ;ЛОЖЬ;;1005;;;;;;;0;;;;2457;ЛОЖЬ;0;;;;;;;;;;;;;;Undefined;;;;;;;;;;;;ЛОЖЬ;ИСТИНА;;;;;;;;;;;;;;;;;;;;;;;;;;;;
M;694_2;;;;;;;ЛОЖЬ;ЛОЖЬ;;694;;;;;;;0;;;;1439;ЛОЖЬ;0;;;;;;;;;;;;;;Undefined;491;3428;;;;;;;;;;ЛОЖЬ;;;;;;;;;;;;;;;;;;;;;;;;;;;;;
DO;93XY515;;MCC;930-20;A_93020;EM.STOP AM-93020011AX;Yes;ИСТИНА;ЛОЖЬ;;300;;;;;;;0;;;;122;ИСТИНА;37341;None;;;;;;0=TRIP;;;;;;;Undefined;491;3428;;20.06;5;3;1;Appl;;;;ЛОЖЬ;;;;;;;;;;;;;;;;;;Output;EPKS_CCB;ESD_932_1;1042;;;;;;;;
DO;93TAHH869A_CA;;COM;;;CAUSE ALARM;No;ЛОЖЬ;ЛОЖЬ;;720;;;;;;;0;;;;3373;ЛОЖЬ;0;None;;;;;;0=ALARM;0=ALARM;;;;;;Undefined;;;;;;;;;;;;ЛОЖЬ;ИСТИНА;;;;;;;;;;;;;;;;;Output;EPKS_CCB;ESD_932_1;1268;;;;;;;;
M;C125_1;;;;;Compiler marker (288, 186);;ЛОЖЬ;ЛОЖЬ;;125;;;;;;;0;;;;2071;ЛОЖЬ;0;;;;;;;;;;;;;;Undefined;491;3428;;;;;;;;;;ЛОЖЬ;;;;;;;;;;;;;;;;;;;;;;;;;;;;;
M;2430_D;;;;;0=Cause alarm;;ЛОЖЬ;ЛОЖЬ;;2430;;;;;;;0;;;;119;ЛОЖЬ;0;;;;;;;;;;;;;;Undefined;491;3428;;;;;;;;;;ЛОЖЬ;;;;;;;;;;;;;;;;;;;;;;;;;;;;;
AI;93FI422;;FLD;930-20;A_C93021;H2O TO OIL C-9302001BX;Yes;ИСТИНА;ЛОЖЬ;;246;ИСТИНА;Float;4-20mA;0;8000;kg/h;;;;;204;ЛОЖЬ;37770;;None;None;None;None;;;;-2000;-2000;;;;-XXXXX.X;3.64;22;;20.04;3;1;1;Bottom scale;;;;ЛОЖЬ;;ЛОЖЬ;;;;;;;;;;;;;;;;Output;EPKS_CCB;ESD_932_1;10071;;;;;;;;
M;C264_6_E;;;;;Function block marker;;ЛОЖЬ;ЛОЖЬ;;264;;;;;;;0;;;;3872;ЛОЖЬ;0;;;;;;;;;;;;;;Undefined;;;;;;;;;;;;ЛОЖЬ;ИСТИНА;;;;;;;;;;;;;;;;;;;;;;;;;;;;
M;560_7;;;;;;;ЛОЖЬ;ЛОЖЬ;;560;;;;;;;0;;;;4078;ЛОЖЬ;0;;;;;;;;;;;;;;Undefined;;;;;;;;;;;;ЛОЖЬ;ИСТИНА;;;;;;;;;;;;;;;;;;;;;;;;;;;;
M;530_164_1;;;;;93PDT831;;ЛОЖЬ;ЛОЖЬ;;164;;;;;;;0;;;;986;ЛОЖЬ;0;;;;;;;1=MO CONFIRMED;;;;;;;Undefined;491;3428;;;;;;;;;;ЛОЖЬ;;;;;;;;;;;;;;;;;;;;;;;;;;;;;
M;558_814_2;;;;;93TAH835_PERM;;ЛОЖЬ;ЛОЖЬ;;814;;;;;;;0;;;;4085;ЛОЖЬ;0;;;;;;;0=ALARM;;;;;;;Undefined;;;;;;;;;;;;ЛОЖЬ;ИСТИНА;;;;;;;;;;;;;;;;;;;;;;;;;;;;
M;C690_6_F;;;;;Function block marker;;ЛОЖЬ;ЛОЖЬ;;690;;;;;;;0;;;;4357;ЛОЖЬ;0;;;;;;;;;;;;;;Undefined;;;;;;;;;;;;ЛОЖЬ;ИСТИНА;;;;;;;;;;;;;;;;;;;;;;;;;;;;
M;C690_6_G;;;;;Function block marker;;ЛОЖЬ;ЛОЖЬ;;690;;;;;;;0;;;;4358;ЛОЖЬ;0;;;;;;;;;;;;;;Undefined;;;;;;;;;;;;ЛОЖЬ;ИСТИНА;;;;;;;;;;;;;;;;;;;;;;;;;;;;
M;C232_7_G;;;;;Function block marker;;ЛОЖЬ;ЛОЖЬ;;232;;;;;;;0;;;;3970;ЛОЖЬ;0;;;;;;;;;;;;;;Undefined;;;;;;;;;;;;ЛОЖЬ;ИСТИНА;;;;;;;;;;;;;;;;;;;;;;;;;;;;
R;696_697_4;;;;;93PI865;;ЛОЖЬ;ЛОЖЬ;;697;;Float;;;;;0;;;;2180;ЛОЖЬ;0;;;;;;;;;;;;;;Undefined;;;;;;;;;;;;ЛОЖЬ;ИСТИНА;;;;;;;;;;;;;;;;;;;;;;;;;;;;
M;C1025_1_H;;;;;Function block marker;;ЛОЖЬ;ЛОЖЬ;;1025;;;;;;;0;;;;2401;ЛОЖЬ;0;;;;;;;;;;;;;;Undefined;;;;;;;;;;;;ЛОЖЬ;ИСТИНА;;;;;;;;;;;;;;;;;;;;;;;;;;;;
T;790_2;;;;;;;ЛОЖЬ;ЛОЖЬ;;790;;;;;;;;100 ms;10;;124;ЛОЖЬ;0;;;;;;;;;;;;;;Undefined;491;3428;Delayed OFF with constant timer value;;;;;;;;;ЛОЖЬ;;;;;;;;;;;;;;;;;;;;;;;;;;;;;
DO;93PAHH876;;COM;930-20;A_C93021;C9302001CX OIL CRANKCASE;No;ИСТИНА;ЛОЖЬ;;702;;;;;;;0;;;;1411;ИСТИНА;37343;None;;;;;;0=TRIP;;;;;;;Undefined;491;3428;;;;;;;;;;ЛОЖЬ;;;;;;;;;;;;;;;;;;Output;EPKS_CCB;ESD_932_1;599;;;;;;;;
M;C390_4_B;;;;;Function block marker;;ЛОЖЬ;ЛОЖЬ;;390;;;;;;;0;;;;4543;ЛОЖЬ;0;;;;;;;;;;;;;;Undefined;;;;;;;;;;;;ЛОЖЬ;ИСТИНА;;;;;;;;;;;;;;;;;;;;;;;;;;;;
M;254_1051_2;;;;;93FALL430_I;;ЛОЖЬ;ЛОЖЬ;;1051;;;;;;;0;;;;2564;ЛОЖЬ;0;;;;;;;0=TRIP INITIATOR;;;;;;;Undefined;;;;;;;;;;;;ЛОЖЬ;ИСТИНА;;;;;;;;;;;;;;;;;;;;;;;;;;;;
DO;93PALL826_CA;;COM;;;CAUSE ALARM;No;ИСТИНА;ЛОЖЬ;;538;;;;;;;0;;;;1102;ЛОЖЬ;37843;None;;;;;;0=ALARM;;;;;;;Undefined;491;3428;;;;;;;;;;ЛОЖЬ;;;;;;;;;;;;;;;;;;Output;EPKS_CCB;ESD_932_1;626;;;;;;;;
M;252_276_2;;;;;93FALL428_I;;ЛОЖЬ;ЛОЖЬ;;276;;;;;;;0;;;;297;ЛОЖЬ;0;;;;;;;0=TRIP INITIATOR;;;;;;;Undefined;491;3428;;;;;;;;;;ЛОЖЬ;;;;;;;;;;;;;;;;;;;;;;;;;;;;;
BO;93PDI832_H;;COM;;;HI ALARM SETPOINT;No;ЛОЖЬ;ЛОЖЬ;;530;;Float;;;;;0;;;;268;;0;;None;None;None;None;;;;;;;;;-XXXXX.X;;;;;;;;;;;;ЛОЖЬ;ИСТИНА;;;;;;;;;;;;;;;;;Output;EPKS_CCB;ESD_932_1;10412;;;;;;;;
DO;93TAHH482_FU;;COM;930-20;A_C93021;GAS B9302002A C9302001AX;No;ИСТИНА;ЛОЖЬ;;1015;;;;;;;0;;;;2218;ЛОЖЬ;38244;None;;;;;;1=FIRST;;;;;;;Undefined;;;;;;;;;;;;ЛОЖЬ;ИСТИНА;;;;;;;;;;;;;;;;;Output;EPKS_CCB;ESD_932_1;1085;;;;;;;;
M;1003_10;;;;;;;ЛОЖЬ;ЛОЖЬ;;1003;;;;;;;0;;;;2036;ЛОЖЬ;0;;;;;;;;;;;;;;Undefined;;;;;;;;;;;;ЛОЖЬ;ИСТИНА;;;;;;;;;;;;;;;;;;;;;;;;;;;;
DO;93XY126_C;;COM;;;;No;ИСТИНА;ЛОЖЬ;;320;;;;;;;0;;;;68;ИСТИНА;38014;None;;;;;;0=TRIP;;;;;;;Undefined;;;;;;;;;;;;ЛОЖЬ;ИСТИНА;;;;;;;;;;;;;;;;;Output;EPKS_CCB;ESD_932_1;996;;;;;;;;
M;230_1;;;;;;;ЛОЖЬ;ЛОЖЬ;;230;;;;;;;0;;;;200;ЛОЖЬ;0;;;;;;;;;;;;;;Undefined;491;3428;;;;;;;;;;ЛОЖЬ;;;;;;;;;;;;;;;;;;;;;;;;;;;;;
M;168_174_1;;;;;;;ЛОЖЬ;ЛОЖЬ;;174;;;;;;;0;;;;3633;ЛОЖЬ;0;;;;;;;;;;;;;;Undefined;;;;;;;;;;;;ЛОЖЬ;ИСТИНА;;;;;;;;;;;;;;;;;;;;;;;;;;;;
M;C254_5_B;;;;;Function block marker;;ЛОЖЬ;ЛОЖЬ;;254;;;;;;;0;;;;3892;ЛОЖЬ;0;;;;;;;;;;;;;;Undefined;;;;;;;;;;;;ЛОЖЬ;ИСТИНА;;;;;;;;;;;;;;;;;;;;;;;;;;;;
AI;93TI937;;FLD;930-20;A_C93021;C-9302001CX TEMP BEAR DE;Yes;ИСТИНА;ЛОЖЬ;;726;ИСТИНА;Float;4-20mA;-50;200;°C;;;;;536;ЛОЖЬ;37780;;None;None;None;None;;;;-112.5;-112.5;;;;-XXXXX.X;3.76;21;;20.04;11;16;1;Bottom scale;;;;ЛОЖЬ;;ЛОЖЬ;;;;;;;;;;;;;;;;Output;EPKS_CCB;ESD_932_1;10165;;;;;;;;
DO;93FALL755;;COM;930-20;A_C93021;C9302001AX COOL H2O CYL2;No;ИСТИНА;ЛОЖЬ;;352;;;;;;;0;;;;584;ИСТИНА;37345;None;;;;;;0=TRIP;;;;;;;Undefined;491;3428;;;;;;;;;;ЛОЖЬ;;;;;;;;;;;;;;;;;;Output;EPKS_CCB;ESD_932_1;431;;;;;;;;
T;716_5;;;;;;;ЛОЖЬ;ЛОЖЬ;;716;;;;;;;;100 ms;5;;1520;ЛОЖЬ;0;;;;;;;;;;;;;;Undefined;;;Delayed OFF with constant timer value;;;;;;;;;ЛОЖЬ;ИСТИНА;;;;;;;;;;;;;;;;;;;;;;;;;;;;
DO;93TI767_TF;;COM;930-20;A_C93021;TRANSM. FAIL;No;ИСТИНА;ЛОЖЬ;;384;;;;;;;0;;;;791;ИСТИНА;37346;None;;;;;;0=FAIL;;;;;;;Undefined;491;3428;;;;;;;;;;ЛОЖЬ;;;;;;;;;;;;;;;;;;Output;EPKS_CCB;ESD_932_1;802;;;;;;;;
M;686_816_2;;;;;93FAL855_PERM;;ЛОЖЬ;ЛОЖЬ;;816;;;;;;;0;;;;4166;ЛОЖЬ;0;;;;;;;0=ALARM;;;;;;;Undefined;;;;;;;;;;;;ЛОЖЬ;ИСТИНА;;;;;;;;;;;;;;;;;;;;;;;;;;;;
M;C234_7_E;;;;;Function block marker;;ЛОЖЬ;ЛОЖЬ;;234;;;;;;;0;;;;3959;ЛОЖЬ;0;;;;;;;;;;;;;;Undefined;;;;;;;;;;;;ЛОЖЬ;ИСТИНА;;;;;;;;;;;;;;;;;;;;;;;;;;;;
M;C2480_2;;;;;Compiler marker (320, 162);;ЛОЖЬ;ЛОЖЬ;;2480;;;;;;;0;;;;203;ЛОЖЬ;0;;;;;;;;;;;;;;Undefined;491;3428;;;;;;;;;;ЛОЖЬ;;;;;;;;;;;;;;;;;;;;;;;;;;;;;
DI;93PI834_MOR;;COM;930-20;A_C93021;MO REQUEST;No;ИСТИНА;ИСТИНА;;540;;;;;;;0;;;;2914;ЛОЖЬ;37347;None;;;;;;1=REQUEST;;;;;;;Undefined;491;3428;;;;;;Freeze;;;;ЛОЖЬ;;;;ЛОЖЬ;;;;;;;;;;;;;;Input;EPKS_CCB;ESD_932_1;83;;;;;;;;
M;1017_10;;;;;;;ЛОЖЬ;ЛОЖЬ;;1017;;;;;;;0;;;;2142;ЛОЖЬ;0;;;;;;;;;;;;;;Undefined;;;;;;;;;;;;ЛОЖЬ;ИСТИНА;;;;;;;;;;;;;;;;;;;;;;;;;;;;
R;2460_E;;;;;EXEC TIME;;ЛОЖЬ;ЛОЖЬ;;2460;;Byte;;;;;0;;;;116;ЛОЖЬ;0;;;;;;;;;;;;;;Undefined;491;3428;;;;;;;;;;ЛОЖЬ;;;;;;;;;;;;;;;;;;;;;;;;;;;;;
DO;93PALL869;;COM;;;C9302001CX PRS GAS CYL2;No;ИСТИНА;ЛОЖЬ;;699;;;;;;;0;;;;1441;ИСТИНА;37844;None;;;;;;0=TRIP;;;;;;;Undefined;491;3428;;;;;;;;;;ЛОЖЬ;;;;;;;;;;;;;;;;;;Output;EPKS_CCB;ESD_932_1;631;;;;;;;;
DO;93LI411_TF;;COM;930-20;A_93020;TRANSM. FAIL;No;ИСТИНА;ЛОЖЬ;;256;;;;;;;0;;;;343;ИСТИНА;37348;None;;;;;;0=FAIL;;;;;;;Undefined;491;3428;;;;;;;;;;ЛОЖЬ;;;;;;;;;;;;;;;;;;Output;EPKS_CCB;ESD_932_1;540;;;;;;;;
M;C718_6_G;;;;;Function block marker;;ЛОЖЬ;ЛОЖЬ;;718;;;;;;;0;;;;4258;ЛОЖЬ;0;;;;;;;;;;;;;;Undefined;;;;;;;;;;;;ЛОЖЬ;ИСТИНА;;;;;;;;;;;;;;;;;;;;;;;;;;;;
M;C546_3_B;;;;;Function block marker;;ЛОЖЬ;ЛОЖЬ;;546;;;;;;;0;;;;4432;ЛОЖЬ;0;;;;;;;;;;;;;;Undefined;;;;;;;;;;;;ЛОЖЬ;ИСТИНА;;;;;;;;;;;;;;;;;;;;;;;;;;;;
DO;93PAHH776_CA;;COM;930-20;A_C93021;CAUSE ALARM;No;ИСТИНА;ЛОЖЬ;;368;;;;;;;0;;;;685;ЛОЖЬ;37349;None;;;;;;0=ALARM;;;;;;;Undefined;491;3428;;;;;;;;;;ЛОЖЬ;;;;;;;;;;;;;;;;;;Output;EPKS_CCB;ESD_932_1;584;;;;;;;;
DO;93HS156_OOC;;COM;;;H2S Override;No;ИСТИНА;ЛОЖЬ;;318;;;;;;;0;;;;38;ЛОЖЬ;37840;None;;;;;;1=CONFIRMED;;;;;;;Undefined;;;;;;;;;;;;ЛОЖЬ;ИСТИНА;;;;;;;;;;;;;;;;;Output;EPKS_CCB;ESD_932_1;918;;;;;;;;
M;C538_8_F;;;;;Function block marker;;ЛОЖЬ;ЛОЖЬ;;538;;;;;;;0;;;;4452;ЛОЖЬ;0;;;;;;;;;;;;;;Undefined;;;;;;;;;;;;ЛОЖЬ;ИСТИНА;;;;;;;;;;;;;;;;;;;;;;;;;;;;
DI;93TI767_MOR;;COM;930-20;A_C93021;MO REQUEST;No;ИСТИНА;ИСТИНА;;384;;;;;;;0;;;;2933;ЛОЖЬ;37350;None;;;;;;1=REQUEST;;;;;;;Undefined;491;3428;;;;;;Freeze;;;;ЛОЖЬ;;;;ЛОЖЬ;;;;;;;;;;;;;;Input;EPKS_CCB;ESD_932_1;102;;;;;;;;
T;248_6;;;;;;;ЛОЖЬ;ЛОЖЬ;;248;;;;;;;;100 ms;5;;1080;ЛОЖЬ;0;;;;;;;;;;;;;;Undefined;;;Delayed OFF with constant timer value;;;;;;;;;ЛОЖЬ;ИСТИНА;;;;;;;;;;;;;;;;;;;;;;;;;;;;
DO;93FAL855;;COM;930-20;A_C93021;LO ALARM;No;ЛОЖЬ;ЛОЖЬ;;686;;;;;;;0;;;;4132;ЛОЖЬ;0;None;;;;;;0=ALARM;0=ALARM;;;;;;Undefined;;;;;;;;;;;;ЛОЖЬ;ИСТИНА;;;;;;;;;;;;;;;;;Output;EPKS_CCB;ESD_932_1;1448;;;;;;;;
M;384_1;;;;;;;ЛОЖЬ;ЛОЖЬ;;384;;;;;;;0;;;;786;ЛОЖЬ;0;;;;;;;;;;;;;;Undefined;491;3428;;;;;;;;;;ЛОЖЬ;;;;;;;;;;;;;;;;;;;;;;;;;;;;;
M;1021_1;;;;;;;ЛОЖЬ;ЛОЖЬ;;1021;;;;;;;0;;;;2227;ЛОЖЬ;0;;;;;;;;;;;;;;Undefined;;;;;;;;;;;;ЛОЖЬ;ИСТИНА;;;;;;;;;;;;;;;;;;;;;;;;;;;;
M;C288_6_F;;;;;Function block marker;;ЛОЖЬ;ЛОЖЬ;;288;;;;;;;0;;;;3822;ЛОЖЬ;0;;;;;;;;;;;;;;Undefined;;;;;;;;;;;;ЛОЖЬ;ИСТИНА;;;;;;;;;;;;;;;;;;;;;;;;;;;;
T;694_2;;;;;;;ЛОЖЬ;ЛОЖЬ;;694;;;;;;;;100 ms;5;;916;ЛОЖЬ;0;;;;;;;;;;;;;;Undefined;;;Delayed OFF with constant timer value;;;;;;;;;ЛОЖЬ;ИСТИНА;;;;;;;;;;;;;;;;;;;;;;;;;;;;
M;400_638_2;;;;;93FALL901_I (AFTER OOS);;ЛОЖЬ;ЛОЖЬ;;638;;;;;;;0;;;;1225;ЛОЖЬ;0;;;;;;;0=TRIP INITIATOR;;;;;;;Undefined;491;3428;;;;;;;;;;ЛОЖЬ;;;;;;;;;;;;;;;;;;;;;;;;;;;;;
DI;93TI483_MOR;;COM;930-20;A_93020;MO REQUEST;No;ИСТИНА;ИСТИНА;;232;;;;;;;0;;;;2922;ЛОЖЬ;37351;None;;;;;;1=REQUEST;;;;;;;Undefined;491;3428;;;;;;Freeze;;;;ЛОЖЬ;;;;ЛОЖЬ;;;;;;;;;;;;;;Input;EPKS_CCB;ESD_932_1;91;;;;;;;;
M;C798_2;;;;;Compiler marker (400, 258);;ЛОЖЬ;ЛОЖЬ;;798;;;;;;;0;;;;2040;ЛОЖЬ;0;;;;;;;;;;;;;;Undefined;491;3428;;;;;;;;;;ЛОЖЬ;;;;;;;;;;;;;;;;;;;;;;;;;;;;;
M;690_1039_2;;;;;93LAHH853_I;;ЛОЖЬ;ЛОЖЬ;;1039;;;;;;;0;;;;2526;ЛОЖЬ;0;;;;;;;0=TRIP INITIATOR;;;;;;;Undefined;;;;;;;;;;;;ЛОЖЬ;ИСТИНА;;;;;;;;;;;;;;;;;;;;;;;;;;;;
DI;93HS757A;;LCP;930-20;A_C93021;C-9302001AX EM.STOP;Yes;ИСТИНА;ЛОЖЬ;;398;;;;;;;;;;;47;ИСТИНА;37352;None;;;;;;0=TRIP;;;;;;;Undefined;491;3428;;20.03;5;8;1;Low;;;;ЛОЖЬ;;;;ЛОЖЬ;;;;;;;;;;;;;;Output;EPKS_CCB;ESD_932_1;969;;;;;;;;
M;C366_6_G;;;;;Function block marker;;ЛОЖЬ;ЛОЖЬ;;366;;;;;;;0;;;;4614;ЛОЖЬ;0;;;;;;;;;;;;;;Undefined;;;;;;;;;;;;ЛОЖЬ;ИСТИНА;;;;;;;;;;;;;;;;;;;;;;;;;;;;
M;1021_6;;;;;;;ЛОЖЬ;ЛОЖЬ;;1021;;;;;;;0;;;;2232;ЛОЖЬ;0;;;;;;;;;;;;;;Undefined;;;;;;;;;;;;ЛОЖЬ;ИСТИНА;;;;;;;;;;;;;;;;;;;;;;;;;;;;
M;298_156_1;;;;;93ZLL803;;ЛОЖЬ;ЛОЖЬ;;156;;;;;;;0;;;;501;ЛОЖЬ;0;;;;;;;1=MO CONFIRMED;;;;;;;Undefined;491;3428;;;;;;;;;;ЛОЖЬ;;;;;;;;;;;;;;;;;;;;;;;;;;;;;
DO;93XA807;;COM;930-20;A_C93021;C9302001BX CON TRIP ALR;No;ИСТИНА;ЛОЖЬ;;634;;;;;;;0;;;;1214;ИСТИНА;37845;None;;;;;;0=TRIP;;;;;;;Undefined;491;3428;;;;;;;;;;ЛОЖЬ;;;;;;;;;;;;;;;;;;Output;EPKS_CCB;ESD_932_1;878;;;;;;;;
M;258_296_4;;;;;93LALL413_I;;ЛОЖЬ;ЛОЖЬ;;296;;;;;;;0;;;;495;ЛОЖЬ;0;;;;;;;0=TRIP INITIATOR;;;;;;;Undefined;491;3428;;;;;;;;;;ЛОЖЬ;;;;;;;;;;;;;;;;;;;;;;;;;;;;;
M;522_9;;;;;;;ЛОЖЬ;ЛОЖЬ;;522;;;;;;;0;;;;4108;ЛОЖЬ;0;;;;;;;;;;;;;;Undefined;;;;;;;;;;;;ЛОЖЬ;ИСТИНА;;;;;;;;;;;;;;;;;;;;;;;;;;;;
BO;93PI865_H;;COM;;;HI ALARM SETPOINT;No;ЛОЖЬ;ЛОЖЬ;;696;;Float;;;;;0;;;;2052;;0;;None;None;None;None;;;;;;;;;-XXXXX.X;;;;;;;;;;;;ЛОЖЬ;ИСТИНА;;;;;;;;;;;;;;;;;Output;EPKS_CCB;ESD_932_1;10430;;;;;;;;
M;C292_1_C;;;;;Function block marker;;ЛОЖЬ;ЛОЖЬ;;292;;;;;;;0;;;;2790;ЛОЖЬ;0;;;;;;;;;;;;;;Undefined;491;3428;;;;;;;;;;ЛОЖЬ;;;;;;;;;;;;;;;;;;;;;;;;;;;;;
DO;93PDAHH781A_P;;COM;930-20;A_C93021;INDICATION LIGHT;No;ИСТИНА;ЛОЖЬ;;360;;;;;;;0;;;;768;ЛОЖЬ;38010;None;;;;;;1=ACTIVE;;;;;;;Undefined;491;3428;;;;;;;;;;ЛОЖЬ;;;;;;;;;;;;;;;;;;;;;;;;;;Output;CC_CCB_1;ESD_932_1;41
M;684_170_1;;;;;93FT854;;ЛОЖЬ;ЛОЖЬ;;170;;;;;;;0;;;;1621;ЛОЖЬ;0;;;;;;;1=MO CONFIRMED;;;;;;;Undefined;491;3428;;;;;;;;;;ЛОЖЬ;;;;;;;;;;;;;;;;;;;;;;;;;;;;;
DO;93PAL815;;COM;;;LO ALARM;No;ЛОЖЬ;ЛОЖЬ;;533;;;;;;;0;;;;2810;ЛОЖЬ;0;None;;;;;;0=ALARM;0=ALARM;;;;;;Undefined;;;;;;;;;;;;ЛОЖЬ;ИСТИНА;;;;;;;;;;;;;;;;;Output;EPKS_CCB;ESD_932_1;1406;;;;;;;;
M;432_438_2;;;;;CYCLE 2;;ЛОЖЬ;ЛОЖЬ;;438;;;;;;;0;;;;475;ЛОЖЬ;0;;;;;;;1=ACTIVE;;;;;;;Undefined;491;3428;;;;;;;;;;ЛОЖЬ;;;;;;;;;;;;;;;;;;;;;;;;;;;;;
M;C2470_4;;;;;Compiler marker (176, 246);;ЛОЖЬ;ЛОЖЬ;;2470;;;;;;;0;;;;251;ЛОЖЬ;0;;;;;;;;;;;;;;Undefined;491;3428;;;;;;;;;;ЛОЖЬ;;;;;;;;;;;;;;;;;;;;;;;;;;;;;
DI;93VSHH802_MOR;;COM;930-20;A_C93021;MO REQUEST;No;ЛОЖЬ;ИСТИНА;;564;;;;;;;0;;;;2856;ЛОЖЬ;0;None;;;;;;1=REQUEST;;;;;;;Undefined;;;;;;;;Freeze;;;;ЛОЖЬ;ИСТИНА;;;ЛОЖЬ;;;;;;;;;;;;;;Input;EPKS_CCB;ESD_932_1;165;;;;;;;;
M;C121_2;;;;;Compiler marker (352, 66);;ЛОЖЬ;ЛОЖЬ;;121;;;;;;;0;;;;2078;ЛОЖЬ;0;;;;;;;;;;;;;;Undefined;491;3428;;;;;;;;;;ЛОЖЬ;;;;;;;;;;;;;;;;;;;;;;;;;;;;;
M;C1039_1_J;;;;;Function block marker;;ЛОЖЬ;ЛОЖЬ;;1039;;;;;;;0;;;;2655;ЛОЖЬ;0;;;;;;;;;;;;;;Undefined;;;;;;;;;;;;ЛОЖЬ;ИСТИНА;;;;;;;;;;;;;;;;;;;;;;;;;;;;
M;C1025_1_L;;;;;Function block marker;;ЛОЖЬ;ЛОЖЬ;;1025;;;;;;;0;;;;2405;ЛОЖЬ;0;;;;;;;;;;;;;;Undefined;;;;;;;;;;;;ЛОЖЬ;ИСТИНА;;;;;;;;;;;;;;;;;;;;;;;;;;;;
M;C360_5_G;;;;;Function block marker;;ЛОЖЬ;ЛОЖЬ;;360;;;;;;;0;;;;4639;ЛОЖЬ;0;;;;;;;;;;;;;;Undefined;;;;;;;;;;;;ЛОЖЬ;ИСТИНА;;;;;;;;;;;;;;;;;;;;;;;;;;;;
M;1031_1;;;;;;;ЛОЖЬ;ЛОЖЬ;;1031;;;;;;;0;;;;2257;ЛОЖЬ;0;;;;;;;;;;;;;;Undefined;;;;;;;;;;;;ЛОЖЬ;ИСТИНА;;;;;;;;;;;;;;;;;;;;;;;;;;;;
T;364_8;;;;;;;ЛОЖЬ;ЛОЖЬ;;364;;;;;;;;100 ms;5;;104;ЛОЖЬ;0;;;;;;;;;;;;;;Undefined;;;Delayed OFF with constant timer value;;;;;;;;;ЛОЖЬ;ИСТИНА;;;;;;;;;;;;;;;;;;;;;;;;;;;;
M;294_2;;;;;;;ЛОЖЬ;ЛОЖЬ;;294;;;;;;;0;;;;452;ЛОЖЬ;0;;;;;;;;;;;;;;Undefined;491;3428;;;;;;;;;;ЛОЖЬ;;;;;;;;;;;;;;;;;;;;;;;;;;;;;
M;C234_8_C;;;;;Function block marker;;ЛОЖЬ;ЛОЖЬ;;234;;;;;;;0;;;;3962;ЛОЖЬ;0;;;;;;;;;;;;;;Undefined;;;;;;;;;;;;ЛОЖЬ;ИСТИНА;;;;;;;;;;;;;;;;;;;;;;;;;;;;
T;366_5;;;;;;;ЛОЖЬ;ЛОЖЬ;;366;;;;;;;;100 ms;5;;112;ЛОЖЬ;0;;;;;;;;;;;;;;Undefined;;;Delayed OFF with constant timer value;;;;;;;;;ЛОЖЬ;ИСТИНА;;;;;;;;;;;;;;;;;;;;;;;;;;;;
R;2457_E;;;;;Input 5;;ЛОЖЬ;ЛОЖЬ;;2457;;Float;;;;;0;;;;118;ЛОЖЬ;0;;;;;;;;;;;;;;Undefined;491;3428;;;;;;;;;;ЛОЖЬ;;;;;;;;;;;;;;;;;;;;;;;;;;;;;
M;648_6;;;;;;;ЛОЖЬ;ЛОЖЬ;;648;;;;;;;0;;;;1774;ЛОЖЬ;0;;;;;;;;;;;;;;Undefined;491;3428;;;;;;;;;;ЛОЖЬ;;;;;;;;;;;;;;;;;;;;;;;;;;;;;
M;256_152_1;;;;;93LT411;;ЛОЖЬ;ЛОЖЬ;;152;;;;;;;0;;;;441;ЛОЖЬ;0;;;;;;;1=MO CONFIRMED;;;;;;;Undefined;491;3428;;;;;;;;;;ЛОЖЬ;;;;;;;;;;;;;;;;;;;;;;;;;;;;;
DO;93XAO417;;COM;930-20;A_93020;TRIP INITIATOR;No;ИСТИНА;ЛОЖЬ;;324;;;;;;;0;;;;2037;ИСТИНА;37379;None;;;;;;1=OVERRIDE;;;;;;;Undefined;491;3428;;;;;;;;;;ЛОЖЬ;;;;;;;;;;;;;;;;;;Output;EPKS_CCB;ESD_932_1;922;;;;;;;;
DO;93PALL776;;COM;930-20;A_C93021;C9302001AX PRS OIL CKC;No;ИСТИНА;ЛОЖЬ;;368;;;;;;;0;;;;705;ИСТИНА;37846;None;;;;;;0=TRIP;;;;;;;Undefined;491;3428;;;;;;;;;;ЛОЖЬ;;;;;;;;;;;;;;;;;;Output;EPKS_CCB;ESD_932_1;617;;;;;;;;
M;C1017_1_M;;;;;Function block marker;;ЛОЖЬ;ЛОЖЬ;;1017;;;;;;;0;;;;2424;ЛОЖЬ;0;;;;;;;;;;;;;;Undefined;;;;;;;;;;;;ЛОЖЬ;ИСТИНА;;;;;;;;;;;;;;;;;;;;;;;;;;;;
M;C533_3_F;;;;;Function block marker;;ЛОЖЬ;ЛОЖЬ;;533;;;;;;;0;;;;4475;ЛОЖЬ;0;;;;;;;;;;;;;;Undefined;;;;;;;;;;;;ЛОЖЬ;ИСТИНА;;;;;;;;;;;;;;;;;;;;;;;;;;;;
DO;93PAHH871_CA;;COM;930-20;A_C93021;CAUSE ALARM;No;ИСТИНА;ЛОЖЬ;;700;;;;;;;0;;;;1396;ЛОЖЬ;37353;None;;;;;;0=ALARM;;;;;;;Undefined;491;3428;;;;;;;;;;ЛОЖЬ;;;;;;;;;;;;;;;;;;Output;EPKS_CCB;ESD_932_1;598;;;;;;;;
M;260_3;;;930-20;;;;ЛОЖЬ;ЛОЖЬ;;260;;;;;;;0;;;;372;ЛОЖЬ;0;;;;;;;;;;;;;;Undefined;491;3428;;;;;;;;;;ЛОЖЬ;;;;;;;;;;;;;;;;;;;;;;;;;;;;;
BO;93LI427_HH;;COM;930-20;A_93020;HH TRIP SETPOINT (%);No;ИСТИНА;ЛОЖЬ;;276;;Float;;;;;0;;;;804;;38113;;;;;;;;;0;0;;;;-XXXXX.X;491;3428;;;;;;;;;;ЛОЖЬ;;;;;;;;;;;;;;;;;;Output;EPKS_CCB;ESD_932_1;10197;;;;;;;;
M;C360_5_E;;;;;Function block marker;;ЛОЖЬ;ЛОЖЬ;;360;;;;;;;0;;;;4637;ЛОЖЬ;0;;;;;;;;;;;;;;Undefined;;;;;;;;;;;;ЛОЖЬ;ИСТИНА;;;;;;;;;;;;;;;;;;;;;;;;;;;;
M;2432_A;;;;;1=OVERRIDE;;ЛОЖЬ;ЛОЖЬ;;2432;;;;;;;0;;;;3258;ЛОЖЬ;0;;;;;;;;;;;;;;Undefined;;;;;;;;;;;;ЛОЖЬ;ИСТИНА;;;;;;;;;;;;;;;;;;;;;;;;;;;;
DO;93PAH770;;COM;;;HI ALARM;No;ЛОЖЬ;ЛОЖЬ;;366;;;;;;;0;;;;2771;ЛОЖЬ;0;None;;;;;;0=ALARM;0=ALARM;;;;;;Undefined;;;;;;;;;;;;ЛОЖЬ;ИСТИНА;;;;;;;;;;;;;;;;;Output;EPKS_CCB;ESD_932_1;1392;;;;;;;;
M;C560_6_G;;;;;Function block marker;;ЛОЖЬ;ЛОЖЬ;;560;;;;;;;0;;;;4389;ЛОЖЬ;0;;;;;;;;;;;;;;Undefined;;;;;;;;;;;;ЛОЖЬ;ИСТИНА;;;;;;;;;;;;;;;;;;;;;;;;;;;;
M;364_7;;;;;;;ЛОЖЬ;ЛОЖЬ;;364;;;;;;;0;;;;3646;ЛОЖЬ;0;;;;;;;;;;;;;;Undefined;;;;;;;;;;;;ЛОЖЬ;ИСТИНА;;;;;;;;;;;;;;;;;;;;;;;;;;;;
AI;93LI751;;FLD;930-20;A_C93021;C-9302001AX LEVEL 1ST ST;Yes;ИСТИНА;ЛОЖЬ;;354;ИСТИНА;Float;4-20mA;0;100;%;;;;;348;ЛОЖЬ;37934;;None;None;None;None;;;;-25;-25;;;;-XXXXX.X;3.64;22;;20.04;7;3;1;Bottom scale;;;;ЛОЖЬ;;ЛОЖЬ;;;;;;;;;;;;;;;;Output;EPKS_CCB;ESD_932_1;10096;;;;;;;;
DO;DUMMY_DO;;COM;;;DUMMY DO FOR I/O CHECK;No;ИСТИНА;ЛОЖЬ;;1500;;;;;;;0;;;;307;ЛОЖЬ;37386;None;;;;;;;;;;;;;Undefined;491;3428;;;;;;;;;;ЛОЖЬ;;;;;;;;;;;;;;;;;;Output;EPKS_CCB;ESD_932_1;928;;;;;;;;
DO;93PI820_TF;;COM;;;TRANSM FAULT;No;ЛОЖЬ;ЛОЖЬ;;536;;;;;;;0;;;;542;ИСТИНА;38534;None;;;;;;0=ALARM;0=ALARM;;;;;;Undefined;;;;;;;;;;;;ЛОЖЬ;ИСТИНА;;;;;;;;;;;;;;;;;Output;EPKS_CCB;ESD_932_1;1341;;;;;;;;
M;C648_2;;;;;Compiler marker (400, 258);;ЛОЖЬ;ЛОЖЬ;;648;;;;;;;0;;;;2064;ЛОЖЬ;0;;;;;;;;;;;;;;Undefined;491;3428;;;;;;;;;;ЛОЖЬ;;;;;;;;;;;;;;;;;;;;;;;;;;;;;
M;C430_2_C;;;;;Function block marker;;ЛОЖЬ;ЛОЖЬ;;430;;;;;;;0;;;;4520;ЛОЖЬ;0;;;;;;;;;;;;;;Undefined;;;;;;;;;;;;ЛОЖЬ;ИСТИНА;;;;;;;;;;;;;;;;;;;;;;;;;;;;
DO;93PI833_TF;;COM;;;TRANSM FAULT;No;ЛОЖЬ;ЛОЖЬ;;540;;;;;;;0;;;;558;ИСТИНА;38533;None;;;;;;0=ALARM;0=ALARM;;;;;;Undefined;;;;;;;;;;;;ЛОЖЬ;ИСТИНА;;;;;;;;;;;;;;;;;Output;EPKS_CCB;ESD_932_1;1342;;;;;;;;
DO;93FI023_MOC;;COM;930-20;A_93020;MO CONFIRMED;No;ИСТИНА;ЛОЖЬ;;316;;;;;;;0;;;;1728;ИСТИНА;37915;None;;;;;;1=CONFIRMED;;;;;;;Undefined;491;3428;;;;;;;;;;ЛОЖЬ;;;;;;;;;;;;;;;;;;Output;EPKS_CCB;ESD_932_1;870;;;;;;;;
DO;93FAL755;;COM;930-20;A_C93021;LO ALARM;No;ЛОЖЬ;ЛОЖЬ;;352;;;;;;;0;;;;4024;ЛОЖЬ;0;None;;;;;;0=ALARM;0=ALARM;;;;;;Undefined;;;;;;;;;;;;ЛОЖЬ;ИСТИНА;;;;;;;;;;;;;;;;;Output;EPKS_CCB;ESD_932_1;1441;;;;;;;;
DO;93HA757A_PA;;COM;930-20;A_C93021;1OO2 PRE ALARM;No;ИСТИНА;ЛОЖЬ;;398;;;;;;;0;;;;4172;ЛОЖЬ;38532;None;;;;;;0=ALARM;0=ALARM;;;;;;Undefined;;;;;;;;;;;;ЛОЖЬ;ИСТИНА;;;;;;;;;;;;;;;;;Output;EPKS_CCB;ESD_932_1;1453;;;;;;;;
M;298_396_4;;;;;93ZALL753_I;;ЛОЖЬ;ЛОЖЬ;;396;;;;;;;0;;;;851;ЛОЖЬ;0;;;;;;;0=TRIP INITIATOR;;;;;;;Undefined;491;3428;;;;;;;;;;ЛОЖЬ;;;;;;;;;;;;;;;;;;;;;;;;;;;;;
M;718_7;;;;;;;ЛОЖЬ;ЛОЖЬ;;718;;;;;;;0;;;;4178;ЛОЖЬ;0;;;;;;;;;;;;;;Undefined;;;;;;;;;;;;ЛОЖЬ;ИСТИНА;;;;;;;;;;;;;;;;;;;;;;;;;;;;
M;C320_6_F;;;;;Function block marker;;ЛОЖЬ;ЛОЖЬ;;320;;;;;;;0;;;;4669;ЛОЖЬ;0;;;;;;;;;;;;;;Undefined;;;;;;;;;;;;ЛОЖЬ;ИСТИНА;;;;;;;;;;;;;;;;;;;;;;;;;;;;
DO;93XY464_P;;COM;930-20;A_C93021;AUTO OPENING 93XV464;No;ИСТИНА;ЛОЖЬ;;648;;;;;;;0;;;;553;ЛОЖЬ;38009;None;;;;;;1=ACTIVE;;;;;;;Undefined;491;3428;;;;;;;;;;ЛОЖЬ;;;;;;;;;;;;;;;;;;;;;;;;;;Output;CC_CCB_1;ESD_932_1;72
BO;93FI428_LL;;COM;930-20;A_C93021;LL TRIP SETPOINT (kg/h);No;ИСТИНА;ЛОЖЬ;;252;;Float;;;;;0;;;;620;;38112;;;;;;;;;0;0;;;;-XXXXX.X;491;3428;;;;;;;;;;ЛОЖЬ;;;;;;;;;;;;;;;;;;Output;EPKS_CCB;ESD_932_1;10179;;;;;;;;
M;C1007_1_H;;;;;Function block marker;;ЛОЖЬ;ЛОЖЬ;;1007;;;;;;;0;;;;2449;ЛОЖЬ;0;;;;;;;;;;;;;;Undefined;;;;;;;;;;;;ЛОЖЬ;ИСТИНА;;;;;;;;;;;;;;;;;;;;;;;;;;;;
R;C2499_2;;;;;Compiler register (232, 114);;ЛОЖЬ;ЛОЖЬ;;2499;;Float;;;;;0;;;;304;ЛОЖЬ;0;;;;;;;;;;;;;;Undefined;491;3428;;;;;;;;;;ЛОЖЬ;;;;;;;;;;;;;;;;;;;;;;;;;;;;;
R;C2456_2;;;;;Compiler register (256, 60);;ЛОЖЬ;ЛОЖЬ;;2456;;Float;;;;;0;;;;340;ЛОЖЬ;0;;;;;;;;;;;;;;Undefined;491;3428;;;;;;;;;;ЛОЖЬ;;;;;;;;;;;;;;;;;;;;;;;;;;;;;
AI;93PI819;;FLD;930-20;A_C93021;C9302001BX PROC GAS CYL2;Yes;ИСТИНА;ЛОЖЬ;;534;ИСТИНА;Float;4-20mA;0;600;kPa-g;;;;;428;ЛОЖЬ;37924;;None;None;None;None;;;;-150;-150;;;;-XXXXX.X;3.64;22;;20.04;9;6;1;Bottom scale;;;;ЛОЖЬ;;ЛОЖЬ;;;;;;;;;;;;;;;;Output;EPKS_CCB;ESD_932_1;10119;;;;;;;;
M;1043_1045_1;;;;;FIRST OUT SEQUENCE;;ЛОЖЬ;ЛОЖЬ;;1045;;;;;;;0;;;;2488;ЛОЖЬ;0;;;;;;;1=FU ALARM;;;;;;;Undefined;;;;;;;;;;;;ЛОЖЬ;ИСТИНА;;;;;;;;;;;;;;;;;;;;;;;;;;;;
T;372_6;;;;;;;ЛОЖЬ;ЛОЖЬ;;372;;;;;;;;100 ms;5;;156;ЛОЖЬ;0;;;;;;;;;;;;;;Undefined;;;Delayed OFF with constant timer value;;;;;;;;;ЛОЖЬ;ИСТИНА;;;;;;;;;;;;;;;;;;;;;;;;;;;;
BO;93PI834_LL;;COM;930-20;A_C93021;LL TRIP SETPOINT (MPa-g);No;ИСТИНА;ЛОЖЬ;;540;;Float;;;;;0;;;;492;;38120;;;;;;;;;0;0;;;;-XXXXX.X;491;3428;;;;;;;;;;ЛОЖЬ;;;;;;;;;;;;;;;;;;Output;EPKS_CCB;ESD_932_1;10236;;;;;;;;
M;C792_2;;;;;Compiler marker (277, 132);;ЛОЖЬ;ЛОЖЬ;;792;;;;;;;0;;;;1201;ЛОЖЬ;0;;;;;;;;;;;;;;Undefined;491;3428;;;;;;;;;;ЛОЖЬ;;;;;;;;;;;;;;;;;;;;;;;;;;;;;
M;C564_3_B;;;;;Function block marker;;ЛОЖЬ;ЛОЖЬ;;564;;;;;;;0;;;;3726;ЛОЖЬ;0;;;;;;;;;;;;;;Undefined;;;;;;;;;;;;ЛОЖЬ;ИСТИНА;;;;;;;;;;;;;;;;;;;;;;;;;;;;
M;C534_6_G;;;;;Function block marker;;ЛОЖЬ;ЛОЖЬ;;534;;;;;;;0;;;;4473;ЛОЖЬ;0;;;;;;;;;;;;;;Undefined;;;;;;;;;;;;ЛОЖЬ;ИСТИНА;;;;;;;;;;;;;;;;;;;;;;;;;;;;
BI;20-Second;;SYS;;;Second;No;ЛОЖЬ;;;19;;Byte;;;;;;;;;7;;0;;;;;;;;;0;0;;;;-XXXXX.X;491;3428;;;;;;;;;;ЛОЖЬ;;;;;;;;;;;;;;;;;;;;;;;;;;;;;
DO;93PDAH829;;COM;;;HI ALARM;No;ЛОЖЬ;ЛОЖЬ;;528;;;;;;;0;;;;2799;ЛОЖЬ;0;None;;;;;;0=ALARM;0=ALARM;;;;;;Undefined;;;;;;;;;;;;ЛОЖЬ;ИСТИНА;;;;;;;;;;;;;;;;;Output;EPKS_CCB;ESD_932_1;1403;;;;;;;;
DO;93PDTHH829_CA;;COM;;;CAUSE ALARM;No;ЛОЖЬ;ЛОЖЬ;;528;;;;;;;0;;;;3321;ЛОЖЬ;0;None;;;;;;0=ALARM;0=ALARM;;;;;;Undefined;;;;;;;;;;;;ЛОЖЬ;ИСТИНА;;;;;;;;;;;;;;;;;Output;EPKS_CCB;ESD_932_1;1216;;;;;;;;
AI;93TI802;;FLD;;;C9302001BX COOL H2O CYL1;Yes;ИСТИНА;ЛОЖЬ;;542;ИСТИНА;Float;4-20mA;-50;100;°C;;;;;704;ЛОЖЬ;38531;;None;None;None;None;;;;;;;;;-XXXXX.X;3.76;21;;20.03;17;7;1;Top scale;;;;ЛОЖЬ;ИСТИНА;ЛОЖЬ;;;;;;;;;;;;;;;;Output;EPKS_CCB;ESD_932_1;10351;;;;;;;;
M;232_150_3;;;;;93TT483;;ЛОЖЬ;ЛОЖЬ;;150;;;;;;;0;;;;206;ЛОЖЬ;0;;;;;;;1=MO CONFIRMED;;;;;;;Undefined;491;3428;;;;;;;;;;ЛОЖЬ;;;;;;;;;;;;;;;;;;;;;;;;;;;;;
DO;93LAHH751_FU;;COM;930-20;A_C93021;C9302001AX LEV SEP 1ST;No;ИСТИНА;ЛОЖЬ;;1003;;;;;;;0;;;;2189;ЛОЖЬ;38213;None;;;;;;1=FIRST;;;;;;;Undefined;;;;;;;;;;;;ЛОЖЬ;ИСТИНА;;;;;;;;;;;;;;;;;Output;EPKS_CCB;ESD_932_1;1056;;;;;;;;
AI;93LI411;;FLD;930-20;A_93020;DRAINAGE TO V-9302005;Yes;ИСТИНА;ЛОЖЬ;;256;ИСТИНА;Float;4-20mA;0;100;%;;;;;388;ЛОЖЬ;37928;;None;None;None;None;;;;-25;-25;;;;-XXXXX.X;3.64;22;;20.04;7;13;1;Bottom scale;;;;ЛОЖЬ;;ЛОЖЬ;;;;;;;;;;;;;;;;Output;EPKS_CCB;ESD_932_1;10083;;;;;;;;
M;C697_4_G;;;;;Function block marker;;ЛОЖЬ;ЛОЖЬ;;697;;;;;;;0;;;;4333;ЛОЖЬ;0;;;;;;;;;;;;;;Undefined;;;;;;;;;;;;ЛОЖЬ;ИСТИНА;;;;;;;;;;;;;;;;;;;;;;;;;;;;
M;792_794_1;;;;;CAPACITY 25%;;ЛОЖЬ;ЛОЖЬ;;794;;;;;;;0;;;;594;ЛОЖЬ;0;;;;;;;1=ACTIVE;;;;;;;Undefined;491;3428;;;;;;;;;;ЛОЖЬ;;;;;;;;;;;;;;;;;;;;;;;;;;;;;
DO;93PIHH815_CA;;COM;;;CAUSE ALARM;No;ЛОЖЬ;ЛОЖЬ;;532;;;;;;;0;;;;3323;ЛОЖЬ;0;None;;;;;;0=ALARM;0=ALARM;;;;;;Undefined;;;;;;;;;;;;ЛОЖЬ;ИСТИНА;;;;;;;;;;;;;;;;;Output;EPKS_CCB;ESD_932_1;1218;;;;;;;;
M;382_1009_3;;;;;93TAHH762_I (AFTER OOS);;ЛОЖЬ;ЛОЖЬ;;1009;;;;;;;0;;;;2165;ЛОЖЬ;0;;;;;;;0=TRIP;;;;;;;Undefined;;;;;;;;;;;;ЛОЖЬ;ИСТИНА;;;;;;;;;;;;;;;;;;;;;;;;;;;;
M;798_5;;;;;;;ЛОЖЬ;ЛОЖЬ;;798;;;;;;;0;;;;1538;ЛОЖЬ;0;;;;;;;;;;;;;;Undefined;491;3428;;;;;;;;;;ЛОЖЬ;;;;;;;;;;;;;;;;;;;;;;;;;;;;;
T;288_8;;;;;;;ЛОЖЬ;ЛОЖЬ;;288;;;;;;;;100 ms;10;;1212;ЛОЖЬ;0;;;;;;;;;;;;;;Undefined;;;Delayed OFF with constant timer value;;;;;;;;;ЛОЖЬ;ИСТИНА;;;;;;;;;;;;;;;;;;;;;;;;;;;;
R;C2456_3;;;;;Compiler register (288, 90);;ЛОЖЬ;ЛОЖЬ;;2456;;Float;;;;;0;;;;344;ЛОЖЬ;0;;;;;;;;;;;;;;Undefined;491;3428;;;;;;;;;;ЛОЖЬ;;;;;;;;;;;;;;;;;;;;;;;;;;;;;
M;692_170_1;;;;;93PDT880;;ЛОЖЬ;ЛОЖЬ;;170;;;;;;;0;;;;1385;ЛОЖЬ;0;;;;;;;1=MO CONFIRMED;;;;;;;Undefined;491;3428;;;;;;;;;;ЛОЖЬ;;;;;;;;;;;;;;;;;;;;;;;;;;;;;
DO;93TI884_TF;;COM;930-20;A_C93021;TRANSM. FAIL;No;ИСТИНА;ЛОЖЬ;;722;;;;;;;0;;;;1525;ИСТИНА;37357;None;;;;;;0=FAIL;;;;;;;Undefined;491;3428;;;;;;;;;;ЛОЖЬ;;;;;;;;;;;;;;;;;;Output;EPKS_CCB;ESD_932_1;846;;;;;;;;
M;1045_1;;;;;;;ЛОЖЬ;ЛОЖЬ;;1045;;;;;;;0;;;;2495;ЛОЖЬ;0;;;;;;;;;;;;;;Undefined;;;;;;;;;;;;ЛОЖЬ;ИСТИНА;;;;;;;;;;;;;;;;;;;;;;;;;;;;
DO;93FI017_TF;;COM;930-20;A_93020;TRANSM. FAIL;No;ИСТИНА;ЛОЖЬ;;312;;;;;;;0;;;;1717;ИСТИНА;37815;None;;;;;;0=ALARM;;;;;;;Undefined;491;3428;;;;;;;;;;ЛОЖЬ;;;;;;;;;;;;;;;;;;Output;EPKS_CCB;ESD_932_1;538;;;;;;;;
DO;93PAHH764_CA;;COM;930-20;A_C93021;CAUSE ALARM;No;ИСТИНА;ЛОЖЬ;;362;;;;;;;0;;;;643;ЛОЖЬ;37358;None;;;;;;0=ALARM;;;;;;;Undefined;491;3428;;;;;;;;;;ЛОЖЬ;;;;;;;;;;;;;;;;;;Output;EPKS_CCB;ESD_932_1;578;;;;;;;;
M;C290_8_C;;;;;Function block marker;;ЛОЖЬ;ЛОЖЬ;;290;;;;;;;0;;;;3818;ЛОЖЬ;0;;;;;;;;;;;;;;Undefined;;;;;;;;;;;;ЛОЖЬ;ИСТИНА;;;;;;;;;;;;;;;;;;;;;;;;;;;;
M;C554_5_G;;;;;Function block marker;;ЛОЖЬ;ЛОЖЬ;;554;;;;;;;0;;;;4407;ЛОЖЬ;0;;;;;;;;;;;;;;Undefined;;;;;;;;;;;;ЛОЖЬ;ИСТИНА;;;;;;;;;;;;;;;;;;;;;;;;;;;;
M;2499_F;;;;;TRIP 6;;ЛОЖЬ;ЛОЖЬ;;2499;;;;;;;0;;;;180;ЛОЖЬ;0;;;;;;;;;;;;;;Undefined;491;3428;;;;;;;;;;ЛОЖЬ;;;;;;;;;;;;;;;;;;;;;;;;;;;;;
DO;93TAHH804_FU;;COM;930-20;A_C93021;C9302001BX TMP PACK CYL1;No;ИСТИНА;ЛОЖЬ;;1027;;;;;;;0;;;;2346;ЛОЖЬ;38268;None;;;;;;1=FIRST;;;;;;;Undefined;;;;;;;;;;;;ЛОЖЬ;ИСТИНА;;;;;;;;;;;;;;;;;Output;EPKS_CCB;ESD_932_1;1109;;;;;;;;
M;C363_4_E;;;;;Function block marker;;ЛОЖЬ;ЛОЖЬ;;363;;;;;;;0;;;;4629;ЛОЖЬ;0;;;;;;;;;;;;;;Undefined;;;;;;;;;;;;ЛОЖЬ;ИСТИНА;;;;;;;;;;;;;;;;;;;;;;;;;;;;
DO;93LI421_TF;;COM;930-20;A_93020;TRANSM. FAIL;No;ИСТИНА;ЛОЖЬ;;266;;;;;;;0;;;;401;ИСТИНА;37359;None;;;;;;0=FAIL;;;;;;;Undefined;491;3428;;;;;;;;;;ЛОЖЬ;;;;;;;;;;;;;;;;;;Output;EPKS_CCB;ESD_932_1;550;;;;;;;;
M;714_172_1;;;;;93TT861;;ЛОЖЬ;ЛОЖЬ;;172;;;;;;;0;;;;2821;ЛОЖЬ;0;;;;;;;1=MO CONFIRMED;;;;;;;Undefined;491;3428;;;;;;;;;;ЛОЖЬ;;;;;;;;;;;;;;;;;;;;;;;;;;;;;
AI;VM 20.03/11/17;;SYS;;;;Yes;ЛОЖЬ;;;0;ИСТИНА;Float;0-5V (VM);0;100;;;;;;676;ЛОЖЬ;0;;None;None;None;None;;;;;;;;;Undefined;2.5;3.9;;20.03;11;17;1;Scan;;;;ЛОЖЬ;ИСТИНА;;;;;;;;;;;;;;;;;;;;;;;;;;;;
M;690_778_2;;;;;93LAHH853_I;;ЛОЖЬ;ЛОЖЬ;;778;;;;;;;0;;;;861;ЛОЖЬ;0;;;;;;;0=TRIP INITIATOR;;;;;;;Undefined;491;3428;;;;;;;;;;ЛОЖЬ;;;;;;;;;;;;;;;;;;;;;;;;;;;;;
DO;93PI821_MOC;;COM;930-20;A_C93021;MO CONFIRMED;No;ИСТИНА;ЛОЖЬ;;536;;;;;;;0;;;;1154;ИСТИНА;37360;None;;;;;;1=CONFIRMED;;;;;;;Undefined;491;3428;;;;;;;;;;ЛОЖЬ;;;;;;;;;;;;;;;;;;Output;EPKS_CCB;ESD_932_1;685;;;;;;;;
BO;93TI761_HH;;COM;930-20;A_C93021;HH TRIP SETPOINT (°C);No;ИСТИНА;ЛОЖЬ;;380;;Float;;;;;0;;;;564;;38108;;;;;;;;;0;0;;;;-XXXXX.X;491;3428;;;;;;;;;;ЛОЖЬ;;;;;;;;;;;;;;;;;;Output;EPKS_CCB;ESD_932_1;10253;;;;;;;;
M;C702_9_E;;;;;Function block marker;;ЛОЖЬ;ЛОЖЬ;;702;;;;;;;0;;;;4301;ЛОЖЬ;0;;;;;;;;;;;;;;Undefined;;;;;;;;;;;;ЛОЖЬ;ИСТИНА;;;;;;;;;;;;;;;;;;;;;;;;;;;;
BO;IB932_ESD1_RT2_B;;COM;930_20;;Start Repair Timer CP2;No;ЛОЖЬ;ЛОЖЬ;;16;;Word;;;;;0;;;;18;;0;;;;;;;;;0;0;;;;-XXXXX.X;;;;;;;;;;;;ЛОЖЬ;ИСТИНА;;;;;;;;;;;;;;;;;Output;EPKS_CCB;ESD_932_1;10301;;;;;;;;
M;C564_1_A;;;;;Compiler marker;;ЛОЖЬ;ЛОЖЬ;;564;;;;;;;0;;;;1548;ЛОЖЬ;0;;;;;;;;;;;;;;Undefined;;;;;;;;;;;;ЛОЖЬ;ИСТИНА;;;;;;;;;;;;;;;;;;;;;;;;;;;;
M;C1053_1_L;;;;;Function block marker;;ЛОЖЬ;ЛОЖЬ;;1053;;;;;;;0;;;;2615;ЛОЖЬ;0;;;;;;;;;;;;;;Undefined;;;;;;;;;;;;ЛОЖЬ;ИСТИНА;;;;;;;;;;;;;;;;;;;;;;;;;;;;
M;1045_4;;;;;;;ЛОЖЬ;ЛОЖЬ;;1045;;;;;;;0;;;;2498;ЛОЖЬ;0;;;;;;;;;;;;;;Undefined;;;;;;;;;;;;ЛОЖЬ;ИСТИНА;;;;;;;;;;;;;;;;;;;;;;;;;;;;
DO;93LALL425;;COM;930-20;A_93020;HYD GAS COND  B9302002A;No;ИСТИНА;ЛОЖЬ;;270;;;;;;;0;;;;420;ИСТИНА;37361;None;;;;;;0=TRIP;;;;;;;Undefined;491;3428;;;;;;;;;;ЛОЖЬ;;;;;;;;;;;;;;;;;;Output;EPKS_CCB;ESD_932_1;521;;;;;;;;
M;C1023_1_M;;;;;Function block marker;;ЛОЖЬ;ЛОЖЬ;;1023;;;;;;;0;;;;2412;ЛОЖЬ;0;;;;;;;;;;;;;;Undefined;;;;;;;;;;;;ЛОЖЬ;ИСТИНА;;;;;;;;;;;;;;;;;;;;;;;;;;;;
M;560_8;;;;;;;ЛОЖЬ;ЛОЖЬ;;560;;;;;;;0;;;;4079;ЛОЖЬ;0;;;;;;;;;;;;;;Undefined;;;;;;;;;;;;ЛОЖЬ;ИСТИНА;;;;;;;;;;;;;;;;;;;;;;;;;;;;
M;C131_5;;;;;Compiler marker (216, 133);;ЛОЖЬ;ЛОЖЬ;;131;;;;;;;0;;;;3287;ЛОЖЬ;0;;;;;;;;;;;;;;Undefined;;;;;;;;;;;;ЛОЖЬ;ИСТИНА;;;;;;;;;;;;;;;;;;;;;;;;;;;;
M;2420_F;;;;;0=TRIP;;ЛОЖЬ;ЛОЖЬ;;2420;;;;;;;0;;;;118;ЛОЖЬ;0;;;;;;;;;;;;;;Undefined;491;3428;;;;;;;;;;ЛОЖЬ;;;;;;;;;;;;;;;;;;;;;;;;;;;;;
M;C698_4_G;;;;;Function block marker;;ЛОЖЬ;ЛОЖЬ;;698;;;;;;;0;;;;3420;ЛОЖЬ;0;;;;;;;;;;;;;;Undefined;;;;;;;;;;;;ЛОЖЬ;ИСТИНА;;;;;;;;;;;;;;;;;;;;;;;;;;;;
M;C250_8_D;;;;;Function block marker;;ЛОЖЬ;ЛОЖЬ;;250;;;;;;;0;;;;3918;ЛОЖЬ;0;;;;;;;;;;;;;;Undefined;;;;;;;;;;;;ЛОЖЬ;ИСТИНА;;;;;;;;;;;;;;;;;;;;;;;;;;;;
M;C702_10_F;;;;;Function block marker;;ЛОЖЬ;ЛОЖЬ;;702;;;;;;;0;;;;4305;ЛОЖЬ;0;;;;;;;;;;;;;;Undefined;;;;;;;;;;;;ЛОЖЬ;ИСТИНА;;;;;;;;;;;;;;;;;;;;;;;;;;;;
R;2495_B;;;;;DIVIDER;;ЛОЖЬ;ЛОЖЬ;;2495;;Float;;;;;0;;;;164;ЛОЖЬ;0;;;;;;;;;;;;;;Undefined;491;3428;;;;;;;;;;ЛОЖЬ;;;;;;;;;;;;;;;;;;;;;;;;;;;;;
M;390_414_2;;;;;93TAHH836_I;;ЛОЖЬ;ЛОЖЬ;;414;;;;;;;0;;;;1764;ЛОЖЬ;0;;;;;;;0=TRIP INITIATOR;;;;;;;Undefined;491;3428;;;;;;;;;;ЛОЖЬ;;;;;;;;;;;;;;;;;;;;;;;;;;;;;
M;C718_5_G;;;;;Function block marker;;ЛОЖЬ;ЛОЖЬ;;718;;;;;;;0;;;;4255;ЛОЖЬ;0;;;;;;;;;;;;;;Undefined;;;;;;;;;;;;ЛОЖЬ;ИСТИНА;;;;;;;;;;;;;;;;;;;;;;;;;;;;
M;C702_8_F;;;;;Function block marker;;ЛОЖЬ;ЛОЖЬ;;702;;;;;;;0;;;;4311;ЛОЖЬ;0;;;;;;;;;;;;;;Undefined;;;;;;;;;;;;ЛОЖЬ;ИСТИНА;;;;;;;;;;;;;;;;;;;;;;;;;;;;
AI;93FI425;;FLD;930-20;A_C93021;WATER TO COOL C9302001AX;Yes;ИСТИНА;ЛОЖЬ;;250;ИСТИНА;Float;4-20mA;0;100000;kg/h;;;;;128;ЛОЖЬ;38430;;None;None;None;None;;;;;;;;;-XXXXX.X;3.64;22;;20.03;15;16;1;Bottom scale;;;;ЛОЖЬ;ИСТИНА;ЛОЖЬ;;;;;;;;;;;;;;;;Output;EPKS_CCB;ESD_932_1;10323;;;;;;;;
DO;93XY118B_C;;COM;;;;No;ИСТИНА;ЛОЖЬ;;312;;;;;;;0;;;;61;ИСТИНА;38013;None;;;;;;0=TRIP;;;;;;;Undefined;;;;;;;;;;;;ЛОЖЬ;ИСТИНА;;;;;;;;;;;;;;;;;Output;EPKS_CCB;ESD_932_1;991;;;;;;;;
R;C2499_6;;;;;Compiler register (232, 300);;ЛОЖЬ;ЛОЖЬ;;2499;;Float;;;;;0;;;;320;ЛОЖЬ;0;;;;;;;;;;;;;;Undefined;491;3428;;;;;;;;;;ЛОЖЬ;;;;;;;;;;;;;;;;;;;;;;;;;;;;;
M;C548_6_E;;;;;Function block marker;;ЛОЖЬ;ЛОЖЬ;;548;;;;;;;0;;;;4429;ЛОЖЬ;0;;;;;;;;;;;;;;Undefined;;;;;;;;;;;;ЛОЖЬ;ИСТИНА;;;;;;;;;;;;;;;;;;;;;;;;;;;;
DI;93LI415_MOR;;COM;930-20;A_93020;MO REQUEST;No;ИСТИНА;ИСТИНА;;260;;;;;;;0;;;;2869;ЛОЖЬ;37362;None;;;;;;1=REQUEST;;;;;;;Undefined;491;3428;;;;;;Freeze;;;;ЛОЖЬ;;;;ЛОЖЬ;;;;;;;;;;;;;;Input;EPKS_CCB;ESD_932_1;38;;;;;;;;
M;448_12;;;;;;;ЛОЖЬ;ЛОЖЬ;;448;;;;;;;0;;;;1795;ЛОЖЬ;0;;;;;;;;;;;;;;Undefined;491;3428;;;;;;;;;;ЛОЖЬ;;;;;;;;;;;;;;;;;;;;;;;;;;;;;
DO;93TAHH867_FU;;COM;930-20;A_C93021;C9302001CX TMP GAS CYL2;No;ИСТИНА;ЛОЖЬ;;1047;;;;;;;0;;;;2597;ЛОЖЬ;38319;None;;;;;;1=FIRST;;;;;;;Undefined;;;;;;;;;;;;ЛОЖЬ;ИСТИНА;;;;;;;;;;;;;;;;;Output;EPKS_CCB;ESD_932_1;1160;;;;;;;;
M;350_400_4;;;;;CW PUMP RUNNING;;ЛОЖЬ;ЛОЖЬ;;400;;;;;;;0;;;;1616;ЛОЖЬ;0;;;;;;;1=RUNNING;;;;;;;Undefined;491;3428;;;;;;;;;;ЛОЖЬ;;;;;;;;;;;;;;;;;;;;;;;;;;;;;
T;236_6;;;;;;;ЛОЖЬ;ЛОЖЬ;;236;;;;;;;;100 ms;5;;1128;ЛОЖЬ;0;;;;;;;;;;;;;;Undefined;;;Delayed OFF with constant timer value;;;;;;;;;ЛОЖЬ;ИСТИНА;;;;;;;;;;;;;;;;;;;;;;;;;;;;
DO;93LI853_MOC;;COM;930-20;A_C93021;MO CONFIRMED;No;ИСТИНА;ЛОЖЬ;;690;;;;;;;0;;;;1393;ИСТИНА;37363;None;;;;;;1=CONFIRMED;;;;;;;Undefined;491;3428;;;;;;;;;;ЛОЖЬ;;;;;;;;;;;;;;;;;;Output;EPKS_CCB;ESD_932_1;575;;;;;;;;
AI;93PI769;;FLD;930-20;A_C93021;C9302001AX PROC GAS CYL2;Yes;ИСТИНА;ЛОЖЬ;;364;ИСТИНА;Float;4-20mA;0;600;kPa-g;;;;;360;ЛОЖЬ;37774;;None;None;None;None;;;;-150;-150;;;;-XXXXX.X;3.64;22;;20.04;7;6;1;Bottom scale;;;;ЛОЖЬ;;ЛОЖЬ;;;;;;;;;;;;;;;;Output;EPKS_CCB;ESD_932_1;10114;;;;;;;;
DO;93PI868_TF;;COM;;;TRANSM FAULT;No;ЛОЖЬ;ЛОЖЬ;;699;;;;;;;0;;;;852;ИСТИНА;38530;None;;;;;;0=ALARM;0=ALARM;;;;;;Undefined;;;;;;;;;;;;ЛОЖЬ;ИСТИНА;;;;;;;;;;;;;;;;;Output;EPKS_CCB;ESD_932_1;1353;;;;;;;;
T;272_2;;;;;;;ЛОЖЬ;ЛОЖЬ;;272;;;;;;;;100 ms;5;;1224;ЛОЖЬ;0;;;;;;;;;;;;;;Undefined;;;Delayed OFF with constant timer value;;;;;;;;;ЛОЖЬ;ИСТИНА;;;;;;;;;;;;;;;;;;;;;;;;;;;;
M;C697_3_G;;;;;Function block marker;;ЛОЖЬ;ЛОЖЬ;;697;;;;;;;0;;;;4330;ЛОЖЬ;0;;;;;;;;;;;;;;Undefined;;;;;;;;;;;;ЛОЖЬ;ИСТИНА;;;;;;;;;;;;;;;;;;;;;;;;;;;;
M;C288_8_D;;;;;Function block marker;;ЛОЖЬ;ЛОЖЬ;;288;;;;;;;0;;;;3828;ЛОЖЬ;0;;;;;;;;;;;;;;Undefined;;;;;;;;;;;;ЛОЖЬ;ИСТИНА;;;;;;;;;;;;;;;;;;;;;;;;;;;;
M;296_1;;;;;;;ЛОЖЬ;ЛОЖЬ;;296;;;;;;;0;;;;496;ЛОЖЬ;0;;;;;;;;;;;;;;Undefined;491;3428;;;;;;;;;;ЛОЖЬ;;;;;;;;;;;;;;;;;;;;;;;;;;;;;
DO;93LALL410_CA;;COM;930-20;A_93020;CAUSE ALARM;No;ЛОЖЬ;ЛОЖЬ;;256;;;;;;;0;;;;3340;ЛОЖЬ;0;None;;;;;;0=ALARM;0=ALARM;;;;;;Undefined;;;;;;;;;;;;ЛОЖЬ;ИСТИНА;;;;;;;;;;;;;;;;;Output;EPKS_CCB;ESD_932_1;1235;;;;;;;;
M;C562_6_F;;;;;Function block marker;;ЛОЖЬ;ЛОЖЬ;;562;;;;;;;0;;;;4381;ЛОЖЬ;0;;;;;;;;;;;;;;Undefined;;;;;;;;;;;;ЛОЖЬ;ИСТИНА;;;;;;;;;;;;;;;;;;;;;;;;;;;;
M;686_1039_3;;;;;93FALL855_I (AFTER OOS);;ЛОЖЬ;ЛОЖЬ;;1039;;;;;;;0;;;;2524;ЛОЖЬ;0;;;;;;;0=TRIP;;;;;;;Undefined;;;;;;;;;;;;ЛОЖЬ;ИСТИНА;;;;;;;;;;;;;;;;;;;;;;;;;;;;
DO;93TAHH984_CA;;COM;930-20;A_93020;CAUSE ALARM;No;ИСТИНА;ЛОЖЬ;;294;;;;;;;0;;;;415;ЛОЖЬ;37365;None;;;;;;0=ALARM;;;;;;;Undefined;491;3428;;;;;;;;;;ЛОЖЬ;;;;;;;;;;;;;;;;;;Output;EPKS_CCB;ESD_932_1;780;;;;;;;;
M;C356_5_E;;;;;Function block marker;;ЛОЖЬ;ЛОЖЬ;;356;;;;;;;0;;;;4647;ЛОЖЬ;0;;;;;;;;;;;;;;Undefined;;;;;;;;;;;;ЛОЖЬ;ИСТИНА;;;;;;;;;;;;;;;;;;;;;;;;;;;;
DO;93TI482_TF;;COM;930-20;A_93020;TRANSM. FAIL;No;ИСТИНА;ЛОЖЬ;;230;;;;;;;0;;;;201;ИСТИНА;37366;None;;;;;;0=FAIL;;;;;;;Undefined;491;3428;;;;;;;;;;ЛОЖЬ;;;;;;;;;;;;;;;;;;Output;EPKS_CCB;ESD_932_1;784;;;;;;;;
M;C270_3_E;;;;;Function block marker;;ЛОЖЬ;ЛОЖЬ;;270;;;;;;;0;;;;3602;ЛОЖЬ;0;;;;;;;;;;;;;;Undefined;;;;;;;;;;;;ЛОЖЬ;ИСТИНА;;;;;;;;;;;;;;;;;;;;;;;;;;;;
M;726_8;;;;;;;ЛОЖЬ;ЛОЖЬ;;726;;;;;;;0;;;;4188;ЛОЖЬ;0;;;;;;;;;;;;;;Undefined;;;;;;;;;;;;ЛОЖЬ;ИСТИНА;;;;;;;;;;;;;;;;;;;;;;;;;;;;
DO;93PALL826_FU;;COM;930-20;A_C93021;C9302001BX PRS OIL CKC;No;ИСТИНА;ЛОЖЬ;;1025;;;;;;;0;;;;2343;ЛОЖЬ;38265;None;;;;;;1=FIRST;;;;;;;Undefined;;;;;;;;;;;;ЛОЖЬ;ИСТИНА;;;;;;;;;;;;;;;;;Output;EPKS_CCB;ESD_932_1;1106;;;;;;;;
T;532_1;;;930-20;;;;ЛОЖЬ;ЛОЖЬ;;532;;;;;;;;100 ms;5;;460;ЛОЖЬ;0;;;;;;;;;;;;;;Undefined;491;3428;Delayed OFF with constant timer value;;;;;;;;;ЛОЖЬ;;;;;;;;;;;;;;;;;;;;;;;;;;;;;
M;322_258_2;;;;;SHUTTER 93XV416- OPEN;;ЛОЖЬ;ЛОЖЬ;;258;;;;;;;0;;;;2041;ЛОЖЬ;0;;;;;;;1=OPEN;;;;;;;Undefined;491;3428;;;;;;;;;;ЛОЖЬ;;;;;;;;;;;;;;;;;;;;;;;;;;;;;
M;1015_1017_1;;;;;FIRST OUT SEQUENCE;;ЛОЖЬ;ЛОЖЬ;;1017;;;;;;;0;;;;2186;ЛОЖЬ;0;;;;;;;1=FU ALARM;;;;;;;Undefined;;;;;;;;;;;;ЛОЖЬ;ИСТИНА;;;;;;;;;;;;;;;;;;;;;;;;;;;;
AI;93LI433;;FLD;930-20;A_93020;L. B-9302003A;Yes;ИСТИНА;ЛОЖЬ;;284;ИСТИНА;Float;4-20mA;0;100;%;;;;;464;ЛОЖЬ;38429;;None;None;None;None;;;;;;;;;-XXXXX.X;3.64;22;;20.04;9;15;1;Bottom scale;;;;ЛОЖЬ;ИСТИНА;ЛОЖЬ;;;;;;;;;;;;;;;;Output;EPKS_CCB;ESD_932_1;10327;;;;;;;;
M;294_1;;;;;;;ЛОЖЬ;ЛОЖЬ;;294;;;;;;;0;;;;451;ЛОЖЬ;0;;;;;;;;;;;;;;Undefined;491;3428;;;;;;;;;;ЛОЖЬ;;;;;;;;;;;;;;;;;;;;;;;;;;;;;
M;716_7;;;;;;;ЛОЖЬ;ЛОЖЬ;;716;;;;;;;0;;;;4197;ЛОЖЬ;0;;;;;;;;;;;;;;Undefined;;;;;;;;;;;;ЛОЖЬ;ИСТИНА;;;;;;;;;;;;;;;;;;;;;;;;;;;;
M;C1049_2_H;;;;;Function block marker;;ЛОЖЬ;ЛОЖЬ;;1049;;;;;;;0;;;;3703;ЛОЖЬ;0;;;;;;;;;;;;;;Undefined;;;;;;;;;;;;ЛОЖЬ;ИСТИНА;;;;;;;;;;;;;;;;;;;;;;;;;;;;
M;C260_4_G;;;;;Function block marker;;ЛОЖЬ;ЛОЖЬ;;260;;;;;;;0;;;;3882;ЛОЖЬ;0;;;;;;;;;;;;;;Undefined;;;;;;;;;;;;ЛОЖЬ;ИСТИНА;;;;;;;;;;;;;;;;;;;;;;;;;;;;
M;1007_9;;;;;;;ЛОЖЬ;ЛОЖЬ;;1007;;;;;;;0;;;;2057;ЛОЖЬ;0;;;;;;;;;;;;;;Undefined;;;;;;;;;;;;ЛОЖЬ;ИСТИНА;;;;;;;;;;;;;;;;;;;;;;;;;;;;
M;C1025_1_K;;;;;Function block marker;;ЛОЖЬ;ЛОЖЬ;;1025;;;;;;;0;;;;2404;ЛОЖЬ;0;;;;;;;;;;;;;;Undefined;;;;;;;;;;;;ЛОЖЬ;ИСТИНА;;;;;;;;;;;;;;;;;;;;;;;;;;;;
DO;93ZSLL753_MOC;;COM;930-20;A_93020;MO CONFIRMED;No;ИСТИНА;ЛОЖЬ;;298;;;;;;;0;;;;506;ИСТИНА;37367;None;;;;;;1=CONFIRMED;;;;;;;Undefined;491;3428;;;;;;;;;;ЛОЖЬ;;;;;;;;;;;;;;;;;;Output;EPKS_CCB;ESD_932_1;901;;;;;;;;
DO;93XAO421;;COM;930-20;A_93020;TRIP INITIATOR;No;ИСТИНА;ЛОЖЬ;;324;;;;;;;0;;;;2045;ИСТИНА;37436;None;;;;;;1=OVERRIDE;;;;;;;Undefined;491;3428;;;;;;;;;;ЛОЖЬ;;;;;;;;;;;;;;;;;;Output;EPKS_CCB;ESD_932_1;923;;;;;;;;
M;1049_1;;;;;;;ЛОЖЬ;ЛОЖЬ;;1049;;;;;;;0;;;;2510;ЛОЖЬ;0;;;;;;;;;;;;;;Undefined;;;;;;;;;;;;ЛОЖЬ;ИСТИНА;;;;;;;;;;;;;;;;;;;;;;;;;;;;
M;C290_8_D;;;;;Function block marker;;ЛОЖЬ;ЛОЖЬ;;290;;;;;;;0;;;;3819;ЛОЖЬ;0;;;;;;;;;;;;;;Undefined;;;;;;;;;;;;ЛОЖЬ;ИСТИНА;;;;;;;;;;;;;;;;;;;;;;;;;;;;
M;C528_5_G;;;;;Function block marker;;ЛОЖЬ;ЛОЖЬ;;528;;;;;;;0;;;;4494;ЛОЖЬ;0;;;;;;;;;;;;;;Undefined;;;;;;;;;;;;ЛОЖЬ;ИСТИНА;;;;;;;;;;;;;;;;;;;;;;;;;;;;
R;2410_B;;;;;OOS TIME;;ЛОЖЬ;ЛОЖЬ;;2410;;Word;;;;;0;;;;130;ЛОЖЬ;0;;;;;;;;;;;;;;Undefined;491;3428;;;;;;;;;;ЛОЖЬ;;;;;;;;;;;;;;;;;;;;;;;;;;;;;
DI;93FI754_MOR;;COM;930-20;A_C93021;MO REQUEST;No;ИСТИНА;ИСТИНА;;350;;;;;;;0;;;;2844;ЛОЖЬ;37368;None;;;;;;1=REQUEST;;;;;;;Undefined;491;3428;;;;;;Freeze;;;;ЛОЖЬ;;;;ЛОЖЬ;;;;;;;;;;;;;;Input;EPKS_CCB;ESD_932_1;13;;;;;;;;
M;C230_2_F;;;;;Function block marker;;ЛОЖЬ;ЛОЖЬ;;230;;;;;;;0;;;;3974;ЛОЖЬ;0;;;;;;;;;;;;;;Undefined;;;;;;;;;;;;ЛОЖЬ;ИСТИНА;;;;;;;;;;;;;;;;;;;;;;;;;;;;
M;2456_K;;;;;Trip 11;;ЛОЖЬ;ЛОЖЬ;;2456;;;;;;;0;;;;122;ЛОЖЬ;0;;;;;;;;;;;;;;Undefined;491;3428;;;;;;;;;;ЛОЖЬ;;;;;;;;;;;;;;;;;;;;;;;;;;;;;
M;C1041_1_K;;;;;Function block marker;;ЛОЖЬ;ЛОЖЬ;;1041;;;;;;;0;;;;2650;ЛОЖЬ;0;;;;;;;;;;;;;;Undefined;;;;;;;;;;;;ЛОЖЬ;ИСТИНА;;;;;;;;;;;;;;;;;;;;;;;;;;;;
DO;93LALL413;;COM;930-20;A_93020;HYD GAS COND  V9302003A;No;ИСТИНА;ЛОЖЬ;;258;;;;;;;0;;;;354;ИСТИНА;37369;None;;;;;;0=TRIP;;;;;;;Undefined;491;3428;;;;;;;;;;ЛОЖЬ;;;;;;;;;;;;;;;;;;Output;EPKS_CCB;ESD_932_1;503;;;;;;;;
M;648_12;;;;;;;ЛОЖЬ;ЛОЖЬ;;648;;;;;;;0;;;;1780;ЛОЖЬ;0;;;;;;;;;;;;;;Undefined;491;3428;;;;;;;;;;ЛОЖЬ;;;;;;;;;;;;;;;;;;;;;;;;;;;;;
AI;93LI803;;FLD;930-20;A_C93021;C-9302001BX LEVEL 2ND ST;Yes;ИСТИНА;ЛОЖЬ;;526;ИСТИНА;Float;4-20mA;0;100;%;;;;;420;ЛОЖЬ;37754;;None;None;None;None;;;;-25;-25;;;;-XXXXX.X;3.64;22;;20.04;9;4;1;Bottom scale;;;;ЛОЖЬ;;ЛОЖЬ;;;;;;;;;;;;;;;;Output;EPKS_CCB;ESD_932_1;10099;;;;;;;;
DO;93TAHH853;;COM;930-20;A_C93021;C9302001CX COOL H2O CYL1;No;ИСТИНА;ЛОЖЬ;;706;;;;;;;0;;;;1460;ИСТИНА;37371;None;;;;;;0=TRIP;;;;;;;Undefined;491;3428;;;;;;;;;;ЛОЖЬ;;;;;;;;;;;;;;;;;;Output;EPKS_CCB;ESD_932_1;749;;;;;;;;
DI;93HS751B_B1_OT_P;;COM;930-20;A_93020;CAP CTRL BIT 1;No;ИСТИНА;ИСТИНА;;434;;;;;;;0;;;;2103;ИСТИНА;37907;None;;;;;;1=TRUE;;;;;;;Undefined;491;3428;;;;;;Freeze;;;;ЛОЖЬ;;;;ЛОЖЬ;;;;;;;;;;;;;;Output;EPKS_CCB;ESD_932_1;2005;;;;;Input;CC_CCB_1;ESD_932_1;8
M;546_1;;;;;;;ЛОЖЬ;ЛОЖЬ;;546;;;;;;;0;;;;1122;ЛОЖЬ;0;;;;;;;;;;;;;;Undefined;491;3428;;;;;;;;;;ЛОЖЬ;;;;;;;;;;;;;;;;;;;;;;;;;;;;;
DO;93LALL416_CA;;COM;;;CAUSE ALARM;No;ЛОЖЬ;ЛОЖЬ;;262;;;;;;;0;;;;3343;ЛОЖЬ;0;None;;;;;;0=ALARM;0=ALARM;;;;;;Undefined;;;;;;;;;;;;ЛОЖЬ;ИСТИНА;;;;;;;;;;;;;;;;;Output;EPKS_CCB;ESD_932_1;1238;;;;;;;;
DO;93PAHH864_CA;;COM;930-20;A_C93021;CAUSE ALARM;No;ИСТИНА;ЛОЖЬ;;696;;;;;;;0;;;;1326;ЛОЖЬ;37372;None;;;;;;0=ALARM;;;;;;;Undefined;491;3428;;;;;;;;;;ЛОЖЬ;;;;;;;;;;;;;;;;;;Output;EPKS_CCB;ESD_932_1;594;;;;;;;;
T;123_1;;;;;;;ЛОЖЬ;ЛОЖЬ;;123;;;;;;;;1 s;30;;112;ЛОЖЬ;0;;;;;;;;;;;;;;Undefined;491;3428;Delayed OFF with constant timer value;;;;;;;;;ЛОЖЬ;;;;;;;;;;;;;;;;;;;;;;;;;;;;;
M;782_798_1;;;;;AUTO START;;ЛОЖЬ;ЛОЖЬ;;798;;;;;;;0;;;;938;ЛОЖЬ;0;;;;;;;0=START;;;;;;;Undefined;491;3428;;;;;;;;;;ЛОЖЬ;;;;;;;;;;;;;;;;;;;;;;;;;;;;;
DO;93XY119A;;MCC;930-20;A_93020;AUTO OPN SHUTTER 93XV119;Yes;ИСТИНА;ЛОЖЬ;;316;;;;;;;0;;;;62;ЛОЖЬ;37373;None;;;;;;0=TRIP;;;;;;;Undefined;491;3428;;20.05;13;7;1;Appl;;;;ЛОЖЬ;;;;;;;;;;;;;;;;;;;;;;;;;;;;;
BO;93TI809_HH;;COM;930-20;A_C93021;HH TRIP SETPOINT (°C);No;ИСТИНА;ЛОЖЬ;;548;;Float;;;;;0;;;;652;;38125;;;;;;;;;0;0;;;;-XXXXX.X;491;3428;;;;;;;;;;ЛОЖЬ;;;;;;;;;;;;;;;;;;Output;EPKS_CCB;ESD_932_1;10261;;;;;;;;
AI;93TI829;;FLD;;;C-9302001BX TEMP BEAR DE;Yes;ИСТИНА;ЛОЖЬ;;562;ИСТИНА;Float;4-20mA;-50;200;°C;;;;;724;ЛОЖЬ;38529;;None;None;None;None;;;;;;;;;-XXXXX.X;3.76;21;;20.03;17;12;1;Top scale;;;;ЛОЖЬ;ИСТИНА;ЛОЖЬ;;;;;;;;;;;;;;;;Output;EPKS_CCB;ESD_932_1;10356;;;;;;;;
M;648_9;;;;;;;ЛОЖЬ;ЛОЖЬ;;648;;;;;;;0;;;;1777;ЛОЖЬ;0;;;;;;;;;;;;;;Undefined;491;3428;;;;;;;;;;ЛОЖЬ;;;;;;;;;;;;;;;;;;;;;;;;;;;;;
M;520_8;;;;;;;ЛОЖЬ;ЛОЖЬ;;520;;;;;;;0;;;;4102;ЛОЖЬ;0;;;;;;;;;;;;;;Undefined;;;;;;;;;;;;ЛОЖЬ;ИСТИНА;;;;;;;;;;;;;;;;;;;;;;;;;;;;
M;706_7;;;;;;;ЛОЖЬ;ЛОЖЬ;;706;;;;;;;0;;;;4167;ЛОЖЬ;0;;;;;;;;;;;;;;Undefined;;;;;;;;;;;;ЛОЖЬ;ИСТИНА;;;;;;;;;;;;;;;;;;;;;;;;;;;;
DO;93XSO415_P;;COM;930-20;A_93020;SHUTTER 93XV415-OPEN;No;ИСТИНА;ЛОЖЬ;;322;;;;;;;0;;;;1688;ЛОЖЬ;38022;None;;;;;;1=OPEN;;;;;;;Undefined;491;3428;;;;;;;;;;ЛОЖЬ;;;;;;;;;;;;;;;;;;;;;;;;;;Output;CC_CCB_1;ESD_932_1;46
T;390_5;;;;;;;ЛОЖЬ;ЛОЖЬ;;390;;;;;;;;100 ms;5;;632;ЛОЖЬ;0;;;;;;;;;;;;;;Undefined;;;Delayed OFF with constant timer value;;;;;;;;;ЛОЖЬ;ИСТИНА;;;;;;;;;;;;;;;;;;;;;;;;;;;;
DO;93TAH779;;COM;;;HI ALARM;No;ЛОЖЬ;ЛОЖЬ;;392;;;;;;;0;;;;2797;ЛОЖЬ;0;None;;;;;;0=ALARM;0=ALARM;;;;;;Undefined;;;;;;;;;;;;ЛОЖЬ;ИСТИНА;;;;;;;;;;;;;;;;;Output;EPKS_CCB;ESD_932_1;1401;;;;;;;;
DO;93LAHH851_CA;;COM;930-20;A_C93021;CAUSE ALARM;No;ИСТИНА;ЛОЖЬ;;688;;;;;;;0;;;;1495;ЛОЖЬ;37374;None;;;;;;0=ALARM;;;;;;;Undefined;491;3428;;;;;;;;;;ЛОЖЬ;;;;;;;;;;;;;;;;;;Output;EPKS_CCB;ESD_932_1;497;;;;;;;;
M;C1007_1_M;;;;;Function block marker;;ЛОЖЬ;ЛОЖЬ;;1007;;;;;;;0;;;;2454;ЛОЖЬ;0;;;;;;;;;;;;;;Undefined;;;;;;;;;;;;ЛОЖЬ;ИСТИНА;;;;;;;;;;;;;;;;;;;;;;;;;;;;
M;C121_5;;;;;Compiler marker (216, 133);;ЛОЖЬ;ЛОЖЬ;;121;;;;;;;0;;;;3290;ЛОЖЬ;0;;;;;;;;;;;;;;Undefined;;;;;;;;;;;;ЛОЖЬ;ИСТИНА;;;;;;;;;;;;;;;;;;;;;;;;;;;;
M;C716_6_E;;;;;Function block marker;;ЛОЖЬ;ЛОЖЬ;;716;;;;;;;0;;;;4263;ЛОЖЬ;0;;;;;;;;;;;;;;Undefined;;;;;;;;;;;;ЛОЖЬ;ИСТИНА;;;;;;;;;;;;;;;;;;;;;;;;;;;;
M;C290_7_E;;;;;Function block marker;;ЛОЖЬ;ЛОЖЬ;;290;;;;;;;0;;;;3815;ЛОЖЬ;0;;;;;;;;;;;;;;Undefined;;;;;;;;;;;;ЛОЖЬ;ИСТИНА;;;;;;;;;;;;;;;;;;;;;;;;;;;;
M;C388_6_G;;;;;Function block marker;;ЛОЖЬ;ЛОЖЬ;;388;;;;;;;0;;;;4556;ЛОЖЬ;0;;;;;;;;;;;;;;Undefined;;;;;;;;;;;;ЛОЖЬ;ИСТИНА;;;;;;;;;;;;;;;;;;;;;;;;;;;;
M;C376_4_D;;;;;Function block marker;;ЛОЖЬ;ЛОЖЬ;;376;;;;;;;0;;;;4588;ЛОЖЬ;0;;;;;;;;;;;;;;Undefined;;;;;;;;;;;;ЛОЖЬ;ИСТИНА;;;;;;;;;;;;;;;;;;;;;;;;;;;;
DO;93TI834_TF;;COM;930-20;A_C93021;TRANSM. FAIL;No;ИСТИНА;ЛОЖЬ;;558;;;;;;;0;;;;1179;ИСТИНА;37375;None;;;;;;0=FAIL;;;;;;;Undefined;491;3428;;;;;;;;;;ЛОЖЬ;;;;;;;;;;;;;;;;;;Output;EPKS_CCB;ESD_932_1;824;;;;;;;;
DO;93XS926_7_C;;COM;;A_P93020;CW PUMP RUNNING;No;ИСТИНА;ЛОЖЬ;;350;;;;;;;0;;;;597;ИСТИНА;37443;None;;;;;;1=RUNNING;;;;;;;Undefined;491;3428;;;;;;;;;;ЛОЖЬ;;;;;;;;;;;;;;;;;;Output;EPKS_CCB;ESD_932_1;916;;;;;;;;
M;C1011_1_J;;;;;Function block marker;;ЛОЖЬ;ЛОЖЬ;;1011;;;;;;;0;;;;2439;ЛОЖЬ;0;;;;;;;;;;;;;;Undefined;;;;;;;;;;;;ЛОЖЬ;ИСТИНА;;;;;;;;;;;;;;;;;;;;;;;;;;;;
M;240_3;;;930-20;;;;ЛОЖЬ;ЛОЖЬ;;240;;;;;;;0;;;;269;ЛОЖЬ;0;;;;;;;;;;;;;;Undefined;491;3428;;;;;;;;;;ЛОЖЬ;;;;;;;;;;;;;;;;;;;;;;;;;;;;;
M;1308_1307_1;;;930-20;A_93020;COMMON_TF;;ЛОЖЬ;ЛОЖЬ;;1307;;;;;;;0;;;;92;ЛОЖЬ;0;;;;;;;0=ALARM;;;;;;;Undefined;;;;;;;;;;;;ЛОЖЬ;ИСТИНА;;;;;;;;;;;;;;;;;;;;;;;;;;;;
BO;93TI778_H;;COM;;;HI ALARM SETPOINT;No;ЛОЖЬ;ЛОЖЬ;;390;;Float;;;;;0;;;;252;;0;;None;None;None;None;;;;;;;;;-XXXXX.X;;;;;;;;;;;;ЛОЖЬ;ИСТИНА;;;;;;;;;;;;;;;;;Output;EPKS_CCB;ESD_932_1;10408;;;;;;;;
M;C642_3;;;;;Compiler marker (277, 270);;ЛОЖЬ;ЛОЖЬ;;642;;;;;;;0;;;;1391;ЛОЖЬ;0;;;;;;;;;;;;;;Undefined;491;3428;;;;;;;;;;ЛОЖЬ;;;;;;;;;;;;;;;;;;;;;;;;;;;;;
M;520_638_3;;;;;93FALL804_I (AFTER OOS);;ЛОЖЬ;ЛОЖЬ;;638;;;;;;;0;;;;1222;ЛОЖЬ;0;;;;;;;0=TRIP;;;;;;;Undefined;491;3428;;;;;;;;;;ЛОЖЬ;;;;;;;;;;;;;;;;;;;;;;;;;;;;;
DO;93LALL414_CA;;COM;930-20;A_93020;CAUSE ALARM;No;ЛОЖЬ;ЛОЖЬ;;260;;;;;;;0;;;;3342;ЛОЖЬ;0;None;;;;;;0=ALARM;0=ALARM;;;;;;Undefined;;;;;;;;;;;;ЛОЖЬ;ИСТИНА;;;;;;;;;;;;;;;;;Output;EPKS_CCB;ESD_932_1;1237;;;;;;;;
M;C374_2_D;;;;;Function block marker;;ЛОЖЬ;ЛОЖЬ;;374;;;;;;;0;;;;2716;ЛОЖЬ;0;;;;;;;;;;;;;;Undefined;491;3428;;;;;;;;;;ЛОЖЬ;;;;;;;;;;;;;;;;;;;;;;;;;;;;;
M;352_430_3;;;;;93FALL755_I (AFTER OOS);;ЛОЖЬ;ЛОЖЬ;;430;;;;;;;0;;;;875;ЛОЖЬ;0;;;;;;;0=TRIP;;;;;;;Undefined;491;3428;;;;;;;;;;ЛОЖЬ;;;;;;;;;;;;;;;;;;;;;;;;;;;;;
M;C535_3_E;;;;;Function block marker;;ЛОЖЬ;ЛОЖЬ;;535;;;;;;;0;;;;4464;ЛОЖЬ;0;;;;;;;;;;;;;;Undefined;;;;;;;;;;;;ЛОЖЬ;ИСТИНА;;;;;;;;;;;;;;;;;;;;;;;;;;;;
M;C1031_2_J;;;;;Function block marker;;ЛОЖЬ;ЛОЖЬ;;1031;;;;;;;0;;;;3711;ЛОЖЬ;0;;;;;;;;;;;;;;Undefined;;;;;;;;;;;;ЛОЖЬ;ИСТИНА;;;;;;;;;;;;;;;;;;;;;;;;;;;;
M;2460_2;;;930-20;;;;ЛОЖЬ;ЛОЖЬ;;2460;;;;;;;0;;;;185;ЛОЖЬ;0;;;;;;;;;;;;;;Undefined;491;3428;;;;;;;;;;ЛОЖЬ;;;;;;;;;;;;;;;;;;;;;;;;;;;;;
DO;93TAH760;;COM;;;HI ALARM;No;ЛОЖЬ;ЛОЖЬ;;380;;;;;;;0;;;;2777;ЛОЖЬ;0;None;;;;;;0=ALARM;0=ALARM;;;;;;Undefined;;;;;;;;;;;;ЛОЖЬ;ИСТИНА;;;;;;;;;;;;;;;;;Output;EPKS_CCB;ESD_932_1;1398;;;;;;;;
BO;93TI852_H;;COM;;;HI ALARM SETPOINT;No;ЛОЖЬ;ЛОЖЬ;;706;;Float;;;;;0;;;;2076;;0;;None;None;None;None;;;;;;;;;-XXXXX.X;;;;;;;;;;;;ЛОЖЬ;ИСТИНА;;;;;;;;;;;;;;;;;Output;EPKS_CCB;ESD_932_1;10436;;;;;;;;
M;2456_B;;;;;Trip 2;;ЛОЖЬ;ЛОЖЬ;;2456;;;;;;;0;;;;109;ЛОЖЬ;0;;;;;;;;;;;;;;Undefined;491;3428;;;;;;;;;;ЛОЖЬ;;;;;;;;;;;;;;;;;;;;;;;;;;;;;
M;230_150_3;;;;;93TT482;;ЛОЖЬ;ЛОЖЬ;;150;;;;;;;0;;;;1585;ЛОЖЬ;0;;;;;;;1=MO CONFIRMED;;;;;;;Undefined;491;3428;;;;;;;;;;ЛОЖЬ;;;;;;;;;;;;;;;;;;;;;;;;;;;;;
M;690_170_1;;;;;93LT853;;ЛОЖЬ;ЛОЖЬ;;170;;;;;;;0;;;;1453;ЛОЖЬ;0;;;;;;;1=MO CONFIRMED;;;;;;;Undefined;491;3428;;;;;;;;;;ЛОЖЬ;;;;;;;;;;;;;;;;;;;;;;;;;;;;;
M;648_5;;;;;;;ЛОЖЬ;ЛОЖЬ;;648;;;;;;;0;;;;1773;ЛОЖЬ;0;;;;;;;;;;;;;;Undefined;491;3428;;;;;;;;;;ЛОЖЬ;;;;;;;;;;;;;;;;;;;;;;;;;;;;;
M;380_9;;;;;;;ЛОЖЬ;ЛОЖЬ;;380;;;;;;;0;;;;3998;ЛОЖЬ;0;;;;;;;;;;;;;;Undefined;;;;;;;;;;;;ЛОЖЬ;ИСТИНА;;;;;;;;;;;;;;;;;;;;;;;;;;;;
M;688_9;;;;;;;ЛОЖЬ;ЛОЖЬ;;688;;;;;;;0;;;;4205;ЛОЖЬ;0;;;;;;;;;;;;;;Undefined;;;;;;;;;;;;ЛОЖЬ;ИСТИНА;;;;;;;;;;;;;;;;;;;;;;;;;;;;
M;C686_4_E;;;;;Function block marker;;ЛОЖЬ;ЛОЖЬ;;686;;;;;;;0;;;;4369;ЛОЖЬ;0;;;;;;;;;;;;;;Undefined;;;;;;;;;;;;ЛОЖЬ;ИСТИНА;;;;;;;;;;;;;;;;;;;;;;;;;;;;
DO;93TI754_TF;;COM;930-20;A_C93021;TRANSM. FAIL;No;ИСТИНА;ЛОЖЬ;;374;;;;;;;0;;;;719;ИСТИНА;37376;None;;;;;;0=FAIL;;;;;;;Undefined;491;3428;;;;;;;;;;ЛОЖЬ;;;;;;;;;;;;;;;;;;Output;EPKS_CCB;ESD_932_1;792;;;;;;;;
M;C710_4_D;;;;;Function block marker;;ЛОЖЬ;ЛОЖЬ;;710;;;;;;;0;;;;4281;ЛОЖЬ;0;;;;;;;;;;;;;;Undefined;;;;;;;;;;;;ЛОЖЬ;ИСТИНА;;;;;;;;;;;;;;;;;;;;;;;;;;;;
M;380_160_1;;;;;93TT761;;ЛОЖЬ;ЛОЖЬ;;160;;;;;;;0;;;;1130;ЛОЖЬ;0;;;;;;;1=MO CONFIRMED;;;;;;;Undefined;491;3428;;;;;;;;;;ЛОЖЬ;;;;;;;;;;;;;;;;;;;;;;;;;;;;;
DO;93PAHH814_FU;;COM;930-20;A_C93021;C9302001BX PRS GAS CYL1;No;ИСТИНА;ЛОЖЬ;;1023;;;;;;;0;;;;2337;ЛОЖЬ;38259;None;;;;;;1=FIRST;;;;;;;Undefined;;;;;;;;;;;;ЛОЖЬ;ИСТИНА;;;;;;;;;;;;;;;;;Output;EPKS_CCB;ESD_932_1;1100;;;;;;;;
DO;93TAHH761;;COM;930-20;A_C93021;C9302001AX TMP GAS CYL1;No;ИСТИНА;ЛОЖЬ;;380;;;;;;;0;;;;748;ИСТИНА;37377;None;;;;;;0=TRIP;;;;;;;Undefined;491;3428;;;;;;;;;;ЛОЖЬ;;;;;;;;;;;;;;;;;;Output;EPKS_CCB;ESD_932_1;717;;;;;;;;
DO;93FALL424;;COM;930-20;A_C93021;H2O SYS OIL C9302001CX;No;ИСТИНА;ЛОЖЬ;;248;;;;;;;0;;;;302;ИСТИНА;37378;None;;;;;;0=TRIP;;;;;;;Undefined;491;3428;;;;;;;;;;ЛОЖЬ;;;;;;;;;;;;;;;;;;Output;EPKS_CCB;ESD_932_1;421;;;;;;;;
T;798_1;;;;;;;ЛОЖЬ;ЛОЖЬ;;798;;;;;;;;100 ms;30;;484;ЛОЖЬ;0;;;;;;;;;;;;;;Undefined;491;3428;Pulse retriggerable with constant timer value;;;;;;;;;ЛОЖЬ;;;;;;;;;;;;;;;;;;;;;;;;;;;;;
M;280_782_1;;;;;STOP C-9302001CX;;ЛОЖЬ;ЛОЖЬ;;782;;;;;;;0;;;;932;ЛОЖЬ;0;;;;;;;0=TRIP;;;;;;;Undefined;491;3428;;;;;;;;;;ЛОЖЬ;;;;;;;;;;;;;;;;;;;;;;;;;;;;;
M;C268_6_G;;;;;Function block marker;;ЛОЖЬ;ЛОЖЬ;;268;;;;;;;0;;;;3856;ЛОЖЬ;0;;;;;;;;;;;;;;Undefined;;;;;;;;;;;;ЛОЖЬ;ИСТИНА;;;;;;;;;;;;;;;;;;;;;;;;;;;;
AI;93LI436;;FLD;930-20;A_93020;HYDROC GAS CON B9302003B;Yes;ИСТИНА;ЛОЖЬ;;288;ИСТИНА;Float;4-20mA;0;100;%;;;;;224;ЛОЖЬ;37935;;None;None;None;None;;;;-25;-25;;;;-XXXXX.X;3.64;22;;20.04;3;6;1;Bottom scale;;;;ЛОЖЬ;;ЛОЖЬ;;;;;;;;;;;;;;;;Output;EPKS_CCB;ESD_932_1;10094;;;;;;;;
DO;93PALL473_P;;COM;930-20;A_93020;T GAS TO  B9302002A;No;ИСТИНА;ЛОЖЬ;;238;;;;;;;0;;;;547;ЛОЖЬ;38017;None;;;;;;1=ACTIVE;;;;;;;Undefined;491;3428;;;;;;;;;;ЛОЖЬ;;;;;;;;;;;;;;;;;;;;;;;;;;Output;CC_CCB_1;ESD_932_1;68
M;568_1035_2;;;;;93HS807_I;;ЛОЖЬ;ЛОЖЬ;;1035;;;;;;;0;;;;2327;ЛОЖЬ;0;;;;;;;0=TRIP INITIATOR;;;;;;;Undefined;;;;;;;;;;;;ЛОЖЬ;ИСТИНА;;;;;;;;;;;;;;;;;;;;;;;;;;;;
DO;93TAH930;;COM;;;HI ALARM;No;ЛОЖЬ;ЛОЖЬ;;404;;;;;;;0;;;;3612;ЛОЖЬ;0;None;;;;;;0=ALARM;0=ALARM;;;;;;Undefined;;;;;;;;;;;;ЛОЖЬ;ИСТИНА;;;;;;;;;;;;;;;;;Output;EPKS_CCB;ESD_932_1;1438;;;;;;;;
M;C684_4_A;;;;;Compiler marker;;ЛОЖЬ;ЛОЖЬ;;684;;;;;;;0;;;;4371;ЛОЖЬ;0;;;;;;;;;;;;;;Undefined;;;;;;;;;;;;ЛОЖЬ;ИСТИНА;;;;;;;;;;;;;;;;;;;;;;;;;;;;
M;C688_6_E;;;;;Function block marker;;ЛОЖЬ;ЛОЖЬ;;688;;;;;;;0;;;;4363;ЛОЖЬ;0;;;;;;;;;;;;;;Undefined;;;;;;;;;;;;ЛОЖЬ;ИСТИНА;;;;;;;;;;;;;;;;;;;;;;;;;;;;
M;310_2;;;;;;;ЛОЖЬ;ЛОЖЬ;;310;;;;;;;0;;;;1706;ЛОЖЬ;0;;;;;;;;;;;;;;Undefined;491;3428;;;;;;;;;;ЛОЖЬ;;;;;;;;;;;;;;;;;;;;;;;;;;;;;
DO;93PALL826;;COM;;;C9302001BX PRS OIL CKC;No;ИСТИНА;ЛОЖЬ;;538;;;;;;;0;;;;1112;ИСТИНА;37850;None;;;;;;0=TRIP;;;;;;;Undefined;491;3428;;;;;;;;;;ЛОЖЬ;;;;;;;;;;;;;;;;;;Output;EPKS_CCB;ESD_932_1;625;;;;;;;;
M;702_7;;;;;;;ЛОЖЬ;ЛОЖЬ;;702;;;;;;;0;;;;4194;ЛОЖЬ;0;;;;;;;;;;;;;;Undefined;;;;;;;;;;;;ЛОЖЬ;ИСТИНА;;;;;;;;;;;;;;;;;;;;;;;;;;;;
AI;93FI419;;FLD;930-20;A_C93021;H2O TO OIL C-9302001AX;Yes;ИСТИНА;ЛОЖЬ;;244;ИСТИНА;Float;4-20mA;0;10000;kg/h;;;;;116;ЛОЖЬ;38428;;None;None;None;None;;;;;;;;;-XXXXX.X;3.64;22;;20.03;15;13;1;Bottom scale;;;;ЛОЖЬ;ИСТИНА;ЛОЖЬ;;;;;;;;;;;;;;;;Output;EPKS_CCB;ESD_932_1;10320;;;;;;;;
DI;93PI826_MOR;;COM;;;MO REQUEST;No;ИСТИНА;ИСТИНА;;538;;;;;;;0;;;;2913;ЛОЖЬ;37380;None;;;;;;1=REQUEST;;;;;;;Undefined;491;3428;;;;;;Freeze;;;;ЛОЖЬ;;;;ЛОЖЬ;;;;;;;;;;;;;;Input;EPKS_CCB;ESD_932_1;82;;;;;;;;
DO;93TAH879;;COM;;;HI ALARM;No;ЛОЖЬ;ЛОЖЬ;;726;;;;;;;0;;;;3609;ЛОЖЬ;0;None;;;;;;0=ALARM;0=ALARM;;;;;;Undefined;;;;;;;;;;;;ЛОЖЬ;ИСТИНА;;;;;;;;;;;;;;;;;Output;EPKS_CCB;ESD_932_1;1435;;;;;;;;
M;C1033_1_K;;;;;Function block marker;;ЛОЖЬ;ЛОЖЬ;;1033;;;;;;;0;;;;2380;ЛОЖЬ;0;;;;;;;;;;;;;;Undefined;;;;;;;;;;;;ЛОЖЬ;ИСТИНА;;;;;;;;;;;;;;;;;;;;;;;;;;;;
M;535_813_1;;;;;93PAL818_PERM;;ЛОЖЬ;ЛОЖЬ;;813;;;;;;;0;;;;4051;ЛОЖЬ;0;;;;;;;0=ALARM;;;;;;;Undefined;;;;;;;;;;;;ЛОЖЬ;ИСТИНА;;;;;;;;;;;;;;;;;;;;;;;;;;;;
DO;93XSF416_P;;COM;;;SHUTTER 93XV416;No;ИСТИНА;ЛОЖЬ;;322;;;;;;;0;;;;52;ЛОЖЬ;38016;None;;;;;;1=FAIL;;;;;;;Undefined;;;;;;;;;;;;ЛОЖЬ;ИСТИНА;;;;;;;;;;;;;;;;;;;;;;;;;Output;CC_CCB_1;ESD_932_1;80
M;C697_3_F;;;;;Function block marker;;ЛОЖЬ;ЛОЖЬ;;697;;;;;;;0;;;;4329;ЛОЖЬ;0;;;;;;;;;;;;;;Undefined;;;;;;;;;;;;ЛОЖЬ;ИСТИНА;;;;;;;;;;;;;;;;;;;;;;;;;;;;
DO;93HA551A_PA;;COM;930-20;A_93020;STOP BTN 2LCSA1;No;ИСТИНА;ЛОЖЬ;;300;;;;;;;0;;;;521;ЛОЖЬ;37851;None;;;;;;0=ALARM;;;;;;;Undefined;491;3428;;;;;;;;;;ЛОЖЬ;;;;;;;;;;;;;;;;;;Output;EPKS_CCB;ESD_932_1;470;;;;;;;;
DO;93LALL438;;COM;930-20;A_93020;HYD GAS COND  B9302003C;No;ИСТИНА;ЛОЖЬ;;290;;;;;;;0;;;;480;ИСТИНА;37381;None;;;;;;0=TRIP;;;;;;;Undefined;491;3428;;;;;;;;;;ЛОЖЬ;;;;;;;;;;;;;;;;;;Output;EPKS_CCB;ESD_932_1;536;;;;;;;;
BO;93FI854_L;;COM;;;L ALARM SETPOINT;No;ИСТИНА;ЛОЖЬ;;684;;Float;;;;;0;;;;940;;38211;;;;;;;;;0;0;;;;-XXXXX.X;491;3428;;;;;;;;;;ЛОЖЬ;;;;;;;;;;;;;;;;;;Output;EPKS_CCB;ESD_932_1;10298;;;;;;;;
DO;93PALL776_CA;;COM;930-20;A_C93021;CAUSE ALARM;No;ИСТИНА;ЛОЖЬ;;368;;;;;;;0;;;;678;ЛОЖЬ;37852;None;;;;;;0=ALARM;;;;;;;Undefined;491;3428;;;;;;;;;;ЛОЖЬ;;;;;;;;;;;;;;;;;;Output;EPKS_CCB;ESD_932_1;618;;;;;;;;
M;400_1031_2;;;;;93FALL901_I (AFTER OOS);;ЛОЖЬ;ЛОЖЬ;;1031;;;;;;;0;;;;2317;ЛОЖЬ;0;;;;;;;0=TRIP INITIATOR;;;;;;;Undefined;;;;;;;;;;;;ЛОЖЬ;ИСТИНА;;;;;;;;;;;;;;;;;;;;;;;;;;;;
DO;93PALL764_CA;;COM;930-20;A_C93021;CAUSE ALARM;No;ИСТИНА;ЛОЖЬ;;363;;;;;;;0;;;;652;ЛОЖЬ;37853;None;;;;;;0=ALARM;;;;;;;Undefined;491;3428;;;;;;;;;;ЛОЖЬ;;;;;;;;;;;;;;;;;;Output;EPKS_CCB;ESD_932_1;614;;;;;;;;
M;C382_2_G;;;;;Function block marker;;ЛОЖЬ;ЛОЖЬ;;382;;;;;;;0;;;;4572;ЛОЖЬ;0;;;;;;;;;;;;;;Undefined;;;;;;;;;;;;ЛОЖЬ;ИСТИНА;;;;;;;;;;;;;;;;;;;;;;;;;;;;
M;2460_G;;;;;1=CMD_CLOSE;;ЛОЖЬ;ЛОЖЬ;;2460;;;;;;;0;;;;182;ЛОЖЬ;0;;;;;;;;;;;;;;Undefined;491;3428;;;;;;;;;;ЛОЖЬ;;;;;;;;;;;;;;;;;;;;;;;;;;;;;
M;434_436_3;;;;;CAPACITY 75%;;ЛОЖЬ;ЛОЖЬ;;436;;;;;;;0;;;;459;ЛОЖЬ;0;;;;;;;1=ACTIVE;;;;;;;Undefined;491;3428;;;;;;;;;;ЛОЖЬ;;;;;;;;;;;;;;;;;;;;;;;;;;;;;
T;314_6;;;;;;;ЛОЖЬ;ЛОЖЬ;;314;;;;;;;;100 ms;5;;1248;ЛОЖЬ;0;;;;;;;;;;;;;;Undefined;;;Delayed OFF with constant timer value;;;;;;;;;ЛОЖЬ;ИСТИНА;;;;;;;;;;;;;;;;;;;;;;;;;;;;
M;400_1;;;;;;;ЛОЖЬ;ЛОЖЬ;;400;;;;;;;0;;;;881;ЛОЖЬ;0;;;;;;;;;;;;;;Undefined;491;3428;;;;;;;;;;ЛОЖЬ;;;;;;;;;;;;;;;;;;;;;;;;;;;;;
T;370_5;;;;;;;ЛОЖЬ;ЛОЖЬ;;370;;;;;;;;100 ms;5;;120;ЛОЖЬ;0;;;;;;;;;;;;;;Undefined;;;Delayed OFF with constant timer value;;;;;;;;;ЛОЖЬ;ИСТИНА;;;;;;;;;;;;;;;;;;;;;;;;;;;;
M;C2490_1;;;;;Compiler marker (176, 139);;ЛОЖЬ;ЛОЖЬ;;2490;;;;;;;0;;;;1857;ЛОЖЬ;0;;;;;;;;;;;;;;Undefined;491;3428;;;;;;;;;;ЛОЖЬ;;;;;;;;;;;;;;;;;;;;;;;;;;;;;
T;697_4;;;;;;;ЛОЖЬ;ЛОЖЬ;;697;;;;;;;;100 ms;5;;1428;ЛОЖЬ;0;;;;;;;;;;;;;;Undefined;;;Delayed OFF with constant timer value;;;;;;;;;ЛОЖЬ;ИСТИНА;;;;;;;;;;;;;;;;;;;;;;;;;;;;
DO;93TAHH803_FU;;COM;930-20;A_C93021;C9302001BX COOL H2O CYL1;No;ИСТИНА;ЛОЖЬ;;1025;;;;;;;0;;;;2345;ЛОЖЬ;38267;None;;;;;;1=FIRST;;;;;;;Undefined;;;;;;;;;;;;ЛОЖЬ;ИСТИНА;;;;;;;;;;;;;;;;;Output;EPKS_CCB;ESD_932_1;1108;;;;;;;;
T;312_1;;;;;;;ЛОЖЬ;ЛОЖЬ;;312;;;;;;;;100 ms;5;;556;ЛОЖЬ;0;;;;;;;;;;;;;;Undefined;;;Delayed OFF with constant timer value;;;;;;;;;ЛОЖЬ;ИСТИНА;;;;;;;;;;;;;;;;;;;;;;;;;;;;
M;C370_5_E;;;;;Function block marker;;ЛОЖЬ;ЛОЖЬ;;370;;;;;;;0;;;;4598;ЛОЖЬ;0;;;;;;;;;;;;;;Undefined;;;;;;;;;;;;ЛОЖЬ;ИСТИНА;;;;;;;;;;;;;;;;;;;;;;;;;;;;
M;C288_7_F;;;;;Function block marker;;ЛОЖЬ;ЛОЖЬ;;288;;;;;;;0;;;;3825;ЛОЖЬ;0;;;;;;;;;;;;;;Undefined;;;;;;;;;;;;ЛОЖЬ;ИСТИНА;;;;;;;;;;;;;;;;;;;;;;;;;;;;
DO;93XSC424_P;;COM;;;SHUTTER 93XV424;No;ИСТИНА;ЛОЖЬ;;326;;;;;;;0;;;;57;ЛОЖЬ;38018;None;;;;;;1=CLOSE;;;;;;;Undefined;;;;;;;;;;;;ЛОЖЬ;ИСТИНА;;;;;;;;;;;;;;;;;;;;;;;;;Output;CC_CCB_1;ESD_932_1;85
M;544_9;;;;;;;ЛОЖЬ;ЛОЖЬ;;544;;;;;;;0;;;;4113;ЛОЖЬ;0;;;;;;;;;;;;;;Undefined;;;;;;;;;;;;ЛОЖЬ;ИСТИНА;;;;;;;;;;;;;;;;;;;;;;;;;;;;
M;C714_6_E;;;;;Function block marker;;ЛОЖЬ;ЛОЖЬ;;714;;;;;;;0;;;;4270;ЛОЖЬ;0;;;;;;;;;;;;;;Undefined;;;;;;;;;;;;ЛОЖЬ;ИСТИНА;;;;;;;;;;;;;;;;;;;;;;;;;;;;
M;374_160_1;;;;;93TT754;;ЛОЖЬ;ЛОЖЬ;;160;;;;;;;0;;;;1081;ЛОЖЬ;0;;;;;;;1=MO CONFIRMED;;;;;;;Undefined;491;3428;;;;;;;;;;ЛОЖЬ;;;;;;;;;;;;;;;;;;;;;;;;;;;;;
M;374_1009_3;;;;;93TAHH754_I (AFTER OOS);;ЛОЖЬ;ЛОЖЬ;;1009;;;;;;;0;;;;2161;ЛОЖЬ;0;;;;;;;0=TRIP;;;;;;;Undefined;;;;;;;;;;;;ЛОЖЬ;ИСТИНА;;;;;;;;;;;;;;;;;;;;;;;;;;;;
M;1029_5;;;;;;;ЛОЖЬ;ЛОЖЬ;;1029;;;;;;;0;;;;2255;ЛОЖЬ;0;;;;;;;;;;;;;;Undefined;;;;;;;;;;;;ЛОЖЬ;ИСТИНА;;;;;;;;;;;;;;;;;;;;;;;;;;;;
DO;93PI776_MOC;;COM;930-20;A_C93021;MO CONFIRMED;No;ИСТИНА;ЛОЖЬ;;368;;;;;;;0;;;;686;ИСТИНА;37382;None;;;;;;1=CONFIRMED;;;;;;;Undefined;491;3428;;;;;;;;;;ЛОЖЬ;;;;;;;;;;;;;;;;;;Output;EPKS_CCB;ESD_932_1;677;;;;;;;;
M;C528_5_F;;;;;Function block marker;;ЛОЖЬ;ЛОЖЬ;;528;;;;;;;0;;;;4493;ЛОЖЬ;0;;;;;;;;;;;;;;Undefined;;;;;;;;;;;;ЛОЖЬ;ИСТИНА;;;;;;;;;;;;;;;;;;;;;;;;;;;;
M;530_813_3;;;;;93PDAH832_PERM;;ЛОЖЬ;ЛОЖЬ;;813;;;;;;;0;;;;4045;ЛОЖЬ;0;;;;;;;0=ALARM;;;;;;;Undefined;;;;;;;;;;;;ЛОЖЬ;ИСТИНА;;;;;;;;;;;;;;;;;;;;;;;;;;;;
M;C686_4_D;;;;;Function block marker;;ЛОЖЬ;ЛОЖЬ;;686;;;;;;;0;;;;4368;ЛОЖЬ;0;;;;;;;;;;;;;;Undefined;;;;;;;;;;;;ЛОЖЬ;ИСТИНА;;;;;;;;;;;;;;;;;;;;;;;;;;;;
M;382_1;;;;;;;ЛОЖЬ;ЛОЖЬ;;382;;;;;;;0;;;;772;ЛОЖЬ;0;;;;;;;;;;;;;;Undefined;491;3428;;;;;;;;;;ЛОЖЬ;;;;;;;;;;;;;;;;;;;;;;;;;;;;;
M;2470_E;;;;;Signal 4;;ЛОЖЬ;ЛОЖЬ;;2470;;;;;;;0;;;;173;ЛОЖЬ;0;;;;;;;;;;;;;;Undefined;491;3428;;;;;;;;;;ЛОЖЬ;;;;;;;;;;;;;;;;;;;;;;;;;;;;;
M;350_2;;;;;;;ЛОЖЬ;ЛОЖЬ;;350;;;;;;;0;;;;916;ЛОЖЬ;0;;;;;;;;;;;;;;Undefined;491;3428;;;;;;;;;;ЛОЖЬ;;;;;;;;;;;;;;;;;;;;;;;;;;;;;
DO;93XY475_C;;COM;;;AUTO CLOSURE 93XV475;No;ИСТИНА;ЛОЖЬ;;290;;;;;;;0;;;;1883;ИСТИНА;37457;None;;;;;;0=TRIP;;;;;;;Undefined;491;3428;;;;;;;;;;ЛОЖЬ;;;;;;;;;;;;;;;;;;Output;EPKS_CCB;ESD_932_1;1034;;;;;;;;
DO;93TAHH483;;COM;930-20;A_93020;GAS B9302002B C9302001BX;No;ИСТИНА;ЛОЖЬ;;232;;;;;;;0;;;;211;ИСТИНА;37383;None;;;;;;0=TRIP;;;;;;;Undefined;491;3428;;;;;;;;;;ЛОЖЬ;;;;;;;;;;;;;;;;;;Output;EPKS_CCB;ESD_932_1;705;;;;;;;;
M;1047_1049_1;;;;;FIRST OUT SEQUENCE;;ЛОЖЬ;ЛОЖЬ;;1049;;;;;;;0;;;;2502;ЛОЖЬ;0;;;;;;;1=FU ALARM;;;;;;;Undefined;;;;;;;;;;;;ЛОЖЬ;ИСТИНА;;;;;;;;;;;;;;;;;;;;;;;;;;;;
DO;93PI473_MOC;;COM;930-20;A_93020;MO CONFIRMED;No;ИСТИНА;ЛОЖЬ;;238;;;;;;;0;;;;260;ИСТИНА;37384;None;;;;;;1=CONFIRMED;;;;;;;Undefined;491;3428;;;;;;;;;;ЛОЖЬ;;;;;;;;;;;;;;;;;;Output;EPKS_CCB;ESD_932_1;665;;;;;;;;
BO;93PDI829_H;;COM;;;HI ALARM SETPOINT;No;ЛОЖЬ;ЛОЖЬ;;528;;Float;;;;;0;;;;264;;0;;None;None;None;None;;;;;;;;;-XXXXX.X;;;;;;;;;;;;ЛОЖЬ;ИСТИНА;;;;;;;;;;;;;;;;;Output;EPKS_CCB;ESD_932_1;10411;;;;;;;;
M;1013_4;;;;;;;ЛОЖЬ;ЛОЖЬ;;1013;;;;;;;0;;;;3665;ЛОЖЬ;0;;;;;;;;;;;;;;Undefined;;;;;;;;;;;;ЛОЖЬ;ИСТИНА;;;;;;;;;;;;;;;;;;;;;;;;;;;;
M;314_1;;;;;;;ЛОЖЬ;ЛОЖЬ;;314;;;;;;;0;;;;1718;ЛОЖЬ;0;;;;;;;;;;;;;;Undefined;491;3428;;;;;;;;;;ЛОЖЬ;;;;;;;;;;;;;;;;;;;;;;;;;;;;;
M;C382_1_B;;;;;Function block marker;;ЛОЖЬ;ЛОЖЬ;;382;;;;;;;0;;;;2701;ЛОЖЬ;0;;;;;;;;;;;;;;Undefined;491;3428;;;;;;;;;;ЛОЖЬ;;;;;;;;;;;;;;;;;;;;;;;;;;;;;
M;380_8;;;;;;;ЛОЖЬ;ЛОЖЬ;;380;;;;;;;0;;;;3997;ЛОЖЬ;0;;;;;;;;;;;;;;Undefined;;;;;;;;;;;;ЛОЖЬ;ИСТИНА;;;;;;;;;;;;;;;;;;;;;;;;;;;;
BO;IB932_ESD1_HOUR;;COM;;;HOUR;No;ЛОЖЬ;ЛОЖЬ;;19;;Byte;;;;;0;;;;36;;0;;None;None;None;None;;;;;;;;;-XXXXX.X;;;;;;;;;;;;ЛОЖЬ;ИСТИНА;;;;;;;;;;;;;;;;;Output;EPKS_CCB;ESD_932_1;10305;;;;;;;;
DO;93PI764_MOC;;COM;930-20;A_C93021;MO CONFIRMED;No;ИСТИНА;ЛОЖЬ;;362;;;;;;;0;;;;650;ИСТИНА;37385;None;;;;;;1=CONFIRMED;;;;;;;Undefined;491;3428;;;;;;;;;;ЛОЖЬ;;;;;;;;;;;;;;;;;;Output;EPKS_CCB;ESD_932_1;671;;;;;;;;
DO;93VAHH852;;COM;930-20;A_C93021;C9302001CX VIB CRANKCASE;No;ИСТИНА;ЛОЖЬ;;728;;;;;;;0;;;;1349;ИСТИНА;37854;None;;;;;;0=TRIP;;;;;;;Undefined;491;3428;;;;;;;;;;ЛОЖЬ;;;;;;;;;;;;;;;;;;Output;EPKS_CCB;ESD_932_1;867;;;;;;;;
DI;93FI029_MOR;;COM;930-20;A_93020;MO REQUEST;No;ИСТИНА;ИСТИНА;;320;;;;;;;0;;;;2853;ЛОЖЬ;37871;None;;;;;;1=REQUEST;;;;;;;Undefined;491;3428;;;;;;Freeze;;;;ЛОЖЬ;;;;ЛОЖЬ;;;;;;;;;;;;;;Input;EPKS_CCB;ESD_932_1;22;;;;;;;;
M;372_412_2;;;;;93TAHH753_I;;ЛОЖЬ;ЛОЖЬ;;412;;;;;;;0;;;;698;ЛОЖЬ;0;;;;;;;0=TRIP INITIATOR;;;;;;;Undefined;491;3428;;;;;;;;;;ЛОЖЬ;;;;;;;;;;;;;;;;;;;;;;;;;;;;;
M;C699_3_G;;;;;Function block marker;;ЛОЖЬ;ЛОЖЬ;;699;;;;;;;0;;;;4323;ЛОЖЬ;0;;;;;;;;;;;;;;Undefined;;;;;;;;;;;;ЛОЖЬ;ИСТИНА;;;;;;;;;;;;;;;;;;;;;;;;;;;;
M;C402_1;;;;;Compiler marker (288, 72);;ЛОЖЬ;ЛОЖЬ;;402;;;;;;;0;;;;1380;ЛОЖЬ;0;;;;;;;;;;;;;;Undefined;;;;;;;;;;;;ЛОЖЬ;ИСТИНА;;;;;;;;;;;;;;;;;;;;;;;;;;;;
DO;93PALL876_CA;;COM;;;CAUSE ALARM;No;ИСТИНА;ЛОЖЬ;;702;;;;;;;0;;;;1467;ЛОЖЬ;37855;None;;;;;;0=ALARM;;;;;;;Undefined;491;3428;;;;;;;;;;ЛОЖЬ;;;;;;;;;;;;;;;;;;Output;EPKS_CCB;ESD_932_1;634;;;;;;;;
DO;93FI025_MOC;;COM;930-20;A_93020;MO CONFIRMED;No;ИСТИНА;ЛОЖЬ;;318;;;;;;;0;;;;1735;ИСТИНА;37459;None;;;;;;1=CONFIRMED;;;;;;;Undefined;491;3428;;;;;;;;;;ЛОЖЬ;;;;;;;;;;;;;;;;;;Output;EPKS_CCB;ESD_932_1;877;;;;;;;;
DO;93LAHH427_FU;;COM;930-20;A_93020;HYD GAS COND  B9302002B;No;ИСТИНА;ЛОЖЬ;;1033;;;;;;;0;;;;2365;ЛОЖЬ;38287;None;;;;;;1=FIRST;;;;;;;Undefined;;;;;;;;;;;;ЛОЖЬ;ИСТИНА;;;;;;;;;;;;;;;;;Output;EPKS_CCB;ESD_932_1;1128;;;;;;;;
DO;93XY468_C;;COM;;;AUTO OPENING 93XV468;No;ИСТИНА;ЛОЖЬ;;798;;;;;;;0;;;;1902;ИСТИНА;37471;None;;;;;;0=TRIP;;;;;;;Undefined;491;3428;;;;;;;;;;ЛОЖЬ;;;;;;;;;;;;;;;;;;Output;EPKS_CCB;ESD_932_1;1031;;;;;;;;
DO;93PAH870;;COM;;;HI ALARM;No;ЛОЖЬ;ЛОЖЬ;;700;;;;;;;0;;;;3582;ЛОЖЬ;0;None;;;;;;0=ALARM;0=ALARM;;;;;;Undefined;;;;;;;;;;;;ЛОЖЬ;ИСТИНА;;;;;;;;;;;;;;;;;Output;EPKS_CCB;ESD_932_1;1426;;;;;;;;
M;C270_2_G;;;;;Function block marker;;ЛОЖЬ;ЛОЖЬ;;270;;;;;;;0;;;;3852;ЛОЖЬ;0;;;;;;;;;;;;;;Undefined;;;;;;;;;;;;ЛОЖЬ;ИСТИНА;;;;;;;;;;;;;;;;;;;;;;;;;;;;
M;C258_3_E;;;;;Function block marker;;ЛОЖЬ;ЛОЖЬ;;258;;;;;;;0;;;;3620;ЛОЖЬ;0;;;;;;;;;;;;;;Undefined;;;;;;;;;;;;ЛОЖЬ;ИСТИНА;;;;;;;;;;;;;;;;;;;;;;;;;;;;
M;708_172_1;;;;;93TT854;;ЛОЖЬ;ЛОЖЬ;;172;;;;;;;0;;;;432;ЛОЖЬ;0;;;;;;;1=MO CONFIRMED;;;;;;;Undefined;491;3428;;;;;;;;;;ЛОЖЬ;;;;;;;;;;;;;;;;;;;;;;;;;;;;;
M;1318_1317_1;;;930-20;A_93020;COMMON_TF;;ЛОЖЬ;ЛОЖЬ;;1317;;;;;;;0;;;;94;ЛОЖЬ;0;;;;;;;O=ALARM;;;;;;;Undefined;;;;;;;;;;;;ЛОЖЬ;ИСТИНА;;;;;;;;;;;;;;;;;;;;;;;;;;;;
AI;93TI804;;FLD;930-20;A_C93021;C9302001BX TMP PACK CYL1;Yes;ИСТИНА;ЛОЖЬ;;544;ИСТИНА;Float;4-20mA;-50;200;°C;;;;;72;ЛОЖЬ;37929;;None;None;None;None;;;;-112.5;-112.5;;;;-XXXXX.X;3.76;21;;20.03;15;2;1;Bottom scale;;;;ЛОЖЬ;;ЛОЖЬ;;;;;;;;;;;;;;;;Output;EPKS_CCB;ESD_932_1;10142;;;;;;;;
M;C698_5_E;;;;;Function block marker;;ЛОЖЬ;ЛОЖЬ;;698;;;;;;;0;;;;3422;ЛОЖЬ;0;;;;;;;;;;;;;;Undefined;;;;;;;;;;;;ЛОЖЬ;ИСТИНА;;;;;;;;;;;;;;;;;;;;;;;;;;;;
M;C1023_1_L;;;;;Function block marker;;ЛОЖЬ;ЛОЖЬ;;1023;;;;;;;0;;;;2411;ЛОЖЬ;0;;;;;;;;;;;;;;Undefined;;;;;;;;;;;;ЛОЖЬ;ИСТИНА;;;;;;;;;;;;;;;;;;;;;;;;;;;;
DO;93TAH852;;COM;;;HI ALARM;No;ЛОЖЬ;ЛОЖЬ;;706;;;;;;;0;;;;3584;ЛОЖЬ;0;None;;;;;;0=ALARM;0=ALARM;;;;;;Undefined;;;;;;;;;;;;ЛОЖЬ;ИСТИНА;;;;;;;;;;;;;;;;;Output;EPKS_CCB;ESD_932_1;1428;;;;;;;;
M;390_7;;;;;;;ЛОЖЬ;ЛОЖЬ;;390;;;;;;;0;;;;4001;ЛОЖЬ;0;;;;;;;;;;;;;;Undefined;;;;;;;;;;;;ЛОЖЬ;ИСТИНА;;;;;;;;;;;;;;;;;;;;;;;;;;;;
M;378_3;;;;;;;ЛОЖЬ;ЛОЖЬ;;378;;;;;;;0;;;;745;ЛОЖЬ;0;;;;;;;;;;;;;;Undefined;491;3428;;;;;;;;;;ЛОЖЬ;;;;;;;;;;;;;;;;;;;;;;;;;;;;;
DI;93HS857_1;;PNL;930-20;A_C93021;C-9302001CX EM.STOP;Yes;ИСТИНА;ЛОЖЬ;;732;;;;;;;;;;;78;ИСТИНА;37387;None;;;;;;0=TRIP;;;;;;;Undefined;491;3428;;20.03;9;7;1;Low;;;;ЛОЖЬ;;;;ЛОЖЬ;;;;;;;;;;;;;;Output;EPKS_CCB;ESD_932_1;961;;;;;;;;
DI;93XSC424;;FLD;;;SHUTTER 93XV424;No;ИСТИНА;ЛОЖЬ;;326;;;;;;;;;;;71;ЛОЖЬ;37901;None;;;;;;1=CLOSE;;;;;;;Undefined;;;;20.03;9;16;1;Low;;;;ЛОЖЬ;ИСТИНА;;;ЛОЖЬ;;;;;;;;;;;;;;;;;;;;;;;;;
M;364_1005_2;;;;;93PAHH769_I;;ЛОЖЬ;ЛОЖЬ;;1005;;;;;;;0;;;;2154;ЛОЖЬ;0;;;;;;;0=TRIP INITIATOR;;;;;;;Undefined;;;;;;;;;;;;ЛОЖЬ;ИСТИНА;;;;;;;;;;;;;;;;;;;;;;;;;;;;
M;C365_1;;;;;Compiler marker (280, 60);;ЛОЖЬ;ЛОЖЬ;;365;;;;;;;0;;;;4615;ЛОЖЬ;0;;;;;;;;;;;;;;Undefined;;;;;;;;;;;;ЛОЖЬ;ИСТИНА;;;;;;;;;;;;;;;;;;;;;;;;;;;;
AI;93LI854A;;FLD;;;C-9302001CX LEVEL 2ND ST;Yes;ИСТИНА;ЛОЖЬ;;690;ИСТИНА;Float;4-20mA;0;100;%;;;;;924;ЛОЖЬ;38528;;None;None;None;None;;;;;;;;;-XXXXX.X;3.64;22;;20.05;17;11;1;Top scale;;;;ЛОЖЬ;ИСТИНА;ЛОЖЬ;;;;;;;;;;;;;;;;Output;EPKS_CCB;ESD_932_1;10393;;;;;;;;
AI;93LI852A;;FLD;;;C-9302001CX LEVEL 1ST ST;Yes;ИСТИНА;ЛОЖЬ;;688;ИСТИНА;Float;4-20mA;0;100;%;;;;;920;ЛОЖЬ;38527;;None;None;None;None;;;;;;;;;-XXXXX.X;3.64;22;;20.05;17;10;1;Top scale;;;;ЛОЖЬ;ИСТИНА;ЛОЖЬ;;;;;;;;;;;;;;;;Output;EPKS_CCB;ESD_932_1;10392;;;;;;;;
DI;20-ExtComFaultCC5;;SYS;;;Ext com fault Com ch 5;Yes;ЛОЖЬ;;;16;;;;;;;;;;;10;ЛОЖЬ;0;None;;;;;;;;;;;;;Undefined;491;3428;;;;;;;;;;ЛОЖЬ;;;;ЛОЖЬ;;;;;;;;;;;;;;;;;;;;;;;;;
M;1033_5;;;;;;;ЛОЖЬ;ЛОЖЬ;;1033;;;;;;;0;;;;2267;ЛОЖЬ;0;;;;;;;;;;;;;;Undefined;;;;;;;;;;;;ЛОЖЬ;ИСТИНА;;;;;;;;;;;;;;;;;;;;;;;;;;;;
M;C296_3_B;;;;;Function block marker;;ЛОЖЬ;ЛОЖЬ;;296;;;;;;;0;;;;2784;ЛОЖЬ;0;;;;;;;;;;;;;;Undefined;491;3428;;;;;;;;;;ЛОЖЬ;;;;;;;;;;;;;;;;;;;;;;;;;;;;;
DO;93HA551A;;COM;930-20;A_93020;STOP BTN 2LCSA1;No;ИСТИНА;ЛОЖЬ;;300;;;;;;;0;;;;522;ИСТИНА;37856;None;;;;;;0=TRIP;;;;;;;Undefined;491;3428;;;;;;;;;;ЛОЖЬ;;;;;;;;;;;;;;;;;;Output;EPKS_CCB;ESD_932_1;469;;;;;;;;
M;C1009_1_L;;;;;Function block marker;;ЛОЖЬ;ЛОЖЬ;;1009;;;;;;;0;;;;2447;ЛОЖЬ;0;;;;;;;;;;;;;;Undefined;;;;;;;;;;;;ЛОЖЬ;ИСТИНА;;;;;;;;;;;;;;;;;;;;;;;;;;;;
BO;93TI812_HH;;COM;930-20;A_C93021;HH TRIP SETPOINT (°C);No;ИСТИНА;ЛОЖЬ;;552;;Float;;;;;0;;;;752;;38168;;;;;;;;;0;0;;;;-XXXXX.X;491;3428;;;;;;;;;;ЛОЖЬ;;;;;;;;;;;;;;;;;;Output;EPKS_CCB;ESD_932_1;10263;;;;;;;;
M;2490_B;;;;;Reset Signal/1=Reset;;ЛОЖЬ;ЛОЖЬ;;2490;;;;;;;0;;;;153;ЛОЖЬ;0;;;;;;;;;;;;;;Undefined;491;3428;;;;;;;;;;ЛОЖЬ;;;;;;;;;;;;;;;;;;;;;;;;;;;;;
M;C300_2_C;;;;;Function block marker;;ЛОЖЬ;ЛОЖЬ;;300;;;;;;;0;;;;47;ЛОЖЬ;0;;;;;;;;;;;;;;Undefined;;;;;;;;;;;;ЛОЖЬ;ИСТИНА;;;;;;;;;;;;;;;;;;;;;;;;;;;;
BO;93PI819_LL;;COM;;;LL TRIP SETPOINT (kPa-g);No;ИСТИНА;ЛОЖЬ;;535;;Float;;;;;0;;;;584;;38182;;;;;;;;;0;0;;;;-XXXXX.X;491;3428;;;;;;;;;;ЛОЖЬ;;;;;;;;;;;;;;;;;;Output;EPKS_CCB;ESD_932_1;10232;;;;;;;;
T;125_1;;;;;;;ЛОЖЬ;ЛОЖЬ;;125;;;;;;;;1 s;30;;116;ЛОЖЬ;0;;;;;;;;;;;;;;Undefined;491;3428;Delayed OFF with constant timer value;;;;;;;;;ЛОЖЬ;;;;;;;;;;;;;;;;;;;;;;;;;;;;;
T;390_6;;;;;;;ЛОЖЬ;ЛОЖЬ;;390;;;;;;;;100 ms;5;;728;ЛОЖЬ;0;;;;;;;;;;;;;;Undefined;;;Delayed OFF with constant timer value;;;;;;;;;ЛОЖЬ;ИСТИНА;;;;;;;;;;;;;;;;;;;;;;;;;;;;
M;C554_6_F;;;;;Function block marker;;ЛОЖЬ;ЛОЖЬ;;554;;;;;;;0;;;;4409;ЛОЖЬ;0;;;;;;;;;;;;;;Undefined;;;;;;;;;;;;ЛОЖЬ;ИСТИНА;;;;;;;;;;;;;;;;;;;;;;;;;;;;
DO;93TAH857;;COM;;;HI ALARM;No;ЛОЖЬ;ЛОЖЬ;;710;;;;;;;0;;;;4142;ЛОЖЬ;0;None;;;;;;0=ALARM;0=ALARM;;;;;;Undefined;;;;;;;;;;;;ЛОЖЬ;ИСТИНА;;;;;;;;;;;;;;;;;Output;EPKS_CCB;ESD_932_1;1450;;;;;;;;
M;C131_1;;;;;Compiler marker (288, 186);;ЛОЖЬ;ЛОЖЬ;;131;;;;;;;0;;;;2067;ЛОЖЬ;0;;;;;;;;;;;;;;Undefined;491;3428;;;;;;;;;;ЛОЖЬ;;;;;;;;;;;;;;;;;;;;;;;;;;;;;
DO;93LY754_C;;COM;;;C-9302001AX DRAIN 2ND ST;No;ИСТИНА;ЛОЖЬ;;450;;;;;;;0;;;;1885;ИСТИНА;37479;None;;;;;;0=TRIP;;;;;;;Undefined;491;3428;;;;;;;;;;ЛОЖЬ;;;;;;;;;;;;;;;;;;Output;EPKS_CCB;ESD_932_1;981;;;;;;;;
DO;93FI755_TF;;COM;930-20;A_C93021;TRANSM. FAIL;No;ИСТИНА;ЛОЖЬ;;352;;;;;;;0;;;;585;ИСТИНА;37388;None;;;;;;0=FAIL;;;;;;;Undefined;491;3428;;;;;;;;;;ЛОЖЬ;;;;;;;;;;;;;;;;;;Output;EPKS_CCB;ESD_932_1;458;;;;;;;;
M;356_158_1;;;;;93LT753;;ЛОЖЬ;ЛОЖЬ;;158;;;;;;;0;;;;606;ЛОЖЬ;0;;;;;;;1=MO CONFIRMED;;;;;;;Undefined;491;3428;;;;;;;;;;ЛОЖЬ;;;;;;;;;;;;;;;;;;;;;;;;;;;;;
DI;93VSHH852A;;BNS;930-20;A_C93021;C-9302001CX VIBR CRANK;Yes;ИСТИНА;ЛОЖЬ;;728;;;;;;;;;;;42;ИСТИНА;37389;None;;;;;;0=TRIP;;;;;;;Undefined;491;3428;;20.03;5;3;1;Low;;;;ЛОЖЬ;;;;ЛОЖЬ;;;;;;;;;;;;;;Output;EPKS_CCB;ESD_932_1;944;;;;;;;;
M;C272_1_G;;;;;Function block marker;;ЛОЖЬ;ЛОЖЬ;;272;;;;;;;0;;;;3601;ЛОЖЬ;0;;;;;;;;;;;;;;Undefined;;;;;;;;;;;;ЛОЖЬ;ИСТИНА;;;;;;;;;;;;;;;;;;;;;;;;;;;;
BO;93PI883_L;;COM;;;LO ALARM SETPOINT;No;ЛОЖЬ;ЛОЖЬ;;704;;Float;;;;;0;;;;2072;;0;;None;None;None;None;;;;;;;;;-XXXXX.X;;;;;;;;;;;;ЛОЖЬ;ИСТИНА;;;;;;;;;;;;;;;;;Output;EPKS_CCB;ESD_932_1;10435;;;;;;;;
M;1029_3;;;;;;;ЛОЖЬ;ЛОЖЬ;;1029;;;;;;;0;;;;2253;ЛОЖЬ;0;;;;;;;;;;;;;;Undefined;;;;;;;;;;;;ЛОЖЬ;ИСТИНА;;;;;;;;;;;;;;;;;;;;;;;;;;;;
M;230_3;;;;;;;ЛОЖЬ;ЛОЖЬ;;230;;;;;;;0;;;;208;ЛОЖЬ;0;;;;;;;;;;;;;;Undefined;491;3428;;;;;;;;;;ЛОЖЬ;;;;;;;;;;;;;;;;;;;;;;;;;;;;;
M;C390_5_E;;;;;Function block marker;;ЛОЖЬ;ЛОЖЬ;;390;;;;;;;0;;;;4544;ЛОЖЬ;0;;;;;;;;;;;;;;Undefined;;;;;;;;;;;;ЛОЖЬ;ИСТИНА;;;;;;;;;;;;;;;;;;;;;;;;;;;;
DO;93FALL854;;COM;930-20;A_C93021;C9302001CX COOL H2O CYL1;No;ИСТИНА;ЛОЖЬ;;684;;;;;;;0;;;;1277;ИСТИНА;37390;None;;;;;;0=TRIP;;;;;;;Undefined;491;3428;;;;;;;;;;ЛОЖЬ;;;;;;;;;;;;;;;;;;Output;EPKS_CCB;ESD_932_1;437;;;;;;;;
M;C252_6_G;;;;;Function block marker;;ЛОЖЬ;ЛОЖЬ;;252;;;;;;;0;;;;3904;ЛОЖЬ;0;;;;;;;;;;;;;;Undefined;;;;;;;;;;;;ЛОЖЬ;ИСТИНА;;;;;;;;;;;;;;;;;;;;;;;;;;;;
M;C540_6_G;;;;;Function block marker;;ЛОЖЬ;ЛОЖЬ;;540;;;;;;;0;;;;4451;ЛОЖЬ;0;;;;;;;;;;;;;;Undefined;;;;;;;;;;;;ЛОЖЬ;ИСТИНА;;;;;;;;;;;;;;;;;;;;;;;;;;;;
M;448_416_1;;;;;93HS760_P;;ЛОЖЬ;ЛОЖЬ;;416;;;;;;;0;;;;704;ЛОЖЬ;0;;;;;;;1=RESET;;;;;;;Undefined;491;3428;;;;;;;;;;ЛОЖЬ;;;;;;;;;;;;;;;;;;;;;;;;;;;;;
DI;93VSHH802B;;BNS;930-20;A_C93021;C-9302001BX VIBR CRANK;Yes;ИСТИНА;ЛОЖЬ;;564;;;;;;;;;;;57;ИСТИНА;37391;None;;;;;;0=TRIP;;;;;;;Undefined;491;3428;;20.03;7;2;1;Low;;;;ЛОЖЬ;;;;ЛОЖЬ;;;;;;;;;;;;;;Output;EPKS_CCB;ESD_932_1;943;;;;;;;;
M;C1015_1_I;;;;;Function block marker;;ЛОЖЬ;ЛОЖЬ;;1015;;;;;;;0;;;;2426;ЛОЖЬ;0;;;;;;;;;;;;;;Undefined;;;;;;;;;;;;ЛОЖЬ;ИСТИНА;;;;;;;;;;;;;;;;;;;;;;;;;;;;
T;278_2;;;;;;;ЛОЖЬ;ЛОЖЬ;;278;;;;;;;;100 ms;5;;884;ЛОЖЬ;0;;;;;;;;;;;;;;Undefined;;;Delayed OFF with constant timer value;;;;;;;;;ЛОЖЬ;ИСТИНА;;;;;;;;;;;;;;;;;;;;;;;;;;;;
DI;93PI087_MOR;;COM;930-20;A_93020;MO REQUEST;No;ЛОЖЬ;ИСТИНА;;0;;;;;;;0;;;;2862;ЛОЖЬ;0;None;;;;;;1=REQUEST;1=REQUEST;;;;;;Undefined;;;;;;;;Low;;;;ЛОЖЬ;ИСТИНА;;;ЛОЖЬ;View only;;;;;;;;;;;;;Input;EPKS_CCB;ESD_932_1;26;;;;;;;;
M;C236_6_G;;;;;Function block marker;;ЛОЖЬ;ЛОЖЬ;;236;;;;;;;0;;;;3949;ЛОЖЬ;0;;;;;;;;;;;;;;Undefined;;;;;;;;;;;;ЛОЖЬ;ИСТИНА;;;;;;;;;;;;;;;;;;;;;;;;;;;;
DO;93PALL819_FU;;COM;930-20;A_C93021;C9302001BX PRS GAS CYL2;No;ИСТИНА;ЛОЖЬ;;1023;;;;;;;0;;;;2340;ЛОЖЬ;38262;None;;;;;;1=FIRST;;;;;;;Undefined;;;;;;;;;;;;ЛОЖЬ;ИСТИНА;;;;;;;;;;;;;;;;;Output;EPKS_CCB;ESD_932_1;1103;;;;;;;;
M;C538_10_E;;;;;Function block marker;;ЛОЖЬ;ЛОЖЬ;;538;;;;;;;0;;;;338;ЛОЖЬ;0;;;;;;;;;;;;;;Undefined;;;;;;;;;;;;ЛОЖЬ;ИСТИНА;;;;;;;;;;;;;;;;;;;;;;;;;;;;
M;1013_10;;;;;;;ЛОЖЬ;ЛОЖЬ;;1013;;;;;;;0;;;;2130;ЛОЖЬ;0;;;;;;;;;;;;;;Undefined;;;;;;;;;;;;ЛОЖЬ;ИСТИНА;;;;;;;;;;;;;;;;;;;;;;;;;;;;
T;704_1;;;;;;;ЛОЖЬ;ЛОЖЬ;;704;;;;;;;;100 ms;5;;948;ЛОЖЬ;0;;;;;;;;;;;;;;Undefined;;;Delayed OFF with constant timer value;;;;;;;;;ЛОЖЬ;ИСТИНА;;;;;;;;;;;;;;;;;;;;;;;;;;;;
T;712_1;;;930-20;;;;ЛОЖЬ;ЛОЖЬ;;712;;;;;;;;100 ms;5;;536;ЛОЖЬ;0;;;;;;;;;;;;;;Undefined;491;3428;Delayed OFF with constant timer value;;;;;;;;;ЛОЖЬ;;;;;;;;;;;;;;;;;;;;;;;;;;;;;
DO;93LI411_MOC;;COM;930-20;A_93020;MO CONFIRMED;No;ИСТИНА;ЛОЖЬ;;256;;;;;;;0;;;;350;ИСТИНА;37392;None;;;;;;1=CONFIRMED;;;;;;;Undefined;491;3428;;;;;;;;;;ЛОЖЬ;;;;;;;;;;;;;;;;;;Output;EPKS_CCB;ESD_932_1;539;;;;;;;;
DO;93FAL805;;COM;930-20;A_C93021;LO ALARM;No;ЛОЖЬ;ЛОЖЬ;;522;;;;;;;0;;;;4109;ЛОЖЬ;0;None;;;;;;0=ALARM;0=ALARM;;;;;;Undefined;;;;;;;;;;;;ЛОЖЬ;ИСТИНА;;;;;;;;;;;;;;;;;Output;EPKS_CCB;ESD_932_1;1444;;;;;;;;
M;694_3;;;;;;;ЛОЖЬ;ЛОЖЬ;;694;;;;;;;0;;;;1457;ЛОЖЬ;0;;;;;;;;;;;;;;Undefined;491;3428;;;;;;;;;;ЛОЖЬ;;;;;;;;;;;;;;;;;;;;;;;;;;;;;
DO;93XY502;;MCC;930-20;A_P93020;AUTO STOP P-9302001SX;Yes;ИСТИНА;ЛОЖЬ;;296;;;;;;;0;;;;153;ИСТИНА;37393;None;;;;;;0=TRIP;;;;;;;Undefined;491;3428;;20.06;9;2;1;Appl;;;;ЛОЖЬ;;;;;;;;;;;;;;;;;;Output;EPKS_CCB;ESD_932_1;1040;;;;;;;;
M;C368_1_B;;;;;Function block marker;;ЛОЖЬ;ЛОЖЬ;;368;;;;;;;0;;;;2725;ЛОЖЬ;0;;;;;;;;;;;;;;Undefined;491;3428;;;;;;;;;;ЛОЖЬ;;;;;;;;;;;;;;;;;;;;;;;;;;;;;
DI;93LI803_MOR;;COM;930-20;A_C93021;MO REQUEST;No;ИСТИНА;ИСТИНА;;526;;;;;;;0;;;;2883;ЛОЖЬ;37394;None;;;;;;1=REQUEST;;;;;;;Undefined;491;3428;;;;;;Freeze;;;;ЛОЖЬ;;;;ЛОЖЬ;;;;;;;;;;;;;;Input;EPKS_CCB;ESD_932_1;52;;;;;;;;
M;C448_1_C;;;;;Function block marker;;ЛОЖЬ;ЛОЖЬ;;448;;;;;;;0;;;;1863;ЛОЖЬ;0;;;;;;;;;;;;;;Undefined;491;3428;;;;;;;;;;ЛОЖЬ;;;;;;;;;;;;;;;;;;;;;;;;;;;;;
DO;93PAHH764A_P;;COM;930-20;A_C93021;INDICATION LIGHT;No;ИСТИНА;ЛОЖЬ;;362;;;;;;;0;;;;789;ЛОЖЬ;38008;None;;;;;;1=ACTIVE;;;;;;;Undefined;491;3428;;;;;;;;;;ЛОЖЬ;;;;;;;;;;;;;;;;;;;;;;;;;;Output;CC_CCB_1;ESD_932_1;37
M;C1013_1_K;;;;;Function block marker;;ЛОЖЬ;ЛОЖЬ;;1013;;;;;;;0;;;;2434;ЛОЖЬ;0;;;;;;;;;;;;;;Undefined;;;;;;;;;;;;ЛОЖЬ;ИСТИНА;;;;;;;;;;;;;;;;;;;;;;;;;;;;
M;234_1051_2;;;;;93TAHH484_I;;ЛОЖЬ;ЛОЖЬ;;1051;;;;;;;0;;;;2562;ЛОЖЬ;0;;;;;;;0=TRIP INITIATOR;;;;;;;Undefined;;;;;;;;;;;;ЛОЖЬ;ИСТИНА;;;;;;;;;;;;;;;;;;;;;;;;;;;;
M;C706_5_E;;;;;Function block marker;;ЛОЖЬ;ЛОЖЬ;;706;;;;;;;0;;;;4287;ЛОЖЬ;0;;;;;;;;;;;;;;Undefined;;;;;;;;;;;;ЛОЖЬ;ИСТИНА;;;;;;;;;;;;;;;;;;;;;;;;;;;;
M;C534_6_F;;;;;Function block marker;;ЛОЖЬ;ЛОЖЬ;;534;;;;;;;0;;;;4472;ЛОЖЬ;0;;;;;;;;;;;;;;Undefined;;;;;;;;;;;;ЛОЖЬ;ИСТИНА;;;;;;;;;;;;;;;;;;;;;;;;;;;;
DO;93TI862_MOC;;COM;930-20;A_C93021;MO CONFIRMED;No;ИСТИНА;ЛОЖЬ;;716;;;;;;;0;;;;1299;ИСТИНА;37395;None;;;;;;1=CONFIRMED;;;;;;;Undefined;491;3428;;;;;;;;;;ЛОЖЬ;;;;;;;;;;;;;;;;;;Output;EPKS_CCB;ESD_932_1;839;;;;;;;;
M;638_3;;;;;;;ЛОЖЬ;ЛОЖЬ;;638;;;;;;;0;;;;1782;ЛОЖЬ;0;;;;;;;;;;;;;;Undefined;491;3428;;;;;;;;;;ЛОЖЬ;;;;;;;;;;;;;;;;;;;;;;;;;;;;;
M;C386_4_B;;;;;Function block marker;;ЛОЖЬ;ЛОЖЬ;;386;;;;;;;0;;;;4557;ЛОЖЬ;0;;;;;;;;;;;;;;Undefined;;;;;;;;;;;;ЛОЖЬ;ИСТИНА;;;;;;;;;;;;;;;;;;;;;;;;;;;;
M;726_1047_2;;;;;93TAHH937_I;;ЛОЖЬ;ЛОЖЬ;;1047;;;;;;;0;;;;2555;ЛОЖЬ;0;;;;;;;0=TRIP INITIATOR;;;;;;;Undefined;;;;;;;;;;;;ЛОЖЬ;ИСТИНА;;;;;;;;;;;;;;;;;;;;;;;;;;;;
M;C534_5_E;;;;;Function block marker;;ЛОЖЬ;ЛОЖЬ;;534;;;;;;;0;;;;389;ЛОЖЬ;0;;;;;;;;;;;;;;Undefined;;;;;;;;;;;;ЛОЖЬ;ИСТИНА;;;;;;;;;;;;;;;;;;;;;;;;;;;;
M;732_784_1;;;;;93HS857_I STOP;;ЛОЖЬ;ЛОЖЬ;;784;;;;;;;0;;;;1369;ЛОЖЬ;0;;;;;;;0=TRIP;;;;;;;Undefined;491;3428;;;;;;;;;;ЛОЖЬ;;;;;;;;;;;;;;;;;;;;;;;;;;;;;
M;C552_5_E;;;;;Function block marker;;ЛОЖЬ;ЛОЖЬ;;552;;;;;;;0;;;;4412;ЛОЖЬ;0;;;;;;;;;;;;;;Undefined;;;;;;;;;;;;ЛОЖЬ;ИСТИНА;;;;;;;;;;;;;;;;;;;;;;;;;;;;
M;C448_1;;;;;Compiler marker (400, 258);;ЛОЖЬ;ЛОЖЬ;;448;;;;;;;0;;;;2065;ЛОЖЬ;0;;;;;;;;;;;;;;Undefined;491;3428;;;;;;;;;;ЛОЖЬ;;;;;;;;;;;;;;;;;;;;;;;;;;;;;
AI;93PI833;;FLD;;;C9302001BX PURGE GAS SUP;Yes;ИСТИНА;ЛОЖЬ;;540;ИСТИНА;Float;4-20mA;0;1.6;MPa;;;;;700;ЛОЖЬ;38526;;None;None;None;None;;;;;;;;;-XXXXX.X;3.64;22;;20.03;17;6;1;Bottom scale;;;;ЛОЖЬ;ИСТИНА;ЛОЖЬ;;;;;;;;;;;;;;;;Output;EPKS_CCB;ESD_932_1;10350;;;;;;;;
M;C1007_1_I;;;;;Function block marker;;ЛОЖЬ;ЛОЖЬ;;1007;;;;;;;0;;;;2450;ЛОЖЬ;0;;;;;;;;;;;;;;Undefined;;;;;;;;;;;;ЛОЖЬ;ИСТИНА;;;;;;;;;;;;;;;;;;;;;;;;;;;;
M;1011_8;;;;;;;ЛОЖЬ;ЛОЖЬ;;1011;;;;;;;0;;;;2090;ЛОЖЬ;0;;;;;;;;;;;;;;Undefined;;;;;;;;;;;;ЛОЖЬ;ИСТИНА;;;;;;;;;;;;;;;;;;;;;;;;;;;;
DO;93XY427B_C;;COM;930-20;A_93020;AUTO CLOSURE 93XV427;No;ИСТИНА;ЛОЖЬ;;256;;;;;;;0;;;;1400;ИСТИНА;37481;None;;;;;;0=TRIP;;;;;;;Undefined;491;3428;;;;;;;;;;ЛОЖЬ;;;;;;;;;;;;;;;;;;Output;EPKS_CCB;ESD_932_1;1013;;;;;;;;
M;C314_1;;;;;Compiler marker (232, 72);;ЛОЖЬ;ЛОЖЬ;;314;;;;;;;0;;;;4688;ЛОЖЬ;0;;;;;;;;;;;;;;Undefined;;;;;;;;;;;;ЛОЖЬ;ИСТИНА;;;;;;;;;;;;;;;;;;;;;;;;;;;;
DO;93VSHH851_MOC;;COM;930-20;A_C93021;MO CONFIRMED;No;ЛОЖЬ;ЛОЖЬ;;728;;;;;;;0;;;;3689;ИСТИНА;38410;None;;;;;;1=CONFIRMED;1=CONFIRMED;;;;;;Undefined;;;;;;;;;;;;ЛОЖЬ;ИСТИНА;;;;;;;;;;;;;;;;;Output;EPKS_CCB;ESD_932_1;1291;;;;;;;;
M;C520_4_A;;;;;Compiler marker;;ЛОЖЬ;ЛОЖЬ;;520;;;;;;;0;;;;4517;ЛОЖЬ;0;;;;;;;;;;;;;;Undefined;;;;;;;;;;;;ЛОЖЬ;ИСТИНА;;;;;;;;;;;;;;;;;;;;;;;;;;;;
M;C416_1_D;;;;;Function block marker;;ЛОЖЬ;ЛОЖЬ;;416;;;;;;;0;;;;727;ЛОЖЬ;0;;;;;;;;;;;;;;Undefined;491;3428;;;;;;;;;;ЛОЖЬ;;;;;;;;;;;;;;;;;;;;;;;;;;;;;
M;378_1009_2;;;;;93TAHH759_I (AFTER OOS);;ЛОЖЬ;ЛОЖЬ;;1009;;;;;;;0;;;;2163;ЛОЖЬ;0;;;;;;;0=TRIP;;;;;;;Undefined;;;;;;;;;;;;ЛОЖЬ;ИСТИНА;;;;;;;;;;;;;;;;;;;;;;;;;;;;
DO;93PDI832_TF;;COM;;;TRANSM FAULT;No;ЛОЖЬ;ЛОЖЬ;;530;;;;;;;0;;;;476;ИСТИНА;38525;None;;;;;;0=ALARM;0=ALARM;;;;;;Undefined;;;;;;;;;;;;ЛОЖЬ;ИСТИНА;;;;;;;;;;;;;;;;;Output;EPKS_CCB;ESD_932_1;1338;;;;;;;;
R;364_365_4;;;;;93PI768;;ЛОЖЬ;ЛОЖЬ;;365;;Float;;;;;0;;;;2132;ЛОЖЬ;0;;;;;;;;;;;;;;Undefined;;;;;;;;;;;;ЛОЖЬ;ИСТИНА;;;;;;;;;;;;;;;;;;;;;;;;;;;;
M;550_1;;;;;;;ЛОЖЬ;ЛОЖЬ;;550;;;;;;;0;;;;1111;ЛОЖЬ;0;;;;;;;;;;;;;;Undefined;491;3428;;;;;;;;;;ЛОЖЬ;;;;;;;;;;;;;;;;;;;;;;;;;;;;;
AI;93TI763A;;FLD;;;C9302001AX COOL WATER C1;Yes;ИСТИНА;ЛОЖЬ;;382;ИСТИНА;Float;4-20mA;-50;100;°C;;;;;820;ЛОЖЬ;38524;;None;None;None;None;;;;;;;;;-XXXXX.X;3.76;21;;20.05;11;2;1;Top scale;;;;ЛОЖЬ;ИСТИНА;ЛОЖЬ;;;;;;;;;;;;;;;;Output;EPKS_CCB;ESD_932_1;10374;;;;;;;;
BI;20-TempCP2;;SYS;;;Temperature CP 2;Yes;ЛОЖЬ;;;17;;Word;;;;;;;;;10;;0;;;;;;;;;0;0;;;;-XXXXX.X;491;3428;;;;;;;;;;ЛОЖЬ;;;;;;;;;;;;;;;;;;;;;;;;;;;;;
M;C532_5_F;;;;;Function block marker;;ЛОЖЬ;ЛОЖЬ;;532;;;;;;;0;;;;3489;ЛОЖЬ;0;;;;;;;;;;;;;;Undefined;;;;;;;;;;;;ЛОЖЬ;ИСТИНА;;;;;;;;;;;;;;;;;;;;;;;;;;;;
DO;93XSF415_F;;COM;;;SHUTTER 93XV415;No;ИСТИНА;ЛОЖЬ;;322;;;;;;;0;;;;50;ЛОЖЬ;38015;None;;;;;;1=FAIL;;;;;;;Undefined;;;;;;;;;;;;ЛОЖЬ;ИСТИНА;;;;;;;;;;;;;;;;;;;;;;;;;Output;CC_CCB_1;ESD_932_1;78
M;C262_3_E;;;;;Function block marker;;ЛОЖЬ;ЛОЖЬ;;262;;;;;;;0;;;;3614;ЛОЖЬ;0;;;;;;;;;;;;;;Undefined;;;;;;;;;;;;ЛОЖЬ;ИСТИНА;;;;;;;;;;;;;;;;;;;;;;;;;;;;
M;C368_4_G;;;;;Function block marker;;ЛОЖЬ;ЛОЖЬ;;368;;;;;;;0;;;;3547;ЛОЖЬ;0;;;;;;;;;;;;;;Undefined;;;;;;;;;;;;ЛОЖЬ;ИСТИНА;;;;;;;;;;;;;;;;;;;;;;;;;;;;
M;1051_6;;;;;;;ЛОЖЬ;ЛОЖЬ;;1051;;;;;;;0;;;;2522;ЛОЖЬ;0;;;;;;;;;;;;;;Undefined;;;;;;;;;;;;ЛОЖЬ;ИСТИНА;;;;;;;;;;;;;;;;;;;;;;;;;;;;
DO;93TI482_MOC;;COM;930-20;A_93020;MO CONFIRMED;No;ИСТИНА;ЛОЖЬ;;230;;;;;;;0;;;;199;ИСТИНА;37396;None;;;;;;1=CONFIRMED;;;;;;;Undefined;491;3428;;;;;;;;;;ЛОЖЬ;;;;;;;;;;;;;;;;;;Output;EPKS_CCB;ESD_932_1;783;;;;;;;;
M;252_8;;;;;;;ЛОЖЬ;ЛОЖЬ;;252;;;;;;;0;;;;3785;ЛОЖЬ;0;;;;;;;;;;;;;;Undefined;;;;;;;;;;;;ЛОЖЬ;ИСТИНА;;;;;;;;;;;;;;;;;;;;;;;;;;;;
AI;93PI927A;;FLD;;;C-9302001 COOL WATER SUP;Yes;ИСТИНА;ЛОЖЬ;;402;ИСТИНА;Float;4-20mA;0;600;kPa;;;;;908;ЛОЖЬ;38523;;None;None;None;None;;;;;;;;;-XXXXX.X;3.64;22;;20.05;17;7;1;Bottom scale;;;;ЛОЖЬ;ИСТИНА;ЛОЖЬ;;;;;;;;;;;;;;;;Output;EPKS_CCB;ESD_932_1;10389;;;;;;;;
M;640_644_1;;;;;CYCLE 1;;ЛОЖЬ;ЛОЖЬ;;644;;;;;;;0;;;;536;ЛОЖЬ;0;;;;;;;1=ACTIVE;;;;;;;Undefined;491;3428;;;;;;;;;;ЛОЖЬ;;;;;;;;;;;;;;;;;;;;;;;;;;;;;
T;542_6;;;;;;;ЛОЖЬ;ЛОЖЬ;;542;;;;;;;;100 ms;5;;1328;ЛОЖЬ;0;;;;;;;;;;;;;;Undefined;;;Delayed OFF with constant timer value;;;;;;;;;ЛОЖЬ;ИСТИНА;;;;;;;;;;;;;;;;;;;;;;;;;;;;
M;536_164_1;;;;;93PT821;;ЛОЖЬ;ЛОЖЬ;;164;;;;;;;0;;;;1014;ЛОЖЬ;0;;;;;;;1=MO CONFIRMED;;;;;;;Undefined;491;3428;;;;;;;;;;ЛОЖЬ;;;;;;;;;;;;;;;;;;;;;;;;;;;;;
M;1049_7;;;;;;;ЛОЖЬ;ЛОЖЬ;;1049;;;;;;;0;;;;3696;ЛОЖЬ;0;;;;;;;;;;;;;;Undefined;;;;;;;;;;;;ЛОЖЬ;ИСТИНА;;;;;;;;;;;;;;;;;;;;;;;;;;;;
M;C238_1_B;;;;;Function block marker;;ЛОЖЬ;ЛОЖЬ;;238;;;;;;;0;;;;2806;ЛОЖЬ;0;;;;;;;;;;;;;;Undefined;491;3428;;;;;;;;;;ЛОЖЬ;;;;;;;;;;;;;;;;;;;;;;;;;;;;;
M;718_1047_3;;;;;93TAHH867_I (AFTER OOS);;ЛОЖЬ;ЛОЖЬ;;1047;;;;;;;0;;;;2551;ЛОЖЬ;0;;;;;;;0=TRIP;;;;;;;Undefined;;;;;;;;;;;;ЛОЖЬ;ИСТИНА;;;;;;;;;;;;;;;;;;;;;;;;;;;;
R;2420_C;;;;;Signal 2;;ЛОЖЬ;ЛОЖЬ;;2420;;Float;;;;;0;;;;168;ЛОЖЬ;0;;;;;;;;;;;;;;Undefined;491;3428;;;;;;;;;;ЛОЖЬ;;;;;;;;;;;;;;;;;;;;;;;;;;;;;
DO;93TI860_TF;;COM;;;TRANSM FAULT;No;ЛОЖЬ;ЛОЖЬ;;714;;;;;;;0;;;;1012;ИСТИНА;38522;None;;;;;;0=ALARM;0=ALARM;;;;;;Undefined;;;;;;;;;;;;ЛОЖЬ;ИСТИНА;;;;;;;;;;;;;;;;;Output;EPKS_CCB;ESD_932_1;1358;;;;;;;;
M;566_1033_2;;;;;93ZALL804_I;;ЛОЖЬ;ЛОЖЬ;;1033;;;;;;;0;;;;2321;ЛОЖЬ;0;;;;;;;0=TRIP INITIATOR;;;;;;;Undefined;;;;;;;;;;;;ЛОЖЬ;ИСТИНА;;;;;;;;;;;;;;;;;;;;;;;;;;;;
M;543_813_1;;;;;93TAL802_PERM;;ЛОЖЬ;ЛОЖЬ;;813;;;;;;;0;;;;4072;ЛОЖЬ;0;;;;;;;0=ALARM;;;;;;;Undefined;;;;;;;;;;;;ЛОЖЬ;ИСТИНА;;;;;;;;;;;;;;;;;;;;;;;;;;;;
DO;93PAHH868_CA;;COM;;;CAUSE ALARM;No;ЛОЖЬ;ЛОЖЬ;;698;;;;;;;0;;;;3363;ЛОЖЬ;0;None;;;;;;0=ALARM;0=ALARM;;;;;;Undefined;;;;;;;;;;;;ЛОЖЬ;ИСТИНА;;;;;;;;;;;;;;;;;Output;EPKS_CCB;ESD_932_1;1257;;;;;;;;
DI;93HS770B;;LCP;;;C-9302001 EMERGENCY STOP;Yes;ИСТИНА;ЛОЖЬ;;430;;;;;;;;;;;28;ИСТИНА;38521;None;;;;;;0=STOP;0=STOP;;;;;;Undefined;;;;20.03;3;5;1;Low;;;;ЛОЖЬ;ИСТИНА;;;ЛОЖЬ;View only;;;;;;;;;;;;;Output;EPKS_CCB;ESD_932_1;1455;;;;;;;;
M;362_158_1;;;;;93PT764;;ЛОЖЬ;ЛОЖЬ;;158;;;;;;;0;;;;636;ЛОЖЬ;0;;;;;;;1=MO CONFIRMED;;;;;;;Undefined;491;3428;;;;;;;;;;ЛОЖЬ;;;;;;;;;;;;;;;;;;;;;;;;;;;;;
M;728_786_1;;;;;93VAHH852_I;;ЛОЖЬ;ЛОЖЬ;;786;;;;;;;0;;;;1354;ЛОЖЬ;0;;;;;;;0=TRIP INITIATOR;;;;;;;Undefined;491;3428;;;;;;;;;;ЛОЖЬ;;;;;;;;;;;;;;;;;;;;;;;;;;;;;
DO;93XA770B;;COM;930-20;A_C93021;C9302001BX CW CON TRIP;No;ИСТИНА;ЛОЖЬ;;638;;;;;;;0;;;;1255;ИСТИНА;37859;None;;;;;;0=TRIP;;;;;;;Undefined;491;3428;;;;;;;;;;ЛОЖЬ;;;;;;;;;;;;;;;;;;Output;EPKS_CCB;ESD_932_1;874;;;;;;;;
AI;93FI025;;FLD;930-20;A_93020;HYDROGEN-CONTAINING GAS;Yes;ИСТИНА;ЛОЖЬ;;318;ИСТИНА;Float;4-20mA;0;160;kg/h;;;;;184;ЛОЖЬ;37798;;None;None;None;None;;;;-40;-40;;;;-XXXXX.X;3.64;22;;20.04;1;13;1;Bottom scale;;;;ЛОЖЬ;;ЛОЖЬ;;;;;;;;;;;;;;;;Output;EPKS_CCB;ESD_932_1;10068;;;;;;;;
DO;93XY817_818_ESD;;COM;;;C9302001BX  VALVE UNLOAD;No;ЛОЖЬ;ЛОЖЬ;;650;;;;;;;0;;;;45;ЛОЖЬ;0;None;;;;;;0=TRIP;0=TRIP;;;;;;Undefined;;;;;;;;;;;;ЛОЖЬ;ИСТИНА;;;;;;;;;;;;;;;;;Output;EPKS_CCB;ESD_932_1;1467;;;;;;;;
M;C692_5_F;;;;;Function block marker;;ЛОЖЬ;ЛОЖЬ;;692;;;;;;;0;;;;4347;ЛОЖЬ;0;;;;;;;;;;;;;;Undefined;;;;;;;;;;;;ЛОЖЬ;ИСТИНА;;;;;;;;;;;;;;;;;;;;;;;;;;;;
M;C270_1_B;;;;;Function block marker;;ЛОЖЬ;ЛОЖЬ;;270;;;;;;;0;;;;579;ЛОЖЬ;0;;;;;;;;;;;;;;Undefined;491;3428;;;;;;;;;;ЛОЖЬ;;;;;;;;;;;;;;;;;;;;;;;;;;;;;
M;434_436_4;;;;;CAPACITY 100%;;ЛОЖЬ;ЛОЖЬ;;436;;;;;;;0;;;;469;ЛОЖЬ;0;;;;;;;1=ACTIVE;;;;;;;Undefined;491;3428;;;;;;;;;;ЛОЖЬ;;;;;;;;;;;;;;;;;;;;;;;;;;;;;
M;534_628_2;;;;;93PAHH819_I;;ЛОЖЬ;ЛОЖЬ;;628;;;;;;;0;;;;847;ЛОЖЬ;0;;;;;;;0=TRIP INITIATOR;;;;;;;Undefined;491;3428;;;;;;;;;;ЛОЖЬ;;;;;;;;;;;;;;;;;;;;;;;;;;;;;
DO;93PAHH870_CA;;COM;;;CAUSE ALARM;No;ЛОЖЬ;ЛОЖЬ;;700;;;;;;;0;;;;3360;ЛОЖЬ;0;None;;;;;;0=ALARM;0=ALARM;;;;;;Undefined;;;;;;;;;;;;ЛОЖЬ;ИСТИНА;;;;;;;;;;;;;;;;;Output;EPKS_CCB;ESD_932_1;1259;;;;;;;;
M;174_0_1;;;;;;;ЛОЖЬ;ЛОЖЬ;;174;;;;;;;0;;;;3638;ЛОЖЬ;0;;;;;;;;;;;;;;Undefined;;;;;;;;;;;;ЛОЖЬ;ИСТИНА;;;;;;;;;;;;;;;;;;;;;;;;;;;;
M;C274_1_B;;;;;Function block marker;;ЛОЖЬ;ЛОЖЬ;;274;;;;;;;0;;;;562;ЛОЖЬ;0;;;;;;;;;;;;;;Undefined;491;3428;;;;;;;;;;ЛОЖЬ;;;;;;;;;;;;;;;;;;;;;;;;;;;;;
DI;20-InputLoopFault;;SYS;;;Input loop fault;Yes;ЛОЖЬ;;;17;;;;;;;;;;;22;ЛОЖЬ;0;None;;;;;;;;;;;;;Undefined;491;3428;;;;;;;;;;ЛОЖЬ;;;;ЛОЖЬ;;;;;;;;;;;;;;;;;;;;;;;;;
BO;93LI413_LL;;COM;930-20;A_93020;LL TRIP SETPOINT (%);No;ИСТИНА;ЛОЖЬ;;258;;Float;;;;;0;;;;412;;38186;;;;;;;;;0;0;;;;-XXXXX.X;491;3428;;;;;;;;;;ЛОЖЬ;;;;;;;;;;;;;;;;;;Output;EPKS_CCB;ESD_932_1;10189;;;;;;;;
AI;93TI767;;FLD;930-20;A_C93021;C9302001AX PROC GAS CYL2;Yes;ИСТИНА;ЛОЖЬ;;384;ИСТИНА;Float;4-20mA;-50;200;°C;;;;;24;ЛОЖЬ;37954;;None;None;None;None;;;;-112.5;-112.5;;;;-XXXXX.X;3.76;21;;20.03;13;7;1;Bottom scale;;;;ЛОЖЬ;;ЛОЖЬ;;;;;;;;;;;;;;;;Output;EPKS_CCB;ESD_932_1;10138;;;;;;;;
M;C1013_2_M;;;;;Function block marker;;ЛОЖЬ;ЛОЖЬ;;1013;;;;;;;0;;;;3720;ЛОЖЬ;0;;;;;;;;;;;;;;Undefined;;;;;;;;;;;;ЛОЖЬ;ИСТИНА;;;;;;;;;;;;;;;;;;;;;;;;;;;;
DO;93HS705_MOD;;COM;930-20;A_C93021;MOS EN AREA C9302001BX;No;ИСТИНА;ЛОЖЬ;;123;;;;;;;0;;;;1583;ЛОЖЬ;37919;None;;;;;;1=NOT ENABLE;;;;;;;Undefined;491;3428;;;;;;;;;;ЛОЖЬ;;;;;;;;;;;;;;;;;;Output;EPKS_CCB;ESD_932_1;487;;;;;;;;
DI;93HS158;;COM;;;FUEL GAS Override;No;ИСТИНА;ИСТИНА;;312;;;;;;;0;;;;2836;ЛОЖЬ;37447;None;;;;;;1=REQUEST;;;;;;;Undefined;;;;;;;;Freeze;;;;ЛОЖЬ;ИСТИНА;;;ЛОЖЬ;;;;;;;;;;;;;;Input;EPKS_CCB;ESD_932_1;5;;;;;;;;
M;C318_5_G;;;;;Function block marker;;ЛОЖЬ;ЛОЖЬ;;318;;;;;;;0;;;;4675;ЛОЖЬ;0;;;;;;;;;;;;;;Undefined;;;;;;;;;;;;ЛОЖЬ;ИСТИНА;;;;;;;;;;;;;;;;;;;;;;;;;;;;
M;448_1017_3;;;;;93HS760_P;;ЛОЖЬ;ЛОЖЬ;;1017;;;;;;;0;;;;2020;ЛОЖЬ;0;;;;;;;1=RESET;;;;;;;Undefined;;;;;;;;;;;;ЛОЖЬ;ИСТИНА;;;;;;;;;;;;;;;;;;;;;;;;;;;;
DI;93FI426_MOR;;COM;930-20;A_C93021;MO REQUEST;No;ИСТИНА;ИСТИНА;;250;;;;;;;0;;;;2841;ЛОЖЬ;37399;None;;;;;;1=REQUEST;;;;;;;Undefined;491;3428;;;;;;Freeze;;;;ЛОЖЬ;;;;ЛОЖЬ;;;;;;;;;;;;;;Input;EPKS_CCB;ESD_932_1;10;;;;;;;;
DO;93LAHH801;;COM;930-20;A_C93021;C9302001BX LEV SEP 1ST;No;ИСТИНА;ЛОЖЬ;;524;;;;;;;0;;;;969;ИСТИНА;37400;None;;;;;;0=TRIP;;;;;;;Undefined;491;3428;;;;;;;;;;ЛОЖЬ;;;;;;;;;;;;;;;;;;Output;EPKS_CCB;ESD_932_1;492;;;;;;;;
DI;93TI862_MOR;;COM;930-20;A_C93021;MO REQUEST;No;ИСТИНА;ИСТИНА;;716;;;;;;;0;;;;2961;ЛОЖЬ;37401;None;;;;;;1=REQUEST;;;;;;;Undefined;491;3428;;;;;;Freeze;;;;ЛОЖЬ;;;;ЛОЖЬ;;;;;;;;;;;;;;Input;EPKS_CCB;ESD_932_1;130;;;;;;;;
DO;93PAHH769;;COM;930-20;A_C93021;C9302001AX PRS GAS CYL2;No;ИСТИНА;ЛОЖЬ;;364;;;;;;;0;;;;656;ИСТИНА;37402;None;;;;;;0=TRIP;;;;;;;Undefined;491;3428;;;;;;;;;;ЛОЖЬ;;;;;;;;;;;;;;;;;;Output;EPKS_CCB;ESD_932_1;579;;;;;;;;
BO;93PDI779_H;;COM;;;HI ALARM SETPOINT;No;ЛОЖЬ;ЛОЖЬ;;358;;Float;;;;;0;;;;56;;0;;None;None;None;None;;;;;;;;;-XXXXX.X;;;;;;;;;;;;ЛОЖЬ;ИСТИНА;;;;;;;;;;;;;;;;;Output;EPKS_CCB;ESD_932_1;10394;;;;;;;;
DO;93PILL783_CA;;COM;;;CAUSE ALARM;No;ЛОЖЬ;ЛОЖЬ;;370;;;;;;;0;;;;3300;ЛОЖЬ;0;None;;;;;;0=ALARM;0=ALARM;;;;;;Undefined;;;;;;;;;;;;ЛОЖЬ;ИСТИНА;;;;;;;;;;;;;;;;;Output;EPKS_CCB;ESD_932_1;1197;;;;;;;;
M;1033_1035_1;;;;;FIRST OUT SEQUENCE;;ЛОЖЬ;ЛОЖЬ;;1035;;;;;;;0;;;;2282;ЛОЖЬ;0;;;;;;;1=FU ALARM;;;;;;;Undefined;;;;;;;;;;;;ЛОЖЬ;ИСТИНА;;;;;;;;;;;;;;;;;;;;;;;;;;;;
DO;93PALL864;;COM;;;C9302001CX PRS GAS CYL1;No;ИСТИНА;ЛОЖЬ;;697;;;;;;;0;;;;1432;ИСТИНА;37860;None;;;;;;0=TRIP;;;;;;;Undefined;491;3428;;;;;;;;;;ЛОЖЬ;;;;;;;;;;;;;;;;;;Output;EPKS_CCB;ESD_932_1;629;;;;;;;;
AI;VM 20.04/5/17;;SYS;;;;Yes;ЛОЖЬ;;;0;ИСТИНА;Float;0-5V (VM);0;100;;;;;;336;ЛОЖЬ;0;;None;None;None;None;;;;;;;;;-XXXXX.X;2.5;3.9;;20.04;5;17;1;Scan;;;;ЛОЖЬ;;;;;;;;;;;;;;;;;;;;;;;;;;;;;
M;C320_5_F;;;;;Function block marker;;ЛОЖЬ;ЛОЖЬ;;320;;;;;;;0;;;;4666;ЛОЖЬ;0;;;;;;;;;;;;;;Undefined;;;;;;;;;;;;ЛОЖЬ;ИСТИНА;;;;;;;;;;;;;;;;;;;;;;;;;;;;
DO;93PI926_TF;;COM;930-20;A_C93021;TRANSM. FAIL;No;ИСТИНА;ЛОЖЬ;;402;;;;;;;0;;;;880;ИСТИНА;37403;None;;;;;;0=FAIL;;;;;;;Undefined;491;3428;;;;;;;;;;ЛОЖЬ;;;;;;;;;;;;;;;;;;Output;EPKS_CCB;ESD_932_1;702;;;;;;;;
M;550_166_1;;;;;93TT811;;ЛОЖЬ;ЛОЖЬ;;166;;;;;;;0;;;;1428;ЛОЖЬ;0;;;;;;;1=MO CONFIRMED;;;;;;;Undefined;491;3428;;;;;;;;;;ЛОЖЬ;;;;;;;;;;;;;;;;;;;;;;;;;;;;;
M;318_3;;;;;;;ЛОЖЬ;ЛОЖЬ;;318;;;;;;;0;;;;1734;ЛОЖЬ;0;;;;;;;;;;;;;;Undefined;491;3428;;;;;;;;;;ЛОЖЬ;;;;;;;;;;;;;;;;;;;;;;;;;;;;;
M;310_1;;;;;;;ЛОЖЬ;ЛОЖЬ;;310;;;;;;;0;;;;1705;ЛОЖЬ;0;;;;;;;;;;;;;;Undefined;491;3428;;;;;;;;;;ЛОЖЬ;;;;;;;;;;;;;;;;;;;;;;;;;;;;;
DO;93TI784_TF;;COM;930-20;A_C93021;TRANSM. FAIL;No;ИСТИНА;ЛОЖЬ;;388;;;;;;;0;;;;815;ИСТИНА;37404;None;;;;;;0=FAIL;;;;;;;Undefined;491;3428;;;;;;;;;;ЛОЖЬ;;;;;;;;;;;;;;;;;;Output;EPKS_CCB;ESD_932_1;806;;;;;;;;
DO;93LY752;;FLD;930-20;A_C93021;C-9302001AX DRAIN 1ST ST;Yes;ИСТИНА;ЛОЖЬ;;450;;;;;;;0;;;;0;ЛОЖЬ;37405;None;;;;;;1=OPEN;;;;;;;Undefined;491;3428;;20.04;15;1;1;Appl;;;;ЛОЖЬ;;;;;;;;;;;;;;;;;;;;;;;;;;;;;
BO;93LI434_LL;;COM;930-20;A_93020;LL TRIP SETPOINT (%);No;ИСТИНА;ЛОЖЬ;;284;;Float;;;;;0;;;;736;;38189;;;;;;;;;0;0;;;;-XXXXX.X;491;3428;;;;;;;;;;ЛОЖЬ;;;;;;;;;;;;;;;;;;Output;EPKS_CCB;ESD_932_1;10201;;;;;;;;
M;242_2;;;;;;;ЛОЖЬ;ЛОЖЬ;;242;;;;;;;0;;;;278;ЛОЖЬ;0;;;;;;;;;;;;;;Undefined;491;3428;;;;;;;;;;ЛОЖЬ;;;;;;;;;;;;;;;;;;;;;;;;;;;;;
T;246_6;;;;;;;ЛОЖЬ;ЛОЖЬ;;246;;;;;;;;100 ms;5;;1068;ЛОЖЬ;0;;;;;;;;;;;;;;Undefined;;;Delayed OFF with constant timer value;;;;;;;;;ЛОЖЬ;ИСТИНА;;;;;;;;;;;;;;;;;;;;;;;;;;;;
M;C558_6_F;;;;;Function block marker;;ЛОЖЬ;ЛОЖЬ;;558;;;;;;;0;;;;4395;ЛОЖЬ;0;;;;;;;;;;;;;;Undefined;;;;;;;;;;;;ЛОЖЬ;ИСТИНА;;;;;;;;;;;;;;;;;;;;;;;;;;;;
M;C232_8_C;;;;;Function block marker;;ЛОЖЬ;ЛОЖЬ;;232;;;;;;;0;;;;3971;ЛОЖЬ;0;;;;;;;;;;;;;;Undefined;;;;;;;;;;;;ЛОЖЬ;ИСТИНА;;;;;;;;;;;;;;;;;;;;;;;;;;;;
M;798_1053_3;;;;;93HS860_P;;ЛОЖЬ;ЛОЖЬ;;1053;;;;;;;0;;;;2535;ЛОЖЬ;0;;;;;;;1=RESET;;;;;;;Undefined;;;;;;;;;;;;ЛОЖЬ;ИСТИНА;;;;;;;;;;;;;;;;;;;;;;;;;;;;
M;2499_A;;;;;TRIP 1;;ЛОЖЬ;ЛОЖЬ;;2499;;;;;;;0;;;;164;ЛОЖЬ;0;;;;;;;;;;;;;;Undefined;491;3428;;;;;;;;;;ЛОЖЬ;;;;;;;;;;;;;;;;;;;;;;;;;;;;;
BO;93FI424_LL;;COM;930-20;A_C93021;LL TRIP SETPOINT (kg/h);No;ИСТИНА;ЛОЖЬ;;248;;Float;;;;;0;;;;436;;38209;;;;;;;;;0;0;;;;-XXXXX.X;491;3428;;;;;;;;;;ЛОЖЬ;;;;;;;;;;;;;;;;;;Output;EPKS_CCB;ESD_932_1;10177;;;;;;;;
BO;93FI755_L;;COM;;;L ALARM SETPOINT;No;ИСТИНА;ЛОЖЬ;;352;;Float;;;;;0;;;;900;;38154;;;;;;;;;0;0;;;;-XXXXX.X;491;3428;;;;;;;;;;ЛОЖЬ;;;;;;;;;;;;;;;;;;Output;EPKS_CCB;ESD_932_1;10291;;;;;;;;
M;C270_2_F;;;;;Function block marker;;ЛОЖЬ;ЛОЖЬ;;270;;;;;;;0;;;;3851;ЛОЖЬ;0;;;;;;;;;;;;;;Undefined;;;;;;;;;;;;ЛОЖЬ;ИСТИНА;;;;;;;;;;;;;;;;;;;;;;;;;;;;
T;388_5;;;;;;;ЛОЖЬ;ЛОЖЬ;;388;;;;;;;;100 ms;5;;740;ЛОЖЬ;0;;;;;;;;;;;;;;Undefined;;;Delayed OFF with constant timer value;;;;;;;;;ЛОЖЬ;ИСТИНА;;;;;;;;;;;;;;;;;;;;;;;;;;;;
DO;93ZSLL754_MOC;;COM;930-20;A_C93021;MO CONFIRMED;No;ИСТИНА;ЛОЖЬ;;396;;;;;;;0;;;;863;ИСТИНА;37406;None;;;;;;1=CONFIRMED;;;;;;;Undefined;491;3428;;;;;;;;;;ЛОЖЬ;;;;;;;;;;;;;;;;;;Output;EPKS_CCB;ESD_932_1;902;;;;;;;;
M;366_7;;;;;;;ЛОЖЬ;ЛОЖЬ;;366;;;;;;;0;;;;3980;ЛОЖЬ;0;;;;;;;;;;;;;;Undefined;;;;;;;;;;;;ЛОЖЬ;ИСТИНА;;;;;;;;;;;;;;;;;;;;;;;;;;;;
DO;93XA770B_P;;COM;930-20;A_C93021;CW SYS CON LAMP LP;No;ИСТИНА;ЛОЖЬ;;638;;;;;;;0;;;;369;ЛОЖЬ;38035;None;;;;;;1=ACTIVE;;;;;;;Undefined;491;3428;;;;;;;;;;ЛОЖЬ;;;;;;;;;;;;;;Output;CC_CCB_2;ESD_932_1;56;;;;;;;;;;;;
M;648_1027_1;;;;;93HS810_P;;ЛОЖЬ;ЛОЖЬ;;1027;;;;;;;0;;;;2286;ЛОЖЬ;0;;;;;;;1=RESET;;;;;;;Undefined;;;;;;;;;;;;ЛОЖЬ;ИСТИНА;;;;;;;;;;;;;;;;;;;;;;;;;;;;
M;264_9;;;;;;;ЛОЖЬ;ЛОЖЬ;;264;;;;;;;0;;;;3798;ЛОЖЬ;0;;;;;;;;;;;;;;Undefined;;;;;;;;;;;;ЛОЖЬ;ИСТИНА;;;;;;;;;;;;;;;;;;;;;;;;;;;;
M;722_8;;;;;;;ЛОЖЬ;ЛОЖЬ;;722;;;;;;;0;;;;4191;ЛОЖЬ;0;;;;;;;;;;;;;;Undefined;;;;;;;;;;;;ЛОЖЬ;ИСТИНА;;;;;;;;;;;;;;;;;;;;;;;;;;;;
M;C724_6_F;;;;;Function block marker;;ЛОЖЬ;ЛОЖЬ;;724;;;;;;;0;;;;4236;ЛОЖЬ;0;;;;;;;;;;;;;;Undefined;;;;;;;;;;;;ЛОЖЬ;ИСТИНА;;;;;;;;;;;;;;;;;;;;;;;;;;;;
M;C123_2;;;;;Compiler marker (352, 66);;ЛОЖЬ;ЛОЖЬ;;123;;;;;;;0;;;;2074;ЛОЖЬ;0;;;;;;;;;;;;;;Undefined;491;3428;;;;;;;;;;ЛОЖЬ;;;;;;;;;;;;;;;;;;;;;;;;;;;;;
DO;93TAHH835_CA;;COM;;;CAUSE ALARM;No;ЛОЖЬ;ЛОЖЬ;;558;;;;;;;0;;;;3339;ЛОЖЬ;0;None;;;;;;0=ALARM;0=ALARM;;;;;;Undefined;;;;;;;;;;;;ЛОЖЬ;ИСТИНА;;;;;;;;;;;;;;;;;Output;EPKS_CCB;ESD_932_1;1234;;;;;;;;
DO;93TAHH857_FU;;COM;930-20;A_C93021;C9302001CX TMP PACK CYL2;No;ИСТИНА;ЛОЖЬ;;1045;;;;;;;0;;;;2593;ЛОЖЬ;38315;None;;;;;;1=FIRST;;;;;;;Undefined;;;;;;;;;;;;ЛОЖЬ;ИСТИНА;;;;;;;;;;;;;;;;;Output;EPKS_CCB;ESD_932_1;1156;;;;;;;;
M;538_1025_3;;;;;93PALL826_I (AFTER OOS);;ЛОЖЬ;ЛОЖЬ;;1025;;;;;;;0;;;;285;ЛОЖЬ;0;;;;;;;0=TRIP;;;;;;;Undefined;;;;;;;;;;;;ЛОЖЬ;ИСТИНА;;;;;;;;;;;;;;;;;;;;;;;;;;;;
M;C246_5_B;;;;;Function block marker;;ЛОЖЬ;ЛОЖЬ;;246;;;;;;;0;;;;3928;ЛОЖЬ;0;;;;;;;;;;;;;;Undefined;;;;;;;;;;;;ЛОЖЬ;ИСТИНА;;;;;;;;;;;;;;;;;;;;;;;;;;;;
DO;93FALL901_FU_B;;COM;930-20;A_C93021;C9302001 COOL H2O RTN;No;ИСТИНА;ЛОЖЬ;;1031;;;;;;;0;;;;2357;ЛОЖЬ;38279;None;;;;;;1=FIRST;;;;;;;Undefined;;;;;;;;;;;;ЛОЖЬ;ИСТИНА;;;;;;;;;;;;;;;;;Output;EPKS_CCB;ESD_932_1;1120;;;;;;;;
M;690_8;;;;;;;ЛОЖЬ;ЛОЖЬ;;690;;;;;;;0;;;;4207;ЛОЖЬ;0;;;;;;;;;;;;;;Undefined;;;;;;;;;;;;ЛОЖЬ;ИСТИНА;;;;;;;;;;;;;;;;;;;;;;;;;;;;
T;724_6;;;;;;;ЛОЖЬ;ЛОЖЬ;;724;;;;;;;;100 ms;5;;1484;ЛОЖЬ;0;;;;;;;;;;;;;;Undefined;;;Delayed OFF with constant timer value;;;;;;;;;ЛОЖЬ;ИСТИНА;;;;;;;;;;;;;;;;;;;;;;;;;;;;
M;794_800_1;;;;;93XY867A;;ЛОЖЬ;ЛОЖЬ;;800;;;;;;;0;;;;677;ЛОЖЬ;0;;;;;;;1=ACTIVE;;;;;;;Undefined;491;3428;;;;;;;;;;ЛОЖЬ;;;;;;;;;;;;;;;;;;;;;;;;;;;;;
DO;93LALL427_P;;COM;930-20;A_93020;HYD GAS COND  B9302002B;No;ИСТИНА;ЛОЖЬ;;274;;;;;;;0;;;;532;ЛОЖЬ;38036;None;;;;;;1=ACTIVE;;;;;;;Undefined;491;3428;;;;;;;;;;ЛОЖЬ;;;;;;;;;;;;;;;;;;;;;;;;;;Output;CC_CCB_1;ESD_932_1;60
DO;93TAHH753;;COM;930-20;A_C93021;C9302001AX COOL H2O CYL1;No;ИСТИНА;ЛОЖЬ;;372;;;;;;;0;;;;708;ИСТИНА;37408;None;;;;;;0=TRIP;;;;;;;Undefined;491;3428;;;;;;;;;;ЛОЖЬ;;;;;;;;;;;;;;;;;;Output;EPKS_CCB;ESD_932_1;709;;;;;;;;
M;544_8;;;;;;;ЛОЖЬ;ЛОЖЬ;;544;;;;;;;0;;;;4112;ЛОЖЬ;0;;;;;;;;;;;;;;Undefined;;;;;;;;;;;;ЛОЖЬ;ИСТИНА;;;;;;;;;;;;;;;;;;;;;;;;;;;;
M;C692_5_G;;;;;Function block marker;;ЛОЖЬ;ЛОЖЬ;;692;;;;;;;0;;;;4348;ЛОЖЬ;0;;;;;;;;;;;;;;Undefined;;;;;;;;;;;;ЛОЖЬ;ИСТИНА;;;;;;;;;;;;;;;;;;;;;;;;;;;;
DO;93LAHH425_P;;COM;930-20;A_93020;HYD GAS COND  B9302002A;No;ИСТИНА;ЛОЖЬ;;272;;;;;;;0;;;;531;ЛОЖЬ;38030;None;;;;;;1=ACTIVE;;;;;;;Undefined;491;3428;;;;;;;;;;ЛОЖЬ;;;;;;;;;;;;;;;;;;;;;;;;;;Output;CC_CCB_1;ESD_932_1;59
M;246_9;;;;;;;ЛОЖЬ;ЛОЖЬ;;246;;;;;;;0;;;;3777;ЛОЖЬ;0;;;;;;;;;;;;;;Undefined;;;;;;;;;;;;ЛОЖЬ;ИСТИНА;;;;;;;;;;;;;;;;;;;;;;;;;;;;
DO;93LALL425_P;;COM;930-20;A_93020;HYD GAS COND  B9302002A;No;ИСТИНА;ЛОЖЬ;;270;;;;;;;0;;;;530;ЛОЖЬ;38032;None;;;;;;1=ACTIVE;;;;;;;Undefined;491;3428;;;;;;;;;;ЛОЖЬ;;;;;;;;;;;;;;;;;;;;;;;;;;Output;CC_CCB_1;ESD_932_1;58
M;C560_5_G;;;;;Function block marker;;ЛОЖЬ;ЛОЖЬ;;560;;;;;;;0;;;;4386;ЛОЖЬ;0;;;;;;;;;;;;;;Undefined;;;;;;;;;;;;ЛОЖЬ;ИСТИНА;;;;;;;;;;;;;;;;;;;;;;;;;;;;
DO;93TI837_TF;;COM;930-20;A_C93021;TRANSM. FAIL;No;ИСТИНА;ЛОЖЬ;;392;;;;;;;0;;;;829;ИСТИНА;37409;None;;;;;;0=FAIL;;;;;;;Undefined;491;3428;;;;;;;;;;ЛОЖЬ;;;;;;;;;;;;;;;;;;Output;EPKS_CCB;ESD_932_1;828;;;;;;;;
M;244_9;;;;;;;ЛОЖЬ;ЛОЖЬ;;244;;;;;;;0;;;;3774;ЛОЖЬ;0;;;;;;;;;;;;;;Undefined;;;;;;;;;;;;ЛОЖЬ;ИСТИНА;;;;;;;;;;;;;;;;;;;;;;;;;;;;
M;C1003_1_J;;;;;Function block marker;;ЛОЖЬ;ЛОЖЬ;;1003;;;;;;;0;;;;2463;ЛОЖЬ;0;;;;;;;;;;;;;;Undefined;;;;;;;;;;;;ЛОЖЬ;ИСТИНА;;;;;;;;;;;;;;;;;;;;;;;;;;;;
T;690_6;;;;;;;ЛОЖЬ;ЛОЖЬ;;690;;;;;;;;100 ms;5;;1548;ЛОЖЬ;0;;;;;;;;;;;;;;Undefined;;;Delayed OFF with constant timer value;;;;;;;;;ЛОЖЬ;ИСТИНА;;;;;;;;;;;;;;;;;;;;;;;;;;;;
M;394_162_3;;;;;93VSHH751;;ЛОЖЬ;ЛОЖЬ;;162;;;;;;;0;;;;3660;ЛОЖЬ;0;;;;;;;1=MO CONFIRMED;;;;;;;Undefined;;;;;;;;;;;;ЛОЖЬ;ИСТИНА;;;;;;;;;;;;;;;;;;;;;;;;;;;;
DI;93XSO416;;MCC;930-20;A_93020;SHUTTER 93XV416- OPEN;Yes;ИСТИНА;ЛОЖЬ;;322;;;;;;;;;;;74;ИСТИНА;37410;None;;;;;;1=OPEN;;;;;;;Undefined;491;3428;;20.03;9;3;1;Low;;;;ЛОЖЬ;;;;ЛОЖЬ;;;;;;;;;;;;;;Output;EPKS_CCB;ESD_932_1;976;;;;;;;;
DO;93PALL926_FU_B;;COM;930-20;A_C93021;C9302001 COOLH2O SUP;No;ИСТИНА;ЛОЖЬ;;1031;;;;;;;0;;;;2358;ЛОЖЬ;38280;None;;;;;;1=FIRST;;;;;;;Undefined;;;;;;;;;;;;ЛОЖЬ;ИСТИНА;;;;;;;;;;;;;;;;;Output;EPKS_CCB;ESD_932_1;1121;;;;;;;;
DO;93FAL804;;COM;;;LO ALARM;No;ЛОЖЬ;ЛОЖЬ;;520;;;;;;;0;;;;4104;ЛОЖЬ;0;None;;;;;;0=ALARM;0=ALARM;;;;;;Undefined;;;;;;;;;;;;ЛОЖЬ;ИСТИНА;;;;;;;;;;;;;;;;;Output;EPKS_CCB;ESD_932_1;1443;;;;;;;;
M;C716_6_G;;;;;Function block marker;;ЛОЖЬ;ЛОЖЬ;;716;;;;;;;0;;;;4265;ЛОЖЬ;0;;;;;;;;;;;;;;Undefined;;;;;;;;;;;;ЛОЖЬ;ИСТИНА;;;;;;;;;;;;;;;;;;;;;;;;;;;;
T;318_1;;;;;;;ЛОЖЬ;ЛОЖЬ;;318;;;;;;;;100 ms;5;;308;ЛОЖЬ;0;;;;;;;;;;;;;;Undefined;;;Delayed OFF with constant timer value;;;;;;;;;ЛОЖЬ;ИСТИНА;;;;;;;;;;;;;;;;;;;;;;;;;;;;
T;314_5;;;;;;;ЛОЖЬ;ЛОЖЬ;;314;;;;;;;;100 ms;5;;1244;ЛОЖЬ;0;;;;;;;;;;;;;;Undefined;;;Delayed OFF with constant timer value;;;;;;;;;ЛОЖЬ;ИСТИНА;;;;;;;;;;;;;;;;;;;;;;;;;;;;
M;1013_11;;;;;;;ЛОЖЬ;ЛОЖЬ;;1013;;;;;;;0;;;;2131;ЛОЖЬ;0;;;;;;;;;;;;;;Undefined;;;;;;;;;;;;ЛОЖЬ;ИСТИНА;;;;;;;;;;;;;;;;;;;;;;;;;;;;
DO;93FI421_TF;;COM;930-20;A_C93021;TRANSM. FAIL;No;ЛОЖЬ;ЛОЖЬ;;246;;;;;;;0;;;;3651;ИСТИНА;38457;None;;;;;;0=ALARM;0=ALARM;;;;;;Undefined;;;;;;;;;;;;ЛОЖЬ;ИСТИНА;;;;;;;;;;;;;;;;;Output;EPKS_CCB;ESD_932_1;1299;;;;;;;;
DO;93TI803_TF;;COM;930-20;A_C93021;TRANSM. FAIL;No;ИСТИНА;ЛОЖЬ;;542;;;;;;;0;;;;1093;ИСТИНА;37411;None;;;;;;0=FAIL;;;;;;;Undefined;491;3428;;;;;;;;;;ЛОЖЬ;;;;;;;;;;;;;;;;;;Output;EPKS_CCB;ESD_932_1;808;;;;;;;;
M;C706_5_G;;;;;Function block marker;;ЛОЖЬ;ЛОЖЬ;;706;;;;;;;0;;;;4289;ЛОЖЬ;0;;;;;;;;;;;;;;Undefined;;;;;;;;;;;;ЛОЖЬ;ИСТИНА;;;;;;;;;;;;;;;;;;;;;;;;;;;;
M;811_810_1;;;;;COMMON ALARN;;ЛОЖЬ;ЛОЖЬ;;810;;;;;;;0;;;;3995;ЛОЖЬ;0;;;;;;;0=ALARM;;;;;;;Undefined;;;;;;;;;;;;ЛОЖЬ;ИСТИНА;;;;;;;;;;;;;;;;;;;;;;;;;;;;
DO;93TAHH760_CA;;COM;;;CAUSE ALARM;No;ЛОЖЬ;ЛОЖЬ;;380;;;;;;;0;;;;3305;ЛОЖЬ;0;None;;;;;;0=ALARM;0=ALARM;;;;;;Undefined;;;;;;;;;;;;ЛОЖЬ;ИСТИНА;;;;;;;;;;;;;;;;;Output;EPKS_CCB;ESD_932_1;1200;;;;;;;;
DO;93LALL434;;COM;930-20;A_93020;HYD GAS COND  B9302003A;No;ИСТИНА;ЛОЖЬ;;284;;;;;;;0;;;;460;ИСТИНА;37412;None;;;;;;0=TRIP;;;;;;;Undefined;491;3428;;;;;;;;;;ЛОЖЬ;;;;;;;;;;;;;;;;;;Output;EPKS_CCB;ESD_932_1;530;;;;;;;;
DO;93XY453_C;;COM;;;AUTO CLOSURE 93XV453;No;ИСТИНА;ЛОЖЬ;;270;;;;;;;0;;;;1802;ИСТИНА;37509;None;;;;;;0=TRIP;;;;;;;Undefined;491;3428;;;;;;;;;;ЛОЖЬ;;;;;;;;;;;;;;;;;;Output;EPKS_CCB;ESD_932_1;1021;;;;;;;;
M;292_1;;;;;;;ЛОЖЬ;ЛОЖЬ;;292;;;;;;;0;;;;196;ЛОЖЬ;0;;;;;;;;;;;;;;Undefined;491;3428;;;;;;;;;;ЛОЖЬ;;;;;;;;;;;;;;;;;;;;;;;;;;;;;
M;1013_1015_1;;;;;FIRST OUT SEQENCE;;ЛОЖЬ;ЛОЖЬ;;1015;;;;;;;0;;;;2150;ЛОЖЬ;0;;;;;;;1=FU ALARM;;;;;;;Undefined;;;;;;;;;;;;ЛОЖЬ;ИСТИНА;;;;;;;;;;;;;;;;;;;;;;;;;;;;
M;722_1047_3;;;;;93TAHH884_I (AFTER OOS);;ЛОЖЬ;ЛОЖЬ;;1047;;;;;;;0;;;;2553;ЛОЖЬ;0;;;;;;;0=TRIP;;;;;;;Undefined;;;;;;;;;;;;ЛОЖЬ;ИСТИНА;;;;;;;;;;;;;;;;;;;;;;;;;;;;
M;C314_6_G;;;;;Function block marker;;ЛОЖЬ;ЛОЖЬ;;314;;;;;;;0;;;;4694;ЛОЖЬ;0;;;;;;;;;;;;;;Undefined;;;;;;;;;;;;ЛОЖЬ;ИСТИНА;;;;;;;;;;;;;;;;;;;;;;;;;;;;
DO;93LY752_C;;COM;;;C-9302001AX DRAIN 1ST ST;No;ИСТИНА;ЛОЖЬ;;450;;;;;;;0;;;;1884;ИСТИНА;37519;None;;;;;;0=TRIP;;;;;;;Undefined;491;3428;;;;;;;;;;ЛОЖЬ;;;;;;;;;;;;;;;;;;Output;EPKS_CCB;ESD_932_1;980;;;;;;;;
BO;93FI854_LL;;COM;930-20;A_C93021;LL TRIP SETPOINT (m3/h);No;ИСТИНА;ЛОЖЬ;;684;;Float;;;;;0;;;;692;;38204;;;;;;;;;0;0;;;;-XXXXX.X;491;3428;;;;;;;;;;ЛОЖЬ;;;;;;;;;;;;;;;;;;Output;EPKS_CCB;ESD_932_1;10185;;;;;;;;
DO;93XY471_C;;COM;;;AUTO CLOSURE 93XV471;No;ИСТИНА;ЛОЖЬ;;284;;;;;;;0;;;;1809;ИСТИНА;37524;None;;;;;;0=TRIP;;;;;;;Undefined;491;3428;;;;;;;;;;ЛОЖЬ;;;;;;;;;;;;;;;;;;Output;EPKS_CCB;ESD_932_1;1032;;;;;;;;
M;C724_5_G;;;;;Function block marker;;ЛОЖЬ;ЛОЖЬ;;724;;;;;;;0;;;;4234;ЛОЖЬ;0;;;;;;;;;;;;;;Undefined;;;;;;;;;;;;ЛОЖЬ;ИСТИНА;;;;;;;;;;;;;;;;;;;;;;;;;;;;
M;816_815_1;;;;;COMMON_ALARM;;ЛОЖЬ;ЛОЖЬ;;815;;;;;;;0;;;;4123;ЛОЖЬ;0;;;;;;;0=ALARM;;;;;;;Undefined;;;;;;;;;;;;ЛОЖЬ;ИСТИНА;;;;;;;;;;;;;;;;;;;;;;;;;;;;
T;448_1;;;;;;;ЛОЖЬ;ЛОЖЬ;;448;;;;;;;;100 ms;30;;364;ЛОЖЬ;0;;;;;;;;;;;;;;Undefined;491;3428;Pulse retriggerable with constant timer value;;;;;;;;;ЛОЖЬ;;;;;;;;;;;;;;;;;;;;;;;;;;;;;
BO;93TI878_H;;COM;;;HI ALARM SETPOINT;No;ЛОЖЬ;ЛОЖЬ;;724;;Float;;;;;0;;;;2100;;0;;None;None;None;None;;;;;;;;;-XXXXX.X;;;;;;;;;;;;ЛОЖЬ;ИСТИНА;;;;;;;;;;;;;;;;;Output;EPKS_CCB;ESD_932_1;10442;;;;;;;;
M;C280_2_G;;;;;Function block marker;;ЛОЖЬ;ЛОЖЬ;;280;;;;;;;0;;;;3589;ЛОЖЬ;0;;;;;;;;;;;;;;Undefined;;;;;;;;;;;;ЛОЖЬ;ИСТИНА;;;;;;;;;;;;;;;;;;;;;;;;;;;;
DO;93TAHH807_CA;;COM;930-20;A_C93021;CAUSE ALARM;No;ИСТИНА;ЛОЖЬ;;546;;;;;;;0;;;;1156;ЛОЖЬ;37413;None;;;;;;0=ALARM;;;;;;;Undefined;491;3428;;;;;;;;;;ЛОЖЬ;;;;;;;;;;;;;;;;;;Output;EPKS_CCB;ESD_932_1;732;;;;;;;;
DO;93XY753;;FLD;930-20;A_C93021;C-9302001AX DISCH VENT;Yes;ИСТИНА;ЛОЖЬ;;448;;;;;;;0;;;;24;ИСТИНА;37414;None;;;;;;0=TRIP;;;;;;;Undefined;491;3428;;20.05;5;1;1;Appl;;;;ЛОЖЬ;;;;;;;;;;;;;;;;;;Output;EPKS_CCB;ESD_932_1;997;;;;;;;;
DO;93FALL426;;COM;930-20;A_C93021;H2O COOL C9302001AX;No;ИСТИНА;ЛОЖЬ;;250;;;;;;;0;;;;312;ИСТИНА;37415;None;;;;;;0=TRIP;;;;;;;Undefined;491;3428;;;;;;;;;;ЛОЖЬ;;;;;;;;;;;;;;;;;;Output;EPKS_CCB;ESD_932_1;423;;;;;;;;
M;698_9;;;;;;;ЛОЖЬ;ЛОЖЬ;;698;;;;;;;0;;;;4160;ЛОЖЬ;0;;;;;;;;;;;;;;Undefined;;;;;;;;;;;;ЛОЖЬ;ИСТИНА;;;;;;;;;;;;;;;;;;;;;;;;;;;;
M;532_2;;;;;;;ЛОЖЬ;ЛОЖЬ;;532;;;;;;;0;;;;1072;ЛОЖЬ;0;;;;;;;;;;;;;;Undefined;491;3428;;;;;;;;;;ЛОЖЬ;;;;;;;;;;;;;;;;;;;;;;;;;;;;;
BO;93FI755_LL;;COM;930-20;A_C93021;LL TRIP SETPOINT (m3/h);No;ИСТИНА;ЛОЖЬ;;352;;Float;;;;;0;;;;744;;38094;;;;;;;;;0;0;;;;-XXXXX.X;491;3428;;;;;;;;;;ЛОЖЬ;;;;;;;;;;;;;;;;;;Output;EPKS_CCB;ESD_932_1;10182;;;;;;;;
M;C278_3_F;;;;;Function block marker;;ЛОЖЬ;ЛОЖЬ;;278;;;;;;;0;;;;3591;ЛОЖЬ;0;;;;;;;;;;;;;;Undefined;;;;;;;;;;;;ЛОЖЬ;ИСТИНА;;;;;;;;;;;;;;;;;;;;;;;;;;;;
M;260_152_1;;;;;93LT415;;ЛОЖЬ;ЛОЖЬ;;152;;;;;;;0;;;;464;ЛОЖЬ;0;;;;;;;1=MO CONFIRMED;;;;;;;Undefined;491;3428;;;;;;;;;;ЛОЖЬ;;;;;;;;;;;;;;;;;;;;;;;;;;;;;
DO;93PAH865;;COM;;;HI ALARM;No;ЛОЖЬ;ЛОЖЬ;;696;;;;;;;0;;;;3578;ЛОЖЬ;0;None;;;;;;0=ALARM;0=ALARM;;;;;;Undefined;;;;;;;;;;;;ЛОЖЬ;ИСТИНА;;;;;;;;;;;;;;;;;Output;EPKS_CCB;ESD_932_1;1422;;;;;;;;
M;1053_1057_2;;;;;93HS551A_FU_C_I;;ЛОЖЬ;ЛОЖЬ;;1057;;;;;;;0;;;;2663;ЛОЖЬ;0;;;;;;;1=FIRST;;;;;;;Undefined;;;;;;;;;;;;ЛОЖЬ;ИСТИНА;;;;;;;;;;;;;;;;;;;;;;;;;;;;
AI;93LI415;;FLD;930-20;A_93020;HYDROC GAS CON V9302003B;Yes;ИСТИНА;ЛОЖЬ;;260;ИСТИНА;Float;4-20mA;0;100;%;;;;;212;ЛОЖЬ;37972;;None;None;None;None;;;;-25;-25;;;;-XXXXX.X;3.64;22;;20.04;3;3;1;Bottom scale;;;;ЛОЖЬ;;ЛОЖЬ;;;;;;;;;;;;;;;;Output;EPKS_CCB;ESD_932_1;10085;;;;;;;;
M;300_1035_3;;;;;93HS551A_I;;ЛОЖЬ;ЛОЖЬ;;1035;;;;;;;0;;;;2329;ЛОЖЬ;0;;;;;;;0=TRIP INITIATOR;;;;;;;Undefined;;;;;;;;;;;;ЛОЖЬ;ИСТИНА;;;;;;;;;;;;;;;;;;;;;;;;;;;;
M;372_810_3;;;;;93TAH752_PERM;;ЛОЖЬ;ЛОЖЬ;;810;;;;;;;0;;;;3991;ЛОЖЬ;0;;;;;;;0=ALARM;;;;;;;Undefined;;;;;;;;;;;;ЛОЖЬ;ИСТИНА;;;;;;;;;;;;;;;;;;;;;;;;;;;;
M;310_3;;;;;;;ЛОЖЬ;ЛОЖЬ;;310;;;;;;;0;;;;1707;ЛОЖЬ;0;;;;;;;;;;;;;;Undefined;491;3428;;;;;;;;;;ЛОЖЬ;;;;;;;;;;;;;;;;;;;;;;;;;;;;;
DO;93FALL854_CA;;COM;930-20;A_C93021;CAUSE ALARM;No;ИСТИНА;ЛОЖЬ;;684;;;;;;;0;;;;1379;ЛОЖЬ;37418;None;;;;;;0=ALARM;;;;;;;Undefined;491;3428;;;;;;;;;;ЛОЖЬ;;;;;;;;;;;;;;;;;;Output;EPKS_CCB;ESD_932_1;438;;;;;;;;
DO;93TAHH784_FU;;COM;930-20;A_C93021;C9302001AX COOLH2O OIL;No;ИСТИНА;ЛОЖЬ;;1011;;;;;;;0;;;;2209;ЛОЖЬ;38235;None;;;;;;1=FIRST;;;;;;;Undefined;;;;;;;;;;;;ЛОЖЬ;ИСТИНА;;;;;;;;;;;;;;;;;Output;EPKS_CCB;ESD_932_1;1076;;;;;;;;
M;556_168_1;;;;;93TT818;;ЛОЖЬ;ЛОЖЬ;;168;;;;;;;0;;;;1619;ЛОЖЬ;0;;;;;;;1=MO CONFIRMED;;;;;;;Undefined;491;3428;;;;;;;;;;ЛОЖЬ;;;;;;;;;;;;;;;;;;;;;;;;;;;;;
M;544_166_1;;;;;93TT804;;ЛОЖЬ;ЛОЖЬ;;166;;;;;;;0;;;;1309;ЛОЖЬ;0;;;;;;;1=MO CONFIRMED;;;;;;;Undefined;491;3428;;;;;;;;;;ЛОЖЬ;;;;;;;;;;;;;;;;;;;;;;;;;;;;;
BO;93PI819_HH;;COM;930-20;A_C93021;HH TRIP SETPOINT (kPa-g);No;ИСТИНА;ЛОЖЬ;;534;;Float;;;;;0;;;;828;;38086;;;;;;;;;0;0;;;;-XXXXX.X;491;3428;;;;;;;;;;ЛОЖЬ;;;;;;;;;;;;;;;;;;Output;EPKS_CCB;ESD_932_1;10231;;;;;;;;
M;240_2;;;;;;;ЛОЖЬ;ЛОЖЬ;;240;;;;;;;0;;;;268;ЛОЖЬ;0;;;;;;;;;;;;;;Undefined;491;3428;;;;;;;;;;ЛОЖЬ;;;;;;;;;;;;;;;;;;;;;;;;;;;;;
DO;93ZALL853;;COM;930-20;A_93020;C9302001CX LSW LOCK DEV;No;ИСТИНА;ЛОЖЬ;;299;;;;;;;0;;;;520;ИСТИНА;37865;None;;;;;;0=TRIP;;;;;;;Undefined;491;3428;;;;;;;;;;ЛОЖЬ;;;;;;;;;;;;;;;;;;Output;EPKS_CCB;ESD_932_1;899;;;;;;;;
BO;93TI936_HH;;COM;930-20;A_C93021;HH TRIP SETPOINT (°C);No;ИСТИНА;ЛОЖЬ;;724;;Float;;;;;0;;;;728;;38132;;;;;;;;;0;0;;;;-XXXXX.X;491;3428;;;;;;;;;;ЛОЖЬ;;;;;;;;;;;;;;;;;;Output;EPKS_CCB;ESD_932_1;10281;;;;;;;;
DO;93HA551B;;COM;;;STOP BTN 2LCSA3;No;ИСТИНА;ЛОЖЬ;;300;;;;;;;0;;;;42;ИСТИНА;37543;None;;;;;;0=TRIP;;;;;;;Undefined;;;;;;;;;;;;ЛОЖЬ;ИСТИНА;;;;;;;;;;;;;;;;;Output;EPKS_CCB;ESD_932_1;934;;;;;;;;
DO;93TAHH767_FU;;COM;930-20;A_C93021;C9302001AX TMP GAS CYL2;No;ИСТИНА;ЛОЖЬ;;1011;;;;;;;0;;;;2207;ЛОЖЬ;38233;None;;;;;;1=FIRST;;;;;;;Undefined;;;;;;;;;;;;ЛОЖЬ;ИСТИНА;;;;;;;;;;;;;;;;;Output;EPKS_CCB;ESD_932_1;1074;;;;;;;;
M;792_796_3;;;;;CAPACITY 75%;;ЛОЖЬ;ЛОЖЬ;;796;;;;;;;0;;;;651;ЛОЖЬ;0;;;;;;;1=ACTIVE;;;;;;;Undefined;491;3428;;;;;;;;;;ЛОЖЬ;;;;;;;;;;;;;;;;;;;;;;;;;;;;;
DO;93TI484A_TF;;COM;930-20;A_93020;TRANSM. FAIL;No;ЛОЖЬ;ЛОЖЬ;;234;;;;;;;0;;;;3750;ИСТИНА;38456;None;;;;;;0=ALARM;0=ALARM;;;;;;Undefined;;;;;;;;;;;;ЛОЖЬ;ИСТИНА;;;;;;;;;;;;;;;;;Output;EPKS_CCB;ESD_932_1;1320;;;;;;;;
DO;93TI812_MOC;;COM;930-20;A_C93021;MO CONFIRMED;No;ИСТИНА;ЛОЖЬ;;552;;;;;;;0;;;;1029;ИСТИНА;37419;None;;;;;;1=CONFIRMED;;;;;;;Undefined;491;3428;;;;;;;;;;ЛОЖЬ;;;;;;;;;;;;;;;;;;Output;EPKS_CCB;ESD_932_1;817;;;;;;;;
M;C272_1_E;;;;;Function block marker;;ЛОЖЬ;ЛОЖЬ;;272;;;;;;;0;;;;3599;ЛОЖЬ;0;;;;;;;;;;;;;;Undefined;;;;;;;;;;;;ЛОЖЬ;ИСТИНА;;;;;;;;;;;;;;;;;;;;;;;;;;;;
M;524_650_2;;;;;93LAHH801_I;;ЛОЖЬ;ЛОЖЬ;;650;;;;;;;0;;;;1233;ЛОЖЬ;0;;;;;;;0=TRIP INITIATOR;;;;;;;Undefined;491;3428;;;;;;;;;;ЛОЖЬ;;;;;;;;;;;;;;;;;;;;;;;;;;;;;
T;684_3;;;;;;;ЛОЖЬ;ЛОЖЬ;;684;;;;;;;;100 ms;5;;1408;ЛОЖЬ;0;;;;;;;;;;;;;;Undefined;;;Delayed OFF with constant timer value;;;;;;;;;ЛОЖЬ;ИСТИНА;;;;;;;;;;;;;;;;;;;;;;;;;;;;
M;C386_6_G;;;;;Function block marker;;ЛОЖЬ;ЛОЖЬ;;386;;;;;;;0;;;;4563;ЛОЖЬ;0;;;;;;;;;;;;;;Undefined;;;;;;;;;;;;ЛОЖЬ;ИСТИНА;;;;;;;;;;;;;;;;;;;;;;;;;;;;
T;2460_2;;;930-20;;;;ЛОЖЬ;ЛОЖЬ;;2460;;;;;;;;1 s;0;;4;ЛОЖЬ;0;;;;;;;;;;;;;;Undefined;491;3428;Delayed OFF with variable timer value;;;;;;;;;ЛОЖЬ;;;;;;;;;;;;;;;;;;;;;;;;;;;;;
M;C354_4_B;;;;;Function block marker;;ЛОЖЬ;ЛОЖЬ;;354;;;;;;;0;;;;4653;ЛОЖЬ;0;;;;;;;;;;;;;;Undefined;;;;;;;;;;;;ЛОЖЬ;ИСТИНА;;;;;;;;;;;;;;;;;;;;;;;;;;;;
DO;93LALL415_1;;COM;;;;No;ИСТИНА;ЛОЖЬ;;260;;;;;;;0;;;;72;ЛОЖЬ;37991;None;;;;;;0=TRIP;;;;;;;Undefined;;;;;;;;;;;;ЛОЖЬ;ИСТИНА;;;;;;;;;;;;;;;;;Output;EPKS_CCB;ESD_932_1;937;;;;;;;;
M;2450_C;;;;;Signal 3;;ЛОЖЬ;ЛОЖЬ;;2450;;;;;;;0;;;;151;ЛОЖЬ;0;;;;;;;;;;;;;;Undefined;491;3428;;;;;;;;;;ЛОЖЬ;;;;;;;;;;;;;;;;;;;;;;;;;;;;;
T;698_7;;;;;;;ЛОЖЬ;ЛОЖЬ;;698;;;;;;;;100 ms;5;;1440;ЛОЖЬ;0;;;;;;;;;;;;;;Undefined;;;Delayed OFF with constant timer value;;;;;;;;;ЛОЖЬ;ИСТИНА;;;;;;;;;;;;;;;;;;;;;;;;;;;;
C;790_1;;;;;;;ЛОЖЬ;ЛОЖЬ;;790;;;;;;;0;;;1;4;ЛОЖЬ;0;;;;;;;;;;;;;;Undefined;491;3428;;;;;;;;;;ЛОЖЬ;;;;;;;;;;;;;;;;;;;;;;;;;;;;;
DO;93LI434_TF;;COM;930-20;A_93020;TRANSM. FAIL;No;ИСТИНА;ЛОЖЬ;;284;;;;;;;0;;;;461;ИСТИНА;37420;None;;;;;;0=FAIL;;;;;;;Undefined;491;3428;;;;;;;;;;ЛОЖЬ;;;;;;;;;;;;;;;;;;Output;EPKS_CCB;ESD_932_1;560;;;;;;;;
M;1007_12;;;;;;;ЛОЖЬ;ЛОЖЬ;;1007;;;;;;;0;;;;2060;ЛОЖЬ;0;;;;;;;;;;;;;;Undefined;;;;;;;;;;;;ЛОЖЬ;ИСТИНА;;;;;;;;;;;;;;;;;;;;;;;;;;;;
DO;93HS706B;;COM;930-20;A_C93021;MOS REL AREA C9302001CX;No;ИСТИНА;ЛОЖЬ;;125;;;;;;;0;;;;1586;ИСТИНА;37866;None;;;;;;1=RELEASED;;;;;;;Undefined;491;3428;;;;;;;;;;ЛОЖЬ;;;;;;;;;;;;;;;;;;Output;EPKS_CCB;ESD_932_1;889;;;;;;;;
M;1005_8;;;;;;;ЛОЖЬ;ЛОЖЬ;;1005;;;;;;;0;;;;2049;ЛОЖЬ;0;;;;;;;;;;;;;;Undefined;;;;;;;;;;;;ЛОЖЬ;ИСТИНА;;;;;;;;;;;;;;;;;;;;;;;;;;;;
M;702_780_4;;;;;93PALL876_I (AFTER OOS);;ЛОЖЬ;ЛОЖЬ;;780;;;;;;;0;;;;1274;ЛОЖЬ;0;;;;;;;0=TRIP;;;;;;;Undefined;491;3428;;;;;;;;;;ЛОЖЬ;;;;;;;;;;;;;;;;;;;;;;;;;;;;;
DI;93TI837_MOR;;COM;930-20;A_C93021;MO REQUEST;No;ИСТИНА;ИСТИНА;;392;;;;;;;0;;;;2953;ЛОЖЬ;37422;None;;;;;;1=REQUEST;;;;;;;Undefined;491;3428;;;;;;Freeze;;;;ЛОЖЬ;;;;ЛОЖЬ;;;;;;;;;;;;;;Input;EPKS_CCB;ESD_932_1;122;;;;;;;;
DO;93PI769_MOC;;COM;930-20;A_C93021;MO CONFIRMED;No;ИСТИНА;ЛОЖЬ;;364;;;;;;;0;;;;663;ИСТИНА;37423;None;;;;;;1=CONFIRMED;;;;;;;Undefined;491;3428;;;;;;;;;;ЛОЖЬ;;;;;;;;;;;;;;;;;;Output;EPKS_CCB;ESD_932_1;673;;;;;;;;
M;C372_4_B;;;;;Function block marker;;ЛОЖЬ;ЛОЖЬ;;372;;;;;;;0;;;;4590;ЛОЖЬ;0;;;;;;;;;;;;;;Undefined;;;;;;;;;;;;ЛОЖЬ;ИСТИНА;;;;;;;;;;;;;;;;;;;;;;;;;;;;
DO;93TI987_MOC;;COM;930-20;A_93020;MO CONFIRMED;No;ИСТИНА;ЛОЖЬ;;292;;;;;;;0;;;;347;ИСТИНА;37424;None;;;;;;1=CONFIRMED;;;;;;;Undefined;491;3428;;;;;;;;;;ЛОЖЬ;;;;;;;;;;;;;;;;;;Output;EPKS_CCB;ESD_932_1;861;;;;;;;;
DO;93TAHH929_CA;;COM;930-20;A_C93021;CAUSE ALARM;No;ИСТИНА;ЛОЖЬ;;404;;;;;;;0;;;;899;ЛОЖЬ;37425;None;;;;;;0=ALARM;;;;;;;Undefined;491;3428;;;;;;;;;;ЛОЖЬ;;;;;;;;;;;;;;;;;;Output;EPKS_CCB;ESD_932_1;772;;;;;;;;
DI;93FI017_MOR;;COM;930-20;A_93020;MO REQUEST;No;ИСТИНА;ИСТИНА;;312;;;;;;;0;;;;2835;ЛОЖЬ;37820;None;;;;;;1=REQUEST;;;;;;;Undefined;491;3428;;;;;;Freeze;;;;ЛОЖЬ;;;;ЛОЖЬ;;;;;;;;;;;;;;Input;EPKS_CCB;ESD_932_1;4;;;;;;;;
T;538_9;;;;;;;ЛОЖЬ;ЛОЖЬ;;538;;;;;;;;100 ms;5;;1348;ЛОЖЬ;0;;;;;;;;;;;;;;Undefined;;;Delayed OFF with constant timer value;;;;;;;;;ЛОЖЬ;ИСТИНА;;;;;;;;;;;;;;;;;;;;;;;;;;;;
DO;93XSC416_P;;COM;;;SHUTTER 93XV416;No;ИСТИНА;ЛОЖЬ;;322;;;;;;;0;;;;51;ЛОЖЬ;38006;None;;;;;;1=CLOSE;;;;;;;Undefined;;;;;;;;;;;;ЛОЖЬ;ИСТИНА;;;;;;;;;;;;;;;;;;;;;;;;;Output;CC_CCB_1;ESD_932_1;79
M;698_7;;;;;;;ЛОЖЬ;ЛОЖЬ;;698;;;;;;;0;;;;4150;ЛОЖЬ;0;;;;;;;;;;;;;;Undefined;;;;;;;;;;;;ЛОЖЬ;ИСТИНА;;;;;;;;;;;;;;;;;;;;;;;;;;;;
T;562_6;;;;;;;ЛОЖЬ;ЛОЖЬ;;562;;;;;;;;100 ms;5;;1344;ЛОЖЬ;0;;;;;;;;;;;;;;Undefined;;;Delayed OFF with constant timer value;;;;;;;;;ЛОЖЬ;ИСТИНА;;;;;;;;;;;;;;;;;;;;;;;;;;;;
DO;93PI764_TF;;COM;930-20;A_C93021;TRANSM. FAIL;No;ИСТИНА;ЛОЖЬ;;362;;;;;;;0;;;;644;ИСТИНА;37426;None;;;;;;0=FAIL;;;;;;;Undefined;491;3428;;;;;;;;;;ЛОЖЬ;;;;;;;;;;;;;;;;;;Output;EPKS_CCB;ESD_932_1;672;;;;;;;;
M;C1015_1_M;;;;;Function block marker;;ЛОЖЬ;ЛОЖЬ;;1015;;;;;;;0;;;;2430;ЛОЖЬ;0;;;;;;;;;;;;;;Undefined;;;;;;;;;;;;ЛОЖЬ;ИСТИНА;;;;;;;;;;;;;;;;;;;;;;;;;;;;
M;536_1025_2;;;;;93PAHH821_I;;ЛОЖЬ;ЛОЖЬ;;1025;;;;;;;0;;;;2301;ЛОЖЬ;0;;;;;;;0=TRIP INITIATOR;;;;;;;Undefined;;;;;;;;;;;;ЛОЖЬ;ИСТИНА;;;;;;;;;;;;;;;;;;;;;;;;;;;;
M;536_813_3;;;;;93PAH820_PERM;;ЛОЖЬ;ЛОЖЬ;;813;;;;;;;0;;;;4063;ЛОЖЬ;0;;;;;;;0=ALARM;;;;;;;Undefined;;;;;;;;;;;;ЛОЖЬ;ИСТИНА;;;;;;;;;;;;;;;;;;;;;;;;;;;;
M;C692_6_F;;;;;Function block marker;;ЛОЖЬ;ЛОЖЬ;;692;;;;;;;0;;;;4350;ЛОЖЬ;0;;;;;;;;;;;;;;Undefined;;;;;;;;;;;;ЛОЖЬ;ИСТИНА;;;;;;;;;;;;;;;;;;;;;;;;;;;;
M;1009_11;;;;;;;ЛОЖЬ;ЛОЖЬ;;1009;;;;;;;0;;;;2087;ЛОЖЬ;0;;;;;;;;;;;;;;Undefined;;;;;;;;;;;;ЛОЖЬ;ИСТИНА;;;;;;;;;;;;;;;;;;;;;;;;;;;;
M;C368_4_E;;;;;Function block marker;;ЛОЖЬ;ЛОЖЬ;;368;;;;;;;0;;;;3545;ЛОЖЬ;0;;;;;;;;;;;;;;Undefined;;;;;;;;;;;;ЛОЖЬ;ИСТИНА;;;;;;;;;;;;;;;;;;;;;;;;;;;;
M;C718_4_B;;;;;Function block marker;;ЛОЖЬ;ЛОЖЬ;;718;;;;;;;0;;;;4252;ЛОЖЬ;0;;;;;;;;;;;;;;Undefined;;;;;;;;;;;;ЛОЖЬ;ИСТИНА;;;;;;;;;;;;;;;;;;;;;;;;;;;;
R;270_272_2;;;;;93LI425;;ЛОЖЬ;ЛОЖЬ;;272;;Float;;;;;0;;;;852;ЛОЖЬ;0;;;;;;;;;;;;;;Undefined;491;3428;;;;;;;;;;ЛОЖЬ;;;;;;;;;;;;;;;;;;;;;;;;;;;;;
DO;93XY414;;MCC;930-20;A_93020;AUTO OPENING 93XV414;Yes;ИСТИНА;ЛОЖЬ;;236;;;;;;;0;;;;73;ЛОЖЬ;37427;None;;;;;;1=OPEN;;;;;;;Undefined;491;3428;;20.05;15;2;1;Appl;;;;ЛОЖЬ;;;;;;;;;;;;;;;;;;;;;;;;;;;;;
DO;93LALL413_CA;;COM;930-20;A_93020;CAUSE ALARM;No;ИСТИНА;ЛОЖЬ;;258;;;;;;;0;;;;356;ЛОЖЬ;37428;None;;;;;;0=ALARM;;;;;;;Undefined;491;3428;;;;;;;;;;ЛОЖЬ;;;;;;;;;;;;;;;;;;Output;EPKS_CCB;ESD_932_1;504;;;;;;;;
M;230_272_2;;;;;93TAHH482_I;;ЛОЖЬ;ЛОЖЬ;;272;;;;;;;0;;;;352;ЛОЖЬ;0;;;;;;;0=TRIP INITIATOR;;;;;;;Undefined;491;3428;;;;;;;;;;ЛОЖЬ;;;;;;;;;;;;;;;;;;;;;;;;;;;;;
M;524_1021_2;;;;;93LAHH801_I;;ЛОЖЬ;ЛОЖЬ;;1021;;;;;;;0;;;;2293;ЛОЖЬ;0;;;;;;;0=TRIP INITIATOR;;;;;;;Undefined;;;;;;;;;;;;ЛОЖЬ;ИСТИНА;;;;;;;;;;;;;;;;;;;;;;;;;;;;
M;C256_8_C;;;;;Function block marker;;ЛОЖЬ;ЛОЖЬ;;256;;;;;;;0;;;;3890;ЛОЖЬ;0;;;;;;;;;;;;;;Undefined;;;;;;;;;;;;ЛОЖЬ;ИСТИНА;;;;;;;;;;;;;;;;;;;;;;;;;;;;
M;C258_4_E;;;;;Function block marker;;ЛОЖЬ;ЛОЖЬ;;258;;;;;;;0;;;;226;ЛОЖЬ;0;;;;;;;;;;;;;;Undefined;;;;;;;;;;;;ЛОЖЬ;ИСТИНА;;;;;;;;;;;;;;;;;;;;;;;;;;;;
BO;93FI430_LL;;COM;930-20;A_C93021;LL TRIP SETPOINT (kg/h);No;ИСТИНА;ЛОЖЬ;;254;;Float;;;;;0;;;;644;;38122;;;;;;;;;0;0;;;;-XXXXX.X;491;3428;;;;;;;;;;ЛОЖЬ;;;;;;;;;;;;;;;;;;Output;EPKS_CCB;ESD_932_1;10180;;;;;;;;
M;1013_8;;;;;;;ЛОЖЬ;ЛОЖЬ;;1013;;;;;;;0;;;;2128;ЛОЖЬ;0;;;;;;;;;;;;;;Undefined;;;;;;;;;;;;ЛОЖЬ;ИСТИНА;;;;;;;;;;;;;;;;;;;;;;;;;;;;
M;C1017_1_K;;;;;Function block marker;;ЛОЖЬ;ЛОЖЬ;;1017;;;;;;;0;;;;2422;ЛОЖЬ;0;;;;;;;;;;;;;;Undefined;;;;;;;;;;;;ЛОЖЬ;ИСТИНА;;;;;;;;;;;;;;;;;;;;;;;;;;;;
DO;93PAL833;;COM;;;LO ALARM;No;ЛОЖЬ;ЛОЖЬ;;540;;;;;;;0;;;;2814;ЛОЖЬ;0;None;;;;;;0=ALARM;0=ALARM;;;;;;Undefined;;;;;;;;;;;;ЛОЖЬ;ИСТИНА;;;;;;;;;;;;;;;;;Output;EPKS_CCB;ESD_932_1;1410;;;;;;;;
M;2470_K;;;;;Out 4;;ЛОЖЬ;ЛОЖЬ;;2470;;;;;;;0;;;;149;ЛОЖЬ;0;;;;;;;;;;;;;;Undefined;491;3428;;;;;;;;;;ЛОЖЬ;;;;;;;;;;;;;;;;;;;;;;;;;;;;;
DO;93LI415_MOC;;COM;930-20;A_93020;MO CONFIRMED;No;ИСТИНА;ЛОЖЬ;;260;;;;;;;0;;;;375;ИСТИНА;37429;None;;;;;;1=CONFIRMED;;;;;;;Undefined;491;3428;;;;;;;;;;ЛОЖЬ;;;;;;;;;;;;;;;;;;Output;EPKS_CCB;ESD_932_1;543;;;;;;;;
M;404_1013_2;;;;;93TAHH929_I;;ЛОЖЬ;ЛОЖЬ;;1013;;;;;;;0;;;;2174;ЛОЖЬ;0;;;;;;;0=TRIP INITIATOR;;;;;;;Undefined;;;;;;;;;;;;ЛОЖЬ;ИСТИНА;;;;;;;;;;;;;;;;;;;;;;;;;;;;
M;C556_6_E;;;;;Function block marker;;ЛОЖЬ;ЛОЖЬ;;556;;;;;;;0;;;;4401;ЛОЖЬ;0;;;;;;;;;;;;;;Undefined;;;;;;;;;;;;ЛОЖЬ;ИСТИНА;;;;;;;;;;;;;;;;;;;;;;;;;;;;
T;382_3;;;;;;;ЛОЖЬ;ЛОЖЬ;;382;;;;;;;;100 ms;5;;796;ЛОЖЬ;0;;;;;;;;;;;;;;Undefined;;;Delayed OFF with constant timer value;;;;;;;;;ЛОЖЬ;ИСТИНА;;;;;;;;;;;;;;;;;;;;;;;;;;;;
DO;93TAH752;;COM;;;HI ALARM;No;ЛОЖЬ;ЛОЖЬ;;372;;;;;;;0;;;;2773;ЛОЖЬ;0;None;;;;;;0=ALARM;0=ALARM;;;;;;Undefined;;;;;;;;;;;;ЛОЖЬ;ИСТИНА;;;;;;;;;;;;;;;;;Output;EPKS_CCB;ESD_932_1;1394;;;;;;;;
DO;93PDAHH830A_P;;COM;930-20;A_C93021;INDICATION LIGHT;No;ИСТИНА;ЛОЖЬ;;528;;;;;;;0;;;;1668;ЛОЖЬ;38004;None;;;;;;1=ACTIVE;;;;;;;Undefined;491;3428;;;;;;;;;;ЛОЖЬ;;;;;;;;;;;;;;Output;CC_CCB_2;ESD_932_1;44;;;;;;;;;;;;
M;C394_1_D;;;;;Function block marker;;ЛОЖЬ;ЛОЖЬ;;394;;;;;;;0;;;;2683;ЛОЖЬ;0;;;;;;;;;;;;;;Undefined;491;3428;;;;;;;;;;ЛОЖЬ;;;;;;;;;;;;;;;;;;;;;;;;;;;;;
M;554_3;;;;;;;ЛОЖЬ;ЛОЖЬ;;554;;;;;;;0;;;;1153;ЛОЖЬ;0;;;;;;;;;;;;;;Undefined;491;3428;;;;;;;;;;ЛОЖЬ;;;;;;;;;;;;;;;;;;;;;;;;;;;;;
DO;93TAHH836_FU;;COM;930-20;A_C93021;C9302001AX MAIN BEAR NDE;No;ИСТИНА;ЛОЖЬ;;1011;;;;;;;0;;;;2210;ЛОЖЬ;38236;None;;;;;;1=FIRST;;;;;;;Undefined;;;;;;;;;;;;ЛОЖЬ;ИСТИНА;;;;;;;;;;;;;;;;;Output;EPKS_CCB;ESD_932_1;1077;;;;;;;;
DO;93PDAH879;;COM;;;HI ALARM;No;ЛОЖЬ;ЛОЖЬ;;692;;;;;;;0;;;;3477;ЛОЖЬ;0;None;;;;;;0=ALARM;0=ALARM;;;;;;Undefined;;;;;;;;;;;;ЛОЖЬ;ИСТИНА;;;;;;;;;;;;;;;;;Output;EPKS_CCB;ESD_932_1;1420;;;;;;;;
DO;93PDI830_MOC;;COM;930-20;A_C93021;MO CONFIRMED;No;ИСТИНА;ЛОЖЬ;;528;;;;;;;0;;;;993;ИСТИНА;37430;None;;;;;;1=CONFIRMED;;;;;;;Undefined;491;3428;;;;;;;;;;ЛОЖЬ;;;;;;;;;;;;;;;;;;Output;EPKS_CCB;ESD_932_1;655;;;;;;;;
DI;93PI884_MOR;;COM;930-20;A_C93021;MO REQUEST;No;ИСТИНА;ИСТИНА;;704;;;;;;;0;;;;2919;ЛОЖЬ;37431;None;;;;;;1=REQUEST;;;;;;;Undefined;491;3428;;;;;;Freeze;;;;ЛОЖЬ;;;;ЛОЖЬ;;;;;;;;;;;;;;Input;EPKS_CCB;ESD_932_1;88;;;;;;;;
T;702_9;;;;;;;ЛОЖЬ;ЛОЖЬ;;702;;;;;;;;100 ms;5;;1504;ЛОЖЬ;0;;;;;;;;;;;;;;Undefined;;;Delayed OFF with constant timer value;;;;;;;;;ЛОЖЬ;ИСТИНА;;;;;;;;;;;;;;;;;;;;;;;;;;;;
M;1005_10;;;;;;;ЛОЖЬ;ЛОЖЬ;;1005;;;;;;;0;;;;2052;ЛОЖЬ;0;;;;;;;;;;;;;;Undefined;;;;;;;;;;;;ЛОЖЬ;ИСТИНА;;;;;;;;;;;;;;;;;;;;;;;;;;;;
M;1009_7;;;;;;;ЛОЖЬ;ЛОЖЬ;;1009;;;;;;;0;;;;2061;ЛОЖЬ;0;;;;;;;;;;;;;;Undefined;;;;;;;;;;;;ЛОЖЬ;ИСТИНА;;;;;;;;;;;;;;;;;;;;;;;;;;;;
DI;93ZSLL753;;FLD;930-20;A_93020;C-9302001AX LOCKING DEV;Yes;ИСТИНА;ЛОЖЬ;;298;;;;;;;;;;;32;ИСТИНА;37432;None;;;;;;0=TRIP;;;;;;;Undefined;491;3428;;20.03;5;9;1;Low;;;;ЛОЖЬ;;;;ЛОЖЬ;;;;;;;;;;;;;;Output;EPKS_CCB;ESD_932_1;963;;;;;;;;
AI;93TI785;;FLD;;;C-9302001AX COOL H2O OIL;Yes;ИСТИНА;ЛОЖЬ;;388;ИСТИНА;Float;4-20mA;-50;100;°C;;;;;660;ЛОЖЬ;38520;;None;None;None;None;;;;;;;;;-XXXXX.X;3.76;21;;20.03;11;13;1;Top scale;;;;ЛОЖЬ;ИСТИНА;ЛОЖЬ;;;;;;;;;;;;;;;;Output;EPKS_CCB;ESD_932_1;10344;;;;;;;;
DO;93PDI779_TF;;COM;;;TRANSM FAULT;No;ЛОЖЬ;ЛОЖЬ;;358;;;;;;;0;;;;390;ИСТИНА;38519;None;;;;;;0=ALARM;0=ALARM;;;;;;Undefined;;;;;;;;;;;;ЛОЖЬ;ИСТИНА;;;;;;;;;;;;;;;;;Output;EPKS_CCB;ESD_932_1;1324;;;;;;;;
DO;93LI428_TF;;COM;930-20;A_93020;TRANSM. FAIL;No;ЛОЖЬ;ЛОЖЬ;;280;;;;;;;0;;;;3754;ИСТИНА;38455;None;;;;;;0=ALARM;0=ALARM;;;;;;Undefined;;;;;;;;;;;;ЛОЖЬ;ИСТИНА;;;;;;;;;;;;;;;;;Output;EPKS_CCB;ESD_932_1;1313;;;;;;;;
DO;93FI430_MOC;;COM;930-20;A_C93021;MO CONFIRMED;No;ИСТИНА;ЛОЖЬ;;254;;;;;;;0;;;;340;ИСТИНА;37433;None;;;;;;1=CONFIRMED;;;;;;;Undefined;491;3428;;;;;;;;;;ЛОЖЬ;;;;;;;;;;;;;;;;;;Output;EPKS_CCB;ESD_932_1;453;;;;;;;;
M;C542_6_F;;;;;Function block marker;;ЛОЖЬ;ЛОЖЬ;;542;;;;;;;0;;;;4443;ЛОЖЬ;0;;;;;;;;;;;;;;Undefined;;;;;;;;;;;;ЛОЖЬ;ИСТИНА;;;;;;;;;;;;;;;;;;;;;;;;;;;;
M;350_158_1;;;;;93FT754;;ЛОЖЬ;ЛОЖЬ;;158;;;;;;;0;;;;581;ЛОЖЬ;0;;;;;;;1=MO CONFIRMED;;;;;;;Undefined;491;3428;;;;;;;;;;ЛОЖЬ;;;;;;;;;;;;;;;;;;;;;;;;;;;;;
DI;93XA756_P;;COM;930-20;A_C93021;NO COMMON ALARM;No;ИСТИНА;ИСТИНА;;416;;;;;;;0;;;;2099;ИСТИНА;37816;None;;;;;;1=ALARM;;;;;;;Undefined;491;3428;;;;;;Freeze;;;;ЛОЖЬ;;;;ЛОЖЬ;;;;;;;;;;;;;;Output;EPKS_CCB;ESD_932_1;2032;;;;;Input;CC_CCB_1;ESD_932_1;4
M;C556_5_G;;;;;Function block marker;;ЛОЖЬ;ЛОЖЬ;;556;;;;;;;0;;;;4400;ЛОЖЬ;0;;;;;;;;;;;;;;Undefined;;;;;;;;;;;;ЛОЖЬ;ИСТИНА;;;;;;;;;;;;;;;;;;;;;;;;;;;;
DO;93LI415_TF;;COM;930-20;A_93020;TRANSM. FAIL;No;ИСТИНА;ЛОЖЬ;;261;;;;;;;0;;;;368;ИСТИНА;37434;None;;;;;;0=FAIL;;;;;;;Undefined;491;3428;;;;;;;;;;ЛОЖЬ;;;;;;;;;;;;;;;;;;Output;EPKS_CCB;ESD_932_1;544;;;;;;;;
DO;93XY473;;MCC;930-20;A_93020;AUTO CLOSURE 93XV473;Yes;ИСТИНА;ЛОЖЬ;;288;;;;;;;0;;;;110;ЛОЖЬ;37435;None;;;;;;1=CLOSE;;;;;;;Undefined;491;3428;;20.06;3;7;1;Appl;;;;ЛОЖЬ;;;;;;;;;;;;;;;;;;;;;;;;;;;;;
M;694_778_2;;;;;93PDAHH881_I;;ЛОЖЬ;ЛОЖЬ;;778;;;;;;;0;;;;866;ЛОЖЬ;0;;;;;;;0=TRIP INITIATOR;;;;;;;Undefined;491;3428;;;;;;;;;;ЛОЖЬ;;;;;;;;;;;;;;;;;;;;;;;;;;;;;
AI;93FI423;;FLD;930-20;A_C93021;H2O TO OIL C-9302001CX;Yes;ИСТИНА;ЛОЖЬ;;248;ИСТИНА;Float;4-20mA;0;8000;kg/h;;;;;124;ЛОЖЬ;38427;;None;None;None;None;;;;;;;;;-XXXXX.X;3.64;22;;20.03;15;15;1;Bottom scale;;;;ЛОЖЬ;ИСТИНА;ЛОЖЬ;;;;;;;;;;;;;;;;Output;EPKS_CCB;ESD_932_1;10322;;;;;;;;
M;300_1017_4;;;;;93HS551B_I;;ЛОЖЬ;ЛОЖЬ;;1017;;;;;;;0;;;;2185;ЛОЖЬ;0;;;;;;;0=TRIP INITIATOR;;;;;;;Undefined;;;;;;;;;;;;ЛОЖЬ;ИСТИНА;;;;;;;;;;;;;;;;;;;;;;;;;;;;
M;288_154_1;;;;;93LT436;;ЛОЖЬ;ЛОЖЬ;;154;;;;;;;0;;;;699;ЛОЖЬ;0;;;;;;;1=MO CONFIRMED;;;;;;;Undefined;491;3428;;;;;;;;;;ЛОЖЬ;;;;;;;;;;;;;;;;;;;;;;;;;;;;;
DI;93HS157;;COM;;;H2S Override;No;ИСТИНА;ИСТИНА;;316;;;;;;;0;;;;2834;ЛОЖЬ;37232;None;;;;;;1=REQUEST;;;;;;;Undefined;;;;;;;;Freeze;;;;ЛОЖЬ;ИСТИНА;;;ЛОЖЬ;;;;;;;;;;;;;;Input;EPKS_CCB;ESD_932_1;3;;;;;;;;
M;722_9;;;;;;;ЛОЖЬ;ЛОЖЬ;;722;;;;;;;0;;;;4192;ЛОЖЬ;0;;;;;;;;;;;;;;Undefined;;;;;;;;;;;;ЛОЖЬ;ИСТИНА;;;;;;;;;;;;;;;;;;;;;;;;;;;;
T;352_3;;;;;;;ЛОЖЬ;ЛОЖЬ;;352;;;;;;;;100 ms;5;;864;ЛОЖЬ;0;;;;;;;;;;;;;;Undefined;;;Delayed OFF with constant timer value;;;;;;;;;ЛОЖЬ;ИСТИНА;;;;;;;;;;;;;;;;;;;;;;;;;;;;
DO;IB932_ESD_CF;;COM;930-20;A_93020;CONTROLLER ESD_932_1 FAULT;No;ИСТИНА;ЛОЖЬ;;16;;;;;;;0;;;;349;ЛОЖЬ;38473;None;;;;;;0=FAULT;0=FAULT;;;;;;Undefined;;;;;;;;;;;;ЛОЖЬ;ИСТИНА;;;;;;;;;;;;;;;;;Output;EPKS_CCB;ESD_932_1;1296;;;;;;;;
T;300_2;;;;;;;ЛОЖЬ;ЛОЖЬ;;300;;;;;;;;100 ms;10;;488;ЛОЖЬ;0;;;;;;;;;;;;;;Undefined;;;Delayed OFF with constant timer value;;;;;;;;;ЛОЖЬ;ИСТИНА;;;;;;;;;;;;;;;;;;;;;;;;;;;;
M;C1051_1_I;;;;;Function block marker;;ЛОЖЬ;ЛОЖЬ;;1051;;;;;;;0;;;;2618;ЛОЖЬ;0;;;;;;;;;;;;;;Undefined;;;;;;;;;;;;ЛОЖЬ;ИСТИНА;;;;;;;;;;;;;;;;;;;;;;;;;;;;
M;C310_4_C;;;;;Function block marker;;ЛОЖЬ;ЛОЖЬ;;310;;;;;;;0;;;;3742;ЛОЖЬ;0;;;;;;;;;;;;;;Undefined;;;;;;;;;;;;ЛОЖЬ;ИСТИНА;;;;;;;;;;;;;;;;;;;;;;;;;;;;
M;C368_2_E;;;;;Function block marker;;ЛОЖЬ;ЛОЖЬ;;368;;;;;;;0;;;;2730;ЛОЖЬ;0;;;;;;;;;;;;;;Undefined;491;3428;;;;;;;;;;ЛОЖЬ;;;;;;;;;;;;;;;;;;;;;;;;;;;;;
DO;93PILL768_CA;;COM;;;CAUSE ALARM;No;ЛОЖЬ;ЛОЖЬ;;365;;;;;;;0;;;;3298;ЛОЖЬ;0;None;;;;;;0=ALARM;0=ALARM;;;;;;Undefined;;;;;;;;;;;;ЛОЖЬ;ИСТИНА;;;;;;;;;;;;;;;;;Output;EPKS_CCB;ESD_932_1;1184;;;;;;;;
T;530_1;;;930-20;;;;ЛОЖЬ;ЛОЖЬ;;530;;;;;;;;100 ms;5;;388;ЛОЖЬ;0;;;;;;;;;;;;;;Undefined;491;3428;Delayed OFF with constant timer value;;;;;;;;;ЛОЖЬ;;;;;;;;;;;;;;;;;;;;;;;;;;;;;
DO;93PIHH770_CA;;COM;;;CAUSE ALARM;No;ЛОЖЬ;ЛОЖЬ;;366;;;;;;;0;;;;3299;ЛОЖЬ;0;None;;;;;;0=ALARM;0=ALARM;;;;;;Undefined;;;;;;;;;;;;ЛОЖЬ;ИСТИНА;;;;;;;;;;;;;;;;;Output;EPKS_CCB;ESD_932_1;1194;;;;;;;;
DO;93PALL884;;COM;930-20;A_C93021;C9302001CX PUR GAS SUP;No;ИСТИНА;ЛОЖЬ;;704;;;;;;;0;;;;1315;ИСТИНА;37867;None;;;;;;0=TRIP;;;;;;;Undefined;491;3428;;;;;;;;;;ЛОЖЬ;;;;;;;;;;;;;;;;;;Output;EPKS_CCB;ESD_932_1;635;;;;;;;;
M;798_1051_3;;;;;93HS860_P;;ЛОЖЬ;ЛОЖЬ;;1051;;;;;;;0;;;;2534;ЛОЖЬ;0;;;;;;;1=RESET;;;;;;;Undefined;;;;;;;;;;;;ЛОЖЬ;ИСТИНА;;;;;;;;;;;;;;;;;;;;;;;;;;;;
BO;93PI884_LL;;COM;930-20;A_C93021;LL TRIP SETPOINT (MPa-g);No;ИСТИНА;ЛОЖЬ;;704;;Float;;;;;0;;;;748;;38091;;;;;;;;;0;0;;;;-XXXXX.X;491;3428;;;;;;;;;;ЛОЖЬ;;;;;;;;;;;;;;;;;;Output;EPKS_CCB;ESD_932_1;10244;;;;;;;;
DO;93TAHH859_FU;;COM;930-20;A_C93021;C9302001CX COOL H2O CYL2;No;ИСТИНА;ЛОЖЬ;;1045;;;;;;;0;;;;2594;ЛОЖЬ;38316;None;;;;;;1=FIRST;;;;;;;Undefined;;;;;;;;;;;;ЛОЖЬ;ИСТИНА;;;;;;;;;;;;;;;;;Output;EPKS_CCB;ESD_932_1;1157;;;;;;;;
M;C284_6_E;;;;;Function block marker;;ЛОЖЬ;ЛОЖЬ;;284;;;;;;;0;;;;3830;ЛОЖЬ;0;;;;;;;;;;;;;;Undefined;;;;;;;;;;;;ЛОЖЬ;ИСТИНА;;;;;;;;;;;;;;;;;;;;;;;;;;;;
M;C1015_1_L;;;;;Function block marker;;ЛОЖЬ;ЛОЖЬ;;1015;;;;;;;0;;;;2429;ЛОЖЬ;0;;;;;;;;;;;;;;Undefined;;;;;;;;;;;;ЛОЖЬ;ИСТИНА;;;;;;;;;;;;;;;;;;;;;;;;;;;;
M;C384_6_G;;;;;Function block marker;;ЛОЖЬ;ЛОЖЬ;;384;;;;;;;0;;;;4570;ЛОЖЬ;0;;;;;;;;;;;;;;Undefined;;;;;;;;;;;;ЛОЖЬ;ИСТИНА;;;;;;;;;;;;;;;;;;;;;;;;;;;;
DI;93VSHH851A;;BNS;930-20;A_C93021;C-9302001CX VIBR CRANK;Yes;ИСТИНА;ЛОЖЬ;;728;;;;;;;;;;;37;ИСТИНА;38409;None;;;;;;0=TRIP;0=TRIP;;;;;;Undefined;;;;20.03;5;14;1;Low;;;;ЛОЖЬ;ИСТИНА;;;ЛОЖЬ;View only;;;;;;;;;;;;;Output;EPKS_CCB;ESD_932_1;1290;;;;;;;;
DO;93LALL413_P;;COM;930-20;A_93020;HYD GAS COND  V9302003A;No;ИСТИНА;ЛОЖЬ;;258;;;;;;;0;;;;430;ЛОЖЬ;37980;None;;;;;;1=ACTIVE;;;;;;;Undefined;491;3428;;;;;;;;;;ЛОЖЬ;;;;;;;;;;;;;;;;;;;;;;;;;;Output;CC_CCB_1;ESD_932_1;52
R;364_365_5;;;;;93PI769;;ЛОЖЬ;ЛОЖЬ;;365;;Float;;;;;0;;;;2136;ЛОЖЬ;0;;;;;;;;;;;;;;Undefined;;;;;;;;;;;;ЛОЖЬ;ИСТИНА;;;;;;;;;;;;;;;;;;;;;;;;;;;;
M;C702_7_E;;;;;Function block marker;;ЛОЖЬ;ЛОЖЬ;;702;;;;;;;0;;;;4307;ЛОЖЬ;0;;;;;;;;;;;;;;Undefined;;;;;;;;;;;;ЛОЖЬ;ИСТИНА;;;;;;;;;;;;;;;;;;;;;;;;;;;;
M;C1051_1_L;;;;;Function block marker;;ЛОЖЬ;ЛОЖЬ;;1051;;;;;;;0;;;;2621;ЛОЖЬ;0;;;;;;;;;;;;;;Undefined;;;;;;;;;;;;ЛОЖЬ;ИСТИНА;;;;;;;;;;;;;;;;;;;;;;;;;;;;
M;366_9;;;;;;;ЛОЖЬ;ЛОЖЬ;;366;;;;;;;0;;;;3982;ЛОЖЬ;0;;;;;;;;;;;;;;Undefined;;;;;;;;;;;;ЛОЖЬ;ИСТИНА;;;;;;;;;;;;;;;;;;;;;;;;;;;;
M;C284_7_E;;;;;Function block marker;;ЛОЖЬ;ЛОЖЬ;;284;;;;;;;0;;;;3833;ЛОЖЬ;0;;;;;;;;;;;;;;Undefined;;;;;;;;;;;;ЛОЖЬ;ИСТИНА;;;;;;;;;;;;;;;;;;;;;;;;;;;;
M;C365_4_G;;;;;Function block marker;;ЛОЖЬ;ЛОЖЬ;;365;;;;;;;0;;;;4621;ЛОЖЬ;0;;;;;;;;;;;;;;Undefined;;;;;;;;;;;;ЛОЖЬ;ИСТИНА;;;;;;;;;;;;;;;;;;;;;;;;;;;;
M;716_8;;;;;;;ЛОЖЬ;ЛОЖЬ;;716;;;;;;;0;;;;4198;ЛОЖЬ;0;;;;;;;;;;;;;;Undefined;;;;;;;;;;;;ЛОЖЬ;ИСТИНА;;;;;;;;;;;;;;;;;;;;;;;;;;;;
M;378_1;;;;;;;ЛОЖЬ;ЛОЖЬ;;378;;;;;;;0;;;;741;ЛОЖЬ;0;;;;;;;;;;;;;;Undefined;491;3428;;;;;;;;;;ЛОЖЬ;;;;;;;;;;;;;;;;;;;;;;;;;;;;;
M;C382_3_F;;;;;Function block marker;;ЛОЖЬ;ЛОЖЬ;;382;;;;;;;0;;;;3531;ЛОЖЬ;0;;;;;;;;;;;;;;Undefined;;;;;;;;;;;;ЛОЖЬ;ИСТИНА;;;;;;;;;;;;;;;;;;;;;;;;;;;;
M;1021_5;;;;;;;ЛОЖЬ;ЛОЖЬ;;1021;;;;;;;0;;;;2231;ЛОЖЬ;0;;;;;;;;;;;;;;Undefined;;;;;;;;;;;;ЛОЖЬ;ИСТИНА;;;;;;;;;;;;;;;;;;;;;;;;;;;;
M;430_788_3;;;;;93HS765_P;;ЛОЖЬ;ЛОЖЬ;;788;;;;;;;0;;;;1569;ЛОЖЬ;0;;;;;;;1=RESET;;;;;;;Undefined;491;3428;;;;;;;;;;ЛОЖЬ;;;;;;;;;;;;;;;;;;;;;;;;;;;;;
M;254_152_1;;;;;93FT430;;ЛОЖЬ;ЛОЖЬ;;152;;;;;;;0;;;;424;ЛОЖЬ;0;;;;;;;1=MO CONFIRMED;;;;;;;Undefined;491;3428;;;;;;;;;;ЛОЖЬ;;;;;;;;;;;;;;;;;;;;;;;;;;;;;
M;C270_2_E;;;;;Function block marker;;ЛОЖЬ;ЛОЖЬ;;270;;;;;;;0;;;;682;ЛОЖЬ;0;;;;;;;;;;;;;;Undefined;491;3428;;;;;;;;;;ЛОЖЬ;;;;;;;;;;;;;;;;;;;;;;;;;;;;;
M;C430_1_C;;;;;Function block marker;;ЛОЖЬ;ЛОЖЬ;;430;;;;;;;0;;;;1871;ЛОЖЬ;0;;;;;;;;;;;;;;Undefined;491;3428;;;;;;;;;;ЛОЖЬ;;;;;;;;;;;;;;;;;;;;;;;;;;;;;
DO;93PALL777A_CA;;COM;;;CAUSE ALARM;No;ЛОЖЬ;ЛОЖЬ;;368;;;;;;;0;;;;3302;ЛОЖЬ;0;None;;;;;;0=ALARM;0=ALARM;;;;;;Undefined;;;;;;;;;;;;ЛОЖЬ;ИСТИНА;;;;;;;;;;;;;;;;;Output;EPKS_CCB;ESD_932_1;1196;;;;;;;;
T;562_5;;;;;;;ЛОЖЬ;ЛОЖЬ;;562;;;;;;;;100 ms;5;;1340;ЛОЖЬ;0;;;;;;;;;;;;;;Undefined;;;Delayed OFF with constant timer value;;;;;;;;;ЛОЖЬ;ИСТИНА;;;;;;;;;;;;;;;;;;;;;;;;;;;;
M;358_2;;;;;;;ЛОЖЬ;ЛОЖЬ;;358;;;;;;;0;;;;628;ЛОЖЬ;0;;;;;;;;;;;;;;Undefined;491;3428;;;;;;;;;;ЛОЖЬ;;;;;;;;;;;;;;;;;;;;;;;;;;;;;
DI;93HS751B_B2_OT_P;;COM;930-20;A_93020;CAP CTRL BIT 2;No;ИСТИНА;ИСТИНА;;434;;;;;;;0;;;;2104;ИСТИНА;37914;None;;;;;;1=TRUE;;;;;;;Undefined;491;3428;;;;;;Freeze;;;;ЛОЖЬ;;;;ЛОЖЬ;;;;;;;;;;;;;;Output;EPKS_CCB;ESD_932_1;2006;;;;;Input;CC_CCB_1;ESD_932_1;9
DO;93XY447_C;;COM;;;AUTO CLOSURE 93XV447;No;ИСТИНА;ЛОЖЬ;;266;;;;;;;0;;;;1799;ИСТИНА;37531;None;;;;;;0=TRIP;;;;;;;Undefined;491;3428;;;;;;;;;;ЛОЖЬ;;;;;;;;;;;;;;;;;;Output;EPKS_CCB;ESD_932_1;1018;;;;;;;;
M;692_778_2;;;;;93PDAHH880_I;;ЛОЖЬ;ЛОЖЬ;;778;;;;;;;0;;;;862;ЛОЖЬ;0;;;;;;;0=TRIP INITIATOR;;;;;;;Undefined;491;3428;;;;;;;;;;ЛОЖЬ;;;;;;;;;;;;;;;;;;;;;;;;;;;;;
M;648_1;;;;;;;ЛОЖЬ;ЛОЖЬ;;648;;;;;;;0;;;;2667;ЛОЖЬ;0;;;;;;;;;;;;;;Undefined;;;;;;;;;;;;ЛОЖЬ;ИСТИНА;;;;;;;;;;;;;;;;;;;;;;;;;;;;
AI;93FI428;;FLD;930-20;A_C93021;WATER TO COOL C9302001BX;Yes;ИСТИНА;ЛОЖЬ;;252;ИСТИНА;Float;4-20mA;0;100000;kg/h;;;;;208;ЛОЖЬ;37948;;None;None;None;None;;;;-25000;-25000;;;;-XXXXX.X;3.64;22;;20.04;3;2;1;Bottom scale;;;;ЛОЖЬ;;ЛОЖЬ;;;;;;;;;;;;;;;;Output;EPKS_CCB;ESD_932_1;10074;;;;;;;;
M;C568_1_C;;;;;Function block marker;;ЛОЖЬ;ЛОЖЬ;;568;;;;;;;0;;;;1446;ЛОЖЬ;0;;;;;;;;;;;;;;Undefined;491;3428;;;;;;;;;;ЛОЖЬ;;;;;;;;;;;;;;;;;;;;;;;;;;;;;
M;121_123_3;;;;;ESD_001_1-ESD_932_1;;ЛОЖЬ;ЛОЖЬ;;123;;;;;;;0;;;;296;ЛОЖЬ;0;;;;;;;0=FAULT;;;;;;;Undefined;491;3428;;;;;;;;;;ЛОЖЬ;;;;;;;;;;;;;;;;;;;;;;;;;;;;;
DI;93HS801B_B2_OT_P;;COM;930-20;A_93020;CAP CTRL BIT 2;No;ИСТИНА;ИСТИНА;;642;;;;;;;0;;;;1647;ИСТИНА;37272;None;;;;;;1=TRUE;;;;;;;Undefined;491;3428;;;;;;Freeze;;;;ЛОЖЬ;;;;ЛОЖЬ;;;;;;;;;;Input;CC_CCB_2;ESD_932_1;16;Output;EPKS_CCB;ESD_932_1;2013;;;;;;;;
M;C260_3_E;;;;;Function block marker;;ЛОЖЬ;ЛОЖЬ;;260;;;;;;;0;;;;3617;ЛОЖЬ;0;;;;;;;;;;;;;;Undefined;;;;;;;;;;;;ЛОЖЬ;ИСТИНА;;;;;;;;;;;;;;;;;;;;;;;;;;;;
M;552_9;;;;;;;ЛОЖЬ;ЛОЖЬ;;552;;;;;;;0;;;;4091;ЛОЖЬ;0;;;;;;;;;;;;;;Undefined;;;;;;;;;;;;ЛОЖЬ;ИСТИНА;;;;;;;;;;;;;;;;;;;;;;;;;;;;
M;C256_7_F;;;;;Function block marker;;ЛОЖЬ;ЛОЖЬ;;256;;;;;;;0;;;;3888;ЛОЖЬ;0;;;;;;;;;;;;;;Undefined;;;;;;;;;;;;ЛОЖЬ;ИСТИНА;;;;;;;;;;;;;;;;;;;;;;;;;;;;
DO;93FALL855_FU;;COM;930-20;A_C93021;C9302001CX COOL H2O CYL2;No;ИСТИНА;ЛОЖЬ;;1039;;;;;;;0;;;;2578;ЛОЖЬ;38300;None;;;;;;1=FIRST;;;;;;;Undefined;;;;;;;;;;;;ЛОЖЬ;ИСТИНА;;;;;;;;;;;;;;;;;Output;EPKS_CCB;ESD_932_1;1141;;;;;;;;
DO;93XSC421_P;;COM;;;SHUTTER 93XV421;No;ИСТИНА;ЛОЖЬ;;324;;;;;;;0;;;;55;ЛОЖЬ;38025;None;;;;;;1=CLOSE;;;;;;;Undefined;;;;;;;;;;;;ЛОЖЬ;ИСТИНА;;;;;;;;;;;;;;;;;;;;;;;;;Output;CC_CCB_1;ESD_932_1;83
DO;93PAHH871;;COM;930-20;A_C93021;C9302001CX PRS GAS CYL2;No;ИСТИНА;ЛОЖЬ;;700;;;;;;;0;;;;1275;ИСТИНА;37437;None;;;;;;0=TRIP;;;;;;;Undefined;491;3428;;;;;;;;;;ЛОЖЬ;;;;;;;;;;;;;;;;;;Output;EPKS_CCB;ESD_932_1;597;;;;;;;;
M;798_12;;;;;;;ЛОЖЬ;ЛОЖЬ;;798;;;;;;;0;;;;1622;ЛОЖЬ;0;;;;;;;;;;;;;;Undefined;491;3428;;;;;;;;;;ЛОЖЬ;;;;;;;;;;;;;;;;;;;;;;;;;;;;;
DO;93FALL420_FU;;COM;930-20;A_C93021;H2O SYS OIL C9302001AX;No;ИСТИНА;ЛОЖЬ;;1015;;;;;;;0;;;;2219;ЛОЖЬ;38245;None;;;;;;1=FIRST;;;;;;;Undefined;;;;;;;;;;;;ЛОЖЬ;ИСТИНА;;;;;;;;;;;;;;;;;Output;EPKS_CCB;ESD_932_1;1086;;;;;;;;
DO;93LAHH853_FU;;COM;930-20;A_C93021;C9302001CX LEV SEP 2ND;No;ИСТИНА;ЛОЖЬ;;1039;;;;;;;0;;;;2580;ЛОЖЬ;38302;None;;;;;;1=FIRST;;;;;;;Undefined;;;;;;;;;;;;ЛОЖЬ;ИСТИНА;;;;;;;;;;;;;;;;;Output;EPKS_CCB;ESD_932_1;1143;;;;;;;;
M;C256_6_E;;;;;Function block marker;;ЛОЖЬ;ЛОЖЬ;;256;;;;;;;0;;;;3884;ЛОЖЬ;0;;;;;;;;;;;;;;Undefined;;;;;;;;;;;;ЛОЖЬ;ИСТИНА;;;;;;;;;;;;;;;;;;;;;;;;;;;;
M;712_2;;;;;;;ЛОЖЬ;ЛОЖЬ;;712;;;;;;;0;;;;1290;ЛОЖЬ;0;;;;;;;;;;;;;;Undefined;491;3428;;;;;;;;;;ЛОЖЬ;;;;;;;;;;;;;;;;;;;;;;;;;;;;;
M;522_8;;;;;;;ЛОЖЬ;ЛОЖЬ;;522;;;;;;;0;;;;4107;ЛОЖЬ;0;;;;;;;;;;;;;;Undefined;;;;;;;;;;;;ЛОЖЬ;ИСТИНА;;;;;;;;;;;;;;;;;;;;;;;;;;;;
M;C728_1_C;;;;;Function block marker;;ЛОЖЬ;ЛОЖЬ;;728;;;;;;;0;;;;984;ЛОЖЬ;0;;;;;;;;;;;;;;Undefined;491;3428;;;;;;;;;;ЛОЖЬ;;;;;;;;;;;;;;;;;;;;;;;;;;;;;
M;C264_8_D;;;;;Function block marker;;ЛОЖЬ;ЛОЖЬ;;264;;;;;;;0;;;;3879;ЛОЖЬ;0;;;;;;;;;;;;;;Undefined;;;;;;;;;;;;ЛОЖЬ;ИСТИНА;;;;;;;;;;;;;;;;;;;;;;;;;;;;
M;784_1;;;;;;;ЛОЖЬ;ЛОЖЬ;;784;;;;;;;0;;;;1343;ЛОЖЬ;0;;;;;;;;;;;;;;Undefined;491;3428;;;;;;;;;;ЛОЖЬ;;;;;;;;;;;;;;;;;;;;;;;;;;;;;
M;C698_6_B;;;;;Function block marker;;ЛОЖЬ;ЛОЖЬ;;698;;;;;;;0;;;;4327;ЛОЖЬ;0;;;;;;;;;;;;;;Undefined;;;;;;;;;;;;ЛОЖЬ;ИСТИНА;;;;;;;;;;;;;;;;;;;;;;;;;;;;
M;368_1007_4;;;;;93PALL776_I (AFTER OOS);;ЛОЖЬ;ЛОЖЬ;;1007;;;;;;;0;;;;2158;ЛОЖЬ;0;;;;;;;0=TRIP;;;;;;;Undefined;;;;;;;;;;;;ЛОЖЬ;ИСТИНА;;;;;;;;;;;;;;;;;;;;;;;;;;;;
M;1013_12;;;;;;;ЛОЖЬ;ЛОЖЬ;;1013;;;;;;;0;;;;2132;ЛОЖЬ;0;;;;;;;;;;;;;;Undefined;;;;;;;;;;;;ЛОЖЬ;ИСТИНА;;;;;;;;;;;;;;;;;;;;;;;;;;;;
M;394_7;;;;;;;ЛОЖЬ;ЛОЖЬ;;394;;;;;;;0;;;;3657;ЛОЖЬ;0;;;;;;;;;;;;;;Undefined;;;;;;;;;;;;ЛОЖЬ;ИСТИНА;;;;;;;;;;;;;;;;;;;;;;;;;;;;
DO;93PI088_MOC;;COM;930-20;A_93020;MO CONFIRMED;No;ИСТИНА;ЛОЖЬ;;310;;;;;;;0;;;;1708;ИСТИНА;37838;None;;;;;;1=CONFIRMED;;;;;;;Undefined;491;3428;;;;;;;;;;ЛОЖЬ;;;;;;;;;;;;;;;;;;Output;EPKS_CCB;ESD_932_1;517;;;;;;;;
M;C714_4_B;;;;;Function block marker;;ЛОЖЬ;ЛОЖЬ;;714;;;;;;;0;;;;4266;ЛОЖЬ;0;;;;;;;;;;;;;;Undefined;;;;;;;;;;;;ЛОЖЬ;ИСТИНА;;;;;;;;;;;;;;;;;;;;;;;;;;;;
DO;93TAHH784;;COM;930-20;A_C93021;C9302001AX COOLH2O OIL;No;ИСТИНА;ЛОЖЬ;;388;;;;;;;0;;;;806;ИСТИНА;37438;None;;;;;;0=TRIP;;;;;;;Undefined;491;3428;;;;;;;;;;ЛОЖЬ;;;;;;;;;;;;;;;;;;Output;EPKS_CCB;ESD_932_1;725;;;;;;;;
DO;93TI863A_TF;;COM;;;TRANSM FAULT;No;ЛОЖЬ;ЛОЖЬ;;716;;;;;;;0;;;;1817;ИСТИНА;38518;None;;;;;;0=ALARM;0=ALARM;;;;;;Undefined;;;;;;;;;;;;ЛОЖЬ;ИСТИНА;;;;;;;;;;;;;;;;;Output;EPKS_CCB;ESD_932_1;1379;;;;;;;;
DI;93HY854A_P;;COM;930-20;A_C93021;C9302001CX LO START PM2;No;ИСТИНА;ИСТИНА;;798;;;;;;;0;;;;1633;ИСТИНА;37627;None;;;;;;1=START;;;;;;;Undefined;491;3428;;;;;;Low;;;;ЛОЖЬ;;;;ЛОЖЬ;;;;;;;;;;Input;CC_CCB_2;ESD_932_1;2;Output;EPKS_CCB;ESD_932_1;2025;;;;;;;;
DO;93TAHH754;;COM;930-20;A_C93021;C9302001AX TMP PACK CYL1;No;ИСТИНА;ЛОЖЬ;;374;;;;;;;0;;;;718;ИСТИНА;37439;None;;;;;;0=TRIP;;;;;;;Undefined;491;3428;;;;;;;;;;ЛОЖЬ;;;;;;;;;;;;;;;;;;Output;EPKS_CCB;ESD_932_1;711;;;;;;;;
DO;93PI870_TF;;COM;;;TRANSM FAULT;No;ЛОЖЬ;ЛОЖЬ;;700;;;;;;;0;;;;853;ИСТИНА;38517;None;;;;;;0=ALARM;0=ALARM;;;;;;Undefined;;;;;;;;;;;;ЛОЖЬ;ИСТИНА;;;;;;;;;;;;;;;;;Output;EPKS_CCB;ESD_932_1;1354;;;;;;;;
M;1005_1007_1;;;;;FIRST OUT SEQUENCE;;ЛОЖЬ;ЛОЖЬ;;1007;;;;;;;0;;;;2146;ЛОЖЬ;0;;;;;;;1=FU ALARM;;;;;;;Undefined;;;;;;;;;;;;ЛОЖЬ;ИСТИНА;;;;;;;;;;;;;;;;;;;;;;;;;;;;
M;C248_6_F;;;;;Function block marker;;ЛОЖЬ;ЛОЖЬ;;248;;;;;;;0;;;;3921;ЛОЖЬ;0;;;;;;;;;;;;;;Undefined;;;;;;;;;;;;ЛОЖЬ;ИСТИНА;;;;;;;;;;;;;;;;;;;;;;;;;;;;
M;C554_5_F;;;;;Function block marker;;ЛОЖЬ;ЛОЖЬ;;554;;;;;;;0;;;;4406;ЛОЖЬ;0;;;;;;;;;;;;;;Undefined;;;;;;;;;;;;ЛОЖЬ;ИСТИНА;;;;;;;;;;;;;;;;;;;;;;;;;;;;
M;698_170_1;;;;;93PT869;;ЛОЖЬ;ЛОЖЬ;;170;;;;;;;0;;;;1323;ЛОЖЬ;0;;;;;;;1=MO CONFIRMED;;;;;;;Undefined;491;3428;;;;;;;;;;ЛОЖЬ;;;;;;;;;;;;;;;;;;;;;;;;;;;;;
M;C535_4_G;;;;;Function block marker;;ЛОЖЬ;ЛОЖЬ;;535;;;;;;;0;;;;4469;ЛОЖЬ;0;;;;;;;;;;;;;;Undefined;;;;;;;;;;;;ЛОЖЬ;ИСТИНА;;;;;;;;;;;;;;;;;;;;;;;;;;;;
M;312_150_1;;;;;93FT017;;ЛОЖЬ;ЛОЖЬ;;150;;;;;;;0;;;;1747;ЛОЖЬ;0;;;;;;;1=MO CONFIRMED;;;;;;;Undefined;491;3428;;;;;;;;;;ЛОЖЬ;;;;;;;;;;;;;;;;;;;;;;;;;;;;;
M;C542_5_E;;;;;Function block marker;;ЛОЖЬ;ЛОЖЬ;;542;;;;;;;0;;;;4439;ЛОЖЬ;0;;;;;;;;;;;;;;Undefined;;;;;;;;;;;;ЛОЖЬ;ИСТИНА;;;;;;;;;;;;;;;;;;;;;;;;;;;;
DO;93TI812_TF;;COM;930-20;A_C93021;TRANSM. FAIL;No;ИСТИНА;ЛОЖЬ;;552;;;;;;;0;;;;1027;ИСТИНА;37440;None;;;;;;0=FAIL;;;;;;;Undefined;491;3428;;;;;;;;;;ЛОЖЬ;;;;;;;;;;;;;;;;;;Output;EPKS_CCB;ESD_932_1;818;;;;;;;;
DO;93TAHH884_FU;;COM;930-20;A_C93021;C9302001CX COOL H2O OIL;No;ИСТИНА;ЛОЖЬ;;1047;;;;;;;0;;;;2599;ЛОЖЬ;38321;None;;;;;;1=FIRST;;;;;;;Undefined;;;;;;;;;;;;ЛОЖЬ;ИСТИНА;;;;;;;;;;;;;;;;;Output;EPKS_CCB;ESD_932_1;1162;;;;;;;;
DO;93TI759_MOC;;COM;930-20;A_C93021;MO CONFIRMED;No;ИСТИНА;ЛОЖЬ;;378;;;;;;;0;;;;740;ИСТИНА;37441;None;;;;;;1=CONFIRMED;;;;;;;Undefined;491;3428;;;;;;;;;;ЛОЖЬ;;;;;;;;;;;;;;;;;;Output;EPKS_CCB;ESD_932_1;795;;;;;;;;
M;373_811_3;;;;;93TAL930_PERM;;ЛОЖЬ;ЛОЖЬ;;811;;;;;;;0;;;;4039;ЛОЖЬ;0;;;;;;;0=ALARM;;;;;;;Undefined;;;;;;;;;;;;ЛОЖЬ;ИСТИНА;;;;;;;;;;;;;;;;;;;;;;;;;;;;
M;562_168_1;;;;;93TT887;;ЛОЖЬ;ЛОЖЬ;;168;;;;;;;0;;;;1066;ЛОЖЬ;0;;;;;;;1=MO CONFIRMED;;;;;;;Undefined;491;3428;;;;;;;;;;ЛОЖЬ;;;;;;;;;;;;;;;;;;;;;;;;;;;;;
M;566_2;;;;;;;ЛОЖЬ;ЛОЖЬ;;566;;;;;;;0;;;;1198;ЛОЖЬ;0;;;;;;;;;;;;;;Undefined;491;3428;;;;;;;;;;ЛОЖЬ;;;;;;;;;;;;;;;;;;;;;;;;;;;;;
M;C722_5_G;;;;;Function block marker;;ЛОЖЬ;ЛОЖЬ;;722;;;;;;;0;;;;4241;ЛОЖЬ;0;;;;;;;;;;;;;;Undefined;;;;;;;;;;;;ЛОЖЬ;ИСТИНА;;;;;;;;;;;;;;;;;;;;;;;;;;;;
M;394_1013_4;;;;;93VAHH751_I;;ЛОЖЬ;ЛОЖЬ;;1013;;;;;;;0;;;;3662;ЛОЖЬ;0;;;;;;;0=TRIP INITIATOR;;;;;;;Undefined;;;;;;;;;;;;ЛОЖЬ;ИСТИНА;;;;;;;;;;;;;;;;;;;;;;;;;;;;
M;2470_G;;;;;RESET;;ЛОЖЬ;ЛОЖЬ;;2470;;;;;;;0;;;;133;ЛОЖЬ;0;;;;;;;;;;;;;;Undefined;491;3428;;;;;;;;;;ЛОЖЬ;;;;;;;;;;;;;;;;;;;;;;;;;;;;;
T;416_1;;;;;;;ЛОЖЬ;ЛОЖЬ;;416;;;;;;;;100 ms;30;;344;ЛОЖЬ;0;;;;;;;;;;;;;;Undefined;491;3428;Pulse retriggerable with constant timer value;;;;;;;;;ЛОЖЬ;;;;;;;;;;;;;;;;;;;;;;;;;;;;;
M;C320_5_E;;;;;Function block marker;;ЛОЖЬ;ЛОЖЬ;;320;;;;;;;0;;;;4665;ЛОЖЬ;0;;;;;;;;;;;;;;Undefined;;;;;;;;;;;;ЛОЖЬ;ИСТИНА;;;;;;;;;;;;;;;;;;;;;;;;;;;;
M;1039_2;;;;;;;ЛОЖЬ;ЛОЖЬ;;1039;;;;;;;0;;;;2475;ЛОЖЬ;0;;;;;;;;;;;;;;Undefined;;;;;;;;;;;;ЛОЖЬ;ИСТИНА;;;;;;;;;;;;;;;;;;;;;;;;;;;;
BO;93PI473_LL;;COM;930-20;A_93020;LL TRIP SETPOINT (kPA-g);No;ИСТИНА;ЛОЖЬ;;238;;Float;;;;;0;;;;472;;38177;;;;;;;;;0;0;;;;-XXXXX.X;491;3428;;;;;;;;;;ЛОЖЬ;;;;;;;;;;;;;;;;;;Output;EPKS_CCB;ESD_932_1;10218;;;;;;;;
M;C390_6_G;;;;;Function block marker;;ЛОЖЬ;ЛОЖЬ;;390;;;;;;;0;;;;4549;ЛОЖЬ;0;;;;;;;;;;;;;;Undefined;;;;;;;;;;;;ЛОЖЬ;ИСТИНА;;;;;;;;;;;;;;;;;;;;;;;;;;;;
DO;93FI901_MOC;;COM;930-20;A_C93021;MO CONFIRMED;No;ИСТИНА;ЛОЖЬ;;400;;;;;;;0;;;;886;ИСТИНА;37442;None;;;;;;1=CONFIRMED;;;;;;;Undefined;491;3428;;;;;;;;;;ЛОЖЬ;;;;;;;;;;;;;;;;;;Output;EPKS_CCB;ESD_932_1;467;;;;;;;;
DI;20-Flasher-5Hz;;SYS;;;5 Hz flasher;No;ЛОЖЬ;;;0;;;;;;;;;;;30;ЛОЖЬ;0;None;;;;;;;;;;;;;Undefined;491;3428;;;;;;;;;;ЛОЖЬ;;;;ЛОЖЬ;;;;;;;;;;;;;;;;;;;;;;;;;
M;410_412_1;;;;;COMMON TRIP;;ЛОЖЬ;ЛОЖЬ;;412;;;;;;;0;;;;658;ЛОЖЬ;0;;;;;;;0=TRIP;;;;;;;Undefined;491;3428;;;;;;;;;;ЛОЖЬ;;;;;;;;;;;;;;;;;;;;;;;;;;;;;
AI;93TI768;;FLD;930-20;A_C93021;C9302001AX COOL WATER C2;Yes;ИСТИНА;ЛОЖЬ;;386;ИСТИНА;Float;4-20mA;-50;100;°C;;;;;28;ЛОЖЬ;37773;;None;None;None;None;;;;-87.5;-87.5;;;;-XXXXX.X;3.76;21;;20.03;13;8;1;Bottom scale;;;;ЛОЖЬ;;ЛОЖЬ;;;;;;;;;;;;;;;;Output;EPKS_CCB;ESD_932_1;10139;;;;;;;;
M;1007_8;;;;;;;ЛОЖЬ;ЛОЖЬ;;1007;;;;;;;0;;;;2056;ЛОЖЬ;0;;;;;;;;;;;;;;Undefined;;;;;;;;;;;;ЛОЖЬ;ИСТИНА;;;;;;;;;;;;;;;;;;;;;;;;;;;;
M;C550_4_B;;;;;Function block marker;;ЛОЖЬ;ЛОЖЬ;;550;;;;;;;0;;;;4418;ЛОЖЬ;0;;;;;;;;;;;;;;Undefined;;;;;;;;;;;;ЛОЖЬ;ИСТИНА;;;;;;;;;;;;;;;;;;;;;;;;;;;;
M;C404_4_B;;;;;Function block marker;;ЛОЖЬ;ЛОЖЬ;;404;;;;;;;0;;;;4522;ЛОЖЬ;0;;;;;;;;;;;;;;Undefined;;;;;;;;;;;;ЛОЖЬ;ИСТИНА;;;;;;;;;;;;;;;;;;;;;;;;;;;;
M;708_816_2;;;;;93TAH854_PERM;;ЛОЖЬ;ЛОЖЬ;;816;;;;;;;0;;;;4128;ЛОЖЬ;0;;;;;;;0=ALARM;;;;;;;Undefined;;;;;;;;;;;;ЛОЖЬ;ИСТИНА;;;;;;;;;;;;;;;;;;;;;;;;;;;;
R;532_533_3;;;;;93PI815;;ЛОЖЬ;ЛОЖЬ;;533;;Float;;;;;0;;;;2152;ЛОЖЬ;0;;;;;;;;;;;;;;Undefined;;;;;;;;;;;;ЛОЖЬ;ИСТИНА;;;;;;;;;;;;;;;;;;;;;;;;;;;;
M;1049_12;;;;;;;ЛОЖЬ;ЛОЖЬ;;1049;;;;;;;0;;;;3701;ЛОЖЬ;0;;;;;;;;;;;;;;Undefined;;;;;;;;;;;;ЛОЖЬ;ИСТИНА;;;;;;;;;;;;;;;;;;;;;;;;;;;;
M;402_3;;;;;;;ЛОЖЬ;ЛОЖЬ;;402;;;;;;;0;;;;894;ЛОЖЬ;0;;;;;;;;;;;;;;Undefined;491;3428;;;;;;;;;;ЛОЖЬ;;;;;;;;;;;;;;;;;;;;;;;;;;;;;
M;546_1027_2;;;;;93TAHH807_I;;ЛОЖЬ;ЛОЖЬ;;1027;;;;;;;0;;;;2307;ЛОЖЬ;0;;;;;;;0=TRIP INITIATOR;;;;;;;Undefined;;;;;;;;;;;;ЛОЖЬ;ИСТИНА;;;;;;;;;;;;;;;;;;;;;;;;;;;;
DO;93PI876_MOC;;COM;930-20;A_C93021;MO CONFIRMED;No;ИСТИНА;ЛОЖЬ;;702;;;;;;;0;;;;1442;ИСТИНА;37444;None;;;;;;1=CONFIRMED;;;;;;;Undefined;491;3428;;;;;;;;;;ЛОЖЬ;;;;;;;;;;;;;;;;;;Output;EPKS_CCB;ESD_932_1;697;;;;;;;;
DO;93XY125;;FLD;930-20;A_93020;VALVE ON FULE GAS;Yes;ИСТИНА;ЛОЖЬ;;320;;;;;;;0;;;;184;ЛОЖЬ;37445;None;;;;;;0=TRIP;;;;;;;Undefined;491;3428;;20.06;13;1;1;Appl;;;;ЛОЖЬ;;;;;;;;;;;;;;;;;;;;;;;;;;;;;
DO;93LAHH429_CA;;COM;930-20;A_93020;CAUSE ALARM;No;ИСТИНА;ЛОЖЬ;;280;;;;;;;0;;;;448;ЛОЖЬ;37446;None;;;;;;0=ALARM;;;;;;;Undefined;491;3428;;;;;;;;;;ЛОЖЬ;;;;;;;;;;;;;;;;;;Output;EPKS_CCB;ESD_932_1;486;;;;;;;;
M;C294_3_B;;;;;Function block marker;;ЛОЖЬ;ЛОЖЬ;;294;;;;;;;0;;;;2787;ЛОЖЬ;0;;;;;;;;;;;;;;Undefined;491;3428;;;;;;;;;;ЛОЖЬ;;;;;;;;;;;;;;;;;;;;;;;;;;;;;
AI;93PDI830;;FLD;930-20;A_C93021;C9302001BX PROC GAS CYL1;Yes;ИСТИНА;ЛОЖЬ;;528;ИСТИНА;Float;4-20mA;0;400;kPa;;;;;440;ЛОЖЬ;37952;;None;None;None;None;;;;-100;-100;;;;-XXXXX.X;3.64;22;;20.04;9;9;1;Bottom scale;;;;ЛОЖЬ;;ЛОЖЬ;;;;;;;;;;;;;;;;Output;EPKS_CCB;ESD_932_1;10104;;;;;;;;
M;C1023_1_H;;;;;Function block marker;;ЛОЖЬ;ЛОЖЬ;;1023;;;;;;;0;;;;2407;ЛОЖЬ;0;;;;;;;;;;;;;;Undefined;;;;;;;;;;;;ЛОЖЬ;ИСТИНА;;;;;;;;;;;;;;;;;;;;;;;;;;;;
DO;93XY460;;MCC;930-20;A_93020;AUTO CLOSURE 93XV460;Yes;ИСТИНА;ЛОЖЬ;;272;;;;;;;0;;;;95;ЛОЖЬ;37448;None;;;;;;1=CLOSE;;;;;;;Undefined;491;3428;;20.06;1;8;1;Appl;;;;ЛОЖЬ;;;;;;;;;;;;;;;;;;;;;;;;;;;;;
BI;20-Day;;SYS;;;Day;No;ЛОЖЬ;;;19;;Byte;;;;;;;;;3;;0;;;;;;;;;0;0;;;;-XXXXX.X;491;3428;;;;;;;;;;ЛОЖЬ;;;;;;;;;;;;;;;;;;;;;;;;;;;;;
M;C1043_1_M;;;;;Function block marker;;ЛОЖЬ;ЛОЖЬ;;1043;;;;;;;0;;;;2646;ЛОЖЬ;0;;;;;;;;;;;;;;Undefined;;;;;;;;;;;;ЛОЖЬ;ИСТИНА;;;;;;;;;;;;;;;;;;;;;;;;;;;;
M;640_646_2;;;;;CYCLE 2;;ЛОЖЬ;ЛОЖЬ;;646;;;;;;;0;;;;543;ЛОЖЬ;0;;;;;;;1=ACTIVE;;;;;;;Undefined;491;3428;;;;;;;;;;ЛОЖЬ;;;;;;;;;;;;;;;;;;;;;;;;;;;;;
M;1021_1023_1;;;;;FIRST OUT SEQUENCE;;ЛОЖЬ;ЛОЖЬ;;1023;;;;;;;0;;;;2276;ЛОЖЬ;0;;;;;;;1=FU ALARM;;;;;;;Undefined;;;;;;;;;;;;ЛОЖЬ;ИСТИНА;;;;;;;;;;;;;;;;;;;;;;;;;;;;
T;704_2;;;;;;;ЛОЖЬ;ЛОЖЬ;;704;;;;;;;;100 ms;5;;508;ЛОЖЬ;0;;;;;;;;;;;;;;Undefined;491;3428;Delayed OFF with constant timer value;;;;;;;;;ЛОЖЬ;;;;;;;;;;;;;;;;;;;;;;;;;;;;;
M;376_7;;;;;;;ЛОЖЬ;ЛОЖЬ;;376;;;;;;;0;;;;3625;ЛОЖЬ;0;;;;;;;;;;;;;;Undefined;;;;;;;;;;;;ЛОЖЬ;ИСТИНА;;;;;;;;;;;;;;;;;;;;;;;;;;;;
M;700_1043_2;;;;;93PAHH871_I;;ЛОЖЬ;ЛОЖЬ;;1043;;;;;;;0;;;;2541;ЛОЖЬ;0;;;;;;;0=TRIP INITIATOR;;;;;;;Undefined;;;;;;;;;;;;ЛОЖЬ;ИСТИНА;;;;;;;;;;;;;;;;;;;;;;;;;;;;
DO;93TI981_TF;;COM;930-20;A_93020;TRANSM. FAIL;No;ИСТИНА;ЛОЖЬ;;296;;;;;;;0;;;;485;ИСТИНА;37449;None;;;;;;0=FAIL;;;;;;;Undefined;491;3428;;;;;;;;;;ЛОЖЬ;;;;;;;;;;;;;;;;;;Output;EPKS_CCB;ESD_932_1;858;;;;;;;;
M;300_634_1;;;;;93-I-553 GROUP STOP BUTTON;;ЛОЖЬ;ЛОЖЬ;;634;;;;;;;0;;;;1191;ЛОЖЬ;0;;;;;;;0=TRIP;;;;;;;Undefined;491;3428;;;;;;;;;;ЛОЖЬ;;;;;;;;;;;;;;;;;;;;;;;;;;;;;
DO;93PALL461_CA;;COM;930-20;A_93020;CAUSE ALARM;No;ИСТИНА;ЛОЖЬ;;236;;;;;;;0;;;;243;ЛОЖЬ;37450;None;;;;;;0=ALARM;;;;;;;Undefined;491;3428;;;;;;;;;;ЛОЖЬ;;;;;;;;;;;;;;;;;;Output;EPKS_CCB;ESD_932_1;602;;;;;;;;
M;250_9;;;;;;;ЛОЖЬ;ЛОЖЬ;;250;;;;;;;0;;;;3783;ЛОЖЬ;0;;;;;;;;;;;;;;Undefined;;;;;;;;;;;;ЛОЖЬ;ИСТИНА;;;;;;;;;;;;;;;;;;;;;;;;;;;;
M;394_1013_1;;;;;93VAHH752_I;;ЛОЖЬ;ЛОЖЬ;;1013;;;;;;;0;;;;2171;ЛОЖЬ;0;;;;;;;0=TRIP INITIATOR;;;;;;;Undefined;;;;;;;;;;;;ЛОЖЬ;ИСТИНА;;;;;;;;;;;;;;;;;;;;;;;;;;;;
M;C394_1_A;;;;;Compiler marker;;ЛОЖЬ;ЛОЖЬ;;394;;;;;;;0;;;;1589;ЛОЖЬ;0;;;;;;;;;;;;;;Undefined;;;;;;;;;;;;ЛОЖЬ;ИСТИНА;;;;;;;;;;;;;;;;;;;;;;;;;;;;
T;368_3;;;;;;;ЛОЖЬ;ЛОЖЬ;;368;;;;;;;;100 ms;5;;680;ЛОЖЬ;0;;;;;;;;;;;;;;Undefined;;;Delayed OFF with constant timer value;;;;;;;;;ЛОЖЬ;ИСТИНА;;;;;;;;;;;;;;;;;;;;;;;;;;;;
BO;93FI855_L;;COM;;;L ALARM SETPOINT;No;ИСТИНА;ЛОЖЬ;;686;;Float;;;;;0;;;;944;;38210;;;;;;;;;0;0;;;;-XXXXX.X;491;3428;;;;;;;;;;ЛОЖЬ;;;;;;;;;;;;;;;;;;Output;EPKS_CCB;ESD_932_1;10299;;;;;;;;
M;1011_10;;;;;;;ЛОЖЬ;ЛОЖЬ;;1011;;;;;;;0;;;;2092;ЛОЖЬ;0;;;;;;;;;;;;;;Undefined;;;;;;;;;;;;ЛОЖЬ;ИСТИНА;;;;;;;;;;;;;;;;;;;;;;;;;;;;
M;C232_6_G;;;;;Function block marker;;ЛОЖЬ;ЛОЖЬ;;232;;;;;;;0;;;;3967;ЛОЖЬ;0;;;;;;;;;;;;;;Undefined;;;;;;;;;;;;ЛОЖЬ;ИСТИНА;;;;;;;;;;;;;;;;;;;;;;;;;;;;
DO;93PDAHH831_CA;;COM;930-20;A_C93021;CAUSE ALARM;No;ИСТИНА;ЛОЖЬ;;530;;;;;;;0;;;;975;ЛОЖЬ;37451;None;;;;;;0=ALARM;;;;;;;Undefined;491;3428;;;;;;;;;;ЛОЖЬ;;;;;;;;;;;;;;;;;;Output;EPKS_CCB;ESD_932_1;646;;;;;;;;
M;720_174_1;;;;;93TT868;;ЛОЖЬ;ЛОЖЬ;;174;;;;;;;0;;;;1433;ЛОЖЬ;0;;;;;;;1=MO CONFIRMED;;;;;;;Undefined;491;3428;;;;;;;;;;ЛОЖЬ;;;;;;;;;;;;;;;;;;;;;;;;;;;;;
R;404_373_4;;;;;93TI930;;ЛОЖЬ;ЛОЖЬ;;373;;Float;;;;;0;;;;2148;ЛОЖЬ;0;;;;;;;;;;;;;;Undefined;;;;;;;;;;;;ЛОЖЬ;ИСТИНА;;;;;;;;;;;;;;;;;;;;;;;;;;;;
R;2495_A;;;;;NUMERATOR;;ЛОЖЬ;ЛОЖЬ;;2495;;Float;;;;;0;;;;136;ЛОЖЬ;0;;;;;;;;;;;;;;Undefined;491;3428;;;;;;;;;;ЛОЖЬ;;;;;;;;;;;;;;;;;;;;;;;;;;;;;
M;400_816_4;;;;;93FAL902_PERM;;ЛОЖЬ;ЛОЖЬ;;816;;;;;;;0;;;;4073;ЛОЖЬ;0;;;;;;;0=ALARM;;;;;;;Undefined;;;;;;;;;;;;ЛОЖЬ;ИСТИНА;;;;;;;;;;;;;;;;;;;;;;;;;;;;
DO;93ZSLL804_MOC;;COM;930-20;A_C93021;MO CONFIRMED;No;ИСТИНА;ЛОЖЬ;;566;;;;;;;0;;;;1196;ИСТИНА;37452;None;;;;;;1=CONFIRMED;;;;;;;Undefined;491;3428;;;;;;;;;;ЛОЖЬ;;;;;;;;;;;;;;;;;;Output;EPKS_CCB;ESD_932_1;904;;;;;;;;
M;C566_3_B;;;;;Function block marker;;ЛОЖЬ;ЛОЖЬ;;566;;;;;;;0;;;;1451;ЛОЖЬ;0;;;;;;;;;;;;;;Undefined;491;3428;;;;;;;;;;ЛОЖЬ;;;;;;;;;;;;;;;;;;;;;;;;;;;;;
M;C554_5_E;;;;;Function block marker;;ЛОЖЬ;ЛОЖЬ;;554;;;;;;;0;;;;4405;ЛОЖЬ;0;;;;;;;;;;;;;;Undefined;;;;;;;;;;;;ЛОЖЬ;ИСТИНА;;;;;;;;;;;;;;;;;;;;;;;;;;;;
M;1035_5;;;;;;;ЛОЖЬ;ЛОЖЬ;;1035;;;;;;;0;;;;2273;ЛОЖЬ;0;;;;;;;;;;;;;;Undefined;;;;;;;;;;;;ЛОЖЬ;ИСТИНА;;;;;;;;;;;;;;;;;;;;;;;;;;;;
DO;93XY520;;MCC;930-20;A_93020;EM.STOP AM-93020012CX;Yes;ИСТИНА;ЛОЖЬ;;300;;;;;;;0;;;;155;ИСТИНА;37453;None;;;;;;0=TRIP;;;;;;;Undefined;491;3428;;20.06;9;4;1;Appl;;;;ЛОЖЬ;;;;;;;;;;;;;;;;;;Output;EPKS_CCB;ESD_932_1;1047;;;;;;;;
M;C692_5_E;;;;;Function block marker;;ЛОЖЬ;ЛОЖЬ;;692;;;;;;;0;;;;4346;ЛОЖЬ;0;;;;;;;;;;;;;;Undefined;;;;;;;;;;;;ЛОЖЬ;ИСТИНА;;;;;;;;;;;;;;;;;;;;;;;;;;;;
DI;93TI804_MOR;;COM;930-20;A_C93021;MO REQUEST;No;ИСТИНА;ИСТИНА;;544;;;;;;;0;;;;2939;ЛОЖЬ;37454;None;;;;;;1=REQUEST;;;;;;;Undefined;491;3428;;;;;;Freeze;;;;ЛОЖЬ;;;;ЛОЖЬ;;;;;;;;;;;;;;Input;EPKS_CCB;ESD_932_1;108;;;;;;;;
M;C700_5_G;;;;;Function block marker;;ЛОЖЬ;ЛОЖЬ;;700;;;;;;;0;;;;4316;ЛОЖЬ;0;;;;;;;;;;;;;;Undefined;;;;;;;;;;;;ЛОЖЬ;ИСТИНА;;;;;;;;;;;;;;;;;;;;;;;;;;;;
M;320_7;;;;;;;ЛОЖЬ;ЛОЖЬ;;320;;;;;;;0;;;;4031;ЛОЖЬ;0;;;;;;;;;;;;;;Undefined;;;;;;;;;;;;ЛОЖЬ;ИСТИНА;;;;;;;;;;;;;;;;;;;;;;;;;;;;
DO;93TAHH753_FU;;COM;930-20;A_C93021;C9302001AX COOL H2O CYL1;No;ИСТИНА;ЛОЖЬ;;1007;;;;;;;0;;;;2201;ЛОЖЬ;38227;None;;;;;;1=FIRST;;;;;;;Undefined;;;;;;;;;;;;ЛОЖЬ;ИСТИНА;;;;;;;;;;;;;;;;;Output;EPKS_CCB;ESD_932_1;1068;;;;;;;;
T;432_2;;;;;;;ЛОЖЬ;ЛОЖЬ;;432;;;;;;;;100 ms;10;;100;ЛОЖЬ;0;;;;;;;;;;;;;;Undefined;491;3428;Delayed OFF with constant timer value;;;;;;;;;ЛОЖЬ;;;;;;;;;;;;;;;;;;;;;;;;;;;;;
DI;93FI428_MOR;;COM;930-20;A_C93021;MO REQUEST;No;ИСТИНА;ИСТИНА;;252;;;;;;;0;;;;2842;ЛОЖЬ;37455;None;;;;;;1=REQUEST;;;;;;;Undefined;491;3428;;;;;;Freeze;;;;ЛОЖЬ;;;;ЛОЖЬ;;;;;;;;;;;;;;Input;EPKS_CCB;ESD_932_1;11;;;;;;;;
M;558_1029_3;;;;;93TAHH834_I (AFTER OOS);;ЛОЖЬ;ЛОЖЬ;;1029;;;;;;;0;;;;2313;ЛОЖЬ;0;;;;;;;0=TRIP;;;;;;;Undefined;;;;;;;;;;;;ЛОЖЬ;ИСТИНА;;;;;;;;;;;;;;;;;;;;;;;;;;;;
DI;20-ExtComFaultCC1;;SYS;;;Ext com fault Com ch 1;Yes;ЛОЖЬ;;;16;;;;;;;;;;;6;ЛОЖЬ;0;None;;;;;;;;;;;;;Undefined;491;3428;;;;;;;;;;ЛОЖЬ;;;;ЛОЖЬ;;;;;;;;;;;;;;;;;;;;;;;;;
M;C1031_1_I;;;;;Function block marker;;ЛОЖЬ;ЛОЖЬ;;1031;;;;;;;0;;;;2384;ЛОЖЬ;0;;;;;;;;;;;;;;Undefined;;;;;;;;;;;;ЛОЖЬ;ИСТИНА;;;;;;;;;;;;;;;;;;;;;;;;;;;;
M;548_1;;;;;;;ЛОЖЬ;ЛОЖЬ;;548;;;;;;;0;;;;1046;ЛОЖЬ;0;;;;;;;;;;;;;;Undefined;491;3428;;;;;;;;;;ЛОЖЬ;;;;;;;;;;;;;;;;;;;;;;;;;;;;;
BO;93PI776_LL;;COM;930-20;A_C93021;LL TRIP SETPOINT (MPa-g);No;ИСТИНА;ЛОЖЬ;;368;;Float;;;;;0;;;;392;;38169;;;;;;;;;0;0;;;;-XXXXX.X;491;3428;;;;;;;;;;ЛОЖЬ;;;;;;;;;;;;;;;;;;Output;EPKS_CCB;ESD_932_1;10227;;;;;;;;
DO;93HS709_MOD;;COM;930-20;A_93020;MOS EN AREA 930-20;No;ИСТИНА;ЛОЖЬ;;131;;;;;;;0;;;;1793;ЛОЖЬ;37921;None;;;;;;1=NOT ENABLE;;;;;;;Undefined;491;3428;;;;;;;;;;ЛОЖЬ;;;;;;;;;;;;;;;;;;Output;EPKS_CCB;ESD_932_1;511;;;;;;;;
DI;93LI411_MOR;;COM;930-20;A_93020;MO REQUEST;No;ИСТИНА;ИСТИНА;;256;;;;;;;0;;;;2867;ЛОЖЬ;37456;None;;;;;;1=REQUEST;;;;;;;Undefined;491;3428;;;;;;Freeze;;;;ЛОЖЬ;;;;ЛОЖЬ;;;;;;;;;;;;;;Input;EPKS_CCB;ESD_932_1;36;;;;;;;;
AI;93TI868;;FLD;930-20;A_C93021;C9302001CX COOL WATER C2;Yes;ИСТИНА;ЛОЖЬ;;720;ИСТИНА;Float;4-20mA;-50;100;°C;;;;;528;ЛОЖЬ;37955;;None;None;None;None;;;;-87.5;-87.5;;;;-XXXXX.X;3.76;21;;20.04;11;14;1;Bottom scale;;;;ЛОЖЬ;;ЛОЖЬ;;;;;;;;;;;;;;;;Output;EPKS_CCB;ESD_932_1;10159;;;;;;;;
M;720_1047_2;;;;;93TAHH868_I;;ЛОЖЬ;ЛОЖЬ;;1047;;;;;;;0;;;;2552;ЛОЖЬ;0;;;;;;;0=TRIP INITIATOR;;;;;;;Undefined;;;;;;;;;;;;ЛОЖЬ;ИСТИНА;;;;;;;;;;;;;;;;;;;;;;;;;;;;
M;C294_4_D;;;;;Function block marker;;ЛОЖЬ;ЛОЖЬ;;294;;;;;;;0;;;;2788;ЛОЖЬ;0;;;;;;;;;;;;;;Undefined;491;3428;;;;;;;;;;ЛОЖЬ;;;;;;;;;;;;;;;;;;;;;;;;;;;;;
M;696_815_5;;;;;93PAH865_PERM;;ЛОЖЬ;ЛОЖЬ;;815;;;;;;;0;;;;4154;ЛОЖЬ;0;;;;;;;0=ALARM;;;;;;;Undefined;;;;;;;;;;;;ЛОЖЬ;ИСТИНА;;;;;;;;;;;;;;;;;;;;;;;;;;;;
M;354_8;;;;;;;ЛОЖЬ;ЛОЖЬ;;354;;;;;;;0;;;;4014;ЛОЖЬ;0;;;;;;;;;;;;;;Undefined;;;;;;;;;;;;ЛОЖЬ;ИСТИНА;;;;;;;;;;;;;;;;;;;;;;;;;;;;
DO;93PI871_MOC;;COM;930-20;A_C93021;MO CONFIRMED;No;ИСТИНА;ЛОЖЬ;;700;;;;;;;0;;;;1553;ИСТИНА;37458;None;;;;;;1=CONFIRMED;;;;;;;Undefined;491;3428;;;;;;;;;;ЛОЖЬ;;;;;;;;;;;;;;;;;;Output;EPKS_CCB;ESD_932_1;695;;;;;;;;
AI;93TI482;;FLD;930-20;A_93020;TORCH GAS TO C-9302001AX;Yes;ИСТИНА;ЛОЖЬ;;230;ИСТИНА;Float;4-20mA;0;100;°C;;;;;164;ЛОЖЬ;37799;;None;None;None;None;;;;-25;-25;;;;-XXXXX.X;3.76;21;;20.04;1;8;1;Bottom scale;;;;ЛОЖЬ;;ЛОЖЬ;;;;;;;;;;;;;;;;Output;EPKS_CCB;ESD_932_1;10129;;;;;;;;
DO;93HY754_C;;COM;;;C-9302001AX LO START PM2;No;ИСТИНА;ЛОЖЬ;;448;;;;;;;0;;;;2008;ИСТИНА;37578;None;;;;;;0=TRIP;;;;;;;Undefined;491;3428;;;;;;;;;;ЛОЖЬ;;;;;;;;;;;;;;;;;;Output;EPKS_CCB;ESD_932_1;1009;;;;;;;;
DO;93XY767;;FLD;930-20;A_C93021;C9302001AX  VALVE UNLOAD;Yes;ИСТИНА;ЛОЖЬ;;450;;;;;;;0;;;;25;ИСТИНА;37460;None;;;;;;0=TRIP;;;;;;;Undefined;491;3428;;20.05;5;2;1;Appl;;;;ЛОЖЬ;;;;;;;;;;;;;;;;;;Output;EPKS_CCB;ESD_932_1;998;;;;;;;;
T;784_1;;;;;;;ЛОЖЬ;ЛОЖЬ;;784;;;;;;;;100 ms;30;;452;ЛОЖЬ;0;;;;;;;;;;;;;;Undefined;491;3428;Pulse retriggerable with constant timer value;;;;;;;;;ЛОЖЬ;;;;;;;;;;;;;;;;;;;;;;;;;;;;;
AI;93TI484A;;FLD;930-20;A_93020;T. PIPE FROM B-9302002C TO C-9302001CX;Yes;ИСТИНА;ЛОЖЬ;;234;ИСТИНА;Float;4-20mA;0;100;°C;;;;;52;ЛОЖЬ;38426;;None;None;None;None;;;;;;;;;-XXXXX.X;3.76;21;;20.03;13;14;1;Bottom scale;;;;ЛОЖЬ;ИСТИНА;ЛОЖЬ;;;;;;;;;;;;;;;;Output;EPKS_CCB;ESD_932_1;10316;;;;;;;;
M;2470_A;;;;;Loop;;ЛОЖЬ;ЛОЖЬ;;2470;;;;;;;0;;;;138;ЛОЖЬ;0;;;;;;;;;;;;;;Undefined;491;3428;;;;;;;;;;ЛОЖЬ;;;;;;;;;;;;;;;;;;;;;;;;;;;;;
M;550_630_2;;;;;93TAHH811_I;;ЛОЖЬ;ЛОЖЬ;;630;;;;;;;0;;;;1022;ЛОЖЬ;0;;;;;;;0=TRIP INITIATOR;;;;;;;Undefined;491;3428;;;;;;;;;;ЛОЖЬ;;;;;;;;;;;;;;;;;;;;;;;;;;;;;
T;700_5;;;;;;;ЛОЖЬ;ЛОЖЬ;;700;;;;;;;;100 ms;5;;1448;ЛОЖЬ;0;;;;;;;;;;;;;;Undefined;;;Delayed OFF with constant timer value;;;;;;;;;ЛОЖЬ;ИСТИНА;;;;;;;;;;;;;;;;;;;;;;;;;;;;
DI;93TI857_MOR;;COM;930-20;A_C93021;MO REQUEST;No;ИСТИНА;ИСТИНА;;710;;;;;;;0;;;;2957;ЛОЖЬ;37461;None;;;;;;1=REQUEST;;;;;;;Undefined;491;3428;;;;;;Freeze;;;;ЛОЖЬ;;;;ЛОЖЬ;;;;;;;;;;;;;;Input;EPKS_CCB;ESD_932_1;126;;;;;;;;
DO;93LI419_MOC;;COM;930-20;A_93020;MO CONFIRMED;No;ИСТИНА;ЛОЖЬ;;264;;;;;;;0;;;;399;ИСТИНА;37462;None;;;;;;1=CONFIRMED;;;;;;;Undefined;491;3428;;;;;;;;;;ЛОЖЬ;;;;;;;;;;;;;;;;;;Output;EPKS_CCB;ESD_932_1;547;;;;;;;;
M;536_628_2;;;;;93PAHH821_I;;ЛОЖЬ;ЛОЖЬ;;628;;;;;;;0;;;;857;ЛОЖЬ;0;;;;;;;0=TRIP INITIATOR;;;;;;;Undefined;491;3428;;;;;;;;;;ЛОЖЬ;;;;;;;;;;;;;;;;;;;;;;;;;;;;;
DO;93TAHH812;;COM;930-20;A_C93021;C9302001BX H2O COOL CYL1;No;ИСТИНА;ЛОЖЬ;;552;;;;;;;0;;;;1026;ИСТИНА;37463;None;;;;;;0=TRIP;;;;;;;Undefined;491;3428;;;;;;;;;;ЛОЖЬ;;;;;;;;;;;;;;;;;;Output;EPKS_CCB;ESD_932_1;737;;;;;;;;
M;728_782_4;;;;;93VAHH851_I;;ЛОЖЬ;ЛОЖЬ;;782;;;;;;;0;;;;3693;ЛОЖЬ;0;;;;;;;0=TRIP INITIATOR;;;;;;;Undefined;;;;;;;;;;;;ЛОЖЬ;ИСТИНА;;;;;;;;;;;;;;;;;;;;;;;;;;;;
M;C250_5_B;;;;;Function block marker;;ЛОЖЬ;ЛОЖЬ;;250;;;;;;;0;;;;3910;ЛОЖЬ;0;;;;;;;;;;;;;;Undefined;;;;;;;;;;;;ЛОЖЬ;ИСТИНА;;;;;;;;;;;;;;;;;;;;;;;;;;;;
DO;93XA857;;COM;930-20;A_C93021;C9302001CX CON TRIP ALR;No;ИСТИНА;ЛОЖЬ;;784;;;;;;;0;;;;1374;ИСТИНА;37869;None;;;;;;0=TRIP;;;;;;;Undefined;491;3428;;;;;;;;;;ЛОЖЬ;;;;;;;;;;;;;;;;;;Output;EPKS_CCB;ESD_932_1;881;;;;;;;;
M;C448_2_A;;;;;Compiler marker;;ЛОЖЬ;ЛОЖЬ;;448;;;;;;;0;;;;1859;ЛОЖЬ;0;;;;;;;;;;;;;;Undefined;491;3428;;;;;;;;;;ЛОЖЬ;;;;;;;;;;;;;;;;;;;;;;;;;;;;;
AI;93FI017;;FLD;;;FUEL GAS;Yes;ИСТИНА;ЛОЖЬ;;312;ИСТИНА;Float;4-20mA;0;630;kg/h;;;;;172;ЛОЖЬ;37752;;None;None;None;None;;;;-157.4;-157.4;;;;-XXXXX.X;3.64;22;;20.04;1;10;1;Bottom scale;;;;ЛОЖЬ;;ЛОЖЬ;;;;;;;;;;;;;;;;Output;EPKS_CCB;ESD_932_1;10065;;;;;;;;
M;C697_4_E;;;;;Function block marker;;ЛОЖЬ;ЛОЖЬ;;697;;;;;;;0;;;;4331;ЛОЖЬ;0;;;;;;;;;;;;;;Undefined;;;;;;;;;;;;ЛОЖЬ;ИСТИНА;;;;;;;;;;;;;;;;;;;;;;;;;;;;
M;402_430_2;;;;;93PALL926_I (AFTER OOS);;ЛОЖЬ;ЛОЖЬ;;430;;;;;;;0;;;;879;ЛОЖЬ;0;;;;;;;0=TRIP INITIATOR;;;;;;;Undefined;491;3428;;;;;;;;;;ЛОЖЬ;;;;;;;;;;;;;;;;;;;;;;;;;;;;;
DO;93VAHH851_PA;;COM;930-20;A_C93021;1OO2 PRE ALARM;No;ИСТИНА;ЛОЖЬ;;728;;;;;;;0;;;;3690;ЛОЖЬ;38408;None;;;;;;0=ALARM;0=ALARM;;;;;;Undefined;;;;;;;;;;;;ЛОЖЬ;ИСТИНА;;;;;;;;;;;;;;;;;Output;EPKS_CCB;ESD_932_1;1292;;;;;;;;
R;2432_C;;;;;SIGNAL 1;;ЛОЖЬ;ЛОЖЬ;;2432;;Float;;;;;0;;;;24;ЛОЖЬ;0;;;;;;;;;;;;;;Undefined;;;;;;;;;;;;ЛОЖЬ;ИСТИНА;;;;;;;;;;;;;;;;;;;;;;;;;;;;
M;430_448_1;;;;;CW COMMON TRIP;;ЛОЖЬ;ЛОЖЬ;;448;;;;;;;0;;;;840;ЛОЖЬ;0;;;;;;;0=TRIP;;;;;;;Undefined;491;3428;;;;;;;;;;ЛОЖЬ;;;;;;;;;;;;;;;;;;;;;;;;;;;;;
M;400_814_4;;;;;93FAL902_PERM;;ЛОЖЬ;ЛОЖЬ;;814;;;;;;;0;;;;3999;ЛОЖЬ;0;;;;;;;0=ALARM;;;;;;;Undefined;;;;;;;;;;;;ЛОЖЬ;ИСТИНА;;;;;;;;;;;;;;;;;;;;;;;;;;;;
T;560_6;;;;;;;ЛОЖЬ;ЛОЖЬ;;560;;;;;;;;100 ms;5;;1336;ЛОЖЬ;0;;;;;;;;;;;;;;Undefined;;;Delayed OFF with constant timer value;;;;;;;;;ЛОЖЬ;ИСТИНА;;;;;;;;;;;;;;;;;;;;;;;;;;;;
M;2347_A;;;;;1=MO REQUEST;;ЛОЖЬ;ЛОЖЬ;;2347;;;;;;;0;;;;1612;ЛОЖЬ;0;;;;;;;;;;;;;;Undefined;491;3428;;;;;;;;;;ЛОЖЬ;;;;;;;;;;;;;;;;;;;;;;;;;;;;;
M;380_412_2;;;;;93TAHH761_I;;ЛОЖЬ;ЛОЖЬ;;412;;;;;;;0;;;;596;ЛОЖЬ;0;;;;;;;0=TRIP INITIATOR;;;;;;;Undefined;491;3428;;;;;;;;;;ЛОЖЬ;;;;;;;;;;;;;;;;;;;;;;;;;;;;;
R;534_535_3;;;;;93PI818;;ЛОЖЬ;ЛОЖЬ;;535;;Float;;;;;0;;;;2160;ЛОЖЬ;0;;;;;;;;;;;;;;Undefined;;;;;;;;;;;;ЛОЖЬ;ИСТИНА;;;;;;;;;;;;;;;;;;;;;;;;;;;;
DO;93FALL429_CA;;COM;930-20;A_C93021;CAUSE ALARM;No;ЛОЖЬ;ЛОЖЬ;;254;;;;;;;0;;;;3317;ЛОЖЬ;0;None;;;;;;0=ALARM;0=ALARM;;;;;;Undefined;;;;;;;;;;;;ЛОЖЬ;ИСТИНА;;;;;;;;;;;;;;;;;Output;EPKS_CCB;ESD_932_1;1212;;;;;;;;
M;C316_6_E;;;;;Function block marker;;ЛОЖЬ;ЛОЖЬ;;316;;;;;;;0;;;;4681;ЛОЖЬ;0;;;;;;;;;;;;;;Undefined;;;;;;;;;;;;ЛОЖЬ;ИСТИНА;;;;;;;;;;;;;;;;;;;;;;;;;;;;
M;C1021_1_K;;;;;Function block marker;;ЛОЖЬ;ЛОЖЬ;;1021;;;;;;;0;;;;2416;ЛОЖЬ;0;;;;;;;;;;;;;;Undefined;;;;;;;;;;;;ЛОЖЬ;ИСТИНА;;;;;;;;;;;;;;;;;;;;;;;;;;;;
DO;93VAHH851_FU;;COM;930-20;A_C93021;C9302001CX VIB CRANKCASE;No;ИСТИНА;ЛОЖЬ;;1049;;;;;;;0;;;;3702;ЛОЖЬ;38407;None;;;;;;1=FIRST;1=FIRST;;;;;;Undefined;;;;;;;;;;;;ЛОЖЬ;ИСТИНА;;;;;;;;;;;;;;;;;Output;EPKS_CCB;ESD_932_1;1294;;;;;;;;
M;298_566_2;;;;;93ZALL803_I;;ЛОЖЬ;ЛОЖЬ;;566;;;;;;;0;;;;1203;ЛОЖЬ;0;;;;;;;0=TRIP INITIATOR;;;;;;;Undefined;491;3428;;;;;;;;;;ЛОЖЬ;;;;;;;;;;;;;;;;;;;;;;;;;;;;;
AI;93LI410;;FLD;930-20;A_93020;DRAINAGE TO V-9302005;Yes;ИСТИНА;ЛОЖЬ;;256;ИСТИНА;Float;4-20mA;0;100;%;;;;;188;ЛОЖЬ;38425;;None;None;None;None;;;;;;;;;-XXXXX.X;3.64;22;;20.04;1;14;1;Bottom scale;;;;ЛОЖЬ;ИСТИНА;ЛОЖЬ;;;;;;;;;;;;;;;;Output;EPKS_CCB;ESD_932_1;10309;;;;;;;;
M;C292_1_D;;;;;Function block marker;;ЛОЖЬ;ЛОЖЬ;;292;;;;;;;0;;;;2791;ЛОЖЬ;0;;;;;;;;;;;;;;Undefined;491;3428;;;;;;;;;;ЛОЖЬ;;;;;;;;;;;;;;;;;;;;;;;;;;;;;
AI;93TI778;;FLD;;;C-9302001AX TMP BEAR NDE;Yes;ИСТИНА;ЛОЖЬ;;390;ИСТИНА;Float;4-20mA;-50;200;°C;;;;;652;ЛОЖЬ;38516;;None;None;None;None;;;;;;;;;-XXXXX.X;3.76;21;;20.03;11;11;1;Top scale;;;;ЛОЖЬ;ИСТИНА;ЛОЖЬ;;;;;;;;;;;;;;;;Output;EPKS_CCB;ESD_932_1;10342;;;;;;;;
T;798_3;;;;;;;ЛОЖЬ;ЛОЖЬ;;798;;;;;;;;100 ms;50;;404;ЛОЖЬ;0;;;;;;;;;;;;;;Undefined;491;3428;Delayed OFF with constant timer value;;;;;;;;;ЛОЖЬ;;;;;;;;;;;;;;;;;;;;;;;;;;;;;
T;538_12;;;;;;;ЛОЖЬ;ЛОЖЬ;;538;;;;;;;;100 ms;5;;1360;ЛОЖЬ;0;;;;;;;;;;;;;;Undefined;;;Delayed OFF with constant timer value;;;;;;;;;ЛОЖЬ;ИСТИНА;;;;;;;;;;;;;;;;;;;;;;;;;;;;
DO;93HS158_OOC;;COM;;;FUEL GAS Override;No;ИСТИНА;ЛОЖЬ;;312;;;;;;;0;;;;39;ЛОЖЬ;37842;None;;;;;;1=CONFIRMED;;;;;;;Undefined;;;;;;;;;;;;ЛОЖЬ;ИСТИНА;;;;;;;;;;;;;;;;;Output;EPKS_CCB;ESD_932_1;929;;;;;;;;
BO;93TI482_HH;;COM;930-20;A_93020;HH TRIP SETPOINT (°C);No;ИСТИНА;ЛОЖЬ;;230;;Float;;;;;0;;;;380;;38135;;;;;;;;;0;0;;;;-XXXXX.X;491;3428;;;;;;;;;;ЛОЖЬ;;;;;;;;;;;;;;;;;;Output;EPKS_CCB;ESD_932_1;10246;;;;;;;;
M;166_168_1;;;;;MOS AREA C-9302001BX;;ЛОЖЬ;ЛОЖЬ;;168;;;;;;;0;;;;2825;ЛОЖЬ;0;;;;;;;1=ACTIVE;;;;;;;Undefined;491;3428;;;;;;;;;;ЛОЖЬ;;;;;;;;;;;;;;;;;;;;;;;;;;;;;
DO;93PALL869_CA;;COM;;;CAUSE ALARM;No;ИСТИНА;ЛОЖЬ;;699;;;;;;;0;;;;1304;ЛОЖЬ;37870;None;;;;;;0=ALARM;;;;;;;Undefined;491;3428;;;;;;;;;;ЛОЖЬ;;;;;;;;;;;;;;;;;;Output;EPKS_CCB;ESD_932_1;632;;;;;;;;
DO;93LY754;;FLD;930-20;A_C93021;C-9302001AX DRAIN 2ND ST;Yes;ИСТИНА;ЛОЖЬ;;450;;;;;;;0;;;;1;ЛОЖЬ;37464;None;;;;;;1=OPEN;;;;;;;Undefined;491;3428;;20.04;15;2;1;Appl;;;;ЛОЖЬ;;;;;;;;;;;;;;;;;;;;;;;;;;;;;
T;380_5;;;;;;;ЛОЖЬ;ЛОЖЬ;;380;;;;;;;;100 ms;5;;440;ЛОЖЬ;0;;;;;;;;;;;;;;Undefined;;;Delayed OFF with constant timer value;;;;;;;;;ЛОЖЬ;ИСТИНА;;;;;;;;;;;;;;;;;;;;;;;;;;;;
DO;93TAHH861_CA;;COM;930-20;A_C93021;CAUSE ALARM;No;ИСТИНА;ЛОЖЬ;;714;;;;;;;0;;;;1455;ЛОЖЬ;37465;None;;;;;;0=ALARM;;;;;;;Undefined;491;3428;;;;;;;;;;ЛОЖЬ;;;;;;;;;;;;;;;;;;Output;EPKS_CCB;ESD_932_1;758;;;;;;;;
T;714_6;;;;;;;ЛОЖЬ;ЛОЖЬ;;714;;;;;;;;100 ms;5;;1468;ЛОЖЬ;0;;;;;;;;;;;;;;Undefined;;;Delayed OFF with constant timer value;;;;;;;;;ЛОЖЬ;ИСТИНА;;;;;;;;;;;;;;;;;;;;;;;;;;;;
M;564_168_3;;;;;93VSHH801;;ЛОЖЬ;ЛОЖЬ;;168;;;;;;;0;;;;3675;ЛОЖЬ;0;;;;;;;1=MO CONFIRMED;;;;;;;Undefined;;;;;;;;;;;;ЛОЖЬ;ИСТИНА;;;;;;;;;;;;;;;;;;;;;;;;;;;;
DO;93PI784_MOC;;COM;930-20;A_C93021;MO CONFIRMED;No;ИСТИНА;ЛОЖЬ;;370;;;;;;;0;;;;702;ИСТИНА;37466;None;;;;;;1=CONFIRMED;;;;;;;Undefined;491;3428;;;;;;;;;;ЛОЖЬ;;;;;;;;;;;;;;;;;;Output;EPKS_CCB;ESD_932_1;679;;;;;;;;
M;370_810_2;;;;;93PAL783_PERM;;ЛОЖЬ;ЛОЖЬ;;810;;;;;;;0;;;;3984;ЛОЖЬ;0;;;;;;;0=ALARM;;;;;;;Undefined;;;;;;;;;;;;ЛОЖЬ;ИСТИНА;;;;;;;;;;;;;;;;;;;;;;;;;;;;
M;266_154_1;;;;;93LT421;;ЛОЖЬ;ЛОЖЬ;;154;;;;;;;0;;;;769;ЛОЖЬ;0;;;;;;;1=MO CONFIRMED;;;;;;;Undefined;491;3428;;;;;;;;;;ЛОЖЬ;;;;;;;;;;;;;;;;;;;;;;;;;;;;;
M;C316_6_F;;;;;Function block marker;;ЛОЖЬ;ЛОЖЬ;;316;;;;;;;0;;;;4682;ЛОЖЬ;0;;;;;;;;;;;;;;Undefined;;;;;;;;;;;;ЛОЖЬ;ИСТИНА;;;;;;;;;;;;;;;;;;;;;;;;;;;;
M;C121_3;;;;;Compiler marker (288, 234);;ЛОЖЬ;ЛОЖЬ;;121;;;;;;;0;;;;2080;ЛОЖЬ;0;;;;;;;;;;;;;;Undefined;491;3428;;;;;;;;;;ЛОЖЬ;;;;;;;;;;;;;;;;;;;;;;;;;;;;;
M;274_3;;;;;;;ЛОЖЬ;ЛОЖЬ;;274;;;;;;;0;;;;525;ЛОЖЬ;0;;;;;;;;;;;;;;Undefined;491;3428;;;;;;;;;;ЛОЖЬ;;;;;;;;;;;;;;;;;;;;;;;;;;;;;
M;C236_6_F;;;;;Function block marker;;ЛОЖЬ;ЛОЖЬ;;236;;;;;;;0;;;;3948;ЛОЖЬ;0;;;;;;;;;;;;;;Undefined;;;;;;;;;;;;ЛОЖЬ;ИСТИНА;;;;;;;;;;;;;;;;;;;;;;;;;;;;
M;C532_5_G;;;;;Function block marker;;ЛОЖЬ;ЛОЖЬ;;532;;;;;;;0;;;;3490;ЛОЖЬ;0;;;;;;;;;;;;;;Undefined;;;;;;;;;;;;ЛОЖЬ;ИСТИНА;;;;;;;;;;;;;;;;;;;;;;;;;;;;
BO;93TI860_H;;COM;;;HI ALARM SETPOINT;No;ЛОЖЬ;ЛОЖЬ;;714;;Float;;;;;0;;;;2092;;0;;None;None;None;None;;;;;;;;;-XXXXX.X;;;;;;;;;;;;ЛОЖЬ;ИСТИНА;;;;;;;;;;;;;;;;;Output;EPKS_CCB;ESD_932_1;10440;;;;;;;;
DO;93PAHH821A_P;;COM;930-20;A_C93021;INDICATION LIGHT;No;ИСТИНА;ЛОЖЬ;;536;;;;;;;0;;;;1672;ЛОЖЬ;38020;None;;;;;;1=ACTIVE;;;;;;;Undefined;491;3428;;;;;;;;;;ЛОЖЬ;;;;;;;;;;;;;;Output;CC_CCB_2;ESD_932_1;43;;;;;;;;;;;;
M;C1015_1_H;;;;;Function block marker;;ЛОЖЬ;ЛОЖЬ;;1015;;;;;;;0;;;;2425;ЛОЖЬ;0;;;;;;;;;;;;;;Undefined;;;;;;;;;;;;ЛОЖЬ;ИСТИНА;;;;;;;;;;;;;;;;;;;;;;;;;;;;
T;268_6;;;;;;;ЛОЖЬ;ЛОЖЬ;;268;;;;;;;;100 ms;5;;1180;ЛОЖЬ;0;;;;;;;;;;;;;;Undefined;;;Delayed OFF with constant timer value;;;;;;;;;ЛОЖЬ;ИСТИНА;;;;;;;;;;;;;;;;;;;;;;;;;;;;
M;C712_6_E;;;;;Function block marker;;ЛОЖЬ;ЛОЖЬ;;712;;;;;;;0;;;;4277;ЛОЖЬ;0;;;;;;;;;;;;;;Undefined;;;;;;;;;;;;ЛОЖЬ;ИСТИНА;;;;;;;;;;;;;;;;;;;;;;;;;;;;
M;C356_5_F;;;;;Function block marker;;ЛОЖЬ;ЛОЖЬ;;356;;;;;;;0;;;;4648;ЛОЖЬ;0;;;;;;;;;;;;;;Undefined;;;;;;;;;;;;ЛОЖЬ;ИСТИНА;;;;;;;;;;;;;;;;;;;;;;;;;;;;
M;C448_5_D;;;;;Function block marker;;ЛОЖЬ;ЛОЖЬ;;448;;;;;;;0;;;;2693;ЛОЖЬ;0;;;;;;;;;;;;;;Undefined;;;;;;;;;;;;ЛОЖЬ;ИСТИНА;;;;;;;;;;;;;;;;;;;;;;;;;;;;
DO;93FALL805_FU;;COM;930-20;A_C93021;C9302001BX COOL H2O CYL2;No;ИСТИНА;ЛОЖЬ;;1021;;;;;;;0;;;;2332;ЛОЖЬ;38254;None;;;;;;1=FIRST;;;;;;;Undefined;;;;;;;;;;;;ЛОЖЬ;ИСТИНА;;;;;;;;;;;;;;;;;Output;EPKS_CCB;ESD_932_1;1095;;;;;;;;
M;558_2;;;;;;;ЛОЖЬ;ЛОЖЬ;;558;;;;;;;0;;;;1159;ЛОЖЬ;0;;;;;;;;;;;;;;Undefined;491;3428;;;;;;;;;;ЛОЖЬ;;;;;;;;;;;;;;;;;;;;;;;;;;;;;
M;402_2;;;;;;;ЛОЖЬ;ЛОЖЬ;;402;;;;;;;0;;;;893;ЛОЖЬ;0;;;;;;;;;;;;;;Undefined;491;3428;;;;;;;;;;ЛОЖЬ;;;;;;;;;;;;;;;;;;;;;;;;;;;;;
DO;93LAHH801_FU;;COM;930-20;A_C93021;C9302001BX LEV SEP 1ST;No;ИСТИНА;ЛОЖЬ;;1021;;;;;;;0;;;;2333;ЛОЖЬ;38255;None;;;;;;1=FIRST;;;;;;;Undefined;;;;;;;;;;;;ЛОЖЬ;ИСТИНА;;;;;;;;;;;;;;;;;Output;EPKS_CCB;ESD_932_1;1096;;;;;;;;
T;538_10;;;;;;;ЛОЖЬ;ЛОЖЬ;;538;;;;;;;;100 ms;5;;1352;ЛОЖЬ;0;;;;;;;;;;;;;;Undefined;;;Delayed OFF with constant timer value;;;;;;;;;ЛОЖЬ;ИСТИНА;;;;;;;;;;;;;;;;;;;;;;;;;;;;
DO;93HY854;;MCC;930-20;A_C93021;C-9302001CX LO START PM2;Yes;ИСТИНА;ЛОЖЬ;;798;;;;;;;0;;;;156;ЛОЖЬ;37467;None;;;;;;1=START;;;;;;;Undefined;491;3428;;20.06;9;5;1;Appl;;;;ЛОЖЬ;;;;;;;;;;;;;;;;;;;;;;;;;;;;;
M;C724_5_E;;;;;Function block marker;;ЛОЖЬ;ЛОЖЬ;;724;;;;;;;0;;;;4232;ЛОЖЬ;0;;;;;;;;;;;;;;Undefined;;;;;;;;;;;;ЛОЖЬ;ИСТИНА;;;;;;;;;;;;;;;;;;;;;;;;;;;;
DO;93PAHH871A_P;;COM;930-20;A_C93021;INDICATION LIGHT;No;ИСТИНА;ЛОЖЬ;;700;;;;;;;0;;;;1686;ЛОЖЬ;38021;None;;;;;;1=ACTIVE;;;;;;;Undefined;491;3428;;;;;;;;;;ЛОЖЬ;;;;;;;;;;;;;;Output;CC_CCB_2;ESD_932_1;49;;;;;;;;;;;;
M;784_798_1;;;;;C-9302001CX COMMON TRIP;;ЛОЖЬ;ЛОЖЬ;;798;;;;;;;0;;;;1365;ЛОЖЬ;0;;;;;;;0=TRIP;;;;;;;Undefined;491;3428;;;;;;;;;;ЛОЖЬ;;;;;;;;;;;;;;;;;;;;;;;;;;;;;
M;1049_10;;;;;;;ЛОЖЬ;ЛОЖЬ;;1049;;;;;;;0;;;;3699;ЛОЖЬ;0;;;;;;;;;;;;;;Undefined;;;;;;;;;;;;ЛОЖЬ;ИСТИНА;;;;;;;;;;;;;;;;;;;;;;;;;;;;
DO;93PAHH821_CA;;COM;930-20;A_C93021;CAUSE ALARM;No;ИСТИНА;ЛОЖЬ;;536;;;;;;;0;;;;1181;ЛОЖЬ;37468;None;;;;;;0=ALARM;;;;;;;Undefined;491;3428;;;;;;;;;;ЛОЖЬ;;;;;;;;;;;;;;;;;;Output;EPKS_CCB;ESD_932_1;590;;;;;;;;
DO;93FI804_MOC;;COM;930-20;A_C93021;MO CONFIRMED;No;ИСТИНА;ЛОЖЬ;;520;;;;;;;0;;;;950;ИСТИНА;37469;None;;;;;;1=CONFIRMED;;;;;;;Undefined;491;3428;;;;;;;;;;ЛОЖЬ;;;;;;;;;;;;;;;;;;Output;EPKS_CCB;ESD_932_1;459;;;;;;;;
DI;00XS932E01TMP;;CAB;930-20;S_B93_2;IB-93-2 ESD-01 ALARM TEMP;Yes;ИСТИНА;ЛОЖЬ;;18;;;;;;;;;;;4;ИСТИНА;37470;None;;;;;;0=ALARM;;;;;;;Undefined;491;3428;;20.03;1;13;1;Low;;;;ЛОЖЬ;;;;ЛОЖЬ;;;;;;;;;;;;;;Output;EPKS_CCB;ESD_932_1;952;;;;;;;;
AI;93TI784;;FLD;930-20;A_C93021;C-9302001AX COOL H2O OIL;Yes;ИСТИНА;ЛОЖЬ;;388;ИСТИНА;Float;4-20mA;-50;100;°C;;;;;32;ЛОЖЬ;37762;;None;None;None;None;;;;-87.5;-87.5;;;;-XXXXX.X;3.76;21;;20.03;13;9;1;Bottom scale;;;;ЛОЖЬ;;ЛОЖЬ;;;;;;;;;;;;;;;;Output;EPKS_CCB;ESD_932_1;10140;;;;;;;;
M;394_414_1;;;;;93VAHH752_I;;ЛОЖЬ;ЛОЖЬ;;414;;;;;;;0;;;;1766;ЛОЖЬ;0;;;;;;;0=TRIP INITIATOR;;;;;;;Undefined;491;3428;;;;;;;;;;ЛОЖЬ;;;;;;;;;;;;;;;;;;;;;;;;;;;;;
DO;93HS551B_FU;;COM;930-20;A_C93020;STOP BTN 2LCSA3;No;ИСТИНА;ЛОЖЬ;;1057;;;;;;;0;;;;2666;ЛОЖЬ;38334;None;;;;;;1=FIRST;;;;;;;Undefined;;;;;;;;;;;;ЛОЖЬ;ИСТИНА;;;;;;;;;;;;;;;;;Output;EPKS_CCB;ESD_932_1;1175;;;;;;;;
DO;93LAHH428_CA;;COM;930-20;A_93020;CAUSE ALARM;No;ЛОЖЬ;ЛОЖЬ;;280;;;;;;;0;;;;3351;ЛОЖЬ;0;None;;;;;;0=ALARM;0=ALARM;;;;;;Undefined;;;;;;;;;;;;ЛОЖЬ;ИСТИНА;;;;;;;;;;;;;;;;;Output;EPKS_CCB;ESD_932_1;1246;;;;;;;;
M;C1043_1_J;;;;;Function block marker;;ЛОЖЬ;ЛОЖЬ;;1043;;;;;;;0;;;;2643;ЛОЖЬ;0;;;;;;;;;;;;;;Undefined;;;;;;;;;;;;ЛОЖЬ;ИСТИНА;;;;;;;;;;;;;;;;;;;;;;;;;;;;
M;1047_3;;;;;;;ЛОЖЬ;ЛОЖЬ;;1047;;;;;;;0;;;;2505;ЛОЖЬ;0;;;;;;;;;;;;;;Undefined;;;;;;;;;;;;ЛОЖЬ;ИСТИНА;;;;;;;;;;;;;;;;;;;;;;;;;;;;
M;C698_4_E;;;;;Function block marker;;ЛОЖЬ;ЛОЖЬ;;698;;;;;;;0;;;;76;ЛОЖЬ;0;;;;;;;;;;;;;;Undefined;;;;;;;;;;;;ЛОЖЬ;ИСТИНА;;;;;;;;;;;;;;;;;;;;;;;;;;;;
DO;93LI753_TF;;COM;930-20;A_C93021;TRANSM. FAIL;No;ИСТИНА;ЛОЖЬ;;356;;;;;;;0;;;;613;ИСТИНА;37472;None;;;;;;0=FAIL;;;;;;;Undefined;491;3428;;;;;;;;;;ЛОЖЬ;;;;;;;;;;;;;;;;;;Output;EPKS_CCB;ESD_932_1;568;;;;;;;;
DO;93TAHH810_CA;;COM;;;CAUSE ALARM;No;ЛОЖЬ;ЛОЖЬ;;550;;;;;;;0;;;;3333;ЛОЖЬ;0;None;;;;;;0=ALARM;0=ALARM;;;;;;Undefined;;;;;;;;;;;;ЛОЖЬ;ИСТИНА;;;;;;;;;;;;;;;;;Output;EPKS_CCB;ESD_932_1;1228;;;;;;;;
M;248_152_1;;;;;93FT424;;ЛОЖЬ;ЛОЖЬ;;152;;;;;;;0;;;;386;ЛОЖЬ;0;;;;;;;1=MO CONFIRMED;;;;;;;Undefined;491;3428;;;;;;;;;;ЛОЖЬ;;;;;;;;;;;;;;;;;;;;;;;;;;;;;
DO;93VAHH852_PA;;COM;930-20;A_C93021;1OO2 PRE ALARM;No;ИСТИНА;ЛОЖЬ;;728;;;;;;;0;;;;1325;ЛОЖЬ;37872;None;;;;;;0=ALARM;;;;;;;Undefined;491;3428;;;;;;;;;;ЛОЖЬ;;;;;;;;;;;;;;;;;;Output;EPKS_CCB;ESD_932_1;868;;;;;;;;
M;C532_4_B;;;;;Function block marker;;ЛОЖЬ;ЛОЖЬ;;532;;;;;;;0;;;;4480;ЛОЖЬ;0;;;;;;;;;;;;;;Undefined;;;;;;;;;;;;ЛОЖЬ;ИСТИНА;;;;;;;;;;;;;;;;;;;;;;;;;;;;
M;796_800_1;;;;;93XY868A;;ЛОЖЬ;ЛОЖЬ;;800;;;;;;;0;;;;667;ЛОЖЬ;0;;;;;;;1=ACTIVE;;;;;;;Undefined;491;3428;;;;;;;;;;ЛОЖЬ;;;;;;;;;;;;;;;;;;;;;;;;;;;;;
M;316_8;;;;;;;ЛОЖЬ;ЛОЖЬ;;316;;;;;;;0;;;;4035;ЛОЖЬ;0;;;;;;;;;;;;;;Undefined;;;;;;;;;;;;ЛОЖЬ;ИСТИНА;;;;;;;;;;;;;;;;;;;;;;;;;;;;
DI;20-OutputCompare;;SYS;;;Output compare fault;Yes;ЛОЖЬ;;;17;;;;;;;;;;;35;ЛОЖЬ;0;None;;;;;;;;;;;;;Undefined;491;3428;;;;;;;;;;ЛОЖЬ;;;;ЛОЖЬ;;;;;;;;;;;;;;;;;;;;;;;;;
DO;93XY115;;MCC;930-20;A_93020;AUTO CLS SHUTTER 93XV115;Yes;ИСТИНА;ЛОЖЬ;;316;;;;;;;0;;;;57;ЛОЖЬ;37473;None;;;;;;0=TRIP;;;;;;;Undefined;491;3428;;20.05;13;2;1;Appl;;;;ЛОЖЬ;;;;;;;;;;;;;;;;;;;;;;;;;;;;;
M;C1027_1_I;;;;;Function block marker;;ЛОЖЬ;ЛОЖЬ;;1027;;;;;;;0;;;;2396;ЛОЖЬ;0;;;;;;;;;;;;;;Undefined;;;;;;;;;;;;ЛОЖЬ;ИСТИНА;;;;;;;;;;;;;;;;;;;;;;;;;;;;
AI;93LI417;;FLD;930-20;A_93020;HYDROC GAS CON V9302003C;Yes;ИСТИНА;ЛОЖЬ;;262;ИСТИНА;Float;4-20mA;0;100;%;;;;;280;ЛОЖЬ;37775;;None;None;None;None;;;;-25;-25;;;;-XXXXX.X;3.64;22;;20.04;5;3;1;Bottom scale;;;;ЛОЖЬ;;ЛОЖЬ;;;;;;;;;;;;;;;;Output;EPKS_CCB;ESD_932_1;10086;;;;;;;;
M;C1013_1_M;;;;;Function block marker;;ЛОЖЬ;ЛОЖЬ;;1013;;;;;;;0;;;;2436;ЛОЖЬ;0;;;;;;;;;;;;;;Undefined;;;;;;;;;;;;ЛОЖЬ;ИСТИНА;;;;;;;;;;;;;;;;;;;;;;;;;;;;
DI;93HS801B_B1_OT_P;;COM;930-20;A_93020;CAP CTRL BIT 1;No;ИСТИНА;ИСТИНА;;642;;;;;;;0;;;;1646;ИСТИНА;37271;None;;;;;;1=TRUE;;;;;;;Undefined;491;3428;;;;;;Freeze;;;;ЛОЖЬ;;;;ЛОЖЬ;;;;;;;;;;Input;CC_CCB_2;ESD_932_1;15;Output;EPKS_CCB;ESD_932_1;2012;;;;;;;;
DO;93VAHH801_PA;;COM;930-20;A_C93021;1OO2 PRE ALARM;No;ИСТИНА;ЛОЖЬ;;564;;;;;;;0;;;;3673;ЛОЖЬ;38406;None;;;;;;0=ALARM;0=ALARM;;;;;;Undefined;;;;;;;;;;;;ЛОЖЬ;ИСТИНА;;;;;;;;;;;;;;;;;Output;EPKS_CCB;ESD_932_1;1286;;;;;;;;
DO;93LI417_MOC;;COM;930-20;A_93020;MO CONFIRMED;No;ИСТИНА;ЛОЖЬ;;262;;;;;;;0;;;;387;ИСТИНА;37475;None;;;;;;1=CONFIRMED;;;;;;;Undefined;491;3428;;;;;;;;;;ЛОЖЬ;;;;;;;;;;;;;;;;;;Output;EPKS_CCB;ESD_932_1;545;;;;;;;;
M;C728_2_B;;;;;Function block marker;;ЛОЖЬ;ЛОЖЬ;;728;;;;;;;0;;;;359;ЛОЖЬ;0;;;;;;;;;;;;;;Undefined;;;;;;;;;;;;ЛОЖЬ;ИСТИНА;;;;;;;;;;;;;;;;;;;;;;;;;;;;
DI;93PI769_MOR;;COM;930-20;A_C93021;MO REQUEST;No;ИСТИНА;ИСТИНА;;364;;;;;;;0;;;;2906;ЛОЖЬ;37476;None;;;;;;1=REQUEST;;;;;;;Undefined;491;3428;;;;;;Freeze;;;;ЛОЖЬ;;;;ЛОЖЬ;;;;;;;;;;;;;;Input;EPKS_CCB;ESD_932_1;75;;;;;;;;
M;131_2350_2;;;;;MOS 930-20 RELEASED;;ЛОЖЬ;ЛОЖЬ;;2350;;;;;;;0;;;;234;ЛОЖЬ;0;;;;;;;1=RELEASED;;;;;;;Undefined;491;3428;;;;;;;;;;ЛОЖЬ;;;;;;;;;;;;;;;;;;;;;;;;;;;;;
M;728_3;;;;;;;ЛОЖЬ;ЛОЖЬ;;728;;;;;;;0;;;;2728;ЛОЖЬ;0;;;;;;;;;;;;;;Undefined;;;;;;;;;;;;ЛОЖЬ;ИСТИНА;;;;;;;;;;;;;;;;;;;;;;;;;;;;
DO;93FI855_MOC;;COM;930-20;A_C93021;MO CONFIRMED;No;ИСТИНА;ЛОЖЬ;;686;;;;;;;0;;;;1313;ИСТИНА;37477;None;;;;;;1=CONFIRMED;;;;;;;Undefined;491;3428;;;;;;;;;;ЛОЖЬ;;;;;;;;;;;;;;;;;;Output;EPKS_CCB;ESD_932_1;465;;;;;;;;
DO;93TI861_MOC;;COM;930-20;A_C93021;MO CONFIRMED;No;ИСТИНА;ЛОЖЬ;;714;;;;;;;0;;;;1547;ИСТИНА;37478;None;;;;;;1=CONFIRMED;;;;;;;Undefined;491;3428;;;;;;;;;;ЛОЖЬ;;;;;;;;;;;;;;;;;;Output;EPKS_CCB;ESD_932_1;837;;;;;;;;
BO;93TI818_HH;;COM;930-20;A_C93021;HH TRIP SETPOINT (°C);No;ИСТИНА;ЛОЖЬ;;556;;Float;;;;;0;;;;444;;38109;;;;;;;;;0;0;;;;-XXXXX.X;491;3428;;;;;;;;;;ЛОЖЬ;;;;;;;;;;;;;;;;;;Output;EPKS_CCB;ESD_932_1;10265;;;;;;;;
DO;93FALL025_P;;COM;930-20;A_93020;HYDROGEN-CONTAINING GAS;No;ИСТИНА;ЛОЖЬ;;318;;;;;;;0;;;;2014;ЛОЖЬ;38011;None;;;;;;1=ACTIVE;;;;;;;Undefined;491;3428;;;;;;;;;;ЛОЖЬ;;;;;;;;;;;;;;Output;CC_CCB_2;ESD_932_1;68;;;;;;;;;;;;
M;434_438_2;;;;;CAPACITY 50%;;ЛОЖЬ;ЛОЖЬ;;438;;;;;;;0;;;;489;ЛОЖЬ;0;;;;;;;1=ACTIVE;;;;;;;Undefined;491;3428;;;;;;;;;;ЛОЖЬ;;;;;;;;;;;;;;;;;;;;;;;;;;;;;
M;C394_4_D;;;;;Function block marker;;ЛОЖЬ;ЛОЖЬ;;394;;;;;;;0;;;;3735;ЛОЖЬ;0;;;;;;;;;;;;;;Undefined;;;;;;;;;;;;ЛОЖЬ;ИСТИНА;;;;;;;;;;;;;;;;;;;;;;;;;;;;
DI;20-ClockSrcFault3;;SYS;;;Clock source 3 fault;Yes;ЛОЖЬ;;;0;;;;;;;;;;;16;ЛОЖЬ;0;None;;;;;;;;;;;;;Undefined;491;3428;;;;;;;;;;ЛОЖЬ;;;;ЛОЖЬ;;;;;;;;;;;;;;;;;;;;;;;;;
AI;93FI430;;FLD;930-20;A_C93021;WATER TO COOL C9302001CX;Yes;ИСТИНА;ЛОЖЬ;;254;ИСТИНА;Float;4-20mA;0;100000;kg/h;;;;;276;ЛОЖЬ;37938;;None;None;None;None;;;;-25000;-25000;;;;-XXXXX.X;3.64;22;;20.04;5;2;1;Bottom scale;;;;ЛОЖЬ;;ЛОЖЬ;;;;;;;;;;;;;;;;Output;EPKS_CCB;ESD_932_1;10075;;;;;;;;
M;C434_2;;;;;Compiler marker (277, 132);;ЛОЖЬ;ЛОЖЬ;;434;;;;;;;0;;;;1901;ЛОЖЬ;0;;;;;;;;;;;;;;Undefined;491;3428;;;;;;;;;;ЛОЖЬ;;;;;;;;;;;;;;;;;;;;;;;;;;;;;
M;C360_6_E;;;;;Function block marker;;ЛОЖЬ;ЛОЖЬ;;360;;;;;;;0;;;;4640;ЛОЖЬ;0;;;;;;;;;;;;;;Undefined;;;;;;;;;;;;ЛОЖЬ;ИСТИНА;;;;;;;;;;;;;;;;;;;;;;;;;;;;
M;702_780_2;;;;;93PAHH876_I;;ЛОЖЬ;ЛОЖЬ;;780;;;;;;;0;;;;1397;ЛОЖЬ;0;;;;;;;0=TRIP INITIATOR;;;;;;;Undefined;491;3428;;;;;;;;;;ЛОЖЬ;;;;;;;;;;;;;;;;;;;;;;;;;;;;;
T;718_6;;;;;;;ЛОЖЬ;ЛОЖЬ;;718;;;;;;;;100 ms;5;;1476;ЛОЖЬ;0;;;;;;;;;;;;;;Undefined;;;Delayed OFF with constant timer value;;;;;;;;;ЛОЖЬ;ИСТИНА;;;;;;;;;;;;;;;;;;;;;;;;;;;;
DO;93PI834_MOC;;COM;930-20;A_C93021;MO CONFIRMED;No;ИСТИНА;ЛОЖЬ;;540;;;;;;;0;;;;1008;ИСТИНА;37480;None;;;;;;1=CONFIRMED;;;;;;;Undefined;491;3428;;;;;;;;;;ЛОЖЬ;;;;;;;;;;;;;;;;;;Output;EPKS_CCB;ESD_932_1;689;;;;;;;;
DO;93TAHH936_FU;;COM;930-20;A_C93021;C9302001CX MAIN BEAR NDE;No;ИСТИНА;ЛОЖЬ;;1047;;;;;;;0;;;;2600;ЛОЖЬ;38322;None;;;;;;1=FIRST;;;;;;;Undefined;;;;;;;;;;;;ЛОЖЬ;ИСТИНА;;;;;;;;;;;;;;;;;Output;EPKS_CCB;ESD_932_1;1163;;;;;;;;
M;C240_1_B;;;;;Function block marker;;ЛОЖЬ;ЛОЖЬ;;240;;;;;;;0;;;;2803;ЛОЖЬ;0;;;;;;;;;;;;;;Undefined;491;3428;;;;;;;;;;ЛОЖЬ;;;;;;;;;;;;;;;;;;;;;;;;;;;;;
DO;93TAHH816_CA;;COM;;;CAUSE ALARM;No;ЛОЖЬ;ЛОЖЬ;;554;;;;;;;0;;;;3335;ЛОЖЬ;0;None;;;;;;0=ALARM;0=ALARM;;;;;;Undefined;;;;;;;;;;;;ЛОЖЬ;ИСТИНА;;;;;;;;;;;;;;;;;Output;EPKS_CCB;ESD_932_1;1230;;;;;;;;
AI;93TI837;;FLD;930-20;A_C93021;C-9302001AX TEMP BEAR DE;Yes;ИСТИНА;ЛОЖЬ;;392;ИСТИНА;Float;4-20mA;-50;200;°C;;;;;40;ЛОЖЬ;37943;;None;None;None;None;;;;-112.5;-112.5;;;;-XXXXX.X;3.76;21;;20.03;13;11;1;Bottom scale;;;;ЛОЖЬ;;ЛОЖЬ;;;;;;;;;;;;;;;;Output;EPKS_CCB;ESD_932_1;10151;;;;;;;;
DO;93TI754_MOC;;COM;930-20;A_C93021;MO CONFIRMED;No;ИСТИНА;ЛОЖЬ;;374;;;;;;;0;;;;726;ИСТИНА;37482;None;;;;;;1=CONFIRMED;;;;;;;Undefined;491;3428;;;;;;;;;;ЛОЖЬ;;;;;;;;;;;;;;;;;;Output;EPKS_CCB;ESD_932_1;791;;;;;;;;
M;C252_7_G;;;;;Function block marker;;ЛОЖЬ;ЛОЖЬ;;252;;;;;;;0;;;;3907;ЛОЖЬ;0;;;;;;;;;;;;;;Undefined;;;;;;;;;;;;ЛОЖЬ;ИСТИНА;;;;;;;;;;;;;;;;;;;;;;;;;;;;
M;C538_10_G;;;;;Function block marker;;ЛОЖЬ;ЛОЖЬ;;538;;;;;;;0;;;;4455;ЛОЖЬ;0;;;;;;;;;;;;;;Undefined;;;;;;;;;;;;ЛОЖЬ;ИСТИНА;;;;;;;;;;;;;;;;;;;;;;;;;;;;
M;C244_5_G;;;;;Function block marker;;ЛОЖЬ;ЛОЖЬ;;244;;;;;;;0;;;;3940;ЛОЖЬ;0;;;;;;;;;;;;;;Undefined;;;;;;;;;;;;ЛОЖЬ;ИСТИНА;;;;;;;;;;;;;;;;;;;;;;;;;;;;
M;350_520_4;;;;;CW PUMP RUNNING;;ЛОЖЬ;ЛОЖЬ;;520;;;;;;;0;;;;1770;ЛОЖЬ;0;;;;;;;1=RUNNING;;;;;;;Undefined;491;3428;;;;;;;;;;ЛОЖЬ;;;;;;;;;;;;;;;;;;;;;;;;;;;;;
T;260_1;;;;;;;ЛОЖЬ;ЛОЖЬ;;260;;;;;;;;100 ms;5;;1152;ЛОЖЬ;0;;;;;;;;;;;;;;Undefined;;;Delayed OFF with constant timer value;;;;;;;;;ЛОЖЬ;ИСТИНА;;;;;;;;;;;;;;;;;;;;;;;;;;;;
M;380_810_3;;;;;93TAH760_PERM;;ЛОЖЬ;ЛОЖЬ;;810;;;;;;;0;;;;4213;ЛОЖЬ;0;;;;;;;0=ALARM;;;;;;;Undefined;;;;;;;;;;;;ЛОЖЬ;ИСТИНА;;;;;;;;;;;;;;;;;;;;;;;;;;;;
DO;93FI428_TF;;COM;930-20;A_C93021;TRANSM. FAIL;No;ИСТИНА;ЛОЖЬ;;252;;;;;;;0;;;;323;ИСТИНА;37483;None;;;;;;0=FAIL;;;;;;;Undefined;491;3428;;;;;;;;;;ЛОЖЬ;;;;;;;;;;;;;;;;;;Output;EPKS_CCB;ESD_932_1;452;;;;;;;;
BO;93TI862_HH;;COM;930-20;A_C93021;HH TRIP SETPOINT (°C);No;ИСТИНА;ЛОЖЬ;;716;;Float;;;;;0;;;;656;;38117;;;;;;;;;0;0;;;;-XXXXX.X;491;3428;;;;;;;;;;ЛОЖЬ;;;;;;;;;;;;;;;;;;Output;EPKS_CCB;ESD_932_1;10274;;;;;;;;
M;404_638_2;;;;;93TAHH929_I;;ЛОЖЬ;ЛОЖЬ;;638;;;;;;;0;;;;1220;ЛОЖЬ;0;;;;;;;0=TRIP INITIATOR;;;;;;;Undefined;491;3428;;;;;;;;;;ЛОЖЬ;;;;;;;;;;;;;;;;;;;;;;;;;;;;;
DI;93PI821_MOR;;COM;930-20;A_C93021;MO REQUEST;No;ИСТИНА;ИСТИНА;;536;;;;;;;0;;;;2912;ЛОЖЬ;37484;None;;;;;;1=REQUEST;;;;;;;Undefined;491;3428;;;;;;Freeze;;;;ЛОЖЬ;;;;ЛОЖЬ;;;;;;;;;;;;;;Input;EPKS_CCB;ESD_932_1;81;;;;;;;;
M;C535_4_F;;;;;Function block marker;;ЛОЖЬ;ЛОЖЬ;;535;;;;;;;0;;;;4468;ЛОЖЬ;0;;;;;;;;;;;;;;Undefined;;;;;;;;;;;;ЛОЖЬ;ИСТИНА;;;;;;;;;;;;;;;;;;;;;;;;;;;;
M;C362_5_E;;;;;Function block marker;;ЛОЖЬ;ЛОЖЬ;;362;;;;;;;0;;;;3563;ЛОЖЬ;0;;;;;;;;;;;;;;Undefined;;;;;;;;;;;;ЛОЖЬ;ИСТИНА;;;;;;;;;;;;;;;;;;;;;;;;;;;;
DO;93TAHH809_CA;;COM;930-20;A_C93021;CAUSE ALARM;No;ИСТИНА;ЛОЖЬ;;548;;;;;;;0;;;;1003;ЛОЖЬ;37485;None;;;;;;0=ALARM;;;;;;;Undefined;491;3428;;;;;;;;;;ЛОЖЬ;;;;;;;;;;;;;;;;;;Output;EPKS_CCB;ESD_932_1;734;;;;;;;;
M;C562_6_E;;;;;Function block marker;;ЛОЖЬ;ЛОЖЬ;;562;;;;;;;0;;;;4380;ЛОЖЬ;0;;;;;;;;;;;;;;Undefined;;;;;;;;;;;;ЛОЖЬ;ИСТИНА;;;;;;;;;;;;;;;;;;;;;;;;;;;;
M;2499_D;;;;;TRIP 4;;ЛОЖЬ;ЛОЖЬ;;2499;;;;;;;0;;;;172;ЛОЖЬ;0;;;;;;;;;;;;;;Undefined;491;3428;;;;;;;;;;ЛОЖЬ;;;;;;;;;;;;;;;;;;;;;;;;;;;;;
M;648_1025_1;;;;;93HS810_P;;ЛОЖЬ;ЛОЖЬ;;1025;;;;;;;0;;;;2285;ЛОЖЬ;0;;;;;;;1=RESET;;;;;;;Undefined;;;;;;;;;;;;ЛОЖЬ;ИСТИНА;;;;;;;;;;;;;;;;;;;;;;;;;;;;
M;C314_6_E;;;;;Function block marker;;ЛОЖЬ;ЛОЖЬ;;314;;;;;;;0;;;;4692;ЛОЖЬ;0;;;;;;;;;;;;;;Undefined;;;;;;;;;;;;ЛОЖЬ;ИСТИНА;;;;;;;;;;;;;;;;;;;;;;;;;;;;
DO;93XY868;;FLD;930-20;A_C93021;C9302001CX  VALVE UNLOAD;Yes;ИСТИНА;ЛОЖЬ;;800;;;;;;;0;;;;42;ИСТИНА;37486;None;;;;;;0=TRIP;;;;;;;Undefined;491;3428;;20.05;9;3;1;Appl;;;;ЛОЖЬ;;;;;;;;;;;;;;;;;;Output;EPKS_CCB;ESD_932_1;1005;;;;;;;;
M;365_810_1;;;;;93PAL768_PERM;;ЛОЖЬ;ЛОЖЬ;;810;;;;;;;0;;;;3644;ЛОЖЬ;0;;;;;;;0=ALARM;;;;;;;Undefined;;;;;;;;;;;;ЛОЖЬ;ИСТИНА;;;;;;;;;;;;;;;;;;;;;;;;;;;;
M;798_2;;;;;;;ЛОЖЬ;ЛОЖЬ;;798;;;;;;;0;;;;2670;ЛОЖЬ;0;;;;;;;;;;;;;;Undefined;;;;;;;;;;;;ЛОЖЬ;ИСТИНА;;;;;;;;;;;;;;;;;;;;;;;;;;;;
M;534_7;;;;;;;ЛОЖЬ;ЛОЖЬ;;534;;;;;;;0;;;;4056;ЛОЖЬ;0;;;;;;;;;;;;;;Undefined;;;;;;;;;;;;ЛОЖЬ;ИСТИНА;;;;;;;;;;;;;;;;;;;;;;;;;;;;
DO;93HS801B_B1_IN_P;;COM;930-20;A_93020;CAP CTRL BIT 1;No;ИСТИНА;ЛОЖЬ;;642;;;;;;;0;;;;2000;ЛОЖЬ;38012;None;;;;;;1=ACTIVE;;;;;;;Undefined;491;3428;;;;;;;;;;ЛОЖЬ;;;;;;;;;;;;;;Output;CC_CCB_2;ESD_932_1;61;;;;;;;;;;;;
M;C562_5_F;;;;;Function block marker;;ЛОЖЬ;ЛОЖЬ;;562;;;;;;;0;;;;4378;ЛОЖЬ;0;;;;;;;;;;;;;;Undefined;;;;;;;;;;;;ЛОЖЬ;ИСТИНА;;;;;;;;;;;;;;;;;;;;;;;;;;;;
M;296_156_3;;;;;93TT981;;ЛОЖЬ;ЛОЖЬ;;156;;;;;;;0;;;;437;ЛОЖЬ;0;;;;;;;1=MO CONFIRMED;;;;;;;Undefined;491;3428;;;;;;;;;;ЛОЖЬ;;;;;;;;;;;;;;;;;;;;;;;;;;;;;
T;536_5;;;;;;;ЛОЖЬ;ЛОЖЬ;;536;;;;;;;;100 ms;5;;1308;ЛОЖЬ;0;;;;;;;;;;;;;;Undefined;;;Delayed OFF with constant timer value;;;;;;;;;ЛОЖЬ;ИСТИНА;;;;;;;;;;;;;;;;;;;;;;;;;;;;
AI;93TI809;;FLD;930-20;A_C93021;C9302001BX COOL H2O CYL2;Yes;ИСТИНА;ЛОЖЬ;;548;ИСТИНА;Float;4-20mA;-50;100;°C;;;;;80;ЛОЖЬ;37927;;None;None;None;None;;;;-87.5;-87.5;;;;-XXXXX.X;3.76;21;;20.03;15;4;1;Bottom scale;;;;ЛОЖЬ;;ЛОЖЬ;;;;;;;;;;;;;;;;Output;EPKS_CCB;ESD_932_1;10144;;;;;;;;
M;C722_5_E;;;;;Function block marker;;ЛОЖЬ;ЛОЖЬ;;722;;;;;;;0;;;;4239;ЛОЖЬ;0;;;;;;;;;;;;;;Undefined;;;;;;;;;;;;ЛОЖЬ;ИСТИНА;;;;;;;;;;;;;;;;;;;;;;;;;;;;
M;2499_E;;;;;TRIP 5;;ЛОЖЬ;ЛОЖЬ;;2499;;;;;;;0;;;;174;ЛОЖЬ;0;;;;;;;;;;;;;;Undefined;491;3428;;;;;;;;;;ЛОЖЬ;;;;;;;;;;;;;;;;;;;;;;;;;;;;;
M;1015_7;;;;;;;ЛОЖЬ;ЛОЖЬ;;1015;;;;;;;0;;;;2133;ЛОЖЬ;0;;;;;;;;;;;;;;Undefined;;;;;;;;;;;;ЛОЖЬ;ИСТИНА;;;;;;;;;;;;;;;;;;;;;;;;;;;;
M;C372_6_G;;;;;Function block marker;;ЛОЖЬ;ЛОЖЬ;;372;;;;;;;0;;;;4596;ЛОЖЬ;0;;;;;;;;;;;;;;Undefined;;;;;;;;;;;;ЛОЖЬ;ИСТИНА;;;;;;;;;;;;;;;;;;;;;;;;;;;;
AI;93TI862;;FLD;930-20;A_C93021;C9302001CX COOL WATER C1;Yes;ИСТИНА;ЛОЖЬ;;716;ИСТИНА;Float;4-20mA;-50;100;°C;;;;;520;ЛОЖЬ;37930;;None;None;None;None;;;;-87.5;-87.5;;;;-XXXXX.X;3.76;21;;20.04;11;12;1;Bottom scale;;;;ЛОЖЬ;;ЛОЖЬ;;;;;;;;;;;;;;;;Output;EPKS_CCB;ESD_932_1;10157;;;;;;;;
M;350_430_2;;;;;93FALL754_I (AFTER OOS);;ЛОЖЬ;ЛОЖЬ;;430;;;;;;;0;;;;580;ЛОЖЬ;0;;;;;;;0=TRIP;;;;;;;Undefined;491;3428;;;;;;;;;;ЛОЖЬ;;;;;;;;;;;;;;;;;;;;;;;;;;;;;
DO;93LALL427_CA;;COM;930-20;A_93020;CAUSE ALARM;No;ИСТИНА;ЛОЖЬ;;274;;;;;;;0;;;;443;ЛОЖЬ;37489;None;;;;;;0=ALARM;;;;;;;Undefined;491;3428;;;;;;;;;;ЛОЖЬ;;;;;;;;;;;;;;;;;;Output;EPKS_CCB;ESD_932_1;525;;;;;;;;
DO;93LI426_TF;;COM;;;TRANSM. FAIL;No;ЛОЖЬ;ЛОЖЬ;;276;;;;;;;0;;;;3650;ИСТИНА;38454;None;;;;;;0=ALARM;0=ALARM;;;;;;Undefined;;;;;;;;;;;;ЛОЖЬ;ИСТИНА;;;;;;;;;;;;;;;;;Output;EPKS_CCB;ESD_932_1;1312;;;;;;;;
DO;93LY804_C;;COM;;;C-9302001BX DRAIN 2ND ST;No;ИСТИНА;ЛОЖЬ;;650;;;;;;;0;;;;1890;ИСТИНА;37656;None;;;;;;0=TRIP;;;;;;;Undefined;491;3428;;;;;;;;;;ЛОЖЬ;;;;;;;;;;;;;;;;;;Output;EPKS_CCB;ESD_932_1;983;;;;;;;;
M;C310_2_B;;;;;Function block marker;;ЛОЖЬ;ЛОЖЬ;;310;;;;;;;0;;;;1894;ЛОЖЬ;0;;;;;;;;;;;;;;Undefined;491;3428;;;;;;;;;;ЛОЖЬ;;;;;;;;;;;;;;;;;;;;;;;;;;;;;
DO;93LALL420_CA;;COM;930-20;A_93020;CAUSE ALARM;No;ЛОЖЬ;ЛОЖЬ;;266;;;;;;;0;;;;3345;ЛОЖЬ;0;None;;;;;;0=ALARM;0=ALARM;;;;;;Undefined;;;;;;;;;;;;ЛОЖЬ;ИСТИНА;;;;;;;;;;;;;;;;;Output;EPKS_CCB;ESD_932_1;1240;;;;;;;;
DO;93TI869A_TF;;COM;;;TRANSM FAULT;No;ЛОЖЬ;ЛОЖЬ;;720;;;;;;;0;;;;1818;ИСТИНА;38515;None;;;;;;0=ALARM;0=ALARM;;;;;;Undefined;;;;;;;;;;;;ЛОЖЬ;ИСТИНА;;;;;;;;;;;;;;;;;Output;EPKS_CCB;ESD_932_1;1380;;;;;;;;
M;366_158_1;;;;;93PT771;;ЛОЖЬ;ЛОЖЬ;;158;;;;;;;0;;;;660;ЛОЖЬ;0;;;;;;;1=MO CONFIRMED;;;;;;;Undefined;491;3428;;;;;;;;;;ЛОЖЬ;;;;;;;;;;;;;;;;;;;;;;;;;;;;;
M;320_8;;;;;;;ЛОЖЬ;ЛОЖЬ;;320;;;;;;;0;;;;4032;ЛОЖЬ;0;;;;;;;;;;;;;;Undefined;;;;;;;;;;;;ЛОЖЬ;ИСТИНА;;;;;;;;;;;;;;;;;;;;;;;;;;;;
M;C548_6_F;;;;;Function block marker;;ЛОЖЬ;ЛОЖЬ;;548;;;;;;;0;;;;4430;ЛОЖЬ;0;;;;;;;;;;;;;;Undefined;;;;;;;;;;;;ЛОЖЬ;ИСТИНА;;;;;;;;;;;;;;;;;;;;;;;;;;;;
M;C236_7_E;;;;;Function block marker;;ЛОЖЬ;ЛОЖЬ;;236;;;;;;;0;;;;3950;ЛОЖЬ;0;;;;;;;;;;;;;;Undefined;;;;;;;;;;;;ЛОЖЬ;ИСТИНА;;;;;;;;;;;;;;;;;;;;;;;;;;;;
DO;93TAHH867_CA;;COM;930-20;A_C93021;CAUSE ALARM;No;ИСТИНА;ЛОЖЬ;;718;;;;;;;0;;;;1475;ЛОЖЬ;37490;None;;;;;;0=ALARM;;;;;;;Undefined;491;3428;;;;;;;;;;ЛОЖЬ;;;;;;;;;;;;;;;;;;Output;EPKS_CCB;ESD_932_1;762;;;;;;;;
AI;93FI804;;FLD;930-20;A_C93021;C9302001BX COOL H2O CYL1;Yes;ИСТИНА;ЛОЖЬ;;520;ИСТИНА;Float;4-20mA;0;3.5;m3/h;;;;;408;ЛОЖЬ;37962;;None;None;None;None;;;;-0.875;-0.875;;;;-XXXXX.X;3.64;22;;20.04;9;1;1;Top scale;;;;ЛОЖЬ;;ЛОЖЬ;;;;;;;;;;;;;;;;Output;EPKS_CCB;ESD_932_1;10078;;;;;;;;
DO;93TI811_MOC;;COM;930-20;A_C93021;MO CONFIRMED;No;ИСТИНА;ЛОЖЬ;;550;;;;;;;0;;;;1135;ИСТИНА;37492;None;;;;;;1=CONFIRMED;;;;;;;Undefined;491;3428;;;;;;;;;;ЛОЖЬ;;;;;;;;;;;;;;;;;;Output;EPKS_CCB;ESD_932_1;815;;;;;;;;
M;C288_7_E;;;;;Function block marker;;ЛОЖЬ;ЛОЖЬ;;288;;;;;;;0;;;;3824;ЛОЖЬ;0;;;;;;;;;;;;;;Undefined;;;;;;;;;;;;ЛОЖЬ;ИСТИНА;;;;;;;;;;;;;;;;;;;;;;;;;;;;
DO;93PI834_TF;;COM;930-20;A_C93021;TRANSM. FAIL;No;ИСТИНА;ЛОЖЬ;;540;;;;;;;0;;;;1007;ИСТИНА;37493;None;;;;;;0=FAIL;;;;;;;Undefined;491;3428;;;;;;;;;;ЛОЖЬ;;;;;;;;;;;;;;;;;;Output;EPKS_CCB;ESD_932_1;690;;;;;;;;
DO;93XA770A;;COM;930-20;A_C93021;C9302001AX CW CON TRIP;No;ИСТИНА;ЛОЖЬ;;430;;;;;;;0;;;;908;ИСТИНА;37874;None;;;;;;0=TRIP;;;;;;;Undefined;491;3428;;;;;;;;;;ЛОЖЬ;;;;;;;;;;;;;;;;;;Output;EPKS_CCB;ESD_932_1;872;;;;;;;;
M;1049_3;;;;;;;ЛОЖЬ;ЛОЖЬ;;1049;;;;;;;0;;;;2512;ЛОЖЬ;0;;;;;;;;;;;;;;Undefined;;;;;;;;;;;;ЛОЖЬ;ИСТИНА;;;;;;;;;;;;;;;;;;;;;;;;;;;;
DI;93TI854_MOR;;COM;930-20;A_C93021;MO REQUEST;No;ИСТИНА;ИСТИНА;;708;;;;;;;0;;;;2955;ЛОЖЬ;37494;None;;;;;;1=REQUEST;;;;;;;Undefined;491;3428;;;;;;Freeze;;;;ЛОЖЬ;;;;ЛОЖЬ;;;;;;;;;;;;;;Input;EPKS_CCB;ESD_932_1;124;;;;;;;;
DO;93HS857_FU;;COM;930-20;A_C93021;C9302001CX EMERG SP;No;ИСТИНА;ЛОЖЬ;;1053;;;;;;;0;;;;2609;ЛОЖЬ;38331;None;;;;;;1=FIRST;;;;;;;Undefined;;;;;;;;;;;;ЛОЖЬ;ИСТИНА;;;;;;;;;;;;;;;;;Output;EPKS_CCB;ESD_932_1;1172;;;;;;;;
M;C699_1;;;;;Compiler marker (280, 66);;ЛОЖЬ;ЛОЖЬ;;699;;;;;;;0;;;;4320;ЛОЖЬ;0;;;;;;;;;;;;;;Undefined;;;;;;;;;;;;ЛОЖЬ;ИСТИНА;;;;;;;;;;;;;;;;;;;;;;;;;;;;
DI;93HS764_P;;COM;930-20;A_C93021;ACK HORN PUSH BUTTON;No;ИСТИНА;ИСТИНА;;416;;;;;;;0;;;;2100;ИСТИНА;37005;None;;;;;;1=ACK;;;;;;;Undefined;491;3428;;;;;;Low;;;;ЛОЖЬ;;;;ЛОЖЬ;;;;;;;;;;;;;;Output;EPKS_CCB;ESD_932_1;2009;;;;;Input;CC_CCB_1;ESD_932_1;5
DI;93FI023_MOR;;COM;930-20;A_93020;MO REQUEST;No;ИСТИНА;ИСТИНА;;316;;;;;;;0;;;;2851;ЛОЖЬ;37904;None;;;;;;1=REQUEST;;;;;;;Undefined;491;3428;;;;;;Freeze;;;;ЛОЖЬ;;;;ЛОЖЬ;;;;;;;;;;;;;;Input;EPKS_CCB;ESD_932_1;20;;;;;;;;
M;564_632_1;;;;;93VAHH802_I;;ЛОЖЬ;ЛОЖЬ;;632;;;;;;;0;;;;780;ЛОЖЬ;0;;;;;;;0=TRIP INITIATOR;;;;;;;Undefined;491;3428;;;;;;;;;;ЛОЖЬ;;;;;;;;;;;;;;;;;;;;;;;;;;;;;
AI;93LI419;;FLD;930-20;A_93020;HYDROC GAS CON B9302001A;Yes;ИСТИНА;ЛОЖЬ;;264;ИСТИНА;Float;4-20mA;0;100;%;;;;;148;ЛОЖЬ;37912;;None;None;None;None;;;;-25;-25;;;;-XXXXX.X;3.64;22;;20.04;1;4;1;Bottom scale;;;;ЛОЖЬ;;ЛОЖЬ;;;;;;;;;;;;;;;;Output;EPKS_CCB;ESD_932_1;10087;;;;;;;;
M;728_7;;;;;;;ЛОЖЬ;ЛОЖЬ;;728;;;;;;;0;;;;3686;ЛОЖЬ;0;;;;;;;;;;;;;;Undefined;;;;;;;;;;;;ЛОЖЬ;ИСТИНА;;;;;;;;;;;;;;;;;;;;;;;;;;;;
M;C448_5_A;;;;;Compiler marker;;ЛОЖЬ;ЛОЖЬ;;448;;;;;;;0;;;;2677;ЛОЖЬ;0;;;;;;;;;;;;;;Undefined;;;;;;;;;;;;ЛОЖЬ;ИСТИНА;;;;;;;;;;;;;;;;;;;;;;;;;;;;
DO;93LALL418_CA;;COM;930-20;A_93020;CAUSE ALARM;No;ЛОЖЬ;ЛОЖЬ;;264;;;;;;;0;;;;3344;ЛОЖЬ;0;None;;;;;;0=ALARM;0=ALARM;;;;;;Undefined;;;;;;;;;;;;ЛОЖЬ;ИСТИНА;;;;;;;;;;;;;;;;;Output;EPKS_CCB;ESD_932_1;1239;;;;;;;;
DO;93PDAHH780_CA;;COM;930-20;A_C93021;CAUSE ALARM;No;ИСТИНА;ЛОЖЬ;;358;;;;;;;0;;;;624;ЛОЖЬ;37496;None;;;;;;0=ALARM;;;;;;;Undefined;491;3428;;;;;;;;;;ЛОЖЬ;;;;;;;;;;;;;;;;;;Output;EPKS_CCB;ESD_932_1;640;;;;;;;;
M;C368_2_F;;;;;Function block marker;;ЛОЖЬ;ЛОЖЬ;;368;;;;;;;0;;;;4604;ЛОЖЬ;0;;;;;;;;;;;;;;Undefined;;;;;;;;;;;;ЛОЖЬ;ИСТИНА;;;;;;;;;;;;;;;;;;;;;;;;;;;;
DO;20-SecSwitchOff;;SYS;;;Secondary switch-off;Yes;ЛОЖЬ;;;0;;;;;;;;;;;33;ЛОЖЬ;0;None;;;;;;;;;;;;;Undefined;491;3428;;;;;;;;;;ЛОЖЬ;;;;;;;;;;;;;;;;;;;;;;;;;;;;;
M;524_8;;;;;;;ЛОЖЬ;ЛОЖЬ;;524;;;;;;;0;;;;4096;ЛОЖЬ;0;;;;;;;;;;;;;;Undefined;;;;;;;;;;;;ЛОЖЬ;ИСТИНА;;;;;;;;;;;;;;;;;;;;;;;;;;;;
DO;93FALL754_FU;;COM;930-20;A_C93021;C9302001AX COOL H2O CYL1;No;ИСТИНА;ЛОЖЬ;;1003;;;;;;;0;;;;2187;ЛОЖЬ;38215;None;;;;;;1=FIRST;;;;;;;Undefined;;;;;;;;;;;;ЛОЖЬ;ИСТИНА;;;;;;;;;;;;;;;;;Output;EPKS_CCB;ESD_932_1;1051;;;;;;;;
DI;93ZSLL854_MOR;;COM;930-20;A_C93021;MO REQUEST;No;ИСТИНА;ИСТИНА;;730;;;;;;;0;;;;2992;ЛОЖЬ;37497;None;;;;;;1=REQUEST;;;;;;;Undefined;491;3428;;;;;;Freeze;;;;ЛОЖЬ;;;;ЛОЖЬ;;;;;;;;;;;;;;Input;EPKS_CCB;ESD_932_1;161;;;;;;;;
T;702_12;;;;;;;ЛОЖЬ;ЛОЖЬ;;702;;;;;;;;100 ms;5;;1516;ЛОЖЬ;0;;;;;;;;;;;;;;Undefined;;;Delayed OFF with constant timer value;;;;;;;;;ЛОЖЬ;ИСТИНА;;;;;;;;;;;;;;;;;;;;;;;;;;;;
M;C524_6_G;;;;;Function block marker;;ЛОЖЬ;ЛОЖЬ;;524;;;;;;;0;;;;4511;ЛОЖЬ;0;;;;;;;;;;;;;;Undefined;;;;;;;;;;;;ЛОЖЬ;ИСТИНА;;;;;;;;;;;;;;;;;;;;;;;;;;;;
M;1005_7;;;;;;;ЛОЖЬ;ЛОЖЬ;;1005;;;;;;;0;;;;2048;ЛОЖЬ;0;;;;;;;;;;;;;;Undefined;;;;;;;;;;;;ЛОЖЬ;ИСТИНА;;;;;;;;;;;;;;;;;;;;;;;;;;;;
DO;93TAHH804_CA;;COM;930-20;A_C93021;CAUSE ALARM;No;ИСТИНА;ЛОЖЬ;;544;;;;;;;0;;;;1000;ЛОЖЬ;37498;None;;;;;;0=ALARM;;;;;;;Undefined;491;3428;;;;;;;;;;ЛОЖЬ;;;;;;;;;;;;;;;;;;Output;EPKS_CCB;ESD_932_1;730;;;;;;;;
M;C642_1;;;;;Compiler marker (277, 48);;ЛОЖЬ;ЛОЖЬ;;642;;;;;;;0;;;;1367;ЛОЖЬ;0;;;;;;;;;;;;;;Undefined;491;3428;;;;;;;;;;ЛОЖЬ;;;;;;;;;;;;;;;;;;;;;;;;;;;;;
M;2347_2;;;;;;;ЛОЖЬ;ЛОЖЬ;;2347;;;;;;;0;;;;1611;ЛОЖЬ;0;;;;;;;;;;;;;;Undefined;491;3428;;;;;;;;;;ЛОЖЬ;;;;;;;;;;;;;;;;;;;;;;;;;;;;;
T;524_6;;;;;;;ЛОЖЬ;ЛОЖЬ;;524;;;;;;;;100 ms;5;;1384;ЛОЖЬ;0;;;;;;;;;;;;;;Undefined;;;Delayed OFF with constant timer value;;;;;;;;;ЛОЖЬ;ИСТИНА;;;;;;;;;;;;;;;;;;;;;;;;;;;;
DO;93TAHH886_CA;;COM;930-20;A_C93021;CAUSE ALARM;No;ИСТИНА;ЛОЖЬ;;560;;;;;;;0;;;;1062;ЛОЖЬ;37499;None;;;;;;0=ALARM;;;;;;;Undefined;491;3428;;;;;;;;;;ЛОЖЬ;;;;;;;;;;;;;;;;;;Output;EPKS_CCB;ESD_932_1;768;;;;;;;;
DO;93VSHH752_MOC;;COM;930-20;A_C93021;MO CONFIRMED;No;ЛОЖЬ;ЛОЖЬ;;394;;;;;;;0;;;;1363;ИСТИНА;38391;None;;;;;;1=CONFIRMED;;;;;;;Undefined;;;;;;;;;;;;ЛОЖЬ;ИСТИНА;;;;;;;;;;;;;;;;;Output;EPKS_CCB;ESD_932_1;1185;;;;;;;;
M;C248_7_G;;;;;Function block marker;;ЛОЖЬ;ЛОЖЬ;;248;;;;;;;0;;;;3925;ЛОЖЬ;0;;;;;;;;;;;;;;Undefined;;;;;;;;;;;;ЛОЖЬ;ИСТИНА;;;;;;;;;;;;;;;;;;;;;;;;;;;;
M;C1049_1_J;;;;;Function block marker;;ЛОЖЬ;ЛОЖЬ;;1049;;;;;;;0;;;;2625;ЛОЖЬ;0;;;;;;;;;;;;;;Undefined;;;;;;;;;;;;ЛОЖЬ;ИСТИНА;;;;;;;;;;;;;;;;;;;;;;;;;;;;
AI;93FI902;;FLD;;;C-9302001 COOL WATER RTN;Yes;ИСТИНА;ЛОЖЬ;;400;ИСТИНА;Float;4-20mA;0;20;м?/ч;;;;;800;ЛОЖЬ;38514;;None;None;None;None;;;;;;;;;-XXXXX.X;3.64;22;;20.04;17;14;1;Bottom scale;;;;ЛОЖЬ;ИСТИНА;ЛОЖЬ;;;;;;;;;;;;;;;;Output;EPKS_CCB;ESD_932_1;10371;;;;;;;;
DO;93XY517;;MCC;930-20;A_93020;EM.STOP AM-93020011BX;Yes;ИСТИНА;ЛОЖЬ;;300;;;;;;;0;;;;138;ИСТИНА;37500;None;;;;;;0=TRIP;;;;;;;Undefined;491;3428;;20.06;7;3;1;Appl;;;;ЛОЖЬ;;;;;;;;;;;;;;;;;;Output;EPKS_CCB;ESD_932_1;1044;;;;;;;;
M;C272_2_G;;;;;Function block marker;;ЛОЖЬ;ЛОЖЬ;;272;;;;;;;0;;;;3850;ЛОЖЬ;0;;;;;;;;;;;;;;Undefined;;;;;;;;;;;;ЛОЖЬ;ИСТИНА;;;;;;;;;;;;;;;;;;;;;;;;;;;;
M;634_2;;;;;;;ЛОЖЬ;ЛОЖЬ;;634;;;;;;;0;;;;1216;ЛОЖЬ;0;;;;;;;;;;;;;;Undefined;491;3428;;;;;;;;;;ЛОЖЬ;;;;;;;;;;;;;;;;;;;;;;;;;;;;;
DO;93XY116;;MCC;930-20;A_93020;AUTO OPN SHUTTER 93XV116;Yes;ИСТИНА;ЛОЖЬ;;312;;;;;;;0;;;;58;ЛОЖЬ;37501;None;;;;;;0=TRIP;;;;;;;Undefined;491;3428;;20.05;13;3;1;Appl;;;;ЛОЖЬ;;;;;;;;;;;;;;;;;;;;;;;;;;;;;
M;C230_1_G;;;;;Function block marker;;ЛОЖЬ;ЛОЖЬ;;230;;;;;;;0;;;;3978;ЛОЖЬ;0;;;;;;;;;;;;;;Undefined;;;;;;;;;;;;ЛОЖЬ;ИСТИНА;;;;;;;;;;;;;;;;;;;;;;;;;;;;
M;248_280_2;;;;;93FALL424_I;;ЛОЖЬ;ЛОЖЬ;;280;;;;;;;0;;;;466;ЛОЖЬ;0;;;;;;;0=TRIP INITIATOR;;;;;;;Undefined;491;3428;;;;;;;;;;ЛОЖЬ;;;;;;;;;;;;;;;;;;;;;;;;;;;;;
M;C728_3_B;;;;;Function block marker;;ЛОЖЬ;ЛОЖЬ;;728;;;;;;;0;;;;3721;ЛОЖЬ;0;;;;;;;;;;;;;;Undefined;;;;;;;;;;;;ЛОЖЬ;ИСТИНА;;;;;;;;;;;;;;;;;;;;;;;;;;;;
DO;93TAHH818_FU;;COM;930-20;A_C93021;C9302001BX H2O COOL CYL2;No;ИСТИНА;ЛОЖЬ;;1029;;;;;;;0;;;;2352;ЛОЖЬ;38274;None;;;;;;1=FIRST;;;;;;;Undefined;;;;;;;;;;;;ЛОЖЬ;ИСТИНА;;;;;;;;;;;;;;;;;Output;EPKS_CCB;ESD_932_1;1115;;;;;;;;
M;697_1041_2;;;;;93PALL864_I;;ЛОЖЬ;ЛОЖЬ;;1041;;;;;;;0;;;;4148;ЛОЖЬ;0;;;;;;;0=TRIP INITIATOR;;;;;;;Undefined;;;;;;;;;;;;ЛОЖЬ;ИСТИНА;;;;;;;;;;;;;;;;;;;;;;;;;;;;
M;C528_5_E;;;;;Function block marker;;ЛОЖЬ;ЛОЖЬ;;528;;;;;;;0;;;;4492;ЛОЖЬ;0;;;;;;;;;;;;;;Undefined;;;;;;;;;;;;ЛОЖЬ;ИСТИНА;;;;;;;;;;;;;;;;;;;;;;;;;;;;
DO;93LI754A_TF;;COM;;;TRANSM FAULT;No;ЛОЖЬ;ЛОЖЬ;;356;;;;;;;0;;;;1592;ИСТИНА;38513;None;;;;;;0=ALARM;0=ALARM;;;;;;Undefined;;;;;;;;;;;;ЛОЖЬ;ИСТИНА;;;;;;;;;;;;;;;;;Output;EPKS_CCB;ESD_932_1;1369;;;;;;;;
M;C284_7_F;;;;;Function block marker;;ЛОЖЬ;ЛОЖЬ;;284;;;;;;;0;;;;3834;ЛОЖЬ;0;;;;;;;;;;;;;;Undefined;;;;;;;;;;;;ЛОЖЬ;ИСТИНА;;;;;;;;;;;;;;;;;;;;;;;;;;;;
M;2456_G;;;;;Trip 7;;ЛОЖЬ;ЛОЖЬ;;2456;;;;;;;0;;;;124;ЛОЖЬ;0;;;;;;;;;;;;;;Undefined;491;3428;;;;;;;;;;ЛОЖЬ;;;;;;;;;;;;;;;;;;;;;;;;;;;;;
M;C714_6_F;;;;;Function block marker;;ЛОЖЬ;ЛОЖЬ;;714;;;;;;;0;;;;4271;ЛОЖЬ;0;;;;;;;;;;;;;;Undefined;;;;;;;;;;;;ЛОЖЬ;ИСТИНА;;;;;;;;;;;;;;;;;;;;;;;;;;;;
M;792_796_2;;;;;CAPACITY 50%;;ЛОЖЬ;ЛОЖЬ;;796;;;;;;;0;;;;641;ЛОЖЬ;0;;;;;;;1=ACTIVE;;;;;;;Undefined;491;3428;;;;;;;;;;ЛОЖЬ;;;;;;;;;;;;;;;;;;;;;;;;;;;;;
M;1051_5;;;;;;;ЛОЖЬ;ЛОЖЬ;;1051;;;;;;;0;;;;2521;ЛОЖЬ;0;;;;;;;;;;;;;;Undefined;;;;;;;;;;;;ЛОЖЬ;ИСТИНА;;;;;;;;;;;;;;;;;;;;;;;;;;;;
M;C1049_2_I;;;;;Function block marker;;ЛОЖЬ;ЛОЖЬ;;1049;;;;;;;0;;;;3704;ЛОЖЬ;0;;;;;;;;;;;;;;Undefined;;;;;;;;;;;;ЛОЖЬ;ИСТИНА;;;;;;;;;;;;;;;;;;;;;;;;;;;;
DO;93PI864_TF;;COM;930-20;A_C93021;TRANSM. FAIL;No;ИСТИНА;ЛОЖЬ;;696;;;;;;;0;;;;1489;ИСТИНА;37502;None;;;;;;0=FAIL;;;;;;;Undefined;491;3428;;;;;;;;;;ЛОЖЬ;;;;;;;;;;;;;;;;;;Output;EPKS_CCB;ESD_932_1;692;;;;;;;;
M;256_9;;;;;;;ЛОЖЬ;ЛОЖЬ;;256;;;;;;;0;;;;3795;ЛОЖЬ;0;;;;;;;;;;;;;;Undefined;;;;;;;;;;;;ЛОЖЬ;ИСТИНА;;;;;;;;;;;;;;;;;;;;;;;;;;;;
T;234_5;;;;;;;ЛОЖЬ;ЛОЖЬ;;234;;;;;;;;100 ms;5;;1044;ЛОЖЬ;0;;;;;;;;;;;;;;Undefined;;;Delayed OFF with constant timer value;;;;;;;;;ЛОЖЬ;ИСТИНА;;;;;;;;;;;;;;;;;;;;;;;;;;;;
M;C526_5_E;;;;;Function block marker;;ЛОЖЬ;ЛОЖЬ;;526;;;;;;;0;;;;4499;ЛОЖЬ;0;;;;;;;;;;;;;;Undefined;;;;;;;;;;;;ЛОЖЬ;ИСТИНА;;;;;;;;;;;;;;;;;;;;;;;;;;;;
M;356_7;;;;;;;ЛОЖЬ;ЛОЖЬ;;356;;;;;;;0;;;;4016;ЛОЖЬ;0;;;;;;;;;;;;;;Undefined;;;;;;;;;;;;ЛОЖЬ;ИСТИНА;;;;;;;;;;;;;;;;;;;;;;;;;;;;
BO;93PDI831_HH;;COM;930-20;A_C93021;HH TRIP SETPOINT (MPa);No;ИСТИНА;ЛОЖЬ;;530;;Float;;;;;0;;;;796;;38106;;;;;;;;;0;0;;;;-XXXXX.X;491;3428;;;;;;;;;;ЛОЖЬ;;;;;;;;;;;;;;;;;;Output;EPKS_CCB;ESD_932_1;10213;;;;;;;;
M;648_1023_1;;;;;93HS810_P;;ЛОЖЬ;ЛОЖЬ;;1023;;;;;;;0;;;;2284;ЛОЖЬ;0;;;;;;;1=RESET;;;;;;;Undefined;;;;;;;;;;;;ЛОЖЬ;ИСТИНА;;;;;;;;;;;;;;;;;;;;;;;;;;;;
M;700_778_2;;;;;93PAHH871_I;;ЛОЖЬ;ЛОЖЬ;;778;;;;;;;0;;;;896;ЛОЖЬ;0;;;;;;;0=TRIP INITIATOR;;;;;;;Undefined;491;3428;;;;;;;;;;ЛОЖЬ;;;;;;;;;;;;;;;;;;;;;;;;;;;;;
AI;93TI863A;;FLD;;;C9302001CX COOL WATER C1;Yes;ИСТИНА;ЛОЖЬ;;716;ИСТИНА;Float;4-20mA;-50;100;°C;;;;;900;ЛОЖЬ;38512;;None;None;None;None;;;;;;;;;-XXXXX.X;3.76;21;;20.05;17;5;1;Top scale;;;;ЛОЖЬ;ИСТИНА;ЛОЖЬ;;;;;;;;;;;;;;;;Output;EPKS_CCB;ESD_932_1;10387;;;;;;;;
M;814_813_1;;;;;COMMON_ALARM;;ЛОЖЬ;ЛОЖЬ;;813;;;;;;;0;;;;4040;ЛОЖЬ;0;;;;;;;0=ALARM;;;;;;;Undefined;;;;;;;;;;;;ЛОЖЬ;ИСТИНА;;;;;;;;;;;;;;;;;;;;;;;;;;;;
DI;93XS494_P;;COM;930-20;A_C93021;COMPRESSOR CX WORK;No;ЛОЖЬ;ИСТИНА;;699;;;;;;;0;;;;1657;ЛОЖЬ;0;None;;;;;;1=RUNNING;;;;;;;Undefined;;;;;;;;High;;;;ЛОЖЬ;ИСТИНА;;;ЛОЖЬ;;;;;;;;;;Input;CC_CCB_2;ESD_932_1;26;;;;;;;;;;;;
M;C535_4_E;;;;;Function block marker;;ЛОЖЬ;ЛОЖЬ;;535;;;;;;;0;;;;4467;ЛОЖЬ;0;;;;;;;;;;;;;;Undefined;;;;;;;;;;;;ЛОЖЬ;ИСТИНА;;;;;;;;;;;;;;;;;;;;;;;;;;;;
DO;93XY500;;MCC;930-20;A_P93020;AUTO STOP P-9302001AX;Yes;ИСТИНА;ЛОЖЬ;;292;;;;;;;0;;;;121;ИСТИНА;37503;None;;;;;;0=TRIP;;;;;;;Undefined;491;3428;;20.06;5;2;1;Appl;;;;ЛОЖЬ;;;;;;;;;;;;;;;;;;Output;EPKS_CCB;ESD_932_1;1038;;;;;;;;
M;376_811_3;;;;;93TAH757_PERM;;ЛОЖЬ;ЛОЖЬ;;811;;;;;;;0;;;;4030;ЛОЖЬ;0;;;;;;;0=ALARM;;;;;;;Undefined;;;;;;;;;;;;ЛОЖЬ;ИСТИНА;;;;;;;;;;;;;;;;;;;;;;;;;;;;
M;2490_C;;;;;Ready to reset/ 1=Ready;;ЛОЖЬ;ЛОЖЬ;;2490;;;;;;;0;;;;157;ЛОЖЬ;0;;;;;;;;;;;;;;Undefined;491;3428;;;;;;;;;;ЛОЖЬ;;;;;;;;;;;;;;;;;;;;;;;;;;;;;
M;C550_5_G;;;;;Function block marker;;ЛОЖЬ;ЛОЖЬ;;550;;;;;;;0;;;;4421;ЛОЖЬ;0;;;;;;;;;;;;;;Undefined;;;;;;;;;;;;ЛОЖЬ;ИСТИНА;;;;;;;;;;;;;;;;;;;;;;;;;;;;
M;386_162_1;;;;;93TT768;;ЛОЖЬ;ЛОЖЬ;;162;;;;;;;0;;;;783;ЛОЖЬ;0;;;;;;;1=MO CONFIRMED;;;;;;;Undefined;491;3428;;;;;;;;;;ЛОЖЬ;;;;;;;;;;;;;;;;;;;;;;;;;;;;;
DO;93PALL834_CA;;COM;930-20;A_C93021;CAUSE ALARM;No;ИСТИНА;ЛОЖЬ;;540;;;;;;;0;;;;1010;ЛОЖЬ;37875;None;;;;;;0=ALARM;;;;;;;Undefined;491;3428;;;;;;;;;;ЛОЖЬ;;;;;;;;;;;;;;;;;;Output;EPKS_CCB;ESD_932_1;628;;;;;;;;
M;722_816_2;;;;;93TAH885_PERM;;ЛОЖЬ;ЛОЖЬ;;816;;;;;;;0;;;;4193;ЛОЖЬ;0;;;;;;;0=ALARM;;;;;;;Undefined;;;;;;;;;;;;ЛОЖЬ;ИСТИНА;;;;;;;;;;;;;;;;;;;;;;;;;;;;
M;C254_7_F;;;;;Function block marker;;ЛОЖЬ;ЛОЖЬ;;254;;;;;;;0;;;;3897;ЛОЖЬ;0;;;;;;;;;;;;;;Undefined;;;;;;;;;;;;ЛОЖЬ;ИСТИНА;;;;;;;;;;;;;;;;;;;;;;;;;;;;
M;362_410_2;;;;;93PAHH764_I;;ЛОЖЬ;ЛОЖЬ;;410;;;;;;;0;;;;627;ЛОЖЬ;0;;;;;;;0=TRIP INITIATOR;;;;;;;Undefined;491;3428;;;;;;;;;;ЛОЖЬ;;;;;;;;;;;;;;;;;;;;;;;;;;;;;
M;728_8;;;;;;;ЛОЖЬ;ЛОЖЬ;;728;;;;;;;0;;;;3687;ЛОЖЬ;0;;;;;;;;;;;;;;Undefined;;;;;;;;;;;;ЛОЖЬ;ИСТИНА;;;;;;;;;;;;;;;;;;;;;;;;;;;;
DO;93TI885_TF;;COM;;;TRANSM FAULT;No;ЛОЖЬ;ЛОЖЬ;;722;;;;;;;0;;;;1108;ИСТИНА;38511;None;;;;;;0=ALARM;0=ALARM;;;;;;Undefined;;;;;;;;;;;;ЛОЖЬ;ИСТИНА;;;;;;;;;;;;;;;;;Output;EPKS_CCB;ESD_932_1;1362;;;;;;;;
T;310_3;;;;;;;ЛОЖЬ;ЛОЖЬ;;310;;;;;;;;100 ms;10;;1016;ЛОЖЬ;0;;;;;;;;;;;;;;Undefined;;;Delayed OFF with constant timer value;;;;;;;;;ЛОЖЬ;ИСТИНА;;;;;;;;;;;;;;;;;;;;;;;;;;;;
DO;93LALL428_CA;;COM;;;CAUSE ALARM;No;ЛОЖЬ;ЛОЖЬ;;278;;;;;;;0;;;;3352;ЛОЖЬ;0;None;;;;;;0=ALARM;0=ALARM;;;;;;Undefined;;;;;;;;;;;;ЛОЖЬ;ИСТИНА;;;;;;;;;;;;;;;;;Output;EPKS_CCB;ESD_932_1;1247;;;;;;;;
DO;93TAHH929;;COM;930-20;A_C93021;C9302001 COOL H2O SUP;No;ИСТИНА;ЛОЖЬ;;404;;;;;;;0;;;;897;ИСТИНА;37504;None;;;;;;0=TRIP;;;;;;;Undefined;491;3428;;;;;;;;;;ЛОЖЬ;;;;;;;;;;;;;;;;;;Output;EPKS_CCB;ESD_932_1;771;;;;;;;;
DO;93TI857_TF;;COM;930-20;A_C93021;TRANSM. FAIL;No;ИСТИНА;ЛОЖЬ;;710;;;;;;;0;;;;1459;ИСТИНА;37505;None;;;;;;0=FAIL;;;;;;;Undefined;491;3428;;;;;;;;;;ЛОЖЬ;;;;;;;;;;;;;;;;;;Output;EPKS_CCB;ESD_932_1;834;;;;;;;;
DO;93PALL926;;COM;930-20;A_C93021;C9302001 COOLH2O SUP;No;ИСТИНА;ЛОЖЬ;;402;;;;;;;0;;;;844;ИСТИНА;37506;None;;;;;;0=TRIP;;;;;;;Undefined;491;3428;;;;;;;;;;ЛОЖЬ;;;;;;;;;;;;;;;;;;Output;EPKS_CCB;ESD_932_1;637;;;;;;;;
M;2470_D;;;;;Signal 3;;ЛОЖЬ;ЛОЖЬ;;2470;;;;;;;0;;;;147;ЛОЖЬ;0;;;;;;;;;;;;;;Undefined;491;3428;;;;;;;;;;ЛОЖЬ;;;;;;;;;;;;;;;;;;;;;;;;;;;;;
DO;93TAHH757_CA;;COM;930-20;A_C93021;CAUSE ALARM;No;ИСТИНА;ЛОЖЬ;;376;;;;;;;0;;;;730;ЛОЖЬ;37507;None;;;;;;0=ALARM;;;;;;;Undefined;491;3428;;;;;;;;;;ЛОЖЬ;;;;;;;;;;;;;;;;;;Output;EPKS_CCB;ESD_932_1;714;;;;;;;;
M;716_780_3;;;;;93TAHH862_I (AFTER OOS);;ЛОЖЬ;ЛОЖЬ;;780;;;;;;;0;;;;1278;ЛОЖЬ;0;;;;;;;0=TRIP;;;;;;;Undefined;491;3428;;;;;;;;;;ЛОЖЬ;;;;;;;;;;;;;;;;;;;;;;;;;;;;;
DO;93TAHH482A_CA;;COM;930-20;A_93020;CAUSE ALARM;No;ИСТИНА;ЛОЖЬ;;230;;;;;;;0;;;;3763;ЛОЖЬ;38453;None;;;;;;0=ALARM;0=ALARM;;;;;;Undefined;;;;;;;;;;;;ЛОЖЬ;ИСТИНА;;;;;;;;;;;;;;;;;Output;EPKS_CCB;ESD_932_1;1321;;;;;;;;
DO;93XY767_768_ESD;;COM;;;C9302001AX VALVE UPLOAD TRIP;No;ЛОЖЬ;ЛОЖЬ;;450;;;;;;;0;;;;44;ИСТИНА;37149;None;;;;;;0=TRIP;0=TRIP;;;;;;Undefined;;;;;;;;;;;;ЛОЖЬ;ИСТИНА;;;;;;;;;;;;;;;;;Output;EPKS_CCB;ESD_932_1;1466;;;;;;;;
M;374_1;;;;;;;ЛОЖЬ;ЛОЖЬ;;374;;;;;;;0;;;;721;ЛОЖЬ;0;;;;;;;;;;;;;;Undefined;491;3428;;;;;;;;;;ЛОЖЬ;;;;;;;;;;;;;;;;;;;;;;;;;;;;;
M;1031_11;;;;;;;ЛОЖЬ;ЛОЖЬ;;1031;;;;;;;0;;;;3683;ЛОЖЬ;0;;;;;;;;;;;;;;Undefined;;;;;;;;;;;;ЛОЖЬ;ИСТИНА;;;;;;;;;;;;;;;;;;;;;;;;;;;;
DO;93TAHH837;;COM;930-20;A_C93021;C9302001AX MAIN BEAR DE;No;ИСТИНА;ЛОЖЬ;;392;;;;;;;0;;;;828;ИСТИНА;37508;None;;;;;;0=TRIP;;;;;;;Undefined;491;3428;;;;;;;;;;ЛОЖЬ;;;;;;;;;;;;;;;;;;Output;EPKS_CCB;ESD_932_1;747;;;;;;;;
M;C642_2;;;;;Compiler marker (277, 132);;ЛОЖЬ;ЛОЖЬ;;642;;;;;;;0;;;;1375;ЛОЖЬ;0;;;;;;;;;;;;;;Undefined;491;3428;;;;;;;;;;ЛОЖЬ;;;;;;;;;;;;;;;;;;;;;;;;;;;;;
AI;93LI423;;FLD;930-20;A_93020;HYDROC GAS CON B9302001C;Yes;ИСТИНА;ЛОЖЬ;;268;ИСТИНА;Float;4-20mA;0;100;%;;;;;284;ЛОЖЬ;37739;;None;None;None;None;;;;-25;-25;;;;-XXXXX.X;3.64;22;;20.04;5;4;1;Bottom scale;;;;ЛОЖЬ;;ЛОЖЬ;;;;;;;;;;;;;;;;Output;EPKS_CCB;ESD_932_1;10089;;;;;;;;
M;C386_6_F;;;;;Function block marker;;ЛОЖЬ;ЛОЖЬ;;386;;;;;;;0;;;;4562;ЛОЖЬ;0;;;;;;;;;;;;;;Undefined;;;;;;;;;;;;ЛОЖЬ;ИСТИНА;;;;;;;;;;;;;;;;;;;;;;;;;;;;
T;526_6;;;;;;;ЛОЖЬ;ЛОЖЬ;;526;;;;;;;;100 ms;5;;1392;ЛОЖЬ;0;;;;;;;;;;;;;;Undefined;;;Delayed OFF with constant timer value;;;;;;;;;ЛОЖЬ;ИСТИНА;;;;;;;;;;;;;;;;;;;;;;;;;;;;
T;700_6;;;;;;;ЛОЖЬ;ЛОЖЬ;;700;;;;;;;;100 ms;5;;1452;ЛОЖЬ;0;;;;;;;;;;;;;;Undefined;;;Delayed OFF with constant timer value;;;;;;;;;ЛОЖЬ;ИСТИНА;;;;;;;;;;;;;;;;;;;;;;;;;;;;
M;268_9;;;;;;;ЛОЖЬ;ЛОЖЬ;;268;;;;;;;0;;;;3804;ЛОЖЬ;0;;;;;;;;;;;;;;Undefined;;;;;;;;;;;;ЛОЖЬ;ИСТИНА;;;;;;;;;;;;;;;;;;;;;;;;;;;;
T;254_8;;;;;;;ЛОЖЬ;ЛОЖЬ;;254;;;;;;;;100 ms;10;;1124;ЛОЖЬ;0;;;;;;;;;;;;;;Undefined;;;Delayed OFF with constant timer value;;;;;;;;;ЛОЖЬ;ИСТИНА;;;;;;;;;;;;;;;;;;;;;;;;;;;;
M;396_3;;;;;;;ЛОЖЬ;ЛОЖЬ;;396;;;;;;;0;;;;848;ЛОЖЬ;0;;;;;;;;;;;;;;Undefined;491;3428;;;;;;;;;;ЛОЖЬ;;;;;;;;;;;;;;;;;;;;;;;;;;;;;
M;1053_8;;;;;;;ЛОЖЬ;ЛОЖЬ;;1053;;;;;;;0;;;;2469;ЛОЖЬ;0;;;;;;;;;;;;;;Undefined;;;;;;;;;;;;ЛОЖЬ;ИСТИНА;;;;;;;;;;;;;;;;;;;;;;;;;;;;
BO;93PI818_H;;COM;;;HI ALARM SETPOINT;No;ЛОЖЬ;ЛОЖЬ;;534;;Float;;;;;0;;;;280;;0;;None;None;None;None;;;;;;;;;-XXXXX.X;;;;;;;;;;;;ЛОЖЬ;ИСТИНА;;;;;;;;;;;;;;;;;Output;EPKS_CCB;ESD_932_1;10415;;;;;;;;
DO;93TI868_TF;;COM;930-20;A_C93021;TRANSM. FAIL;No;ИСТИНА;ЛОЖЬ;;720;;;;;;;0;;;;1389;ИСТИНА;37510;None;;;;;;0=FAIL;;;;;;;Undefined;491;3428;;;;;;;;;;ЛОЖЬ;;;;;;;;;;;;;;;;;;Output;EPKS_CCB;ESD_932_1;844;;;;;;;;
M;2470_2;;;;;;;ЛОЖЬ;ЛОЖЬ;;2470;;;;;;;0;;;;131;ЛОЖЬ;0;;;;;;;;;;;;;;Undefined;491;3428;;;;;;;;;;ЛОЖЬ;;;;;;;;;;;;;;;;;;;;;;;;;;;;;
M;530_1023_2;;;;;93PDAHH831_I;;ЛОЖЬ;ЛОЖЬ;;1023;;;;;;;0;;;;2296;ЛОЖЬ;0;;;;;;;0=TRIP INITIATOR;;;;;;;Undefined;;;;;;;;;;;;ЛОЖЬ;ИСТИНА;;;;;;;;;;;;;;;;;;;;;;;;;;;;
T;402_2;;;;;;;ЛОЖЬ;ЛОЖЬ;;402;;;;;;;;100 ms;5;;992;ЛОЖЬ;0;;;;;;;;;;;;;;Undefined;;;Delayed OFF with constant timer value;;;;;;;;;ЛОЖЬ;ИСТИНА;;;;;;;;;;;;;;;;;;;;;;;;;;;;
DI;93XSF416;;FLD;;;SHUTTER 93XV416;No;ИСТИНА;ЛОЖЬ;;322;;;;;;;;;;;52;ЛОЖЬ;37631;None;;;;;;1=FAIL;;;;;;;Undefined;;;;20.03;7;13;1;Low;;;;ЛОЖЬ;ИСТИНА;;;ЛОЖЬ;;;;;;;;;;;;;;;;;;;;;;;;;
M;C722_6_G;;;;;Function block marker;;ЛОЖЬ;ЛОЖЬ;;722;;;;;;;0;;;;4244;ЛОЖЬ;0;;;;;;;;;;;;;;Undefined;;;;;;;;;;;;ЛОЖЬ;ИСТИНА;;;;;;;;;;;;;;;;;;;;;;;;;;;;
M;C384_4_B;;;;;Function block marker;;ЛОЖЬ;ЛОЖЬ;;384;;;;;;;0;;;;4564;ЛОЖЬ;0;;;;;;;;;;;;;;Undefined;;;;;;;;;;;;ЛОЖЬ;ИСТИНА;;;;;;;;;;;;;;;;;;;;;;;;;;;;
DO;93TI868_MOC;;COM;930-20;A_C93021;MO CONFIRMED;No;ИСТИНА;ЛОЖЬ;;720;;;;;;;0;;;;1288;ИСТИНА;37511;None;;;;;;1=CONFIRMED;;;;;;;Undefined;491;3428;;;;;;;;;;ЛОЖЬ;;;;;;;;;;;;;;;;;;Output;EPKS_CCB;ESD_932_1;843;;;;;;;;
M;798_1043_1;;;;;93HS860_P;;ЛОЖЬ;ЛОЖЬ;;1043;;;;;;;0;;;;2530;ЛОЖЬ;0;;;;;;;1=RESET;;;;;;;Undefined;;;;;;;;;;;;ЛОЖЬ;ИСТИНА;;;;;;;;;;;;;;;;;;;;;;;;;;;;
AI;93LI754A;;FLD;;;C-9302001AX LEVEL 2ND ST;Yes;ИСТИНА;ЛОЖЬ;;356;ИСТИНА;Float;4-20mA;0;100;%;;;;;832;ЛОЖЬ;38510;;None;None;None;None;;;;;;;;;-XXXXX.X;3.64;22;;20.05;11;5;1;Top scale;;;;ЛОЖЬ;ИСТИНА;ЛОЖЬ;;;;;;;;;;;;;;;;Output;EPKS_CCB;ESD_932_1;10377;;;;;;;;
T;250_8;;;;;;;ЛОЖЬ;ЛОЖЬ;;250;;;;;;;;100 ms;10;;1100;ЛОЖЬ;0;;;;;;;;;;;;;;Undefined;;;Delayed OFF with constant timer value;;;;;;;;;ЛОЖЬ;ИСТИНА;;;;;;;;;;;;;;;;;;;;;;;;;;;;
M;C312_3_E;;;;;Function block marker;;ЛОЖЬ;ЛОЖЬ;;312;;;;;;;0;;;;1892;ЛОЖЬ;0;;;;;;;;;;;;;;Undefined;;;;;;;;;;;;ЛОЖЬ;ИСТИНА;;;;;;;;;;;;;;;;;;;;;;;;;;;;
DO;93TAH854;;COM;930-20;A_C93021;HI ALARM;No;ЛОЖЬ;ЛОЖЬ;;708;;;;;;;0;;;;4137;ЛОЖЬ;0;None;;;;;;0=ALARM;0=ALARM;;;;;;Undefined;;;;;;;;;;;;ЛОЖЬ;ИСТИНА;;;;;;;;;;;;;;;;;Output;EPKS_CCB;ESD_932_1;1449;;;;;;;;
DO;93PAH765;;COM;;;HI ALARM;No;ЛОЖЬ;ЛОЖЬ;;362;;;;;;;0;;;;2767;ЛОЖЬ;0;None;;;;;;0=ALARM;0=ALARM;;;;;;Undefined;;;;;;;;;;;;ЛОЖЬ;ИСТИНА;;;;;;;;;;;;;;;;;Output;EPKS_CCB;ESD_932_1;1388;;;;;;;;
AI;VM 20.03/17/17;;SYS;;;;Yes;ЛОЖЬ;;;0;ИСТИНА;Float;0-5V (VM);0;100;;;;;;744;ЛОЖЬ;0;;None;None;None;None;;;;;;;;;Undefined;2.5;3.9;;20.03;17;17;1;Scan;;;;ЛОЖЬ;ИСТИНА;;;;;;;;;;;;;;;;;;;;;;;;;;;;
M;404_1049_3;;;;;93TAHH929_I;;ЛОЖЬ;ЛОЖЬ;;1049;;;;;;;0;;;;2559;ЛОЖЬ;0;;;;;;;0=TRIP INITIATOR;;;;;;;Undefined;;;;;;;;;;;;ЛОЖЬ;ИСТИНА;;;;;;;;;;;;;;;;;;;;;;;;;;;;
M;C392_4_B;;;;;Function block marker;;ЛОЖЬ;ЛОЖЬ;;392;;;;;;;0;;;;4536;ЛОЖЬ;0;;;;;;;;;;;;;;Undefined;;;;;;;;;;;;ЛОЖЬ;ИСТИНА;;;;;;;;;;;;;;;;;;;;;;;;;;;;
M;C700_6_F;;;;;Function block marker;;ЛОЖЬ;ЛОЖЬ;;700;;;;;;;0;;;;4318;ЛОЖЬ;0;;;;;;;;;;;;;;Undefined;;;;;;;;;;;;ЛОЖЬ;ИСТИНА;;;;;;;;;;;;;;;;;;;;;;;;;;;;
M;C368_5_G;;;;;Function block marker;;ЛОЖЬ;ЛОЖЬ;;368;;;;;;;0;;;;3550;ЛОЖЬ;0;;;;;;;;;;;;;;Undefined;;;;;;;;;;;;ЛОЖЬ;ИСТИНА;;;;;;;;;;;;;;;;;;;;;;;;;;;;
DO;93TAHH759;;COM;930-20;A_C93021;C9302001AX COOL H2O CYL2;No;ИСТИНА;ЛОЖЬ;;378;;;;;;;0;;;;739;ИСТИНА;37512;None;;;;;;0=TRIP;;;;;;;Undefined;491;3428;;;;;;;;;;ЛОЖЬ;;;;;;;;;;;;;;;;;;Output;EPKS_CCB;ESD_932_1;715;;;;;;;;
DO;93PDAHH780_FU;;COM;930-20;A_C93021;C9302001AX DPRS GAS CYL1;No;ИСТИНА;ЛОЖЬ;;1003;;;;;;;0;;;;2191;ЛОЖЬ;38217;None;;;;;;1=FIRST;;;;;;;Undefined;;;;;;;;;;;;ЛОЖЬ;ИСТИНА;;;;;;;;;;;;;;;;;Output;EPKS_CCB;ESD_932_1;1058;;;;;;;;
M;366_810_3;;;;;93PAH770_PERM;;ЛОЖЬ;ЛОЖЬ;;810;;;;;;;0;;;;3983;ЛОЖЬ;0;;;;;;;0=ALARM;;;;;;;Undefined;;;;;;;;;;;;ЛОЖЬ;ИСТИНА;;;;;;;;;;;;;;;;;;;;;;;;;;;;
DO;93VAHH752;;COM;930-20;A_C93021;C9302001AX VIB CRANKCASE;No;ИСТИНА;ЛОЖЬ;;394;;;;;;;0;;;;839;ИСТИНА;37876;None;;;;;;0=TRIP;;;;;;;Undefined;491;3428;;;;;;;;;;ЛОЖЬ;;;;;;;;;;;;;;;;;;Output;EPKS_CCB;ESD_932_1;863;;;;;;;;
AI;93LI416;;FLD;930-20;A_93020;L. V-9302003C;Yes;ИСТИНА;ЛОЖЬ;;262;ИСТИНА;Float;4-20mA;0;100;%;;;;;252;ЛОЖЬ;38424;;None;None;None;None;;;;;;;;;-XXXXX.X;3.64;22;;20.04;3;13;1;Bottom scale;;;;ЛОЖЬ;ИСТИНА;ЛОЖЬ;;;;;;;;;;;;;;;;Output;EPKS_CCB;ESD_932_1;10311;;;;;;;;
M;638_430_1;;;;;"CW COMMON TRIP ""BX""";;ЛОЖЬ;ЛОЖЬ;;430;;;;;;;0;;;;659;ЛОЖЬ;0;;;;;;;0=TRIP;;;;;;;Undefined;491;3428;;;;;;;;;;ЛОЖЬ;;;;;;;;;;;;;;;;;;;;;;;;;;;;;
AI;93FI421;;FLD;930-20;A_C93021;H2O TO OIL C-9302001BX;Yes;ИСТИНА;ЛОЖЬ;;246;ИСТИНА;Float;4-20mA;0;8000;kg/h;;;;;120;ЛОЖЬ;38423;;None;None;None;None;;;;;;;;;-XXXXX.X;3.64;22;;20.03;15;14;1;Bottom scale;;;;ЛОЖЬ;ИСТИНА;ЛОЖЬ;;;;;;;;;;;;;;;;Output;EPKS_CCB;ESD_932_1;10321;;;;;;;;
M;534_8;;;;;;;ЛОЖЬ;ЛОЖЬ;;534;;;;;;;0;;;;4057;ЛОЖЬ;0;;;;;;;;;;;;;;Undefined;;;;;;;;;;;;ЛОЖЬ;ИСТИНА;;;;;;;;;;;;;;;;;;;;;;;;;;;;
DO;93HS551A_FU;;COM;930-20;A_C93020;STOP BTN 2LCSA1;No;ИСТИНА;ЛОЖЬ;;1057;;;;;;;0;;;;2665;ЛОЖЬ;38333;None;;;;;;1=FIRST;;;;;;;Undefined;;;;;;;;;;;;ЛОЖЬ;ИСТИНА;;;;;;;;;;;;;;;;;Output;EPKS_CCB;ESD_932_1;1174;;;;;;;;
M;638_2;;;;;;;ЛОЖЬ;ЛОЖЬ;;638;;;;;;;0;;;;1781;ЛОЖЬ;0;;;;;;;;;;;;;;Undefined;491;3428;;;;;;;;;;ЛОЖЬ;;;;;;;;;;;;;;;;;;;;;;;;;;;;;
M;121_2345_1;;;;;MOS_EN C-9302001AX;;ЛОЖЬ;ЛОЖЬ;;2345;;;;;;;0;;;;1350;ЛОЖЬ;0;;;;;;;1=ENABLED;;;;;;;Undefined;491;3428;;;;;;;;;;ЛОЖЬ;;;;;;;;;;;;;;;;;;;;;;;;;;;;;
M;270_3;;;;;;;ЛОЖЬ;ЛОЖЬ;;270;;;;;;;0;;;;528;ЛОЖЬ;0;;;;;;;;;;;;;;Undefined;491;3428;;;;;;;;;;ЛОЖЬ;;;;;;;;;;;;;;;;;;;;;;;;;;;;;
DO;93FALL902_CA;;COM;;;CAUSE ALARM;No;ЛОЖЬ;ЛОЖЬ;;400;;;;;;;0;;;;3377;ЛОЖЬ;0;None;;;;;;0=ALARM;0=ALARM;;;;;;Undefined;;;;;;;;;;;;ЛОЖЬ;ИСТИНА;;;;;;;;;;;;;;;;;Output;EPKS_CCB;ESD_932_1;1272;;;;;;;;
M;C236_7_G;;;;;Function block marker;;ЛОЖЬ;ЛОЖЬ;;236;;;;;;;0;;;;3952;ЛОЖЬ;0;;;;;;;;;;;;;;Undefined;;;;;;;;;;;;ЛОЖЬ;ИСТИНА;;;;;;;;;;;;;;;;;;;;;;;;;;;;
DO;93XY460_C;;COM;;;AUTO CLOSURE 93XV460;No;ИСТИНА;ЛОЖЬ;;272;;;;;;;0;;;;1803;ИСТИНА;37668;None;;;;;;0=TRIP;;;;;;;Undefined;491;3428;;;;;;;;;;ЛОЖЬ;;;;;;;;;;;;;;;;;;Output;EPKS_CCB;ESD_932_1;1026;;;;;;;;
M;2460_3;;;930-20;;;;ЛОЖЬ;ЛОЖЬ;;2460;;;;;;;0;;;;178;ЛОЖЬ;0;;;;;;;;;;;;;;Undefined;491;3428;;;;;;;;;;ЛОЖЬ;;;;;;;;;;;;;;;;;;;;;;;;;;;;;
DO;93LALL435_CA;;COM;930-20;A_93020;CAUSE ALARM;No;ЛОЖЬ;ЛОЖЬ;;288;;;;;;;0;;;;3354;ЛОЖЬ;0;None;;;;;;0=ALARM;0=ALARM;;;;;;Undefined;;;;;;;;;;;;ЛОЖЬ;ИСТИНА;;;;;;;;;;;;;;;;;Output;EPKS_CCB;ESD_932_1;1249;;;;;;;;
BO;93TI929_HH;;COM;930-20;A_C93021;HH TRIP SETPOINT (°C);No;ИСТИНА;ЛОЖЬ;;404;;Float;;;;;0;;;;384;;38130;;;;;;;;;0;0;;;;-XXXXX.X;491;3428;;;;;;;;;;ЛОЖЬ;;;;;;;;;;;;;;;;;;Output;EPKS_CCB;ESD_932_1;10280;;;;;;;;
DI;93LI425_MOR;;COM;930-20;A_93020;MO REQUEST;No;ИСТИНА;ИСТИНА;;270;;;;;;;0;;;;2874;ЛОЖЬ;37513;None;;;;;;1=REQUEST;;;;;;;Undefined;491;3428;;;;;;Freeze;;;;ЛОЖЬ;;;;ЛОЖЬ;;;;;;;;;;;;;;Input;EPKS_CCB;ESD_932_1;43;;;;;;;;
T;270_3;;;;;;;ЛОЖЬ;ЛОЖЬ;;270;;;;;;;;100 ms;5;;1220;ЛОЖЬ;0;;;;;;;;;;;;;;Undefined;;;Delayed OFF with constant timer value;;;;;;;;;ЛОЖЬ;ИСТИНА;;;;;;;;;;;;;;;;;;;;;;;;;;;;
M;C722_4_B;;;;;Function block marker;;ЛОЖЬ;ЛОЖЬ;;722;;;;;;;0;;;;4238;ЛОЖЬ;0;;;;;;;;;;;;;;Undefined;;;;;;;;;;;;ЛОЖЬ;ИСТИНА;;;;;;;;;;;;;;;;;;;;;;;;;;;;
DO;93PALL884_FU;;COM;930-20;A_C93021;C9302001CX PUR GAS SUP;No;ИСТИНА;ЛОЖЬ;;1043;;;;;;;0;;;;2590;ЛОЖЬ;38312;None;;;;;;1=FIRST;;;;;;;Undefined;;;;;;;;;;;;ЛОЖЬ;ИСТИНА;;;;;;;;;;;;;;;;;Output;EPKS_CCB;ESD_932_1;1153;;;;;;;;
M;628_630_1;;;;;COMMON TRIP;;ЛОЖЬ;ЛОЖЬ;;630;;;;;;;0;;;;858;ЛОЖЬ;0;;;;;;;0=TRIP;;;;;;;Undefined;491;3428;;;;;;;;;;ЛОЖЬ;;;;;;;;;;;;;;;;;;;;;;;;;;;;;
DO;93TAHH759_FU;;COM;930-20;A_C93021;C9302001AX COOL H2O CYL2;No;ИСТИНА;ЛОЖЬ;;1009;;;;;;;0;;;;2204;ЛОЖЬ;38230;None;;;;;;1=FIRST;;;;;;;Undefined;;;;;;;;;;;;ЛОЖЬ;ИСТИНА;;;;;;;;;;;;;;;;;Output;EPKS_CCB;ESD_932_1;1071;;;;;;;;
M;C1049_2_L;;;;;Function block marker;;ЛОЖЬ;ЛОЖЬ;;1049;;;;;;;0;;;;3707;ЛОЖЬ;0;;;;;;;;;;;;;;Undefined;;;;;;;;;;;;ЛОЖЬ;ИСТИНА;;;;;;;;;;;;;;;;;;;;;;;;;;;;
AI;93PDI882;;FLD;;;C9302001CX PROC GAS CYL2;Yes;ИСТИНА;ЛОЖЬ;;694;ИСТИНА;Float;4-20mA;0;1;MPa;;;;;752;ЛОЖЬ;38509;;None;None;None;None;;;;;;;;;-XXXXX.X;3.64;22;;20.04;17;2;1;Top scale;;;;ЛОЖЬ;ИСТИНА;ЛОЖЬ;;;;;;;;;;;;;;;;Output;EPKS_CCB;ESD_932_1;10359;;;;;;;;
DO;93LI412_TF;;COM;;;TRANSM. FAIL;No;ЛОЖЬ;ЛОЖЬ;;259;;;;;;;0;;;;212;ИСТИНА;38450;None;;;;;;0=FAIL;0=FAIL;;;;;;Undefined;;;;;;;;;;;;ЛОЖЬ;ИСТИНА;;;;;;;;;;;;;;;;;Output;EPKS_CCB;ESD_932_1;1305;;;;;;;;
M;C542_6_E;;;;;Function block marker;;ЛОЖЬ;ЛОЖЬ;;542;;;;;;;0;;;;4442;ЛОЖЬ;0;;;;;;;;;;;;;;Undefined;;;;;;;;;;;;ЛОЖЬ;ИСТИНА;;;;;;;;;;;;;;;;;;;;;;;;;;;;
M;C365_5_E;;;;;Function block marker;;ЛОЖЬ;ЛОЖЬ;;365;;;;;;;0;;;;4616;ЛОЖЬ;0;;;;;;;;;;;;;;Undefined;;;;;;;;;;;;ЛОЖЬ;ИСТИНА;;;;;;;;;;;;;;;;;;;;;;;;;;;;
DO;93FI754_MOC;;COM;930-20;A_C93021;MO CONFIRMED;No;ИСТИНА;ЛОЖЬ;;350;;;;;;;0;;;;582;ИСТИНА;37514;None;;;;;;1=CONFIRMED;;;;;;;Undefined;491;3428;;;;;;;;;;ЛОЖЬ;;;;;;;;;;;;;;;;;;Output;EPKS_CCB;ESD_932_1;455;;;;;;;;
M;C1041_1_I;;;;;Function block marker;;ЛОЖЬ;ЛОЖЬ;;1041;;;;;;;0;;;;2648;ЛОЖЬ;0;;;;;;;;;;;;;;Undefined;;;;;;;;;;;;ЛОЖЬ;ИСТИНА;;;;;;;;;;;;;;;;;;;;;;;;;;;;
DO;93TAHH837_FU;;COM;930-20;A_C93021;C9302001AX MAIN BEAR DE;No;ИСТИНА;ЛОЖЬ;;1011;;;;;;;0;;;;2211;ЛОЖЬ;38237;None;;;;;;1=FIRST;;;;;;;Undefined;;;;;;;;;;;;ЛОЖЬ;ИСТИНА;;;;;;;;;;;;;;;;;Output;EPKS_CCB;ESD_932_1;1078;;;;;;;;
DO;93FI854_TF;;COM;930-20;A_C93021;TRANSM. FAIL;No;ИСТИНА;ЛОЖЬ;;684;;;;;;;0;;;;1292;ИСТИНА;37515;None;;;;;;0=FAIL;;;;;;;Undefined;491;3428;;;;;;;;;;ЛОЖЬ;;;;;;;;;;;;;;;;;;Output;EPKS_CCB;ESD_932_1;464;;;;;;;;
DO;93HS551A_FU_C;;COM;930-20;A_C93020;STOP BTN 2LCSA1;No;ИСТИНА;ЛОЖЬ;;1053;;;;;;;0;;;;2575;ЛОЖЬ;38297;None;;;;;;1=FIRST;;;;;;;Undefined;;;;;;;;;;;;ЛОЖЬ;ИСТИНА;;;;;;;;;;;;;;;;;Output;EPKS_CCB;ESD_932_1;1138;;;;;;;;
M;C280_1_F;;;;;Function block marker;;ЛОЖЬ;ЛОЖЬ;;280;;;;;;;0;;;;3838;ЛОЖЬ;0;;;;;;;;;;;;;;Undefined;;;;;;;;;;;;ЛОЖЬ;ИСТИНА;;;;;;;;;;;;;;;;;;;;;;;;;;;;
M;C798_5_C;;;;;Function block marker;;ЛОЖЬ;ЛОЖЬ;;798;;;;;;;0;;;;2672;ЛОЖЬ;0;;;;;;;;;;;;;;Undefined;;;;;;;;;;;;ЛОЖЬ;ИСТИНА;;;;;;;;;;;;;;;;;;;;;;;;;;;;
DI;93TI757_MOR;;COM;930-20;A_C93021;MO REQUEST;No;ИСТИНА;ИСТИНА;;376;;;;;;;0;;;;2927;ЛОЖЬ;37516;None;;;;;;1=REQUEST;;;;;;;Undefined;491;3428;;;;;;Freeze;;;;ЛОЖЬ;;;;ЛОЖЬ;;;;;;;;;;;;;;Input;EPKS_CCB;ESD_932_1;96;;;;;;;;
M;C266_7_G;;;;;Function block marker;;ЛОЖЬ;ЛОЖЬ;;266;;;;;;;0;;;;3868;ЛОЖЬ;0;;;;;;;;;;;;;;Undefined;;;;;;;;;;;;ЛОЖЬ;ИСТИНА;;;;;;;;;;;;;;;;;;;;;;;;;;;;
DO;93LALL415;;COM;930-20;A_93020;HYD GAS COND  V9302003B;No;ИСТИНА;ЛОЖЬ;;260;;;;;;;0;;;;367;ИСТИНА;37517;None;;;;;;0=TRIP;;;;;;;Undefined;491;3428;;;;;;;;;;ЛОЖЬ;;;;;;;;;;;;;;;;;;Output;EPKS_CCB;ESD_932_1;506;;;;;;;;
R;274_276_2;;;;;93LI426;;ЛОЖЬ;ЛОЖЬ;;276;;Float;;;;;0;;;;848;ЛОЖЬ;0;;;;;;;;;;;;;;Undefined;491;3428;;;;;;;;;;ЛОЖЬ;;;;;;;;;;;;;;;;;;;;;;;;;;;;;
DI;93HS857A;;LCP;930-20;A_C93021;C-9302001CX EM.STOP;Yes;ИСТИНА;ЛОЖЬ;;732;;;;;;;;;;;64;ИСТИНА;37518;None;;;;;;0=TRIP;;;;;;;Undefined;491;3428;;20.03;9;9;1;Low;;;;ЛОЖЬ;;;;ЛОЖЬ;;;;;;;;;;;;;;Output;EPKS_CCB;ESD_932_1;972;;;;;;;;
DI;93XSF415;;FLD;;;SHUTTER 93XV415;No;ИСТИНА;ЛОЖЬ;;322;;;;;;;;;;;51;ЛОЖЬ;37603;None;;;;;;1=FAIL;;;;;;;Undefined;;;;20.03;7;12;1;Low;;;;ЛОЖЬ;ИСТИНА;;;ЛОЖЬ;;;;;;;;;;;;;;;;;;;;;;;;;
M;1039_1041_1;;;;;FIRST OUT SEQUENCE;;ЛОЖЬ;ЛОЖЬ;;1041;;;;;;;0;;;;2480;ЛОЖЬ;0;;;;;;;1=FU ALARM;;;;;;;Undefined;;;;;;;;;;;;ЛОЖЬ;ИСТИНА;;;;;;;;;;;;;;;;;;;;;;;;;;;;
DO;93LALL434_P;;COM;930-20;A_93020;HYD GAS COND  B9302003A;No;ИСТИНА;ЛОЖЬ;;284;;;;;;;0;;;;541;ЛОЖЬ;38048;None;;;;;;1=ACTIVE;;;;;;;Undefined;491;3428;;;;;;;;;;ЛОЖЬ;;;;;;;;;;;;;;;;;;;;;;;;;;Output;CC_CCB_1;ESD_932_1;64
M;278_154_1;;;;;93LT429;;ЛОЖЬ;ЛОЖЬ;;154;;;;;;;0;;;;722;ЛОЖЬ;0;;;;;;;1=MO CONFIRMED;;;;;;;Undefined;491;3428;;;;;;;;;;ЛОЖЬ;;;;;;;;;;;;;;;;;;;;;;;;;;;;;
T;356_6;;;;;;;ЛОЖЬ;ЛОЖЬ;;356;;;;;;;;100 ms;5;;860;ЛОЖЬ;0;;;;;;;;;;;;;;Undefined;;;Delayed OFF with constant timer value;;;;;;;;;ЛОЖЬ;ИСТИНА;;;;;;;;;;;;;;;;;;;;;;;;;;;;
M;2456_I;;;;;Trip 9;;ЛОЖЬ;ЛОЖЬ;;2456;;;;;;;0;;;;139;ЛОЖЬ;0;;;;;;;;;;;;;;Undefined;491;3428;;;;;;;;;;ЛОЖЬ;;;;;;;;;;;;;;;;;;;;;;;;;;;;;
M;562_7;;;;;;;ЛОЖЬ;ЛОЖЬ;;562;;;;;;;0;;;;4082;ЛОЖЬ;0;;;;;;;;;;;;;;Undefined;;;;;;;;;;;;ЛОЖЬ;ИСТИНА;;;;;;;;;;;;;;;;;;;;;;;;;;;;
M;256_7;;;;;;;ЛОЖЬ;ЛОЖЬ;;256;;;;;;;0;;;;3793;ЛОЖЬ;0;;;;;;;;;;;;;;Undefined;;;;;;;;;;;;ЛОЖЬ;ИСТИНА;;;;;;;;;;;;;;;;;;;;;;;;;;;;
M;556_1029_2;;;;;93TAHH818_I;;ЛОЖЬ;ЛОЖЬ;;1029;;;;;;;0;;;;2312;ЛОЖЬ;0;;;;;;;0=TRIP INITIATOR;;;;;;;Undefined;;;;;;;;;;;;ЛОЖЬ;ИСТИНА;;;;;;;;;;;;;;;;;;;;;;;;;;;;
T;280_1;;;;;;;ЛОЖЬ;ЛОЖЬ;;280;;;;;;;;100 ms;5;;1240;ЛОЖЬ;0;;;;;;;;;;;;;;Undefined;;;Delayed OFF with constant timer value;;;;;;;;;ЛОЖЬ;ИСТИНА;;;;;;;;;;;;;;;;;;;;;;;;;;;;
M;276_632_3;;;;;93-I-551;;ЛОЖЬ;ЛОЖЬ;;632;;;;;;;0;;;;792;ЛОЖЬ;0;;;;;;;0=TRIP;;;;;;;Undefined;491;3428;;;;;;;;;;ЛОЖЬ;;;;;;;;;;;;;;;;;;;;;;;;;;;;;
AI;93TI834;;FLD;930-20;A_C93021;C-9302001BX COOL H2O OIL;Yes;ИСТИНА;ЛОЖЬ;;558;ИСТИНА;Float;4-20mA;-50;100;°C;;;;;100;ЛОЖЬ;37945;;None;None;None;None;;;;-87.5;-87.5;;;;-XXXXX.X;3.76;21;;20.03;15;9;1;Bottom scale;;;;ЛОЖЬ;;ЛОЖЬ;;;;;;;;;;;;;;;;Output;EPKS_CCB;ESD_932_1;10149;;;;;;;;
BO;93PI461_LL;;COM;930-20;A_93020;LL TRIP SETPOINT (MPA-g);No;ИСТИНА;ЛОЖЬ;;236;;Float;;;;;0;;;;500;;38134;;;;;;;;;0;0;;;;-XXXXX.X;491;3428;;;;;;;;;;ЛОЖЬ;;;;;;;;;;;;;;;;;;Output;EPKS_CCB;ESD_932_1;10217;;;;;;;;
T;266_7;;;;;;;ЛОЖЬ;ЛОЖЬ;;266;;;;;;;;100 ms;5;;1172;ЛОЖЬ;0;;;;;;;;;;;;;;Undefined;;;Delayed OFF with constant timer value;;;;;;;;;ЛОЖЬ;ИСТИНА;;;;;;;;;;;;;;;;;;;;;;;;;;;;
DO;93TAHH886;;COM;930-20;A_C93021;C9302001BX MAIN BEAR NDE;No;ИСТИНА;ЛОЖЬ;;560;;;;;;;0;;;;1084;ИСТИНА;37520;None;;;;;;0=TRIP;;;;;;;Undefined;491;3428;;;;;;;;;;ЛОЖЬ;;;;;;;;;;;;;;;;;;Output;EPKS_CCB;ESD_932_1;767;;;;;;;;
M;232_276_2;;;;;93TAHH483_I;;ЛОЖЬ;ЛОЖЬ;;276;;;;;;;0;;;;327;ЛОЖЬ;0;;;;;;;0=TRIP INITIATOR;;;;;;;Undefined;491;3428;;;;;;;;;;ЛОЖЬ;;;;;;;;;;;;;;;;;;;;;;;;;;;;;
T;258_2;;;;;;;ЛОЖЬ;ЛОЖЬ;;258;;;;;;;;100 ms;5;;844;ЛОЖЬ;0;;;;;;;;;;;;;;Undefined;;;Delayed OFF with constant timer value;;;;;;;;;ЛОЖЬ;ИСТИНА;;;;;;;;;;;;;;;;;;;;;;;;;;;;
M;C248_6_G;;;;;Function block marker;;ЛОЖЬ;ЛОЖЬ;;248;;;;;;;0;;;;3922;ЛОЖЬ;0;;;;;;;;;;;;;;Undefined;;;;;;;;;;;;ЛОЖЬ;ИСТИНА;;;;;;;;;;;;;;;;;;;;;;;;;;;;
M;2499_C;;;;;TRIP 3;;ЛОЖЬ;ЛОЖЬ;;2499;;;;;;;0;;;;170;ЛОЖЬ;0;;;;;;;;;;;;;;Undefined;491;3428;;;;;;;;;;ЛОЖЬ;;;;;;;;;;;;;;;;;;;;;;;;;;;;;
M;254_280_2;;;;;93FALL430_I;;ЛОЖЬ;ЛОЖЬ;;280;;;;;;;0;;;;467;ЛОЖЬ;0;;;;;;;0=TRIP INITIATOR;;;;;;;Undefined;491;3428;;;;;;;;;;ЛОЖЬ;;;;;;;;;;;;;;;;;;;;;;;;;;;;;
M;1031_7;;;;;;;ЛОЖЬ;ЛОЖЬ;;1031;;;;;;;0;;;;3679;ЛОЖЬ;0;;;;;;;;;;;;;;Undefined;;;;;;;;;;;;ЛОЖЬ;ИСТИНА;;;;;;;;;;;;;;;;;;;;;;;;;;;;
M;C296_4_E;;;;;Function block marker;;ЛОЖЬ;ЛОЖЬ;;296;;;;;;;0;;;;2786;ЛОЖЬ;0;;;;;;;;;;;;;;Undefined;491;3428;;;;;;;;;;ЛОЖЬ;;;;;;;;;;;;;;;;;;;;;;;;;;;;;
BO;93TI760_H;;COM;;;HI ALARM SETPOINT;No;ЛОЖЬ;ЛОЖЬ;;380;;Float;;;;;0;;;;244;;0;;None;None;None;None;;;;;;;;;-XXXXX.X;;;;;;;;;;;;ЛОЖЬ;ИСТИНА;;;;;;;;;;;;;;;;;Output;EPKS_CCB;ESD_932_1;10406;;;;;;;;
DI;93PDI830_MOR;;COM;930-20;A_C93021;MO REQUEST;No;ИСТИНА;ИСТИНА;;528;;;;;;;0;;;;2897;ЛОЖЬ;37521;None;;;;;;1=REQUEST;;;;;;;Undefined;491;3428;;;;;;Freeze;;;;ЛОЖЬ;;;;ЛОЖЬ;;;;;;;;;;;;;;Input;EPKS_CCB;ESD_932_1;66;;;;;;;;
T;2430_1;;;;;;;ЛОЖЬ;ЛОЖЬ;;2430;;;;;;;;100 ms;5;;4;ЛОЖЬ;0;;;;;;;;;;;;;;Undefined;491;3428;Delayed OFF with constant timer value;;;;;;;;;ЛОЖЬ;;;;;;;;;;;;;;;;;;;;;;;;;;;;;
M;642_646_3;;;;;CAPACITY 75%;;ЛОЖЬ;ЛОЖЬ;;646;;;;;;;0;;;;566;ЛОЖЬ;0;;;;;;;1=ACTIVE;;;;;;;Undefined;491;3428;;;;;;;;;;ЛОЖЬ;;;;;;;;;;;;;;;;;;;;;;;;;;;;;
DI;93LI853_MOR;;COM;930-20;A_C93021;MO REQUEST;No;ИСТИНА;ИСТИНА;;690;;;;;;;0;;;;2885;ЛОЖЬ;37522;None;;;;;;1=REQUEST;;;;;;;Undefined;491;3428;;;;;;Freeze;;;;ЛОЖЬ;;;;ЛОЖЬ;;;;;;;;;;;;;;Input;EPKS_CCB;ESD_932_1;54;;;;;;;;
DI;93TI887_MOR;;COM;930-20;A_C93021;MO REQUEST;No;ИСТИНА;ИСТИНА;;562;;;;;;;0;;;;2969;ЛОЖЬ;37523;None;;;;;;1=REQUEST;;;;;;;Undefined;491;3428;;;;;;Freeze;;;;ЛОЖЬ;;;;ЛОЖЬ;;;;;;;;;;;;;;Input;EPKS_CCB;ESD_932_1;138;;;;;;;;
M;C722_6_F;;;;;Function block marker;;ЛОЖЬ;ЛОЖЬ;;722;;;;;;;0;;;;4243;ЛОЖЬ;0;;;;;;;;;;;;;;Undefined;;;;;;;;;;;;ЛОЖЬ;ИСТИНА;;;;;;;;;;;;;;;;;;;;;;;;;;;;
T;708_3;;;;;;;ЛОЖЬ;ЛОЖЬ;;708;;;;;;;;100 ms;5;;1416;ЛОЖЬ;0;;;;;;;;;;;;;;Undefined;;;Delayed OFF with constant timer value;;;;;;;;;ЛОЖЬ;ИСТИНА;;;;;;;;;;;;;;;;;;;;;;;;;;;;
DO;93TAH758;;COM;;;HI ALARM;No;ЛОЖЬ;ЛОЖЬ;;378;;;;;;;0;;;;2775;ЛОЖЬ;0;None;;;;;;0=ALARM;0=ALARM;;;;;;Undefined;;;;;;;;;;;;ЛОЖЬ;ИСТИНА;;;;;;;;;;;;;;;;;Output;EPKS_CCB;ESD_932_1;1396;;;;;;;;
M;C1053_1_J;;;;;Function block marker;;ЛОЖЬ;ЛОЖЬ;;1053;;;;;;;0;;;;2613;ЛОЖЬ;0;;;;;;;;;;;;;;Undefined;;;;;;;;;;;;ЛОЖЬ;ИСТИНА;;;;;;;;;;;;;;;;;;;;;;;;;;;;
AI;93PDI880;;FLD;930-20;A_C93021;C9302001CX PROC GAS CYL1;Yes;ИСТИНА;ЛОЖЬ;;692;ИСТИНА;Float;4-20mA;0;400;kPa;;;;;508;ЛОЖЬ;37946;;None;None;None;None;;;;-100;-100;;;;-XXXXX.X;3.64;22;;20.04;11;9;1;Bottom scale;;;;ЛОЖЬ;;ЛОЖЬ;;;;;;;;;;;;;;;;Output;EPKS_CCB;ESD_932_1;10106;;;;;;;;
DO;93LALL423_CA;;COM;930-20;A_93020;CAUSE ALARM;No;ИСТИНА;ЛОЖЬ;;268;;;;;;;0;;;;412;ЛОЖЬ;37525;None;;;;;;0=ALARM;;;;;;;Undefined;491;3428;;;;;;;;;;ЛОЖЬ;;;;;;;;;;;;;;;;;;Output;EPKS_CCB;ESD_932_1;519;;;;;;;;
M;C2440_1;;;;;Compiler marker (312, 84);;ЛОЖЬ;ЛОЖЬ;;2440;;;;;;;0;;;;331;ЛОЖЬ;0;;;;;;;;;;;;;;Undefined;491;3428;;;;;;;;;;ЛОЖЬ;;;;;;;;;;;;;;;;;;;;;;;;;;;;;
DO;93LAHH851;;COM;930-20;A_C93021;C9302001CX LEV SEP 1ST;No;ИСТИНА;ЛОЖЬ;;688;;;;;;;0;;;;1445;ИСТИНА;37526;None;;;;;;0=TRIP;;;;;;;Undefined;491;3428;;;;;;;;;;ЛОЖЬ;;;;;;;;;;;;;;;;;;Output;EPKS_CCB;ESD_932_1;496;;;;;;;;
DO;93XY804;;MCC;930-20;A_C93021;C-9302001BX LO PM2 TRIP;Yes;ИСТИНА;ЛОЖЬ;;648;;;;;;;0;;;;141;ИСТИНА;37527;None;;;;;;0=TRIP;;;;;;;Undefined;491;3428;;20.06;7;6;1;Appl;;;;ЛОЖЬ;;;;;;;;;;;;;;;;;;Output;EPKS_CCB;ESD_932_1;1050;;;;;;;;
DO;93TAL752;;COM;;;LO ALARM;No;ЛОЖЬ;ЛОЖЬ;;373;;;;;;;0;;;;2774;ЛОЖЬ;0;None;;;;;;0=ALARM;0=ALARM;;;;;;Undefined;;;;;;;;;;;;ЛОЖЬ;ИСТИНА;;;;;;;;;;;;;;;;;Output;EPKS_CCB;ESD_932_1;1395;;;;;;;;
BO;93LI419_LL;;COM;930-20;A_93020;LL TRIP SETPOINT (%);No;ИСТИНА;ЛОЖЬ;;264;;Float;;;;;0;;;;664;;38097;;;;;;;;;0;0;;;;-XXXXX.X;491;3428;;;;;;;;;;ЛОЖЬ;;;;;;;;;;;;;;;;;;Output;EPKS_CCB;ESD_932_1;10192;;;;;;;;
M;358_1;;;;;;;ЛОЖЬ;ЛОЖЬ;;358;;;;;;;0;;;;625;ЛОЖЬ;0;;;;;;;;;;;;;;Undefined;491;3428;;;;;;;;;;ЛОЖЬ;;;;;;;;;;;;;;;;;;;;;;;;;;;;;
M;C1029_1_J;;;;;Function block marker;;ЛОЖЬ;ЛОЖЬ;;1029;;;;;;;0;;;;2391;ЛОЖЬ;0;;;;;;;;;;;;;;Undefined;;;;;;;;;;;;ЛОЖЬ;ИСТИНА;;;;;;;;;;;;;;;;;;;;;;;;;;;;
DO;93XY459;;MCC;930-20;A_93020;AUTO CLOSURE 93XV459;Yes;ИСТИНА;ЛОЖЬ;;278;;;;;;;0;;;;94;ЛОЖЬ;37528;None;;;;;;1=CLOSE;;;;;;;Undefined;491;3428;;20.06;1;7;1;Appl;;;;ЛОЖЬ;;;;;;;;;;;;;;;;;;;;;;;;;;;;;
DO;93TI859_TF;;COM;930-20;A_C93021;TRANSM. FAIL;No;ИСТИНА;ЛОЖЬ;;712;;;;;;;0;;;;1514;ИСТИНА;37529;None;;;;;;0=FAIL;;;;;;;Undefined;491;3428;;;;;;;;;;ЛОЖЬ;;;;;;;;;;;;;;;;;;Output;EPKS_CCB;ESD_932_1;836;;;;;;;;
M;C258_3_F;;;;;Function block marker;;ЛОЖЬ;ЛОЖЬ;;258;;;;;;;0;;;;3621;ЛОЖЬ;0;;;;;;;;;;;;;;Undefined;;;;;;;;;;;;ЛОЖЬ;ИСТИНА;;;;;;;;;;;;;;;;;;;;;;;;;;;;
M;392_8;;;;;;;ЛОЖЬ;ЛОЖЬ;;392;;;;;;;0;;;;4006;ЛОЖЬ;0;;;;;;;;;;;;;;Undefined;;;;;;;;;;;;ЛОЖЬ;ИСТИНА;;;;;;;;;;;;;;;;;;;;;;;;;;;;
DO;93HS801B_B2_IN_P;;COM;930-20;A_93020;CAP CTRL BIT 2;No;ИСТИНА;ЛОЖЬ;;642;;;;;;;0;;;;2001;ЛОЖЬ;38024;None;;;;;;1=ACTIVE;;;;;;;Undefined;491;3428;;;;;;;;;;ЛОЖЬ;;;;;;;;;;;;;;Output;CC_CCB_2;ESD_932_1;62;;;;;;;;;;;;
DO;93PALL784_CA;;COM;930-20;A_C93021;CAUSE ALARM;No;ИСТИНА;ЛОЖЬ;;370;;;;;;;0;;;;694;ЛОЖЬ;37878;None;;;;;;0=ALARM;;;;;;;Undefined;491;3428;;;;;;;;;;ЛОЖЬ;;;;;;;;;;;;;;;;;;Output;EPKS_CCB;ESD_932_1;620;;;;;;;;
M;394_3;;;;;;;ЛОЖЬ;ЛОЖЬ;;394;;;;;;;0;;;;2831;ЛОЖЬ;0;;;;;;;;;;;;;;Undefined;;;;;;;;;;;;ЛОЖЬ;ИСТИНА;;;;;;;;;;;;;;;;;;;;;;;;;;;;
M;728_1049_1;;;;;93VAHH852_I;;ЛОЖЬ;ЛОЖЬ;;1049;;;;;;;0;;;;2556;ЛОЖЬ;0;;;;;;;0=TRIP INITIATOR;;;;;;;Undefined;;;;;;;;;;;;ЛОЖЬ;ИСТИНА;;;;;;;;;;;;;;;;;;;;;;;;;;;;
M;C318_1;;;;;Compiler marker (232, 72);;ЛОЖЬ;ЛОЖЬ;;318;;;;;;;0;;;;4672;ЛОЖЬ;0;;;;;;;;;;;;;;Undefined;;;;;;;;;;;;ЛОЖЬ;ИСТИНА;;;;;;;;;;;;;;;;;;;;;;;;;;;;
T;2410_1;;;930-20;;;;ЛОЖЬ;ЛОЖЬ;;2410;;;;;;;;1 s;0;;0;ЛОЖЬ;0;;;;;;;;;;;;;;Undefined;491;3428;Delayed OFF with variable timer value;;;;;;;;;ЛОЖЬ;;;;;;;;;;;;;;;;;;;;;;;;;;;;;
DO;93TI784_MOC;;COM;930-20;A_C93021;MO CONFIRMED;No;ИСТИНА;ЛОЖЬ;;388;;;;;;;0;;;;814;ИСТИНА;37530;None;;;;;;1=CONFIRMED;;;;;;;Undefined;491;3428;;;;;;;;;;ЛОЖЬ;;;;;;;;;;;;;;;;;;Output;EPKS_CCB;ESD_932_1;805;;;;;;;;
AI;93PI864;;FLD;930-20;A_C93021;C9302001CX PROC GAS CYL1;Yes;ИСТИНА;ЛОЖЬ;;696;ИСТИНА;Float;4-20mA;0;100;kPa-g;;;;;492;ЛОЖЬ;37910;;None;None;None;None;;;;-25;-25;;;;-XXXXX.X;3.64;22;;20.04;11;5;1;Bottom scale;;;;ЛОЖЬ;;ЛОЖЬ;;;;;;;;;;;;;;;;Output;EPKS_CCB;ESD_932_1;10123;;;;;;;;
M;562_8;;;;;;;ЛОЖЬ;ЛОЖЬ;;562;;;;;;;0;;;;4083;ЛОЖЬ;0;;;;;;;;;;;;;;Undefined;;;;;;;;;;;;ЛОЖЬ;ИСТИНА;;;;;;;;;;;;;;;;;;;;;;;;;;;;
DI;20-TempL_Alarm;;SYS;;;Temp low alarm;Yes;ЛОЖЬ;;;18;;;;;;;;;;;4;ЛОЖЬ;0;None;;;;;;;;;;;;;Undefined;491;3428;;;;;;;;;;ЛОЖЬ;;;;ЛОЖЬ;;;;;;;;;;;;;;;;;;;;;;;;;
M;C264_7_F;;;;;Function block marker;;ЛОЖЬ;ЛОЖЬ;;264;;;;;;;0;;;;3876;ЛОЖЬ;0;;;;;;;;;;;;;;Undefined;;;;;;;;;;;;ЛОЖЬ;ИСТИНА;;;;;;;;;;;;;;;;;;;;;;;;;;;;
DO;93LALL417_1;;COM;;;;No;ИСТИНА;ЛОЖЬ;;262;;;;;;;0;;;;74;ЛОЖЬ;38026;None;;;;;;0=TRIP;;;;;;;Undefined;;;;;;;;;;;;ЛОЖЬ;ИСТИНА;;;;;;;;;;;;;;;;;Output;EPKS_CCB;ESD_932_1;939;;;;;;;;
M;1025_6;;;;;;;ЛОЖЬ;ЛОЖЬ;;1025;;;;;;;0;;;;2244;ЛОЖЬ;0;;;;;;;;;;;;;;Undefined;;;;;;;;;;;;ЛОЖЬ;ИСТИНА;;;;;;;;;;;;;;;;;;;;;;;;;;;;
DO;93PI926_MOC;;COM;930-20;A_C93021;MO CONFIRMED;No;ИСТИНА;ЛОЖЬ;;402;;;;;;;0;;;;895;ИСТИНА;37532;None;;;;;;1=CONFIRMED;;;;;;;Undefined;491;3428;;;;;;;;;;ЛОЖЬ;;;;;;;;;;;;;;;;;;Output;EPKS_CCB;ESD_932_1;701;;;;;;;;
DO;93XY435;;MCC;930-20;A_93020;AUTO CLOSURE 93XV435;Yes;ИСТИНА;ЛОЖЬ;;260;;;;;;;0;;;;76;ЛОЖЬ;37533;None;;;;;;1=CLOSE;;;;;;;Undefined;491;3428;;20.05;15;5;1;Appl;;;;ЛОЖЬ;;;;;;;;;;;;;;;;;;;;;;;;;;;;;
M;2347_1;;;;;;;ЛОЖЬ;ЛОЖЬ;;2347;;;;;;;0;;;;1614;ЛОЖЬ;0;;;;;;;;;;;;;;Undefined;491;3428;;;;;;;;;;ЛОЖЬ;;;;;;;;;;;;;;;;;;;;;;;;;;;;;
T;266_8;;;;;;;ЛОЖЬ;ЛОЖЬ;;266;;;;;;;;100 ms;10;;1176;ЛОЖЬ;0;;;;;;;;;;;;;;Undefined;;;Delayed OFF with constant timer value;;;;;;;;;ЛОЖЬ;ИСТИНА;;;;;;;;;;;;;;;;;;;;;;;;;;;;
M;C312_2_B;;;;;Function block marker;;ЛОЖЬ;ЛОЖЬ;;312;;;;;;;0;;;;1891;ЛОЖЬ;0;;;;;;;;;;;;;;Undefined;491;3428;;;;;;;;;;ЛОЖЬ;;;;;;;;;;;;;;;;;;;;;;;;;;;;;
R;712_707_2;;;;;93TI858;;ЛОЖЬ;ЛОЖЬ;;707;;Float;;;;;0;;;;2196;ЛОЖЬ;0;;;;;;;;;;;;;;Undefined;;;;;;;;;;;;ЛОЖЬ;ИСТИНА;;;;;;;;;;;;;;;;;;;;;;;;;;;;
M;314_150_1;;;;;93FT018;;ЛОЖЬ;ЛОЖЬ;;150;;;;;;;0;;;;1748;ЛОЖЬ;0;;;;;;;1=MO CONFIRMED;;;;;;;Undefined;491;3428;;;;;;;;;;ЛОЖЬ;;;;;;;;;;;;;;;;;;;;;;;;;;;;;
DO;93XA493PERM_P;;COM;930-20;A_C93021;PERMISSION ALARM;No;ИСТИНА;ЛОЖЬ;;813;;;;;;;0;;;;1005;ЛОЖЬ;38029;None;;;;;;1=ACTIVE;;;;;;;Undefined;491;3428;;;;;;;;;;ЛОЖЬ;;;;;;;;;;;;;;Output;CC_CCB_2;ESD_932_1;33;;;;;;;;;;;;
DO;93XA764;;LCP;930-20;A_C93021;C-9302001AX HORN;Yes;ИСТИНА;ЛОЖЬ;;416;;;;;;;0;;;;126;ЛОЖЬ;37534;None;;;;;;1=ACTIVE;;;;;;;Undefined;491;3428;;20.06;5;7;1;Appl;;;;ЛОЖЬ;;;;;;;;;;;;;;;;;;Output;EPKS_CCB;ESD_932_1;1006;;;;;;;;
DI;93XS493_P;;COM;930-20;A_C93021;COMPRESSOR BX WORK;No;ЛОЖЬ;ИСТИНА;;535;;;;;;;0;;;;1656;ЛОЖЬ;0;None;;;;;;1=RUNNING;;;;;;;Undefined;;;;;;;;High;;;;ЛОЖЬ;ИСТИНА;;;ЛОЖЬ;;;;;;;;;;Input;CC_CCB_2;ESD_932_1;25;;;;;;;;;;;;
M;C232_7_F;;;;;Function block marker;;ЛОЖЬ;ЛОЖЬ;;232;;;;;;;0;;;;3969;ЛОЖЬ;0;;;;;;;;;;;;;;Undefined;;;;;;;;;;;;ЛОЖЬ;ИСТИНА;;;;;;;;;;;;;;;;;;;;;;;;;;;;
M;C702_8_E;;;;;Function block marker;;ЛОЖЬ;ЛОЖЬ;;702;;;;;;;0;;;;4310;ЛОЖЬ;0;;;;;;;;;;;;;;Undefined;;;;;;;;;;;;ЛОЖЬ;ИСТИНА;;;;;;;;;;;;;;;;;;;;;;;;;;;;
DI;93LY852_P;;COM;930-20;A_C93021;DRAIN 1ST STAGE;No;ИСТИНА;ИСТИНА;;800;;;;;;;0;;;;1636;ИСТИНА;37813;None;;;;;;0=CLOSE;;;;;;;Undefined;491;3428;;;;;;Low;;;;ЛОЖЬ;;;;ЛОЖЬ;;;;;;;;;;Input;CC_CCB_2;ESD_932_1;5;Output;EPKS_CCB;ESD_932_1;2030;;;;;;;;
M;C692_4_B;;;;;Function block marker;;ЛОЖЬ;ЛОЖЬ;;692;;;;;;;0;;;;4345;ЛОЖЬ;0;;;;;;;;;;;;;;Undefined;;;;;;;;;;;;ЛОЖЬ;ИСТИНА;;;;;;;;;;;;;;;;;;;;;;;;;;;;
M;363_810_1;;;;;93PAL765_PERM;;ЛОЖЬ;ЛОЖЬ;;810;;;;;;;0;;;;3635;ЛОЖЬ;0;;;;;;;0=ALARM;;;;;;;Undefined;;;;;;;;;;;;ЛОЖЬ;ИСТИНА;;;;;;;;;;;;;;;;;;;;;;;;;;;;
M;258_2;;;;;;;ЛОЖЬ;ЛОЖЬ;;258;;;;;;;0;;;;360;ЛОЖЬ;0;;;;;;;;;;;;;;Undefined;491;3428;;;;;;;;;;ЛОЖЬ;;;;;;;;;;;;;;;;;;;;;;;;;;;;;
M;718_8;;;;;;;ЛОЖЬ;ЛОЖЬ;;718;;;;;;;0;;;;4179;ЛОЖЬ;0;;;;;;;;;;;;;;Undefined;;;;;;;;;;;;ЛОЖЬ;ИСТИНА;;;;;;;;;;;;;;;;;;;;;;;;;;;;
DO;93TI804_TF;;COM;930-20;A_C93021;TRANSM. FAIL;No;ИСТИНА;ЛОЖЬ;;544;;;;;;;0;;;;1020;ИСТИНА;37535;None;;;;;;0=FAIL;;;;;;;Undefined;491;3428;;;;;;;;;;ЛОЖЬ;;;;;;;;;;;;;;;;;;Output;EPKS_CCB;ESD_932_1;810;;;;;;;;
DO;93TI853_MOC;;COM;930-20;A_C93021;MO CONFIRMED;No;ИСТИНА;ЛОЖЬ;;706;;;;;;;0;;;;1431;ИСТИНА;37536;None;;;;;;1=CONFIRMED;;;;;;;Undefined;491;3428;;;;;;;;;;ЛОЖЬ;;;;;;;;;;;;;;;;;;Output;EPKS_CCB;ESD_932_1;829;;;;;;;;
AI;93LI414;;FLD;930-20;A_93020;L. V-9302003B;Yes;ИСТИНА;ЛОЖЬ;;260;ИСТИНА;Float;4-20mA;0;100;%;;;;;196;ЛОЖЬ;38422;;None;None;None;None;;;;;;;;;-XXXXX.X;3.64;22;;20.04;1;16;1;Bottom scale;;;;ЛОЖЬ;ИСТИНА;ЛОЖЬ;;;;;;;;;;;;;;;;Output;EPKS_CCB;ESD_932_1;10310;;;;;;;;
DO;93PAL765;;COM;;;LO ALARM;No;ЛОЖЬ;ЛОЖЬ;;363;;;;;;;0;;;;2768;ЛОЖЬ;0;None;;;;;;0=ALARM;0=ALARM;;;;;;Undefined;;;;;;;;;;;;ЛОЖЬ;ИСТИНА;;;;;;;;;;;;;;;;;Output;EPKS_CCB;ESD_932_1;1389;;;;;;;;
T;696_3;;;;;;;ЛОЖЬ;ЛОЖЬ;;696;;;;;;;;100 ms;5;;924;ЛОЖЬ;0;;;;;;;;;;;;;;Undefined;;;Delayed OFF with constant timer value;;;;;;;;;ЛОЖЬ;ИСТИНА;;;;;;;;;;;;;;;;;;;;;;;;;;;;
M;C536_5_E;;;;;Function block marker;;ЛОЖЬ;ЛОЖЬ;;536;;;;;;;0;;;;4457;ЛОЖЬ;0;;;;;;;;;;;;;;Undefined;;;;;;;;;;;;ЛОЖЬ;ИСТИНА;;;;;;;;;;;;;;;;;;;;;;;;;;;;
T;358_3;;;;;;;ЛОЖЬ;ЛОЖЬ;;358;;;;;;;;100 ms;5;;56;ЛОЖЬ;0;;;;;;;;;;;;;;Undefined;;;Delayed OFF with constant timer value;;;;;;;;;ЛОЖЬ;ИСТИНА;;;;;;;;;;;;;;;;;;;;;;;;;;;;
DO;93TI858_TF;;COM;;;TRANSM FAULT;No;ЛОЖЬ;ЛОЖЬ;;712;;;;;;;0;;;;943;ИСТИНА;38508;None;;;;;;0=ALARM;0=ALARM;;;;;;Undefined;;;;;;;;;;;;ЛОЖЬ;ИСТИНА;;;;;;;;;;;;;;;;;Output;EPKS_CCB;ESD_932_1;1357;;;;;;;;
DO;93PIHH818_CA;;COM;;;CAUSE ALARM;No;ЛОЖЬ;ЛОЖЬ;;534;;;;;;;0;;;;3325;ЛОЖЬ;0;None;;;;;;0=ALARM;0=ALARM;;;;;;Undefined;;;;;;;;;;;;ЛОЖЬ;ИСТИНА;;;;;;;;;;;;;;;;;Output;EPKS_CCB;ESD_932_1;1220;;;;;;;;
M;432_436_1;;;;;CYCLE 1;;ЛОЖЬ;ЛОЖЬ;;436;;;;;;;0;;;;419;ЛОЖЬ;0;;;;;;;1=ACTIVE;;;;;;;Undefined;491;3428;;;;;;;;;;ЛОЖЬ;;;;;;;;;;;;;;;;;;;;;;;;;;;;;
M;C312_3_G;;;;;Function block marker;;ЛОЖЬ;ЛОЖЬ;;312;;;;;;;0;;;;3281;ЛОЖЬ;0;;;;;;;;;;;;;;Undefined;;;;;;;;;;;;ЛОЖЬ;ИСТИНА;;;;;;;;;;;;;;;;;;;;;;;;;;;;
M;C250_7_E;;;;;Function block marker;;ЛОЖЬ;ЛОЖЬ;;250;;;;;;;0;;;;3914;ЛОЖЬ;0;;;;;;;;;;;;;;Undefined;;;;;;;;;;;;ЛОЖЬ;ИСТИНА;;;;;;;;;;;;;;;;;;;;;;;;;;;;
M;C698_5_G;;;;;Function block marker;;ЛОЖЬ;ЛОЖЬ;;698;;;;;;;0;;;;3424;ЛОЖЬ;0;;;;;;;;;;;;;;Undefined;;;;;;;;;;;;ЛОЖЬ;ИСТИНА;;;;;;;;;;;;;;;;;;;;;;;;;;;;
M;560_632_2;;;;;93TAHH886_I;;ЛОЖЬ;ЛОЖЬ;;632;;;;;;;0;;;;776;ЛОЖЬ;0;;;;;;;0=TRIP INITIATOR;;;;;;;Undefined;491;3428;;;;;;;;;;ЛОЖЬ;;;;;;;;;;;;;;;;;;;;;;;;;;;;;
M;C2470_3;;;;;Compiler marker (176, 186);;ЛОЖЬ;ЛОЖЬ;;2470;;;;;;;0;;;;237;ЛОЖЬ;0;;;;;;;;;;;;;;Undefined;491;3428;;;;;;;;;;ЛОЖЬ;;;;;;;;;;;;;;;;;;;;;;;;;;;;;
M;C270_3_F;;;;;Function block marker;;ЛОЖЬ;ЛОЖЬ;;270;;;;;;;0;;;;3603;ЛОЖЬ;0;;;;;;;;;;;;;;Undefined;;;;;;;;;;;;ЛОЖЬ;ИСТИНА;;;;;;;;;;;;;;;;;;;;;;;;;;;;
M;C384_6_F;;;;;Function block marker;;ЛОЖЬ;ЛОЖЬ;;384;;;;;;;0;;;;4569;ЛОЖЬ;0;;;;;;;;;;;;;;Undefined;;;;;;;;;;;;ЛОЖЬ;ИСТИНА;;;;;;;;;;;;;;;;;;;;;;;;;;;;
DO;93PALL769_CA;;COM;930-20;A_C93021;CAUSE ALARM;No;ИСТИНА;ЛОЖЬ;;365;;;;;;;0;;;;655;ЛОЖЬ;37879;None;;;;;;0=ALARM;;;;;;;Undefined;491;3428;;;;;;;;;;ЛОЖЬ;;;;;;;;;;;;;;;;;;Output;EPKS_CCB;ESD_932_1;616;;;;;;;;
M;C536_5_G;;;;;Function block marker;;ЛОЖЬ;ЛОЖЬ;;536;;;;;;;0;;;;4459;ЛОЖЬ;0;;;;;;;;;;;;;;Undefined;;;;;;;;;;;;ЛОЖЬ;ИСТИНА;;;;;;;;;;;;;;;;;;;;;;;;;;;;
M;C696_5_G;;;;;Function block marker;;ЛОЖЬ;ЛОЖЬ;;696;;;;;;;0;;;;3427;ЛОЖЬ;0;;;;;;;;;;;;;;Undefined;;;;;;;;;;;;ЛОЖЬ;ИСТИНА;;;;;;;;;;;;;;;;;;;;;;;;;;;;
DO;93PI814_TF;;COM;930-20;A_C93021;TRANSM. FAIL;No;ИСТИНА;ЛОЖЬ;;532;;;;;;;0;;;;1098;ИСТИНА;37537;None;;;;;;0=FAIL;;;;;;;Undefined;491;3428;;;;;;;;;;ЛОЖЬ;;;;;;;;;;;;;;;;;;Output;EPKS_CCB;ESD_932_1;682;;;;;;;;
M;C1007_1_K;;;;;Function block marker;;ЛОЖЬ;ЛОЖЬ;;1007;;;;;;;0;;;;2452;ЛОЖЬ;0;;;;;;;;;;;;;;Undefined;;;;;;;;;;;;ЛОЖЬ;ИСТИНА;;;;;;;;;;;;;;;;;;;;;;;;;;;;
M;714_8;;;;;;;ЛОЖЬ;ЛОЖЬ;;714;;;;;;;0;;;;4175;ЛОЖЬ;0;;;;;;;;;;;;;;Undefined;;;;;;;;;;;;ЛОЖЬ;ИСТИНА;;;;;;;;;;;;;;;;;;;;;;;;;;;;
M;564_1;;;;;;;ЛОЖЬ;ЛОЖЬ;;564;;;;;;;0;;;;2760;ЛОЖЬ;0;;;;;;;;;;;;;;Undefined;;;;;;;;;;;;ЛОЖЬ;ИСТИНА;;;;;;;;;;;;;;;;;;;;;;;;;;;;
M;C524_6_F;;;;;Function block marker;;ЛОЖЬ;ЛОЖЬ;;524;;;;;;;0;;;;4510;ЛОЖЬ;0;;;;;;;;;;;;;;Undefined;;;;;;;;;;;;ЛОЖЬ;ИСТИНА;;;;;;;;;;;;;;;;;;;;;;;;;;;;
M;C1045_1_I;;;;;Function block marker;;ЛОЖЬ;ЛОЖЬ;;1045;;;;;;;0;;;;2636;ЛОЖЬ;0;;;;;;;;;;;;;;Undefined;;;;;;;;;;;;ЛОЖЬ;ИСТИНА;;;;;;;;;;;;;;;;;;;;;;;;;;;;
DO;93TI854_MOC;;COM;930-20;A_C93021;MO CONFIRMED;No;ИСТИНА;ЛОЖЬ;;708;;;;;;;0;;;;1319;ИСТИНА;37538;None;;;;;;1=CONFIRMED;;;;;;;Undefined;491;3428;;;;;;;;;;ЛОЖЬ;;;;;;;;;;;;;;;;;;Output;EPKS_CCB;ESD_932_1;831;;;;;;;;
DI;93HS851B_B1_OT_P;;COM;930-20;A_93020;CAP CTRL BIT 1;No;ИСТИНА;ИСТИНА;;792;;;;;;;0;;;;1649;ИСТИНА;37416;None;;;;;;1=TRUE;;;;;;;Undefined;491;3428;;;;;;Freeze;;;;ЛОЖЬ;;;;ЛОЖЬ;;;;;;;;;;Input;CC_CCB_2;ESD_932_1;18;Output;EPKS_CCB;ESD_932_1;2018;;;;;;;;
M;386_1;;;;;;;ЛОЖЬ;ЛОЖЬ;;386;;;;;;;0;;;;797;ЛОЖЬ;0;;;;;;;;;;;;;;Undefined;491;3428;;;;;;;;;;ЛОЖЬ;;;;;;;;;;;;;;;;;;;;;;;;;;;;;
DO;93FALL023_CA;;COM;930-20;A_93020;CAUSE ALARM;No;ИСТИНА;ЛОЖЬ;;316;;;;;;;0;;;;1729;ЛОЖЬ;37894;None;;;;;;0=ALARM;;;;;;;Undefined;491;3428;;;;;;;;;;ЛОЖЬ;;;;;;;;;;;;;;;;;;Output;EPKS_CCB;ESD_932_1;871;;;;;;;;
M;2450_A;;;;;Signal 1;;ЛОЖЬ;ЛОЖЬ;;2450;;;;;;;0;;;;114;ЛОЖЬ;0;;;;;;;;;;;;;;Undefined;491;3428;;;;;;;;;;ЛОЖЬ;;;;;;;;;;;;;;;;;;;;;;;;;;;;;
M;C350_2_D;;;;;Function block marker;;ЛОЖЬ;ЛОЖЬ;;350;;;;;;;0;;;;1406;ЛОЖЬ;0;;;;;;;;;;;;;;Undefined;491;3428;;;;;;;;;;ЛОЖЬ;;;;;;;;;;;;;;;;;;;;;;;;;;;;;
DO;93TI767_MOC;;COM;930-20;A_C93021;MO CONFIRMED;No;ИСТИНА;ЛОЖЬ;;384;;;;;;;0;;;;790;ИСТИНА;37539;None;;;;;;1=CONFIRMED;;;;;;;Undefined;491;3428;;;;;;;;;;ЛОЖЬ;;;;;;;;;;;;;;;;;;Output;EPKS_CCB;ESD_932_1;801;;;;;;;;
M;C248_8_C;;;;;Function block marker;;ЛОЖЬ;ЛОЖЬ;;248;;;;;;;0;;;;3926;ЛОЖЬ;0;;;;;;;;;;;;;;Undefined;;;;;;;;;;;;ЛОЖЬ;ИСТИНА;;;;;;;;;;;;;;;;;;;;;;;;;;;;
AI;93PI876;;FLD;930-20;A_C93021;C-9302001CX PRESS CRANK;Yes;ИСТИНА;ЛОЖЬ;;702;ИСТИНА;Float;4-20mA;0;1;MPa-g;;;;;504;ЛОЖЬ;37863;;None;None;None;None;;;;-0.25;-0.25;;;;-XXXXX.X;3.64;22;;20.04;11;8;1;Bottom scale;;;;ЛОЖЬ;;ЛОЖЬ;;;;;;;;;;;;;;;;Output;EPKS_CCB;ESD_932_1;10126;;;;;;;;
DI;93HS494B_P;;COM;;;START COMPRESSOR;No;ИСТИНА;ИСТИНА;;784;;;;;;;0;;;;1654;ИСТИНА;37891;None;;;;;;1=START;;;;;;;Undefined;491;3428;;;;;;Low;;;;ЛОЖЬ;;;;ЛОЖЬ;;;;;;;;;;Input;CC_CCB_2;ESD_932_1;23;Output;EPKS_CCB;ESD_932_1;2003;;;;;;;;
DO;93TI762_TF;;COM;930-20;A_C93021;TRANSM. FAIL;No;ИСТИНА;ЛОЖЬ;;382;;;;;;;0;;;;767;ИСТИНА;37541;None;;;;;;0=FAIL;;;;;;;Undefined;491;3428;;;;;;;;;;ЛОЖЬ;;;;;;;;;;;;;;;;;;Output;EPKS_CCB;ESD_932_1;800;;;;;;;;
DO;93PDI781_TF;;COM;930-20;A_C93021;TRANSM. FAIL;No;ИСТИНА;ЛОЖЬ;;360;;;;;;;0;;;;633;ИСТИНА;37542;None;;;;;;0=FAIL;;;;;;;Undefined;491;3428;;;;;;;;;;ЛОЖЬ;;;;;;;;;;;;;;;;;;Output;EPKS_CCB;ESD_932_1;654;;;;;;;;
DO;93TAHH879_CA;;COM;;;CAUSE ALARM;No;ЛОЖЬ;ЛОЖЬ;;726;;;;;;;0;;;;3375;ЛОЖЬ;0;None;;;;;;0=ALARM;0=ALARM;;;;;;Undefined;;;;;;;;;;;;ЛОЖЬ;ИСТИНА;;;;;;;;;;;;;;;;;Output;EPKS_CCB;ESD_932_1;1270;;;;;;;;
M;730_174_3;;;;;93ZLL854;;ЛОЖЬ;ЛОЖЬ;;174;;;;;;;0;;;;1436;ЛОЖЬ;0;;;;;;;1=MO CONFIRMED;;;;;;;Undefined;491;3428;;;;;;;;;;ЛОЖЬ;;;;;;;;;;;;;;;;;;;;;;;;;;;;;
DO;93FALL018_CA;;COM;930-20;A_93020;CAUSE ALARM;No;ИСТИНА;ЛОЖЬ;;314;;;;;;;0;;;;1722;ЛОЖЬ;37685;None;;;;;;0=ALARM;;;;;;;Undefined;491;3428;;;;;;;;;;ЛОЖЬ;;;;;;;;;;;;;;;;;;Output;EPKS_CCB;ESD_932_1;606;;;;;;;;
M;726_7;;;;;;;ЛОЖЬ;ЛОЖЬ;;726;;;;;;;0;;;;4187;ЛОЖЬ;0;;;;;;;;;;;;;;Undefined;;;;;;;;;;;;ЛОЖЬ;ИСТИНА;;;;;;;;;;;;;;;;;;;;;;;;;;;;
M;1049_2;;;;;;;ЛОЖЬ;ЛОЖЬ;;1049;;;;;;;0;;;;2511;ЛОЖЬ;0;;;;;;;;;;;;;;Undefined;;;;;;;;;;;;ЛОЖЬ;ИСТИНА;;;;;;;;;;;;;;;;;;;;;;;;;;;;
T;554_1;;;930-20;;;;ЛОЖЬ;ЛОЖЬ;;554;;;;;;;;100 ms;5;;464;ЛОЖЬ;0;;;;;;;;;;;;;;Undefined;491;3428;Delayed OFF with constant timer value;;;;;;;;;ЛОЖЬ;;;;;;;;;;;;;;;;;;;;;;;;;;;;;
DO;93XY457_C;;COM;;;AUTO OPENING 93XV457;No;ИСТИНА;ЛОЖЬ;;242;;;;;;;0;;;;1366;ИСТИНА;37689;None;;;;;;0=TRIP;;;;;;;Undefined;491;3428;;;;;;;;;;ЛОЖЬ;;;;;;;;;;;;;;;;;;Output;EPKS_CCB;ESD_932_1;1024;;;;;;;;
M;C708_3_B;;;;;Function block marker;;ЛОЖЬ;ЛОЖЬ;;708;;;;;;;0;;;;4283;ЛОЖЬ;0;;;;;;;;;;;;;;Undefined;;;;;;;;;;;;ЛОЖЬ;ИСТИНА;;;;;;;;;;;;;;;;;;;;;;;;;;;;
DI;93VSHH751A;;BNS;930-20;A_C93021;C-9302001AX VIBR CRANK;Yes;ИСТИНА;ЛОЖЬ;;394;;;;;;;;;;;35;ИСТИНА;38405;None;;;;;;0=TRIP;0=TRIP;;;;;;Undefined;;;;20.03;5;12;1;Low;;;;ЛОЖЬ;ИСТИНА;;;ЛОЖЬ;View only;;;;;;;;;;;;;Output;EPKS_CCB;ESD_932_1;1278;;;;;;;;
M;698_778_2;;;;;93PAHH869_I;;ЛОЖЬ;ЛОЖЬ;;778;;;;;;;0;;;;885;ЛОЖЬ;0;;;;;;;0=TRIP INITIATOR;;;;;;;Undefined;491;3428;;;;;;;;;;ЛОЖЬ;;;;;;;;;;;;;;;;;;;;;;;;;;;;;
M;354_450_2;;;;;93LAHH751_I;;ЛОЖЬ;ЛОЖЬ;;450;;;;;;;0;;;;923;ЛОЖЬ;0;;;;;;;0=TRIP INITIATOR;;;;;;;Undefined;491;3428;;;;;;;;;;ЛОЖЬ;;;;;;;;;;;;;;;;;;;;;;;;;;;;;
DO;93HS704B;;COM;930-20;A_C93021;MOS REL AREA C9302001AX;No;ИСТИНА;ЛОЖЬ;;121;;;;;;;0;;;;1572;ИСТИНА;37880;None;;;;;;1=RELEASED;;;;;;;Undefined;491;3428;;;;;;;;;;ЛОЖЬ;;;;;;;;;;;;;;;;;;Output;EPKS_CCB;ESD_932_1;885;;;;;;;;
T;520_3;;;;;;;ЛОЖЬ;ЛОЖЬ;;520;;;;;;;;100 ms;5;;1396;ЛОЖЬ;0;;;;;;;;;;;;;;Undefined;;;Delayed OFF with constant timer value;;;;;;;;;ЛОЖЬ;ИСТИНА;;;;;;;;;;;;;;;;;;;;;;;;;;;;
DO;93PDI831_TF;;COM;930-20;A_C93021;TRANSM. FAIL;No;ИСТИНА;ЛОЖЬ;;530;;;;;;;0;;;;977;ИСТИНА;37544;None;;;;;;0=FAIL;;;;;;;Undefined;491;3428;;;;;;;;;;ЛОЖЬ;;;;;;;;;;;;;;;;;;Output;EPKS_CCB;ESD_932_1;658;;;;;;;;
M;278_1;;;;;;;ЛОЖЬ;ЛОЖЬ;;278;;;;;;;0;;;;535;ЛОЖЬ;0;;;;;;;;;;;;;;Undefined;491;3428;;;;;;;;;;ЛОЖЬ;;;;;;;;;;;;;;;;;;;;;;;;;;;;;
DO;93PAHH865_CA;;COM;;;CAUSE ALARM;No;ЛОЖЬ;ЛОЖЬ;;696;;;;;;;0;;;;3361;ЛОЖЬ;0;None;;;;;;0=ALARM;0=ALARM;;;;;;Undefined;;;;;;;;;;;;ЛОЖЬ;ИСТИНА;;;;;;;;;;;;;;;;;Output;EPKS_CCB;ESD_932_1;1255;;;;;;;;
DO;93LALL421_CA;;COM;930-20;A_93020;CAUSE ALARM;No;ИСТИНА;ЛОЖЬ;;266;;;;;;;0;;;;402;ЛОЖЬ;37545;None;;;;;;0=ALARM;;;;;;;Undefined;491;3428;;;;;;;;;;ЛОЖЬ;;;;;;;;;;;;;;;;;;Output;EPKS_CCB;ESD_932_1;516;;;;;;;;
DO;93PAL865;;COM;;;LO ALARM;No;ЛОЖЬ;ЛОЖЬ;;697;;;;;;;0;;;;3579;ЛОЖЬ;0;None;;;;;;0=ALARM;0=ALARM;;;;;;Undefined;;;;;;;;;;;;ЛОЖЬ;ИСТИНА;;;;;;;;;;;;;;;;;Output;EPKS_CCB;ESD_932_1;1423;;;;;;;;
DO;93XY453;;MCC;930-20;A_93020;AUTO CLOSURE 93XV453;Yes;ИСТИНА;ЛОЖЬ;;270;;;;;;;0;;;;90;ЛОЖЬ;37546;None;;;;;;1=CLOSE;;;;;;;Undefined;491;3428;;20.06;1;3;1;Appl;;;;ЛОЖЬ;;;;;;;;;;;;;;;;;;;;;;;;;;;;;
DO;93TAH802;;COM;;;HI ALARM;No;ЛОЖЬ;ЛОЖЬ;;542;;;;;;;0;;;;2815;ЛОЖЬ;0;None;;;;;;0=ALARM;0=ALARM;;;;;;Undefined;;;;;;;;;;;;ЛОЖЬ;ИСТИНА;;;;;;;;;;;;;;;;;Output;EPKS_CCB;ESD_932_1;1411;;;;;;;;
DO;93TAHH834;;COM;930-20;A_C93021;C9302001BX COOL H2O OIL;No;ИСТИНА;ЛОЖЬ;;558;;;;;;;0;;;;1180;ИСТИНА;37547;None;;;;;;0=TRIP;;;;;;;Undefined;491;3428;;;;;;;;;;ЛОЖЬ;;;;;;;;;;;;;;;;;;Output;EPKS_CCB;ESD_932_1;743;;;;;;;;
M;C2345_2;;;;;Compiler marker (264, 108);;ЛОЖЬ;ЛОЖЬ;;2345;;;;;;;0;;;;376;ЛОЖЬ;0;;;;;;;;;;;;;;Undefined;491;3428;;;;;;;;;;ЛОЖЬ;;;;;;;;;;;;;;;;;;;;;;;;;;;;;
DO;93LALL417_P;;COM;930-20;A_93020;HYD GAS COND  V9302003C;No;ИСТИНА;ЛОЖЬ;;262;;;;;;;0;;;;439;ЛОЖЬ;38031;None;;;;;;1=ACTIVE;;;;;;;Undefined;491;3428;;;;;;;;;;ЛОЖЬ;;;;;;;;;;;;;;;;;;;;;;;;;;Output;CC_CCB_1;ESD_932_1;54
BI;20-TempCP1;;SYS;;;Temperature CP 1;Yes;ЛОЖЬ;;;17;;Word;;;;;;;;;8;;0;;;;;;;;;0;0;;;;-XXXXX.X;491;3428;;;;;;;;;;ЛОЖЬ;;;;;;;;;;;;;;;;;;;;;;;;;;;;;
DO;93XY768;;FLD;930-20;A_C93021;C9302001AX  VALVE UNLOAD;Yes;ИСТИНА;ЛОЖЬ;;450;;;;;;;0;;;;26;ИСТИНА;37548;None;;;;;;0=TRIP;;;;;;;Undefined;491;3428;;20.05;5;3;1;Appl;;;;ЛОЖЬ;;;;;;;;;;;;;;;;;;Output;EPKS_CCB;ESD_932_1;999;;;;;;;;
AI;93TI779;;FLD;;;C-9302001AX TEMP BEAR DE;Yes;ИСТИНА;ЛОЖЬ;;392;ИСТИНА;Float;4-20mA;-50;200;°C;;;;;656;ЛОЖЬ;38507;;None;None;None;None;;;;;;;;;-XXXXX.X;3.76;21;;20.03;11;12;1;Top scale;;;;ЛОЖЬ;ИСТИНА;ЛОЖЬ;;;;;;;;;;;;;;;;Output;EPKS_CCB;ESD_932_1;10343;;;;;;;;
M;448_450_2;;;;;93XY492_I;;ЛОЖЬ;ЛОЖЬ;;450;;;;;;;0;;;;919;ЛОЖЬ;0;;;;;;;0=TRIP INITIATOR;;;;;;;Undefined;491;3428;;;;;;;;;;ЛОЖЬ;;;;;;;;;;;;;;;;;;;;;;;;;;;;;
DO;93PDTHH832_CA;;COM;;;CAUSE ALARM;No;ЛОЖЬ;ЛОЖЬ;;530;;;;;;;0;;;;3322;ЛОЖЬ;0;None;;;;;;0=ALARM;0=ALARM;;;;;;Undefined;;;;;;;;;;;;ЛОЖЬ;ИСТИНА;;;;;;;;;;;;;;;;;Output;EPKS_CCB;ESD_932_1;1217;;;;;;;;
R;2495_C;;;;;EXCEPTION;;ЛОЖЬ;ЛОЖЬ;;2495;;Float;;;;;0;;;;156;ЛОЖЬ;0;;;;;;;;;;;;;;Undefined;491;3428;;;;;;;;;;ЛОЖЬ;;;;;;;;;;;;;;;;;;;;;;;;;;;;;
M;2495_E;;;;;0=ALARM;;ЛОЖЬ;ЛОЖЬ;;2495;;;;;;;0;;;;162;ЛОЖЬ;0;;;;;;;;;;;;;;Undefined;491;3428;;;;;;;;;;ЛОЖЬ;;;;;;;;;;;;;;;;;;;;;;;;;;;;;
DO;93FALL426_FU;;COM;930-20;A_C93021;H2O COOL C9302001AX;No;ИСТИНА;ЛОЖЬ;;1015;;;;;;;0;;;;2220;ЛОЖЬ;38246;None;;;;;;1=FIRST;;;;;;;Undefined;;;;;;;;;;;;ЛОЖЬ;ИСТИНА;;;;;;;;;;;;;;;;;Output;EPKS_CCB;ESD_932_1;1087;;;;;;;;
DO;93LAHH803_CA;;COM;930-20;A_C93021;CAUSE ALARM;No;ИСТИНА;ЛОЖЬ;;526;;;;;;;0;;;;957;ЛОЖЬ;37549;None;;;;;;0=ALARM;;;;;;;Undefined;491;3428;;;;;;;;;;ЛОЖЬ;;;;;;;;;;;;;;;;;;Output;EPKS_CCB;ESD_932_1;495;;;;;;;;
M;C280_1_E;;;;;Function block marker;;ЛОЖЬ;ЛОЖЬ;;280;;;;;;;0;;;;556;ЛОЖЬ;0;;;;;;;;;;;;;;Undefined;491;3428;;;;;;;;;;ЛОЖЬ;;;;;;;;;;;;;;;;;;;;;;;;;;;;;
M;316_150_1;;;;;93FT023;;ЛОЖЬ;ЛОЖЬ;;150;;;;;;;0;;;;1749;ЛОЖЬ;0;;;;;;;1=MO CONFIRMED;;;;;;;Undefined;491;3428;;;;;;;;;;ЛОЖЬ;;;;;;;;;;;;;;;;;;;;;;;;;;;;;
T;548_1;;;930-20;;;;ЛОЖЬ;ЛОЖЬ;;548;;;;;;;;100 ms;5;;424;ЛОЖЬ;0;;;;;;;;;;;;;;Undefined;491;3428;Delayed OFF with constant timer value;;;;;;;;;ЛОЖЬ;;;;;;;;;;;;;;;;;;;;;;;;;;;;;
M;1045_1047_1;;;;;FIRST OUT SEQUENCE;;ЛОЖЬ;ЛОЖЬ;;1047;;;;;;;0;;;;2501;ЛОЖЬ;0;;;;;;;1=FU ALARM;;;;;;;Undefined;;;;;;;;;;;;ЛОЖЬ;ИСТИНА;;;;;;;;;;;;;;;;;;;;;;;;;;;;
DO;93LI429_TF;;COM;930-20;A_93020;TRANSM. FAIL;No;ИСТИНА;ЛОЖЬ;;280;;;;;;;0;;;;450;ИСТИНА;37883;None;;;;;;0=FAIL;;;;;;;Undefined;491;3428;;;;;;;;;;ЛОЖЬ;;;;;;;;;;;;;;;;;;Output;EPKS_CCB;ESD_932_1;558;;;;;;;;
M;C524_4_B;;;;;Function block marker;;ЛОЖЬ;ЛОЖЬ;;524;;;;;;;0;;;;4505;ЛОЖЬ;0;;;;;;;;;;;;;;Undefined;;;;;;;;;;;;ЛОЖЬ;ИСТИНА;;;;;;;;;;;;;;;;;;;;;;;;;;;;
DO;93XA807A_P;;COM;930-20;A_C93021;COMMON TRIP LAMP ON LP;No;ИСТИНА;ЛОЖЬ;;634;;;;;;;0;;;;246;ЛОЖЬ;38034;None;;;;;;1=ACTIVE;;;;;;;Undefined;491;3428;;;;;;;;;;ЛОЖЬ;;;;;;;;;;;;;;Output;CC_CCB_2;ESD_932_1;54;;;;;;;;;;;;
DO;93PALL473_CA;;COM;930-20;A_93020;CAUSE ALARM;No;ИСТИНА;ЛОЖЬ;;238;;;;;;;0;;;;253;ЛОЖЬ;37550;None;;;;;;0=ALARM;;;;;;;Undefined;491;3428;;;;;;;;;;ЛОЖЬ;;;;;;;;;;;;;;;;;;Output;EPKS_CCB;ESD_932_1;605;;;;;;;;
DI;93TI987_MOR;;COM;930-20;A_93020;MO REQUEST;No;ИСТИНА;ИСТИНА;;292;;;;;;;0;;;;2975;ЛОЖЬ;37551;None;;;;;;1=REQUEST;;;;;;;Undefined;491;3428;;;;;;Freeze;;;;ЛОЖЬ;;;;ЛОЖЬ;;;;;;;;;;;;;;Input;EPKS_CCB;ESD_932_1;144;;;;;;;;
DO;93XY120_C;;COM;;;;No;ИСТИНА;ЛОЖЬ;;310;;;;;;;0;;;;59;ИСТИНА;37974;None;;;;;;0=TRIP;;;;;;;Undefined;;;;;;;;;;;;ЛОЖЬ;ИСТИНА;;;;;;;;;;;;;;;;;Output;EPKS_CCB;ESD_932_1;994;;;;;;;;
DO;93HY854_C;;COM;;;C-9302001CX LO START PM2;No;ИСТИНА;ЛОЖЬ;;798;;;;;;;0;;;;2010;ИСТИНА;37695;None;;;;;;0=TRIP;;;;;;;Undefined;491;3428;;;;;;;;;;ЛОЖЬ;;;;;;;;;;;;;;;;;;Output;EPKS_CCB;ESD_932_1;1011;;;;;;;;
BO;93TI808_L;;COM;;;LO ALARM SETPOINT;No;ЛОЖЬ;ЛОЖЬ;;543;;Float;;;;;0;;;;948;;0;;None;None;None;None;;;;;;;;;-XXXXX.X;;;;;;;;;;;;ЛОЖЬ;ИСТИНА;;;;;;;;;;;;;;;;;Output;EPKS_CCB;ESD_932_1;10422;;;;;;;;
M;C724_4_B;;;;;Function block marker;;ЛОЖЬ;ЛОЖЬ;;724;;;;;;;0;;;;4231;ЛОЖЬ;0;;;;;;;;;;;;;;Undefined;;;;;;;;;;;;ЛОЖЬ;ИСТИНА;;;;;;;;;;;;;;;;;;;;;;;;;;;;
DO;93LI422_TF;;COM;930-20;A_93020;TRANSM. FAIL;No;ЛОЖЬ;ЛОЖЬ;;268;;;;;;;0;;;;3755;ИСТИНА;38452;None;;;;;;0=ALARM;0=ALARM;;;;;;Undefined;;;;;;;;;;;;ЛОЖЬ;ИСТИНА;;;;;;;;;;;;;;;;;Output;EPKS_CCB;ESD_932_1;1310;;;;;;;;
T;564_3;;;;;;;ЛОЖЬ;ЛОЖЬ;;564;;;;;;;;100 ms;10;;1008;ЛОЖЬ;0;;;;;;;;;;;;;;Undefined;;;Delayed OFF with constant timer value;;;;;;;;;ЛОЖЬ;ИСТИНА;;;;;;;;;;;;;;;;;;;;;;;;;;;;
BO;93TI859_HH;;COM;930-20;A_C93021;HH TRIP SETPOINT (°C);No;ИСТИНА;ЛОЖЬ;;712;;Float;;;;;0;;;;792;;38171;;;;;;;;;0;0;;;;-XXXXX.X;491;3428;;;;;;;;;;ЛОЖЬ;;;;;;;;;;;;;;;;;;Output;EPKS_CCB;ESD_932_1;10272;;;;;;;;
M;C358_3_E;;;;;Function block marker;;ЛОЖЬ;ЛОЖЬ;;358;;;;;;;0;;;;3569;ЛОЖЬ;0;;;;;;;;;;;;;;Undefined;;;;;;;;;;;;ЛОЖЬ;ИСТИНА;;;;;;;;;;;;;;;;;;;;;;;;;;;;
DO;93XY119B;;MCC;930-20;A_93020;AUTO CLS SHUTTER 93XV119;Yes;ИСТИНА;ЛОЖЬ;;314;;;;;;;0;;;;63;ЛОЖЬ;37552;None;;;;;;0=TRIP;;;;;;;Undefined;491;3428;;20.05;13;8;1;Appl;;;;ЛОЖЬ;;;;;;;;;;;;;;;;;;;;;;;;;;;;;
M;2470_4;;;;;;;ЛОЖЬ;ЛОЖЬ;;2470;;;;;;;0;;;;130;ЛОЖЬ;0;;;;;;;;;;;;;;Undefined;491;3428;;;;;;;;;;ЛОЖЬ;;;;;;;;;;;;;;;;;;;;;;;;;;;;;
M;2410_1;;;930-20;;;;ЛОЖЬ;ЛОЖЬ;;2410;;;;;;;0;;;;141;ЛОЖЬ;0;;;;;;;;;;;;;;Undefined;491;3428;;;;;;;;;;ЛОЖЬ;;;;;;;;;;;;;;;;;;;;;;;;;;;;;
M;C284_5_B;;;;;Function block marker;;ЛОЖЬ;ЛОЖЬ;;284;;;;;;;0;;;;3829;ЛОЖЬ;0;;;;;;;;;;;;;;Undefined;;;;;;;;;;;;ЛОЖЬ;ИСТИНА;;;;;;;;;;;;;;;;;;;;;;;;;;;;
M;324_262_2;;;;;SHUTTER 93XV421- OPEN;;ЛОЖЬ;ЛОЖЬ;;262;;;;;;;0;;;;2051;ЛОЖЬ;0;;;;;;;1=OVERRIDE;;;;;;;Undefined;491;3428;;;;;;;;;;ЛОЖЬ;;;;;;;;;;;;;;;;;;;;;;;;;;;;;
M;363_1005_2;;;;;93PALL764_I;;ЛОЖЬ;ЛОЖЬ;;1005;;;;;;;0;;;;3636;ЛОЖЬ;0;;;;;;;0=TRIP INITIATOR;;;;;;;Undefined;;;;;;;;;;;;ЛОЖЬ;ИСТИНА;;;;;;;;;;;;;;;;;;;;;;;;;;;;
M;C798_2_D;;;;;Function block marker;;ЛОЖЬ;ЛОЖЬ;;798;;;;;;;0;;;;1036;ЛОЖЬ;0;;;;;;;;;;;;;;Undefined;491;3428;;;;;;;;;;ЛОЖЬ;;;;;;;;;;;;;;;;;;;;;;;;;;;;;
R;2432_D;;;;;SIGNAL 2;;ЛОЖЬ;ЛОЖЬ;;2432;;Float;;;;;0;;;;20;ЛОЖЬ;0;;;;;;;;;;;;;;Undefined;;;;;;;;;;;;ЛОЖЬ;ИСТИНА;;;;;;;;;;;;;;;;;;;;;;;;;;;;
M;C248_6_E;;;;;Function block marker;;ЛОЖЬ;ЛОЖЬ;;248;;;;;;;0;;;;3920;ЛОЖЬ;0;;;;;;;;;;;;;;Undefined;;;;;;;;;;;;ЛОЖЬ;ИСТИНА;;;;;;;;;;;;;;;;;;;;;;;;;;;;
DO;93HA552_PA;;COM;930-20;A_93020;1OO2 PRE ALARM;No;ИСТИНА;ЛОЖЬ;;292;;;;;;;0;;;;382;ЛОЖЬ;37885;None;;;;;;0=ALARM;;;;;;;Undefined;491;3428;;;;;;;;;;ЛОЖЬ;;;;;;;;;;;;;;;;;;Output;EPKS_CCB;ESD_932_1;472;;;;;;;;
M;C252_6_F;;;;;Function block marker;;ЛОЖЬ;ЛОЖЬ;;252;;;;;;;0;;;;3903;ЛОЖЬ;0;;;;;;;;;;;;;;Undefined;;;;;;;;;;;;ЛОЖЬ;ИСТИНА;;;;;;;;;;;;;;;;;;;;;;;;;;;;
M;234_9;;;;;;;ЛОЖЬ;ЛОЖЬ;;234;;;;;;;0;;;;3771;ЛОЖЬ;0;;;;;;;;;;;;;;Undefined;;;;;;;;;;;;ЛОЖЬ;ИСТИНА;;;;;;;;;;;;;;;;;;;;;;;;;;;;
M;C262_4_G;;;;;Function block marker;;ЛОЖЬ;ЛОЖЬ;;262;;;;;;;0;;;;225;ЛОЖЬ;0;;;;;;;;;;;;;;Undefined;;;;;;;;;;;;ЛОЖЬ;ИСТИНА;;;;;;;;;;;;;;;;;;;;;;;;;;;;
M;1027_1;;;;;;;ЛОЖЬ;ЛОЖЬ;;1027;;;;;;;0;;;;2245;ЛОЖЬ;0;;;;;;;;;;;;;;Undefined;;;;;;;;;;;;ЛОЖЬ;ИСТИНА;;;;;;;;;;;;;;;;;;;;;;;;;;;;
DI;93LI421_MOR;;COM;930-20;A_93020;MO REQUEST;No;ИСТИНА;ИСТИНА;;266;;;;;;;0;;;;2872;ЛОЖЬ;37553;None;;;;;;1=REQUEST;;;;;;;Undefined;491;3428;;;;;;Freeze;;;;ЛОЖЬ;;;;ЛОЖЬ;;;;;;;;;;;;;;Input;EPKS_CCB;ESD_932_1;41;;;;;;;;
DO;93PALL926_FU_C;;COM;930-20;A_C93021;C9302001 COOLH2O SUP;No;ИСТИНА;ЛОЖЬ;;1049;;;;;;;0;;;;2572;ЛОЖЬ;38294;None;;;;;;1=FIRST;;;;;;;Undefined;;;;;;;;;;;;ЛОЖЬ;ИСТИНА;;;;;;;;;;;;;;;;;Output;EPKS_CCB;ESD_932_1;1135;;;;;;;;
DO;93XY493;;MCC;930-20;A_C93021;AUTO STOP C-9302001BX;Yes;ИСТИНА;ЛОЖЬ;;648;;;;;;;0;;;;136;ИСТИНА;37554;None;;;;;;0=TRIP;;;;;;;Undefined;491;3428;;20.06;7;1;1;Appl;;;;ЛОЖЬ;;;;;;;;;;;;;;;;;;Output;EPKS_CCB;ESD_932_1;1036;;;;;;;;
M;C288_6_G;;;;;Function block marker;;ЛОЖЬ;ЛОЖЬ;;288;;;;;;;0;;;;3823;ЛОЖЬ;0;;;;;;;;;;;;;;Undefined;;;;;;;;;;;;ЛОЖЬ;ИСТИНА;;;;;;;;;;;;;;;;;;;;;;;;;;;;
M;C320_6_G;;;;;Function block marker;;ЛОЖЬ;ЛОЖЬ;;320;;;;;;;0;;;;4670;ЛОЖЬ;0;;;;;;;;;;;;;;Undefined;;;;;;;;;;;;ЛОЖЬ;ИСТИНА;;;;;;;;;;;;;;;;;;;;;;;;;;;;
M;C390_5_F;;;;;Function block marker;;ЛОЖЬ;ЛОЖЬ;;390;;;;;;;0;;;;4545;ЛОЖЬ;0;;;;;;;;;;;;;;Undefined;;;;;;;;;;;;ЛОЖЬ;ИСТИНА;;;;;;;;;;;;;;;;;;;;;;;;;;;;
M;690_800_2;;;;;93LAHH853_I;;ЛОЖЬ;ЛОЖЬ;;800;;;;;;;0;;;;1423;ЛОЖЬ;0;;;;;;;0=TRIP INITIATOR;;;;;;;Undefined;491;3428;;;;;;;;;;ЛОЖЬ;;;;;;;;;;;;;;;;;;;;;;;;;;;;;
M;C728_4_D;;;;;Function block marker;;ЛОЖЬ;ЛОЖЬ;;728;;;;;;;0;;;;3725;ЛОЖЬ;0;;;;;;;;;;;;;;Undefined;;;;;;;;;;;;ЛОЖЬ;ИСТИНА;;;;;;;;;;;;;;;;;;;;;;;;;;;;
M;C368_3_G;;;;;Function block marker;;ЛОЖЬ;ЛОЖЬ;;368;;;;;;;0;;;;4607;ЛОЖЬ;0;;;;;;;;;;;;;;Undefined;;;;;;;;;;;;ЛОЖЬ;ИСТИНА;;;;;;;;;;;;;;;;;;;;;;;;;;;;
M;568_1035_3;;;;;C-9302001BX EM.STOP;;ЛОЖЬ;ЛОЖЬ;;1035;;;;;;;0;;;;2328;ЛОЖЬ;0;;;;;;;0=TRIP;;;;;;;Undefined;;;;;;;;;;;;ЛОЖЬ;ИСТИНА;;;;;;;;;;;;;;;;;;;;;;;;;;;;
DI;20-ClockSrcFault1;;SYS;;;Clock source 1 fault;Yes;ЛОЖЬ;;;19;;;;;;;;;;;14;ЛОЖЬ;0;None;;;;;;;;;;;;;Undefined;491;3428;;;;;;;;;;ЛОЖЬ;;;;ЛОЖЬ;;;;;;;;;;;;;;;;;;;;;;;;;
M;C638_1_A;;;;;Compiler marker;;ЛОЖЬ;ЛОЖЬ;;638;;;;;;;0;;;;1398;ЛОЖЬ;0;;;;;;;;;;;;;;Undefined;491;3428;;;;;;;;;;ЛОЖЬ;;;;;;;;;;;;;;;;;;;;;;;;;;;;;
DO;93PALL876_FU;;COM;930-20;A_C93021;C9302001CX OIL CRANKCASE;No;ИСТИНА;ЛОЖЬ;;1043;;;;;;;0;;;;2589;ЛОЖЬ;38311;None;;;;;;1=FIRST;;;;;;;Undefined;;;;;;;;;;;;ЛОЖЬ;ИСТИНА;;;;;;;;;;;;;;;;;Output;EPKS_CCB;ESD_932_1;1152;;;;;;;;
DO;93TI984_TF;;COM;930-20;A_93020;TRANSM. FAIL;No;ИСТИНА;ЛОЖЬ;;294;;;;;;;0;;;;394;ИСТИНА;37555;None;;;;;;0=FAIL;;;;;;;Undefined;491;3428;;;;;;;;;;ЛОЖЬ;;;;;;;;;;;;;;;;;;Output;EPKS_CCB;ESD_932_1;860;;;;;;;;
M;C276_1_G;;;;;Function block marker;;ЛОЖЬ;ЛОЖЬ;;276;;;;;;;0;;;;3595;ЛОЖЬ;0;;;;;;;;;;;;;;Undefined;;;;;;;;;;;;ЛОЖЬ;ИСТИНА;;;;;;;;;;;;;;;;;;;;;;;;;;;;
DO;93LALL419_P;;COM;930-20;A_93020;HYD GAS COND  B9302001A;No;ИСТИНА;ЛОЖЬ;;264;;;;;;;0;;;;453;ЛОЖЬ;37983;None;;;;;;1=ACTIVE;;;;;;;Undefined;491;3428;;;;;;;;;;ЛОЖЬ;;;;;;;;;;;;;;;;;;;;;;;;;;Output;CC_CCB_1;ESD_932_1;55
M;300_416_1;;;;;93-I-553 GROUP STOP BUTTON;;ЛОЖЬ;ЛОЖЬ;;416;;;;;;;0;;;;869;ЛОЖЬ;0;;;;;;;0=TRIP;;;;;;;Undefined;491;3428;;;;;;;;;;ЛОЖЬ;;;;;;;;;;;;;;;;;;;;;;;;;;;;;
DO;IB932_ESD1_CS;;COM;;;CLOCK SOURCE FLT;No;ЛОЖЬ;ЛОЖЬ;;19;;;;;;;0;;;;3648;ЛОЖЬ;0;None;;;;;;;State High;;;;;;Undefined;;;;;;;;;;;;ЛОЖЬ;ИСТИНА;;;;;;;;;;;;;;;;;Output;EPKS_CCB;ESD_932_1;1276;;;;;;;;
M;260_1;;;930-20;;;;ЛОЖЬ;ЛОЖЬ;;260;;;;;;;0;;;;365;ЛОЖЬ;0;;;;;;;;;;;;;;Undefined;491;3428;;;;;;;;;;ЛОЖЬ;;;;;;;;;;;;;;;;;;;;;;;;;;;;;
M;358_810_3;;;;;93PDAH779_PERM;;ЛОЖЬ;ЛОЖЬ;;810;;;;;;;0;;;;3626;ЛОЖЬ;0;;;;;;;0=ALARM;;;;;;;Undefined;;;;;;;;;;;;ЛОЖЬ;ИСТИНА;;;;;;;;;;;;;;;;;;;;;;;;;;;;
DO;93XY117;;MCC;930-20;A_93020;AUTO OPN SHUTTER 93XV117;Yes;ИСТИНА;ЛОЖЬ;;314;;;;;;;0;;;;59;ЛОЖЬ;37556;None;;;;;;0=TRIP;;;;;;;Undefined;491;3428;;20.05;13;4;1;Appl;;;;ЛОЖЬ;;;;;;;;;;;;;;;;;;;;;;;;;;;;;
M;C268_8_C;;;;;Function block marker;;ЛОЖЬ;ЛОЖЬ;;268;;;;;;;0;;;;3860;ЛОЖЬ;0;;;;;;;;;;;;;;Undefined;;;;;;;;;;;;ЛОЖЬ;ИСТИНА;;;;;;;;;;;;;;;;;;;;;;;;;;;;
T;384_2;;;;;;;ЛОЖЬ;ЛОЖЬ;;384;;;;;;;;100 ms;5;;708;ЛОЖЬ;0;;;;;;;;;;;;;;Undefined;;;Delayed OFF with constant timer value;;;;;;;;;ЛОЖЬ;ИСТИНА;;;;;;;;;;;;;;;;;;;;;;;;;;;;
M;C532_6_F;;;;;Function block marker;;ЛОЖЬ;ЛОЖЬ;;532;;;;;;;0;;;;4482;ЛОЖЬ;0;;;;;;;;;;;;;;Undefined;;;;;;;;;;;;ЛОЖЬ;ИСТИНА;;;;;;;;;;;;;;;;;;;;;;;;;;;;
BO;93PI821_HH;;COM;930-20;A_C93021;HH TRIP SETPOINT (MPa-g);No;ИСТИНА;ЛОЖЬ;;536;;Float;;;;;0;;;;696;;38208;;;;;;;;;0;0;;;;-XXXXX.X;491;3428;;;;;;;;;;ЛОЖЬ;;;;;;;;;;;;;;;;;;Output;EPKS_CCB;ESD_932_1;10233;;;;;;;;
DI;93LI417_MOR;;COM;930-20;A_93020;MO REQUEST;No;ИСТИНА;ИСТИНА;;262;;;;;;;0;;;;2870;ЛОЖЬ;37557;None;;;;;;1=REQUEST;;;;;;;Undefined;491;3428;;;;;;Freeze;;;;ЛОЖЬ;;;;ЛОЖЬ;;;;;;;;;;;;;;Input;EPKS_CCB;ESD_932_1;39;;;;;;;;
M;356_8;;;;;;;ЛОЖЬ;ЛОЖЬ;;356;;;;;;;0;;;;4017;ЛОЖЬ;0;;;;;;;;;;;;;;Undefined;;;;;;;;;;;;ЛОЖЬ;ИСТИНА;;;;;;;;;;;;;;;;;;;;;;;;;;;;
DO;93XY467;;MCC;930-20;A_93020;AUTO CLOSURE 93XV467;Yes;ИСТИНА;ЛОЖЬ;;280;;;;;;;0;;;;107;ЛОЖЬ;37558;None;;;;;;1=CLOSE;;;;;;;Undefined;491;3428;;20.06;3;4;1;Appl;;;;ЛОЖЬ;;;;;;;;;;;;;;;;;;;;;;;;;;;;;
DO;93TI854_TF;;COM;930-20;A_C93021;TRANSM. FAIL;No;ИСТИНА;ЛОЖЬ;;708;;;;;;;0;;;;1317;ИСТИНА;37559;None;;;;;;0=FAIL;;;;;;;Undefined;491;3428;;;;;;;;;;ЛОЖЬ;;;;;;;;;;;;;;;;;;Output;EPKS_CCB;ESD_932_1;832;;;;;;;;
M;686_788_3;;;;;93FALL855_I (AFTER OOS);;ЛОЖЬ;ЛОЖЬ;;788;;;;;;;0;;;;757;ЛОЖЬ;0;;;;;;;0=TRIP;;;;;;;Undefined;491;3428;;;;;;;;;;ЛОЖЬ;;;;;;;;;;;;;;;;;;;;;;;;;;;;;
DO;93HS704_MOD;;COM;930-20;A_C93021;MOS EN AREA C9302001AX;No;ИСТИНА;ЛОЖЬ;;121;;;;;;;0;;;;1576;ЛОЖЬ;37918;None;;;;;;1=NOT ENABLE;;;;;;;Undefined;491;3428;;;;;;;;;;ЛОЖЬ;;;;;;;;;;;;;;;;;;Output;EPKS_CCB;ESD_932_1;481;;;;;;;;
DO;93LY802_C;;COM;;;C-9302001BX DRAIN 1ST ST;No;ИСТИНА;ЛОЖЬ;;650;;;;;;;0;;;;1887;ИСТИНА;37704;None;;;;;;0=TRIP;;;;;;;Undefined;491;3428;;;;;;;;;;ЛОЖЬ;;;;;;;;;;;;;;;;;;Output;EPKS_CCB;ESD_932_1;982;;;;;;;;
AI;93TI762;;FLD;930-20;A_C93021;C9302001AX COOL WATER C1;Yes;ИСТИНА;ЛОЖЬ;;382;ИСТИНА;Float;4-20mA;-50;100;°C;;;;;20;ЛОЖЬ;37771;;None;None;None;None;;;;-87.5;-87.5;;;;-XXXXX.X;3.76;21;;20.03;13;6;1;Bottom scale;;;;ЛОЖЬ;;ЛОЖЬ;;;;;;;;;;;;;;;;Output;EPKS_CCB;ESD_932_1;10137;;;;;;;;
M;C366_6_E;;;;;Function block marker;;ЛОЖЬ;ЛОЖЬ;;366;;;;;;;0;;;;4612;ЛОЖЬ;0;;;;;;;;;;;;;;Undefined;;;;;;;;;;;;ЛОЖЬ;ИСТИНА;;;;;;;;;;;;;;;;;;;;;;;;;;;;
DO;93TI971_TF;;COM;93020;A_93020;TRANSM. FAIL;No;ЛОЖЬ;ЛОЖЬ;;1500;;;;;;;0;;;;43;ИСТИНА;37111;None;;;;;;0=ALARM;0=ALARM;;;;;;Undefined;;;;;;;;;;;;ЛОЖЬ;ИСТИНА;;;;;;;;;;;;;;;;;Output;EPKS_CCB;ESD_932_1;1465;;;;;;;;
M;316_9;;;;;;;ЛОЖЬ;ЛОЖЬ;;316;;;;;;;0;;;;4036;ЛОЖЬ;0;;;;;;;;;;;;;;Undefined;;;;;;;;;;;;ЛОЖЬ;ИСТИНА;;;;;;;;;;;;;;;;;;;;;;;;;;;;
M;C530_5_G;;;;;Function block marker;;ЛОЖЬ;ЛОЖЬ;;530;;;;;;;0;;;;4487;ЛОЖЬ;0;;;;;;;;;;;;;;Undefined;;;;;;;;;;;;ЛОЖЬ;ИСТИНА;;;;;;;;;;;;;;;;;;;;;;;;;;;;
DO;93TI887_TF;;COM;930-20;A_C93021;TRANSM. FAIL;No;ИСТИНА;ЛОЖЬ;;562;;;;;;;0;;;;1178;ИСТИНА;37561;None;;;;;;0=FAIL;;;;;;;Undefined;491;3428;;;;;;;;;;ЛОЖЬ;;;;;;;;;;;;;;;;;;Output;EPKS_CCB;ESD_932_1;850;;;;;;;;
M;728_9;;;;;;;ЛОЖЬ;ЛОЖЬ;;728;;;;;;;0;;;;3688;ЛОЖЬ;0;;;;;;;;;;;;;;Undefined;;;;;;;;;;;;ЛОЖЬ;ИСТИНА;;;;;;;;;;;;;;;;;;;;;;;;;;;;
M;C250_7_G;;;;;Function block marker;;ЛОЖЬ;ЛОЖЬ;;250;;;;;;;0;;;;3916;ЛОЖЬ;0;;;;;;;;;;;;;;Undefined;;;;;;;;;;;;ЛОЖЬ;ИСТИНА;;;;;;;;;;;;;;;;;;;;;;;;;;;;
M;540_630_3;;;;;93PALL834_I;;ЛОЖЬ;ЛОЖЬ;;630;;;;;;;0;;;;1116;ЛОЖЬ;0;;;;;;;0=TRIP INITIATOR;;;;;;;Undefined;491;3428;;;;;;;;;;ЛОЖЬ;;;;;;;;;;;;;;;;;;;;;;;;;;;;;
T;702_10;;;;;;;ЛОЖЬ;ЛОЖЬ;;702;;;;;;;;100 ms;5;;1508;ЛОЖЬ;0;;;;;;;;;;;;;;Undefined;;;Delayed OFF with constant timer value;;;;;;;;;ЛОЖЬ;ИСТИНА;;;;;;;;;;;;;;;;;;;;;;;;;;;;
DI;93ZSLL753_MOR;;COM;930-20;A_93020;MO REQUEST;No;ИСТИНА;ИСТИНА;;298;;;;;;;0;;;;2987;ЛОЖЬ;37562;None;;;;;;1=REQUEST;;;;;;;Undefined;491;3428;;;;;;Freeze;;;;ЛОЖЬ;;;;ЛОЖЬ;;;;;;;;;;;;;;Input;EPKS_CCB;ESD_932_1;156;;;;;;;;
DO;93LAHH852A_CA;;COM;;;CAUSE ALARM;No;ЛОЖЬ;ЛОЖЬ;;688;;;;;;;0;;;;3356;ЛОЖЬ;0;None;;;;;;0=ALARM;0=ALARM;;;;;;Undefined;;;;;;;;;;;;ЛОЖЬ;ИСТИНА;;;;;;;;;;;;;;;;;Output;EPKS_CCB;ESD_932_1;1251;;;;;;;;
M;C1045_1_K;;;;;Function block marker;;ЛОЖЬ;ЛОЖЬ;;1045;;;;;;;0;;;;2638;ЛОЖЬ;0;;;;;;;;;;;;;;Undefined;;;;;;;;;;;;ЛОЖЬ;ИСТИНА;;;;;;;;;;;;;;;;;;;;;;;;;;;;
M;368_1007_2;;;;;93PAHH776_I;;ЛОЖЬ;ЛОЖЬ;;1007;;;;;;;0;;;;2157;ЛОЖЬ;0;;;;;;;0=TRIP INITIATOR;;;;;;;Undefined;;;;;;;;;;;;ЛОЖЬ;ИСТИНА;;;;;;;;;;;;;;;;;;;;;;;;;;;;
M;C1021_1_L;;;;;Function block marker;;ЛОЖЬ;ЛОЖЬ;;1021;;;;;;;0;;;;2417;ЛОЖЬ;0;;;;;;;;;;;;;;Undefined;;;;;;;;;;;;ЛОЖЬ;ИСТИНА;;;;;;;;;;;;;;;;;;;;;;;;;;;;
M;732_1053_3;;;;;C-9302001CX EM.STOP;;ЛОЖЬ;ЛОЖЬ;;1053;;;;;;;0;;;;2568;ЛОЖЬ;0;;;;;;;0=TRIP;;;;;;;Undefined;;;;;;;;;;;;ЛОЖЬ;ИСТИНА;;;;;;;;;;;;;;;;;;;;;;;;;;;;
M;382_3;;;;;;;ЛОЖЬ;ЛОЖЬ;;382;;;;;;;0;;;;774;ЛОЖЬ;0;;;;;;;;;;;;;;Undefined;491;3428;;;;;;;;;;ЛОЖЬ;;;;;;;;;;;;;;;;;;;;;;;;;;;;;
M;C234_7_F;;;;;Function block marker;;ЛОЖЬ;ЛОЖЬ;;234;;;;;;;0;;;;3960;ЛОЖЬ;0;;;;;;;;;;;;;;Undefined;;;;;;;;;;;;ЛОЖЬ;ИСТИНА;;;;;;;;;;;;;;;;;;;;;;;;;;;;
DO;93TAHH862_FU;;COM;930-20;A_C93021;C9302001CX H2O COOL CYL1;No;ИСТИНА;ЛОЖЬ;;1045;;;;;;;0;;;;2596;ЛОЖЬ;38318;None;;;;;;1=FIRST;;;;;;;Undefined;;;;;;;;;;;;ЛОЖЬ;ИСТИНА;;;;;;;;;;;;;;;;;Output;EPKS_CCB;ESD_932_1;1159;;;;;;;;
M;C131_3;;;;;Compiler marker (288, 234);;ЛОЖЬ;ЛОЖЬ;;131;;;;;;;0;;;;2068;ЛОЖЬ;0;;;;;;;;;;;;;;Undefined;491;3428;;;;;;;;;;ЛОЖЬ;;;;;;;;;;;;;;;;;;;;;;;;;;;;;
M;C548_6_G;;;;;Function block marker;;ЛОЖЬ;ЛОЖЬ;;548;;;;;;;0;;;;4431;ЛОЖЬ;0;;;;;;;;;;;;;;Undefined;;;;;;;;;;;;ЛОЖЬ;ИСТИНА;;;;;;;;;;;;;;;;;;;;;;;;;;;;
DO;93TI758_TF;;COM;;;TRANSM FAULT;No;ЛОЖЬ;ЛОЖЬ;;378;;;;;;;0;;;;416;ИСТИНА;38506;None;;;;;;0=ALARM;0=ALARM;;;;;;Undefined;;;;;;;;;;;;ЛОЖЬ;ИСТИНА;;;;;;;;;;;;;;;;;Output;EPKS_CCB;ESD_932_1;1331;;;;;;;;
DO;93LALL415_P;;COM;930-20;A_93020;HYD GAS COND  V9302003B;No;ИСТИНА;ЛОЖЬ;;260;;;;;;;0;;;;431;ЛОЖЬ;37981;None;;;;;;1=ACTIVE;;;;;;;Undefined;491;3428;;;;;;;;;;ЛОЖЬ;;;;;;;;;;;;;;;;;;;;;;;;;;Output;CC_CCB_1;ESD_932_1;53
M;368_1;;;;;;;ЛОЖЬ;ЛОЖЬ;;368;;;;;;;0;;;;671;ЛОЖЬ;0;;;;;;;;;;;;;;Undefined;491;3428;;;;;;;;;;ЛОЖЬ;;;;;;;;;;;;;;;;;;;;;;;;;;;;;
DI;93TI834_MOR;;COM;930-20;A_C93021;MO REQUEST;No;ИСТИНА;ИСТИНА;;558;;;;;;;0;;;;2950;ЛОЖЬ;37563;None;;;;;;1=REQUEST;;;;;;;Undefined;491;3428;;;;;;Freeze;;;;ЛОЖЬ;;;;ЛОЖЬ;;;;;;;;;;;;;;Input;EPKS_CCB;ESD_932_1;119;;;;;;;;
DO;93ZSLL853_MOC;;COM;930-20;A_93020;MO CONFIRMED;No;ИСТИНА;ЛОЖЬ;;299;;;;;;;0;;;;518;ИСТИНА;37888;None;;;;;;1=CONFIRMED;;;;;;;Undefined;491;3428;;;;;;;;;;ЛОЖЬ;;;;;;;;;;;;;;;;;;Output;EPKS_CCB;ESD_932_1;905;;;;;;;;
M;1017_12;;;;;;;ЛОЖЬ;ЛОЖЬ;;1017;;;;;;;0;;;;2144;ЛОЖЬ;0;;;;;;;;;;;;;;Undefined;;;;;;;;;;;;ЛОЖЬ;ИСТИНА;;;;;;;;;;;;;;;;;;;;;;;;;;;;
DO;93FI422_MOC;;COM;930-20;A_C93021;MO CONFIRMED;No;ИСТИНА;ЛОЖЬ;;246;;;;;;;0;;;;300;ИСТИНА;37564;None;;;;;;1=CONFIRMED;;;;;;;Undefined;491;3428;;;;;;;;;;ЛОЖЬ;;;;;;;;;;;;;;;;;;Output;EPKS_CCB;ESD_932_1;445;;;;;;;;
R;278_280_3;;;;;93LI429;;ЛОЖЬ;ЛОЖЬ;;280;;Float;;;;;0;;;;40;ЛОЖЬ;0;;;;;;;;;;;;;;Undefined;;;;;;;;;;;;ЛОЖЬ;ИСТИНА;;;;;;;;;;;;;;;;;;;;;;;;;;;;
M;350_402_4;;;;;CW PUMP RUNNING;;ЛОЖЬ;ЛОЖЬ;;402;;;;;;;0;;;;1769;ЛОЖЬ;0;;;;;;;1=RUNNING;;;;;;;Undefined;491;3428;;;;;;;;;;ЛОЖЬ;;;;;;;;;;;;;;;;;;;;;;;;;;;;;
T;378_1;;;930-20;;;;ЛОЖЬ;ЛОЖЬ;;378;;;;;;;;100 ms;5;;288;ЛОЖЬ;0;;;;;;;;;;;;;;Undefined;491;3428;Delayed OFF with constant timer value;;;;;;;;;ЛОЖЬ;;;;;;;;;;;;;;;;;;;;;;;;;;;;;
M;C1033_1_H;;;;;Function block marker;;ЛОЖЬ;ЛОЖЬ;;1033;;;;;;;0;;;;2377;ЛОЖЬ;0;;;;;;;;;;;;;;Undefined;;;;;;;;;;;;ЛОЖЬ;ИСТИНА;;;;;;;;;;;;;;;;;;;;;;;;;;;;
M;C696_6_G;;;;;Function block marker;;ЛОЖЬ;ЛОЖЬ;;696;;;;;;;0;;;;4337;ЛОЖЬ;0;;;;;;;;;;;;;;Undefined;;;;;;;;;;;;ЛОЖЬ;ИСТИНА;;;;;;;;;;;;;;;;;;;;;;;;;;;;
M;240_1;;;930-20;;;;ЛОЖЬ;ЛОЖЬ;;240;;;;;;;0;;;;265;ЛОЖЬ;0;;;;;;;;;;;;;;Undefined;491;3428;;;;;;;;;;ЛОЖЬ;;;;;;;;;;;;;;;;;;;;;;;;;;;;;
R;C2456_5;;;;;Compiler register (288, 144);;ЛОЖЬ;ЛОЖЬ;;2456;;Float;;;;;0;;;;352;ЛОЖЬ;0;;;;;;;;;;;;;;Undefined;491;3428;;;;;;;;;;ЛОЖЬ;;;;;;;;;;;;;;;;;;;;;;;;;;;;;
DI;93LI753_MOR;;COM;930-20;A_C93021;MO REQUEST;No;ИСТИНА;ИСТИНА;;356;;;;;;;0;;;;2881;ЛОЖЬ;37565;None;;;;;;1=REQUEST;;;;;;;Undefined;491;3428;;;;;;Freeze;;;;ЛОЖЬ;;;;ЛОЖЬ;;;;;;;;;;;;;;Input;EPKS_CCB;ESD_932_1;50;;;;;;;;
M;696_778_2;;;;;93PAHH864_I;;ЛОЖЬ;ЛОЖЬ;;778;;;;;;;0;;;;872;ЛОЖЬ;0;;;;;;;0=TRIP INITIATOR;;;;;;;Undefined;491;3428;;;;;;;;;;ЛОЖЬ;;;;;;;;;;;;;;;;;;;;;;;;;;;;;
M;718_816_2;;;;;93TAH866_PERM;;ЛОЖЬ;ЛОЖЬ;;816;;;;;;;0;;;;4181;ЛОЖЬ;0;;;;;;;0=ALARM;;;;;;;Undefined;;;;;;;;;;;;ЛОЖЬ;ИСТИНА;;;;;;;;;;;;;;;;;;;;;;;;;;;;
M;C402_3_F;;;;;Function block marker;;ЛОЖЬ;ЛОЖЬ;;402;;;;;;;0;;;;3510;ЛОЖЬ;0;;;;;;;;;;;;;;Undefined;;;;;;;;;;;;ЛОЖЬ;ИСТИНА;;;;;;;;;;;;;;;;;;;;;;;;;;;;
M;726_816_3;;;;;93TAH879_PERM;;ЛОЖЬ;ЛОЖЬ;;816;;;;;;;0;;;;4186;ЛОЖЬ;0;;;;;;;0=ALARM;;;;;;;Undefined;;;;;;;;;;;;ЛОЖЬ;ИСТИНА;;;;;;;;;;;;;;;;;;;;;;;;;;;;
DO;93GEA412_416_P;;COM;;;GREATER THAN;No;ИСТИНА;ЛОЖЬ;;263;;;;;;;0;;;;345;ЛОЖЬ;38383;None;;;;;;1=ON;1=ON;;;;;;Undefined;;;;;;;;;;;;ЛОЖЬ;ИСТИНА;;;;;;;;;;;;;;;;;;;;;;;;;Output;CC_CCB_1;ESD_932_1;88
M;C262_1_B;;;;;Function block marker;;ЛОЖЬ;ЛОЖЬ;;262;;;;;;;0;;;;1073;ЛОЖЬ;0;;;;;;;;;;;;;;Undefined;491;3428;;;;;;;;;;ЛОЖЬ;;;;;;;;;;;;;;;;;;;;;;;;;;;;;
BI;20-Hour;;SYS;;;Hour;No;ЛОЖЬ;;;19;;Byte;;;;;;;;;5;;0;;;;;;;;;0;0;;;;-XXXXX.X;491;3428;;;;;;;;;;ЛОЖЬ;;;;;;;;;;;;;;;;;;;;;;;;;;;;;
BO;93PI826_HH;;COM;;;HH TRIP SETPOINT (MPa-g);No;ИСТИНА;ЛОЖЬ;;538;;Float;;;;;0;;;;832;;38174;;;;;;;;;0;0;;;;-XXXXX.X;491;3428;;;;;;;;;;ЛОЖЬ;;;;;;;;;;;;;;;;;;Output;EPKS_CCB;ESD_932_1;10234;;;;;;;;
M;642_646_2;;;;;CAPACITY 50%;;ЛОЖЬ;ЛОЖЬ;;646;;;;;;;0;;;;565;ЛОЖЬ;0;;;;;;;1=ACTIVE;;;;;;;Undefined;491;3428;;;;;;;;;;ЛОЖЬ;;;;;;;;;;;;;;;;;;;;;;;;;;;;;
AI;93FI022A;;FLD;;;HYDROGEN-CONTAINING GAS;Yes;ИСТИНА;ЛОЖЬ;;316;ИСТИНА;Float;4-20mA;0;160;kg/h;;;;;844;ЛОЖЬ;38505;;None;None;None;None;;;;;;;;;-XXXXX.X;3.64;22;;20.05;11;8;1;Bottom scale;;;;ЛОЖЬ;ИСТИНА;ЛОЖЬ;;;;;;;;;;;;;;;;Output;EPKS_CCB;ESD_932_1;10380;;;;;;;;
M;C402_3_G;;;;;Function block marker;;ЛОЖЬ;ЛОЖЬ;;402;;;;;;;0;;;;3511;ЛОЖЬ;0;;;;;;;;;;;;;;Undefined;;;;;;;;;;;;ЛОЖЬ;ИСТИНА;;;;;;;;;;;;;;;;;;;;;;;;;;;;
M;C1025_1_J;;;;;Function block marker;;ЛОЖЬ;ЛОЖЬ;;1025;;;;;;;0;;;;2403;ЛОЖЬ;0;;;;;;;;;;;;;;Undefined;;;;;;;;;;;;ЛОЖЬ;ИСТИНА;;;;;;;;;;;;;;;;;;;;;;;;;;;;
M;798_10;;;;;;;ЛОЖЬ;ЛОЖЬ;;798;;;;;;;0;;;;1554;ЛОЖЬ;0;;;;;;;;;;;;;;Undefined;491;3428;;;;;;;;;;ЛОЖЬ;;;;;;;;;;;;;;;;;;;;;;;;;;;;;
M;2345_2;;;;;;;ЛОЖЬ;ЛОЖЬ;;2345;;;;;;;0;;;;1601;ЛОЖЬ;0;;;;;;;;;;;;;;Undefined;491;3428;;;;;;;;;;ЛОЖЬ;;;;;;;;;;;;;;;;;;;;;;;;;;;;;
DO;93XY441;;MCC;930-20;A_93020;AUTO CLOSURE 93XV441;Yes;ИСТИНА;ЛОЖЬ;;262;;;;;;;0;;;;77;ЛОЖЬ;37566;None;;;;;;1=CLOSE;;;;;;;Undefined;491;3428;;20.05;15;6;1;Appl;;;;ЛОЖЬ;;;;;;;;;;;;;;;;;;;;;;;;;;;;;
M;522_1021_3;;;;;93FALL805_I (AFTER OOS);;ЛОЖЬ;ЛОЖЬ;;1021;;;;;;;0;;;;2292;ЛОЖЬ;0;;;;;;;0=TRIP;;;;;;;Undefined;;;;;;;;;;;;ЛОЖЬ;ИСТИНА;;;;;;;;;;;;;;;;;;;;;;;;;;;;
DO;93TAH785;;COM;;;HI ALARM;No;ЛОЖЬ;ЛОЖЬ;;388;;;;;;;0;;;;2798;ЛОЖЬ;0;None;;;;;;0=ALARM;0=ALARM;;;;;;Undefined;;;;;;;;;;;;ЛОЖЬ;ИСТИНА;;;;;;;;;;;;;;;;;Output;EPKS_CCB;ESD_932_1;1402;;;;;;;;
DO;93PDAHH881_CA;;COM;930-20;A_C93021;CAUSE ALARM;No;ИСТИНА;ЛОЖЬ;;694;;;;;;;0;;;;1511;ЛОЖЬ;37567;None;;;;;;0=ALARM;;;;;;;Undefined;491;3428;;;;;;;;;;ЛОЖЬ;;;;;;;;;;;;;;;;;;Output;EPKS_CCB;ESD_932_1;650;;;;;;;;
DO;93XY501;;MCC;930-20;A_P93020;AUTO STOP P-9302001BX;Yes;ИСТИНА;ЛОЖЬ;;294;;;;;;;0;;;;137;ИСТИНА;37568;None;;;;;;0=TRIP;;;;;;;Undefined;491;3428;;20.06;7;2;1;Appl;;;;ЛОЖЬ;;;;;;;;;;;;;;;;;;Output;EPKS_CCB;ESD_932_1;1039;;;;;;;;
M;C448_5_C;;;;;Function block marker;;ЛОЖЬ;ЛОЖЬ;;448;;;;;;;0;;;;2678;ЛОЖЬ;0;;;;;;;;;;;;;;Undefined;;;;;;;;;;;;ЛОЖЬ;ИСТИНА;;;;;;;;;;;;;;;;;;;;;;;;;;;;
BO;IB932_ESD1_RT1_B;;COM;930_20;;Start Repair Timer CP1;No;ЛОЖЬ;ЛОЖЬ;;16;;Word;;;;;0;;;;16;;0;;;;;;;;;0;0;;;;-XXXXX.X;;;;;;;;;;;;ЛОЖЬ;ИСТИНА;;;;;;;;;;;;;;;;;Output;EPKS_CCB;ESD_932_1;10300;;;;;;;;
M;1047_2;;;;;;;ЛОЖЬ;ЛОЖЬ;;1047;;;;;;;0;;;;2504;ЛОЖЬ;0;;;;;;;;;;;;;;Undefined;;;;;;;;;;;;ЛОЖЬ;ИСТИНА;;;;;;;;;;;;;;;;;;;;;;;;;;;;
M;C1041_1_H;;;;;Function block marker;;ЛОЖЬ;ЛОЖЬ;;1041;;;;;;;0;;;;2647;ЛОЖЬ;0;;;;;;;;;;;;;;Undefined;;;;;;;;;;;;ЛОЖЬ;ИСТИНА;;;;;;;;;;;;;;;;;;;;;;;;;;;;
M;C358_3_F;;;;;Function block marker;;ЛОЖЬ;ЛОЖЬ;;358;;;;;;;0;;;;3570;ЛОЖЬ;0;;;;;;;;;;;;;;Undefined;;;;;;;;;;;;ЛОЖЬ;ИСТИНА;;;;;;;;;;;;;;;;;;;;;;;;;;;;
DO;93PAL818;;COM;;;LO ALARM;No;ЛОЖЬ;ЛОЖЬ;;535;;;;;;;0;;;;2812;ЛОЖЬ;0;None;;;;;;0=ALARM;0=ALARM;;;;;;Undefined;;;;;;;;;;;;ЛОЖЬ;ИСТИНА;;;;;;;;;;;;;;;;;Output;EPKS_CCB;ESD_932_1;1408;;;;;;;;
M;C710_4_E;;;;;Function block marker;;ЛОЖЬ;ЛОЖЬ;;710;;;;;;;0;;;;4282;ЛОЖЬ;0;;;;;;;;;;;;;;Undefined;;;;;;;;;;;;ЛОЖЬ;ИСТИНА;;;;;;;;;;;;;;;;;;;;;;;;;;;;
DO;93TAHH784_CA;;COM;930-20;A_C93021;CAUSE ALARM;No;ИСТИНА;ЛОЖЬ;;388;;;;;;;0;;;;805;ЛОЖЬ;37569;None;;;;;;0=ALARM;;;;;;;Undefined;491;3428;;;;;;;;;;ЛОЖЬ;;;;;;;;;;;;;;;;;;Output;EPKS_CCB;ESD_932_1;726;;;;;;;;
DI;93VSHH751B;;BNS;930-20;A_C93021;C-9302001AX VIBR CRANK;Yes;ИСТИНА;ЛОЖЬ;;394;;;;;;;;;;;24;ИСТИНА;38404;None;;;;;;0=TRIP;0=TRIP;;;;;;Undefined;;;;20.03;3;1;1;Low;;;;ЛОЖЬ;ИСТИНА;;;ЛОЖЬ;View only;;;;;;;;;;;;;Output;EPKS_CCB;ESD_932_1;1277;;;;;;;;
DO;20_01_SNESD_FLT;;FSC;;;;No;ЛОЖЬ;ЛОЖЬ;;20;;;;;;;0;;;;1429;ЛОЖЬ;0;None;;;;;;0=Fault;;;;;;;Undefined;491;3428;;;;;;;;;;ЛОЖЬ;;;;;;;;;;;;;;;;;;;;;;Output;ESD_001_1;ESD_932_1;11;;;;
M;448_11;;;;;;;ЛОЖЬ;ЛОЖЬ;;448;;;;;;;0;;;;1791;ЛОЖЬ;0;;;;;;;;;;;;;;Undefined;491;3428;;;;;;;;;;ЛОЖЬ;;;;;;;;;;;;;;;;;;;;;;;;;;;;;
DI;93PI776_MOR;;COM;930-20;A_C93021;MO REQUEST;No;ИСТИНА;ИСТИНА;;368;;;;;;;0;;;;2908;ЛОЖЬ;37570;None;;;;;;1=REQUEST;;;;;;;Undefined;491;3428;;;;;;Freeze;;;;ЛОЖЬ;;;;ЛОЖЬ;;;;;;;;;;;;;;Input;EPKS_CCB;ESD_932_1;77;;;;;;;;
DI;93VSHH751_MOR;;COM;930-20;A_C93021;MO REQUEST;No;ЛОЖЬ;ИСТИНА;;394;;;;;;;0;;;;2858;ЛОЖЬ;0;None;;;;;;1=REQUEST;1=REQUEST;;;;;;Undefined;;;;;;;;Freeze;;;;ЛОЖЬ;ИСТИНА;;;ЛОЖЬ;View only;;;;;;;;;;;;;Input;EPKS_CCB;ESD_932_1;23;;;;;;;;
M;C268_5_B;;;;;Function block marker;;ЛОЖЬ;ЛОЖЬ;;268;;;;;;;0;;;;3853;ЛОЖЬ;0;;;;;;;;;;;;;;Undefined;;;;;;;;;;;;ЛОЖЬ;ИСТИНА;;;;;;;;;;;;;;;;;;;;;;;;;;;;
M;544_7;;;;;;;ЛОЖЬ;ЛОЖЬ;;544;;;;;;;0;;;;4111;ЛОЖЬ;0;;;;;;;;;;;;;;Undefined;;;;;;;;;;;;ЛОЖЬ;ИСТИНА;;;;;;;;;;;;;;;;;;;;;;;;;;;;
DO;93LAHH751;;COM;930-20;A_C93021;C9302001AX LEV SEP 1ST;No;ИСТИНА;ЛОЖЬ;;354;;;;;;;0;;;;602;ИСТИНА;37571;None;;;;;;0=TRIP;;;;;;;Undefined;491;3428;;;;;;;;;;ЛОЖЬ;;;;;;;;;;;;;;;;;;Output;EPKS_CCB;ESD_932_1;488;;;;;;;;
DO;93HS709B;;COM;930-20;A_93020;MOS REL AREA 930-20;No;ИСТИНА;ЛОЖЬ;;131;;;;;;;0;;;;723;ИСТИНА;37890;None;;;;;;1=RELEASED;;;;;;;Undefined;491;3428;;;;;;;;;;ЛОЖЬ;;;;;;;;;;;;;;;;;;Output;EPKS_CCB;ESD_932_1;891;;;;;;;;
M;C258_4_F;;;;;Function block marker;;ЛОЖЬ;ЛОЖЬ;;258;;;;;;;0;;;;245;ЛОЖЬ;0;;;;;;;;;;;;;;Undefined;;;;;;;;;;;;ЛОЖЬ;ИСТИНА;;;;;;;;;;;;;;;;;;;;;;;;;;;;
M;C1025_1_I;;;;;Function block marker;;ЛОЖЬ;ЛОЖЬ;;1025;;;;;;;0;;;;2402;ЛОЖЬ;0;;;;;;;;;;;;;;Undefined;;;;;;;;;;;;ЛОЖЬ;ИСТИНА;;;;;;;;;;;;;;;;;;;;;;;;;;;;
T;528_2;;;;;;;ЛОЖЬ;ЛОЖЬ;;528;;;;;;;;100 ms;5;;764;ЛОЖЬ;0;;;;;;;;;;;;;;Undefined;;;Delayed OFF with constant timer value;;;;;;;;;ЛОЖЬ;ИСТИНА;;;;;;;;;;;;;;;;;;;;;;;;;;;;
M;400_2;;;;;;;ЛОЖЬ;ЛОЖЬ;;400;;;;;;;0;;;;882;ЛОЖЬ;0;;;;;;;;;;;;;;Undefined;491;3428;;;;;;;;;;ЛОЖЬ;;;;;;;;;;;;;;;;;;;;;;;;;;;;;
M;1035_2;;;;;;;ЛОЖЬ;ЛОЖЬ;;1035;;;;;;;0;;;;2270;ЛОЖЬ;0;;;;;;;;;;;;;;Undefined;;;;;;;;;;;;ЛОЖЬ;ИСТИНА;;;;;;;;;;;;;;;;;;;;;;;;;;;;
T;232_4;;;;;;;ЛОЖЬ;ЛОЖЬ;;232;;;;;;;;100 ms;5;;1032;ЛОЖЬ;0;;;;;;;;;;;;;;Undefined;;;Delayed OFF with constant timer value;;;;;;;;;ЛОЖЬ;ИСТИНА;;;;;;;;;;;;;;;;;;;;;;;;;;;;
BO;93PI815_H;;COM;;;HI ALARM SETPOINT;No;ЛОЖЬ;ЛОЖЬ;;532;;Float;;;;;0;;;;272;;0;;None;None;None;None;;;;;;;;;-XXXXX.X;;;;;;;;;;;;ЛОЖЬ;ИСТИНА;;;;;;;;;;;;;;;;;Output;EPKS_CCB;ESD_932_1;10413;;;;;;;;
DO;93TAHH818;;COM;930-20;A_C93021;C9302001BX H2O COOL CYL2;No;ИСТИНА;ЛОЖЬ;;556;;;;;;;0;;;;1053;ИСТИНА;37572;None;;;;;;0=TRIP;;;;;;;Undefined;491;3428;;;;;;;;;;ЛОЖЬ;;;;;;;;;;;;;;;;;;Output;EPKS_CCB;ESD_932_1;741;;;;;;;;
M;250_7;;;;;;;ЛОЖЬ;ЛОЖЬ;;250;;;;;;;0;;;;3781;ЛОЖЬ;0;;;;;;;;;;;;;;Undefined;;;;;;;;;;;;ЛОЖЬ;ИСТИНА;;;;;;;;;;;;;;;;;;;;;;;;;;;;
M;448_1011_3;;;;;93HS760_P;;ЛОЖЬ;ЛОЖЬ;;1011;;;;;;;0;;;;2017;ЛОЖЬ;0;;;;;;;1=RESET;;;;;;;Undefined;;;;;;;;;;;;ЛОЖЬ;ИСТИНА;;;;;;;;;;;;;;;;;;;;;;;;;;;;
DO;93PI819_MOC;;COM;930-20;A_C93021;MO CONFIRMED;No;ИСТИНА;ЛОЖЬ;;534;;;;;;;0;;;;1043;ИСТИНА;37573;None;;;;;;1=CONFIRMED;;;;;;;Undefined;491;3428;;;;;;;;;;ЛОЖЬ;;;;;;;;;;;;;;;;;;Output;EPKS_CCB;ESD_932_1;683;;;;;;;;
M;1017_1057_3;;;;;93HS551B_FU_A_I;;ЛОЖЬ;ЛОЖЬ;;1057;;;;;;;0;;;;2660;ЛОЖЬ;0;;;;;;;1=FIRST;;;;;;;Undefined;;;;;;;;;;;;ЛОЖЬ;ИСТИНА;;;;;;;;;;;;;;;;;;;;;;;;;;;;
M;C1045_1_H;;;;;Function block marker;;ЛОЖЬ;ЛОЖЬ;;1045;;;;;;;0;;;;2635;ЛОЖЬ;0;;;;;;;;;;;;;;Undefined;;;;;;;;;;;;ЛОЖЬ;ИСТИНА;;;;;;;;;;;;;;;;;;;;;;;;;;;;
R;C2499_5;;;;;Compiler register (288, 264);;ЛОЖЬ;ЛОЖЬ;;2499;;Float;;;;;0;;;;316;ЛОЖЬ;0;;;;;;;;;;;;;;Undefined;491;3428;;;;;;;;;;ЛОЖЬ;;;;;;;;;;;;;;;;;;;;;;;;;;;;;
M;530_1;;;;;;;ЛОЖЬ;ЛОЖЬ;;530;;;;;;;0;;;;978;ЛОЖЬ;0;;;;;;;;;;;;;;Undefined;491;3428;;;;;;;;;;ЛОЖЬ;;;;;;;;;;;;;;;;;;;;;;;;;;;;;
BO;93FI422_LL;;COM;930-20;A_C93021;LL TRIP SETPOINT (kg/h);No;ИСТИНА;ЛОЖЬ;;246;;Float;;;;;0;;;;572;;38188;;;;;;;;;0;0;;;;-XXXXX.X;491;3428;;;;;;;;;;ЛОЖЬ;;;;;;;;;;;;;;;;;;Output;EPKS_CCB;ESD_932_1;10176;;;;;;;;
DI;93XS926_7_P;;COM;;A_P93020;CW PUMP RUNNING;No;ИСТИНА;ИСТИНА;;350;;;;;;;0;;;;1655;ИСТИНА;37833;None;;;;;;1=RUNNING;;;;;;;Undefined;491;3428;;;;;;High;;;;ЛОЖЬ;;;;ЛОЖЬ;;;;;;;;;;Input;CC_CCB_2;ESD_932_1;24;Output;EPKS_CCB;ESD_932_1;2035;;;;;;;;
BO;93FI855_LL;;COM;930-20;A_C93021;LL TRIP SETPOINT (m3/h);No;ИСТИНА;ЛОЖЬ;;686;;Float;;;;;0;;;;432;;38148;;;;;;;;;0;0;;;;-XXXXX.X;491;3428;;;;;;;;;;ЛОЖЬ;;;;;;;;;;;;;;;;;;Output;EPKS_CCB;ESD_932_1;10186;;;;;;;;
DO;93PAHH819_CA;;COM;930-20;A_C93021;CAUSE ALARM;No;ИСТИНА;ЛОЖЬ;;534;;;;;;;0;;;;1024;ЛОЖЬ;37574;None;;;;;;0=ALARM;;;;;;;Undefined;491;3428;;;;;;;;;;ЛОЖЬ;;;;;;;;;;;;;;;;;;Output;EPKS_CCB;ESD_932_1;588;;;;;;;;
DI;93XSF421;;FLD;;;SHUTTER 93XV421;No;ИСТИНА;ЛОЖЬ;;324;;;;;;;;;;;54;ЛОЖЬ;37710;None;;;;;;1=FAIL;;;;;;;Undefined;;;;20.03;7;15;1;Low;;;;ЛОЖЬ;ИСТИНА;;;ЛОЖЬ;;;;;;;;;;;;;;;;;;;;;;;;;
AI;93TI879;;FLD;;;C-9302001CX TEMP BEAR DE;Yes;ИСТИНА;ЛОЖЬ;;726;ИСТИНА;Float;4-20mA;-50;200;°C;;;;;792;ЛОЖЬ;38504;;None;None;None;None;;;;;;;;;-XXXXX.X;3.76;21;;20.04;17;12;1;Top scale;;;;ЛОЖЬ;ИСТИНА;ЛОЖЬ;;;;;;;;;;;;;;;;Output;EPKS_CCB;ESD_932_1;10369;;;;;;;;
DO;93XY867;;FLD;930-20;A_C93021;C9302001CX  VALVE UNLOAD;Yes;ИСТИНА;ЛОЖЬ;;800;;;;;;;0;;;;41;ИСТИНА;37575;None;;;;;;0=TRIP;;;;;;;Undefined;491;3428;;20.05;9;2;1;Appl;;;;ЛОЖЬ;;;;;;;;;;;;;;;;;;Output;EPKS_CCB;ESD_932_1;1004;;;;;;;;
M;720_782_2;;;;;93TAHH868_I;;ЛОЖЬ;ЛОЖЬ;;782;;;;;;;0;;;;920;ЛОЖЬ;0;;;;;;;0=TRIP INITIATOR;;;;;;;Undefined;491;3428;;;;;;;;;;ЛОЖЬ;;;;;;;;;;;;;;;;;;;;;;;;;;;;;
M;299_3;;;;;;;ЛОЖЬ;ЛОЖЬ;;299;;;;;;;0;;;;1206;ЛОЖЬ;0;;;;;;;;;;;;;;Undefined;491;3428;;;;;;;;;;ЛОЖЬ;;;;;;;;;;;;;;;;;;;;;;;;;;;;;
M;538_166_2;;;;;93PT826;;ЛОЖЬ;ЛОЖЬ;;166;;;;;;;0;;;;318;ЛОЖЬ;0;;;;;;;1=MO CONFIRMED;;;;;;;Undefined;;;;;;;;;;;;ЛОЖЬ;ИСТИНА;;;;;;;;;;;;;;;;;;;;;;;;;;;;
M;C254_6_E;;;;;Function block marker;;ЛОЖЬ;ЛОЖЬ;;254;;;;;;;0;;;;3893;ЛОЖЬ;0;;;;;;;;;;;;;;Undefined;;;;;;;;;;;;ЛОЖЬ;ИСТИНА;;;;;;;;;;;;;;;;;;;;;;;;;;;;
M;694_1041_2;;;;;93PDAHH881_I;;ЛОЖЬ;ЛОЖЬ;;1041;;;;;;;0;;;;2536;ЛОЖЬ;0;;;;;;;0=TRIP INITIATOR;;;;;;;Undefined;;;;;;;;;;;;ЛОЖЬ;ИСТИНА;;;;;;;;;;;;;;;;;;;;;;;;;;;;
M;370_7;;;;;;;ЛОЖЬ;ЛОЖЬ;;370;;;;;;;0;;;;3985;ЛОЖЬ;0;;;;;;;;;;;;;;Undefined;;;;;;;;;;;;ЛОЖЬ;ИСТИНА;;;;;;;;;;;;;;;;;;;;;;;;;;;;
BO;93LI853_HH;;COM;930-20;A_C93021;HH TRIP SETPOINT (%);No;ИСТИНА;ЛОЖЬ;;690;;Float;;;;;0;;;;440;;38149;;;;;;;;;0;0;;;;-XXXXX.X;491;3428;;;;;;;;;;ЛОЖЬ;;;;;;;;;;;;;;;;;;Output;EPKS_CCB;ESD_932_1;10209;;;;;;;;
DO;93VSHH801_MOC;;COM;930-20;A_C93021;MO CONFIRMED;No;ЛОЖЬ;ЛОЖЬ;;564;;;;;;;0;;;;3669;ИСТИНА;38403;None;;;;;;1=CONFIRMED;1=CONFIRMED;;;;;;Undefined;;;;;;;;;;;;ЛОЖЬ;ИСТИНА;;;;;;;;;;;;;;;;;Output;EPKS_CCB;ESD_932_1;1285;;;;;;;;
T;294_2;;;930-20;;;;ЛОЖЬ;ЛОЖЬ;;294;;;;;;;;100 ms;5;;144;ЛОЖЬ;0;;;;;;;;;;;;;;Undefined;491;3428;Delayed OFF with constant timer value;;;;;;;;;ЛОЖЬ;;;;;;;;;;;;;;;;;;;;;;;;;;;;;
M;352_4;;;;;;;ЛОЖЬ;ЛОЖЬ;;352;;;;;;;0;;;;3623;ЛОЖЬ;0;;;;;;;;;;;;;;Undefined;;;;;;;;;;;;ЛОЖЬ;ИСТИНА;;;;;;;;;;;;;;;;;;;;;;;;;;;;
DO;93FI018_MOC;;COM;930-20;A_93020;MO CONFIRMED;No;ИСТИНА;ЛОЖЬ;;314;;;;;;;0;;;;1721;ИСТИНА;37715;None;;;;;;1=CONFIRMED;;;;;;;Undefined;491;3428;;;;;;;;;;ЛОЖЬ;;;;;;;;;;;;;;;;;;Output;EPKS_CCB;ESD_932_1;603;;;;;;;;
M;1035_1057_2;;;;;93HS551A_FU_B_I;;ЛОЖЬ;ЛОЖЬ;;1057;;;;;;;0;;;;2661;ЛОЖЬ;0;;;;;;;1=FIRST;;;;;;;Undefined;;;;;;;;;;;;ЛОЖЬ;ИСТИНА;;;;;;;;;;;;;;;;;;;;;;;;;;;;
M;C720_6_G;;;;;Function block marker;;ЛОЖЬ;ЛОЖЬ;;720;;;;;;;0;;;;4251;ЛОЖЬ;0;;;;;;;;;;;;;;Undefined;;;;;;;;;;;;ЛОЖЬ;ИСТИНА;;;;;;;;;;;;;;;;;;;;;;;;;;;;
DI;ACK;;COM;930-20;A_93020;ACKNOWLEDGE;No;ИСТИНА;ИСТИНА;;2480;;;;;;;0;;;;2993;ЛОЖЬ;37772;None;;;;;;1=ON;;;;;;;Undefined;491;3428;;;;;;Low;;;;ЛОЖЬ;;;;ЛОЖЬ;;;;;;;;;;;;;;Input;EPKS_CCB;ESD_932_1;162;;;;;;;;
R;532_533_4;;;;;93PI814;;ЛОЖЬ;ЛОЖЬ;;533;;Float;;;;;0;;;;2156;ЛОЖЬ;0;;;;;;;;;;;;;;Undefined;;;;;;;;;;;;ЛОЖЬ;ИСТИНА;;;;;;;;;;;;;;;;;;;;;;;;;;;;
DO;93TI887_MOC;;COM;930-20;A_C93021;MO CONFIRMED;No;ИСТИНА;ЛОЖЬ;;562;;;;;;;0;;;;1182;ИСТИНА;37576;None;;;;;;1=CONFIRMED;;;;;;;Undefined;491;3428;;;;;;;;;;ЛОЖЬ;;;;;;;;;;;;;;;;;;Output;EPKS_CCB;ESD_932_1;849;;;;;;;;
M;707_815_2;;;;;93TAL858_PERM;;ЛОЖЬ;ЛОЖЬ;;815;;;;;;;0;;;;4170;ЛОЖЬ;0;;;;;;;0=ALARM;;;;;;;Undefined;;;;;;;;;;;;ЛОЖЬ;ИСТИНА;;;;;;;;;;;;;;;;;;;;;;;;;;;;
DO;93PDI881_MOC;;COM;930-20;A_C93021;MO CONFIRMED;No;ИСТИНА;ЛОЖЬ;;694;;;;;;;0;;;;1476;ИСТИНА;37577;None;;;;;;1=CONFIRMED;;;;;;;Undefined;491;3428;;;;;;;;;;ЛОЖЬ;;;;;;;;;;;;;;;;;;Output;EPKS_CCB;ESD_932_1;661;;;;;;;;
M;798_9;;;;;;;ЛОЖЬ;ЛОЖЬ;;798;;;;;;;0;;;;1551;ЛОЖЬ;0;;;;;;;;;;;;;;Undefined;491;3428;;;;;;;;;;ЛОЖЬ;;;;;;;;;;;;;;;;;;;;;;;;;;;;;
M;697_815_1;;;;;93PAL865_PERM;;ЛОЖЬ;ЛОЖЬ;;815;;;;;;;0;;;;4146;ЛОЖЬ;0;;;;;;;0=ALARM;;;;;;;Undefined;;;;;;;;;;;;ЛОЖЬ;ИСТИНА;;;;;;;;;;;;;;;;;;;;;;;;;;;;
AI;93FI854;;FLD;930-20;A_C93021;C9302001CX COOL H2O CYL1;Yes;ИСТИНА;ЛОЖЬ;;684;ИСТИНА;Float;4-20mA;0;3.5;m3/h;;;;;476;ЛОЖЬ;37757;;None;None;None;None;;;;-0.875;-0.875;;;;-XXXXX.X;3.64;22;;20.04;11;1;1;Top scale;;;;ЛОЖЬ;;ЛОЖЬ;;;;;;;;;;;;;;;;Output;EPKS_CCB;ESD_932_1;10080;;;;;;;;
M;C384_5_G;;;;;Function block marker;;ЛОЖЬ;ЛОЖЬ;;384;;;;;;;0;;;;4567;ЛОЖЬ;0;;;;;;;;;;;;;;Undefined;;;;;;;;;;;;ЛОЖЬ;ИСТИНА;;;;;;;;;;;;;;;;;;;;;;;;;;;;
DO;93LAHH803_FU;;COM;930-20;A_C93021;C9302001BX LEV SEP 2ND;No;ИСТИНА;ЛОЖЬ;;1021;;;;;;;0;;;;2334;ЛОЖЬ;38256;None;;;;;;1=FIRST;;;;;;;Undefined;;;;;;;;;;;;ЛОЖЬ;ИСТИНА;;;;;;;;;;;;;;;;;Output;EPKS_CCB;ESD_932_1;1097;;;;;;;;
DO;93LI438_MOC;;COM;930-20;A_93020;MO CONFIRMED;No;ИСТИНА;ЛОЖЬ;;290;;;;;;;0;;;;488;ИСТИНА;37579;None;;;;;;1=CONFIRMED;;;;;;;Undefined;491;3428;;;;;;;;;;ЛОЖЬ;;;;;;;;;;;;;;;;;;Output;EPKS_CCB;ESD_932_1;563;;;;;;;;
T;400_3;;;;;;;ЛОЖЬ;ЛОЖЬ;;400;;;;;;;;100 ms;5;;1272;ЛОЖЬ;0;;;;;;;;;;;;;;Undefined;;;Delayed OFF with constant timer value;;;;;;;;;ЛОЖЬ;ИСТИНА;;;;;;;;;;;;;;;;;;;;;;;;;;;;
AI;93PI815;;FLD;;;C9302001BX PROC GAS CYL1;Yes;ИСТИНА;ЛОЖЬ;;532;ИСТИНА;Float;4-20mA;0;100;kPa;;;;;688;ЛОЖЬ;38503;;None;None;None;None;;;;;;;;;-XXXXX.X;3.64;22;;20.03;17;3;1;Top scale;;;;ЛОЖЬ;ИСТИНА;ЛОЖЬ;;;;;;;;;;;;;;;;Output;EPKS_CCB;ESD_932_1;10347;;;;;;;;
M;C382_3_G;;;;;Function block marker;;ЛОЖЬ;ЛОЖЬ;;382;;;;;;;0;;;;3532;ЛОЖЬ;0;;;;;;;;;;;;;;Undefined;;;;;;;;;;;;ЛОЖЬ;ИСТИНА;;;;;;;;;;;;;;;;;;;;;;;;;;;;
M;699_815_1;;;;;93PAL868_PERM;;ЛОЖЬ;ЛОЖЬ;;815;;;;;;;0;;;;4155;ЛОЖЬ;0;;;;;;;0=ALARM;;;;;;;Undefined;;;;;;;;;;;;ЛОЖЬ;ИСТИНА;;;;;;;;;;;;;;;;;;;;;;;;;;;;
BO;93LI753_HH;;COM;930-20;A_C93021;HH TRIP SETPOINT (%);No;ИСТИНА;ЛОЖЬ;;356;;Float;;;;;0;;;;532;;38193;;;;;;;;;0;0;;;;-XXXXX.X;491;3428;;;;;;;;;;ЛОЖЬ;;;;;;;;;;;;;;;;;;Output;EPKS_CCB;ESD_932_1;10205;;;;;;;;
DO;93PI783_TF;;COM;;;TRANSM FAULT;No;ЛОЖЬ;ЛОЖЬ;;370;;;;;;;0;;;;407;ИСТИНА;38502;None;;;;;;0=ALARM;0=ALARM;;;;;;Undefined;;;;;;;;;;;;ЛОЖЬ;ИСТИНА;;;;;;;;;;;;;;;;;Output;EPKS_CCB;ESD_932_1;1329;;;;;;;;
M;1053_9;;;;;;;ЛОЖЬ;ЛОЖЬ;;1053;;;;;;;0;;;;2470;ЛОЖЬ;0;;;;;;;;;;;;;;Undefined;;;;;;;;;;;;ЛОЖЬ;ИСТИНА;;;;;;;;;;;;;;;;;;;;;;;;;;;;
M;1045_6;;;;;;;ЛОЖЬ;ЛОЖЬ;;1045;;;;;;;0;;;;2500;ЛОЖЬ;0;;;;;;;;;;;;;;Undefined;;;;;;;;;;;;ЛОЖЬ;ИСТИНА;;;;;;;;;;;;;;;;;;;;;;;;;;;;
M;2456_J;;;;;Trip 10;;ЛОЖЬ;ЛОЖЬ;;2456;;;;;;;0;;;;113;ЛОЖЬ;0;;;;;;;;;;;;;;Undefined;491;3428;;;;;;;;;;ЛОЖЬ;;;;;;;;;;;;;;;;;;;;;;;;;;;;;
DI;93XSC416;;FLD;;;SHUTTER 93XV416;No;ИСТИНА;ЛОЖЬ;;322;;;;;;;;;;;68;ЛОЖЬ;37495;None;;;;;;1=CLOSE;;;;;;;Undefined;;;;20.03;9;13;1;Low;;;;ЛОЖЬ;ИСТИНА;;;ЛОЖЬ;;;;;;;;;;;;;;;;;;;;;;;;;
M;C540_4_B;;;;;Function block marker;;ЛОЖЬ;ЛОЖЬ;;540;;;;;;;0;;;;4445;ЛОЖЬ;0;;;;;;;;;;;;;;Undefined;;;;;;;;;;;;ЛОЖЬ;ИСТИНА;;;;;;;;;;;;;;;;;;;;;;;;;;;;
M;C686_3_B;;;;;Function block marker;;ЛОЖЬ;ЛОЖЬ;;686;;;;;;;0;;;;4366;ЛОЖЬ;0;;;;;;;;;;;;;;Undefined;;;;;;;;;;;;ЛОЖЬ;ИСТИНА;;;;;;;;;;;;;;;;;;;;;;;;;;;;
M;C528_4_B;;;;;Function block marker;;ЛОЖЬ;ЛОЖЬ;;528;;;;;;;0;;;;4491;ЛОЖЬ;0;;;;;;;;;;;;;;Undefined;;;;;;;;;;;;ЛОЖЬ;ИСТИНА;;;;;;;;;;;;;;;;;;;;;;;;;;;;
M;C1005_1_L;;;;;Function block marker;;ЛОЖЬ;ЛОЖЬ;;1005;;;;;;;0;;;;2459;ЛОЖЬ;0;;;;;;;;;;;;;;Undefined;;;;;;;;;;;;ЛОЖЬ;ИСТИНА;;;;;;;;;;;;;;;;;;;;;;;;;;;;
T;376_3;;;;;;;ЛОЖЬ;ЛОЖЬ;;376;;;;;;;;100 ms;5;;892;ЛОЖЬ;0;;;;;;;;;;;;;;Undefined;;;Delayed OFF with constant timer value;;;;;;;;;ЛОЖЬ;ИСТИНА;;;;;;;;;;;;;;;;;;;;;;;;;;;;
M;318_150_1;;;;;93FT025;;ЛОЖЬ;ЛОЖЬ;;150;;;;;;;0;;;;1750;ЛОЖЬ;0;;;;;;;1=MO CONFIRMED;;;;;;;Undefined;491;3428;;;;;;;;;;ЛОЖЬ;;;;;;;;;;;;;;;;;;;;;;;;;;;;;
M;C284_6_G;;;;;Function block marker;;ЛОЖЬ;ЛОЖЬ;;284;;;;;;;0;;;;3832;ЛОЖЬ;0;;;;;;;;;;;;;;Undefined;;;;;;;;;;;;ЛОЖЬ;ИСТИНА;;;;;;;;;;;;;;;;;;;;;;;;;;;;
M;1321_1317_1;;;930-20;A_93020;COMMON_TF;;ЛОЖЬ;ЛОЖЬ;;1317;;;;;;;0;;;;4211;ЛОЖЬ;0;;;;;;;0=ALARM;;;;;;;Undefined;;;;;;;;;;;;ЛОЖЬ;ИСТИНА;;;;;;;;;;;;;;;;;;;;;;;;;;;;
DI;93HS551A1;;FLD;930-20;A_93020;STOP BTN 2LCSA1;Yes;ИСТИНА;ЛОЖЬ;;300;;;;;;;;;;;43;ИСТИНА;37580;None;;;;;;0=TRIP;;;;;;;Undefined;491;3428;;20.03;5;4;1;Low;;;;ЛОЖЬ;;;;ЛОЖЬ;;;;;;;;;;;;;;Output;EPKS_CCB;ESD_932_1;953;;;;;;;;
DO;93TI811_TF;;COM;930-20;A_C93021;TRANSM. FAIL;No;ИСТИНА;ЛОЖЬ;;550;;;;;;;0;;;;1110;ИСТИНА;37581;None;;;;;;0=FAIL;;;;;;;Undefined;491;3428;;;;;;;;;;ЛОЖЬ;;;;;;;;;;;;;;;;;;Output;EPKS_CCB;ESD_932_1;816;;;;;;;;
M;C266_6_F;;;;;Function block marker;;ЛОЖЬ;ЛОЖЬ;;266;;;;;;;0;;;;3864;ЛОЖЬ;0;;;;;;;;;;;;;;Undefined;;;;;;;;;;;;ЛОЖЬ;ИСТИНА;;;;;;;;;;;;;;;;;;;;;;;;;;;;
DO;93PALL769_FU;;COM;930-20;A_C93021;C9302001AX PRS GAS CYL2;No;ИСТИНА;ЛОЖЬ;;1005;;;;;;;0;;;;2196;ЛОЖЬ;38222;None;;;;;;1=FIRST;;;;;;;Undefined;;;;;;;;;;;;ЛОЖЬ;ИСТИНА;;;;;;;;;;;;;;;;;Output;EPKS_CCB;ESD_932_1;1063;;;;;;;;
T;284_8;;;;;;;ЛОЖЬ;ЛОЖЬ;;284;;;;;;;;100 ms;10;;1200;ЛОЖЬ;0;;;;;;;;;;;;;;Undefined;;;Delayed OFF with constant timer value;;;;;;;;;ЛОЖЬ;ИСТИНА;;;;;;;;;;;;;;;;;;;;;;;;;;;;
M;C448_2_C;;;;;Function block marker;;ЛОЖЬ;ЛОЖЬ;;448;;;;;;;0;;;;1860;ЛОЖЬ;0;;;;;;;;;;;;;;Undefined;491;3428;;;;;;;;;;ЛОЖЬ;;;;;;;;;;;;;;;;;;;;;;;;;;;;;
DO;93PDAHH830_FU;;COM;930-20;A_C93021;C9302001BX DPRS GAS CYL1;No;ИСТИНА;ЛОЖЬ;;1021;;;;;;;0;;;;2335;ЛОЖЬ;38257;None;;;;;;1=FIRST;;;;;;;Undefined;;;;;;;;;;;;ЛОЖЬ;ИСТИНА;;;;;;;;;;;;;;;;;Output;EPKS_CCB;ESD_932_1;1098;;;;;;;;
DO;93TAHH811;;COM;930-20;A_C93021;C9302001BX TMP GAS CYL1;No;ИСТИНА;ЛОЖЬ;;550;;;;;;;0;;;;1146;ИСТИНА;37582;None;;;;;;0=TRIP;;;;;;;Undefined;491;3428;;;;;;;;;;ЛОЖЬ;;;;;;;;;;;;;;;;;;Output;EPKS_CCB;ESD_932_1;735;;;;;;;;
C;432_1;;;;;;;ЛОЖЬ;ЛОЖЬ;;432;;;;;;;0;;;1;0;ЛОЖЬ;0;;;;;;;;;;;;;;Undefined;491;3428;;;;;;;;;;ЛОЖЬ;;;;;;;;;;;;;;;;;;;;;;;;;;;;;
DO;93PDTHH879_CA;;COM;;;CAUSE ALARM;No;ЛОЖЬ;ЛОЖЬ;;692;;;;;;;0;;;;3358;ЛОЖЬ;0;None;;;;;;0=ALARM;0=ALARM;;;;;;Undefined;;;;;;;;;;;;ЛОЖЬ;ИСТИНА;;;;;;;;;;;;;;;;;Output;EPKS_CCB;ESD_932_1;1253;;;;;;;;
M;C358_4_E;;;;;Function block marker;;ЛОЖЬ;ЛОЖЬ;;358;;;;;;;0;;;;4643;ЛОЖЬ;0;;;;;;;;;;;;;;Undefined;;;;;;;;;;;;ЛОЖЬ;ИСТИНА;;;;;;;;;;;;;;;;;;;;;;;;;;;;
M;C318_4_B;;;;;Function block marker;;ЛОЖЬ;ЛОЖЬ;;318;;;;;;;0;;;;4671;ЛОЖЬ;0;;;;;;;;;;;;;;Undefined;;;;;;;;;;;;ЛОЖЬ;ИСТИНА;;;;;;;;;;;;;;;;;;;;;;;;;;;;
M;1049_5;;;;;;;ЛОЖЬ;ЛОЖЬ;;1049;;;;;;;0;;;;2514;ЛОЖЬ;0;;;;;;;;;;;;;;Undefined;;;;;;;;;;;;ЛОЖЬ;ИСТИНА;;;;;;;;;;;;;;;;;;;;;;;;;;;;
M;298_1;;;;;;;ЛОЖЬ;ЛОЖЬ;;298;;;;;;;0;;;;223;ЛОЖЬ;0;;;;;;;;;;;;;;Undefined;491;3428;;;;;;;;;;ЛОЖЬ;;;;;;;;;;;;;;;;;;;;;;;;;;;;;
M;C372_5_G;;;;;Function block marker;;ЛОЖЬ;ЛОЖЬ;;372;;;;;;;0;;;;4593;ЛОЖЬ;0;;;;;;;;;;;;;;Undefined;;;;;;;;;;;;ЛОЖЬ;ИСТИНА;;;;;;;;;;;;;;;;;;;;;;;;;;;;
M;C254_7_G;;;;;Function block marker;;ЛОЖЬ;ЛОЖЬ;;254;;;;;;;0;;;;3898;ЛОЖЬ;0;;;;;;;;;;;;;;Undefined;;;;;;;;;;;;ЛОЖЬ;ИСТИНА;;;;;;;;;;;;;;;;;;;;;;;;;;;;
DI;93LI434_MOR;;COM;930-20;A_93020;MO REQUEST;No;ИСТИНА;ИСТИНА;;284;;;;;;;0;;;;2877;ЛОЖЬ;37583;None;;;;;;1=REQUEST;;;;;;;Undefined;491;3428;;;;;;Freeze;;;;ЛОЖЬ;;;;ЛОЖЬ;;;;;;;;;;;;;;Input;EPKS_CCB;ESD_932_1;46;;;;;;;;
M;314_2;;;;;;;ЛОЖЬ;ЛОЖЬ;;314;;;;;;;0;;;;1719;ЛОЖЬ;0;;;;;;;;;;;;;;Undefined;491;3428;;;;;;;;;;ЛОЖЬ;;;;;;;;;;;;;;;;;;;;;;;;;;;;;
M;696_1041_2;;;;;93PAHH864_I;;ЛОЖЬ;ЛОЖЬ;;1041;;;;;;;0;;;;2537;ЛОЖЬ;0;;;;;;;0=TRIP INITIATOR;;;;;;;Undefined;;;;;;;;;;;;ЛОЖЬ;ИСТИНА;;;;;;;;;;;;;;;;;;;;;;;;;;;;
T;240_1;;;930-20;;;;ЛОЖЬ;ЛОЖЬ;;240;;;;;;;;100 ms;5;;40;ЛОЖЬ;0;;;;;;;;;;;;;;Undefined;491;3428;Delayed OFF with constant timer value;;;;;;;;;ЛОЖЬ;;;;;;;;;;;;;;;;;;;;;;;;;;;;;
M;C264_6_G;;;;;Function block marker;;ЛОЖЬ;ЛОЖЬ;;264;;;;;;;0;;;;3874;ЛОЖЬ;0;;;;;;;;;;;;;;Undefined;;;;;;;;;;;;ЛОЖЬ;ИСТИНА;;;;;;;;;;;;;;;;;;;;;;;;;;;;
M;C392_5_G;;;;;Function block marker;;ЛОЖЬ;ЛОЖЬ;;392;;;;;;;0;;;;4539;ЛОЖЬ;0;;;;;;;;;;;;;;Undefined;;;;;;;;;;;;ЛОЖЬ;ИСТИНА;;;;;;;;;;;;;;;;;;;;;;;;;;;;
DO;93TAHH483_CA;;COM;930-20;A_93020;CAUSE ALARM;No;ИСТИНА;ЛОЖЬ;;232;;;;;;;0;;;;210;ЛОЖЬ;37584;None;;;;;;0=ALARM;;;;;;;Undefined;491;3428;;;;;;;;;;ЛОЖЬ;;;;;;;;;;;;;;;;;;Output;EPKS_CCB;ESD_932_1;706;;;;;;;;
M;448_1007_1;;;;;93HS760_P;;ЛОЖЬ;ЛОЖЬ;;1007;;;;;;;0;;;;98;ЛОЖЬ;0;;;;;;;1=RESET;;;;;;;Undefined;;;;;;;;;;;;ЛОЖЬ;ИСТИНА;;;;;;;;;;;;;;;;;;;;;;;;;;;;
M;546_3;;;;;;;ЛОЖЬ;ЛОЖЬ;;546;;;;;;;0;;;;1132;ЛОЖЬ;0;;;;;;;;;;;;;;Undefined;491;3428;;;;;;;;;;ЛОЖЬ;;;;;;;;;;;;;;;;;;;;;;;;;;;;;
DI;93ZSLL853;;FLD;930-20;A_93020;C-9302001CX LOCKING DEV;Yes;ИСТИНА;ЛОЖЬ;;299;;;;;;;;;;;65;ИСТИНА;37585;None;;;;;;0=TRIP;;;;;;;Undefined;491;3428;;20.03;9;10;1;Low;;;;ЛОЖЬ;;;;ЛОЖЬ;;;;;;;;;;;;;;Output;EPKS_CCB;ESD_932_1;967;;;;;;;;
M;246_150_1;;;;;93FT422;;ЛОЖЬ;ЛОЖЬ;;150;;;;;;;0;;;;276;ЛОЖЬ;0;;;;;;;1=MO CONFIRMED;;;;;;;Undefined;491;3428;;;;;;;;;;ЛОЖЬ;;;;;;;;;;;;;;;;;;;;;;;;;;;;;
M;C268_7_E;;;;;Function block marker;;ЛОЖЬ;ЛОЖЬ;;268;;;;;;;0;;;;3857;ЛОЖЬ;0;;;;;;;;;;;;;;Undefined;;;;;;;;;;;;ЛОЖЬ;ИСТИНА;;;;;;;;;;;;;;;;;;;;;;;;;;;;
M;C258_3_G;;;;;Function block marker;;ЛОЖЬ;ЛОЖЬ;;258;;;;;;;0;;;;3622;ЛОЖЬ;0;;;;;;;;;;;;;;Undefined;;;;;;;;;;;;ЛОЖЬ;ИСТИНА;;;;;;;;;;;;;;;;;;;;;;;;;;;;
DI;93FI855_MOR;;COM;930-20;A_C93021;MO REQUEST;No;ИСТИНА;ИСТИНА;;686;;;;;;;0;;;;2849;ЛОЖЬ;37586;None;;;;;;1=REQUEST;;;;;;;Undefined;491;3428;;;;;;Freeze;;;;ЛОЖЬ;;;;ЛОЖЬ;;;;;;;;;;;;;;Input;EPKS_CCB;ESD_932_1;18;;;;;;;;
T;236_7;;;;;;;ЛОЖЬ;ЛОЖЬ;;236;;;;;;;;100 ms;5;;1132;ЛОЖЬ;0;;;;;;;;;;;;;;Undefined;;;Delayed OFF with constant timer value;;;;;;;;;ЛОЖЬ;ИСТИНА;;;;;;;;;;;;;;;;;;;;;;;;;;;;
M;C704_5_G;;;;;Function block marker;;ЛОЖЬ;ЛОЖЬ;;704;;;;;;;0;;;;4296;ЛОЖЬ;0;;;;;;;;;;;;;;Undefined;;;;;;;;;;;;ЛОЖЬ;ИСТИНА;;;;;;;;;;;;;;;;;;;;;;;;;;;;
DO;93XY114_C;;COM;;;;No;ИСТИНА;ЛОЖЬ;;318;;;;;;;0;;;;67;ИСТИНА;37997;None;;;;;;0=TRIP;;;;;;;Undefined;;;;;;;;;;;;ЛОЖЬ;ИСТИНА;;;;;;;;;;;;;;;;;Output;EPKS_CCB;ESD_932_1;986;;;;;;;;
DO;93LAHH426_CA;;COM;;;CAUSE ALARM;No;ЛОЖЬ;ЛОЖЬ;;276;;;;;;;0;;;;3349;ЛОЖЬ;0;None;;;;;;0=ALARM;0=ALARM;;;;;;Undefined;;;;;;;;;;;;ЛОЖЬ;ИСТИНА;;;;;;;;;;;;;;;;;Output;EPKS_CCB;ESD_932_1;1244;;;;;;;;
DO;93TI829_TF;;COM;;;TRANSM FAULT;No;ЛОЖЬ;ЛОЖЬ;;562;;;;;;;0;;;;577;ИСТИНА;38501;None;;;;;;0=ALARM;0=ALARM;;;;;;Undefined;;;;;;;;;;;;ЛОЖЬ;ИСТИНА;;;;;;;;;;;;;;;;;Output;EPKS_CCB;ESD_932_1;1348;;;;;;;;
M;300_430_1;;;;;93-I-553 GROUP STOP BUTTON;;ЛОЖЬ;ЛОЖЬ;;430;;;;;;;0;;;;771;ЛОЖЬ;0;;;;;;;0=TRIP;;;;;;;Undefined;491;3428;;;;;;;;;;ЛОЖЬ;;;;;;;;;;;;;;;;;;;;;;;;;;;;;
M;560_9;;;;;;;ЛОЖЬ;ЛОЖЬ;;560;;;;;;;0;;;;4080;ЛОЖЬ;0;;;;;;;;;;;;;;Undefined;;;;;;;;;;;;ЛОЖЬ;ИСТИНА;;;;;;;;;;;;;;;;;;;;;;;;;;;;
M;C2490_2;;;;;Compiler marker (176, 187);;ЛОЖЬ;ЛОЖЬ;;2490;;;;;;;0;;;;1858;ЛОЖЬ;0;;;;;;;;;;;;;;Undefined;491;3428;;;;;;;;;;ЛОЖЬ;;;;;;;;;;;;;;;;;;;;;;;;;;;;;
M;C448_1_D;;;;;Function block marker;;ЛОЖЬ;ЛОЖЬ;;448;;;;;;;0;;;;1864;ЛОЖЬ;0;;;;;;;;;;;;;;Undefined;491;3428;;;;;;;;;;ЛОЖЬ;;;;;;;;;;;;;;;;;;;;;;;;;;;;;
M;C230_4_C;;;;;Function block marker;;ЛОЖЬ;ЛОЖЬ;;230;;;;;;;0;;;;3979;ЛОЖЬ;0;;;;;;;;;;;;;;Undefined;;;;;;;;;;;;ЛОЖЬ;ИСТИНА;;;;;;;;;;;;;;;;;;;;;;;;;;;;
DO;93HS801B_B0_IN_P;;COM;930-20;A_93020;CAP CTRL BIT 0;No;ИСТИНА;ЛОЖЬ;;642;;;;;;;0;;;;1903;ЛОЖЬ;37998;None;;;;;;1=ACTIVE;;;;;;;Undefined;491;3428;;;;;;;;;;ЛОЖЬ;;;;;;;;;;;;;;Output;CC_CCB_2;ESD_932_1;60;;;;;;;;;;;;
DO;93TAHH987_CA;;COM;930-20;A_93020;CAUSE ALARM;No;ИСТИНА;ЛОЖЬ;;292;;;;;;;0;;;;194;ЛОЖЬ;37587;None;;;;;;0=ALARM;;;;;;;Undefined;491;3428;;;;;;;;;;ЛОЖЬ;;;;;;;;;;;;;;;;;;Output;EPKS_CCB;ESD_932_1;782;;;;;;;;
M;686_8;;;;;;;ЛОЖЬ;ЛОЖЬ;;686;;;;;;;0;;;;4130;ЛОЖЬ;0;;;;;;;;;;;;;;Undefined;;;;;;;;;;;;ЛОЖЬ;ИСТИНА;;;;;;;;;;;;;;;;;;;;;;;;;;;;
M;392_7;;;;;;;ЛОЖЬ;ЛОЖЬ;;392;;;;;;;0;;;;4005;ЛОЖЬ;0;;;;;;;;;;;;;;Undefined;;;;;;;;;;;;ЛОЖЬ;ИСТИНА;;;;;;;;;;;;;;;;;;;;;;;;;;;;
M;278_2;;;;;;;ЛОЖЬ;ЛОЖЬ;;278;;;;;;;0;;;;537;ЛОЖЬ;0;;;;;;;;;;;;;;Undefined;491;3428;;;;;;;;;;ЛОЖЬ;;;;;;;;;;;;;;;;;;;;;;;;;;;;;
M;1329_1327_1;;;930-20;A_93020;COMMON_TF;;ЛОЖЬ;ЛОЖЬ;;1327;;;;;;;0;;;;97;ЛОЖЬ;0;;;;;;;0=ALARM;;;;;;;Undefined;;;;;;;;;;;;ЛОЖЬ;ИСТИНА;;;;;;;;;;;;;;;;;;;;;;;;;;;;
DO;93PALL477_CA;;COM;930-20;A_93020;CAUSE ALARM;No;ИСТИНА;ЛОЖЬ;;242;;;;;;;0;;;;274;ЛОЖЬ;37588;None;;;;;;0=ALARM;;;;;;;Undefined;491;3428;;;;;;;;;;ЛОЖЬ;;;;;;;;;;;;;;;;;;Output;EPKS_CCB;ESD_932_1;611;;;;;;;;
AI;93LI752A;;FLD;;;C-9302001AX LEVEL 1ST ST;Yes;ИСТИНА;ЛОЖЬ;;354;ИСТИНА;Float;4-20mA;0;100;%;;;;;828;ЛОЖЬ;38500;;None;None;None;None;;;;;;;;;-XXXXX.X;3.64;22;;20.05;11;4;1;Top scale;;;;ЛОЖЬ;ИСТИНА;ЛОЖЬ;;;;;;;;;;;;;;;;Output;EPKS_CCB;ESD_932_1;10376;;;;;;;;
M;540_8;;;;;;;ЛОЖЬ;ЛОЖЬ;;540;;;;;;;0;;;;4066;ЛОЖЬ;0;;;;;;;;;;;;;;Undefined;;;;;;;;;;;;ЛОЖЬ;ИСТИНА;;;;;;;;;;;;;;;;;;;;;;;;;;;;
AI;93PI821;;FLD;930-20;A_C93021;C9302001BX PROC GAS CYL2;Yes;ИСТИНА;ЛОЖЬ;;536;ИСТИНА;Float;4-20mA;0;1.6;MPa-g;;;;;432;ЛОЖЬ;37925;;None;None;None;None;;;;-0.4;-0.4;;;;-XXXXX.X;3.64;22;;20.04;9;7;1;Bottom scale;;;;ЛОЖЬ;;ЛОЖЬ;;;;;;;;;;;;;;;;Output;EPKS_CCB;ESD_932_1;10120;;;;;;;;
M;1021_4;;;;;;;ЛОЖЬ;ЛОЖЬ;;1021;;;;;;;0;;;;2230;ЛОЖЬ;0;;;;;;;;;;;;;;Undefined;;;;;;;;;;;;ЛОЖЬ;ИСТИНА;;;;;;;;;;;;;;;;;;;;;;;;;;;;
BO;93TI766_H;;COM;;;HI ALARM SETPOINT;No;ЛОЖЬ;ЛОЖЬ;;384;;Float;;;;;0;;;;248;;0;;None;None;None;None;;;;;;;;;-XXXXX.X;;;;;;;;;;;;ЛОЖЬ;ИСТИНА;;;;;;;;;;;;;;;;;Output;EPKS_CCB;ESD_932_1;10407;;;;;;;;
R;2457_D;;;;;Input 4;;ЛОЖЬ;ЛОЖЬ;;2457;;Float;;;;;0;;;;112;ЛОЖЬ;0;;;;;;;;;;;;;;Undefined;491;3428;;;;;;;;;;ЛОЖЬ;;;;;;;;;;;;;;;;;;;;;;;;;;;;;
M;C1013_2_L;;;;;Function block marker;;ЛОЖЬ;ЛОЖЬ;;1013;;;;;;;0;;;;3719;ЛОЖЬ;0;;;;;;;;;;;;;;Undefined;;;;;;;;;;;;ЛОЖЬ;ИСТИНА;;;;;;;;;;;;;;;;;;;;;;;;;;;;
M;C244_6_G;;;;;Function block marker;;ЛОЖЬ;ЛОЖЬ;;244;;;;;;;0;;;;3943;ЛОЖЬ;0;;;;;;;;;;;;;;Undefined;;;;;;;;;;;;ЛОЖЬ;ИСТИНА;;;;;;;;;;;;;;;;;;;;;;;;;;;;
M;532_1;;;;;;;ЛОЖЬ;ЛОЖЬ;;532;;;;;;;0;;;;1028;ЛОЖЬ;0;;;;;;;;;;;;;;Undefined;491;3428;;;;;;;;;;ЛОЖЬ;;;;;;;;;;;;;;;;;;;;;;;;;;;;;
M;C356_5_G;;;;;Function block marker;;ЛОЖЬ;ЛОЖЬ;;356;;;;;;;0;;;;4649;ЛОЖЬ;0;;;;;;;;;;;;;;Undefined;;;;;;;;;;;;ЛОЖЬ;ИСТИНА;;;;;;;;;;;;;;;;;;;;;;;;;;;;
M;350_352_4;;;;;CW PUMP RUNNING;;ЛОЖЬ;ЛОЖЬ;;352;;;;;;;0;;;;918;ЛОЖЬ;0;;;;;;;1=RUNNING;;;;;;;Undefined;491;3428;;;;;;;;;;ЛОЖЬ;;;;;;;;;;;;;;;;;;;;;;;;;;;;;
DO;93XY803;;FLD;930-20;A_C93021;C-9302001BX DISCH VENT;Yes;ИСТИНА;ЛОЖЬ;;648;;;;;;;0;;;;32;ИСТИНА;37590;None;;;;;;0=TRIP;;;;;;;Undefined;491;3428;;20.05;7;1;1;Appl;;;;ЛОЖЬ;;;;;;;;;;;;;;;;;;Output;EPKS_CCB;ESD_932_1;1000;;;;;;;;
DO;93PDAH832;;COM;;;HI ALARM;No;ЛОЖЬ;ЛОЖЬ;;530;;;;;;;0;;;;2800;ЛОЖЬ;0;None;;;;;;0=ALARM;0=ALARM;;;;;;Undefined;;;;;;;;;;;;ЛОЖЬ;ИСТИНА;;;;;;;;;;;;;;;;;Output;EPKS_CCB;ESD_932_1;1404;;;;;;;;
M;2450_D;;;;;1oo3 Pre-alarm;;ЛОЖЬ;ЛОЖЬ;;2450;;;;;;;0;;;;176;ЛОЖЬ;0;;;;;;;;;;;;;;Undefined;491;3428;;;;;;;;;;ЛОЖЬ;;;;;;;;;;;;;;;;;;;;;;;;;;;;;
M;1043_4;;;;;;;ЛОЖЬ;ЛОЖЬ;;1043;;;;;;;0;;;;2492;ЛОЖЬ;0;;;;;;;;;;;;;;Undefined;;;;;;;;;;;;ЛОЖЬ;ИСТИНА;;;;;;;;;;;;;;;;;;;;;;;;;;;;
DO;93TI859_MOC;;COM;930-20;A_C93021;MO CONFIRMED;No;ИСТИНА;ЛОЖЬ;;712;;;;;;;0;;;;1384;ИСТИНА;37591;None;;;;;;1=CONFIRMED;;;;;;;Undefined;491;3428;;;;;;;;;;ЛОЖЬ;;;;;;;;;;;;;;;;;;Output;EPKS_CCB;ESD_932_1;835;;;;;;;;
T;368_2;;;;;;;ЛОЖЬ;ЛОЖЬ;;368;;;;;;;;100 ms;5;;752;ЛОЖЬ;0;;;;;;;;;;;;;;Undefined;;;Delayed OFF with constant timer value;;;;;;;;;ЛОЖЬ;ИСТИНА;;;;;;;;;;;;;;;;;;;;;;;;;;;;
M;172_174_1;;;;;MOS AREA C-9302001CX;;ЛОЖЬ;ЛОЖЬ;;174;;;;;;;0;;;;2824;ЛОЖЬ;0;;;;;;;1=ACTIVE;;;;;;;Undefined;491;3428;;;;;;;;;;ЛОЖЬ;;;;;;;;;;;;;;;;;;;;;;;;;;;;;
DO;93TAHH887;;COM;930-20;A_C93021;C9302001BX MAIN BEAR DE;No;ИСТИНА;ЛОЖЬ;;562;;;;;;;0;;;;1185;ИСТИНА;37592;None;;;;;;0=TRIP;;;;;;;Undefined;491;3428;;;;;;;;;;ЛОЖЬ;;;;;;;;;;;;;;;;;;Output;EPKS_CCB;ESD_932_1;769;;;;;;;;
M;520_164_1;;;;;93FT804;;ЛОЖЬ;ЛОЖЬ;;164;;;;;;;0;;;;901;ЛОЖЬ;0;;;;;;;1=MO CONFIRMED;;;;;;;Undefined;491;3428;;;;;;;;;;ЛОЖЬ;;;;;;;;;;;;;;;;;;;;;;;;;;;;;
M;C244_5_F;;;;;Function block marker;;ЛОЖЬ;ЛОЖЬ;;244;;;;;;;0;;;;3939;ЛОЖЬ;0;;;;;;;;;;;;;;Undefined;;;;;;;;;;;;ЛОЖЬ;ИСТИНА;;;;;;;;;;;;;;;;;;;;;;;;;;;;
M;634_648_1;;;;;C-9302001BX COMMON TRIP;;ЛОЖЬ;ЛОЖЬ;;648;;;;;;;0;;;;1221;ЛОЖЬ;0;;;;;;;0=TRIP;;;;;;;Undefined;491;3428;;;;;;;;;;ЛОЖЬ;;;;;;;;;;;;;;;;;;;;;;;;;;;;;
M;2460_A;;;;;1=CMD_OPEN;;ЛОЖЬ;ЛОЖЬ;;2460;;;;;;;0;;;;110;ЛОЖЬ;0;;;;;;;;;;;;;;Undefined;491;3428;;;;;;;;;;ЛОЖЬ;;;;;;;;;;;;;;;;;;;;;;;;;;;;;
M;C278_3_G;;;;;Function block marker;;ЛОЖЬ;ЛОЖЬ;;278;;;;;;;0;;;;3592;ЛОЖЬ;0;;;;;;;;;;;;;;Undefined;;;;;;;;;;;;ЛОЖЬ;ИСТИНА;;;;;;;;;;;;;;;;;;;;;;;;;;;;
M;372_8;;;;;;;ЛОЖЬ;ЛОЖЬ;;372;;;;;;;0;;;;3989;ЛОЖЬ;0;;;;;;;;;;;;;;Undefined;;;;;;;;;;;;ЛОЖЬ;ИСТИНА;;;;;;;;;;;;;;;;;;;;;;;;;;;;
DO;93LI425_TF;;COM;930-20;A_93020;TRANSM. FAIL;No;ИСТИНА;ЛОЖЬ;;272;;;;;;;0;;;;421;ИСТИНА;37593;None;;;;;;0=FAIL;;;;;;;Undefined;491;3428;;;;;;;;;;ЛОЖЬ;;;;;;;;;;;;;;;;;;Output;EPKS_CCB;ESD_932_1;554;;;;;;;;
BO;93PI771_HH;;COM;930-20;A_C93021;HH TRIP SETPOINT (MPa-g);No;ИСТИНА;ЛОЖЬ;;366;;Float;;;;;0;;;;512;;38085;;;;;;;;;0;0;;;;-XXXXX.X;491;3428;;;;;;;;;;ЛОЖЬ;;;;;;;;;;;;;;;;;;Output;EPKS_CCB;ESD_932_1;10225;;;;;;;;
AI;93TI971;;FLD;930-20;A_P93020;PUMP BEARING P-9302003AX;Yes;ИСТИНА;ЛОЖЬ;;1500;ИСТИНА;Float;4-20mA;-30;120;°C;;;;;456;ЛОЖЬ;37957;;None;None;None;None;;;;-67.5;-67.5;;;;-XXXXX.X;3.76;21;;20.04;9;13;1;Bottom scale;;;;ЛОЖЬ;;ЛОЖЬ;;;;;;;;;;;;;;;;Output;EPKS_CCB;ESD_932_1;10166;;;;;;;;
M;C256_8_D;;;;;Function block marker;;ЛОЖЬ;ЛОЖЬ;;256;;;;;;;0;;;;3891;ЛОЖЬ;0;;;;;;;;;;;;;;Undefined;;;;;;;;;;;;ЛОЖЬ;ИСТИНА;;;;;;;;;;;;;;;;;;;;;;;;;;;;
M;C688_5_G;;;;;Function block marker;;ЛОЖЬ;ЛОЖЬ;;688;;;;;;;0;;;;4362;ЛОЖЬ;0;;;;;;;;;;;;;;Undefined;;;;;;;;;;;;ЛОЖЬ;ИСТИНА;;;;;;;;;;;;;;;;;;;;;;;;;;;;
M;299_1049_2;;;;;93ZALL853_I;;ЛОЖЬ;ЛОЖЬ;;1049;;;;;;;0;;;;2560;ЛОЖЬ;0;;;;;;;0=TRIP INITIATOR;;;;;;;Undefined;;;;;;;;;;;;ЛОЖЬ;ИСТИНА;;;;;;;;;;;;;;;;;;;;;;;;;;;;
M;548_813_4;;;;;93TAH808_PERM;;ЛОЖЬ;ЛОЖЬ;;813;;;;;;;0;;;;4074;ЛОЖЬ;0;;;;;;;0=ALARM;;;;;;;Undefined;;;;;;;;;;;;ЛОЖЬ;ИСТИНА;;;;;;;;;;;;;;;;;;;;;;;;;;;;
M;1031_4;;;;;;;ЛОЖЬ;ЛОЖЬ;;1031;;;;;;;0;;;;2260;ЛОЖЬ;0;;;;;;;;;;;;;;Undefined;;;;;;;;;;;;ЛОЖЬ;ИСТИНА;;;;;;;;;;;;;;;;;;;;;;;;;;;;
M;2480_2;;;;;;;ЛОЖЬ;ЛОЖЬ;;2480;;;;;;;0;;;;188;ЛОЖЬ;0;;;;;;;;;;;;;;Undefined;491;3428;;;;;;;;;;ЛОЖЬ;;;;;;;;;;;;;;;;;;;;;;;;;;;;;
M;C232_8_D;;;;;Function block marker;;ЛОЖЬ;ЛОЖЬ;;232;;;;;;;0;;;;3972;ЛОЖЬ;0;;;;;;;;;;;;;;Undefined;;;;;;;;;;;;ЛОЖЬ;ИСТИНА;;;;;;;;;;;;;;;;;;;;;;;;;;;;
M;404_2;;;;;;;ЛОЖЬ;ЛОЖЬ;;404;;;;;;;0;;;;903;ЛОЖЬ;0;;;;;;;;;;;;;;Undefined;491;3428;;;;;;;;;;ЛОЖЬ;;;;;;;;;;;;;;;;;;;;;;;;;;;;;
M;C1011_1_I;;;;;Function block marker;;ЛОЖЬ;ЛОЖЬ;;1011;;;;;;;0;;;;2438;ЛОЖЬ;0;;;;;;;;;;;;;;Undefined;;;;;;;;;;;;ЛОЖЬ;ИСТИНА;;;;;;;;;;;;;;;;;;;;;;;;;;;;
DO;93PALL784_FU;;COM;930-20;A_C93021;C9302001AX PUR GAS SUP;No;ИСТИНА;ЛОЖЬ;;1007;;;;;;;0;;;;2200;ЛОЖЬ;38226;None;;;;;;1=FIRST;;;;;;;Undefined;;;;;;;;;;;;ЛОЖЬ;ИСТИНА;;;;;;;;;;;;;;;;;Output;EPKS_CCB;ESD_932_1;1067;;;;;;;;
M;164_168_1;;;;;MOS AREA C-9302001BX;;ЛОЖЬ;ЛОЖЬ;;168;;;;;;;0;;;;1151;ЛОЖЬ;0;;;;;;;1=ACTIVE;;;;;;;Undefined;491;3428;;;;;;;;;;ЛОЖЬ;;;;;;;;;;;;;;;;;;;;;;;;;;;;;
T;288_6;;;;;;;ЛОЖЬ;ЛОЖЬ;;288;;;;;;;;100 ms;5;;1204;ЛОЖЬ;0;;;;;;;;;;;;;;Undefined;;;Delayed OFF with constant timer value;;;;;;;;;ЛОЖЬ;ИСТИНА;;;;;;;;;;;;;;;;;;;;;;;;;;;;
AI;93PI877A;;FLD;;;C-9302001CX PRESS CRANK;Yes;ИСТИНА;ЛОЖЬ;;702;ИСТИНА;Float;4-20mA;0;1;MPa;;;;;896;ЛОЖЬ;38499;;None;None;None;None;;;;;;;;;-XXXXX.X;3.64;22;;20.05;17;4;1;Top scale;;;;ЛОЖЬ;ИСТИНА;ЛОЖЬ;;;;;;;;;;;;;;;;Output;EPKS_CCB;ESD_932_1;10386;;;;;;;;
DO;93PI096_097_PA;;COM;930-20;A_93020;2oo2 PRE ALARM;No;ИСТИНА;ЛОЖЬ;;310;;;;;;;0;;;;3738;ИСТИНА;38420;None;;;;;;0=ALARM;0=ALARM;;;;;;Undefined;;;;;;;;;;;;ЛОЖЬ;ИСТИНА;;;;;;;;;;;;;;;;;Output;EPKS_CCB;ESD_932_1;1295;;;;;;;;
DO;93TAHH484;;COM;930-20;A_93020;GAS B9302002C C9302001CX;No;ИСТИНА;ЛОЖЬ;;234;;;;;;;0;;;;221;ИСТИНА;37595;None;;;;;;0=TRIP;;;;;;;Undefined;491;3428;;;;;;;;;;ЛОЖЬ;;;;;;;;;;;;;;;;;;Output;EPKS_CCB;ESD_932_1;707;;;;;;;;
M;2470_B;;;;;Signal 1;;ЛОЖЬ;ЛОЖЬ;;2470;;;;;;;0;;;;105;ЛОЖЬ;0;;;;;;;;;;;;;;Undefined;491;3428;;;;;;;;;;ЛОЖЬ;;;;;;;;;;;;;;;;;;;;;;;;;;;;;
M;258_292_3;;;;;93LALL413_I;;ЛОЖЬ;ЛОЖЬ;;292;;;;;;;0;;;;358;ЛОЖЬ;0;;;;;;;0=TRIP INITIATOR;;;;;;;Undefined;491;3428;;;;;;;;;;ЛОЖЬ;;;;;;;;;;;;;;;;;;;;;;;;;;;;;
DO;93LAHH429_FU;;COM;930-20;A_93020;HYD GAS COND  B9302002C;No;ИСТИНА;ЛОЖЬ;;1051;;;;;;;0;;;;2608;ЛОЖЬ;38330;None;;;;;;1=FIRST;;;;;;;Undefined;;;;;;;;;;;;ЛОЖЬ;ИСТИНА;;;;;;;;;;;;;;;;;Output;EPKS_CCB;ESD_932_1;1171;;;;;;;;
DO;93LALL429_P;;COM;930-20;A_93020;HYD GAS COND  B9302002C;No;ИСТИНА;ЛОЖЬ;;278;;;;;;;0;;;;539;ЛОЖЬ;37993;None;;;;;;1=ACTIVE;;;;;;;Undefined;491;3428;;;;;;;;;;ЛОЖЬ;;;;;;;;;;;;;;;;;;;;;;;;;;Output;CC_CCB_1;ESD_932_1;62
BO;93PDI830_HH;;COM;930-20;A_C93021;HH TRIP SETPOINT (kPa);No;ИСТИНА;ЛОЖЬ;;528;;Float;;;;;0;;;;628;;38127;;;;;;;;;0;0;;;;-XXXXX.X;491;3428;;;;;;;;;;ЛОЖЬ;;;;;;;;;;;;;;;;;;Output;EPKS_CCB;ESD_932_1;10212;;;;;;;;
M;704_1043_3;;;;;93PALL884_I;;ЛОЖЬ;ЛОЖЬ;;1043;;;;;;;0;;;;2544;ЛОЖЬ;0;;;;;;;0=TRIP INITIATOR;;;;;;;Undefined;;;;;;;;;;;;ЛОЖЬ;ИСТИНА;;;;;;;;;;;;;;;;;;;;;;;;;;;;
DO;93TI757_TF;;COM;930-20;A_C93021;TRANSM. FAIL;No;ИСТИНА;ЛОЖЬ;;376;;;;;;;0;;;;729;ИСТИНА;37596;None;;;;;;0=FAIL;;;;;;;Undefined;491;3428;;;;;;;;;;ЛОЖЬ;;;;;;;;;;;;;;;;;;Output;EPKS_CCB;ESD_932_1;794;;;;;;;;
R;2410_D;;;;;Remaining Time;;ЛОЖЬ;ЛОЖЬ;;2410;;Long;;;;;0;;;;956;ЛОЖЬ;0;;;;;;;;;;;;;;Undefined;491;3428;;;;;;;;;;ЛОЖЬ;;;;;;;;;;;;;;;;;;;;;;;;;;;;;
M;C448_2_D;;;;;Function block marker;;ЛОЖЬ;ЛОЖЬ;;448;;;;;;;0;;;;1861;ЛОЖЬ;0;;;;;;;;;;;;;;Undefined;491;3428;;;;;;;;;;ЛОЖЬ;;;;;;;;;;;;;;;;;;;;;;;;;;;;;
T;726_6;;;;;;;ЛОЖЬ;ЛОЖЬ;;726;;;;;;;;100 ms;5;;1492;ЛОЖЬ;0;;;;;;;;;;;;;;Undefined;;;Delayed OFF with constant timer value;;;;;;;;;ЛОЖЬ;ИСТИНА;;;;;;;;;;;;;;;;;;;;;;;;;;;;
M;792_794_2;;;;;CAPACITY 50%;;ЛОЖЬ;ЛОЖЬ;;794;;;;;;;0;;;;599;ЛОЖЬ;0;;;;;;;1=ACTIVE;;;;;;;Undefined;491;3428;;;;;;;;;;ЛОЖЬ;;;;;;;;;;;;;;;;;;;;;;;;;;;;;
M;C1027_1_H;;;;;Function block marker;;ЛОЖЬ;ЛОЖЬ;;1027;;;;;;;0;;;;2395;ЛОЖЬ;0;;;;;;;;;;;;;;Undefined;;;;;;;;;;;;ЛОЖЬ;ИСТИНА;;;;;;;;;;;;;;;;;;;;;;;;;;;;
M;528_628_2;;;;;93PDAHH830_I;;ЛОЖЬ;ЛОЖЬ;;628;;;;;;;0;;;;816;ЛОЖЬ;0;;;;;;;0=TRIP INITIATOR;;;;;;;Undefined;491;3428;;;;;;;;;;ЛОЖЬ;;;;;;;;;;;;;;;;;;;;;;;;;;;;;
M;C248_5_B;;;;;Function block marker;;ЛОЖЬ;ЛОЖЬ;;248;;;;;;;0;;;;3919;ЛОЖЬ;0;;;;;;;;;;;;;;Undefined;;;;;;;;;;;;ЛОЖЬ;ИСТИНА;;;;;;;;;;;;;;;;;;;;;;;;;;;;
DI;93LI436_MOR;;COM;930-20;A_93020;MO REQUEST;No;ИСТИНА;ИСТИНА;;288;;;;;;;0;;;;2878;ЛОЖЬ;37597;None;;;;;;1=REQUEST;;;;;;;Undefined;491;3428;;;;;;Freeze;;;;ЛОЖЬ;;;;ЛОЖЬ;;;;;;;;;;;;;;Input;EPKS_CCB;ESD_932_1;47;;;;;;;;
BO;93LI425_HH;;COM;930-20;A_93020;HH TRIP SETPOINT (%);No;ИСТИНА;ЛОЖЬ;;272;;Float;;;;;0;;;;800;;38144;;;;;;;;;0;0;;;;-XXXXX.X;491;3428;;;;;;;;;;ЛОЖЬ;;;;;;;;;;;;;;;;;;Output;EPKS_CCB;ESD_932_1;10195;;;;;;;;
DO;IB932_ESD1_F5;;COM;930-20;A_93020;MARSH. CAB ALARM;No;ИСТИНА;ЛОЖЬ;;18;;;;;;;0;;;;183;ИСТИНА;37892;None;;;;;;0=ALARM;;;;;;;Undefined;491;3428;;;;;;;;;;ЛОЖЬ;;;;;;;;;;;;;;;;;;Output;EPKS_CCB;ESD_932_1;911;;;;;;;;
DO;93TI779_TF;;COM;;;TRANSM FAULT;No;ЛОЖЬ;ЛОЖЬ;;392;;;;;;;0;;;;454;ИСТИНА;38498;None;;;;;;0=ALARM;0=ALARM;;;;;;Undefined;;;;;;;;;;;;ЛОЖЬ;ИСТИНА;;;;;;;;;;;;;;;;;Output;EPKS_CCB;ESD_932_1;1335;;;;;;;;
M;C274_3_G;;;;;Function block marker;;ЛОЖЬ;ЛОЖЬ;;274;;;;;;;0;;;;3598;ЛОЖЬ;0;;;;;;;;;;;;;;Undefined;;;;;;;;;;;;ЛОЖЬ;ИСТИНА;;;;;;;;;;;;;;;;;;;;;;;;;;;;
M;C298_3_B;;;;;Function block marker;;ЛОЖЬ;ЛОЖЬ;;298;;;;;;;0;;;;2782;ЛОЖЬ;0;;;;;;;;;;;;;;Undefined;491;3428;;;;;;;;;;ЛОЖЬ;;;;;;;;;;;;;;;;;;;;;;;;;;;;;
DO;93TAHH804;;COM;930-20;A_C93021;C9302001BX TMP PACK CYL1;No;ИСТИНА;ЛОЖЬ;;544;;;;;;;0;;;;1016;ИСТИНА;37598;None;;;;;;0=TRIP;;;;;;;Undefined;491;3428;;;;;;;;;;ЛОЖЬ;;;;;;;;;;;;;;;;;;Output;EPKS_CCB;ESD_932_1;729;;;;;;;;
M;C365_4_E;;;;;Function block marker;;ЛОЖЬ;ЛОЖЬ;;365;;;;;;;0;;;;4619;ЛОЖЬ;0;;;;;;;;;;;;;;Undefined;;;;;;;;;;;;ЛОЖЬ;ИСТИНА;;;;;;;;;;;;;;;;;;;;;;;;;;;;
DO;93PAHH764;;COM;930-20;A_C93021;C9302001AX PRS GAS CYL1;No;ИСТИНА;ЛОЖЬ;;362;;;;;;;0;;;;642;ИСТИНА;37599;None;;;;;;0=TRIP;;;;;;;Undefined;491;3428;;;;;;;;;;ЛОЖЬ;;;;;;;;;;;;;;;;;;Output;EPKS_CCB;ESD_932_1;577;;;;;;;;
DO;93FALL025;;COM;930-20;A_93020;HYDROGEN-CONTAINING GAS;No;ИСТИНА;ЛОЖЬ;;318;;;;;;;0;;;;1737;ИСТИНА;37718;None;;;;;;0=TRIP;;;;;;;Undefined;491;3428;;;;;;;;;;ЛОЖЬ;;;;;;;;;;;;;;;;;;Output;EPKS_CCB;ESD_932_1;880;;;;;;;;
M;690_7;;;;;;;ЛОЖЬ;ЛОЖЬ;;690;;;;;;;0;;;;4206;ЛОЖЬ;0;;;;;;;;;;;;;;Undefined;;;;;;;;;;;;ЛОЖЬ;ИСТИНА;;;;;;;;;;;;;;;;;;;;;;;;;;;;
DO;93HA757;;COM;930-20;A_C93021;C9302001AX EMERG SP;No;ИСТИНА;ЛОЖЬ;;398;;;;;;;0;;;;865;ИСТИНА;37893;None;;;;;;0=TRIP;;;;;;;Undefined;491;3428;;;;;;;;;;ЛОЖЬ;;;;;;;;;;;;;;;;;;Output;EPKS_CCB;ESD_932_1;473;;;;;;;;
M;782_784_2;;;;;TOTAL COMMON TRIP;;ЛОЖЬ;ЛОЖЬ;;784;;;;;;;0;;;;939;ЛОЖЬ;0;;;;;;;0=TRIP;;;;;;;Undefined;491;3428;;;;;;;;;;ЛОЖЬ;;;;;;;;;;;;;;;;;;;;;;;;;;;;;
DO;93TAH835;;COM;;;HI ALARM;No;ЛОЖЬ;ЛОЖЬ;;558;;;;;;;0;;;;3476;ЛОЖЬ;0;None;;;;;;0=ALARM;0=ALARM;;;;;;Undefined;;;;;;;;;;;;ЛОЖЬ;ИСТИНА;;;;;;;;;;;;;;;;;Output;EPKS_CCB;ESD_932_1;1419;;;;;;;;
BO;93TI762_HH;;COM;930-20;A_C93021;HH TRIP SETPOINT (°C);No;ИСТИНА;ЛОЖЬ;;382;;Float;;;;;0;;;;688;;38111;;;;;;;;;0;0;;;;-XXXXX.X;491;3428;;;;;;;;;;ЛОЖЬ;;;;;;;;;;;;;;;;;;Output;EPKS_CCB;ESD_932_1;10254;;;;;;;;
DO;93XSO416_P;;COM;930-20;A_93020;SHUTTER 93XV416-OPEN;No;ИСТИНА;ЛОЖЬ;;322;;;;;;;0;;;;1689;ЛОЖЬ;38000;None;;;;;;1=OPEN;;;;;;;Undefined;491;3428;;;;;;;;;;ЛОЖЬ;;;;;;;;;;;;;;;;;;;;;;;;;;Output;CC_CCB_1;ESD_932_1;47
DO;93XSF421_P;;COM;;;SHUTTER 93XV421;No;ИСТИНА;ЛОЖЬ;;324;;;;;;;0;;;;56;ЛОЖЬ;37973;None;;;;;;1=FAIL;;;;;;;Undefined;;;;;;;;;;;;ЛОЖЬ;ИСТИНА;;;;;;;;;;;;;;;;;;;;;;;;;Output;CC_CCB_1;ESD_932_1;84
DO;93PIHH765_CA;;COM;;;CAUSE ALARM;No;ЛОЖЬ;ЛОЖЬ;;362;;;;;;;0;;;;3295;ЛОЖЬ;0;None;;;;;;0=ALARM;0=ALARM;;;;;;Undefined;;;;;;;;;;;;ЛОЖЬ;ИСТИНА;;;;;;;;;;;;;;;;;Output;EPKS_CCB;ESD_932_1;1181;;;;;;;;
DO;93PDI829_TF;;COM;;;TRANSM FAULT;No;ЛОЖЬ;ЛОЖЬ;;528;;;;;;;0;;;;473;ИСТИНА;38497;None;;;;;;0=ALARM;0=ALARM;;;;;;Undefined;;;;;;;;;;;;ЛОЖЬ;ИСТИНА;;;;;;;;;;;;;;;;;Output;EPKS_CCB;ESD_932_1;1337;;;;;;;;
T;17_1;;;862-34;;;;ЛОЖЬ;ЛОЖЬ;;17;;;;;;;;100 ms;5;;328;ЛОЖЬ;0;;;;;;;;;;;;;;Undefined;491;3428;Delayed ON with constant timer value;;;;;;;;;ЛОЖЬ;;;;;;;;;;;;;;;;;;;;;;;;;;;;;
M;C378_4_B;;;;;Function block marker;;ЛОЖЬ;ЛОЖЬ;;378;;;;;;;0;;;;4580;ЛОЖЬ;0;;;;;;;;;;;;;;Undefined;;;;;;;;;;;;ЛОЖЬ;ИСТИНА;;;;;;;;;;;;;;;;;;;;;;;;;;;;
DO;93FALL805;;COM;930-20;A_C93021;C9302001BX COOL H2O CYL2;No;ИСТИНА;ЛОЖЬ;;522;;;;;;;0;;;;930;ИСТИНА;37600;None;;;;;;0=TRIP;;;;;;;Undefined;491;3428;;;;;;;;;;ЛОЖЬ;;;;;;;;;;;;;;;;;;Output;EPKS_CCB;ESD_932_1;435;;;;;;;;
M;C728_4_C;;;;;Function block marker;;ЛОЖЬ;ЛОЖЬ;;728;;;;;;;0;;;;3724;ЛОЖЬ;0;;;;;;;;;;;;;;Undefined;;;;;;;;;;;;ЛОЖЬ;ИСТИНА;;;;;;;;;;;;;;;;;;;;;;;;;;;;
DO;93FI805_TF;;COM;930-20;A_C93021;TRANSM. FAIL;No;ИСТИНА;ЛОЖЬ;;522;;;;;;;0;;;;929;ИСТИНА;37601;None;;;;;;0=FAIL;;;;;;;Undefined;491;3428;;;;;;;;;;ЛОЖЬ;;;;;;;;;;;;;;;;;;Output;EPKS_CCB;ESD_932_1;462;;;;;;;;
T;276_1;;;;;;;ЛОЖЬ;ЛОЖЬ;;276;;;;;;;;100 ms;5;;880;ЛОЖЬ;0;;;;;;;;;;;;;;Undefined;;;Delayed OFF with constant timer value;;;;;;;;;ЛОЖЬ;ИСТИНА;;;;;;;;;;;;;;;;;;;;;;;;;;;;
M;798_6;;;;;;;ЛОЖЬ;ЛОЖЬ;;798;;;;;;;0;;;;1539;ЛОЖЬ;0;;;;;;;;;;;;;;Undefined;491;3428;;;;;;;;;;ЛОЖЬ;;;;;;;;;;;;;;;;;;;;;;;;;;;;;
DO;93HY804;;MCC;930-20;A_C93021;C-9302001BX LO START PM2;Yes;ИСТИНА;ЛОЖЬ;;648;;;;;;;0;;;;140;ЛОЖЬ;37602;None;;;;;;1=START;;;;;;;Undefined;491;3428;;20.06;7;5;1;Appl;;;;ЛОЖЬ;;;;;;;;;;;;;;;;;;;;;;;;;;;;;
M;384_1011_3;;;;;93TAHH767_I (AFTER OOS);;ЛОЖЬ;ЛОЖЬ;;1011;;;;;;;0;;;;2166;ЛОЖЬ;0;;;;;;;0=TRIP;;;;;;;Undefined;;;;;;;;;;;;ЛОЖЬ;ИСТИНА;;;;;;;;;;;;;;;;;;;;;;;;;;;;
AI;93PI764;;FLD;930-20;A_C93021;C9302001AX PROC GAS CYL1;Yes;ИСТИНА;ЛОЖЬ;;362;ИСТИНА;Float;4-20mA;0;100;kPa-g;;;;;356;ЛОЖЬ;37738;;None;None;None;None;;;;-25;-25;;;;-XXXXX.X;3.64;22;;20.04;7;5;1;Bottom scale;;;;ЛОЖЬ;;ЛОЖЬ;;;;;;;;;;;;;;;;Output;EPKS_CCB;ESD_932_1;10113;;;;;;;;
M;C238_2_E;;;;;Function block marker;;ЛОЖЬ;ЛОЖЬ;;238;;;;;;;0;;;;2808;ЛОЖЬ;0;;;;;;;;;;;;;;Undefined;491;3428;;;;;;;;;;ЛОЖЬ;;;;;;;;;;;;;;;;;;;;;;;;;;;;;
DO;93TI753_TF;;COM;930-20;A_C93021;TRANSM. FAIL;No;ИСТИНА;ЛОЖЬ;;372;;;;;;;0;;;;709;ИСТИНА;37604;None;;;;;;0=FAIL;;;;;;;Undefined;491;3428;;;;;;;;;;ЛОЖЬ;;;;;;;;;;;;;;;;;;Output;EPKS_CCB;ESD_932_1;790;;;;;;;;
M;542_166_1;;;;;93TT803;;ЛОЖЬ;ЛОЖЬ;;166;;;;;;;0;;;;1306;ЛОЖЬ;0;;;;;;;1=MO CONFIRMED;;;;;;;Undefined;491;3428;;;;;;;;;;ЛОЖЬ;;;;;;;;;;;;;;;;;;;;;;;;;;;;;
BO;IB932_ESD1_MONTH;;COM;;;MONTH;No;ЛОЖЬ;ЛОЖЬ;;19;;Byte;;;;;0;;;;34;;0;;None;None;None;None;;;;;;;;;-XXXXX.X;;;;;;;;;;;;ЛОЖЬ;ИСТИНА;;;;;;;;;;;;;;;;;Output;EPKS_CCB;ESD_932_1;10303;;;;;;;;
DO;93C2001BX_TF;;COM;930-20;A_93020;COMPRESSOR C-9302001BX AIs FAULT;No;ЛОЖЬ;ЛОЖЬ;;1317;;;;;;;0;;;;90;ИСТИНА;38389;None;;;;;;1=ALARM;;;;;;;Undefined;;;;;;;;;;;;ЛОЖЬ;ИСТИНА;;;;;;;;;;;;;Output;CC_CCB_2;ESD_932_1;71;;;;;;;;;;;;
T;564_1;;;;;;;ЛОЖЬ;ЛОЖЬ;;564;;;;;;;;100 ms;10;;432;ЛОЖЬ;0;;;;;;;;;;;;;;Undefined;491;3428;Delayed OFF with constant timer value;;;;;;;;;ЛОЖЬ;;;;;;;;;;;;;;;;;;;;;;;;;;;;;
AI;93LI804A;;FLD;;;C-9302001BX LEVEL 2ND ST;Yes;ИСТИНА;ЛОЖЬ;;526;ИСТИНА;Float;4-20mA;0;100;%;;;;;916;ЛОЖЬ;38496;;None;None;None;None;;;;;;;;;-XXXXX.X;3.64;22;;20.05;17;9;1;Top scale;;;;ЛОЖЬ;ИСТИНА;ЛОЖЬ;;;;;;;;;;;;;;;;Output;EPKS_CCB;ESD_932_1;10391;;;;;;;;
BO;93PDI882_H;;COM;;;HI ALARM SETPOINT;No;ЛОЖЬ;ЛОЖЬ;;694;;Float;;;;;0;;;;2048;;0;;None;None;None;None;;;;;;;;;-XXXXX.X;;;;;;;;;;;;ЛОЖЬ;ИСТИНА;;;;;;;;;;;;;;;;;Output;EPKS_CCB;ESD_932_1;10429;;;;;;;;
M;1330_1327_1;;;930-20;A_93020;COMMON_TF;;ЛОЖЬ;ЛОЖЬ;;1327;;;;;;;0;;;;4119;ЛОЖЬ;0;;;;;;;0=ALARM;;;;;;;Undefined;;;;;;;;;;;;ЛОЖЬ;ИСТИНА;;;;;;;;;;;;;;;;;;;;;;;;;;;;
DO;93PALL834;;COM;930-20;A_C93021;C9302001BX PUR GAS SUP;No;ИСТИНА;ЛОЖЬ;;540;;;;;;;0;;;;1172;ИСТИНА;37895;None;;;;;;0=TRIP;;;;;;;Undefined;491;3428;;;;;;;;;;ЛОЖЬ;;;;;;;;;;;;;;;;;;Output;EPKS_CCB;ESD_932_1;627;;;;;;;;
M;536_8;;;;;;;ЛОЖЬ;ЛОЖЬ;;536;;;;;;;0;;;;4061;ЛОЖЬ;0;;;;;;;;;;;;;;Undefined;;;;;;;;;;;;ЛОЖЬ;ИСТИНА;;;;;;;;;;;;;;;;;;;;;;;;;;;;
M;C1049_2_J;;;;;Function block marker;;ЛОЖЬ;ЛОЖЬ;;1049;;;;;;;0;;;;3705;ЛОЖЬ;0;;;;;;;;;;;;;;Undefined;;;;;;;;;;;;ЛОЖЬ;ИСТИНА;;;;;;;;;;;;;;;;;;;;;;;;;;;;
DO;93XAO416;;COM;930-20;A_93020;TRIP INITIATOR;No;ИСТИНА;ЛОЖЬ;;322;;;;;;;0;;;;2028;ИСТИНА;37721;None;;;;;;1=OVERRIDE;;;;;;;Undefined;491;3428;;;;;;;;;;ЛОЖЬ;;;;;;;;;;;;;;;;;;Output;EPKS_CCB;ESD_932_1;921;;;;;;;;
BI;20-RepairTimer_CP1;;SYS;;;Repair time CP1;Yes;ЛОЖЬ;;;16;;Word;;;;;;;;;12;;0;;;;;;;;;0;0;;;;-XXXXX.X;491;3428;;;;;;;;;;ЛОЖЬ;;;;;;;;;;;;;;;;;;;;;;;;;;;;;
M;552_8;;;;;;;ЛОЖЬ;ЛОЖЬ;;552;;;;;;;0;;;;4090;ЛОЖЬ;0;;;;;;;;;;;;;;Undefined;;;;;;;;;;;;ЛОЖЬ;ИСТИНА;;;;;;;;;;;;;;;;;;;;;;;;;;;;
M;C698_5_F;;;;;Function block marker;;ЛОЖЬ;ЛОЖЬ;;698;;;;;;;0;;;;3423;ЛОЖЬ;0;;;;;;;;;;;;;;Undefined;;;;;;;;;;;;ЛОЖЬ;ИСТИНА;;;;;;;;;;;;;;;;;;;;;;;;;;;;
DO;93LI437_TF;;COM;;;TRANSM. FAIL;No;ЛОЖЬ;ЛОЖЬ;;290;;;;;;;0;;;;3745;ИСТИНА;38451;None;;;;;;0=ALARM;0=ALARM;;;;;;Undefined;;;;;;;;;;;;ЛОЖЬ;ИСТИНА;;;;;;;;;;;;;;;;;Output;EPKS_CCB;ESD_932_1;1316;;;;;;;;
T;256_6;;;;;;;ЛОЖЬ;ЛОЖЬ;;256;;;;;;;;100 ms;5;;1140;ЛОЖЬ;0;;;;;;;;;;;;;;Undefined;;;Delayed OFF with constant timer value;;;;;;;;;ЛОЖЬ;ИСТИНА;;;;;;;;;;;;;;;;;;;;;;;;;;;;
M;384_2;;;;;;;ЛОЖЬ;ЛОЖЬ;;384;;;;;;;0;;;;787;ЛОЖЬ;0;;;;;;;;;;;;;;Undefined;491;3428;;;;;;;;;;ЛОЖЬ;;;;;;;;;;;;;;;;;;;;;;;;;;;;;
M;C2347_2;;;;;Compiler marker (264, 108);;ЛОЖЬ;ЛОЖЬ;;2347;;;;;;;0;;;;357;ЛОЖЬ;0;;;;;;;;;;;;;;Undefined;491;3428;;;;;;;;;;ЛОЖЬ;;;;;;;;;;;;;;;;;;;;;;;;;;;;;
AI;93FI805;;FLD;930-20;A_C93021;C9302001BX COOL H2O CYL2;Yes;ИСТИНА;ЛОЖЬ;;522;ИСТИНА;Float;4-20mA;0;3.5;m3/h;;;;;412;ЛОЖЬ;37763;;None;None;None;None;;;;-0.875;-0.875;;;;-XXXXX.X;3.64;22;;20.04;9;2;1;Top scale;;;;ЛОЖЬ;;ЛОЖЬ;;;;;;;;;;;;;;;;Output;EPKS_CCB;ESD_932_1;10079;;;;;;;;
M;368_412_2;;;;;93PAHH776_I;;ЛОЖЬ;ЛОЖЬ;;412;;;;;;;0;;;;692;ЛОЖЬ;0;;;;;;;0=TRIP INITIATOR;;;;;;;Undefined;491;3428;;;;;;;;;;ЛОЖЬ;;;;;;;;;;;;;;;;;;;;;;;;;;;;;
M;C544_4_D;;;;;Function block marker;;ЛОЖЬ;ЛОЖЬ;;544;;;;;;;0;;;;4436;ЛОЖЬ;0;;;;;;;;;;;;;;Undefined;;;;;;;;;;;;ЛОЖЬ;ИСТИНА;;;;;;;;;;;;;;;;;;;;;;;;;;;;
M;264_152_1;;;;;93LT419;;ЛОЖЬ;ЛОЖЬ;;152;;;;;;;0;;;;484;ЛОЖЬ;0;;;;;;;1=MO CONFIRMED;;;;;;;Undefined;491;3428;;;;;;;;;;ЛОЖЬ;;;;;;;;;;;;;;;;;;;;;;;;;;;;;
BO;93TI879_H;;COM;;;HI ALARM SETPOINT;No;ЛОЖЬ;ЛОЖЬ;;726;;Float;;;;;0;;;;2104;;0;;None;None;None;None;;;;;;;;;-XXXXX.X;;;;;;;;;;;;ЛОЖЬ;ИСТИНА;;;;;;;;;;;;;;;;;Output;EPKS_CCB;ESD_932_1;10443;;;;;;;;
M;2440_B;;;;;Signal 2;;ЛОЖЬ;ЛОЖЬ;;2440;;;;;;;0;;;;175;ЛОЖЬ;0;;;;;;;;;;;;;;Undefined;491;3428;;;;;;;;;;ЛОЖЬ;;;;;;;;;;;;;;;;;;;;;;;;;;;;;
M;534_813_5;;;;;93PAH818_PERM;;ЛОЖЬ;ЛОЖЬ;;813;;;;;;;0;;;;4059;ЛОЖЬ;0;;;;;;;0=ALARM;;;;;;;Undefined;;;;;;;;;;;;ЛОЖЬ;ИСТИНА;;;;;;;;;;;;;;;;;;;;;;;;;;;;
M;C1051_1_J;;;;;Function block marker;;ЛОЖЬ;ЛОЖЬ;;1051;;;;;;;0;;;;2619;ЛОЖЬ;0;;;;;;;;;;;;;;Undefined;;;;;;;;;;;;ЛОЖЬ;ИСТИНА;;;;;;;;;;;;;;;;;;;;;;;;;;;;
M;C310_3_G;;;;;Function block marker;;ЛОЖЬ;ЛОЖЬ;;310;;;;;;;0;;;;3741;ЛОЖЬ;0;;;;;;;;;;;;;;Undefined;;;;;;;;;;;;ЛОЖЬ;ИСТИНА;;;;;;;;;;;;;;;;;;;;;;;;;;;;
AI;93TI854;;FLD;930-20;A_C93021;C9302001CX TMP PACK CYL1;Yes;ИСТИНА;ЛОЖЬ;;708;ИСТИНА;Float;4-20mA;-50;200;°C;;;;;308;ЛОЖЬ;37756;;None;None;None;None;;;;-112.5;-112.5;;;;-XXXXX.X;3.76;21;;20.04;5;10;1;Bottom scale;;;;ЛОЖЬ;;ЛОЖЬ;;;;;;;;;;;;;;;;Output;EPKS_CCB;ESD_932_1;10153;;;;;;;;
DO;93TAH778;;COM;;;HI ALARM;No;ЛОЖЬ;ЛОЖЬ;;390;;;;;;;0;;;;2796;ЛОЖЬ;0;None;;;;;;0=ALARM;0=ALARM;;;;;;Undefined;;;;;;;;;;;;ЛОЖЬ;ИСТИНА;;;;;;;;;;;;;;;;;Output;EPKS_CCB;ESD_932_1;1400;;;;;;;;
AI;93TI807;;FLD;930-20;A_C93021;C9302001BX TMP PACK CYL2;Yes;ИСТИНА;ЛОЖЬ;;546;ИСТИНА;Float;4-20mA;-50;200;°C;;;;;76;ЛОЖЬ;37932;;None;None;None;None;;;;-112.5;-112.5;;;;-XXXXX.X;3.76;21;;20.03;15;3;1;Bottom scale;;;;ЛОЖЬ;;ЛОЖЬ;;;;;;;;;;;;;;;;Output;EPKS_CCB;ESD_932_1;10143;;;;;;;;
M;564_168_2;;;;;93VSHH802;;ЛОЖЬ;ЛОЖЬ;;168;;;;;;;0;;;;2763;ЛОЖЬ;0;;;;;;;1=MO CONFIRMED;;;;;;;Undefined;;;;;;;;;;;;ЛОЖЬ;ИСТИНА;;;;;;;;;;;;;;;;;;;;;;;;;;;;
M;C2470_2;;;;;Compiler marker (176, 126);;ЛОЖЬ;ЛОЖЬ;;2470;;;;;;;0;;;;228;ЛОЖЬ;0;;;;;;;;;;;;;;Undefined;491;3428;;;;;;;;;;ЛОЖЬ;;;;;;;;;;;;;;;;;;;;;;;;;;;;;
M;C266_8_D;;;;;Function block marker;;ЛОЖЬ;ЛОЖЬ;;266;;;;;;;0;;;;3870;ЛОЖЬ;0;;;;;;;;;;;;;;Undefined;;;;;;;;;;;;ЛОЖЬ;ИСТИНА;;;;;;;;;;;;;;;;;;;;;;;;;;;;
M;C552_5_G;;;;;Function block marker;;ЛОЖЬ;ЛОЖЬ;;552;;;;;;;0;;;;4414;ЛОЖЬ;0;;;;;;;;;;;;;;Undefined;;;;;;;;;;;;ЛОЖЬ;ИСТИНА;;;;;;;;;;;;;;;;;;;;;;;;;;;;
DO;93TI803_MOC;;COM;930-20;A_C93021;MO CONFIRMED;No;ИСТИНА;ЛОЖЬ;;542;;;;;;;0;;;;1100;ИСТИНА;37608;None;;;;;;1=CONFIRMED;;;;;;;Undefined;491;3428;;;;;;;;;;ЛОЖЬ;;;;;;;;;;;;;;;;;;Output;EPKS_CCB;ESD_932_1;807;;;;;;;;
M;318_1;;;;;;;ЛОЖЬ;ЛОЖЬ;;318;;;;;;;0;;;;1732;ЛОЖЬ;0;;;;;;;;;;;;;;Undefined;491;3428;;;;;;;;;;ЛОЖЬ;;;;;;;;;;;;;;;;;;;;;;;;;;;;;
DO;93XA770C_P;;COM;930-20;A_C93021;CW SYS CON LAMP LP;No;ИСТИНА;ЛОЖЬ;;788;;;;;;;0;;;;400;ЛОЖЬ;38078;None;;;;;;1=ACTIVE;;;;;;;Undefined;491;3428;;;;;;;;;;ЛОЖЬ;;;;;;;;;;;;;;Output;CC_CCB_2;ESD_932_1;59;;;;;;;;;;;;
M;528_1;;;;;;;ЛОЖЬ;ЛОЖЬ;;528;;;;;;;0;;;;985;ЛОЖЬ;0;;;;;;;;;;;;;;Undefined;491;3428;;;;;;;;;;ЛОЖЬ;;;;;;;;;;;;;;;;;;;;;;;;;;;;;
T;398_2;;;;;;;ЛОЖЬ;ЛОЖЬ;;398;;;;;;;;100 ms;10;;1552;ЛОЖЬ;0;;;;;;;;;;;;;;Undefined;;;Delayed OFF with constant timer value;;;;;;;;;ЛОЖЬ;ИСТИНА;;;;;;;;;;;;;;;;;;;;;;;;;;;;
M;C244_5_E;;;;;Function block marker;;ЛОЖЬ;ЛОЖЬ;;244;;;;;;;0;;;;3938;ЛОЖЬ;0;;;;;;;;;;;;;;Undefined;;;;;;;;;;;;ЛОЖЬ;ИСТИНА;;;;;;;;;;;;;;;;;;;;;;;;;;;;
DO;93PALL461;;COM;930-20;A_93020;AIR TO CRL AND MSR DEVS;No;ИСТИНА;ЛОЖЬ;;236;;;;;;;0;;;;244;ИСТИНА;37609;None;;;;;;0=TRIP;;;;;;;Undefined;491;3428;;;;;;;;;;ЛОЖЬ;;;;;;;;;;;;;;;;;;Output;EPKS_CCB;ESD_932_1;601;;;;;;;;
M;C530_6_F;;;;;Function block marker;;ЛОЖЬ;ЛОЖЬ;;530;;;;;;;0;;;;4489;ЛОЖЬ;0;;;;;;;;;;;;;;Undefined;;;;;;;;;;;;ЛОЖЬ;ИСТИНА;;;;;;;;;;;;;;;;;;;;;;;;;;;;
DO;93LI853_TF;;COM;930-20;A_C93021;TRANSM. FAIL;No;ИСТИНА;ЛОЖЬ;;690;;;;;;;0;;;;1328;ИСТИНА;37610;None;;;;;;0=FAIL;;;;;;;Undefined;491;3428;;;;;;;;;;ЛОЖЬ;;;;;;;;;;;;;;;;;;Output;EPKS_CCB;ESD_932_1;576;;;;;;;;
DO;93XAO424;;COM;930-20;A_93020;TRIP INITIATOR;No;ИСТИНА;ЛОЖЬ;;326;;;;;;;0;;;;2046;ИСТИНА;37727;None;;;;;;1=OVERRIDE;;;;;;;Undefined;491;3428;;;;;;;;;;ЛОЖЬ;;;;;;;;;;;;;;;;;;Output;EPKS_CCB;ESD_932_1;924;;;;;;;;
M;C363_3_E;;;;;Function block marker;;ЛОЖЬ;ЛОЖЬ;;363;;;;;;;0;;;;4626;ЛОЖЬ;0;;;;;;;;;;;;;;Undefined;;;;;;;;;;;;ЛОЖЬ;ИСТИНА;;;;;;;;;;;;;;;;;;;;;;;;;;;;
M;798_11;;;;;;;ЛОЖЬ;ЛОЖЬ;;798;;;;;;;0;;;;1555;ЛОЖЬ;0;;;;;;;;;;;;;;Undefined;491;3428;;;;;;;;;;ЛОЖЬ;;;;;;;;;;;;;;;;;;;;;;;;;;;;;
M;438_450_1;;;;;93XY768A;;ЛОЖЬ;ЛОЖЬ;;450;;;;;;;0;;;;509;ЛОЖЬ;0;;;;;;;1=ACTIVE;;;;;;;Undefined;491;3428;;;;;;;;;;ЛОЖЬ;;;;;;;;;;;;;;;;;;;;;;;;;;;;;
T;244_6;;;;;;;ЛОЖЬ;ЛОЖЬ;;244;;;;;;;;100 ms;5;;1056;ЛОЖЬ;0;;;;;;;;;;;;;;Undefined;;;Delayed OFF with constant timer value;;;;;;;;;ЛОЖЬ;ИСТИНА;;;;;;;;;;;;;;;;;;;;;;;;;;;;
M;C365_4_F;;;;;Function block marker;;ЛОЖЬ;ЛОЖЬ;;365;;;;;;;0;;;;4620;ЛОЖЬ;0;;;;;;;;;;;;;;Undefined;;;;;;;;;;;;ЛОЖЬ;ИСТИНА;;;;;;;;;;;;;;;;;;;;;;;;;;;;
T;533_4;;;;;;;ЛОЖЬ;ЛОЖЬ;;533;;;;;;;;100 ms;5;;1280;ЛОЖЬ;0;;;;;;;;;;;;;;Undefined;;;Delayed OFF with constant timer value;;;;;;;;;ЛОЖЬ;ИСТИНА;;;;;;;;;;;;;;;;;;;;;;;;;;;;
M;398_416_1;;;;;93HS757_I STOP;;ЛОЖЬ;ЛОЖЬ;;416;;;;;;;0;;;;850;ЛОЖЬ;0;;;;;;;0=TRIP;;;;;;;Undefined;491;3428;;;;;;;;;;ЛОЖЬ;;;;;;;;;;;;;;;;;;;;;;;;;;;;;
DO;93PDI882_TF;;COM;;;TRANSM FAULT;No;ЛОЖЬ;ЛОЖЬ;;694;;;;;;;0;;;;784;ИСТИНА;38495;None;;;;;;0=ALARM;0=ALARM;;;;;;Undefined;;;;;;;;;;;;ЛОЖЬ;ИСТИНА;;;;;;;;;;;;;;;;;Output;EPKS_CCB;ESD_932_1;1351;;;;;;;;
M;C540_5_G;;;;;Function block marker;;ЛОЖЬ;ЛОЖЬ;;540;;;;;;;0;;;;4448;ЛОЖЬ;0;;;;;;;;;;;;;;Undefined;;;;;;;;;;;;ЛОЖЬ;ИСТИНА;;;;;;;;;;;;;;;;;;;;;;;;;;;;
M;542_8;;;;;;;ЛОЖЬ;ЛОЖЬ;;542;;;;;;;0;;;;4069;ЛОЖЬ;0;;;;;;;;;;;;;;Undefined;;;;;;;;;;;;ЛОЖЬ;ИСТИНА;;;;;;;;;;;;;;;;;;;;;;;;;;;;
M;688_170_1;;;;;93LT851;;ЛОЖЬ;ЛОЖЬ;;170;;;;;;;0;;;;1470;ЛОЖЬ;0;;;;;;;1=MO CONFIRMED;;;;;;;Undefined;491;3428;;;;;;;;;;ЛОЖЬ;;;;;;;;;;;;;;;;;;;;;;;;;;;;;
T;726_5;;;;;;;ЛОЖЬ;ЛОЖЬ;;726;;;;;;;;100 ms;5;;1488;ЛОЖЬ;0;;;;;;;;;;;;;;Undefined;;;Delayed OFF with constant timer value;;;;;;;;;ЛОЖЬ;ИСТИНА;;;;;;;;;;;;;;;;;;;;;;;;;;;;
M;C374_2_E;;;;;Function block marker;;ЛОЖЬ;ЛОЖЬ;;374;;;;;;;0;;;;2717;ЛОЖЬ;0;;;;;;;;;;;;;;Undefined;491;3428;;;;;;;;;;ЛОЖЬ;;;;;;;;;;;;;;;;;;;;;;;;;;;;;
DO;93TAHH767A_P;;COM;930-20;A_C93021;INDICATION LIGHT;No;ИСТИНА;ЛОЖЬ;;384;;;;;;;0;;;;994;ЛОЖЬ;38077;None;;;;;;1=ACTIVE;;;;;;;Undefined;491;3428;;;;;;;;;;ЛОЖЬ;;;;;;;;;;;;;;;;;;;;;;;;;;Output;CC_CCB_1;ESD_932_1;42
M;C244_6_F;;;;;Function block marker;;ЛОЖЬ;ЛОЖЬ;;244;;;;;;;0;;;;3942;ЛОЖЬ;0;;;;;;;;;;;;;;Undefined;;;;;;;;;;;;ЛОЖЬ;ИСТИНА;;;;;;;;;;;;;;;;;;;;;;;;;;;;
C;640_1;;;;;;;ЛОЖЬ;ЛОЖЬ;;640;;;;;;;0;;;1;2;ЛОЖЬ;0;;;;;;;;;;;;;;Undefined;491;3428;;;;;;;;;;ЛОЖЬ;;;;;;;;;;;;;;;;;;;;;;;;;;;;;
M;298_1031_2;;;;;93ZALL803_I;;ЛОЖЬ;ЛОЖЬ;;1031;;;;;;;0;;;;2320;ЛОЖЬ;0;;;;;;;0=TRIP INITIATOR;;;;;;;Undefined;;;;;;;;;;;;ЛОЖЬ;ИСТИНА;;;;;;;;;;;;;;;;;;;;;;;;;;;;
DO;93XY854;;MCC;930-20;A_C93021;C-9302001CX LOPM2 TRIP;Yes;ИСТИНА;ЛОЖЬ;;798;;;;;;;0;;;;157;ИСТИНА;37611;None;;;;;;0=TRIP;;;;;;;Undefined;491;3428;;20.06;9;6;1;Appl;;;;ЛОЖЬ;;;;;;;;;;;;;;;;;;Output;EPKS_CCB;ESD_932_1;1052;;;;;;;;
T;532_2;;;;;;;ЛОЖЬ;ЛОЖЬ;;532;;;;;;;;100 ms;5;;416;ЛОЖЬ;0;;;;;;;;;;;;;;Undefined;491;3428;Delayed OFF with constant timer value;;;;;;;;;ЛОЖЬ;;;;;;;;;;;;;;;;;;;;;;;;;;;;;
M;242_3;;;930-20;;;;ЛОЖЬ;ЛОЖЬ;;242;;;;;;;0;;;;279;ЛОЖЬ;0;;;;;;;;;;;;;;Undefined;491;3428;;;;;;;;;;ЛОЖЬ;;;;;;;;;;;;;;;;;;;;;;;;;;;;;
M;365_1005_2;;;;;93PALL769_I;;ЛОЖЬ;ЛОЖЬ;;1005;;;;;;;0;;;;3645;ЛОЖЬ;0;;;;;;;0=TRIP INITIATOR;;;;;;;Undefined;;;;;;;;;;;;ЛОЖЬ;ИСТИНА;;;;;;;;;;;;;;;;;;;;;;;;;;;;
M;C236_7_F;;;;;Function block marker;;ЛОЖЬ;ЛОЖЬ;;236;;;;;;;0;;;;3951;ЛОЖЬ;0;;;;;;;;;;;;;;Undefined;;;;;;;;;;;;ЛОЖЬ;ИСТИНА;;;;;;;;;;;;;;;;;;;;;;;;;;;;
M;C696_5_F;;;;;Function block marker;;ЛОЖЬ;ЛОЖЬ;;696;;;;;;;0;;;;3426;ЛОЖЬ;0;;;;;;;;;;;;;;Undefined;;;;;;;;;;;;ЛОЖЬ;ИСТИНА;;;;;;;;;;;;;;;;;;;;;;;;;;;;
M;C316_1;;;;;Compiler marker (232, 72);;ЛОЖЬ;ЛОЖЬ;;316;;;;;;;0;;;;4680;ЛОЖЬ;0;;;;;;;;;;;;;;Undefined;;;;;;;;;;;;ЛОЖЬ;ИСТИНА;;;;;;;;;;;;;;;;;;;;;;;;;;;;
T;686_3;;;;;;;ЛОЖЬ;ЛОЖЬ;;686;;;;;;;;100 ms;5;;1412;ЛОЖЬ;0;;;;;;;;;;;;;;Undefined;;;Delayed OFF with constant timer value;;;;;;;;;ЛОЖЬ;ИСТИНА;;;;;;;;;;;;;;;;;;;;;;;;;;;;
BO;93FI018_LL;;COM;930-20;A_93020;LL TRIP SETPOINT (kg/h);No;ИСТИНА;ЛОЖЬ;;314;;Float;;;;;0;;;;988;;38195;;;;;;;;;0;0;;;;-XXXXX.X;491;3428;;;;;;;;;;ЛОЖЬ;;;;;;;;;;;;;;;;;;Output;EPKS_CCB;ESD_932_1;10172;;;;;;;;
M;C546_4_D;;;;;Function block marker;;ЛОЖЬ;ЛОЖЬ;;546;;;;;;;0;;;;4433;ЛОЖЬ;0;;;;;;;;;;;;;;Undefined;;;;;;;;;;;;ЛОЖЬ;ИСТИНА;;;;;;;;;;;;;;;;;;;;;;;;;;;;
DO;93XA864;;LCP;930-20;A_C93021;C-9302001CX HORN;Yes;ИСТИНА;ЛОЖЬ;;784;;;;;;;0;;;;158;ЛОЖЬ;37612;None;;;;;;1=ACTIVE;;;;;;;Undefined;491;3428;;20.06;9;7;1;Appl;;;;ЛОЖЬ;;;;;;;;;;;;;;;;;;Output;EPKS_CCB;ESD_932_1;1008;;;;;;;;
M;C1031_1_H;;;;;Function block marker;;ЛОЖЬ;ЛОЖЬ;;1031;;;;;;;0;;;;2383;ЛОЖЬ;0;;;;;;;;;;;;;;Undefined;;;;;;;;;;;;ЛОЖЬ;ИСТИНА;;;;;;;;;;;;;;;;;;;;;;;;;;;;
T;699_5;;;;;;;ЛОЖЬ;ЛОЖЬ;;699;;;;;;;;100 ms;5;;1436;ЛОЖЬ;0;;;;;;;;;;;;;;Undefined;;;Delayed OFF with constant timer value;;;;;;;;;ЛОЖЬ;ИСТИНА;;;;;;;;;;;;;;;;;;;;;;;;;;;;
M;C688_4_B;;;;;Function block marker;;ЛОЖЬ;ЛОЖЬ;;688;;;;;;;0;;;;4359;ЛОЖЬ;0;;;;;;;;;;;;;;Undefined;;;;;;;;;;;;ЛОЖЬ;ИСТИНА;;;;;;;;;;;;;;;;;;;;;;;;;;;;
M;C372_6_E;;;;;Function block marker;;ЛОЖЬ;ЛОЖЬ;;372;;;;;;;0;;;;4594;ЛОЖЬ;0;;;;;;;;;;;;;;Undefined;;;;;;;;;;;;ЛОЖЬ;ИСТИНА;;;;;;;;;;;;;;;;;;;;;;;;;;;;
M;400_3;;;;;;;ЛОЖЬ;ЛОЖЬ;;400;;;;;;;0;;;;883;ЛОЖЬ;0;;;;;;;;;;;;;;Undefined;491;3428;;;;;;;;;;ЛОЖЬ;;;;;;;;;;;;;;;;;;;;;;;;;;;;;
DO;93FI011A_TF;;COM;;;TRANSM FAULT;No;ЛОЖЬ;ЛОЖЬ;;312;;;;;;;0;;;;1593;ИСТИНА;38494;None;;;;;;0=ALARM;0=ALARM;;;;;;Undefined;;;;;;;;;;;;ЛОЖЬ;ИСТИНА;;;;;;;;;;;;;;;;;Output;EPKS_CCB;ESD_932_1;1370;;;;;;;;
M;C268_7_F;;;;;Function block marker;;ЛОЖЬ;ЛОЖЬ;;268;;;;;;;0;;;;3858;ЛОЖЬ;0;;;;;;;;;;;;;;Undefined;;;;;;;;;;;;ЛОЖЬ;ИСТИНА;;;;;;;;;;;;;;;;;;;;;;;;;;;;
M;1041_6;;;;;;;ЛОЖЬ;ЛОЖЬ;;1041;;;;;;;0;;;;2487;ЛОЖЬ;0;;;;;;;;;;;;;;Undefined;;;;;;;;;;;;ЛОЖЬ;ИСТИНА;;;;;;;;;;;;;;;;;;;;;;;;;;;;
BO;93LI429_HH;;COM;930-20;A_93020;HH TRIP SETPOINT (%);No;ИСТИНА;ЛОЖЬ;;280;;Float;;;;;0;;;;808;;38205;;;;;;;;;0;0;;;;-XXXXX.X;491;3428;;;;;;;;;;ЛОЖЬ;;;;;;;;;;;;;;;;;;Output;EPKS_CCB;ESD_932_1;10199;;;;;;;;
BO;93PDI880_HH;;COM;930-20;A_C93021;HH TRIP SETPOINT (kPa);No;ИСТИНА;ЛОЖЬ;;692;;Float;;;;;0;;;;676;;38203;;;;;;;;;0;0;;;;-XXXXX.X;491;3428;;;;;;;;;;ЛОЖЬ;;;;;;;;;;;;;;;;;;Output;EPKS_CCB;ESD_932_1;10214;;;;;;;;
M;1013_9;;;;;;;ЛОЖЬ;ЛОЖЬ;;1013;;;;;;;0;;;;2129;ЛОЖЬ;0;;;;;;;;;;;;;;Undefined;;;;;;;;;;;;ЛОЖЬ;ИСТИНА;;;;;;;;;;;;;;;;;;;;;;;;;;;;
M;C246_6_E;;;;;Function block marker;;ЛОЖЬ;ЛОЖЬ;;246;;;;;;;0;;;;3929;ЛОЖЬ;0;;;;;;;;;;;;;;Undefined;;;;;;;;;;;;ЛОЖЬ;ИСТИНА;;;;;;;;;;;;;;;;;;;;;;;;;;;;
M;C314_1_B;;;;;Function block marker;;ЛОЖЬ;ЛОЖЬ;;314;;;;;;;0;;;;4687;ЛОЖЬ;0;;;;;;;;;;;;;;Undefined;;;;;;;;;;;;ЛОЖЬ;ИСТИНА;;;;;;;;;;;;;;;;;;;;;;;;;;;;
M;C276_1_E;;;;;Function block marker;;ЛОЖЬ;ЛОЖЬ;;276;;;;;;;0;;;;3593;ЛОЖЬ;0;;;;;;;;;;;;;;Undefined;;;;;;;;;;;;ЛОЖЬ;ИСТИНА;;;;;;;;;;;;;;;;;;;;;;;;;;;;
BO;93PI820_H;;COM;;;HI ALARM SETPOINT;No;ЛОЖЬ;ЛОЖЬ;;536;;Float;;;;;0;;;;288;;0;;None;None;None;None;;;;;;;;;-XXXXX.X;;;;;;;;;;;;ЛОЖЬ;ИСТИНА;;;;;;;;;;;;;;;;;Output;EPKS_CCB;ESD_932_1;10417;;;;;;;;
M;C284_7_G;;;;;Function block marker;;ЛОЖЬ;ЛОЖЬ;;284;;;;;;;0;;;;3835;ЛОЖЬ;0;;;;;;;;;;;;;;Undefined;;;;;;;;;;;;ЛОЖЬ;ИСТИНА;;;;;;;;;;;;;;;;;;;;;;;;;;;;
M;448_1003_1;;;;;93HS760_P;;ЛОЖЬ;ЛОЖЬ;;1003;;;;;;;0;;;;78;ЛОЖЬ;0;;;;;;;1=RESET;;;;;;;Undefined;;;;;;;;;;;;ЛОЖЬ;ИСТИНА;;;;;;;;;;;;;;;;;;;;;;;;;;;;
M;C250_6_E;;;;;Function block marker;;ЛОЖЬ;ЛОЖЬ;;250;;;;;;;0;;;;3911;ЛОЖЬ;0;;;;;;;;;;;;;;Undefined;;;;;;;;;;;;ЛОЖЬ;ИСТИНА;;;;;;;;;;;;;;;;;;;;;;;;;;;;
DI;93FI420_MOR;;COM;930-20;A_C93021;MO REQUEST;No;ИСТИНА;ИСТИНА;;244;;;;;;;0;;;;2838;ЛОЖЬ;37613;None;;;;;;1=REQUEST;;;;;;;Undefined;491;3428;;;;;;Freeze;;;;ЛОЖЬ;;;;ЛОЖЬ;;;;;;;;;;;;;;Input;EPKS_CCB;ESD_932_1;7;;;;;;;;
DO;93PDAHH880;;COM;930-20;A_C93021;C9302001CX DPRS GAS CYL1;No;ИСТИНА;ЛОЖЬ;;692;;;;;;;0;;;;1526;ИСТИНА;37614;None;;;;;;0=TRIP;;;;;;;Undefined;491;3428;;;;;;;;;;ЛОЖЬ;;;;;;;;;;;;;;;;;;Output;EPKS_CCB;ESD_932_1;647;;;;;;;;
R;362_363_3;;;;;93PI764;;ЛОЖЬ;ЛОЖЬ;;363;;Float;;;;;0;;;;2124;ЛОЖЬ;0;;;;;;;;;;;;;;Undefined;;;;;;;;;;;;ЛОЖЬ;ИСТИНА;;;;;;;;;;;;;;;;;;;;;;;;;;;;
M;C394_3_B;;;;;Function block marker;;ЛОЖЬ;ЛОЖЬ;;394;;;;;;;0;;;;3731;ЛОЖЬ;0;;;;;;;;;;;;;;Undefined;;;;;;;;;;;;ЛОЖЬ;ИСТИНА;;;;;;;;;;;;;;;;;;;;;;;;;;;;
M;1041_5;;;;;;;ЛОЖЬ;ЛОЖЬ;;1041;;;;;;;0;;;;2486;ЛОЖЬ;0;;;;;;;;;;;;;;Undefined;;;;;;;;;;;;ЛОЖЬ;ИСТИНА;;;;;;;;;;;;;;;;;;;;;;;;;;;;
AI;93PI814;;FLD;930-20;A_C93021;C9302001BX PROC GAS CYL1;Yes;ИСТИНА;ЛОЖЬ;;532;ИСТИНА;Float;4-20mA;0;100;kPa-g;;;;;424;ЛОЖЬ;37964;;None;None;None;None;;;;-25;-25;;;;-XXXXX.X;3.64;22;;20.04;9;5;1;Bottom scale;;;;ЛОЖЬ;;ЛОЖЬ;;;;;;;;;;;;;;;;Output;EPKS_CCB;ESD_932_1;10118;;;;;;;;
BO;93TI757_HH;;COM;930-20;A_C93021;HH TRIP SETPOINT (°C);No;ИСТИНА;ЛОЖЬ;;376;;Float;;;;;0;;;;756;;38155;;;;;;;;;0;0;;;;-XXXXX.X;491;3428;;;;;;;;;;ЛОЖЬ;;;;;;;;;;;;;;;;;;Output;EPKS_CCB;ESD_932_1;10251;;;;;;;;
M;C522_4_E;;;;;Function block marker;;ЛОЖЬ;ЛОЖЬ;;522;;;;;;;0;;;;4515;ЛОЖЬ;0;;;;;;;;;;;;;;Undefined;;;;;;;;;;;;ЛОЖЬ;ИСТИНА;;;;;;;;;;;;;;;;;;;;;;;;;;;;
M;542_630_2;;;;;93TAHH803_I;;ЛОЖЬ;ЛОЖЬ;;630;;;;;;;0;;;;1025;ЛОЖЬ;0;;;;;;;0=TRIP INITIATOR;;;;;;;Undefined;491;3428;;;;;;;;;;ЛОЖЬ;;;;;;;;;;;;;;;;;;;;;;;;;;;;;
M;C358_4_G;;;;;Function block marker;;ЛОЖЬ;ЛОЖЬ;;358;;;;;;;0;;;;4645;ЛОЖЬ;0;;;;;;;;;;;;;;Undefined;;;;;;;;;;;;ЛОЖЬ;ИСТИНА;;;;;;;;;;;;;;;;;;;;;;;;;;;;
DO;93TI987_TF;;COM;930-20;A_93020;TRANSM. FAIL;No;ИСТИНА;ЛОЖЬ;;292;;;;;;;0;;;;193;ИСТИНА;37616;None;;;;;;0=FAIL;;;;;;;Undefined;491;3428;;;;;;;;;;ЛОЖЬ;;;;;;;;;;;;;;;;;;Output;EPKS_CCB;ESD_932_1;862;;;;;;;;
M;248_8;;;;;;;ЛОЖЬ;ЛОЖЬ;;248;;;;;;;0;;;;3779;ЛОЖЬ;0;;;;;;;;;;;;;;Undefined;;;;;;;;;;;;ЛОЖЬ;ИСТИНА;;;;;;;;;;;;;;;;;;;;;;;;;;;;
M;402_156_1;;;;;93PT926;;ЛОЖЬ;ЛОЖЬ;;156;;;;;;;0;;;;878;ЛОЖЬ;0;;;;;;;1=MO CONFIRMED;;;;;;;Undefined;491;3428;;;;;;;;;;ЛОЖЬ;;;;;;;;;;;;;;;;;;;;;;;;;;;;;
DO;IB932_ESD1_RT2;;COM;932;;REPAIR TIMER STARTED;No;ИСТИНА;ЛОЖЬ;;17;;;;;;;0;;;;1359;ЛОЖЬ;38336;None;;;;;;0=STARTED;;;;;;;Undefined;;;;;;;;;;;;ЛОЖЬ;ИСТИНА;;;;;;;;;;;;;;;;;Output;EPKS_CCB;ESD_932_1;912;;;;;;;;
M;C392_6_G;;;;;Function block marker;;ЛОЖЬ;ЛОЖЬ;;392;;;;;;;0;;;;4542;ЛОЖЬ;0;;;;;;;;;;;;;;Undefined;;;;;;;;;;;;ЛОЖЬ;ИСТИНА;;;;;;;;;;;;;;;;;;;;;;;;;;;;
BO;93LI425_LL;;COM;930-20;A_93020;LL TRIP SETPOINT (%);No;ИСТИНА;ЛОЖЬ;;270;;Float;;;;;0;;;;448;;38173;;;;;;;;;0;0;;;;-XXXXX.X;491;3428;;;;;;;;;;ЛОЖЬ;;;;;;;;;;;;;;;;;;Output;EPKS_CCB;ESD_932_1;10196;;;;;;;;
M;290_3;;;930-20;;;;ЛОЖЬ;ЛОЖЬ;;290;;;;;;;0;;;;487;ЛОЖЬ;0;;;;;;;;;;;;;;Undefined;491;3428;;;;;;;;;;ЛОЖЬ;;;;;;;;;;;;;;;;;;;;;;;;;;;;;
M;540_166_1;;;;;93PT834;;ЛОЖЬ;ЛОЖЬ;;166;;;;;;;0;;;;1300;ЛОЖЬ;0;;;;;;;1=MO CONFIRMED;;;;;;;Undefined;491;3428;;;;;;;;;;ЛОЖЬ;;;;;;;;;;;;;;;;;;;;;;;;;;;;;
DO;93TAHH811_CA;;COM;930-20;A_C93021;CAUSE ALARM;No;ИСТИНА;ЛОЖЬ;;550;;;;;;;0;;;;1136;ЛОЖЬ;37617;None;;;;;;0=ALARM;;;;;;;Undefined;491;3428;;;;;;;;;;ЛОЖЬ;;;;;;;;;;;;;;;;;;Output;EPKS_CCB;ESD_932_1;736;;;;;;;;
AI;93TI852;;FLD;;;C9302001CX COOL H2O CYL1;Yes;ИСТИНА;ЛОЖЬ;;706;ИСТИНА;Float;4-20mA;-50;100;°C;;;;;772;ЛОЖЬ;38493;;None;None;None;None;;;;;;;;;-XXXXX.X;3.76;21;;20.04;17;7;1;Top scale;;;;ЛОЖЬ;ИСТИНА;ЛОЖЬ;;;;;;;;;;;;;;;;Output;EPKS_CCB;ESD_932_1;10364;;;;;;;;
M;C706_6_E;;;;;Function block marker;;ЛОЖЬ;ЛОЖЬ;;706;;;;;;;0;;;;4290;ЛОЖЬ;0;;;;;;;;;;;;;;Undefined;;;;;;;;;;;;ЛОЖЬ;ИСТИНА;;;;;;;;;;;;;;;;;;;;;;;;;;;;
DO;93LI751_TF;;COM;930-20;A_C93021;TRANSM. FAIL;No;ИСТИНА;ЛОЖЬ;;354;;;;;;;0;;;;603;ИСТИНА;37618;None;;;;;;0=FAIL;;;;;;;Undefined;491;3428;;;;;;;;;;ЛОЖЬ;;;;;;;;;;;;;;;;;;Output;EPKS_CCB;ESD_932_1;566;;;;;;;;
DO;93LALL424_CA;;COM;930-20;A_93020;CAUSE ALARM;No;ЛОЖЬ;ЛОЖЬ;;270;;;;;;;0;;;;3348;ЛОЖЬ;0;None;;;;;;0=ALARM;0=ALARM;;;;;;Undefined;;;;;;;;;;;;ЛОЖЬ;ИСТИНА;;;;;;;;;;;;;;;;;Output;EPKS_CCB;ESD_932_1;1243;;;;;;;;
M;C368_5_E;;;;;Function block marker;;ЛОЖЬ;ЛОЖЬ;;368;;;;;;;0;;;;3548;ЛОЖЬ;0;;;;;;;;;;;;;;Undefined;;;;;;;;;;;;ЛОЖЬ;ИСТИНА;;;;;;;;;;;;;;;;;;;;;;;;;;;;
R;698_699_4;;;;;93PI869;;ЛОЖЬ;ЛОЖЬ;;699;;Float;;;;;0;;;;2188;ЛОЖЬ;0;;;;;;;;;;;;;;Undefined;;;;;;;;;;;;ЛОЖЬ;ИСТИНА;;;;;;;;;;;;;;;;;;;;;;;;;;;;
DO;93TAHH852_CA;;COM;;;CAUSE ALARM;No;ЛОЖЬ;ЛОЖЬ;;706;;;;;;;0;;;;3368;ЛОЖЬ;0;None;;;;;;0=ALARM;0=ALARM;;;;;;Undefined;;;;;;;;;;;;ЛОЖЬ;ИСТИНА;;;;;;;;;;;;;;;;;Output;EPKS_CCB;ESD_932_1;1263;;;;;;;;
BO;93LI436_LL;;COM;930-20;A_93020;LL TRIP SETPOINT (%);No;ИСТИНА;ЛОЖЬ;;288;;Float;;;;;0;;;;600;;38167;;;;;;;;;0;0;;;;-XXXXX.X;491;3428;;;;;;;;;;ЛОЖЬ;;;;;;;;;;;;;;;;;;Output;EPKS_CCB;ESD_932_1;10202;;;;;;;;
M;C2460_3;;;;;Compiler marker (224, 307);;ЛОЖЬ;ЛОЖЬ;;2460;;;;;;;0;;;;291;ЛОЖЬ;0;;;;;;;;;;;;;;Undefined;491;3428;;;;;;;;;;ЛОЖЬ;;;;;;;;;;;;;;;;;;;;;;;;;;;;;
M;C380_6_E;;;;;Function block marker;;ЛОЖЬ;ЛОЖЬ;;380;;;;;;;0;;;;4577;ЛОЖЬ;0;;;;;;;;;;;;;;Undefined;;;;;;;;;;;;ЛОЖЬ;ИСТИНА;;;;;;;;;;;;;;;;;;;;;;;;;;;;
DO;93FI426_TF;;COM;930-20;A_C93021;TRANSM. FAIL;No;ИСТИНА;ЛОЖЬ;;250;;;;;;;0;;;;313;ИСТИНА;37619;None;;;;;;0=FAIL;;;;;;;Undefined;491;3428;;;;;;;;;;ЛОЖЬ;;;;;;;;;;;;;;;;;;Output;EPKS_CCB;ESD_932_1;450;;;;;;;;
M;C312_3_F;;;;;Function block marker;;ЛОЖЬ;ЛОЖЬ;;312;;;;;;;0;;;;1893;ЛОЖЬ;0;;;;;;;;;;;;;;Undefined;;;;;;;;;;;;ЛОЖЬ;ИСТИНА;;;;;;;;;;;;;;;;;;;;;;;;;;;;
M;C254_8_D;;;;;Function block marker;;ЛОЖЬ;ЛОЖЬ;;254;;;;;;;0;;;;3900;ЛОЖЬ;0;;;;;;;;;;;;;;Undefined;;;;;;;;;;;;ЛОЖЬ;ИСТИНА;;;;;;;;;;;;;;;;;;;;;;;;;;;;
DO;93XY116_C;;COM;;;;No;ИСТИНА;ЛОЖЬ;;312;;;;;;;0;;;;60;ИСТИНА;38076;None;;;;;;0=TRIP;;;;;;;Undefined;;;;;;;;;;;;ЛОЖЬ;ИСТИНА;;;;;;;;;;;;;;;;;Output;EPKS_CCB;ESD_932_1;988;;;;;;;;
DI;93PDI880_MOR;;COM;930-20;A_C93021;MO REQUEST;No;ИСТИНА;ИСТИНА;;692;;;;;;;0;;;;2899;ЛОЖЬ;37620;None;;;;;;1=REQUEST;;;;;;;Undefined;491;3428;;;;;;Freeze;;;;ЛОЖЬ;;;;ЛОЖЬ;;;;;;;;;;;;;;Input;EPKS_CCB;ESD_932_1;68;;;;;;;;
T;386_2;;;;;;;ЛОЖЬ;ЛОЖЬ;;386;;;;;;;;100 ms;5;;712;ЛОЖЬ;0;;;;;;;;;;;;;;Undefined;;;Delayed OFF with constant timer value;;;;;;;;;ЛОЖЬ;ИСТИНА;;;;;;;;;;;;;;;;;;;;;;;;;;;;
M;C1047_1_M;;;;;Function block marker;;ЛОЖЬ;ЛОЖЬ;;1047;;;;;;;0;;;;2634;ЛОЖЬ;0;;;;;;;;;;;;;;Undefined;;;;;;;;;;;;ЛОЖЬ;ИСТИНА;;;;;;;;;;;;;;;;;;;;;;;;;;;;
M;414_416_2;;;;;TOTAL COMMON TRIP;;ЛОЖЬ;ЛОЖЬ;;416;;;;;;;0;;;;169;ЛОЖЬ;0;;;;;;;0=TRIP;;;;;;;Undefined;491;3428;;;;;;;;;;ЛОЖЬ;;;;;;;;;;;;;;;;;;;;;;;;;;;;;
M;C398_2_C;;;;;Function block marker;;ЛОЖЬ;ЛОЖЬ;;398;;;;;;;0;;;;4534;ЛОЖЬ;0;;;;;;;;;;;;;;Undefined;;;;;;;;;;;;ЛОЖЬ;ИСТИНА;;;;;;;;;;;;;;;;;;;;;;;;;;;;
DO;93PAHH864_FU;;COM;930-20;A_C93021;C9302001CX PRS GAS CYL1;No;ИСТИНА;ЛОЖЬ;;1041;;;;;;;0;;;;2583;ЛОЖЬ;38305;None;;;;;;1=FIRST;;;;;;;Undefined;;;;;;;;;;;;ЛОЖЬ;ИСТИНА;;;;;;;;;;;;;;;;;Output;EPKS_CCB;ESD_932_1;1146;;;;;;;;
M;556_8;;;;;;;ЛОЖЬ;ЛОЖЬ;;556;;;;;;;0;;;;4093;ЛОЖЬ;0;;;;;;;;;;;;;;Undefined;;;;;;;;;;;;ЛОЖЬ;ИСТИНА;;;;;;;;;;;;;;;;;;;;;;;;;;;;
DO;93PILL818_CA;;COM;;;CAUSE ALARM;No;ЛОЖЬ;ЛОЖЬ;;535;;;;;;;0;;;;3326;ЛОЖЬ;0;None;;;;;;0=ALARM;0=ALARM;;;;;;Undefined;;;;;;;;;;;;ЛОЖЬ;ИСТИНА;;;;;;;;;;;;;;;;;Output;EPKS_CCB;ESD_932_1;1221;;;;;;;;
M;1043_2;;;;;;;ЛОЖЬ;ЛОЖЬ;;1043;;;;;;;0;;;;2490;ЛОЖЬ;0;;;;;;;;;;;;;;Undefined;;;;;;;;;;;;ЛОЖЬ;ИСТИНА;;;;;;;;;;;;;;;;;;;;;;;;;;;;
M;C300_1_D;;;;;Function block marker;;ЛОЖЬ;ЛОЖЬ;;300;;;;;;;0;;;;2780;ЛОЖЬ;0;;;;;;;;;;;;;;Undefined;491;3428;;;;;;;;;;ЛОЖЬ;;;;;;;;;;;;;;;;;;;;;;;;;;;;;
DO;93PALL769;;COM;930-20;A_C93021;C9302001AX PRS GAS CYL2;No;ИСТИНА;ЛОЖЬ;;365;;;;;;;0;;;;706;ИСТИНА;37897;None;;;;;;0=TRIP;;;;;;;Undefined;491;3428;;;;;;;;;;ЛОЖЬ;;;;;;;;;;;;;;;;;;Output;EPKS_CCB;ESD_932_1;615;;;;;;;;
M;696_697_1;;;;;93PT864;;ЛОЖЬ;ЛОЖЬ;;697;;;;;;;0;;;;4149;ЛОЖЬ;0;;;;;;;1=MO CONFIRMED;;;;;;;Undefined;;;;;;;;;;;;ЛОЖЬ;ИСТИНА;;;;;;;;;;;;;;;;;;;;;;;;;;;;
DO;93LI852A_TF;;COM;;;TRANSM FAULT;No;ЛОЖЬ;ЛОЖЬ;;688;;;;;;;0;;;;2303;ИСТИНА;38492;None;;;;;;0=ALARM;0=ALARM;;;;;;Undefined;;;;;;;;;;;;ЛОЖЬ;ИСТИНА;;;;;;;;;;;;;;;;;Output;EPKS_CCB;ESD_932_1;1384;;;;;;;;
DO;93XA770C;;COM;930-20;A_C93021;C9302001CX CW CON TRIP;No;ИСТИНА;ЛОЖЬ;;788;;;;;;;0;;;;1360;ИСТИНА;37898;None;;;;;;0=TRIP;;;;;;;Undefined;491;3428;;;;;;;;;;ЛОЖЬ;;;;;;;;;;;;;;;;;;Output;EPKS_CCB;ESD_932_1;876;;;;;;;;
M;C274_2_F;;;;;Function block marker;;ЛОЖЬ;ЛОЖЬ;;274;;;;;;;0;;;;3846;ЛОЖЬ;0;;;;;;;;;;;;;;Undefined;;;;;;;;;;;;ЛОЖЬ;ИСТИНА;;;;;;;;;;;;;;;;;;;;;;;;;;;;
DO;93PAHH826;;COM;;;C9302001BX PRS OIL CKC;No;ИСТИНА;ЛОЖЬ;;538;;;;;;;0;;;;1125;ИСТИНА;37621;None;;;;;;0=TRIP;;;;;;;Undefined;491;3428;;;;;;;;;;ЛОЖЬ;;;;;;;;;;;;;;;;;;Output;EPKS_CCB;ESD_932_1;591;;;;;;;;
M;2460_D;;;;;LIMIT_CLOSE;;ЛОЖЬ;ЛОЖЬ;;2460;;;;;;;0;;;;137;ЛОЖЬ;0;;;;;;;;;;;;;;Undefined;491;3428;;;;;;;;;;ЛОЖЬ;;;;;;;;;;;;;;;;;;;;;;;;;;;;;
M;1025_1027_1;;;;;FIRST OUT SEQUENCE;;ЛОЖЬ;ЛОЖЬ;;1027;;;;;;;0;;;;2278;ЛОЖЬ;0;;;;;;;1=FU ALARM;;;;;;;Undefined;;;;;;;;;;;;ЛОЖЬ;ИСТИНА;;;;;;;;;;;;;;;;;;;;;;;;;;;;
M;C699_4_G;;;;;Function block marker;;ЛОЖЬ;ЛОЖЬ;;699;;;;;;;0;;;;4326;ЛОЖЬ;0;;;;;;;;;;;;;;Undefined;;;;;;;;;;;;ЛОЖЬ;ИСТИНА;;;;;;;;;;;;;;;;;;;;;;;;;;;;
T;648_3;;;;;;;ЛОЖЬ;ЛОЖЬ;;648;;;;;;;;100 ms;50;;372;ЛОЖЬ;0;;;;;;;;;;;;;;Undefined;491;3428;Delayed OFF with constant timer value;;;;;;;;;ЛОЖЬ;;;;;;;;;;;;;;;;;;;;;;;;;;;;;
M;684_8;;;;;;;ЛОЖЬ;ЛОЖЬ;;684;;;;;;;0;;;;4125;ЛОЖЬ;0;;;;;;;;;;;;;;Undefined;;;;;;;;;;;;ЛОЖЬ;ИСТИНА;;;;;;;;;;;;;;;;;;;;;;;;;;;;
M;1047_6;;;;;;;ЛОЖЬ;ЛОЖЬ;;1047;;;;;;;0;;;;2508;ЛОЖЬ;0;;;;;;;;;;;;;;Undefined;;;;;;;;;;;;ЛОЖЬ;ИСТИНА;;;;;;;;;;;;;;;;;;;;;;;;;;;;
M;C392_6_F;;;;;Function block marker;;ЛОЖЬ;ЛОЖЬ;;392;;;;;;;0;;;;4541;ЛОЖЬ;0;;;;;;;;;;;;;;Undefined;;;;;;;;;;;;ЛОЖЬ;ИСТИНА;;;;;;;;;;;;;;;;;;;;;;;;;;;;
M;298_6;;;;;;;ЛОЖЬ;ЛОЖЬ;;298;;;;;;;0;;;;508;ЛОЖЬ;0;;;;;;;;;;;;;;Undefined;491;3428;;;;;;;;;;ЛОЖЬ;;;;;;;;;;;;;;;;;;;;;;;;;;;;;
M;300_1035_4;;;;;93HS551B_I;;ЛОЖЬ;ЛОЖЬ;;1035;;;;;;;0;;;;2330;ЛОЖЬ;0;;;;;;;0=TRIP INITIATOR;;;;;;;Undefined;;;;;;;;;;;;ЛОЖЬ;ИСТИНА;;;;;;;;;;;;;;;;;;;;;;;;;;;;
M;C564_2_B;;;;;Function block marker;;ЛОЖЬ;ЛОЖЬ;;564;;;;;;;0;;;;1534;ЛОЖЬ;0;;;;;;;;;;;;;;Undefined;;;;;;;;;;;;ЛОЖЬ;ИСТИНА;;;;;;;;;;;;;;;;;;;;;;;;;;;;
T;320_6;;;;;;;ЛОЖЬ;ЛОЖЬ;;320;;;;;;;;100 ms;5;;1264;ЛОЖЬ;0;;;;;;;;;;;;;;Undefined;;;Delayed OFF with constant timer value;;;;;;;;;ЛОЖЬ;ИСТИНА;;;;;;;;;;;;;;;;;;;;;;;;;;;;
M;562_1029_2;;;;;93TAHH887_I;;ЛОЖЬ;ЛОЖЬ;;1029;;;;;;;0;;;;2315;ЛОЖЬ;0;;;;;;;0=TRIP INITIATOR;;;;;;;Undefined;;;;;;;;;;;;ЛОЖЬ;ИСТИНА;;;;;;;;;;;;;;;;;;;;;;;;;;;;
DO;93XY494;;MCC;930-20;A_C93021;AUTO STOP C-9302001CX;Yes;ИСТИНА;ЛОЖЬ;;798;;;;;;;0;;;;152;ИСТИНА;37622;None;;;;;;0=TRIP;;;;;;;Undefined;491;3428;;20.06;9;1;1;Appl;;;;ЛОЖЬ;;;;;;;;;;;;;;;;;;Output;EPKS_CCB;ESD_932_1;1037;;;;;;;;
M;C266_5_B;;;;;Function block marker;;ЛОЖЬ;ЛОЖЬ;;266;;;;;;;0;;;;3862;ЛОЖЬ;0;;;;;;;;;;;;;;Undefined;;;;;;;;;;;;ЛОЖЬ;ИСТИНА;;;;;;;;;;;;;;;;;;;;;;;;;;;;
M;C2346_2;;;;;Compiler marker (264, 108);;ЛОЖЬ;ЛОЖЬ;;2346;;;;;;;0;;;;363;ЛОЖЬ;0;;;;;;;;;;;;;;Undefined;491;3428;;;;;;;;;;ЛОЖЬ;;;;;;;;;;;;;;;;;;;;;;;;;;;;;
M;350_811_5;;;;;93FAL754_PERM;;ЛОЖЬ;ЛОЖЬ;;811;;;;;;;0;;;;4021;ЛОЖЬ;0;;;;;;;0=ALARM;;;;;;;Undefined;;;;;;;;;;;;ЛОЖЬ;ИСТИНА;;;;;;;;;;;;;;;;;;;;;;;;;;;;
M;370_412_3;;;;;93PALL784_I;;ЛОЖЬ;ЛОЖЬ;;412;;;;;;;0;;;;681;ЛОЖЬ;0;;;;;;;0=TRIP INITIATOR;;;;;;;Undefined;491;3428;;;;;;;;;;ЛОЖЬ;;;;;;;;;;;;;;;;;;;;;;;;;;;;;
AI;93FI754;;FLD;930-20;A_C93021;C9302001AX COOL H2O CYL1;Yes;ИСТИНА;ЛОЖЬ;;350;ИСТИНА;Float;4-20mA;0;3.5;m3/h;;;;;340;ЛОЖЬ;37959;;None;None;None;None;;;;-0.875;-0.875;;;;-XXXXX.X;3.64;22;;20.04;7;1;1;Top scale;;;;ЛОЖЬ;;ЛОЖЬ;;;;;;;;;;;;;;;;Output;EPKS_CCB;ESD_932_1;10076;;;;;;;;
M;C370_4_B;;;;;Function block marker;;ЛОЖЬ;ЛОЖЬ;;370;;;;;;;0;;;;4597;ЛОЖЬ;0;;;;;;;;;;;;;;Undefined;;;;;;;;;;;;ЛОЖЬ;ИСТИНА;;;;;;;;;;;;;;;;;;;;;;;;;;;;
M;C526_4_B;;;;;Function block marker;;ЛОЖЬ;ЛОЖЬ;;526;;;;;;;0;;;;4498;ЛОЖЬ;0;;;;;;;;;;;;;;Undefined;;;;;;;;;;;;ЛОЖЬ;ИСТИНА;;;;;;;;;;;;;;;;;;;;;;;;;;;;
DO;93LI416_TF;;COM;;;TRANSM. FAIL;No;ЛОЖЬ;ЛОЖЬ;;263;;;;;;;0;;;;215;ИСТИНА;38419;None;;;;;;0=FAIL;0=FAIL;;;;;;Undefined;;;;;;;;;;;;ЛОЖЬ;ИСТИНА;;;;;;;;;;;;;;;;;Output;EPKS_CCB;ESD_932_1;1307;;;;;;;;
DO;93TAH885;;COM;;;HI ALARM;No;ЛОЖЬ;ЛОЖЬ;;722;;;;;;;0;;;;3610;ЛОЖЬ;0;None;;;;;;0=ALARM;0=ALARM;;;;;;Undefined;;;;;;;;;;;;ЛОЖЬ;ИСТИНА;;;;;;;;;;;;;;;;;Output;EPKS_CCB;ESD_932_1;1436;;;;;;;;
AI;93TI936;;FLD;930-20;A_C93021;C-9302001CX TMP BEAR NDE;Yes;ИСТИНА;ЛОЖЬ;;724;ИСТИНА;Float;4-20mA;-50;200;°C;;;;;324;ЛОЖЬ;37967;;None;None;None;None;;;;-112.5;-112.5;;;;-XXXXX.X;3.76;21;;20.04;5;14;1;Bottom scale;;;;ЛОЖЬ;;ЛОЖЬ;;;;;;;;;;;;;;;;Output;EPKS_CCB;ESD_932_1;10164;;;;;;;;
M;C688_5_E;;;;;Function block marker;;ЛОЖЬ;ЛОЖЬ;;688;;;;;;;0;;;;4360;ЛОЖЬ;0;;;;;;;;;;;;;;Undefined;;;;;;;;;;;;ЛОЖЬ;ИСТИНА;;;;;;;;;;;;;;;;;;;;;;;;;;;;
DO;93PALL088_CA;;COM;930-20;A_93020;CAUSE ALARM;No;ИСТИНА;ЛОЖЬ;;310;;;;;;;0;;;;1704;ЛОЖЬ;37729;None;;;;;;0=ALARM;;;;;;;Undefined;491;3428;;;;;;;;;;ЛОЖЬ;;;;;;;;;;;;;;;;;;Output;EPKS_CCB;ESD_932_1;520;;;;;;;;
M;536_7;;;;;;;ЛОЖЬ;ЛОЖЬ;;536;;;;;;;0;;;;4060;ЛОЖЬ;0;;;;;;;;;;;;;;Undefined;;;;;;;;;;;;ЛОЖЬ;ИСТИНА;;;;;;;;;;;;;;;;;;;;;;;;;;;;
DO;93XY468;;MCC;930-20;A_C93021;AUTO OPENING 93XV468;Yes;ИСТИНА;ЛОЖЬ;;798;;;;;;;0;;;;108;ЛОЖЬ;37625;None;;;;;;1=OPEN;;;;;;;Undefined;491;3428;;20.06;3;5;1;Appl;;;;ЛОЖЬ;;;;;;;;;;;;;;;;;;;;;;;;;;;;;
M;1035_6;;;;;;;ЛОЖЬ;ЛОЖЬ;;1035;;;;;;;0;;;;2274;ЛОЖЬ;0;;;;;;;;;;;;;;Undefined;;;;;;;;;;;;ЛОЖЬ;ИСТИНА;;;;;;;;;;;;;;;;;;;;;;;;;;;;
DO;93HA857_PA;;COM;930-20;A_C93021;1OO2 PRE ALARM;No;ИСТИНА;ЛОЖЬ;;732;;;;;;;0;;;;1372;ЛОЖЬ;37899;None;;;;;;0=ALARM;;;;;;;Undefined;491;3428;;;;;;;;;;ЛОЖЬ;;;;;;;;;;;;;;;;;;Output;EPKS_CCB;ESD_932_1;478;;;;;;;;
M;C448_2;;;;;Compiler marker (176, 6);;ЛОЖЬ;ЛОЖЬ;;448;;;;;;;0;;;;947;ЛОЖЬ;0;;;;;;;;;;;;;;Undefined;491;3428;;;;;;;;;;ЛОЖЬ;;;;;;;;;;;;;;;;;;;;;;;;;;;;;
DO;93FALL423_CA;;COM;930-20;A_C93021;CAUSE ALARM;No;ЛОЖЬ;ЛОЖЬ;;248;;;;;;;0;;;;3314;ЛОЖЬ;0;None;;;;;;0=ALARM;0=ALARM;;;;;;Undefined;;;;;;;;;;;;ЛОЖЬ;ИСТИНА;;;;;;;;;;;;;;;;;Output;EPKS_CCB;ESD_932_1;1209;;;;;;;;
DI;93XSC421;;FLD;;;SHUTTER 93XV421;No;ИСТИНА;ЛОЖЬ;;324;;;;;;;;;;;70;ЛОЖЬ;37734;None;;;;;;1=CLOSE;;;;;;;Undefined;;;;20.03;9;15;1;Low;;;;ЛОЖЬ;ИСТИНА;;;ЛОЖЬ;;;;;;;;;;;;;;;;;;;;;;;;;
M;C560_4_B;;;;;Function block marker;;ЛОЖЬ;ЛОЖЬ;;560;;;;;;;0;;;;4383;ЛОЖЬ;0;;;;;;;;;;;;;;Undefined;;;;;;;;;;;;ЛОЖЬ;ИСТИНА;;;;;;;;;;;;;;;;;;;;;;;;;;;;
AI;93TI981;;FLD;930-20;A_P93020;HERM GLASS P-9302001SX;Yes;ИСТИНА;ЛОЖЬ;;296;ИСТИНА;Float;4-20mA;-50;120;°C;;;;;168;ЛОЖЬ;37923;;None;None;None;None;;;;-92.5;-92.5;;;;-XXXXX.X;3.76;21;;20.04;1;9;1;Bottom scale;;;;ЛОЖЬ;;ЛОЖЬ;;;;;;;;;;;;;;;;Output;EPKS_CCB;ESD_932_1;10167;;;;;;;;
M;288_9;;;;;;;ЛОЖЬ;ЛОЖЬ;;288;;;;;;;0;;;;3810;ЛОЖЬ;0;;;;;;;;;;;;;;Undefined;;;;;;;;;;;;ЛОЖЬ;ИСТИНА;;;;;;;;;;;;;;;;;;;;;;;;;;;;
M;370_160_1;;;;;93PT784;;ЛОЖЬ;ЛОЖЬ;;160;;;;;;;0;;;;1018;ЛОЖЬ;0;;;;;;;1=MO CONFIRMED;;;;;;;Undefined;491;3428;;;;;;;;;;ЛОЖЬ;;;;;;;;;;;;;;;;;;;;;;;;;;;;;
M;C700_5_F;;;;;Function block marker;;ЛОЖЬ;ЛОЖЬ;;700;;;;;;;0;;;;4315;ЛОЖЬ;0;;;;;;;;;;;;;;Undefined;;;;;;;;;;;;ЛОЖЬ;ИСТИНА;;;;;;;;;;;;;;;;;;;;;;;;;;;;
M;1027_3;;;;;;;ЛОЖЬ;ЛОЖЬ;;1027;;;;;;;0;;;;2247;ЛОЖЬ;0;;;;;;;;;;;;;;Undefined;;;;;;;;;;;;ЛОЖЬ;ИСТИНА;;;;;;;;;;;;;;;;;;;;;;;;;;;;
M;358_158_1;;;;;93PDT780;;ЛОЖЬ;ЛОЖЬ;;158;;;;;;;0;;;;616;ЛОЖЬ;0;;;;;;;1=MO CONFIRMED;;;;;;;Undefined;491;3428;;;;;;;;;;ЛОЖЬ;;;;;;;;;;;;;;;;;;;;;;;;;;;;;
M;C552_6_F;;;;;Function block marker;;ЛОЖЬ;ЛОЖЬ;;552;;;;;;;0;;;;4416;ЛОЖЬ;0;;;;;;;;;;;;;;Undefined;;;;;;;;;;;;ЛОЖЬ;ИСТИНА;;;;;;;;;;;;;;;;;;;;;;;;;;;;
M;392_162_1;;;;;93TT837;;ЛОЖЬ;ЛОЖЬ;;162;;;;;;;0;;;;822;ЛОЖЬ;0;;;;;;;1=MO CONFIRMED;;;;;;;Undefined;491;3428;;;;;;;;;;ЛОЖЬ;;;;;;;;;;;;;;;;;;;;;;;;;;;;;
T;546_1;;;930-20;;;;ЛОЖЬ;ЛОЖЬ;;546;;;;;;;;100 ms;5;;476;ЛОЖЬ;0;;;;;;;;;;;;;;Undefined;491;3428;Delayed OFF with constant timer value;;;;;;;;;ЛОЖЬ;;;;;;;;;;;;;;;;;;;;;;;;;;;;;
M;C400_3_F;;;;;Function block marker;;ЛОЖЬ;ЛОЖЬ;;400;;;;;;;0;;;;3513;ЛОЖЬ;0;;;;;;;;;;;;;;Undefined;;;;;;;;;;;;ЛОЖЬ;ИСТИНА;;;;;;;;;;;;;;;;;;;;;;;;;;;;
M;360_8;;;;;;;ЛОЖЬ;ЛОЖЬ;;360;;;;;;;0;;;;3628;ЛОЖЬ;0;;;;;;;;;;;;;;Undefined;;;;;;;;;;;;ЛОЖЬ;ИСТИНА;;;;;;;;;;;;;;;;;;;;;;;;;;;;
M;C246_6_G;;;;;Function block marker;;ЛОЖЬ;ЛОЖЬ;;246;;;;;;;0;;;;3931;ЛОЖЬ;0;;;;;;;;;;;;;;Undefined;;;;;;;;;;;;ЛОЖЬ;ИСТИНА;;;;;;;;;;;;;;;;;;;;;;;;;;;;
M;C288_6_E;;;;;Function block marker;;ЛОЖЬ;ЛОЖЬ;;288;;;;;;;0;;;;3821;ЛОЖЬ;0;;;;;;;;;;;;;;Undefined;;;;;;;;;;;;ЛОЖЬ;ИСТИНА;;;;;;;;;;;;;;;;;;;;;;;;;;;;
AI;93TI758;;FLD;;;C9302001AX COOL H2O CYL2;Yes;ИСТИНА;ЛОЖЬ;;378;ИСТИНА;Float;4-20mA;-50;100;°C;;;;;640;ЛОЖЬ;38491;;None;None;None;None;;;;;;;;;-XXXXX.X;3.76;21;;20.03;11;8;1;Top scale;;;;ЛОЖЬ;ИСТИНА;ЛОЖЬ;;;;;;;;;;;;;;;;Output;EPKS_CCB;ESD_932_1;10339;;;;;;;;
M;C240_2_D;;;;;Function block marker;;ЛОЖЬ;ЛОЖЬ;;240;;;;;;;0;;;;2804;ЛОЖЬ;0;;;;;;;;;;;;;;Undefined;491;3428;;;;;;;;;;ЛОЖЬ;;;;;;;;;;;;;;;;;;;;;;;;;;;;;
AI;93LI434;;FLD;930-20;A_93020;HYDROC GAS CON B9302003A;Yes;ИСТИНА;ЛОЖЬ;;284;ИСТИНА;Float;4-20mA;0;100;%;;;;;156;ЛОЖЬ;37779;;None;None;None;None;;;;-25;-25;;;;-XXXXX.X;3.64;22;;20.04;1;6;1;Bottom scale;;;;ЛОЖЬ;;ЛОЖЬ;;;;;;;;;;;;;;;;Output;EPKS_CCB;ESD_932_1;10093;;;;;;;;
M;C1023_1_J;;;;;Function block marker;;ЛОЖЬ;ЛОЖЬ;;1023;;;;;;;0;;;;2409;ЛОЖЬ;0;;;;;;;;;;;;;;Undefined;;;;;;;;;;;;ЛОЖЬ;ИСТИНА;;;;;;;;;;;;;;;;;;;;;;;;;;;;
DO;93PAHH814;;COM;930-20;A_C93021;C9302001BX PRS GAS CYL1;No;ИСТИНА;ЛОЖЬ;;532;;;;;;;0;;;;1169;ИСТИНА;37628;None;;;;;;0=TRIP;;;;;;;Undefined;491;3428;;;;;;;;;;ЛОЖЬ;;;;;;;;;;;;;;;;;;Output;EPKS_CCB;ESD_932_1;585;;;;;;;;
M;568_648_1;;;;;93HS807_I STOP;;ЛОЖЬ;ЛОЖЬ;;648;;;;;;;0;;;;937;ЛОЖЬ;0;;;;;;;0=TRIP;;;;;;;Undefined;491;3428;;;;;;;;;;ЛОЖЬ;;;;;;;;;;;;;;;;;;;;;;;;;;;;;
M;310_150_1;;;;;93PT088;;ЛОЖЬ;ЛОЖЬ;;150;;;;;;;0;;;;1746;ЛОЖЬ;0;;;;;;;1=MO CONFIRMED;;;;;;;Undefined;491;3428;;;;;;;;;;ЛОЖЬ;;;;;;;;;;;;;;;;;;;;;;;;;;;;;
T;692_2;;;;;;;ЛОЖЬ;ЛОЖЬ;;692;;;;;;;;100 ms;5;;912;ЛОЖЬ;0;;;;;;;;;;;;;;Undefined;;;Delayed OFF with constant timer value;;;;;;;;;ЛОЖЬ;ИСТИНА;;;;;;;;;;;;;;;;;;;;;;;;;;;;
DO;93LALL421;;COM;930-20;A_93020;HYD GAS COND  B9302001B;No;ИСТИНА;ЛОЖЬ;;266;;;;;;;0;;;;395;ИСТИНА;37629;None;;;;;;0=TRIP;;;;;;;Undefined;491;3428;;;;;;;;;;ЛОЖЬ;;;;;;;;;;;;;;;;;;Output;EPKS_CCB;ESD_932_1;515;;;;;;;;
M;C718_5_E;;;;;Function block marker;;ЛОЖЬ;ЛОЖЬ;;718;;;;;;;0;;;;4253;ЛОЖЬ;0;;;;;;;;;;;;;;Undefined;;;;;;;;;;;;ЛОЖЬ;ИСТИНА;;;;;;;;;;;;;;;;;;;;;;;;;;;;
M;C554_4_B;;;;;Function block marker;;ЛОЖЬ;ЛОЖЬ;;554;;;;;;;0;;;;4404;ЛОЖЬ;0;;;;;;;;;;;;;;Undefined;;;;;;;;;;;;ЛОЖЬ;ИСТИНА;;;;;;;;;;;;;;;;;;;;;;;;;;;;
T;360_5;;;;;;;ЛОЖЬ;ЛОЖЬ;;360;;;;;;;;100 ms;5;;60;ЛОЖЬ;0;;;;;;;;;;;;;;Undefined;;;Delayed OFF with constant timer value;;;;;;;;;ЛОЖЬ;ИСТИНА;;;;;;;;;;;;;;;;;;;;;;;;;;;;
DI;93HS552A;;FLD;930-20;A_93020;GROUP STOP BUTTON 1LCSA1;Yes;ИСТИНА;ЛОЖЬ;;292;;;;;;;;;;;44;ИСТИНА;37630;None;;;;;;0=TRIP;;;;;;;Undefined;491;3428;;20.03;5;5;1;Low;;;;ЛОЖЬ;;;;ЛОЖЬ;;;;;;;;;;;;;;Output;EPKS_CCB;ESD_932_1;955;;;;;;;;
BO;93TI858_L;;COM;;;LO ALARM SETPOINT;No;ЛОЖЬ;ЛОЖЬ;;707;;Float;;;;;0;;;;2088;;0;;None;None;None;None;;;;;;;;;-XXXXX.X;;;;;;;;;;;;ЛОЖЬ;ИСТИНА;;;;;;;;;;;;;;;;;Output;EPKS_CCB;ESD_932_1;10439;;;;;;;;
DO;93FI029_MOC;;COM;930-20;A_93020;MO CONFIRMED;No;ИСТИНА;ЛОЖЬ;;320;;;;;;;0;;;;1742;ИСТИНА;37873;None;;;;;;1=CONFIRMED;;;;;;;Undefined;491;3428;;;;;;;;;;ЛОЖЬ;;;;;;;;;;;;;;;;;;Output;EPKS_CCB;ESD_932_1;883;;;;;;;;
M;C1003_1_K;;;;;Function block marker;;ЛОЖЬ;ЛОЖЬ;;1003;;;;;;;0;;;;2464;ЛОЖЬ;0;;;;;;;;;;;;;;Undefined;;;;;;;;;;;;ЛОЖЬ;ИСТИНА;;;;;;;;;;;;;;;;;;;;;;;;;;;;
DO;93HA551B_PA;;COM;;;STOP BTN 2LCSA3;No;ИСТИНА;ЛОЖЬ;;300;;;;;;;0;;;;41;ЛОЖЬ;37421;None;;;;;;0=ALARM;;;;;;;Undefined;;;;;;;;;;;;ЛОЖЬ;ИСТИНА;;;;;;;;;;;;;;;;;Output;EPKS_CCB;ESD_932_1;933;;;;;;;;
M;C390_6_F;;;;;Function block marker;;ЛОЖЬ;ЛОЖЬ;;390;;;;;;;0;;;;4548;ЛОЖЬ;0;;;;;;;;;;;;;;Undefined;;;;;;;;;;;;ЛОЖЬ;ИСТИНА;;;;;;;;;;;;;;;;;;;;;;;;;;;;
AI;93PDI780;;FLD;930-20;A_C93021;C9302001AX PROC GAS CYL1;Yes;ИСТИНА;ЛОЖЬ;;358;ИСТИНА;Float;4-20mA;0;400;kPa;;;;;372;ЛОЖЬ;37761;;None;None;None;None;;;;-100;-100;;;;-XXXXX.X;3.64;22;;20.04;7;9;1;Bottom scale;;;;ЛОЖЬ;;ЛОЖЬ;;;;;;;;;;;;;;;;Output;EPKS_CCB;ESD_932_1;10102;;;;;;;;
M;254_8;;;;;;;ЛОЖЬ;ЛОЖЬ;;254;;;;;;;0;;;;3788;ЛОЖЬ;0;;;;;;;;;;;;;;Undefined;;;;;;;;;;;;ЛОЖЬ;ИСТИНА;;;;;;;;;;;;;;;;;;;;;;;;;;;;
DO;93TI857_MOC;;COM;930-20;A_C93021;MO CONFIRMED;No;ИСТИНА;ЛОЖЬ;;710;;;;;;;0;;;;1496;ИСТИНА;37632;None;;;;;;1=CONFIRMED;;;;;;;Undefined;491;3428;;;;;;;;;;ЛОЖЬ;;;;;;;;;;;;;;;;;;Output;EPKS_CCB;ESD_932_1;833;;;;;;;;
DI;93TI817_MOR;;COM;930-20;A_C93021;MO REQUEST;No;ИСТИНА;ИСТИНА;;554;;;;;;;0;;;;2947;ЛОЖЬ;37633;None;;;;;;1=REQUEST;;;;;;;Undefined;491;3428;;;;;;Freeze;;;;ЛОЖЬ;;;;ЛОЖЬ;;;;;;;;;;;;;;Input;EPKS_CCB;ESD_932_1;116;;;;;;;;
M;C244_7_B;;;;;Function block marker;;ЛОЖЬ;ЛОЖЬ;;244;;;;;;;0;;;;3937;ЛОЖЬ;0;;;;;;;;;;;;;;Undefined;;;;;;;;;;;;ЛОЖЬ;ИСТИНА;;;;;;;;;;;;;;;;;;;;;;;;;;;;
M;C538_9_F;;;;;Function block marker;;ЛОЖЬ;ЛОЖЬ;;538;;;;;;;0;;;;329;ЛОЖЬ;0;;;;;;;;;;;;;;Undefined;;;;;;;;;;;;ЛОЖЬ;ИСТИНА;;;;;;;;;;;;;;;;;;;;;;;;;;;;
DO;93TAHH836;;COM;930-20;A_C93021;C9302001AX MAIN BEAR NDE;No;ИСТИНА;ЛОЖЬ;;390;;;;;;;0;;;;818;ИСТИНА;37634;None;;;;;;0=TRIP;;;;;;;Undefined;491;3428;;;;;;;;;;ЛОЖЬ;;;;;;;;;;;;;;;;;;Output;EPKS_CCB;ESD_932_1;745;;;;;;;;
M;284_154_1;;;;;93LI434 MOS;;ЛОЖЬ;ЛОЖЬ;;154;;;;;;;0;;;;712;ЛОЖЬ;0;;;;;;;1=MO CONFIRMED;;;;;;;Undefined;491;3428;;;;;;;;;;ЛОЖЬ;;;;;;;;;;;;;;;;;;;;;;;;;;;;;
T;430_1;;;;;;;ЛОЖЬ;ЛОЖЬ;;430;;;;;;;;100 ms;10;;1556;ЛОЖЬ;0;;;;;;;;;;;;;;Undefined;;;Delayed OFF with constant timer value;;;;;;;;;ЛОЖЬ;ИСТИНА;;;;;;;;;;;;;;;;;;;;;;;;;;;;
M;C230_3_B;;;;;Function block marker;;ЛОЖЬ;ЛОЖЬ;;230;;;;;;;0;;;;2818;ЛОЖЬ;0;;;;;;;;;;;;;;Undefined;491;3428;;;;;;;;;;ЛОЖЬ;;;;;;;;;;;;;;;;;;;;;;;;;;;;;
M;C1009_1_H;;;;;Function block marker;;ЛОЖЬ;ЛОЖЬ;;1009;;;;;;;0;;;;2443;ЛОЖЬ;0;;;;;;;;;;;;;;Undefined;;;;;;;;;;;;ЛОЖЬ;ИСТИНА;;;;;;;;;;;;;;;;;;;;;;;;;;;;
M;382_160_1;;;;;93TT762;;ЛОЖЬ;ЛОЖЬ;;160;;;;;;;0;;;;1147;ЛОЖЬ;0;;;;;;;1=MO CONFIRMED;;;;;;;Undefined;491;3428;;;;;;;;;;ЛОЖЬ;;;;;;;;;;;;;;;;;;;;;;;;;;;;;
M;540_7;;;;;;;ЛОЖЬ;ЛОЖЬ;;540;;;;;;;0;;;;4065;ЛОЖЬ;0;;;;;;;;;;;;;;Undefined;;;;;;;;;;;;ЛОЖЬ;ИСТИНА;;;;;;;;;;;;;;;;;;;;;;;;;;;;
AI;93FI012A;;FLD;;;FUEL GAS;Yes;ИСТИНА;ЛОЖЬ;;314;ИСТИНА;Float;4-20mA;0;630;kg/h;;;;;840;ЛОЖЬ;38490;;None;None;None;None;;;;;;;;;-XXXXX.X;3.64;22;;20.05;11;7;1;Bottom scale;;;;ЛОЖЬ;ИСТИНА;ЛОЖЬ;;;;;;;;;;;;;;;;Output;EPKS_CCB;ESD_932_1;10379;;;;;;;;
DO;93LI803_MOC;;COM;930-20;A_C93021;MO CONFIRMED;No;ИСТИНА;ЛОЖЬ;;526;;;;;;;0;;;;954;ИСТИНА;37635;None;;;;;;1=CONFIRMED;;;;;;;Undefined;491;3428;;;;;;;;;;ЛОЖЬ;;;;;;;;;;;;;;;;;;Output;EPKS_CCB;ESD_932_1;571;;;;;;;;
DO;93LAHH751_CA;;COM;930-20;A_C93021;CAUSE ALARM;No;ИСТИНА;ЛОЖЬ;;354;;;;;;;0;;;;604;ЛОЖЬ;37636;None;;;;;;0=ALARM;;;;;;;Undefined;491;3428;;;;;;;;;;ЛОЖЬ;;;;;;;;;;;;;;;;;;Output;EPKS_CCB;ESD_932_1;489;;;;;;;;
M;1045_2;;;;;;;ЛОЖЬ;ЛОЖЬ;;1045;;;;;;;0;;;;2496;ЛОЖЬ;0;;;;;;;;;;;;;;Undefined;;;;;;;;;;;;ЛОЖЬ;ИСТИНА;;;;;;;;;;;;;;;;;;;;;;;;;;;;
M;C392_5_E;;;;;Function block marker;;ЛОЖЬ;ЛОЖЬ;;392;;;;;;;0;;;;4537;ЛОЖЬ;0;;;;;;;;;;;;;;Undefined;;;;;;;;;;;;ЛОЖЬ;ИСТИНА;;;;;;;;;;;;;;;;;;;;;;;;;;;;
T;234_7;;;;;;;ЛОЖЬ;ЛОЖЬ;;234;;;;;;;;100 ms;10;;1052;ЛОЖЬ;0;;;;;;;;;;;;;;Undefined;;;Delayed OFF with constant timer value;;;;;;;;;ЛОЖЬ;ИСТИНА;;;;;;;;;;;;;;;;;;;;;;;;;;;;
M;258_152_1;;;;;93LT413;;ЛОЖЬ;ЛОЖЬ;;152;;;;;;;0;;;;463;ЛОЖЬ;0;;;;;;;1=MO CONFIRMED;;;;;;;Undefined;491;3428;;;;;;;;;;ЛОЖЬ;;;;;;;;;;;;;;;;;;;;;;;;;;;;;
M;2480_B;;;;;1=LAMP TEST;;ЛОЖЬ;ЛОЖЬ;;2480;;;;;;;0;;;;155;ЛОЖЬ;0;;;;;;;;;;;;;;Undefined;491;3428;;;;;;;;;;ЛОЖЬ;;;;;;;;;;;;;;;;;;;;;;;;;;;;;
DO;93XA808_P;;COM;930-20;A_C93021;MMS TRIP LAMP;No;ИСТИНА;ЛОЖЬ;;636;;;;;;;0;;;;1210;ЛОЖЬ;38052;None;;;;;;1=ACTIVE;;;;;;;Undefined;491;3428;;;;;;;;;;ЛОЖЬ;;;;;;;;;;;;;;Output;CC_CCB_2;ESD_932_1;55;;;;;;;;;;;;
DO;93TI836_MOC;;COM;930-20;A_C93021;MO CONFIRMED;No;ИСТИНА;ЛОЖЬ;;390;;;;;;;0;;;;826;ИСТИНА;37637;None;;;;;;1=CONFIRMED;;;;;;;Undefined;491;3428;;;;;;;;;;ЛОЖЬ;;;;;;;;;;;;;;;;;;Output;EPKS_CCB;ESD_932_1;825;;;;;;;;
M;C362_1_F;;;;;Function block marker;;ЛОЖЬ;ЛОЖЬ;;362;;;;;;;0;;;;4634;ЛОЖЬ;0;;;;;;;;;;;;;;Undefined;;;;;;;;;;;;ЛОЖЬ;ИСТИНА;;;;;;;;;;;;;;;;;;;;;;;;;;;;
M;1011_1013_1;;;;;FIRST OUT SEQUENCE;;ЛОЖЬ;ЛОЖЬ;;1013;;;;;;;0;;;;2149;ЛОЖЬ;0;;;;;;;1=FU ALARM;;;;;;;Undefined;;;;;;;;;;;;ЛОЖЬ;ИСТИНА;;;;;;;;;;;;;;;;;;;;;;;;;;;;
M;C520_4_E;;;;;Function block marker;;ЛОЖЬ;ЛОЖЬ;;520;;;;;;;0;;;;4519;ЛОЖЬ;0;;;;;;;;;;;;;;Undefined;;;;;;;;;;;;ЛОЖЬ;ИСТИНА;;;;;;;;;;;;;;;;;;;;;;;;;;;;
DO;93FALL804_CA;;COM;930-20;A_C93021;CAUSE ALARM;No;ИСТИНА;ЛОЖЬ;;520;;;;;;;0;;;;941;ЛОЖЬ;37638;None;;;;;;0=ALARM;;;;;;;Undefined;491;3428;;;;;;;;;;ЛОЖЬ;;;;;;;;;;;;;;;;;;Output;EPKS_CCB;ESD_932_1;434;;;;;;;;
M;284_7;;;;;;;ЛОЖЬ;ЛОЖЬ;;284;;;;;;;0;;;;3805;ЛОЖЬ;0;;;;;;;;;;;;;;Undefined;;;;;;;;;;;;ЛОЖЬ;ИСТИНА;;;;;;;;;;;;;;;;;;;;;;;;;;;;
M;2490_D;;;;;0=Trip;;ЛОЖЬ;ЛОЖЬ;;2490;;;;;;;0;;;;159;ЛОЖЬ;0;;;;;;;;;;;;;;Undefined;491;3428;;;;;;;;;;ЛОЖЬ;;;;;;;;;;;;;;;;;;;;;;;;;;;;;
M;352_1003_3;;;;;93FALL755_I (AFTER OOS);;ЛОЖЬ;ЛОЖЬ;;1003;;;;;;;0;;;;2029;ЛОЖЬ;0;;;;;;;0=TRIP;;;;;;;Undefined;;;;;;;;;;;;ЛОЖЬ;ИСТИНА;;;;;;;;;;;;;;;;;;;;;;;;;;;;
BO;93FI805_L;;COM;;;L ALARM SETPOINT;No;ИСТИНА;ЛОЖЬ;;522;;Float;;;;;0;;;;928;;38179;;;;;;;;;0;0;;;;-XXXXX.X;491;3428;;;;;;;;;;ЛОЖЬ;;;;;;;;;;;;;;;;;;Output;EPKS_CCB;ESD_932_1;10295;;;;;;;;
DO;93PI821_TF;;COM;930-20;A_C93021;TRANSM. FAIL;No;ИСТИНА;ЛОЖЬ;;536;;;;;;;0;;;;1047;ИСТИНА;37639;None;;;;;;0=FAIL;;;;;;;Undefined;491;3428;;;;;;;;;;ЛОЖЬ;;;;;;;;;;;;;;;;;;Output;EPKS_CCB;ESD_932_1;686;;;;;;;;
DI;93HS760_P;;COM;930-20;A_C93021;RESET PUSH BUTTON;No;ИСТИНА;ИСТИНА;;448;;;;;;;0;;;;2101;ИСТИНА;37917;None;;;;;;1=RESET;;;;;;;Undefined;491;3428;;;;;;Low;;;;ЛОЖЬ;;;;ЛОЖЬ;;;;;;;;;;;;;;Output;EPKS_CCB;ESD_932_1;2007;;;;;Input;CC_CCB_1;ESD_932_1;6
M;C798_5_A;;;;;Compiler marker;;ЛОЖЬ;ЛОЖЬ;;798;;;;;;;0;;;;2671;ЛОЖЬ;0;;;;;;;;;;;;;;Undefined;;;;;;;;;;;;ЛОЖЬ;ИСТИНА;;;;;;;;;;;;;;;;;;;;;;;;;;;;
M;C552_5_F;;;;;Function block marker;;ЛОЖЬ;ЛОЖЬ;;552;;;;;;;0;;;;4413;ЛОЖЬ;0;;;;;;;;;;;;;;Undefined;;;;;;;;;;;;ЛОЖЬ;ИСТИНА;;;;;;;;;;;;;;;;;;;;;;;;;;;;
DO;93XSF417_F;;COM;;;SHUTTER 93XV4171;No;ИСТИНА;ЛОЖЬ;;324;;;;;;;0;;;;54;ЛОЖЬ;38049;None;;;;;;1=FAIL;;;;;;;Undefined;;;;;;;;;;;;ЛОЖЬ;ИСТИНА;;;;;;;;;;;;;;;;;;;;;;;;;Output;CC_CCB_1;ESD_932_1;82
M;C358_1_B;;;;;Function block marker;;ЛОЖЬ;ЛОЖЬ;;358;;;;;;;0;;;;2747;ЛОЖЬ;0;;;;;;;;;;;;;;Undefined;491;3428;;;;;;;;;;ЛОЖЬ;;;;;;;;;;;;;;;;;;;;;;;;;;;;;
M;C1049_1_H;;;;;Function block marker;;ЛОЖЬ;ЛОЖЬ;;1049;;;;;;;0;;;;2623;ЛОЖЬ;0;;;;;;;;;;;;;;Undefined;;;;;;;;;;;;ЛОЖЬ;ИСТИНА;;;;;;;;;;;;;;;;;;;;;;;;;;;;
DO;93PAHH764_FU;;COM;930-20;A_C93021;C9302001AX PRS GAS CYL1;No;ИСТИНА;ЛОЖЬ;;1005;;;;;;;0;;;;2193;ЛОЖЬ;38219;None;;;;;;1=FIRST;;;;;;;Undefined;;;;;;;;;;;;ЛОЖЬ;ИСТИНА;;;;;;;;;;;;;;;;;Output;EPKS_CCB;ESD_932_1;1060;;;;;;;;
M;708_1045_3;;;;;93TAHH854_I (AFTER OOS);;ЛОЖЬ;ЛОЖЬ;;1045;;;;;;;0;;;;2546;ЛОЖЬ;0;;;;;;;0=TRIP;;;;;;;Undefined;;;;;;;;;;;;ЛОЖЬ;ИСТИНА;;;;;;;;;;;;;;;;;;;;;;;;;;;;
DI;93XA806_P;;COM;930-20;A_C93021;NO COMMON ALARM;No;ИСТИНА;ИСТИНА;;634;;;;;;;0;;;;1638;ИСТИНА;37817;None;;;;;;1=ALARM;;;;;;;Undefined;491;3428;;;;;;Freeze;;;;ЛОЖЬ;;;;ЛОЖЬ;;;;;;;;;;Input;CC_CCB_2;ESD_932_1;7;Output;EPKS_CCB;ESD_932_1;2033;;;;;;;;
BO;93TI754_H;;COM;;;H ALARM SETPOINT;No;ИСТИНА;ЛОЖЬ;;374;;Float;;;;;0;;;;904;;38150;;;;;;;;;0;0;;;;-XXXXX.X;491;3428;;;;;;;;;;ЛОЖЬ;;;;;;;;;;;;;;;;;;Output;EPKS_CCB;ESD_932_1;10289;;;;;;;;
DO;93LAHH752A_CA;;COM;;;CAUSE ALARM;No;ЛОЖЬ;ЛОЖЬ;;354;;;;;;;0;;;;3291;ЛОЖЬ;0;None;;;;;;0=ALARM;0=ALARM;;;;;;Undefined;;;;;;;;;;;;ЛОЖЬ;ИСТИНА;;;;;;;;;;;;;;;;;Output;EPKS_CCB;ESD_932_1;1177;;;;;;;;
DO;93HS807_FU;;COM;930-20;A_C93021;C9302001BX EMERG SP;No;ИСТИНА;ЛОЖЬ;;1035;;;;;;;0;;;;2367;ЛОЖЬ;38289;None;;;;;;1=FIRST;;;;;;;Undefined;;;;;;;;;;;;ЛОЖЬ;ИСТИНА;;;;;;;;;;;;;;;;;Output;EPKS_CCB;ESD_932_1;1130;;;;;;;;
DI;93LI751_MOR;;COM;930-20;A_C93021;MO REQUEST;No;ИСТИНА;ИСТИНА;;354;;;;;;;0;;;;2880;ЛОЖЬ;37640;None;;;;;;1=REQUEST;;;;;;;Undefined;491;3428;;;;;;Freeze;;;;ЛОЖЬ;;;;ЛОЖЬ;;;;;;;;;;;;;;Input;EPKS_CCB;ESD_932_1;49;;;;;;;;
AI;VM 20.04/13/17;;SYS;;;;Yes;ЛОЖЬ;;;0;ИСТИНА;Float;0-5V (VM);0;100;;;;;;608;ЛОЖЬ;0;;None;None;None;None;;;;;;;;;Undefined;2.5;3.9;;20.04;13;17;1;Scan;;;;ЛОЖЬ;ИСТИНА;;;;;;;;;;;;;;;;;;;;;;;;;;;;
M;C1053_1_I;;;;;Function block marker;;ЛОЖЬ;ЛОЖЬ;;1053;;;;;;;0;;;;2612;ЛОЖЬ;0;;;;;;;;;;;;;;Undefined;;;;;;;;;;;;ЛОЖЬ;ИСТИНА;;;;;;;;;;;;;;;;;;;;;;;;;;;;
DO;93FALL901_FU_A;;COM;930-20;A_C93021;C9302001 COOL H2O RTN;No;ИСТИНА;ЛОЖЬ;;1013;;;;;;;0;;;;2213;ЛОЖЬ;38239;None;;;;;;1=FIRST;;;;;;;Undefined;;;;;;;;;;;;ЛОЖЬ;ИСТИНА;;;;;;;;;;;;;;;;;Output;EPKS_CCB;ESD_932_1;1080;;;;;;;;
DO;93XY461_C;;COM;;;AUTO OPENING 93XV461;No;ИСТИНА;ЛОЖЬ;;448;;;;;;;0;;;;2007;ИСТИНА;37766;None;;;;;;0=TRIP;;;;;;;Undefined;491;3428;;;;;;;;;;ЛОЖЬ;;;;;;;;;;;;;;;;;;Output;EPKS_CCB;ESD_932_1;1027;;;;;;;;
M;C704_5_E;;;;;Function block marker;;ЛОЖЬ;ЛОЖЬ;;704;;;;;;;0;;;;4294;ЛОЖЬ;0;;;;;;;;;;;;;;Undefined;;;;;;;;;;;;ЛОЖЬ;ИСТИНА;;;;;;;;;;;;;;;;;;;;;;;;;;;;
M;C310_1_F;;;;;Function block marker;;ЛОЖЬ;ЛОЖЬ;;310;;;;;;;0;;;;1895;ЛОЖЬ;0;;;;;;;;;;;;;;Undefined;;;;;;;;;;;;ЛОЖЬ;ИСТИНА;;;;;;;;;;;;;;;;;;;;;;;;;;;;
M;686_9;;;;;;;ЛОЖЬ;ЛОЖЬ;;686;;;;;;;0;;;;4131;ЛОЖЬ;0;;;;;;;;;;;;;;Undefined;;;;;;;;;;;;ЛОЖЬ;ИСТИНА;;;;;;;;;;;;;;;;;;;;;;;;;;;;
M;C1027_1_L;;;;;Function block marker;;ЛОЖЬ;ЛОЖЬ;;1027;;;;;;;0;;;;2399;ЛОЖЬ;0;;;;;;;;;;;;;;Undefined;;;;;;;;;;;;ЛОЖЬ;ИСТИНА;;;;;;;;;;;;;;;;;;;;;;;;;;;;
M;C362_1_E;;;;;Function block marker;;ЛОЖЬ;ЛОЖЬ;;362;;;;;;;0;;;;4633;ЛОЖЬ;0;;;;;;;;;;;;;;Undefined;;;;;;;;;;;;ЛОЖЬ;ИСТИНА;;;;;;;;;;;;;;;;;;;;;;;;;;;;
R;278_280_2;;;;;93LI428;;ЛОЖЬ;ЛОЖЬ;;280;;Float;;;;;0;;;;856;ЛОЖЬ;0;;;;;;;;;;;;;;Undefined;491;3428;;;;;;;;;;ЛОЖЬ;;;;;;;;;;;;;;;;;;;;;;;;;;;;;
T;290_1;;;930-20;;;;ЛОЖЬ;ЛОЖЬ;;290;;;;;;;;100 ms;5;;132;ЛОЖЬ;0;;;;;;;;;;;;;;Undefined;491;3428;Delayed OFF with constant timer value;;;;;;;;;ЛОЖЬ;;;;;;;;;;;;;;;;;;;;;;;;;;;;;
M;1039_4;;;;;;;ЛОЖЬ;ЛОЖЬ;;1039;;;;;;;0;;;;2477;ЛОЖЬ;0;;;;;;;;;;;;;;Undefined;;;;;;;;;;;;ЛОЖЬ;ИСТИНА;;;;;;;;;;;;;;;;;;;;;;;;;;;;
DI;93LY802_P;;COM;930-20;A_C93021;DRAIN 1ST STAGE;No;ИСТИНА;ИСТИНА;;650;;;;;;;0;;;;1634;ИСТИНА;37810;None;;;;;;0=CLOSE;;;;;;;Undefined;491;3428;;;;;;Low;;;;ЛОЖЬ;;;;ЛОЖЬ;;;;;;;;;;Input;CC_CCB_2;ESD_932_1;3;Output;EPKS_CCB;ESD_932_1;2028;;;;;;;;
M;C382_3_E;;;;;Function block marker;;ЛОЖЬ;ЛОЖЬ;;382;;;;;;;0;;;;3530;ЛОЖЬ;0;;;;;;;;;;;;;;Undefined;;;;;;;;;;;;ЛОЖЬ;ИСТИНА;;;;;;;;;;;;;;;;;;;;;;;;;;;;
DI;20-ExtComFaultCC6;;SYS;;;Ext com fault Com ch 6;Yes;ЛОЖЬ;;;16;;;;;;;;;;;11;ЛОЖЬ;0;None;;;;;;;;;;;;;Undefined;491;3428;;;;;;;;;;ЛОЖЬ;;;;ЛОЖЬ;;;;;;;;;;;;;;;;;;;;;;;;;
DO;93PDI880_TF;;COM;930-20;A_C93021;TRANSM. FAIL;No;ИСТИНА;ЛОЖЬ;;692;;;;;;;0;;;;1450;ИСТИНА;37641;None;;;;;;0=FAIL;;;;;;;Undefined;491;3428;;;;;;;;;;ЛОЖЬ;;;;;;;;;;;;;;;;;;Output;EPKS_CCB;ESD_932_1;660;;;;;;;;
DO;93PAHH877A_CA;;COM;;;CAUSE ALARM;No;ЛОЖЬ;ЛОЖЬ;;702;;;;;;;0;;;;3365;ЛОЖЬ;0;None;;;;;;0=ALARM;0=ALARM;;;;;;Undefined;;;;;;;;;;;;ЛОЖЬ;ИСТИНА;;;;;;;;;;;;;;;;;Output;EPKS_CCB;ESD_932_1;1260;;;;;;;;
DO;93XY120;;MCC;930-20;A_93020;AUTO OPN SHUTTER 93XV120;Yes;ИСТИНА;ЛОЖЬ;;310;;;;;;;0;;;;72;ЛОЖЬ;37642;None;;;;;;1=AUTO OPEN;;;;;;;Undefined;491;3428;;20.05;15;1;1;Appl;;;;ЛОЖЬ;;;;;;;;;;;;;;;;;;;;;;;;;;;;;
DO;93PAL883;;COM;;;LO ALARM;No;ЛОЖЬ;ЛОЖЬ;;704;;;;;;;0;;;;3583;ЛОЖЬ;0;None;;;;;;0=ALARM;0=ALARM;;;;;;Undefined;;;;;;;;;;;;ЛОЖЬ;ИСТИНА;;;;;;;;;;;;;;;;;Output;EPKS_CCB;ESD_932_1;1427;;;;;;;;
M;C360_5_F;;;;;Function block marker;;ЛОЖЬ;ЛОЖЬ;;360;;;;;;;0;;;;4638;ЛОЖЬ;0;;;;;;;;;;;;;;Undefined;;;;;;;;;;;;ЛОЖЬ;ИСТИНА;;;;;;;;;;;;;;;;;;;;;;;;;;;;
DO;93TI816_TF;;COM;;;TRANSM FAULT;No;ЛОЖЬ;ЛОЖЬ;;554;;;;;;;0;;;;567;ИСТИНА;38489;None;;;;;;0=ALARM;0=ALARM;;;;;;Undefined;;;;;;;;;;;;ЛОЖЬ;ИСТИНА;;;;;;;;;;;;;;;;;Output;EPKS_CCB;ESD_932_1;1346;;;;;;;;
DO;93PI461_TF;;COM;930-20;A_93020;TRANSM. FAIL;No;ИСТИНА;ЛОЖЬ;;236;;;;;;;0;;;;238;ИСТИНА;37643;None;;;;;;0=FAIL;;;;;;;Undefined;491;3428;;;;;;;;;;ЛОЖЬ;;;;;;;;;;;;;;;;;;Output;EPKS_CCB;ESD_932_1;664;;;;;;;;
M;C318_6_F;;;;;Function block marker;;ЛОЖЬ;ЛОЖЬ;;318;;;;;;;0;;;;4677;ЛОЖЬ;0;;;;;;;;;;;;;;Undefined;;;;;;;;;;;;ЛОЖЬ;ИСТИНА;;;;;;;;;;;;;;;;;;;;;;;;;;;;
M;524_7;;;;;;;ЛОЖЬ;ЛОЖЬ;;524;;;;;;;0;;;;4095;ЛОЖЬ;0;;;;;;;;;;;;;;Undefined;;;;;;;;;;;;ЛОЖЬ;ИСТИНА;;;;;;;;;;;;;;;;;;;;;;;;;;;;
M;538_9;;;;;;;ЛОЖЬ;ЛОЖЬ;;538;;;;;;;0;;;;4088;ЛОЖЬ;0;;;;;;;;;;;;;;Undefined;;;;;;;;;;;;ЛОЖЬ;ИСТИНА;;;;;;;;;;;;;;;;;;;;;;;;;;;;
DO;93PALL819_CA;;COM;;;CAUSE ALARM;No;ИСТИНА;ЛОЖЬ;;535;;;;;;;0;;;;1143;ЛОЖЬ;37903;None;;;;;;0=ALARM;;;;;;;Undefined;491;3428;;;;;;;;;;ЛОЖЬ;;;;;;;;;;;;;;;;;;Output;EPKS_CCB;ESD_932_1;624;;;;;;;;
T;284_6;;;;;;;ЛОЖЬ;ЛОЖЬ;;284;;;;;;;;100 ms;5;;1192;ЛОЖЬ;0;;;;;;;;;;;;;;Undefined;;;Delayed OFF with constant timer value;;;;;;;;;ЛОЖЬ;ИСТИНА;;;;;;;;;;;;;;;;;;;;;;;;;;;;
M;1025_3;;;;;;;ЛОЖЬ;ЛОЖЬ;;1025;;;;;;;0;;;;2241;ЛОЖЬ;0;;;;;;;;;;;;;;Undefined;;;;;;;;;;;;ЛОЖЬ;ИСТИНА;;;;;;;;;;;;;;;;;;;;;;;;;;;;
DO;93TI813A_TF;;COM;;;TRANSM FAULT;No;ЛОЖЬ;ЛОЖЬ;;552;;;;;;;0;;;;1599;ИСТИНА;38488;None;;;;;;0=ALARM;0=ALARM;;;;;;Undefined;;;;;;;;;;;;ЛОЖЬ;ИСТИНА;;;;;;;;;;;;;;;;;Output;EPKS_CCB;ESD_932_1;1376;;;;;;;;
M;C536_4_B;;;;;Function block marker;;ЛОЖЬ;ЛОЖЬ;;536;;;;;;;0;;;;4456;ЛОЖЬ;0;;;;;;;;;;;;;;Undefined;;;;;;;;;;;;ЛОЖЬ;ИСТИНА;;;;;;;;;;;;;;;;;;;;;;;;;;;;
M;C538_8_G;;;;;Function block marker;;ЛОЖЬ;ЛОЖЬ;;538;;;;;;;0;;;;4453;ЛОЖЬ;0;;;;;;;;;;;;;;Undefined;;;;;;;;;;;;ЛОЖЬ;ИСТИНА;;;;;;;;;;;;;;;;;;;;;;;;;;;;
DO;93TAHH762_CA;;COM;930-20;A_C93021;CAUSE ALARM;No;ИСТИНА;ЛОЖЬ;;382;;;;;;;0;;;;778;ЛОЖЬ;37644;None;;;;;;0=ALARM;;;;;;;Undefined;491;3428;;;;;;;;;;ЛОЖЬ;;;;;;;;;;;;;;;;;;Output;EPKS_CCB;ESD_932_1;720;;;;;;;;
M;C550_6_F;;;;;Function block marker;;ЛОЖЬ;ЛОЖЬ;;550;;;;;;;0;;;;4423;ЛОЖЬ;0;;;;;;;;;;;;;;Undefined;;;;;;;;;;;;ЛОЖЬ;ИСТИНА;;;;;;;;;;;;;;;;;;;;;;;;;;;;
M;2470_M;;;;;Next Block;;ЛОЖЬ;ЛОЖЬ;;2470;;;;;;;0;;;;156;ЛОЖЬ;0;;;;;;;;;;;;;;Undefined;491;3428;;;;;;;;;;ЛОЖЬ;;;;;;;;;;;;;;;;;;;;;;;;;;;;;
DO;93XY450;;MCC;930-20;A_93020;AUTO CLOSURE 93XV450;Yes;ИСТИНА;ЛОЖЬ;;268;;;;;;;0;;;;88;ЛОЖЬ;37645;None;;;;;;1=CLOSE;;;;;;;Undefined;491;3428;;20.06;1;1;1;Appl;;;;ЛОЖЬ;;;;;;;;;;;;;;;;;;;;;;;;;;;;;
AI;93TI866;;FLD;;;C9302001CX PROC GAS CYL2;Yes;ИСТИНА;ЛОЖЬ;;718;ИСТИНА;Float;4-20mA;-50;200;°C;;;;;784;ЛОЖЬ;38487;;None;None;None;None;;;;;;;;;-XXXXX.X;3.76;21;;20.04;17;10;1;Top scale;;;;ЛОЖЬ;ИСТИНА;ЛОЖЬ;;;;;;;;;;;;;;;;Output;EPKS_CCB;ESD_932_1;10367;;;;;;;;
M;C272_2_E;;;;;Function block marker;;ЛОЖЬ;ЛОЖЬ;;272;;;;;;;0;;;;3848;ЛОЖЬ;0;;;;;;;;;;;;;;Undefined;;;;;;;;;;;;ЛОЖЬ;ИСТИНА;;;;;;;;;;;;;;;;;;;;;;;;;;;;
T;250_7;;;;;;;ЛОЖЬ;ЛОЖЬ;;250;;;;;;;;100 ms;5;;1096;ЛОЖЬ;0;;;;;;;;;;;;;;Undefined;;;Delayed OFF with constant timer value;;;;;;;;;ЛОЖЬ;ИСТИНА;;;;;;;;;;;;;;;;;;;;;;;;;;;;
DO;93TAHH818_CA;;COM;930-20;A_C93021;CAUSE ALARM;No;ИСТИНА;ЛОЖЬ;;556;;;;;;;0;;;;1058;ЛОЖЬ;37646;None;;;;;;0=ALARM;;;;;;;Undefined;491;3428;;;;;;;;;;ЛОЖЬ;;;;;;;;;;;;;;;;;;Output;EPKS_CCB;ESD_932_1;742;;;;;;;;
DO;93TI878_TF;;COM;;;TRANSM FAULT;No;ЛОЖЬ;ЛОЖЬ;;724;;;;;;;0;;;;1042;ИСТИНА;38486;None;;;;;;0=ALARM;0=ALARM;;;;;;Undefined;;;;;;;;;;;;ЛОЖЬ;ИСТИНА;;;;;;;;;;;;;;;;;Output;EPKS_CCB;ESD_932_1;1360;;;;;;;;
M;648_8;;;;;;;ЛОЖЬ;ЛОЖЬ;;648;;;;;;;0;;;;1776;ЛОЖЬ;0;;;;;;;;;;;;;;Undefined;491;3428;;;;;;;;;;ЛОЖЬ;;;;;;;;;;;;;;;;;;;;;;;;;;;;;
BO;93FI025_LL;;COM;930-20;A_93020;LL TRIP SETPOINT (kg/h);No;ИСТИНА;ЛОЖЬ;;318;;Float;;;;;0;;;;996;;38191;;;;;;;;;0;0;;;;-XXXXX.X;491;3428;;;;;;;;;;ЛОЖЬ;;;;;;;;;;;;;;;;;;Output;EPKS_CCB;ESD_932_1;10174;;;;;;;;
M;430_788_2;;;;;C-9302001 EMERGENCY STOP;;ЛОЖЬ;ЛОЖЬ;;788;;;;;;;0;;;;1368;ЛОЖЬ;0;;;;;;;0=STOP;;;;;;;Undefined;491;3428;;;;;;;;;;ЛОЖЬ;;;;;;;;;;;;;;;;;;;;;;;;;;;;;
M;C560_5_F;;;;;Function block marker;;ЛОЖЬ;ЛОЖЬ;;560;;;;;;;0;;;;4385;ЛОЖЬ;0;;;;;;;;;;;;;;Undefined;;;;;;;;;;;;ЛОЖЬ;ИСТИНА;;;;;;;;;;;;;;;;;;;;;;;;;;;;
M;380_1009_2;;;;;93TAHH761_I;;ЛОЖЬ;ЛОЖЬ;;1009;;;;;;;0;;;;2164;ЛОЖЬ;0;;;;;;;0=TRIP INITIATOR;;;;;;;Undefined;;;;;;;;;;;;ЛОЖЬ;ИСТИНА;;;;;;;;;;;;;;;;;;;;;;;;;;;;
T;714_5;;;;;;;ЛОЖЬ;ЛОЖЬ;;714;;;;;;;;100 ms;5;;1464;ЛОЖЬ;0;;;;;;;;;;;;;;Undefined;;;Delayed OFF with constant timer value;;;;;;;;;ЛОЖЬ;ИСТИНА;;;;;;;;;;;;;;;;;;;;;;;;;;;;
M;C706_6_G;;;;;Function block marker;;ЛОЖЬ;ЛОЖЬ;;706;;;;;;;0;;;;4292;ЛОЖЬ;0;;;;;;;;;;;;;;Undefined;;;;;;;;;;;;ЛОЖЬ;ИСТИНА;;;;;;;;;;;;;;;;;;;;;;;;;;;;
M;C1047_1_I;;;;;Function block marker;;ЛОЖЬ;ЛОЖЬ;;1047;;;;;;;0;;;;2630;ЛОЖЬ;0;;;;;;;;;;;;;;Undefined;;;;;;;;;;;;ЛОЖЬ;ИСТИНА;;;;;;;;;;;;;;;;;;;;;;;;;;;;
T;248_8;;;;;;;ЛОЖЬ;ЛОЖЬ;;248;;;;;;;;100 ms;10;;1088;ЛОЖЬ;0;;;;;;;;;;;;;;Undefined;;;Delayed OFF with constant timer value;;;;;;;;;ЛОЖЬ;ИСТИНА;;;;;;;;;;;;;;;;;;;;;;;;;;;;
M;1013_7;;;;;;;ЛОЖЬ;ЛОЖЬ;;1013;;;;;;;0;;;;2095;ЛОЖЬ;0;;;;;;;;;;;;;;Undefined;;;;;;;;;;;;ЛОЖЬ;ИСТИНА;;;;;;;;;;;;;;;;;;;;;;;;;;;;
DI;93HS552B;;FLD;930-20;A_93020;GROUP STOP BUTTON 1LCSA1;Yes;ИСТИНА;ЛОЖЬ;;292;;;;;;;;;;;60;ИСТИНА;37647;None;;;;;;0=TRIP;;;;;;;Undefined;491;3428;;20.03;7;5;1;Low;;;;ЛОЖЬ;;;;ЛОЖЬ;;;;;;;;;;;;;;Output;EPKS_CCB;ESD_932_1;956;;;;;;;;
DO;93LI414_TF;;COM;930-20;A_93020;TRANSM. FAIL;No;ЛОЖЬ;ЛОЖЬ;;261;;;;;;;0;;;;3751;ИСТИНА;38449;None;;;;;;0=ALARM;0=ALARM;;;;;;Undefined;;;;;;;;;;;;ЛОЖЬ;ИСТИНА;;;;;;;;;;;;;;;;;Output;EPKS_CCB;ESD_932_1;1306;;;;;;;;
M;254_9;;;;;;;ЛОЖЬ;ЛОЖЬ;;254;;;;;;;0;;;;3789;ЛОЖЬ;0;;;;;;;;;;;;;;Undefined;;;;;;;;;;;;ЛОЖЬ;ИСТИНА;;;;;;;;;;;;;;;;;;;;;;;;;;;;
M;642_644_3;;;;;CAPACITY 75%;;ЛОЖЬ;ЛОЖЬ;;644;;;;;;;0;;;;555;ЛОЖЬ;0;;;;;;;1=ACTIVE;;;;;;;Undefined;491;3428;;;;;;;;;;ЛОЖЬ;;;;;;;;;;;;;;;;;;;;;;;;;;;;;
DO;93TAHH762;;COM;930-20;A_C93021;C9302001AX H2O COOL CYL1;No;ИСТИНА;ЛОЖЬ;;382;;;;;;;0;;;;775;ИСТИНА;37648;None;;;;;;0=TRIP;;;;;;;Undefined;491;3428;;;;;;;;;;ЛОЖЬ;;;;;;;;;;;;;;;;;;Output;EPKS_CCB;ESD_932_1;719;;;;;;;;
T;699_1;;;;;;;ЛОЖЬ;ЛОЖЬ;;699;;;;;;;;1 s;300;;24;ЛОЖЬ;0;;;;;;;;;;;;;;Undefined;;;Delayed ON with constant timer value;;;;;;;;;ЛОЖЬ;ИСТИНА;;;;;;;;;;;;;;;;;;;;;;;;;;;;
T;262_2;;;;;;;ЛОЖЬ;ЛОЖЬ;;262;;;;;;;;100 ms;5;;852;ЛОЖЬ;0;;;;;;;;;;;;;;Undefined;;;Delayed OFF with constant timer value;;;;;;;;;ЛОЖЬ;ИСТИНА;;;;;;;;;;;;;;;;;;;;;;;;;;;;
BO;93FI420_LL;;COM;930-20;A_C93021;LL TRIP SETPOINT (kg/h);No;ИСТИНА;ЛОЖЬ;;244;;Float;;;;;0;;;;400;;38198;;;;;;;;;0;0;;;;-XXXXX.X;491;3428;;;;;;;;;;ЛОЖЬ;;;;;;;;;;;;;;;;;;Output;EPKS_CCB;ESD_932_1;10175;;;;;;;;
DO;93XY119A_C;;COM;;;;No;ИСТИНА;ЛОЖЬ;;316;;;;;;;0;;;;64;ИСТИНА;38056;None;;;;;;0=TRIP;;;;;;;Undefined;;;;;;;;;;;;ЛОЖЬ;ИСТИНА;;;;;;;;;;;;;;;;;Output;EPKS_CCB;ESD_932_1;992;;;;;;;;
R;2430_C;;;;;Signal 2;;ЛОЖЬ;ЛОЖЬ;;2430;;Float;;;;;0;;;;108;ЛОЖЬ;0;;;;;;;;;;;;;;Undefined;491;3428;;;;;;;;;;ЛОЖЬ;;;;;;;;;;;;;;;;;;;;;;;;;;;;;
M;C1039_1_M;;;;;Function block marker;;ЛОЖЬ;ЛОЖЬ;;1039;;;;;;;0;;;;2658;ЛОЖЬ;0;;;;;;;;;;;;;;Undefined;;;;;;;;;;;;ЛОЖЬ;ИСТИНА;;;;;;;;;;;;;;;;;;;;;;;;;;;;
DO;93LI753_MOC;;COM;930-20;A_C93021;MO CONFIRMED;No;ИСТИНА;ЛОЖЬ;;356;;;;;;;0;;;;620;ИСТИНА;37649;None;;;;;;1=CONFIRMED;;;;;;;Undefined;491;3428;;;;;;;;;;ЛОЖЬ;;;;;;;;;;;;;;;;;;Output;EPKS_CCB;ESD_932_1;567;;;;;;;;
DO;93LALL422_CA;;COM;930-20;A_93020;CAUSE ALARM;No;ЛОЖЬ;ЛОЖЬ;;268;;;;;;;0;;;;3346;ЛОЖЬ;0;None;;;;;;0=ALARM;0=ALARM;;;;;;Undefined;;;;;;;;;;;;ЛОЖЬ;ИСТИНА;;;;;;;;;;;;;;;;;Output;EPKS_CCB;ESD_932_1;1241;;;;;;;;
M;C316_7_G;;;;;Function block marker;;ЛОЖЬ;ЛОЖЬ;;316;;;;;;;0;;;;4686;ЛОЖЬ;0;;;;;;;;;;;;;;Undefined;;;;;;;;;;;;ЛОЖЬ;ИСТИНА;;;;;;;;;;;;;;;;;;;;;;;;;;;;
M;C1045_1_L;;;;;Function block marker;;ЛОЖЬ;ЛОЖЬ;;1045;;;;;;;0;;;;2639;ЛОЖЬ;0;;;;;;;;;;;;;;Undefined;;;;;;;;;;;;ЛОЖЬ;ИСТИНА;;;;;;;;;;;;;;;;;;;;;;;;;;;;
DO;93HS705B;;COM;930-20;A_C93021;MOS REL AREA C9302001BX;No;ИСТИНА;ЛОЖЬ;;123;;;;;;;0;;;;1579;ИСТИНА;37905;None;;;;;;1=RELEASED;;;;;;;Undefined;491;3428;;;;;;;;;;ЛОЖЬ;;;;;;;;;;;;;;;;;;Output;EPKS_CCB;ESD_932_1;887;;;;;;;;
DO;93TI828_TF;;COM;;;TRANSM FAULT;No;ЛОЖЬ;ЛОЖЬ;;560;;;;;;;0;;;;569;ИСТИНА;38485;None;;;;;;0=ALARM;0=ALARM;;;;;;Undefined;;;;;;;;;;;;ЛОЖЬ;ИСТИНА;;;;;;;;;;;;;;;;;Output;EPKS_CCB;ESD_932_1;1347;;;;;;;;
M;720_9;;;;;;;ЛОЖЬ;ЛОЖЬ;;720;;;;;;;0;;;;4202;ЛОЖЬ;0;;;;;;;;;;;;;;Undefined;;;;;;;;;;;;ЛОЖЬ;ИСТИНА;;;;;;;;;;;;;;;;;;;;;;;;;;;;
M;1029_6;;;;;;;ЛОЖЬ;ЛОЖЬ;;1029;;;;;;;0;;;;2256;ЛОЖЬ;0;;;;;;;;;;;;;;Undefined;;;;;;;;;;;;ЛОЖЬ;ИСТИНА;;;;;;;;;;;;;;;;;;;;;;;;;;;;
DI;93VSHH851B;;BNS;930-20;A_C93021;C-9302001CX VIBR CRANK;Yes;ИСТИНА;ЛОЖЬ;;728;;;;;;;;;;;26;ИСТИНА;38402;None;;;;;;0=TRIP;0=TRIP;;;;;;Undefined;;;;20.03;3;3;1;Low;;;;ЛОЖЬ;ИСТИНА;;;ЛОЖЬ;View only;;;;;;;;;;;;;Output;EPKS_CCB;ESD_932_1;1289;;;;;;;;
DI;93HS864_P;;COM;930-20;A_C93021;ACK HORN PUSH BUTTON;No;ИСТИНА;ИСТИНА;;784;;;;;;;0;;;;1641;ИСТИНА;37623;None;;;;;;1=ACK;;;;;;;Undefined;491;3428;;;;;;Low;;;;ЛОЖЬ;;;;ЛОЖЬ;;;;;;;;;;Input;CC_CCB_2;ESD_932_1;10;Output;EPKS_CCB;ESD_932_1;2022;;;;;;;;
DO;93PI826_TF;;COM;;;TRANSM. FAIL;No;ИСТИНА;ЛОЖЬ;;538;;;;;;;0;;;;1002;ИСТИНА;37652;None;;;;;;0=FAIL;;;;;;;Undefined;491;3428;;;;;;;;;;ЛОЖЬ;;;;;;;;;;;;;;;;;;Output;EPKS_CCB;ESD_932_1;688;;;;;;;;
M;C364_4_B;;;;;Function block marker;;ЛОЖЬ;ЛОЖЬ;;364;;;;;;;0;;;;4622;ЛОЖЬ;0;;;;;;;;;;;;;;Undefined;;;;;;;;;;;;ЛОЖЬ;ИСТИНА;;;;;;;;;;;;;;;;;;;;;;;;;;;;
M;C290_7_G;;;;;Function block marker;;ЛОЖЬ;ЛОЖЬ;;290;;;;;;;0;;;;3817;ЛОЖЬ;0;;;;;;;;;;;;;;Undefined;;;;;;;;;;;;ЛОЖЬ;ИСТИНА;;;;;;;;;;;;;;;;;;;;;;;;;;;;
DO;93TI861_TF;;COM;930-20;A_C93021;TRANSM. FAIL;No;ИСТИНА;ЛОЖЬ;;714;;;;;;;0;;;;1498;ИСТИНА;37653;None;;;;;;0=FAIL;;;;;;;Undefined;491;3428;;;;;;;;;;ЛОЖЬ;;;;;;;;;;;;;;;;;;Output;EPKS_CCB;ESD_932_1;838;;;;;;;;
DO;93LI851_MOC;;COM;930-20;A_C93021;MO CONFIRMED;No;ИСТИНА;ЛОЖЬ;;688;;;;;;;0;;;;1471;ИСТИНА;37654;None;;;;;;1=CONFIRMED;;;;;;;Undefined;491;3428;;;;;;;;;;ЛОЖЬ;;;;;;;;;;;;;;;;;;Output;EPKS_CCB;ESD_932_1;573;;;;;;;;
M;C798_3_C;;;;;Function block marker;;ЛОЖЬ;ЛОЖЬ;;798;;;;;;;0;;;;1078;ЛОЖЬ;0;;;;;;;;;;;;;;Undefined;491;3428;;;;;;;;;;ЛОЖЬ;;;;;;;;;;;;;;;;;;;;;;;;;;;;;
M;550_3;;;;;;;ЛОЖЬ;ЛОЖЬ;;550;;;;;;;0;;;;1129;ЛОЖЬ;0;;;;;;;;;;;;;;Undefined;491;3428;;;;;;;;;;ЛОЖЬ;;;;;;;;;;;;;;;;;;;;;;;;;;;;;
T;262_1;;;;;;;ЛОЖЬ;ЛОЖЬ;;262;;;;;;;;100 ms;5;;20;ЛОЖЬ;0;;;;;;;;;;;;;;Undefined;;;Delayed OFF with constant timer value;;;;;;;;;ЛОЖЬ;ИСТИНА;;;;;;;;;;;;;;;;;;;;;;;;;;;;
M;300_448_1;;;;;93-I-553 GROUP STOP BUTTON;;ЛОЖЬ;ЛОЖЬ;;448;;;;;;;0;;;;912;ЛОЖЬ;0;;;;;;;0=TRIP;;;;;;;Undefined;491;3428;;;;;;;;;;ЛОЖЬ;;;;;;;;;;;;;;;;;;;;;;;;;;;;;
M;698_8;;;;;;;ЛОЖЬ;ЛОЖЬ;;698;;;;;;;0;;;;4159;ЛОЖЬ;0;;;;;;;;;;;;;;Undefined;;;;;;;;;;;;ЛОЖЬ;ИСТИНА;;;;;;;;;;;;;;;;;;;;;;;;;;;;
M;684_1039_3;;;;;93FALL854_I (AFTER OOS);;ЛОЖЬ;ЛОЖЬ;;1039;;;;;;;0;;;;2523;ЛОЖЬ;0;;;;;;;0=TRIP;;;;;;;Undefined;;;;;;;;;;;;ЛОЖЬ;ИСТИНА;;;;;;;;;;;;;;;;;;;;;;;;;;;;
DO;93LI801_MOC;;COM;930-20;A_C93021;MO CONFIRMED;No;ИСТИНА;ЛОЖЬ;;524;;;;;;;0;;;;973;ИСТИНА;37655;None;;;;;;1=CONFIRMED;;;;;;;Undefined;491;3428;;;;;;;;;;ЛОЖЬ;;;;;;;;;;;;;;;;;;Output;EPKS_CCB;ESD_932_1;569;;;;;;;;
AI;93FI755;;FLD;930-20;A_C93021;C9302001AX COOL H2O CYL2;Yes;ИСТИНА;ЛОЖЬ;;352;ИСТИНА;Float;4-20mA;0;3.5;m3/h;;;;;344;ЛОЖЬ;37963;;None;None;None;None;;;;-0.875;-0.875;;;;-XXXXX.X;3.64;22;;20.04;7;2;1;Top scale;;;;ЛОЖЬ;;ЛОЖЬ;;;;;;;;;;;;;;;;Output;EPKS_CCB;ESD_932_1;10077;;;;;;;;
T;534_7;;;;;;;ЛОЖЬ;ЛОЖЬ;;534;;;;;;;;100 ms;5;;1300;ЛОЖЬ;0;;;;;;;;;;;;;;Undefined;;;Delayed OFF with constant timer value;;;;;;;;;ЛОЖЬ;ИСТИНА;;;;;;;;;;;;;;;;;;;;;;;;;;;;
M;244_1015_2;;;;;93FALL420_I;;ЛОЖЬ;ЛОЖЬ;;1015;;;;;;;0;;;;2178;ЛОЖЬ;0;;;;;;;0=TRIP INITIATOR;;;;;;;Undefined;;;;;;;;;;;;ЛОЖЬ;ИСТИНА;;;;;;;;;;;;;;;;;;;;;;;;;;;;
DO;93PALL864_CA;;COM;;;CAUSE ALARM;No;ИСТИНА;ЛОЖЬ;;697;;;;;;;0;;;;1297;ЛОЖЬ;37906;None;;;;;;0=ALARM;;;;;;;Undefined;491;3428;;;;;;;;;;ЛОЖЬ;;;;;;;;;;;;;;;;;;Output;EPKS_CCB;ESD_932_1;630;;;;;;;;
DO;93LY804;;FLD;930-20;A_C93021;C-9302001BX DRAIN 2ND ST;Yes;ИСТИНА;ЛОЖЬ;;650;;;;;;;0;;;;9;ЛОЖЬ;37657;None;;;;;;1=OPEN;;;;;;;Undefined;491;3428;;20.05;1;2;1;Appl;;;;ЛОЖЬ;;;;;;;;;;;;;;;;;;;;;;;;;;;;;
M;258_3;;;930-20;;;;ЛОЖЬ;ЛОЖЬ;;258;;;;;;;0;;;;361;ЛОЖЬ;0;;;;;;;;;;;;;;Undefined;491;3428;;;;;;;;;;ЛОЖЬ;;;;;;;;;;;;;;;;;;;;;;;;;;;;;
DO;93XY431_C;;COM;;;AUTO CLOSURE 93XV431;No;ИСТИНА;ЛОЖЬ;;258;;;;;;;0;;;;1563;ИСТИНА;37786;None;;;;;;0=TRIP;;;;;;;Undefined;491;3428;;;;;;;;;;ЛОЖЬ;;;;;;;;;;;;;;;;;;Output;EPKS_CCB;ESD_932_1;1014;;;;;;;;
M;C240_2_E;;;;;Function block marker;;ЛОЖЬ;ЛОЖЬ;;240;;;;;;;0;;;;2805;ЛОЖЬ;0;;;;;;;;;;;;;;Undefined;491;3428;;;;;;;;;;ЛОЖЬ;;;;;;;;;;;;;;;;;;;;;;;;;;;;;
BO;93LI801_LL;;COM;930-20;A_C93021;LL TRIP SETPOINT (%);No;ИСТИНА;ЛОЖЬ;;524;;Float;;;;;0;;;;508;;38123;;;;;;;;;0;0;;;;-XXXXX.X;491;3428;;;;;;;;;;ЛОЖЬ;;;;;;;;;;;;;;;;;;Output;EPKS_CCB;ESD_932_1;10206;;;;;;;;
M;C1013_1_L;;;;;Function block marker;;ЛОЖЬ;ЛОЖЬ;;1013;;;;;;;0;;;;2435;ЛОЖЬ;0;;;;;;;;;;;;;;Undefined;;;;;;;;;;;;ЛОЖЬ;ИСТИНА;;;;;;;;;;;;;;;;;;;;;;;;;;;;
M;400_811_4;;;;;93FAL902_PERM;;ЛОЖЬ;ЛОЖЬ;;811;;;;;;;0;;;;4037;ЛОЖЬ;0;;;;;;;0=ALARM;;;;;;;Undefined;;;;;;;;;;;;ЛОЖЬ;ИСТИНА;;;;;;;;;;;;;;;;;;;;;;;;;;;;
T;522_3;;;;;;;ЛОЖЬ;ЛОЖЬ;;522;;;;;;;;100 ms;5;;1400;ЛОЖЬ;0;;;;;;;;;;;;;;Undefined;;;Delayed OFF with constant timer value;;;;;;;;;ЛОЖЬ;ИСТИНА;;;;;;;;;;;;;;;;;;;;;;;;;;;;
R;C2457_1;;;;;Compiler register (232, 24);;ЛОЖЬ;ЛОЖЬ;;2457;;Float;;;;;0;;;;332;ЛОЖЬ;0;;;;;;;;;;;;;;Undefined;491;3428;;;;;;;;;;ЛОЖЬ;;;;;;;;;;;;;;;;;;;;;;;;;;;;;
M;296_3;;;;;;;ЛОЖЬ;ЛОЖЬ;;296;;;;;;;0;;;;498;ЛОЖЬ;0;;;;;;;;;;;;;;Undefined;491;3428;;;;;;;;;;ЛОЖЬ;;;;;;;;;;;;;;;;;;;;;;;;;;;;;
M;1009_9;;;;;;;ЛОЖЬ;ЛОЖЬ;;1009;;;;;;;0;;;;2085;ЛОЖЬ;0;;;;;;;;;;;;;;Undefined;;;;;;;;;;;;ЛОЖЬ;ИСТИНА;;;;;;;;;;;;;;;;;;;;;;;;;;;;
M;2440_D;;;;;0=Trip Initiator;;ЛОЖЬ;ЛОЖЬ;;2440;;;;;;;0;;;;167;ЛОЖЬ;0;;;;;;;;;;;;;;Undefined;491;3428;;;;;;;;;;ЛОЖЬ;;;;;;;;;;;;;;;;;;;;;;;;;;;;;
BO;93PI869_LL;;COM;;;LL TRIP SETPOINT (kPa-g);No;ИСТИНА;ЛОЖЬ;;699;;Float;;;;;0;;;;504;;38133;;;;;;;;;0;0;;;;-XXXXX.X;491;3428;;;;;;;;;;ЛОЖЬ;;;;;;;;;;;;;;;;;;Output;EPKS_CCB;ESD_932_1;10240;;;;;;;;
M;720_8;;;;;;;ЛОЖЬ;ЛОЖЬ;;720;;;;;;;0;;;;4201;ЛОЖЬ;0;;;;;;;;;;;;;;Undefined;;;;;;;;;;;;ЛОЖЬ;ИСТИНА;;;;;;;;;;;;;;;;;;;;;;;;;;;;
DO;93LI851_TF;;COM;930-20;A_C93021;TRANSM. FAIL;No;ИСТИНА;ЛОЖЬ;;688;;;;;;;0;;;;1480;ИСТИНА;37658;None;;;;;;0=FAIL;;;;;;;Undefined;491;3428;;;;;;;;;;ЛОЖЬ;;;;;;;;;;;;;;;;;;Output;EPKS_CCB;ESD_932_1;574;;;;;;;;
DI;93PI088_MOR;;COM;930-20;A_93020;MO REQUEST;No;ИСТИНА;ИСТИНА;;310;;;;;;;0;;;;2833;ЛОЖЬ;37848;None;;;;;;1=REQUEST;;;;;;;Undefined;491;3428;;;;;;Freeze;;;;ЛОЖЬ;;;;ЛОЖЬ;;;;;;;;;;;;;;Input;EPKS_CCB;ESD_932_1;2;;;;;;;;
DO;93LALL412_CA;;COM;;;CAUSE ALARM;No;ЛОЖЬ;ЛОЖЬ;;258;;;;;;;0;;;;3341;ЛОЖЬ;0;None;;;;;;0=ALARM;0=ALARM;;;;;;Undefined;;;;;;;;;;;;ЛОЖЬ;ИСТИНА;;;;;;;;;;;;;;;;;Output;EPKS_CCB;ESD_932_1;1236;;;;;;;;
M;366_1007_2;;;;;93PAHH771_I;;ЛОЖЬ;ЛОЖЬ;;1007;;;;;;;0;;;;2156;ЛОЖЬ;0;;;;;;;0=TRIP INITIATOR;;;;;;;Undefined;;;;;;;;;;;;ЛОЖЬ;ИСТИНА;;;;;;;;;;;;;;;;;;;;;;;;;;;;
M;C726_6_E;;;;;Function block marker;;ЛОЖЬ;ЛОЖЬ;;726;;;;;;;0;;;;4228;ЛОЖЬ;0;;;;;;;;;;;;;;Undefined;;;;;;;;;;;;ЛОЖЬ;ИСТИНА;;;;;;;;;;;;;;;;;;;;;;;;;;;;
DI;93HS493B_P;;COM;;;START COMPRESSOR;No;ИСТИНА;ИСТИНА;;634;;;;;;;0;;;;1653;ИСТИНА;37884;None;;;;;;1=START;;;;;;;Undefined;491;3428;;;;;;Low;;;;ЛОЖЬ;;;;ЛОЖЬ;;;;;;;;;;Input;CC_CCB_2;ESD_932_1;22;Output;EPKS_CCB;ESD_932_1;2002;;;;;;;;
AI;93PI770;;FLD;;;C9302001AX PROC GAS CYL2;Yes;ИСТИНА;ЛОЖЬ;;366;ИСТИНА;Float;4-20mA;0;1.6;MPa;;;;;628;ЛОЖЬ;38484;;None;None;None;None;;;;;;;;;-XXXXX.X;3.64;22;;20.03;11;5;1;Top scale;;;;ЛОЖЬ;ИСТИНА;ЛОЖЬ;;;;;;;;;;;;;;;;Output;EPKS_CCB;ESD_932_1;10336;;;;;;;;
AI;93PDI829;;FLD;;;C9302001BX PROC GAS CYL1;Yes;ИСТИНА;ЛОЖЬ;;528;ИСТИНА;Float;4-20mA;0;400;kPa;;;;;680;ЛОЖЬ;38483;;None;None;None;None;;;;;;;;;-XXXXX.X;3.64;22;;20.03;17;1;1;Top scale;;;;ЛОЖЬ;ИСТИНА;ЛОЖЬ;;;;;;;;;;;;;;;;Output;EPKS_CCB;ESD_932_1;10345;;;;;;;;
DO;93TI867_MOC;;COM;930-20;A_C93021;MO CONFIRMED;No;ИСТИНА;ЛОЖЬ;;718;;;;;;;0;;;;1519;ИСТИНА;37659;None;;;;;;1=CONFIRMED;;;;;;;Undefined;491;3428;;;;;;;;;;ЛОЖЬ;;;;;;;;;;;;;;;;;;Output;EPKS_CCB;ESD_932_1;841;;;;;;;;
M;414_448_1;;;;;AUTO START;;ЛОЖЬ;ЛОЖЬ;;448;;;;;;;0;;;;914;ЛОЖЬ;0;;;;;;;0=START;;;;;;;Undefined;491;3428;;;;;;;;;;ЛОЖЬ;;;;;;;;;;;;;;;;;;;;;;;;;;;;;
M;798_1049_3;;;;;93HS860_P;;ЛОЖЬ;ЛОЖЬ;;1049;;;;;;;0;;;;2533;ЛОЖЬ;0;;;;;;;1=RESET;;;;;;;Undefined;;;;;;;;;;;;ЛОЖЬ;ИСТИНА;;;;;;;;;;;;;;;;;;;;;;;;;;;;
M;272_414_3;;;;;93-I-550;;ЛОЖЬ;ЛОЖЬ;;414;;;;;;;0;;;;1768;ЛОЖЬ;0;;;;;;;0=TRIP;;;;;;;Undefined;491;3428;;;;;;;;;;ЛОЖЬ;;;;;;;;;;;;;;;;;;;;;;;;;;;;;
M;C548_5_G;;;;;Function block marker;;ЛОЖЬ;ЛОЖЬ;;548;;;;;;;0;;;;4428;ЛОЖЬ;0;;;;;;;;;;;;;;Undefined;;;;;;;;;;;;ЛОЖЬ;ИСТИНА;;;;;;;;;;;;;;;;;;;;;;;;;;;;
DO;93FALL419_CA;;COM;930-20;A_C93021;CAUSE ALARM;No;ИСТИНА;ЛОЖЬ;;244;;;;;;;0;;;;3312;ЛОЖЬ;38448;None;;;;;;0=ALARM;0=ALARM;;;;;;Undefined;;;;;;;;;;;;ЛОЖЬ;ИСТИНА;;;;;;;;;;;;;;;;;Output;EPKS_CCB;ESD_932_1;1207;;;;;;;;
M;C316_7_E;;;;;Function block marker;;ЛОЖЬ;ЛОЖЬ;;316;;;;;;;0;;;;4684;ЛОЖЬ;0;;;;;;;;;;;;;;Undefined;;;;;;;;;;;;ЛОЖЬ;ИСТИНА;;;;;;;;;;;;;;;;;;;;;;;;;;;;
M;272_1015_1;;;;;93LAHH425_I;;ЛОЖЬ;ЛОЖЬ;;1015;;;;;;;0;;;;2180;ЛОЖЬ;0;;;;;;;0=TRIP INITIATOR;;;;;;;Undefined;;;;;;;;;;;;ЛОЖЬ;ИСТИНА;;;;;;;;;;;;;;;;;;;;;;;;;;;;
M;1331_1327_1;;;930-20;A_93020;COMMON_TF;;ЛОЖЬ;ЛОЖЬ;;1327;;;;;;;0;;;;4212;ЛОЖЬ;0;;;;;;;0=ALARM;;;;;;;Undefined;;;;;;;;;;;;ЛОЖЬ;ИСТИНА;;;;;;;;;;;;;;;;;;;;;;;;;;;;
AI;93PI884;;FLD;930-20;A_C93021;C9302001CX PURGE GAS SUP;Yes;ИСТИНА;ЛОЖЬ;;704;ИСТИНА;Float;4-20mA;0;1.6;MPa-g;;;;;516;ЛОЖЬ;37956;;None;None;None;None;;;;-0.4;-0.4;;;;-XXXXX.X;3.64;22;;20.04;11;11;1;Bottom scale;;;;ЛОЖЬ;;ЛОЖЬ;;;;;;;;;;;;;;;;Output;EPKS_CCB;ESD_932_1;10127;;;;;;;;
M;390_8;;;;;;;ЛОЖЬ;ЛОЖЬ;;390;;;;;;;0;;;;4002;ЛОЖЬ;0;;;;;;;;;;;;;;Undefined;;;;;;;;;;;;ЛОЖЬ;ИСТИНА;;;;;;;;;;;;;;;;;;;;;;;;;;;;
DO;93PAHH819;;COM;930-20;A_C93021;C9302001BX PRS GAS CYL2;No;ИСТИНА;ЛОЖЬ;;534;;;;;;;0;;;;1103;ИСТИНА;37661;None;;;;;;0=TRIP;;;;;;;Undefined;491;3428;;;;;;;;;;ЛОЖЬ;;;;;;;;;;;;;;;;;;Output;EPKS_CCB;ESD_932_1;587;;;;;;;;
M;C720_4_B;;;;;Function block marker;;ЛОЖЬ;ЛОЖЬ;;720;;;;;;;0;;;;4245;ЛОЖЬ;0;;;;;;;;;;;;;;Undefined;;;;;;;;;;;;ЛОЖЬ;ИСТИНА;;;;;;;;;;;;;;;;;;;;;;;;;;;;
M;C123_3;;;;;Compiler marker (288, 234);;ЛОЖЬ;ЛОЖЬ;;123;;;;;;;0;;;;2076;ЛОЖЬ;0;;;;;;;;;;;;;;Undefined;491;3428;;;;;;;;;;ЛОЖЬ;;;;;;;;;;;;;;;;;;;;;;;;;;;;;
T;732_1;;;;;;;ЛОЖЬ;ЛОЖЬ;;732;;;;;;;;100 ms;10;;548;ЛОЖЬ;0;;;;;;;;;;;;;;Undefined;491;3428;Delayed OFF with constant timer value;;;;;;;;;ЛОЖЬ;;;;;;;;;;;;;;;;;;;;;;;;;;;;;
AI;93PDI832;;FLD;;;C9302001BX PROC GAS CYL2;Yes;ИСТИНА;ЛОЖЬ;;530;ИСТИНА;Float;4-20mA;0;1;MPa;;;;;684;ЛОЖЬ;38482;;None;None;None;None;;;;;;;;;-XXXXX.X;3.64;22;;20.03;17;2;1;Top scale;;;;ЛОЖЬ;ИСТИНА;ЛОЖЬ;;;;;;;;;;;;;;;;Output;EPKS_CCB;ESD_932_1;10346;;;;;;;;
T;392_6;;;;;;;ЛОЖЬ;ЛОЖЬ;;392;;;;;;;;100 ms;5;;736;ЛОЖЬ;0;;;;;;;;;;;;;;Undefined;;;Delayed OFF with constant timer value;;;;;;;;;ЛОЖЬ;ИСТИНА;;;;;;;;;;;;;;;;;;;;;;;;;;;;
DI;93FI804_MOR;;COM;930-20;A_C93021;MO REQUEST;No;ИСТИНА;ИСТИНА;;520;;;;;;;0;;;;2846;ЛОЖЬ;37662;None;;;;;;1=REQUEST;;;;;;;Undefined;491;3428;;;;;;Freeze;;;;ЛОЖЬ;;;;ЛОЖЬ;;;;;;;;;;;;;;Input;EPKS_CCB;ESD_932_1;15;;;;;;;;
M;1041_3;;;;;;;ЛОЖЬ;ЛОЖЬ;;1041;;;;;;;0;;;;2484;ЛОЖЬ;0;;;;;;;;;;;;;;Undefined;;;;;;;;;;;;ЛОЖЬ;ИСТИНА;;;;;;;;;;;;;;;;;;;;;;;;;;;;
BO;93LI421_LL;;COM;930-20;A_93020;LL TRIP SETPOINT (%);No;ИСТИНА;ЛОЖЬ;;266;;Float;;;;;0;;;;552;;38126;;;;;;;;;0;0;;;;-XXXXX.X;491;3428;;;;;;;;;;ЛОЖЬ;;;;;;;;;;;;;;;;;;Output;EPKS_CCB;ESD_932_1;10193;;;;;;;;
DO;93TAH860;;COM;;;HI ALARM;No;ЛОЖЬ;ЛОЖЬ;;714;;;;;;;0;;;;3606;ЛОЖЬ;0;None;;;;;;0=ALARM;0=ALARM;;;;;;Undefined;;;;;;;;;;;;ЛОЖЬ;ИСТИНА;;;;;;;;;;;;;;;;;Output;EPKS_CCB;ESD_932_1;1432;;;;;;;;
M;C268_6_E;;;;;Function block marker;;ЛОЖЬ;ЛОЖЬ;;268;;;;;;;0;;;;3854;ЛОЖЬ;0;;;;;;;;;;;;;;Undefined;;;;;;;;;;;;ЛОЖЬ;ИСТИНА;;;;;;;;;;;;;;;;;;;;;;;;;;;;
M;C730_3_B;;;;;Function block marker;;ЛОЖЬ;ЛОЖЬ;;730;;;;;;;0;;;;980;ЛОЖЬ;0;;;;;;;;;;;;;;Undefined;491;3428;;;;;;;;;;ЛОЖЬ;;;;;;;;;;;;;;;;;;;;;;;;;;;;;
M;392_9;;;;;;;ЛОЖЬ;ЛОЖЬ;;392;;;;;;;0;;;;4007;ЛОЖЬ;0;;;;;;;;;;;;;;Undefined;;;;;;;;;;;;ЛОЖЬ;ИСТИНА;;;;;;;;;;;;;;;;;;;;;;;;;;;;
M;554_1;;;;;;;ЛОЖЬ;ЛОЖЬ;;554;;;;;;;0;;;;1140;ЛОЖЬ;0;;;;;;;;;;;;;;Undefined;491;3428;;;;;;;;;;ЛОЖЬ;;;;;;;;;;;;;;;;;;;;;;;;;;;;;
M;C290_7_F;;;;;Function block marker;;ЛОЖЬ;ЛОЖЬ;;290;;;;;;;0;;;;3816;ЛОЖЬ;0;;;;;;;;;;;;;;Undefined;;;;;;;;;;;;ЛОЖЬ;ИСТИНА;;;;;;;;;;;;;;;;;;;;;;;;;;;;
DO;93TI804_MOC;;COM;930-20;A_C93021;MO CONFIRMED;No;ИСТИНА;ЛОЖЬ;;544;;;;;;;0;;;;1017;ИСТИНА;37663;None;;;;;;1=CONFIRMED;;;;;;;Undefined;491;3428;;;;;;;;;;ЛОЖЬ;;;;;;;;;;;;;;;;;;Output;EPKS_CCB;ESD_932_1;809;;;;;;;;
M;544_630_3;;;;;93TAHH804_I (AFTER OOS);;ЛОЖЬ;ЛОЖЬ;;630;;;;;;;0;;;;1105;ЛОЖЬ;0;;;;;;;0=TRIP;;;;;;;Undefined;491;3428;;;;;;;;;;ЛОЖЬ;;;;;;;;;;;;;;;;;;;;;;;;;;;;;
M;C648_2_C;;;;;Function block marker;;ЛОЖЬ;ЛОЖЬ;;648;;;;;;;0;;;;823;ЛОЖЬ;0;;;;;;;;;;;;;;Undefined;491;3428;;;;;;;;;;ЛОЖЬ;;;;;;;;;;;;;;;;;;;;;;;;;;;;;
DO;93XY451_C;;COM;;;AUTO OPENING 93XV451;No;ИСТИНА;ЛОЖЬ;;238;;;;;;;0;;;;1056;ИСТИНА;37794;None;;;;;;0=TRIP;;;;;;;Undefined;491;3428;;;;;;;;;;ЛОЖЬ;;;;;;;;;;;;;;;;;;Output;EPKS_CCB;ESD_932_1;1020;;;;;;;;
DO;93TAHH483_FU;;COM;930-20;A_93020;GAS B9302002B C9302001BX;No;ИСТИНА;ЛОЖЬ;;1033;;;;;;;0;;;;2362;ЛОЖЬ;38284;None;;;;;;1=FIRST;;;;;;;Undefined;;;;;;;;;;;;ЛОЖЬ;ИСТИНА;;;;;;;;;;;;;;;;;Output;EPKS_CCB;ESD_932_1;1125;;;;;;;;
DI;00XS932E01P01;;CAB;930-20;S_B93_2;IB-93-2 ESD-01 ALARM PS 01;Yes;ИСТИНА;ЛОЖЬ;;18;;;;;;;;;;;8;ИСТИНА;37664;None;;;;;;0=ALARM;;;;;;;Undefined;491;3428;;20.03;1;1;1;Low;;;;ЛОЖЬ;;;;ЛОЖЬ;;;;;;;;;;;;;;Output;EPKS_CCB;ESD_932_1;948;;;;;;;;
M;C364_5_F;;;;;Function block marker;;ЛОЖЬ;ЛОЖЬ;;364;;;;;;;0;;;;3558;ЛОЖЬ;0;;;;;;;;;;;;;;Undefined;;;;;;;;;;;;ЛОЖЬ;ИСТИНА;;;;;;;;;;;;;;;;;;;;;;;;;;;;
M;430_638_3;;;;;93HS765_P;;ЛОЖЬ;ЛОЖЬ;;638;;;;;;;0;;;;1568;ЛОЖЬ;0;;;;;;;1=RESET;;;;;;;Undefined;491;3428;;;;;;;;;;ЛОЖЬ;;;;;;;;;;;;;;;;;;;;;;;;;;;;;
M;2346_A;;;;;1=MO REQUEST;;ЛОЖЬ;ЛОЖЬ;;2346;;;;;;;0;;;;1608;ЛОЖЬ;0;;;;;;;;;;;;;;Undefined;491;3428;;;;;;;;;;ЛОЖЬ;;;;;;;;;;;;;;;;;;;;;;;;;;;;;
M;C1007_1_J;;;;;Function block marker;;ЛОЖЬ;ЛОЖЬ;;1007;;;;;;;0;;;;2451;ЛОЖЬ;0;;;;;;;;;;;;;;Undefined;;;;;;;;;;;;ЛОЖЬ;ИСТИНА;;;;;;;;;;;;;;;;;;;;;;;;;;;;
DI;00XS932E01FAN;;CAB;930-20;S_B93_2;IB-93-2 ESD-01 ALARM FAN;Yes;ИСТИНА;ЛОЖЬ;;18;;;;;;;;;;;2;ИСТИНА;37665;None;;;;;;0=ALARM;;;;;;;Undefined;491;3428;;20.03;1;11;1;Low;;;;ЛОЖЬ;;;;ЛОЖЬ;;;;;;;;;;;;;;Output;EPKS_CCB;ESD_932_1;947;;;;;;;;
M;C550_5_E;;;;;Function block marker;;ЛОЖЬ;ЛОЖЬ;;550;;;;;;;0;;;;4419;ЛОЖЬ;0;;;;;;;;;;;;;;Undefined;;;;;;;;;;;;ЛОЖЬ;ИСТИНА;;;;;;;;;;;;;;;;;;;;;;;;;;;;
M;C1017_1_H;;;;;Function block marker;;ЛОЖЬ;ЛОЖЬ;;1017;;;;;;;0;;;;2419;ЛОЖЬ;0;;;;;;;;;;;;;;Undefined;;;;;;;;;;;;ЛОЖЬ;ИСТИНА;;;;;;;;;;;;;;;;;;;;;;;;;;;;
DO;93LY854;;FLD;930-20;A_C93021;C-9302001CX DRAIN 2ND ST;Yes;ИСТИНА;ЛОЖЬ;;800;;;;;;;0;;;;17;ЛОЖЬ;37666;None;;;;;;1=OPEN;;;;;;;Undefined;491;3428;;20.05;3;2;1;Appl;;;;ЛОЖЬ;;;;;;;;;;;;;;;;;;;;;;;;;;;;;
M;352_6;;;;;;;ЛОЖЬ;ЛОЖЬ;;352;;;;;;;0;;;;4023;ЛОЖЬ;0;;;;;;;;;;;;;;Undefined;;;;;;;;;;;;ЛОЖЬ;ИСТИНА;;;;;;;;;;;;;;;;;;;;;;;;;;;;
M;692_2;;;;;;;ЛОЖЬ;ЛОЖЬ;;692;;;;;;;0;;;;1512;ЛОЖЬ;0;;;;;;;;;;;;;;Undefined;491;3428;;;;;;;;;;ЛОЖЬ;;;;;;;;;;;;;;;;;;;;;;;;;;;;;
M;C526_5_G;;;;;Function block marker;;ЛОЖЬ;ЛОЖЬ;;526;;;;;;;0;;;;4501;ЛОЖЬ;0;;;;;;;;;;;;;;Undefined;;;;;;;;;;;;ЛОЖЬ;ИСТИНА;;;;;;;;;;;;;;;;;;;;;;;;;;;;
DO;93XA814;;LCP;930-20;A_C93021;C-9302001BX HORN;Yes;ИСТИНА;ЛОЖЬ;;634;;;;;;;0;;;;142;ЛОЖЬ;37667;None;;;;;;1=ACTIVE;;;;;;;Undefined;491;3428;;20.06;7;7;1;Appl;;;;ЛОЖЬ;;;;;;;;;;;;;;;;;;Output;EPKS_CCB;ESD_932_1;1007;;;;;;;;
M;C1035_1_K;;;;;Function block marker;;ЛОЖЬ;ЛОЖЬ;;1035;;;;;;;0;;;;2374;ЛОЖЬ;0;;;;;;;;;;;;;;Undefined;;;;;;;;;;;;ЛОЖЬ;ИСТИНА;;;;;;;;;;;;;;;;;;;;;;;;;;;;
M;C400_1;;;;;Compiler marker (240, 66);;ЛОЖЬ;ЛОЖЬ;;400;;;;;;;0;;;;1383;ЛОЖЬ;0;;;;;;;;;;;;;;Undefined;;;;;;;;;;;;ЛОЖЬ;ИСТИНА;;;;;;;;;;;;;;;;;;;;;;;;;;;;
BO;93TI754_HH;;COM;930-20;A_C93021;HH TRIP SETPOINT (°C);No;ИСТИНА;ЛОЖЬ;;374;;Float;;;;;0;;;;420;;38143;;;;;;;;;0;0;;;;-XXXXX.X;491;3428;;;;;;;;;;ЛОЖЬ;;;;;;;;;;;;;;;;;;Output;EPKS_CCB;ESD_932_1;10250;;;;;;;;
T;392_5;;;;;;;ЛОЖЬ;ЛОЖЬ;;392;;;;;;;;100 ms;5;;732;ЛОЖЬ;0;;;;;;;;;;;;;;Undefined;;;Delayed OFF with constant timer value;;;;;;;;;ЛОЖЬ;ИСТИНА;;;;;;;;;;;;;;;;;;;;;;;;;;;;
M;402_638_2;;;;;93PALL926_I (AFTER OOS);;ЛОЖЬ;ЛОЖЬ;;638;;;;;;;0;;;;1209;ЛОЖЬ;0;;;;;;;0=TRIP INITIATOR;;;;;;;Undefined;491;3428;;;;;;;;;;ЛОЖЬ;;;;;;;;;;;;;;;;;;;;;;;;;;;;;
M;2432_F;;;;;0=TRANSMITTER FAILED;;ЛОЖЬ;ЛОЖЬ;;2432;;;;;;;0;;;;3257;ЛОЖЬ;0;;;;;;;;;;;;;;Undefined;;;;;;;;;;;;ЛОЖЬ;ИСТИНА;;;;;;;;;;;;;;;;;;;;;;;;;;;;
AI;93TI812;;FLD;930-20;A_C93021;C9302001BX COOL WATER C1;Yes;ИСТИНА;ЛОЖЬ;;552;ИСТИНА;Float;4-20mA;-50;100;°C;;;;;88;ЛОЖЬ;37737;;None;None;None;None;;;;-87.5;-87.5;;;;-XXXXX.X;3.76;21;;20.03;15;6;1;Bottom scale;;;;ЛОЖЬ;;ЛОЖЬ;;;;;;;;;;;;;;;;Output;EPKS_CCB;ESD_932_1;10146;;;;;;;;
DO;93TI808_TF;;COM;;;TRANSM FAULT;No;ЛОЖЬ;ЛОЖЬ;;548;;;;;;;0;;;;560;ИСТИНА;38481;None;;;;;;0=ALARM;0=ALARM;;;;;;Undefined;;;;;;;;;;;;ЛОЖЬ;ИСТИНА;;;;;;;;;;;;;;;;;Output;EPKS_CCB;ESD_932_1;1344;;;;;;;;
M;C292_4_E;;;;;Function block marker;;ЛОЖЬ;ЛОЖЬ;;292;;;;;;;0;;;;2794;ЛОЖЬ;0;;;;;;;;;;;;;;Undefined;491;3428;;;;;;;;;;ЛОЖЬ;;;;;;;;;;;;;;;;;;;;;;;;;;;;;
M;C712_6_G;;;;;Function block marker;;ЛОЖЬ;ЛОЖЬ;;712;;;;;;;0;;;;4279;ЛОЖЬ;0;;;;;;;;;;;;;;Undefined;;;;;;;;;;;;ЛОЖЬ;ИСТИНА;;;;;;;;;;;;;;;;;;;;;;;;;;;;
T;548_2;;;;;;;ЛОЖЬ;ЛОЖЬ;;548;;;;;;;;100 ms;5;;808;ЛОЖЬ;0;;;;;;;;;;;;;;Undefined;;;Delayed OFF with constant timer value;;;;;;;;;ЛОЖЬ;ИСТИНА;;;;;;;;;;;;;;;;;;;;;;;;;;;;
DO;93PALL864_FU;;COM;930-20;A_C93021;C9302001CX PRS GAS CYL1;No;ИСТИНА;ЛОЖЬ;;1041;;;;;;;0;;;;2584;ЛОЖЬ;38306;None;;;;;;1=FIRST;;;;;;;Undefined;;;;;;;;;;;;ЛОЖЬ;ИСТИНА;;;;;;;;;;;;;;;;;Output;EPKS_CCB;ESD_932_1;1147;;;;;;;;
M;294_3;;;;;;;ЛОЖЬ;ЛОЖЬ;;294;;;;;;;0;;;;465;ЛОЖЬ;0;;;;;;;;;;;;;;Undefined;491;3428;;;;;;;;;;ЛОЖЬ;;;;;;;;;;;;;;;;;;;;;;;;;;;;;
M;710_8;;;;;;;ЛОЖЬ;ЛОЖЬ;;710;;;;;;;0;;;;4140;ЛОЖЬ;0;;;;;;;;;;;;;;Undefined;;;;;;;;;;;;ЛОЖЬ;ИСТИНА;;;;;;;;;;;;;;;;;;;;;;;;;;;;
M;376_8;;;;;;;ЛОЖЬ;ЛОЖЬ;;376;;;;;;;0;;;;4027;ЛОЖЬ;0;;;;;;;;;;;;;;Undefined;;;;;;;;;;;;ЛОЖЬ;ИСТИНА;;;;;;;;;;;;;;;;;;;;;;;;;;;;
DO;93LI423_TF;;COM;930-20;A_93020;TRANSM. FAIL;No;ИСТИНА;ЛОЖЬ;;268;;;;;;;0;;;;411;ИСТИНА;37669;None;;;;;;0=FAIL;;;;;;;Undefined;491;3428;;;;;;;;;;ЛОЖЬ;;;;;;;;;;;;;;;;;;Output;EPKS_CCB;ESD_932_1;552;;;;;;;;
DO;93TI761_TF;;COM;930-20;A_C93021;TRANSM. FAIL;No;ИСТИНА;ЛОЖЬ;;380;;;;;;;0;;;;749;ИСТИНА;37670;None;;;;;;0=FAIL;;;;;;;Undefined;491;3428;;;;;;;;;;ЛОЖЬ;;;;;;;;;;;;;;;;;;Output;EPKS_CCB;ESD_932_1;798;;;;;;;;
M;C690_5_F;;;;;Function block marker;;ЛОЖЬ;ЛОЖЬ;;690;;;;;;;0;;;;4354;ЛОЖЬ;0;;;;;;;;;;;;;;Undefined;;;;;;;;;;;;ЛОЖЬ;ИСТИНА;;;;;;;;;;;;;;;;;;;;;;;;;;;;
DO;93TAHH984;;COM;930-20;A_P93020;HERM GLASS P9302001BX;No;ИСТИНА;ЛОЖЬ;;294;;;;;;;0;;;;425;ИСТИНА;37671;None;;;;;;0=TRIP;;;;;;;Undefined;491;3428;;;;;;;;;;ЛОЖЬ;;;;;;;;;;;;;;;;;;Output;EPKS_CCB;ESD_932_1;779;;;;;;;;
M;562_9;;;;;;;ЛОЖЬ;ЛОЖЬ;;562;;;;;;;0;;;;4084;ЛОЖЬ;0;;;;;;;;;;;;;;Undefined;;;;;;;;;;;;ЛОЖЬ;ИСТИНА;;;;;;;;;;;;;;;;;;;;;;;;;;;;
AI;93TI766;;FLD;;;C9302001AX PROC GAS CYL2;Yes;ИСТИНА;ЛОЖЬ;;384;ИСТИНА;Float;4-20mA;-50;200;°C;;;;;648;ЛОЖЬ;38480;;None;None;None;None;;;;;;;;;-XXXXX.X;3.76;21;;20.03;11;10;1;Top scale;;;;ЛОЖЬ;ИСТИНА;ЛОЖЬ;;;;;;;;;;;;;;;;Output;EPKS_CCB;ESD_932_1;10341;;;;;;;;
DO;93XY468_P;;COM;930-20;A_C93021;AUTO OPENING 93XV468;No;ИСТИНА;ЛОЖЬ;;798;;;;;;;0;;;;554;ЛОЖЬ;38063;None;;;;;;1=ACTIVE;;;;;;;Undefined;491;3428;;;;;;;;;;ЛОЖЬ;;;;;;;;;;;;;;;;;;;;;;;;;;Output;CC_CCB_1;ESD_932_1;73
DO;93HA807;;COM;930-20;A_C93021;C9302001BX EMERG SP;No;ИСТИНА;ЛОЖЬ;;568;;;;;;;0;;;;1192;ИСТИНА;37908;None;;;;;;0=TRIP;;;;;;;Undefined;491;3428;;;;;;;;;;ЛОЖЬ;;;;;;;;;;;;;;;;;;Output;EPKS_CCB;ESD_932_1;475;;;;;;;;
DO;93LI420_TF;;COM;930-20;A_93020;TRANSM. FAIL;No;ЛОЖЬ;ЛОЖЬ;;266;;;;;;;0;;;;3757;ИСТИНА;38447;None;;;;;;0=ALARM;0=ALARM;;;;;;Undefined;;;;;;;;;;;;ЛОЖЬ;ИСТИНА;;;;;;;;;;;;;;;;;Output;EPKS_CCB;ESD_932_1;1309;;;;;;;;
M;373_810_1;;;;;93TAL752_PERM;;ЛОЖЬ;ЛОЖЬ;;810;;;;;;;0;;;;3992;ЛОЖЬ;0;;;;;;;0=ALARM;;;;;;;Undefined;;;;;;;;;;;;ЛОЖЬ;ИСТИНА;;;;;;;;;;;;;;;;;;;;;;;;;;;;
M;C526_6_F;;;;;Function block marker;;ЛОЖЬ;ЛОЖЬ;;526;;;;;;;0;;;;4503;ЛОЖЬ;0;;;;;;;;;;;;;;Undefined;;;;;;;;;;;;ЛОЖЬ;ИСТИНА;;;;;;;;;;;;;;;;;;;;;;;;;;;;
M;C798_2_A;;;;;Compiler marker;;ЛОЖЬ;ЛОЖЬ;;798;;;;;;;0;;;;964;ЛОЖЬ;0;;;;;;;;;;;;;;Undefined;491;3428;;;;;;;;;;ЛОЖЬ;;;;;;;;;;;;;;;;;;;;;;;;;;;;;
M;C798_3_D;;;;;Function block marker;;ЛОЖЬ;ЛОЖЬ;;798;;;;;;;0;;;;1137;ЛОЖЬ;0;;;;;;;;;;;;;;Undefined;491;3428;;;;;;;;;;ЛОЖЬ;;;;;;;;;;;;;;;;;;;;;;;;;;;;;
M;C1043_1_L;;;;;Function block marker;;ЛОЖЬ;ЛОЖЬ;;1043;;;;;;;0;;;;2645;ЛОЖЬ;0;;;;;;;;;;;;;;Undefined;;;;;;;;;;;;ЛОЖЬ;ИСТИНА;;;;;;;;;;;;;;;;;;;;;;;;;;;;
M;1035_1057_3;;;;;93HS551B_FU_B_I;;ЛОЖЬ;ЛОЖЬ;;1057;;;;;;;0;;;;2662;ЛОЖЬ;0;;;;;;;1=FIRST;;;;;;;Undefined;;;;;;;;;;;;ЛОЖЬ;ИСТИНА;;;;;;;;;;;;;;;;;;;;;;;;;;;;
M;244_272_2;;;;;93FALL420_I;;ЛОЖЬ;ЛОЖЬ;;272;;;;;;;0;;;;207;ЛОЖЬ;0;;;;;;;0=TRIP INITIATOR;;;;;;;Undefined;491;3428;;;;;;;;;;ЛОЖЬ;;;;;;;;;;;;;;;;;;;;;;;;;;;;;
DO;93PAHH821_FU;;COM;930-20;A_C93021;C9302001BX PRS GAS CYL2;No;ИСТИНА;ЛОЖЬ;;1025;;;;;;;0;;;;2341;ЛОЖЬ;38263;None;;;;;;1=FIRST;;;;;;;Undefined;;;;;;;;;;;;ЛОЖЬ;ИСТИНА;;;;;;;;;;;;;;;;;Output;EPKS_CCB;ESD_932_1;1104;;;;;;;;
M;404_1031_2;;;;;93TAHH929_I;;ЛОЖЬ;ЛОЖЬ;;1031;;;;;;;0;;;;2319;ЛОЖЬ;0;;;;;;;0=TRIP INITIATOR;;;;;;;Undefined;;;;;;;;;;;;ЛОЖЬ;ИСТИНА;;;;;;;;;;;;;;;;;;;;;;;;;;;;
BO;93TI753_HH;;COM;930-20;A_C93021;HH TRIP SETPOINT (°C);No;ИСТИНА;ЛОЖЬ;;372;;Float;;;;;0;;;;768;;38110;;;;;;;;;0;0;;;;-XXXXX.X;491;3428;;;;;;;;;;ЛОЖЬ;;;;;;;;;;;;;;;;;;Output;EPKS_CCB;ESD_932_1;10249;;;;;;;;
M;724_174_1;;;;;93TT936;;ЛОЖЬ;ЛОЖЬ;;174;;;;;;;0;;;;1527;ЛОЖЬ;0;;;;;;;1=MO CONFIRMED;;;;;;;Undefined;491;3428;;;;;;;;;;ЛОЖЬ;;;;;;;;;;;;;;;;;;;;;;;;;;;;;
M;294_156_3;;;;;93TT984;;ЛОЖЬ;ЛОЖЬ;;156;;;;;;;0;;;;256;ЛОЖЬ;0;;;;;;;1=MO CONFIRMED;;;;;;;Undefined;491;3428;;;;;;;;;;ЛОЖЬ;;;;;;;;;;;;;;;;;;;;;;;;;;;;;
M;C242_2_D;;;;;Function block marker;;ЛОЖЬ;ЛОЖЬ;;242;;;;;;;0;;;;2801;ЛОЖЬ;0;;;;;;;;;;;;;;Undefined;491;3428;;;;;;;;;;ЛОЖЬ;;;;;;;;;;;;;;;;;;;;;;;;;;;;;
M;C792_3;;;;;Compiler marker (277, 270);;ЛОЖЬ;ЛОЖЬ;;792;;;;;;;0;;;;1232;ЛОЖЬ;0;;;;;;;;;;;;;;Undefined;491;3428;;;;;;;;;;ЛОЖЬ;;;;;;;;;;;;;;;;;;;;;;;;;;;;;
M;C698_4_F;;;;;Function block marker;;ЛОЖЬ;ЛОЖЬ;;698;;;;;;;0;;;;3419;ЛОЖЬ;0;;;;;;;;;;;;;;Undefined;;;;;;;;;;;;ЛОЖЬ;ИСТИНА;;;;;;;;;;;;;;;;;;;;;;;;;;;;
DO;93TI981_MOC;;COM;930-20;A_93020;MO CONFIRMED;No;ИСТИНА;ЛОЖЬ;;296;;;;;;;0;;;;490;ИСТИНА;37672;None;;;;;;1=CONFIRMED;;;;;;;Undefined;491;3428;;;;;;;;;;ЛОЖЬ;;;;;;;;;;;;;;;;;;Output;EPKS_CCB;ESD_932_1;857;;;;;;;;
DO;93XY926;;MCC;930-20;A_C93021;C-9302001 H2O PM1 TRIP;Yes;ИСТИНА;ЛОЖЬ;;430;;;;;;;0;;;;169;ИСТИНА;37673;None;;;;;;0=TRIP;;;;;;;Undefined;491;3428;;20.06;11;2;1;Appl;;;;ЛОЖЬ;;;;;;;;;;;;;;;;;;Output;EPKS_CCB;ESD_932_1;1054;;;;;;;;
DO;93FALL424_CA;;COM;930-20;A_C93021;CAUSE ALARM;No;ИСТИНА;ЛОЖЬ;;248;;;;;;;0;;;;304;ЛОЖЬ;37674;None;;;;;;0=ALARM;;;;;;;Undefined;491;3428;;;;;;;;;;ЛОЖЬ;;;;;;;;;;;;;;;;;;Output;EPKS_CCB;ESD_932_1;422;;;;;;;;
M;1003_11;;;;;;;ЛОЖЬ;ЛОЖЬ;;1003;;;;;;;0;;;;2038;ЛОЖЬ;0;;;;;;;;;;;;;;Undefined;;;;;;;;;;;;ЛОЖЬ;ИСТИНА;;;;;;;;;;;;;;;;;;;;;;;;;;;;
DO;93LAHH753_CA;;COM;930-20;A_C93021;CAUSE ALARM;No;ИСТИНА;ЛОЖЬ;;356;;;;;;;0;;;;614;ЛОЖЬ;37675;None;;;;;;0=ALARM;;;;;;;Undefined;491;3428;;;;;;;;;;ЛОЖЬ;;;;;;;;;;;;;;;;;;Output;EPKS_CCB;ESD_932_1;491;;;;;;;;
M;1047_5;;;;;;;ЛОЖЬ;ЛОЖЬ;;1047;;;;;;;0;;;;2507;ЛОЖЬ;0;;;;;;;;;;;;;;Undefined;;;;;;;;;;;;ЛОЖЬ;ИСТИНА;;;;;;;;;;;;;;;;;;;;;;;;;;;;
DO;93FI430_TF;;COM;930-20;A_C93021;TRANSM. FAIL;No;ИСТИНА;ЛОЖЬ;;254;;;;;;;0;;;;333;ИСТИНА;37676;None;;;;;;0=FAIL;;;;;;;Undefined;491;3428;;;;;;;;;;ЛОЖЬ;;;;;;;;;;;;;;;;;;Output;EPKS_CCB;ESD_932_1;454;;;;;;;;
DO;93FALL022A_CA;;COM;930-20;A_93020;CAUSE ALARM;No;ИСТИНА;ЛОЖЬ;;316;;;;;;;0;;;;3251;ЛОЖЬ;37042;None;;;;;;0=ALARM;;;;;;;Undefined;;;;;;;;;;;;ЛОЖЬ;ИСТИНА;;;;;;;;;;;;;;;;;Output;EPKS_CCB;ESD_932_1;1190;;;;;;;;
DO;93TI929_MOC;;COM;930-20;A_C93021;MO CONFIRMED;No;ИСТИНА;ЛОЖЬ;;404;;;;;;;0;;;;905;ИСТИНА;37677;None;;;;;;1=CONFIRMED;;;;;;;Undefined;491;3428;;;;;;;;;;ЛОЖЬ;;;;;;;;;;;;;;;;;;Output;EPKS_CCB;ESD_932_1;851;;;;;;;;
DO;93TAHH862_CA;;COM;930-20;A_C93021;CAUSE ALARM;No;ИСТИНА;ЛОЖЬ;;716;;;;;;;0;;;;1413;ЛОЖЬ;37678;None;;;;;;0=ALARM;;;;;;;Undefined;491;3428;;;;;;;;;;ЛОЖЬ;;;;;;;;;;;;;;;;;;Output;EPKS_CCB;ESD_932_1;760;;;;;;;;
M;2420_D;;;;;0=Cause alarm;;ЛОЖЬ;ЛОЖЬ;;2420;;;;;;;0;;;;103;ЛОЖЬ;0;;;;;;;;;;;;;;Undefined;491;3428;;;;;;;;;;ЛОЖЬ;;;;;;;;;;;;;;;;;;;;;;;;;;;;;
T;790_1;;;;;;;ЛОЖЬ;ЛОЖЬ;;790;;;;;;;;1 s;180;;128;ЛОЖЬ;0;;;;;;;;;;;;;;Undefined;491;3428;Delayed ON with constant timer value;;;;;;;;;ЛОЖЬ;;;;;;;;;;;;;;;;;;;;;;;;;;;;;
M;1043_3;;;;;;;ЛОЖЬ;ЛОЖЬ;;1043;;;;;;;0;;;;2491;ЛОЖЬ;0;;;;;;;;;;;;;;Undefined;;;;;;;;;;;;ЛОЖЬ;ИСТИНА;;;;;;;;;;;;;;;;;;;;;;;;;;;;
M;C556_5_F;;;;;Function block marker;;ЛОЖЬ;ЛОЖЬ;;556;;;;;;;0;;;;4399;ЛОЖЬ;0;;;;;;;;;;;;;;Undefined;;;;;;;;;;;;ЛОЖЬ;ИСТИНА;;;;;;;;;;;;;;;;;;;;;;;;;;;;
M;554_1029_3;;;;;93TAHH817_I (AFTER OOS);;ЛОЖЬ;ЛОЖЬ;;1029;;;;;;;0;;;;2311;ЛОЖЬ;0;;;;;;;0=TRIP;;;;;;;Undefined;;;;;;;;;;;;ЛОЖЬ;ИСТИНА;;;;;;;;;;;;;;;;;;;;;;;;;;;;
BO;93PI868_H;;COM;;;HI ALARM SETPOINT;No;ЛОЖЬ;ЛОЖЬ;;698;;Float;;;;;0;;;;2060;;0;;None;None;None;None;;;;;;;;;-XXXXX.X;;;;;;;;;;;;ЛОЖЬ;ИСТИНА;;;;;;;;;;;;;;;;;Output;EPKS_CCB;ESD_932_1;10432;;;;;;;;
DO;93LALL411_CA;;COM;930-20;A_93020;CAUSE ALARM;No;ИСТИНА;ЛОЖЬ;;256;;;;;;;0;;;;344;ЛОЖЬ;37679;None;;;;;;0=ALARM;;;;;;;Undefined;491;3428;;;;;;;;;;ЛОЖЬ;;;;;;;;;;;;;;;;;;Output;EPKS_CCB;ESD_932_1;501;;;;;;;;
M;550_1027_2;;;;;93TAHH811_I;;ЛОЖЬ;ЛОЖЬ;;1027;;;;;;;0;;;;2309;ЛОЖЬ;0;;;;;;;0=TRIP INITIATOR;;;;;;;Undefined;;;;;;;;;;;;ЛОЖЬ;ИСТИНА;;;;;;;;;;;;;;;;;;;;;;;;;;;;
M;312_1;;;;;;;ЛОЖЬ;ЛОЖЬ;;312;;;;;;;0;;;;1711;ЛОЖЬ;0;;;;;;;;;;;;;;Undefined;491;3428;;;;;;;;;;ЛОЖЬ;;;;;;;;;;;;;;;;;;;;;;;;;;;;;
M;C370_5_G;;;;;Function block marker;;ЛОЖЬ;ЛОЖЬ;;370;;;;;;;0;;;;4600;ЛОЖЬ;0;;;;;;;;;;;;;;Undefined;;;;;;;;;;;;ЛОЖЬ;ИСТИНА;;;;;;;;;;;;;;;;;;;;;;;;;;;;
DO;93XS492_OOS;;COM;930-20;A_C93021;OOS ACTIVATE;No;ИСТИНА;ЛОЖЬ;;365;;;;;;;0;;;;77;ЛОЖЬ;38068;None;;;;;;1=ACTIVATE;;;;;;;Undefined;;;;;;;;;;;;ЛОЖЬ;ИСТИНА;;;;;;;;;;;;;;;;;Output;EPKS_CCB;ESD_932_1;890;;;;;;;;
DI;93TI753_MOR;;COM;930-20;A_C93021;MO REQUEST;No;ИСТИНА;ИСТИНА;;372;;;;;;;0;;;;2924;ЛОЖЬ;37680;None;;;;;;1=REQUEST;;;;;;;Undefined;491;3428;;;;;;Freeze;;;;ЛОЖЬ;;;;ЛОЖЬ;;;;;;;;;;;;;;Input;EPKS_CCB;ESD_932_1;93;;;;;;;;
DO;93TAHH834_FU;;COM;930-20;A_C93021;C9302001BX COOL H2O OIL;No;ИСТИНА;ЛОЖЬ;;1029;;;;;;;0;;;;2353;ЛОЖЬ;38275;None;;;;;;1=FIRST;;;;;;;Undefined;;;;;;;;;;;;ЛОЖЬ;ИСТИНА;;;;;;;;;;;;;;;;;Output;EPKS_CCB;ESD_932_1;1116;;;;;;;;
M;404_1;;;;;;;ЛОЖЬ;ЛОЖЬ;;404;;;;;;;0;;;;900;ЛОЖЬ;0;;;;;;;;;;;;;;Undefined;491;3428;;;;;;;;;;ЛОЖЬ;;;;;;;;;;;;;;;;;;;;;;;;;;;;;
M;C314_5_F;;;;;Function block marker;;ЛОЖЬ;ЛОЖЬ;;314;;;;;;;0;;;;4690;ЛОЖЬ;0;;;;;;;;;;;;;;Undefined;;;;;;;;;;;;ЛОЖЬ;ИСТИНА;;;;;;;;;;;;;;;;;;;;;;;;;;;;
DO;93PAHH769_CA;;COM;930-20;A_C93021;CAUSE ALARM;No;ИСТИНА;ЛОЖЬ;;364;;;;;;;0;;;;664;ЛОЖЬ;37681;None;;;;;;0=ALARM;;;;;;;Undefined;491;3428;;;;;;;;;;ЛОЖЬ;;;;;;;;;;;;;;;;;;Output;EPKS_CCB;ESD_932_1;580;;;;;;;;
M;125_2347_1;;;;;MOS C-9302001CX ENABLED;;ЛОЖЬ;ЛОЖЬ;;2347;;;;;;;0;;;;1577;ЛОЖЬ;0;;;;;;;1=ENABLED;;;;;;;Undefined;491;3428;;;;;;;;;;ЛОЖЬ;;;;;;;;;;;;;;;;;;;;;;;;;;;;;
AI;93TI757;;FLD;930-20;A_C93021;C9302001AX TMP PACK CYL2;Yes;ИСТИНА;ЛОЖЬ;;376;ИСТИНА;Float;4-20mA;-50;200;°C;;;;;8;ЛОЖЬ;37960;;None;None;None;None;;;;-112.5;-112.5;;;;-XXXXX.X;3.76;21;;20.03;13;3;1;Bottom scale;;;;ЛОЖЬ;;ЛОЖЬ;;;;;;;;;;;;;;;;Output;EPKS_CCB;ESD_932_1;10134;;;;;;;;
M;C121_1;;;;;Compiler marker (288, 186);;ЛОЖЬ;ЛОЖЬ;;121;;;;;;;0;;;;2079;ЛОЖЬ;0;;;;;;;;;;;;;;Undefined;491;3428;;;;;;;;;;ЛОЖЬ;;;;;;;;;;;;;;;;;;;;;;;;;;;;;
M;C360_4_B;;;;;Function block marker;;ЛОЖЬ;ЛОЖЬ;;360;;;;;;;0;;;;4636;ЛОЖЬ;0;;;;;;;;;;;;;;Undefined;;;;;;;;;;;;ЛОЖЬ;ИСТИНА;;;;;;;;;;;;;;;;;;;;;;;;;;;;
M;704_172_1;;;;;93PT884;;ЛОЖЬ;ЛОЖЬ;;172;;;;;;;0;;;;426;ЛОЖЬ;0;;;;;;;1=MO CONFIRMED;;;;;;;Undefined;491;3428;;;;;;;;;;ЛОЖЬ;;;;;;;;;;;;;;;;;;;;;;;;;;;;;
DO;93TAHH817A_P;;COM;930-20;A_C93021;INDICATION LIGHT;No;ИСТИНА;ЛОЖЬ;;554;;;;;;;0;;;;1673;ЛОЖЬ;38066;None;;;;;;1=ACTIVE;;;;;;;Undefined;491;3428;;;;;;;;;;ЛОЖЬ;;;;;;;;;;;;;;Output;CC_CCB_2;ESD_932_1;46;;;;;;;;;;;;
M;C2350_2;;;;;Compiler marker (264, 108);;ЛОЖЬ;ЛОЖЬ;;2350;;;;;;;0;;;;351;ЛОЖЬ;0;;;;;;;;;;;;;;Undefined;491;3428;;;;;;;;;;ЛОЖЬ;;;;;;;;;;;;;;;;;;;;;;;;;;;;;
DI;93HS156;;COM;;;H2S Override;No;ИСТИНА;ИСТИНА;;318;;;;;;;0;;;;2832;ЛОЖЬ;37036;None;;;;;;1=OVERRIDE;;;;;;;Undefined;;;;;;;;Freeze;;;;ЛОЖЬ;ИСТИНА;;;ЛОЖЬ;;;;;;;;;;;;;;Input;EPKS_CCB;ESD_932_1;1;;;;;;;;
M;C402_3_E;;;;;Function block marker;;ЛОЖЬ;ЛОЖЬ;;402;;;;;;;0;;;;3509;ЛОЖЬ;0;;;;;;;;;;;;;;Undefined;;;;;;;;;;;;ЛОЖЬ;ИСТИНА;;;;;;;;;;;;;;;;;;;;;;;;;;;;
T;384_1;;;930-20;;;;ЛОЖЬ;ЛОЖЬ;;384;;;;;;;;100 ms;5;;312;ЛОЖЬ;0;;;;;;;;;;;;;;Undefined;491;3428;Delayed OFF with constant timer value;;;;;;;;;ЛОЖЬ;;;;;;;;;;;;;;;;;;;;;;;;;;;;;
BO;93PI477_LL;;COM;930-20;A_93020;LL TRIP SETPOINT (kPA-g);No;ИСТИНА;ЛОЖЬ;;242;;Float;;;;;0;;;;788;;38121;;;;;;;;;0;0;;;;-XXXXX.X;491;3428;;;;;;;;;;ЛОЖЬ;;;;;;;;;;;;;;;;;;Output;EPKS_CCB;ESD_932_1;10220;;;;;;;;
M;360_7;;;;;;;ЛОЖЬ;ЛОЖЬ;;360;;;;;;;0;;;;3627;ЛОЖЬ;0;;;;;;;;;;;;;;Undefined;;;;;;;;;;;;ЛОЖЬ;ИСТИНА;;;;;;;;;;;;;;;;;;;;;;;;;;;;
DO;93PAL783;;COM;;;LO ALARM;No;ЛОЖЬ;ЛОЖЬ;;370;;;;;;;0;;;;2772;ЛОЖЬ;0;None;;;;;;0=ALARM;0=ALARM;;;;;;Undefined;;;;;;;;;;;;ЛОЖЬ;ИСТИНА;;;;;;;;;;;;;;;;;Output;EPKS_CCB;ESD_932_1;1393;;;;;;;;
M;404_788_2;;;;;93TAHH929_I;;ЛОЖЬ;ЛОЖЬ;;788;;;;;;;0;;;;1566;ЛОЖЬ;0;;;;;;;0=TRIP INITIATOR;;;;;;;Undefined;491;3428;;;;;;;;;;ЛОЖЬ;;;;;;;;;;;;;;;;;;;;;;;;;;;;;
M;C278_1_B;;;;;Function block marker;;ЛОЖЬ;ЛОЖЬ;;278;;;;;;;0;;;;557;ЛОЖЬ;0;;;;;;;;;;;;;;Undefined;491;3428;;;;;;;;;;ЛОЖЬ;;;;;;;;;;;;;;;;;;;;;;;;;;;;;
M;530_2;;;;;;;ЛОЖЬ;ЛОЖЬ;;530;;;;;;;0;;;;981;ЛОЖЬ;0;;;;;;;;;;;;;;Undefined;491;3428;;;;;;;;;;ЛОЖЬ;;;;;;;;;;;;;;;;;;;;;;;;;;;;;
M;C648_4_D;;;;;Function block marker;;ЛОЖЬ;ЛОЖЬ;;648;;;;;;;0;;;;1362;ЛОЖЬ;0;;;;;;;;;;;;;;Undefined;491;3428;;;;;;;;;;ЛОЖЬ;;;;;;;;;;;;;;;;;;;;;;;;;;;;;
M;C360_6_F;;;;;Function block marker;;ЛОЖЬ;ЛОЖЬ;;360;;;;;;;0;;;;4641;ЛОЖЬ;0;;;;;;;;;;;;;;Undefined;;;;;;;;;;;;ЛОЖЬ;ИСТИНА;;;;;;;;;;;;;;;;;;;;;;;;;;;;
R;548_543_2;;;;;93TI808;;ЛОЖЬ;ЛОЖЬ;;543;;Float;;;;;0;;;;2172;ЛОЖЬ;0;;;;;;;;;;;;;;Undefined;;;;;;;;;;;;ЛОЖЬ;ИСТИНА;;;;;;;;;;;;;;;;;;;;;;;;;;;;
M;C394_4_B;;;;;Compiler marker;;ЛОЖЬ;ЛОЖЬ;;394;;;;;;;0;;;;3733;ЛОЖЬ;0;;;;;;;;;;;;;;Undefined;;;;;;;;;;;;ЛОЖЬ;ИСТИНА;;;;;;;;;;;;;;;;;;;;;;;;;;;;
M;542_813_3;;;;;93TAH802_PERM;;ЛОЖЬ;ЛОЖЬ;;813;;;;;;;0;;;;4071;ЛОЖЬ;0;;;;;;;0=ALARM;;;;;;;Undefined;;;;;;;;;;;;ЛОЖЬ;ИСТИНА;;;;;;;;;;;;;;;;;;;;;;;;;;;;
M;388_414_3;;;;;93TAHH784_I (AFTER OOS);;ЛОЖЬ;ЛОЖЬ;;414;;;;;;;0;;;;1763;ЛОЖЬ;0;;;;;;;0=TRIP;;;;;;;Undefined;491;3428;;;;;;;;;;ЛОЖЬ;;;;;;;;;;;;;;;;;;;;;;;;;;;;;
M;C728_1_A;;;;;Compiler marker;;ЛОЖЬ;ЛОЖЬ;;728;;;;;;;0;;;;373;ЛОЖЬ;0;;;;;;;;;;;;;;Undefined;;;;;;;;;;;;ЛОЖЬ;ИСТИНА;;;;;;;;;;;;;;;;;;;;;;;;;;;;
DI;93VSHH852B;;BNS;930-20;A_C93021;C-9302001CX VIBR CRANK;Yes;ИСТИНА;ЛОЖЬ;;728;;;;;;;;;;;58;ИСТИНА;37683;None;;;;;;0=TRIP;;;;;;;Undefined;491;3428;;20.03;7;3;1;Low;;;;ЛОЖЬ;;;;ЛОЖЬ;;;;;;;;;;;;;;Output;EPKS_CCB;ESD_932_1;945;;;;;;;;
M;1033_1;;;;;;;ЛОЖЬ;ЛОЖЬ;;1033;;;;;;;0;;;;2263;ЛОЖЬ;0;;;;;;;;;;;;;;Undefined;;;;;;;;;;;;ЛОЖЬ;ИСТИНА;;;;;;;;;;;;;;;;;;;;;;;;;;;;
DO;93C2001AX_TF;;COM;930-20;A_93020;COMPRESSOR C-9302001AX AIs FAULT;No;ЛОЖЬ;ЛОЖЬ;;1307;;;;;;;0;;;;88;ИСТИНА;38388;None;;;;;;1=ALARM;;;;;;;Undefined;;;;;;;;;;;;ЛОЖЬ;ИСТИНА;;;;;;;;;;;;;;;;;;;;;;;;;Output;CC_CCB_1;ESD_932_1;87
M;C262_4_F;;;;;Function block marker;;ЛОЖЬ;ЛОЖЬ;;262;;;;;;;0;;;;222;ЛОЖЬ;0;;;;;;;;;;;;;;Undefined;;;;;;;;;;;;ЛОЖЬ;ИСТИНА;;;;;;;;;;;;;;;;;;;;;;;;;;;;
DO;93LALL417_CA;;COM;930-20;A_93020;CAUSE ALARM;No;ИСТИНА;ЛОЖЬ;;262;;;;;;;0;;;;380;ЛОЖЬ;37684;None;;;;;;0=ALARM;;;;;;;Undefined;491;3428;;;;;;;;;;ЛОЖЬ;;;;;;;;;;;;;;;;;;Output;EPKS_CCB;ESD_932_1;510;;;;;;;;
AI;93FI426;;FLD;930-20;A_C93021;WATER TO COOL C9302001AX;Yes;ИСТИНА;ЛОЖЬ;;250;ИСТИНА;Float;4-20mA;0;100000;kg/h;;;;;140;ЛОЖЬ;37931;;None;None;None;None;;;;-25000;-25000;;;;-XXXXX.X;3.64;22;;20.04;1;2;1;Bottom scale;;;;ЛОЖЬ;;ЛОЖЬ;;;;;;;;;;;;;;;;Output;EPKS_CCB;ESD_932_1;10073;;;;;;;;
DO;93PI876_TF;;COM;930-20;A_C93021;TRANSM. FAIL;No;ИСТИНА;ЛОЖЬ;;702;;;;;;;0;;;;1410;ИСТИНА;37686;None;;;;;;0=FAIL;;;;;;;Undefined;491;3428;;;;;;;;;;ЛОЖЬ;;;;;;;;;;;;;;;;;;Output;EPKS_CCB;ESD_932_1;698;;;;;;;;
DO;93TAH816;;COM;;;HI ALARM;No;ЛОЖЬ;ЛОЖЬ;;554;;;;;;;0;;;;3473;ЛОЖЬ;0;None;;;;;;0=ALARM;0=ALARM;;;;;;Undefined;;;;;;;;;;;;ЛОЖЬ;ИСТИНА;;;;;;;;;;;;;;;;;Output;EPKS_CCB;ESD_932_1;1416;;;;;;;;
M;C1031_1_K;;;;;Function block marker;;ЛОЖЬ;ЛОЖЬ;;1031;;;;;;;0;;;;2386;ЛОЖЬ;0;;;;;;;;;;;;;;Undefined;;;;;;;;;;;;ЛОЖЬ;ИСТИНА;;;;;;;;;;;;;;;;;;;;;;;;;;;;
M;C550_6_G;;;;;Function block marker;;ЛОЖЬ;ЛОЖЬ;;550;;;;;;;0;;;;4424;ЛОЖЬ;0;;;;;;;;;;;;;;Undefined;;;;;;;;;;;;ЛОЖЬ;ИСТИНА;;;;;;;;;;;;;;;;;;;;;;;;;;;;
DI;20-ExtComFaultCC7;;SYS;;;Ext com fault Com ch 7;Yes;ЛОЖЬ;;;16;;;;;;;;;;;12;ЛОЖЬ;0;None;;;;;;;;;;;;;Undefined;491;3428;;;;;;;;;;ЛОЖЬ;;;;ЛОЖЬ;;;;;;;;;;;;;;;;;;;;;;;;;
M;C540_5_F;;;;;Function block marker;;ЛОЖЬ;ЛОЖЬ;;540;;;;;;;0;;;;4447;ЛОЖЬ;0;;;;;;;;;;;;;;Undefined;;;;;;;;;;;;ЛОЖЬ;ИСТИНА;;;;;;;;;;;;;;;;;;;;;;;;;;;;
M;784_4;;;;;;;ЛОЖЬ;ЛОЖЬ;;784;;;;;;;0;;;;1771;ЛОЖЬ;0;;;;;;;;;;;;;;Undefined;491;3428;;;;;;;;;;ЛОЖЬ;;;;;;;;;;;;;;;;;;;;;;;;;;;;;
M;416_448_1;;;;;C-9302001AX COMMON TRIP;;ЛОЖЬ;ЛОЖЬ;;448;;;;;;;0;;;;913;ЛОЖЬ;0;;;;;;;0=TRIP;;;;;;;Undefined;491;3428;;;;;;;;;;ЛОЖЬ;;;;;;;;;;;;;;;;;;;;;;;;;;;;;
M;C123_1;;;;;Compiler marker (288, 186);;ЛОЖЬ;ЛОЖЬ;;123;;;;;;;0;;;;2075;ЛОЖЬ;0;;;;;;;;;;;;;;Undefined;491;3428;;;;;;;;;;ЛОЖЬ;;;;;;;;;;;;;;;;;;;;;;;;;;;;;
M;434_438_3;;;;;CAPACITY 75%;;ЛОЖЬ;ЛОЖЬ;;438;;;;;;;0;;;;499;ЛОЖЬ;0;;;;;;;1=ACTIVE;;;;;;;Undefined;491;3428;;;;;;;;;;ЛОЖЬ;;;;;;;;;;;;;;;;;;;;;;;;;;;;;
M;C1043_1_I;;;;;Function block marker;;ЛОЖЬ;ЛОЖЬ;;1043;;;;;;;0;;;;2642;ЛОЖЬ;0;;;;;;;;;;;;;;Undefined;;;;;;;;;;;;ЛОЖЬ;ИСТИНА;;;;;;;;;;;;;;;;;;;;;;;;;;;;
BO;93TI752_L;;COM;;;LO ALARM SETPOINT;No;ЛОЖЬ;ЛОЖЬ;;373;;Float;;;;;0;;;;96;;0;;None;None;None;None;;;;;;;;;-XXXXX.X;;;;;;;;;;;;ЛОЖЬ;ИСТИНА;;;;;;;;;;;;;;;;;Output;EPKS_CCB;ESD_932_1;10403;;;;;;;;
M;386_3;;;;;;;ЛОЖЬ;ЛОЖЬ;;386;;;;;;;0;;;;801;ЛОЖЬ;0;;;;;;;;;;;;;;Undefined;491;3428;;;;;;;;;;ЛОЖЬ;;;;;;;;;;;;;;;;;;;;;;;;;;;;;
DO;93PDTHH882_CA;;COM;;;CAUSE ALARM;No;ЛОЖЬ;ЛОЖЬ;;694;;;;;;;0;;;;3359;ЛОЖЬ;0;None;;;;;;0=ALARM;0=ALARM;;;;;;Undefined;;;;;;;;;;;;ЛОЖЬ;ИСТИНА;;;;;;;;;;;;;;;;;Output;EPKS_CCB;ESD_932_1;1254;;;;;;;;
DO;93PAHH869_CA;;COM;930-20;A_C93021;CAUSE ALARM;No;ИСТИНА;ЛОЖЬ;;698;;;;;;;0;;;;1285;ЛОЖЬ;37687;None;;;;;;0=ALARM;;;;;;;Undefined;491;3428;;;;;;;;;;ЛОЖЬ;;;;;;;;;;;;;;;;;;Output;EPKS_CCB;ESD_932_1;596;;;;;;;;
AI;93TI813A;;FLD;;;C9302001BX COOL WATER C1;Yes;ИСТИНА;ЛОЖЬ;;552;ИСТИНА;Float;4-20mA;-50;100;°C;;;;;888;ЛОЖЬ;38479;;None;None;None;None;;;;;;;;;-XXXXX.X;3.76;21;;20.05;17;2;1;Top scale;;;;ЛОЖЬ;ИСТИНА;ЛОЖЬ;;;;;;;;;;;;;;;;Output;EPKS_CCB;ESD_932_1;10384;;;;;;;;
M;C234_6_F;;;;;Function block marker;;ЛОЖЬ;ЛОЖЬ;;234;;;;;;;0;;;;3957;ЛОЖЬ;0;;;;;;;;;;;;;;Undefined;;;;;;;;;;;;ЛОЖЬ;ИСТИНА;;;;;;;;;;;;;;;;;;;;;;;;;;;;
DI;93FI854_MOR;;COM;930-20;A_C93021;MO REQUEST;No;ИСТИНА;ИСТИНА;;684;;;;;;;0;;;;2848;ЛОЖЬ;37688;None;;;;;;1=REQUEST;;;;;;;Undefined;491;3428;;;;;;Freeze;;;;ЛОЖЬ;;;;ЛОЖЬ;;;;;;;;;;;;;;Input;EPKS_CCB;ESD_932_1;17;;;;;;;;
M;2440_A;;;;;Signal 1;;ЛОЖЬ;ЛОЖЬ;;2440;;;;;;;0;;;;115;ЛОЖЬ;0;;;;;;;;;;;;;;Undefined;491;3428;;;;;;;;;;ЛОЖЬ;;;;;;;;;;;;;;;;;;;;;;;;;;;;;
DO;93TAHH778_CA;;COM;;;CAUSE ALARM;No;ЛОЖЬ;ЛОЖЬ;;390;;;;;;;0;;;;3309;ЛОЖЬ;0;None;;;;;;0=ALARM;0=ALARM;;;;;;Undefined;;;;;;;;;;;;ЛОЖЬ;ИСТИНА;;;;;;;;;;;;;;;;;Output;EPKS_CCB;ESD_932_1;1204;;;;;;;;
M;244_8;;;;;;;ЛОЖЬ;ЛОЖЬ;;244;;;;;;;0;;;;3773;ЛОЖЬ;0;;;;;;;;;;;;;;Undefined;;;;;;;;;;;;ЛОЖЬ;ИСТИНА;;;;;;;;;;;;;;;;;;;;;;;;;;;;
M;C688_6_G;;;;;Function block marker;;ЛОЖЬ;ЛОЖЬ;;688;;;;;;;0;;;;4365;ЛОЖЬ;0;;;;;;;;;;;;;;Undefined;;;;;;;;;;;;ЛОЖЬ;ИСТИНА;;;;;;;;;;;;;;;;;;;;;;;;;;;;
DO;93LAHH427;;COM;930-20;A_93020;HYD GAS COND  B9302002B;No;ИСТИНА;ЛОЖЬ;;276;;;;;;;0;;;;435;ИСТИНА;37690;None;;;;;;0=TRIP;;;;;;;Undefined;491;3428;;;;;;;;;;ЛОЖЬ;;;;;;;;;;;;;;;;;;Output;EPKS_CCB;ESD_932_1;482;;;;;;;;
M;C402_2_G;;;;;Function block marker;;ЛОЖЬ;ЛОЖЬ;;402;;;;;;;0;;;;4530;ЛОЖЬ;0;;;;;;;;;;;;;;Undefined;;;;;;;;;;;;ЛОЖЬ;ИСТИНА;;;;;;;;;;;;;;;;;;;;;;;;;;;;
DO;93TAHH887_CA;;COM;930-20;A_C93021;CAUSE ALARM;No;ИСТИНА;ЛОЖЬ;;562;;;;;;;0;;;;1186;ЛОЖЬ;37691;None;;;;;;0=ALARM;;;;;;;Undefined;491;3428;;;;;;;;;;ЛОЖЬ;;;;;;;;;;;;;;;;;;Output;EPKS_CCB;ESD_932_1;770;;;;;;;;
DO;93PAHH821;;COM;930-20;A_C93021;C9302001BX PRS GAS CYL2;No;ИСТИНА;ЛОЖЬ;;536;;;;;;;0;;;;1131;ИСТИНА;37692;None;;;;;;0=TRIP;;;;;;;Undefined;491;3428;;;;;;;;;;ЛОЖЬ;;;;;;;;;;;;;;;;;;Output;EPKS_CCB;ESD_932_1;589;;;;;;;;
M;C798_1_D;;;;;Function block marker;;ЛОЖЬ;ЛОЖЬ;;798;;;;;;;0;;;;1067;ЛОЖЬ;0;;;;;;;;;;;;;;Undefined;491;3428;;;;;;;;;;ЛОЖЬ;;;;;;;;;;;;;;;;;;;;;;;;;;;;;
DO;93TAHH834_CA;;COM;930-20;A_C93021;CAUSE ALARM;No;ИСТИНА;ЛОЖЬ;;558;;;;;;;0;;;;1166;ЛОЖЬ;37693;None;;;;;;0=ALARM;;;;;;;Undefined;491;3428;;;;;;;;;;ЛОЖЬ;;;;;;;;;;;;;;;;;;Output;EPKS_CCB;ESD_932_1;744;;;;;;;;
T;121_1;;;;;;;ЛОЖЬ;ЛОЖЬ;;121;;;;;;;;1 s;30;;108;ЛОЖЬ;0;;;;;;;;;;;;;;Undefined;491;3428;Delayed OFF with constant timer value;;;;;;;;;ЛОЖЬ;;;;;;;;;;;;;;;;;;;;;;;;;;;;;
M;C564_4_C;;;;;Function block marker;;ЛОЖЬ;ЛОЖЬ;;564;;;;;;;0;;;;3729;ЛОЖЬ;0;;;;;;;;;;;;;;Undefined;;;;;;;;;;;;ЛОЖЬ;ИСТИНА;;;;;;;;;;;;;;;;;;;;;;;;;;;;
DI;93TI981_MOR;;COM;930-20;A_93020;MO REQUEST;No;ИСТИНА;ИСТИНА;;296;;;;;;;0;;;;2973;ЛОЖЬ;37694;None;;;;;;1=REQUEST;;;;;;;Undefined;491;3428;;;;;;Freeze;;;;ЛОЖЬ;;;;ЛОЖЬ;;;;;;;;;;;;;;Input;EPKS_CCB;ESD_932_1;142;;;;;;;;
DO;93FAL754;;COM;;;LO ALARM;No;ЛОЖЬ;ЛОЖЬ;;350;;;;;;;0;;;;4020;ЛОЖЬ;0;None;;;;;;0=ALARM;0=ALARM;;;;;;Undefined;;;;;;;;;;;;ЛОЖЬ;ИСТИНА;;;;;;;;;;;;;;;;;Output;EPKS_CCB;ESD_932_1;1440;;;;;;;;
T;246_8;;;;;;;ЛОЖЬ;ЛОЖЬ;;246;;;;;;;;100 ms;10;;1076;ЛОЖЬ;0;;;;;;;;;;;;;;Undefined;;;Delayed OFF with constant timer value;;;;;;;;;ЛОЖЬ;ИСТИНА;;;;;;;;;;;;;;;;;;;;;;;;;;;;
BO;93PI833_L;;COM;;;LO ALARM SETPOINT;No;ЛОЖЬ;ЛОЖЬ;;540;;Float;;;;;0;;;;292;;0;;None;None;None;None;;;;;;;;;-XXXXX.X;;;;;;;;;;;;ЛОЖЬ;ИСТИНА;;;;;;;;;;;;;;;;;Output;EPKS_CCB;ESD_932_1;10418;;;;;;;;
AI;93TI753;;FLD;930-20;A_C93021;C9302001AX COOL H2O CYL1;Yes;ИСТИНА;ЛОЖЬ;;372;ИСТИНА;Float;4-20mA;-50;100;°C;;;;;0;ЛОЖЬ;37777;;None;None;None;None;;;;-87.5;-87.5;;;;-XXXXX.X;3.76;21;;20.03;13;1;1;Bottom scale;;;;ЛОЖЬ;;ЛОЖЬ;;;;;;;;;;;;;;;;Output;EPKS_CCB;ESD_932_1;10132;;;;;;;;
M;274_2;;;;;;;ЛОЖЬ;ЛОЖЬ;;274;;;;;;;0;;;;524;ЛОЖЬ;0;;;;;;;;;;;;;;Undefined;491;3428;;;;;;;;;;ЛОЖЬ;;;;;;;;;;;;;;;;;;;;;;;;;;;;;
AI;93PDI779;;FLD;;;C9302001AX PROC GAS CYL1;Yes;ИСТИНА;ЛОЖЬ;;358;ИСТИНА;Float;4-20mA;0;400;kPa;;;;;612;ЛОЖЬ;38478;;None;None;None;None;;;;;;;;;-XXXXX.X;3.64;22;;20.03;11;1;1;Top scale;;;;ЛОЖЬ;ИСТИНА;ЛОЖЬ;;;;;;;;;;;;;;;;Output;EPKS_CCB;ESD_932_1;10332;;;;;;;;
M;C1053_1_M;;;;;Function block marker;;ЛОЖЬ;ЛОЖЬ;;1053;;;;;;;0;;;;2616;ЛОЖЬ;0;;;;;;;;;;;;;;Undefined;;;;;;;;;;;;ЛОЖЬ;ИСТИНА;;;;;;;;;;;;;;;;;;;;;;;;;;;;
M;234_150_3;;;;;93TT484;;ЛОЖЬ;ЛОЖЬ;;150;;;;;;;0;;;;214;ЛОЖЬ;0;;;;;;;1=MO CONFIRMED;;;;;;;Undefined;491;3428;;;;;;;;;;ЛОЖЬ;;;;;;;;;;;;;;;;;;;;;;;;;;;;;
T;552_5;;;;;;;ЛОЖЬ;ЛОЖЬ;;552;;;;;;;;100 ms;5;;1364;ЛОЖЬ;0;;;;;;;;;;;;;;Undefined;;;Delayed OFF with constant timer value;;;;;;;;;ЛОЖЬ;ИСТИНА;;;;;;;;;;;;;;;;;;;;;;;;;;;;
DO;93TAHH759_CA;;COM;930-20;A_C93021;CAUSE ALARM;No;ИСТИНА;ЛОЖЬ;;378;;;;;;;0;;;;746;ЛОЖЬ;37696;None;;;;;;0=ALARM;;;;;;;Undefined;491;3428;;;;;;;;;;ЛОЖЬ;;;;;;;;;;;;;;;;;;Output;EPKS_CCB;ESD_932_1;716;;;;;;;;
DO;93FI025_TF;;COM;930-20;A_93020;TRANSM. FAIL;No;ИСТИНА;ЛОЖЬ;;318;;;;;;;0;;;;1738;ИСТИНА;37825;None;;;;;;0=FAIL;;;;;;;Undefined;491;3428;;;;;;;;;;ЛОЖЬ;;;;;;;;;;;;;;;;;;Output;EPKS_CCB;ESD_932_1;882;;;;;;;;
T;270_2;;;;;;;ЛОЖЬ;ЛОЖЬ;;270;;;;;;;;100 ms;5;;868;ЛОЖЬ;0;;;;;;;;;;;;;;Undefined;;;Delayed OFF with constant timer value;;;;;;;;;ЛОЖЬ;ИСТИНА;;;;;;;;;;;;;;;;;;;;;;;;;;;;
M;1045_5;;;;;;;ЛОЖЬ;ЛОЖЬ;;1045;;;;;;;0;;;;2499;ЛОЖЬ;0;;;;;;;;;;;;;;Undefined;;;;;;;;;;;;ЛОЖЬ;ИСТИНА;;;;;;;;;;;;;;;;;;;;;;;;;;;;
M;400_156_1;;;;;93FT901;;ЛОЖЬ;ЛОЖЬ;;156;;;;;;;0;;;;1618;ЛОЖЬ;0;;;;;;;1=MO CONFIRMED;;;;;;;Undefined;491;3428;;;;;;;;;;ЛОЖЬ;;;;;;;;;;;;;;;;;;;;;;;;;;;;;
M;296_2;;;;;;;ЛОЖЬ;ЛОЖЬ;;296;;;;;;;0;;;;497;ЛОЖЬ;0;;;;;;;;;;;;;;Undefined;491;3428;;;;;;;;;;ЛОЖЬ;;;;;;;;;;;;;;;;;;;;;;;;;;;;;
DO;93VAHH751_PA;;COM;930-20;A_C93021;1OO2 PRE ALARM;No;ИСТИНА;ЛОЖЬ;;394;;;;;;;0;;;;3655;ЛОЖЬ;38390;None;;;;;;0=ALARM;0=ALARM;;;;;;Undefined;;;;;;;;;;;;ЛОЖЬ;ИСТИНА;;;;;;;;;;;;;;;;;Output;EPKS_CCB;ESD_932_1;1280;;;;;;;;
M;402_1031_2;;;;;93PALL926_I (AFTER OOS);;ЛОЖЬ;ЛОЖЬ;;1031;;;;;;;0;;;;2318;ЛОЖЬ;0;;;;;;;0=TRIP INITIATOR;;;;;;;Undefined;;;;;;;;;;;;ЛОЖЬ;ИСТИНА;;;;;;;;;;;;;;;;;;;;;;;;;;;;
M;730_1051_2;;;;;93ZALL854_I;;ЛОЖЬ;ЛОЖЬ;;1051;;;;;;;0;;;;2561;ЛОЖЬ;0;;;;;;;0=TRIP INITIATOR;;;;;;;Undefined;;;;;;;;;;;;ЛОЖЬ;ИСТИНА;;;;;;;;;;;;;;;;;;;;;;;;;;;;
DO;93TAHH766_CA;;COM;;;CAUSE ALARM;No;ЛОЖЬ;ЛОЖЬ;;384;;;;;;;0;;;;3307;ЛОЖЬ;0;None;;;;;;0=ALARM;0=ALARM;;;;;;Undefined;;;;;;;;;;;;ЛОЖЬ;ИСТИНА;;;;;;;;;;;;;;;;;Output;EPKS_CCB;ESD_932_1;1202;;;;;;;;
M;374_412_3;;;;;93TAHH754_I (AFTER OOS);;ЛОЖЬ;ЛОЖЬ;;412;;;;;;;0;;;;713;ЛОЖЬ;0;;;;;;;0=TRIP;;;;;;;Undefined;491;3428;;;;;;;;;;ЛОЖЬ;;;;;;;;;;;;;;;;;;;;;;;;;;;;;
M;699_1041_2;;;;;93PALL869_I;;ЛОЖЬ;ЛОЖЬ;;1041;;;;;;;0;;;;4157;ЛОЖЬ;0;;;;;;;0=TRIP INITIATOR;;;;;;;Undefined;;;;;;;;;;;;ЛОЖЬ;ИСТИНА;;;;;;;;;;;;;;;;;;;;;;;;;;;;
BO;93PI815_L;;COM;;;LO ALARM SETPOINT;No;ЛОЖЬ;ЛОЖЬ;;533;;Float;;;;;0;;;;276;;0;;None;None;None;None;;;;;;;;;-XXXXX.X;;;;;;;;;;;;ЛОЖЬ;ИСТИНА;;;;;;;;;;;;;;;;;Output;EPKS_CCB;ESD_932_1;10414;;;;;;;;
BI;20-Year;;SYS;;;Year;No;ЛОЖЬ;;;19;;Word;;;;;;;;;0;;0;;;;;;;;;0;0;;;;-XXXXX.X;491;3428;;;;;;;;;;ЛОЖЬ;;;;;;;;;;;;;;;;;;;;;;;;;;;;;
T;316_5;;;;;;;ЛОЖЬ;ЛОЖЬ;;316;;;;;;;;100 ms;5;;1252;ЛОЖЬ;0;;;;;;;;;;;;;;Undefined;;;Delayed OFF with constant timer value;;;;;;;;;ЛОЖЬ;ИСТИНА;;;;;;;;;;;;;;;;;;;;;;;;;;;;
M;C532_5_E;;;;;Function block marker;;ЛОЖЬ;ЛОЖЬ;;532;;;;;;;0;;;;3488;ЛОЖЬ;0;;;;;;;;;;;;;;Undefined;;;;;;;;;;;;ЛОЖЬ;ИСТИНА;;;;;;;;;;;;;;;;;;;;;;;;;;;;
T;354_6;;;;;;;ЛОЖЬ;ЛОЖЬ;;354;;;;;;;;100 ms;5;;840;ЛОЖЬ;0;;;;;;;;;;;;;;Undefined;;;Delayed OFF with constant timer value;;;;;;;;;ЛОЖЬ;ИСТИНА;;;;;;;;;;;;;;;;;;;;;;;;;;;;
R;696_697_3;;;;;93PI864;;ЛОЖЬ;ЛОЖЬ;;697;;Float;;;;;0;;;;2176;ЛОЖЬ;0;;;;;;;;;;;;;;Undefined;;;;;;;;;;;;ЛОЖЬ;ИСТИНА;;;;;;;;;;;;;;;;;;;;;;;;;;;;
M;C256_7_G;;;;;Function block marker;;ЛОЖЬ;ЛОЖЬ;;256;;;;;;;0;;;;3889;ЛОЖЬ;0;;;;;;;;;;;;;;Undefined;;;;;;;;;;;;ЛОЖЬ;ИСТИНА;;;;;;;;;;;;;;;;;;;;;;;;;;;;
DI;20-Flasher-0.5Hz;;SYS;;;0.5 Hz flasher;No;ЛОЖЬ;;;0;;;;;;;;;;;27;ЛОЖЬ;0;None;;;;;;;;;;;;;Undefined;491;3428;;;;;;;;;;ЛОЖЬ;;;;ЛОЖЬ;;;;;;;;;;;;;;;;;;;;;;;;;
T;2440_1;;;;;;;ЛОЖЬ;ЛОЖЬ;;2440;;;;;;;;100 ms;10;;12;ЛОЖЬ;0;;;;;;;;;;;;;;Undefined;491;3428;Delayed OFF with constant timer value;;;;;;;;;ЛОЖЬ;;;;;;;;;;;;;;;;;;;;;;;;;;;;;
M;356_9;;;;;;;ЛОЖЬ;ЛОЖЬ;;356;;;;;;;0;;;;4018;ЛОЖЬ;0;;;;;;;;;;;;;;Undefined;;;;;;;;;;;;ЛОЖЬ;ИСТИНА;;;;;;;;;;;;;;;;;;;;;;;;;;;;
M;533_813_2;;;;;93PAL815_PERM;;ЛОЖЬ;ЛОЖЬ;;813;;;;;;;0;;;;4047;ЛОЖЬ;0;;;;;;;0=ALARM;;;;;;;Undefined;;;;;;;;;;;;ЛОЖЬ;ИСТИНА;;;;;;;;;;;;;;;;;;;;;;;;;;;;
BO;93PI869_HH;;COM;930-20;A_C93021;HH TRIP SETPOINT (kPa-g);No;ИСТИНА;ЛОЖЬ;;698;;Float;;;;;0;;;;840;;38129;;;;;;;;;0;0;;;;-XXXXX.X;491;3428;;;;;;;;;;ЛОЖЬ;;;;;;;;;;;;;;;;;;Output;EPKS_CCB;ESD_932_1;10239;;;;;;;;
M;C716_5_G;;;;;Function block marker;;ЛОЖЬ;ЛОЖЬ;;716;;;;;;;0;;;;4262;ЛОЖЬ;0;;;;;;;;;;;;;;Undefined;;;;;;;;;;;;ЛОЖЬ;ИСТИНА;;;;;;;;;;;;;;;;;;;;;;;;;;;;
M;560_168_1;;;;;93TT886;;ЛОЖЬ;ЛОЖЬ;;168;;;;;;;0;;;;1176;ЛОЖЬ;0;;;;;;;1=MO CONFIRMED;;;;;;;Undefined;491;3428;;;;;;;;;;ЛОЖЬ;;;;;;;;;;;;;;;;;;;;;;;;;;;;;
DO;93PAH815;;COM;;;HI ALARM;No;ЛОЖЬ;ЛОЖЬ;;532;;;;;;;0;;;;2809;ЛОЖЬ;0;None;;;;;;0=ALARM;0=ALARM;;;;;;Undefined;;;;;;;;;;;;ЛОЖЬ;ИСТИНА;;;;;;;;;;;;;;;;;Output;EPKS_CCB;ESD_932_1;1405;;;;;;;;
DO;93PILL815_CA;;COM;;;CAUSE ALARM;No;ЛОЖЬ;ЛОЖЬ;;533;;;;;;;0;;;;3324;ЛОЖЬ;0;None;;;;;;0=ALARM;0=ALARM;;;;;;Undefined;;;;;;;;;;;;ЛОЖЬ;ИСТИНА;;;;;;;;;;;;;;;;;Output;EPKS_CCB;ESD_932_1;1219;;;;;;;;
DO;93LALL438_CA;;COM;930-20;A_93020;CAUSE ALARM;No;ИСТИНА;ЛОЖЬ;;290;;;;;;;0;;;;482;ЛОЖЬ;37697;None;;;;;;0=ALARM;;;;;;;Undefined;491;3428;;;;;;;;;;ЛОЖЬ;;;;;;;;;;;;;;;;;;Output;EPKS_CCB;ESD_932_1;537;;;;;;;;
M;556_7;;;;;;;ЛОЖЬ;ЛОЖЬ;;556;;;;;;;0;;;;4092;ЛОЖЬ;0;;;;;;;;;;;;;;Undefined;;;;;;;;;;;;ЛОЖЬ;ИСТИНА;;;;;;;;;;;;;;;;;;;;;;;;;;;;
M;C2460_1;;;;;Compiler marker (240, 198);;ЛОЖЬ;ЛОЖЬ;;2460;;;;;;;0;;;;271;ЛОЖЬ;0;;;;;;;;;;;;;;Undefined;491;3428;;;;;;;;;;ЛОЖЬ;;;;;;;;;;;;;;;;;;;;;;;;;;;;;
DI;93LI419_MOR;;COM;930-20;A_93020;MO REQUEST;No;ИСТИНА;ИСТИНА;;264;;;;;;;0;;;;2871;ЛОЖЬ;37698;None;;;;;;1=REQUEST;;;;;;;Undefined;491;3428;;;;;;Freeze;;;;ЛОЖЬ;;;;ЛОЖЬ;;;;;;;;;;;;;;Input;EPKS_CCB;ESD_932_1;40;;;;;;;;
M;C1025_1_M;;;;;Function block marker;;ЛОЖЬ;ЛОЖЬ;;1025;;;;;;;0;;;;2406;ЛОЖЬ;0;;;;;;;;;;;;;;Undefined;;;;;;;;;;;;ЛОЖЬ;ИСТИНА;;;;;;;;;;;;;;;;;;;;;;;;;;;;
M;C1031_2_K;;;;;Function block marker;;ЛОЖЬ;ЛОЖЬ;;1031;;;;;;;0;;;;3712;ЛОЖЬ;0;;;;;;;;;;;;;;Undefined;;;;;;;;;;;;ЛОЖЬ;ИСТИНА;;;;;;;;;;;;;;;;;;;;;;;;;;;;
M;C354_6_F;;;;;Function block marker;;ЛОЖЬ;ЛОЖЬ;;354;;;;;;;0;;;;4658;ЛОЖЬ;0;;;;;;;;;;;;;;Undefined;;;;;;;;;;;;ЛОЖЬ;ИСТИНА;;;;;;;;;;;;;;;;;;;;;;;;;;;;
DO;93XY126;;FLD;930-20;A_93020;VALVE ON NITROGEN;Yes;ИСТИНА;ЛОЖЬ;;320;;;;;;;0;;;;185;ЛОЖЬ;37699;None;;;;;;0=TRIP;;;;;;;Undefined;491;3428;;20.06;13;2;1;Appl;;;;ЛОЖЬ;;;;;;;;;;;;;;;;;;;;;;;;;;;;;
M;706_172_1;;;;;93TT853;;ЛОЖЬ;ЛОЖЬ;;172;;;;;;;0;;;;427;ЛОЖЬ;0;;;;;;;1=MO CONFIRMED;;;;;;;Undefined;491;3428;;;;;;;;;;ЛОЖЬ;;;;;;;;;;;;;;;;;;;;;;;;;;;;;
M;C356_6_F;;;;;Function block marker;;ЛОЖЬ;ЛОЖЬ;;356;;;;;;;0;;;;4651;ЛОЖЬ;0;;;;;;;;;;;;;;Undefined;;;;;;;;;;;;ЛОЖЬ;ИСТИНА;;;;;;;;;;;;;;;;;;;;;;;;;;;;
M;448_7;;;;;;;ЛОЖЬ;ЛОЖЬ;;448;;;;;;;0;;;;1787;ЛОЖЬ;0;;;;;;;;;;;;;;Undefined;491;3428;;;;;;;;;;ЛОЖЬ;;;;;;;;;;;;;;;;;;;;;;;;;;;;;
M;C386_6_E;;;;;Function block marker;;ЛОЖЬ;ЛОЖЬ;;386;;;;;;;0;;;;4561;ЛОЖЬ;0;;;;;;;;;;;;;;Undefined;;;;;;;;;;;;ЛОЖЬ;ИСТИНА;;;;;;;;;;;;;;;;;;;;;;;;;;;;
T;558_2;;;;;;;ЛОЖЬ;ЛОЖЬ;;558;;;;;;;;100 ms;5;;836;ЛОЖЬ;0;;;;;;;;;;;;;;Undefined;;;Delayed OFF with constant timer value;;;;;;;;;ЛОЖЬ;ИСТИНА;;;;;;;;;;;;;;;;;;;;;;;;;;;;
M;C728_4_B;;;;;Compiler marker;;ЛОЖЬ;ЛОЖЬ;;728;;;;;;;0;;;;3723;ЛОЖЬ;0;;;;;;;;;;;;;;Undefined;;;;;;;;;;;;ЛОЖЬ;ИСТИНА;;;;;;;;;;;;;;;;;;;;;;;;;;;;
DI;20-ForceEnable;;SYS;;;Force Enable;Yes;ЛОЖЬ;;;17;;;;;;;;;;;1;ЛОЖЬ;0;None;;;;;;;;;;;;;Undefined;491;3428;;;;;;;;;;ЛОЖЬ;;;;ЛОЖЬ;;;;;;;;;;;;;;;;;;;;;;;;;
M;298_2;;;;;;;ЛОЖЬ;ЛОЖЬ;;298;;;;;;;0;;;;503;ЛОЖЬ;0;;;;;;;;;;;;;;Undefined;491;3428;;;;;;;;;;ЛОЖЬ;;;;;;;;;;;;;;;;;;;;;;;;;;;;;
AI;93PI871;;FLD;930-20;A_C93021;C9302001CX PROC GAS CYL2;Yes;ИСТИНА;ЛОЖЬ;;700;ИСТИНА;Float;4-20mA;0;1.6;MPa-g;;;;;500;ЛОЖЬ;37939;;None;None;None;None;;;;-0.4;-0.4;;;;-XXXXX.X;3.64;22;;20.04;11;7;1;Bottom scale;;;;ЛОЖЬ;;ЛОЖЬ;;;;;;;;;;;;;;;;Output;EPKS_CCB;ESD_932_1;10125;;;;;;;;
M;C252_7_F;;;;;Function block marker;;ЛОЖЬ;ЛОЖЬ;;252;;;;;;;0;;;;3906;ЛОЖЬ;0;;;;;;;;;;;;;;Undefined;;;;;;;;;;;;ЛОЖЬ;ИСТИНА;;;;;;;;;;;;;;;;;;;;;;;;;;;;
DO;93TI760_TF;;COM;;;TRANSM FAULT;No;ЛОЖЬ;ЛОЖЬ;;380;;;;;;;0;;;;417;ИСТИНА;38477;None;;;;;;0=ALARM;0=ALARM;;;;;;Undefined;;;;;;;;;;;;ЛОЖЬ;ИСТИНА;;;;;;;;;;;;;;;;;Output;EPKS_CCB;ESD_932_1;1332;;;;;;;;
M;C702_7_F;;;;;Function block marker;;ЛОЖЬ;ЛОЖЬ;;702;;;;;;;0;;;;4308;ЛОЖЬ;0;;;;;;;;;;;;;;Undefined;;;;;;;;;;;;ЛОЖЬ;ИСТИНА;;;;;;;;;;;;;;;;;;;;;;;;;;;;
BO;93PDI879_H;;COM;;;HI ALARM SETPOINT;No;ЛОЖЬ;ЛОЖЬ;;692;;Float;;;;;0;;;;2044;;0;;None;None;None;None;;;;;;;;;-XXXXX.X;;;;;;;;;;;;ЛОЖЬ;ИСТИНА;;;;;;;;;;;;;;;;;Output;EPKS_CCB;ESD_932_1;10428;;;;;;;;
DO;93FALL018_P;;COM;930-20;A_93020;;No;ИСТИНА;ЛОЖЬ;;314;;;;;;;0;;;;348;ЛОЖЬ;38459;None;;;;;;1=ACTIVE;1=ACTIVE;;;;;;Undefined;;;;;;;;;;;;ЛОЖЬ;ИСТИНА;;;;;;;;;;;;;Output;CC_CCB_2;ESD_932_1;73;;;;;;;;;;;;
BO;93LI803_LL;;COM;930-20;A_C93021;LL TRIP SETPOINT (%);No;ИСТИНА;ЛОЖЬ;;526;;Float;;;;;0;;;;596;;38187;;;;;;;;;0;0;;;;-XXXXX.X;491;3428;;;;;;;;;;ЛОЖЬ;;;;;;;;;;;;;;;;;;Output;EPKS_CCB;ESD_932_1;10207;;;;;;;;
M;526_650_2;;;;;93LAHH803_I;;ЛОЖЬ;ЛОЖЬ;;650;;;;;;;0;;;;1239;ЛОЖЬ;0;;;;;;;0=TRIP INITIATOR;;;;;;;Undefined;491;3428;;;;;;;;;;ЛОЖЬ;;;;;;;;;;;;;;;;;;;;;;;;;;;;;
M;1015_8;;;;;;;ЛОЖЬ;ЛОЖЬ;;1015;;;;;;;0;;;;2134;ЛОЖЬ;0;;;;;;;;;;;;;;Undefined;;;;;;;;;;;;ЛОЖЬ;ИСТИНА;;;;;;;;;;;;;;;;;;;;;;;;;;;;
DO;93TAHH868_FU;;COM;930-20;A_C93021;C9302001CX H2O COOL CYL2;No;ИСТИНА;ЛОЖЬ;;1047;;;;;;;0;;;;2598;ЛОЖЬ;38320;None;;;;;;1=FIRST;;;;;;;Undefined;;;;;;;;;;;;ЛОЖЬ;ИСТИНА;;;;;;;;;;;;;;;;;Output;EPKS_CCB;ESD_932_1;1161;;;;;;;;
DI;93FI025_MOR;;COM;930-20;A_93020;MO REQUEST;No;ИСТИНА;ИСТИНА;;318;;;;;;;0;;;;2852;ЛОЖЬ;37849;None;;;;;;1=REQUEST;;;;;;;Undefined;491;3428;;;;;;Freeze;;;;ЛОЖЬ;;;;ЛОЖЬ;;;;;;;;;;;;;;Input;EPKS_CCB;ESD_932_1;21;;;;;;;;
M;C530_6_G;;;;;Function block marker;;ЛОЖЬ;ЛОЖЬ;;530;;;;;;;0;;;;4490;ЛОЖЬ;0;;;;;;;;;;;;;;Undefined;;;;;;;;;;;;ЛОЖЬ;ИСТИНА;;;;;;;;;;;;;;;;;;;;;;;;;;;;
BO;93PI769_HH;;COM;930-20;A_C93021;HH TRIP SETPOINT (kPa-g);No;ИСТИНА;ЛОЖЬ;;364;;Float;;;;;0;;;;816;;38197;;;;;;;;;0;0;;;;-XXXXX.X;491;3428;;;;;;;;;;ЛОЖЬ;;;;;;;;;;;;;;;;;;Output;EPKS_CCB;ESD_932_1;10223;;;;;;;;
M;C2480_1;;;;;Compiler marker (224, 163);;ЛОЖЬ;ЛОЖЬ;;2480;;;;;;;0;;;;204;ЛОЖЬ;0;;;;;;;;;;;;;;Undefined;491;3428;;;;;;;;;;ЛОЖЬ;;;;;;;;;;;;;;;;;;;;;;;;;;;;;
T;540_5;;;;;;;ЛОЖЬ;ЛОЖЬ;;540;;;;;;;;100 ms;5;;1316;ЛОЖЬ;0;;;;;;;;;;;;;;Undefined;;;Delayed OFF with constant timer value;;;;;;;;;ЛОЖЬ;ИСТИНА;;;;;;;;;;;;;;;;;;;;;;;;;;;;
M;642_644_2;;;;;CAPACITY 50%;;ЛОЖЬ;ЛОЖЬ;;644;;;;;;;0;;;;550;ЛОЖЬ;0;;;;;;;1=ACTIVE;;;;;;;Undefined;491;3428;;;;;;;;;;ЛОЖЬ;;;;;;;;;;;;;;;;;;;;;;;;;;;;;
DI;93HS807_1;;PNL;930-20;A_C93021;C-9302001BX EM.STOP;Yes;ИСТИНА;ЛОЖЬ;;568;;;;;;;;;;;61;ИСТИНА;37701;None;;;;;;0=TRIP;;;;;;;Undefined;491;3428;;20.03;7;6;1;Low;;;;ЛОЖЬ;;;;ЛОЖЬ;;;;;;;;;;;;;;Output;EPKS_CCB;ESD_932_1;959;;;;;;;;
M;686_7;;;;;;;ЛОЖЬ;ЛОЖЬ;;686;;;;;;;0;;;;4129;ЛОЖЬ;0;;;;;;;;;;;;;;Undefined;;;;;;;;;;;;ЛОЖЬ;ИСТИНА;;;;;;;;;;;;;;;;;;;;;;;;;;;;
DO;93TI886_TF;;COM;930-20;A_C93021;TRANSM. FAIL;No;ИСТИНА;ЛОЖЬ;;560;;;;;;;0;;;;1051;ИСТИНА;37702;None;;;;;;0=FAIL;;;;;;;Undefined;491;3428;;;;;;;;;;ЛОЖЬ;;;;;;;;;;;;;;;;;;Output;EPKS_CCB;ESD_932_1;848;;;;;;;;
BO;93TI857_HH;;COM;930-20;A_C93021;HH TRIP SETPOINT (°C);No;ИСТИНА;ЛОЖЬ;;710;;Float;;;;;0;;;;776;;38184;;;;;;;;;0;0;;;;-XXXXX.X;491;3428;;;;;;;;;;ЛОЖЬ;;;;;;;;;;;;;;;;;;Output;EPKS_CCB;ESD_932_1;10271;;;;;;;;
AI;93PI765;;FLD;;;C9302001AX PROC GAS CYL1;Yes;ИСТИНА;ЛОЖЬ;;362;ИСТИНА;Float;4-20mA;0;100;kPa;;;;;620;ЛОЖЬ;38476;;None;None;None;None;;;;;;;;;-XXXXX.X;3.64;22;;20.03;11;3;1;Top scale;;;;ЛОЖЬ;ИСТИНА;ЛОЖЬ;;;;;;;;;;;;;;;;Output;EPKS_CCB;ESD_932_1;10334;;;;;;;;
DO;93PALL473;;COM;930-20;A_93020;T GAS TO  B9302002A;No;ИСТИНА;ЛОЖЬ;;238;;;;;;;0;;;;254;ИСТИНА;37703;None;;;;;;0=TRIP;;;;;;;Undefined;491;3428;;;;;;;;;;ЛОЖЬ;;;;;;;;;;;;;;;;;;Output;EPKS_CCB;ESD_932_1;604;;;;;;;;
M;C1049_2_K;;;;;Function block marker;;ЛОЖЬ;ЛОЖЬ;;1049;;;;;;;0;;;;3706;ЛОЖЬ;0;;;;;;;;;;;;;;Undefined;;;;;;;;;;;;ЛОЖЬ;ИСТИНА;;;;;;;;;;;;;;;;;;;;;;;;;;;;
M;C712_6_F;;;;;Function block marker;;ЛОЖЬ;ЛОЖЬ;;712;;;;;;;0;;;;4278;ЛОЖЬ;0;;;;;;;;;;;;;;Undefined;;;;;;;;;;;;ЛОЖЬ;ИСТИНА;;;;;;;;;;;;;;;;;;;;;;;;;;;;
M;C702_6_B;;;;;Function block marker;;ЛОЖЬ;ЛОЖЬ;;702;;;;;;;0;;;;4300;ЛОЖЬ;0;;;;;;;;;;;;;;Undefined;;;;;;;;;;;;ЛОЖЬ;ИСТИНА;;;;;;;;;;;;;;;;;;;;;;;;;;;;
M;156_162_1;;;;;;;ЛОЖЬ;ЛОЖЬ;;162;;;;;;;0;;;;3631;ЛОЖЬ;0;;;;;;;;;;;;;;Undefined;;;;;;;;;;;;ЛОЖЬ;ИСТИНА;;;;;;;;;;;;;;;;;;;;;;;;;;;;
M;C276_2_G;;;;;Function block marker;;ЛОЖЬ;ЛОЖЬ;;276;;;;;;;0;;;;3845;ЛОЖЬ;0;;;;;;;;;;;;;;Undefined;;;;;;;;;;;;ЛОЖЬ;ИСТИНА;;;;;;;;;;;;;;;;;;;;;;;;;;;;
DO;93PALL764;;COM;930-20;A_C93021;C9302001AX PRS GAS CYL1;No;ИСТИНА;ЛОЖЬ;;363;;;;;;;0;;;;707;ИСТИНА;37913;None;;;;;;0=TRIP;;;;;;;Undefined;491;3428;;;;;;;;;;ЛОЖЬ;;;;;;;;;;;;;;;;;;Output;EPKS_CCB;ESD_932_1;613;;;;;;;;
DO;93XY117_C;;COM;;;;No;ИСТИНА;ЛОЖЬ;;314;;;;;;;0;;;;62;ИСТИНА;38053;None;;;;;;0=TRIP;;;;;;;Undefined;;;;;;;;;;;;ЛОЖЬ;ИСТИНА;;;;;;;;;;;;;;;;;Output;EPKS_CCB;ESD_932_1;989;;;;;;;;
T;268_7;;;;;;;ЛОЖЬ;ЛОЖЬ;;268;;;;;;;;100 ms;5;;1184;ЛОЖЬ;0;;;;;;;;;;;;;;Undefined;;;Delayed OFF with constant timer value;;;;;;;;;ЛОЖЬ;ИСТИНА;;;;;;;;;;;;;;;;;;;;;;;;;;;;
DI;93ZSLL803_MOR;;COM;930-20;A_93020;MO REQUEST;No;ИСТИНА;ИСТИНА;;298;;;;;;;0;;;;2989;ЛОЖЬ;37781;None;;;;;;1=REQUEST;;;;;;;Undefined;491;3428;;;;;;Freeze;;;;ЛОЖЬ;;;;ЛОЖЬ;;;;;;;;;;;;;;Input;EPKS_CCB;ESD_932_1;158;;;;;;;;
BO;93FI754_LL;;COM;930-20;A_C93021;LL TRIP SETPOINT (m3/h);No;ИСТИНА;ЛОЖЬ;;350;;Float;;;;;0;;;;724;;38172;;;;;;;;;0;0;;;;-XXXXX.X;491;3428;;;;;;;;;;ЛОЖЬ;;;;;;;;;;;;;;;;;;Output;EPKS_CCB;ESD_932_1;10181;;;;;;;;
AI;93TI857;;FLD;930-20;A_C93021;C9302001CX TMP PACK CYL2;Yes;ИСТИНА;ЛОЖЬ;;710;ИСТИНА;Float;4-20mA;-50;200;°C;;;;;312;ЛОЖЬ;37796;;None;None;None;None;;;;-112.5;-112.5;;;;-XXXXX.X;3.76;21;;20.04;5;11;1;Bottom scale;;;;ЛОЖЬ;;ЛОЖЬ;;;;;;;;;;;;;;;;Output;EPKS_CCB;ESD_932_1;10154;;;;;;;;
DI;93HS857_2;;PNL;930-20;A_C93021;C-9302001CX EM.STOP;Yes;ИСТИНА;ЛОЖЬ;;732;;;;;;;;;;;46;ИСТИНА;37705;None;;;;;;0=TRIP;;;;;;;Undefined;491;3428;;20.03;5;7;1;Low;;;;ЛОЖЬ;;;;ЛОЖЬ;;;;;;;;;;;;;;Output;EPKS_CCB;ESD_932_1;962;;;;;;;;
DO;93PI865_TF;;COM;;;TRANSM FAULT;No;ЛОЖЬ;ЛОЖЬ;;697;;;;;;;0;;;;845;ИСТИНА;38475;None;;;;;;0=ALARM;0=ALARM;;;;;;Undefined;;;;;;;;;;;;ЛОЖЬ;ИСТИНА;;;;;;;;;;;;;;;;;Output;EPKS_CCB;ESD_932_1;1352;;;;;;;;
M;778_780_1;;;;;COMMON TRIP;;ЛОЖЬ;ЛОЖЬ;;780;;;;;;;0;;;;902;ЛОЖЬ;0;;;;;;;0=TRIP;;;;;;;Undefined;491;3428;;;;;;;;;;ЛОЖЬ;;;;;;;;;;;;;;;;;;;;;;;;;;;;;
T;688_5;;;;;;;ЛОЖЬ;ЛОЖЬ;;688;;;;;;;;100 ms;5;;1536;ЛОЖЬ;0;;;;;;;;;;;;;;Undefined;;;Delayed OFF with constant timer value;;;;;;;;;ЛОЖЬ;ИСТИНА;;;;;;;;;;;;;;;;;;;;;;;;;;;;
DI;93HS851B_B2_OT_P;;COM;930-20;A_93020;CAP CTRL BIT 2;No;ИСТИНА;ИСТИНА;;792;;;;;;;0;;;;1650;ИСТИНА;37417;None;;;;;;1=TRUE;;;;;;;Undefined;491;3428;;;;;;Freeze;;;;ЛОЖЬ;;;;ЛОЖЬ;;;;;;;;;;Input;CC_CCB_2;ESD_932_1;19;Output;EPKS_CCB;ESD_932_1;2019;;;;;;;;
M;388_7;;;;;;;ЛОЖЬ;ЛОЖЬ;;388;;;;;;;0;;;;4009;ЛОЖЬ;0;;;;;;;;;;;;;;Undefined;;;;;;;;;;;;ЛОЖЬ;ИСТИНА;;;;;;;;;;;;;;;;;;;;;;;;;;;;
T;688_6;;;;;;;ЛОЖЬ;ЛОЖЬ;;688;;;;;;;;100 ms;5;;1540;ЛОЖЬ;0;;;;;;;;;;;;;;Undefined;;;Delayed OFF with constant timer value;;;;;;;;;ЛОЖЬ;ИСТИНА;;;;;;;;;;;;;;;;;;;;;;;;;;;;
M;542_7;;;;;;;ЛОЖЬ;ЛОЖЬ;;542;;;;;;;0;;;;4068;ЛОЖЬ;0;;;;;;;;;;;;;;Undefined;;;;;;;;;;;;ЛОЖЬ;ИСТИНА;;;;;;;;;;;;;;;;;;;;;;;;;;;;
M;292_154_3;;;;;93TT987;;ЛОЖЬ;ЛОЖЬ;;154;;;;;;;0;;;;672;ЛОЖЬ;0;;;;;;;1=MO CONFIRMED;;;;;;;Undefined;491;3428;;;;;;;;;;ЛОЖЬ;;;;;;;;;;;;;;;;;;;;;;;;;;;;;
DO;93XA757A_P;;COM;930-20;A_C93021;COMMON TRIP LAMP ON LP;No;ИСТИНА;ЛОЖЬ;;416;;;;;;;0;;;;231;ЛОЖЬ;38054;None;;;;;;1=ACTIVE;;;;;;;Undefined;491;3428;;;;;;;;;;ЛОЖЬ;;;;;;;;;;;;;;;;;;;;;;;;;;Output;CC_CCB_1;ESD_932_1;43
M;396_1;;;;;;;ЛОЖЬ;ЛОЖЬ;;396;;;;;;;0;;;;753;ЛОЖЬ;0;;;;;;;;;;;;;;Undefined;491;3428;;;;;;;;;;ЛОЖЬ;;;;;;;;;;;;;;;;;;;;;;;;;;;;;
M;C548_5_E;;;;;Function block marker;;ЛОЖЬ;ЛОЖЬ;;548;;;;;;;0;;;;4426;ЛОЖЬ;0;;;;;;;;;;;;;;Undefined;;;;;;;;;;;;ЛОЖЬ;ИСТИНА;;;;;;;;;;;;;;;;;;;;;;;;;;;;
M;358_1003_2;;;;;93PDAHH780_I;;ЛОЖЬ;ЛОЖЬ;;1003;;;;;;;0;;;;2032;ЛОЖЬ;0;;;;;;;0=TRIP INITIATOR;;;;;;;Undefined;;;;;;;;;;;;ЛОЖЬ;ИСТИНА;;;;;;;;;;;;;;;;;;;;;;;;;;;;
DO;93LI421_MOC;;COM;930-20;A_93020;MO CONFIRMED;No;ИСТИНА;ЛОЖЬ;;266;;;;;;;0;;;;408;ИСТИНА;37706;None;;;;;;1=CONFIRMED;;;;;;;Undefined;491;3428;;;;;;;;;;ЛОЖЬ;;;;;;;;;;;;;;;;;;Output;EPKS_CCB;ESD_932_1;549;;;;;;;;
M;430_1035_2;;;;;C-9302001 EMERGENCY STOP;;ЛОЖЬ;ЛОЖЬ;;1035;;;;;;;0;;;;2326;ЛОЖЬ;0;;;;;;;0=STOP;;;;;;;Undefined;;;;;;;;;;;;ЛОЖЬ;ИСТИНА;;;;;;;;;;;;;;;;;;;;;;;;;;;;
M;C1031_1_J;;;;;Function block marker;;ЛОЖЬ;ЛОЖЬ;;1031;;;;;;;0;;;;2385;ЛОЖЬ;0;;;;;;;;;;;;;;Undefined;;;;;;;;;;;;ЛОЖЬ;ИСТИНА;;;;;;;;;;;;;;;;;;;;;;;;;;;;
BO;93PI764_HH;;COM;930-20;A_C93021;HH TRIP SETPOINT (kPa-g);No;ИСТИНА;ЛОЖЬ;;362;;Float;;;;;0;;;;812;;38163;;;;;;;;;0;0;;;;-XXXXX.X;491;3428;;;;;;;;;;ЛОЖЬ;;;;;;;;;;;;;;;;;;Output;EPKS_CCB;ESD_932_1;10221;;;;;;;;
BO;93TI802_H;;COM;;;HI ALARM SETPOINT;No;ЛОЖЬ;ЛОЖЬ;;542;;Float;;;;;0;;;;296;;0;;None;None;None;None;;;;;;;;;-XXXXX.X;;;;;;;;;;;;ЛОЖЬ;ИСТИНА;;;;;;;;;;;;;;;;;Output;EPKS_CCB;ESD_932_1;10419;;;;;;;;
DO;93ZSLL803_MOC;;COM;930-20;A_93020;MO CONFIRMED;No;ИСТИНА;ЛОЖЬ;;298;;;;;;;0;;;;510;ИСТИНА;37916;None;;;;;;1=CONFIRMED;;;;;;;Undefined;491;3428;;;;;;;;;;ЛОЖЬ;;;;;;;;;;;;;;;;;;Output;EPKS_CCB;ESD_932_1;903;;;;;;;;
M;299_156_1;;;;;93ZLL853;;ЛОЖЬ;ЛОЖЬ;;156;;;;;;;0;;;;511;ЛОЖЬ;0;;;;;;;1=MO CONFIRMED;;;;;;;Undefined;491;3428;;;;;;;;;;ЛОЖЬ;;;;;;;;;;;;;;;;;;;;;;;;;;;;;
M;C714_5_G;;;;;Function block marker;;ЛОЖЬ;ЛОЖЬ;;714;;;;;;;0;;;;4269;ЛОЖЬ;0;;;;;;;;;;;;;;Undefined;;;;;;;;;;;;ЛОЖЬ;ИСТИНА;;;;;;;;;;;;;;;;;;;;;;;;;;;;
DO;93PDAHH830_CA;;COM;930-20;A_C93021;CAUSE ALARM;No;ИСТИНА;ЛОЖЬ;;528;;;;;;;0;;;;988;ЛОЖЬ;37707;None;;;;;;0=ALARM;;;;;;;Undefined;491;3428;;;;;;;;;;ЛОЖЬ;;;;;;;;;;;;;;;;;;Output;EPKS_CCB;ESD_932_1;644;;;;;;;;
M;C524_6_E;;;;;Function block marker;;ЛОЖЬ;ЛОЖЬ;;524;;;;;;;0;;;;4509;ЛОЖЬ;0;;;;;;;;;;;;;;Undefined;;;;;;;;;;;;ЛОЖЬ;ИСТИНА;;;;;;;;;;;;;;;;;;;;;;;;;;;;
M;274_276_1;;;;;93LT427;;ЛОЖЬ;ЛОЖЬ;;276;;;;;;;0;;;;515;ЛОЖЬ;0;;;;;;;1=MO CONFIRMED;;;;;;;Undefined;491;3428;;;;;;;;;;ЛОЖЬ;;;;;;;;;;;;;;;;;;;;;;;;;;;;;
M;C1021_1_J;;;;;Function block marker;;ЛОЖЬ;ЛОЖЬ;;1021;;;;;;;0;;;;2415;ЛОЖЬ;0;;;;;;;;;;;;;;Undefined;;;;;;;;;;;;ЛОЖЬ;ИСТИНА;;;;;;;;;;;;;;;;;;;;;;;;;;;;
DO;93TAHH860_CA;;COM;;;CAUSE ALARM;No;ЛОЖЬ;ЛОЖЬ;;714;;;;;;;0;;;;3370;ЛОЖЬ;0;None;;;;;;0=ALARM;0=ALARM;;;;;;Undefined;;;;;;;;;;;;ЛОЖЬ;ИСТИНА;;;;;;;;;;;;;;;;;Output;EPKS_CCB;ESD_932_1;1265;;;;;;;;
M;C125_2;;;;;Compiler marker (352, 66);;ЛОЖЬ;ЛОЖЬ;;125;;;;;;;0;;;;2070;ЛОЖЬ;0;;;;;;;;;;;;;;Undefined;491;3428;;;;;;;;;;ЛОЖЬ;;;;;;;;;;;;;;;;;;;;;;;;;;;;;
T;533_3;;;;;;;ЛОЖЬ;ЛОЖЬ;;533;;;;;;;;100 ms;5;;1276;ЛОЖЬ;0;;;;;;;;;;;;;;Undefined;;;Delayed OFF with constant timer value;;;;;;;;;ЛОЖЬ;ИСТИНА;;;;;;;;;;;;;;;;;;;;;;;;;;;;
M;C2460_2;;;;;Compiler marker (264, 174);;ЛОЖЬ;ЛОЖЬ;;2460;;;;;;;0;;;;261;ЛОЖЬ;0;;;;;;;;;;;;;;Undefined;491;3428;;;;;;;;;;ЛОЖЬ;;;;;;;;;;;;;;;;;;;;;;;;;;;;;
M;C402_2_E;;;;;Function block marker;;ЛОЖЬ;ЛОЖЬ;;402;;;;;;;0;;;;1878;ЛОЖЬ;0;;;;;;;;;;;;;;Undefined;491;3428;;;;;;;;;;ЛОЖЬ;;;;;;;;;;;;;;;;;;;;;;;;;;;;;
M;2470_F;;;;;Signal 5;;ЛОЖЬ;ЛОЖЬ;;2470;;;;;;;0;;;;145;ЛОЖЬ;0;;;;;;;;;;;;;;Undefined;491;3428;;;;;;;;;;ЛОЖЬ;;;;;;;;;;;;;;;;;;;;;;;;;;;;;
M;C1049_1_K;;;;;Function block marker;;ЛОЖЬ;ЛОЖЬ;;1049;;;;;;;0;;;;2626;ЛОЖЬ;0;;;;;;;;;;;;;;Undefined;;;;;;;;;;;;ЛОЖЬ;ИСТИНА;;;;;;;;;;;;;;;;;;;;;;;;;;;;
DO;93PDI830_TF;;COM;930-20;A_C93021;TRANSM. FAIL;No;ИСТИНА;ЛОЖЬ;;528;;;;;;;0;;;;990;ИСТИНА;37708;None;;;;;;0=FAIL;;;;;;;Undefined;491;3428;;;;;;;;;;ЛОЖЬ;;;;;;;;;;;;;;;;;;Output;EPKS_CCB;ESD_932_1;656;;;;;;;;
DO;93HS757A_FU;;COM;930-20;A_C93021;C-9302001AX EM.STOP;No;ИСТИНА;ЛОЖЬ;;1017;;;;;;;0;;;;2223;ЛОЖЬ;38249;None;;;;;;1=FIRST;;;;;;;Undefined;;;;;;;;;;;;ЛОЖЬ;ИСТИНА;;;;;;;;;;;;;;;;;Output;EPKS_CCB;ESD_932_1;1091;;;;;;;;
DI;93VSHH752B;;BNS;930-20;A_C93021;C-9302001AX VIBR CRANK;Yes;ИСТИНА;ЛОЖЬ;;394;;;;;;;;;;;56;ИСТИНА;37709;None;;;;;;0=TRIP;;;;;;;Undefined;491;3428;;20.03;7;1;1;Low;;;;ЛОЖЬ;;;;ЛОЖЬ;;;;;;;;;;;;;;Output;EPKS_CCB;ESD_932_1;941;;;;;;;;
M;C1041_1_J;;;;;Function block marker;;ЛОЖЬ;ЛОЖЬ;;1041;;;;;;;0;;;;2649;ЛОЖЬ;0;;;;;;;;;;;;;;Undefined;;;;;;;;;;;;ЛОЖЬ;ИСТИНА;;;;;;;;;;;;;;;;;;;;;;;;;;;;
AI;93PI088;;FLD;930-20;A_93020;AIR COLLECTOR CONTROL;Yes;ИСТИНА;ЛОЖЬ;;310;ИСТИНА;Float;4-20mA;0;1.6;MPa(g);;;;;240;ЛОЖЬ;37936;;None;None;None;None;;;;-0.4;-0.4;;;;-XXXXX.X;3.64;22;;20.04;3;10;1;Bottom scale;;;;ЛОЖЬ;;ЛОЖЬ;;;;;;;;;;;;;;;;Output;EPKS_CCB;ESD_932_1;10108;;;;;;;;
DO;93LI425_MOC;;COM;930-20;A_93020;MO CONFIRMED;No;ИСТИНА;ЛОЖЬ;;270;;;;;;;0;;;;428;ИСТИНА;37711;None;;;;;;1=CONFIRMED;;;;;;;Undefined;491;3428;;;;;;;;;;ЛОЖЬ;;;;;;;;;;;;;;;;;;Output;EPKS_CCB;ESD_932_1;553;;;;;;;;
DI;93LI413_MOR;;COM;930-20;A_93020;MO REQUEST;No;ИСТИНА;ИСТИНА;;258;;;;;;;0;;;;2868;ЛОЖЬ;37712;None;;;;;;1=REQUEST;;;;;;;Undefined;491;3428;;;;;;Freeze;;;;ЛОЖЬ;;;;ЛОЖЬ;;;;;;;;;;;;;;Input;EPKS_CCB;ESD_932_1;37;;;;;;;;
M;268_154_1;;;;;93LT423;;ЛОЖЬ;ЛОЖЬ;;154;;;;;;;0;;;;752;ЛОЖЬ;0;;;;;;;1=MO CONFIRMED;;;;;;;Undefined;491;3428;;;;;;;;;;ЛОЖЬ;;;;;;;;;;;;;;;;;;;;;;;;;;;;;
T;260_2;;;;;;;ЛОЖЬ;ЛОЖЬ;;260;;;;;;;;100 ms;5;;848;ЛОЖЬ;0;;;;;;;;;;;;;;Undefined;;;Delayed OFF with constant timer value;;;;;;;;;ЛОЖЬ;ИСТИНА;;;;;;;;;;;;;;;;;;;;;;;;;;;;
M;C276_2_E;;;;;Function block marker;;ЛОЖЬ;ЛОЖЬ;;276;;;;;;;0;;;;3843;ЛОЖЬ;0;;;;;;;;;;;;;;Undefined;;;;;;;;;;;;ЛОЖЬ;ИСТИНА;;;;;;;;;;;;;;;;;;;;;;;;;;;;
DO;93LAHH753_FU;;COM;930-20;A_C93021;C9302001AX LEV SEP 2ND;No;ИСТИНА;ЛОЖЬ;;1003;;;;;;;0;;;;2190;ЛОЖЬ;38216;None;;;;;;1=FIRST;;;;;;;Undefined;;;;;;;;;;;;ЛОЖЬ;ИСТИНА;;;;;;;;;;;;;;;;;Output;EPKS_CCB;ESD_932_1;1057;;;;;;;;
M;324_260_1;;;;;SHUTTER 93XV417- OPEN;;ЛОЖЬ;ЛОЖЬ;;260;;;;;;;0;;;;2042;ЛОЖЬ;0;;;;;;;1=OVERRIDE;;;;;;;Undefined;491;3428;;;;;;;;;;ЛОЖЬ;;;;;;;;;;;;;;;;;;;;;;;;;;;;;
M;354_7;;;;;;;ЛОЖЬ;ЛОЖЬ;;354;;;;;;;0;;;;4013;ЛОЖЬ;0;;;;;;;;;;;;;;Undefined;;;;;;;;;;;;ЛОЖЬ;ИСТИНА;;;;;;;;;;;;;;;;;;;;;;;;;;;;
M;C648_4_C;;;;;Function block marker;;ЛОЖЬ;ЛОЖЬ;;648;;;;;;;0;;;;1361;ЛОЖЬ;0;;;;;;;;;;;;;;Undefined;491;3428;;;;;;;;;;ЛОЖЬ;;;;;;;;;;;;;;;;;;;;;;;;;;;;;
DO;93PI869_MOC;;COM;930-20;A_C93021;MO CONFIRMED;No;ИСТИНА;ЛОЖЬ;;698;;;;;;;0;;;;1463;ИСТИНА;37713;None;;;;;;1=CONFIRMED;;;;;;;Undefined;491;3428;;;;;;;;;;ЛОЖЬ;;;;;;;;;;;;;;;;;;Output;EPKS_CCB;ESD_932_1;693;;;;;;;;
M;C702_7_G;;;;;Function block marker;;ЛОЖЬ;ЛОЖЬ;;702;;;;;;;0;;;;4309;ЛОЖЬ;0;;;;;;;;;;;;;;Undefined;;;;;;;;;;;;ЛОЖЬ;ИСТИНА;;;;;;;;;;;;;;;;;;;;;;;;;;;;
M;C434_1;;;;;Compiler marker (277, 48);;ЛОЖЬ;ЛОЖЬ;;434;;;;;;;0;;;;1900;ЛОЖЬ;0;;;;;;;;;;;;;;Undefined;491;3428;;;;;;;;;;ЛОЖЬ;;;;;;;;;;;;;;;;;;;;;;;;;;;;;
M;710_1045_2;;;;;93TAHH857_I;;ЛОЖЬ;ЛОЖЬ;;1045;;;;;;;0;;;;2547;ЛОЖЬ;0;;;;;;;0=TRIP INITIATOR;;;;;;;Undefined;;;;;;;;;;;;ЛОЖЬ;ИСТИНА;;;;;;;;;;;;;;;;;;;;;;;;;;;;
DO;93PI819_TF;;COM;930-20;A_C93021;TRANSM. FAIL;No;ИСТИНА;ЛОЖЬ;;534;;;;;;;0;;;;1128;ИСТИНА;37714;None;;;;;;0=FAIL;;;;;;;Undefined;491;3428;;;;;;;;;;ЛОЖЬ;;;;;;;;;;;;;;;;;;Output;EPKS_CCB;ESD_932_1;684;;;;;;;;
M;C534_5_F;;;;;Function block marker;;ЛОЖЬ;ЛОЖЬ;;534;;;;;;;0;;;;3482;ЛОЖЬ;0;;;;;;;;;;;;;;Undefined;;;;;;;;;;;;ЛОЖЬ;ИСТИНА;;;;;;;;;;;;;;;;;;;;;;;;;;;;
BO;93FI901_LL;;COM;930-20;A_C93021;LL TRIP SETPOINT (m3/h);No;ИСТИНА;ЛОЖЬ;;400;;Float;;;;;0;;;;544;;38158;;;;;;;;;0;0;;;;-XXXXX.X;491;3428;;;;;;;;;;ЛОЖЬ;;;;;;;;;;;;;;;;;;Output;EPKS_CCB;ESD_932_1;10187;;;;;;;;
M;C448_3_D;;;;;Function block marker;;ЛОЖЬ;ЛОЖЬ;;448;;;;;;;0;;;;1867;ЛОЖЬ;0;;;;;;;;;;;;;;Undefined;491;3428;;;;;;;;;;ЛОЖЬ;;;;;;;;;;;;;;;;;;;;;;;;;;;;;
M;554_166_1;;;;;93TT817;;ЛОЖЬ;ЛОЖЬ;;166;;;;;;;0;;;;1438;ЛОЖЬ;0;;;;;;;1=MO CONFIRMED;;;;;;;Undefined;491;3428;;;;;;;;;;ЛОЖЬ;;;;;;;;;;;;;;;;;;;;;;;;;;;;;
M;528_3;;;;;;;ЛОЖЬ;ЛОЖЬ;;528;;;;;;;0;;;;992;ЛОЖЬ;0;;;;;;;;;;;;;;Undefined;491;3428;;;;;;;;;;ЛОЖЬ;;;;;;;;;;;;;;;;;;;;;;;;;;;;;
M;C700_6_E;;;;;Function block marker;;ЛОЖЬ;ЛОЖЬ;;700;;;;;;;0;;;;4317;ЛОЖЬ;0;;;;;;;;;;;;;;Undefined;;;;;;;;;;;;ЛОЖЬ;ИСТИНА;;;;;;;;;;;;;;;;;;;;;;;;;;;;
DI;93VSHH801_MOR;;COM;930-20;A_C93021;MO REQUEST;No;ЛОЖЬ;ИСТИНА;;564;;;;;;;0;;;;2860;ЛОЖЬ;0;None;;;;;;1=REQUEST;1=REQUEST;;;;;;Undefined;;;;;;;;Freeze;;;;ЛОЖЬ;ИСТИНА;;;ЛОЖЬ;View only;;;;;;;;;;;;;Input;EPKS_CCB;ESD_932_1;24;;;;;;;;
AI;93LI427;;FLD;930-20;A_93020;HYDROC GAS CON B9302002B;Yes;ИСТИНА;ЛОЖЬ;;274;ИСТИНА;Float;4-20mA;0;100;%;;;;;220;ЛОЖЬ;37778;;None;None;None;None;;;;-25;-25;;;;-XXXXX.X;3.64;22;;20.04;3;5;1;Bottom scale;;;;ЛОЖЬ;;ЛОЖЬ;;;;;;;;;;;;;;;;Output;EPKS_CCB;ESD_932_1;10091;;;;;;;;
M;416_1;;;;;;;ЛОЖЬ;ЛОЖЬ;;416;;;;;;;0;;;;870;ЛОЖЬ;0;;;;;;;;;;;;;;Undefined;491;3428;;;;;;;;;;ЛОЖЬ;;;;;;;;;;;;;;;;;;;;;;;;;;;;;
M;712_780_3;;;;;93TAHH859_I (AFTER OOS);;ЛОЖЬ;ЛОЖЬ;;780;;;;;;;0;;;;1504;ЛОЖЬ;0;;;;;;;0=TRIP;;;;;;;Undefined;491;3428;;;;;;;;;;ЛОЖЬ;;;;;;;;;;;;;;;;;;;;;;;;;;;;;
AI;93PDI782;;FLD;;;C9302001AX PROC GAS CYL2;Yes;ИСТИНА;ЛОЖЬ;;360;ИСТИНА;Float;4-20mA;0;1;MPa;;;;;616;ЛОЖЬ;38474;;None;None;None;None;;;;;;;;;-XXXXX.X;3.64;22;;20.03;11;2;1;Top scale;;;;ЛОЖЬ;ИСТИНА;ЛОЖЬ;;;;;;;;;;;;;;;;Output;EPKS_CCB;ESD_932_1;10333;;;;;;;;
T;292_1;;;;;;;ЛОЖЬ;ЛОЖЬ;;292;;;;;;;;100 ms;10;;140;ЛОЖЬ;0;;;;;;;;;;;;;;Undefined;491;3428;Delayed OFF with constant timer value;;;;;;;;;ЛОЖЬ;;;;;;;;;;;;;;;;;;;;;;;;;;;;;
BO;93PI814_LL;;COM;;;LL TRIP SETPOINT (kPa-g);No;ИСТИНА;ЛОЖЬ;;533;;Float;;;;;0;;;;720;;38200;;;;;;;;;0;0;;;;-XXXXX.X;491;3428;;;;;;;;;;ЛОЖЬ;;;;;;;;;;;;;;;;;;Output;EPKS_CCB;ESD_932_1;10230;;;;;;;;
M;526_7;;;;;;;ЛОЖЬ;ЛОЖЬ;;526;;;;;;;0;;;;4098;ЛОЖЬ;0;;;;;;;;;;;;;;Undefined;;;;;;;;;;;;ЛОЖЬ;ИСТИНА;;;;;;;;;;;;;;;;;;;;;;;;;;;;
R;2457_A;;;;;Input 1;;ЛОЖЬ;ЛОЖЬ;;2457;;Float;;;;;0;;;;140;ЛОЖЬ;0;;;;;;;;;;;;;;Undefined;491;3428;;;;;;;;;;ЛОЖЬ;;;;;;;;;;;;;;;;;;;;;;;;;;;;;
DI;20-ExtComFaultCC8;;SYS;;;Ext com fault Com ch 8;Yes;ЛОЖЬ;;;16;;;;;;;;;;;13;ЛОЖЬ;0;None;;;;;;;;;;;;;Undefined;491;3428;;;;;;;;;;ЛОЖЬ;;;;ЛОЖЬ;;;;;;;;;;;;;;;;;;;;;;;;;
DO;93PALL475_P;;COM;930-20;A_93020;T GAS TO  B9302002B;No;ИСТИНА;ЛОЖЬ;;240;;;;;;;0;;;;548;ЛОЖЬ;38082;None;;;;;;1=ACTIVE;;;;;;;Undefined;491;3428;;;;;;;;;;ЛОЖЬ;;;;;;;;;;;;;;;;;;;;;;;;;;Output;CC_CCB_1;ESD_932_1;69
M;2430_A;;;;;1=MOS/OOS;;ЛОЖЬ;ЛОЖЬ;;2430;;;;;;;0;;;;120;ЛОЖЬ;0;;;;;;;;;;;;;;Undefined;491;3428;;;;;;;;;;ЛОЖЬ;;;;;;;;;;;;;;;;;;;;;;;;;;;;;
M;242_150_1;;;;;93PT477;;ЛОЖЬ;ЛОЖЬ;;150;;;;;;;0;;;;257;ЛОЖЬ;0;;;;;;;1=MO CONFIRMED;;;;;;;Undefined;491;3428;;;;;;;;;;ЛОЖЬ;;;;;;;;;;;;;;;;;;;;;;;;;;;;;
M;C372_5_F;;;;;Function block marker;;ЛОЖЬ;ЛОЖЬ;;372;;;;;;;0;;;;4592;ЛОЖЬ;0;;;;;;;;;;;;;;Undefined;;;;;;;;;;;;ЛОЖЬ;ИСТИНА;;;;;;;;;;;;;;;;;;;;;;;;;;;;
M;C1031_1_L;;;;;Function block marker;;ЛОЖЬ;ЛОЖЬ;;1031;;;;;;;0;;;;2387;ЛОЖЬ;0;;;;;;;;;;;;;;Undefined;;;;;;;;;;;;ЛОЖЬ;ИСТИНА;;;;;;;;;;;;;;;;;;;;;;;;;;;;
DO;93ZALL803_FU;;COM;930-20;A_93020;C9302001BX LSW LOCK DEV;No;ИСТИНА;ЛОЖЬ;;1031;;;;;;;0;;;;2359;ЛОЖЬ;38281;None;;;;;;1=FIRST;;;;;;;Undefined;;;;;;;;;;;;ЛОЖЬ;ИСТИНА;;;;;;;;;;;;;;;;;Output;EPKS_CCB;ESD_932_1;1122;;;;;;;;
M;528_2;;;;;;;ЛОЖЬ;ЛОЖЬ;;528;;;;;;;0;;;;991;ЛОЖЬ;0;;;;;;;;;;;;;;Undefined;491;3428;;;;;;;;;;ЛОЖЬ;;;;;;;;;;;;;;;;;;;;;;;;;;;;;
BO;93FI023_LL;;COM;930-20;A_93020;LL TRIP SETPOINT (kg/h);No;ИСТИНА;ЛОЖЬ;;316;;Float;;;;;0;;;;992;;38196;;;;;;;;;0;0;;;;-XXXXX.X;491;3428;;;;;;;;;;ЛОЖЬ;;;;;;;;;;;;;;;;;;Output;EPKS_CCB;ESD_932_1;10173;;;;;;;;
M;648_1021_1;;;;;93HS810_P;;ЛОЖЬ;ЛОЖЬ;;1021;;;;;;;0;;;;2283;ЛОЖЬ;0;;;;;;;1=RESET;;;;;;;Undefined;;;;;;;;;;;;ЛОЖЬ;ИСТИНА;;;;;;;;;;;;;;;;;;;;;;;;;;;;
DI;93PI814_MOR;;COM;930-20;A_C93021;MO REQUEST;No;ИСТИНА;ИСТИНА;;532;;;;;;;0;;;;2910;ЛОЖЬ;37716;None;;;;;;1=REQUEST;;;;;;;Undefined;491;3428;;;;;;Freeze;;;;ЛОЖЬ;;;;ЛОЖЬ;;;;;;;;;;;;;;Input;EPKS_CCB;ESD_932_1;79;;;;;;;;
M;C366_4_B;;;;;Function block marker;;ЛОЖЬ;ЛОЖЬ;;366;;;;;;;0;;;;4608;ЛОЖЬ;0;;;;;;;;;;;;;;Undefined;;;;;;;;;;;;ЛОЖЬ;ИСТИНА;;;;;;;;;;;;;;;;;;;;;;;;;;;;
M;C544_3_B;;;;;Function block marker;;ЛОЖЬ;ЛОЖЬ;;544;;;;;;;0;;;;4435;ЛОЖЬ;0;;;;;;;;;;;;;;Undefined;;;;;;;;;;;;ЛОЖЬ;ИСТИНА;;;;;;;;;;;;;;;;;;;;;;;;;;;;
M;373_814_3;;;;;93TAL930_PERM;;ЛОЖЬ;ЛОЖЬ;;814;;;;;;;0;;;;4118;ЛОЖЬ;0;;;;;;;0=ALARM;;;;;;;Undefined;;;;;;;;;;;;ЛОЖЬ;ИСТИНА;;;;;;;;;;;;;;;;;;;;;;;;;;;;
M;C542_5_F;;;;;Function block marker;;ЛОЖЬ;ЛОЖЬ;;542;;;;;;;0;;;;4440;ЛОЖЬ;0;;;;;;;;;;;;;;Undefined;;;;;;;;;;;;ЛОЖЬ;ИСТИНА;;;;;;;;;;;;;;;;;;;;;;;;;;;;
M;C724_5_F;;;;;Function block marker;;ЛОЖЬ;ЛОЖЬ;;724;;;;;;;0;;;;4233;ЛОЖЬ;0;;;;;;;;;;;;;;Undefined;;;;;;;;;;;;ЛОЖЬ;ИСТИНА;;;;;;;;;;;;;;;;;;;;;;;;;;;;
M;546_166_1;;;;;93TT807;;ЛОЖЬ;ЛОЖЬ;;166;;;;;;;0;;;;1401;ЛОЖЬ;0;;;;;;;1=MO CONFIRMED;;;;;;;Undefined;491;3428;;;;;;;;;;ЛОЖЬ;;;;;;;;;;;;;;;;;;;;;;;;;;;;;
DO;93LT412_416_P;;COM;;;LESS THAN;No;ИСТИНА;ЛОЖЬ;;263;;;;;;;0;;;;339;ЛОЖЬ;37594;None;;;;;;1=ON;1=ON;;;;;;Undefined;;;;;;;;;;;;ЛОЖЬ;ИСТИНА;;;;;;;;;;;;;;;;;;;;;;;;;Output;CC_CCB_1;ESD_932_1;89
DO;93LI801_TF;;COM;930-20;A_C93021;TRANSM. FAIL;No;ИСТИНА;ЛОЖЬ;;524;;;;;;;0;;;;970;ИСТИНА;37717;None;;;;;;0=FAIL;;;;;;;Undefined;491;3428;;;;;;;;;;ЛОЖЬ;;;;;;;;;;;;;;;;;;Output;EPKS_CCB;ESD_932_1;570;;;;;;;;
M;686_170_1;;;;;93FT855;;ЛОЖЬ;ЛОЖЬ;;170;;;;;;;0;;;;1242;ЛОЖЬ;0;;;;;;;1=MO CONFIRMED;;;;;;;Undefined;491;3428;;;;;;;;;;ЛОЖЬ;;;;;;;;;;;;;;;;;;;;;;;;;;;;;
M;2350_2;;;;;;;ЛОЖЬ;ЛОЖЬ;;2350;;;;;;;0;;;;233;ЛОЖЬ;0;;;;;;;;;;;;;;Undefined;491;3428;;;;;;;;;;ЛОЖЬ;;;;;;;;;;;;;;;;;;;;;;;;;;;;;
M;298_4;;;;;;;ЛОЖЬ;ЛОЖЬ;;298;;;;;;;0;;;;500;ЛОЖЬ;0;;;;;;;;;;;;;;Undefined;491;3428;;;;;;;;;;ЛОЖЬ;;;;;;;;;;;;;;;;;;;;;;;;;;;;;
AI;93PI477;;FLD;930-20;A_93020;TORCH GAS TO B-9302002C;Yes;ИСТИНА;ЛОЖЬ;;242;ИСТИНА;Float;4-20mA;0;60;kPA-g;;;;;296;ЛОЖЬ;37941;;None;None;None;None;;;;-15;-15;;;;-XXXXX.X;3.64;22;;20.04;5;7;1;Top scale;;;;ЛОЖЬ;;ЛОЖЬ;;;;;;;;;;;;;;;;Output;EPKS_CCB;ESD_932_1;10112;;;;;;;;
M;C1053_1_K;;;;;Function block marker;;ЛОЖЬ;ЛОЖЬ;;1053;;;;;;;0;;;;2614;ЛОЖЬ;0;;;;;;;;;;;;;;Undefined;;;;;;;;;;;;ЛОЖЬ;ИСТИНА;;;;;;;;;;;;;;;;;;;;;;;;;;;;
DI;93TI937_MOR;;COM;930-20;A_C93021;MO REQUEST;No;ИСТИНА;ИСТИНА;;726;;;;;;;0;;;;2972;ЛОЖЬ;37719;None;;;;;;1=REQUEST;;;;;;;Undefined;491;3428;;;;;;Freeze;;;;ЛОЖЬ;;;;ЛОЖЬ;;;;;;;;;;;;;;Input;EPKS_CCB;ESD_932_1;141;;;;;;;;
DO;93PI884_MOC;;COM;930-20;A_C93021;MO CONFIRMED;No;ИСТИНА;ЛОЖЬ;;704;;;;;;;0;;;;1311;ИСТИНА;37720;None;;;;;;1=CONFIRMED;;;;;;;Undefined;491;3428;;;;;;;;;;ЛОЖЬ;;;;;;;;;;;;;;;;;;Output;EPKS_CCB;ESD_932_1;699;;;;;;;;
DO;93FALL023;;COM;930-20;A_93020;HYDROGEN-CONTAINING GAS;No;ИСТИНА;ЛОЖЬ;;316;;;;;;;0;;;;1730;ИСТИНА;37889;None;;;;;;0=TRIP;;;;;;;Undefined;491;3428;;;;;;;;;;ЛОЖЬ;;;;;;;;;;;;;;;;;;Output;EPKS_CCB;ESD_932_1;873;;;;;;;;
BO;93TI803_HH;;COM;930-20;A_C93021;HH TRIP SETPOINT (°C);No;ИСТИНА;ЛОЖЬ;;542;;Float;;;;;0;;;;424;;38166;;;;;;;;;0;0;;;;-XXXXX.X;491;3428;;;;;;;;;;ЛОЖЬ;;;;;;;;;;;;;;;;;;Output;EPKS_CCB;ESD_932_1;10258;;;;;;;;
M;C1031_2_I;;;;;Function block marker;;ЛОЖЬ;ЛОЖЬ;;1031;;;;;;;0;;;;3710;ЛОЖЬ;0;;;;;;;;;;;;;;Undefined;;;;;;;;;;;;ЛОЖЬ;ИСТИНА;;;;;;;;;;;;;;;;;;;;;;;;;;;;
AI;93TI859;;FLD;930-20;A_C93021;C9302001CX COOL H2O CYL2;Yes;ИСТИНА;ЛОЖЬ;;712;ИСТИНА;Float;4-20mA;-50;100;°C;;;;;316;ЛОЖЬ;37862;;None;None;None;None;;;;-87.5;-87.5;;;;-XXXXX.X;3.76;21;;20.04;5;12;1;Bottom scale;;;;ЛОЖЬ;;ЛОЖЬ;;;;;;;;;;;;;;;;Output;EPKS_CCB;ESD_932_1;10155;;;;;;;;
M;C712_5_G;;;;;Function block marker;;ЛОЖЬ;ЛОЖЬ;;712;;;;;;;0;;;;4276;ЛОЖЬ;0;;;;;;;;;;;;;;Undefined;;;;;;;;;;;;ЛОЖЬ;ИСТИНА;;;;;;;;;;;;;;;;;;;;;;;;;;;;
DI;00XS932E01P02;;CAB;930-20;S_B93_2;IB-93-2 ESD-01 ALARM PS 02;Yes;ИСТИНА;ЛОЖЬ;;18;;;;;;;;;;;9;ИСТИНА;37722;None;;;;;;0=ALARM;;;;;;;Undefined;491;3428;;20.03;1;2;1;Low;;;;ЛОЖЬ;;;;ЛОЖЬ;;;;;;;;;;;;;;Output;EPKS_CCB;ESD_932_1;949;;;;;;;;
M;696_4;;;;;;;ЛОЖЬ;ЛОЖЬ;;696;;;;;;;0;;;;4151;ЛОЖЬ;0;;;;;;;;;;;;;;Undefined;;;;;;;;;;;;ЛОЖЬ;ИСТИНА;;;;;;;;;;;;;;;;;;;;;;;;;;;;
M;C404_5_F;;;;;Function block marker;;ЛОЖЬ;ЛОЖЬ;;404;;;;;;;0;;;;4524;ЛОЖЬ;0;;;;;;;;;;;;;;Undefined;;;;;;;;;;;;ЛОЖЬ;ИСТИНА;;;;;;;;;;;;;;;;;;;;;;;;;;;;
DO;93PALL877A_CA;;COM;;;CAUSE ALARM;No;ЛОЖЬ;ЛОЖЬ;;702;;;;;;;0;;;;3366;ЛОЖЬ;0;None;;;;;;0=ALARM;0=ALARM;;;;;;Undefined;;;;;;;;;;;;ЛОЖЬ;ИСТИНА;;;;;;;;;;;;;;;;;Output;EPKS_CCB;ESD_932_1;1261;;;;;;;;
M;726_174_1;;;;;93TT937;;ЛОЖЬ;ЛОЖЬ;;174;;;;;;;0;;;;1355;ЛОЖЬ;0;;;;;;;1=MO CONFIRMED;;;;;;;Undefined;491;3428;;;;;;;;;;ЛОЖЬ;;;;;;;;;;;;;;;;;;;;;;;;;;;;;
M;448_1;;;;;;;ЛОЖЬ;ЛОЖЬ;;448;;;;;;;0;;;;89;ЛОЖЬ;0;;;;;;;;;;;;;;Undefined;;;;;;;;;;;;ЛОЖЬ;ИСТИНА;;;;;;;;;;;;;;;;;;;;;;;;;;;;
DO;93FALL901;;COM;930-20;A_C93021;C9302001 COOL H2O RTN;No;ИСТИНА;ЛОЖЬ;;400;;;;;;;0;;;;884;ИСТИНА;37723;None;;;;;;0=TRIP;;;;;;;Undefined;491;3428;;;;;;;;;;ЛОЖЬ;;;;;;;;;;;;;;;;;;Output;EPKS_CCB;ESD_932_1;441;;;;;;;;
AI;VM 20.03/13/17;;SYS;;;;Yes;ЛОЖЬ;;;0;ИСТИНА;Float;0-5V (VM);0;100;;;;;;64;ЛОЖЬ;0;;None;None;None;None;;;;;;;;;-XXXXX.X;2.5;3.9;;20.03;13;17;1;Scan;;;;ЛОЖЬ;;;;;;;;;;;;;;;;;;;;;;;;;;;;;
M;C398_2_D;;;;;Function block marker;;ЛОЖЬ;ЛОЖЬ;;398;;;;;;;0;;;;4535;ЛОЖЬ;0;;;;;;;;;;;;;;Undefined;;;;;;;;;;;;ЛОЖЬ;ИСТИНА;;;;;;;;;;;;;;;;;;;;;;;;;;;;
DO;93HS551B_FU_C;;COM;930-20;A_C93020;STOP BTN 2LCSA3;No;ИСТИНА;ЛОЖЬ;;1053;;;;;;;0;;;;2576;ЛОЖЬ;38298;None;;;;;;1=FIRST;;;;;;;Undefined;;;;;;;;;;;;ЛОЖЬ;ИСТИНА;;;;;;;;;;;;;;;;;Output;EPKS_CCB;ESD_932_1;1139;;;;;;;;
M;730_2;;;;;;;ЛОЖЬ;ЛОЖЬ;;730;;;;;;;0;;;;1552;ЛОЖЬ;0;;;;;;;;;;;;;;Undefined;491;3428;;;;;;;;;;ЛОЖЬ;;;;;;;;;;;;;;;;;;;;;;;;;;;;;
M;C1029_1_L;;;;;Function block marker;;ЛОЖЬ;ЛОЖЬ;;1029;;;;;;;0;;;;2393;ЛОЖЬ;0;;;;;;;;;;;;;;Undefined;;;;;;;;;;;;ЛОЖЬ;ИСТИНА;;;;;;;;;;;;;;;;;;;;;;;;;;;;
M;C699_3_E;;;;;Function block marker;;ЛОЖЬ;ЛОЖЬ;;699;;;;;;;0;;;;4321;ЛОЖЬ;0;;;;;;;;;;;;;;Undefined;;;;;;;;;;;;ЛОЖЬ;ИСТИНА;;;;;;;;;;;;;;;;;;;;;;;;;;;;
DO;93XY461;;MCC;930-20;A_C93021;AUTO OPENING 93XV461;Yes;ИСТИНА;ЛОЖЬ;;448;;;;;;;0;;;;104;ЛОЖЬ;37724;None;;;;;;1=OPEN;;;;;;;Undefined;491;3428;;20.06;3;1;1;Appl;;;;ЛОЖЬ;;;;;;;;;;;;;;;;;;;;;;;;;;;;;
M;264_7;;;;;;;ЛОЖЬ;ЛОЖЬ;;264;;;;;;;0;;;;3796;ЛОЖЬ;0;;;;;;;;;;;;;;Undefined;;;;;;;;;;;;ЛОЖЬ;ИСТИНА;;;;;;;;;;;;;;;;;;;;;;;;;;;;
DO;93TAHH483A_CA;;COM;930-20;A_93020;CAUSE ALARM;No;ИСТИНА;ЛОЖЬ;;232;;;;;;;0;;;;3764;ЛОЖЬ;38446;None;;;;;;0=ALARM;0=ALARM;;;;;;Undefined;;;;;;;;;;;;ЛОЖЬ;ИСТИНА;;;;;;;;;;;;;;;;;Output;EPKS_CCB;ESD_932_1;1322;;;;;;;;
M;700_7;;;;;;;ЛОЖЬ;ЛОЖЬ;;700;;;;;;;0;;;;4161;ЛОЖЬ;0;;;;;;;;;;;;;;Undefined;;;;;;;;;;;;ЛОЖЬ;ИСТИНА;;;;;;;;;;;;;;;;;;;;;;;;;;;;
T;710_3;;;;;;;ЛОЖЬ;ЛОЖЬ;;710;;;;;;;;100 ms;5;;1420;ЛОЖЬ;0;;;;;;;;;;;;;;Undefined;;;Delayed OFF with constant timer value;;;;;;;;;ЛОЖЬ;ИСТИНА;;;;;;;;;;;;;;;;;;;;;;;;;;;;
DO;93PAH818;;COM;;;HI ALARM;No;ЛОЖЬ;ЛОЖЬ;;534;;;;;;;0;;;;2811;ЛОЖЬ;0;None;;;;;;0=ALARM;0=ALARM;;;;;;Undefined;;;;;;;;;;;;ЛОЖЬ;ИСТИНА;;;;;;;;;;;;;;;;;Output;EPKS_CCB;ESD_932_1;1407;;;;;;;;
M;374_3;;;;;;;ЛОЖЬ;ЛОЖЬ;;374;;;;;;;0;;;;725;ЛОЖЬ;0;;;;;;;;;;;;;;Undefined;491;3428;;;;;;;;;;ЛОЖЬ;;;;;;;;;;;;;;;;;;;;;;;;;;;;;
DO;93FALL028A_CA;;COM;930-20;A_93020;CAUSE ALARM;No;ИСТИНА;ЛОЖЬ;;320;;;;;;;0;;;;3254;ЛОЖЬ;37078;None;;;;;;0=ALARM;;;;;;;Undefined;;;;;;;;;;;;ЛОЖЬ;ИСТИНА;;;;;;;;;;;;;;;;;Output;EPKS_CCB;ESD_932_1;1193;;;;;;;;
DI;93VSHH851_MOR;;COM;930-20;A_C93021;MO REQUEST;No;ЛОЖЬ;ИСТИНА;;728;;;;;;;0;;;;2861;ЛОЖЬ;0;None;;;;;;1=REQUEST;1=REQUEST;;;;;;Undefined;;;;;;;;Freeze;;;;ЛОЖЬ;ИСТИНА;;;ЛОЖЬ;View only;;;;;;;;;;;;;Input;EPKS_CCB;ESD_932_1;25;;;;;;;;
DO;93TAHH937;;COM;930-20;A_C93021;C9302001CX MAIN BEAR DE;No;ИСТИНА;ЛОЖЬ;;726;;;;;;;0;;;;1500;ИСТИНА;37725;None;;;;;;0=TRIP;;;;;;;Undefined;491;3428;;;;;;;;;;ЛОЖЬ;;;;;;;;;;;;;;;;;;Output;EPKS_CCB;ESD_932_1;775;;;;;;;;
BO;93TI802_L;;COM;;;LO ALARM SETPOINT;No;ЛОЖЬ;ЛОЖЬ;;543;;Float;;;;;0;;;;892;;0;;None;None;None;None;;;;;;;;;-XXXXX.X;;;;;;;;;;;;ЛОЖЬ;ИСТИНА;;;;;;;;;;;;;;;;;Output;EPKS_CCB;ESD_932_1;10420;;;;;;;;
M;535_1023_2;;;;;93PALL819_I;;ЛОЖЬ;ЛОЖЬ;;1023;;;;;;;0;;;;4054;ЛОЖЬ;0;;;;;;;0=TRIP INITIATOR;;;;;;;Undefined;;;;;;;;;;;;ЛОЖЬ;ИСТИНА;;;;;;;;;;;;;;;;;;;;;;;;;;;;
M;154_156_1;;;;;MOS AREA 930-20;;ЛОЖЬ;ЛОЖЬ;;156;;;;;;;0;;;;2828;ЛОЖЬ;0;;;;;;;1=ACTIVE;;;;;;;Undefined;491;3428;;;;;;;;;;ЛОЖЬ;;;;;;;;;;;;;;;;;;;;;;;;;;;;;
M;C354_5_F;;;;;Function block marker;;ЛОЖЬ;ЛОЖЬ;;354;;;;;;;0;;;;4655;ЛОЖЬ;0;;;;;;;;;;;;;;Undefined;;;;;;;;;;;;ЛОЖЬ;ИСТИНА;;;;;;;;;;;;;;;;;;;;;;;;;;;;
DO;93LI435_TF;;COM;930-20;A_93020;TRANSM. FAIL;No;ЛОЖЬ;ЛОЖЬ;;288;;;;;;;0;;;;3762;ИСТИНА;38445;None;;;;;;0=ALARM;0=ALARM;;;;;;Undefined;;;;;;;;;;;;ЛОЖЬ;ИСТИНА;;;;;;;;;;;;;;;;;Output;EPKS_CCB;ESD_932_1;1315;;;;;;;;
DI;93HS770;;LCP;930-20;A_C93021;C-9302001 EMERGENCY STOP;Yes;ИСТИНА;ЛОЖЬ;;430;;;;;;;;;;;72;ИСТИНА;37726;None;;;;;;0=STOP;;;;;;;Undefined;491;3428;;20.03;9;1;1;Low;;;;ЛОЖЬ;;;;ЛОЖЬ;;;;;;;;;;;;;;Output;EPKS_CCB;ESD_932_1;970;;;;;;;;
M;C648_1_D;;;;;Function block marker;;ЛОЖЬ;ЛОЖЬ;;648;;;;;;;0;;;;1223;ЛОЖЬ;0;;;;;;;;;;;;;;Undefined;491;3428;;;;;;;;;;ЛОЖЬ;;;;;;;;;;;;;;;;;;;;;;;;;;;;;
M;C378_6_E;;;;;Function block marker;;ЛОЖЬ;ЛОЖЬ;;378;;;;;;;0;;;;4584;ЛОЖЬ;0;;;;;;;;;;;;;;Undefined;;;;;;;;;;;;ЛОЖЬ;ИСТИНА;;;;;;;;;;;;;;;;;;;;;;;;;;;;
M;C634_1_D;;;;;Function block marker;;ЛОЖЬ;ЛОЖЬ;;634;;;;;;;0;;;;1486;ЛОЖЬ;0;;;;;;;;;;;;;;Undefined;491;3428;;;;;;;;;;ЛОЖЬ;;;;;;;;;;;;;;;;;;;;;;;;;;;;;
M;1023_1;;;;;;;ЛОЖЬ;ЛОЖЬ;;1023;;;;;;;0;;;;2233;ЛОЖЬ;0;;;;;;;;;;;;;;Undefined;;;;;;;;;;;;ЛОЖЬ;ИСТИНА;;;;;;;;;;;;;;;;;;;;;;;;;;;;
M;C702_10_G;;;;;Function block marker;;ЛОЖЬ;ЛОЖЬ;;702;;;;;;;0;;;;4306;ЛОЖЬ;0;;;;;;;;;;;;;;Undefined;;;;;;;;;;;;ЛОЖЬ;ИСТИНА;;;;;;;;;;;;;;;;;;;;;;;;;;;;
M;C694_6_E;;;;;Function block marker;;ЛОЖЬ;ЛОЖЬ;;694;;;;;;;0;;;;4342;ЛОЖЬ;0;;;;;;;;;;;;;;Undefined;;;;;;;;;;;;ЛОЖЬ;ИСТИНА;;;;;;;;;;;;;;;;;;;;;;;;;;;;
AI;93PDI831;;FLD;930-20;A_C93021;C9302001BX PROC GAS CYL2;Yes;ИСТИНА;ЛОЖЬ;;530;ИСТИНА;Float;4-20mA;0;1;MPa;;;;;444;ЛОЖЬ;37753;;None;None;None;None;;;;-0.25;-0.25;;;;-XXXXX.X;3.64;22;;20.04;9;10;1;Bottom scale;;;;ЛОЖЬ;;ЛОЖЬ;;;;;;;;;;;;;;;;Output;EPKS_CCB;ESD_932_1;10105;;;;;;;;
T;268_8;;;;;;;ЛОЖЬ;ЛОЖЬ;;268;;;;;;;;100 ms;10;;1188;ЛОЖЬ;0;;;;;;;;;;;;;;Undefined;;;Delayed OFF with constant timer value;;;;;;;;;ЛОЖЬ;ИСТИНА;;;;;;;;;;;;;;;;;;;;;;;;;;;;
M;1033_3;;;;;;;ЛОЖЬ;ЛОЖЬ;;1033;;;;;;;0;;;;2265;ЛОЖЬ;0;;;;;;;;;;;;;;Undefined;;;;;;;;;;;;ЛОЖЬ;ИСТИНА;;;;;;;;;;;;;;;;;;;;;;;;;;;;
M;C252_5_B;;;;;Function block marker;;ЛОЖЬ;ЛОЖЬ;;252;;;;;;;0;;;;3901;ЛОЖЬ;0;;;;;;;;;;;;;;Undefined;;;;;;;;;;;;ЛОЖЬ;ИСТИНА;;;;;;;;;;;;;;;;;;;;;;;;;;;;
DO;93TI818_TF;;COM;930-20;A_C93021;TRANSM. FAIL;No;ИСТИНА;ЛОЖЬ;;556;;;;;;;0;;;;1057;ИСТИНА;37728;None;;;;;;0=FAIL;;;;;;;Undefined;491;3428;;;;;;;;;;ЛОЖЬ;;;;;;;;;;;;;;;;;;Output;EPKS_CCB;ESD_932_1;822;;;;;;;;
