ED#Точка;ED#Alt;TypeDV#Тип;ST#Описание;LE,Objects#Модель;LS,Type#ТипМодели;Points#ACS;ED#Формула;ST#EngUnit;
101_11_AI04.10TI142.10TT142.PV;;AI;ОСТАТОК ВИСБРЕКИНГА В УЗЕЛ ТОП. МАЗУТА;;;;;;
101_11_AI04.10TI139.10TT139.PV;;AI;ВАКУУМЫЙ ОСТАТОК НА ВИСБРЕКИНГ;;;;;;
101_11_AI04.10FC116.10FT116.PV;;AI;РАСХОД ПРОМЫВ. МАСЛА ОТ Р-1003A/S В КОТ. ТОПЛИВО;;;;;;
101_11_AI04.10TI287C.10TT287C.PV;;AI;Т ВОЗДУХА НА ОХЛ. А-1040C;;;;;;
101_11_AI04.10TI216.10TT216.PV;;AI;Т ПРОМЫВНАЯ Ж-ТЬ НА УСТАНОВКУ;;;;;;
101_11_AI04.10PI252.10PT252.PV;;AI;Р ОТКАЧКИ ИЗ V-1042C;;;;;;
101_11_AI04.10PI153.10PT153.PV;;AI;Р ПРОМЫВНОЙ Ж-ТИ НА УСТАНОВКУ;;;;;;
101_11_AI04.10TI288D.10TT288D.PV;;AI;Т ВОЗДУХА НА ОХЛ. А-1040D;;;;;;
101_11_AI04.10TI288C.10TT288C.PV;;AI;Т ВОЗДУХА НА ОХЛ. А-1040D;;;;;;
101_11_AI04.10TI288B.10TT288B.PV;;AI;Т ВОЗДУХА НА ОХЛ. А-1040D;;;;;;
101_11_AI04.10TI288A.10TT288A.PV;;AI;Т ВОЗДУХА НА ОХЛ. А-1040D;;;;;;
101_11_AI04.10TI287D.10TT287D.PV;;AI;Т ВОЗДУХА НА ОХЛ. А-1040C;;;;;;
101_11_AI04.10TI287B.10TT287B.PV;;AI;Т ВОЗДУХА НА ОХЛ. А-1040C;;;;;;
101_11_AI04.10TI287A.10TT287A.PV;;AI;Т ВОЗДУХА НА ОХЛ. А-1040C;;;;;;
101_11_AI03.10FC060.10FT060.PV;;AI;УТЯЖ.ДИЗЕЛЬН.ФРАКЦ. НА УСТАНОВКУ;;;;;;
101_11_AI03.10LI042.10LT042.PV;;AI;V-1042C УРОВЕНЬ;;;;;;
101_11_AI03.10PI140.10PT140.PV;;AI;Р ЖИДКОГО ТОПЛИВА ПЕЧЕЙ ОБРАТНОГО;;;;;;
101_11_AI03.10TI205.10TT205.PV;;AI;Т ЖИДКОЕ ТОПЛИВО ПЕЧЕЙ ОБРАТНОЕ;;;;;;
101_11_AI03.10PI139.10PT139.PV;;AI;Р ЖИДКОГО ТОПЛИВА ПЕЧЕЙ ПРЯМОГО;;;;;;
101_11_AI03.10TI204.10TT204.PV;;AI;Т ЖИДКОЕ ТОПЛИВО ПЕЧЕЙ ПРЯМОЕ;;;;;;
101_11_AI03.10TC162.10TT162.PV;;AI;ТОП. МАЗУТА ИЗ Е-1030 В Ц.№47;;;;;;
101_11_AI03.10TI286C.10TT286C.PV;;AI;Т ВОЗДУХА НА ОХЛ. А-1040B;;;;;;
101_11_AI03.10TI286B.10TT286B.PV;;AI;Т ВОЗДУХА НА ОХЛ. А-1040B;;;;;;
101_11_AI03.10TI286A.10TT286A.PV;;AI;Т ВОЗДУХА НА ОХЛ. А-1040B;;;;;;
101_11_AI03.10TI289D.10TT289D.PV;;AI;Т ВОЗДУХА НА ОХЛ. А-1040E;;;;;;
101_11_AI03.10TI289C.10TT289C.PV;;AI;Т ВОЗДУХА НА ОХЛ. А-1040E;;;;;;
101_11_AI03.10TI289B.10TT289B.PV;;AI;Т ВОЗДУХА НА ОХЛ. А-1040E;;;;;;
101_11_AI03.10TI289A.10TT289A.PV;;AI;Т ВОЗДУХА НА ОХЛ. А-1040E;;;;;;
101_11_AI03.10TI286D.10TT286D.PV;;AI;Т ВОЗДУХА НА ОХЛ. А-1040B;;;;;;
101_11_AI01.10TI241C.10TT241C.PV;;AI;Т ВОЗДУХА НА ОХЛ. А-1040A;;;;;;
101_11_AI01.10TI290C.10TT290C.PV;;AI;Т ВОЗДУХА НА ОХЛ. А-1040F;;;;;;
101_11_AI01.10TI241D.10TT241D.PV;;AI;Т ВОЗДУХА НА ОХЛ. А-1040A;;;;;;
101_11_AI01.10TC066.10TT066.PV;;AI;ВАК.ОСТ. ИЗ Е-1005 И Е-1015 НА ВИСБРЕКИНГ;;;;;;
101_11_AI01.10TI241A.10TT241A.PV;;AI;Т ВОЗДУХА НА ОХЛ. А-1040A;;;;;;
101_11_AI01.10LI007B.10LT007B.PV;;AI;Е-1018 УРОВЕНЬ ПИТАТ. ВОДЫ;;;;;;
101_11_AI01.20XC473.20LY060B.PV;;AI;ЗАДАНИЕ РЕГУЛ-РУ 10PC091 ОТ УРОВНЯ В V-2002;;;;;;
101_11_AI01.20XC474.20HY472.PV;;AI;Уставка с секции 2000;;;;;;
101_11_AI01.10TI290B.10TT290B.PV;;AI;Т ВОЗДУХА НА ОХЛ. А-1040F;;;;;;
101_11_AI01.10TI241B.10TT241B.PV;;AI;Т ВОЗДУХА НА ОХЛ. А-1040A;;;;;;
101_11_AI01.10LI006A.10LT006A.PV;;AI;Е-1008 УРОВЕНЬ ПИТАТ. ВОДЫ;;;;;;
101_11_AI01.10FC021.10FT021.PV;;AI;ПОДОГРЕТАЯ ПИТАТ. ВОДА В Е-1008;;;;;;
101_11_AI01.10TI290D.10TT290D.PV;;AI;Т ВОЗДУХА НА ОХЛ. А-1040F;;;;;;
101_11_AI01.10TI290A.10TT290A.PV;;AI;Т ВОЗДУХА НА ОХЛ. А-1040F;;;;;;
101_11_AI02.10FQ001B.10FT001B.PV;;AI;АТМОСФЕРНЫЙ ОСТАТОК НА УСТАНОВКУ;;;;;;
101_11_AI02.10FI067.10FT067.PV;;AI;Н/ПР НЕКОНД. ОТ Р-1008А/S В ПАРК(Е-704 И Е-705);;;;;;
101_11_AI02.10PI203.10PT203.PV;;AI;Р ПАРА СД В/ИЗ СЕК. 1000;;;;;;
101_11_AI02.10FI115.10FT115.PV;;AI;ПАР СД ИЗ СЕКЦИИ 1000;;;;;;
101_11_AI02.10PI001.10PT001.PV;;AI;Атмосферный остаток на установку;;;;;;
101_11_AI02.10PI201.10PT201.PV;;AI;Р ПАРА НД В/ИЗ СЕК. 1000;;;;;;
101_11_AI02.10LI007A.10LT007A.PV;;AI;Е-1018 УРОВЕНЬ ПИТАТ. ВОДЫ;;;;;;
101_11_AI02.10FC022.10FT022.PV;;AI;ПОДОГРЕТАЯ ПИТАТ. ВОДА В Е-1018;;;;;;
101_11_AI02.10LI006B.10LT006B.PV;;AI;Е-1008 УРОВЕНЬ ПИТАТ. ВОДЫ;;;;;;
101_11_AI02.10TI001.10TT001.PV;;AI;Т АТМОСФЕРНЫЙ ОСТАТОК НА УСТАНОВКУ;;;;;;
101_11_AI02.10FQ062.10FT062.PV;;AI;МАЗУТ ТОПОЧНЫЙ С УСТАНОВКИ;;;;;;
101_11_AI02.10FQ001A.10FT001A.PV;;AI;АТМОСФЕРНЫЙ ОСТАТОК НА УСТАНОВКУ;;;;;;
101_11_AI02.10TI248.10TT248.PV;;AI;Т ПАР НД В/ИЗ УСТАНОВКУ;;;;;;
101_11_AI02.10TI249.10TT249.PV;;AI;Т ПАР СД В/ИЗ УСТАНОВКУ;;;;;;
101_11_AI02.10PI227.10PT227.PV;;AI;Р ОБОРОТНАЯ ВОДА  1 СИСТЕМЫ ПРЯМАЯ;;;;;;
101_11_AI02.10TI270.10TT270.PV;;AI;Т ОБОРОТНАЯ ВОДА 1 СИСТЕМЫ ПРЯМАЯ;;;;;;
101_11_AI12.10PC165.10PT165.PV;;AI;ДАВ-Е АНТИФРИЗ ОТ Р-1045Х В Е-1039Е;;;;;;
101_11_AI12.10LC034.10LT034.PV;;AI;V-1044 УРОВЕНЬ ПРОМЫВНОЙ Ж-ТИ;;;;;;
101_11_AI12.10TC218.10TT218.PV;;AI;Т ПРОМЫВ. Ж-ТИ ИЗ Е-1040(ОБОРУД.);;;;;;
101_11_AI12.10PI249.10PT249.PV;;AI;Р ОТКАЧКИ ИЗ V-1042A;;;;;;
101_11_AI12.10LI039.10LT039.PV;;AI;V-1042A УРОВЕНЬ;;;;;;
101_11_AI12.10LI051.10LT051.PV;;AI;V-1030 УРОВЕНЬ КОНДЕНСАТА;;;;;;
101_11_AI12.10FI059.10FT059.PV;;AI;ОСТАТОК ВИСБРЕКИНГА В Е-1028А/В;;;;;;
101_11_AI12.10LI048A.10LT048A.PV;;AI;V-1009 УРОВЕНЬ ПИТ. ВОДЫ;;;;;;
101_11_AI12.10FI104.10FT104.PV;;AI;ВОД. ПАР СД  ИЗ V-1009 В ПАРОПЕРЕГРЕВАТЕЛИ Н-1001А/В;;;;;;
101_11_AI12.10PC184.10PT184.PV;;AI;ДАВЛЕНИЕ В V-1040 ;;;;;;
101_11_AI12.10FI023.10FT023.PV;;AI;Вод. пар сред. давления из Е-1008;;;;;;
101_11_AI12.10FI024.10FT024.PV;;AI;Вод. пар сред. давления из Е-1018;;;;;;
101_11_AI12.10FC018.10FT018.PV;;AI;ТВГ В Е-1004A/B и Е-1014A/B;;;;;;
101_11_AI12.10TC016.10TT016.PV;;AI;ЛВГ ИЗ Е-1001 И Е-1011 К Р-1010A/S;;;;;;
101_11_AI12.10PC164.10PT164.PV;;AI;ДАВЛЕНИЕ В V-1045 (АНТИФРИЗ);;;;;;
101_11_AI12.10FC006.10FT006.PV;;AI;ЛВГ В Е-1023А/В;;;;;;
101_11_AI15.10TI301.10TT301.PV;;AI;V-1047 Т-РА ИНГИБИТОРА КОКСООБРАЗОВАНИЯ;;;;;;
101_11_AI15.10PI018A.10PT018A.PV;;AI;Атмосф. остаток в Е-1003, 1013;;;;;;
101_11_AI15.10PI253A.10PT253A.PV;;AI;Антифриз в  V-1045;;;;;;
101_11_AI15.10PI079A.10PT079A.PV;;AI;Р ГОЛОВНОГО ПОГОНА T-1001 В К-1001;;;;;;
101_11_AI15.10TC131.10TT131.PV;;AI;Т T-1001(СЛОЙ 4) ;;;;;;
101_11_AI15.10PI079L.10PT079L.PV;;AI;Р В КУБЕ T-1001 ЗОНА ОТПАРКИ;;;;;;
101_11_AI15.10PI079K.10PT079K.PV;;AI;Р В T-1001 СЕКЦИЯ ЗОНЫ ИСПАРЕНИЯ;;;;;;
101_11_AI15.10PI079B.10PT079B.PV;;AI;Р ВЕРХА T-1001;;;;;;
101_11_AI15.10PI079F.10PT079F.PV;;AI;Р В T-1001 СЕКЦИЯ ТВГ;;;;;;
101_11_AI15.10PI079E.10PT079E.PV;;AI;Р В T-1001 СЕКЦИЯ ФРАКЦИОНИРОВАНИЯ ЛВГ;;;;;;
101_11_AI15.10PI079D.10PT079D.PV;;AI;Р В T-1001 СЕКЦИЯ ЛВГ;;;;;;
101_11_AI15.10PI079C.10PT079C.PV;;AI;Р В T-1001 СЕКЦИЯ ВЦО;;;;;;
101_11_AI15.10PI079G.10PT079G.PV;;AI;Р В T-1001 СЕКЦИЯ ВЕРХНЕЙ ПРОМЫВКИ;;;;;;
101_11_AI15.10PI079H.10PT079H.PV;;AI;Р В T-1001 СЕКЦИЯ НИЖНЕЙ ПРОМЫВКИ;;;;;;
101_11_AI15.10LI014B.10LT014B.PV;;AI;КУБ T-1001 УРОВЕНЬ (ВО);;;;;;
101_11_AI13.10LI051A.10LT051A.PV;;AI;V-1030 УРОВЕНЬ КОНДЕНСАТА;;;;;;
101_11_AI13.10LI037A.10LT037A.PV;;AI;V-1045 УРОВЕНЬ ОХЛАЖД. ЖИДК;;;;;;
101_11_AI13.10PC297.10PT297.PV;;AI;ДАВЛЕНИЕ ИНГИБИТОРА КОКСООБРАЗ.;;;;;;
101_11_AI13.10LI014A.10LT014A.PV;;AI;КУБ T-1001 УРОВЕНЬ (ВО);;;;;;
101_11_AI13.10FC106.10FT106.PV;;AI;ЦИРКУЛЯЦИОННАЯ ВОДА В Е-1028A/B ОТ Р-1013A/S;;;;;;
101_11_AI13.10FC103.10FT103.PV;;AI;ПОДОГРЕТАЯ ПИТ. ВОДА В V-1009 ОТ Е-1029;;;;;;
101_11_AI13.10LI002A.10LT002A.PV;;AI;V-1001 УРОВЕНЬ АТМ. ОСТАТКА;;;;;;
101_11_AI13.10FC094.10FT094.PV;;AI;ЛВГ ОТ P-1010A/S;;;;;;
101_11_AI13.10PC016.10PT016.PV;;AI;V-1001 Сырьевая емкость;;;;;;
101_11_AI13.10TC110.10TT110.PV;;AI;Т ПРОМЫВ. Ж-ТИ ИЗ Е-1041(КИП);;;;;;
101_11_AI13.10FI107.10FT107.PV;;AI;Циркуляционная вода в Е-1028A,B;;;;;;
101_11_AI13.10PI253.10PT253.PV;;AI;Антифриз в  V-1045;;;;;;
101_11_AI13.10PI018.10PT018.PV;;AI;Атмосф. остаток в Е-1003, 1013;;;;;;
101_11_AI13.10TC266.10TT266.PV;;AI;Т ПАР НД ПОСЛЕ J-1005;;;;;;
101_11_AI13.10LI048B.10LT048B.PV;;AI;V-1009 УРОВЕНЬ ПИТ. ВОДЫ;;;;;;
101_11_AI13.10TC284.10TT284.PV;;AI;Т ПАР НД ПОСЛЕ J-1004;;;;;;
101_11_AI06.10TI019.10TT019.PV;;AI;ТВГО из Е-1012А/В;;;;;;
101_11_AI06.10TI026.10TT026.PV;;AI;Атмосферный остаток в Е-1014A,B;;;;;;
101_11_AI06.10TI011.10TT011.PV;;AI;Атмосферный остаток из Е-1012A/B;;;;;;
101_11_AI06.10FI005.10FT005.PV;;AI;ТВГ из Е-1012А/В;;;;;;
101_11_AI06.10TI015.10TT015.PV;;AI;ЛВГО из Е-1011;;;;;;
101_11_AI06.10FI003.10FT003.PV;;AI;ЛВГ из Е-1011;;;;;;
101_11_AI06.10TI007.10TT007.PV;;AI;Атмосферный остаток в Е-1012A/B;;;;;;
101_11_AI06.10TI054.10TT054.PV;;AI;Т АТМОС. ОСТАТОК ИЗ Е-1007A/B В Н-1001А;;;;;;
101_11_AI06.10TI050.10TT050.PV;;AI;Т АТМОС. ОСТАТОК ИЗ Е-1006C В Е-1007;;;;;;
101_11_AI06.10TI069.10TT069.PV;;AI;Т ТВГ В E-1008 ИЗ Е-1006А/В;;;;;;
101_11_AI06.10TI065.10TT065.PV;;AI;Т ВАК. ОСТ. ИЗ Е-1015 В Т-1001 И НА ВИСБРЕКИНГ;;;;;;
101_11_AI06.10FI026.10FT026.PV;;AI;ВАКУУМНЫЙ ОСТАТОК ИЗ Е-1015A/B;;;;;;
101_11_AI06.10TI043.10TT043.PV;;AI;ТВГО из Е-1014A,B;;;;;;
101_11_AI06.10TI047.10TT047.PV;;AI;Т АТМОС. ОСТАТОК ИЗ Е-1015A/B В Е-1016;;;;;;
101_11_AI06.10TI028.10TT028.PV;;AI;ЛВГО из Е-1013A/B;;;;;;
101_11_AI06.10TI034.10TT034.PV;;AI;Атмосферный остаток из Е-1014A,B;;;;;;
101_11_AI05.10TI116.10TT116.PV;;AI;ПРОМЫВ. МАСЛО ОТ Р-1003A/S В КОТ. ТОПЛИВО;;;;;;
101_11_AI05.10TI735A.10TT735A.PV;;AI;ЗАТВОРНАЯ ЖИДКОСТЬ ОТ Р-1002А;;;;;;
101_11_AI05.10TI746A.10TT746A.PV;;AI;ЗАТВОРНАЯ ЖИДКОСТЬ ОТ Р-1002S;;;;;;
101_11_AI05.10TI017.10TT017.PV;;AI;ТВГО из Е-1002А/В;;;;;;
101_11_AI05.10TI014.10TT014.PV;;AI;ЛВГО из Е-1001;;;;;;
101_11_AI05.10FI002.10FT002.PV;;AI;ЛВГ из Е-1001;;;;;;
101_11_AI05.10TI004.10TT004.PV;;AI;Атмосферный остаток из Е-1001;;;;;;
101_11_AI05.10TI064.10TT064.PV;;AI;Т ВАК. ОСТ. ИЗ Е-1005 В Т-1001 И НА ВИСБРЕКИНГ;;;;;;
101_11_AI05.10FI025.10FT025.PV;;AI;ВАКУУМНЫЙ ОСТАТОК ИЗ Е-1005A/B;;;;;;
101_11_AI05.10TI010.10TT010.PV;;AI;Атмосферный остаток из Е-1002A/B;;;;;;
101_11_AI05.10FI004.10FT004.PV;;AI;ТВГ из Е-1002А/В;;;;;;
101_11_AI05.10TI042.10TT042.PV;;AI;ТВГО из Е-1004A,B;;;;;;
101_11_AI05.10TI046.10TT046.PV;;AI;Т АТМОС. ОСТАТОК ИЗ Е-1005A/B В Е-1006;;;;;;
101_11_AI05.10TI027.10TT027.PV;;AI;ЛВГО из Е-1003A/B;;;;;;
101_11_AI05.10TI033.10TT033.PV;;AI;Атмосферный остаток из Е-1004A,B;;;;;;
101_11_AI05.10TI025.10TT025.PV;;AI;Атмосферный остаток в Е-1004A,B;;;;;;
101_11_AI07.10FI019.10FT019.PV;;AI;ТВГ из Е-1008;;;;;;
101_11_AI07.10PI092.10PT092.PV;;AI;ЛВГО на установку гидрокрекинга;;;;;;
101_11_AI07.10TI226.10TT226.PV;;AI;V-1042C Темные нефтепродукты;;;;;;
101_11_AI07.10PI093.10PT093.PV;;AI;TВГО на установку гидрокрекинга;;;;;;
101_11_AI07.10TI182.10TT182.PV;;AI;Т TВГО НА С.2000 ОТ Е-1002,1012;;;;;;
101_11_AI07.10FI020.10FT020.PV;;AI;ТВГ из Е-1018;;;;;;
101_11_AI07.10TI038.10TT038.PV;;AI;ТВГО из Е-1018;;;;;;
101_11_AI07.10PI034.10PT034.PV;;AI;Е-1018 Генератор пара сред. дав.;;;;;;
101_11_AI07.10TI061.10TT061.PV;;AI;Т ВАК. ОСТАТОК ИЗ Е-1017A/B В Е-1015;;;;;;
101_11_AI07.10TI055.10TT055.PV;;AI;Т АТМОС. ОСТАТОК ИЗ Е-1017A/B В Н-1001В;;;;;;
101_11_AI07.10TI070.10TT070.PV;;AI;Т ТВГ В E-1018 ИЗ Е-1016А/В;;;;;;
101_11_AI07.10TI051.10TT051.PV;;AI;Т АТМОС. ОСТАТОК ИЗ Е-1016C В Е-1017;;;;;;
101_11_AI07.10TI037.10TT037.PV;;AI;ТВГО из Е-1008;;;;;;
101_11_AI07.10PI033.10PT033.PV;;AI;Е-1008 Генератор пара сред. дав.;;;;;;
101_11_AI07.10TI181.10TT181.PV;;AI;Т ЛВГ НА С.2000 ОТ Р-1010A/S;;;;;;
101_11_AI07.10TI060.10TT060.PV;;AI;Т ВАК. ОСТАТОК ИЗ Е-1007A/B В Е-1005;;;;;;
101_11_AI08.10TI735B.10TT735B.PV;;AI;ЗАТВОРНАЯ ЖИДКОСТЬ ОТ Р-1002А;;;;;;
101_11_AI08.10TI746B.10TT746B.PV;;AI;ЗАТВОРНАЯ ЖИДКОСТЬ ОТ Р-1002S;;;;;;
101_11_AI08.10UIQ123.10UT123.PV;;AI;ПРОМТЕПЛОФИК. ВОДА НА УСТАНОВКУ;;;;;;
101_11_AI08.10UIQ121.10UT121.PV;;AI;ОБОРОТНАЯ ВОДА II СИСТЕМЫ ОБРАТНАЯ;;;;;;
101_11_AI08.10FI054.10FT054.PV;;AI;ОСТАТОК ВИСБРЕКИНГА В УЗЕЛ ТОП. МАЗУТА;;;;;;
101_11_AI08.10UIQ071.10UT071.PV;;AI;ТОПЛИВНЫЙ ГАЗ НА УСТАНОВКУ;;;;;;
101_11_AI08.10FI056.10FT056.PV;;AI;ВАКУУМЫЙ ОСТАТОК НА ВИСБРЕКИНГ;;;;;;
101_11_AI08.10UIQ055.10UT055.PV;;AI;РАЗБ-ЛЬ ИЗ СЕКЦИИ 2000 В УЗЕЛ ТОП. МАЗУТА;;;;;;
101_11_AI08.10UIQ076.10UT076.PV;;AI;ПИТАТЕЛЬНАЯ ВОДА НА УСТАНОВКУ;;;;;;
101_11_AI08.10UIQ111.10UT111.PV;;AI;ПИТАТЕЛЬНАЯ ВОДА БЕЗ ФОСФАТОВ НА УСТАНОВКУ;;;;;;
101_11_AI08.10UIQ012.10UT012.PV;;AI;АЗОТ НА УСТАНОВКУ;;;;;;
101_11_AI08.10UIQ010.10UT010.PV;;AI;ТЕХНОЛОГ. ВОЗДУХ  НА УСТАНОВКУ;;;;;;
101_11_AI08.10UIQ011.10UT011.PV;;AI;ВОЗДУХ КИП НА УСТАНОВКУ;;;;;;
101_11_AI08.10UIQ120.10UT120.PV;;AI;ОБОРОТНАЯ ВОДА I СИСТЕМЫ ОБРАТНАЯ;;;;;;
101_11_AI08.10UIQ122.10UT122.PV;;AI;ОТОПИТЕЛЬНАЯ ВОДА НА УСТАНОВКУ;;;;;;
101_11_AI08.10FQI083.10FT083.PV;;AI;РАСХОД ВАКУУМ ДИСТИЛЛЯТА ОТ P-1006A/S;;;;;;
101_11_AI14.10TC121.10TT121.PV;;AI;Т ВАК.ОСТ. ИЗ Т-1001 К Р-1002A/S;;;;;;
101_11_AI14.10FC008.10FT008.PV;;AI;АТМОСФЕРНЫЙ ОСТАТОК ИЗ Е-1012A/B;;;;;;
101_11_AI14.10FC007.10FT007.PV;;AI;АТМОСФЕРНЫЙ ОСТАТОК ИЗ Е-1002A/B;;;;;;
101_11_AI14.10TC129.10TT129.PV;;AI;Т СЕК. ЛВГ T-1001(СЛОЙ 2);;;;;;
101_11_AI14.10LI002B.10LT002B.PV;;AI;V-1001 УРОВЕНЬ АТМ. ОСТАТКА;;;;;;
101_11_AI14.10TI125.10TT125.PV;;AI;Верх T-1001 ;;;;;;
101_11_AI14.10LI014.10LT014.PV;;AI;КУБ T-1001 УРОВЕНЬ (ВО);;;;#=54.7;;
101_11_AI14.10LC013.10LT013.PV;;AI;T-1001 УРОВЕНЬ 4Я ГЛ. ТАРЕЛКА (ПРОМ.МАСЛО);;;;;;
101_11_AI14.10LC012.10LT012.PV;;AI;T-1001 УРОВЕНЬ 2Я ГЛ. ТАРЕЛКА (ЛВГ);;;;;;
101_11_AI14.10LC011.10LT011.PV;;AI;T-1001 УРОВЕНЬ 2Я ГЛ. ТАРЕЛКА (ЛВГ);;;;;;
101_11_AI14.10LC010.10LT010.PV;;AI;T-1001 УРОВЕНЬ 1Я ГЛ. ТАРЕЛКА (ВД);;;;;;
101_11_AI14.10PC077.10PT077.PV;;AI;T-1001 ДАВЛЕНИЕ;;;;;;
101_11_AI14.10FC047.10FT047.PV;;AI;ТВГ ОТ Р-1004A/S НА ОР. В T-1001 (5Й СЛОЙ);;;;;;
101_11_AI14.10FC043.10FT043.PV;;AI;ВД ИЗ Е-1024 НА ОР. В Т-1001(1Й СЛОЙ);;;;;;
101_11_AI14.10LC023.10LT023.PV;;AI;V-1002 УРОВЕНЬ НЕКОНДИЦИИ;;;;;;
101_11_AI14.10LC020.10LT020.PV;;AI;V-1002 УРОВЕНЬ КИСЛОЙ ВОДЫ;;;;;;
101_11_AI16.10TI152.10TT152.PV;;AI;Т ТОП. МАЗУТА ИЗ Е-1028А;;;;;;
101_11_AI16.10TI234.10TT234.PV;;AI;Конденсат из E-1035;;;;;;
101_11_AI16.10TI165.10TT165.PV;;AI;Т ТОП. МАЗУТА В Е-1030А/В ИЗ Е-1029;;;;;;
101_11_AI16.10TI164.10TT164.PV;;AI;Т ТОП. МАЗУТА ИЗ Е-1029А/В В Е-1030;;;;;;
101_11_AI16.10TI161.10TT161.PV;;AI;Т ТЕМПЕР. ВОДЫ ИЗ Е-1030A/В В А-1040;;;;;;
101_11_AI16.10TI157.10TT157.PV;;AI;Т ПИТАТ. ВОДА ИЗ Е-1029А/В В V-1009;;;;;;
101_11_AI16.10TI155.10TT155.PV;;AI;Т ТОП. МАЗУТА В Е-1029А/В;;;;;;
101_11_AI16.10TI153.10TT153.PV;;AI;Т ТОП. МАЗУТА ИЗ Е-1028В;;;;;;
101_11_AI16.10PI176.10PT176.PV;;AI;Паросборник ср.давления V-1009;;;;;;
101_11_AI16.10FI108.10FT108.PV;;AI;ПИТАТЕЛЬНАЯ ВОДА В V-1040 ИЗ КОЛЛЕКТОРА;;;;;;
101_11_AI16.10TI237.10TT237.PV;;AI;V-1040;;;;;;
101_11_AI16.10FI009.10FT009.PV;;AI;АТМ.ОСТ. БАЙПАС ОТ Р-1001A/В/S В H-1001A/B;;;;;;
101_11_AI16.10PI204.10PT204.PV;;AI;Р ВАК. ОСТ. ОТ Р-1002A/S В Е-1007 И Е-1017;;;;;;
101_11_AI16.10PI081.10PT081.PV;;AI;Р ТОПОЧНОГО МАЗУТА ИЗ Е-1029А/В;;;;;;
101_11_AI16.10PI024.10PT024.PV;;AI;Р ТВГ ИЗ E-1008 И Е-1018 В Т-1001 И Р-1009A/S;;;;;;
101_11_AI16.10PI043.10PT043.PV;;AI;Р УТЯЖ.ДИЗ.ФР. В Е-1029А/В, Е-1030А/В;;;;;;
101_11_AI17.10TI217.10TT217.PV;;AI;V-1044 Емкость промывной ж-ти;;;;;;
101_11_AI17.10TI158.10TT158.PV;;AI;Т В V-1002 (ОТБОР НА Р-1008A/S);;;;;;
101_11_AI17.10TI154.10TT154.PV;;AI;Т В V-1002 (ЗОНА ВВОДА ПАРОВ ИЗ Е-1027);;;;;;
101_11_AI17.10PI019.10PT019.PV;;AI;Р СЫРЬЯ ОТ Р-1001A/B/S В Е-1003 B E-1013;;;;;;
101_11_AI17.10TI024.10TT024.PV;;AI;V-1001 Сырьевая емкость;;;;;;
101_11_AI17.10PI017.10PT017.PV;;AI;Р ТОП.ГАЗА НА ФАКЕЛ ИЗ V-1001;;;;;;
101_11_AI17.10TI220.10TT220.PV;;AI;Антифриз в V-1045;;;;;;
101_11_AI17.10TI223.10TT223.PV;;AI;V-1042A Темные нефтепродукты;;;;;;
101_11_AI17.10LI053.10LT053.PV;;AI;V-1031 УРОВЕНЬ КОНДЕНСАТА;;;;;;
101_11_AI17.10FI064.10FT064.PV;;AI;ЦИРКУЛЯЦИОННАЯ ВОДА ОТ Р-1013А/S В Е-1028А;;;;;;
101_11_AI17.10FI065.10FT065.PV;;AI;ЦИРКУЛЯЦИОННАЯ ВОДА ОТ Р-1013А/S В Е-1028В;;;;;;
101_11_AI17.10FI066.10FT066.PV;;AI;КИСЛ. ВОДА НА ОТПАРКУ ОТ Р-1007А/S В С.5200;;;;;;
101_11_AI17.10PI094.10PT094.PV;;AI;V-1002 Емкость верхнего продукта;;;;;;
101_11_AI17.10FI050.10FT050.PV;;AI;ПРОМ. МАСЛО ОТ Р-1003А/S В T-1001(ЗОНУ ИСПАРЕНИЯ);;;;;;
101_11_AI17.10TI183.10TT183.PV;;AI;V-1002 (Зона раздела сред);;;;;;
101_11_AI18.10LI065.10LT065.PV;;AI;V-1047 УРОВЕНЬ ИНГИБИТОРА КОКСООБРАЗОВАНИЯ;;;;;;
101_11_AI18.10PDI080.10PDT080.PV;;AI;ПЕРЕПАД НА ВХОДЕ И ВЫХОДЕ ФИЛЬТРА S-1007;;;;;;
101_11_AI18.10LI025.10LT025.PV;;AI;V-1002 ИНДИКАТОР УРОВНЯ ;;;;;;
101_11_AI18.10TI128.10TT128.PV;;AI; T-1001 (Секция оросит.конденсац.);;;;;;
101_11_AI18.10PDI072.10PDT072.PV;;AI;ПЕРЕПАД Р ТВГ НА S-1002A/S;;;;;;
101_11_AI18.10TI123.10TT123.PV;;AI;Т ВАК. ДИСТИЛЛЯТА ИЗ Е-1024 В Т-1001;;;;;;
101_11_AI18.10TI135.10TT135.PV;;AI;T-1001 (Секция нижней промывки);;;;;;
101_11_AI18.10PDI075.10PDT075.PV;;AI;ПЕРЕПАД Р ВАК. ДИ-ЯТ НА S-1005A/S;;;;;;
101_11_AI18.10TI133.10TT133.PV;;AI;T-1001 (Секция верхн. промывки);;;;;;
101_11_AI18.10TI132.10TT132.PV;;AI;T-1001 (Секция ТВГО);;;;;;
101_11_AI18.10TI130.10TT130.PV;;AI;T-1001 (Зона всаса насоса ЛВГО);;;;;;
101_11_AI18.10TI127.10TT127.PV;;AI;Т ТВГ ИЗ Т-1001 К Р-1004A/S;;;;;;
101_11_AI18.10TI126.10TT126.PV;;AI;Т ЛВГ ИЗ Т-1001 К Р-1005A/S;;;;;;
101_11_AI18.10TI124.10TT124.PV;;AI;Т ВАК. ДИСТИЛЛЯТА ИЗ Т-1001 К Р-1006;;;;;;
101_11_AI18.10TC122.10TT122.PV;;AI;ГОЛОВНОЙ ПОГОН ИЗ T-1001 В Е-1025A/В/С;;;;;;
101_11_AI18.10TI134.10TT134.PV;;AI;T-1001 (Секция нижней промывки);;;;;;
101_11_DI23.58AAX025.58ASX025.PV;;DI;Неисправность анализатора О2 в азоте ВД;;;;;;
101_11_DI23.58AAX024.58ASX024.PV;;DI;Неисправность анализатора О2 в азоте НД;;;;;;
101_11_DI21.10HV161.10HZSO161.PV;;DI;Отсек-ль 10-HV-161. Концевик открытия;;;;;;
101_11_DI21.10HV161.10HZSC161.PV;;DI;Отсек-ль 10-HV-161. Концевик закрытия;;;;;;
101_11_DI21.10VAH001.10VSH001.PV;;DI;A-1040A ВЕНТИЛЯТОР 01;;;;;;
101_11_DI21.10VAH002.10VSH002.PV;;DI;A-1040A ВЕНТИЛЯТОР 02;;;;;;
101_11_DI21.10VAH004.10VSH004.PV;;DI;A-1040B ВЕНТИЛЯТОР 04;;;;;;
101_11_DI21.10VAH006.10VSH006.PV;;DI;A-1040C ВЕНТИЛЯТОР 06;;;;;;
101_11_DI21.10VAH009.10VSH009.PV;;DI;A-1040E ВЕНТИЛЯТОР 09;;;;;;
101_11_DI21.10VAH012.10VSH012.PV;;DI;A-1040F ВЕНТИЛЯТОР 12;;;;;;
101_11_DI21.10VAH011.10VSH011.PV;;DI;A-1040F ВЕНТИЛЯТОР 11;;;;;;
101_11_DI21.10VAH010.10VSH010.PV;;DI;A-1040E ВЕНТИЛЯТОР 10;;;;;;
101_11_DI21.10VAH003.10VSH003.PV;;DI;A-1040B ВЕНТИЛЯТОР 03;;;;;;
101_11_DI21.10VAH005.10VSH005.PV;;DI;A-1040C ВЕНТИЛЯТОР 05;;;;;;
101_11_DI21.10VAH008.10VSH008.PV;;DI;A-1040D ВЕНТИЛЯТОР 08;;;;;;
101_11_DI21.10VAH007.10VSH007.PV;;DI;A-1040D ВЕНТИЛЯТОР 07;;;;;;
101_11_AO20.10PC077.10PV077.OP;;AO;T-1001 РЕГУЛЯТОР ДАВЛЕНИЯ;;;;;;
101_11_AO20.10PC165.10PV165.OP;;AO;РЕГ. ДАВ-Я АНТИФРИЗ ОТ Р-1045A/S В Е-1039А/В;;;;;;
101_11_AO20.10TC110.10TV110.OP;;AO;РЕГ-ОР Т ПРОМЫВ. Ж-ТИ ИЗ Е-1041(КИП);;;;;;
101_11_AO20.10LC020.10LV020.OP;;AO;V-1002 РЕГУЛЯТОР УРОВНЯ КИСЛОЙ ВОДЫ;;;;;;
101_11_AO20.10PY016B.10PV016B.OP;;AO;ПАРЫ V-1001 НА ФАКЕЛ;;;;;;
101_11_AO20.10LC051.10LV051.OP;;AO;V-1030 РЕГ. УРОВНЯ КОНДЕНСАТА;;;;;;
101_11_AO20.10LC034.10LV034.OP;;AO;V-1044 РЕГ. УРОВНЯ ПРОМЫВНОЙ Ж-ТИ;;;;;;
101_11_AO20.10PY164B.10PV164B.OP;;AO;ПАРЫ АНТИФРИЗА В АТМОСФЕРУ;;;;;;
101_11_AO20.10FC008.10FV008.OP;;AO;АТМОСФЕРНЫЙ ОСТАТОК ИЗ Е-1012A/B;;;;;;
101_11_AO20.10TC218.10TV218.OP;;AO;РЕГ-ОР Т ПРОМЫВ. Ж-ТИ ИЗ Е-1040(ОБОРУД.);;;;;;
101_11_AO20.10FC047.10FV047.OP;;AO;ТВГ ОТ Р-1004A/S НА ОР. В T-1001 (5Й СЛОЙ);;;;;;
101_11_AO20.10LC023.10LV023.OP;;AO;V-1002 РЕГ. УРОВНЯ НЕКОНДИЦИИ;;;;;;
101_11_AO20.10FC043.10FV043.OP;;AO;ВД ИЗ Е-1024 НА ОР. В Т-1001(1Й СЛОЙ);;;;;;
101_11_AO20.10TC266.10TV266.OP;;AO;РЕГ-ОР Т ПАР НД ПОСЛЕ J-1005;;;;;;
101_11_AO20.10FC007.10FV007.OP;;AO;АТМОСФЕРНЫЙ ОСТАТОК ИЗ Е-1002A/B;;;;;;
101_11_AO09.10FC116.10FV116.OP;;AO;РАСХОД ПРОМЫВ. МАСЛА ОТ Р-1003A/S В КОТ. ТОПЛИВО;;;;;;
101_11_AO09.10TC122.10TT122Q.OP;;AO;РЕГ-ОР Т ГОЛОВ. ПОГОН ИЗ T-1001 В Е-1025AХ/ВХ/СХ;;;;;;
101_11_AO09.10TC241.10TV241.OP;;AO;РЕГ-ОР Т ВОЗДУХА НА ОХЛ. А-1040A;;;;;;
101_11_AO09.10HC018.10HV018.OP;;AO;ТВГ ИЗ Е-1018 В Т-1001 И К Р-1009A/S;;;;;;
101_11_AO09.10HC235A.10HV235A.OP;;AO;ПРИВОД ЖАЛЮЗИ А-1040A;;;;;;
101_11_AO09.10HC022.10HV022.OP;;AO;ВАК. ОСТАТОК ИЗ Е-1015A/B НА ВИСБРЕКИНГ;;;;;;
101_11_AO09.10HC005.10HV005.OP;;AO;ТВГ ИЗ Е-1012А/В В Е-1022А/В;;;;;;
101_11_AO09.10HC235B.10HV235B.OP;;AO;ПРИВОД ЖАЛЮЗИ А-1040A;;;;;;
101_11_AO09.10FC022.10FV022.OP;;AO;ПОДОГРЕТАЯ ПИТАТ. ВОДА В Е-1018;;;;;;
101_11_AO09.10TC066.10TV066.OP;;AO;РЕГ-ОР Т ВАК.ОСТ. ИЗ Е-1005 И Е-1015 НА ВИСБРЕКИНГ;;;;;;
101_11_AO09.10FC060.10FV060.OP;;AO;УТЯЖ.ДИЗЕЛЬН.ФРАКЦ. В ОСТАТОК ВИСБРЕКИНГА;;;;;;
101_11_AO09.10HC237A.10HV237A.OP;;AO;ПРИВОД ЖАЛЮЗИ А-1040C;;;;;;
101_11_AO09.10TC287.10TV287.OP;;AO;РЕГ-ОР Т ВОЗДУХА НА ОХЛ. А-1040C;;;;;;
101_11_AO09.10HC237B.10HV237B.OP;;AO;ПРИВОД ЖАЛЮЗИ А-1040C;;;;;;
101_11_AO09.10HC017.10HV017.OP;;AO;ТВГ ИЗ Е-1008 В Т-1001 И К Р-1009A/S;;;;;;
101_11_AO09.10FC021.10FV021.OP;;AO;ПОДОГРЕТАЯ ПИТАТ. ВОДА В Е-1008;;;;;;
101_11_AO19.10FC006.10FV006.OP;;AO;ЛВГ В Е-1023А/В;;;;;;
101_11_AO19.10TC284.10TV284.OP;;AO;РЕГ-ОР Т ПАР НД ПОСЛЕ J-1004;;;;;;
101_11_AO19.10PY164A.10PV164A.OP;;AO;АЗОТ В V-1045;;;;;;
101_11_AO19.10FC106.10FV106.OP;;AO;ЦИРКУЛЯЦИОННАЯ ВОДА В Е-1028A/B ОТ Р-1013A/S;;;;;;
101_11_AO19.10FC103.10FV103.OP;;AO;ПОДОГРЕТАЯ ПИТ. ВОДА В V-1009 ОТ Е-1029;;;;;;
101_11_AO19.10HC117.10HV117.OP;;AO;ПИТАТЕЛЬНАЯ ВОДА В V-1040;;;;;;
101_11_AO19.10PY184B.10PV184B.OP;;AO;АЗОТ В АТМОСФЕРУ;;;;;;
101_11_AO19.10PY184A.10PV184A.OP;;AO;АЗОТ В V-1040;;;;;;
101_11_AO19.10HC008.10HV008.OP;;AO;АТМ. ОСТАТОК ОТ Р-1001А/В/S  В H-1001A/B (БАЙПАС);;;;;;
101_11_AO19.10FC018.10FV018.OP;;AO;ТВГ В Е-1004A/B и Е-1014A/B;;;;;;
101_11_AO19.10FC094.10FV094.OP;;AO;ЛВГ ОТ P-1010A/S;;;;;;
101_11_AO19.10TC039.10TV039.OP;;AO;РЕГ-ОР Т ТВГ ИЗ E-1008 И Е-1018 К Р-1009A/S;;;;;;
101_11_AO19.10PY016A.10PV016A.OP;;AO;ТОПЛИВНЫЙ ГАЗ ИЗ V-1005;;;;;;
101_11_AO19.10TC016.10TV016.OP;;AO;РЕГ-ОР Т ЛВГ ИЗ Е-1001 И Е-1011 К Р-1010A/S;;;;;;
101_11_AO19.10TC162.10TV162.OP;;AO;РЕГ-ОР Т ТОП. МАЗУТА ИЗ Е-1030 В Ц.№47;;;;;;
101_11_AO19.10LI053.10LI053A.OP;;AO;V-1031 МЕСТНЫЙ ИНДИКАТОР УРОВНЯ ;;;;;;
101_11_AO10.10TC288.10TV288.OP;;AO;РЕГ-ОР Т ВОЗДУХА НА ОХЛ. А-1040D;;;;;;
101_11_AO10.10TC286.10TV286.OP;;AO;РЕГ-ОР Т ВОЗДУХА НА ОХЛ. А-1040B;;;;;;
101_11_AO10.10HC240B.10HV240B.OP;;AO;ПРИВОД ЖАЛЮЗИ А-1040F;;;;;;
101_11_AO10.10HC239B.10HV239B.OP;;AO;ПРИВОД ЖАЛЮЗИ А-1040E;;;;;;
101_11_AO10.10HC238A.10HV238A.OP;;AO;ПРИВОД ЖАЛЮЗИ А-1040D;;;;;;
101_11_AO10.10HC238B.10HV238B.OP;;AO;ПРИВОД ЖАЛЮЗИ А-1040D;;;;;;
101_11_AO10.10HC236B.10HV236B.OP;;AO;ПРИВОД ЖАЛЮЗИ А-1040B;;;;;;
101_11_AO10.10HC236A.10HV236A.OP;;AO;ПРИВОД ЖАЛЮЗИ А-1040B;;;;;;
101_11_AO10.10HC240A.10HV240A.OP;;AO;ПРИВОД ЖАЛЮЗИ А-1040F;;;;;;
101_11_AO10.10HC239A.10HV239A.OP;;AO;ПРИВОД ЖАЛЮЗИ А-1040E;;;;;;
101_11_AO10.10HC002.10HV002.OP;;AO;ЛВГ ИЗ Е-1001 К Р-1010A/S;;;;;;
101_11_AO10.10HC003.10HV003.OP;;AO;ЛВГ ИЗ Е-1011 К Р-1010A/S;;;;;;
101_11_AO10.10HC021.10HV021.OP;;AO;ВАК. ОСТАТОК ИЗ Е-1005A/B НА ВИСБРЕКИНГ;;;;;;
101_11_AO10.10HC004.10HV004.OP;;AO;ТВГ ИЗ Е-1002А/В В Е-1022А/В;;;;;;
101_11_AO10.10TC290.10TV290.OP;;AO;РЕГ-ОР Т ВОЗДУХА НА ОХЛ. А-1040F;;;;;;
101_11_AO10.10TC289.10TV289.OP;;AO;РЕГ-ОР Т ВОЗДУХА НА ОХЛ. А-1040E;;;;;;
101_11_DI11.10HV160.10HZSC160.PV;;DI;Отсек-ль 10-HV-161. Концевик закрытия;;;;;;
101_11_DI11.10HV160.10HZSO160.PV;;DI;Отсек-ль 10-HV-161. Концевик открытия;;;;;;
101_11_DI11.10XV016.10XZSC016.PV;;DI;Отсек-ль 10-XV-016. Концевик закрытия;;;;;;
101_11_DI11.10HV061.10HZSO061.PV;;DI;Отсек-ль 10-HV-061. Концевик открытия;;;;;;
101_11_DI11.10HV059.10HZSC059.PV;;DI;Отсек-ль 10-HV-059. Концевик закрытия;;;;;;
101_11_DI11.10HV001.10HZSO001.PV;;DI;Отсек-ль 10-HV-001. Концевик открытия;;;;;;
101_11_DI11.10HV158.10HZSC158.PV;;DI;Отсек-ль 10-HV-158. Концевик закрытия;;;;;;
101_11_DI11.10HV061.10HZSC061.PV;;DI;Отсек-ль 10-HV-061. Концевик закрытия;;;;;;
101_11_DI11.10HV062.10HZSO062.PV;;DI;Отсек-ль 10-HV-062. Концевик открытия;;;;;;
101_11_DI11.10HV064.10HZSC064.PV;;DI;Отсек-ль 10-HV-064. Концевик закрытия;;;;;;
101_11_DI11.10HV058.10HZSO058.PV;;DI;Отсек-ль 10-HV-058. Концевик открытия;;;;;;
101_11_DI11.10HV062.10HZSC062.PV;;DI;Отсек-ль 10-HV-062. Концевик закрытия;;;;;;
101_11_DI11.10HV058.10HZSC058.PV;;DI;Отсек-ль 10-HV-058. Концевик закрытия;;;;;;
101_11_DI11.10XV015.10XZSO015.PV;;DI;Отсек-ль 10-XV-015. Концевик открытия;;;;;;
101_11_DI11.10XV016.10XZSO016.PV;;DI;Отсек-ль 10-XV-016. Концевик открытия;;;;;;
101_11_DI11.10XV015.10XZSC015.PV;;DI;Отсек-ль 10-XV-015. Концевик закрытия;;;;;;
101_11_DI11.10HV082.10HZSO082.PV;;DI;Отсек-ль 10-HV-082. Концевик открытия;;;;;;
101_11_DI11.10HV059.10HZSO059.PV;;DI;Отсек-ль 10-HV-059. Концевик открытия;;;;;;
101_11_DI11.10HV082.10HZSC082.PV;;DI;Отсек-ль 10-HV-082. Концевик закрытия;;;;;;
101_11_DI11.10XV084.10XZSC084.PV;;DI;Отсек-ль 10-XV-084. Концевик закрытия;;;;;;
101_11_DI11.10HV158.10HZSO158.PV;;DI;Отсек-ль 10-HV-158. Концевик открытия;;;;;;
101_11_DI11.10HV001.10HZSC001.PV;;DI;Отсек-ль 10-HV-001. Концевик закрытия;;;;;;
101_11_DI11.10HV064.10HZSO064.PV;;DI;Отсек-ль 10-HV-064. Концевик открытия;;;;;;
101_11_DI11.10XV113.10XZSO113.PV;;DI;Отсек-ль 10-XV-113. Концевик открытия;;;;;;
101_11_DI11.10XV084.10XZSO084.PV;;DI;Отсек-ль 10-XV-084. Концевик открытия;;;;;;
101_11_DI11.10XV113.10XZSC113.PV;;DI;Отсек-ль 10-XV-113. Концевик закрытия;;;;;;
101_11_DI22.10XV083.10XZSC083.PV;;DI;Отсек-ль 10-XV-083. Концевик закрытия;;;;;;
101_11_DI22.10HV126.10HZSC126.PV;;DI;Отсек-ль 10-HV-126. Концевик закрытия;;;;;;
101_11_DI22.10HV136.10HZSO136.PV;;DI;Отсек-ль 10-HV-136. Концевик открытия;;;;;;
101_11_DI22.10HV060.10HZSC060.PV;;DI;Отсек-ль 10-HV-060. Концевик закрытия;;;;;;
101_11_DI22.10HV060.10HZSO060.PV;;DI;Отсек-ль 10-HV-060. Концевик открытия;;;;;;
101_11_DI22.10HV136.10HZSC136.PV;;DI;Отсек-ль 10-HV-136. Концевик закрытия;;;;;;
101_11_DI22.10HV130.10HZSC130.PV;;DI;Отсек-ль 10-HV-130. Концевик закрытия;;;;;;
101_11_DI22.10HV125.10HZSC125.PV;;DI;Отсек-ль 10-HV-125. Концевик закрытия;;;;;;
101_11_DI22.10HV125.10HZSO125.PV;;DI;Отсек-ль 10-HV-125. Концевик открытия;;;;;;
101_11_DI22.10XV114.10XZSO114.PV;;DI;Отсек-ль 10-XV-114. Концевик открытия;;;;;;
101_11_DI22.10XV042.10XZSC042.PV;;DI;Отсек-ль 10-XV-042. Концевик закрытия;;;;;;
101_11_DI22.10XV114.10XZSC114.PV;;DI;Отсек-ль 10-XV-114. Концевик закрытия;;;;;;
101_11_DI22.10HV128.10HZSC128.PV;;DI;Отсек-ль 10-HV-128. Концевик закрытия;;;;;;
101_11_DI22.10HV126.10HZSO126.PV;;DI;Отсек-ль 10-HV-126. Концевик открытия;;;;;;
101_11_DI22.10HV014.10HZSO014.PV;;DI;Отсек-ль 10-HV-014. Концевик открытия;;;;;;
101_11_DI22.10HV130.10HZSO130.PV;;DI;Отсек-ль 10-HV-130. Концевик открытия;;;;;;
101_11_DI22.10HV128.10HZSO128.PV;;DI;Отсек-ль 10-HV-128. Концевик открытия;;;;;;
101_11_DI22.10HV122.10HZSC122.PV;;DI;Отсек-ль 10-HV-122. Концевик закрытия;;;;;;
101_11_DI22.10HV122.10HZSO122.PV;;DI;Отсек-ль 10-HV-122. Концевик открытия;;;;;;
101_11_DI22.10HV159.10HZSC159.PV;;DI;Отсек-ль 10-HV-159. Концевик закрытия;;;;;;
101_11_DI22.10HV159.10HZSO159.PV;;DI;Отсек-ль 10-HV-159. Концевик открытия;;;;;;
101_11_DI22.10HV154.10HZSC154.PV;;DI;Отсек-ль 10-HV-154. Концевик закрытия;;;;;;
101_11_DI22.10HV154.10HZSO154.PV;;DI;Отсек-ль 10-HV-154. Концевик открытия;;;;;;
101_11_DI22.10XV041.10XZSC041.PV;;DI;Отсек-ль 10-XV-041. Концевик закрытия;;;;;;
101_11_DI22.10XV041.10XZSO041.PV;;DI;Отсек-ль 10-XV-041. Концевик открытия;;;;;;
101_11_DI22.10XV042.10XZSO042.PV;;DI;Отсек-ль 10-XV-042. Концевик открытия;;;;;;
101_11_DI22.10XV083.10XZSO083.PV;;DI;Отсек-ль 10-XV-083. Концевик открытия;;;;;;
101_11_DI22.10XV011.10HZSC011.PV;;DI;Отсек-ль 10-XV-011. Концевик закрытия;;;;;;
101_11_DI22.10XV011.10HZSO011.PV;;DI;Отсек-ль 10-XV-011. Концевик открытия;;;;;;
101_11_DI22.10HV014.10HZSC014.PV;;DI;Отсек-ль 10-HV-014. Концевик закрытия;;;;;;
101_11_DI24.10HX009.10XS009A.PV;;DI;Насос Р-1001A. Перегрузка эл. двигателя;;;;;;
101_11_DI24.10HX145.10XS145B.PV;;DI;A-1040D-07. Общая сигнализация эл. двигателя;;;;;;
101_11_DI24.10HX145.10XS145A.PV;;DI;A-1040D-07. Перегрузка эл. двигателя;;;;;;
101_11_DI24.10HX145.10XS145.PV;;DI;A-1040D-07. Статус;;;;;;
101_11_DI24.10HX141.10XS141C.PV;;DI;A-1040B-03. Готовность из эл. ячейки;;;;;;
101_11_DI24.10HX141.10XS141B.PV;;DI;A-1040B-03. Общая сигнализация эл. двигателя;;;;;;
101_11_DI24.10HX141.10XS141A.PV;;DI;A-1040B-03. Перегрузка эл. двигателя;;;;;;
101_11_DI24.10HX141.10XS141.PV;;DI;A-1040B-03. Статус;;;;;;
101_11_DI24.10HX052.10XS052.PV;;DI;Насос Р-1003A. Статус;;;;;;
101_11_DI24.10HX070.10XS070C.PV;;DI;Насос Р-1007A. Готовность из эл. ячейки;;;;;;
101_11_DI24.10HX070.10XS070A.PV;;DI;Насос Р-1007A. Перегрузка эл. двигателя;;;;;;
101_11_DI24.10HX070.10XS070.PV;;DI;Насос Р-1007A. Статус;;;;;;
101_11_DI24.10HX054.10XS054C.PV;;DI;Насос Р-1004A. Готовность из эл. ячейки;;;;;;
101_11_DI24.10HX009.10XS009.PV;;DI;Насос Р-1001A. Статус  до таймера;;;;;;
101_11_DI24.10HX006.10XS006C.PV;;DI;Насос Р-1010A. Готовность из эл. ячейки;;;;;;
101_11_DI24.10HX006.10XS006A.PV;;DI;Насос Р-1010A. Перегрузка эл. двигателя;;;;;;
101_11_DI24.10HX006.10XS006.PV;;DI;Насос Р-1010A. Статус;;;;;;
101_11_DI24.10HX019.10XS019.PV;;DI;Насос Р-1009A. Статус;;;;;;
101_11_DI24.10HX012.10XS012C.PV;;DI;Насос Р-1005A. Готовность из эл. ячейки;;;;;;
101_11_DI24.10HX019.10XS019C.PV;;DI;Насос Р-1009A. Готовность из эл. ячейки;;;;;;
101_11_DI24.10HX019.10XS019A.PV;;DI;Насос Р-1009A. Перегрузка эл. двигателя;;;;;;
101_11_DI24.10HX051.10XS051A.PV;;DI;Насос Р-1002А. Перегрузка эл. двигателя;;;;;;
101_11_DI24.10HX051.10XS051.PV;;DI;Насос Р-1002А. Статус;;;;;;
101_11_DI24.10HX145.10XS145C.PV;;DI;A-1040D-07. Готовность из эл. ячейки;;;;;;
101_11_DI24.10HX012.10XS012A.PV;;DI;Насос Р-1005A. Перегрузка эл. двигателя;;;;;;
101_11_DI24.10HX012.10XS012.PV;;DI;Насос Р-1005A. Статус;;;;;;
101_11_DI24.10HX051.10XS051C.PV;;DI;Насос Р-1002А. Готовность из эл. ячейки;;;;;;
101_11_DI24.10HX070.10XS070D.PV;;DI;Насос Р-1007A. Нагрузка эл. двигателя ниже допустимой;;;;;;
101_11_DI24.10HX054.10XS054A.PV;;DI;Насос Р-1004A. Перегрузка эл. двигателя;;;;;;
101_11_DI24.10HX054.10XS054.PV;;DI;Насос Р-1004A. Статус;;;;;;
101_11_DI24.10HX052.10XS052C.PV;;DI;Насос Р-1003A. Готовность из эл. ячейки;;;;;;
101_11_DI24.10HX052.10XS052A.PV;;DI;Насос Р-1003A. Перегрузка эл. двигателя;;;;;;
101_11_DI25.10HX071.10XS071.PV;;DI;Насос Р-1007S. Статус;;;;;;
101_11_DI25.10HX053.10XS053C.PV;;DI;Насос Р-1003S. Готовность из эл. ячейки;;;;;;
101_11_DI25.10HX010.10XS010A.PV;;DI;Насос Р-1001B. Перегрузка эл. двигателя;;;;;;
101_11_DI25.10HX120.10XS120A.PV;;DI;Насос Р-1040A. Перегрузка эл. двигателя;;;;;;
101_11_DI25.10HX120.10XS120.PV;;DI;Насос Р-1040A. Статус;;;;;;
101_11_DI25.10HX146.10XS146C.PV;;DI;A-1040D-08. Готовность из эл. ячейки;;;;;;
101_11_DI25.10HX013.10XS013C.PV;;DI;Насос Р-1005S. Готовность из эл. ячейки;;;;;;
101_11_DI25.10HX013.10XS013A.PV;;DI;Насос Р-1005S. Перегрузка эл. двигателя;;;;;;
101_11_DI25.10HX013.10XS013.PV;;DI;Насос Р-1005S. Статус;;;;;;
101_11_DI25.10HX020.10XS020.PV;;DI;Насос Р-1009S. Статус;;;;;;
101_11_DI25.10HX146.10XS146B.PV;;DI;A-1040D-08. Общая сигнализация эл. двигателя;;;;;;
101_11_DI25.10HX146.10XS146A.PV;;DI;A-1040D-08. Перегрузка эл. двигателя;;;;;;
101_11_DI25.10HX146.10XS146.PV;;DI;A-1040D-08. Статус;;;;;;
101_11_DI25.10HX142.10XS142C.PV;;DI;A-1040B-04. Готовность из эл. ячейки;;;;;;
101_11_DI25.10HX142.10XS142B.PV;;DI;A-1040B-04. Общая сигнализация эл. двигателя;;;;;;
101_11_DI25.10HX142.10XS142A.PV;;DI;A-1040B-04. Перегрузка эл. двигателя;;;;;;
101_11_DI25.10HX142.10XS142.PV;;DI;A-1040B-04. Статус;;;;;;
101_11_DI25.10HX071.10XS071D.PV;;DI;Насос Р-1007S. Нагрузка эл. двигателя ниже допустимой;;;;;;
101_11_DI25.10HX071.10XS071C.PV;;DI;Насос Р-1007S. Готовность из эл. ячейки;;;;;;
101_11_DI25.10HX007.10XS007.PV;;DI;Насос Р-1010S. Статус;;;;;;
101_11_DI25.10HX071.10XS071A.PV;;DI;Насос Р-1007S. Перегрузка эл. двигателя;;;;;;
101_11_DI25.10HX007.10XS007A.PV;;DI;Насос Р-1010S. Перегрузка эл. двигателя;;;;;;
101_11_DI25.10HX055.10XS055C.PV;;DI;Насос Р-1004S. Готовность из эл. ячейки;;;;;;
101_11_DI25.10HX055.10XS055A.PV;;DI;Насос Р-1004S. Перегрузка эл. двигателя;;;;;;
101_11_DI25.10HX055.10XS055.PV;;DI;Насос Р-1004S. Статус;;;;;;
101_11_DI25.10HX053.10XS053A.PV;;DI;Насос Р-1003S. Перегрузка эл. двигателя;;;;;;
101_11_DI25.10HX053.10XS053.PV;;DI;Насос Р-1003S. Статус;;;;;;
101_11_DI25.10HX020.10XS020C.PV;;DI;Насос Р-1009S. Готовность из эл. ячейки;;;;;;
101_11_DI25.10HX020.10XS020A.PV;;DI;Насос Р-1009S. Перегрузка эл. двигателя;;;;;;
101_11_DI25.10HX010.10XS010.PV;;DI;Насос Р-1001B. Статус  до таймера;;;;;;
101_11_DI25.10HX007.10XS007C.PV;;DI;Насос Р-1010S. Готовность из эл. ячейки;;;;;;
101_11_DI25.10HX120.10XS120C.PV;;DI;Насос Р-1040A. Готовность из эл. ячейки;;;;;;
101_11_DI26.10HX072.10XS072D.PV;;DI;Насос Р-1008A. Нагрузка эл. двигателя ниже допустимой;;;;;;
101_11_DI26.10HX143.10XS143B.PV;;DI;A-1040С-05. Общая сигнализация эл. двигателя;;;;;;
101_11_DI26.10HX143.10XS143A.PV;;DI;A-1040С-05. Перегрузка эл. двигателя;;;;;;
101_11_DI26.10HX072.10XS072C.PV;;DI;Насос Р-1008A. Готовность из эл. ячейки;;;;;;
101_11_DI26.10HX143.10XS143.PV;;DI;A-1040С-05. Статус;;;;;;
101_11_DI26.10HX103.10XS103C.PV;;DI;Насос Р-1045А. Готовность из эл. ячейки;;;;;;
101_11_DI26.10HX100.10XS100C.PV;;DI;Насос Р-1044A. Готовность из эл. ячейки;;;;;;
101_11_DI26.10HX100.10XS100A.PV;;DI;Насос Р-1044A. Перегрузка эл. двигателя;;;;;;
101_11_DI26.10HX100.10XS100.PV;;DI;Насос Р-1044A. Статус;;;;;;
101_11_DI26.10HX065.10XS065A.PV;;DI;Насос Р-1006A. Перегрузка эл. двигателя;;;;;;
101_11_DI26.10HX139.10XS139C.PV;;DI;A-1040A-01. Готовность из эл. ячейки;;;;;;
101_11_DI26.10HX139.10XS139B.PV;;DI;A-1040A-01. Общая сигнализация эл. двигателя;;;;;;
101_11_DI26.10HX139.10XS139A.PV;;DI;A-1040A-01. Перегрузка эл. двигателя;;;;;;
101_11_DI26.10HX139.10XS139.PV;;DI;A-1040A-01. Статус;;;;;;
101_11_DI26.10HX115.10XS115A.PV;;DI;Насос Р-1013A. Перегрузка эл. двигателя;;;;;;
101_11_DI26.10HX065.10XS065C.PV;;DI;Насос Р-1006A. Готовность из эл. ячейки;;;;;;
101_11_DI26.10HX065.10XS065.PV;;DI;Насос Р-1006A. Статус;;;;;;
101_11_DI26.10HX149.10XS149C.PV;;DI;A-1040F-11. Готовность из эл. ячейки;;;;;;
101_11_DI26.10HX149.10XS149B.PV;;DI;A-1040F-11. Общая сигнализация эл. двигателя;;;;;;
101_11_DI26.10HX149.10XS149A.PV;;DI;A-1040F-11. Перегрузка эл. двигателя;;;;;;
101_11_DI26.10HX149.10XS149.PV;;DI;A-1040F-11. Статус;;;;;;
101_11_DI26.10HX147.10XS147C.PV;;DI;A-1040E-09. Готовность из эл. ячейки;;;;;;
101_11_DI26.10HX147.10XS147B.PV;;DI;A-1040E-09. Общая сигнализация эл. двигателя;;;;;;
101_11_DI26.10HX147.10XS147A.PV;;DI;A-1040E-09. Перегрузка эл. двигателя;;;;;;
101_11_DI26.10HX147.10XS147.PV;;DI;A-1040E-09. Статус;;;;;;
101_11_DI26.10HX143.10XS143C.PV;;DI;A-1040С-05. Готовность из эл. ячейки;;;;;;
101_11_DI26.10HX072.10XS072.PV;;DI;Насос Р-1008A. Статус;;;;;;
101_11_DI26.10HX072.10XS072A.PV;;DI;Насос Р-1008A. Перегрузка эл. двигателя;;;;;;
101_11_DI26.10HX115.10XS115.PV;;DI;Насос Р-1013A. Статус;;;;;;
101_11_DI26.10HX103.10XS103D.PV;;DI;Насос Р-1045А. Нагрузка эл. двигателя ниже допустимой;;;;;;
101_11_DI26.10HX103.10XS103A.PV;;DI;Насос Р-1045А. Перегрузка эл. двигателя;;;;;;
101_11_DI26.10HX103.10XS103.PV;;DI;Насос Р-1045А. Статус;;;;;;
101_11_DI27.10HX144.10XS144.PV;;DI;A-1040С-06. Статус;;;;;;
101_11_DI27.10HX140.10XS140.PV;;DI;A-1040A-02. Статус;;;;;;
101_11_DI27.10HX104.10XS104A.PV;;DI;Насос Р-1045S. Перегрузка эл. двигателя;;;;;;
101_11_DI27.10HX104.10XS104.PV;;DI;Насос Р-1045S. Статус;;;;;;
101_11_DI27.10HX101.10XS101C.PV;;DI;Насос Р-1044S. Готовность из эл. ячейки;;;;;;
101_11_DI27.10HX101.10XS101A.PV;;DI;Насос Р-1044S. Перегрузка эл. двигателя;;;;;;
101_11_DI27.10HX101.10XS101.PV;;DI;Насос Р-1044S. Статус;;;;;;
101_11_DI27.10HX150.10XS150.PV;;DI;A-1040F-12. Статус;;;;;;
101_11_DI27.10HX148.10XS148C.PV;;DI;A-1040E-10. Готовность из эл. ячейки;;;;;;
101_11_DI27.10HX148.10XS148B.PV;;DI;A-1040E-10. Общая сигнализация эл. двигателя;;;;;;
101_11_DI27.10HX148.10XS148A.PV;;DI;A-1040E-10. Перегрузка эл. двигателя;;;;;;
101_11_DI27.10HX150.10XS150A.PV;;DI;A-1040F-12. Перегрузка эл. двигателя;;;;;;
101_11_DI27.10HX148.10XS148.PV;;DI;A-1040E-10. Статус;;;;;;
101_11_DI27.10HX144.10XS144C.PV;;DI;A-1040С-06. Готовность из эл. ячейки;;;;;;
101_11_DI27.10HX144.10XS144B.PV;;DI;A-1040С-06. Общая сигнализация эл. двигателя;;;;;;
101_11_DI27.10HX144.10XS144A.PV;;DI;A-1040С-06. Перегрузка эл. двигателя;;;;;;
101_11_DI27.10HX073.10XS073C.PV;;DI;Насос Р-1008S. Готовность из эл. ячейки;;;;;;
101_11_DI27.10HX073.10XS073A.PV;;DI;Насос Р-1008S. Перегрузка эл. двигателя;;;;;;
101_11_DI27.10HX073.10XS073D.PV;;DI;Насос Р-1008S. Нагрузка эл. двигателя ниже допустимой;;;;;;
101_11_DI27.10HX116.10XS116A.PV;;DI;Насос Р-1013S. Перегрузка эл. двигателя;;;;;;
101_11_DI27.10HX116.10XS116.PV;;DI;Насос Р-1013S. Статус;;;;;;
101_11_DI27.10HX104.10XS104D.PV;;DI;Насос Р-1045S. Нагрузка эл. двигателя ниже допустимой;;;;;;
101_11_DI27.10HX104.10XS104C.PV;;DI;Насос Р-1045S. Готовность из эл. ячейки;;;;;;
101_11_DI27.10HX073.10XS073.PV;;DI;Насос Р-1008S. Статус;;;;;;
101_11_DI27.10HX140.10XS140C.PV;;DI;A-1040A-02. Готовность из эл. ячейки;;;;;;
101_11_DI27.10HX140.10XS140B.PV;;DI;A-1040A-02. Общая сигнализация эл. двигателя;;;;;;
101_11_DI27.10HX140.10XS140A.PV;;DI;A-1040A-02. Перегрузка эл. двигателя;;;;;;
101_11_DI27.10HX066.10XS066C.PV;;DI;Насос Р-1006S. Готовность из эл. ячейки;;;;;;
101_11_DI27.10HX066.10XS066A.PV;;DI;Насос Р-1006S. Перегрузка эл. двигателя;;;;;;
101_11_DI27.10HX066.10XS066.PV;;DI;Насос Р-1006S. Статус;;;;;;
101_11_DI27.10HX150.10XS150C.PV;;DI;A-1040F-12. Готовность из эл. ячейки;;;;;;
101_11_DI27.10HX150.10XS150B.PV;;DI;A-1040F-12. Общая сигнализация эл. двигателя;;;;;;
101_11_DI28.00XA101A02H.00XS101A02H.PV;;DI;IB-10-1-IER Общая сигнализация шкафа ALM-02H;;;;;;
101_11_DI28.00XA101S01.00XS101S01.PV;;DI;IB-10-1-IER Общая сигнализация шкафа SPM-01;;;;;;
101_11_DI28.00XA101X01.00XS101X01.PV;;DI;IB-10-1-IER Общая сигнализация шкафа AUX-01;;;;;;
101_11_DI28.00XA101N01.00XS101N01.PV;;DI;IB-10-1-IER Общая сигнализация шкафа FON-01;;;;;;
101_11_DI28.00XA101A01H.00XS101A01H.PV;;DI;IB-10-1-IER Общая сигнализация шкафа ALM-01H;;;;;;
101_11_DI28.00XA101I01.00XS101I01.PV;;DI;SS-10-1 Общая сигнализация шкафа IRC-01;;;;;;
101_11_DI28.00XA101D04.00XS101D04.PV;;DI;IB-10-1-IER Общая сигнализация шкафа DCS-04;;;;;;
101_11_DI28.00XA101D03.00XS101D03.PV;;DI;IB-10-1-IER Общая сигнализация шкафа DCS-03;;;;;;
101_11_DI28.00XA101D02.00XS101D02.PV;;DI;IB-10-1-IER Общая сигнализация шкафа DCS-02;;;;;;
101_11_DI28.00XA101I04.00XS101I04.PV;;DI;SS-10-1 Общая сигнализация шкафа IRC-04;;;;;;
101_11_DI28.00XA101I03.00XS101I03.PV;;DI;SS-10-1 Общая сигнализация шкафа IRC-03;;;;;;
101_11_DI28.00XA101D01.00XS101D01.PV;;DI;IB-10-1-IER Общая сигнализация шкафа DCS-01;;;;;;
101_11_DI28.00XA101B02.00XS101B02.PV;;DI;IB-10-1-IER Общая сигнализация шкафа BN-02;;;;;;
101_11_DI28.00XA101B01.00XS101B01.PV;;DI;IB-10-1-IER Общая сигнализация шкафа BN-01;;;;;;
101_11_DI28.00XA101I02.00XS101I02.PV;;DI;SS-10-1 Общая сигнализация шкафа IRC-02;;;;;;
101_11_DI28.00XA101D05.00XS101D05.PV;;DI;IB-10-1-IER Общая сигнализация шкафа DCS-05;;;;;;
101_11_DI28.00XA101A02F.00XS101A02F.PV;;DI;IB-10-1-IER Общая сигнализация шкафа ALM-01F;;;;;;
101_11_DI28.00XA101P02.00XS101P02.PV;;DI;IB-10-1-IER Общая сигнализация шкафа PDC-02;;;;;;
101_11_DI28.00XA101P01.00XS101P01.PV;;DI;IB-10-1-IER Общая сигнализация шкафа PDC-01;;;;;;
101_11_DI30.00XA101D01_PS.00XS101D01_PS.PV;;DI;IB-10-1-IER Состояние БП в шкафу DCS-01;;;;;;
101_11_DI30.00XA101D02_PS.00XS101D02_PS.PV;;DI;IB-10-1-IER Состояние БП в шкафу DCS-02;;;;;;
101_11_DI30.00XA101D04_PS.00XS101D04_PS.PV;;DI;IB-10-1-IER Состояние БП в шкафу DCS-04;;;;;;
101_11_DI30.00XA101D05_PS.00XS101D05_PS.PV;;DI;IB-10-1-IER Состояние БП в шкафу DCS-05;;;;;;
101_11_DI30.10HX010.10XS010C.PV;;DI;Насос Р-1001В. Готовность из эл. ячейки до таймера;;;;;;
101_11_DI30.10XV261.10XS261E.PV;;DI;Отсек-ль 10-XV-261. Концевик закрытия;;;;;;
101_11_DI30.10XV261.10XS261.PV;;DI;Отсек-ль 10-XV-261. Контроль напряжения;;;;;;
101_11_DI30.10HX116.10XS116C.PV;;DI;Насос Р-1013S. Готовность из эл. ячейки;;;;;;
101_11_DI30.10XV261.10XS261D.PV;;DI;Отсек-ль 10-XV-261. Концевик открытия;;;;;;
101_11_DI30.10XV261.10XS261F.PV;;DI;Отсек-ль 10-XV-261. Муфта;;;;;;
101_11_DI30.00XA101D08_PS.00XS101D08_PS.PV;;DI;IB-10-1-IER Состояние БП в шкафу DCS-08;;;;;;
101_11_DI29.10HX151.10XSP1049A.PV;;DI;Насос Р-1049A. Статус;;;;;;
101_11_DI29.10HX152.10XSP1049S.PV;;DI;Насос Р-1049S. Статус;;;;;;
101_11_DI29.10HX115.10XS115C.PV;;DI;Насос Р-1013A. Готовность из эл. ячейки;;;;;;
101_11_DI29.10HX109.10XS109A.PV;;DI;Насос Р-1041. Перегрузка эл. двигателя;;;;;;
101_11_DI29.10HV099.10HZSC099.PV;;DI;Задвижка 10-HV-099. Концевик закрытия;;;;;;
101_11_DI29.10HX110.10XS110C.PV;;DI;Насос Р-1042В. Готовность из эл. ячейки;;;;;;
101_11_DI29.10HX121.10XS121C.PV;;DI;Насос Р-1040В. Готовность из эл. ячейки;;;;;;
101_11_DI29.10HX009.10XS009C.PV;;DI;Насос Р-1001A. Готовность из эл. ячейки до таймера;;;;;;
101_11_DI29.10HX110.10XS110A.PV;;DI;Насос Р-1042В. Перегрузка эл. двигателя;;;;;;
101_11_DI29.10HX110.10XS110.PV;;DI;Насос Р-1042В. Статус;;;;;;
101_11_DI29.10HX109.10XS109C.PV;;DI;Насос Р-1041. Готовность из эл. ячейки;;;;;;
101_11_DI29.10HX109.10XS109.PV;;DI;Насос Р-1041. Статус;;;;;;
101_11_DI29.10HX121.10XS121.PV;;DI;Насос Р-1040В. Статус;;;;;;
101_11_DI29.10XV163.10XZSC163.PV;;DI;Отсек-ль 10-XV-163. Концевик закрытия;;;;;;
101_11_DI29.10HX121.10XS121A.PV;;DI;Насос Р-1040В. Перегрузка эл. двигателя;;;;;;
101_11_DI29.10HX111.10XS111C.PV;;DI;Насос Р-1042С. Готовность из эл. ячейки;;;;;;
101_11_DI29.10HX111.10XS111.PV;;DI;Насос Р-1042С. Статус;;;;;;
101_11_DI29.10XV163.10XZSO163.PV;;DI;Отсек-ль 10-XV-163. Концевик открытия;;;;;;
101_11_DI29.10XV164.10XZSO164.PV;;DI;Отсек-ль 10-XV-164. Концевик открытия;;;;;;
101_11_DI29.10XV165.10XZSO165.PV;;DI;Отсек-ль 10-XV-165. Концевик открытия;;;;;;
101_11_DI29.10XV162.10XZSO162.PV;;DI;Отсек-ль 10-XV-162. Концевик открытия;;;;;;
101_11_DI29.10XV162.10XZSC162.PV;;DI;Отсек-ль 10-XV-162. Концевик закрытия;;;;;;
101_11_DI29.10HX111.10XS111A.PV;;DI;Насос Р-1042С. Перегрузка эл. двигателя;;;;;;
101_11_DI29.10XV165.10XZSC165.PV;;DI;Отсек-ль 10-XV-165. Концевик закрытия;;;;;;
101_11_DI29.10XV164.10XZSC164.PV;;DI;Отсек-ль 10-XV-164. Концевик закрытия;;;;;;
101_11_DI29.10HV099.10HZSO099.PV;;DI;Задвижка 10-HV-099. Концевик открытия;;;;;;
101_11_DI29.10HX108.10XS108C.PV;;DI;Насос Р-1042А. Готовность из эл. ячейки;;;;;;
101_11_DI29.10HX108.10XS108.PV;;DI;Насос Р-1042А. Статус;;;;;;
101_11_DI29.10HX108.10XS108A.PV;;DI;Насос Р-1042А. Перегрузка эл. двигателя;;;;;;
101_11_DO32.10HV045.10HY045.SO;;DO;Отсек-ль 10HV045. Закрыть из DCS;;;;;;
101_11_DO32.10HV043.10HY043.SO;;DO;Отсек-ль 10HV043. Закрыть из DCS;;;;;;
101_11_DO32.10HV133.10HY133.SO;;DO;Отсек-ль 10HV133. Закрыть из DCS;;;;;;
101_11_DO32.10HV137.10HY137.SO;;DO;Отсек-ль 10HV137. Закрыть из DCS;;;;;;
101_11_DO32.10HV129.10HY129.SO;;DO;Отсек-ль 10HV129. Закрыть из DCS;;;;;;
101_11_DO32.10HV160.10HY160_2.SO;;DO;Отсек-ль 10HV160. Открыть из DCS;;;;;;
101_11_DO32.10HV132.10HY132.SO;;DO;Отсек-ль 10HV132. Закрыть из DCS;;;;;;
101_11_DO32.10HV046.10HY046.SO;;DO;Отсек-ль 10HV046. Закрыть из DCS;;;;;;
101_11_DO32.10HV131.10HY131.SO;;DO;Отсек-ль 10HV131. Закрыть из DCS;;;;;;
101_11_DO32.10HV161.10HY161.SO;;DO;Отсек-ль 10HV161. Закрыть из DCS;;;;;;
101_11_DO32.10HV155.10HY155.SO;;DO;Отсек-ль 10HV155. Открыть из DCS;;;;;;
101_11_DO34.10HX104.10HY104A.SO;;DO;Насос Р-1045S. Пуск из DCS;;;;;;
101_11_DO34.10HX146.10HY146.SO;;DO;A-1040D-08. Стоп из DCS;;;;;;
101_11_DO34.10HX143.10HY143C.SO;;DO;A-1040С-05. Старт без SFC (БАЙПАС);;;;;;
101_11_DO34.10HX143.10HY143A.SO;;DO;A-1040С-05. Пуск из DCS;;;;;;
101_11_DO34.10HX010.10HY010A.SO;;DO;Насос Р-1001B. Пуск из DCS;;;;;;
101_11_DO34.10HX116.10HY116A.SO;;DO;Насос Р-1013S. Пуск из DCS;;;;;;
101_11_DO34.10HX139.10HY139A.SO;;DO;A-1040A-01. Пуск из DCS;;;;;;
101_11_DO34.10HX143.10HY143.SO;;DO;A-1040С-05. Стоп из DCS;;;;;;
101_11_DO34.10HX013.10HY013.SO;;DO;Насос Р-1005S. Стоп из DCS;;;;;;
101_11_DO34.10HX066.10HY066.SO;;DO;Насос Р-1006S. Стоп из DCS;;;;;;
101_11_DO34.10HX148.10HY148C.SO;;DO;A-1040E-10. Старт без SFC (БАЙПАС);;;;;;
101_11_DO34.10HX148.10HY148.SO;;DO;A-1040E-10. Стоп из DCS;;;;;;
101_11_DO34.10HX146.10HY146A.SO;;DO;A-1040D-08. Пуск из DCS;;;;;;
101_11_DO34.10HX148.10HY148A.SO;;DO;A-1040E-10. Пуск из DCS;;;;;;
101_11_DO34.10HX146.10HY146C.SO;;DO;A-1040D-08. Старт без SFC (БАЙПАС);;;;;;
101_11_DO34.10HX139.10HY139C.SO;;DO;A-1040A-01. Старт без SFC (БАЙПАС);;;;;;
101_11_DO34.10HX139.10HY139.SO;;DO;A-1040A-01. Стоп из DCS;;;;;;
101_11_DO34.10HX111.10HY111A.SO;;DO;Насос Р-1042С. Пуск из DCS;;;;;;
101_11_DO34.10HX111.10HY111.SO;;DO;Насос Р-1042С. Стоп из DCS;;;;;;
101_11_DO34.10HX020.10HY020.SO;;DO;Насос Р-1009S. Стоп из DCS;;;;;;
101_11_DO34.10HX055.10HY055.SO;;DO;Насос Р-1004S ГСтоп из DCS;;;;;;
101_11_DO34.10HX053.10HY053.SO;;DO;Насос Р-1003S. Стоп из DCS;;;;;;
101_11_DO34.10HX116.10HY116.SO;;DO;Насос Р-1013S. Стоп из DCS;;;;;;
101_11_DO34.10HX104.10HY104.SO;;DO;Насос Р-1045S. Стоп из DCS;;;;;;
101_11_DO34.10HX071.10HY071.SO;;DO;Насос Р-1007S. Стоп из DCS;;;;;;
101_11_DO34.10HX007.10HY007.SO;;DO;Насос Р-1010S. Стоп из DCS;;;;;;
101_11_DO34.10HX010.10HY010.SO;;DO;Насос Р-1001B. Стоп из DCS;;;;;;
101_11_DO36.10XV165.10XSO165.SO;;DO;Задвижка 10XV165. Открыть из DCS;;;;;;
101_11_DO36.10XV165.10XSC165.SO;;DO;Задвижка 10XV165. Закрыть из DCS;;;;;;
101_11_DO36.10HV099.10XSC099B.SO;;DO;Задвижка 10HV099. Закрыть из DCS;;;;;;
101_11_DO36.10XV162.10XSO162.SO;;DO;Задвижка 10XV162. Открыть из DCS;;;;;;
101_11_DO36.10XV162.10XSC162.SO;;DO;Задвижка 10XV162. Закрыть из DCS;;;;;;
101_11_DO36.10XV163.10XSO163.SO;;DO;Задвижка 10XV163. Открыть из DCS;;;;;;
101_11_DO36.10XV163.10XSC163.SO;;DO;Задвижка 10XV163. Закрыть из DCS;;;;;;
101_11_DO36.10XV164.10XSO164.SO;;DO;Задвижка 10XV164. Открыть из DCS;;;;;;
101_11_DO36.10XV164.10XSC164.SO;;DO;Задвижка 10XV164. Закрыть из DCS;;;;;;
101_11_DO36.10HV099.10HY099A.SO;;DO;Задвижка 10HV099. Открыть из DCS;;;;;;
101_11_DO36.10XV261.10XY261A.SO;;DO;Задвижка 10XV261. Открыть из DCS;;;;;;
101_11_DO36.10XV261.10XY261B.SO;;DO;Задвижка 10XV261. Закрыть из DCS;;;;;;
101_11_DO36.10XV261.10HY261C.SO;;DO;Задвижка 10XV261. Ключ выбора режима: местный;;;;;;
101_11_DO33.10HX151.10HYP1049A.SO;;DO;Насос Р-1049A. Стоп из DCS;;;;;;
101_11_DO33.10HX152.10HYP1049S.SO;;DO;Насос Р-1049S. Стоп из DCS;;;;;;
101_11_DO33.10HX141.10HY141C.SO;;DO;A-1040B-03. Старт без SFC (БАЙПАС);;;;;;
101_11_DO33.10HX141.10HY141A.SO;;DO;A-1040B-03. Пуск из DCS;;;;;;
101_11_DO33.10HX065.10HY065.SO;;DO;Насос Р-1006A. Стоп из DCS;;;;;;
101_11_DO33.10HX054.10HY054.SO;;DO;Насос Р-1004А ГСтоп из DCS;;;;;;
101_11_DO33.10HX147.10HY147.SO;;DO;A-1040E-09. Стоп из DCS;;;;;;
101_11_DO33.10HX147.10HY147C.SO;;DO;A-1040E-09. Старт без SFC (БАЙПАС);;;;;;
101_11_DO33.10HX009.10HY009.SO;;DO;Насос Р-1001A. Стоп из DCS;;;;;;
101_11_DO33.10HX006.10HY006.SO;;DO;Насос Р-1010A. Стоп из DCS;;;;;;
101_11_DO33.10HX150.10HY150A.SO;;DO;A-1040F-12. Пуск из DCS;;;;;;
101_11_DO33.10HX141.10HY141.SO;;DO;A-1040B-03. Стоп из DCS;;;;;;
101_11_DO33.10HX150.10HY150C.SO;;DO;A-1040F-12. Старт без SFC (БАЙПАС);;;;;;
101_11_DO33.10HX052.10HY052.SO;;DO;Насос Р-1003A. Стоп из DCS;;;;;;
101_11_DO33.10HX019.10HY019.SO;;DO;Насос Р-1009A. Стоп из DCS;;;;;;
101_11_DO33.10HX145.10HY145A.SO;;DO;A-1040D-07. Пуск из DCS;;;;;;
101_11_DO33.10HX147.10HY147A.SO;;DO;A-1040E-09. Пуск из DCS;;;;;;
101_11_DO33.10HX145.10HY145C.SO;;DO;A-1040D-07. Старт без SFC (БАЙПАС);;;;;;
101_11_DO33.10HX150.10HY150.SO;;DO;A-1040F-12. Стоп из DCS;;;;;;
101_11_DO33.10HX109.10HY109A.SO;;DO;Насос Р-1041. Пуск из DCS;;;;;;
101_11_DO33.10HX109.10HY109.SO;;DO;Насос Р-1041. Стоп из DCS;;;;;;
101_11_DO33.10HX101.10HY101.SO;;DO;Насос Р-1044S. Стоп из DCS;;;;;;
101_11_DO33.10HX073.10HY073.SO;;DO;Насос Р-1008S. Стоп из DCS;;;;;;
101_11_DO33.10HX012.10HY012.SO;;DO;Насос Р-1005A. Стоп из DCS;;;;;;
101_11_DO33.10HX121.10HY121A.SO;;DO;Насос Р-1040В. Пуск из DCS;;;;;;
101_11_DO33.10HX009.10HY009A.SO;;DO;Насос Р-1001A. Пуск из DCS;;;;;;
101_11_DO33.10HX121.10HY121.SO;;DO;Насос Р-1040В. Стоп из DCS;;;;;;
101_11_DO33.10HX145.10HY145.SO;;DO;A-1040D-07. Стоп из DCS;;;;;;
101_11_DO31.10HV160.10HY160_1.SO;;DO;Отсек-ль 10HV160. Открыть из DCS;;;;;;
101_11_DO31.10HV122.10HY122.SO;;DO;Отсек-ль 10HV122. Закрыть из DCS;;;;;;
101_11_DO31.10HV064.10HY064.SO;;DO;Отсек-ль 10HV064. Закрыть из DCS;;;;;;
101_11_DO31.10HV102.10HY102.SO;;DO;Отсек-ль 10HV102. Закрыть из DCS;;;;;;
101_11_DO31.10HV058.10HY058.SO;;DO;Отсек-ль 10HV058. Закрыть из DCS;;;;;;
101_11_DO31.10HV123.10HY123.SO;;DO;Отсек-ль 10HV123. Закрыть из DCS;;;;;;
101_11_DO31.10HV124.10HY124.SO;;DO;Отсек-ль 10HV124. Закрыть из DCS;;;;;;
101_11_DO31.10HV063.10HY063.SO;;DO;Отсек-ль 10HV063. Закрыть из DCS;;;;;;
101_11_DO31.10HV069.10HY069.SO;;DO;Отсек-ль 10HV069. Закрыть из DCS;;;;;;
101_11_DO31.10HV135.10HY135.SO;;DO;Отсек-ль 10HV135. Закрыть из DCS;;;;;;
101_11_DO31.10HV050.10HY050.SO;;DO;Отсек-ль 10HV050. Закрыть из DCS;;;;;;
101_11_DO31.10HV082.10HY082.SO;;DO;Отсек-ль 10HV082. Закрыть из DCS;;;;;;
101_11_DO31.10HV138.10HY138.SO;;DO;Отсек-ль 10HV138. Открыть из DCS;;;;;;
101_11_DO31.10HV158.10HY158.SO;;DO;Отсек-ль 10HV158. Закрыть из DCS;;;;;;
101_11_DO31.10HV059.10HY059.SO;;DO;Отсек-ль 10HV059. Закрыть из DCS;;;;;;
101_11_DO31.10HV061.10HY061.SO;;DO;Отсек-ль 10HV061. Закрыть из DCS;;;;;;
101_11_DO31.10HV001.10HY001.SO;;DO;Отсек-ль 10HV001. Закрыть из DCS;;;;;;
101_11_DO31.10HV062.10HY062.SO;;DO;Отсек-ль 10HV062. Закрыть из DCS;;;;;;
101_11_DO31.10XV083.10XY083.SO;;DO;Отсек-ль 10XV083. Открыть из DCS;;;;;;
101_11_DO31.10XV084.10XY084.SO;;DO;Отсек-ль 10XV084. Открыть из DCS;;;;;;
101_11_DO31.10HV126.10HY126.SO;;DO;Отсек-ль 10HV126. Закрыть из DCS;;;;;;
101_11_DO31.10HV128.10HY128.SO;;DO;Отсек-ль 10HV128. Закрыть из DCS;;;;;;
101_11_DO31.10HV125.10HY125.SO;;DO;Отсек-ль 10HV125. Закрыть из DCS;;;;;;
101_11_DO31.10HV130.10HY130.SO;;DO;Отсек-ль 10HV130. Закрыть из DCS;;;;;;
101_11_DO31.10HV159.10HY159.SO;;DO;Отсек-ль 10HV159. Открыть из DCS;;;;;;
101_11_DO31.10HV136.10HY136.SO;;DO;Отсек-ль 10HV136. Закрыть из DCS;;;;;;
101_11_DO31.10HV068.10HY068.SO;;DO;Отсек-ль 10HV068. Открыть из DCS;;;;;;
101_11_DO31.10HV157.10HY157.SO;;DO;Отсек-ль 10HV157. Открыть из DCS;;;;;;
101_11_DO31.10HV060.10HY060.SO;;DO;Отсек-ль 10HV060. Закрыть из DCS;;;;;;
101_11_DO31.10HV154.10HY154.SO;;DO;Отсек-ль 10HV154. Открыть из DCS;;;;;;
101_11_DO31.10HV014.10HY014.SO;;DO;Отсек-ль 10HV014. Закрыть из DCS;;;;;;
101_11_DO35.10HX149.10HY149C.SO;;DO;A-1040F-11. Старт без SFC (БАЙПАС);;;;;;
101_11_DO35.10HX142.10HY142C.SO;;DO;A-1040B-04. Старт без SFC (БАЙПАС);;;;;;
101_11_DO35.10HX144.10HY144C.SO;;DO;A-1040С-06. Старт без SFC (БАЙПАС);;;;;;
101_11_DO35.10HX144.10HY144.SO;;DO;A-1040С-06. Стоп из DCS;;;;;;
101_11_DO35.10HX051.10HY051.SO;;DO;Насос Р-1002А. Стоп из DCS;;;;;;
101_11_DO35.10HX144.10HY144A.SO;;DO;A-1040С-06. Пуск из DCS;;;;;;
101_11_DO35.10HX140.10HY140A.SO;;DO;A-1040A-02. Пуск из DCS;;;;;;
101_11_DO35.10HX140.10HY140.SO;;DO;A-1040A-02. Стоп из DCS;;;;;;
101_11_DO35.10HX149.10HY149.SO;;DO;A-1040F-11. Стоп из DCS;;;;;;
101_11_DO35.10HX110.10HY110A.SO;;DO;Насос Р-1042В. Пуск из DCS;;;;;;
101_11_DO35.10HX149.10HY149A.SO;;DO;A-1040F-11. Пуск из DCS;;;;;;
101_11_DO35.10HX142.10HY142A.SO;;DO;A-1040B-04. Пуск из DCS;;;;;;
101_11_DO35.10HX142.10HY142.SO;;DO;A-1040B-04. Стоп из DCS;;;;;;
101_11_DO35.10HX108.10HY108.SO;;DO;Насос Р-1042А. Стоп из DCS;;;;;;
101_11_DO35.10HX115.10HY115.SO;;DO;Насос Р-1013A. Стоп из DCS;;;;;;
101_11_DO35.10HX100.10HY100.SO;;DO;Насос Р-1044A. Стоп из DCS;;;;;;
101_11_DO35.10HX103.10HY103.SO;;DO;Насос Р-1045А. Стоп из DCS;;;;;;
101_11_DO35.10HX110.10HY110.SO;;DO;Насос Р-1042В. Стоп из DCS;;;;;;
101_11_DO35.10HX108.10HY108A.SO;;DO;Насос Р-1042А. Пуск из DCS;;;;;;
101_11_DO35.10HX140.10HY140C.SO;;DO;A-1040A-02. Старт без SFC (БАЙПАС);;;;;;
101_11_DO35.10HX070.10HY070.SO;;DO;Насос Р-1007A. Стоп из DCS;;;;;;
101_11_DO35.10HX120.10HY120.SO;;DO;Насос Р-1040A. Стоп из DCS;;;;;;
101_11_DO35.10HX072.10HY072.SO;;DO;Насос Р-1008A. Стоп из DCS;;;;;;
101_11_DO35.10HX115.10HY115A.SO;;DO;Насос Р-1013A. Пуск из DCS;;;;;;
101_11_DO35.10HX120.10HY120A.SO;;DO;Насос Р-1040A. Пуск из DCS;;;;;;
101_11_DO35.10HX103.10HY103A.SO;;DO;Насос Р-1045А. Пуск из DCS;;;;;;
101_12_AI01.10FC046.10FT046.PV;;AI;ТВГ/РЕФ. ОТ Е-1008 и Е-1018 НА ОР. В Т-1001(4Й СЛОЙ);;;;;;
101_12_AI01.58FC059.58FT059.PV;;AI;РАСХОД ЛЕГКОЙ НЕКОНДИЦИИ;;;;;;
101_12_AI01.58PC060.58PT060.PV;;AI;Давление промывочного масла к распределению;;;;;;
101_12_AI01.10FC045.10FT045.PV;;AI;ЛВГ ОТ Р-1005A/S НА ОР. В T-1001(3Й СЛОЙ);;;;;;
101_12_AI01.10FC044.10FT044.PV;;AI;ЛВГ ОТ Е-1001и Е-1011 НА ОР. В Т-1001(2Й СЛОЙ);;;;;;
101_12_AI01.10PI250.10PT250.PV;;AI;Р ОТКАЧКИ ИЗ V-1041;;;;;;
101_12_AI01.10LI040.10LT040.PV;;AI;V-1041 УРОВЕНЬ;;;;;;
101_12_AI01.10TC201.10TT201.PV;;AI;Т ТОПЛ. ГАЗ ИЗ Е-1038 В V-1005;;;;;;
101_12_AI01.10TC018.10TT018.PV;;AI;ТВГ ОТ Е-1002 И Е-1012 В Е-1022;;;;;;
101_12_AI01.10LI041.10LT041.PV;;AI;V-1042B УРОВЕНЬ;;;;;;
101_12_AI01.10PI251.10PT251.PV;;AI;Р ОТКАЧКИ ИЗ V-1042B;;;;;;
101_12_AI01.10FC095.10FT095.PV;;AI;ТВГ ОТ P-1009A/B;;;;;;
101_12_AI01.10TC039.10TT039.PV;;AI;ТВГ ИЗ E-1008 И Е-1018 К Р-1009A/S;;;;;;
101_12_AI01.10FC048.10FT048.PV;;AI;ПРОМ.МАСЛО ОТ Р-1003A/S НА ОР. В T-1001(6Й СЛОЙ);;;;;;
101_12_AI05.10TI186.10TT186.PV;;AI;Отходящие газы из V-1002;;;;;;
101_12_AI05.10PDI074.10PDT074.PV;;AI;ПЕРЕПАД Р ЛВГ НА S-1004A/S;;;;;;
101_12_AI05.10PDI073.10PDT073.PV;;AI;ПЕРЕПАД Р ПРОМЫВ. МАСЛО НА S-1003A/S;;;;;;
101_12_AI05.10TI203.10TT203.PV;;AI;V-1005 Сепаратор топливного газа;;;;;;
101_12_AI05.10PDI071.10PDT071.PV;;AI;ПЕРЕПАД Р ТВГ-РЕФ. НА S-1001A/S;;;;;;
101_12_AI05.10PI045.10PT045.PV;;AI;Пар сред.давлен. из коллектора;;;;;;
101_12_AI05.10TI105.10TT105.PV;;AI;Т ПАР СД ИЗ КОЛЛЕКТОРА;;;;;;
101_12_AI05.10LI029.10LT029.PV;;AI;V-1010 ИНДИКАТОР УРОВНЯ ;;;;;;
101_12_AI05.10LI027.10LT027.PV;;AI;V-1003 ИНДИКАТОР УРОВНЯ ;;;;;;
101_12_AI05.10PI105.10PT105.PV;;AI;Кислый газ из V-1010;;;;;;
101_12_AI05.10TI215.10TT215.PV;;AI;V-1010 Сепаратор отходящего газа;;;;;;
101_12_AI05.10TI185.10TT185.PV;;AI;Отходящие газы из V-1003;;;;;;
101_12_AI05.10TI184.10TT184.PV;;AI;Кислый газ из V-1010;;;;;;
101_12_AI05.10FI049.10FT049.PV;;AI;ТВГ ОТ Р-1004А/S В T-1001(НА 4Ю ТАРЕЛКУ);;;;;;
101_12_AI05.10FI042.10FT042.PV;;AI;ВАКУУМНЫЙ ОСТАТОК В Т-1001 (КВЕНЧ);;;;;;
101_12_AI05.10PDI076.10PDT076.PV;;AI;ПЕРЕПАД Р ЛВГ-РЕФ. НА S-1006A/S;;;;;;
101_12_AI06.10FI036C_HZ.10FT036C_HZ.PV;;AI;ПАР В Н-1001B - 3 ЗМЕЕВИК ( ВЫЖИГ КОКСА). ИНД-ЦИЯ ПО МЕСТУ;;;;;;
101_12_AI06.10TI225.10TT225.PV;;AI;V-1042B Темные нефтепродукты;;;;;;
101_12_AI06.10FI028.10FT028.PV;;AI;ПРОМЫВ. МАСЛО В АТМ. ОСТАТОК ПЕРЕД H-1001В;;;;;;
101_12_AI06.10FI027.10FT027.PV;;AI;ПРОМЫВ. МАСЛО В АТМ. ОСТАТОК ПЕРЕД H-1001А;;;;;;
101_12_AI06.10TI136.10TT136.PV;;AI;Т ПРОМ. МАСЛО ИЗ Т-1001(4Я Т.) К Р-1003A/S;;;;;;
101_12_AI06.10FI037B_HZ.10FT037B_HZ.PV;;AI;ТЕХ.ВОЗДУХ В Н-1001B - 2 ЗМЕЕВИК ( ВЫЖИГ КОКСА);;;;;;
101_12_AI06.10TI224.10TT224.PV;;AI;V-1041 Темные нефтепродукты;;;;;;
101_12_AI06.10FI036F_HZ.10FT036F_HZ.PV;;AI;ПАР В Н-1001B - 6 ЗМЕЕВИК ( ВЫЖИГ КОКСА);;;;;;
101_12_AI06.10FI036H_HZ.10FT036H_HZ.PV;;AI;ПАР В Н-1001B - 8 ЗМЕЕВИК ( ВЫЖИГ КОКСА);;;;;;
101_12_AI06.10FI036D_HZ.10FT036D_HZ.PV;;AI;ПАР В Н-1001B - 4 ЗМЕЕВИК ( ВЫЖИГ КОКСА);;;;;;
101_12_AI06.10FI036G_HZ.10FT036G_HZ.PV;;AI;ПАР В Н-1001B - 7 ЗМЕЕВИК ( ВЫЖИГ КОКСА). ИНД-ЦИЯ ПО МЕСТУ;;;;;;
101_12_AI06.10FI036B_HZ.10FT036B_HZ.PV;;AI;ПАР В Н-1001B - 2 ЗМЕЕВИК ( ВЫЖИГ КОКСА);;;;;;
101_12_AI06.10FI036E_HZ.10FT036E_HZ.PV;;AI;ПАР В Н-1001B - 5 ЗМЕЕВИК ( ВЫЖИГ КОКСА). ИНД-ЦИЯ ПО МЕСТУ;;;;;;
101_12_AI06.10FI037A_HZ.10FT037A_HZ.PV;;AI;ТЕХ.ВОЗДУХ В Н-1001B - 1 ЗМЕЕВИК ( ВЫЖИГ КОКСА). ИНД-ЦИЯ ПО МЕСТУ;;;;;;
101_12_AI06.10FI036A_HZ.10FT036A_HZ.PV;;AI;ПАР В Н-1001B - 1 ЗМЕЕВИК ( ВЫЖИГ КОКСА). ИНД-ЦИЯ ПО МЕСТУ;;;;;;
101_12_AI07.10FI117.10FT117.PV;;AI;ИНГИБИТОР КОКСООБРАЗ. В КУБ Т-1001;;;;;;
101_12_AI07.10PDI815.10PDT815.PV;;AI;ПЕРЕПАД ДАВЛЕНИЯ ВОЗДУХА НА ПРИВОДЕ 10SY815;;;;;;
101_12_AI07.10EI005S.10ET005S.PV;;AI;Ток двигателя насоса РM-1005S;;;;;;
101_12_AI07.10EI009A.10ET009A.PV;;AI;Ток двигателя насоса РM-1009A;;;;;;
101_12_AI07.10EI009S.10ET009S.PV;;AI;Ток двигателя насоса РM-1009S;;;;;;
101_12_AI07.10FI093.10FT093.PV;;AI;БАЛАНСОВЫЙ ИЗБЫТОК ТВГ ИЗ Е-1002А/В , Е-1012А/В;;;;;;
101_12_AI07.10FI092.10FT092.PV;;AI;ПОЖ./ТЕХ. ВОДА В V-1004;;;;;;
101_12_AI07.10FI037G_HZ.10FT037G_HZ.PV;;AI;ТЕХ.ВОЗДУХ В Н-1001B - 7 ЗМЕЕВИК ( ВЫЖИГ КОКСА). ИНД-ЦИЯ ПО МЕСТУ;;;;;;
101_12_AI07.10FI037H_HZ.10FT037H_HZ.PV;;AI;ТЕХ.ВОЗДУХ В Н-1001B - 8 ЗМЕЕВИК ( ВЫЖИГ КОКСА);;;;;;
101_12_AI07.10FI037F_HZ.10FT037F_HZ.PV;;AI;ТЕХ.ВОЗДУХ В Н-1001B - 6 ЗМЕЕВИК ( ВЫЖИГ КОКСА);;;;;;
101_12_AI07.10FI085.10FT085.PV;;AI;ПОЖ./ТЕХ. ВОДА В V-1004;;;;;;
101_12_AI07.10PI087.10PT087.PV;;AI;Р ТВГ ИЗ Е-1002 И Е-1012 В Е-1022;;;;;;
101_12_AI07.10UIQ119.10UT119.PV;;AI;ОБОРОТНАЯ ВОДА II СИСТЕМЫ ПРЯМАЯ;;;;;;
101_12_AI07.10FI037E_HZ.10FI037E_HZ.PV;;AI;ТЕХ.ВОЗДУХ В Н-1001B - 5 ЗМЕЕВИК ( ВЫЖИГ КОКСА). ИНД-ЦИЯ ПО МЕСТУ;;;;;;
101_12_AI07.10FI037D_HZ.10FT037D_HZ.PV;;AI;ТЕХ.ВОЗДУХ В Н-1001B - 4 ЗМЕЕВИК ( ВЫЖИГ КОКСА);;;;;;
101_12_AI07.10FI037C_HZ.10FT037C_HZ.PV;;AI;ТЕХ.ВОЗДУХ В Н-1001B - 3 ЗМЕЕВИК ( ВЫЖИГ КОКСА). ИНД-ЦИЯ ПО МЕСТУ;;;;;;
101_12_AI12.58FI020.58FT020.PV;;AI;Расход ЛВГ от Р-1010A/S к E-2030 (секция 2000);;;;;;
101_12_AI12.58FC017.58FT017.PV;;AI;Расход ЛВГ от F-4301105A/B (Е-708/Е-709) к Е-2030;;;;;;
101_12_AI12.58FC016.58FT016.PV;;AI;Расход ТВГ от F-4301201А/В (Е-712/Е-713) к Е-2031;;;;;;
101_12_AI12.10FI118.10FT118.PV;;AI;ОБОРОТНАЯ ВОДА 1ОЙ СИСТЕМЫ ПРЯМАЯ;;;;;;
101_12_AI12.10FI100.10FT100.PV;;AI;ПРОМЫВНАЯ Ж-ТЬ НА УСТАНОВКУ;;;;;;
101_12_AI12.10FI074.10FT074.PV;;AI;ЖИДКОЕ ТОПЛИВО C УСТАНОВКИ;;;;;;
101_12_AI12.10FI073.10FT073.PV;;AI;ЖИДКОЕ ТОПЛИВО НА УСТАНОВКУ;;;;;;
101_12_AI12.10SI805.10SI805A.PV;;AI;P-1001S СКОРОСТЬ ВРАЩЕНИЯ ПАР. ТУРБИНЫ;;;;;;
101_12_AI12.10SI975.10SI975A.PV;;AI;P-1040S СКОРОСТЬ ВРАЩЕНИЯ ПАР. ТУРБИНЫ;;;;;;
101_12_AI12.10SI815.10SI815A.PV;;AI;P-1002S СКОРОСТЬ ВРАЩЕНИЯ ПАР. ТУРБИНЫ;;;;;;
101_12_AI11.10SI149.10ST149.PV;;AI;А-1040F- Обрат. связь по частоте;;;;;;
101_12_AI11.10SI147.10ST147.PV;;AI;А-1040E- Обрат. связь по частоте;;;;;;
101_12_AI11.10SI146.10ST146.PV;;AI;А-1040D1- Обрат. связь по частоте;;;;;;
101_12_AI11.10SI142.10ST142.PV;;AI;А-1040B1- Обрат. связь по частоте;;;;;;
101_12_AI11.10SI145.10ST145.PV;;AI;А-1040D- Обрат. связь по частоте;;;;;;
101_12_AI11.10SI144.10ST144.PV;;AI;А-1040С1- Обрат. связь по частоте;;;;;;
101_12_AI11.10SI143.10ST143.PV;;AI;А-1040С- Обрат. связь по частоте;;;;;;
101_12_AI11.10SY975.10SY975.PV;;AI;P-1040S ВЫХОД НА УПРАВЛЯЮЩИЙ КЛАПАН ТУРБИНЫ;;;;;;
101_12_AI11.10SY815.10SY815.PV;;AI;P-1002S ВЫХОД НА УПРАВЛЯЮЩИЙ КЛАПАН ТУРБИНЫ;;;;;;
101_12_AI11.10SI150.10ST150.PV;;AI;А-1040F1- Обрат. связь по частоте;;;;;;
101_12_AI11.10SI141.10ST141.PV;;AI;А-1040B- Обрат. связь по частоте;;;;;;
101_12_AI11.10SI148.10ST148.PV;;AI;А-1040E1- Обрат. связь по частоте;;;;;;
101_12_AI11.10SI140.10ST140.PV;;AI;А-1040А1- Обрат. связь по частоте;;;;;;
101_12_AI11.10SI139.10ST139.PV;;AI;А-1040А- Обрат. связь по частоте;;;;;;
101_12_AI11.10SY805.10SY805.PV;;AI;P-1001S ВЫХОД НА УПРАВЛЯЮЩИЙ КЛАПАН ТУРБИНЫ;;;;;;
101_12_AI13.00XA101D04_G2A.00XT101D04_G2A.PV;;AI;IB-10-1-IER. Шкаф DCS-04. Напряжение ИП G2A (сзади, верхний);;;;;;
101_12_AI13.10FI112.10FT112.PV;;AI;ПАР НД. НА СЕКЦИЮ 1000;;;;;;
101_12_AI13.10FI113.10FT113.PV;;AI;ПАР НД ИЗ СЕКЦИИ 1000;;;;;;
101_12_AI13.20FI237.20FT237.PV;;AI;ТЯЖЕЛ. НАФТА С УСТАНОВКИ ГИДРОКРЕКИНГА;;;;;;
101_12_AI13.58FI019A.58FT019A.PV;;AI;Расход ТВГ от Р-1009A/S к E-2031 (секция 2000);;;;;;
101_12_AI13.58AI025.58AT025.PV;;AI;Содержание О2 в азоте ВД от ОЗХ;;;;;;
101_12_AI13.10EI001B.10ET001B.PV;;AI;Ток двигателя насоса РM-1001B;;;;;;
101_12_AI13.10EI001A.10ET001A.PV;;AI;Ток двигателя насоса РM-1001A;;;;;;
101_12_AI13.10EI002A.10ET002A.PV;;AI;Ток двигателя насоса РM-1002A;;;;;;
101_12_AI13.10EI005A.10ET005A.PV;;AI;Ток двигателя насоса РM-1005A;;;;;;
101_12_AI13.10EI004S.10ET004S.PV;;AI;Ток двигателя насоса РM-1004S;;;;;;
101_12_AI13.10EI004A.10ET004A.PV;;AI;Ток двигателя насоса РM-1004A;;;;;;
101_12_AI13.10AI050.10AT050.PV;;AI;СОДЕР. О2 В ГОЛОВНОМ ПОГОНЕ Т-1001;;;;;;
101_12_AI13.58AI024.58AT024.PV;;AI;Содержание О2 в азоте НД от ОЗХ;;;;;;
101_12_AI13.58FI019B.58FT019B.PV;;AI;Расход ТВГ от Р-1009A/S к E-2031 (секция 2000);;;;;;
101_12_AI14.10FC310.10FT310.PV;;AI;РАСХОД ТВГ ОТ Е-1022С В КОТ. ТОПЛИВО;;;;;;
101_12_AI14.10PI240A.10PT240A.PV;;AI;Темперир.вода после Р-1040А/В/S;;;;;;
101_12_AI14.10FC311.10FT311.PV;;AI;РАСХОД ЛВГ ОТ Е-1023А/В В КОТ. ТОПЛИВО;;;;;;
101_12_AI14.10TC240A.10TT240A.PV;;AI;Т ТЕМПЕРИР. В. ПОСЛЕ А-1040А/В/С;;;;;;
101_12_AI14.10TC173.10TT173.PV;;AI;Т ТЕМПЕР. ВОДЫ ОТ Е-1022 В А-1040;;;;;;
101_12_AI14.10PC091.10PT091.PV;;AI;ЛВГ В Е-708 И Е-709;;;;;;
101_12_AI14.10TC176.10TT176.PV;;AI;Т ТВГ В Е-712 И Е-713 ОТ Е-1022;;;;;;
101_12_AI14.10PC089.10PT089.PV;;AI;ТВГ В Е-712 И Е-713;;;;;;
101_12_AI14.10PDC193.10PDT193.PV;;AI;ПЕРЕПАД Р НА БАЙПАСЕ А-1040;;;;;;
101_12_AI15.10TC175.10TT175.PV;;AI;Т ТЕМПЕР. ВОДЫ ОТ Е-1023 В А-1040;;;;;;
101_12_AI15.10TC240B.10TT240B.PV;;AI;Т ТЕМПЕРИР. В. ПОСЛЕ А-1040E/D/F;;;;;;
101_12_AI15.10TC179.10TT179.PV;;AI;Т ЛВГ В Е-708 И Е-709 ОТ Е-1023;;;;;;
101_12_AI15.10FI114.10FT114.PV;;AI;ПАР СД НА СЕКЦИЮ 1000;;;;;;
101_12_AI15.10TC247.10TT247.PV;;AI;Т ПАР СД ПОСЛЕ J-1003;;;;;;
101_12_AI15.10FC041.10FT041.PV;;AI;ВОДЯНОЙ ПАР НИЗ. ДАВЛЕНИЯ В Т-1001;;;;;;
101_12_AI15.10FC091.10FT091.PV;;AI;ВАКУУМ.ОСТАТОК ОТ Е-1005A/S, E-1015A/S НА ВИСБРЕКИНГ;F091_10;M;Показания;;;
101_12_AI15.10PI275.10PT275.PV;;AI;Тяжелый неконд. продукт к E-701, E-702, E-703;;;;;;
101_12_AI15.10PI240.10PT240.PV;;AI;Темперир.вода после Р-1040А/В/S;;;;;;
101_12_AI16.10TI197G.10TT197G.PV;;AI;Продукты коксовыж. изН-1001B(7змеевик);;;;;;
101_12_AI16.10TI192.10TT192.PV;;AI;Прод.коксовыж.  из Н-1001А в V-1004;;;;;;
101_12_AI16.10TI145.10TT145.PV;;AI;Т ОСТ. ВИСБРЕКИНГА  В Е-1028А/В;;;;;;
101_12_AI16.10TI197A.10TT197A.PV;;AI;Продукты коксовыж. изН-1001B(1змеевик);;;;;;
101_12_AI16.10TI197E.10TT197E.PV;;AI;Продукты коксовыж. изН-1001B(5змеевик);;;;;;
101_12_AI16.10TI197D.10TT197D.PV;;AI;Продукты коксовыж. изН-1001B(4змеевик);;;;;;
101_12_AI16.10TI197C.10TT197C.PV;;AI;Продукты коксовыж. изН-1001B(3змеевик);;;;;;
101_12_AI16.10TI197B.10TT197B.PV;;AI;Продукты коксовыж. изН-1001B(2змеевик);;;;;;
101_12_AI16.10TI197H.10TT197H.PV;;AI;Продукты коксовыж. изН-1001B(8змеевик);;;;;;
101_12_AI16.10LI057.10LT057.PV;;AI;V-1046 УРОВЕНЬ;;;;;;
101_12_AI16.10TI195.10TT195.PV;;AI;Газы коксовыжига из V-1004;;;;;;
101_12_AI16.10TI197F.10TT197F.PV;;AI;Продукты коксовыж. изН-1001B(6змеевик);;;;;;
101_12_AI18.10FQ300.10FT300.PV;;AI;АЗОТ ВД НА УСТАНОВКУ;;;;;;
101_12_AI18.10AI001.10AT001.PV;;AI;ВЯЗКОСТЬ МАЗУТА М-100;;;;;;
101_12_AI18.10TI673.10TT673.PV;;AI;Т МАСЛА В КАРТЕРЕ НАСОСА Р-1050В;;;;;;
101_12_AI18.10PI670.10PT670.PV;;AI;Р НА ВЫКИДЕ НАСОСОВ Р-1050А/В;;;;;;
101_12_AI18.10TI302.10TT302.PV;;AI;АЗОТ ВД НА УСТАНОВКУ;;;;;;
101_12_AI18.10TI670.10TT670.PV;;AI;Т НА ВЫКИДЕ НАСОСОВ Р-1050А/В;;;;;;
101_12_AI18.10TI671.10TT671.PV;;AI;Т МАСЛА В КАРТЕРЕ НАСОСА Р-1050А;;;;;;
101_12_AI18.10PI303.10PT303.PV;;AI;АЗОТ ВД НА УСТАНОВКУ;;;;;;
101_12_AI18.00XA101D05_G1B.00XT101D05_G1B.PV;;AI;IB-10-1-IER. Шкаф DCS-05. Напряжение ИП G1B (спереди, нижний);;;;;;
101_12_AI18.10FI061.10FT061.PV;;AI;БАЛАНСОВЫЙ ИЗБЫТОК ЛВГ ОТ Р-1010A/S;;;;;;
101_12_AI18.10PI086.10PT086.PV;;AI;ЛВГО от Р-1010A/S;;;;;;
101_12_AI18.10FI109.10FT109.PV;;AI;Темперированная вода в Е-1030А,В;;;;;;
101_12_AI18.10LI998.10LT998.PV;;AI;УРОВЕНЬ ИНГИБИТОРА КОРРОЗИИ В V-1007X;;;;;;
101_12_AO02.58FC059.58FV059.OP;;AO;РАСХОД ЛЕГКОЙ НЕКОНДИЦИИ;;;;;;
101_12_AO02.10FI037G_HZ.10FI090GA.OP;;AO;ТЕХ.ВОЗДУХ В Н-1001B - 7 ЗМЕЕВИК ( ВЫЖИГ КОКСА). ИНД-ЦИЯ ПО МЕСТУ;;;;;;
101_12_AO02.10FC045.10FV045.OP;;AO;ЛВГ ОТ Р-1005A/S НА ОР. В T-1001(3Й СЛОЙ);;;;;;
101_12_AO02.10FI037H_HZ.10FI090HA.OP;;AO;ТЕХ.ВОЗДУХ В Н-1001B - 8 ЗМЕЕВИК ( ВЫЖИГ КОКСА). ИНД-ЦИЯ ПО МЕСТУ;;;;;;
101_12_AO02.10TC121.10TV121.OP;;AO;РЕГ-ОР Т ВАК.ОСТ. ИЗ Т-1001 К Р-1002A/S;;;;;;
101_12_AO02.10FC046.10FV046.OP;;AO;ТВГ/РЕФ. ОТ Е-1008 и Е-1018 НА ОР. В Т-1001(4Й СЛОЙ);;;;;;
101_12_AO02.10FC044.10FV044.OP;;AO;ЛВГ ОТ Е-1001и Е-1011 НА ОР. В Т-1001(2Й СЛОЙ);;;;;;
101_12_AO02.10HC044.10HV044.OP;;AO;ТВГ В T-1001 (НА 4Ю ТАРЕЛКУ);;;;;;
101_12_AO02.10LC013.10LV013.OP;;AO;T-1001 РЕГ. УР-НЯ 4Я ГЛ. ТАРЕЛКА (ПРОМ.МАСЛО);;;;;;
101_12_AO02.10FC048.10FV048.OP;;AO;ПРОМ.МАСЛО ОТ Р-1003A/S НА ОР. В T-1001(6Й СЛОЙ);;;;;;
101_12_AO02.10HC023.10HV023.OP;;AO;ПРОМЫВ. МАСЛО В АТМ. ОСТАТОК ПЕРЕД H-1001А ;;;;;;
101_12_AO02.10FC095.10FV095.OP;;AO;ТВГО ОТ P-1009A/B;;;;;;
101_12_AO02.10LI029.10LI029A.OP;;AO;V-1010 МЕСТНЫЙ ИНДИКАТОР УРОВНЯ ;;;;;;
101_12_AO02.10TC201.10TV201.OP;;AO;РЕГ-ОР Т ТОПЛ. ГАЗ ИЗ Е-1038 В V-1005;;;;;;
101_12_AI17.10FI030C_HZ.10FT030C_HZ.PV;;AI;ПАР В Н-1001А - 3 ЗМЕЕВИК ( ВЫЖИГ КОКСА). ИНД-ЦИЯ ПО МЕСТУ;;;;;;
101_12_AI17.10FI031D_HZ.10FT031D_HZ.PV;;AI;ТЕХ.ВОЗДУХ В Н-1001А - 4 ЗМЕЕВИК ( ВЫЖИГ КОКСА);;;;;;
101_12_AI17.10FI031C_HZ.10FT031C_HZ.PV;;AI;ТЕХ.ВОЗДУХ В Н-1001А - 3 ЗМЕЕВИК ( ВЫЖИГ КОКСА). ИНД-ЦИЯ ПО МЕСТУ;;;;;;
101_12_AI17.10FI031B_HZ.10FT031B_HZ.PV;;AI;ТЕХ.ВОЗДУХ В Н-1001А - 2 ЗМЕЕВИК ( ВЫЖИГ КОКСА);;;;;;
101_12_AI17.10FI031A_HZ.10FT031A_HZ.PV;;AI;ТЕХ.ВОЗДУХ В Н-1001А - 1 ЗМЕЕВИК ( ВЫЖИГ КОКСА). ИНД-ЦИЯ ПО МЕСТУ;;;;;;
101_12_AI17.10FI030H_HZ.10FT030H_HZ.PV;;AI;ПАР В Н-1001А - 8 ЗМЕЕВИК (ВЫЖИГ КОКСА);;;;;;
101_12_AI17.10FI030G_HZ.10FT030G_HZ.PV;;AI;ПАР В Н-1001А - 7 ЗМЕЕВИК ( ВЫЖИГ КОКСА). ИНД-ЦИЯ ПО МЕСТУ;;;;;;
101_12_AI17.10FI030F_HZ.10FT030F_HZ.PV;;AI;ПАР В Н-1001А - 6 ЗМЕЕВИК (ВЫЖИГ КОКСА);;;;;;
101_12_AI17.10FI030E_HZ.10FT030E_HZ.PV;;AI;ПАР В Н-1001А - 5 ЗМЕЕВИК ( ВЫЖИГ КОКСА). ИНД-ЦИЯ ПО МЕСТУ;;;;;;
101_12_AI17.10FI030D_HZ.10FT030D_HZ.PV;;AI;ПАР В Н-1001А - 4 ЗМЕЕВИК ( ВЫЖИГ КОКСА);;;;;;
101_12_AI17.10FI030B_HZ.10FT030B_HZ.PV;;AI;ПАР В Н-1001А - 2 ЗМЕЕВИК ( ВЫЖИГ КОКСА);;;;;;
101_12_AI17.10FI031H_HZ.10FT031H_HZ.PV;;AI;ТЕХ.ВОЗДУХ В Н-1001А - 8 ЗМЕЕВИК ( ВЫЖИГ КОКСА);;;;;;
101_12_AI17.10FI031G_HZ.10FT031G_HZ.PV;;AI;ТЕХ.ВОЗДУХ В Н-1001А - 7 ЗМЕЕВИК ( ВЫЖИГ КОКСА). ИНД-ЦИЯ ПО МЕСТУ;;;;;;
101_12_AI17.10FI030A_HZ.10FT030A_HZ.PV;;AI;ПАР В Н-1001А - 1 ЗМЕЕВИК( ВЫЖИГ КОКСА). ИНД-ЦИЯ ПО МЕСТУ;;;;;;
101_12_AI17.10FI031F_HZ.10FT031F_HZ.PV;;AI;ТЕХ.ВОЗДУХ В Н-1001А - 6 ЗМЕЕВИК ( ВЫЖИГ КОКСА);;;;;;
101_12_AI17.10FI031E_HZ.10FT031E_HZ.PV;;AI;ТЕХ.ВОЗДУХ В Н-1001А - 5 ЗМЕЕВИК ( ВЫЖИГ КОКСА). ИНД-ЦИЯ ПО МЕСТУ;;;;;;
101_12_AO03.10FI036D_HZ.10FI089DA.OP;;AO;ПАР В Н-1001B - 4 ЗМЕЕВИК ( ВЫЖИГ КОКСА). ИНД-ЦИЯ ПО МЕСТУ;;;;;;
101_12_AO03.10FI036E_HZ.10FI089EA.OP;;AO;ПАР В Н-1001B - 5 ЗМЕЕВИК ( ВЫЖИГ КОКСА). ИНД-ЦИЯ ПО МЕСТУ;;;;;;
101_12_AO03.10FI036C_HZ.10FI089CA.OP;;AO;ПАР В Н-1001B - 3 ЗМЕЕВИК ( ВЫЖИГ КОКСА). ИНД-ЦИЯ ПО МЕСТУ;;;;;;
101_12_AO03.10FI036B_HZ.10FI089BA.OP;;AO;ПАР В Н-1001B - 2 ЗМЕЕВИК ( ВЫЖИГ КОКСА). ИНД-ЦИЯ ПО МЕСТУ;;;;;;
101_12_AO03.10FI037D_HZ.10FI090DA.OP;;AO;ТЕХ.ВОЗДУХ В Н-1001B - 4 ЗМЕЕВИК ( ВЫЖИГ КОКСА). ИНД-ЦИЯ ПО МЕСТУ;;;;;;
101_12_AO03.10FI036A_HZ.10FI089AA.OP;;AO;ПАР В Н-1001B - 1 ЗМЕЕВИК ( ВЫЖИГ КОКСА). ИНД-ЦИЯ ПО МЕСТУ;;;;;;
101_12_AO03.10TC018.10TV018.OP;;AO;РЕГ-ОР Т ТВГ ОТ Е-1002 И Е-1012 В Е-1022;;;;;;
101_12_AO03.10HC024.10HV024.OP;;AO;ПРОМЫВ. МАСЛО В АТМ. ОСТАТОК ПЕРЕД H-1001B ;;;;;;
101_12_AO03.10FI037F_HZ.10FI090FA.OP;;AO;ТЕХ.ВОЗДУХ В Н-1001B - 6 ЗМЕЕВИК ( ВЫЖИГ КОКСА). ИНД-ЦИЯ ПО МЕСТУ;;;;;;
101_12_AO03.10FI037C_HZ.10FI090CA.OP;;AO;ТЕХ.ВОЗДУХ В Н-1001B - 3 ЗМЕЕВИК ( ВЫЖИГ КОКСА). ИНД-ЦИЯ ПО МЕСТУ;;;;;;
101_12_AO03.10FI037E_HZ.10FI090EA.OP;;AO;ТЕХ.ВОЗДУХ В Н-1001B - 5 ЗМЕЕВИК ( ВЫЖИГ КОКСА). ИНД-ЦИЯ ПО МЕСТУ;;;;;;
101_12_AO03.10FI037B_HZ.10FI090BA.OP;;AO;ТЕХ.ВОЗДУХ В Н-1001B - 2 ЗМЕЕВИК ( ВЫЖИГ КОКСА). ИНД-ЦИЯ ПО МЕСТУ;;;;;;
101_12_AO03.10FI037A_HZ.10FI090AA.OP;;AO;ТЕХ.ВОЗДУХ В Н-1001B - 1 ЗМЕЕВИК ( ВЫЖИГ КОКСА). ИНД-ЦИЯ ПО МЕСТУ;;;;;;
101_12_AO03.10FI036H_HZ.10FI089HA.OP;;AO;ПАР В Н-1001B - 8 ЗМЕЕВИК ( ВЫЖИГ КОКСА). ИНД-ЦИЯ ПО МЕСТУ;;;;;;
101_12_AO03.10FI036G_HZ.10FI089GA.OP;;AO;ПАР В Н-1001B - 7 ЗМЕЕВИК ( ВЫЖИГ КОКСА). ИНД-ЦИЯ ПО МЕСТУ;;;;;;
101_12_AO03.10FI036F_HZ.10FI089FA.OP;;AO;ПАР В Н-1001B - 6 ЗМЕЕВИК ( ВЫЖИГ КОКСА). ИНД-ЦИЯ ПО МЕСТУ;;;;;;
101_12_AO09.10SY142A.10SY142.OP;;AO;A-1040B-04. ЗАДАНИЕ СКОРОСТИ;;;;;;
101_12_AO09.10SY141A.10SY141.OP;;AO;A-1040B-03. ЗАДАНИЕ СКОРОСТИ;;;;;;
101_12_AO09.10SY140A.10SY140.OP;;AO;A-1040A-02. ЗАДАНИЕ СКОРОСТИ;;;;;;
101_12_AO09.10SY145A.10SY145.OP;;AO;A-1040D-07. ЗАДАНИЕ СКОРОСТИ;;;;;;
101_12_AO09.10SY144A.10SY144.OP;;AO;A-1040C-06. ЗАДАНИЕ СКОРОСТИ;;;;;;
101_12_AO09.10SY143A.10SY143.OP;;AO;A-1040C-05. ЗАДАНИЕ СКОРОСТИ;;;;;;
101_12_AO09.10SY149A.10SY149.OP;;AO;A-1040F-11. ЗАДАНИЕ СКОРОСТИ;;;;;;
101_12_AO09.10SY146A.10SY146.OP;;AO;A-1040D-08. ЗАДАНИЕ СКОРОСТИ;;;;;;
101_12_AO09.10SY150A.10SY150.OP;;AO;A-1040F-12. ЗАДАНИЕ СКОРОСТИ;;;;;;
101_12_AO09.10SY148A.10SY148.OP;;AO;A-1040E-10. ЗАДАНИЕ СКОРОСТИ;;;;;;
101_12_AO09.10SY147A.10SY147.OP;;AO;A-1040E-09. ЗАДАНИЕ СКОРОСТИ;;;;;;
101_12_AO09.10SY139A.10SY139.OP;;AO;A-1040A-01. ЗАДАНИЕ СКОРОСТИ;;;;;;
101_12_AO10.10PY297A.10PV297A.OP;;AO;АЗОТ В V-1047;;;;;;
101_12_AO10.10PY297B.10PV297B.OP;;AO;АЗОТ НА ФАКЕЛ ОТ V-1047;;;;;;
101_12_AO10.10PC077X.10PV077X.OP;;AO;ДАВЛЕНИЕ ПОДАЧИ ПАРА В ВСА;;;;;;
101_12_AO10.10SI975.10SI975_INDIK.OP;;AO;ИНДИКАТОР P-1040S СКОРОСТЬ ВРАЩЕНИЯ ПАР. ТУРБИНЫ;;;;;;
101_12_AO10.10SI805.10SI805_INDIK.OP;;AO;ИНДИКАТОР P-1001S СКОРОСТЬ ВРАЩЕНИЯ ПАР. ТУРБИНЫ;;;;;;
101_12_AO10.10SI815.10SI815_INDIK.OP;;AO;ИНДИКАТОР P-1002S СКОРОСТЬ ВРАЩЕНИЯ ПАР. ТУРБИНЫ;;;;;;
101_12_AO21.58FC016.58FV016.OP;;AO;Расход ТВГ от F-4301201А/В к Е-2031 ;;;;;;
101_12_AO21.58PC060.58PV060.OP;;AO;Давление промывочного масла к распределению;;;;;;
101_12_AO21.58FC017.58FV017.OP;;AO;Расход ЛВГ от F-4301105A/B к Е-2030;;;;;;
101_12_AO19.10FC310.10FV310.OP;;AO;РАСХОД ТВГ ОТ Е-1022С В КОТ. ТОПЛИВО;;;;;;
101_12_AO19.10FC311.10FV311.OP;;AO;РАСХОД ЛВГ ОТ Е-1023А/В В КОТ. ТОПЛИВО;;;;;;
101_12_AO19.10TC175.10TV175.OP;;AO;РЕГ-ОР Т ТЕМПЕР. ВОДЫ ОТ Е-1023 В А-1040;;;;;;
101_12_AO19.10FY091.10FV091.OP;;AO;ВАКУУМ.ОСТАТОК ОТ Е-1005A/S, E-1015A/S НА ВИСБРЕКИНГ;FV091_10;M;Задание;;;
101_12_AO19.10LC010.10LV010.OP;;AO;T-1001 РЕГ. УРОВНЯ 1Я ГЛ. ТАРЕЛКА (ВД);;;;;;
101_12_AO19.10FI031H_HZ.10FI088HA.OP;;AO;ТЕХ.ВОЗДУХ В Н-1001А - 8 ЗМЕЕВИК ( ВЫЖИГ КОКСА). ИНД-ЦИЯ ПО МЕСТУ;;;;;;
101_12_AO19.10TC173.10TV173.OP;;AO;РЕГ-ОР Т ТЕМПЕР. ВОДЫ ОТ Е-1022 В А-1040;;;;;;
101_12_AO19.10PC091.10PV091.OP;;AO;РЕГУЛЯТОР ДАВЛЕНИЯ ЛВГ В Е-708 И Е-709;;;;;;
101_12_AO19.10PC089.10PV089.OP;;AO;РЕГУЛЯТОР ДАВЛЕНИЯ ТВГ В Е-712 И Е-713;;;;;;
101_12_AO19.10TC179.10TV179.OP;;AO;РЕГ-ОР Т ЛВГ В Е-708 И Е-709 ОТ Е-1023;;;;;;
101_12_AO19.10TC176.10TV176.OP;;AO;РЕГ-ОР Т ТВГ В Е-712 И Е-713 ОТ Е-1022;;;;;;
101_12_AO19.10FI031G_HZ.10FI088GA.OP;;AO;ТЕХ.ВОЗДУХ В Н-1001А - 7 ЗМЕЕВИК ( ВЫЖИГ КОКСА). ИНД-ЦИЯ ПО МЕСТУ;;;;;;
101_12_AO19.10PDC193.10PDV193.OP;;AO;РЕГ-Р ПЕРЕПАДА Р НА БАЙПАСЕ А-1040;;;;;;
101_12_AO20.10FI031E_HZ.10FI088EA.OP;;AO;ТЕХ.ВОЗДУХ В Н-1001А - 5 ЗМЕЕВИК ( ВЫЖИГ КОКСА). ИНД-ЦИЯ ПО МЕСТУ;;;;;;
101_12_AO20.10FI031D_HZ.10FI088DA.OP;;AO;ТЕХ.ВОЗДУХ В Н-1001А - 4 ЗМЕЕВИК ( ВЫЖИГ КОКСА). ИНД-ЦИЯ ПО МЕСТУ;;;;;;
101_12_AO20.10FI031C_HZ.10FI088CA.OP;;AO;ТЕХ.ВОЗДУХ В Н-1001А - 3 ЗМЕЕВИК ( ВЫЖИГ КОКСА). ИНД-ЦИЯ ПО МЕСТУ;;;;;;
101_12_AO20.10FI031B_HZ.10FI088BA.OP;;AO;ТЕХ.ВОЗДУХ В Н-1001А - 2 ЗМЕЕВИК ( ВЫЖИГ КОКСА). ИНД-ЦИЯ ПО МЕСТУ;;;;;;
101_12_AO20.10FI031A_HZ.10FI088AA.OP;;AO;ТЕХ.ВОЗДУХ В Н-1001А - 1 ЗМЕЕВИК ( ВЫЖИГ КОКСА). ИНД-ЦИЯ ПО МЕСТУ;;;;;;
101_12_AO20.10FI030H_HZ.10FI087HA.OP;;AO;ПАР В Н-1001А - 8 ЗМЕЕВИК (ВЫЖИГ КОКСА). ИНД-ЦИЯ ПО МЕСТУ;;;;;;
101_12_AO20.10FI030G_HZ.10FI087GA.OP;;AO;ПАР В Н-1001А - 7 ЗМЕЕВИК ( ВЫЖИГ КОКСА). ИНД-ЦИЯ ПО МЕСТУ;;;;;;
101_12_AO20.10FI030F_HZ.10FI087FA.OP;;AO;ПАР В Н-1001А - 6 ЗМЕЕВИК (ВЫЖИГ КОКСА). ИНД-ЦИЯ ПО МЕСТУ;;;;;;
101_12_AO20.10FI030E_HZ.10FI087EA.OP;;AO;ПАР В Н-1001А - 5 ЗМЕЕВИК ( ВЫЖИГ КОКСА). ИНД-ЦИЯ ПО МЕСТУ;;;;;;
101_12_AO20.10FI030D_HZ.10FI087DA.OP;;AO;ПАР В Н-1001А - 4 ЗМЕЕВИК ( ВЫЖИГ КОКСА). ИНД-ЦИЯ ПО МЕСТУ;;;;;;
101_12_AO20.10FI030C_HZ.10FI087CA.OP;;AO;ПАР В Н-1001А - 3 ЗМЕЕВИК ( ВЫЖИГ КОКСА). ИНД-ЦИЯ ПО МЕСТУ;;;;;;
101_12_AO20.10FI030B_HZ.10FI087BA.OP;;AO;ПАР В Н-1001А - 2 ЗМЕЕВИК ( ВЫЖИГ КОКСА). ИНД-ЦИЯ ПО МЕСТУ;;;;;;
101_12_AO20.10FI030A_HZ.10FI087AA.OP;;AO;ПАР В Н-1001А - 1 ЗМЕЕВИК( ВЫЖИГ КОКСА). ИНД-ЦИЯ ПО МЕСТУ;;;;;;
101_12_AO20.10TC247.10TV247.OP;;AO;РЕГ-ОР Т ПАР СД ПОСЛЕ J-1003;;;;;;
101_12_AO20.10FC041.10FV041.OP;;AO;ВОДЯНОЙ ПАР НИЗ. ДАВЛЕНИЯ В Т-1001;;;;;;
101_12_AO20.10FI031F_HZ.10FI088FA.OP;;AO;ТЕХ.ВОЗДУХ В Н-1001А - 6 ЗМЕЕВИК ( ВЫЖИГ КОКСА). ИНД-ЦИЯ ПО МЕСТУ;;;;;;
101_12_DI08.10XV083.10HSXV083.PV;;DI;Отсек-ль 10XV083. КНОПКА ВЗВОДА ОТС-ЛЬ ПАР НД ОТ J-1005;;;;;;
101_12_DI08.10XV084.10HSXV084.PV;;DI;Отсек-ль 10-XV-084. КНОПКА ВЗВОДА ОТС-ЛЯ;;;;;;
101_12_DI08.10HV129.10HZSO129.PV;;DI;Отсек-ль 10-HV-129. Концевик открытия;;;;;;
101_12_DI08.10HV043.10HZSC043.PV;;DI;Отсек-ль 10-HV-043. Концевик закрытия;;;;;;
101_12_DI08.10HV043.10HZSO043.PV;;DI;Отсек-ль 10-HV-043. Концевик открытия;;;;;;
101_12_DI08.10HV132.10HZSC132.PV;;DI;Отсек-ль 10-HV-132. Концевик закрытия;;;;;;
101_12_DI08.10HV131.10HZSC131.PV;;DI;Отсек-ль 10-HV-131. Концевик закрытия;;;;;;
101_12_DI08.10HV131.10HZSO131.PV;;DI;Отсек-ль 10-HV-131. Концевик открытия;;;;;;
101_12_DI08.10HV133.10HZSC133.PV;;DI;Отсек-ль 10-HV-133. Концевик закрытия;;;;;;
101_12_DI08.10HV132.10HZSO132.PV;;DI;Отсек-ль 10-HV-132. Концевик открытия;;;;;;
101_12_DI08.10HV046.10HZSC046.PV;;DI;Отсек-ль 10-HV-046. Концевик закрытия;;;;;;
101_12_DI08.20XV266.20XZSC266.PV;;DI;Отсек-ль 20-XV-266. Концевик закрытия;;;;;;
101_12_DI08.10HV046.10HZSO046.PV;;DI;Отсек-ль 10-HV-046. Концевик открытия;;;;;;
101_12_DI08.20XV266.20XZSO266.PV;;DI;Отсек-ль 20-XV-266. Концевик открытия;;;;;;
101_12_DI08.10HV155.10HZSC155.PV;;DI;Отсек-ль 10-HV-155. Концевик закрытия;;;;;;
101_12_DI08.10HV155.10HZSO155.PV;;DI;Отсек-ль 10-HV-155. Концевик открытия;;;;;;
101_12_DI08.10HV129.10HZSC129.PV;;DI;Отсек-ль 10-HV-129. Концевик закрытия;;;;;;
101_12_DI08.10HV045.10HZSC045.PV;;DI;Отсек-ль 10-HV-045. Концевик закрытия;;;;;;
101_12_DI08.10HV045.10HZSO045.PV;;DI;Отсек-ль 10-HV-045. Концевик открытия;;;;;;
101_12_DI08.10HV133.10HZSO133.PV;;DI;Отсек-ль 10-HV-133. Концевик открытия;;;;;;
101_12_DI08.10HV137.10HZSC137.PV;;DI;Отсек-ль 10-HV-137. Концевик закрытия;;;;;;
101_12_DI08.10HV137.10HZSO137.PV;;DI;Отсек-ль 10-HV-137. Концевик открытия;;;;;;
101_12_DI22.10HV157.10HZSO157.PV;;DI;Отсек-ль 10-HV-157. Концевик открытия;;;;;;
101_12_DI22.10HV068.10HZSC068.PV;;DI;Отсек-ль 10-HV-068. Концевик закрытия;;;;;;
101_12_DI22.10HV050.10HZSO050.PV;;DI;Отсек-ль 10-HV-050. Концевик открытия;;;;;;
101_12_DI22.10HV068.10HZSO068.PV;;DI;Отсек-ль 10-HV-068. Концевик открытия;;;;;;
101_12_DI22.10HV157.10HZSC157.PV;;DI;Отсек-ль 10-HV-157. Концевик закрытия;;;;;;
101_12_DI22.10HV069.10HZSO069.PV;;DI;Отсек-ль 10-HV-069. Концевик открытия;;;;;;
101_12_DI22.10HV138.10HZSO138.PV;;DI;Отсек-ль 10-HV-138. Концевик открытия;;;;;;
101_12_DI22.10HV135.10HZSO135.PV;;DI;Отсек-ль 10-HV-135. Концевик открытия;;;;;;
101_12_DI22.10XV067.10XZSC067.PV;;DI;Отсек-ль 10-XV-067. Концевик закрытия;;;;;;
101_12_DI22.10HV138.10HZSC138.PV;;DI;Отсек-ль 10-HV-138. Концевик закрытия;;;;;;
101_12_DI22.10HV135.10HZSC135.PV;;DI;Отсек-ль 10-HV-135. Концевик закрытия;;;;;;
101_12_DI22.10HV069.10HZSC069.PV;;DI;Отсек-ль 10-HV-069. Концевик закрытия;;;;;;
101_12_DI22.10XV067.10XZSO067.PV;;DI;Отсек-ль 10-XV-067. Концевик открытия;;;;;;
101_12_DI22.10HV050.10HZSC050.PV;;DI;Отсек-ль 10-HV-050. Концевик закрытия;;;;;;
101_12_DI23.10AA001.10XA001.PV;;DI;ОБЩИЙ ОТКАЗ ВИСКОЗИМЕТРА 10АТ001;;;;;;
101_12_DI23.10TA675.10TA675.PV;;DI;НИЗКАЯ Т ОБОГРЕВА ЛИНИИ СБРОСА ПРОБЫ С ВИСКОЗИМЕТРА;;;;;;
101_12_DI23.10XA712.10XS712.PV;;DI;10SIC-815 Общая сигнализация;;;;;;
101_12_DI23.10HV123.10HZSC123.PV;;DI;Отсек-ль 10-HV-123. Концевик закрытия;;;;;;
101_12_DI23.10HV063.10HZSO063.PV;;DI;Отсек-ль 10-HV-063. Концевик открытия;;;;;;
101_12_DI23.10HV063.10HZSC063.PV;;DI;Отсек-ль 10-HV-063. Концевик закрытия;;;;;;
101_12_DI23.10HV123.10HZSO123.PV;;DI;Отсек-ль 10-HV-123. Концевик открытия;;;;;;
101_12_DI23.10HV124.10HZSC124.PV;;DI;Отсек-ль 10-HV-124. Концевик закрытия;;;;;;
101_12_DI23.10HV102.10HZSC102.PV;;DI;Отсек-ль 10-HV-102. Концевик закрытия;;;;;;
101_12_DI23.10HV102.10HZSO102.PV;;DI;Отсек-ль 10-HV-102. Концевик открытия;;;;;;
101_12_DI23.10XA977.10XS977.PV;;DI;10SIC-975 Общая сигнализация;;;;;;
101_12_DI23.10XA702.10XS702.PV;;DI;10SIC-805 Общая сигнализация;;;;;;
101_12_DI23.10HV124.10HZSO124.PV;;DI;Отсек-ль 10-HV-124. Концевик открытия;;;;;;
10PCDI001_AI2.PCDI_AI.PV[1];300034,10LC020.DATAACQA_1.P1;AI;V-1002 РЕГУЛЯТОР УРОВНЯ КИСЛОЙ ВОДЫ;;;;;;
10PCDI001_AI2.PCDI_AI.PV[2];300035,10LC023.DATAACQA_1.P1;AI;V-1002 РЕГ. УРОВНЯ НЕКОНДИЦИИ;;;;;;
10PCDI001_AO02.PCDI_AO.PV[1];700002,;AI;;;;;;;
10PCDI001_AO02.PCDI_AO.PV[2];700003,;AI;;;;;;;
10PCDI001_AO02.PCDI_AO.PV[3];700004,;AI;;;;;;;
10PCDI001_AO02.PCDI_AO.PV[4];700005,;AI;;;;;;;
10PCDI001_AO02.PCDI_AO.PV[5];700006,;AI;;;;;;;
10PCDI001_AO02.PCDI_AO.PV[6];700007,;AI;;;;;;;
10PCDI001_AO02.PCDI_AO.PV[7];700008,;AI;;;;;;;
10PCDI001_AO02.PCDI_AO.PV[8];700009,;AI;;;;;;;
10PCDI001_AO02.PCDI_AO.PV[9];700010,;AI;;;;;;;
10PCDI001_AO02.PCDI_AO.PV[10];700011,;AI;;;;;;;
10PCDI001_AO02.PCDI_AO.PV[11];700012,;AI;;;;;;;
10PCDI002_AI3.PCDI_AI.PV[1];300034,10LC010.DATAACQA_1.P1;AI;T-1001 РЕГ. УРОВНЯ 1Я ГЛ. ТАРЕЛКА (ВД);;;;;;
10PCDI002_AI3.PCDI_AI.PV[2];300035,10LC011.DATAACQA_1.P1;AI;T-1001 РЕГ. УРОВНЯ 2Я ГЛ. ТАРЕЛКА (ЛВГ);;;;;;
10PCDI002_AI3.PCDI_AI.PV[3];300036,10LC012.DATAACQA_1.P1;AI;T-1001 РЕГ. УРОВНЯ 3Я ГЛ. ТАРЕЛКА (ТВГ);;;;;;
10PCDI002_AI3.PCDI_AI.PV[4];300037,10LC013.DATAACQA_1.P1;AI;T-1001 РЕГ. УР-НЯ 4Я ГЛ. ТАРЕЛКА (ПРОМ.МАСЛО);;;;;;
10PCDI002_AO02.PCDI_AO.PV[1];700002,;AI;;;;;;;
10PCDI002_AO02.PCDI_AO.PV[2];700003,;AI;;;;;;;
10PCDI002_AO02.PCDI_AO.PV[3];700004,;AI;;;;;;;
10PCDI002_AO02.PCDI_AO.PV[4];700005,;AI;;;;;;;
10PCDI002_AO02.PCDI_AO.PV[5];700006,;AI;;;;;;;
10PCDI002_AO02.PCDI_AO.PV[6];700007,;AI;;;;;;;
58FI082.58FT082.PV;;AI;РАСХОД ПАРА НД К/ОТ КОМПЛЕКСА;;;;;;
58PI082.58PT082.PV;;AI;ДАВЛЕНИЕ ПАРА НД К/ОТ КОМПЛЕКСА;;;;;;
58TI082.58TT082.PV;;AI;ТЕМПЕРАТУРА ПАРА НД К/ОТ КОМПЛЕКСА;;;;;;
101_21_AI05.10FC032G.10FT032G.PV;;AI;ВОДЯНОЙ ПАР СД В H-1001A - 7 ЗМЕЕВИК;;;;;;
101_21_AI05.10TI254.10TT254.PV;;AI;Т АТМ.ОСТАТОК ИЗ H-1001A - 5 ЗМЕЕВИК;;;;;;
101_21_AI05.10TI079.10TT079.PV;;AI;Т АТМ.ОСТАТОК ИЗ H-1001A - 3 ЗМЕЕВИК;;;;;;
101_21_AI05.10FC031C.10FT031C.PV;;AI;АТМ.ОСТАТОК В H-1001A - 3 ЗМЕЕВИК;;;;;;
101_21_AI05.10TI073.10TT073.PV;;AI;Т АТМ.ОСТАТОК ИЗ H-1001A - 1 ЗМЕЕВИК;;;;;;
101_21_AI05.10FC031G.10FT031G.PV;;AI;АТМ.ОСТАТОК В H-1001A - 7 ЗМЕЕВИК;;;;;;
101_21_AI05.10FC031E.10FT031E.PV;;AI;АТМ.ОСТАТОК В H-1001A - 5 ЗМЕЕВИК;;;;;;
101_21_AI05.10TI256.10TT256.PV;;AI;Т АТМ.ОСТАТОК ИЗ H-1001A - 7 ЗМЕЕВИК;;;;;;
101_21_AI05.10FC031A.10FT031A.PV;;AI;АТМ.ОСТАТОК В H-1001A - 1 ЗМЕЕВИК;;;;;;
101_21_AI05.10FC032E.10FT032E.PV;;AI;ВОДЯНОЙ ПАР СД В H-1001A - 5 ЗМЕЕВИК;;;;;;
101_21_AI05.10FC032C.10FT032C.PV;;AI;ВОДЯНОЙ ПАР СД В H-1001A - 3 ЗМЕЕВИК;;;;;;
101_21_AI05.10FC032A.10FT032A.PV;;AI;ВОДЯНОЙ ПАР СД В H-1001A - 1 ЗМЕЕВИК;;;;;;
101_21_AI05.10PI654.10PT654.PV;;AI;Система уплотн. P-1042C;;;;;;
101_21_AI05.10FC029.10FT029.PV;;AI;АТМОСФЕРНЫЙ ОСТАТОК В H-1001A;;;;;;
101_21_AI05.10TI074A.10TT074A.PV;;AI;Т СЫРЬЯ ИЗ H-1001A (ОБЩИЙ);;;;;;
101_21_AI06.10FC031H.10FT031H.PV;;AI;АТМ.ОСТАТОК В H-1001A - 8 ЗМЕЕВИК;;;;;;
101_21_AI06.10FC032H.10FT032H.PV;;AI;ВОДЯНОЙ ПАР СД В H-1001A - 8 ЗМЕЕВИК;;;;;;
101_21_AI06.10TI080.10TT080.PV;;AI;Т АТМ.ОСТАТОК ИЗ H-1001A - 4 ЗМЕЕВИК;;;;;;
101_21_AI06.10TI078.10TT078.PV;;AI;Т АТМ.ОСТАТОК ИЗ H-1001A - 2 ЗМЕЕВИК;;;;;;
101_21_AI06.10FC032B.10FT032B.PV;;AI;ВОДЯНОЙ ПАР СД В H-1001A - 2 ЗМЕЕВИК;;;;;;
101_21_AI06.10TI257.10TT257.PV;;AI;Т АТМ.ОСТАТОК ИЗ H-1001A - 8 ЗМЕЕВИК;;;;;;
101_21_AI06.10TI255.10TT255.PV;;AI;Т АТМ.ОСТАТОК ИЗ H-1001A - 6 ЗМЕЕВИК;;;;;;
101_21_AI06.10FC031F.10FT031F.PV;;AI;АТМ.ОСТАТОК В H-1001A - 6 ЗМЕЕВИК;;;;;;
101_21_AI06.10FC031D.10FT031D.PV;;AI;АТМ.ОСТАТОК В H-1001A - 4 ЗМЕЕВИК;;;;;;
101_21_AI06.10FC031B.10FT031B.PV;;AI;АТМ.ОСТАТОК В H-1001A - 2 ЗМЕЕВИК;;;;;;
101_21_AI06.10TI074B.10TT074B.PV;;AI;Т СЫРЬЯ ИЗ H-1001A (ОБЩИЙ);;;;;;
101_21_AI06.10FC032D.10FT032D.PV;;AI;ВОДЯНОЙ ПАР СД В H-1001A - 4 ЗМЕЕВИК;;;;;;
101_21_AI06.10FC032F.10FT032F.PV;;AI;ВОДЯНОЙ ПАР СД В H-1001A - 6 ЗМЕЕВИК;;;;;;
101_21_AI07.10SI818.10ST818.PV;;AI;ДЫМОСОС CM1002BX. ЧАСТОТА ВРАЩЕНИЯ;;;;;;
101_21_AI07.10FI802.10FT802.PV;;AI;H-1001B ТОПЛИВНЫЙ ГАЗ ;;;;;;
101_21_AI07.10TC830.10TT830.PV;;AI;Т ДЫМ.Г. ПОСЛЕ Е-1031ВХ(Н-1001В);;;;;;
101_21_AI07.10PI836.10PT836.PV;;AI; H-1001B  P ВОЗДУХА К ФОРСУНКАМ;;;;;;
101_21_AI07.10FI805.10FT805.PV;;AI;ВОЗДУХ К ФОРСУНКАМ ПЕЧИ Н-1001В;;;;;;
101_21_AI07.10TI820.10TT820.PV;;AI; Т ТОПЛИВНЫЙ ГАЗ  (H-1001B);;;;;;
101_21_AI07.10FI801A.10FT801A.PV;;AI;H-1001B  ЖИДКОЕ ТОПЛИВО ОБРАТНОЕ;;;;;;
101_21_AI07.10TI823.10TT823.PV;;AI;Т ВОЗДУХА К С-1001СХ/DX (H-1001B) ;;;;;;
101_21_AI07.10PC806.10PT806.PV;;AI;ДАВЛЕНИЕ НА ПЕРЕВАЛЕ Н-1001В;;;;;;
101_21_AI07.10PI815.10PT815.PV;;AI;Р ТОПЛ. ГАЗА К H-1001B ;;;;;;
101_21_AI07.10FI801B.10FT801B.PV;;AI;H-1001B  ЖИДКОЕ ТОПЛИВО ПРЯМОЕ;;;;;;
101_21_AI07.10PC810.10PT810.PV;;AI;ДАВ-Е ЖИД. ТОПЛИВА H-1001B ПРЯМОЕ;;;;;;
101_21_AI07.10PC816A.10PT816.PV;;AI;ДАВЛ-Е ТОПЛ. ГАЗА H-1001B;;;;;;
101_21_AI07.10PDC813.10PDT813.PV;;AI;ПЕРЕПАД Р  ЖИД.ТОП./ ПАР Н-1001В;;;;;;
101_21_AI07.10TC825.10TT825.PV;;AI;Т ВОЗДУХА ПОСЛЕ Е-1030ВХ(Н-1001В);;;;;;
101_21_AI09.10TI921.10TT921.PV;;AI;Т КИСЛЫЙ ГАЗ (H-1001А);;;;;;
101_21_AI09.10PI946.10PT946.PV;;AI;Р ДЫМОВЫХ ГАЗОВ ОТ Н-1001А В ГАЗОХОД;;;;;;
101_21_AI09.10TI926.10TT926.PV;;AI;Т  ВОЗДУХА К ФОРСУНКАМ (H-1001А);;;;;;
101_21_AI09.10PDI923.10PDT923.PV;;AI;ПЕРЕПАД Р ТОПЛ. ГАЗА Н-1001А;;;;;;
101_21_AI09.10FI904.10FT904.PV;;AI;Н-1001А ПАР ДЛЯ ЖИДКОГО ТОПЛИВА;;;;;;
101_21_AI09.10PC952.10PT952.PV;;AI;Р ПИЛОТНОГО ГАЗА К Н-1001А;;;;;;
101_21_AI09.10TI919.10TT919.PV;;AI;Т  ЖИДКОГО ТОПЛИВА ПРЯМОГО (Н-1001А);;;;;;
101_21_AI09.10PI921.10PT921.PV;;AI;Р КИСЛОГО ГАЗА К Н-1001А;;;;;;
101_21_AI08.10SI918.10ST918.PV;;AI;ДЫМОСОС CM1002AX. ЧАСТОТА ВРАЩЕНИЯ;;;;;;
101_21_AI08.10PI936.10PT936.PV;;AI; H-1001А  P ВОЗДУХА К ФОРСУНКАМ;;;;;;
101_21_AI08.10TC930.10TT930.PV;;AI;Т ДЫМ.Г. ПОСЛЕ Е-1031АХ(Н-1001А);;;;;;
101_21_AI08.10PC916A.10PT916.PV;;AI;ДАВЛ-Е ТОПЛ. ГАЗА H-1001А;;;;;;
101_21_AI08.10FI905.10FT905.PV;;AI;ВОЗДУХ К ФОРСУНКАМ ПЕЧИ Н-1001А;;;;;;
101_21_AI08.10TI920.10TT920.PV;;AI; Т ТОПЛИВНЫЙ ГАЗ  (H-1001А);;;;;;
101_21_AI08.10FI901A.10FT901A.PV;;AI;H-1001A  ЖИДКОЕ ТОПЛИВО ОБРАТНОЕ;;;;;;
101_21_AI08.10TI923.10TT923.PV;;AI;Т ВОЗДУХА К С-1001АХ/ВX (H-1001А) ;;;;;;
101_21_AI08.10PC906.10PT906.PV;;AI;ДАВЛЕНИЕ НА ПЕРЕВАЛЕ Н-1001А;;;;;;
101_21_AI08.10PI915.10PT915.PV;;AI;Р ТОПЛ. ГАЗА К H-1001А ;;;;;;
101_21_AI08.10FI901B.10FT901B.PV;;AI;H-1001A  ЖИДКОЕ ТОПЛИВО ПРЯМОЕ;;;;;;
101_21_AI08.10PC910.10PT910.PV;;AI;ДАВ-Е ЖИД. ТОПЛИВА H-1001А ПРЯМОЕ;;;;;;
101_21_AI08.10FI902.10FT902.PV;;AI;H-1001A ТОПЛИВНЫЙ ГАЗ ;;;;;;
101_21_AI08.10PDC913.10PDT913.PV;;AI;ПЕРЕПАД Р  ЖИД.ТОП./ ПАР Н-1001А;;;;;;
101_21_AI08.10TC925.10TT925.PV;;AI;Т ВОЗДУХА ПОСЛЕ Е-1030АХ(Н-1001А);;;;;;
101_21_AI12.10PI821.10PT821.PV;;AI;Р КИСЛОГО ГАЗА К Н-1001В;;;;;;
101_21_AI12.10PC852.10PT852.PV;;AI;Р ПИЛОТНОГО ГАЗА К Н-1001В;;;;;;
101_21_AI12.10PI652.10PT652.PV;;AI;Система уплотн. P-1042B;;;;;;
101_21_AI12.10TI821.10TT821.PV;;AI;Т КИСЛЫЙ ГАЗ (H-1001B);;;;;;
101_21_AI12.10PI650.10PT650.PV;;AI;Система уплотн. P-1042A;;;;;;
101_21_AI12.10PI656.10PT656.PV;;AI;Система уплотн. P-1041;;;;;;
101_21_AI12.10PDI823.10PDT823.PV;;AI;ПЕРЕПАД Р ТОПЛ. ГАЗА Н-1001В;;;;;;
101_21_AI12.10FI804.10FT804.PV;;AI;Н-1001В ПАР ДЛЯ ЖИДКОГО ТОПЛИВА;;;;;;
101_21_AI12.10PI846.10PT846.PV;;AI;Р ДЫМОВЫХ ГАЗОВ ОТ Н-1001В В ГАЗОХОД;;;;;;
101_21_AI12.10TI819.10TT819.PV;;AI;Т  ЖИДКОГО ТОПЛИВА ПРЯМОГО (Н-1001В);;;;;;
101_21_AI12.10TI826.10TT826.PV;;AI;Т  ВОЗДУХА К ФОРСУНКАМ (H-1001B);;;;;;
101_21_AI16.58AI001AA.58AI001A_10.PV;;AI;ИНДЕКС ВОББЕ ОТ 58AT0001 ИЗ СЕК. 5800;;;;;;
101_21_AI16.58AI001BA.58AI001B_10.PV;;AI;УДЕЛ. ПЛОТН. ОТ 58AT0001 ИЗ СЕК. 5800;;;;;;
101_21_AI10.10TI087.10TT087.PV;;AI;Вод. пар низк. давления из Н-1001A;;;;;;
101_21_AI10.10TI189H.10TT189H.PV;;AI;Прод. коксовыж. из Н-1001А(8змеевик);;;;;;
101_21_AI10.10TI189F.10TT189F.PV;;AI;Прод. коксовыж. из Н-1001А(6змеевик);;;;;;
101_21_AI10.10TI189E.10TT189E.PV;;AI;Прод. коксовыж. из Н-1001А(5змеевик);;;;;;
101_21_AI10.10TI189C.10TT189C.PV;;AI;Прод. коксовыж. из Н-1001А(3змеевик);;;;;;
101_21_AI10.10TI189D.10TT189D.PV;;AI;Прод. коксовыж. из Н-1001А(4змеевик);;;;;;
101_21_AI10.10TI189B.10TT189B.PV;;AI;Прод. коксовыж. из Н-1001А(2змеевик);;;;;;
101_21_AI10.10TI071.10TT071.PV;;AI;Т АТМ. ОСТАТКА В H-1001A ОТ Е-1007;;;;;;
101_21_AI10.10TI189A.10TT189A.PV;;AI;Прод. коксовыж. из Н-1001А(1змеевик);;;;;;
101_21_AI10.10PI039.10PT039.PV;;AI;Вод. пар низкого давления в H-1001A;;;;;;
101_21_AI10.10TI086.10TT086.PV;;AI;Вод. пар низкого давлен. в H-1001A;;;;;;
101_21_AI10.10FI034.10FT034.PV;;AI;ВОД. ПАР НД В ПАРОПЕРЕГРЕВАТЕЛЬ H-1001А;;;;;;
101_21_AI10.10TI085.10TT085.PV;;AI;Вод. пар сред. давления из H-1001A;;;;;;
101_21_AI10.10PI037.10PT037.PV;;AI;Вод. пар сред. давления из H-1001A;;;;;;
101_21_AI10.10TI189G.10TT189G.PV;;AI;Прод. коксовыж. из Н-1001А(7змеевик);;;;;;
101_21_AI10.10FI033.10FT033.PV;;AI;ВОД. ПАР СД В ПАРОПЕРЕГРЕВАТЕЛЬ H-1001A;;;;;;
101_21_AI11.10PI247D.10PT247D.PV;;AI;Атм.остаток из H-1001A, 4 змеевик;;;;;;
101_21_AI11.10PI247C.10PT247C.PV;;AI;Атм.остаток из H-1001A, 3 змеевик;;;;;;
101_21_AI11.10PI247B.10PT247B.PV;;AI;Атм.остаток из H-1001A, 2 змеевик;;;;;;
101_21_AI11.10PI725.10PT725.PV;;AI;P-1009A. Давление жидкости уплотнения;;;;;;
101_21_AI11.10PI247A.10PT247A.PV;;AI;Атм.остаток из H-1001A, 1 змеевик;;;;;;
101_21_AI11.10PI727.10PT727.PV;;AI;P-1009S. Давление жидкости уплотнения;;;;;;
101_21_AI11.10PI705.10PT705.PV;;AI;P-1005A. Давление жидкости уплотнения;;;;;;
101_21_AI11.10PI707.10PT707.PV;;AI;P-1005S. Давление жидкости уплотнения;;;;;;
101_21_AI11.10PI761B.10PT761B.PV;;AI;Система уплотн. P-1004S;;;;;;
101_21_AI11.10PI761A.10PT761A.PV;;AI;Система уплотн. P-1004S;;;;;;
101_21_AI11.10PI751B.10PT751B.PV;;AI;Система уплотн. P-1004A;;;;;;
101_21_AI11.10PI751A.10PT751A.PV;;AI;Система уплотн. P-1004A;;;;;;
101_21_AI11.10PI247H.10PT247H.PV;;AI;Атм.остаток из H-1001A, 8 змеевик;;;;;;
101_21_AI11.10PI247G.10PT247G.PV;;AI;Атм.остаток из H-1001A, 7 змеевик;;;;;;
101_21_AI11.10PI247F.10PT247F.PV;;AI;Атм.остаток из H-1001A, 6 змеевик;;;;;;
101_21_AI11.10PI247E.10PT247E.PV;;AI;Атм.остаток из H-1001A, 5 змеевик;;;;;;
101_21_AI15.10PI741B.10PT741B.PV;;AI;Система уплотн. P-1002S;;;;;;
101_21_AI15.10PI731B.10PT731B.PV;;AI;Система уплотн. P-1002A;;;;;;
101_21_AI15.10TI739.10TT739.PV;;AI;Р-1008S ТЕМП. ПОДШИПНИКА;;;;;;
101_21_AI15.10PI731A.10PT731A.PV;;AI;Система уплотн. P-1002A;;;;;;
101_21_AI15.10TI740.10TT740.PV;;AI;Р-1008S ТЕМП. ПОДШИПНИКА;;;;;;
101_21_AI15.10PI766.10PT766.PV;;AI;P-1008S. Контроль герметизир. стакана;;;;;;
101_21_AI15.10TI729.10TT729.PV;;AI;Р-1008А ТЕМП. ПОДШИПНИКА;;;;;;
101_21_AI15.10PI756.10PT756.PV;;AI;P-1008A. Контроль герметизир. стакана;;;;;;
101_21_AI15.10TI728.10TT728.PV;;AI;Р-1008А ТЕМП. ПОДШИПНИКА;;;;;;
101_21_AI15.10TI719.10TT719.PV;;AI;Р-1007S ТЕМП. ПОДШИПНИКА;;;;;;
101_21_AI15.10TI709.10TT709.PV;;AI;Р-1007А ТЕМП. ПОДШИПНИКА;;;;;;
101_21_AI15.10PI765.10PT765.PV;;AI;P-1007S. Контроль герметизир. стакана;;;;;;
101_21_AI15.10TI718.10TT718.PV;;AI;Р-1007S ТЕМП. ПОДШИПНИКА;;;;;;
101_21_AI15.10TI708.10TT708.PV;;AI;Р-1007А ТЕМП. ПОДШИПНИКА;;;;;;
101_21_AI15.10PI755.10PT755.PV;;AI;P-1007A. Контроль герметизир. стакана;;;;;;
101_21_AI15.10PI741A.10PT741A.PV;;AI;Система уплотн. P-1002S;;;;;;
101_21_AO13.10SYC1002BX.10SY818.OP;;AO;ДЫМОСОС CM1002BX. ЗАДАНИЕ СКОРОСТИ;;;;;;
101_21_AO13.10FC032C.10FV032C.OP;;AO;ВОДЯНОЙ ПАР СД В H-1001A - 3 ЗМЕЕВИК;;;;;;
101_21_AO13.10FC032A.10FV032A.OP;;AO;ВОДЯНОЙ ПАР СД В H-1001A - 1 ЗМЕЕВИК;;;;;;
101_21_AO13.10HC027.10HV027.OP;;AO;ВОД. ПАР СРЕД. ДАВЛЕНИЯ В H-1001A;;;;;;
101_21_AO13.10PDC813.10PDV813.OP;;AO;РЕГ-Р ПЕРЕПАДА Р  ЖИД.ТОП./ ПАР Н-1001В;;;;;;
101_21_AO13.10FY805A.10FV805A.OP;;AO;H-1001B ВОЗДУХ К С-1001СХ;;;;;;
101_21_AO13.10PY810.10PV810.OP;;AO;H-1001B ПОДАЧА ЖИДКОГО ТОПЛИВА;;;;;;
101_21_AO13.10PY806.10PV806.OP;;AO;РЕГУЛЯТОР ДАВЛЕНИЯ НА ПЕРЕВАЛЕ Н-1001В;;;;;;
101_21_AO13.10TC830.10TV830.OP;;AO;РЕГ-ОР Т ДЫМ.Г. ПОСЛЕ Е-1031ВХ(Н-1001В);;;;;;
101_21_AO13.10FY805B.10FV805B.OP;;AO;H-1001B ВОЗДУХ К С-1001DХ;;;;;;
101_21_AO13.10TC825.10TV825.OP;;AO;РЕГ-ОР Т ВОЗДУХА ПОСЛЕ Е-1030ВХ(Н-1001В);;;;;;
101_21_AO13.10HC800.10HY800A.OP;;AO;ДЫМОВЫЕ ГАЗЫ Н-1001В;;;;;;
101_21_AO13.10PY816A.10PV816.OP;;AO;РЕГУЛЯТОР ДАВЛЕНИЯ ТОПЛ. ГАЗА H-1001B ;;;;;;
101_21_AO13.10FC032G.10FV032G.OP;;AO;ВОДЯНОЙ ПАР СД В H-1001A - 7 ЗМЕЕВИК;;;;;;
101_21_AO13.10FC032E.10FV032E.OP;;AO;ВОДЯНОЙ ПАР СД В H-1001A - 5 ЗМЕЕВИК;;;;;;
101_21_AO13.10PC852.10PV852.OP;;AO;Р ПИЛОТНОГО ГАЗА К Н-1001В;;;;;;
101_21_AO14.10SYC1002AX.10SY918.OP;;AO;ДЫМОСОС CM1002AX. ЗАДАНИЕ СКОРОСТИ;;;;;;
101_21_AO14.10PY906.10PV906.OP;;AO;РЕГУЛЯТОР ДАВЛЕНИЯ НА ПЕРЕВАЛЕ Н-1001А;;;;;;
101_21_AO14.10TC930.10TV930.OP;;AO;РЕГ-ОР Т ДЫМ.Г. ПОСЛЕ Е-1031АХ(Н-1001А);;;;;;
101_21_AO14.10FY905B.10FV905B.OP;;AO;H-1001A ВОЗДУХ К С-1001ВХ;;;;;;
101_21_AO14.10PY910.10PV910.OP;;AO;H-1001A ПОДАЧА ЖИДКОГО ТОПЛИВА;;;;;;
101_21_AO14.10FC032H.10FV032H.OP;;AO;ВОДЯНОЙ ПАР СД В H-1001A - 8 ЗМЕЕВИК;;;;;;
101_21_AO14.10TC925.10TV925.OP;;AO;РЕГ-ОР Т ВОЗДУХА ПОСЛЕ Е-1030АХ(Н-1001А);;;;;;
101_21_AO14.10PY916A.10PV916.OP;;AO;РЕГУЛЯТОР ДАВЛЕНИЯ ТОПЛ. ГАЗА H-1001А ;;;;;;
101_21_AO14.10FC032D.10FV032D.OP;;AO;ВОДЯНОЙ ПАР СД В H-1001A - 4 ЗМЕЕВИК;;;;;;
101_21_AO14.10FC032B.10FV032B.OP;;AO;ВОДЯНОЙ ПАР СД В H-1001A - 2 ЗМЕЕВИК;;;;;;
101_21_AO14.10FC032F.10FV032F.OP;;AO;ВОДЯНОЙ ПАР СД В H-1001A - 6 ЗМЕЕВИК;;;;;;
101_21_AO14.10FY905A.10FV905A.OP;;AO;H-1001A ВОЗДУХ К С-1001АХ;;;;;;
101_21_AO14.10HC900.10HY900A.OP;;AO;ДЫМОВЫЕ ГАЗЫ Н-1001А;;;;;;
101_21_AO14.10PDC913.10PDV913.OP;;AO;РЕГ-Р ПЕРЕПАДА Р  ЖИД.ТОП./ ПАР Н-1001А;;;;;;
101_21_AO14.10PC952.10PV952.OP;;AO;Р ПИЛОТНОГО ГАЗА К Н-1001А;;;;;;
101_21_DI01.10HX921.10XS921B.PV;;DI;СИСТЕМА САЖЕСДУВА Н-1001A. Общая авария;;;;;;
101_21_DI01.10TAL849.10TSL849.PV;;DI;ШКАФ КОНТРОЛЛЕРА САЖЕСДУВА;;;;;;
101_21_DI01.10TAL949.10TSL949.PV;;DI;ШКАФ КОНТРОЛЛЕРА САЖЕСДУВА;;;;;;
101_21_DI01.10HX821.10XS846.PV;;DI;СИСТЕМА САЖЕСДУВА Н-1001В. Тепловая перегрузка;;;;;;
101_21_DI01.10HX921.10XS946.PV;;DI;СИСТЕМА САЖЕСДУВА Н-1001А. Тепловая перегрузка;;;;;;
101_21_DI01.10HX921.10XS921A.PV;;DI;СИСТЕМА САЖЕСДУВА Н-1001В. Статус;;;;;;
101_21_DI01.10HX772.10HS772A1.PV;;DI;Насос Р-1012AX. Переключатель на LP. Пуск;;;;;;
101_21_DI01.10HX821.10XS821B.PV;;DI;СИСТЕМА САЖЕСДУВА Н-1001В. Общая авария;;;;;;
101_21_DI01.10HX773.10HS773A2.PV;;DI;Насос Р-1012SX. Переключатель на LP. Стоп;;;;;;
101_21_DI01.10HX773.10HS773A1.PV;;DI;Насос Р-1012SX. Переключатель на LP. Пуск;;;;;;
101_21_DI01.10HX772.10HS772A2.PV;;DI;Насос Р-1012AX. Переключатель на LP. Стоп;;;;;;
101_21_DI01.10HX821.10XS821A.PV;;DI;СИСТЕМА САЖЕСДУВА Н-1001В. Статус;;;;;;
101_21_DI02.00XS101D08_PS.PV;;DI;IB-10-1-IER Состояние БП в шкафу DCS-08;;;;;;
101_21_DI02.10HX818.10XS818C.PV;;DI;Дымосос C-1002BX. Готовность из эл. ячейки;;;;;;
101_21_DI02.10HX818.10XS818B.PV;;DI;Дымосос С-1002ВХ. Общая сигнализация эл. двигателя;;;;;;
101_21_DI02.00XA101D06_PS.00XS101D06_PS.PV;;DI;IB-10-1-IER Состояние БП в шкафу DCS-06;;;;;;
101_21_DI02.00XA101D07_PS.00XS101D07_PS.PV;;DI;IB-10-1-IER Состояние БП в шкафу DCS-07;;;;;;
101_21_DI02.10HX818.10XS818D.PV;;DI;Дымосос С-1002ВХ. РАБОТА В РЕЖИМЕ БАЙПАС;;;;;;
101_21_DI02.00XA101D09.00XS101D09.PV;;DI;IB-10-1-IER Общая сигнализация шкафа DCS-09;;;;;;
101_21_DI02.00XA101U01BMF.00XS101U01BMF.PV;;DI;IB-10-1-IER ИБП1. Сбой сети байпаса;;;;;;
101_21_DI02.00XA101U01RMF.00XS101U01RMF.PV;;DI;IB-10-1-IER ИБП1. Сбой сети выпрямителя;;;;;;
101_21_DI02.10HX816.10XS816.PV;;DI;Воздуходувка C-1001СX. Статус;;;;;;
101_21_DI02.00XA101D08.00XS101D08.PV;;DI;IB-10-1-IER Общая сигнализация шкафа DCS-08;;;;;;
101_21_DI02.10HX773.10XS773A.PV;;DI;Насос Р-1012SX. Перегрузка эл. двигателя;;;;;;
101_21_DI02.00XA101D06.00XS101D06.PV;;DI;IB-10-1-IER Общая сигнализация шкафа DCS-06;;;;;;
101_21_DI02.00XA101D07.00XS101D07.PV;;DI;IB-10-1-IER Общая сигнализация шкафа DCS-07;;;;;;
101_21_DI02.00XA101U01BAE.00XS101U01BAE.PV;;DI;IB-10-1-IER ИБП1. Батарея разряжена;;;;;;
101_21_DI02.10HX818.10XS818A.PV;;DI;Дымосос C-1002BX. Перегрузка эл. двигателя;;;;;;
101_21_DI02.10HX817.10XS817A.PV;;DI;Воздуходувка C-1001DX. Перегрузка эл. двигателя;;;;;;
101_21_DI02.10HX773.10XS773.PV;;DI;Насос Р-1012SX. Статус;;;;;;
101_21_DI02.00XA101U01ALM.00XS101U01ALM.PV;;DI;IB-10-1-IER ИБП1. Общий предупредительный сигнал;;;;;;
101_21_DI02.10HX816.10XS816A.PV;;DI;Воздуходувка C-1001СX. Перегрузка эл. двигателя;;;;;;
101_21_DI02.10HX818.10XS818.PV;;DI;Дымосос C-1002ВX. Статус;;;;;;
101_21_DI02.10HX817.10XS817.PV;;DI;Воздуходувка C-1001DX. Статус;;;;;;
101_21_DI02.10HV100.10XSO100.PV;;DI;КОНЦЕВИК ОТКРЫТИЯ;;;;;;
101_21_DI02.10HV100.10XSC100.PV;;DI;КОНЦЕВИК ЗАКРЫТИЯ;;;;;;
101_21_DI02.10HV100.10XSF100.PV;;DI;КОНЦЕВИК ОТКРЫТИЯ;;;;;;
101_21_DI17.10HX918.10XS918B.PV;;DI;Дымосос С-1002АХ. Общая сигнализация эл. двигателя;;;;;;
101_21_DI17.10HX918.10XS918C.PV;;DI;Дымосос C-1002AX. Готовность из эл. ячейки;;;;;;
101_21_DI17.10HX090.10XS090.PV;;DI;Насос Р-1050A. Статус;;;;;;
101_21_DI17.10HX918.10XS918D.PV;;DI;Дымосос С-1002АХ. РАБОТА В РЕЖИМЕ БАЙПАС;;;;;;
101_21_DI17.10HX091.10XS091.PV;;DI;Насос Р-1050B. Статус;;;;;;
101_21_DI17.10XA305.10XS305.PV;;DI;"1000HVAC-09-04 ""Общая авария";;;;;;
101_21_DI17.10XA304.10XS304.PV;;DI;"1000HVAC-09-03 ""Общая авария";;;;;;
101_21_DI17.00XA101U02ALM.00XS101U02ALM.PV;;DI;IB-10-1-IER ИБП2. Общий предупредительный сигнал;;;;;;
101_21_DI17.10XA302.10XS302.PV;;DI;"1000HVAC-09-01 ""Общая авария";;;;;;
101_21_DI17.10XA303.10XS303.PV;;DI;"1000HVAC-09-02 ""Общая авария";;;;;;
101_21_DI17.00XA101U02BMF.00XS101U02BMF.PV;;DI;IB-10-1-IER ИБП2. Сбой сети байпаса;;;;;;
101_21_DI17.10XA301.10XS301.PV;;DI;"1000HVAC-07 ""Общая авария";;;;;;
101_21_DI17.00XA101U02BAE.00XS101U02BAE.PV;;DI;IB-10-1-IER ИБП2. Батарея разряжена;;;;;;
101_21_DI17.00XA101U02RMF.00XS101U02RMF.PV;;DI;IB-10-1-IER ИБП2. Сбой сети выпрямителя;;;;;;
101_21_DI17.10HX916.10XS916.PV;;DI;Воздуходувка C-1001AX. Статус;;;;;;
101_21_DI17.10HX917.10XS917A.PV;;DI;Воздуходувка C-1001BX. Перегрузка эл. двигателя;;;;;;
101_21_DI17.10HX916.10XS916A.PV;;DI;Воздуходувка C-1001AX. Перегрузка эл. двигателя;;;;;;
101_21_DI17.10HX918.10XS918.PV;;DI;Дымосос C-1002AX. Статус;;;;;;
101_21_DI17.10HX917.10XS917.PV;;DI;Воздуходувка C-1001BX. Статус;;;;;;
101_21_DI17.10HX772.10XS772A.PV;;DI;Насос Р-1012AX. Перегрузка эл. двигателя;;;;;;
101_21_DI17.10HX772.10XS772.PV;;DI;Насос Р-1012AX. Статус;;;;;;
101_21_DI17.10HX918.10XS918A.PV;;DI;Дымосос C-1002AX. Перегрузка эл. двигателя;;;;;;
101_21_DO03.10HX818.10XY818D.SO;;DO;Дымосос C-1002BX. БАЙПАС ВКЛЮЧИТЬ;;;;;;
101_21_DO03.10HX818.10XY818A.SO;;DO;Дымосос C-1002BX. Пуск из DCS;;;;;;
101_21_DO03.10HX773.10XL773A.SO;;DO;Насос Р-1012SX РАБОТАЕТ. ИНДИК-ЦИЯ НА МЕСТ. ПАНЕЛИ;;;;;;
101_21_DO03.10HX772.10XL772A.SO;;DO;Насос Р-1012AX РАБОТАЕТ. ИНДИК-ЦИЯ НА МЕСТ. ПАНЕЛИ;;;;;;
101_21_DO03.10HX773.10XL773B.SO;;DO;Насос Р-1012SX СТОИТ. ИНДИК-ЦИЯ НА МЕСТ. ПАНЕЛИ;;;;;;
101_21_DO03.10HX817.10HY817.SO;;DO;Воздуходувка C-1001DX. Стоп из DCS;;;;;;
101_21_DO03.10HX772.10XL772B.SO;;DO;Насос Р-1012AX СТОИТ. ИНДИК-ЦИЯ НА МЕСТ. ПАНЕЛИ;;;;;;
101_21_DO03.10HX816.10HY816.SO;;DO;Воздуходувка C-1001СX. Стоп из DCS;;;;;;
101_21_DO03.10HX772.10HY772A.SO;;DO;Насос Р-1012AX. Пуск из DCS;;;;;;
101_21_DO03.10HX818.10HY818.SO;;DO;Дымосос C-1002BX. Стоп из DCS;;;;;;
101_21_DO04.10HX918.10XY918D.SO;;DO;Дымосос С-1002АХ. БАЙПАС ВКЛЮЧИТЬ;;;;;;
101_21_DO04.10HX918.10XY918A.SO;;DO;Дымосос С-1002АХ. Пуск из DCS;;;;;;
101_21_DO04.10HX917.10HY917.SO;;DO;Воздуходувка C-1001BX. Стоп из DCS;;;;;;
101_21_DO04.10HX773.10HY773B.SO;;DO;Насос Р-1012SX. Стоп из DCS;;;;;;
101_21_DO04.10HX821.10HY822.SO;;DO;СИСТЕМА САЖЕСДУВА Н-1001В. Старт из DCS;;;;;;
101_21_DO04.10HX921.10HY922.SO;;DO;СИСТЕМА САЖЕСДУВА Н-1001А. Старт из DCS;;;;;;
101_21_DO04.10HX772.10HY772B.SO;;DO;Насос Р-1012AX. Стоп из DCS;;;;;;
101_21_DO04.10HX916.10HY916.SO;;DO;Воздуходувка C-1001AX. Стоп из DCS;;;;;;
101_21_DO04.10HX918.10HY918.SO;;DO;Дымосос С-1002АХ. Стоп из DCS;;;;;;
101_21_DO04.10HX773.10HY773A.SO;;DO;Насос Р-1012SX. Пуск из DCS;;;;;;
101_21_DO04.10HV100.10HY100A.SO;;DO;ОТКРЫТЬ ИЗ DCS;;;;;;
101_21_DO04.10HV100.10HY100B.SO;;DO;ЗАКРЫТЬ ИЗ DCS;;;;;;
101_22_AI02.10FC038H.10FT038H.PV;;AI;ВОДЯНОЙ ПАР СД В H-1001B - 8 ЗМЕЕВИК;;;;;;
101_22_AI02.10FC037F.10FT037F.PV;;AI;АТМ.ОСТАТОК В H-1001B - 6 ЗМЕЕВИК;;;;;;
101_22_AI02.10FC037D.10FT037D.PV;;AI;АТМ.ОСТАТОК В H-1001B - 4 ЗМЕЕВИК;;;;;;
101_22_AI02.10FC037B.10FT037B.PV;;AI;АТМ.ОСТАТОК В H-1001B - 2 ЗМЕЕВИК;;;;;;
101_22_AI02.10FC037H.10FT037H.PV;;AI;АТМ.ОСТАТОК В H-1001B - 8 ЗМЕЕВИК;;;;;;
101_22_AI02.10FC038B.10FT038B.PV;;AI;ВОДЯНОЙ ПАР СД В H-1001B - 2 ЗМЕЕВИК;;;;;;
101_22_AI02.10FC038F.10FT038F.PV;;AI;ВОДЯНОЙ ПАР СД В H-1001B - 6 ЗМЕЕВИК;;;;;;
101_22_AI02.10FC038D.10FT038D.PV;;AI;ВОДЯНОЙ ПАР СД В H-1001B - 4 ЗМЕЕВИК;;;;;;
101_22_AI01.10FC037G.10FT037G.PV;;AI;АТМ.ОСТАТОК В H-1001B - 7 ЗМЕЕВИК;;;;;;
101_22_AI01.10FC038A.10FT038A.PV;;AI;ВОДЯНОЙ ПАР СД В H-1001B - 1 ЗМЕЕВИК;;;;;;
101_22_AI01.10FC037E.10FT037E.PV;;AI;АТМ.ОСТАТОК В H-1001B - 5 ЗМЕЕВИК;;;;;;
101_22_AI01.10FC038G.10FT038G.PV;;AI;ВОДЯНОЙ ПАР СД В H-1001B - 7 ЗМЕЕВИК;;;;;;
101_22_AI01.10FC037A.10FT037A.PV;;AI;АТМ.ОСТАТОК В H-1001B - 1 ЗМЕЕВИК;;;;;;
101_22_AI01.10FC037C.10FT037C.PV;;AI;АТМ.ОСТАТОК В H-1001B - 3 ЗМЕЕВИК;;;;;;
101_22_AI01.10TI091A.10TT091A.PV;;AI;Т СЫРЬЯ ИЗ H-1001В (ОБЩИЙ);;;;;;
101_22_AI01.10FC038C.10FT038C.PV;;AI;ВОДЯНОЙ ПАР СД В H-1001B - 3 ЗМЕЕВИК;;;;;;
101_22_AI01.10FC038E.10FT038E.PV;;AI;ВОДЯНОЙ ПАР СД В H-1001B - 5 ЗМЕЕВИК;;;;;;
101_22_AI01.10FC035.10FT035.PV;;AI;АТМОСФЕРНЫЙ ОСТАТОК В H-1001B;;;;;;
101_22_AI01.10TI090.10TT090.PV;;AI;Т АТМ.ОСТАТОК ИЗ H-1001B - 1 ЗМЕЕВИК;;;;;;
101_22_AI01.10TI096.10TT096.PV;;AI;Т АТМ.ОСТАТОК ИЗ H-1001B - 3 ЗМЕЕВИК;;;;;;
101_22_AI01.10TI262.10TT262.PV;;AI;Т АТМ.ОСТАТОК ИЗ H-1001B - 5 ЗМЕЕВИК;;;;;;
101_22_AI01.10TI264.10TT264.PV;;AI;Т АТМ.ОСТАТОК ИЗ H-1001B - 7 ЗМЕЕВИК;;;;;;
101_22_AI03.10TI097.10TT097.PV;;AI;Т АТМ.ОСТАТОК ИЗ H-1001B - 4 ЗМЕЕВИК;;;;;;
101_22_AI03.10TI095.10TT095.PV;;AI;Т АТМ.ОСТАТОК ИЗ H-1001B - 2 ЗМЕЕВИК;;;;;;
101_22_AI03.10TI263.10TT263.PV;;AI;Т АТМ.ОСТАТОК ИЗ H-1001B - 6 ЗМЕЕВИК;;;;;;
101_22_AI03.10TI265.10TT265.PV;;AI;Т АТМ.ОСТАТОК ИЗ H-1001B - 8 ЗМЕЕВИК;;;;;;
101_22_AI03.10TI091B.10TT091B.PV;;AI;Т СЫРЬЯ ИЗ H-1001В (ОБЩИЙ);;;;;;
101_22_AI04.10PI245D.10PT245D.PV;;AI;Атм.остаток в H-1001A, 4 змеевик;;;;;;
101_22_AI04.10PI050.10PT050.PV;;AI;Вод. пар низкого давления в H-1001B;;;;;;
101_22_AI04.10TI103.10TT103.PV;;AI;Вод. пар низкого давлен. в H-1001B;;;;;;
101_22_AI04.10TI104.10TT104.PV;;AI;Вод. пар низкого давлен. из Н-1001B;;;;;;
101_22_AI04.10TI102.10TT102.PV;;AI;Вод. пар сред. давления из H-1001B;;;;;;
101_22_AI04.10PI048.10PT048.PV;;AI;Вод. пар сред. давления из H-1001B;;;;;;
101_22_AI04.10PI036.10PT036.PV;;AI;Вод. пар сред. давления в H-1001A;;;;;;
101_22_AI04.10TI084.10TT084.PV;;AI;Вод. пар сред. давления в H-1001A;;;;;;
101_22_AI04.10PI245H.10PT245H.PV;;AI;Атм.остаток в H-1001A, 8 змеевик;;;;;;
101_22_AI04.10PI245G.10PT245G.PV;;AI;Атм.остаток в H-1001A, 7 змеевик;;;;;;
101_22_AI04.10PI245F.10PT245F.PV;;AI;Атм.остаток в H-1001A, 6 змеевик;;;;;;
101_22_AI04.10PI245E.10PT245E.PV;;AI;Атм.остаток в H-1001A, 5 змеевик;;;;;;
101_22_AI04.10PI245C.10PT245C.PV;;AI;Атм.остаток в H-1001A, 3 змеевик;;;;;;
101_22_AI04.10PI245B.10PT245B.PV;;AI;Атм.остаток в H-1001A, 2 змеевик;;;;;;
101_22_AI04.10TI088.10TT088.PV;;AI;Т АТМ. ОСТАТКА В H-1001A ОТ Е-1017;;;;;;
101_22_AI04.10PI245A.10PT245A.PV;;AI;Атм.остаток в H-1001A, 1 змеевик;;;;;;
101_22_AI05.10PI246B.10PT246B.PV;;AI;Атм.остаток в H-1001B,2 змеевик;;;;;;
101_22_AI05.10PI246A.10PT246A.PV;;AI;Атм.остаток в H-1001B,1 змеевик;;;;;;
101_22_AI05.10PI246D.10PT246D.PV;;AI;Атм.остаток в H-1001B,4 змеевик;;;;;;
101_22_AI05.10FI039.10FT039.PV;;AI;ВОД. ПАР СД В ПАРОПЕРЕГРЕВАТЕЛЬ H-1001В;;;;;;
101_22_AI05.10FI040.10FT040.PV;;AI;ВОД. ПАР НД В ПАРОПЕРЕГРЕВАТЕЛЬ H-1001В;;;;;;
101_22_AI05.10PI202.10PT202.PV;;AI;Пар н.д. (пожарный) в секцию 1000;;;;;;
101_22_AI05.10PI047.10PT047.PV;;AI;Вод. пар сред. давления в H-1001B;;;;;;
101_22_AI05.10TI101.10TT101.PV;;AI;Вод. пар сред. давления в H-1001B;;;;;;
101_22_AI05.10PI246H.10PT246H.PV;;AI;Атм.остаток в H-1001B,8 змеевик;;;;;;
101_22_AI05.10PI246G.10PT246G.PV;;AI;Атм.остаток в H-1001B,7 змеевик;;;;;;
101_22_AI05.10PI246F.10PT246F.PV;;AI;Атм.остаток в H-1001B,6 змеевик;;;;;;
101_22_AI05.10PI246E.10PT246E.PV;;AI;Атм.остаток в H-1001B,5 змеевик;;;;;;
101_22_AI05.10PI246C.10PT246C.PV;;AI;Атм.остаток в H-1001B,3 змеевик;;;;;;
101_22_AO10.10FC038F.10FV038F.OP;;AO;ВОДЯНОЙ ПАР СД В H-1001B - 6 ЗМЕЕВИК;;;;;;
101_22_AO10.10FC037F.10FV037F.OP;;AO;АТМ.ОСТАТОК В H-1001B - 6 ЗМЕЕВИК;;;;;;
101_22_AO10.10FC038H.10FV038H.OP;;AO;ВОДЯНОЙ ПАР СД В H-1001B - 8 ЗМЕЕВИК;;;;;;
101_22_AO10.10FC031H.10FV031H.OP;;AO;АТМ.ОСТАТОК В H-1001A - 8 ЗМЕЕВИК;;;;;;
101_22_AO10.10FC038D.10FV038D.OP;;AO;ВОДЯНОЙ ПАР СД В H-1001B - 4 ЗМЕЕВИК;;;;;;
101_22_AO10.10FC038B.10FV038B.OP;;AO;ВОДЯНОЙ ПАР СД В H-1001B - 2 ЗМЕЕВИК;;;;;;
101_22_AO10.10FC031D.10FV031D.OP;;AO;АТМ.ОСТАТОК В H-1001A - 4 ЗМЕЕВИК;;;;;;
101_22_AO10.10FC031B.10FV031B.OP;;AO;АТМ.ОСТАТОК В H-1001A - 2 ЗМЕЕВИК;;;;;;
101_22_AO10.10FC031F.10FV031F.OP;;AO;АТМ.ОСТАТОК В H-1001A - 6 ЗМЕЕВИК;;;;;;
101_22_AO10.10FC037D.10FV037D.OP;;AO;АТМ.ОСТАТОК В H-1001B - 4 ЗМЕЕВИК;;;;;;
101_22_AO10.10FC037B.10FV037B.OP;;AO;АТМ.ОСТАТОК В H-1001B - 2 ЗМЕЕВИК;;;;;;
101_22_AO10.10FC037H.10FV037H.OP;;AO;АТМ.ОСТАТОК В H-1001B - 8 ЗМЕЕВИК;;;;;;
101_22_AI06.10TI993.10TT993.PV;;AI;Т ПАРОВ К J-1001АХ/ВХ (ВСА);;;;;;
101_22_AI06.10PI998.10PT998.PV;;AI;Р ПАРОВ ОТ Е-1026Х В J-1002Е;;;;;;
101_22_AI06.10TI991.10TT991.PV;;AI;Т ПАРОВ ИЗ E-1027X (ВСА);;;;;;
101_22_AI06.10TI992.10TT992.PV;;AI;Т ПАРОВ К J-1002АХ/ВХ (ВСА);;;;;;
101_22_AI06.10PI999.10PT999.PV;;AI;Р ПАРОВ ОТ Е-1025Х В J-1001Е;;;;;;
101_22_AI06.10PI248D.10PT248D.PV;;AI;Атм.остаток из H-1001B,4 змеевик;;;;;;
101_22_AI06.10PI248H.10PT248H.PV;;AI;Атм.остаток из H-1001B,8 змеевик;;;;;;
101_22_AI06.10PI248G.10PT248G.PV;;AI;Атм.остаток из H-1001B,7 змеевик;;;;;;
101_22_AI06.10PI248F.10PT248F.PV;;AI;Атм.остаток из H-1001B,6 змеевик;;;;;;
101_22_AI06.10PI248E.10PT248E.PV;;AI;Атм.остаток из H-1001B,5 змеевик;;;;;;
101_22_AI06.10PI248A.10PT248A.PV;;AI;Атм.остаток из H-1001B,1 змеевик;;;;;;
101_22_AI06.10PI248C.10PT248C.PV;;AI;Атм.остаток из H-1001B,3 змеевик;;;;;;
101_22_AI06.10PI248B.10PT248B.PV;;AI;Атм.остаток из H-1001B,2 змеевик;;;;;;
101_22_AO09.10FC038E.10FV038E.OP;;AO;ВОДЯНОЙ ПАР СД В H-1001B - 5 ЗМЕЕВИК;;;;;;
101_22_AO09.10FC037E.10FV037E.OP;;AO;АТМ.ОСТАТОК В H-1001B - 5 ЗМЕЕВИК;;;;;;
101_22_AO09.10HC035.10HV035.OP;;AO;ВОД. ПАР СРЕД. ДАВЛЕНИЯ В H-1001B;;;;;;
101_22_AO09.10FC038G.10FV038G.OP;;AO;ВОДЯНОЙ ПАР СД В H-1001B - 7 ЗМЕЕВИК;;;;;;
101_22_AO09.10FC037A.10FV037A.OP;;AO;АТМ.ОСТАТОК В H-1001B - 1 ЗМЕЕВИК;;;;;;
101_22_AO09.10FC038C.10FV038C.OP;;AO;ВОДЯНОЙ ПАР СД В H-1001B - 3 ЗМЕЕВИК;;;;;;
101_22_AO09.10FC038A.10FV038A.OP;;AO;ВОДЯНОЙ ПАР СД В H-1001B - 1 ЗМЕЕВИК;;;;;;
101_22_AO09.10FC031C.10FV031C.OP;;AO;АТМ.ОСТАТОК В H-1001A - 3 ЗМЕЕВИК;;;;;;
101_22_AO09.10FC031A.10FV031A.OP;;AO;АТМ.ОСТАТОК В H-1001A - 1 ЗМЕЕВИК;;;;;;
101_22_AO09.10FC031G.10FV031G.OP;;AO;АТМ.ОСТАТОК В H-1001A - 7 ЗМЕЕВИК;;;;;;
101_22_AO09.10FC031E.10FV031E.OP;;AO;АТМ.ОСТАТОК В H-1001A - 5 ЗМЕЕВИК;;;;;;
101_22_AO09.10FC037C.10FV037C.OP;;AO;АТМ.ОСТАТОК В H-1001B - 3 ЗМЕЕВИК;;;;;;
101_22_AO09.10FC037G.10FV037G.OP;;AO;АТМ.ОСТАТОК В H-1001B - 7 ЗМЕЕВИК;;;;;;
101_22_AI07.10TI755A.10TT755A.PV;;AI;ЗАТВОРНАЯ ЖИДКОСТЬ ОТ Р-1004A;;;;;;
101_22_AI07.10TI784.10TT784.PV;;AI;ЗАТВОРНАЯ ЖИДКОСТЬ ОТ Р-1009A;;;;;;
101_22_AI07.10TI786.10TT786.PV;;AI;ЗАТВОРНАЯ ЖИДКОСТЬ ОТ Р-1009S;;;;;;
101_22_AI07.10TI776.10TT776.PV;;AI;ЗАТВОРНАЯ ЖИДКОСТЬ ОТ Р-1005A;;;;;;
101_22_AI07.10TI778.10TT778.PV;;AI;ЗАТВОРНАЯ ЖИДКОСТЬ ОТ Р-1005S;;;;;;
101_22_AI07.10TI771.10TT771.PV;;AI;ЗАТВОРНАЯ ЖИДКОСТЬ ОТ Р-1003A;;;;;;
101_22_AI07.10TI773.10TT773.PV;;AI;ЗАТВОРНАЯ ЖИДКОСТЬ ОТ Р-1003S;;;;;;
101_22_AI07.10TI765A.10TT765A.PV;;AI;ЗАТВОРНАЯ ЖИДКОСТЬ ОТ Р-1004S;;;;;;
101_22_AI07.10PI767.10PT767.PV;;AI;P-1045S. Контроль герметизир. стакана;;;;;;
101_22_AI07.10TI768.10TT768.PV;;AI;Р-1045S ТЕМП. ПОДШИПНИКА;;;;;;
101_22_AI07.10TI760.10TT760.PV;;AI;Р-1045A ТЕМП. ПОДШИПНИКА;;;;;;
101_22_AI07.10TI750.10TT750.PV;;AI;Р-1045S ТЕМП. ПОДШИПНИКА;;;;;;
101_22_AI07.10TI759.10TT759.PV;;AI;Р-1045A ТЕМП. ПОДШИПНИКА;;;;;;
101_22_AI07.10PI757.10PT757.PV;;AI;P-1045A. Контроль герметизир. стакана;;;;;;
101_22_AI08.10TI755B.10TT755B.PV;;AI;ЗАТВОРНАЯ ЖИДКОСТЬ ОТ Р-1004A;;;;;;
101_22_AI08.10TI765B.10TT765B.PV;;AI;ЗАТВОРНАЯ ЖИДКОСТЬ ОТ Р-1004S;;;;;;
101_22_AI08.00XA101D06_G1B.00XT101D06_G1B.PV;;AI;IB-10-1-IER. Шкаф DCS-06. Напряжение ИП G1B (спереди, нижний);;;;;;
101_22_AI08.10PI711B.10PT711B.PV;;AI;Система уплотн. P-1001B;;;;;;
101_22_AI08.10PI701A.10PT701A.PV;;AI;Система уплотн. P-1001A;;;;;;
101_22_AI08.10PI748.10PT748.PV;;AI;P-1003S давление уплотнения насоса;;;;;;
101_22_AI08.10PI701B.10PT701B.PV;;AI;Система уплотн. P-1001A;;;;;;
101_22_AI08.10PI746.10PT746.PV;;AI;P-1003A. давление уплотнения насоса;;;;;;
101_22_AI08.10PI737.10PT737.PV;;AI;P-1010S. Давление жидкости уплотнения;;;;;;
101_22_AI08.10PI735.10PT735.PV;;AI;P-1010A. Давление жидкости уплотнения;;;;;;
101_22_AI08.10PI717.10PT717.PV;;AI;P-1006S. Давление жидкости уплотнения;;;;;;
101_22_AI08.10PI715.10PT715.PV;;AI;P-1006A. Давление жидкости уплотнения;;;;;;
101_22_AI08.10PI721B.10PT721B.PV;;AI;Система уплотн. P-1001S;;;;;;
101_22_AI08.10PI721A.10PT721A.PV;;AI;Система уплотн. P-1001S;;;;;;
101_22_AI08.10PI711A.10PT711A.PV;;AI;Система уплотн. P-1001B;;;;;;
101_22_DI12.10XV040C.10XZSO040C.PV;;DI;Отсек-ль 10-XV-040C. Концевик открытия;;;;;;
101_22_DI12.10XV040C.10XZSC040C.PV;;DI;Отсек-ль 10-XV-040C. Концевик закрытия;;;;;;
101_22_DI12.10XV040E.10XZSO040E.PV;;DI;Отсек-ль 10-XV-040E. Концевик открытия;;;;;;
101_22_DI12.10XV040G.10XZSC040G.PV;;DI;Отсек-ль 10-XV-040G. Концевик закрытия;;;;;;
101_22_DI12.10XV040G.10XZSO040G.PV;;DI;Отсек-ль 10-XV-040G. Концевик открытия;;;;;;
101_22_DI12.10XV040F.10XZSC040F.PV;;DI;Отсек-ль 10-XV-040F. Концевик закрытия;;;;;;
101_22_DI12.10XV040F.10XZSO040F.PV;;DI;Отсек-ль 10-XV-040F. Концевик открытия;;;;;;
101_22_DI12.10XV040E.10XZSC040E.PV;;DI;Отсек-ль 10-XV-040E. Концевик закрытия;;;;;;
101_22_DI12.10LA999.10LS999.PV;;DI;V-1007X НИЗКИЙ УРОВЕНЬ;;;;;;
101_22_DI12.10XV134.10XZSC134.PV;;DI;Отсек-ль 10-XV-134. Концевик закрытия;;;;;;
101_22_DI12.10XV134.10XZSO134.PV;;DI;Отсек-ль 10-XV-134. Концевик открытия;;;;;;
101_22_DI12.10XV040B.10XZSC040B.PV;;DI;Отсек-ль 10-XV-040B. Концевик закрытия;;;;;;
101_22_DI12.10XV040B.10XZSO040B.PV;;DI;Отсек-ль 10-XV-040B. Концевик открытия;;;;;;
101_22_DI12.10XV040D.10XZSO040D.PV;;DI;Отсек-ль 10-XV-040D. Концевик открытия;;;;;;
101_22_DI12.10XV040D.10XZSC040D.PV;;DI;Отсек-ль 10-XV-040D. Концевик закрытия;;;;;;
101_22_DI12.10XV152.10XZSC152.PV;;DI;Отсек-ль 10-XV-152. Концевик закрытия;;;;;;
101_22_DI12.10XV152.10XZSO152.PV;;DI;Отсек-ль 10-XV-152. Концевик открытия;;;;;;
101_22_DI12.10XV040H.10XZSC040H.PV;;DI;Отсек-ль 10-XV-040H. Концевик закрытия;;;;;;
101_22_DI12.10XV040H.10XZSO040H.PV;;DI;Отсек-ль 10-XV-040H. Концевик открытия;;;;;;
101_22_DI12.10XV040A.10XZSO040A.PV;;DI;Отсек-ль 10-XV-040A. Концевик открытия;;;;;;
101_22_DI12.10XV153.10XZSO153.PV;;DI;Отсек-ль 10-XV-153. Концевик открытия;;;;;;
101_22_DI12.10XV040A.10XZSC040A.PV;;DI;Отсек-ль 10-XV-040A. Концевик закрытия;;;;;;
101_22_DI12.10XV153.10XZSC153.PV;;DI;Отсек-ль 10-XV-153. Концевик закрытия;;;;;;
101_22_DI12.10XA092.10XS092.PV;;DI;НЕИСПРАВНОСТЬ ПИТАНИЯ B/N СЕКЦИЯ 1000;;;;;;
101_22_DI12.10XA093.10XA093.PV;;DI;НЕИСПРАВНОСТЬ ПИТАНИЯ B/N СЕКЦИЯ 1000;;;;;;
101_22_DI13.10XV032H.10XZSO032H.PV;;DI;Отсек-ль 10-XV-032H. Концевик открытия;;;;;;
101_22_DI13.10XV032H.10XZSC032H.PV;;DI;Отсек-ль 10-XV-032H. Концевик закрытия;;;;;;
101_22_DI13.10XV047.10XZSO047.PV;;DI;Отсек-ль 10-XV-047. Концевик открытия;;;;;;
101_22_DI13.10XV032A.10XZSO032A.PV;;DI;Отсек-ль 10-XV-032A. Концевик открытия;;;;;;
101_22_DI13.10XV127.10XZSC127.PV;;DI;Отсек-ль 10-XV-127. Концевик закрытия;;;;;;
101_22_DI13.10XV032A.10XZSC032A.PV;;DI;Отсек-ль 10-XV-032A. Концевик закрытия;;;;;;
101_22_DI13.10XV032B.10XZSO032B.PV;;DI;Отсек-ль 10-XV-032B. Концевик открытия;;;;;;
101_22_DI13.10XV127.10XZSO127.PV;;DI;Отсек-ль 10-XV-127. Концевик открытия;;;;;;
101_22_DI13.10XV032E.10XZSC032E.PV;;DI;Отсек-ль 10-XV-032E. Концевик закрытия;;;;;;
101_22_DI13.10XV032B.10XZSC032B.PV;;DI;Отсек-ль 10-XV-032B. Концевик закрытия;;;;;;
101_22_DI13.10ZAS975.10ZIS975.PV;;DI;КОНЦЕВИК ЗАКРЫТИЯ ОТСЕКАТЕЛЯ P-1040S;;;;;;
101_22_DI13.10XV032C.10XZSC032C.PV;;DI;Отсек-ль 10-XV-032C. Концевик закрытия;;;;;;
101_22_DI13.10XV032F.10XZSO032F.PV;;DI;Отсек-ль 10-XV-032F. Концевик открытия;;;;;;
101_22_DI13.10XV032C.10XZSO032C.PV;;DI;Отсек-ль 10-XV-032C. Концевик открытия;;;;;;
101_22_DI13.10XV032D.10XZSO032D.PV;;DI;Отсек-ль 10-XV-032D. Концевик открытия;;;;;;
101_22_DI13.10XV032G.10XZSC032G.PV;;DI;Отсек-ль 10-XV-032G. Концевик закрытия;;;;;;
101_22_DI13.10XV032F.10XZSC032F.PV;;DI;Отсек-ль 10-XV-032F. Концевик закрытия;;;;;;
101_22_DI13.10XV032G.10XZSO032G.PV;;DI;Отсек-ль 10-XV-032G. Концевик открытия;;;;;;
101_22_DI13.10XV032E.10XZSO032E.PV;;DI;Отсек-ль 10-XV-032E. Концевик открытия;;;;;;
101_22_DI13.10XV047.10XZSC047.PV;;DI;Отсек-ль 10-XV-047. Концевик закрытия;;;;;;
101_22_DI13.10XV032D.10XZSC032D.PV;;DI;Отсек-ль 10-XV-032D. Концевик закрытия;;;;;;
10PCDI001_AI1.PCDI_AI.PV[1];300034,10FC031A.DATAACQA_1.P1;AI;Атм.остаток в H-1001A - 1 змеевик;;;;;;
10PCDI001_AI1.PCDI_AI.PV[2];300035,10FC031B.DATAACQA_1.P1;AI;Атм.остаток в H-1001A - 2 змеевик;;;;;;
10PCDI001_AI1.PCDI_AI.PV[3];300036,10FC031C.DATAACQA_1.P1;AI;Атм.остаток в H-1001A - 3 змеевик;;;;;;
10PCDI001_AI1.PCDI_AI.PV[4];300037,10FC031D.DATAACQA_1.P1;AI;Атм.остаток в H-1001A - 4 змеевик;;;;;;
10PCDI001_AI1.PCDI_AI.PV[5];300038,10FC031E.DATAACQA_1.P1;AI;Атм.остаток в H-1001A - 5 змеевик;;;;;;
10PCDI001_AI1.PCDI_AI.PV[6];300039,10FC031F.DATAACQA_1.P1;AI;Атм.остаток в H-1001A - 6 змеевик;;;;;;
10PCDI001_AI1.PCDI_AI.PV[7];300040,10FC031G.DATAACQA_1.P1;AI;Атм.остаток в H-1001A - 7 змеевик;;;;;;
10PCDI001_AI1.PCDI_AI.PV[8];300041,10FC031H.DATAACQA_1.P1;AI;Атм.остаток в H-1001A - 8 змеевик;;;;;;
10PCDI001_AI1.PCDI_AI.PV[9];300042,10FC905.FLOWCOMPA.F;AI;H-1001B ВОЗДУХ НА ФОРСУНКИ. ОБЩИЙ СКОМПЕН;;;;;;
10PCDI001_AI1.PCDI_AI.PV[10];300043,10PC910.DATAACQA_1.P1;AI;РЕГ-Р ДАВ-Я ЖИД. ТОПЛИВА H-1001А ПРЯМОЕ;;;;;;
10PCDI001_AI1.PCDI_AI.PV[11];300044,10PC916A.DATAACQA_1.P1;AI;РЕГУЛЯТОР ДАВЛ-Я ТОПЛ. ГАЗА H-1001А;;;;;;
10PCDI001_AI1.PCDI_AI.PV[12];300045,10PDC913.DATAACQA_1.P1;AI;РЕГ-Р ПЕРЕПАДА Р  ЖИД.ТОП./ ПАР Н-1001А;;;;;;
10PCDI001_AO2.PCDI_AO.PV[1];700002,;AI;;;;;;;
10PCDI001_AO01.PCDI_AO.PV[1];700004,;AI;;;;;;;
10PCDI001_AO01.PCDI_AO.PV[2];700005,;AI;;;;;;;
10PCDI001_AO01.PCDI_AO.PV[3];700006,;AI;;;;;;;
10PCDI001_AO01.PCDI_AO.PV[4];700007,;AI;;;;;;;
10PCDI001_AO01.PCDI_AO.PV[5];700008,;AI;;;;;;;
10PCDI001_AO01.PCDI_AO.PV[6];700009,;AI;;;;;;;
10PCDI001_AO01.PCDI_AO.PV[7];700010,;AI;;;;;;;
10PCDI001_AO01.PCDI_AO.PV[8];700011,;AI;;;;;;;
10PCDI001_AO01.PCDI_AO.PV[9];700012,;AI;;;;;;;
10PCDI001_AO01.PCDI_AO.PV[10];700013,;AI;;;;;;;
10PCDI001_AO01.PCDI_AO.PV[11];700014,;AI;;;;;;;
10PCDI001_AO01.PCDI_AO.PV[12];700015,;AI;;;;;;;
10PCDI002_AI1.PCDI_AI.PV[1];300034,10FC037A.DATAACQA_1.P1;AI;Атм.остаток в H-1001B - 1 змеевик;;;;;;
10PCDI002_AI1.PCDI_AI.PV[2];300035,10FC037B.DATAACQA_1.P1;AI;Атм.остаток в H-1001B - 2 змеевик;;;;;;
10PCDI002_AI1.PCDI_AI.PV[3];300036,10FC037C.DATAACQA_1.P1;AI;Атм.остаток в H-1001B - 3 змеевик;;;;;;
10PCDI002_AI1.PCDI_AI.PV[4];300037,10FC037D.DATAACQA_1.P1;AI;Атм.остаток в H-1001B - 4 змеевик;;;;;;
10PCDI002_AI1.PCDI_AI.PV[5];300038,10FC037E.DATAACQA_1.P1;AI;Атм.остаток в H-1001B - 5 змеевик;;;;;;
10PCDI002_AI1.PCDI_AI.PV[6];300039,10FC037F.DATAACQA_1.P1;AI;Атм.остаток в H-1001B - 6 змеевик;;;;;;
10PCDI002_AI1.PCDI_AI.PV[7];300040,10FC037G.DATAACQA_1.P1;AI;Атм.остаток в H-1001B - 7 змеевик;;;;;;
10PCDI002_AI1.PCDI_AI.PV[8];300041,10FC037H.DATAACQA_1.P1;AI;Атм.остаток в H-1001B - 8 змеевик;;;;;;
10PCDI002_AI1.PCDI_AI.PV[9];300042,10FC805.FLOWCOMPA.F;AI;H-1001B ВОЗДУХ НА ФОРСУНКИ. ОБЩИЙ СКОМПЕН;;;;;;
10PCDI002_AI1.PCDI_AI.PV[10];300043,10PC810.DATAACQA_1.P1;AI;РЕГ-Р ДАВ-Я ЖИД. ТОПЛИВА H-1001B ПРЯМОЕ;;;;;;
10PCDI002_AI1.PCDI_AI.PV[11];300044,10PC816A.DATAACQA_1.P1;AI;РЕГУЛЯТОР ДАВЛ-Я ТОПЛ. ГАЗА H-1001B;;;;;;
10PCDI002_AI1.PCDI_AI.PV[12];300045,10PDC813.DATAACQA_1.P1;AI;РЕГ-Р ПЕРЕПАДА Р  ЖИД.ТОП./ ПАР Н-1001В;;;;;;
10PCDI002_AI2.PCDI_AO.PV[1];700002,;AI;;;;;;;
10PCDI002_AI2.PCDI_AO.PV[2];700003,;AI;;;;;;;
10PCDI002_AO01.PCDI_AO.PV[1];700004,;AI;;;;;;;
10PCDI002_AO01.PCDI_AO.PV[2];700005,;AI;;;;;;;
10PCDI002_AO01.PCDI_AO.PV[3];700006,;AI;;;;;;;
10PCDI002_AO01.PCDI_AO.PV[4];700007,;AI;;;;;;;
10PCDI002_AO01.PCDI_AO.PV[5];700008,;AI;;;;;;;
10PCDI002_AO01.PCDI_AO.PV[6];700009,;AI;;;;;;;
10PCDI002_AO01.PCDI_AO.PV[7];700010,;AI;;;;;;;
10PCDI002_AO01.PCDI_AO.PV[8];700011,;AI;;;;;;;
10PCDI002_AO01.PCDI_AO.PV[9];700012,;AI;;;;;;;
10PCDI002_AO01.PCDI_AO.PV[10];700013,;AI;;;;;;;
10PCDI002_AO01.PCDI_AO.PV[11];700014,;AI;;;;;;;
10PCDI002_AO01.PCDI_AO.PV[12];700015,;AI;;;;;;;
301_11_AI02.30TI011.30TT011.PV;;AI;Температура.Тр-д 400-30038-B56B-2-H от T-3001;T011;M;Показания;;;+
301_11_AI02.30TI049C.30TT049C.PV;;AI;ВОЗДУХ ВНУТРИ А-3001A;A-3001A;M;T воздуха;;;+
301_11_AI02.30TI049D.30TT049D.PV;;AI;ВОЗДУХ ВНУТРИ А-3001A;A-3001A;M;T воздуха;;;+
301_11_AI02.30PI034A.30PT034A.PV;;AI;T-3001 (КУБ);T-3001;M;P_41;#*98.0665;;+
301_11_AI02.30LI001B.30LT001B.PV;;AI;L В V-3001 /СЫРЬЕВАЯ ЁМКОСТЬ;V-3001;M;Уровень;;;У
301_11_AI02.30PI034B.30PT034B.PV;;AI;T-3001 (ЗОНА ВВОДА СЫРЬЯ);T-3001;M;P_28;#*98.0665;;+
301_11_AI02.30LI001A.30LT001A.PV;;AI;L В V-3001 /СЫРЬЕВАЯ ЁМКОСТЬ;V-3001;M;Уровень;;;У
301_11_AI02.30LI007A.30LT007A.PV;;AI;L В T-3001 /КОЛОННА ФРАКЦИОНИРОВАНИЯ;T-3001;M;L_41;#ScaleN(6,100,0,100);;У
301_11_AI02.30LI007B.30LT007B.PV;;AI;L В T-3001 /КОЛОННА ФРАКЦИОНИРОВАНИЯ;T-3001;M;L_41;#ScaleN(6,100,0,100);;У
301_11_AI02.30TI049A.30TT049A.PV;;AI;ВОЗДУХ ВНУТРИ А-3001A;A-3001A;M;T воздуха;;;+
301_11_AI02.30TI049B.30TT049B.PV;;AI;ВОЗДУХ ВНУТРИ А-3001A;A-3001A;M;T воздуха;;;+
301_11_AI02.30LI012.30LT012.PV;;AI;L В T-3002 /ОТПАРНАЯ КОЛОННА;Т-3002;M;L_9;#ScaleN(6,100,0,100);;У
301_11_AI02.30FC028.30FT028.PV;;AI;F ВОДЯНОЙ ПАР СД В Т-3001;F028;M;Показания;;;+
301_11_AI02.30TC037.30TT037.PV;;AI;Т-3001 (НА 23-Й ТАРЕЛКЕ);T-3001;M;T_23;;;+
301_11_AI02.30TC036.30TT036.PV;;AI;Т-3001 (НА 3-Й ТАРЕЛКЕ);T-3001;M;T_3;;;+
301_11_AI02.30TC038.30TT038.PV;;AI;Т-3001 (ПОД 30-Й ТАРЕЛКОЙ);T-3001;M;T_31;;;+
301_11_AI01.30FI752.30FT752.PV;;AI;Расход.Тр-д 25-IL-006 нагнетания P-3032 A/S;F752;M;Показания;;;+
301_11_AI01.30FI751.30FT751.PV;;AI;Расход.Тр-д 25-IL-002 нагнетания P-3029 A/S;F751;M;Показания;;;+
301_11_AI01.30FI004B.30FT004B.PV;;AI;F АВАР. ПАР ВД В Н-3001 /ПОТОК 3/ ;F004;M;Показания;;;+
301_11_AI01.30FC016.30FT016.PV;;AI;F СЫРЬЁ В Н-3001 ОТ Е-3001D ПОТОК 4;F016;M;Показания;;;+
301_11_AI01.30FI006B.30FT006B.PV;;AI;F АВАР. ПАР ВД В Н-3001 /ПОТОК 1/ ;F006;M;Показания;;;+
301_11_AI01.30FC013.30FT013.PV;;AI;F СЫРЬЁ В Н-3001 ОТ Е-3001D ПОТОК 1;F013;M;Показания;;;+
301_11_AI01.30FI005B.30FT005B.PV;;AI;F АВАР. ПАР ВД В Н-3001 /ПОТОК 2/ ;F005;M;Показания;;;+
301_11_AI01.30FI006.30FT006.PV;;AI;F АВАР. ПАР ВД В Н-3001 /ПОТОК 1/ ;F006;M;Показания;;;+
301_11_AI01.30FI003B.30FT003B.PV;;AI;F АВАР. ПАР ВД В Н-3001 /ПОТОК 4/ ;F003;M;Показания;;;+
301_11_AI01.30FI004.30FT004.PV;;AI;F АВАР. ПАР ВД В Н-3001 /ПОТОК 3/ ;F004;M;Показания;;;+
301_11_AI01.30FI003.30FT003.PV;;AI;F АВАР. ПАР ВД В Н-3001 /ПОТОК 4/ ;F003;M;Показания;;;+
301_11_AI01.30LC005.30LT005.PV;;AI;L В V-3002 /ЁМКОСТЬ ПИТАТЕЛЬНОЙ ВОДЫ;V-3002;M;Уровень;;;У
301_11_AI01.30PC020.30PT020.PV;;AI;Р В ЛИНИИ ПАРА В СЕПАРАТОР АВАР ПАРА;P020;M;Показания;;;+
301_11_AI01.30FC014.30FT014.PV;;AI;F СЫРЬЁ В Н-3001 ОТ Е-3001D ПОТОК 2;F014;M;Показания;;;+
301_11_AI01.30FC015.30FT015.PV;;AI;F СЫРЬЁ В Н-3001 ОТ Е-3001D ПОТОК 3;F015;M;Показания;;;+
301_11_AI01.30FI005.30FT005.PV;;AI;F АВАР. ПАР ВД В Н-3001 /ПОТОК 2/ ;F005;M;Показания;;;+
301_11_AI03.30LI065.30LT065.PV;;AI;Уровень. Емкость V-3029;V-3029;M;Уровень;#ScaleN(0,100,0,3000);;+
301_11_AI03.30FC036.30FT036.PV;;AI;F БЕНЗ. ВИСБР. С УСТ ОТ Е-3018/ДО КЛАП/;F036;M;Показания;;;+
301_11_AI03.30LC053.30LT053.PV;;AI;L В V-3020 /ЁМКОСТЬ ПРОМЫВНОЙ ЖИДК;V-3020;M;Уровень;;;У
301_11_AI03.30PC100.30PT100.PV;;AI;Р В V-3021 / ЁМКОСТЬ АНТИФРИЗА;V-3021;M;Давление;#*98.0665;;+
301_11_AI03.30FC029.30FT029.PV;;AI;F ВОДЯНОЙ ПАР СД В Т-3002;F029;M;Показания;;;+
301_11_AI03.30LI042.30LT042.PV;;AI;L В V-3024 /ЁМКОСТЬ ТЁМН Н/ПР;V-3024;M;Уровень;;;У
301_11_AI03.30PI027A.30PT027A.PV;;AI;R-3001 СОКИНГ-КАМЕРА (НИЗ);P027A;M;Показания;;;+
301_11_AI03.30FI043.30FT043.PV;;AI;F ПАР ПД ОТ V-3012 В Н-3001, Е-3006;F043;M;Показания;;;+
301_11_AI03.30TC045.30TT045.PV;;AI;ТОПЛИВНЫЙ ГАЗ ИЗ E-3013 ВV-3017;T045;M;Показания;;;+
301_11_AI03.30PI027B.30PT027B.PV;;AI;R-3001 СОКИНГ-КАМЕРА (ВЕРХ);P027B;M;Показания;;;+
301_11_AI03.30TI050D.30TT050D.PV;;AI;ВОЗДУХ ВНУТРИ А-3001B;A-3001B;M;T воздуха;;;+
301_11_AI03.30PC026.30PT026.PV;;AI;Р В R-3001 / СОКИНГ-КАМЕРА;P027B;M;Показания;;;+
301_11_AI03.30TI050B.30TT050B.PV;;AI;ВОЗДУХ ВНУТРИ А-3001B;A-3001B;M;T воздуха;;;+
301_11_AI03.30TI050C.30TT050C.PV;;AI;ВОЗДУХ ВНУТРИ А-3001B;A-3001B;M;T воздуха;;;+
301_11_AI03.30TI050A.30TT050A.PV;;AI;ВОЗДУХ ВНУТРИ А-3001B;A-3001B;M;T воздуха;;;+
301_11_AI03.30TC076.30TT076.PV;;AI;СТАБИЛЬНАЯ НАФТА В E-3018A/B;T076;M;Показания;;;+
301_11_AI05.30FI132.30FT132.PV;;AI;Расход.Тр-д 25HB-30008-B1A-H(BIII) нагнетания P-3002 A;F132;M;Показания;;;+
301_11_AI05.30FI131.30FT131.PV;;AI;Расход.Тр-д 25HB-30007-B1A-H(BIII) нагнетания P-3002 A;F131;M;Показания;;;+
301_11_AI05.30FI133.30FT133.PV;;AI;Расход.Тр-д 25HB-30009-B1A-H(BIII) нагнетания P-3002 A;F133;M;Показания;;;+
301_11_AI05.30TI028D.30TT028D.PV;;AI;Выход из Н-3001 змеевик 4;T028D;M;Показания;;;+
301_11_AI05.30TI028B.30TT028B.PV;;AI;Выход из Н-3001 змеевик 2;T028B;M;Показания;;;+
301_11_AI05.30TI104.30TT104.PV;;AI;Вод пар средн. давл. из Н-3001;T104;M;Показания;;;+
301_11_AI05.30FI022.30FT022.PV;;AI;F БАРЬЕРН ПАР В ЛИН СЫРЬЯ R-3001/БАЙПАС/;F022;M;Показания;;;+
301_11_AI05.30TI028A.30TT028A.PV;;AI;Выход из Н-3001 змеевик 1;T028A;M;Показания;;;+
301_11_AI05.30PI111.30PT111.PV;;AI;Вод пар промеж. давл. в Н-3001;P111;M;Показания;;;+
301_11_AI05.30TI028C.30TT028C.PV;;AI;Выход из Н-3001 змеевик 3;T028C;M;Показания;;;+
301_11_AI05.30TI022.30TT022.PV;;AI;V-3002 Емкость питательной воды;V-3002;M;Температура;;;+
301_11_AI05.30FI021.30FT021.PV;;AI;F БАРЬЕРН ПАР В ЛИН СЫРЬЯ R-3001;F021;M;Показания;;;+
301_11_AI05.30LI003.30LT003.PV;;AI;L В V-3014 /СЕПАРАТОР АВАРИЙН ПАРА;V-3014;M;Уровень;;;У
301_11_AI05.30TI103.30TT103.PV;;AI;Вод пар промеж. давл. в Н-3001;T103;M;Показания;;;+
301_11_AI05.30PI106.30PT106.PV;;AI;Вод пар средн. давл. из Н-3001;P106;M;Показания;;;+
301_11_AI04.30FI130.30FT130.PV;;AI;Расход.Тр-д 25HB-30006-B1A-H(BIII) нагнетания P-3002 A;F130;M;Показания;;;+
301_11_AI04.30TI162.30TT162.PV;;AI;Температура.Емкость V-3032;V-3032;M;Температура;;;+
301_11_AI04.30TI164.30TT164.PV;;AI;Температура.Емкость V-3034;;;;;;+
301_11_AI04.30TI161.30TT161.PV;;AI;Температура.Емкость V-3029;V-3029;M;Температура;;;+
301_11_AI04.30TI163.30TT163.PV;;AI;Температура.Емкость V-3033;V-3033;M;Температура;;;+
301_11_AI04.30LI066.30LT066.PV;;AI;Уровень. Емкость V-3032;V-3032;M;Уровень;#ScaleN(0,100,0,2000);;+
301_11_AI04.30TI051A.30TT051A.PV;;AI;ВОЗДУХ ВНУТРИ А-3001C;A-3001С;M;T воздуха;;;+
301_11_AI04.30FC012.30FT012.PV;;AI;F CЫРЬЁ В Н-3001 ОТ Е-3001D/КОЛЛЕКТОР/;F012;M;Показания;;;+
301_11_AI04.30PI137.30PT137.PV;;AI;ТЕМНЫЕ НЕФТЕПРОДУКТЫ ИЗ V-3024;P137;M;Показания;;;+
301_11_AI04.30TI051B.30TT051B.PV;;AI;ВОЗДУХ ВНУТРИ А-3001C;A-3001С;M;T воздуха;;;+
301_11_AI04.30TI051C.30TT051C.PV;;AI;ВОЗДУХ ВНУТРИ А-3001C;A-3001С;M;T воздуха;;;+
301_11_AI04.30PC099.30PT099.PV;;AI;Р В ЛИНИИ АНТИФРИЗА В Е-3014;P099;M;Показания;;;+
301_11_AI04.30TC105.30TT105.PV;;AI;ВОД ПАР СРЕДН. ДАВЛ. ИЗ J-3001;T105;M;Показания;;;+
301_11_AI04.30TI051D.30TT051D.PV;;AI;ВОЗДУХ ВНУТРИ А-3001C;A-3001С;M;T воздуха;;;+
301_11_AI04.30FI042A.30FT042A.PV;;AI;РАСХОД ПИТ. ВОДЫ НА УСТАНОВКУ В V-3012;F042;M;Показания;;;+
301_11_AI04.30FI030A.30FT030A.PV;;AI;ГАЗОЙЛЬ В ЛИНИЮ ОСТАТКА ВИСБРЕКИНГА ОТ P-3005;F030;M;Показания;;;+
301_11_AI06.30PI015.30PT015.PV;;AI;Р СЫРЬЁ В Н-3001 ОТ Е-3001D ПОТОК 2;P015;M;Показания;;;+
301_11_AI06.30TI159.30TT159.PV;;AI;Шлам в V-3015;T159;M;Показания;;;+
301_11_AI06.30PI017.30PT017.PV;;AI;Р СЫРЬЁ В Н-3001 ОТ Е-3001D ПОТОК 4;P017;M;Показания;;;+
301_11_AI06.30PI033.30PT033.PV;;AI;Верх колонны Т-3001;T-3001;M;P_1;#*98.0665;;+
301_11_AI06.30TI040.30TT040.PV;;AI;Пары T-3001;T-3001;M;T_1;;;+
301_11_AI06.30TI007.30TT007.PV;;AI;V-3001 Сырьевая емкость;V-3001;M;Температура;;;+
301_11_AI06.30TI041.30TT041.PV;;AI;Отвод газойля из Т-3001 в Т-3002;T041;M;Показания;;;+
301_11_AI06.30TI034.30TT034.PV;;AI;R-3001 Сокинг камера (верх);T034;M;Показания;;;+
301_11_AI06.30TI033.30TT033.PV;;AI;R-3001 Сокинг камера (низ);T033;M;Показания;;;+
301_11_AI06.30TI098.30TT098.PV;;AI;V-3024 Темные нефтепродукты;V-3024;M;Температура;;;+
301_11_AI06.30TI138.30TT138.PV;;AI;ТЕМП ПРОМЫВОЧНОЙ ЖИДКОСТИ 30PV026;T138;M;Показания;;;+
301_11_AI06.30PDI035.30PDT035.PV;;AI;Р ПЕРЕПАД НА ЛИН ОСТ ВИСБ В S-3001 А/S;PD035;M;Показания;;;+
301_11_AI06.30TI090.30TT090.PV;;AI;V-3017 Сепаратор топливного газа;V-3017;M;Температура;;;+
301_11_AI06.30PI014.30PT014.PV;;AI;Р СЫРЬЁ В Н-3001 ОТ Е-3001D ПОТОК 1;P014;M;Показания;;;+
301_11_AI06.30PI016.30PT016.PV;;AI;Р СЫРЬЁ В Н-3001 ОТ Е-3001D ПОТОК 3;P016;M;Показания;;;+
301_11_AI06.30PI168.30PT168.PV;;AI;ДАВЛЕНИЕ В ЛИНИИ ПРОМЫВКИ ПЕРЕД 30PV026;P168;M;Показания;;;+
301_11_AI07.30PI831B.30PT831B.PV;;AI;P В СИСТЕМЕ ПЕРЕДНЕГО УПЛОТНЕНИЯ P-3003S;;;;#=0.5;;+
301_11_AI07.30FI024.30FT024.PV;;AI;F ПАР ПД В R-3001 ПОСЛЕ PSV011 И PV026;F024;M;Показания;;;+
301_11_AI07.30FI069.30FT069.PV;;AI;F ПАР ПД В R-3001 В PSV011;F069;M;Показания;;;+
301_11_AI07.30PI811B.30PT811B.PV;;AI;P В СИСТЕМЕ ПЕРЕДНЕГО УПЛОТНЕНИЯ P-3001S;;;;#=0.6;;+
301_11_AI07.30TI019.30TT019.PV;;AI;Сырье в Н-3001;T019;M;Показания;;;+
301_11_AI07.30FI025.30FT025.PV;;AI;F ПАР ПД В R-3001 ДО PSV011;F025;M;Показания;;;+
301_11_AI07.30TI093.30TT093.PV;;AI;Циркуляц. орошение в Т-3001;T093;M;Показания;;;+
301_11_AI07.30PI754.30PT754.PV;;AI;P В СИСТЕМЕ УПЛОТНЕНИЯ P-3021;;;;#=0.5;;+
301_11_AI07.30TI096.30TT096.PV;;AI;Антифриз в V-3021;V-3021;M;Температура;;;+
301_11_AI07.30TI077.30TT077.PV;;AI;СТАБИЛЬНАЯ НАФТА С УСТАНОВКИ;T077;M;Показания;;;+
301_11_AI07.30TI120.30TT120.PV;;AI;V-3020 Емкость промывной ж-ти;V-3020;M;Температура;;;+
301_11_AI07.30PI811A.30PT811A.PV;;AI;P В СИСТЕМЕ ПОЛЕВОГО УПЛОТНЕНИЯ P-3001S;;;;#=0.6;;+
301_11_AI07.30TI060.30TT060.PV;;AI;Нестаб. нафта, кисл. газ в А-3003;T060;M;Показания;;;+
301_11_AI07.30PI831A.30PT831A.PV;;AI;P В СИСТЕМЕ ПОЛЕВОГО УПЛОТНЕНИЯ P-3003S;;;;#=0.5;;+
301_11_AI07.30PI071.30PT071.PV;;AI;ДАВЛЕНИЕ ПАРА СД К СЕКЦИИ 3000 В ПЕРИОД ПУСКА;;;;;;+
301_11_AI07.30FI070.30FT070.PV;;AI;РАСХОД ПАРА СД К СЕКЦИИ 3000 В ПЕРИОД ПУСКА ;;;;;;+
301_11_AO10.30LI001A.30LI001AA.OP;;AO;L В V-3001 /СЫРЬЕВАЯ ЁМКОСТЬ;;;;;;+
301_11_AO10.30LI001B.30LI001AB.OP;;AO;L В V-3001 /СЫРЬЕВАЯ ЁМКОСТЬ;;;;;;+
301_11_AO10.30HC225A.30HV225A.OP;;AO;КНОПКА ПРИВОДА ЖАЛ. А-3001В/ЛЕВ;A-3001B;M;Положение_жалюзей_2;;;+
301_11_AO10.30HC225B.30HV225B.OP;;AO;КНОПКА ПРИВОДА ЖАЛ. А-3001В/ПРАВ;A-3001B;M;Положение_жалюзей_1;;;+
301_11_AO10.30FC036.30FV036.OP;;AO;F БЕНЗ. ВИСБР. С УСТ ОТ Е-3018/ДО КЛАП/;FV-036;M;Задание;;;+
301_11_AO10.30TC045.30TV045.OP;;AO;ТОПЛИВНЫЙ ГАЗ ИЗ E-3013 ВV-3017;TV-045;M;Задание;;;+
301_11_AO10.30PC026.30PV026.OP;;AO;Р В R-3001 / СОКИНГ-КАМЕРА;PV-026;M;Задание;;;+
301_11_AO10.30LC053.30LV053.OP;;AO;L В V-3020 /ЁМКОСТЬ ПРОМЫВНОЙ ЖИДК;LV-053;M;Задание;;;+
301_11_AO10.30PY100B.30PV100B.OP;;AO;ПАРЫ АНТИФРИЗА В АТМОСФЕРУ;PV-100B;M;Задание;;;+
301_11_AO10.30FC029.30FV029.OP;;AO;F ВОДЯНОЙ ПАР СД В Т-3002;FV-029;M;Задание;;;+
301_11_AO10.30PY100A.30PV100A.OP;;AO;АЗОТ В V-3021;PV-100A;M;Задание;;;+
301_11_AO10.30FC028.30FV028.OP;;AO;F ВОДЯНОЙ ПАР СД В Т-3001;FV-028;M;Задание;;;+
301_11_AO10.30LI063_AO.30LI063A_1.OP;;AO;L В V3017 /СЕПАРАТОР ТОПЛ. ГАЗА ;;;;;;+
301_11_AO11.30PY870_2.30PV870_2.OP;;AO;Рег.клапан. Емкость V-3034;;;;;;+
301_11_AO11.30PC108B.30PV108B.OP;;AO;Вод. пар промеж. давл. в коллектор;PV-108B;M;Задание;;;+
301_11_AO11.30HC226B.30HV226B.OP;;AO;КНОПКА ПРИВОДА ЖАЛ. А-3001А/ПРАВ;A-3001A;M;Положение_жалюзей_1;;;+
301_11_AO11.30HC224B.30HV224B.OP;;AO;КНОПКА ПРИВОДА ЖАЛ. А-3001C/ПРАВ;A-3001С;M;Положение_жалюзей_1;;;+
301_11_AO11.30PC108A.30PV108A.OP;;AO;Вод. пар промеж. давл. в Х-3001;PV-108A;M;Задание;;;+
301_11_AO11.30HC226A.30HV226A.OP;;AO;КНОПКА ПРИВОДА ЖАЛ. А-3001А/ЛЕВ;A-3001A;M;Положение_жалюзей_2;;;+
301_11_AO11.30HC224A.30HV224A.OP;;AO;КНОПКА ПРИВОДА ЖАЛ. А-3001C/ЛЕВ;A-3001С;M;Положение_жалюзей_2;;;+
301_11_AO11.30TC050.30TV050.OP;;AO;Привод жалюзи А-3001B;A-3001B;M;Положение_жалюзей;;;+
301_11_AO11.30TC049.30TV049.OP;;AO;Привод жалюзи А-3001A;A-3001A;M;Положение_жалюзей;;;+
301_11_AO11.30TC051.30TV051.OP;;AO;Привод жалюзи А-3001C;A-3001С;M;Положение_жалюзей;;;+
301_11_AO11.30FC030.30FV030.OP;;AO;F ГАЗОЙЛЬ В ЛИН ОСТ. ВИСБР. ОТ Р-3005;FV-030;M;Задание;;;+
301_11_AO11.30PC099.30PV099.OP;;AO;Р В ЛИНИИ АНТИФРИЗА В Е-3014;PV-099;M;Задание;;;+
301_11_AI08.30LI068.30LT068.PV;;AI;Уровень. Емкость V-3034;;;;;;+
301_11_AI08.30LI067.30LT067.PV;;AI;Уровень. Емкость V-3033;V-3033;M;Уровень;#ScaleN(0,100,0,2000);;+
301_11_AI08.30LI039A.30LT039A.PV;;AI;L В V-3021 /ЁМКОСТЬ АНТИФРИЗА;V-3021;M;Уровень;;;У
301_11_AI08.30FI138.30FT138.PV;;AI;Расход. Тр-д 15POS-30092-D02A-1-H;F138;M;Показания;;;+
301_11_AI08.30UIQ054.30UT054.PV;;AI;ВОД. ПАР НД НА УСТАНОВКУ;U054;M;Показания;;;+
301_11_AI08.30UIQ066.30UT066.PV;;AI;ВОДА ОБОРОТНАЯ ПРЯМАЯ 2 СИСТЕМЫ;U066;M;Показания;;;+
301_11_AI08.30UIQ067.30UT067.PV;;AI;ВОДА ОБОРОТН. ОБРАТНАЯ 1СИСТЕМЫ;U067;M;Показания;;;+
301_11_AI08.30UIQ068.30UT068.PV;;AI;ВОДА ОБОРОТН. ОБРАТНАЯ 2СИСТЕМЫ;U068;M;Показания;;;+
301_11_AI08.30UIQ047.30UT047.PV;;AI;ТЕХНОЛ. ВОЗДУХ В Н-3001;U047;M;Показания;;;+
301_11_AI08.30UIQ058.30UT058.PV;;AI;ВОЗДУХ КИП НА УСТАНОВКУ;U058;M;Показания;;;+
301_11_AI08.30FI049.30FT049.PV;;AI;F БЕНЗ ВИСБР С УСТ ОТ Е-3018/ПОСЛЕ КЛАП/;F049;M;Показания;;;+
301_11_AI08.30UIQ065.30UT065.PV;;AI;ВОДА ОБОРОТНАЯ ПРЯМАЯ 1 СИСТЕМЫ;U065;M;Показания;;;+
301_11_AI08.30UIQ044.30UT044.PV;;AI;ВОД ПАР СРЕДН. ДАВЛ. С УСТАНОВКИ;U044;M;Показания;;;+
301_11_AI08.30PI103.30PT103.PV;;AI;Вод. пар НД пожарный на установку;P103;M;Показания;;;+
301_11_AI08.30LI951.30LT951.PV;;AI;УРОВЕНЬ В ЕМКОСТИ V-3006X (АММИАЧНАЯ ВОДА, НЕЙТРАЛИЗАТОР);V-3006X;M;Уровень;;;У
301_11_AI08.30LI953.30LT953.PV;;AI;УРОВЕНЬ ИНГИБИТОРА КОРРОЗИИ В V-3007X;V-3007X;M;Уровень;;;У
301_11_AO09.30FC015.30FV015.OP;;AO;F СЫРЬЁ В Н-3001 ОТ Е-3001D ПОТОК 3;FV-015;M;Задание;;;+
301_11_AO09.30HC021.30HV021.OP;;AO;ОТСЕКАТЕЛЬ АВАР ПАР В ЛИН СЫРЬЯ R-3001;HV-021;M;Задание;;;+
301_11_AO09.30HC010.30HV010.OP;;AO;АВАР. ПАР В. Д. В Н-3001 /ПОТОК 1/ ;HV-010;M;Задание;;;+
301_11_AO09.30HC007.30HV007.OP;;AO;АВАР. ПАР В. Д. В Н-3001 /ПОТОК 4/ ;HV-007;M;Задание;;;+
301_11_AO09.30HC008.30HV008.OP;;AO;АВАР. ПАР В. Д. В Н-3001 /ПОТОК 3/ ;HV-008;M;Задание;;;+
301_11_AO09.30PC020.30PV020.OP;;AO;Р В ЛИНИИ ПАРА В СЕПАРАТОР АВАР ПАРА;PV-020;M;Задание;;;+
301_11_AO09.30HC009.30HV009.OP;;AO;АВАР. ПАР В. Д. В Н-3001 /ПОТОК 2/ ;HV-009;M;Задание;;;+
301_11_AO09.30LC005.30LV005.OP;;AO;L В V-3002 /ЁМКОСТЬ ПИТАТЕЛЬНОЙ ВОДЫ;LV-005;M;Задание;;;+
301_11_AO09.30FC016.30FV016.OP;;AO;F СЫРЬЁ В Н-3001 ОТ Е-3001D ПОТОК 4;FV-016;M;Задание;;;+
301_11_AO09.30FC013.30FV013.OP;;AO;F СЫРЬЁ В Н-3001 ОТ Е-3001D ПОТОК 1;FV-013;M;Задание;;;+
301_11_AO09.30FC014.30FV014.OP;;AO;F СЫРЬЁ В Н-3001 ОТ Е-3001D ПОТОК 2;FV-014;M;Задание;;;+
301_11_AO09.30FY005.30FI005A.OP;;AO;Вод. пар ВД в змеевик 2 Н-3001;;;;;;+
301_11_AO09.30FY006.30FI006A.OP;;AO;Вод. пар ВД в змеевик 1 Н-3001;;;;;;+
301_11_AO09.30FY003.30FI003A.OP;;AO;Вод. пар ВД в змеевик 4 Н-3001;;;;;;+
301_11_AO09.30FY004.30FI004A.OP;;AO;Вод. пар ВД в змеевик 3 Н-3001;;;;;;+
301_11_AI13.30EI001S.30ET001S.PV;;AI;Ток двигателя насоса РM-3001S;Р-3001S;M;Ток;#*0.5;;+
301_11_AI13.30EI101A.30ET101A.PV;;AI;Ток двигателя компрессора СM-3001A;М_C-3001A;M;Ток;#*0.35;;+
301_11_AI13.30EI003S.30ET003S.PV;;AI;Ток двигателя насоса РM-3003S;Р-3003S;M;Ток;#*0.5;;+
301_11_AI13.30EI001A.30ET001A.PV;;AI;Ток двигателя насоса РM-3001A;Р-3001A;M;Ток;#*0.5;;+
301_11_AI13.30EI101S.30ET101S.PV;;AI;Ток двигателя компрессора СM-3001S;М_C-3001S;M;Ток;#*0.35;;+
301_11_AI13.30EI003A.30ET003A.PV;;AI;Ток двигателя насоса РM-3003A;Р-3003A;M;Ток;#*0.5;;+
301_11_AI13.30SI206.30ST206.PV;;AI;А-3001A-2,  Обрат. связь по частоте;A-3001A_М2;M;Обороты;#ScaleN(0,1,0,1470);;+
301_11_AI13.30SI084.30ST084.PV;;AI;А-3001С-1,  Обрат. связь по частоте;A-3001С_М1;M;Обороты;#ScaleN(0,1,0,1470);;+
301_11_AI13.30SI073.30ST073.PV;;AI;А-3005A,  Обрат. связь по частоте;A-3005_М1;M;Обороты;#ScaleN(0,1,0,1430);;+
301_11_AI13.30SI072.30ST072.PV;;AI;А-3003В,  Обрат. связь по частоте;A-3003_М2;M;Обороты;#ScaleN(0,1,0,1440);;+
301_11_AI13.30SI209.30ST209.PV;;AI;А-3005В,  Обрат. связь по частоте;A-3005_М2;M;Обороты;#ScaleN(0,1,0,1430);;+
301_11_AI13.30SI207.30ST207.PV;;AI;А-3001В-2,  Обрат. связь по частоте;A-3001B_М2;M;Обороты;#ScaleN(0,1,0,1470);;+
301_11_AI13.30SI071.30ST071.PV;;AI;А-3003A,  Обрат. связь по частоте;A-3003_М1;M;Обороты;#ScaleN(0,1,0,1440);;+
301_11_AI13.30SI208.30ST208.PV;;AI;А-3001С-2,  Обрат. связь по частоте;A-3001С_М2;M;Обороты;#ScaleN(0,1,0,1470);;+
301_11_AI13.30SI082.30ST082.PV;;AI;А-3001A-1,  Обрат. связь по частоте;A-3001A_М1;M;Обороты;#ScaleN(0,1,0,1470);;+
301_11_AI13.30SI083.30ST083.PV;;AI;А-3001В-1,  Обрат. связь по частоте;A-3001B_М1;M;Обороты;#ScaleN(0,1,0,1470);;+
301_11_AO12.30SY071A.30SY071.OP;;AO;A-3003 ВЕНТИЛЯТОР 1;A-3003_М1;M;Задание;;;+
301_11_AO12.30SY207A.30SY207.OP;;AO;A-3001B ВЕНТИЛЯТОР 2;A-3001B_М2;M;Задание;;;+
301_11_AO12.30SY073A.30SY073.OP;;AO;A-3005 ВЕНТИЛЯТОР 1;A-3005_М1;M;Задание;;;+
301_11_AO12.30SY083A.30SY083.OP;;AO;A-3001B ВЕНТИЛЯТОР 1;A-3001B_М1;M;Задание;;;+
301_11_AO12.30SY208A.30SY208.OP;;AO;A-3001C ВЕНТИЛЯТОР 2;A-3001С_М2;M;Задание;;;+
301_11_AO12.30SY082A.30SY082.OP;;AO;A-3001A ВЕНТИЛЯТОР 1;A-3001A_М1;M;Задание;;;+
301_11_AO12.30SY084A.30SY084.OP;;AO;A-3001C ВЕНТИЛЯТОР 1;A-3001С_М1;M;Задание;;;+
301_11_AO12.30SY206A.30SY206.OP;;AO;A-3001A ВЕНТИЛЯТОР 2;A-3001A_М2;M;Задание;;;+
301_11_AO12.30SY209A.30SY209.OP;;AO;A-3001C ВЕНТИЛЯТОР 2;A-3005_М2;M;Задание;;;+
301_11_AO12.30SY072A.30SY072.OP;;AO;A-3003 ВЕНТИЛЯТОР 2;A-3003_М2;M;Задание;;;+
301_11_DO18.30HX069.30HY069A.SO;;DO;НАСОС P-3026;Р-3026;M;Пуск;;;+
301_11_DO18.30HX065.30HY065A.SO;;DO;НАСОС P-3020;Р-3020;M;Пуск;;;+
301_11_DO18.30HX068.30HY068A.SO;;DO;НАСОС P-3025;Р-3025;M;Пуск;;;+
301_11_DO18.30HX066.30HY066A.SO;;DO;НАСОС P-3021;Р-3021;M;Пуск;;;+
301_11_DO18.30HX069.30HY069.SO;;DO;НАСОС P-3026;Р-3026;M;Стоп;#0;;+
301_11_DO18.30HX068.30HY068.SO;;DO;НАСОС P-3025;Р-3025;M;Стоп;#0;;+
301_11_DO18.30HX065.30HY065.SO;;DO;НАСОС P-3020;Р-3020;M;Стоп;#0;;+
301_11_DO18.30HX066.30HY066.SO;;DO;НАСОС P-3021;Р-3021;M;Стоп;#0;;+
301_11_DO18.30C01FRB04.30HYC01FRB04.SO;;DO;КОНТРОЛЬ ПИТАНИЯ 32 КАНАЛ C01FRB04;;;;;;+
301_11_DI21.30XV087.30XZSO087.PV;;DI;30XV087 КОНЦЕВИК ОТКРЫТИЯ;XV-087;M;Открыт;;;+
301_11_DI21.30HV078.30HZSO078.PV;;DI;30HV078 КОНЦЕВИК ОТКРЫТИЯ;HV-078;M;Открыт;;;+
301_11_DI21.30HV078.30HZSC078.PV;;DI;30HV078 КОНЦЕВИК ЗАКРЫТИЯ;HV-078;M;Закрыт;;;+
301_11_DI21.30XA176A.30XS176A.PV;;DI;AВ3001 ПЕРЕГРУЗКА ЭЛ. ДВИГАТЕЛЯ;;;;;;+
301_11_DI21.30XA178A.30XS178A.PV;;DI;AВ3002 ПЕРЕГРУЗКА ЭЛ. ДВИГАТЕЛЯ;;;;;;+
301_11_DI21.30XA179A.30XS179A.PV;;DI;AВ3003 ПЕРЕГРУЗКА ЭЛ. ДВИГАТЕЛЯ;;;;;;+
301_11_DI21.30XV087.30XZSC087.PV;;DI;30XV087 КОНЦЕВИК ЗАКРЫТИЯ;XV-087;M;Закрыт;;;+
301_11_DI21.30XV089.30XZSO089.PV;;DI;30XV089 КОНЦЕВИК ОТКРЫТИЯ;XV-089;M;Открыт;;;+
301_11_DI21.30XV089.30XZSC089.PV;;DI;30XV089 КОНЦЕВИК ЗАКРЫТИЯ;XV-089;M;Закрыт;;;+
301_11_DI21.30HX068.30XS068.PV;;DI;P-3025 СТАТУС;Р-3025;M;Состояние;;;+
301_11_DI21.30HX066.30XS066C.PV;;DI;P-3021 ГОТОВНОСТЬ ИЗ ЭЛЕКТР. ЯЧЕЙКИ;Р-3021;M;Готовность;;;+
301_11_DI21.30HX065.30XS065.PV;;DI;P-3020 СТАТУС;Р-3020;M;Состояние;;;+
301_11_DI21.30HX069.30XS069A.PV;;DI;P-3026 ПЕРЕГРУЗКА ЭЛ. ДВИГАТЕЛЯ;Р-3026;M;Авария;;;+
301_11_DI21.30HX069.30XS069.PV;;DI;P-3026 СТАТУС;Р-3026;M;Состояние;;;+
301_11_DI21.30HX069.30XS069C.PV;;DI;P-3026 ГОТОВНОСТЬ ИЗ ЭЛЕКТР. ЯЧЕЙКИ;Р-3026;M;Готовность;;;+
301_11_DI21.30XA190A.30XS190A.PV;;DI;AВ3004 ПЕРЕГРУЗКА ЭЛ. ДВИГАТЕЛЯ;;;;;;+
301_11_DI21.30XV085.30XZSO085.PV;;DI;30XV085 КОНЦЕВИК ОТКРЫТИЯ;XV-085;M;Открыт;;;+
301_11_DI21.30XV085.30XZSC085.PV;;DI;30XV085 КОНЦЕВИК ЗАКРЫТИЯ;XV-085;M;Закрыт;;;+
301_11_DI21.30XV086.30XZSO086.PV;;DI;30XV086 КОНЦЕВИК ОТКРЫТИЯ;XV-086;M;Открыт;;;+
301_11_DI21.30XV086.30XZSC086.PV;;DI;30XV086 КОНЦЕВИК ЗАКРЫТИЯ;XV-086;M;Закрыт;;;+
301_11_DI21.30HX065.30XS065C.PV;;DI;P-3020 ГОТОВНОСТЬ ИЗ ЭЛЕКТР. ЯЧЕЙКИ;Р-3020;M;Готовность;;;+
301_11_DI21.30HX065.30XS065A.PV;;DI;P-3020 ПЕРЕГРУЗКА ЭЛ. ДВИГАТЕЛЯ;Р-3020;M;Авария;;;+
301_11_DI21.30HX066.30XS066A.PV;;DI;P-3021 ПЕРЕГРУЗКА ЭЛ. ДВИГАТЕЛЯ;Р-3021;M;Авария;;;+
301_11_DI21.30HX066.30XS066.PV;;DI;P-3021 СТАТУС;Р-3021;M;Состояние;;;+
301_11_DI21.30HX068.30XS068C.PV;;DI;P-3025 ГОТОВНОСТЬ ИЗ ЭЛЕКТР. ЯЧЕЙКИ;Р-3025;M;Готовность;;;+
301_11_DI21.30HX068.30XS068A.PV;;DI;P-3025 ПЕРЕГРУЗКА ЭЛ. ДВИГАТЕЛЯ;Р-3025;M;Авария;;;+
301_11_DI16.00XA301D01_PS.00XA301D01_PS.PV;;DI;IB-30-1 Состояние БП DCS-01;;;;;;+
301_11_DI16.30HX072.30XS072A.PV;;DI;A-3003В - Сигнал сбоя;A-3003_М2;M;Авария;#0;;+
301_11_DI16.30HX073.30XS073C.PV;;DI;A-3005A - Сигнал исправного состояния;A-3005_М1;M;Готовность;;;+
301_11_DI16.30HX209.30XS209B.PV;;DI;A-3005В - Общая авария;A-3005_М2;M;Авария;#0;;+
301_11_DI16.30HX072.30XS072C.PV;;DI;A-3003В - Сигнал исправного состояния;A-3003_М2;M;Готовность;;;+
301_11_DI16.30HX072.30XS072B.PV;;DI;A-3003В - Общая авария;A-3003_М2;M;Авария;#0;;+
301_11_DI16.00XA301D02.00XS301D02.PV;;DI;IB30-1 ОБЩАЯ СИГНАЛИЗАЦИЯ DCS-02;;;;;;+
301_11_DI16.00XA301U01BAE.00XS301U01BAE.PV;;DI;IB-30-1 ИБП1. БАТАРЕЯ РАЗРЯЖЕНА;;;;;;+
301_11_DI16.30HX209.30XS209A.PV;;DI;A-3005В - Сигнал сбоя;A-3005_М2;M;Авария;#0;;+
301_11_DI16.30HX073.30XS073A.PV;;DI;A-3005A - Сигнал сбоя;A-3005_М1;M;Авария;#0;;+
301_11_DI16.00XA301D01.00XS301D01.PV;;DI;IB30-1 ОБЩАЯ СИГНАЛИЗАЦИЯ DCS-01;;;;;;+
301_11_DI16.00XA301P01.00XS301P01.PV;;DI;IB30-1 ОБЩАЯ СИГНАЛИЗАЦИЯ PDC-01;;;;;;+
301_11_DI16.00XA301D03.00XS301D03.PV;;DI;IB30-1 ОБЩАЯ СИГНАЛИЗАЦИЯ DCS-03;;;;;;+
301_11_DI16.00XA301U01ALM.00XS301U01ALM.PV;;DI;IB-30-1 ИБП1. ОБЩИЙ ПРЕДУПР СИГНАЛ;;;;;;+
301_11_DI16.30HX071.30XS071.PV;;DI;A-3003A - В работе;A-3003_М1;M;Состояние;;;+
301_11_DI16.30HX071.30XS071A.PV;;DI;A-3003A - Сигнал сбоя;A-3003_М1;M;Авария;#0;;+
301_11_DI16.30HX071.30XS071C.PV;;DI;A-3003A - Сигнал исправного состояния;A-3003_М1;M;Готовность;;;+
301_11_DI16.30HX072.30XS072.PV;;DI;A-3003В - В работе;A-3003_М2;M;Состояние;;;+
301_11_DI16.30HX071.30XS071B.PV;;DI;A-3003A - Общая авария;A-3003_М1;M;Авария;#0;;+
301_11_DI16.30HX209.30XS209.PV;;DI;A-3005В - В работе;A-3005_М2;M;Состояние;;;+
301_11_DI16.30HX073.30XS073B.PV;;DI;A-3005A - Общая авария;A-3005_М1;M;Авария;#0;;+
301_11_DI16.30HX073.30XS073.PV;;DI;A-3005A - В работе;A-3005_М1;M;Состояние;;;+
301_11_DI16.30HX209.30XS209C.PV;;DI;A-3005В - Сигнал исправного состояния;A-3005_М2;M;Готовность;;;+
301_11_DI16.00XA301F01.00XS301F01.PV;;DI;IB30-1 ОБЩАЯ СИГНАЛИЗАЦИЯ FACP;;;;;;+
301_11_DI16.00XA301H01.00XS301H01.PV;;DI;IB30-1 ОБЩАЯ СИГНАЛИЗАЦИЯ HV;;;;;;+
301_11_DI16.00XA301T01.00XS301T01.PV;;DI;IB30-1 ОБЩАЯ СИГНАЛИЗАЦИЯ TELECOM;;;;;;+
301_11_DI16.00XA301U01BMF.00XS301U01BMF.PV;;DI;IB-30-1 ИБП1. СБОЙ СЕТИ БАЙПАСА;;;;;;+
301_11_DI16.00XA301U01RMF.00XS301U01RMF.PV;;DI;IB-30-1 ИБП1. СБОЙ СЕТИ ВЫПРЯМИТЕЛЯ;;;;;;+
301_11_DI15.00XA301U02BAE.00XS301U02BAE.PV;;DI;IB-30-1 ИБП2. БАТАРЕЯ РАЗРЯЖЕНА;;;;;;+
301_11_DI15.30HX083.30XS083B.PV;;DI;A-3001В-1 - Общая авария;A-3001B_М1;M;Авария;#0;;+
301_11_DI15.30HX083.30XS083A.PV;;DI;A-3001В-1 - Сигнал сбоя;A-3001B_М1;M;Авария;#0;;+
301_11_DI15.30HX207.30XS207C.PV;;DI;A-3001В-2 - Сигнал исправного состояния;A-3001B_М2;M;Готовность;;;+
301_11_DI15.30HX206.30XS206B.PV;;DI;A-3001A-2 - Общая авария;A-3001A_М2;M;Авария;#0;;+
301_11_DI15.30HX083.30XS083C.PV;;DI;A-3001В-1 - Сигнал исправного состояния;A-3001B_М1;M;Готовность;;;+
301_11_DI15.00XA301U02RMF.00XS301U02RMF.PV;;DI;IB-30-1 ИБП2. СБОЙ СЕТИ ВЫПРЯМИТЕЛЯ;;;;;;+
301_11_DI15.00XA301U02BMF.00XS301U02BMF.PV;;DI;IB-30-1 ИБП2. СБОЙ СЕТИ БАЙПАСА;;;;;;+
301_11_DI15.00XA301U02ALM.00XS302U01ALM.PV;;DI;IB-30-1 ИБП2 ОБЩИЙ ПРЕДУПР СИГНАЛ;;;;;;+
301_11_DI15.30HX207.30XS207B.PV;;DI;A-3001В-2 - Общая авария;A-3001B_М2;M;Авария;#0;;+
301_11_DI15.30HX207.30XS207A.PV;;DI;A-3001В-2 - Сигнал сбоя;A-3001B_М2;M;Авария;#0;;+
301_11_DI15.30HX208.30XS208B.PV;;DI;A-3001С-2 - Общая авария;A-3001С_М2;M;Авария;#0;;+
301_11_DI15.30HX208.30XS208.PV;;DI;A-3001С-2 - В работе;A-3001С_М2;M;Состояние;;;+
301_11_DI15.30HX208.30XS208A.PV;;DI;A-3001С-2 - Сигнал сбоя;A-3001С_М2;M;Авария;#0;;+
301_11_DI15.30HX207.30XS207.PV;;DI;A-3001В-2 - В работе;A-3001B_М2;M;Состояние;;;+
301_11_DI15.30HX206.30XS206A.PV;;DI;A-3001A-2 - Сигнал сбоя;A-3001A_М2;M;Авария;#0;;+
301_11_DI15.30HX206.30XS206C.PV;;DI;A-3001A-2 - Сигнал исправного состояния;A-3001A_М2;M;Готовность;;;+
301_11_DI15.30HX083.30XS083.PV;;DI;A-3001В-1 - В работе;A-3001B_М1;M;Состояние;;;+
301_11_DI15.30HX082.30XS082.PV;;DI;A-3001A-1 - В работе;A-3001A_М1;M;Состояние;;;+
301_11_DI15.30HX082.30XS082A.PV;;DI;A-3001A-1 - Сигнал сбоя;A-3001A_М1;M;Авария;#0;;+
301_11_DI15.30HX082.30XS082C.PV;;DI;A-3001A-1 - Сигнал исправного состояния;A-3001A_М1;M;Готовность;;;+
301_11_DI15.30HX206.30XS206.PV;;DI;A-3001A-2 - В работе;A-3001A_М2;M;Состояние;;;+
301_11_DI15.30HX082.30XS082B.PV;;DI;A-3001A-1 - Общая авария;A-3001A_М1;M;Авария;#0;;+
301_11_DI15.30HX084.30XS084.PV;;DI;A-3001С-1 - В работе;A-3001С_М1;M;Состояние;;;+
301_11_DI15.30HX084.30XS084A.PV;;DI;A-3001С-1 - Сигнал сбоя;A-3001С_М1;M;Авария;#0;;+
301_11_DI15.30HX084.30XS084C.PV;;DI;A-3001С-1 - Сигнал исправного состояния;A-3001С_М1;M;Готовность;;;+
301_11_DI15.30HX084.30XS084B.PV;;DI;A-3001С-1 - Общая авария;A-3001С_М1;M;Авария;#0;;+
301_11_DI15.30HX208.30XS208C.PV;;DI;A-3001С-2 - Сигнал исправного состояния;A-3001С_М2;M;Готовность;;;+
301_11_DO17.30HX073.30HY073.SO;;DO;A-3005A - Стоп;A-3005_М1;M;Стоп;#0;;+
301_11_DO17.30HX208.30HY208A.SO;;DO;A-3001С-2 - Старт;A-3001С_М2;M;Пуск;;;+
301_11_DO17.30HX208.30HY208.SO;;DO;A-3001С-2 - Стоп;A-3001С_М2;M;Стоп;#0;;+
301_11_DO17.30HX084.30HY084C.SO;;DO;A-3001С-1 - Старт без SFC (БАЙПАС);;;;;;+
301_11_DO17.30HX084.30HY084A.SO;;DO;A-3001С-1 - Старт;A-3001С_М1;M;Пуск;;;+
301_11_DO17.30HX084.30HY084.SO;;DO;A-3001С-1 - Стоп;A-3001С_М1;M;Стоп;#0;;+
301_11_DO17.30HX207.30HY207C.SO;;DO;A-3001В-2 - Старт без SFC (БАЙПАС);;;;;;+
301_11_DO17.30HX209.30HY209C.SO;;DO;A-3005В - Старт без SFC (БАЙПАС);;;;;;+
301_11_DO17.30HX209.30HY209A.SO;;DO;A-3005В - Старт;A-3005_М2;M;Пуск;;;+
301_11_DO17.30HX209.30HY209.SO;;DO;A-3005В - Стоп;A-3005_М2;M;Стоп;#0;;+
301_11_DO17.30HX072.30HY072C.SO;;DO;A-3003В - Старт без SFC (БАЙПАС);;;;;;+
301_11_DO17.30HX072.30HY072A.SO;;DO;A-3003В - Старт;A-3003_М2;M;Пуск;;;+
301_11_DO17.30HX072.30HY072.SO;;DO;A-3003В - Стоп;A-3003_М2;M;Стоп;#0;;+
301_11_DO17.30HX071.30HY071C.SO;;DO;A-3003A - Старт без SFC (БАЙПАС);;;;;;+
301_11_DO17.30HX071.30HY071A.SO;;DO;A-3003A - Старт;A-3003_М1;M;Пуск;;;+
301_11_DO17.30HX071.30HY071.SO;;DO;A-3003A - Стоп;A-3003_М1;M;Стоп;#0;;+
301_11_DO17.30HX208.30HY208C.SO;;DO;A-3001С-2 - Старт без SFC (БАЙПАС);;;;;;+
301_11_DO17.30HX082.30HY082.SO;;DO;A-3001A-1 - Стоп;A-3001A_М1;M;Стоп;#0;;+
301_11_DO17.30HX207.30HY207A.SO;;DO;A-3001В-2 - Старт;A-3001B_М2;M;Пуск;;;+
301_11_DO17.30HX083.30HY083.SO;;DO;A-3001В-1 - Стоп;A-3001B_М1;M;Стоп;#0;;+
301_11_DO17.30HX207.30HY207.SO;;DO;A-3001В-2 - Стоп;A-3001B_М2;M;Стоп;#0;;+
301_11_DO17.30HX083.30HY083C.SO;;DO;A-3001В-1 - Старт без SFC (БАЙПАС);;;;;;+
301_11_DO17.30HX083.30HY083A.SO;;DO;A-3001В-1 - Старт;A-3001B_М1;M;Пуск;;;+
301_11_DO17.30HX206.30HY206C.SO;;DO;A-3001A-2 - Старт без SFC (БАЙПАС);;;;;;+
301_11_DO17.30HX206.30HY206A.SO;;DO;A-3001A-2 - Старт;A-3001A_М2;M;Пуск;;;+
301_11_DO17.30HX206.30HY206.SO;;DO;A-3001A-2 - Стоп;A-3001A_М2;M;Стоп;#0;;+
301_11_DO17.30HX082.30HY082C.SO;;DO;A-3001A-1 - Старт без SFC (БАЙПАС);;;;;;+
301_11_DO17.30HX082.30HY082A.SO;;DO;A-3001A-1 - Старт;A-3001A_М1;M;Пуск;;;+
301_11_DO17.30HX073.30HY073C.SO;;DO;A-3005A - Старт без SFC (БАЙПАС);;;;;;+
301_11_DO17.30HX073.30HY073A.SO;;DO;A-3005A - Старт;A-3005_М1;M;Пуск;;;+
301_11_DO17.30C01FRB01.30HYC01FRB01.SO;;DO;КОНТРОЛЬ ПИТАНИЯ 32 КАНАЛ C01FRB01;;;;;;+
301_11_DO20.30XV089.30XSO089.SO;;DO;ВЫКИД P-3026 НА V-3028;XV-089;M;Открыть;;;+
301_11_DO20.30XV085.30XSC085.SO;;DO;ВЫКИД P-3020 НА V-3023;XV-085;M;Закрыть;;;+
301_11_DO20.30XV085.30XSO085.SO;;DO;ВЫКИД P-3020 НА V-3023;XV-085;M;Открыть;;;+
301_11_DO20.30XV087.30XSO087.SO;;DO;ВЫКИД P-3025 НА V-3027;XV-087;M;Открыть;;;+
301_11_DO20.30XV086.30XSO086.SO;;DO;ВЫКИД P-3021 НА V-3024;XV-086;M;Открыть;;;+
301_11_DO20.30HV078.30XSC078B.SO;;DO;ПРОМЫВН ЖИДК НА УСТ В V-3020;HV-078;M;Закрыть;;;+
301_11_DO20.30XV089.30XSC089.SO;;DO;ВЫКИД P-3026 НА V-3028;XV-089;M;Закрыть;;;+
301_11_DO20.30XV086.30XSC086.SO;;DO;ВЫКИД P-3021 НА V-3024;XV-086;M;Закрыть;;;+
301_11_DO20.30HV078.30XSO078A.SO;;DO;ПРОМЫВН ЖИДК НА УСТ В V-3020;HV-078;M;Открыть;;;+
301_11_DO20.30XV087.30XSC087.SO;;DO;ВЫКИД P-3025 НА V-3027;XV-087;M;Закрыть;;;+
301_11_DO19.30PY069C.30PY069A.SO;;DO;КИСЛЫЙ ГАЗ НА ФАКЕЛ;;;;;;+
301_11_DO19.30PY055C.30PY055A.SO;;DO;КИСЛЫЙ ГАЗ НА ФАКЕЛ ИЗ V-3003;;;;;;+
301_11_DO19.30HV045.30HY045.SO;;DO;ОТСЕКАТЕЛЬ НАГНЕТАНИЕ C-3001A;HV-045;M;Соленоид;#0;;+
301_11_DO19.30HV042.30HY042.SO;;DO;ОТСЕКАТЕЛЬ ПРИЁМ С-3001S;HV-042;M;Соленоид;#0;;+
301_11_DO19.30HV046.30HY046.SO;;DO;ОТСЕКАТЕЛЬ НАГНЕТАНИЕ C-3001S;HV-046;M;Соленоид;#0;;+
301_11_DO19.30PY084C.30PY084B.SO;;DO;C01RLB01;;;;;;+
301_11_DO19.30HV099.30HY099.SO;;DO;ОТСЕКАТЕЛЬ ЛИН ОТКАЧКИ ОТ Р-3006A/S;HV-099;M;Соленоид;#0;;+
301_11_DO19.30HV044.30HY044.SO;;DO;ОТСЕКАТЕЛЬ КИСЛ ГАЗ НА ФАКЕЛ  ИЗ C-3001S;HV-044;M;Соленоид;#0;;+
301_11_DO19.30HV043.30HY043.SO;;DO;ОТСЕКАТЕЛЬ КИСЛ ГАЗ НА ФАКЕЛ  ИЗ C-3001A;HV-043;M;Соленоид;#0;;+
301_11_DO19.30HV092.30HY092.SO;;DO;ОТСЕКАТЕЛЬ У/В ГАЗ НА ФАКЕЛ ИЗ V-3017;HV-092;M;Соленоид;#0;;+
301_11_DO19.30HV108.30HY108.SO;;DO;ОТСЕКАТЕЛЬ ЛИН ОТКАЧКИ R-3001;HV-108;M;Соленоид;#0;;+
301_11_DO19.30HV098.30HY098.SO;;DO;ОТСЕКАТЕЛЬ НАФТА ИЗ V-3008;HV-098;M;Соленоид;#0;;+
301_11_DO19.30HV109.30HY109.SO;;DO;ОТСЕКАТЕЛЬ ЛИН ОТКАЧКИ Т-3003;HV-109;M;Соленоид;#0;;+
301_11_DO19.30HV060.30HY060.SO;;DO;ОТСЕКАТЕЛЬ НАФТА ИЗ V-3009;HV-060;M;Соленоид;#0;;+
301_11_DO19.30HV058.30HY058.SO;;DO;ОТСЕКАТЕЛЬ КИСЛЫЙ ГАЗ ИЗ V-3009;HV-058;M;Соленоид;#0;;+
301_11_DO19.30HV062.30HY062.SO;;DO;ОТСЕКАТЕЛЬ У/В ГАЗ ИЗ Т-3004 НА ФАКЕЛ;HV-062;M;Соленоид;#0;;+
301_11_DO19.30HV102.30HY102.SO;;DO;ОТСЕКАТЕЛЬ ОРОШЕНИЕ ОТ P-3013A/S;HV-102;M;Соленоид;#0;;+
301_11_DO19.30HV204.30HY204.SO;;DO;ОТСЕКАТЕЛЬ ПРОМЫВН ЖИДК ОТ V-3012;HV-204;M;Соленоид;#0;;+
301_11_DO19.30HV205.30HY205.SO;;DO;ОТСЕКАТЕЛЬ ПРОМЫВН ЖИДК ОТ P-3024A/S;HV-205;M;Соленоид;#0;;+
301_11_DO19.30HV097.30HY097.SO;;DO;ОТСЕКАТЕЛЬ ОРОШЕНИЕ ОТ P-3006A/S;HV-097;M;Соленоид;#0;;+
301_11_DO19.30HV034.30HY034.SO;;DO;ОТСЕКАТЕЛЬ НЕСТАБ НАФТА ИЗ V-3003;HV-034;M;Соленоид;#0;;+
301_11_DO19.30HV041.30HY041.SO;;DO;ОТСЕКАТЕЛЬ ПРИЁМ С-3001А;HV-041;M;Соленоид;#0;;+
301_11_DO19.30HV033.30HY033.SO;;DO;ОТСЕКАТЕЛЬ КИСЛЫЙ ГАЗ ИЗ V-3008;HV-033;M;Соленоид;#0;;+
301_11_DO19.30HV053.30HY053.SO;;DO;ОТСЕКАТЕЛЬ ПАРЫ Т-3003 НА ФАКЕЛ;HV-053;M;Соленоид;#0;;+
301_11_DO19.30HV052.30HY052.SO;;DO;ОТСЕКАТЕЛЬ НАФТА ОТ Р-3012A/S;HV-052;M;Соленоид;#0;;+
301_12_AI01.30TI075C.30TT075C.PV;;AI;ВОЗДУХ ВНУТРИ А-3005;A-3005;M;T воздуха;;;+
301_12_AI01.30FC002.30FT002.PV;;AI;F ОСТ. ВИСБР. С УСТ ОТ Е-3002 ;F002;M;Показания;;;+
301_12_AI01.30TC061.30TT061.PV;;AI;НЕСТАБ. НАФТА ИЗ А-3003 В V-3008;T061;M;Показания;;;+
301_12_AI01.30TC047.30TT047.PV;;AI;УГЛЕВОДОРОДЫ / ВОДА ОТ А-3001А/В/С;T047;M;Показания;;;+
301_12_AI01.30TI062A.30TT062A.PV;;AI;ВОЗДУХ ВНУТРИ А-3003;A-3003;M;T воздуха;;;+
301_12_AI01.30TI062B.30TT062B.PV;;AI;ВОЗДУХ ВНУТРИ А-3003;A-3003;M;T воздуха;;;+
301_12_AI01.30TI062C.30TT062C.PV;;AI;ВОЗДУХ ВНУТРИ А-3003;A-3003;M;T воздуха;;;+
301_12_AI01.30TI062D.30TT062D.PV;;AI;ВОЗДУХ ВНУТРИ А-3003;A-3003;M;T воздуха;;;+
301_12_AI01.30TC039.30TT039.PV;;AI;ОСТАТОК ВИСБРЕКИНГА В Е-3001A-D;T039;M;Показания;;;+
301_12_AI01.30TI075A.30TT075A.PV;;AI;ВОЗДУХ ВНУТРИ А-3005;A-3005;M;T воздуха;;;+
301_12_AI01.30FC027.30FT027.PV;;AI;F КВЕНЧ НА 39-Ю ТАРЕЛКУ Т-3001;F027;M;Показания;;;+
301_12_AI01.30FC026.30FT026.PV;;AI;F КВЕНЧ НА 29-Ю ТАРЕЛКУ Т-3001;F026;M;Показания;;;+
301_12_AI01.30FC046.30FT046.PV;;AI;F ЦИРКУЛЯЦ. ОРОШ. В Е-3004/ДО БАЙПАСА/;F046;M;Показания;;;+
301_12_AI01.30TI075B.30TT075B.PV;;AI;ВОЗДУХ ВНУТРИ А-3005;A-3005;M;T воздуха;;;+
301_12_AI01.30TI075D.30TT075D.PV;;AI;ВОЗДУХ ВНУТРИ А-3005;A-3005;M;T воздуха;;;+
301_12_AI01.30FI030.30FT030.PV;;AI;F ГАЗОЙЛЬ В ЛИН ОСТ. ВИСБР. ОТ Р-3005;F030;M;Показания;;;+
301_12_AI03.30LI050A.30LT050A.PV;;AI;L В V-3013 /СЕПАРАТОР НЕПР ПРОДУВКИ;V-3013;M;Уровень;;;У
301_12_AI03.30LI041.30LT041.PV;;AI;L В V-3023 /ЁМКОСТЬ СВЕТЛ Н/ПР;V-3023;M;Уровень;;;У
301_12_AI03.30PI105.30PT105.PV;;AI;СВЕТЛЫЕ НЕФТЕПРОДУКТЫ ИЗ V-3023;P105;M;Показания;;;+
301_12_AI03.30PI138.30PT138.PV;;AI;ТЕМНЫЕ НЕФТЕПРОДУКТЫ ИЗ V-3027;P138;M;Показания;;;+
301_12_AI03.30PI139.30PT139.PV;;AI;СВЕТЛЫЕ НЕФТЕПРОДУКТЫ ИЗ V-3028;P139;M;Показания;;;+
301_12_AI03.30LI044.30LT044.PV;;AI;L В V-3027 /ЁМКОСТЬ ТЁМН Н/ПР;V-3027;M;Уровень;;;У
301_12_AI03.30TI084B.30TT084B.PV;;AI;ТОЩИЙ АМИН ИЗ E-3010 В Т-3004;T084B;M;Показания;;;+
301_12_AI03.30PC055.30PT055.PV;;AI;Р В V-3003 / РЕФЛЮКСНАЯ ЕМКОСТЬ;V-3003;M;Давление;#*98.065;;+
301_12_AI03.30LI045.30LT045.PV;;AI;L В V-3028 /ЁМКОСТЬ СВЕТЛ Н/ПР;V-3028;M;Уровень;;;У
301_12_AI03.30FC035.30FT035.PV;;AI;F НЕСТАБ. НАФТА В Е-3005 ОТ Р-3012;F035;M;Показания;;;+
301_12_AI03.30FC038.30FT038.PV;;AI;F ОРОШЕНИЕ В Т-3003 ОТ Р-3013;F038;M;Показания;;;+
301_12_AI03.30FC040.30FT040.PV;;AI;F РЕГЕНЕРИР. АМИН В Т-3004 ОТ Е-3010;F040;M;Показания;;;+
301_12_AI03.30FC031.30FT031.PV;;AI;F ОРОШЕНИЕ В Т-3001 ОТ Р-3006;F031;M;Показания;;;+
301_12_AI03.30LI019.30LT019.PV;;AI;L В V-3003 /НЕСТАБ НАФТА;V-3003;M;Уровень;;;У
301_12_AI03.30FC032.30FT032.PV;;AI;F КИСЛАЯ ВОДА В А-3001 ОТ Р-3007 ;F032;M;Показания;;;+
301_12_AI03.30LI015.30LT015.PV;;AI;L В ЕМКОСТИ V-3003;V-3003;M;Уровень_воды;;;У
301_12_AI02.30LI012A.30LT012A.PV;;AI;L В T-3002 /ОТПАРНАЯ КОЛОННА;Т-3002;M;L_9;#ScaleN(6,100,0,100);;У
301_12_AI02.30TI084A.30TT084A.PV;;AI;КИСЛЫЙ ГАЗ ИЗ V-3010 В Т-3004;T084A;M;Показания;;;+
301_12_AI02.30PI109A.30PT109A.PV;;AI;T-3004 ВЕРХ;T-3004;M;Давление_верха;#*0.0980665;;+
301_12_AI02.30PI109B.30PT109B.PV;;AI;T-3004 КУБ;T-3004;M;Давление_куба;#*0.0980665;;+
301_12_AI02.30TC125.30TT125.PV;;AI;ПРОМЫВНАЯ Ж-ТЬ К ПРИБОРАМ КИПиА;T125;M;Показания;;;+
301_12_AI02.30TC121.30TT121.PV;;AI;ПРОМЫВНАЯ Ж-ТЬ ИЗ Е-3012;T121;M;Показания;;;+
301_12_AI02.30PC084.30PT084.PV;;AI;Р В V-3009 / ЁМКОСТЬ ОРОШЕНИЯ СТАБ;V-3009;M;Давление;#*0.0980665;;+
301_12_AI02.30PC069.30PT069.PV;;AI;Р В V-3008 / ЁМКОСТЬ ПОВТОРН КОНТАКТА;V-3008;M;Давление;#*0.0980665;;+
301_12_AI02.30LI037.30LT037.PV;;AI;L В Т-3004 /АМИНОВЫЙ АБСОРБЕР;T-3004;M;Уровень_куба;;;У
301_12_AI02.30PC087.30PT087.PV;;AI;Р В Т-3004 (ВЕРХ) / АБСОРБЕР;T-3004;M;Давление_верха;#*0.0980665;;+
301_12_AI02.30LI027.30LT027.PV;;AI;L В Т-3003 /СТАБИЛИЗАТОР;T-3003;M;L_13;;;У
301_12_AI02.30LC026.30LT026.PV;;AI;L В V-3008 /РАЗДЕЛ ФАЗ;V-3008;M;Уровень_воды;;;У
301_12_AI02.30LI024.30LT024.PV;;AI;L В V-3008 /НЕСТАБ НАФТА;V-3008;M;Уровень;;;У
301_12_AI02.30LI030.30LT030.PV;;AI;L В V-3009 /НАФТА;V-3009;M;Уровень;;;У
301_12_AI02.30TC069.30TT069.PV;;AI;Т-3003 НАФТА НА 10 ТАРЕЛКЕ;T-3003;M;T_10;;;+
301_12_AI02.30PC077.30PT077.PV;;AI;Р В ЛИНИИ ПАРА П Д / В E-3006;P077;M;Показания;;;+
301_12_AI04.30SI918.30ST918.PV;;AI;ДЫМОСОС CM3003A. ЧАСТОТА ВРАЩЕНИЯ;C-3003A;M;Обороты;#ScaleN(0,985,0,100);;+
301_12_AI04.30LI015A.30LT015A.PV;;AI;L В ЕМКОСТИ V-3003;V-3003;M;Уровень_воды;;;У
301_12_AI04.30LI027A.30LT027A.PV;;AI;L В Т-3003 /СТАБИЛИЗАТОР;T-3003;M;L_13;;;У
301_12_AI04.30LI024A.30LT024A.PV;;AI;L В V-3008 /НЕСТАБ НАФТА;V-3008;M;Уровень;;;У
301_12_AI04.30LI019A.30LT019A.PV;;AI;L В V-3003 /НЕСТАБ НАФТА;V-3003;M;Уровень;;;У
301_12_AI04.30LI030A.30LT030A.PV;;AI;L В V-3009 /НАФТА;V-3009;M;Уровень;;;У
301_12_AI04.30PC867.30PT867.PV;;AI;Давление. Емкость V-3029;P867;M;Показания;;;+
301_12_AI04.30LI037A.30LT037A.PV;;AI;L В Т-3004 /АМИНОВЫЙ АБСОРБЕР;T-3004;M;Уровень_куба;;;У
301_12_AI04.30PC870.30PT870.PV;;AI;Давление. Емкость V-3034;;;;;;+
301_12_AI04.30PC108A.30PT108.PV;;AI;Р В V-3012 / ПАРОСБОРНИК;V-3012;M;Давление;#*0.098065;;+
301_12_AI04.30LI047A.30LT047A.PV;;AI;L В V-3012 /ПАРОСБОРНИК;V-3012;M;Уровень;;;У
301_12_AI04.30PC107.30PT107.PV;;AI;Р В V-3012 (ПРИ ПУСКЕ) / ПАРОСБОРНИК;V-3012;M;Давление;#*0.098065;;+
301_12_AI04.30LI047B.30LT047B.PV;;AI;L В V-3012 /ПАРОСБОРНИК;V-3012;M;Уровень;;;У
301_12_AI04.30LI050.30LT050.PV;;AI;L В V-3013 /СЕПАРАТОР НЕПР ПРОДУВКИ;V-3013;M;Уровень;;;У
301_12_AI04.30FI042.30FT042.PV;;AI;F ПИТАТ. ВОДА В. Д. НА УСТ. В V-3012;F042;M;Показания;;;+
301_12_AI05.30TI083.30TT083.PV;;AI;V-3010 Каплеотбойник кислого газа;V-3010;M;Температура;;;+
301_12_AI05.30TI080.30TT080.PV;;AI;Верх. стаб. продукт из Е-3009;T080;M;Показания;;;+
301_12_AI05.30TI081.30TT081.PV;;AI;Кислая вода в V-3009;V-3009;M;Температура;;;+
301_12_AI05.30TI070.30TT070.PV;;AI;СТАБ. НАФТА ИЗ T-3003 В E-3006;T070;M;Показания;;;+
301_12_AI05.30TC067.30TT067.PV;;AI;Пары углеводородов из Т-3003;T-3003;M;T_1;;;+
301_12_AI05.30TI074.30TT074.PV;;AI;СТАБ. НАФТА ИЗ Е-3005 В А-3005;T074;M;Показания;;;+
301_12_AI05.30LI033.30LT033.PV;;AI;L В V-3009 /РАЗДЕЛ ФАЗ;V-3009;M;Уровень_воды;;;У
301_12_AI05.30TI063.30TT063.PV;;AI;V-3008 (грязевик);V-3008;M;Температура;;;+
301_12_AI05.30TI066.30TT066.PV;;AI;Нестаб. нафта в Т-3003;T066;M;Показания;;;+
301_12_AI05.30FI039.30FT039.PV;;AI;F КИСЛ ГАЗ ОТ V-3009 В V-3010, НА ФАКЕЛ;F039;M;Показания;;;+
301_12_AI05.30PI074A.30PT074A.PV;;AI;Т-3003 (НИЗ КОЛОННЫ);T-3003;M;P_13;#*0.0980665;;+
301_12_AI06.30UIQ050.30UT050.PV;;AI;НАСЫЩЕННЫЙ АМИН С УСТАНОВКИ;U050;M;Показания;;;+
301_12_AI06.30TI126.30TT126.PV;;AI;Т-3004 (низ);T-3004;M;T_11;#*1.2;;+
301_12_AI06.30TI097.30TT097.PV;;AI;V-3023 Cветлые нефтепродукты;V-3023;M;Температура;;;+
301_12_AI06.30TI152.30TT152.PV;;AI;Всас C-3001A;T152;M;Показания;;;+
301_12_AI06.30TI153.30TT153.PV;;AI;Всас C-3001S;T153;M;Показания;;;+
301_12_AI06.30TI085.30TT085.PV;;AI;Жирный газ из Т-3004;T-3004;M;Температура_верха;;;+
301_12_AI06.30LI035.30LT035.PV;;AI;L В V-3010 /КАПЛЕОТБОЙНИК КИСЛОГО ГАЗА;V-3010;M;Уровень;;;У
301_12_AI06.30FI037.30FT037.PV;;AI;F ПАР ПД В Е-3006;F037;M;Показания;;;+
301_12_AI06.30PI756.30PT756.PV;;AI;P В СИСТЕМЕ УПЛОТНЕНИЯ P-3020;;;;#=0.5;;+
301_12_AI06.30PI752.30PT752.PV;;AI;P В СИСТЕМЕ УПЛОТНЕНИЯ P-3025;;;;#=0.5;;+
301_12_AI06.30TI100.30TT100.PV;;AI;V-3027 Темные нефтепродукты;V-3027;M;Температура;;;+
301_12_AI06.30TI053.30TT053.PV;;AI;V-3005 Углеводороды/вода;V-3005;M;Температура;;;+
301_12_AI06.30TI048.30TT048.PV;;AI;V-3003 Кислая вода;V-3003;M;Температура;;;+
301_12_AI07.30PI821B.30PT821B.PV;;AI;P В СИСТЕМЕ ПЕРЕДНЕГО УПЛОТНЕНИЯ P-3003A;;;;#=0.5;;+
301_12_AI07.30PI821A.30PT821A.PV;;AI;P В СИСТЕМЕ ПОЛЕВОГО УПЛОТНЕНИЯ  P-3003A;;;;#=0.5;;+
301_12_AI07.30PI801B.30PT801B.PV;;AI;P В СИСТЕМЕ ПЕРЕДНЕГО УПЛОТНЕНИЯ P-3001A;;;;#=0.6;;+
301_12_AI07.30TI017.30TT017.PV;;AI;Остаток висбрекинга из Е-3001А;T017;M;Показания;;;+
301_12_AI07.30TI092.30TT092.PV;;AI;Циркуляц. орошение из Е-3004;T092;M;Показания;;;+
301_12_AI07.30PDI007.30PDT007.PV;;AI;Р ПЕРЕПАД НА ЛИН ОСТ ВИСБ В S-3002;PD007;M;Показания;;;+
301_12_AI07.30TI109.30TT109.PV;;AI;Продувочная вода из E-3007;T109;M;Показания;;;+
301_12_AI07.30PI750.30PT750.PV;;AI;P В СИСТЕМЕ УПЛОТНЕНИЯ P-3026;;;;#=0.5;;+
301_12_AI07.30TI101.30TT101.PV;;AI;V-3028 Cветлые нефтепродукты;V-3028;M;Температура;;;+
301_12_AI07.30TI010.30TT010.PV;;AI;Остаток висбр. из Е-3002A/В;T010;M;Показания;;;+
301_12_AI07.30FI034.30FT034.PV;;AI;F НЕСТАБ. НАФТА В А-3003 ОТ Р-3006;F034;M;Показания;;;+
301_12_AI07.30PI801A.30PT801A.PV;;AI;P В СИСТЕМЕ ПОЛЕВОГО УПЛОТНЕНИЯ P-3001A;;;;#=0.6;;+
301_12_AI07.30TI091.30TT091.PV;;AI;Циркуляц. орошение из P-3004A/S;T091;M;Показания;;;+
301_12_AI07.30LI052.30LT052.PV;;AI;L В V3030 /СЕПАРАТОР ПЕРИОД. ПРОДУВКИ;V-3030;M;Уровень;;;У
301_12_AI08.00XA301D03_G1B.00XS301D03_G1B.PV;;AI;IB-30-1-IER. Шкаф DCS-03. Напряжение ИП G1B (спереди, нижний);;;;;;+
301_12_AI08.30PI166.30PT166.PV;;AI;АЗОТ ВД 50-HN-30002;P165;M;Показания;;;+
301_12_AI08.30PI167.30PT167.PV;;AI;АЗОТ ВД 50-HN-30006;P165;M;Показания;;;+
301_12_AI08.30LAL952.30LS952P0WER.PV;;AI;+24В 30LAL952;;;;;;+
301_12_AI08.30LAL950.30LS950POWER.PV;;AI;+24В 30LAL950;;;;;;+
301_12_AO10.30FC035.30FV035.OP;;AO;F НЕСТАБ. НАФТА В Е-3015 ОТ Р-3012 ;FV-035;M;Задание;;;+
301_12_AO10.30LC015.30LV015.OP;;AO;L В V-3003 /РАЗДЕЛ ФАЗ;LV-015;M;Задание;;;+
301_12_AO10.30LI033.30LI033A.OP;;AO;L В V-3009 /РАЗДЕЛ ФАЗ;;;;;;+
301_12_AO10.30LI035.30LI035A.OP;;AO; В V-3010 /КАПЛЕОТБОЙНИК КИСЛОГО ГАЗА;;;;;;+
301_12_AO10.30FC040.30FV040.OP;;AO;F РЕГЕНЕРИР. АМИН В Т-3004 ОТ Е-3010;FV-040;M;Задание;;;+
301_12_AO10.30PC077.30PV077.OP;;AO;Р В ЛИНИИ ПАРА П Д / В E-3006;PV-077;M;Задание;;;+
301_12_AO10.30LC026.30LV026.OP;;AO;L В V-3008 /РАЗДЕЛ ФАЗ;LV-026;M;Задание;;;+
301_12_AO10.30FC032.30FV032.OP;;AO;F КИСЛАЯ ВОДА В А-3001 ОТ Р-3007 ;FV-032;M;Задание;;;+
301_12_AO10.30PC087.30PV087.OP;;AO;Р В Т-3004 (ВЕРХ) / АБСОРБЕР;PV-087;M;Задание;;;+
301_12_AO10.30LC037.30LV037.OP;;AO;L В Т-3004 /АМИНОВЫЙ АБСОРБЕР;LV-037;M;Задание;;;+
301_12_AO10.30PY084C.30PV084B.OP;;AO;КИСЛЫЙ ГАЗ НА ФАКЕЛ;PV-084B;M;Задание;;;+
301_12_AO10.30PY069C.30PV069A.OP;;AO;КИСЛЫЙ ГАЗ НА ФАКЕЛ;PV-069A;M;Задание;;;+
301_12_AO10.30PY055C.30PV055A.OP;;AO;КИСЛЫЙ ГАЗ НА ФАКЕЛ ИЗ V-3003;PV-055A;M;Задание;;;+
301_12_AO10.30FC038.30FV038.OP;;AO; ОРОШЕНИЕ В Т-3003 ОТ Р-3013;FV-038;M;Задание;;;+
301_12_AO10.30TDC084.30TDV084.OP;;AO;ТЕМП ТОЩИЙ АМИН ИЗ E-3010 В T-3004;TDV-084;M;Задание;;;+
301_12_AO09.30PY069B.30PV069B.OP;;AO;КИСЛЫЙ ГАЗ В V-3010;PV-069B;M;Задание;;;+
301_12_AO09.30TC121.30TV121.OP;;AO;ПРОМЫВНАЯ Ж-ТЬ ИЗ Е-3012;TV-121;M;Задание;;;+
301_12_AO09.30LC030.30LV030.OP;;AO;L В V-3009 /НАФТА;LV-030;M;Задание;;;+
301_12_AO09.30TC125.30TV125.OP;;AO;ПРОМЫВНАЯ Ж-ТЬ К ПРИБОРАМ КИПиА;TV-125;M;Задание;;;+
301_12_AO09.30TC062.30TV062.OP;;AO;Привод жалюзи А-3003;A-3003;M;Положение_жалюзей;;;+
301_12_AO09.30HC222A.30HV222A.OP;;AO;КНОПКА ПРИВОДА ЖАЛ. А-3003/ЛЕВ. ;A-3003;M;Положение_жалюзей_2;;;+
301_12_AO09.30HC222B.30HV222B.OP;;AO;КНОПКА ПРИВОДА ЖАЛ. А-3003/ПРАВ;A-3003;M;Положение_жалюзей_1;;;+
301_12_AO09.30TC075.30TV075.OP;;AO;Привод жалюзи А-3005;A-3005;M;Положение_жалюзей;;;+
301_12_AO09.30HC223A.30HV223A.OP;;AO;КНОПКА ПРИВОДА ЖАЛ. А-3005/ЛЕВ;A-3005;M;Положение_жалюзей_2;;;+
301_12_AO09.30FC002.30FV002.OP;;AO;F ОСТ. ВИСБР. С УСТ ОТ Е-3002 ;FV-002;M;Задание;;;+
301_12_AO09.30HC223B.30HV223B.OP;;AO;КНОПКА ПРИВОДА ЖАЛ. А-3005/ПРАВ;A-3005;M;Положение_жалюзей_1;;;+
301_12_AO09.30PY084A.30PV084A.OP;;AO;КИСЛЫЙ ГАЗ. V-3009;PV-084A;M;Задание;;;+
301_12_AO09.30PY055B.30PV055B.OP;;AO;ВОЗВРАТНЫЙ ПОТОК ОТ КОМПРЕССОРА;PV-055B;M;Задание;;;+
301_12_AO09.30FC026.30FV026.OP;;AO;F КВЕНЧ НА 29-Ю ТАРЕЛКУ Т-3001;FV-026;M;Задание;;;+
301_12_AO09.30TC105.30TV105.OP;;AO;ВОД ПАР СРЕДН. ДАВЛ. ИЗ J-3001;TV-105;M;Задание;;;+
301_12_AO09.30FC027.30FV027.OP;;AO;F КВЕНЧ НА 39-Ю ТАРЕЛКУ Т-3001;FV-027;M;Задание;;;+
301_12_DI12.30VAH010.30VSH010.PV;;DI;A-3005 ВЕНТИЛЯТОР 2 ВИБРАЦИЯ;;;;#=1;;+
301_12_DI12.30VAH005.30VSH005.PV;;DI;А-3003 ВЕНТИЛЯТОР 2 ВИБРАЦИЯ;;;;#=1;;+
301_12_DI12.30VAH007.30VSH007.PV;;DI;A-3001A ВЕНТИЛЯТОР 2 ВИБРАЦИЯ;;;;#=1;;+
301_12_DI12.30VAH003.30VSH003.PV;;DI;A-3001C ВЕНТИЛЯТОР 1 ВИБРАЦИЯ;;;;#=1;;+
301_12_DI12.30VAH008.30VSH008.PV;;DI;A-3001B ВЕНТИЛЯТОР 2 ВИБРАЦИЯ;;;;#=1;;+
301_12_DI12.30VAH004.30VSH004.PV;;DI;А-3003 ВЕНТИЛЯТОР 1 ВИБРАЦИЯ;;;;#=1;;+
301_12_DI12.30VAH009.30VSH009.PV;;DI;A-3001C ВЕНТИЛЯТОР 2 ВИБРАЦИЯ;;;;#=1;;+
301_12_DI12.30VAH006.30VSH006.PV;;DI;A-3005 ВЕНТИЛЯТОР 1 ВИБРАЦИЯ;;;;#=1;;+
301_12_DI12.30VAH001.30VSH001.PV;;DI;A-3001A ВЕНТИЛЯТОР 1 ВИБРАЦИЯ;;;;#=1;;+
301_12_DI12.30VAH002.30VSH002.PV;;DI;A-3001B ВЕНТИЛЯТОР 1 ВИБРАЦИЯ;;;;#=1;;+
301_12_AO11.30PY870_1.30PV870_1.OP;;AO;Рег.клапан. Емкость V-3034;;;;;;+
301_12_AO11.30SYC3003A.30SY918.OP;;AO;ДЫМОСОС CM3003A. ЗАДАНИЕ СКОРОСТИ;C-3003A;M;Задание;;;+
301_12_AO11.30PY867_1.30PV867_1.OP;;AO;Рег.клапан. Емкость V-3029;PV-867/1;M;Задание;;;+
301_12_AO11.30PY867_2.30PV867_2.OP;;AO;Рег.клапан. Емкость V-3029;PV-867/2;M;Задание;;;+
301_12_AO11.30FC042.30FV042.OP;;AO;F ПИТАТ. ВОДА ВД НА УСТ. В V-3012;FV-042;M;Задание;;;+
301_12_AO11.30LC019.30LV019.OP;;AO;L В V-3003 /НЕСТАБ НАФТА;LV-019;M;Задание;;;+
301_12_AO11.30LI052.30LI052A.OP;;AO;L В V3030 /СЕПАРАТОР ПЕРИОД. ПРОДУВКИ;;;;;;+
301_12_AO11.30FC031.30FV031.OP;;AO;F ОРОШЕНИЕ В Т-3001 ОТ Р-3006;FV-031;M;Задание;;;+
301_12_AO11.30TC037.30TV037.OP;;AO;Т-3001 (НА 23-Й ТАРЕЛКЕ);TV-037;M;Задание;;;+
301_12_AO11.30LC050.30LV050.OP;;AO;L В V-3013 /СЕПАРАТОР НЕПР ПРОДУВКИ;LV-050;M;Задание;;;+
301_12_AO11.30PC107.30PV107.OP;;AO;Р В V-3012 (ПРИ ПУСКЕ) / ПАРОСБОРНИК;PV-107;M;Задание;;;+
301_12_AO11.30FC046.30FV046.OP;;AO;F ЦИРКУЛЯЦ. ОРОШ. В Е-3004/ДО БАЙПАСА/;FV-046;M;Задание;;;+
301_12_DI13.30PY069C.30PZSO069A.PV;;DI;30PV069A КОНЦЕВИК ОТКРЫТИЯ;PV-069A;M;Положение;#(x>95);;+
301_12_DI13.30XV054.30XZSC054.PV;;DI;30XV054 КОНЦЕВИК ЗАКРЫТИЯ;XV-054;M;Закрыт;;;+
301_12_DI13.30HV033.30HZSO033.PV;;DI;30HV033 КОНЦЕВИК  ОТКРЫТИЯ;HV-033;M;Открыт;;;+
301_12_DI13.30HV052.30HZSO052.PV;;DI;30HV052 КОНЦЕВИК ОТКРЫТИЯ;HV-052;M;Открыт;;;+
301_12_DI13.30HV033.30HZSC033.PV;;DI;30HV033 КОНЦЕВИК ЗАКРЫТИЯ;HV-033;M;Закрыт;;;+
301_12_DI13.30HV098.30HZSO098.PV;;DI;30HV098 КОНЦЕВИК ОТКРЫТИЯ;HV-098;M;Открыт;;;+
301_12_DI13.30HV052.30HZSC052.PV;;DI;30HV052 КОНЦЕВИК ЗАКРЫТИЯ;HV-052;M;Закрыт;;;+
301_12_DI13.30HV053.30HZSO053.PV;;DI;30HV053 КОНЦЕВИК ОТКРЫТИЯ;HV-053;M;Открыт;;;+
301_12_DI13.30HV204.30HZSO204.PV;;DI;30HV204 КОНЦЕВИК ОТКРЫТИЯ;HV-204;M;Открыт;;;+
301_12_DI13.30HV204.30HZSC204.PV;;DI;30HV204 КОНЦЕВИК ЗАКРЫТИЯ;HV-204;M;Закрыт;;;+
301_12_DI13.30HV044.30HZSO044.PV;;DI;30HV044 КОНЦЕВИК ОТКРЫТИЯ;HV-044;M;Открыт;;;+
301_12_DI13.30HV058.30HZSC058.PV;;DI;30HV058 КОНЦЕВИК ЗАКРЫТИЯ;HV-058;M;Закрыт;;;+
301_12_DI13.30PY084C.30PZSC084B.PV;;DI;30PV084B КОНЦЕВИК ЗАКРЫТИЯ;PV-084B;M;Положение;#(x<5);;+
301_12_DI13.30PY069C.30PZSC069A.PV;;DI;30PV069A КОНЦЕВИК ЗАКРЫТИЯ;PV-069A;M;Положение;#(x<5);;+
301_12_DI13.30PY084C.30PZSO084B.PV;;DI;30PV084B КОНЦЕВИК ОТКРЫТИЯ;PV-084B;M;Положение;#(x>95);;+
301_12_DI13.30HV109.30HZSC109.PV;;DI;30HV109 КОНЦЕВИК ЗАКРЫТИЯ;HV-109;M;Закрыт;;;+
301_12_DI13.30HV098.30HZSC098.PV;;DI;30HV098 КОНЦЕВИК ЗАКРЫТИЯ;HV-098;M;Закрыт;;;+
301_12_DI13.30HV044.30HZSC044.PV;;DI;30HV044 КОНЦЕВИК ЗАКРЫТИЯ;HV-044;M;Закрыт;;;+
301_12_DI13.30HV058.30HZSO058.PV;;DI;30HV058 КОНЦЕВИК ОТКРЫТИЯ;HV-058;M;Открыт;;;+
301_12_DI13.30HV102.30HZSC102.PV;;DI;30HV102 КОНЦЕВИК ЗАКРЫТИЯ;HV-102;M;Закрыт;;;+
301_12_DI13.30HV060.30HZSO060.PV;;DI;30HV060 КОНЦЕВИК ОТКРЫТИЯ;HV-060;M;Открыт;;;+
301_12_DI13.30HV062.30HZSO062.PV;;DI;30HV062 КОНЦЕВИК ОТКРЫТИЯ;HV-062;M;Открыт;;;+
301_12_DI13.30HV102.30HZSO102.PV;;DI;30HV102 КОНЦЕВИК ОТКРЫТИЯ;HV-102;M;Открыт;;;+
301_12_DI13.30HV043.30HZSO043.PV;;DI;30HV043 КОНЦЕВИК ОТКРЫТИЯ;HV-043;M;Открыт;;;+
301_12_DI13.30HV205.30HZSO205.PV;;DI;30HV205 КОНЦЕВИК ОТКРЫТИЯ;HV-205;M;Открыт;;;+
301_12_DI13.30HV062.30HZSC062.PV;;DI;30HV062 КОНЦЕВИК ЗАКРЫТИЯ;HV-062;M;Закрыт;;;+
301_12_DI13.30HV205.30HZSC205.PV;;DI;30HV205 КОНЦЕВИК ЗАКРЫТИЯ;HV-205;M;Закрыт;;;+
301_12_DI13.30HV060.30HZSC060.PV;;DI;30HV060 КОНЦЕВИК ЗАКРЫТИЯ;HV-060;M;Закрыт;;;+
301_12_DI13.30HV053.30HZSC053.PV;;DI;30HV053 КОНЦЕВИК ЗАКРЫТИЯ;HV-053;M;Закрыт;;;+
301_12_DI13.30XV054.30XZSO054.PV;;DI;30XV054 КОНЦЕВИК ОТКРЫТИЯ;XV-054;M;Открыт;;;+
301_12_DI13.30HV043.30HZSC043.PV;;DI;30HV043 КОНЦЕВИК ЗАКРЫТИЯ;HV-043;M;Закрыт;;;+
301_12_DI13.30HV109.30HZSO109.PV;;DI;30HV109 КОНЦЕВИК ОТКРЫТИЯ;HV-109;M;Открыт;;;+
301_12_DI14.30HV041.30HZSO041.PV;;DI;30HV041 КОНЦЕВИК ОТКРЫТИЯ;HV-041;M;Открыт;;;+
301_12_DI14.30HV041.30HZSC041.PV;;DI;30HV041 КОНЦЕВИК ЗАКРЫТИЯ;HV-041;M;Закрыт;;;+
301_12_DI14.30HV042.30HZSO042.PV;;DI;30HV042 КОНЦЕВИК ОТКРЫТИЯ;HV-042;M;Открыт;;;+
301_12_DI14.30HV045.30HZSO045.PV;;DI;30HV045 КОНЦЕВИК ОТКРЫТИЯ;HV-045;M;Открыт;;;+
301_12_DI14.30HV045.30HZSC045.PV;;DI;30HV045 КОНЦЕВИК ЗАКРЫТИЯ;HV-045;M;Закрыт;;;+
301_12_DI14.30XV079.30XZSC079.PV;;DI;СЫРЬЕ В Н-3001;XV-079;M;Закрыт;;;+
301_12_DI14.30PY055C.30PZSO055A.PV;;DI;КИСЛЫЙ ГАЗ НА ФАКЕЛ ИЗ V-3003;PV-055A;M;Положение;#(x>95);;+
301_12_DI14.30HV034.30HZSO034.PV;;DI;30HV034 КОНЦЕВИК ОТКРЫТИЯ;HV-034;M;Открыт;;;+
301_12_DI14.30HV092.30HZSC092.PV;;DI;30HV092 КОНЦЕВИК ЗАКРЫТИЯ;HV-092;M;Закрыт;;;+
301_12_DI14.30XV079.30XZSO079.PV;;DI;СЫРЬЕ В Н-3001;XV-079;M;Открыт;;;+
301_12_DI14.30HV042.30HZSC042.PV;;DI;30HV042 КОНЦЕВИК ЗАКРЫТИЯ;HV-042;M;Закрыт;;;+
301_12_DI14.30HV046.30HZSO046.PV;;DI;30HV046 КОНЦЕВИК ОТКРЫТИЯ;HV-046;M;Открыт;;;+
301_12_DI14.30HV046.30HZSC046.PV;;DI;30HV046 КОНЦЕВИК ЗАКРЫТИЯ;HV-046;M;Закрыт;;;+
301_12_DI14.30HV108.30HZSC108.PV;;DI;30HV108 КОНЦЕВИК ЗАКРЫТИЯ;HV-108;M;Закрыт;;;+
301_12_DI14.30HV108.30HZSO108.PV;;DI;30HV108 КОНЦЕВИК ОТКРЫТИЯ;HV-108;M;Открыт;;;+
301_12_DI14.30XV088.30XZSC088.PV;;DI;30XV088 КОНЦЕВИК ЗАКРЫТИЯ;XV-088;M;Закрыт;;;+
301_12_DI14.30XV088.30XZSO088.PV;;DI;30XV088 КОНЦЕВИК ОТКРЫТИЯ;XV-088;M;Открыт;;;+
301_12_DI14.30HV092.30HZSO092.PV;;DI;30HV092 КОНЦЕВИК ОТКРЫТИЯ;HV-092;M;Открыт;;;+
301_12_DI14.30HV097.30HZSC097.PV;;DI;30HV097 КОНЦЕВИК ЗАКРЫТИЯ;HV-097;M;Закрыт;;;+
301_12_DI14.30HV099.30HZSO099.PV;;DI;30HV099 КОНЦЕВИК ОТКРЫТИЯ;HV-099;M;Открыт;;;+
301_12_DI14.30PY055C.30PZSC055A.PV;;DI;КИСЛЫЙ ГАЗ НА ФАКЕЛ ИЗ V-3003;PV-055A;M;Положение;#(x<5);;+
301_12_DI14.30HV099.30HZSC099.PV;;DI;30HV099 КОНЦЕВИК ЗАКРЫТИЯ;HV-099;M;Закрыт;;;+
301_12_DI14.30XV016.30XZSO016.PV;;DI;30XV016 КОНЦЕВИК ОТКРЫТИЯ;XV-016;M;Открыт;;;+
301_12_DI14.30PC026.30PZSO026.PV;;DI;30PV026 КОНЦЕВИК ОТКРЫТИЯ;PV-026;M;Положение;#(x>95);;+
301_12_DI14.30PC026.30PZSC026.PV;;DI;30PV026 КОНЦЕВИК ЗАКРЫТИЯ;PV-026;M;Положение;#(x<5);;+
301_12_DI14.30HV034.30HZSC034.PV;;DI;30HV034 КОНЦЕВИК ЗАКРЫТИЯ;HV-034;M;Закрыт;;;+
301_12_DI14.30HV097.30HZSO097.PV;;DI;30HV097 КОНЦЕВИК ОТКРЫТИЯ;HV-097;M;Открыт;;;+
301_12_DI14.30XV016.30XZSC016.PV;;DI;30XV016 КОНЦЕВИК ЗАКРЫТИЯ;XV-016;M;Закрыт;;;+
301_12_DI15.30HC007.30HZSC007.PV;;DI;30HC007 КОНЦЕВИК ЗАКРЫТИЯ;HV-007;M;Положение;#(x<5);;+
301_12_DI15.30HC008.30HZSO008.PV;;DI;30HC008 КОНЦЕВИК ОТКРЫТИЯ;HV-008;M;Положение;#(x>95);;+
301_12_DI15.30HC007.30HZSO007.PV;;DI;30HC007 КОНЦЕВИК ОТКРЫТИЯ;HV-007;M;Положение;#(x>95);;+
301_12_DI15.30HC010.30HZSC010.PV;;DI;30HC010 КОНЦЕВИК ЗАКРЫТИЯ;HV-010;M;Положение;#(x<5);;+
301_12_DI15.30XV015.30XZSO015.PV;;DI;30XV015 КОНЦЕВИК ОТКРЫТИЯ;XV-015;M;Открыт;;;+
301_12_DI15.30XV103.30XZSC103.PV;;DI;30XV103 КОНЦЕВИК ЗАКРЫТИЯ;XV-103;M;Закрыт;;;+
301_12_DI15.30XV103.30XZSO103.PV;;DI;30XV103 КОНЦЕВИК ОТКРЫТИЯ;XV-103;M;Открыт;;;+
301_12_DI15.30XV015.30XZSC015.PV;;DI;30XV015 КОНЦЕВИК ЗАКРЫТИЯ;XV-015;M;Закрыт;;;+
301_12_DI15.30HC008.30HZSC008.PV;;DI;30HC008 КОНЦЕВИК ЗАКРЫТИЯ;HV-008;M;Положение;#(x<5);;+
301_12_DI15.30HC009.30HZSO009.PV;;DI;30HC009 КОНЦЕВИК ОТКРЫТИЯ;HV-009;M;Положение;#(x>95);;+
301_12_DI15.30HC009.30HZSC009.PV;;DI;30HC009 КОНЦЕВИК ЗАКРЫТИЯ;HV-009;M;Положение;#(x<5);;+
301_12_DI15.30HC010.30HZSO010.PV;;DI;30HC010 КОНЦЕВИК ОТКРЫТИЯ;HV-010;M;Положение;#(x>95);;+
30PCDI001_AI1.PCDI_AI.PV[1];300034,30FC013.DACAB.P1;AI;F СЫРЬЁ В Н-3001 ОТ Е-3001D ПОТОК 1;;;;;;+
30PCDI001_AI1.PCDI_AI.PV[2];300035,30FC014.DACAB.P1;AI;F СЫРЬЁ В Н-3001 ОТ Е-3001D ПОТОК 2;;;;;;+
30PCDI001_AI1.PCDI_AI.PV[3];300036,30FC015.DACB.P1;AI;F СЫРЬЁ В Н-3001 ОТ Е-3001D ПОТОК 3;;;;;;+
30PCDI001_AI1.PCDI_AI.PV[4];300037,30FC016.DACAB.P1;AI;F СЫРЬЁ В Н-3001 ОТ Е-3001D ПОТОК 4;;;;;;+
30PCDI001_AI1.PCDI_AI.PV[5];300038,30TC105.SUBA.IN[2];AI;;;;;;;+
30PCDI001_AO1.PCDI_AO.PV[1];400002,;AI;;;;;;;+
30PCDI001_AO1.PCDI_AO.PV[2];400003,;AI;;;;;;;+
30PCDI001_AO1.PCDI_AO.PV[3];400004,;AI;;;;;;;+
30PCDI001_AO1.PCDI_AO.PV[4];400005,;AI;;;;;;;+
30PCDI001_AO1.PCDI_AO.PV[5];400006,;AI;;;;;;;+
30PCDI001_AO1.PCDI_AO.PV[6];400007,;AI;;;;;;;+
30PCDI001_AO1.PCDI_AO.PV[7];400008,;AI;;;;;;;+
30PCDI001_AO1.PCDI_AO.PV[8];400009,;AI;;;;;;;+
30PCDI001_AO1.PCDI_AO.PV[9];400010,;AI;;;;;;;+
30PCDI001_AO1.PCDI_AO.PV[10];400011,;AI;;;;;;;+
30PCDI001_AO1.PCDI_AO.PV[11];400012,;AI;;;;;;;+
30PCDI001_AO1.PCDI_AO.PV[12];400013,;AI;;;;;;;+
30PCDI001_AO1.PCDI_AO.PV[13];400014,;AI;;;;;;;+
30PCDI001_AO1.PCDI_AO.PV[14];400015,;AI;;;;;;;+
30PCDI001_AO1.PCDI_AO.PV[15];400016,;AI;;;;;;;+
30PCDI001_AO1.PCDI_AO.PV[16];400017,;AI;;;;;;;+
30PCDI001_AO1.PCDI_AO.PV[17];400018,;AI;;;;;;;+
30PCDI001_AO1.PCDI_AO.PV[18];400019,;AI;;;;;;;+
30PCDI001_AO1.PCDI_AO.PV[19];400020,;AI;;;;;;;+
30PCDI001_AO1.PCDI_AO.PV[20];400021,;AI;;;;;;;+
30PCDI001_AO1.PCDI_AO.PV[21];400022,;AI;;;;;;;+
30PCDI001_AO1.PCDI_AO.PV[22];400023,;AI;;;;;;;+
30PCDI001_AO1.PCDI_AO.PV[23];400024,;AI;;;;;;;+
30PCDI001_AO1.PCDI_AO.PV[24];400025,;AI;;;;;;;+
30PCDI001_AO1.PCDI_AO.PV[25];400026,;AI;;;;;;;+
301_21_AI13.58AY001C3.58AI001B_30.PV;;AI;ЗАДЕРЖКА УДЕЛ. ПЛОТН. ОТ 58AT0001;;;;#=0.58;;+
301_21_AI13.58AY001C1.58AI001A_30.PV;;AI;ЗАДЕРЖКА ИНДЕКСА ВОББЕ ОТ 58AT0001;;;;#=55;;+
301_21_AI13.30PI879A.30PT879A.PV;;AI;C-3001 ДАВЛЕНИЕ ОХЛАЖД.ВОДЫ;P879B;M;Показания;;;+
301_21_AI13.30TI031A.30TT031A.PV;;AI;ГУДРОН ИЗ ПЕЧИ Н-3001;T031A;M;Показания;;;+
301_21_AI13.30TI788B.30TT788B.PV;;AI;Т ОБМОТКИ ЭЛЕКТРОДВИГАТЕЛЯ CM-3001A;C-3001A-МС;M;Температура_2;;;+
301_21_AI13.30TI878.30TT878.PV;;AI;Т ГЛИКОЛЯ ПЕРЕД ЦИЛИНДРАМИ C3001A/S;T878;M;Показания;;;+
301_21_AI13.30TI788C.30TT788C.PV;;AI;Т ОБМОТКИ ЭЛЕКТРОДВИГАТЕЛЯ CM-3001A;C-3001A-МС;M;Температура_3;;;+
301_21_AI13.30TI031B.30TT031B.PV;;AI;ГУДРОН ИЗ ПЕЧИ Н-3001;T031A;M;Показания;;;+
301_21_AI13.30TI790.30TT790.PV;;AI;Т ГЛИКОЛЯ В ТЕПЛООБ.ЦИЛИНДРОВ C3001A/S;T790;M;Показания;;;+
301_21_AI13.30TI788A.30TT788A.PV;;AI;Т ОБМОТКИ ЭЛЕКТРОДВИГАТЕЛЯ CM-3001A;C-3001A-МС;M;Температура_1;;;+
301_21_AI13.30TI787.30TT787.PV;;AI;Т ЭЛЕКТРОДВИГАТЕЛЯ CМ-3001А;C-3001A-МС;M;Температура_4;;;+
301_21_AI15.30PI783A.30PT783A.PV;;AI;P МАСЛА ПОСЛЕ НАСОСА КРИВОШИПА C-3001A;P783A;M;Показания;;;+
301_21_AI15.30TI784C.30TT784C.PV;;AI;C-3001A ТЕМПЕРАТУРА ГЛАВНОГО ПОДШИПНИКА (НЕПРИВОДНОЙ КОНЕЦ);C-3001A-МС;M;Температура_2;;;+
301_21_AI15.30PI777B.30PT777B.PV;;AI;C-3001A ДАВЛЕНИЕ ПРОДУВОЧНОГО ГАЗА ЦИЛИНДР 2;P777B;M;Показания;;;+
301_21_AI15.30PI777A.30PT777A.PV;;AI;C-3001A ДАВЛЕНИЕ ПРОДУВОЧНОГО ГАЗА ЦИЛИНДР 1;P777A;M;Показания;;;+
301_21_AI15.30PDI781.30PDT781.PV;;AI;Р ПЕРЕПАД C-3001А НА ФИЛЬТРАХ МАСЛА;PD781;M;Показания;;;+
301_21_AI15.30PI777C.30PT777C.PV;;AI;C-3001A ДАВЛЕНИЕ ПРОДУВОЧНОГО ГАЗА УПЛОТНЕНИЯ;P777C;M;Показания;;;+
301_21_AI15.30FI779.30FT779.PV;;AI;F СМАЗКИ ЦИЛИНДРОВ C-3001А;F779;M;Показания;;;+
301_21_AI15.30TI776B.30TT776B.PV;;AI;Т УПЛОТНЕНИЯ ЦИЛИНДРА 2 C-3001А;T776B;M;Показания;;;+
301_21_AI15.30TI776A.30TT776A.PV;;AI;Т УПЛОТНЕНИЯ ЦИЛИНДРА 1 C-3001А;T776A;M;Показания;;;+
301_21_AI15.30TI776F.30TT776F.PV;;AI;C-3001A ТЕМП. ТЕХНОЛ.ГАЗА ВЫХОД ЦИЛИНДР 2;T776D_F;M;Показания;;;+
301_21_AI15.30TI776E.30TT776E.PV;;AI;C-3001A ТЕМП. ТЕХНОЛ.ГАЗА ВЫХОД ЦИЛИНДР 1;T776C_E;M;Показания;;;+
301_21_AI15.30TI784B.30TT784B.PV;;AI;C-3001A ТЕМПЕРАТУРА ГЛАВНОГО ПОДШИПНИКА (ПРИВОДНОЙ КОНЕЦ);C-3001A-МС;M;Температура_1;;;+
301_21_AI15.30TI784A.30TT784A.PV;;AI;T МАСЛА ЗА ОХЛАДИТЕЛЕМ C-3001A;T784A;M;Показания;;;+
301_21_AI15.30TI786.30TT786.PV;;AI;Т МАСЛА В МАСЛОБАКЕ C-3001A;C-3001A-V7;M;Температура;;;+
301_21_AI15.30PI777D.30PT777D.PV;;AI;C-3001A ДАВЛЕНИЕ ПРОДУВОЧНОГО ГАЗА;P787;M;Показания;;;+
301_21_AI14.30TI920.30TT920.PV;;AI;H-3001 ТОПЛИВНЫЙ ГАЗ К ФОРСУНКАМ;T920;M;Показания;;;+
301_21_AI14.30PC906.30PT906.PV;;AI;ДИФФЕР ДАВЛ В Н-3001 ДЫМ ГАЗ В КОНВЕКЦИЮ;Н-3001;M;P_дыма_Па;;;+
301_21_AI14.30PDC913.30PDT913.PV;;AI;КОНТРОЛЛЕР ДИФ ДАВЛ ПАРА И МАЗУТА К ФОРС;PD913;M;Показания;;;+
301_21_AI14.30TI919.30TT919.PV;;AI;МАЗУТ К ПЕЧИ H-3001;T919;M;Показания;;;+
301_21_AI14.30TI923.30TT923.PV;;AI;H-3001 ВОЗДУХ ИЗ АТМОСФЕРЫ К C-3002A/B;T923;M;Показания;;;+
301_21_AI14.30PC916A.30PT916.PV;;AI;КОНТРОЛЛЕР ОГРАНИЧЕНИЯ ПО НИЗКОМУ ДАВЛЕНИЮ ГАЗА;P916;M;Показания;;;+
301_21_AI14.30FI905.30FT905.PV;;AI;F ВОЗДУХ НА ГОРЕНИЕ В С-3002А/В;F905;M;Показания;;;+
301_21_AI14.30PI936.30PT936.PV;;AI;H-3001 ГОРЕНИЕ ВОЗДУХА;P936;M;Показания;;;+
301_21_AI14.30PI142.30PT142.PV;;AI;Антифриз в  Е-3014;P142;M;Показания;;;+
301_21_AI14.30FI901A.30FT901A.PV;;AI;F ЖИДКОЕ ТОПЛИВО ОТ ФОРСУНОК Н-3001;F901A;M;Показания;;;+
301_21_AI14.30FI901B.30FT901B.PV;;AI;F ЖИДКОЕ ТОПЛИВОЕ К ФОРСУНКАМ Н-3001;F901B;M;Показания;;;+
301_21_AI14.30FI902.30FT902.PV;;AI;F ТОПЛИВНЫЙ ГАЗ К ФОРСУНКАМ Н-3001;F902;M;Показания;;;+
301_21_AI14.30PC910.30PT910.PV;;AI;КОНТРОЛЛЕР ДАВЛ ТОПЛ МАЗУТА К ФОРСУНКАМ;P910;M;Показания;;;+
301_21_AI14.30PI915.30PT915.PV;;AI;P ТОПЛИВНЫЙ ГАЗ К ФОРСУНКАМ H-3001;P915;M;Показания;;;+
301_21_AI14.30TC930.30TT930.PV;;AI;H-3001 ДЫМОВОЙ ГАЗ ИЗ E-3008;T930;M;Показания;;;+
301_21_AI14.30TC925.30TT925.PV;;AI;H-3001 ВОЗДУХ В ПЕЧЬ ПОСЛЕ E-3007X;T925;M;Показания;;;+
301_21_AI16.30TI807.30TT807.PV;;AI;Передний подшипник эл.двиг. P-3001A;Р-3001A;M;Температура_5;;;+
301_21_AI16.30TI804B.30TT804B.PV;;AI;Обмотка статора (U) P-3001A;Изм_Р-3001A;M;Температура_2;;;+
301_21_AI16.30TI804C.30TT804C.PV;;AI;Обмотка статора (V) P-3001A ;Изм_Р-3001A;M;Температура_3;;;+
301_21_AI16.30TI804A.30TT804A.PV;;AI;Обмотка статора (W) P-3001A ;Изм_Р-3001A;M;Температура_1;;;+
301_21_AI16.30TI806.30TT806.PV;;AI;Полевой подшипник эл.двиг.P-3001a;Р-3001A;M;Температура_4;;;+
301_21_AI16.30FI053.30FT053.PV;;AI;ОСТАТОК ВИСБ. В ВАКУУМН. СЕКЦИЮ;U053;M;Показания;;;+
301_21_AI16.30UIQ057.30UT057.PV;;AI;ПИТАТ. ВОДА НА УСТАНОВКУ;F042;M;Показания;;;+
301_21_AI16.30UIQ045.30UT045.PV;;AI;ПИТАТ. ВОДА НА УСТАНОВКУ;U045;M;Показания;;;+
301_21_AI16.30UIQ060.30UT060.PV;;AI;ТОПЛИВНЫЙ ГАЗ В E-3013;U060;M;Показания;;;+
301_21_AI16.30UIQ059.30UT059.PV;;AI;АЗОТ НА УСТАНОВКУ;U059;M;Показания;;;+
301_21_AI16.30UIQ033.30UT033.PV;;AI;КИСЛАЯ ВОДА НА ОТПАРКУ;U033;M;Показания;;;+
301_21_AI16.30UIQ055.30UT055.PV;;AI;ОТОПИТЕЛЬН. ВОДА ПРЯМАЯ;U055;M;Показания;;;+
301_21_AI16.30UIQ056.30UT056.PV;;AI;ПРОМТЕПЛОФИКАЦ. ВОДА ПРЯМАЯ;U056;M;Показания;;;+
301_21_AI16.30FI001.30FT001.PV;;AI;СЫРЬЕ НА УСТАНОВКУ;F001;M;Показания;;;+
301_21_AI16.30UIQ041.30UT041.PV;;AI;ЖИРНЫЙ ГАЗ С УСТАНОВКИ;U041;M;Показания;;;+
301_21_AI16.30UIQ052.30UT052.PV;;AI;ТОЩИЙ АМИН НА УСТАНОВКУ;U052;M;Показания;;;+
301_21_AI17.30TI825A.30TT825A.PV;;AI;БАРЬЕРНАЯ ЖИДКОСТЬ ОТ ТУ Р-3003А;;;;#=60;;+
301_21_AI17.30TI835A.30TT835A.PV;;AI;БАРЬЕРНАЯ ЖИДКОСТЬ ОТ ТУ Р-3003S;;;;#=60;;+
301_21_AI17.30TI840.30TT840.PV;;AI;БАРЬЕРНАЯ ЖИДКОСТЬ ОТ ТУ Р-3004А;;;;#=60;;+
301_21_AI17.30TI844.30TT844.PV;;AI;БАРЬЕРНАЯ ЖИДКОСТЬ ОТ ТУ Р-3005А;;;;#=60;;+
301_21_AI17.30TI805A.30TT805A.PV;;AI;БАР. Ж-СТЬ ПОЛЕВОГО ТУ Р-3001А;;;;#=60;;+
301_21_AI17.30TI815A.30TT815A.PV;;AI;БАР. Ж-СТЬ ПОЛЕВОГО ТУ Р-3001S;;;;#=60;;+
301_21_AI17.30PI023.30PT023.PV;;AI;ПАР ВЫС. ДАВЛ. В V-3014;P023;M;Показания;;;+
301_21_AI17.30PI134.30PT134.PV;;AI;ЖИДКОЕ ТОПЛИВО НА УСТАНОВКУ;P134;M;Показания;;;+
301_21_AI17.30TI131.30TT131.PV;;AI;ЖИДКОЕ ТОПЛИВО С УСТАНОВКИ;T131;M;Показания;;;+
301_21_AI17.30TI123.30TT123.PV;;AI;ПРОМЫВНАЯ Ж-ТЬ НА УСТАНОВКУ;T123;M;Показания;;;+
301_21_AI17.30PI135.30PT135.PV;;AI;ЖИДКОЕ ТОПЛИВО С УСТАНОВКИ;P135;M;Показания;;;+
301_21_AI17.30TI130.30TT130.PV;;AI;ЖИДКОЕ ТОПЛИВО НА УСТАНОВКУ;T130;M;Показания;;;+
301_21_AI17.30TI013.30TT013.PV;;AI;ВОД. ПАР ВД В V-3014;T013;M;Показания;;;+
301_21_AI17.30PI127.30PT127.PV;;AI;ПРОМЫВНАЯ Ж-ТЬ НА УСТАНОВКУ;P127;M;Показания;;;+
301_21_AI17.30TI001.30TT001.PV;;AI;СЫРЬЕ НА УСТАНОВКУ;T001;M;Показания;;;+
301_21_AI17.30TI018.30TT018.PV;;AI;ОСТАТОК ВИСБ. В ВАКУУМН. СЕКЦИЮ;T018;M;Показания;;;+
301_21_AI18.30TI814B.30TT814B.PV;;AI;Обмотка статора (U) P-3001S;Изм_Р-3001S;M;Температура_1;;;+
301_21_AI18.30TI814C.30TT814C.PV;;AI;Обмотка статора (V) P-3001S;Изм_Р-3001S;M;Температура_2;;;+
301_21_AI18.30TI816.30TT816.PV;;AI;Полевой подшипник эл.двиг.P-3001S;Р-3001S;M;Температура_4;;;+
301_21_AI18.30TI817.30TT817.PV;;AI;Передний подшипник эл.двиг.P-3001S;Р-3001S;M;Температура_5;;;+
301_21_AI18.30TI814.30TT814.PV;;AI;ОБДУВ ЭЛЕКТРОДВИГАТЕЛЯ P-3001S;;;;#=10;;+
301_21_AI18.30PDI923.30PDT923.PV;;AI;Р ПЕРЕПАД НА ФИЛЬТРАХ НА ЛИН ТОПЛ ГАЗА;PD923;M;Показания;;;+
301_21_AI18.30PI946.30PT946.PV;;AI;H-3001 ДЫМОВОЙ ГАЗ ИЗ E-3008;P946;M;Показания;;;+
301_21_AI18.30TI926.30TT926.PV;;AI;H-3001 ВОЗДУХ К ФОРСУНКАМ;T926;M;Показания;;;+
301_21_AI18.30PI903B.30PT903B.PV;;AI;H-3001 ПРОДУКТ В 2 ЗМЕЕВИКЕ НА ВЫХ ИЗ КОНВЕКЦИИ;P903B;M;Показания;;;+
301_21_AI18.30PI903A.30PT903A.PV;;AI;H-3001 ПРОДУКТ В 1 ЗМЕЕВИКЕ НА ВЫХ ИЗ КОНВЕКЦИИ;P903A;M;Показания;;;+
301_21_AI18.30PI903D.30PT903D.PV;;AI;H-3001 ПРОДУКТ В 4 ЗМЕЕВИКЕ НА ВЫХ ИЗ КОНВЕКЦИИ;P903D;M;Показания;;;+
301_21_AI18.30PI903C.30PT903C.PV;;AI;H-3001 ПРОДУКТ В 3 ЗМЕЕВИКЕ НА ВЫХ ИЗ КОНВЕКЦИИ;P903C;M;Показания;;;+
301_21_AI18.30PC952.30PT952.PV;;AI;H-3001 ТОПЛ. ГАЗ К ПИЛОТ. ГОРЕЛКАМ;P952;M;Показания;;;+
301_21_AI18.30FI904.30FT904.PV;;AI;F ПАР СД К ФОРСУНКАМ Н-3001;F904;M;Показания;;;+
301_21_AI19.30TI815B.30TT815B.PV;;AI;БАР. Ж-СТЬ ПЕРЕДНЕГО ТУ Р-3001S;;;;#=60;;+
301_21_AI19.30TI825B.30TT825B.PV;;AI;БАРЬЕРНАЯ ЖИДКОСТЬ ОТ ТУ Р-3003А;;;;#=60;;+
301_21_AI19.30TI835B.30TT835B.PV;;AI;БАРЬЕРНАЯ ЖИДКОСТЬ ОТ ТУ Р-3003S;;;;#=60;;+
301_21_AI19.30TI842.30TT842.PV;;AI;БАРЬЕРНАЯ ЖИДКОСТЬ ОТ ТУ Р-3004S;;;;#=60;;+
301_21_AI19.30TI846.30TT846.PV;;AI;БАРЬЕРНАЯ ЖИДКОСТЬ ОТ ТУ Р-3005S;;;;#=60;;+
301_21_AI19.30PI165.30PT165.PV;;AI;АЗОТ ВД 5-HN-30001;P165;M;Показания;;;+
301_21_AI19.30TI805B.30TT805B.PV;;AI;БАР. Ж-СТЬ ПЕРЕДНЕГО ТУ Р-3001А;;;;#=60;;+
301_21_AI19.30PI887B.30PT887B.PV;;AI;C-3001 P ОХЛ.ВОДЫ ПОСЛЕ ВСПОМ.НАСОСА;P887B;M;Показания;;;+
301_21_AI19.30PI783D.30PT783D.PV;;AI;P МАСЛА ПОСЛЕ РЕЗЕРВНОГО НАСОСА C-3001А;P783D;M;Показания;;;+
301_21_AI19.30TI700.30TT700.PV;;AI;МЕСТНАЯ ОПЕРАТОРСКАЯ СТАНЦИЯ ДЛЯ C-3001A/S;;;;;;+
301_21_AI19.30PI783E.30PT783E.PV;;AI;P МАСЛА ЗА ОХЛАДИТЕЛЕМ C-3001A;P783E;M;Показания;;;+
301_21_AI19.30PI783C.30PT783C.PV;;AI;Р МАСЛА ПОСЛЕ ГЛАВНОГО НАСОСА C-3001A;P783С;M;Показания;;;+
301_21_AI19.30PI887A.30PT887A.PV;;AI;C-3001 P ОХЛ.ВОДЫ ПОСЛЕ ГЛАВНОГО НАСОСА;P887A;M;Показания;;;+
301_21_AI25.00XA301D01_G1B.00XS301D01_G1B.PV;;AI;IB-30-1-IER. Шкаф DCS-01. Напряжение ИП G1B (спереди, нижний);;;;;;+
301_21_AI25.30FI051.30FT051.PV;;AI;F ПРОМЫВНАЯ ЖИДКОСТЬ НА УСТ В V-3020;F051;M;Показания;;;+
301_21_AI25.30FI062.30FT062.PV;;AI;F ЖИДКОЕ ТОПЛИВО С УСТАНОВКИ;F062;M;Показания;;;+
301_21_AI25.30FI061.30FT061.PV;;AI;F ЖИДКОЕ ТОПЛИВО НА УСТАНОВКУ;F061;M;Показания;;;+
301_21_AI25.30FI063.30FT063.PV;;AI;F ПАР ВД НА УСТАНОВКУ В V-3014;F063;M;Показания;;;+
301_21_AO22.30FY905A.30FV905A.OP;;AO;КОРРЕКТ ШИБЕРА / ВОЗДУХ В С-3002А;FV-905A;M;Задание;;;+
301_21_AO22.30PY916A.30PV916.OP;;AO;ВЫБОР MAX УСТАВКИ;PV-916;M;Задание;;;+
301_21_AO22.30PY910.30PV910.OP;;AO;ПОДАЧА ЖИДКОГО ТОПЛИВА;PV-910;M;Задание;;;+
301_21_AO22.30PY906.30PV906.OP;;AO;ГОРЮЧИЙ ГАЗ;PV-906;M;Задание;;;+
301_21_AO22.30HC900.30HY900A.OP;;AO;ШИБЕР НА ЛИН ДЫМОВЫХ ГАЗОВ;XV-900;M;Задание;;;+
301_21_AO22.30FY905B.30FV905B.OP;;AO;КОРРЕКТ ШИБЕРА / ВОЗДУХ В С-3002B;FV-905B;M;Задание;;;+
301_21_AO22.30TC925.30TV925.OP;;AO;ВОЗДУХ В ПЕЧЬ;TV-925;M;Задание;;;+
301_21_AO22.30PDC913.30PDV913.OP;;AO;КОНТРОЛЛЕР ДИФ ДАВЛ ПАРА И МАЗУТА К ФОРС;PDV-913;M;Задание;;;+
301_21_AO22.30TC930.30TV930.OP;;AO;H-3001 ДЫМОВОЙ ГАЗ ИЗ E-3008;TV-930;M;Задание;;;+
301_21_AO23.30PC952.30PV952.OP;;AO;H-3001 ТОПЛ. ГАЗ К ПИЛОТ. ГОРЕЛКАМ;PV-952;M;Задание;;;+
301_21_DI02.30HS854LR.30HS854A.PV;;DI;C-3001S УПРАВЛЕНИЕ ПО МЕСТУ;30HS854;HS->RSU;;#0;;+
301_21_DI02.30HX852.30HS852A2.PV;;DI;P-3010AX Стоп;;;;;;+
301_21_DI02.30HS855A.30HS855A4.PV;;DI;C-3001S КОНТРОЛЬ МОЩНОСТИ 75 %;30HS855B;PHS->RSU;3;;;+
301_21_DI02.30HS855A.30HS855A1.PV;;DI;C-3001S КОНТРОЛЬ МОЩНОСТИ 0%;30HS855B;PHS->RSU;0;;;+
301_21_DI02.30HS855A.30HS855A2.PV;;DI;C-3001S КОНТРОЛЬ МОЩНОСТИ 25 %;30HS855B;PHS->RSU;1;;;+
301_21_DI02.30HX861.30HS861B.PV;;DI;CM-3001S КНОПКА ПУСК НА ЛОК ПАНЕЛИ;30HS861B;HS->RSU;;;;+
301_21_DI02.30HS855A.30HS855A3.PV;;DI;C-3001S КОНТРОЛЬ МОЩНОСТИ 50 %;30HS855B;PHS->RSU;2;;;+
301_21_DI02.30HS854LR.30HS854B.PV;;DI;C-3001S УПРАВЛЕНИЕ ДИСТАНЦИОННОЕ;30HS854;HS->RSU;;;;+
301_21_DI02.30HS855A.30HS855A5.PV;;DI;C-3001S КОНТРОЛЬ МОЩНОСТИ 100 %;30HS855B;PHS->RSU;4;;;+
301_21_DI02.30HS868A.30HS868.PV;;DI;C-3001S КВИТИРОВАНИЕ СИРЕНЫ;30HS868;HS->RSU;;;;+
301_21_DI02.30XA862.30HS862.PV;;DI;C-3001S СБРОС ЛОГИКИ;30HS862;HS->RSU;;;;+
301_21_DI02.30XA867.30HS867.PV;;DI;C-3001S ПРОВЕРКА ЛАМПОЧЕК МЕСТНАЯ ПАНЕЛЬ;30HS867;HS->RSU;;;;+
301_21_DI02.30HX852.30HS852A1.PV;;DI;P-3010AX Пуск;;;;;;+
301_21_DI02.30HX861.30HS861A.PV;;DI;CM-3001S КНОПКА СТОП НА ЛОК ПАНЕЛИ;30HS861A;HS->RSU;;;;+
301_21_DI01.30XA301.30XS301.PV;;DI;3000HVAC-06-01 Общая авария П-1 в насосной;;;;;;+
301_21_DI01.30HS875B.30HS875B2.PV;;DI;C-3001A КОНТРОЛЬ МОЩНОСТИ 25 %;30HS875B;PHS->RSU;1;;;+
301_21_DI01.30HS875B.30HS875B3.PV;;DI;C-3001A КОНТРОЛЬ МОЩНОСТИ 50 %;30HS875B;PHS->RSU;2;;;+
301_21_DI01.30HS874LR.30HS874B.PV;;DI;C-3001A УПРАВЛЕНИЕ ДИСТАНЦИОННОЕ;30HS874;HS->RSU;;;;+
301_21_DI01.30HX850.30HS850A2.PV;;DI;P-3009AX Стоп;;;;;;+
301_21_DI01.30XA306.30XS306.PV;;DI;3000HVAC-08 Общая авария в электроподстанции;;;;;;+
301_21_DI01.30XA304.30XS304.PV;;DI;3000HVAC-06-04 Общая авария кондиционера К1;;;;;;+
301_21_DI01.30HS889DS.30HS889A.PV;;DI;насос охл.воды работает PM1/в готовности PM1S;30HS889;HS->RSU;;;;+
301_21_DI01.30HS889DS.30HS889B.PV;;DI;насос охл.воды работает PM1S в готовности PM1;30HS889;HS->RSU;;;;+
301_21_DI01.30HS874LR.30HS874A.PV;;DI;C-3001A УПРАВЛЕНИЕ ПО МЕСТУ;30HS874;HS->RSU;;#0;;+
301_21_DI01.30TAL949.30TSL949.PV;;DI;SOOT BLOWER SYSTEM ALARM;;;;;;+
301_21_DI01.30HX921.30XS921A.PV;;DI;Обдувочный прибор в экспуатации;;;;;;+
301_21_DI01.30HS875B.30HS875B1.PV;;DI;C-3001A КОНТРОЛЬ МОЩНОСТИ 0%;30HS875B;PHS->RSU;0;;;+
301_21_DI01.30XA303.30XS303.PV;;DI;3000HVAC-06-03 Общая авария П-4 в контроллерной;;;;;;+
301_21_DI01.30XA305.30XS305.PV;;DI;3000HVAC-06-05 Общая авария кондиционера К2;;;;;;+
301_21_DI01.30HX881.30HS881B.PV;;DI;C-3001A КНОПКА ПУСК НА ЛОК ПАНЕЛИ;30HS881B;HS->RSU;;;;+
301_21_DI01.30HX850.30HS850A1.PV;;DI;P-3009AX Пуск;;;;;;+
301_21_DI01.30HS888A.30HS888.PV;;DI;C-3001А КНОПКА КВИТИРОВАНИЕ СИРЕНЫ;30HS888;HS->RSU;;;;+
301_21_DI01.30XA302.30XS302.PV;;DI;3000HVAC-06-02 Общая авария П-2, П-3 в компрессорной;;;;;;+
301_21_DI01.30HX881.30HS881A.PV;;DI;C-3001A КНОПКА СТОП НА ЛОК ПАНЕЛИ;30HS881A;HS->RSU;;;;+
301_21_DI01.30HX921.30XS921B.PV;;DI;Общая авария;;;;;;+
301_21_DI01.30XA873.30HS873.PV;;DI;C-3001S КНОПКА СБРОС ЛОГИКИ НА ЛОК ПАНЕЛИ;30HS873;HS->RSU;;;;+
301_21_DI01.30HX921.30XS946.PV;;DI;Общая авария;;;;;;+
301_21_DI01.30XA887.30HS887.PV;;DI;C-3001A ПРОВЕРКА ЛАМПОЧЕК МЕСТНАЯ ПАНЕЛЬ;30HS887;HS->RSU;;;;+
301_21_DI01.30XA882.30HS882.PV;;DI;C-3001А КНОПКА СБРОС ЛОГИКИ НА ЛОК ПАНЕЛИ;30HS882;HS->RSU;;;;+
301_21_DI01.30HS875B.30HS875B4.PV;;DI;C-3001A КОНТРОЛЬ МОЩНОСТИ 75 %;30HS875B;PHS->RSU;3;;;+
301_21_DI01.30HS875B.30HS875B5.PV;;DI;C-3001A КОНТРОЛЬ МОЩНОСТИ 100 %;30HS875B;PHS->RSU;4;;;+
301_21_DI01.30XA898.30HS898.PV;;DI;C-3001S ПРОВЕРКА ЛАМПОЧЕК МЕСТНАЯ ПАНЕЛЬ;30HS898;HS->RSU;;;;+
301_21_DI03.00XA301D03_PS.00XA301D03_PS.PV;;DI;IB-30-1 Состояние БП DCS-03;;;;;;+
301_21_DI03.00XA301D06_PS.00XA301D06_PS.PV;;DI;IB-30-1 Состояние БП DCS-06;;;;;;+
301_21_DI03.00XA301D05_PS.00XA301D05_PS.PV;;DI;IB-30-1 Состояние БП DCS-05;;;;;;+
301_21_DI03.00XA301A02H.00XS301A02H.PV;;DI;IB30-1 ОБЩАЯ СИГНАЛИЗАЦИЯ ALM-02H;;;;;;+
301_21_DI03.00XA301D04_PS.00XA301D04_PS.PV;;DI;IB-30-1 Состояние БП DCS-04;;;;;;+
301_21_DI03.00XA301A01F.00XS301A01F.PV;;DI;IB30-1 ОБЩАЯ СИГНАЛИЗАЦИЯ ALM-01F;;;;;;+
301_21_DI03.00XA301D04.00XS301D04.PV;;DI;IB30-1 ОБЩАЯ СИГНАЛИЗАЦИЯ DCS-04;;;;;;+
301_21_DI03.00XA301D06.00XS301D06.PV;;DI;IB30-1 ОБЩАЯ СИГНАЛИЗАЦИЯ DCS-06;;;;;;+
301_21_DI03.00XA301D05.00XS301D05.PV;;DI;IB30-1 ОБЩАЯ СИГНАЛИЗАЦИЯ DCS-05;;;;;;+
301_21_DI03.00XA301A01H.00XS301A01H.PV;;DI;IB30-1 ОБЩАЯ СИГНАЛИЗАЦИЯ ALM-01H;;;;;;+
301_21_DI03.00XA301B01.00XS301B01.PV;;DI;IB30-1 ОБЩАЯ СИГНАЛИЗАЦИЯ BN-01;;;;;;+
301_21_DI03.00XA301I04.00XS301I04.PV;;DI;SS30-1 ОБЩАЯ СИГНАЛИЗАЦИЯ IRC-04;;;;;;+
301_21_DI03.00XA301S01.00XS301S01.PV;;DI;IB30-1 ОБЩАЯ СИГНАЛИЗАЦИЯ SPM-01;;;;;;+
301_21_DI03.00XA301B02.00XS301B02.PV;;DI;IB30-1 ОБЩАЯ СИГНАЛИЗАЦИЯ BN-02;;;;;;+
301_21_DI03.00XA301I03.00XS301I03.PV;;DI;SS30-1 ОБЩАЯ СИГНАЛИЗАЦИЯ IRC-03;;;;;;+
301_21_DI03.00XA301I02.00XS301I02.PV;;DI;SS30-1 ОБЩАЯ СИГНАЛИЗАЦИЯ IRC-02;;;;;;+
301_21_DI03.00XA301I05.00XS301I05.PV;;DI;SS30-1 ОБЩАЯ СИГНАЛИЗАЦИЯ IRC-05;;;;;;+
301_21_DI03.00XA301N01.00XS301N01.PV;;DI;IB30-1 ОБЩАЯ СИГНАЛИЗАЦИЯ FON-01;;;;;;+
301_21_DI03.00XA301I01.00XS301I01.PV;;DI;SS30-1 ОБЩАЯ СИГНАЛИЗАЦИЯ IRC-01;;;;;;+
301_21_DI03.00XA301D01_G2.00XA301D01_G2.PV;;DI;IB-30-1 Состояние БП DCS-01 REAR;;;;;;+
301_21_DI03.00XA301D02_G1.00XA301D02_G1.PV;;DI;IB-30-1 Состояние БП DCS-02 FRONT;;;;;;+
301_21_DI03.00XA301D02_G2.00XA301D02_G2.PV;;DI;IB-30-1 Состояние БП DCS-02 REAR;;;;;;+
301_21_DI07.30HX020.30XS020C.PV;;DI;НАСОС P-3002A;М_P_3002A;M;Готовность;;;+
301_21_DI07.30HX003.30XS003A.PV;;DI;P-3001А - Электр.авария;Р-3001A;M;Авария;;;+
301_21_DI07.30HX020.30XS020A.PV;;DI;НАСОС P-3002A;М_P_3002A;M;Авария;;;+
301_21_DI07.30HX020.30XS020.PV;;DI;НАСОС P-3002A;М_P_3002A;M;Состояние;;;+
301_21_DI07.30HX024.30XS024C.PV;;DI;P-3003А;Р-3003A;M;Готовность;;;+
301_21_DI07.30HX024.30XS024A.PV;;DI;P-3003А - Электр.авария;Р-3003A;M;Авария;;;+
301_21_DI07.30HX028.30XS028A.PV;;DI;НАСОС P-3004A;Р-3004A;M;Авария;;;+
301_21_DI07.30HX028.30XS028.PV;;DI;НАСОС P-3004A;Р-3004A;M;Состояние;;;+
301_21_DI07.30HX031.30XS031.PV;;DI;НАСОС P-3005А;Р-3005A;M;Состояние;;;+
301_21_DI07.30HX035.30XS035.PV;;DI;НАСОС P-3006A;Р-3006A;M;Состояние;;;+
301_21_DI07.30HX039.30XS039D.PV;;DI;P-3022А - Сработало реле миним. тока;;;;;;+
301_21_DI07.30HX035.30XS035A.PV;;DI;НАСОС P-3006A;Р-3006A;M;Авария;;;+
301_21_DI07.30HX037.30XS037.PV;;DI;НАСОС P-3007A;Р-3007A;M;Состояние;;;+
301_21_DI07.30HX035.30XS035C.PV;;DI;НАСОС P-3006A;Р-3006A;M;Готовность;;;+
301_21_DI07.30HX037.30XS037A.PV;;DI;P-3007А - Электрическая авария;Р-3007A;M;Авария;;;+
301_21_DI07.30HX024.30XS024.PV;;DI;P-3003А;Р-3003A;M;Состояние;;;+
301_21_DI07.30HX028.30XS028C.PV;;DI;НАСОС P-3004A;Р-3004A;M;Готовность;;;+
301_21_DI07.30HX031.30XS031C.PV;;DI;НАСОС P-3005А;Р-3005A;M;Готовность;;;+
301_21_DI07.30HX031.30XS031A.PV;;DI;НАСОС P-3005А;Р-3005A;M;Авария;;;+
301_21_DI07.30HX037.30XS037C.PV;;DI;P-3007A - Готов к пуску;Р-3007A;M;Готовность;;;+
301_21_DI07.30HX049.30XS049.PV;;DI;НАСОС P-3012A;Р-3012A;M;Состояние;;;+
301_21_DI07.30HX037.30XS037D.PV;;DI;P-3007А - Сработало реле миним. тока;;;;;;+
301_21_DI07.30HX049.30XS049C.PV;;DI;НАСОС P-3012A;Р-3012A;M;Готовность;;;+
301_21_DI07.30HX049.30XS049A.PV;;DI;НАСОС P-3012A;Р-3012A;M;Авария;;;+
301_21_DI07.30HX056.30XS056A.PV;;DI;НАСОС P-3013A;Р-3013A;M;Авария;;;+
301_21_DI07.30HX003.30XS003.PV;;DI;НАСОС P-3001А;Р-3001A;M;Состояние;;;+
301_21_DI07.30HX003.30XS003C.PV;;DI;P-3001A - Готов к пуску;Р-3001A;M;Готовность;;;+
301_21_DI07.30HX056.30XS056.PV;;DI;НАСОС P-3013A;Р-3013A;M;Состояние;;;+
301_21_DI07.30HX039.30XS039.PV;;DI;НАСОС P-3022A;Р-3022A;M;Состояние;;;+
301_21_DI07.30HX056.30XS056C.PV;;DI;НАСОС P-3013A;Р-3013A;M;Готовность;;;+
301_21_DI07.30HX039.30XS039C.PV;;DI;P-3022 A - Готов к пуску;Р-3022A;M;Готовность;;;+
301_21_DI07.30HX039.30XS039A.PV;;DI;P-3022A - Электрическая авария;Р-3022A;M;Авария;;;+
301_21_DI08.30HX082S.30XSP3033SB.PV;;DI;НАСОС P-3033S;;;;#=1;;+
301_21_DI08.30HX082S.30XSP3033S.PV;;DI;НАСОС P-3033S;Р-3033S;M;Состояние;;;+
301_21_DI08.30HX082S.30XSP3033SA.PV;;DI;НАСОС P-3033S;Р-3033S;M;Авария;;;+
301_21_DI08.30XV243.30XS243E.PV;;DI;Задвижка XV-243;;;;#=1;;+
301_21_DI08.30XV243.30XS243F.PV;;DI;Задвижка XV-243;;;;#=0;;+
301_21_DI08.30XV243.30XS243.PV;;DI;Контроль напряжения;;;;#=1;;+
301_21_DI08.30XV243.30XS243D.PV;;DI;Задвижка XV-243;;;;#=0;;+
301_21_DI08.30HX004.30XS004C.PV;;DI;НАСОС P-3001S;Р-3001S;M;Готовность;;;+
301_21_DI08.30HX004.30XS004A.PV;;DI;P-3001S - Электр.авария;Р-3001S;M;Авария;;;+
301_21_DI08.30HX025.30XS025A.PV;;DI;P-3003S - Электр.авария;Р-3003S;M;Авария;;;+
301_21_DI08.30HX025.30XS025.PV;;DI;НАСОС P-3003S;Р-3003S;M;Состояние;;;+
301_21_DI08.30HX029.30XS029.PV;;DI;НАСОС P-3004S;Р-3004S;M;Состояние;;;+
301_21_DI08.30HX025.30XS025C.PV;;DI;НАСОС P-3003S;Р-3003S;M;Готовность;;;+
301_21_DI08.30HX029.30XS029C.PV;;DI;НАСОС P-3004S;Р-3004S;M;Готовность;;;+
301_21_DI08.30HX038.30XS038.PV;;DI;НАСОС P-3007S;Р-3007S;M;Состояние;;;+
301_21_DI08.30HX038.30XS038C.PV;;DI;P-3007S - Готов к пуску;Р-3007S;M;Готовность;;;+
301_21_DI08.30HX057.30XS057C.PV;;DI;НАСОС P-3013S;Р-3013S;M;Готовность;;;+
301_21_DI08.30HX057.30XS057A.PV;;DI;НАСОС P-3013S;Р-3013S;M;Авария;;;+
301_21_DI08.30HX050.30XS050.PV;;DI;НАСОС P-3012S;Р-3012S;M;Состояние;;;+
301_21_DI08.30HX004.30XS004.PV;;DI;НАСОС  P-3001S;Р-3001S;M;Состояние;;;+
301_21_DI08.30HX057.30XS057.PV;;DI;НАСОС P-3013S;Р-3013S;M;Состояние;;;+
301_21_DI08.30HX050.30XS050C.PV;;DI;НАСОС P-3012S;Р-3012S;M;Готовность;;;+
301_21_DI08.30HX029.30XS029A.PV;;DI;НАСОС P-3004S;Р-3004S;M;Авария;;;+
301_21_DI08.30HX032.30XS032A.PV;;DI;НАСОС P-3005S;Р-3005S;M;Авария;;;+
301_21_DI08.30HX032.30XS032.PV;;DI;НАСОС P-3005S;Р-3005S;M;Состояние;;;+
301_21_DI08.30HX036.30XS036.PV;;DI;НАСОС P-3006S;Р-3006S;M;Состояние;;;+
301_21_DI08.30HX032.30XS032C.PV;;DI;НАСОС P-3005S;Р-3005S;M;Готовность;;;+
301_21_DI08.30HX036.30XS036C.PV;;DI;НАСОС P-3006S;Р-3006S;M;Готовность;;;+
301_21_DI08.30HX036.30XS036A.PV;;DI;НАСОС P-3006S;Р-3006S;M;Авария;;;+
301_21_DI08.30HX038.30XS038A.PV;;DI;P-3007S - Электрическая авария;Р-3007S;M;Авария;;;+
301_21_DI08.30HX038.30XS038D.PV;;DI;P-3007S - Сработало реле миним. тока;;;;;;+
301_21_DI08.30HX050.30XS050A.PV;;DI;НАСОС P-3012S;Р-3012S;M;Авария;;;+
301_21_DI21.30XV074.30XZSC074.PV;;DI;ПРОДУВОЧН. ВОДА В V-3013;XV-074;M;Закрыт;;;+
301_21_DI21.30XV070.30XZSO070.PV;;DI;ПИТАТАТЕЛЬНАЯ ВОДА В V-3012;XV-070;M;Открыт;;;+
301_21_DI21.30XV074.30XZSO074.PV;;DI;ПРОДУВОЧН. ВОДА В V-3013;XV-074;M;Открыт;;;+
301_21_DI21.30XV070.30XZSC070.PV;;DI;ПИТАТАТЕЛЬНАЯ ВОДА В V-3012;XV-070;M;Закрыт;;;+
301_21_DI09.30HX975.30XS975C.PV;;DI;Готовность;;;;#=1;;+
301_21_DI09.30HX076.30XS076A.PV;;DI;НАСОС P-3024A;P-3024A;M;Готовность;;;+
301_21_DI09.30HX076.30XS076C.PV;;DI;НАСОС P-3024A;P-3024A;M;Готовность;;;+
301_21_DI09.30HX881.30XS881C.PV;;DI;Готовность;М_C-3001A;M;Готовность;;;+
301_21_DI09.30HX881.30XS881.PV;;DI;CM-3001A работает;М_C-3001A;M;Состояние;;;+
301_21_DI09.30HX895.30XS895A.PV;;DI;Электр.авария;C-3001-P1S;M;Авария;;;+
301_21_DI09.30HX897.30XS897A.PV;;DI;C-3001А насос смаз.масла цил. РМ2 авария;C-3001A-P2;M;Авария;;;+
301_21_DI09.30HX980.30XS980.PV;;DI;C-3001A темпер.подогрева масла в резерв.отключена;МБ_C-3001A;M;Нагрев_работает;;;+
301_21_DI09.30HX980.30XS980C.PV;;DI;Готовность;;;;#=1;;+
301_21_DI09.30HX982.30XS982.PV;;DI;C-3001A темпер.подогр. Масла цил. в резерв. отключена;C-3001A-V7;M;Нагрев_работает;;;+
301_21_DI09.30HX982.30XS982C.PV;;DI;Готовность;;;;#=1;;+
301_21_DI09.30HX975.30XS975.PV;;DI;C-3001 подогреватель резерв.охлажд.воды отключен;C-3001-V1;M;Нагрев_работает;;;+
301_21_DI09.30HX881.30XS881A.PV;;DI;CM-3001A двигатель неспособность;М_C-3001A;M;Готовность;#0;;+
301_21_DI09.30HX076.30XS076.PV;;DI;НАСОС P-3024A;P-3024A;M;Состояние;;;+
301_21_DI09.30HX850.30XS850.PV;;DI;P-3009AX СТАТУС;Р-3009AX;M;Состояние;;;+
301_21_DI09.30HX850.30XS850A.PV;;DI;P-3009AX ЭЛ. НЕИСПРАВНОСТЬ;Р-3009AX;M;Авария;;;+
301_21_DI09.30HX063.30XS063D.PV;;DI;"Р-3017А ""Сработало реле миним. тока";;;;;;+
301_21_DI09.30HX981.30XS981.PV;;DI;C-3001А насос смаз.масла работает PM1S;C-3001A-P1S;M;Состояние;;;+
301_21_DI09.30HX981.30XS981A.PV;;DI;Электр.авария;C-3001A-P1S;M;Авария;;;+
301_21_DI09.30HX981.30XS981C.PV;;DI;Готовность;C-3001A-P1S;M;Готовность;;;+
301_21_DI09.30HX895.30XS895.PV;;DI;C-3001 насос охлажд.воды работает PM1S;C-3001-P1S;M;Состояние;;;+
301_21_DI09.30HX888.30XS888.PV;;DI;C-3001 насос охлажд.воды работает PM1;C-3001-P1;M;Состояние;;;+
301_21_DI09.30HX895.30XS895C.PV;;DI;Готовность;C-3001-P1S;M;Готовность;;;+
301_21_DI09.30HX888.30XS888C.PV;;DI;Готовность;C-3001-P1;M;Готовность;;;+
301_21_DI09.30HX063.30XS063A.PV;;DI;Р-3017А - Электр.авария;;;;;;+
301_21_DI09.30HX063.30XS063C.PV;;DI;P-3017A - Готов к пуску;Р-3017A;M;Готовность;;;+
301_21_DI09.30HX063.30XS063.PV;;DI;P-3017A - Включен;Р-3017A;M;Состояние;;;+
301_21_DI09.30HX888.30XS888A.PV;;DI;Электр.авария;C-3001-P1;M;Авария;;;+
301_21_DI24.30LAL977.30LSL977.PV;;DI;L В РЕЗЕРВУАРЕ ОХЛАЖД.ВОДЫ C-3001;C-3001-V1;M;Уровень;#(x>20);;+
301_21_DI24.30LAL979.30LSL979.PV;;DI;L МАСЛА В КАРТЕРА C-3001S ;МБ_C-3001S;M;Уровень;#(X>20);;+
301_21_DI24.30LAL879.30LSL879.PV;;DI;L МАСЛА В КАРТЕРА C-3001A ;МБ_C-3001A;M;Уровень;#(X>20);;+
301_21_DI24.30LAL981.30LSL981.PV;;DI;L МАСЛА ДЛЯ СМАЗКИ ЦИЛИНДРА C-3001S;C-3001S-V7;M;Уровень;#(X>20);;+
301_21_DI24.30LAL881.30LSL881.PV;;DI;L МАСЛА ДЛЯ СМАЗКИ ЦИЛИНДРА C-3001A ;C-3001A-V7;M;Уровень;#(X>20);;+
301_21_DI24.30LAL950.30LS950.PV;;DI;L АММИАЧН ВОДЫ В V-3006X;;;;;;+
301_21_DI24.30LAL952.30LS952.PV;;DI;L ИНГИБИТОРА В V-3007X;;;;;;+
301_21_DI10.30HX880.30XS880.PV;;DI;C-3001S темпер.подогрева масла в резерв.отключена;МБ_C-3001S;M;Нагрев_работает;;;+
301_21_DI10.30HX880.30XS880C.PV;;DI;Готовность;;;;#=1;;+
301_21_DI10.30HX957.30XS957.PV;;DI;C-3001S темпер.подогрева масла цил. в резерв.отключена;C-3001S-V7;M;Нагрев_работает;;;+
301_21_DI10.30HX957.30XS957C.PV;;DI;Готовность;;;;#=1;;+
301_21_DI10.30HX869.30XS869.PV;;DI;C-3001S насос смаз.масла работает PM1S;C-3001S-P1S;M;Состояние;;;+
301_21_DI10.30HX869.30XS869A.PV;;DI;С-3001S-PM1S НАСОС СМАЗКИ КРИВОШИПА ЭЛ.НЕИСПР.;C-3001S-P1S;M;Авария;;;+
301_21_DI10.30HX869.30XS869C.PV;;DI;С-3001S-PM1S НАСОС СМАЗКИ КРИВОШИПА ГОТОВНОСТЬ;C-3001S-P1S;M;Готовность;;;+
301_21_DI10.30HX870.30XS870A.PV;;DI;C-3001S насос смаз.масла цил. РМ2 авария;C-3001S-P2;M;Авария;;;+
301_21_DI10.30HX917.30XS917A.PV;;DI;ОШИБКА;C-3002B;M;Авария;;;+
301_21_DI10.30HX917.30XS917.PV;;DI;РАБОТАЕТ;C-3002B;M;Состояние;;;+
301_21_DI10.30HX861.30XS861A.PV;;DI;CM-3001S двигатель неспособность;М_C-3001S;M;Готовность;#0;;+
301_21_DI10.30HX861.30XS861.PV;;DI;CM-3001S работает;М_C-3001S;M;Состояние;;;+
301_21_DI10.30HX077.30XS077.PV;;DI;НАСОС P-3024S;P-3024S;M;Состояние;;;+
301_21_DI10.30HX916.30XS916.PV;;DI;РАБОТАЕТ;C-3002A;M;Состояние;;;+
301_21_DI10.30HX918.30XS918A.PV;;DI;ДЫМОСОС C-3003;;;;#=0;;+
301_21_DI10.30HX918.30XS918.PV;;DI;C-3003 СТАТУС;C-3003A;M;Состояние;;;+
301_21_DI10.30HX916.30XS916A.PV;;DI;ОШИБКА;C-3002A;M;Авария;;;+
301_21_DI10.30HX861.30XS861C.PV;;DI;Готовность;М_C-3001S;M;Готовность;;;+
301_21_DI10.30HX064.30XS064C.PV;;DI;P-3017S - Готов к пуску;Р-3017S;M;Готовность;;;+
301_21_DI10.30HX064.30XS064.PV;;DI;P-3017S Включен;Р-3017S;M;Состояние;;;+
301_21_DI10.30HX064.30XS064A.PV;;DI;Р-3017S - Электр.авария;;;;;;+
301_21_DI10.30HX852.30XS852.PV;;DI;P-3010AX Ход;Р-3010AX;M;Состояние;;;+
301_21_DI10.30HX852.30XS852A.PV;;DI;P-3010AX - Электрическая авария;Р-3010AX;M;Авария;;;+
301_21_DI10.30HX064.30XS064D.PV;;DI;"Р-3017S ""Сработало реле миним. тока";;;;;;+
301_21_DI10.30HX077.30XS077A.PV;;DI;НАСОС P-3024S;P-3024S;M;Авария;;;+
301_21_DI10.30HX077.30XS077C.PV;;DI;НАСОС P-3024S;P-3024S;M;Готовность;;;+
301_21_DI20.30XV055.30XZSC055.PV;;DI;СТАБИЛЬНАЯ НАФТА В ПАРК;XV-055;M;Закрыт;;;+
301_21_DI20.30XV055.30XZSO055.PV;;DI;СТАБИЛЬНАЯ НАФТА В ПАРК;XV-055;M;Открыт;;;+
301_21_DI20.30HV107.30HZSC107.PV;;DI;ОТСЕКАТЕЛЬ ОТКАЧКА Т-3002 ОТ Р-3005A/S;HV-107;M;Закрыт;;;+
301_21_DI20.30HV027.30HZSO027.PV;;DI;ОТСЕКАТЕЛЬ ЦИРКУЛЯЦ. ОРОШЕНИЕ ИЗ Т-3001;HV-027;M;Открыт;;;+
301_21_DI20.30XV075.30XZSC075.PV;;DI;ВОД ПАР СД С УСТАНОВКИ;XV-075;M;Закрыт;;;+
301_21_DI20.30HV001.30HZSO001.PV;;DI;ОТСЕКАТЕЛЬ СЫРЬЕ НА УСТАНОВКУ;HV-001;M;Открыт;;;+
301_21_DI20.30HV105.30HZSO105.PV;;DI;ОТСЕКАТЕЛЬ АВАРИЙНЫЙ СБРОС ОТ P-3001A/S;HV-105;M;Открыт;;;+
301_21_DI20.30HV027.30HZSC027.PV;;DI;ОТСЕКАТЕЛЬ ЦИРКУЛЯЦ. ОРОШЕНИЕ ИЗ Т-3001;HV-027;M;Закрыт;;;+
301_21_DI20.30HV106.30HZSO106.PV;;DI;ОТСЕКАТЕЛЬ АВАРИЙНЫЙ СБРОС ТЕМНЫХ Н/ПР;HV-106;M;Открыт;;;+
301_21_DI20.30HV105.30HZSC105.PV;;DI;ОТСЕКАТЕЛЬ АВАРИЙНЫЙ СБРОС ОТ P-3001A/S;HV-105;M;Закрыт;;;+
301_21_DI20.30HV095.30HZSO095.PV;;DI;ОТСЕКАТЕЛЬ ЦИРКУЛ ОРОШ ОТ Р-3004A/S;HV-095;M;Открыт;;;+
301_21_DI20.30HV106.30HZSC106.PV;;DI;ОТСЕКАТЕЛЬ АВАРИЙНЫЙ СБРОС ТЕМНЫХ Н/ПР;HV-106;M;Закрыт;;;+
301_21_DI20.30HV001.30HZSC001.PV;;DI;ОТСЕКАТЕЛЬ СЫРЬЕ НА УСТАНОВКУ;HV-001;M;Закрыт;;;+
301_21_DI20.30HV095.30HZSC095.PV;;DI;ОТСЕКАТЕЛЬ ЦИРКУЛ ОРОШ ОТ Р-3004A/S;HV-095;M;Закрыт;;;+
301_21_DI20.30HV080.30HZSC080.PV;;DI;ОТСЕКАТЕЛЬ У/В ГАЗ НА УСТ / В Е-3013;HV-080;M;Закрыт;;;+
301_21_DI20.30HV022.30HZSC022.PV;;DI;ОТСЕКАТЕЛЬ ПАРЫ Т-3001 НА ФАКЕЛ;HV-022;M;Закрыт;;;+
301_21_DI20.30HV107.30HZSO107.PV;;DI;ОТСЕКАТЕЛЬ ОТКАЧКА Т-3002 ОТ Р-3005A/S;HV-107;M;Открыт;;;+
301_21_DI20.30HV022.30HZSO022.PV;;DI;ОТСЕКАТЕЛЬ ПАРЫ Т-3001 НА ФАКЕЛ;HV-022;M;Открыт;;;+
301_21_DI20.30XV075.30XZSO075.PV;;DI;ВОД ПАР СД С УСТАНОВКИ;XV-075;M;Открыт;;;+
301_21_DI20.30HV080.30HZSO080.PV;;DI;ОТСЕКАТЕЛЬ У/В ГАЗ НА УСТ / В Е-3013;HV-080;M;Открыт;;;+
301_21_DI20.30HV061.30HZSC061.PV;;DI;ОТСЕКАТЕЛЬ У/В ГАЗ ИЗ Т-3004/С УСТАНОВКИ;HV-061;M;Закрыт;;;+
301_21_DI20.30HV061.30HSHV061.PV;;DI;30HSHV061;;;;#=1;;+
301_21_DI20.30HV061.30HZSO061.PV;;DI;ОТСЕКАТЕЛЬ У/В ГАЗ ИЗ Т-3004/С УСТАНОВКИ;HV-061;M;Открыт;;;+
301_21_DI20.30HV006.30HZSO006.PV;;DI;ОТСЕКАТЕЛЬ ОСТАТОК ВИСБ С УСТ;HV-006;M;Открыт;;;+
301_21_DI20.30HV006.30HZSC006.PV;;DI;ОТСЕКАТЕЛЬ ОСТАТОК ВИСБ С УСТ;HV-006;M;Закрыт;;;+
301_21_DO04.30HV061.30HY061.SO;;DO;ОТСЕКАТЕЛЬ У/В ГАЗ ИЗ Т-3004/С УСТАНОВКИ;HV-061;M;Соленоид;#0;;+
301_21_DO04.30HV006.30HY006.SO;;DO;ОТСЕКАТЕЛЬ ОСТАТОК ВИСБ С УСТ;HV-006;M;Соленоид;#0;;+
301_21_DO04.30HV107.30HY107.SO;;DO;ОТСЕКАТЕЛЬ ОТКАЧКА Т-3002 ОТ Р-3005A/S;HV-107;M;Соленоид;#0;;+
301_21_DO04.30HV027.30HY027.SO;;DO;ОТСЕКАТЕЛЬ ЦИРКУЛЯЦ. ОРОШЕНИЕ ИЗ Т-3001;HV-027;M;Соленоид;#0;;+
301_21_DO04.30HV022.30HY022.SO;;DO;ОТСЕКАТЕЛЬ ПАРЫ Т-3001 НА ФАКЕЛ;HV-022;M;Соленоид;#0;;+
301_21_DO04.30HV001.30HY001.SO;;DO;ОТСЕКАТЕЛЬ СЫРЬЕ НА УСТАНОВКУ;HV-001;M;Соленоид;#0;;+
301_21_DO04.30HV105.30HY105.SO;;DO;ОТСЕКАТЕЛЬ АВАРИЙНЫЙ СБРОС ОТ P-3001A/S;HV-105;M;Соленоид;#0;;+
301_21_DO04.30HV095.30HY095.SO;;DO;ОТСЕКАТЕЛЬ ЦИРКУЛ ОРОШ ОТ Р-3004A/S;HV-095;M;Соленоид;#0;;+
301_21_DO04.30HV106.30HY106.SO;;DO;ОТСЕКАТЕЛЬ АВАРИЙНЫЙ СБРОС ТЕМНЫХ Н/ПР;HV-106;M;Соленоид;#0;;+
301_21_DO04.30HV080.30HY080.SO;;DO;ОТСЕКАТЕЛЬ У/В ГАЗ НА УСТ / В Е-3013;HV-080;M;Соленоид;#0;;+
301_21_DI26.30HX080A.30XSP3029A.PV;;DI;НАСОС P-3029A;Р-3029A;M;Состояние;;;+
301_21_DI26.30HX080A.30XSP3029AA.PV;;DI;НАСОС P-3029A;Р-3029A;M;Авария;;;+
301_21_DI26.30HX081A.30XSP3032A.PV;;DI;НАСОС P-3032A;Р-3032A;M;Состояние;;;+
301_21_DI26.30HX076B.30XSP3024BB.PV;;DI;НАСОС P-3024B;P-3024B;M;Готовность;;;+
301_21_DI26.30HX076B.30XSP3024B.PV;;DI;НАСОС P-3024B;P-3024B;M;Состояние;;;+
301_21_DI26.30HX080S.30XSP3029SB.PV;;DI;НАСОС P-3029S;;;;#=1;;+
301_21_DI26.30HX076B.30XSP3024BA.PV;;DI;НАСОС P-3024B;P-3024B;M;Авария;;;+
301_21_DI26.30HX081A.30XSP3032AA.PV;;DI;НАСОС P-3032A;Р-3032A;M;Авария;;;+
301_21_DI26.30HX081A.30XSP3032AB.PV;;DI;НАСОС P-3032A;;;;#=1;;+
301_21_DI26.30HX081S.30XSP3032SA.PV;;DI;НАСОС P-3032S;Р-3032S;M;Авария;;;+
301_21_DI26.30HX082A.30XSP3033A.PV;;DI;НАСОС P-3033A;Р-3033A;M;Состояние;;;+
301_21_DI26.30HX081S.30XSP3032SB.PV;;DI;НАСОС P-3032S;;;;#=1;;+
301_21_DI26.30HX082A.30XSP3033AA.PV;;DI;НАСОС P-3033A;Р-3033A;M;Авария;;;+
301_21_DI26.30HX080S.30XSP3029SA.PV;;DI;НАСОС P-3029S;Р-3029S;M;Авария;;;+
301_21_DI26.30HX080A.30XSP3029AB.PV;;DI;НАСОС P-3029A;;;;#=1;;+
301_21_DI26.30HX082A.30XSP3033AB.PV;;DI;НАСОС P-3033A;;;;#=1;;+
301_21_DI26.30HX080S.30XSP3029S.PV;;DI;НАСОС P-3029S;Р-3029S;M;Состояние;;;+
301_21_DI26.30HX020S.30XSP3002SB.PV;;DI;P-3002S ГОТОВНОСТЬ ИЗ ЭЛЕКТР. ЯЧЕЙКИ;М_P_3002S;M;Готовность;;;+
301_21_DI26.30HX081S.30XSP3032S.PV;;DI;НАСОС P-3032S;Р-3032S;M;Состояние;;;+
301_21_DI26.30HX918.30XS918B.PV;;DI;ДЫМОСОС C-3003;;;;#=0;;+
301_21_DI26.30HX918.30XS918C.PV;;DI;ДЫМОСОС C-3003;;;;#=1;;+
301_21_DI26.30HX020S.30XSP3002S.PV;;DI;НАСОС P-3002S СТАТУС;М_P_3002S;M;Состояние;;;+
301_21_DI26.30HX918.30XS918D.PV;;DI;C-3003 БАЙПАС СТАТУС;;;;;;+
301_21_DI26.30HX020S.30XSP3002SA.PV;;DI;P-3002S ПЕРЕГРУЗКА ЭЛ. ДВИГАТЕЛЯ;М_P_3002S;M;Авария;;;+
301_21_DO05.30HX063.30HY063A.SO;;DO;P-3017А - Автостарт;Р-3017A;M;Пуск;;;+
301_21_DO05.30HX063.30HY063.SO;;DO;P-3017А   - Стоп;Р-3017A;M;Стоп;#0;;+
301_21_DO05.30HX895.30HY895B.SO;;DO;C-3001 насос охлажд.воды останов  PM1S;C-3001-P1S;M;Стоп;#0;;+
301_21_DO05.30HX888.30HY888B.SO;;DO;C-3001 насос охлажд.воды останов  PM1;C-3001-P1;M;Стоп;#0;;+
301_21_DO05.30HX921.30HY922.SO;;DO;Сажесдув Н-3001;;;;;;+
301_21_DO05.30HX881.30HY881A.SO;;DO;CM-3001A останов;М_C-3001A;M;Стоп;#0;;+
301_21_DO05.30HX888.30HY888A.SO;;DO;C-3001 насос охлажд.воды автопуск  PM1;C-3001-P1;M;Пуск;;;+
301_21_DO05.30HX897.30HY897A.SO;;DO;C-3001А насос смаз.масла цил. РМ2 пуск;C-3001A-P2;M;Пуск;;;+
301_21_DO05.30HX895.30HY895A.SO;;DO;C-3001 насос охлажд.воды автопуск  PM1S;C-3001-P1S;M;Пуск;;;+
301_21_DO05.30HX981.30HY896B.SO;;DO;C-3001A насос смаз.масла PM1S останов;C-3001A-P1S;M;Стоп;#0;;+
301_21_DO05.30HX850.30HY850A.SO;;DO;P-3009AX Пуск;Р-3009AX;M;Пуск;;;+
301_21_DO05.30LAL879.30LY879.SO;;DO;C-3001A уровень резервуара масла картера;;;;;;+
301_21_DO05.30HX897.30HY897B.SO;;DO;C-3001А насос смаз.масла цил. РМ2 останов;C-3001A-P2;M;Стоп;#0;;+
301_21_DO05.30LAL881.30LY881.SO;;DO;C-3001A уровень резервуара масла цилиндр;;;;;;+
301_21_DO05.30HX003.30HY003.SO;;DO;НАСОС P-3001А;Р-3001A;M;Стоп;#0;;+
301_21_DO05.30HX024.30HY024.SO;;DO;P-3003А;Р-3003A;M;Стоп;#0;;+
301_21_DO05.30HX020.30HY020.SO;;DO;НАСОС P-3002A;М_P_3002A;M;Стоп;#0;;+
301_21_DO05.30HX076.30HY076.SO;;DO;НАСОС P-3024A;P-3024A;M;Стоп;#0;;+
301_21_DO05.30HX918.30HY918.SO;;DO;C3003A РСУ - СТОП;C-3003A;M;Стоп;#0;;+
301_21_DO05.30HX850.30HY850B.SO;;DO;P-3009AX Стоп;Р-3009AX;M;Стоп;#0;;+
301_21_DO05.30LAL977.30LY977.SO;;DO;C-3001 уровень резервуара охлажд.воды;;;;;;+
301_21_DO05.30HX881.30HY881B.SO;;DO;CM-3001A пуск;М_C-3001A;M;Пуск;;;+
301_21_DO05.30HX039.30HY039.SO;;DO;НАСОС P-3022A;Р-3022A;M;Стоп;#0;;+
301_21_DO05.30HX056.30HY056.SO;;DO;НАСОС P-3013A;Р-3013A;M;Стоп;#0;;+
301_21_DO05.30HX049.30HY049.SO;;DO;НАСОС P-3012A;Р-3012A;M;Стоп;#0;;+
301_21_DO05.30HX031.30HY031.SO;;DO;НАСОС P-3005А;Р-3005A;M;Стоп;#0;;+
301_21_DO05.30HX028.30HY028.SO;;DO;НАСОС P-3004A;Р-3004A;M;Стоп;#0;;+
301_21_DO05.30HX037.30HY037.SO;;DO;НАСОС P-3007A;Р-3007A;M;Стоп;#0;;+
301_21_DO05.30HX035.30HY035.SO;;DO;НАСОС P-3006A;Р-3006A;M;Стоп;#0;;+
301_21_DO05.30HX916.30HY916.SO;;DO;СТОП;C-3002A;M;Стоп;#0;;+
301_21_DO05.30C04FRB05.30HYC04FRB05.SO;;DO;КОНТРОЛЬ ПИТАНИЯ 32 КАНАЛ C04FRB05;;;;;;+
301_21_DO06.30HX852.30HY852A.SO;;DO;P-3010AX Пуск;Р-3010AX;M;Пуск;;;+
301_21_DO06.30XV243.30XY243B.SO;;DO;Задвижка XV-243;;;;;;+
301_21_DO06.30HX064.30HY064A.SO;;DO;P-3017S - Автостарт;Р-3017S;M;Пуск;;;+
301_21_DO06.30XV243.30XY243C.SO;;DO;Задвижка XV-243;;;;;;+
301_21_DO06.30HX064.30HY064.SO;;DO;P-3017S   - Стоп;Р-3017S;M;Стоп;#0;;+
301_21_DO06.30HX057.30HY057.SO;;DO;НАСОС P-3013S;Р-3013S;M;Стоп;#0;;+
301_21_DO06.30HX036.30HY036.SO;;DO;НАСОС P-3006S;Р-3006S;M;Стоп;#0;;+
301_21_DO06.30HX032.30HY032.SO;;DO;НАСОС P-3005S;Р-3005S;M;Стоп;#0;;+
301_21_DO06.30HX050.30HY050.SO;;DO;НАСОС P-3012S;Р-3012S;M;Стоп;#0;;+
301_21_DO06.30HX038.30HY038.SO;;DO;НАСОС P-3007S;Р-3007S;M;Стоп;#0;;+
301_21_DO06.30HX004.30HY004.SO;;DO;НАСОС P-3001S;Р-3001S;M;Стоп;#0;;+
301_21_DO06.30XV243.30XY243A.SO;;DO;Задвижка XV-243;;;;;;+
301_21_DO06.30HX852.30HY852B.SO;;DO;P-3010AX Стоп;Р-3010AX;M;Стоп;#0;;+
301_21_DO06.30HX861.30HY861B.SO;;DO;CM-3001S пуск;М_C-3001S;M;Пуск;;;+
301_21_DO06.30HX861.30HY861A.SO;;DO;CM-3001S останов;М_C-3001S;M;Стоп;#0;;+
301_21_DO06.30LAL979.30LY979.SO;;DO;C-3001S уровень резервуара масла картера;;;;;;+
301_21_DO06.30LAL981.30LY981.SO;;DO;C-3001S уровень резервуара масла цилиндр;;;;;;+
301_21_DO06.30HX870.30HY870B.SO;;DO;C-3001S насос смаз.масла цил. РМ2 старт;C-3001S-P2;M;Пуск;;;+
301_21_DO06.30HX870.30HY870A.SO;;DO;C-3001S насос смаз.масла цил. РМ2 останов;C-3001S-P2;M;Стоп;#0;;+
301_21_DO06.30HX869.30HY869B.SO;;DO;С-3001S-PM1S НАСОС СМАЗКИ КРИВОШИПА ;C-3001S-P1S;M;Стоп;#0;;+
301_21_DO06.30HX077.30HY077.SO;;DO;НАСОС P-3024S;P-3024S;M;Стоп;#0;;+
301_21_DO06.30HX029.30HY029.SO;;DO;НАСОС P-3004S;Р-3004S;M;Стоп;#0;;+
301_21_DO06.30HX025.30HY025.SO;;DO;НАСОС P-3003S;Р-3003S;M;Стоп;#0;;+
301_21_DO06.30HX917.30HY917.SO;;DO;СТОП;C-3002B;M;Стоп;#0;;+
301_21_DO06.30C04FRB08.30HYC04FRB08.SO;;DO;КОНТРОЛЬ ПИТАНИЯ 32 КАНАЛ C04FRB08;;;;;;+
301_21_DO06.30HX020S.30HYP3002S.SO;;DO;P-3002S СИГНАЛ РСУ - СТОП;М_P_3002S;M;Стоп;#0;;+
301_21_DO06.30HX020S.30HYP3002SA.SO;;DO;P-3002S СИГНАЛ РСУ-ПУСК;М_P_3002S;M;Пуск;;;+
301_21_DO06.30HX076B.30HYP3024B.SO;;DO;СИГНАЛ РСУ - СТОП;P-3024B;M;Стоп;#0;;+
301_21_DO06.30HX076B.30HYP3024BA.SO;;DO;СИГНАЛ РСУ - ПУСК;P-3024B;M;Пуск;;;+
301_21_DO06.30HX080A.30HYP3029A.SO;;DO;СИГНАЛ РСУ - СТОП;Р-3029A;M;Стоп;#0;;+
301_21_DO06.30HX080A.30HYP3029AA.SO;;DO;СИГНАЛ РСУ - ПУСК;Р-3029A;M;Пуск;;;+
301_21_DO06.30HX080S.30HYP3029S.SO;;DO;СИГНАЛ РСУ - СТОП;Р-3029S;M;Стоп;#0;;+
301_21_DO11.30LP926.30PAHH056A.SO;;DO;30LP926;30PAHH056A;RSU->HS;;;;+
301_21_DO11.30LP926.30PALL056A.SO;;DO;30LP926;30PALL056A;RSU->HS;;;;+
301_21_DO11.30HS875B.30XL874B.SO;;DO;C-3001A КОНТРОЛЬ МОЩНОСТИ 40%;30XL874B;RSU->HS;;;;+
301_21_DO11.30HS875B.30XL874A.SO;;DO;C-3001A КОНТРОЛЬ МОЩНОСТИ 0%;30XL874A;RSU->HS;;;;+
301_21_DO11.30HS875B.30XL874D.SO;;DO;C-3001A КОНТРОЛЬ МОЩНОСТИ 90%;30XL874D;RSU->HS;;;;+
301_21_DO11.30HS875B.30XL874C.SO;;DO;C-3001A КОНТРОЛЬ МОЩНОСТИ 50%;30XL874C;RSU->HS;;;;+
301_21_DO11.30HX888.30XL888B.SO;;DO;C-3001 насос охлажд.воды работает PM1;30XL888B;RSU->HS;;;;+
301_21_DO11.30LP927.30PALL879B1.SO;;DO;30LP927;30PALL879B1;RSU->HS;;;;+
301_21_DO11.30LAL977.30LAL977A.SO;;DO;C-3001 уровень резервуара охлажд.воды;30LAL977A;RSU->HS;;;;+
301_21_DO11.30HX881.30KQI876.SO;;DO;C-3001A наработано часов;;;;;;+
301_21_DO11.30LP926.30XL884.SO;;DO;30LP926;30XL884;RSU->HS;;;;+
301_21_DO11.30HX981.30XL981A.SO;;DO;C-3001А насос смаз.масла работает PM1S;30XL981A;RSU->HS;;;;+
301_21_DO11.30HX881.30XL881A.SO;;DO;CM-3001A работает;30XL881A;RSU->HS;;;;+
301_21_DO11.30LP927.30XA896C.SO;;DO;30LP927;30XA896C;RSU->HS;;;;+
301_21_DO11.30HX895.30XL895B.SO;;DO;C-3001 насос охлажд.воды работает PM1S;30XL895B;RSU->HS;;;;+
301_21_DO11.30LP926.30XA879A.SO;;DO;30LP926;30XA879A;RSU->HS;;;;+
301_21_DO11.30LP926.30XA047A.SO;;DO;30LP926;30XA047A;RSU->HS;;;;+
301_21_DO11.30HX881LG2.30XL876.SO;;DO;C-3001A ГОТОВНОСТЬ К ПУСКУ;30XL876;RSU->HS;;;;+
301_21_DO11.30HS875B.30XL874E.SO;;DO;C-3001A КОНТРОЛЬ МОЩНОСТИ 100%;30XL874E;RSU->HS;;;;+
301_21_DO11.30HX850.30XL850B.SO;;DO;P-3009AX ОСТАНОВЛЕН ВЫХОД НА ИНДИК.;;;;;;+
301_21_DO11.30HX850.30XL850A.SO;;DO;P-3009AX РАБОТА ВЫХОД НА ИНДИК.;;;;;;+
301_21_DO11.30LP926.30LAHH022A.SO;;DO;30LP926;30LAHH022A;RSU->HS;;;;+
301_21_DO11.30LP926.30TAHH058A.SO;;DO;30LP926;30TAHH058A;RSU->HS;;;;+
301_21_DO11.30LP926.30PAHH066A.SO;;DO;30LP926;30PAHH066A;RSU->HS;;;;+
301_21_DO11.30HS875B.30XL880.SO;;DO;C-3001A  местное управление мощностью;30XL880;RSU->HS;;;;+
301_21_DO11.30LP926.30XA896A.SO;;DO;30LP926;30XA896A;RSU->HS;;;;+
301_21_DO11.30HX881LG3.30XA877.SO;;DO;C-3001A общая тревога;30XA877;RSU->HS;;;;+
301_21_DO11.30HX082S.30HYP3033S.SO;;DO;СИГНАЛ РСУ - СТОП;Р-3033S;M;Стоп;#0;;+
301_21_DO11.30HX082S.30HYP3033SA.SO;;DO;СИГНАЛ РСУ - ПУСК;Р-3033S;M;Пуск;;;+
301_21_DO12.30HX918.30HY918A.SO;;DO;C3003A РСУ - ПУСК;C-3003A;M;Пуск;;;+
301_21_DO12.30HX918.30HY918C.SO;;DO;СИГНАЛ РСУ - БАЙПАС ВКЛЮЧИТЬ;;;;;;+
301_21_DO12.30LP951.30XA896B.SO;;DO;30LP951;30XA896B;RSU->HS;;;;+
301_21_DO12.30HS855A.30XL854C.SO;;DO;C-3001S КОНТРОЛЬ МОЩНОСТИ 50%;30XL854C;RSU->HS;;;;+
301_21_DO12.30HS855A.30XL860.SO;;DO;C-3001S местное управление мощностью;30XL860;RSU->HS;;;;+
301_21_DO12.30HX861LG2.30XL856.SO;;DO;C-3001S ГОТОВНОСТЬ К ПУСКУ;30XL856;RSU->HS;;;;+
301_21_DO12.30LP951.30XL864.SO;;DO;30LP951;30XL864;RSU->HS;;;;+
301_21_DO12.30HX861.30KQI856.SO;;DO;C-3001S наработано часов;;;;;;+
301_21_DO12.30HX852.30XL852A.SO;;DO;P-3010AX Ход;;;;;;+
301_21_DO12.30HX861.30XL861A.SO;;DO;CM-3001S работает;30XL861A;RSU->HS;;;;+
301_21_DO12.30HS855A.30XL854B.SO;;DO;C-3001S КОНТРОЛЬ МОЩНОСТИ 40%;30XL854B;RSU->HS;;;;+
301_21_DO12.30LP951.30PAHH067A.SO;;DO;30LP951;30PAHH067A;RSU->HS;;;;+
301_21_DO12.30HS855A.30XL854D.SO;;DO;C-3001S КОНТРОЛЬ МОЩНОСТИ 90%;30XL854D;RSU->HS;;;;+
301_21_DO12.30HS855A.30XL854A.SO;;DO;C-3001S КОНТРОЛЬ МОЩНОСТИ 0%;30XL854A;RSU->HS;;;;+
301_21_DO12.30LP951.30PAHH056B.SO;;DO;30LP951;30PAHH056B;RSU->HS;;;;+
301_21_DO12.30LP951.30LAHH022B.SO;;DO;30LP951;30LAHH022B;RSU->HS;;;;+
301_21_DO12.30LP951.30TAHH059A.SO;;DO;30LP951;30TAHH059A;RSU->HS;;;;+
301_21_DO12.30LP951.30PALL056B.SO;;DO;30LP951;30PALL056B;RSU->HS;;;;+
301_21_DO12.30HX852.30XL852B.SO;;DO;P-3010AX Останов;;;;;;+
301_21_DO12.30LP951.30XA048A.SO;;DO;30LP951;30XA048A;RSU->HS;;;;+
301_21_DO12.30LP951.30XA879B.SO;;DO;30LP951;30XA879B;RSU->HS;;;;+
301_21_DO12.30HX869.30XL869A.SO;;DO;С-3001S-PM1S НАСОС СМАЗКИ КРИВОШИПА ;30XL869A;RSU->HS;;;;+
301_21_DO12.30HS855A.30XL854E.SO;;DO;C-3001S КОНТРОЛЬ МОЩНОСТИ 100%;30XL854E;RSU->HS;;;;+
301_21_DO12.30HX861LG3.30XA857.SO;;DO;C-3001S ОБЩАЯ ТРЕВОГА;30XA857;RSU->HS;;;;+
301_21_DO12.30HX081A.30HYP3032AA.SO;;DO;СИГНАЛ РСУ - ПУСК;Р-3032A;M;Пуск;;;+
301_21_DO12.30HX081S.30HYP3032S.SO;;DO;СИГНАЛ РСУ - СТОП;Р-3032S;M;Стоп;#0;;+
301_21_DO12.30HX081S.30HYP3032SA.SO;;DO;СИГНАЛ РСУ - ПУСК;Р-3032S;M;Пуск;;;+
301_21_DO12.30HX082A.30HYP3033A.SO;;DO;СИГНАЛ РСУ - СТОП;Р-3033A;M;Стоп;#0;;+
301_21_DO12.30HX082A.30HYP3033AA.SO;;DO;СИГНАЛ РСУ - ПУСК;Р-3033A;M;Пуск;;;+
301_21_DO12.30HX080S.30HYP3029SA.SO;;DO;СИГНАЛ РСУ - ПУСК;Р-3029S;M;Пуск;;;+
301_21_DO12.30HX081A.30HYP3032A.SO;;DO;СИГНАЛ РСУ - СТОП;Р-3032A;M;Стоп;#0;;+
301_22_AI02.30FI753.30FT753.PV;;AI;Расход.Тр-д 25-IL-010 нагнетания P-3033 A/S;F753;M;Показания;;;+
301_22_AI02.30FC750.30FT750.PV;;AI;Расход. Тр-д 25-IL-30002-A02A нагнетание P-3009 AX/SX;F750;M;Показания;;;+
301_22_AI02.30TI888A.30TT888A.PV;;AI;Т ОБМОТКИ ЭЛЕКТРОДВИГАТЕЛЯ CM-3001S;C-3001S-МС;M;Температура_1;;;+
301_22_AI02.30TI888B.30TT888B.PV;;AI;Т ОБМОТКИ ЭЛЕКТРОДВИГАТЕЛЯ CM-3001S;C-3001S-МС;M;Температура_2;;;+
301_22_AI02.30TI887.30TT887.PV;;AI;Т ЭЛЕКТРОДВИГАТЕЛЯ CМ-3001S;C-3001S-МС;M;Температура_4;;;+
301_22_AI02.30TI888C.30TT888C.PV;;AI;Т ОБМОТКИ ЭЛЕКТРОДВИГАТЕЛЯ CM-3001S;C-3001S-МС;M;Температура_3;;;+
301_22_AI02.30PC850.30PT850.PV;;AI;Р В V-3006X / ЁМКОСТЬ АММИАЧНОЙ ВОДЫ;V-3006X;M;Давление;#*0.1;;+
301_22_AI01.30PI883A.30PT883A.PV;;AI;C-3001S ДАВЛЕНИЕ МАСЛА В КАРТЕРЕ;P883A;M;Показания;;;+
301_22_AI01.30TI884C.30TT884C.PV;;AI;T ПЕРЕДНЕГО ПОДШИПНИКА КОЛ.ВАЛА C-3001S;C-3001S-МС;M;Температура_2;;;+
301_22_AI01.30PI877D.30PT877D.PV;;AI;C-3001S ДАВЛЕНИЕ ПРОДУВОЧНОГО ГАЗА;P888;M;Показания;;;+
301_22_AI01.30TI876B.30TT876B.PV;;AI;Т УПЛОТНЕНИЯ ЦИЛИНДРА 2 C-3001S;T876B;M;Показания;;;+
301_22_AI01.30TI876A.30TT876A.PV;;AI;Т УПЛОТНЕНИЯ ЦИЛИНДРА 1 C-3001S;T876A;M;Показания;;;+
301_22_AI01.30TI876F.30TT876F.PV;;AI;C-3001S ТЕМП.ТЕХН ГАЗА ВЫХОД ЦИЛИНДР 2;T876D_F;M;Показания;;;+
301_22_AI01.30TI876E.30TT876E.PV;;AI;C-3001S ТЕМП.ТЕХН ГАЗА ВЫХОД ЦИЛИНДР 1;T876C_E;M;Показания;;;+
301_22_AI01.30PDI881.30PDT881.PV;;AI;Р ПЕРЕПАД C-3001S НА ФИЛЬТРАХ МАСЛА;PD881;M;Показания;;;+
301_22_AI01.30PI877C.30PT877C.PV;;AI;C-3001S ДАВЛЕНИЕ ПРОДУВОЧНОГО ГАЗА УПЛОТНЕНИЯ;P877C;M;Показания;;;+
301_22_AI01.30TI886.30TT886.PV;;AI;Т МАСЛА В МАСЛОБАКЕ C-3001S;C-3001S-V7;M;Температура;;;+
301_22_AI01.30FI879.30FT879.PV;;AI;F СМАЗКИ ЦИЛИНДРОВ C-3001S;F879;M;Показания;;;+
301_22_AI01.30PI877A.30PT877A.PV;;AI;C-3001S ДАВЛЕНИЕ ПРОДУВОЧНОГО ГАЗА ЦИЛИНДР 1;P877A;M;Показания;;;+
301_22_AI01.30TI884B.30TT884B.PV;;AI;T ПОЛЕВОГО ПОДШИПНИКА КОЛ.ВАЛА C-3001S;C-3001S-МС;M;Температура_1;;;+
301_22_AI01.30TI884A.30TT884A.PV;;AI;T МАСЛА ЗА ОХЛАДИТЕЛЕМ C-3001S;T884A;M;Показания;;;+
301_22_AI01.30PI877B.30PT877B.PV;;AI;C-3001S ДАВЛЕНИЕ ПРОДУВОЧНОГО ГАЗА ЦИЛИНДР 2;P877B;M;Показания;;;+
301_22_AI04.30PI847.30PT847.PV;;AI;P В СИСТЕМЕ УПЛОТНЕНИЯ P-3013S;;;;#=1.7;;+
301_22_AI04.30TI891.30TT891.PV;;AI;Т ПОЛЕВОГО ПОДШИПНИКА P-3007S;Изм_Р-3007S;M;Температура_1;;;+
301_22_AI04.30PI837.30PT837.PV;;AI;P В СИСТЕМЕ УПЛОТНЕНИЯ P-3012S;;;;#=1.6;;+
301_22_AI04.30PI817.30PT817.PV;;AI;P В СИСТЕМЕ УПЛОТНЕНИЯ P-3005S;;;;#=0.5;;+
301_22_AI04.30PI807.30PT807.PV;;AI;P В СИСТЕМЕ УПЛОТНЕНИЯ Р-3004S;;;;#=1.2;;+
301_22_AI04.30PI827.30PT827.PV;;AI;P В СИСТЕМЕ УПЛОТНЕНИЯ P-3006S;;;;#=1;;+
301_22_AI04.30TI897.30TT897.PV;;AI;Т ПОЛЕВОГО ПОДШИПНИКА P-3017S;Изм_Р-3017S;M;Температура_1;;;+
301_22_AI04.30PI814.30PT814.PV;;AI;P  В ГЕРМЕТИЗИРУЮЩЕМ СТАКАНЕ Р-3017S;;;;#=0;;+
301_22_AI04.30PI812.30PT812.PV;;AI;P  В ГЕРМЕТИЗИРУЮЩЕМ СТАКАНЕ Р-3007S;;;;#=0;;+
301_22_AI04.30TI898.30TT898.PV;;AI;Т ПЕРЕДНЕГО ПОДШИПНИКА P-3017S;Изм_Р-3017S;M;Температура_2;;;+
301_22_AI04.30TI892.30TT892.PV;;AI;Т ПЕРЕДНЕГО ПОДШИПНИКА P-3007S;Изм_Р-3007S;M;Температура_2;;;+
301_22_AI04.30PI813.30PT813.PV;;AI;P  В ГЕРМЕТИЗИРУЮЩЕМ СТАКАНЕ Р-3022S;;;;;;+
301_22_AI04.30TI895.30TT895.PV;;AI;Т ПЕРЕДНЕГО ПОДШИПНИКА P-3022S;;;;;;+
301_22_AI04.30TI894.30TT894.PV;;AI;Т ПОЛЕВОГО ПОДШИПНИКА P-3022S;;;;;;+
301_22_AI03.30PI835.30PT835.PV;;AI;P В СИСТЕМЕ УПЛОТНЕНИЯ P-3012А;;;;#=1.6;;+
301_22_AI03.30PI825.30PT825.PV;;AI;P В СИСТЕМЕ УПЛОТНЕНИЯ P-3006А;;;;#=1;;+
301_22_AI03.30PI845.30PT845.PV;;AI;P В СИСТЕМЕ УПЛОТНЕНИЯ P-3013А;;;;#=1.7;;+
301_22_AI03.30PI803.30PT803.PV;;AI;P  В ГЕРМЕТИЗИРУЮЩЕМ СТАКАНЕ Р-3022А;;;;#=0;;+
301_22_AI03.30TI865.30TT865.PV;;AI;Т ПЕРЕДНЕГО ПОДШИПНИКА P-3022A;Изм_Р-3022A;M;Температура_2;;;+
301_22_AI03.30TI864.30TT864.PV;;AI;Т ПОЛЕВОГО ПОДШИПНИКА P-3022A;Изм_Р-3022A;M;Температура_1;;;+
301_22_AI03.30TI867.30TT867.PV;;AI;Т ПОЛЕВОГО ПОДШИПНИКА P-3017A;Изм_Р-3017A;M;Температура_1;;;+
301_22_AI03.30PI804.30PT804.PV;;AI;P  В ГЕРМЕТИЗИРУЮЩЕМ СТАКАНЕ Р-3017А;;;;#=0;;+
301_22_AI03.30PI851.30PT851.PV;;AI;РАЗРУШЕНИЕ  МЕМБРАНЫ P-3009AX;P851;M;Показания;;;+
301_22_AI03.30TI868.30TT868.PV;;AI;Т ПЕРЕДНЕГО ПОДШИПНИКА P-3017A;Изм_Р-3017A;M;Температура_2;;;+
301_22_AI03.30PI815.30PT815.PV;;AI;P В СИСТЕМЕ УПЛОТНЕНИЯ P-3005A;;;;#=0.5;;+
301_22_AI03.30PI802.30PT802.PV;;AI;Р В ГЕРМЕТ. СТАКАНЕ Р-3007А;;;;#=0;;+
301_22_AI03.30PI860.30PT860.PV;;AI;РАЗРУШЕНИЕ  МЕМБРАНЫ P-3010AX;P860;M;Показания;;;+
301_22_AI03.30TI862.30TT862.PV;;AI;Т ПЕРЕДНЕГО ПОДШИПНИКА P-3007A;Изм_Р-3007A;M;Температура_2;;;+
301_22_AI03.30TI861.30TT861.PV;;AI;Т ПОЛЕВОГО ПОДШИПНИКА P-3007A;Изм_Р-3007A;M;Температура_1;;;+
301_22_AI03.30PI805.30PT805.PV;;AI;P В СИСТЕМЕ УПЛОТНЕНИЯ Р-3004A;;;;#=1.2;;+
301_22_AI05.30PI883C.30PT883C.PV;;AI;C-3001S давлениt насос смазки;P883С;M;Показания;;;+
301_22_AI05.30PI883E.30PT883E.PV;;AI;C-3001S ДАВЛЕНИЕ МАСЛА В КАРТЕРЕ;P883E;M;Показания;;;+
301_22_AI05.30PI883D.30PT883D.PV;;AI;C-3001S давление вспом. насос смазки;P883D;M;Показания;;;+
301_22_AO06.30FC750.30FV750.OP;;AO;Клапан. Тр-д 25-IL-011нагнетание P-3009 AX/SX;FV-750;M;Задание;;;+
301_22_AO06.30PY850B.30PV850B.OP;;AO;V-3006X КОНТРОЛЬ ЗА ДАВЛЕНИЕМ;PV-850B;M;Задание;;;+
301_22_AO06.30PY850A.30PV850A.OP;;AO;V-3006X КОНТРОЛЬ ЗА ДАВЛЕНИЕМ;PV-850A;M;Задание;;;+
30C04FRB01.30HYC04FRB01.SO;;DO;КОНТРОЛЬ ПИТАНИЯ 32 КАНАЛ C04FRB01;;;;;;+
30PCDI001_AI2.PCDI_AI.PV[1];300034,;AI;;;;;;;+
30PCDI001_AI2.PCDI_AI.PV[2];300035,;AI;;;;;;;+
30PCDI001_AI2.PCDI_AI.PV[3];300036,30FC905.DACB.P1;AI;F ВОЗДУХ НА ГОРЕНИЕ В С-3002А/В;;;;;;+
30PCDI001_AI2.PCDI_AI.PV[4];300037,30PC910.DACB.P1;AI;КОНТРОЛЛЕР ДАВЛ ТОПЛ МАЗУТА К ФОРСУНКАМ;;;;;;+
30PCDI001_AI2.PCDI_AI.PV[5];300038,30PC916B.SUBA.IN[2];AI;;;;;;;+
30PCDI001_AI2.PCDI_AI.PV[6];300039,30PDC913.SUBA.IN[2];AI;;;;;;;+
30PCDI001_AO2.PCDI_AO.PV[1];700002,;AI;;;;;;;+
30PCDI001_AO2.PCDI_AO.PV[2];700003,;AI;;;;;;;+
30PCDI001_AO2.PCDI_AO.PV[3];700004,;AI;;;;;;;+
30PCDI001_AO2.PCDI_AO.PV[4];700005,;AI;;;;;;;+
30PCDI001_AO2.PCDI_AO.PV[5];700006,;AI;;;;;;;+
30PCDI001_AO2.PCDI_AO.PV[6];700007,;AI;;;;;;;+
30PCDI001_AO2.PCDI_AO.PV[7];700008,;AI;;;;;;;+
30PCDI001_AO2.PCDI_AO.PV[8];700009,;AI;;;;;;;+
30PCDI001_AO2.PCDI_AO.PV[9];700010,;AI;;;;;;;+
30PCDI002_AO2.PCDI_AO.PV[1];400021,;AI;;;;;;;+
30PCDI002_AO2.PCDI_AO.PV[2];400022,;AI;;;;;;;+
30PCDI002_AO2.PCDI_AO.PV[3];400023,;AI;;;;;;;+
30PCDI002_AO2.PCDI_AO.PV[4];400024,;AI;;;;;;;+
30PCDI002_AO2.PCDI_AO.PV[5];400025,;AI;;;;;;;+
30PCDI002_AO2.PCDI_AO.PV[6];400026,;AI;;;;;;;+
30PCDI002_AO2.PCDI_AO.PV[7];400027,;AI;;;;;;;+
30PCDI002_AO2.PCDI_AO.PV[8];400028,;AI;;;;;;;+
30PCDI002_AO2.PCDI_AO.PV[9];400029,;AI;;;;;;;+
30PCDI002_AO2.PCDI_AO.PV[10];400030,;AI;;;;;;;+
30PCDI002_AO2.PCDI_AO.PV[11];400031,;AI;;;;;;;+
30XAC059B.30XSC059B.SO;;DO;Задвижка пожаротушения 30XV059 - закрыта;;;;;;+
30XAC300B.30XSC300B.SO;;DO;Задвижка пожаротушения 30XV300 - закрыта;;;;;;+
431_11_AI03.93PC077.93PT077.PV;;AI;Азот;;;;;;
431_11_AI03.93PC080.93PT080.PV;;AI;Водяной пар среднего давления;;;;;;
431_11_AI03.93PC078.93PT078.PV;;AI;Азот;;;;;;
431_11_AI01.43TC048.43TT048.PV;;AI; Т ПАРА В Е-708;;;;;;
431_11_AI01.43TC112.43TT112.PV;;AI; Т ПАРА В Е-713;;;;;;
431_11_AI01.43TC111.43TT111.PV;;AI; Т ПАРА В Е-712;;;;;;
431_11_AI01.43TC051.43TT051.PV;;AI; Т ПАРА В Е-711;;;;;;
431_11_AI01.43TC050.43TT050.PV;;AI; Т ПАРА В Е-710;;;;;;
431_11_AI01.43TC046.43TT046.PV;;AI; Т ПАРА В Е-706;;;;;;
431_11_AI01.43TC040.43TT040.PV;;AI; Т ПАРА В Е-701;;;;;;
431_11_AI01.43TC042.43TT042.PV;;AI; Т ПАРА В Е-703;;;;;;
431_11_AI01.43TC041.43TT041.PV;;AI; Т ПАРА В Е-702;;;;;;
431_11_AI01.43TC044.43TT044.PV;;AI; Т ПАРА В Е-705;;;;;;
431_11_AI01.43TC043.43TT043.PV;;AI; Т ПАРА В Е-704;;;;;;
431_11_AI01.43TC047.43TT047.PV;;AI; Т ПАРА В Е-707;;;;;;
431_11_AI01.43TC045.43TT045.PV;;AI; Т ПАРА В F-4301103;;;;;;
431_11_AI01.43TC049.43TT049.PV;;AI; Т ПАРА В Е-709;;;;;;
431_11_AI02.43FC404.43FT404.PV;;AI;АТМ. ГАЗОЙЛЬ В ТВГ;;;;;;
431_11_AI02.43FC405.43FT405.PV;;AI;АТМ. ГАЗОЙЛЬ В ЛВГ;;;;;;
431_11_AI02.43PC488.43PT488.PV;;AI;ФРАКЦИЯ 280-350 С ПОСЛЕ P-4301506SX;;;;;;
431_11_AI02.43PC485.43PT485.PV;;AI;Фракция 280-350 С после P-4301506AX;;;;;;
431_11_AI02.43PC498.43PT498.PV;;AI;Коллектор охлаждающей жидкости;;;;;;
431_11_AI02.43TC552.43TT552.PV;;AI;Охлаждающая жидкость из  E-4301502A;;;;;;
431_11_AI02.43TC554.43TT554.PV;;AI;Топочный мазут из  E-4301501A;;;;;;
431_11_AI02.43TC553.43TT553.PV;;AI;Охлаждающая жидкость из  E-4301502B;;;;;;
431_11_AI02.43TC555.43TT555.PV;;AI;Топочный мазут из  E-4301501S;;;;;;
431_11_AI02.43PC482.43PT482.PV;;AI;Легкий вакуумный газойль после P-4301505AX,SX;;;;;;
431_11_AI02.43TC560.43TT560.PV;;AI;Горячее водоснабжение насосной;;;;;;
431_11_AI02.43PC452.43PT452.PV;;AI;Атмосферный остаток после P-4301501AX,SX;;;;;;
431_11_AI02.43PC464.43PT464.PV;;AI;Очищенная вода после P-4301503AX,SX;;;;;;
431_11_AI02.43PC494.43PT494.PV;;AI;Тяжелый вакуумный газойль после P-4301507AX,SX;;;;;;
431_11_AI02.43PC496.43PT496.PV;;AI;Азот в HV-4301503;;;;;;
431_11_AI02.43PC458.43PT458.PV;;AI;Некондиция после P-4301502AX,SX;;;;;;
431_11_AI04.93PI105.93PT105.PV;;AI;Давление II вакуумного погона в резервуарные парки 430-11,12;;;;;;
431_11_AI04.93FI051.93FT051.PV;;AI;Расход II вакуумного погона в резервуарные парки 430-11,12;;;;;;
431_11_AI04.43LI008.43LAHH008.PV;;AI;НЕКОНДИЦИЯ В Е-704. ПРЕВЫШЕНИЕ УРОВНЯ 17100 мм;;;;;;
431_11_AI04.43LI105.43LAHH105.PV;;AI;ТВГ В Е-713. ПРЕВЫШЕНИЕ УРОВНЯ 17100 мм;;;;;;
431_11_AI04.43LI001.43LAHH001.PV;;AI;АТМ. ОСТАТОК В Е-701. ПРЕВЫШЕНИЕ УРОВНЯ 17100 мм;;;;;;
431_11_AI04.43LI005.43LAHH005.PV;;AI;АТМ. ОСТАТОК В Е-703. ПРЕВЫШЕНИЕ УРОВНЯ 17100 мм;;;;;;
431_11_AI04.43LI003.43LAHH003.PV;;AI;АТМ. ОСТАТОК В Е-702. ПРЕВЫШЕНИЕ УРОВНЯ 17100 мм;;;;;;
431_11_AI04.43LI028.43LAHH028.PV;;AI;ДИЗ. ФРАКЦИЯ В Е-711. ПРЕВЫШЕНИЕ УРОВНЯ 12600 мм;;;;;;
431_11_AI04.43LI021.43LAHH021.PV;;AI;ЛВГ В Е-708. ПРЕВЫШЕНИЕ УРОВНЯ 17100 мм;;;;;;
431_11_AI04.43LI026.43LAHH026.PV;;AI;ДИЗ. ФРАКЦИЯ В Е-710. ПРЕВЫШЕНИЕ УРОВНЯ 12600 мм;;;;;;
431_11_AI04.43LI016.43LAHH016.PV;;AI;ТОП. МАЗУТ В Е-706. ПРЕВЫШЕНИЕ УРОВНЯ 12600 мм;;;;;;
431_11_AI04.43LI102.43LAHH102.PV;;AI;ТВГ В Е-712. ПРЕВЫШЕНИЕ УРОВНЯ 17100 мм;;;;;;
431_11_AI04.43LI011.43LAHH011.PV;;AI;НЕКОНДИЦИЯ В Е-705. ПРЕВЫШЕНИЕ УРОВНЯ 17100 мм;;;;;;
431_11_AI04.43LI018.43LAHH018.PV;;AI;ТОП. МАЗУТ В Е-707. ПРЕВЫШЕНИЕ УРОВНЯ 12600 мм;;;;;;
431_11_AI04.43LI014.43LAHH014.PV;;AI;ОЧИЩ. ВОДА В F-4301103. ПРЕВЫШЕНИЕ УРОВНЯ 13200 мм;;;;;;
431_11_AI04.43LI024.43LAHH024.PV;;AI;ЛВГ В Е-709. ПРЕВЫШЕНИЕ УРОВНЯ 17100 мм;;;;;;
431_11_AI06.43PI931.43PT931.PV;;AI;Бачок насоса P-43015041SX;;;;;;
431_11_AI06.43PDI412.43PDT412.PV;;AI;Перепад охлаждающей жидкости на S-4301508S;;;;;;
431_11_AI06.43PDI411.43PDT411.PV;;AI;Перепад охлаждающей жидкости на S-4301508A;;;;;;
431_11_AI06.43TI988A.43TT988A.PV;;AI;Т-ра лин. подшип. насоса P-4301503SX;;;;;;
431_11_AI06.43TI499.43TT499.PV;;AI;СВЕЧА GV-4301501;;;;;;
431_11_AI06.43TI987B.43TT987B.PV;;AI;Т-ра опор. подшип. насоса P-4301503AX;;;;;;
431_11_AI06.43TI987A.43TT987A.PV;;AI;Т-ра лин. подшип. насоса P-4301503AX;;;;;;
431_11_AI06.43TI988B.43TT988B.PV;;AI;Т-ра опор. подшип. насоса P-4301503SX;;;;;;
431_11_AI06.43TI498.43TT498.PV;;AI;Дренажная емкость F-4301501;;;;;;
431_11_AI06.43PI499.43PT499.PV;;AI;Ресивер V-4301501;;;;;;
431_11_AI06.43LI470.43LT470.PV;;AI;Дизельная фракция  в HV-4301503;;;;;;
431_11_AI06.43PDI413.43PDT413.PV;;AI;Перепад топочного мазута на S-4301504A;;;;;;
431_11_AI06.43LI467.43LT467.PV;;AI;Охлаждающая жидкость в F-4301502;;;;;;
431_11_AI06.43PDI414.43PDT414.PV;;AI;Перепад топочного мазута на S-4301504S;;;;;;
431_11_AI06.43PI497.43PT497.PV;;AI;Дренаж нефтепродуктов после P-4301509;;;;;;
431_11_AI05.43PI930.43PT930.PV;;AI;Бачок насоса P-4301504AX;;;;;;
431_11_AI05.43PI479.43PT479.PV;;AI;Легкий вакуумный газойль после P-4301505AX;;;;;;
431_11_AI05.43PI455.43PT455.PV;;AI;Атмосферный остаток после P-4301501SX;;;;;;
431_11_AI05.43PI491.43PT491.PV;;AI;Тяжелый вакуумный газойль после P-4301507AX;;;;;;
431_11_AI05.43PI476.43PT476.PV;;AI;Топочный мазут после P-43015042SX;;;;;;
431_11_AI05.43PI473.43PT473.PV;;AI;Топочный мазут после P-43015041SX;;;;;;
431_11_AI05.43PI556.43PT556.PV;;AI;Легкий вакуумный газойль после P-4301505SX;;;;;;
431_11_AI05.43PI461.43PT461.PV;;AI;Некондиция после P-4301502SX;;;;;;
431_11_AI05.43PI468.43PT468.PV;;AI;Охлаждающая жидкость после P-4301508AX;;;;;;
431_11_AI05.43PI555.43PT555.PV;;AI;Очищенная вода после P-4301503AX;;;;;;
431_11_AI05.43PI467.43PT467.PV;;AI;Очищенная вода после P-4301503SX;;;;;;
431_11_AI05.43PI462.43PT462.PV;;AI;Охлаждающая жидкост после P-4301508SX;;;;;;
431_11_AI05.43PI554.43PT554.PV;;AI;Атмосферный остаток после P-4301501AX;;;;;;
431_11_AI05.43PI563.43PT563.PV;;AI;Некондиция после P-4301502AX;;;;;;
431_11_AI05.43PI557.43PT557.PV;;AI;Тяжелый вакуумный газойль после P-4301507SX;;;;;;
431_11_AI05.43PI470.43PT470.PV;;AI;Топочный мазут после P-4301504AX;;;;;;
431_11_AI07.43TI991A.43TT991A.PV;;AI;Т-ра рад. подшип. насоса P-4301505AX;;;;;;
431_11_AI07.43TI996B.43TT996B.PV;;AI;Т-ра опор. подшип. насоса P-4301508AX;;;;;;
431_11_AI07.43LI996.43LT996.PV;;AI;Бачок уплот.жидкости для насоса P-4301508SX;;;;;;
431_11_AI07.43PI991.43PT991.PV;;AI;Бачок уплот.жидкости для насоса P-4301505AX;;;;;;
431_11_AI07.43TI991B.43TT991B.PV;;AI;Т-ра опор. подшип. насоса P-4301505AX;;;;;;
431_11_AI07.43TI992A.43TT992A.PV;;AI;Т-ра рад. подшип. насоса P-4301505SX;;;;;;
431_11_AI07.43LI991.43LT991.PV;;AI;Бачок уплот.жидкости для насоса P-4301505AX;;;;;;
431_11_AI07.43PI992.43PT992.PV;;AI;Бачок уплот.жидкости для насоса P-4301505SX;;;;;;
431_11_AI07.43TI992B.43TT992B.PV;;AI;Т-ра опор. подшип. насоса P-4301505SX;;;;;;
431_11_AI07.43TI995A.43TT995A.PV;;AI;Т-ра лин. подшип. насоса P-4301508AX;;;;;;
431_11_AI07.43LI992.43LT992.PV;;AI;Бачок уплот.жидкости для насоса P-4301505SX;;;;;;
431_11_AI07.43PI995.43PT995.PV;;AI;Бачок уплот.жидкости для насоса P-4301508AX;;;;;;
431_11_AI07.43TI995B.43TT995B.PV;;AI;Т-ра опор. подшип. насоса P-4301508AX;;;;;;
431_11_AI07.43TI996A.43TT996A.PV;;AI;Т-ра лин. подшип. насоса P-4301508SX;;;;;;
431_11_AI07.43LI995.43LT995.PV;;AI;Бачок уплот.жидкости для насоса P-4301508AX;;;;;;
431_11_AI07.43PI996.43PT996.PV;;AI;Бачок уплот.жидкости для насоса P-4301508SX;;;;;;
431_11_AI11.43PDI402.43PDT402.PV;;AI;Перепад атмосферного остатка на S-4301501S;;;;;;
431_11_AI11.43PDI406.43PDT406.PV;;AI;Перепад очищенной воды на S-4301503S;;;;;;
431_11_AI11.43PDI404.43PDT404.PV;;AI;Перепад некондиции на S-4301502S;;;;;;
431_11_AI11.43LI921.43LS921.PV;;AI;Бачок насоса P-4301504 1SX;;;;;;
431_11_AI11.43LI920.43LS920.PV;;AI;Бачок насоса P-4301504 AX;;;;;;
431_11_AI11.43LI922.43LS922.PV;;AI;Бачок насоса P-4301504 2SX;;;;;;
431_11_AI11.43PDI410.43PDT410.PV;;AI;Перепад легкого вакуумного газойля на S-4301505S;;;;;;
431_11_AI11.43PDI416.43PDT416.PV;;AI;Перепад дизельной фракции на S-4301506S;;;;;;
431_11_AI11.43PI562.43PT562.PV;;AI;Ввод водяного пара низкого давления;;;;;;
431_11_AI11.43PDI408.43PDT408.PV;;AI;Перепад тяжелого вакуумного газойля на S-4301507S;;;;;;
431_11_AI11.93LI003.93LT003.PV;;AI;Депарафинизированная дизельная фракция в HV-4301502;;;;;;
431_11_AI11.43TI559.43TT559.PV;;AI;Ввод водяного пара низкого давления;;;;;;
431_11_AI10.43FI401.43FT401.PV;;AI;Расход азота с об. 730-30 на об. 430-15;;;;;;
431_11_AI10.43PDI401.43PDT401.PV;;AI;Перепад атмосферного остатка на S-4301501A;;;;;;
431_11_AI10.43PDI405.43PDT405.PV;;AI;Перепад очищенной воды на S-4301503A;;;;;;
431_11_AI10.43PDI403.43PDT403.PV;;AI;Перепад некондиции на S-4301502A;;;;;;
431_11_AI10.43PDI409.43PDT409.PV;;AI;Перепад легкого вакуумного газойля на S-4301505A;;;;;;
431_11_AI10.43FI403.43FT403.PV;;AI;ОБ. 430-15 ВОДЯНОЙ ПАР НИЗК.ДАВЛЕНИЯ;;;;;;
431_11_AI10.43FI402.43FT402.PV;;AI;Охлажденная вода 1 системы;;;;;;
431_11_AI10.93LI002.93LT002.PV;;AI;Депарафинизированная дизельная фракция в HV-4301501;;;;;;
431_11_AI10.43PI561.43PT561.PV;;AI;Нагретая вода 1 системы на установку;;;;;;
431_11_AI10.43TI558.43TT558.PV;;AI;Горячая вода 1 системы;;;;;;
431_11_AI10.43TI557.43TT557.PV;;AI;Охлажденная вода 1 системы;;;;;;
431_11_AI10.43PI971.43PT971.PV;;AI;Ж-сть затворная насоса P-4301509X;;;;;;
431_11_AI10.43PDI407.43PDT407.PV;;AI;Перепад тяжелого вакуумного газойля на S-4301507A;;;;;;
431_11_AI10.43PI560.43PT560.PV;;AI;Охлажденная вода 1 системы на установку;;;;;;
431_11_AI10.43PDI415.43PDT415.PV;;AI;ПЕРЕПАД ДИЗ. ФРАКЦИИ НА S-4301506A;;;;;;
431_11_AI14.43PI932.43PT932.PV;;AI;Бачок насоса P-43015042SX;;;;;;
431_11_AI14.43LI915B.43LT915B.PV;;AI;Бачок уплот.жидкости для насоса P-4301507SX;;;;;;
431_11_AI14.43LI915A.43LT915A.PV;;AI;Бачок уплот.жидкости для насоса P-4301507SX;;;;;;
431_11_AI14.43PI915B.43PT915B.PV;;AI;Бачок уплот.жидкости для насоса P-4301507SX;;;;;;
431_11_AI14.43PI909.43PT909.PV;;AI;Бачок уплот.жидкости для насоса P-4301506AX;;;;;;
431_11_AI14.43LI909.43LT909.PV;;AI;Бачок уплот.жидкости для насоса P-4301506AX;;;;;;
431_11_AI14.43PI913A.43PT913A.PV;;AI;Бачок уплот.жидкости для насоса P-4301507AX;;;;;;
431_11_AI14.43LI911.43LT911.PV;;AI;Бачок уплот.жидкости для насоса P-4301506SX;;;;;;
431_11_AI14.43LI913A.43LT913A.PV;;AI;Бачок уплот.жидкости для насоса P-4301507AX;;;;;;
431_11_AI14.43PI913B.43PT913B.PV;;AI;Бачок уплот.жидкости для насоса P-4301507AX;;;;;;
431_11_AI14.43PI915A.43PT915A.PV;;AI;Бачок уплот.жидкости для насоса P-4301507SX;;;;;;
431_11_AI14.43LI913B.43LT913B.PV;;AI;Бачок уплот.жидкости для насоса P-4301507AX;;;;;;
431_11_AI14.43PI911.43PT911.PV;;AI;Бачок уплот.жидкости для насоса P-4301506SX;;;;;;
431_11_AI13.43PI907B.43PT907B.PV;;AI;Бачок уплот.жидкости для насоса P-4301502SX;;;;;;
431_11_AI13.43PI905B.43PT905B.PV;;AI;Бачок уплот.жидкости для насоса P-4301502AX;;;;;;
431_11_AI13.43PI907A.43PT907A.PV;;AI;Бачок уплот.жидкости для насоса P-4301502SX;;;;;;
431_11_AI13.43LI905B.43LT905B.PV;;AI;Бачок уплот.жидкости для насоса P-4301502AX;;;;;;
431_11_AI13.43LI907A.43LT907A.PV;;AI;Бачок уплот.жидкости для насоса P-4301502SX;;;;;;
431_11_AI13.43LI907B.43LT907B.PV;;AI;Бачок уплот.жидкости для насоса P-4301502SX;;;;;;
431_11_AI13.43PI901A.43PT901A.PV;;AI;Бачок уплот.жидкости для насоса P-4301501AX;;;;;;
431_11_AI13.43LI901A.43LT901A.PV;;AI;Бачок уплот.жидкости для насоса P-4301501AX;;;;;;
431_11_AI13.43PI901B.43PT901B.PV;;AI;Бачок уплот.жидкости для насоса P-4301501AX;;;;;;
431_11_AI13.43PI903A.43PT903A.PV;;AI;Бачок уплот.жидкости для насоса P-4301501SX;;;;;;
431_11_AI13.43LI901B.43LT901B.PV;;AI;Бачок уплот.жидкости для насоса P-4301501AX;;;;;;
431_11_AI13.43LI903A.43LT903A.PV;;AI;Бачок уплот.жидкости для насоса P-4301501SX;;;;;;
431_11_AI13.43PI903B.43PT903B.PV;;AI;Бачок уплот.жидкости для насоса P-4301501SX;;;;;;
431_11_AI13.43PI905A.43PT905A.PV;;AI;Бачок уплот.жидкости для насоса P-4301502AX;;;;;;
431_11_AI13.43LI903B.43LT903B.PV;;AI;Бачок уплот.жидкости для насоса P-4301501SX;;;;;;
431_11_AI13.43LI905A.43LT905A.PV;;AI;Бачок уплот.жидкости для насоса P-4301502AX;;;;;;
431_11_AI18.43EI001S.43ET001S.PV;;AI;Ток двигателя насоса РM-4301501SX;;;;;;
431_11_AI18.43EI001A.43ET001A.PV;;AI;Ток двигателя насоса РM-4301501AX;;;;;;
431_11_AI18.43EI007A.43ET007A.PV;;AI;Ток двигателя насоса РM-4301507AX;;;;;;
431_11_AI18.43EI007S.43ET007S.PV;;AI;Ток двигателя насоса РM-4301507SX;;;;;;
431_11_AI15.43TI935.43TT935.PV;;AI;Т-РА ЗАД. ПОДШИП. Э.Д. НАСОСА P-43015042SX;;;;;;
431_11_AI15.43TI919.43TT919.PV;;AI;Т-РА ПЕРЕД. ПОДШИП. НАСОСА P-43015042SX;;;;;;
431_11_AI15.43TI917.43TT917.PV;;AI;Т-РА ПЕРЕД. ПОДШИП. НАСОСА P-4301504AX;;;;;;
431_11_AI15.43TI924.43TT924.PV;;AI;Т-РА ЗАД. ПОДШИП. НАСОСА P-43015041SX;;;;;;
431_11_AI15.43TI918.43TT918.PV;;AI;Т-РА ПЕРЕД. ПОДШИП. НАСОСА P-43015041SX;;;;;;
431_11_AI15.43TI930.43TT930.PV;;AI;Т-РА ПЕРЕД. ПОДШИП. Э.Д. НАСОСА P-4301504AX;;;;;;
431_11_AI15.43TI932.43TT932.PV;;AI;Т-РА ПЕРЕД. ПОДШИП. Э.Д. НАСОСА P-43015041SX;;;;;;
431_11_AI15.43TI923.43TT923.PV;;AI;Т-РА ЗАД. ПОДШИП. НАСОСА P-4301504AX;;;;;;
431_11_AI15.43TI925.43TT925.PV;;AI;Т-РА ЗАД. ПОДШИП. НАСОСА P-43015042SX;;;;;;
431_11_AI15.43TI931.43TT931.PV;;AI;Т-РА ЗАД. ПОДШИП. Э.Д. НАСОСА P-4301504AX;;;;;;
431_11_AI15.43TI934.43TT934.PV;;AI;Т-РА ПЕРЕД. ПОДШИП. Э.Д. НАСОСА P-43015042SX;;;;;;
431_11_AI15.43TI933.43TT933.PV;;AI;Т-РА ЗАД. ПОДШИП. Э.Д. НАСОСА P-43015041SX;;;;;;
431_11_AI15.93TI059.93TT059.PV;;AI;ТЕМПЕРАТУРА В ОПУ-7;;;;;;
431_11_AI15.93TI058.93TT058.PV;;AI;ТЕМПЕРАТУРА В ОПУ-6;;;;;;
431_11_AO08.43PY488A.43PV488A.OP;;AO;ФРАКЦИЯ 280-350 С ПОСЛЕ P-4301506SX;;;;;;
431_11_AO08.43TC048.43TV048.OP;;AO;РЕГ-ОР Т ПАРА В Е-708;;;;;;
431_11_AO08.43TC046.43TV046.OP;;AO;РЕГ-ОР Т ПАРА В Е-706;;;;;;
431_11_AO08.43TC049.43TV049.OP;;AO;РЕГ-ОР Т ПАРА В Е-709;;;;;;
431_11_AO08.43TC051.43TV051.OP;;AO;РЕГ-ОР Т ПАРА В Е-711;;;;;;
431_11_AO08.43TC050.43TV050.OP;;AO;РЕГ-ОР Т ПАРА В Е-710;;;;;;
431_11_AO08.43TC112.43TV112.OP;;AO;РЕГ-ОР Т ПАРА В Е-713;;;;;;
431_11_AO08.43TC111.43TV111.OP;;AO;РЕГ-ОР Т ПАРА В Е-712;;;;;;
431_11_AO08.43PY488.43PV488.OP;;AO;ФРАКЦИЯ 280-350 С ПОСЛЕ P-4301506SX;;;;;;
431_11_AO08.43TC047.43TV047.OP;;AO;РЕГ-ОР Т ПАРА В Е-707;;;;;;
431_11_AO08.43TC041.43TV041.OP;;AO;РЕГ-ОР Т ПАРА В Е-702;;;;;;
431_11_AO08.43TC040.43TV040.OP;;AO;РЕГ-ОР Т ПАРА В Е-701;;;;;;
431_11_AO08.43TC043.43TV043.OP;;AO;РЕГ-ОР Т ПАРА В Е-704;;;;;;
431_11_AO08.43TC042.43TV042.OP;;AO;РЕГ-ОР Т ПАРА В Е-703;;;;;;
431_11_AO08.43TC045.43TV045.OP;;AO;РЕГ-ОР Т ПАРА В F-4301103;;;;;;
431_11_AO08.43TC044.43TV044.OP;;AO;РЕГ-ОР Т ПАРА В Е-705;;;;;;
431_11_AO09.43FC404.43FV404.OP;;AO;АТМ. ГАЗОЙЛЬ В ТВГ;;;;;;
431_11_AO09.43FC405.43FV405.OP;;AO;АТМ. ГАЗОЙЛЬ В ЛВГ;;;;;;
431_11_AO09.93PC078.93PV078.OP;;AO;Азот;;;;;;
431_11_AO09.93PC077.93PV077.OP;;AO;Азот;;;;;;
431_11_AO09.93PC080.93PV080.OP;;AO;Водяной пар среднего давления;;;;;;
431_11_AO16.43PY485A.43PV485A.OP;;AO;Фракция 280-350 С после P-4301506AX;;;;;;
431_11_AO16.43PY485.43PV485.OP;;AO;Фракция 280-350 С после P-4301506AX;;;;;;
431_11_AO16.43PC496.43PV496.OP;;AO;Азот в HV-4301503;;;;;;
431_11_AO16.43PC498.43PV498.OP;;AO;Охлаждающая жидкость к F-4301502;;;;;;
431_11_AO16.43TC552.43TV552.OP;;AO;Вода оборотная  после E-4301502A;;;;;;
431_11_AO16.43TC553.43TV553.OP;;AO;Вода оборотная  после E-4301502A;;;;;;
431_11_AO16.43TC555.43TV555.OP;;AO;Водяной пар на входе в E-4301501A;;;;;;
431_11_AO16.43TC554.43TV554.OP;;AO;Водяной пар на входе в E-4301501A;;;;;;
431_11_AO16.43PC458.43PV458.OP;;AO;Некондиция  после насосов;;;;;;
431_11_AO16.43PC494.43PV494.OP;;AO;Тяжелый вакуумный газойль после насосов;;;;;;
431_11_AO16.43PC464.43PV464.OP;;AO;Очищенная вода после насосов;;;;;;
431_11_AO16.43PC482.43PV482.OP;;AO;Легкий вакуумный газойль после P-4301505AX,SX;;;;;;
431_11_AO16.43TC560.43TV560.OP;;AO;Горячее водоснабжение насосной;;;;;;
431_11_AO16.43PC452.43PV452.OP;;AO;Атмосферный остаток после насосов;;;;;;
431_12_DI04.43HX434.43XS434C.PV;;DI;Насос Р-4301503AX. Перегрузка эл. двигателя;;;;;;
431_12_DI04.43HV488.43XSO488.PV;;DI;Задвижка 43-HV-488. Концевик открытия;;;;;;
431_12_DI04.43HV488.43XSC488.PV;;DI;Задвижка 43-HV-488. Концевик закрытия;;;;;;
431_12_DI04.43HX439.43XS439C.PV;;DI;Насос Р-4301505AX. Перегрузка эл. двигателя;;;;;;
431_12_DI04.43HX439.43XS439.PV;;DI;Насос Р-4301505AX. Статус;;;;;;
431_12_DI04.43HX436.43XS436D.PV;;DI;Насос Р-4301504AX. Готовность из эл. ячейки;;;;;;
431_12_DI04.43HX439.43XS439D.PV;;DI;Насос Р-4301505AX. Готовность из эл. ячейки;;;;;;
431_12_DI04.43HX445.43XS445D.PV;;DI;Насос Р-4301508AX. Готовность из эл. ячейки;;;;;;
431_12_DI04.43HX447.43XS447D.PV;;DI;Насос Р-4301509AX. Готовность из эл. ячейки;;;;;;
431_12_DI04.43HX447.43XS447C.PV;;DI;Насос Р-4301509AX. Перегрузка эл. двигателя;;;;;;
431_12_DI04.43HV488.43XSF488.PV;;DI;Задвижка 43-HV-488. Муфта;;;;;;
431_12_DI04.43HX443.43XS443D.PV;;DI;Насос Р-4301507AX. Готовность из эл. ячейки;;;;;;
431_12_DI04.43HX443.43XS443C.PV;;DI;Насос Р-4301507AX. Перегрузка эл. двигателя;;;;;;
431_12_DI04.43HX436.43XS436C.PV;;DI;Насос Р-4301504AX. Перегрузка эл. двигателя;;;;;;
431_12_DI04.43HX436.43XS436.PV;;DI;Насос Р-4301504AX. Статус;;;;;;
431_12_DI04.43HX430.43XS430C.PV;;DI;Насос Р-4301501АX. Перегрузка эл. двигателя;;;;;;
431_12_DI04.43HX441.43XS441C.PV;;DI;Насос Р-4301506AX. Перегрузка эл. двигателя;;;;;;
431_12_DI04.43HX443.43XS443.PV;;DI;Насос Р-4301507AX. Статус;;;;;;
431_12_DI04.43HX441.43XS441D.PV;;DI;Насос Р-4301506AX. Готовность из эл. ячейки;;;;;;
431_12_DI04.43HV563.43XSO563.PV;;DI;Задвижка 43-HV-563. Концевик открытия;;;;;;
431_12_DI04.43HX434.43XS434.PV;;DI;Насос Р-4301503AX. Статус;;;;;;
431_12_DI04.43HX432.43XS432D.PV;;DI;Насос Р-4301502AX. Готовность из эл. ячейки;;;;;;
431_12_DI04.43HX434.43XS434D.PV;;DI;Насос Р-4301503AX. Готовность из эл. ячейки;;;;;;
431_12_DI04.43HX432.43XS432C.PV;;DI;Насос Р-4301502AX. Перегрузка эл. двигателя;;;;;;
431_12_DI04.43HX432.43XS432.PV;;DI;Насос Р-4301502AX. Статус;;;;;;
431_12_DI04.43HX441.43XS441.PV;;DI;Насос Р-4301506AX. Статус;;;;;;
431_12_DI04.43HX445.43XS445C.PV;;DI;Насос Р-4301508AX. Перегрузка эл. двигателя;;;;;;
431_12_DI04.43HX445.43XS445.PV;;DI;Насос Р-4301508AX. Статус;;;;;;
431_12_DI04.43HX447.43XS447.PV;;DI;Насос Р-4301509AX. Статус;;;;;;
431_12_DI04.43HX430.43XS430.PV;;DI;Насос Р-4301501АX. Статус;;;;;;
431_12_DI04.43HX430.43XS430D.PV;;DI;Насос Р-4301501АX. Готовность из эл. ячейки;;;;;;
431_12_DI05.43HX433.43XS433.PV;;DI;Насос Р-4301502SX. Статус;;;;;;
431_12_DI05.43HX438.43XS438C.PV;;DI;Насос Р-43015042SX. Перегрузка эл. двигателя;;;;;;
431_12_DI05.43HX440.43XS440C.PV;;DI;Насос Р-4301505SX. Перегрузка эл. двигателя;;;;;;
431_12_DI05.43HX440.43XS440.PV;;DI;Насос Р-4301505SX. Статус;;;;;;
431_12_DI05.43HX442.43XS442.PV;;DI;Насос Р-4301506SX. Статус;;;;;;
431_12_DI05.43HX440.43XS440D.PV;;DI;Насос Р-4301505SX. Готовность из эл. ячейки;;;;;;
431_12_DI05.43HX442.43XS442D.PV;;DI;Насос Р-4301506SX. Готовность из эл. ячейки;;;;;;
431_12_DI05.43HX442.43XS442C.PV;;DI;Насос Р-4301506SX. Перегрузка эл. двигателя;;;;;;
431_12_DI05.43HX431.43XS431.PV;;DI;Насос Р-4301501SX. Статус;;;;;;
431_12_DI05.43HX431.43XS431D.PV;;DI;Насос Р-4301501SX. Готовность из эл. ячейки;;;;;;
431_12_DI05.43HX431.43XS431C.PV;;DI;Насос Р-4301501SX. Перегрузка эл. двигателя;;;;;;
431_12_DI05.43HX433.43XS433C.PV;;DI;Насос Р-4301502SX. Перегрузка эл. двигателя;;;;;;
431_12_DI05.43HV489.43XSO489.PV;;DI;Задвижка 43-HV-489. Концевик открытия;;;;;;
431_12_DI05.43HV489.43XSF489.PV;;DI;Задвижка 43-HV-489. Муфта;;;;;;
431_12_DI05.43HX435.43XS435.PV;;DI;Насос Р-4301503SX. Статус;;;;;;
431_12_DI05.43HX433.43XS433D.PV;;DI;Насос Р-4301502SX. Готовность из эл. ячейки;;;;;;
431_12_DI05.43HX435.43XS435D.PV;;DI;Насос Р-4301503SX. Готовность из эл. ячейки;;;;;;
431_12_DI05.43HX435.43XS435C.PV;;DI;Насос Р-4301503SX. Перегрузка эл. двигателя;;;;;;
431_12_DI05.43HX446.43XS446D.PV;;DI;Насос Р-4301508SX. Готовность из эл. ячейки;;;;;;
431_12_DI05.43HX446.43XS446C.PV;;DI;Насос Р-4301508SX. Перегрузка эл. двигателя;;;;;;
431_12_DI05.43HV489.43XSC489.PV;;DI;Задвижка 43-HV-489. Концевик закрытия;;;;;;
431_12_DI05.43HV487.43XSO487.PV;;DI;Задвижка 43-HV-487. Концевик открытия;;;;;;
431_12_DI05.43HX437.43XS437C.PV;;DI;Насос Р-43015041SX. Перегрузка эл. двигателя;;;;;;
431_12_DI05.43HX437.43XS437.PV;;DI;Насос Р-43015041SX. Статус;;;;;;
431_12_DI05.43HX438.43XS438.PV;;DI;Насос Р-43015042SX. Статус;;;;;;
431_12_DI05.43HX437.43XS437D.PV;;DI;Насос Р-43015041SX. Готовность из эл. ячейки;;;;;;
431_12_DI05.43HX438.43XS438D.PV;;DI;Насос Р-43015042SX. Готовность из эл. ячейки;;;;;;
431_12_DI05.43HX444.43XS444C.PV;;DI;Насос Р-4301507SX. Перегрузка эл. двигателя;;;;;;
431_12_DI05.43HX444.43XS444.PV;;DI;Насос Р-4301507SX. Статус;;;;;;
431_12_DI05.43HX446.43XS446.PV;;DI;Насос Р-4301508SX. Статус;;;;;;
431_12_DI05.43HX444.43XS444D.PV;;DI;Насос Р-4301507SX. Готовность из эл. ячейки;;;;;;
431_12_DI14.43HV490.43XSC490.PV;;DI;Задвижка 43-HV-490. Концевик закрытия;;;;;;
431_12_DI14.43HV497.43XSF497.PV;;DI;Задвижка 43-HV-497. Муфта;;;;;;
431_12_DI14.43HV552.43XSF552.PV;;DI;Задвижка 43-HV-552. Муфта;;;;;;
431_12_DI14.43HV552.43XSC552.PV;;DI;Задвижка 43-HV-552. Концевик закрытия;;;;;;
431_12_DI14.43HV557.43XSO557.PV;;DI;Задвижка 43-HV-557. Концевик открытия;;;;;;
431_12_DI14.43HV496.43XSC496.PV;;DI;Задвижка 43-HV-496. Концевик закрытия;;;;;;
431_12_DI14.43HV497.43XSC497.PV;;DI;Задвижка 43-HV-497. Концевик закрытия;;;;;;
431_12_DI14.43HV496.43XSO496.PV;;DI;Задвижка 43-HV-496. Концевик открытия;;;;;;
431_12_DI14.43HV497.43XSO497.PV;;DI;Задвижка 43-HV-497. Концевик открытия;;;;;;
431_12_DI14.43HV492.43XSF492.PV;;DI;Задвижка 43-HV-492. Муфта;;;;;;
431_12_DI14.43HV496.43XSF496.PV;;DI;Задвижка 43-HV-496. Муфта;;;;;;
431_12_DI14.43HV553.43XSO553.PV;;DI;Задвижка 43-HV-553. Концевик открытия;;;;;;
431_12_DI14.43HV553.43XSF553.PV;;DI;Задвижка 43-HV-553. Муфта;;;;;;
431_12_DI14.43HV556.43XSF556.PV;;DI;Задвижка 43-HV-556. Муфта;;;;;;
431_12_DI14.43HV556.43XSC556.PV;;DI;Задвижка 43-HV-556. Концевик закрытия;;;;;;
431_12_DI14.43HV557.43XSC557.PV;;DI;Задвижка 43-HV-557. Концевик закрытия;;;;;;
431_12_DI14.43HV556.43XSO556.PV;;DI;Задвижка 43-HV-556. Концевик открытия;;;;;;
431_12_DI14.43HV557.43XSF557.PV;;DI;Задвижка 43-HV-557. Муфта;;;;;;
431_12_DI14.43HV490.43XSO490.PV;;DI;Задвижка 43-HV-490. Концевик открытия;;;;;;
431_12_DI14.43HV490.43XSF490.PV;;DI;Задвижка 43-HV-490. Муфта;;;;;;
431_12_DI14.43HV491.43XSF491.PV;;DI;Задвижка 43-HV-491. Муфта;;;;;;
431_12_DI14.43HV491.43XSC491.PV;;DI;Задвижка 43-HV-491. Концевик закрытия;;;;;;
431_12_DI14.43HV492.43XSC492.PV;;DI;Задвижка 43-HV-492. Концевик закрытия;;;;;;
431_12_DI14.43HV491.43XSO491.PV;;DI;Задвижка 43-HV-491. Концевик открытия;;;;;;
431_12_DI14.43HV492.43XSO492.PV;;DI;Задвижка 43-HV-492. Концевик открытия;;;;;;
431_12_DI14.43HV553.43XSC553.PV;;DI;Задвижка 43-HV-553. Концевик закрытия;;;;;;
431_12_DI14.43HV552.43XSO552.PV;;DI;Задвижка 43-HV-552. Концевик открытия;;;;;;
431_12_DI11.43HV600.43XZSA600.PV;;DI;Задвижка 43-HV-600. Заклинило;;;;;;
431_12_DI11.43HV600.43XZSO600.PV;;DI;Задвижка 43-HV-600 . Концевик открытия;;;;;;
431_12_DI11.43HV600.43XZSC600.PV;;DI;Задвижка 43-HV-600. Концевик закрытия;;;;;;
431_12_DI11.00XA431X01.00XS431X01.PV;;DI;IB-43-1-IER Общая сигнализация шкафа AUX-1;;;;;;
431_12_DI11.00XA144I02.00XS144I02.PV;;DI;SS-144 Общая сигнализация шкафа IRC-02;;;;;;
431_12_DI11.00XA144I01.00XS144I01.PV;;DI;SS-144 Общая сигнализация шкафа IRC-01;;;;;;
431_12_DI11.00XA144I04.00XS144I04.PV;;DI;SS-144 Общая сигнализация шкафа IRC-04;;;;;;
431_12_DI11.00XA144I03.00XS144I03.PV;;DI;SS-144 Общая сигнализация шкафа IRC-03;;;;;;
431_12_DI11.00XA144I05.00XS144I05.PV;;DI;SS-144 Общая сигнализация шкафа IRC-05;;;;;;
431_12_DI11.00XA431U01RMF.00XS431U01RMF.PV;;DI;IB-43-1-IER ИБП1. Сбой сети выпрямителя;;;;;;
431_12_DI11.00XA431U01BAE.00XS431U01BAE.PV;;DI;IB-43-1-IER ИБП1. Батарея разряжена;;;;;;
431_12_DI11.00XA431U02ALM.00XS431U02ALM.PV;;DI;IB-43-1-IER ИБП2. Общий предупредительный сигнал;;;;;;
431_12_DI11.00XA144I06.00XS144I06.PV;;DI;SS-144 Общая сигнализация шкафа IRC-06;;;;;;
431_12_DI11.00XA431D03.00XS431D03.PV;;DI;IB-43-1-IER Общая сигнализация шкафа DCS-03;;;;;;
431_12_DI11.00XA431U02BAE.00XS431U02BAE.PV;;DI;IB-43-1-IER ИБП2. Батарея разряжена;;;;;;
431_12_DI11.00XA431P01.00XS431P01.PV;;DI;IB-43-1-IER Общая сигнализация шкафа PDC-01;;;;;;
431_12_DI11.00XA431D04.00XS431D04.PV;;DI;IB-43-1-IER Общая сигнализация шкафа DCS-04;;;;;;
431_12_DI11.00XA431A02H.00XS431A02H.PV;;DI;IB-43-1-IER Общая сигнализация шкафа ALM-01F;;;;;;
431_12_DI11.00XA431A01H.00XS431A01H.PV;;DI;IB-43-1-IER Общая сигнализация шкафа ALM-01H;;;;;;
431_12_DI11.00XA431S01.00XS431S01.PV;;DI;IB-43-1-IER Общая сигнализация шкафа SPM-01;;;;;;
431_12_DI11.00XA431N01.00XS431N01.PV;;DI;IB-43-1-IER Общая сигнализация шкафа FON-01;;;;;;
431_12_DI11.00XA431U01BMF.00XS431U01BMF.PV;;DI;IB-43-1-IER ИБП1. Сбой сети байпаса;;;;;;
431_12_DI11.00XA144I07.00XS144I07.PV;;DI;SS-144 Общая сигнализация шкафа IRC-07;;;;;;
431_12_DI11.00XA431U01ALM.00XS431U01ALM.PV;;DI;IB-43-1-IER ИБП1. Общий предупредительный сигнал;;;;;;
431_12_DI11.00XA431D02.00XS431D02.PV;;DI;IB-43-1-IER Общая сигнализация шкафа DCS-02;;;;;;
431_12_DI11.00XA431U02RMF.00XS431U02RMF.PV;;DI;IB-43-1-IER ИБП2. Сбой сети выпрямителя;;;;;;
431_12_DI11.00XA431U02BMF.00XS431U02BMF.PV;;DI;IB-43-1-IER ИБП2. Сбой сети байпаса;;;;;;
431_12_DI11.00XA431D01.00XS431D01.PV;;DI;IB-43-1-IER Общая сигнализация шкафа DCS-01;;;;;;
431_12_DI10.43HV472.43XSC472.PV;;DI;Задвижка 43-HV-472. Концевик закрытия;;;;;;
431_12_DI10.43HV563.43XSC563.PV;;DI;Задвижка 43-HV-563. Концевик закрытия;;;;;;
431_12_DI10.43HV472.43XSF472.PV;;DI;Задвижка 43-HV-472. Муфта;;;;;;
431_12_DI10.43HV478.43XSC478.PV;;DI;Задвижка 43-HV-478. Концевик закрытия;;;;;;
431_12_DI10.43HV477.43XSO477.PV;;DI;Задвижка 43-HV-477. Концевик открытия;;;;;;
431_12_DI10.43HV478.43XSO478.PV;;DI;Задвижка 43-HV-478. Концевик открытия;;;;;;
431_12_DI10.43HV478.43XSF478.PV;;DI;Задвижка 43-HV-478. Муфта;;;;;;
431_12_DI10.43HV482.43XSC482.PV;;DI;Задвижка 43-HV-482. Концевик закрытия;;;;;;
431_12_DI10.43HV482.43XSO482.PV;;DI;Задвижка 43-HV-482. Концевик открытия;;;;;;
431_12_DI10.43HV565.43XSF565.PV;;DI;Задвижка 43-HV-565. Муфта;;;;;;
431_12_DI10.43HV565.43XSC565.PV;;DI;Задвижка 43-HV-565. Концевик закрытия;;;;;;
431_12_DI10.43HV565.43XSO565.PV;;DI;Задвижка 43-HV-565. Концевик открытия;;;;;;
431_12_DI10.43HV470.43XSC470.PV;;DI;Задвижка 43-HV-470. Концевик закрытия;;;;;;
431_12_DI10.43HV470.43XSO470.PV;;DI;Задвижка 43-HV-470. Концевик открытия;;;;;;
431_12_DI10.43HV470.43XSF470.PV;;DI;Задвижка 43-HV-470. Муфта;;;;;;
431_12_DI10.43HV482.43XSF482.PV;;DI;Задвижка 43-HV-482. Муфта;;;;;;
431_12_DI10.43HV484.43XSF484.PV;;DI;Задвижка 43-HV-484. Муфта;;;;;;
431_12_DI10.43HV484.43XSC484.PV;;DI;Задвижка 43-HV-484. Концевик закрытия;;;;;;
431_12_DI10.43HV486.43XSC486.PV;;DI;Задвижка 43-HV-486. Концевик закрытия;;;;;;
431_12_DI10.43HV484.43XSO484.PV;;DI;Задвижка 43-HV-484. Концевик открытия;;;;;;
431_12_DI10.43HV486.43XSO486.PV;;DI;Задвижка 43-HV-486. Концевик открытия;;;;;;
431_12_DI10.43HV486.43XSF486.PV;;DI;Задвижка 43-HV-486. Муфта;;;;;;
431_12_DI10.43HV563.43XSF563.PV;;DI;Задвижка 43-HV-563. Муфта;;;;;;
431_12_DI10.43HV476.43XSC476.PV;;DI;Задвижка 43-HV-476. Концевик закрытия;;;;;;
431_12_DI10.43HV472.43XSO472.PV;;DI;Задвижка 43-HV-472. Концевик открытия;;;;;;
431_12_DI10.43HV476.43XSO476.PV;;DI;Задвижка 43-HV-476. Концевик открытия;;;;;;
431_12_DI10.43HV476.43XSF476.PV;;DI;Задвижка 43-HV-476. Муфта;;;;;;
431_12_DI10.43HV477.43XSF477.PV;;DI;Задвижка 43-HV-477. Муфта;;;;;;
431_12_DI10.43HV477.43XSC477.PV;;DI;Задвижка 43-HV-477. Концевик закрытия;;;;;;
431_12_DI10.43HV468.43XSO468.PV;;DI;Задвижка 43-HV-468. Концевик открытия;;;;;;
431_12_DI10.43HV468.43XSC468.PV;;DI;Задвижка 43-HV-468. Концевик закрытия;;;;;;
431_12_DI10.43HV468.43XSF468.PV;;DI;Задвижка 43-HV-468. Муфта;;;;;;
431_12_DI12.43HV483.43XSC483.PV;;DI;Задвижка 43-HV-483. Концевик закрытия;;;;;;
431_12_DI12.43HV480.43XSF480.PV;;DI;Задвижка 43-HV-480. Муфта;;;;;;
431_12_DI12.43HV480.43XSC480.PV;;DI;Задвижка 43-HV-480. Концевик закрытия;;;;;;
431_12_DI12.43HV481.43XSC481.PV;;DI;Задвижка 43-HV-481. Концевик закрытия;;;;;;
431_12_DI12.43HV469.43XSF469.PV;;DI;Задвижка 43-HV-469. Муфта;;;;;;
431_12_DI12.43HV469.43XSO469.PV;;DI;Задвижка 43-HV-469. Концевик открытия;;;;;;
431_12_DI12.43HV469.43XSC469.PV;;DI;Задвижка 43-HV-469. Концевик закрытия;;;;;;
431_12_DI12.43HV485.43XSC485.PV;;DI;Задвижка 43-HV-485. Концевик закрытия;;;;;;
431_12_DI12.43HV483.43XSO483.PV;;DI;Задвижка 43-HV-483. Концевик открытия;;;;;;
431_12_DI12.43HV562.43XSF562.PV;;DI;Задвижка 43-HV-562. Муфта;;;;;;
431_12_DI12.43HV562.43XSC562.PV;;DI;Задвижка 43-HV-562. Концевик закрытия;;;;;;
431_12_DI12.43HV564.43XSC564.PV;;DI;Задвижка 43-HV-564. Концевик закрытия;;;;;;
431_12_DI12.43HV562.43XSO562.PV;;DI;Задвижка 43-HV-562. Концевик открытия;;;;;;
431_12_DI12.43HV473.43XSC473.PV;;DI;Задвижка 43-HV-473. Концевик закрытия;;;;;;
431_12_DI12.43HV473.43XSO473.PV;;DI;Задвижка 43-HV-473. Концевик открытия;;;;;;
431_12_DI12.43HV485.43XSO485.PV;;DI;Задвижка 43-HV-485. Концевик открытия;;;;;;
431_12_DI12.43HV485.43XSF485.PV;;DI;Задвижка 43-HV-485. Муфта;;;;;;
431_12_DI12.43HV487.43XSF487.PV;;DI;Задвижка 43-HV-487. Муфта;;;;;;
431_12_DI12.43HV487.43XSC487.PV;;DI;Задвижка 43-HV-487. Концевик закрытия;;;;;;
431_12_DI12.43HV475.43XSF475.PV;;DI;Задвижка 43-HV-475. Муфта;;;;;;
431_12_DI12.43HV475.43XSC475.PV;;DI;Задвижка 43-HV-475. Концевик закрытия;;;;;;
431_12_DI12.43HV479.43XSC479.PV;;DI;Задвижка 43-HV-479. Концевик закрытия;;;;;;
431_12_DI12.43HV475.43XSO475.PV;;DI;Задвижка 43-HV-475. Концевик открытия;;;;;;
431_12_DI12.43HV479.43XSO479.PV;;DI;Задвижка 43-HV-479. Концевик открытия;;;;;;
431_12_DI12.43HV479.43XSF479.PV;;DI;Задвижка 43-HV-479. Муфта;;;;;;
431_12_DI12.43HV564.43XSO564.PV;;DI;Задвижка 43-HV-564. Концевик открытия;;;;;;
431_12_DI12.43HV564.43XSF564.PV;;DI;Задвижка 43-HV-564. Муфта;;;;;;
431_12_DI12.43HV483.43XSF483.PV;;DI;Задвижка 43-HV-483. Муфта;;;;;;
431_12_DI12.43HV473.43XSF473.PV;;DI;Задвижка 43-HV-473. Муфта;;;;;;
431_12_DI12.43HV480.43XSO480.PV;;DI;Задвижка 43-HV-480. Концевик открытия;;;;;;
431_12_DI12.43HV481.43XSO481.PV;;DI;Задвижка 43-HV-481. Концевик открытия;;;;;;
431_12_DI12.43HV481.43XSF481.PV;;DI;Задвижка 43-HV-481. Муфта;;;;;;
431_12_DI15.93HV099.93XSO099.PV;;DI;Задвижка 93-HV-099. Концевик открытия;;;;;;
431_12_DI15.93HV089.93XSC089.PV;;DI;Задвижка 93-HV-089. Концевик закрытия;;;;;;
431_12_DI15.93HV089.93XSO089.PV;;DI;Задвижка 93-HV-089. Концевик открытия;;;;;;
431_12_DI15.93HV098.93XSO098.PV;;DI;Задвижка 93-HV-098. Концевик открытия;;;;;;
431_12_DI15.93HV089.93XSF089.PV;;DI;Задвижка 93-HV-089. Муфта;;;;;;
431_12_DI15.93HV098.93XSF098.PV;;DI;Задвижка 93-HV-098. Муфта;;;;;;
431_12_DI15.93HV041.93XSC041.PV;;DI;Задвижка 93-HV-041. Концевик закрытия;;;;;;
431_12_DI15.93HV086.93XSO086.PV;;DI;Задвижка 93-HV-086. Концевик открытия;;;;;;
431_12_DI15.93HV086.93XSF086.PV;;DI;Задвижка 93-HV-086. Муфта;;;;;;
431_12_DI15.93HV098.93XSC098.PV;;DI;Задвижка 93-HV-098. Концевик закрытия;;;;;;
431_12_DI15.93HV041.93XSF041.PV;;DI;Задвижка 93-HV-041. Муфта;;;;;;
431_12_DI15.93HV041.93XSO041.PV;;DI;Задвижка 93-HV-041. Концевик открытия;;;;;;
431_12_DI15.93HV040.93XSF040.PV;;DI;Задвижка 93-HV-040. Муфта;;;;;;
431_12_DI15.93HV040.93XSC040.PV;;DI;Задвижка 93-HV-040. Концевик закрытия;;;;;;
431_12_DI15.93HV088.93XSC088.PV;;DI;Задвижка 93-HV-088. Концевик закрытия;;;;;;
431_12_DI15.93HV038.93XSF038.PV;;DI;Задвижка 93-HV-038. Муфта;;;;;;
431_12_DI15.93HV099.93XSC099.PV;;DI;Задвижка 93-HV-099. Концевик закрытия;;;;;;
431_12_DI15.93HV100.93XSO100.PV;;DI;Задвижка 93-HV-100. Концевик открытия;;;;;;
431_12_DI15.93HV099.93XSF099.PV;;DI;Задвижка 93-HV-099. Муфта;;;;;;
431_12_DI15.93HV100.93XSF100.PV;;DI;Задвижка 93-HV-100. Муфта;;;;;;
431_12_DI15.93HV100.93XSC100.PV;;DI;Задвижка 93-HV-100. Концевик закрытия;;;;;;
431_12_DI15.93HV038.93XSC038.PV;;DI;Задвижка 93-HV-038. Концевик закрытия;;;;;;
431_12_DI15.93HV038.93XSO038.PV;;DI;Задвижка 93-HV-038. Концевик открытия;;;;;;
431_12_DI15.93HV040.93XSO040.PV;;DI;Задвижка 93-HV-040. Концевик открытия;;;;;;
431_12_DI15.93HV086.93XSC086.PV;;DI;Задвижка 93-HV-086. Концевик закрытия;;;;;;
431_12_DI15.93HV087.93XSC087.PV;;DI;Задвижка 93-HV-087. Концевик закрытия;;;;;;
431_12_DI15.93HV087.93XSO087.PV;;DI;Задвижка 93-HV-087. Концевик открытия;;;;;;
431_12_DI15.93HV088.93XSO088.PV;;DI;Задвижка 93-HV-088. Концевик открытия;;;;;;
431_12_DI15.93HV087.93XSF087.PV;;DI;Задвижка 93-HV-087. Муфта;;;;;;
431_12_DI15.93HV088.93XSF088.PV;;DI;Задвижка 93-HV-088. Муфта;;;;;;
431_12_DI16.93HV101.93XSF101.PV;;DI;Задвижка 93-HV-101. Муфта;;;;;;
431_12_DI16.93HV093.93XSF093.PV;;DI;Задвижка 93-HV-093. Муфта;;;;;;
431_12_DI16.93HV093.93XSC093.PV;;DI;Задвижка 93-HV-093. Концевик закрытия;;;;;;
431_12_DI16.93HV101.93XSC101.PV;;DI;Задвижка 93-HV-101. Концевик закрытия;;;;;;
431_12_DI16.93HV101.93XSO101.PV;;DI;Задвижка 93-HV-101. Концевик открытия;;;;;;
431_12_DI16.93HV102.93XSO102.PV;;DI;Задвижка 93-HV-102. Концевик открытия;;;;;;
431_12_DI16.93HV090.93XSC090.PV;;DI;Задвижка 93-HV-090. Концевик закрытия;;;;;;
431_12_DI16.93HV090.93XSO090.PV;;DI;Задвижка 93-HV-090. Концевик открытия;;;;;;
431_12_DI16.93HV091.93XSO091.PV;;DI;Задвижка 93-HV-091. Концевик открытия;;;;;;
431_12_DI16.93HV090.93XSF090.PV;;DI;Задвижка 93-HV-090. Муфта;;;;;;
431_12_DI16.93HV043.93XSC043.PV;;DI;Задвижка 93-HV-043. Концевик закрытия;;;;;;
431_12_DI16.93HV042.93XSF042.PV;;DI;Задвижка 93-HV-042. Муфта;;;;;;
431_12_DI16.93HV043.93XSF043.PV;;DI;Задвижка 93-HV-043. Муфта;;;;;;
431_12_DI16.93HV102.93XSC102.PV;;DI;Задвижка 93-HV-102. Концевик закрытия;;;;;;
431_12_DI16.93HV093.93XSO093.PV;;DI;Задвижка 93-HV-093. Концевик открытия;;;;;;
431_12_DI16.93HV092.93XSF092.PV;;DI;Задвижка 93-HV-092. Муфта;;;;;;
431_12_DI16.93HV042.93XSO042.PV;;DI;Задвижка 93-HV-042. Концевик открытия;;;;;;
431_12_DI16.93HV043.93XSO043.PV;;DI;Задвижка 93-HV-043. Концевик открытия;;;;;;
431_12_DI16.93HV102.93XSF102.PV;;DI;Задвижка 93-HV-102. Муфта;;;;;;
431_12_DI16.93HV103.93XSC103.PV;;DI;Задвижка 93-HV-103. Концевик закрытия;;;;;;
431_12_DI16.93HV103.93XSO103.PV;;DI;Задвижка 93-HV-103. Концевик открытия;;;;;;
431_12_DI16.93HV039.93XSO039.PV;;DI;Задвижка 93-HV-039. Концевик открытия;;;;;;
431_12_DI16.93HV103.93XSF103.PV;;DI;Задвижка 93-HV-103. Муфта;;;;;;
431_12_DI16.93HV039.93XSF039.PV;;DI;Задвижка 93-HV-039. Муфта;;;;;;
431_12_DI16.93HV039.93XSC039.PV;;DI;Задвижка 93-HV-039. Концевик закрытия;;;;;;
431_12_DI16.93HV042.93XSC042.PV;;DI;Задвижка 93-HV-042. Концевик закрытия;;;;;;
431_12_DI16.93HV091.93XSF091.PV;;DI;Задвижка 93-HV-091. Муфта;;;;;;
431_12_DI16.93HV091.93XSC091.PV;;DI;Задвижка 93-HV-091. Концевик закрытия;;;;;;
431_12_DI16.93HV092.93XSC092.PV;;DI;Задвижка 93-HV-092. Концевик закрытия;;;;;;
431_12_DI16.93HV092.93XSO092.PV;;DI;Задвижка 93-HV-092. Концевик открытия;;;;;;
431_12_DI17.43HV550.43XSF550.PV;;DI;Задвижка 43-HV-550. Муфта;;;;;;
431_12_DI17.43HV493.43XSO493.PV;;DI;Задвижка 43-HV-493. Концевик открытия;;;;;;
431_12_DI17.43HV555.43XSC555.PV;;DI;Задвижка 43-HV-555. Концевик закрытия;;;;;;
431_12_DI17.43HV554.43XSO554.PV;;DI;Задвижка 43-HV-554. Концевик открытия;;;;;;
431_12_DI17.43HV555.43XSF555.PV;;DI;Задвижка 43-HV-555. Муфта;;;;;;
431_12_DI17.43HV555.43XSO555.PV;;DI;Задвижка 43-HV-555. Концевик открытия;;;;;;
431_12_DI17.43HV495.43XSO495.PV;;DI;Задвижка 43-HV-495. Концевик открытия;;;;;;
431_12_DI17.43HV495.43XSF495.PV;;DI;Задвижка 43-HV-495. Муфта;;;;;;
431_12_DI17.43HV499.43XSO499.PV;;DI;Задвижка 43-HV-499. Концевик открытия;;;;;;
431_12_DI17.43HV554.43XSF554.PV;;DI;Задвижка 43-HV-554. Муфта;;;;;;
431_12_DI17.43HV554.43XSC554.PV;;DI;Задвижка 43-HV-554. Концевик закрытия;;;;;;
431_12_DI17.43HV494.43XSC494.PV;;DI;Задвижка 43-HV-494. Концевик закрытия;;;;;;
431_12_DI17.43HV495.43XSC495.PV;;DI;Задвижка 43-HV-495. Концевик закрытия;;;;;;
431_12_DI17.43HV494.43XSO494.PV;;DI;Задвижка 43-HV-494. Концевик открытия;;;;;;
431_12_DI17.43HV558.43XSF558.PV;;DI;Задвижка 43-HV-558. Муфта;;;;;;
431_12_DI17.43HV558.43XSC558.PV;;DI;Задвижка 43-HV-558. Концевик закрытия;;;;;;
431_12_DI17.43HV558.43XSO558.PV;;DI;Задвижка 43-HV-558. Концевик открытия;;;;;;
431_12_DI17.43HV493.43XSC493.PV;;DI;Задвижка 43-HV-493. Концевик закрытия;;;;;;
431_12_DI17.43HV498.43XSC498.PV;;DI;Задвижка 43-HV-498. Концевик закрытия;;;;;;
431_12_DI17.43HV499.43XSC499.PV;;DI;Задвижка 43-HV-499. Концевик закрытия;;;;;;
431_12_DI17.43HV498.43XSO498.PV;;DI;Задвижка 43-HV-498. Концевик открытия;;;;;;
431_12_DI17.43HV551.43XSC551.PV;;DI;Задвижка 43-HV-551. Концевик закрытия;;;;;;
431_12_DI17.43HV499.43XSF499.PV;;DI;Задвижка 43-HV-499. Муфта;;;;;;
431_12_DI17.43HV498.43XSF498.PV;;DI;Задвижка 43-HV-498. Муфта;;;;;;
431_12_DI17.43HV550.43XSC550.PV;;DI;Задвижка 43-HV-550. Концевик закрытия;;;;;;
431_12_DI17.43HV493.43XSF493.PV;;DI;Задвижка 43-HV-493. Муфта;;;;;;
431_12_DI17.43HV494.43XSF494.PV;;DI;Задвижка 43-HV-494. Муфта;;;;;;
431_12_DI17.43HV550.43XSO550.PV;;DI;Задвижка 43-HV-550. Концевик открытия;;;;;;
431_12_DI17.43HV551.43XSO551.PV;;DI;Задвижка 43-HV-551. Концевик открытия;;;;;;
431_12_DI17.43HV551.43XSF551.PV;;DI;Задвижка 43-HV-551. Муфта;;;;;;
431_12_DI19.43HX568.43XS568.PV;;DI;Вентилятор B2 Включен;;;;;;
431_12_DI19.43HX567.43XS567.PV;;DI;Вентилятор B1 Включен;;;;;;
431_12_DI19.43XV560.43XSO560.PV;;DI;Задвижка 43-XV-560. Концевик открытия;;;;;;
431_12_DI19.43XV560.43XSC560.PV;;DI;Задвижка 43-XV-560. Концевик закрытия;;;;;;
431_12_DI19.43XV560.43XSF560.PV;;DI;Задвижка 43-XV-560. Муфта;;;;;;
431_12_DI19.43HX569.43XS569.PV;;DI;Вентилятор B3 Включен;;;;;;
431_12_DI19.43HV561.43XSC561.PV;;DI;Задвижка 43-HV-561. Концевик закрытия;;;;;;
431_12_DI19.43HV559.43XSF559.PV;;DI;Задвижка 43-HV-559. Муфта;;;;;;
431_12_DI19.43HV561.43XSO561.PV;;DI;Задвижка 43-HV-561. Концевик открытия;;;;;;
431_12_DI19.43HV561.43XSF561.PV;;DI;Задвижка 43-HV-561. Муфта;;;;;;
431_12_DI19.43HX570.43XS570.PV;;DI;Вентилятор B4 Включен;;;;;;
431_12_DI19.43HX571.43XS571.PV;;DI;Вентилятор B5 Включен;;;;;;
431_12_DI19.43HV559.43XSC559.PV;;DI;Задвижка 43-HV-559. Концевик закрытия;;;;;;
431_12_DI19.43HV559.43XSO559.PV;;DI;Задвижка 43-HV-559. Концевик открытия;;;;;;
431_12_DI19.93HV034_1.93XSO050.PV;;DI;Задвижка 93-HV-034/1. Концевик открытия;;;;;;
431_12_DI19.93HV034_1.93XSC050.PV;;DI;Задвижка 93-HV-034/1. Концевик закрытия;;;;;;
431_12_DI19.93HV034_1.93XSF050.PV;;DI;Задвижка 93-HV-034/1. Муфта;;;;;;
431_12_DI19.93HV035_1.93XSO051.PV;;DI;Задвижка 93-HV-035/1. Концевик открытия;;;;;;
431_12_DI19.93HV035_1.93XSC051.PV;;DI;Задвижка 93-HV-035/1. Концевик закрытия;;;;;;
431_12_DI19.93HV035_1.93XSF051.PV;;DI;Задвижка 93-HV-035/1. Муфта;;;;;;
431_12_DI20.93HV097.93XSF097.PV;;DI;Задвижка 93-HV-097. Муфта;;;;;;
431_12_DI20.93HV097.93XSC097.PV;;DI;Задвижка 93-HV-097. Концевик закрытия;;;;;;
431_12_DI20.93HV097.93XSO097.PV;;DI;Задвижка 93-HV-097. Концевик открытия;;;;;;
431_12_DI20.93HV044.93XSC044.PV;;DI;Задвижка 93-HV-044. Концевик закрытия;;;;;;
431_12_DI20.93HV044.93XSO044.PV;;DI;Задвижка 93-HV-044. Концевик открытия;;;;;;
431_12_DI20.93HV046.93XSO046.PV;;DI;Задвижка 93-HV-046. Концевик открытия;;;;;;
431_12_DI20.93HV094.93XSC094.PV;;DI;Задвижка 93-HV-094. Концевик закрытия;;;;;;
431_12_DI20.93HV095.93XSC095.PV;;DI;Задвижка 93-HV-095. Концевик закрытия;;;;;;
431_12_DI20.93HV044.93XSF044.PV;;DI;Задвижка 93-HV-044. Муфта;;;;;;
431_12_DI20.93HV046.93XSF046.PV;;DI;Задвижка 93-HV-046. Муфта;;;;;;
431_12_DI20.93HV046.93XSC046.PV;;DI;Задвижка 93-HV-046. Концевик закрытия;;;;;;
431_12_DI20.93HV047.93XSO047.PV;;DI;Задвижка 93-HV-047. Концевик открытия;;;;;;
431_12_DI20.93HV094.93XSO094.PV;;DI;Задвижка 93-HV-094. Концевик открытия;;;;;;
431_12_DI20.93HV094.93XSF094.PV;;DI;Задвижка 93-HV-094. Муфта;;;;;;
431_12_DI20.93HV023.93XSF023.PV;;DI;Задвижка 93-HV-023. Муфта;;;;;;
431_12_DI20.93HV023.93XSC023.PV;;DI;Задвижка 93-HV-023. Концевик закрытия;;;;;;
431_12_DI20.93HV095.93XSO095.PV;;DI;Задвижка 93-HV-095. Концевик открытия;;;;;;
431_12_DI20.93HV096.93XSO096.PV;;DI;Задвижка 93-HV-096. Концевик открытия;;;;;;
431_12_DI20.93HV095.93XSF095.PV;;DI;Задвижка 93-HV-095. Муфта;;;;;;
431_12_DI20.93HV096.93XSF096.PV;;DI;Задвижка 93-HV-096. Муфта;;;;;;
431_12_DI20.93HV096.93XSC096.PV;;DI;Задвижка 93-HV-096. Концевик закрытия;;;;;;
431_12_DI20.93HV047.93XSF047.PV;;DI;Задвижка 93-HV-047. Муфта;;;;;;
431_12_DI20.93HV047.93XSC047.PV;;DI;Задвижка 93-HV-047. Концевик закрытия;;;;;;
431_12_DI20.93HV021.93XSO021.PV;;DI;Задвижка 93-HV-021. Концевик открытия;;;;;;
431_12_DI20.93HV021.93XSF021.PV;;DI;Задвижка 93-HV-021. Муфта;;;;;;
431_12_DI20.93HV021.93XSC021.PV;;DI;Задвижка 93-HV-021. Концевик закрытия;;;;;;
431_12_DI20.93HV022.93XSC022.PV;;DI;Задвижка 93-HV-022. Концевик закрытия;;;;;;
431_12_DI20.93HV022.93XSO022.PV;;DI;Задвижка 93-HV-022. Концевик открытия;;;;;;
431_12_DI20.93HV023.93XSO023.PV;;DI;Задвижка 93-HV-023. Концевик открытия;;;;;;
431_12_DI20.93HV022.93XSF022.PV;;DI;Задвижка 93-HV-022. Муфта;;;;;;
431_12_DI21.93HV032.93XSO032.PV;;DI;Задвижка 93-HV-032. Концевик открытия;;;;;;
431_12_DI21.93HV030.93XSF030.PV;;DI;Задвижка 93-HV-030. Муфта;;;;;;
431_12_DI21.93HV049.93XSC049.PV;;DI;Задвижка 93-HV-049. Концевик закрытия;;;;;;
431_12_DI21.93HV049.93XSO049.PV;;DI;Задвижка 93-HV-049. Концевик открытия;;;;;;
431_12_DI21.93HV049.93XSF049.PV;;DI;Задвижка 93-HV-049. Муфта;;;;;;
431_12_DI21.93HV032.93XSF032.PV;;DI;Задвижка 93-HV-032. Муфта;;;;;;
431_12_DI21.93HV034.93XSF034.PV;;DI;Задвижка 93-HV-034. Муфта;;;;;;
431_12_DI21.93HV036.93XSF036.PV;;DI;Задвижка 93-HV-036. Муфта;;;;;;
431_12_DI21.93HV030.93XSO030.PV;;DI;Задвижка 93-HV-030. Концевик открытия;;;;;;
431_12_DI21.93HV030.93XSC030.PV;;DI;Задвижка 93-HV-030. Концевик закрытия;;;;;;
431_12_DI21.93HV032.93XSC032.PV;;DI;Задвижка 93-HV-032. Концевик закрытия;;;;;;
431_12_DI21.93HV034.93XSC034.PV;;DI;Задвижка 93-HV-034. Концевик закрытия;;;;;;
431_12_DI21.93HV034.93XSO034.PV;;DI;Задвижка 93-HV-034. Концевик открытия;;;;;;
431_12_DI21.93HV036.93XSO036.PV;;DI;Задвижка 93-HV-036. Концевик открытия;;;;;;
431_12_DI21.93HV028.93XSO028.PV;;DI;Задвижка 93-HV-028. Концевик открытия;;;;;;
431_12_DI21.93HV026.93XSF026.PV;;DI;Задвижка 93-HV-026. Муфта;;;;;;
431_12_DI21.93HV028.93XSF028.PV;;DI;Задвижка 93-HV-028. Муфта;;;;;;
431_12_DI21.93HV028.93XSC028.PV;;DI;Задвижка 93-HV-028. Концевик закрытия;;;;;;
431_12_DI21.93HV036.93XSC036.PV;;DI;Задвижка 93-HV-036. Концевик закрытия;;;;;;
431_12_DI21.93HV045.93XSC045.PV;;DI;Задвижка 93-HV-045. Концевик закрытия;;;;;;
431_12_DI21.93HV045.93XSO045.PV;;DI;Задвижка 93-HV-045. Концевик открытия;;;;;;
431_12_DI21.93HV048.93XSO048.PV;;DI;Задвижка 93-HV-048. Концевик открытия;;;;;;
431_12_DI21.93HV045.93XSF045.PV;;DI;Задвижка 93-HV-045. Муфта;;;;;;
431_12_DI21.93HV048.93XSF048.PV;;DI;Задвижка 93-HV-048. Муфта;;;;;;
431_12_DI21.93HV048.93XSC048.PV;;DI;Задвижка 93-HV-048. Концевик закрытия;;;;;;
431_12_DI21.93HV024.93XSO024.PV;;DI;Задвижка 93-HV-024. Концевик открытия;;;;;;
431_12_DI21.93HV024.93XSF024.PV;;DI;Задвижка 93-HV-024. Муфта;;;;;;
431_12_DI21.93HV024.93XSC024.PV;;DI;Задвижка 93-HV-024. Концевик закрытия;;;;;;
431_12_DI21.93HV026.93XSC026.PV;;DI;Задвижка 93-HV-026. Концевик закрытия;;;;;;
431_12_DI21.93HV026.93XSO026.PV;;DI;Задвижка 93-HV-026. Концевик открытия;;;;;;
431_12_DI23.00XA431D02_PS.00XS431D02_PS.PV;;DI;IB-43-1-IER Состояние БП в шкафу DCS-02;;;;;;
431_12_DI23.00XA431D01_PS.00XS431D01_PS.PV;;DI;IB-43-1-IER Состояние БП в шкафу DCS-01;;;;;;
431_12_DI23.00XA431D04_PS.00XS431D04_PS1A.PV;;DI;IB-43-1-IER Состояние БП1A  в шкафу DCS-04;;;;;;
431_12_DI23.00XA431D04_PS.00XS431D04_PS1B.PV;;DI;IB-43-1-IER Состояние БП1B  в шкафу DCS-04;;;;;;
431_12_DI22.93HV037.93XSC037.PV;;DI;Задвижка 93-HV-037. Концевик закрытия;;;;;;
431_12_DI22.93HV037.93XSF037.PV;;DI;Задвижка 93-HV-037. Муфта;;;;;;
431_12_DI22.93HV035.93XSF035.PV;;DI;Задвижка 93-HV-035. Муфта;;;;;;
431_12_DI22.93HV033.93XSC033.PV;;DI;Задвижка 93-HV-033. Концевик закрытия;;;;;;
431_12_DI22.93HV035.93XSC035.PV;;DI;Задвижка 93-HV-035. Концевик закрытия;;;;;;
431_12_DI22.93HV035.93XSO035.PV;;DI;Задвижка 93-HV-035. Концевик открытия;;;;;;
431_12_DI22.93HV031.93XSO031.PV;;DI;Задвижка 93-HV-031. Концевик открытия;;;;;;
431_12_DI22.93HV025.93XSO025.PV;;DI;Задвижка 93-HV-025. Концевик открытия;;;;;;
431_12_DI22.93HV025.93XSF025.PV;;DI;Задвижка 93-HV-025. Муфта;;;;;;
431_12_DI22.93HV025.93XSC025.PV;;DI;Задвижка 93-HV-025. Концевик закрытия;;;;;;
431_12_DI22.93HV027.93XSC027.PV;;DI;Задвижка 93-HV-027. Концевик закрытия;;;;;;
431_12_DI22.93HV027.93XSO027.PV;;DI;Задвижка 93-HV-027. Концевик открытия;;;;;;
431_12_DI22.93HV029.93XSO029.PV;;DI;Задвижка 93-HV-029. Концевик открытия;;;;;;
431_12_DI22.93HV027.93XSF027.PV;;DI;Задвижка 93-HV-027. Муфта;;;;;;
431_12_DI22.93HV029.93XSF029.PV;;DI;Задвижка 93-HV-029. Муфта;;;;;;
431_12_DI22.93HV029.93XSC029.PV;;DI;Задвижка 93-HV-029. Концевик закрытия;;;;;;
431_12_DI22.93HV037.93XSO037.PV;;DI;Задвижка 93-HV-037. Концевик открытия;;;;;;
431_12_DI22.93HV031.93XSC031.PV;;DI;Задвижка 93-HV-031. Концевик закрытия;;;;;;
431_12_DI22.93HV033.93XSO033.PV;;DI;Задвижка 93-HV-033. Концевик открытия;;;;;;
431_12_DI22.93HV031.93XSF031.PV;;DI;Задвижка 93-HV-031. Муфта;;;;;;
431_12_DI22.93HV033.93XSF033.PV;;DI;Задвижка 93-HV-033. Муфта;;;;;;
431_12_DO01.43HX445.43HY445A.SO;;DO;Насос P-4301508AX. Пуск из DCS;;;;;;
431_12_DO01.43HX445.43HY445B.SO;;DO;Насос P-4301508AX. Стоп из DCS;;;;;;
431_12_DO01.43HX430.43HY430B.SO;;DO;Насос P-4301501AX. Стоп из DCS;;;;;;
431_12_DO01.43HX430.43HY430A.SO;;DO;Насос P-4301501AX. Пуск из DCS;;;;;;
431_12_DO01.43HX439.43HY439B.SO;;DO;Насос P-4301505AX. Стоп из DCS;;;;;;
431_12_DO01.43HX439.43HY439A.SO;;DO;Насос P-4301505AX. Пуск из DCS;;;;;;
431_12_DO01.43HX432.43HY432B.SO;;DO;Насос P-4301502AX. Стоп из DCS;;;;;;
431_12_DO01.43HX432.43HY432A.SO;;DO;Насос P-4301502AX. Пуск из DCS;;;;;;
431_12_DO01.43HX434.43HY434B.SO;;DO;Насос P-4301503AX. Стоп из DCS;;;;;;
431_12_DO01.43HX434.43HY434A.SO;;DO;Насос P-4301503AX. Пуск из DCS;;;;;;
431_12_DO01.43HX436.43HY436B.SO;;DO;Насос P-4301504AX. Стоп из DCS;;;;;;
431_12_DO01.43HX436.43HY436A.SO;;DO;Насос P-4301504AX. Пуск из DCS;;;;;;
431_12_DO01.43HX441.43HY441B.SO;;DO;Насос P-4301506AX. Стоп из DCS;;;;;;
431_12_DO01.43HX441.43HY441A.SO;;DO;Насос P-4301506AX. Пуск из DCS;;;;;;
431_12_DO01.43HX443.43HY443B.SO;;DO;Насос P-4301507AX. Стоп из DCS;;;;;;
431_12_DO01.43HX443.43HY443A.SO;;DO;Насос P-4301507AX. Пуск из DCS;;;;;;
431_12_DO01.43HX447.43HY447B.SO;;DO;Насос P-4301509AX. Стоп из DCS;;;;;;
431_12_DO01.43HX447.43HY447A.SO;;DO;Насос P-4301509AX. Пуск из DCS;;;;;;
431_12_DO02.43HV600.43HY600B.SO;;DO;Задвижка 43HV600. Закрыть из DCS;;;;;;
431_12_DO02.43HV600.43HY600A.SO;;DO;Задвижка 43HV600. Открыть из DCS;;;;;;
431_12_DO02.43HX438.43HY438A.SO;;DO;Насос P-43015042SX. Пуск из DCS;;;;;;
431_12_DO02.43HX440.43HY440B.SO;;DO;Насос P-4301505SX. Стоп из DCS;;;;;;
431_12_DO02.43HX440.43HY440A.SO;;DO;Насос P-4301505SX. Пуск из DCS;;;;;;
431_12_DO02.43HX442.43HY442B.SO;;DO;Насос P-4301506SX. Стоп из DCS;;;;;;
431_12_DO02.43HX431.43HY431A.SO;;DO;Насос P-4301501SX. Пуск из DCS;;;;;;
431_12_DO02.43HX433.43HY433B.SO;;DO;Насос P-4301502SX. Стоп из DCS;;;;;;
431_12_DO02.43HX433.43HY433A.SO;;DO;Насос P-4301502SX. Пуск из DCS;;;;;;
431_12_DO02.43HX435.43HY435B.SO;;DO;Насос P-4301503SX. Стоп из DCS;;;;;;
431_12_DO02.43HX442.43HY442A.SO;;DO;Насос P-4301506SX. Пуск из DCS;;;;;;
431_12_DO02.43HX444.43HY444B.SO;;DO;Насос P-4301507SX. Стоп из DCS;;;;;;
431_12_DO02.43HX444.43HY444A.SO;;DO;Насос P-4301507SX. Пуск из DCS;;;;;;
431_12_DO02.43HX431.43HY431B.SO;;DO;Насос P-4301501SX. Стоп из DCS;;;;;;
431_12_DO02.43HX435.43HY435A.SO;;DO;Насос P-4301503SX. Пуск из DCS;;;;;;
431_12_DO02.43HX437.43HY437B.SO;;DO;Насос P-43015041SX. Стоп из DCS;;;;;;
431_12_DO02.43HX437.43HY437A.SO;;DO;Насос P-43015041SX. Пуск из DCS;;;;;;
431_12_DO02.43HX438.43HY438B.SO;;DO;Насос P-43015042SX. Стоп из DCS;;;;;;
431_12_DO02.43HX446.43HY446A.SO;;DO;Насос P-4301508SX. Пуск из DCS;;;;;;
431_12_DO02.43HX446.43HY446B.SO;;DO;Насос P-4301508SX. Стоп из DCS;;;;;;
431_12_DO03.93HV038.93HY038A.SO;;DO;Задвижка 93HV038. Открыть из DCS;;;;;;
431_12_DO03.93HV040.93HY040A.SO;;DO;Задвижка 93HV040. Открыть из DCS;;;;;;
431_12_DO03.93HV026.93HY026A.SO;;DO;Задвижка 93HV026. Открыть из DCS;;;;;;
431_12_DO03.93HV048.93HY048B.SO;;DO;Задвижка 93HV048. Закрыть из DCS;;;;;;
431_12_DO03.93HV100.93HY100A.SO;;DO;Задвижка 93HV100. Открыть из DCS;;;;;;
431_12_DO03.93HV099.93HY099B.SO;;DO;Задвижка 93HV099. Закрыть из DCS;;;;;;
431_12_DO03.93HV028.93HY028A.SO;;DO;Задвижка 93HV028. Открыть из DCS;;;;;;
431_12_DO03.93HV026.93HY026B.SO;;DO;Задвижка 93HV026. Закрыть из DCS;;;;;;
431_12_DO03.93HV030.93HY030A.SO;;DO;Задвижка 93HV030. Открыть из DCS;;;;;;
431_12_DO03.93HV088.93HY088B.SO;;DO;Задвижка 93HV088. Закрыть из DCS;;;;;;
431_12_DO03.93HV100.93HY100B.SO;;DO;Задвижка 93HV100. Закрыть из DCS;;;;;;
431_12_DO03.93HV048.93HY048A.SO;;DO;Задвижка 93HV048. Открыть из DCS;;;;;;
431_12_DO03.93HV040.93HY040B.SO;;DO;Задвижка 93HV040. Закрыть из DCS;;;;;;
431_12_DO03.93HV043.93HY043A.SO;;DO;Задвижка 93HV043. Открыть из DCS;;;;;;
431_12_DO03.93HV087.93HY087A.SO;;DO;Задвижка 93HV087. Открыть из DCS;;;;;;
431_12_DO03.93HV086.93HY086B.SO;;DO;Задвижка 93HV086. Закрыть из DCS;;;;;;
431_12_DO03.93HV088.93HY088A.SO;;DO;Задвижка 93HV088. Открыть из DCS;;;;;;
431_12_DO03.93HV087.93HY087B.SO;;DO;Задвижка 93HV087. Закрыть из DCS;;;;;;
431_12_DO03.93HV028.93HY028B.SO;;DO;Задвижка 93HV028. Закрыть из DCS;;;;;;
431_12_DO03.93HV043.93HY043B.SO;;DO;Задвижка 93HV043. Закрыть из DCS;;;;;;
431_12_DO03.93HV089.93HY089A.SO;;DO;Задвижка 93HV089. Открыть из DCS;;;;;;
431_12_DO03.93HV098.93HY098A.SO;;DO;Задвижка 93HV098. Открыть из DCS;;;;;;
431_12_DO03.93HV089.93HY089B.SO;;DO;Задвижка 93HV089. Закрыть из DCS;;;;;;
431_12_DO03.93HV099.93HY099A.SO;;DO;Задвижка 93HV099. Открыть из DCS;;;;;;
431_12_DO03.93HV098.93HY098B.SO;;DO;Задвижка 93HV098. Закрыть из DCS;;;;;;
431_12_DO03.93HV038.93HY038B.SO;;DO;Задвижка 93HV038. Закрыть из DCS;;;;;;
431_12_DO03.93HV031.93HY031A.SO;;DO;Задвижка 93HV031. Открыть из DCS;;;;;;
431_12_DO03.93HV030.93HY030B.SO;;DO;Задвижка 93HV030. Закрыть из DCS;;;;;;
431_12_DO03.93HV031.93HY031B.SO;;DO;Задвижка 93HV031. Закрыть из DCS;;;;;;
431_12_DO03.93HV086.93HY086A.SO;;DO;Задвижка 93HV086. Открыть из DCS;;;;;;
431_12_DO13.43XV560.43HY560B.SO;;DO;Задвижка 43XV560. Закрыть из DCS;;;;;;
431_12_DO13.43XV560.43HY560A.SO;;DO;Задвижка 43XV560. Открыть из DCS;;;;;;
431_12_DO13.43HV561.43HY561B.SO;;DO;Задвижка 43HV561. Закрыть из DCS;;;;;;
431_12_DO13.43HV561.43HY561A.SO;;DO;Задвижка 43HV561. Открыть из DCS;;;;;;
431_12_DO13.43HV557.43HY557B.SO;;DO;Задвижка 43HV557. Закрыть из DCS;;;;;;
431_12_DO13.43HV497.43HY497A.SO;;DO;Задвижка 43HV497. Открыть из DCS;;;;;;
431_12_DO13.43HV552.43HY552A.SO;;DO;Задвижка 43HV552. Открыть из DCS;;;;;;
431_12_DO13.43HV497.43HY497B.SO;;DO;Задвижка 43HV497. Закрыть из DCS;;;;;;
431_12_DO13.43HV553.43HY553A.SO;;DO;Задвижка 43HV553. Открыть из DCS;;;;;;
431_12_DO13.43HV552.43HY552B.SO;;DO;Задвижка 43HV552. Закрыть из DCS;;;;;;
431_12_DO13.43HV496.43HY496B.SO;;DO;Задвижка 43HV496. Закрыть из DCS;;;;;;
431_12_DO13.43HV490.43HY490A.SO;;DO;Задвижка 43HV490. Открыть из DCS;;;;;;
431_12_DO13.43HV491.43HY491A.SO;;DO;Задвижка 43HV491. Открыть из DCS;;;;;;
431_12_DO13.43HV490.43HY490B.SO;;DO;Задвижка 43HV490. Закрыть из DCS;;;;;;
431_12_DO13.43HV492.43HY492A.SO;;DO;Задвижка 43HV492. Открыть из DCS;;;;;;
431_12_DO13.43HV491.43HY491B.SO;;DO;Задвижка 43HV491. Закрыть из DCS;;;;;;
431_12_DO13.43HV496.43HY496A.SO;;DO;Задвижка 43HV496. Открыть из DCS;;;;;;
431_12_DO13.43HV492.43HY492B.SO;;DO;Задвижка 43HV492. Закрыть из DCS;;;;;;
431_12_DO13.43HV556.43HY556A.SO;;DO;Задвижка 43HV556. Открыть из DCS;;;;;;
431_12_DO13.43HV553.43HY553B.SO;;DO;Задвижка 43HV553. Закрыть из DCS;;;;;;
431_12_DO13.43HV557.43HY557A.SO;;DO;Задвижка 43HV557. Открыть из DCS;;;;;;
431_12_DO13.43HV556.43HY556B.SO;;DO;Задвижка 43HV556. Закрыть из DCS;;;;;;
431_12_DO06.93HV091.93HY091B.SO;;DO;Задвижка 93HV091. Закрыть из DCS;;;;;;
431_12_DO06.93HV024.93HY024A.SO;;DO;Задвижка 93HV024. Открыть из DCS;;;;;;
431_12_DO06.93HV103.93HY103B.SO;;DO;Задвижка 93HV103. Закрыть из DCS;;;;;;
431_12_DO06.93HV025.93HY025A.SO;;DO;Задвижка 93HV025. Открыть из DCS;;;;;;
431_12_DO06.93HV024.93HY024B.SO;;DO;Задвижка 93HV024. Закрыть из DCS;;;;;;
431_12_DO06.93HV032.93HY032A.SO;;DO;Задвижка 93HV032. Открыть из DCS;;;;;;
431_12_DO06.93HV025.93HY025B.SO;;DO;Задвижка 93HV025. Закрыть из DCS;;;;;;
431_12_DO06.93HV033.93HY033A.SO;;DO;Задвижка 93HV033. Открыть из DCS;;;;;;
431_12_DO06.93HV032.93HY032B.SO;;DO;Задвижка 93HV032. Закрыть из DCS;;;;;;
431_12_DO06.93HV090.93HY090A.SO;;DO;Задвижка 93HV090. Открыть из DCS;;;;;;
431_12_DO06.93HV091.93HY091A.SO;;DO;Задвижка 93HV091. Открыть из DCS;;;;;;
431_12_DO06.93HV090.93HY090B.SO;;DO;Задвижка 93HV090. Закрыть из DCS;;;;;;
431_12_DO06.93HV092.93HY092A.SO;;DO;Задвижка 93HV092. Открыть из DCS;;;;;;
431_12_DO06.93HV093.93HY093A.SO;;DO;Задвижка 93HV093. Открыть из DCS;;;;;;
431_12_DO06.93HV092.93HY092B.SO;;DO;Задвижка 93HV092. Закрыть из DCS;;;;;;
431_12_DO06.93HV101.93HY101A.SO;;DO;Задвижка 93HV101. Открыть из DCS;;;;;;
431_12_DO06.93HV093.93HY093B.SO;;DO;Задвижка 93HV093. Закрыть из DCS;;;;;;
431_12_DO06.93HV047.93HY047B.SO;;DO;Задвижка 93HV047. Закрыть из DCS;;;;;;
431_12_DO06.93HV042.93HY042B.SO;;DO;Задвижка 93HV042. Закрыть из DCS;;;;;;
431_12_DO06.93HV039.93HY039B.SO;;DO;Задвижка 93HV039. Закрыть из DCS;;;;;;
431_12_DO06.93HV047.93HY047A.SO;;DO;Задвижка 93HV047. Открыть из DCS;;;;;;
431_12_DO06.93HV102.93HY102A.SO;;DO;Задвижка 93HV102. Открыть из DCS;;;;;;
431_12_DO06.93HV101.93HY101B.SO;;DO;Задвижка 93HV101. Закрыть из DCS;;;;;;
431_12_DO06.93HV103.93HY103A.SO;;DO;Задвижка 93HV103. Открыть из DCS;;;;;;
431_12_DO06.93HV102.93HY102B.SO;;DO;Задвижка 93HV102. Закрыть из DCS;;;;;;
431_12_DO06.93HV033.93HY033B.SO;;DO;Задвижка 93HV033. Закрыть из DCS;;;;;;
431_12_DO06.93HV042.93HY042A.SO;;DO;Задвижка 93HV042. Открыть из DCS;;;;;;
431_12_DO06.93HV039.93HY039A.SO;;DO;Задвижка 93HV039. Открыть из DCS;;;;;;
431_12_DO18.43HV494.43HY494A.SO;;DO;Задвижка 43HV494. Открыть из DCS;;;;;;
431_12_DO18.43HV498.43HY498B.SO;;DO;Задвижка 43HV498. Закрыть из DCS;;;;;;
431_12_DO18.43HV559.43HY559B.SO;;DO;Задвижка 43HV559. Закрыть из DCS;;;;;;
431_12_DO18.43HV559.43HY559A.SO;;DO;Задвижка 43HV559. Открыть из DCS;;;;;;
431_12_DO18.43HV558.43HY558B.SO;;DO;Задвижка 43HV558. Закрыть из DCS;;;;;;
431_12_DO18.43HV493.43HY493A.SO;;DO;Задвижка 43HV493. Открыть из DCS;;;;;;
431_12_DO18.43HV499.43HY499B.SO;;DO;Задвижка 43HV499. Закрыть из DCS;;;;;;
431_12_DO18.43HV555.43HY555A.SO;;DO;Задвижка 43HV555. Открыть из DCS;;;;;;
431_12_DO18.43HV554.43HY554B.SO;;DO;Задвижка 43HV554. Закрыть из DCS;;;;;;
431_12_DO18.43HV550.43HY550A.SO;;DO;Задвижка 43HV550. Открыть из DCS;;;;;;
431_12_DO18.43HV555.43HY555B.SO;;DO;Задвижка 43HV555. Закрыть из DCS;;;;;;
431_12_DO18.43HV551.43HY551A.SO;;DO;Задвижка 43HV551. Открыть из DCS;;;;;;
431_12_DO18.43HV493.43HY493B.SO;;DO;Задвижка 43HV493. Закрыть из DCS;;;;;;
431_12_DO18.43HV495.43HY495A.SO;;DO;Задвижка 43HV495. Открыть из DCS;;;;;;
431_12_DO18.43HV494.43HY494B.SO;;DO;Задвижка 43HV494. Закрыть из DCS;;;;;;
431_12_DO18.43HV498.43HY498A.SO;;DO;Задвижка 43HV498. Открыть из DCS;;;;;;
431_12_DO18.43HV495.43HY495B.SO;;DO;Задвижка 43HV495. Закрыть из DCS;;;;;;
431_12_DO18.43HV499.43HY499A.SO;;DO;Задвижка 43HV499. Открыть из DCS;;;;;;
431_12_DO18.43HV550.43HY550B.SO;;DO;Задвижка 43HV550. Закрыть из DCS;;;;;;
431_12_DO18.43HV558.43HY558A.SO;;DO;Задвижка 43HV558. Открыть из DCS;;;;;;
431_12_DO18.43HV551.43HY551B.SO;;DO;Задвижка 43HV551. Закрыть из DCS;;;;;;
431_12_DO18.43HV554.43HY554A.SO;;DO;Задвижка 43HV554. Открыть из DCS;;;;;;
431_12_DO18.93HV034_1.93HY050A.SO;;DO;Задвижка 93HV034/1. Открыть из DCS;;;;;;
431_12_DO18.93HV034_1.93HY050B.SO;;DO;Задвижка 93HV034/1. Закрыть из DCS;;;;;;
431_12_DO18.93HV035_1.93HY051A.SO;;DO;Задвижка 93HV035/1. Открыть из DCS;;;;;;
431_12_DO18.93HV035_1.93HY051B.SO;;DO;Задвижка 93HV035/1. Закрыть из DCS;;;;;;
431_12_DO07.43HV478.43HY478B.SO;;DO;Задвижка 43HV478. Закрыть из DCS;;;;;;
431_12_DO07.43HV565.43HY565A.SO;;DO;Задвижка 43HV565. Открыть из DCS;;;;;;
431_12_DO07.43HV472.43HY472B.SO;;DO;Задвижка 43HV472. Закрыть из DCS;;;;;;
431_12_DO07.43HV563.43HY563B.SO;;DO;Задвижка 43HV563. Закрыть из DCS;;;;;;
431_12_DO07.43HV482.43HY482A.SO;;DO;Задвижка 43HV482. Открыть из DCS;;;;;;
431_12_DO07.43HV565.43HY565B.SO;;DO;Задвижка 43HV565. Закрыть из DCS;;;;;;
431_12_DO07.43HV484.43HY484A.SO;;DO;Задвижка 43HV484. Открыть из DCS;;;;;;
431_12_DO07.43HV482.43HY482B.SO;;DO;Задвижка 43HV482. Закрыть из DCS;;;;;;
431_12_DO07.43HV484.43HY484B.SO;;DO;Задвижка 43HV484. Закрыть из DCS;;;;;;
431_12_DO07.43HV470.43HY470A.SO;;DO;Задвижка 43HV470. Открыть из DCS;;;;;;
431_12_DO07.43HV472.43HY472A.SO;;DO;Задвижка 43HV472. Открыть из DCS;;;;;;
431_12_DO07.43HV488.43HY488A.SO;;DO;Задвижка 43HV488. Открыть из DCS;;;;;;
431_12_DO07.43HV486.43HY486A.SO;;DO;Задвижка 43HV486. Открыть из DCS;;;;;;
431_12_DO07.43HV470.43HY470B.SO;;DO;Задвижка 43HV470. Закрыть из DCS;;;;;;
431_12_DO07.43HV476.43HY476A.SO;;DO;Задвижка 43HV476. Открыть из DCS;;;;;;
431_12_DO07.93HV044.93HY044B.SO;;DO;Задвижка 93HV044. Закрыть из DCS;;;;;;
431_12_DO07.43HV488.43HY488B.SO;;DO;Задвижка 43HV488. Закрыть из DCS;;;;;;
431_12_DO07.93HV036.93HY036A.SO;;DO;Задвижка 93HV036. Открыть из DCS;;;;;;
431_12_DO07.43HV486.43HY486B.SO;;DO;Задвижка 43HV486. Закрыть из DCS;;;;;;
431_12_DO07.93HV044.93HY044A.SO;;DO;Задвижка 93HV044. Открыть из DCS;;;;;;
431_12_DO07.93HV036.93HY036B.SO;;DO;Задвижка 93HV036. Закрыть из DCS;;;;;;
431_12_DO07.43HV477.43HY477A.SO;;DO;Задвижка 43HV477. Открыть из DCS;;;;;;
431_12_DO07.43HV476.43HY476B.SO;;DO;Задвижка 43HV476. Закрыть из DCS;;;;;;
431_12_DO07.43HV478.43HY478A.SO;;DO;Задвижка 43HV478. Открыть из DCS;;;;;;
431_12_DO07.43HV477.43HY477B.SO;;DO;Задвижка 43HV477. Закрыть из DCS;;;;;;
431_12_DO07.43HV563.43HY563A.SO;;DO;Задвижка 43HV563. Открыть из DCS;;;;;;
431_12_DO07.43HV468.43HY468B.SO;;DO;Задвижка 43HV468. Закрыть из DCS;;;;;;
431_12_DO07.43HV468.43HY468A.SO;;DO;Задвижка 43HV468. Открыть из DCS;;;;;;
431_12_DO08.43HV473.43HY473B.SO;;DO;Задвижка 43HV473. Закрыть из DCS;;;;;;
431_12_DO08.43HV562.43HY562A.SO;;DO;Задвижка 43HV562. Открыть из DCS;;;;;;
431_12_DO08.43HV481.43HY481B.SO;;DO;Задвижка 43HV481. Закрыть из DCS;;;;;;
431_12_DO08.43HV475.43HY475A.SO;;DO;Задвижка 43HV475. Открыть из DCS;;;;;;
431_12_DO08.43HV564.43HY564A.SO;;DO;Задвижка 43HV564. Открыть из DCS;;;;;;
431_12_DO08.43HV562.43HY562B.SO;;DO;Задвижка 43HV562. Закрыть из DCS;;;;;;
431_12_DO08.43HV483.43HY483A.SO;;DO;Задвижка 43HV483. Открыть из DCS;;;;;;
431_12_DO08.43HV564.43HY564B.SO;;DO;Задвижка 43HV564. Закрыть из DCS;;;;;;
431_12_DO08.43HV485.43HY485A.SO;;DO;Задвижка 43HV485. Открыть из DCS;;;;;;
431_12_DO08.43HV483.43HY483B.SO;;DO;Задвижка 43HV483. Закрыть из DCS;;;;;;
431_12_DO08.43HV473.43HY473A.SO;;DO;Задвижка 43HV473. Открыть из DCS;;;;;;
431_12_DO08.43HV469.43HY469B.SO;;DO;Задвижка 43HV469. Закрыть из DCS;;;;;;
431_12_DO08.43HV487.43HY487A.SO;;DO;Задвижка 43HV487. Открыть из DCS;;;;;;
431_12_DO08.43HV485.43HY485B.SO;;DO;Задвижка 43HV485. Закрыть из DCS;;;;;;
431_12_DO08.43HV489.43HY489A.SO;;DO;Задвижка 43HV489. Открыть из DCS;;;;;;
431_12_DO08.93HV045.93HY045B.SO;;DO;Задвижка 93HV045. Закрыть из DCS;;;;;;
431_12_DO08.93HV037.93HY037B.SO;;DO;Задвижка 93HV037. Закрыть из DCS;;;;;;
431_12_DO08.43HV487.43HY487B.SO;;DO;Задвижка 43HV487. Закрыть из DCS;;;;;;
431_12_DO08.93HV037.93HY037A.SO;;DO;Задвижка 93HV037. Открыть из DCS;;;;;;
431_12_DO08.43HV489.43HY489B.SO;;DO;Задвижка 43HV489. Закрыть из DCS;;;;;;
431_12_DO08.93HV045.93HY045A.SO;;DO;Задвижка 93HV045. Открыть из DCS;;;;;;
431_12_DO08.43HV479.43HY479A.SO;;DO;Задвижка 43HV479. Открыть из DCS;;;;;;
431_12_DO08.43HV475.43HY475B.SO;;DO;Задвижка 43HV475. Закрыть из DCS;;;;;;
431_12_DO08.43HV480.43HY480A.SO;;DO;Задвижка 43HV480. Открыть из DCS;;;;;;
431_12_DO08.43HV479.43HY479B.SO;;DO;Задвижка 43HV479. Закрыть из DCS;;;;;;
431_12_DO08.43HV481.43HY481A.SO;;DO;Задвижка 43HV481. Открыть из DCS;;;;;;
431_12_DO08.43HV480.43HY480B.SO;;DO;Задвижка 43HV480. Закрыть из DCS;;;;;;
431_12_DO08.43HV469.43HY469A.SO;;DO;Задвижка 43HV469. Открыть из DCS;;;;;;
431_12_DO09.93HV094.93HY094A.SO;;DO;Задвижка 93HV094. Открыть из DCS;;;;;;
431_12_DO09.93HV095.93HY095A.SO;;DO;Задвижка 93HV095. Открыть из DCS;;;;;;
431_12_DO09.93HV041.93HY041B.SO;;DO;Задвижка 93HV041. Закрыть из DCS;;;;;;
431_12_DO09.93HV046.93HY046B.SO;;DO;Задвижка 93HV046. Закрыть из DCS;;;;;;
431_12_DO09.93HV041.93HY041A.SO;;DO;Задвижка 93HV041. Открыть из DCS;;;;;;
431_12_DO09.93HV049.93HY049B.SO;;DO;Задвижка 93HV049. Закрыть из DCS;;;;;;
431_12_DO09.93HV022.93HY022A.SO;;DO;Задвижка 93HV022. Открыть из DCS;;;;;;
431_12_DO09.93HV035.93HY035A.SO;;DO;Задвижка 93HV035. Открыть из DCS;;;;;;
431_12_DO09.93HV034.93HY034B.SO;;DO;Задвижка 93HV034. Закрыть из DCS;;;;;;
431_12_DO09.93HV046.93HY046A.SO;;DO;Задвижка 93HV046. Открыть из DCS;;;;;;
431_12_DO09.93HV022.93HY022B.SO;;DO;Задвижка 93HV022. Закрыть из DCS;;;;;;
431_12_DO09.93HV027.93HY027A.SO;;DO;Задвижка 93HV027. Открыть из DCS;;;;;;
431_12_DO09.93HV035.93HY035B.SO;;DO;Задвижка 93HV035. Закрыть из DCS;;;;;;
431_12_DO09.93HV049.93HY049A.SO;;DO;Задвижка 93HV049. Открыть из DCS;;;;;;
431_12_DO09.93HV034.93HY034A.SO;;DO;Задвижка 93HV034. Открыть из DCS;;;;;;
431_12_DO09.93HV094.93HY094B.SO;;DO;Задвижка 93HV094. Закрыть из DCS;;;;;;
431_12_DO09.93HV021.93HY021B.SO;;DO;Задвижка 93HV021. Закрыть из DCS;;;;;;
431_12_DO09.93HV023.93HY023A.SO;;DO;Задвижка 93HV023. Открыть из DCS;;;;;;
431_12_DO09.93HV096.93HY096A.SO;;DO;Задвижка 93HV096. Открыть из DCS;;;;;;
431_12_DO09.93HV095.93HY095B.SO;;DO;Задвижка 93HV095. Закрыть из DCS;;;;;;
431_12_DO09.93HV097.93HY097A.SO;;DO;Задвижка 93HV097. Открыть из DCS;;;;;;
431_12_DO09.93HV096.93HY096B.SO;;DO;Задвижка 93HV096. Закрыть из DCS;;;;;;
431_12_DO09.93HV021.93HY021A.SO;;DO;Задвижка 93HV021. Открыть из DCS;;;;;;
431_12_DO09.93HV097.93HY097B.SO;;DO;Задвижка 93HV097. Закрыть из DCS;;;;;;
431_12_DO09.93HV023.93HY023B.SO;;DO;Задвижка 93HV023. Закрыть из DCS;;;;;;
431_12_DO09.93HV029.93HY029A.SO;;DO;Задвижка 93HV029. Открыть из DCS;;;;;;
431_12_DO09.93HV027.93HY027B.SO;;DO;Задвижка 93HV027. Закрыть из DCS;;;;;;
431_12_DO09.93HV029.93HY029B.SO;;DO;Задвижка 93HV029. Закрыть из DCS;;;;;;
511_11_AI10.51TI086A.51TT086A.PV;;AI;ТЕМПЕРАРУРА N2 НА РЕГЕНЕРАЦИЮ ИЗ K-5160;;;;;;
511_11_AI10.51TC068.51TT068.PV;;AI;ТЕМПЕРАТУРА ВЕРХА В Т-5120;;;;;;
511_11_AI10.51FC028.51FT028.PV;;AI;РАСХОД КОТЛ. ПОДПИТОЧНОЙ ВОДЫ В Т-5130;;;;;;
511_11_AI10.51FC029.51FT029.PV;;AI;РАСХОД КОТЛ. ПОДПИТОЧНОЙ ВОДЫ В Т-5131;;;;;;
511_11_AI10.51TC079.51TT079.PV;;AI;ТЕМПЕРАТУРА ПАРОВ АММИАКА ПИТАНИЯ Т-5131;;;;;;
511_11_AI10.51TC077.51TT077.PV;;AI;ТЕМПЕРАТУРА НИЗА В Т-5130;;;;;;
511_11_AI10.51FC027.51FT027.PV;;AI;РАСХОД NH3 ИЗ V-5150 В T-5130;;;;;;
511_11_AI10.51LC060.51LT060.PV;;AI;УРОВЕНЬ СЖИЖЕННОГО АММИАКА В V-5150;;;;;;
511_11_AI10.51FC034.51FT034.PV;;AI;РАСХОД АЗОТА Н.Д. НА ВХОДЕ В К-5160;;;;;;
511_11_AI10.51FC020.51FT020.PV;;AI;РАСХОД КИСЛОЙ ВОДЫ ОТ S-5101 В Т-5110;;;;;;
511_11_AI10.51PC063.51PT063.PV;;AI;ДАВЛЕНИЕ ВЕРХА Т-5110;;;;;;
511_11_AI15.51PI883C.51PT883C.PV;;AI;ДАВЛЕНИЯ МАСЛА ПОСЛЕ НАСОСА Р-1 C-5140S;;;;;;
511_11_AI15.51PI892A.51PT892A.PV;;AI;Р ОБР. ОХЛ ВОДЫ ПОСЛЕ НАСОСА Р-2 C-5140S;;;;;;
511_11_AI15.51TI876A.51TT876A.PV;;AI;Т ГАЗА-АЗОТА УПЛ ШТОКА 1 ЦИЛ C-5140S;;;;;;
511_11_AI15.51PDI881.51PDT881.PV;;AI;ПЕРЕПАД ДАВЛЕНИЯ МАСЛА НА  C-5140S-S1,S1S;;;;;;
511_11_AI15.51PI877B.51PT877B.PV;;AI;Р ПРОДУВОЧНОГО ГАЗА 2 ЦИЛИНДРА C-5140S;;;;;;
511_11_AI15.51PI877A.51PT877A.PV;;AI;Р ПРОДУВОЧНОГО ГАЗА 1 ЦИЛИНДРА C-5140S;;;;;;
511_11_AI15.51PI877C.51PT877C.PV;;AI;Р ПРОДУВОЧНОГО ГАЗА УПЛ. ШТОКА С-5140S;;;;;;
511_11_AI15.51PI883D.51PT883D.PV;;AI;ДАВЛЕНИЯ МАСЛА ПОСЛЕ НАСОСА Р-1S C-5140S;;;;;;
511_11_AI15.51PI892B.51PT892B.PV;;AI;Р ОБР. ОХЛ ВОДЫ ПОСЛЕ НАСОС Р-2S C-5140S;;;;;;
511_11_AI17.51FI038.51FT038.PV;;AI;Расход. Тр-д 50-SF-51097-G-A-AaI-H;;;;;;
511_11_AI17.51PI084.51PT084.PV;;AI;ДАВЛ-Е КОНДЕНСАТА ВОД ПАРА С УСТ-КИ ОТ V-5120;;;;;;
511_11_AI17.51FI037.51FT037.PV;;AI;РАСХОД ПАРОВ СЕРОВОДОРОДА ИЗ V-5111 НА УСТАНОВКУ СЕРЫ;;;;;;
511_11_AI17.51TI094.51TT094.PV;;AI;Температура. Тр-д 50-SF-51097-G-A-AaI-H;;;;;;
511_11_AI17.51PI069_2.51PT069_2.PV;;AI;ПАРЫ АММИАКА В T-5130;;;;;;
511_11_AI17.51PI070_2.51PT070_2.PV;;AI;ПАРЫ АММИАКА В T-5131;;;;;;
511_11_AI11.51FI024_1.51FT024_1.PV;;AI;РАСХОД ОРОШЕНИЯ ОТ P-5121,S В Т-5120;;;;;;
511_11_AI11.51PC068.51PT068.PV;;AI;ДАВЛЕНИЕ ПАРОВ АММИАКА В V-5121;;;;;;
511_11_AI11.51FI036.51FT036.PV;;AI;РАСХОД NH3 ИЗ S-5160,S В ХРАНИЛИЩЕ ;;;;;;
511_11_AI11.51LC048.51LT048.PV;;AI;УРОВЕНЬ ОТПАРЕННОЙ ВОДЫ Т-5120;;;;;;
511_11_AI11.51TI090.51TT090.PV;;AI;ТЕМПЕРАТУРА NH3 ИЗ S-5160 В ХРАНИЛИЩЕ;;;;;;
511_11_AI11.51TI086B.51TT086B.PV;;AI;ТЕМПЕРАРУРА N2 НА РЕГЕНЕРАЦИЮ ИЗ K-5161;;;;;;
511_11_AI11.51LC058.51LT058.PV;;AI;Уровень. H2O В V-5141 (ПРИЁМ 2-ОЙ СТ. C-5140,S);;;;;;
511_11_AI11.51LC056.51LT056.PV;;AI;Уровень. H2O В V-5140 (ПРИЁМ 1-ОЙ СТ. C-5140,S);;;;;;
511_11_AI11.51LC052.51LT052.PV;;AI;УРОВЕНЬ ОТПАРЕННОЙ ВОДЫ В Т-5130;;;;;;
511_11_AI11.51LC046.51LT046.PV;;AI;УРОВЕНЬ КИСЛОЙ ВОДЫ В Т-5110;;;;;;
511_11_AI11.51TC074.51TT074.PV;;AI;ТЕМПЕРАТУРА ПАРОВ АММИАКА В V-5121;;;;;;
511_11_AI11.51LC054.51LT054.PV;;AI;УРОВЕНЬ Р-РА NAOH В Т-5131;;;;;;
511_11_AI11.51LC050.51LT050.PV;;AI;УРОВЕНЬ КИСЛОЙ ВОДЫ В V-5121;;;;;;
511_11_AI24.00XA511D01_G2B.00XS511D01_G2B.PV;;AI;IB51-1 DCS-01 Напряжение ИП (задняя сторона, нижний);;;;;;
511_11_AI24.51SI071B.51ST071B.PV;;AI;CКОРОСТЬ ВРАЩЕНИЯ ЭЛ. ДВ. 2  А-5121;;;;;;
511_11_AI24.51SI054B.51ST054B.PV;;AI;CКОРОСТЬ ВРАЩЕНИЯ ЭЛ. ДВ. 2  А-5109;;;;;;
511_11_AI24.51SI054A.51ST054A.PV;;AI;CКОРОСТЬ ВРАЩЕНИЯ ЭЛ. ДВ. 1  А-5109;;;;;;
511_11_AI24.51SI071A.51ST071A.PV;;AI;CКОРОСТЬ ВРАЩЕНИЯ ЭЛ. ДВ. 1  А-5121;;;;;;
511_11_AI24.51SI088.51ST088.PV;;AI;CКОРОСТЬ ВРАЩЕНИЯ ЭЛ. ДВ. А-5160 ;;;;;;
511_11_AI16.51TI885A.51TT885A.PV;;AI;Т ГАЗА НА ВХОДЕ В ЦИЛИНДР 1 C-5140S;;;;;;
511_11_AI16.51TI884A.51TT884A.PV;;AI;Т ПОДАЧИ МАСЛА ИЗ Е-1,S В C-5140S;;;;;;
511_11_AI16.51TI878.51TT878.PV;;AI;ТПРЯМОЙ ОХЛАЖД ВОДЫ НА ЦИЛ. C-5140S;;;;;;
511_11_AI16.51TI885B.51TT885B.PV;;AI;Т ГАЗА НА ВХОДЕ В ЦИЛИНДР 2 C-5140S;;;;;;
511_11_AI16.51TI876B.51TT876B.PV;;AI;Т ГАЗА-АЗОТА УПЛ ШТОКА 2 ЦИЛ C-5140S;;;;;;
511_11_AI16.51TI886.51TT886.PV;;AI;Т ПРЯМ. ОХЛ. ВОДЫ ИЗ Е-2 В C-5140S;;;;;;
511_11_AI16.51TI046.51TT046.PV;;AI;Т КОТЛ. ПОДПИТОЧНОЙ ВОДЫ ИЗ Е-5102;;;;;;
511_11_AI12.51FC040.51FT040.PV;;AI;РАСХОД В V-5150;;;;;;
511_11_AI12.51PC100.51PT100.PV;;AI;ДАВЛЕНИЕ АЗОТА НИЗКОГО ДАВЛЕНИЯ;;;;;;
511_11_AI12.51PC101.51PT101.PV;;AI;ДАВЛЕНИЕ АЗОТА НИЗКОГО ДАВЛЕНИЯ;;;;;;
511_11_AI12.51TC095.51TT095.PV;;AI;ТЕМП. В V-5150;;;;;;
511_11_AI12.51TC051.51TT051.PV;;AI;Т КИСЛОЙ ВОДЫ ПИТАН. НА 1-УЮ ТАР. Т-5110;;;;;;
511_11_AI12.51FC024.51FT024.PV;;AI;РАСХОД ОРОШЕНИЯ ОТ P-5121,S В Т-5120;;;;;;
511_11_AI12.51FC016.51FT016.PV;;AI;РАСХОД КИСЛОЙ ВОДЫ К Т-5110 ;;;;;;
511_11_AI12.51PC055.51PT055.PV;;AI;ДАВЛЕНИЕ ОТХОДЯЩИХ ГАЗОВ ИЗ V-5101;;;;;;
511_11_AI12.51PC064.51PT064.PV;;AI;ДАВЛЕНИЕ ПАРОВ СЕРОВОДОРОДА В V-5111;;;;;;
511_11_AI12.51LC035.51LT035.PV;;AI;УРОВЕНЬ КИСЛОЙ ВОДЫ В V-5101;;;;;;
511_11_AI12.51FC023.51FT023.PV;;AI;РАСХОД КИСЛОЙ ВОДЫ ОТ Р-5110,S В Т-5120;;;;;;
511_11_AI12.51TC060A.51TT060A.PV;;AI;Т НАД 3-ИМ СЛОЕМ НАСАДКИ В Т-5110;;;;;;
511_11_AI12.51PI883A.51PT883A.PV;;AI;ДАВЛЕНИЕ МАСЛА ПОСЛЕ ФИЛЬТРОВ C-5140S-S1,S1S;;;;;;
511_11_AI12.51PI879A.51PT879A.PV;;AI;Р ПРЯМОЙ ОХЛ. ВОДЫ НА ЦИЛИНДРЫ C-5140S;;;;;;
511_11_AI14.51PDI053.51PDT053.PV;;AI;ПЕРЕПАД ДАВЛЕНИЯ  ВХ./ВЫХ. S-5101;;;;;;
511_11_AI14.51LI044.51LT044.PV;;AI;УРОВЕНЬ НЕФТЕПРОДУКТА В S-5101;;;;;;
511_11_AI14.51LI033.51LT033.PV;;AI;УРОВЕНЬ НЕФТЕПРОДУКТА В Т-5130 (РАЗДЕЛ ФАЗ);;;;;;
511_11_AI14.51FI026.51FT026.PV;;AI;РАСХОД ПАРОВ АММИАКА ИЗ V-5121 В Т-5130;;;;;;
511_11_AI14.51TI078.51TT078.PV;;AI;ТЕМПЕРАТУРА ВЕРХА Т-5131;;;;;;
511_11_AI14.51TI084.51TT084.PV;;AI;Т ПАРОВ АММИАКА ИЗ Е-5142 В Т5130;;;;;;
511_11_AI14.51LI065.51LT065.PV;;AI;УРОВЕНЬ НЕФТЕПРОДУКТА В V-5121;;;;;;
511_11_AI14.51PI078.51PT078.PV;;AI;ДАВЛЕНИЕ NH3  ИЗ S-5160,S В ХРАНИЛИЩЕ;;;;;;
511_11_AI14.51FI033.51FT033.PV;;AI;РАСХОД ПАРОВ NH3 ОТ С-5140,S В Т-5130;;;;;;
511_11_AI14.51PI073.51PT073.PV;;AI;ДАВЛЕНИЕ НА ПРИЁМЕ 2-ОЙ СТУПЕНИ C-5140,S;;;;;;
511_11_AI14.51PI072.51PT072.PV;;AI;ДАВЛЕНИЕ НА ПРИЁМЕ 1-ОЙ СТУПЕНИ C-5140,S;;;;;;
511_11_AI14.51TI050.51TT050.PV;;AI;Т КИСЛОЙ ВОДЫ ИЗ S-5101 В Т-5110;;;;;;
511_11_AI14.51TI045.51TT045.PV;;AI;ТЕМПЕРАТУРА КИСЛОЙ ВОДЫ НА ВХ. В V-5101;;;;;;
511_11_AI14.51LI029.51LT029.PV;;AI;УРОВЕНЬ НЕФТЕПРОДУКТА В V-5101 (РАЗДЕЛ ФАЗ);;;;;;
511_11_AI13.51TI082.51TT082.PV;;AI;Т НА ВХОДЕ В V-5141 ИЗ Е-5140;;;;;;
511_11_AI13.51TI076.51TT076.PV;;AI;ТЕМПЕРАТУРА ВЕРХА Т-5130;;;;;;
511_11_AI13.51TI087.51TT087.PV;;AI;ТЕМПЕРАТУРА АЗОТА НА ВХОДЕ В А-5160;;;;;;
511_11_AI13.51TI085B.51TT085B.PV;;AI;ТЕМПЕРАТУРА В V-5160B;;;;;;
511_11_AI13.51TI085A.51TT085A.PV;;AI;ТЕМПЕРАТУРА В V-5160A;;;;;;
511_11_AI13.51PDI054B.51PDT054B.PV;;AI;ПЕРЕПАД ДАВЛЕНИЯ ВХ./ВЫХ. V-5160В;;;;;;
511_11_AI13.51PDI054A.51PDT054A.PV;;AI;ПЕРЕПАД ДАВЛЕНИЯ ВХ./ВЫХ. V-5160A;;;;;;
511_11_AI13.51PDI074.51PDT074.PV;;AI;ПЕРЕПАД ДАВЛЕНИЯ ВХ./ВЫХ. S-5141,S;;;;;;
511_11_AI13.51PDI077.51PDT077.PV;;AI;ПЕРЕПАД ДАВЛЕНИЯ ВХ./ВЫХ. S-5160,S;;;;;;
511_11_AI13.51PDI071.51PDT071.PV;;AI;ПЕРЕПАД ДАВЛЕНИЯ ВХ./ВЫХ. S-5140,S;;;;;;
511_11_AI13.51TI083.51TT083.PV;;AI;Т НА ВХОДЕ В V-5150 ИЗ Е-5141А,В,С;;;;;;
511_11_AI13.51PC075.51PT075.PV;;AI;ДАВЛЕНИЕ АММИАКА В V-5150;;;;;;
511_11_AI13.51LI032.51LT032.PV;;AI;УРОВЕНЬ НЕФТЕПРОДУКТА В V-5150 (РАЗДЕЛ ФАЗ);;;;;;
511_11_AI13.51LI034.51LT034.PV;;AI;УРОВЕНЬ НЕФТЕПРОДУКТА В Т-5131 (РАЗДЕЛ ФАЗ);;;;;;
511_11_AI13.51PI069_1.51PT069_1.PV;;AI;ПАРЫ АММИАКА В T-5130;;;;;;
511_11_AI13.51PI070_1.51PT070_1.PV;;AI;ПАРЫ АММИАКА В T-5131;;;;;;
511_11_AI18.51PI061_2.51PDT061_2.PV;;AI;ДАВЛЕНИЕ. Т-5110;;;;;;
511_11_AI18.51PI060_1.51PT060_1.PV;;AI;ДАВЛЕНИЕ. Т-5110;;;;;;
511_11_AI18.51PDI067.51PDT067.PV;;AI;ПЕРЕПАД Р В Т-5120 С 35 - 40 ТАРЕЛКУ;;;;;;
511_11_AI18.51TI064.51TT064.PV;;AI;ТЕМПЕРАТУРА НА 19-ОЙ ТАРЕЛКЕ  Т-5110;;;;;;
511_11_AI18.51TI063.51TT063.PV;;AI;ТЕМПЕРАТУРА НА 13-ОЙ ТАРЕЛКЕ  Т-5110;;;;;;
511_11_AI18.51TI069.51TT069.PV;;AI;ТЕМПЕРАТУРА НИЖНЕГО ПРОДУКТА ИЗ Т-5120;;;;;;
511_11_AI18.51TI092.51TT092.PV;;AI;ТЕМПЕРАТУРА КИСЛОЙ ВОДЫ ИЗ Е-5120 В T-5120 ;;;;;;
511_11_AI18.51PI066.51PT066.PV;;AI;ДАВЛЕНИЕ ВЕРХА Т-5120;;;;;;
511_11_AI18.51TI070.51TT070.PV;;AI;Т НИЖНЕГО ПРОДУКТА ИЗ Т-5120 В Е-5120;;;;;;
511_11_AI18.51LI031.51LT031.PV;;AI;УРОВЕНЬ НЕФТЕПРОДУКТА В Т-5120 (РАЗДЕЛ ФАЗ);;;;;;
511_11_AI18.51LI030.51LT030.PV;;AI;УРОВЕНЬ НЕФТЕПРОДУКТА В Т-5110 (РАЗДЕЛ ФАЗ);;;;;;
511_11_AI18.51TI058.51TT058.PV;;AI;ТЕМПЕРАТУРА В 1-М СЛОЕ НАСАДКИ Т-5110;;;;;;
511_11_AI18.51TI056.51TT056.PV;;AI;ТЕМПЕРАТУРА ОРОШЕНИЯ В Т-5110;;;;;;
511_11_AI18.51PI065_1.51PT065_1.PV;;AI;ДАВЛЕНИЕ В КОЛОННЕ Т-5120;;;;;;
511_11_AI18.51TI062.51TT062.PV;;AI;ТЕМПЕРАТУРА НА 6-ОЙ ТАРЕЛКЕ  Т-5110;;;;;;
511_11_AI19.51PI060_2.51PDT060_2.PV;;AI;ДАВЛЕНИЕ. Т-5110;;;;;;
511_11_AI19.51PI065_2.51PDT065_2.PV;;AI;ДАВЛЕНИЕ В КОЛОННЕ Т-5120;;;;;;
511_11_AI19.51PI062.51PT062.PV;;AI;ДАВЛЕНИЕ НАД 1-ОЙ ТАРЕЛКОЙ  В Т-5110;;;;;;
511_11_AI19.51TI100.51TT100.PV;;AI;ЛОКАЛЬНАЯ ПАНЕЛЬ ОПЕРАТОРА C-5140/S;;;;;;
511_11_AI19.51LI045.51LT045.PV;;AI;УРОВЕНЬ КИСЛОЙ ВОДЫ В V-5111;;;;;;
511_11_AI19.51TI057.51TT057.PV;;AI;ТЕМПЕРАТУРА НИЖНЕГО ПРОДУКТА ИЗ Т-5110;;;;;;
511_11_AI19.51TI067.51TT067.PV;;AI;ТЕМПЕРАТУРА КИСЛОЙ ВОДЫ ИЗ Е-5110 В T-5110 ;;;;;;
511_11_AI19.51TI066.51TT066.PV;;AI;Т НИЖНЕГО ПРОДУКТА ИЗ Т-5110 В E-5110;;;;;;
511_11_AI19.51FI021.51FT021.PV;;AI;РАСХОД ПАРОВ H2S ИЗ V-5111 В С. 6000 ;;;;;;
511_11_AI19.51TI065.51TT065.PV;;AI;ТЕМПЕРАТУРА ПАРОВ H2S ИЗ Т-5110 В V-5111;;;;;;
511_11_AI19.51AI003.51AT003.PV;;AI;PH В ОТРАБ. Р-РЕ NAOH ОТ Р-5131,S В К-3;;;;;;
511_11_AI19.51TI060B.51TT060B.PV;;AI;ТЕМПЕРАТУРА НАД 3-М СЛОЕМ НАСАДКИ Т-5110;;;;;;
511_11_AI19.51TI059.51TT059.PV;;AI;ТЕМПЕРАТУРА В 2-М СЛОЕ НАСАДКИ Т-5110;;;;;;
511_11_AI19.51PI061_1.51PT061_1.PV;;AI;ДАВЛЕНИЕ. Т-5110;;;;;;
511_11_AI19.51TI061.51TT061.PV;;AI;ТЕМПЕРАТУРА В 3-М СЛОЕ НАСАДКИ Т-5110;;;;;;
511_11_AI19.51TI052.51TT052.PV;;AI;Т ОТПАР. ВОДЫ НА ВЫХОДЕ ИЗ Е-5108A,B,C;;;;;;
511_11_AO20.51PC075.51PV075.OP;;AO;ДАВЛЕНИЕ АММИАКА В V-5150;;;;;;
511_11_AO20.51FC034.51FV034.OP;;AO;РАСХОД АЗОТА Н.Д. НА ВХОДЕ В К-5160;;;;;;
511_11_AO20.51PY068A.51PV068A.OP;;AO;ПАРЫ АММИАКА ОТ Е-5142 В Т-5130;;;;;;
511_11_AO20.51TY079A.51TV079A.OP;;AO;ПАРЫ АММИАКА ОТ Е-5130 В Т-5131;;;;;;
511_11_AO20.51PY068B.51PV068B.OP;;AO;ПАРЫ АММИАКА ОТ V-5121;;;;;;
511_11_AO20.51LC058.51LV058.OP;;AO;Рег. клапан 51LV058. H2O В V-5141;;;;;;
511_11_AO20.51FC024.51FV024.OP;;AO;РАСХОД ОРОШЕНИЯ ОТ P-5121,S В Т-5120;;;;;;
511_11_AO20.51FC023.51FV023.OP;;AO;РАСХОД КИСЛОЙ ВОДЫ ОТ Р-5110,S В Т-5120;;;;;;
511_11_AO20.51LC060.51LV060.OP;;AO;УРОВЕНЬ СЖИЖЕННОГО АММИАКА В V-5150;;;;;;
511_11_AO20.51FC028.51FV028.OP;;AO;РАСХОД КОТЛ. ПОДПИТОЧНОЙ ВОДЫ В Т-5130;;;;;;
511_11_AO20.51FC027.51FV027.OP;;AO;РАСХОД NH3 ИЗ V-5150 В T-5130;;;;;;
511_11_AO20.51TY079B.51TV079B.OP;;AO;ПАРЫ АММИАКА ОТ T-5130 В Т-5131;;;;;;
511_11_AO20.51LC056.51LV056.OP;;AO;Уровень. H2O В V-5140 (ПРИЁМ 1-ОЙ СТ. C-5140,S);;;;;;
511_11_AO20.51FC029.51FV029.OP;;AO;РАСХОД КОТЛ. ПОДПИТОЧНОЙ ВОДЫ В Т-5131;;;;;;
511_11_AO25.51TC088.51SY088.OP;;AO;ТЕМПЕРАТУРА АЗОТА НА ВЫХОДЕ ИЗ А-5160 ;;;;;;
511_11_AO25.51SY071B1.51SY071B.OP;;AO;ЗАДАНИЕ CКОРОСТИ ВРАЩЕНИЯ ЭЛ. ДВ. 2  А-5121;;;;;;
511_11_AO25.51SY054B1.51SY054B.OP;;AO;ЗАДАНИЕ CКОРОСТИ ВРАЩЕНИЯ ЭЛ. ДВ. 2  А-5109;;;;;;
511_11_AO25.51SY054A1.51SY054A.OP;;AO;ЗАДАНИЕ CКОРОСТИ ВРАЩЕНИЯ ЭЛ. ДВ. 1  А-5109;;;;;;
511_11_AO25.51SY071A1.51SY071A.OP;;AO;ЗАДАНИЕ CКОРОСТИ ВРАЩЕНИЯ ЭЛ. ДВ. 1  А-5121;;;;;;
511_11_AO23.51PC100.51PV100.OP;;AO;ДАВЛЕНИЕ АЗОТА НИЗКОГО ДАВЛЕНИЯ;;;;;;
511_11_AO23.51FC040.51FV040.OP;;AO;РАСХОД В V-5150;;;;;;
511_11_AO23.51PC101.51PV101.OP;;AO;ДАВЛЕНИЕ АЗОТА НИЗКОГО ДАВЛЕНИЯ;;;;;;
511_11_AO23.51PC063.51PV063.OP;;AO;ДАВЛЕНИЕ ВЕРХА Т-5110 ;;;;;;
511_11_AO23.51FC020.51FV020.OP;;AO;РАСХОД КИСЛОЙ ВОДЫ ОТ S-5101 В Т-5110;;;;;;
511_11_AO23.51FC016.51FV016.OP;;AO;РАСХОД КИСЛОЙ ВОДЫ К Т-5110 ;;;;;;
511_11_AO23.51TY074A.51TV074A.OP;;AO;ПАРЫ АММИАКА ОТ Т-5120 В А-5121;;;;;;
511_11_AO23.51PC064.51PV064.OP;;AO;ДАВЛЕНИЕ ПАРОВ СЕРОВОДОРОДА В V-5111;;;;;;
511_11_AO23.51TY074B.51TV074B.OP;;AO;ПАРЫ АММИАКА ОТ Т-5120 В А-5121;;;;;;
511_11_AO23.51TC051.51TV051.OP;;AO;Т КИСЛОЙ ВОДЫ ПИТАН. НА 1-УЮ ТАР. Т-5110;;;;;;
511_11_DI01.51HS960.51HS960A.PV;;DI;С-5140 НАСОС P2;;;;;;
511_11_DI01.51HS985.51HS985B.PV;;DI;С-5140S НАСОС P2S;;;;;;
511_11_DI01.51HS985.51HS985A.PV;;DI;С-5140S НАСОС P2;;;;;;
511_11_DI01.51HS952A.51HS952.PV;;DI;C-5140 СБРОС ЛОГИКИ. ;;;;;;
511_11_DI01.51HX951.51HS951B.PV;;DI;Запуск CM-5140 ;;;;;;
511_11_DI01.51HS969.51HS969B.PV;;DI;С-5140 ДИСТАНЦ. РЕГ-НИЕ ПР-ТИ.;;;;;;
511_11_DI01.51HS969.51HS969A.PV;;DI;С-5140 МЕСТНОЕ РЕГ-НИЕ ПР-ТИ.;;;;;;
511_11_DI01.51HS988A.51HS988A5.PV;;DI;C-5140S КОНТРОЛЬ МОЩНОСТИ 100%;;;;;;
511_11_DI01.51HS988A.51HS988A4.PV;;DI;C-5140S КОНТРОЛЬ МОЩНОСТИ 90%;;;;;;
511_11_DI01.51HS988A.51HS988A3.PV;;DI;C-5140S КОНТРОЛЬ МОЩНОСТИ 50%;;;;;;
511_11_DI01.51HS988A.51HS988A2.PV;;DI;C-5140S КОНТРОЛЬ МОЩНОСТИ 40%;;;;;;
511_11_DI01.51HS988A.51HS988A1.PV;;DI;C-5140S КОНТРОЛЬ МОЩНОСТИ 0%;;;;;;
511_11_DI01.51HS963A.51HS963A5.PV;;DI;C-5140 КОНТРОЛЬ МОЩНОСТИ 100%;;;;;;
511_11_DI01.51HS963A.51HS963A4.PV;;DI;C-5140 КОНТРОЛЬ МОЩНОСТИ 90%;;;;;;
511_11_DI01.51HS963A.51HS963A3.PV;;DI;C-5140 КОНТРОЛЬ МОЩНОСТИ 50%;;;;;;
511_11_DI01.51HS963A.51HS963A2.PV;;DI;C-5140 КОНТРОЛЬ МОЩНОСТИ 40%;;;;;;
511_11_DI01.51HS963A.51HS963A1.PV;;DI;C-5140 КОНТРОЛЬ МОЩНОСТИ 0%;;;;;;
511_11_DI01.51HS977A.51HS977.PV;;DI;C-5140S СБРОС ЛОГИКИ.;;;;;;
511_11_DI01.51HX951.51HS951A.PV;;DI;Остановка CM-5140 ;;;;;;
511_11_DI01.51HS960.51HS960B.PV;;DI;С-5140 НАСОС P2S;;;;;;
511_11_DI01.51HS994.51HS994A.PV;;DI;С-5140S МЕСТНОЕ РЕГ-НИЕ ПР-ТИ.;;;;;;
511_11_DI01.51HX976.51HS976B.PV;;DI;Запуск  CM-5140S ;;;;;;
511_11_DI01.51HX976.51HS976A.PV;;DI;Останов CM-5140S ;;;;;;
511_11_DI01.51HS994.51HS994B.PV;;DI;С-5140S ДИСТАНЦ. РЕГ-НИЕ ПР-ТИ.;;;;;;
511_11_DI02.00XA511D01_PS.00XA511D01_PS.PV;;DI;IB-51-1 Состояние БП DCS-01;;;;;;
511_11_DI02.51HV041.51XSF041.PV;;DI;Z-5106 МУФТА;;;;;;
511_11_DI02.51HV036.51XSO036.PV;;DI;Z-5101 КОНЦЕВИК ОТКРЫТИЯ;;;;;;
511_11_DI02.51HX984.51XS984.PV;;DI;ЭЛ.ДВ. P2S НАСОСА С-МЫ ОХЛАЖД. C-5140S;;;;;;
511_11_DI02.51HX017.51XS017A.PV;;DI;P-5120S РАБОТА;;;;;;
511_11_DI02.51HX971.51XS971.PV;;DI;ЭЛЕКТРОНАГР. С-МЫ ОХЛ. ЦИЛИНДРОВ С-5140;;;;;;
511_11_DI02.51HX023.51XS023A.PV;;DI;P-5131S РАБОТА;;;;;;
511_11_DI02.51HX017.51XS017B.PV;;DI;P-5120S НЕИСПРАВНОСТЬ;;;;;;
511_11_DI02.51HX972.51XS972C.PV;;DI;C-5140 oil res. Heater temp healthy;;;;;;
511_11_DI02.51HX023.51XS023B.PV;;DI;P-5131S НЕИСПРАВНОСТЬ;;;;;;
511_11_DI02.51HX958.51XS958A.PV;;DI;C-5140 cool water pump PM2 FAULT;;;;;;
511_11_DI02.51HX983.51XS983.PV;;DI;ЭЛ.ДВ. P2 НАСОСА С-МЫ ОХЛАЖД. C-5140S;;;;;;
511_11_DI02.51HX971.51XS971C.PV;;DI;C-5140 cooling water res. heater healthy;;;;;;
511_11_DI02.51HV039.51XSO039.PV;;DI;Z-5104 КОНЦЕВИК ОТКРЫТИЯ;;;;;;
511_11_DI02.51HV039.51XSF039.PV;;DI;Z-5104 МУФТА;;;;;;
511_11_DI02.51HV039.51XSC039.PV;;DI;Z-5104 КОНЦЕВИК ЗАКРЫТИЯ;;;;;;
511_11_DI02.51HV041.51XSC041.PV;;DI;Z-5106 КОНЦЕВИК ЗАКРЫТИЯ;;;;;;
511_11_DI02.51HV041.51XSO041.PV;;DI;Z-5106 КОНЦЕВИК ОТКРЫТИЯ;;;;;;
511_11_DI02.51HV036.51XSF036.PV;;DI;Z-5101 МУФТА;;;;;;
511_11_DI02.51HV036.51XSC036.PV;;DI;Z-5101 КОНЦЕВИК ЗАКРЫТИЯ;;;;;;
511_11_DI02.51HX958.51XS958.PV;;DI;C-5140 P2 статус до таймера;;;;;;
511_11_DI02.51HX966.51XS966.PV;;DI;ЭЛ.ДВ. P1S ВСПОМ. МАСЛ. НАСОСА C-5140;;;;;;
511_11_DI02.51HX972.51XS972.PV;;DI;H-1 МАСЛЯННЫЙ НАГРЕВАТЕЛЬ C-5140;;;;;;
511_11_DI02.51HX984.51XS984C.PV;;DI;C-5140S cool water pump HEALTHY PM2S;;;;;;
511_11_DI02.51HX984.51XS984A.PV;;DI;C-5140S cool water pump FAULT PM2S;;;;;;
511_11_DI02.51HX958.51XS958B.PV;;DI;C-5140 cool water pump PM2 HEALTHY;;;;;;
511_11_DI02.51HX983.51XS983C.PV;;DI;C-5140S cool water pump HEALTHY PM2;;;;;;
511_11_DI02.51HX983.51XS983A.PV;;DI;C-5140S cool water pump FAULT PM2;;;;;;
511_11_DI02.00XA511D05_PS_G1.00XA511D05_PS.PV;;DI;IB-51-1 Состояние БП DCS-05 FRONT;;;;;;
511_11_DI02.00XA511D05_PS_G2.00XA511D05_PS.PV;;DI;IB-51-1 Состояние БП DCS-05 REAR;;;;;;
511_11_DI03.00XA511D02_PS.00XA511D02_PS.PV;;DI;IB-51-1 Состояние БП DCS-02;;;;;;
511_11_DI03.00XA511D03_PS.00XA511D03_PS.PV;;DI;IB-51-1 Состояние БП DCS-03;;;;;;
511_11_DI03.51HX033.51XS033B.PV;;DI;A-5121/3 НЕИСПРАВНОСТЬ;;;;;;
511_11_DI03.51HX033.51XS033A.PV;;DI;A-5121/3 РАБОТА;;;;;;
511_11_DI03.51HX976.51XS976B.PV;;DI;НЕИСПРАВНОСТЬ С-5140S;;;;;;
511_11_DI03.51HX951.51XS951C.PV;;DI;ГОТОВНОСТЬ С-5140;;;;;;
511_11_DI03.51HX951.51XS951B.PV;;DI;НЕИСПРАВНОСТЬ С-5140;;;;;;
511_11_DI03.51HX976.51XS976.PV;;DI;C-5140S СТАТУС;;;;;;
511_11_DI03.51HX951.51XS951A.PV;;DI;C-5140 СТАТУС;;;;;;
511_11_DI03.51HX976.51XS976C.PV;;DI;ГОТОВНОСТЬ С-5140S;;;;;;
511_11_DI03.51HX996.51XS996C.PV;;DI;C-5140S cooling water res. heater tripped;;;;;;
511_11_DI03.51HX997.51XS997C.PV;;DI;C-5140S oil res. Heater temp tripped;;;;;;
511_11_DI03.51HV040.51XSO040.PV;;DI;Z-5105 КОНЦЕВИК ОТКРЫТИЯ;;;;;;
511_11_DI03.51HV040.51XSF040.PV;;DI;Z-5105 МУФТА;;;;;;
511_11_DI03.51HV040.51XSC040.PV;;DI;Z-5105 КОНЦЕВИК ЗАКРЫТИЯ;;;;;;
511_11_DI03.51HV046.51XSC046.PV;;DI;Z-5114 КОНЦЕВИК ЗАКРЫТИЯ;;;;;;
511_11_DI03.51HV046.51XSF046.PV;;DI;Z-5114 МУФТА;;;;;;
511_11_DI03.51HV046.51XSO046.PV;;DI;Z-5114 КОНЦЕВИК ОТКРЫТИЯ;;;;;;
511_11_DI03.51HX959.51XS959.PV;;DI;ЭЛ.ДВ. P2S НАСОСА С-МЫ ОХЛАЖД. C-5140;;;;;;
511_11_DI03.51HX996.51XS996.PV;;DI;ЭЛЕКТРОНАГР. С-МЫ ОХЛ. ЦИЛИНДРОВ C-5140S;;;;;;
511_11_DI03.51HX997.51XS997.PV;;DI;H-1 МАСЛЯННЫЙ НАГРЕВАТЕЛЬ C-5140S;;;;;;
511_11_DI03.51HX029.51XS029B.PV;;DI;A-5109/1 НЕИСПРАВНОСТЬ;;;;;;
511_11_DI03.51HX029.51XS029A.PV;;DI;A-5109/1 РАБОТА;;;;;;
511_11_DI03.51HX030.51XS030B.PV;;DI;A-5109/2 НЕИСПРАВНОСТЬ;;;;;;
511_11_DI03.51HX030.51XS030A.PV;;DI;A-5109/2 РАБОТА;;;;;;
511_11_DI03.51HX966.51XS966C.PV;;DI;ЭЛ.ДВ. P1S ВСПОМ. МАСЛ. НАСОСА C-5140;;;;;;
511_11_DI03.51HX966.51XS966A.PV;;DI;ЭЛ.ДВ. P1S ВСПОМ. МАСЛ. НАСОСА C-5140;;;;;;
511_11_DI03.51HX959.51XS959B.PV;;DI;C-5140 cool water pump PM2 HEALTHY;;;;;;
511_11_DI03.51HX959.51XS959A.PV;;DI;C-5140 cool water pump PM2 FAULT;;;;;;
511_11_DI03.51HX991.51XS991A.PV;;DI;C-5140S P1S перегрузка эл. двигателя;;;;;;
511_11_DI03.51HX991.51XS991.PV;;DI;C-5140S P1S СТАТУС;;;;;;
511_11_DI03.51HX991.51XS991C.PV;;DI;C-5140S P1S готовность из электр. ячейки;;;;;;
511_11_DI07.51HX061.51XS061A.PV;;DI;A-5160/2 РАБОТА;;;;;;
511_11_DI07.51HV052.51XSF052.PV;;DI;Z-5120 МУФТА;;;;;;
511_11_DI07.51HX061.51XS061D.PV;;DI;A-5160/2 ГОТОВНОСТЬ;;;;;;
511_11_DI07.51HX010.51XS010A.PV;;DI;P-5108 РАБОТА;;;;;;
511_11_DI07.51HV052.51XSC052.PV;;DI;Z-5120 КОНЦЕВИК ЗАКРЫТИЯ;;;;;;
511_11_DI07.51HX014.51XS014B.PV;;DI;P-5115 НЕИСПРАВНОСТЬ;;;;;;
511_11_DI07.51HX011.51XS011A.PV;;DI;P-5109 РАБОТА;;;;;;
511_11_DI07.51HX018.51XS018B.PV;;DI;P-5121 НЕИСПРАВНОСТЬ;;;;;;
511_11_DI07.51HX013.51XS013A.PV;;DI;P-5110S РАБОТА;;;;;;
511_11_DI07.51HX011.51XS011B.PV;;DI;P-5109 НЕИСПРАВНОСТЬ;;;;;;
511_11_DI07.51HX061.51XS061B.PV;;DI;A-5160/2 НЕИСПРАВНОСТЬ;;;;;;
511_11_DI07.51HV052.51XSO052.PV;;DI;Z-5120 КОНЦЕВИК ОТКРЫТИЯ;;;;;;
511_11_DI07.51HV050.51XSF050.PV;;DI;Z-5118 МУФТА;;;;;;
511_11_DI07.51HV050.51XSC050.PV;;DI;Z-5118 КОНЦЕВИК ЗАКРЫТИЯ;;;;;;
511_11_DI07.51HX025.51XS025A.PV;;DI;P-5150S РАБОТА;;;;;;
511_11_DI07.51HX004.51XS004A.PV;;DI;P-5102 РАБОТА;;;;;;
511_11_DI07.51HX013.51XS013B.PV;;DI;P-5110S НЕИСПРАВНОСТЬ;;;;;;
511_11_DI07.51HX010.51XS010C.PV;;DI;P-5108 ГОТОВНОСТЬ;;;;;;
511_11_DI07.51HX010.51XS010B.PV;;DI;P-5108 НЕИСПРАВНОСТЬ;;;;;;
511_11_DI07.51HX020.51XS020B.PV;;DI;P-5130 НЕИСПРАВНОСТЬ;;;;;;
511_11_DI07.51HX020.51XS020A.PV;;DI;P-5130 РАБОТА;;;;;;
511_11_DI07.51HX004.51XS004B.PV;;DI;P-5102 НЕИСПРАВНОСТЬ;;;;;;
511_11_DI07.51HX014.51XS014A.PV;;DI;P-5115 РАБОТА;;;;;;
511_11_DI07.51HX018.51XS018A.PV;;DI;P-5121 РАБОТА;;;;;;
511_11_DI07.51HV049.51XSC049.PV;;DI;Z-5117 КОНЦЕВИК ЗАКРЫТИЯ;;;;;;
511_11_DI07.51HV049.51XSO049.PV;;DI;Z-5117 КОНЦЕВИК ОТКРЫТИЯ;;;;;;
511_11_DI07.51HV050.51XSO050.PV;;DI;Z-5118 КОНЦЕВИК ОТКРЫТИЯ;;;;;;
511_11_DI07.51HV049.51XSF049.PV;;DI;Z-5117 МУФТА;;;;;;
511_11_DI07.51HX025.51XS025B.PV;;DI;P-5150S НЕИСПРАВНОСТЬ;;;;;;
511_11_DO06.51LC058.51LY058.SO;;DO;51LV058 ЗАКРЫТИЕ ПО ОТСЕЧКЕ;;;;;;
511_11_DO06.51LC056.51LY056.SO;;DO;51LV056 ЗАКРЫТИЕ ПО ОТСЕЧКЕ;;;;;;
511_11_DO04.51LP925LT.51TAHH826C1.SO;;DO;РЕГУЛИР. ПРОИЗВ. C-5140 С МЕСТН. ПАНЕЛИ;;;;;;
511_11_DO04.51LP925LT.51XA954.SO;;DO;C-5140 общая тревога;;;;;;
511_11_DO04.51LP925LT.51XA026A.SO;;DO;C-5140 common trip alarm;;;;;;
511_11_DO04.51HX959.51XL959A.SO;;DO;ЭЛ.ДВ. P2S НАСОСА С-МЫ ОХЛАЖД. C-5140;;;;;;
511_11_DO04.51HX958.51XL958A.SO;;DO;ЭЛ.ДВ. P2 НАСОСА С-МЫ ОХЛАЖД. C-5140;;;;;;
511_11_DO04.51HX983.51XL983A.SO;;DO;ЭЛ.ДВ. P2 НАСОСА С-МЫ ОХЛАЖД. C-5140S;;;;;;
511_11_DO04.51LP975LT.51TAHH876D1.SO;;DO;РЕГУЛИР. ПРОИЗВ. C-5140S С МЕСТН. ПАНЕЛИ;;;;;;
511_11_DO04.51LP975LT.51TAHH876C1.SO;;DO;РЕГУЛИР. ПРОИЗВ. C-5140S С МЕСТН. ПАНЕЛИ;;;;;;
511_11_DO04.51LP925LT.51XA957A.SO;;DO;C-5140 CWS TRIP;;;;;;
511_11_DO04.51HX951.51KQI951.SO;;DO;ЭЛЕКТРОДВИГАТЕЛЬ C-5140;;;;;;
511_11_DO04.51LP925LT.51XL962.SO;;DO;РЕГУЛИР. ПРОИЗВ. C-5140 С МЕСТН. ПАНЕЛИ;;;;;;
511_11_DO04.51HX966.51XL966A.SO;;DO;ЭЛ.ДВ. P1S ВСПОМ. МАСЛ. НАСОСА C-5140;;;;;;
511_11_DO04.51LP925LT.51TAHH826D1.SO;;DO;РЕГУЛИР. ПРОИЗВ. C-5140 С МЕСТН. ПАНЕЛИ;;;;;;
511_11_DO04.51LP975LT.51XA982A.SO;;DO;C-5140 CWS TRIP;;;;;;
511_11_DO04.51HX976.51KQI976.SO;;DO;ЭЛЕКТРОДВИГАТЕЛЬ C-5140S;;;;;;
511_11_DO04.51LP975LT.51XL987.SO;;DO;C5140S AllHeaters In Controlling Mode;;;;;;
511_11_DO04.51HX991.51XL991A.SO;;DO;ЭЛ.ДВ. P1S ВСПОМ. МАСЛ. НАСОС C-5140S ;;;;;;
511_11_DO04.51LP975LT.51XA980.SO;;DO;C5140S MMS TRIP;;;;;;
511_11_DO04.51LP975LT.51XA027A.SO;;DO;РЕГУЛИР. ПРОИЗВ. C-5140S С МЕСТН. ПАНЕЛИ;;;;;;
511_11_DO04.51LP975LT.51XA979.SO;;DO;C-5140S общая тревога;;;;;;
511_11_DO04.51HX984.51XL984A.SO;;DO;ЭЛ.ДВ. P2S НАСОСА С-МЫ ОХЛАЖД. C-5140S;;;;;;
511_11_DO04.51LP925LT.51XA955.SO;;DO;РЕГУЛИР. ПРОИЗВ. C-5140 С МЕСТН. ПАНЕЛИ;;;;;;
511_11_DO04.51PCDI001_DI1.51LAHH059A.SO;;DO;V-5140 low level 51LP925;;;;;;
511_11_DO04.51PCDI001_DI1.51LAHH057A.SO;;DO;V-5140 low level 51LP925;;;;;;
511_11_DO05.51HX976.51HY976A.SO;;DO;ЭЛЕКТРОДВИГАТЕЛЬ C-5140S;;;;;;
511_11_DO05.51HV052.51HY052A.SO;;DO;Z-5120 ОТКРЫТИЕ;;;;;;
511_11_DO05.51XV038.51HY038B.SO;;DO;Z-5103 ЗАКРЫТИЕ;;;;;;
511_11_DO05.51HX061.51HY061A.SO;;DO;Включение холодильника A-5160/2;;;;;;
511_11_DO05.51HV052.51HY052B.SO;;DO;Z-5120 ЗАКРЫТИЕ;;;;;;
511_11_DO05.51HX035.51HY035B.SO;;DO;Переключение на байпас A-5160/1;;;;;;
511_11_DO05.51HX976.51HY976B.SO;;DO;ЭЛЕКТРОДВИГАТЕЛЬ C-5140S;;;;;;
511_11_DO05.51HX035.51HY035.SO;;DO;Отключение холодильника A-5160/1;;;;;;
511_11_DO05.51HV046.51HY046B.SO;;DO;Z-5114 ЗАКРЫТИЕ;;;;;;
511_11_DO05.51HX061.51HY061.SO;;DO;A-5160/2 СТОП;;;;;;
511_11_DO05.51HV040.51HY040B.SO;;DO;Z-5105 ЗАКРЫТИЕ;;;;;;
511_11_DO05.51HV040.51HY040A.SO;;DO;Z-5105 ОТКРЫТИЕ;;;;;;
511_11_DO05.51HV046.51HY046A.SO;;DO;Z-5114 ОТКРЫТИЕ;;;;;;
511_11_DO05.51XV045.51HY045B.SO;;DO;Z-5113 ЗАКРЫТИЕ;;;;;;
511_11_DO05.51HV049.51HY049A.SO;;DO;Z-5117 ОТКРЫТИЕ;;;;;;
511_11_DO05.51HV050.51HY050A.SO;;DO;Z-5118 ОТКРЫТИЕ;;;;;;
511_11_DO05.51HV049.51HY049B.SO;;DO;Z-5117 ЗАКРЫТИЕ;;;;;;
511_11_DO05.51XV038.51HY038A.SO;;DO;Z-5103 ОТКРЫТИЕ;;;;;;
511_11_DO05.51HX959.51HY959A.SO;;DO;ЭЛ.ДВ. P2S НАСОСА С-МЫ ОХЛАЖД. C-5140;;;;;;
511_11_DO05.51HX991.51HY991B.SO;;DO;C-5140S_P1S КОМАНДА СТОП;;;;;;
511_11_DO05.51HX983.51HY983A.SO;;DO;ЭЛ.ДВ. P2 НАСОСА С-МЫ ОХЛАЖД. C-5140S;;;;;;
511_11_DO05.51HX959.51HY959B.SO;;DO;ЭЛ.ДВ. P2S НАСОСА С-МЫ ОХЛАЖД. C-5140;;;;;;
511_11_DO05.51HX951.51HY951B.SO;;DO;C-5140 КОМАНДА ПУСК;;;;;;
511_11_DO05.51HX983.51HY983B.SO;;DO;ЭЛ.ДВ. P2 НАСОСА С-МЫ ОХЛАЖД. C-5140S;;;;;;
511_11_DO05.51HX951.51HY951A.SO;;DO;C-5140 КОМАНДА СТОП;;;;;;
511_11_DO05.51HV050.51HY050B.SO;;DO;Z-5118 ЗАКРЫТИЕ;;;;;;
511_11_DO05.51HX035.51HY035A.SO;;DO;Включение холодильника A-5160/1;;;;;;
511_11_DO05.51C01FRB04.51HYC01FRB04.SO;;DO;КОНТРОЛЬ ПИТАНИЯ 32 КАНАЛ C01FRB04;;;;;;
511_11_DO09.51LAL927.51LY927.SO;;DO;УРОВЕНЬ ОХЛ. ВОДЫ В V-5 C-5140;;;;;;
511_11_DO09.51LAL979.51LY979.SO;;DO;УРОВЕНЬ МАСЛА В КАРТЕРЕ C-5140S ;;;;;;
511_11_DO09.51LAL977.51LY977.SO;;DO;УРОВЕНЬ ОХЛ. ВОДЫ В V-5 C-5140S;;;;;;
511_11_DO09.51HS963A.51XL969B.SO;;DO;C-5140 КОНТРОЛЬ МОЩНОСТИ 40%;;;;;;
511_11_DO09.51HS963A.51XL969A.SO;;DO;C-5140 КОНТРОЛЬ МОЩНОСТИ 0%;;;;;;
511_11_DO09.51HS988A.51XL994E.SO;;DO;C-5140S КОНТРОЛЬ МОЩНОСТИ 100%;;;;;;
511_11_DO09.51HS988A.51XL994D.SO;;DO;C-5140S КОНТРОЛЬ МОЩНОСТИ 90%;;;;;;
511_11_DO09.51HS963A.51XL969D.SO;;DO;C-5140 КОНТРОЛЬ МОЩНОСТИ 90%;;;;;;
511_11_DO09.51HS963A.51XL969C.SO;;DO;C-5140 КОНТРОЛЬ МОЩНОСТИ 50%;;;;;;
511_11_DO09.51HS988A.51XL956S.SO;;DO;C-5140S МЕСТНЫЙ КОНТРОЛЬ МОЩНОСТИ;;;;;;
511_11_DO09.51HS963A.51XL969E.SO;;DO;C-5140 КОНТРОЛЬ МОЩНОСТИ 100%;;;;;;
511_11_DO09.51HS963A.51XL956.SO;;DO;C-5140 МЕСТНЫЙ КОНТРОЛЬ МОЩНОСТИ;;;;;;
511_11_DO09.51HX976.51XL976A.SO;;DO;ЭЛЕКТРОДВИГАТЕЛЬ C-5140S;;;;;;
511_11_DO09.51LP975LT.51XL978.SO;;DO;C-5140S READY TO START;;;;;;
511_11_DO09.51LAL929.51LY929.SO;;DO;УРОВЕНЬ МАСЛА В КАРТЕРЕ C-5140 ;;;;;;
511_11_DO09.51HS988A.51XL994C.SO;;DO;C-5140S КОНТРОЛЬ МОЩНОСТИ 50%;;;;;;
511_11_DO09.51HS988A.51XL994B.SO;;DO;C-5140S КОНТРОЛЬ МОЩНОСТИ 40%;;;;;;
511_11_DO09.51LP925LT.51XL953A.SO;;DO;РЕГУЛИР. ПРОИЗВ. C-5140 С МЕСТН. ПАНЕЛИ;;;;;;
511_11_DO09.51HS988A.51XL994A.SO;;DO;C-5140S КОНТРОЛЬ МОЩНОСТИ 0%;;;;;;
511_11_DO09.51HX951.51XL951A.SO;;DO;ЭЛЕКТРОДВИГАТЕЛЬ C-5140;;;;;;
511_12_AI13.51TI951B.51TT951B.PV;;AI;Воздух рециркуляции коробки A-5109;;;;;;
511_12_AI13.51TI951A.51TT951A.PV;;AI;ВОЗДУХ РЕЦИРКУЛЯЦИИ КОРОБКИ A-5109;;;;;;
511_12_AI11.51FC019.51FT019.PV;;AI;РАСХОД ОРОШЕНИЯ В Т-5110;;;;;;
511_12_AI11.51LC036.51LT036.PV;;AI;УРОВЕНЬ КИСЛОЙ ВОДЫ В V-5102 (РАЗДЕЛ ФАЗ);;;;;;
511_12_AI11.51PC076.51PT076.PV;;AI;ДАВЛЕНИЕ АЗОТА В V-5161;;;;;;
511_12_AI11.51LC062.51LT062.PV;;AI;УРОВЕНЬ НЕФТЕПРОДУКТА В V-5161;;;;;;
511_12_AI11.51LI038.51LT038.PV;;AI;УРОВЕНЬ НЕФТЕПРОДУКТА В V-5102;;;;;;
511_12_AI11.51FC018.51FT018.PV;;AI;РАСХОД ОТПАР. ВОДЫ В СЕКЦИЮ 2000/ПК (К3);;;;;;
511_12_AI11.51PC079.51PT079.PV;;AI;ДАВЛЕНИЕ АЗОТА В V-5105;;;;;;
511_12_AI11.51TC054.51TT054.PV;;AI;Т ОТПАР. ВОДЫ НА ВЫХОДЕ ИЗ А-5109;;;;;;
511_12_AI11.51TC088.51TT088.PV;;AI;ТЕМПЕРАТУРА АЗОТА НА ВЫХОДЕ ИЗ А-5160;;;;;;
511_12_AI11.51TC071.51TT071.PV;;AI;ТЕМПЕРАТУРА НА ВЫХОДЕ ИЗ А-5121;;;;;;
511_12_AI11.51TC055.51TT055.PV;;AI;Т ОТПАР. ВОДЫ В С 2000/ПК(К3), F-4301103;;;;;;
511_12_AI12.51PI833A.51PT833A.PV;;AI;ДАВЛЕНИЕ МАСЛА ПОСЛЕ ФИЛЬТРОВ C-5140-S1,S1S;;;;;;
511_12_AI12.51TI951D.51TT951D.PV;;AI;Воздух рециркуляции коробки A-5109;;;;;;
511_12_AI12.51TI951C.51TT951C.PV;;AI;Воздух рециркуляции коробки A-5109;;;;;;
511_12_AI12.51PC056.51PT056.PV;;AI;ДАВЛЕНИЕ В F-5100;;;;;;
511_12_AI12.51PI829A.51PT829A.PV;;AI;Р ПРЯМОЙ ОХЛ. ВОДЫ НА ЦИЛИНДРЫ C-5140;;;;;;
511_12_AI12.51LI043.51LT043.PV;;AI;УРОВЕНЬ НЕФТЕПРОДУКТА В F-5100 (РАЗДЕЛ ФАЗ);;;;;;
511_12_AI14.51LI100.51LT100.PV;;AI;УРОВЕНЬ ПРОТИВОВСПЕНИВАЮЩЕЙ ДОБАВКИ В V-5106;;;;;;
511_12_AI14.51LI101.51LT101.PV;;AI;УРОВЕНЬ ПОЛИСУЛЬФИДА АММОНИЯ В V-5105;;;;;;
511_12_AI15.51FI025_1.51FT025_1.PV;;AI;РАСХОД КИСЛ.ВОДЫ ОТ Р-5121,S В Е-5101А/В;;;;;;
511_12_AI15.51TI828.51TT828.PV;;AI;Т ПРЯМОЙ ОХЛАЖД. ВОДЫ НА ЦИЛ. C-5140;;;;;;
511_12_AI15.51PI867A.51PT867A.PV;;AI;Р ОБР. ОХЛ. ВОДЫ ПОСЛЕ НАСОСА Р-2 C-5140;;;;;;
511_12_AI15.51TI826B.51TT826B.PV;;AI;Т ГАЗА-АЗОТА УПЛ. ШТОКА 2 ЦИЛ. C-5140;;;;;;
511_12_AI15.51TI826A.51TT826A.PV;;AI;Т ГАЗА-АЗОТА УПЛ. ШТОКА 1 ЦИЛ. C-5140;;;;;;
511_12_AI15.51TI834A.51TT834A.PV;;AI;Т ПОДАЧИ МАСЛА ИЗ Е-1,S В  C-5140;;;;;;
511_12_AI15.51TI861.51TT861.PV;;AI;Т ПРЯМ. ОХЛ. ВОДЫ ИЗ Е-2 В C-5140;;;;;;
511_12_AI15.51TI835B.51TT835B.PV;;AI;Т ГАЗА НА ВХОДЕ В ЦИЛИНДР 2 C-5140;;;;;;
511_12_AI15.51TI835A.51TT835A.PV;;AI;Т ГАЗА НА ВХОДЕ В ЦИЛИНДР 1 C-5140;;;;;;
511_12_AI15.51PI867B.51PT867B.PV;;AI;Р ОБР. ОХЛ ВОДЫ ПОСЛЕ НАСОСА Р-2S C-5140;;;;;;
511_12_AI16.51FI025.51FT025.PV;;AI;РАСХОД КИСЛ.ВОДЫ ОТ Р-5121,S В Е-5101А/В;;;;;;
511_12_AI16.51FI030.51FT030.PV;;AI;РАСХОД ОТПАР. ВОДЫ НА ПРИГОТОВ. ИНГИБ. КОР;;;;;;
511_12_AI16.51TI075.51TT075.PV;;AI;ТЕМПЕРАТУРА ОРОШЕНИЯ В Т-5120;;;;;;
511_12_AI16.51FI032.51FT032.PV;;AI;РАСХОД ОТПАР. ВОДЫ В Т-5130 (ЦИРКУЛЯЦИЯ);;;;;;
511_12_AI16.51PI936.51PT936.PV;;AI;ДАВЛЕНИЕ В УПЛОТНЕНИИ НАСОСА P-5150S;;;;;;
511_12_AI16.51PI926.51PT926.PV;;AI;ДАВЛЕНИЕ В УПЛОТНЕНИИ НАСОСА P-5150;;;;;;
511_12_AI16.51PI930.51PT930.PV;;AI;ДАВЛЕНИЕ В УПЛОТНЕНИИ НАСОСА P-5106;;;;;;
511_12_AI16.51PI932.51PT932.PV;;AI;ДАВЛЕНИЕ В УПЛОТНЕНИИ НАСОСА P-5105S;;;;;;
511_12_AI16.51PI931.51PT931.PV;;AI;ДАВЛЕНИЕ В УПЛОТНЕНИИ НАСОСА P-5105;;;;;;
511_12_AI16.51FI031.51FT031.PV;;AI;РАСХОД Р-РА NAOH В Т-5131 (ЦИРКУЛЯЦИЯ);;;;;;
511_12_AI16.51PI058.51PT058.PV;;AI;Р ОТПАР. ВОДЫ В СЕКЦИЮ 2000 /ПК (К3);;;;;;
511_12_AI16.51FC022.51FT022.PV;;AI;РАСХОД ОТПАР. ВОДЫ В Е-5130 ОТ Р-5120;;;;;;
511_12_AI16.51FI015.51FT015.PV;;AI;РАСХОД КИСЛОЙ ВОДЫ ОТ Р-5102,S В F-5100;;;;;;
511_12_AI16.51PI059.51PT059.PV;;AI;ДАВЛЕНИЕ В ЛИНИИ ОТПАР. ВОДЫ К F-4301103;;;;;;
511_12_AI16.51FI017.51FT017.PV;;AI;РАСХОД ОТПАРЕННОЙ ВОДЫ В  F-4301103;;;;;;
511_12_AI16.51LI041.51LT041.PV;;AI;УРОВЕНЬ НЕФТЕПРОДУКТА В V-5103;;;;;;
511_12_AI17.51PI983.51PT983.PV;;AI;ДАВЛЕНИЕ В УПЛОТНЕНИИ НАСОСА P-5102;;;;;;
511_12_AI17.51PI987.51PT987.PV;;AI;ДАВЛЕНИЕ В УПЛОТНЕНИИ НАСОСА P-5110;;;;;;
511_12_AI17.51PI994.51PT994.PV;;AI;ДАВЛЕНИЕ В УПЛОТНЕНИИ НАСОСА P-5120S;;;;;;
511_12_AI17.51PI992.51PT992.PV;;AI;ДАВЛЕНИЕ В УПЛОТНЕНИИ НАСОСА P-5120;;;;;;
511_12_AI17.51PI997.51PT997.PV;;AI;ДАВЛЕНИЕ В УПЛОТНЕНИИ НАСОСА P-5131S;;;;;;
511_12_AI17.51PI995.51PT995.PV;;AI;ДАВЛЕНИЕ В УПЛОТНЕНИИ НАСОСА P-5131;;;;;;
511_12_AI17.51PI901.51PT901.PV;;AI;ДАВЛЕНИЕ В УПЛОТНЕНИИ НАСОСА P-5103;;;;;;
511_12_AI17.51TI053.51TT053.PV;;AI;Т ОТПАР. ВОДЫ НА ВХОДЕ В А-5109;;;;;;
511_12_AI17.51TI093B.51TT093B.PV;;AI;Т КИСЛОЙ ВОДЫ В F-5100 L2-7000 ММ;;;;;;
511_12_AI17.51TI093A.51TT093A.PV;;AI;Т КИСЛОЙ ВОДЫ В F-5100 L1-4000 ММ;;;;;;
511_12_AI17.51TI093D.51TT093D.PV;;AI;Т КИСЛОЙ ВОДЫ В F-5100 L4-14500 ММ;;;;;;
511_12_AI17.51TI093C.51TT093C.PV;;AI;Т КИСЛОЙ ВОДЫ В F-5100 L3-10500 ММ;;;;;;
511_12_AI17.51PI981.51PT981.PV;;AI;ДАВЛЕНИЕ В УПЛОТНЕНИИ НАСОСА P-5100S;;;;;;
511_12_AI17.51PI979.51PT979.PV;;AI;ДАВЛЕНИЕ В УПЛОТНЕНИИ НАСОСА P-5100;;;;;;
511_12_AI17.51PI985.51PT985.PV;;AI;ДАВЛЕНИЕ В УПЛОТНЕНИИ НАСОСА P-5102S;;;;;;
511_12_AI17.51PI989.51PT989.PV;;AI;ДАВЛЕНИЕ В УПЛОТНЕНИИ НАСОСА P-5110S;;;;;;
511_12_AI18.51PI917.51PT917.PV;;AI;ДАВЛЕНИЕ В УПЛОТНЕНИИ НАСОСА P-5130S;;;;;;
511_12_AI18.51TI838A.51TT838A.PV;;AI;Т 1 ОБМОТКИ ГЛАВН. ЭЛ. ДВИГ. C-5140;;;;;;
511_12_AI18.51PI971.51PT971.PV;;AI;ДАВЛЕНИЕ В УПЛОТНЕНИИ НАСОСА P-5101;;;;;;
511_12_AI18.51TI838C.51TT838C.PV;;AI;Т 3 ОБМОТКИ ГЛАВНОГО ЭЛ. ДВИГ. C-5140;;;;;;
511_12_AI18.51TI838B.51TT838B.PV;;AI;Т 2 ОБМОТКИ ГЛАВНОГО ЭЛ. ДВИГ. C-5140;;;;;;
511_12_AI18.51TI888B.51TT888B.PV;;AI;Т 2 ОБМОТКИ ГЛАВН. ЭЛ. ДВИГ. C-5140S;;;;;;
511_12_AI18.51TI888A.51TT888A.PV;;AI;Т 1 ОБМОТКИ ГЛАВН. ЭЛ. ДВИГ. C-5140S;;;;;;
511_12_AI18.51TI888C.51TT888C.PV;;AI;Т 3 ОБМОТКИ ГЛАВН. ЭЛ. ДВИГ. C-5140S;;;;;;
511_12_AI18.51PI903.51PT903.PV;;AI;ДАВЛЕНИЕ В УПЛОТНЕНИИ НАСОСА P-5108;;;;;;
511_12_AI18.51PI907.51PT907.PV;;AI;ДАВЛЕНИЕ В УПЛОТНЕНИИ НАСОСА P-5115;;;;;;
511_12_AI18.51PI905.51PT905.PV;;AI;ДАВЛЕНИЕ В УПЛОТНЕНИИ НАСОСА P-5109;;;;;;
511_12_AI18.51PI911.51PT911.PV;;AI;ДАВЛЕНИЕ В УПЛОТНЕНИИ НАСОСА P-5121;;;;;;
511_12_AI18.51PI909.51PT909.PV;;AI;ДАВЛЕНИЕ В УПЛОТНЕНИИ НАСОСА P-5115S;;;;;;
511_12_AI18.51PI915.51PT915.PV;;AI;ДАВЛЕНИЕ В УПЛОТНЕНИИ НАСОСА P-5130;;;;;;
511_12_AI18.51PI913.51PT913.PV;;AI;ДАВЛЕНИЕ В УПЛОТНЕНИИ НАСОСА P-5121S;;;;;;
511_12_AI18.51PI921.51PT921.PV;;AI;ДАВЛЕНИЕ В УПЛОТНЕНИИ НАСОСА P-5161;;;;;;
511_12_AI19.51PI827C.51PT827C.PV;;AI;Р ПРОДУВОЧНОГО ГАЗА УПЛ. ШТОКА C-5140;;;;;;
511_12_AI19.51PI833D.51PT833D.PV;;AI;ДАВЛЕНИЯ МАСЛА ПОСЛЕ НАСОСА Р-1S C-5140;;;;;;
511_12_AI19.51TI837.51TT837.PV;;AI;Т ГЛАВНОГО ЭЛ. ДВИГАТЕЛЯ C-5140;;;;;;
511_12_AI19.51PI833C.51PT833C.PV;;AI;ДАВЛЕНИЯ МАСЛА ПОСЛЕ НАСОСА Р-1 C-5140;;;;;;
511_12_AI19.51TI887.51TT887.PV;;AI;Т ГЛАВНОГО ЭЛ. ДВИГАТЕЛЯ C-5140S;;;;;;
511_12_AI19.51PDI831.51PDT831.PV;;AI;ПЕРЕПАД ДАВЛЕНИЯ МАСЛА НА  ФИЛЬТРАХ C-5140-S1,S1S;;;;;;
511_12_AI19.51PI827B.51PT827B.PV;;AI;Р ПРОДУВОЧНОГО ГАЗА 2 ЦИЛИНДРА C-5140;;;;;;
511_12_AI19.51PI827A.51PT827A.PV;;AI;Р ПРОДУВОЧНОГО ГАЗА 1 ЦИЛИНДРА C-5140;;;;;;
511_12_AO20.51PC055.51PV055.OP;;AO;ДАВЛЕНИЕ ОТХОДЯЩИХ ГАЗОВ ИЗ V-5101;;;;;;
511_12_AO20.51PC076.51PV076.OP;;AO;ДАВЛЕНИЕ АЗОТА В V-5161;;;;;;
511_12_AO20.51PY079B.51PV079B.OP;;AO;АЗОТ ОТ V-5105;;;;;;
511_12_AO20.51LC036.51LV036.OP;;AO;УРОВЕНЬ КИСЛОЙ ВОДЫ В V-5102 (РАЗДЕЛ ФАЗ);;;;;;
511_12_AO20.51PY079A.51PV079A.OP;;AO;АЗОТ В V-5105;;;;;;
511_12_AO20.51TY055B.51TV055B.OP;;AO;ОТПАРЕННАЯ ВОДА ИЗ А-5109;;;;;;
511_12_AO20.51TY055A.51TV055A.OP;;AO;ОТПАРЕННАЯ ВОДА ИЗ А-5109;;;;;;
511_12_AO20.51LC054.51LV054.OP;;AO;УРОВЕНЬ Р-РА NAOH В Т-5131;;;;;;
511_12_AO20.51FC022.51FV022.OP;;AO;РАСХОД ОТПАР. ВОДЫ В Е-5130 ОТ Р-5120;;;;;;
511_12_AO20.51LY048.51LV048.OP;;AO;СЕЛЕКТОР НИЗКОГО УРОВНЯ В Т-5120;;;;;;
511_12_AO20.51FC019.51FV019.OP;;AO;РАСХОД ОРОШЕНИЯ В Т-5110;;;;;;
511_12_AO20.51FY018.51FV018.OP;;AO;РАСХОД ОТПАР. ВОДЫ В СЕКЦИЮ 2000/ПК (К3);;;;;;
511_12_AO20.51LC052.51LV052.OP;;AO;УРОВЕНЬ ОТПАРЕННОЙ ВОДЫ В Т-5130;;;;;;
511_12_AO20.51LC050.51LV050.OP;;AO;УРОВЕНЬ КИСЛОЙ ВОДЫ В V-5121;;;;;;
511_12_AO20.51LC035.51LV035.OP;;AO;УРОВЕНЬ КИСЛОЙ ВОДЫ В V-5101;;;;;;
511_12_DI01.51HS964A.51HS964.PV;;DI;C-5140 МЕСТНАЯ КНОПКА ТЕСТ;;;;;;
511_12_DI01.51HS965.51HS965.PV;;DI;C-5140 КВИТИРОВАНИЕ СИРЕНЫ ;;;;;;
511_12_DI01.51HS990.51HS990.PV;;DI;C-5140S КВИТИРОВАНИЕ СИРЕНЫ.;;;;;;
511_12_DI01.51HS989A.51HS989.PV;;DI;C-5140S МЕСТНАЯ КНОПКА ТЕСТ;;;;;;
511_12_AO24.51TC951A.51TV951A.OP;;AO;Воздух рециркуляции коробки A-5109;;;;;;
511_12_AO24.51HC951C.51HV951C.OP;;AO;А-5109 ПРИВОД ВЕНТИЛЯЦИОННОЙ РЕШЕТКИ ;;;;;;
511_12_AO24.51PY057.51PV057.OP;;AO;КИСЛЫЙ ГАЗ НА ВЫХОДЕ ИЗ F-5100;;;;;;
511_12_AO24.51LC062.51LV062.OP;;AO;УРОВЕНЬ НЕФТЕПРОДУКТА В V-5161;;;;;;
511_12_AO24.51HC951B.51HV951B.OP;;AO;А-5109 ПРИВОД ВЕНТИЛЯЦИОННОЙ РЕШЕТКИ ;;;;;;
511_12_AO24.51PY056.51PV056.OP;;AO;ДАВЛЕНИЕ КИСЛОЙ ВОДЫ В F-5100;;;;;;
511_12_DI03.51HV048.51XSF048.PV;;DI;Z-5116 МУФТА;;;;;;
511_12_DI03.51XV045.51XSO045.PV;;DI;Z-5113 КОНЦЕВИК ОТКРЫТИЯ;;;;;;
511_12_DI03.51HV048.51XSO048.PV;;DI;Z-5116 КОНЦЕВИК ОТКРЫТИЯ;;;;;;
511_12_DI03.51HV051.51XSO051.PV;;DI;Z-5119 КОНЦЕВИК ОТКРЫТИЯ;;;;;;
511_12_DI03.51HX035.51XS035B.PV;;DI;Холодильник A-5160/1 - СБОЙ;;;;;;
511_12_DI03.51XV044.51XSO044.PV;;DI;Z-5110 КОНЦЕВИК ОТКРЫТИЯ;;;;;;
511_12_DI03.51HX035.51XS035D.PV;;DI;Холодильник A-5160/1 - HEALTHY;;;;;;
511_12_DI03.51XV044.51XSF044.PV;;DI;Z-5110 МУФТА;;;;;;
511_12_DI03.51HV051.51XSF051.PV;;DI;Z-5119 МУФТА;;;;;;
511_12_DI03.51HV051.51XSC051.PV;;DI;Z-5119 КОНЦЕВИК ЗАКРЫТИЯ;;;;;;
511_12_DI03.51HX032.51XS032B.PV;;DI;A-5121/2 НЕИСПРАВНОСТЬ;;;;;;
511_12_DI03.51XV044.51XSC044.PV;;DI;Z-5110 КОНЦЕВИК ЗАКРЫТИЯ;;;;;;
511_12_DI03.51XV045.51XSC045.PV;;DI;Z-5113 КОНЦЕВИК ЗАКРЫТИЯ;;;;;;
511_12_DI03.51XV045.51XSF045.PV;;DI;Z-5113 МУФТА;;;;;;
511_12_DI03.51HV037.51XSO037.PV;;DI;Z-5102 КОНЦЕВИК ОТКРЫТИЯ;;;;;;
511_12_DI03.51HV037.51XSF037.PV;;DI;Z-5102 МУФТА;;;;;;
511_12_DI03.51HV037.51XSC037.PV;;DI;Z-5102 КОНЦЕВИК ЗАКРЫТИЯ;;;;;;
511_12_DI03.51HV048.51XSC048.PV;;DI;Z-5116 КОНЦЕВИК ЗАКРЫТИЯ;;;;;;
511_12_DI03.51HX032.51XS032A.PV;;DI;Холодильник A-5121/2 - включен;;;;;;
511_12_DI03.51HX035.51XS035A.PV;;DI;A-5160/1 РАБОТА;;;;;;
511_12_DI03.51HX032.51XS032C.PV;;DI;A-5121/2 ГОТОВНОСТЬ;;;;;;
511_12_DI03.51HX035.51XS035C.PV;;DI;Холодильник A-5160/1 - общая неисправность SFC;;;;;;
511_12_DI02.51HV047.51XSC047.PV;;DI;Z-5115 КОНЦЕВИК ЗАКРЫТИЯ;;;;;;
511_12_DI02.51HX007.51XS007A.PV;;DI;P-5105 НЕИСПРАВНОСТЬ;;;;;;
511_12_DI02.51HX062.51XS062A.PV;;DI;A-5160/3 РАБОТА;;;;;;
511_12_DI02.51HX062.51XS062B.PV;;DI;A-5160/3 НЕИСПРАВНОСТЬ;;;;;;
511_12_DI02.51HX031.51XS031D.PV;;DI;A-5121/1 - включен через байпас;;;;;;
511_12_DI02.51HX008.51XS008.PV;;DI;P-5105S РАБОТА;;;;;;
511_12_DI02.51XV038.51XSC038.PV;;DI;Z-5103 КОНЦЕВИК ЗАКРЫТИЯ;;;;;;
511_12_DI02.51HX062.51XS062D.PV;;DI;A-5160/3 ГОТОВНОСТЬ;;;;;;
511_12_DI02.51XV038.51XSF038.PV;;DI;Z-5103 МУФТА;;;;;;
511_12_DI02.51HX031.51XS031C.PV;;DI;A-5121/1 ОБЩАЯ НЕИСПРАВНОСТЬ;;;;;;
511_12_DI02.51HX031.51XS031B.PV;;DI;A-5121/1 НЕИСПРАВНОСТЬ;;;;;;
511_12_DI02.51HX007.51XS007.PV;;DI;P-5105 РАБОТА;;;;;;
511_12_DI02.51HV047.51XSF047.PV;;DI;Z-5115 МУФТА;;;;;;
511_12_DI02.51HX029.51XS029C.PV;;DI;A-5109/1 ОБЩАЯ НЕИСПРАВНОСТЬ;;;;;;
511_12_DI02.51HV047.51XSO047.PV;;DI;Z-5115 КОНЦЕВИК ОТКРЫТИЯ;;;;;;
511_12_DI02.51HX030.51XS030C.PV;;DI;A-5109/2 ОБЩАЯ НЕИСПРАВНОСТЬ;;;;;;
511_12_DI02.51HX029.51XS029D.PV;;DI;Холодильник A-5109/1 - включен через  байпас;;;;;;
511_12_DI02.51HX033.51XS033C.PV;;DI;A-5121/3 ОБЩАЯ НЕИСПРАВНОСТЬ;;;;;;
511_12_DI02.51HX008.51XS008A.PV;;DI;P-5105S НЕИСПРАВНОСТЬ;;;;;;
511_12_DI02.51HX030.51XS030D.PV;;DI;Холодильник A-5109/2 - включен через байпас;;;;;;
511_12_DI02.51HX031.51XS031A.PV;;DI;A-5121/1 РАБОТА;;;;;;
511_12_DI02.51HX033.51XS033D.PV;;DI;Холодильник A-5121/3 - включен через байпас;;;;;;
511_12_DI02.51HX009.51XS009A.PV;;DI;P-5106 НЕИСПРАВНОСТЬ;;;;;;
511_12_DI02.00XA511U02ALM.00XS511U02ALM.PV;;DI;IB51-1 общий предупр сигнал ИБП2;;;;;;
511_12_DI02.00XA511U02RMF.00XS511U02RMF.PV;;DI;IB51-1 сбой сети выпрямителя ИБП2;;;;;;
511_12_DI02.00XA511U02BAE.00XS511U02BAE.PV;;DI;IB51-1 батарея разряжена ИБП2;;;;;;
511_12_DI02.00XA511U02BMF.00XS511U02BMF.PV;;DI;IB51-1 сбой сети байпаса ИБП2;;;;;;
511_12_DI02.51XV038.51XSO038.PV;;DI;Z-5103 КОНЦЕВИК ОТКРЫТИЯ;;;;;;
511_12_DI02.51HX009.51XS009.PV;;DI;P-5106 РАБОТА;;;;;;
511_12_DI04.51HX006.51XS006B.PV;;DI;P-5103 НЕИСПРАВНОСТЬ;;;;;;
511_12_DI04.51HX001.51XS001A.PV;;DI;P-5100 РАБОТА;;;;;;
511_12_DI04.51HX002.51XS002A.PV;;DI;P-5100S РАБОТА;;;;;;
511_12_DI04.51HX001.51XS001B.PV;;DI;P-5100 НЕИСПРАВНОСТЬ;;;;;;
511_12_DI04.51HX034.51XS034B.PV;;DI;A-5121/4 НЕИСПРАВНОСТЬ;;;;;;
511_12_DI04.51HX021.51XS021A.PV;;DI;P-5130S РАБОТА;;;;;;
511_12_DI04.51HX005.51XS005B.PV;;DI;P-5102S НЕИСПРАВНОСТЬ;;;;;;
511_12_DI04.51HX015.51XS015A.PV;;DI;P-5115S РАБОТА;;;;;;
511_12_DI04.51HX021.51XS021B.PV;;DI;P-5130S НЕИСПРАВНОСТЬ;;;;;;
511_12_DI04.51HX019.51XS019A.PV;;DI;P-5121S РАБОТА;;;;;;
511_12_DI04.51HX015.51XS015B.PV;;DI;P-5115S НЕИСПРАВНОСТЬ;;;;;;
511_12_DI04.51HX012.51XS012B.PV;;DI;P-5110 НЕИСПРАВНОСТЬ;;;;;;
511_12_DI04.51HX034.51XS034A.PV;;DI;A-5121/4 РАБОТА;;;;;;
511_12_DI04.51HX003.51XS003B.PV;;DI;P-5161 НЕИСПРАВНОСТЬ;;;;;;
511_12_DI04.51HX034.51XS034C.PV;;DI;A-5121/4 ГОТОВНОСТЬ;;;;;;
511_12_DI04.51HX016.51XS016B.PV;;DI;P-5120 НЕИСПРАВНОСТЬ;;;;;;
511_12_DI04.51HX024.51XS024A.PV;;DI;P-5150 РАБОТА;;;;;;
511_12_DI04.51HX022.51XS022B.PV;;DI;P-5131 НЕИСПРАВНОСТЬ;;;;;;
511_12_DI04.51HX005.51XS005A.PV;;DI;P-5102S РАБОТА;;;;;;
511_12_DI04.51HX024.51XS024B.PV;;DI;P-5150 НЕИСПРАВНОСТЬ;;;;;;
511_12_DI04.51HX003.51XS003A.PV;;DI;P-5161 РАБОТА;;;;;;
511_12_DI04.51HX028.51XS028C.PV;;DI;K-5160 ГОТОВНОСТЬ;;;;;;
511_12_DI04.51HX006.51XS006A.PV;;DI;P-5103 РАБОТА;;;;;;
511_12_DI04.51HX019.51XS019B.PV;;DI;P-5121S НЕИСПРАВНОСТЬ;;;;;;
511_12_DI04.51HX012.51XS012A.PV;;DI;P-5110 РАБОТА;;;;;;
511_12_DI04.51HX028.51XS028.PV;;DI;К-5160 РАБОТА;;;;;;
511_12_DI04.51HX002.51XS002B.PV;;DI;P-5100S НЕИСПРАВНОСТЬ;;;;;;
511_12_DI04.51HX016.51XS016A.PV;;DI;P-5120 РАБОТА;;;;;;
511_12_DI04.51HX022.51XS022A.PV;;DI;P-5131 РАБОТА;;;;;;
511_12_DI25.51LAL929.51LSL929.PV;;DI;УРОВЕНЬ МАСЛА В КАРТЕРЕ C-5140 ;;;;;;
511_12_DI25.51LAL979.51LSL979.PV;;DI;УРОВЕНЬ МАСЛА В КАРТЕРЕ C-5140S ;;;;;;
511_12_DI25.51LC058.51LZSO058.PV;;DI;51LV058 КОНЦЕВИК ОТКРЫТИЯ;;;;;;
511_12_DI25.51LC056.51LZSO056.PV;;DI;51LV056 КОНЦЕВИК ОТКРЫТИЯ;;;;;;
511_12_DI25.51LC058.51LZSC058.PV;;DI;51LV058 КОНЦЕВИК ЗАКРЫТИЯ;;;;;;
511_12_DI25.51LC056.51LZSC056.PV;;DI;51LV056 КОНЦЕВИК ЗАКРЫТИЯ;;;;;;
511_12_DI25.51LAL927.51LSL927.PV;;DI;Уровень резервуара охлаждающей воды C-5140 ;;;;;;
511_12_DI25.51LAL977.51LSL977.PV;;DI;УРОВЕНЬ ОХЛ. ВОДЫ В V-5 C-5140S;;;;;;
511_12_DI08.00XA511U01BAE.00XS511U01BAE.PV;;DI;IB51-1 батарея разряжена ИБП1;;;;;;
511_12_DI08.00XA511U01ALM.00XS511U01ALM.PV;;DI;IB51-1 общий предупред сигнал ИБП1;;;;;;
511_12_DI08.00XA511D01.00XS511D01.PV;;DI;IB51-1 Общее сигнальное устройство DCS-01 ;;;;;;
511_12_DI08.00XA511D03.00XS511D03.PV;;DI;IB51-1 Общее сигнальное устройство DCS-03;;;;;;
511_12_DI08.00XA511D02.00XS511D02.PV;;DI;IB51-1 Общее сигнальное устройство DCS-02;;;;;;
511_12_DI08.00XA511P01.00XS511P01.PV;;DI;IB51-1 Общее сигнальное устройство PDC-01 ;;;;;;
511_12_DI08.00XA511I07.00XS511I07.PV;;DI;IB51-1 Общее сигнальное устройство IRC-07;;;;;;
511_12_DI08.00XA511I05.00XS511I05.PV;;DI;SS51-1 Общее сигнальное устройство IRC-05;;;;;;
511_12_DI08.00XA511F01.00XS511F01.PV;;DI;IB51-1 Общее сигнальное устройство FACP;;;;;;
511_12_DI08.00XA511B02.00XS511B02.PV;;DI;IB51-1 Общее сигнальное устройство BN-02;;;;;;
511_12_DI08.00XA511B01.00XS511B01.PV;;DI;IB51-1 Общее сигнальное устройство BN-01;;;;;;
511_12_DI08.00XA511A01F.00XS511A01F.PV;;DI;IB51-1 Общее сигнальное устройство ALM-01F;;;;;;
511_12_DI08.00XA511A01H.00XS511A01H.PV;;DI;IB51-1 Общее сигнальное устройство ALM-01H;;;;;;
511_12_DI08.00XA511I02.00XS511I02.PV;;DI;SS51-1 Общее сигнальное устройство IRC-02;;;;;;
511_12_DI08.00XA511I01.00XS511I01.PV;;DI;SS51-1 Общее сигнальное устройство IRC-01;;;;;;
511_12_DI08.00XA511I04.00XS511I04.PV;;DI;SS51-1 Общее сигнальное устройство IRC-04;;;;;;
511_12_DI08.00XA511I03.00XS511I03.PV;;DI;SS51-1 Общее сигнальное устройство IRC-03;;;;;;
511_12_DI08.00XA511I06.00XS511I06.PV;;DI;SS51-1 Общее сигнальное устройство IRC-06;;;;;;
511_12_DI08.00XA512N01.00XS512N01.PV;;DI;IB51-2 COR Общее сигнальное устройство FON-01;;;;;;
511_12_DI08.00XA511D04.00XS511D04.PV;;DI;IB51-1 Общее сигнальное устройство DCS-04;;;;;;
511_12_DI08.00XA511S01.00XS511S01.PV;;DI;IB51-1 Общее сигнальное устройство SPM-01;;;;;;
511_12_DI08.00XA511N01.00XS511N01.PV;;DI;IB51-1 Общее сигнальное устройство FON-01;;;;;;
511_12_DI08.00XA511U01RMF.00XS511U01RMF.PV;;DI;IB51-1 сбой сети выпрямителя ИБП1;;;;;;
511_12_DI08.00XA511U01BMF.00XS511U01BMF.PV;;DI;IB51-1 сбой сети байпаса ИБП1;;;;;;
511_12_DI26.51VAH006.51VSH006.PV;;DI;Вибрация А-5121/4;;;;;;
511_12_DI26.51VAH001.51VSH001.PV;;DI;Вибрация А-5109/1;;;;;;
511_12_DI26.51VAH003.51VSH003.PV;;DI;Вибрация А-5121/1;;;;;;
511_12_DI26.51VAH002.51VSH002.PV;;DI;Вибрация А-5109/2;;;;;;
511_12_DI26.51VAH005.51VSH005.PV;;DI;Вибрация А-5121/3;;;;;;
511_12_DI26.51VAH004.51VSH004.PV;;DI;Вибрация А-5121/2;;;;;;
511_12_DI26.51VAH999.51VSH999.PV;;DI;Вибрация A-5160/2;;;;;;
511_12_DI26.51VAH007.51VSH007.PV;;DI;Вибрация A-5160/1;;;;;;
511_12_DI26.51VAH998.51VSH998.PV;;DI;Вибрация A-5160/3;;;;;;
511_12_DO05.51HX022.51HY022.SO;;DO;P-5131 СТОП;;;;;;
511_12_DO05.51HV051.51HY051A.SO;;DO;Z-5119 ОТКРЫТИЕ;;;;;;
511_12_DO05.51HX006.51HY006.SO;;DO;Отключение насоса P-5103 ;;;;;;
511_12_DO05.51HV051.51HY051B.SO;;DO;Z-5119 ЗАКРЫТИЕ;;;;;;
511_12_DO05.51HV037.51HY037B.SO;;DO;Z-5102 ЗАКРЫТИЕ;;;;;;
511_12_DO05.51HV037.51HY037A.SO;;DO;Z-5102 ОТКРЫТИЕ;;;;;;
511_12_DO05.51HX028.51HY028B.SO;;DO;К-5160 СТОП;;;;;;
511_12_DO05.51HX001.51HY001.SO;;DO;P-5100 СТОП;;;;;;
511_12_DO05.51HX005.51HY005.SO;;DO;P-5102S СТОП;;;;;;
511_12_DO05.51HX021.51HY021.SO;;DO;P-5130S СТОП;;;;;;
511_12_DO05.51HX002.51HY002.SO;;DO;P-5100S СТОП;;;;;;
511_12_DO05.51HX003.51HY003.SO;;DO;P-5161 СТОП;;;;;;
511_12_DO05.51HX028.51HY028A.SO;;DO;К-5160 ПУСК;;;;;;
511_12_DO05.51HX024.51HY024.SO;;DO;P-5150 СТОП;;;;;;
511_12_DO05.51HX019.51HY019.SO;;DO;P-5121S СТОП;;;;;;
511_12_DO05.51HV048.51HY048B.SO;;DO;Z-5116 ЗАКРЫТИЕ;;;;;;
511_12_DO05.51HV048.51HY048A.SO;;DO;Z-5116 ОТКРЫТИЕ;;;;;;
511_12_DO05.51C02FRB01.30HYC02FRB01.SO;;DO;КОНТРОЛЬ ПИТАНИЯ 32 КАНАЛ C02FRB01;;;;;;
511_12_DO06.51HX031.51HY031A.SO;;DO;A-5121/1 СТОП;;;;;;
511_12_DO06.51HX062.51HY062A.SO;;DO;A-5160/3 СТОП;;;;;;
511_12_DO06.51HX062.51HY062B.SO;;DO;A-5160/3;;;;;;
511_12_DO06.51HX033.51HY033B.SO;;DO;A-5121/3 БАЙПАС;;;;;;
511_12_DO06.51HX032.51HY032.SO;;DO;Отключение холодильника A-5121/2;;;;;;
511_12_DO06.51HX034.51HY034.SO;;DO;A-5121/4 СТОП;;;;;;
511_12_DO06.51HX033.51HY033A.SO;;DO;A-5121/3 СТОП;;;;;;
511_12_DO06.51HX029.51HY029B.SO;;DO;A-5109/1 БАЙПАС;;;;;;
511_12_DO06.51HX034.51HY034A.SO;;DO;Включение холодильника A-5121/4;;;;;;
511_12_DO06.51HX032.51HY032A.SO;;DO;Включение холодильника A-5121/2;;;;;;
511_12_DO06.51HX033.51HY033.SO;;DO;Включение холодильника A-5121/3;;;;;;
511_12_DO06.51HX030.51HY030.SO;;DO;Включение холодильника A-5109/2;;;;;;
511_12_DO06.51HX031.51HY031.SO;;DO;Включение холодильника A-5121/1;;;;;;
511_12_DO06.51HX012.51HY012.SO;;DO;P-5110 СТОП;;;;;;
511_12_DO06.51HX014.51HY014.SO;;DO;P-5115 СТОП;;;;;;
511_12_DO06.51HX013.51HY013.SO;;DO;Отключение насоса P-5110S;;;;;;
511_12_DO06.51HX016.51HY016.SO;;DO;P-5120 СТОП;;;;;;
511_12_DO06.51HX015.51HY015.SO;;DO;Отключение насоса P-5115S;;;;;;
511_12_DO06.51HX031.51HY031B.SO;;DO;A-5121/1 БАЙПАС;;;;;;
511_12_DO06.51HX029.51HY029A.SO;;DO;A-5109/1 СТОП;;;;;;
511_12_DO06.51HX030.51HY030A.SO;;DO;A-5109/2;;;;;;
511_12_DO06.51HX030.51HY030B.SO;;DO;A-5109/2 БАЙПАС;;;;;;
511_12_DO06.51HX029.51HY029.SO;;DO;Включение холодильника A-5109/1;;;;;;
511_12_DO10.51HX966.51HY966B.SO;;DO;ЭЛ.ДВ. P1S ВСПОМ. МАСЛ. НАСОСА C-5140;;;;;;
511_12_DO10.51HV036.51HY036B.SO;;DO;Z-5101 ЗАКРЫТИЕ;;;;;;
511_12_DO10.51HV039.51HY039B.SO;;DO;Z-5104 ЗАКРЫТИЕ;;;;;;
511_12_DO10.51HV041.51HY041A.SO;;DO;Z-5106 ОТКРЫТИЕ;;;;;;
511_12_DO10.51HV036.51HY036A.SO;;DO;Z-5101 ОТКРЫТИЕ;;;;;;
511_12_DO10.51HV047.51HY047B.SO;;DO;Z-5115 ЗАКРЫТИЕ;;;;;;
511_12_DO10.51XV045.51XY045.SO;;DO;Z-5113 ОТКРЫТИЕ;;;;;;
511_12_DO10.51HX958.51HY958A.SO;;DO;ЭЛ.ДВ. P2 НАСОСА С-МЫ ОХЛАЖД. C-5140;;;;;;
511_12_DO10.51HX984.51HY984A.SO;;DO;ЭЛ.ДВ. P2S НАСОСА С-МЫ ОХЛАЖД. C-5140S;;;;;;
511_12_DO10.51HX958.51HY958B.SO;;DO;ЭЛ.ДВ. P2 НАСОСА С-МЫ ОХЛАЖД. C-5140;;;;;;
511_12_DO10.51HX017.51HY017.SO;;DO;P-5120S СТОП;;;;;;
511_12_DO10.51HX984.51HY984B.SO;;DO;ЭЛ.ДВ. P2S НАСОСА С-МЫ ОХЛАЖД. C-5140S;;;;;;
511_12_DO10.51HX004.51HY004.SO;;DO;P-5102 СТОП;;;;;;
511_12_DO10.51HV047.51HY047A.SO;;DO;Z-5115 ОТКРЫТИЕ;;;;;;
511_12_DO10.51HX011.51HY011.SO;;DO;P-5109 Автомат.отключение насоса ;;;;;;
511_12_DO10.51HV039.51HY039A.SO;;DO;Z-5104 ОТКРЫТИЕ;;;;;;
511_12_DO10.51HX010.51HY010A.SO;;DO;P-5108 СТОП;;;;;;
511_12_DO10.51XV044.51HY044B.SO;;DO;Z-5110 ЗАКРЫТИЕ;;;;;;
511_12_DO10.51HX023.51HY023.SO;;DO;Отключение насоса P-5131S;;;;;;
511_12_DO10.51HX018.51HY018.SO;;DO;P-5121 СТОП;;;;;;
511_12_DO10.51HX020.51HY020.SO;;DO;P-5130 СТОП;;;;;;
511_12_DO10.51HX010.51HY010B.SO;;DO;P-5108 ПУСК;;;;;;
511_12_DO10.51HV041.51HY041B.SO;;DO;Z-5106 ЗАКРЫТИЕ;;;;;;
511_12_DO10.51XV044.51XY044.SO;;DO;Z-5110 ОТКРЫТИЕ;;;;;;
511_12_DO10.51HX025.51HY025.SO;;DO;P-5150S СТОП;;;;;;
511_12_DO10.51C02RRB01.30HYC02RRB01.SO;;DO;КОНТРОЛЬ ПИТАНИЯ 32 КАНАЛ C02RRB01;;;;;;
51PCDI001_AI1.PCDI_AI.PV[1];300034,51LC046.DACB.P1;AI;УРОВЕНЬ КИСЛОЙ ВОДЫ В Т-5110;;;;;;
51PCDI001_AI1.PCDI_AI.PV[2];300035,51LC048.DACB.P1;AI;УРОВЕНЬ ОТПАРЕННОЙ ВОДЫ Т-5120;;;;;;
51PCDI001_AI1.PCDI_AI.PV[3];300036,51LC050.DACB.P1;AI;УРОВЕНЬ КИСЛОЙ ВОДЫ В V-5121;;;;;;
51PCDI001_AI1.PCDI_AI.PV[4];300037,51LC052.DACB.P1;AI;УРОВЕНЬ ОТПАРЕННОЙ ВОДЫ В Т-5130;;;;;;
51PCDI001_AI1.PCDI_AI.PV[5];300038,51LC054.DACB.P1;AI;УРОВЕНЬ Р-РА NAOH В Т-5131;;;;;;
511_21_AI13.52PI092.52PT092.PV;;AI;Давление. Тр-д 80-MBPF-51001-G-A-III-2-H;;;;;;
511_21_AI13.52FI030.52FT030.PV;;AI;Расход. Тр-д 50-S3-51285-G-A-BIV;;;;;;
511_21_AI13.52FI005.52FT005.PV;;AI;РАСХОД КИСЛОГО ГАЗА ИЗ V-5201 В С. 6000;;;;;;
511_21_AI13.52PC037.52PT037.PV;;AI;ДАВЛЕНИЕ КИСЛОГО ГАЗА ИЗ V-5201 В С.6000;;;;;;
511_21_AI13.52TI019.52TT019.PV;;AI;Т ОТПАРЕННОЙ ВОДЫ ИЗ E-5202 В ПК (К3);;;;;;
511_21_AI13.52LC007.52LT007.PV;;AI;УРОВЕНЬ КИСЛОЙ ВОДЫ В V-5201;;;;;;
511_21_AI13.52FC004.52FT004.PV;;AI;РАСХОД ОРОШЕНИЯ В T-5201;;;;;;
511_21_AI13.52FI003.52FT003.PV;;AI;РАСХОД ОТПАР. ВОДЫ ИЗ E-5202 В ПК (К3);;;;;;
511_21_AI13.52LI010.52LT010.PV;;AI;УРОВЕНЬ КИСЛОЙ ВОДЫ В V-5202;;;;;;
511_21_AI13.52FC001.52FT001.PV;;AI;РАСХОД КИСЛ ВОДЫ ОТ Р-5201,S В Е-5201A/B;;;;;;
511_21_AI13.52FC017.52FT017.PV;;AI;РАСХОД ПАРА СРЕДНЕГО ДАВЛЕНИЯ В E-5120;;;;;;
511_21_AI13.52FC006.52FT006.PV;;AI;РАСХОД КИСЛОЙ ВОДЫ ОТ Р-5201,S (ОБЩИЙ);;;;;;
511_21_AI13.52TC023.52TT023.PV;;AI;ТЕМПЕРАТУРА НА ВЫХОДЕ ИЗ А-5201;;;;;;
511_21_AI13.52TC042.52TT042.PV;;AI;ТЕМПЕРАТУРА ПАРА С.Д, ИЗ J-5101;;;;;;
511_21_AI13.52PI036.52PT036.PV;;AI;ДАВЛЕНИЕ КИСЛОГО ГАЗА ИЗ V-5201;;;;;;
511_21_AI13.52TI054.52TT054.PV;;AI;Т КИСЛОГО ГАЗА ИЗ V-5201 В С. 6000;;;;;;
511_21_AI14.52FI031.52FT031.PV;;AI;Расход. Тр-д 50-R3-51285-G-A-BIV;;;;;;
511_21_AI14.52FI019.52FT019.PV;;AI;РАСХОД ПРЯМОЙ ОХЛАЖДАЮЩЕЙ ВОДЫ НА УСТ;;;;;;
511_21_AI14.52FI023.52FT023.PV;;AI;РАСХОД ОБРАТНОЙ ГОРЯЧЕЙ ВОДЫ С УСТ;;;;;;
511_21_AI14.52FI012.52FT012.PV;;AI;РАСХОД ВПП НА УСТАНОВКУ;;;;;;
511_21_AI14.52FI010.52FT010.PV;;AI;РАСХОД ВОП НА УСТАНОВКУ;;;;;;
511_21_AI14.52FI015.52FT015.PV;;AI;РАСХОД КОНДЕНСАТА ПАРА С.Д. С УСТАНОВКИ;;;;;;
511_21_AI14.52FI014.52FT014.PV;;AI;РАСХОД КОНДЕНСАТА ПАРА Н.Д. С УСТАНОВКИ;;;;;;
511_21_AI14.52FI013.52FT013.PV;;AI;РАСХОД ВПО С УСТАНОВКИ;;;;;;
511_21_AI14.52FI009.52FT009.PV;;AI;РАСХОД ПАРА Н.Д. НА УСТАНОВКУ;;;;;;
511_21_AI14.52LI012.52LT012.PV;;AI;УРОВЕНЬ КИСЛОЙ ВОДЫ В F-5101;;;;;;
511_21_AI14.52LC005.52LT005.PV;;AI;УРОВЕНЬ ОТПАРЕННОЙ ВОДЫ В T-5201;;;;;;
511_21_AI14.52FC016.52FT016.PV;;AI;РАСХОД ПАРА НИЗКОГО ДАВЛЕНИЯ В E-5203;;;;;;
511_21_AI14.52FI011.52FT011.PV;;AI;РАСХОД ВОО С УСТАНОВКИ;;;;;;
511_21_AI14.52FC002.52FT002.PV;;AI;РАСХОД ОТП. ВОДЫ ОТ P-5203,S В Е-5201А/В;;;;;;
511_21_AI14.52TI047.52TT047.PV;;AI;Т ПРЯМОЙ ОХЛАЖДАЮЩЕЙ ВОДЫ НА УСТАНОВКУ;;;;;;
511_21_AI14.52FI008.52FT008.PV;;AI;РАСХОД ПАРА С.Д. НА УСТАНОВКУ;;;;;;
511_21_AI15.52FI113.52FT113.PV;;AI;Расход. Тр-д 50-MBPF-5100X на охлад.уст. J-5102;;;;;;
511_21_AI15.52LI111.52LT111.PV;;AI;УРОВЕНЬ В ЕМКОСТИ V-5201/1;;;;;;
511_21_AI15.52FI032.52FT032.PV;;AI;Расход. Тр-д 80-MBPF-51001-G-A-III-2-H;;;;;;
511_21_AI15.52LI112.52LT112.PV;;AI;УРОВЕНЬ В ЕМКОСТИ V-5201/1;;;;;;
511_21_AI15.52TI033.52TT033.PV;;AI;ТЕМПЕПРАТУРА КОНДЕНСАТА ПАРА С.Д. С УСТ;;;;;;
511_21_AI15.52TI026.52TT026.PV;;AI;ТЕМПЕРАТУРА ПАРА С.Д. НА УСТАНОВКУ;;;;;;
511_21_AI15.52TI028.52TT028.PV;;AI;ТЕМПЕРАТУРА ВОП НА УСТАНОВКУ;;;;;;
511_21_AI15.52TI027.52TT027.PV;;AI;ТЕМПЕРАТУРА ПАРА Н.Д. НА УСТАНОВКУ;;;;;;
511_21_AI15.52TI030.52TT030.PV;;AI;ТЕМПЕРАТУРА ВПП НА УСТАНОВКУ;;;;;;
511_21_AI15.52TI029.52TT029.PV;;AI;ТЕМПЕРАТУРА ВОО С УСТАНОВКИ;;;;;;
511_21_AI15.52TI032.52TT032.PV;;AI;ТЕМПЕПРАТУРА КОНДЕНСАТА ПАРА Н.Д. С УСТ;;;;;;
511_21_AI15.52TI031.52TT031.PV;;AI;ТЕМПЕРАТУРА ВПО С УСТАНОВКИ;;;;;;
511_21_AI15.52TI048.52TT048.PV;;AI;Т ОБРАТНОЙ ОХЛАЖДАЮЩЕЙ ВОДЫ С УСТАНОВКИ;;;;;;
511_21_AI15.52PI083.52PT083.PV;;AI;ДАВЛЕНИЕ ПАРА С.Д. НА УСТАНОВКУ;;;;;;
511_21_AI15.52PI082.52PT082.PV;;AI;ДАВЛЕНИЕ ПАРА Н.Д. НА УСТАНОВКУ;;;;;;
511_21_AI16.52FC111.52FT111.PV;;AI;Расход. Тр-д 50-NG-51380P1-G-A-BV;;;;;;
511_21_AI16.52TI113.52TT113.PV;;AI;Температура. Факельная емкость V-5202/1;;;;#=5;;
511_21_AI16.52FI112_1.52FT112_1.PV;;AI;Расход. Тр-д 250-AF-51211-G-A-AбII-H;;;;;;
511_21_AI16.52FI112_2.52FT112_2.PV;;AI;Расход. Тр-д 250-AF-51211-G-A-AбII-H;;;;;;
511_21_AI16.52TI056.52TT056.PV;;AI;Температура. Тр-д 80-MBPF-51001-G-A-III-2-H;;;;;;
511_21_AI16.52TC114.52TT114.PV;;AI;Температура. Тр-д 22-LS-5100X после охлад.уст. J-5102;;;;;;
511_21_AI16.52PC093.52PT093.PV;;AI;Давление. Тр-д после рег.кл. на установку;;;;;;
511_21_AI16.52FC018.52FT018.PV;;AI;РАСХОД ПАРА СРЕДНЕГО ДАВЛЕНИЯ В E-5110;;;;;;
511_21_AI16.52TI045.52TT045.PV;;AI;ТЕМПЕРАТУРА АЗОТА В.Д. НА УСТАНОВКУ;;;;;;
511_21_AI16.52PI072.52PT072.PV;;AI;ДАВЛЕНИЕ АЗОТА В.Д. НА УСТАНОВКУ;;;;;;
511_21_AI16.52LC009.52LT009.PV;;AI;УРОВЕНЬ КОНДЕНСАТА ПАРА С.Д. В V-5120;;;;;;
511_21_AI16.52FI027.52FT027.PV;;AI;РАСХОД АЗОТА В.Д, НА УСТАНОВКУ;;;;;;
511_21_AI17.52PI113.52PT113.PV;;AI;Давление. Факельная емкость V-5202/1;;;;;;
511_21_AI17.52AI007.52AT007.PV;;AI;PH В ОТПАРЕННАОЙ ВОДЕ В ПК (К-3) С УС-КИ;;;;;;
511_21_AI17.52TI020.52TT020.PV;;AI;ТЕМПЕРАТУРА ВЕРХА Т-5201;;;;;;
511_21_AI17.52TI022.52TT022.PV;;AI;ТЕМПЕРАТУРА ПАРОВ ИЗ Е-5203 В Т-5201;;;;;;
511_21_AI17.52PI075.52PT075.PV;;AI;ДАВЛЕНИЕ ВЕРХА В T-5201;;;;;;
511_21_AI17.52PI076.52PT076.PV;;AI;ДАВЛЕНИЕ НИЗА В T-5201;;;;;;
511_21_AI17.52TI041.52TT041.PV;;AI;ТЕМПЕРАТУРА НА ВЫХОДЕ ИЗ А-5201;;;;;;
511_21_AI17.52PI044.52PT044.PV;;AI;ДАВЛЕНИЕ КИСЛОГО ГАЗА В V-5202;;;;;;
511_21_AI17.52TI024.52TT024.PV;;AI;ТЕМПЕРАТУРА КИСЛОЙ ВОДЫ В V-5202;;;;;;
511_21_AI17.52TI017.52TT017.PV;;AI;Т КИСЛОГО ГАЗА ИЗ V-5202 НА ФАКЕЛ;;;;;;
511_21_AI17.52PI045.52PT045.PV;;AI;Р КИСЛОЙ ВОДЫ В ЛИНИИ ОТ P-5101 В F-5100;;;;;;
511_21_AI17.52TI036.52TT036.PV;;AI;ТЕМПЕРАТУРА КИСЛОЙ ВОДЫ В F-5101;;;;;;
511_21_AI17.52LI001.52LT001.PV;;AI;УРОВЕНЬ 20% Р-РА NAOH В V-5205;;;;;;
511_21_AI17.52FI022.52FT022.PV;;AI;РАСХОД ОТ P-5204,S (ЦИРКУЛЯЦИЯ);;;;;;
511_21_AI18.52UIQ025.52UT025.PV;;AI;ВОЗДУХА КИП НА УСТАНОВКУ;;;;;;
511_21_AI18.52FI021.52FT021.PV;;AI;РАСХОД КОТЛОВОЙ ПОДПИТ. ВОДЫ К J-5101;;;;;;
511_21_AI18.52PI088.52PT088.PV;;AI;ДАВЛЕНИЕ ПРЯМОЙ ОХЛАЖДАЮЩЕЙ ВОДЫ НА УСТ;;;;;;
511_21_AI18.52PI078.52PT078.PV;;AI;ДАВЛЕНИЕ ВПО С УСТАНОВКИ;;;;;;
511_21_AI18.52TI018.52TT018.PV;;AI;Т КИСЛОЙ ВОДЫ В Т-5201 (ПИТАНИЕ);;;;;;
511_21_AI18.52PI079.52PT079.PV;;AI;ДАВЛЕНИЕ ВПП НА УСТАНОВКУ;;;;;;
511_21_AI18.52TC021.52TT021.PV;;AI;ТЕМПЕРАТУРА НИЖНЕГО ПРОДУКТА ИЗ Т-5201;;;;;;
511_21_AI18.52PI085.52PT085.PV;;AI;ДАВЛЕНИЕ КОНДЕНСАТА ПАРА Н.Д.С УСТАНОВКИ;;;;;;
511_21_AI18.52UIQ026A.52UT026A.PV;;AI;АЗОТА НИЗКОГО ДАВЛЕНИЯ НА УСТАНОВКУ;;;;;;
511_21_AI18.52UIQ028.52UT028.PV;;AI;ВОЗДУХА ТЕХНИЧЕСКОГО НА УСТАНОВКУ;;;;;;
511_21_AI18.52UIQ026B.52UT026B.PV;;AI;АЗОТА НИЗКОГО ДАВЛЕНИЯ НА УСТАНОВКУ;;;;;;
511_21_AI18.52PI081.52PT081.PV;;AI;ДАВЛЕНИЕ ВОП НА УСТАНОВКУ;;;;;;
511_21_AI18.52PI084.52PT084.PV;;AI;ДАВЛЕНИЕ КОНДЕНСАТА ПАРА С.Д.С УСТАНОВКИ;;;;;;
511_21_AI18.52PI080.52PT080.PV;;AI;ДАВЛЕНИЕ ВОО С УСТАНОВКИ;;;;;;
511_21_AI18.52PI089.52PT089.PV;;AI;ДАВЛЕНИЕ ОБРАТН. ОХЛАЖДАЮЩЕЙ ВОДЫ С УСТ;;;;;;
511_21_AI20.52PI910.52PT910.PV;;AI;ДАВЛЕНИЕ В УПЛОТНЕНИИ НАСОСА P-5207;;;;;;
511_21_AI20.52PI912.52PT912.PV;;AI;ДАВЛЕНИЕ В УПЛОТНЕНИИ НАСОСА P-5205;;;;;;
511_21_AI20.52PI911.52PT911.PV;;AI;ДАВЛЕНИЕ В УПЛОТНЕНИИ НАСОСА P-5207S;;;;;;
511_21_AI20.52PI913.52PT913.PV;;AI;ДАВЛЕНИЕ В УПЛОТНЕНИИ НАСОСА P-5205S;;;;;;
511_21_AI20.52PI915.52PT915.PV;;AI;ДАВЛЕНИЕ В УПЛОТНЕНИИ НАСОСА P-5208S;;;;;;
511_21_AI20.52FQ007.52FT007.PV;;AI;СЧЕТЧИК КИСЛОГО ГАЗА ИЗ V-5202 НА ФАКЕЛ;;;;;;
511_21_AI20.52PI914.52PT914.PV;;AI;ДАВЛЕНИЕ В УПЛОТНЕНИИ НАСОСА P-5208;;;;;;
511_21_AI19.00XA511D06_G1B.00XS511D06_G1B.PV;;AI;IB51-1 DCS-06 Напряжение ИП (передняя сторона, нижний);;;;;;
511_21_AI19.52PI991.52PT991.PV;;AI;ДАВЛЕНИЕ В УПЛОТНЕНИИ НАСОСА P-5201;;;;;;
511_21_AI19.52PI903.52PT903.PV;;AI;ДАВЛЕНИЕ В УПЛОТНЕНИИ НАСОСА P-5202S;;;;;;
511_21_AI19.52PI901.52PT901.PV;;AI;ДАВЛЕНИЕ В УПЛОТНЕНИИ НАСОСА P-5202;;;;;;
511_21_AI19.52PI907.52PT907.PV;;AI;ДАВЛЕНИЕ В УПЛОТНЕНИИ НАСОСА P-5204S;;;;;;
511_21_AI19.52PI905.52PT905.PV;;AI;ДАВЛЕНИЕ В УПЛОТНЕНИИ НАСОСА P-5204;;;;;;
511_21_AI19.52PI920.52PT920.PV;;AI;ДАВЛЕНИЕ В УПЛОТНЕНИИ НАСОСА P-5206;;;;;;
511_21_AI19.52PI921.52PT921.PV;;AI;ДАВЛЕНИЕ В УПЛОТНЕНИИ НАСОСА P-5206S;;;;;;
511_21_AI19.52LI003.52LT003.PV;;AI;УРОВЕНЬ ИНГИБИТОРА КОРРОЗИИ В V-5203;;;;;;
511_21_AI29.51EI140.51ET140.PV;;AI;Ток двигателя компрессора СM-5140;;;;;;
511_21_AI29.51EI140S.51ET140S.PV;;AI;Ток двигателя компрессора СM-5140S;;;;;;
511_21_AI29.52AI006.52AT006.PV;;AI;СОДЕРЖАНИЕ О2 В АЗОТЕ В.Д. НА УСТАНОВКУ;;;;;;
511_21_AI29.52AI005.52AT005.PV;;AI;СОДЕРЖАНИЕ О2 В АЗОТЕ Н.Д. НА УСТАНОВКУ;;;;;;
511_21_AI29.52SI001.52ST001.PV;;AI;CКОРОСТЬ ВРАЩЕНИЯ ЭЛ. ДВ. А-5201;;;;;;
511_21_AO30.52FC111.52FV111.OP;;AO;Рег.клапан. Тр-д 50-NG-51380P1-G-A-BV;;;;;;
511_21_AO30.52PC093.52PV093.OP;;AO;Рег.клапан. Тр-д 200-MS-5100X на установкуу;;;;;;
511_21_AO30.52TC114.52TV114.OP;;AO;Рег.клапан. Тр-д 50-MBPF-5100X на охлад.уст. J-5102;;;;;;
511_21_AO30.52TC023.52SY001.OP;;AO;ТЕМПЕРАТУРА НА ВЫХОДЕ ИЗ А-5201 ;;;;;;
511_21_DI01.52HX921.52HS921A1.PV;;DI;Р-5206S КНОПКА ПУСК НА LP;;;;;;
511_21_DI01.52HX920.52HS920B1.PV;;DI;Р-5206 КНОПКА СТОП НА LP;;;;;;
511_21_DI01.52HX912.52HS912A1.PV;;DI;Р-5205 КНОПКА ПУСК НА LP;;;;;;
511_21_DI01.52HX911.52HS911B1.PV;;DI;Р-5207S КНОПКА СТОП НА LP;;;;;;
511_21_DI01.52HX913.52HS913A1.PV;;DI;Р-5205S КНОПКА ПУСК НА LP;;;;;;
511_21_DI01.52HX914.52HS914A1.PV;;DI;Р-5208 КНОПКА ПУСК НА LP;;;;;;
511_21_DI01.52HX913.52HS913B1.PV;;DI;Р-5205S КНОПКА СТОП НА LP;;;;;;
511_21_DI01.52HX915.52HS915A1.PV;;DI;Р-5208S КНОПКА ПУСК НА LP;;;;;;
511_21_DI01.52HX914.52HS914B1.PV;;DI;Р-5208 КНОПКА СТОП НА LP;;;;;;
511_21_DI01.52HX910.52HS910A1.PV;;DI;Р-5207 КНОПКА ПУСК НА LP;;;;;;
511_21_DI01.52AAX006.52ASX006.PV;;DI;Анализатор. О2 в Азоте в.д. на уст.;;;;;;
511_21_DI01.52HX911.52HS911A1.PV;;DI;Р-5207S КНОПКА ПУСК НА LP;;;;;;
511_21_DI01.52HX921.52HS921B1.PV;;DI;Р-5206S КНОПКА СТОП НА LP;;;;;;
511_21_DI01.52HX920.52HS920A1.PV;;DI;Р-5206 КНОПКА ПУСК НА LP;;;;;;
511_21_DI01.52HX915.52HS915B1.PV;;DI;Р-5208S КНОПКА СТОП НА LP;;;;;;
511_21_DI01.52HX912.52HS912B1.PV;;DI;Р-5205 КНОПКА СТОП НА LP;;;;;;
511_21_DI01.52HX910.52HS910B1.PV;;DI;Р-5207 КНОПКА СТОП НА LP;;;;;;
511_21_DI01.52VAH998.52VSH998.PV;;DI;Вибрация. А-5201/2;;;;;;
511_21_DI01.52AAX005.52ASX005.PV;;DI;Анализатор. О2 в Азоте н.д. на уст.;;;;;;
511_21_DI01.52VAH999.52VSH999.PV;;DI;Вибрация. А-5201/1;;;;;;
511_21_DI03.00XA511D04_PS.00XA511D04_PS.PV;;DI;IB-51-1 Состояние БП DCS-04;;;;;;
511_21_DI03.00XA511D06_PS.00XA511D06_PS.PV;;DI;IB-51-1 Состояние БП DCS-06;;;;;;
511_21_DI03.00XA511D07_PS.00XA511D07_PS.PV;;DI;IB-51-1 Состояние БП DCS-07;;;;;;
511_21_DI03.00XA511D01_PS_G2.00XA511D01_PS.PV;;DI;IB-51-1 Состояние БП DCS-01 REAR;;;;;;
511_21_DI02.52XV5204.52XSF5204.PV;;DI;Z-5204 МУФТА;;;;;;
511_21_DI02.52XV5204.52XSO5204.PV;;DI;Z-5204 КОНЦЕВИК ОТКРЫТИЯ;;;;;;
511_21_DI02.52XV5204.52XSC5204.PV;;DI;Z-5204 КОНЦЕВИК ЗАКРЫТИЯ;;;;;;
511_21_DI02.52HX004.52XS004B.PV;;DI;P-5203S НЕИСПРАВНОСТЬ;;;;;;
511_21_DI02.52HX013.52XS013C.PV;;DI;P-5202S ГОТОВНОСТЬ;;;;;;
511_21_DI02.52HX013.52XS013B.PV;;DI;P-5202S НЕИСПРАВНОСТЬ;;;;;;
511_21_DI02.00XA511D07.00XS511D07.PV;;DI;IB51-1 Общее сигнальное устройство DCS-07;;;;;;
511_21_DI02.00XA511D06.00XS511D06.PV;;DI;IB51-1 Общее сигнальное устройство DCS-06;;;;;;
511_21_DI02.00XA511D05.00XS511D05.PV;;DI;IB51-1 Общее сигнальное устройство DCS-05;;;;;;
511_21_DI02.52HX011.52XS011C.PV;;DI;P-5101 ГОТОВНОСТЬ;;;;;;
511_21_DI02.52HX011.52XS011A.PV;;DI;P-5101 РАБОТА;;;;;;
511_21_DI02.52HV016.52XSC016.PV;;DI;Z-5202 КОНЦЕВИК ЗАКРЫТИЯ;;;;;;
511_21_DI02.52HV016.52XSO016.PV;;DI;Z-5202 КОНЦЕВИК ОТКРЫТИЯ;;;;;;
511_21_DI02.52XV015.52XSO015.PV;;DI;Z-5201 КОНЦЕВИК ОТКРЫТИЯ;;;;;;
511_21_DI02.52HV016.52XSF016.PV;;DI;Z-5202 МУФТА;;;;;;
511_21_DI02.52XV015.52XSF015.PV;;DI;Z-5201 МУФТА;;;;;;
511_21_DI02.52XV015.52XSC015.PV;;DI;Z-5201 КОНЦЕВИК ЗАКРЫТИЯ;;;;;;
511_21_DI02.52HX013.52XS013A.PV;;DI;P-5202S РАБОТА;;;;;;
511_21_DI02.52HX004.52XS004A.PV;;DI;P-5203S РАБОТА;;;;;;
511_21_DI02.52HX001.52XS001B.PV;;DI;P-5201 НЕИСПРАВНОСТЬ;;;;;;
511_21_DI02.52HX001.52XS001A.PV;;DI;P-5201 РАБОТА;;;;;;
511_21_DI02.52HX005.52XS005B.PV;;DI;P-5204 НЕИСПРАВНОСТЬ;;;;;;
511_21_DI02.52HX005.52XS005A.PV;;DI;P-5204 РАБОТА;;;;;;
511_21_DI06.52HX910.52XS910C.PV;;DI;P-5207 ГОТОВНОСТЬ;;;;;;
511_21_DI06.52HX913.52XS913.PV;;DI;P-5205S РАБОТА;;;;;;
511_21_DI06.52HX911.52XS911C.PV;;DI;P-5207S ГОТОВНОСТЬ;;;;;;
511_21_DI06.52HX912.52XS912C.PV;;DI;P-5205 ГОТОВНОСТЬ;;;;;;
511_21_DI06.52HX915.52XS915.PV;;DI;P-5208S РАБОТА;;;;;;
511_21_DI06.52HX911.52XS911.PV;;DI;P-5207S РАБОТА;;;;;;
511_21_DI06.52HX914.52XS914.PV;;DI;P-5208 РАБОТА;;;;;;
511_21_DI06.52HX910.52XS910.PV;;DI;P-5207 РАБОТА;;;;;;
511_21_DI06.52HX915.52XS915C.PV;;DI;P-5208S ГОТОВНОСТЬ;;;;;;
511_21_DI06.52HX912.52XS912.PV;;DI;P-5205 РАБОТА;;;;;;
511_21_DI06.52HX914.52XS914C.PV;;DI;P-5208 ГОТОВНОСТЬ;;;;;;
511_21_DI06.52HX913.52XS913C.PV;;DI;P-5205S ГОТОВНОСТЬ;;;;;;
511_21_DI08.52HX014.52XS014A.PV;;DI;А-5201/1 РАБОТА;;;;;;
511_21_DI08.52HX014.52XS014B.PV;;DI;A-5201/1 НЕИСПРАВНОСТЬ;;;;;;
511_21_DI08.52PCDI051_DO2.52XS034.PV;;DI;1В2 РАБОТА;;;;;;
511_21_DI08.52PCDI051_DO2.52XS036.PV;;DI;1В4 РАБОТА;;;;;;
511_21_DI08.52PCDI051_DO2.52XS033.PV;;DI;1В1 РАБОТА;;;;;;
511_21_DI08.52PCDI051_DO2.52XS035.PV;;DI;1В3 РАБОТА;;;;;;
511_21_DI07.52HX921.52XS921.PV;;DI;P-5206S РАБОТА;;;;;;
511_21_DI07.52HX024.52XS024A.PV;;DI;A-5201/2 РАБОТА;;;;;;
511_21_DI07.52HX024.52XS024C.PV;;DI;A-5201/2 ГОТОВНОСТЬ;;;;;;
511_21_DI07.52HX002.52XS002A.PV;;DI;P-5201S РАБОТА;;;;;;
511_21_DI07.52HX003.52XS003A.PV;;DI;P-5203 РАБОТА;;;;;;
511_21_DI07.52HX002.52XS002B.PV;;DI;P-5201S НЕИСПРАВНОСТЬ;;;;;;
511_21_DI07.52HX012.52XS012A.PV;;DI;P-5202 РАБОТА;;;;;;
511_21_DI07.52HV017.52XSF017.PV;;DI;Z-5203 МУФТА;;;;;;
511_21_DI07.52HX014.52XS014D.PV;;DI;Холодильник А-5201/1 - включен через байпас;;;;;;
511_21_DI07.52HX012.52XS012B.PV;;DI;P-5202 НЕИСПРАВНОСТЬ;;;;;;
511_21_DI07.52HX003.52XS003B.PV;;DI;P-5203 НЕИСПРАВНОСТЬ;;;;;;
511_21_DI07.52HX012.52XS012C.PV;;DI;P-5202 ГОТОВНОСТЬ;;;;;;
511_21_DI07.52HX920.52XS920C.PV;;DI;P-5206 ГОТОВНОСТЬ;;;;;;
511_21_DI07.52HX921.52XS921C.PV;;DI;P-5206S ГОТОВНОСТЬ;;;;;;
511_21_DI07.52HX014.52XS014C.PV;;DI;A-5201/1 - общая неисправность;;;;;;
511_21_DI07.52HX920.52XS920.PV;;DI;P-5206 РАБОТА;;;;;;
511_21_DI07.52HX006.52XS006A.PV;;DI;P-5204S РАБОТА;;;;;;
511_21_DI07.52HV017.52XSC017.PV;;DI;Z-5203 КОНЦЕВИК ЗАКРЫТИЯ;;;;;;
511_21_DI07.52HV017.52XSO017.PV;;DI;Z-5203 КОНЦЕВИК ОТКРЫТИЯ;;;;;;
511_21_DI07.52HX024.52XS024B.PV;;DI;A-5201/2 НЕИСПРАВНОСТЬ;;;;;;
511_21_DI07.52HX006.52XS006B.PV;;DI;P-5204S НЕСПРАВНОСТЬ;;;;;;
511_21_DO09.52XV5204.52HY5204B.SO;;DO;Z-5204 ЗАКРЫТИЕ;;;;;;
511_21_DO09.52XV5204.52HY5204A.SO;;DO;Z-5204 ОТКРЫТИЕ;;;;;;
511_21_DO09.52HV017.52HY017A.SO;;DO;Z-5203 ОТКРЫТИЕ;;;;;;
511_21_DO09.52HV018.52HY018A.SO;;DO;Z-5111 ОТКРЫТИЕ;;;;;;
511_21_DO09.52HV017.52HY017B.SO;;DO;Z-5203 ЗАКРЫТИЕ;;;;;;
511_21_DO09.52XV015.52XY015.SO;;DO;Z-5201 ОТКРЫТИЕ;;;;;;
511_21_DO09.52XV015.52HY015B.SO;;DO;Z-5201 ЗАКРЫТИЕ;;;;;;
511_21_DO09.52HV018.52HY018B.SO;;DO;Z-5111 ЗАКРЫТИЕ;;;;;;
511_21_DO09.52HX014.52HY014A.SO;;DO;А-5201/1 СТОП;;;;;;
511_21_DO09.52HX014.52HY014C.SO;;DO;Включение холодильника А-5201/1;;;;;;
511_21_DO09.52HX014.52HY014B.SO;;DO;А-5201/1 Переключение на байпас;;;;;;
511_21_DO09.51C05RMB01.30HYC05RMB01.SO;;DO;КОНТРОЛЬ ПИТАНИЯ 32 КАНАЛ C05RMB01;;;;;;
511_21_DO05.52HX912.52XL912B1.SO;;DO;P-5205 20% Р-Р NaOH ВЫКИД Р-5201,S;;;;;;
511_21_DO05.52HX921.52XL921B1.SO;;DO;P-5206S ИНГИБИТОР КОРРОЗИИ NaLKo В ЛИНИЮ ОРОШЕНИЯ Т-5201;;;;;;
511_21_DO05.52HX920.52XL920B1.SO;;DO;P-5206 ИНГИБИТОР КОРРОЗИИ NaLKo В ЛИНИЮ ОРОШЕНИЯ Т-5201;;;;;;
511_21_DO05.52HX913.52XL913B1.SO;;DO;P-5205S 20% Р-Р NaOH ВЫКИД Р-5201,S;;;;;;
511_21_DO05.52HX910.52XL910B1.SO;;DO;P-5207 20% Р-Р NaOH В Т-5131;;;;;;
511_21_DO05.52HX911.52XL911A.SO;;DO;P-5207S 20% Р-Р NaOH В Т-5131;;;;;;
511_21_DO05.52HX910.52XL910A.SO;;DO;P-5207 20% Р-Р NaOH В Т-5131;;;;;;
511_21_DO05.52HX912.52XL912A.SO;;DO;P-5205 20% Р-Р NaOH ВЫКИД Р-5201,S;;;;;;
511_21_DO05.52HX911.52XL911B1.SO;;DO;P-5207S 20% Р-Р NaOH В Т-5131;;;;;;
511_21_DO05.52HX920.52XL920A.SO;;DO;P-5206 ИНГИБИТОР КОРРОЗИИ NaLKo В ЛИНИЮ ОРОШЕНИЯ Т-5201;;;;;;
511_21_DO05.52HX915.52XL915B1.SO;;DO;P-5208S 20% Р-Р NAOH НА с.5800;;;;;;
511_21_DO05.52HX921.52XL921A.SO;;DO;P-5206S ИНГИБИТОР КОРРОЗИИ NaLKo В ЛИНИЮ ОРОШЕНИЯ Т-5201;;;;;;
511_21_DO05.52HX914.52XL914A.SO;;DO;P-5208 20% Р-Р NaOH НА с.5800;;;;;;
511_21_DO05.52HX913.52XL913A.SO;;DO;P-5205S 20% Р-Р NaOH ВЫКИД Р-5201,S;;;;;;
511_21_DO05.52HX915.52XL915A.SO;;DO;P-5208S 20% Р-Р NAOH НА с.5800;;;;;;
511_21_DO05.52HX914.52XL914B1.SO;;DO;P-5208 20% Р-Р NaOH НА с.5800;;;;;;
511_21_DO10.52HX024.52HY024.SO;;DO;А-5201/2 СТОП;;;;;;
511_21_DO10.52HX012.52HY012B.SO;;DO;P-5202 ПУСК;;;;;;
511_21_DO10.52HX012.52HY012A.SO;;DO;P-5202 СТОП;;;;;;
511_21_DO10.52HX024.52HY024A.SO;;DO;Включение холодильника A-5201/2;;;;;;
511_21_DO10.52HX921.52HY921A.SO;;DO;Р-5206S ПУСК;;;;;;
511_21_DO10.52HX006.52HY006.SO;;DO;P-5204S СТОП;;;;;;
511_21_DO10.52HX003.52HY003.SO;;DO;P-5203 СТОП;;;;;;
511_21_DO10.52HX910.52HY910A.SO;;DO;Р-5207 ПУСК;;;;;;
511_21_DO10.52HX912.52HY912B.SO;;DO;Р-5205 СТОП;;;;;;
511_21_DO10.52HX912.52HY912A.SO;;DO;Р-5205 ПУСК;;;;;;
511_21_DO10.52HX915.52HY915B.SO;;DO;Р-5208S СТОП;;;;;;
511_21_DO10.52HX915.52HY915A.SO;;DO;Р-5208S ПУСК;;;;;;
511_21_DO10.52HX002.52HY002.SO;;DO;P-5201S СТОП;;;;;;
511_21_DO10.52HX921.52HY921B.SO;;DO;Р-5206S СТОП;;;;;;
511_21_DO10.52HX910.52HY910B.SO;;DO;Р-5207 СТОП;;;;;;
511_21_DO10.51C05RRB01.30HYC05RRB01.SO;;DO;КОНТРОЛЬ ПИТАНИЯ 32 КАНАЛ C05RRB01;;;;;;
511_21_DO11.52HX013.52HY013A.SO;;DO;P-5202S СТОП;;;;;;
511_21_DO11.52HX004.52HY004.SO;;DO;P-5203S СТОП;;;;;;
511_21_DO11.52HX011.52HY011B.SO;;DO;P-5101 ПУСК;;;;;;
511_21_DO11.52HX011.52HY011A.SO;;DO;P-5101 СТОП;;;;;;
511_21_DO11.52HX013.52HY013B.SO;;DO;P-5202S ПУСК;;;;;;
511_21_DO11.52HX914.52HY914B.SO;;DO;P-5208 СТОП;;;;;;
511_21_DO11.52HX914.52HY914A.SO;;DO;P-5208 ПУСК;;;;;;
511_21_DO11.52HX911.52HY911B.SO;;DO;Р-5207S СТОП;;;;;;
511_21_DO11.52HX913.52HY913A.SO;;DO;Р-5205S ПУСК;;;;;;
511_21_DO11.52HX001.52HY001.SO;;DO;Отключение насоса P-5201 ;;;;;;
511_21_DO11.52HX911.52HY911A.SO;;DO;Р-5207S ПУКС;;;;;;
511_21_DO11.52HX913.52HY913B.SO;;DO;Р-5205S СТОП;;;;;;
511_21_DO11.52HX005.52HY005.SO;;DO;P-5204 СТОП;;;;;;
511_21_DO11.52HX920.52HY920A.SO;;DO;Р-5206 ПУСК;;;;;;
511_21_DO11.52HV016.52HY016B.SO;;DO;Z-5202 ЗАКРЫТИЕ;;;;;;
511_21_DO11.52HV016.52HY016A.SO;;DO;Z-5202 ОТКРЫТИЕ;;;;;;
511_21_DO11.52HV019.52HY019B.SO;;DO;Z-5112 ЗАКРЫТИЕ;;;;;;
511_21_DO11.52HV019.52HY019A.SO;;DO;Z-5112 ОТКРЫТИЕ;;;;;;
511_21_DO11.52HX920.52HY920B.SO;;DO;Р-5206 СТОП;;;;;;
511_21_DO11.51C05RRB04.30HYC05RRB04.SO;;DO;КОНТРОЛЬ ПИТАНИЯ 32 КАНАЛ C05RRB04;;;;;;
511_22_AO08.52FC002.52FV002.OP;;AO;РАСХОД ОТП. ВОДЫ ОТ P-5203,S В Е-5201А/В;;;;;;
511_22_AO08.52FC004.52FV004.OP;;AO;РАСХОД ОРОШЕНИЯ В T-5201;;;;;;
511_22_AO08.52FC016.52FV016.OP;;AO;РАСХОД ПАРА НИЗКОГО ДАВЛЕНИЯ В E-5203;;;;;;
511_22_AO08.52FC003.52FV003.OP;;AO;РАСХОД ОТПАР. ВОДЫ ИЗ E-5202 В ПК (К3);;;;;;
511_22_AO08.52LC009.52LV009.OP;;AO;РОВЕНЬ КОНДЕНСАТА ПАРА С.Д. В V-5120;;;;;;
511_22_AO08.52FC017.52FV017.OP;;AO;РАСХОД ПАРА СРЕДНЕГО ДАВЛЕНИЯ В E-5120;;;;;;
511_22_AO08.52PC037.52PV037.OP;;AO;ДАВЛЕНИЕ КИСЛОГО ГАЗА ИЗ V-5201 В С.6000;;;;;;
511_22_AO08.52TC042.52TV042.OP;;AO;ТЕМПЕРАТУРА ПАРА С.Д, ИЗ J-5101;;;;;;
511_22_AO08.52FC006.52FV006.OP;;AO;РАСХОД КИСЛОЙ ВОДЫ ОТ Р-5201,S (ОБЩИЙ);;;;;;
511_22_AO08.52FC001.52FV001.OP;;AO;РАСХОД КИСЛ ВОДЫ ОТ Р-5201,S В Е-5201A/B;;;;;;
511_22_AO08.52FC018.52FV018.OP;;AO;РАСХОД ПАРА СРЕДНЕГО ДАВЛЕНИЯ В E-5110;;;;;;
30UIQ041.30UT041.HDYNVAL[4];;AI;;T087;M;Показания;;;+
301_12_AO10.30FC071.30FV071.OP;;AO;;FV-071;M;Задание;;;+
301_12_AI04.30FC071.30FT071.PV;;AI;;F071;M;Показания;;;+
30UIQ056.30UT056.HDYNVAL[4];;AI;;T117;M;Показания;;;+
30UIQ054.30UT054.HDYNVAL[4];;AI;;T113;M;Показания;;;+
30UIQ066.30UT066.HDYNVAL[4];;AI;;T135;M;Показания;;;+
30UIQ067.30UT067.HDYNVAL[4];;AI;;T136;M;Показания;;;+
30UIQ068.30UT068.HDYNVAL[4];;AI;;T137;M;Показания;;;+
30UIQ047.30UT047.HDYNVAL[4];;AI;;T020;M;Показания;;;+
30UIQ058.30UT058.HDYNVAL[4];;AI;;T127;M;Показания;;;+
30UIQ065.30UT065.HDYNVAL[4];;AI;;T134;M;Показания;;;+
30UIQ044.30UT044.HDYNVAL[4];;AI;;T108;M;Показания;;;+
30UIQ050.30UT050.HDYNVAL[4];;AI;;T086;M;Показания;;;+
30UIQ059.30UT059.HDYNVAL[4];;AI;;T128;M;Показания;;;+
30UIQ055.30UT055.HDYNVAL[4];;AI;;T114;M;Показания;;;+
301_11_AI08.30UIQ054.30UT054.HDYNVAL[4];;AI;;T113;M;Показания;;;+
301_11_AI08.30UIQ066.30UT066.HDYNVAL[4];;AI;;T135;M;Показания;;;+
301_11_AI08.30UIQ067.30UT067.HDYNVAL[4];;AI;;T136;M;Показания;;;+
301_11_AI08.30UIQ068.30UT068.HDYNVAL[4];;AI;;T137;M;Показания;;;+
301_11_AI08.30UIQ047.30UT047.HDYNVAL[4];;AI;;T020;M;Показания;;;+
301_11_AI08.30UIQ058.30UT058.HDYNVAL[4];;AI;;T127;M;Показания;;;+
301_11_AI08.30UIQ065.30UT065.HDYNVAL[4];;AI;;T134;M;Показания;;;+
301_11_AI08.30UIQ044.30UT044.HDYNVAL[4];;AI;;T108;M;Показания;;;+
301_12_AI06.30UIQ050.30UT050.HDYNVAL[4];;AI;;T086;M;Показания;;;+
301_21_AI16.30UIQ057.30UT057.HDYNVAL[4];;AI;;T044;M;Показания;;;+
301_21_AI16.30UIQ045.30UT045.HDYNVAL[4];;AI;;T102;M;Показания;;;+
301_21_AI16.30UIQ060.30UT060.HDYNVAL[4];;AI;;T129;M;Показания;;;+
301_21_AI16.30UIQ059.30UT059.HDYNVAL[4];;AI;;T128;M;Показания;;;+
301_21_AI16.30UIQ033.30UT033.HDYNVAL[4];;AI;;T052;M;Показания;;;+
301_21_AI16.30UIQ055.30UT055.HDYNVAL[4];;AI;;T114;M;Показания;;;+
301_21_AI16.30UIQ056.30UT056.HDYNVAL[4];;AI;;T117;M;Показания;;;+
301_21_AI16.30UIQ041.30UT041.HDYNVAL[4];;AI;;T087;M;Показания;;;+
301_21_AI16.30UIQ052.30UT052.HDYNVAL[4];;AI;;T089;M;Показания;;;+
30UIQ045.30UT045.HDYNVAL[3];;AI;;;;;#=0;;
30UIQ045.30UT045.HDYNVAL[4];;AI;;;;;#=0;;
30UIQ067.30UT067.HDYNVAL[3];;AI;;;;;#=0;;
30UIQ033.30UT033.HDYNVAL[3];;AI;;;;;#=0;;
30UIQ033.30UT033.HDYNVAL[4];;AI;;;;;#=0;;
30UIQ041.30UT041.HDYNVAL[3];;AI;;;;;#=0;;
30UIQ044.30UT044.HDYNVAL[3];;AI;;;;;#=0;;
30UIQ047.30UT047.HDYNVAL[3];;AI;;;;;#=0;;
30UIQ054.30UT054.HDYNVAL[3];;AI;;;;;#=0;;
30UIQ058.30UT058.HDYNVAL[3];;AI;;;;;#=0;;
30UIQ065.30UT065.HDYNVAL[3];;AI;;;;;#=0;;
30UIQ066.30UT066.HDYNVAL[3];;AI;;;;;#=0;;
30UIQ068.30UT068.HDYNVAL[3];;AI;;;;;#=0;;
30UIQ052.30UT052.HDYNVAL[3];;AI;;;;;#=0;;
30UIQ052.30UT052.HDYNVAL[4];;AI;;T089;M;Показания;;;
30UIQ055.30UT055.HDYNVAL[3];;AI;;;;;#=0;;
30UIQ056.30UT056.HDYNVAL[3];;AI;;;;;#=0;;
30UIQ057.30UT057.HDYNVAL[3];;AI;;;;;#=0;;
30UIQ059.30UT059.HDYNVAL[3];;AI;;;;;#=0;;
30UIQ060.30UT060.HDYNVAL[3];;AI;;;;;#=0;;
30UIQ060.30UT060.HDYNVAL[4];;AI;;;;;#=0;;
