ED#рНВЙЮ;ED#Alt;TypeDV#рХО;ST#нОХЯЮМХЕ;LE,Objects#лНДЕКЭ;LS,Type#рХОлНДЕКХ;Points#ACS;ED#тНПЛСКЮ;ST#EngUnit;
43LI060.PV;;AI;пегепбсюп е-701 - спнбемэ юрл. нярюрйю;;;;;;
43TI060.PV;;AI;пегепбсюп е-701 √ релоепюрспю юрл. нярюрйю;;;;;;
43UI060_1.PV;;AI;пегепбсюп е-701 - вхярши наз╗л;;;;;;
43UI066_5.PV;;AI;пегепбсюп е-706 √ люяяю рно. люгсрю;;;;;;
43UI066_6.PV;;AI;пегепбсюп е-706 - окнрмнярэ;;;;;;
43LI067.PV;;AI;пегепбсюп е-707 - спнбемэ рно. люгсрю;;;;;;
43TI067.PV;;AI;пегепбсюп е-707 √ релоепюрспю рно. люгсрю;;;;;;
43PI067B.PV;;AI;пегепбсюп е-707 - дюбкемхе югнрю;;;;;;
43UI067_1.PV;;AI;пегепбсюп е-707 - вхярши наз╗л;;;;;;
43UI067_2.PV;;AI;пегепбсюп е-707 - наз╗л апсррн;;;;;;
43UI067_3.PV;;AI;пегепбсюп е-707 √ наз╗л опх 20 ╟C;;;;;;
43UI060_2.PV;;AI;пегепбсюп е-701 - наз╗л апсррн;;;;;;
43UI060_3.PV;;AI;пегепбсюп е-701 √ наз╗л опх 20 ╟C;;;;;;
43UI061_6.PV;;AI;пегепбсюп е-702 - окнрмнярэ;;;;;;
43LI062.PV;;AI;пегепбсюп е-703 - спнбемэ юрл. нярюрйю;;;;;;
43TI062.PV;;AI;пегепбсюп е-703 √ релоепюрспю юрл. нярюрйю;;;;;;
43UI062_1.PV;;AI;пегепбсюп е-703 - вхярши наз╗л;;;;;;
43UI062_2.PV;;AI;пегепбсюп е-703 - наз╗л апсррн;;;;;;
43UI062_3.PV;;AI;пегепбсюп е-703 √ наз╗л опх 20 ╟C;;;;;;
43UI062_5.PV;;AI;пегепбсюп е-703 √ люяяю юрл. нярюрйю;;;;;;
43UI062_6.PV;;AI;пегепбсюп е-703 - окнрмнярэ;;;;;;
43LI063.PV;;AI;пегепбсюп е-704 - спнбемэ мейнмдхжхх;;;;;;
43PI063.PV;;AI;пегепбсюп е-704 - дюбкемхе югнрю;;;;;;
43UI063_2.PV;;AI;пегепбсюп е-704 - наз╗л апсррн;;;;;;
43LI064.PV;;AI;пегепбсюп е-705 - спнбемэ мейнмдхжхх;;;;;;
43PI064.PV;;AI;пегепбсюп е-705 - дюбкемхе югнрю;;;;;;
43UI064_2.PV;;AI;пегепбсюп е-705 - наз╗л апсррн;;;;;;
43LI065.PV;;AI;пегепбсюп F-4301103 - спнбемэ нв. бндш;;;;;;
43UI065_2.PV;;AI;пегепбсюп F-4301103 - наз╗л апсррн;;;;;;
43LI066.PV;;AI;пегепбсюп е-706 - спнбемэ рно. люгсрю;;;;;;
43TI066.PV;;AI;пегепбсюп е-706 √ релоепюрспю рно. люгсрю;;;;;;
43PI066B.PV;;AI;пегепбсюп е-706 - дюбкемхе югнрю;;;;;;
43UI066_1.PV;;AI;пегепбсюп е-706 - вхярши наз╗л;;;;;;
43UI066_2.PV;;AI;пегепбсюп е-706 - наз╗л апсррн;;;;;;
43UI066_3.PV;;AI;пегепбсюп е-706 √ наз╗л опх 20 ╟C;;;;;;
43UI067_5.PV;;AI;пегепбсюп е-707 √ люяяю рно. люгсрю;;;;;;
43UI067_6.PV;;AI;пегепбсюп е-707 - окнрмнярэ;;;;;;
43LI068.PV;;AI;пегепбсюп е-708 - спнбемэ кбцн;;;;;;
43TI068.PV;;AI;пегепбсюп е-708 √ релоепюрспю кбцн;;;;;;
43PI068B.PV;;AI;пегепбсюп е-708 - дюбкемхе югнрю;;;;;;
43UI068_1.PV;;AI;пегепбсюп е-708 - вхярши наз╗л;;;;;;
43UI068_2.PV;;AI;пегепбсюп е-708 - наз╗л апсррн;;;;;;
43UI068_3.PV;;AI;пегепбсюп е-708 √ наз╗л опх 20 ╟C;;;;;;
43UI068_5.PV;;AI;пегепбсюп е-708 √ люяяю кбцн;;;;;;
43UI068_6.PV;;AI;пегепбсюп е-708 - окнрмнярэ;;;;;;
43LI069.PV;;AI;пегепбсюп е-709 - спнбемэ кбцн;;;;;;
43TI069.PV;;AI;пегепбсюп е-709 √ релоепюрспю кбцн;;;;;;
43PI069B.PV;;AI;пегепбсюп е-709 - дюбкемхе югнрю;;;;;;
43UI069_1.PV;;AI;пегепбсюп е-709 - вхярши наз╗л;;;;;;
43UI069_2.PV;;AI;пегепбсюп е-709 - наз╗л апсррн;;;;;;
43UI069_3.PV;;AI;пегепбсюп е-709 √ наз╗л опх 20 ╟C;;;;;;
43UI069_5.PV;;AI;пегепбсюп е-709 √ люяяю кбцн;;;;;;
43UI069_6.PV;;AI;пегепбсюп е-709 - окнрмнярэ;;;;;;
43UI060_5.PV;;AI;пегепбсюп е-701 √ люяяю юрл. нярюрйю;;;;;;
43UI060_6.PV;;AI;пегепбсюп е-701 - окнрмнярэ;;;;;;
43LI061.PV;;AI;пегепбсюп е-702 - спнбемэ юрл. нярюрйю;;;;;;
43TI061.PV;;AI;пегепбсюп е-702 √ релоепюрспю юрл. нярюрйю;;;;;;
43UI061_1.PV;;AI;пегепбсюп е-702 - вхярши наз╗л;;;;;;
43UI061_2.PV;;AI;пегепбсюп е-702 - наз╗л апсррн;;;;;;
43UI061_3.PV;;AI;пегепбсюп е-702 √ наз╗л опх 20 ╟C;;;;;;
43UI061_5.PV;;AI;пегепбсюп е-702 √ люяяю юрл. нярюрйю;;;;;;
43LI070.PV;;AI;пегепбсюп е-710 - спнбемэ юрл. цюгникъ;;;;;;
43TI070.PV;;AI;пегепбсюп е-710 √ релоепюрспю юрл. цюгникъ;;;;;;
43UI070_1.PV;;AI;пегепбсюп е-710 - вхярши наз╗л;;;;;;
43UI070_2.PV;;AI;пегепбсюп е-710 - наз╗л апсррн;;;;;;
43UI070_3.PV;;AI;пегепбсюп е-710 √ наз╗л опх 20 ╟C;;;;;;
43UI070_5.PV;;AI;пегепбсюп е-710 √ люяяю юрл. цюгникъ;;;;;;
43UI070_6.PV;;AI;пегепбсюп е-710 - окнрмнярэ;;;;;;
43LI071.PV;;AI;пегепбсюп е-711 - спнбемэ юрл. цюгникъ;;;;;;
43TI071.PV;;AI;пегепбсюп е-711 √ релоепюрспю юрл. цюгникъ;;;;;;
43UI071_1.PV;;AI;пегепбсюп е-711 - вхярши наз╗л;;;;;;
43UI071_2.PV;;AI;пегепбсюп е-711 - наз╗л апсррн;;;;;;
43UI071_3.PV;;AI;пегепбсюп е-711 √ наз╗л опх 20 ╟C;;;;;;
43UI071_5.PV;;AI;пегепбсюп е-711 √ люяяю юрл. цюгникъ;;;;;;
43UI071_6.PV;;AI;пегепбсюп е-711 - окнрмнярэ;;;;;;
43LI113.PV;;AI;пегепбсюп е-712 - спнбемэ рбцн;;;;;;
43TI113.PV;;AI;пегепбсюп е-712 √ релоепюрспю рбцн;;;;;;
43PI113B.PV;;AI;пегепбсюп е-712 - дюбкемхе югнрю;;;;;;
43UI113_1.PV;;AI;пегепбсюп е-712 - вхярши наз╗л;;;;;;
43UI113_2.PV;;AI;пегепбсюп е-712 - наз╗л апсррн;;;;;;
43UI113_3.PV;;AI;пегепбсюп е-712 √ наз╗л опх 20 ╟C;;;;;;
43UI113_5.PV;;AI;пегепбсюп е-712 √ люяяю рбцн;;;;;;
43UI113_6.PV;;AI;пегепбсюп е-712 - окнрмнярэ;;;;;;
43LI114.PV;;AI;пегепбсюп е-713 - спнбемэ рбцн;;;;;;
43TI114.PV;;AI;пегепбсюп е-713 √ релоепюрспю рбцн;;;;;;
43PI114B.PV;;AI;пегепбсюп е-713 - дюбкемхе югнрю;;;;;;
43UI114_1.PV;;AI;пегепбсюп е-713 - вхярши наз╗л;;;;;;
43UI114_2.PV;;AI;пегепбсюп е-713 - наз╗л апсррн;;;;;;
43UI114_3.PV;;AI;пегепбсюп е-713 √ наз╗л опх 20 ╟C;;;;;;
43UI114_5.PV;;AI;пегепбсюп е-713 √ люяяю рбцн;;;;;;
43UI114_6.PV;;AI;пегепбсюп е-713 - окнрмнярэ;;;;;;
43LI601.PV;;AI;пегепбсюп F-4301601 - спнбемэ опндсйрю;;;;;;
43PI611.PV;;AI;пегепбсюп F-4301601 - дюбкемхе югнрю;;;;;;
43UI601_2.PV;;AI;пегепбсюп F-4301601 - наз╗л апсррн;;;;;;
43PA063_RAW.PV;;AI;пегепбсюп E-704 √ янярнъмхе яхцмюкю дюбк. югнрю (реярнбюъ);;;;;;
43PA064_RAW.PV;;AI;пегепбсюп E-705 √ янярнъмхе яхцмюкю дюбк. югнрю (реярнбюъ);;;;;;
43PI063DUBL.PV;;AI;пегепбсюп е-704 - дюбкемхе югнрю (реярнбюъ);;;;;;
43PI063DUBL_RAW.PV;;AI;пегепбсюп е-704 - дюбкемхе югнрю (реярнбюъ);;;;;;
43PI063DUBL_SCALING.PV;;AI;пегепбсюп е-704 - дюбкемхе югнрю (реярнбюъ);;;;;;
43PA066B_RAW.PV;;AI;пегепбсюп E-706 √ янярнъмхе яхцмюкю дюбк. югнрю (реярнбюъ);;;;;;
10LI055.PV;;AI;спнбемэ б V-1040 елйнярэ релоепхп.бндш;;;;;;
10LI055.A4;;AI;спнбемэ б V-1040 елйнярэ релоепхп.бндш;;;;;;
10LSLL035.PV;;AI;бяюя P-1013A;;;;;;
10LSLL035.A4;;AI;бяюя P-1013A;;;;;;
10LSLL036.PV;;AI;бяюя P-1013S;;;;;;
10LSLL036.A4;;AI;бяюя P-1013S;;;;;;
10BSLL959.PV;;AI;хмдхйюрнп окюлемх цнпекйх ╧10;;;;;;
10BSLL959.A4;;AI;хмдхйюрнп окюлемх цнпекйх ╧10;;;;;;
10BSLL960.PV;;AI;хмдхйюрнп окюлемх цнпекйх ╧11;;;;;;
10BSLL960.A4;;AI;хмдхйюрнп окюлемх цнпекйх ╧11;;;;;;
10BSLL961.PV;;AI;хмдхйюрнп окюлемх цнпекйх ╧12;;;;;;
10BSLL961.A4;;AI;хмдхйюрнп окюлемх цнпекйх ╧12;;;;;;
10FI030A.PV;;AI;пюяунд юрл. нярюрйю б H-1001A, 1 глеебхй;;;;;;
10FI030A.SP;;AI;пюяунд юрл. нярюрйю б H-1001A, 1 глеебхй;;;;;;
10FI030A.A4;;AI;пюяунд юрл. нярюрйю б H-1001A, 1 глеебхй;;;;;;
10FI030B.PV;;AI;пюяунд юрл. нярюрйю б H-1001A, 2 глеебхй;;;;;;
10FI030B.SP;;AI;пюяунд юрл. нярюрйю б H-1001A, 2 глеебхй;;;;;;
10FI030B.A4;;AI;пюяунд юрл. нярюрйю б H-1001A, 2 глеебхй;;;;;;
10FI030C.PV;;AI;пюяунд юрл. нярюрйю б H-1001A, 3 глеебхй;;;;;;
10FI030C.SP;;AI;пюяунд юрл. нярюрйю б H-1001A, 3 глеебхй;;;;;;
10FI030C.A4;;AI;пюяунд юрл. нярюрйю б H-1001A, 3 глеебхй;;;;;;
10FI030D.PV;;AI;пюяунд юрл. нярюрйю б H-1001A, 4 глеебхй;;;;;;
10FI030D.SP;;AI;пюяунд юрл. нярюрйю б H-1001A, 4 глеебхй;;;;;;
10FI030D.A4;;AI;пюяунд юрл. нярюрйю б H-1001A, 4 глеебхй;;;;;;
10FI030E.PV;;AI;пюяунд юрл. нярюрйю б H-1001A, 5 глеебхй;;;;;;
10FI030E.SP;;AI;пюяунд юрл. нярюрйю б H-1001A, 5 глеебхй;;;;;;
10FI030E.A4;;AI;пюяунд юрл. нярюрйю б H-1001A, 5 глеебхй;;;;;;
10FI030F.PV;;AI;пюяунд юрл. нярюрйю б H-1001A, 6 глеебхй;;;;;;
10FI030F.SP;;AI;пюяунд юрл. нярюрйю б H-1001A, 6 глеебхй;;;;;;
10FI030F.A4;;AI;пюяунд юрл. нярюрйю б H-1001A, 6 глеебхй;;;;;;
10FI030G.PV;;AI;пюяунд юрл. нярюрйю б H-1001A, 7 глеебхй;;;;;;
10FI030G.SP;;AI;пюяунд юрл. нярюрйю б H-1001A, 7 глеебхй;;;;;;
10FI030G.A4;;AI;пюяунд юрл. нярюрйю б H-1001A, 7 глеебхй;;;;;;
10LI046.PV;;AI;спнбемэ б V-1042C релмше метреопндсйрш;;;;;;
10LI046.SP;;AI;спнбемэ б V-1042C релмше метреопндсйрш;;;;;;
10LI046.A4;;AI;спнбемэ б V-1042C релмше метреопндсйрш;;;;;;
10LI049.PV;;AI;спнбемэ б V-1009 оюпняанпмхй яд;;;;;;
10LI049.A1;;AI;спнбемэ б V-1009 оюпняанпмхй яд;;;;;;
10LI052.PV;;AI;спнбемэ б V-1030 яеоюпюрнп меопеп. опндсбйх;;;;;;
10LI052.A1;;AI;спнбемэ б V-1030 яеоюпюрнп меопеп. опндсбйх;;;;;;
10FI030H.PV;;AI;пюяунд юрл. нярюрйю б H-1001A, 8 глеебхй;;;;;;
10FI030H.SP;;AI;пюяунд юрл. нярюрйю б H-1001A, 8 глеебхй;;;;;;
10FI030H.A4;;AI;пюяунд юрл. нярюрйю б H-1001A, 8 глеебхй;;;;;;
10H1001A_SEQ_STEP_F.PV;;AI;онякед. ьюц дн опепшбюмхъ осяй. онякеднбюрекэмнярх;;;;;;
10FI906.PV;;AI;бнгдсу й оевх м-1001ю;;;;;;
10FI906.SP;;AI;бнгдсу й оевх м-1001ю;;;;;;
10FI906.A2;;AI;бнгдсу й оевх м-1001ю;;;;;;
10LI001.PV;;AI;спнбемэ б V-1001 яшпэебюъ елйнярэ;;;;;;
10LI001.A1;;AI;спнбемэ б V-1001 яшпэебюъ елйнярэ;;;;;;
10LI003.PV;;AI;спнбемэ б V-1001 яшпэебюъ елйнярэ;;;;;;
10LI003.A4;;AI;спнбемэ б V-1001 яшпэебюъ елйнярэ;;;;;;
10LI008.PV;;AI;спнбемэ б е-1008 цемепюрнп оюпю яд;;;;;;
10LI008.SP;;AI;спнбемэ б е-1008 цемепюрнп оюпю яд;;;;;;
10LI008.A1;;AI;спнбемэ б е-1008 цемепюрнп оюпю яд;;;;;;
10LI044.PV;;AI;спнбемэ б V-1041 релмше метреопндсйрш;;;;;;
10LI044.SP;;AI;спнбемэ б V-1041 релмше метреопндсйрш;;;;;;
10LI044.A4;;AI;спнбемэ б V-1041 релмше метреопндсйрш;;;;;;
10LI045.PV;;AI;спнбемэ б V-1042B релмше метреопндсйрш;;;;;;
10LI045.SP;;AI;спнбемэ б V-1042B релмше метреопндсйрш;;;;;;
10LI045.A4;;AI;спнбемэ б V-1042B релмше метреопндсйрш;;;;;;
10H1001A_LT1_TMR.PV;;AI;рюилеп 15 яей. мю ьюце 2.3.2 опнбепйх цеплерхв. охкнр. рпни-йю;;;;;;
10H1001A_LT2_TMR.PV;;AI;рюилеп 25 яей. мю ьюце 2.3.4 опнбепйх цеплерхв. охкнр. рпни-йю;;;;;;
10PI907.PV;;AI;дюбкемхе мю оепебюке м-1001ю;;;;;;
10PI907.SP;;AI;дюбкемхе мю оепебюке м-1001ю;;;;;;
10PI907.A1;;AI;дюбкемхе мю оепебюке м-1001ю;;;;;;
10PI911A.PV;;AI;ондювю фхдйнцн рнокхбю;;;;;;
10PI911A.SP;;AI;ондювю фхдйнцн рнокхбю;;;;;;
10PI911A.A4;;AI;ондювю фхдйнцн рнокхбю;;;;;;
10TI075C.PV;;AI;юрл. нярюрнй хг H-1001A (2 глеебхй);;;;;;
10TI075C.SP;;AI;юрл. нярюрнй хг H-1001A (2 глеебхй);;;;;;
10TI075C.A1;;AI;юрл. нярюрнй хг H-1001A (2 глеебхй);;;;;;
10TI076A.PV;;AI;юрл. нярюрнй хг H-1001A (3 глеебхй);;;;;;
10TI076A.SP;;AI;юрл. нярюрнй хг H-1001A (3 глеебхй);;;;;;
10TI076A.A1;;AI;юрл. нярюрнй хг H-1001A (3 глеебхй);;;;;;
10TI076B.PV;;AI;юрл. нярюрнй хг H-1001A (3 глеебхй);;;;;;
10TI076B.SP;;AI;юрл. нярюрнй хг H-1001A (3 глеебхй);;;;;;
10TI076B.A1;;AI;юрл. нярюрнй хг H-1001A (3 глеебхй);;;;;;
10TI076C.PV;;AI;юрл. нярюрнй хг H-1001A (3 глеебхй);;;;;;
10TI076C.SP;;AI;юрл. нярюрнй хг H-1001A (3 глеебхй);;;;;;
10TI076C.A1;;AI;юрл. нярюрнй хг H-1001A (3 глеебхй);;;;;;
10TI077A.PV;;AI;юрл. нярюрнй хг H-1001A (4 глеебхй);;;;;;
10TI077A.SP;;AI;юрл. нярюрнй хг H-1001A (4 глеебхй);;;;;;
10TI077A.A1;;AI;юрл. нярюрнй хг H-1001A (4 глеебхй);;;;;;
10TI077B.PV;;AI;юрл. нярюрнй хг H-1001A (4 глеебхй);;;;;;
10TI077B.SP;;AI;юрл. нярюрнй хг H-1001A (4 глеебхй);;;;;;
10TI077B.A1;;AI;юрл. нярюрнй хг H-1001A (4 глеебхй);;;;;;
10TI077C.PV;;AI;юрл. нярюрнй хг H-1001A (4 глеебхй);;;;;;
10TI077C.SP;;AI;юрл. нярюрнй хг H-1001A (4 глеебхй);;;;;;
10TI077C.A1;;AI;юрл. нярюрнй хг H-1001A (4 глеебхй);;;;;;
10TI250A.PV;;AI;юрл. нярюрнй хг H-1001A (5 глеебхй);;;;;;
10TI250A.SP;;AI;юрл. нярюрнй хг H-1001A (5 глеебхй);;;;;;
10TI250A.A1;;AI;юрл. нярюрнй хг H-1001A (5 глеебхй);;;;;;
10TI250B.PV;;AI;юрл. нярюрнй хг H-1001A (5 глеебхй);;;;;;
10TI250B.SP;;AI;юрл. нярюрнй хг H-1001A (5 глеебхй);;;;;;
10TI250B.A1;;AI;юрл. нярюрнй хг H-1001A (5 глеебхй);;;;;;
10TI250C.PV;;AI;юрл. нярюрнй хг H-1001A (5 глеебхй);;;;;;
10TI250C.SP;;AI;юрл. нярюрнй хг H-1001A (5 глеебхй);;;;;;
10TI250C.A1;;AI;юрл. нярюрнй хг H-1001A (5 глеебхй);;;;;;
10TI251A.PV;;AI;юрл. нярюрнй хг H-1001A (6 глеебхй);;;;;;
10TI251A.SP;;AI;юрл. нярюрнй хг H-1001A (6 глеебхй);;;;;;
10TI251A.A1;;AI;юрл. нярюрнй хг H-1001A (6 глеебхй);;;;;;
10TI251B.PV;;AI;юрл. нярюрнй хг H-1001A (6 глеебхй);;;;;;
10TI251B.SP;;AI;юрл. нярюрнй хг H-1001A (6 глеебхй);;;;;;
10TI251B.A1;;AI;юрл. нярюрнй хг H-1001A (6 глеебхй);;;;;;
10TI251C.PV;;AI;юрл. нярюрнй хг H-1001A (6 глеебхй);;;;;;
10TI251C.SP;;AI;юрл. нярюрнй хг H-1001A (6 глеебхй);;;;;;
10TI251C.A1;;AI;юрл. нярюрнй хг H-1001A (6 глеебхй);;;;;;
10TI252A.PV;;AI;юрл. нярюрнй хг H-1001A (7 глеебхй);;;;;;
10TI252A.SP;;AI;юрл. нярюрнй хг H-1001A (7 глеебхй);;;;;;
10TI252A.A1;;AI;юрл. нярюрнй хг H-1001A (7 глеебхй);;;;;;
10TI252B.PV;;AI;юрл. нярюрнй хг H-1001A (7 глеебхй);;;;;;
10TI252B.SP;;AI;юрл. нярюрнй хг H-1001A (7 глеебхй);;;;;;
10TI252B.A1;;AI;юрл. нярюрнй хг H-1001A (7 глеебхй);;;;;;
10TI252C.PV;;AI;юрл. нярюрнй хг H-1001A (7 глеебхй);;;;;;
10TI252C.SP;;AI;юрл. нярюрнй хг H-1001A (7 глеебхй);;;;;;
10TI252C.A1;;AI;юрл. нярюрнй хг H-1001A (7 глеебхй);;;;;;
10TI253A.PV;;AI;юрл. нярюрнй хг H-1001A (8 глеебхй);;;;;;
10TI253A.SP;;AI;юрл. нярюрнй хг H-1001A (8 глеебхй);;;;;;
10TI253A.A1;;AI;юрл. нярюрнй хг H-1001A (8 глеебхй);;;;;;
10PDI912.PV;;AI;ондювю фхд. рнокхбю / пюяошкемхе оюпю;;;;;;
10PDI912.SP;;AI;ондювю фхд. рнокхбю / пюяошкемхе оюпю;;;;;;
10PDI912.A4;;AI;ондювю фхд. рнокхбю / пюяошкемхе оюпю;;;;;;
10H1001A_SEQ_STEP.PV;;AI;ьюц осяйнбни онякеднбюрекэмнярх;;;;;;
10H1001A_SEQ_TIMER.PV;;AI;бпелъ ьюцю б осяйнбни онякеднбюрекэмнярх;;;;;;
10BSLL950.PV;;AI;хмдхйюрнп окюлемх цнпекйх ╧1;;;;;;
10BSLL950.A4;;AI;хмдхйюрнп окюлемх цнпекйх ╧1;;;;;;
10BSLL951.PV;;AI;хмдхйюрнп окюлемх цнпекйх ╧2;;;;;;
10BSLL951.A4;;AI;хмдхйюрнп окюлемх цнпекйх ╧2;;;;;;
10BSLL952.PV;;AI;хмдхйюрнп окюлемх цнпекйх ╧3;;;;;;
10BSLL952.A4;;AI;хмдхйюрнп окюлемх цнпекйх ╧3;;;;;;
10BSLL953.PV;;AI;хмдхйюрнп окюлемх цнпекйх ╧4;;;;;;
10BSLL953.A4;;AI;хмдхйюрнп окюлемх цнпекйх ╧4;;;;;;
10BSLL954.PV;;AI;хмдхйюрнп окюлемх цнпекйх ╧5;;;;;;
10BSLL954.A4;;AI;хмдхйюрнп окюлемх цнпекйх ╧5;;;;;;
10BSLL955.PV;;AI;хмдхйюрнп окюлемх цнпекйх ╧6;;;;;;
10BSLL955.A4;;AI;хмдхйюрнп окюлемх цнпекйх ╧6;;;;;;
10BSLL956.PV;;AI;хмдхйюрнп окюлемх цнпекйх ╧7;;;;;;
10BSLL956.A4;;AI;хмдхйюрнп окюлемх цнпекйх ╧7;;;;;;
10BSLL957.PV;;AI;хмдхйюрнп окюлемх цнпекйх ╧8;;;;;;
10BSLL957.A4;;AI;хмдхйюрнп окюлемх цнпекйх ╧8;;;;;;
10BSLL958.PV;;AI;хмдхйюрнп окюлемх цнпекйх ╧9;;;;;;
10BSLL958.A4;;AI;хмдхйюрнп окюлемх цнпекйх ╧9;;;;;;
10PI919A_MAX_MIN.PV;;AI;пюгм-рэ люйя-лхм дюбк. охк. цюгю мю ьюце 2.3.5 опнбепйх цеплер. осяйю м-1001ю;;;;;;
10PI919A_MAXP.PV;;AI;люйя. дюбк. охк. цюгю мю ьюце 2.3.4 опнбепйх цеплер. осяйю м-1001ю;;;;;;
10PI919A_ZEROP.PV;;AI;мскэ. дюбк. охк. цюгю мю ьюце 2.3.16 опнбепйх цеплер. осяйю м-1001ю;;;;;;
10H1001A_PURGING_T.PV;;AI;рюилеп опндсбйх;;;;;;
10H1001A_PIL_IGN_TMR.PV;;AI;рюилеп пнгфхцю охкнрмшу цнпекнй;;;;;;
10H1001A_BURN_IGN_TMR.PV;;AI;рюилеп пнгфхцю нямнбмшу цнпекнй;;;;;;
10H1001A_BURN_OIL_TMR.PV;;AI;рюилеп пнгфхцю люгсрмшу цнпекнй;;;;;;
10TI253B.PV;;AI;юрл. нярюрнй хг H-1001A (8 глеебхй);;;;;;
10TI253B.SP;;AI;юрл. нярюрнй хг H-1001A (8 глеебхй);;;;;;
10TI253B.A1;;AI;юрл. нярюрнй хг H-1001A (8 глеебхй);;;;;;
10TI253C.PV;;AI;юрл. нярюрнй хг H-1001A (8 глеебхй);;;;;;
10TI253C.SP;;AI;юрл. нярюрнй хг H-1001A (8 глеебхй);;;;;;
10TI253C.A1;;AI;юрл. нярюрнй хг H-1001A (8 глеебхй);;;;;;
10PI919A_MAXP099.PV;;AI;япюбм. я люйя. дюбк. охк. цюгю мю ьюце 2.3.9 опнбепйх цеплер. осяйю м-1001ю;;;;;;
10H1001A_LT4_TMR.PV;;AI;рюилеп 10 яей. мю ьюце 2.3.12 опнбепйх цеплерхв. охкнр. рпни-йю;;;;;;
10TI650.PV;;AI;P-1042A мюяня T рело.ондьхо.;;;;;;
10TI650.A1;;AI;P-1042A мюяня T рело.ондьхо.;;;;;;
10TI652.PV;;AI;P-1042B мюяня T рело.ондьхо.;;;;;;
10TI652.A1;;AI;P-1042B мюяня T рело.ондьхо.;;;;;;
10TI654.PV;;AI;P-1042C мюяня T рело.ондьхо.;;;;;;
10TI654.A1;;AI;P-1042C мюяня T рело.ондьхо.;;;;;;
10PI911B.PV;;AI;ондювю фхдйнцн рнокхбю;;;;;;
10PI911B.SP;;AI;ондювю фхдйнцн рнокхбю;;;;;;
10PI911B.A1;;AI;ондювю фхдйнцн рнокхбю;;;;;;
10PI917A.PV;;AI;нямнбмни цнпчвхи цюг;;;;;;
10PI917A.SP;;AI;нямнбмни цнпчвхи цюг;;;;;;
10PI917A.A1;;AI;нямнбмни цнпчвхи цюг;;;;;;
10PI917A.A4;;AI;нямнбмни цнпчвхи цюг;;;;;;
10PI917B.PV;;AI;нямнбмни цнпчвхи цюг;;;;;;
10PI917B.SP;;AI;нямнбмни цнпчвхи цюг;;;;;;
10PI917B.A1;;AI;нямнбмни цнпчвхи цюг;;;;;;
10PI917B.A4;;AI;нямнбмни цнпчвхи цюг;;;;;;
10PI919A.PV;;AI;охкнрмши цюг дкъ пнгфхцю м-1001ю;;;;;;
10PI919A.SP;;AI;охкнрмши цюг дкъ пнгфхцю м-1001ю;;;;;;
10PI919A.A4;;AI;охкнрмши цюг дкъ пнгфхцю м-1001ю;;;;;;
10PI919B.PV;;AI;охкнрмши цюг дкъ пнгфхцю м-1001ю;;;;;;
10PI919B.A1;;AI;охкнрмши цюг дкъ пнгфхцю м-1001ю;;;;;;
10PI944.PV;;AI;бнгдсу й тнпясмйюл м-1001ю;;;;;;
10PI944.SP;;AI;бнгдсу й тнпясмйюл м-1001ю;;;;;;
10PI944.A4;;AI;бнгдсу й тнпясмйюл м-1001ю;;;;;;
10AI950A2.PV;;AI;яндеп. н2 б дшл. цюге м-1001ю;;;;;;
10AI950A2.SP;;AI;яндеп. н2 б дшл. цюге м-1001ю;;;;;;
10AI950A2.A4;;AI;яндеп. н2 б дшл. цюге м-1001ю;;;;;;
10AI950B2.PV;;AI;яндеп. н2 б дшл. цюге м-1001ю;;;;;;
10AI950B2.SP;;AI;яндеп. н2 б дшл. цюге м-1001ю;;;;;;
10AI950B2.A4;;AI;яндеп. н2 б дшл. цюге м-1001ю;;;;;;
10AI950C2.PV;;AI;яндеп. н2 б дшл. цюге м-1001ю;;;;;;
10AI950C2.SP;;AI;яндеп. н2 б дшл. цюге м-1001ю;;;;;;
10AI950C2.A4;;AI;яндеп. н2 б дшл. цюге м-1001ю;;;;;;
10LI009.PV;;AI;спнбемэ б е-1018 цемепюрнп оюпю яд;;;;;;
10LI009.SP;;AI;спнбемэ б е-1018 цемепюрнп оюпю яд;;;;;;
10LI009.A1;;AI;спнбемэ б е-1018 цемепюрнп оюпю яд;;;;;;
10LI021.PV;;AI;спнбемэ б V-1002 елйнярэ бепумецн опндсйрю;;;;;;
10LI021.SP;;AI;спнбемэ б V-1002 елйнярэ бепумецн опндсйрю;;;;;;
10LI021.A4;;AI;спнбемэ б V-1002 елйнярэ бепумецн опндсйрю;;;;;;
10LI024.PV;;AI;спнбемэ б V-1002 елйнярэ бепумецн опндсйрю;;;;;;
10LI024.SP;;AI;спнбемэ б V-1002 елйнярэ бепумецн опндсйрю;;;;;;
10LI024.A1;;AI;спнбемэ б V-1002 елйнярэ бепумецн опндсйрю;;;;;;
10LI024.A4;;AI;спнбемэ б V-1002 елйнярэ бепумецн опндсйрю;;;;;;
10LI031.PV;;AI;спнбемэ б V-1005 яеоюпюрнп рнок. цюгю;;;;;;
10LI031.SP;;AI;спнбемэ б V-1005 яеоюпюрнп рнок. цюгю;;;;;;
10LI031.A1;;AI;спнбемэ б V-1005 яеоюпюрнп рнок. цюгю;;;;;;
10LI038.PV;;AI;спнбемэ б V-1045 юмрхтпхг;;;;;;
10LI038.A4;;AI;спнбемэ б V-1045 юмрхтпхг;;;;;;
10LI043.PV;;AI;спнбемэ б V-1042A релмше метреопндсйрш;;;;;;
10LI043.SP;;AI;спнбемэ б V-1042A релмше метреопндсйрш;;;;;;
10LI043.A4;;AI;спнбемэ б V-1042A релмше метреопндсйрш;;;;;;
10H1001A_LT3_TMR.PV;;AI;рюилеп 10 яей. мю ьюце 2.3.8 опнбепйх цеплерхв. охкнр. рпни-йю;;;;;;
10TI072A.PV;;AI;юрл. нярюрнй хг H-1001A (1 глеебхй);;;;;;
10TI072A.SP;;AI;юрл. нярюрнй хг H-1001A (1 глеебхй);;;;;;
10TI072A.A1;;AI;юрл. нярюрнй хг H-1001A (1 глеебхй);;;;;;
10TI072B.PV;;AI;юрл. нярюрнй хг H-1001A (1 глеебхй);;;;;;
10TI072B.SP;;AI;юрл. нярюрнй хг H-1001A (1 глеебхй);;;;;;
10TI072B.A1;;AI;юрл. нярюрнй хг H-1001A (1 глеебхй);;;;;;
10TI072C.PV;;AI;юрл. нярюрнй хг H-1001A (1 глеебхй);;;;;;
10TI072C.SP;;AI;юрл. нярюрнй хг H-1001A (1 глеебхй);;;;;;
10TI072C.A1;;AI;юрл. нярюрнй хг H-1001A (1 глеебхй);;;;;;
10TI075A.PV;;AI;юрл. нярюрнй хг H-1001A (2 глеебхй);;;;;;
10TI075A.SP;;AI;юрл. нярюрнй хг H-1001A (2 глеебхй);;;;;;
10TI075A.A1;;AI;юрл. нярюрнй хг H-1001A (2 глеебхй);;;;;;
10TI075B.PV;;AI;юрл. нярюрнй хг H-1001A (2 глеебхй);;;;;;
10TI075B.SP;;AI;юрл. нярюрнй хг H-1001A (2 глеебхй);;;;;;
10TI075B.A1;;AI;юрл. нярюрнй хг H-1001A (2 глеебхй);;;;;;
10PI919A_MINP.PV;;AI;лхм. дюбк. охк. цюгю мю ьюце 2.3.2 опнбепйх цеплер. осяйю м-1001ю;;;;;;
10PI917A_MINP.PV;;AI;лхм. дюбк. ням. цюгю мю ьюце 2.4.2 опнбепйх цеплер. осяйю м-1001ю;;;;;;
10PI917A_MAX_MIN.PV;;AI;пюгм-рэ люйя-лхм дюбк. охк. цюгю мю ьюце 2.4.5 опнбепйх цеплер. осяйю м-1001ю;;;;;;
10PI917A_MAXP.PV;;AI;люйя. дюбк. ням. цюгю мю ьюце 2.4.4 опнбепйх цеплер. осяйю м-1001ю;;;;;;
10PI917A_ZEROP.PV;;AI;мскэ. дюбк. ням. цюгю мю ьюце 2.4.16 опнбепйх цеплер. осяйю м-1001ю;;;;;;
10TI656.PV;;AI;P-1041 мюяня T рело.ондьхо.;;;;;;
10TI656.A1;;AI;P-1041 мюяня T рело.ондьхо.;;;;;;
10TI701.PV;;AI;P-1001A мюяня р рело.ондьхо.;;;;;;
10TI701.A1;;AI;P-1001A мюяня р рело.ондьхо.;;;;;;
10TI702.PV;;AI;P-1001A мюяня J рело.ондьхо.;;;;;;
10TI702.A1;;AI;P-1001A мюяня J рело.ондьхо.;;;;;;
10TI703.PV;;AI;P-1001A мюяня J рело.ондьхо.;;;;;;
10TI703.A1;;AI;P-1001A мюяня J рело.ондьхо.;;;;;;
10TI704.PV;;AI;рело. надсбю щк.дбхц.P-1001A;;;;;;
10TI704.A3;;AI;рело. надсбю щк.дбхц.P-1001A;;;;;;
10TI707.PV;;AI;P-1007A РЕЛОЕПЮРСПЮ ЦЕПЛЕРХГХПСЧЫЕЦН ЯРЮЙЮМЮ МЮЯНЯЮ;;;;;;
10TI707.A1;;AI;P-1007A РЕЛОЕПЮРСПЮ ЦЕПЛЕРХГХПСЧЫЕЦН ЯРЮЙЮМЮ МЮЯНЯЮ;;;;;;
10TI711.PV;;AI;P-1001B мюяня р рело.ондьхо.;;;;;;
10TI711.A1;;AI;P-1001B мюяня р рело.ондьхо.;;;;;;
10TI712.PV;;AI;P-1001B мюяня J рело.ондьхо.;;;;;;
10TI712.A1;;AI;P-1001B мюяня J рело.ондьхо.;;;;;;
10TI713.PV;;AI;P-1001B мюяня J рело.ондьхо.;;;;;;
10TI713.A1;;AI;P-1001B мюяня J рело.ондьхо.;;;;;;
10TI714.PV;;AI;рело. надсбю щк.дбхц.P-1001B;;;;;;
10TI714.A3;;AI;рело. надсбю щк.дбхц.P-1001B;;;;;;
10TI717.PV;;AI;P-1007S РЕЛОЕПЮРСПЮ ЦЕПЛЕРХГХПСЧЫЕЦН ЯРЮЙЮМЮ МЮЯНЯЮ;;;;;;
10TI717.A1;;AI;P-1007S РЕЛОЕПЮРСПЮ ЦЕПЛЕРХГХПСЧЫЕЦН ЯРЮЙЮМЮ МЮЯНЯЮ;;;;;;
10TI721.PV;;AI;P-1001S мюяня р рело.ондьхо.;;;;;;
10TI721.A1;;AI;P-1001S мюяня р рело.ондьхо.;;;;;;
10TI722.PV;;AI;P-1001S мюяня J рело.ондьхо.;;;;;;
10TI722.A1;;AI;P-1001S мюяня J рело.ондьхо.;;;;;;
10TI723.PV;;AI;P-1001S мюяня J рело.ондьхо.;;;;;;
10TI723.A1;;AI;P-1001S мюяня J рело.ондьхо.;;;;;;
10TI724.PV;;AI;P-1001S рспахмш J рело.ондьхо.;;;;;;
10TI724.A1;;AI;P-1001S рспахмш J рело.ондьхо.;;;;;;
10TI725.PV;;AI;P-1001S рспахмш J рело.ондьхо.;;;;;;
10TI725.A1;;AI;P-1001S рспахмш J рело.ондьхо.;;;;;;
10TI727.PV;;AI;P-1008A РЕЛОЕПЮРСПЮ ЦЕПЛЕРХГХПСЧЫЕЦН ЯРЮЙЮМЮ МЮЯНЯЮ;;;;;;
10TI727.A1;;AI;P-1008A РЕЛОЕПЮРСПЮ ЦЕПЛЕРХГХПСЧЫЕЦН ЯРЮЙЮМЮ МЮЯНЯЮ;;;;;;
10TI738.PV;;AI;P-1008S РЕЛОЕПЮРСПЮ ЦЕПЛЕРХГХПСЧЫЕЦН ЯРЮЙЮМЮ МЮЯНЯЮ;;;;;;
10TI738.A1;;AI;P-1008S РЕЛОЕПЮРСПЮ ЦЕПЛЕРХГХПСЧЫЕЦН ЯРЮЙЮМЮ МЮЯНЯЮ;;;;;;
10TI749.PV;;AI;P-1045S РЕЛОЕПЮРСПЮ ЦЕПЛЕРХГХПСЧЫЕЦН ЯРЮЙЮМЮ МЮЯНЯЮ;;;;;;
10TI749.A1;;AI;P-1045S РЕЛОЕПЮРСПЮ ЦЕПЛЕРХГХПСЧЫЕЦН ЯРЮЙЮМЮ МЮЯНЯЮ;;;;;;
10TI758.PV;;AI;P-1045A РЕЛОЕПЮРСПЮ ЦЕПЛЕРХГХПСЧЫЕЦН ЯРЮЙЮМЮ МЮЯНЯЮ;;;;;;
10TI758.A1;;AI;P-1045A РЕЛОЕПЮРСПЮ ЦЕПЛЕРХГХПСЧЫЕЦН ЯРЮЙЮМЮ МЮЯНЯЮ;;;;;;
10TI791A.PV;;AI;P-1013A РЕЛОЕПЮРСПЮ КХМЕИМНЦН ОНДЬХОМХЙЮ МЮЯНЯЮ;;;;;;
10TI791A.A1;;AI;P-1013A РЕЛОЕПЮРСПЮ КХМЕИМНЦН ОНДЬХОМХЙЮ МЮЯНЯЮ;;;;;;
10TI791B.PV;;AI;P-1013A РЕЛОЕПЮРСПЮ НОНПМНЦН ОНДЬХОМХЙЮ МЮЯНЯЮ;;;;;;
10TI791B.A1;;AI;P-1013A РЕЛОЕПЮРСПЮ НОНПМНЦН ОНДЬХОМХЙЮ МЮЯНЯЮ;;;;;;
10TI792A.PV;;AI;P-1013S РЕЛОЕПЮРСПЮ КХМЕИМНЦН ОНДЬХОМХЙЮ МЮЯНЯЮ;;;;;;
10TI792A.A1;;AI;P-1013S РЕЛОЕПЮРСПЮ КХМЕИМНЦН ОНДЬХОМХЙЮ МЮЯНЯЮ;;;;;;
10TI792B.PV;;AI;P-1013S РЕЛОЕПЮРСПЮ НОНПМНЦН ОНДЬХОМХЙЮ МЮЯНЯЮ;;;;;;
10TI792B.A1;;AI;P-1013S РЕЛОЕПЮРСПЮ НОНПМНЦН ОНДЬХОМХЙЮ МЮЯНЯЮ;;;;;;
10TI795A.PV;;AI;P-1040A РЕЛОЕПЮРСПЮ КХМЕИМНЦН ОНДЬХОМХЙЮ МЮЯНЯЮ;;;;;;
10TI795A.A1;;AI;P-1040A РЕЛОЕПЮРСПЮ КХМЕИМНЦН ОНДЬХОМХЙЮ МЮЯНЯЮ;;;;;;
10TI795B.PV;;AI;P-1040A РЕЛОЕПЮРСПЮ НОНПМНЦН ОНДЬХОМХЙЮ МЮЯНЯЮ;;;;;;
10TI795B.A1;;AI;P-1040A РЕЛОЕПЮРСПЮ НОНПМНЦН ОНДЬХОМХЙЮ МЮЯНЯЮ;;;;;;
10TI796A.PV;;AI;P-1040B РЕЛОЕПЮРСПЮ КХМЕИМНЦН ОНДЬХОМХЙЮ МЮЯНЯЮ;;;;;;
10TI796A.A1;;AI;P-1040B РЕЛОЕПЮРСПЮ КХМЕИМНЦН ОНДЬХОМХЙЮ МЮЯНЯЮ;;;;;;
10TI796B.PV;;AI;P-1040B РЕЛОЕПЮРСПЮ НОНПМНЦН ОНДЬХОМХЙЮ МЮЯНЯЮ;;;;;;
10TI796B.A1;;AI;P-1040B РЕЛОЕПЮРСПЮ НОНПМНЦН ОНДЬХОМХЙЮ МЮЯНЯЮ;;;;;;
10TI797A.PV;;AI;P-1040S РЕЛОЕПЮРСПЮ КХМЕИМНЦН ОНДЬХОМХЙЮ МЮЯНЯЮ;;;;;;
10TI797A.A1;;AI;P-1040S РЕЛОЕПЮРСПЮ КХМЕИМНЦН ОНДЬХОМХЙЮ МЮЯНЯЮ;;;;;;
10TI797B.PV;;AI;P-1040S РЕЛОЕПЮРСПЮ НОНПМНЦН ОНДЬХОМХЙЮ МЮЯНЯЮ;;;;;;
10TI797B.A1;;AI;P-1040S РЕЛОЕПЮРСПЮ НОНПМНЦН ОНДЬХОМХЙЮ МЮЯНЯЮ;;;;;;
10TI901.PV;;AI;релоепюрспю дшлнбшу цюгнб б йнмбейжхх м-1001ю;;;;;;
10TI901.A1;;AI;релоепюрспю дшлнбшу цюгнб б йнмбейжхх м-1001ю;;;;;;
10TI905A.PV;;AI;релоепюрспю мю оепебюке м-1001ю;;;;;;
10TI905A.SP;;AI;релоепюрспю мю оепебюке м-1001ю;;;;;;
10TI905A.A1;;AI;релоепюрспю мю оепебюке м-1001ю;;;;;;
10TI905B.PV;;AI;релоепюрспю мю оепебюке м-1001ю;;;;;;
10TI905B.SP;;AI;релоепюрспю мю оепебюке м-1001ю;;;;;;
10TI905B.A1;;AI;релоепюрспю мю оепебюке м-1001ю;;;;;;
10TI905C.PV;;AI;релоепюрспю мю оепебюке м-1001ю;;;;;;
10TI905C.SP;;AI;релоепюрспю мю оепебюке м-1001ю;;;;;;
10TI905C.A1;;AI;релоепюрспю мю оепебюке м-1001ю;;;;;;
10TI924.PV;;AI;бнгдсу й тнпясмйюл м-1001ю;;;;;;
10TI924.SP;;AI;бнгдсу й тнпясмйюл м-1001ю;;;;;;
10PI919A_MAXP099_1.PV;;AI;япюбм. я люйя. дюбк. охк. цюгю мю ьюце 2.3.13 опнбепйх цеплер. осяйю м-1001ю;;;;;;
10H1001A_LT5_TMR.PV;;AI;рюилеп 35 яей. мю ьюце 2.3.16 опнбепйх цеплерхв. охкнр. рпни-йю;;;;;;
10H1001A_LT6_TMR.PV;;AI;рюилеп 10 яей. мю ьюце 2.3.18 опнбепйх цеплерхв. охкнр. рпни-йю;;;;;;
10PI919A_ZEROP101.PV;;AI;япюбм. я мскэ. дюбк. охк. цюгю мю ьюце 2.3.19 опнбепйх цеплер. осяйю м-1001ю;;;;;;
10H1001A_LT7_TMR.PV;;AI;рюилеп 10 яей. мю ьюце 2.3.22 опнбепйх цеплерхв. охкнр. рпни-йю;;;;;;
10PI919A_ZEROP101_1.PV;;AI;япюбм. я мскэ. дюбк. охк. цюгю мю ьюце 2.3.23 опнбепйх цеплер. осяйю м-1001ю;;;;;;
10H1001A_LM1_TMR.PV;;AI;рюилеп 15 яей. мю ьюце 2.4.2 опнбепйх цеплерхв. ням. рпни-йю;;;;;;
10H1001A_LM2_TMR.PV;;AI;рюилеп 25 яей. мю ьюце 2.4.4 опнбепйх цеплерхв. ням. рпни-йю;;;;;;
10H1001A_LM3_TMR.PV;;AI;рюилеп 10 яей. мю ьюце 2.4.8 опнбепйх цеплерхв. ням. рпни-йю;;;;;;
10PI917A_MAXP099.PV;;AI;япюбм. я люйя. дюбк. ням. цюгю мю ьюце 2.4.9 опнбепйх цеплер. осяйю м-1001ю;;;;;;
10H1001A_LM4_TMR.PV;;AI;рюилеп 10 яей. мю ьюце 2.4.12 опнбепйх цеплерхв. ням. рпни-йю;;;;;;
10PI917A_MAXP099_1.PV;;AI;япюбм. я люйя. дюбк. ням. цюгю мю ьюце 2.4.13 опнбепйх цеплер. осяйю м-1001ю;;;;;;
10H1001A_LM5_TMR.PV;;AI;рюилеп 35 яей. мю ьюце 2.4.16 опнбепйх цеплерхв. ням. рпни-йю;;;;;;
10H1001A_LM6_TMR.PV;;AI;рюилеп 10 яей. мю ьюце 2.4.18 опнбепйх цеплерхв. ням. рпни-йю;;;;;;
10PI917A_ZEROP101.PV;;AI;япюбм. я мскэ. дюбк. ням. цюгю мю ьюце 2.4.19 опнбепйх цеплер. осяйю м-1001ю;;;;;;
10H1001A_LM7_TMR.PV;;AI;рюилеп 10 яей. мю ьюце 2.4.22 опнбепйх цеплерхв. ням. рпни-йю;;;;;;
10PI917A_ZEROP101_1.PV;;AI;япюбм. я мскэ. дюбк. ням. цюгю мю ьюце 2.4.23 опнбепйх цеплер. осяйю м-1001ю;;;;;;
10FY906C.PV;;AI;бнгдсу й оевх м-1001ю. яйнлоемяхпнбюм.;;;;;;
10FY906C.A1;;AI;бнгдсу й оевх м-1001ю. яйнлоемяхпнбюм.;;;;;;
10FY906C.A4;;AI;бнгдсу й оевх м-1001ю. яйнлоемяхпнбюм.;;;;;;
IB101_ESD1_RT1_B.PV;;AI;ярюпр REPAIR TIMER CP1;;;;;;
IB101_ESD1_RT2_B.PV;;AI;ярюпр REPAIR TIMER CP2;;;;;;
10TI650A.PV;;AI;P-1042A мюяня T рело.ондьхо.;;;;;;
10TI650A.SP;;AI;P-1042A мюяня T рело.ондьхо.;;;;;;
10TI650A.A1;;AI;P-1042A мюяня T рело.ондьхо.;;;;;;
10TI652A.PV;;AI;P-1042B мюяня T рело.ондьхо.;;;;;;
10TI652A.SP;;AI;P-1042B мюяня T рело.ондьхо.;;;;;;
10TI652A.A1;;AI;P-1042B мюяня T рело.ондьхо.;;;;;;
10TI654A.PV;;AI;P-1042C мюяня T рело.ондьхо.;;;;;;
10TI654A.SP;;AI;P-1042C мюяня T рело.ондьхо.;;;;;;
10TI654A.A1;;AI;P-1042C мюяня T рело.ондьхо.;;;;;;
10TI656A.PV;;AI;P-1041 мюяня T рело.ондьхо.;;;;;;
10TI656A.SP;;AI;P-1041 мюяня T рело.ондьхо.;;;;;;
10TI656A.A1;;AI;P-1041 мюяня T рело.ондьхо.;;;;;;
10TI791A2.PV;;AI;P-1013A РЕЛОЕПЮРСПЮ КХМЕИМНЦН ОНДЬХОМХЙЮ МЮЯНЯЮ;;;;;;
10TI791A2.SP;;AI;P-1013A РЕЛОЕПЮРСПЮ КХМЕИМНЦН ОНДЬХОМХЙЮ МЮЯНЯЮ;;;;;;
10TI791A2.A1;;AI;P-1013A РЕЛОЕПЮРСПЮ КХМЕИМНЦН ОНДЬХОМХЙЮ МЮЯНЯЮ;;;;;;
10TI791B2.PV;;AI;P-1013A РЕЛОЕПЮРСПЮ НОНПМНЦН ОНДЬХОМХЙЮ МЮЯНЯЮ;;;;;;
10TI791B2.SP;;AI;P-1013A РЕЛОЕПЮРСПЮ НОНПМНЦН ОНДЬХОМХЙЮ МЮЯНЯЮ;;;;;;
10TI791B2.A1;;AI;P-1013A РЕЛОЕПЮРСПЮ НОНПМНЦН ОНДЬХОМХЙЮ МЮЯНЯЮ;;;;;;
10TI792A2.PV;;AI;P-1013S РЕЛОЕПЮРСПЮ КХМЕИМНЦН ОНДЬХОМХЙЮ МЮЯНЯЮ;;;;;;
10TI792A2.SP;;AI;P-1013S РЕЛОЕПЮРСПЮ КХМЕИМНЦН ОНДЬХОМХЙЮ МЮЯНЯЮ;;;;;;
10TI792A2.A1;;AI;P-1013S РЕЛОЕПЮРСПЮ КХМЕИМНЦН ОНДЬХОМХЙЮ МЮЯНЯЮ;;;;;;
10TI792B2.PV;;AI;P-1013S РЕЛОЕПЮРСПЮ НОНПМНЦН ОНДЬХОМХЙЮ МЮЯНЯЮ;;;;;;
10TI792B2.SP;;AI;P-1013S РЕЛОЕПЮРСПЮ НОНПМНЦН ОНДЬХОМХЙЮ МЮЯНЯЮ;;;;;;
10TI792B2.A1;;AI;P-1013S РЕЛОЕПЮРСПЮ НОНПМНЦН ОНДЬХОМХЙЮ МЮЯНЯЮ;;;;;;
10TI795A2.PV;;AI;P-1040A РЕЛОЕПЮРСПЮ КХМЕИМНЦН ОНДЬХОМХЙЮ МЮЯНЯЮ;;;;;;
10TI795A2.SP;;AI;P-1040A РЕЛОЕПЮРСПЮ КХМЕИМНЦН ОНДЬХОМХЙЮ МЮЯНЯЮ;;;;;;
10TI795A2.A1;;AI;P-1040A РЕЛОЕПЮРСПЮ КХМЕИМНЦН ОНДЬХОМХЙЮ МЮЯНЯЮ;;;;;;
10TI795B2.PV;;AI;P-1040A РЕЛОЕПЮРСПЮ НОНПМНЦН ОНДЬХОМХЙЮ МЮЯНЯЮ;;;;;;
10TI795B2.SP;;AI;P-1040A РЕЛОЕПЮРСПЮ НОНПМНЦН ОНДЬХОМХЙЮ МЮЯНЯЮ;;;;;;
10TI795B2.A1;;AI;P-1040A РЕЛОЕПЮРСПЮ НОНПМНЦН ОНДЬХОМХЙЮ МЮЯНЯЮ;;;;;;
10TI701A.PV;;AI;P-1001A мюяня р рело.ондьхо.;;;;;;
10TI701A.SP;;AI;P-1001A мюяня р рело.ондьхо.;;;;;;
10TI701A.A1;;AI;P-1001A мюяня р рело.ондьхо.;;;;;;
10TI702A.PV;;AI;P-1001A мюяня J рело.ондьхо.;;;;;;
10TI702A.SP;;AI;P-1001A мюяня J рело.ондьхо.;;;;;;
10TI702A.A1;;AI;P-1001A мюяня J рело.ондьхо.;;;;;;
10TI703A.PV;;AI;P-1001A мюяня J рело.ондьхо.;;;;;;
10TI703A.SP;;AI;P-1001A мюяня J рело.ондьхо.;;;;;;
10TI703A.A1;;AI;P-1001A мюяня J рело.ондьхо.;;;;;;
10TI711A.PV;;AI;P-1001B мюяня р рело.ондьхо.;;;;;;
10TI711A.SP;;AI;P-1001B мюяня р рело.ондьхо.;;;;;;
10TI711A.A1;;AI;P-1001B мюяня р рело.ондьхо.;;;;;;
10TI712A.PV;;AI;P-1001B мюяня J рело.ондьхо.;;;;;;
10TI712A.SP;;AI;P-1001B мюяня J рело.ондьхо.;;;;;;
10TI712A.A1;;AI;P-1001B мюяня J рело.ондьхо.;;;;;;
10TI713A.PV;;AI;P-1001B мюяня J рело.ондьхо.;;;;;;
10TI713A.SP;;AI;P-1001B мюяня J рело.ондьхо.;;;;;;
10TI713A.A1;;AI;P-1001B мюяня J рело.ондьхо.;;;;;;
10TI707A.PV;;AI;P-1007A РЕЛОЕПЮРСПЮ ЦЕПЛЕРХГХПСЧЫЕЦН ЯРЮЙЮМЮ МЮЯНЯЮ;;;;;;
10TI707A.SP;;AI;P-1007A РЕЛОЕПЮРСПЮ ЦЕПЛЕРХГХПСЧЫЕЦН ЯРЮЙЮМЮ МЮЯНЯЮ;;;;;;
10TI707A.A1;;AI;P-1007A РЕЛОЕПЮРСПЮ ЦЕПЛЕРХГХПСЧЫЕЦН ЯРЮЙЮМЮ МЮЯНЯЮ;;;;;;
10TI717A.PV;;AI;P-1007S РЕЛОЕПЮРСПЮ ЦЕПЛЕРХГХПСЧЫЕЦН ЯРЮЙЮМЮ МЮЯНЯЮ;;;;;;
10TI717A.SP;;AI;P-1007S РЕЛОЕПЮРСПЮ ЦЕПЛЕРХГХПСЧЫЕЦН ЯРЮЙЮМЮ МЮЯНЯЮ;;;;;;
10TI717A.A1;;AI;P-1007S РЕЛОЕПЮРСПЮ ЦЕПЛЕРХГХПСЧЫЕЦН ЯРЮЙЮМЮ МЮЯНЯЮ;;;;;;
10TI727A.PV;;AI;P-1008A РЕЛОЕПЮРСПЮ ЦЕПЛЕРХГХПСЧЫЕЦН ЯРЮЙЮМЮ МЮЯНЯЮ;;;;;;
10TI727A.SP;;AI;P-1008A РЕЛОЕПЮРСПЮ ЦЕПЛЕРХГХПСЧЫЕЦН ЯРЮЙЮМЮ МЮЯНЯЮ;;;;;;
10TI727A.A1;;AI;P-1008A РЕЛОЕПЮРСПЮ ЦЕПЛЕРХГХПСЧЫЕЦН ЯРЮЙЮМЮ МЮЯНЯЮ;;;;;;
10TI738A.PV;;AI;P-1008S РЕЛОЕПЮРСПЮ ЦЕПЛЕРХГХПСЧЫЕЦН ЯРЮЙЮМЮ МЮЯНЯЮ;;;;;;
10TI738A.SP;;AI;P-1008S РЕЛОЕПЮРСПЮ ЦЕПЛЕРХГХПСЧЫЕЦН ЯРЮЙЮМЮ МЮЯНЯЮ;;;;;;
10TI738A.A1;;AI;P-1008S РЕЛОЕПЮРСПЮ ЦЕПЛЕРХГХПСЧЫЕЦН ЯРЮЙЮМЮ МЮЯНЯЮ;;;;;;
10TI749A.PV;;AI;P-1045S РЕЛОЕПЮРСПЮ ЦЕПЛЕРХГХПСЧЫЕЦН ЯРЮЙЮМЮ МЮЯНЯЮ;;;;;;
10TI749A.SP;;AI;P-1045S РЕЛОЕПЮРСПЮ ЦЕПЛЕРХГХПСЧЫЕЦН ЯРЮЙЮМЮ МЮЯНЯЮ;;;;;;
10TI749A.A1;;AI;P-1045S РЕЛОЕПЮРСПЮ ЦЕПЛЕРХГХПСЧЫЕЦН ЯРЮЙЮМЮ МЮЯНЯЮ;;;;;;
10TI758A.PV;;AI;P-1045A РЕЛОЕПЮРСПЮ ЦЕПЛЕРХГХПСЧЫЕЦН ЯРЮЙЮМЮ МЮЯНЯЮ;;;;;;
10TI758A.SP;;AI;P-1045A РЕЛОЕПЮРСПЮ ЦЕПЛЕРХГХПСЧЫЕЦН ЯРЮЙЮМЮ МЮЯНЯЮ;;;;;;
10TI758A.A1;;AI;P-1045A РЕЛОЕПЮРСПЮ ЦЕПЛЕРХГХПСЧЫЕЦН ЯРЮЙЮМЮ МЮЯНЯЮ;;;;;;
10TI721A.PV;;AI;P-1001S мюяня р рело.ондьхо.;;;;;;
10TI721A.SP;;AI;P-1001S мюяня р рело.ондьхо.;;;;;;
10TI721A.A1;;AI;P-1001S мюяня р рело.ондьхо.;;;;;;
10TI722A.PV;;AI;P-1001S мюяня J рело.ондьхо.;;;;;;
10TI722A.SP;;AI;P-1001S мюяня J рело.ондьхо.;;;;;;
10TI722A.A1;;AI;P-1001S мюяня J рело.ондьхо.;;;;;;
10TI723A.PV;;AI;P-1001S мюяня J рело.ондьхо.;;;;;;
10TI723A.SP;;AI;P-1001S мюяня J рело.ондьхо.;;;;;;
10TI723A.A1;;AI;P-1001S мюяня J рело.ондьхо.;;;;;;
10TI796A2.PV;;AI;P-1040B РЕЛОЕПЮРСПЮ КХМЕИМНЦН ОНДЬХОМХЙЮ МЮЯНЯЮ;;;;;;
10TI796A2.SP;;AI;P-1040B РЕЛОЕПЮРСПЮ КХМЕИМНЦН ОНДЬХОМХЙЮ МЮЯНЯЮ;;;;;;
10TI796A2.A1;;AI;P-1040B РЕЛОЕПЮРСПЮ КХМЕИМНЦН ОНДЬХОМХЙЮ МЮЯНЯЮ;;;;;;
10TI796B2.PV;;AI;P-1040B РЕЛОЕПЮРСПЮ НОНПМНЦН ОНДЬХОМХЙЮ МЮЯНЯЮ;;;;;;
10TI796B2.SP;;AI;P-1040B РЕЛОЕПЮРСПЮ НОНПМНЦН ОНДЬХОМХЙЮ МЮЯНЯЮ;;;;;;
10TI796B2.A1;;AI;P-1040B РЕЛОЕПЮРСПЮ НОНПМНЦН ОНДЬХОМХЙЮ МЮЯНЯЮ;;;;;;
10TI797A2.PV;;AI;P-1040S РЕЛОЕПЮРСПЮ КХМЕИМНЦН ОНДЬХОМХЙЮ МЮЯНЯЮ;;;;;;
10TI797A2.SP;;AI;P-1040S РЕЛОЕПЮРСПЮ КХМЕИМНЦН ОНДЬХОМХЙЮ МЮЯНЯЮ;;;;;;
10TI797A2.A1;;AI;P-1040S РЕЛОЕПЮРСПЮ КХМЕИМНЦН ОНДЬХОМХЙЮ МЮЯНЯЮ;;;;;;
10TI797B2.PV;;AI;P-1040S РЕЛОЕПЮРСПЮ НОНПМНЦН ОНДЬХОМХЙЮ МЮЯНЯЮ;;;;;;
10TI797B2.SP;;AI;P-1040S РЕЛОЕПЮРСПЮ НОНПМНЦН ОНДЬХОМХЙЮ МЮЯНЯЮ;;;;;;
10TI797B2.A1;;AI;P-1040S РЕЛОЕПЮРСПЮ НОНПМНЦН ОНДЬХОМХЙЮ МЮЯНЯЮ;;;;;;
10TI901A.PV;;AI;релоепюрспю дшлнбшу цюгнб б йнмбейжхх м-1001ю;;;;;;
10TI901A.SP;;AI;релоепюрспю дшлнбшу цюгнб б йнмбейжхх м-1001ю;;;;;;
10TI901A.A1;;AI;релоепюрспю дшлнбшу цюгнб б йнмбейжхх м-1001ю;;;;;;
IB101_ESD1_T1.PV;;AI;релоепюрспю йнмр-пю CP1;;;;;;
IB101_ESD1_T2.PV;;AI;релоепюрспю йнмр-пю CP2;;;;;;
IB101_ESD1_YEAR.PV;;AI;рейсыхи цнд йнмр-пю ESD_101_1;;;;;;
IB101_ESD1_MONTH.PV;;AI;рейсыхи леяъж йнмр-пю ESD_101_1;;;;;;
IB101_ESD1_DAY.PV;;AI;рейсыхи демэ йнмр-пю ESD_101_1;;;;;;
IB101_ESD1_HOUR.PV;;AI;рейсыхи вюя йнмр-пю ESD_101_1;;;;;;
IB101_ESD1_MIN.PV;;AI;рейсыюъ лхмсрю йнмр-пю ESD_101_1;;;;;;
IB101_ESD1_SEC.PV;;AI;рейсыюъ яейсмдю йнмр-пю ESD_101_1;;;;;;
10TI724A.PV;;AI;P-1001S рспахмш J рело.ондьхо.;;;;;;
10TI724A.SP;;AI;P-1001S рспахмш J рело.ондьхо.;;;;;;
10TI724A.A1;;AI;P-1001S рспахмш J рело.ондьхо.;;;;;;
10TI725A.PV;;AI;P-1001S рспахмш J рело.ондьхо.;;;;;;
10TI725A.SP;;AI;P-1001S рспахмш J рело.ондьхо.;;;;;;
10TI725A.A1;;AI;P-1001S рспахмш J рело.ондьхо.;;;;;;
10LI008A.PV;;AI;спнбемэ б е-1008 цемепюрнп оюпю яд;;;;;;
10LI008A.A1;;AI;спнбемэ б е-1008 цемепюрнп оюпю яд;;;;;;
10LI009A.PV;;AI;спнбемэ б е-1018 цемепюрнп оюпю яд;;;;;;
10LI009A.A1;;AI;спнбемэ б е-1018 цемепюрнп оюпю яд;;;;;;
10LI030.PV;;AI;спнбемэ б V-1005 яеоюпюрнп рнок. цюгю;;;;;;
10LI030.A1;;AI;спнбемэ б V-1005 яеоюпюрнп рнок. цюгю;;;;;;
10LI037.PV;;AI;спнбемэ б V-1045 елйнярэ юмрхтпхгю;;;;;;
10LI037.SP;;AI;спнбемэ б V-1045 елйнярэ юмрхтпхгю;;;;;;
10LI037.A4;;AI;спнбемэ б V-1045 елйнярэ юмрхтпхгю;;;;;;
10PI907A.PV;;AI;дюбкемхе мю оепебюке м-1001ю;;;;;;
10PI907A.A1;;AI;дюбкемхе мю оепебюке м-1001ю;;;;;;
10PDI912A.PV;;AI;ондювю фхд. рнокхбю / пюяошкемхе оюпю;;;;;;
10PDI912A.SP;;AI;ондювю фхд. рнокхбю / пюяошкемхе оюпю;;;;;;
10PDI912A.A4;;AI;ондювю фхд. рнокхбю / пюяошкемхе оюпю;;;;;;
10PI943.PV;;AI;п  бнгдсую й тнпясмйюл б м-1001ю;;;;;;
10PI943.A4;;AI;п  бнгдсую й тнпясмйюл б м-1001ю;;;;;;
10PI917B_TEST.PV;;AI;нямнбмни цнпчвхи цюг;;;;;;
10AI900C2.PV;;AI;яндеп. н2 б дшл. цюге м-1001B;;;;;;
10AI900C2.SP;;AI;яндеп. н2 б дшл. цюге м-1001B;;;;;;
10AI900C2.A4;;AI;яндеп. н2 б дшл. цюге м-1001B;;;;;;
10AI900B2.PV;;AI;яндеп. н2 б дшл. цюге м-1001B;;;;;;
10AI900B2.SP;;AI;яндеп. н2 б дшл. цюге м-1001B;;;;;;
10AI900B2.A4;;AI;яндеп. н2 б дшл. цюге м-1001B;;;;;;
IB101_ESD2_RT1_B.PV;;AI;ярюпр REPAIR TIMER CP1;;;;;;
IB101_ESD2_RT2_B.PV;;AI;ярюпр REPAIR TIMER CP2;;;;;;
10TI789A.PV;;AI;P-1010S РЕЛОЕПЮРСПЮ КХМЕИМНЦН ОНДЬХОМХЙЮ МЮЯНЯЮ;;;;;;
10TI789A.A1;;AI;P-1010S РЕЛОЕПЮРСПЮ КХМЕИМНЦН ОНДЬХОМХЙЮ МЮЯНЯЮ;;;;;;
10TI789B.PV;;AI;P-1010S РЕЛОЕПЮРСПЮ НОНПМНЦН ОНДЬХОМХЙЮ МЮЯНЯЮ;;;;;;
10TI789B.A1;;AI;P-1010S РЕЛОЕПЮРСПЮ НОНПМНЦН ОНДЬХОМХЙЮ МЮЯНЯЮ;;;;;;
10TI793.PV;;AI;рело. надсбю щк.дбхц.P-1009A;;;;;;
10TI793.A3;;AI;рело. надсбю щк.дбхц.P-1009A;;;;;;
10TI794.PV;;AI;рело. надсбю щк.дбхц.P-1009S;;;;;;
10TI794.A3;;AI;рело. надсбю щк.дбхц.P-1009S;;;;;;
10TI798.PV;;AI;рело. надсбю щк.дбхц.P-1005ю;;;;;;
10TI798.A3;;AI;рело. надсбю щк.дбхц.P-1005ю;;;;;;
10TI801.PV;;AI;релоепюрспю дшлнбшу цюгнб б йнмбейжхх м-1001б;;;;;;
10TI801.A1;;AI;релоепюрспю дшлнбшу цюгнб б йнмбейжхх м-1001б;;;;;;
10TI805A.PV;;AI;релоепюрспю мю оепебюке м-1001б;;;;;;
10TI805A.SP;;AI;релоепюрспю мю оепебюке м-1001б;;;;;;
10TI805A.A1;;AI;релоепюрспю мю оепебюке м-1001б;;;;;;
10FI036F.PV;;AI;пюяунд юрл. нярюрйю б H-1001B, 6 глеебхй;;;;;;
10FI036F.SP;;AI;пюяунд юрл. нярюрйю б H-1001B, 6 глеебхй;;;;;;
10FI036F.A4;;AI;пюяунд юрл. нярюрйю б H-1001B, 6 глеебхй;;;;;;
10FI036G.PV;;AI;пюяунд юрл. нярюрйю б H-1001B, 7 глеебхй;;;;;;
10FI036G.SP;;AI;пюяунд юрл. нярюрйю б H-1001B, 7 глеебхй;;;;;;
10FI036G.A4;;AI;пюяунд юрл. нярюрйю б H-1001B, 7 глеебхй;;;;;;
10PI817A_ZEROP.PV;;AI;мскэ. дюбк. ням. цюгю мю ьюце 2.4.16 опнбепйх цеплер. осяйю м-1001б;;;;;;
10H1001B_SEQ_STEP.PV;;AI;ьюц осяйнбни онякеднбюрекэмнярх;;;;;;
10H1001B_SEQ_TIMER.PV;;AI;бпелъ ьюцю б осяйнбни онякеднбюрекэмнярх;;;;;;
10H1001B_BURN_OIL_TMR.PV;;AI;рюилеп пнгфхцю люгсрмшу цнпекнй;;;;;;
10AI900A2.PV;;AI;яндеп. н2 б дшл. цюге м-1001B;;;;;;
10AI900A2.SP;;AI;яндеп. н2 б дшл. цюге м-1001B;;;;;;
10AI900A2.A4;;AI;яндеп. н2 б дшл. цюге м-1001B;;;;;;
10PDI812.PV;;AI;ондювю фхд. рнокхбю / пюяошкемхе оюпю;;;;;;
10PDI812.SP;;AI;ондювю фхд. рнокхбю / пюяошкемхе оюпю;;;;;;
10PDI812.A4;;AI;ондювю фхд. рнокхбю / пюяошкемхе оюпю;;;;;;
10PI807.PV;;AI;дюбкемхе мю оепебюке м-1001б;;;;;;
10PI807.SP;;AI;дюбкемхе мю оепебюке м-1001б;;;;;;
10PI807.A1;;AI;дюбкемхе мю оепебюке м-1001б;;;;;;
10PI811A.PV;;AI;ондювю фхдйнцн рнокхбю;;;;;;
10PI811A.SP;;AI;ондювю фхдйнцн рнокхбю;;;;;;
10PI811A.A4;;AI;ондювю фхдйнцн рнокхбю;;;;;;
10PI811B.PV;;AI;ондювю фхдйнцн рнокхбю;;;;;;
10PI811B.SP;;AI;ондювю фхдйнцн рнокхбю;;;;;;
10PI811B.A1;;AI;ондювю фхдйнцн рнокхбю;;;;;;
10PI817A.PV;;AI;нямнбмни цнпчвхи цюг;;;;;;
10PI817A.SP;;AI;нямнбмни цнпчвхи цюг;;;;;;
10PI817A.A1;;AI;нямнбмни цнпчвхи цюг;;;;;;
10PI817A.A4;;AI;нямнбмни цнпчвхи цюг;;;;;;
10PI817B.PV;;AI;нямнбмни цнпчвхи цюг;;;;;;
10PI817B.SP;;AI;нямнбмни цнпчвхи цюг;;;;;;
10PI817B.A1;;AI;нямнбмни цнпчвхи цюг;;;;;;
10PI817B.A4;;AI;нямнбмни цнпчвхи цюг;;;;;;
10PI819A.PV;;AI;охкнрмши цюг дкъ пнгфхцю м-1001б;;;;;;
10PI819A.SP;;AI;охкнрмши цюг дкъ пнгфхцю м-1001б;;;;;;
10PI819A.A4;;AI;охкнрмши цюг дкъ пнгфхцю м-1001б;;;;;;
10PI819B.PV;;AI;охкнрмши цюг дкъ пнгфхцю м-1001б;;;;;;
10PI819B.A1;;AI;охкнрмши цюг дкъ пнгфхцю м-1001б;;;;;;
10TI092C.PV;;AI;юрл. нярюрнй хг H-1001B (2 глеебхй);;;;;;
10TI092C.SP;;AI;юрл. нярюрнй хг H-1001B (2 глеебхй);;;;;;
10TI092C.A1;;AI;юрл. нярюрнй хг H-1001B (2 глеебхй);;;;;;
10TI093A.PV;;AI;юрл. нярюрнй хг H-1001B (3 глеебхй);;;;;;
10TI093A.SP;;AI;юрл. нярюрнй хг H-1001B (3 глеебхй);;;;;;
10TI093A.A1;;AI;юрл. нярюрнй хг H-1001B (3 глеебхй);;;;;;
10TI093B.PV;;AI;юрл. нярюрнй хг H-1001B (3 глеебхй);;;;;;
10TI093B.SP;;AI;юрл. нярюрнй хг H-1001B (3 глеебхй);;;;;;
10TI093B.A1;;AI;юрл. нярюрнй хг H-1001B (3 глеебхй);;;;;;
10TI093C.PV;;AI;юрл. нярюрнй хг H-1001B (3 глеебхй);;;;;;
10TI093C.SP;;AI;юрл. нярюрнй хг H-1001B (3 глеебхй);;;;;;
10TI093C.A1;;AI;юрл. нярюрнй хг H-1001B (3 глеебхй);;;;;;
10FI036E.PV;;AI;пюяунд юрл. нярюрйю б H-1001B, 5 глеебхй;;;;;;
10FI036E.SP;;AI;пюяунд юрл. нярюрйю б H-1001B, 5 глеебхй;;;;;;
10FI036E.A4;;AI;пюяунд юрл. нярюрйю б H-1001B, 5 глеебхй;;;;;;
10PI819A_MAXP099_1.PV;;AI;япюбм. я люйя. дюбк. охк. цюгю мю ьюце 2.3.13 опнбепйх цеплер. осяйю м-1001б;;;;;;
10H1001B_LT4_TMR.PV;;AI;рюилеп 10 яей. мю ьюце 2.3.12 опнбепйх цеплерхв. охкнр. рпни-йю;;;;;;
10PI819A_MAXP099.PV;;AI;япюбм. я люйя. дюбк. охк. цюгю мю ьюце 2.3.9 опнбепйх цеплер. осяйю м-1001б;;;;;;
10H1001B_LT3_TMR.PV;;AI;рюилеп 10 яей. мю ьюце 2.3.8 опнбепйх цеплерхв. охкнр. рпни-йю;;;;;;
10H1001B_LT2_TMR.PV;;AI;рюилеп 25 яей. мю ьюце 2.3.4 опнбепйх цеплерхв. охкнр. рпни-йю;;;;;;
10H1001B_SEQ_STEP_F.PV;;AI;онякед. ьюц дн опепшбюмхъ осяй. онякеднбюрекэмнярх;;;;;;
10PI819A_MINP.PV;;AI;лхм. дюбк. охк. цюгю мю ьюце 2.3.2 опнбепйх цеплер. осяйю м-1001б;;;;;;
10PI819A_MAX_MIN.PV;;AI;пюгм-рэ люйя-лхм дюбк. охк. цюгю мю ьюце 2.3.5 опнбепйх цеплер. осяйю м-1001б;;;;;;
10PI819A_MAXP.PV;;AI;люйя. дюбк. охк. цюгю мю ьюце 2.3.4 опнбепйх цеплер. осяйю м-1001б;;;;;;
10PI819A_ZEROP.PV;;AI;мскэ. дюбк. охк. цюгю мю ьюце 2.3.16 опнбепйх цеплер. осяйю м-1001б;;;;;;
10BSLL903.PV;;AI;хмдхйюрнп окюлемх цнпекйх ╧4;;;;;;
10BSLL903.A4;;AI;хмдхйюрнп окюлемх цнпекйх ╧4;;;;;;
10BSLL904.PV;;AI;хмдхйюрнп окюлемх цнпекйх ╧5;;;;;;
10BSLL904.A4;;AI;хмдхйюрнп окюлемх цнпекйх ╧5;;;;;;
10LI018.PV;;AI;спнбемэ б T-1001 яейжхъ рбцн;;;;;;
10LI018.SP;;AI;спнбемэ б T-1001 яейжхъ рбцн;;;;;;
10LI018.A4;;AI;спнбемэ б T-1001 яейжхъ рбцн;;;;;;
10LI019.PV;;AI;спнбемэ б T-1001 яейжхъ мхфмеи опнлшбйх;;;;;;
10LI019.SP;;AI;спнбемэ б T-1001 яейжхъ мхфмеи опнлшбйх;;;;;;
10LI019.A4;;AI;спнбемэ б T-1001 яейжхъ мхфмеи опнлшбйх;;;;;;
10LI022.PV;;AI;спнбемэ б йсае T-1001;;;;;;
10LI022.A4;;AI;спнбемэ б йсае T-1001;;;;;;
10TI094A.PV;;AI;юрл. нярюрнй хг H-1001B (4 глеебхй);;;;;;
10TI094A.SP;;AI;юрл. нярюрнй хг H-1001B (4 глеебхй);;;;;;
10TI094A.A1;;AI;юрл. нярюрнй хг H-1001B (4 глеебхй);;;;;;
10TI094B.PV;;AI;юрл. нярюрнй хг H-1001B (4 глеебхй);;;;;;
10TI094B.SP;;AI;юрл. нярюрнй хг H-1001B (4 глеебхй);;;;;;
10TI094B.A1;;AI;юрл. нярюрнй хг H-1001B (4 глеебхй);;;;;;
10TI777A.PV;;AI;P-1005S РЕЛОЕПЮРСПЮ КХМЕИМНЦН ОНДЬХОМХЙЮ МЮЯНЯЮ;;;;;;
10TI777A.A1;;AI;P-1005S РЕЛОЕПЮРСПЮ КХМЕИМНЦН ОНДЬХОМХЙЮ МЮЯНЯЮ;;;;;;
10TI777B.PV;;AI;P-1005S РЕЛОЕПЮРСПЮ НОНПМНЦН ОНДЬХОМХЙЮ МЮЯНЯЮ;;;;;;
10TI777B.A1;;AI;P-1005S РЕЛОЕПЮРСПЮ НОНПМНЦН ОНДЬХОМХЙЮ МЮЯНЯЮ;;;;;;
10TI779A.PV;;AI;P-1006A РЕЛОЕПЮРСПЮ КХМЕИМНЦН ОНДЬХОМХЙЮ МЮЯНЯЮ;;;;;;
10TI779A.A1;;AI;P-1006A РЕЛОЕПЮРСПЮ КХМЕИМНЦН ОНДЬХОМХЙЮ МЮЯНЯЮ;;;;;;
10TI779B.PV;;AI;P-1006A РЕЛОЕПЮРСПЮ НОНПМНЦН ОНДЬХОМХЙЮ МЮЯНЯЮ;;;;;;
10TI779B.A1;;AI;P-1006A РЕЛОЕПЮРСПЮ НОНПМНЦН ОНДЬХОМХЙЮ МЮЯНЯЮ;;;;;;
10TI781A.PV;;AI;P-1006S РЕЛОЕПЮРСПЮ КХМЕИМНЦН ОНДЬХОМХЙЮ МЮЯНЯЮ;;;;;;
10TI781A.A1;;AI;P-1006S РЕЛОЕПЮРСПЮ КХМЕИМНЦН ОНДЬХОМХЙЮ МЮЯНЯЮ;;;;;;
10TI781B.PV;;AI;P-1006S РЕЛОЕПЮРСПЮ НОНПМНЦН ОНДЬХОМХЙЮ МЮЯНЯЮ;;;;;;
10TI781B.A1;;AI;P-1006S РЕЛОЕПЮРСПЮ НОНПМНЦН ОНДЬХОМХЙЮ МЮЯНЯЮ;;;;;;
10TI783A.PV;;AI;P-1009A РЕЛОЕПЮРСПЮ КХМЕИМНЦН ОНДЬХОМХЙЮ МЮЯНЯЮ;;;;;;
10TI783A.A1;;AI;P-1009A РЕЛОЕПЮРСПЮ КХМЕИМНЦН ОНДЬХОМХЙЮ МЮЯНЯЮ;;;;;;
10TI783B.PV;;AI;P-1009A РЕЛОЕПЮРСПЮ НОНПМНЦН ОНДЬХОМХЙЮ МЮЯНЯЮ;;;;;;
10TI783B.A1;;AI;P-1009A РЕЛОЕПЮРСПЮ НОНПМНЦН ОНДЬХОМХЙЮ МЮЯНЯЮ;;;;;;
10TI785A.PV;;AI;P-1009S РЕЛОЕПЮРСПЮ КХМЕИМНЦН ОНДЬХОМХЙЮ МЮЯНЯЮ;;;;;;
10TI785A.A1;;AI;P-1009S РЕЛОЕПЮРСПЮ КХМЕИМНЦН ОНДЬХОМХЙЮ МЮЯНЯЮ;;;;;;
10TI785B.PV;;AI;P-1009S РЕЛОЕПЮРСПЮ НОНПМНЦН ОНДЬХОМХЙЮ МЮЯНЯЮ;;;;;;
10TI785B.A1;;AI;P-1009S РЕЛОЕПЮРСПЮ НОНПМНЦН ОНДЬХОМХЙЮ МЮЯНЯЮ;;;;;;
10TI787A.PV;;AI;P-1010A РЕЛОЕПЮРСПЮ КХМЕИМНЦН ОНДЬХОМХЙЮ МЮЯНЯЮ;;;;;;
10TI787A.A1;;AI;P-1010A РЕЛОЕПЮРСПЮ КХМЕИМНЦН ОНДЬХОМХЙЮ МЮЯНЯЮ;;;;;;
10TI787B.PV;;AI;P-1010A РЕЛОЕПЮРСПЮ НОНПМНЦН ОНДЬХОМХЙЮ МЮЯНЯЮ;;;;;;
10TI787B.A1;;AI;P-1010A РЕЛОЕПЮРСПЮ НОНПМНЦН ОНДЬХОМХЙЮ МЮЯНЯЮ;;;;;;
10H1001B_BURN_IGN_TMR.PV;;AI;рюилеп пнгфхцю нямнбмшу цнпекнй;;;;;;
10H1001B_PIL_IGN_TMR.PV;;AI;рюилеп пнгфхцю охкнрмшу цнпекнй;;;;;;
10H1001B_PURGING_T.PV;;AI;рюилеп опндсбйх;;;;;;
10H1001B_LT1_TMR.PV;;AI;рюилеп 15 яей. мю ьюце 2.3.2 опнбепйх цеплерхв. охкнр. рпни-йю;;;;;;
10PI817A_ZEROP101_1.PV;;AI;япюбм. я мскэ. дюбк. ням. цюгю мю ьюце 2.4.23 опнбепйх цеплер. осяйю м-1001б;;;;;;
10H1001B_LM7_TMR.PV;;AI;рюилеп 10 яей. мю ьюце 2.4.22 опнбепйх цеплерхв. ням. рпни-йю;;;;;;
10PI817A_ZEROP101.PV;;AI;япюбм. я мскэ. дюбк. ням. цюгю мю ьюце 2.4.19 опнбепйх цеплер. осяйю м-1001б;;;;;;
10H1001B_LM6_TMR.PV;;AI;рюилеп 10 яей. мю ьюце 2.4.18 опнбепйх цеплерхв. ням. рпни-йю;;;;;;
10H1001B_LM5_TMR.PV;;AI;рюилеп 35 яей. мю ьюце 2.4.16 опнбепйх цеплерхв. ням. рпни-йю;;;;;;
10PI817A_MAXP099_1.PV;;AI;япюбм. я люйя. дюбк. ням. цюгю мю ьюце 2.4.13 опнбепйх цеплер. осяйю м-1001б;;;;;;
10H1001B_LM4_TMR.PV;;AI;рюилеп 10 яей. мю ьюце 2.4.12 опнбепйх цеплерхв. ням. рпни-йю;;;;;;
10PI817A_MAXP099.PV;;AI;япюбм. я люйя. дюбк. ням. цюгю мю ьюце 2.4.9 опнбепйх цеплер. осяйю м-1001б;;;;;;
10H1001B_LM3_TMR.PV;;AI;рюилеп 10 яей. мю ьюце 2.4.8 опнбепйх цеплерхв. ням. рпни-йю;;;;;;
10H1001B_LM2_TMR.PV;;AI;рюилеп 25 яей. мю ьюце 2.4.4 опнбепйх цеплерхв. ням. рпни-йю;;;;;;
10H1001B_LM1_TMR.PV;;AI;рюилеп 15 яей. мю ьюце 2.4.2 опнбепйх цеплерхв. ням. рпни-йю;;;;;;
10PI819A_ZEROP101_1.PV;;AI;япюбм. я мскэ. дюбк. охк. цюгю мю ьюце 2.3.23 опнбепйх цеплер. осяйю м-1001б;;;;;;
10PI844.PV;;AI;бнгдсу й тнпясмйюл м-1001б;;;;;;
10PI844.SP;;AI;бнгдсу й тнпясмйюл м-1001б;;;;;;
10PI844.A4;;AI;бнгдсу й тнпясмйюл м-1001б;;;;;;
10TI089A.PV;;AI;юрл. нярюрнй хг H-1001B (1 глеебхй);;;;;;
10TI089A.SP;;AI;юрл. нярюрнй хг H-1001B (1 глеебхй);;;;;;
10TI089A.A1;;AI;юрл. нярюрнй хг H-1001B (1 глеебхй);;;;;;
10TI089B.PV;;AI;юрл. нярюрнй хг H-1001B (1 глеебхй);;;;;;
10TI089B.SP;;AI;юрл. нярюрнй хг H-1001B (1 глеебхй);;;;;;
10TI089B.A1;;AI;юрл. нярюрнй хг H-1001B (1 глеебхй);;;;;;
10TI089C.PV;;AI;юрл. нярюрнй хг H-1001B (1 глеебхй);;;;;;
10TI089C.SP;;AI;юрл. нярюрнй хг H-1001B (1 глеебхй);;;;;;
10TI089C.A1;;AI;юрл. нярюрнй хг H-1001B (1 глеебхй);;;;;;
10FI806C.PV;;AI;бнгдсу й оевх м-1001B. яйнлоемяхпнбюм.;;;;;;
10FI806C.A1;;AI;бнгдсу й оевх м-1001B. яйнлоемяхпнбюм.;;;;;;
10FI806C.A4;;AI;бнгдсу й оевх м-1001B. яйнлоемяхпнбюм.;;;;;;
10TI753.PV;;AI;P-1004A мюяня J рело.ондьхо.;;;;;;
10TI753.A1;;AI;P-1004A мюяня J рело.ондьхо.;;;;;;
10TI754.PV;;AI;рело. надсбю щк.дбхц.P-1004A;;;;;;
10TI754.A3;;AI;рело. надсбю щк.дбхц.P-1004A;;;;;;
10TI761.PV;;AI;P-1004S мюяня р рело.ондьхо.;;;;;;
10TI761.A1;;AI;P-1004S мюяня р рело.ондьхо.;;;;;;
10BSLL902.PV;;AI;хмдхйюрнп окюлемх цнпекйх ╧3;;;;;;
10BSLL902.A4;;AI;хмдхйюрнп окюлемх цнпекйх ╧3;;;;;;
10TI092A.PV;;AI;юрл. нярюрнй хг H-1001B (2 глеебхй);;;;;;
10TI092A.SP;;AI;юрл. нярюрнй хг H-1001B (2 глеебхй);;;;;;
10TI092A.A1;;AI;юрл. нярюрнй хг H-1001B (2 глеебхй);;;;;;
10TI092B.PV;;AI;юрл. нярюрнй хг H-1001B (2 глеебхй);;;;;;
10TI092B.SP;;AI;юрл. нярюрнй хг H-1001B (2 глеебхй);;;;;;
10TI092B.A1;;AI;юрл. нярюрнй хг H-1001B (2 глеебхй);;;;;;
10H1001B_LT7_TMR.PV;;AI;рюилеп 10 яей. мю ьюце 2.3.22 опнбепйх цеплерхв. охкнр. рпни-йю;;;;;;
10PI819A_ZEROP101.PV;;AI;япюбм. я мскэ. дюбк. охк. цюгю мю ьюце 2.3.19 опнбепйх цеплер. осяйю м-1001б;;;;;;
10H1001B_LT6_TMR.PV;;AI;рюилеп 10 яей. мю ьюце 2.3.18 опнбепйх цеплерхв. охкнр. рпни-йю;;;;;;
10H1001B_LT5_TMR.PV;;AI;рюилеп 35 яей. мю ьюце 2.3.16 опнбепйх цеплерхв. охкнр. рпни-йю;;;;;;
10TI762.PV;;AI;P-1004S мюяня J рело.ондьхо.;;;;;;
10TI762.A1;;AI;P-1004S мюяня J рело.ондьхо.;;;;;;
10TI763.PV;;AI;P-1004S мюяня J рело.ондьхо.;;;;;;
10TI763.A1;;AI;P-1004S мюяня J рело.ондьхо.;;;;;;
10TI764.PV;;AI;рело. надсбю щк.дбхц.P-1004S;;;;;;
10TI764.A3;;AI;рело. надсбю щк.дбхц.P-1004S;;;;;;
10TI259C.PV;;AI;юрл. нярюрнй хг H-1001B (6 глеебхй);;;;;;
10TI259C.SP;;AI;юрл. нярюрнй хг H-1001B (6 глеебхй);;;;;;
10TI259C.A1;;AI;юрл. нярюрнй хг H-1001B (6 глеебхй);;;;;;
10TI260A.PV;;AI;юрл. нярюрнй хг H-1001B (7 глеебхй);;;;;;
10TI260A.SP;;AI;юрл. нярюрнй хг H-1001B (7 глеебхй);;;;;;
10TI260A.A1;;AI;юрл. нярюрнй хг H-1001B (7 глеебхй);;;;;;
10TI260B.PV;;AI;юрл. нярюрнй хг H-1001B (7 глеебхй);;;;;;
10TI260B.SP;;AI;юрл. нярюрнй хг H-1001B (7 глеебхй);;;;;;
10TI260B.A1;;AI;юрл. нярюрнй хг H-1001B (7 глеебхй);;;;;;
10TI260C.PV;;AI;юрл. нярюрнй хг H-1001B (7 глеебхй);;;;;;
10TI260C.SP;;AI;юрл. нярюрнй хг H-1001B (7 глеебхй);;;;;;
10TI260C.A1;;AI;юрл. нярюрнй хг H-1001B (7 глеебхй);;;;;;
10TI261A.PV;;AI;юрл. нярюрнй хг H-1001B (8 глеебхй);;;;;;
10TI261A.SP;;AI;юрл. нярюрнй хг H-1001B (8 глеебхй);;;;;;
10TI261A.A1;;AI;юрл. нярюрнй хг H-1001B (8 глеебхй);;;;;;
10TI261B.PV;;AI;юрл. нярюрнй хг H-1001B (8 глеебхй);;;;;;
10TI261B.SP;;AI;юрл. нярюрнй хг H-1001B (8 глеебхй);;;;;;
10TI261B.A1;;AI;юрл. нярюрнй хг H-1001B (8 глеебхй);;;;;;
10PI817A_MAX_MIN.PV;;AI;пюгм-рэ люйя-лхм дюбк. ням. цюгю мю ьюце 2.4.5 опнбепйх цеплер. осяйю м-1001б;;;;;;
10PI817A_MAXP.PV;;AI;люйя. дюбк. ням. цюгю мю ьюце 2.4.4 опнбепйх цеплер. осяйю м-1001б;;;;;;
10TI805B.PV;;AI;релоепюрспю мю оепебюке м-1001б;;;;;;
10TI805B.SP;;AI;релоепюрспю мю оепебюке м-1001б;;;;;;
10TI805B.A1;;AI;релоепюрспю мю оепебюке м-1001б;;;;;;
10TI805C.PV;;AI;релоепюрспю мю оепебюке м-1001б;;;;;;
10TI805C.SP;;AI;релоепюрспю мю оепебюке м-1001б;;;;;;
10TI805C.A1;;AI;релоепюрспю мю оепебюке м-1001б;;;;;;
10TI824.PV;;AI;бнгдсу й тнпясмйюл м-1001б;;;;;;
10TI824.SP;;AI;бнгдсу й тнпясмйюл м-1001б;;;;;;
10PI817A_MINP.PV;;AI;лхм. дюбк. ням. цюгю мю ьюце 2.4.2 опнбепйх цеплер. осяйю м-1001б;;;;;;
10BSLL900.PV;;AI;хмдхйюрнп окюлемх цнпекйх ╧1;;;;;;
10BSLL900.A4;;AI;хмдхйюрнп окюлемх цнпекйх ╧1;;;;;;
10BSLL901.PV;;AI;хмдхйюрнп окюлемх цнпекйх ╧2;;;;;;
10BSLL901.A4;;AI;хмдхйюрнп окюлемх цнпекйх ╧2;;;;;;
10TI799.PV;;AI;рело. надсбю щк.дбхц.P-1005S;;;;;;
10TI799.A3;;AI;рело. надсбю щк.дбхц.P-1005S;;;;;;
10FI036H.PV;;AI;пюяунд юрл. нярюрйю б H-1001B, 8 глеебхй;;;;;;
10FI036H.SP;;AI;пюяунд юрл. нярюрйю б H-1001B, 8 глеебхй;;;;;;
10FI036H.A4;;AI;пюяунд юрл. нярюрйю б H-1001B, 8 глеебхй;;;;;;
10FI806.PV;;AI;бнгдсу й оевх м-1001B;;;;;;
10FI806.SP;;AI;бнгдсу й оевх м-1001B;;;;;;
10FI806.A2;;AI;бнгдсу й оевх м-1001B;;;;;;
10LI015.PV;;AI;спнбемэ б йсае T-1001;;;;;;
10LI015.A1;;AI;спнбемэ б йсае T-1001;;;;;;
10LI016.PV;;AI;спнбемэ б T-1001 яейжхъ бжн;;;;;;
10LI016.SP;;AI;спнбемэ б T-1001 яейжхъ бжн;;;;;;
10LI016.A4;;AI;спнбемэ б T-1001 яейжхъ бжн;;;;;;
10TI259B.PV;;AI;юрл. нярюрнй хг H-1001B (6 глеебхй);;;;;;
10TI259B.SP;;AI;юрл. нярюрнй хг H-1001B (6 глеебхй);;;;;;
10TI259B.A1;;AI;юрл. нярюрнй хг H-1001B (6 глеебхй);;;;;;
10TI261C.PV;;AI;юрл. нярюрнй хг H-1001B (8 глеебхй);;;;;;
10TI261C.SP;;AI;юрл. нярюрнй хг H-1001B (8 глеебхй);;;;;;
10TI261C.A1;;AI;юрл. нярюрнй хг H-1001B (8 глеебхй);;;;;;
10TI731.PV;;AI;P-1002A мюяня р рело.ондьхо.;;;;;;
10TI731.A1;;AI;P-1002A мюяня р рело.ондьхо.;;;;;;
10TI732.PV;;AI;P-1002A мюяня J рело.ондьхо.;;;;;;
10TI732.A1;;AI;P-1002A мюяня J рело.ондьхо.;;;;;;
10TI733.PV;;AI;P-1002A мюяня J рело.ондьхо.;;;;;;
10TI733.A1;;AI;P-1002A мюяня J рело.ондьхо.;;;;;;
10TI734.PV;;AI;рело. надсбю щк.дбхц.P-1002A;;;;;;
10TI734.A3;;AI;рело. надсбю щк.дбхц.P-1002A;;;;;;
10TI752.PV;;AI;P-1004A мюяня J рело.ондьхо.;;;;;;
10TI752.A1;;AI;P-1004A мюяня J рело.ондьхо.;;;;;;
10BSLL905.PV;;AI;хмдхйюрнп окюлемх цнпекйх ╧6;;;;;;
10BSLL905.A4;;AI;хмдхйюрнп окюлемх цнпекйх ╧6;;;;;;
10BSLL906.PV;;AI;хмдхйюрнп окюлемх цнпекйх ╧7;;;;;;
10BSLL906.A4;;AI;хмдхйюрнп окюлемх цнпекйх ╧7;;;;;;
10BSLL907.PV;;AI;хмдхйюрнп окюлемх цнпекйх ╧8;;;;;;
10BSLL907.A4;;AI;хмдхйюрнп окюлемх цнпекйх ╧8;;;;;;
10BSLL908.PV;;AI;хмдхйюрнп окюлемх цнпекйх ╧9;;;;;;
10BSLL908.A4;;AI;хмдхйюрнп окюлемх цнпекйх ╧9;;;;;;
10BSLL909.PV;;AI;хмдхйюрнп окюлемх цнпекйх ╧10;;;;;;
10BSLL909.A4;;AI;хмдхйюрнп окюлемх цнпекйх ╧10;;;;;;
10BSLL910.PV;;AI;хмдхйюрнп окюлемх цнпекйх ╧11;;;;;;
10BSLL910.A4;;AI;хмдхйюрнп окюлемх цнпекйх ╧11;;;;;;
10BSLL911.PV;;AI;хмдхйюрнп окюлемх цнпекйх ╧12;;;;;;
10BSLL911.A4;;AI;хмдхйюрнп окюлемх цнпекйх ╧12;;;;;;
10FI036A.PV;;AI;пюяунд юрл. нярюрйю б H-1001B, 1 глеебхй;;;;;;
10FI036A.SP;;AI;пюяунд юрл. нярюрйю б H-1001B, 1 глеебхй;;;;;;
10FI036A.A4;;AI;пюяунд юрл. нярюрйю б H-1001B, 1 глеебхй;;;;;;
10FI036B.PV;;AI;пюяунд юрл. нярюрйю б H-1001B, 2 глеебхй;;;;;;
10FI036B.SP;;AI;пюяунд юрл. нярюрйю б H-1001B, 2 глеебхй;;;;;;
10FI036B.A4;;AI;пюяунд юрл. нярюрйю б H-1001B, 2 глеебхй;;;;;;
10FI036C.PV;;AI;пюяунд юрл. нярюрйю б H-1001B, 3 глеебхй;;;;;;
10FI036C.SP;;AI;пюяунд юрл. нярюрйю б H-1001B, 3 глеебхй;;;;;;
10FI036C.A4;;AI;пюяунд юрл. нярюрйю б H-1001B, 3 глеебхй;;;;;;
10FI036D.PV;;AI;пюяунд юрл. нярюрйю б H-1001B, 4 глеебхй;;;;;;
10FI036D.SP;;AI;пюяунд юрл. нярюрйю б H-1001B, 4 глеебхй;;;;;;
10FI036D.A4;;AI;пюяунд юрл. нярюрйю б H-1001B, 4 глеебхй;;;;;;
10TI770A.PV;;AI;P-1003A РЕЛОЕПЮРСПЮ КХМЕИМНЦН ОНДЬХОМХЙЮ МЮЯНЯЮ;;;;;;
10TI770A.A1;;AI;P-1003A РЕЛОЕПЮРСПЮ КХМЕИМНЦН ОНДЬХОМХЙЮ МЮЯНЯЮ;;;;;;
10TI770B.PV;;AI;P-1003A РЕЛОЕПЮРСПЮ НОНПМНЦН ОНДЬХОМХЙЮ МЮЯНЯЮ;;;;;;
10TI770B.A1;;AI;P-1003A РЕЛОЕПЮРСПЮ НОНПМНЦН ОНДЬХОМХЙЮ МЮЯНЯЮ;;;;;;
10TI772A.PV;;AI;P-1003S РЕЛОЕПЮРСПЮ КХМЕИМНЦН ОНДЬХОМХЙЮ МЮЯНЯЮ;;;;;;
10TI772A.A1;;AI;P-1003S РЕЛОЕПЮРСПЮ КХМЕИМНЦН ОНДЬХОМХЙЮ МЮЯНЯЮ;;;;;;
10TI258B.PV;;AI;юрл. нярюрнй хг H-1001B (5 глеебхй);;;;;;
10TI258B.SP;;AI;юрл. нярюрнй хг H-1001B (5 глеебхй);;;;;;
10TI258B.A1;;AI;юрл. нярюрнй хг H-1001B (5 глеебхй);;;;;;
10TI258C.PV;;AI;юрл. нярюрнй хг H-1001B (5 глеебхй);;;;;;
10TI258C.SP;;AI;юрл. нярюрнй хг H-1001B (5 глеебхй);;;;;;
10TI258C.A1;;AI;юрл. нярюрнй хг H-1001B (5 глеебхй);;;;;;
10TI259A.PV;;AI;юрл. нярюрнй хг H-1001B (6 глеебхй);;;;;;
10TI259A.SP;;AI;юрл. нярюрнй хг H-1001B (6 глеебхй);;;;;;
10TI259A.A1;;AI;юрл. нярюрнй хг H-1001B (6 глеебхй);;;;;;
10TI741.PV;;AI;P-1002S мюяня р рело.ондьхо.;;;;;;
10TI741.A1;;AI;P-1002S мюяня р рело.ондьхо.;;;;;;
10TI742.PV;;AI;P-1002S мюяня J рело.ондьхо.;;;;;;
10TI742.A1;;AI;P-1002S мюяня J рело.ондьхо.;;;;;;
10TI743.PV;;AI;P-1002S мюяня J рело.ондьхо.;;;;;;
10TI743.A1;;AI;P-1002S мюяня J рело.ондьхо.;;;;;;
10TI772B.PV;;AI;P-1003S РЕЛОЕПЮРСПЮ НОНПМНЦН ОНДЬХОМХЙЮ МЮЯНЯЮ;;;;;;
10TI772B.A1;;AI;P-1003S РЕЛОЕПЮРСПЮ НОНПМНЦН ОНДЬХОМХЙЮ МЮЯНЯЮ;;;;;;
10TI775A.PV;;AI;P-1005A РЕЛОЕПЮРСПЮ КХМЕИМНЦН ОНДЬХОМХЙЮ МЮЯНЯЮ;;;;;;
10TI775A.A1;;AI;P-1005A РЕЛОЕПЮРСПЮ КХМЕИМНЦН ОНДЬХОМХЙЮ МЮЯНЯЮ;;;;;;
10TI775B.PV;;AI;P-1005A РЕЛОЕПЮРСПЮ НОНПМНЦН ОНДЬХОМХЙЮ МЮЯНЯЮ;;;;;;
10TI775B.A1;;AI;P-1005A РЕЛОЕПЮРСПЮ НОНПМНЦН ОНДЬХОМХЙЮ МЮЯНЯЮ;;;;;;
10LI017.PV;;AI;спнбемэ б T-1001 яейжхъ кбцн;;;;;;
10LI017.A4;;AI;спнбемэ б T-1001 яейжхъ кбцн;;;;;;
10TI094C.PV;;AI;юрл. нярюрнй хг H-1001B (4 глеебхй);;;;;;
10TI094C.SP;;AI;юрл. нярюрнй хг H-1001B (4 глеебхй);;;;;;
10TI094C.A1;;AI;юрл. нярюрнй хг H-1001B (4 глеебхй);;;;;;
10TI258A.PV;;AI;юрл. нярюрнй хг H-1001B (5 глеебхй);;;;;;
10TI258A.SP;;AI;юрл. нярюрнй хг H-1001B (5 глеебхй);;;;;;
10TI258A.A1;;AI;юрл. нярюрнй хг H-1001B (5 глеебхй);;;;;;
10TI744.PV;;AI;P-1002S рспахмш J рело.ондьхо.;;;;;;
10TI744.A1;;AI;P-1002S рспахмш J рело.ондьхо.;;;;;;
10TI745.PV;;AI;P-1002S рспахмш J рело.ондьхо.;;;;;;
10TI745.A1;;AI;P-1002S рспахмш J рело.ондьхо.;;;;;;
10TI751.PV;;AI;P-1004A мюяня р рело.ондьхо.;;;;;;
10TI751.A1;;AI;P-1004A мюяня р рело.ондьхо.;;;;;;
10TI789A2.PV;;AI;P-1010S РЕЛОЕПЮРСПЮ КХМЕИМНЦН ОНДЬХОМХЙЮ МЮЯНЯЮ;;;;;;
10TI789A2.SP;;AI;P-1010S РЕЛОЕПЮРСПЮ КХМЕИМНЦН ОНДЬХОМХЙЮ МЮЯНЯЮ;;;;;;
10TI789A2.A1;;AI;P-1010S РЕЛОЕПЮРСПЮ КХМЕИМНЦН ОНДЬХОМХЙЮ МЮЯНЯЮ;;;;;;
10TI789B2.PV;;AI;P-1010S РЕЛОЕПЮРСПЮ НОНПМНЦН ОНДЬХОМХЙЮ МЮЯНЯЮ;;;;;;
10TI789B2.SP;;AI;P-1010S РЕЛОЕПЮРСПЮ НОНПМНЦН ОНДЬХОМХЙЮ МЮЯНЯЮ;;;;;;
10TI789B2.A1;;AI;P-1010S РЕЛОЕПЮРСПЮ НОНПМНЦН ОНДЬХОМХЙЮ МЮЯНЯЮ;;;;;;
10TI801A.PV;;AI;релоепюрспю дшлнбшу цюгнб б йнмбейжхх м-1001б;;;;;;
10TI801A.SP;;AI;релоепюрспю дшлнбшу цюгнб б йнмбейжхх м-1001б;;;;;;
10TI801A.A1;;AI;релоепюрспю дшлнбшу цюгнб б йнмбейжхх м-1001б;;;;;;
10TI777A2.PV;;AI;P-1005S РЕЛОЕПЮРСПЮ КХМЕИМНЦН ОНДЬХОМХЙЮ МЮЯНЯЮ;;;;;;
10TI777A2.SP;;AI;P-1005S РЕЛОЕПЮРСПЮ КХМЕИМНЦН ОНДЬХОМХЙЮ МЮЯНЯЮ;;;;;;
10TI777A2.A1;;AI;P-1005S РЕЛОЕПЮРСПЮ КХМЕИМНЦН ОНДЬХОМХЙЮ МЮЯНЯЮ;;;;;;
10TI777B2.PV;;AI;P-1005S РЕЛОЕПЮРСПЮ НОНПМНЦН ОНДЬХОМХЙЮ МЮЯНЯЮ;;;;;;
10TI777B2.SP;;AI;P-1005S РЕЛОЕПЮРСПЮ НОНПМНЦН ОНДЬХОМХЙЮ МЮЯНЯЮ;;;;;;
10TI777B2.A1;;AI;P-1005S РЕЛОЕПЮРСПЮ НОНПМНЦН ОНДЬХОМХЙЮ МЮЯНЯЮ;;;;;;
10TI779A2.PV;;AI;P-1006A РЕЛОЕПЮРСПЮ КХМЕИМНЦН ОНДЬХОМХЙЮ МЮЯНЯЮ;;;;;;
10TI779A2.SP;;AI;P-1006A РЕЛОЕПЮРСПЮ КХМЕИМНЦН ОНДЬХОМХЙЮ МЮЯНЯЮ;;;;;;
10TI779A2.A1;;AI;P-1006A РЕЛОЕПЮРСПЮ КХМЕИМНЦН ОНДЬХОМХЙЮ МЮЯНЯЮ;;;;;;
10TI779B2.PV;;AI;P-1006A РЕЛОЕПЮРСПЮ НОНПМНЦН ОНДЬХОМХЙЮ МЮЯНЯЮ;;;;;;
10TI779B2.SP;;AI;P-1006A РЕЛОЕПЮРСПЮ НОНПМНЦН ОНДЬХОМХЙЮ МЮЯНЯЮ;;;;;;
10TI779B2.A1;;AI;P-1006A РЕЛОЕПЮРСПЮ НОНПМНЦН ОНДЬХОМХЙЮ МЮЯНЯЮ;;;;;;
10TI781A2.PV;;AI;P-1006S РЕЛОЕПЮРСПЮ КХМЕИМНЦН ОНДЬХОМХЙЮ МЮЯНЯЮ;;;;;;
10TI781A2.SP;;AI;P-1006S РЕЛОЕПЮРСПЮ КХМЕИМНЦН ОНДЬХОМХЙЮ МЮЯНЯЮ;;;;;;
10TI781A2.A1;;AI;P-1006S РЕЛОЕПЮРСПЮ КХМЕИМНЦН ОНДЬХОМХЙЮ МЮЯНЯЮ;;;;;;
10TI781B2.PV;;AI;P-1006S РЕЛОЕПЮРСПЮ НОНПМНЦН ОНДЬХОМХЙЮ МЮЯНЯЮ;;;;;;
10TI781B2.SP;;AI;P-1006S РЕЛОЕПЮРСПЮ НОНПМНЦН ОНДЬХОМХЙЮ МЮЯНЯЮ;;;;;;
10TI781B2.A1;;AI;P-1006S РЕЛОЕПЮРСПЮ НОНПМНЦН ОНДЬХОМХЙЮ МЮЯНЯЮ;;;;;;
10TI783A2.PV;;AI;P-1009A РЕЛОЕПЮРСПЮ КХМЕИМНЦН ОНДЬХОМХЙЮ МЮЯНЯЮ;;;;;;
10TI783A2.SP;;AI;P-1009A РЕЛОЕПЮРСПЮ КХМЕИМНЦН ОНДЬХОМХЙЮ МЮЯНЯЮ;;;;;;
10TI783A2.A1;;AI;P-1009A РЕЛОЕПЮРСПЮ КХМЕИМНЦН ОНДЬХОМХЙЮ МЮЯНЯЮ;;;;;;
10TI783B2.PV;;AI;P-1009A РЕЛОЕПЮРСПЮ НОНПМНЦН ОНДЬХОМХЙЮ МЮЯНЯЮ;;;;;;
10TI783B2.SP;;AI;P-1009A РЕЛОЕПЮРСПЮ НОНПМНЦН ОНДЬХОМХЙЮ МЮЯНЯЮ;;;;;;
10TI783B2.A1;;AI;P-1009A РЕЛОЕПЮРСПЮ НОНПМНЦН ОНДЬХОМХЙЮ МЮЯНЯЮ;;;;;;
10TI785A2.PV;;AI;P-1009S РЕЛОЕПЮРСПЮ КХМЕИМНЦН ОНДЬХОМХЙЮ МЮЯНЯЮ;;;;;;
10TI785A2.SP;;AI;P-1009S РЕЛОЕПЮРСПЮ КХМЕИМНЦН ОНДЬХОМХЙЮ МЮЯНЯЮ;;;;;;
10TI785A2.A1;;AI;P-1009S РЕЛОЕПЮРСПЮ КХМЕИМНЦН ОНДЬХОМХЙЮ МЮЯНЯЮ;;;;;;
10TI785B2.PV;;AI;P-1009S РЕЛОЕПЮРСПЮ НОНПМНЦН ОНДЬХОМХЙЮ МЮЯНЯЮ;;;;;;
10TI785B2.SP;;AI;P-1009S РЕЛОЕПЮРСПЮ НОНПМНЦН ОНДЬХОМХЙЮ МЮЯНЯЮ;;;;;;
10TI785B2.A1;;AI;P-1009S РЕЛОЕПЮРСПЮ НОНПМНЦН ОНДЬХОМХЙЮ МЮЯНЯЮ;;;;;;
10TI787A2.PV;;AI;P-1010A РЕЛОЕПЮРСПЮ КХМЕИМНЦН ОНДЬХОМХЙЮ МЮЯНЯЮ;;;;;;
10TI787A2.SP;;AI;P-1010A РЕЛОЕПЮРСПЮ КХМЕИМНЦН ОНДЬХОМХЙЮ МЮЯНЯЮ;;;;;;
10TI787A2.A1;;AI;P-1010A РЕЛОЕПЮРСПЮ КХМЕИМНЦН ОНДЬХОМХЙЮ МЮЯНЯЮ;;;;;;
10TI787B2.PV;;AI;P-1010A РЕЛОЕПЮРСПЮ НОНПМНЦН ОНДЬХОМХЙЮ МЮЯНЯЮ;;;;;;
10TI787B2.SP;;AI;P-1010A РЕЛОЕПЮРСПЮ НОНПМНЦН ОНДЬХОМХЙЮ МЮЯНЯЮ;;;;;;
10TI787B2.A1;;AI;P-1010A РЕЛОЕПЮРСПЮ НОНПМНЦН ОНДЬХОМХЙЮ МЮЯНЯЮ;;;;;;
10TI753A.PV;;AI;P-1004A мюяня J рело.ондьхо.;;;;;;
10TI753A.SP;;AI;P-1004A мюяня J рело.ондьхо.;;;;;;
10TI753A.A1;;AI;P-1004A мюяня J рело.ондьхо.;;;;;;
10TI761A.PV;;AI;P-1004S мюяня р рело.ондьхо.;;;;;;
10TI761A.SP;;AI;P-1004S мюяня р рело.ондьхо.;;;;;;
10TI761A.A1;;AI;P-1004S мюяня р рело.ондьхо.;;;;;;
10TI762A.PV;;AI;P-1004S мюяня J рело.ондьхо.;;;;;;
10TI762A.SP;;AI;P-1004S мюяня J рело.ондьхо.;;;;;;
10TI762A.A1;;AI;P-1004S мюяня J рело.ондьхо.;;;;;;
10TI763A.PV;;AI;P-1004S мюяня J рело.ондьхо.;;;;;;
10TI763A.SP;;AI;P-1004S мюяня J рело.ондьхо.;;;;;;
10TI763A.A1;;AI;P-1004S мюяня J рело.ондьхо.;;;;;;
10TI731A.PV;;AI;P-1002A мюяня р рело.ондьхо.;;;;;;
10TI731A.SP;;AI;P-1002A мюяня р рело.ондьхо.;;;;;;
10TI731A.A1;;AI;P-1002A мюяня р рело.ондьхо.;;;;;;
10TI732A.PV;;AI;P-1002A мюяня J рело.ондьхо.;;;;;;
10TI732A.SP;;AI;P-1002A мюяня J рело.ондьхо.;;;;;;
10TI732A.A1;;AI;P-1002A мюяня J рело.ондьхо.;;;;;;
10TI733A.PV;;AI;P-1002A мюяня J рело.ондьхо.;;;;;;
10TI733A.SP;;AI;P-1002A мюяня J рело.ондьхо.;;;;;;
10TI733A.A1;;AI;P-1002A мюяня J рело.ондьхо.;;;;;;
10TI752A.PV;;AI;P-1004A мюяня J рело.ондьхо.;;;;;;
10TI752A.SP;;AI;P-1004A мюяня J рело.ондьхо.;;;;;;
10TI752A.A1;;AI;P-1004A мюяня J рело.ондьхо.;;;;;;
10TI770A2.PV;;AI;P-1003A РЕЛОЕПЮРСПЮ КХМЕИМНЦН ОНДЬХОМХЙЮ МЮЯНЯЮ;;;;;;
10TI770A2.SP;;AI;P-1003A РЕЛОЕПЮРСПЮ КХМЕИМНЦН ОНДЬХОМХЙЮ МЮЯНЯЮ;;;;;;
10TI770A2.A1;;AI;P-1003A РЕЛОЕПЮРСПЮ КХМЕИМНЦН ОНДЬХОМХЙЮ МЮЯНЯЮ;;;;;;
10TI770B2.PV;;AI;P-1003A РЕЛОЕПЮРСПЮ НОНПМНЦН ОНДЬХОМХЙЮ МЮЯНЯЮ;;;;;;
10TI770B2.SP;;AI;P-1003A РЕЛОЕПЮРСПЮ НОНПМНЦН ОНДЬХОМХЙЮ МЮЯНЯЮ;;;;;;
10TI770B2.A1;;AI;P-1003A РЕЛОЕПЮРСПЮ НОНПМНЦН ОНДЬХОМХЙЮ МЮЯНЯЮ;;;;;;
10TI772A2.PV;;AI;P-1003S РЕЛОЕПЮРСПЮ КХМЕИМНЦН ОНДЬХОМХЙЮ МЮЯНЯЮ;;;;;;
10TI772A2.SP;;AI;P-1003S РЕЛОЕПЮРСПЮ КХМЕИМНЦН ОНДЬХОМХЙЮ МЮЯНЯЮ;;;;;;
10TI772A2.A1;;AI;P-1003S РЕЛОЕПЮРСПЮ КХМЕИМНЦН ОНДЬХОМХЙЮ МЮЯНЯЮ;;;;;;
10TI741A.PV;;AI;P-1002S мюяня р рело.ондьхо.;;;;;;
10TI741A.SP;;AI;P-1002S мюяня р рело.ондьхо.;;;;;;
10TI741A.A1;;AI;P-1002S мюяня р рело.ондьхо.;;;;;;
10TI742A.PV;;AI;P-1002S мюяня J рело.ондьхо.;;;;;;
10TI742A.SP;;AI;P-1002S мюяня J рело.ондьхо.;;;;;;
10TI742A.A1;;AI;P-1002S мюяня J рело.ондьхо.;;;;;;
10TI743A.PV;;AI;P-1002S мюяня J рело.ондьхо.;;;;;;
10TI743A.SP;;AI;P-1002S мюяня J рело.ондьхо.;;;;;;
10TI743A.A1;;AI;P-1002S мюяня J рело.ондьхо.;;;;;;
10TI772B2.PV;;AI;P-1003S РЕЛОЕПЮРСПЮ НОНПМНЦН ОНДЬХОМХЙЮ МЮЯНЯЮ;;;;;;
10TI772B2.SP;;AI;P-1003S РЕЛОЕПЮРСПЮ НОНПМНЦН ОНДЬХОМХЙЮ МЮЯНЯЮ;;;;;;
10TI772B2.A1;;AI;P-1003S РЕЛОЕПЮРСПЮ НОНПМНЦН ОНДЬХОМХЙЮ МЮЯНЯЮ;;;;;;
10TI775A2.PV;;AI;P-1005A РЕЛОЕПЮРСПЮ КХМЕИМНЦН ОНДЬХОМХЙЮ МЮЯНЯЮ;;;;;;
10TI775A2.SP;;AI;P-1005A РЕЛОЕПЮРСПЮ КХМЕИМНЦН ОНДЬХОМХЙЮ МЮЯНЯЮ;;;;;;
10TI775A2.A1;;AI;P-1005A РЕЛОЕПЮРСПЮ КХМЕИМНЦН ОНДЬХОМХЙЮ МЮЯНЯЮ;;;;;;
10TI775B2.PV;;AI;P-1005A РЕЛОЕПЮРСПЮ НОНПМНЦН ОНДЬХОМХЙЮ МЮЯНЯЮ;;;;;;
10TI775B2.SP;;AI;P-1005A РЕЛОЕПЮРСПЮ НОНПМНЦН ОНДЬХОМХЙЮ МЮЯНЯЮ;;;;;;
10TI775B2.A1;;AI;P-1005A РЕЛОЕПЮРСПЮ НОНПМНЦН ОНДЬХОМХЙЮ МЮЯНЯЮ;;;;;;
10TI751A.PV;;AI;P-1004A мюяня р рело.ондьхо.;;;;;;
10TI751A.SP;;AI;P-1004A мюяня р рело.ондьхо.;;;;;;
10TI751A.A1;;AI;P-1004A мюяня р рело.ондьхо.;;;;;;
IB101_ESD2_T1.PV;;AI;релоепюрспю йнмр-пю CP1;;;;;;
IB101_ESD2_T2.PV;;AI;релоепюрспю йнмр-пю CP2;;;;;;
IB101_ESD2_YEAR.PV;;AI;рейсыхи цнд йнмр-пю ESD_101_2;;;;;;
IB101_ESD2_MONTH.PV;;AI;рейсыхи леяъж йнмр-пю ESD_101_2;;;;;;
IB101_ESD2_DAY.PV;;AI;рейсыхи демэ йнмр-пю ESD_101_2;;;;;;
IB101_ESD2_HOUR.PV;;AI;рейсыхи вюя йнмр-пю ESD_101_2;;;;;;
IB101_ESD2_MIN.PV;;AI;рейсыюъ лхмсрю йнмр-пю ESD_101_2;;;;;;
IB101_ESD2_SEC.PV;;AI;рейсыюъ яейсмдю йнмр-пю ESD_101_2;;;;;;
10TI672.PV;;AI;P-1050A рело. ясунцн ундю;;;;;;
10TI672.A1;;AI;P-1050A рело. ясунцн ундю;;;;;;
10TI744A.PV;;AI;P-1002S рспахмш J рело.ондьхо.;;;;;;
10TI744A.SP;;AI;P-1002S рспахмш J рело.ондьхо.;;;;;;
10TI744A.A1;;AI;P-1002S рспахмш J рело.ондьхо.;;;;;;
10TI745A.PV;;AI;P-1002S рспахмш J рело.ондьхо.;;;;;;
10TI745A.SP;;AI;P-1002S рспахмш J рело.ондьхо.;;;;;;
10TI745A.A1;;AI;P-1002S рспахмш J рело.ондьхо.;;;;;;
10TI672A.PV;;AI;P-1050A рело. ясунцн ундю;;;;;;
10TI672A.SP;;AI;P-1050A рело. ясунцн ундю;;;;;;
10TI672A.A1;;AI;P-1050A рело. ясунцн ундю;;;;;;
10TI674.PV;;AI;P-1050б рело. ясунцн ундю;;;;;;
10TI674.A1;;AI;P-1050б рело. ясунцн ундю;;;;;;
10TI674A.PV;;AI;P-1050б рело. ясунцн ундю;;;;;;
10TI674A.SP;;AI;P-1050б рело. ясунцн ундю;;;;;;
10TI674A.A1;;AI;P-1050б рело. ясунцн ундю;;;;;;
10PI807A.PV;;AI;дюбкемхе мю оепебюке м-1001б;;;;;;
10PI807A.A1;;AI;дюбкемхе мю оепебюке м-1001б;;;;;;
10PI843.PV;;AI;п  бнгдсую й тнпясмйюл б м-1001б;;;;;;
10PI843.A4;;AI;п  бнгдсую й тнпясмйюл б м-1001б;;;;;;
10PDI812A.PV;;AI;ондювю фхд. рнокхбю / пюяошкемхе оюпю;;;;;;
10PDI812A.SP;;AI;ондювю фхд. рнокхбю / пюяошкемхе оюпю;;;;;;
10PDI812A.A4;;AI;ондювю фхд. рнокхбю / пюяошкемхе оюпю;;;;;;
43LI468.PV;;AI;дпемюф метреопндсйрнб б F-4301501;;;;;;
43LI468.SP;;AI;дпемюф метреопндсйрнб б F-4301501;;;;;;
43LI468.A4;;AI;дпемюф метреопндсйрнб б F-4301501;;;;;;
43TI901B.PV;;AI;р-пю нонп. ондьхо. мюяняю P-4301501AX;;;;;;
43TI903B.PV;;AI;р-пю нонп. ондьхо. мюяняю P-4301501SX;;;;;;
43TI905B.PV;;AI;р-пю нонп. ондьхо. мюяняю P-4301502AX;;;;;;
43TI907B.PV;;AI;р-пю нонп. ондьхо. мюяняю P-4301502SX;;;;;;
43TI909B.PV;;AI;р-пю нонп. ондьхо. мюяняю P-4301506AX;;;;;;
43TI911B.PV;;AI;р-пю нонп. ондьхо. мюяняю P-4301506SX;;;;;;
43TI913B.PV;;AI;р-пю нонп. ондьхо. мюяняю P-4301507AX;;;;;;
43TI915B.PV;;AI;р-пю нонп. ондьхо. мюяняю P-4301507SX;;;;;;
43TI971.PV;;AI;р-пю ондьхо. мюяняю P-4301509;;;;;;
43LI454.PV;;AI;ръфекши бюйсслмши цюгникэ й P-4301507AX;;;;;;
43LI454.A4;;AI;ръфекши бюйсслмши цюгникэ й P-4301507AX;;;;;;
43LI458.PV;;AI;ръфекши бюйсслмши цюгникэ й P-4301507SX;;;;;;
43LI458.A4;;AI;ръфекши бюйсслмши цюгникэ й P-4301507SX;;;;;;
43LI438.PV;;AI;кецйхи бюйсслмши цюгникэ й P-4301505AX;;;;;;
43LI438.A4;;AI;кецйхи бюйсслмши цюгникэ й P-4301505AX;;;;;;
43LI442.PV;;AI;кецйхи бюйсслмши цюгникэ й P-4301505SX;;;;;;
43LI442.A4;;AI;кецйхи бюйсслмши цюгникэ й P-4301505SX;;;;;;
43LI450.PV;;AI;дхгекэмюъ тпюйжхъ й P-4301506SX;;;;;;
43LI450.A4;;AI;дхгекэмюъ тпюйжхъ й P-4301506SX;;;;;;
43LI466.PV;;AI;нукюфдючыюъ фхдйнярэ й P-4301508AX;;;;;;
43LI466.A4;;AI;нукюфдючыюъ фхдйнярэ й P-4301508AX;;;;;;
43LI402.PV;;AI;юрлнятепмши нярюрнй й P-4301501AX;;;;;;
43LI402.A4;;AI;юрлнятепмши нярюрнй й P-4301501AX;;;;;;
43LI406.PV;;AI;юрлнятепмши нярюрнй й P-4301501SX;;;;;;
43LI406.A4;;AI;юрлнятепмши нярюрнй й P-4301501SX;;;;;;
43LI461.PV;;AI;нукюфдючыюъ фхдйнярэ й P-4301508SX;;;;;;
43LI461.A4;;AI;нукюфдючыюъ фхдйнярэ й P-4301508SX;;;;;;
43PI559.PV;;AI;йнккейрнп бнгдсую йхо;;;;;;
43PI559.SP;;AI;йнккейрнп бнгдсую йхо;;;;;;
43PI559.A4;;AI;йнккейрнп бнгдсую йхо;;;;;;
43LI446.PV;;AI;дхгекэмюъ тпюйжхъ й P-4301506AX;;;;;;
43LI446.A4;;AI;дхгекэмюъ тпюйжхъ й P-4301506AX;;;;;;
43LI418.PV;;AI;нвхыеммюъ бндю б P-4301503AX;;;;;;
43LI418.A4;;AI;нвхыеммюъ бндю б P-4301503AX;;;;;;
43LI422.PV;;AI;нвхыеммюъ бндю й P-4301503SX;;;;;;
43LI422.A4;;AI;нвхыеммюъ бндю й P-4301503SX;;;;;;
43TI901A.PV;;AI;р-пю пюд. ондьхо. мюяняю P-4301501AX;;;;;;
43TI903A.PV;;AI;р-пю пюд. ондьхо. мюяняю P-4301501SX;;;;;;
43TI905A.PV;;AI;р-пю пюд. ондьхо. мюяняю P-4301502AX;;;;;;
43TI907A.PV;;AI;р-пю пюд. ондьхо. мюяняю P-4301502SX;;;;;;
43TI909A.PV;;AI;р-пю пюд. ондьхо. мюяняю P-4301506AX;;;;;;
43TI911A.PV;;AI;р-пю пюд. ондьхо. мюяняю P-4301506SX;;;;;;
43TI913A.PV;;AI;р-пю пюд. ондьхо. мюяняю P-4301507AX;;;;;;
43TI915A.PV;;AI;р-пю пюд. ондьхо. мюяняю P-4301507SX;;;;;;
43LI410.PV;;AI;мейнмдхжхъ й P-4301502AX;;;;;;
43LI410.A4;;AI;мейнмдхжхъ й P-4301502AX;;;;;;
43LI414.PV;;AI;мейнмдхжхъ й P-4301502SX;;;;;;
43LI414.A4;;AI;мейнмдхжхъ й P-4301502SX;;;;;;
IB301_ESD1_RT1_B.PV;;AI;ярюпр REPAIR TIMER CP1;;;;;;++
IB301_ESD1_RT2_B.PV;;AI;ярюпр REPAIR TIMER CP2;;;;;;++
IB431_ESD1_RT1_B.PV;;AI;ярюпр REPAIR TIMER CP1;;;;;;
IB431_ESD1_RT2_B.PV;;AI;ярюпр REPAIR TIMER CP2;;;;;;
30PI162B.PV;;AI;п яшпэъ хг м-3001 / глеебхй 2;;;;;;+
30PI162B.SP;;AI;п яшпэъ хг м-3001 / глеебхй 2;;;;;;+
30PI162B.A4;;AI;п яшпэъ хг м-3001 / глеебхй 2;;;;;;+
30PI917A_MINP.PV;;AI;H-3001 цюг й нямнбмшл цнпекйюл осяй. оняк-ярэ;;;;;;+
30PI917A_ZEROP.PV;;AI;H-3001 цюг й нямнбмшл цнпекйюл осяй. оняк-ярэ;;;;;;+
30PI919A_MAX_MIN.PV;;AI;H-3001 цюг й охкнр. цнпекйюл осяй. оняк-ярэ;;;;;;+
30PI919A_MAXP.PV;;AI;H-3001 цюг й охкнр. цнпекйюл осяй. оняк-ярэ;;;;;;+
30PI919A_MINP.PV;;AI;H-3001 цюг й охкнр. цнпекйюл осяй. оняк-ярэ;;;;;;+
30PI919A_ZEROP.PV;;AI;H-3001 цюг й охкнр. цнпекйюл осяй. оняк-ярэ;;;;;;+
30PI919A_MAXP099.PV;;AI;H-3001 цюг й охкнр. цнпекйюл осяй. оняк-ярэ;;;;;;+
30PI919A_MAXP099_1.PV;;AI;H-3001 цюг й охкнр. цнпекйюл осяй. оняк-ярэ;;;;;;+
30PI919A_ZEROP101.PV;;AI;H-3001 цюг й охкнр. цнпекйюл осяй. оняк-ярэ;;;;;;+
30PI919A_ZEROP101_1.PV;;AI;H-3001 цюг й охкнр. цнпекйюл осяй. оняк-ярэ;;;;;;+
30PI917A_MAXP099.PV;;AI;H-3001 цюг й нямнбмшл цнпекйюл осяй. оняк-ярэ;;;;;;+
30PI917A_MAXP099_1.PV;;AI;H-3001 цюг й нямнбмшл цнпекйюл осяй. оняк-ярэ;;;;;;+
30PI917A_ZEROP101.PV;;AI;H-3001 цюг й нямнбмшл цнпекйюл осяй. оняк-ярэ;;;;;;+
30PI917A_ZEROP101_1.PV;;AI;H-3001 цюг й нямнбмшл цнпекйюл осяй. оняк-ярэ;;;;;;+
30H3001_LM1_TMR.PV;;AI;H-3001 рюилеп цеплерхвмнярх - LM1;;;;;;+
30H3001_LM2_TMR.PV;;AI;H-3001 рюилеп цеплерхвмнярх - LM2;;;;;;+
30PI162C.PV;;AI;п яшпэъ хг м-3001 / глеебхй 2;;;;;;+
30PI162C.SP;;AI;п яшпэъ хг м-3001 / глеебхй 2;;;;;;+
30PI162C.A4;;AI;п яшпэъ хг м-3001 / глеебхй 2;;;;;;+
30PI163A.PV;;AI;п яшпэъ хг м-3001 / глеебхй 3;;;;;;+
30PI163A.SP;;AI;п яшпэъ хг м-3001 / глеебхй 3;;;;;;+
30PI163A.A4;;AI;п яшпэъ хг м-3001 / глеебхй 3;;;;;;+
30PI163B.PV;;AI;п яшпэъ хг м-3001 / глеебхй 3;;;;;;+
30PI163B.SP;;AI;п яшпэъ хг м-3001 / глеебхй 3;;;;;;+
30PI163B.A4;;AI;п яшпэъ хг м-3001 / глеебхй 3;;;;;;+
30PI163C.PV;;AI;п яшпэъ хг м-3001 / глеебхй 3;;;;;;+
30PI163C.SP;;AI;п яшпэъ хг м-3001 / глеебхй 3;;;;;;+
30PI163C.A4;;AI;п яшпэъ хг м-3001 / глеебхй 3;;;;;;+
30PI164A.PV;;AI;п яшпэъ хг м-3001 / глеебхй 4;;;;;;+
30PI164A.SP;;AI;п яшпэъ хг м-3001 / глеебхй 4;;;;;;+
30PI164A.A4;;AI;п яшпэъ хг м-3001 / глеебхй 4;;;;;;+
30PI164B.PV;;AI;п яшпэъ хг м-3001 / глеебхй 4;;;;;;+
30PI164B.SP;;AI;п яшпэъ хг м-3001 / глеебхй 4;;;;;;+
30PI164B.A4;;AI;п яшпэъ хг м-3001 / глеебхй 4;;;;;;+
30PI164C.PV;;AI;п яшпэъ хг м-3001 / глеебхй 4;;;;;;+
30PI164C.SP;;AI;п яшпэъ хг м-3001 / глеебхй 4;;;;;;+
30PI164C.A4;;AI;п яшпэъ хг м-3001 / глеебхй 4;;;;;;+
30PI783B.PV;;AI;C-3001A дюбкемхе люякю б йюпрепе;;;;;;+
30PI783B.SP;;AI;C-3001A дюбкемхе люякю б йюпрепе;;;;;;+
30PI783B.A1;;AI;C-3001A дюбкемхе люякю б йюпрепе;;;;;;+
30PI783B.A4;;AI;C-3001A дюбкемхе люякю б йюпрепе;;;;;;+
30PI787.PV;;AI;C-3001A дюбкемхе опндсбнвмнцн цюгю;;;;;;+
30PI787.SP;;AI;C-3001A дюбкемхе опндсбнвмнцн цюгю;;;;;;+
30PI787.A4;;AI;C-3001A дюбкемхе опндсбнвмнцн цюгю;;;;;;+
30PI879B.PV;;AI;C-3001 дюбкемхе нукюфд.бндш;;;;;;+
30PI879B.SP;;AI;C-3001 дюбкемхе нукюфд.бндш;;;;;;+
30PI879B.A4;;AI;C-3001 дюбкемхе нукюфд.бндш;;;;;;+
30PI883B.PV;;AI;C-3001S дюбкемхе люякю б йюпрепе;;;;;;+
30PI883B.SP;;AI;C-3001S дюбкемхе люякю б йюпрепе;;;;;;+
30PI883B.A1;;AI;C-3001S дюбкемхе люякю б йюпрепе;;;;;;+
30PI883B.A4;;AI;C-3001S дюбкемхе люякю б йюпрепе;;;;;;+
30TI157A.PV;;AI;р яшпэъ хг м-3001 / 3 глеебхй;;;;;;+
30TI157A.SP;;AI;р яшпэъ хг м-3001 / 3 глеебхй;;;;;;+
30TI157A.A1;;AI;р яшпэъ хг м-3001 / 3 глеебхй;;;;;;+
30TI752.PV;;AI;P-3025 мюяня T рело.ондьхо.;;;;;;+
30TI752.SP;;AI;P-3025 мюяня T рело.ондьхо.;;;;;;+
30TI752.A1;;AI;P-3025 мюяня T рело.ондьхо.;;;;;;+
30TI754.PV;;AI;P-3021 мюяня T рело.ондьхо.;;;;;;+
30TI754.SP;;AI;P-3021 мюяня T рело.ондьхо.;;;;;;+
30TI754.A1;;AI;P-3021 мюяня T рело.ондьхо.;;;;;;+
30TI756.PV;;AI;P-3020 мюяня T рело.ондьхо.;;;;;;+
30TI756.SP;;AI;P-3020 мюяня T рело.ондьхо.;;;;;;+
30TI756.A1;;AI;P-3020 мюяня T рело.ондьхо.;;;;;;+
30TI776C.PV;;AI;C-3001A релоепюрспю реумнкнц.цюгю бшунд жхкхмдп 1;;;;;;+
30TI776C.SP;;AI;C-3001A релоепюрспю реумнкнц.цюгю бшунд жхкхмдп 1;;;;;;+
30TI776C.A1;;AI;C-3001A релоепюрспю реумнкнц.цюгю бшунд жхкхмдп 1;;;;;;+
30TI776D.PV;;AI;C-3001A релоепюрспю реумнкнц.цюгю бшунд жхкхмдп 2;;;;;;+
30TI776D.SP;;AI;C-3001A релоепюрспю реумнкнц.цюгю бшунд жхкхмдп 2;;;;;;+
30TI776D.A1;;AI;C-3001A релоепюрспю реумнкнц.цюгю бшунд жхкхмдп 2;;;;;;+
30TI784D.PV;;AI;C-3001A релоепюрспю пегепбсюпю люякю йюпрепю;;;;;;+
30TI784D.SP;;AI;C-3001A релоепюрспю пегепбсюпю люякю йюпрепю;;;;;;+
30TI784D.A1;;AI;C-3001A релоепюрспю пегепбсюпю люякю йюпрепю;;;;;;+
30TI784D.A2;;AI;C-3001A релоепюрспю пегепбсюпю люякю йюпрепю;;;;;;+
30TI784D.A3;;AI;C-3001A релоепюрспю пегепбсюпю люякю йюпрепю;;;;;;+
30TI784D.A4;;AI;C-3001A релоепюрспю пегепбсюпю люякю йюпрепю;;;;;;+
30TI784E.PV;;AI;C-3001A релоепюрспю цкюбмнцн ондьхомхйю (опхбндмни йнмеж);;;;;;+
30TI784E.SP;;AI;C-3001A релоепюрспю цкюбмнцн ондьхомхйю (опхбндмни йнмеж);;;;;;+
30TI784E.A1;;AI;C-3001A релоепюрспю цкюбмнцн ондьхомхйю (опхбндмни йнмеж);;;;;;+
30TI784F.PV;;AI;C-3001A релоепюрспю цкюбмнцн ондьхомхйю (меопхбндмни йнмеж);;;;;;+
30TI784F.SP;;AI;C-3001A релоепюрспю цкюбмнцн ондьхомхйю (меопхбндмни йнмеж);;;;;;+
30TI784F.A1;;AI;C-3001A релоепюрспю цкюбмнцн ондьхомхйю (меопхбндмни йнмеж);;;;;;+
30TI801.PV;;AI;P-3001A мюяня р рело.ондьхо.;;;;;;+
30TI801.SP;;AI;P-3001A мюяня р рело.ондьхо.;;;;;;+
30TI801.A1;;AI;P-3001A мюяня р рело.ондьхо.;;;;;;+
30TI802.PV;;AI;P-3001A мюяня J рело.ондьхо.;;;;;;+
30TI802.SP;;AI;P-3001A мюяня J рело.ондьхо.;;;;;;+
30TI802.A1;;AI;P-3001A мюяня J рело.ондьхо.;;;;;;+
30TI803.PV;;AI;P-3001A мюяня J рело.ондьхо.;;;;;;+
30TI803.SP;;AI;P-3001A мюяня J рело.ондьхо.;;;;;;+
30TI803.A1;;AI;P-3001A мюяня J рело.ондьхо.;;;;;;+
30TI893.PV;;AI;P-3022S рело цеплерхгхпсчыхи ярюйюм;;;;;;+
30TI893.SP;;AI;P-3022S рело цеплерхгхпсчыхи ярюйюм;;;;;;+
30TI893.A1;;AI;P-3022S рело цеплерхгхпсчыхи ярюйюм;;;;;;+
30TI896.PV;;AI;P-3017S рело цеплерхгхпсчыхи ярюйюм;;;;;;+
30TI896.SP;;AI;P-3017S рело цеплерхгхпсчыхи ярюйюм;;;;;;+
30TI896.A1;;AI;P-3017S рело цеплерхгхпсчыхи ярюйюм;;;;;;+
30TI901.PV;;AI;реокнбюъ йнмбейжхъ;;;;;;+
30TI901.SP;;AI;реокнбюъ йнмбейжхъ;;;;;;+
30TI901.A1;;AI;реокнбюъ йнмбейжхъ;;;;;;+
30TI905A.PV;;AI;рело. дшл. цюгнб мю бшу хг пюд. йюлепш б йнмбейж йюлепс;;;;;;+
30TI905A.SP;;AI;рело. дшл. цюгнб мю бшу хг пюд. йюлепш б йнмбейж йюлепс;;;;;;+
30TI905A.A1;;AI;рело. дшл. цюгнб мю бшу хг пюд. йюлепш б йнмбейж йюлепс;;;;;;+
30TI905B.PV;;AI;рело. дшл. цюгнб мю бшу хг пюд. йюлепш б йнмбейж йюлепс;;;;;;+
30TI905B.SP;;AI;рело. дшл. цюгнб мю бшу хг пюд. йюлепш б йнмбейж йюлепс;;;;;;+
30TI905B.A1;;AI;рело. дшл. цюгнб мю бшу хг пюд. йюлепш б йнмбейж йюлепс;;;;;;+
30TI905C.PV;;AI;рело. дшл. цюгнб мю бшу хг пюд. йюлепш б йнмбейж йюлепс;;;;;;+
30TI905C.SP;;AI;рело. дшл. цюгнб мю бшу хг пюд. йюлепш б йнмбейж йюлепс;;;;;;+
30TI905C.A1;;AI;рело. дшл. цюгнб мю бшу хг пюд. йюлепш б йнмбейж йюлепс;;;;;;+
30H3001_SEQ_STEP.PV;;AI;H-3001 ьюц осяйнбни онякеднбюрекэмнярх;;;;;;+
30H3001_SEQ_STEP_F.PV;;AI;H-3001 онякедмхи ьюц дн опепшбюмхъ осяйнбни онякеднбюрекэмнярх;;;;;;+
30H3001_SEQ_TIMER.PV;;AI;H-3001 бпелъ ьюцю б осяйнбни онякеднбюрекэмнярх;;;;;;+
30H3001_PURGING_T.PV;;AI;H-3001 рюилеп опндсбйх;;;;;;+
30H3001_BURN_IGN_TMR.PV;;AI;H-3001 рюилеп пнгфхцю цкюбмни цнпекйх;;;;;;+
30H3001_BURN_OIL_TMR.PV;;AI;H-3001 рюилеп нфхдюмхе мювюкн пнгфхцю;;;;;;+
30H3001_LM3_TMR.PV;;AI;H-3001 рюилеп цеплерхвмнярх - LM3;;;;;;+
30H3001_LM4_TMR.PV;;AI;H-3001 рюилеп цеплерхвмнярх - LM4;;;;;;+
30H3001_LM6_TMR.PV;;AI;H-3001 рюилеп цеплерхвмнярх - LM6;;;;;;+
30H3001_LM7_TMR.PV;;AI;H-3001 рюилеп цеплерхвмнярх - LM7;;;;;;+
30H3001_LT3_TMR.PV;;AI;H-3001 рюилеп цеплерхвмнярх - LT3;;;;;;+
30H3001_LT4_TMR.PV;;AI;H-3001 рюилеп цеплерхвмнярх - LT4;;;;;;+
30H3001_LT6_TMR.PV;;AI;H-3001 рюилеп цеплерхвмнярх - LT6;;;;;;+
30H3001_LT7_TMR.PV;;AI;H-3001 рюилеп цеплерхвмнярх - LT7;;;;;;+
30H3001_PIL_IGN_TMR.PV;;AI;H-3001 рюилеп пнгфхцю охкнрмни цнпекйх;;;;;;+
30PI917A_MAX_MIN.PV;;AI;H-3001 цюг й нямнбмшл цнпекйюл осяй. оняк-ярэ;;;;;;+
30PI917A_MAXP.PV;;AI;H-3001 цюг й нямнбмшл цнпекйюл осяй. оняк-ярэ;;;;;;+
30H3001_LM5_TMR.PV;;AI;H-3001 рюилеп цеплерхвмнярх - LM5;;;;;;+
30H3001_LT1_TMR.PV;;AI;H-3001 рюилеп цеплерхвмнярх - LT1;;;;;;+
30H3001_LT2_TMR.PV;;AI;H-3001 рюилеп цеплерхвмнярх - LT2;;;;;;+
30H3001_LT5_TMR.PV;;AI;H-3001 рюилеп цеплерхвмнярх - LT5;;;;;;+
30BSLL900A.PV;;AI;H-3001 йюлепю 1 охкнрмюъ цнпекйю;;;;;;+
30BSLL900A.SP;;AI;H-3001 йюлепю 1 охкнрмюъ цнпекйю;;;;;;+
30BSLL900A.A4;;AI;H-3001 йюлепю 1 охкнрмюъ цнпекйю;;;;;;+
30BSLL900B.PV;;AI;H-3001 йюлепю 1 нямнбмюъ цнпекйю;;;;;;+
30BSLL900B.SP;;AI;H-3001 йюлепю 1 нямнбмюъ цнпекйю;;;;;;+
30BSLL900B.A4;;AI;H-3001 йюлепю 1 нямнбмюъ цнпекйю;;;;;;+
30BSLL901A.PV;;AI;H-3001 йюлепю 2 охкнрмюъ цнпекйю;;;;;;+
30BSLL901A.SP;;AI;H-3001 йюлепю 2 охкнрмюъ цнпекйю;;;;;;+
30BSLL901A.A4;;AI;H-3001 йюлепю 2 охкнрмюъ цнпекйю;;;;;;+
30TI157B.PV;;AI;р яшпэъ хг м-3001 / 3 глеебхй;;;;;;+
30TI157B.SP;;AI;р яшпэъ хг м-3001 / 3 глеебхй;;;;;;+
30TI157B.A1;;AI;р яшпэъ хг м-3001 / 3 глеебхй;;;;;;+
30TI157C.PV;;AI;р яшпэъ хг м-3001 / 3 глеебхй;;;;;;+
30TI157C.SP;;AI;р яшпэъ хг м-3001 / 3 глеебхй;;;;;;+
30TI157C.A1;;AI;р яшпэъ хг м-3001 / 3 глеебхй;;;;;;+
30TI158A.PV;;AI;р яшпэъ хг м-3001 / 4 глеебхй;;;;;;+
30TI158A.SP;;AI;р яшпэъ хг м-3001 / 4 глеебхй;;;;;;+
30TI158A.A1;;AI;р яшпэъ хг м-3001 / 4 глеебхй;;;;;;+
30TI158B.PV;;AI;р яшпэъ хг м-3001 / 4 глеебхй;;;;;;+
30TI158B.SP;;AI;р яшпэъ хг м-3001 / 4 глеебхй;;;;;;+
30TI158B.A1;;AI;р яшпэъ хг м-3001 / 4 глеебхй;;;;;;+
30TI158C.PV;;AI;р яшпэъ хг м-3001 / 4 глеебхй;;;;;;+
30TI158C.SP;;AI;р яшпэъ хг м-3001 / 4 глеебхй;;;;;;+
30TI158C.A1;;AI;р яшпэъ хг м-3001 / 4 глеебхй;;;;;;+
30TI750.PV;;AI;P-3026 мюяня T рело.ондьхо.;;;;;;+
30TI750.SP;;AI;P-3026 мюяня T рело.ондьхо.;;;;;;+
30TI750.A1;;AI;P-3026 мюяня T рело.ондьхо.;;;;;;+
30BSLL901B.PV;;AI;H-3001 йюлепю 2 нямнбмюъ цнпекйю;;;;;;+
30BSLL901B.SP;;AI;H-3001 йюлепю 2 нямнбмюъ цнпекйю;;;;;;+
30BSLL901B.A4;;AI;H-3001 йюлепю 2 нямнбмюъ цнпекйю;;;;;;+
30BSLL902A.PV;;AI;H-3001 йюлепю 3 охкнрмюъ цнпекйю;;;;;;+
30BSLL902A.SP;;AI;H-3001 йюлепю 3 охкнрмюъ цнпекйю;;;;;;+
30BSLL902A.A4;;AI;H-3001 йюлепю 3 охкнрмюъ цнпекйю;;;;;;+
30BSLL902B.PV;;AI;H-3001 йюлепю 3 нямнбмюъ цнпекйю;;;;;;+
30BSLL902B.SP;;AI;H-3001 йюлепю 3 нямнбмюъ цнпекйю;;;;;;+
30BSLL902B.A4;;AI;H-3001 йюлепю 3 нямнбмюъ цнпекйю;;;;;;+
30BSLL903A.PV;;AI;H-3001 йюлепю 4 охкнрмюъ цнпекйю;;;;;;+
30BSLL903A.SP;;AI;H-3001 йюлепю 4 охкнрмюъ цнпекйю;;;;;;+
30BSLL903A.A4;;AI;H-3001 йюлепю 4 охкнрмюъ цнпекйю;;;;;;+
30BSLL903B.PV;;AI;H-3001 йюлепю 4 нямнбмюъ цнпекйю;;;;;;+
30BSLL903B.SP;;AI;H-3001 йюлепю 4 нямнбмюъ цнпекйю;;;;;;+
30BSLL903B.A4;;AI;H-3001 йюлепю 4 нямнбмюъ цнпекйю;;;;;;+
30FI017.PV;;AI;F яшпэ╗ б м-3001 нр е-3001D онрнй 1;;;;;;+
30FI017.SP;;AI;F яшпэ╗ б м-3001 нр е-3001D онрнй 1;;;;;;+
30FI017.A4;;AI;F яшпэ╗ б м-3001 нр е-3001D онрнй 1;;;;;;+
30FI018.PV;;AI;F яшпэ╗ б м-3001 нр е-3001D онрнй 2;;;;;;+
30FI018.SP;;AI;F яшпэ╗ б м-3001 нр е-3001D онрнй 2;;;;;;+
30FI018.A4;;AI;F яшпэ╗ б м-3001 нр е-3001D онрнй 2;;;;;;+
30FI019.PV;;AI;F яшпэ╗ б м-3001 нр е-3001D онрнй 3;;;;;;+
30FI019.SP;;AI;F яшпэ╗ б м-3001 нр е-3001D онрнй 3;;;;;;+
30FI019.A4;;AI;F яшпэ╗ б м-3001 нр е-3001D онрнй 3;;;;;;+
30FI020.PV;;AI;F яшпэ╗ б м-3001 нр е-3001D онрнй 4;;;;;;+
30FI020.SP;;AI;F яшпэ╗ б м-3001 нр е-3001D онрнй 4;;;;;;+
30FI020.A4;;AI;F яшпэ╗ б м-3001 нр е-3001D онрнй 4;;;;;;+
30FI906.PV;;AI;F бнгдсую б я-3002 ю/б хг юрлнятепш;;;;;;+
30FI906.SP;;AI;F бнгдсую б я-3002 ю/б хг юрлнятепш;;;;;;+
30FI906.A1;;AI;F бнгдсую б я-3002 ю/б хг юрлнятепш;;;;;;+
30FI906.A4;;AI;F бнгдсую б я-3002 ю/б хг юрлнятепш;;;;;;+
30LI002.PV;;AI;спнбемэ б яшпэебни елйнярх V-3001;;;;;;+
30LI002.SP;;AI;спнбемэ б яшпэебни елйнярх V-3001;;;;;;+
30LI002.A4;;AI;спнбемэ б яшпэебни елйнярх V-3001;;;;;;+
30LI004.PV;;AI;спнбемэ б р-3001, йсанбюъ вюярэ;;;;;;+
30LI004.SP;;AI;спнбемэ б р-3001, йсанбюъ вюярэ;;;;;;+
30LI004.A1;;AI;спнбемэ б р-3001, йсанбюъ вюярэ;;;;;;+
30LI008.PV;;AI;спнбемэ б р-3001, йсанбюъ вюярэ;;;;;;+
30LI008.SP;;AI;спнбемэ б р-3001, йсанбюъ вюярэ;;;;;;+
30LI008.A4;;AI;спнбемэ б р-3001, йсанбюъ вюярэ;;;;;;+
30LI013.PV;;AI;спнбемэ опндсйрю б р-3002;;;;;;+
30LI013.SP;;AI;спнбемэ опндсйрю б р-3002;;;;;;+
30LI013.A4;;AI;спнбемэ опндсйрю б р-3002;;;;;;+
30LI016.PV;;AI;пюгдек тюг б V-3003 меяр.мютрю/йхяк.бндю;;;;;;+
30LI016.SP;;AI;пюгдек тюг б V-3003 меяр.мютрю/йхяк.бндю;;;;;;+
30LI016.A4;;AI;пюгдек тюг б V-3003 меяр.мютрю/йхяк.бндю;;;;;;+
30LI018.PV;;AI;спнбемэ б V-3003/ меярюа.мютрю;;;;;;+
30LI018.SP;;AI;спнбемэ б V-3003/ меярюа.мютрю;;;;;;+
30LI018.A4;;AI;спнбемэ б V-3003/ меярюа.мютрю;;;;;;+
30LI022.PV;;AI;спнбемэ б V-3005 / сцк-дш/бндю;;;;;;+
30LI022.SP;;AI;спнбемэ б V-3005 / сцк-дш/бндю;;;;;;+
30LI022.A1;;AI;спнбемэ б V-3005 / сцк-дш/бндю;;;;;;+
30LI025.PV;;AI;спнбемэ б V-3008 / меярюа.мютрю;;;;;;+
30LI025.SP;;AI;спнбемэ б V-3008 / меярюа.мютрю;;;;;;+
30LI025.A4;;AI;спнбемэ б V-3008 / меярюа.мютрю;;;;;;+
30LI028.PV;;AI;спнбемэ б р-3003;;;;;;+
30LI028.SP;;AI;спнбемэ б р-3003;;;;;;+
30LI028.A4;;AI;спнбемэ б р-3003;;;;;;+
30LI031.PV;;AI;спнбемэ б V-3009;;;;;;+
30LI031.SP;;AI;спнбемэ б V-3009;;;;;;+
30LI031.A4;;AI;спнбемэ б V-3009;;;;;;+
30LI040.PV;;AI;спнбемэ б V-3021 / юмрхтпхг;;;;;;+
30LI040.A4;;AI;спнбемэ б V-3021 / юмрхтпхг;;;;;;+
30LI048.PV;;AI;спнбемэ б V-3012 / охрюрюрекэмюъ бндю;;;;;;+
30LI048.SP;;AI;спнбемэ б V-3012 / охрюрюрекэмюъ бндю;;;;;;+
30LI048.A1;;AI;спнбемэ б V-3012 / охрюрюрекэмюъ бндю;;;;;;+
30LI051.PV;;AI;спнбемэ б V-3013 яеоюпюрнп меоп. опндсб;;;;;;+
30LI051.SP;;AI;спнбемэ б V-3013 яеоюпюрнп меоп. опндсб;;;;;;+
30LI051.A1;;AI;спнбемэ б V-3013 яеоюпюрнп меоп. опндсб;;;;;;+
30LI057.PV;;AI;спнбемэ б V-3023 / Cберкше метреопндсйрш;;;;;;+
30LI057.SP;;AI;спнбемэ б V-3023 / Cберкше метреопндсйрш;;;;;;+
30LI057.A4;;AI;спнбемэ б V-3023 / Cберкше метреопндсйрш;;;;;;+
30LI058.PV;;AI;спнбемэ б V-3024 / релмше метреопндсйрш;;;;;;+
30LI058.SP;;AI;спнбемэ б V-3024 / релмше метреопндсйрш;;;;;;+
30LI058.A4;;AI;спнбемэ б V-3024 / релмше метреопндсйрш;;;;;;+
30LI060.PV;;AI;спнбемэ б V-3027 / релмше метреопндсйрш;;;;;;+
30LI060.SP;;AI;спнбемэ б V-3027 / релмше метреопндсйрш;;;;;;+
30LI060.A4;;AI;спнбемэ б V-3027 / релмше метреопндсйрш;;;;;;+
30LI061.PV;;AI;спнбемэ б V-3028 / Cберкше метреопндсйрш;;;;;;+
30LI061.SP;;AI;спнбемэ б V-3028 / Cберкше метреопндсйрш;;;;;;+
30LI061.A4;;AI;спнбемэ б V-3028 / Cберкше метреопндсйрш;;;;;;+
30LI064.PV;;AI;спнбемэ б V-3017 / яеоюпюрнп рнок цюгю;;;;;;+
30LI064.SP;;AI;спнбемэ б V-3017 / яеоюпюрнп рнок цюгю;;;;;;+
30LI064.A1;;AI;спнбемэ б V-3017 / яеоюпюрнп рнок цюгю;;;;;;+
30LSLL038.PV;;AI;спнбемэ мю бяюяе P-3022A;;;;;;+
30LSLL038.SP;;AI;спнбемэ мю бяюяе P-3022A;;;;;;+
30LSLL038.A4;;AI;спнбемэ мю бяюяе P-3022A;;;;;;+
30PDI912.PV;;AI;п оепеоюд фхд.рнокхбн/бнд оюп б оевх H-3001;;;;;;+
30PDI912.SP;;AI;п оепеоюд фхд.рнокхбн/бнд оюп б оевх H-3001;;;;;;+
30PDI912.A4;;AI;п оепеоюд фхд.рнокхбн/бнд оюп б оевх H-3001;;;;;;+
30PI056.PV;;AI;дюбкемхе б V-3005;;;;;;+
30PI056.SP;;AI;дюбкемхе б V-3005;;;;;;+
30PI056.A1;;AI;дюбкемхе б V-3005;;;;;;+
30PI056.A4;;AI;дюбкемхе б V-3005;;;;;;+
30PI066.PV;;AI;дюбкемхе цюгю нр я-3001A б ю-3001, ю-3003;;;;;;+
30PI066.SP;;AI;дюбкемхе цюгю нр я-3001A б ю-3001, ю-3003;;;;;;+
30PI066.A1;;AI;дюбкемхе цюгю нр я-3001A б ю-3001, ю-3003;;;;;;+
30PI067.PV;;AI;дюбкемхе цюгю нр я-3001S б ю-3001, ю-3003;;;;;;+
30PI067.SP;;AI;дюбкемхе цюгю нр я-3001S б ю-3001, ю-3003;;;;;;+
30PI067.A1;;AI;дюбкемхе цюгю нр я-3001S б ю-3001, ю-3003;;;;;;+
30PI075.PV;;AI;дюбкемхе б р-3003 / бепу;;;;;;+
30PI075.SP;;AI;дюбкемхе б р-3003 / бепу;;;;;;+
30PI075.A1;;AI;дюбкемхе б р-3003 / бепу;;;;;;+
30PI143A.PV;;AI;п яшпэъ хг м-3001 / глеебхй 1;;;;;;+
30PI143A.SP;;AI;п яшпэъ хг м-3001 / глеебхй 1;;;;;;+
30PI143A.A4;;AI;п яшпэъ хг м-3001 / глеебхй 1;;;;;;+
30PI143B.PV;;AI;п яшпэъ хг м-3001 / глеебхй 1;;;;;;+
30PI143B.SP;;AI;п яшпэъ хг м-3001 / глеебхй 1;;;;;;+
30PI143B.A4;;AI;п яшпэъ хг м-3001 / глеебхй 1;;;;;;+
30PI143C.PV;;AI;п яшпэъ хг м-3001 / глеебхй 1;;;;;;+
30PI143C.SP;;AI;п яшпэъ хг м-3001 / глеебхй 1;;;;;;+
30PI143C.A4;;AI;п яшпэъ хг м-3001 / глеебхй 1;;;;;;+
30PI162A.PV;;AI;п яшпэъ хг м-3001 / глеебхй 2;;;;;;+
30PI162A.SP;;AI;п яшпэъ хг м-3001 / глеебхй 2;;;;;;+
30PI162A.A4;;AI;п яшпэъ хг м-3001 / глеебхй 2;;;;;;+
30PI888.PV;;AI;C-3001S дюбкемхе опндсбнвмнцн цюгю;;;;;;+
30PI888.SP;;AI;C-3001S дюбкемхе опндсбнвмнцн цюгю;;;;;;+
30PI888.A4;;AI;C-3001S дюбкемхе опндсбнвмнцн цюгю;;;;;;+
30PI907.PV;;AI;дюбкемхе дшлнбшу цюгнб мю оепебюке;;;;;;+
30PI907.SP;;AI;дюбкемхе дшлнбшу цюгнб мю оепебюке;;;;;;+
30PI907.A1;;AI;дюбкемхе дшлнбшу цюгнб мю оепебюке;;;;;;+
30PI911A.PV;;AI;п фхдйнцн рнок й тнпя оевх;;;;;;+
30PI911A.SP;;AI;п фхдйнцн рнок й тнпя оевх;;;;;;+
30PI911A.A4;;AI;п фхдйнцн рнок й тнпя оевх;;;;;;+
30PI911B.PV;;AI;п фхдйнцн рнок й тнпя оевх;;;;;;+
30PI911B.SP;;AI;п фхдйнцн рнок й тнпя оевх;;;;;;+
30PI911B.A1;;AI;п фхдйнцн рнок й тнпя оевх;;;;;;+
30PI917A.PV;;AI;H-3001 цюг й нямнбмшл цнпекйюл;;;;;;+
30PI917A.SP;;AI;H-3001 цюг й нямнбмшл цнпекйюл;;;;;;+
30PI917A.A1;;AI;H-3001 цюг й нямнбмшл цнпекйюл;;;;;;+
30PI917A.A4;;AI;H-3001 цюг й нямнбмшл цнпекйюл;;;;;;+
30PI917B.PV;;AI;H-3001 цюг й нямнбмшл цнпекйюл;;;;;;+
30PI917B.SP;;AI;H-3001 цюг й нямнбмшл цнпекйюл;;;;;;+
30PI917B.A1;;AI;H-3001 цюг й нямнбмшл цнпекйюл;;;;;;+
30PI917B.A4;;AI;H-3001 цюг й нямнбмшл цнпекйюл;;;;;;+
30PI919A.PV;;AI;H-3001 цюг й охкнр. цнпекйюл;;;;;;+
30PI919A.SP;;AI;H-3001 цюг й охкнр. цнпекйюл;;;;;;+
30PI919A.A4;;AI;H-3001 цюг й охкнр. цнпекйюл;;;;;;+
30PI919B.PV;;AI;H-3001 цюг й охкнр. цнпекйюл;;;;;;+
30PI919B.SP;;AI;H-3001 цюг й охкнр. цнпекйюл;;;;;;+
30PI919B.A1;;AI;H-3001 цюг й охкнр. цнпекйюл;;;;;;+
30PI944.PV;;AI;H-3001 бнгдсу оепед тнпясмйюлх;;;;;;+
30PI944.SP;;AI;H-3001 бнгдсу оепед тнпясмйюлх;;;;;;+
30PI944.A4;;AI;H-3001 бнгдсу оепед тнпясмйюлх;;;;;;+
30TI032A.PV;;AI;р яшпэъ хг м-3001 / 1 глеебхй;;;;;;+
30TI032A.SP;;AI;р яшпэъ хг м-3001 / 1 глеебхй;;;;;;+
30TI032A.A1;;AI;р яшпэъ хг м-3001 / 1 глеебхй;;;;;;+
30TI032B.PV;;AI;р яшпэъ хг м-3001 / 1 глеебхй;;;;;;+
30TI032B.SP;;AI;р яшпэъ хг м-3001 / 1 глеебхй;;;;;;+
30TI032B.A1;;AI;р яшпэъ хг м-3001 / 1 глеебхй;;;;;;+
30TI032C.PV;;AI;р яшпэъ хг м-3001 / 1 глеебхй;;;;;;+
30TI032C.SP;;AI;р яшпэъ хг м-3001 / 1 глеебхй;;;;;;+
30TI032C.A1;;AI;р яшпэъ хг м-3001 / 1 глеебхй;;;;;;+
30TI058.PV;;AI;р цюг мюцмерюмхе C-3001A;;;;;;+
30TI058.SP;;AI;р цюг мюцмерюмхе C-3001A;;;;;;+
30TI058.A1;;AI;р цюг мюцмерюмхе C-3001A;;;;;;+
30TI059.PV;;AI;р цюг мюцмерюмхе C-3001S;;;;;;+
30TI059.SP;;AI;р цюг мюцмерюмхе C-3001S;;;;;;+
30TI059.A1;;AI;р цюг мюцмерюмхе C-3001S;;;;;;+
30TI107.PV;;AI;бнд оюп япедм. дюбк. я сярюмнбйх;;;;;;+
30TI107.SP;;AI;бнд оюп япедм. дюбк. я сярюмнбйх;;;;;;+
30TI107.A1;;AI;бнд оюп япедм. дюбк. я сярюмнбйх;;;;;;+
30TI156A.PV;;AI;р яшпэъ хг м-3001 / 2 глеебхй;;;;;;+
30TI156A.SP;;AI;р яшпэъ хг м-3001 / 2 глеебхй;;;;;;+
30TI156A.A1;;AI;р яшпэъ хг м-3001 / 2 глеебхй;;;;;;+
30TI156B.PV;;AI;р яшпэъ хг м-3001 / 2 глеебхй;;;;;;+
30TI156B.SP;;AI;р яшпэъ хг м-3001 / 2 глеебхй;;;;;;+
30TI156B.A1;;AI;р яшпэъ хг м-3001 / 2 глеебхй;;;;;;+
30TI156C.PV;;AI;р яшпэъ хг м-3001 / 2 глеебхй;;;;;;+
30TI156C.SP;;AI;р яшпэъ хг м-3001 / 2 глеебхй;;;;;;+
30TI156C.A1;;AI;р яшпэъ хг м-3001 / 2 глеебхй;;;;;;+
30TI811.PV;;AI;P-3001S мюяня р рело.ондьхо.;;;;;;+
30TI811.SP;;AI;P-3001S мюяня р рело.ондьхо.;;;;;;+
30TI811.A1;;AI;P-3001S мюяня р рело.ондьхо.;;;;;;+
30TI812.PV;;AI;P-3001S мюяня J рело.ондьхо.;;;;;;+
30TI812.SP;;AI;P-3001S мюяня J рело.ондьхо.;;;;;;+
30TI812.A1;;AI;P-3001S мюяня J рело.ондьхо.;;;;;;+
30TI813.PV;;AI;P-3001S мюяня J рело.ондьхо.;;;;;;+
30TI813.SP;;AI;P-3001S мюяня J рело.ондьхо.;;;;;;+
30TI813.A1;;AI;P-3001S мюяня J рело.ондьхо.;;;;;;+
30TI847B.PV;;AI;P-3006A рело нонпмнцн ондьхомхйю;;;;;;+
30TI847B.SP;;AI;P-3006A рело нонпмнцн ондьхомхйю;;;;;;+
30TI847B.A1;;AI;P-3006A рело нонпмнцн ондьхомхйю;;;;;;+
30TI849A.PV;;AI;P-3006S рело кхмеимнцн ондьхомхйю;;;;;;+
30TI849A.SP;;AI;P-3006S рело кхмеимнцн ондьхомхйю;;;;;;+
30TI849A.A1;;AI;P-3006S рело кхмеимнцн ондьхомхйю;;;;;;+
30TI855B.PV;;AI;P-3013A рело нонпмнцн ондьхомхйю;;;;;;+
30TI855B.SP;;AI;P-3013A рело нонпмнцн ондьхомхйю;;;;;;+
30TI855B.A1;;AI;P-3013A рело нонпмнцн ондьхомхйю;;;;;;+
30TI857A.PV;;AI;P-3013S рело кхмеимнцн ондьхомхйю;;;;;;+
30TI857A.SP;;AI;P-3013S рело кхмеимнцн ондьхомхйю;;;;;;+
30TI857A.A1;;AI;P-3013S рело кхмеимнцн ондьхомхйю;;;;;;+
30TI857B.PV;;AI;P-3013S рело нонпмнцн ондьхомхйю;;;;;;+
30TI857B.SP;;AI;P-3013S рело нонпмнцн ондьхомхйю;;;;;;+
30TI857B.A1;;AI;P-3013S рело нонпмнцн ондьхомхйю;;;;;;+
30TI860.PV;;AI;P-3007A рело цеплерхгхпсчыхи ярюйюм;;;;;;+
30TI860.SP;;AI;P-3007A рело цеплерхгхпсчыхи ярюйюм;;;;;;+
30TI860.A1;;AI;P-3007A рело цеплерхгхпсчыхи ярюйюм;;;;;;+
30TI863.PV;;AI;P-3022A рело цеплерхгхпсчыхи ярюйюм;;;;;;+
30TI863.SP;;AI;P-3022A рело цеплерхгхпсчыхи ярюйюм;;;;;;+
30TI863.A1;;AI;P-3022A рело цеплерхгхпсчыхи ярюйюм;;;;;;+
30TI866.PV;;AI;P-3017A рело цеплерхгхпсчыхи ярюйюм;;;;;;+
30TI866.SP;;AI;P-3017A рело цеплерхгхпсчыхи ярюйюм;;;;;;+
30TI866.A1;;AI;P-3017A рело цеплерхгхпсчыхи ярюйюм;;;;;;+
30TI876C.PV;;AI;C-3001S релоеп.реумнкнцхвеяйнцн цюгю бшунд жхкхмдп 1;;;;;;+
30TI876C.SP;;AI;C-3001S релоеп.реумнкнцхвеяйнцн цюгю бшунд жхкхмдп 1;;;;;;+
30TI876C.A1;;AI;C-3001S релоеп.реумнкнцхвеяйнцн цюгю бшунд жхкхмдп 1;;;;;;+
30TI876D.PV;;AI;C-3001S рело. реум. цюгю бшунд жхкхмдп 2;;;;;;+
30TI876D.SP;;AI;C-3001S рело. реум. цюгю бшунд жхкхмдп 2;;;;;;+
30TI876D.A1;;AI;C-3001S рело. реум. цюгю бшунд жхкхмдп 2;;;;;;+
30TI884D.PV;;AI;C-3001S релоеп. пегепбсюпю люякю йюпрепю;;;;;;+
30TI884D.SP;;AI;C-3001S релоеп. пегепбсюпю люякю йюпрепю;;;;;;+
30TI884D.A1;;AI;C-3001S релоеп. пегепбсюпю люякю йюпрепю;;;;;;+
30TI884D.A2;;AI;C-3001S релоеп. пегепбсюпю люякю йюпрепю;;;;;;+
30TI884D.A3;;AI;C-3001S релоеп. пегепбсюпю люякю йюпрепю;;;;;;+
30TI884D.A4;;AI;C-3001S релоеп. пегепбсюпю люякю йюпрепю;;;;;;+
30TI884E.PV;;AI;C-3001S релоеп. цкюбм. ондьхомхйю меопхбндмюъ ярнпнмю;;;;;;+
30TI884E.SP;;AI;C-3001S релоеп. цкюбм. ондьхомхйю меопхбндмюъ ярнпнмю;;;;;;+
30TI884E.A1;;AI;C-3001S релоеп. цкюбм. ондьхомхйю меопхбндмюъ ярнпнмю;;;;;;+
30TI884F.PV;;AI;C-3001S релоеп. цкюбм. ондьхомхйю опхбндмюъ ярнпнмю;;;;;;+
30TI884F.SP;;AI;C-3001S релоеп. цкюбм. ондьхомхйю опхбндмюъ ярнпнмю;;;;;;+
30TI884F.A1;;AI;C-3001S релоеп. цкюбм. ондьхомхйю опхбндмюъ ярнпнмю;;;;;;+
30TI890.PV;;AI;P-3007S рело цеплерхгхпсчыхи ярюйюм;;;;;;+
30TI890.SP;;AI;P-3007S рело цеплерхгхпсчыхи ярюйюм;;;;;;+
30TI890.A1;;AI;P-3007S рело цеплерхгхпсчыхи ярюйюм;;;;;;+
30TI924.PV;;AI;цнпемхе бнгдсую;;;;;;+
30TI924.SP;;AI;цнпемхе бнгдсую;;;;;;+
30FY906C.PV;;AI;бнгдсу дкъ цнпемхъ;;;;;;+
30TI849B.PV;;AI;P-3006S рело нонпмнцн ондьхомхйю;;;;;;+
30TI849B.SP;;AI;P-3006S рело нонпмнцн ондьхомхйю;;;;;;+
30TI849B.A1;;AI;P-3006S рело нонпмнцн ондьхомхйю;;;;;;+
30TI851A.PV;;AI;P-3012A рело кхмеимнцн ондьхомхйю;;;;;;+
30TI851A.SP;;AI;P-3012A рело кхмеимнцн ондьхомхйю;;;;;;+
30TI851A.A1;;AI;P-3012A рело кхмеимнцн ондьхомхйю;;;;;;+
30TI851B.PV;;AI;P-3012A рело нонпмнцн ондьхомхйю;;;;;;+
30TI851B.SP;;AI;P-3012A рело нонпмнцн ондьхомхйю;;;;;;+
30TI851B.A1;;AI;P-3012A рело нонпмнцн ондьхомхйю;;;;;;+
30TI853A.PV;;AI;P-3012S рело кхмеимнцн ондьхомхйю;;;;;;+
30TI853A.SP;;AI;P-3012S рело кхмеимнцн ондьхомхйю;;;;;;+
30TI853A.A1;;AI;P-3012S рело кхмеимнцн ондьхомхйю;;;;;;+
30TI853B.PV;;AI;P-3012S рело нонпмнцн ондьхомхйю;;;;;;+
30TI853B.SP;;AI;P-3012S рело нонпмнцн ондьхомхйю;;;;;;+
30TI853B.A1;;AI;P-3012S рело нонпмнцн ондьхомхйю;;;;;;+
30TI855A.PV;;AI;P-3013A рело кхмеимнцн ондьхомхйю;;;;;;+
30TI855A.SP;;AI;P-3013A рело кхмеимнцн ондьхомхйю;;;;;;+
30TI855A.A1;;AI;P-3013A рело кхмеимнцн ондьхомхйю;;;;;;+
30TI821.PV;;AI;P-3003A мюяня р рело.ондьхо.;;;;;;+
30TI821.SP;;AI;P-3003A мюяня р рело.ондьхо.;;;;;;+
30TI821.A1;;AI;P-3003A мюяня р рело.ондьхо.;;;;;;+
30TI822.PV;;AI;P-3003A мюяня J рело.ондьхо.;;;;;;+
30TI822.SP;;AI;P-3003A мюяня J рело.ондьхо.;;;;;;+
30TI822.A1;;AI;P-3003A мюяня J рело.ондьхо.;;;;;;+
30TI823.PV;;AI;P-3003A мюяня J рело.ондьхо.;;;;;;+
30TI823.SP;;AI;P-3003A мюяня J рело.ондьхо.;;;;;;+
30TI823.A1;;AI;P-3003A мюяня J рело.ондьхо.;;;;;;+
30TI824.PV;;AI;рело. надсбю щк.дбхц.P-3003A;;;;;;+
30TI824.SP;;AI;рело. надсбю щк.дбхц.P-3003A;;;;;;+
30TI824.A3;;AI;рело. надсбю щк.дбхц.P-3003A;;;;;;+
30TI831.PV;;AI;P-3003S мюяня р рело.ондьхо.;;;;;;+
30TI831.SP;;AI;P-3003S мюяня р рело.ондьхо.;;;;;;+
30TI831.A1;;AI;P-3003S мюяня р рело.ондьхо.;;;;;;+
30TI832.PV;;AI;P-3003S мюяня J рело.ондьхо.;;;;;;+
30TI832.SP;;AI;P-3003S мюяня J рело.ондьхо.;;;;;;+
30TI832.A1;;AI;P-3003S мюяня J рело.ондьхо.;;;;;;+
30TI833.PV;;AI;P-3003S мюяня J рело.ондьхо.;;;;;;+
30TI833.SP;;AI;P-3003S мюяня J рело.ондьхо.;;;;;;+
30TI833.A1;;AI;P-3003S мюяня J рело.ондьхо.;;;;;;+
30TI834.PV;;AI;рело. надсбю щк.дбхц.P-3003S;;;;;;+
30TI834.SP;;AI;рело. надсбю щк.дбхц.P-3003S;;;;;;+
30TI834.A3;;AI;рело. надсбю щк.дбхц.P-3003S;;;;;;+
30TI839A.PV;;AI;P-3004A рело кхмеимнцн ондьхомхйю;;;;;;+
30TI839A.SP;;AI;P-3004A рело кхмеимнцн ондьхомхйю;;;;;;+
30TI839A.A1;;AI;P-3004A рело кхмеимнцн ондьхомхйю;;;;;;+
30TI839B.PV;;AI;P-3004A рело нонпмнцн ондьхомхйю;;;;;;+
30TI839B.SP;;AI;P-3004A рело нонпмнцн ондьхомхйю;;;;;;+
30TI839B.A1;;AI;P-3004A рело нонпмнцн ондьхомхйю;;;;;;+
30TI841A.PV;;AI;P-3004S рело кхмеимнцн ондьхомхйю;;;;;;+
30TI841A.SP;;AI;P-3004S рело кхмеимнцн ондьхомхйю;;;;;;+
30TI841A.A1;;AI;P-3004S рело кхмеимнцн ондьхомхйю;;;;;;+
30TI841B.PV;;AI;P-3004S рело нонпмнцн ондьхомхйю;;;;;;+
30TI841B.SP;;AI;P-3004S рело нонпмнцн ондьхомхйю;;;;;;+
30TI841B.A1;;AI;P-3004S рело нонпмнцн ондьхомхйю;;;;;;+
30TI843A.PV;;AI;P-3005A рело кхмеимнцн ондьхомхйю;;;;;;+
30TI843A.SP;;AI;P-3005A рело кхмеимнцн ондьхомхйю;;;;;;+
30TI843A.A1;;AI;P-3005A рело кхмеимнцн ондьхомхйю;;;;;;+
30TI843B.PV;;AI;P-3005A рело нонпмнцн ондьхомхйю;;;;;;+
30TI843B.SP;;AI;P-3005A рело нонпмнцн ондьхомхйю;;;;;;+
30TI843B.A1;;AI;P-3005A рело нонпмнцн ондьхомхйю;;;;;;+
30TI845A.PV;;AI;P-3005S рело кхмеимнцн ондьхомхйю;;;;;;+
30TI845A.SP;;AI;P-3005S рело кхмеимнцн ондьхомхйю;;;;;;+
30TI845A.A1;;AI;P-3005S рело кхмеимнцн ондьхомхйю;;;;;;+
30TI845B.PV;;AI;P-3005S рело нонпмнцн ондьхомхйю;;;;;;+
30TI845B.SP;;AI;P-3005S рело нонпмнцн ондьхомхйю;;;;;;+
30TI845B.A1;;AI;P-3005S рело нонпмнцн ондьхомхйю;;;;;;+
30TI847A.PV;;AI;P-3006A рело кхмеимнцн ондьхомхйю;;;;;;+
30TI847A.SP;;AI;P-3006A рело кхмеимнцн ондьхомхйю;;;;;;+
30TI847A.A1;;AI;P-3006A рело кхмеимнцн ондьхомхйю;;;;;;+
30TI752A.PV;;AI;P-3025 мюяня T рело.ондьхо.;;;;;;+
30TI752A.SP;;AI;P-3025 мюяня T рело.ондьхо.;;;;;;+
30TI752A.A1;;AI;P-3025 мюяня T рело.ондьхо.;;;;;;+
30TI754A.PV;;AI;P-3021 мюяня T рело.ондьхо.;;;;;;+
30TI754A.SP;;AI;P-3021 мюяня T рело.ондьхо.;;;;;;+
30TI754A.A1;;AI;P-3021 мюяня T рело.ондьхо.;;;;;;+
30TI756A.PV;;AI;P-3020 мюяня T рело.ондьхо.;;;;;;+
30TI756A.SP;;AI;P-3020 мюяня T рело.ондьхо.;;;;;;+
30TI756A.A1;;AI;P-3020 мюяня T рело.ондьхо.;;;;;;+
30TI784D2.PV;;AI;C-3001A релоепюрспю пегепбсюпю люякю йюпрепю;;;;;;+
30TI784D2.SP;;AI;C-3001A релоепюрспю пегепбсюпю люякю йюпрепю;;;;;;+
30TI784D2.A1;;AI;C-3001A релоепюрспю пегепбсюпю люякю йюпрепю;;;;;;+
30TI784D2.A2;;AI;C-3001A релоепюрспю пегепбсюпю люякю йюпрепю;;;;;;+
30TI784D2.A3;;AI;C-3001A релоепюрспю пегепбсюпю люякю йюпрепю;;;;;;+
30TI784D2.A4;;AI;C-3001A релоепюрспю пегепбсюпю люякю йюпрепю;;;;;;+
30TI801A.PV;;AI;P-3001A мюяня р рело.ондьхо.;;;;;;+
30TI801A.SP;;AI;P-3001A мюяня р рело.ондьхо.;;;;;;+
30TI801A.A1;;AI;P-3001A мюяня р рело.ондьхо.;;;;;;+
30TI802A.PV;;AI;P-3001A мюяня J рело.ондьхо.;;;;;;+
30TI802A.SP;;AI;P-3001A мюяня J рело.ондьхо.;;;;;;+
30TI802A.A1;;AI;P-3001A мюяня J рело.ондьхо.;;;;;;+
30TI803A.PV;;AI;P-3001A мюяня J рело.ондьхо.;;;;;;+
30TI803A.SP;;AI;P-3001A мюяня J рело.ондьхо.;;;;;;+
30TI803A.A1;;AI;P-3001A мюяня J рело.ондьхо.;;;;;;+
30TI896A.PV;;AI;P-3017S рело цеплерхгхпсчыхи ярюйюм;;;;;;+
30TI896A.SP;;AI;P-3017S рело цеплерхгхпсчыхи ярюйюм;;;;;;+
30TI896A.A1;;AI;P-3017S рело цеплерхгхпсчыхи ярюйюм;;;;;;+
30TI901A.PV;;AI;реокнбюъ йнмбейжхъ;;;;;;+
30TI901A.SP;;AI;реокнбюъ йнмбейжхъ;;;;;;+
30TI901A.A1;;AI;реокнбюъ йнмбейжхъ;;;;;;+
58XY017_TEST.PV;;AI;test_bla_bla_bla;;;;;;
30TI750A.PV;;AI;P-3026 мюяня T рело.ондьхо.;;;;;;+
30TI750A.SP;;AI;P-3026 мюяня T рело.ондьхо.;;;;;;+
30TI750A.A1;;AI;P-3026 мюяня T рело.ондьхо.;;;;;;+
30TI811A.PV;;AI;P-3001S мюяня р рело.ондьхо.;;;;;;+
30TI811A.SP;;AI;P-3001S мюяня р рело.ондьхо.;;;;;;+
30TI811A.A1;;AI;P-3001S мюяня р рело.ондьхо.;;;;;;+
30TI812A.PV;;AI;P-3001S мюяня J рело.ондьхо.;;;;;;+
30TI812A.SP;;AI;P-3001S мюяня J рело.ондьхо.;;;;;;+
30TI812A.A1;;AI;P-3001S мюяня J рело.ондьхо.;;;;;;+
30TI813A.PV;;AI;P-3001S мюяня J рело.ондьхо.;;;;;;+
30TI813A.SP;;AI;P-3001S мюяня J рело.ондьхо.;;;;;;+
30TI813A.A1;;AI;P-3001S мюяня J рело.ондьхо.;;;;;;+
30TI847B2.PV;;AI;P-3006A рело нонпмнцн ондьхомхйю;;;;;;+
30TI847B2.SP;;AI;P-3006A рело нонпмнцн ондьхомхйю;;;;;;+
30TI847B2.A1;;AI;P-3006A рело нонпмнцн ондьхомхйю;;;;;;+
30TI849A2.PV;;AI;P-3006S рело кхмеимнцн ондьхомхйю;;;;;;+
30TI849A2.SP;;AI;P-3006S рело кхмеимнцн ондьхомхйю;;;;;;+
30TI849A2.A1;;AI;P-3006S рело кхмеимнцн ондьхомхйю;;;;;;+
30TI855B2.PV;;AI;P-3013A рело нонпмнцн ондьхомхйю;;;;;;+
30TI855B2.SP;;AI;P-3013A рело нонпмнцн ондьхомхйю;;;;;;+
30TI855B2.A1;;AI;P-3013A рело нонпмнцн ондьхомхйю;;;;;;+
30TI857A2.PV;;AI;P-3013S рело кхмеимнцн ондьхомхйю;;;;;;+
30TI857A2.SP;;AI;P-3013S рело кхмеимнцн ондьхомхйю;;;;;;+
30TI857A2.A1;;AI;P-3013S рело кхмеимнцн ондьхомхйю;;;;;;+
30TI857B2.PV;;AI;P-3013S рело нонпмнцн ондьхомхйю;;;;;;+
30TI857B2.SP;;AI;P-3013S рело нонпмнцн ондьхомхйю;;;;;;+
30TI857B2.A1;;AI;P-3013S рело нонпмнцн ондьхомхйю;;;;;;+
30TI851A2.PV;;AI;P-3012A рело кхмеимнцн ондьхомхйю;;;;;;+
30TI851A2.SP;;AI;P-3012A рело кхмеимнцн ондьхомхйю;;;;;;+
30TI851A2.A1;;AI;P-3012A рело кхмеимнцн ондьхомхйю;;;;;;+
30TI851B2.PV;;AI;P-3012A рело нонпмнцн ондьхомхйю;;;;;;+
30TI851B2.SP;;AI;P-3012A рело нонпмнцн ондьхомхйю;;;;;;+
30TI851B2.A1;;AI;P-3012A рело нонпмнцн ондьхомхйю;;;;;;+
30TI853A2.PV;;AI;P-3012S рело кхмеимнцн ондьхомхйю;;;;;;+
30TI853A2.SP;;AI;P-3012S рело кхмеимнцн ондьхомхйю;;;;;;+
30TI853A2.A1;;AI;P-3012S рело кхмеимнцн ондьхомхйю;;;;;;+
30TI853B2.PV;;AI;P-3012S рело нонпмнцн ондьхомхйю;;;;;;+
30TI853B2.SP;;AI;P-3012S рело нонпмнцн ондьхомхйю;;;;;;+
30TI853B2.A1;;AI;P-3012S рело нонпмнцн ондьхомхйю;;;;;;+
30TI855A2.PV;;AI;P-3013A рело кхмеимнцн ондьхомхйю;;;;;;+
30TI855A2.SP;;AI;P-3013A рело кхмеимнцн ондьхомхйю;;;;;;+
30TI855A2.A1;;AI;P-3013A рело кхмеимнцн ондьхомхйю;;;;;;+
30TI821A.PV;;AI;P-3003A мюяня р рело.ондьхо.;;;;;;+
30TI821A.SP;;AI;P-3003A мюяня р рело.ондьхо.;;;;;;+
30TI821A.A1;;AI;P-3003A мюяня р рело.ондьхо.;;;;;;+
30TI822A.PV;;AI;P-3003A мюяня J рело.ондьхо.;;;;;;+
30TI822A.SP;;AI;P-3003A мюяня J рело.ондьхо.;;;;;;+
30TI822A.A1;;AI;P-3003A мюяня J рело.ондьхо.;;;;;;+
30TI823A.PV;;AI;P-3003A мюяня J рело.ондьхо.;;;;;;+
30TI823A.SP;;AI;P-3003A мюяня J рело.ондьхо.;;;;;;+
30TI823A.A1;;AI;P-3003A мюяня J рело.ондьхо.;;;;;;+
30TI831A.PV;;AI;P-3003S мюяня р рело.ондьхо.;;;;;;+
30TI831A.SP;;AI;P-3003S мюяня р рело.ондьхо.;;;;;;+
30TI831A.A1;;AI;P-3003S мюяня р рело.ондьхо.;;;;;;+
30TI832A.PV;;AI;P-3003S мюяня J рело.ондьхо.;;;;;;+
30TI832A.SP;;AI;P-3003S мюяня J рело.ондьхо.;;;;;;+
30TI832A.A1;;AI;P-3003S мюяня J рело.ондьхо.;;;;;;+
30TI833A.PV;;AI;P-3003S мюяня J рело.ондьхо.;;;;;;+
30TI833A.SP;;AI;P-3003S мюяня J рело.ондьхо.;;;;;;+
30TI833A.A1;;AI;P-3003S мюяня J рело.ондьхо.;;;;;;+
30TI839A2.PV;;AI;P-3004A рело кхмеимнцн ондьхомхйю;;;;;;+
30TI839A2.SP;;AI;P-3004A рело кхмеимнцн ондьхомхйю;;;;;;+
30TI839A2.A1;;AI;P-3004A рело кхмеимнцн ондьхомхйю;;;;;;+
30TI839B2.PV;;AI;P-3004A рело нонпмнцн ондьхомхйю;;;;;;+
30TI839B2.SP;;AI;P-3004A рело нонпмнцн ондьхомхйю;;;;;;+
30TI839B2.A1;;AI;P-3004A рело нонпмнцн ондьхомхйю;;;;;;+
30TI841A2.PV;;AI;P-3004S рело кхмеимнцн ондьхомхйю;;;;;;+
30TI841A2.SP;;AI;P-3004S рело кхмеимнцн ондьхомхйю;;;;;;+
30TI841A2.A1;;AI;P-3004S рело кхмеимнцн ондьхомхйю;;;;;;+
30TI860A.PV;;AI;P-3007A рело цеплерхгхпсчыхи ярюйюм;;;;;;+
30TI860A.SP;;AI;P-3007A рело цеплерхгхпсчыхи ярюйюм;;;;;;+
30TI860A.A1;;AI;P-3007A рело цеплерхгхпсчыхи ярюйюм;;;;;;+
30TI863A.PV;;AI;P-3022A рело цеплерхгхпсчыхи ярюйюм;;;;;;+
30TI863A.SP;;AI;P-3022A рело цеплерхгхпсчыхи ярюйюм;;;;;;+
30TI863A.A1;;AI;P-3022A рело цеплерхгхпсчыхи ярюйюм;;;;;;+
30TI866A.PV;;AI;P-3017A рело цеплерхгхпсчыхи ярюйюм;;;;;;+
30TI866A.SP;;AI;P-3017A рело цеплерхгхпсчыхи ярюйюм;;;;;;+
30TI866A.A1;;AI;P-3017A рело цеплерхгхпсчыхи ярюйюм;;;;;;+
30TI884D2.PV;;AI;C-3001S релоеп. пегепбсюпю люякю йюпрепю;;;;;;+
30TI884D2.SP;;AI;C-3001S релоеп. пегепбсюпю люякю йюпрепю;;;;;;+
30TI884D2.A1;;AI;C-3001S релоеп. пегепбсюпю люякю йюпрепю;;;;;;+
30TI884D2.A2;;AI;C-3001S релоеп. пегепбсюпю люякю йюпрепю;;;;;;+
30TI884D2.A3;;AI;C-3001S релоеп. пегепбсюпю люякю йюпрепю;;;;;;+
30TI884D2.A4;;AI;C-3001S релоеп. пегепбсюпю люякю йюпрепю;;;;;;+
30TI890A.PV;;AI;P-3007S рело цеплерхгхпсчыхи ярюйюм;;;;;;+
30TI890A.SP;;AI;P-3007S рело цеплерхгхпсчыхи ярюйюм;;;;;;+
30TI890A.A1;;AI;P-3007S рело цеплерхгхпсчыхи ярюйюм;;;;;;+
30TI849B2.PV;;AI;P-3006S рело нонпмнцн ондьхомхйю;;;;;;+
30TI849B2.SP;;AI;P-3006S рело нонпмнцн ондьхомхйю;;;;;;+
30TI849B2.A1;;AI;P-3006S рело нонпмнцн ондьхомхйю;;;;;;+
30TI841B2.PV;;AI;P-3004S рело нонпмнцн ондьхомхйю;;;;;;+
30TI841B2.SP;;AI;P-3004S рело нонпмнцн ондьхомхйю;;;;;;+
30TI841B2.A1;;AI;P-3004S рело нонпмнцн ондьхомхйю;;;;;;+
30TI843A2.PV;;AI;P-3005A рело кхмеимнцн ондьхомхйю;;;;;;+
30TI843A2.SP;;AI;P-3005A рело кхмеимнцн ондьхомхйю;;;;;;+
30TI843A2.A1;;AI;P-3005A рело кхмеимнцн ондьхомхйю;;;;;;+
30TI843B2.PV;;AI;P-3005A рело нонпмнцн ондьхомхйю;;;;;;+
30TI843B2.SP;;AI;P-3005A рело нонпмнцн ондьхомхйю;;;;;;+
30TI843B2.A1;;AI;P-3005A рело нонпмнцн ондьхомхйю;;;;;;+
30TI845A2.PV;;AI;P-3005S рело кхмеимнцн ондьхомхйю;;;;;;+
30TI845A2.SP;;AI;P-3005S рело кхмеимнцн ондьхомхйю;;;;;;+
30TI845A2.A1;;AI;P-3005S рело кхмеимнцн ондьхомхйю;;;;;;+
30TI845B2.PV;;AI;P-3005S рело нонпмнцн ондьхомхйю;;;;;;+
30TI845B2.SP;;AI;P-3005S рело нонпмнцн ондьхомхйю;;;;;;+
30TI845B2.A1;;AI;P-3005S рело нонпмнцн ондьхомхйю;;;;;;+
30TI847A2.PV;;AI;P-3006A рело кхмеимнцн ондьхомхйю;;;;;;+
30TI847A2.SP;;AI;P-3006A рело кхмеимнцн ондьхомхйю;;;;;;+
30TI847A2.A1;;AI;P-3006A рело кхмеимнцн ондьхомхйю;;;;;;+
30FI777A1.PV;;AI;C-3001A онрнй нукюфд. бндш бшунд жхкхмдп 1;;;;;;+
30FI777A1.SP;;AI;C-3001A онрнй нукюфд. бндш бшунд жхкхмдп 1;;;;;;+
30FI777A1.A4;;AI;C-3001A онрнй нукюфд. бндш бшунд жхкхмдп 1;;;;;;+
30FI777B1.PV;;AI;C-3001A онрнй нукюфд. бндш бшунд жхкхмдп 2;;;;;;+
30FI777B1.SP;;AI;C-3001A онрнй нукюфд. бндш бшунд жхкхмдп 2;;;;;;+
30FI777B1.A4;;AI;C-3001A онрнй нукюфд. бндш бшунд жхкхмдп 2;;;;;;+
30FI777A2.PV;;AI;C-3001A онрнй нукюфд. бндш бшунд жхкхмдп 1;;;;;;+
30FI777A2.SP;;AI;C-3001A онрнй нукюфд. бндш бшунд жхкхмдп 1;;;;;;+
30FI777A2.A4;;AI;C-3001A онрнй нукюфд. бндш бшунд жхкхмдп 1;;;;;;+
43LI406A.PV;;AI;юрлнятепмши нярюрнй й P-4301501SX;;;;;;
43LI406A.A4;;AI;юрлнятепмши нярюрнй й P-4301501SX;;;;;;
43LI410A.PV;;AI;мейнмдхжхъ й P-4301502AX;;;;;;
43LI410A.A4;;AI;мейнмдхжхъ й P-4301502AX;;;;;;
43LI414A.PV;;AI;мейнмдхжхъ й P-4301502SX;;;;;;
43LI414A.A4;;AI;мейнмдхжхъ й P-4301502SX;;;;;;
43LI418A.PV;;AI;нвхыеммюъ бндю б P-4301503AX;;;;;;
43LI418A.A4;;AI;нвхыеммюъ бндю б P-4301503AX;;;;;;
43LI422A.PV;;AI;нвхыеммюъ бндю й P-4301503SX;;;;;;
43LI422A.A4;;AI;нвхыеммюъ бндю й P-4301503SX;;;;;;
43LI438A.PV;;AI;кецйхи бюйсслмши цюгникэ й P-4301505AX;;;;;;
43LI438A.A4;;AI;кецйхи бюйсслмши цюгникэ й P-4301505AX;;;;;;
43LI442A.PV;;AI;кецйхи бюйсслмши цюгникэ й P-4301505SX;;;;;;
43LI442A.A4;;AI;кецйхи бюйсслмши цюгникэ й P-4301505SX;;;;;;
43LI446A.PV;;AI;дхгекэмюъ тпюйжхъ й P-4301506AX;;;;;;
43LI446A.A4;;AI;дхгекэмюъ тпюйжхъ й P-4301506AX;;;;;;
43LI450A.PV;;AI;дхгекэмюъ тпюйжхъ й P-4301506SX;;;;;;
43LI450A.A4;;AI;дхгекэмюъ тпюйжхъ й P-4301506SX;;;;;;
43LI454A.PV;;AI;ръфекши бюйсслмши цюгникэ й P-4301507AX;;;;;;
43LI454A.A4;;AI;ръфекши бюйсслмши цюгникэ й P-4301507AX;;;;;;
43LI458A.PV;;AI;ръфекши бюйсслмши цюгникэ й P-4301507SX;;;;;;
43LI458A.A4;;AI;ръфекши бюйсслмши цюгникэ й P-4301507SX;;;;;;
43LI461A.PV;;AI;нукюфдючыюъ фхдйнярэ й P-4301508SX;;;;;;
43LI461A.A4;;AI;нукюфдючыюъ фхдйнярэ й P-4301508SX;;;;;;
43LI466A.PV;;AI;нукюфдючыюъ фхдйнярэ й P-4301508AX;;;;;;
43LI466A.A4;;AI;нукюфдючыюъ фхдйнярэ й P-4301508AX;;;;;;
IB431_ESD1_T1.PV;;AI;релоепюрспю йнмр-пю CP1;;;;;;
IB431_ESD1_T2.PV;;AI;релоепюрспю йнмр-пю CP2;;;;;;
IB431_ESD1_YEAR.PV;;AI;рейсыхи цнд йнмр-пю ESD_431_1;;;;;;
IB431_ESD1_MONTH.PV;;AI;рейсыхи леяъж йнмр-пю ESD_431_1;;;;;;
30FI777B2.PV;;AI;C-3001A онрнй нукюфд. бндш бшунд жхкхмдп 2;;;;;;+
30FI777B2.SP;;AI;C-3001A онрнй нукюфд. бндш бшунд жхкхмдп 2;;;;;;+
30FI777B2.A4;;AI;C-3001A онрнй нукюфд. бндш бшунд жхкхмдп 2;;;;;;+
30FI790A1.PV;;AI;C-3001A/S онрнй ондювх нукюфд.бндш;;;;;;+
30FI790A1.SP;;AI;C-3001A/S онрнй ондювх нукюфд.бндш;;;;;;+
30FI790A1.A4;;AI;C-3001A/S онрнй ондювх нукюфд.бндш;;;;;;+
30FI790A2.PV;;AI;C-3001A/S онрнй ондювх нукюфд.бндш;;;;;;+
30FI790A2.SP;;AI;C-3001A/S онрнй ондювх нукюфд.бндш;;;;;;+
30FI790A2.A4;;AI;C-3001A/S онрнй ондювх нукюфд.бндш;;;;;;+
30FI877A1.PV;;AI;C-3001S онрнй нукюфд. бндш бшунд жхкхмдп 1;;;;;;+
30FI877A1.SP;;AI;C-3001S онрнй нукюфд. бндш бшунд жхкхмдп 1;;;;;;+
30FI877A1.A4;;AI;C-3001S онрнй нукюфд. бндш бшунд жхкхмдп 1;;;;;;+
30FI877B1.PV;;AI;C-3001S онрнй нукюфд. бндш бшунд жхкхмдп 2;;;;;;+
30FI877B1.SP;;AI;C-3001S онрнй нукюфд. бндш бшунд жхкхмдп 2;;;;;;+
30FI877B1.A4;;AI;C-3001S онрнй нукюфд. бндш бшунд жхкхмдп 2;;;;;;+
30FI877A2.PV;;AI;C-3001S онрнй нукюфд. бндш бшунд жхкхмдп 1;;;;;;+
30FI877A2.SP;;AI;C-3001S онрнй нукюфд. бндш бшунд жхкхмдп 1;;;;;;+
30FI877A2.A4;;AI;C-3001S онрнй нукюфд. бндш бшунд жхкхмдп 1;;;;;;+
30FI877B2.PV;;AI;C-3001S онрнй нукюфд. бндш бшунд жхкхмдп 2;;;;;;+
30FI877B2.SP;;AI;C-3001S онрнй нукюфд. бндш бшунд жхкхмдп 2;;;;;;+
30FI877B2.A4;;AI;C-3001S онрнй нукюфд. бндш бшунд жхкхмдп 2;;;;;;+
30PI056A.PV;;AI;дюбкемхе б V-3005;;;;;;+
30PI056A.SP;;AI;дюбкемхе б V-3005;;;;;;+
30PI056A.A1;;AI;дюбкемхе б V-3005;;;;;;+
30PI056A.A4;;AI;дюбкемхе б V-3005;;;;;;+
43LI402A.PV;;AI;юрлнятепмши нярюрнй й P-4301501AX;;;;;;
43LI402A.A4;;AI;юрлнятепмши нярюрнй й P-4301501AX;;;;;;
IB431_ESD1_DAY.PV;;AI;рейсыхи демэ йнмр-пю ESD_431_1;;;;;;
IB431_ESD1_HOUR.PV;;AI;рейсыхи вюя йнмр-пю ESD_431_1;;;;;;
IB431_ESD1_MIN.PV;;AI;рейсыюъ лхмсрю йнмр-пю ESD_431_1;;;;;;
IB431_ESD1_SEC.PV;;AI;рейсыюъ яейсмдю йнмр-пю ESD_431_1;;;;;;
30LSLL883A.PV;;AI;C-3001A спнбемэ пегепбсюпю люякю жхкхмдп;;;;;;+
30LSLL983A.PV;;AI;C-3001S спнбемэ пегепбсюпю люякю жхкхмдп;;;;;;+
43LS921A.PV;;AI;рнонвм. люгср й P-4301504 1SX;;;;;;
43LS921A.A4;;AI;рнонвм. люгср й P-4301504 1SX;;;;;;
43LS921B.PV;;AI;рнонвм. люгср й P-4301504 1SX;;;;;;
43LS921B.A4;;AI;рнонвм. люгср й P-4301504 1SX;;;;;;
43LS922A.PV;;AI;рнонвм. люгср й P-4301504 2SX;;;;;;
43LS922A.A4;;AI;рнонвм. люгср й P-4301504 2SX;;;;;;
43LS922B.PV;;AI;рнонвм. люгср й P-4301504 2SX;;;;;;
43LS922B.A4;;AI;рнонвм. люгср й P-4301504 2SX;;;;;;
IB301_ESD1_DAY.PV;;AI;рейсыхи демэ йнмр-пю ESD_301_1;;;;;;++
IB301_ESD1_YEAR.PV;;AI;рейсыхи цнд йнмр-пю ESD_301_1;;;;;;++
IB301_ESD1_MONTH.PV;;AI;рейсыхи леяъж йнмр-пю ESD_301_1;;;;;;++
IB301_ESD1_HOUR.PV;;AI;рейсыхи вюя йнмр-пю ESD_301_1;;;;;;++
IB301_ESD1_MIN.PV;;AI;рейсыюъ лхмсрю йнмр-пю ESD_301_1;;;;;;++
IB301_ESD1_SEC.PV;;AI;рейсыюъ яейсмдю йнмр-пю ESD_301_1;;;;;;++
IB301_ESD1_T1.PV;;AI;релоепюрспю йнмр-пю CP1;;;;;;++
IB301_ESD1_T2.PV;;AI;релоепюрспю йнмр-пю CP2;;;;;;++
43LS920A.PV;;AI;рнонвм. люгср й P-4301504 AX;;;;;;
43LS920A.A4;;AI;рнонвм. люгср й P-4301504 AX;;;;;;
43LS920B.PV;;AI;рнонвм. люгср й P-4301504 AX;;;;;;
43LS920B.A4;;AI;рнонвм. люгср й P-4301504 AX;;;;;;
30LI039.PV;;AI;L б V-3021 /╗лйнярэ юмрхтпхгю;;;;;;+
30LI039.SP;;AI;L б V-3021 /╗лйнярэ юмрхтпхгю;;;;;;+
30LI039.A4;;AI;L б V-3021 /╗лйнярэ юмрхтпхгю;;;;;;+
30LI063.PV;;AI;L б V3017 /яеоюпюрнп рнок. цюгю;;;;;;+
30LI063.A1;;AI;L б V3017 /яеоюпюрнп рнок. цюгю;;;;;;+
30PDI912A.PV;;AI;п оепеоюд фхд.рнокхбн/бнд оюп б оевх H-3001;;;;;;+
30PDI912A.A4;;AI;п оепеоюд фхд.рнокхбн/бнд оюп б оевх H-3001;;;;;;+
30PI064.PV;;AI;мюцмерюмхе C-3001A;;;;;;+
30PI064.A1;;AI;мюцмерюмхе C-3001A;;;;;;+
30PI065.PV;;AI;мюцмерюмхе C-3001S;;;;;;+
30PI065.A1;;AI;мюцмерюмхе C-3001S;;;;;;+
30PI074B.PV;;AI;T-3003 (бепу йнкнммш);;;;;;+
30PI074B.A1;;AI;T-3003 (бепу йнкнммш);;;;;;+
30PI907A.PV;;AI;дюбкемхе дшлнбшу цюгнб мю оепебюке;;;;;;+
30PI907A.A1;;AI;дюбкемхе дшлнбшу цюгнб мю оепебюке;;;;;;+
30LS010.PV;;AI;спнбемэ опх╗л P-3004A;;;;;;+
30LS010.SP;;AI;спнбемэ опх╗л P-3004A;;;;;;+
30LS010.A4;;AI;спнбемэ опх╗л P-3004A;;;;;;+
30PI943.PV;;AI;H-3001 бнгдсу оепед тнпясмйюлх;;;;;;+
30PI943.A4;;AI;H-3001 бнгдсу оепед тнпясмйюлх;;;;;;+
30TI058A.PV;;AI;р цюг мюцмерюмхе C-3001A;;;;;;+
30TI058A.A1;;AI;р цюг мюцмерюмхе C-3001A;;;;;;+
30TI059A.PV;;AI;р цюг мюцмерюмхе C-3001S;;;;;;+
30TI059A.A1;;AI;р цюг мюцмерюмхе C-3001S;;;;;;+
30TI107A.PV;;AI;бнд оюп япедм. дюбк. я сярюмнбйх;;;;;;+
30TI107A.A1;;AI;бнд оюп япедм. дюбк. я сярюмнбйх;;;;;;+
43LI469.PV;;AI;дпемюф метреопндсйрнб б F-4301501;;;;;;
43LI469.A4;;AI;дпемюф метреопндсйрнб б F-4301501;;;;;;
43PI564.PV;;AI;нА. 430-15 бнгдсу йхо;;;;;;
43PI564.A4;;AI;нА. 430-15 бнгдсу йхо;;;;;;
30LI021.PV;;AI;L б V-3005 /яеоюпюрнп йхяк цюгю;;;;;;+
30LI021.A1;;AI;L б V-3005 /яеоюпюрнп йхяк цюгю;;;;;;+
30LS009.PV;;AI;спнбемэ мхфмхи б р-3001 (20-ъ рюпекйю);;;;;;+
30LS009.A4;;AI;спнбемэ мхфмхи б р-3001 (20-ъ рюпекйю);;;;;;+
IB511_ESD1_T1.PV;;AI;релоепюрспю йнмр-пю CP1;;;;;;
IB511_ESD1_T2.PV;;AI;релоепюрспю йнмр-пю CP2;;;;;;
IB511_ESD1_YEAR.PV;;AI;рейсыхи цнд йнмр-пю ESD_511_1;;;;;;
IB511_ESD1_MONTH.PV;;AI;рейсыхи леяъж йнмр-пю ESD_511_1;;;;;;
IB511_ESD1_DAY.PV;;AI;рейсыхи демэ йнмр-пю ESD_511_1;;;;;;
IB511_ESD1_HOUR.PV;;AI;рейсыхи вюя йнмр-пю ESD_511_1;;;;;;
IB511_ESD1_MIN.PV;;AI;рейсыюъ лхмсрю йнмр-пю ESD_511_1;;;;;;
IB511_ESD1_SEC.PV;;AI;рейсыюъ яейсмдю йнмр-пю ESD_511_1;;;;;;
51TI992A.PV;;AI;релоепюрспю онкебнцн ондьхомхйю P-5120S;;;;;;
51TI992A.SP;;AI;релоепюрспю онкебнцн ондьхомхйю P-5120S;;;;;;
51TI992A.A1;;AI;релоепюрспю онкебнцн ондьхомхйю P-5120S;;;;;;
51TI992B.PV;;AI;релоепюрспю оепедмецн ондьхомхйю п-5120S;;;;;;
51TI992B.SP;;AI;релоепюрспю оепедмецн ондьхомхйю п-5120S;;;;;;
51TI992B.A1;;AI;релоепюрспю оепедмецн ондьхомхйю п-5120S;;;;;;
51TI995A.PV;;AI;релоепюрспю онкебнцн ондьхомхйю P-5131;;;;;;
51TI995A.SP;;AI;релоепюрспю онкебнцн ондьхомхйю P-5131;;;;;;
51TI995A.A1;;AI;релоепюрспю онкебнцн ондьхомхйю P-5131;;;;;;
51TI995B.PV;;AI;релоепюрспю оепедмецн ондьхомхйю п-5131;;;;;;
51TI995B.SP;;AI;релоепюрспю оепедмецн ондьхомхйю п-5131;;;;;;
51TI995B.A1;;AI;релоепюрспю оепедмецн ондьхомхйю п-5131;;;;;;
51TI996A.PV;;AI;релоепюрспю онкебнцн ондьхомхйю P-5131S;;;;;;
51TI996A.SP;;AI;релоепюрспю онкебнцн ондьхомхйю P-5131S;;;;;;
51TI996A.A1;;AI;релоепюрспю онкебнцн ондьхомхйю P-5131S;;;;;;
51TI996B.PV;;AI;релоепюрспю оепедмецн ондьхомхйю п-5131S;;;;;;
51TI996B.SP;;AI;релоепюрспю оепедмецн ондьхомхйю п-5131S;;;;;;
51TI996B.A1;;AI;релоепюрспю оепедмецн ондьхомхйю п-5131S;;;;;;
52LI006.PV;;AI;спнбемэ нроюпеммюни бндш б T-5201;;;;;;
52LI006.SP;;AI;спнбемэ нроюпеммюни бндш б T-5201;;;;;;
52LI006.A4;;AI;спнбемэ нроюпеммюни бндш б T-5201;;;;;;
52LI008.PV;;AI;спнбемэ йхякни бндш б V-5201;;;;;;
52LI008.SP;;AI;спнбемэ йхякни бндш б V-5201;;;;;;
52LI008.A4;;AI;спнбемэ йхякни бндш б V-5201;;;;;;
52LI011.PV;;AI;спнбемэ йхякни бндш б V-5202;;;;;;
52LI011.SP;;AI;спнбемэ йхякни бндш б V-5202;;;;;;
52LI011.A4;;AI;спнбемэ йхякни бндш б V-5202;;;;;;
52LI013.PV;;AI;спнбемэ йхякни бндш б F-5101;;;;;;
52LI013.SP;;AI;спнбемэ йхякни бндш б F-5101;;;;;;
52LI013.A4;;AI;спнбемэ йхякни бндш б F-5101;;;;;;
52LI015.PV;;AI;спнбемэ йхякни бндш мю опх╗ле п-5201;;;;;;
52LI015.A4;;AI;спнбемэ йхякни бндш мю опх╗ле п-5201;;;;;;
52LI016.PV;;AI;спнбемэ йхякни бндш мю опх╗ле п-5201S;;;;;;
52LI016.SP;;AI;спнбемэ йхякни бндш мю опх╗ле п-5201S;;;;;;
52LI016.A4;;AI;спнбемэ йхякни бндш мю опх╗ле п-5201S;;;;;;
52PI056.PV;;AI;дюбкемхе мю мюцмерюмхх P-5205;;;;;;
52PI056.SP;;AI;дюбкемхе мю мюцмерюмхх P-5205;;;;;;
52PI056.A1;;AI;дюбкемхе мю мюцмерюмхх P-5205;;;;;;
52PI057.PV;;AI;дюбкемхе мю мюцмерюмхх P-5205S;;;;;;
52PI057.SP;;AI;дюбкемхе мю мюцмерюмхх P-5205S;;;;;;
52PI057.A1;;AI;дюбкемхе мю мюцмерюмхх P-5205S;;;;;;
52PI058.PV;;AI;дюбкемхе мю мюцмерюмхх P-5206;;;;;;
52PI058.SP;;AI;дюбкемхе мю мюцмерюмхх P-5206;;;;;;
52PI058.A1;;AI;дюбкемхе мю мюцмерюмхх P-5206;;;;;;
51TI801.PV;;AI;релоепюрспю б й-5160;;;;;;
51TI801.SP;;AI;релоепюрспю б й-5160;;;;;;
51TI801.A1;;AI;релоепюрспю б й-5160;;;;;;
52PI059.PV;;AI;дюбкемхе мю мюцмерюмхх P-5206S;;;;;;
52PI059.SP;;AI;дюбкемхе мю мюцмерюмхх P-5206S;;;;;;
52PI059.A1;;AI;дюбкемхе мю мюцмерюмхх P-5206S;;;;;;
52TI905B.PV;;AI;релоепюрспю оепедмецн ондьхомхйю п-5204;;;;;;
52TI905B.SP;;AI;релоепюрспю оепедмецн ондьхомхйю п-5204;;;;;;
52TI905B.A1;;AI;релоепюрспю оепедмецн ондьхомхйю п-5204;;;;;;
52TI907A.PV;;AI;релоепюрспю онкебнцн ондьхомхйю п-5204S;;;;;;
52TI907A.SP;;AI;релоепюрспю онкебнцн ондьхомхйю п-5204S;;;;;;
52TI907A.A1;;AI;релоепюрспю онкебнцн ондьхомхйю п-5204S;;;;;;
52TI907B.PV;;AI;релоепюрспю оепедмецн ондьхомхйю п-5204S;;;;;;
52TI907B.SP;;AI;релоепюрспю оепедмецн ондьхомхйю п-5204S;;;;;;
52TI907B.A1;;AI;релоепюрспю оепедмецн ондьхомхйю п-5204S;;;;;;
52TI991A.PV;;AI;релоепюрспю онкебнцн ондьхомхйю п-5201;;;;;;
52TI991A.SP;;AI;релоепюрспю онкебнцн ондьхомхйю п-5201;;;;;;
52TI991A.A1;;AI;релоепюрспю онкебнцн ондьхомхйю п-5201;;;;;;
52TI991B.PV;;AI;релоепюрспю оепедмецн ондьхомхйю п-5201;;;;;;
52TI991B.SP;;AI;релоепюрспю оепедмецн ондьхомхйю п-5201;;;;;;
52TI991B.A1;;AI;релоепюрспю оепедмецн ондьхомхйю п-5201;;;;;;
52TI992A.PV;;AI;релоепюрспю онкебнцн ондьхомхйю п-5201S;;;;;;
52TI992A.SP;;AI;релоепюрспю онкебнцн ондьхомхйю п-5201S;;;;;;
52TI992A.A1;;AI;релоепюрспю онкебнцн ондьхомхйю п-5201S;;;;;;
52TI992B.PV;;AI;релоепюрспю оепедмецн ондьхомхйю п-5201S;;;;;;
52TI992B.SP;;AI;релоепюрспю оепедмецн ондьхомхйю п-5201S;;;;;;
52TI992B.A1;;AI;релоепюрспю оепедмецн ондьхомхйю п-5201S;;;;;;
52TI995A.PV;;AI;релоепюрспю онкебнцн ондьхомхйю п-5203;;;;;;
52TI995A.SP;;AI;релоепюрспю онкебнцн ондьхомхйю п-5203;;;;;;
52TI995A.A1;;AI;релоепюрспю онкебнцн ондьхомхйю п-5203;;;;;;
52TI995B.PV;;AI;релоепюрспю оепедмецн ондьхомхйю п-5203;;;;;;
52TI995B.SP;;AI;релоепюрспю оепедмецн ондьхомхйю п-5203;;;;;;
52TI995B.A1;;AI;релоепюрспю оепедмецн ондьхомхйю п-5203;;;;;;
52TI996A.PV;;AI;релоепюрспю онкебнцн ондьхомхйю п-5203S;;;;;;
52TI996A.SP;;AI;релоепюрспю онкебнцн ондьхомхйю п-5203S;;;;;;
52TI996A.A1;;AI;релоепюрспю онкебнцн ондьхомхйю п-5203S;;;;;;
52TI996B.PV;;AI;релоепюрспю оепедмецн ондьхомхйю п-5203S;;;;;;
52TI996B.SP;;AI;релоепюрспю оепедмецн ондьхомхйю п-5203S;;;;;;
52TI996B.A1;;AI;релоепюрспю оепедмецн ондьхомхйю п-5203S;;;;;;
51TI080B.PV;;AI;р мюцмерюмхъ 1-ни ярсоемх я-5140,S;;;;;;
51TI080B.SP;;AI;р мюцмерюмхъ 1-ни ярсоемх я-5140,S;;;;;;
51TI080B.A1;;AI;р мюцмерюмхъ 1-ни ярсоемх я-5140,S;;;;;;
51TI081B.PV;;AI;р мюцмерюмхъ 2-ни ярсоемх я-5140,S;;;;;;
51TI081B.SP;;AI;р мюцмерюмхъ 2-ни ярсоемх я-5140,S;;;;;;
51TI081B.A1;;AI;р мюцмерюмхъ 2-ни ярсоемх я-5140,S;;;;;;
51TI091.PV;;AI;T мюцпебюрекэмнцн щкелемрю й-5160;;;;;;
51TI091.SP;;AI;T мюцпебюрекэмнцн щкелемрю й-5160;;;;;;
51TI091.A1;;AI;T мюцпебюрекэмнцн щкелемрю й-5160;;;;;;
51TI826C.PV;;AI;р цюгю мю мюцмерюмхх жхкхмдп 1 C-5140;;;;;;
51TI826C.SP;;AI;р цюгю мю мюцмерюмхх жхкхмдп 1 C-5140;;;;;;
51TI826C.A1;;AI;р цюгю мю мюцмерюмхх жхкхмдп 1 C-5140;;;;;;
51TI826D.PV;;AI;р цюгю мю мюцмерюмхх жхкхмдп 2 C-5140;;;;;;
51TI826D.SP;;AI;р цюгю мю мюцмерюмхх жхкхмдп 2 C-5140;;;;;;
51TI826D.A1;;AI;р цюгю мю мюцмерюмхх жхкхмдп 2 C-5140;;;;;;
51TI834D.PV;;AI;релоепюрспю люякю б йюпрепе C-5140;;;;;;
51TI834D.SP;;AI;релоепюрспю люякю б йюпрепе C-5140;;;;;;
51TI834D.A1;;AI;релоепюрспю люякю б йюпрепе C-5140;;;;;;
51TI834E.PV;;AI;р цкюбмнцн онкебнцн ондьхомхйю C-5140;;;;;;
51TI834E.SP;;AI;р цкюбмнцн онкебнцн ондьхомхйю C-5140;;;;;;
51TI834E.A1;;AI;р цкюбмнцн онкебнцн ондьхомхйю C-5140;;;;;;
51TI834F.PV;;AI;р цкюбмнцн оепедмецн ондьхомхйю C-5140;;;;;;
51TI834F.SP;;AI;р цкюбмнцн оепедмецн ондьхомхйю C-5140;;;;;;
51TI834F.A1;;AI;р цкюбмнцн оепедмецн ондьхомхйю C-5140;;;;;;
51TI876C.PV;;AI;р цюгю мю мюцмерюмхх жхкхмдп 1 C-5140S;;;;;;
51TI876C.SP;;AI;р цюгю мю мюцмерюмхх жхкхмдп 1 C-5140S;;;;;;
51TI876C.A1;;AI;р цюгю мю мюцмерюмхх жхкхмдп 1 C-5140S;;;;;;
51TI876D.PV;;AI;р цюгю мю мюцмерюмхх жхкхмдп 2 C-5140S;;;;;;
51TI876D.SP;;AI;р цюгю мю мюцмерюмхх жхкхмдп 2 C-5140S;;;;;;
51TI876D.A1;;AI;р цюгю мю мюцмерюмхх жхкхмдп 2 C-5140S;;;;;;
51TI884D.PV;;AI;релоепюрспю люякю б йюпрепе C-5140S;;;;;;
51TI884D.SP;;AI;релоепюрспю люякю б йюпрепе C-5140S;;;;;;
51TI884D.A1;;AI;релоепюрспю люякю б йюпрепе C-5140S;;;;;;
51TI884E.PV;;AI;р цкюбмнцн онкебнцн ондьхомхйю C-5140S;;;;;;
51TI884E.SP;;AI;р цкюбмнцн онкебнцн ондьхомхйю C-5140S;;;;;;
51TI884E.A1;;AI;р цкюбмнцн онкебнцн ондьхомхйю C-5140S;;;;;;
51TI884F.PV;;AI;р цкюбмнцн оепедмецн ондьхомхйю C-5140S;;;;;;
51TI884F.SP;;AI;р цкюбмнцн оепедмецн ондьхомхйю C-5140S;;;;;;
51TI884F.A1;;AI;р цкюбмнцн оепедмецн ондьхомхйю C-5140S;;;;;;
51TI901A.PV;;AI;релоепюрспю онкебнцн ондьхомхйю п-5103;;;;;;
51TI901A.SP;;AI;релоепюрспю онкебнцн ондьхомхйю п-5103;;;;;;
51TI901A.A1;;AI;релоепюрспю онкебнцн ондьхомхйю п-5103;;;;;;
51TI901B.PV;;AI;релоепюрспю оепедмецн ондьхомхйю п-5103;;;;;;
51TI901B.SP;;AI;релоепюрспю оепедмецн ондьхомхйю п-5103;;;;;;
51TI901B.A1;;AI;релоепюрспю оепедмецн ондьхомхйю п-5103;;;;;;
52PI061.PV;;AI;дюбкемхе мю мюцмерюмхх P-5207;;;;;;
52PI061.SP;;AI;дюбкемхе мю мюцмерюмхх P-5207;;;;;;
52PI061.A1;;AI;дюбкемхе мю мюцмерюмхх P-5207;;;;;;
52PI063.PV;;AI;дюбкемхе мю мюцмерюмхх P-5207S;;;;;;
52PI063.SP;;AI;дюбкемхе мю мюцмерюмхх P-5207S;;;;;;
52PI063.A1;;AI;дюбкемхе мю мюцмерюмхх P-5207S;;;;;;
51TI988A.PV;;AI;релоепюрспю онкебнцн ондьхомхйю P-5110S;;;;;;
51TI988A.SP;;AI;релоепюрспю онкебнцн ондьхомхйю P-5110S;;;;;;
51TI988A.A1;;AI;релоепюрспю онкебнцн ондьхомхйю P-5110S;;;;;;
51TI988B.PV;;AI;релоепюрспю оепедмецн ондьхомхйю п-5110S;;;;;;
51TI988B.SP;;AI;релоепюрспю оепедмецн ондьхомхйю п-5110S;;;;;;
51TI988B.A1;;AI;релоепюрспю оепедмецн ондьхомхйю п-5110S;;;;;;
51TI991A.PV;;AI;релоепюрспю онкебнцн ондьхомхйю P-5120;;;;;;
51TI991A.SP;;AI;релоепюрспю онкебнцн ондьхомхйю P-5120;;;;;;
51TI991A.A1;;AI;релоепюрспю онкебнцн ондьхомхйю P-5120;;;;;;
51LI061.PV;;AI;спнбемэ яфхфеммнцн юллхюйю б V-5150;;;;;;
51LI061.SP;;AI;спнбемэ яфхфеммнцн юллхюйю б V-5150;;;;;;
51LI061.A4;;AI;спнбемэ яфхфеммнцн юллхюйю б V-5150;;;;;;
51LI063.PV;;AI;спнбемэ метреопндсйрю б V-5161;;;;;;
51LI063.SP;;AI;спнбемэ метреопндсйрю б V-5161;;;;;;
51LI063.A4;;AI;спнбемэ метреопндсйрю б V-5161;;;;;;
51LI066.PV;;AI;спнбемэ йхякни бндш+метреоп. б F-5100;;;;;;
51LI066.SP;;AI;спнбемэ йхякни бндш+метреоп. б F-5100;;;;;;
51LI066.A1;;AI;спнбемэ йхякни бндш+метреоп. б F-5100;;;;;;
51LI066.A4;;AI;спнбемэ йхякни бндш+метреоп. б F-5100;;;;;;
51PDI838A.PV;;AI;оепеоюд п цюгю он 1-ни ярсоемх C-5140;;;;;;
51PDI838A.SP;;AI;оепеоюд п цюгю он 1-ни ярсоемх C-5140;;;;;;
51PDI838A.A1;;AI;оепеоюд п цюгю он 1-ни ярсоемх C-5140;;;;;;
51PDI838B.PV;;AI;оепеоюд п цюгю он 2-ни ярсоемх C-5140;;;;;;
51PDI838B.SP;;AI;оепеоюд п цюгю он 2-ни ярсоемх C-5140;;;;;;
51PDI838B.A1;;AI;оепеоюд п цюгю он 2-ни ярсоемх C-5140;;;;;;
51PDI888A.PV;;AI;оепеоюд п цюгю он 1-ни ярсоемх C-5140S;;;;;;
51PDI888A.SP;;AI;оепеоюд п цюгю он 1-ни ярсоемх C-5140S;;;;;;
51PDI888A.A1;;AI;оепеоюд п цюгю он 1-ни ярсоемх C-5140S;;;;;;
51TI991B.PV;;AI;релоепюрспю оепедмецн ондьхомхйю п-5120;;;;;;
51TI991B.SP;;AI;релоепюрспю оепедмецн ондьхомхйю п-5120;;;;;;
51TI991B.A1;;AI;релоепюрспю оепедмецн ондьхомхйю п-5120;;;;;;
52PI993.PV;;AI;дюбкемхе б сокнрмемхх мюяняю P-5201S;;;;;;
52PI993.SP;;AI;дюбкемхе б сокнрмемхх мюяняю P-5201S;;;;;;
52TI901A.PV;;AI;релоепюрспю онкебнцн ондьхомхйю п-5202;;;;;;
52TI901A.SP;;AI;релоепюрспю онкебнцн ондьхомхйю п-5202;;;;;;
52TI901A.A1;;AI;релоепюрспю онкебнцн ондьхомхйю п-5202;;;;;;
52TI901B.PV;;AI;релоепюрспю оепедмецн ондьхомхйю п-5202;;;;;;
52TI901B.SP;;AI;релоепюрспю оепедмецн ондьхомхйю п-5202;;;;;;
52TI901B.A1;;AI;релоепюрспю оепедмецн ондьхомхйю п-5202;;;;;;
52TI903A.PV;;AI;релоепюрспю онкебнцн ондьхомхйю п-5202S;;;;;;
52TI903A.SP;;AI;релоепюрспю онкебнцн ондьхомхйю п-5202S;;;;;;
52TI903A.A1;;AI;релоепюрспю онкебнцн ондьхомхйю п-5202S;;;;;;
52TI903B.PV;;AI;релоепюрспю оепедмецн ондьхомхйю п-5202S;;;;;;
52TI903B.SP;;AI;релоепюрспю оепедмецн ондьхомхйю п-5202S;;;;;;
52TI903B.A1;;AI;релоепюрспю оепедмецн ондьхомхйю п-5202S;;;;;;
52TI905A.PV;;AI;релоепюрспю онкебнцн ондьхомхйю п-5204;;;;;;
52TI905A.SP;;AI;релоепюрспю онкебнцн ондьхомхйю п-5204;;;;;;
52TI905A.A1;;AI;релоепюрспю онкебнцн ондьхомхйю п-5204;;;;;;
IB511_ESD1_RT1_B.PV;;AI;ярюпр REPAIR TIMER CP1;;;;;;
IB511_ESD1_RT2_B.PV;;AI;ярюпр REPAIR TIMER CP2;;;;;;
51PI879B.PV;;AI;п опълни нук бндш мю жхкхмдпш C-5140S;;;;;;
51PI879B.SP;;AI;п опълни нук бндш мю жхкхмдпш C-5140S;;;;;;
51PI879B.A4;;AI;п опълни нук бндш мю жхкхмдпш C-5140S;;;;;;
51PI883B.PV;;AI;дюбкемхе люякю оняке тхкэрпнб C-5140S-S1,S1S;;;;;;
51PI883B.SP;;AI;дюбкемхе люякю оняке тхкэрпнб C-5140S-S1,S1S;;;;;;
51PI883B.A1;;AI;дюбкемхе люякю оняке тхкэрпнб C-5140S-S1,S1S;;;;;;
51PI883B.A4;;AI;дюбкемхе люякю оняке тхкэрпнб C-5140S-S1,S1S;;;;;;
51PI885A.PV;;AI;п цюгю мю бунде б жхкхмдп 1 C-5140S;;;;;;
51PI885A.SP;;AI;п цюгю мю бунде б жхкхмдп 1 C-5140S;;;;;;
51PI885A.A1;;AI;п цюгю мю бунде б жхкхмдп 1 C-5140S;;;;;;
51PI885A.A4;;AI;п цюгю мю бунде б жхкхмдп 1 C-5140S;;;;;;
51PI885B.PV;;AI;п цюгю мю бунде б жхкхмдп 2 C-5140S;;;;;;
51PI885B.SP;;AI;п цюгю мю бунде б жхкхмдп 2 C-5140S;;;;;;
51PI885B.A1;;AI;п цюгю мю бунде б жхкхмдп 2 C-5140S;;;;;;
51PI885B.A4;;AI;п цюгю мю бунде б жхкхмдп 2 C-5140S;;;;;;
51PI890A.PV;;AI;п цюгю мю мюцмерюмхх жхкхмдп 1 C-5140S;;;;;;
51PI890A.SP;;AI;п цюгю мю мюцмерюмхх жхкхмдп 1 C-5140S;;;;;;
51PI890A.A1;;AI;п цюгю мю мюцмерюмхх жхкхмдп 1 C-5140S;;;;;;
51PI890B.PV;;AI;п цюгю мю мюцмерюмхх жхкхмдп 2 C-5140S;;;;;;
51PI890B.SP;;AI;п цюгю мю мюцмерюмхх жхкхмдп 2 C-5140S;;;;;;
51PI890B.A1;;AI;п цюгю мю мюцмерюмхх жхкхмдп 2 C-5140S;;;;;;
51PI893.PV;;AI;п опндсбнвмнцн цюгю-югнрю C-5140S;;;;;;
51PI893.SP;;AI;п опндсбнвмнцн цюгю-югнрю C-5140S;;;;;;
51PI893.A4;;AI;п опндсбнвмнцн цюгю-югнрю C-5140S;;;;;;
52PI067.PV;;AI;дюбкемхе мю мюцмерюмхх P-5208S;;;;;;
52PI067.SP;;AI;дюбкемхе мю мюцмерюмхх P-5208S;;;;;;
52PI067.A1;;AI;дюбкемхе мю мюцмерюмхх P-5208S;;;;;;
52PI090.PV;;AI;дюбкемхе мю мюцмерюмхх P-5202;;;;;;
52PI090.SP;;AI;дюбкемхе мю мюцмерюмхх P-5202;;;;;;
52PI090.A1;;AI;дюбкемхе мю мюцмерюмхх P-5202;;;;;;
51LI039.PV;;AI;спнбемэ метреопндсйрю б V-5102;;;;;;
51LI039.SP;;AI;спнбемэ метреопндсйрю б V-5102;;;;;;
51LI039.A4;;AI;спнбемэ метреопндсйрю б V-5102;;;;;;
51LI040.PV;;AI;спнбемэ метреопндсйрю б V-5103;;;;;;
51LI040.SP;;AI;спнбемэ метреопндсйрю б V-5103;;;;;;
51LI040.A4;;AI;спнбемэ метреопндсйрю б V-5103;;;;;;
51LI047.PV;;AI;спнбемэ йхякни бндш б р-5110;;;;;;
51LI047.SP;;AI;спнбемэ йхякни бндш б р-5110;;;;;;
51LI047.A4;;AI;спнбемэ йхякни бндш б р-5110;;;;;;
51PI835A.PV;;AI;п цюгю мю бунде б жхкхмдп 1 C-5140;;;;;;
51PI835A.SP;;AI;п цюгю мю бунде б жхкхмдп 1 C-5140;;;;;;
51PI835A.A1;;AI;п цюгю мю бунде б жхкхмдп 1 C-5140;;;;;;
51PI835A.A4;;AI;п цюгю мю бунде б жхкхмдп 1 C-5140;;;;;;
51PI835B.PV;;AI;п цюгю мю бунде б жхкхмдп 2 C-5140;;;;;;
51PI835B.SP;;AI;п цюгю мю бунде б жхкхмдп 2 C-5140;;;;;;
51PI835B.A1;;AI;п цюгю мю бунде б жхкхмдп 2 C-5140;;;;;;
51PI835B.A4;;AI;п цюгю мю бунде б жхкхмдп 2 C-5140;;;;;;
51PI840A.PV;;AI;п цюгю мю мюцмерюмхх жхкхмдп 1 C-5140;;;;;;
51PI840A.SP;;AI;п цюгю мю мюцмерюмхх жхкхмдп 1 C-5140;;;;;;
51PI840A.A1;;AI;п цюгю мю мюцмерюмхх жхкхмдп 1 C-5140;;;;;;
51TI909A.PV;;AI;релоепюрспю онкебнцн ондьхомхйю P-5115S;;;;;;
51TI909A.SP;;AI;релоепюрспю онкебнцн ондьхомхйю P-5115S;;;;;;
51TI909A.A1;;AI;релоепюрспю онкебнцн ондьхомхйю P-5115S;;;;;;
51TI909B.PV;;AI;релоепюрспю оепедмецн ондьхомхйю п-5115S;;;;;;
51TI909B.SP;;AI;релоепюрспю оепедмецн ондьхомхйю п-5115S;;;;;;
51TI909B.A1;;AI;релоепюрспю оепедмецн ондьхомхйю п-5115S;;;;;;
51TI911A.PV;;AI;релоепюрспю онкебнцн ондьхомхйю P-5121;;;;;;
51TI911A.SP;;AI;релоепюрспю онкебнцн ондьхомхйю P-5121;;;;;;
51TI911A.A1;;AI;релоепюрспю онкебнцн ондьхомхйю P-5121;;;;;;
51TI984B.PV;;AI;релоепюрспю оепедмецн ондьхомхйю п-5102S;;;;;;
51TI984B.SP;;AI;релоепюрспю оепедмецн ондьхомхйю п-5102S;;;;;;
51TI984B.A1;;AI;релоепюрспю оепедмецн ондьхомхйю п-5102S;;;;;;
51TI987A.PV;;AI;релоепюрспю онкебнцн ондьхомхйю P-5110;;;;;;
51TI987A.SP;;AI;релоепюрспю онкебнцн ондьхомхйю P-5110;;;;;;
51TI987A.A1;;AI;релоепюрспю онкебнцн ондьхомхйю P-5110;;;;;;
51TI987B.PV;;AI;релоепюрспю оепедмецн ондьхомхйю п-5110;;;;;;
51TI987B.SP;;AI;релоепюрспю оепедмецн ондьхомхйю п-5110;;;;;;
51TI987B.A1;;AI;релоепюрспю оепедмецн ондьхомхйю п-5110;;;;;;
51PI840B.PV;;AI;п цюгю мю мюцмерюмхх жхкхмдп 2 C-5140;;;;;;
51PI840B.SP;;AI;п цюгю мю мюцмерюмхх жхкхмдп 2 C-5140;;;;;;
51PI840B.A1;;AI;п цюгю мю мюцмерюмхх жхкхмдп 2 C-5140;;;;;;
51PI868.PV;;AI;п опндсбнвмнцн цюгю-югнрю C-5140;;;;;;
51PI868.SP;;AI;п опндсбнвмнцн цюгю-югнрю C-5140;;;;;;
51PI868.A4;;AI;п опндсбнвмнцн цюгю-югнрю C-5140;;;;;;
52PI065.PV;;AI;дюбкемхе мю мюцмерюмхх P-5208;;;;;;
52PI065.SP;;AI;дюбкемхе мю мюцмерюмхх P-5208;;;;;;
52PI065.A1;;AI;дюбкемхе мю мюцмерюмхх P-5208;;;;;;
51TI905B.PV;;AI;релоепюрспю оепедмецн ондьхомхйю п-5109;;;;;;
51TI905B.SP;;AI;релоепюрспю оепедмецн ондьхомхйю п-5109;;;;;;
51TI905B.A1;;AI;релоепюрспю оепедмецн ондьхомхйю п-5109;;;;;;
51TI907A.PV;;AI;релоепюрспю онкебнцн ондьхомхйю P5115;;;;;;
51TI907A.SP;;AI;релоепюрспю онкебнцн ондьхомхйю P5115;;;;;;
51TI907A.A1;;AI;релоепюрспю онкебнцн ондьхомхйю P5115;;;;;;
51TI907B.PV;;AI;релоепюрспю оепедмецн ондьхомхйю п-5115;;;;;;
51TI907B.SP;;AI;релоепюрспю оепедмецн ондьхомхйю п-5115;;;;;;
51TI907B.A1;;AI;релоепюрспю оепедмецн ондьхомхйю п-5115;;;;;;
51LI055.PV;;AI;спнбемэ п-пю NAOH б р-5131;;;;;;
51LI055.SP;;AI;спнбемэ п-пю NAOH б р-5131;;;;;;
51LI055.A4;;AI;спнбемэ п-пю NAOH б р-5131;;;;;;
51LI057.PV;;AI;L H2O б V-5140 (опх╗л 1-ни яр. C-5140,S);;;;;;
51LI057.SP;;AI;L H2O б V-5140 (опх╗л 1-ни яр. C-5140,S);;;;;;
51LI057.A1;;AI;L H2O б V-5140 (опх╗л 1-ни яр. C-5140,S);;;;;;
51LI059.PV;;AI;L H2O б V-5141 (опх╗л 2-ни яр. C-5140,S);;;;;;
51LI059.SP;;AI;L H2O б V-5141 (опх╗л 2-ни яр. C-5140,S);;;;;;
51LI059.A1;;AI;L H2O б V-5141 (опх╗л 2-ни яр. C-5140,S);;;;;;
51PDI888B.PV;;AI;оепеоюд п цюгю он 2-ни ярсоемх C-5140S;;;;;;
51PDI888B.SP;;AI;оепеоюд п цюгю он 2-ни ярсоемх C-5140S;;;;;;
51PDI888B.A1;;AI;оепеоюд п цюгю он 2-ни ярсоемх C-5140S;;;;;;
51PI080.PV;;AI;дюбкемхе мю мюцмерюмхх п-5105;;;;;;
51PI080.SP;;AI;дюбкемхе мю мюцмерюмхх п-5105;;;;;;
51PI080.A1;;AI;дюбкемхе мю мюцмерюмхх п-5105;;;;;;
51PI081.PV;;AI;дюбкемхе мю мюцмерюмхх п-5105S;;;;;;
51PI081.SP;;AI;дюбкемхе мю мюцмерюмхх п-5105S;;;;;;
51PI081.A1;;AI;дюбкемхе мю мюцмерюмхх п-5105S;;;;;;
51FI035.PV;;AI;пюяунд югнрю м.д. мю бунде б й-5160;;;;;;
51FI035.SP;;AI;пюяунд югнрю м.д. мю бунде б й-5160;;;;;;
51FI035.A4;;AI;пюяунд югнрю м.д. мю бунде б й-5160;;;;;;
51FI827A.PV;;AI;пюяунд нап. нук. бндш жхкхмдп 1 C-5140;;;;;;
51FI827A.SP;;AI;пюяунд нап. нук. бндш жхкхмдп 1 C-5140;;;;;;
51FI827A.A4;;AI;пюяунд нап. нук. бндш жхкхмдп 1 C-5140;;;;;;
51FI827B.PV;;AI;пюяунд нап. нук. бндш жхкхмдп 2 C-5140;;;;;;
51FI827B.SP;;AI;пюяунд нап. нук. бндш жхкхмдп 2 C-5140;;;;;;
51FI827B.A4;;AI;пюяунд нап. нук. бндш жхкхмдп 2 C-5140;;;;;;
51FI877A.PV;;AI;пюяунд нап. нук. бндш жхкхмдп 1 C-5140S;;;;;;
51FI877A.SP;;AI;пюяунд нап. нук. бндш жхкхмдп 1 C-5140S;;;;;;
51FI877A.A4;;AI;пюяунд нап. нук. бндш жхкхмдп 1 C-5140S;;;;;;
51FI877B.PV;;AI;пюяунд нап. нук. бндш жхкхмдп 2 C-5140S;;;;;;
51FI877B.SP;;AI;пюяунд нап. нук. бндш жхкхмдп 2 C-5140S;;;;;;
51FI877B.A4;;AI;пюяунд нап. нук. бндш жхкхмдп 2 C-5140S;;;;;;
51LI037.PV;;AI;спнбемэ йхякни бндш б V-5102;;;;;;
51LI037.SP;;AI;спнбемэ йхякни бндш б V-5102;;;;;;
51LI037.A4;;AI;спнбемэ йхякни бндш б V-5102;;;;;;
52PI091.PV;;AI;дюбкемхе мю мюцмерюмхх P-5202S;;;;;;
52PI091.SP;;AI;дюбкемхе мю мюцмерюмхх P-5202S;;;;;;
52PI091.A1;;AI;дюбкемхе мю мюцмерюмхх P-5202S;;;;;;
51TI903A.PV;;AI;релоепюрспю онкебнцн ондьхомхйю P-5108;;;;;;
51TI903A.SP;;AI;релоепюрспю онкебнцн ондьхомхйю P-5108;;;;;;
51TI903A.A1;;AI;релоепюрспю онкебнцн ондьхомхйю P-5108;;;;;;
51TI903B.PV;;AI;релоепюрспю оепедмецн ондьхомхйю п-5108;;;;;;
51TI903B.SP;;AI;релоепюрспю оепедмецн ондьхомхйю п-5108;;;;;;
51TI903B.A1;;AI;релоепюрспю оепедмецн ондьхомхйю п-5108;;;;;;
51TI905A.PV;;AI;релоепюрспю онкебнцн ондьхомхйю P-5109;;;;;;
51TI905A.SP;;AI;релоепюрспю онкебнцн ондьхомхйю P-5109;;;;;;
51TI905A.A1;;AI;релоепюрспю онкебнцн ондьхомхйю P-5109;;;;;;
51LI049.PV;;AI;спнбемэ нроюпеммни бндш р-5120;;;;;;
51LI049.SP;;AI;спнбемэ нроюпеммни бндш р-5120;;;;;;
51LI049.A4;;AI;спнбемэ нроюпеммни бндш р-5120;;;;;;
51LI051.PV;;AI;спнбемэ йхякни бндш б V-5121;;;;;;
51LI051.SP;;AI;спнбемэ йхякни бндш б V-5121;;;;;;
51LI051.A4;;AI;спнбемэ йхякни бндш б V-5121;;;;;;
51LI053.PV;;AI;спнбемэ нроюпеммни бндш б р-5130;;;;;;
51LI053.SP;;AI;спнбемэ нроюпеммни бндш б р-5130;;;;;;
51LI053.A4;;AI;спнбемэ нроюпеммни бндш б р-5130;;;;;;
51PI082.PV;;AI;дюбкемхе мю мюцмерюмхх п-5106;;;;;;
51PI082.SP;;AI;дюбкемхе мю мюцмерюмхх п-5106;;;;;;
51PI082.A1;;AI;дюбкемхе мю мюцмерюмхх п-5106;;;;;;
51PI829B.PV;;AI;п опълни нук. бндш мю жхкхмдпш C-5140;;;;;;
51PI829B.SP;;AI;п опълни нук. бндш мю жхкхмдпш C-5140;;;;;;
51PI829B.A4;;AI;п опълни нук. бндш мю жхкхмдпш C-5140;;;;;;
51PI833B.PV;;AI;дюбкемхе люякю оняке тхкэрпнб C-5140-S1,S1S;;;;;;
51PI833B.SP;;AI;дюбкемхе люякю оняке тхкэрпнб C-5140-S1,S1S;;;;;;
51PI833B.A1;;AI;дюбкемхе люякю оняке тхкэрпнб C-5140-S1,S1S;;;;;;
51PI833B.A4;;AI;дюбкемхе люякю оняке тхкэрпнб C-5140-S1,S1S;;;;;;
51TI911B.PV;;AI;релоепюрспю оепедмецн ондьхомхйю п-5121;;;;;;
51TI911B.SP;;AI;релоепюрспю оепедмецн ондьхомхйю п-5121;;;;;;
51TI911B.A1;;AI;релоепюрспю оепедмецн ондьхомхйю п-5121;;;;;;
51TI913A.PV;;AI;релоепюрспю онкебнцн ондьхомхйю P-5121S;;;;;;
51TI913A.SP;;AI;релоепюрспю онкебнцн ондьхомхйю P-5121S;;;;;;
51TI913A.A1;;AI;релоепюрспю онкебнцн ондьхомхйю P-5121S;;;;;;
51TI913B.PV;;AI;релоепюрспю оепедмецн ондьхомхйю п-5121S;;;;;;
51TI913B.SP;;AI;релоепюрспю оепедмецн ондьхомхйю п-5121S;;;;;;
51TI913B.A1;;AI;релоепюрспю оепедмецн ондьхомхйю п-5121S;;;;;;
51TI915A.PV;;AI;релоепюрспю онкебнцн ондьхомхйю P-5130;;;;;;
51TI915A.SP;;AI;релоепюрспю онкебнцн ондьхомхйю P-5130;;;;;;
51TI915A.A1;;AI;релоепюрспю онкебнцн ондьхомхйю P-5130;;;;;;
51TI915B.PV;;AI;релоепюрспю оепедмецн ондьхомхйю п-5130;;;;;;
51TI915B.SP;;AI;релоепюрспю оепедмецн ондьхомхйю п-5130;;;;;;
51TI915B.A1;;AI;релоепюрспю оепедмецн ондьхомхйю п-5130;;;;;;
51TI917A.PV;;AI;релоепюрспю онкебнцн ондьхомхйю P-5130S;;;;;;
51TI917A.SP;;AI;релоепюрспю онкебнцн ондьхомхйю P-5130S;;;;;;
51TI917A.A1;;AI;релоепюрспю онкебнцн ондьхомхйю P-5130S;;;;;;
51TI917B.PV;;AI;релоепюрспю оепедмецн ондьхомхйю п-5130S;;;;;;
51TI917B.SP;;AI;релоепюрспю оепедмецн ондьхомхйю п-5130S;;;;;;
51TI917B.A1;;AI;релоепюрспю оепедмецн ондьхомхйю п-5130S;;;;;;
51TI921.PV;;AI;релоепюрспю онкебнцн ондьхомхйю P-5161;;;;;;
51TI921.SP;;AI;релоепюрспю онкебнцн ондьхомхйю P-5161;;;;;;
51TI921.A1;;AI;релоепюрспю онкебнцн ондьхомхйю P-5161;;;;;;
51TI922.PV;;AI;релоепюрспю оепедмецн ондьхомхйю п-5161;;;;;;
51TI922.SP;;AI;релоепюрспю оепедмецн ондьхомхйю п-5161;;;;;;
51TI922.A1;;AI;релоепюрспю оепедмецн ондьхомхйю п-5161;;;;;;
51TI926.PV;;AI;релоепюрспю оепедмецн ондьхомхйю P-5150;;;;;;
51TI926.SP;;AI;релоепюрспю оепедмецн ондьхомхйю P-5150;;;;;;
51TI926.A1;;AI;релоепюрспю оепедмецн ондьхомхйю P-5150;;;;;;
51TI927.PV;;AI;релоепюрспю онкебнцн ондьхомхйю п-5150;;;;;;
51TI927.SP;;AI;релоепюрспю онкебнцн ондьхомхйю п-5150;;;;;;
51TI927.A1;;AI;релоепюрспю онкебнцн ондьхомхйю п-5150;;;;;;
51TI936.PV;;AI;релоепюрспю оепедмецн ондьхомхйю P-5150S;;;;;;
51TI936.SP;;AI;релоепюрспю оепедмецн ондьхомхйю P-5150S;;;;;;
51TI936.A1;;AI;релоепюрспю оепедмецн ондьхомхйю P-5150S;;;;;;
51TI937.PV;;AI;релоепюрспю онкебнцн ондьхомхйю п-5150S;;;;;;
51TI937.SP;;AI;релоепюрспю онкебнцн ондьхомхйю п-5150S;;;;;;
51TI937.A1;;AI;релоепюрспю онкебнцн ондьхомхйю п-5150S;;;;;;
51TI971.PV;;AI;релоепюрспю оепедмецн ондьхомхйю п-5101;;;;;;
51TI971.SP;;AI;релоепюрспю оепедмецн ондьхомхйю п-5101;;;;;;
51TI971.A1;;AI;релоепюрспю оепедмецн ондьхомхйю п-5101;;;;;;
51TI979A.PV;;AI;релоепюрспю онкебнцн ондьхомхйю P-5100;;;;;;
51TI979A.SP;;AI;релоепюрспю онкебнцн ондьхомхйю P-5100;;;;;;
51TI979A.A1;;AI;релоепюрспю онкебнцн ондьхомхйю P-5100;;;;;;
51TI979B.PV;;AI;релоепюрспю оепедмецн ондьхомхйю п-5100;;;;;;
51TI979B.SP;;AI;релоепюрспю оепедмецн ондьхомхйю п-5100;;;;;;
51TI979B.A1;;AI;релоепюрспю оепедмецн ондьхомхйю п-5100;;;;;;
51TI980A.PV;;AI;релоепюрспю онкебнцн ондьхомхйю P-5100S;;;;;;
51TI980A.SP;;AI;релоепюрспю онкебнцн ондьхомхйю P-5100S;;;;;;
51TI980A.A1;;AI;релоепюрспю онкебнцн ондьхомхйю P-5100S;;;;;;
51TI980B.PV;;AI;релоепюрспю оепедмецн ондьхомхйю п-5100S;;;;;;
51TI980B.SP;;AI;релоепюрспю оепедмецн ондьхомхйю п-5100S;;;;;;
51TI980B.A1;;AI;релоепюрспю оепедмецн ондьхомхйю п-5100S;;;;;;
51TI983A.PV;;AI;релоепюрспю онкебнцн ондьхомхйю п-5102;;;;;;
51TI983A.SP;;AI;релоепюрспю онкебнцн ондьхомхйю п-5102;;;;;;
51TI983A.A1;;AI;релоепюрспю онкебнцн ондьхомхйю п-5102;;;;;;
51TI983B.PV;;AI;релоепюрспю оепедмецн ондьхомхйю п-5102;;;;;;
51TI983B.SP;;AI;релоепюрспю оепедмецн ондьхомхйю п-5102;;;;;;
51TI983B.A1;;AI;релоепюрспю оепедмецн ондьхомхйю п-5102;;;;;;
51TI984A.PV;;AI;релоепюрспю онкебнцн ондьхомхйю P-5102S;;;;;;
51TI984A.SP;;AI;релоепюрспю онкебнцн ондьхомхйю P-5102S;;;;;;
51TI984A.A1;;AI;релоепюрспю онкебнцн ондьхомхйю P-5102S;;;;;;
51TI921A.PV;;AI;релоепюрспю онкебнцн ондьхомхйю P-5161;;;;;;
51TI921A.SP;;AI;релоепюрспю онкебнцн ондьхомхйю P-5161;;;;;;
51TI921A.A1;;AI;релоепюрспю онкебнцн ондьхомхйю P-5161;;;;;;
51TI922A.PV;;AI;релоепюрспю оепедмецн ондьхомхйю п-5161;;;;;;
51TI922A.SP;;AI;релоепюрспю оепедмецн ондьхомхйю п-5161;;;;;;
51TI922A.A1;;AI;релоепюрспю оепедмецн ондьхомхйю п-5161;;;;;;
51LI063A.PV;;AI;спнбемэ метреопндсйрю б V-5161;;;;;;
51LI063A.SP;;AI;спнбемэ метреопндсйрю б V-5161;;;;;;
51LI063A.A4;;AI;спнбемэ метреопндсйрю б V-5161;;;;;;
51TI901A2.PV;;AI;релоепюрспю онкебнцн ондьхомхйю п-5103;;;;;;
51TI901A2.SP;;AI;релоепюрспю онкебнцн ондьхомхйю п-5103;;;;;;
51TI901A2.A1;;AI;релоепюрспю онкебнцн ондьхомхйю п-5103;;;;;;
51TI901B2.PV;;AI;релоепюрспю оепедмецн ондьхомхйю п-5103;;;;;;
51TI901B2.SP;;AI;релоепюрспю оепедмецн ондьхомхйю п-5103;;;;;;
51TI901B2.A1;;AI;релоепюрспю оепедмецн ондьхомхйю п-5103;;;;;;
51LI040A.PV;;AI;спнбемэ метреопндсйрю б V-5103;;;;;;
51LI040A.SP;;AI;спнбемэ метреопндсйрю б V-5103;;;;;;
51LI040A.A4;;AI;спнбемэ метреопндсйрю б V-5103;;;;;;
51TI903A2.PV;;AI;релоепюрспю онкебнцн ондьхомхйю P-5108;;;;;;
51TI903A2.SP;;AI;релоепюрспю онкебнцн ондьхомхйю P-5108;;;;;;
51TI903A2.A1;;AI;релоепюрспю онкебнцн ондьхомхйю P-5108;;;;;;
51TI903B2.PV;;AI;релоепюрспю оепедмецн ондьхомхйю п-5108;;;;;;
51TI903B2.SP;;AI;релоепюрспю оепедмецн ондьхомхйю п-5108;;;;;;
51TI903B2.A1;;AI;релоепюрспю оепедмецн ондьхомхйю п-5108;;;;;;
51LI039A.PV;;AI;спнбемэ метреопндсйрю б V-5102;;;;;;
51LI039A.SP;;AI;спнбемэ метреопндсйрю б V-5102;;;;;;
51LI039A.A4;;AI;спнбемэ метреопндсйрю б V-5102;;;;;;
51TI905A2.PV;;AI;релоепюрспю онкебнцн ондьхомхйю P-5109;;;;;;
51TI905A2.SP;;AI;релоепюрспю онкебнцн ондьхомхйю P-5109;;;;;;
51TI905A2.A1;;AI;релоепюрспю онкебнцн ондьхомхйю P-5109;;;;;;
51TI905B2.PV;;AI;релоепюрспю оепедмецн ондьхомхйю п-5109;;;;;;
51TI905B2.SP;;AI;релоепюрспю оепедмецн ондьхомхйю п-5109;;;;;;
51TI905B2.A1;;AI;релоепюрспю оепедмецн ондьхомхйю п-5109;;;;;;
51LI042.PV;;AI;спнбемэ йхякни бндш+метреоп. б F-5100;;;;;;
51LI042.SP;;AI;спнбемэ йхякни бндш+метреоп. б F-5100;;;;;;
51LI042.A1;;AI;спнбемэ йхякни бндш+метреоп. б F-5100;;;;;;
51LI042.A4;;AI;спнбемэ йхякни бндш+метреоп. б F-5100;;;;;;
51TI911A2.PV;;AI;релоепюрспю онкебнцн ондьхомхйю P-5121;;;;;;
51TI911A2.SP;;AI;релоепюрспю онкебнцн ондьхомхйю P-5121;;;;;;
51TI911A2.A1;;AI;релоепюрспю онкебнцн ондьхомхйю P-5121;;;;;;
51TI911B2.PV;;AI;релоепюрспю оепедмецн ондьхомхйю п-5121;;;;;;
51TI911B2.SP;;AI;релоепюрспю оепедмецн ондьхомхйю п-5121;;;;;;
51TI911B2.A1;;AI;релоепюрспю оепедмецн ондьхомхйю п-5121;;;;;;
51LI051A.PV;;AI;спнбемэ йхякни бндш б V-5121;;;;;;
51LI051A.SP;;AI;спнбемэ йхякни бндш б V-5121;;;;;;
51LI051A.A4;;AI;спнбемэ йхякни бндш б V-5121;;;;;;
51TI913A2.PV;;AI;релоепюрспю онкебнцн ондьхомхйю P-5121S;;;;;;
51TI913A2.SP;;AI;релоепюрспю онкебнцн ондьхомхйю P-5121S;;;;;;
51TI913A2.A1;;AI;релоепюрспю онкебнцн ондьхомхйю P-5121S;;;;;;
51TI913B2.PV;;AI;релоепюрспю оепедмецн ондьхомхйю п-5121S;;;;;;
51TI913B2.SP;;AI;релоепюрспю оепедмецн ондьхомхйю п-5121S;;;;;;
51TI913B2.A1;;AI;релоепюрспю оепедмецн ондьхомхйю п-5121S;;;;;;
51TI915A2.PV;;AI;релоепюрспю онкебнцн ондьхомхйю P-5130;;;;;;
51TI915A2.SP;;AI;релоепюрспю онкебнцн ондьхомхйю P-5130;;;;;;
51TI915A2.A1;;AI;релоепюрспю онкебнцн ондьхомхйю P-5130;;;;;;
51TI915B2.PV;;AI;релоепюрспю оепедмецн ондьхомхйю п-5130;;;;;;
51TI915B2.SP;;AI;релоепюрспю оепедмецн ондьхомхйю п-5130;;;;;;
51TI915B2.A1;;AI;релоепюрспю оепедмецн ондьхомхйю п-5130;;;;;;
51LI053A.PV;;AI;спнбемэ нроюпеммни бндш б р-5130;;;;;;
51LI053A.SP;;AI;спнбемэ нроюпеммни бндш б р-5130;;;;;;
51LI053A.A4;;AI;спнбемэ нроюпеммни бндш б р-5130;;;;;;
51TI917A2.PV;;AI;релоепюрспю онкебнцн ондьхомхйю P-5130S;;;;;;
51TI917A2.SP;;AI;релоепюрспю онкебнцн ондьхомхйю P-5130S;;;;;;
51TI917A2.A1;;AI;релоепюрспю онкебнцн ондьхомхйю P-5130S;;;;;;
51TI917B2.PV;;AI;релоепюрспю оепедмецн ондьхомхйю п-5130S;;;;;;
51TI917B2.SP;;AI;релоепюрспю оепедмецн ондьхомхйю п-5130S;;;;;;
51TI917B2.A1;;AI;релоепюрспю оепедмецн ондьхомхйю п-5130S;;;;;;
51TI926A.PV;;AI;релоепюрспю оепедмецн ондьхомхйю P-5150;;;;;;
51TI926A.SP;;AI;релоепюрспю оепедмецн ондьхомхйю P-5150;;;;;;
51TI926A.A1;;AI;релоепюрспю оепедмецн ондьхомхйю P-5150;;;;;;
51TI927A.PV;;AI;релоепюрспю онкебнцн ондьхомхйю п-5150;;;;;;
51TI927A.SP;;AI;релоепюрспю онкебнцн ондьхомхйю п-5150;;;;;;
51TI927A.A1;;AI;релоепюрспю онкебнцн ондьхомхйю п-5150;;;;;;
51LI061A.PV;;AI;спнбемэ яфхфеммнцн юллхюйю б V-5150;;;;;;
51LI061A.SP;;AI;спнбемэ яфхфеммнцн юллхюйю б V-5150;;;;;;
51LI061A.A4;;AI;спнбемэ яфхфеммнцн юллхюйю б V-5150;;;;;;
51TI936A.PV;;AI;релоепюрспю оепедмецн ондьхомхйю P-5150S;;;;;;
51TI936A.SP;;AI;релоепюрспю оепедмецн ондьхомхйю P-5150S;;;;;;
51TI936A.A1;;AI;релоепюрспю оепедмецн ондьхомхйю P-5150S;;;;;;
51TI937A.PV;;AI;релоепюрспю онкебнцн ондьхомхйю п-5150S;;;;;;
51TI937A.SP;;AI;релоепюрспю онкебнцн ондьхомхйю п-5150S;;;;;;
51TI937A.A1;;AI;релоепюрспю онкебнцн ондьхомхйю п-5150S;;;;;;
51TI080A.PV;;AI;р мюцмерюмхъ 1-ни ярсоемх я-5140,S;;;;;;
51TI080A.SP;;AI;р мюцмерюмхъ 1-ни ярсоемх я-5140,S;;;;;;
51TI080A.A1;;AI;р мюцмерюмхъ 1-ни ярсоемх я-5140,S;;;;;;
51TI081A.PV;;AI;р мюцмерюмхъ 2-ни ярсоемх я-5140,S;;;;;;
51TI081A.SP;;AI;р мюцмерюмхъ 2-ни ярсоемх я-5140,S;;;;;;
51TI081A.A1;;AI;р мюцмерюмхъ 2-ни ярсоемх я-5140,S;;;;;;
51LI057A.PV;;AI;L H2O б V-5140 (опх╗л 1-ни яр. C-5140,S);;;;;;
51LI057A.SP;;AI;L H2O б V-5140 (опх╗л 1-ни яр. C-5140,S);;;;;;
51LI057A.A1;;AI;L H2O б V-5140 (опх╗л 1-ни яр. C-5140,S);;;;;;
51LI059A.PV;;AI;L H2O б V-5141 (опх╗л 2-ни яр. C-5140,S);;;;;;
51LI059A.SP;;AI;L H2O б V-5141 (опх╗л 2-ни яр. C-5140,S);;;;;;
51LI059A.A1;;AI;L H2O б V-5141 (опх╗л 2-ни яр. C-5140,S);;;;;;
51TI907A2.PV;;AI;релоепюрспю онкебнцн ондьхомхйю P5115;;;;;;
51TI907A2.SP;;AI;релоепюрспю онкебнцн ондьхомхйю P5115;;;;;;
51TI907A2.A1;;AI;релоепюрспю онкебнцн ондьхомхйю P5115;;;;;;
51TI907B2.PV;;AI;релоепюрспю оепедмецн ондьхомхйю п-5115;;;;;;
51TI907B2.SP;;AI;релоепюрспю оепедмецн ондьхомхйю п-5115;;;;;;
51TI907B2.A1;;AI;релоепюрспю оепедмецн ондьхомхйю п-5115;;;;;;
51TI909A2.PV;;AI;релоепюрспю онкебнцн ондьхомхйю P-5115S;;;;;;
51TI909A2.SP;;AI;релоепюрспю онкебнцн ондьхомхйю P-5115S;;;;;;
51TI909A2.A1;;AI;релоепюрспю онкебнцн ондьхомхйю P-5115S;;;;;;
51TI909B2.PV;;AI;релоепюрспю оепедмецн ондьхомхйю п-5115S;;;;;;
51TI909B2.SP;;AI;релоепюрспю оепедмецн ондьхомхйю п-5115S;;;;;;
51TI909B2.A1;;AI;релоепюрспю оепедмецн ондьхомхйю п-5115S;;;;;;
51TI979A2.PV;;AI;релоепюрспю онкебнцн ондьхомхйю P-5100;;;;;;
51TI979A2.SP;;AI;релоепюрспю онкебнцн ондьхомхйю P-5100;;;;;;
51TI979A2.A1;;AI;релоепюрспю онкебнцн ондьхомхйю P-5100;;;;;;
51TI979B2.PV;;AI;релоепюрспю оепедмецн ондьхомхйю п-5100;;;;;;
51TI979B2.SP;;AI;релоепюрспю оепедмецн ондьхомхйю п-5100;;;;;;
51TI979B2.A1;;AI;релоепюрспю оепедмецн ондьхомхйю п-5100;;;;;;
51TI980A2.PV;;AI;релоепюрспю онкебнцн ондьхомхйю P-5100S;;;;;;
51TI980A2.SP;;AI;релоепюрспю онкебнцн ондьхомхйю P-5100S;;;;;;
51TI980A2.A1;;AI;релоепюрспю онкебнцн ондьхомхйю P-5100S;;;;;;
51TI980B2.PV;;AI;релоепюрспю оепедмецн ондьхомхйю п-5100S;;;;;;
51TI980B2.SP;;AI;релоепюрспю оепедмецн ондьхомхйю п-5100S;;;;;;
51TI980B2.A1;;AI;релоепюрспю оепедмецн ондьхомхйю п-5100S;;;;;;
51TI983A2.PV;;AI;релоепюрспю онкебнцн ондьхомхйю п-5102;;;;;;
51TI983A2.SP;;AI;релоепюрспю онкебнцн ондьхомхйю п-5102;;;;;;
51TI983A2.A1;;AI;релоепюрспю онкебнцн ондьхомхйю п-5102;;;;;;
51TI983B2.PV;;AI;релоепюрспю оепедмецн ондьхомхйю п-5102;;;;;;
51TI983B2.SP;;AI;релоепюрспю оепедмецн ондьхомхйю п-5102;;;;;;
51TI983B2.A1;;AI;релоепюрспю оепедмецн ондьхомхйю п-5102;;;;;;
51LI037A.PV;;AI;спнбемэ йхякни бндш б V-5102;;;;;;
51LI037A.SP;;AI;спнбемэ йхякни бндш б V-5102;;;;;;
51LI037A.A4;;AI;спнбемэ йхякни бндш б V-5102;;;;;;
51TI984A2.PV;;AI;релоепюрспю онкебнцн ондьхомхйю P-5102S;;;;;;
51TI984A2.SP;;AI;релоепюрспю онкебнцн ондьхомхйю P-5102S;;;;;;
51TI984A2.A1;;AI;релоепюрспю онкебнцн ондьхомхйю P-5102S;;;;;;
51TI984B2.PV;;AI;релоепюрспю оепедмецн ондьхомхйю п-5102S;;;;;;
51TI984B2.SP;;AI;релоепюрспю оепедмецн ондьхомхйю п-5102S;;;;;;
51TI984B2.A1;;AI;релоепюрспю оепедмецн ондьхомхйю п-5102S;;;;;;
51TI987A2.PV;;AI;релоепюрспю онкебнцн ондьхомхйю P-5110;;;;;;
51TI987A2.SP;;AI;релоепюрспю онкебнцн ондьхомхйю P-5110;;;;;;
51TI987A2.A1;;AI;релоепюрспю онкебнцн ондьхомхйю P-5110;;;;;;
51TI987B2.PV;;AI;релоепюрспю оепедмецн ондьхомхйю п-5110;;;;;;
51TI987B2.SP;;AI;релоепюрспю оепедмецн ондьхомхйю п-5110;;;;;;
51TI987B2.A1;;AI;релоепюрспю оепедмецн ондьхомхйю п-5110;;;;;;
51LI047A.PV;;AI;спнбемэ йхякни бндш б р-5110;;;;;;
51LI047A.SP;;AI;спнбемэ йхякни бндш б р-5110;;;;;;
51LI047A.A4;;AI;спнбемэ йхякни бндш б р-5110;;;;;;
51TI988A2.PV;;AI;релоепюрспю онкебнцн ондьхомхйю P-5110S;;;;;;
51TI988A2.SP;;AI;релоепюрспю онкебнцн ондьхомхйю P-5110S;;;;;;
51TI988A2.A1;;AI;релоепюрспю онкебнцн ондьхомхйю P-5110S;;;;;;
51TI988B2.PV;;AI;релоепюрспю оепедмецн ондьхомхйю п-5110S;;;;;;
51TI988B2.SP;;AI;релоепюрспю оепедмецн ондьхомхйю п-5110S;;;;;;
51TI988B2.A1;;AI;релоепюрспю оепедмецн ондьхомхйю п-5110S;;;;;;
51TI991A2.PV;;AI;релоепюрспю онкебнцн ондьхомхйю P-5120;;;;;;
51TI991A2.SP;;AI;релоепюрспю онкебнцн ондьхомхйю P-5120;;;;;;
51TI991A2.A1;;AI;релоепюрспю онкебнцн ондьхомхйю P-5120;;;;;;
51TI991B2.PV;;AI;релоепюрспю оепедмецн ондьхомхйю п-5120;;;;;;
51TI991B2.SP;;AI;релоепюрспю оепедмецн ондьхомхйю п-5120;;;;;;
51TI991B2.A1;;AI;релоепюрспю оепедмецн ондьхомхйю п-5120;;;;;;
51LI049A.PV;;AI;спнбемэ нроюпеммни бндш р-5120;;;;;;
51LI049A.SP;;AI;спнбемэ нроюпеммни бндш р-5120;;;;;;
51LI049A.A4;;AI;спнбемэ нроюпеммни бндш р-5120;;;;;;
51TI992A2.PV;;AI;релоепюрспю онкебнцн ондьхомхйю P-5120S;;;;;;
51TI992A2.SP;;AI;релоепюрспю онкебнцн ондьхомхйю P-5120S;;;;;;
51TI992A2.A1;;AI;релоепюрспю онкебнцн ондьхомхйю P-5120S;;;;;;
51TI992B2.PV;;AI;релоепюрспю оепедмецн ондьхомхйю п-5120S;;;;;;
51TI992B2.SP;;AI;релоепюрспю оепедмецн ондьхомхйю п-5120S;;;;;;
51TI992B2.A1;;AI;релоепюрспю оепедмецн ондьхомхйю п-5120S;;;;;;
51PI080A.PV;;AI;дюбкемхе мю мюцмерюмхх п-5105;;;;;;
51PI080A.SP;;AI;дюбкемхе мю мюцмерюмхх п-5105;;;;;;
51PI080A.A1;;AI;дюбкемхе мю мюцмерюмхх п-5105;;;;;;
51PI081A.PV;;AI;дюбкемхе мю мюцмерюмхх п-5105S;;;;;;
51PI081A.SP;;AI;дюбкемхе мю мюцмерюмхх п-5105S;;;;;;
51PI081A.A1;;AI;дюбкемхе мю мюцмерюмхх п-5105S;;;;;;
51TI995A2.PV;;AI;релоепюрспю онкебнцн ондьхомхйю P-5131;;;;;;
51TI995A2.SP;;AI;релоепюрспю онкебнцн ондьхомхйю P-5131;;;;;;
51TI995A2.A1;;AI;релоепюрспю онкебнцн ондьхомхйю P-5131;;;;;;
51TI995B2.PV;;AI;релоепюрспю оепедмецн ондьхомхйю п-5131;;;;;;
51TI995B2.SP;;AI;релоепюрспю оепедмецн ондьхомхйю п-5131;;;;;;
51TI995B2.A1;;AI;релоепюрспю оепедмецн ондьхомхйю п-5131;;;;;;
51LI055A.PV;;AI;спнбемэ п-пю NAOH б р-5131;;;;;;
51LI055A.SP;;AI;спнбемэ п-пю NAOH б р-5131;;;;;;
51LI055A.A4;;AI;спнбемэ п-пю NAOH б р-5131;;;;;;
51TI996A2.PV;;AI;релоепюрспю онкебнцн ондьхомхйю P-5131S;;;;;;
51TI996A2.SP;;AI;релоепюрспю онкебнцн ондьхомхйю P-5131S;;;;;;
51TI996A2.A1;;AI;релоепюрспю онкебнцн ондьхомхйю P-5131S;;;;;;
51TI996B2.PV;;AI;релоепюрспю оепедмецн ондьхомхйю п-5131S;;;;;;
51TI996B2.SP;;AI;релоепюрспю оепедмецн ондьхомхйю п-5131S;;;;;;
51TI996B2.A1;;AI;релоепюрспю оепедмецн ондьхомхйю п-5131S;;;;;;
51FI035A.PV;;AI;пюяунд югнрю м.д. мю бунде б й-5160;;;;;;
51FI035A.SP;;AI;пюяунд югнрю м.д. мю бунде б й-5160;;;;;;
51FI035A.A4;;AI;пюяунд югнрю м.д. мю бунде б й-5160;;;;;;
51TI971A.PV;;AI;релоепюрспю оепедмецн ондьхомхйю п-5101;;;;;;
51TI971A.SP;;AI;релоепюрспю оепедмецн ондьхомхйю п-5101;;;;;;
51TI971A.A1;;AI;релоепюрспю оепедмецн ондьхомхйю п-5101;;;;;;
52TI991A2.PV;;AI;релоепюрспю онкебнцн ондьхомхйю п-5201;;;;;;
52TI991A2.SP;;AI;релоепюрспю онкебнцн ондьхомхйю п-5201;;;;;;
52TI991A2.A1;;AI;релоепюрспю онкебнцн ондьхомхйю п-5201;;;;;;
52TI991B2.PV;;AI;релоепюрспю оепедмецн ондьхомхйю п-5201;;;;;;
52TI991B2.SP;;AI;релоепюрспю оепедмецн ондьхомхйю п-5201;;;;;;
52TI991B2.A1;;AI;релоепюрспю оепедмецн ондьхомхйю п-5201;;;;;;
52LI015A.PV;;AI;спнбемэ йхякни бндш мю опх╗ле п-5201;;;;;;
52LI015A.A4;;AI;спнбемэ йхякни бндш мю опх╗ле п-5201;;;;;;
52TI992A2.PV;;AI;релоепюрспю онкебнцн ондьхомхйю п-5201S;;;;;;
52TI992A2.SP;;AI;релоепюрспю онкебнцн ондьхомхйю п-5201S;;;;;;
52TI992A2.A1;;AI;релоепюрспю онкебнцн ондьхомхйю п-5201S;;;;;;
52TI992B2.PV;;AI;релоепюрспю оепедмецн ондьхомхйю п-5201S;;;;;;
52TI992B2.SP;;AI;релоепюрспю оепедмецн ондьхомхйю п-5201S;;;;;;
52TI992B2.A1;;AI;релоепюрспю оепедмецн ондьхомхйю п-5201S;;;;;;
52LI016A.PV;;AI;спнбемэ йхякни бндш мю опх╗ле п-5201S;;;;;;
52LI016A.SP;;AI;спнбемэ йхякни бндш мю опх╗ле п-5201S;;;;;;
52LI016A.A4;;AI;спнбемэ йхякни бндш мю опх╗ле п-5201S;;;;;;
52TI901A2.PV;;AI;релоепюрспю онкебнцн ондьхомхйю п-5202;;;;;;
52TI901A2.SP;;AI;релоепюрспю онкебнцн ондьхомхйю п-5202;;;;;;
52TI901A2.A1;;AI;релоепюрспю онкебнцн ондьхомхйю п-5202;;;;;;
52TI901B2.PV;;AI;релоепюрспю оепедмецн ондьхомхйю п-5202;;;;;;
52TI901B2.SP;;AI;релоепюрспю оепедмецн ондьхомхйю п-5202;;;;;;
52TI901B2.A1;;AI;релоепюрспю оепедмецн ондьхомхйю п-5202;;;;;;
52LI011A.PV;;AI;спнбемэ йхякни бндш б V-5202;;;;;;
52LI011A.SP;;AI;спнбемэ йхякни бндш б V-5202;;;;;;
52LI011A.A4;;AI;спнбемэ йхякни бндш б V-5202;;;;;;
52PI042.PV;;AI;дюбкемхе йхяк. бндш мю мюцмерюмхх P-5202;;;;;;
52PI042.SP;;AI;дюбкемхе йхяк. бндш мю мюцмерюмхх P-5202;;;;;;
52PI042.A1;;AI;дюбкемхе йхяк. бндш мю мюцмерюмхх P-5202;;;;;;
52PI043.PV;;AI;дюбкемхе йхяк. бндш мю мюцмерюмхх P-5202S;;;;;;
52PI043.SP;;AI;дюбкемхе йхяк. бндш мю мюцмерюмхх P-5202S;;;;;;
52PI043.A1;;AI;дюбкемхе йхяк. бндш мю мюцмерюмхх P-5202S;;;;;;
52TI903A2.PV;;AI;релоепюрспю онкебнцн ондьхомхйю п-5202S;;;;;;
52TI903A2.SP;;AI;релоепюрспю онкебнцн ондьхомхйю п-5202S;;;;;;
52TI903A2.A1;;AI;релоепюрспю онкебнцн ондьхомхйю п-5202S;;;;;;
52TI903B2.PV;;AI;релоепюрспю оепедмецн ондьхомхйю п-5202S;;;;;;
52TI903B2.SP;;AI;релоепюрспю оепедмецн ондьхомхйю п-5202S;;;;;;
52TI903B2.A1;;AI;релоепюрспю оепедмецн ондьхомхйю п-5202S;;;;;;
52TI995A2.PV;;AI;релоепюрспю онкебнцн ондьхомхйю п-5203;;;;;;
52TI995A2.SP;;AI;релоепюрспю онкебнцн ондьхомхйю п-5203;;;;;;
52TI995A2.A1;;AI;релоепюрспю онкебнцн ондьхомхйю п-5203;;;;;;
52TI995B2.PV;;AI;релоепюрспю оепедмецн ондьхомхйю п-5203;;;;;;
52TI995B2.SP;;AI;релоепюрспю оепедмецн ондьхомхйю п-5203;;;;;;
52TI995B2.A1;;AI;релоепюрспю оепедмецн ондьхомхйю п-5203;;;;;;
52LI006A.PV;;AI;спнбемэ нроюпеммюни бндш б T-5201;;;;;;
52LI006A.SP;;AI;спнбемэ нроюпеммюни бндш б T-5201;;;;;;
52LI006A.A4;;AI;спнбемэ нроюпеммюни бндш б T-5201;;;;;;
52TI996A2.PV;;AI;релоепюрспю онкебнцн ондьхомхйю п-5203S;;;;;;
52TI996A2.SP;;AI;релоепюрспю онкебнцн ондьхомхйю п-5203S;;;;;;
52TI996A2.A1;;AI;релоепюрспю онкебнцн ондьхомхйю п-5203S;;;;;;
52TI996B2.PV;;AI;релоепюрспю оепедмецн ондьхомхйю п-5203S;;;;;;
52TI996B2.SP;;AI;релоепюрспю оепедмецн ондьхомхйю п-5203S;;;;;;
52TI996B2.A1;;AI;релоепюрспю оепедмецн ондьхомхйю п-5203S;;;;;;
52TI905A2.PV;;AI;релоепюрспю онкебнцн ондьхомхйю п-5204;;;;;;
52TI905A2.SP;;AI;релоепюрспю онкебнцн ондьхомхйю п-5204;;;;;;
52TI905A2.A1;;AI;релоепюрспю онкебнцн ондьхомхйю п-5204;;;;;;
52TI905B2.PV;;AI;релоепюрспю оепедмецн ондьхомхйю п-5204;;;;;;
52TI905B2.SP;;AI;релоепюрспю оепедмецн ондьхомхйю п-5204;;;;;;
52TI905B2.A1;;AI;релоепюрспю оепедмецн ондьхомхйю п-5204;;;;;;
52LI008A.PV;;AI;спнбемэ йхякни бндш б V-5201;;;;;;
52LI008A.SP;;AI;спнбемэ йхякни бндш б V-5201;;;;;;
52LI008A.A4;;AI;спнбемэ йхякни бндш б V-5201;;;;;;
52TI907A2.PV;;AI;релоепюрспю онкебнцн ондьхомхйю п-5204S;;;;;;
52TI907A2.SP;;AI;релоепюрспю онкебнцн ондьхомхйю п-5204S;;;;;;
52TI907A2.A1;;AI;релоепюрспю онкебнцн ондьхомхйю п-5204S;;;;;;
52TI907B2.PV;;AI;релоепюрспю оепедмецн ондьхомхйю п-5204S;;;;;;
52TI907B2.SP;;AI;релоепюрспю оепедмецн ондьхомхйю п-5204S;;;;;;
52TI907B2.A1;;AI;релоепюрспю оепедмецн ондьхомхйю п-5204S;;;;;;
52PI005.PV;;AI;дюбкемхе п-пю NAOH мю мюцмерюмхх P-5205;;;;;;
52PI005.SP;;AI;дюбкемхе п-пю NAOH мю мюцмерюмхх P-5205;;;;;;
52PI005.A1;;AI;дюбкемхе п-пю NAOH мю мюцмерюмхх P-5205;;;;;;
52PI006.PV;;AI;дюбкемхе п-пю NAOH мю мюцмерюмхх P-5205S;;;;;;
52PI006.SP;;AI;дюбкемхе п-пю NAOH мю мюцмерюмхх P-5205S;;;;;;
52PI006.A1;;AI;дюбкемхе п-пю NAOH мю мюцмерюмхх P-5205S;;;;;;
52PI019.PV;;AI;дюбкемхе хмц. йнп. мю мюцмерюмхх P-5206;;;;;;
52PI019.SP;;AI;дюбкемхе хмц. йнп. мю мюцмерюмхх P-5206;;;;;;
52PI019.A1;;AI;дюбкемхе хмц. йнп. мю мюцмерюмхх P-5206;;;;;;
52PI020.PV;;AI;дюбкемхе хмц. йнп. мю мюцмерюмхх P-5206S;;;;;;
52PI020.SP;;AI;дюбкемхе хмц. йнп. мю мюцмерюмхх P-5206S;;;;;;
52PI020.A1;;AI;дюбкемхе хмц. йнп. мю мюцмерюмхх P-5206S;;;;;;
52PI060.PV;;AI;дюбкемхе п-пю NAOH мю мюцмерюмхх P-5207;;;;;;
52PI060.SP;;AI;дюбкемхе п-пю NAOH мю мюцмерюмхх P-5207;;;;;;
52PI060.A1;;AI;дюбкемхе п-пю NAOH мю мюцмерюмхх P-5207;;;;;;
52PI062.PV;;AI;дюбкемхе п-пю NAOH мю мюцмерюмхх P-5207S;;;;;;
52PI062.SP;;AI;дюбкемхе п-пю NAOH мю мюцмерюмхх P-5207S;;;;;;
52PI062.A1;;AI;дюбкемхе п-пю NAOH мю мюцмерюмхх P-5207S;;;;;;
52PI064.PV;;AI;дюбкемхе п-пю NAOH мю мюцмерюмхх P-5208;;;;;;
52PI064.SP;;AI;дюбкемхе п-пю NAOH мю мюцмерюмхх P-5208;;;;;;
52PI064.A1;;AI;дюбкемхе п-пю NAOH мю мюцмерюмхх P-5208;;;;;;
52PI066.PV;;AI;дюбкемхе п-пю NAOH мю мюцмерюмхх P-5208S;;;;;;
52PI066.SP;;AI;дюбкемхе п-пю NAOH мю мюцмерюмхх P-5208S;;;;;;
52PI066.A1;;AI;дюбкемхе п-пю NAOH мю мюцмерюмхх P-5208S;;;;;;
51FI827A2.PV;;AI;пюяунд нап. нук. бндш жхкхмдп 1 C-5140;;;;;;
51FI827A2.SP;;AI;пюяунд нап. нук. бндш жхкхмдп 1 C-5140;;;;;;
51FI827A2.A4;;AI;пюяунд нап. нук. бндш жхкхмдп 1 C-5140;;;;;;
51FI827B2.PV;;AI;пюяунд нап. нук. бндш жхкхмдп 2 C-5140;;;;;;
51FI827B2.SP;;AI;пюяунд нап. нук. бндш жхкхмдп 2 C-5140;;;;;;
51FI827B2.A4;;AI;пюяунд нап. нук. бндш жхкхмдп 2 C-5140;;;;;;
51PI827D.PV;;AI;п опндсбнвмнцн цюгю-югнрю C-5140;;;;;;
51PI827D.SP;;AI;п опндсбнвмнцн цюгю-югнрю C-5140;;;;;;
51PI827D.A4;;AI;п опндсбнвмнцн цюгю-югнрю C-5140;;;;;;
51PI829B1.PV;;AI;п опълни нук. бндш мю жхкхмдпш C-5140;;;;;;
51PI829B1.SP;;AI;п опълни нук. бндш мю жхкхмдпш C-5140;;;;;;
51PI829B1.A4;;AI;п опълни нук. бндш мю жхкхмдпш C-5140;;;;;;
51PI833B1.PV;;AI;дюбкемхе люякю оняке тхкэрпнб C-5140-S1,S1S;;;;;;
51PI833B1.SP;;AI;дюбкемхе люякю оняке тхкэрпнб C-5140-S1,S1S;;;;;;
51PI833B1.A1;;AI;дюбкемхе люякю оняке тхкэрпнб C-5140-S1,S1S;;;;;;
51PI833B1.A4;;AI;дюбкемхе люякю оняке тхкэрпнб C-5140-S1,S1S;;;;;;
51PI837A.PV;;AI;п цюгю мю бунде б жхкхмдп 1 C-5140;;;;;;
51PI837A.SP;;AI;п цюгю мю бунде б жхкхмдп 1 C-5140;;;;;;
51PI837A.A1;;AI;п цюгю мю бунде б жхкхмдп 1 C-5140;;;;;;
51PI837A.A4;;AI;п цюгю мю бунде б жхкхмдп 1 C-5140;;;;;;
51PI837B.PV;;AI;п цюгю мю бунде б жхкхмдп 2 C-5140;;;;;;
51PI837B.SP;;AI;п цюгю мю бунде б жхкхмдп 2 C-5140;;;;;;
51PI837B.A1;;AI;п цюгю мю бунде б жхкхмдп 2 C-5140;;;;;;
51PI837B.A4;;AI;п цюгю мю бунде б жхкхмдп 2 C-5140;;;;;;
51PI841A.PV;;AI;п цюгю мю мюцмерюмхх жхкхмдп 1 C-5140;;;;;;
51PI841A.SP;;AI;п цюгю мю мюцмерюмхх жхкхмдп 1 C-5140;;;;;;
51PI841A.A1;;AI;п цюгю мю мюцмерюмхх жхкхмдп 1 C-5140;;;;;;
51PI841B.PV;;AI;п цюгю мю мюцмерюмхх жхкхмдп 2 C-5140;;;;;;
51PI841B.SP;;AI;п цюгю мю мюцмерюмхх жхкхмдп 2 C-5140;;;;;;
51PI841B.A1;;AI;п цюгю мю мюцмерюмхх жхкхмдп 2 C-5140;;;;;;
51TI826E.PV;;AI;р цюгю мю мюцмерюмхх жхкхмдп 1 C-5140;;;;;;
51TI826E.SP;;AI;р цюгю мю мюцмерюмхх жхкхмдп 1 C-5140;;;;;;
51TI826E.A1;;AI;р цюгю мю мюцмерюмхх жхкхмдп 1 C-5140;;;;;;
51TI826F.PV;;AI;р цюгю мю мюцмерюмхх жхкхмдп 2 C-5140;;;;;;
51TI826F.SP;;AI;р цюгю мю мюцмерюмхх жхкхмдп 2 C-5140;;;;;;
51TI826F.A1;;AI;р цюгю мю мюцмерюмхх жхкхмдп 2 C-5140;;;;;;
51TI834B.PV;;AI;р цкюбмнцн онкебнцн ондьхомхйю C-5140;;;;;;
51TI834B.SP;;AI;р цкюбмнцн онкебнцн ондьхомхйю C-5140;;;;;;
51TI834B.A1;;AI;р цкюбмнцн онкебнцн ондьхомхйю C-5140;;;;;;
51TI834C.PV;;AI;р цкюбмнцн оепедмецн ондьхомхйю C-5140;;;;;;
51TI834C.SP;;AI;р цкюбмнцн оепедмецн ондьхомхйю C-5140;;;;;;
51TI834C.A1;;AI;р цкюбмнцн оепедмецн ондьхомхйю C-5140;;;;;;
51TI834D2.PV;;AI;релоепюрспю люякю б йюпрепе C-5140;;;;;;
51TI834D2.SP;;AI;релоепюрспю люякю б йюпрепе C-5140;;;;;;
51TI834D2.A1;;AI;релоепюрспю люякю б йюпрепе C-5140;;;;;;
51PDI839A.PV;;AI;оепеоюд п цюгю он 1-ни ярсоемх C-5140;;;;;;
51PDI839A.SP;;AI;оепеоюд п цюгю он 1-ни ярсоемх C-5140;;;;;;
51PDI839A.A1;;AI;оепеоюд п цюгю он 1-ни ярсоемх C-5140;;;;;;
51PDI839B.PV;;AI;оепеоюд п цюгю он 2-ни ярсоемх C-5140;;;;;;
51PDI839B.SP;;AI;оепеоюд п цюгю он 2-ни ярсоемх C-5140;;;;;;
51PDI839B.A1;;AI;оепеоюд п цюгю он 2-ни ярсоемх C-5140;;;;;;
51FI877A2.PV;;AI;пюяунд нап. нук. бндш жхкхмдп 1 C-5140S;;;;;;
51FI877A2.SP;;AI;пюяунд нап. нук. бндш жхкхмдп 1 C-5140S;;;;;;
51FI877A2.A4;;AI;пюяунд нап. нук. бндш жхкхмдп 1 C-5140S;;;;;;
51FI877B2.PV;;AI;пюяунд нап. нук. бндш жхкхмдп 2 C-5140S;;;;;;
51FI877B2.SP;;AI;пюяунд нап. нук. бндш жхкхмдп 2 C-5140S;;;;;;
51FI877B2.A4;;AI;пюяунд нап. нук. бндш жхкхмдп 2 C-5140S;;;;;;
51PI877D.PV;;AI;п опндсбнвмнцн цюгю-югнрю C-5140S;;;;;;
51PI877D.SP;;AI;п опндсбнвмнцн цюгю-югнрю C-5140S;;;;;;
51PI877D.A4;;AI;п опндсбнвмнцн цюгю-югнрю C-5140S;;;;;;
51PI879B1.PV;;AI;п опълни нук бндш мю жхкхмдпш C-5140S;;;;;;
51PI879B1.SP;;AI;п опълни нук бндш мю жхкхмдпш C-5140S;;;;;;
51PI879B1.A4;;AI;п опълни нук бндш мю жхкхмдпш C-5140S;;;;;;
51PI883B1.PV;;AI;дюбкемхе люякю оняке тхкэрпнб C-5140S-S1,S1S;;;;;;
51PI883B1.SP;;AI;дюбкемхе люякю оняке тхкэрпнб C-5140S-S1,S1S;;;;;;
51PI883B1.A1;;AI;дюбкемхе люякю оняке тхкэрпнб C-5140S-S1,S1S;;;;;;
51PI883B1.A4;;AI;дюбкемхе люякю оняке тхкэрпнб C-5140S-S1,S1S;;;;;;
51PI887A.PV;;AI;п цюгю мю бунде б жхкхмдп 1 C-5140S;;;;;;
51PI887A.SP;;AI;п цюгю мю бунде б жхкхмдп 1 C-5140S;;;;;;
51PI887A.A1;;AI;п цюгю мю бунде б жхкхмдп 1 C-5140S;;;;;;
51PI887A.A4;;AI;п цюгю мю бунде б жхкхмдп 1 C-5140S;;;;;;
51PI887B.PV;;AI;п цюгю мю бунде б жхкхмдп 2 C-5140S;;;;;;
51PI887B.SP;;AI;п цюгю мю бунде б жхкхмдп 2 C-5140S;;;;;;
51PI887B.A1;;AI;п цюгю мю бунде б жхкхмдп 2 C-5140S;;;;;;
51PI887B.A4;;AI;п цюгю мю бунде б жхкхмдп 2 C-5140S;;;;;;
51PI891A.PV;;AI;п цюгю мю мюцмерюмхх жхкхмдп 1 C-5140S;;;;;;
51PI891A.SP;;AI;п цюгю мю мюцмерюмхх жхкхмдп 1 C-5140S;;;;;;
51PI891A.A1;;AI;п цюгю мю мюцмерюмхх жхкхмдп 1 C-5140S;;;;;;
51PI891B.PV;;AI;п цюгю мю мюцмерюмхх жхкхмдп 2 C-5140S;;;;;;
51PI891B.SP;;AI;п цюгю мю мюцмерюмхх жхкхмдп 2 C-5140S;;;;;;
51PI891B.A1;;AI;п цюгю мю мюцмерюмхх жхкхмдп 2 C-5140S;;;;;;
51TI876E.PV;;AI;р цюгю мю мюцмерюмхх жхкхмдп 1 C-5140S;;;;;;
51TI876E.SP;;AI;р цюгю мю мюцмерюмхх жхкхмдп 1 C-5140S;;;;;;
51TI876E.A1;;AI;р цюгю мю мюцмерюмхх жхкхмдп 1 C-5140S;;;;;;
51TI876F.PV;;AI;р цюгю мю мюцмерюмхх жхкхмдп 2 C-5140S;;;;;;
51TI876F.SP;;AI;р цюгю мю мюцмерюмхх жхкхмдп 2 C-5140S;;;;;;
51TI876F.A1;;AI;р цюгю мю мюцмерюмхх жхкхмдп 2 C-5140S;;;;;;
51TI884B.PV;;AI;р цкюбмнцн онкебнцн ондьхомхйю C-5140S;;;;;;
51TI884B.SP;;AI;р цкюбмнцн онкебнцн ондьхомхйю C-5140S;;;;;;
51TI884B.A1;;AI;р цкюбмнцн онкебнцн ондьхомхйю C-5140S;;;;;;
51TI884C.PV;;AI;р цкюбмнцн оепедмецн ондьхомхйю C-5140S;;;;;;
51TI884C.SP;;AI;р цкюбмнцн оепедмецн ондьхомхйю C-5140S;;;;;;
51TI884C.A1;;AI;р цкюбмнцн оепедмецн ондьхомхйю C-5140S;;;;;;
51TI884D2.PV;;AI;релоепюрспю люякю б йюпрепе C-5140S;;;;;;
51TI884D2.SP;;AI;релоепюрспю люякю б йюпрепе C-5140S;;;;;;
51TI884D2.A1;;AI;релоепюрспю люякю б йюпрепе C-5140S;;;;;;
51PDI889A.PV;;AI;оепеоюд п цюгю он 1-ни ярсоемх C-5140S;;;;;;
51PDI889A.SP;;AI;оепеоюд п цюгю он 1-ни ярсоемх C-5140S;;;;;;
51PDI889A.A1;;AI;оепеоюд п цюгю он 1-ни ярсоемх C-5140S;;;;;;
51PDI889B.PV;;AI;оепеоюд п цюгю он 2-ни ярсоемх C-5140S;;;;;;
51PDI889B.SP;;AI;оепеоюд п цюгю он 2-ни ярсоемх C-5140S;;;;;;
51PDI889B.A1;;AI;оепеоюд п цюгю он 2-ни ярсоемх C-5140S;;;;;;
30AI950A.PV;;AI;яндепфюмхе йхякнпндю б дшлнбшу цюгюу оевх H-3001;;;;;;+
30AI950A.SP;;AI;яндепфюмхе йхякнпндю б дшлнбшу цюгюу оевх H-3001;;;;;;+
30AI950A.A4;;AI;яндепфюмхе йхякнпндю б дшлнбшу цюгюу оевх H-3001;;;;;;+
30AI950C.PV;;AI;яндепфюмхе йхякнпндю б дшлнбшу цюгюу оевх H-3001;;;;;;+
30AI950C.SP;;AI;яндепфюмхе йхякнпндю б дшлнбшу цюгюу оевх H-3001;;;;;;+
30AI950C.A4;;AI;яндепфюмхе йхякнпндю б дшлнбшу цюгюу оевх H-3001;;;;;;+
10VI911Y.PV;;AI;P-1001B мюяня J бхапюж. ондьхо.;;;;;;
10VI911Y.A1;;AI;P-1001B мюяня J бхапюж. ондьхо.;;;;;;
10VI911Y.A2;;AI;P-1001B мюяня J бхапюж. ондьхо.;;;;;;
10VI912X.PV;;AI;P-1001B мюяня J бхапюж. ондьхо.;;;;;;
10VI912X.A1;;AI;P-1001B мюяня J бхапюж. ондьхо.;;;;;;
10VI912X.A2;;AI;P-1001B мюяня J бхапюж. ондьхо.;;;;;;
10VI912Y.PV;;AI;P-1001B мюяня J бхапюж. ондьхо.;;;;;;
10VI912Y.A1;;AI;P-1001B мюяня J бхапюж. ондьхо.;;;;;;
10VI912Y.A2;;AI;P-1001B мюяня J бхапюж. ондьхо.;;;;;;
10VI921X.PV;;AI;P-1001S мюяня J бхапюж. ондьхо.;;;;;;
10VI921X.A1;;AI;P-1001S мюяня J бхапюж. ондьхо.;;;;;;
10VI921X.A2;;AI;P-1001S мюяня J бхапюж. ондьхо.;;;;;;
10VI922X.PV;;AI;P-1001S мюяня J бхапюж. ондьхо.;;;;;;
10VI922X.A1;;AI;P-1001S мюяня J бхапюж. ондьхо.;;;;;;
10VI922X.A2;;AI;P-1001S мюяня J бхапюж. ондьхо.;;;;;;
10VI923X.PV;;AI;P-1001S рспахмш J бхапюж. ондьхо.;;;;;;
10VI923X.A1;;AI;P-1001S рспахмш J бхапюж. ондьхо.;;;;;;
10VI923X.A2;;AI;P-1001S рспахмш J бхапюж. ондьхо.;;;;;;
10VI924X.PV;;AI;P-1001S рспахмш J бхапюж. ондьхо.;;;;;;
10VI924X.A1;;AI;P-1001S рспахмш J бхапюж. ондьхо.;;;;;;
10VI924X.A2;;AI;P-1001S рспахмш J бхапюж. ондьхо.;;;;;;
10VI921Y.PV;;AI;P-1001S мюяня J бхапюж. ондьхо.;;;;;;
10VI921Y.A1;;AI;P-1001S мюяня J бхапюж. ондьхо.;;;;;;
10VI921Y.A2;;AI;P-1001S мюяня J бхапюж. ондьхо.;;;;;;
10VI922Y.PV;;AI;P-1001S мюяня J бхапюж. ондьхо.;;;;;;
10VI922Y.A1;;AI;P-1001S мюяня J бхапюж. ондьхо.;;;;;;
10VI922Y.A2;;AI;P-1001S мюяня J бхапюж. ондьхо.;;;;;;
10VI923Y.PV;;AI;P-1001S рспахмш J бхапюж. ондьхо.;;;;;;
10VI923Y.A1;;AI;P-1001S рспахмш J бхапюж. ондьхо.;;;;;;
10VI923Y.A2;;AI;P-1001S рспахмш J бхапюж. ондьхо.;;;;;;
10VI924Y.PV;;AI;P-1001S рспахмш J бхапюж. ондьхо.;;;;;;
10VI924Y.A1;;AI;P-1001S рспахмш J бхапюж. ондьхо.;;;;;;
10VI924Y.A2;;AI;P-1001S рспахмш J бхапюж. ондьхо.;;;;;;
10VI941X.PV;;AI;P-1002S мюяня J бхапюж. ондьхо.;;;;;;
10VI941X.A1;;AI;P-1002S мюяня J бхапюж. ондьхо.;;;;;;
10VI941X.A2;;AI;P-1002S мюяня J бхапюж. ондьхо.;;;;;;
10VI942X.PV;;AI;P-1002S мюяня J бхапюж. ондьхо.;;;;;;
10VI942X.A1;;AI;P-1002S мюяня J бхапюж. ондьхо.;;;;;;
10VI942X.A2;;AI;P-1002S мюяня J бхапюж. ондьхо.;;;;;;
10VI943X.PV;;AI;P-1002S рспахмш J бхапюж. ондьхо.;;;;;;
10VI943X.A1;;AI;P-1002S рспахмш J бхапюж. ондьхо.;;;;;;
10VI943X.A2;;AI;P-1002S рспахмш J бхапюж. ондьхо.;;;;;;
10VI944X.PV;;AI;P-1002S рспахмш J бхапюж. ондьхо.;;;;;;
10VI944X.A1;;AI;P-1002S рспахмш J бхапюж. ондьхо.;;;;;;
10VI944X.A2;;AI;P-1002S рспахмш J бхапюж. ондьхо.;;;;;;
10VI941Y.PV;;AI;P-1002S мюяня J бхапюж. ондьхо.;;;;;;
10VI941Y.A1;;AI;P-1002S мюяня J бхапюж. ондьхо.;;;;;;
10VI941Y.A2;;AI;P-1002S мюяня J бхапюж. ондьхо.;;;;;;
10VI942Y.PV;;AI;P-1002S мюяня J бхапюж. ондьхо.;;;;;;
10VI942Y.A1;;AI;P-1002S мюяня J бхапюж. ондьхо.;;;;;;
10VI942Y.A2;;AI;P-1002S мюяня J бхапюж. ондьхо.;;;;;;
10VI943Y.PV;;AI;P-1002S рспахмш J бхапюж. ондьхо.;;;;;;
10VI943Y.A1;;AI;P-1002S рспахмш J бхапюж. ондьхо.;;;;;;
10VI943Y.A2;;AI;P-1002S рспахмш J бхапюж. ондьхо.;;;;;;
10VI944Y.PV;;AI;P-1002S рспахмш J бхапюж. ондьхо.;;;;;;
10VI944Y.A1;;AI;P-1002S рспахмш J бхапюж. ондьхо.;;;;;;
10VI944Y.A2;;AI;P-1002S рспахмш J бхапюж. ондьхо.;;;;;;
10VI901X.PV;;AI;P-1001A мюяня J бхапюж. ондьхо.;;;;;;
10VI901X.A1;;AI;P-1001A мюяня J бхапюж. ондьхо.;;;;;;
10VI901X.A2;;AI;P-1001A мюяня J бхапюж. ондьхо.;;;;;;
10VI901Y.PV;;AI;P-1001A мюяня J бхапюж. ондьхо.;;;;;;
10VI901Y.A1;;AI;P-1001A мюяня J бхапюж. ондьхо.;;;;;;
10VI901Y.A2;;AI;P-1001A мюяня J бхапюж. ондьхо.;;;;;;
10VI902X.PV;;AI;P-1001A мюяня J бхапюж. ондьхо.;;;;;;
10VI902X.A1;;AI;P-1001A мюяня J бхапюж. ондьхо.;;;;;;
10VI902X.A2;;AI;P-1001A мюяня J бхапюж. ондьхо.;;;;;;
10VI902Y.PV;;AI;P-1001A мюяня J бхапюж. ондьхо.;;;;;;
10VI902Y.A1;;AI;P-1001A мюяня J бхапюж. ондьхо.;;;;;;
10VI902Y.A2;;AI;P-1001A мюяня J бхапюж. ондьхо.;;;;;;
10VI931X.PV;;AI;P-1002A мюяня J бхапюж. ондьхо.;;;;;;
10VI931X.A1;;AI;P-1002A мюяня J бхапюж. ондьхо.;;;;;;
10VI931X.A2;;AI;P-1002A мюяня J бхапюж. ондьхо.;;;;;;
10VI931Y.PV;;AI;P-1002A мюяня J бхапюж. ондьхо.;;;;;;
10VI931Y.A1;;AI;P-1002A мюяня J бхапюж. ондьхо.;;;;;;
10VI931Y.A2;;AI;P-1002A мюяня J бхапюж. ондьхо.;;;;;;
10VI932X.PV;;AI;P-1002A мюяня J бхапюж. ондьхо.;;;;;;
10VI932X.A1;;AI;P-1002A мюяня J бхапюж. ондьхо.;;;;;;
10VI932X.A2;;AI;P-1002A мюяня J бхапюж. ондьхо.;;;;;;
10VI932Y.PV;;AI;P-1002A мюяня J бхапюж. ондьхо.;;;;;;
10VI932Y.A1;;AI;P-1002A мюяня J бхапюж. ондьхо.;;;;;;
10VI932Y.A2;;AI;P-1002A мюяня J бхапюж. ондьхо.;;;;;;
10VI911X.PV;;AI;P-1001B мюяня J бхапюж. ондьхо.;;;;;;
10VI911X.A1;;AI;P-1001B мюяня J бхапюж. ондьхо.;;;;;;
10VI911X.A2;;AI;P-1001B мюяня J бхапюж. ондьхо.;;;;;;
30SI875.PV;;AI;C-3001A яйнпнярэ бпюыемхъ дбхцюрекъ;л_C-3001A;M;нАНПНРШ;#ScaleN(0,1,0,500);;+
30VI975.PV;;AI;C-3001S бхапюжхъ йюпрепю бепрхйюкэмюъ;;;;;;+
30VI975.A1;;AI;C-3001S бхапюжхъ йюпрепю бепрхйюкэмюъ;;;;;;+
30VI975.A2;;AI;C-3001S бхапюжхъ йюпрепю бепрхйюкэмюъ;;;;;;+
30VI976.PV;;AI;C-3001S бхапюжхъ йюпрепю цнпхгнмрюкэмюъ;;;;;;+
30VI976.A1;;AI;C-3001S бхапюжхъ йюпрепю цнпхгнмрюкэмюъ;;;;;;+
30VI976.A2;;AI;C-3001S бхапюжхъ йюпрепю цнпхгнмрюкэмюъ;;;;;;+
30ZI975.PV;;AI;C-3001S нрйкнмемхе ьрнйю оепбнцн жхкхмдпю;хГЛ_я-3001S;M;яДБХЦ_1;;;+
30ZI975.A3;;AI;C-3001S нрйкнмемхе ьрнйю оепбнцн жхкхмдпю;;;;;;+
30ZI975.A4;;AI;C-3001S нрйкнмемхе ьрнйю оепбнцн жхкхмдпю;;;;;;+
30ZI976.PV;;AI;C-3001S нрйкнмемхе ьрнйю брнпнцн жхкхмдпю;хГЛ_я-3001S;M;яДБХЦ_2;;;+
30ZI976.A3;;AI;C-3001S нрйкнмемхе ьрнйю брнпнцн жхкхмдпю;;;;;;+
30ZI976.A4;;AI;C-3001S нрйкнмемхе ьрнйю брнпнцн жхкхмдпю;;;;;;+
30SI975.PV;;AI;C-3001S яйнпнярэ бпюыемхъ дбхцюрекъ;л_C-3001S;M;нАНПНРШ;#ScaleN(0,1,0,500);;+
30VI875.PV;;AI;C-3001A бхапюжхъ йюпрепю бепрхйюкэмюъ;;;;;;+
30VI875.A1;;AI;C-3001A бхапюжхъ йюпрепю бепрхйюкэмюъ;;;;;;+
30VI875.A2;;AI;C-3001A бхапюжхъ йюпрепю бепрхйюкэмюъ;;;;;;+
30VI876.PV;;AI;C-3001A бхапюжхъ йюпрепю цнпхгнмрюкэмюъ;;;;;;+
30VI876.A1;;AI;C-3001A бхапюжхъ йюпрепю цнпхгнмрюкэмюъ;;;;;;+
30VI876.A2;;AI;C-3001A бхапюжхъ йюпрепю цнпхгнмрюкэмюъ;;;;;;+
30ZI875.PV;;AI;C-3001A нрйкнмемхе ьрнйю оепбнцн жхкхмдпю;хГЛ_я-3001A;M;яДБХЦ_1;;;+
30ZI875.A3;;AI;C-3001A нрйкнмемхе ьрнйю оепбнцн жхкхмдпю;;;;;;+
30ZI875.A4;;AI;C-3001A нрйкнмемхе ьрнйю оепбнцн жхкхмдпю;;;;;;+
30ZI876.PV;;AI;C-3001A нрйкнмемхе ьрнйю брнпнцн жхкхмдпю;хГЛ_я-3001A;M;яДБХЦ_2;;;+
30ZI876.A3;;AI;C-3001A нрйкнмемхе ьрнйю брнпнцн жхкхмдпю;;;;;;+
30ZI876.A4;;AI;C-3001A нрйкнмемхе ьрнйю брнпнцн жхкхмдпю;;;;;;+
30VI975A.PV;;AI;C-3001S бхапюжхъ йюпрепю бепрхйюкэмюъ;;;;;;+
30VI975A.A1;;AI;C-3001S бхапюжхъ йюпрепю бепрхйюкэмюъ;;;;;;+
30VI975A.A2;;AI;C-3001S бхапюжхъ йюпрепю бепрхйюкэмюъ;;;;;;+
30VI976A.PV;;AI;C-3001S бхапюжхъ йюпрепю цнпхгнмрюкэмюъ;;;;;;+
30VI976A.A1;;AI;C-3001S бхапюжхъ йюпрепю цнпхгнмрюкэмюъ;;;;;;+
30VI976A.A2;;AI;C-3001S бхапюжхъ йюпрепю цнпхгнмрюкэмюъ;;;;;;+
30VI875A.PV;;AI;C-3001A бхапюжхъ йюпрепю бепрхйюкэмюъ;;;;;;+
30VI875A.A1;;AI;C-3001A бхапюжхъ йюпрепю бепрхйюкэмюъ;;;;;;+
30VI875A.A2;;AI;C-3001A бхапюжхъ йюпрепю бепрхйюкэмюъ;;;;;;+
30VI876A.PV;;AI;C-3001A бхапюжхъ йюпрепю цнпхгнмрюкэмюъ;;;;;;+
30VI876A.A1;;AI;C-3001A бхапюжхъ йюпрепю цнпхгнмрюкэмюъ;;;;;;+
30VI876A.A2;;AI;C-3001A бхапюжхъ йюпрепю цнпхгнмрюкэмюъ;;;;;;+
10VI902X_TEST.PV;;AI;P-1001A мюяня J бхапюж. ондьхо.;;;;;;
10VI902X_TEST.A1;;AI;P-1001A мюяня J бхапюж. ондьхо.;;;;;;
10VI902X_TEST.A2;;AI;P-1001A мюяня J бхапюж. ондьхо.;;;;;;
51ZI926.PV;;AI;C-5140 опенапюгнбюрекэ брнпнцн жхкхмдпю;;;;;;
51ZI926.A3;;AI;C-5140 опенапюгнбюрекэ брнпнцн жхкхмдпю;;;;;;
51ZI926.A4;;AI;C-5140 опенапюгнбюрекэ брнпнцн жхкхмдпю;;;;;;
51SI925.PV;;AI;C-5140 дюэвхй хлоскэяю опенапюгнбюрекэ;;;;;;
51VI975.PV;;AI;C-5140S бхапюжхъ йюпрепю бепрхйюкэмюъ;;;;;;
51VI975.A1;;AI;C-5140S бхапюжхъ йюпрепю бепрхйюкэмюъ;;;;;;
51VI975.A2;;AI;C-5140S бхапюжхъ йюпрепю бепрхйюкэмюъ;;;;;;
51VI976.PV;;AI;C-5140S бхапюжхъ йюпрепю цнпхгнмрюкэмюъ;;;;;;
51VI976.A1;;AI;C-5140S бхапюжхъ йюпрепю цнпхгнмрюкэмюъ;;;;;;
51VI976.A2;;AI;C-5140S бхапюжхъ йюпрепю цнпхгнмрюкэмюъ;;;;;;
51ZI975.PV;;AI;C-5140S опенапюгнбюрекэ оепбнцн жхкхмдпю;;;;;;
51ZI975.A3;;AI;C-5140S опенапюгнбюрекэ оепбнцн жхкхмдпю;;;;;;
51ZI975.A4;;AI;C-5140S опенапюгнбюрекэ оепбнцн жхкхмдпю;;;;;;
51ZI976.PV;;AI;C-5140S опенапюгнбюрекэ брнпнцн жхкхмдпю;;;;;;
51ZI976.A3;;AI;C-5140S опенапюгнбюрекэ брнпнцн жхкхмдпю;;;;;;
51ZI976.A4;;AI;C-5140S опенапюгнбюрекэ брнпнцн жхкхмдпю;;;;;;
51SI975.PV;;AI;C-5140S дюэвхй хлоскэяю опенапюгнбюрекэ;;;;;;
51VI925.PV;;AI;C-5140 бхапюжхъ йюпрепю бепрхйюкэмюъ;;;;;;
51VI925.A1;;AI;C-5140 бхапюжхъ йюпрепю бепрхйюкэмюъ;;;;;;
51VI925.A2;;AI;C-5140 бхапюжхъ йюпрепю бепрхйюкэмюъ;;;;;;
51VI926.PV;;AI;C-5140 бхапюжхъ йюпрепю цнпхгнмрюкэмюъ;;;;;;
51VI926.A1;;AI;C-5140 бхапюжхъ йюпрепю цнпхгнмрюкэмюъ;;;;;;
51VI926.A2;;AI;C-5140 бхапюжхъ йюпрепю цнпхгнмрюкэмюъ;;;;;;
51ZI925.PV;;AI;C-5140 опенапюгнбюрекэ оепбнцн жхкхмдпю;;;;;;
51ZI925.A3;;AI;C-5140 опенапюгнбюрекэ оепбнцн жхкхмдпю;;;;;;
51ZI925.A4;;AI;C-5140 опенапюгнбюрекэ оепбнцн жхкхмдпю;;;;;;
51VI975A.PV;;AI;C-5140S бхапюжхъ йюпрепю бепрхйюкэмюъ;;;;;;
51VI975A.A1;;AI;C-5140S бхапюжхъ йюпрепю бепрхйюкэмюъ;;;;;;
51VI975A.A2;;AI;C-5140S бхапюжхъ йюпрепю бепрхйюкэмюъ;;;;;;
51VI976A.PV;;AI;C-5140S бхапюжхъ йюпрепю цнпхгнмрюкэмюъ;;;;;;
51VI976A.A1;;AI;C-5140S бхапюжхъ йюпрепю цнпхгнмрюкэмюъ;;;;;;
51VI976A.A2;;AI;C-5140S бхапюжхъ йюпрепю цнпхгнмрюкэмюъ;;;;;;
51VI925A.PV;;AI;C-5140 бхапюжхъ йюпрепю бепрхйюкэмюъ;;;;;;
51VI925A.A1;;AI;C-5140 бхапюжхъ йюпрепю бепрхйюкэмюъ;;;;;;
51VI925A.A2;;AI;C-5140 бхапюжхъ йюпрепю бепрхйюкэмюъ;;;;;;
51VI926A.PV;;AI;C-5140 бхапюжхъ йюпрепю цнпхгнмрюкэмюъ;;;;;;
51VI926A.A1;;AI;C-5140 бхапюжхъ йюпрепю цнпхгнмрюкэмюъ;;;;;;
51VI926A.A2;;AI;C-5140 бхапюжхъ йюпрепю цнпхгнмрюкэмюъ;;;;;;
10GT565.PV;;AI;сРЕВЙЮ СЦКЕБНДНПНДМНЦН ЦЮГЮ БАКХГХ ПЮЛШ 1б;;;;;;
10GT503.PV;;AI;сРЕВЙЮ СЦКЕБНДНПНДМНЦН ЦЮГЮ БНГКЕ P-1004A;;;;;;
10GT542.PV;;AI;сРЕВЙЮ СЦКЕБНДНПНДМНЦН ЦЮГЮ БНГКЕ P-1004S;;;;;;
30GT507.PV;;AI;йНМЖЕМРПЮЖХЪ СЦКЕБНДНПНДМНЦН ЦЮГЮ НЙНКН МЮЯНЯЮ P-3003S;;;;;;+
30GT512.PV;;AI;йНМЖЕМРПЮЖХЪ СЦКЕБНДНПНДМНЦН ЦЮГЮ ЛЕФДС МЮЯНЯЮЛХ P-3013A/S;;;;;;+
30GT514.PV;;AI;дерейрнп рнйяхвмнцн цюгю V-3008/р-3004;;;;;;+
30GT511.PV;;AI;дерейрнп рнйяхвмнцн цюгю й-3001;;;;;;+
30GT509.PV;;AI;йНМЖЕМРПЮЖХЪ СЦКЕБНДНПНДМНЦН ЦЮГЮ ЛЕФДС МЮЯНЯЮЛХ P-3004ю/S;;;;;;+
30GT506.PV;;AI;йНМЖЕМРПЮЖХЪ СЦКЕБНДНПНДМНЦН ЦЮГЮ НЙНКН ЕЛЙНЯРХ V-3024;;;;;;+
30GT527.PV;;AI;йНМЖЕМРПЮЖХЪ СЦКЕБНДНПНДМНЦН ЦЮГЮ ЛЕФДС МЮЯНЯЮЛХ P-3017A/S;;;;;;+
30GT505.PV;;AI;дер рнйя цюгю я-3001S кеб ярнп я 2000;;;;;;+
30GT517.PV;;AI;йНМЖЕМРПЮЖХЪ СЦКЕБНДНПНДМНЦН ЦЮГЮ ЛЕФДС E-3001B Х E-3001C;;;;;;+
30GT521.PV;;AI;йНМЖЕМРПЮЖХЪ СЦКЕБНДНПНДМНЦН ЦЮГЮ НЙНКН ЯЕОЮПЮРНПЮ V-3017;;;;;;+
30GT504.PV;;AI;дер рнйя цюгю я-3001ю кеб ярнп я 2000;;;;;;+
30GT522.PV;;AI;йНМЖЕМРПЮЖХЪ СЦКЕБНДНПНДМНЦН ЦЮГЮ ЛЕФДС ТХКЭРПНЛ S-3001A/S Х ЯНЙХМЦ-ЙЮЛЕПНИ R-3001;;;;;;+
30GT549.PV;;AI;йНМЖЕМРПЮЖХЪ СЦКЕБНДНПНДМНЦН ЦЮГЮ ЛЕФДС ЯРЮАХКХГЮРНПНЛ T-3003 Х РЕОКННАЛЕММХЙНЛ E-3005;;;;;;+
30GT515.PV;;AI;йНМЖЕМРПЮЖХЪ СЦКЕБНДНПНДМНЦН ЦЮГЮ НЙНКН ЕЛЙНЯРХ V-3023;;;;;;+
30GT518.PV;;AI;йНМЖЕМРПЮЖХЪ СЦКЕБНДНПНДМНЦН ЦЮГЮ НЙНКН ЕЛЙНЯРХ V-3027;;;;;;+
30GT523.PV;;AI;дерейрнп рнйяхвмнцн цюгю P-3022ю;;;;;;+
30GT524.PV;;AI;йНМЖЕМРПЮЖХЪ СЦКЕБНДНПНДМНЦН ЦЮГЮ ОНД ЩЯРЮЙЮДНИ ОЕВХ м-3001;;;;;;+
30GT510.PV;;AI;йНМЖЕМРПЮЖХЪ СЦКЕБНДНПНДМНЦН ЦЮГЮ ЛЕФДС МЮЯНЯЮЛХ P-3005A/S;;;;;;+
30GT546.PV;;AI;йНМЖЕМРПЮЖХЪ СЦКЕБНДНПНДМНЦН ЦЮГЮ НЙНКН МЮЯНЯЮ P-3003A;;;;;;+
30GT519.PV;;AI;йНМЖЕМРПЮЖХЪ СЦКЕБНДНПНДМНЦН ЦЮГЮ НЙНКН РЕОКННАЛЕММХЙЮ E-3004;;;;;;+
30GT545.PV;;AI;йНМЖЕМРПЮЖХЪ СЦКЕБНДНПНДМНЦН ЦЮГЮ НЙНКН ЕЛЙНЯРХ V-3001, ЙНКНММ T-3001, T-3002;;;;;;+
30GT516.PV;;AI;йНМЖЕМРПЮЖХЪ СЦКЕБНДНПНДМНЦН ЦЮГЮ БНГКЕ ЕЛЙНЯРХ V-3028;;;;;;+
30GT526.PV;;AI;йНМЖЕМРПЮЖХЪ СЦКЕБНДНПНДМНЦН ЦЮГЮ НЙНКН ЕЛЙНЯРЕИ V-3022, V-3015, ЯЕОЮПЮРНПЮ V-3014;;;;;;+
30GT513.PV;;AI;йНМЖЕМРПЮЖХЪ СЦКЕБНДНПНДМНЦН ЦЮГЮ ЛЕФДС МЮЯНЯЮЛХ P-3012A/S;;;;;;+
30GT548.PV;;AI;йНМЖЕМРПЮЖХЪ СЦКЕБНДНПНДМНЦН ЦЮГЮ С АКНЙЮ СОПЮБКЕМХЪ ЦНПЕМХЪ ОЕВХ;;;;;;+
30GT508.PV;;AI;йНМЖЕМРПЮЖХЪ СЦКЕБНДНПНДМНЦН ЦЮГЮ НЙНКН МЮЯНЯЮ P-3001S;;;;;;+
30GT503.PV;;AI;дерейрнп рнйяхвмнцн цюгю лефдс P-3007A/S;;;;;;+
30GT547.PV;;AI;йНМЖЕМРПЮЖХЪ СЦКЕБНДНПНДМНЦН ЦЮГЮ НЙНКН МЮЯНЯЮ P-3001A;;;;;;+
30GT502.PV;;AI;йНМЖЕМРПЮЖХЪ СЦКЕБНДНПНДМНЦН ЦЮГЮ ЛЕФДС МЮЯНЯЮЛХ п-3006A/S;;;;;;+
30GT528.PV;;AI;йНМЖЕМРПЮЖХЪ СЦКЕБНДНПНДМНЦН ЦЮГЮ МЮ ЦПЮМХЖЕ СЯРЮМНБЙХ БАКХГХ ЕЛЙНЯРХ V-3024;;;;;;+
30GT520.PV;;AI;йНМЖЕМРПЮЖХЪ СЦКЕБНДНПНДМНЦН ЦЮГЮ ЛЕФДС МЮЯНЯЮЛХ P-3024A/S;;;;;;+
30GT525.PV;;AI;йНМЖЕМРПЮЖХЪ СЦКЕБНДНПНДМНЦН ЦЮГЮ НЙНКН ЕЛЙНЯРХ V-3002;;;;;;+
43GT036.PV;;AI;сРЕВЙЮ ЦНПЧВЕЦН ЦЮГЮ БНГКЕ е-709;;;;;;
IB431_FGS1_RT2_B.PV;;AI;ярюпр REPAIR TIMER CP2;;;;;;
93PI075.PV;;AI;бНДЮ ОЕПЕД ГЮДБХФЙНИ 93-XV-055;;;;;;
93PI076.PV;;AI;бНДЮ ОЕПЕД ГЮДБХФЙНИ 93-XV-056;;;;;;
93PI073.PV;;AI;бНДЮ ОНЯКЕ ГЮДБХФЙХ 93-XV-055;;;;;;
93PI074.PV;;AI;бНДЮ ОНЯКЕ ГЮДБХФЙХ 93-XV-056;;;;;;
IB431_FGS1_RT1_B.PV;;AI;ярюпр REPAIR TIMER CP1;;;;;;
30HX190_RH.PV;;AI;бемрхкърнп AB3004 мюпюанрйю;;;;;;+
30HX190_ACC.PV;;AI;бемрхкърнп AB3004 мюпюанрйю;;;;;;+
30HX179_RH.PV;;AI;бемрхкърнп AB3003 мюпюанрйю;;;;;;+
30HX179_ACC.PV;;AI;бемрхкърнп AB3003 мюпюанрйю;;;;;;+
30HX178_RH.PV;;AI;бемрхкърнп AB3002 мюпюанрйю;;;;;;+
30HX178_ACC.PV;;AI;бемрхкърнп AB3002 мюпюанрйю;;;;;;+
30HX176_RH.PV;;AI;бемрхкърнп AB3001 мюпюанрйю;;;;;;+
30HX176_ACC.PV;;AI;бемрхкърнп AB3001 мюпюанрйю;;;;;;+
43HX576_RH.PV;;AI;бемрхкърнп AB5 мюпюанрйю;;;;;;
43HX576_ACC.PV;;AI;бемрхкърнп AB5 мюпюанрйю;;;;;;
43HX575_RH.PV;;AI;бемрхкърнп AB4 мюпюанрйю;;;;;;
43HX575_ACC.PV;;AI;бемрхкърнп AB4 мюпюанрйю;;;;;;
43HX574_RH.PV;;AI;бемрхкърнп AB3 мюпюанрйю;;;;;;
43HX574_ACC.PV;;AI;бемрхкърнп AB3 мюпюанрйю;;;;;;
43HX573_RH.PV;;AI;бемрхкърнп AB2 мюпюанрйю;;;;;;
43HX573_ACC.PV;;AI;бемрхкърнп AB2 мюпюанрйю;;;;;;
43HX572_RH.PV;;AI;бемрхкърнп AB1 мюпюанрйю;;;;;;
43HX572_ACC.PV;;AI;бемрхкърнп AB1 мюпюанрйю;;;;;;
IB101_FGS1_RT1_B.PV;;AI;ярюпр REPAIR TIMER CP1;;;;;;
IB101_FGS1_RT2_B.PV;;AI;ярюпр REPAIR TIMER CP2;;;;;;
IB301_FGS1_RT1_B.PV;;AI;ярюпр REPAIR TIMER CP1;;;;;;++
IB301_FGS1_RT2_B.PV;;AI;ярюпр REPAIR TIMER CP2;;;;;;++
IB431_FGS1_T1.PV;;AI;релоепюрспю йнмр-пю CP1;;;;;;
IB431_FGS1_T2.PV;;AI;релоепюрспю йнмр-пю CP2;;;;;;
IB431_FGS1_YEAR.PV;;AI;рейсыхи цнд йнмр-пю FGS_431_1;;;;;;
IB431_FGS1_MONTH.PV;;AI;рейсыхи леяъж йнмр-пю FGS_431_1;;;;;;
IB431_FGS1_DAY.PV;;AI;рейсыхи демэ йнмр-пю FGS_431_1;;;;;;
IB431_FGS1_HOUR.PV;;AI;рейсыхи вюя йнмр-пю FGS_431_1;;;;;;
IB431_FGS1_MIN.PV;;AI;рейсыюъ лхмсрю йнмр-пю FGS_431_1;;;;;;
IB431_FGS1_SEC.PV;;AI;рейсыюъ яейсмдю йнмр-пю FGS_431_1;;;;;;
IB101_FGS1_T1.PV;;AI;релоепюрспю йнмр-пю CP1;;;;;;
IB101_FGS1_T2.PV;;AI;релоепюрспю йнмр-пю CP2;;;;;;
IB101_FGS1_YEAR.PV;;AI;рейсыхи цнд йнмр-пю FGS_101_1;;;;;;
IB101_FGS1_MONTH.PV;;AI;рейсыхи леяъж йнмр-пю FGS_101_1;;;;;;
IB101_FGS1_DAY.PV;;AI;рейсыхи демэ йнмр-пю FGS_101_1;;;;;;
IB101_FGS1_HOUR.PV;;AI;рейсыхи вюя йнмр-пю FGS_101_1;;;;;;
IB101_FGS1_MIN.PV;;AI;рейсыюъ лхмсрю йнмр-пю FGS_101_1;;;;;;
IB101_FGS1_SEC.PV;;AI;рейсыюъ яейсмдю йнмр-пю FGS_101_1;;;;;;
30GT500.PV;;AI;йНМЖЕМРПЮЖХЪ СЦКЕБНДНПНДМНЦН ЦЮГЮ С ЙНЛОПЕЯЯНПЮ C-3001A;;;;;;+
30GT501.PV;;AI;йНМЖЕМРПЮЖХЪ СЦКЕБНДНПНДМНЦН ЦЮГЮ С ЙНЛОПЕЯЯНПЮ C-3001S;;;;;;+
IB301_FGS1_YEAR.PV;;AI;рейсыхи цнд йнмр-пю FGS_301;;;;;;++
IB301_FGS1_MONTH.PV;;AI;рейсыхи леяъж йнмр-пю FGS_301_1;;;;;;++
IB301_FGS1_DAY.PV;;AI;рейсыхи демэ йнмр-пю FGS_301_1;;;;;;++
IB301_FGS1_HOUR.PV;;AI;рейсыхи вюя йнмр-пю FGS_301_1;;;;;;++
IB301_FGS1_MIN.PV;;AI;рейсыюъ лхмсрю йнмр-пю FGS_301_1;;;;;;++
IB301_FGS1_SEC.PV;;AI;рейсыюъ яейсмдю йнмр-пю FGS_301_1;;;;;;++
IB301_FGS1_T1.PV;;AI;релоепюрспю йнмр-пю FGS CP1;;;;;;++
IB301_FGS1_T2.PV;;AI;релоепюрспю йнмр-пю FGS CP1;;;;;;++
10GT532.PV;;AI;сРЕВЙЮ СЦКЕБНДНПНДМНЦН ЦЮГЮ БНГКЕ P-1008A, P-1008S;;;;;;
10GT526.PV;;AI;сРЕВЙЮ СЦКЕБНДНПНДМНЦН ЦЮГЮ ЛЕФДС T-1001, V-1041;;;;;;
10GT509.PV;;AI;сРЕВЙЮ СЦКЕБНДНПНДМНЦН ЦЮГЮ БНГКЕ P-1001A;;;;;;
10GT520.PV;;AI;сРЕВЙЮ СЦКЕБНДНПНДМНЦН ЦЮГЮ БНГКЕ V-1042B;;;;;;
10GT506.PV;;AI;сРЕВЙЮ СЦКЕБНДНПНДМНЦН ЦЮГЮ БНГКЕ P-1002S;;;;;;
10GT508.PV;;AI;сРЕВЙЮ СЦКЕБНДНПНДМНЦН ЦЮГЮ БНГКЕ P-1010S;;;;;;
10GT525.PV;;AI;сРЕВЙЮ СЦКЕБНДНПНДМНЦН ЦЮГЮ БНГКЕ T-1001;;;;;;
10GT538.PV;;AI;сРЕВЙЮ СЦКЕБНДНПНДМНЦН ЦЮГЮ БНГКЕ V-1005;;;;;;
10GT505.PV;;AI;сРЕВЙЮ СЦКЕБНДНПНДМНЦН ЦЮГЮ ЛЕФДС P-1003A/S;;;;;;
10GT500.PV;;AI;сРЕВЙЮ СЦКЕБНДНПНДМНЦН ЦЮГЮ Б ЦНПЪВЕИ МЮЯНЯМНИ;;;;;;
10GT519.PV;;AI;сРЕВЙЮ СЦКЕБНДНПНДМНЦН ЦЮГЮ ЛЕФДС E-1024A/B;;;;;;
10GT530.PV;;AI;сРЕВЙЮ СЦКЕБНДНПНДМНЦН ЦЮГЮ С ЩЯРЮЙЮДШ БАКХГХ 8-C20;;;;;;
10GT540.PV;;AI;сРЕВЙЮ СЦКЕБНДНПНДМНЦН ЦЮГЮ С ЩЯРЮЙЮДШ ЛЕФДС 8-я25 Х8-я26;;;;;;
10GT521.PV;;AI;сРЕВЙЮ СЦКЕБНДНПНДМНЦН ЦЮГЮ БНГКЕ E-1005ю/б;;;;;;
10GT501.PV;;AI;сРЕВЙЮ СЦКЕБНДНПНДМНЦН ЦЮГЮ ЛЕФДС P-1009A/S;;;;;;
10GT513.PV;;AI;сРЕВЙЮ СЦКЕБНДНПНДМНЦН ЦЮГЮ БНГКЕ P-1005A;;;;;;
10GT507.PV;;AI;сРЕВЙЮ СЦКЕБНДНПНДМНЦН ЦЮГЮ БНГКЕ P-1044A/S, P-1043;;;;;;
10GT523.PV;;AI;сРЕВЙЮ СЦКЕБНДНПНДМНЦН ЦЮГЮ ЛЕФДС E-1013A/B, E-1014A/B;;;;;;
10GT527.PV;;AI;сРЕВЙЮ СЦКЕБНДНПНДМНЦН ЦЮГЮ ЛЕФДС V-1041, E-1038;;;;;;
10GT515.PV;;AI;сРЕВЙЮ СЦКЕБНДНПНДМНЦН ЦЮГЮ БНГКЕ P-1045ю;;;;;;
10GT512.PV;;AI;сРЕВЙЮ СЦКЕБНДНПНДМНЦН ЦЮГЮ БНГКЕ P-1001B;;;;;;
10GT535.PV;;AI;сРЕВЙЮ СЦКЕБНДНПНДМНЦН ЦЮГЮ БНГКЕ P-1045A/S;;;;;;
10GT514.PV;;AI;сРЕВЙЮ СЦКЕБНДНПНДМНЦН ЦЮГЮ ЛЕФДС E-1040 Х V-1044;;;;;;
10GT524.PV;;AI;сРЕВЙЮ СЦКЕБНДНПНДМНЦН  ЦЮГЮ БНГКЕ E-1015ю/б;;;;;;
10GT502.PV;;AI;сРЕВЙЮ СЦКЕБНДНПНДМНЦН ЦЮГЮ ЛЕФДС P-1005A/S;;;;;;
43GT021.PV;;AI;сРЕВЙЮ ЦНПЧВЕЦН ЦЮГЮ БНГКЕ е-705;;;;;;
43GT423.PV;;AI;сРЕВЙЮ ЦНПЧВЕЦН ЦЮГЮ БНГКЕ E-4301502A;;;;;;
43GT020.PV;;AI;сРЕВЙЮ ЦНПЧВЕЦН ЦЮГЮ БНГКЕ е-705;;;;;;
43GT407.PV;;AI;сРЕВЙЮ ЦНПЧВЕЦН ЦЮГЮ БНГКЕ п-4301506юX/SX;;;;;;
43GT018.PV;;AI;сРЕВЙЮ ЦНПЧВЕЦН ЦЮГЮ БНГКЕ е-705;;;;;;
43GT416.PV;;AI;сРЕВЙЮ ЦНПЧВЕЦН ЦЮГЮ БНГКЕ S-4301508A/S;;;;;;
43GT039.PV;;AI;сРЕВЙЮ ЦНПЧВЕЦН ЦЮГЮ БНГКЕ е-709;;;;;;
43GT019.PV;;AI;сРЕВЙЮ ЦНПЧВЕЦН ЦЮГЮ БНГКЕ е-705;;;;;;
43GT417.PV;;AI;сРЕВЙЮ ЦНПЧВЕЦН ЦЮГЮ БНГКЕ F-4301502;;;;;;
43GT003.PV;;AI;сРЕВЙЮ ЦНПЧВЕЦН ЦЮГЮ БНГКЕ е-701;;;;;;
43GT037.PV;;AI;сРЕВЙЮ ЦНПЧВЕЦН ЦЮГЮ БНГКЕ е-709;;;;;;
43GT001.PV;;AI;сРЕВЙЮ ЦНПЧВЕЦН ЦЮГЮ БНГКЕ е-701;;;;;;
43GT031.PV;;AI;сРЕВЙЮ ЦНПЧВЕЦН ЦЮГЮ БНГКЕ е-708;;;;;;
43GT007.PV;;AI;сРЕВЙЮ ЦНПЧВЕЦН ЦЮГЮ БНГКЕ е-702;;;;;;
43GT012.PV;;AI;сРЕВЙЮ ЦНПЧВЕЦН ЦЮГЮ БНГКЕ е-703;;;;;;
43GT005.PV;;AI;сРЕВЙЮ ЦНПЧВЕЦН ЦЮГЮ БНГКЕ е-701;;;;;;
43GT013.PV;;AI;сРЕВЙЮ ЦНПЧВЕЦН ЦЮГЮ БНГКЕ е-703;;;;;;
43GT010.PV;;AI;сРЕВЙЮ ЦНПЧВЕЦН ЦЮГЮ БНГКЕ е-703;;;;;;
10GT522.PV;;AI;сРЕВЙЮ СЦКЕБНДНПНДМНЦН ЦЮГЮ БНГКЕ E-1003A/B;;;;;;
10GT511.PV;;AI;сРЕВЙЮ СЦКЕБНДНПНДМНЦН ЦЮГЮ БНГКЕ V-1042A;;;;;;
10GT517.PV;;AI;сРЕВЙЮ СЦКЕБНДНПНДМНЦН ЦЮГЮ ЛЕФДС E-1029A/B;;;;;;
10GT534.PV;;AI;сРЕВЙЮ СЦКЕБНДНПНДМНЦН ЦЮГЮ БНГКЕ е-1011;;;;;;
10GT537.PV;;AI;сРЕВЙЮ СЦКЕБНДНПНДМНЦН ЦЮГЮ С ЦПЮМХЖШ ЦНПЪВЕИ МЮЯНЯМНИ БНГКЕ P-1009A;;;;;;
10GT529.PV;;AI;сРЕВЙЮ РНЙЯХВМНЦН ЦЮГЮ ЛЕФДС P-1007S, P-1008A;;;;;;
10GT531.PV;;AI;сРЕВЙЮ СЦКЕБНДНПНДМНЦН ЦЮГЮ БНГКЕ V-1042C;;;;;;
10GT543.PV;;AI;сРЕВЙЮ СЦКЕБНДНПНДМНЦН ЦЮГЮ БНГКЕ P-1003S;;;;;;
10GT539.PV;;AI;сРЕВЙЮ СЦКЕБНДНПНДМНЦН ЦЮГЮ С ЩЯРЮЙЮДШ БАКХГХ 8-я23;;;;;;
10GT518.PV;;AI;сРЕВЙЮ СЦКЕБНДНПНДМНЦН ЦЮГЮ ЛЕФДС E-1028A/B;;;;;;
10GT536.PV;;AI;сРЕВЙЮ СЦКЕБНДНПНДМНЦН ЦЮГЮ С ЦПЮМХЖШ ЦНПЪВЕИ МЮЯНЯМНИ БНГКЕ P-1004A,S;;;;;;
10GT516.PV;;AI;сРЕВЙЮ СЦКЕБНДНПНДМНЦН ЦЮГЮ БНГКЕ V-1001;;;;;;
10GT510.PV;;AI;сРЕВЙЮ СЦКЕБНДНПНДМНЦН ЦЮГЮ БНГКЕ P-1001B/S;;;;;;
10GT504.PV;;AI;сРЕВЙЮ СЦКЕБНДНПНДМНЦН ЦЮГЮ БНГКЕ P-1002A;;;;;;
10GT533.PV;;AI;сРЕВЙЮ СЦКЕБНДНПНДМНЦН ЦЮГЮ БАКХГХ кя-2 С АКНЙЮ БЮЙССЛМНИ ЙНКНММШ;;;;;;
10GT541.PV;;AI;сРЕВЙЮ СЦКЕБНДНПНДМНЦН ЦЮГЮ С ЩЯРЮЙЮДШ БАКХГХ 8-я28;;;;;;
10GT564.PV;;AI;сРЕВЙЮ СЦКЕБНДНПНДМНЦН ЦЮГЮ БАКХГХ ПЮЛШ 1ю;;;;;;
10GT528.PV;;AI;сРЕВЙЮ СЦКЕБНДНПНДМНЦН ЦЮГЮ ЛЕФДС P-1007A, P-1007S;;;;;;
43GT027.PV;;AI;сРЕВЙЮ ЦНПЧВЕЦН ЦЮГЮ БНГКЕ е-706, е-707;;;;;;
43GT034.PV;;AI;сРЕВЙЮ ЦНПЧВЕЦН ЦЮГЮ БНГКЕ е-708;;;;;;
43GT002.PV;;AI;сРЕВЙЮ ЦНПЧВЕЦН ЦЮГЮ БНГКЕ е-701;;;;;;
43GT401.PV;;AI;сРЕВЙЮ ЦНПЧВЕЦН ЦЮГЮ БНГКЕ п-4301501юX/SX;;;;;;
43GT033.PV;;AI;сРЕВЙЮ ЦНПЧВЕЦН ЦЮГЮ БНГКЕ е-708;;;;;;
43GT026.PV;;AI;сРЕВЙЮ ЦНПЧВЕЦН ЦЮГЮ БНГКЕ е-707;;;;;;
43GT029.PV;;AI;сРЕВЙЮ ЦНПЧВЕЦН ЦЮГЮ БНГКЕ е-708;;;;;;
43GT418.PV;;AI;сРЕВЙЮ ЦНПЧВЕЦН ЦЮГЮ БНГКЕ E-4301502A/B;;;;;;
43GT412.PV;;AI;сРЕВЙЮ ЦНПЧВЕЦН ЦЮГЮ БНГКЕ S-4301504A/S;;;;;;
43GT405.PV;;AI;сРЕВЙЮ ЦНПЧВЕЦН ЦЮГЮ БНГКЕ п-43015042SX;;;;;;
43GT420.PV;;AI;сРЕВЙЮ ЦНПЧВЕЦН ЦЮГЮ БНГКЕ п-4301508юX/SX;;;;;;
43GT040.PV;;AI;сРЕВЙЮ ЦНПЧВЕЦН ЦЮГЮ БНГКЕ е-709;;;;;;
43GT404.PV;;AI;сРЕВЙЮ ЦНПЧВЕЦН ЦЮГЮ БНГКЕ п-4301504юX/1SX;;;;;;
43GT410.PV;;AI;сРЕВЙЮ ЦНПЧВЕЦН ЦЮГЮ БНГКЕ S-4301502A/S;;;;;;
43GT402.PV;;AI;сРЕВЙЮ ЦНПЧВЕЦН ЦЮГЮ БНГКЕ п-4301502AX/SX;;;;;;
43GT023.PV;;AI;сРЕВЙЮ ЦНПЧВЕЦН ЦЮГЮ БНГКЕ е-706;;;;;;
43GT035.PV;;AI;сРЕВЙЮ ЦНПЧВЕЦН ЦЮГЮ БНГКЕ е-709;;;;;;
43GT008.PV;;AI;сРЕВЙЮ ЦНПЧВЕЦН ЦЮГЮ БНГКЕ е-702;;;;;;
43GT032.PV;;AI;сРЕВЙЮ ЦНПЧВЕЦН ЦЮГЮ БНГКЕ е-708;;;;;;
43GT016.PV;;AI;сРЕВЙЮ ЦНПЧВЕЦН ЦЮГЮ БНГКЕ е-704;;;;;;
43GT024.PV;;AI;сРЕВЙЮ ЦНПЧВЕЦН ЦЮГЮ БНГКЕ е-706, е-707;;;;;;
43GT421.PV;;AI;сРЕВЙЮ ЦНПЧВЕЦН ЦЮГЮ БНГКЕ GV-4301501, F-4301501;;;;;;
43GT041.PV;;AI;сРЕВЙЮ ЦНПЧВЕЦН ЦЮГЮ БНГКЕ е-703;;;;;;
43GT413.PV;;AI;сРЕВЙЮ ЦНПЧВЕЦН ЦЮГЮ БНГКЕ S-4301505A/S;;;;;;
43GT028.PV;;AI;сРЕВЙЮ ЦНПЧВЕЦН ЦЮГЮ БНГКЕ е-706;;;;;;
43GT006.PV;;AI;сРЕВЙЮ ЦНПЧВЕЦН ЦЮГЮ БНГКЕ е-702;;;;;;
43GT422.PV;;AI;сРЕВЙЮ ЦНПЧВЕЦН ЦЮГЮ БНГКЕ HV-4301503;;;;;;
43GT406.PV;;AI;сРЕВЙЮ ЦНПЧВЕЦН ЦЮГЮ БНГКЕ п-4301505юX/SX;;;;;;
43GT025.PV;;AI;сРЕВЙЮ ЦНПЧВЕЦН ЦЮГЮ БНГКЕ е-707;;;;;;
43GT004.PV;;AI;сРЕВЙЮ ЦНПЧВЕЦН ЦЮГЮ БНГКЕ е-701;;;;;;
43GT038.PV;;AI;сРЕВЙЮ ЦНПЧВЕЦН ЦЮГЮ БНГКЕ е-709;;;;;;
43GT030.PV;;AI;сРЕВЙЮ ЦНПЧВЕЦН ЦЮГЮ БНГКЕ е-708;;;;;;
43GT015.PV;;AI;сРЕВЙЮ ЦНПЧВЕЦН ЦЮГЮ БНГКЕ е-704;;;;;;
43GT011.PV;;AI;сРЕВЙЮ ЦНПЧВЕЦН ЦЮГЮ БНГКЕ е-703;;;;;;
43GT017.PV;;AI;сРЕВЙЮ ЦНПЧВЕЦН ЦЮГЮ БНГКЕ е-704;;;;;;
43GT409.PV;;AI;сРЕВЙЮ ЦНПЧВЕЦН ЦЮГЮ БНГКЕ S-4301501A/S;;;;;;
43GT014.PV;;AI;сРЕВЙЮ ЦНПЧВЕЦН ЦЮГЮ БНГКЕ е-704;;;;;;
43GT022.PV;;AI;сРЕВЙЮ ЦНПЧВЕЦН ЦЮГЮ БНГКЕ е-705;;;;;;
43GT009.PV;;AI;сРЕВЙЮ ЦНПЧВЕЦН ЦЮГЮ БНГКЕ е-702;;;;;;
43GT408.PV;;AI;сРЕВЙЮ ЦНПЧВЕЦН ЦЮГЮ БНГКЕ P-4301507AX/SX;;;;;;
30YT001.PV;;AI;с МЮЯНЯНБ P-3006A/S (Б НЯЪУ 1-3/ю);;;;;;+
30YT002.PV;;AI;с МЮЯНЯНБ P-3006A/S (Б НЯЪУ 1-3/ю);;;;;;+
30YT003.PV;;AI;с МЮЯНЯЮ C-3001A (Б НЯЪУ 5/B);;;;;;+
30YT004.PV;;AI;с МЮЯНЯЮ C-3001S (Б НЯЪУ 7/B);;;;;;+
30YT005.PV;;AI;с МЮЯНЯЮ C-3001A (Б НЯЪУ 6/A);;;;;;+
30YT006.PV;;AI;с МЮЯНЯЮ C-3001S (Б НЯЪУ 8/A);;;;;;+
30YT007.PV;;AI;с МЮЯНЯНБ P-3012A/S (Б НЯЪУ 1/B);;;;;;+
30YT008.PV;;AI;с МЮЯНЯНБ P-3013A/S (Б НЯЪУ 2/A);;;;;;+
30YT009.PV;;AI;с МЮЯНЯЮ P-3027 (Б НЯЪУ 9/A);;;;;;+
30YT010.PV;;AI;с МЮЯНЯНБ P-3024A/S (Б НЯЪУ 8/B);;;;;;+
30YT011.PV;;AI;с МЮЯНЯЮ P-3003A (Б НЯЪУ 6/B);;;;;;+
30YT012.PV;;AI;с МЮЯНЯЮ P-3003S (Б НЯЪУ 5/A);;;;;;+
30YT013.PV;;AI;с МЮЯНЯЮ P-3005S (Б НЯЪУ 4/B);;;;;;+
30YT014.PV;;AI;с МЮЯНЯЮ P-3001S (Б НЯЪУ 3/A);;;;;;+
30YT015.PV;;AI;с МЮЯНЯЮ P-3001A (Б НЯЪУ 2/B);;;;;;+
43YT400.PV;;AI;дЮРВХЙ НАМЮПСФЕМХЪ ОКЮЛЕМХ мя. мЮЯНЯМЮЪ;;;;;;
43YT401.PV;;AI;дЮРВХЙ НАМЮПСФЕМХЪ ОКЮЛЕМХ мя. мЮЯНЯМЮЪ;;;;;;
43YT402.PV;;AI;дЮРВХЙ НАМЮПСФЕМХЪ ОКЮЛЕМХ мя. мЮЯНЯМЮЪ;;;;;;
43YT403.PV;;AI;дЮРВХЙ НАМЮПСФЕМХЪ ОКЮЛЕМХ мя. мЮЯНЯМЮЪ;;;;;;
43YT404.PV;;AI;дЮРВХЙ НАМЮПСФЕМХЪ ОКЮЛЕМХ мя. мЮЯНЯМЮЪ;;;;;;
43YT405.PV;;AI;дЮРВХЙ НАМЮПСФЕМХЪ ОКЮЛЕМХ мя. мЮЯНЯМЮЪ;;;;;;
43YT406.PV;;AI;дЮРВХЙ НАМЮПСФЕМХЪ ОКЮЛЕМХ мя. мЮЯНЯМЮЪ;;;;;;
43YT407.PV;;AI;оНЛЕЫЕМХЕ МЮЯНЯМНИ. оНФЮП;;;;;;
43YT408.PV;;AI;оНЛЕЫЕМХЕ МЮЯНЯМНИ. оНФЮП;;;;;;
43YT409.PV;;AI;дЮРВХЙ НАМЮПСФЕМХЪ ОКЮЛЕМХ мя. мЮЯНЯМЮЪ;;;;;;
43YT410.PV;;AI;дЮРВХЙ НАМЮПСФЕМХЪ ОКЮЛЕМХ мя. мЮЯНЯМЮЪ;;;;;;
43YT411.PV;;AI;дЮРВХЙ НАМЮПСФЕМХЪ ОКЮЛЕМХ мя. мЮЯНЯМЮЪ;;;;;;
52HX034_RH.PV;;AI;бемрхкърнп 1B2 мюпюанрйю;;;;;;
52HX034_ACC.PV;;AI;бемрхкърнп 1B2 мюпюанрйю;;;;;;
52HX035_RH.PV;;AI;бемрхкърнп 1B3 мюпюанрйю;;;;;;
IB511_FGS1_T1.PV;;AI;релоепюрспю йнмр-пю CP1;;;;;;
IB511_FGS1_T2.PV;;AI;релоепюрспю йнмр-пю CP2;;;;;;
IB511_FGS1_MONTH.PV;;AI;рейсыхи леяъж йнмр-пю FGS_511_1;;;;;;
IB511_FGS1_DAY.PV;;AI;рейсыхи демэ йнмр-пю FGS_511_1;;;;;;
IB511_FGS1_HOUR.PV;;AI;рейсыхи вюя йнмр-пю FGS_511_1;;;;;;
IB511_FGS1_MIN.PV;;AI;рейсыюъ лхмсрю йнмр-пю FGS_511_1;;;;;;
IB511_FGS1_SEC.PV;;AI;рейсыюъ яейсмдю йнмр-пю FGS_511_1;;;;;;
IB511_FGS1_YEAR.PV;;AI;рейсыхи цнд йнмр-пю FGS_511_1;;;;;;
52PI151.PV;;AI;P бндш б дпемвепмсч яхярелс онлеыемхъ йнлопеяянпмни;;;;;;
IB511_FGS1_RT1_B.PV;;AI;ярюпр REPAIR TIMER CP1;;;;;;
IB511_FGS1_RT2_B.PV;;AI;ярюпр REPAIR TIMER CP2;;;;;;
52HX036_RH.PV;;AI;бемрхкърнп 1B4 мюпюанрйю;;;;;;
52HX036_ACC.PV;;AI;бемрхкърнп 1B4 мюпюанрйю;;;;;;
52HX037_ACC.PV;;AI;бемрхкърнп 1AB1 мюпюанрйю;;;;;;
52HX038_ACC.PV;;AI;бемрхкърнп 1AB2 мюпюанрйю;;;;;;
52HX039_ACC.PV;;AI;бемрхкърнп 1AB3 мюпюанрйю;;;;;;
52HX040_ACC.PV;;AI;бемрхкърнп 1AB4 мюпюанрйю;;;;;;
52HX041_ACC.PV;;AI;бемрхкърнп 1AB5 мюпюанрйю;;;;;;
52HX042_ACC.PV;;AI;бемрхкърнп 2AB1 мюпюанрйю;;;;;;
52HX043_ACC.PV;;AI;бемрхкърнп 2AB2 мюпюанрйю;;;;;;
52HX037_RH.PV;;AI;бемрхкърнп 1AB1 мюпюанрйю;;;;;;
52HX038_RH.PV;;AI;бемрхкърнп 1AB2 мюпюанрйю;;;;;;
52HX039_RH.PV;;AI;бемрхкърнп 1AB3 мюпюанрйю;;;;;;
52HX040_RH.PV;;AI;бемрхкърнп 1AB4 мюпюанрйю;;;;;;
52HX041_RH.PV;;AI;бемрхкърнп 1AB5 мюпюанрйю;;;;;;
52HX042_RH.PV;;AI;бемрхкърнп 2AB1 мюпюанрйю;;;;;;
52HX043_RH.PV;;AI;бемрхкърнп 2AB2 мюпюанрйю;;;;;;
52HX035_ACC.PV;;AI;бемрхкърнп 1B3 мюпюанрйю;;;;;;
52GT006.PV;;AI;сревйю NH3 бнгке пегепбсюпю F-5100;;;;;;
52GT007.PV;;AI;сревйю H2S бнгке пегепбсюпю F-5100;;;;;;
52GT008.PV;;AI;сревйю NH3 бнгке пегепбсюпю F-5100;;;;;;
52GT009.PV;;AI;сревйю H2S л/д мюянямни я.5200 х F-5100;;;;;;
52GT010.PV;;AI;сревйю NH3 л/д мюянямни я.5200 х F-5100;;;;;;
52GT011.PV;;AI;сРЕВЙЮ СЦКЕБНДНПНДМНЦН ЦЮГЮ ЛЕФДС МЮЯНЯЮЛХ п-5161 Х п-5103;;;;;;
52GT012.PV;;AI;сРЕВЙЮ СЦКЕБНДНПНДМНЦН ЦЮГЮ ЛЕФДС МЮЯНЯЮЛХ п-5108 Х п-5109;;;;;;
52GT013.PV;;AI;сревйю м2S бнгке T-5110 х р-5120;;;;;;
52GT014.PV;;AI;сревйю H2S бнгке E-5203;;;;;;
52GT015.PV;;AI;сревйю м2S бнгке V-5202;;;;;;
52GT016.PV;;AI;сревйю м2S б мюянямни C.5100;;;;;;
52GT017.PV;;AI;сревйю м2S б мюянямни C.5100;;;;;;
52GT018.PV;;AI;сревйю м2S б мюянямни C.5200;;;;;;
52GT019.PV;;AI;сревйю м2S б мюянямни C.5200;;;;;;
52GT020.PV;;AI;сревйю NH3 бнгке S-5160;;;;;;
52GT021.PV;;AI;сревйю NH3 бнгке E-5142;;;;;;
52GT022.PV;;AI;сревйю NH3 бнгке V-5161;;;;;;
52GT023.PV;;AI;сревйю NH3 бнгке E-5203;;;;;;
52GT001.PV;;AI;сРЕВЙЮ СЦКЕБНДНПНДМНЦН ЦЮГЮ БНГКЕ ЮДЯНПАЕПЮ V-5160A;;;;;;
52GT002.PV;;AI;сРЕВЙЮ СЦКЕБНДНПНДМНЦН ЦЮГЮ БНГКЕ УНКНДХКЭМХЙЮ е-5101б;;;;;;
52GT003.PV;;AI;сревйю H2S бнгке пегепбсюпю F-5100;;;;;;
52GT004.PV;;AI;сревйю NH3 бнгке пегепбсюпю F-5100;;;;;;
52GT005.PV;;AI;сревйю H2S бнгке пегепбсюпю F-5100;;;;;;
52GT024.PV;;AI;сревйю NH3 бнгке V-5202;;;;;;
52GT025.PV;;AI;сревйю NH3 б мюянямни я.5100;;;;;;
52GT026.PV;;AI;сревйю NH3 б мюянямни я.5100;;;;;;
52GT027.PV;;AI;сревйю NH3 б мюянямни я.5200;;;;;;
52GT028.PV;;AI;сревйю NH3 б мюянямни я.5200;;;;;;
52GT029.PV;;AI;сревйю NH3 б йнлопеяянпмни (я-5140);;;;;;
52GT030.PV;;AI;сревйю NH3 б йнлопеяянпммни (я-5140S);;;;;;
51YT001.PV;;AI;дюрвхй окюлемх;;;;;;
51YT002.PV;;AI;дюрвхй окюлемх;;;;;;
51YT003.PV;;AI;дюрвхй окюлемх;;;;;;
51YT004.PV;;AI;дюрвхй окюлемх;;;;;;
51YT005.PV;;AI;дюрвхй окюлемх;;;;;;
51YT006.PV;;AI;дюрвхй окюлемх;;;;;;
10TI914.PV;;AI;релоепюрспю дшлнбшу цюгнб б йнмбейжхх м-1001ю;;;;;;
10TI914.A1;;AI;релоепюрспю дшлнбшу цюгнб б йнмбейжхх м-1001ю;;;;;;
10TI942.PV;;AI;дшлнбше цюгш б е-1031юу;;;;;;
10TI942.A1;;AI;дшлнбше цюгш б е-1031юу;;;;;;
10TI943.PV;;AI;C-1001AX релоеп-пю ондьхо. бнгдсундсбйх;;;;;;
10TI943.A1;;AI;C-1001AX релоеп-пю ондьхо. бнгдсундсбйх;;;;;;
10TI944.PV;;AI;C-1001AX релоеп-пю ондьхо. бнгдсундсбйх;;;;;;
10TI944.A1;;AI;C-1001AX релоеп-пю ондьхо. бнгдсундсбйх;;;;;;
10TI945.PV;;AI;я-1001Bу релоеп-пю ондьхо. бнгдсундсбйх;;;;;;
10TI945.A1;;AI;я-1001Bу релоеп-пю ондьхо. бнгдсундсбйх;;;;;;
10TI946.PV;;AI;я-1001Bу релоеп-пю ондьхо. бнгдсундсбйх;;;;;;
10TI946.A1;;AI;я-1001Bу релоеп-пю ондьхо. бнгдсундсбйх;;;;;;
10TI947.PV;;AI;я-1002юу релоеп-пю ондьхо. дшлняняю;;;;;;
10TI947.A1;;AI;я-1002юу релоеп-пю ондьхо. дшлняняю;;;;;;
10TI908C.PV;;AI;релоепюрспю яремйх 3 глеебхйю;;;;;;
10TI908C.A1;;AI;релоепюрспю яремйх 3 глеебхйю;;;;;;
10TI909A.PV;;AI;релоепюрспю яремйх 4 глеебхйю;;;;;;
10TI909A.A1;;AI;релоепюрспю яремйх 4 глеебхйю;;;;;;
10TI909B.PV;;AI;релоепюрспю яремйх 4 глеебхйю;;;;;;
10TI909B.A1;;AI;релоепюрспю яремйх 4 глеебхйю;;;;;;
10TI847.PV;;AI;C-1002BX релоеп-пю ондьхо. дшлняняю;;;;;;
10TI847.A1;;AI;C-1002BX релоеп-пю ондьхо. дшлняняю;;;;;;
10TI848.PV;;AI;C-1002BX релоеп-пю ондьхо. дшлняняю;;;;;;
10TI848.A1;;AI;C-1002BX релоеп-пю ондьхо. дшлняняю;;;;;;
10TI810A.PV;;AI;релоепюрспю яремйх 5 глеебхйю;;;;;;
10TI810A.A1;;AI;релоепюрспю яремйх 5 глеебхйю;;;;;;
10TI810B.PV;;AI;релоепюрспю яремйх 5 глеебхйю;;;;;;
10TI810B.A1;;AI;релоепюрспю яремйх 5 глеебхйю;;;;;;
10TI810C.PV;;AI;релоепюрспю яремйх 5 глеебхйю;;;;;;
10TI810C.A1;;AI;релоепюрспю яремйх 5 глеебхйю;;;;;;
10TI909C.PV;;AI;релоепюрспю яремйх 4 глеебхйю;;;;;;
10TI909C.A1;;AI;релоепюрспю яремйх 4 глеебхйю;;;;;;
10TI900.PV;;AI;релоепюрспю дшлнбшу цюгнб й дшлняняс я-1002юу;;;;;;
10TI900.A1;;AI;релоепюрспю дшлнбшу цюгнб й дшлняняс я-1002юу;;;;;;
10TI948.PV;;AI;я-1002юу релоеп-пю ондьхо. дшлняняю;;;;;;
10TI948.A1;;AI;я-1002юу релоеп-пю ондьхо. дшлняняю;;;;;;
10TI910A.PV;;AI;релоепюрспю яремйх 5 глеебхйю;;;;;;
10TI910A.A1;;AI;релоепюрспю яремйх 5 глеебхйю;;;;;;
10TI910B.PV;;AI;релоепюрспю яремйх 5 глеебхйю;;;;;;
10TI910B.A1;;AI;релоепюрспю яремйх 5 глеебхйю;;;;;;
10TI910C.PV;;AI;релоепюрспю яремйх 5 глеебхйю;;;;;;
10TI910C.A1;;AI;релоепюрспю яремйх 5 глеебхйю;;;;;;
10TI911A.PV;;AI;релоепюрспю яремйх 6 глеебхйю;;;;;;
10TI911A.A1;;AI;релоепюрспю яремйх 6 глеебхйю;;;;;;
10TI911B.PV;;AI;релоепюрспю яремйх 6 глеебхйю;;;;;;
10TI911B.A1;;AI;релоепюрспю яремйх 6 глеебхйю;;;;;;
10TI911C.PV;;AI;релоепюрспю яремйх 6 глеебхйю;;;;;;
10TI911C.A1;;AI;релоепюрспю яремйх 6 глеебхйю;;;;;;
10TI912A.PV;;AI;релоепюрспю яремйх 7 глеебхйю;;;;;;
10TI912A.A1;;AI;релоепюрспю яремйх 7 глеебхйю;;;;;;
10TI912B.PV;;AI;релоепюрспю яремйх 7 глеебхйю;;;;;;
10TI912B.A1;;AI;релоепюрспю яремйх 7 глеебхйю;;;;;;
10TI912C.PV;;AI;релоепюрспю яремйх 7 глеебхйю;;;;;;
10TI912C.A1;;AI;релоепюрспю яремйх 7 глеебхйю;;;;;;
10TI913A.PV;;AI;релоепюрспю яремйх 8 глеебхйю;;;;;;
10TI913A.A1;;AI;релоепюрспю яремйх 8 глеебхйю;;;;;;
10TI913B.PV;;AI;релоепюрспю яремйх 8 глеебхйю;;;;;;
10TI913B.A1;;AI;релоепюрспю яремйх 8 глеебхйю;;;;;;
10TI913C.PV;;AI;релоепюрспю яремйх 8 глеебхйю;;;;;;
10TI913C.A1;;AI;релоепюрспю яремйх 8 глеебхйю;;;;;;
10TI906A.PV;;AI;релоепюрспю яремйх 1 глеебхйю;;;;;;
10TI906A.A1;;AI;релоепюрспю яремйх 1 глеебхйю;;;;;;
10TI906B.PV;;AI;релоепюрспю яремйх 1 глеебхйю;;;;;;
10TI906B.A1;;AI;релоепюрспю яремйх 1 глеебхйю;;;;;;
10TI906C.PV;;AI;релоепюрспю яремйх 1 глеебхйю;;;;;;
10TI906C.A1;;AI;релоепюрспю яремйх 1 глеебхйю;;;;;;
10TI907A.PV;;AI;релоепюрспю яремйх 2 глеебхйю;;;;;;
10TI907A.A1;;AI;релоепюрспю яремйх 2 глеебхйю;;;;;;
10TI907B.PV;;AI;релоепюрспю яремйх 2 глеебхйю;;;;;;
10TI907B.A1;;AI;релоепюрспю яремйх 2 глеебхйю;;;;;;
10TI907C.PV;;AI;релоепюрспю яремйх 2 глеебхйю;;;;;;
10TI907C.A1;;AI;релоепюрспю яремйх 2 глеебхйю;;;;;;
10TI908A.PV;;AI;релоепюрспю яремйх 3 глеебхйю;;;;;;
10TI908A.A1;;AI;релоепюрспю яремйх 3 глеебхйю;;;;;;
10TI908B.PV;;AI;релоепюрспю яремйх 3 глеебхйю;;;;;;
10TI908B.A1;;AI;релоепюрспю яремйх 3 глеебхйю;;;;;;
10TI846.PV;;AI;C-1001DX релоеп-пю ондьхо. бнгдсундсбйх;;;;;;
10TI846.A1;;AI;C-1001DX релоеп-пю ондьхо. бнгдсундсбйх;;;;;;
10TI806A.PV;;AI;релоепюрспю яремйх 1 глеебхйю;;;;;;
10TI806A.A1;;AI;релоепюрспю яремйх 1 глеебхйю;;;;;;
10TI806B.PV;;AI;релоепюрспю яремйх 1 глеебхйю;;;;;;
10TI806B.A1;;AI;релоепюрспю яремйх 1 глеебхйю;;;;;;
10TI806C.PV;;AI;релоепюрспю яремйх 1 глеебхйю;;;;;;
10TI806C.A1;;AI;релоепюрспю яремйх 1 глеебхйю;;;;;;
10TI807A.PV;;AI;релоепюрспю яремйх 2 глеебхйю;;;;;;
10TI807A.A1;;AI;релоепюрспю яремйх 2 глеебхйю;;;;;;
10TI807B.PV;;AI;релоепюрспю яремйх 2 глеебхйю;;;;;;
10TI807B.A1;;AI;релоепюрспю яремйх 2 глеебхйю;;;;;;
10TI807C.PV;;AI;релоепюрспю яремйх 2 глеебхйю;;;;;;
10TI807C.A1;;AI;релоепюрспю яремйх 2 глеебхйю;;;;;;
10TI808A.PV;;AI;релоепюрспю яремйх 3 глеебхйю;;;;;;
10TI808A.A1;;AI;релоепюрспю яремйх 3 глеебхйю;;;;;;
10TI808B.PV;;AI;релоепюрспю яремйх 3 глеебхйю;;;;;;
10TI808B.A1;;AI;релоепюрспю яремйх 3 глеебхйю;;;;;;
10TI808C.PV;;AI;релоепюрспю яремйх 3 глеебхйю;;;;;;
10TI808C.A1;;AI;релоепюрспю яремйх 3 глеебхйю;;;;;;
10TI809A.PV;;AI;релоепюрспю яремйх 4 глеебхйю;;;;;;
10TI809A.A1;;AI;релоепюрспю яремйх 4 глеебхйю;;;;;;
10TI809B.PV;;AI;релоепюрспю яремйх 4 глеебхйю;;;;;;
10TI809B.A1;;AI;релоепюрспю яремйх 4 глеебхйю;;;;;;
10TI809C.PV;;AI;релоепюрспю яремйх 4 глеебхйю;;;;;;
10TI809C.A1;;AI;релоепюрспю яремйх 4 глеебхйю;;;;;;
10TI800.PV;;AI;релоепюрспю дшлнбшу цюгнб й дшлняняс я-1002бу;;;;;;
10TI800.A1;;AI;релоепюрспю дшлнбшу цюгнб й дшлняняс я-1002бу;;;;;;
10TI803.PV;;AI;релоепюрспю дшлнбшу цюгнб б йнмбейжхх м-1001б;;;;;;
10TI803.A1;;AI;релоепюрспю дшлнбшу цюгнб б йнмбейжхх м-1001б;;;;;;
10TI804.PV;;AI;релоепюрспю дшлнбшу цюгнб б йнмбейжхх м-1001б;;;;;;
10TI804.A1;;AI;релоепюрспю дшлнбшу цюгнб б йнмбейжхх м-1001б;;;;;;
10TI814.PV;;AI;релоепюрспю дшлнбшу цюгнб б йнмбейжхх м-1001б;;;;;;
10TI814.A1;;AI;релоепюрспю дшлнбшу цюгнб б йнмбейжхх м-1001б;;;;;;
10TI842.PV;;AI;дшлнбше цюгш б е-1031бу;;;;;;
10TI842.A1;;AI;дшлнбше цюгш б е-1031бу;;;;;;
10TI843.PV;;AI;C-1001CX релоеп-пю ондьхо. бнгдсундсбйх;;;;;;
10TI843.A1;;AI;C-1001CX релоеп-пю ондьхо. бнгдсундсбйх;;;;;;
10TI844.PV;;AI;C-1001CX релоеп-пю ондьхо. бнгдсундсбйх;;;;;;
10TI844.A1;;AI;C-1001CX релоеп-пю ондьхо. бнгдсундсбйх;;;;;;
10TI845.PV;;AI;C-1001DX релоеп-пю ондьхо. бнгдсундсбйх;;;;;;
10TI845.A1;;AI;C-1001DX релоеп-пю ондьхо. бнгдсундсбйх;;;;;;
10TI903.PV;;AI;релоепюрспю дшлнбшу цюгнб б йнмбейжхх м-1001ю;;;;;;
10TI903.A1;;AI;релоепюрспю дшлнбшу цюгнб б йнмбейжхх м-1001ю;;;;;;
10TI904.PV;;AI;релоепюрспю дшлнбшу цюгнб б йнмбейжхх м-1001ю;;;;;;
10TI904.A1;;AI;релоепюрспю дшлнбшу цюгнб б йнмбейжхх м-1001ю;;;;;;
10TI811A.PV;;AI;релоепюрспю яремйх 6 глеебхйю;;;;;;
10TI811A.A1;;AI;релоепюрспю яремйх 6 глеебхйю;;;;;;
10TI811B.PV;;AI;релоепюрспю яремйх 6 глеебхйю;;;;;;
10TI811B.A1;;AI;релоепюрспю яремйх 6 глеебхйю;;;;;;
10TI811C.PV;;AI;релоепюрспю яремйх 6 глеебхйю;;;;;;
10TI811C.A1;;AI;релоепюрспю яремйх 6 глеебхйю;;;;;;
10TI812A.PV;;AI;релоепюрспю яремйх 7 глеебхйю;;;;;;
10TI812A.A1;;AI;релоепюрспю яремйх 7 глеебхйю;;;;;;
10TI812B.PV;;AI;релоепюрспю яремйх 7 глеебхйю;;;;;;
10TI812B.A1;;AI;релоепюрспю яремйх 7 глеебхйю;;;;;;
10TI812C.PV;;AI;релоепюрспю яремйх 7 глеебхйю;;;;;;
10TI812C.A1;;AI;релоепюрспю яремйх 7 глеебхйю;;;;;;
10TI813A.PV;;AI;релоепюрспю яремйх 8 глеебхйю;;;;;;
10TI813A.A1;;AI;релоепюрспю яремйх 8 глеебхйю;;;;;;
10TI813B.PV;;AI;релоепюрспю яремйх 8 глеебхйю;;;;;;
10TI813B.A1;;AI;релоепюрспю яремйх 8 глеебхйю;;;;;;
10TI813C.PV;;AI;релоепюрспю яремйх 8 глеебхйю;;;;;;
10TI813C.A1;;AI;релоепюрспю яремйх 8 глеебхйю;;;;;;
30TI943.PV;;AI;C-3002A релоепюрспю оепедмецн ондьхомхйю;C-3002A;M;р 1;;;+
30TI943.A1;;AI;C-3002A релоепюрспю оепедмецн ондьхомхйю;;;;;;+
30TI909C.PV;;AI;релоепюрспю яремйх 4-ЦН глеебхйю;T909C;M;оНЙЮГЮМХЪ;;;+
30TI909C.A1;;AI;релоепюрспю яремйх 4-ЦН глеебхйю;;;;;;+
30TI909D.PV;;AI;релоепюрспю яремйх 4-ЦН глеебхйю;T909D;M;оНЙЮГЮМХЪ;;;+
30TI909D.A1;;AI;релоепюрспю яремйх 4-ЦН глеебхйю;;;;;;+
30TI900.PV;;AI;C-3003A бшунд дшлнбшу цюгнб;T900;M;оНЙЮГЮМХЪ;;;+
30TI900.A1;;AI;C-3003A бшунд дшлнбшу цюгнб;;;;;;+
30TI903A.PV;;AI;реокнбюъ йнмбейжхъ;T903A;M;оНЙЮГЮМХЪ;;;+
30TI903A.A1;;AI;реокнбюъ йнмбейжхъ;;;;;;+
30TI903B.PV;;AI;реокнбюъ йнмбейжхъ;T903B;M;оНЙЮГЮМХЪ;;;+
30TI903B.A1;;AI;реокнбюъ йнмбейжхъ;;;;;;+
30TI903C.PV;;AI;реокнбюъ йнмбейжхъ;T903C;M;оНЙЮГЮМХЪ;;;+
30TI903C.A1;;AI;реокнбюъ йнмбейжхъ;;;;;;+
30TI903D.PV;;AI;реокнбюъ йнмбейжхъ;T903D;M;оНЙЮГЮМХЪ;;;+
30TI903D.A1;;AI;реокнбюъ йнмбейжхъ;;;;;;+
30TI904.PV;;AI;реокнбюъ йнмбейжхъ;T904;M;оНЙЮГЮМХЪ;;;+
30TI904.A1;;AI;реокнбюъ йнмбейжхъ;;;;;;+
30TI910.PV;;AI;релоепюрспю бнгдсую;м-3001;M;р_МЮ_ОЕПЕБЮКЕ_1;;;+
30TI910.A1;;AI;релоепюрспю бнгдсую;;;;;;+
30TI906A.PV;;AI;релоепюрспю яремйх 1-ЦН глеебхйю;T906A;M;оНЙЮГЮМХЪ;;;+
30TI906A.A1;;AI;релоепюрспю яремйх 1-ЦН глеебхйю;;;;;;+
30TI906B.PV;;AI;релоепюрспю яремйх 1-ЦН глеебхйю;T906B;M;оНЙЮГЮМХЪ;;;+
30TI906B.A1;;AI;релоепюрспю яремйх 1-ЦН глеебхйю;;;;;;+
30TI906C.PV;;AI;релоепюрспю яремйх 1-ЦН глеебхйю;T906C;M;оНЙЮГЮМХЪ;;;+
30TI906C.A1;;AI;релоепюрспю яремйх 1-ЦН глеебхйю;;;;;;+
30TI906D.PV;;AI;релоепюрспю яремйх 1-ЦН глеебхйю;T906D;M;оНЙЮГЮМХЪ;;;+
30TI906D.A1;;AI;релоепюрспю яремйх 1-ЦН глеебхйю;;;;;;+
30TI944.PV;;AI;C-3002A релоепюрспю гюдмецн ондьхомхйю;C-3002A;M;р 2;;;+
30TI944.A1;;AI;C-3002A релоепюрспю гюдмецн ондьхомхйю;;;;;;+
30TI945.PV;;AI;C-3002б релоепюрспю оепедмецн ондьхомхйю;C-3002B;M;р 1;;;+
30TI945.A1;;AI;C-3002б релоепюрспю оепедмецн ондьхомхйю;;;;;;+
30TI946.PV;;AI;C-3002б релоепюрспю гюдмецн ондьхомхйю;C-3002B;M;р 2;;;+
30TI946.A1;;AI;C-3002б релоепюрспю гюдмецн ондьхомхйю;;;;;;+
30TI947.PV;;AI;C-3003A релоепюрспю оепедмецн ондьхомхйю;C-3003A;M;р 1;;;+
30TI947.A1;;AI;C-3003A релоепюрспю оепедмецн ондьхомхйю;;;;;;+
30TI948.PV;;AI;C-3003ю релоепюрспю гюдмецн ондьхомхйю;C-3003A;M;р 2;;;+
30TI948.A1;;AI;C-3003ю релоепюрспю гюдмецн ондьхомхйю;;;;;;+
30TI909A.PV;;AI;релоепюрспю яремйх 4-ЦН глеебхйю;T909A;M;оНЙЮГЮМХЪ;;;+
30TI909A.A1;;AI;релоепюрспю яремйх 4-ЦН глеебхйю;;;;;;+
30TI909B.PV;;AI;релоепюрспю яремйх 4-ЦН глеебхйю;T909B;M;оНЙЮГЮМХЪ;;;+
30TI909B.A1;;AI;релоепюрспю яремйх 4-ЦН глеебхйю;;;;;;+
30TI907A.PV;;AI;релоепюрспю яремйх 2-ЦН глеебхйю;T907A;M;оНЙЮГЮМХЪ;;;+
30TI907A.A1;;AI;релоепюрспю яремйх 2-ЦН глеебхйю;;;;;;+
30TI907B.PV;;AI;релоепюрспю яремйх 2-ЦН глеебхйю;T907B;M;оНЙЮГЮМХЪ;;;+
30TI907B.A1;;AI;релоепюрспю яремйх 2-ЦН глеебхйю;;;;;;+
30TI907C.PV;;AI;релоепюрспю яремйх 2-ЦН глеебхйю;T907C;M;оНЙЮГЮМХЪ;;;+
30TI907C.A1;;AI;релоепюрспю яремйх 2-ЦН глеебхйю;;;;;;+
30TI907D.PV;;AI;релоепюрспю яремйх 2-ЦН глеебхйю;T907D;M;оНЙЮГЮМХЪ;;;+
30TI907D.A1;;AI;релоепюрспю яремйх 2-ЦН глеебхйю;;;;;;+
30TI908A.PV;;AI;релоепюрспю яремйх 3-ЦН глеебхйю;T908A;M;оНЙЮГЮМХЪ;;;+
30TI908A.A1;;AI;релоепюрспю яремйх 3-ЦН глеебхйю;;;;;;+
30TI908B.PV;;AI;релоепюрспю яремйх 3-ЦН глеебхйю;T908B;M;оНЙЮГЮМХЪ;;;+
30TI908B.A1;;AI;релоепюрспю яремйх 3-ЦН глеебхйю;;;;;;+
30TI908C.PV;;AI;релоепюрспю яремйх 3-ЦН глеебхйю;T908C;M;оНЙЮГЮМХЪ;;;+
30TI908C.A1;;AI;релоепюрспю яремйх 3-ЦН глеебхйю;;;;;;+
30TI908D.PV;;AI;релоепюрспю яремйх 3-ЦН глеебхйю;T908D;M;оНЙЮГЮМХЪ;;;+
30TI908D.A1;;AI;релоепюрспю яремйх 3-ЦН глеебхйю;;;;;;+
30TI942.PV;;AI;релоепюрспю яремйх E-3008;T930;M;оНЙЮГЮМХЪ;;;+
30TI942.A1;;AI;релоепюрспю яремйх E-3008;;;;;;+
10XI1001A_1.PV;;AI;яюфеядсб м-1001ю. хмдхйюжхъ тюг опнжеяяю;;;;;;
10PI949.PV;;AI;оюп яд мю яюфеядсб м-1001ю;;;;;;
10TI931.PV;;AI;релоепюрспю оюпю яд мю яюфеядсб м-1001ю;;;;;;
10XI1001B_1.PV;;AI;яюфеядсб м-1001б. хмдхйюжхъ тюг опнжеяяю;;;;;;
10PI849.PV;;AI;оюп яд мю яюфеядсб м-1001б;;;;;;
10TI831.PV;;AI;релоепюрспю оюпю яд мю яюфеядсб м-1001б;;;;;;
30XI3001_1.PV;;AI;H3001 SB хмдхйюжхъ тюг опнжеяяю;;;;;;+
30PI949.PV;;AI;H3001 оюп мю яюфеядсб;;;;;;+
30TI931.PV;;AI;H3001 оюп мю яюфеядсб;;;;;;+
TEST_AM.PV;;AI;test_am;;;;;;
TEST_AM.SP;;AI;test_am;;;;;;
TEST_AM.A4;;AI;test_am;;;;;;
HCUSRV2_SINEWAVE.PV;;AI;HCUSRV2 Sineform wave;;;;;;
43UI060_TST.PV;;AI;пегепбсюп е-701 - окнрмнярэ;;;;;;
30PAHH907_TMR.PV;;AI;H-3001 рюилеп акнйхпнбйх он дюбкемхч мю оепебюке;;;;;;+
30TAHH901_TMR.PV;;AI;H-3001 рюилеп акнйхпнбйх он реокнбюъ йнмбейжхъ;;;;;;+
10TAHH801_TIMER.PV;;AI;гюдепфйю акнйхпнбйх 10TAHH801;;;;;;
10PAHH807_TIMER.PV;;AI;гюдепфйю акнйхпнбйх 10PAHH807;;;;;;
10TAHH901_TIMER.PV;;AI;гюдепфйю акнйхпнбйх 10TAHH901;;;;;;
10PAHH907_TIMER.PV;;AI;гюдепфйю акнйхпнбйх 10PAHH907;;;;;;
43PALL559_TIMER.PV;;AI;гюдепфйю акнйхпнбйх 43PALL559;;;;;;
00XAESD101VM_5_5.PV;;AI;ESD101 мюопъфемхе охрюмхъ FTA VOLTAGE MONITORING;;;;;;
00XAESD431VM_3_13.PV;;AI;ESD101 мюопъфемхе охрюмхъ FTA VOLTAGE MONITORING;;;;;;
PCDI_2_511_1_FLT.PV;;DI;PCDI ябъгэ ESD_511_1 c CC_511_2;;;;;;
B431TG_CIU.PV;;DI;IB-43-1 яхярелю TGS - янярнъмхе ябъгх;;;;;;
43UA060.PV;;DI;пегепбсюп е-701. янярнъмхе йхо;;;;;;
43LA060_F.PV;;DI;пегепбсюп е-701. янярнъмхе яхцмюкю спнбмъ;;;;;;
43TA060_F.PV;;DI;пегепбсюп е-701. яняр. яхцмюкю рело.;;;;;;
43UA060_2.PV;;DI;пегепбсюп е-701. янярнъмхе яхцмюкю назелю;;;;;;
43UA060_6.PV;;DI;пегепбсюп е-701. янярнъмхе яхцмюкю окнрмнярх;;;;;;
43UA061.PV;;DI;пегепбсюп е-702. янярнъмхе йхо;;;;;;
43LA061_F.PV;;DI;пегепбсюп е-702. янярнъмхе яхцмюкю спнбмъ;;;;;;
43TA061_F.PV;;DI;пегепбсюп е-702. яняр. яхцмюкю рело.;;;;;;
43UA061_2.PV;;DI;пегепбсюп е-702. янярнъмхе яхцмюкю назелю;;;;;;
43UA061_6.PV;;DI;пегепбсюп е-702. янярнъмхе яхцмюкю окнрмнярх;;;;;;
43UA062.PV;;DI;пегепбсюп е-703. янярнъмхе йхо;;;;;;
43LA062_F.PV;;DI;пегепбсюп е-703. янярнъмхе яхцмюкю спнбмъ;;;;;;
43TA062_F.PV;;DI;пегепбсюп е-703. яняр. яхцмюкю рело.;;;;;;
43UA068_6.PV;;DI;пегепбсюп е-708. янярнъмхе яхцмюкю окнрмнярх;;;;;;
43UA069.PV;;DI;пегепбсюп е-709. янярнъмхе йхо;;;;;;
43LA069_F.PV;;DI;пегепбсюп е-709. янярнъмхе яхцмюкю спнбмъ;;;;;;
43TA069_F.PV;;DI;пегепбсюп е-709. яняр. яхцмюкю рело.;;;;;;
43PA069B_F.PV;;DI;пегепбсюп е-709. яняр. яхцмюкю дюбк. югнрю;;;;;;
43UA069_2.PV;;DI;пегепбсюп е-709. янярнъмхе яхцмюкю назелю;;;;;;
43UA069_6.PV;;DI;пегепбсюп е-709. янярнъмхе яхцмюкю окнрмнярх;;;;;;
43UA070.PV;;DI;пегепбсюп е-710. янярнъмхе йхо;;;;;;
43LA070_F.PV;;DI;пегепбсюп е-710. янярнъмхе яхцмюкю спнбмъ;;;;;;
43TA070_F.PV;;DI;пегепбсюп е-710. яняр. яхцмюкю рело.;;;;;;
43UA070_2.PV;;DI;пегепбсюп е-710. янярнъмхе яхцмюкю назелю;;;;;;
43UA070_6.PV;;DI;пегепбсюп е-710. янярнъмхе яхцмюкю окнрмнярх;;;;;;
43UA071.PV;;DI;пегепбсюп е-711. янярнъмхе йхо;;;;;;
43LA071_F.PV;;DI;пегепбсюп е-711. янярнъмхе яхцмюкю спнбмъ;;;;;;
43TA071_F.PV;;DI;пегепбсюп е-711. яняр. яхцмюкю рело.;;;;;;
43UA071_2.PV;;DI;пегепбсюп е-711. янярнъмхе яхцмюкю назелю;;;;;;
43UA071_6.PV;;DI;пегепбсюп е-711. янярнъмхе яхцмюкю окнрмнярх;;;;;;
43UA113.PV;;DI;пегепбсюп е-712. янярнъмхе йхо;;;;;;
43LA113_F.PV;;DI;пегепбсюп е-712. янярнъмхе яхцмюкю спнбмъ;;;;;;
43TA113_F.PV;;DI;пегепбсюп е-712. яняр. яхцмюкю рело.;;;;;;
43PA113B_F.PV;;DI;пегепбсюп е-712. яняр. яхцмюкю дюбк. югнрю;;;;;;
43UA113_2.PV;;DI;пегепбсюп е-712. янярнъмхе яхцмюкю назелю;;;;;;
43UA113_6.PV;;DI;пегепбсюп е-712. янярнъмхе яхцмюкю окнрмнярх;;;;;;
43UA114.PV;;DI;пегепбсюп е-713. янярнъмхе йхо;;;;;;
43LA114_F.PV;;DI;пегепбсюп е-713. янярнъмхе яхцмюкю спнбмъ;;;;;;
43UA062_2.PV;;DI;пегепбсюп е-703. янярнъмхе яхцмюкю назелю;;;;;;
43UA062_6.PV;;DI;пегепбсюп е-703. янярнъмхе яхцмюкю окнрмнярх;;;;;;
43UA063.PV;;DI;пегепбсюп е-704. янярнъмхе йхо;;;;;;
43LA063_F.PV;;DI;пегепбсюп е-704. янярнъмхе яхцмюкю спнбмъ;;;;;;
43PA063_F.PV;;DI;пегепбсюп е-704. яняр. яхцмюкю дюбк. югнрю;;;;;;
43UA063_2.PV;;DI;пегепбсюп е-704. янярнъмхе яхцмюкю назелю;;;;;;
43UA064.PV;;DI;пегепбсюп е-705. янярнъмхе йхо;;;;;;
43LA064_F.PV;;DI;пегепбсюп е-705. янярнъмхе яхцмюкю спнбмъ;;;;;;
43PA064_F.PV;;DI;пегепбсюп е-705. яняр. яхцмюкю дюбк. югнрю;;;;;;
43UA064_2.PV;;DI;пегепбсюп е-705. янярнъмхе яхцмюкю назелю;;;;;;
43UA065.PV;;DI;пегепбсюп F-4301103. янярнъмхе йхо;;;;;;
43LA065_F.PV;;DI;пегепбсюп F-4301103. янярнъмхе яхцмюкю спнбмъ;;;;;;
43UA065_2.PV;;DI;пегепбсюп F-4301103. янярнъмхе яхцмюкю назелю;;;;;;
43UA066.PV;;DI;пегепбсюп е-706. янярнъмхе йхо;;;;;;
43LA066_F.PV;;DI;пегепбсюп е-706. янярнъмхе яхцмюкю спнбмъ;;;;;;
43TA114_F.PV;;DI;пегепбсюп е-713. яняр. яхцмюкю рело.;;;;;;
43PA114B_F.PV;;DI;пегепбсюп е-713. яняр. яхцмюкю дюбк. югнрю;;;;;;
43UA114_2.PV;;DI;пегепбсюп е-713. янярнъмхе яхцмюкю назелю;;;;;;
43UA114_6.PV;;DI;пегепбсюп е-713. янярнъмхе яхцмюкю окнрмнярх;;;;;;
43UA601.PV;;DI;пегепбсюп F-4301601 √ янярнъмхе йнмрпнкэмн хглепхрекэмнцн опханпю;;;;;;
43LA601_F.PV;;DI;пегепбсюп F-4301601. янярнъмхе яхцмюкю спнбмъ;;;;;;
43PA611_F.PV;;DI;пегепбсюп F-4301601 √ янярнъмхе яхцмюкю дюбк. югнрю;;;;;;
43UA601_2.PV;;DI;пегепбсюп F-4301601 - янярнъмхе яхцмюкю хглепемхъ апсррн наз╗лA;;;;;;
43TA066_F.PV;;DI;пегепбсюп е-706. яняр. яхцмюкю рело.;;;;;;
43PA066B_F.PV;;DI;пегепбсюп е-706. яняр. яхцмюкю дюбк. югнрю;;;;;;
43UA066_2.PV;;DI;пегепбсюп е-706. янярнъмхе яхцмюкю назелю;;;;;;
43UA066_6.PV;;DI;пегепбсюп е-706. янярнъмхе яхцмюкю окнрмнярх;;;;;;
43UA067.PV;;DI;пегепбсюп е-707. янярнъмхе йхо;;;;;;
43LA067_F.PV;;DI;пегепбсюп е-707. янярнъмхе яхцмюкю спнбмъ;;;;;;
43TA067_F.PV;;DI;пегепбсюп е-707. яняр. яхцмюкю рело.;;;;;;
43PA067B_F.PV;;DI;пегепбсюп е-707. яняр. яхцмюкю дюбк. югнрю;;;;;;
43UA067_2.PV;;DI;пегепбсюп е-707. янярнъмхе яхцмюкю назелю;;;;;;
43UA067_6.PV;;DI;пегепбсюп е-707. янярнъмхе яхцмюкю окнрмнярх;;;;;;
43UA068.PV;;DI;пегепбсюп е-708. янярнъмхе йхо;;;;;;
43LA068_F.PV;;DI;пегепбсюп е-708. янярнъмхе яхцмюкю спнбмъ;;;;;;
43TA068_F.PV;;DI;пегепбсюп е-708. яняр. яхцмюкю рело.;;;;;;
43PA068B_F.PV;;DI;пегепбсюп е-708. яняр. яхцмюкю дюбк. югнрю;;;;;;
43UA068_2.PV;;DI;пегепбсюп е-708. янярнъмхе яхцмюкю назелю;;;;;;
43PA063_F_DUBL.PV;;DI;пегепбсюп е-704. яняр. яхцмюкю дюбк. югнрю (реярнбюъ);;;;;;
10AY950_OO.PV;;DI;юмюкхгюрнпш н2 м-1001ю. деакнй-йю опх осяйе;;;;;;
IB101_ESD1_SF.PV;;DI;оЕПЕОНКМЕМХЕ АСТЕПЮ ESD101-1;;;;;;
10SIS024_3.PV;;DI;10-XV-900. меяннр. онкнф. йнлюмде. хмхжхюрнп акнй-йх;;;;;;
10SIS024_4.PV;;DI;10-XV-906. меяннр. онкнф. йнлюмде. хмхжхюрнп акнй-йх;;;;;;
10SIS024_5.PV;;DI;10-XV-908. меяннр. онкнф. йнлюмде. хмхжхюрнп акнй-йх;;;;;;
10SIS024_6.PV;;DI;10-XV-909. меяннр. онкнф. йнлюмде. хмхжхюрнп акнй-йх;;;;;;
10SIS024_7.PV;;DI;10-XV-911. меяннр. онкнф. йнлюмде. хмхжхюрнп акнй-йх;;;;;;
10SIS024_8.PV;;DI;10-XV-912. меяннр. онкнф. йнлюмде. хмхжхюрнп акнй-йх;;;;;;
10SIS024_9.PV;;DI;10-XV-914. меяннр. онкнф. йнлюмде. хмхжхюрнп акнй-йх;;;;;;
10SIS024_10.PV;;DI;10-XV-904. меяннр. онкнф. йнлюмде. хмхжхюрнп акнй-йх;;;;;;
10SIS024_11.PV;;DI;10-XV-905. меяннр. онкнф. йнлюмде. хмхжхюрнп акнй-йх;;;;;;
10PALL943_CA.PV;;DI;бнгдсу й тнпясмйюл. яхцмюкхгюжхъ;;;;;;
10FALL031A_CA.PV;;DI;юрл.нярюрнй б H-1001A, 1 глеебхй. яхцмюкхгюжхъ;;;;;;
10FALL031B_CA.PV;;DI;юрл.нярюрнй б H-1001A, 2 глеебхй. яхцмюкхгюжхъ;;;;;;
10FALL031C_CA.PV;;DI;юрл.нярюрнй б H-1001A, 3 глеебхй. яхцмюкхгюжхъ;;;;;;
10FALL031D_CA.PV;;DI;юрл.нярюрнй б H-1001A, 4 глеебхй. яхцмюкхгюжхъ;;;;;;
10FALL031E_CA.PV;;DI;юрл.нярюрнй б H-1001A, 5 глеебхй. яхцмюкхгюжхъ;;;;;;
10FALL031F_CA.PV;;DI;юрл.нярюрнй б H-1001A, 6 глеебхй. яхцмюкхгюжхъ;;;;;;
10FALL031G_CA.PV;;DI;юрл.нярюрнй б H-1001A, 7 глеебхй. яхцмюкхгюжхъ;;;;;;
10FALL031H_CA.PV;;DI;юрл.нярюрнй б H-1001A, 8 глеебхй. яхцмюкхгюжхъ;;;;;;
10LAHH002_CA.PV;;DI;спнбемэ б V-1001 яшпэебюъ елйнярэ. яхцмюкхгюжхъ;;;;;;
10LALL002_CA.PV;;DI;спнбемэ б V-1001 яшпэебюъ елйнярэ. яхцмюкхгюжхъ;;;;;;
10LALL20_CA.PV;;DI;спнбемэ б V-1002 елйнярэ бепу. опндсйрю. яхцмюкхгюжхъ;;;;;;
10LAHH023_CA.PV;;DI;спнбемэ б V-1002 елйнярэ бепу. опндсйрю. яхцмюкхгюжхъ;;;;;;
10LAHH030_CA.PV;;DI;спнбемэ б V-1005 яеоюпюрнп рнок. цюгю. яхцмюкхгюжхъ;;;;;;
10LALL023_CA.PV;;DI;спнбемэ б V-1002 елйнярэ бепу. опндсйрю. яхцмюкхгюжхъ;;;;;;
10SIS003_RR.PV;;DI;цнрнбм. й яапняс акнй-йх 10-I-003 (10LAHH001/002);;;;;;
10XA910.PV;;DI;10-XV-910. меяннр. онкнф. йнлюмде. яхцмюкхгюжхъ;;;;;;
10SIS008_RR.PV;;DI;цнрнбм. й яапняс акнй-йх 10-I-008 (10LAHH008);;;;;;
10SIS009_RR.PV;;DI;цнрнбм. й яапняс акнй-йх 10-I-009 (10LAHH009);;;;;;
10XA911.PV;;DI;10-XV-911. меяннр. онкнф. йнлюмде. яхцмюкхгюжхъ;;;;;;
10SIS044_RR.PV;;DI;цнрнбм. й яапняс акнй-йх 10-I-044 (10LAHH049/048);;;;;;
10SIS045_RR.PV;;DI;цнрнбм. й яапняс акнй-йх 10-I-045 (10LAHH052/051);;;;;;
10XA912.PV;;DI;10-XV-912. меяннр. онкнф. йнлюмде. яхцмюкхгюжхъ;;;;;;
10SISP1001AB_RR.PV;;DI;цнрнбм. й яапняс акнй-йх I-004 (10LALL003/002);;;;;;
10XA913.PV;;DI;10-XV-913. меяннр. онкнф. йнлюмде. яхцмюкхгюжхъ;;;;;;
10SISP1042A_RR.PV;;DI;цнрнбм. й яапняс акнй-йх I-036 (10LALL043, 10TAHH650);;;;;;
10SISP1041_RR.PV;;DI;цнрнбм. й яапняс акнй-йх I-037 (10LALL044, 10TAHH656);;;;;;
10XA914.PV;;DI;10-XV-914. меяннр. онкнф. йнлюмде. яхцмюкхгюжхъ;;;;;;
10SISP1042B_RR.PV;;DI;цнрнбм. й яапняс акнй-йх I-038 (10LALL045, 10TAHH652);;;;;;
10SISP1042C_RR.PV;;DI;цнрнбм. й яапняс акнй-йх I-039 (10LALL046, 10TAHH654);;;;;;
10XA947L.PV;;DI;яхцм-жхъ бнгцнпюмхъ. хмдхй-жхъ б пяс;;;;;;
10LAHH031.PV;;DI;спнбемэ б V-1005 яеоюпюрнп рнок. цюгю. хмхжхюрнп акнй-йх;;;;;;
10BALL953_954_PA.PV;;DI;онцюя. окюлемх б цнпекйюу ╧4 х ╧5. 1 хг 2 яхцм-жхъ;;;;;;
10BALL954_955_PA.PV;;DI;онцюя. окюлемх б цнпекйюу ╧5 х ╧6. 1 хг 2 яхцм-жхъ;;;;;;
10SISP1045AS_RR.PV;;DI;цнрнбм. й яапняс акнй-йх I-040 (10LALL038/037);;;;;;
10BALL956_957_PA.PV;;DI;онцюя. окюлемх б цнпекйюу ╧7 х ╧8. 1 хг 2 яхцм-жхъ;;;;;;
10HS948.PV;;DI;юрл. нярюрнй б м-1001ю. деакнй. опх осяйе хг пяс;;;;;;
10HS948.OP;;DI;юрл. нярюрнй б м-1001ю. деакнй. опх осяйе хг пяс;;;;;;
10HS948.OP;;DO;юрл. нярюрнй б м-1001ю. деакнй. опх осяйе хг пяс;;;;;;
10HS948.MD;;DI;юрл. нярюрнй б м-1001ю. деакнй. опх осяйе хг пяс;;;;;;
10FI030A_H_MIN.PV;;DI;лхмхлюкэмн-рпеаселши пюяунд юрл.нярюрнй б H-1001A;;;;;;
10HS001A.PV;;DI;дхяр. ймнойю сопюбк. йкюоюмюлх он охкнр. цюгс;;;;;;
10HS001A.OP;;DI;дхяр. ймнойю сопюбк. йкюоюмюлх он охкнр. цюгс;;;;;;
10HS001A.OP;;DO;дхяр. ймнойю сопюбк. йкюоюмюлх он охкнр. цюгс;;;;;;
10LI046_TF.PV;;DI;спнбемэ б V-1042я дпемюф. елйнярэ. дюрвхй;;;;;;
10LI049_MO.PV;;DI;спнбемэ 10LI049/048 б V-1009 оюпняанпмхй яд. акнйхпнбйю;;;;;;
10LI049_MO.OP;;DI;спнбемэ 10LI049/048 б V-1009 оюпняанпмхй яд. акнйхпнбйю;;;;;;
10LI049_MO.OP;;DO;спнбемэ 10LI049/048 б V-1009 оюпняанпмхй яд. акнйхпнбйю;;;;;;
10LI049_MO.MD;;DI;спнбемэ 10LI049/048 б V-1009 оюпняанпмхй яд. акнйхпнбйю;;;;;;
10XA026.PV;;DI;юбюпхимши нярюмнб оевх м-1001ю;;;;;;
10TAL704_CA.PV;;DI;рело. надсбю щк. дбхц. P-1001A яхцмюкхгюжхъ;;;;;;
10TAL714.PV;;DI;рело. надсбю щк. дбхц. P-1001б;;;;;;
10TAL714_CA.PV;;DI;рело. надсбю щк. дбхц. P-1001б яхцмюкхгюжхъ;;;;;;
10HS025.PV;;DI;P-1001S нярюмнбкем ноепюрнпнл. яхцмюкхгюжхъ;;;;;;
10HS025.OP;;DI;P-1001S нярюмнбкем ноепюрнпнл. яхцмюкхгюжхъ;;;;;;
10HS025.OP;;DO;P-1001S нярюмнбкем ноепюрнпнл. яхцмюкхгюжхъ;;;;;;
10PAHH917A.PV;;DI;оепейкчв. сярюбйх он люйя. я осяй. мю пефхл. хмхжхюрнп акнй-йх;;;;;;
10TAHH654_CA.PV;;DI;P-1042C мюяня T рело. ондьхо. яхцмюкхгюжхъ;;;;;;
10TAHH656.PV;;DI;P-1041 мюяня T рело. ондьхо. хмхжхюрнп акнй-йх;;;;;;
10TAHH656_CA.PV;;DI;P-1041 мюяня T рело. ондьхо. яхцмюкхгюжхъ;;;;;;
10TAHH701.PV;;DI;P-1001A мюяня р рело. ондьхо. хмхжхюрнп акнй-йх;;;;;;
10TAHH701_CA.PV;;DI;P-1001A мюяня р рело. ондьхо. яхцмюкхгюжхъ;;;;;;
10TAHH701_FU.PV;;DI;P-1001A мюяня р рело. ондьхо. оепбнопхвхмю;;;;;;
10TAHH702.PV;;DI;P-1001A мюяня J рело. ондьхо. хмхжхюрнп акнй-йх;;;;;;
10TAHH702_CA.PV;;DI;P-1001A мюяня J рело. ондьхо. яхцмюкхгюжхъ;;;;;;
10TAHH702_FU.PV;;DI;P-1001A мюяня J рело. ондьхо. оепбнопхвхмю;;;;;;
10TAHH703.PV;;DI;P-1001A мюяня J рело. ондьхо. хмхжхюрнп акнй-йх;;;;;;
10TAHH703_CA.PV;;DI;P-1001A мюяня J рело. ондьхо. яхцмюкхгюжхъ;;;;;;
10TAHH703_FU.PV;;DI;P-1001A мюяня J рело. ондьхо. оепбнопхвхмю;;;;;;
10TAHH707.PV;;DI;P-1007A р цеплер. ярюйюмю. хмхжхюрнп акнй-йх;;;;;;
10TAHH707_CA.PV;;DI;P-1007A р цеплер. ярюйюмю. яхцмюкхгюжхъ;;;;;;
10TAHH711.PV;;DI;P-1001B мюяня р рело. ондьхо. хмхжхюрнп акнй-йх;;;;;;
10TAHH711_CA.PV;;DI;P-1001B мюяня р рело. ондьхо. яхцмюкхгюжхъ;;;;;;
10TAHH711_FU.PV;;DI;P-1001B мюяня р рело. ондьхо. оепбнопхвхмю;;;;;;
10TAHH712.PV;;DI;P-1001B мюяня J рело. ондьхо. хмхжхюрнп акнй-йх;;;;;;
10TAHH712_CA.PV;;DI;P-1001B мюяня J рело. ондьхо. яхцмюкхгюжхъ;;;;;;
10TAHH712_FU.PV;;DI;P-1001B мюяня J рело. ондьхо. оепбнопхвхмю;;;;;;
10TAHH713.PV;;DI;P-1001B мюяня J рело. ондьхо. хмхжхюрнп акнй-йх;;;;;;
10TAHH713_CA.PV;;DI;P-1001B мюяня J рело. ондьхо. яхцмюкхгюжхъ;;;;;;
10BSLL951_MO.PV;;DI;хмдхйюрнп окюлемх цнпекйх ╧2. акнйхпнбйю;;;;;;
10BSLL951_MO.OP;;DI;хмдхйюрнп окюлемх цнпекйх ╧2. акнйхпнбйю;;;;;;
10BSLL951_MO.OP;;DO;хмдхйюрнп окюлемх цнпекйх ╧2. акнйхпнбйю;;;;;;
10BSLL951_MO.MD;;DI;хмдхйюрнп окюлемх цнпекйх ╧2. акнйхпнбйю;;;;;;
10BSLL952_MO.PV;;DI;хмдхйюрнп окюлемх цнпекйх ╧3. акнйхпнбйю;;;;;;
10BSLL952_MO.OP;;DI;хмдхйюрнп окюлемх цнпекйх ╧3. акнйхпнбйю;;;;;;
10BSLL952_MO.OP;;DO;хмдхйюрнп окюлемх цнпекйх ╧3. акнйхпнбйю;;;;;;
10BSLL952_MO.MD;;DI;хмдхйюрнп окюлемх цнпекйх ╧3. акнйхпнбйю;;;;;;
10BSLL953_MO.PV;;DI;хмдхйюрнп окюлемх цнпекйх ╧4. акнйхпнбйю;;;;;;
10BSLL953_MO.OP;;DI;хмдхйюрнп окюлемх цнпекйх ╧4. акнйхпнбйю;;;;;;
10BSLL953_MO.OP;;DO;хмдхйюрнп окюлемх цнпекйх ╧4. акнйхпнбйю;;;;;;
10BSLL953_MO.MD;;DI;хмдхйюрнп окюлемх цнпекйх ╧4. акнйхпнбйю;;;;;;
10BSLL954_MO.PV;;DI;хмдхйюрнп окюлемх цнпекйх ╧5. акнйхпнбйю;;;;;;
10BSLL954_MO.OP;;DI;хмдхйюрнп окюлемх цнпекйх ╧5. акнйхпнбйю;;;;;;
10BSLL954_MO.OP;;DO;хмдхйюрнп окюлемх цнпекйх ╧5. акнйхпнбйю;;;;;;
10BSLL954_MO.MD;;DI;хмдхйюрнп окюлемх цнпекйх ╧5. акнйхпнбйю;;;;;;
10BSLL955_MO.PV;;DI;хмдхйюрнп окюлемх цнпекйх ╧6. акнйхпнбйю;;;;;;
10BSLL955_MO.OP;;DI;хмдхйюрнп окюлемх цнпекйх ╧6. акнйхпнбйю;;;;;;
10BSLL955_MO.OP;;DO;хмдхйюрнп окюлемх цнпекйх ╧6. акнйхпнбйю;;;;;;
10BSLL955_MO.MD;;DI;хмдхйюрнп окюлемх цнпекйх ╧6. акнйхпнбйю;;;;;;
10BSLL956_MO.PV;;DI;хмдхйюрнп окюлемх цнпекйх ╧7. акнйхпнбйю;;;;;;
10BSLL956_MO.OP;;DI;хмдхйюрнп окюлемх цнпекйх ╧7. акнйхпнбйю;;;;;;
10BSLL956_MO.OP;;DO;хмдхйюрнп окюлемх цнпекйх ╧7. акнйхпнбйю;;;;;;
10BSLL956_MO.MD;;DI;хмдхйюрнп окюлемх цнпекйх ╧7. акнйхпнбйю;;;;;;
10BSLL957_MO.PV;;DI;хмдхйюрнп окюлемх цнпекйх ╧8. акнйхпнбйю;;;;;;
10BSLL957_MO.OP;;DI;хмдхйюрнп окюлемх цнпекйх ╧8. акнйхпнбйю;;;;;;
10BSLL957_MO.OP;;DO;хмдхйюрнп окюлемх цнпекйх ╧8. акнйхпнбйю;;;;;;
10BSLL957_MO.MD;;DI;хмдхйюрнп окюлемх цнпекйх ╧8. акнйхпнбйю;;;;;;
10BSLL958_MO.PV;;DI;хмдхйюрнп окюлемх цнпекйх ╧9. акнйхпнбйю;;;;;;
10BSLL958_MO.OP;;DI;хмдхйюрнп окюлемх цнпекйх ╧9. акнйхпнбйю;;;;;;
10BSLL958_MO.OP;;DO;хмдхйюрнп окюлемх цнпекйх ╧9. акнйхпнбйю;;;;;;
10BSLL958_MO.MD;;DI;хмдхйюрнп окюлемх цнпекйх ╧9. акнйхпнбйю;;;;;;
10BSLL959_MO.PV;;DI;хмдхйюрнп окюлемх цнпекйх ╧10. акнйхпнбйю;;;;;;
10BSLL959_MO.OP;;DI;хмдхйюрнп окюлемх цнпекйх ╧10. акнйхпнбйю;;;;;;
10BSLL959_MO.OP;;DO;хмдхйюрнп окюлемх цнпекйх ╧10. акнйхпнбйю;;;;;;
10BSLL959_MO.MD;;DI;хмдхйюрнп окюлемх цнпекйх ╧10. акнйхпнбйю;;;;;;
10HS308.PV;;DI;яапня акнйхпнбйх 10-I-008 (10LAHH008) хг пяс;;;;;;
10HS308.OP;;DI;яапня акнйхпнбйх 10-I-008 (10LAHH008) хг пяс;;;;;;
10HS308.OP;;DO;яапня акнйхпнбйх 10-I-008 (10LAHH008) хг пяс;;;;;;
10HS309.PV;;DI;яапня акнйхпнбйх 10-I-009 (10LAHH009) хг пяс;;;;;;
10HS309.OP;;DI;яапня акнйхпнбйх 10-I-009 (10LAHH009) хг пяс;;;;;;
10HS309.OP;;DO;яапня акнйхпнбйх 10-I-009 (10LAHH009) хг пяс;;;;;;
10HS314.PV;;DI;яапня акнйхпнбйх 10-I-014 (10LALL021/020) хг пяс;;;;;;
10HS314.OP;;DI;яапня акнйхпнбйх 10-I-014 (10LALL021/020) хг пяс;;;;;;
10HS314.OP;;DO;яапня акнйхпнбйх 10-I-014 (10LALL021/020) хг пяс;;;;;;
10HS315.PV;;DI;яапня акнйхпнбйх 10-I-015 (10LALL024/023) хг пяс;;;;;;
10HS315.OP;;DI;яапня акнйхпнбйх 10-I-015 (10LALL024/023) хг пяс;;;;;;
10HS315.OP;;DO;яапня акнйхпнбйх 10-I-015 (10LALL024/023) хг пяс;;;;;;
10HS316.PV;;DI;яапня акнйхпнбйх 10-I-016 (10LAHH024/023, 10HS067) хг пяс;;;;;;
10HS316.OP;;DI;яапня акнйхпнбйх 10-I-016 (10LAHH024/023, 10HS067) хг пяс;;;;;;
10HS316.OP;;DO;яапня акнйхпнбйх 10-I-016 (10LAHH024/023, 10HS067) хг пяс;;;;;;
10HS334.PV;;DI;яапня акнйхпнбйх 10-I-034 (10HS152A/B, оевмше) хг пяс;;;;;;
10HS334.OP;;DI;яапня акнйхпнбйх 10-I-034 (10HS152A/B, оевмше) хг пяс;;;;;;
10HS334.OP;;DO;яапня акнйхпнбйх 10-I-034 (10HS152A/B, оевмше) хг пяс;;;;;;
10HS336.PV;;DI;яапня акнйхпнбйх 10-I-036 (10LALL043, 10TAHH650) хг пяс;;;;;;
10HS336.OP;;DI;яапня акнйхпнбйх 10-I-036 (10LALL043, 10TAHH650) хг пяс;;;;;;
10HS336.OP;;DO;яапня акнйхпнбйх 10-I-036 (10LALL043, 10TAHH650) хг пяс;;;;;;
10HS337.PV;;DI;яапня акнйхпнбйх 10-I-037 (10LALL044, 10TAHH656) хг пяс;;;;;;
10HS337.OP;;DI;яапня акнйхпнбйх 10-I-037 (10LALL044, 10TAHH656) хг пяс;;;;;;
10HS337.OP;;DO;яапня акнйхпнбйх 10-I-037 (10LALL044, 10TAHH656) хг пяс;;;;;;
10HS338.PV;;DI;яапня акнйхпнбйх 10-I-038 (10LALL045, 10TAHH652) хг пяс;;;;;;
10HS338.OP;;DI;яапня акнйхпнбйх 10-I-038 (10LALL045, 10TAHH652) хг пяс;;;;;;
10HS338.OP;;DO;яапня акнйхпнбйх 10-I-038 (10LALL045, 10TAHH652) хг пяс;;;;;;
10HS339.PV;;DI;яапня акнйхпнбйх 10-I-039 (10LALL046, 10TAHH654) хг пяс;;;;;;
10HS339.OP;;DI;яапня акнйхпнбйх 10-I-039 (10LALL046, 10TAHH654) хг пяс;;;;;;
10HS339.OP;;DO;яапня акнйхпнбйх 10-I-039 (10LALL046, 10TAHH654) хг пяс;;;;;;
10HS340.PV;;DI;яапня акнйхпнбйх 10-I-040 (10LALL038/037) хг пяс;;;;;;
10HS340.OP;;DI;яапня акнйхпнбйх 10-I-040 (10LALL038/037) хг пяс;;;;;;
10HS340.OP;;DO;яапня акнйхпнбйх 10-I-040 (10LALL038/037) хг пяс;;;;;;
10HS344.PV;;DI;яапня акнйхпнбйх 10-I-044 (10LAHH049/048) хг пяс;;;;;;
10HS344.OP;;DI;яапня акнйхпнбйх 10-I-044 (10LAHH049/048) хг пяс;;;;;;
10HS344.OP;;DO;яапня акнйхпнбйх 10-I-044 (10LAHH049/048) хг пяс;;;;;;
10HS345.PV;;DI;яапня акнйхпнбйх 10-I-045 (10LAHH052/051) хг пяс;;;;;;
10HS345.OP;;DI;яапня акнйхпнбйх 10-I-045 (10LAHH052/051) хг пяс;;;;;;
10HS345.OP;;DO;яапня акнйхпнбйх 10-I-045 (10LAHH052/051) хг пяс;;;;;;
10HS354.PV;;DI;яапня акнйхпнбйх 10-I-054 (10LALL035/048, 10TAHH791A/B) хг пяс;;;;;;
10HS354.OP;;DI;яапня акнйхпнбйх 10-I-054 (10LALL035/048, 10TAHH791A/B) хг пяс;;;;;;
10HS354.OP;;DO;яапня акнйхпнбйх 10-I-054 (10LALL035/048, 10TAHH791A/B) хг пяс;;;;;;
10HS355.PV;;DI;яапня акнйхпнбйх 10-I-055 (10LALL036/048, 10TAHH792A/B) хг пяс;;;;;;
10HS355.OP;;DI;яапня акнйхпнбйх 10-I-055 (10LALL036/048, 10TAHH792A/B) хг пяс;;;;;;
10HS355.OP;;DO;яапня акнйхпнбйх 10-I-055 (10LALL036/048, 10TAHH792A/B) хг пяс;;;;;;
10HS356.PV;;DI;яапня акнйхпнбйх 10-I-056 (10LALL055, 10PALL240) хг пяс;;;;;;
10HS356.OP;;DI;яапня акнйхпнбйх 10-I-056 (10LALL055, 10PALL240) хг пяс;;;;;;
10HS356.OP;;DO;яапня акнйхпнбйх 10-I-056 (10LALL055, 10PALL240) хг пяс;;;;;;
10HS357.PV;;DI;яапня акнйхпнбйх 10-I-057 (10HS032) хг пяс;;;;;;
10HS357.OP;;DI;яапня акнйхпнбйх 10-I-057 (10HS032) хг пяс;;;;;;
10HS357.OP;;DO;яапня акнйхпнбйх 10-I-057 (10HS032) хг пяс;;;;;;
10HS703.PV;;DI;P-1001S. яапня акнйхпнбнй (BENTLY, рело., 10-I-004) хг пяс;;;;;;
10HS703.OP;;DI;P-1001S. яапня акнйхпнбнй (BENTLY, рело., 10-I-004) хг пяс;;;;;;
10HS703.OP;;DO;P-1001S. яапня акнйхпнбнй (BENTLY, рело., 10-I-004) хг пяс;;;;;;
10BSLL960_MO.PV;;DI;хмдхйюрнп окюлемх цнпекйх ╧11. акнйхпнбйю;;;;;;
10BSLL960_MO.OP;;DI;хмдхйюрнп окюлемх цнпекйх ╧11. акнйхпнбйю;;;;;;
10BSLL960_MO.OP;;DO;хмдхйюрнп окюлемх цнпекйх ╧11. акнйхпнбйю;;;;;;
10BSLL960_MO.MD;;DI;хмдхйюрнп окюлемх цнпекйх ╧11. акнйхпнбйю;;;;;;
10BSLL961_MO.PV;;DI;хмдхйюрнп окюлемх цнпекйх ╧12. акнйхпнбйю;;;;;;
10BSLL961_MO.OP;;DI;хмдхйюрнп окюлемх цнпекйх ╧12. акнйхпнбйю;;;;;;
10BSLL961_MO.OP;;DO;хмдхйюрнп окюлемх цнпекйх ╧12. акнйхпнбйю;;;;;;
10BSLL961_MO.MD;;DI;хмдхйюрнп окюлемх цнпекйх ╧12. акнйхпнбйю;;;;;;
10HS950.PV;;DI;яапня акнйхпнбйх 10-I-024 (меяннр. нряей-къ) хг пяс;;;;;;
10HS950.OP;;DI;яапня акнйхпнбйх 10-I-024 (меяннр. нряей-къ) хг пяс;;;;;;
10HS950.OP;;DO;яапня акнйхпнбйх 10-I-024 (меяннр. нряей-къ) хг пяс;;;;;;
10HS951.PV;;DI;яапня акнйхпнбйх 10-I-020 (бшя. р дшл. цюгнб) хг пяс;;;;;;
10HS951.OP;;DI;яапня акнйхпнбйх 10-I-020 (бшя. р дшл. цюгнб) хг пяс;;;;;;
10HS951.OP;;DO;яапня акнйхпнбйх 10-I-020 (бшя. р дшл. цюгнб) хг пяс;;;;;;
10HS952.PV;;DI;яапня акнйхпнбйх 10-I-023 (нярюмнб кхмхх люгсрю) хг пяс;;;;;;
10HS952.OP;;DI;яапня акнйхпнбйх 10-I-023 (нярюмнб кхмхх люгсрю) хг пяс;;;;;;
10HS952.OP;;DO;яапня акнйхпнбйх 10-I-023 (нярюмнб кхмхх люгсрю) хг пяс;;;;;;
10HS953.PV;;DI;яапня акнйхпнбйх 10-I-018 (нярюмнб ням. кхмхх) хг пяс;;;;;;
10HS953.OP;;DI;яапня акнйхпнбйх 10-I-018 (нярюмнб ням. кхмхх) хг пяс;;;;;;
10HS953.OP;;DO;яапня акнйхпнбйх 10-I-018 (нярюмнб ням. кхмхх) хг пяс;;;;;;
10HS954.PV;;DI;яапня акнйхпнбйх 10-I-022 (нярюмнб охкнр. кхмхх) хг пяс;;;;;;
10HS954.OP;;DI;яапня акнйхпнбйх 10-I-022 (нярюмнб охкнр. кхмхх) хг пяс;;;;;;
10HS954.OP;;DO;яапня акнйхпнбйх 10-I-022 (нярюмнб охкнр. кхмхх) хг пяс;;;;;;
10HS955.PV;;DI;яапня акнйхпнбйх 10-I-019 (онрепъ ръцх) хг пяс;;;;;;
10HS955.OP;;DI;яапня акнйхпнбйх 10-I-019 (онрепъ ръцх) хг пяс;;;;;;
10HS955.OP;;DO;яапня акнйхпнбйх 10-I-019 (онрепъ ръцх) хг пяс;;;;;;
10HS956.PV;;DI;яапня акнйхпнбйх 10-I-033 (онцюя. окюлемх) хг пяс;;;;;;
10HS956.OP;;DI;яапня акнйхпнбйх 10-I-033 (онцюя. окюлемх) хг пяс;;;;;;
10HS956.OP;;DO;яапня акнйхпнбйх 10-I-033 (онцюя. окюлемх) хг пяс;;;;;;
10HS957.PV;;DI;яапня акнйхпнбйх 10-I-001 (юбюп. нярюмнб) хг пяс;;;;;;
10HS957.OP;;DI;яапня акнйхпнбйх 10-I-001 (юбюп. нярюмнб) хг пяс;;;;;;
10HS957.OP;;DO;яапня акнйхпнбйх 10-I-001 (юбюп. нярюмнб) хг пяс;;;;;;
10HS958.PV;;DI;яапня акнйхпнбйх 10-I-017 (опнцюп глееб-йю) хг пяс;;;;;;
10HS958.OP;;DI;яапня акнйхпнбйх 10-I-017 (опнцюп глееб-йю) хг пяс;;;;;;
10HS958.OP;;DO;яапня акнйхпнбйх 10-I-017 (опнцюп глееб-йю) хг пяс;;;;;;
10LI008_MO.PV;;DI;спнбемэ 10LI008/008A б е-1008 цемепюрнп оюпю яд. акнйхпнбйю 008/008A;;;;;;
10LI008_MO.OP;;DI;спнбемэ 10LI008/008A б е-1008 цемепюрнп оюпю яд. акнйхпнбйю 008/008A;;;;;;
10LI008_MO.OP;;DO;спнбемэ 10LI008/008A б е-1008 цемепюрнп оюпю яд. акнйхпнбйю 008/008A;;;;;;
10LI008_MO.MD;;DI;спнбемэ 10LI008/008A б е-1008 цемепюрнп оюпю яд. акнйхпнбйю 008/008A;;;;;;
10LI008_TF.PV;;DI;спнбемэ б е-1008 цемепюрнп оюпю яд. дюрвхй;;;;;;
10LI009_MO.PV;;DI;спнбемэ 10LI009/009A б е-1018 цемепюрнп оюпю яд. акнйхпнбйю 009/009A;;;;;;
10LI009_MO.OP;;DI;спнбемэ 10LI009/009A б е-1018 цемепюрнп оюпю яд. акнйхпнбйю 009/009A;;;;;;
10LI009_MO.OP;;DO;спнбемэ 10LI009/009A б е-1018 цемепюрнп оюпю яд. акнйхпнбйю 009/009A;;;;;;
10LI009_MO.MD;;DI;спнбемэ 10LI009/009A б е-1018 цемепюрнп оюпю яд. акнйхпнбйю 009/009A;;;;;;
10LI009_TF.PV;;DI;спнбемэ б е-1018 цемепюрнп оюпю яд. дюрвхй;;;;;;
10LI021_MO.PV;;DI;спнбемэ 10LI021/020 б V-1002 елйнярэ бепу. опндсйрю. акнйхпнбйю;;;;;;
10LI021_MO.OP;;DI;спнбемэ 10LI021/020 б V-1002 елйнярэ бепу. опндсйрю. акнйхпнбйю;;;;;;
10LI021_MO.OP;;DO;спнбемэ 10LI021/020 б V-1002 елйнярэ бепу. опндсйрю. акнйхпнбйю;;;;;;
10LI021_MO.MD;;DI;спнбемэ 10LI021/020 б V-1002 елйнярэ бепу. опндсйрю. акнйхпнбйю;;;;;;
10LI021_TF.PV;;DI;спнбемэ б V-1002 елйнярэ бепу. опндсйрю. дюрвхй;;;;;;
10LI024_MO.PV;;DI;спнбемэ 10LI024/023 б V-1002 елйнярэ бепу. опндсйрю. акнйхпнбйю;;;;;;
10LI024_MO.OP;;DI;спнбемэ 10LI024/023 б V-1002 елйнярэ бепу. опндсйрю. акнйхпнбйю;;;;;;
10LI024_MO.OP;;DO;спнбемэ 10LI024/023 б V-1002 елйнярэ бепу. опндсйрю. акнйхпнбйю;;;;;;
10LI024_MO.MD;;DI;спнбемэ 10LI024/023 б V-1002 елйнярэ бепу. опндсйрю. акнйхпнбйю;;;;;;
10LI024_TF.PV;;DI;спнбемэ б V-1002 елйнярэ бепу. опндсйрю. дюрвхй;;;;;;
10LI031_MO.PV;;DI;спнбемэ 10LI031/030 б V-1005 яеоюпюрнп рнок. цюгю. акнйхпнбйю;;;;;;
10LI031_MO.OP;;DI;спнбемэ 10LI031/030 б V-1005 яеоюпюрнп рнок. цюгю. акнйхпнбйю;;;;;;
10LI031_MO.OP;;DO;спнбемэ 10LI031/030 б V-1005 яеоюпюрнп рнок. цюгю. акнйхпнбйю;;;;;;
10LI031_MO.MD;;DI;спнбемэ 10LI031/030 б V-1005 яеоюпюрнп рнок. цюгю. акнйхпнбйю;;;;;;
10LI031_TF.PV;;DI;спнбемэ б V-1005 яеоюпюрнп рнок. цюгю. дюрвхй;;;;;;
10LI038_MO.PV;;DI;спнбемэ 10LI038/037 б V-1045 елйнярэ юмрхтпхгю. акнйхпнбйю;;;;;;
10LI038_MO.OP;;DI;спнбемэ 10LI038/037 б V-1045 елйнярэ юмрхтпхгю. акнйхпнбйю;;;;;;
10LI038_MO.OP;;DO;спнбемэ 10LI038/037 б V-1045 елйнярэ юмрхтпхгю. акнйхпнбйю;;;;;;
10LI038_MO.MD;;DI;спнбемэ 10LI038/037 б V-1045 елйнярэ юмрхтпхгю. акнйхпнбйю;;;;;;
10LI038_TF.PV;;DI;спнбемэ б V-1045 елйнярэ юмрхтпхгю. дюрвхй;;;;;;
10LI043_MO.PV;;DI;спнбемэ б V-1042ю дпемюф. елйнярэ. акнйхпнбйю;;;;;;
10LI043_MO.OP;;DI;спнбемэ б V-1042ю дпемюф. елйнярэ. акнйхпнбйю;;;;;;
10LI043_MO.OP;;DO;спнбемэ б V-1042ю дпемюф. елйнярэ. акнйхпнбйю;;;;;;
10LI043_MO.MD;;DI;спнбемэ б V-1042ю дпемюф. елйнярэ. акнйхпнбйю;;;;;;
10LI043_TF.PV;;DI;спнбемэ б V-1042ю дпемюф. елйнярэ. дюрвхй;;;;;;
10LI044_MO.PV;;DI;спнбемэ б V-1041 дпемюф. елйнярэ. акнйхпнбйю;;;;;;
10LI044_MO.OP;;DI;спнбемэ б V-1041 дпемюф. елйнярэ. акнйхпнбйю;;;;;;
10LI044_MO.OP;;DO;спнбемэ б V-1041 дпемюф. елйнярэ. акнйхпнбйю;;;;;;
10LI044_MO.MD;;DI;спнбемэ б V-1041 дпемюф. елйнярэ. акнйхпнбйю;;;;;;
10LI044_TF.PV;;DI;спнбемэ б V-1041 дпемюф. елйнярэ. дюрвхй;;;;;;
10LI045_TF.PV;;DI;спнбемэ б V-1042б дпемюф. елйнярэ. дюрвхй;;;;;;
10LI046_MO.PV;;DI;спнбемэ б V-1042я дпемюф. елйнярэ. акнйхпнбйю;;;;;;
10LI046_MO.OP;;DI;спнбемэ б V-1042я дпемюф. елйнярэ. акнйхпнбйю;;;;;;
10LI046_MO.OP;;DO;спнбемэ б V-1042я дпемюф. елйнярэ. акнйхпнбйю;;;;;;
10LI046_MO.MD;;DI;спнбемэ б V-1042я дпемюф. елйнярэ. акнйхпнбйю;;;;;;
10XA947G_STS.PV;;DI;нярюмнб кхмхх люгсрю. хмдхй-жхъ б пяс;;;;;;
10XA906.PV;;DI;10-XV-906. меяннр. онкнф. йнлюмде. яхцмюкхгюжхъ;;;;;;
10XA947H_STS.PV;;DI;меяннр. онкнф. нряей-къ йнлюмде. хмдхй-жхъ б пяс;;;;;;
10XA947J_STS.PV;;DI;онцюяюмхе окюлемх. хмдхй-жхъ б пяс;;;;;;
10XA907.PV;;DI;10-XV-907. меяннр. онкнф. йнлюмде. яхцмюкхгюжхъ;;;;;;
10XA947K_STS.PV;;DI;нрйк. н2 юмюкхгюрнпнб. хмдхй-жхъ б пяс;;;;;;
10XA908.PV;;DI;10-XV-908. меяннр. онкнф. йнлюмде. яхцмюкхгюжхъ;;;;;;
10SIS016_RR.PV;;DI;цнрнбм. й яапняс акнй-йх 10-I-016 (10LAHH024/023, 10HS067);;;;;;
10SIS057_RR.PV;;DI;цнрнбм. й яапняс акнй-йх 10-I-057 (10HS032);;;;;;
10XA909.PV;;DI;10-XV-909. меяннр. онкнф. йнлюмде. яхцмюкхгюжхъ;;;;;;
10SIS034_RR.PV;;DI;цнрнбм. й яапняс акнй-йх 10-I-034 (10HS152A/B, оевмше);;;;;;
10HS025_FU.PV;;DI;P-1001S нярюмнбкем ноепюрнпнл. оепбнопхвхмю;;;;;;
IB101_ESD1_RT1.PV;;DI;ярюпр REPAIR TIMER дкъ CP1;;;;;;
IB101_ESD1_RT2.PV;;DI;ярюпр REPAIR TIMER дкъ CP2;;;;;;
20XY266.PV;;DI;соп. нря-кел 20-XV-266 яхяр. оюг;;;;;;
10TAHH713_FU.PV;;DI;P-1001B мюяня J рело. ондьхо. оепбнопхвхмю;;;;;;
10BSLL950_MO.PV;;DI;хмдхйюрнп окюлемх цнпекйх ╧1. акнйхпнбйю;;;;;;
10BSLL950_MO.OP;;DI;хмдхйюрнп окюлемх цнпекйх ╧1. акнйхпнбйю;;;;;;
10BSLL950_MO.OP;;DO;хмдхйюрнп окюлемх цнпекйх ╧1. акнйхпнбйю;;;;;;
10BSLL950_MO.MD;;DI;хмдхйюрнп окюлемх цнпекйх ╧1. акнйхпнбйю;;;;;;
10LALL048_CA.PV;;DI;бяюя P-1013A. яхцмюкхгюжхъ;;;;;;
10LALL048S_CA.PV;;DI;бяюя P-1013S. яхцмюкхгюжхъ;;;;;;
10LAHH051_CA.PV;;DI;спнбемэ б V-1030 яеоюпюрнп меопеп. опндсбйх. яхцмюкхгюжхъ;;;;;;
10LAHH048_CA.PV;;DI;спнбемэ б V-1009 оюпняанпмхй яд. яхцмюкхгюжхъ;;;;;;
10LALL037_CA.PV;;DI;спнбемэ б V-1045 елйнярэ юмрхтпхгю. яхцмюкхгюжхъ;;;;;;
10PALL240_CA.PV;;DI;релоепхп. бндю оняке п-1040ю/б/я. яхцмюкхгюжхъ;;;;;;
10PALL917.PV;;DI;нямнбмни цнпчвхи цюг. хмхжхюрнп акнй-йх;;;;;;
10PALL917_FU.PV;;DI;нямнбмни цнпчвхи цюг. оепбнопхвхмю;;;;;;
10PALL919.PV;;DI;охкнрмши цюг дкъ пнгфхцю. хмхжхюрнп акнй-йх;;;;;;
10PALL944.PV;;DI;бнгдсу й тнпясмйюл. хмхжхюрнп акнй-йх;;;;;;
10PALL944_CA.PV;;DI;бнгдсу й тнпясмйюл. яхцмюкхгюжхъ;;;;;;
10PALL944_FU.PV;;DI;бнгдсу й тнпясмйюл. оепбнопхвхмю;;;;;;
10PDALL912.PV;;DI;ондювю фхд. рнокхбю / пюяошкемхе оюпю. хмхжхюрнп акнй-йх;;;;;;
10PDALL912_CA.PV;;DI;ондювю фхд. рнокхбю / пюяошкемхе оюпю. яхцмюкхгюжхъ;;;;;;
10PDI912_MO.PV;;DI;ондювю фхд. рнокхбю / пюяошкемхе оюпю. акнйхпнбйю;;;;;;
10PDI912_MO.OP;;DI;ондювю фхд. рнокхбю / пюяошкемхе оюпю. акнйхпнбйю;;;;;;
10PDI912_MO.OP;;DO;ондювю фхд. рнокхбю / пюяошкемхе оюпю. акнйхпнбйю;;;;;;
10PDI912_MO.MD;;DI;ондювю фхд. рнокхбю / пюяошкемхе оюпю. акнйхпнбйю;;;;;;
10PDI912_TF.PV;;DI;ондювю фхд. рнокхбю / пюяошкемхе оюпю. дюрвхй;;;;;;
10PI919A_OO.PV;;DI;охкнрмши цюг дкъ пнгфхцю. деакнй. опх осяйе;;;;;;
10PI919B_OO.PV;;DI;охкнрмши цюг дкъ пнгфхцю. деакнй. опх осяйе;;;;;;
10PI917A_OO.PV;;DI;нямнбмни цнпчвхи цюг. деакнй. опх осяйе;;;;;;
10PI917B_OO.PV;;DI;нямнбмни цнпчвхи цюг. деакнй. опх осяйе;;;;;;
10PI907_OO.PV;;DI;дюбкемхе мю оепебюке. деакнй. опх осяйе;;;;;;
10PI911A_OO.PV;;DI;ондювю фхдйнцн рнокхбю. деакнй. опх осяйе;;;;;;
10PDT912_OO.PV;;DI;ондювю фхд. рнокхбю / пюяошкемхе оюпю. деакнй. опх осяйе;;;;;;
10PI907_MO.PV;;DI;дюбкемхе 10PI907/907A мю оепебюке. акнйхпнбйю;;;;;;
10PI907_MO.OP;;DI;дюбкемхе 10PI907/907A мю оепебюке. акнйхпнбйю;;;;;;
10PI907_MO.OP;;DO;дюбкемхе 10PI907/907A мю оепебюке. акнйхпнбйю;;;;;;
10PI907_MO.MD;;DI;дюбкемхе 10PI907/907A мю оепебюке. акнйхпнбйю;;;;;;
10PI907_TF.PV;;DI;дюбкемхе мю оепебюке. дюрвхй;;;;;;
10PI911A_MO.PV;;DI;10PI911A/911B ондювю фхдйнцн рнокхбю. акнйхпнбйю;;;;;;
10PI911A_MO.OP;;DI;10PI911A/911B ондювю фхдйнцн рнокхбю. акнйхпнбйю;;;;;;
10PI911A_MO.OP;;DO;10PI911A/911B ондювю фхдйнцн рнокхбю. акнйхпнбйю;;;;;;
10PI911A_MO.MD;;DI;10PI911A/911B ондювю фхдйнцн рнокхбю. акнйхпнбйю;;;;;;
10PI911A_TF.PV;;DI;ондювю фхдйнцн рнокхбю. дюрвхй;;;;;;
10PI911B_MO.PV;;DI;10PI911B/911A ондювю фхдйнцн рнокхбю. акнйхпнбйю;;;;;;
10PI911B_MO.OP;;DI;10PI911B/911A ондювю фхдйнцн рнокхбю. акнйхпнбйю;;;;;;
10PI911B_MO.OP;;DO;10PI911B/911A ондювю фхдйнцн рнокхбю. акнйхпнбйю;;;;;;
10PI911B_MO.MD;;DI;10PI911B/911A ондювю фхдйнцн рнокхбю. акнйхпнбйю;;;;;;
10PI911B_TF.PV;;DI;ондювю фхдйнцн рнокхбю. дюрвхй;;;;;;
10PI917A_MO.PV;;DI;10PI917A/917B нямнбмни цнпчвхи цюг. акнйхпнбйю;;;;;;
10PI917A_MO.OP;;DI;10PI917A/917B нямнбмни цнпчвхи цюг. акнйхпнбйю;;;;;;
10PI917A_MO.OP;;DO;10PI917A/917B нямнбмни цнпчвхи цюг. акнйхпнбйю;;;;;;
10PI917A_MO.MD;;DI;10PI917A/917B нямнбмни цнпчвхи цюг. акнйхпнбйю;;;;;;
10PI917A_TF.PV;;DI;нямнбмни цнпчвхи цюг. дюрвхй;;;;;;
10PI917B_TF.PV;;DI;нямнбмни цнпчвхи цюг. дюрвхй;;;;;;
10PI919A_MO.PV;;DI;охкнрмши цюг дкъ пнгфхцю. акнйхпнбйю 10PI919A/B;;;;;;
10PI919A_MO.OP;;DI;охкнрмши цюг дкъ пнгфхцю. акнйхпнбйю 10PI919A/B;;;;;;
10PI919A_MO.OP;;DO;охкнрмши цюг дкъ пнгфхцю. акнйхпнбйю 10PI919A/B;;;;;;
10PI919A_MO.MD;;DI;охкнрмши цюг дкъ пнгфхцю. акнйхпнбйю 10PI919A/B;;;;;;
10PI919A_TF.PV;;DI;охкнрмши цюг дкъ пнгфхцю. дюрвхй;;;;;;
10PI919B_TF.PV;;DI;охкнрмши цюг дкъ пнгфхцю. дюрвхй;;;;;;
10PI944_MO.PV;;DI;дюбкемхе бнгдсую 10PI944/943 й тнпясмйюл. акнйхпнбйю;;;;;;
10PI944_MO.OP;;DI;дюбкемхе бнгдсую 10PI944/943 й тнпясмйюл. акнйхпнбйю;;;;;;
10PI944_MO.OP;;DO;дюбкемхе бнгдсую 10PI944/943 й тнпясмйюл. акнйхпнбйю;;;;;;
10PI944_MO.MD;;DI;дюбкемхе бнгдсую 10PI944/943 й тнпясмйюл. акнйхпнбйю;;;;;;
10PI944_TF.PV;;DI;бнгдсу й тнпясмйюл. дюрвхй;;;;;;
10PI911B_OO.PV;;DI;ондювю фхдйнцн рнокхбю. деакнй. опх осяйе;;;;;;
10TAHH072.PV;;DI;юрл. нярюрнй хг H-1001A (1 глеебхй). хмхжхюрнп акнй-йх;;;;;;
10TAHH072_FU.PV;;DI;юрл. нярюрнй хг H-1001A (1 глеебхй). оепбнопхвхмю;;;;;;
10PAHH919B_CA.PV;;DI;охкнрмши цюг дкъ пнгфхцю. яхцмюкхгюжхъ;;;;;;
10PAHH917B_CA.PV;;DI;нямнбмни цнпчвхи цюг. яхцмюкхгюжхъ;;;;;;
10TAHH072_PA.PV;;DI;юрл. нярюрнй хг H-1001A (1 глеебхй). 1 хг 3 яхцм-жхъ;;;;;;
10TAHH072A_CA.PV;;DI;юрл. нярюрнй хг H-1001A (1 глеебхй). яхцмюкхгюжхъ;;;;;;
10TAHH072B_CA.PV;;DI;юрл. нярюрнй хг H-1001A (1 глеебхй). яхцмюкхгюжхъ;;;;;;
10TAHH072C_CA.PV;;DI;юрл. нярюрнй хг H-1001A (1 глеебхй). яхцмюкхгюжхъ;;;;;;
10TAHH075.PV;;DI;юрл. нярюрнй хг H-1001A (2 глеебхй). хмхжхюрнп акнй-йх;;;;;;
10TAHH075_FU.PV;;DI;юрл. нярюрнй хг H-1001A (2 глеебхй). оепбнопхвхмю;;;;;;
10TAHH075_PA.PV;;DI;юрл. нярюрнй хг H-1001A (2 глеебхй). 1 хг 3 яхцм-жхъ;;;;;;
10TAHH075A_CA.PV;;DI;юрл. нярюрнй хг H-1001A (2 глеебхй). яхцмюкхгюжхъ;;;;;;
10TAHH075B_CA.PV;;DI;юрл. нярюрнй хг H-1001A (2 глеебхй). яхцмюкхгюжхъ;;;;;;
10TAHH075C_CA.PV;;DI;юрл. нярюрнй хг H-1001A (2 глеебхй). яхцмюкхгюжхъ;;;;;;
10TAHH076.PV;;DI;юрл. нярюрнй хг H-1001A (3 глеебхй). хмхжхюрнп акнй-йх;;;;;;
10TAHH076_FU.PV;;DI;юрл. нярюрнй хг H-1001A (3 глеебхй). оепбнопхвхмю;;;;;;
10TAHH076_PA.PV;;DI;юрл. нярюрнй хг H-1001A (3 глеебхй). 1 хг 3 яхцм-жхъ;;;;;;
10TAHH076A_CA.PV;;DI;юрл. нярюрнй хг H-1001A (3 глеебхй). яхцмюкхгюжхъ;;;;;;
10TAHH076B_CA.PV;;DI;юрл. нярюрнй хг H-1001A (3 глеебхй). яхцмюкхгюжхъ;;;;;;
10TAHH076C_CA.PV;;DI;юрл. нярюрнй хг H-1001A (3 глеебхй). яхцмюкхгюжхъ;;;;;;
10TAHH077.PV;;DI;юрл. нярюрнй хг H-1001A (4 глеебхй). хмхжхюрнп акнй-йх;;;;;;
10TAHH077_FU.PV;;DI;юрл. нярюрнй хг H-1001A (4 глеебхй). оепбнопхвхмю;;;;;;
10TAHH077_PA.PV;;DI;юрл. нярюрнй хг H-1001A (4 глеебхй). 1 хг 3 яхцм-жхъ;;;;;;
10TAHH077A_CA.PV;;DI;юрл. нярюрнй хг H-1001A (4 глеебхй). яхцмюкхгюжхъ;;;;;;
10TAHH077B_CA.PV;;DI;юрл. нярюрнй хг H-1001A (4 глеебхй). яхцмюкхгюжхъ;;;;;;
10TAHH077C_CA.PV;;DI;юрл. нярюрнй хг H-1001A (4 глеебхй). яхцмюкхгюжхъ;;;;;;
10TAHH250.PV;;DI;юрл. нярюрнй хг H-1001A (5 глеебхй). хмхжхюрнп акнй-йх;;;;;;
10TAHH250_FU.PV;;DI;юрл. нярюрнй хг H-1001A (5 глеебхй). оепбнопхвхмю;;;;;;
10TAHH250_PA.PV;;DI;юрл. нярюрнй хг H-1001A (5 глеебхй). 1 хг 3 яхцм-жхъ;;;;;;
10TAHH250A_CA.PV;;DI;юрл. нярюрнй хг H-1001A (5 глеебхй). яхцмюкхгюжхъ;;;;;;
10TAHH250B_CA.PV;;DI;юрл. нярюрнй хг H-1001A (5 глеебхй). яхцмюкхгюжхъ;;;;;;
10TAHH250C_CA.PV;;DI;юрл. нярюрнй хг H-1001A (5 глеебхй). яхцмюкхгюжхъ;;;;;;
10TAHH251.PV;;DI;юрл. нярюрнй хг H-1001A (6 глеебхй). хмхжхюрнп акнй-йх;;;;;;
10TAHH251_FU.PV;;DI;юрл. нярюрнй хг H-1001A (6 глеебхй). оепбнопхвхмю;;;;;;
10TAHH251_PA.PV;;DI;юрл. нярюрнй хг H-1001A (6 глеебхй). 1 хг 3 яхцм-жхъ;;;;;;
10TAHH251A_CA.PV;;DI;юрл. нярюрнй хг H-1001A (6 глеебхй). яхцмюкхгюжхъ;;;;;;
10TAHH251B_CA.PV;;DI;юрл. нярюрнй хг H-1001A (6 глеебхй). яхцмюкхгюжхъ;;;;;;
10TAHH251C_CA.PV;;DI;юрл. нярюрнй хг H-1001A (6 глеебхй). яхцмюкхгюжхъ;;;;;;
10TAHH252.PV;;DI;юрл. нярюрнй хг H-1001A (7 глеебхй). хмхжхюрнп акнй-йх;;;;;;
10TAHH252_FU.PV;;DI;юрл. нярюрнй хг H-1001A (7 глеебхй). оепбнопхвхмю;;;;;;
10TAHH252_PA.PV;;DI;юрл. нярюрнй хг H-1001A (7 глеебхй). 1 хг 3 яхцм-жхъ;;;;;;
10TAHH252A_CA.PV;;DI;юрл. нярюрнй хг H-1001A (7 глеебхй). яхцмюкхгюжхъ;;;;;;
10TAHH252B_CA.PV;;DI;юрл. нярюрнй хг H-1001A (7 глеебхй). яхцмюкхгюжхъ;;;;;;
10TAHH252C_CA.PV;;DI;юрл. нярюрнй хг H-1001A (7 глеебхй). яхцмюкхгюжхъ;;;;;;
10TAHH253.PV;;DI;юрл. нярюрнй хг H-1001A (8 глеебхй). хмхжхюрнп акнй-йх;;;;;;
10TAHH253_FU.PV;;DI;юрл. нярюрнй хг H-1001A (8 глеебхй). оепбнопхвхмю;;;;;;
10TAHH253_PA.PV;;DI;юрл. нярюрнй хг H-1001A (8 глеебхй). 1 хг 3 яхцм-жхъ;;;;;;
10TAHH253A_CA.PV;;DI;юрл. нярюрнй хг H-1001A (8 глеебхй). яхцмюкхгюжхъ;;;;;;
10TAHH253B_CA.PV;;DI;юрл. нярюрнй хг H-1001A (8 глеебхй). яхцмюкхгюжхъ;;;;;;
10TAHH253C_CA.PV;;DI;юрл. нярюрнй хг H-1001A (8 глеебхй). яхцмюкхгюжхъ;;;;;;
10BALL950_961_OO.PV;;DI;онцюя. окюлемх б цнпекйюу. деакнй. опх осяйе;;;;;;
10SIS024_1.PV;;DI;10-XV-907. меяннр. онкнф. йнлюмде. хмхжхюрнп акнй-йх;;;;;;
10SIS024.PV;;DI;10-XV-910. меяннр. онкнф. йнлюмде. хмхжхюрнп акнй-йх;;;;;;
10TAHH650.PV;;DI;P-1042A мюяня T рело. ондьхо. хмхжхюрнп акнй-йх;;;;;;
10TAHH650_CA.PV;;DI;P-1042A мюяня T рело. ондьхо. яхцмюкхгюжхъ;;;;;;
10TAHH652.PV;;DI;P-1042B мюяня T рело. ондьхо. хмхжхюрнп акнй-йх;;;;;;
10TAHH652_CA.PV;;DI;P-1042B мюяня T рело. ондьхо. яхцмюкхгюжхъ;;;;;;
10TAHH654.PV;;DI;P-1042C мюяня T рело. ондьхо. хмхжхюрнп акнй-йх;;;;;;
10SIS024_2.PV;;DI;10-XV-913. меяннр. онкнф. йнлюмде. хмхжхюрнп акнй-йх;;;;;;
10BALL953_954_FU.PV;;DI;онцюя. окюлемх б цнпекйюу ╧4 х ╧5. оепбнопхвхмю;;;;;;
10BALL953_CA.PV;;DI;онцюя. окюлемх цнпекйх ╧4. яхцмюкхгюжхъ;;;;;;
10BALL954_955_FU.PV;;DI;онцюя. окюлемх б цнпекйюу ╧5 х ╧6. оепбнопхвхмю;;;;;;
10BALL954_CA.PV;;DI;онцюя. окюлемх цнпекйх ╧5. яхцмюкхгюжхъ;;;;;;
10BALL955_CA.PV;;DI;онцюя. окюлемх цнпекйх ╧6. яхцмюкхгюжхъ;;;;;;
10BALL956_957_FU.PV;;DI;онцюя. окюлемх б цнпекйюу ╧7 х ╧8. оепбнопхвхмю;;;;;;
10TAHH717.PV;;DI;P-1007S р цеплер. ярюйюмю. хмхжхюрнп акнй-йх;;;;;;
10TAHH717_CA.PV;;DI;P-1007S р цеплер. ярюйюмю. яхцмюкхгюжхъ;;;;;;
10TAHH721.PV;;DI;P-1001S мюяня р рело. ондьхо. хмхжхюрнп акнй-йх;;;;;;
10TAHH721_CA.PV;;DI;P-1001S мюяня р рело. ондьхо. яхцмюкхгюжхъ;;;;;;
10TAHH721_FU.PV;;DI;P-1001S мюяня р рело. ондьхо. оепбнопхвхмю;;;;;;
10TAHH722.PV;;DI;P-1001S мюяня J рело. ондьхо. хмхжхюрнп акнй-йх;;;;;;
10TAHH722_CA.PV;;DI;P-1001S мюяня J рело. ондьхо. яхцмюкхгюжхъ;;;;;;
10TAHH722_FU.PV;;DI;P-1001S мюяня J рело. ондьхо. оепбнопхвхмю;;;;;;
10TAHH723.PV;;DI;P-1001S мюяня J рело. ондьхо. хмхжхюрнп акнй-йх;;;;;;
10TAHH723_CA.PV;;DI;P-1001S мюяня J рело. ондьхо. яхцмюкхгюжхъ;;;;;;
10TAHH723_FU.PV;;DI;P-1001S мюяня J рело. ондьхо. оепбнопхвхмю;;;;;;
10TAHH724.PV;;DI;P-1001S рспахмш J рело. ондьхо. хмхжхюрнп акнй-йх;;;;;;
10TAHH724_CA.PV;;DI;P-1001S рспахмш J рело. ондьхо. яхцмюкхгюжхъ;;;;;;
10TAHH724_FU.PV;;DI;P-1001S рспахмш J рело. ондьхо. оепбнопхвхмю;;;;;;
10TAHH725.PV;;DI;P-1001S рспахмш J рело. ондьхо. хмхжхюрнп акнй-йх;;;;;;
10TAHH725_CA.PV;;DI;P-1001S рспахмш J рело. ондьхо. яхцмюкхгюжхъ;;;;;;
10TAHH725_FU.PV;;DI;P-1001S рспахмш J рело. ондьхо. оепбнопхвхмю;;;;;;
10TAHH727.PV;;DI;P-1008A р цеплер. ярюйюмю. хмхжхюрнп акнй-йх;;;;;;
10TAHH727_CA.PV;;DI;P-1008A р цеплер. ярюйюмю. яхцмюкхгюжхъ;;;;;;
10TAHH738.PV;;DI;P-1008S р цеплер. ярюйюмю. хмхжхюрнп акнй-йх;;;;;;
10TAHH738_CA.PV;;DI;P-1008S р цеплер. ярюйюмю. яхцмюкхгюжхъ;;;;;;
10TAHH749.PV;;DI;P-1045S р цеплер. ярюйюмю. хмхжхюрнп акнй-йх;;;;;;
10TI072B_TF.PV;;DI;юрл. нярюрнй хг H-1001A (1 глеебхй) дюрвхй;;;;;;
10TI072C_TF.PV;;DI;юрл. нярюрнй хг H-1001A (1 глеебхй) дюрвхй;;;;;;
10TI075A_TF.PV;;DI;юрл. нярюрнй хг H-1001A (2 глеебхй) дюрвхй;;;;;;
10TI075B_TF.PV;;DI;юрл. нярюрнй хг H-1001A (2 глеебхй) дюрвхй;;;;;;
10HS704.PV;;DI;P-1001A. яапня акнйхпнбнй (BENTLY, рело., 10-I-004) хг пяс;;;;;;
10HS704.OP;;DI;P-1001A. яапня акнйхпнбнй (BENTLY, рело., 10-I-004) хг пяс;;;;;;
10HS704.OP;;DO;P-1001A. яапня акнйхпнбнй (BENTLY, рело., 10-I-004) хг пяс;;;;;;
10HS714.PV;;DI;P-1001б. яапня акнйхпнбнй (BENTLY, рело., 10-I-004) хг пяс;;;;;;
10HS714.OP;;DI;P-1001б. яапня акнйхпнбнй (BENTLY, рело., 10-I-004) хг пяс;;;;;;
10HS714.OP;;DO;P-1001б. яапня акнйхпнбнй (BENTLY, рело., 10-I-004) хг пяс;;;;;;
10BALL950_951_FU.PV;;DI;онцюя. окюлемх б цнпекйюу ╧1 х ╧2. оепбнопхвхмю;;;;;;
10BALL950_CA.PV;;DI;онцюя. окюлемх цнпекйх ╧1. яхцмюкхгюжхъ;;;;;;
10BALL951_952_FU.PV;;DI;онцюя. окюлемх б цнпекйюу ╧2 х ╧3. оепбнопхвхмю;;;;;;
10BALL951_CA.PV;;DI;онцюя. окюлемх цнпекйх ╧2. яхцмюкхгюжхъ;;;;;;
10BALL952_953_FU.PV;;DI;онцюя. окюлемх б цнпекйюу ╧3 х ╧4. оепбнопхвхмю;;;;;;
10BALL952_CA.PV;;DI;онцюя. окюлемх цнпекйх ╧3. яхцмюкхгюжхъ;;;;;;
10FI030A_MO.PV;;DI;пюяунд юрл.нярюрйю 10FI030A/031A б H-1001A, 1 глеебхй. акнйхпнбйю;;;;;;
10FI030A_MO.OP;;DI;пюяунд юрл.нярюрйю 10FI030A/031A б H-1001A, 1 глеебхй. акнйхпнбйю;;;;;;
10FI030A_MO.OP;;DO;пюяунд юрл.нярюрйю 10FI030A/031A б H-1001A, 1 глеебхй. акнйхпнбйю;;;;;;
10FI030A_MO.MD;;DI;пюяунд юрл.нярюрйю 10FI030A/031A б H-1001A, 1 глеебхй. акнйхпнбйю;;;;;;
10FI030A_TF.PV;;DI;юрл.нярюрнй б H-1001A, 1 глеебхй. дюрвхй;;;;;;
10FI030B_MO.PV;;DI;пюяунд юрл.нярюрйю 10FI030B/031B б H-1001A, 2 глеебхй. акнйхпнбйю;;;;;;
10FI030B_MO.OP;;DI;пюяунд юрл.нярюрйю 10FI030B/031B б H-1001A, 2 глеебхй. акнйхпнбйю;;;;;;
10FI030B_MO.OP;;DO;пюяунд юрл.нярюрйю 10FI030B/031B б H-1001A, 2 глеебхй. акнйхпнбйю;;;;;;
10FI030B_MO.MD;;DI;пюяунд юрл.нярюрйю 10FI030B/031B б H-1001A, 2 глеебхй. акнйхпнбйю;;;;;;
10FI030B_TF.PV;;DI;юрл.нярюрнй б H-1001A, 2 глеебхй. дюрвхй;;;;;;
10FI030C_MO.PV;;DI;пюяунд юрл.нярюрйю 10FI030C/031C б H-1001A, 3 глеебхй. акнйхпнбйю;;;;;;
10FI030C_MO.OP;;DI;пюяунд юрл.нярюрйю 10FI030C/031C б H-1001A, 3 глеебхй. акнйхпнбйю;;;;;;
10FI030C_MO.OP;;DO;пюяунд юрл.нярюрйю 10FI030C/031C б H-1001A, 3 глеебхй. акнйхпнбйю;;;;;;
10FI030C_MO.MD;;DI;пюяунд юрл.нярюрйю 10FI030C/031C б H-1001A, 3 глеебхй. акнйхпнбйю;;;;;;
10FI030C_TF.PV;;DI;юрл.нярюрнй б H-1001A, 3 глеебхй. дюрвхй;;;;;;
10FI030D_MO.PV;;DI;пюяунд юрл.нярюрйю 10FI030D/031D б H-1001A, 4 глеебхй. акнйхпнбйю;;;;;;
10FI030D_MO.OP;;DI;пюяунд юрл.нярюрйю 10FI030D/031D б H-1001A, 4 глеебхй. акнйхпнбйю;;;;;;
10FI030D_MO.OP;;DO;пюяунд юрл.нярюрйю 10FI030D/031D б H-1001A, 4 глеебхй. акнйхпнбйю;;;;;;
10FI030D_MO.MD;;DI;пюяунд юрл.нярюрйю 10FI030D/031D б H-1001A, 4 глеебхй. акнйхпнбйю;;;;;;
10FI030D_TF.PV;;DI;юрл.нярюрнй б H-1001A, 4 глеебхй. дюрвхй;;;;;;
10FI030E_MO.PV;;DI;пюяунд юрл.нярюрйю 10FI030E/031E б H-1001A, 5 глеебхй. акнйхпнбйю;;;;;;
10FI030E_MO.OP;;DI;пюяунд юрл.нярюрйю 10FI030E/031E б H-1001A, 5 глеебхй. акнйхпнбйю;;;;;;
10FI030E_MO.OP;;DO;пюяунд юрл.нярюрйю 10FI030E/031E б H-1001A, 5 глеебхй. акнйхпнбйю;;;;;;
10FI030E_MO.MD;;DI;пюяунд юрл.нярюрйю 10FI030E/031E б H-1001A, 5 глеебхй. акнйхпнбйю;;;;;;
10FI030E_TF.PV;;DI;юрл.нярюрнй б H-1001A, 5 глеебхй. дюрвхй;;;;;;
10FI030F_MO.PV;;DI;пюяунд юрл.нярюрйю 10FI030F/031F б H-1001A, 6 глеебхй. акнйхпнбйю;;;;;;
10FI030F_MO.OP;;DI;пюяунд юрл.нярюрйю 10FI030F/031F б H-1001A, 6 глеебхй. акнйхпнбйю;;;;;;
10FI030F_MO.OP;;DO;пюяунд юрл.нярюрйю 10FI030F/031F б H-1001A, 6 глеебхй. акнйхпнбйю;;;;;;
10FI030F_MO.MD;;DI;пюяунд юрл.нярюрйю 10FI030F/031F б H-1001A, 6 глеебхй. акнйхпнбйю;;;;;;
10FI030F_TF.PV;;DI;юрл.нярюрнй б H-1001A, 6 глеебхй. дюрвхй;;;;;;
10FI030G_MO.PV;;DI;пюяунд юрл.нярюрйю 10FI030G/031G б H-1001A, 7 глеебхй. акнйхпнбйю;;;;;;
10FI030G_MO.OP;;DI;пюяунд юрл.нярюрйю 10FI030G/031G б H-1001A, 7 глеебхй. акнйхпнбйю;;;;;;
10FI030G_MO.OP;;DO;пюяунд юрл.нярюрйю 10FI030G/031G б H-1001A, 7 глеебхй. акнйхпнбйю;;;;;;
10FI030G_MO.MD;;DI;пюяунд юрл.нярюрйю 10FI030G/031G б H-1001A, 7 глеебхй. акнйхпнбйю;;;;;;
10FI030G_TF.PV;;DI;юрл.нярюрнй б H-1001A, 7 глеебхй. дюрвхй;;;;;;
10FI030H_MO.PV;;DI;пюяунд юрл.нярюрйю 10FI030H/031H б H-1001A, 8 глеебхй. акнйхпнбйю;;;;;;
10FI030H_MO.OP;;DI;пюяунд юрл.нярюрйю 10FI030H/031H б H-1001A, 8 глеебхй. акнйхпнбйю;;;;;;
10FI030H_MO.OP;;DO;пюяунд юрл.нярюрйю 10FI030H/031H б H-1001A, 8 глеебхй. акнйхпнбйю;;;;;;
10FI030H_MO.MD;;DI;пюяунд юрл.нярюрйю 10FI030H/031H б H-1001A, 8 глеебхй. акнйхпнбйю;;;;;;
10FI030H_TF.PV;;DI;юрл.нярюрнй б H-1001A, 8 глеебхй. дюрвхй;;;;;;
10AY950A.PV;;DI;нрйкчв. юмюкхгюрнпю 10AT950A;;;;;;
10XA900.PV;;DI;10-XV-900. меяннр. онкнф. йнлюмде. яхцмюкхгюжхъ;;;;;;
10XA947B_STS.PV;;DI;опнцюп глееб-йю (опнрхбнонф. гюыхрю). хмдхй-жхъ б пяс;;;;;;
10HS602A_01.PV;;DI;йкчв пюгпеьемхъ деакнй-й гнмш 1000 яей.;;;;;;
10BALL958_959_PA.PV;;DI;онцюя. окюлемх б цнпекйюу ╧9 х ╧10. 1 хг 2 яхцм-жхъ;;;;;;
10HS602B_01.PV;;DI;йкчв яапняю бяеу деакнй-й гнмш 1000 яей.;;;;;;
10BALL959_960_PA.PV;;DI;онцюя. окюлемх б цнпекйюу ╧10 х ╧11. 1 хг 2 яхцм-жхъ;;;;;;
10XL950.PV;;DI;цнрнбм. й яапняс акнй-йх 10-I-024 (меяннр. нряей-къ);;;;;;
10XL951.PV;;DI;цнрнбм. й яапняс акнй-йх 10-I-020 (бшя. р дшл. цюгнб);;;;;;
10XL952.PV;;DI;цнрнбм. й яапняс акнй-йх 10-I-023 (нярюмнб кхмхх люгсрю);;;;;;
10XL953.PV;;DI;цнрнбм. й яапняс акнй-йх 10-I-018 (нярюмнб ням. кхмхх);;;;;;
10XL954.PV;;DI;цнрнбм. й яапняс акнй-йх 10-I-022 (нярюмнб охкнр. кхмхх);;;;;;
10XL955.PV;;DI;цнрнбм. й яапняс акнй-йх 10-I-019 (онрепъ ръцх);;;;;;
10XL956.PV;;DI;цнрнбм. й яапняс акнй-йх 10-I-033 (онцюя. окюлемх);;;;;;
10XL957.PV;;DI;цнрнбм. й яапняс акнй-йх 10-I-001 (юбюп. нярюмнб);;;;;;
10XL958.PV;;DI;цнрнбм. й яапняс акнй-йх 10-I-017 (опнцюп глееб-йю);;;;;;
10XS700_FU.PV;;DI;нярюмнб рспахмш Pб-1001S йнмр-пнл WOODWARD. оепбнопхвхмю;;;;;;
10XY067_F.PV;;DI;соп. нря-кел 10-XV-067 яхярелни оюг. мехяоп. кхмхх;;;;;;
10XY127_F.PV;;DI;соп. нря-кел 10-XV-127 яхярелни оюг. мехяоп. кхмхх;;;;;;
10XY152_F.PV;;DI;соп. нря-кел 10-XV-152 яхярелни оюг. мехяоп. кхмхх;;;;;;
00XA101E01P04.PV;;DI;IB-10-1 ьйют ESD-01 мехяопюбмнярэ хо 04;;;;;;
00XA101E01TMP.PV;;DI;IB-10-1 ьйют ESD-01 опебшьемхе релоепюрспш б ьйютс;;;;;;
10HS026C.PV;;DI;ймнойю мю леярм. оюмекх. нярюмнб оевх м-1001ю.;;;;;;
10HS152A1.PV;;DI;ймнойю он леярс. онф. оюп б рнойс H-1001A;;;;;;
10HS178AA.PV;;DI;леяр. ймнойю цпсоо. нрйкчв. мюянянб яннп. 01;;;;;;
10HS178AB.PV;;DI;леяр. ймнойю цпсоо. нрйкчв. мюянянб яннп. 01;;;;;;
10XV911.PV;;DI;нряей-кэ 10-XV-911 охкнр. цюгю й тнпя. оняке ябевх;;;;;;
10XV911.OP;;DI;нряей-кэ 10-XV-911 охкнр. цюгю й тнпя. оняке ябевх;;;;;;
10XV912.PV;;DI;нряей-кэ 10-XV-912 йхяк. цюгю й тнпясмйюл;;;;;;
10XV912.OP;;DI;нряей-кэ 10-XV-912 йхяк. цюгю й тнпясмйюл;;;;;;
10XV912.OP;;DO;нряей-кэ 10-XV-912 йхяк. цюгю й тнпясмйюл;;;;;;
10XV913.PV;;DI;нряей-кэ 10-XV-913 йхяк. цюгю мю ябевс;;;;;;
10XV913.OP;;DI;нряей-кэ 10-XV-913 йхяк. цюгю мю ябевс;;;;;;
10XV913.OP;;DO;нряей-кэ 10-XV-913 йхяк. цюгю мю ябевс;;;;;;
10XV914.PV;;DI;нряей-кэ 10-XV-914 йхяк. цюгю й тнпя. оняке ябевх;;;;;;
10XV914.OP;;DI;нряей-кэ 10-XV-914 йхяк. цюгю й тнпя. оняке ябевх;;;;;;
10XV914.OP;;DO;нряей-кэ 10-XV-914 йхяк. цюгю й тнпя. оняке ябевх;;;;;;
10HS026B1.PV;;DI;дхярюм. нярюмнбйю м-1001ю хг ноепюрнпмни;;;;;;
10HS026B2.PV;;DI;дхярюм. нярюмнбйю м-1001ю хг ноепюрнпмни;;;;;;
10HS032A.PV;;DI;юбюпхимюъ ондювю оюпю б глееб. м-1001A;;;;;;
10HS032B.PV;;DI;юбюпхимюъ ондювю оюпю б глееб. м-1001A;;;;;;
10HS152B1.PV;;DI;дхярюм. ймнойю. онф. оюп б рнойс H-1001A;;;;;;
10HS152B2.PV;;DI;дхярюм. ймнойю. онф. оюп б рнойс H-1001A;;;;;;
10HS178BA.PV;;DI;дхяр. ймнойю цпсоо. нрйкчв. мюя. яннп. 01 хг ноепюрнпмни;;;;;;
10HS178BB.PV;;DI;дхяр. ймнойю цпсоо. нрйкчв. мюя. яннп. 01 хг ноепюрнпмни;;;;;;
10HS182BA.PV;;DI;дхяр. ймнойю нрйкчв. п-1042б яннп. 05 хг ноепюрнпмни;;;;;;
10HS182BB.PV;;DI;дхяр. ймнойю нрйкчв. п-1042б яннп. 05 хг ноепюрнпмни;;;;;;
10HS935.PV;;DI;ймнойю ондрбепфд. рпебнцх я леяр. оюмекх м-1001ю;;;;;;
10HS936.PV;;DI;ймнойю реярю кюло мю леяр. оюмекх м-1001ю;;;;;;
00XA101EMC01.PV;;DI;IB-10-1 ьйют E-MC-01 наыхи юбюпхимши яхцмюк;;;;;;
00XA101EMC02.PV;;DI;IB-10-1 ьйют E-MC-02 наыхи юбюпхимши яхцмюк;;;;;;
00XA101EMC03.PV;;DI;IB-10-1 ьйют E-MC-03 наыхи юбюпхимши яхцмюк;;;;;;
10HA152A_PA.PV;;DI;ймнойю он леярс. онф. оюп б рнойс H-1001A. йнмрюйр яхцм-жхъ;;;;;;
10HS026A1.PV;;DI;ймнойю он леярс. нярюмнб оевх м-1001ю;;;;;;
10HS026A2.PV;;DI;ймнойю он леярс. нярюмнб оевх м-1001ю;;;;;;
10VSHH924Y.PV;;DI;P-1001S рспахмю бхапюж. Y акнй-йю;;;;;;
10VSHH924X.PV;;DI;P-1001S рспахмю бхапюж. X акнй-йю;;;;;;
10XSV975.PV;;DI;гюйпшрхе нряев. йкюоюмю рспахмш PB-1040S;;;;;;
10XY015.PV;;DI;соп. нря-кел 10-XV-015 яхярелни оюг;;;;;;
10XY016.PV;;DI;соп. нря-кел 10-XV-016 яхярелни оюг;;;;;;
10XY032A.PV;;DI;соп. нря-кел 10-XV-032A яхярелни оюг;;;;;;
10XY032B.PV;;DI;соп. нря-кел 10-XV-032B яхярелни оюг;;;;;;
10XY032C.PV;;DI;соп. нря-кел 10-XV-032C яхярелни оюг;;;;;;
10XY032D.PV;;DI;соп. нря-кел 10-XV-032D яхярелни оюг;;;;;;
10XY032E.PV;;DI;соп. нря-кел 10-XV-032E яхярелни оюг;;;;;;
10BALL950_3OO12_FU.PV;;DI;онцюя. окюлемх б 3 хг 12 цнпекйюу. оепбнопхвхмю;;;;;;
IB101_ESD1_F1.PV;;DI;IB-10-1 яхярелю ESD-01 янярнъмхе йнмрпнккепю;;;;;;
IB101_ESD1_F2.PV;;DI;IB-10-1 яхярелю ESD-01 янярнъмхе бмеьмеи ябъгх;;;;;;
IB101_ESD1_F3.PV;;DI;IB-10-1 яхярелю ESD-01 янярнъмхе лндскеи ббндю/бшбндю;;;;;;
10HS182AA.PV;;DI;леяр. ймнойю нрйкчв. п-1042б яннп. 05;;;;;;
10TI075C_TF.PV;;DI;юрл. нярюрнй хг H-1001A (2 глеебхй) дюрвхй;;;;;;
10TI076A_TF.PV;;DI;юрл. нярюрнй хг H-1001A (3 глеебхй) дюрвхй;;;;;;
10TI076B_TF.PV;;DI;юрл. нярюрнй хг H-1001A (3 глеебхй) дюрвхй;;;;;;
10TI076C_TF.PV;;DI;юрл. нярюрнй хг H-1001A (3 глеебхй) дюрвхй;;;;;;
10TI077A_TF.PV;;DI;юрл. нярюрнй хг H-1001A (4 глеебхй) дюрвхй;;;;;;
10TI077B_TF.PV;;DI;юрл. нярюрнй хг H-1001A (4 глеебхй) дюрвхй;;;;;;
10TI077C_TF.PV;;DI;юрл. нярюрнй хг H-1001A (4 глеебхй) дюрвхй;;;;;;
10TI250A_TF.PV;;DI;юрл. нярюрнй хг H-1001A (5 глеебхй) дюрвхй;;;;;;
10TI250B_TF.PV;;DI;юрл. нярюрнй хг H-1001A (5 глеебхй) дюрвхй;;;;;;
10TI250C_TF.PV;;DI;юрл. нярюрнй хг H-1001A (5 глеебхй) дюрвхй;;;;;;
10TI251A_TF.PV;;DI;юрл. нярюрнй хг H-1001A (6 глеебхй) дюрвхй;;;;;;
10TI251B_TF.PV;;DI;юрл. нярюрнй хг H-1001A (6 глеебхй) дюрвхй;;;;;;
10TI251C_TF.PV;;DI;юрл. нярюрнй хг H-1001A (6 глеебхй) дюрвхй;;;;;;
10TI252A_TF.PV;;DI;юрл. нярюрнй хг H-1001A (7 глеебхй) дюрвхй;;;;;;
10TI252B_TF.PV;;DI;юрл. нярюрнй хг H-1001A (7 глеебхй) дюрвхй;;;;;;
10TI252C_TF.PV;;DI;юрл. нярюрнй хг H-1001A (7 глеебхй) дюрвхй;;;;;;
10TI253A_TF.PV;;DI;юрл. нярюрнй хг H-1001A (8 глеебхй) дюрвхй;;;;;;
10TI253B_TF.PV;;DI;юрл. нярюрнй хг H-1001A (8 глеебхй) дюрвхй;;;;;;
10TI253C_TF.PV;;DI;юрл. нярюрнй хг H-1001A (8 глеебхй) дюрвхй;;;;;;
10TI650_MO.PV;;DI;P-1042A 10TI650/650A мюяня T рело. ондьхо. акнйхпнбйю;;;;;;
10TI650_MO.OP;;DI;P-1042A 10TI650/650A мюяня T рело. ондьхо. акнйхпнбйю;;;;;;
10TI650_MO.OP;;DO;P-1042A 10TI650/650A мюяня T рело. ондьхо. акнйхпнбйю;;;;;;
10TI650_MO.MD;;DI;P-1042A 10TI650/650A мюяня T рело. ондьхо. акнйхпнбйю;;;;;;
10TI650_TF.PV;;DI;P-1042A мюяня T рело. ондьхо. дюрвхй;;;;;;
10TI652_MO.PV;;DI;P-1042B 10TI652/652A мюяня T рело. ондьхо. акнйхпнбйю;;;;;;
10TI652_MO.OP;;DI;P-1042B 10TI652/652A мюяня T рело. ондьхо. акнйхпнбйю;;;;;;
10TI652_MO.OP;;DO;P-1042B 10TI652/652A мюяня T рело. ондьхо. акнйхпнбйю;;;;;;
10TI652_MO.MD;;DI;P-1042B 10TI652/652A мюяня T рело. ондьхо. акнйхпнбйю;;;;;;
10TI652_TF.PV;;DI;P-1042B мюяня T рело. ондьхо. дюрвхй;;;;;;
10TI654_MO.PV;;DI;P-1042C 10TI654/654A мюяня T рело. ондьхо. акнйхпнбйю;;;;;;
10TI654_MO.OP;;DI;P-1042C 10TI654/654A мюяня T рело. ондьхо. акнйхпнбйю;;;;;;
10TI654_MO.OP;;DO;P-1042C 10TI654/654A мюяня T рело. ондьхо. акнйхпнбйю;;;;;;
10TI654_MO.MD;;DI;P-1042C 10TI654/654A мюяня T рело. ондьхо. акнйхпнбйю;;;;;;
10TI654_TF.PV;;DI;P-1042C мюяня T рело. ондьхо. дюрвхй;;;;;;
10TI656_MO.PV;;DI;P-1041 10TI656/656A мюяня T рело. ондьхо. акнйхпнбйю;;;;;;
10TI656_MO.OP;;DI;P-1041 10TI656/656A мюяня T рело. ондьхо. акнйхпнбйю;;;;;;
10TI656_MO.OP;;DO;P-1041 10TI656/656A мюяня T рело. ондьхо. акнйхпнбйю;;;;;;
10TI656_MO.MD;;DI;P-1041 10TI656/656A мюяня T рело. ондьхо. акнйхпнбйю;;;;;;
10TI656_TF.PV;;DI;P-1041 мюяня T рело. ондьхо. дюрвхй;;;;;;
10TI701_MO.PV;;DI;P-1001A 10TI701/701A мюяня р рело. ондьхо. акнйхпнбйю;;;;;;
10TI701_MO.OP;;DI;P-1001A 10TI701/701A мюяня р рело. ондьхо. акнйхпнбйю;;;;;;
10TI701_MO.OP;;DO;P-1001A 10TI701/701A мюяня р рело. ондьхо. акнйхпнбйю;;;;;;
10TI701_MO.MD;;DI;P-1001A 10TI701/701A мюяня р рело. ондьхо. акнйхпнбйю;;;;;;
10TI701_TF.PV;;DI;P-1001A мюяня р рело. ондьхо. дюрвхй;;;;;;
10TI702_MO.PV;;DI;P-1001A 10TI702/702A мюяня J рело. ондьхо. акнйхпнбйю;;;;;;
10TI702_MO.OP;;DI;P-1001A 10TI702/702A мюяня J рело. ондьхо. акнйхпнбйю;;;;;;
10TI702_MO.OP;;DO;P-1001A 10TI702/702A мюяня J рело. ондьхо. акнйхпнбйю;;;;;;
10TI702_MO.MD;;DI;P-1001A 10TI702/702A мюяня J рело. ондьхо. акнйхпнбйю;;;;;;
10TI702_TF.PV;;DI;P-1001A мюяня J рело. ондьхо. дюрвхй;;;;;;
10LALL003_FU.PV;;DI;спнбемэ б V-1001 яшпэебюъ елйнярэ. оепбнопхвхмю;;;;;;
10HS067.PV;;DI;ймнойю сопюб. нря-кел 10-XV-067 хг пяс;;;;;;
10HS067.OP;;DI;ймнойю сопюб. нря-кел 10-XV-067 хг пяс;;;;;;
10HS067.OP;;DO;ймнойю сопюб. нря-кел 10-XV-067 хг пяс;;;;;;
10HS303.PV;;DI;яапня акнйхпнбйх 10-I-003 (10LAHH001/002) хг пяс;;;;;;
10HS303.OP;;DI;яапня акнйхпнбйх 10-I-003 (10LAHH001/002) хг пяс;;;;;;
10HS303.OP;;DO;яапня акнйхпнбйх 10-I-003 (10LAHH001/002) хг пяс;;;;;;
10HS304.PV;;DI;яапня акнйхпнбйх 10-I-004 (10LALL003/002) хг пяс;;;;;;
10HS304.OP;;DI;яапня акнйхпнбйх 10-I-004 (10LALL003/002) хг пяс;;;;;;
10HS304.OP;;DO;яапня акнйхпнбйх 10-I-004 (10LALL003/002) хг пяс;;;;;;
10XL704.PV;;DI;цнрнбм. й яапняс акнй. P-1001ю (BENTLY, рело., 10-I-004);;;;;;
10XA947A_STS.PV;;DI;наыхи нярюмнб оевх. хмдхй-жхъ б пяс;;;;;;
10VAHH911X.PV;;DI;P-1001B мюяня бхапюж. хмхжхюрнп акнй-йх;;;;;;
10VAHH911X_FU.PV;;DI;P-1001B мюяня бхапюж. оепбнопхвхмю;;;;;;
10VAHH911Y.PV;;DI;P-1001B мюяня бхапюж. хмхжхюрнп акнй-йх;;;;;;
10VAHH911Y_FU.PV;;DI;P-1001B мюяня бхапюж. оепбнопхвхмю;;;;;;
10VAHH912X.PV;;DI;P-1001B мюяня бхапюж. хмхжхюрнп акнй-йх;;;;;;
10VAHH912X_FU.PV;;DI;P-1001B мюяня бхапюж. оепбнопхвхмю;;;;;;
10VAHH912Y.PV;;DI;P-1001B мюяня бхапюж. хмхжхюрнп акнй-йх;;;;;;
10VAHH912Y_FU.PV;;DI;P-1001B мюяня бхапюж. оепбнопхвхмю;;;;;;
10VAHH921X.PV;;DI;P-1001S мюяня бхапюж. хмхжхюрнп акнй-йх;;;;;;
10VAHH921X_FU.PV;;DI;P-1001S мюяня бхапюж. оепбнопхвхмю;;;;;;
10VAHH921Y.PV;;DI;P-1001S мюяня бхапюж. хмхжхюрнп акнй-йх;;;;;;
10VAHH921Y_FU.PV;;DI;P-1001S мюяня бхапюж. оепбнопхвхмю;;;;;;
10VAHH922X.PV;;DI;P-1001S мюяня бхапюж. хмхжхюрнп акнй-йх;;;;;;
10VAHH922X_FU.PV;;DI;P-1001S мюяня бхапюж. оепбнопхвхмю;;;;;;
10VAHH922Y.PV;;DI;P-1001S мюяня бхапюж. хмхжхюрнп акнй-йх;;;;;;
10VAHH922Y_FU.PV;;DI;P-1001S мюяня бхапюж. оепбнопхвхмю;;;;;;
10VAHH923X.PV;;DI;P-1001S рспахмю бхапюж. хмхжхюрнп акнй-йх;;;;;;
10VAHH923X_FU.PV;;DI;P-1001S рспахмю бхапюж. оепбнопхвхмю;;;;;;
10VAHH923Y.PV;;DI;P-1001S рспахмю бхапюж. хмхжхюрнп акнй-йх;;;;;;
10VAHH923Y_FU.PV;;DI;P-1001S рспахмю бхапюж. оепбнопхвхмю;;;;;;
10VAHH924X_FU.PV;;DI;P-1001S рспахмю бхапюж. оепбнопхвхмю;;;;;;
10HS182AB.PV;;DI;леяр. ймнойю нрйкчв. п-1042б яннп. 05;;;;;;
10HS183AA.PV;;DI;леяр. ймнойю цпсоо. нрйкчв. п-1042я х юбн яннп. 06;;;;;;
10HS183AB.PV;;DI;леяр. ймнойю цпсоо. нрйкчв. п-1042я х юбн яннп. 06;;;;;;
10AY950B.PV;;DI;нрйкчв. юмюкхгюрнпю 10AT950B;;;;;;
10AY950C.PV;;DI;нрйкчв. юмюкхгюрнпю 10AT950C;;;;;;
10FI906_DIV.PV;;DI;декемхе мю мнкэ;;;;;;
10FI906_SQR.PV;;DI;нрпхжюрекэмне SQRT;;;;;;
10FI906_TF.PV;;DI;бнгдсу й оевх м-1001A. дюрвхй;;;;;;
10HA026B.PV;;DI;дхярюм. нярюмнбйю м-1001ю хг ноепюрнпмни. хмхжхюрнп акнй-йх;;;;;;
10HA026B_FU.PV;;DI;дхярюм. нярюмнбйю м-1001ю хг ноепюрнпмни. оепбнопхвхмю;;;;;;
10HA026B_PA.PV;;DI;дхярюм. нярюмнбйю м-1001ю хг ноепюрнпмни. йнмрюйр яхцм-жхъ;;;;;;
10HA026C_FU.PV;;DI;ймнойю мю леяр. оюмекх. нярюмнб оевх м-1001ю. оепбнопхвхмю;;;;;;
10HA032.PV;;DI;юбюпхимюъ ондювю оюпю б глееб. м-1001A. хмхжхюрнп акнй-йх;;;;;;
10HA032_PA.PV;;DI;юбюпхимюъ ондювю оюпю б глееб. м-1001A. йнмрюйр яхцм-жхъ;;;;;;
10HA152B.PV;;DI;дхярюм. ймнойю. онф. оюп б рнойс H-1001A. хмхжхюрнп акнй-йх;;;;;;
10HA152B_PA.PV;;DI;дхярюм. ймнойю. онф. оюп б рнойс H-1001A. йнмрюйр яхцм-жхъ;;;;;;
10HA178A.PV;;DI;леяр. ймнойю цпсоо. нрйкчв. мюянянб яннп. 01. хмхжхюрнп акнй-йх;;;;;;
10HA178A_PA.PV;;DI;леяр. ймнойю цпсоо. нрйкчв. мюянянб яннп. 01. йнмрюйр яхцм-жхъ;;;;;;
10HA178B.PV;;DI;дхяр. ймнойю цпсоо. нрйкчв. мюя. яннп. 01 хг ноепюрнпмни. хмхжхюрнп акнй-йх;;;;;;
10HA178B_PA.PV;;DI;дхяр. ймнойю цпсоо. нрйкчв. мюя. яннп. 01 хг ноепюрнпмни. йнмрюйр яхцм-жхъ;;;;;;
10HA182A.PV;;DI;леяр. ймнойю нрйкчв. п-1042б яннп. 05. хмхжхюрнп акнй-йх;;;;;;
10HA182A_PA.PV;;DI;леяр. ймнойю нрйкчв. п-1042б яннп. 05. йнмрюйр яхцм-жхъ;;;;;;
10HA182B.PV;;DI;дхяр. ймнойю нрйкчв. п-1042б яннп. 05 хг ноепюрнпмни. хмхжхюрнп акнй-йх;;;;;;
10HA182B_PA.PV;;DI;дхяр. ймнойю нрйкчв. п-1042б яннп. 05 хг ноепюрнпмни. йнмрюйр яхцм-жхъ;;;;;;
10HA183A.PV;;DI;леяр. ймнойю цпсоо. нрйкчв. п-1042я х юбн яннп. 06. хмхжхюрнп акнй-йх;;;;;;
10HA183A_PA.PV;;DI;леяр. ймнойю цпсоо. нрйкчв. п-1042я х юбн яннп. 06. йнмрюйр яхцм-жхъ;;;;;;
10HA183B.PV;;DI;дхяр. ймнойю цпсоо. нрйкчв. п-1042я х юбн яннп. 06 хг ноепюрм. хмхжхюрнп акнй-йх;;;;;;
10HA183B_PA.PV;;DI;дхяр. ймнойю цпсоо. нрйкчв. п-1042я х юбн яннп. 06 хг ноепюрм. йнмрюйр яхцм-жхъ;;;;;;
10LAHH001.PV;;DI;спнбемэ б V-1001 яшпэебюъ елйнярэ. хмхжхюрнп акнй-йх;;;;;;
10LAHH001_CA.PV;;DI;спнбемэ б V-1001 яшпэебюъ елйнярэ. яхцмюкхгюжхъ;;;;;;
10LAHH008.PV;;DI;спнбемэ б е-1008 цемепюрнп оюпю яд. хмхжхюрнп акнй-йх;;;;;;
10LAHH008_CA.PV;;DI;спнбемэ б е-1008 цемепюрнп оюпю яд. яхцмюкхгюжхъ;;;;;;
10LAHH009.PV;;DI;спнбемэ б е-1018 цемепюрнп оюпю яд. хмхжхюрнп акнй-йх;;;;;;
10LAHH009_CA.PV;;DI;спнбемэ б е-1018 цемепюрнп оюпю яд. яхцмюкхгюжхъ;;;;;;
10LAHH024.PV;;DI;спнбемэ б V-1002 елйнярэ бепу. опндсйрю. хмхжхюрнп акнй-йх;;;;;;
10LAHH024_CA.PV;;DI;спнбемэ б V-1002 елйнярэ бепу. опндсйрю. яхцмюкхгюжхъ;;;;;;
10LAHH031_CA.PV;;DI;спнбемэ б V-1005 яеоюпюрнп рнок. цюгю. яхцмюкхгюжхъ;;;;;;
10LAHH031_FU.PV;;DI;спнбемэ б V-1005 яеоюпюрнп рнок. цюгю. оепбнопхвхмю;;;;;;
10LAHH049.PV;;DI;спнбемэ б V-1009 оюпняанпмхй яд. хмхжхюрнп акнй-йх;;;;;;
10LAHH049_CA.PV;;DI;спнбемэ б V-1009 оюпняанпмхй яд. яхцмюкхгюжхъ;;;;;;
10LAHH052.PV;;DI;спнбемэ б V-1030 яеоюпюрнп меопеп. опндсбйх. хмхжхюрнп акнй-йх;;;;;;
10LAHH052_CA.PV;;DI;спнбемэ б V-1030 яеоюпюрнп меопеп. опндсбйх. яхцмюкхгюжхъ;;;;;;
10LALL003.PV;;DI;спнбемэ б V-1001 яшпэебюъ елйнярэ. хмхжхюрнп акнй-йх;;;;;;
10LALL003_CA.PV;;DI;спнбемэ б V-1001 яшпэебюъ елйнярэ. яхцмюкхгюжхъ;;;;;;
10LALL003A_FU.PV;;DI;спнбемэ б V-1001 яшпэебюъ елйнярэ. оепбнопхвхмю;;;;;;
10LALL003B_FU.PV;;DI;спнбемэ б V-1001 яшпэебюъ елйнярэ. оепбнопхвхмю;;;;;;
10LALL021.PV;;DI;спнбемэ б V-1002 елйнярэ бепу. опндсйрю. хмхжхюрнп акнй-йх;;;;;;
10LALL021_CA.PV;;DI;спнбемэ б V-1002 елйнярэ бепу. опндсйрю. яхцмюкхгюжхъ;;;;;;
10LALL024.PV;;DI;спнбемэ б V-1002 елйнярэ бепу. опндсйрю. хмхжхюрнп акнй-йх;;;;;;
10LALL024_CA.PV;;DI;спнбемэ б V-1002 елйнярэ бепу. опндсйрю. яхцмюкхгюжхъ;;;;;;
10LALL035.PV;;DI;бяюя P-1013A. хмхжхюрнп акнй-йх;;;;;;
10LALL035_CA.PV;;DI;бяюя P-1013A. яхцмюкхгюжхъ;;;;;;
10LALL036.PV;;DI;бяюя P-1013S. хмхжхюрнп акнй-йх;;;;;;
10TAL704.PV;;DI;рело. надсбю щк. дбхц. P-1001A;;;;;;
10LALL036_CA.PV;;DI;бяюя P-1013S. яхцмюкхгюжхъ;;;;;;
10LALL038.PV;;DI;спнбемэ б V-1045 елйнярэ юмрхтпхгю. хмхжхюрнп акнй-йх;;;;;;
10LALL038_CA.PV;;DI;спнбемэ б V-1045 елйнярэ юмрхтпхгю. яхцмюкхгюжхъ;;;;;;
10LALL043.PV;;DI;спнбемэ б V-1042ю дпемюф. елйнярэ. хмхжхюрнп акнй-йх;;;;;;
10LALL043_CA.PV;;DI;спнбемэ б V-1042ю дпемюф. елйнярэ. яхцмюкхгюжхъ;;;;;;
10LALL044.PV;;DI;спнбемэ б V-1041 дпемюф. елйнярэ. хмхжхюрнп акнй-йх;;;;;;
10LALL044_CA.PV;;DI;спнбемэ б V-1041 дпемюф. елйнярэ. яхцмюкхгюжхъ;;;;;;
10LALL045.PV;;DI;спнбемэ б V-1042б дпемюф. елйнярэ. хмхжхюрнп акнй-йх;;;;;;
10LALL045_CA.PV;;DI;спнбемэ б V-1042б дпемюф. елйнярэ. яхцмюкхгюжхъ;;;;;;
10LALL046.PV;;DI;спнбемэ б V-1042я дпемюф. елйнярэ. хмхжхюрнп акнй-йх;;;;;;
10LALL046_CA.PV;;DI;спнбемэ б V-1042я дпемюф. елйнярэ. яхцмюкхгюжхъ;;;;;;
10LALL055.PV;;DI;спнбемэ б V-1040 елйнярэ релоеп. бндш. хмхжхюрнп акнй-йх;;;;;;
10LALL055_CA.PV;;DI;спнбемэ б V-1040 елйнярэ релоеп. бндш. яхцмюкхгюжхъ;;;;;;
10LI001_MO.PV;;DI;спнбемэ 10LI001/002 б V-1001 яшпэебюъ елйнярэ. акнйхпнбйю;;;;;;
10LI001_MO.OP;;DI;спнбемэ 10LI001/002 б V-1001 яшпэебюъ елйнярэ. акнйхпнбйю;;;;;;
10LI001_MO.OP;;DO;спнбемэ 10LI001/002 б V-1001 яшпэебюъ елйнярэ. акнйхпнбйю;;;;;;
10LI001_MO.MD;;DI;спнбемэ 10LI001/002 б V-1001 яшпэебюъ елйнярэ. акнйхпнбйю;;;;;;
10LI001_TF.PV;;DI;спнбемэ б V-1001 яшпэебюъ елйнярэ. дюрвхй;;;;;;
10LI003_MO.PV;;DI;спнбемэ 10LI003/002 б V-1001 яшпэебюъ елйнярэ. акнйхпнбйю;;;;;;
10LI003_MO.OP;;DI;спнбемэ 10LI003/002 б V-1001 яшпэебюъ елйнярэ. акнйхпнбйю;;;;;;
10LI003_MO.OP;;DO;спнбемэ 10LI003/002 б V-1001 яшпэебюъ елйнярэ. акнйхпнбйю;;;;;;
10LI003_MO.MD;;DI;спнбемэ 10LI003/002 б V-1001 яшпэебюъ елйнярэ. акнйхпнбйю;;;;;;
10LI003_TF.PV;;DI;спнбемэ б V-1001 яшпэебюъ елйнярэ. дюрвхй;;;;;;
10LI049_TF.PV;;DI;спнбемэ б V-1009 оюпняанпмхй яд. дюрвхй;;;;;;
10LI052_MO.PV;;DI;спнбемэ 10LI052/051 б V-1030 яеоюпюрнп меопеп. опндсбйх. акнйхпнбйю;;;;;;
10LI052_MO.OP;;DI;спнбемэ 10LI052/051 б V-1030 яеоюпюрнп меопеп. опндсбйх. акнйхпнбйю;;;;;;
10LI052_MO.OP;;DO;спнбемэ 10LI052/051 б V-1030 яеоюпюрнп меопеп. опндсбйх. акнйхпнбйю;;;;;;
10LI052_MO.MD;;DI;спнбемэ 10LI052/051 б V-1030 яеоюпюрнп меопеп. опндсбйх. акнйхпнбйю;;;;;;
10LI052_TF.PV;;DI;спнбемэ б V-1030 яеоюпюрнп меопеп. опндсбйх. дюрвхй;;;;;;
10LI055_MO.PV;;DI;спнбемэ 10LI055 (10PI240) б V-1040 елйнярэ релоеп. бндш. акнйхпнбйю;;;;;;
10LI055_MO.OP;;DI;спнбемэ 10LI055 (10PI240) б V-1040 елйнярэ релоеп. бндш. акнйхпнбйю;;;;;;
10LI055_MO.OP;;DO;спнбемэ 10LI055 (10PI240) б V-1040 елйнярэ релоеп. бндш. акнйхпнбйю;;;;;;
10LI055_MO.MD;;DI;спнбемэ 10LI055 (10PI240) б V-1040 елйнярэ релоеп. бндш. акнйхпнбйю;;;;;;
10LI055_TF.PV;;DI;спнбемэ б V-1040 елйнярэ релоеп. бндш. дюрвхй;;;;;;
10LSLL035_MO.PV;;DI;бяюя P-1013A 10LS035/10LI048. акнйхпнбйю;;;;;;
10LSLL035_MO.OP;;DI;бяюя P-1013A 10LS035/10LI048. акнйхпнбйю;;;;;;
10LSLL035_MO.OP;;DO;бяюя P-1013A 10LS035/10LI048. акнйхпнбйю;;;;;;
10LSLL035_MO.MD;;DI;бяюя P-1013A 10LS035/10LI048. акнйхпнбйю;;;;;;
10LSLL035_TF.PV;;DI;бяюя P-1013A. дюрвхй;;;;;;
10LSLL036_MO.PV;;DI;бяюя P-1013S 10LS036/10LI048. акнйхпнбйю;;;;;;
10LSLL036_MO.OP;;DI;бяюя P-1013S 10LS036/10LI048. акнйхпнбйю;;;;;;
10LSLL036_MO.OP;;DO;бяюя P-1013S 10LS036/10LI048. акнйхпнбйю;;;;;;
10LSLL036_MO.MD;;DI;бяюя P-1013S 10LS036/10LI048. акнйхпнбйю;;;;;;
10LSLL036_TF.PV;;DI;бяюя P-1013S. дюрвхй;;;;;;
10PAHH907.PV;;DI;дюбкемхе мю оепебюке. хмхжхюрнп акнй-йх;;;;;;
10PAHH907_CA.PV;;DI;дюбкемхе мю оепебюке. яхцмюкхгюжхъ;;;;;;
10PAHH907_FU.PV;;DI;дюбкемхе мю оепебюке. оепбнопхвхмю;;;;;;
10PAHH911.PV;;DI;ондювю фхдйнцн рнокхбю. хмхжхюрнп акнй-йх;;;;;;
10PAHH911_CA.PV;;DI;ондювю фхдйнцн рнокхбю. яхцмюкхгюжхъ;;;;;;
10PAHH917.PV;;DI;нямнбмни цнпчвхи цюг. хмхжхюрнп акнй-йх;;;;;;
10PAHH917A_CA.PV;;DI;оепейкчв. сярюбйх он люйя. я осяй. мю пефхл. яхцмюкхгюжхъ;;;;;;
10BALL960_961_PA.PV;;DI;онцюя. окюлемх б цнпекйюу ╧11 х ╧12. 1 хг 2 яхцм-жхъ;;;;;;
10PAHH917_FU.PV;;DI;нямнбмни цнпчвхи цюг. оепбнопхвхмю;;;;;;
10BALL951_952_PA.PV;;DI;онцюя. окюлемх б цнпекйюу ╧2 х ╧3. 1 хг 2 яхцм-жхъ;;;;;;
10BALL952_953_PA.PV;;DI;онцюя. окюлемх б цнпекйюу ╧3 х ╧4. 1 хг 2 яхцм-жхъ;;;;;;
10PAHH919.PV;;DI;охкнрмши цюг дкъ пнгфхцю. хмхжхюрнп акнй-йх;;;;;;
10XL714.PV;;DI;цнрнбм. й яапняс акнй. P-1001б (BENTLY, рело., 10-I-004);;;;;;
10VAHH924Y_FU.PV;;DI;P-1001S рспахмю бхапюж. оепбнопхвхмю;;;;;;
10PALL911.PV;;DI;ондювю фхдйнцн рнокхбю. хмхжхюрнп акнй-йх;;;;;;
10PALL911_CA.PV;;DI;ондювю фхдйнцн рнокхбю. яхцмюкхгюжхъ;;;;;;
10BALL956_CA.PV;;DI;онцюя. окюлемх цнпекйх ╧7. яхцмюкхгюжхъ;;;;;;
10BALL957_958_FU.PV;;DI;онцюя. окюлемх б цнпекйюу ╧8 х ╧9. оепбнопхвхмю;;;;;;
10BALL957_CA.PV;;DI;онцюя. окюлемх цнпекйх ╧8. яхцмюкхгюжхъ;;;;;;
10BALL958_959_FU.PV;;DI;онцюя. окюлемх б цнпекйюу ╧9 х ╧10. оепбнопхвхмю;;;;;;
10BALL958_CA.PV;;DI;онцюя. окюлемх цнпекйх ╧9. яхцмюкхгюжхъ;;;;;;
10BALL959_960_FU.PV;;DI;онцюя. окюлемх б цнпекйюу ╧10 х ╧11. оепбнопхвхмю;;;;;;
10BALL959_CA.PV;;DI;онцюя. окюлемх цнпекйх ╧10. яхцмюкхгюжхъ;;;;;;
10BALL960_961_FU.PV;;DI;онцюя. окюлемх б цнпекйюу ╧11 х ╧12. оепбнопхвхмю;;;;;;
10BALL960_CA.PV;;DI;онцюя. окюлемх цнпекйх ╧11. яхцмюкхгюжхъ;;;;;;
10BALL961_CA.PV;;DI;онцюя. окюлемх цнпекйх ╧12. яхцмюкхгюжхъ;;;;;;
10BSLL950_TF.PV;;DI;хмдхйюрнп окюлемх цнпекйх ╧1. дюрвхй;;;;;;
10BSLL951_TF.PV;;DI;хмдхйюрнп окюлемх цнпекйх ╧2. дюрвхй;;;;;;
10BSLL952_TF.PV;;DI;хмдхйюрнп окюлемх цнпекйх ╧3. дюрвхй;;;;;;
10BSLL953_TF.PV;;DI;хмдхйюрнп окюлемх цнпекйх ╧4. дюрвхй;;;;;;
10BSLL954_TF.PV;;DI;хмдхйюрнп окюлемх цнпекйх ╧5. дюрвхй;;;;;;
10BSLL955_TF.PV;;DI;хмдхйюрнп окюлемх цнпекйх ╧6. дюрвхй;;;;;;
10BSLL956_TF.PV;;DI;хмдхйюрнп окюлемх цнпекйх ╧7. дюрвхй;;;;;;
10BSLL957_TF.PV;;DI;хмдхйюрнп окюлемх цнпекйх ╧8. дюрвхй;;;;;;
10BSLL958_TF.PV;;DI;хмдхйюрнп окюлемх цнпекйх ╧9. дюрвхй;;;;;;
10BSLL959_TF.PV;;DI;хмдхйюрнп окюлемх цнпекйх ╧10. дюрвхй;;;;;;
10BSLL960_TF.PV;;DI;хмдхйюрнп окюлемх цнпекйх ╧11. дюрвхй;;;;;;
10BSLL961_TF.PV;;DI;хмдхйюрнп окюлемх цнпекйх ╧12. дюрвхй;;;;;;
10H1001A_SEQ_ALM.PV;;DI;H-1001A опепшбюмхе осяйнбни онякеднбюрекэмнярх;;;;;;
10H1001A_SEQ_START.PV;;DI;H-1001A гюосяй осяйнбни онякеднбюрекэмнярх;;;;;;
10H1001A_SEQ_START.OP;;DI;H-1001A гюосяй осяйнбни онякеднбюрекэмнярх;;;;;;
10H1001A_SEQ_START.OP;;DO;H-1001A гюосяй осяйнбни онякеднбюрекэмнярх;;;;;;
10H1001A_RUN.PV;;DI;H-1001A янярнъмхе гюосяйю оевх;;;;;;
10FALL030A.PV;;DI;юрл.нярюрнй б H-1001A, 1 глеебхй. хмхжхюрнп акнй-йх;;;;;;
10FALL030A_CA.PV;;DI;юрл.нярюрнй б H-1001A, 1 глеебхй. яхцмюкхгюжхъ;;;;;;
10FALL030A_FU.PV;;DI;юрл.нярюрнй б H-1001A, 1 глеебхй. оепбнопхвхмю;;;;;;
10FALL030B.PV;;DI;юрл.нярюрнй б H-1001A, 2 глеебхй. хмхжхюрнп акнй-йх;;;;;;
10TI703_MO.PV;;DI;P-1001A 10TI703/703A мюяня J рело. ондьхо. акнйхпнбйю;;;;;;
10TI703_MO.OP;;DI;P-1001A 10TI703/703A мюяня J рело. ондьхо. акнйхпнбйю;;;;;;
10TI703_MO.OP;;DO;P-1001A 10TI703/703A мюяня J рело. ондьхо. акнйхпнбйю;;;;;;
10TI703_MO.MD;;DI;P-1001A 10TI703/703A мюяня J рело. ондьхо. акнйхпнбйю;;;;;;
10TI703_TF.PV;;DI;P-1001A мюяня J рело. ондьхо. дюрвхй;;;;;;
10TAHH749_CA.PV;;DI;P-1045S р цеплер. ярюйюмю. яхцмюкхгюжхъ;;;;;;
10TAHH758.PV;;DI;P-1045A р цеплер. ярюйюмю. хмхжхюрнп акнй-йх;;;;;;
10TAHH758_CA.PV;;DI;P-1045A р цеплер. ярюйюмю. яхцмюкхгюжхъ;;;;;;
10TAHH791A.PV;;DI;P-1013A мюяня рело. кхм. ондьхо. хмхжхюрнп акнй-йх;;;;;;
10TAHH791A_CA.PV;;DI;P-1013A мюяня рело. кхм. ондьхо. яхцмюкхгюжхъ;;;;;;
10TAHH791B.PV;;DI;P-1013A мюяня рело. нонп. ондьхо. хмхжхюрнп акнй-йх;;;;;;
10TAHH791B_CA.PV;;DI;P-1013A мюяня рело. нонп. ондьхо. яхцмюкхгюжхъ;;;;;;
10TAHH792A.PV;;DI;P-1013S мюяня рело. кхм. ондьхо. хмхжхюрнп акнй-йх;;;;;;
10TAHH792A_CA.PV;;DI;P-1013S мюяня рело. кхм. ондьхо. яхцмюкхгюжхъ;;;;;;
10TAHH792B.PV;;DI;P-1013S мюяня рело. нонп. ондьхо. хмхжхюрнп акнй-йх;;;;;;
10TAHH792B_CA.PV;;DI;P-1013S мюяня рело. нонп. ондьхо. яхцмюкхгюжхъ;;;;;;
10TAHH795A.PV;;DI;P-1040A мюяня рело. кхм. ондьхо. хмхжхюрнп акнй-йх;;;;;;
10TAHH795A_CA.PV;;DI;P-1040A мюяня рело. кхм. ондьхо. яхцмюкхгюжхъ;;;;;;
10TAHH795B.PV;;DI;P-1040A мюяня рело. нонп. ондьхо. хмхжхюрнп акнй-йх;;;;;;
10TAHH795B_CA.PV;;DI;P-1040A мюяня рело. нонп. ондьхо. яхцмюкхгюжхъ;;;;;;
10TAHH796A.PV;;DI;P-1040B мюяня рело. кхм. ондьхо. хмхжхюрнп акнй-йх;;;;;;
10TAHH796A_CA.PV;;DI;P-1040B мюяня рело. кхм. ондьхо. яхцмюкхгюжхъ;;;;;;
10TAHH796B.PV;;DI;P-1040B мюяня рело. нонп. ондьхо. хмхжхюрнп акнй-йх;;;;;;
10TAHH796B_CA.PV;;DI;P-1040B мюяня рело. нонп. ондьхо. яхцмюкхгюжхъ;;;;;;
10TAHH797A.PV;;DI;P-1040S мюяня рело. кхм. ондьхо. хмхжхюрнп акнй-йх;;;;;;
10TAHH797A_CA.PV;;DI;P-1040S мюяня рело. кхм. ондьхо. яхцмюкхгюжхъ;;;;;;
10TAHH797B.PV;;DI;P-1040S мюяня рело. нонп. ондьхо. хмхжхюрнп акнй-йх;;;;;;
10TAHH797B_CA.PV;;DI;P-1040S мюяня рело. нонп. ондьхо. яхцмюкхгюжхъ;;;;;;
10TAHH901.PV;;DI;релоеп. дшл. цюгнб б йнмбейжхх. хмхжхюрнп акнй-йх;;;;;;
10TAHH901_CA.PV;;DI;релоеп. дшл. цюгнб б йнмбейжхх. яхцмюкхгюжхъ;;;;;;
10TAHH905.PV;;DI;релоеп. мю оепебюке м-1001ю. хмхжхюрнп акнй-йх;;;;;;
10TAHH905_PA.PV;;DI;релоеп. мю оепебюке м-1001ю. 1 хг 3 яхцм-жхъ;;;;;;
10TAHH905A.PV;;DI;релоеп. мю оепебюке м-1001ю. хмхжхюрнп акнй-йх;;;;;;
10TAHH905A_CA.PV;;DI;релоеп. мю оепебюке м-1001ю. яхцмюкхгюжхъ;;;;;;
10TAHH905B.PV;;DI;релоеп. мю оепебюке м-1001ю. хмхжхюрнп акнй-йх;;;;;;
10TAHH905B_CA.PV;;DI;релоеп. мю оепебюке м-1001ю. яхцмюкхгюжхъ;;;;;;
10TAHH905C.PV;;DI;релоеп. мю оепебюке м-1001ю. хмхжхюрнп акнй-йх;;;;;;
10TAHH905C_CA.PV;;DI;релоеп. мю оепебюке м-1001ю. яхцмюкхгюжхъ;;;;;;
10LI045_MO.PV;;DI;спнбемэ б V-1042б дпемюф. елйнярэ. акнйхпнбйю;;;;;;
10LI045_MO.OP;;DI;спнбемэ б V-1042б дпемюф. елйнярэ. акнйхпнбйю;;;;;;
10LI045_MO.OP;;DO;спнбемэ б V-1042б дпемюф. елйнярэ. акнйхпнбйю;;;;;;
10LI045_MO.MD;;DI;спнбемэ б V-1042б дпемюф. елйнярэ. акнйхпнбйю;;;;;;
10TI072A_TF.PV;;DI;юрл. нярюрнй хг H-1001A (1 глеебхй) дюрвхй;;;;;;
10TI704_MO.PV;;DI;рело. надсбю щк.дбхц.P-1001A акнйхпнбйю;;;;;;
10TI704_MO.OP;;DI;рело. надсбю щк.дбхц.P-1001A акнйхпнбйю;;;;;;
10TI704_MO.OP;;DO;рело. надсбю щк.дбхц.P-1001A акнйхпнбйю;;;;;;
10TI704_MO.MD;;DI;рело. надсбю щк.дбхц.P-1001A акнйхпнбйю;;;;;;
10TI704_TF.PV;;DI;рело. надсбю щк.дбхц.P-1001A дюрвхй;;;;;;
10TI707_MO.PV;;DI;P-1007A 10TI707/707A р цеплер. ярюйюмю. акнйхпнбйю;;;;;;
10TI707_MO.OP;;DI;P-1007A 10TI707/707A р цеплер. ярюйюмю. акнйхпнбйю;;;;;;
10TI707_MO.OP;;DO;P-1007A 10TI707/707A р цеплер. ярюйюмю. акнйхпнбйю;;;;;;
10TI707_MO.MD;;DI;P-1007A 10TI707/707A р цеплер. ярюйюмю. акнйхпнбйю;;;;;;
10TI707_TF.PV;;DI;P-1007A р цеплер. ярюйюмю дюрвхй;;;;;;
10TI711_MO.PV;;DI;P-1001B 10TI711/711A мюяня р рело. ондьхо. акнйхпнбйю;;;;;;
10TI711_MO.OP;;DI;P-1001B 10TI711/711A мюяня р рело. ондьхо. акнйхпнбйю;;;;;;
10TI711_MO.OP;;DO;P-1001B 10TI711/711A мюяня р рело. ондьхо. акнйхпнбйю;;;;;;
10TI711_MO.MD;;DI;P-1001B 10TI711/711A мюяня р рело. ондьхо. акнйхпнбйю;;;;;;
10TI711_TF.PV;;DI;P-1001B мюяня р рело. ондьхо. дюрвхй;;;;;;
10TI712_MO.PV;;DI;P-1001B 10TI712/712A мюяня J рело. ондьхо. акнйхпнбйю;;;;;;
10TI712_MO.OP;;DI;P-1001B 10TI712/712A мюяня J рело. ондьхо. акнйхпнбйю;;;;;;
10TI712_MO.OP;;DO;P-1001B 10TI712/712A мюяня J рело. ондьхо. акнйхпнбйю;;;;;;
10TI712_MO.MD;;DI;P-1001B 10TI712/712A мюяня J рело. ондьхо. акнйхпнбйю;;;;;;
10TI712_TF.PV;;DI;P-1001B мюяня J рело. ондьхо. дюрвхй;;;;;;
10TI713_MO.PV;;DI;P-1001B 10TI713/713A мюяня J рело. ондьхо. акнйхпнбйю;;;;;;
10TI713_MO.OP;;DI;P-1001B 10TI713/713A мюяня J рело. ондьхо. акнйхпнбйю;;;;;;
10TI713_MO.OP;;DO;P-1001B 10TI713/713A мюяня J рело. ондьхо. акнйхпнбйю;;;;;;
10TI713_MO.MD;;DI;P-1001B 10TI713/713A мюяня J рело. ондьхо. акнйхпнбйю;;;;;;
10TI713_TF.PV;;DI;P-1001B мюяня J рело. ондьхо. дюрвхй;;;;;;
10TI714_MO.PV;;DI;рело. надсбю щк.дбхц.P-1001B акнйхпнбйю;;;;;;
10TI714_MO.OP;;DI;рело. надсбю щк.дбхц.P-1001B акнйхпнбйю;;;;;;
10TI714_MO.OP;;DO;рело. надсбю щк.дбхц.P-1001B акнйхпнбйю;;;;;;
10TI714_MO.MD;;DI;рело. надсбю щк.дбхц.P-1001B акнйхпнбйю;;;;;;
10TI714_TF.PV;;DI;рело. надсбю щк.дбхц.P-1001B дюрвхй;;;;;;
10TI717_MO.PV;;DI;P-1007S 10TI717/717A р цеплер. ярюйюмю акнйхпнбйю;;;;;;
10TI717_MO.OP;;DI;P-1007S 10TI717/717A р цеплер. ярюйюмю акнйхпнбйю;;;;;;
10TI717_MO.OP;;DO;P-1007S 10TI717/717A р цеплер. ярюйюмю акнйхпнбйю;;;;;;
10TI717_MO.MD;;DI;P-1007S 10TI717/717A р цеплер. ярюйюмю акнйхпнбйю;;;;;;
10TI717_TF.PV;;DI;P-1007S р цеплер. ярюйюмю дюрвхй;;;;;;
10TI721_MO.PV;;DI;P-1001S 10TI721/721A мюяня р рело. ондьхо. акнйхпнбйю;;;;;;
10TI721_MO.OP;;DI;P-1001S 10TI721/721A мюяня р рело. ондьхо. акнйхпнбйю;;;;;;
10TI721_MO.OP;;DO;P-1001S 10TI721/721A мюяня р рело. ондьхо. акнйхпнбйю;;;;;;
10TI721_MO.MD;;DI;P-1001S 10TI721/721A мюяня р рело. ондьхо. акнйхпнбйю;;;;;;
10TI721_TF.PV;;DI;P-1001S мюяня р рело. ондьхо. дюрвхй;;;;;;
10TI722_MO.PV;;DI;P-1001S 10TI722/722A мюяня J рело. ондьхо. акнйхпнбйю;;;;;;
10TI722_MO.OP;;DI;P-1001S 10TI722/722A мюяня J рело. ондьхо. акнйхпнбйю;;;;;;
10TI722_MO.OP;;DO;P-1001S 10TI722/722A мюяня J рело. ондьхо. акнйхпнбйю;;;;;;
10TI722_MO.MD;;DI;P-1001S 10TI722/722A мюяня J рело. ондьхо. акнйхпнбйю;;;;;;
10TI722_TF.PV;;DI;P-1001S мюяня J рело. ондьхо. дюрвхй;;;;;;
10TI723_MO.PV;;DI;P-1001S 10TI723/723A мюяня J рело. ондьхо. акнйхпнбйю;;;;;;
10TI723_MO.OP;;DI;P-1001S 10TI723/723A мюяня J рело. ондьхо. акнйхпнбйю;;;;;;
10TI723_MO.OP;;DO;P-1001S 10TI723/723A мюяня J рело. ондьхо. акнйхпнбйю;;;;;;
10TI723_MO.MD;;DI;P-1001S 10TI723/723A мюяня J рело. ондьхо. акнйхпнбйю;;;;;;
10TI723_TF.PV;;DI;P-1001S мюяня J рело. ондьхо. дюрвхй;;;;;;
10TI724_MO.PV;;DI;P-1001S 10TI724/724A рспахмш J рело. ондьхо. акнйхпнбйю;;;;;;
10TI724_MO.OP;;DI;P-1001S 10TI724/724A рспахмш J рело. ондьхо. акнйхпнбйю;;;;;;
10TI724_MO.OP;;DO;P-1001S 10TI724/724A рспахмш J рело. ондьхо. акнйхпнбйю;;;;;;
10TI724_MO.MD;;DI;P-1001S 10TI724/724A рспахмш J рело. ондьхо. акнйхпнбйю;;;;;;
10TI724_TF.PV;;DI;P-1001S рспахмш J рело. ондьхо. дюрвхй;;;;;;
10TI725_MO.PV;;DI;P-1001S 10TI725/725A рспахмш J рело. ондьхо. акнйхпнбйю;;;;;;
10TI725_MO.OP;;DI;P-1001S 10TI725/725A рспахмш J рело. ондьхо. акнйхпнбйю;;;;;;
10TI725_MO.OP;;DO;P-1001S 10TI725/725A рспахмш J рело. ондьхо. акнйхпнбйю;;;;;;
10TI725_MO.MD;;DI;P-1001S 10TI725/725A рспахмш J рело. ондьхо. акнйхпнбйю;;;;;;
10TI725_TF.PV;;DI;P-1001S рспахмш J рело. ондьхо. дюрвхй;;;;;;
10TI727_MO.PV;;DI;P-1008A 10TI727/727A р цеплер. ярюйюмю акнйхпнбйю;;;;;;
10TI727_MO.OP;;DI;P-1008A 10TI727/727A р цеплер. ярюйюмю акнйхпнбйю;;;;;;
10TI727_MO.OP;;DO;P-1008A 10TI727/727A р цеплер. ярюйюмю акнйхпнбйю;;;;;;
10TI727_MO.MD;;DI;P-1008A 10TI727/727A р цеплер. ярюйюмю акнйхпнбйю;;;;;;
10TI727_TF.PV;;DI;P-1008A р цеплер. ярюйюмю дюрвхй;;;;;;
10TI738_MO.PV;;DI;P-1008S 10TI738/738A р цеплер. ярюйюмю акнйхпнбйю;;;;;;
10TI738_MO.OP;;DI;P-1008S 10TI738/738A р цеплер. ярюйюмю акнйхпнбйю;;;;;;
10TI738_MO.OP;;DO;P-1008S 10TI738/738A р цеплер. ярюйюмю акнйхпнбйю;;;;;;
10TI738_MO.MD;;DI;P-1008S 10TI738/738A р цеплер. ярюйюмю акнйхпнбйю;;;;;;
10TI738_TF.PV;;DI;P-1008S р цеплер. ярюйюмю дюрвхй;;;;;;
10TI749_MO.PV;;DI;P-1045S 10TI749/749A р цеплер. ярюйюмю акнйхпнбйю;;;;;;
10TI749_MO.OP;;DI;P-1045S 10TI749/749A р цеплер. ярюйюмю акнйхпнбйю;;;;;;
10TI749_MO.OP;;DO;P-1045S 10TI749/749A р цеплер. ярюйюмю акнйхпнбйю;;;;;;
10TI749_MO.MD;;DI;P-1045S 10TI749/749A р цеплер. ярюйюмю акнйхпнбйю;;;;;;
10TI749_TF.PV;;DI;P-1045S р цеплер. ярюйюмю дюрвхй;;;;;;
10TI758_MO.PV;;DI;P-1045A 10TI758/758A р цеплер. ярюйюмю акнйхпнбйю;;;;;;
10TI758_MO.OP;;DI;P-1045A 10TI758/758A р цеплер. ярюйюмю акнйхпнбйю;;;;;;
10TI758_MO.OP;;DO;P-1045A 10TI758/758A р цеплер. ярюйюмю акнйхпнбйю;;;;;;
10TI758_MO.MD;;DI;P-1045A 10TI758/758A р цеплер. ярюйюмю акнйхпнбйю;;;;;;
10TI758_TF.PV;;DI;P-1045A р цеплер. ярюйюмю дюрвхй;;;;;;
10TI791A_MO.PV;;DI;P-1013A 10TI791A/791A2 мюяня рело. кхм. ондьхо. акнйхпнбйю;;;;;;
10TI791A_MO.OP;;DI;P-1013A 10TI791A/791A2 мюяня рело. кхм. ондьхо. акнйхпнбйю;;;;;;
10TI791A_MO.OP;;DO;P-1013A 10TI791A/791A2 мюяня рело. кхм. ондьхо. акнйхпнбйю;;;;;;
10TI791A_MO.MD;;DI;P-1013A 10TI791A/791A2 мюяня рело. кхм. ондьхо. акнйхпнбйю;;;;;;
10TI791A_TF.PV;;DI;P-1013A мюяня рело. кхм. ондьхо. дюрвхй;;;;;;
10TI791B_MO.PV;;DI;P-1013A 10TI791B/791B2 мюяня рело. нонп. ондьхо. акнйхпнбйю;;;;;;
10TI791B_MO.OP;;DI;P-1013A 10TI791B/791B2 мюяня рело. нонп. ондьхо. акнйхпнбйю;;;;;;
10TI791B_MO.OP;;DO;P-1013A 10TI791B/791B2 мюяня рело. нонп. ондьхо. акнйхпнбйю;;;;;;
10TI791B_MO.MD;;DI;P-1013A 10TI791B/791B2 мюяня рело. нонп. ондьхо. акнйхпнбйю;;;;;;
10PALL919A_CA.PV;;DI;охкнрмши цюг дкъ пнгфхцю. яхцмюкхгюжхъ;;;;;;
10PAHH919A_CA.PV;;DI;охкнрмши цюг дкъ пнгфхцю. яхцмюкхгюжхъ;;;;;;
10TI791B_TF.PV;;DI;P-1013A мюяня рело. нонп. ондьхо. дюрвхй;;;;;;
10TI792A_MO.PV;;DI;P-1013S 10TI792A/792A2 мюяня рело. кхм. ондьхо. акнйхпнбйю;;;;;;
10TI792A_MO.OP;;DI;P-1013S 10TI792A/792A2 мюяня рело. кхм. ондьхо. акнйхпнбйю;;;;;;
10TI792A_MO.OP;;DO;P-1013S 10TI792A/792A2 мюяня рело. кхм. ондьхо. акнйхпнбйю;;;;;;
10TI792A_MO.MD;;DI;P-1013S 10TI792A/792A2 мюяня рело. кхм. ондьхо. акнйхпнбйю;;;;;;
10TI792A_TF.PV;;DI;P-1013S мюяня рело. кхм. ондьхо. дюрвхй;;;;;;
10TI792B_MO.PV;;DI;P-1013S 10TI792B/792B2 мюяня рело. нонп. ондьхо. акнйхпнбйю;;;;;;
10TI792B_MO.OP;;DI;P-1013S 10TI792B/792B2 мюяня рело. нонп. ондьхо. акнйхпнбйю;;;;;;
10TI792B_MO.OP;;DO;P-1013S 10TI792B/792B2 мюяня рело. нонп. ондьхо. акнйхпнбйю;;;;;;
10TI792B_MO.MD;;DI;P-1013S 10TI792B/792B2 мюяня рело. нонп. ондьхо. акнйхпнбйю;;;;;;
10TI792B_TF.PV;;DI;P-1013S мюяня рело. нонп. ондьхо. дюрвхй;;;;;;
10TI795A_MO.PV;;DI;P-1040A 10TI795A/795A2 мюяня рело. кхм. ондьхо. акнйхпнбйю;;;;;;
10TI795A_MO.OP;;DI;P-1040A 10TI795A/795A2 мюяня рело. кхм. ондьхо. акнйхпнбйю;;;;;;
10TI795A_MO.OP;;DO;P-1040A 10TI795A/795A2 мюяня рело. кхм. ондьхо. акнйхпнбйю;;;;;;
10TI795A_MO.MD;;DI;P-1040A 10TI795A/795A2 мюяня рело. кхм. ондьхо. акнйхпнбйю;;;;;;
10TI795A_TF.PV;;DI;P-1040A мюяня рело. кхм. ондьхо. дюрвхй;;;;;;
10TI795B_MO.PV;;DI;P-1040A 10TI795B/795B2 мюяня рело. нонп. ондьхо. акнйхпнбйю;;;;;;
10TI795B_MO.OP;;DI;P-1040A 10TI795B/795B2 мюяня рело. нонп. ондьхо. акнйхпнбйю;;;;;;
10TI795B_MO.OP;;DO;P-1040A 10TI795B/795B2 мюяня рело. нонп. ондьхо. акнйхпнбйю;;;;;;
10TI795B_MO.MD;;DI;P-1040A 10TI795B/795B2 мюяня рело. нонп. ондьхо. акнйхпнбйю;;;;;;
10TI795B_TF.PV;;DI;P-1040A мюяня рело. нонп. ондьхо. дюрвхй;;;;;;
10TI796A_MO.PV;;DI;P-1040B 10TI796A/796A2 мюяня рело. кхм. ондьхо. акнйхпнбйю;;;;;;
10TI796A_MO.OP;;DI;P-1040B 10TI796A/796A2 мюяня рело. кхм. ондьхо. акнйхпнбйю;;;;;;
10TI796A_MO.OP;;DO;P-1040B 10TI796A/796A2 мюяня рело. кхм. ондьхо. акнйхпнбйю;;;;;;
10TI796A_MO.MD;;DI;P-1040B 10TI796A/796A2 мюяня рело. кхм. ондьхо. акнйхпнбйю;;;;;;
10TI796A_TF.PV;;DI;P-1040B мюяня рело. кхм. ондьхо. дюрвхй;;;;;;
10TI796B_MO.PV;;DI;P-1040B 10TI796B/796B2 мюяня рело. нонп. ондьхо. акнйхпнбйю;;;;;;
10TI796B_MO.OP;;DI;P-1040B 10TI796B/796B2 мюяня рело. нонп. ондьхо. акнйхпнбйю;;;;;;
10TI796B_MO.OP;;DO;P-1040B 10TI796B/796B2 мюяня рело. нонп. ондьхо. акнйхпнбйю;;;;;;
10TI796B_MO.MD;;DI;P-1040B 10TI796B/796B2 мюяня рело. нонп. ондьхо. акнйхпнбйю;;;;;;
10TI796B_TF.PV;;DI;P-1040B мюяня рело. нонп. ондьхо. дюрвхй;;;;;;
10TI797A_MO.PV;;DI;P-1040S 10TI797A/797A2 мюяня рело. кхм. ондьхо. акнйхпнбйю;;;;;;
10TI797A_MO.OP;;DI;P-1040S 10TI797A/797A2 мюяня рело. кхм. ондьхо. акнйхпнбйю;;;;;;
10TI797A_MO.OP;;DO;P-1040S 10TI797A/797A2 мюяня рело. кхм. ондьхо. акнйхпнбйю;;;;;;
10TI797A_MO.MD;;DI;P-1040S 10TI797A/797A2 мюяня рело. кхм. ондьхо. акнйхпнбйю;;;;;;
10TI797A_TF.PV;;DI;P-1040S мюяня рело. кхм. ондьхо. дюрвхй;;;;;;
10TI797B_MO.PV;;DI;P-1040S 10TI797B/797B2 мюяня рело. нонп. ондьхо. акнйхпнбйю;;;;;;
10TI797B_MO.OP;;DI;P-1040S 10TI797B/797B2 мюяня рело. нонп. ондьхо. акнйхпнбйю;;;;;;
10TI797B_MO.OP;;DO;P-1040S 10TI797B/797B2 мюяня рело. нонп. ондьхо. акнйхпнбйю;;;;;;
10TI797B_MO.MD;;DI;P-1040S 10TI797B/797B2 мюяня рело. нонп. ондьхо. акнйхпнбйю;;;;;;
10TI797B_TF.PV;;DI;P-1040S мюяня рело. нонп. ондьхо. дюрвхй;;;;;;
10TI901_MO.PV;;DI;релоеп. 10TI901/901A дшл. цюгнб б йнмбейжхх акнйхпнбйю;;;;;;
10TI901_MO.OP;;DI;релоеп. 10TI901/901A дшл. цюгнб б йнмбейжхх акнйхпнбйю;;;;;;
10TI901_MO.OP;;DO;релоеп. 10TI901/901A дшл. цюгнб б йнмбейжхх акнйхпнбйю;;;;;;
10TI901_MO.MD;;DI;релоеп. 10TI901/901A дшл. цюгнб б йнмбейжхх акнйхпнбйю;;;;;;
10TI901_TF.PV;;DI;релоеп. дшл. цюгнб б йнмбейжхх дюрвхй;;;;;;
10TI905A_TF.PV;;DI;релоеп. мю оепебюке м-1001ю. дюрвхй;;;;;;
10TI905B_TF.PV;;DI;релоеп. мю оепебюке м-1001ю. дюрвхй;;;;;;
10TI905C_TF.PV;;DI;релоеп. мю оепебюке м-1001ю. дюрвхй;;;;;;
10TI924_TF.PV;;DI;бнгдсу й тнпясмйюл дюрвхй;;;;;;
10VAHH901X.PV;;DI;P-1001A мюяня бхапюж. хмхжхюрнп акнй-йх;;;;;;
10VAHH901X_FU.PV;;DI;P-1001A мюяня бхапюж. оепбнопхвхмю;;;;;;
10VAHH901Y.PV;;DI;P-1001A мюяня бхапюж. хмхжхюрнп акнй-йх;;;;;;
10VAHH901Y_FU.PV;;DI;P-1001A мюяня бхапюж. оепбнопхвхмю;;;;;;
10VAHH902X.PV;;DI;P-1001A мюяня бхапюж. хмхжхюрнп акнй-йх;;;;;;
10VAHH902X_FU.PV;;DI;P-1001A мюяня бхапюж. оепбнопхвхмю;;;;;;
10VAHH902Y.PV;;DI;P-1001A мюяня бхапюж. хмхжхюрнп акнй-йх;;;;;;
10VAHH902Y_FU.PV;;DI;P-1001A мюяня бхапюж. оепбнопхвхмю;;;;;;
10HS183BA.PV;;DI;дхяр. ймнойю цпсоо. нрйкчв. п-1042я х юбн яннп. 06 хг ноепюрм;;;;;;
10HS183BB.PV;;DI;дхяр. ймнойю цпсоо. нрйкчв. п-1042я х юбн яннп. 06 хг ноепюрм;;;;;;
10HS937.PV;;DI;ймнойю опнбепйх мю цепл. я леяр. оюмекх м-1001ю;;;;;;
10HS938.PV;;DI;ймнойю мювюкю опндсбйх я леяр. оюмекх м-1001ю;;;;;;
10HS941B.PV;;DI;ймнойю гюйп. кхмхх охкнр. цюгю я леяр. оюмекх м-1001ю;;;;;;
10HS941C.PV;;DI;ймнойю нрйп. кхмхх охкнр. цюгю я леяр. оюмекх м-1001ю;;;;;;
10HS942A.PV;;DI;ймнойю нрйп. кхмхх ням. цюгю я леяр. оюмекх м-1001ю;;;;;;
10HS942B.PV;;DI;ймнойю гюйп. кхмхх ням. цюгю я леяр. оюмекх м-1001ю;;;;;;
10HS943A.PV;;DI;ймнойю нрйп. кхмхх фхдй. рнокхбю я леяр. оюмекх м-1001ю;;;;;;
10HS943B.PV;;DI;ймнойю гюйп. кхмхх фхдй. рнокхбю я леяр. оюмекх м-1001ю;;;;;;
10HS944A.PV;;DI;ймнойю нрйп. кхмхх йхяк. цюгю я леяр. оюмекх м-1001ю;;;;;;
10HS944B.PV;;DI;ймнойю гюйп. кхмхх йхяк. цюгю я леяр. оюмекх м-1001ю;;;;;;
10XS700.PV;;DI;нярюмнб рспахмш Pб-1001S йнмр-пнл WOODWARD;;;;;;
10HS152A2.PV;;DI;ймнойю он леярс. онф. оюп б рнойс H-1001A;;;;;;
10XS975.PV;;DI;нярюмнб рспахмш Pб-1040S йнмр-пнл WOODWARD;;;;;;
10XV900.PV;;DI;ьхаеп 10-XV-900 б рпсае дшл. цюгнб;;;;;;
10XV900.OP;;DI;ьхаеп 10-XV-900 б рпсае дшл. цюгнб;;;;;;
10XV904.PV;;DI;нряей-кэ 10-XV-904 фхдй, рнок. й тнпясмйюл;;;;;;
10XV904.OP;;DI;нряей-кэ 10-XV-904 фхдй, рнок. й тнпясмйюл;;;;;;
10XV905.PV;;DI;нряей-кэ 10-XV-905 фхдй. рнок. нр оевх;;;;;;
10XV905.OP;;DI;нряей-кэ 10-XV-905 фхдй. рнок. нр оевх;;;;;;
10XV906.PV;;DI;нряей-кэ 10-XV-906 рнок. цюгю й тнпясмйюл;;;;;;
10XV906.OP;;DI;нряей-кэ 10-XV-906 рнок. цюгю й тнпясмйюл;;;;;;
10XV907.PV;;DI;нряей-кэ 10-XV-907 рнок. цюгю мю ябевс;;;;;;
10XV907.OP;;DI;нряей-кэ 10-XV-907 рнок. цюгю мю ябевс;;;;;;
10XV908.PV;;DI;нряей-кэ 10-XV-909 рнок. цюгю й тнпя. оняке ябевх;;;;;;
10XV908.OP;;DI;нряей-кэ 10-XV-909 рнок. цюгю й тнпя. оняке ябевх;;;;;;
10XV909.PV;;DI;нряей-кэ 10-XV-909 охкнр. цюгю й тнпясмйюл;;;;;;
10XV909.OP;;DI;нряей-кэ 10-XV-909 охкнр. цюгю й тнпясмйюл;;;;;;
10XV910.PV;;DI;нряей-кэ 10-XV-910 охкнр. цюгю мю ябевс;;;;;;
10XV910.OP;;DI;нряей-кэ 10-XV-910 охкнр. цюгю мю ябевс;;;;;;
10XA947C_STS.PV;;DI;наыюъ акнй-йю оевх. хмдхй-жхъ б пяс;;;;;;
10XA904.PV;;DI;10-XV-904. меяннр. онкнф. йнлюмде. яхцмюкхгюжхъ;;;;;;
10XA947D_STS.PV;;DI;онрепъ ръцх б оевх. хмдхй-жхъ б пяс;;;;;;
10XA947E_STS.PV;;DI;бшянй. рело. дшл. цюгнб. хмдхй-жхъ б пяс;;;;;;
10XA905.PV;;DI;10-XV-905. меяннр. онкнф. йнлюмде. яхцмюкхгюжхъ;;;;;;
10XA947F_STS.PV;;DI;нярюмнб охкнр. кхмхх. хмдхй-жхъ б пяс;;;;;;
10BALL950_951_PA.PV;;DI;онцюя. окюлемх б цнпекйюу ╧1 х ╧2. 1 хг 2 яхцм-жхъ;;;;;;
10HS600A.PV;;DI;йкчв пюгпеьемхъ деакнй-й гнмш м-1001ю;;;;;;
10SISP1040AB_RR.PV;;DI;цнрнбм. й яапняс акнй-йх I-056 (10LALL055, 10PALL240);;;;;;
10HS600B.PV;;DI;йкчв яапняю бяеу деакнй-й гнмш м-1001ю;;;;;;
10BALL957_958_PA.PV;;DI;онцюя. окюлемх б цнпекйюу ╧8 х ╧9. 1 хг 2 яхцм-жхъ;;;;;;
IB101_ESD1_F4.PV;;DI;IB-10-1 яхярелю ESD-01 наыее янярнъмхе яхяр. ьйютю;;;;;;
IB101_ESD1_F5.PV;;DI;IB-10-1 яхярелю ESD-01 наыее янярнъмхе йпняя. ьйютнб;;;;;;
00XA101E01ELD.PV;;DI;IB-10-1 ьйют ESD-01 сревйю мю гелкч;;;;;;
00XA101E01ELD.OP;;DI;IB-10-1 ьйют ESD-01 сревйю мю гелкч;;;;;;
00XA101E01ELD.OP;;DO;IB-10-1 ьйют ESD-01 сревйю мю гелкч;;;;;;
00XA101E01FAN.PV;;DI;IB-10-1 ьйют ESD-01 мехяопюбмнярэ бемрхкърнпю;;;;;;
00XA101E01P01.PV;;DI;IB-10-1 ьйют ESD-01 мехяопюбмнярэ хо 01IB-10-1;;;;;;
00XA101E01P02.PV;;DI;IB-10-1 ьйют ESD-01 мехяопюбмнярэ хо 02;;;;;;
00XA101E01P03.PV;;DI;IB-10-1 ьйют ESD-01 мехяопюбмнярэ хо 03;;;;;;
10XY032F.PV;;DI;соп. нря-кел 10-XV-032F яхярелни оюг;;;;;;
10XY032G.PV;;DI;соп. нря-кел 10-XV-032G яхярелни оюг;;;;;;
10XY032H.PV;;DI;соп. нря-кел 10-XV-032H яхярелни оюг;;;;;;
10XY041.PV;;DI;соп. нря-кел 10-XV-041 яхярелни оюг;;;;;;
10XY042.PV;;DI;соп. нря-кел 10-XV-042 яхярелни оюг;;;;;;
10XY047.PV;;DI;соп. нря-кел 10-XV-047 яхярелни оюг;;;;;;
10XY067.PV;;DI;соп. нря-кел 10-XV-067 яхярелни оюг;;;;;;
10XY113.PV;;DI;соп. нря-кел 10-XV-113 яхярелни оюг;;;;;;
10XY114.PV;;DI;соп. нря-кел 10-XV-114 яхярелни оюг;;;;;;
10XY127.PV;;DI;соп. нря-кел 10-XV-127 яхярелни оюг;;;;;;
10XY152.PV;;DI;соп. нря-кел 10-XV-152 яхярелни оюг;;;;;;
10HA152A.PV;;DI;ймнойю он леярс. онф. оюп б рнойс H-1001A. хмхжхюрнп акнй-йх;;;;;;
10BALL950.PV;;DI;онцюяюмхе окюлемх цнпекйх ╧1.;;;;;;
10BALL951.PV;;DI;онцюяюмхе окюлемх цнпекйх ╧2.;;;;;;
10BALL952.PV;;DI;онцюяюмхе окюлемх цнпекйх ╧3.;;;;;;
10BALL950A.PV;;DI;хмд-нп окюлемх цнпекйх ╧1 мю леярм. оюмекх.;;;;;;
10BALL951A.PV;;DI;хмд-нп окюлемх цнпекйх ╧2 мю леярм. оюмекх.;;;;;;
10BALL952A.PV;;DI;хмд-нп окюлемх цнпекйх ╧3 мю леярм. оюмекх.;;;;;;
10BALL953A.PV;;DI;хмд-нп окюлемх цнпекйх ╧4 мю леярм. оюмекх.;;;;;;
10BALL954A.PV;;DI;хмд-нп окюлемх цнпекйх ╧5 мю леярм. оюмекх.;;;;;;
10BALL955A.PV;;DI;хмд-нп окюлемх цнпекйх ╧6 мю леярм. оюмекх.;;;;;;
10BALL956A.PV;;DI;хмд-нп окюлемх цнпекйх ╧7 мю леярм. оюмекх.;;;;;;
10BALL957A.PV;;DI;хмд-нп окюлемх цнпекйх ╧8 мю леярм. оюмекх.;;;;;;
10BALL958A.PV;;DI;хмд-нп окюлемх цнпекйх ╧9 мю леярм. оюмекх.;;;;;;
10BALL959A.PV;;DI;хмд-нп окюлемх цнпекйх ╧10 мю леярм. оюмекх.;;;;;;
10BALL960A.PV;;DI;хмд-нп окюлемх цнпекйх ╧11 мю леярм. оюмекх.;;;;;;
10BALL961A.PV;;DI;хмд-нп окюлемх цнпекйх ╧12 мю леярм. оюмекх.;;;;;;
10XA939B.PV;;DI;ньхайю осяй. онякед-рх. хмдхй-жхъ мю леяр. оюмекх м-1001ю;;;;;;
10XA939C.PV;;DI;аегноюям. юрлнятепю б оевх (12 цнп-й). хмдхй-жхъ мю леяр. оюмекх м-1001ю;;;;;;
10XA945.PV;;DI;юйрхбюжхъ яхпемш. мю леяр. оюмекх м-1001ю;;;;;;
10XA947A.PV;;DI;наыхи нярюмнб оевх. хмдхй-жхъ мю леяр. оюмекх м-1001ю;;;;;;
10XA947B.PV;;DI;опнцюп глееб-йю (опнрхбнонф. гюыхрю). хмдхй-жхъ мю леяр. оюмекх м-1001ю;;;;;;
10XA947C.PV;;DI;наыюъ акнй-йю оевх. хмдхй-жхъ мю леяр. оюмекх м-1001ю;;;;;;
10XA947D.PV;;DI;онрепъ ръцх б оевх. хмдхй-жхъ мю леяр. оюмекх м-1001ю;;;;;;
10HA026A_FU.PV;;DI;ймнойю он леярс. нярюмнб оевх H-1001A. оепбнопхвхмю;;;;;;
10XA947E.PV;;DI;бшянй. рело. дшл. цюгнб. хмдхй-жхъ мю леяр. оюмекх м-1001ю;;;;;;
10XA947F.PV;;DI;нярюмнб охкнр. кхмхх. хмдхй-жхъ мю леяр. оюмекх м-1001ю;;;;;;
10XA947G.PV;;DI;нярюмнб кхмхх люгсрю. хмдхй-жхъ мю леяр. оюмекх м-1001ю;;;;;;
10XA947H.PV;;DI;меяннр. онкнф. нряей-къ йнлюмде. хмдхй-жхъ мю леяр. оюмекх м-1001ю;;;;;;
10XA947J.PV;;DI;онцюяюмхе окюлемх. хмдхй-жхъ мю леяр. оюмекх м-1001ю;;;;;;
10XA947K.PV;;DI;нрйк. н2 юмюкхгюрнпнб. хмдхй-жхъ мю леяр. оюмекх м-1001ю;;;;;;
10XL904A.PV;;DI;нряей-кэ 10-XV-904 нрйпшр. хмдхй-жхъ мю леяр. оюмекх м-1001ю;;;;;;
20HS421A3.PV;;DI;дхяр. ймнойю юйрхбюжхх юбюп. акнйю 6 (1000 яейжхъ);;;;;;
10XL904B.PV;;DI;нряей-кэ 10-XV-904 гюйпшр. хмдхй-жхъ мю леяр. оюмекх м-1001ю;;;;;;
10XL905A.PV;;DI;нряей-кэ 10-XV-905 нрйпшр. хмдхй-жхъ мю леяр. оюмекх м-1001ю;;;;;;
10XL905B.PV;;DI;нряей-кэ 10-XV-905 гюйпшр. хмдхй-жхъ мю леяр. оюмекх м-1001ю;;;;;;
10XL906A.PV;;DI;нряей-кэ 10-XV-906 нрйпшр. хмдхй-жхъ мю леяр. оюмекх м-1001ю;;;;;;
10XL906B.PV;;DI;нряей-кэ 10-XV-906 гюйпшр. хмдхй-жхъ мю леяр. оюмекх м-1001ю;;;;;;
10XL907A.PV;;DI;нряей-кэ 10-XV-907 гюйпшр. хмдхй-жхъ мю леяр. оюмекх м-1001ю;;;;;;
10XL907B.PV;;DI;нряей-кэ 10-XV-907 нрйпшр. хмдхй-жхъ мю леяр. оюмекх м-1001ю;;;;;;
10XL908A.PV;;DI;нряей-кэ 10-XV-908 нрйпшр. хмдхй-жхъ мю леяр. оюмекх м-1001ю;;;;;;
10XL908B.PV;;DI;нряей-кэ 10-XV-908 гюйпшр. хмдхй-жхъ мю леяр. оюмекх м-1001ю;;;;;;
10XL909A.PV;;DI;нряей-кэ 10-XV-909 нрйпшр. хмдхй-жхъ мю леяр. оюмекх м-1001ю;;;;;;
10XL909B.PV;;DI;нряей-кэ 10-XV-909 гюйпшр. хмдхй-жхъ мю леяр. оюмекх м-1001ю;;;;;;
10XL910A.PV;;DI;нряей-кэ 10-XV-910 гюйпшр. хмдхй-жхъ мю леяр. оюмекх м-1001ю;;;;;;
10XL910B.PV;;DI;нряей-кэ 10-XV-910 нрйпшр. хмдхй-жхъ мю леяр. оюмекх м-1001ю;;;;;;
10XL911A.PV;;DI;нряей-кэ 10-XV-911 нрйпшр. хмдхй-жхъ мю леяр. оюмекх м-1001ю;;;;;;
10XL911B.PV;;DI;нряей-кэ 10-XV-911 гюйпшр. хмдхй-жхъ мю леяр. оюмекх м-1001ю;;;;;;
10XL912A.PV;;DI;нряей-кэ 10-XV-912 нрйпшр. хмдхй-жхъ мю леяр. оюмекх м-1001ю;;;;;;
10XL912B.PV;;DI;нряей-кэ 10-XV-912 гюйпшр. хмдхй-жхъ мю леяр. оюмекх м-1001ю;;;;;;
10XL913A.PV;;DI;нряей-кэ 10-XV-913 гюйпшр. хмдхй-жхъ мю леяр. оюмекх м-1001ю;;;;;;
10XL913B.PV;;DI;нряей-кэ 10-XV-913 нрйпшр. хмдхй-жхъ мю леяр. оюмекх м-1001ю;;;;;;
10XL914A.PV;;DI;нряей-кэ 10-XV-914 нрйпшр. хмдхй-жхъ мю леяр. оюмекх м-1001ю;;;;;;
10XL914B.PV;;DI;нряей-кэ 10-XV-914 гюйпшр. хмдхй-жхъ мю леяр. оюмекх м-1001ю;;;;;;
10XL937A.PV;;DI;опнбепйю мю цеплерхв. гюбепьемю. хмдхй-жхъ мю леяр. оюмекх м-1001ю;;;;;;
10XL938A.PV;;DI;опндсбйю гюбепьемю. хмдхй-жхъ мю леяр. оюмекх м-1001ю;;;;;;
10XL940.PV;;DI;9 цнпек-й пюгнффемш. хмдхй-жхъ мю леяр. оюмекх м-1001ю;;;;;;
10XL941.PV;;DI;цнрнбм. й пнгфхцс охкнр. цюгю. хмдхй-жхъ мю леяр. оюмекх м-1001ю;;;;;;
10XL942.PV;;DI;цнрнбм. й пнгфхцс ням. цюгю. хмдхй-жхъ мю леяр. оюмекх м-1001ю;;;;;;
10XL943.PV;;DI;цнрнбм. й пнгфхцс фхдй. рнокхбю. хмдхй-жхъ мю леяр. оюмекх м-1001ю;;;;;;
10XL944.PV;;DI;цнрнбм. й пнгфхцс йхяк. цюгю. хмдхй-жхъ мю леяр. оюмекх м-1001ю;;;;;;
10XY904.PV;;DI;соп. нря-кел 10-XV-904 яхяр. оюг;;;;;;
10XY905.PV;;DI;соп. нря-кел 10-XV-905 яхяр. оюг;;;;;;
10XY906.PV;;DI;соп. нря-кел 10-XV-906 яхяр. оюг;;;;;;
10XY009.PV;;DI;нярюмнб мюяняю п-1001ю яхяр. оюг;;;;;;
10XY010.PV;;DI;нярюмнб мюяняю п-1001б яхяр. оюг;;;;;;
10XY070.PV;;DI;нярюмнб мюяняю п-1007ю яхяр. оюг;;;;;;
10XY071.PV;;DI;нярюмнб мюяняю п-1007S яхяр. оюг;;;;;;
10XY072.PV;;DI;нярюмнб мюяняю п-1008ю яхяр. оюг;;;;;;
10XY073.PV;;DI;нярюмнб мюяняю п-1008S яхяр. оюг;;;;;;
10XY103.PV;;DI;нярюмнб мюяняю п-1045ю яхяр. оюг;;;;;;
10XY104.PV;;DI;нярюмнб мюяняю п-1045S яхяр. оюг;;;;;;
10XY108.PV;;DI;нярюмнб мюяняю п-1042ю яхяр. оюг;;;;;;
10XY109.PV;;DI;нярюмнб мюяняю п-1041 яхяр. оюг;;;;;;
10XY110.PV;;DI;нярюмнб мюяняю п-1042б яхяр. оюг;;;;;;
10XY111.PV;;DI;нярюмнб мюяняю п-1042я яхяр. оюг;;;;;;
10XY115.PV;;DI;нярюмнб мюяняю п-1013ю яхяр. оюг;;;;;;
10XY116.PV;;DI;нярюмнб мюяняю п-1013S яхяр. оюг;;;;;;
10XY120.PV;;DI;нярюмнб мюяняю п-1040ю яхяр. оюг;;;;;;
10XY121.PV;;DI;нярюмнб мюяняю п-1040б яхяр. оюг;;;;;;
10XY916.PV;;DI;нярюмнб бнгдсундсбйх C-1001AX яхяр. оюг;;;;;;
10XY917.PV;;DI;нярюмнб бнгдсундсбйх я-1001Bу яхяр. оюг;;;;;;
10XY918.PV;;DI;нярюмнб дшлняняю я-1002юу яхяр. оюг;;;;;;
10BALL953.PV;;DI;онцюяюмхе окюлемх цнпекйх ╧4.;;;;;;
10BALL954.PV;;DI;онцюяюмхе окюлемх цнпекйх ╧5.;;;;;;
10BALL955.PV;;DI;онцюяюмхе окюлемх цнпекйх ╧6.;;;;;;
10BALL956.PV;;DI;онцюяюмхе окюлемх цнпекйх ╧7.;;;;;;
10BALL957.PV;;DI;онцюяюмхе окюлемх цнпекйх ╧8.;;;;;;
10BALL958.PV;;DI;онцюяюмхе окюлемх цнпекйх ╧9.;;;;;;
10BALL959.PV;;DI;онцюяюмхе окюлемх цнпекйх ╧10.;;;;;;
10BALL960.PV;;DI;онцюяюмхе окюлемх цнпекйх ╧11.;;;;;;
10BALL961.PV;;DI;онцюяюмхе окюлемх цнпекйх ╧12.;;;;;;
10SISP1013A_RR.PV;;DI;цнрнбм. й яапняс акнй-йх I-054 (10LALL035/048, 10TAHH791A/B);;;;;;
10BALL950_3OO12.PV;;DI;онцюя. окюлемх б 3 хг 12 цнпекйюу. хмхжхюрнп акнй-йх;;;;;;
10BALL950_951.PV;;DI;онцюя. окюлемх б цнпекйюу ╧1 х ╧2. хмхжхюрнп акнй-йх;;;;;;
IB101_ESD1_D1.PV;;DI;тнпяюф пюгпеьем;;;;;;
IB101_ESD1_D2.PV;;DI;юйрхбмш тнпяюфх;;;;;;
10BALL951_952.PV;;DI;онцюя. окюлемх б цнпекйюу ╧2 х ╧3. хмхжхюрнп акнй-йх;;;;;;
10BALL952_953.PV;;DI;онцюя. окюлемх б цнпекйюу ╧3 х ╧4. хмхжхюрнп акнй-йх;;;;;;
10BALL953_954.PV;;DI;онцюя. окюлемх б цнпекйюу ╧4 х ╧5. хмхжхюрнп акнй-йх;;;;;;
10BALL954_955.PV;;DI;онцюя. окюлемх б цнпекйюу ╧5 х ╧6. хмхжхюрнп акнй-йх;;;;;;
10BALL956_957.PV;;DI;онцюя. окюлемх б цнпекйюу ╧7 х ╧8. хмхжхюрнп акнй-йх;;;;;;
10BALL957_958.PV;;DI;онцюя. окюлемх б цнпекйюу ╧8 х ╧9. хмхжхюрнп акнй-йх;;;;;;
10BALL958_959.PV;;DI;онцюя. окюлемх б цнпекйюу ╧9 х ╧10. хмхжхюрнп акнй-йх;;;;;;
10BALL959_960.PV;;DI;онцюя. окюлемх б цнпекйюу ╧10 х ╧11. хмхжхюрнп акнй-йх;;;;;;
10BALL960_961.PV;;DI;онцюя. окюлемх б цнпекйюу ╧11 х ╧12. хмхжхюрнп акнй-йх;;;;;;
10SISP1013S_RR.PV;;DI;цнрнбм. й яапняс акнй-йх I-055 (10LALL036/048, 10TAHH792A/B);;;;;;
10SISP1007AS_RR.PV;;DI;цнрнбм. й яапняс акнй-йх I-014 (10LALL021/020);;;;;;
10SISP1008AS_RR.PV;;DI;цнрнбм. й яапняс акнй-йх I-015 (10LALL024/023);;;;;;
10SISP1001S_RR.PV;;DI;цнрнбм. й яапняс акнй. P-1001S (BENTLY, рело., 10-I-004);;;;;;
10XY805B.PV;;DI;нярюмнб мюяняю п-1001S. йнлюмдю б WOODWARD;;;;;;
01_08_SNESD_FLT.PV;;DI;яоюг_001_1-яоюг_101_1;;;;;;
10HA026A.PV;;DI;ймнойю он леярс. нярюмнб оевх H-1001A. хмхжхюрнп акнй-йх;;;;;;
10HA026A_PA.PV;;DI;ймнойю он леярс. нярюмнб оевх H-1001A. йнмрюйр яхцм-жхъ;;;;;;
10XY907.PV;;DI;соп. нря-кел 10-XV-907 яхяр. оюг;;;;;;
10XY908.PV;;DI;соп. нря-кел 10-XV-909 яхяр. оюг;;;;;;
10XY909.PV;;DI;соп. нря-кел 10-XV-909 яхяр. оюг;;;;;;
10XY910.PV;;DI;соп. нря-кел 10-XV-910 яхяр. оюг;;;;;;
10XY911.PV;;DI;соп. нря-кел 10-XV-911 яхяр. оюг;;;;;;
10XY900.PV;;DI;соп. ьхаепнл 10-XV-900 яхяр. оюг;;;;;;
10XY912.PV;;DI;соп. нря-кел 10-XV-912 яхяр. оюг;;;;;;
10XY913.PV;;DI;соп. нря-кел 10-XV-913 яхяр. оюг;;;;;;
10XY914.PV;;DI;соп. нря-кел 10-XV-914 яхяр. оюг;;;;;;
10HS156.PV;;DI;ймнойю нярюмнбю P-1040S хг пяс;;;;;;
10HS156.OP;;DI;ймнойю нярюмнбю P-1040S хг пяс;;;;;;
10HS156.OP;;DO;ймнойю нярюмнбю P-1040S хг пяс;;;;;;
10FALL030B_CA.PV;;DI;юрл.нярюрнй б H-1001A, 2 глеебхй. яхцмюкхгюжхъ;;;;;;
10FALL030B_FU.PV;;DI;юрл.нярюрнй б H-1001A, 2 глеебхй. оепбнопхвхмю;;;;;;
10FALL030C.PV;;DI;юрл.нярюрнй б H-1001A, 3 глеебхй. хмхжхюрнп акнй-йх;;;;;;
10FALL030C_CA.PV;;DI;юрл.нярюрнй б H-1001A, 3 глеебхй. яхцмюкхгюжхъ;;;;;;
10FALL030C_FU.PV;;DI;юрл.нярюрнй б H-1001A, 3 глеебхй. оепбнопхвхмю;;;;;;
10FALL030D.PV;;DI;юрл.нярюрнй б H-1001A, 4 глеебхй. хмхжхюрнп акнй-йх;;;;;;
10FALL030D_CA.PV;;DI;юрл.нярюрнй б H-1001A, 4 глеебхй. яхцмюкхгюжхъ;;;;;;
10FALL030D_FU.PV;;DI;юрл.нярюрнй б H-1001A, 4 глеебхй. оепбнопхвхмю;;;;;;
10FALL030E.PV;;DI;юрл.нярюрнй б H-1001A, 5 глеебхй. хмхжхюрнп акнй-йх;;;;;;
10FALL030E_CA.PV;;DI;юрл.нярюрнй б H-1001A, 5 глеебхй. яхцмюкхгюжхъ;;;;;;
10FALL030E_FU.PV;;DI;юрл.нярюрнй б H-1001A, 5 глеебхй. оепбнопхвхмю;;;;;;
10FALL030F.PV;;DI;юрл.нярюрнй б H-1001A, 6 глеебхй. хмхжхюрнп акнй-йх;;;;;;
10FALL030F_CA.PV;;DI;юрл.нярюрнй б H-1001A, 6 глеебхй. яхцмюкхгюжхъ;;;;;;
10FALL030F_FU.PV;;DI;юрл.нярюрнй б H-1001A, 6 глеебхй. оепбнопхвхмю;;;;;;
10FALL030G.PV;;DI;юрл.нярюрнй б H-1001A, 7 глеебхй. хмхжхюрнп акнй-йх;;;;;;
10FALL030G_CA.PV;;DI;юрл.нярюрнй б H-1001A, 7 глеебхй. яхцмюкхгюжхъ;;;;;;
10FALL030G_FU.PV;;DI;юрл.нярюрнй б H-1001A, 7 глеебхй. оепбнопхвхмю;;;;;;
10FALL030H.PV;;DI;юрл.нярюрнй б H-1001A, 8 глеебхй. хмхжхюрнп акнй-йх;;;;;;
10FALL030H_CA.PV;;DI;юрл.нярюрнй б H-1001A, 8 глеебхй. яхцмюкхгюжхъ;;;;;;
10FALL030H_FU.PV;;DI;юрл.нярюрнй б H-1001A, 8 глеебхй. оепбнопхвхмю;;;;;;
10HY011.PV;;DI;гюйпшрхе нряей-къ 10-XV-011 оюп яд й PB-1001;;;;;;
10HY011_F.PV;;DI;гюйпшрхе нряей-къ 10-XV-011 оюп яд й PB-1001. мехяоп. кхмхх;;;;;;
10PALL917A_CA.PV;;DI;нямнбмни цнпчвхи цюг. яхцмюкхгюжхъ;;;;;;
10TAHH905_AALL950.PV;;DI;р. оепебюкю х яндеп. н2 б дшл. цюге м-1001ю. хмхжхюрнп акнй-йх;;;;;;
10PALL917B_CA.PV;;DI;нямнбмни цнпчвхи цюг. яхцмюкхгюжхъ;;;;;;
10PAHH917A2_CA.PV;;DI;нямнбмни цнпчвхи цюг. яхцмюкхгюжхъ;;;;;;
20HS421A4.PV;;DI;дхяр. ймнойю юйрхбюжхх юбюп. акнйю 6 (1000 яейжхъ);;;;;;
20HA421_1.PV;;DI;юйрхбюжхъ юбюпхимнцн акнйю 6 (1000 яейжхъ);;;;;;
10XY975B.PV;;DI;нярюмнб мюяняю п-1040S. йнлюмдю б WOODWARD;;;;;;
PCDI_1_101_1_FLT.PV;;DI;PCDI ябъгэ ESD_101_1 c CC_101_1;;;;;;
PCDI_2_101_1_FLT.PV;;DI;PCDI ябъгэ ESD_101_1 c CC_101_2;;;;;;
10FLTRES_SYS8.PV;;DI;яапня мехяопюб. дюр-йнб б йнмрп. ESD_101_1;;;;;;
10FLTRES_SYS8.OP;;DI;яапня мехяопюб. дюр-йнб б йнмрп. ESD_101_1;;;;;;
10FLTRES_SYS8.OP;;DO;яапня мехяопюб. дюр-йнб б йнмрп. ESD_101_1;;;;;;
20HS421_1.PV;;DI;яапня акнйхпнбйх 20-I-260 (юбюп. акнй 6 1000 яейжхъ);;;;;;
20HS421_1.OP;;DI;яапня акнйхпнбйх 20-I-260 (юбюп. акнй 6 1000 яейжхъ);;;;;;
20HS421_1.OP;;DO;яапня акнйхпнбйх 20-I-260 (юбюп. акнй 6 1000 яейжхъ);;;;;;
20SIS260_1_RR.PV;;DI;цнрнбм. й яапняс акнй-йх 20-I-260 (юбюп. акнй 6 1000 яейжхъ);;;;;;
10AI950A2_TF.PV;;DI;яндеп. н2 б дшл. цюге м-1001ю. дюрвхй;;;;;;
10AI950B2_TF.PV;;DI;яндеп. н2 б дшл. цюге м-1001ю. дюрвхй;;;;;;
10AI950C2_TF.PV;;DI;яндеп. н2 б дшл. цюге м-1001ю. дюрвхй;;;;;;
10AALL950_PA.PV;;DI;яндеп. н2 б дшл. цюге м-1001ю. 1 хг 3 яхцм-жхъ;;;;;;
10AALL950A2.PV;;DI;яндеп. н2 б дшл. цюге м-1001ю. хмхжхюрнп акнй-йх;;;;;;
10AALL950A2_CA.PV;;DI;яндеп. н2 б дшл. цюге м-1001ю. яхцмюкхгюжхъ;;;;;;
10AALL950B2.PV;;DI;яндеп. н2 б дшл. цюге м-1001ю. хмхжхюрнп акнй-йх;;;;;;
10AALL950B2_CA.PV;;DI;яндеп. н2 б дшл. цюге м-1001ю. яхцмюкхгюжхъ;;;;;;
10AALL950C2.PV;;DI;яндеп. н2 б дшл. цюге м-1001ю. хмхжхюрнп акнй-йх;;;;;;
10AALL950C2_CA.PV;;DI;яндеп. н2 б дшл. цюге м-1001ю. яхцмюкхгюжхъ;;;;;;
10AALL950.PV;;DI;яндеп. н2 б дшл. цюге м-1001ю. хмхжхюрнп акнй-йх;;;;;;
10PALL911B_CA.PV;;DI;ондювю фхдйнцн рнокхбю. яхцмюкхгюжхъ;;;;;;
10PAHH911A_CA.PV;;DI;ондювю фхдйнцн рнокхбю. яхцмюкхгюжхъ;;;;;;
10VAH901X.PV;;DI;P-1001A мюяня бхапюж. X яхцм-жхъ;;;;;;
10VAH901Y.PV;;DI;P-1001A мюяня бхапюж. Y яхцм-жхъ;;;;;;
10VAH902X.PV;;DI;P-1001A мюяня бхапюж. X яхцм-жхъ;;;;;;
10SIS061.PV;;DI;нрйкчвемхе юмюкхгюрнпнб ймнойни 10HS026;;;;;;
10SIS061_CA.PV;;DI;нрйкчвемхе юмюкхгюрнпнб ймнойни 10HS026. яхцмюкхгюжхъ;;;;;;
10VAH902Y.PV;;DI;P-1001A мюяня бхапюж. Y яхцм-жхъ;;;;;;
10VAH911X.PV;;DI;P-1001B мюяня бхапюж. X яхцм-жхъ;;;;;;
10VAH911Y.PV;;DI;P-1001B мюяня бхапюж. Y яхцм-жхъ;;;;;;
10VAH912X.PV;;DI;P-1001B мюяня бхапюж. X яхцм-жхъ;;;;;;
10VAH912Y.PV;;DI;P-1001B мюяня бхапюж. Y яхцм-жхъ;;;;;;
10XY912_ESD.PV;;DI;нряей-кэ 10-XV-912 йхяк. цюгю й тнпясмйюл;;;;;;
10XY913_ESD.PV;;DI;нряей-кэ 10-XV-913 йхяк. цюгю мю ябевс;;;;;;
10XY914_ESD.PV;;DI;нряей-кэ 10-XV-914 йхяк. цюгю й тнпя. оняке ябевх;;;;;;
10VAHH924X.PV;;DI;P-1001S рспахмю бхапюж. хмхжхюрнп акнй-йх;;;;;;
10VAHH924Y.PV;;DI;P-1001S рспахмю бхапюж. хмхжхюрнп акнй-йх;;;;;;
10HSHX009_CA.PV;;DI;P-1001A нярюмнбкем ноепюрнпнл. яхцмюкхгюжхъ;;;;;;
10VAH921X.PV;;DI;P-1001S мюяня бхапюж. X яхцм-жхъ;;;;;;
10VAH922X.PV;;DI;P-1001S мюяня бхапюж. X яхцм-жхъ;;;;;;
10VAH923X.PV;;DI;P-1001S рспахмю бхапюж. X яхцм-жхъ;;;;;;
10VAH924X.PV;;DI;P-1001S рспахмю бхапюж. X яхцм-жхъ;;;;;;
10VAH921Y.PV;;DI;P-1001S мюяня бхапюж. Y яхцм-жхъ;;;;;;
10VAH922Y.PV;;DI;P-1001S мюяня бхапюж. Y яхцм-жхъ;;;;;;
10VAH923Y.PV;;DI;P-1001S рспахмю бхапюж. Y яхцм-жхъ;;;;;;
10VAH924Y.PV;;DI;P-1001S рспахмю бхапюж. Y яхцм-жхъ;;;;;;
10HSXV015_F.PV;;DI;ймнойю бгбндю нряей-къ 10-XV-015. мехяопюбмнярэ кхмхх;;;;;;
10HSXV016_F.PV;;DI;ймнойю бгбндю нряей-къ 10-XV-016. мехяопюбмнярэ кхмхх;;;;;;
10HSXV032A_F.PV;;DI;ймнойю бгбндю нряей-къ 10-XV-032A. мехяопюбмнярэ кхмхх;;;;;;
10HSXV032B_F.PV;;DI;ймнойю бгбндю нряей-къ 10-XV-032B. мехяопюбмнярэ кхмхх;;;;;;
10HSXV032C_F.PV;;DI;ймнойю бгбндю нряей-къ 10-XV-032C. мехяопюбмнярэ кхмхх;;;;;;
10HSXV032D_F.PV;;DI;ймнойю бгбндю нряей-къ 10-XV-032D. мехяопюбмнярэ кхмхх;;;;;;
10HSXV032E_F.PV;;DI;ймнойю бгбндю нряей-къ 10-XV-032E. мехяопюбмнярэ кхмхх;;;;;;
10HSXV032F_F.PV;;DI;ймнойю бгбндю нряей-къ 10-XV-032F. мехяопюбмнярэ кхмхх;;;;;;
10HSXV032G_F.PV;;DI;ймнойю бгбндю нряей-къ 10-XV-032G. мехяопюбмнярэ кхмхх;;;;;;
10HSXV032H_F.PV;;DI;ймнойю бгбндю нряей-къ 10-XV-032H. мехяопюбмнярэ кхмхх;;;;;;
10HSXV041_F.PV;;DI;ймнойю бгбндю нряей-къ 10-XV-041. мехяопюбмнярэ кхмхх;;;;;;
10HSXV042_F.PV;;DI;ймнойю бгбндю нряей-къ 10-XV-042. мехяопюбмнярэ кхмхх;;;;;;
10HSXV047_F.PV;;DI;ймнойю бгбндю нряей-къ 10-XV-047. мехяопюбмнярэ кхмхх;;;;;;
10HSXV113_F.PV;;DI;ймнойю бгбндю нряей-къ 10-XV-113. мехяопюбмнярэ кхмхх;;;;;;
10HSXV114_F.PV;;DI;ймнойю бгбндю нряей-къ 10-XV-114. мехяопюбмнярэ кхмхх;;;;;;
10HSHX009_FU.PV;;DI;P-1001A нярюмнбкем ноепюрнпнл. оепбнопхвхмю;;;;;;
10HSHX010_CA.PV;;DI;P-1001B нярюмнбкем ноепюрнпнл. яхцмюкхгюжхъ;;;;;;
10HSHX010_FU.PV;;DI;P-1001B нярюмнбкем ноепюрнпнл. оепбнопхвхмю;;;;;;
10PAHH907_30.PV;;DI;дюбкемхе мю оепебюке анкее 30 яей. хмхжхюрнп акнй-йх;;;;;;
10TAHH901_30.PV;;DI;релоеп. дшл. цюгнб б йнмбейжхх оняке 30 яей. хмхжхюрнп акнй-йх;;;;;;
10PALL919B_CA.PV;;DI;охкнрмши цюг дкъ пнгфхцю. яхцмюкхгюжхъ;;;;;;
10TI650A_TF.PV;;DI;P-1042A мюяня T рело. ондьхо. дюрвхй;;;;;;
10TI652A_TF.PV;;DI;P-1042B мюяня T рело. ондьхо. дюрвхй;;;;;;
10TI654A_TF.PV;;DI;P-1042C мюяня T рело. ондьхо. дюрвхй;;;;;;
10TI656A_TF.PV;;DI;P-1041 мюяня T рело. ондьхо. дюрвхй;;;;;;
10TI701A_TF.PV;;DI;P-1001A мюяня р рело. ондьхо. дюрвхй;;;;;;
10TI702A_TF.PV;;DI;P-1001A мюяня J рело. ондьхо. дюрвхй;;;;;;
10TI703A_TF.PV;;DI;P-1001A мюяня J рело. ондьхо. дюрвхй;;;;;;
10TI707A_TF.PV;;DI;P-1007A р цеплер. ярюйюмю дюрвхй;;;;;;
10TI711A_TF.PV;;DI;P-1001B мюяня р рело. ондьхо. дюрвхй;;;;;;
10TI712A_TF.PV;;DI;P-1001B мюяня J рело. ондьхо. дюрвхй;;;;;;
10TI713A_TF.PV;;DI;P-1001B мюяня J рело. ондьхо. дюрвхй;;;;;;
10TI717A_TF.PV;;DI;P-1007S р цеплер. ярюйюмю дюрвхй;;;;;;
10TI721A_TF.PV;;DI;P-1001S мюяня р рело. ондьхо. дюрвхй;;;;;;
10TI722A_TF.PV;;DI;P-1001S мюяня J рело. ондьхо. дюрвхй;;;;;;
10TI723A_TF.PV;;DI;P-1001S мюяня J рело. ондьхо. дюрвхй;;;;;;
10TI727A_TF.PV;;DI;P-1008A р цеплер. ярюйюмю дюрвхй;;;;;;
10TI738A_TF.PV;;DI;P-1008S р цеплер. ярюйюмю дюрвхй;;;;;;
10TI749A_TF.PV;;DI;P-1045S р цеплер. ярюйюмю дюрвхй;;;;;;
10TI758A_TF.PV;;DI;P-1045A р цеплер. ярюйюмю дюрвхй;;;;;;
10TI791A2_TF.PV;;DI;P-1013A мюяня рело. кхм. ондьхо. дюрвхй;;;;;;
10TI791B2_TF.PV;;DI;P-1013A мюяня рело. нонп. ондьхо. дюрвхй;;;;;;
10TI792A2_TF.PV;;DI;P-1013S мюяня рело. кхм. ондьхо. дюрвхй;;;;;;
10TI792B2_TF.PV;;DI;P-1013S мюяня рело. нонп. ондьхо. дюрвхй;;;;;;
10TI795A2_TF.PV;;DI;P-1040A мюяня рело. кхм. ондьхо. дюрвхй;;;;;;
10TI795B2_TF.PV;;DI;P-1040A мюяня рело. нонп. ондьхо. дюрвхй;;;;;;
10TI796A2_TF.PV;;DI;P-1040B мюяня рело. кхм. ондьхо. дюрвхй;;;;;;
10TI796B2_TF.PV;;DI;P-1040B мюяня рело. нонп. ондьхо. дюрвхй;;;;;;
10TI797A2_TF.PV;;DI;P-1040S мюяня рело. кхм. ондьхо. дюрвхй;;;;;;
10TI797B2_TF.PV;;DI;P-1040S мюяня рело. нонп. ондьхо. дюрвхй;;;;;;
10TI901A_TF.PV;;DI;релоеп. дшл. цюгнб б йнмбейжхх дюрвхй;;;;;;
10TAHH654A_CA.PV;;DI;P-1042C мюяня T рело. ондьхо. яхцмюкхгюжхъ;;;;;;
10TAHH656A_CA.PV;;DI;P-1041 мюяня T рело. ондьхо. яхцмюкхгюжхъ;;;;;;
10TAHH701A_CA.PV;;DI;P-1001A мюяня р рело. ондьхо. яхцмюкхгюжхъ;;;;;;
10TAHH702A_CA.PV;;DI;P-1001A мюяня J рело. ондьхо. яхцмюкхгюжхъ;;;;;;
10TAHH703A_CA.PV;;DI;P-1001A мюяня J рело. ондьхо. яхцмюкхгюжхъ;;;;;;
10TAHH707A_CA.PV;;DI;P-1007A р цеплер. ярюйюмю. яхцмюкхгюжхъ;;;;;;
10TAHH711A_CA.PV;;DI;P-1001B мюяня р рело. ондьхо. яхцмюкхгюжхъ;;;;;;
10TAHH712A_CA.PV;;DI;P-1001B мюяня J рело. ондьхо. яхцмюкхгюжхъ;;;;;;
10TAHH713A_CA.PV;;DI;P-1001B мюяня J рело. ондьхо. яхцмюкхгюжхъ;;;;;;
10TAHH717A_CA.PV;;DI;P-1007S р цеплер. ярюйюмю. яхцмюкхгюжхъ;;;;;;
10TAHH721A_CA.PV;;DI;P-1001S мюяня р рело. ондьхо. яхцмюкхгюжхъ;;;;;;
10TAHH722A_CA.PV;;DI;P-1001S мюяня J рело. ондьхо. яхцмюкхгюжхъ;;;;;;
10TAHH723A_CA.PV;;DI;P-1001S мюяня J рело. ондьхо. яхцмюкхгюжхъ;;;;;;
10TAHH727A_CA.PV;;DI;P-1008A р цеплер. ярюйюмю. яхцмюкхгюжхъ;;;;;;
10TAHH738A_CA.PV;;DI;P-1008S р цеплер. ярюйюмю. яхцмюкхгюжхъ;;;;;;
10TAHH650A_CA.PV;;DI;P-1042A мюяня T рело. ондьхо. яхцмюкхгюжхъ;;;;;;
10TAHH652A_CA.PV;;DI;P-1042B мюяня T рело. ондьхо. яхцмюкхгюжхъ;;;;;;
10TAHH749A_CA.PV;;DI;P-1045S р цеплер. ярюйюмю. яхцмюкхгюжхъ;;;;;;
10TAHH758A_CA.PV;;DI;P-1045A р цеплер. ярюйюмю. яхцмюкхгюжхъ;;;;;;
10TAHH791A2_CA.PV;;DI;P-1013A мюяня рело. кхм. ондьхо. яхцмюкхгюжхъ;;;;;;
10TAHH791B2_CA.PV;;DI;P-1013A мюяня рело. нонп. ондьхо. яхцмюкхгюжхъ;;;;;;
10TAHH792A2_CA.PV;;DI;P-1013S мюяня рело. кхм. ондьхо. яхцмюкхгюжхъ;;;;;;
10TAHH792B2_CA.PV;;DI;P-1013S мюяня рело. нонп. ондьхо. яхцмюкхгюжхъ;;;;;;
10TAHH795A2_CA.PV;;DI;P-1040A мюяня рело. кхм. ондьхо. яхцмюкхгюжхъ;;;;;;
10TAHH795B2_CA.PV;;DI;P-1040A мюяня рело. нонп. ондьхо. яхцмюкхгюжхъ;;;;;;
10TAHH796A2_CA.PV;;DI;P-1040B мюяня рело. кхм. ондьхо. яхцмюкхгюжхъ;;;;;;
10TAHH796B2_CA.PV;;DI;P-1040B мюяня рело. нонп. ондьхо. яхцмюкхгюжхъ;;;;;;
10TAHH797A2_CA.PV;;DI;P-1040S мюяня рело. кхм. ондьхо. яхцмюкхгюжхъ;;;;;;
10TAHH797B2_CA.PV;;DI;P-1040S мюяня рело. нонп. ондьхо. яхцмюкхгюжхъ;;;;;;
10TAHH901A_CA.PV;;DI;релоеп. дшл. цюгнб б йнмбейжхх. яхцмюкхгюжхъ;;;;;;
10HS943B_MO.PV;;DI;ймнойю гюйп. кхмхх фхдй. рнокхбю я леяр. оюмекх м-1001ю. акнйхпнбйю;;;;;;
10HS943B_MO.OP;;DI;ймнойю гюйп. кхмхх фхдй. рнокхбю я леяр. оюмекх м-1001ю. акнйхпнбйю;;;;;;
10HS943B_MO.OP;;DO;ймнойю гюйп. кхмхх фхдй. рнокхбю я леяр. оюмекх м-1001ю. акнйхпнбйю;;;;;;
10HS943B_MO.MD;;DI;ймнойю гюйп. кхмхх фхдй. рнокхбю я леяр. оюмекх м-1001ю. акнйхпнбйю;;;;;;
10HS944B_MO.PV;;DI;ймнойю гюйп. кхмхх йхяк. цюгю я леяр. оюмекх м-1001ю. акнйхпнбйю;;;;;;
10HS944B_MO.OP;;DI;ймнойю гюйп. кхмхх йхяк. цюгю я леяр. оюмекх м-1001ю. акнйхпнбйю;;;;;;
10HS944B_MO.OP;;DO;ймнойю гюйп. кхмхх йхяк. цюгю я леяр. оюмекх м-1001ю. акнйхпнбйю;;;;;;
10HS944B_MO.MD;;DI;ймнойю гюйп. кхмхх йхяк. цюгю я леяр. оюмекх м-1001ю. акнйхпнбйю;;;;;;
10AI950ABC_MO.PV;;DI;яндеп. н2 б дшл. цюге м-1001ю. акнйхпнбйю;;;;;;
10AI950ABC_MO.OP;;DI;яндеп. н2 б дшл. цюге м-1001ю. акнйхпнбйю;;;;;;
10AI950ABC_MO.OP;;DO;яндеп. н2 б дшл. цюге м-1001ю. акнйхпнбйю;;;;;;
10AI950ABC_MO.MD;;DI;яндеп. н2 б дшл. цюге м-1001ю. акнйхпнбйю;;;;;;
10TI072ABC_MO.PV;;DI;юрл. нярюрнй хг H-1001A (1 глеебхй) акнйхпнбйю;;;;;;
10TI072ABC_MO.OP;;DI;юрл. нярюрнй хг H-1001A (1 глеебхй) акнйхпнбйю;;;;;;
10TI072ABC_MO.OP;;DO;юрл. нярюрнй хг H-1001A (1 глеебхй) акнйхпнбйю;;;;;;
10TI072ABC_MO.MD;;DI;юрл. нярюрнй хг H-1001A (1 глеебхй) акнйхпнбйю;;;;;;
10TI075ABC_MO.PV;;DI;юрл. нярюрнй хг H-1001A (2 глеебхй) акнйхпнбйю;;;;;;
10TI075ABC_MO.OP;;DI;юрл. нярюрнй хг H-1001A (2 глеебхй) акнйхпнбйю;;;;;;
10TI075ABC_MO.OP;;DO;юрл. нярюрнй хг H-1001A (2 глеебхй) акнйхпнбйю;;;;;;
10TI075ABC_MO.MD;;DI;юрл. нярюрнй хг H-1001A (2 глеебхй) акнйхпнбйю;;;;;;
10TI076ABC_MO.PV;;DI;юрл. нярюрнй хг H-1001A (3 глеебхй) акнйхпнбйю;;;;;;
10TI076ABC_MO.OP;;DI;юрл. нярюрнй хг H-1001A (3 глеебхй) акнйхпнбйю;;;;;;
10TI076ABC_MO.OP;;DO;юрл. нярюрнй хг H-1001A (3 глеебхй) акнйхпнбйю;;;;;;
10TI076ABC_MO.MD;;DI;юрл. нярюрнй хг H-1001A (3 глеебхй) акнйхпнбйю;;;;;;
10TI077ABC_MO.PV;;DI;юрл. нярюрнй хг H-1001A (4 глеебхй) акнйхпнбйю;;;;;;
10TI077ABC_MO.OP;;DI;юрл. нярюрнй хг H-1001A (4 глеебхй) акнйхпнбйю;;;;;;
10TI077ABC_MO.OP;;DO;юрл. нярюрнй хг H-1001A (4 глеебхй) акнйхпнбйю;;;;;;
10TI077ABC_MO.MD;;DI;юрл. нярюрнй хг H-1001A (4 глеебхй) акнйхпнбйю;;;;;;
10TI250ABC_MO.PV;;DI;юрл. нярюрнй хг H-1001A (5 глеебхй) акнйхпнбйю;;;;;;
10TI250ABC_MO.OP;;DI;юрл. нярюрнй хг H-1001A (5 глеебхй) акнйхпнбйю;;;;;;
10TI250ABC_MO.OP;;DO;юрл. нярюрнй хг H-1001A (5 глеебхй) акнйхпнбйю;;;;;;
10TI250ABC_MO.MD;;DI;юрл. нярюрнй хг H-1001A (5 глеебхй) акнйхпнбйю;;;;;;
10TI251ABC_MO.PV;;DI;юрл. нярюрнй хг H-1001A (6 глеебхй) акнйхпнбйю;;;;;;
10TI251ABC_MO.OP;;DI;юрл. нярюрнй хг H-1001A (6 глеебхй) акнйхпнбйю;;;;;;
10TI251ABC_MO.OP;;DO;юрл. нярюрнй хг H-1001A (6 глеебхй) акнйхпнбйю;;;;;;
10TI251ABC_MO.MD;;DI;юрл. нярюрнй хг H-1001A (6 глеебхй) акнйхпнбйю;;;;;;
10TI252ABC_MO.PV;;DI;юрл. нярюрнй хг H-1001A (7 глеебхй) акнйхпнбйю;;;;;;
10TI252ABC_MO.OP;;DI;юрл. нярюрнй хг H-1001A (7 глеебхй) акнйхпнбйю;;;;;;
10TI252ABC_MO.OP;;DO;юрл. нярюрнй хг H-1001A (7 глеебхй) акнйхпнбйю;;;;;;
10TI252ABC_MO.MD;;DI;юрл. нярюрнй хг H-1001A (7 глеебхй) акнйхпнбйю;;;;;;
10TI253ABC_MO.PV;;DI;юрл. нярюрнй хг H-1001A (8 глеебхй) акнйхпнбйю;;;;;;
10TI253ABC_MO.OP;;DI;юрл. нярюрнй хг H-1001A (8 глеебхй) акнйхпнбйю;;;;;;
10TI253ABC_MO.OP;;DO;юрл. нярюрнй хг H-1001A (8 глеебхй) акнйхпнбйю;;;;;;
10TI253ABC_MO.MD;;DI;юрл. нярюрнй хг H-1001A (8 глеебхй) акнйхпнбйю;;;;;;
10TI905ABC_MO.PV;;DI;релоеп. 10TI905A/905B/905C мю оепебюке м-1001ю. акнйхпнбйю;;;;;;
10TI905ABC_MO.OP;;DI;релоеп. 10TI905A/905B/905C мю оепебюке м-1001ю. акнйхпнбйю;;;;;;
10TI905ABC_MO.OP;;DO;релоеп. 10TI905A/905B/905C мю оепебюке м-1001ю. акнйхпнбйю;;;;;;
10TI905ABC_MO.MD;;DI;релоеп. 10TI905A/905B/905C мю оепебюке м-1001ю. акнйхпнбйю;;;;;;
10XY904_ESD.PV;;DI;нряей-кэ 10-XV-904 фхдй, рнок. й тнпясмйюл;;;;;;
10XY905_ESD.PV;;DI;нряей-кэ 10-XV-905 фхдй. рнок. нр оевх;;;;;;
10XY906_ESD.PV;;DI;нряей-кэ 10-XV-906 рнок. цюгю й тнпясмйюл;;;;;;
10XY907_ESD.PV;;DI;нряей-кэ 10-XV-907 рнок. цюгю мю ябевс;;;;;;
10XY908_ESD.PV;;DI;нряей-кэ 10-XV-909 рнок. цюгю й тнпя. оняке ябевх;;;;;;
10XY909_ESD.PV;;DI;нряей-кэ 10-XV-909 охкнр. цюгю й тнпясмйюл;;;;;;
10XY910_ESD.PV;;DI;нряей-кэ 10-XV-910 охкнр. цюгю мю ябевс;;;;;;
10XY911_ESD.PV;;DI;нряей-кэ 10-XV-911 охкнр. цюгю й тнпя. оняке ябевх;;;;;;
10HS026C_MO.PV;;DI;ймнойю мю леярм. оюмекх. нярюмнб оевх м-1001ю. акнйхпнбйю;;;;;;
10HS026C_MO.OP;;DI;ймнойю мю леярм. оюмекх. нярюмнб оевх м-1001ю. акнйхпнбйю;;;;;;
10HS026C_MO.OP;;DO;ймнойю мю леярм. оюмекх. нярюмнб оевх м-1001ю. акнйхпнбйю;;;;;;
10HS026C_MO.MD;;DI;ймнойю мю леярм. оюмекх. нярюмнб оевх м-1001ю. акнйхпнбйю;;;;;;
10HS941B_MO.PV;;DI;ймнойю гюйп. кхмхх охкнр. цюгю я леяр. оюмекх м-1001ю. акнйхпнбйю;;;;;;
10HS941B_MO.OP;;DI;ймнойю гюйп. кхмхх охкнр. цюгю я леяр. оюмекх м-1001ю. акнйхпнбйю;;;;;;
10HS941B_MO.OP;;DO;ймнойю гюйп. кхмхх охкнр. цюгю я леяр. оюмекх м-1001ю. акнйхпнбйю;;;;;;
10HS941B_MO.MD;;DI;ймнойю гюйп. кхмхх охкнр. цюгю я леяр. оюмекх м-1001ю. акнйхпнбйю;;;;;;
10HS942B_MO.PV;;DI;ймнойю гюйп. кхмхх ням. цюгю я леяр. оюмекх м-1001ю. акнйхпнбйю;;;;;;
10HS942B_MO.OP;;DI;ймнойю гюйп. кхмхх ням. цюгю я леяр. оюмекх м-1001ю. акнйхпнбйю;;;;;;
10HS942B_MO.OP;;DO;ймнойю гюйп. кхмхх ням. цюгю я леяр. оюмекх м-1001ю. акнйхпнбйю;;;;;;
10HS942B_MO.MD;;DI;ймнойю гюйп. кхмхх ням. цюгю я леяр. оюмекх м-1001ю. акнйхпнбйю;;;;;;
10HS937A.PV;;DI;наунд реярю мю цепл-мнярэ осяй. онякед-рх м-1001A;;;;;;
10HS937A.OP;;DI;наунд реярю мю цепл-мнярэ осяй. онякед-рх м-1001A;;;;;;
10HS937A.OP;;DO;наунд реярю мю цепл-мнярэ осяй. онякед-рх м-1001A;;;;;;
10HS937A.MD;;DI;наунд реярю мю цепл-мнярэ осяй. онякед-рх м-1001A;;;;;;
10HS938A.PV;;DI;наунд опндсбйх осяй. онякед-рх м-1001A;;;;;;
10HS938A.OP;;DI;наунд опндсбйх осяй. онякед-рх м-1001A;;;;;;
10HS938A.OP;;DO;наунд опндсбйх осяй. онякед-рх м-1001A;;;;;;
10HS938A.MD;;DI;наунд опндсбйх осяй. онякед-рх м-1001A;;;;;;
10XY067_OOS.PV;;DI;соп. нря-кел 10-XV-067 яхярелни оюг. деакнй. опх осяйе;;;;;;
10XY067_OOS.OP;;DI;соп. нря-кел 10-XV-067 яхярелни оюг. деакнй. опх осяйе;;;;;;
10XY067_OOS.OP;;DO;соп. нря-кел 10-XV-067 яхярелни оюг. деакнй. опх осяйе;;;;;;
10XY067_OOS.MD;;DI;соп. нря-кел 10-XV-067 яхярелни оюг. деакнй. опх осяйе;;;;;;
10XY067_ESD.PV;;DI;нря-кэ 10-XV-067 - йхяк. цюг яапня мю тюйек;;;;;;
10HA026C.PV;;DI;ймнойю мю леяр. оюмекх. нярюмнб оевх м-1001ю. хмхжхюрнп акнй-йх;;;;;;
10HA941B.PV;;DI;ондювю охкнрмнцн цюгю гюйпшрю я леярм. оюмекх м-1001ю;;;;;;
10HA942B.PV;;DI;ондювю нямнбмнцн цюгю гюйпшрю я леярм. оюмекх м-1001ю;;;;;;
10HA943B.PV;;DI;ондювю фхдйнцн рнокхбю гюйпшрю я леярм. оюмекх м-1001ю;;;;;;
10HA944B.PV;;DI;ондювю йхякнцн цюгю гюйпшрю я леярм. оюмекх м-1001ю;;;;;;
10HS032_FU.PV;;DI;юбюпхимюъ ондювю оюпю б глееб. м-1001A. оепбнопхвхмю;;;;;;
10TAHH905_AALL950_FU.PV;;DI;р. оепебюкю х яндеп. н2 б дшл. цюге м-1001ю. оепбнопхвхмю;;;;;;
10HSRES_SEQ_A.PV;;DI;яапня осяй. онякеднбюрекэмнярх м-1001A;;;;;;
10HSRES_SEQ_A.OP;;DI;яапня осяй. онякеднбюрекэмнярх м-1001A;;;;;;
10HSRES_SEQ_A.OP;;DO;яапня осяй. онякеднбюрекэмнярх м-1001A;;;;;;
10VSHH901XY_MO.PV;;DI;P-1001A мюяня бхапюж. акнйхпнбйю;;;;;;
10VSHH901XY_MO.OP;;DI;P-1001A мюяня бхапюж. акнйхпнбйю;;;;;;
10VSHH901XY_MO.OP;;DO;P-1001A мюяня бхапюж. акнйхпнбйю;;;;;;
10VSHH901XY_MO.MD;;DI;P-1001A мюяня бхапюж. акнйхпнбйю;;;;;;
10VSHH902XY_MO.PV;;DI;P-1001A мюяня бхапюж. акнйхпнбйю;;;;;;
10VSHH902XY_MO.OP;;DI;P-1001A мюяня бхапюж. акнйхпнбйю;;;;;;
10VSHH902XY_MO.OP;;DO;P-1001A мюяня бхапюж. акнйхпнбйю;;;;;;
10VSHH902XY_MO.MD;;DI;P-1001A мюяня бхапюж. акнйхпнбйю;;;;;;
10VSHH911XY_MO.PV;;DI;P-1001B мюяня бхапюж. акнйхпнбйю;;;;;;
10VSHH911XY_MO.OP;;DI;P-1001B мюяня бхапюж. акнйхпнбйю;;;;;;
10VSHH911XY_MO.OP;;DO;P-1001B мюяня бхапюж. акнйхпнбйю;;;;;;
10VSHH911XY_MO.MD;;DI;P-1001B мюяня бхапюж. акнйхпнбйю;;;;;;
10VSHH912XY_MO.PV;;DI;P-1001B мюяня бхапюж. акнйхпнбйю;;;;;;
10VSHH912XY_MO.OP;;DI;P-1001B мюяня бхапюж. акнйхпнбйю;;;;;;
10VSHH912XY_MO.OP;;DO;P-1001B мюяня бхапюж. акнйхпнбйю;;;;;;
10VSHH912XY_MO.MD;;DI;P-1001B мюяня бхапюж. акнйхпнбйю;;;;;;
10VSHH921XY_MO.PV;;DI;P-1001S мюяня бхапюж. акнйхпнбйю;;;;;;
10VSHH921XY_MO.OP;;DI;P-1001S мюяня бхапюж. акнйхпнбйю;;;;;;
10VSHH921XY_MO.OP;;DO;P-1001S мюяня бхапюж. акнйхпнбйю;;;;;;
10VSHH921XY_MO.MD;;DI;P-1001S мюяня бхапюж. акнйхпнбйю;;;;;;
10VSHH922XY_MO.PV;;DI;P-1001S мюяня бхапюж. акнйхпнбйю;;;;;;
10VSHH922XY_MO.OP;;DI;P-1001S мюяня бхапюж. акнйхпнбйю;;;;;;
10VSHH922XY_MO.OP;;DO;P-1001S мюяня бхапюж. акнйхпнбйю;;;;;;
10VSHH922XY_MO.MD;;DI;P-1001S мюяня бхапюж. акнйхпнбйю;;;;;;
10VSHH923XY_MO.PV;;DI;P-1001S рспахмю бхапюж. акнйхпнбйю;;;;;;
10VSHH923XY_MO.OP;;DI;P-1001S рспахмю бхапюж. акнйхпнбйю;;;;;;
10VSHH923XY_MO.OP;;DO;P-1001S рспахмю бхапюж. акнйхпнбйю;;;;;;
10VSHH923XY_MO.MD;;DI;P-1001S рспахмю бхапюж. акнйхпнбйю;;;;;;
10VSHH924XY_MO.PV;;DI;P-1001S рспахмю бхапюж. акнйхпнбйю;;;;;;
10VSHH924XY_MO.OP;;DI;P-1001S рспахмю бхапюж. акнйхпнбйю;;;;;;
10VSHH924XY_MO.OP;;DO;P-1001S рспахмю бхапюж. акнйхпнбйю;;;;;;
10VSHH924XY_MO.MD;;DI;P-1001S рспахмю бхапюж. акнйхпнбйю;;;;;;
10VAH924XY.PV;;DI;P-1001S рспахмю бхапюж. X х Y яхцм-жхъ;;;;;;
10VAH911XY.PV;;DI;P-1001B мюяня бхапюж. X х Y яхцм-жхъ;;;;;;
10VAH912XY.PV;;DI;P-1001B мюяня бхапюж. X х Y яхцм-жхъ;;;;;;
10VAH921XY.PV;;DI;P-1001S мюяня бхапюж. X х Y яхцм-жхъ;;;;;;
IB101_ESD1_CS.PV;;DI;бмеьм. хярнвмхй бпелемх;;;;;;
IB101_ESD1_T.PV;;DI;релоепюрспю ме б мнпле;;;;;;
00XA101E01P05.PV;;DI;IB-10-1 ьйют ESD-01 мехяопюбмнярэ хо 05;;;;;;
00XA101E01P06.PV;;DI;IB-10-1 ьйют ESD-01 мехяопюбмнярэ хо 06;;;;;;
20XY266_ESDHMI.PV;;DI;нряей-кэ 20-XV-266 ръф. мютрю я сяр-йх цхдпнйпейхмцю;;;;;;
20HS266_OOS.PV;;DI;ймнойю сопюбкемхъ 20XV226;;;;;;
20HS266_OOS.OP;;DI;ймнойю сопюбкемхъ 20XV226;;;;;;
20HS266_OOS.OP;;DO;ймнойю сопюбкемхъ 20XV226;;;;;;
20HS266_OOS.MD;;DI;ймнойю сопюбкемхъ 20XV226;;;;;;
20HS266_OOS.MD;;DO;ймнойю сопюбкемхъ 20XV226;;;;;;
10VAH922XY.PV;;DI;P-1001S мюяня бхапюж. X х Y яхцм-жхъ;;;;;;
10VAH923XY.PV;;DI;P-1001S рспахмю бхапюж. X х Y яхцм-жхъ;;;;;;
10VAH901XY.PV;;DI;P-1001A мюяня бхапюж. X х Y яхцм-жхъ;;;;;;
10VAH902XY.PV;;DI;P-1001A мюяня бхапюж. X х Y яхцм-жхъ;;;;;;
10VSHH901X.PV;;DI;P-1001A мюяня бхапюж. X акнй-йю;;;;;;
10VSHH901Y.PV;;DI;P-1001A мюяня бхапюж. Y акнй-йю;;;;;;
10VSHH902X.PV;;DI;P-1001A мюяня бхапюж. X акнй-йю;;;;;;
10VSHH902Y.PV;;DI;P-1001A мюяня бхапюж. Y акнй-йю;;;;;;
10VSHH911X.PV;;DI;P-1001B мюяня бхапюж. X акнй-йю;;;;;;
10VSHH911Y.PV;;DI;P-1001B мюяня бхапюж. Y акнй-йю;;;;;;
10VSHH912X.PV;;DI;P-1001B мюяня бхапюж. X акнй-йю;;;;;;
10VSHH912Y.PV;;DI;P-1001B мюяня бхапюж. Y акнй-йю;;;;;;
10VSHH921X.PV;;DI;P-1001S мюяня бхапюж. X акнй-йю;;;;;;
10VSHH921Y.PV;;DI;P-1001S мюяня бхапюж. Y акнй-йю;;;;;;
10VSHH922X.PV;;DI;P-1001S мюяня бхапюж. X акнй-йю;;;;;;
10VSHH922Y.PV;;DI;P-1001S мюяня бхапюж. Y акнй-йю;;;;;;
10VSHH923X.PV;;DI;P-1001S рспахмю бхапюж. X акнй-йю;;;;;;
10VSHH923Y.PV;;DI;P-1001S рспахмю бхапюж. Y акнй-йю;;;;;;
10HSXV015.PV;;DI;ймнойю бгбндю нряей-къ 10-XV-015;;;;;;
10HSXV016.PV;;DI;ймнойю бгбндю нряей-къ 10-XV-016;;;;;;
10HSXV032A.PV;;DI;ймнойю бгбндю нряей-къ 10-XV-032A;;;;;;
10HSXV032B.PV;;DI;ймнойю бгбндю нряей-къ 10-XV-032B;;;;;;
10HSXV032C.PV;;DI;ймнойю бгбндю нряей-къ 10-XV-032C;;;;;;
10HSXV032D.PV;;DI;ймнойю бгбндю нряей-къ 10-XV-032D;;;;;;
10HSXV032E.PV;;DI;ймнойю бгбндю нряей-къ 10-XV-032E;;;;;;
10HSXV032F.PV;;DI;ймнойю бгбндю нряей-къ 10-XV-032F;;;;;;
10HSXV032G.PV;;DI;ймнойю бгбндю нряей-къ 10-XV-032G;;;;;;
10HSXV032H.PV;;DI;ймнойю бгбндю нряей-къ 10-XV-032H;;;;;;
10HSXV041.PV;;DI;ймнойю бгбндю нряей-къ 10-XV-041;;;;;;
10HSXV042.PV;;DI;ймнойю бгбндю нряей-къ 10-XV-042;;;;;;
10HSXV047.PV;;DI;ймнойю бгбндю нряей-къ 10-XV-047;;;;;;
10HSXV113.PV;;DI;ймнойю бгбндю нряей-къ 10-XV-113;;;;;;
10HSXV114.PV;;DI;ймнойю бгбндю нряей-къ 10-XV-114;;;;;;
10PAHH907_BALL950.PV;;DI;дюбкемхе мю оепебюке х онцюя. окюлемх цнпекйх >2 яей. хмхжхюрнп акнй-йх;;;;;;
10XY912_OOS.PV;;DI;нряей-кэ 10-XV-912. йкчв деакнй-йх OOS;;;;;;
10XY912_OOS.OP;;DI;нряей-кэ 10-XV-912. йкчв деакнй-йх OOS;;;;;;
10XY912_OOS.OP;;DO;нряей-кэ 10-XV-912. йкчв деакнй-йх OOS;;;;;;
10XY913_OOS.PV;;DI;нряей-кэ 10-XV-913. йкчв деакнй-йх OOS;;;;;;
10XY913_OOS.OP;;DI;нряей-кэ 10-XV-913. йкчв деакнй-йх OOS;;;;;;
10XY913_OOS.OP;;DO;нряей-кэ 10-XV-913. йкчв деакнй-йх OOS;;;;;;
10XY914_OOS.PV;;DI;нряей-кэ 10-XV-914. йкчв деакнй-йх OOS;;;;;;
10XY914_OOS.OP;;DI;нряей-кэ 10-XV-914. йкчв деакнй-йх OOS;;;;;;
10XY914_OOS.OP;;DO;нряей-кэ 10-XV-914. йкчв деакнй-йх OOS;;;;;;
10TI724A_TF.PV;;DI;P-1001S рспахмш J рело. ондьхо. дюрвхй;;;;;;
10TAHH724A_CA.PV;;DI;P-1001S рспахмш J рело. ондьхо. яхцмюкхгюжхъ;;;;;;
10TAHH725A_CA.PV;;DI;P-1001S рспахмш J рело. ондьхо. яхцмюкхгюжхъ;;;;;;
10TI725A_TF.PV;;DI;P-1001S рспахмш J рело. ондьхо. дюрвхй;;;;;;
IB101_ESD1_CF_ALM.PV;;DI;мЕХЯОПЮБМНЯРЭ ОН ДХЮЦМНЯРХЙЕ ЙНМРПНККЕПЮ ESD_101_1;;;;;;
20XA266_OOS.PV;;DI;OOS НРЯЕЙЮРЕКЪ 20XV266 Б ЯНЯРНЪМХХ;;;;;;
10HA026C_PA.PV;;DI;ймнойю мю леяр. оюмекх. нярюмнб оевх м-1001ю. йнмрюйр яхцм-жхъ;;;;;;
10HS026C_2.PV;;DI;ймнойю мю леярм. оюмекх. нярюмнб оевх м-1001ю.;;;;;;
10LAHH008A_CA.PV;;DI;спнбемэ б е-1008 цемепюрнп оюпю яд. яхцмюкхгюжхъ;;;;;;
10LAHH009A_CA.PV;;DI;спнбемэ б е-1018 цемепюрнп оюпю яд. яхцмюкхгюжхъ;;;;;;
10LI008A_TF.PV;;DI;спнбемэ б е-1008 цемепюрнп оюпю яд. дюрвхй;;;;;;
10LI009A_TF.PV;;DI;спнбемэ б е-1018 цемепюрнп оюпю яд. дюрвхй;;;;;;
10LI030_TF.PV;;DI;спнбемэ б V-1005 яеоюпюрнп рнок. цюгю. дюрвхй;;;;;;
10LI037_TF.PV;;DI;спнбемэ б V-1045 елйнярэ юмрхтпхгю. дюрвхй;;;;;;
10PAHH907A_CA.PV;;DI;дюбкемхе мю оепебюке. яхцмюкхгюжхъ;;;;;;
10PI907A_TF.PV;;DI;дюбкемхе мю оепебюке. дюрвхй;;;;;;
10PDALL912A_CA.PV;;DI;ондювю фхд. рнокхбю / пюяошкемхе оюпю. яхцмюкхгюжхъ;;;;;;
10PDI912A_TF.PV;;DI;ондювю фхд. рнокхбю / пюяошкемхе оюпю. дюрвхй;;;;;;
10PI943_TF.PV;;DI;бнгдсу й тнпясмйюл. дюрвхй;;;;;;
10XY805_1.PV;;DI;нярюмнб мюяняю п-1001S яхяр. оюг;;;;;;
10XY975_1.PV;;DI;нярюмнб мюяняю п-1040S;;;;;;
10XY805_2.PV;;DI;нярюмнб мюяняю п-1001S яхяр. оюг;;;;;;
10XY975_2.PV;;DI;нярюмнб мюяняю п-1040S;;;;;;
10XY805_1_F.PV;;DI;10XY805_1 мехяоп. кхмхх. нярюмнб мюяняю п-1001S яхяр. оюг;;;;;;
10XY975_1_F.PV;;DI;10XY975_1 мехяоп. кхмхх. нярюмнб мюяняю п-1040S;;;;;;
10XY805_2_F.PV;;DI;10XY805_2 мехяоп. кхмхх. нярюмнб мюяняю п-1001S яхяр. оюг;;;;;;
10XY975_2_F.PV;;DI;10XY975_2 мехяоп. кхмхх. нярюмнб мюяняю п-1040S;;;;;;
IB101_ESD1_CF.PV;;DI;яАНИ ЙНМРПНККЕПЮ ESD101-1;;;;;;
IB101_ESD2_CF.PV;;DI;яАНИ ЙНМРПНККЕПЮ ESD101-2;;;;;;
10AY900_OO.PV;;DI;юмюкхгюрнпш н2 м-1001B. деакнй-йю опх осяйе;;;;;;
IB101_ESD2_SF.PV;;DI;оЕПЕОНКМЕМХЕ АСТЕПЮ ESD101-2;;;;;;
PCDI_1_101_2_FLT.PV;;DI;PCDI ябъгэ ESD_101_2 c CC_101_1;;;;;;
PCDI_2_101_2_FLT.PV;;DI;PCDI ябъгэ ESD_101_2 c CC_101_2;;;;;;
10SIS032_3.PV;;DI;10-XV-800. меяннр. онкнф. йнлюмде. хмхжхюрнп акнй-йх;;;;;;
10SIS032_4.PV;;DI;10-XV-806. меяннр. онкнф. йнлюмде. хмхжхюрнп акнй-йх;;;;;;
10SIS032_5.PV;;DI;10-XV-808. меяннр. онкнф. йнлюмде. хмхжхюрнп акнй-йх;;;;;;
10SIS032_6.PV;;DI;10-XV-809. меяннр. онкнф. йнлюмде. хмхжхюрнп акнй-йх;;;;;;
10SIS032_7.PV;;DI;10-XV-811. меяннр. онкнф. йнлюмде. хмхжхюрнп акнй-йх;;;;;;
10SIS032_8.PV;;DI;10-XV-812. меяннр. онкнф. йнлюмде. хмхжхюрнп акнй-йх;;;;;;
10SIS032_9.PV;;DI;10-XV-814. меяннр. онкнф. йнлюмде. хмхжхюрнп акнй-йх;;;;;;
10SIS032_10.PV;;DI;10-XV-804. меяннр. онкнф. йнлюмде. хмхжхюрнп акнй-йх;;;;;;
10SIS032_11.PV;;DI;10-XV-805. меяннр. онкнф. йнлюмде. хмхжхюрнп акнй-йх;;;;;;
08_09_SNESD_FLT.PV;;DI;яоюг_101_1-яоюг_101_2;;;;;;
10PALL843_CA.PV;;DI;бнгдсу й тнпясмйюл. яхцмюкхгюжхъ;;;;;;
10FALL037A_CA.PV;;DI;юрл.нярюрнй б H-1001B, 1 глеебхй. яхцмюкхгюжхъ;;;;;;
10FALL037B_CA.PV;;DI;юрл.нярюрнй б H-1001B, 2 глеебхй. яхцмюкхгюжхъ;;;;;;
10FALL037C_CA.PV;;DI;юрл.нярюрнй б H-1001B, 3 глеебхй. яхцмюкхгюжхъ;;;;;;
10FALL037D_CA.PV;;DI;юрл.нярюрнй б H-1001B, 4 глеебхй. яхцмюкхгюжхъ;;;;;;
10FALL037E_CA.PV;;DI;юрл.нярюрнй б H-1001B, 5 глеебхй. яхцмюкхгюжхъ;;;;;;
10FALL037F_CA.PV;;DI;юрл.нярюрнй б H-1001B, 6 глеебхй. яхцмюкхгюжхъ;;;;;;
10FALL037G_CA.PV;;DI;юрл.нярюрнй б H-1001B, 7 глеебхй. яхцмюкхгюжхъ;;;;;;
10FALL037H_CA.PV;;DI;юрл.нярюрнй б H-1001B, 8 глеебхй. яхцмюкхгюжхъ;;;;;;
10LAHH014_CA.PV;;DI;спнбемэ б йсае р-1001. яхцмюкхгюжхъ;;;;;;
10LALL014_CA.PV;;DI;спнбемэ б йсае р-1001. яхцмюкхгюжхъ;;;;;;
10LALL010_CA.PV;;DI;спнбемэ бд мю рюпекйе р-1001. яхцмюкхгюжхъ;;;;;;
10FI03_HZ.PV;;DI;H1001A/B НРЙКЧВЕМХЕ ЯХЦМЮКХГЮЖХИ ОН KROHNE (ЯХЦМ./ьСЛ);;;;;;
10FI03_HZ.OP;;DI;H1001A/B НРЙКЧВЕМХЕ ЯХЦМЮКХГЮЖХИ ОН KROHNE (ЯХЦМ./ьСЛ);;;;;;
10FI036A_H_MIN.PV;;DI;лхмхлюкэмн-рпеаселши пюяунд юрл.нярюрнй б H-1001B;;;;;;
10PAHH817A.PV;;DI;оепейкчв. сярюбйх он люйя. я осяй. мю пефхл. хмхжхюрнп акнй-йх;;;;;;
10TAL798.PV;;DI;рело. надсбю щк. дбхц. P-1005ю;;;;;;
10BSLL900_MO.PV;;DI;хмдхйюрнп окюлемх цнпекйх ╧1. акнйхпнбйю;;;;;;
10BSLL900_MO.OP;;DI;хмдхйюрнп окюлемх цнпекйх ╧1. акнйхпнбйю;;;;;;
10BSLL900_MO.OP;;DO;хмдхйюрнп окюлемх цнпекйх ╧1. акнйхпнбйю;;;;;;
10BSLL900_MO.MD;;DI;хмдхйюрнп окюлемх цнпекйх ╧1. акнйхпнбйю;;;;;;
10BSLL901_MO.PV;;DI;хмдхйюрнп окюлемх цнпекйх ╧2. акнйхпнбйю;;;;;;
10BSLL901_MO.OP;;DI;хмдхйюрнп окюлемх цнпекйх ╧2. акнйхпнбйю;;;;;;
10BSLL901_MO.OP;;DO;хмдхйюрнп окюлемх цнпекйх ╧2. акнйхпнбйю;;;;;;
10BSLL901_MO.MD;;DI;хмдхйюрнп окюлемх цнпекйх ╧2. акнйхпнбйю;;;;;;
10BSLL902_MO.PV;;DI;хмдхйюрнп окюлемх цнпекйх ╧3. акнйхпнбйю;;;;;;
10BSLL902_MO.OP;;DI;хмдхйюрнп окюлемх цнпекйх ╧3. акнйхпнбйю;;;;;;
10BSLL902_MO.OP;;DO;хмдхйюрнп окюлемх цнпекйх ╧3. акнйхпнбйю;;;;;;
10BSLL902_MO.MD;;DI;хмдхйюрнп окюлемх цнпекйх ╧3. акнйхпнбйю;;;;;;
10BSLL903_MO.PV;;DI;хмдхйюрнп окюлемх цнпекйх ╧4. акнйхпнбйю;;;;;;
10BSLL903_MO.OP;;DI;хмдхйюрнп окюлемх цнпекйх ╧4. акнйхпнбйю;;;;;;
10BSLL903_MO.OP;;DO;хмдхйюрнп окюлемх цнпекйх ╧4. акнйхпнбйю;;;;;;
10BSLL903_MO.MD;;DI;хмдхйюрнп окюлемх цнпекйх ╧4. акнйхпнбйю;;;;;;
10BSLL904_MO.PV;;DI;хмдхйюрнп окюлемх цнпекйх ╧5. акнйхпнбйю;;;;;;
10BSLL904_MO.OP;;DI;хмдхйюрнп окюлемх цнпекйх ╧5. акнйхпнбйю;;;;;;
10BSLL904_MO.OP;;DO;хмдхйюрнп окюлемх цнпекйх ╧5. акнйхпнбйю;;;;;;
10BSLL904_MO.MD;;DI;хмдхйюрнп окюлемх цнпекйх ╧5. акнйхпнбйю;;;;;;
10BSLL905_MO.PV;;DI;хмдхйюрнп окюлемх цнпекйх ╧6. акнйхпнбйю;;;;;;
10BSLL905_MO.OP;;DI;хмдхйюрнп окюлемх цнпекйх ╧6. акнйхпнбйю;;;;;;
10BSLL905_MO.OP;;DO;хмдхйюрнп окюлемх цнпекйх ╧6. акнйхпнбйю;;;;;;
10BSLL905_MO.MD;;DI;хмдхйюрнп окюлемх цнпекйх ╧6. акнйхпнбйю;;;;;;
IB101_ESD2_RT1.PV;;DI;ярюпр REPAIR TIMER дкъ CP1;;;;;;
IB101_ESD2_RT2.PV;;DI;ярюпр REPAIR TIMER дкъ CP2;;;;;;
10PALL811B_CA.PV;;DI;ондювю фхдйнцн рнокхбю. яхцмюкхгюжхъ;;;;;;
10PAHH811A_CA.PV;;DI;ондювю фхдйнцн рнокхбю. яхцмюкхгюжхъ;;;;;;
10LALL011_CA.PV;;DI;спнбемэ кбц мю рюпекйе р-1001. яхцмюкхгюжхъ;;;;;;
10LALL012_CA.PV;;DI;спнбемэ рбц мю рюпекйе р-1001. яхцмюкхгюжхъ;;;;;;
10LALL013_CA.PV;;DI;спнбемэ опнл. люякю мю рюпекйе р-1001. яхцмюкхгюжхъ;;;;;;
10AI900A2_TF.PV;;DI;яндеп. н2 б дшл. цюге м-1001B. дюрвхй;;;;;;
10AI900B2_TF.PV;;DI;яндеп. н2 б дшл. цюге м-1001B. дюрвхй;;;;;;
10AI900C2_TF.PV;;DI;яндеп. н2 б дшл. цюге м-1001B. дюрвхй;;;;;;
10AALL900.PV;;DI;яндеп. н2 б дшл. цюге м-1001B. хмхжхюрнп акнй-йх;;;;;;
10AALL900_PA.PV;;DI;яндеп. н2 б дшл. цюге м-1001B. 1 хг 3 яхцм-жхъ;;;;;;
10AALL900A2.PV;;DI;яндеп. н2 б дшл. цюге м-1001B. хмхжхюрнп акнй-йх;;;;;;
10AALL900A2_CA.PV;;DI;яндеп. н2 б дшл. цюге м-1001B. яхцмюкхгюжхъ;;;;;;
10AALL900B2.PV;;DI;яндеп. н2 б дшл. цюге м-1001B. хмхжхюрнп акнй-йх;;;;;;
10AALL900B2_CA.PV;;DI;яндеп. н2 б дшл. цюге м-1001B. яхцмюкхгюжхъ;;;;;;
10TAHH805_AALL900.PV;;DI;р. оепебюкю х яндеп. н2 б дшл. цюге м-1001B. хмхжхюрнп акнй-йх;;;;;;
10SIS032_2.PV;;DI;10-XV-813. меяннр. онкнф. йнлюмде. хмхжхюрнп акнй-йх;;;;;;
10TAL798_CA.PV;;DI;рело. надсбю щк. дбхц. P-1005ю яхцмюкхгюжхъ;;;;;;
10TAL799.PV;;DI;рело. надсбю щк. дбхц. P-1005S;;;;;;
10TAL799_CA.PV;;DI;рело. надсбю щк. дбхц. P-1005S яхцмюкхгюжхъ;;;;;;
10TAL793.PV;;DI;рело. надсбю щк. дбхц. P-1009A;;;;;;
10TAL793_CA.PV;;DI;рело. надсбю щк. дбхц. P-1009A яхцмюкхгюжхъ;;;;;;
10TAL794.PV;;DI;рело. надсбю щк. дбхц. P-1009S;;;;;;
10TAL794_CA.PV;;DI;рело. надсбю щк. дбхц. P-1009S яхцмюкхгюжхъ;;;;;;
10BSLL906_MO.PV;;DI;хмдхйюрнп окюлемх цнпекйх ╧7. акнйхпнбйю;;;;;;
10BSLL906_MO.OP;;DI;хмдхйюрнп окюлемх цнпекйх ╧7. акнйхпнбйю;;;;;;
10BSLL906_MO.OP;;DO;хмдхйюрнп окюлемх цнпекйх ╧7. акнйхпнбйю;;;;;;
10BSLL906_MO.MD;;DI;хмдхйюрнп окюлемх цнпекйх ╧7. акнйхпнбйю;;;;;;
10BSLL907_MO.PV;;DI;хмдхйюрнп окюлемх цнпекйх ╧8. акнйхпнбйю;;;;;;
10BSLL907_MO.OP;;DI;хмдхйюрнп окюлемх цнпекйх ╧8. акнйхпнбйю;;;;;;
10BSLL907_MO.OP;;DO;хмдхйюрнп окюлемх цнпекйх ╧8. акнйхпнбйю;;;;;;
10BSLL907_MO.MD;;DI;хмдхйюрнп окюлемх цнпекйх ╧8. акнйхпнбйю;;;;;;
10BSLL908_MO.PV;;DI;хмдхйюрнп окюлемх цнпекйх ╧9. акнйхпнбйю;;;;;;
10BSLL908_MO.OP;;DI;хмдхйюрнп окюлемх цнпекйх ╧9. акнйхпнбйю;;;;;;
10BSLL908_MO.OP;;DO;хмдхйюрнп окюлемх цнпекйх ╧9. акнйхпнбйю;;;;;;
10BSLL908_MO.MD;;DI;хмдхйюрнп окюлемх цнпекйх ╧9. акнйхпнбйю;;;;;;
10BSLL909_MO.PV;;DI;хмдхйюрнп окюлемх цнпекйх ╧10. акнйхпнбйю;;;;;;
10BSLL909_MO.OP;;DI;хмдхйюрнп окюлемх цнпекйх ╧10. акнйхпнбйю;;;;;;
10BSLL909_MO.OP;;DO;хмдхйюрнп окюлемх цнпекйх ╧10. акнйхпнбйю;;;;;;
10BSLL909_MO.MD;;DI;хмдхйюрнп окюлемх цнпекйх ╧10. акнйхпнбйю;;;;;;
10BSLL910_MO.PV;;DI;хмдхйюрнп окюлемх цнпекйх ╧11. акнйхпнбйю;;;;;;
10BSLL910_MO.OP;;DI;хмдхйюрнп окюлемх цнпекйх ╧11. акнйхпнбйю;;;;;;
10BSLL910_MO.OP;;DO;хмдхйюрнп окюлемх цнпекйх ╧11. акнйхпнбйю;;;;;;
10BSLL910_MO.MD;;DI;хмдхйюрнп окюлемх цнпекйх ╧11. акнйхпнбйю;;;;;;
10FI036B_MO.PV;;DI;пюяунд юрл.нярюрйю 10FI036B/037B б H-1001B, 2 глеебхй. акнйхпнбйю;;;;;;
10FI036B_MO.OP;;DI;пюяунд юрл.нярюрйю 10FI036B/037B б H-1001B, 2 глеебхй. акнйхпнбйю;;;;;;
10FI036B_MO.OP;;DO;пюяунд юрл.нярюрйю 10FI036B/037B б H-1001B, 2 глеебхй. акнйхпнбйю;;;;;;
10FI036B_MO.MD;;DI;пюяунд юрл.нярюрйю 10FI036B/037B б H-1001B, 2 глеебхй. акнйхпнбйю;;;;;;
10FI036B_TF.PV;;DI;юрл.нярюрнй б H-1001B, 2 глеебхй. дюрвхй;;;;;;
10FI036C_MO.PV;;DI;пюяунд юрл.нярюрйю 10FI036C/037C б H-1001B, 3 глеебхй. акнйхпнбйю;;;;;;
10FI036C_MO.OP;;DI;пюяунд юрл.нярюрйю 10FI036C/037C б H-1001B, 3 глеебхй. акнйхпнбйю;;;;;;
10FI036C_MO.OP;;DO;пюяунд юрл.нярюрйю 10FI036C/037C б H-1001B, 3 глеебхй. акнйхпнбйю;;;;;;
10FI036C_MO.MD;;DI;пюяунд юрл.нярюрйю 10FI036C/037C б H-1001B, 3 глеебхй. акнйхпнбйю;;;;;;
10FI036C_TF.PV;;DI;юрл.нярюрнй б H-1001B, 3 глеебхй. дюрвхй;;;;;;
10BSLL911_MO.PV;;DI;хмдхйюрнп окюлемх цнпекйх ╧12. акнйхпнбйю;;;;;;
10BSLL911_MO.OP;;DI;хмдхйюрнп окюлемх цнпекйх ╧12. акнйхпнбйю;;;;;;
10BSLL911_MO.OP;;DO;хмдхйюрнп окюлемх цнпекйх ╧12. акнйхпнбйю;;;;;;
10BSLL911_MO.MD;;DI;хмдхйюрнп окюлемх цнпекйх ╧12. акнйхпнбйю;;;;;;
10PALL817B_CA.PV;;DI;нямнбмни цнпчвхи цюг. яхцмюкхгюжхъ;;;;;;
10FI036D_MO.PV;;DI;пюяунд юрл.нярюрйю 10FI036D/037D б H-1001B, 4 глеебхй. акнйхпнбйю;;;;;;
10FI036D_MO.OP;;DI;пюяунд юрл.нярюрйю 10FI036D/037D б H-1001B, 4 глеебхй. акнйхпнбйю;;;;;;
10FI036D_MO.OP;;DO;пюяунд юрл.нярюрйю 10FI036D/037D б H-1001B, 4 глеебхй. акнйхпнбйю;;;;;;
10FI036D_MO.MD;;DI;пюяунд юрл.нярюрйю 10FI036D/037D б H-1001B, 4 глеебхй. акнйхпнбйю;;;;;;
10FI036D_TF.PV;;DI;юрл.нярюрнй б H-1001B, 4 глеебхй. дюрвхй;;;;;;
10BALL906.PV;;DI;онцюяюмхе окюлемх цнпекйх ╧7.;;;;;;
10PALL811.PV;;DI;ондювю фхдйнцн рнокхбю. хмхжхюрнп акнй-йх;;;;;;
10PALL811_CA.PV;;DI;ондювю фхдйнцн рнокхбю. яхцмюкхгюжхъ;;;;;;
10PALL817.PV;;DI;нямнбмни цнпчвхи цюг. хмхжхюрнп акнй-йх;;;;;;
10PALL817_FU.PV;;DI;нямнбмни цнпчвхи цюг. оепбнопхвхмю;;;;;;
10BALL907.PV;;DI;онцюяюмхе окюлемх цнпекйх ╧8.;;;;;;
10PALL819.PV;;DI;охкнрмши цюг дкъ пнгфхцю. хмхжхюрнп акнй-йх;;;;;;
10PALL844.PV;;DI;бнгдсу й тнпясмйюл. хмхжхюрнп акнй-йх;;;;;;
10PALL844_CA.PV;;DI;бнгдсу й тнпясмйюл. яхцмюкхгюжхъ;;;;;;
10PALL844_FU.PV;;DI;бнгдсу й тнпясмйюл. оепбнопхвхмю;;;;;;
10PDI812_MO.PV;;DI;10PDI812/812A ондювю фхд. рнокхбю / пюяошкемхе оюпю. акнйхпнбйю;;;;;;
10PDI812_MO.OP;;DI;10PDI812/812A ондювю фхд. рнокхбю / пюяошкемхе оюпю. акнйхпнбйю;;;;;;
10PDI812_MO.OP;;DO;10PDI812/812A ондювю фхд. рнокхбю / пюяошкемхе оюпю. акнйхпнбйю;;;;;;
10PDI812_MO.MD;;DI;10PDI812/812A ондювю фхд. рнокхбю / пюяошкемхе оюпю. акнйхпнбйю;;;;;;
10PDI812_TF.PV;;DI;ондювю фхд. рнокхбю / пюяошкемхе оюпю. дюрвхй;;;;;;
10PDALL812.PV;;DI;ондювю фхд. рнокхбю / пюяошкемхе оюпю. хмхжхюрнп акнй-йх;;;;;;
10PDALL812_CA.PV;;DI;ондювю фхд. рнокхбю / пюяошкемхе оюпю. яхцмюкхгюжхъ;;;;;;
10PI807_MO.PV;;DI;дюбкемхе 10PI807/807A мю оепебюке. акнйхпнбйю;;;;;;
10PI807_MO.OP;;DI;дюбкемхе 10PI807/807A мю оепебюке. акнйхпнбйю;;;;;;
10PI807_MO.OP;;DO;дюбкемхе 10PI807/807A мю оепебюке. акнйхпнбйю;;;;;;
10PI807_MO.MD;;DI;дюбкемхе 10PI807/807A мю оепебюке. акнйхпнбйю;;;;;;
10PI807_TF.PV;;DI;дюбкемхе мю оепебюке. дюрвхй;;;;;;
10PI811A_MO.PV;;DI;10PI811B/811A ондювю фхдйнцн рнокхбю. акнйхпнбйю;;;;;;
10PI811A_MO.OP;;DI;10PI811B/811A ондювю фхдйнцн рнокхбю. акнйхпнбйю;;;;;;
10PI811A_MO.OP;;DO;10PI811B/811A ондювю фхдйнцн рнокхбю. акнйхпнбйю;;;;;;
10PI811A_MO.MD;;DI;10PI811B/811A ондювю фхдйнцн рнокхбю. акнйхпнбйю;;;;;;
10PI811A_TF.PV;;DI;ондювю фхдйнцн рнокхбю. дюрвхй;;;;;;
10PI811B_MO.PV;;DI;10PI811B/811A ондювю фхдйнцн рнокхбю. акнйхпнбйю;;;;;;
10PI811B_MO.OP;;DI;10PI811B/811A ондювю фхдйнцн рнокхбю. акнйхпнбйю;;;;;;
10PI811B_MO.OP;;DO;10PI811B/811A ондювю фхдйнцн рнокхбю. акнйхпнбйю;;;;;;
10PI811B_MO.MD;;DI;10PI811B/811A ондювю фхдйнцн рнокхбю. акнйхпнбйю;;;;;;
10PI811B_TF.PV;;DI;ондювю фхдйнцн рнокхбю. дюрвхй;;;;;;
10PI817A_MO.PV;;DI;нямнбмни цнпчвхи цюг. акнйхпнбйю 10PI817A/B;;;;;;
10PI817A_MO.OP;;DI;нямнбмни цнпчвхи цюг. акнйхпнбйю 10PI817A/B;;;;;;
10PI817A_MO.OP;;DO;нямнбмни цнпчвхи цюг. акнйхпнбйю 10PI817A/B;;;;;;
10PI817A_MO.MD;;DI;нямнбмни цнпчвхи цюг. акнйхпнбйю 10PI817A/B;;;;;;
10PI817A_TF.PV;;DI;нямнбмни цнпчвхи цюг. дюрвхй;;;;;;
10PI817B_TF.PV;;DI;нямнбмни цнпчвхи цюг. дюрвхй;;;;;;
10PI819A_MO.PV;;DI;охкнрмши цюг дкъ пнгфхцю. акнйхпнбйю 10PI819A/B;;;;;;
10PI819A_MO.OP;;DI;охкнрмши цюг дкъ пнгфхцю. акнйхпнбйю 10PI819A/B;;;;;;
10PI819A_MO.OP;;DO;охкнрмши цюг дкъ пнгфхцю. акнйхпнбйю 10PI819A/B;;;;;;
10PI819A_MO.MD;;DI;охкнрмши цюг дкъ пнгфхцю. акнйхпнбйю 10PI819A/B;;;;;;
10PI819A_TF.PV;;DI;охкнрмши цюг дкъ пнгфхцю. дюрвхй;;;;;;
10PI819B_TF.PV;;DI;охкнрмши цюг дкъ пнгфхцю. дюрвхй;;;;;;
10PI844_MO.PV;;DI;дюбкемхе бнгдсую 10PI844/843 й тнпясмйюл. акнйхпнбйю;;;;;;
10PI844_MO.OP;;DI;дюбкемхе бнгдсую 10PI844/843 й тнпясмйюл. акнйхпнбйю;;;;;;
10PI844_MO.OP;;DO;дюбкемхе бнгдсую 10PI844/843 й тнпясмйюл. акнйхпнбйю;;;;;;
10PI844_MO.MD;;DI;дюбкемхе бнгдсую 10PI844/843 й тнпясмйюл. акнйхпнбйю;;;;;;
10PI844_TF.PV;;DI;бнгдсу й тнпясмйюл. дюрвхй;;;;;;
10TAHH089.PV;;DI;юрл. нярюрнй хг H-1001B (1 глеебхй). хмхжхюрнп акнй-йх;;;;;;
10TAHH089_FU.PV;;DI;юрл. нярюрнй хг H-1001B (1 глеебхй). оепбнопхвхмю;;;;;;
10TAHH089_PA.PV;;DI;юрл. нярюрнй хг H-1001B (1 глеебхй). 1 хг 3 яхцм-жхъ;;;;;;
10FI036E_MO.PV;;DI;пюяунд юрл.нярюрйю 10FI036E/037E б H-1001B, 5 глеебхй. акнйхпнбйю;;;;;;
10FI036E_MO.OP;;DI;пюяунд юрл.нярюрйю 10FI036E/037E б H-1001B, 5 глеебхй. акнйхпнбйю;;;;;;
10FI036E_MO.OP;;DO;пюяунд юрл.нярюрйю 10FI036E/037E б H-1001B, 5 глеебхй. акнйхпнбйю;;;;;;
10FI036E_MO.MD;;DI;пюяунд юрл.нярюрйю 10FI036E/037E б H-1001B, 5 глеебхй. акнйхпнбйю;;;;;;
10FI036E_TF.PV;;DI;юрл.нярюрнй б H-1001B, 5 глеебхй. дюрвхй;;;;;;
10FI036F_MO.PV;;DI;пюяунд юрл.нярюрйю 10FI036F/037F б H-1001B, 6 глеебхй. акнйхпнбйю;;;;;;
10FI036F_MO.OP;;DI;пюяунд юрл.нярюрйю 10FI036F/037F б H-1001B, 6 глеебхй. акнйхпнбйю;;;;;;
10FI036F_MO.OP;;DO;пюяунд юрл.нярюрйю 10FI036F/037F б H-1001B, 6 глеебхй. акнйхпнбйю;;;;;;
10FI036F_MO.MD;;DI;пюяунд юрл.нярюрйю 10FI036F/037F б H-1001B, 6 глеебхй. акнйхпнбйю;;;;;;
10FI036F_TF.PV;;DI;юрл.нярюрнй б H-1001B, 6 глеебхй. дюрвхй;;;;;;
10FI036G_MO.PV;;DI;пюяунд юрл.нярюрйю 10FI036G/037G б H-1001B, 7 глеебхй. акнйхпнбйю;;;;;;
10FI036G_MO.OP;;DI;пюяунд юрл.нярюрйю 10FI036G/037G б H-1001B, 7 глеебхй. акнйхпнбйю;;;;;;
10FI036G_MO.OP;;DO;пюяунд юрл.нярюрйю 10FI036G/037G б H-1001B, 7 глеебхй. акнйхпнбйю;;;;;;
10FI036G_MO.MD;;DI;пюяунд юрл.нярюрйю 10FI036G/037G б H-1001B, 7 глеебхй. акнйхпнбйю;;;;;;
10FI036G_TF.PV;;DI;юрл.нярюрнй б H-1001B, 7 глеебхй. дюрвхй;;;;;;
10FI036H_MO.PV;;DI;пюяунд юрл.нярюрйю 10FI036H/037H б H-1001B, 8 глеебхй. акнйхпнбйю;;;;;;
10FI036H_MO.OP;;DI;пюяунд юрл.нярюрйю 10FI036H/037H б H-1001B, 8 глеебхй. акнйхпнбйю;;;;;;
10FI036H_MO.OP;;DO;пюяунд юрл.нярюрйю 10FI036H/037H б H-1001B, 8 глеебхй. акнйхпнбйю;;;;;;
10FI036H_MO.MD;;DI;пюяунд юрл.нярюрйю 10FI036H/037H б H-1001B, 8 глеебхй. акнйхпнбйю;;;;;;
10FI036H_TF.PV;;DI;юрл.нярюрнй б H-1001B, 8 глеебхй. дюрвхй;;;;;;
10HS048_FU.PV;;DI;P-1002S нярюмнбкем ноепюрнпнл. оепбнопхвхмю;;;;;;
10HS051_CA.PV;;DI;P-1002A нярюмнбкем ноепюрнпнл. яхцмюкхгюжхъ;;;;;;
10HS051_FU.PV;;DI;P-1002ю нярюмнбкем ноепюрнпнл. оепбнопхвхмю;;;;;;
10HS048.PV;;DI;P-1002S нярюмнбкем ноепюрнпнл. яхцмюкхгюжхъ;;;;;;
10HS048.OP;;DI;P-1002S нярюмнбкем ноепюрнпнл. яхцмюкхгюжхъ;;;;;;
10HS048.OP;;DO;P-1002S нярюмнбкем ноепюрнпнл. яхцмюкхгюжхъ;;;;;;
10HS307.PV;;DI;яапня акнйхпнбйх 10-I-007 (10LALL018/012) хг пяс;;;;;;
10HS307.OP;;DI;яапня акнйхпнбйх 10-I-007 (10LALL018/012) хг пяс;;;;;;
10HS307.OP;;DO;яапня акнйхпнбйх 10-I-007 (10LALL018/012) хг пяс;;;;;;
10HS310.PV;;DI;яапня акнйхпнбйх 10-I-010 (10LALL019/013) хг пяс;;;;;;
10HS310.OP;;DI;яапня акнйхпнбйх 10-I-010 (10LALL019/013) хг пяс;;;;;;
10HS310.OP;;DO;яапня акнйхпнбйх 10-I-010 (10LALL019/013) хг пяс;;;;;;
10HS311.PV;;DI;яапня акнйхпнбйх 10-I-011 (10LALL016/010) хг пяс;;;;;;
10HS311.OP;;DI;яапня акнйхпнбйх 10-I-011 (10LALL016/010) хг пяс;;;;;;
10HS311.OP;;DO;яапня акнйхпнбйх 10-I-011 (10LALL016/010) хг пяс;;;;;;
10HS312.PV;;DI;яапня акнйхпнбйх 10-I-012 (10LAHH015/014) хг пяс;;;;;;
10HS312.OP;;DI;яапня акнйхпнбйх 10-I-012 (10LAHH015/014) хг пяс;;;;;;
10HS312.OP;;DO;яапня акнйхпнбйх 10-I-012 (10LAHH015/014) хг пяс;;;;;;
10HS313.PV;;DI;яапня акнйхпнбйх 10-I-013 (10LALL022/014) хг пяс;;;;;;
10HS313.OP;;DI;яапня акнйхпнбйх 10-I-013 (10LALL022/014) хг пяс;;;;;;
10HS313.OP;;DO;яапня акнйхпнбйх 10-I-013 (10LALL022/014) хг пяс;;;;;;
10HS335.PV;;DI;яапня акнйхпнбйх 10-I-035 (10HS153A/B, оевмше) хг пяс;;;;;;
10HS335.OP;;DI;яапня акнйхпнбйх 10-I-035 (10HS153A/B, оевмше) хг пяс;;;;;;
10HS335.OP;;DO;яапня акнйхпнбйх 10-I-035 (10HS153A/B, оевмше) хг пяс;;;;;;
10HS358.PV;;DI;яапня акнйхпнбйх 10-I-058 (10HS040) хг пяс;;;;;;
10HS358.OP;;DI;яапня акнйхпнбйх 10-I-058 (10HS040) хг пяс;;;;;;
10HS358.OP;;DO;яапня акнйхпнбйх 10-I-058 (10HS040) хг пяс;;;;;;
10HS713.PV;;DI;P-1002S. яапня акнйхпнбнй (BENTLY, рело., 10-I-013) хг пяс;;;;;;
10HS713.OP;;DI;P-1002S. яапня акнйхпнбнй (BENTLY, рело., 10-I-013) хг пяс;;;;;;
10HS713.OP;;DO;P-1002S. яапня акнйхпнбнй (BENTLY, рело., 10-I-013) хг пяс;;;;;;
10HS850.PV;;DI;яапня акнйхпнбйх 10-I-032 (меяннр. нряей-къ) хг пяс;;;;;;
10HS850.OP;;DI;яапня акнйхпнбйх 10-I-032 (меяннр. нряей-къ) хг пяс;;;;;;
10HS850.OP;;DO;яапня акнйхпнбйх 10-I-032 (меяннр. нряей-къ) хг пяс;;;;;;
10HS851.PV;;DI;яапня акнйхпнбйх 10-I-028 (бшя. р дшл. цюгнб) хг пяс;;;;;;
10HS851.OP;;DI;яапня акнйхпнбйх 10-I-028 (бшя. р дшл. цюгнб) хг пяс;;;;;;
10HS851.OP;;DO;яапня акнйхпнбйх 10-I-028 (бшя. р дшл. цюгнб) хг пяс;;;;;;
10HS852.PV;;DI;яапня акнйхпнбйх 10-I-031 (нярюмнб кхмхх люгсрю) хг пяс;;;;;;
10HS852.OP;;DI;яапня акнйхпнбйх 10-I-031 (нярюмнб кхмхх люгсрю) хг пяс;;;;;;
10HS852.OP;;DO;яапня акнйхпнбйх 10-I-031 (нярюмнб кхмхх люгсрю) хг пяс;;;;;;
10HS853.PV;;DI;яапня акнйхпнбйх 10-I-026 (нярюмнб ням. кхмхх) хг пяс;;;;;;
10HS853.OP;;DI;яапня акнйхпнбйх 10-I-026 (нярюмнб ням. кхмхх) хг пяс;;;;;;
10HS853.OP;;DO;яапня акнйхпнбйх 10-I-026 (нярюмнб ням. кхмхх) хг пяс;;;;;;
10HS854.PV;;DI;яапня акнйхпнбйх 10-I-030 (нярюмнб охкнр. кхмхх) хг пяс;;;;;;
10HS854.OP;;DI;яапня акнйхпнбйх 10-I-030 (нярюмнб охкнр. кхмхх) хг пяс;;;;;;
10HS854.OP;;DO;яапня акнйхпнбйх 10-I-030 (нярюмнб охкнр. кхмхх) хг пяс;;;;;;
10HS855.PV;;DI;яапня акнйхпнбйх 10-I-027 (онрепъ ръцх) хг пяс;;;;;;
10HS855.OP;;DI;яапня акнйхпнбйх 10-I-027 (онрепъ ръцх) хг пяс;;;;;;
10HS855.OP;;DO;яапня акнйхпнбйх 10-I-027 (онрепъ ръцх) хг пяс;;;;;;
10HS856.PV;;DI;яапня акнйхпнбйх 10-I-041 (онцюя. окюлемх) хг пяс;;;;;;
10HS856.OP;;DI;яапня акнйхпнбйх 10-I-041 (онцюя. окюлемх) хг пяс;;;;;;
10HS856.OP;;DO;яапня акнйхпнбйх 10-I-041 (онцюя. окюлемх) хг пяс;;;;;;
10HS857.PV;;DI;яапня акнйхпнбйх 10-I-002 (юбюп. нярюмнб) хг пяс;;;;;;
10HS857.OP;;DI;яапня акнйхпнбйх 10-I-002 (юбюп. нярюмнб) хг пяс;;;;;;
10HS857.OP;;DO;яапня акнйхпнбйх 10-I-002 (юбюп. нярюмнб) хг пяс;;;;;;
10HS858.PV;;DI;яапня акнйхпнбйх 10-I-025 (опнцюп глееб-йю) хг пяс;;;;;;
10HS858.OP;;DI;яапня акнйхпнбйх 10-I-025 (опнцюп глееб-йю) хг пяс;;;;;;
10HS858.OP;;DO;яапня акнйхпнбйх 10-I-025 (опнцюп глееб-йю) хг пяс;;;;;;
10HS716.PV;;DI;P-1004S. яапня акнйхпнбнй (рело., 10-I-007) хг пяс;;;;;;
10HS716.OP;;DI;P-1004S. яапня акнйхпнбнй (рело., 10-I-007) хг пяс;;;;;;
10HS716.OP;;DO;P-1004S. яапня акнйхпнбнй (рело., 10-I-007) хг пяс;;;;;;
10HS714A.PV;;DI;P-1002A. яапня акнйхпнбнй (BENTLY, рело., 10-I-013) хг пяс;;;;;;
10HS714A.OP;;DI;P-1002A. яапня акнйхпнбнй (BENTLY, рело., 10-I-013) хг пяс;;;;;;
10HS714A.OP;;DO;P-1002A. яапня акнйхпнбнй (BENTLY, рело., 10-I-013) хг пяс;;;;;;
10HS715.PV;;DI;P-1004A. яапня акнйхпнбнй (рело., 10-I-007) хг пяс;;;;;;
10HS715.OP;;DI;P-1004A. яапня акнйхпнбнй (рело., 10-I-007) хг пяс;;;;;;
10HS715.OP;;DO;P-1004A. яапня акнйхпнбнй (рело., 10-I-007) хг пяс;;;;;;
10PI819A_OO.PV;;DI;охкнрмши цюг дкъ пнгфхцю. деакнй. опх осяйе;;;;;;
10BALL900_901_FU.PV;;DI;онцюя. окюлемх б цнпекйюу ╧1 х ╧2. оепбнопхвхмю;;;;;;
10BALL900_CA.PV;;DI;онцюя. окюлемх цнпекйх ╧1. яхцмюкхгюжхъ;;;;;;
10BALL901_902_FU.PV;;DI;онцюя. окюлемх б цнпекйюу ╧2 х ╧3. оепбнопхвхмю;;;;;;
10BALL901_CA.PV;;DI;онцюя. окюлемх цнпекйх ╧2. яхцмюкхгюжхъ;;;;;;
10BALL902_903_FU.PV;;DI;онцюя. окюлемх б цнпекйюу ╧3 х ╧4. оепбнопхвхмю;;;;;;
10BALL902_CA.PV;;DI;онцюя. окюлемх цнпекйх ╧3. яхцмюкхгюжхъ;;;;;;
10BALL903_904_FU.PV;;DI;онцюя. окюлемх б цнпекйюу ╧4 х ╧5. оепбнопхвхмю;;;;;;
10BALL903_CA.PV;;DI;онцюя. окюлемх цнпекйх ╧4. яхцмюкхгюжхъ;;;;;;
10BALL904_905_FU.PV;;DI;онцюя. окюлемх б цнпекйюу ╧5 х ╧6. оепбнопхвхмю;;;;;;
10BALL904_CA.PV;;DI;онцюя. окюлемх цнпекйх ╧5. яхцмюкхгюжхъ;;;;;;
10BALL905_CA.PV;;DI;онцюя. окюлемх цнпекйх ╧6. яхцмюкхгюжхъ;;;;;;
10BALL906_907_FU.PV;;DI;онцюя. окюлемх б цнпекйюу ╧7 х ╧8. оепбнопхвхмю;;;;;;
10BALL906_CA.PV;;DI;онцюя. окюлемх цнпекйх ╧7. яхцмюкхгюжхъ;;;;;;
10BALL907_908_FU.PV;;DI;онцюя. окюлемх б цнпекйюу ╧8 х ╧9. оепбнопхвхмю;;;;;;
10BALL907_CA.PV;;DI;онцюя. окюлемх цнпекйх ╧8. яхцмюкхгюжхъ;;;;;;
10BALL908_909_FU.PV;;DI;онцюя. окюлемх б цнпекйюу ╧9 х ╧10. оепбнопхвхмю;;;;;;
10BALL908_CA.PV;;DI;онцюя. окюлемх цнпекйх ╧9. яхцмюкхгюжхъ;;;;;;
10BALL909_910_FU.PV;;DI;онцюя. окюлемх б цнпекйюу ╧10 х ╧11. оепбнопхвхмю;;;;;;
10BALL909_CA.PV;;DI;онцюя. окюлемх цнпекйх ╧10. яхцмюкхгюжхъ;;;;;;
10BALL910_911_FU.PV;;DI;онцюя. окюлемх б цнпекйюу ╧11 х ╧12. оепбнопхвхмю;;;;;;
10BALL910_CA.PV;;DI;онцюя. окюлемх цнпекйх ╧11. яхцмюкхгюжхъ;;;;;;
10BALL911_CA.PV;;DI;онцюя. окюлемх цнпекйх ╧12. яхцмюкхгюжхъ;;;;;;
10BSLL900_TF.PV;;DI;хмдхйюрнп окюлемх цнпекйх ╧1. дюрвхй;;;;;;
10BSLL901_TF.PV;;DI;хмдхйюрнп окюлемх цнпекйх ╧2. дюрвхй;;;;;;
10BSLL902_TF.PV;;DI;хмдхйюрнп окюлемх цнпекйх ╧3. дюрвхй;;;;;;
10BSLL903_TF.PV;;DI;хмдхйюрнп окюлемх цнпекйх ╧4. дюрвхй;;;;;;
10BSLL904_TF.PV;;DI;хмдхйюрнп окюлемх цнпекйх ╧5. дюрвхй;;;;;;
10BSLL905_TF.PV;;DI;хмдхйюрнп окюлемх цнпекйх ╧6. дюрвхй;;;;;;
10BSLL906_TF.PV;;DI;хмдхйюрнп окюлемх цнпекйх ╧7. дюрвхй;;;;;;
10AALL900C2.PV;;DI;яндеп. н2 б дшл. цюге м-1001B. хмхжхюрнп акнй-йх;;;;;;
10AALL900C2_CA.PV;;DI;яндеп. н2 б дшл. цюге м-1001B. яхцмюкхгюжхъ;;;;;;
10BSLL907_TF.PV;;DI;хмдхйюрнп окюлемх цнпекйх ╧8. дюрвхй;;;;;;
10BSLL908_TF.PV;;DI;хмдхйюрнп окюлемх цнпекйх ╧9. дюрвхй;;;;;;
10BSLL909_TF.PV;;DI;хмдхйюрнп окюлемх цнпекйх ╧10. дюрвхй;;;;;;
10BSLL910_TF.PV;;DI;хмдхйюрнп окюлемх цнпекйх ╧11. дюрвхй;;;;;;
10BSLL911_TF.PV;;DI;хмдхйюрнп окюлемх цнпекйх ╧12. дюрвхй;;;;;;
10AY900A.PV;;DI;нрйкчв. юмюкхгюрнпю 10AT900A;;;;;;
10AY900B.PV;;DI;нрйкчв. юмюкхгюрнпю 10AT900B;;;;;;
10AY900C.PV;;DI;нрйкчв. юмюкхгюрнпю 10AT900C;;;;;;
10FALL036A.PV;;DI;юрл.нярюрнй б H-1001B, 1 глеебхй. хмхжхюрнп акнй-йх;;;;;;
10FALL036A_CA.PV;;DI;юрл.нярюрнй б H-1001B, 1 глеебхй. яхцмюкхгюжхъ;;;;;;
10FALL036A_FU.PV;;DI;юрл.нярюрнй б H-1001B, 1 глеебхй. оепбнопхвхмю;;;;;;
10FALL036B.PV;;DI;юрл.нярюрнй б H-1001B, 2 глеебхй. хмхжхюрнп акнй-йх;;;;;;
10FALL036B_CA.PV;;DI;юрл.нярюрнй б H-1001B, 2 глеебхй. яхцмюкхгюжхъ;;;;;;
10FALL036B_FU.PV;;DI;юрл.нярюрнй б H-1001B, 2 глеебхй. оепбнопхвхмю;;;;;;
10FALL036C.PV;;DI;юрл.нярюрнй б H-1001B, 3 глеебхй. хмхжхюрнп акнй-йх;;;;;;
10FALL036C_CA.PV;;DI;юрл.нярюрнй б H-1001B, 3 глеебхй. яхцмюкхгюжхъ;;;;;;
10FALL036C_FU.PV;;DI;юрл.нярюрнй б H-1001B, 3 глеебхй. оепбнопхвхмю;;;;;;
10FALL036D.PV;;DI;юрл.нярюрнй б H-1001B, 4 глеебхй. хмхжхюрнп акнй-йх;;;;;;
10FALL036D_CA.PV;;DI;юрл.нярюрнй б H-1001B, 4 глеебхй. яхцмюкхгюжхъ;;;;;;
10FALL036D_FU.PV;;DI;юрл.нярюрнй б H-1001B, 4 глеебхй. оепбнопхвхмю;;;;;;
10FALL036E.PV;;DI;юрл.нярюрнй б H-1001B, 5 глеебхй. хмхжхюрнп акнй-йх;;;;;;
10FALL036E_CA.PV;;DI;юрл.нярюрнй б H-1001B, 5 глеебхй. яхцмюкхгюжхъ;;;;;;
10FALL036E_FU.PV;;DI;юрл.нярюрнй б H-1001B, 5 глеебхй. оепбнопхвхмю;;;;;;
10FALL036F.PV;;DI;юрл.нярюрнй б H-1001B, 6 глеебхй. хмхжхюрнп акнй-йх;;;;;;
10FALL036F_CA.PV;;DI;юрл.нярюрнй б H-1001B, 6 глеебхй. яхцмюкхгюжхъ;;;;;;
10FALL036F_FU.PV;;DI;юрл.нярюрнй б H-1001B, 6 глеебхй. оепбнопхвхмю;;;;;;
10FALL036G.PV;;DI;юрл.нярюрнй б H-1001B, 7 глеебхй. хмхжхюрнп акнй-йх;;;;;;
10FALL036G_CA.PV;;DI;юрл.нярюрнй б H-1001B, 7 глеебхй. яхцмюкхгюжхъ;;;;;;
10FALL036G_FU.PV;;DI;юрл.нярюрнй б H-1001B, 7 глеебхй. оепбнопхвхмю;;;;;;
10FALL036H.PV;;DI;юрл.нярюрнй б H-1001B, 8 глеебхй. хмхжхюрнп акнй-йх;;;;;;
10FALL036H_CA.PV;;DI;юрл.нярюрнй б H-1001B, 8 глеебхй. яхцмюкхгюжхъ;;;;;;
10FALL036H_FU.PV;;DI;юрл.нярюрнй б H-1001B, 8 глеебхй. оепбнопхвхмю;;;;;;
10FI036A_MO.PV;;DI;пюяунд юрл.нярюрйю 10FI036A/037A б H-1001B, 1 глеебхй. акнйхпнбйю;;;;;;
10FI036A_MO.OP;;DI;пюяунд юрл.нярюрйю 10FI036A/037A б H-1001B, 1 глеебхй. акнйхпнбйю;;;;;;
10FI036A_MO.OP;;DO;пюяунд юрл.нярюрйю 10FI036A/037A б H-1001B, 1 глеебхй. акнйхпнбйю;;;;;;
10FI036A_MO.MD;;DI;пюяунд юрл.нярюрйю 10FI036A/037A б H-1001B, 1 глеебхй. акнйхпнбйю;;;;;;
10FI036A_TF.PV;;DI;юрл.нярюрнй б H-1001B, 1 глеебхй. дюрвхй;;;;;;
10FI806_DIV.PV;;DI;декемхе мю мнкэ;;;;;;
10FI806_SQR.PV;;DI;нрпхжюрекэмне SQRT;;;;;;
10FI806_TF.PV;;DI;бнгдсу й оевх м-1001B. дюрвхй;;;;;;
10HA034B.PV;;DI;дхярюм. нярюмнбйю м-1001б хг ноепюрнпмни. хмхжхюрнп акнй-йх;;;;;;
10HA034B_FU.PV;;DI;дхярюм. нярюмнбйю м-1001б хг ноепюрнпмни. оепбнопхвхмю;;;;;;
10HA034B_PA.PV;;DI;дхярюм. нярюмнбйю м-1001б хг ноепюрнпмни. йнмрюйр яхцм-жхъ;;;;;;
10HA034C_FU.PV;;DI;ймнойю мю леяр. оюмекх. нярюмнб оевх м-1001б. оепбнопхвхмю;;;;;;
10HA040.PV;;DI;юбюпхимюъ ондювю оюпю б глееб. м-1001B. хмхжхюрнп акнй-йх;;;;;;
10HA040_PA.PV;;DI;юбюпхимюъ ондювю оюпю б глееб. м-1001B. йнмрюйр яхцм-жхъ;;;;;;
10HA153B.PV;;DI;дхярюм. ймнойю. онф. оюп б рнойс H-1001B. хмхжхюрнп акнй-йх;;;;;;
10HA153B_PA.PV;;DI;дхярюм. ймнойю. онф. оюп б рнойс H-1001B. йнмрюйр яхцм-жхъ;;;;;;
10HA179A.PV;;DI;леяр. ймнойю нрйкчв. п-1002ю яннп. 01. хмхжхюрнп акнй-йх;;;;;;
10HA179A_PA.PV;;DI;леяр. ймнойю нрйкчв. п-1002ю яннп. 01. йнмрюйр яхцм-жхъ;;;;;;
10HA179B.PV;;DI;дхяр. ймнойю нрйкчв. п-1002ю яннп. 01 хг ноепюрнпмни. хмхжхюрнп акнй-йх;;;;;;
10HA179B_PA.PV;;DI;дхяр. ймнойю нрйкчв. п-1002ю яннп. 01 хг ноепюрнпмни. йнмрюйр яхцм-жхъ;;;;;;
10HA180AA.PV;;DI;леяр. ймнойю ╧1 цпсоо. нрйкчв. мюянянб яннп. 02. хмхжхюрнп акнй-йх;;;;;;
10HA180AA_PA.PV;;DI;леяр. ймнойю ╧1 цпсоо. нрйкчв. мюянянб яннп. 02. йнмрюйр яхцм-жхъ;;;;;;
10HA180AB.PV;;DI;леяр. ймнойю ╧2 цпсоо. нрйкчв. мюянянб яннп. 02. хмхжхюрнп акнй-йх;;;;;;
10HA180AB_PA.PV;;DI;леяр. ймнойю ╧2 цпсоо. нрйкчв. мюянянб яннп. 02. йнмрюйр яхцм-жхъ;;;;;;
10HA180B.PV;;DI;дхяр. ймнойю цпсоо. нрйкчв. мюя. яннп. 02 хг ноепюрнпм. хмхжхюрнп акнй-йх;;;;;;
10HA180B_PA.PV;;DI;дхяр. ймнойю цпсоо. нрйкчв. мюя. яннп. 02 хг ноепюрнпм. йнмрюйр яхцм-жхъ;;;;;;
10HA181AA.PV;;DI;леяр. ймнойю ╧1 цпсоо. нрйкчв. мюянянб яннп. 03. хмхжхюрнп акнй-йх;;;;;;
10HA181AA_PA.PV;;DI;леяр. ймнойю ╧1 цпсоо. нрйкчв. мюянянб яннп. 03. йнмрюйр яхцм-жхъ;;;;;;
10HA181AB.PV;;DI;леяр. ймнойю ╧2 цпсоо. нрйкчв. мюянянб яннп. 03. хмхжхюрнп акнй-йх;;;;;;
10HA181AB_PA.PV;;DI;леяр. ймнойю ╧2 цпсоо. нрйкчв. мюянянб яннп. 03. йнмрюйр яхцм-жхъ;;;;;;
10HA181B.PV;;DI;дхяр. ймнойю цпсоо. нрйкчв. мюя. яннп. 03 хг ноепюрнпм. хмхжхюрнп акнй-йх;;;;;;
10HA181B_PA.PV;;DI;дхяр. ймнойю цпсоо. нрйкчв. мюя. яннп. 03 хг ноепюрнпм. йнмрюйр яхцм-жхъ;;;;;;
10LAHH015.PV;;DI;спнбемэ б йсае р-1001. хмхжхюрнп акнй-йх;;;;;;
10LAHH015_CA.PV;;DI;спнбемэ б йсае р-1001. яхцмюкхгюжхъ;;;;;;
10LAHH031_FU1.PV;;DI;спнбемэ б V-1005 яеоюпюрнп рнок. цюгю. оепбнопхвхмю;;;;;;
10LALL016.PV;;DI;спнбемэ бд мю рюпекйе р-1001. хмхжхюрнп акнй-йх;;;;;;
10LALL016_CA.PV;;DI;спнбемэ бд мю рюпекйе р-1001. яхцмюкхгюжхъ;;;;;;
10LALL017.PV;;DI;спнбемэ кбц мю рюпекйе р-1001. хмхжхюрнп акнй-йх;;;;;;
10LALL017_CA.PV;;DI;спнбемэ кбц мю рюпекйе р-1001. яхцмюкхгюжхъ;;;;;;
10LALL018.PV;;DI;спнбемэ рбц мю рюпекйе р-1001. хмхжхюрнп акнй-йх;;;;;;
10LALL018_CA.PV;;DI;спнбемэ рбц мю рюпекйе р-1001. яхцмюкхгюжхъ;;;;;;
10LALL019.PV;;DI;спнбемэ опнл. люякю мю рюпекйе р-1001. хмхжхюрнп акнй-йх;;;;;;
10LALL019_CA.PV;;DI;спнбемэ опнл. люякю мю рюпекйе р-1001. яхцмюкхгюжхъ;;;;;;
10LALL022.PV;;DI;спнбемэ б йсае р-1001. хмхжхюрнп акнй-йх;;;;;;
10LALL022_CA.PV;;DI;спнбемэ б йсае р-1001. яхцмюкхгюжхъ;;;;;;
10LALL022_FU.PV;;DI;спнбемэ б йсае р-1001. оепбнопхвхмю;;;;;;
10LI015_MO.PV;;DI;спнбемэ 10LI015/014 б йсае р-1001. акнйхпнбйю;;;;;;
10LI015_MO.OP;;DI;спнбемэ 10LI015/014 б йсае р-1001. акнйхпнбйю;;;;;;
10LI015_MO.OP;;DO;спнбемэ 10LI015/014 б йсае р-1001. акнйхпнбйю;;;;;;
10LI015_MO.MD;;DI;спнбемэ 10LI015/014 б йсае р-1001. акнйхпнбйю;;;;;;
10LI015_TF.PV;;DI;спнбемэ б йсае р-1001. дюрвхй;;;;;;
10LI016_MO.PV;;DI;спнбемэ 10LI016/010 бд мю рюпекйе р-1001. акнйхпнбйю;;;;;;
10LI016_MO.OP;;DI;спнбемэ 10LI016/010 бд мю рюпекйе р-1001. акнйхпнбйю;;;;;;
10LI016_MO.OP;;DO;спнбемэ 10LI016/010 бд мю рюпекйе р-1001. акнйхпнбйю;;;;;;
10LI016_MO.MD;;DI;спнбемэ 10LI016/010 бд мю рюпекйе р-1001. акнйхпнбйю;;;;;;
10LI016_TF.PV;;DI;спнбемэ бд мю рюпекйе р-1001. дюрвхй;;;;;;
10LI017_MO.PV;;DI;спнбемэ 10LI017/011 кбц мю рюпекйе р-1001. акнйхпнбйю;;;;;;
10LI017_MO.OP;;DI;спнбемэ 10LI017/011 кбц мю рюпекйе р-1001. акнйхпнбйю;;;;;;
10LI017_MO.OP;;DO;спнбемэ 10LI017/011 кбц мю рюпекйе р-1001. акнйхпнбйю;;;;;;
10LI017_MO.MD;;DI;спнбемэ 10LI017/011 кбц мю рюпекйе р-1001. акнйхпнбйю;;;;;;
10LI017_TF.PV;;DI;спнбемэ кбц мю рюпекйе р-1001. дюрвхй;;;;;;
10LI018_MO.PV;;DI;спнбемэ 10LI018/012 рбц мю рюпекйе р-1001. акнйхпнбйю;;;;;;
10LI018_MO.OP;;DI;спнбемэ 10LI018/012 рбц мю рюпекйе р-1001. акнйхпнбйю;;;;;;
10LI018_MO.OP;;DO;спнбемэ 10LI018/012 рбц мю рюпекйе р-1001. акнйхпнбйю;;;;;;
10LI018_MO.MD;;DI;спнбемэ 10LI018/012 рбц мю рюпекйе р-1001. акнйхпнбйю;;;;;;
10LI018_TF.PV;;DI;спнбемэ рбц мю рюпекйе р-1001. дюрвхй;;;;;;
10LI019_MO.PV;;DI;спнбемэ 10LI019/013 опнл. люякю мю рюпекйе р-1001. акнйхпнбйю;;;;;;
10LI019_MO.OP;;DI;спнбемэ 10LI019/013 опнл. люякю мю рюпекйе р-1001. акнйхпнбйю;;;;;;
10LI019_MO.OP;;DO;спнбемэ 10LI019/013 опнл. люякю мю рюпекйе р-1001. акнйхпнбйю;;;;;;
10LI019_MO.MD;;DI;спнбемэ 10LI019/013 опнл. люякю мю рюпекйе р-1001. акнйхпнбйю;;;;;;
10LI019_TF.PV;;DI;спнбемэ опнл. люякю мю рюпекйе р-1001. дюрвхй;;;;;;
10LI022_MO.PV;;DI;спнбемэ 10LI022/014 б йсае р-1001. акнйхпнбйю;;;;;;
10LI022_MO.OP;;DI;спнбемэ 10LI022/014 б йсае р-1001. акнйхпнбйю;;;;;;
10LI022_MO.OP;;DO;спнбемэ 10LI022/014 б йсае р-1001. акнйхпнбйю;;;;;;
10LI022_MO.MD;;DI;спнбемэ 10LI022/014 б йсае р-1001. акнйхпнбйю;;;;;;
10LI022_TF.PV;;DI;спнбемэ б йсае р-1001. дюрвхй;;;;;;
10PAHH807.PV;;DI;дюбкемхе мю оепебюке. хмхжхюрнп акнй-йх;;;;;;
10PAHH807_CA.PV;;DI;дюбкемхе мю оепебюке. яхцмюкхгюжхъ;;;;;;
10PAHH807_FU.PV;;DI;дюбкемхе мю оепебюке. оепбнопхвхмю;;;;;;
10PAHH811.PV;;DI;ондювю фхдйнцн рнокхбю. хмхжхюрнп акнй-йх;;;;;;
10PAHH811_CA.PV;;DI;ондювю фхдйнцн рнокхбю. яхцмюкхгюжхъ;;;;;;
10BALL900.PV;;DI;онцюяюмхе окюлемх цнпекйх ╧1.;;;;;;
10PAHH817A_CA.PV;;DI;оепейкчв. сярюбйх он люйя. я осяй. мю пефхл. яхцмюкхгюжхъ;;;;;;
10PAHH817.PV;;DI;нямнбмни цнпчвхи цюг. хмхжхюрнп акнй-йх;;;;;;
10BALL901.PV;;DI;онцюяюмхе окюлемх цнпекйх ╧2.;;;;;;
10PAHH817_FU.PV;;DI;нямнбмни цнпчвхи цюг. оепбнопхвхмю;;;;;;
10BALL902.PV;;DI;онцюяюмхе окюлемх цнпекйх ╧3.;;;;;;
10BALL903.PV;;DI;онцюяюмхе окюлемх цнпекйх ╧4.;;;;;;
10PAHH819.PV;;DI;охкнрмши цюг дкъ пнгфхцю. хмхжхюрнп акнй-йх;;;;;;
10BALL904.PV;;DI;онцюяюмхе окюлемх цнпекйх ╧5.;;;;;;
10BALL905.PV;;DI;онцюяюмхе окюлемх цнпекйх ╧6.;;;;;;
10TAHH089A_CA.PV;;DI;юрл. нярюрнй хг H-1001B (1 глеебхй). яхцмюкхгюжхъ;;;;;;
10TAHH089B_CA.PV;;DI;юрл. нярюрнй хг H-1001B (1 глеебхй). яхцмюкхгюжхъ;;;;;;
10TAHH089C_CA.PV;;DI;юрл. нярюрнй хг H-1001B (1 глеебхй). яхцмюкхгюжхъ;;;;;;
10TAHH092.PV;;DI;юрл. нярюрнй хг H-1001B (2 глеебхй). хмхжхюрнп акнй-йх;;;;;;
10TAHH092_FU.PV;;DI;юрл. нярюрнй хг H-1001B (2 глеебхй). оепбнопхвхмю;;;;;;
10TAHH092_PA.PV;;DI;юрл. нярюрнй хг H-1001B (2 глеебхй). 1 хг 3 яхцм-жхъ;;;;;;
10TAHH092A_CA.PV;;DI;юрл. нярюрнй хг H-1001B (2 глеебхй). яхцмюкхгюжхъ;;;;;;
10TAHH092B_CA.PV;;DI;юрл. нярюрнй хг H-1001B (2 глеебхй). яхцмюкхгюжхъ;;;;;;
10TAHH092C_CA.PV;;DI;юрл. нярюрнй хг H-1001B (2 глеебхй). яхцмюкхгюжхъ;;;;;;
10TAHH093.PV;;DI;юрл. нярюрнй хг H-1001B (3 глеебхй). хмхжхюрнп акнй-йх;;;;;;
10TAHH093_FU.PV;;DI;юрл. нярюрнй хг H-1001B (3 глеебхй). оепбнопхвхмю;;;;;;
10TAHH093_PA.PV;;DI;юрл. нярюрнй хг H-1001B (3 глеебхй). 1 хг 3 яхцм-жхъ;;;;;;
10TAHH093A_CA.PV;;DI;юрл. нярюрнй хг H-1001B (3 глеебхй). яхцмюкхгюжхъ;;;;;;
10TAHH093B_CA.PV;;DI;юрл. нярюрнй хг H-1001B (3 глеебхй). яхцмюкхгюжхъ;;;;;;
10TAHH093C_CA.PV;;DI;юрл. нярюрнй хг H-1001B (3 глеебхй). яхцмюкхгюжхъ;;;;;;
10PALL817A_CA.PV;;DI;нямнбмни цнпчвхи цюг. яхцмюкхгюжхъ;;;;;;
10TAHH094.PV;;DI;юрл. нярюрнй хг H-1001B (4 глеебхй). хмхжхюрнп акнй-йх;;;;;;
10TAHH094_FU.PV;;DI;юрл. нярюрнй хг H-1001B (4 глеебхй). оепбнопхвхмю;;;;;;
10TAHH094_PA.PV;;DI;юрл. нярюрнй хг H-1001B (4 глеебхй). 1 хг 3 яхцм-жхъ;;;;;;
10TAHH094A_CA.PV;;DI;юрл. нярюрнй хг H-1001B (4 глеебхй). яхцмюкхгюжхъ;;;;;;
10TAHH094B_CA.PV;;DI;юрл. нярюрнй хг H-1001B (4 глеебхй). яхцмюкхгюжхъ;;;;;;
10TAHH094C_CA.PV;;DI;юрл. нярюрнй хг H-1001B (4 глеебхй). яхцмюкхгюжхъ;;;;;;
10TAHH258.PV;;DI;юрл. нярюрнй хг H-1001B (5 глеебхй). хмхжхюрнп акнй-йх;;;;;;
10TAHH258_FU.PV;;DI;юрл. нярюрнй хг H-1001B (5 глеебхй). оепбнопхвхмю;;;;;;
10TAHH258_PA.PV;;DI;юрл. нярюрнй хг H-1001B (5 глеебхй). 1 хг 3 яхцм-жхъ;;;;;;
10TAHH258A_CA.PV;;DI;юрл. нярюрнй хг H-1001B (5 глеебхй). яхцмюкхгюжхъ;;;;;;
10TAHH258B_CA.PV;;DI;юрл. нярюрнй хг H-1001B (5 глеебхй). яхцмюкхгюжхъ;;;;;;
10TAHH258C_CA.PV;;DI;юрл. нярюрнй хг H-1001B (5 глеебхй). яхцмюкхгюжхъ;;;;;;
10TAHH259.PV;;DI;юрл. нярюрнй хг H-1001B (6 глеебхй). хмхжхюрнп акнй-йх;;;;;;
10TAHH259_FU.PV;;DI;юрл. нярюрнй хг H-1001B (6 глеебхй). оепбнопхвхмю;;;;;;
10TAHH259_PA.PV;;DI;юрл. нярюрнй хг H-1001B (6 глеебхй). 1 хг 3 яхцм-жхъ;;;;;;
10TAHH259A_CA.PV;;DI;юрл. нярюрнй хг H-1001B (6 глеебхй). яхцмюкхгюжхъ;;;;;;
10TAHH259B_CA.PV;;DI;юрл. нярюрнй хг H-1001B (6 глеебхй). яхцмюкхгюжхъ;;;;;;
10TAHH259C_CA.PV;;DI;юрл. нярюрнй хг H-1001B (6 глеебхй). яхцмюкхгюжхъ;;;;;;
10TAHH260.PV;;DI;юрл. нярюрнй хг H-1001B (7 глеебхй). хмхжхюрнп акнй-йх;;;;;;
10TAHH260_FU.PV;;DI;юрл. нярюрнй хг H-1001B (7 глеебхй). оепбнопхвхмю;;;;;;
10TAHH260_PA.PV;;DI;юрл. нярюрнй хг H-1001B (7 глеебхй). 1 хг 3 яхцм-жхъ;;;;;;
10TAHH260A_CA.PV;;DI;юрл. нярюрнй хг H-1001B (7 глеебхй). яхцмюкхгюжхъ;;;;;;
10TAHH260B_CA.PV;;DI;юрл. нярюрнй хг H-1001B (7 глеебхй). яхцмюкхгюжхъ;;;;;;
10TAHH260C_CA.PV;;DI;юрл. нярюрнй хг H-1001B (7 глеебхй). яхцмюкхгюжхъ;;;;;;
10H1001B_RUN.PV;;DI;H-1001B янярнъмхе гюосяйю оевх;;;;;;
10TAHH261.PV;;DI;юрл. нярюрнй хг H-1001B (8 глеебхй). хмхжхюрнп акнй-йх;;;;;;
10TAHH261_FU.PV;;DI;юрл. нярюрнй хг H-1001B (8 глеебхй). оепбнопхвхмю;;;;;;
10TAHH261_PA.PV;;DI;юрл. нярюрнй хг H-1001B (8 глеебхй). 1 хг 3 яхцм-жхъ;;;;;;
10TAHH261A_CA.PV;;DI;юрл. нярюрнй хг H-1001B (8 глеебхй). яхцмюкхгюжхъ;;;;;;
10TAHH261B_CA.PV;;DI;юрл. нярюрнй хг H-1001B (8 глеебхй). яхцмюкхгюжхъ;;;;;;
10TAHH261C_CA.PV;;DI;юрл. нярюрнй хг H-1001B (8 глеебхй). яхцмюкхгюжхъ;;;;;;
10TAHH731.PV;;DI;P-1002A мюяня р рело. ондьхо. хмхжхюрнп акнй-йх;;;;;;
10TAHH731_CA.PV;;DI;P-1002A мюяня р рело. ондьхо. яхцмюкхгюжхъ;;;;;;
10TAHH731_FU.PV;;DI;P-1002A мюяня р рело. ондьхо. оепбнопхвхмю;;;;;;
10TAHH732.PV;;DI;P-1002A мюяня J рело. ондьхо. хмхжхюрнп акнй-йх;;;;;;
10TAHH732_CA.PV;;DI;P-1002A мюяня J рело. ондьхо. яхцмюкхгюжхъ;;;;;;
10TAHH732_FU.PV;;DI;P-1002A мюяня J рело. ондьхо. оепбнопхвхмю;;;;;;
10TAHH733.PV;;DI;P-1002A мюяня J рело. ондьхо. хмхжхюрнп акнй-йх;;;;;;
10TAHH733_CA.PV;;DI;P-1002A мюяня J рело. ондьхо. яхцмюкхгюжхъ;;;;;;
10TAHH733_FU.PV;;DI;P-1002A мюяня J рело. ондьхо. оепбнопхвхмю;;;;;;
10TAHH741.PV;;DI;P-1002S мюяня р рело. ондьхо. хмхжхюрнп акнй-йх;;;;;;
10TAHH741_CA.PV;;DI;P-1002S мюяня р рело. ондьхо. яхцмюкхгюжхъ;;;;;;
10TAHH741_FU.PV;;DI;P-1002S мюяня р рело. ондьхо. оепбнопхвхмю;;;;;;
10TAHH742.PV;;DI;P-1002S мюяня J рело. ондьхо. хмхжхюрнп акнй-йх;;;;;;
10TAHH742_CA.PV;;DI;P-1002S мюяня J рело. ондьхо. яхцмюкхгюжхъ;;;;;;
10TAHH742_FU.PV;;DI;P-1002S мюяня J рело. ондьхо. оепбнопхвхмю;;;;;;
10TAHH743.PV;;DI;P-1002S мюяня J рело. ондьхо. хмхжхюрнп акнй-йх;;;;;;
10TAHH743_CA.PV;;DI;P-1002S мюяня J рело. ондьхо. яхцмюкхгюжхъ;;;;;;
10TAHH743_FU.PV;;DI;P-1002S мюяня J рело. ондьхо. оепбнопхвхмю;;;;;;
10TAHH744.PV;;DI;P-1002S рспахмш J рело. ондьхо. хмхжхюрнп акнй-йх;;;;;;
10TAHH744_CA.PV;;DI;P-1002S рспахмш J рело. ондьхо. яхцмюкхгюжхъ;;;;;;
10TAHH744_FU.PV;;DI;P-1002S рспахмш J рело. ондьхо. оепбнопхвхмю;;;;;;
10TAHH745.PV;;DI;P-1002S рспахмш J рело. ондьхо. хмхжхюрнп акнй-йх;;;;;;
10TAHH745_CA.PV;;DI;P-1002S рспахмш J рело. ондьхо. яхцмюкхгюжхъ;;;;;;
10TAHH745_FU.PV;;DI;P-1002S рспахмш J рело. ондьхо. оепбнопхвхмю;;;;;;
10TAHH751.PV;;DI;P-1004A мюяня р рело. ондьхо. хмхжхюрнп акнй-йх;;;;;;
10TAHH751_CA.PV;;DI;P-1004A мюяня р рело. ондьхо. яхцмюкхгюжхъ;;;;;;
10TAHH752.PV;;DI;P-1004A мюяня J рело. ондьхо. хмхжхюрнп акнй-йх;;;;;;
10TAHH752_CA.PV;;DI;P-1004A мюяня J рело. ондьхо. яхцмюкхгюжхъ;;;;;;
10TAHH753.PV;;DI;P-1004A мюяня J рело. ондьхо. хмхжхюрнп акнй-йх;;;;;;
10TAHH753_CA.PV;;DI;P-1004A мюяня J рело. ондьхо. яхцмюкхгюжхъ;;;;;;
10TAHH761.PV;;DI;P-1004S мюяня р рело. ондьхо. хмхжхюрнп акнй-йх;;;;;;
10TAHH761_CA.PV;;DI;P-1004S мюяня р рело. ондьхо. яхцмюкхгюжхъ;;;;;;
10TAHH762.PV;;DI;P-1004S мюяня J рело. ондьхо. хмхжхюрнп акнй-йх;;;;;;
10TAHH762_CA.PV;;DI;P-1004S мюяня J рело. ондьхо. яхцмюкхгюжхъ;;;;;;
10TAHH763.PV;;DI;P-1004S мюяня J рело. ондьхо. хмхжхюрнп акнй-йх;;;;;;
10TAHH763_CA.PV;;DI;P-1004S мюяня J рело. ондьхо. яхцмюкхгюжхъ;;;;;;
10TAHH770A.PV;;DI;P-1003A мюяня рело. ондьхо. хмхжхюрнп акнй-йх;;;;;;
10TAHH770A_CA.PV;;DI;P-1003A мюяня рело. ондьхо. яхцмюкхгюжхъ;;;;;;
10TAHH770B.PV;;DI;P-1003A мюяня рело. ондьхо. хмхжхюрнп акнй-йх;;;;;;
10TAHH770B_CA.PV;;DI;P-1003A мюяня рело. ондьхо. яхцмюкхгюжхъ;;;;;;
10TAHH772A.PV;;DI;P-1003S мюяня рело. ондьхо. хмхжхюрнп акнй-йх;;;;;;
10TAHH772A_CA.PV;;DI;P-1003S мюяня рело. ондьхо. яхцмюкхгюжхъ;;;;;;
10TAHH772B.PV;;DI;P-1003S мюяня рело. ондьхо. хмхжхюрнп акнй-йх;;;;;;
10TAHH772B_CA.PV;;DI;P-1003S мюяня рело. ондьхо. яхцмюкхгюжхъ;;;;;;
10TAHH775A.PV;;DI;P-1005A мюяня рело. кхм. ондьхо. хмхжхюрнп акнй-йх;;;;;;
10TAHH775A_CA.PV;;DI;P-1005A мюяня рело. кхм. ондьхо. яхцмюкхгюжхъ;;;;;;
10TAHH775B.PV;;DI;P-1005A мюяня рело. нонп. ондьхо. хмхжхюрнп акнй-йх;;;;;;
10TAHH775B_CA.PV;;DI;P-1005A мюяня рело. нонп. ондьхо. яхцмюкхгюжхъ;;;;;;
10TAHH777A.PV;;DI;P-1005S мюяня рело. кхм. ондьхо. хмхжхюрнп акнй-йх;;;;;;
10TAHH777A_CA.PV;;DI;P-1005S мюяня рело. кхм. ондьхо. яхцмюкхгюжхъ;;;;;;
10TAHH777B.PV;;DI;P-1005S мюяня рело. нонп. ондьхо. хмхжхюрнп акнй-йх;;;;;;
10TAHH777B_CA.PV;;DI;P-1005S мюяня рело. нонп. ондьхо. яхцмюкхгюжхъ;;;;;;
10TAHH779A.PV;;DI;P-1006A мюяня рело. кхм. ондьхо. хмхжхюрнп акнй-йх;;;;;;
10TAHH779A_CA.PV;;DI;P-1006A мюяня рело. кхм. ондьхо. яхцмюкхгюжхъ;;;;;;
10TAHH779B.PV;;DI;P-1006A мюяня рело. нонп. ондьхо. хмхжхюрнп акнй-йх;;;;;;
10TAHH779B_CA.PV;;DI;P-1006A мюяня рело. нонп. ондьхо. яхцмюкхгюжхъ;;;;;;
10TAHH781A.PV;;DI;P-1006S мюяня рело. кхм. ондьхо. хмхжхюрнп акнй-йх;;;;;;
10TAHH781A_CA.PV;;DI;P-1006S мюяня рело. кхм. ондьхо. яхцмюкхгюжхъ;;;;;;
10TAHH781B.PV;;DI;P-1006S мюяня рело. нонп. ондьхо. хмхжхюрнп акнй-йх;;;;;;
10TAHH781B_CA.PV;;DI;P-1006S мюяня рело. нонп. ондьхо. яхцмюкхгюжхъ;;;;;;
10TAHH783A.PV;;DI;P-1009A мюяня рело. кхм. ондьхо. хмхжхюрнп акнй-йх;;;;;;
10TAHH783A_CA.PV;;DI;P-1009A мюяня рело. кхм. ондьхо. яхцмюкхгюжхъ;;;;;;
10TAHH783B.PV;;DI;P-1009A мюяня рело. нонп. ондьхо. хмхжхюрнп акнй-йх;;;;;;
10TAHH783B_CA.PV;;DI;P-1009A мюяня рело. нонп. ондьхо. яхцмюкхгюжхъ;;;;;;
10TAHH785A.PV;;DI;P-1009S мюяня рело. кхм. ондьхо. хмхжхюрнп акнй-йх;;;;;;
10TAHH785A_CA.PV;;DI;P-1009S мюяня рело. кхм. ондьхо. яхцмюкхгюжхъ;;;;;;
10TAHH785B.PV;;DI;P-1009S мюяня рело. нонп. ондьхо. хмхжхюрнп акнй-йх;;;;;;
10TAHH785B_CA.PV;;DI;P-1009S мюяня рело. нонп. ондьхо. яхцмюкхгюжхъ;;;;;;
10TAHH787A.PV;;DI;P-1010A мюяня рело. кхм. ондьхо. хмхжхюрнп акнй-йх;;;;;;
10TAHH787A_CA.PV;;DI;P-1010A мюяня рело. кхм. ондьхо. яхцмюкхгюжхъ;;;;;;
10TAHH787B.PV;;DI;P-1010A мюяня рело. нонп. ондьхо. хмхжхюрнп акнй-йх;;;;;;
10TAHH787B_CA.PV;;DI;P-1010A мюяня рело. нонп. ондьхо. яхцмюкхгюжхъ;;;;;;
10TAHH789A.PV;;DI;P-1010S мюяня рело. кхм. ондьхо. хмхжхюрнп акнй-йх;;;;;;
10TAHH789A_CA.PV;;DI;P-1010S мюяня рело. кхм. ондьхо. яхцмюкхгюжхъ;;;;;;
10TAHH789B.PV;;DI;P-1010S мюяня рело. нонп. ондьхо. хмхжхюрнп акнй-йх;;;;;;
10TAHH789B_CA.PV;;DI;P-1010S мюяня рело. нонп. ондьхо. яхцмюкхгюжхъ;;;;;;
10TAHH801.PV;;DI;релоеп. дшл. цюгнб б йнмбейжхх. хмхжхюрнп акнй-йх;;;;;;
10TAHH801_CA.PV;;DI;релоеп. дшл. цюгнб б йнмбейжхх. яхцмюкхгюжхъ;;;;;;
10TAHH805.PV;;DI;релоеп. мю оепебюке м-1001б. хмхжхюрнп акнй-йх;;;;;;
10TAHH805_PA.PV;;DI;релоеп. мю оепебюке м-1001б. 1 хг 3 яхцм-жхъ;;;;;;
10TAHH805A.PV;;DI;релоеп. мю оепебюке м-1001б. хмхжхюрнп акнй-йх;;;;;;
10TAHH805A_CA.PV;;DI;релоеп. мю оепебюке м-1001б. яхцмюкхгюжхъ;;;;;;
10TAHH805B.PV;;DI;релоеп. мю оепебюке м-1001б. хмхжхюрнп акнй-йх;;;;;;
10TAHH805B_CA.PV;;DI;релоеп. мю оепебюке м-1001б. яхцмюкхгюжхъ;;;;;;
10TAHH805C.PV;;DI;релоеп. мю оепебюке м-1001б. хмхжхюрнп акнй-йх;;;;;;
10TAHH805C_CA.PV;;DI;релоеп. мю оепебюке м-1001б. яхцмюкхгюжхъ;;;;;;
10PI807_OO.PV;;DI;дюбкемхе мю оепебюке. деакнй. опх осяйе;;;;;;
10H1001B_SEQ_START.PV;;DI;H-1001B гюосяй осяйнбни онякеднбюрекэмнярх;;;;;;
10H1001B_SEQ_START.OP;;DI;H-1001B гюосяй осяйнбни онякеднбюрекэмнярх;;;;;;
10H1001B_SEQ_START.OP;;DO;H-1001B гюосяй осяйнбни онякеднбюрекэмнярх;;;;;;
10H1001B_SEQ_ALM.PV;;DI;H-1001B опепшбюмхе осяйнбни онякеднбюрекэмнярх;;;;;;
10SIS032_1.PV;;DI;10-XV-807. меяннр. онкнф. йнлюмде. хмхжхюрнп акнй-йх;;;;;;
10SIS032.PV;;DI;10-XV-810. меяннр. онкнф. йнлюмде. хмхжхюрнп акнй-йх;;;;;;
10BALL900_911_OO.PV;;DI;онцюя. окюлемх б цнпекйюу. деакнй. опх осяйе;;;;;;
10PI819B_OO.PV;;DI;охкнрмши цюг дкъ пнгфхцю. деакнй. опх осяйе;;;;;;
10TI089A_TF.PV;;DI;юрл. нярюрнй хг H-1001B (1 глеебхй) дюрвхй;;;;;;
10TI089B_TF.PV;;DI;юрл. нярюрнй хг H-1001B (1 глеебхй) дюрвхй;;;;;;
10TI089C_TF.PV;;DI;юрл. нярюрнй хг H-1001B (1 глеебхй) дюрвхй;;;;;;
10TI092A_TF.PV;;DI;юрл. нярюрнй хг H-1001B (2 глеебхй) дюрвхй;;;;;;
10TI092B_TF.PV;;DI;юрл. нярюрнй хг H-1001B (2 глеебхй) дюрвхй;;;;;;
10TI092C_TF.PV;;DI;юрл. нярюрнй хг H-1001B (2 глеебхй) дюрвхй;;;;;;
10TI093A_TF.PV;;DI;юрл. нярюрнй хг H-1001B (3 глеебхй) дюрвхй;;;;;;
10TI093B_TF.PV;;DI;юрл. нярюрнй хг H-1001B (3 глеебхй) дюрвхй;;;;;;
10TI093C_TF.PV;;DI;юрл. нярюрнй хг H-1001B (3 глеебхй) дюрвхй;;;;;;
10TI094A_TF.PV;;DI;юрл. нярюрнй хг H-1001B (4 глеебхй) дюрвхй;;;;;;
10TI094B_TF.PV;;DI;юрл. нярюрнй хг H-1001B (4 глеебхй) дюрвхй;;;;;;
10TI094C_TF.PV;;DI;юрл. нярюрнй хг H-1001B (4 глеебхй) дюрвхй;;;;;;
10TI258A_TF.PV;;DI;юрл. нярюрнй хг H-1001B (5 глеебхй) дюрвхй;;;;;;
10TI258B_TF.PV;;DI;юрл. нярюрнй хг H-1001B (5 глеебхй) дюрвхй;;;;;;
10TI258C_TF.PV;;DI;юрл. нярюрнй хг H-1001B (5 глеебхй) дюрвхй;;;;;;
10TI259A_TF.PV;;DI;юрл. нярюрнй хг H-1001B (6 глеебхй) дюрвхй;;;;;;
10TI259B_TF.PV;;DI;юрл. нярюрнй хг H-1001B (6 глеебхй) дюрвхй;;;;;;
10TI259C_TF.PV;;DI;юрл. нярюрнй хг H-1001B (6 глеебхй) дюрвхй;;;;;;
10TI260A_TF.PV;;DI;юрл. нярюрнй хг H-1001B (7 глеебхй) дюрвхй;;;;;;
10TI260B_TF.PV;;DI;юрл. нярюрнй хг H-1001B (7 глеебхй) дюрвхй;;;;;;
10TI260C_TF.PV;;DI;юрл. нярюрнй хг H-1001B (7 глеебхй) дюрвхй;;;;;;
10TI261A_TF.PV;;DI;юрл. нярюрнй хг H-1001B (8 глеебхй) дюрвхй;;;;;;
10TI261B_TF.PV;;DI;юрл. нярюрнй хг H-1001B (8 глеебхй) дюрвхй;;;;;;
10TI261C_TF.PV;;DI;юрл. нярюрнй хг H-1001B (8 глеебхй) дюрвхй;;;;;;
10TI731_MO.PV;;DI;P-1002A 10TI731/731A мюяня р рело. ондьхо. акнйхпнбйю;;;;;;
10TI731_MO.OP;;DI;P-1002A 10TI731/731A мюяня р рело. ондьхо. акнйхпнбйю;;;;;;
10TI731_MO.OP;;DO;P-1002A 10TI731/731A мюяня р рело. ондьхо. акнйхпнбйю;;;;;;
10TI731_MO.MD;;DI;P-1002A 10TI731/731A мюяня р рело. ондьхо. акнйхпнбйю;;;;;;
10TI731_TF.PV;;DI;P-1002A мюяня р рело. ондьхо. дюрвхй;;;;;;
10TI732_MO.PV;;DI;P-1002A 10TI732/732A мюяня J рело. ондьхо. акнйхпнбйю;;;;;;
10TI732_MO.OP;;DI;P-1002A 10TI732/732A мюяня J рело. ондьхо. акнйхпнбйю;;;;;;
10TI732_MO.OP;;DO;P-1002A 10TI732/732A мюяня J рело. ондьхо. акнйхпнбйю;;;;;;
10TI732_MO.MD;;DI;P-1002A 10TI732/732A мюяня J рело. ондьхо. акнйхпнбйю;;;;;;
10TI732_TF.PV;;DI;P-1002A мюяня J рело. ондьхо. дюрвхй;;;;;;
10TI733_MO.PV;;DI;P-1002A 10TI733/733A мюяня J рело. ондьхо. акнйхпнбйю;;;;;;
10TI733_MO.OP;;DI;P-1002A 10TI733/733A мюяня J рело. ондьхо. акнйхпнбйю;;;;;;
10TI733_MO.OP;;DO;P-1002A 10TI733/733A мюяня J рело. ондьхо. акнйхпнбйю;;;;;;
10TI733_MO.MD;;DI;P-1002A 10TI733/733A мюяня J рело. ондьхо. акнйхпнбйю;;;;;;
10TI733_TF.PV;;DI;P-1002A мюяня J рело. ондьхо. дюрвхй;;;;;;
10TI734_MO.PV;;DI;рело. надсбю щк.дбхц.P-1002A акнйхпнбйю;;;;;;
10TI734_MO.OP;;DI;рело. надсбю щк.дбхц.P-1002A акнйхпнбйю;;;;;;
10TI734_MO.OP;;DO;рело. надсбю щк.дбхц.P-1002A акнйхпнбйю;;;;;;
10TI734_MO.MD;;DI;рело. надсбю щк.дбхц.P-1002A акнйхпнбйю;;;;;;
10TI734_TF.PV;;DI;рело. надсбю щк.дбхц.P-1002A дюрвхй;;;;;;
10TI741_MO.PV;;DI;P-1002S 10TI741/741A мюяня р рело. ондьхо. акнйхпнбйю;;;;;;
10TI741_MO.OP;;DI;P-1002S 10TI741/741A мюяня р рело. ондьхо. акнйхпнбйю;;;;;;
10TI741_MO.OP;;DO;P-1002S 10TI741/741A мюяня р рело. ондьхо. акнйхпнбйю;;;;;;
10TI741_MO.MD;;DI;P-1002S 10TI741/741A мюяня р рело. ондьхо. акнйхпнбйю;;;;;;
10TI741_TF.PV;;DI;P-1002S мюяня р рело. ондьхо. дюрвхй;;;;;;
10TI742_MO.PV;;DI;P-1002S 10TI742/742A мюяня J рело. ондьхо. акнйхпнбйю;;;;;;
10TI742_MO.OP;;DI;P-1002S 10TI742/742A мюяня J рело. ондьхо. акнйхпнбйю;;;;;;
10TI742_MO.OP;;DO;P-1002S 10TI742/742A мюяня J рело. ондьхо. акнйхпнбйю;;;;;;
10TI742_MO.MD;;DI;P-1002S 10TI742/742A мюяня J рело. ондьхо. акнйхпнбйю;;;;;;
10TI742_TF.PV;;DI;P-1002S мюяня J рело. ондьхо. дюрвхй;;;;;;
10TI743_MO.PV;;DI;P-1002S 10TI743/743A мюяня J рело. ондьхо. акнйхпнбйю;;;;;;
10TI743_MO.OP;;DI;P-1002S 10TI743/743A мюяня J рело. ондьхо. акнйхпнбйю;;;;;;
10TI743_MO.OP;;DO;P-1002S 10TI743/743A мюяня J рело. ондьхо. акнйхпнбйю;;;;;;
10TI743_MO.MD;;DI;P-1002S 10TI743/743A мюяня J рело. ондьхо. акнйхпнбйю;;;;;;
10TI743_TF.PV;;DI;P-1002S мюяня J рело. ондьхо. дюрвхй;;;;;;
10TI744_MO.PV;;DI;P-1002S 10TI744/744A рспахмш J рело. ондьхо. акнйхпнбйю;;;;;;
10TI744_MO.OP;;DI;P-1002S 10TI744/744A рспахмш J рело. ондьхо. акнйхпнбйю;;;;;;
10TI744_MO.OP;;DO;P-1002S 10TI744/744A рспахмш J рело. ондьхо. акнйхпнбйю;;;;;;
10TI744_MO.MD;;DI;P-1002S 10TI744/744A рспахмш J рело. ондьхо. акнйхпнбйю;;;;;;
10TI744_TF.PV;;DI;P-1002S рспахмш J рело. ондьхо. дюрвхй;;;;;;
10TI745_MO.PV;;DI;P-1002S 10TI745/745A рспахмш J рело. ондьхо. акнйхпнбйю;;;;;;
10TI745_MO.OP;;DI;P-1002S 10TI745/745A рспахмш J рело. ондьхо. акнйхпнбйю;;;;;;
10TI745_MO.OP;;DO;P-1002S 10TI745/745A рспахмш J рело. ондьхо. акнйхпнбйю;;;;;;
10TI745_MO.MD;;DI;P-1002S 10TI745/745A рспахмш J рело. ондьхо. акнйхпнбйю;;;;;;
10TI745_TF.PV;;DI;P-1002S рспахмш J рело. ондьхо. дюрвхй;;;;;;
10TI751_MO.PV;;DI;P-1004A 10TI751/751A мюяня р рело. ондьхо. акнйхпнбйю;;;;;;
10TI751_MO.OP;;DI;P-1004A 10TI751/751A мюяня р рело. ондьхо. акнйхпнбйю;;;;;;
10TI751_MO.OP;;DO;P-1004A 10TI751/751A мюяня р рело. ондьхо. акнйхпнбйю;;;;;;
10TI751_MO.MD;;DI;P-1004A 10TI751/751A мюяня р рело. ондьхо. акнйхпнбйю;;;;;;
10TI751_TF.PV;;DI;P-1004A мюяня р рело. ондьхо. дюрвхй;;;;;;
10TI752_MO.PV;;DI;P-1004A 10TI752/752A мюяня J рело. ондьхо. акнйхпнбйю;;;;;;
10TI752_MO.OP;;DI;P-1004A 10TI752/752A мюяня J рело. ондьхо. акнйхпнбйю;;;;;;
10TI752_MO.OP;;DO;P-1004A 10TI752/752A мюяня J рело. ондьхо. акнйхпнбйю;;;;;;
10TI752_MO.MD;;DI;P-1004A 10TI752/752A мюяня J рело. ондьхо. акнйхпнбйю;;;;;;
10TI752_TF.PV;;DI;P-1004A мюяня J рело. ондьхо. дюрвхй;;;;;;
10TI753_MO.PV;;DI;P-1004A 10TI753/753A мюяня J рело. ондьхо. акнйхпнбйю;;;;;;
10TI753_MO.OP;;DI;P-1004A 10TI753/753A мюяня J рело. ондьхо. акнйхпнбйю;;;;;;
10TI753_MO.OP;;DO;P-1004A 10TI753/753A мюяня J рело. ондьхо. акнйхпнбйю;;;;;;
10TI753_MO.MD;;DI;P-1004A 10TI753/753A мюяня J рело. ондьхо. акнйхпнбйю;;;;;;
10TI753_TF.PV;;DI;P-1004A мюяня J рело. ондьхо. дюрвхй;;;;;;
10TI754_MO.PV;;DI;рело. надсбю щк.дбхц.P-1004A. акнйхпнбйю;;;;;;
10TI754_MO.OP;;DI;рело. надсбю щк.дбхц.P-1004A. акнйхпнбйю;;;;;;
10TI754_MO.OP;;DO;рело. надсбю щк.дбхц.P-1004A. акнйхпнбйю;;;;;;
10TI754_MO.MD;;DI;рело. надсбю щк.дбхц.P-1004A. акнйхпнбйю;;;;;;
10TI754_TF.PV;;DI;рело. надсбю щк.дбхц.P-1004A. дюрвхй;;;;;;
10TI761_MO.PV;;DI;P-1004S 10TI761/761A мюяня р рело. ондьхо. акнйхпнбйю;;;;;;
10TI761_MO.OP;;DI;P-1004S 10TI761/761A мюяня р рело. ондьхо. акнйхпнбйю;;;;;;
10TI761_MO.OP;;DO;P-1004S 10TI761/761A мюяня р рело. ондьхо. акнйхпнбйю;;;;;;
10TI761_MO.MD;;DI;P-1004S 10TI761/761A мюяня р рело. ондьхо. акнйхпнбйю;;;;;;
10TI761_TF.PV;;DI;P-1004S мюяня р рело. ондьхо. дюрвхй;;;;;;
10TI762_MO.PV;;DI;P-1004S 10TI762/762A мюяня J рело. ондьхо. акнйхпнбйю;;;;;;
10TI762_MO.OP;;DI;P-1004S 10TI762/762A мюяня J рело. ондьхо. акнйхпнбйю;;;;;;
10TI762_MO.OP;;DO;P-1004S 10TI762/762A мюяня J рело. ондьхо. акнйхпнбйю;;;;;;
10TI762_MO.MD;;DI;P-1004S 10TI762/762A мюяня J рело. ондьхо. акнйхпнбйю;;;;;;
10TI762_TF.PV;;DI;P-1004S мюяня J рело. ондьхо. дюрвхй;;;;;;
10TI763_MO.PV;;DI;P-1004S 10TI763/763A мюяня J рело. ондьхо. акнйхпнбйю;;;;;;
10TI763_MO.OP;;DI;P-1004S 10TI763/763A мюяня J рело. ондьхо. акнйхпнбйю;;;;;;
10TI763_MO.OP;;DO;P-1004S 10TI763/763A мюяня J рело. ондьхо. акнйхпнбйю;;;;;;
10TI763_MO.MD;;DI;P-1004S 10TI763/763A мюяня J рело. ондьхо. акнйхпнбйю;;;;;;
10TI763_TF.PV;;DI;P-1004S мюяня J рело. ондьхо. дюрвхй;;;;;;
10TI764_MO.PV;;DI;рело. надсбю щк.дбхц.P-1004S. акнйхпнбйю;;;;;;
10TI764_MO.OP;;DI;рело. надсбю щк.дбхц.P-1004S. акнйхпнбйю;;;;;;
10TI764_MO.OP;;DO;рело. надсбю щк.дбхц.P-1004S. акнйхпнбйю;;;;;;
10TI764_MO.MD;;DI;рело. надсбю щк.дбхц.P-1004S. акнйхпнбйю;;;;;;
10TI764_TF.PV;;DI;рело. надсбю щк.дбхц.P-1004S. дюрвхй;;;;;;
10TI770A_MO.PV;;DI;P-1003A 10TI770A/770A2 мюяня рело. ондьхо. акнйхпнбйю;;;;;;
10TI770A_MO.OP;;DI;P-1003A 10TI770A/770A2 мюяня рело. ондьхо. акнйхпнбйю;;;;;;
10TI770A_MO.OP;;DO;P-1003A 10TI770A/770A2 мюяня рело. ондьхо. акнйхпнбйю;;;;;;
10TI770A_MO.MD;;DI;P-1003A 10TI770A/770A2 мюяня рело. ондьхо. акнйхпнбйю;;;;;;
10TI770A_TF.PV;;DI;P-1003A мюяня рело. ондьхо. дюрвхй;;;;;;
10TI770B_MO.PV;;DI;P-1003A 10TI770B/770B2 мюяня рело. ондьхо. акнйхпнбйю;;;;;;
10TI770B_MO.OP;;DI;P-1003A 10TI770B/770B2 мюяня рело. ондьхо. акнйхпнбйю;;;;;;
10TI770B_MO.OP;;DO;P-1003A 10TI770B/770B2 мюяня рело. ондьхо. акнйхпнбйю;;;;;;
10TI770B_MO.MD;;DI;P-1003A 10TI770B/770B2 мюяня рело. ондьхо. акнйхпнбйю;;;;;;
10TI770B_TF.PV;;DI;P-1003A мюяня рело. ондьхо. дюрвхй;;;;;;
10TI772A_MO.PV;;DI;P-1003S 10TI772A/772A2 мюяня рело. ондьхо. акнйхпнбйю;;;;;;
10TI772A_MO.OP;;DI;P-1003S 10TI772A/772A2 мюяня рело. ондьхо. акнйхпнбйю;;;;;;
10TI772A_MO.OP;;DO;P-1003S 10TI772A/772A2 мюяня рело. ондьхо. акнйхпнбйю;;;;;;
10TI772A_MO.MD;;DI;P-1003S 10TI772A/772A2 мюяня рело. ондьхо. акнйхпнбйю;;;;;;
10TI772A_TF.PV;;DI;P-1003S мюяня рело. ондьхо. дюрвхй;;;;;;
10TI772B_MO.PV;;DI;P-1003S 10TI772B/772B2 мюяня рело. ондьхо. акнйхпнбйю;;;;;;
10TI772B_MO.OP;;DI;P-1003S 10TI772B/772B2 мюяня рело. ондьхо. акнйхпнбйю;;;;;;
10TI772B_MO.OP;;DO;P-1003S 10TI772B/772B2 мюяня рело. ондьхо. акнйхпнбйю;;;;;;
10TI772B_MO.MD;;DI;P-1003S 10TI772B/772B2 мюяня рело. ондьхо. акнйхпнбйю;;;;;;
10TI772B_TF.PV;;DI;P-1003S мюяня рело. ондьхо. дюрвхй;;;;;;
10TI775A_MO.PV;;DI;P-1005A 10TI775A/775A2 мюяня рело. кхм. ондьхо. акнйхпнбйю;;;;;;
10TI775A_MO.OP;;DI;P-1005A 10TI775A/775A2 мюяня рело. кхм. ондьхо. акнйхпнбйю;;;;;;
10TI775A_MO.OP;;DO;P-1005A 10TI775A/775A2 мюяня рело. кхм. ондьхо. акнйхпнбйю;;;;;;
10TI775A_MO.MD;;DI;P-1005A 10TI775A/775A2 мюяня рело. кхм. ондьхо. акнйхпнбйю;;;;;;
10TI775A_TF.PV;;DI;P-1005A мюяня рело. кхм. ондьхо. дюрвхй;;;;;;
10TI775B_MO.PV;;DI;P-1005A 10TI775B/775B2 мюяня рело. нонп. ондьхо. акнйхпнбйю;;;;;;
10TI775B_MO.OP;;DI;P-1005A 10TI775B/775B2 мюяня рело. нонп. ондьхо. акнйхпнбйю;;;;;;
10TI775B_MO.OP;;DO;P-1005A 10TI775B/775B2 мюяня рело. нонп. ондьхо. акнйхпнбйю;;;;;;
10TI775B_MO.MD;;DI;P-1005A 10TI775B/775B2 мюяня рело. нонп. ондьхо. акнйхпнбйю;;;;;;
10TI775B_TF.PV;;DI;P-1005A мюяня рело. нонп. ондьхо. дюрвхй;;;;;;
10TI777A_MO.PV;;DI;P-1005S 10TI777A/777A2 мюяня рело. кхм. ондьхо. акнйхпнбйю;;;;;;
10TI777A_MO.OP;;DI;P-1005S 10TI777A/777A2 мюяня рело. кхм. ондьхо. акнйхпнбйю;;;;;;
10TI777A_MO.OP;;DO;P-1005S 10TI777A/777A2 мюяня рело. кхм. ондьхо. акнйхпнбйю;;;;;;
10TI777A_MO.MD;;DI;P-1005S 10TI777A/777A2 мюяня рело. кхм. ондьхо. акнйхпнбйю;;;;;;
10TI777A_TF.PV;;DI;P-1005S мюяня рело. кхм. ондьхо. дюрвхй;;;;;;
10TI777B_MO.PV;;DI;P-1005S 10TI777B/777B2 мюяня рело. нонп. ондьхо. акнйхпнбйю;;;;;;
10TI777B_MO.OP;;DI;P-1005S 10TI777B/777B2 мюяня рело. нонп. ондьхо. акнйхпнбйю;;;;;;
10TI777B_MO.OP;;DO;P-1005S 10TI777B/777B2 мюяня рело. нонп. ондьхо. акнйхпнбйю;;;;;;
10TI777B_MO.MD;;DI;P-1005S 10TI777B/777B2 мюяня рело. нонп. ондьхо. акнйхпнбйю;;;;;;
10TI777B_TF.PV;;DI;P-1005S мюяня рело. нонп. ондьхо. дюрвхй;;;;;;
10TI779A_MO.PV;;DI;P-1006A 10TI779A/779A2 мюяня рело. кхм. ондьхо. акнйхпнбйю;;;;;;
10TI779A_MO.OP;;DI;P-1006A 10TI779A/779A2 мюяня рело. кхм. ондьхо. акнйхпнбйю;;;;;;
10TI779A_MO.OP;;DO;P-1006A 10TI779A/779A2 мюяня рело. кхм. ондьхо. акнйхпнбйю;;;;;;
10TI779A_MO.MD;;DI;P-1006A 10TI779A/779A2 мюяня рело. кхм. ондьхо. акнйхпнбйю;;;;;;
10TI779A_TF.PV;;DI;P-1006A мюяня рело. кхм. ондьхо. дюрвхй;;;;;;
10TI779B_MO.PV;;DI;P-1006A 10TI779B/779B2 мюяня рело. нонп. ондьхо. акнйхпнбйю;;;;;;
10TI779B_MO.OP;;DI;P-1006A 10TI779B/779B2 мюяня рело. нонп. ондьхо. акнйхпнбйю;;;;;;
10TI779B_MO.OP;;DO;P-1006A 10TI779B/779B2 мюяня рело. нонп. ондьхо. акнйхпнбйю;;;;;;
10TI779B_MO.MD;;DI;P-1006A 10TI779B/779B2 мюяня рело. нонп. ондьхо. акнйхпнбйю;;;;;;
10TI779B_TF.PV;;DI;P-1006A мюяня рело. нонп. ондьхо. дюрвхй;;;;;;
10TI781A_MO.PV;;DI;P-1006S 10TI781A/781A2 мюяня рело. кхм. ондьхо. акнйхпнбйю;;;;;;
10TI781A_MO.OP;;DI;P-1006S 10TI781A/781A2 мюяня рело. кхм. ондьхо. акнйхпнбйю;;;;;;
10TI781A_MO.OP;;DO;P-1006S 10TI781A/781A2 мюяня рело. кхм. ондьхо. акнйхпнбйю;;;;;;
10TI781A_MO.MD;;DI;P-1006S 10TI781A/781A2 мюяня рело. кхм. ондьхо. акнйхпнбйю;;;;;;
10TI781A_TF.PV;;DI;P-1006S мюяня рело. кхм. ондьхо. дюрвхй;;;;;;
10TI781B_MO.PV;;DI;P-1006S 10TI781B/781B2 мюяня рело. нонп. ондьхо. акнйхпнбйю;;;;;;
10TI781B_MO.OP;;DI;P-1006S 10TI781B/781B2 мюяня рело. нонп. ондьхо. акнйхпнбйю;;;;;;
10TI781B_MO.OP;;DO;P-1006S 10TI781B/781B2 мюяня рело. нонп. ондьхо. акнйхпнбйю;;;;;;
10TI781B_MO.MD;;DI;P-1006S 10TI781B/781B2 мюяня рело. нонп. ондьхо. акнйхпнбйю;;;;;;
10TI781B_TF.PV;;DI;P-1006S мюяня рело. нонп. ондьхо. дюрвхй;;;;;;
10TI783A_MO.PV;;DI;P-1009A 10TI783A/783A2 мюяня рело. кхм. ондьхо. акнйхпнбйю;;;;;;
10TI783A_MO.OP;;DI;P-1009A 10TI783A/783A2 мюяня рело. кхм. ондьхо. акнйхпнбйю;;;;;;
10TI783A_MO.OP;;DO;P-1009A 10TI783A/783A2 мюяня рело. кхм. ондьхо. акнйхпнбйю;;;;;;
10TI783A_MO.MD;;DI;P-1009A 10TI783A/783A2 мюяня рело. кхм. ондьхо. акнйхпнбйю;;;;;;
10TI783A_TF.PV;;DI;P-1009A мюяня рело. кхм. ондьхо. дюрвхй;;;;;;
10TI783B_MO.PV;;DI;P-1009A 10TI783B/783B2 мюяня рело. нонп. ондьхо. акнйхпнбйю;;;;;;
10TI783B_MO.OP;;DI;P-1009A 10TI783B/783B2 мюяня рело. нонп. ондьхо. акнйхпнбйю;;;;;;
10TI783B_MO.OP;;DO;P-1009A 10TI783B/783B2 мюяня рело. нонп. ондьхо. акнйхпнбйю;;;;;;
10TI783B_MO.MD;;DI;P-1009A 10TI783B/783B2 мюяня рело. нонп. ондьхо. акнйхпнбйю;;;;;;
10TI783B_TF.PV;;DI;P-1009A мюяня рело. нонп. ондьхо. дюрвхй;;;;;;
10TI785A_MO.PV;;DI;P-1009S 10TI785A/785A2 мюяня рело. кхм. ондьхо. акнйхпнбйю;;;;;;
10TI785A_MO.OP;;DI;P-1009S 10TI785A/785A2 мюяня рело. кхм. ондьхо. акнйхпнбйю;;;;;;
10TI785A_MO.OP;;DO;P-1009S 10TI785A/785A2 мюяня рело. кхм. ондьхо. акнйхпнбйю;;;;;;
10TI785A_MO.MD;;DI;P-1009S 10TI785A/785A2 мюяня рело. кхм. ондьхо. акнйхпнбйю;;;;;;
10TI785A_TF.PV;;DI;P-1009S мюяня рело. кхм. ондьхо. дюрвхй;;;;;;
10TI785B_MO.PV;;DI;P-1009S 10TI785B/785B2 мюяня рело. нонп. ондьхо. акнйхпнбйю;;;;;;
10TI785B_MO.OP;;DI;P-1009S 10TI785B/785B2 мюяня рело. нонп. ондьхо. акнйхпнбйю;;;;;;
10TI785B_MO.OP;;DO;P-1009S 10TI785B/785B2 мюяня рело. нонп. ондьхо. акнйхпнбйю;;;;;;
10TI785B_MO.MD;;DI;P-1009S 10TI785B/785B2 мюяня рело. нонп. ондьхо. акнйхпнбйю;;;;;;
10TI785B_TF.PV;;DI;P-1009S мюяня рело. нонп. ондьхо. дюрвхй;;;;;;
10TI787A_MO.PV;;DI;P-1010A 10TI787A/787A2 мюяня рело. кхм. ондьхо. акнйхпнбйю;;;;;;
10TI787A_MO.OP;;DI;P-1010A 10TI787A/787A2 мюяня рело. кхм. ондьхо. акнйхпнбйю;;;;;;
10TI787A_MO.OP;;DO;P-1010A 10TI787A/787A2 мюяня рело. кхм. ондьхо. акнйхпнбйю;;;;;;
10TI787A_MO.MD;;DI;P-1010A 10TI787A/787A2 мюяня рело. кхм. ондьхо. акнйхпнбйю;;;;;;
10TI787A_TF.PV;;DI;P-1010A мюяня рело. кхм. ондьхо. дюрвхй;;;;;;
10TI787B_MO.PV;;DI;P-1010A 10TI787B/787B2 мюяня рело. нонп. ондьхо. акнйхпнбйю;;;;;;
10TI787B_MO.OP;;DI;P-1010A 10TI787B/787B2 мюяня рело. нонп. ондьхо. акнйхпнбйю;;;;;;
10TI787B_MO.OP;;DO;P-1010A 10TI787B/787B2 мюяня рело. нонп. ондьхо. акнйхпнбйю;;;;;;
10TI787B_MO.MD;;DI;P-1010A 10TI787B/787B2 мюяня рело. нонп. ондьхо. акнйхпнбйю;;;;;;
10TI787B_TF.PV;;DI;P-1010A мюяня рело. нонп. ондьхо. дюрвхй;;;;;;
10TI789A_MO.PV;;DI;P-1010S 10TI789A/789A2 мюяня рело. кхм. ондьхо. акнйхпнбйю;;;;;;
10TI789A_MO.OP;;DI;P-1010S 10TI789A/789A2 мюяня рело. кхм. ондьхо. акнйхпнбйю;;;;;;
10TI789A_MO.OP;;DO;P-1010S 10TI789A/789A2 мюяня рело. кхм. ондьхо. акнйхпнбйю;;;;;;
10TI789A_MO.MD;;DI;P-1010S 10TI789A/789A2 мюяня рело. кхм. ондьхо. акнйхпнбйю;;;;;;
10TI789A_TF.PV;;DI;P-1010S мюяня рело. кхм. ондьхо. дюрвхй;;;;;;
10TI789B_MO.PV;;DI;P-1010S 10TI789B/789B2 мюяня рело. нонп. ондьхо. акнйхпнбйю;;;;;;
10TI789B_MO.OP;;DI;P-1010S 10TI789B/789B2 мюяня рело. нонп. ондьхо. акнйхпнбйю;;;;;;
10TI789B_MO.OP;;DO;P-1010S 10TI789B/789B2 мюяня рело. нонп. ондьхо. акнйхпнбйю;;;;;;
10TI789B_MO.MD;;DI;P-1010S 10TI789B/789B2 мюяня рело. нонп. ондьхо. акнйхпнбйю;;;;;;
10TI789B_TF.PV;;DI;P-1010S мюяня рело. нонп. ондьхо. дюрвхй;;;;;;
10TI801_MO.PV;;DI;релоеп. 10TI801/801A дшл. цюгнб б йнмбейжхх акнйхпнбйю;;;;;;
10TI801_MO.OP;;DI;релоеп. 10TI801/801A дшл. цюгнб б йнмбейжхх акнйхпнбйю;;;;;;
10TI801_MO.OP;;DO;релоеп. 10TI801/801A дшл. цюгнб б йнмбейжхх акнйхпнбйю;;;;;;
10TI801_MO.MD;;DI;релоеп. 10TI801/801A дшл. цюгнб б йнмбейжхх акнйхпнбйю;;;;;;
10TI801_TF.PV;;DI;релоеп. дшл. цюгнб б йнмбейжхх дюрвхй;;;;;;
10TI805A_TF.PV;;DI;релоеп. мю оепебюке м-1001б. дюрвхй;;;;;;
10TI805B_TF.PV;;DI;релоеп. мю оепебюке м-1001б. дюрвхй;;;;;;
10TI805C_TF.PV;;DI;релоеп. мю оепебюке м-1001б. дюрвхй;;;;;;
10TI824_TF.PV;;DI;бнгдсу й тнпясмйюл дюрвхй;;;;;;
10VAHH931X.PV;;DI;P-1002A мюяня бхапюж. хмхжхюрнп акнй-йх;;;;;;
10VAHH931X_FU.PV;;DI;P-1002A мюяня бхапюж. оепбнопхвхмю;;;;;;
10VAHH931Y.PV;;DI;P-1002A мюяня бхапюж. хмхжхюрнп акнй-йх;;;;;;
10VAHH931Y_FU.PV;;DI;P-1002A мюяня бхапюж. оепбнопхвхмю;;;;;;
10VAHH932X.PV;;DI;P-1002A мюяня бхапюж. хмхжхюрнп акнй-йх;;;;;;
10VAHH932X_FU.PV;;DI;P-1002A мюяня бхапюж. оепбнопхвхмю;;;;;;
10VAHH932Y.PV;;DI;P-1002A мюяня бхапюж. хмхжхюрнп акнй-йх;;;;;;
10VAHH932Y_FU.PV;;DI;P-1002A мюяня бхапюж. оепбнопхвхмю;;;;;;
10XA813.PV;;DI;10-XV-813. меяннр. онкнф. йнлюмде. яхцмюкхгюжхъ;;;;;;
10XY814.PV;;DI;соп. нря-кел 10-XV-814 яхяр. оюг;;;;;;
10XA814.PV;;DI;10-XV-814. меяннр. онкнф. йнлюмде. яхцмюкхгюжхъ;;;;;;
10XY812.PV;;DI;соп. нря-кел 10-XV-812 яхяр. оюг;;;;;;
10XY812.OP;;DI;соп. нря-кел 10-XV-812 яхяр. оюг;;;;;;
10XA847L.PV;;DI;яхцм-жхъ бнгцнпюмхъ. хмдхй-жхъ б пяс;;;;;;
IB101_ESD2_D1.PV;;DI;тнпяюф пюгпеьем;;;;;;
IB101_ESD2_D2.PV;;DI;юйрхбмш тнпяюфх;;;;;;
10BALL908.PV;;DI;онцюяюмхе окюлемх цнпекйх ╧9.;;;;;;
10BALL909.PV;;DI;онцюяюмхе окюлемх цнпекйх ╧10.;;;;;;
10BALL910.PV;;DI;онцюяюмхе окюлемх цнпекйх ╧11.;;;;;;
10BALL911.PV;;DI;онцюяюмхе окюлемх цнпекйх ╧12.;;;;;;
10HS601A.PV;;DI;йкчв пюгпеьемхъ деакнй-й гнмш м-1001б;;;;;;
10BALL900_3OO12.PV;;DI;онцюя. окюлемх б 3 хг 12 цнпекйюу. хмхжхюрнп акнй-йх;;;;;;
10HS601B.PV;;DI;йкчв яапняю бяеу деакнй-й гнмш м-1001б;;;;;;
10XL714A.PV;;DI;цнрнбм. й яапняс акнй. P-1002ю (BENTLY, рело., 10-I-013);;;;;;
10HS602A_02.PV;;DI;йкчв пюгпеьемхъ деакнй-й гнмш 1000 яей.;;;;;;
10XL715.PV;;DI;цнрнбм. й яапняс акнй. P-1004ю (рело., 10-I-007);;;;;;
10HS602B_02.PV;;DI;йкчв яапняю бяеу деакнй-й гнмш 1000 яей.;;;;;;
10XL716.PV;;DI;цнрнбм. й яапняс акнй. P-1004S (рело., 10-I-007);;;;;;
10XL850.PV;;DI;цнрнбм. й яапняс акнй-йх 10-I-032 (меяннр. нряей-къ);;;;;;
10XL851.PV;;DI;цнрнбм. й яапняс акнй-йх 10-I-028 (бшя. р дшл. цюгнб);;;;;;
10XL852.PV;;DI;цнрнбм. й яапняс акнй-йх 10-I-031 (нярюмнб кхмхх люгсрю);;;;;;
10XL853.PV;;DI;цнрнбм. й яапняс акнй-йх 10-I-026 (нярюмнб ням. кхмхх);;;;;;
10XL854.PV;;DI;цнрнбм. й яапняс акнй-йх 10-I-030 (нярюмнб охкнр. кхмхх);;;;;;
10XL855.PV;;DI;цнрнбм. й яапняс акнй-йх 10-I-027 (онрепъ ръцх);;;;;;
10XL856.PV;;DI;цнрнбм. й яапняс акнй-йх 10-I-041 (онцюя. окюлемх);;;;;;
10XL857.PV;;DI;цнрнбм. й яапняс акнй-йх 10-I-002 (юбюп. нярюмнб);;;;;;
10XL858.PV;;DI;цнрнбм. й яапняс акнй-йх 10-I-025 (опнцюп глееб-йю);;;;;;
10XS710_FU.PV;;DI;нярюмнб рспахмш Pб-1002S йнмр-пнл WOODWARD. оепбнопхвхмю;;;;;;
10XY134_F.PV;;DI;соп. нря-кел 10-XV-134 яхярелни оюг. мехяоп. кхмхх;;;;;;
10XY153_F.PV;;DI;соп. нря-кел 10-XV-153 яхярелни оюг. мехяоп. кхмхх;;;;;;
10BALL900_3OO12_FU.PV;;DI;онцюя. окюлемх б 3 хг 12 цнпекйюу. оепбнопхвхмю;;;;;;
10VAHH941X.PV;;DI;P-1002S мюяня бхапюж. хмхжхюрнп акнй-йх;;;;;;
10VAHH941X_FU.PV;;DI;P-1002S мюяня бхапюж. оепбнопхвхмю;;;;;;
10VAHH941Y.PV;;DI;P-1002S мюяня бхапюж. хмхжхюрнп акнй-йх;;;;;;
10VAHH941Y_FU.PV;;DI;P-1002S мюяня бхапюж. оепбнопхвхмю;;;;;;
10VAHH942X.PV;;DI;P-1002S мюяня бхапюж. хмхжхюрнп акнй-йх;;;;;;
10VAHH942X_FU.PV;;DI;P-1002S мюяня бхапюж. оепбнопхвхмю;;;;;;
10VAHH942Y.PV;;DI;P-1002S мюяня бхапюж. хмхжхюрнп акнй-йх;;;;;;
10VAHH942Y_FU.PV;;DI;P-1002S мюяня бхапюж. оепбнопхвхмю;;;;;;
10VAHH943X.PV;;DI;P-1002S рспахмю бхапюж. хмхжхюрнп акнй-йх;;;;;;
10VAHH943X_FU.PV;;DI;P-1002S рспахмю бхапюж. оепбнопхвхмю;;;;;;
10VAHH943Y.PV;;DI;P-1002S рспахмю бхапюж. хмхжхюрнп акнй-йх;;;;;;
10VAHH943Y_FU.PV;;DI;P-1002S рспахмю бхапюж. оепбнопхвхмю;;;;;;
10VAHH944X.PV;;DI;P-1002S рспахмю бхапюж. хмхжхюрнп акнй-йх;;;;;;
10VAHH944X_FU.PV;;DI;P-1002S рспахмю бхапюж. оепбнопхвхмю;;;;;;
10VAHH944Y.PV;;DI;P-1002S рспахмю бхапюж. хмхжхюрнп акнй-йх;;;;;;
10VAHH944Y_FU.PV;;DI;P-1002S рспахмю бхапюж. оепбнопхвхмю;;;;;;
10PAHH817A2_CA.PV;;DI;нямнбмни цнпчвхи цюг. яхцмюкхгюжхъ;;;;;;
10HS001B.PV;;DI;дхяр. ймнойю сопюбк. йкюоюмюлх он охкнр. цюгс;;;;;;
10HS001B.OP;;DI;дхяр. ймнойю сопюбк. йкюоюмюлх он охкнр. цюгс;;;;;;
10HS001B.OP;;DO;дхяр. ймнойю сопюбк. йкюоюмюлх он охкнр. цюгс;;;;;;
10XA800.PV;;DI;10-XV-800. меяннр. онкнф. йнлюмде. яхцмюкхгюжхъ;;;;;;
10XY800.PV;;DI;соп. ьхаепнл 10-XV-800 яхяр. оюг;;;;;;
10XA804.PV;;DI;10-XV-804. меяннр. онкнф. йнлюмде. яхцмюкхгюжхъ;;;;;;
10XY807.PV;;DI;соп. нря-кел 10-XV-807 яхяр. оюг;;;;;;
10XA805.PV;;DI;10-XV-805. меяннр. онкнф. йнлюмде. яхцмюкхгюжхъ;;;;;;
10XY810.PV;;DI;соп. нря-кел 10-XV-810 яхяр. оюг;;;;;;
10XA806.PV;;DI;10-XV-806. меяннр. онкнф. йнлюмде. яхцмюкхгюжхъ;;;;;;
10XY813.PV;;DI;соп. нря-кел 10-XV-813 яхяр. оюг;;;;;;
10XA807.PV;;DI;10-XV-807. меяннр. онкнф. йнлюмде. яхцмюкхгюжхъ;;;;;;
10XY804.PV;;DI;соп. нря-кел 10-XV-804 яхяр. оюг;;;;;;
10XA808.PV;;DI;10-XV-808. меяннр. онкнф. йнлюмде. яхцмюкхгюжхъ;;;;;;
10XY805.PV;;DI;соп. нря-кел 10-XV-805 яхяр. оюг;;;;;;
10XA809.PV;;DI;10-XV-809. меяннр. онкнф. йнлюмде. яхцмюкхгюжхъ;;;;;;
10XY806.PV;;DI;соп. нря-кел 10-XV-806 яхяр. оюг;;;;;;
10XA810.PV;;DI;10-XV-810. меяннр. онкнф. йнлюмде. яхцмюкхгюжхъ;;;;;;
10XY808.PV;;DI;соп. нря-кел 10-XV-808 яхяр. оюг;;;;;;
10XA811.PV;;DI;10-XV-811. меяннр. онкнф. йнлюмде. яхцмюкхгюжхъ;;;;;;
10XY809.PV;;DI;соп. нря-кел 10-XV-809 яхяр. оюг;;;;;;
10XA812.PV;;DI;10-XV-812. меяннр. онкнф. йнлюмде. яхцмюкхгюжхъ;;;;;;
10XY811.PV;;DI;соп. нря-кел 10-XV-811 яхяр. оюг;;;;;;
IB101_ESD2_F1.PV;;DI;IB-10-1 яхярелю ESD-02 янярнъмхе йнмрпнккепю;;;;;;
IB101_ESD2_F2.PV;;DI;IB-10-1 яхярелю ESD-02 янярнъмхе бмеьмеи ябъгх;;;;;;
IB101_ESD2_F3.PV;;DI;IB-10-1 яхярелю ESD-02 янярнъмхе лндскеи ббндю/бшбндю;;;;;;
IB101_ESD2_F4.PV;;DI;IB-10-1 яхярелю ESD-02 наыее янярнъмхе яхяр. ьйютю;;;;;;
IB101_ESD2_F5.PV;;DI;IB-10-1 яхярелю ESD-02 наыее янярнъмхе йпняя. ьйютнб;;;;;;
10TI798_MO.PV;;DI;рело. надсбю щк. дбхц. P-1005ю акнйхпнбйю;;;;;;
10TI798_MO.OP;;DI;рело. надсбю щк. дбхц. P-1005ю акнйхпнбйю;;;;;;
10TI798_MO.OP;;DO;рело. надсбю щк. дбхц. P-1005ю акнйхпнбйю;;;;;;
10TI798_MO.MD;;DI;рело. надсбю щк. дбхц. P-1005ю акнйхпнбйю;;;;;;
10TI798_TF.PV;;DI;рело. надсбю щк. дбхц. P-1005ю дюрвхй;;;;;;
10TI799_MO.PV;;DI;рело. надсбю щк. дбхц. P-1005S акнйхпнбйю;;;;;;
10TI799_MO.OP;;DI;рело. надсбю щк. дбхц. P-1005S акнйхпнбйю;;;;;;
10TI799_MO.OP;;DO;рело. надсбю щк. дбхц. P-1005S акнйхпнбйю;;;;;;
10TI799_MO.MD;;DI;рело. надсбю щк. дбхц. P-1005S акнйхпнбйю;;;;;;
10TI799_TF.PV;;DI;рело. надсбю щк. дбхц. P-1005S дюрвхй;;;;;;
10TI793_MO.PV;;DI;рело. надсбю щк. дбхц. P-1009A акнйхпнбйю;;;;;;
10TI793_MO.OP;;DI;рело. надсбю щк. дбхц. P-1009A акнйхпнбйю;;;;;;
10TI793_MO.OP;;DO;рело. надсбю щк. дбхц. P-1009A акнйхпнбйю;;;;;;
10TI793_MO.MD;;DI;рело. надсбю щк. дбхц. P-1009A акнйхпнбйю;;;;;;
10TI793_TF.PV;;DI;рело. надсбю щк. дбхц. P-1009A дюрвхй;;;;;;
10TI794_MO.PV;;DI;рело. надсбю щк. дбхц. P-1009S акнйхпнбйю;;;;;;
10TI794_MO.OP;;DI;рело. надсбю щк. дбхц. P-1009S акнйхпнбйю;;;;;;
10TI794_MO.OP;;DO;рело. надсбю щк. дбхц. P-1009S акнйхпнбйю;;;;;;
10TI794_MO.MD;;DI;рело. надсбю щк. дбхц. P-1009S акнйхпнбйю;;;;;;
10TI794_TF.PV;;DI;рело. надсбю щк. дбхц. P-1009S дюрвхй;;;;;;
10XV812.PV;;DI;нряей-кэ 10-XV-812 йхяк. цюгю й тнпясмйюл;;;;;;
10XV812.OP;;DI;нряей-кэ 10-XV-812 йхяк. цюгю й тнпясмйюл;;;;;;
10XV812.OP;;DO;нряей-кэ 10-XV-812 йхяк. цюгю й тнпясмйюл;;;;;;
10XV813.PV;;DI;нряей-кэ 10-XV-813 йхяк. цюгю мю ябевс;;;;;;
10XV813.OP;;DI;нряей-кэ 10-XV-813 йхяк. цюгю мю ябевс;;;;;;
10XV813.OP;;DO;нряей-кэ 10-XV-813 йхяк. цюгю мю ябевс;;;;;;
10XV814.PV;;DI;нряей-кэ 10-XV-814 йхяк. цюгю й тнпя. оняке ябевх;;;;;;
10XV814.OP;;DI;нряей-кэ 10-XV-814 йхяк. цюгю й тнпя. оняке ябевх;;;;;;
10XV814.OP;;DO;нряей-кэ 10-XV-814 йхяк. цюгю й тнпя. оняке ябевх;;;;;;
10HS034B1.PV;;DI;дхярюм. нярюмнбйю м-1001б хг ноепюрнпмни;;;;;;
10HS034B2.PV;;DI;дхярюм. нярюмнбйю м-1001б хг ноепюрнпмни;;;;;;
10HS034C.PV;;DI;ймнойю мю леярм. оюмекх. нярюмнб оевх м-1001б.;;;;;;
10HS040A.PV;;DI;юбюпхимюъ ондювю оюпю б глееб. м-1001B;;;;;;
10HS040B.PV;;DI;юбюпхимюъ ондювю оюпю б глееб. м-1001B;;;;;;
10HS153A1.PV;;DI;ймнойю он леярс. онф. оюп б рнойс H-1001б;;;;;;
10HS153B1.PV;;DI;дхярюм. ймнойю. онф. оюп б рнойс H-1001б;;;;;;
10HS153B2.PV;;DI;дхярюм. ймнойю. онф. оюп б рнойс H-1001б;;;;;;
10HS180BA.PV;;DI;дхяр. ймнойю цпсоо. нрйкчв. мюя. яннп. 02 хг ноепюрнпм;;;;;;
10HS180BB.PV;;DI;дхяр. ймнойю цпсоо. нрйкчв. мюя. яннп. 02 хг ноепюрнпм;;;;;;
10HS181BA.PV;;DI;дхяр. ймнойю цпсоо. нрйкчв. мюя. яннп. 03 хг ноепюрнпм;;;;;;
10HS181BB.PV;;DI;дхяр. ймнойю цпсоо. нрйкчв. мюя. яннп. 03 хг ноепюрнпм;;;;;;
10HS835.PV;;DI;ймнойю ондрбепфд. рпебнцх я леяр. оюмекх м-1001б;;;;;;
10HS836.PV;;DI;ймнойю реярю кюло мю леяр. оюмекх м-1001б;;;;;;
10HS837.PV;;DI;ймнойю опнбепйх мю цепл. я леяр. оюмекх м-1001б;;;;;;
10HS838.PV;;DI;ймнойю мювюкю опндсбйх я леяр. оюмекх м-1001б;;;;;;
10HS841B.PV;;DI;ймнойю гюйп. кхмхх охкнр. цюгю я леяр. оюмекх м-1001б;;;;;;
10HS841C.PV;;DI;ймнойю нрйп. кхмхх охкнр. цюгю я леяр. оюмекх м-1001б;;;;;;
10HS842A.PV;;DI;ймнойю нрйп. кхмхх ням. цюгю я леяр. оюмекх м-1001б;;;;;;
10HS842B.PV;;DI;ймнойю гюйп. кхмхх ням. цюгю я леяр. оюмекх м-1001б;;;;;;
10HS843A.PV;;DI;ймнойю нрйп. кхмхх фхдй. рнокхбю я леяр. оюмекх м-1001б;;;;;;
10HS843B.PV;;DI;ймнойю гюйп. кхмхх фхдй. рнокхбю я леяр. оюмекх м-1001б;;;;;;
10HS844A.PV;;DI;ймнойю нрйп. кхмхх йхяк. цюгю я леяр. оюмекх м-1001б;;;;;;
10HS844B.PV;;DI;ймнойю гюйп. кхмхх йхяк. цюгю я леяр. оюмекх м-1001б;;;;;;
00XA101EMC04.PV;;DI;IB-10-1 ьйют E-MC-04 наыхи юбюпхимши яхцмюк;;;;;;
00XA101EMC05.PV;;DI;IB-10-1 ьйют E-MC-05 наыхи юбюпхимши яхцмюк;;;;;;
10XY040A.PV;;DI;соп. нря-кел 10-XV-040A яхярелни оюг;;;;;;
10XY040B.PV;;DI;соп. нря-кел 10-XV-040B яхярелни оюг;;;;;;
10XY040C.PV;;DI;соп. нря-кел 10-XV-040C яхярелни оюг;;;;;;
10XY040D.PV;;DI;соп. нря-кел 10-XV-040D яхярелни оюг;;;;;;
10XY040E.PV;;DI;соп. нря-кел 10-XV-040E яхярелни оюг;;;;;;
10XY040F.PV;;DI;соп. нря-кел 10-XV-040F яхярелни оюг;;;;;;
10XY040G.PV;;DI;соп. нря-кел 10-XV-040G яхярелни оюг;;;;;;
10XY040H.PV;;DI;соп. нря-кел 10-XV-040H яхярелни оюг;;;;;;
10XY134.PV;;DI;соп. нря-кел 10-XV-134 яхярелни оюг;;;;;;
10XY153.PV;;DI;соп. нря-кел 10-XV-153 яхярелни оюг;;;;;;
10HA153A_PA.PV;;DI;ймнойю он леярс. онф. оюп б рнойс H-1001б. йнмрюйр яхцм-жхъ;;;;;;
10BALL900A.PV;;DI;хмд-нп окюлемх цнпекйх ╧1 мю леярм. оюмекх.;;;;;;
10BALL901A.PV;;DI;хмд-нп окюлемх цнпекйх ╧2 мю леярм. оюмекх.;;;;;;
10BALL902A.PV;;DI;хмд-нп окюлемх цнпекйх ╧3 мю леярм. оюмекх.;;;;;;
10BALL903A.PV;;DI;хмд-нп окюлемх цнпекйх ╧4 мю леярм. оюмекх.;;;;;;
10BALL904A.PV;;DI;хмд-нп окюлемх цнпекйх ╧5 мю леярм. оюмекх.;;;;;;
10BALL905A.PV;;DI;хмд-нп окюлемх цнпекйх ╧6 мю леярм. оюмекх.;;;;;;
10BALL906A.PV;;DI;хмд-нп окюлемх цнпекйх ╧7 мю леярм. оюмекх.;;;;;;
10BALL907A.PV;;DI;хмд-нп окюлемх цнпекйх ╧8 мю леярм. оюмекх.;;;;;;
10BALL908A.PV;;DI;хмд-нп окюлемх цнпекйх ╧9 мю леярм. оюмекх.;;;;;;
10BALL909A.PV;;DI;хмд-нп окюлемх цнпекйх ╧10 мю леярм. оюмекх.;;;;;;
10BALL910A.PV;;DI;хмд-нп окюлемх цнпекйх ╧11 мю леярм. оюмекх.;;;;;;
10BALL911A.PV;;DI;хмд-нп окюлемх цнпекйх ╧12 мю леярм. оюмекх.;;;;;;
10XA034.PV;;DI;юбюпхимши нярюмнб оевх м-1001б;;;;;;
10XA839B.PV;;DI;ньхайю осяй. онякед-рх. хмдхй-жхъ мю леяр. оюмекх м-1001б;;;;;;
10XA839C.PV;;DI;аегноюям. юрлнятепю б оевх (12 цнп-й). хмдхй-жхъ мю леяр. оюмекх м-1001б;;;;;;
10XA845.PV;;DI;юйрхбюжхъ яхпемш. мю леяр. оюмекх м-1001б;;;;;;
10XA847A.PV;;DI;наыхи нярюмнб оевх. хмдхй-жхъ мю леяр. оюмекх м-1001б;;;;;;
10XA847B.PV;;DI;опнцюп глееб-йю (опнрхбнонф. гюыхрю). хмдхй-жхъ мю леяр. оюмекх м-1001б;;;;;;
10XA847C.PV;;DI;наыюъ акнй-йю оевх. хмдхй-жхъ мю леяр. оюмекх м-1001б;;;;;;
10XA847D.PV;;DI;онрепъ ръцх б оевх. хмдхй-жхъ мю леяр. оюмекх м-1001б;;;;;;
10XA847E.PV;;DI;бшянй. рело. дшл. цюгнб. хмдхй-жхъ мю леяр. оюмекх м-1001б;;;;;;
10XA847F.PV;;DI;нярюмнб охкнр. кхмхх. хмдхй-жхъ мю леяр. оюмекх м-1001б;;;;;;
10XA847G.PV;;DI;нярюмнб кхмхх люгсрю. хмдхй-жхъ мю леяр. оюмекх м-1001б;;;;;;
10XA847H.PV;;DI;меяннр. онкнф. нряей-къ йнлюмде. хмдхй-жхъ мю леяр. оюмекх м-1001б;;;;;;
10XA847J.PV;;DI;онцюяюмхе окюлемх. хмдхй-жхъ мю леяр. оюмекх м-1001б;;;;;;
10XA847K.PV;;DI;нрйк. н2 юмюкхгюрнпнб. хмдхй-жхъ мю леяр. оюмекх м-1001б;;;;;;
10XL804A.PV;;DI;нряей-кэ 10-XV-804 нрйпшр. хмдхй-жхъ мю леяр. оюмекх м-1001б;;;;;;
10XL804B.PV;;DI;нряей-кэ 10-XV-804 гюйпшр. хмдхй-жхъ мю леяр. оюмекх м-1001б;;;;;;
10XL805A.PV;;DI;нряей-кэ 10-XV-805 нрйпшр. хмдхй-жхъ мю леяр. оюмекх м-1001б;;;;;;
10XL805B.PV;;DI;нряей-кэ 10-XV-805 гюйпшр. хмдхй-жхъ мю леяр. оюмекх м-1001б;;;;;;
10XL806A.PV;;DI;нряей-кэ 10-XV-806 нрйпшр. хмдхй-жхъ мю леяр. оюмекх м-1001б;;;;;;
10XL806B.PV;;DI;нряей-кэ 10-XV-806 гюйпшр. хмдхй-жхъ мю леяр. оюмекх м-1001б;;;;;;
10XL807A.PV;;DI;нряей-кэ 10-XV-807 гюйпшр. хмдхй-жхъ мю леяр. оюмекх м-1001б;;;;;;
10XL807B.PV;;DI;нряей-кэ 10-XV-807 нрйпшр. хмдхй-жхъ мю леяр. оюмекх м-1001б;;;;;;
10XL808A.PV;;DI;нряей-кэ 10-XV-808 нрйпшр. хмдхй-жхъ мю леяр. оюмекх м-1001б;;;;;;
10XL810A.PV;;DI;нряей-кэ 10-XV-810 гюйпшр. хмдхй-жхъ мю леяр. оюмекх м-1001б;;;;;;
10XL810B.PV;;DI;нряей-кэ 10-XV-810 нрйпшр. хмдхй-жхъ мю леяр. оюмекх м-1001б;;;;;;
10XL811A.PV;;DI;нряей-кэ 10-XV-811 нрйпшр. хмдхй-жхъ мю леяр. оюмекх м-1001б;;;;;;
10XL811B.PV;;DI;нряей-кэ 10-XV-811 гюйпшр. хмдхй-жхъ мю леяр. оюмекх м-1001б;;;;;;
10XL812A.PV;;DI;нряей-кэ 10-XV-812 нрйпшр. хмдхй-жхъ мю леяр. оюмекх м-1001б;;;;;;
10XL812B.PV;;DI;нряей-кэ 10-XV-812 гюйпшр. хмдхй-жхъ мю леяр. оюмекх м-1001б;;;;;;
10XL813A.PV;;DI;нряей-кэ 10-XV-813 гюйпшр. хмдхй-жхъ мю леяр. оюмекх м-1001б;;;;;;
10XL813B.PV;;DI;нряей-кэ 10-XV-813 нрйпшр. хмдхй-жхъ мю леяр. оюмекх м-1001б;;;;;;
10XL814A.PV;;DI;нряей-кэ 10-XV-814 нрйпшр. хмдхй-жхъ мю леяр. оюмекх м-1001б;;;;;;
10XL814B.PV;;DI;нряей-кэ 10-XV-814 гюйпшр. хмдхй-жхъ мю леяр. оюмекх м-1001б;;;;;;
10XL837A.PV;;DI;опнбепйю мю цеплерхв. гюбепьемю. хмдхй-жхъ мю леяр. оюмекх м-1001б;;;;;;
10XL838A.PV;;DI;опндсбйю гюбепьемю. хмдхй-жхъ мю леяр. оюмекх м-1001б;;;;;;
10XL840.PV;;DI;9 цнпек-й пюгнффемш. хмдхй-жхъ мю леяр. оюмекх м-1001б;;;;;;
10XL841.PV;;DI;цнрнбм. й пнгфхцс охкнр. цюгю. хмдхй-жхъ мю леяр. оюмекх м-1001б;;;;;;
10XL842.PV;;DI;цнрнбм. й пнгфхцс ням. цюгю. хмдхй-жхъ мю леяр. оюмекх м-1001б;;;;;;
10XL843.PV;;DI;цнрнбм. й пнгфхцс фхдй. рнокхбю. хмдхй-жхъ мю леяр. оюмекх м-1001б;;;;;;
10XL844.PV;;DI;цнрнбм. й пнгфхцс йхяк. цюгю. хмдхй-жхъ мю леяр. оюмекх м-1001б;;;;;;
10XY006.PV;;DI;нярюмнб мюяняю п-1010ю яхяр. оюг;;;;;;
10XY007.PV;;DI;нярюмнб мюяняю п-1010S яхяр. оюг;;;;;;
10XY012.PV;;DI;нярюмнб мюяняю п-1005ю яхяр. оюг;;;;;;
10XY013.PV;;DI;нярюмнб мюяняю п-1005S яхяр. оюг;;;;;;
10XY019.PV;;DI;нярюмнб мюяняю п-1009ю яхяр. оюг;;;;;;
10XY020.PV;;DI;нярюмнб мюяняю п-1009S яхяр. оюг;;;;;;
10XY051.PV;;DI;нярюмнб мюяняю P-1002A яхяр. оюг;;;;;;
10XY052.PV;;DI;нярюмнб мюяняю п-1003ю яхяр. оюг;;;;;;
10XY053.PV;;DI;нярюмнб мюяняю п-1003S яхяр. оюг;;;;;;
10XY054.PV;;DI;нярюмнб мюяняю п-1004ю яхяр. оюг;;;;;;
10XY055.PV;;DI;нярюмнб мюяняю п-1004S яхяр. оюг;;;;;;
10XY065.PV;;DI;нярюмнб мюяняю п-1006ю яхяр. оюг;;;;;;
10XY066.PV;;DI;нярюмнб мюяняю п-1006S яхяр. оюг;;;;;;
10XY816.PV;;DI;нярюмнб бнгдсундсбйх C-1001CX яхяр. оюг;;;;;;
10XY817.PV;;DI;нярюмнб бнгдсундсбйх C-1001DX яхяр. оюг;;;;;;
10XY818.PV;;DI;нярюмнб дшлняняю C-1002BX яхяр. оюг;;;;;;
10BALL900_901_PA.PV;;DI;онцюя. окюлемх б цнпекйюу ╧1 х ╧2. 1 хг 2 яхцм-жхъ;;;;;;
10BALL900_901.PV;;DI;онцюя. окюлемх б цнпекйюу ╧1 х ╧2. хмхжхюрнп акнй-йх;;;;;;
10BALL901_902_PA.PV;;DI;онцюя. окюлемх б цнпекйюу ╧2 х ╧3. 1 хг 2 яхцм-жхъ;;;;;;
10BALL901_902.PV;;DI;онцюя. окюлемх б цнпекйюу ╧2 х ╧3. хмхжхюрнп акнй-йх;;;;;;
10BALL902_903_PA.PV;;DI;онцюя. окюлемх б цнпекйюу ╧3 х ╧4. 1 хг 2 яхцм-жхъ;;;;;;
10BALL902_903.PV;;DI;онцюя. окюлемх б цнпекйюу ╧3 х ╧4. хмхжхюрнп акнй-йх;;;;;;
10BALL903_904.PV;;DI;онцюя. окюлемх б цнпекйюу ╧4 х ╧5. хмхжхюрнп акнй-йх;;;;;;
10BALL903_904_PA.PV;;DI;онцюя. окюлемх б цнпекйюу ╧4 х ╧5. 1 хг 2 яхцм-жхъ;;;;;;
10BALL904_905_PA.PV;;DI;онцюя. окюлемх б цнпекйюу ╧5 х ╧6. 1 хг 2 яхцм-жхъ;;;;;;
10BALL904_905.PV;;DI;онцюя. окюлемх б цнпекйюу ╧5 х ╧6. хмхжхюрнп акнй-йх;;;;;;
10BALL906_907.PV;;DI;онцюя. окюлемх б цнпекйюу ╧7 х ╧8. хмхжхюрнп акнй-йх;;;;;;
00XA101E02ELD.PV;;DI;IB-10-1 ьйют ESD-02 сревйю мю гелкч;;;;;;
00XA101E02ELD.OP;;DI;IB-10-1 ьйют ESD-02 сревйю мю гелкч;;;;;;
00XA101E02ELD.OP;;DO;IB-10-1 ьйют ESD-02 сревйю мю гелкч;;;;;;
00XA101E02FAN.PV;;DI;IB-10-1 ьйют ESD-02 мехяопюбмнярэ бемрхкърнпю;;;;;;
00XA101E02P01.PV;;DI;IB-10-1 ьйют ESD-02 мехяопюбмнярэ хо 01;;;;;;
00XA101E02P02.PV;;DI;IB-10-1 ьйют ESD-02 мехяопюбмнярэ хо 02;;;;;;
00XA101E02P03.PV;;DI;IB-10-1 ьйют ESD-02 мехяопюбмнярэ хо 03;;;;;;
00XA101E02P04.PV;;DI;IB-10-1 ьйют ESD-02 мехяопюбмнярэ хо 04;;;;;;
00XA101E02TMP.PV;;DI;IB-10-1 ьйют ESD-02 опебшьемхе релоепюрспш б ьйютс;;;;;;
10HS179AA.PV;;DI;леяр. ймнойю нрйкчв. п-1002ю яннп. 01;;;;;;
10HS179AB.PV;;DI;леяр. ймнойю нрйкчв. п-1002ю яннп. 01;;;;;;
10HS179BA.PV;;DI;дхяр. ймнойю нрйкчв. п-1002ю яннп. 01 хг ноепюрнпмни;;;;;;
10HS179BB.PV;;DI;дхяр. ймнойю нрйкчв. п-1002ю яннп. 01 хг ноепюрнпмни;;;;;;
10HS180AA1.PV;;DI;леяр. ймнойю ╧1 цпсоо. нрйкчв. мюянянб яннп. 02;;;;;;
10HS180AA2.PV;;DI;леяр. ймнойю ╧2 цпсоо. нрйкчв. мюянянб яннп. 02;;;;;;
10HS180AB1.PV;;DI;леяр. ймнойю ╧1 цпсоо. нрйкчв. мюянянб яннп. 02;;;;;;
10HS180AB2.PV;;DI;леяр. ймнойю ╧2 цпсоо. нрйкчв. мюянянб яннп. 02;;;;;;
10HS181AA1.PV;;DI;леяр. ймнойю ╧1 цпсоо. нрйкчв. мюянянб яннп. 03;;;;;;
10HS181AA2.PV;;DI;леяр. ймнойю ╧2 цпсоо. нрйкчв. мюянянб яннп. 03;;;;;;
10HS181AB1.PV;;DI;леяр. ймнойю ╧1 цпсоо. нрйкчв. мюянянб яннп. 03;;;;;;
10HS181AB2.PV;;DI;леяр. ймнойю ╧2 цпсоо. нрйкчв. мюянянб яннп. 03;;;;;;
10XS710.PV;;DI;нярюмнб рспахмш Pб-1002S йнмр-пнл WOODWARD;;;;;;
10HS153A2.PV;;DI;ймнойю он леярс. онф. оюп б рнойс H-1001б;;;;;;
10XV800.PV;;DI;ьхаеп 10-XV-800 б рпсае дшл. цюгнб;;;;;;
10XV800.OP;;DI;ьхаеп 10-XV-800 б рпсае дшл. цюгнб;;;;;;
10XV804.PV;;DI;нряей-кэ 10-XV-804 фхдй, рнок. й тнпясмйюл;;;;;;
10XV804.OP;;DI;нряей-кэ 10-XV-804 фхдй, рнок. й тнпясмйюл;;;;;;
10XV805.PV;;DI;нряей-кэ 10-XV-805 фхдй. рнок. нр оевх;;;;;;
10XV805.OP;;DI;нряей-кэ 10-XV-805 фхдй. рнок. нр оевх;;;;;;
10XV806.PV;;DI;нряей-кэ 10-XV-806 рнок. цюгю й тнпясмйюл;;;;;;
10XV806.OP;;DI;нряей-кэ 10-XV-806 рнок. цюгю й тнпясмйюл;;;;;;
10XV807.PV;;DI;нряей-кэ 10-XV-807 рнок. цюгю мю ябевс;;;;;;
10XV807.OP;;DI;нряей-кэ 10-XV-807 рнок. цюгю мю ябевс;;;;;;
10XV808.PV;;DI;нряей-кэ 10-XV-808 рнок. цюгю й тнпя. оняке ябевх;;;;;;
10XV808.OP;;DI;нряей-кэ 10-XV-808 рнок. цюгю й тнпя. оняке ябевх;;;;;;
10XV809.PV;;DI;нряей-кэ 10-XV-809 охкнр. цюгю й тнпясмйюл;;;;;;
10XV809.OP;;DI;нряей-кэ 10-XV-809 охкнр. цюгю й тнпясмйюл;;;;;;
10XV810.PV;;DI;нряей-кэ 10-XV-810 охкнр. цюгю мю ябевс;;;;;;
10XV810.OP;;DI;нряей-кэ 10-XV-810 охкнр. цюгю мю ябевс;;;;;;
10XV811.PV;;DI;нряей-кэ 10-XV-811 охкнр. цюгю й тнпя. оняке ябевх;;;;;;
10XV811.OP;;DI;нряей-кэ 10-XV-811 охкнр. цюгю й тнпя. оняке ябевх;;;;;;
10XL808B.PV;;DI;нряей-кэ 10-XV-808 гюйпшр. хмдхй-жхъ мю леяр. оюмекх м-1001б;;;;;;
10XL809A.PV;;DI;нряей-кэ 10-XV-809 нрйпшр. хмдхй-жхъ мю леяр. оюмекх м-1001б;;;;;;
10XL809B.PV;;DI;нряей-кэ 10-XV-809 гюйпшр. хмдхй-жхъ мю леяр. оюмекх м-1001б;;;;;;
10BALL906_907_PA.PV;;DI;онцюя. окюлемх б цнпекйюу ╧7 х ╧8. 1 хг 2 яхцм-жхъ;;;;;;
10BALL907_908.PV;;DI;онцюя. окюлемх б цнпекйюу ╧8 х ╧9. хмхжхюрнп акнй-йх;;;;;;
10BALL907_908_PA.PV;;DI;онцюя. окюлемх б цнпекйюу ╧8 х ╧9. 1 хг 2 яхцм-жхъ;;;;;;
10BALL908_909.PV;;DI;онцюя. окюлемх б цнпекйюу ╧9 х ╧10. хмхжхюрнп акнй-йх;;;;;;
10BALL908_909_PA.PV;;DI;онцюя. окюлемх б цнпекйюу ╧9 х ╧10. 1 хг 2 яхцм-жхъ;;;;;;
10BALL909_910.PV;;DI;онцюя. окюлемх б цнпекйюу ╧10 х ╧11. хмхжхюрнп акнй-йх;;;;;;
10BALL909_910_PA.PV;;DI;онцюя. окюлемх б цнпекйюу ╧10 х ╧11. 1 хг 2 яхцм-жхъ;;;;;;
10BALL910_911.PV;;DI;онцюя. окюлемх б цнпекйюу ╧11 х ╧12. хмхжхюрнп акнй-йх;;;;;;
10BALL910_911_PA.PV;;DI;онцюя. окюлемх б цнпекйюу ╧11 х ╧12. 1 хг 2 яхцм-жхъ;;;;;;
10SIS006_RR.PV;;DI;цнрнбм. й яапняс акнй-йх 10-I-006 (10LALL017/011);;;;;;
10SIS007_RR.PV;;DI;цнрнбм. й яапняс акнй-йх 10-I-007 (10LALL018/012);;;;;;
10SIS010_RR.PV;;DI;цнрнбм. й яапняс акнй-йх 10-I-010 (10LALL019/013);;;;;;
10SIS011_RR.PV;;DI;цнрнбм. й яапняс акнй-йх 10-I-011 (10LALL016/010);;;;;;
10SIS035_RR.PV;;DI;цнрнбм. й яапняс акнй-йх 10-I-035 (10HS153A/B, оевмше);;;;;;
10SISP1002S_RR.PV;;DI;цнрнбм. й яапняс акнй. P-1002S (BENTLY, рело., 10-I-013);;;;;;
10SIS013_RR.PV;;DI;цнрнбм. й яапняс акнй-йх 10-I-013 (10LALL022/014);;;;;;
10SIS058_RR.PV;;DI;цнрнбм. й яапняс акнй-йх 10-I-058 (10HS040);;;;;;
10SIS012_RR.PV;;DI;цнрнбм. й яапняс акнй-йх 10-I-012 (10LAHH015/014);;;;;;
10LALL022S_FU.PV;;DI;спнбемэ б йсае р-1001. оепбнопхвхмю;;;;;;
10XA847B_STS.PV;;DI;опнцюп глееб-йю (опнрхбнонф. гюыхрю). хмдхй-жхъ б пяс;;;;;;
10XA847H_STS.PV;;DI;меяннр. онкнф. нряей-къ йнлюмде. хмдхй-жхъ б пяс;;;;;;
10XA847F_STS.PV;;DI;нярюмнб охкнр. кхмхх. хмдхй-жхъ б пяс;;;;;;
10XA847C_STS.PV;;DI;наыюъ акнй-йю оевх. хмдхй-жхъ б пяс;;;;;;
10XA847E_STS.PV;;DI;бшянй. рело. дшл. цюгнб. хмдхй-жхъ б пяс;;;;;;
10XA847G_STS.PV;;DI;нярюмнб кхмхх люгсрю. хмдхй-жхъ б пяс;;;;;;
10XA847A_STS.PV;;DI;наыхи нярюмнб оевх. хмдхй-жхъ б пяс;;;;;;
10XA847J_STS.PV;;DI;онцюяюмхе окюлемх. хмдхй-жхъ б пяс;;;;;;
10XA847D_STS.PV;;DI;онрепъ ръцх б оевх. хмдхй-жхъ б пяс;;;;;;
10XA847K_STS.PV;;DI;нрйк. н2 юмюкхгюрнпнб. хмдхй-жхъ б пяс;;;;;;
10XY815B.PV;;DI;нярюмнб мюяняю п-1002S. йнлюмдю б WOODWARD;;;;;;
01_09_SNESD_FLT.PV;;DI;яоюг_001_1-яоюг_101_2;;;;;;
10HA153A.PV;;DI;ймнойю он леярс. онф. оюп б рнойс H-1001б. хмхжхюрнп акнй-йх;;;;;;
10HS034A2.PV;;DI;ймнойю он леярс. нярюмнб оевх H-1001B;;;;;;
10HA034A_PA.PV;;DI;ймнойю он леярс. нярюмнб оевх H-1001B. йнмрюйр яхцм-жхъ;;;;;;
10HA034A.PV;;DI;ймнойю он леярс. нярюмнб оевх H-1001B. хмхжхюрнп акнй-йх;;;;;;
10HS034A1.PV;;DI;ймнойю он леярс. нярюмнб оевх H-1001B;;;;;;
10HA034A_FU.PV;;DI;ймнойю он леярс. нярюмнб оевх H-1001B. оепбнопхвхмю;;;;;;
10PI811A_OO.PV;;DI;ондювю фхдйнцн рнокхбю. деакнй. опх осяйе;;;;;;
10PI811B_OO.PV;;DI;ондювю фхдйнцн рнокхбю. деакнй. опх осяйе;;;;;;
10PDT812_OO.PV;;DI;ондювю фхд. рнокхбю / пюяошкемхе оюпю. деакнй. опх осяйе;;;;;;
10PI817A_OO.PV;;DI;нямнбмни цнпчвхи цюг. деакнй. опх осяйе;;;;;;
10PI817B_OO.PV;;DI;нямнбмни цнпчвхи цюг. деакнй. опх осяйе;;;;;;
10FLTRES_SYS9.PV;;DI;яапня мехяопюб. дюр-йнб б йнмрп. ESD_101_2;;;;;;
10FLTRES_SYS9.OP;;DI;яапня мехяопюб. дюр-йнб б йнмрп. ESD_101_2;;;;;;
10FLTRES_SYS9.OP;;DO;яапня мехяопюб. дюр-йнб б йнмрп. ESD_101_2;;;;;;
10VAH942Y.PV;;DI;P-1002S мюяня бхапюж. Y яхцм-жхъ;;;;;;
10VAH943Y.PV;;DI;P-1002S рспахмю бхапюж. Y яхцм-жхъ;;;;;;
10VAH944Y.PV;;DI;P-1002S рспахмю бхапюж. Y яхцм-жхъ;;;;;;
10SIS062.PV;;DI;нрйкчвемхе юмюкхгюрнпнб ймнойни 10HS034;;;;;;
10SIS062_CA.PV;;DI;нрйкчвемхе юмюкхгюрнпнб ймнойни 10HS034. яхцмюкхгюжхъ;;;;;;
10HS848.PV;;DI;юрл. нярюрнй б м-1001б. деакнй. опх осяйе хг пяс;;;;;;
10HS848.OP;;DI;юрл. нярюрнй б м-1001б. деакнй. опх осяйе хг пяс;;;;;;
10HS848.OP;;DO;юрл. нярюрнй б м-1001б. деакнй. опх осяйе хг пяс;;;;;;
10HS848.MD;;DI;юрл. нярюрнй б м-1001б. деакнй. опх осяйе хг пяс;;;;;;
10VAH931X.PV;;DI;P-1002A мюяня бхапюж. X яхцм-жхъ;;;;;;
10VAH931Y.PV;;DI;P-1002A мюяня бхапюж. Y яхцм-жхъ;;;;;;
10VAH932X.PV;;DI;P-1002A мюяня бхапюж. X яхцм-жхъ;;;;;;
10VAH932Y.PV;;DI;P-1002A мюяня бхапюж. Y яхцм-жхъ;;;;;;
10XY812_ESD.PV;;DI;нряей-кэ 10-XV-812 йхяк. цюгю й тнпясмйюл;;;;;;
10XY813_ESD.PV;;DI;нряей-кэ 10-XV-813 йхяк. цюгю мю ябевс;;;;;;
10XY814_ESD.PV;;DI;нряей-кэ 10-XV-814 йхяк. цюгю й тнпя. оняке ябевх;;;;;;
10HSXV040A_F.PV;;DI;ймнойю бгбндю нряей-къ 10-XV-040A. мехяопюбмнярэ кхмхх;;;;;;
10HSXV040B_F.PV;;DI;ймнойю бгбндю нряей-къ 10-XV-040B. мехяопюбмнярэ кхмхх;;;;;;
10HSXV040C_F.PV;;DI;ймнойю бгбндю нряей-къ 10-XV-040C. мехяопюбмнярэ кхмхх;;;;;;
10HSXV040D_F.PV;;DI;ймнойю бгбндю нряей-къ 10-XV-040D. мехяопюбмнярэ кхмхх;;;;;;
10HSXV040E_F.PV;;DI;ймнойю бгбндю нряей-къ 10-XV-040E. мехяопюбмнярэ кхмхх;;;;;;
10HSXV040F_F.PV;;DI;ймнойю бгбндю нряей-къ 10-XV-040F. мехяопюбмнярэ кхмхх;;;;;;
10HSXV040G_F.PV;;DI;ймнойю бгбндю нряей-къ 10-XV-040G. мехяопюбмнярэ кхмхх;;;;;;
10HSXV040H_F.PV;;DI;ймнойю бгбндю нряей-къ 10-XV-040H. мехяопюбмнярэ кхмхх;;;;;;
10VAH941X.PV;;DI;P-1002S мюяня бхапюж. X яхцм-жхъ;;;;;;
10VAH942X.PV;;DI;P-1002S мюяня бхапюж. X яхцм-жхъ;;;;;;
10VAH943X.PV;;DI;P-1002S рспахмю бхапюж. X яхцм-жхъ;;;;;;
10VAH944X.PV;;DI;P-1002S рспахмю бхапюж. X яхцм-жхъ;;;;;;
10VAH941Y.PV;;DI;P-1002S мюяня бхапюж. Y яхцм-жхъ;;;;;;
10PAHH807_30.PV;;DI;дюбкемхе мю оепебюке анкее 30 яей. хмхжхюрнп акнй-йх;;;;;;
10HS306.PV;;DI;яапня акнйхпнбйх 10-I-006 (10LALL017/011) хг пяс;;;;;;
10HS306.OP;;DI;яапня акнйхпнбйх 10-I-006 (10LALL017/011) хг пяс;;;;;;
10HS306.OP;;DO;яапня акнйхпнбйх 10-I-006 (10LALL017/011) хг пяс;;;;;;
10TAHH801_30.PV;;DI;релоеп. дшл. цюгнб б йнмбейжхх. хмхжхюрнп акнй-йх;;;;;;
10PAHH817B_CA.PV;;DI;нямнбмни цнпчвхи цюг. яхцмюкхгюжхъ;;;;;;
10PALL819A_CA.PV;;DI;охкнрмши цюг дкъ пнгфхцю. яхцмюкхгюжхъ;;;;;;
10PALL819B_CA.PV;;DI;охкнрмши цюг дкъ пнгфхцю. яхцмюкхгюжхъ;;;;;;
10PAHH819B_CA.PV;;DI;охкнрмши цюг дкъ пнгфхцю. яхцмюкхгюжхъ;;;;;;
10PAHH819A_CA.PV;;DI;охкнрмши цюг дкъ пнгфхцю. яхцмюкхгюжхъ;;;;;;
10VSHH941XY_MO.PV;;DI;P-1002S мюяня бхапюж. акнйхпнбйю;;;;;;
10VSHH941XY_MO.OP;;DI;P-1002S мюяня бхапюж. акнйхпнбйю;;;;;;
10VSHH941XY_MO.OP;;DO;P-1002S мюяня бхапюж. акнйхпнбйю;;;;;;
10VSHH941XY_MO.MD;;DI;P-1002S мюяня бхапюж. акнйхпнбйю;;;;;;
10VSHH942XY_MO.PV;;DI;P-1002S мюяня бхапюж. акнйхпнбйю;;;;;;
10VSHH942XY_MO.OP;;DI;P-1002S мюяня бхапюж. акнйхпнбйю;;;;;;
10VSHH942XY_MO.OP;;DO;P-1002S мюяня бхапюж. акнйхпнбйю;;;;;;
10VSHH942XY_MO.MD;;DI;P-1002S мюяня бхапюж. акнйхпнбйю;;;;;;
10VSHH943XY_MO.PV;;DI;P-1002S рспахмю бхапюж. акнйхпнбйю;;;;;;
10VSHH943XY_MO.OP;;DI;P-1002S рспахмю бхапюж. акнйхпнбйю;;;;;;
10VSHH943XY_MO.OP;;DO;P-1002S рспахмю бхапюж. акнйхпнбйю;;;;;;
10VSHH943XY_MO.MD;;DI;P-1002S рспахмю бхапюж. акнйхпнбйю;;;;;;
10TI731A_TF.PV;;DI;P-1002A мюяня р рело. ондьхо. дюрвхй;;;;;;
10TI732A_TF.PV;;DI;P-1002A мюяня J рело. ондьхо. дюрвхй;;;;;;
10TI733A_TF.PV;;DI;P-1002A мюяня J рело. ондьхо. дюрвхй;;;;;;
10TI741A_TF.PV;;DI;P-1002S мюяня р рело. ондьхо. дюрвхй;;;;;;
10TI742A_TF.PV;;DI;P-1002S мюяня J рело. ондьхо. дюрвхй;;;;;;
10TI743A_TF.PV;;DI;P-1002S мюяня J рело. ондьхо. дюрвхй;;;;;;
10TI751A_TF.PV;;DI;P-1004A мюяня р рело. ондьхо. дюрвхй;;;;;;
10TI752A_TF.PV;;DI;P-1004A мюяня J рело. ондьхо. дюрвхй;;;;;;
10TI753A_TF.PV;;DI;P-1004A мюяня J рело. ондьхо. дюрвхй;;;;;;
10TI761A_TF.PV;;DI;P-1004S мюяня р рело. ондьхо. дюрвхй;;;;;;
10TI762A_TF.PV;;DI;P-1004S мюяня J рело. ондьхо. дюрвхй;;;;;;
10TI763A_TF.PV;;DI;P-1004S мюяня J рело. ондьхо. дюрвхй;;;;;;
10TI770A2_TF.PV;;DI;P-1003A мюяня рело. ондьхо. дюрвхй;;;;;;
10TI770B2_TF.PV;;DI;P-1003A мюяня рело. ондьхо. дюрвхй;;;;;;
10TI772A2_TF.PV;;DI;P-1003S мюяня рело. ондьхо. дюрвхй;;;;;;
10TI772B2_TF.PV;;DI;P-1003S мюяня рело. ондьхо. дюрвхй;;;;;;
10TI775A2_TF.PV;;DI;P-1005A мюяня рело. кхм. ондьхо. дюрвхй;;;;;;
10TI775B2_TF.PV;;DI;P-1005A мюяня рело. нонп. ондьхо. дюрвхй;;;;;;
10TI777A2_TF.PV;;DI;P-1005S мюяня рело. кхм. ондьхо. дюрвхй;;;;;;
10TI777B2_TF.PV;;DI;P-1005S мюяня рело. нонп. ондьхо. дюрвхй;;;;;;
10TI779A2_TF.PV;;DI;P-1006A мюяня рело. кхм. ондьхо. дюрвхй;;;;;;
10TI779B2_TF.PV;;DI;P-1006A мюяня рело. нонп. ондьхо. дюрвхй;;;;;;
10TI781A2_TF.PV;;DI;P-1006S мюяня рело. кхм. ондьхо. дюрвхй;;;;;;
10TI781B2_TF.PV;;DI;P-1006S мюяня рело. нонп. ондьхо. дюрвхй;;;;;;
10TI783A2_TF.PV;;DI;P-1009A мюяня рело. кхм. ондьхо. дюрвхй;;;;;;
10TI783B2_TF.PV;;DI;P-1009A мюяня рело. нонп. ондьхо. дюрвхй;;;;;;
10TI785A2_TF.PV;;DI;P-1009S мюяня рело. кхм. ондьхо. дюрвхй;;;;;;
10TI785B2_TF.PV;;DI;P-1009S мюяня рело. нонп. ондьхо. дюрвхй;;;;;;
10TI787A2_TF.PV;;DI;P-1010A мюяня рело. кхм. ондьхо. дюрвхй;;;;;;
10TI787B2_TF.PV;;DI;P-1010A мюяня рело. нонп. ондьхо. дюрвхй;;;;;;
10TI789A2_TF.PV;;DI;P-1010S мюяня рело. кхм. ондьхо. дюрвхй;;;;;;
10TI789B2_TF.PV;;DI;P-1010S мюяня рело. нонп. ондьхо. дюрвхй;;;;;;
10TI801A_TF.PV;;DI;релоеп. дшл. цюгнб б йнмбейжхх дюрвхй;;;;;;
10TAHH731A_CA.PV;;DI;P-1002A мюяня р рело. ондьхо. яхцмюкхгюжхъ;;;;;;
10TAHH732A_CA.PV;;DI;P-1002A мюяня J рело. ондьхо. яхцмюкхгюжхъ;;;;;;
10TAHH733A_CA.PV;;DI;P-1002A мюяня J рело. ондьхо. яхцмюкхгюжхъ;;;;;;
10TAHH741A_CA.PV;;DI;P-1002S мюяня р рело. ондьхо. яхцмюкхгюжхъ;;;;;;
10TAHH742A_CA.PV;;DI;P-1002S мюяня J рело. ондьхо. яхцмюкхгюжхъ;;;;;;
10TAHH743A_CA.PV;;DI;P-1002S мюяня J рело. ондьхо. яхцмюкхгюжхъ;;;;;;
10TAHH751A_CA.PV;;DI;P-1004A мюяня р рело. ондьхо. яхцмюкхгюжхъ;;;;;;
10TAHH752A_CA.PV;;DI;P-1004A мюяня J рело. ондьхо. яхцмюкхгюжхъ;;;;;;
10TAHH753A_CA.PV;;DI;P-1004A мюяня J рело. ондьхо. яхцмюкхгюжхъ;;;;;;
10TAHH761A_CA.PV;;DI;P-1004S мюяня р рело. ондьхо. яхцмюкхгюжхъ;;;;;;
10TAHH762A_CA.PV;;DI;P-1004S мюяня J рело. ондьхо. яхцмюкхгюжхъ;;;;;;
10TAHH763A_CA.PV;;DI;P-1004S мюяня J рело. ондьхо. яхцмюкхгюжхъ;;;;;;
10TAHH770A2_CA.PV;;DI;P-1003A мюяня рело. ондьхо. яхцмюкхгюжхъ;;;;;;
10TAHH770B2_CA.PV;;DI;P-1003A мюяня рело. ондьхо. яхцмюкхгюжхъ;;;;;;
10TAHH772A2_CA.PV;;DI;P-1003S мюяня рело. ондьхо. яхцмюкхгюжхъ;;;;;;
10TAHH772B2_CA.PV;;DI;P-1003S мюяня рело. ондьхо. яхцмюкхгюжхъ;;;;;;
10TAHH775A2_CA.PV;;DI;P-1005A мюяня рело. кхм. ондьхо. яхцмюкхгюжхъ;;;;;;
10TAHH775B2_CA.PV;;DI;P-1005A мюяня рело. нонп. ондьхо. яхцмюкхгюжхъ;;;;;;
10TAHH777A2_CA.PV;;DI;P-1005S мюяня рело. кхм. ондьхо. яхцмюкхгюжхъ;;;;;;
10TAHH777B2_CA.PV;;DI;P-1005S мюяня рело. нонп. ондьхо. яхцмюкхгюжхъ;;;;;;
10TAHH779A2_CA.PV;;DI;P-1006A мюяня рело. кхм. ондьхо. яхцмюкхгюжхъ;;;;;;
10TAHH779B2_CA.PV;;DI;P-1006A мюяня рело. нонп. ондьхо. яхцмюкхгюжхъ;;;;;;
10TAHH781A2_CA.PV;;DI;P-1006S мюяня рело. кхм. ондьхо. яхцмюкхгюжхъ;;;;;;
10TAHH781B2_CA.PV;;DI;P-1006S мюяня рело. нонп. ондьхо. яхцмюкхгюжхъ;;;;;;
10TAHH783A2_CA.PV;;DI;P-1009A мюяня рело. кхм. ондьхо. яхцмюкхгюжхъ;;;;;;
10TAHH783B2_CA.PV;;DI;P-1009A мюяня рело. нонп. ондьхо. яхцмюкхгюжхъ;;;;;;
10TAHH785A2_CA.PV;;DI;P-1009S мюяня рело. кхм. ондьхо. яхцмюкхгюжхъ;;;;;;
10TAHH785B2_CA.PV;;DI;P-1009S мюяня рело. нонп. ондьхо. яхцмюкхгюжхъ;;;;;;
10TAHH787A2_CA.PV;;DI;P-1010A мюяня рело. кхм. ондьхо. яхцмюкхгюжхъ;;;;;;
10TAHH787B2_CA.PV;;DI;P-1010A мюяня рело. нонп. ондьхо. яхцмюкхгюжхъ;;;;;;
10TAHH789A2_CA.PV;;DI;P-1010S мюяня рело. кхм. ондьхо. яхцмюкхгюжхъ;;;;;;
10TAHH789B2_CA.PV;;DI;P-1010S мюяня рело. нонп. ондьхо. яхцмюкхгюжхъ;;;;;;
10TAHH801A_CA.PV;;DI;релоеп. дшл. цюгнб б йнмбейжхх. яхцмюкхгюжхъ;;;;;;
10HS034C_MO.PV;;DI;ймнойю мю леярм. оюмекх. нярюмнб оевх м-1001б. акнйхпнбйю;;;;;;
10HS034C_MO.OP;;DI;ймнойю мю леярм. оюмекх. нярюмнб оевх м-1001б. акнйхпнбйю;;;;;;
10HS034C_MO.OP;;DO;ймнойю мю леярм. оюмекх. нярюмнб оевх м-1001б. акнйхпнбйю;;;;;;
10HS034C_MO.MD;;DI;ймнойю мю леярм. оюмекх. нярюмнб оевх м-1001б. акнйхпнбйю;;;;;;
10HS841B_MO.PV;;DI;ймнойю гюйп. кхмхх охкнр. цюгю я леяр. оюмекх м-1001б. акнйхпнбйю;;;;;;
10HS841B_MO.OP;;DI;ймнойю гюйп. кхмхх охкнр. цюгю я леяр. оюмекх м-1001б. акнйхпнбйю;;;;;;
10HS841B_MO.OP;;DO;ймнойю гюйп. кхмхх охкнр. цюгю я леяр. оюмекх м-1001б. акнйхпнбйю;;;;;;
10HS841B_MO.MD;;DI;ймнойю гюйп. кхмхх охкнр. цюгю я леяр. оюмекх м-1001б. акнйхпнбйю;;;;;;
10HS842B_MO.PV;;DI;ймнойю гюйп. кхмхх ням. цюгю я леяр. оюмекх м-1001б. акнйхпнбйю;;;;;;
10HS842B_MO.OP;;DI;ймнойю гюйп. кхмхх ням. цюгю я леяр. оюмекх м-1001б. акнйхпнбйю;;;;;;
10HS842B_MO.OP;;DO;ймнойю гюйп. кхмхх ням. цюгю я леяр. оюмекх м-1001б. акнйхпнбйю;;;;;;
10HS842B_MO.MD;;DI;ймнойю гюйп. кхмхх ням. цюгю я леяр. оюмекх м-1001б. акнйхпнбйю;;;;;;
10HS843B_MO.PV;;DI;ймнойю гюйп. кхмхх фхдй. рнокхбю я леяр. оюмекх м-1001б. акнйхпнбйю;;;;;;
10HS843B_MO.OP;;DI;ймнойю гюйп. кхмхх фхдй. рнокхбю я леяр. оюмекх м-1001б. акнйхпнбйю;;;;;;
10HS843B_MO.OP;;DO;ймнойю гюйп. кхмхх фхдй. рнокхбю я леяр. оюмекх м-1001б. акнйхпнбйю;;;;;;
10HS843B_MO.MD;;DI;ймнойю гюйп. кхмхх фхдй. рнокхбю я леяр. оюмекх м-1001б. акнйхпнбйю;;;;;;
10HS844B_MO.PV;;DI;ймнойю гюйп. кхмхх йхяк. цюгю я леяр. оюмекх м-1001б. акнйхпнбйю;;;;;;
10HS844B_MO.OP;;DI;ймнойю гюйп. кхмхх йхяк. цюгю я леяр. оюмекх м-1001б. акнйхпнбйю;;;;;;
10HS844B_MO.OP;;DO;ймнойю гюйп. кхмхх йхяк. цюгю я леяр. оюмекх м-1001б. акнйхпнбйю;;;;;;
10HS844B_MO.MD;;DI;ймнойю гюйп. кхмхх йхяк. цюгю я леяр. оюмекх м-1001б. акнйхпнбйю;;;;;;
10AI900ABC_MO.PV;;DI;яндеп. н2 б дшл. цюге м-1001B. акнйхпнбйю;;;;;;
10AI900ABC_MO.OP;;DI;яндеп. н2 б дшл. цюге м-1001B. акнйхпнбйю;;;;;;
10AI900ABC_MO.OP;;DO;яндеп. н2 б дшл. цюге м-1001B. акнйхпнбйю;;;;;;
10AI900ABC_MO.MD;;DI;яндеп. н2 б дшл. цюге м-1001B. акнйхпнбйю;;;;;;
10TI089ABC_MO.PV;;DI;юрл. нярюрнй хг H-1001B (1 глеебхй) акнйхпнбйю;;;;;;
10TI089ABC_MO.OP;;DI;юрл. нярюрнй хг H-1001B (1 глеебхй) акнйхпнбйю;;;;;;
10TI089ABC_MO.OP;;DO;юрл. нярюрнй хг H-1001B (1 глеебхй) акнйхпнбйю;;;;;;
10TI089ABC_MO.MD;;DI;юрл. нярюрнй хг H-1001B (1 глеебхй) акнйхпнбйю;;;;;;
10TI092ABC_MO.PV;;DI;юрл. нярюрнй хг H-1001B (2 глеебхй) акнйхпнбйю;;;;;;
10TI092ABC_MO.OP;;DI;юрл. нярюрнй хг H-1001B (2 глеебхй) акнйхпнбйю;;;;;;
10TI092ABC_MO.OP;;DO;юрл. нярюрнй хг H-1001B (2 глеебхй) акнйхпнбйю;;;;;;
10TI092ABC_MO.MD;;DI;юрл. нярюрнй хг H-1001B (2 глеебхй) акнйхпнбйю;;;;;;
10TI093ABC_MO.PV;;DI;юрл. нярюрнй хг H-1001B (3 глеебхй) акнйхпнбйю;;;;;;
10TI093ABC_MO.OP;;DI;юрл. нярюрнй хг H-1001B (3 глеебхй) акнйхпнбйю;;;;;;
10TI093ABC_MO.OP;;DO;юрл. нярюрнй хг H-1001B (3 глеебхй) акнйхпнбйю;;;;;;
10TI093ABC_MO.MD;;DI;юрл. нярюрнй хг H-1001B (3 глеебхй) акнйхпнбйю;;;;;;
10TI094ABC_MO.PV;;DI;юрл. нярюрнй хг H-1001B (4 глеебхй) акнйхпнбйю;;;;;;
10TI094ABC_MO.OP;;DI;юрл. нярюрнй хг H-1001B (4 глеебхй) акнйхпнбйю;;;;;;
10TI094ABC_MO.OP;;DO;юрл. нярюрнй хг H-1001B (4 глеебхй) акнйхпнбйю;;;;;;
10TI094ABC_MO.MD;;DI;юрл. нярюрнй хг H-1001B (4 глеебхй) акнйхпнбйю;;;;;;
10TI258ABC_MO.PV;;DI;юрл. нярюрнй хг H-1001B (5 глеебхй) акнйхпнбйю;;;;;;
10TI258ABC_MO.OP;;DI;юрл. нярюрнй хг H-1001B (5 глеебхй) акнйхпнбйю;;;;;;
10TI258ABC_MO.OP;;DO;юрл. нярюрнй хг H-1001B (5 глеебхй) акнйхпнбйю;;;;;;
10TI258ABC_MO.MD;;DI;юрл. нярюрнй хг H-1001B (5 глеебхй) акнйхпнбйю;;;;;;
10TI259ABC_MO.PV;;DI;юрл. нярюрнй хг H-1001B (6 глеебхй) акнйхпнбйю;;;;;;
10TI259ABC_MO.OP;;DI;юрл. нярюрнй хг H-1001B (6 глеебхй) акнйхпнбйю;;;;;;
10TI259ABC_MO.OP;;DO;юрл. нярюрнй хг H-1001B (6 глеебхй) акнйхпнбйю;;;;;;
10TI259ABC_MO.MD;;DI;юрл. нярюрнй хг H-1001B (6 глеебхй) акнйхпнбйю;;;;;;
10TI260ABC_MO.PV;;DI;юрл. нярюрнй хг H-1001B (7 глеебхй) акнйхпнбйю;;;;;;
10TI260ABC_MO.OP;;DI;юрл. нярюрнй хг H-1001B (7 глеебхй) акнйхпнбйю;;;;;;
10TI260ABC_MO.OP;;DO;юрл. нярюрнй хг H-1001B (7 глеебхй) акнйхпнбйю;;;;;;
10TI260ABC_MO.MD;;DI;юрл. нярюрнй хг H-1001B (7 глеебхй) акнйхпнбйю;;;;;;
10TI261ABC_MO.PV;;DI;юрл. нярюрнй хг H-1001B (8 глеебхй) акнйхпнбйю;;;;;;
10TI261ABC_MO.OP;;DI;юрл. нярюрнй хг H-1001B (8 глеебхй) акнйхпнбйю;;;;;;
10TI261ABC_MO.OP;;DO;юрл. нярюрнй хг H-1001B (8 глеебхй) акнйхпнбйю;;;;;;
10TI261ABC_MO.MD;;DI;юрл. нярюрнй хг H-1001B (8 глеебхй) акнйхпнбйю;;;;;;
10TI805ABC_MO.PV;;DI;релоеп. 10TI805A/805B/805C мю оепебюке м-1001б. акнйхпнбйю;;;;;;
10TI805ABC_MO.OP;;DI;релоеп. 10TI805A/805B/805C мю оепебюке м-1001б. акнйхпнбйю;;;;;;
10TI805ABC_MO.OP;;DO;релоеп. 10TI805A/805B/805C мю оепебюке м-1001б. акнйхпнбйю;;;;;;
10TI805ABC_MO.MD;;DI;релоеп. 10TI805A/805B/805C мю оепебюке м-1001б. акнйхпнбйю;;;;;;
10XY804_ESD.PV;;DI;нряей-кэ 10-XV-804 фхдй, рнок. й тнпясмйюл;;;;;;
10XY805_ESD.PV;;DI;нряей-кэ 10-XV-805 фхдй. рнок. нр оевх;;;;;;
10XY806_ESD.PV;;DI;нряей-кэ 10-XV-806 рнок. цюгю й тнпясмйюл;;;;;;
10XY807_ESD.PV;;DI;нряей-кэ 10-XV-807 рнок. цюгю мю ябевс;;;;;;
10XY808_ESD.PV;;DI;нряей-кэ 10-XV-808 рнок. цюгю й тнпя. оняке ябевх;;;;;;
10XY809_ESD.PV;;DI;нряей-кэ 10-XV-809 охкнр. цюгю й тнпясмйюл;;;;;;
10XY810_ESD.PV;;DI;нряей-кэ 10-XV-810 охкнр. цюгю мю ябевс;;;;;;
10XY811_ESD.PV;;DI;нряей-кэ 10-XV-811 охкнр. цюгю й тнпя. оняке ябевх;;;;;;
10HS837A.PV;;DI;наунд реярю мю цепл-мнярэ осяй. онякед-рх м-1001B;;;;;;
10HS837A.OP;;DI;наунд реярю мю цепл-мнярэ осяй. онякед-рх м-1001B;;;;;;
10HS837A.OP;;DO;наунд реярю мю цепл-мнярэ осяй. онякед-рх м-1001B;;;;;;
10HS837A.MD;;DI;наунд реярю мю цепл-мнярэ осяй. онякед-рх м-1001B;;;;;;
10HS838A.PV;;DI;наунд опндсбйх осяй. онякед-рх м-1001б;;;;;;
10HS838A.OP;;DI;наунд опндсбйх осяй. онякед-рх м-1001б;;;;;;
10HS838A.OP;;DO;наунд опндсбйх осяй. онякед-рх м-1001б;;;;;;
10HS838A.MD;;DI;наунд опндсбйх осяй. онякед-рх м-1001б;;;;;;
10HA034C.PV;;DI;ймнойю мю леяр. оюмекх. нярюмнб оевх м-1001б. хмхжхюрнп акнй-йх;;;;;;
10HA841B.PV;;DI;ондювю охкнрмнцн цюгю гюйпшрю я леярм. оюмекх м-1001б;;;;;;
10HA842B.PV;;DI;ондювю нямнбмнцн цюгю гюйпшрю я леярм. оюмекх м-1001б;;;;;;
10HA843B.PV;;DI;ондювю фхдйнцн рнокхбю гюйпшрю я леярм. оюмекх м-1001б;;;;;;
10HA844B.PV;;DI;ондювю йхякнцн цюгю гюйпшрю я леярм. оюмекх м-1001б;;;;;;
10HS040_FU.PV;;DI;юбюпхимюъ ондювю оюпю б глееб. м-1001б. оепбнопхвхмю;;;;;;
10TAHH805_AALL900_FU.PV;;DI;р. оепебюкю х яндеп. н2 б дшл. цюге м-1001B. оепбнопхвхмю;;;;;;
10HSRES_SEQ_B.PV;;DI;яапня осяй. онякеднбюрекэмнярх м-1001б;;;;;;
10HSRES_SEQ_B.OP;;DI;яапня осяй. онякеднбюрекэмнярх м-1001б;;;;;;
10HSRES_SEQ_B.OP;;DO;яапня осяй. онякеднбюрекэмнярх м-1001б;;;;;;
10VSHH944XY_MO.PV;;DI;P-1002S рспахмю бхапюж. акнйхпнбйю;;;;;;
10VSHH944XY_MO.OP;;DI;P-1002S рспахмю бхапюж. акнйхпнбйю;;;;;;
10VSHH944XY_MO.OP;;DO;P-1002S рспахмю бхапюж. акнйхпнбйю;;;;;;
10VSHH944XY_MO.MD;;DI;P-1002S рспахмю бхапюж. акнйхпнбйю;;;;;;
10VSHH931XY_MO.PV;;DI;P-1002A мюяня бхапюж. акнйхпнбйю;;;;;;
10VSHH931XY_MO.OP;;DI;P-1002A мюяня бхапюж. акнйхпнбйю;;;;;;
10VSHH931XY_MO.OP;;DO;P-1002A мюяня бхапюж. акнйхпнбйю;;;;;;
10VSHH931XY_MO.MD;;DI;P-1002A мюяня бхапюж. акнйхпнбйю;;;;;;
10VSHH932XY_MO.PV;;DI;P-1002A мюяня бхапюж. акнйхпнбйю;;;;;;
10VSHH932XY_MO.OP;;DI;P-1002A мюяня бхапюж. акнйхпнбйю;;;;;;
10VSHH932XY_MO.OP;;DO;P-1002A мюяня бхапюж. акнйхпнбйю;;;;;;
10VSHH932XY_MO.MD;;DI;P-1002A мюяня бхапюж. акнйхпнбйю;;;;;;
IB101_ESD2_CS.PV;;DI;бмеьм. хярнвмхй бпелемх;;;;;;
IB101_ESD2_T.PV;;DI;релоепюрспю ме б мнпле;;;;;;
00XA101EMC06.PV;;DI;IB-10-1 ьйют E-MC-06 наыхи юбюпхимши яхцмюк;;;;;;
00XA101E02P05.PV;;DI;IB-10-1 ьйют ESD-02 мехяопюбмнярэ хо 05;;;;;;
00XA101E02P06.PV;;DI;IB-10-1 ьйют ESD-02 мехяопюбмнярэ хо 06;;;;;;
10TAL734_CA.PV;;DI;рело. надсбю щк. дбхц. P-1002ю яхцмюкхгюжхъ;;;;;;
10TAL754_CA.PV;;DI;рело. надсбю щк. дбхц. P-1004ю яхцмюкхгюжхъ;;;;;;
10TAL764_CA.PV;;DI;рело. надсбю щк. дбхц. P-1004S яхцмюкхгюжхъ;;;;;;
10TAL734.PV;;DI;рело. надсбю щк. дбхц. P-1002ю;;;;;;
10TAL754.PV;;DI;рело. надсбю щк. дбхц. P-1004ю;;;;;;
10TAL764.PV;;DI;рело. надсбю щк. дбхц. P-1004S;;;;;;
10VAH931XY.PV;;DI;P-1002A мюяня бхапюж. X х Y яхцм-жхъ;;;;;;
10VAH932XY.PV;;DI;P-1002A мюяня бхапюж. X х Y яхцм-жхъ;;;;;;
10VAH941XY.PV;;DI;P-1002S мюяня бхапюж. X х Y яхцм-жхъ;;;;;;
10VAH942XY.PV;;DI;P-1002S мюяня бхапюж. X х Y яхцм-жхъ;;;;;;
10VAH943XY.PV;;DI;P-1002S рспахмю бхапюж. X х Y яхцм-жхъ;;;;;;
10VAH944XY.PV;;DI;P-1002S рспахмю бхапюж. X х Y яхцм-жхъ;;;;;;
10VSHH931X.PV;;DI;P-1002A мюяня бхапюж. X акнй-йю;;;;;;
10VSHH931Y.PV;;DI;P-1002A мюяня бхапюж. Y акнй-йю;;;;;;
10VSHH932X.PV;;DI;P-1002A мюяня бхапюж. X акнй-йю;;;;;;
10VSHH932Y.PV;;DI;P-1002A мюяня бхапюж. Y акнй-йю;;;;;;
10VSHH941X.PV;;DI;P-1002S мюяня бхапюж. X акнй-йю;;;;;;
10VSHH941Y.PV;;DI;P-1002S мюяня бхапюж. Y акнй-йю;;;;;;
10VSHH942X.PV;;DI;P-1002S мюяня бхапюж. X акнй-йю;;;;;;
10VSHH942Y.PV;;DI;P-1002S мюяня бхапюж. Y акнй-йю;;;;;;
10VSHH943X.PV;;DI;P-1002S рспахмю бхапюж. X акнй-йю;;;;;;
10VSHH943Y.PV;;DI;P-1002S рспахмю бхапюж. Y акнй-йю;;;;;;
10VSHH944X.PV;;DI;P-1002S рспахмю бхапюж. X акнй-йю;;;;;;
10VSHH944Y.PV;;DI;P-1002S рспахмю бхапюж. Y акнй-йю;;;;;;
10HSXV040A.PV;;DI;ймнойю бгбндю нряей-къ 10-XV-040A;;;;;;
10HSXV040B.PV;;DI;ймнойю бгбндю нряей-къ 10-XV-040B;;;;;;
10HSXV040C.PV;;DI;ймнойю бгбндю нряей-къ 10-XV-040C;;;;;;
10HSXV040D.PV;;DI;ймнойю бгбндю нряей-къ 10-XV-040D;;;;;;
10HSXV040E.PV;;DI;ймнойю бгбндю нряей-къ 10-XV-040E;;;;;;
10HSXV040F.PV;;DI;ймнойю бгбндю нряей-къ 10-XV-040F;;;;;;
10HSXV040G.PV;;DI;ймнойю бгбндю нряей-къ 10-XV-040G;;;;;;
10HSXV040H.PV;;DI;ймнойю бгбндю нряей-къ 10-XV-040H;;;;;;
10PAHH807_BALL900.PV;;DI;дюбкемхе мю оепебюке х онцюя. окюлемх цнпекйх >2 яей. хмхжхюрнп акнй-йх;;;;;;
10XY812_OOS.PV;;DI;нряей-кэ 10-XV-812. йкчв деакнй-йх OOS;;;;;;
10XY812_OOS.OP;;DI;нряей-кэ 10-XV-812. йкчв деакнй-йх OOS;;;;;;
10XY812_OOS.OP;;DO;нряей-кэ 10-XV-812. йкчв деакнй-йх OOS;;;;;;
10XY813_OOS.PV;;DI;нряей-кэ 10-XV-813. йкчв деакнй-йх OOS;;;;;;
10XY813_OOS.OP;;DI;нряей-кэ 10-XV-813. йкчв деакнй-йх OOS;;;;;;
10XY813_OOS.OP;;DO;нряей-кэ 10-XV-813. йкчв деакнй-йх OOS;;;;;;
10XY814_OOS.PV;;DI;нряей-кэ 10-XV-814. йкчв деакнй-йх OOS;;;;;;
10XY814_OOS.OP;;DI;нряей-кэ 10-XV-814. йкчв деакнй-йх OOS;;;;;;
10XY814_OOS.OP;;DO;нряей-кэ 10-XV-814. йкчв деакнй-йх OOS;;;;;;
10TI744A_TF.PV;;DI;P-1002S рспахмш J рело. ондьхо. дюрвхй;;;;;;
10TI745A_TF.PV;;DI;P-1002S рспахмш J рело. ондьхо. дюрвхй;;;;;;
10TAHH744A_CA.PV;;DI;P-1002S рспахмш J рело. ондьхо. яхцмюкхгюжхъ;;;;;;
10TAHH745A_CA.PV;;DI;P-1002S рспахмш J рело. ондьхо. яхцмюкхгюжхъ;;;;;;
IB101_ESD2_CF_ALM.PV;;DI;мЕХЯОПЮБМНЯРЭ ОН ДХЮЦМНЯРХЙЕ ЙНМРПНККЕПЮ ESD_101_2;;;;;;
10TAHH672.PV;;DI;P-1050A рело. ясунцн ундю. хмхжхюрнп акнй-йх;;;;;;
10TAHH674.PV;;DI;P-1050б рело. ясунцн ундю. хмхжхюрнп акнй-йх;;;;;;
10TAHH672_CA.PV;;DI;P-1050A рело. ясунцн ундю. яхцмюкхгюжхъ;;;;;;
10TAHH672A_CA.PV;;DI;P-1050A рело. ясунцн ундю. яхцмюкхгюжхъ;;;;;;
10TAHH674_CA.PV;;DI;P-1050B рело. ясунцн ундю. яхцмюкхгюжхъ;;;;;;
10TAHH674A_CA.PV;;DI;P-1050B рело. ясунцн ундю. яхцмюкхгюжхъ;;;;;;
10TI672_MO.PV;;DI;P-1050A 10TI672/672A рело. ясунцн ундю. акнйхпнбйю;;;;;;
10TI672_MO.OP;;DI;P-1050A 10TI672/672A рело. ясунцн ундю. акнйхпнбйю;;;;;;
10TI672_MO.OP;;DO;P-1050A 10TI672/672A рело. ясунцн ундю. акнйхпнбйю;;;;;;
10TI672_MO.MD;;DI;P-1050A 10TI672/672A рело. ясунцн ундю. акнйхпнбйю;;;;;;
10TI674_MO.PV;;DI;P-1050B 10TI674/674A рело. ясунцн ундю. акнйхпнбйю;;;;;;
10TI674_MO.OP;;DI;P-1050B 10TI674/674A рело. ясунцн ундю. акнйхпнбйю;;;;;;
10TI674_MO.OP;;DO;P-1050B 10TI674/674A рело. ясунцн ундю. акнйхпнбйю;;;;;;
10TI674_MO.MD;;DI;P-1050B 10TI674/674A рело. ясунцн ундю. акнйхпнбйю;;;;;;
10TI672_TF.PV;;DI;P-1050A рело. ясунцн ундю. дюрвхй;;;;;;
10TI674_TF.PV;;DI;P-1050B рело. ясунцн ундю. дюрвхй;;;;;;
10TI672A_TF.PV;;DI;P-1050A рело. ясунцн ундю. дюрвхй;;;;;;
10TI674A_TF.PV;;DI;P-1050B рело. ясунцн ундю. дюрвхй;;;;;;
10XY090.PV;;DI;нярюмнб мюяняю п-1050ю яхяр. оюг;;;;;;
10XY091.PV;;DI;нярюмнб мюяняю п-1010B яхяр. оюг;;;;;;
10HA034C_PA.PV;;DI;ймнойю мю леяр. оюмекх. нярюмнб оевх м-1001б. йнмрюйр яхцм-жхъ;;;;;;
10HS034C_2.PV;;DI;ймнойю мю леярм. оюмекх. нярюмнб оевх м-1001б.;;;;;;
10PAHH807A_CA.PV;;DI;дюбкемхе мю оепебюке. яхцмюкхгюжхъ;;;;;;
10PI807A_TF.PV;;DI;дюбкемхе мю оепебюке. дюрвхй;;;;;;
10PI843_TF.PV;;DI;бнгдсу й тнпясмйюл. дюрвхй;;;;;;
10PDALL812A_CA.PV;;DI;ондювю фхд. рнокхбю / пюяошкемхе оюпю. яхцмюкхгюжхъ;;;;;;
10PDI812A_TF.PV;;DI;ондювю фхд. рнокхбю / пюяошкемхе оюпю. дюрвхй;;;;;;
10XY815_1.PV;;DI;нярюмнб мюяняю п-1002S яхяр. оюг;;;;;;
10XY815_2.PV;;DI;нярюмнб мюяняю п-1002S яхяр. оюг;;;;;;
10XY815_1_F.PV;;DI;10XY815_1 мехяоп. кхмхх. нярюмнб мюяняю п-1002S яхяр. оюг;;;;;;
10XY815_2_F.PV;;DI;10XY815_2 мехяоп. кхмхх. нярюмнб мюяняю п-1002S яхяр. оюг;;;;;;
30LALL002_FU1.PV;;DI;спнбемэ б яшпэебни елйнярх V-3001;;;;;;+
30LALL002_FU2.PV;;DI;спнбемэ б яшпэебни елйнярх V-3001;;;;;;+
IB431_ESD1_SF.PV;;DI;оЕПЕОНКМЕМХЕ АСТТЕПЮ SOE ESD431_1;;;;;;
IB431_ESD1_RT1.PV;;DI;ярюпр REPAIR TIMER дкъ CP1;;;;;;
IB431_ESD1_RT2.PV;;DI;ярюпр REPAIR TIMER дкъ CP2;;;;;;
431FLTRES_SYS13.PV;;DI;яапня мехяопюб. дюр-йнб б йнмрп. ESD_431_1;;;;;;
431FLTRES_SYS13.OP;;DI;яапня мехяопюб. дюр-йнб б йнмрп. ESD_431_1;;;;;;
431FLTRES_SYS13.OP;;DO;яапня мехяопюб. дюр-йнб б йнмрп. ESD_431_1;;;;;;
00XA431E01ELD.PV;;DI;IB-43-1 ьйют ESD-01 сревйю мю гелкч;;;;;;
00XA431E01ELD.OP;;DI;IB-43-1 ьйют ESD-01 сревйю мю гелкч;;;;;;
00XA431E01ELD.OP;;DO;IB-43-1 ьйют ESD-01 сревйю мю гелкч;;;;;;
00XA431E01FAN.PV;;DI;IB-43-1 ьйют ESD-01 мехяопюбмнярэ бемрхкърнпю;;;;;;
00XA431E01P01.PV;;DI;IB-43-1 ьйют ESD-01 мехяопюбмнярэ хо 01;;;;;;
00XA431E01P02.PV;;DI;IB-43-1 ьйют ESD-01 мехяопюбмнярэ хо 02;;;;;;
00XA431E01TMP.PV;;DI;IB-43-1 ьйют ESD-01 опебшьемхе релоепюрспш б ьйютс;;;;;;
93HS151A.PV;;DI;леяр. ймнойю гюйп. нря-кеи 93-XV-104/105 (нряев. е-701);;;;;;
93HS151B.PV;;DI;леяр. ймнойю гюйп. нря-кеи 93-XV-104/105 (нряев. е-701);;;;;;
93HS152A.PV;;DI;леяр. ймнойю гюйп. нря-кеи 93-XV-106/107 (нряев. е-702);;;;;;
93HS152B.PV;;DI;леяр. ймнойю гюйп. нря-кеи 93-XV-106/107 (нряев. е-702);;;;;;
93HS153A.PV;;DI;леяр. ймнойю гюйп. нря-кеи 93-XV-108/109 (нряев. е-703);;;;;;
93HS153B.PV;;DI;леяр. ймнойю гюйп. нря-кеи 93-XV-108/109 (нряев. е-703);;;;;;
93HS154A.PV;;DI;леяр. ймнойю гюйп. нря-кеи 93-XV-110/111 (нряев. е-704);;;;;;
93HS154B.PV;;DI;леяр. ймнойю гюйп. нря-кеи 93-XV-110/111 (нряев. е-704);;;;;;
93HS155A.PV;;DI;леяр. ймнойю гюйп. нря-кеи 93-XV-112/113 (нряев. е-705);;;;;;
93HS155B.PV;;DI;леяр. ймнойю гюйп. нря-кеи 93-XV-112/113 (нряев. е-705);;;;;;
93XA104.PV;;DI;93-XV-104. меяннр. онкнф. йнлюмде. яхцмюкхгюжхъ;;;;;;
93XA105.PV;;DI;93-XV-105. меяннр. онкнф. йнлюмде. яхцмюкхгюжхъ;;;;;;
93XA106.PV;;DI;93-XV-106. меяннр. онкнф. йнлюмде. яхцмюкхгюжхъ;;;;;;
93XA107.PV;;DI;93-XV-107. меяннр. онкнф. йнлюмде. яхцмюкхгюжхъ;;;;;;
93XA108.PV;;DI;93-XV-108. меяннр. онкнф. йнлюмде. яхцмюкхгюжхъ;;;;;;
43HS450A.PV;;DI;дхяр. ймнойю цпсоо. нрйк. мюянянб хг ноепюрнпмни;;;;;;
43HS450B.PV;;DI;дхяр. ймнойю цпсоо. нрйк. мюянянб хг ноепюрнпмни;;;;;;
43LALL418.PV;;DI;нвхы. бндю б P-4301503AX. хмхжхюрнп акнй-йх;;;;;;
43LALL422.PV;;DI;нвхы. бндю й P-4301503SX. хмхжхюрнп акнй-йх;;;;;;
43LALL410.PV;;DI;мейнмдхжхъ й P-4301502AX. хмхжхюрнп акнй-йх;;;;;;
43LALL414.PV;;DI;мейнмдхжхъ й P-4301502SX. хмхжхюрнп акнй-йх;;;;;;
01_13_SNESD_FLT.PV;;DI;яоюг_001_1-яоюг_431_1;;;;;;
IB431_ESD1_CF.PV;;DI;мЕХЯОПЮБМНЯРЭ ЙНМРПНККЕПЮ ESD431_1;;;;;;
IB301_ESD1_CF.PV;;DI;яАНИ ЙНМРПНККЕПЮ ESD301-1;;;;;;++
IB301_ESD1_SF.PV;;DI;оЕПЕОНКМЕМХЕ АСТЕПЮ ESD301-1;;;;;;++
93XV104.PV;;DI;93-XV-104 нряейюрекэ;;;;;;
93XV104.OP;;DI;93-XV-104 нряейюрекэ;;;;;;
93XV104.OP;;DO;93-XV-104 нряейюрекэ;;;;;;
93XV105.PV;;DI;93-XV-105 нряейюрекэ;;;;;;
93XV105.OP;;DI;93-XV-105 нряейюрекэ;;;;;;
93XV105.OP;;DO;93-XV-105 нряейюрекэ;;;;;;
93XV106.PV;;DI;93-XV-106 нряейюрекэ;;;;;;
93XV106.OP;;DI;93-XV-106 нряейюрекэ;;;;;;
93XV106.OP;;DO;93-XV-106 нряейюрекэ;;;;;;
93XV107.PV;;DI;93-XV-107 нряейюрекэ;;;;;;
93XV107.OP;;DI;93-XV-107 нряейюрекэ;;;;;;
93XV107.OP;;DO;93-XV-107 нряейюрекэ;;;;;;
93XV108.PV;;DI;93-XV-108 нряейюрекэ;;;;;;
93XV108.OP;;DI;93-XV-108 нряейюрекэ;;;;;;
93XV108.OP;;DO;93-XV-108 нряейюрекэ;;;;;;
93XV109.PV;;DI;93-XV-109 нряейюрекэ;;;;;;
93XV109.OP;;DI;93-XV-109 нряейюрекэ;;;;;;
93XV109.OP;;DO;93-XV-109 нряейюрекэ;;;;;;
93XV110.PV;;DI;93-XV-110 нряейюрекэ;;;;;;
93XV110.OP;;DI;93-XV-110 нряейюрекэ;;;;;;
93XV110.OP;;DO;93-XV-110 нряейюрекэ;;;;;;
93XV111.PV;;DI;93-XV-111 нряейюрекэ;;;;;;
93XV111.OP;;DI;93-XV-111 нряейюрекэ;;;;;;
93XV111.OP;;DO;93-XV-111 нряейюрекэ;;;;;;
93XV112.PV;;DI;93-XV-112 нряейюрекэ;;;;;;
93XV112.OP;;DI;93-XV-112 нряейюрекэ;;;;;;
93XV112.OP;;DO;93-XV-112 нряейюрекэ;;;;;;
93XV113.PV;;DI;93-XV-113 нряейюрекэ;;;;;;
93XV113.OP;;DI;93-XV-113 нряейюрекэ;;;;;;
93XV113.OP;;DO;93-XV-113 нряейюрекэ;;;;;;
93XY104.PV;;DI;соп. нря-кел 93-XV-104 яхяр. оюг;;;;;;
93XA109.PV;;DI;93-XV-109. меяннр. онкнф. йнлюмде. яхцмюкхгюжхъ;;;;;;
93XA110.PV;;DI;93-XV-110. меяннр. онкнф. йнлюмде. яхцмюкхгюжхъ;;;;;;
93XA111.PV;;DI;93-XV-111. меяннр. онкнф. йнлюмде. яхцмюкхгюжхъ;;;;;;
93XA112.PV;;DI;93-XV-112. меяннр. онкнф. йнлюмде. яхцмюкхгюжхъ;;;;;;
93XA113.PV;;DI;93-XV-113. меяннр. онкнф. йнлюмде. яхцмюкхгюжхъ;;;;;;
93HA151.PV;;DI;леяр. ймнойю гюйп. нря-кеи 93-XV-104/105 (нряев. е-701). хмхжхюрнп акнй-йх;;;;;;
93HA151_PA.PV;;DI;леяр. ймнойю гюйп. нря-кеи 93-XV-104/105 (нряев. е-701). йнмрюйр яхцм-жхъ;;;;;;
93HA152.PV;;DI;леяр. ймнойю гюйп. нря-кеи 93-XV-106/107 (нряев. е-702). хмхжхюрнп акнй-йх;;;;;;
93HA152_PA.PV;;DI;леяр. ймнойю гюйп. нря-кеи 93-XV-106/107 (нряев. е-702). йнмрюйр яхцм-жхъ;;;;;;
93HA153.PV;;DI;леяр. ймнойю гюйп. нря-кеи 93-XV-108/109 (нряев. е-703). хмхжхюрнп акнй-йх;;;;;;
93HA153_PA.PV;;DI;леяр. ймнойю гюйп. нря-кеи 93-XV-108/109 (нряев. е-703). йнмрюйр яхцм-жхъ;;;;;;
93HA154.PV;;DI;леяр. ймнойю гюйп. нря-кеи 93-XV-110/111 (нряев. е-704). хмхжхюрнп акнй-йх;;;;;;
93HA154_PA.PV;;DI;леяр. ймнойю гюйп. нря-кеи 93-XV-110/111 (нряев. е-704). йнмрюйр яхцм-жхъ;;;;;;
93HA155.PV;;DI;леяр. ймнойю гюйп. нря-кеи 93-XV-112/113 (нряев. е-705). хмхжхюрнп акнй-йх;;;;;;
93HA155_PA.PV;;DI;леяр. ймнойю гюйп. нря-кеи 93-XV-112/113 (нряев. е-705). йнмрюйр яхцм-жхъ;;;;;;
00XA431EMC01.PV;;DI;IB-43-1 ьйют E-MC-01 наыхи юбюпхимши яхцмюк;;;;;;
00XA431EMC02.PV;;DI;IB-43-1 ьйют E-MC-02 наыхи юбюпхимши яхцмюк;;;;;;
43LALL450.PV;;DI;дхг. тпюйжхъ й P-4301506SX. хмхжхюрнп акнй-йх;;;;;;
93XY105.PV;;DI;соп. нря-кел 93-XV-105 яхяр. оюг;;;;;;
93XY106.PV;;DI;соп. нря-кел 93-XV-106 яхяр. оюг;;;;;;
93XY107.PV;;DI;соп. нря-кел 93-XV-107 яхяр. оюг;;;;;;
93XY108.PV;;DI;соп. нря-кел 93-XV-108 яхяр. оюг;;;;;;
93XY109.PV;;DI;соп. нря-кел 93-XV-109 яхяр. оюг;;;;;;
93XY110.PV;;DI;соп. нря-кел 93-XV-110 яхяр. оюг;;;;;;
93XY111.PV;;DI;соп. нря-кел 93-XV-111 яхяр. оюг;;;;;;
93XY112.PV;;DI;соп. нря-кел 93-XV-112 яхяр. оюг;;;;;;
93XY113.PV;;DI;соп. нря-кел 93-XV-113 яхяр. оюг;;;;;;
43HS902A.PV;;DI;йкчв пюгпеьемхъ деакнй-й свюярйю 430-15;;;;;;
43HS902B.PV;;DI;йкчв яапняю бяеу деакнй-й свюярйю 430-15;;;;;;
IB431_ESD1_D1.PV;;DI;тнпяюф пюгпеьем;;;;;;
IB431_ESD1_D2.PV;;DI;юйрхбмш тнпяюфх;;;;;;
IB431_ESD1_F1.PV;;DI;IB-43-1 яхярелю ESD-01 янярнъмхе йнмрпнккепю;;;;;;
IB431_ESD1_F2.PV;;DI;IB-43-1 яхярелю ESD-01 янярнъмхе бмеьмеи ябъгх;;;;;;
IB431_ESD1_F3.PV;;DI;IB-43-1 яхярелю ESD-01 янярнъмхе лндскеи ббндю/бшбндю;;;;;;
IB431_ESD1_F4.PV;;DI;IB-43-1 яхярелю ESD-01 наыее янярнъмхе яхяр. ьйютю;;;;;;
IB431_ESD1_F5.PV;;DI;IB-43-1 яхярелю ESD-01 наыее янярнъмхе йпняя. ьйютнб;;;;;;
43HA450_PA.PV;;DI;дхяр. ймнойю цпсоо. нрйк. мюянянб хг ноепюрнпмни. йнмрюйр яхцм-жхъ;;;;;;
43HA448_PA.PV;;DI;леяр. ймнойю цпсоо. нрйк. мюянянб LCSA5. йнмрюйр яхцм-жхъ;;;;;;
43HA449_PA.PV;;DI;леяр. ймнойю цпсоо. нрйк. мюянянб LCSA6. йнмрюйр яхцм-жхъ;;;;;;
43HA448.PV;;DI;леяр. ймнойю цпсоо. нрйк. мюянянб LCSA5. хмхжхюрнп акнй-йх;;;;;;
43HA449.PV;;DI;леяр. ймнойю цпсоо. нрйк. мюянянб LCSA6. хмхжхюрнп акнй-йх;;;;;;
43HA450.PV;;DI;дхяр. ймнойю цпсоо. нрйк. мюянянб хг ноепюрнпмни. хмхжхюрнп акнй-йх;;;;;;
43LALL402.PV;;DI;юрл. нярюрнй й P-4301501AX. хмхжхюрнп акнй-йх;;;;;;
43LALL406.PV;;DI;юрл. нярюрнй й P-4301501SX. хмхжхюрнп акнй-йх;;;;;;
43XY560A.PV;;DI;нрйпшрхе щк. гюдб-йх 43-XV-560 яхяр. оюг;;;;;;
43XY430A.PV;;DI;нярюмнб мюяняю P-4301501AX яхяр. оюг;;;;;;
43XY431A.PV;;DI;нярюмнб мюяняю P-4301501SX яхяр. оюг;;;;;;
43XY432A.PV;;DI;нярюмнб мюяняю P-4301502AX яхяр. оюг;;;;;;
43XY433A.PV;;DI;нярюмнб мюяняю P-4301502SX яхяр. оюг;;;;;;
43XY434A.PV;;DI;нярюмнб мюяняю P-4301503AX яхяр. оюг;;;;;;
43XY435A.PV;;DI;нярюмнб мюяняю P-4301503SX яхяр. оюг;;;;;;
43XY437A.PV;;DI;нярюмнб мюяняю P-43015041SX яхяр. оюг;;;;;;
43XY438A.PV;;DI;нярюмнб мюяняю P-43015042SX яхяр. оюг;;;;;;
43XY436A.PV;;DI;нярюмнб мюяняю P-4301504AX яхяр. оюг;;;;;;
43XY439A.PV;;DI;нярюмнб мюяняю P-4301505AX яхяр. оюг;;;;;;
43XY440A.PV;;DI;нярюмнб мюяняю P-4301505SX яхяр. оюг;;;;;;
43XY441A.PV;;DI;нярюмнб мюяняю P-4301506AX яхяр. оюг;;;;;;
43XY442A.PV;;DI;нярюмнб мюяняю P-4301506SX яхяр. оюг;;;;;;
43XY443A.PV;;DI;нярюмнб мюяняю P-4301507AX яхяр. оюг;;;;;;
43XY444A.PV;;DI;нярюмнб мюяняю P-4301507SX яхяр. оюг;;;;;;
43XY445A.PV;;DI;нярюмнб мюяняю P-4301508AX яхяр. оюг;;;;;;
43XY446A.PV;;DI;нярюмнб мюяняю P-4301508SX яхяр. оюг;;;;;;
43XY447A.PV;;DI;нярюмнб мюяняю P-4301509X яхяр. оюг;;;;;;
43LALL402_CA.PV;;DI;юрл. нярюрнй й P-4301501AX. яхцмюкхгюжхъ;;;;;;
30XZSO909.PV;;DI;30XV909 йнмжебхй нрйпшрхъ;;;;;;+
30XZSO910_A.PV;;DI;30XV910 йнмжебхй нрйпшрхъ;;;;;;+
30XZSO911.PV;;DI;30XV911 йнмжебхй нрйпшрхъ;;;;;;+
30XZSO906.PV;;DI;30XV906 йнмжебхй нрйпшрхъ;;;;;;+
30XZSO907_A.PV;;DI;30XV907 йнмжебхй нрйпшрхъ;;;;;;+
30XZSO908.PV;;DI;30XV908 йнмжебхй нрйпшрхъ;;;;;;+
30HS948.PV;;DI;йкчв деакнйюжхх пюяунднб бмххох;;;;;;+
30HS948.OP;;DI;йкчв деакнйюжхх пюяунднб бмххох;;;;;;+
30HS948.OP;;DO;йкчв деакнйюжхх пюяунднб бмххох;;;;;;+
43LALL406_CA.PV;;DI;юрл. нярюрнй й P-4301501SX. яхцмюкхгюжхъ;;;;;;
43LALL446_CA.PV;;DI;дхг. тпюйжхъ й P-4301506AX. яхцмюкхгюжхъ;;;;;;
43LALL450_CA.PV;;DI;дхг. тпюйжхъ й P-4301506SX. яхцмюкхгюжхъ;;;;;;
43LALL468_CA.PV;;DI;дпемюф метреоп. б F-4301501. яхцмюкхгюжхъ;;;;;;
43PALL559_CA.PV;;DI;йнккейрнп бнгдсую йхо. яхцмюкхгюжхъ;;;;;;
43LALL438_CA.PV;;DI;кбц й P-4301505AX. яхцмюкхгюжхъ;;;;;;
43LALL442_CA.PV;;DI;кбц й P-4301505SX. яхцмюкхгюжхъ;;;;;;
43LALL410_CA.PV;;DI;мейнмдхжхъ й P-4301502AX. яхцмюкхгюжхъ;;;;;;
43LALL414_CA.PV;;DI;мейнмдхжхъ й P-4301502SX. яхцмюкхгюжхъ;;;;;;
43LALL466_CA.PV;;DI;нук. фхдйнярэ й P-4301508AX. яхцмюкхгюжхъ;;;;;;
43LALL461_CA.PV;;DI;нук. фхдйнярэ й P-4301508SX. яхцмюкхгюжхъ;;;;;;
43LALL418_CA.PV;;DI;нвхы. бндю б P-4301503AX. яхцмюкхгюжхъ;;;;;;
43LALL422_CA.PV;;DI;нвхы. бндю й P-4301503SX. яхцмюкхгюжхъ;;;;;;
43LALL454_CA.PV;;DI;рбц й P-4301507AX. яхцмюкхгюжхъ;;;;;;
43LALL458_CA.PV;;DI;рбц й P-4301507SX. яхцмюкхгюжхъ;;;;;;
43LALL466.PV;;DI;нук. фхдйнярэ й P-4301508AX. хмхжхюрнп акнй-йх;;;;;;
43LALL461.PV;;DI;нук. фхдйнярэ й P-4301508SX. хмхжхюрнп акнй-йх;;;;;;
43PALL559.PV;;DI;йнккейрнп бнгдсую йхо. хмхжхюрнп акнй-йх;;;;;;
43LALL446.PV;;DI;дхг. тпюйжхъ й P-4301506AX. хмхжхюрнп акнй-йх;;;;;;
43LALL454.PV;;DI;рбц й P-4301507AX. хмхжхюрнп акнй-йх;;;;;;
43LALL458.PV;;DI;рбц й P-4301507SX. хмхжхюрнп акнй-йх;;;;;;
43LALL438.PV;;DI;кбц й P-4301505AX. хмхжхюрнп акнй-йх;;;;;;
43LALL442.PV;;DI;кбц й P-4301505SX. хмхжхюрнп акнй-йх;;;;;;
43LI402_TF.PV;;DI;юрл. нярюрнй й P-4301501AX. дюрвхй;;;;;;
43LI406_TF.PV;;DI;юрл. нярюрнй й P-4301501SX. дюрвхй;;;;;;
43LI446_TF.PV;;DI;дхг. тпюйжхъ й P-4301506AX. дюрвхй;;;;;;
43LI450_TF.PV;;DI;дхг. тпюйжхъ й P-4301506SX. дюрвхй;;;;;;
43LI468_TF.PV;;DI;дпемюф метреоп. б F-4301501. дюрвхй;;;;;;
43PI559_TF.PV;;DI;йнккейрнп бнгдсую йхо. дюрвхй;;;;;;
43LI438_TF.PV;;DI;кбц й P-4301505AX. дюрвхй;;;;;;
93XY104_ESD.PV;;DI;нряей-кэ 93-XV-104;;;;;;
93XY105_ESD.PV;;DI;нряей-кэ 93-XV-105;;;;;;
93XY106_ESD.PV;;DI;нряей-кэ 93-XV-106;;;;;;
93XY107_ESD.PV;;DI;нряей-кэ 93-XV-107;;;;;;
93XY108_ESD.PV;;DI;нряей-кэ 93-XV-108;;;;;;
93XY109_ESD.PV;;DI;нряей-кэ 93-XV-109;;;;;;
93XY110_ESD.PV;;DI;нряей-кэ 93-XV-110;;;;;;
93XY111_ESD.PV;;DI;нряей-кэ 93-XV-111;;;;;;
43LI406_MO.PV;;DI;43LI406/406A юрл. нярюрнй й P-4301501SX. акнйхпнбйю;;;;;;
43LI406_MO.OP;;DI;43LI406/406A юрл. нярюрнй й P-4301501SX. акнйхпнбйю;;;;;;
43LI406_MO.OP;;DO;43LI406/406A юрл. нярюрнй й P-4301501SX. акнйхпнбйю;;;;;;
43LI406_MO.MD;;DI;43LI406/406A юрл. нярюрнй й P-4301501SX. акнйхпнбйю;;;;;;
43LI446_MO.PV;;DI;43LI446/446A дхг. тпюйжхъ й P-4301506AX. акнйхпнбйю;;;;;;
43LI446_MO.OP;;DI;43LI446/446A дхг. тпюйжхъ й P-4301506AX. акнйхпнбйю;;;;;;
43LI446_MO.OP;;DO;43LI446/446A дхг. тпюйжхъ й P-4301506AX. акнйхпнбйю;;;;;;
43LI446_MO.MD;;DI;43LI446/446A дхг. тпюйжхъ й P-4301506AX. акнйхпнбйю;;;;;;
43LI450_MO.PV;;DI;43LI450/450A дхг. тпюйжхъ й P-4301506SX. акнйхпнбйю;;;;;;
43LI450_MO.OP;;DI;43LI450/450A дхг. тпюйжхъ й P-4301506SX. акнйхпнбйю;;;;;;
43LI450_MO.OP;;DO;43LI450/450A дхг. тпюйжхъ й P-4301506SX. акнйхпнбйю;;;;;;
43LI450_MO.MD;;DI;43LI450/450A дхг. тпюйжхъ й P-4301506SX. акнйхпнбйю;;;;;;
43LI468_MO.PV;;DI;спнбемэ 43LI468/469 дпемюфю метреоп. б F-4301501. акнйхпнбйю;;;;;;
43LI468_MO.OP;;DI;спнбемэ 43LI468/469 дпемюфю метреоп. б F-4301501. акнйхпнбйю;;;;;;
43LI468_MO.OP;;DO;спнбемэ 43LI468/469 дпемюфю метреоп. б F-4301501. акнйхпнбйю;;;;;;
43LI468_MO.MD;;DI;спнбемэ 43LI468/469 дпемюфю метреоп. б F-4301501. акнйхпнбйю;;;;;;
43PI559_MO.PV;;DI;дюбкемхе 43PI559/564 б йнккейрнпе бнгдсую йхо. акнйхпнбйю;;;;;;
43PI559_MO.OP;;DI;дюбкемхе 43PI559/564 б йнккейрнпе бнгдсую йхо. акнйхпнбйю;;;;;;
43PI559_MO.OP;;DO;дюбкемхе 43PI559/564 б йнккейрнпе бнгдсую йхо. акнйхпнбйю;;;;;;
43PI559_MO.MD;;DI;дюбкемхе 43PI559/564 б йнккейрнпе бнгдсую йхо. акнйхпнбйю;;;;;;
43LI438_MO.PV;;DI;43LI438/438A кбц й P-4301505AX. акнйхпнбйю;;;;;;
43LI438_MO.OP;;DI;43LI438/438A кбц й P-4301505AX. акнйхпнбйю;;;;;;
43LI438_MO.OP;;DO;43LI438/438A кбц й P-4301505AX. акнйхпнбйю;;;;;;
43LI438_MO.MD;;DI;43LI438/438A кбц й P-4301505AX. акнйхпнбйю;;;;;;
43LI442_MO.PV;;DI;43LI442/442A кбц й P-4301505SX. акнйхпнбйю;;;;;;
43LI442_MO.OP;;DI;43LI442/442A кбц й P-4301505SX. акнйхпнбйю;;;;;;
43LI442_MO.OP;;DO;43LI442/442A кбц й P-4301505SX. акнйхпнбйю;;;;;;
43LI442_MO.MD;;DI;43LI442/442A кбц й P-4301505SX. акнйхпнбйю;;;;;;
43LI410_MO.PV;;DI;43LI410/410A мейнмдхжхъ й P-4301502AX. акнйхпнбйю;;;;;;
43LI410_MO.OP;;DI;43LI410/410A мейнмдхжхъ й P-4301502AX. акнйхпнбйю;;;;;;
43LI410_MO.OP;;DO;43LI410/410A мейнмдхжхъ й P-4301502AX. акнйхпнбйю;;;;;;
43LI410_MO.MD;;DI;43LI410/410A мейнмдхжхъ й P-4301502AX. акнйхпнбйю;;;;;;
43LI414_MO.PV;;DI;43LI414/414A мейнмдхжхъ й P-4301502SX. акнйхпнбйю;;;;;;
43LI414_MO.OP;;DI;43LI414/414A мейнмдхжхъ й P-4301502SX. акнйхпнбйю;;;;;;
43LI414_MO.OP;;DO;43LI414/414A мейнмдхжхъ й P-4301502SX. акнйхпнбйю;;;;;;
43LI414_MO.MD;;DI;43LI414/414A мейнмдхжхъ й P-4301502SX. акнйхпнбйю;;;;;;
43LI466_MO.PV;;DI;43LI466/466A нук. фхдйнярэ й P-4301508AX. акнйхпнбйю;;;;;;
43LI466_MO.OP;;DI;43LI466/466A нук. фхдйнярэ й P-4301508AX. акнйхпнбйю;;;;;;
43LI466_MO.OP;;DO;43LI466/466A нук. фхдйнярэ й P-4301508AX. акнйхпнбйю;;;;;;
43LI466_MO.MD;;DI;43LI466/466A нук. фхдйнярэ й P-4301508AX. акнйхпнбйю;;;;;;
43LI461_MO.PV;;DI;43LI461/461A нук. фхдйнярэ й P-4301508SX. акнйхпнбйю;;;;;;
43LI461_MO.OP;;DI;43LI461/461A нук. фхдйнярэ й P-4301508SX. акнйхпнбйю;;;;;;
43LI461_MO.OP;;DO;43LI461/461A нук. фхдйнярэ й P-4301508SX. акнйхпнбйю;;;;;;
43LI461_MO.MD;;DI;43LI461/461A нук. фхдйнярэ й P-4301508SX. акнйхпнбйю;;;;;;
43LI418_MO.PV;;DI;43LI418/418A нвхы. бндю б P-4301503AX. акнйхпнбйю;;;;;;
43LI418_MO.OP;;DI;43LI418/418A нвхы. бндю б P-4301503AX. акнйхпнбйю;;;;;;
43LI418_MO.OP;;DO;43LI418/418A нвхы. бндю б P-4301503AX. акнйхпнбйю;;;;;;
43LI418_MO.MD;;DI;43LI418/418A нвхы. бндю б P-4301503AX. акнйхпнбйю;;;;;;
43LI422_MO.PV;;DI;43LI422/422A нвхы. бндю й P-4301503SX. акнйхпнбйю;;;;;;
43LI422_MO.OP;;DI;43LI422/422A нвхы. бндю й P-4301503SX. акнйхпнбйю;;;;;;
43LI422_MO.OP;;DO;43LI422/422A нвхы. бндю й P-4301503SX. акнйхпнбйю;;;;;;
43LI422_MO.MD;;DI;43LI422/422A нвхы. бндю й P-4301503SX. акнйхпнбйю;;;;;;
43LI454_MO.PV;;DI;43LI454/454A рбц й P-4301507AX. акнйхпнбйю;;;;;;
43LI454_MO.OP;;DI;43LI454/454A рбц й P-4301507AX. акнйхпнбйю;;;;;;
43LI454_MO.OP;;DO;43LI454/454A рбц й P-4301507AX. акнйхпнбйю;;;;;;
43LI454_MO.MD;;DI;43LI454/454A рбц й P-4301507AX. акнйхпнбйю;;;;;;
43LI458_MO.PV;;DI;43LI458/458A рбц й P-4301507SX. акнйхпнбйю;;;;;;
43LI458_MO.OP;;DI;43LI458/458A рбц й P-4301507SX. акнйхпнбйю;;;;;;
43LI458_MO.OP;;DO;43LI458/458A рбц й P-4301507SX. акнйхпнбйю;;;;;;
43LI458_MO.MD;;DI;43LI458/458A рбц й P-4301507SX. акнйхпнбйю;;;;;;
93XY112_ESD.PV;;DI;нряей-кэ 93-XV-112;;;;;;
43LI442_TF.PV;;DI;кбц й P-4301505SX. дюрвхй;;;;;;
43LI410_TF.PV;;DI;мейнмдхжхъ й P-4301502AX. дюрвхй;;;;;;
43LI414_TF.PV;;DI;мейнмдхжхъ й P-4301502SX. дюрвхй;;;;;;
43LI466_TF.PV;;DI;нук. фхдйнярэ й P-4301508AX. дюрвхй;;;;;;
43LI461_TF.PV;;DI;нук. фхдйнярэ й P-4301508SX. дюрвхй;;;;;;
43LI418_TF.PV;;DI;нвхы. бндю б P-4301503AX. дюрвхй;;;;;;
43LI422_TF.PV;;DI;нвхы. бндю й P-4301503SX. дюрвхй;;;;;;
43TI901B_TF.PV;;DI;р-пю нонп. ондьхо. мюяняю P-4301501AX. дюрвхй;;;;;;
43TI903B_TF.PV;;DI;р-пю нонп. ондьхо. мюяняю P-4301501SX. дюрвхй;;;;;;
43TI905B_TF.PV;;DI;р-пю нонп. ондьхо. мюяняю P-4301502AX. дюрвхй;;;;;;
43TI907B_TF.PV;;DI;р-пю нонп. ондьхо. мюяняю P-4301502SX. дюрвхй;;;;;;
43TI909B_TF.PV;;DI;р-пю нонп. ондьхо. мюяняю P-4301506AX. дюрвхй;;;;;;
43TI911B_TF.PV;;DI;р-пю нонп. ондьхо. мюяняю P-4301506SX. дюрвхй;;;;;;
43TI913B_TF.PV;;DI;р-пю нонп. ондьхо. мюяняю P-4301507AX. дюрвхй;;;;;;
43TI915B_TF.PV;;DI;р-пю нонп. ондьхо. мюяняю P-4301507SX. дюрвхй;;;;;;
43TI971_TF.PV;;DI;р-пю ондьхо. мюяняю P-4301509. дюрвхй;;;;;;
43TI901A_TF.PV;;DI;р-пю пюд. ондьхо. мюяняю P-4301501AX. дюрвхй;;;;;;
43TI903A_TF.PV;;DI;р-пю пюд. ондьхо. мюяняю P-4301501SX. дюрвхй;;;;;;
43TI905A_TF.PV;;DI;р-пю пюд. ондьхо. мюяняю P-4301502AX. дюрвхй;;;;;;
43TI907A_TF.PV;;DI;р-пю пюд. ондьхо. мюяняю P-4301502SX. дюрвхй;;;;;;
43TI909A_TF.PV;;DI;р-пю пюд. ондьхо. мюяняю P-4301506AX. дюрвхй;;;;;;
43TI911A_TF.PV;;DI;р-пю пюд. ондьхо. мюяняю P-4301506SX. дюрвхй;;;;;;
43TI913A_TF.PV;;DI;р-пю пюд. ондьхо. мюяняю P-4301507AX. дюрвхй;;;;;;
43TI915A_TF.PV;;DI;р-пю пюд. ондьхо. мюяняю P-4301507SX. дюрвхй;;;;;;
43LI454_TF.PV;;DI;рбц й P-4301507AX. дюрвхй;;;;;;
43LI458_TF.PV;;DI;рбц й P-4301507SX. дюрвхй;;;;;;
43LALL468.PV;;DI;дпемюф метреоп. б F-4301501. хмхжхюрнп акнй-йх;;;;;;
43HS448A.PV;;DI;леяр. ймнойю цпсоо. нрйк. мюянянб LCSA5;;;;;;
43HS448B.PV;;DI;леяр. ймнойю цпсоо. нрйк. мюянянб LCSA5;;;;;;
43HS449A.PV;;DI;леяр. ймнойю цпсоо. нрйк. мюянянб LCSA6;;;;;;
43HS449B.PV;;DI;леяр. ймнойю цпсоо. нрйк. мюянянб LCSA6;;;;;;
43LI402_MO.PV;;DI;43LI402/402A юрл. нярюрнй й P-4301501AX. акнйхпнбйю;;;;;;
43LI402_MO.OP;;DI;43LI402/402A юрл. нярюрнй й P-4301501AX. акнйхпнбйю;;;;;;
43LI402_MO.OP;;DO;43LI402/402A юрл. нярюрнй й P-4301501AX. акнйхпнбйю;;;;;;
43LI402_MO.MD;;DI;43LI402/402A юрл. нярюрнй й P-4301501AX. акнйхпнбйю;;;;;;
43LS920_MO.PV;;DI;43LS920A/920B рнонвм. люгср й P-4301504 AX. акнйхпнбйю;;;;;;
43LS920_MO.OP;;DI;43LS920A/920B рнонвм. люгср й P-4301504 AX. акнйхпнбйю;;;;;;
43LS920_MO.OP;;DO;43LS920A/920B рнонвм. люгср й P-4301504 AX. акнйхпнбйю;;;;;;
43LS920_MO.MD;;DI;43LS920A/920B рнонвм. люгср й P-4301504 AX. акнйхпнбйю;;;;;;
43LS921_MO.PV;;DI;43LS921A/921B рнонвм. люгср й P-4301504 1SX. акнйхпнбйю;;;;;;
43LS921_MO.OP;;DI;43LS921A/921B рнонвм. люгср й P-4301504 1SX. акнйхпнбйю;;;;;;
43LS921_MO.OP;;DO;43LS921A/921B рнонвм. люгср й P-4301504 1SX. акнйхпнбйю;;;;;;
43LS921_MO.MD;;DI;43LS921A/921B рнонвм. люгср й P-4301504 1SX. акнйхпнбйю;;;;;;
43LS922_MO.PV;;DI;43LS922A/922B рнонвм. люгср й P-4301504 2SX. акнйхпнбйю;;;;;;
43LS922_MO.OP;;DI;43LS922A/922B рнонвм. люгср й P-4301504 2SX. акнйхпнбйю;;;;;;
43LS922_MO.OP;;DO;43LS922A/922B рнонвм. люгср й P-4301504 2SX. акнйхпнбйю;;;;;;
43LS922_MO.MD;;DI;43LS922A/922B рнонвм. люгср й P-4301504 2SX. акнйхпнбйю;;;;;;
43LALL920A_CA.PV;;DI;рнонвм. люгср й P-4301504 AX. яхцмюкхгюжхъ;;;;;;
43LALL920B_CA.PV;;DI;рнонвм. люгср й P-4301504 AX. яхцмюкхгюжхъ;;;;;;
43LALL921A_CA.PV;;DI;рнонвм. люгср й P-4301504 1SX. яхцмюкхгюжхъ;;;;;;
43LALL921B_CA.PV;;DI;рнонвм. люгср й P-4301504 1SX. яхцмюкхгюжхъ;;;;;;
30HS018C_MO.PV;;DI;H-3001 юбюпхимши нярюмнб я кнйюкэмни оюмекх;;;;;;+
30HS018C_MO.OP;;DI;H-3001 юбюпхимши нярюмнб я кнйюкэмни оюмекх;;;;;;+
30HS018C_MO.OP;;DO;H-3001 юбюпхимши нярюмнб я кнйюкэмни оюмекх;;;;;;+
30HS018C_MO.MD;;DI;H-3001 юбюпхимши нярюмнб я кнйюкэмни оюмекх;;;;;;+
93XY113_ESD.PV;;DI;нряей-кэ 93-XV-113;;;;;;
IB431_ESD1_CS.PV;;DI;бмеьм. хярнвмхй бпелемх;;;;;;
IB431_ESD1_T.PV;;DI;релоепюрспю ме б мнпле;;;;;;
30FALL013_CA.PV;;DI;F яшпэ╗ б м-3001 нр е-3001D онрнй 1;;;;;;+
30-I037-MAIN.PV;;DI;I-037 MAIN меяннрберярбхе онкнфемхъ йнлюмде;;;;;;+
30VSHH876_MO.PV;;DI;C-3001A бхапюжхъ йюпрепю цнпхгнмрюкэмюъ;;;;;;+
30VSHH876_MO.OP;;DI;C-3001A бхапюжхъ йюпрепю цнпхгнмрюкэмюъ;;;;;;+
30VSHH876_MO.OP;;DO;C-3001A бхапюжхъ йюпрепю цнпхгнмрюкэмюъ;;;;;;+
30VSHH876_MO.MD;;DI;C-3001A бхапюжхъ йюпрепю цнпхгнмрюкэмюъ;;;;;;+
30VSHH975_MO.PV;;DI;C-3001S бхапюжхъ йюпрепю бепрхйюкэмюъ;;;;;;+
30VSHH975_MO.OP;;DI;C-3001S бхапюжхъ йюпрепю бепрхйюкэмюъ;;;;;;+
30VSHH975_MO.OP;;DO;C-3001S бхапюжхъ йюпрепю бепрхйюкэмюъ;;;;;;+
30VSHH975_MO.MD;;DI;C-3001S бхапюжхъ йюпрепю бепрхйюкэмюъ;;;;;;+
30VSHH976_MO.PV;;DI;C-3001S бхапюжхъ йюпрепю цнпхгнмрюкэмюъ;;;;;;+
30VSHH976_MO.OP;;DI;C-3001S бхапюжхъ йюпрепю цнпхгнмрюкэмюъ;;;;;;+
30VSHH976_MO.OP;;DO;C-3001S бхапюжхъ йюпрепю цнпхгнмрюкэмюъ;;;;;;+
30VSHH976_MO.MD;;DI;C-3001S бхапюжхъ йюпрепю цнпхгнмрюкэмюъ;;;;;;+
30PALL911B_CA.PV;;DI;п фхдйнцн рнок й тнпя оевх;;;;;;+
30PAHH911A_CA.PV;;DI;п фхдйнцн рнок й тнпя оевх;;;;;;+
30PALL783A_CA.PV;;DI;C-3001A дюбкемхе люякю б йюпрепе;;;;;;+
30PALL883A_CA.PV;;DI;C-3001S дюбкемхе люякю б йюпрепе;;;;;;+
30PALL917B_CA.PV;;DI;нямнбмни цнпчвхи цюг;;;;;;+
30PAHH917A2_CA.PV;;DI;нямнбмни цнпчвхи цюг;;;;;;+
30PAHH919A2_CA.PV;;DI;цнпчвхи цюг дкъ пнгфхцю;;;;;;+
30SIS003.PV;;DI;акнйхпнбйю 30-I-003 (O2/CO);;;;;;+
30SIS030_FU.PV;;DI;акнйхпнбйю SIS-030;;;;;;+
30HS001.PV;;DI;ймнойю сопюбкемхъ охкнрмшлх йкюоюмюлх;;;;;;+
30HS001.OP;;DI;ймнойю сопюбкемхъ охкнрмшлх йкюоюмюлх;;;;;;+
30HS001.OP;;DO;ймнойю сопюбкемхъ охкнрмшлх йкюоюмюлх;;;;;;+
30PALL919B_CA.PV;;DI;цнпчвхи цюг дкъ пнгфхцю;;;;;;+
IB301_ESD1_CS.PV;;DI;яани бмеьм. хярнвмхй бпелемх;;;;;;++
IB301_ESD1_T.PV;;DI;рело. ESD йнмрп-пю ме б мнпле;;;;;;++
30HSXV015_F.PV;;DI;мехяопюбмнярэ кхмхх ймнойх 30HSXV015;;;;;;+
30HSXV016_F.PV;;DI;мехяопюбмнярэ кхмхх ймнойх 30HSXV016;;;;;;+
30HSXV054_F.PV;;DI;мехяопюбмнярэ кхмхх ймнойх 30HSXV054;;;;;;+
30HSXV070_F.PV;;DI;мехяопюбмнярэ кхмхх ймнойх 30HSXV070;;;;;;+
30HSXV074_F.PV;;DI;мехяопюбмнярэ кхмхх ймнойх 30HSXV074;;;;;;+
30HSXV075_F.PV;;DI;мехяопюбмнярэ кхмхх ймнойх 30HSXV075;;;;;;+
30HSXV079_F.PV;;DI;мехяопюбмнярэ кхмхх ймнойх 30HSXV079;;;;;;+
30HSXV088_F.PV;;DI;мехяопюбмнярэ кхмхх ймнойх 30HSXV088;;;;;;+
30HSHV007_F.PV;;DI;мехяопюбмнярэ кхмхх ймнойх 30HSHV007;;;;;;+
30HSHV008_F.PV;;DI;мехяопюбмнярэ кхмхх ймнойх 30HSHV008;;;;;;+
30HSHV009_F.PV;;DI;мехяопюбмнярэ кхмхх ймнойх 30HSHV009;;;;;;+
30HSHV010_F.PV;;DI;мехяопюбмнярэ кхмхх ймнойх 30HSHV010;;;;;;+
30HSPV026_F.PV;;DI;мехяопюбмнярэ кхмхх ймнойх 30HSPV026;;;;;;+
30FALL014_CA.PV;;DI;F яшпэ╗ б м-3001 нр е-3001D онрнй 2;;;;;;+
30FALL015_CA.PV;;DI;F яшпэ╗ б м-3001 нр е-3001D онрнй 3;;;;;;+
30FALL016_CA.PV;;DI;F яшпэ╗ б м-3001 нр е-3001D онрнй 4;;;;;;+
30BALL900A_MO.PV;;DI;H-3001 йюлепю 1 охкнр / онцюяюмхе окюлемх;;;;;;+
30BALL900A_MO.OP;;DI;H-3001 йюлепю 1 охкнр / онцюяюмхе окюлемх;;;;;;+
30BALL900A_MO.OP;;DO;H-3001 йюлепю 1 охкнр / онцюяюмхе окюлемх;;;;;;+
30BALL900A_MO.MD;;DI;H-3001 йюлепю 1 охкнр / онцюяюмхе окюлемх;;;;;;+
30BALL900B_MO.PV;;DI;H-3001 йюлепю 1 нямнбмюъ / онцюяюмхе окюлемх;;;;;;+
30BALL900B_MO.OP;;DI;H-3001 йюлепю 1 нямнбмюъ / онцюяюмхе окюлемх;;;;;;+
30BALL900B_MO.OP;;DO;H-3001 йюлепю 1 нямнбмюъ / онцюяюмхе окюлемх;;;;;;+
30BALL900B_MO.MD;;DI;H-3001 йюлепю 1 нямнбмюъ / онцюяюмхе окюлемх;;;;;;+
30LAHH007A_CA.PV;;DI;T-3001 йнкнммю тпюйжхнмхпнбюмхъ;;;;;;+
30LAHH021_CA.PV;;DI;V-3005 сцк-дш/бндю;;;;;;+
30LAHH047A_CA.PV;;DI;V-3012 охрюрюрекэмюъ бндю;;;;;;+
30BALL901A_MO.PV;;DI;H-3001 йюлепю 2 охкнр / онцюяюмхе окюлемх;;;;;;+
30BALL901A_MO.OP;;DI;H-3001 йюлепю 2 охкнр / онцюяюмхе окюлемх;;;;;;+
30BALL901A_MO.OP;;DO;H-3001 йюлепю 2 охкнр / онцюяюмхе окюлемх;;;;;;+
30BALL901A_MO.MD;;DI;H-3001 йюлепю 2 охкнр / онцюяюмхе окюлемх;;;;;;+
00XA301E01FAN.PV;;DI;IB-30-1 ьйют ESD-01 мехяопюбмнярэ бемрхкърнпю;;;;;;++
00XA301E01P01.PV;;DI;IB-30-1 ьйют ESD-01 мехяопюбмнярэ хо 01;;;;;;++
00XA301E01P02.PV;;DI;IB-30-1 ьйют ESD-01 мехяопюбмнярэ хо 02;;;;;;++
00XA301E01P03.PV;;DI;IB-30-1 ьйют ESD-01 мехяопюбмнярэ хо 03;;;;;;++
00XA301E01P04.PV;;DI;IB-30-1 ьйют ESD-01 мехяопюбмнярэ хо 04;;;;;;++
00XA301E01TMP.PV;;DI;IB-30-1 ьйют ESD-01 опебшьемхе релоепюрспш б ьйютс;;;;;;++
00XA301EMC01.PV;;DI;IB-30-1 ьйют E-MC-01 наыхи юбюпхимши яхцмюк;;;;;;++
00XA301EMC02.PV;;DI;IB-30-1 ьйют E-MC-02 наыхи юбюпхимши яхцмюк;;;;;;++
00XA301EMC03.PV;;DI;IB-30-1 ьйют E-MC-03 наыхи юбюпхимши яхцмюк;;;;;;++
30AY950A.PV;;DI;щкейрпнохрюмхе мю цюгнюмюкхгюрнп н2;;;;;;+
30AY950C.PV;;DI;щкейрпнохрюмхе мю цюгнюмюкхгюрнп н2;;;;;;+
30BALL900_FU.PV;;DI;H-3001 йюлепю 1 / онцюяюмхе окюлемх оепбнопхвхмю;;;;;;+
30BALL900A.PV;;DI;H-3001 йюлепю 1 охкнр/ хмд-жхъ мю кнй. оюмекх;;;;;;+
30BALL900A_B.PV;;DI;H-3001 йюлепю 1/ онцюяюмхе окюлемх акнйхпнбйю;;;;;;+
30BALL900A_B_PA.PV;;DI;H-3001 йюлепю 1/ онцюяюмхе 1 хг 2 тнпясмнй;;;;;;+
30BALL900A_CA.PV;;DI;H-3001 йюлепю 1 охкнр / онцюяюмхе окюлемх;;;;;;+
30BALL900AA.PV;;DI;H-3001 йюлепю 1 охкнр / онцюяюмхе окюлемх;;;;;;+
30BALL900B.PV;;DI;H-3001 йюлепю 1 нямнбмюъ/ хмд-жхъ мю кнй. оюмекх;;;;;;+
30AALL950.PV;;DI;яндепфюмхе йхякнпндю б дшлнбшу цюгюу оевх H-3001;;;;;;+
30BALL900B_CA.PV;;DI;H-3001 йюлепю 1 нямнбмюъ / онцюяюмхе окюлемх;;;;;;+
30BALL900BB.PV;;DI;H-3001 йюлепю 1 нямнбмюъ / онцюяюмхе окюлемх;;;;;;+
30BALL901_FU.PV;;DI;H-3001 йюлепю 2 / онцюяюмхе окюлемх оепбнопхвхмю;;;;;;+
30BALL901A.PV;;DI;H-3001 йюлепю 2 охкнр/ хмд-жхъ мю кнй. оюмекх;;;;;;+
30BALL901A_B.PV;;DI;H-3001 йюлепю 2 / онцюяюмхе окюлемх акнйхпнбйю;;;;;;+
30BALL901A_B_PA.PV;;DI;H-3001 йюлепю 2/ онцюяюмхе 1 хг 2 тнпясмнй;;;;;;+
30BALL901A_CA.PV;;DI;H-3001 йюлепю 2 охкнр / онцюяюмхе окюлемх;;;;;;+
30BALL901AA.PV;;DI;H-3001 йюлепю 2 охкнр / онцюяюмхе окюлемх;;;;;;+
30BALL901B.PV;;DI;H-3001 йюлепю 2 нямнбмюъ/ хмд-жхъ мю кнй. оюмекх;;;;;;+
30BALL901B_CA.PV;;DI;H-3001 йюлепю 2 нямнбмюъ / онцюяюмхе окюлемх;;;;;;+
30BALL901BB.PV;;DI;H-3001 йюлепю 2 нямнбмюъ / онцюяюмхе окюлемх;;;;;;+
30BALL902_FU.PV;;DI;H-3001 йюлепю 3 / онцюяюмхе окюлемх оепбнопхвхмю;;;;;;+
30BALL902A.PV;;DI;H-3001 йюлепю 3 охкнр/ хмд-жхъ мю кнй. оюмекх;;;;;;+
30BALL902A_B.PV;;DI;H-3001 йюлепю 3 / онцюяюмхе окюлемх акнйхпнбйю;;;;;;+
30BALL902A_B_PA.PV;;DI;H-3001 йюлепю 3/ онцюяюмхе 1 хг 2 тнпясмнй;;;;;;+
30BALL902A_CA.PV;;DI;H-3001 йюлепю 3 охкнр / онцюяюмхе окюлемх;;;;;;+
30BALL902AA.PV;;DI;H-3001 йюлепю 3 охкнр / онцюяюмхе окюлемх;;;;;;+
30BALL902B.PV;;DI;H-3001 йюлепю 3 нямнбмюъ/ хмд-жхъ мю кнй. оюмекх;;;;;;+
30BALL902B_CA.PV;;DI;H-3001 йюлепю 3 нямнбмюъ / онцюяюмхе окюлемх;;;;;;+
30BALL902BB.PV;;DI;H-3001 йюлепю 3 нямнбмюъ / онцюяюмхе окюлемх;;;;;;+
30BALL903_FU.PV;;DI;H-3001 йюлепю 4 / онцюяюмхе окюлемх оепбнопхвхмю;;;;;;+
30BALL903A.PV;;DI;H-3001 йюлепю 4 охкнр/ хмд-жхъ мю кнй. оюмекх;;;;;;+
30BALL903A_B.PV;;DI;H-3001 йюлепю 4 / онцюяюмхе окюлемх акнйхпнбйю;;;;;;+
30BALL903A_CA.PV;;DI;H-3001 йюлепю 4 охкнр / онцюяюмхе окюлемх;;;;;;+
30BALL903AA.PV;;DI;H-3001 йюлепю 4 охкнр / онцюяюмхе окюлемх;;;;;;+
30HA118B.PV;;DI;нрйкчв. опх онфюпе P-3021 - р. 02 - цк.бу.;;;;;;+
30HA118B_PA.PV;;DI;нрйкчв. опх онфюпе P-3021 - р. 02 - цк.бу.;;;;;;+
30HA119A1.PV;;DI;цп. нрйк. опх онф.- р. 03 цнп. мюянямюъ - бу.1;;;;;;+
30HA119A1_PA.PV;;DI;цп. нрйк. опх онф.- р. 03 цнп. мюянямюъ - бу.1;;;;;;+
30HA119A2.PV;;DI;цп. нрйк. опх онф.- р. 03 цнп. мюянямюъ - бу.2;;;;;;+
30HA119A2_PA.PV;;DI;цп. нрйк. опх онф.- р. 03 цнп. мюянямюъ - бу.2;;;;;;+
30HA119B.PV;;DI;цпсо. нрйк. опх онфюпе - р. 03 цнп. мюянямюъ;;;;;;+
30HA119B_PA.PV;;DI;цпсо. нрйк. опх онфюпе - р. 03 цнп. мюянямюъ;;;;;;+
30HA120A.PV;;DI;цп. нрйк. опх онф.- р. 03 унк. мюяня. - цк. бу.;;;;;;+
30HA120A_PA.PV;;DI;цп. нрйк. опх онф.- р. 03 унк. мюяня. - цк. бу.;;;;;;+
30HA120B.PV;;DI;цп. нрйк. опх онф. - р. 03 унк. мюянямюъ;;;;;;+
30HA120B_PA.PV;;DI;цп. нрйк. опх онф. - р. 03 унк. мюянямюъ;;;;;;+
30HA121A.PV;;DI;цпсо. нрйкчв. опх онфюпе - р. 03 - юбн - цк.бу.;;;;;;+
30HA121A_PA.PV;;DI;цпсо. нрйкчв. опх онфюпе - р. 03 - юбн - цк.бу.;;;;;;+
30HA121B.PV;;DI;цпсо. нрйкчв. опх онфюпе - р. 03 - юбн;;;;;;+
30HA121B_PA.PV;;DI;цпсо. нрйкчв. опх онфюпе - р. 03 - юбн;;;;;;+
30HA122A.PV;;DI;нрйкчв. опх онфюпе P-3020 - р. 04- цк.бу.;;;;;;+
30HA122A_PA.PV;;DI;нрйкчв. опх онфюпе P-3020 - р. 04- цк.бу.;;;;;;+
30HA122B.PV;;DI;нрйкчв. опх онфюпе P-3020 - р. 04;;;;;;+
30HA122BA_PA.PV;;DI;нрйкчв. опх онфюпе P-3020 - р. 04;;;;;;+
30HA123A.PV;;DI;нрйкчв. опх онфюпе P-3025 - р. 05 - цк.бу.;;;;;;+
30HA123A_PA.PV;;DI;нрйкчв. опх онфюпе P-3025 - р. 05 - цк.бу.;;;;;;+
30HA123B.PV;;DI;нрйкчв. опх онфюпе P-3025 - р. 05;;;;;;+
30HA123B_PA.PV;;DI;нрйкчв. опх онфюпе P-3025 - р. 05;;;;;;+
30HA125A.PV;;DI;ярно опх онфюпе - р. 06 - мюянямюъ, цк.бу.1;;;;;;+
30HA125A_PA.PV;;DI;ярно опх онфюпе - р. 06 - мюянямюъ, цк.бу.1;;;;;;+
30HA125B.PV;;DI;ярно опх онфюпе - р. 06 - мюянямюъ;;;;;;+
30HA125B_PA.PV;;DI;ярно опх онфюпе - р. 06 - мюянямюъ;;;;;;+
30HA126A.PV;;DI;нрйкчв. опх онфюпе P-3026 - р. 06 - цк.бу.;;;;;;+
30HA126A_PA.PV;;DI;нрйкчв. опх онфюпе P-3026 - р. 06 - цк.бу.;;;;;;+
30HA126B.PV;;DI;нрйкчв. опх онфюпе P-3026 - р. 06;;;;;;+
30HA126B_PA.PV;;DI;нрйкчв. опх онфюпе P-3026 - р. 06;;;;;;+
30HA899_FU.PV;;DI;C-3001 юбюпхимши нярюмнб;;;;;;+
30HA899S_FU.PV;;DI;C-3001 юбюпхимхи нярюмнб;;;;;;+
30HS002AA.PV;;DI;гюйпшрэ XV002, XV093/ ярно п-3001A/S;;;;;;+
30HS002AB.PV;;DI;гюйпшрэ XV002, XV093/ ярно п-3001A/S;;;;;;+
30HS002BA.PV;;DI;гюйпшрэ XV002, XV093/ ярно п-3001A/S;;;;;;+
30HS002BB.PV;;DI;гюйпшрэ XV002, XV093/ ярно п-3001A/S;;;;;;+
30HS017A.PV;;DI;юбюпхимюъ ондювю оюпю б м-3001;;;;;;+
30HS017B.PV;;DI;юбюпхимюъ ондювю оюпю б м-3001;;;;;;+
30HS018BA.PV;;DI;H-3001 юбюпхимши нярюмнб я оюмекх ноепюрнпю;;;;;;+
30HS018BB.PV;;DI;H-3001 юбюпхимши нярюмнб я оюмекх ноепюрнпю;;;;;;+
30HS018C.PV;;DI;H-3001 юбюпхимши нярюмнб я кнйюкэмни оюмекх;;;;;;+
30HS023AA.PV;;DI;гюйпшрэ XV023, XV094/ ярно п-3003A/S;;;;;;+
30HS023AB.PV;;DI;гюйпшрэ XV023, XV094/ ярно п-3003A/S;;;;;;+
30HS023BA.PV;;DI;гюйпшрэ XV023, XV094/ ярно п-3003A/S;;;;;;+
30HS023BB.PV;;DI;гюйпшрэ XV023, XV094/ ярно п-3003A/S;;;;;;+
30HS030AA.PV;;DI;гюйпшрэ XV030, XV096/ ярно п-3005A/S;;;;;;+
30HS030AB.PV;;DI;гюйпшрэ XV030, XV096/ ярно п-3005A/S;;;;;;+
30HS030BA.PV;;DI;гюйпшрэ XV030, XV096/ ярно п-3005A/S;;;;;;+
IB301_ESD1_RT1.PV;;DI;ярюпр REPAIR TIMER дкъ CP1;;;;;;++
IB301_ESD1_RT2.PV;;DI;ярюпр REPAIR TIMER дкъ CP2;;;;;;++
30XA947A.PV;;DI;H-3001 юбюпхимюъ нярюмнбйю оевх (кюлою);;;;;;+
30XA947B.PV;;DI;H-3001 онфюп бмсрпх оевх (кюлою);;;;;;+
30XA947C.PV;;DI;H-3001 нярюмнбйю оевх;;;;;;+
30XA947D.PV;;DI;гюыхрш нр онрепх ръцх;;;;;;+
30XA947E.PV;;DI;цнпчвхи цюг;;;;;;+
30XA947F.PV;;DI;цнпчвхи цюг дкъ пнгфхцю;;;;;;+
30XA947G.PV;;DI;ондювю фхдйнцн рнокхбю;;;;;;+
30XA947H.PV;;DI;мернвмнярэ онкнфемхъ йкюоюмю;;;;;;+
30XA947J.PV;;DI;цнпемхе нярюмнб;;;;;;+
30XA947K.PV;;DI;нрйк. опх мехяопюбмнярх юмюкхгюр.;;;;;;+
30XA002.PV;;DI;XV-002 гюйкхмхкн;;;;;;+
30XY900_1.PV;;DI;H-3001 юбюпхимне нрйпшрхе 30HC900;;;;;;+
30XS870_A.PV;;DI;C-3001S мюяня ялюг. жхк. пл2 акнйхпнбйю;;;;;;+
30XS897_A.PV;;DI;C-3001ю мюяня ялюг. жхк. пл2 акнйхпнбйю;;;;;;+
30HA047_FU.PV;;DI;C-3001A юбюпхимши нярюмнб;;;;;;+
30XA023.PV;;DI;XV-023 гюйкхмхкн;;;;;;+
30XA030.PV;;DI;XV-030 гюйкхмхкн;;;;;;+
30XA093.PV;;DI;XV-093 гюйкхмхкн;;;;;;+
30XA094.PV;;DI;XV-094 гюйкхмхкн;;;;;;+
30XA096.PV;;DI;XV-096 гюйкхмхкн;;;;;;+
30HS048BB.PV;;DI;C-3001S юбюпхимши нярюмнб;;;;;;+
30HS103A1.PV;;DI;30XV103 нрйпшрэ;;;;;;+
30HA103A.PV;;DI;30XV103 нрйпшрэ;;;;;;+
30HA103A_PA.PV;;DI;30XV103 нрйпшрэ;;;;;;+
30HS103A2.PV;;DI;30XV103 нрйпшрэ;;;;;;+
30HS018A1.PV;;DI;H-3001 юбюпхимши нярюмнб;;;;;;+
30HS018A2.PV;;DI;H-3001 юбюпхимши нярюмнб;;;;;;+
30HA018A.PV;;DI;H-3001 юбюпхимши нярюмнб;;;;;;+
30HA018A_PA.PV;;DI;H-3001 юбюпхимши нярюмнб;;;;;;+
30HA018A_FU.PV;;DI;H-3001 юбюпхимши нярюмнб;;;;;;+
30H3001_SEQ_ALM.PV;;DI;H-3001 опепшбюмхе осяйнбни онякеднбюрекэмнярх;;;;;;+
30H3001_SEQ_START.PV;;DI;H-3001 гюосяй осяйнбни онякеднбюрекэмнярх;;;;;;+
30H3001_SEQ_START.OP;;DI;H-3001 гюосяй осяйнбни онякеднбюрекэмнярх;;;;;;+
30H3001_SEQ_START.OP;;DO;H-3001 гюосяй осяйнбни онякеднбюрекэмнярх;;;;;;+
30H3001_RUN.PV;;DI;H-3001 янярнъмхе;;;;;;+
30PI919A_OO.PV;;DI;H-3001 цюг й охкнр. цнпекйюл осяй. деакнйюжхъ;;;;;;+
30PI919B_OO.PV;;DI;H-3001 цюг й охкнр. цнпекйюл осяй. деакнйюжхъ;;;;;;+
30PI911A_OO.PV;;DI;H-3001 нрйкчвемхе акнйхпнбйх опх осяйе люгсрю;;;;;;+
30PDT912_OO.PV;;DI;H-3001 нрйкчвемхе акнйхпнбйх опх осяйе люгсрю;;;;;;+
30PI911B_OO.PV;;DI;H-3001 нрйкчвемхе акнйхпнбйх опх осяйе люгсрю;;;;;;+
30PI917A_OO.PV;;DI;H-3001 цюг й нямнбмшл цнпекйюл осяй. деакнйюжхъ;;;;;;+
30PI917B_OO.PV;;DI;H-3001 цюг й нямнбмшл цнпекйюл осяй. деакнйюжхъ;;;;;;+
30PI907_OO.PV;;DI;дюбкемхе дшлнбшу цюгнб мю оепебюке деакнйхпнбйю;;;;;;+
30XL950_1.PV;;DI;цнрнбши й яапняс- I-037 (30-XV-906/907/908);;;;;;+
30C3001_OS.PV;;DI;аюиоюя C3001A/S опх осяйе мюяняю нук.бндш;;;;;;+
30C3001_OS.OP;;DI;аюиоюя C3001A/S опх осяйе мюяняю нук.бндш;;;;;;+
30XL950_3.PV;;DI;цнрнбши й яапняс- I-037 (30-XV-900);;;;;;+
30SIS030.PV;;DI;акнйхпнбйю SIS-030 - дюбкемхъ бмххох;;;;;;+
30BALL903A_B_PA.PV;;DI;H-3001 йюлепю 4/ онцюяюмхе 1 хг 2 тнпясмнй;;;;;;+
00XA301E01ELD.PV;;DI;IB-30-1 ьйют ESD-01 гюгелкемхе сревйю мю гелкч;;;;;;++
00XA301E01ELD.OP;;DI;IB-30-1 ьйют ESD-01 гюгелкемхе сревйю мю гелкч;;;;;;++
00XA301E01ELD.OP;;DO;IB-30-1 ьйют ESD-01 гюгелкемхе сревйю мю гелкч;;;;;;++
30BALL903B.PV;;DI;H-3001 йюлепю 4 нямнбмюъ/ хмд-жхъ мю кнй. оюмекх;;;;;;+
30BALL903B_CA.PV;;DI;H-3001 йюлепю 4 нямнбмюъ / онцюяюмхе окюлемх;;;;;;+
30BALL903BB.PV;;DI;H-3001 йюлепю 4 нямнбмюъ / онцюяюмхе окюлемх;;;;;;+
30BSLL900A_TF.PV;;DI;H-3001 йюлепю 1 охкнрмюъ цнпекйю;;;;;;+
30BSLL900B_TF.PV;;DI;H-3001 йюлепю 1 нямнбмюъ цнпекйю;;;;;;+
30BSLL901A_TF.PV;;DI;H-3001 йюлепю 2 охкнрмюъ цнпекйю;;;;;;+
30HA048_FU.PV;;DI;C-3001S юбюпхимши нярюмнб;;;;;;+
30BSLL901B_TF.PV;;DI;H-3001 йюлепю 2 нямнбмюъ цнпекйю;;;;;;+
30BSLL902A_TF.PV;;DI;H-3001 йюлепю 3 охкнрмюъ цнпекйю;;;;;;+
30BSLL902B_TF.PV;;DI;H-3001 йюлепю 3 нямнбмюъ цнпекйю;;;;;;+
30BSLL903A_TF.PV;;DI;H-3001 йюлепю 4 охкнрмюъ цнпекйю;;;;;;+
30BSLL903B_TF.PV;;DI;H-3001 йюлепю 4 нямнбмюъ цнпекйю;;;;;;+
30FALL017.PV;;DI;F яшпэ╗ б м-3001 нр е-3001D онрнй 1;;;;;;+
30FALL017_CA.PV;;DI;F яшпэ╗ б м-3001 нр е-3001D онрнй 1;;;;;;+
30FALL017_FU.PV;;DI;F яшпэ╗ б м-3001 нр е-3001D онрнй 1;;;;;;+
30TAHH833.PV;;DI;P-3003S мюяня J рело.ондьхо.;;;;;;+
30TAHH833_CA.PV;;DI;P-3003S мюяня J рело.ондьхо.;;;;;;+
30TAHH839A.PV;;DI;P-3004A рело кхмеимнцн ондьхомхйю;;;;;;+
30TAHH839A_CA.PV;;DI;P-3004A рело кхмеимнцн ондьхомхйю;;;;;;+
30TAHH839B.PV;;DI;P-3004A рело нонпмнцн ондьхомхйю;;;;;;+
30TAHH839B_CA.PV;;DI;P-3004A рело нонпмнцн ондьхомхйю;;;;;;+
30TAHH841A.PV;;DI;P-3004S рело кхмеимнцн ондьхомхйю;;;;;;+
30TAHH841A_CA.PV;;DI;P-3004S рело кхмеимнцн ондьхомхйю;;;;;;+
30TAHH841B.PV;;DI;P-3004S рело нонпмнцн ондьхомхйю;;;;;;+
30TAHH841B_CA.PV;;DI;P-3004S рело нонпмнцн ондьхомхйю;;;;;;+
30TAHH843A.PV;;DI;P-3005A рело кхмеимнцн ондьхомхйю;;;;;;+
30TAHH843A_CA.PV;;DI;P-3005A рело кхмеимнцн ондьхомхйю;;;;;;+
30TAHH843B.PV;;DI;P-3005A рело нонпмнцн ондьхомхйю;;;;;;+
30TAHH843B_CA.PV;;DI;P-3005A рело нонпмнцн ондьхомхйю;;;;;;+
30TAHH845A.PV;;DI;P-3005S рело кхмеимнцн ондьхомхйю;;;;;;+
30TAHH845A_CA.PV;;DI;P-3005S рело кхмеимнцн ондьхомхйю;;;;;;+
30TAHH845B.PV;;DI;P-3005S рело нонпмнцн ондьхомхйю;;;;;;+
30TAHH845B_CA.PV;;DI;P-3005S рело нонпмнцн ондьхомхйю;;;;;;+
30TAHH847A.PV;;DI;P-3006A рело кхмеимнцн ондьхомхйю;;;;;;+
30TAHH847A_CA.PV;;DI;P-3006A рело кхмеимнцн ондьхомхйю;;;;;;+
30TAHH847B.PV;;DI;P-3006A рело нонпмнцн ондьхомхйю;;;;;;+
30TAHH847B_CA.PV;;DI;P-3006A рело нонпмнцн ондьхомхйю;;;;;;+
30TAHH849A.PV;;DI;P-3006S рело кхмеимнцн ондьхомхйю;;;;;;+
30TAHH849A_CA.PV;;DI;P-3006S рело кхмеимнцн ондьхомхйю;;;;;;+
30TAHH849B.PV;;DI;P-3006S рело нонпмнцн ондьхомхйю;;;;;;+
30TAHH849B_CA.PV;;DI;P-3006S рело нонпмнцн ондьхомхйю;;;;;;+
30TAHH851A.PV;;DI;P-3012A рело кхмеимнцн ондьхомхйю;;;;;;+
30TAHH851A_CA.PV;;DI;P-3012A рело кхмеимнцн ондьхомхйю;;;;;;+
30TAHH851B.PV;;DI;P-3012A рело нонпмнцн ондьхомхйю;;;;;;+
30TAHH851B_CA.PV;;DI;P-3012A рело нонпмнцн ондьхомхйю;;;;;;+
30TAHH853A.PV;;DI;P-3012S рело кхмеимнцн ондьхомхйю;;;;;;+
30TAHH853A_CA.PV;;DI;P-3012S рело кхмеимнцн ондьхомхйю;;;;;;+
30TAHH853B.PV;;DI;P-3012S рело нонпмнцн ондьхомхйю;;;;;;+
30TAHH853B_CA.PV;;DI;P-3012S рело нонпмнцн ондьхомхйю;;;;;;+
30TAHH855A.PV;;DI;P-3013A рело кхмеимнцн ондьхомхйю;;;;;;+
30TAHH855A_CA.PV;;DI;P-3013A рело кхмеимнцн ондьхомхйю;;;;;;+
30TAHH855B.PV;;DI;P-3013A рело нонпмнцн ондьхомхйю;;;;;;+
30TAHH855B_CA.PV;;DI;P-3013A рело нонпмнцн ондьхомхйю;;;;;;+
30TAHH857A.PV;;DI;P-3013S рело кхмеимнцн ондьхомхйю;;;;;;+
30TAHH857A_CA.PV;;DI;P-3013S рело кхмеимнцн ондьхомхйю;;;;;;+
30TAHH857B.PV;;DI;P-3013S рело нонпмнцн ондьхомхйю;;;;;;+
30TAHH857B_CA.PV;;DI;P-3013S рело нонпмнцн ондьхомхйю;;;;;;+
30TAHH860.PV;;DI;P-3007A рело цеплерхгхпсчыхи ярюйюм;;;;;;+
30TAHH860_CA.PV;;DI;P-3007A рело цеплерхгхпсчыхи ярюйюм;;;;;;+
30FALL018.PV;;DI;F яшпэ╗ б м-3001 нр е-3001D онрнй 2;;;;;;+
30FALL018_CA.PV;;DI;F яшпэ╗ б м-3001 нр е-3001D онрнй 2;;;;;;+
30FALL018_FU.PV;;DI;F яшпэ╗ б м-3001 нр е-3001D онрнй 2;;;;;;+
30FALL019.PV;;DI;F яшпэ╗ б м-3001 нр е-3001D онрнй 3;;;;;;+
30FALL019_CA.PV;;DI;F яшпэ╗ б м-3001 нр е-3001D онрнй 3;;;;;;+
30FALL019_FU.PV;;DI;F яшпэ╗ б м-3001 нр е-3001D онрнй 3;;;;;;+
30FALL020.PV;;DI;F яшпэ╗ б м-3001 нр е-3001D онрнй 4;;;;;;+
30FALL020_CA.PV;;DI;F яшпэ╗ б м-3001 нр е-3001D онрнй 4;;;;;;+
30FALL020_FU.PV;;DI;F яшпэ╗ б м-3001 нр е-3001D онрнй 4;;;;;;+
30FALL777A.PV;;DI;F нук бндш хг я-3001ю / 1 жхкхмдп;;;;;;+
30FALL777B.PV;;DI;F нук бндш хг я-3001ю / 2 жхкхмдп;;;;;;+
30FALL790.PV;;DI;F нук бндш б я-3001ю/S;;;;;;+
PCDI_1_301_1_FLT.PV;;DI;PCDI ябъгэ ESD_301_1 c CC_301_1;;;;;;++
PCDI_2_301_1_FLT.PV;;DI;PCDI ябъгэ ESD_301_1 c CC_301_2;;;;;;++
30PAHH919B_CA.PV;;DI;цнпчвхи цюг дкъ пнгфхцю;;;;;;+
30PALL919A_CA.PV;;DI;цнпчвхи цюг дкъ пнгфхцю;;;;;;+
30XY020S.PV;;DI;п-3002S -ярно он реумнкнц. мехяопюбм.;;;;;;+
30PAHH919B.PV;;DI;цнпчвхи цюг дкъ пнгфхцю;;;;;;+
30FALL877A.PV;;DI;F нук бндш хг я-3001S / 1 жхкхмдп;;;;;;+
30FALL877B.PV;;DI;F нук бндш хг я-3001S / 2 жхкхмдп;;;;;;+
30FI017_MO.PV;;DI;F яшпэ╗ б м-3001 нр е-3001D онрнй 1 MOS 30FI017\FI013;;;;;;+
30FI017_MO.OP;;DI;F яшпэ╗ б м-3001 нр е-3001D онрнй 1 MOS 30FI017\FI013;;;;;;+
30FI017_MO.OP;;DO;F яшпэ╗ б м-3001 нр е-3001D онрнй 1 MOS 30FI017\FI013;;;;;;+
30FI017_MO.MD;;DI;F яшпэ╗ б м-3001 нр е-3001D онрнй 1 MOS 30FI017\FI013;;;;;;+
30FI017_TF.PV;;DI;F яшпэ╗ б м-3001 нр е-3001D онрнй 1;;;;;;+
30FI018_MO.PV;;DI;F яшпэ╗ б м-3001 нр е-3001D онрнй 2 MOS 30FI018\FI014;;;;;;+
30FI018_MO.OP;;DI;F яшпэ╗ б м-3001 нр е-3001D онрнй 2 MOS 30FI018\FI014;;;;;;+
30FI018_MO.OP;;DO;F яшпэ╗ б м-3001 нр е-3001D онрнй 2 MOS 30FI018\FI014;;;;;;+
30FI018_MO.MD;;DI;F яшпэ╗ б м-3001 нр е-3001D онрнй 2 MOS 30FI018\FI014;;;;;;+
30FI018_TF.PV;;DI;F яшпэ╗ б м-3001 нр е-3001D онрнй 2;;;;;;+
30FI019_MO.PV;;DI;F яшпэ╗ б м-3001 нр е-3001D онрнй 3 MOS 30FI019\FI015;;;;;;+
30FI019_MO.OP;;DI;F яшпэ╗ б м-3001 нр е-3001D онрнй 3 MOS 30FI019\FI015;;;;;;+
30FI019_MO.OP;;DO;F яшпэ╗ б м-3001 нр е-3001D онрнй 3 MOS 30FI019\FI015;;;;;;+
30FI019_MO.MD;;DI;F яшпэ╗ б м-3001 нр е-3001D онрнй 3 MOS 30FI019\FI015;;;;;;+
30FI019_TF.PV;;DI;F яшпэ╗ б м-3001 нр е-3001D онрнй 3;;;;;;+
30FI020_MO.PV;;DI;F яшпэ╗ б м-3001 нр е-3001D онрнй 4 MOS 30FI020\FI016;;;;;;+
30FI020_MO.OP;;DI;F яшпэ╗ б м-3001 нр е-3001D онрнй 4 MOS 30FI020\FI016;;;;;;+
30FI020_MO.OP;;DO;F яшпэ╗ б м-3001 нр е-3001D онрнй 4 MOS 30FI020\FI016;;;;;;+
30FI020_MO.MD;;DI;F яшпэ╗ б м-3001 нр е-3001D онрнй 4 MOS 30FI020\FI016;;;;;;+
30FI020_TF.PV;;DI;F яшпэ╗ б м-3001 нр е-3001D онрнй 4;;;;;;+
30FI777A_MO.PV;;DI;C-3001A онрнй нукюфд.бндш бшунд жхкхмдп 1;;;;;;+
30FI777A_MO.OP;;DI;C-3001A онрнй нукюфд.бндш бшунд жхкхмдп 1;;;;;;+
30FI777A_MO.OP;;DO;C-3001A онрнй нукюфд.бндш бшунд жхкхмдп 1;;;;;;+
30FI777A_MO.MD;;DI;C-3001A онрнй нукюфд.бндш бшунд жхкхмдп 1;;;;;;+
30FI777B_MO.PV;;DI;C-3001A онрнй нукюфд.бндш бшунд жхкхмдп 2;;;;;;+
30FI777B_MO.OP;;DI;C-3001A онрнй нукюфд.бндш бшунд жхкхмдп 2;;;;;;+
30FI777B_MO.OP;;DO;C-3001A онрнй нукюфд.бндш бшунд жхкхмдп 2;;;;;;+
30FI777B_MO.MD;;DI;C-3001A онрнй нукюфд.бндш бшунд жхкхмдп 2;;;;;;+
30FI790_MO.PV;;DI;C-3001A/S онрнй ондювх нукюфд.бндш;;;;;;+
30FI790_MO.OP;;DI;C-3001A/S онрнй ондювх нукюфд.бндш;;;;;;+
30FI790_MO.OP;;DO;C-3001A/S онрнй ондювх нукюфд.бндш;;;;;;+
30FI790_MO.MD;;DI;C-3001A/S онрнй ондювх нукюфд.бндш;;;;;;+
30FI877A_MO.PV;;DI;C-3001S онрнй нукюфд.бндш бшунд жхкхмдп 1;;;;;;+
30FI877A_MO.OP;;DI;C-3001S онрнй нукюфд.бндш бшунд жхкхмдп 1;;;;;;+
30FI877A_MO.OP;;DO;C-3001S онрнй нукюфд.бндш бшунд жхкхмдп 1;;;;;;+
30FI877A_MO.MD;;DI;C-3001S онрнй нукюфд.бндш бшунд жхкхмдп 1;;;;;;+
30FI877B_MO.PV;;DI;C-3001S онрнй нукюфд.бндш бшунд жхкхмдп 2;;;;;;+
30FI877B_MO.OP;;DI;C-3001S онрнй нукюфд.бндш бшунд жхкхмдп 2;;;;;;+
30FI877B_MO.OP;;DO;C-3001S онрнй нукюфд.бндш бшунд жхкхмдп 2;;;;;;+
30FI877B_MO.MD;;DI;C-3001S онрнй нукюфд.бндш бшунд жхкхмдп 2;;;;;;+
30PALL919A.PV;;DI;цнпчвхи цюг дкъ пнгфхцю;;;;;;+
30FI906_DIV.PV;;DI;декемхе мю мнкэ;;;;;;+
30FI906_SQR.PV;;DI;нрпхжюрекэмне SQRT;;;;;;+
30FI906_TF.PV;;DI;F бнгдсую б я-3002 ю/б хг юрлнятепш;;;;;;+
30HA002A.PV;;DI;гюйпшрэ XV002, XV093/ ярно п-3001A/S;;;;;;+
30HA002A_FU.PV;;DI;гюйпшрэ XV002, XV093/ ярно п-3001A/S;;;;;;+
30HA002A_PA.PV;;DI;гюйпшрэ XV002, XV093/ ярно п-3001A/S;;;;;;+
30HA002A_S_FU.PV;;DI;гюйпшрэ XV002, XV093/ ярно п-3001A/S;;;;;;+
30HA002B.PV;;DI;гюйпшрэ XV002, XV093/ ярно п-3001A/S;;;;;;+
30HA002B_FU.PV;;DI;гюйпшрэ XV002, XV093/ ярно п-3001A/S;;;;;;+
30HA002B_PA.PV;;DI;гюйпшрэ XV002, XV093/ ярно п-3001A/S;;;;;;+
30HA002B_S_FU.PV;;DI;гюйпшрэ XV002, XV093/ ярно п-3001A/S;;;;;;+
30HA017.PV;;DI;юбюпхимюъ ондювю оюпю б м-3001;;;;;;+
30HA017_PA.PV;;DI;юбюпхимюъ ондювю оюпю б м-3001;;;;;;+
30HA018B.PV;;DI;H-3001 юбюпхимши нярюмнб я оюмекх ноепюрнпю;;;;;;+
30HA018B_FU.PV;;DI;H-3001 юбюпхимши нярюмнб я оюмекх ноепюрнпю;;;;;;+
30HA018B_PA.PV;;DI;H-3001 юбюпхимши нярюмнб я оюмекх ноепюрнпю;;;;;;+
30HA018C_FU.PV;;DI;H-3001 юбюпхимши нярюмнб я кнйюкэмни оюмекх;;;;;;+
30HA023A.PV;;DI;гюйпшрэ XV023, XV094/ ярно п-3003A/S;;;;;;+
30HA023A_PA.PV;;DI;гюйпшрэ XV023, XV094/ ярно п-3003A/S;;;;;;+
30HA023B.PV;;DI;гюйпшрэ XV023, XV094/ ярно п-3003A/S;;;;;;+
30HA023B_PA.PV;;DI;гюйпшрэ XV023, XV094/ ярно п-3003A/S;;;;;;+
30HA030A.PV;;DI;гюйпшрэ XV030, XV096/ ярно п-3005A/S;;;;;;+
30HA030A_PA.PV;;DI;гюйпшрэ XV030, XV096/ ярно п-3005A/S;;;;;;+
30HA030B.PV;;DI;гюйпшрэ XV030, XV096/ ярно п-3005A/S;;;;;;+
30HA030B_PA.PV;;DI;гюйпшрэ XV030, XV096/ ярно п-3005A/S;;;;;;+
30HA047A_FU.PV;;DI;C-3001A юбюпхимши нярюмнб;;;;;;+
30HA047B.PV;;DI;C-3001A юбюпхимши нярюмнб;;;;;;+
30HA047B_FU.PV;;DI;C-3001A юбюпхимши нярюмнб;;;;;;+
30HA047B_PA.PV;;DI;1oo2 опедбюпхр яхцмюкхгюжхъ 30HS047B;;;;;;+
30HA048A_FU.PV;;DI;C-3001S юбюпхимши нярюмнб;;;;;;+
30HA048B.PV;;DI;C-3001S юбюпхимши нярюмнб;;;;;;+
30HA048B_FU.PV;;DI;C-3001S юбюпхимши нярюмнб;;;;;;+
30HA048B_PA.PV;;DI;1oo2 опед яхцмюкхг;;;;;;+
30HA103B.PV;;DI;30XV103 нрйпшрэ;;;;;;+
30HA103B_PA.PV;;DI;30XV103 нрйпшрэ;;;;;;+
30HA118A.PV;;DI;нрйкчв. опх онфюпе P-3021 - р. 02 - цк.бу.;;;;;;+
30HA118A_PA.PV;;DI;нрйкчв. опх онфюпе P-3021 - р. 02 - цк.бу.;;;;;;+
30TAHH832_CA.PV;;DI;P-3003S мюяня J рело.ондьхо.;;;;;;+
30TAHH863.PV;;DI;P-3022A рело цеплерхгхпсчыхи ярюйюм;;;;;;+
30TAHH863_CA.PV;;DI;P-3022A рело цеплерхгхпсчыхи ярюйюм;;;;;;+
30TAHH866.PV;;DI;P-3017A рело цеплерхгхпсчыхи ярюйюм;;;;;;+
30TAHH866_CA.PV;;DI;P-3017A рело цеплерхгхпсчыхи ярюйюм;;;;;;+
30TAHH876C.PV;;DI;C-3001S релоеп.реумнкнцхвеяйнцн цюгю бшунд жхкхмдп 1;;;;;;+
30TI784F_TF.PV;;DI;C-3001A релоепюрспю цкюбмнцн ондьхомхйю (меопхбндмни йнмеж);;;;;;+
30TI801_MO.PV;;DI;P-3001A мюяня р рело.ондьхо.;;;;;;+
30TI801_MO.OP;;DI;P-3001A мюяня р рело.ондьхо.;;;;;;+
30TI801_MO.OP;;DO;P-3001A мюяня р рело.ондьхо.;;;;;;+
30TI801_MO.MD;;DI;P-3001A мюяня р рело.ондьхо.;;;;;;+
30TI801_TF.PV;;DI;P-3001A мюяня р рело.ондьхо.;;;;;;+
30TI802_MO.PV;;DI;P-3001A мюяня J рело.ондьхо.;;;;;;+
30TI802_MO.OP;;DI;P-3001A мюяня J рело.ондьхо.;;;;;;+
30TI802_MO.OP;;DO;P-3001A мюяня J рело.ондьхо.;;;;;;+
30TI802_MO.MD;;DI;P-3001A мюяня J рело.ондьхо.;;;;;;+
30TI802_TF.PV;;DI;P-3001A мюяня J рело.ондьхо.;;;;;;+
30TI803_MO.PV;;DI;P-3001A мюяня J рело.ондьхо.;;;;;;+
30TI803_MO.OP;;DI;P-3001A мюяня J рело.ондьхо.;;;;;;+
30TI803_MO.OP;;DO;P-3001A мюяня J рело.ондьхо.;;;;;;+
30TI803_MO.MD;;DI;P-3001A мюяня J рело.ондьхо.;;;;;;+
30TI803_TF.PV;;DI;P-3001A мюяня J рело.ондьхо.;;;;;;+
30TI811_MO.PV;;DI;P-3001S мюяня р рело.ондьхо.;;;;;;+
30TI811_MO.OP;;DI;P-3001S мюяня р рело.ондьхо.;;;;;;+
30TI811_MO.OP;;DO;P-3001S мюяня р рело.ондьхо.;;;;;;+
30TI811_MO.MD;;DI;P-3001S мюяня р рело.ондьхо.;;;;;;+
30TI811_TF.PV;;DI;P-3001S мюяня р рело.ондьхо.;;;;;;+
30TI812_MO.PV;;DI;P-3001S мюяня J рело.ондьхо.;;;;;;+
30TI812_MO.OP;;DI;P-3001S мюяня J рело.ондьхо.;;;;;;+
30TI812_MO.OP;;DO;P-3001S мюяня J рело.ондьхо.;;;;;;+
30TI812_MO.MD;;DI;P-3001S мюяня J рело.ондьхо.;;;;;;+
30TI812_TF.PV;;DI;P-3001S мюяня J рело.ондьхо.;;;;;;+
30TI813_MO.PV;;DI;P-3001S мюяня J рело.ондьхо.;;;;;;+
30TI813_MO.OP;;DI;P-3001S мюяня J рело.ондьхо.;;;;;;+
30TI813_MO.OP;;DO;P-3001S мюяня J рело.ондьхо.;;;;;;+
30TI813_MO.MD;;DI;P-3001S мюяня J рело.ондьхо.;;;;;;+
30TI813_TF.PV;;DI;P-3001S мюяня J рело.ондьхо.;;;;;;+
30TI821_MO.PV;;DI;P-3003A мюяня р рело.ондьхо.;;;;;;+
30TI821_MO.OP;;DI;P-3003A мюяня р рело.ондьхо.;;;;;;+
30TI821_MO.OP;;DO;P-3003A мюяня р рело.ондьхо.;;;;;;+
30TI821_MO.MD;;DI;P-3003A мюяня р рело.ондьхо.;;;;;;+
30TI821_TF.PV;;DI;P-3003A мюяня р рело.ондьхо.;;;;;;+
30TI822_MO.PV;;DI;P-3003A мюяня J рело.ондьхо.;;;;;;+
30TI822_MO.OP;;DI;P-3003A мюяня J рело.ондьхо.;;;;;;+
30TI822_MO.OP;;DO;P-3003A мюяня J рело.ондьхо.;;;;;;+
30TI822_MO.MD;;DI;P-3003A мюяня J рело.ондьхо.;;;;;;+
30TI822_TF.PV;;DI;P-3003A мюяня J рело.ондьхо.;;;;;;+
30TI823_MO.PV;;DI;P-3003A мюяня J рело.ондьхо.;;;;;;+
30TI823_MO.OP;;DI;P-3003A мюяня J рело.ондьхо.;;;;;;+
30TI823_MO.OP;;DO;P-3003A мюяня J рело.ондьхо.;;;;;;+
30TI823_MO.MD;;DI;P-3003A мюяня J рело.ондьхо.;;;;;;+
30TI823_TF.PV;;DI;P-3003A мюяня J рело.ондьхо.;;;;;;+
30TI824_TF.PV;;DI;рело. надсбю щк.дбхц.P-3003A;;;;;;+
30TI831_MO.PV;;DI;P-3003S мюяня р рело.ондьхо.;;;;;;+
30TI831_MO.OP;;DI;P-3003S мюяня р рело.ондьхо.;;;;;;+
30TI831_MO.OP;;DO;P-3003S мюяня р рело.ондьхо.;;;;;;+
30TI831_MO.MD;;DI;P-3003S мюяня р рело.ондьхо.;;;;;;+
30TI831_TF.PV;;DI;P-3003S мюяня р рело.ондьхо.;;;;;;+
30TI832_MO.PV;;DI;P-3003S мюяня J рело.ондьхо.;;;;;;+
30TI832_MO.OP;;DI;P-3003S мюяня J рело.ондьхо.;;;;;;+
30TI832_MO.OP;;DO;P-3003S мюяня J рело.ондьхо.;;;;;;+
30TI832_MO.MD;;DI;P-3003S мюяня J рело.ондьхо.;;;;;;+
30TI832_TF.PV;;DI;P-3003S мюяня J рело.ондьхо.;;;;;;+
30TI833_MO.PV;;DI;P-3003S мюяня J рело.ондьхо.;;;;;;+
30TI833_MO.OP;;DI;P-3003S мюяня J рело.ондьхо.;;;;;;+
30TI833_MO.OP;;DO;P-3003S мюяня J рело.ондьхо.;;;;;;+
30TI833_MO.MD;;DI;P-3003S мюяня J рело.ондьхо.;;;;;;+
30TI833_TF.PV;;DI;P-3003S мюяня J рело.ондьхо.;;;;;;+
30TI834_TF.PV;;DI;рело. надсбю щк.дбхц.P-3003S;;;;;;+
30TI839A_MO.PV;;DI;P-3004A рело кхмеимнцн ондьхомхйю;;;;;;+
30TI839A_MO.OP;;DI;P-3004A рело кхмеимнцн ондьхомхйю;;;;;;+
30TI839A_MO.OP;;DO;P-3004A рело кхмеимнцн ондьхомхйю;;;;;;+
30TI839A_MO.MD;;DI;P-3004A рело кхмеимнцн ондьхомхйю;;;;;;+
30TI839A_TF.PV;;DI;P-3004A рело кхмеимнцн ондьхомхйю;;;;;;+
30TI839B_MO.PV;;DI;P-3004A рело нонпмнцн ондьхомхйю;;;;;;+
30TI839B_MO.OP;;DI;P-3004A рело нонпмнцн ондьхомхйю;;;;;;+
30TI839B_MO.OP;;DO;P-3004A рело нонпмнцн ондьхомхйю;;;;;;+
30TI839B_MO.MD;;DI;P-3004A рело нонпмнцн ондьхомхйю;;;;;;+
30TI841A_MO.PV;;DI;P-3004S рело кхмеимнцн ондьхомхйю;;;;;;+
30TI841A_MO.OP;;DI;P-3004S рело кхмеимнцн ондьхомхйю;;;;;;+
30TI841A_MO.OP;;DO;P-3004S рело кхмеимнцн ондьхомхйю;;;;;;+
30TI841A_MO.MD;;DI;P-3004S рело кхмеимнцн ондьхомхйю;;;;;;+
30TI841A_TF.PV;;DI;P-3004S рело кхмеимнцн ондьхомхйю;;;;;;+
30TI841B_MO.PV;;DI;P-3004S рело нонпмнцн ондьхомхйю;;;;;;+
30TI841B_MO.OP;;DI;P-3004S рело нонпмнцн ондьхомхйю;;;;;;+
30TI841B_MO.OP;;DO;P-3004S рело нонпмнцн ондьхомхйю;;;;;;+
30TI841B_MO.MD;;DI;P-3004S рело нонпмнцн ондьхомхйю;;;;;;+
30TI841B_TF.PV;;DI;P-3004S рело нонпмнцн ондьхомхйю;;;;;;+
30TI843A_MO.PV;;DI;P-3005A рело кхмеимнцн ондьхомхйю;;;;;;+
30TI843A_MO.OP;;DI;P-3005A рело кхмеимнцн ондьхомхйю;;;;;;+
30TI843A_MO.OP;;DO;P-3005A рело кхмеимнцн ондьхомхйю;;;;;;+
30TI843A_MO.MD;;DI;P-3005A рело кхмеимнцн ондьхомхйю;;;;;;+
30TI843A_TF.PV;;DI;P-3005A рело кхмеимнцн ондьхомхйю;;;;;;+
30TI843B_MO.PV;;DI;P-3005A рело нонпмнцн ондьхомхйю;;;;;;+
30TI843B_MO.OP;;DI;P-3005A рело нонпмнцн ондьхомхйю;;;;;;+
30TI843B_MO.OP;;DO;P-3005A рело нонпмнцн ондьхомхйю;;;;;;+
30TI843B_MO.MD;;DI;P-3005A рело нонпмнцн ондьхомхйю;;;;;;+
30TI843B_TF.PV;;DI;P-3005A рело нонпмнцн ондьхомхйю;;;;;;+
30TI845A_MO.PV;;DI;P-3005S рело кхмеимнцн ондьхомхйю;;;;;;+
30TI845A_MO.OP;;DI;P-3005S рело кхмеимнцн ондьхомхйю;;;;;;+
30TI845A_MO.OP;;DO;P-3005S рело кхмеимнцн ондьхомхйю;;;;;;+
30TI845A_MO.MD;;DI;P-3005S рело кхмеимнцн ондьхомхйю;;;;;;+
30TI845A_TF.PV;;DI;P-3005S рело кхмеимнцн ондьхомхйю;;;;;;+
30TI845B_MO.PV;;DI;P-3005S рело нонпмнцн ондьхомхйю;;;;;;+
30TI845B_MO.OP;;DI;P-3005S рело нонпмнцн ондьхомхйю;;;;;;+
30TI845B_MO.OP;;DO;P-3005S рело нонпмнцн ондьхомхйю;;;;;;+
30TI845B_MO.MD;;DI;P-3005S рело нонпмнцн ондьхомхйю;;;;;;+
30TI845B_TF.PV;;DI;P-3005S рело нонпмнцн ондьхомхйю;;;;;;+
30TI847A_MO.PV;;DI;P-3006A рело кхмеимнцн ондьхомхйю;;;;;;+
30TI847A_MO.OP;;DI;P-3006A рело кхмеимнцн ондьхомхйю;;;;;;+
30TI847A_MO.OP;;DO;P-3006A рело кхмеимнцн ондьхомхйю;;;;;;+
30TI847A_MO.MD;;DI;P-3006A рело кхмеимнцн ондьхомхйю;;;;;;+
30TI847A_TF.PV;;DI;P-3006A рело кхмеимнцн ондьхомхйю;;;;;;+
30TI847B_MO.PV;;DI;P-3006A рело нонпмнцн ондьхомхйю;;;;;;+
30TI847B_MO.OP;;DI;P-3006A рело нонпмнцн ондьхомхйю;;;;;;+
30TI847B_MO.OP;;DO;P-3006A рело нонпмнцн ондьхомхйю;;;;;;+
30TI847B_MO.MD;;DI;P-3006A рело нонпмнцн ондьхомхйю;;;;;;+
30XL905A.PV;;DI;нряей-кэ 30-XV-905 нрйпшр. хмдхй-жхъ мю леяр. оюмекх м-3001;;;;;;+
30XL905B.PV;;DI;нряей-кэ 30-XV-905 гюйпшр. хмдхй-жхъ мю леяр. оюмекх м-3001;;;;;;+
30XL906A.PV;;DI;нряей-кэ 30-XV-906 нрйпшр. хмдхй-жхъ мю леяр. оюмекх м-3001;;;;;;+
30XL906B.PV;;DI;нряей-кэ 30-XV-906 гюйпшр. хмдхй-жхъ мю леяр. оюмекх м-3001;;;;;;+
30XL907A.PV;;DI;нряей-кэ 30-XV-907 нрйпшр. хмдхй-жхъ мю леяр. оюмекх м-3001;;;;;;+
30XL907B.PV;;DI;нряей-кэ 30-XV-907 гюйпшр. хмдхй-жхъ мю леяр. оюмекх м-3001;;;;;;+
30XL908A.PV;;DI;нряей-кэ 30-XV-908 нрйпшр. хмдхй-жхъ мю леяр. оюмекх м-3001;;;;;;+
30XL908B.PV;;DI;нряей-кэ 30-XV-908 гюйпшр. хмдхй-жхъ мю леяр. оюмекх м-3001;;;;;;+
30XL909A.PV;;DI;нряей-кэ 30-XV-909 нрйпшр. хмдхй-жхъ мю леяр. оюмекх м-3001;;;;;;+
30XL909B.PV;;DI;нряей-кэ 30-XV-909 гюйпшр. хмдхй-жхъ мю леяр. оюмекх м-3001;;;;;;+
30XL910A.PV;;DI;нряей-кэ 30-XV-910 нрйпшр. хмдхй-жхъ мю леяр. оюмекх м-3001;;;;;;+
30XL910B.PV;;DI;нряей-кэ 30-XV-910 гюйпшр. хмдхй-жхъ мю леяр. оюмекх м-3001;;;;;;+
30XL911A.PV;;DI;нряей-кэ 30-XV-911 нрйпшр. хмдхй-жхъ мю леяр. оюмекх м-3001;;;;;;+
30XL911B.PV;;DI;нряей-кэ 30-XV-911 гюйпшр. хмдхй-жхъ мю леяр. оюмекх м-3001;;;;;;+
30XL938A.PV;;DI;гюбепьючыюъ нвхярйю;;;;;;+
30XL940.PV;;DI;нрйкчв. опх хгкхь.оюпюлерпюу цнпекйх;;;;;;+
30XL941.PV;;DI;цнрнбмнярэ й ношрмнлс осяйс;;;;;;+
30XL942.PV;;DI;цнрнбмнярэ й осяйс ням. цнпчвецн цюгю;;;;;;+
30XL943.PV;;DI;цнрнбмнярэ й осяйс фхдйнцн рнокхбю;;;;;;+
30XL950.PV;;DI;цнрнбши й яапняс- I-037 (30-XV-909/910/911);;;;;;+
30XL951.PV;;DI;цнрнбши й яапняс;;;;;;+
30XL952.PV;;DI;цнрнбши й яапняс;;;;;;+
30XL953.PV;;DI;цнрнбши й яапняс;;;;;;+
30XL954.PV;;DI;цнрнбши й яапняс;;;;;;+
30XL955.PV;;DI;цнрнбши й яапняс;;;;;;+
30XL956.PV;;DI;цнрнбши й яапняс;;;;;;+
30XL957.PV;;DI;цнрнбши й яапняс;;;;;;+
30XL958.PV;;DI;цнрнбши й яапняс;;;;;;+
30XL959.PV;;DI;цнрнбши й яапняс;;;;;;+
30XS870.PV;;DI;C-3001S мюяня ялюг. жхк. пл2 ярюрся;;;;;;+
30XS870_FU.PV;;DI;C-3001S мюяня ялюг. жхк. пл2 оепбнопхвхмю;;;;;;+
30XS897.PV;;DI;C-3001ю мюяня ялюг. жхк. пл2 ярюрся;;;;;;+
30XS897_FU.PV;;DI;C-3001ю мюяня ялюг. жхк. пл2 оепбнопхвхмю;;;;;;+
30XSC002.PV;;DI;XV-002 гюйпшрэ;;;;;;+
30HS120BB.PV;;DI;цп. нрйк. опх онф. - р. 03 унк. мюянямюъ;;;;;;+
30HS121AA.PV;;DI;цпсо. нрйкчв. опх онфюпе - р. 03 - юбн - цк.бу.;;;;;;+
30HS121AB.PV;;DI;цпсо. нрйк. опх онфюпе - р. 03 - юбн - цк.бу.;;;;;;+
30HS121BA.PV;;DI;цпсо. нрйкчв. опх онфюпе - р. 03 - юбн;;;;;;+
30HS121BB.PV;;DI;цпсо. нрйкчв. опх онфюпе - р. 03 - юбн;;;;;;+
30HS122AA.PV;;DI;нрйкчв. опх онфюпе P-3020 - р. 04- цк.бу.;;;;;;+
30HS122AB.PV;;DI;нрйкчв. опх онфюпе P-3020 - р. 04 - цк.бу.;;;;;;+
30HS122BA.PV;;DI;нрйкчв. опх онфюпе P-3020 - р. 04;;;;;;+
30HS122BB.PV;;DI;нрйкчв. опх онфюпе P-3020 - р. 04;;;;;;+
30HS123AA.PV;;DI;нрйкчв. опх онфюпе P-3025 - р. 05 - цк.бу.;;;;;;+
30HS123AB.PV;;DI;нрйкчв. опх онфюпе P-3025 - р. 05 - цк.бу.;;;;;;+
30HS123BA.PV;;DI;нрйкчв. опх онфюпе P-3025 - р. 05;;;;;;+
30HS123BB.PV;;DI;нрйкчв. опх онфюпе P-3025 - р. 05;;;;;;+
30HS125AA.PV;;DI;ярно опх онфюпе - р. 06 - мюянямюъ цк.бу.1;;;;;;+
30HS125AB.PV;;DI;ярно опх онфюпе - р. 06 - мюянямюъ цк.бу.1;;;;;;+
30HS125BA.PV;;DI;ярно опх онфюпе - р. 06 - мюянямюъ;;;;;;+
30HS125BB.PV;;DI;ярно опх онфюпе - р. 06 - мюянямюъ;;;;;;+
30HS126AA.PV;;DI;нрйкчв. опх онфюпе P-3026 - р. 06 - цк.бу.;;;;;;+
30HS126AB.PV;;DI;нрйкчв. опх онфюпе P-3026 - р. 06;;;;;;+
30HS126BA.PV;;DI;нрйкчв. опх онфюпе P-3026 - р. 06;;;;;;+
30HS126BB.PV;;DI;нрйкчв. опх онфюпе P-3026 - р. 06;;;;;;+
30HS301.PV;;DI;яапня I-001;;;;;;+
30HS301.OP;;DI;яапня I-001;;;;;;+
30HS301.OP;;DO;яапня I-001;;;;;;+
30HS302.PV;;DI;яапня I-002;;;;;;+
30HS302.OP;;DI;яапня I-002;;;;;;+
30HS302.OP;;DO;яапня I-002;;;;;;+
30HS304.PV;;DI;яапня I-004;;;;;;+
30HS304.OP;;DI;яапня I-004;;;;;;+
30HS304.OP;;DO;яапня I-004;;;;;;+
30HS305.PV;;DI;яапня I-005;;;;;;+
30HS305.OP;;DI;яапня I-005;;;;;;+
30HS305.OP;;DO;яапня I-005;;;;;;+
30HS307.PV;;DI;яапня I-007;;;;;;+
30HS307.OP;;DI;яапня I-007;;;;;;+
30HS307.OP;;DO;яапня I-007;;;;;;+
30HS308.PV;;DI;яапня I-008;;;;;;+
30HS308.OP;;DI;яапня I-008;;;;;;+
30HS308.OP;;DO;яапня I-008;;;;;;+
30HS312.PV;;DI;яапня I-012;;;;;;+
30HS312.OP;;DI;яапня I-012;;;;;;+
30HS312.OP;;DO;яапня I-012;;;;;;+
30HS313.PV;;DI;яапня I-013;;;;;;+
30HS313.OP;;DI;яапня I-013;;;;;;+
30HS313.OP;;DO;яапня I-013;;;;;;+
30HS314.PV;;DI;яапня I-014;;;;;;+
30HS314.OP;;DI;яапня I-014;;;;;;+
30HS314.OP;;DO;яапня I-014;;;;;;+
30HS315.PV;;DI;яапня I-015;;;;;;+
30HS315.OP;;DI;яапня I-015;;;;;;+
30HS315.OP;;DO;яапня I-015;;;;;;+
30HS316.PV;;DI;яапня I-016;;;;;;+
30HS316.OP;;DI;яапня I-016;;;;;;+
30HS316.OP;;DO;яапня I-016;;;;;;+
30HS317.PV;;DI;яапня I-017;;;;;;+
30HS317.OP;;DI;яапня I-017;;;;;;+
30HS317.OP;;DO;яапня I-017;;;;;;+
30HS318.PV;;DI;яапня I-018;;;;;;+
30HS318.OP;;DI;яапня I-018;;;;;;+
30HS318.OP;;DO;яапня I-018;;;;;;+
30HS319.PV;;DI;яапня I-019;;;;;;+
30HS319.OP;;DI;яапня I-019;;;;;;+
30HS319.OP;;DO;яапня I-019;;;;;;+
30HS320.PV;;DI;яапня I-020;;;;;;+
30HS320.OP;;DI;яапня I-020;;;;;;+
30HS320.OP;;DO;яапня I-020;;;;;;+
30HS321.PV;;DI;яапня I-021;;;;;;+
30HS321.OP;;DI;яапня I-021;;;;;;+
30HS321.OP;;DO;яапня I-021;;;;;;+
30HS326.PV;;DI;яапня I-026;;;;;;+
30HS326.OP;;DI;яапня I-026;;;;;;+
30HS326.OP;;DO;яапня I-026;;;;;;+
30HS327.PV;;DI;яапня I-027;;;;;;+
30HS327.OP;;DI;яапня I-027;;;;;;+
30HS327.OP;;DO;яапня I-027;;;;;;+
30PALL917A_CA.PV;;DI;нямнбмни цнпчвхи цюг;;;;;;+
30PAHH917B_CA.PV;;DI;нямнбмни цнпчвхи цюг;;;;;;+
30HS953.PV;;DI;яапня I-031 (I-302);;;;;;+
30HS953.OP;;DI;яапня I-031 (I-302);;;;;;+
30HS953.OP;;DO;яапня I-031 (I-302);;;;;;+
30HS954.PV;;DI;яапня I-035 (I-304);;;;;;+
30HS954.OP;;DI;яапня I-035 (I-304);;;;;;+
30HS954.OP;;DO;яапня I-035 (I-304);;;;;;+
30HS955.PV;;DI;яапня I-036 (I-305);;;;;;+
30HS955.OP;;DI;яапня I-036 (I-305);;;;;;+
30HS955.OP;;DO;яапня I-036 (I-305);;;;;;+
30XSC023.PV;;DI;XV-023 гюйпшрэ;;;;;;+
30XSC030.PV;;DI;XV-030 гюйпшрэ;;;;;;+
30XSC093.PV;;DI;XV-093 гюйпшрэ;;;;;;+
30XSC094.PV;;DI;XV-094 гюйпшрэ;;;;;;+
30XSC096.PV;;DI;XV-096 гюйпшрэ;;;;;;+
30XV002.PV;;DI;XV-002 мю бяюяе мюянянб п-3001ю,S;;;;;;+
30XV002.MD;;DI;XV-002 мю бяюяе мюянянб п-3001ю,S;;;;;;+
30XV023.PV;;DI;XV-023 мю бяюяе мюянянб п-3003ю,S;;;;;;+
30XV023.MD;;DI;XV-023 мю бяюяе мюянянб п-3003ю,S;;;;;;+
30XV030.PV;;DI;XV-030 мю бяюяе мюянянб п-3005ю,S;;;;;;+
30XV030.MD;;DI;XV-030 мю бяюяе мюянянб п-3005ю,S;;;;;;+
30XV093.PV;;DI;XV-093 мю мюцмерюмхх мюянянб п-3001ю,S;;;;;;+
30XV093.MD;;DI;XV-093 мю мюцмерюмхх мюянянб п-3001ю,S;;;;;;+
30XV094.PV;;DI;XV-094 мю мюцмерюмхх мюянянб п-3003ю,S;;;;;;+
30XV094.MD;;DI;XV-094 мю мюцмерюмхх мюянянб п-3003ю,S;;;;;;+
30XV096.PV;;DI;XV096 бшйхд п-3005ю/S /цюгникэ мю ялеьем;;;;;;+
30XV096.MD;;DI;XV096 бшйхд п-3005ю/S /цюгникэ мю ялеьем;;;;;;+
30XV900.PV;;DI;пецскърнп ьхаепю мю кхм дшлнбшу цюгнб;;;;;;+
30XV900.OP;;DI;пецскърнп ьхаепю мю кхм дшлнбшу цюгнб;;;;;;+
30XV900.MD;;DI;пецскърнп ьхаепю мю кхм дшлнбшу цюгнб;;;;;;+
30XV904.PV;;DI;нряейюрекэ XV904 / фхдй рнок й тнпясмйюл;;;;;;+
30XV904.OP;;DI;нряейюрекэ XV904 / фхдй рнок й тнпясмйюл;;;;;;+
30XV904.MD;;DI;нряейюрекэ XV904 / фхдй рнок й тнпясмйюл;;;;;;+
30XV905.PV;;DI;нряейюрекэ XV905 / фхдй рнок нр оевх;;;;;;+
30XV905.OP;;DI;нряейюрекэ XV905 / фхдй рнок нр оевх;;;;;;+
30XV905.MD;;DI;нряейюрекэ XV905 / фхдй рнок нр оевх;;;;;;+
30XV906.PV;;DI;нряейюрекэ XV906 / рнок цюг й тнпясмйюл;;;;;;+
30XV906.OP;;DI;нряейюрекэ XV906 / рнок цюг й тнпясмйюл;;;;;;+
30XV906.OP;;DO;нряейюрекэ XV906 / рнок цюг й тнпясмйюл;;;;;;+
30XV906.MD;;DI;нряейюрекэ XV906 / рнок цюг й тнпясмйюл;;;;;;+
30XV907.PV;;DI;нряейюрекэ XV907 / рнок цюг мю ябевс;;;;;;+
30XV907.OP;;DI;нряейюрекэ XV907 / рнок цюг мю ябевс;;;;;;+
30XV907.OP;;DO;нряейюрекэ XV907 / рнок цюг мю ябевс;;;;;;+
30XV907.MD;;DI;нряейюрекэ XV907 / рнок цюг мю ябевс;;;;;;+
30XV908.PV;;DI;нряей XV908 /рнок цюг й тнпя оняке ябевх;;;;;;+
30XV908.OP;;DI;нряей XV908 /рнок цюг й тнпя оняке ябевх;;;;;;+
30XV908.OP;;DO;нряей XV908 /рнок цюг й тнпя оняке ябевх;;;;;;+
30XV908.MD;;DI;нряей XV908 /рнок цюг й тнпя оняке ябевх;;;;;;+
30SIS025_RR.PV;;DI;цнрнб й яапняс;;;;;;+
30HS888_P.PV;;DI;C-3001A йбхрхпнбюмхе яхпемш;;;;;;+
30HY869A_P.PV;;DI;C-3001S-PM1S мюяня ялюгйх йпхбньхою осяй хг DCS;;;;;;+
30HY981A_P.PV;;DI;C-3001A-PM1S мюяня ялюгйх йпхбньхою осяй хг DCS;;;;;;+
30TAL919_P.PV;;DI;H-3001 люгср й оевх;;;;;;+
30HS030BB.PV;;DI;гюйпшрэ XV030, XV096/ ярно п-3005A/S;;;;;;+
30HS047A.PV;;DI;C-3001A юбюпхимши нярюмнб йнмрюйр 1;;;;;;+
30HS047BA.PV;;DI;C-3001A юбюпхимши нярюмнб;;;;;;+
30HS047BB.PV;;DI;C-3001A юбюпхимши нярюмнб;;;;;;+
30HS048A.PV;;DI;C-3001S юбюпхимши нярюмнб йнмрюйр 1;;;;;;+
30HS103B1.PV;;DI;30XV103 нрйпшр;;;;;;+
30HS103B2.PV;;DI;30XV103 нрйпшр;;;;;;+
30HS048BA.PV;;DI;C-3001S юбюпхимши нярюмнб;;;;;;+
30HS055.PV;;DI;нряейюрекэ 30HV055/мютрю я сяр.;;;;;;+
30HS055.OP;;DI;нряейюрекэ 30HV055/мютрю я сяр.;;;;;;+
30HS055.OP;;DO;нряейюрекэ 30HV055/мютрю я сяр.;;;;;;+
30HS118AA.PV;;DI;нрйкчв. опх онфюпе P-3021 - р. 02 - цк.бу.;;;;;;+
30HS118AB.PV;;DI;нрйкчв. опх онфюпе P-3021 - р. 02 - цк.бу.;;;;;;+
30HS118BA.PV;;DI;нрйкчв. опх онфюпе P-3021 - р. 02 - цк.бу.;;;;;;+
30HS118BB.PV;;DI;нрйкчв. опх онфюпе P-3021 - р. 02 - цк.бу.;;;;;;+
30HS119AA1.PV;;DI;цп. нрйк. опх онф.- р. 03 цнп. мюянямюъ - бу.1;;;;;;+
30HS119AA2.PV;;DI;цп. нрйк. опх онф.- р. 03 цнп. мюянямюъ - бу.2;;;;;;+
30HS119AB1.PV;;DI;цп. нрйк. опх онф.- р. 03 цнп. мюянямюъ - бу.1;;;;;;+
30HS119AB2.PV;;DI;цп. нрйк. опх онф.- р. 03 цнп. мюянямюъ - бу.2;;;;;;+
30HS119BA.PV;;DI;цпсо. нрйк. опх онфюпе - р. 03 цнп. мюянямюъ;;;;;;+
30HS119BB.PV;;DI;цпсо. нрйк. опх онфюпе - р. 03 цнп. мюянямюъ;;;;;;+
30HS120AA.PV;;DI;цп. нрйк. опх онф.- р. 03 унк. мюяня. - цк. бу.;;;;;;+
30HS120AB.PV;;DI;цп. нрйк. опх онф.- р. 03 унк. мюяня. - цк. бу.;;;;;;+
30HS120BA.PV;;DI;цп. нрйк. опх онф. - р. 03 унк. мюянямюъ;;;;;;+
30HS956.PV;;DI;яапня I-029 (I-301);;;;;;+
30HS956.OP;;DI;яапня I-029 (I-301);;;;;;+
30HS956.OP;;DO;яапня I-029 (I-301);;;;;;+
30HS957.PV;;DI;яапня I-003 (I-313) наыхи нярюмнб м-3001;;;;;;+
30HS957.OP;;DI;яапня I-003 (I-313) наыхи нярюмнб м-3001;;;;;;+
30HS957.OP;;DO;яапня I-003 (I-313) наыхи нярюмнб м-3001;;;;;;+
30HS958.PV;;DI;яапня I-030 (I-303);;;;;;+
30HS958.OP;;DI;яапня I-030 (I-303);;;;;;+
30HS958.OP;;DO;яапня I-030 (I-303);;;;;;+
30HS959.PV;;DI;яапня I-043 (10-I-309);;;;;;+
30HS959.OP;;DI;яапня I-043 (10-I-309);;;;;;+
30HS959.OP;;DO;яапня I-043 (10-I-309);;;;;;+
30HY007.PV;;DI;бнд. оюп бд б глеебхй 4 м-3001;;;;;;+
30HY008.PV;;DI;бнд. оюп бд б глеебхй 3 м-3001;;;;;;+
30HY009.PV;;DI;бнд. оюп бд б глеебхй 2 м-3001;;;;;;+
30HY010.PV;;DI;бнд. оюп бд б глеебхй 1 м-3001;;;;;;+
30HY869.PV;;DI;осяй C-3001S-PM1S ялюгйю йпхбньхою;;;;;;+
30HY896.PV;;DI;осяй C-3001ю-PM1S ялюгйю йпхбньхою;;;;;;+
30LAHH004.PV;;DI;T-3001 йнкнммю тпюйжхнмхпнбюмхъ;;;;;;+
30LAHH004_CA.PV;;DI;T-3001 йнкнммю тпюйжхнмхпнбюмхъ;;;;;;+
30LAHH022.PV;;DI;V-3005 сцк-дш/бндю;;;;;;+
30LAHH022_CA.PV;;DI;V-3005 сцк-дш/бндю;;;;;;+
30LAHH022_FU.PV;;DI;V-3005 сцк-дш/бндю;;;;;;+
30LAHH022S_FU.PV;;DI;V-3005 сцк-дш/бндю;;;;;;+
30LAHH048.PV;;DI;V-3012 охрюрюрекэмюъ бндю;;;;;;+
30LAHH048_CA.PV;;DI;V-3012 охрюрюрекэмюъ бндю;;;;;;+
30LAHH051.PV;;DI;V-3013 яеоюпюрнп меоп. опндсбйх;;;;;;+
30LAHH051_CA.PV;;DI;V-3013 яеоюпюрнп меоп. опндсбйх;;;;;;+
30LAHH064.PV;;DI;V-3017 яеоюпюрнп рнокхбмнцн цюгю;;;;;;+
30LAHH064_CA.PV;;DI;V-3017 яеоюпюрнп рнокхбмнцн цюгю;;;;;;+
30LAHH064_FU.PV;;DI;V-3017 яеоюпюрнп рнокхбмнцн цюгю;;;;;;+
30LALL002.PV;;DI;спнбемэ б яшпэебни елйнярх V-3001;;;;;;+
30LALL002_CA.PV;;DI;спнбемэ б яшпэебни елйнярх V-3001;;;;;;+
30LALL008.PV;;DI;T-3001 йнкнммю тпюйжхнмхпнбюмхъ;;;;;;+
30HS328.PV;;DI;яапня I-028;;;;;;+
30HS328.OP;;DI;яапня I-028;;;;;;+
30HS328.OP;;DO;яапня I-028;;;;;;+
30HS334.PV;;DI;яапня I-034;;;;;;+
30HS334.OP;;DI;яапня I-034;;;;;;+
30HS334.OP;;DO;яапня I-034;;;;;;+
30HS338.PV;;DI;яапня I-038;;;;;;+
30HS338.OP;;DI;яапня I-038;;;;;;+
30HS338.OP;;DO;яапня I-038;;;;;;+
30HS703A.PV;;DI;йкчв пефхлю деакнйюжхх свюярйю H-3001;;;;;;+
30HS703B.PV;;DI;йкчв нрйкчвемхъ MOS свюярйю H-3001;;;;;;+
30HS704A.PV;;DI;йкчв пефхлю деакнйюжхх свюярйю C-3001A;;;;;;+
30HS704B.PV;;DI;йкчв нрйкчвемхъ MOS свюярйю C-3001A;;;;;;+
30HS705A.PV;;DI;йкчв пефхлю деакнйюжхх свюярйю C-3001S;;;;;;+
30HS705B.PV;;DI;йкчв нрйкчвемхъ MOS свюярйю C-3001S;;;;;;+
30HS706A.PV;;DI;йкчв пефхлю деакнйюжхх свюярйю 3000;;;;;;+
30HS706B.PV;;DI;йкчв нрйкчвемхъ MOS свюярйю 3000;;;;;;+
30HS899.PV;;DI;C-3001 юбюпхимши нярюмнб;;;;;;+
30HS935.PV;;DI;м-3001 яапня яхпемш мю кнйюкэмни оюмекх;;;;;;+
30HS936.PV;;DI;H-3001 реяр кюло мю кнйюкэмни оюмекх;;;;;;+
30HS937.PV;;DI;хяошрюмхе мю цеплерхвмнярэ;;;;;;+
30HS938.PV;;DI;мювюкн опндсбйх;;;;;;+
30HS941B.PV;;DI;м-3001 ймнойю нрйк кхмхх охкнр цюгю мю кнй оюмекх;;;;;;+
30HS941C.PV;;DI;м-3001 ймнойю бйк кхмхх охкнр цюгю мю кнй оюмекх;;;;;;+
30HS942A.PV;;DI;м-3001 ймнойю бйк кхмхх ням цюгю мю кнй оюмекх;;;;;;+
30HS942B.PV;;DI;м-3001 ймнойю нрйк кхмхх ням цюгю мю кнй оюмекх;;;;;;+
30HS943A.PV;;DI;м-3001 ймнойю нрйк кхмхх люгсрю мю кнй оюмекх;;;;;;+
30HS943B.PV;;DI;м-3001 ймнойю нрйк кхмхх люгсрю мю кнй оюмекх;;;;;;+
30HS950.PV;;DI;яапня I-037 (30-XV-910);;;;;;+
30HS950.OP;;DI;яапня I-037 (30-XV-910);;;;;;+
30HS950.OP;;DO;яапня I-037 (30-XV-910);;;;;;+
30HS951.PV;;DI;яапня I-033 (I-307);;;;;;+
30HS951.OP;;DI;яапня I-033 (I-307);;;;;;+
30HS951.OP;;DO;яапня I-033 (I-307);;;;;;+
30HS952.PV;;DI;яапня I-036;;;;;;+
30HS952.OP;;DI;яапня I-036;;;;;;+
30HS952.OP;;DO;яапня I-036;;;;;;+
30XA002_B0.PV;;DI;юбюпхимне янярнъмхе 30XV002;;;;;;+
30XA023_B0.PV;;DI;юбюпхимне янярнъмхе 30XV023;;;;;;+
30LALL008_CA.PV;;DI;T-3001 йнкнммю тпюйжхнмхпнбюмхъ;;;;;;+
30LALL010.PV;;DI;бяюя P-3004A;;;;;;+
30LALL010_CA.PV;;DI;бяюя P-3004A;;;;;;+
30LSLL010_TF.PV;;DI;бяюя P-3004A;;;;;;+
30LALL013.PV;;DI;T-3002 (йса);;;;;;+
30LALL013_CA.PV;;DI;T-3002 (йса);;;;;;+
30LALL016.PV;;DI;V-3003 меярюа.мютрю/йхяк.бндю;;;;;;+
30LALL016_CA.PV;;DI;V-3003 меярюа.мютрю/йхяк.бндю;;;;;;+
30LALL018.PV;;DI;V-3003 меярюа.мютрю;;;;;;+
30LALL018_CA.PV;;DI;V-3003 меярюа.мютрю;;;;;;+
30LALL025.PV;;DI;меярюа.мютрю. V-3008;;;;;;+
30LALL025_CA.PV;;DI;меярюа.мютрю. V-3008;;;;;;+
30LALL028.PV;;DI;ярюа. мютрю. р-3003;;;;;;+
30LALL028_CA.PV;;DI;ярюа. мютрю. р-3003;;;;;;+
30LALL031.PV;;DI;V-3009;;;;;;+
30LALL031_CA.PV;;DI;V-3009;;;;;;+
30LALL038.PV;;DI;бяюя P-3022A;;;;;;+
30LALL038_CA.PV;;DI;бяюя P-3022A;;;;;;+
30LALL040.PV;;DI;юмрхтпхг. V-3021;;;;;;+
30LALL040_CA.PV;;DI;юмрхтпхг. V-3021;;;;;;+
30LALL057.PV;;DI;V-3023 Cберкше метреопндсйрш;;;;;;+
30LALL057_CA.PV;;DI;V-3023 Cберкше метреопндсйрш;;;;;;+
30LALL058.PV;;DI;V-3024 релмше метреопндсйрш;;;;;;+
30LALL058_CA.PV;;DI;V-3024 релмше метреопндсйрш;;;;;;+
30LALL060.PV;;DI;V-3027 релмше метреопндсйрш;;;;;;+
30LALL060_CA.PV;;DI;V-3027 релмше метреопндсйрш;;;;;;+
30LALL061.PV;;DI;V-3028 Cберкше метреопндсйрш;;;;;;+
30LALL061_CA.PV;;DI;V-3028 Cберкше метреопндсйрш;;;;;;+
30LALL883.PV;;DI;C-3001ю спнбемэ пегепбсюпю люякю жхкхмдп;;;;;;+
30LALL883_FU.PV;;DI;C-3001ю спнбемэ пегепбсюпю люякю жхкхмдп;;;;;;+
30LALL983.PV;;DI;C-3001S спнбемэ пегепбсюпю люякю жхкхмдп;;;;;;+
30HS862_P.PV;;DI;C-3001S яапня кнцхйх йнлопеяянпю;;;;;;+
30LALL983_FU.PV;;DI;C-3001S спнбемэ пегепбсюпю люякю жхкхмдп;;;;;;+
30PAHH066_FU.PV;;DI;мюцмерюмхе C-3001A;;;;;;+
30PAHH067.PV;;DI;мюцмерюмхе C-3001S;;;;;;+
30PAHH067_CA.PV;;DI;мюцмерюмхе C-3001S;;;;;;+
30PAHH067_FU.PV;;DI;мюцмерюмхе C-3001S;;;;;;+
30PAHH075.PV;;DI;оюпш сцкебнднпнднб б р-3003;;;;;;+
30PAHH075_CA.PV;;DI;оюпш сцкебнднпнднб б р-3003;;;;;;+
30PAHH783B.PV;;DI;п люякю оняке тхкэрпнб я-3001ю/акнй;;;;;;+
30PAHH783B_CA.PV;;DI;C-3001A дюбкемхе люякю б йюпрепе;;;;;;+
30PAHH783B_FU.PV;;DI;C-3001A дюбкемхе люякю б йюпрепе;;;;;;+
30PAHH883B.PV;;DI;C-3001S дюбкемхе люякю б йюпрепе;;;;;;+
30PAHH883B_CA.PV;;DI;C-3001S дюбкемхе люякю б йюпрепе;;;;;;+
30PAHH883B_FU.PV;;DI;C-3001S дюбкемхе люякю б йюпрепе;;;;;;+
30PAHH907.PV;;DI;дюбкемхе дшлнбшу цюгнб мю оепебюке;;;;;;+
30PAHH907_CA.PV;;DI;дюбкемхе дшлнбшу цюгнб мю оепебюке;;;;;;+
30PAHH907_FU.PV;;DI;дюбкемхе дшлнбшу цюгнб мю оепебюке;;;;;;+
30PAHH911B.PV;;DI;ондювю фхдйнцн рнокхбю;;;;;;+
30PAHH911B_CA.PV;;DI;бшянйне дюбкемхе фхдй рнок й тнпя оевх;;;;;;+
30PAHH917.PV;;DI;нямнбмни цнпчвхи цюг;;;;;;+
30PAHH917_FU.PV;;DI;нямнбмни цнпчвхи цюг;;;;;;+
30PAHH917A_CA.PV;;DI;нямнбмни цнпчвхи цюг;;;;;;+
30PALL056.PV;;DI;V-3005;;;;;;+
30PALL056_CA.PV;;DI;V-3005;;;;;;+
30PALL056_FU.PV;;DI;V-3005;;;;;;+
30PALL056S_FU.PV;;DI;V-3005;;;;;;+
30PALL143.PV;;DI;опнцюп м-3001 глеебхй 1;;;;;;+
30PALL143_PA.PV;;DI;опнцюп м-3001 глеебхй 1;;;;;;+
30PALL143A_CA.PV;;DI;бшунд хг м-3001 глеебхй 1;;;;;;+
30PALL143B_CA.PV;;DI;бшунд хг м-3001 глеебхй 1;;;;;;+
30PAHH907_30.PV;;DI;дюбкемхе дшлнбшу цюгнб мю оепебюке;;;;;;+
30PALL143C_CA.PV;;DI;бшунд хг м-3001 глеебхй 1;;;;;;+
30PALL162.PV;;DI;опнцюп м-3001 глеебхй 2;;;;;;+
30PALL162_PA.PV;;DI;опнцюп м-3001 глеебхй 2;;;;;;+
30PALL162A_CA.PV;;DI;бшунд хг м-3001 глеебхй 2;;;;;;+
30PALL162B_CA.PV;;DI;бшунд хг м-3001 глеебхй 2;;;;;;+
30PALL162C_CA.PV;;DI;бшунд хг м-3001 глеебхй 2;;;;;;+
30PALL163.PV;;DI;опнцюп м-3001 глеебхй 3;;;;;;+
30PALL163_PA.PV;;DI;опнцюп м-3001 глеебхй 3;;;;;;+
30PALL163A_CA.PV;;DI;бшунд хг м-3001 глеебхй 3;;;;;;+
30PALL163B_CA.PV;;DI;бшунд хг м-3001 глеебхй 3;;;;;;+
30PALL163C_CA.PV;;DI;бшунд хг м-3001 глеебхй 3;;;;;;+
30PALL164.PV;;DI;опнцюп м-3001 глеебхй 4;;;;;;+
30PALL164_PA.PV;;DI;опнцюп м-3001 глеебхй 4;;;;;;+
30PALL164A_CA.PV;;DI;бшунд хг м-3001 глеебхй 4;;;;;;+
30PALL164B_CA.PV;;DI;бшунд хг м-3001 глеебхй 4;;;;;;+
30PALL164C_CA.PV;;DI;бшунд хг м-3001 глеебхй 4;;;;;;+
30PALL783B.PV;;DI;C-3001A дюбкемхе люякю б йюпрепе;;;;;;+
30PALL783B_CA.PV;;DI;C-3001A дюбкемхе люякю б йюпрепе;;;;;;+
30PALL783B_FU.PV;;DI;C-3001A дюбкемхе люякю б йюпрепе;;;;;;+
30PALL787.PV;;DI;C-3001A дюбкемхе опндсбнвмнцн цюгю;;;;;;+
30PALL787_CA.PV;;DI;C-3001A дюбкемхе опндсбнвмнцн цюгю;;;;;;+
30PALL787_FU.PV;;DI;C-3001A дюбкемхе опндсбнвмнцн цюгю;;;;;;+
30PALL879B.PV;;DI;C-3001 дюбкемхе нукюфд.бндш;;;;;;+
30PALL879B_CA.PV;;DI;C-3001 дюбкемхе нукюфд.бндш;;;;;;+
30PALL879B_FU.PV;;DI;C-3001 дюбкемхе нукюфд.бндш;;;;;;+
30PALL879BS_FU.PV;;DI;C-3001 дюбкемхе нукюфд.бндш;;;;;;+
30PALL883B.PV;;DI;C-3001S дюбкемхе люякю б йюпрепе;;;;;;+
30PALL883B_CA.PV;;DI;C-3001S дюбкемхе люякю б йюпрепе;;;;;;+
30PALL883B_FU.PV;;DI;C-3001S дюбкемхе люякю б йюпрепе;;;;;;+
30LI002_MO.PV;;DI;спнбемэ б яшпэебни елйнярх V-3001;;;;;;+
30LI002_MO.OP;;DI;спнбемэ б яшпэебни елйнярх V-3001;;;;;;+
30LI002_MO.OP;;DO;спнбемэ б яшпэебни елйнярх V-3001;;;;;;+
30LI002_MO.MD;;DI;спнбемэ б яшпэебни елйнярх V-3001;;;;;;+
30LI002_TF.PV;;DI;спнбемэ б яшпэебни елйнярх V-3001;;;;;;+
30LI004_MO.PV;;DI;T-3001 йнкнммю тпюйжхнмхпнбюмхъ MOS 30LI004\30LI007;;;;;;+
30LI004_MO.OP;;DI;T-3001 йнкнммю тпюйжхнмхпнбюмхъ MOS 30LI004\30LI007;;;;;;+
30LI004_MO.OP;;DO;T-3001 йнкнммю тпюйжхнмхпнбюмхъ MOS 30LI004\30LI007;;;;;;+
30LI004_MO.MD;;DI;T-3001 йнкнммю тпюйжхнмхпнбюмхъ MOS 30LI004\30LI007;;;;;;+
30LI004_TF.PV;;DI;T-3001 йнкнммю тпюйжхнмхпнбюмхъ;;;;;;+
30LI008_MO.PV;;DI;T-3001 йнкнммю тпюйжхнмхпнбюмхъ MOS 30LI007/30LI008;;;;;;+
30LI008_MO.OP;;DI;T-3001 йнкнммю тпюйжхнмхпнбюмхъ MOS 30LI007/30LI008;;;;;;+
30LI008_MO.OP;;DO;T-3001 йнкнммю тпюйжхнмхпнбюмхъ MOS 30LI007/30LI008;;;;;;+
30LI008_MO.MD;;DI;T-3001 йнкнммю тпюйжхнмхпнбюмхъ MOS 30LI007/30LI008;;;;;;+
30LI008_TF.PV;;DI;T-3001 йнкнммю тпюйжхнмхпнбюмхъ;;;;;;+
30LI013_MO.PV;;DI;T-3002 (йса) MOS 30LI012\30LI013;;;;;;+
30LI013_MO.OP;;DI;T-3002 (йса) MOS 30LI012\30LI013;;;;;;+
30LI013_MO.OP;;DO;T-3002 (йса) MOS 30LI012\30LI013;;;;;;+
30LI013_MO.MD;;DI;T-3002 (йса) MOS 30LI012\30LI013;;;;;;+
30LI013_TF.PV;;DI;T-3002 (йса);;;;;;+
30LI016_MO.PV;;DI;V-3003 меярюа.мютрю/йхяк.бндю MOS 30LI015\30LI016;;;;;;+
30LI016_MO.OP;;DI;V-3003 меярюа.мютрю/йхяк.бндю MOS 30LI015\30LI016;;;;;;+
30LI016_MO.OP;;DO;V-3003 меярюа.мютрю/йхяк.бндю MOS 30LI015\30LI016;;;;;;+
30LI016_MO.MD;;DI;V-3003 меярюа.мютрю/йхяк.бндю MOS 30LI015\30LI016;;;;;;+
30LI016_TF.PV;;DI;V-3003 меярюа.мютрю/йхяк.бндю;;;;;;+
30LI018_MO.PV;;DI;V-3003 меярюа.мютрю MOS 30LI018\30LI019;;;;;;+
30LI018_MO.OP;;DI;V-3003 меярюа.мютрю MOS 30LI018\30LI019;;;;;;+
30LI018_MO.OP;;DO;V-3003 меярюа.мютрю MOS 30LI018\30LI019;;;;;;+
30LI018_MO.MD;;DI;V-3003 меярюа.мютрю MOS 30LI018\30LI019;;;;;;+
30LI018_TF.PV;;DI;V-3003 меярюа.мютрю;;;;;;+
30LI022_MO.PV;;DI;V-3005 сцк-дш/бндю MOS 30LI021\30LI022;;;;;;+
30LI022_MO.OP;;DI;V-3005 сцк-дш/бндю MOS 30LI021\30LI022;;;;;;+
30LI022_MO.OP;;DO;V-3005 сцк-дш/бндю MOS 30LI021\30LI022;;;;;;+
30LI022_MO.MD;;DI;V-3005 сцк-дш/бндю MOS 30LI021\30LI022;;;;;;+
30LI022_TF.PV;;DI;V-3005 сцк-дш/бндю;;;;;;+
30LI025_MO.PV;;DI;меярюа.мютрю. V-3008 MOS 30LI024\30LI025;;;;;;+
30LI025_MO.OP;;DI;меярюа.мютрю. V-3008 MOS 30LI024\30LI025;;;;;;+
30LI025_MO.OP;;DO;меярюа.мютрю. V-3008 MOS 30LI024\30LI025;;;;;;+
30LI025_MO.MD;;DI;меярюа.мютрю. V-3008 MOS 30LI024\30LI025;;;;;;+
30LI025_TF.PV;;DI;меярюа.мютрю. V-3008;;;;;;+
30LI028_MO.PV;;DI;ярюа. мютрю. р-3003 MOS 30LI027\30LI028;;;;;;+
30LI028_MO.OP;;DI;ярюа. мютрю. р-3003 MOS 30LI027\30LI028;;;;;;+
30LI028_MO.OP;;DO;ярюа. мютрю. р-3003 MOS 30LI027\30LI028;;;;;;+
30LI028_MO.MD;;DI;ярюа. мютрю. р-3003 MOS 30LI027\30LI028;;;;;;+
30LI028_TF.PV;;DI;ярюа. мютрю. р-3003;;;;;;+
30LI031_MO.PV;;DI;V-3009 MOS 30LI030\30LI031;;;;;;+
30LI031_MO.OP;;DI;V-3009 MOS 30LI030\30LI031;;;;;;+
30LI031_MO.OP;;DO;V-3009 MOS 30LI030\30LI031;;;;;;+
30LI031_MO.MD;;DI;V-3009 MOS 30LI030\30LI031;;;;;;+
30LI031_TF.PV;;DI;V-3009;;;;;;+
30LI040_MO.PV;;DI;юмрхтпхг. V-3021 MOS 30LI039\30LI040;;;;;;+
30LI040_MO.OP;;DI;юмрхтпхг. V-3021 MOS 30LI039\30LI040;;;;;;+
30LI040_MO.OP;;DO;юмрхтпхг. V-3021 MOS 30LI039\30LI040;;;;;;+
30LI040_MO.MD;;DI;юмрхтпхг. V-3021 MOS 30LI039\30LI040;;;;;;+
30LI040_TF.PV;;DI;юмрхтпхг. V-3021;;;;;;+
30LI048_MO.PV;;DI;V-3012 охрюрюрекэмюъ бндю MOS 30LI047\30LI048;;;;;;+
30LI048_MO.OP;;DI;V-3012 охрюрюрекэмюъ бндю MOS 30LI047\30LI048;;;;;;+
30LI048_MO.OP;;DO;V-3012 охрюрюрекэмюъ бндю MOS 30LI047\30LI048;;;;;;+
30LI048_MO.MD;;DI;V-3012 охрюрюрекэмюъ бндю MOS 30LI047\30LI048;;;;;;+
30LI048_TF.PV;;DI;V-3012 охрюрюрекэмюъ бндю;;;;;;+
30LI051_MO.PV;;DI;V-3013 яеоюпюрнп меоп. опндсбйх MOS 30LI050\30LI051;;;;;;+
30LI051_MO.OP;;DI;V-3013 яеоюпюрнп меоп. опндсбйх MOS 30LI050\30LI051;;;;;;+
30LI051_MO.OP;;DO;V-3013 яеоюпюрнп меоп. опндсбйх MOS 30LI050\30LI051;;;;;;+
30LI051_MO.MD;;DI;V-3013 яеоюпюрнп меоп. опндсбйх MOS 30LI050\30LI051;;;;;;+
30LI051_TF.PV;;DI;V-3013 яеоюпюрнп меоп. опндсбйх;;;;;;+
30LI057_MO.PV;;DI;V-3023 Cберкше метреопндсйрш MOS 30LI041\30LI057;;;;;;+
30LI057_MO.OP;;DI;V-3023 Cберкше метреопндсйрш MOS 30LI041\30LI057;;;;;;+
30LI057_MO.OP;;DO;V-3023 Cберкше метреопндсйрш MOS 30LI041\30LI057;;;;;;+
30LI057_MO.MD;;DI;V-3023 Cберкше метреопндсйрш MOS 30LI041\30LI057;;;;;;+
30LI057_TF.PV;;DI;V-3023 Cберкше метреопндсйрш;;;;;;+
30LI058_MO.PV;;DI;V-3024 релмше метреопндсйрш MOS 30LI042\30LI058;;;;;;+
30LI058_MO.OP;;DI;V-3024 релмше метреопндсйрш MOS 30LI042\30LI058;;;;;;+
30LI058_MO.OP;;DO;V-3024 релмше метреопндсйрш MOS 30LI042\30LI058;;;;;;+
30LI058_MO.MD;;DI;V-3024 релмше метреопндсйрш MOS 30LI042\30LI058;;;;;;+
30LI058_TF.PV;;DI;V-3024 релмше метреопндсйрш;;;;;;+
30LI060_MO.PV;;DI;V-3027 релмше метреопндсйрш MOS 30LI044\30LI060;;;;;;+
30LI060_MO.OP;;DI;V-3027 релмше метреопндсйрш MOS 30LI044\30LI060;;;;;;+
30LI060_MO.OP;;DO;V-3027 релмше метреопндсйрш MOS 30LI044\30LI060;;;;;;+
30LI060_MO.MD;;DI;V-3027 релмше метреопндсйрш MOS 30LI044\30LI060;;;;;;+
30LI060_TF.PV;;DI;V-3027 релмше метреопндсйрш;;;;;;+
30LI061_MO.PV;;DI;V-3028 Cберкше метреопндсйрш MOS 30LI045\30LI061;;;;;;+
30LI061_MO.OP;;DI;V-3028 Cберкше метреопндсйрш MOS 30LI045\30LI061;;;;;;+
30LI061_MO.OP;;DO;V-3028 Cберкше метреопндсйрш MOS 30LI045\30LI061;;;;;;+
30LI061_MO.MD;;DI;V-3028 Cберкше метреопндсйрш MOS 30LI045\30LI061;;;;;;+
30LI061_TF.PV;;DI;V-3028 Cберкше метреопндсйрш;;;;;;+
30LI064_MO.PV;;DI;V-3017 яеоюпюрнп рнокхбмнцн цюгю MOS 30LI064\LI063;;;;;;+
30LI064_MO.OP;;DI;V-3017 яеоюпюрнп рнокхбмнцн цюгю MOS 30LI064\LI063;;;;;;+
30LI064_MO.OP;;DO;V-3017 яеоюпюрнп рнокхбмнцн цюгю MOS 30LI064\LI063;;;;;;+
30LI064_MO.MD;;DI;V-3017 яеоюпюрнп рнокхбмнцн цюгю MOS 30LI064\LI063;;;;;;+
30LI064_TF.PV;;DI;V-3017 яеоюпюрнп рнокхбмнцн цюгю;;;;;;+
30LSLL010_MO.PV;;DI;бяюя P-3004A MOS 30LS009\30LS010;;;;;;+
30LSLL010_MO.OP;;DI;бяюя P-3004A MOS 30LS009\30LS010;;;;;;+
30LSLL010_MO.OP;;DO;бяюя P-3004A MOS 30LS009\30LS010;;;;;;+
30LSLL010_MO.MD;;DI;бяюя P-3004A MOS 30LS009\30LS010;;;;;;+
30LSLL038_MO.PV;;DI;спнбемэ мю бяюяе P-3022A MOS 30LI037\30LS038;;;;;;+
30LSLL038_MO.OP;;DI;спнбемэ мю бяюяе P-3022A MOS 30LI037\30LS038;;;;;;+
30LSLL038_MO.OP;;DO;спнбемэ мю бяюяе P-3022A MOS 30LI037\30LS038;;;;;;+
30LSLL038_MO.MD;;DI;спнбемэ мю бяюяе P-3022A MOS 30LI037\30LS038;;;;;;+
30LSLL038_TF.PV;;DI;спнбемэ мю бяюяе P-3022A;;;;;;+
30LSLL883.PV;;DI;C-3001A спнбемэ пегепбсюпю люякю жхкхмдп;;;;;;+
30LSLL883_MO.PV;;DI;C-3001A спнбемэ пегепбсюпю люякю жхкхмдп;;;;;;+
30LSLL883_MO.OP;;DI;C-3001A спнбемэ пегепбсюпю люякю жхкхмдп;;;;;;+
30LSLL883_MO.OP;;DO;C-3001A спнбемэ пегепбсюпю люякю жхкхмдп;;;;;;+
30LSLL883_MO.MD;;DI;C-3001A спнбемэ пегепбсюпю люякю жхкхмдп;;;;;;+
30LSLL983.PV;;DI;C-3001S спнбемэ пегепбсюпю люякю жхкхмдп;;;;;;+
30LSLL983_MO.PV;;DI;C-3001S спнбемэ пегепбсюпю люякю жхкхмдп;;;;;;+
30LSLL983_MO.OP;;DI;C-3001S спнбемэ пегепбсюпю люякю жхкхмдп;;;;;;+
30LSLL983_MO.OP;;DO;C-3001S спнбемэ пегепбсюпю люякю жхкхмдп;;;;;;+
30LSLL983_MO.MD;;DI;C-3001S спнбемэ пегепбсюпю люякю жхкхмдп;;;;;;+
30PAHH056.PV;;DI;V-3005;;;;;;+
30PAHH056_CA.PV;;DI;V-3005;;;;;;+
30PAHH056_FU.PV;;DI;V-3005;;;;;;+
30PAHH056S_FU.PV;;DI;V-3005;;;;;;+
30PAHH066.PV;;DI;мюцмерюмхе C-3001A;;;;;;+
30PAHH066_CA.PV;;DI;мюцмерюмхе C-3001A;;;;;;+
30PALL888.PV;;DI;C-3001S дюбкемхе опндсбнвмнцн цюгю;;;;;;+
30PALL888_CA.PV;;DI;C-3001S дюбкемхе опндсбнвмнцн цюгю;;;;;;+
30PALL888_FU.PV;;DI;C-3001S дюбкемхе опндсбнвмнцн цюгю;;;;;;+
30PALL911A.PV;;DI;ондювю фхдйнцн рнокхбю;;;;;;+
30PALL911A_CA.PV;;DI;ондювю фхдйнцн рнокхбю;;;;;;+
30PALL917.PV;;DI;нямнбмни цнпчвхи цюг;;;;;;+
30PALL917_FU.PV;;DI;нямнбмни цнпчвхи цюг;;;;;;+
30PALL944.PV;;DI;бнгдсу мю цнпемхе;;;;;;+
30PALL944_CA.PV;;DI;бнгдсу мю цнпемхе;;;;;;+
30PALL944_FU.PV;;DI;бнгдсу мю цнпемхе;;;;;;+
30PDALL912.PV;;DI;п оепеоюд фхд.рнокхбн/бнд оюп б оевх H-3001;;;;;;+
30PDALL912_CA.PV;;DI;п оепеоюд фхд.рнокхбн/бнд оюп б оевх H-3001;;;;;;+
30PDI912_MO.PV;;DI;п оепеоюд фхд.рнокхбн/бнд оюп б оевх H-3001;;;;;;+
30PDI912_MO.OP;;DI;п оепеоюд фхд.рнокхбн/бнд оюп б оевх H-3001;;;;;;+
30PDI912_MO.OP;;DO;п оепеоюд фхд.рнокхбн/бнд оюп б оевх H-3001;;;;;;+
30PDI912_MO.MD;;DI;п оепеоюд фхд.рнокхбн/бнд оюп б оевх H-3001;;;;;;+
30PDI912_TF.PV;;DI;п оепеоюд фхд.рнокхбн/бнд оюп б оевх H-3001;;;;;;+
30PI056_MO.PV;;DI;V-3005;;;;;;+
30PI056_MO.OP;;DI;V-3005;;;;;;+
30PI056_MO.OP;;DO;V-3005;;;;;;+
30PI056_MO.MD;;DI;V-3005;;;;;;+
30PI056_TF.PV;;DI;V-3005;;;;;;+
30PI066_MO.PV;;DI;мюцмерюмхе C-3001A;;;;;;+
30PI066_MO.OP;;DI;мюцмерюмхе C-3001A;;;;;;+
30PI066_MO.OP;;DO;мюцмерюмхе C-3001A;;;;;;+
30PI066_MO.MD;;DI;мюцмерюмхе C-3001A;;;;;;+
30PI066_TF.PV;;DI;мюцмерюмхе C-3001A;;;;;;+
30PI067_MO.PV;;DI;мюцмерюмхе C-3001S;;;;;;+
30PI067_MO.OP;;DI;мюцмерюмхе C-3001S;;;;;;+
30PI067_MO.OP;;DO;мюцмерюмхе C-3001S;;;;;;+
30PI067_MO.MD;;DI;мюцмерюмхе C-3001S;;;;;;+
30PI067_TF.PV;;DI;мюцмерюмхе C-3001S;;;;;;+
30PI075_MO.PV;;DI;оюпш сцкебнднпнднб б р-3003;;;;;;+
30PI075_MO.OP;;DI;оюпш сцкебнднпнднб б р-3003;;;;;;+
30PI075_MO.OP;;DO;оюпш сцкебнднпнднб б р-3003;;;;;;+
30PI075_MO.MD;;DI;оюпш сцкебнднпнднб б р-3003;;;;;;+
30PI075_TF.PV;;DI;оюпш сцкебнднпнднб б р-3003;;;;;;+
30PI143A_TF.PV;;DI;бшунд хг м-3001 глеебхй 1;;;;;;+
30PI143B_TF.PV;;DI;бшунд хг м-3001 глеебхй 1;;;;;;+
30PI143C_TF.PV;;DI;бшунд хг м-3001 глеебхй 1;;;;;;+
30PI162A_TF.PV;;DI;бшунд хг м-3001 глеебхй 2;;;;;;+
30TAHH901_30.PV;;DI;реокнбюъ йнмбейжхъ - гюдепфйю 30 ЯЕЙ;;;;;;+
30XZSC096.PV;;DI;30XV-096 йнмжебхй гюйпшрхъ;;;;;;+
30XZSC094.PV;;DI;30XV-094 йнмжебхй гюйпшрхъ;;;;;;+
30PI162B_TF.PV;;DI;бшунд хг м-3001 глеебхй 2;;;;;;+
30PI162C_TF.PV;;DI;бшунд хг м-3001 глеебхй 2;;;;;;+
30PI163A_TF.PV;;DI;бшунд хг м-3001 глеебхй 3;;;;;;+
30PI163B_TF.PV;;DI;бшунд хг м-3001 глеебхй 3;;;;;;+
30PI163C_TF.PV;;DI;бшунд хг м-3001 глеебхй 3;;;;;;+
30PI164A_TF.PV;;DI;бшунд хг м-3001 глеебхй 4;;;;;;+
30PI164B_TF.PV;;DI;бшунд хг м-3001 глеебхй 4;;;;;;+
30PI164C_TF.PV;;DI;бшунд хг м-3001 глеебхй 4;;;;;;+
30PI783B_MO.PV;;DI;C-3001A дюбкемхе люякю б йюпрепе;;;;;;+
30PI783B_MO.OP;;DI;C-3001A дюбкемхе люякю б йюпрепе;;;;;;+
30PI783B_MO.OP;;DO;C-3001A дюбкемхе люякю б йюпрепе;;;;;;+
30PI783B_MO.MD;;DI;C-3001A дюбкемхе люякю б йюпрепе;;;;;;+
30PI783B_TF.PV;;DI;C-3001A дюбкемхе люякю б йюпрепе;;;;;;+
30PI787_MO.PV;;DI;C-3001A дюбкемхе опндсбнвмнцн цюгю MOS 30PI787\TI777D;;;;;;+
30PI787_MO.OP;;DI;C-3001A дюбкемхе опндсбнвмнцн цюгю MOS 30PI787\TI777D;;;;;;+
30PI787_MO.OP;;DO;C-3001A дюбкемхе опндсбнвмнцн цюгю MOS 30PI787\TI777D;;;;;;+
30PI787_MO.MD;;DI;C-3001A дюбкемхе опндсбнвмнцн цюгю MOS 30PI787\TI777D;;;;;;+
30PI787_TF.PV;;DI;C-3001A дюбкемхе опндсбнвмнцн цюгю;;;;;;+
30PI879B_MO.PV;;DI;C-3001 дюбкемхе нукюфд.бндш;;;;;;+
30PI879B_MO.OP;;DI;C-3001 дюбкемхе нукюфд.бндш;;;;;;+
30PI879B_MO.OP;;DO;C-3001 дюбкемхе нукюфд.бндш;;;;;;+
30PI879B_MO.MD;;DI;C-3001 дюбкемхе нукюфд.бндш;;;;;;+
30PI879B_TF.PV;;DI;C-3001 дюбкемхе нукюфд.бндш;;;;;;+
30PI883B_MO.PV;;DI;C-3001S дюбкемхе люякю б йюпрепе;;;;;;+
30PI883B_MO.OP;;DI;C-3001S дюбкемхе люякю б йюпрепе;;;;;;+
30PI883B_MO.OP;;DO;C-3001S дюбкемхе люякю б йюпрепе;;;;;;+
30PI883B_MO.MD;;DI;C-3001S дюбкемхе люякю б йюпрепе;;;;;;+
30PI883B_TF.PV;;DI;C-3001S дюбкемхе люякю б йюпрепе;;;;;;+
30PI888_MO.PV;;DI;C-3001S дюбкемхе опндсбнвмнцн цюгю MOS 30PI888\30PI877D;;;;;;+
30PI888_MO.OP;;DI;C-3001S дюбкемхе опндсбнвмнцн цюгю MOS 30PI888\30PI877D;;;;;;+
30PI888_MO.OP;;DO;C-3001S дюбкемхе опндсбнвмнцн цюгю MOS 30PI888\30PI877D;;;;;;+
30PI888_MO.MD;;DI;C-3001S дюбкемхе опндсбнвмнцн цюгю MOS 30PI888\30PI877D;;;;;;+
30PI888_TF.PV;;DI;C-3001S дюбкемхе опндсбнвмнцн цюгю;;;;;;+
30PI907_MO.PV;;DI;дюбкемхе дшлнбшу цюгнб мю оепебюке;;;;;;+
30PI907_MO.OP;;DI;дюбкемхе дшлнбшу цюгнб мю оепебюке;;;;;;+
30PI907_MO.OP;;DO;дюбкемхе дшлнбшу цюгнб мю оепебюке;;;;;;+
30PI907_MO.MD;;DI;дюбкемхе дшлнбшу цюгнб мю оепебюке;;;;;;+
30PI907_TF.PV;;DI;дюбкемхе дшлнбшу цюгнб мю оепебюке;;;;;;+
30PI911A_MO.PV;;DI;ондювю фхдйнцн рнокхбю;;;;;;+
30PI911A_MO.OP;;DI;ондювю фхдйнцн рнокхбю;;;;;;+
30PI911A_MO.OP;;DO;ондювю фхдйнцн рнокхбю;;;;;;+
30PI911A_MO.MD;;DI;ондювю фхдйнцн рнокхбю;;;;;;+
30PI911A_TF.PV;;DI;ондювю фхдйнцн рнокхбю;;;;;;+
30PI911B_TF.PV;;DI;ондювю фхдйнцн рнокхбю;;;;;;+
30PI917A_MO.PV;;DI;H-3001 цюг й нямнбмшл цнпекйюл;;;;;;+
30PI917A_MO.OP;;DI;H-3001 цюг й нямнбмшл цнпекйюл;;;;;;+
30PI917A_MO.OP;;DO;H-3001 цюг й нямнбмшл цнпекйюл;;;;;;+
30PI917A_MO.MD;;DI;H-3001 цюг й нямнбмшл цнпекйюл;;;;;;+
30PI917A_TF.PV;;DI;H-3001 цюг й нямнбмшл цнпекйюл;;;;;;+
30PI917B_TF.PV;;DI;H-3001 цюг й нямнбмшл цнпекйюл;;;;;;+
30PI919A_MO.PV;;DI;H-3001 цюг й охкнр. цнпекйюл;;;;;;+
30PI919A_MO.OP;;DI;H-3001 цюг й охкнр. цнпекйюл;;;;;;+
30PI919A_MO.OP;;DO;H-3001 цюг й охкнр. цнпекйюл;;;;;;+
30PI919A_MO.MD;;DI;H-3001 цюг й охкнр. цнпекйюл;;;;;;+
30PI919A_TF.PV;;DI;H-3001 цюг й охкнр. цнпекйюл;;;;;;+
30PI919B_TF.PV;;DI;H-3001 цюг й охкнр. цнпекйюл;;;;;;+
30PI944_MO.PV;;DI;H-3001 бнгдсу оепед тнпясмйюлх;;;;;;+
30PI944_MO.OP;;DI;H-3001 бнгдсу оепед тнпясмйюлх;;;;;;+
30PI944_MO.OP;;DO;H-3001 бнгдсу оепед тнпясмйюлх;;;;;;+
30PI944_MO.MD;;DI;H-3001 бнгдсу оепед тнпясмйюлх;;;;;;+
30PI944_TF.PV;;DI;H-3001 бнгдсу оепед тнпясмйюлх;;;;;;+
30PY026.PV;;DI;дюбкемхе б R-3001/ янйхмц-йюлепю;;;;;;+
30SIS001_RR.PV;;DI;30-I-001 цнрнб й яапняс;;;;;;+
30SIS002_RR.PV;;DI;30-I-002 цнрнб й яапняс;;;;;;+
30SIS005_RR.PV;;DI;30-I-005 цнрнб й яапняс;;;;;;+
30SIS007_RR.PV;;DI;30-I-007 цнрнб й яапняс;;;;;;+
30SIS008_RR.PV;;DI;30-I-008 цнрнб й яапняс;;;;;;+
30SIS012_RR.PV;;DI;30-I-012 цнрнб й яапняс;;;;;;+
30SIS014_RR.PV;;DI;30-I-014 цнрнб й яапняс;;;;;;+
30SIS015_RR.PV;;DI;30-I-015 цнрнб й яапняс;;;;;;+
30SIS016_RR.PV;;DI;30-I-016 цнрнб й яапняс;;;;;;+
30SIS017_RR.PV;;DI;30-I-017 цнрнб й яапняс;;;;;;+
30SIS018_RR.PV;;DI;30-I-018 цнрнб й яапняс;;;;;;+
30SIS020_RR.PV;;DI;30-I-020 цнрнб й яапняс;;;;;;+
30SIS021_RR.PV;;DI;30-I-021 цнрнб й яапняс;;;;;;+
30SIS026_RR.PV;;DI;30-I-026 цнрнб й яапняс;;;;;;+
30SIS027_RR.PV;;DI;30-I-027 цнрнб й яапняс;;;;;;+
30SIS028_RR.PV;;DI;30-I-028 цнрнб й яапняс;;;;;;+
30SIS034_RR.PV;;DI;30-I-034 цнрнб й яапняс;;;;;;+
30SISP3001A_RR.PV;;DI;P-3001A READY TO RESET;;;;;;+
30SISP3001A_RST.PV;;DI;яапня;;;;;;+
30SISP3001A_RST.OP;;DI;яапня;;;;;;+
30SISP3001A_RST.OP;;DO;яапня;;;;;;+
30SISP3001S_RR.PV;;DI;P-3001S READY TO RESET;;;;;;+
30SISP3001S_RST.PV;;DI;P-3001S яапня;;;;;;+
30SISP3001S_RST.OP;;DI;P-3001S яапня;;;;;;+
30SISP3001S_RST.OP;;DO;P-3001S яапня;;;;;;+
30SISP3003A_RR.PV;;DI;P-3003A READY TO RESET;;;;;;+
30SISP3003A_RST.PV;;DI;P-3003A яапня;;;;;;+
30SISP3003A_RST.OP;;DI;P-3003A яапня;;;;;;+
30SISP3003A_RST.OP;;DO;P-3003A яапня;;;;;;+
30SISP3003S_RR.PV;;DI;P-3003S READY TO RESET;;;;;;+
30SISP3003S_RST.PV;;DI;P-3003S яапня;;;;;;+
30SISP3003S_RST.OP;;DI;P-3003S яапня;;;;;;+
30SISP3003S_RST.OP;;DO;P-3003S яапня;;;;;;+
30TAHH032.PV;;DI;цсдпнм хг оевх м-3001 (1 глеебхй);;;;;;+
30TAHH032_FU.PV;;DI;цсдпнм хг оевх м-3001 (1 глеебхй);;;;;;+
30TAHH032_PA.PV;;DI;цсдпнм хг оевх м-3001 (1 глеебхй);;;;;;+
30TAHH032A_CA.PV;;DI;цсдпнм хг оевх м-3001 (1 глеебхй);;;;;;+
30TAHH032B_CA.PV;;DI;цсдпнм хг оевх м-3001 (1 глеебхй);;;;;;+
30TAHH032C_CA.PV;;DI;цсдпнм хг оевх м-3001 (1 глеебхй);;;;;;+
30TAHH058.PV;;DI;мюцмерюмхе C-3001A;;;;;;+
30TAHH058_CA.PV;;DI;мюцмерюмхе C-3001A;;;;;;+
30TAHH058_FU.PV;;DI;мюцмерюмхе C-3001A;;;;;;+
30TAHH059.PV;;DI;мюцмерюмхе C-3001S;;;;;;+
30TAHH059_CA.PV;;DI;мюцмерюмхе C-3001S;;;;;;+
30TAHH059_FU.PV;;DI;мюцмерюмхе C-3001S;;;;;;+
30TAHH107.PV;;DI;бнд оюп япедм. дюбк. я сярюмнбйх;;;;;;+
30TAHH107_CA.PV;;DI;бнд оюп япедм. дюбк. я сярюмнбйх;;;;;;+
30TAHH156.PV;;DI;цсдпнм хг оевх м-3001 (2 глеебхй);;;;;;+
30TAHH156_FU.PV;;DI;цсдпнм хг оевх м-3001 (2 глеебхй);;;;;;+
30TAHH156_PA.PV;;DI;р яшпэъ оняке м-3001 / онрнй 2;;;;;;+
30TAHH156A_CA.PV;;DI;цсдпнм хг оевх м-3001 (2 глеебхй);;;;;;+
30TAHH156B_CA.PV;;DI;цсдпнм хг оевх м-3001 (2 глеебхй);;;;;;+
30TAHH156C_CA.PV;;DI;цсдпнм хг оевх м-3001 (2 глеебхй);;;;;;+
30TAHH890.PV;;DI;P-3007S рело цеплерхгхпсчыхи ярюйюм;;;;;;+
30TAHH890_CA.PV;;DI;P-3007S рело цеплерхгхпсчыхи ярюйюм;;;;;;+
30TAHH893.PV;;DI;P-3022S рело цеплерхгхпсчыхи ярюйюм;;;;;;+
30TAHH893_CA.PV;;DI;P-3022S рело цеплерхгхпсчыхи ярюйюм;;;;;;+
30TAHH896.PV;;DI;P-3017S рело цеплерхгхпсчыхи ярюйюм;;;;;;+
30TAHH896_CA.PV;;DI;P-3017S рело цеплерхгхпсчыхи ярюйюм;;;;;;+
30TAHH901.PV;;DI;реокнбюъ йнмбейжхъ;;;;;;+
30TAHH901_CA.PV;;DI;реокнбюъ йнмбейжхъ;;;;;;+
30TAHH158.PV;;DI;цсдпнм хг оевх м-4001 (4 глеебхй);;;;;;+
30TAHH158_FU.PV;;DI;цсдпнм хг оевх м-4001 (4 глеебхй);;;;;;+
30TAHH158_PA.PV;;DI;цсдпнм хг оевх м-4001 (4 глеебхй);;;;;;+
30TAHH158A_CA.PV;;DI;цсдпнм хг оевх м-4001 (4 глеебхй);;;;;;+
30TAHH158B_CA.PV;;DI;цсдпнм хг оевх м-4001 (4 глеебхй);;;;;;+
30TAHH158C_CA.PV;;DI;цсдпнм хг оевх м-4001 (4 глеебхй);;;;;;+
30TAHH750.PV;;DI;P-3026 мюяня T рело.ондьхо.;;;;;;+
30TAHH750_CA.PV;;DI;P-3026 мюяня T рело.ондьхо.;;;;;;+
30TAHH752.PV;;DI;P-3025 мюяня T рело.ондьхо.;;;;;;+
30TAHH752_CA.PV;;DI;P-3025 мюяня T рело.ондьхо.;;;;;;+
30TAHH754.PV;;DI;P-3021 мюяня T рело.ондьхо.;;;;;;+
30TAHH754_CA.PV;;DI;P-3021 мюяня T рело.ондьхо.;;;;;;+
30TAHH756.PV;;DI;P-3020 мюяня T рело.ондьхо.;;;;;;+
30TAHH756_CA.PV;;DI;P-3020 мюяня T рело.ондьхо.;;;;;;+
30TAHH776C.PV;;DI;C-3001A релоепюрспю реумнкнц.цюгю бшунд жхкхмдп 1;;;;;;+
30TAHH776C_CA.PV;;DI;C-3001A релоепюрспю реумнкнц.цюгю бшунд жхкхмдп 1;;;;;;+
30TAHH776C_FU.PV;;DI;C-3001A релоепюрспю реумнкнц.цюгю бшунд жхкхмдп 1;;;;;;+
30TAHH776D.PV;;DI;C-3001A релоепюрспю реумнкнц.цюгю бшунд жхкхмдп 2;;;;;;+
30TAHH776D_CA.PV;;DI;C-3001A релоепюрспю реумнкнц.цюгю бшунд жхкхмдп 2;;;;;;+
30TAHH776D_FU.PV;;DI;C-3001A релоепюрспю реумнкнц.цюгю бшунд жхкхмдп 2;;;;;;+
30TAHH784D.PV;;DI;C-3001A релоепюрспю пегепбсюпю люякю йюпрепю;;;;;;+
30TAHH784D_CA.PV;;DI;C-3001A релоепюрспю пегепбсюпю люякю йюпрепю;;;;;;+
30TAHH784D_FU.PV;;DI;C-3001A релоепюрспю пегепбсюпю люякю йюпрепю;;;;;;+
30TAHH784E.PV;;DI;C-3001A релоепюрспю цкюбмнцн ондьхомхйю (опхбндмни йнмеж);;;;;;+
30TAHH784E_CA.PV;;DI;C-3001A релоепюрспю цкюбмнцн ондьхомхйю (опхбндмни йнмеж);;;;;;+
30TAHH784E_FU.PV;;DI;C-3001A релоепюрспю цкюбмнцн ондьхомхйю (опхбндмни йнмеж);;;;;;+
30TAHH784F.PV;;DI;C-3001A релоепюрспю цкюбмнцн ондьхомхйю (меопхбндмни йнмеж);;;;;;+
30TAHH784F_CA.PV;;DI;C-3001A релоепюрспю цкюбмнцн ондьхомхйю (меопхбндмни йнмеж);;;;;;+
30TAHH784F_FU.PV;;DI;C-3001A релоепюрспю цкюбмнцн ондьхомхйю (меопхбндмни йнмеж);;;;;;+
30TAHH801.PV;;DI;P-3001A мюяня р рело.ондьхо.;;;;;;+
30TAHH801_CA.PV;;DI;P-3001A мюяня р рело.ондьхо.;;;;;;+
30TAHH801_FU.PV;;DI;P-3001A мюяня р рело.ондьхо.;;;;;;+
30TAHH905.PV;;DI;релоепюрспю бнгдсую;;;;;;+
30TAHH905_PA.PV;;DI;релоепюрспю бнгдсую;;;;;;+
30TAHH905A_CA.PV;;DI;бшянйхи рело.дшл.цюгнб мю бшу хг пюд.;;;;;;+
30TAHH905B_CA.PV;;DI;бшянйхи рело. дшл. цюгнб мю бшу хг пюд;;;;;;+
30TAHH905C_CA.PV;;DI;бшянйхи рело. дшл. цюгнб мю бшу хг пюд.;;;;;;+
30TI032A_TF.PV;;DI;цсдпнм хг оевх м-3001 (1 глеебхй);;;;;;+
30TI032B_TF.PV;;DI;цсдпнм хг оевх м-3001 (1 глеебхй);;;;;;+
30TI032C_TF.PV;;DI;цсдпнм хг оевх м-3001 (1 глеебхй);;;;;;+
30TI058_MO.PV;;DI;мюцмерюмхе C-3001A;;;;;;+
30TI058_MO.OP;;DI;мюцмерюмхе C-3001A;;;;;;+
30TI058_MO.OP;;DO;мюцмерюмхе C-3001A;;;;;;+
30TI058_MO.MD;;DI;мюцмерюмхе C-3001A;;;;;;+
30TI058_TF.PV;;DI;мюцмерюмхе C-3001A;;;;;;+
30TI059_MO.PV;;DI;р цюг мюцмерюмхе C-3001S;;;;;;+
30TI059_MO.OP;;DI;р цюг мюцмерюмхе C-3001S;;;;;;+
30TI059_MO.OP;;DO;р цюг мюцмерюмхе C-3001S;;;;;;+
30TI059_MO.MD;;DI;р цюг мюцмерюмхе C-3001S;;;;;;+
30TI059_TF.PV;;DI;р цюг мюцмерюмхе C-3001S;;;;;;+
30TI107_MO.PV;;DI;бнд оюп япедм. дюбк. я сярюмнбйх;;;;;;+
30TI107_MO.OP;;DI;бнд оюп япедм. дюбк. я сярюмнбйх;;;;;;+
30TI107_MO.OP;;DO;бнд оюп япедм. дюбк. я сярюмнбйх;;;;;;+
30TI107_MO.MD;;DI;бнд оюп япедм. дюбк. я сярюмнбйх;;;;;;+
30TI107_TF.PV;;DI;бнд оюп япедм. дюбк. я сярюмнбйх;;;;;;+
30TI156A_TF.PV;;DI;цсдпнм хг оевх м-3001 (2 глеебхй);;;;;;+
30TI156B_TF.PV;;DI;цсдпнм хг оевх м-3001 (2 глеебхй);;;;;;+
30TI156C_TF.PV;;DI;цсдпнм хг оевх м-3001 (2 глеебхй);;;;;;+
30TI157A_TF.PV;;DI;цсдпнм хг оевх м-3001 (3 глеебхй);;;;;;+
30TI157B_TF.PV;;DI;цсдпнм хг оевх м-3001 (3 глеебхй);;;;;;+
30TI157C_TF.PV;;DI;цсдпнм хг оевх м-3001 (3 глеебхй);;;;;;+
30TI158A_TF.PV;;DI;цсдпнм хг оевх м-4001 (4 глеебхй);;;;;;+
30HS017_FU.PV;;DI;юбюпхимюъ ондювю оюпю б м-3001;;;;;;+
30XZSG002_CA.PV;;DI;XV-002 нрйпшрю < 80%;;;;;;+
30XZSG023_CA.PV;;DI;XV-023 нрйпшрю < 80%;;;;;;+
30XZSG030_CA.PV;;DI;XV-030 нрйпшрю < 80%;;;;;;+
30TI158B_TF.PV;;DI;цсдпнм хг оевх м-4001 (4 глеебхй);;;;;;+
30TI158C_TF.PV;;DI;цсдпнм хг оевх м-4001 (4 глеебхй);;;;;;+
30TI750_MO.PV;;DI;P-3026 мюяня T рело.ондьхо.;;;;;;+
30TI750_MO.OP;;DI;P-3026 мюяня T рело.ондьхо.;;;;;;+
30TI750_MO.OP;;DO;P-3026 мюяня T рело.ондьхо.;;;;;;+
30TI750_MO.MD;;DI;P-3026 мюяня T рело.ондьхо.;;;;;;+
30TI750_TF.PV;;DI;P-3026 мюяня T рело.ондьхо.;;;;;;+
30TI752_MO.PV;;DI;P-3025 мюяня T рело.ондьхо.;;;;;;+
30TI752_MO.OP;;DI;P-3025 мюяня T рело.ондьхо.;;;;;;+
30TI752_MO.OP;;DO;P-3025 мюяня T рело.ондьхо.;;;;;;+
30TI752_MO.MD;;DI;P-3025 мюяня T рело.ондьхо.;;;;;;+
30TI752_TF.PV;;DI;P-3025 мюяня T рело.ондьхо.;;;;;;+
30TI754_MO.PV;;DI;P-3021 мюяня T рело.ондьхо.;;;;;;+
30TI754_MO.OP;;DI;P-3021 мюяня T рело.ондьхо.;;;;;;+
30TI754_MO.OP;;DO;P-3021 мюяня T рело.ондьхо.;;;;;;+
30TI754_MO.MD;;DI;P-3021 мюяня T рело.ондьхо.;;;;;;+
30TI754_TF.PV;;DI;P-3021 мюяня T рело.ондьхо.;;;;;;+
30TI756_MO.PV;;DI;P-3020 мюяня T рело.ондьхо.;;;;;;+
30TI756_MO.OP;;DI;P-3020 мюяня T рело.ондьхо.;;;;;;+
30TI756_MO.OP;;DO;P-3020 мюяня T рело.ондьхо.;;;;;;+
30TI756_MO.MD;;DI;P-3020 мюяня T рело.ондьхо.;;;;;;+
30TI756_TF.PV;;DI;P-3020 мюяня T рело.ондьхо.;;;;;;+
30TI776C_MO.PV;;DI;C-3001A рело реумнк. цюгю бшунд жхк 1 MOS 30TI776C/TI776E;;;;;;+
30TI776C_MO.OP;;DI;C-3001A рело реумнк. цюгю бшунд жхк 1 MOS 30TI776C/TI776E;;;;;;+
30TI776C_MO.OP;;DO;C-3001A рело реумнк. цюгю бшунд жхк 1 MOS 30TI776C/TI776E;;;;;;+
30TI776C_MO.MD;;DI;C-3001A рело реумнк. цюгю бшунд жхк 1 MOS 30TI776C/TI776E;;;;;;+
30TI776C_TF.PV;;DI;C-3001A релоепюрспю реумнкнц.цюгю бшунд жхкхмдп 1;;;;;;+
30TI776D_MO.PV;;DI;C-3001A рело реумнк. цюгю бшунд жхк 2 MOS 30TI776D/TI776F;;;;;;+
30TI776D_MO.OP;;DI;C-3001A рело реумнк. цюгю бшунд жхк 2 MOS 30TI776D/TI776F;;;;;;+
30TI776D_MO.OP;;DO;C-3001A рело реумнк. цюгю бшунд жхк 2 MOS 30TI776D/TI776F;;;;;;+
30TI776D_MO.MD;;DI;C-3001A рело реумнк. цюгю бшунд жхк 2 MOS 30TI776D/TI776F;;;;;;+
30TI776D_TF.PV;;DI;C-3001A релоепюрспю реумнкнц.цюгю бшунд жхкхмдп 2;;;;;;+
30TI784D_MO.PV;;DI;C-3001A релоепюрспю пегепбсюпю люякю йюпрепю;;;;;;+
30TI784D_MO.OP;;DI;C-3001A релоепюрспю пегепбсюпю люякю йюпрепю;;;;;;+
30TI784D_MO.OP;;DO;C-3001A релоепюрспю пегепбсюпю люякю йюпрепю;;;;;;+
30TI784D_MO.MD;;DI;C-3001A релоепюрспю пегепбсюпю люякю йюпрепю;;;;;;+
30TI784D_TF.PV;;DI;C-3001A релоепюрспю пегепбсюпю люякю йюпрепю;;;;;;+
30TI784E_MO.PV;;DI;C-3001A релоепюрспю цкюбмнцн ондьхомхйю (опхбндмни йнмеж);;;;;;+
30TI784E_MO.OP;;DI;C-3001A релоепюрспю цкюбмнцн ондьхомхйю (опхбндмни йнмеж);;;;;;+
30TI784E_MO.OP;;DO;C-3001A релоепюрспю цкюбмнцн ондьхомхйю (опхбндмни йнмеж);;;;;;+
30TI784E_MO.MD;;DI;C-3001A релоепюрспю цкюбмнцн ондьхомхйю (опхбндмни йнмеж);;;;;;+
30TI784E_TF.PV;;DI;C-3001A релоепюрспю цкюбмнцн ондьхомхйю (опхбндмни йнмеж);;;;;;+
30TI784F_MO.PV;;DI;C-3001A релоепюрспю цкюбмнцн ондьхомхйю (меопхбндмни йнмеж);;;;;;+
30TI784F_MO.OP;;DI;C-3001A релоепюрспю цкюбмнцн ондьхомхйю (меопхбндмни йнмеж);;;;;;+
30TI784F_MO.OP;;DO;C-3001A релоепюрспю цкюбмнцн ондьхомхйю (меопхбндмни йнмеж);;;;;;+
30TI784F_MO.MD;;DI;C-3001A релоепюрспю цкюбмнцн ондьхомхйю (меопхбндмни йнмеж);;;;;;+
30TI847B_TF.PV;;DI;P-3006A рело нонпмнцн ондьхомхйю;;;;;;+
30TI849A_MO.PV;;DI;P-3006S рело кхмеимнцн ондьхомхйю;;;;;;+
30TI849A_MO.OP;;DI;P-3006S рело кхмеимнцн ондьхомхйю;;;;;;+
30TI849A_MO.OP;;DO;P-3006S рело кхмеимнцн ондьхомхйю;;;;;;+
30TI849A_MO.MD;;DI;P-3006S рело кхмеимнцн ондьхомхйю;;;;;;+
30TAHH157.PV;;DI;цсдпнм хг оевх м-3001 (3 глеебхй);;;;;;+
30TAHH157_FU.PV;;DI;цсдпнм хг оевх м-3001 (3 глеебхй);;;;;;+
30TAHH157_PA.PV;;DI;цсдпнм хг оевх м-3001 (3 глеебхй);;;;;;+
30TAHH157A_CA.PV;;DI;цсдпнм хг оевх м-3001 (3 глеебхй);;;;;;+
30TAHH157B_CA.PV;;DI;цсдпнм хг оевх м-3001 (3 глеебхй);;;;;;+
30TAHH157C_CA.PV;;DI;цсдпнм хг оевх м-3001 (3 глеебхй);;;;;;+
30TAHH802.PV;;DI;P-3001A мюяня J рело.ондьхо.;;;;;;+
30TAHH802_CA.PV;;DI;P-3001A мюяня J рело.ондьхо.;;;;;;+
30TAHH802_FU.PV;;DI;P-3001A мюяня J рело.ондьхо.;;;;;;+
30TAHH803.PV;;DI;P-3001A мюяня J рело.ондьхо.;;;;;;+
30TAHH803_CA.PV;;DI;P-3001A мюяня J рело.ондьхо.;;;;;;+
30TAHH803_FU.PV;;DI;P-3001A мюяня J рело.ондьхо.;;;;;;+
30TAHH811.PV;;DI;P-3001S мюяня р рело.ондьхо.;;;;;;+
30TAHH811_CA.PV;;DI;P-3001S мюяня р рело.ондьхо.;;;;;;+
30TAHH811_FU.PV;;DI;P-3001S мюяня р рело.ондьхо.;;;;;;+
30TAHH812.PV;;DI;P-3001S мюяня J рело.ондьхо.;;;;;;+
30TAHH812_CA.PV;;DI;P-3001S мюяня J рело.ондьхо.;;;;;;+
30TAHH812_FU.PV;;DI;P-3001S мюяня J рело.ондьхо.;;;;;;+
30TAHH813.PV;;DI;P-3001S мюяня J рело.ондьхо.;;;;;;+
30TAHH813_CA.PV;;DI;P-3001S мюяня J рело.ондьхо.;;;;;;+
30TAHH813_FU.PV;;DI;P-3001S мюяня J рело.ондьхо.;;;;;;+
30TAHH821.PV;;DI;P-3003A мюяня р рело.ондьхо.;;;;;;+
30TAHH821_CA.PV;;DI;P-3003A мюяня р рело.ондьхо.;;;;;;+
30TAHH822.PV;;DI;P-3003A мюяня J рело.ондьхо.;;;;;;+
30TAHH822_CA.PV;;DI;P-3003A мюяня J рело.ондьхо.;;;;;;+
30TAHH823.PV;;DI;P-3003A мюяня J рело.ондьхо.;;;;;;+
30TAHH823_CA.PV;;DI;P-3003A мюяня J рело.ондьхо.;;;;;;+
30TAHH831.PV;;DI;P-3003S мюяня р рело.ондьхо.;;;;;;+
30TAHH831_CA.PV;;DI;P-3003S мюяня р рело.ондьхо.;;;;;;+
30TAHH832.PV;;DI;P-3003S мюяня J рело.ондьхо.;;;;;;+
30TAHH876C_CA.PV;;DI;C-3001S релоеп.реумнкнцхвеяйнцн цюгю бшунд жхкхмдп 1;;;;;;+
30TAHH876C_FU.PV;;DI;C-3001S релоеп.реумнкнцхвеяйнцн цюгю бшунд жхкхмдп 1;;;;;;+
30TAHH876D.PV;;DI;C-3001S релоеп.реумнкнцхвеяйнцн цюгю бшунд жхкхмдп 2;;;;;;+
30TAHH876D_CA.PV;;DI;C-3001S релоеп.реумнкнцхвеяйнцн цюгю бшунд жхкхмдп 2;;;;;;+
30TAHH876D_FU.PV;;DI;C-3001S релоеп.реумнкнцхвеяйнцн цюгю бшунд жхкхмдп 2;;;;;;+
30TAHH884D.PV;;DI;C-3001S релоеп. пегепбсюпю люякю йюпрепю;;;;;;+
30TAHH884D_CA.PV;;DI;C-3001S релоеп. пегепбсюпю люякю йюпрепю;;;;;;+
30TAHH884D_FU.PV;;DI;C-3001S релоеп. пегепбсюпю люякю йюпрепю;;;;;;+
30TAHH884E.PV;;DI;C-3001S релоеп. цкюбм. ондьхомхйю меопхбндмюъ ярнпнмю;;;;;;+
30TAHH884E_CA.PV;;DI;C-3001S релоеп. цкюбм. ондьхомхйю меопхбндмюъ ярнпнмю;;;;;;+
30TAHH884E_FU.PV;;DI;C-3001S релоеп. цкюбм. ондьхомхйю меопхбндмюъ ярнпнмю;;;;;;+
30TAHH884F.PV;;DI;C-3001S релоеп. цкюбм. ондьхомхйю опхбндмюъ ярнпнмю;;;;;;+
30TAHH884F_CA.PV;;DI;C-3001S релоеп. цкюбм. ондьхомхйю опхбндмюъ ярнпнмю;;;;;;+
30TAHH884F_FU.PV;;DI;C-3001S релоеп. цкюбм. ондьхомхйю опхбндмюъ ярнпнмю;;;;;;+
30TI849A_TF.PV;;DI;P-3006S рело кхмеимнцн ондьхомхйю;;;;;;+
30TI849B_MO.PV;;DI;P-3006S рело нонпмнцн ондьхомхйю;;;;;;+
30TI849B_MO.OP;;DI;P-3006S рело нонпмнцн ондьхомхйю;;;;;;+
30TI849B_MO.OP;;DO;P-3006S рело нонпмнцн ондьхомхйю;;;;;;+
30TI849B_MO.MD;;DI;P-3006S рело нонпмнцн ондьхомхйю;;;;;;+
30TI849B_TF.PV;;DI;P-3006S рело нонпмнцн ондьхомхйю;;;;;;+
30TI851A_MO.PV;;DI;P-3012A рело кхмеимнцн ондьхомхйю;;;;;;+
30TI851A_MO.OP;;DI;P-3012A рело кхмеимнцн ондьхомхйю;;;;;;+
30TI851A_MO.OP;;DO;P-3012A рело кхмеимнцн ондьхомхйю;;;;;;+
30TI851A_MO.MD;;DI;P-3012A рело кхмеимнцн ондьхомхйю;;;;;;+
30TI851A_TF.PV;;DI;P-3012A рело кхмеимнцн ондьхомхйю;;;;;;+
30TI851B_MO.PV;;DI;P-3012A рело нонпмнцн ондьхомхйю;;;;;;+
30TI851B_MO.OP;;DI;P-3012A рело нонпмнцн ондьхомхйю;;;;;;+
30TI851B_MO.OP;;DO;P-3012A рело нонпмнцн ондьхомхйю;;;;;;+
30TI851B_MO.MD;;DI;P-3012A рело нонпмнцн ондьхомхйю;;;;;;+
30TI851B_TF.PV;;DI;P-3012A рело нонпмнцн ондьхомхйю;;;;;;+
30TI853A_MO.PV;;DI;P-3012S рело кхмеимнцн ондьхомхйю;;;;;;+
30TI853A_MO.OP;;DI;P-3012S рело кхмеимнцн ондьхомхйю;;;;;;+
30TI853A_MO.OP;;DO;P-3012S рело кхмеимнцн ондьхомхйю;;;;;;+
30TI853A_MO.MD;;DI;P-3012S рело кхмеимнцн ондьхомхйю;;;;;;+
30TI853A_TF.PV;;DI;P-3012S рело кхмеимнцн ондьхомхйю;;;;;;+
30TI853B_MO.PV;;DI;P-3012S рело нонпмнцн ондьхомхйю;;;;;;+
30TI853B_MO.OP;;DI;P-3012S рело нонпмнцн ондьхомхйю;;;;;;+
30TI853B_MO.OP;;DO;P-3012S рело нонпмнцн ондьхомхйю;;;;;;+
30TI853B_MO.MD;;DI;P-3012S рело нонпмнцн ондьхомхйю;;;;;;+
30TI853B_TF.PV;;DI;P-3012S рело нонпмнцн ондьхомхйю;;;;;;+
30TI855A_MO.PV;;DI;P-3013A рело кхмеимнцн ондьхомхйю;;;;;;+
30TI855A_MO.OP;;DI;P-3013A рело кхмеимнцн ондьхомхйю;;;;;;+
30TI855A_MO.OP;;DO;P-3013A рело кхмеимнцн ондьхомхйю;;;;;;+
30TI855A_MO.MD;;DI;P-3013A рело кхмеимнцн ондьхомхйю;;;;;;+
30TI855A_TF.PV;;DI;P-3013A рело кхмеимнцн ондьхомхйю;;;;;;+
30TI855B_MO.PV;;DI;P-3013A рело нонпмнцн ондьхомхйю;;;;;;+
30TI855B_MO.OP;;DI;P-3013A рело нонпмнцн ондьхомхйю;;;;;;+
30TI855B_MO.OP;;DO;P-3013A рело нонпмнцн ондьхомхйю;;;;;;+
30TI855B_MO.MD;;DI;P-3013A рело нонпмнцн ондьхомхйю;;;;;;+
30TI855B_TF.PV;;DI;P-3013A рело нонпмнцн ондьхомхйю;;;;;;+
30TI857A_MO.PV;;DI;P-3013S рело кхмеимнцн ондьхомхйю;;;;;;+
30TI857A_MO.OP;;DI;P-3013S рело кхмеимнцн ондьхомхйю;;;;;;+
30TI857A_MO.OP;;DO;P-3013S рело кхмеимнцн ондьхомхйю;;;;;;+
30TI857A_MO.MD;;DI;P-3013S рело кхмеимнцн ондьхомхйю;;;;;;+
30TI857A_TF.PV;;DI;P-3013S рело кхмеимнцн ондьхомхйю;;;;;;+
30TI857B_MO.PV;;DI;P-3013S рело нонпмнцн ондьхомхйю;;;;;;+
30TI857B_MO.OP;;DI;P-3013S рело нонпмнцн ондьхомхйю;;;;;;+
30TI857B_MO.OP;;DO;P-3013S рело нонпмнцн ондьхомхйю;;;;;;+
30TI857B_MO.MD;;DI;P-3013S рело нонпмнцн ондьхомхйю;;;;;;+
30TI857B_TF.PV;;DI;P-3013S рело нонпмнцн ондьхомхйю;;;;;;+
30TI860_MO.PV;;DI;P-3007A рело цеплерхгхпсчыхи ярюйюм;;;;;;+
30TI860_MO.OP;;DI;P-3007A рело цеплерхгхпсчыхи ярюйюм;;;;;;+
30TI860_MO.OP;;DO;P-3007A рело цеплерхгхпсчыхи ярюйюм;;;;;;+
30TI860_MO.MD;;DI;P-3007A рело цеплерхгхпсчыхи ярюйюм;;;;;;+
30TI860_TF.PV;;DI;P-3007A рело цеплерхгхпсчыхи ярюйюм;;;;;;+
30TI863_MO.PV;;DI;P-3022A рело цеплерхгхпсчыхи ярюйюм;;;;;;+
30TI863_MO.OP;;DI;P-3022A рело цеплерхгхпсчыхи ярюйюм;;;;;;+
30TI863_MO.OP;;DO;P-3022A рело цеплерхгхпсчыхи ярюйюм;;;;;;+
30TI863_MO.MD;;DI;P-3022A рело цеплерхгхпсчыхи ярюйюм;;;;;;+
30TI863_TF.PV;;DI;P-3022A рело цеплерхгхпсчыхи ярюйюм;;;;;;+
30TI866_MO.PV;;DI;P-3017A рело цеплерхгхпсчыхи ярюйюм;;;;;;+
30TI866_MO.OP;;DI;P-3017A рело цеплерхгхпсчыхи ярюйюм;;;;;;+
30TI866_MO.OP;;DO;P-3017A рело цеплерхгхпсчыхи ярюйюм;;;;;;+
30TI866_MO.MD;;DI;P-3017A рело цеплерхгхпсчыхи ярюйюм;;;;;;+
30TI866_TF.PV;;DI;P-3017A рело цеплерхгхпсчыхи ярюйюм;;;;;;+
30TI876C_MO.PV;;DI;C-3001S релоеп.реумнк. цюгю бшунд жхкхмдп 1 MOS 30TI876C\TI876E;;;;;;+
30TI876C_MO.OP;;DI;C-3001S релоеп.реумнк. цюгю бшунд жхкхмдп 1 MOS 30TI876C\TI876E;;;;;;+
30TI876C_MO.OP;;DO;C-3001S релоеп.реумнк. цюгю бшунд жхкхмдп 1 MOS 30TI876C\TI876E;;;;;;+
30TI876C_MO.MD;;DI;C-3001S релоеп.реумнк. цюгю бшунд жхкхмдп 1 MOS 30TI876C\TI876E;;;;;;+
30TI876C_TF.PV;;DI;C-3001S релоеп.реумнкнцхвеяйнцн цюгю бшунд жхкхмдп 1;;;;;;+
30TI876D_MO.PV;;DI;C-3001S релоеп.реумнк. цюгю бшунд жхкхмдп 2 MOS30TI876D/876F;;;;;;+
30TI876D_MO.OP;;DI;C-3001S релоеп.реумнк. цюгю бшунд жхкхмдп 2 MOS30TI876D/876F;;;;;;+
30TI876D_MO.OP;;DO;C-3001S релоеп.реумнк. цюгю бшунд жхкхмдп 2 MOS30TI876D/876F;;;;;;+
30TI876D_MO.MD;;DI;C-3001S релоеп.реумнк. цюгю бшунд жхкхмдп 2 MOS30TI876D/876F;;;;;;+
30TI876D_TF.PV;;DI;C-3001S релоеп.реумнкнцхвеяйнцн цюгю бшунд жхкхмдп 2;;;;;;+
30TI884D_MO.PV;;DI;C-3001S релоеп. пегепбсюпю люякю йюпрепю;;;;;;+
30TI884D_MO.OP;;DI;C-3001S релоеп. пегепбсюпю люякю йюпрепю;;;;;;+
30TI884D_MO.OP;;DO;C-3001S релоеп. пегепбсюпю люякю йюпрепю;;;;;;+
30TI884D_MO.MD;;DI;C-3001S релоеп. пегепбсюпю люякю йюпрепю;;;;;;+
30TI884D_TF.PV;;DI;C-3001S релоеп. пегепбсюпю люякю йюпрепю;;;;;;+
30TI884E_MO.PV;;DI;C-3001S релоеп. цкюбм. ондьхо. меопхбнд. ярнп. MOS 30TI884E/884B;;;;;;+
30TI884E_MO.OP;;DI;C-3001S релоеп. цкюбм. ондьхо. меопхбнд. ярнп. MOS 30TI884E/884B;;;;;;+
30TI884E_MO.OP;;DO;C-3001S релоеп. цкюбм. ондьхо. меопхбнд. ярнп. MOS 30TI884E/884B;;;;;;+
30TI884E_MO.MD;;DI;C-3001S релоеп. цкюбм. ондьхо. меопхбнд. ярнп. MOS 30TI884E/884B;;;;;;+
30TI884E_TF.PV;;DI;C-3001S релоеп. цкюбм. ондьхомхйю меопхбндмюъ ярнпнмю;;;;;;+
30TI884F_MO.PV;;DI;C-3001S релоеп. цкюбм. ондьхо. опхбнд. ярнп. MOS 30TI884C\884F;;;;;;+
30TI884F_MO.OP;;DI;C-3001S релоеп. цкюбм. ондьхо. опхбнд. ярнп. MOS 30TI884C\884F;;;;;;+
30TI884F_MO.OP;;DO;C-3001S релоеп. цкюбм. ондьхо. опхбнд. ярнп. MOS 30TI884C\884F;;;;;;+
30TI884F_MO.MD;;DI;C-3001S релоеп. цкюбм. ондьхо. опхбнд. ярнп. MOS 30TI884C\884F;;;;;;+
30TI884F_TF.PV;;DI;C-3001S релоеп. цкюбм. ондьхомхйю опхбндмюъ ярнпнмю;;;;;;+
30TI890_MO.PV;;DI;P-3007S рело цеплерхгхпсчыхи ярюйюм;;;;;;+
30TI890_MO.OP;;DI;P-3007S рело цеплерхгхпсчыхи ярюйюм;;;;;;+
30TI890_MO.OP;;DO;P-3007S рело цеплерхгхпсчыхи ярюйюм;;;;;;+
30TI890_MO.MD;;DI;P-3007S рело цеплерхгхпсчыхи ярюйюм;;;;;;+
30TI890_TF.PV;;DI;P-3007S рело цеплерхгхпсчыхи ярюйюм;;;;;;+
30TI893_MO.PV;;DI;P-3022S рело цеплерхгхпсчыхи ярюйюм;;;;;;+
30TI893_MO.OP;;DI;P-3022S рело цеплерхгхпсчыхи ярюйюм;;;;;;+
30TI893_MO.OP;;DO;P-3022S рело цеплерхгхпсчыхи ярюйюм;;;;;;+
30TI893_MO.MD;;DI;P-3022S рело цеплерхгхпсчыхи ярюйюм;;;;;;+
30TI893_TF.PV;;DI;P-3022S рело цеплерхгхпсчыхи ярюйюм;;;;;;+
30TI896_MO.PV;;DI;P-3017S рело цеплерхгхпсчыхи ярюйюм;;;;;;+
30TI896_MO.OP;;DI;P-3017S рело цеплерхгхпсчыхи ярюйюм;;;;;;+
30TI896_MO.OP;;DO;P-3017S рело цеплерхгхпсчыхи ярюйюм;;;;;;+
30TI896_MO.MD;;DI;P-3017S рело цеплерхгхпсчыхи ярюйюм;;;;;;+
30TI896_TF.PV;;DI;P-3017S рело цеплерхгхпсчыхи ярюйюм;;;;;;+
30TI901_MO.PV;;DI;реокнбюъ йнмбейжхъ;;;;;;+
30TI901_MO.OP;;DI;реокнбюъ йнмбейжхъ;;;;;;+
30TI901_MO.OP;;DO;реокнбюъ йнмбейжхъ;;;;;;+
30TI901_MO.MD;;DI;реокнбюъ йнмбейжхъ;;;;;;+
30TI901_TF.PV;;DI;реокнбюъ йнмбейжхъ;;;;;;+
30TI905A_TF.PV;;DI;релоепюрспю бнгдсую;;;;;;+
30TI905B_TF.PV;;DI;релоепюрспю бнгдсую;;;;;;+
30TI905C_TF.PV;;DI;релоепюрспю бнгдсую;;;;;;+
30TI924_TF.PV;;DI;цнпемхе бнгдсую;;;;;;+
30VAHH875.PV;;DI;бхап бюкю б йюпрепе C-3001A/бепрхйюкэмюъ;;;;;;+
30VAHH875_FU.PV;;DI;C-3001A бхапюжхъ йюпрепю бепрхйюкэмюъ;;;;;;+
30VAHH875_PA.PV;;DI;C-3001A бхапюжхъ йюпрепю бепрхйюкэмюъ;;;;;;+
30VAHH876.PV;;DI;бхап бюкю б йюпрепе C-3001A/цнпхгнмрюкэмюъ;;;;;;+
30VAHH876_FU.PV;;DI;C-3001A бхапюжхъ йюпрепю цнпхгнмрюкэмюъ;;;;;;+
30VAHH876_PA.PV;;DI;C-3001A бхапюжхъ йюпрепю цнпхгнмрюкэмюъ;;;;;;+
30VAHH975.PV;;DI;бхап бюкю б йюпрепе C-3001S/бепрхйюкэмюъ;;;;;;+
30VAHH975_FU.PV;;DI;C-3001S бхапюжхъ йюпрепю бепрхйюкэмюъ;;;;;;+
30VAHH975_PA.PV;;DI;C-3001S бхапюжхъ йюпрепю бепрхйюкэмюъ;;;;;;+
30VAHH976.PV;;DI;бхап бюкю б йюпрепе C-3001S/цнпхгнмрюкэмюъ;;;;;;+
30VAHH976_FU.PV;;DI;C-3001S бхапюжхъ йюпрепю цнпхгнмрюкэмюъ;;;;;;+
30VAHH976_PA.PV;;DI;C-3001S бхапюжхъ йюпрепю цнпхгнмрюкэмюъ;;;;;;+
30XA002_1.PV;;DI;H-3001 акнйхпнбйю I-001;;;;;;+
30XA047A.PV;;DI;C-3001A рпебнцю наыецн нрйкчвемхъ;;;;;;+
30XA048.PV;;DI;C-3001S рпебнцю наыецн нрйкчвемхъ;;;;;;+
30XA103.PV;;DI;онфюпмши оюп б рнойс H-3001;;;;;;+
30XA896A.PV;;DI;C-3001A/S нрйкчвемхе нукюфд.бндш;;;;;;+
30XA896S.PV;;DI;C-3001A/S нрйкчвемхе нукюфд.бндш;;;;;;+
30XA900.PV;;DI;30-XV-900 меяннр. онкнф. йнлюмде. яхцмюкхгюжхъ;;;;;;+
30XA904.PV;;DI;30-XV-904 меяннр. онкнф. йнлюмде. яхцмюкхгюжхъ;;;;;;+
30XA905.PV;;DI;30-XV-905 меяннр. онкнф. йнлюмде. яхцмюкхгюжхъ;;;;;;+
30XA906.PV;;DI;30-XV-906 меяннр. онкнф. йнлюмде. яхцмюкхгюжхъ;;;;;;+
30XA907.PV;;DI;30-XV-907 меяннр. онкнф. йнлюмде. яхцмюкхгюжхъ;;;;;;+
30XA908.PV;;DI;30-XV-908 меяннр. онкнф. йнлюмде. яхцмюкхгюжхъ;;;;;;+
30XA909.PV;;DI;30-XV-909 меяннр. онкнф. йнлюмде. яхцмюкхгюжхъ;;;;;;+
30XA910.PV;;DI;30-XV-910 меяннр. онкнф. йнлюмде. яхцмюкхгюжхъ;;;;;;+
30XA911.PV;;DI;30-XV-911 меяннр. онкнф. йнлюмде. яхцмюкхгюжхъ;;;;;;+
30XA947C1.PV;;DI;кюлою наыее нрйкчвемхе;;;;;;+
30XA947D1.PV;;DI;кюлою гюыхрш нр онрепх ръцх;;;;;;+
30XA947E1.PV;;DI;кюлою цнпчвхи цюг;;;;;;+
30XA947F1.PV;;DI;кюлою цнпчвхи цюг дкъ пнгфхцю;;;;;;+
30XA947G1.PV;;DI;кюлою ондювю фхдйнцн рнокхбю;;;;;;+
30XA947H1.PV;;DI;кюлою мернвмнярэ онкнфемхъ йкюоюмю;;;;;;+
30XA947J1.PV;;DI;кюлою цнпемхе акнйхпнбйю;;;;;;+
30XA947K1.PV;;DI;кюлою нрйк. опх мехяопюбмнярх юмюкхгюр.н2;;;;;;+
30XA947L.PV;;DI;онфюп Б оевх;;;;;;+
30XL904A.PV;;DI;нряей-кэ 30-XV-904 нрйпшр. хмдхй-жхъ мю леяр. оюмекх м-3001;;;;;;+
30XL904B.PV;;DI;нряей-кэ 30-XV-904 гюйпшр. хмдхй-жхъ мю леяр. оюмекх м-3001;;;;;;+
30XV909.PV;;DI;нряейюрекэ XV909 / охкнрм цюг й тнпясмйюл;;;;;;+
30XV909.OP;;DI;нряейюрекэ XV909 / охкнрм цюг й тнпясмйюл;;;;;;+
30XV909.OP;;DO;нряейюрекэ XV909 / охкнрм цюг й тнпясмйюл;;;;;;+
30XV909.MD;;DI;нряейюрекэ XV909 / охкнрм цюг й тнпясмйюл;;;;;;+
30XA947A1.PV;;DI;H-3001 юбюпхимюъ нярюмнбйю оевх (кюлою);;;;;;+
30XV910.PV;;DI;нряейюрекэ XV910 / охкнрм цюг мю ябевс;;;;;;+
30XV910.OP;;DI;нряейюрекэ XV910 / охкнрм цюг мю ябевс;;;;;;+
30XV910.OP;;DO;нряейюрекэ XV910 / охкнрм цюг мю ябевс;;;;;;+
30XV910.MD;;DI;нряейюрекэ XV910 / охкнрм цюг мю ябевс;;;;;;+
30XV911.PV;;DI;нряей XV911/охкнр цюг й тнпя оняке ябевх;;;;;;+
30XV911.OP;;DI;нряей XV911/охкнр цюг й тнпя оняке ябевх;;;;;;+
30XV911.OP;;DO;нряей XV911/охкнр цюг й тнпя оняке ябевх;;;;;;+
30XV911.MD;;DI;нряей XV911/охкнр цюг й тнпя оняке ябевх;;;;;;+
30XY003.PV;;DI;п-3001ю ярно он реумнкнц. мехяопюбм.;;;;;;+
30XY004.PV;;DI;п-3001S ярно он реумнкнц. мехяопюбм.;;;;;;+
30XY015.PV;;DI;30XV015 бнд. оюп бд хг V-3014;;;;;;+
30XY016.PV;;DI;30XV016 оюпш опносяйюелше юплюр. б р-3001;;;;;;+
30XY020.PV;;DI;п-3002ю -ярно он реумнкнц. мехяопюбм.;;;;;;+
30XY024.PV;;DI;п-3003ю ярно он реумнк. мехяопюбм.;;;;;;+
30XY025.PV;;DI;п-3003S ярно он реумнк. мехяопюбм.;;;;;;+
30XY028.PV;;DI;п-3004ю- ярно он реумнкнц. мехяопюбм.;;;;;;+
30XY029.PV;;DI;п-3004S-ярно-реумнкнц.мехCопюбм.;;;;;;+
30XY031.PV;;DI;п-3005ю-ярно он реумнкнц. мехяопюбм.;;;;;;+
30XY032.PV;;DI;п-3005S -ярно он реумнкнц. мехяопюбм.;;;;;;+
30XY035.PV;;DI;п-3006ю - ярно он реумнкнц. мехяопюбм.;;;;;;+
30XY036.PV;;DI;п-3006S ярно он реумнкц. мехCопюбм.;;;;;;+
30XY037.PV;;DI;п-3007ю -ярно он реумнкнц. мехяопюбм.;;;;;;+
30XY038.PV;;DI;п-3007S- ярно он реумнкнц. мехCопюбм.;;;;;;+
30XY039.PV;;DI;п-3022A-ярно он реумнкнц. мехяопюбм.;;;;;;+
30XY049.PV;;DI;п-3012ю ярно-реумнкнц. мехяопюбм.;;;;;;+
30XY050.PV;;DI;п-3012S ярно он реумнкнц. мехCопюбм.;;;;;;+
30XY054.PV;;DI;30XV054 бнд.оюп опнлефср.дюбк. б E-3006;;;;;;+
30XY055.PV;;DI;30XV055 ярюахкэмюъ мютрю б оюпй;;;;;;+
30XY056.PV;;DI;"п-3013ю-""ярно"" он реумнкнц.мехяопюбм.";;;;;;+
30XY057.PV;;DI;"п-3013S - ""ярно"" он реумнкц. мехCопюбм.";;;;;;+
30XY063.PV;;DI;"п-3017ю-""ярно"" он реумнкнц. мехяопюбм.";;;;;;+
30XY064B.PV;;DI;"п-3017S-""ярно"" он реумнкнц. мехCопюбм.";;;;;;+
30XY065.PV;;DI;"п-3020 - ""ярно"" он реумнкнц. мехCопюб.";;;;;;+
30XY066.PV;;DI;"п-3021 - ""ярно"" он реумнкнц. мехCопюб.";;;;;;+
30XY068.PV;;DI;"п-3025 - ""ярно"" он реумнкнц. мехCопюб.";;;;;;+
30XY069.PV;;DI;п-3026 - ярно он реумнкнц. мехCопюб.;;;;;;+
30XY070.PV;;DI;охрюрюрекэмюъ бндю б V-3012;;;;;;+
30XY074.PV;;DI;опндсбнвм. бндю б V-3013;;;;;;+
30XY075.PV;;DI;бнд оюп яд я сярюмнбйх;;;;;;+
30XY079.PV;;DI;яшпэе б м-3001;;;;;;+
30XY088.PV;;DI;бнд. оюп яд б р-3001;;;;;;+
30XY103.PV;;DI;онфюпмши оюп б рнойс H-3001;;;;;;+
30XY861.PV;;DI;CM-3001S нярюмнб;;;;;;+
30XY869.PV;;DI;C-3001S-PM1S ялюгйю йпхбньхою ESD ярно;;;;;;+
30XY870.PV;;DI;C-3001S мюяня люякю жхкхмдпю PM2 нрйкчвем;;;;;;+
30XY875A.PV;;DI;C-3001ю щкейрпнлюцм.йкюоюм пюгцпсгйх йкюоюмнб;;;;;;+
30XY875B.PV;;DI;C-3001ю щкейрпнлюцм.йкюоюм пюгцпсгйх йкюоюмнб;;;;;;+
30XY875C.PV;;DI;C-3001ю щкейрпнлюцм.йкюоюм пюгцпсгйх йкюоюмнб;;;;;;+
30XY875D.PV;;DI;C-3001ю щкейрпнлюцм.йкюоюм пюгцпсгйх йкюоюмнб;;;;;;+
30XY881.PV;;DI;CM-3001ю нярюмнб;;;;;;+
30XY896.PV;;DI;C-3001ю-PM1S ялюгйю йпхбньхою ESD ярно;;;;;;+
30XY897.PV;;DI;C-3001ю мюяня люякю жхкхмдпю PM2 нрйкчвем;;;;;;+
30XY899A.PV;;DI;C-3001 мюяня нукюфд.бндш PM1 нрйкчвем;;;;;;+
30XY899B.PV;;DI;C-3001 мюяня нукюфд.бндш PM1S нрйкчвем;;;;;;+
30XY900.PV;;DI;цнпчвхи цюг;;;;;;+
30XY904.PV;;DI;H-3001 30XV904 сопюбкемхе;;;;;;+
30XY905.PV;;DI;H-3001 30XV905 сопюбкемхе;;;;;;+
30XY906.PV;;DI;H-3001 30XV906 сопюбкемхе;;;;;;+
30XY907.PV;;DI;H-3001 30XV907 сопюбкемхе;;;;;;+
30XY908.PV;;DI;H-3001 30XV908 сопюбкемхе;;;;;;+
30XY909.PV;;DI;H-3001 30XV909 сопюбкемхе;;;;;;+
30XY910.PV;;DI;H-3001 30XV910 сопюбкемхе;;;;;;+
30XY911.PV;;DI;H-3001 30XV911 сопюбкемхе;;;;;;+
30XY916.PV;;DI;C-3002A ESD ярно;;;;;;+
30XY917.PV;;DI;C-3002B ESD ярно;;;;;;+
30XY918.PV;;DI;я-3003ю ESD ярно;;;;;;+
30XY975A.PV;;DI;C-3001S щкейрпнлюцм.йкюоюм пюгцпсгйх йкюоюмнб;;;;;;+
30XY975B.PV;;DI;C-3001S щкейрпнлюцм.йкюоюм пюгцпсгйх йкюоюмнб;;;;;;+
30XY975C.PV;;DI;C-3001S щкейрпнлюцм.йкюоюм пюгцпсгйх йкюоюмнб;;;;;;+
30XY975D.PV;;DI;C-3001S щкейрпнлюцм.йкюоюм пюгцпсгйх йкюоюмнб;;;;;;+
30XZAG002_FU.PV;;DI;оепбнопхвхмю нярюмнбйх P-3001A XV-002 нрйпшрю < 80%;;;;;;+
30XZAG002_S_FU.PV;;DI;оепбнопхвхмю нярюмнбйх P-3001S XV-002 нрйпшрю < 80%;;;;;;+
30XZSC002.PV;;DI;XV-002 гюйпшрю мю 100%;;;;;;+
30XZSC023.PV;;DI;XV-023 гюйпшрю мю 100%;;;;;;+
30XZSC030.PV;;DI;XV-030 гюйпшрю мю 100%;;;;;;+
30XZSC906.PV;;DI;30XV906 йнмжебхй гюйпшрхъ;;;;;;+
30XA030_B0.PV;;DI;юбюпхимне янярнъмхе 30XV030;;;;;;+
30XA093_B0.PV;;DI;юбюпхимне янярнъмхе 30XV093;;;;;;+
30XA094_B0.PV;;DI;юбюпхимне янярнъмхе 30XV094;;;;;;+
30XA096_B0.PV;;DI;юбюпхимне янярнъмхе 30XV096;;;;;;+
30XZSC908.PV;;DI;30XV908 йнмжебхй гюйпшрхъ;;;;;;+
30XZSC909.PV;;DI;30XV909 йнмжебхй гюйпшрхъ;;;;;;+
30XZSC911.PV;;DI;30XV911 йнмжебхй гюйпшрхъ;;;;;;+
30XZSG002.PV;;DI;XV-002 нрйпшрю < 80%;;;;;;+
30XZSG002_MO.PV;;DI;XV-002 нрйпшрю < 80%;;;;;;+
30XZSG002_MO.OP;;DI;XV-002 нрйпшрю < 80%;;;;;;+
30XZSG002_MO.OP;;DO;XV-002 нрйпшрю < 80%;;;;;;+
30XZSG002_MO.MD;;DI;XV-002 нрйпшрю < 80%;;;;;;+
30XZSG023.PV;;DI;XV-023 нрйпшрю < 80%;;;;;;+
30XZSG023_MO.PV;;DI;XV-023 нрйпшрю < 80%;;;;;;+
30XZSG023_MO.OP;;DI;XV-023 нрйпшрю < 80%;;;;;;+
30XZSG023_MO.OP;;DO;XV-023 нрйпшрю < 80%;;;;;;+
30XZSG023_MO.MD;;DI;XV-023 нрйпшрю < 80%;;;;;;+
30XZSG030.PV;;DI;XV-030 нрйпшрю < 80%;;;;;;+
30XZSG030_MO.PV;;DI;XV-030 нрйпшрю < 80%;;;;;;+
30XZSG030_MO.OP;;DI;XV-030 нрйпшрю < 80%;;;;;;+
30XZSG030_MO.OP;;DO;XV-030 нрйпшрю < 80%;;;;;;+
30XZSG030_MO.MD;;DI;XV-030 нрйпшрю < 80%;;;;;;+
30XZSO002.PV;;DI;XV-002 нрйпшрю мю 100%;;;;;;+
30XZSO023.PV;;DI;XV-023 нрйпшрю мю 100%;;;;;;+
30XZSO030.PV;;DI;XV-030 нрйпшрю мю 100%;;;;;;+
30HS855_B0_OUT_P.PV;;DI;оепейкчвюрекэ опнхгбндхрекэмнярх C-3001S ахр 0;;;;;;+
30HS855_B1_OUT_P.PV;;DI;оепейкчвюрекэ опнхгбндхрекэмнярх C-3001S ахр 1;;;;;;+
30HS855_B2_OUT_P.PV;;DI;оепейкчвюрекэ опнхгбндхрекэмнярх C-3001S ахр 2;;;;;;+
30HS861B_P.PV;;DI;C-3001S ярюпр йнлопеяянпю;;;;;;+
30HS867_P.PV;;DI;C-3001S кнйюкэмюъ оюмекэ реяр кюло;;;;;;+
30HS868_P.PV;;DI;C-3001S йбхрхпнбюмхе яхпемш;;;;;;+
30HS873_P.PV;;DI;C-3001A/S яхярелю нукюфдемхъ яапня;;;;;;+
30HS875_B0_OUT_P.PV;;DI;оепейкчвюрекэ опнхгбндхрекэмнярх C-3001A ахр 0;;;;;;+
30HS875_B1_OUT_P.PV;;DI;оепейкчвюрекэ опнхгбндхрекэмнярх C-3001A ахр 1;;;;;;+
30ZALL877_FU.PV;;DI;C-3001A йнмевмши бшйкчвюрекэ йнфсую люунбхйю;;;;;;+
30ZALL878_FU.PV;;DI;C-3001A йнмевмши бшйкчвюрекэ гюлшйючыее сярпниярбн;;;;;;+
30ZALL977_FU.PV;;DI;C-3001S йнмжебни бшйкчвюрекэ гюыхрш люунбхйю;;;;;;+
30ZALL978_FU.PV;;DI;C-3001S йнмевмши бшйкчвюрекэ гюлшйючыее сярпниярбн;;;;;;+
30ZSLL877.PV;;DI;C-3001A йнмжебни бшйкчвюрекэ йнфсую люунбхйю;;;;;;+
30ZSLL877_MO.PV;;DI;C-3001A йнмжебни бшйкчвюрекэ йнфсую люунбхйю;;;;;;+
30ZSLL877_MO.OP;;DI;C-3001A йнмжебни бшйкчвюрекэ йнфсую люунбхйю;;;;;;+
30ZSLL877_MO.OP;;DO;C-3001A йнмжебни бшйкчвюрекэ йнфсую люунбхйю;;;;;;+
30ZSLL877_MO.MD;;DI;C-3001A йнмжебни бшйкчвюрекэ йнфсую люунбхйю;;;;;;+
30ZSLL878.PV;;DI;C-3001A йнмжебни бшйкчвюрекэ лстрш;;;;;;+
30ZSLL878_MO.PV;;DI;C-3001A йнмжебни бшйкчвюрекэ лстрш;;;;;;+
30ZSLL878_MO.OP;;DI;C-3001A йнмжебни бшйкчвюрекэ лстрш;;;;;;+
30ZSLL878_MO.OP;;DO;C-3001A йнмжебни бшйкчвюрекэ лстрш;;;;;;+
30ZSLL878_MO.MD;;DI;C-3001A йнмжебни бшйкчвюрекэ лстрш;;;;;;+
30ZSLL977.PV;;DI;C-3001S йнмжебни бшйкчвюрекэ йнфсую люунбхйю;;;;;;+
30ZSLL977_MO.PV;;DI;C-3001S йнмжебни бшйкчвюрекэ йнфсую люунбхйю;;;;;;+
30ZSLL977_MO.OP;;DI;C-3001S йнмжебни бшйкчвюрекэ йнфсую люунбхйю;;;;;;+
30ZSLL977_MO.OP;;DO;C-3001S йнмжебни бшйкчвюрекэ йнфсую люунбхйю;;;;;;+
30ZSLL977_MO.MD;;DI;C-3001S йнмжебни бшйкчвюрекэ йнфсую люунбхйю;;;;;;+
30ZSLL978.PV;;DI;C-3001S йнмжебни бшйкчвюрекэ лстрш;;;;;;+
30ZSLL978_MO.PV;;DI;C-3001S йнмжебни бшйкчвюрекэ лстрш;;;;;;+
30ZSLL978_MO.OP;;DI;C-3001S йнмжебни бшйкчвюрекэ лстрш;;;;;;+
30ZSLL978_MO.OP;;DO;C-3001S йнмжебни бшйкчвюрекэ лстрш;;;;;;+
30ZSLL978_MO.MD;;DI;C-3001S йнмжебни бшйкчвюрекэ лстрш;;;;;;+
IB301_ESD1_D1.PV;;DI;тнпяюф пюгпеьем;;;;;;++
IB301_ESD1_D2.PV;;DI;юйрхбмш тнпяюфх;;;;;;++
IB301_ESD1_F1.PV;;DI;IB-30-1 яхярелю ESD-01 янярнъмхе йнмрпнккепю;;;;;;++
IB301_ESD1_F2.PV;;DI;IB-30-1 яхярелю ESD-01 янярнъмхе бмеьмеи ябъгх;;;;;;++
IB301_ESD1_F3.PV;;DI;IB-30-1 яхярелю ESD-01 янярнъмхе лндскеи ббндю/бшбндю;;;;;;++
IB301_ESD1_F5.PV;;DI;IB-30-1 яхярелю ESD-01 наыее янярнъмхе йпняя. ьйютнб;;;;;;++
IB301_ESD1_F4.PV;;DI;IB-30-1 яхярелю ESD-01 наыее янярнъмхе яхяр. ьйютю;;;;;;++
30HA047.PV;;DI;C-3001A юбюпхимши нярюмнб;;;;;;+
30HA048.PV;;DI;C-3001S юбюпхимхи нярюмнб;;;;;;+
30HS047_1.PV;;DI;C-3001A юбюпхимши нярюмнб;;;;;;+
30HS047_2.PV;;DI;C-3001A юбюпхимши нярюмнб;;;;;;+
30HS048_1.PV;;DI;C-3001S юбюпхимши нярюмнб;;;;;;+
30HS048_2.PV;;DI;C-3001S юбюпхимши нярюмнб;;;;;;+
30HS875_B2_OUT_P.PV;;DI;оепейкчвюрекэ опнхгбндхрекэмнярх C-3001A ахр 2;;;;;;+
30HS881B_P.PV;;DI;C-3001A ярюпр йнлопеяянпю;;;;;;+
30HS882_P.PV;;DI;C-3001A яапня кнцхйх йнлопеяянпю;;;;;;+
30HS887_P.PV;;DI;C-3001A кнйюкэмюъ оюмекэ реяр кюло;;;;;;+
30HS325.PV;;DI;яапня I-025;;;;;;+
30HS325.OP;;DI;яапня I-025;;;;;;+
30HS325.OP;;DO;яапня I-025;;;;;;+
30ZALL877.PV;;DI;C-3001A йнфсу люунбхйю;;;;;;+
30ZALL878.PV;;DI;C-3001A гюлшйючыее сярпниярбн;;;;;;+
30ZALL977.PV;;DI;C-3001S йнфсу люунбхйю;;;;;;+
30ZALL978.PV;;DI;C-3001S гюлшйючыее сярпниярбн;;;;;;+
01_10_SNESD_FLT.PV;;DI;яоюг_001_1-яоюг_301_1;;;;;;
30XY055_F.PV;;DI;30XV055 яхцмюкхгюжхъ н мехяопюбмнярх кхмхх;;;;;;+
30XY103_F.PV;;DI;яхцмюкхгюжхъ н мехяопюбмнярх кхмхх;;;;;;+
30SIS004_RR.PV;;DI;30-I-004 цнрнб й яапняс;;;;;;+
30SIS013_RR.PV;;DI;30-I-013 цнрнб й яапняс;;;;;;+
30SIS019_RR.PV;;DI;30-I-019 цнрнб й яапняс;;;;;;+
30SIS038_RR.PV;;DI;30-I-038 цнрнб й яапняс;;;;;;+
30XA868.PV;;DI;C-3001S яхпемю;;;;;;+
30XA888.PV;;DI;C-3001A яхпемю;;;;;;+
30XA939B.PV;;DI;H-3001 ньхайю опх осяйе;;;;;;+
30XA939C.PV;;DI;аегноюямюъ юрлнятепю б йюлепе яцнпюмхъ;;;;;;+
30XA945.PV;;DI;H-3001 яхпемю мю кнй оюмекх с оевх;;;;;;+
30XL950_2.PV;;DI;цнрнбши й яапняс I-037 (30-XV-904/905);;;;;;+
30XA857_P.PV;;DI;цнрнбмнярэ й осяйс я-3001S нр пяс;;;;;;+
30XA877_P.PV;;DI;цнрнбмнярэ й осяйс я-3001ю нр пяс;;;;;;+
30XS888_95_P.PV;;DI;CW мюяня б пюанре;;;;;;+
30XL937A_STS.PV;;DI;реяр мю цеплерхвмнярэ гюбепьем;;;;;;+
30XZSC904_A.PV;;DI;30XV904 йнмжебхй гюйпшрхъ;;;;;;+
30XZSC905_A.PV;;DI;30XV905 йнмжебхй гюйпшрхъ;;;;;;+
30XA018.PV;;DI;H-3001 юбюпхимши нярюмнб нр ймнойх 30HS018;;;;;;+
30XZSC907_A.PV;;DI;30XV907 йнмжебхй гюйпшрхъ;;;;;;+
30FLTRES_SYS10.PV;;DI;яапня ме йпхрхвеяйху ньханй;;;;;;+
30FLTRES_SYS10.OP;;DI;яапня ме йпхрхвеяйху ньханй;;;;;;+
30FLTRES_SYS10.OP;;DO;яапня ме йпхрхвеяйху ньханй;;;;;;+
30TI839B_TF.PV;;DI;P-3004A рело нонпмнцн ондьхомхйю;;;;;;+
30XZSC910_A.PV;;DI;30XV910 йнмжебхй гюйпшрхъ;;;;;;+
30BALL901B_MO.PV;;DI;H-3001 йюлепю 2 нямнбмюъ / онцюяюмхе окюлемх;;;;;;+
30BALL901B_MO.OP;;DI;H-3001 йюлепю 2 нямнбмюъ / онцюяюмхе окюлемх;;;;;;+
30BALL901B_MO.OP;;DO;H-3001 йюлепю 2 нямнбмюъ / онцюяюмхе окюлемх;;;;;;+
30BALL901B_MO.MD;;DI;H-3001 йюлепю 2 нямнбмюъ / онцюяюмхе окюлемх;;;;;;+
30BALL902A_MO.PV;;DI;H-3001 йюлепю 3 охкнр / онцюяюмхе окюлемх;;;;;;+
30BALL902A_MO.OP;;DI;H-3001 йюлепю 3 охкнр / онцюяюмхе окюлемх;;;;;;+
30BALL902A_MO.OP;;DO;H-3001 йюлепю 3 охкнр / онцюяюмхе окюлемх;;;;;;+
30BALL902A_MO.MD;;DI;H-3001 йюлепю 3 охкнр / онцюяюмхе окюлемх;;;;;;+
30BALL902B_MO.PV;;DI;H-3001 йюлепю 3 нямнбмюъ / онцюяюмхе окюлемх;;;;;;+
30BALL902B_MO.OP;;DI;H-3001 йюлепю 3 нямнбмюъ / онцюяюмхе окюлемх;;;;;;+
30BALL902B_MO.OP;;DO;H-3001 йюлепю 3 нямнбмюъ / онцюяюмхе окюлемх;;;;;;+
30BALL902B_MO.MD;;DI;H-3001 йюлепю 3 нямнбмюъ / онцюяюмхе окюлемх;;;;;;+
30BALL903A_MO.PV;;DI;H-3001 йюлепю 4 охкнр / онцюяюмхе окюлемх;;;;;;+
30BALL903A_MO.OP;;DI;H-3001 йюлепю 4 охкнр / онцюяюмхе окюлемх;;;;;;+
30BALL903A_MO.OP;;DO;H-3001 йюлепю 4 охкнр / онцюяюмхе окюлемх;;;;;;+
30BALL903A_MO.MD;;DI;H-3001 йюлепю 4 охкнр / онцюяюмхе окюлемх;;;;;;+
30BALL903B_MO.PV;;DI;H-3001 йюлепю 4 нямнбмюъ / онцюяюмхе окюлемх;;;;;;+
30BALL903B_MO.OP;;DI;H-3001 йюлепю 4 нямнбмюъ / онцюяюмхе окюлемх;;;;;;+
30BALL903B_MO.OP;;DO;H-3001 йюлепю 4 нямнбмюъ / онцюяюмхе окюлемх;;;;;;+
30BALL903B_MO.MD;;DI;H-3001 йюлепю 4 нямнбмюъ / онцюяюмхе окюлемх;;;;;;+
30LAHH050_CA.PV;;DI;V-3013 яеоюпюрнп меоп. опндсбйх;;;;;;+
30LAHH063_CA.PV;;DI;V-3017 яеоюпюрнп рнокхбмнцн цюгю;;;;;;+
30LALL001A_CA.PV;;DI;V-3001 яшпэебюъ елйнярэ;;;;;;+
30LALL007A_CA.PV;;DI;T-3001 йнкнммю тпюйжхнмхпнбюмхъ;;;;;;+
30LALL009_CA.PV;;DI;бяюя P-3004A;;;;;;+
30LALL012_CA.PV;;DI;T-3002 (йса);;;;;;+
30LALL015_CA.PV;;DI;V-3003 меярюа.мютрю/йхяк.бндю;;;;;;+
30LALL019_CA.PV;;DI;V-3003 меярюа.мютрю;;;;;;+
30LALL024_CA.PV;;DI;меярюа.мютрю. V-3008;;;;;;+
30LALL027_CA.PV;;DI;ярюа. мютрю. р-3003;;;;;;+
30LALL030_CA.PV;;DI;V-3009;;;;;;+
30LALL037_CA.PV;;DI;бяюя P-3022A;;;;;;+
30LALL039_CA.PV;;DI;юмрхтпхг. V-3021;;;;;;+
30LALL041_CA.PV;;DI;V-3023 Cберкше метреопндсйрш;;;;;;+
30LALL042_CA.PV;;DI;V-3024 релмше метреопндсйрш;;;;;;+
30LALL044_CA.PV;;DI;V-3027 релмше метреопндсйрш;;;;;;+
30LALL045_CA.PV;;DI;V-3028 Cберкше метреопндсйрш;;;;;;+
30PAHH064_CA.PV;;DI;мюцмерюмхе C-3001A;;;;;;+
30PAHH065_CA.PV;;DI;мюцмерюмхе C-3001S;;;;;;+
30PAHH074B_CA.PV;;DI;оюпш сцкебнднпнднб б р-3003;;;;;;+
30PAHH783A_CA.PV;;DI;C-3001A дюбкемхе люякю б йюпрепе;;;;;;+
43LALL922A_CA.PV;;DI;рнонвм. люгср й P-4301504 2SX. яхцмюкхгюжхъ;;;;;;
30PAHH883A_CA.PV;;DI;C-3001S дюбкемхе люякю б йюпрепе;;;;;;+
30PALL777D_CA.PV;;DI;C-3001A дюбкемхе опндсбнвмнцн цюгю;;;;;;+
30PALL877D_CA.PV;;DI;C-3001S дюбкемхе опндсбнвмнцн цюгю;;;;;;+
30PALL879A_CA.PV;;DI;C-3001 дюбкемхе нукюфд.бндш;;;;;;+
30PALL943_CA.PV;;DI;бнгдсу мю цнпемхе;;;;;;+
30TAHH776E_CA.PV;;DI;C-3001A релоепюрспю реумнкнц.цюгю бшунд жхкхмдп 1;;;;;;+
30TAHH776F_CA.PV;;DI;C-3001A релоепюрспю реумнкнц.цюгю бшунд жхкхмдп 2;;;;;;+
30TAHH784B_CA.PV;;DI;C-3001A релоеп.цкюбм.ондьхомхйю меопхбндмюъ ярнпнмю;;;;;;+
30TAHH784C_CA.PV;;DI;C-3001A релоеп.цкюбм.ондьхомхйю опхбндмюъ ярнпнмю;;;;;;+
30TAHH876E_CA.PV;;DI;C-3001S релоеп.реумнкнцхвеяйнцн цюгю бшунд жхкхмдп 1;;;;;;+
30TAHH876F_CA.PV;;DI;C-3001S релоеп.реумнкнцхвеяйнцн цюгю бшунд жхкхмдп 2;;;;;;+
30TAHH884B_CA.PV;;DI;C-3001S релоеп. цкюбм. ондьхомхйю меопхбндмюъ ярнпнмю;;;;;;+
30TAHH884C_CA.PV;;DI;C-3001S релоеп. цкюбм. ондьхомхйю опхбндмюъ ярнпнмю;;;;;;+
30VSHH875_MO.PV;;DI;C-3001A бхапюжхъ йюпрепю бепрхйюкэмюъ;;;;;;+
30VSHH875_MO.OP;;DI;C-3001A бхапюжхъ йюпрепю бепрхйюкэмюъ;;;;;;+
30VSHH875_MO.OP;;DO;C-3001A бхапюжхъ йюпрепю бепрхйюкэмюъ;;;;;;+
30VSHH875_MO.MD;;DI;C-3001A бхапюжхъ йюпрепю бепрхйюкэмюъ;;;;;;+
30HA018C_PA.PV;;DI;H-3001 юбюпхимши нярюмнб я оюмекх ноепюрнпю;;;;;;+
30TI801A_TF.PV;;DI;P-3001A мюяня р рело.ондьхо.;;;;;;+
30TI802A_TF.PV;;DI;P-3001A мюяня J рело.ондьхо.;;;;;;+
30TI803A_TF.PV;;DI;P-3001A мюяня J рело.ондьхо.;;;;;;+
30TI811A_TF.PV;;DI;P-3001S мюяня р рело.ондьхо.;;;;;;+
30TI812A_TF.PV;;DI;P-3001S мюяня J рело.ондьхо.;;;;;;+
30TI813A_TF.PV;;DI;P-3001S мюяня J рело.ондьхо.;;;;;;+
30TI821A_TF.PV;;DI;P-3003A мюяня р рело.ондьхо.;;;;;;+
30TI822A_TF.PV;;DI;P-3003A мюяня J рело.ондьхо.;;;;;;+
30TI823A_TF.PV;;DI;P-3003A мюяня J рело.ондьхо.;;;;;;+
30TI831A_TF.PV;;DI;P-3003S мюяня р рело.ондьхо.;;;;;;+
30TI832A_TF.PV;;DI;P-3003S мюяня J рело.ондьхо.;;;;;;+
30TI833A_TF.PV;;DI;P-3003S мюяня J рело.ондьхо.;;;;;;+
30TI839A2_TF.PV;;DI;P-3004A рело кхмеимнцн ондьхомхйю;;;;;;+
30XY904_ESD.PV;;DI;H-3001 30XV904 акнйхпнбйю;;;;;;+
30XY905_ESD.PV;;DI;H-3001 30XV905 акнйхпнбйю;;;;;;+
30XY906_ESD.PV;;DI;H-3001 30XV906 акнйхпнбйю;;;;;;+
30XY907_ESD.PV;;DI;H-3001 30XV907 акнйхпнбйю;;;;;;+
30XY908_ESD.PV;;DI;H-3001 30XV908 акнйхпнбйю;;;;;;+
30TI841A2_TF.PV;;DI;P-3004S рело кхмеимнцн ондьхомхйю;;;;;;+
30TI841B2_TF.PV;;DI;P-3004S рело нонпмнцн ондьхомхйю;;;;;;+
30TI843A2_TF.PV;;DI;P-3005A рело кхмеимнцн ондьхомхйю;;;;;;+
30TI843B2_TF.PV;;DI;P-3005A рело нонпмнцн ондьхомхйю;;;;;;+
30TI845A2_TF.PV;;DI;P-3005S рело кхмеимнцн ондьхомхйю;;;;;;+
30TI845B2_TF.PV;;DI;P-3005S рело нонпмнцн ондьхомхйю;;;;;;+
30TI847A2_TF.PV;;DI;P-3006A рело кхмеимнцн ондьхомхйю;;;;;;+
30TI750A_TF.PV;;DI;P-3026 мюяня T рело.ондьхо.;;;;;;+
30TI752A_TF.PV;;DI;P-3025 мюяня T рело.ондьхо.;;;;;;+
30TI754A_TF.PV;;DI;P-3021 мюяня T рело.ондьхо.;;;;;;+
30TI756A_TF.PV;;DI;P-3020 мюяня T рело.ондьхо.;;;;;;+
30TI784D2_TF.PV;;DI;C-3001A релоепюрспю пегепбсюпю люякю йюпрепю;;;;;;+
30TI847B2_TF.PV;;DI;P-3006A рело нонпмнцн ондьхомхйю;;;;;;+
30TI849A2_TF.PV;;DI;P-3006S рело кхмеимнцн ондьхомхйю;;;;;;+
30TI849B2_TF.PV;;DI;P-3006S рело нонпмнцн ондьхомхйю;;;;;;+
30TI851A2_TF.PV;;DI;P-3012A рело кхмеимнцн ондьхомхйю;;;;;;+
30TI851B2_TF.PV;;DI;P-3012A рело нонпмнцн ондьхомхйю;;;;;;+
30TI853A2_TF.PV;;DI;P-3012S рело кхмеимнцн ондьхомхйю;;;;;;+
30TI853B2_TF.PV;;DI;P-3012S рело нонпмнцн ондьхомхйю;;;;;;+
30TI855A2_TF.PV;;DI;P-3013A рело кхмеимнцн ондьхомхйю;;;;;;+
30TI855B2_TF.PV;;DI;P-3013A рело нонпмнцн ондьхомхйю;;;;;;+
30TI857A2_TF.PV;;DI;P-3013S рело кхмеимнцн ондьхомхйю;;;;;;+
30TI857B2_TF.PV;;DI;P-3013S рело нонпмнцн ондьхомхйю;;;;;;+
30TI860A_TF.PV;;DI;P-3007A рело цеплерхгхпсчыхи ярюйюм;;;;;;+
30TI863A_TF.PV;;DI;P-3022A рело цеплерхгхпсчыхи ярюйюм;;;;;;+
30TI866A_TF.PV;;DI;P-3017A рело цеплерхгхпсчыхи ярюйюм;;;;;;+
30TI884D2_TF.PV;;DI;C-3001S релоеп. пегепбсюпю люякю йюпрепю;;;;;;+
30TI890A_TF.PV;;DI;P-3007S рело цеплерхгхпсчыхи ярюйюм;;;;;;+
30TI896A_TF.PV;;DI;релоепюрспю - цеплерхгхпсчыхи ярюйюм;;;;;;+
30TI901A_TF.PV;;DI;реокнбюъ йнмбейжхъ;;;;;;+
30TI839B2_TF.PV;;DI;P-3004A рело нонпмнцн ондьхомхйю;;;;;;+
30TAHH833A_CA.PV;;DI;P-3003S мюяня J рело.ондьхо.;;;;;;+
30TAHH839A2_CA.PV;;DI;P-3004A рело кхмеимнцн ондьхомхйю;;;;;;+
30TAHH839B2_CA.PV;;DI;P-3004A рело нонпмнцн ондьхомхйю;;;;;;+
30TAHH841A2_CA.PV;;DI;P-3004S рело кхмеимнцн ондьхомхйю;;;;;;+
30TAHH841B2_CA.PV;;DI;P-3004S рело нонпмнцн ондьхомхйю;;;;;;+
30TAHH843A2_CA.PV;;DI;P-3005A рело кхмеимнцн ондьхомхйю;;;;;;+
30TAHH843B2_CA.PV;;DI;P-3005A рело нонпмнцн ондьхомхйю;;;;;;+
30TAHH845A2_CA.PV;;DI;P-3005S рело кхмеимнцн ондьхомхйю;;;;;;+
30TAHH845B2_CA.PV;;DI;P-3005S рело нонпмнцн ондьхомхйю;;;;;;+
30TAHH847A2_CA.PV;;DI;P-3006A рело кхмеимнцн ондьхомхйю;;;;;;+
30TAHH847B2_CA.PV;;DI;P-3006A рело нонпмнцн ондьхомхйю;;;;;;+
30TAHH849A2_CA.PV;;DI;P-3006S рело кхмеимнцн ондьхомхйю;;;;;;+
30TAHH849B2_CA.PV;;DI;P-3006S рело нонпмнцн ондьхомхйю;;;;;;+
30TAHH851A2_CA.PV;;DI;P-3012A рело кхмеимнцн ондьхомхйю;;;;;;+
30TAHH851B2_CA.PV;;DI;P-3012A рело нонпмнцн ондьхомхйю;;;;;;+
30TAHH853A2_CA.PV;;DI;P-3012S рело кхмеимнцн ондьхомхйю;;;;;;+
30TAHH853B2_CA.PV;;DI;P-3012S рело нонпмнцн ондьхомхйю;;;;;;+
30TAHH855A2_CA.PV;;DI;P-3013A рело кхмеимнцн ондьхомхйю;;;;;;+
30TAHH855B2_CA.PV;;DI;P-3013A рело нонпмнцн ондьхомхйю;;;;;;+
30TAHH857A2_CA.PV;;DI;P-3013S рело кхмеимнцн ондьхомхйю;;;;;;+
30TAHH857B2_CA.PV;;DI;P-3013S рело нонпмнцн ондьхомхйю;;;;;;+
30TAHH860A_CA.PV;;DI;P-3007A рело цеплерхгхпсчыхи ярюйюм;;;;;;+
30TAHH832A_CA.PV;;DI;P-3003S мюяня J рело.ондьхо.;;;;;;+
30TAHH863A_CA.PV;;DI;P-3022A рело цеплерхгхпсчыхи ярюйюм;;;;;;+
30TAHH866A_CA.PV;;DI;P-3017A рело цеплерхгхпсчыхи ярюйюм;;;;;;+
30TAHH890A_CA.PV;;DI;P-3007S рело цеплерхгхпсчыхи ярюйюм;;;;;;+
30TAHH896A_CA.PV;;DI;P-3017S рело цеплерхгхпсчыхи ярюйюм;;;;;;+
30TAHH901A_CA.PV;;DI;реокнбюъ йнмбейжхъ;;;;;;+
30TAHH750A_CA.PV;;DI;P-3026 мюяня T рело.ондьхо.;;;;;;+
30TAHH752A_CA.PV;;DI;P-3025 мюяня T рело.ондьхо.;;;;;;+
30TAHH754A_CA.PV;;DI;P-3021 мюяня T рело.ондьхо.;;;;;;+
30TAHH756A_CA.PV;;DI;P-3020 мюяня T рело.ондьхо.;;;;;;+
30TAHH784D2_CA.PV;;DI;C-3001A релоепюрспю пегепбсюпю люякю йюпрепю;;;;;;+
30TAHH801A_CA.PV;;DI;P-3001A мюяня р рело.ондьхо.;;;;;;+
30TAHH802A_CA.PV;;DI;P-3001A мюяня J рело.ондьхо.;;;;;;+
30TAHH803A_CA.PV;;DI;P-3001A мюяня J рело.ондьхо.;;;;;;+
30TAHH811A_CA.PV;;DI;P-3001S мюяня р рело.ондьхо.;;;;;;+
30TAHH812A_CA.PV;;DI;P-3001S мюяня J рело.ондьхо.;;;;;;+
30TAHH813A_CA.PV;;DI;P-3001S мюяня J рело.ондьхо.;;;;;;+
30TAHH821A_CA.PV;;DI;P-3003A мюяня р рело.ондьхо.;;;;;;+
30TAHH822A_CA.PV;;DI;P-3003A мюяня J рело.ондьхо.;;;;;;+
30TAHH823A_CA.PV;;DI;P-3003A мюяня J рело.ондьхо.;;;;;;+
30TAHH831A_CA.PV;;DI;P-3003S мюяня р рело.ондьхо.;;;;;;+
30TAHH884D2_CA.PV;;DI;C-3001S релоеп. пегепбсюпю люякю йюпрепю;;;;;;+
30XY909_ESD.PV;;DI;H-3001 30XV909 акнйхпнбйю;;;;;;+
30XY910_ESD.PV;;DI;H-3001 30XV910 акнйхпнбйю;;;;;;+
30XY911_ESD.PV;;DI;H-3001 30XV911 акнйхпнбйю;;;;;;+
30TI905ABC_MO.PV;;DI;рело. дшл. цюгнб мю бшу хг пюд. йюлепш б йнмбейж йюлепс;;;;;;+
30TI905ABC_MO.OP;;DI;рело. дшл. цюгнб мю бшу хг пюд. йюлепш б йнмбейж йюлепс;;;;;;+
30TI905ABC_MO.OP;;DO;рело. дшл. цюгнб мю бшу хг пюд. йюлепш б йнмбейж йюлепс;;;;;;+
30TI905ABC_MO.MD;;DI;рело. дшл. цюгнб мю бшу хг пюд. йюлепш б йнмбейж йюлепс;;;;;;+
30TI032ABC_MO.PV;;DI;р яшпэъ хг м-3001 / 1 глеебхй;;;;;;+
30TI032ABC_MO.OP;;DI;р яшпэъ хг м-3001 / 1 глеебхй;;;;;;+
30TI032ABC_MO.OP;;DO;р яшпэъ хг м-3001 / 1 глеебхй;;;;;;+
30TI032ABC_MO.MD;;DI;р яшпэъ хг м-3001 / 1 глеебхй;;;;;;+
30TI156ABC_MO.PV;;DI;р яшпэъ хг м-3001 / 2 глеебхй;;;;;;+
30TI156ABC_MO.OP;;DI;р яшпэъ хг м-3001 / 2 глеебхй;;;;;;+
30TI156ABC_MO.OP;;DO;р яшпэъ хг м-3001 / 2 глеебхй;;;;;;+
30TI156ABC_MO.MD;;DI;р яшпэъ хг м-3001 / 2 глеебхй;;;;;;+
30TI157ABC_MO.PV;;DI;р яшпэъ хг м-3001 / 3 глеебхй;;;;;;+
30TI157ABC_MO.OP;;DI;р яшпэъ хг м-3001 / 3 глеебхй;;;;;;+
30TI157ABC_MO.OP;;DO;р яшпэъ хг м-3001 / 3 глеебхй;;;;;;+
30TI157ABC_MO.MD;;DI;р яшпэъ хг м-3001 / 3 глеебхй;;;;;;+
30TI158ABC_MO.PV;;DI;р яшпэъ хг м-3001 / 4 глеебхй;;;;;;+
30TI158ABC_MO.OP;;DI;р яшпэъ хг м-3001 / 4 глеебхй;;;;;;+
30TI158ABC_MO.OP;;DO;р яшпэъ хг м-3001 / 4 глеебхй;;;;;;+
30TI158ABC_MO.MD;;DI;р яшпэъ хг м-3001 / 4 глеебхй;;;;;;+
30PI143ABC_MO.PV;;DI;п яшпэъ хг м-3001 / глеебхй 1;;;;;;+
30PI143ABC_MO.OP;;DI;п яшпэъ хг м-3001 / глеебхй 1;;;;;;+
30PI143ABC_MO.OP;;DO;п яшпэъ хг м-3001 / глеебхй 1;;;;;;+
30PI143ABC_MO.MD;;DI;п яшпэъ хг м-3001 / глеебхй 1;;;;;;+
30PI162ABC_MO.PV;;DI;п яшпэъ хг м-3001 / глеебхй 2;;;;;;+
30PI162ABC_MO.OP;;DI;п яшпэъ хг м-3001 / глеебхй 2;;;;;;+
30PI162ABC_MO.OP;;DO;п яшпэъ хг м-3001 / глеебхй 2;;;;;;+
30PI162ABC_MO.MD;;DI;п яшпэъ хг м-3001 / глеебхй 2;;;;;;+
30PI163ABC_MO.PV;;DI;п яшпэъ хг м-3001 / глеебхй 3;;;;;;+
30PI163ABC_MO.OP;;DI;п яшпэъ хг м-3001 / глеебхй 3;;;;;;+
30PI163ABC_MO.OP;;DO;п яшпэъ хг м-3001 / глеебхй 3;;;;;;+
30PI163ABC_MO.MD;;DI;п яшпэъ хг м-3001 / глеебхй 3;;;;;;+
30PI164ABC_MO.PV;;DI;п яшпэъ хг м-3001 / глеебхй 4;;;;;;+
30PI164ABC_MO.OP;;DI;п яшпэъ хг м-3001 / глеебхй 4;;;;;;+
30PI164ABC_MO.OP;;DO;п яшпэъ хг м-3001 / глеебхй 4;;;;;;+
30PI164ABC_MO.MD;;DI;п яшпэъ хг м-3001 / глеебхй 4;;;;;;+
30HS937A.PV;;DI;наунд реярю мю цеплерхвмнярэ;;;;;;+
30HS937A.OP;;DI;наунд реярю мю цеплерхвмнярэ;;;;;;+
30HS937A.OP;;DO;наунд реярю мю цеплерхвмнярэ;;;;;;+
30HS938A.PV;;DI;наунд опндсбйх;;;;;;+
30HS938A.OP;;DI;наунд опндсбйх;;;;;;+
30HS938A.OP;;DO;наунд опндсбйх;;;;;;+
30XY875_ESD.PV;;DI;C-3001A 30XV875A/B/C/D акнйхпнбйю;;;;;;+
30XY975_ESD.PV;;DI;C-3001S 30XV975A/B/C/D акнйхпнбйю;;;;;;+
30XY875A_ESD.PV;;DI;C-3001A 30XV875A акнйхпнбйю;;;;;;+
30XY875B_ESD.PV;;DI;C-3001A 30XV875B акнйхпнбйю;;;;;;+
30XY875C_ESD.PV;;DI;C-3001A 30XV875C акнйхпнбйю;;;;;;+
30XY875D_ESD.PV;;DI;C-3001A 30XV875D акнйхпнбйю;;;;;;+
30XY975A_ESD.PV;;DI;C-3001S 30XV975A акнйхпнбйю;;;;;;+
30XY975B_ESD.PV;;DI;C-3001S 30XV975B акнйхпнбйю;;;;;;+
30XY975C_ESD.PV;;DI;C-3001S 30XV975C акнйхпнбйю;;;;;;+
30HS047A_MO.PV;;DI;C-3001A юбюпхимши нярюмнб;;;;;;+
30HS047A_MO.OP;;DI;C-3001A юбюпхимши нярюмнб;;;;;;+
30HS047A_MO.OP;;DO;C-3001A юбюпхимши нярюмнб;;;;;;+
30HS047A_MO.MD;;DI;C-3001A юбюпхимши нярюмнб;;;;;;+
30XY975D_ESD.PV;;DI;C-3001S 30XV975D акнйхпнбйю;;;;;;+
30HS048A_MO.PV;;DI;C-3001S юбюпхимши нярюмнб;;;;;;+
30HS048A_MO.OP;;DI;C-3001S юбюпхимши нярюмнб;;;;;;+
30HS048A_MO.OP;;DO;C-3001S юбюпхимши нярюмнб;;;;;;+
30HS048A_MO.MD;;DI;C-3001S юбюпхимши нярюмнб;;;;;;+
30HS899_MO.PV;;DI;C-3001 юбюпхимши нярюмнб;;;;;;+
30HS899_MO.OP;;DI;C-3001 юбюпхимши нярюмнб;;;;;;+
30HS899_MO.OP;;DO;C-3001 юбюпхимши нярюмнб;;;;;;+
30HS899_MO.MD;;DI;C-3001 юбюпхимши нярюмнб;;;;;;+
30HS941B_MO.PV;;DI;м-3001 ймнойю нрйк кхмхх охкнр цюгю мю кнй оюмекх;;;;;;+
30HS941B_MO.OP;;DI;м-3001 ймнойю нрйк кхмхх охкнр цюгю мю кнй оюмекх;;;;;;+
30HS941B_MO.OP;;DO;м-3001 ймнойю нрйк кхмхх охкнр цюгю мю кнй оюмекх;;;;;;+
30HS941B_MO.MD;;DI;м-3001 ймнойю нрйк кхмхх охкнр цюгю мю кнй оюмекх;;;;;;+
30HS942B_MO.PV;;DI;м-3001 ймнойю нрйк кхмхх ням цюгю мю кнй оюмекх;;;;;;+
30HS942B_MO.OP;;DI;м-3001 ймнойю нрйк кхмхх ням цюгю мю кнй оюмекх;;;;;;+
30HS942B_MO.OP;;DO;м-3001 ймнойю нрйк кхмхх ням цюгю мю кнй оюмекх;;;;;;+
30HS942B_MO.MD;;DI;м-3001 ймнойю нрйк кхмхх ням цюгю мю кнй оюмекх;;;;;;+
30HS943B_MO.PV;;DI;м-3001 ймнойю нрйк кхмхх люгсрю мю кнй оюмекх;;;;;;+
30HS943B_MO.OP;;DI;м-3001 ймнойю нрйк кхмхх люгсрю мю кнй оюмекх;;;;;;+
30HS943B_MO.OP;;DO;м-3001 ймнойю нрйк кхмхх люгсрю мю кнй оюмекх;;;;;;+
30HS943B_MO.MD;;DI;м-3001 ймнойю нрйк кхмхх люгсрю мю кнй оюмекх;;;;;;+
30HS018C_A.PV;;DI;H-3001 юбюпхимши нярюмнб я кнйюкэмни оюмекх;;;;;;+
30HS047A_A.PV;;DI;C-3001A юбюпхимши нярюмнб я кнй. оюмекх;;;;;;+
30HS048A_A.PV;;DI;C-3001S юбюпхимши нярюмнб я кнй. оюмекх;;;;;;+
30HS899_A.PV;;DI;C-3001 юбюпхимши нярюмнб;;;;;;+
30-I037-PILOT.PV;;DI;I-037 PILOT меяннрберярбхе онкнфемхъ йнлюмде;;;;;;+
30-I037-MAZUT.PV;;DI;I-037 MAZUT меяннрберярбхе онкнфемхъ йнлюмде;;;;;;+
30-I037-HV900.PV;;DI;I-037 H900 меяннрберярбхе онкнфемхъ йнлюмде;;;;;;+
30HS941B_A.PV;;DI;м-3001 ймнойю нрйк кхмхх охкнр цюгю мю кнй оюмекх;;;;;;+
30HS942B_A.PV;;DI;м-3001 ймнойю нрйк кхмхх ням цюгю мю кнй оюмекх;;;;;;+
30HS943B_A.PV;;DI;м-3001 ймнойю нрйк кхмхх люгсрю мю кнй оюмекх;;;;;;+
30HSRES_SEQ.PV;;DI;яапня онякеднбюрекэмнярх м-3001;;;;;;+
30HSRES_SEQ.OP;;DI;яапня онякеднбюрекэмнярх м-3001;;;;;;+
30HSRES_SEQ.OP;;DO;яапня онякеднбюрекэмнярх м-3001;;;;;;+
43LI402A_TF.PV;;DI;юрл. нярюрнй й P-4301501AX. дюрвхй;;;;;;
43LI406A_TF.PV;;DI;юрл. нярюрнй й P-4301501SX. дюрвхй;;;;;;
43LI410A_TF.PV;;DI;мейнмдхжхъ й P-4301502AX. дюрвхй;;;;;;
43LI414A_TF.PV;;DI;мейнмдхжхъ й P-4301502SX. дюрвхй;;;;;;
43LI418A_TF.PV;;DI;нвхы. бндю б P-4301503AX. дюрвхй;;;;;;
43LI422A_TF.PV;;DI;нвхы. бндю й P-4301503SX. дюрвхй;;;;;;
43LI438A_TF.PV;;DI;кбц й P-4301505AX. дюрвхй;;;;;;
43LI442A_TF.PV;;DI;кбц й P-4301505SX. дюрвхй;;;;;;
43LI446A_TF.PV;;DI;дхг. тпюйжхъ й P-4301506AX. дюрвхй;;;;;;
43LI450A_TF.PV;;DI;дхг. тпюйжхъ й P-4301506SX. дюрвхй;;;;;;
43LI454A_TF.PV;;DI;рбц й P-4301507AX. дюрвхй;;;;;;
43LI458A_TF.PV;;DI;рбц й P-4301507SX. дюрвхй;;;;;;
43LI461A_TF.PV;;DI;нук. фхдйнярэ й P-4301508SX. дюрвхй;;;;;;
43LI466A_TF.PV;;DI;нук. фхдйнярэ й P-4301508AX. дюрвхй;;;;;;
43LALL402A_CA.PV;;DI;юрл. нярюрнй й P-4301501AX. яхцмюкхгюжхъ;;;;;;
43LALL406A_CA.PV;;DI;юрл. нярюрнй й P-4301501SX. яхцмюкхгюжхъ;;;;;;
43LALL410A_CA.PV;;DI;мейнмдхжхъ й P-4301502AX. яхцмюкхгюжхъ;;;;;;
43LALL414A_CA.PV;;DI;мейнмдхжхъ й P-4301502SX. яхцмюкхгюжхъ;;;;;;
43LALL418A_CA.PV;;DI;нвхы. бндю б P-4301503AX. яхцмюкхгюжхъ;;;;;;
43LALL422A_CA.PV;;DI;нвхы. бндю й P-4301503SX. яхцмюкхгюжхъ;;;;;;
43LALL438A_CA.PV;;DI;кбц й P-4301505AX. яхцмюкхгюжхъ;;;;;;
43LALL442A_CA.PV;;DI;кбц й P-4301505SX. яхцмюкхгюжхъ;;;;;;
43LALL446A_CA.PV;;DI;дхг. тпюйжхъ й P-4301506AX. яхцмюкхгюжхъ;;;;;;
30HSXV016.PV;;DI;ймнойю бгбндю йкюоюмю 30XV016;;;;;;+
30HSXV015.PV;;DI;ймнойю бгбндю йкюоюмю 30XV015;;;;;;+
30HSXV054.PV;;DI;ймнойю бгбндю йкюоюмю 30XV054;;;;;;+
30HSXV070.PV;;DI;ймнойю бгбндю йкюоюмю 30XV070;;;;;;+
30HSXV074.PV;;DI;ймнойю бгбндю йкюоюмю 30XV074;;;;;;+
30HSXV075.PV;;DI;ймнойю бгбндю йкюоюмю 30XV075;;;;;;+
30HSXV079.PV;;DI;ймнойю бгбндю йкюоюмю 30XV079;;;;;;+
30HSXV088.PV;;DI;ймнойю бгбндю йкюоюмю 30XV088;;;;;;+
30HSHV007.PV;;DI;ймнойю бгбндю йкюоюмю 30HV007;;;;;;+
30HSHV008.PV;;DI;ймнойю бгбндю йкюоюмю 30HV008;;;;;;+
30HSHV009.PV;;DI;ймнойю бгбндю йкюоюмю 30HV009;;;;;;+
30HSHV010.PV;;DI;ймнойю бгбндю йкюоюмю 30HV010;;;;;;+
30HSPV026.PV;;DI;ймнойю бгбндю йкюоюмю 30PV026;;;;;;+
30FALL777A1_CA.PV;;DI;F нук бндш хг я-3001ю / 1 жхкхмдп;;;;;;+
30FALL777B1_CA.PV;;DI;F нук бндш хг я-3001ю / 2 жхкхмдп;;;;;;+
30FI777A1_TF.PV;;DI;C-3001A онрнй нукюфд.бндш бшунд жхкхмдп 1;;;;;;+
30FI777B1_TF.PV;;DI;C-3001A онрнй нукюфд.бндш бшунд жхкхмдп 2;;;;;;+
30FALL777A2_CA.PV;;DI;F нук бндш хг я-3001ю / 1 жхкхмдп;;;;;;+
30FALL777B2_CA.PV;;DI;F нук бндш хг я-3001ю / 2 жхкхмдп;;;;;;+
30FI777A2_TF.PV;;DI;C-3001A онрнй нукюфд.бндш бшунд жхкхмдп 1;;;;;;+
30FI777B2_TF.PV;;DI;C-3001A онрнй нукюфд.бндш бшунд жхкхмдп 2;;;;;;+
30FALL790A1_CA.PV;;DI;F нук бндш б я-3001ю/S;;;;;;+
30FI790A1_TF.PV;;DI;C-3001A/S онрнй ондювх нукюфд.бндш;;;;;;+
30FALL790A2_CA.PV;;DI;F нук бндш б я-3001ю/S;;;;;;+
30FI790A2_TF.PV;;DI;C-3001A/S онрнй ондювх нукюфд.бндш;;;;;;+
30FALL877A1_CA.PV;;DI;F нук бндш хг я-3001S / 1 жхкхмдп;;;;;;+
30FALL877B1_CA.PV;;DI;F нук бндш хг я-3001S / 2 жхкхмдп;;;;;;+
30FI877A1_TF.PV;;DI;C-3001S онрнй нукюфд.бндш бшунд жхкхмдп 1;;;;;;+
30FI877B1_TF.PV;;DI;C-3001S онрнй нукюфд.бндш бшунд жхкхмдп 2;;;;;;+
30FALL877A2_CA.PV;;DI;F нук бндш хг я-3001S / 1 жхкхмдп;;;;;;+
30FALL877B2_CA.PV;;DI;F нук бндш хг я-3001S / 2 жхкхмдп;;;;;;+
30FI877A2_TF.PV;;DI;C-3001S онрнй нукюфд.бндш бшунд жхкхмдп 1;;;;;;+
30FI877B2_TF.PV;;DI;C-3001S онрнй нукюфд.бндш бшунд жхкхмдп 2;;;;;;+
30PALL056A_CA.PV;;DI;V-3005;;;;;;+
30PAHH056A_CA.PV;;DI;V-3005;;;;;;+
30PI056A_TF.PV;;DI;дюбкемхе б V-3005;;;;;;+
30PALL056A_PA.PV;;DI;V-3005;;;;;;+
30PAHH056A_PA.PV;;DI;V-3005;;;;;;+
30ZSLL877A.PV;;DI;C-3001A йнмжебни бшйкчвюрекэ йнфсую люунбхйю;;;;;;+
30ZSLL878A.PV;;DI;C-3001A йнмжебни бшйкчвюрекэ лстрш;;;;;;+
30ZSLL977A.PV;;DI;C-3001S йнмжебни бшйкчвюрекэ йнфсую люунбхйю;;;;;;+
30ZSLL978A.PV;;DI;C-3001S йнмжебни бшйкчвюрекэ лстрш;;;;;;+
43LALL450A_CA.PV;;DI;дхг. тпюйжхъ й P-4301506SX. яхцмюкхгюжхъ;;;;;;
43LALL454A_CA.PV;;DI;рбц й P-4301507AX. яхцмюкхгюжхъ;;;;;;
43LALL458A_CA.PV;;DI;рбц й P-4301507SX. яхцмюкхгюжхъ;;;;;;
43LALL461A_CA.PV;;DI;нук. фхдйнярэ й P-4301508SX. яхцмюкхгюжхъ;;;;;;
43LALL466A_CA.PV;;DI;нук. фхдйнярэ й P-4301508AX. яхцмюкхгюжхъ;;;;;;
30LSLL883A_TF.PV;;DI;C-3001A спнбемэ пегепбсюпю люякю жхкхмдп;;;;;;+
30LSLL983A_TF.PV;;DI;C-3001S спнбемэ пегепбсюпю люякю жхкхмдп;;;;;;+
30LSLL883A_CA.PV;;DI;C-3001A спнбемэ пегепбсюпю люякю жхкхмдп;;;;;;+
30LSLL983A_CA.PV;;DI;C-3001S спнбемэ пегепбсюпю люякю жхкхмдп;;;;;;+
00XA301E01P05.PV;;DI;IB-30-1 ьйют ESD-01 мехяопюбмнярэ хо 05;;;;;;++
00XA301E01P06.PV;;DI;IB-30-1 ьйют ESD-01 мехяопюбмнярэ хо 06;;;;;;++
30FALL777A_FU.PV;;DI;F нук бндш хг я-3001ю / 1 жхкхмдп;;;;;;+
30FALL777B_FU.PV;;DI;F нук бндш хг я-3001ю / 2 жхкхмдп;;;;;;+
30FALL790A_FU.PV;;DI;F нук бндш б я-3001ю;;;;;;+
30FALL877A_FU.PV;;DI;F нук бндш хг я-3001S / 1 жхкхмдп;;;;;;+
30FALL877B_FU.PV;;DI;F нук бндш хг я-3001S / 2 жхкхмдп;;;;;;+
30FALL790S_FU.PV;;DI;F нук бндш б я-3001S;;;;;;+
30VSHH875.PV;;DI;C-3001A бхапюжхъ йюпрепю бепрхйюкэмюъ;;;;;;+
30VSHH875A.PV;;DI;C-3001A бхапюжхъ йюпрепю бепрхйюкэмюъ;;;;;;+
30VSHH876.PV;;DI;C-3001A бхапюжхъ йюпрепю цнпхгнмрюкэмюъ;;;;;;+
30VSHH876A.PV;;DI;C-3001A бхапюжхъ йюпрепю цнпхгнмрюкэмюъ;;;;;;+
30VSHH975.PV;;DI;C-3001S бхапюжхъ йюпрепю бепрхйюкэмюъ;;;;;;+
30VSHH975A.PV;;DI;C-3001S бхапюжхъ йюпрепю бепрхйюкэмюъ;;;;;;+
30VSHH976.PV;;DI;C-3001S бхапюжхъ йюпрепю цнпхгнмрюкэмюъ;;;;;;+
30VSHH976A.PV;;DI;C-3001S бхапюжхъ йюпрепю цнпхгнмрюкэмюъ;;;;;;+
30XSC002C.PV;;DI;30XSC002C - цнрнбмнярэ й гюйпшрхч;;;;;;+
30XSC023C.PV;;DI;30XSC023C - цнрнбмнярэ й гюйпшрхч;;;;;;+
30XSC030C.PV;;DI;30XSC030C - цнрнбмнярэ й гюйпшрхч;;;;;;+
30XSC093C.PV;;DI;30XSC093C - цнрнбмнярэ й гюйпшрхч;;;;;;+
30XSC094C.PV;;DI;30XSC094C - цнрнбмнярэ й гюйпшрхч;;;;;;+
30XSC096C.PV;;DI;30XSC096C - цнрнбмнярэ й гюйпшрхч;;;;;;+
43LALL922B_CA.PV;;DI;рнонвм. люгср й P-4301504 2SX. яхцмюкхгюжхъ;;;;;;
43LALL920.PV;;DI;рнонвм. люгср й P-4301504 AX. хмхжхюрнп акнй-йх;;;;;;
43LALL921.PV;;DI;рнонвм. люгср й P-4301504 1SX. хмхжхюрнп акнй-йх;;;;;;
43LALL922.PV;;DI;рнонвм. люгср й P-4301504 2SX. хмхжхюрнп акнй-йх;;;;;;
43LS920A_TF.PV;;DI;рнонвм. люгср й P-4301504 AX. дюрвхй;;;;;;
43LS920B_TF.PV;;DI;рнонвм. люгср й P-4301504 AX. дюрвхй;;;;;;
43LS921A_TF.PV;;DI;рнонвм. люгср й P-4301504 1SX. дюрвхй;;;;;;
43LS921B_TF.PV;;DI;рнонвм. люгср й P-4301504 1SX. дюрвхй;;;;;;
43LS922A_TF.PV;;DI;рнонвм. люгср й P-4301504 2SX. дюрвхй;;;;;;
43LS922B_TF.PV;;DI;рнонвм. люгср й P-4301504 2SX. дюрвхй;;;;;;
IB301_ESD1_CF_ALM.PV;;DI;яани йнмрпнккепю ESD301_1;;;;;;++
IB431_ESD1_CF_ALM.PV;;DI;мЕХЯОПЮБМНЯРЭ ОН ДХЮЦМНЯРХЙЕ ЙНМРПНККЕПЮ ESD_431_1;;;;;;
30XA947B1.PV;;DI;H-3001 онфюп бмсрпх оевх (кюлою);;;;;;+
30HSC3001AS.PV;;DI;C-3001A/S оЕПЕЙКЧВЮРЕКЭ ЯРЮРСЯЮ ПЮАНВЕЦН ЙНЛОПЕЯЯНПЮ;;;;;;+
30HSC3001AS.OP;;DI;C-3001A/S оЕПЕЙКЧВЮРЕКЭ ЯРЮРСЯЮ ПЮАНВЕЦН ЙНЛОПЕЯЯНПЮ;;;;;;+
30HSC3001AS.OP;;DO;C-3001A/S оЕПЕЙКЧВЮРЕКЭ ЯРЮРСЯЮ ПЮАНВЕЦН ЙНЛОПЕЯЯНПЮ;;;;;;+
30HSC3001AS_FLT.PV;;DI;C-3001A/S мЕОПЮБХКЭМН БШАПЮМ ПЮАНВХИ ЙНЛОПЕЯЯНП;;;;;;+
30HA047A_PA.PV;;DI;я-3001ю юбюпхимши нярюмнб;;;;;;+
30HA048A_PA.PV;;DI;я-3001S юбюпхимши нярюмнб;;;;;;+
30HA899_PA.PV;;DI;я-3001 юбюпхимши нярюмнб;;;;;;+
30HA047A.PV;;DI;C-3001A юбюпхимши нярюмнб;;;;;;+
30HA048A.PV;;DI;C-3001S юбюпхимши нярюмнб;;;;;;+
30HA899.PV;;DI;C-3001A юбюпхимши нярюмнб;;;;;;+
30HS018C_2.PV;;DI;H-3001 юбюпхимши нярюмнб я кнйюкэмни оюмекх;;;;;;+
30HS047A_2.PV;;DI;я-3001ю юбюпхимши нярюмнб йнмрюйр 2;;;;;;+
30HS048A_2.PV;;DI;я-3001S юбюпхимши нярюмнб ймнойю 2;;;;;;+
30HS899_2.PV;;DI;я-3001 юбюпхимши нярюмнб;;;;;;+
30PAHH907A_CA.PV;;DI;пюгпефемхе. дшлнбше цюгш мю оепебюке м-3001;;;;;;+
30PDALL912A_CA.PV;;DI;п оепеоюд фхд.рнокхбн/бнд оюп б оевх H-3001;;;;;;+
30TAHH058A_CA.PV;;DI;йхякши цюгмю мюцмерюмхх я-3001ю;;;;;;+
30TAHH059A_CA.PV;;DI;йхякши цюгмю мюцмерюмхх я-3001S;;;;;;+
30TAHH107A_CA.PV;;DI;бндъмни оюп хг J-3001;;;;;;+
30LI021_TF.PV;;DI;L б V-3005 /яеоюпюрнп йхяк цюгю;;;;;;+
30LI039_TF.PV;;DI;L б V-3021 /╗лйнярэ юмрхтпхгю;;;;;;+
30LI063_TF.PV;;DI;L б V3017 /яеоюпюрнп рнок. цюгю;;;;;;+
30PDI912A_TF.PV;;DI;п оепеоюд фхд.рнокхбн/бнд оюп б оевх H-3001;;;;;;+
30PI064_TF.PV;;DI;мюцмерюмхе C-3001A;;;;;;+
30PI065_TF.PV;;DI;мюцмерюмхе C-3001S;;;;;;+
30PI074B_TF.PV;;DI;T-3003 (бепу йнкнммш);;;;;;+
30PI907A_TF.PV;;DI;дюбкемхе дшлнбшу цюгнб мю оепебюке;;;;;;+
30PI943_TF.PV;;DI;H-3001 бнгдсу оепед тнпясмйюлх;;;;;;+
30TI058A_TF.PV;;DI;йхякши цюгмю мюцмерюмхх я-3001ю;;;;;;+
30TI059A_TF.PV;;DI;р цюг мюцмерюмхе C-3001S;;;;;;+
30TI107A_TF.PV;;DI;бндъмни оюп хг J-3001;;;;;;+
43LALL469_CA.PV;;DI;дпемюф метреоп. б F-4301501. яхцмюкхгюжхъ;;;;;;
43PALL564_CA.PV;;DI;йнккейрнп бнгдсую йхо. яхцмюкхгюжхъ;;;;;;
43LI469_TF.PV;;DI;спнбемэ. метреопндсйрш. дпемюф б F-4301501;;;;;;
43PI564_TF.PV;;DI;дюбкемхе. бнгдсу йхо. йнккейрнп;;;;;;
30LSLL009_TF.PV;;DI;спнбемэ мхфмхи б р-3001 (20-ъ рюпекйю);;;;;;+
30AI950AC_MO.PV;;DI;яндепфюмхе йхякнпндю б дшлнбшу цюгюу оевх H-3001;;;;;;+
30AI950AC_MO.OP;;DI;яндепфюмхе йхякнпндю б дшлнбшу цюгюу оевх H-3001;;;;;;+
30AI950AC_MO.OP;;DO;яндепфюмхе йхякнпндю б дшлнбшу цюгюу оевх H-3001;;;;;;+
30AI950AC_MO.MD;;DI;яндепфюмхе йхякнпндю б дшлнбшу цюгюу оевх H-3001;;;;;;+
51HA057.PV;;DI;цпсоо. нрйк. нанп. 3 цпсоош (я йнмянкх);;;;;;
51HS602_MO.PV;;DI;деакнйхпнбйю накюярх 5140;;;;;;
51HS903_MO.PV;;DI;деакнйхпнбйю накюярх 5140S;;;;;;
51HS904_MO.PV;;DI;деакнйхпнбйю накюярх 5100;;;;;;
51XSC044.PV;;DI;щк. гюдбхфйю Z-5110 - гюйпшрю;;;;;;
51XSF044.PV;;DI;щк. гюдбхфйю Z-5110 - гюйкхмхкн;;;;;;
51XSO044.PV;;DI;щк. гюдбхфйю Z-5110 - нрйпшрю;;;;;;
51XSC045.PV;;DI;щк. гюдбхфйю Z-5113 - гюйпшрю;;;;;;
51XSF045.PV;;DI;щк. гюдбхфйю Z-5113 - гюйкхмхкн;;;;;;
51XSO045.PV;;DI;щк. гюдбхфйю Z-5113 - нрйпшрю;;;;;;
52HS925_MO.PV;;DI;деакнйхпнбйю накюярх 5200;;;;;;
52XSC015.PV;;DI;щк. гюдбхфйю Z-5201 - гюйпшрю;;;;;;
52XSF015.PV;;DI;щк. гюдбхфйю Z-5201 - гюйкхмхкн;;;;;;
52XSO015.PV;;DI;щк. гюдбхфйю Z-5201 - нрйпшрю;;;;;;
52TI992A_TF.PV;;DI;релоепюрспю онкебнцн ондьхомхйю п-5201S;;;;;;
52TI992B_TF.PV;;DI;релоепюрспю оепедмецн ондьхомхйю п-5201S;;;;;;
52TI995A_TF.PV;;DI;релоепюрспю онкебнцн ондьхомхйю п-5203;;;;;;
52TI995B_TF.PV;;DI;релоепюрспю оепедмецн ондьхомхйю п-5203;;;;;;
52TI996A_TF.PV;;DI;релоепюрспю онкебнцн ондьхомхйю п-5203S;;;;;;
52TI996B_TF.PV;;DI;релоепюрспю оепедмецн ондьхомхйю п-5203S;;;;;;
52TAHH901A.PV;;DI;релоепюрспю онкебнцн ондьхомхйю п-5202;;;;;;
52TAHH901A_CA.PV;;DI;релоепюрспю онкебнцн ондьхомхйю п-5202;;;;;;
52TAHH901B.PV;;DI;релоепюрспю оепедмецн ондьхомхйю п-5202;;;;;;
52TAHH901B_CA.PV;;DI;релоепюрспю оепедмецн ондьхомхйю п-5202;;;;;;
52TAHH903A.PV;;DI;релоепюрспю онкебнцн ондьхомхйю п-5202S;;;;;;
52TAHH903A_CA.PV;;DI;релоепюрспю онкебнцн ондьхомхйю п-5202S;;;;;;
52TAHH903B.PV;;DI;релоепюрспю оепедмецн ондьхомхйю п-5202S;;;;;;
52TAHH903B_CA.PV;;DI;релоепюрспю оепедмецн ондьхомхйю п-5202S;;;;;;
52TAHH905A.PV;;DI;релоепюрспю онкебнцн ондьхомхйю п-5204;;;;;;
52TAHH905A_CA.PV;;DI;релоепюрспю онкебнцн ондьхомхйю п-5204;;;;;;
52TAHH905B.PV;;DI;релоепюрспю оепедмецн ондьхомхйю п-5204;;;;;;
52TAHH905B_CA.PV;;DI;релоепюрспю оепедмецн ондьхомхйю п-5204;;;;;;
52TAHH907A.PV;;DI;релоепюрспю онкебнцн ондьхомхйю п-5204S;;;;;;
52TAHH907A_CA.PV;;DI;релоепюрспю онкебнцн ондьхомхйю п-5204S;;;;;;
52TAHH907B.PV;;DI;релоепюрспю оепедмецн ондьхомхйю п-5204S;;;;;;
52TAHH907B_CA.PV;;DI;релоепюрспю оепедмецн ондьхомхйю п-5204S;;;;;;
51VSHH975_1.PV;;DI;бхапюжхъ йюпрепю бепрхйюкэмюъ C-5140S;;;;;;
51VSHH975_2.PV;;DI;бхапюжхъ йюпрепю бепрхйюкэмюъ C-5140S;;;;;;
51VSHH976_1.PV;;DI;бхапюжхъ йюпрепю цнпхгнмрюкэмюъ C-5140S;;;;;;
51VSHH976_2.PV;;DI;бхапюжхъ йюпрепю цнпхгнмрюкэмюъ C-5140S;;;;;;
51ZSLL927.PV;;DI;йнмжебни бшйкчв. йнфсую люунбхйю C-5140;;;;;;
51ZSLL928.PV;;DI;йнмжебни бшйкчв. лстрш C-5140;;;;;;
51ZSLL977.PV;;DI;йнмжебни бшйкчв. йнфсую люунбхйю C-5140S;;;;;;
51ZSLL978.PV;;DI;йнмжебни бшйкчв. лстрш C-5140S;;;;;;
52HS025A.PV;;DI;цпсоо. нрйк. нанп. 1 цпсоош (я йнмянкх);;;;;;
52HS025B.PV;;DI;цпсоо. нрйк. нанп. 1 цпсоош (я йнмянкх);;;;;;
52HS026A.PV;;DI;цпсоо. нрйк. нанп. 2 цпсоош (я йнмянкх);;;;;;
52HS026B.PV;;DI;цпсоо. нрйк. нанп. 2 цпсоош (я йнмянкх);;;;;;
52HS027A.PV;;DI;цпсоо. нрйк. нанп. 3 цпсоош (я йнмянкх);;;;;;
52HS027B.PV;;DI;цпсоо. нрйк. нанп. 3 цпсоош (я йнмянкх);;;;;;
52HS028A.PV;;DI;цпсоо. нрйк. нанп. 4 цпсоош (я йнмянкх);;;;;;
52HS028B.PV;;DI;цпсоо. нрйк. нанп. 4 цпсоош (я йнмянкх);;;;;;
52HS029A.PV;;DI;цпсоо. нрйк. нанп. 1 цпсоош (он леярс);;;;;;
52HS029B.PV;;DI;цпсоо. нрйк. нанп. 1 цпсоош (он леярс);;;;;;
52HS030A.PV;;DI;цпсоо. нрйк. нанп. 2 цпсоош (он леярс);;;;;;
52HS030B.PV;;DI;цпсоо. нрйк. нанп. 2 цпсоош (он леярс);;;;;;
52HS031A.PV;;DI;цпсоо. нрйк. нанп. 3 цпсоош (он леярс);;;;;;
52HS031B.PV;;DI;цпсоо. нрйк. нанп. 3 цпсоош (он леярс);;;;;;
52XSC018.PV;;DI;щк. гюдбхфйю Z-5111 - гюйпшрю;;;;;;
52XSC019.PV;;DI;щк. гюдбхфйю Z-5112 - гюйпшрю;;;;;;
52XSF018.PV;;DI;щк. гюдбхфйю Z-5111 - гюйкхмхкн;;;;;;
52XSF019.PV;;DI;щк. гюдбхфйю Z-5112 - гюйкхмхкн;;;;;;
52XSO018.PV;;DI;щк. гюдбхфйю Z-5111 - нрйпшрю;;;;;;
52XSO019.PV;;DI;щк. гюдбхфйю Z-5112 - нрйпшрю;;;;;;
51HY991.PV;;DI;C-5140S. БЯОНЛ ЛЮЯК МЮЯНЯ P1S ЮБРНЯРЮПР;;;;;;
51XY001.PV;;DI;P-5100. юбюпхимне нрйкчвемхе;;;;;;
51XY002.PV;;DI;P-5100S. юбюпхимне нрйкчвемхе;;;;;;
51XY003.PV;;DI;P-5161. юбюпхимне нрйкчвемхе;;;;;;
51XY004.PV;;DI;P-5102. юбюпхимне нрйкчвемхе;;;;;;
51XY005.PV;;DI;P-5102S. юбюпхимне нрйкчвемхе;;;;;;
51XY006.PV;;DI;P-5103. юбюпхимне нрйкчвемхе;;;;;;
51XY007.PV;;DI;P-5105. юбюпхимне нрйкчвемхе;;;;;;
51XY008.PV;;DI;P-5105S. юбюпхимне нрйкчвемхе;;;;;;
51XY009.PV;;DI;P-5106. юбюпхимне нрйкчвемхе;;;;;;
51XY010.PV;;DI;P-5108. юбюпхимне нрйкчвемхе;;;;;;
51XY011.PV;;DI;P-5109. юбюпхимне нрйкчвемхе;;;;;;
51XY012.PV;;DI;P-5110. юбюпхимне нрйкчвемхе;;;;;;
51XY013.PV;;DI;P-5110S. юбюпхимне нрйкчвемхе;;;;;;
51XY014.PV;;DI;P-5115. юбюпхимне нрйкчвемхе;;;;;;
51XY015.PV;;DI;P-5115S. юбюпхимне нрйкчвемхе;;;;;;
51XY016.PV;;DI;P-5120. юбюпхимне нрйкчвемхе;;;;;;
51XY017.PV;;DI;P-5120S. юбюпхимне нрйкчвемхе;;;;;;
51XY018.PV;;DI;P-5121. юбюпхимне нрйкчвемхе;;;;;;
51XY019.PV;;DI;P-5121S. юбюпхимне нрйкчвемхе;;;;;;
51XY020.PV;;DI;P-5130. юбюпхимне нрйкчвемхе;;;;;;
51XY021.PV;;DI;P-5130S. юбюпхимне нрйкчвемхе;;;;;;
51PDI888B_TF.PV;;DI;оепеоюд п цюгю он 2-ни ярсоемх C-5140S;;;;;;
51PDAHH838A.PV;;DI;оепеоюд п цюгю он 1-ни ярсоемх C-5140;;;;;;
51PDAHH838A_CA.PV;;DI;оепеоюд п цюгю он 1-ни ярсоемх C-5140;;;;;;
51PDAHH838B.PV;;DI;оепеоюд п цюгю он 2-ни ярсоемх C-5140;;;;;;
51PDAHH838B_CA.PV;;DI;оепеоюд п цюгю он 2-ни ярсоемх C-5140;;;;;;
51PDAHH888A.PV;;DI;оепеоюд п цюгю он 1-ни ярсоемх C-5140S;;;;;;
51PDAHH888A_CA.PV;;DI;оепеоюд п цюгю он 1-ни ярсоемх C-5140S;;;;;;
51PDAHH888B.PV;;DI;оепеоюд п цюгю он 2-ни ярсоемх C-5140S;;;;;;
51PDAHH888B_CA.PV;;DI;оепеоюд п цюгю он 2-ни ярсоемх C-5140S;;;;;;
51PI080_TF.PV;;DI;дюбкемхе мю мюцмерюмхх п-5105;;;;;;
51PI081_TF.PV;;DI;дюбкемхе мю мюцмерюмхх п-5105S;;;;;;
51PI082_TF.PV;;DI;дюбкемхе мю мюцмерюмхх п-5106;;;;;;
51PI082_MO.PV;;DI;дюбкемхе мю мюцмерюмхх п-5106;;;;;;
51PI082_MO.OP;;DI;дюбкемхе мю мюцмерюмхх п-5106;;;;;;
51PI082_MO.OP;;DO;дюбкемхе мю мюцмерюмхх п-5106;;;;;;
51PI082_MO.MD;;DI;дюбкемхе мю мюцмерюмхх п-5106;;;;;;
51PI829B_TF.PV;;DI;п опълни нук. бндш мю жхкхмдпш C-5140;;;;;;
51PI833B_TF.PV;;DI;дюбкемхе люякю оняке тхкэрпнб C-5140-S1,S1S;;;;;;
51PI835A_TF.PV;;DI;п цюгю мю бунде б жхкхмдп 1 C-5140;;;;;;
51PI835B_TF.PV;;DI;п цюгю мю бунде б жхкхмдп 2 C-5140;;;;;;
51PI840A_TF.PV;;DI;п цюгю мю мюцмерюмхх жхкхмдп 1 C-5140;;;;;;
51PI840B_TF.PV;;DI;п цюгю мю мюцмерюмхх жхкхмдп 2 C-5140;;;;;;
51PI868_TF.PV;;DI;п опндсбнвмнцн цюгю-югнрю C-5140;;;;;;
51PI879B_TF.PV;;DI;п опълни нук бндш мю жхкхмдпш C-5140S;;;;;;
51PI883B_TF.PV;;DI;дюбкемхе люякю оняке тхкэрпнб C-5140S-S1,S1S;;;;;;
51PI885A_TF.PV;;DI;п цюгю мю бунде б жхкхмдп 1 C-5140S;;;;;;
51PI885B_TF.PV;;DI;п цюгю мю бунде б жхкхмдп 2 C-5140S;;;;;;
51PI890A_TF.PV;;DI;п цюгю мю мюцмерюмхх жхкхмдп 1 C-5140S;;;;;;
51PI890B_TF.PV;;DI;п цюгю мю мюцмерюмхх жхкхмдп 2 C-5140S;;;;;;
51PI893_TF.PV;;DI;п опндсбнвмнцн цюгю-югнрю C-5140S;;;;;;
51PAHH080.PV;;DI;дюбкемхе мю мюцмерюмхх п-5105;;;;;;
51PAHH080_CA.PV;;DI;дюбкемхе мю мюцмерюмхх п-5105;;;;;;
51PAHH081.PV;;DI;дюбкемхе мю мюцмерюмхх п-5105S;;;;;;
51PAHH081_CA.PV;;DI;дюбкемхе мю мюцмерюмхх п-5105S;;;;;;
51PAHH082.PV;;DI;дюбкемхе мю мюцмерюмхх п-5106;;;;;;
51TI991A_TF.PV;;DI;релоепюрспю онкебнцн ондьхомхйю P-5120;;;;;;
51TI991B_TF.PV;;DI;релоепюрспю оепедмецн ондьхомхйю п-5120;;;;;;
51TI992A_TF.PV;;DI;релоепюрспю онкебнцн ондьхомхйю P-5120S;;;;;;
51TI992B_TF.PV;;DI;релоепюрспю оепедмецн ондьхомхйю п-5120S;;;;;;
51TI995A_TF.PV;;DI;релоепюрспю онкебнцн ондьхомхйю P-5131;;;;;;
51TI995B_TF.PV;;DI;релоепюрспю оепедмецн ондьхомхйю п-5131;;;;;;
51TI996A_TF.PV;;DI;релоепюрспю онкебнцн ондьхомхйю P-5131S;;;;;;
51TI996B_TF.PV;;DI;релоепюрспю оепедмецн ондьхомхйю п-5131S;;;;;;
51TAHH080B.PV;;DI;р мюцмерюмхъ 1-ни ярсоемх я-5140,S;;;;;;
51TAHH080B_CA.PV;;DI;р мюцмерюмхъ 1-ни ярсоемх я-5140,S;;;;;;
51TAHH081B.PV;;DI;р мюцмерюмхъ 2-ни ярсоемх я-5140,S;;;;;;
51TAHH081B_CA.PV;;DI;р мюцмерюмхъ 2-ни ярсоемх я-5140,S;;;;;;
51TAHH091.PV;;DI;T мюцпебюрекэмнцн щкелемрю й-5160;;;;;;
51TAHH091_CA.PV;;DI;T мюцпебюрекэмнцн щкелемрю й-5160;;;;;;
51TAHH826C.PV;;DI;р цюгю мю мюцмерюмхх жхкхмдп 1 C-5140;;;;;;
51TAHH826C_CA.PV;;DI;р цюгю мю мюцмерюмхх жхкхмдп 1 C-5140;;;;;;
51TAHH826D.PV;;DI;р цюгю мю мюцмерюмхх жхкхмдп 2 C-5140;;;;;;
51TAHH826D_CA.PV;;DI;р цюгю мю мюцмерюмхх жхкхмдп 2 C-5140;;;;;;
51TAHH834D.PV;;DI;релоепюрспю люякю б йюпрепе C-5140;;;;;;
51TAHH834D_CA.PV;;DI;релоепюрспю люякю б йюпрепе C-5140;;;;;;
51TAHH834E.PV;;DI;р цкюбмнцн онкебнцн ондьхомхйю C-5140;;;;;;
51TAHH834E_CA.PV;;DI;р цкюбмнцн онкебнцн ондьхомхйю C-5140;;;;;;
51TAHH834F.PV;;DI;р цкюбмнцн оепедмецн ондьхомхйю C-5140;;;;;;
51TAHH834F_CA.PV;;DI;р цкюбмнцн оепедмецн ондьхомхйю C-5140;;;;;;
51TAHH876C.PV;;DI;р цюгю мю мюцмерюмхх жхкхмдп 1 C-5140S;;;;;;
51TAHH876C_CA.PV;;DI;р цюгю мю мюцмерюмхх жхкхмдп 1 C-5140S;;;;;;
51TAHH876D.PV;;DI;р цюгю мю мюцмерюмхх жхкхмдп 2 C-5140S;;;;;;
51TAHH876D_CA.PV;;DI;р цюгю мю мюцмерюмхх жхкхмдп 2 C-5140S;;;;;;
51TAHH884D.PV;;DI;релоепюрспю люякю б йюпрепе C-5140S;;;;;;
51TAHH884D_CA.PV;;DI;релоепюрспю люякю б йюпрепе C-5140S;;;;;;
51TAHH884E.PV;;DI;р цкюбмнцн онкебнцн ондьхомхйю C-5140S;;;;;;
51TAHH884E_CA.PV;;DI;р цкюбмнцн онкебнцн ондьхомхйю C-5140S;;;;;;
51TAHH884F.PV;;DI;р цкюбмнцн оепедмецн ондьхомхйю C-5140S;;;;;;
51TAHH884F_CA.PV;;DI;р цкюбмнцн оепедмецн ондьхомхйю C-5140S;;;;;;
51TAHH901A.PV;;DI;релоепюрспю онкебнцн ондьхомхйю п-5103;;;;;;
51TAHH901A_CA.PV;;DI;релоепюрспю онкебнцн ондьхомхйю п-5103;;;;;;
51TAHH901B.PV;;DI;релоепюрспю оепедмецн ондьхомхйю п-5103;;;;;;
51TAHH901B_CA.PV;;DI;релоепюрспю оепедмецн ондьхомхйю п-5103;;;;;;
51TAHH903A.PV;;DI;релоепюрспю оепедмецн ондьхомхйю п-5108;;;;;;
51TAHH903A_CA.PV;;DI;релоепюрспю онкебнцн ондьхомхйю P-5108;;;;;;
51TAHH903B.PV;;DI;релоепюрспю оепедмецн ондьхомхйю п-5108;;;;;;
IB511_ESD1_D1.PV;;DI;ESD_511_1 ЙКЧВ ПЮГПЕЬЕМХЪ ТНПЯХПНБЮМХЪ Б ОНКНФЕМХХ;;;;;;
IB511_ESD1_D2.PV;;DI;ESD_511_1 МЮКХВХЕ ЮЙРХБМШУ ТНПЯЮФЕИ Б ЙНМРПНККЕПЕ;;;;;;
01_14_SNESD_FLT.PV;;DI;яоюг_001_1-яоюг_511_1;;;;;;
51HA057_PA.PV;;DI;цпсоо. нрйк. нанп. 3 цпсоош (я йнмянкх);;;;;;
51HA059.PV;;DI;цпсоо. нрйк. нанп. 4 цпсоош (я йнмянкх);;;;;;
51HA059_PA.PV;;DI;цпсоо. нрйк. нанп. 4 цпсоош (я йнмянкх);;;;;;
51HA060.PV;;DI;цпсоо. нрйк. нанп. 1 цпсоош (он леярс);;;;;;
51HA060_PA.PV;;DI;цпсоо. нрйк. нанп. 1 цпсоош (он леярс);;;;;;
51HA063.PV;;DI;цпсоо. нрйк. нанп. 2 цпсоош (он леярс);;;;;;
51HA063_PA.PV;;DI;цпсоо. нрйк. нанп. 2 цпсоош (он леярс);;;;;;
51HA064.PV;;DI;цпсоо. нрйк. нанп. 3 цпсоош (он леярс);;;;;;
51HA064_PA.PV;;DI;цпсоо. нрйк. нанп. 3 цпсоош (он леярс);;;;;;
51LI037_TF.PV;;DI;спнбемэ йхякни бндш б V-5102;;;;;;
51LI039_TF.PV;;DI;спнбемэ метреопндсйрю б V-5102;;;;;;
IB511_ESD1_CF.PV;;DI;яАНИ ЙНМРПНККЕПЮ ESD511_1;;;;;;
IB511_ESD1_SF.PV;;DI;нЬХАЙЮ АСТЕПЮ SOE ESD511_1;;;;;;
52HS925_EN.PV;;DI;пЮГПЕЬЕМХЕ НАЯКСФ. СВЮЯРЙЮ 5200;;;;;;
52HS925_REL.PV;;DI;яАПНЯ ПЮГПЕЬЕМХЪ НАЯКСФ. СВЮЯРЙЮ 5200;;;;;;
51HS902_EN.PV;;DI;пЮГПЕЬЕМХЕ НАЯКСФ. СВЮЯРЙЮ 5140;;;;;;
51HS902_REL.PV;;DI;яАПНЯ ПЮГПЕЬЕМХЪ НАЯКСФ. СВЮЯРЙЮ 5140;;;;;;
51HS904_EN.PV;;DI;пЮГПЕЬЕМХЕ НАЯКСФ. СВЮЯРЙЮ 5100;;;;;;
51HS904_REL.PV;;DI;яАПНЯ ПЮГПЕЬЕМХЪ НАЯКСФ. СВЮЯРЙЮ 5100;;;;;;
51HS903_EN.PV;;DI;пЮГПЕЬЕМХЕ НАЯКСФ. СВЮЯРЙЮ 5140S;;;;;;
51HS903_REL.PV;;DI;яАПНЯ ПЮГПЕЬЕМХЪ НАЯКСФ. СВЮЯРЙЮ 5140S;;;;;;
51VSHH975_MO.PV;;DI;бхапюжхъ йюпрепю бепрхйюкэмюъ C-5140S;;;;;;
51VSHH975_MO.OP;;DI;бхапюжхъ йюпрепю бепрхйюкэмюъ C-5140S;;;;;;
51VSHH975_MO.OP;;DO;бхапюжхъ йюпрепю бепрхйюкэмюъ C-5140S;;;;;;
51VSHH975_MO.MD;;DI;бхапюжхъ йюпрепю бепрхйюкэмюъ C-5140S;;;;;;
51VSHH976_MO.PV;;DI;бхапюжхъ йюпрепю цнпхгнмрюкэмюъ C-5140S;;;;;;
51VSHH976_MO.OP;;DI;бхапюжхъ йюпрепю цнпхгнмрюкэмюъ C-5140S;;;;;;
51VSHH976_MO.OP;;DO;бхапюжхъ йюпрепю цнпхгнмрюкэмюъ C-5140S;;;;;;
51VSHH976_MO.MD;;DI;бхапюжхъ йюпрепю цнпхгнмрюкэмюъ C-5140S;;;;;;
51VSHH925_MO.PV;;DI;бхапюжхъ йюпрепю бепрхйюкэмюъ C-5140;;;;;;
51VSHH925_MO.OP;;DI;бхапюжхъ йюпрепю бепрхйюкэмюъ C-5140;;;;;;
51VSHH925_MO.OP;;DO;бхапюжхъ йюпрепю бепрхйюкэмюъ C-5140;;;;;;
51VSHH925_MO.MD;;DI;бхапюжхъ йюпрепю бепрхйюкэмюъ C-5140;;;;;;
51VSHH926_MO.PV;;DI;бхапюжхъ йюпрепю цнпхгнмрюкэмюъ C-5140;;;;;;
51VSHH926_MO.OP;;DI;бхапюжхъ йюпрепю цнпхгнмрюкэмюъ C-5140;;;;;;
51VSHH926_MO.OP;;DO;бхапюжхъ йюпрепю цнпхгнмрюкэмюъ C-5140;;;;;;
51VSHH926_MO.MD;;DI;бхапюжхъ йюпрепю цнпхгнмрюкэмюъ C-5140;;;;;;
IB511_ESD1_RT1.PV;;DI;ярюпр REPAIR TIMER дкъ CP1;;;;;;
IB511_ESD1_RT2.PV;;DI;ярюпр REPAIR TIMER дкъ CP2;;;;;;
51LI040_TF.PV;;DI;спнбемэ метреопндсйрю б V-5103;;;;;;
51LI047_TF.PV;;DI;спнбемэ йхякни бндш б р-5110;;;;;;
51LI049_TF.PV;;DI;спнбемэ нроюпеммни бндш р-5120;;;;;;
51LI051_TF.PV;;DI;спнбемэ йхякни бндш б V-5121;;;;;;
51LI053_TF.PV;;DI;спнбемэ нроюпеммни бндш б р-5130;;;;;;
51LI055_TF.PV;;DI;спнбемэ п-пю NAOH б р-5131;;;;;;
51LI057_TF.PV;;DI;L H2O б V-5140 (опх╗л 1-ни яр. C-5140,S);;;;;;
51LI059_TF.PV;;DI;L H2O б V-5141 (опх╗л 2-ни яр. C-5140,S);;;;;;
51LI061_TF.PV;;DI;спнбемэ яфхфеммнцн юллхюйю б V-5150;;;;;;
51LI063_TF.PV;;DI;спнбемэ метреопндсйрю б V-5161;;;;;;
51LI066_TF.PV;;DI;спнбемэ йхякни бндш+метреоп. б F-5100;;;;;;
51LAHH057.PV;;DI;L H2O б V-5140 (опх╗л 1-ни яр. C-5140,S);;;;;;
51LAHH057_CA.PV;;DI;L H2O б V-5140 (опх╗л 1-ни яр. C-5140,S);;;;;;
51LAHH059.PV;;DI;L H2O б V-5141 (опх╗л 2-ни яр. C-5140,S);;;;;;
51LAHH059_CA.PV;;DI;L H2O б V-5141 (опх╗л 2-ни яр. C-5140,S);;;;;;
51LAHH066.PV;;DI;спнбемэ йхякни бндш+метреоп. б F-5100;;;;;;
51LAHH066_CA.PV;;DI;спнбемэ йхякни бндш+метреоп. б F-5100;;;;;;
51LALL037.PV;;DI;спнбемэ йхякни бндш б V-5102;;;;;;
51LALL037_CA.PV;;DI;спнбемэ йхякни бндш б V-5102;;;;;;
51LALL039.PV;;DI;спнбемэ метреопндсйрю б V-5102;;;;;;
51LALL039_CA.PV;;DI;спнбемэ метреопндсйрю б V-5102;;;;;;
51LALL040.PV;;DI;спнбемэ метреопндсйрю б V-5103;;;;;;
51LALL040_CA.PV;;DI;спнбемэ метреопндсйрю б V-5103;;;;;;
51LALL047.PV;;DI;спнбемэ йхякни бндш б р-5110;;;;;;
51LALL047_CA.PV;;DI;спнбемэ йхякни бндш б р-5110;;;;;;
51LALL049.PV;;DI;спнбемэ нроюпеммни бндш р-5120;;;;;;
51PALL833B_FU.PV;;DI;дюбкемхе люякю б йюпрепе C-5140;;;;;;
51PALL883B_FU.PV;;DI;дюбкемхе люякю б йюпрепе C-5140S;;;;;;
51XA965.PV;;DI;яхпемю C-5140;;;;;;
51XA990.PV;;DI;яхпемю C-5140S;;;;;;
511FLTRES_SYS14.PV;;DI;яАПНЯ МЕХЯОПЮБМНЯРЕИ ДЮРВХЙНБ Б ЙНМРПНККЕПЕ IB-51-1 ESD;;;;;;
511FLTRES_SYS14.OP;;DI;яАПНЯ МЕХЯОПЮБМНЯРЕИ ДЮРВХЙНБ Б ЙНМРПНККЕПЕ IB-51-1 ESD;;;;;;
511FLTRES_SYS14.OP;;DO;яАПНЯ МЕХЯОПЮБМНЯРЕИ ДЮРВХЙНБ Б ЙНМРПНККЕПЕ IB-51-1 ESD;;;;;;
51TI801_TF.PV;;DI;релоепюрспю б й-5160;;;;;;
51TAHH801_CA.PV;;DI;релоепюрспю б й-5160;;;;;;
52TAHH991A.PV;;DI;релоепюрспю онкебнцн ондьхомхйю п-5201;;;;;;
52TAHH991A_CA.PV;;DI;релоепюрспю онкебнцн ондьхомхйю п-5201;;;;;;
52TAHH991B.PV;;DI;релоепюрспю оепедмецн ондьхомхйю п-5201;;;;;;
52TAHH991B_CA.PV;;DI;релоепюрспю оепедмецн ондьхомхйю п-5201;;;;;;
52TAHH992A.PV;;DI;релоепюрспю онкебнцн ондьхомхйю п-5201S;;;;;;
52TAHH992A_CA.PV;;DI;релоепюрспю онкебнцн ондьхомхйю п-5201S;;;;;;
52TAHH992B.PV;;DI;релоепюрспю оепедмецн ондьхомхйю п-5201S;;;;;;
52TAHH992B_CA.PV;;DI;релоепюрспю оепедмецн ондьхомхйю п-5201S;;;;;;
52TAHH995A.PV;;DI;релоепюрспю онкебнцн ондьхомхйю п-5203;;;;;;
52TAHH995A_CA.PV;;DI;релоепюрспю онкебнцн ондьхомхйю п-5203;;;;;;
52TAHH995B.PV;;DI;релоепюрспю оепедмецн ондьхомхйю п-5203;;;;;;
52TAHH995B_CA.PV;;DI;релоепюрспю оепедмецн ондьхомхйю п-5203;;;;;;
52TAHH996A.PV;;DI;релоепюрспю онкебнцн ондьхомхйю п-5203S;;;;;;
52TAHH996A_CA.PV;;DI;релоепюрспю онкебнцн ондьхомхйю п-5203S;;;;;;
52TAHH996B.PV;;DI;релоепюрспю оепедмецн ондьхомхйю п-5203S;;;;;;
52TAHH996B_CA.PV;;DI;релоепюрспю оепедмецн ондьхомхйю п-5203S;;;;;;
IB511_ESD1_F1.PV;;DI;IB-51-1 яхярелю ESD-01 янярнъмхе йнмрпнккепю;;;;;;
IB511_ESD1_F2.PV;;DI;IB-51-1 яхярелю ESD-01 янярнъмхе бмеьмеи ябъгх;;;;;;
IB511_ESD1_F3.PV;;DI;IB-51-1 яхярелю ESD-01 янярнъмхе лндскеи ббндю/бшбндю;;;;;;
IB511_ESD1_F4.PV;;DI;IB-51-1 яхярелю ESD-01 наыее янярнъмхе яхяр. ьйютю;;;;;;
00XA511E01ELD.PV;;DI;IB-51-1 ьйют ESD-01 гюгелкемхе сревйю мю гелкч;;;;;;
00XA511E01ELD.OP;;DI;IB-51-1 ьйют ESD-01 гюгелкемхе сревйю мю гелкч;;;;;;
00XA511E01ELD.OP;;DO;IB-51-1 ьйют ESD-01 гюгелкемхе сревйю мю гелкч;;;;;;
00XA511E01FAN.PV;;DI;IB-51-1 ьйют ESD-01 мехяопюбмнярэ бемрхкърнпю;;;;;;
00XA511E01P01.PV;;DI;IB-51-1 ьйют ESD-01 мехяопюбмнярэ хо 01;;;;;;
00XA511E01P02.PV;;DI;IB-51-1 ьйют ESD-01 мехяопюбмнярэ хо 02;;;;;;
00XA511E01TMP.PV;;DI;IB-51-1 ьйют ESD-01 опебшьемхе релоепюрспш б ьйютс;;;;;;
51HS026B1.PV;;DI;юбюпхимши нярюмнб. я-5140 (он леярс);;;;;;
51HS026B2.PV;;DI;юбюпхимши нярюмнб. я-5140 (он леярс);;;;;;
51HS027A1.PV;;DI;юбюпхимши нярюмнб. я-5140S (ко);;;;;;
51HS027A2.PV;;DI;юбюпхимши нярюмнб. я-5140S (ко);;;;;;
51HS027B1.PV;;DI;юбюпхимши нярюмнб. я-5140S (он леярс);;;;;;
51HS027B2.PV;;DI;юбюпхимши нярюмнб. я-5140S (он леярс);;;;;;
51HS054A.PV;;DI;цпсоо. нрйк. нанп. 1 цпсоош (я йнмянкх);;;;;;
51HS054B.PV;;DI;цпсоо. нрйк. нанп. 1 цпсоош (я йнмянкх);;;;;;
51HS055A.PV;;DI;цпсоо. нрйк. нанп. 2 цпсоош (я йнмянкх);;;;;;
51HS055B.PV;;DI;цпсоо. нрйк. нанп. 2 цпсоош (я йнмянкх);;;;;;
51HS057A.PV;;DI;цпсоо. нрйк. нанп. 3 цпсоош (я йнмянкх);;;;;;
51HS057B.PV;;DI;цпсоо. нрйк. нанп. 3 цпсоош (я йнмянкх);;;;;;
51HS059A.PV;;DI;цпсоо. нрйк. нанп. 4 цпсоош (я йнмянкх);;;;;;
51HS059B.PV;;DI;цпсоо. нрйк. нанп. 4 цпсоош (я йнмянкх);;;;;;
51HS060A.PV;;DI;цпсоо. нрйк. нанп. 1 цпсоош (он леярс);;;;;;
51HS060B.PV;;DI;цпсоо. нрйк. нанп. 1 цпсоош (он леярс);;;;;;
51HS063A.PV;;DI;цпсоо. нрйк. нанп. 2 цпсоош (он леярс);;;;;;
51HS063B.PV;;DI;цпсоо. нрйк. нанп. 2 цпсоош (он леярс);;;;;;
51HS064A.PV;;DI;цпсоо. нрйк. нанп. 3 цпсоош (он леярс);;;;;;
51HS064B.PV;;DI;цпсоо. нрйк. нанп. 3 цпсоош (он леярс);;;;;;
51VSHH925_1.PV;;DI;бхапюжхъ йюпрепю бепрхйюкэмюъ C-5140;;;;;;
51VSHH925_2.PV;;DI;бхапюжхъ йюпрепю бепрхйюкэмюъ C-5140;;;;;;
51VSHH926_1.PV;;DI;бхапюжхъ йюпрепю цнпхгнмрюкэмюъ C-5140;;;;;;
51VSHH926_2.PV;;DI;бхапюжхъ йюпрепю цнпхгнмрюкэмюъ C-5140;;;;;;
51XY022.PV;;DI;P-5131. юбюпхимне нрйкчвемхе;;;;;;
51XY023.PV;;DI;P-5131S. юбюпхимне нрйкчвемхе;;;;;;
51XY024.PV;;DI;P-5150. юбюпхимне нрйкчвемхе;;;;;;
51XY025.PV;;DI;P-5150S. юбюпхимне нрйкчвемхе;;;;;;
51XY028.PV;;DI;й-5160. юбюпхимне нрйкчвемхе;;;;;;
51XY029.PV;;DI;A-5109/1. юбюпхимне нрйкчвемхе;;;;;;
51XY030.PV;;DI;ю-5109/2. юбюпхимне нрйкчвемхе;;;;;;
51XY031.PV;;DI;A-5121/1. юбюпхимне нрйкчвемхе;;;;;;
51HY966.PV;;DI;C-5140. БЯОНЛ ЛЮЯК МЮЯНЯ P1S ЮБРНЯРЮПР;;;;;;
51HS902A.PV;;DI;йкчв деакнйхпнбюмхъ C-5140;;;;;;
51XY032.PV;;DI;A-5121/2. юбюпхимне нрйкчвемхе;;;;;;
51XY033.PV;;DI;A-5121/3. юбюпхимне нрйкчвемхе;;;;;;
51XY034.PV;;DI;A-5121/4. юбюпхимне нрйкчвемхе;;;;;;
51XY035.PV;;DI;A-5160/1. юбюпхимне нрйкчвемхе;;;;;;
51XY038B.PV;;DI;Z-5103. юбрнлюрхвеяйне гюйпшрхе;;;;;;
51XY061.PV;;DI;A-5160/2. юбюпхимне нрйкчвемхе;;;;;;
51XY062.PV;;DI;A-5160/3. юбюпхимне нрйкчвемхе;;;;;;
51XY925A.PV;;DI;C-5140. щкейрпнлюцм. йкюоюм бяюяшбюмхъ;;;;;;
51XY925B.PV;;DI;C-5140. щкейрпнлюцм. йкюоюм бяюяшбюмхъ;;;;;;
51XY925C.PV;;DI;C-5140. щкейрпнлюцм. йкюоюм лепрб.оп-бю;;;;;;
51XY925D.PV;;DI;C-5140. щкейрпнлюцм. йкюоюм лепрб.оп-бю;;;;;;
51XY925E.PV;;DI;C-5140. щкейрпнлюцм. йкюоюм лепрб.оп-бю;;;;;;
51XY925F.PV;;DI;C-5140. щкейрпнлюцм. йкюоюм лепрб.оп-бю;;;;;;
51XY951.PV;;DI;я-5140. нрйкчвемхе дбхцюрекъ;;;;;;
51XY958.PV;;DI;C-5140. нрйкчв. МЮЯНЯЮ P2 ЯХЯР.НУК.;;;;;;
51XY959.PV;;DI;C-5140. нрйкчв. МЮЯНЯЮ P2S ЯХЯР.НУК.;;;;;;
51XY966.PV;;DI;C-5140. БЯОНЛНЦЮРЕКЭМШИ ЛЮЯК МЮЯНЯ P1S;;;;;;
51XY975A.PV;;DI;C-5140S. щкейрпнлюцм. йкюоюм бяюяшбюмхъ;;;;;;
51XY975B.PV;;DI;C-5140S. щкейрпнлюцм. йкюоюм бяюяшбюмхъ;;;;;;
51XY975C.PV;;DI;C-5140S. щкейрпнлюцм. йкюоюм лепрб.оп-бю;;;;;;
51XY975D.PV;;DI;C-5140S. щкейрпнлюцм. йкюоюм лепрб.оп-бю;;;;;;
51XY975E.PV;;DI;C-5140S. щкейрпнлюцм. йкюоюм лепрб.оп-бю;;;;;;
51XY975F.PV;;DI;C-5140S. щкейрпнлюцм. йкюоюм лепрб.оп-бю;;;;;;
51XY976.PV;;DI;я-5140S. нрйкчвемхе дбхцюрекъ;;;;;;
51XY983.PV;;DI;C-5140S. нрйкчв. МЮЯНЯЮ P2 ЯХЯР.НУК;;;;;;
51XY984.PV;;DI;C-5140S. нрйкчв. МЮЯНЯЮ P2S ЯХЯР.НУК.;;;;;;
51XY991.PV;;DI;C-5140S. БЯОНЛНЦЮРЕКЭМШИ ЛЮЯК МЮЯНЯ P1S;;;;;;
52XY001.PV;;DI;P-5201. юбюпхимне нрйкчвемхе;;;;;;
52XY002.PV;;DI;P-5201S. юбюпхимне нрйкчвемхе;;;;;;
52XY003.PV;;DI;P-5203. юбюпхимне нрйкчвемхе;;;;;;
52XY004.PV;;DI;P-5203S. юбюпхимне нрйкчвемхе;;;;;;
52XY005.PV;;DI;P-5204. юбюпхимне нрйкчвемхе;;;;;;
52XY006.PV;;DI;P-5204S. юбюпхимне нрйкчвемхе;;;;;;
52XY011.PV;;DI;P-5101. юбюпхимне нрйкчвемхе;;;;;;
52XY012.PV;;DI;P-5202. юбюпхимне нрйкчвемхе;;;;;;
52XY013.PV;;DI;P-5202S. юбюпхимне нрйкчвемхе;;;;;;
52XY014.PV;;DI;ю-5201/1. юбюпхимне нрйкчвемхе;;;;;;
52XY018A.PV;;DI;Z-5111. юбрнлюрхвеяйне нрйпшрхе;;;;;;
52XY018B.PV;;DI;Z-5111. юбрнлюрхвеяйне гюйпшрхе;;;;;;
52XY019A.PV;;DI;Z-5112. юбрнлюрхвеяйне нрйпшрхе;;;;;;
52XY019B.PV;;DI;Z-5112. юбрнлюрхвеяйне гюйпшрхе;;;;;;
52XY024.PV;;DI;ю-5201/2. юбюпхимне нрйкчвемхе;;;;;;
52XY910.PV;;DI;P-5207. юбюпхимне нрйкчвемхе;;;;;;
52XY911.PV;;DI;P-5207S. юбюпхимне нрйкчвемхе;;;;;;
52XY912.PV;;DI;P-5205. юбюпхимне нрйкчвемхе;;;;;;
52XY913.PV;;DI;P-5205S. юбюпхимне нрйкчвемхе;;;;;;
52XY914.PV;;DI;P-5208. юбюпхимне нрйкчвемхе;;;;;;
52XY915.PV;;DI;P-5208S. юбюпхимне нрйкчвемхе;;;;;;
52XY920.PV;;DI;P-5206. юбюпхимне нрйкчвемхе;;;;;;
52XY921.PV;;DI;P-5206S. юбюпхимне нрйкчвемхе;;;;;;
51HS902B.PV;;DI;йкчв деакнйхпнбюмхъ C-5140;;;;;;
51HS903A.PV;;DI;йкчв деакнйхпнбюмхъ C-5140S;;;;;;
51HS903B.PV;;DI;йкчв деакнйхпнбюмхъ C-5140S;;;;;;
51HS904A.PV;;DI;йкчв деакнйхпнбюмхъ яейжхх 5100;;;;;;
51HS904B.PV;;DI;йкчв деакнйхпнбюмхъ яейжхх 5100;;;;;;
52HS925A.PV;;DI;наяксфхбюмхъ свюярнй 5200;;;;;;
52HS925B.PV;;DI;наяксфхбюмхъ свюярнй 5200;;;;;;
IB511_ESD1_F5.PV;;DI;IB-51-1 яхярелю ESD-01 наыее янярнъмхе йпняя. ьйютнб;;;;;;
00XA511EMC01.PV;;DI;IB-51-1 ьйют E-MC-01 наыхи юбюпхимши яхцмюк;;;;;;
00XA511EMC02.PV;;DI;IB-51-1 ьйют E-MC-02 наыхи юбюпхимши яхцмюк;;;;;;
00XA511EMC03.PV;;DI;IB-51-1 ьйют E-MC-03 наыхи юбюпхимши яхцмюк;;;;;;
51FALL827A_FU.PV;;DI;пюяунд нап. нук. бндш жхкхмдп 1 C-5140;;;;;;
51FALL827B_FU.PV;;DI;пюяунд нап. нук. бндш жхкхмдп 2 C-5140;;;;;;
51FALL877A_FU.PV;;DI;пюяунд нап. нук. бндш жхкхмдп 1 C-5140S;;;;;;
51FALL877B_FU.PV;;DI;пюяунд нап. нук. бндш жхкхмдп 2 C-5140S;;;;;;
51FI035_TF.PV;;DI;пюяунд югнрю м.д. мю бунде б й-5160;;;;;;
51FI827A_TF.PV;;DI;пюяунд нап. нук. бндш жхкхмдп 1 C-5140;;;;;;
51FI827B_TF.PV;;DI;пюяунд нап. нук. бндш жхкхмдп 2 C-5140;;;;;;
51FI877A_TF.PV;;DI;пюяунд нап. нук. бндш жхкхмдп 1 C-5140S;;;;;;
51FI877B_TF.PV;;DI;пюяунд нап. нук. бндш жхкхмдп 2 C-5140S;;;;;;
51FALL035.PV;;DI;пюяунд югнрю м.д. мю бунде б й-5160;;;;;;
51FALL035_CA.PV;;DI;пюяунд югнрю м.д. мю бунде б й-5160;;;;;;
51FALL827A.PV;;DI;пюяунд нап. нук. бндш жхкхмдп 1 C-5140;;;;;;
51FALL827A_CA.PV;;DI;пюяунд нап. нук. бндш жхкхмдп 1 C-5140;;;;;;
51FALL827B.PV;;DI;пюяунд нап. нук. бндш жхкхмдп 2 C-5140;;;;;;
51FALL827B_CA.PV;;DI;пюяунд нап. нук. бндш жхкхмдп 2 C-5140;;;;;;
51FALL877A.PV;;DI;пюяунд нап. нук. бндш жхкхмдп 1 C-5140S;;;;;;
51FALL877A_CA.PV;;DI;пюяунд нап. нук. бндш жхкхмдп 1 C-5140S;;;;;;
51FALL877B.PV;;DI;пюяунд нап. нук. бндш жхкхмдп 2 C-5140S;;;;;;
51FALL877B_CA.PV;;DI;пюяунд нап. нук. бндш жхкхмдп 2 C-5140S;;;;;;
51HA026A_PA.PV;;DI;юбюпхимши нярюмнб. я-5140 (ко);;;;;;
51HA026B.PV;;DI;юбюпхимши нярюмнб. я-5140 (он леярс);;;;;;
51HA026B_FU.PV;;DI;юбюпхимши нярюмнб. я-5140 (он леярс);;;;;;
51HA026B_PA.PV;;DI;юбюпхимши нярюмнб. я-5140 (он леярс);;;;;;
51HA027A_FU.PV;;DI;юбюпхимши нярюмнб. я-5140S (ко);;;;;;
51HA027B.PV;;DI;юбюпхимши нярюмнб. я-5140S (он леярс);;;;;;
51HA027B_FU.PV;;DI;юбюпхимши нярюмнб. я-5140S (он леярс);;;;;;
51HA027B_PA.PV;;DI;юбюпхимши нярюмнб. я-5140S (он леярс);;;;;;
51HA054.PV;;DI;цпсоо. нрйк. нанп. 1 цпсоош (я йнмянкх);;;;;;
51HA054_PA.PV;;DI;цпсоо. нрйк. нанп. 1 цпсоош (я йнмянкх);;;;;;
51HA055.PV;;DI;цпсоо. нрйк. нанп. 2 цпсоош (я йнмянкх);;;;;;
51HA055_PA.PV;;DI;цпсоо. нрйк. нанп. 2 цпсоош (я йнмянкх);;;;;;
51HA027A.PV;;DI;юбюпхимши нярюмнб. я-5140S (ко);;;;;;
51HA027A_PA.PV;;DI;юбюпхимши нярюмнб. я-5140S (я йнмянкх);;;;;;
51LALL049_CA.PV;;DI;спнбемэ нроюпеммни бндш р-5120;;;;;;
51LALL051.PV;;DI;спнбемэ йхякни бндш б V-5121;;;;;;
51LALL051_CA.PV;;DI;спнбемэ йхякни бндш б V-5121;;;;;;
51LALL053.PV;;DI;спнбемэ нроюпеммни бндш б р-5130;;;;;;
51LALL053_CA.PV;;DI;спнбемэ нроюпеммни бндш б р-5130;;;;;;
51LALL055.PV;;DI;спнбемэ п-пю NAOH б р-5131;;;;;;
51LALL055_CA.PV;;DI;спнбемэ п-пю NAOH б р-5131;;;;;;
51LALL061.PV;;DI;спнбемэ яфхфеммнцн юллхюйю б V-5150;;;;;;
51LALL061_CA.PV;;DI;спнбемэ яфхфеммнцн юллхюйю б V-5150;;;;;;
51LALL063.PV;;DI;спнбемэ метреопндсйрю б V-5161;;;;;;
51LALL063_CA.PV;;DI;спнбемэ метреопндсйрю б V-5161;;;;;;
51LALL066.PV;;DI;спнбемэ йхякни бндш+метреоп. б F-5100;;;;;;
51LALL066_CA.PV;;DI;спнбемэ йхякни бндш+метреоп. б F-5100;;;;;;
51PAHH833B_FU.PV;;DI;дюбкемхе люякю б йюпрепе C-5140;;;;;;
51PAHH835A_FU.PV;;DI;п цюгю мю бунде б жхкхмдп 1 C-5140;;;;;;
51PAHH835B_FU.PV;;DI;п цюгю мю бунде б жхкхмдп 2 C-5140;;;;;;
51PAHH840A_FU.PV;;DI;п цюгю мю мюцм-хх жхкхмдп 1 C-5140;;;;;;
51PAHH840B_FU.PV;;DI;п цюгю мю мюцм-хх жхкхмдп 2 C-5140;;;;;;
51PAHH883B_FU.PV;;DI;дюбкемхе люякю б йюпрепе C-5140S;;;;;;
51PAHH885A_FU.PV;;DI;п цюгю мю бунде б жхкхмдп 1 C-5140S;;;;;;
51PAHH885B_FU.PV;;DI;п цюгю мю бунде б жхкхмдп 2 C-5140S;;;;;;
51PAHH890A_FU.PV;;DI;п цюгю мю мюцмерюмхх жхкхмдп 1 C-5140S;;;;;;
51PAHH890B_FU.PV;;DI;п цюгю мю мюцмерюмхх жхкхмдп 2 C-5140S;;;;;;
51PALL829B_FU.PV;;DI;п опълни нук. бндш мю жхкхмдпш C-5140;;;;;;
51PALL835A_FU.PV;;DI;п цюгю мю бунде б жхкхмдп 1 C-5140;;;;;;
51PALL835B_FU.PV;;DI;п цюгю мю бунде б жхкхмдп 2 C-5140;;;;;;
51PALL868_FU.PV;;DI;п опндсбнвмнцн цюгю-югнрю C-5140;;;;;;
51PALL879B_FU.PV;;DI;п опълни нук. бндш мю жхкхмдпш C-5140S;;;;;;
51PALL885A_FU.PV;;DI;п цюгю мю бунде б жхкхмдп 1 C-5140S;;;;;;
51PALL885B_FU.PV;;DI;п цюгю мю бунде б жхкхмдп 2 C-5140S;;;;;;
51PALL893_FU.PV;;DI;п опндсбнвмнцн цюгю-югнрю C-5140S;;;;;;
51PDAHH838A_FU.PV;;DI;оепеоюд п цюгю он 1-ни ярсоемх C-5140;;;;;;
51PDAHH838B_FU.PV;;DI;оепеоюд п цюгю он 2-ни ярсоемх C-5140;;;;;;
51PDAHH888A_FU.PV;;DI;оепеоюд п цюгю он 1-ни ярсоемх C-5140S;;;;;;
51PDAHH888B_FU.PV;;DI;оепеоюд п цюгю он 2-ни ярсоемх C-5140S;;;;;;
51PDI838A_TF.PV;;DI;оепеоюд п цюгю он 1-ни ярсоемх C-5140;;;;;;
51PDI838B_TF.PV;;DI;оепеоюд п цюгю он 2-ни ярсоемх C-5140;;;;;;
51PDI888A_TF.PV;;DI;оепеоюд п цюгю он 1-ни ярсоемх C-5140S;;;;;;
51PAHH082_CA.PV;;DI;дюбкемхе мю мюцмерюмхх п-5106;;;;;;
51PAHH833B.PV;;DI;дюбкемхе люякю б йюпрепе C-5140;;;;;;
51PAHH833B_CA.PV;;DI;дюбкемхе люякю б йюпрепе C-5140;;;;;;
51PAHH835A.PV;;DI;п цюгю мю бунде б жхкхмдп 1 C-5140;;;;;;
51PAHH835A_CA.PV;;DI;п цюгю мю бунде б жхкхмдп 1 C-5140;;;;;;
51PAHH835B.PV;;DI;п цюгю мю бунде б жхкхмдп 2 C-5140;;;;;;
51PAHH835B_CA.PV;;DI;п цюгю мю бунде б жхкхмдп 2 C-5140;;;;;;
51PAHH840A.PV;;DI;п цюгю мю мюцм-хх жхкхмдп 1 C-5140;;;;;;
51PAHH840A_CA.PV;;DI;п цюгю мю мюцм-хх жхкхмдп 1 C-5140;;;;;;
51PAHH840B.PV;;DI;п цюгю мю мюцм-хх жхкхмдп 2 C-5140;;;;;;
51PAHH840B_CA.PV;;DI;п цюгю мю мюцм-хх жхкхмдп 2 C-5140;;;;;;
51PAHH883B.PV;;DI;дюбкемхе люякю б йюпрепе C-5140S;;;;;;
51PAHH883B_CA.PV;;DI;дюбкемхе люякю б йюпрепе C-5140S;;;;;;
51PAHH885A.PV;;DI;п цюгю мю бунде б жхкхмдп 1 C-5140S;;;;;;
51PAHH885A_CA.PV;;DI;п цюгю мю бунде б жхкхмдп 1 C-5140S;;;;;;
51PAHH885B.PV;;DI;п цюгю мю бунде б жхкхмдп 2 C-5140S;;;;;;
51PAHH885B_CA.PV;;DI;п цюгю мю бунде б жхкхмдп 2 C-5140S;;;;;;
51PAHH890A.PV;;DI;п цюгю мю мюцмерюмхх жхкхмдп 1 C-5140S;;;;;;
51PAHH890A_CA.PV;;DI;п цюгю мю мюцмерюмхх жхкхмдп 1 C-5140S;;;;;;
51PAHH890B.PV;;DI;п цюгю мю мюцмерюмхх жхкхмдп 2 C-5140S;;;;;;
51PAHH890B_CA.PV;;DI;п цюгю мю мюцмерюмхх жхкхмдп 2 C-5140S;;;;;;
51PALL829B.PV;;DI;п опълни нук. бндш мю жхкхмдпш C-5140;;;;;;
51PALL829B_CA.PV;;DI;п опълни нук. бндш мю жхкхмдпш C-5140;;;;;;
51PALL833B.PV;;DI;дюбкемхе люякю б йюпрепе C-5140;;;;;;
51PALL833B_CA.PV;;DI;дюбкемхе люякю б йюпрепе C-5140;;;;;;
51PALL835A.PV;;DI;п цюгю мю бунде б жхкхмдп 1 C-5140;;;;;;
51PALL835A_CA.PV;;DI;п цюгю мю бунде б жхкхмдп 1 C-5140;;;;;;
51PALL835B.PV;;DI;п цюгю мю бунде б жхкхмдп 2 C-5140;;;;;;
51PALL835B_CA.PV;;DI;п цюгю мю бунде б жхкхмдп 2 C-5140;;;;;;
51PALL868.PV;;DI;п опндсбнвмнцн цюгю-югнрю C-5140;;;;;;
51PALL868_CA.PV;;DI;п опндсбнвмнцн цюгю-югнрю C-5140;;;;;;
51PALL879B.PV;;DI;п опълни нук. бндш мю жхкхмдпш C-5140S;;;;;;
51PALL879B_CA.PV;;DI;п опълни нук. бндш мю жхкхмдпш C-5140S;;;;;;
51PALL883B.PV;;DI;дюбкемхе люякю б йюпрепе C-5140S;;;;;;
51PALL883B_CA.PV;;DI;дюбкемхе люякю б йюпрепе C-5140S;;;;;;
51PALL885A.PV;;DI;п цюгю мю бунде б жхкхмдп 1 C-5140S;;;;;;
51PALL885A_CA.PV;;DI;п цюгю мю бунде б жхкхмдп 1 C-5140S;;;;;;
51PALL885B.PV;;DI;п цюгю мю бунде б жхкхмдп 2 C-5140S;;;;;;
51PALL885B_CA.PV;;DI;п цюгю мю бунде б жхкхмдп 2 C-5140S;;;;;;
51PALL893.PV;;DI;п опндсбнвмнцн цюгю-югнрю C-5140S;;;;;;
51PALL893_CA.PV;;DI;п опндсбнвмнцн цюгю-югнрю C-5140S;;;;;;
51TAHH826C_FU.PV;;DI;р цюгю мю мюцмерюмхх жхкхмдп 1 C-5140;;;;;;
51TAHH826D_FU.PV;;DI;р цюгю мю мюцмерюмхх жхкхмдп 2 C-5140;;;;;;
51TAHH834D_FU.PV;;DI;релоепюрспю люякю б йюпрепе C-5140;;;;;;
51TAHH834E_FU.PV;;DI;р цкюбмнцн онкебнцн ондьхомхйю C-5140;;;;;;
51TAHH834F_FU.PV;;DI;р цкюбмнцн оепедмецн ондьхомхйю C-5140;;;;;;
51TAHH876C_FU.PV;;DI;р цюгю мю мюцмерюмхх жхкхмдп 1 C-5140S;;;;;;
51TAHH876D_FU.PV;;DI;р цюгю мю мюцмерюмхх жхкхмдп 2 C-5140S;;;;;;
51TAHH884D_FU.PV;;DI;релоепюрспю люякю б йюпрепе C-5140S;;;;;;
51TAHH884E_FU.PV;;DI;р цкюбмнцн онкебнцн ондьхомхйю C-5140S;;;;;;
51TAHH884F_FU.PV;;DI;р цкюбмнцн оепедмецн ондьхомхйю C-5140S;;;;;;
51TI080B_TF.PV;;DI;р мюцмерюмхъ 1-ни ярсоемх я-5140,S;;;;;;
51TI081B_TF.PV;;DI;р мюцмерюмхъ 2-ни ярсоемх я-5140,S;;;;;;
51TI091_TF.PV;;DI;T мюцпебюрекэмнцн щкелемрю й-5160;;;;;;
51TI826C_TF.PV;;DI;р цюгю мю мюцмерюмхх жхкхмдп 1 C-5140;;;;;;
51TI826D_TF.PV;;DI;р цюгю мю мюцмерюмхх жхкхмдп 2 C-5140;;;;;;
51TI834D_TF.PV;;DI;релоепюрспю люякю б йюпрепе C-5140;;;;;;
51TI834E_TF.PV;;DI;р цкюбмнцн онкебнцн ондьхомхйю C-5140;;;;;;
51TI834F_TF.PV;;DI;р цкюбмнцн оепедмецн ондьхомхйю C-5140;;;;;;
51TI876C_TF.PV;;DI;р цюгю мю мюцмерюмхх жхкхмдп 1 C-5140S;;;;;;
51TI876D_TF.PV;;DI;р цюгю мю мюцмерюмхх жхкхмдп 2 C-5140S;;;;;;
51TI884D_TF.PV;;DI;релоепюрспю люякю б йюпрепе C-5140S;;;;;;
51TI884E_TF.PV;;DI;р цкюбмнцн онкебнцн ондьхомхйю C-5140S;;;;;;
51TI884F_TF.PV;;DI;р цкюбмнцн оепедмецн ондьхомхйю C-5140S;;;;;;
51TI901A_TF.PV;;DI;релоепюрспю онкебнцн ондьхомхйю п-5103;;;;;;
51TI901B_TF.PV;;DI;релоепюрспю оепедмецн ондьхомхйю п-5103;;;;;;
51TI903A_TF.PV;;DI;релоепюрспю онкебнцн ондьхомхйю P-5108;;;;;;
51TI903B_TF.PV;;DI;релоепюрспю оепедмецн ондьхомхйю п-5108;;;;;;
51TI905A_TF.PV;;DI;релоепюрспю онкебнцн ондьхомхйю P-5109;;;;;;
51TI905B_TF.PV;;DI;релоепюрспю оепедмецн ондьхомхйю п-5109;;;;;;
51TI907A_TF.PV;;DI;релоепюрспю онкебнцн ондьхомхйю P5115;;;;;;
51TI907B_TF.PV;;DI;релоепюрспю оепедмецн ондьхомхйю п-5115;;;;;;
51TI909A_TF.PV;;DI;релоепюрспю онкебнцн ондьхомхйю P-5115S;;;;;;
51TI909B_TF.PV;;DI;релоепюрспю оепедмецн ондьхомхйю п-5115S;;;;;;
51TI911A_TF.PV;;DI;релоепюрспю онкебнцн ондьхомхйю P-5121;;;;;;
51TI911B_TF.PV;;DI;релоепюрспю оепедмецн ондьхомхйю п-5121;;;;;;
51TI913A_TF.PV;;DI;релоепюрспю онкебнцн ондьхомхйю P-5121S;;;;;;
51TI913B_TF.PV;;DI;релоепюрспю оепедмецн ондьхомхйю п-5121S;;;;;;
51TI915A_TF.PV;;DI;релоепюрспю онкебнцн ондьхомхйю P-5130;;;;;;
51TI915B_TF.PV;;DI;релоепюрспю оепедмецн ондьхомхйю п-5130;;;;;;
51TI917A_TF.PV;;DI;релоепюрспю онкебнцн ондьхомхйю P-5130S;;;;;;
51TI917B_TF.PV;;DI;релоепюрспю оепедмецн ондьхомхйю п-5130S;;;;;;
51TI921_TF.PV;;DI;релоепюрспю онкебнцн ондьхомхйю P-5161;;;;;;
51TI922_TF.PV;;DI;релоепюрспю оепедмецн ондьхомхйю п-5161;;;;;;
51TI926_TF.PV;;DI;релоепюрспю оепедмецн ондьхомхйю P-5150;;;;;;
51TI927_TF.PV;;DI;релоепюрспю онкебнцн ондьхомхйю п-5150;;;;;;
51TI936_TF.PV;;DI;релоепюрспю оепедмецн ондьхомхйю P-5150S;;;;;;
51TI937_TF.PV;;DI;релоепюрспю онкебнцн ондьхомхйю п-5150S;;;;;;
51TI971_TF.PV;;DI;релоепюрспю оепедмецн ондьхомхйю п-5101;;;;;;
51TI979A_TF.PV;;DI;релоепюрспю онкебнцн ондьхомхйю P-5100;;;;;;
51TI979B_TF.PV;;DI;релоепюрспю оепедмецн ондьхомхйю п-5100;;;;;;
51TI980A_TF.PV;;DI;релоепюрспю онкебнцн ондьхомхйю P-5100S;;;;;;
51TI980B_TF.PV;;DI;релоепюрспю оепедмецн ондьхомхйю п-5100S;;;;;;
51TI983A_TF.PV;;DI;релоепюрспю онкебнцн ондьхомхйю п-5102;;;;;;
51TI983B_TF.PV;;DI;релоепюрспю оепедмецн ондьхомхйю п-5102;;;;;;
51TI984A_TF.PV;;DI;релоепюрспю онкебнцн ондьхомхйю P-5102S;;;;;;
51TI984B_TF.PV;;DI;релоепюрспю оепедмецн ондьхомхйю п-5102S;;;;;;
51TI987A_TF.PV;;DI;релоепюрспю онкебнцн ондьхомхйю P-5110;;;;;;
51TI987B_TF.PV;;DI;релоепюрспю оепедмецн ондьхомхйю п-5110;;;;;;
51TAHH979B_CA.PV;;DI;релоепюрспю оепедмецн ондьхомхйю п-5100;;;;;;
51TAHH980A.PV;;DI;релоепюрспю онкебнцн ондьхомхйю P-5100S;;;;;;
51TAHH980A_CA.PV;;DI;релоепюрспю онкебнцн ондьхомхйю P-5100S;;;;;;
51TAHH980B.PV;;DI;релоепюрспю оепедмецн ондьхомхйю п-5100S;;;;;;
51TAHH980B_CA.PV;;DI;релоепюрспю оепедмецн ондьхомхйю п-5100S;;;;;;
51TAHH983A.PV;;DI;релоепюрспю оепедмецн ондьхомхйю п-5102;;;;;;
51TAHH983A_CA.PV;;DI;релоепюрспю онкебнцн ондьхомхйю п-5102;;;;;;
51TAHH983B.PV;;DI;релоепюрспю оепедмецн ондьхомхйю п-5102;;;;;;
51TAHH983B_CA.PV;;DI;релоепюрспю оепедмецн ондьхомхйю п-5102;;;;;;
51TAHH984A.PV;;DI;релоепюрспю онкебнцн ондьхомхйю P-5102S;;;;;;
51TAHH984A_CA.PV;;DI;релоепюрспю онкебнцн ондьхомхйю P-5102S;;;;;;
51TAHH984B.PV;;DI;релоепюрспю оепедмецн ондьхомхйю п-5102S;;;;;;
51TAHH984B_CA.PV;;DI;релоепюрспю оепедмецн ондьхомхйю п-5102S;;;;;;
51TAHH987A.PV;;DI;релоепюрспю онкебнцн ондьхомхйю P-5110;;;;;;
51TAHH987A_CA.PV;;DI;релоепюрспю онкебнцн ондьхомхйю P-5110;;;;;;
51TAHH987B.PV;;DI;релоепюрспю оепедмецн ондьхомхйю п-5110;;;;;;
51TAHH987B_CA.PV;;DI;релоепюрспю оепедмецн ондьхомхйю п-5110;;;;;;
51TI988A_TF.PV;;DI;релоепюрспю онкебнцн ондьхомхйю P-5110S;;;;;;
51TI988B_TF.PV;;DI;релоепюрспю оепедмецн ондьхомхйю п-5110S;;;;;;
51TAHH903B_CA.PV;;DI;релоепюрспю оепедмецн ондьхомхйю п-5108;;;;;;
51TAHH905A.PV;;DI;релоепюрспю онкебнцн ондьхомхйю P-5109;;;;;;
51TAHH905A_CA.PV;;DI;релоепюрспю онкебнцн ондьхомхйю P-5109;;;;;;
51TAHH905B.PV;;DI;релоепюрспю оепедмецн ондьхомхйю п-5109;;;;;;
51TAHH905B_CA.PV;;DI;релоепюрспю оепедмецн ондьхомхйю п-5109;;;;;;
51TAHH907A.PV;;DI;релоепюрспю онкебнцн ондьхомхйю P-5115;;;;;;
51TAHH907A_CA.PV;;DI;релоепюрспю онкебнцн ондьхомхйю P-5115;;;;;;
51TAHH907B.PV;;DI;релоепюрспю оепедмецн ондьхомхйю п-5115;;;;;;
51TAHH907B_CA.PV;;DI;релоепюрспю оепедмецн ондьхомхйю п-5115;;;;;;
51TAHH909A.PV;;DI;релоепюрспю онкебнцн ондьхомхйю P-5115S;;;;;;
51TAHH909A_CA.PV;;DI;релоепюрспю онкебнцн ондьхомхйю P-5115S;;;;;;
51TAHH909B.PV;;DI;релоепюрспю оепедмецн ондьхомхйю п-5115S;;;;;;
51TAHH909B_CA.PV;;DI;релоепюрспю оепедмецн ондьхомхйю п-5115S;;;;;;
51TAHH911A.PV;;DI;релоепюрспю онкебнцн ондьхомхйю P-5121;;;;;;
51TAHH911A_CA.PV;;DI;релоепюрспю онкебнцн ондьхомхйю P-5121;;;;;;
51TAHH911B.PV;;DI;релоепюрспю оепедмецн ондьхомхйю п-5121;;;;;;
51TAHH911B_CA.PV;;DI;релоепюрспю оепедмецн ондьхомхйю п-5121;;;;;;
51TAHH913A.PV;;DI;релоепюрспю онкебнцн ондьхомхйю P-5121S;;;;;;
51TAHH913A_CA.PV;;DI;релоепюрспю онкебнцн ондьхомхйю P-5121S;;;;;;
51TAHH913B.PV;;DI;релоепюрспю оепедмецн ондьхомхйю п-5121S;;;;;;
51TAHH913B_CA.PV;;DI;релоепюрспю оепедмецн ондьхомхйю п-5121S;;;;;;
51TAHH915A.PV;;DI;релоепюрспю онкебнцн ондьхомхйю P-5130;;;;;;
51TAHH915A_CA.PV;;DI;релоепюрспю онкебнцн ондьхомхйю P-5130;;;;;;
51TAHH915B.PV;;DI;релоепюрспю оепедмецн ондьхомхйю п-5130;;;;;;
51TAHH915B_CA.PV;;DI;релоепюрспю оепедмецн ондьхомхйю п-5130;;;;;;
51TAHH917A.PV;;DI;релоепюрспю онкебнцн ондьхомхйю P-5130S;;;;;;
51TAHH917A_CA.PV;;DI;релоепюрспю онкебнцн ондьхомхйю P-5130S;;;;;;
51TAHH917B.PV;;DI;релоепюрспю оепедмецн ондьхомхйю п-5130S;;;;;;
51TAHH917B_CA.PV;;DI;релоепюрспю оепедмецн ондьхомхйю п-5130S;;;;;;
51TAHH921.PV;;DI;релоепюрспю онкебнцн ондьхомхйю P-5161;;;;;;
51TAHH921_CA.PV;;DI;релоепюрспю онкебнцн ондьхомхйю P-5161;;;;;;
51TAHH922.PV;;DI;релоепюрспю оепедмецн ондьхомхйю п-5161;;;;;;
51TAHH922_CA.PV;;DI;релоепюрспю оепедмецн ондьхомхйю п-5161;;;;;;
51TAHH926.PV;;DI;релоепюрспю онкебнцн ондьхомхйю P-5150;;;;;;
51TAHH926_CA.PV;;DI;релоепюрспю онкебнцн ондьхомхйю P-5150;;;;;;
51TAHH927.PV;;DI;релоепюрспю оепедмецн ондьхомхйю п-5150;;;;;;
51TAHH927_CA.PV;;DI;релоепюрспю оепедмецн ондьхомхйю п-5150;;;;;;
51TAHH936.PV;;DI;релоепюрспю онкебнцн ондьхомхйю P-5150S;;;;;;
51TAHH936_CA.PV;;DI;релоепюрспю онкебнцн ондьхомхйю P-5150S;;;;;;
51TAHH937.PV;;DI;релоепюрспю оепедмецн ондьхомхйю п-5150S;;;;;;
51TAHH937_CA.PV;;DI;релоепюрспю оепедмецн ондьхомхйю п-5150S;;;;;;
51TAHH971.PV;;DI;релоепюрспю оепедмецн ондьхомхйю п-5101;;;;;;
51TAHH971_CA.PV;;DI;релоепюрспю оепедмецн ондьхомхйю п-5101;;;;;;
51TAHH979A.PV;;DI;релоепюрспю онкебнцн ондьхомхйю P-5100;;;;;;
51TAHH979A_CA.PV;;DI;релоепюрспю онкебнцн ондьхомхйю P-5100;;;;;;
51TAHH979B.PV;;DI;релоепюрспю оепедмецн ондьхомхйю п-5100;;;;;;
51TAHH988A.PV;;DI;релоепюрспю онкебнцн ондьхомхйю P-5110S;;;;;;
51TAHH988A_CA.PV;;DI;релоепюрспю онкебнцн ондьхомхйю P-5110S;;;;;;
51TAHH988B.PV;;DI;релоепюрспю оепедмецн ондьхомхйю п-5110S;;;;;;
51TAHH988B_CA.PV;;DI;релоепюрспю оепедмецн ондьхомхйю п-5110S;;;;;;
51TAHH991A.PV;;DI;релоепюрспю онкебнцн ондьхомхйю P-5120;;;;;;
51TAHH991A_CA.PV;;DI;релоепюрспю онкебнцн ондьхомхйю P-5120;;;;;;
51TAHH991B.PV;;DI;релоепюрспю оепедмецн ондьхомхйю п-5120;;;;;;
51TAHH991B_CA.PV;;DI;релоепюрспю оепедмецн ондьхомхйю п-5120;;;;;;
51TAHH992A.PV;;DI;релоепюрспю онкебнцн ондьхомхйю P-5120S;;;;;;
51TAHH992A_CA.PV;;DI;релоепюрспю онкебнцн ондьхомхйю P-5120S;;;;;;
51TAHH992B.PV;;DI;релоепюрспю оепедмецн ондьхомхйю п-5120S;;;;;;
51TAHH992B_CA.PV;;DI;релоепюрспю оепедмецн ондьхомхйю п-5120S;;;;;;
51TAHH995A.PV;;DI;релоепюрспю онкебнцн ондьхомхйю P-5131;;;;;;
51TAHH995A_CA.PV;;DI;релоепюрспю онкебнцн ондьхомхйю P-5131;;;;;;
51TAHH995B.PV;;DI;релоепюрспю оепедмецн ондьхомхйю п-5131;;;;;;
51TAHH995B_CA.PV;;DI;релоепюрспю оепедмецн ондьхомхйю п-5131;;;;;;
51TAHH996A.PV;;DI;релоепюрспю онкебнцн ондьхомхйю P-5131S;;;;;;
51TAHH996A_CA.PV;;DI;релоепюрспю онкебнцн ондьхомхйю P-5131S;;;;;;
51TAHH996B.PV;;DI;релоепюрспю оепедмецн ондьхомхйю п-5131S;;;;;;
51TAHH996B_CA.PV;;DI;релоепюрспю оепедмецн ондьхомхйю п-5131S;;;;;;
51VAHH925_FU.PV;;DI;бхапюжхъ йюпрепю бепрхйюкэмюъ C-5140;;;;;;
51VAHH926_FU.PV;;DI;бхапюжхъ йюпрепю цнпхгнмрюкэмюъ C-5140;;;;;;
51VAHH975_FU.PV;;DI;бхапюжхъ йюпрепю бепрхйюкэмюъ C-5140S;;;;;;
51VAHH976_FU.PV;;DI;бхапюжхъ йюпрепю цнпхгнмрюкэмюъ C-5140S;;;;;;
51VAHH925.PV;;DI;бхапюжхъ йюпрепю бепрхйюкэмюъ C-5140;;;;;;
51VAHH925_PA.PV;;DI;бхапюжхъ йюпрепю бепрхйюкэмюъ C-5140;;;;;;
51VAHH926.PV;;DI;бхапюжхъ йюпрепю цнпхгнмрюкэмюъ C-5140;;;;;;
51VAHH926_PA.PV;;DI;бхапюжхъ йюпрепю цнпхгнмрюкэмюъ C-5140;;;;;;
51VAHH975.PV;;DI;бхапюжхъ йюпрепю бепрхйюкэмюъ C-5140S;;;;;;
51VAHH975_PA.PV;;DI;бхапюжхъ йюпрепю бепрхйюкэмюъ C-5140S;;;;;;
51VAHH976.PV;;DI;бхапюжхъ йюпрепю цнпхгнмрюкэмюъ C-5140S;;;;;;
51VAHH976_PA.PV;;DI;бхапюжхъ йюпрепю цнпхгнмрюкэмюъ C-5140S;;;;;;
51XA026.PV;;DI;C-5140 юбюпхимши ярно;;;;;;
51XA027.PV;;DI;C-5140S юбюпхимши ярно;;;;;;
51XA955.PV;;DI;яхцмюк нрйкчвемхъ C-5140 MMS;;;;;;
51XA957A.PV;;DI;наыее нрйкчвемхе C-5140 CW;;;;;;
51XA980.PV;;DI;яхцмюк нрйкчвемхъ C-5140S MMS;;;;;;
51XA982A.PV;;DI;наыее нрйкчвемхе C-5140S CW;;;;;;
51ZSLL927_FU.PV;;DI;йнмжебни бшйкчв. йнфсую люунбхйю C-5140;;;;;;
51ZSLL977_FU.PV;;DI;йнмжебни бшйкчв. йнфсую люунбхйю C-5140S;;;;;;
51ZSLL928_FU.PV;;DI;йнмжебни бшйкчв. лстрш C-5140;;;;;;
51ZSLL978_FU.PV;;DI;йнмжебни бшйкчв. лстрш C-5140S;;;;;;
52HA025.PV;;DI;цпсоо. нрйк. нанп. 1 цпсоош (я йнмянкх);;;;;;
52HA025_PA.PV;;DI;цпсоо. нрйк. нанп. 1 цпсоош (я йнмянкх);;;;;;
52HA026.PV;;DI;цпсоо. нрйк. нанп. 2 цпсоош (я йнмянкх);;;;;;
52HA026_PA.PV;;DI;цпсоо. нрйк. нанп. 2 цпсоош (я йнмянкх);;;;;;
52HA027.PV;;DI;цпсоо. нрйк. нанп. 3 цпсоош (я йнмянкх);;;;;;
52HA027_PA.PV;;DI;цпсоо. нрйк. нанп. 3 цпсоош (я йнмянкх);;;;;;
52HA028.PV;;DI;цпсоо. нрйк. нанп. 4 цпсоош (я йнмянкх);;;;;;
52HA028_PA.PV;;DI;цпсоо. нрйк. нанп. 4 цпсоош (я йнмянкх);;;;;;
52HA029.PV;;DI;цпсоо. нрйк. нанп. 1 цпсоош (он леярс);;;;;;
52HA029_PA.PV;;DI;цпсоо. нрйк. нанп. 1 цпсоош (он леярс);;;;;;
52HA030.PV;;DI;цпсоо. нрйк. нанп. 2 цпсоош (он леярс);;;;;;
52HA030_PA.PV;;DI;цпсоо. нрйк. нанп. 2 цпсоош (он леярс);;;;;;
52HA031.PV;;DI;цпсоо. нрйк. нанп. 3 цпсоош (он леярс);;;;;;
52HA031_PA.PV;;DI;цпсоо. нрйк. нанп. 3 цпсоош (он леярс);;;;;;
52LI006_TF.PV;;DI;спнбемэ нроюпеммюни бндш б T-5201;;;;;;
52LI008_TF.PV;;DI;спнбемэ йхякни бндш б V-5201;;;;;;
52LI011_TF.PV;;DI;спнбемэ йхякни бндш б V-5202;;;;;;
52LI013_TF.PV;;DI;спнбемэ йхякни бндш б F-5101;;;;;;
52LI013_MO.PV;;DI;спнбемэ йхякни бндш б F-5101;;;;;;
52LI013_MO.OP;;DI;спнбемэ йхякни бндш б F-5101;;;;;;
52LI013_MO.OP;;DO;спнбемэ йхякни бндш б F-5101;;;;;;
52LI013_MO.MD;;DI;спнбемэ йхякни бндш б F-5101;;;;;;
52LI015_TF.PV;;DI;спнбемэ йхякни бндш мю опх╗ле п-5201;;;;;;
52LI016_TF.PV;;DI;спнбемэ йхякни бндш мю опх╗ле п-5201S;;;;;;
52LALL006.PV;;DI;спнбемэ нроюпеммюни бндш б T-5201;;;;;;
52LALL006_CA.PV;;DI;спнбемэ нроюпеммюни бндш б T-5201;;;;;;
52LALL008.PV;;DI;спнбемэ йхякни бндш б V-5201;;;;;;
52TI901B_TF.PV;;DI;релоепюрспю оепедмецн ондьхомхйю п-5202;;;;;;
52TI903A_TF.PV;;DI;релоепюрспю онкебнцн ондьхомхйю п-5202S;;;;;;
52TI903B_TF.PV;;DI;релоепюрспю оепедмецн ондьхомхйю п-5202S;;;;;;
52TI905A_TF.PV;;DI;релоепюрспю онкебнцн ондьхомхйю п-5204;;;;;;
52TI905B_TF.PV;;DI;релоепюрспю оепедмецн ондьхомхйю п-5204;;;;;;
52TI907A_TF.PV;;DI;релоепюрспю онкебнцн ондьхомхйю п-5204S;;;;;;
52TI907B_TF.PV;;DI;релоепюрспю оепедмецн ондьхомхйю п-5204S;;;;;;
52TI991A_TF.PV;;DI;релоепюрспю онкебнцн ондьхомхйю п-5201;;;;;;
52TI991B_TF.PV;;DI;релоепюрспю оепедмецн ондьхомхйю п-5201;;;;;;
51SIS166.PV;;DI;акнйхпнбйю мнлеп 51-I-166;;;;;;
51HS065_OS.PV;;DI;аюиоюя я ноепюрнпю;;;;;;
51HS065_OS.OP;;DI;аюиоюя я ноепюрнпю;;;;;;
51HS065_OS.OP;;DO;аюиоюя я ноепюрнпю;;;;;;
51HS951B_P.PV;;DI;C-5140 гюосяй;;;;;;
51HS952_P.PV;;DI;C-5140 яапня кнцхйх;;;;;;
51HS958_59_P.PV;;DI;нукюфдючыхи мюяня б пюанре;;;;;;
51HS963_B0_OUT_P.PV;;DI;сопюбкемхе мюцпсгйни 0;;;;;;
51HS963_B1_OUT_P.PV;;DI;сопюбкемхе мюцпсгйни 1;;;;;;
51HS963_B2_OUT_P.PV;;DI;сопюбкемхе мюцпсгйни 2;;;;;;
51HS964_P.PV;;DI;опнбепйю кюло;;;;;;
51HS976B_P.PV;;DI;гюосяй йнлопеяянпю;;;;;;
51HS977_P.PV;;DI;C-5140S яапня кнцхйх;;;;;;
51HS983_84_P.PV;;DI;нукюфдючыхи мюяня б пюанре;;;;;;
51HS988_B0_OUT_P.PV;;DI;сопюбкемхе мюцпсгйни 0;;;;;;
51HS988_B1_OUT_P.PV;;DI;сопюбкемхе мюцпсгйни 1;;;;;;
51HS988_B2_OUT_P.PV;;DI;сопюбкемхе мюцпсгйни 2;;;;;;
51HS989_P.PV;;DI;опнбепйю кюло C-5140S;;;;;;
51HY966A_P.PV;;DI;C5140 LOIL PMP ST PM1S;;;;;;
51HY991A_P.PV;;DI;C5140S LOIL PMP ST PM1S;;;;;;
51XA954_P.PV;;DI;C-5140 цнрнбмнярэ й осяйс нр пяс;;;;;;
51XA979_P.PV;;DI;C-5140S цнрнбмнярэ й осяйс нр пяс;;;;;;
PCDI_1_511_1_FLT.PV;;DI;PCDI ябъгэ ESD_511_1 c CC_511_1;;;;;;
52LALL008_CA.PV;;DI;спнбемэ йхякни бндш б V-5201;;;;;;
52LALL011.PV;;DI;спнбемэ йхякни бндш б V-5202;;;;;;
52LALL011_CA.PV;;DI;спнбемэ йхякни бндш б V-5202;;;;;;
52LALL013.PV;;DI;спнбемэ йхякни бндш б F-5101;;;;;;
52LALL013_CA.PV;;DI;спнбемэ йхякни бндш б F-5101;;;;;;
52LALL015.PV;;DI;спнбемэ йхякни бндш мю опх╗ле п-5201;;;;;;
52LALL015_CA.PV;;DI;спнбемэ йхякни бндш мю опх╗ле п-5201;;;;;;
52LALL016.PV;;DI;спнбемэ йхякни бндш мю опх╗ле п-5201S;;;;;;
52LALL016_CA.PV;;DI;спнбемэ йхякни бндш мю опх╗ле п-5201S;;;;;;
52PI056_TF.PV;;DI;дюбкемхе мю мюцмерюмхх P-5205;;;;;;
52PI057_TF.PV;;DI;дюбкемхе мю мюцмерюмхх P-5205S;;;;;;
52PI058_TF.PV;;DI;дюбкемхе мю мюцмерюмхх P-5206;;;;;;
52PI059_TF.PV;;DI;дюбкемхе мю мюцмерюмхх P-5206S;;;;;;
52PI061_TF.PV;;DI;дюбкемхе мю мюцмерюмхх P-5207;;;;;;
52PI063_TF.PV;;DI;дюбкемхе мю мюцмерюмхх P-5207S;;;;;;
52PI065_TF.PV;;DI;дюбкемхе мю мюцмерюмхх P-5208;;;;;;
52PI067_TF.PV;;DI;дюбкемхе мю мюцмерюмхх P-5208S;;;;;;
52PI090_TF.PV;;DI;дюбкемхе мю мюцмерюмхх P-5202;;;;;;
52PI091_TF.PV;;DI;дюбкемхе мю мюцмерюмхх P-5202S;;;;;;
52PAHH056.PV;;DI;дюбкемхе мю мюцмерюмхх P-5205;;;;;;
52PAHH056_CA.PV;;DI;дюбкемхе мю мюцмерюмхх P-5205;;;;;;
52PAHH057.PV;;DI;дюбкемхе мю мюцмерюмхх P-5205S;;;;;;
52PAHH057_CA.PV;;DI;дюбкемхе мю мюцмерюмхх P-5205S;;;;;;
52PAHH058.PV;;DI;дюбкемхе мю мюцмерюмхх P-5206;;;;;;
52PAHH058_CA.PV;;DI;дюбкемхе мю мюцмерюмхх P-5206;;;;;;
52PAHH059.PV;;DI;дюбкемхе мю мюцмерюмхх P-5206S;;;;;;
52PAHH059_CA.PV;;DI;дюбкемхе мю мюцмерюмхх P-5206S;;;;;;
52PAHH061.PV;;DI;дюбкемхе мю мюцмерюмхх P-5207;;;;;;
52PAHH061_CA.PV;;DI;дюбкемхе мю мюцмерюмхх P-5207;;;;;;
52PAHH063.PV;;DI;дюбкемхе мю мюцмерюмхх P-5207S;;;;;;
52PAHH063_CA.PV;;DI;дюбкемхе мю мюцмерюмхх P-5207S;;;;;;
52PAHH065.PV;;DI;дюбкемхе мю мюцмерюмхх P-5208;;;;;;
52PAHH065_CA.PV;;DI;дюбкемхе мю мюцмерюмхх P-5208;;;;;;
52PAHH067.PV;;DI;дюбкемхе мю мюцмерюмхх P-5208S;;;;;;
52PAHH067_CA.PV;;DI;дюбкемхе мю мюцмерюмхх P-5208S;;;;;;
52PAHH090.PV;;DI;дюбкемхе мю мюцмерюмхх P-5202;;;;;;
52PAHH090_CA.PV;;DI;дюбкемхе мю мюцмерюмхх P-5202;;;;;;
52PAHH091.PV;;DI;дюбкемхе мю мюцмерюмхх P-5202S;;;;;;
52PAHH091_CA.PV;;DI;дюбкемхе мю мюцмерюмхх P-5202S;;;;;;
52TI901A_TF.PV;;DI;релоепюрспю онкебнцн ондьхомхйю п-5202;;;;;;
IB511_ESD1_CF_ALM.PV;;DI;яани йнмрпнккепю ESD511_1;;;;;;
51HS951B_SO.PV;;DI;C-5140 нрйкчв. акнй. 51PI835B опх осяйе;;;;;;
51HS958_SO.PV;;DI;C-5140 нрйкчв. акнй. 51FI827A опх осяйе;;;;;;
51HS976B_SO.PV;;DI;C-5140S нрйкчв. акнй. 51PI885B опх осяйе;;;;;;
51HS983_SO.PV;;DI;C-5140S нрйкчв. акнй. 51FI877A опх осяйе;;;;;;
IB511_ESD1_CS.PV;;DI;бмеьм. хярнвмхй бпелемх;;;;;;
IB511_ESD1_T.PV;;DI;релоепюрспю ме б мнпле;;;;;;
51TI921A_TF.PV;;DI;релоепюрспю онкебнцн ондьхомхйю P-5161;;;;;;
51TI922A_TF.PV;;DI;релоепюрспю оепедмецн ондьхомхйю п-5161;;;;;;
51LI063A_TF.PV;;DI;спнбемэ метреопндсйрю б V-5161;;;;;;
51TI901A2_TF.PV;;DI;релоепюрспю онкебнцн ондьхомхйю п-5103;;;;;;
51TI901B2_TF.PV;;DI;релоепюрспю оепедмецн ондьхомхйю п-5103;;;;;;
51LI040A_TF.PV;;DI;спнбемэ метреопндсйрю б V-5103;;;;;;
51TI903A2_TF.PV;;DI;релоепюрспю онкебнцн ондьхомхйю P-5108;;;;;;
51TI903B2_TF.PV;;DI;релоепюрспю оепедмецн ондьхомхйю п-5108;;;;;;
51LI039A_TF.PV;;DI;спнбемэ метреопндсйрю б V-5102;;;;;;
51TI905A2_TF.PV;;DI;релоепюрспю онкебнцн ондьхомхйю P-5109;;;;;;
51TI905B2_TF.PV;;DI;релоепюрспю оепедмецн ондьхомхйю п-5109;;;;;;
51LI042_TF.PV;;DI;спнбемэ йхякни бндш+метреоп. б F-5100;;;;;;
51TI911A2_TF.PV;;DI;релоепюрспю онкебнцн ондьхомхйю P-5121;;;;;;
51TI911B2_TF.PV;;DI;релоепюрспю оепедмецн ондьхомхйю п-5121;;;;;;
51LI051A_TF.PV;;DI;спнбемэ йхякни бндш б V-5121;;;;;;
51TI913A2_TF.PV;;DI;релоепюрспю онкебнцн ондьхомхйю P-5121S;;;;;;
51TI913B2_TF.PV;;DI;релоепюрспю оепедмецн ондьхомхйю п-5121S;;;;;;
51TI915A2_TF.PV;;DI;релоепюрспю онкебнцн ондьхомхйю P-5130;;;;;;
51TI915B2_TF.PV;;DI;релоепюрспю оепедмецн ондьхомхйю п-5130;;;;;;
51LI053A_TF.PV;;DI;спнбемэ нроюпеммни бндш б р-5130;;;;;;
51TI917A2_TF.PV;;DI;релоепюрспю онкебнцн ондьхомхйю P-5130S;;;;;;
51TI917B2_TF.PV;;DI;релоепюрспю оепедмецн ондьхомхйю п-5130S;;;;;;
51TI926A_TF.PV;;DI;релоепюрспю оепедмецн ондьхомхйю P-5150;;;;;;
51TI927A_TF.PV;;DI;релоепюрспю онкебнцн ондьхомхйю п-5150;;;;;;
51LI061A_TF.PV;;DI;спнбемэ яфхфеммнцн юллхюйю б V-5150;;;;;;
51TI936A_TF.PV;;DI;релоепюрспю оепедмецн ондьхомхйю P-5150S;;;;;;
51TI937A_TF.PV;;DI;релоепюрспю онкебнцн ондьхомхйю п-5150S;;;;;;
51TI080A_TF.PV;;DI;р мюцмерюмхъ 1-ни ярсоемх я-5140,S;;;;;;
51TI081A_TF.PV;;DI;р мюцмерюмхъ 2-ни ярсоемх я-5140,S;;;;;;
51LI057A_TF.PV;;DI;L H2O б V-5140 (опх╗л 1-ни яр. C-5140,S);;;;;;
51LI059A_TF.PV;;DI;L H2O б V-5141 (опх╗л 2-ни яр. C-5140,S);;;;;;
51TI907A2_TF.PV;;DI;релоепюрспю онкебнцн ондьхомхйю P5115;;;;;;
51TI907B2_TF.PV;;DI;релоепюрспю оепедмецн ондьхомхйю п-5115;;;;;;
51TI909A2_TF.PV;;DI;релоепюрспю онкебнцн ондьхомхйю P-5115S;;;;;;
51TI909B2_TF.PV;;DI;релоепюрспю оепедмецн ондьхомхйю п-5115S;;;;;;
51TI979A2_TF.PV;;DI;релоепюрспю онкебнцн ондьхомхйю P-5100;;;;;;
51TI979B2_TF.PV;;DI;релоепюрспю оепедмецн ондьхомхйю п-5100;;;;;;
51TI980A2_TF.PV;;DI;релоепюрспю онкебнцн ондьхомхйю P-5100S;;;;;;
51TI980B2_TF.PV;;DI;релоепюрспю оепедмецн ондьхомхйю п-5100S;;;;;;
51TI983A2_TF.PV;;DI;релоепюрспю онкебнцн ондьхомхйю п-5102;;;;;;
51TI983B2_TF.PV;;DI;релоепюрспю оепедмецн ондьхомхйю п-5102;;;;;;
51LI037A_TF.PV;;DI;спнбемэ йхякни бндш б V-5102;;;;;;
51TI984A2_TF.PV;;DI;релоепюрспю онкебнцн ондьхомхйю P-5102S;;;;;;
51TI984B2_TF.PV;;DI;релоепюрспю оепедмецн ондьхомхйю п-5102S;;;;;;
51TI987A2_TF.PV;;DI;релоепюрспю онкебнцн ондьхомхйю P-5110;;;;;;
51TI987B2_TF.PV;;DI;релоепюрспю оепедмецн ондьхомхйю п-5110;;;;;;
51LI047A_TF.PV;;DI;спнбемэ йхякни бндш б р-5110;;;;;;
51TI988A2_TF.PV;;DI;релоепюрспю онкебнцн ондьхомхйю P-5110S;;;;;;
51TI988B2_TF.PV;;DI;релоепюрспю оепедмецн ондьхомхйю п-5110S;;;;;;
51TI991A2_TF.PV;;DI;релоепюрспю онкебнцн ондьхомхйю P-5120;;;;;;
51TI991B2_TF.PV;;DI;релоепюрспю оепедмецн ондьхомхйю п-5120;;;;;;
51LI049A_TF.PV;;DI;спнбемэ нроюпеммни бндш р-5120;;;;;;
51TI992A2_TF.PV;;DI;релоепюрспю онкебнцн ондьхомхйю P-5120S;;;;;;
51TI992B2_TF.PV;;DI;релоепюрспю оепедмецн ондьхомхйю п-5120S;;;;;;
51PI080A_TF.PV;;DI;дюбкемхе мю мюцмерюмхх п-5105;;;;;;
51PI081A_TF.PV;;DI;дюбкемхе мю мюцмерюмхх п-5105S;;;;;;
51TI995A2_TF.PV;;DI;релоепюрспю онкебнцн ондьхомхйю P-5131;;;;;;
51TI995B2_TF.PV;;DI;релоепюрспю оепедмецн ондьхомхйю п-5131;;;;;;
51LI055A_TF.PV;;DI;спнбемэ п-пю NAOH б р-5131;;;;;;
51TI996A2_TF.PV;;DI;релоепюрспю онкебнцн ондьхомхйю P-5131S;;;;;;
51TI996B2_TF.PV;;DI;релоепюрспю оепедмецн ондьхомхйю п-5131S;;;;;;
51FI035A_TF.PV;;DI;пюяунд югнрю м.д. мю бунде б й-5160;;;;;;
51TI971A_TF.PV;;DI;релоепюрспю оепедмецн ондьхомхйю п-5101;;;;;;
52TI991A2_TF.PV;;DI;релоепюрспю онкебнцн ондьхомхйю п-5201;;;;;;
52TI991B2_TF.PV;;DI;релоепюрспю оепедмецн ондьхомхйю п-5201;;;;;;
52LI015A_TF.PV;;DI;спнбемэ йхякни бндш мю опх╗ле п-5201;;;;;;
52TI992A2_TF.PV;;DI;релоепюрспю онкебнцн ондьхомхйю п-5201S;;;;;;
52TI992B2_TF.PV;;DI;релоепюрспю оепедмецн ондьхомхйю п-5201S;;;;;;
52LI016A_TF.PV;;DI;спнбемэ йхякни бндш мю опх╗ле п-5201S;;;;;;
52TI901A2_TF.PV;;DI;релоепюрспю онкебнцн ондьхомхйю п-5202;;;;;;
52TI901B2_TF.PV;;DI;релоепюрспю оепедмецн ондьхомхйю п-5202;;;;;;
52LI011A_TF.PV;;DI;спнбемэ йхякни бндш б V-5202;;;;;;
52PI042_TF.PV;;DI;дюбкемхе йхяк. бндш мю мюцмерюмхх P-5202;;;;;;
52PI043_TF.PV;;DI;дюбкемхе йхяк. бндш мю мюцмерюмхх P-5202S;;;;;;
52TI903A2_TF.PV;;DI;релоепюрспю онкебнцн ондьхомхйю п-5202S;;;;;;
52TI903B2_TF.PV;;DI;релоепюрспю оепедмецн ондьхомхйю п-5202S;;;;;;
52TI995A2_TF.PV;;DI;релоепюрспю онкебнцн ондьхомхйю п-5203;;;;;;
52TI995B2_TF.PV;;DI;релоепюрспю оепедмецн ондьхомхйю п-5203;;;;;;
52LI006A_TF.PV;;DI;спнбемэ нроюпеммюни бндш б T-5201;;;;;;
52TI996A2_TF.PV;;DI;релоепюрспю онкебнцн ондьхомхйю п-5203S;;;;;;
52TI996B2_TF.PV;;DI;релоепюрспю оепедмецн ондьхомхйю п-5203S;;;;;;
52TI905A2_TF.PV;;DI;релоепюрспю онкебнцн ондьхомхйю п-5204;;;;;;
52TI905B2_TF.PV;;DI;релоепюрспю оепедмецн ондьхомхйю п-5204;;;;;;
52LI008A_TF.PV;;DI;спнбемэ йхякни бндш б V-5201;;;;;;
52TI907A2_TF.PV;;DI;релоепюрспю онкебнцн ондьхомхйю п-5204S;;;;;;
52TI907B2_TF.PV;;DI;релоепюрспю оепедмецн ондьхомхйю п-5204S;;;;;;
52PI005_TF.PV;;DI;дюбкемхе п-пю NAOH мю мюцмерюмхх P-5205;;;;;;
52PI006_TF.PV;;DI;дюбкемхе п-пю NAOH мю мюцмерюмхх P-5205S;;;;;;
52PI019_TF.PV;;DI;дюбкемхе хмц. йнп. мю мюцмерюмхх P-5206;;;;;;
52PI020_TF.PV;;DI;дюбкемхе хмц. йнп. мю мюцмерюмхх P-5206S;;;;;;
52PI060_TF.PV;;DI;дюбкемхе п-пю NAOH мю мюцмерюмхх P-5207;;;;;;
52PI062_TF.PV;;DI;дюбкемхе п-пю NAOH мю мюцмерюмхх P-5207S;;;;;;
52PI064_TF.PV;;DI;дюбкемхе п-пю NAOH мю мюцмерюмхх P-5208;;;;;;
52PI066_TF.PV;;DI;дюбкемхе п-пю NAOH мю мюцмерюмхх P-5208S;;;;;;
51FI827A2_TF.PV;;DI;пюяунд нап. нук. бндш жхкхмдп 1 C-5140;;;;;;
51FI827B2_TF.PV;;DI;пюяунд нап. нук. бндш жхкхмдп 2 C-5140;;;;;;
51PI827D_TF.PV;;DI;п опндсбнвмнцн цюгю-югнрю C-5140;;;;;;
51PI829B1_TF.PV;;DI;п опълни нук. бндш мю жхкхмдпш C-5140;;;;;;
51PI833B1_TF.PV;;DI;дюбкемхе люякю оняке тхкэрпнб C-5140-S1,S1S;;;;;;
51PI837A_TF.PV;;DI;п цюгю мю бунде б жхкхмдп 1 C-5140;;;;;;
51PI837B_TF.PV;;DI;п цюгю мю бунде б жхкхмдп 2 C-5140;;;;;;
51PI841A_TF.PV;;DI;п цюгю мю мюцмерюмхх жхкхмдп 1 C-5140;;;;;;
51PI841B_TF.PV;;DI;п цюгю мю мюцмерюмхх жхкхмдп 2 C-5140;;;;;;
51TI826E_TF.PV;;DI;р цюгю мю мюцмерюмхх жхкхмдп 1 C-5140;;;;;;
51TI826F_TF.PV;;DI;р цюгю мю мюцмерюмхх жхкхмдп 2 C-5140;;;;;;
51TI834B_TF.PV;;DI;р цкюбмнцн онкебнцн ондьхомхйю C-5140;;;;;;
51TI834C_TF.PV;;DI;р цкюбмнцн оепедмецн ондьхомхйю C-5140;;;;;;
51TI834D2_TF.PV;;DI;релоепюрспю люякю б йюпрепе C-5140;;;;;;
51PDI839A_TF.PV;;DI;оепеоюд п цюгю он 1-ни ярсоемх C-5140;;;;;;
51PDI839B_TF.PV;;DI;оепеоюд п цюгю он 2-ни ярсоемх C-5140;;;;;;
51FI877A2_TF.PV;;DI;пюяунд нап. нук. бндш жхкхмдп 1 C-5140S;;;;;;
51FI877B2_TF.PV;;DI;пюяунд нап. нук. бндш жхкхмдп 2 C-5140S;;;;;;
51PI877D_TF.PV;;DI;п опндсбнвмнцн цюгю-югнрю C-5140S;;;;;;
51PI879B1_TF.PV;;DI;п опълни нук бндш мю жхкхмдпш C-5140S;;;;;;
51PI883B1_TF.PV;;DI;дюбкемхе люякю оняке тхкэрпнб C-5140S-S1,S1S;;;;;;
51PI887A_TF.PV;;DI;п цюгю мю бунде б жхкхмдп 1 C-5140S;;;;;;
51PI887B_TF.PV;;DI;п цюгю мю бунде б жхкхмдп 2 C-5140S;;;;;;
51PI891A_TF.PV;;DI;п цюгю мю мюцмерюмхх жхкхмдп 1 C-5140S;;;;;;
51PI891B_TF.PV;;DI;п цюгю мю мюцмерюмхх жхкхмдп 2 C-5140S;;;;;;
51TI876E_TF.PV;;DI;р цюгю мю мюцмерюмхх жхкхмдп 1 C-5140S;;;;;;
51TI876F_TF.PV;;DI;р цюгю мю мюцмерюмхх жхкхмдп 2 C-5140S;;;;;;
51TI884B_TF.PV;;DI;р цкюбмнцн онкебнцн ондьхомхйю C-5140S;;;;;;
51TI884C_TF.PV;;DI;р цкюбмнцн оепедмецн ондьхомхйю C-5140S;;;;;;
51TI884D2_TF.PV;;DI;релоепюрспю люякю б йюпрепе C-5140S;;;;;;
51PDI889A_TF.PV;;DI;оепеоюд п цюгю он 1-ни ярсоемх C-5140S;;;;;;
51PDI889B_TF.PV;;DI;оепеоюд п цюгю он 2-ни ярсоемх C-5140S;;;;;;
51TAHH921A_CA.PV;;DI;релоепюрспю онкебнцн ондьхомхйю P-5161;;;;;;
51TAHH922A_CA.PV;;DI;релоепюрспю оепедмецн ондьхомхйю п-5161;;;;;;
51LALL063A_CA.PV;;DI;спнбемэ метреопндсйрю б V-5161;;;;;;
51TAHH901A2_CA.PV;;DI;релоепюрспю онкебнцн ондьхомхйю п-5103;;;;;;
51TAHH901B2_CA.PV;;DI;релоепюрспю оепедмецн ондьхомхйю п-5103;;;;;;
51LALL040A_CA.PV;;DI;спнбемэ метреопндсйрю б V-5103;;;;;;
51TAHH903A2_CA.PV;;DI;релоепюрспю онкебнцн ондьхомхйю P-5108;;;;;;
51TAHH903B2_CA.PV;;DI;релоепюрспю оепедмецн ондьхомхйю п-5108;;;;;;
51LALL039A_CA.PV;;DI;спнбемэ метреопндсйрю б V-5102;;;;;;
51TAHH905A2_CA.PV;;DI;релоепюрспю онкебнцн ондьхомхйю P-5109;;;;;;
51TAHH905B2_CA.PV;;DI;релоепюрспю оепедмецн ондьхомхйю п-5109;;;;;;
51LALL042_CA.PV;;DI;спнбемэ йхякни бндш+метреоп. б F-5100;;;;;;
51TAHH911A2_CA.PV;;DI;релоепюрспю онкебнцн ондьхомхйю P-5121;;;;;;
51TAHH911B2_CA.PV;;DI;релоепюрспю оепедмецн ондьхомхйю п-5121;;;;;;
51LALL051A_CA.PV;;DI;спнбемэ йхякни бндш б V-5121;;;;;;
51TAHH913A2_CA.PV;;DI;релоепюрспю онкебнцн ондьхомхйю P-5121S;;;;;;
51TAHH913B2_CA.PV;;DI;релоепюрспю оепедмецн ондьхомхйю п-5121S;;;;;;
51TAHH915A2_CA.PV;;DI;релоепюрспю онкебнцн ондьхомхйю P-5130;;;;;;
51TAHH915B2_CA.PV;;DI;релоепюрспю оепедмецн ондьхомхйю п-5130;;;;;;
51LALL053A_CA.PV;;DI;спнбемэ нроюпеммни бндш б р-5130;;;;;;
51TAHH917A2_CA.PV;;DI;релоепюрспю онкебнцн ондьхомхйю P-5130S;;;;;;
51TAHH917B2_CA.PV;;DI;релоепюрспю оепедмецн ондьхомхйю п-5130S;;;;;;
51TAHH926A_CA.PV;;DI;релоепюрспю онкебнцн ондьхомхйю P-5150;;;;;;
51TAHH927A_CA.PV;;DI;релоепюрспю оепедмецн ондьхомхйю п-5150;;;;;;
51LALL061A_CA.PV;;DI;спнбемэ яфхфеммнцн юллхюйю б V-5150;;;;;;
51TAHH936A_CA.PV;;DI;релоепюрспю онкебнцн ондьхомхйю P-5150S;;;;;;
51TAHH937A_CA.PV;;DI;релоепюрспю оепедмецн ондьхомхйю п-5150S;;;;;;
51TAHH080A_CA.PV;;DI;р мюцмерюмхъ 1-ни ярсоемх я-5140,S;;;;;;
51TAHH081A_CA.PV;;DI;р мюцмерюмхъ 2-ни ярсоемх я-5140,S;;;;;;
51LAHH057A_CA.PV;;DI;L H2O б V-5140 (опх╗л 1-ни яр. C-5140,S);;;;;;
51LAHH059A_CA.PV;;DI;L H2O б V-5141 (опх╗л 2-ни яр. C-5140,S);;;;;;
51TAHH907A2_CA.PV;;DI;релоепюрспю онкебнцн ондьхомхйю P5115;;;;;;
51TAHH907B2_CA.PV;;DI;релоепюрспю оепедмецн ондьхомхйю п-5115;;;;;;
51TAHH909A2_CA.PV;;DI;релоепюрспю онкебнцн ондьхомхйю P-5115S;;;;;;
51TAHH909B2_CA.PV;;DI;релоепюрспю оепедмецн ондьхомхйю п-5115S;;;;;;
51TAHH979A2_CA.PV;;DI;релоепюрспю онкебнцн ондьхомхйю P-5100;;;;;;
51TAHH979B2_CA.PV;;DI;релоепюрспю оепедмецн ондьхомхйю п-5100;;;;;;
51TAHH980A2_CA.PV;;DI;релоепюрспю онкебнцн ондьхомхйю P-5100S;;;;;;
51TAHH980B2_CA.PV;;DI;релоепюрспю оепедмецн ондьхомхйю п-5100S;;;;;;
51TAHH983A2_CA.PV;;DI;релоепюрспю онкебнцн ондьхомхйю п-5102;;;;;;
51TAHH983B2_CA.PV;;DI;релоепюрспю оепедмецн ондьхомхйю п-5102;;;;;;
51LALL037A_CA.PV;;DI;спнбемэ йхякни бндш б V-5102;;;;;;
51TAHH984A2_CA.PV;;DI;релоепюрспю онкебнцн ондьхомхйю P-5102S;;;;;;
51TAHH984B2_CA.PV;;DI;релоепюрспю оепедмецн ондьхомхйю п-5102S;;;;;;
51TAHH987A2_CA.PV;;DI;релоепюрспю онкебнцн ондьхомхйю P-5110;;;;;;
51TAHH987B2_CA.PV;;DI;релоепюрспю оепедмецн ондьхомхйю п-5110;;;;;;
51LALL047A_CA.PV;;DI;спнбемэ йхякни бндш б р-5110;;;;;;
51TAHH988A2_CA.PV;;DI;релоепюрспю онкебнцн ондьхомхйю P-5110S;;;;;;
51TAHH988B2_CA.PV;;DI;релоепюрспю оепедмецн ондьхомхйю п-5110S;;;;;;
51TAHH991A2_CA.PV;;DI;релоепюрспю онкебнцн ондьхомхйю P-5120;;;;;;
51TAHH991B2_CA.PV;;DI;релоепюрспю оепедмецн ондьхомхйю п-5120;;;;;;
51LALL049A_CA.PV;;DI;спнбемэ нроюпеммни бндш р-5120;;;;;;
51TAHH992A2_CA.PV;;DI;релоепюрспю онкебнцн ондьхомхйю P-5120S;;;;;;
51TAHH992B2_CA.PV;;DI;релоепюрспю оепедмецн ондьхомхйю п-5120S;;;;;;
51PAHH080A_CA.PV;;DI;дюбкемхе мю мюцмерюмхх п-5105;;;;;;
51PAHH081A_CA.PV;;DI;дюбкемхе мю мюцмерюмхх п-5105S;;;;;;
51TAHH995A2_CA.PV;;DI;релоепюрспю онкебнцн ондьхомхйю P-5131;;;;;;
51TAHH995B2_CA.PV;;DI;релоепюрспю оепедмецн ондьхомхйю п-5131;;;;;;
51LALL055A_CA.PV;;DI;спнбемэ п-пю NAOH б р-5131;;;;;;
51TAHH996A2_CA.PV;;DI;релоепюрспю онкебнцн ондьхомхйю P-5131S;;;;;;
51TAHH996B2_CA.PV;;DI;релоепюрспю оепедмецн ондьхомхйю п-5131S;;;;;;
51FALL035A_CA.PV;;DI;пюяунд югнрю м.д. мю бунде б й-5160;;;;;;
51TAHH971A_CA.PV;;DI;релоепюрспю оепедмецн ондьхомхйю п-5101;;;;;;
52TAHH991A2_CA.PV;;DI;релоепюрспю онкебнцн ондьхомхйю п-5201;;;;;;
52TAHH991B2_CA.PV;;DI;релоепюрспю оепедмецн ондьхомхйю п-5201;;;;;;
52LALL015A_CA.PV;;DI;спнбемэ йхякни бндш мю опх╗ле п-5201;;;;;;
52TAHH992A2_CA.PV;;DI;релоепюрспю онкебнцн ондьхомхйю п-5201S;;;;;;
52TAHH992B2_CA.PV;;DI;релоепюрспю оепедмецн ондьхомхйю п-5201S;;;;;;
52LALL016A_CA.PV;;DI;спнбемэ йхякни бндш мю опх╗ле п-5201S;;;;;;
52TAHH901A2_CA.PV;;DI;релоепюрспю онкебнцн ондьхомхйю п-5202;;;;;;
52TAHH901B2_CA.PV;;DI;релоепюрспю оепедмецн ондьхомхйю п-5202;;;;;;
52LALL011A_CA.PV;;DI;спнбемэ йхякни бндш б V-5202;;;;;;
52PAHH042_CA.PV;;DI;дюбкемхе мю мюцмерюмхх P-5202;;;;;;
52PAHH043_CA.PV;;DI;дюбкемхе мю мюцмерюмхх P-5202S;;;;;;
52TAHH903A2_CA.PV;;DI;релоепюрспю онкебнцн ондьхомхйю п-5202S;;;;;;
52TAHH903B2_CA.PV;;DI;релоепюрспю оепедмецн ондьхомхйю п-5202S;;;;;;
52TAHH995A2_CA.PV;;DI;релоепюрспю онкебнцн ондьхомхйю п-5203;;;;;;
52TAHH995B2_CA.PV;;DI;релоепюрспю оепедмецн ондьхомхйю п-5203;;;;;;
52LALL006A_CA.PV;;DI;спнбемэ нроюпеммюни бндш б T-5201;;;;;;
52TAHH996A2_CA.PV;;DI;релоепюрспю онкебнцн ондьхомхйю п-5203S;;;;;;
52TAHH996B2_CA.PV;;DI;релоепюрспю оепедмецн ондьхомхйю п-5203S;;;;;;
52TAHH905A2_CA.PV;;DI;релоепюрспю онкебнцн ондьхомхйю п-5204;;;;;;
52TAHH905B2_CA.PV;;DI;релоепюрспю оепедмецн ондьхомхйю п-5204;;;;;;
52LALL008A_CA.PV;;DI;спнбемэ йхякни бндш б V-5201;;;;;;
52TAHH907A2_CA.PV;;DI;релоепюрспю онкебнцн ондьхомхйю п-5204S;;;;;;
52TAHH907B2_CA.PV;;DI;релоепюрспю оепедмецн ондьхомхйю п-5204S;;;;;;
52PAHH005_CA.PV;;DI;дюбкемхе мю мюцмерюмхх P-5205;;;;;;
52PAHH006_CA.PV;;DI;дюбкемхе мю мюцмерюмхх P-5205S;;;;;;
52PAHH019_CA.PV;;DI;дюбкемхе мю мюцмерюмхх P-5206;;;;;;
52PAHH020_CA.PV;;DI;дюбкемхе мю мюцмерюмхх P-5206S;;;;;;
52PAHH060_CA.PV;;DI;дюбкемхе мю мюцмерюмхх P-5207;;;;;;
52PAHH062_CA.PV;;DI;дюбкемхе мю мюцмерюмхх P-5207S;;;;;;
52PAHH064_CA.PV;;DI;дюбкемхе мю мюцмерюмхх P-5208;;;;;;
52PAHH066_CA.PV;;DI;дюбкемхе мю мюцмерюмхх P-5208S;;;;;;
51FALL827A2_CA.PV;;DI;пюяунд нап. нук. бндш жхкхмдп 1 C-5140;;;;;;
51FALL827B2_CA.PV;;DI;пюяунд нап. нук. бндш жхкхмдп 2 C-5140;;;;;;
51PALL827D_CA.PV;;DI;п опндсбнвмнцн цюгю-югнрю C-5140;;;;;;
51PALL829B1_CA.PV;;DI;п опълни нук. бндш мю жхкхмдпш C-5140;;;;;;
51PALL833B1_CA.PV;;DI;дюбкемхе люякю б йюпрепе C-5140;;;;;;
51PALL837A_CA.PV;;DI;п цюгю мю бунде б жхкхмдп 1 C-5140;;;;;;
51PALL837B_CA.PV;;DI;п цюгю мю бунде б жхкхмдп 2 C-5140;;;;;;
51PAHH841A_CA.PV;;DI;п цюгю мю мюцмерюмхх жхкхмдп 1 C-5140;;;;;;
51PAHH841B_CA.PV;;DI;п цюгю мю мюцмерюмхх жхкхмдп 2 C-5140;;;;;;
51TAHH826E_CA.PV;;DI;р цюгю мю мюцмерюмхх жхкхмдп 1 C-5140;;;;;;
51TAHH826F_CA.PV;;DI;р цюгю мю мюцмерюмхх жхкхмдп 2 C-5140;;;;;;
51TAHH834B_CA.PV;;DI;р цкюбмнцн онкебнцн ондьхомхйю C-5140;;;;;;
51TAHH834C_CA.PV;;DI;р цкюбмнцн оепедмецн ондьхомхйю C-5140;;;;;;
51TAHH834D2_CA.PV;;DI;релоепюрспю люякю б йюпрепе C-5140;;;;;;
51PDAHH839A_CA.PV;;DI;оепеоюд п цюгю он 1-ни ярсоемх C-5140;;;;;;
51PDAHH839B_CA.PV;;DI;оепеоюд п цюгю он 2-ни ярсоемх C-5140;;;;;;
51FALL877A2_CA.PV;;DI;пюяунд нап. нук. бндш жхкхмдп 1 C-5140S;;;;;;
51FALL877B2_CA.PV;;DI;пюяунд нап. нук. бндш жхкхмдп 2 C-5140S;;;;;;
51PALL877D_CA.PV;;DI;п опндсбнвмнцн цюгю-югнрю C-5140S;;;;;;
51PALL879B1_CA.PV;;DI;п опълни нук бндш мю жхкхмдпш C-5140S;;;;;;
51PALL883B1_CA.PV;;DI;дюбкемхе люякю б йюпрепе C-5140S;;;;;;
51PALL887A_CA.PV;;DI;п цюгю мю бунде б жхкхмдп 1 C-5140S;;;;;;
51PALL887B_CA.PV;;DI;п цюгю мю бунде б жхкхмдп 2 C-5140S;;;;;;
51PAHH891A_CA.PV;;DI;п цюгю мю мюцмерюмхх жхкхмдп 1 C-5140S;;;;;;
51PAHH891B_CA.PV;;DI;п цюгю мю мюцмерюмхх жхкхмдп 2 C-5140S;;;;;;
51TAHH876E_CA.PV;;DI;р цюгю мю мюцмерюмхх жхкхмдп 1 C-5140S;;;;;;
51TAHH876F_CA.PV;;DI;р цюгю мю мюцмерюмхх жхкхмдп 2 C-5140S;;;;;;
51TAHH884B_CA.PV;;DI;р цкюбмнцн онкебнцн ондьхомхйю C-5140S;;;;;;
51TAHH884C_CA.PV;;DI;р цкюбмнцн оепедмецн ондьхомхйю C-5140S;;;;;;
51TAHH884D2_CA.PV;;DI;релоепюрспю люякю б йюпрепе C-5140S;;;;;;
51PDAHH889A_CA.PV;;DI;оепеоюд п цюгю он 1-ни ярсоемх C-5140S;;;;;;
51PDAHH889B_CA.PV;;DI;оепеоюд п цюгю он 2-ни ярсоемх C-5140S;;;;;;
51LI066_MO.PV;;DI;спнбемэ 51LI066/042 йхякни бндш+метреоп. б F-5100;;;;;;
51LI066_MO.OP;;DI;спнбемэ 51LI066/042 йхякни бндш+метреоп. б F-5100;;;;;;
51LI066_MO.OP;;DO;спнбемэ 51LI066/042 йхякни бндш+метреоп. б F-5100;;;;;;
51LI066_MO.MD;;DI;спнбемэ 51LI066/042 йхякни бндш+метреоп. б F-5100;;;;;;
51TI926_MO.PV;;DI;релоепюрспю  оепедмецн ондьхомхйю P-5150 51TI926/926A;;;;;;
51TI926_MO.OP;;DI;релоепюрспю  оепедмецн ондьхомхйю P-5150 51TI926/926A;;;;;;
51TI926_MO.OP;;DO;релоепюрспю  оепедмецн ондьхомхйю P-5150 51TI926/926A;;;;;;
51TI926_MO.MD;;DI;релоепюрспю  оепедмецн ондьхомхйю P-5150 51TI926/926A;;;;;;
51TI091_MO.PV;;DI;T мюцпебюрекэмнцн щкелемрю й-5160 51TI091/51TI801;;;;;;
51TI091_MO.OP;;DI;T мюцпебюрекэмнцн щкелемрю й-5160 51TI091/51TI801;;;;;;
51TI091_MO.OP;;DO;T мюцпебюрекэмнцн щкелемрю й-5160 51TI091/51TI801;;;;;;
51TI091_MO.MD;;DI;T мюцпебюрекэмнцн щкелемрю й-5160 51TI091/51TI801;;;;;;
52TI991B_MO.PV;;DI;релоепюрспю оепедмецн ондьхомхйю п-5201 52TI991B/52TI991B2;;;;;;
52TI991B_MO.OP;;DI;релоепюрспю оепедмецн ондьхомхйю п-5201 52TI991B/52TI991B2;;;;;;
52TI991B_MO.OP;;DO;релоепюрспю оепедмецн ондьхомхйю п-5201 52TI991B/52TI991B2;;;;;;
52TI991B_MO.MD;;DI;релоепюрспю оепедмецн ондьхомхйю п-5201 52TI991B/52TI991B2;;;;;;
52TI992A_MO.PV;;DI;релоепюрспю онкебнцн ондьхомхйю п-5201S 52TI992A/52TI992A2;;;;;;
52TI992A_MO.OP;;DI;релоепюрспю онкебнцн ондьхомхйю п-5201S 52TI992A/52TI992A2;;;;;;
52TI992A_MO.OP;;DO;релоепюрспю онкебнцн ондьхомхйю п-5201S 52TI992A/52TI992A2;;;;;;
52TI992A_MO.MD;;DI;релоепюрспю онкебнцн ондьхомхйю п-5201S 52TI992A/52TI992A2;;;;;;
52TI992B_MO.PV;;DI;релоепюрспю оепедмецн ондьхомхйю п-5201S 52TI992B/52TI992B2;;;;;;
52TI992B_MO.OP;;DI;релоепюрспю оепедмецн ондьхомхйю п-5201S 52TI992B/52TI992B2;;;;;;
52TI992B_MO.OP;;DO;релоепюрспю оепедмецн ондьхомхйю п-5201S 52TI992B/52TI992B2;;;;;;
52TI992B_MO.MD;;DI;релоепюрспю оепедмецн ондьхомхйю п-5201S 52TI992B/52TI992B2;;;;;;
52TI995A_MO.PV;;DI;релоепюрспю онкебнцн ондьхомхйю п-5203 52TI995A/52TI995A2;;;;;;
52TI995A_MO.OP;;DI;релоепюрспю онкебнцн ондьхомхйю п-5203 52TI995A/52TI995A2;;;;;;
52TI995A_MO.OP;;DO;релоепюрспю онкебнцн ондьхомхйю п-5203 52TI995A/52TI995A2;;;;;;
52TI995A_MO.MD;;DI;релоепюрспю онкебнцн ондьхомхйю п-5203 52TI995A/52TI995A2;;;;;;
52TI995B_MO.PV;;DI;релоепюрспю оепедмецн ондьхомхйю п-5203 52TI995B/52TI995B2;;;;;;
52TI995B_MO.OP;;DI;релоепюрспю оепедмецн ондьхомхйю п-5203 52TI995B/52TI995B2;;;;;;
52TI995B_MO.OP;;DO;релоепюрспю оепедмецн ондьхомхйю п-5203 52TI995B/52TI995B2;;;;;;
52TI995B_MO.MD;;DI;релоепюрспю оепедмецн ондьхомхйю п-5203 52TI995B/52TI995B2;;;;;;
52TI996A_MO.PV;;DI;релоепюрспю онкебнцн ондьхомхйю п-5203S 52TI996A/52TI996A2;;;;;;
52TI996A_MO.OP;;DI;релоепюрспю онкебнцн ондьхомхйю п-5203S 52TI996A/52TI996A2;;;;;;
52TI996A_MO.OP;;DO;релоепюрспю онкебнцн ондьхомхйю п-5203S 52TI996A/52TI996A2;;;;;;
52TI996A_MO.MD;;DI;релоепюрспю онкебнцн ондьхомхйю п-5203S 52TI996A/52TI996A2;;;;;;
52TI996B_MO.PV;;DI;релоепюрспю оепедмецн ондьхомхйю п-5203S 52TI996B/52TI996B2;;;;;;
52TI996B_MO.OP;;DI;релоепюрспю оепедмецн ондьхомхйю п-5203S 52TI996B/52TI996B2;;;;;;
52TI996B_MO.OP;;DO;релоепюрспю оепедмецн ондьхомхйю п-5203S 52TI996B/52TI996B2;;;;;;
52TI996B_MO.MD;;DI;релоепюрспю оепедмецн ондьхомхйю п-5203S 52TI996B/52TI996B2;;;;;;
51PDI888A_MO.PV;;DI;оепеоюд п цюгю он 1-ни ярсоемх C-5140S 51PDI888A/51PDI889A;;;;;;
51PDI888A_MO.OP;;DI;оепеоюд п цюгю он 1-ни ярсоемх C-5140S 51PDI888A/51PDI889A;;;;;;
51PDI888A_MO.OP;;DO;оепеоюд п цюгю он 1-ни ярсоемх C-5140S 51PDI888A/51PDI889A;;;;;;
51PDI888A_MO.MD;;DI;оепеоюд п цюгю он 1-ни ярсоемх C-5140S 51PDI888A/51PDI889A;;;;;;
51PDI888B_MO.PV;;DI;оепеоюд п цюгю он 2-ни ярсоемх C-5140S 51PDI888B/51PDI889B;;;;;;
51PDI888B_MO.OP;;DI;оепеоюд п цюгю он 2-ни ярсоемх C-5140S 51PDI888B/51PDI889B;;;;;;
51PDI888B_MO.OP;;DO;оепеоюд п цюгю он 2-ни ярсоемх C-5140S 51PDI888B/51PDI889B;;;;;;
51PDI888B_MO.MD;;DI;оепеоюд п цюгю он 2-ни ярсоемх C-5140S 51PDI888B/51PDI889B;;;;;;
51PI080_MO.PV;;DI;дюбкемхе мю мюцмерюмхх п-5105 51PI080/51PI080A;;;;;;
51PI080_MO.OP;;DI;дюбкемхе мю мюцмерюмхх п-5105 51PI080/51PI080A;;;;;;
51PI080_MO.OP;;DO;дюбкемхе мю мюцмерюмхх п-5105 51PI080/51PI080A;;;;;;
51PI080_MO.MD;;DI;дюбкемхе мю мюцмерюмхх п-5105 51PI080/51PI080A;;;;;;
51PI081_MO.PV;;DI;дюбкемхе мю мюцмерюмхх п-5105S 51PI081/51PI081A;;;;;;
51PI081_MO.OP;;DI;дюбкемхе мю мюцмерюмхх п-5105S 51PI081/51PI081A;;;;;;
51PI081_MO.OP;;DO;дюбкемхе мю мюцмерюмхх п-5105S 51PI081/51PI081A;;;;;;
51PI081_MO.MD;;DI;дюбкемхе мю мюцмерюмхх п-5105S 51PI081/51PI081A;;;;;;
51PI829B_MO.PV;;DI;п опълни нук. бндш мю жхкхмдпш C-5140 51PI829B/51PI829B1;;;;;;
51PI829B_MO.OP;;DI;п опълни нук. бндш мю жхкхмдпш C-5140 51PI829B/51PI829B1;;;;;;
51PI829B_MO.OP;;DO;п опълни нук. бндш мю жхкхмдпш C-5140 51PI829B/51PI829B1;;;;;;
51PI829B_MO.MD;;DI;п опълни нук. бндш мю жхкхмдпш C-5140 51PI829B/51PI829B1;;;;;;
51PI833B_MO.PV;;DI;дюбкемхе люякю 51PI833B/51PI833B1 оняке тхкэрпнб C-5140-S1,S1S;;;;;;
51PI833B_MO.OP;;DI;дюбкемхе люякю 51PI833B/51PI833B1 оняке тхкэрпнб C-5140-S1,S1S;;;;;;
51PI833B_MO.OP;;DO;дюбкемхе люякю 51PI833B/51PI833B1 оняке тхкэрпнб C-5140-S1,S1S;;;;;;
51PI833B_MO.MD;;DI;дюбкемхе люякю 51PI833B/51PI833B1 оняке тхкэрпнб C-5140-S1,S1S;;;;;;
51PI835A_MO.PV;;DI;п цюгю мю бунде б жхкхмдп 1 C-5140 51PI835A/51PI837A;;;;;;
51PI835A_MO.OP;;DI;п цюгю мю бунде б жхкхмдп 1 C-5140 51PI835A/51PI837A;;;;;;
51PI835A_MO.OP;;DO;п цюгю мю бунде б жхкхмдп 1 C-5140 51PI835A/51PI837A;;;;;;
51PI835A_MO.MD;;DI;п цюгю мю бунде б жхкхмдп 1 C-5140 51PI835A/51PI837A;;;;;;
51PI835B_MO.PV;;DI;п цюгю мю бунде б жхкхмдп 2 C-5140 51PI835B/51PI837B;;;;;;
51PI835B_MO.OP;;DI;п цюгю мю бунде б жхкхмдп 2 C-5140 51PI835B/51PI837B;;;;;;
51PI835B_MO.OP;;DO;п цюгю мю бунде б жхкхмдп 2 C-5140 51PI835B/51PI837B;;;;;;
51PI835B_MO.MD;;DI;п цюгю мю бунде б жхкхмдп 2 C-5140 51PI835B/51PI837B;;;;;;
51PI840A_MO.PV;;DI;п цюгю мю мюцмерюмхх жхкхмдп 1 C-5140 51PI840A/51PI841A;;;;;;
51PI840A_MO.OP;;DI;п цюгю мю мюцмерюмхх жхкхмдп 1 C-5140 51PI840A/51PI841A;;;;;;
51PI840A_MO.OP;;DO;п цюгю мю мюцмерюмхх жхкхмдп 1 C-5140 51PI840A/51PI841A;;;;;;
51PI840A_MO.MD;;DI;п цюгю мю мюцмерюмхх жхкхмдп 1 C-5140 51PI840A/51PI841A;;;;;;
51PI840B_MO.PV;;DI;п цюгю мю мюцмерюмхх жхкхмдп 2 C-5140 51PI840B/51PI841B;;;;;;
51PI840B_MO.OP;;DI;п цюгю мю мюцмерюмхх жхкхмдп 2 C-5140 51PI840B/51PI841B;;;;;;
51PI840B_MO.OP;;DO;п цюгю мю мюцмерюмхх жхкхмдп 2 C-5140 51PI840B/51PI841B;;;;;;
51PI840B_MO.MD;;DI;п цюгю мю мюцмерюмхх жхкхмдп 2 C-5140 51PI840B/51PI841B;;;;;;
51PI868_MO.PV;;DI;п опндсбнвмнцн цюгю-югнрю C-5140 51PI868/51PI827D;;;;;;
51PI868_MO.OP;;DI;п опндсбнвмнцн цюгю-югнрю C-5140 51PI868/51PI827D;;;;;;
51PI868_MO.OP;;DO;п опндсбнвмнцн цюгю-югнрю C-5140 51PI868/51PI827D;;;;;;
51PI868_MO.MD;;DI;п опндсбнвмнцн цюгю-югнрю C-5140 51PI868/51PI827D;;;;;;
51PI879B_MO.PV;;DI;п опълни нук бндш мю жхкхмдпш C-5140S 51PI879B/51PI879B1;;;;;;
51PI879B_MO.OP;;DI;п опълни нук бндш мю жхкхмдпш C-5140S 51PI879B/51PI879B1;;;;;;
51PI879B_MO.OP;;DO;п опълни нук бндш мю жхкхмдпш C-5140S 51PI879B/51PI879B1;;;;;;
51PI879B_MO.MD;;DI;п опълни нук бндш мю жхкхмдпш C-5140S 51PI879B/51PI879B1;;;;;;
51PI883B_MO.PV;;DI;дюбкемхе люякю 51PI883B/51PI883B1 оняке тхкэрпнб C-5140S-S1,S1S;;;;;;
51PI883B_MO.OP;;DI;дюбкемхе люякю 51PI883B/51PI883B1 оняке тхкэрпнб C-5140S-S1,S1S;;;;;;
51PI883B_MO.OP;;DO;дюбкемхе люякю 51PI883B/51PI883B1 оняке тхкэрпнб C-5140S-S1,S1S;;;;;;
51PI883B_MO.MD;;DI;дюбкемхе люякю 51PI883B/51PI883B1 оняке тхкэрпнб C-5140S-S1,S1S;;;;;;
51PI885A_MO.PV;;DI;п цюгю мю бунде б жхкхмдп 1 C-5140S 51PI885A/51PI887A;;;;;;
51PI885A_MO.OP;;DI;п цюгю мю бунде б жхкхмдп 1 C-5140S 51PI885A/51PI887A;;;;;;
51PI885A_MO.OP;;DO;п цюгю мю бунде б жхкхмдп 1 C-5140S 51PI885A/51PI887A;;;;;;
51PI885A_MO.MD;;DI;п цюгю мю бунде б жхкхмдп 1 C-5140S 51PI885A/51PI887A;;;;;;
51PI885B_MO.PV;;DI;п цюгю мю бунде б жхкхмдп 2 C-5140S 51PI885B/51PI887B;;;;;;
51PI885B_MO.OP;;DI;п цюгю мю бунде б жхкхмдп 2 C-5140S 51PI885B/51PI887B;;;;;;
51PI885B_MO.OP;;DO;п цюгю мю бунде б жхкхмдп 2 C-5140S 51PI885B/51PI887B;;;;;;
51PI885B_MO.MD;;DI;п цюгю мю бунде б жхкхмдп 2 C-5140S 51PI885B/51PI887B;;;;;;
51PI890A_MO.PV;;DI;п цюгю мю мюцмерюмхх жхкхмдп 1 C-5140S 51PI890A/51PI891A;;;;;;
51PI890A_MO.OP;;DI;п цюгю мю мюцмерюмхх жхкхмдп 1 C-5140S 51PI890A/51PI891A;;;;;;
51PI890A_MO.OP;;DO;п цюгю мю мюцмерюмхх жхкхмдп 1 C-5140S 51PI890A/51PI891A;;;;;;
51PI890A_MO.MD;;DI;п цюгю мю мюцмерюмхх жхкхмдп 1 C-5140S 51PI890A/51PI891A;;;;;;
51PI890B_MO.PV;;DI;п цюгю мю мюцмерюмхх жхкхмдп 2 C-5140S 51PI890B/51PI891B;;;;;;
51PI890B_MO.OP;;DI;п цюгю мю мюцмерюмхх жхкхмдп 2 C-5140S 51PI890B/51PI891B;;;;;;
51PI890B_MO.OP;;DO;п цюгю мю мюцмерюмхх жхкхмдп 2 C-5140S 51PI890B/51PI891B;;;;;;
51PI890B_MO.MD;;DI;п цюгю мю мюцмерюмхх жхкхмдп 2 C-5140S 51PI890B/51PI891B;;;;;;
51PI893_MO.PV;;DI;п опндсбнвмнцн цюгю-югнрю C-5140S 51PI893/51PI877D;;;;;;
51PI893_MO.OP;;DI;п опндсбнвмнцн цюгю-югнрю C-5140S 51PI893/51PI877D;;;;;;
51PI893_MO.OP;;DO;п опндсбнвмнцн цюгю-югнрю C-5140S 51PI893/51PI877D;;;;;;
51PI893_MO.MD;;DI;п опндсбнвмнцн цюгю-югнрю C-5140S 51PI893/51PI877D;;;;;;
51TI988B_MO.PV;;DI;релоепюрспю оепедмецн ондьхомхйю п-5110S 51TI988B/51TI988B2;;;;;;
51TI988B_MO.OP;;DI;релоепюрспю оепедмецн ондьхомхйю п-5110S 51TI988B/51TI988B2;;;;;;
51TI988B_MO.OP;;DO;релоепюрспю оепедмецн ондьхомхйю п-5110S 51TI988B/51TI988B2;;;;;;
51TI988B_MO.MD;;DI;релоепюрспю оепедмецн ондьхомхйю п-5110S 51TI988B/51TI988B2;;;;;;
51TI991A_MO.PV;;DI;релоепюрспю онкебнцн ондьхомхйю P-5120 51TI991A/51TI991A2;;;;;;
51TI991A_MO.OP;;DI;релоепюрспю онкебнцн ондьхомхйю P-5120 51TI991A/51TI991A2;;;;;;
51TI991A_MO.OP;;DO;релоепюрспю онкебнцн ондьхомхйю P-5120 51TI991A/51TI991A2;;;;;;
51TI991A_MO.MD;;DI;релоепюрспю онкебнцн ондьхомхйю P-5120 51TI991A/51TI991A2;;;;;;
51TI991B_MO.PV;;DI;релоепюрспю оепедмецн ондьхомхйю п-5120 51TI991B/51TI991B2;;;;;;
51TI991B_MO.OP;;DI;релоепюрспю оепедмецн ондьхомхйю п-5120 51TI991B/51TI991B2;;;;;;
51TI991B_MO.OP;;DO;релоепюрспю оепедмецн ондьхомхйю п-5120 51TI991B/51TI991B2;;;;;;
51TI991B_MO.MD;;DI;релоепюрспю оепедмецн ондьхомхйю п-5120 51TI991B/51TI991B2;;;;;;
51TI992A_MO.PV;;DI;релоепюрспю онкебнцн ондьхомхйю P-5120S 51TI992A/51TI992A2;;;;;;
51TI992A_MO.OP;;DI;релоепюрспю онкебнцн ондьхомхйю P-5120S 51TI992A/51TI992A2;;;;;;
51TI992A_MO.OP;;DO;релоепюрспю онкебнцн ондьхомхйю P-5120S 51TI992A/51TI992A2;;;;;;
51TI992A_MO.MD;;DI;релоепюрспю онкебнцн ондьхомхйю P-5120S 51TI992A/51TI992A2;;;;;;
51TI992B_MO.PV;;DI;релоепюрспю оепедмецн ондьхомхйю п-5120S 51TI992B/51TI992B2;;;;;;
51TI992B_MO.OP;;DI;релоепюрспю оепедмецн ондьхомхйю п-5120S 51TI992B/51TI992B2;;;;;;
51TI992B_MO.OP;;DO;релоепюрспю оепедмецн ондьхомхйю п-5120S 51TI992B/51TI992B2;;;;;;
51TI992B_MO.MD;;DI;релоепюрспю оепедмецн ондьхомхйю п-5120S 51TI992B/51TI992B2;;;;;;
51TI995A_MO.PV;;DI;релоепюрспю онкебнцн ондьхомхйю P-5131 51TI995A/51TI995A2;;;;;;
51TI995A_MO.OP;;DI;релоепюрспю онкебнцн ондьхомхйю P-5131 51TI995A/51TI995A2;;;;;;
51TI995A_MO.OP;;DO;релоепюрспю онкебнцн ондьхомхйю P-5131 51TI995A/51TI995A2;;;;;;
51TI995A_MO.MD;;DI;релоепюрспю онкебнцн ондьхомхйю P-5131 51TI995A/51TI995A2;;;;;;
51TI995B_MO.PV;;DI;релоепюрспю оепедмецн ондьхомхйю п-5131 51TI995B/51TI995B2;;;;;;
51TI995B_MO.OP;;DI;релоепюрспю оепедмецн ондьхомхйю п-5131 51TI995B/51TI995B2;;;;;;
51TI995B_MO.OP;;DO;релоепюрспю оепедмецн ондьхомхйю п-5131 51TI995B/51TI995B2;;;;;;
51TI995B_MO.MD;;DI;релоепюрспю оепедмецн ондьхомхйю п-5131 51TI995B/51TI995B2;;;;;;
51TI996A_MO.PV;;DI;релоепюрспю онкебнцн ондьхомхйю P-5131S 51TI996A/51TI996A2;;;;;;
51TI996A_MO.OP;;DI;релоепюрспю онкебнцн ондьхомхйю P-5131S 51TI996A/51TI996A2;;;;;;
51TI996A_MO.OP;;DO;релоепюрспю онкебнцн ондьхомхйю P-5131S 51TI996A/51TI996A2;;;;;;
51TI996A_MO.MD;;DI;релоепюрспю онкебнцн ондьхомхйю P-5131S 51TI996A/51TI996A2;;;;;;
51TI996B_MO.PV;;DI;релоепюрспю оепедмецн ондьхомхйю п-5131S 51TI996B/51TI996B2;;;;;;
51TI996B_MO.OP;;DI;релоепюрспю оепедмецн ондьхомхйю п-5131S 51TI996B/51TI996B2;;;;;;
51TI996B_MO.OP;;DO;релоепюрспю оепедмецн ондьхомхйю п-5131S 51TI996B/51TI996B2;;;;;;
51TI996B_MO.MD;;DI;релоепюрспю оепедмецн ондьхомхйю п-5131S 51TI996B/51TI996B2;;;;;;
51LI037_MO.PV;;DI;спнбемэ йхякни бндш б T-5110 51LI037/51LI037A;;;;;;
51LI037_MO.OP;;DI;спнбемэ йхякни бндш б T-5110 51LI037/51LI037A;;;;;;
51LI037_MO.OP;;DO;спнбемэ йхякни бндш б T-5110 51LI037/51LI037A;;;;;;
51LI037_MO.MD;;DI;спнбемэ йхякни бндш б T-5110 51LI037/51LI037A;;;;;;
51LI039_MO.PV;;DI;спнбемэ метреопндсйрю б V-5102 51LI039/51LI039A;;;;;;
51LI039_MO.OP;;DI;спнбемэ метреопндсйрю б V-5102 51LI039/51LI039A;;;;;;
51LI039_MO.OP;;DO;спнбемэ метреопндсйрю б V-5102 51LI039/51LI039A;;;;;;
51LI039_MO.MD;;DI;спнбемэ метреопндсйрю б V-5102 51LI039/51LI039A;;;;;;
51LI040_MO.PV;;DI;спнбемэ метреопндсйрю б V-5103 51LI040/51LI040A;;;;;;
51LI040_MO.OP;;DI;спнбемэ метреопндсйрю б V-5103 51LI040/51LI040A;;;;;;
51LI040_MO.OP;;DO;спнбемэ метреопндсйрю б V-5103 51LI040/51LI040A;;;;;;
51LI040_MO.MD;;DI;спнбемэ метреопндсйрю б V-5103 51LI040/51LI040A;;;;;;
51LI047_MO.PV;;DI;спнбемэ йхякни бндш б р-5110 51LI047/51LI047A;;;;;;
51LI047_MO.OP;;DI;спнбемэ йхякни бндш б р-5110 51LI047/51LI047A;;;;;;
51LI047_MO.OP;;DO;спнбемэ йхякни бндш б р-5110 51LI047/51LI047A;;;;;;
51LI047_MO.MD;;DI;спнбемэ йхякни бндш б р-5110 51LI047/51LI047A;;;;;;
51LI049_MO.PV;;DI;спнбемэ нроюпеммни бндш р-5120 51LI049/51LI049A;;;;;;
51LI049_MO.OP;;DI;спнбемэ нроюпеммни бндш р-5120 51LI049/51LI049A;;;;;;
51LI049_MO.OP;;DO;спнбемэ нроюпеммни бндш р-5120 51LI049/51LI049A;;;;;;
51LI049_MO.MD;;DI;спнбемэ нроюпеммни бндш р-5120 51LI049/51LI049A;;;;;;
51LI051_MO.PV;;DI;спнбемэ йхякни бндш б V-5121 51LI051/51LI051A;;;;;;
51LI051_MO.OP;;DI;спнбемэ йхякни бндш б V-5121 51LI051/51LI051A;;;;;;
51LI051_MO.OP;;DO;спнбемэ йхякни бндш б V-5121 51LI051/51LI051A;;;;;;
51LI051_MO.MD;;DI;спнбемэ йхякни бндш б V-5121 51LI051/51LI051A;;;;;;
51LI053_MO.PV;;DI;спнбемэ нроюпеммни бндш б р-5130 51LI053/51LI053A;;;;;;
51LI053_MO.OP;;DI;спнбемэ нроюпеммни бндш б р-5130 51LI053/51LI053A;;;;;;
51LI053_MO.OP;;DO;спнбемэ нроюпеммни бндш б р-5130 51LI053/51LI053A;;;;;;
51LI053_MO.MD;;DI;спнбемэ нроюпеммни бндш б р-5130 51LI053/51LI053A;;;;;;
51LI055_MO.PV;;DI;спнбемэ п-пю NAOH б р-5131 51LI055/51LI055A;;;;;;
51LI055_MO.OP;;DI;спнбемэ п-пю NAOH б р-5131 51LI055/51LI055A;;;;;;
51LI055_MO.OP;;DO;спнбемэ п-пю NAOH б р-5131 51LI055/51LI055A;;;;;;
51LI055_MO.MD;;DI;спнбемэ п-пю NAOH б р-5131 51LI055/51LI055A;;;;;;
51LI057_MO.PV;;DI;L H2O б V-5140 (опх╗л 1-ни яр. C-5140,S) 51LI057/51LI057A;;;;;;
51LI057_MO.OP;;DI;L H2O б V-5140 (опх╗л 1-ни яр. C-5140,S) 51LI057/51LI057A;;;;;;
51LI057_MO.OP;;DO;L H2O б V-5140 (опх╗л 1-ни яр. C-5140,S) 51LI057/51LI057A;;;;;;
51LI057_MO.MD;;DI;L H2O б V-5140 (опх╗л 1-ни яр. C-5140,S) 51LI057/51LI057A;;;;;;
51LI059_MO.PV;;DI;L H2O б V-5141 (опх╗л 2-ни яр. C-5140,S) 51LI059/51LI059A;;;;;;
51LI059_MO.OP;;DI;L H2O б V-5141 (опх╗л 2-ни яр. C-5140,S) 51LI059/51LI059A;;;;;;
51LI059_MO.OP;;DO;L H2O б V-5141 (опх╗л 2-ни яр. C-5140,S) 51LI059/51LI059A;;;;;;
51LI059_MO.MD;;DI;L H2O б V-5141 (опх╗л 2-ни яр. C-5140,S) 51LI059/51LI059A;;;;;;
51LI061_MO.PV;;DI;спнбемэ яфхфеммнцн юллхюйю б V-5150 51LI061/51LI061A;;;;;;
51LI061_MO.OP;;DI;спнбемэ яфхфеммнцн юллхюйю б V-5150 51LI061/51LI061A;;;;;;
51LI061_MO.OP;;DO;спнбемэ яфхфеммнцн юллхюйю б V-5150 51LI061/51LI061A;;;;;;
51LI061_MO.MD;;DI;спнбемэ яфхфеммнцн юллхюйю б V-5150 51LI061/51LI061A;;;;;;
51LI063_MO.PV;;DI;спнбемэ метреопндсйрю б V-5161 51LI063/51LI063A;;;;;;
51LI063_MO.OP;;DI;спнбемэ метреопндсйрю б V-5161 51LI063/51LI063A;;;;;;
51LI063_MO.OP;;DO;спнбемэ метреопндсйрю б V-5161 51LI063/51LI063A;;;;;;
51LI063_MO.MD;;DI;спнбемэ метреопндсйрю б V-5161 51LI063/51LI063A;;;;;;
51FI035_MO.PV;;DI;пюяунд югнрю м.д. мю бунде б й-5160 51FI035/51FI035A;;;;;;
51FI035_MO.OP;;DI;пюяунд югнрю м.д. мю бунде б й-5160 51FI035/51FI035A;;;;;;
51FI035_MO.OP;;DO;пюяунд югнрю м.д. мю бунде б й-5160 51FI035/51FI035A;;;;;;
51FI035_MO.MD;;DI;пюяунд югнрю м.д. мю бунде б й-5160 51FI035/51FI035A;;;;;;
51FI827A_MO.PV;;DI;пюяунд нап. нук. бндш жхкхмдп 1 C-5140 51FI827A/51FI827A2;;;;;;
51FI827A_MO.OP;;DI;пюяунд нап. нук. бндш жхкхмдп 1 C-5140 51FI827A/51FI827A2;;;;;;
51FI827A_MO.OP;;DO;пюяунд нап. нук. бндш жхкхмдп 1 C-5140 51FI827A/51FI827A2;;;;;;
51FI827A_MO.MD;;DI;пюяунд нап. нук. бндш жхкхмдп 1 C-5140 51FI827A/51FI827A2;;;;;;
51FI827B_MO.PV;;DI;пюяунд нап. нук. бндш жхкхмдп 2 C-5140 51FI827B/51FI827B2;;;;;;
51FI827B_MO.OP;;DI;пюяунд нап. нук. бндш жхкхмдп 2 C-5140 51FI827B/51FI827B2;;;;;;
51FI827B_MO.OP;;DO;пюяунд нап. нук. бндш жхкхмдп 2 C-5140 51FI827B/51FI827B2;;;;;;
51FI827B_MO.MD;;DI;пюяунд нап. нук. бндш жхкхмдп 2 C-5140 51FI827B/51FI827B2;;;;;;
51FI877A_MO.PV;;DI;пюяунд нап. нук. бндш жхкхмдп 1 C-5140S 51FI877A/51FI877A2;;;;;;
51FI877A_MO.OP;;DI;пюяунд нап. нук. бндш жхкхмдп 1 C-5140S 51FI877A/51FI877A2;;;;;;
51FI877A_MO.OP;;DO;пюяунд нап. нук. бндш жхкхмдп 1 C-5140S 51FI877A/51FI877A2;;;;;;
51FI877A_MO.MD;;DI;пюяунд нап. нук. бндш жхкхмдп 1 C-5140S 51FI877A/51FI877A2;;;;;;
51FI877B_MO.PV;;DI;пюяунд нап. нук. бндш жхкхмдп 2 C-5140S 51FI877B/51FI877B2;;;;;;
51FI877B_MO.OP;;DI;пюяунд нап. нук. бндш жхкхмдп 2 C-5140S 51FI877B/51FI877B2;;;;;;
51FI877B_MO.OP;;DO;пюяунд нап. нук. бндш жхкхмдп 2 C-5140S 51FI877B/51FI877B2;;;;;;
51FI877B_MO.MD;;DI;пюяунд нап. нук. бндш жхкхмдп 2 C-5140S 51FI877B/51FI877B2;;;;;;
51PDI838A_MO.PV;;DI;оепеоюд п цюгю он 1-ни ярсоемх C-5140 51PDI838A/51PDI839A;;;;;;
51PDI838A_MO.OP;;DI;оепеоюд п цюгю он 1-ни ярсоемх C-5140 51PDI838A/51PDI839A;;;;;;
51PDI838A_MO.OP;;DO;оепеоюд п цюгю он 1-ни ярсоемх C-5140 51PDI838A/51PDI839A;;;;;;
51PDI838A_MO.MD;;DI;оепеоюд п цюгю он 1-ни ярсоемх C-5140 51PDI838A/51PDI839A;;;;;;
51PDI838B_MO.PV;;DI;оепеоюд п цюгю он 2-ни ярсоемх C-5140 51PDI838B/51PDI839B;;;;;;
51PDI838B_MO.OP;;DI;оепеоюд п цюгю он 2-ни ярсоемх C-5140 51PDI838B/51PDI839B;;;;;;
51PDI838B_MO.OP;;DO;оепеоюд п цюгю он 2-ни ярсоемх C-5140 51PDI838B/51PDI839B;;;;;;
51PDI838B_MO.MD;;DI;оепеоюд п цюгю он 2-ни ярсоемх C-5140 51PDI838B/51PDI839B;;;;;;
51TI080B_MO.PV;;DI;р мюцмерюмхъ 1-ни ярсоемх я-5140,S 51TI080B/51TI080A;;;;;;
51TI080B_MO.OP;;DI;р мюцмерюмхъ 1-ни ярсоемх я-5140,S 51TI080B/51TI080A;;;;;;
51TI080B_MO.OP;;DO;р мюцмерюмхъ 1-ни ярсоемх я-5140,S 51TI080B/51TI080A;;;;;;
51TI080B_MO.MD;;DI;р мюцмерюмхъ 1-ни ярсоемх я-5140,S 51TI080B/51TI080A;;;;;;
51TI081B_MO.PV;;DI;р мюцмерюмхъ 2-ни ярсоемх я-5140,S 51TI081B/51TI081A;;;;;;
51TI081B_MO.OP;;DI;р мюцмерюмхъ 2-ни ярсоемх я-5140,S 51TI081B/51TI081A;;;;;;
51TI081B_MO.OP;;DO;р мюцмерюмхъ 2-ни ярсоемх я-5140,S 51TI081B/51TI081A;;;;;;
51TI081B_MO.MD;;DI;р мюцмерюмхъ 2-ни ярсоемх я-5140,S 51TI081B/51TI081A;;;;;;
51TI826C_MO.PV;;DI;р цюгю мю мюцмерюмхх жхкхмдп 1 C-5140 51TI826C/51TI826E;;;;;;
51TI826C_MO.OP;;DI;р цюгю мю мюцмерюмхх жхкхмдп 1 C-5140 51TI826C/51TI826E;;;;;;
51TI826C_MO.OP;;DO;р цюгю мю мюцмерюмхх жхкхмдп 1 C-5140 51TI826C/51TI826E;;;;;;
51TI826C_MO.MD;;DI;р цюгю мю мюцмерюмхх жхкхмдп 1 C-5140 51TI826C/51TI826E;;;;;;
51TI826D_MO.PV;;DI;р цюгю мю мюцмерюмхх жхкхмдп 2 C-5140 51TI826D/51TI826F;;;;;;
51TI826D_MO.OP;;DI;р цюгю мю мюцмерюмхх жхкхмдп 2 C-5140 51TI826D/51TI826F;;;;;;
51TI826D_MO.OP;;DO;р цюгю мю мюцмерюмхх жхкхмдп 2 C-5140 51TI826D/51TI826F;;;;;;
51TI826D_MO.MD;;DI;р цюгю мю мюцмерюмхх жхкхмдп 2 C-5140 51TI826D/51TI826F;;;;;;
51TI834D_MO.PV;;DI;релоепюрспю люякю б йюпрепе C-5140 51TI834D/51TI834D2;;;;;;
51TI834D_MO.OP;;DI;релоепюрспю люякю б йюпрепе C-5140 51TI834D/51TI834D2;;;;;;
51TI834D_MO.OP;;DO;релоепюрспю люякю б йюпрепе C-5140 51TI834D/51TI834D2;;;;;;
51TI834D_MO.MD;;DI;релоепюрспю люякю б йюпрепе C-5140 51TI834D/51TI834D2;;;;;;
51TI834E_MO.PV;;DI;р цкюбмнцн онкебнцн ондьхомхйю C-5140 51TI834E/51TI834B;;;;;;
51TI834E_MO.OP;;DI;р цкюбмнцн онкебнцн ондьхомхйю C-5140 51TI834E/51TI834B;;;;;;
51TI834E_MO.OP;;DO;р цкюбмнцн онкебнцн ондьхомхйю C-5140 51TI834E/51TI834B;;;;;;
51TI834E_MO.MD;;DI;р цкюбмнцн онкебнцн ондьхомхйю C-5140 51TI834E/51TI834B;;;;;;
51TI834F_MO.PV;;DI;р цкюбмнцн оепедмецн ондьхомхйю C-5140 51TI834F/51TI834C;;;;;;
51TI834F_MO.OP;;DI;р цкюбмнцн оепедмецн ондьхомхйю C-5140 51TI834F/51TI834C;;;;;;
51TI834F_MO.OP;;DO;р цкюбмнцн оепедмецн ондьхомхйю C-5140 51TI834F/51TI834C;;;;;;
51TI834F_MO.MD;;DI;р цкюбмнцн оепедмецн ондьхомхйю C-5140 51TI834F/51TI834C;;;;;;
51TI876C_MO.PV;;DI;р цюгю мю мюцмерюмхх жхкхмдп 1 C-5140S 51TI876C/51TI876E;;;;;;
51TI876C_MO.OP;;DI;р цюгю мю мюцмерюмхх жхкхмдп 1 C-5140S 51TI876C/51TI876E;;;;;;
51TI876C_MO.OP;;DO;р цюгю мю мюцмерюмхх жхкхмдп 1 C-5140S 51TI876C/51TI876E;;;;;;
51TI876C_MO.MD;;DI;р цюгю мю мюцмерюмхх жхкхмдп 1 C-5140S 51TI876C/51TI876E;;;;;;
51TI876D_MO.PV;;DI;р цюгю мю мюцмерюмхх жхкхмдп 2 C-5140S 51TI876D/51TI876F;;;;;;
51TI876D_MO.OP;;DI;р цюгю мю мюцмерюмхх жхкхмдп 2 C-5140S 51TI876D/51TI876F;;;;;;
51TI876D_MO.OP;;DO;р цюгю мю мюцмерюмхх жхкхмдп 2 C-5140S 51TI876D/51TI876F;;;;;;
51TI876D_MO.MD;;DI;р цюгю мю мюцмерюмхх жхкхмдп 2 C-5140S 51TI876D/51TI876F;;;;;;
51TI884D_MO.PV;;DI;релоепюрспю люякю б йюпрепе C-5140S 51TI884D/51TI884D2;;;;;;
51TI884D_MO.OP;;DI;релоепюрспю люякю б йюпрепе C-5140S 51TI884D/51TI884D2;;;;;;
51TI884D_MO.OP;;DO;релоепюрспю люякю б йюпрепе C-5140S 51TI884D/51TI884D2;;;;;;
51TI884D_MO.MD;;DI;релоепюрспю люякю б йюпрепе C-5140S 51TI884D/51TI884D2;;;;;;
51TI884E_MO.PV;;DI;р цкюбмнцн онкебнцн ондьхомхйю C-5140S 51TI884E/51TI884B;;;;;;
51TI884E_MO.OP;;DI;р цкюбмнцн онкебнцн ондьхомхйю C-5140S 51TI884E/51TI884B;;;;;;
51TI884E_MO.OP;;DO;р цкюбмнцн онкебнцн ондьхомхйю C-5140S 51TI884E/51TI884B;;;;;;
51TI884E_MO.MD;;DI;р цкюбмнцн онкебнцн ондьхомхйю C-5140S 51TI884E/51TI884B;;;;;;
51TI884F_MO.PV;;DI;р цкюбмнцн оепедмецн ондьхомхйю C-5140S 51TI884F/51TI884C;;;;;;
51TI884F_MO.OP;;DI;р цкюбмнцн оепедмецн ондьхомхйю C-5140S 51TI884F/51TI884C;;;;;;
51TI884F_MO.OP;;DO;р цкюбмнцн оепедмецн ондьхомхйю C-5140S 51TI884F/51TI884C;;;;;;
51TI884F_MO.MD;;DI;р цкюбмнцн оепедмецн ондьхомхйю C-5140S 51TI884F/51TI884C;;;;;;
51TI901A_MO.PV;;DI;релоепюрспю онкебнцн ондьхомхйю п-5103 51TI901A/51TI901A2;;;;;;
51TI901A_MO.OP;;DI;релоепюрспю онкебнцн ондьхомхйю п-5103 51TI901A/51TI901A2;;;;;;
51TI901A_MO.OP;;DO;релоепюрспю онкебнцн ондьхомхйю п-5103 51TI901A/51TI901A2;;;;;;
51TI901A_MO.MD;;DI;релоепюрспю онкебнцн ондьхомхйю п-5103 51TI901A/51TI901A2;;;;;;
51TI901B_MO.PV;;DI;релоепюрспю оепедмецн ондьхомхйю п-5103 51TI901B/51TI901B2;;;;;;
51TI901B_MO.OP;;DI;релоепюрспю оепедмецн ондьхомхйю п-5103 51TI901B/51TI901B2;;;;;;
51TI901B_MO.OP;;DO;релоепюрспю оепедмецн ондьхомхйю п-5103 51TI901B/51TI901B2;;;;;;
51TI901B_MO.MD;;DI;релоепюрспю оепедмецн ондьхомхйю п-5103 51TI901B/51TI901B2;;;;;;
51TI903A_MO.PV;;DI;релоепюрспю онкебнцн ондьхомхйю P-5108 51TI903A/51TI903A2;;;;;;
51TI903A_MO.OP;;DI;релоепюрспю онкебнцн ондьхомхйю P-5108 51TI903A/51TI903A2;;;;;;
51TI903A_MO.OP;;DO;релоепюрспю онкебнцн ондьхомхйю P-5108 51TI903A/51TI903A2;;;;;;
51TI903A_MO.MD;;DI;релоепюрспю онкебнцн ондьхомхйю P-5108 51TI903A/51TI903A2;;;;;;
51TI903B_MO.PV;;DI;релоепюрспю оепедмецн ондьхомхйю п-5108 51TI903B/51TI903B2;;;;;;
51TI903B_MO.OP;;DI;релоепюрспю оепедмецн ондьхомхйю п-5108 51TI903B/51TI903B2;;;;;;
51TI903B_MO.OP;;DO;релоепюрспю оепедмецн ондьхомхйю п-5108 51TI903B/51TI903B2;;;;;;
51TI903B_MO.MD;;DI;релоепюрспю оепедмецн ондьхомхйю п-5108 51TI903B/51TI903B2;;;;;;
51TI905A_MO.PV;;DI;релоепюрспю онкебнцн ондьхомхйю P-5109 51TI905A/51TI905A2;;;;;;
51TI905A_MO.OP;;DI;релоепюрспю онкебнцн ондьхомхйю P-5109 51TI905A/51TI905A2;;;;;;
51TI905A_MO.OP;;DO;релоепюрспю онкебнцн ондьхомхйю P-5109 51TI905A/51TI905A2;;;;;;
51TI905A_MO.MD;;DI;релоепюрспю онкебнцн ондьхомхйю P-5109 51TI905A/51TI905A2;;;;;;
51TI905B_MO.PV;;DI;релоепюрспю оепедмецн ондьхомхйю п-5109 51TI905B/51TI905B2;;;;;;
51TI905B_MO.OP;;DI;релоепюрспю оепедмецн ондьхомхйю п-5109 51TI905B/51TI905B2;;;;;;
51TI905B_MO.OP;;DO;релоепюрспю оепедмецн ондьхомхйю п-5109 51TI905B/51TI905B2;;;;;;
51TI905B_MO.MD;;DI;релоепюрспю оепедмецн ондьхомхйю п-5109 51TI905B/51TI905B2;;;;;;
51TI907A_MO.PV;;DI;релоепюрспю онкебнцн ондьхомхйю P5115 51TI907A/51TI907A2;;;;;;
51TI907A_MO.OP;;DI;релоепюрспю онкебнцн ондьхомхйю P5115 51TI907A/51TI907A2;;;;;;
51TI907A_MO.OP;;DO;релоепюрспю онкебнцн ондьхомхйю P5115 51TI907A/51TI907A2;;;;;;
51TI907A_MO.MD;;DI;релоепюрспю онкебнцн ондьхомхйю P5115 51TI907A/51TI907A2;;;;;;
51TI907B_MO.PV;;DI;релоепюрспю оепедмецн ондьхомхйю п-5115 51TI907B/51TI907B2;;;;;;
51TI907B_MO.OP;;DI;релоепюрспю оепедмецн ондьхомхйю п-5115 51TI907B/51TI907B2;;;;;;
51TI907B_MO.OP;;DO;релоепюрспю оепедмецн ондьхомхйю п-5115 51TI907B/51TI907B2;;;;;;
51TI907B_MO.MD;;DI;релоепюрспю оепедмецн ондьхомхйю п-5115 51TI907B/51TI907B2;;;;;;
51TI909A_MO.PV;;DI;релоепюрспю онкебнцн ондьхомхйю P-5115S 51TI909A/51TI909A2;;;;;;
51TI909A_MO.OP;;DI;релоепюрспю онкебнцн ондьхомхйю P-5115S 51TI909A/51TI909A2;;;;;;
51TI909A_MO.OP;;DO;релоепюрспю онкебнцн ондьхомхйю P-5115S 51TI909A/51TI909A2;;;;;;
51TI909A_MO.MD;;DI;релоепюрспю онкебнцн ондьхомхйю P-5115S 51TI909A/51TI909A2;;;;;;
51TI909B_MO.PV;;DI;релоепюрспю оепедмецн ондьхомхйю п-5115S 51TI909B/51TI909B2;;;;;;
51TI909B_MO.OP;;DI;релоепюрспю оепедмецн ондьхомхйю п-5115S 51TI909B/51TI909B2;;;;;;
51TI909B_MO.OP;;DO;релоепюрспю оепедмецн ондьхомхйю п-5115S 51TI909B/51TI909B2;;;;;;
51TI909B_MO.MD;;DI;релоепюрспю оепедмецн ондьхомхйю п-5115S 51TI909B/51TI909B2;;;;;;
51TI911A_MO.PV;;DI;релоепюрспю онкебнцн ондьхомхйю P-5121 51TI911A/51TI911A2;;;;;;
51TI911A_MO.OP;;DI;релоепюрспю онкебнцн ондьхомхйю P-5121 51TI911A/51TI911A2;;;;;;
51TI911A_MO.OP;;DO;релоепюрспю онкебнцн ондьхомхйю P-5121 51TI911A/51TI911A2;;;;;;
51TI911A_MO.MD;;DI;релоепюрспю онкебнцн ондьхомхйю P-5121 51TI911A/51TI911A2;;;;;;
51TI911B_MO.PV;;DI;релоепюрспю оепедмецн ондьхомхйю п-5121 51TI911B/51TI911B2;;;;;;
51TI911B_MO.OP;;DI;релоепюрспю оепедмецн ондьхомхйю п-5121 51TI911B/51TI911B2;;;;;;
51TI911B_MO.OP;;DO;релоепюрспю оепедмецн ондьхомхйю п-5121 51TI911B/51TI911B2;;;;;;
51TI911B_MO.MD;;DI;релоепюрспю оепедмецн ондьхомхйю п-5121 51TI911B/51TI911B2;;;;;;
51TI913A_MO.PV;;DI;релоепюрспю онкебнцн ондьхомхйю P-5121S 51TI913A/51TI913A2;;;;;;
51TI913A_MO.OP;;DI;релоепюрспю онкебнцн ондьхомхйю P-5121S 51TI913A/51TI913A2;;;;;;
51TI913A_MO.OP;;DO;релоепюрспю онкебнцн ондьхомхйю P-5121S 51TI913A/51TI913A2;;;;;;
51TI913A_MO.MD;;DI;релоепюрспю онкебнцн ондьхомхйю P-5121S 51TI913A/51TI913A2;;;;;;
51TI913B_MO.PV;;DI;релоепюрспю оепедмецн ондьхомхйю п-5121S 51TI913B/51TI913B2;;;;;;
51TI913B_MO.OP;;DI;релоепюрспю оепедмецн ондьхомхйю п-5121S 51TI913B/51TI913B2;;;;;;
51TI913B_MO.OP;;DO;релоепюрспю оепедмецн ондьхомхйю п-5121S 51TI913B/51TI913B2;;;;;;
51TI913B_MO.MD;;DI;релоепюрспю оепедмецн ондьхомхйю п-5121S 51TI913B/51TI913B2;;;;;;
51TI915A_MO.PV;;DI;релоепюрспю онкебнцн ондьхомхйю P-5130 51TI915A/51TI915A2;;;;;;
51TI915A_MO.OP;;DI;релоепюрспю онкебнцн ондьхомхйю P-5130 51TI915A/51TI915A2;;;;;;
51TI915A_MO.OP;;DO;релоепюрспю онкебнцн ондьхомхйю P-5130 51TI915A/51TI915A2;;;;;;
51TI915A_MO.MD;;DI;релоепюрспю онкебнцн ондьхомхйю P-5130 51TI915A/51TI915A2;;;;;;
51TI915B_MO.PV;;DI;релоепюрспю оепедмецн ондьхомхйю п-5130 51TI915B/51TI915B2;;;;;;
51TI915B_MO.OP;;DI;релоепюрспю оепедмецн ондьхомхйю п-5130 51TI915B/51TI915B2;;;;;;
51TI915B_MO.OP;;DO;релоепюрспю оепедмецн ондьхомхйю п-5130 51TI915B/51TI915B2;;;;;;
51TI915B_MO.MD;;DI;релоепюрспю оепедмецн ондьхомхйю п-5130 51TI915B/51TI915B2;;;;;;
51TI917A_MO.PV;;DI;релоепюрспю онкебнцн ондьхомхйю P-5130S 51TI917A/51TI917A2;;;;;;
51TI917A_MO.OP;;DI;релоепюрспю онкебнцн ондьхомхйю P-5130S 51TI917A/51TI917A2;;;;;;
51TI917A_MO.OP;;DO;релоепюрспю онкебнцн ондьхомхйю P-5130S 51TI917A/51TI917A2;;;;;;
51TI917A_MO.MD;;DI;релоепюрспю онкебнцн ондьхомхйю P-5130S 51TI917A/51TI917A2;;;;;;
51TI917B_MO.PV;;DI;релоепюрспю оепедмецн ондьхомхйю п-5130S 51TI917B/51TI917B2;;;;;;
51TI917B_MO.OP;;DI;релоепюрспю оепедмецн ондьхомхйю п-5130S 51TI917B/51TI917B2;;;;;;
51TI917B_MO.OP;;DO;релоепюрспю оепедмецн ондьхомхйю п-5130S 51TI917B/51TI917B2;;;;;;
51TI917B_MO.MD;;DI;релоепюрспю оепедмецн ондьхомхйю п-5130S 51TI917B/51TI917B2;;;;;;
51TI921_MO.PV;;DI;релоепюрспю онкебнцн ондьхомхйю P-5161 51TI921/51TI921A;;;;;;
51TI921_MO.OP;;DI;релоепюрспю онкебнцн ондьхомхйю P-5161 51TI921/51TI921A;;;;;;
51TI921_MO.OP;;DO;релоепюрспю онкебнцн ондьхомхйю P-5161 51TI921/51TI921A;;;;;;
51TI921_MO.MD;;DI;релоепюрспю онкебнцн ондьхомхйю P-5161 51TI921/51TI921A;;;;;;
51TI922_MO.PV;;DI;релоепюрспю оепедмецн ондьхомхйю п-5161 51TI922/51TI922A;;;;;;
51TI922_MO.OP;;DI;релоепюрспю оепедмецн ондьхомхйю п-5161 51TI922/51TI922A;;;;;;
51TI922_MO.OP;;DO;релоепюрспю оепедмецн ондьхомхйю п-5161 51TI922/51TI922A;;;;;;
51TI922_MO.MD;;DI;релоепюрспю оепедмецн ондьхомхйю п-5161 51TI922/51TI922A;;;;;;
51TI927_MO.PV;;DI;релоепюрспю онкебнцн ондьхомхйю п-5150 51TI927/51TI927A;;;;;;
51TI927_MO.OP;;DI;релоепюрспю онкебнцн ондьхомхйю п-5150 51TI927/51TI927A;;;;;;
51TI927_MO.OP;;DO;релоепюрспю онкебнцн ондьхомхйю п-5150 51TI927/51TI927A;;;;;;
51TI927_MO.MD;;DI;релоепюрспю онкебнцн ондьхомхйю п-5150 51TI927/51TI927A;;;;;;
51TI936_MO.PV;;DI;релоепюрспю оепедмецн ондьхомхйю P-5150S 51TI936/51TI936A;;;;;;
51TI936_MO.OP;;DI;релоепюрспю оепедмецн ондьхомхйю P-5150S 51TI936/51TI936A;;;;;;
51TI936_MO.OP;;DO;релоепюрспю оепедмецн ондьхомхйю P-5150S 51TI936/51TI936A;;;;;;
51TI936_MO.MD;;DI;релоепюрспю оепедмецн ондьхомхйю P-5150S 51TI936/51TI936A;;;;;;
51TI937_MO.PV;;DI;релоепюрспю онкебнцн ондьхомхйю п-5150S 51TI937/51TI937A;;;;;;
51TI937_MO.OP;;DI;релоепюрспю онкебнцн ондьхомхйю п-5150S 51TI937/51TI937A;;;;;;
51TI937_MO.OP;;DO;релоепюрспю онкебнцн ондьхомхйю п-5150S 51TI937/51TI937A;;;;;;
51TI937_MO.MD;;DI;релоепюрспю онкебнцн ондьхомхйю п-5150S 51TI937/51TI937A;;;;;;
51TI971_MO.PV;;DI;релоепюрспю оепедмецн ондьхомхйю п-5101 51TI971/51TI971A;;;;;;
51TI971_MO.OP;;DI;релоепюрспю оепедмецн ондьхомхйю п-5101 51TI971/51TI971A;;;;;;
51TI971_MO.OP;;DO;релоепюрспю оепедмецн ондьхомхйю п-5101 51TI971/51TI971A;;;;;;
51TI971_MO.MD;;DI;релоепюрспю оепедмецн ондьхомхйю п-5101 51TI971/51TI971A;;;;;;
51TI979A_MO.PV;;DI;релоепюрспю онкебнцн ондьхомхйю P-5100 51TI979A/51TI979A2;;;;;;
51TI979A_MO.OP;;DI;релоепюрспю онкебнцн ондьхомхйю P-5100 51TI979A/51TI979A2;;;;;;
51TI979A_MO.OP;;DO;релоепюрспю онкебнцн ондьхомхйю P-5100 51TI979A/51TI979A2;;;;;;
51TI979A_MO.MD;;DI;релоепюрспю онкебнцн ондьхомхйю P-5100 51TI979A/51TI979A2;;;;;;
51TI979B_MO.PV;;DI;релоепюрспю оепедмецн ондьхомхйю п-5100 51TI979B/51TI979B2;;;;;;
51TI979B_MO.OP;;DI;релоепюрспю оепедмецн ондьхомхйю п-5100 51TI979B/51TI979B2;;;;;;
51TI979B_MO.OP;;DO;релоепюрспю оепедмецн ондьхомхйю п-5100 51TI979B/51TI979B2;;;;;;
51TI979B_MO.MD;;DI;релоепюрспю оепедмецн ондьхомхйю п-5100 51TI979B/51TI979B2;;;;;;
51TI980A_MO.PV;;DI;релоепюрспю онкебнцн ондьхомхйю P-5100S 51TI980A/51TI980A2;;;;;;
51TI980A_MO.OP;;DI;релоепюрспю онкебнцн ондьхомхйю P-5100S 51TI980A/51TI980A2;;;;;;
51TI980A_MO.OP;;DO;релоепюрспю онкебнцн ондьхомхйю P-5100S 51TI980A/51TI980A2;;;;;;
51TI980A_MO.MD;;DI;релоепюрспю онкебнцн ондьхомхйю P-5100S 51TI980A/51TI980A2;;;;;;
51TI980B_MO.PV;;DI;релоепюрспю оепедмецн ондьхомхйю п-5100S 51TI980B/51TI980B2;;;;;;
51TI980B_MO.OP;;DI;релоепюрспю оепедмецн ондьхомхйю п-5100S 51TI980B/51TI980B2;;;;;;
51TI980B_MO.OP;;DO;релоепюрспю оепедмецн ондьхомхйю п-5100S 51TI980B/51TI980B2;;;;;;
51TI980B_MO.MD;;DI;релоепюрспю оепедмецн ондьхомхйю п-5100S 51TI980B/51TI980B2;;;;;;
51TI983A_MO.PV;;DI;релоепюрспю онкебнцн ондьхомхйю п-5102 51TI983A/51TI983A2;;;;;;
51TI983A_MO.OP;;DI;релоепюрспю онкебнцн ондьхомхйю п-5102 51TI983A/51TI983A2;;;;;;
51TI983A_MO.OP;;DO;релоепюрспю онкебнцн ондьхомхйю п-5102 51TI983A/51TI983A2;;;;;;
51TI983A_MO.MD;;DI;релоепюрспю онкебнцн ондьхомхйю п-5102 51TI983A/51TI983A2;;;;;;
51TI983B_MO.PV;;DI;релоепюрспю оепедмецн ондьхомхйю п-5102 51TI983B/51TI983B2;;;;;;
51TI983B_MO.OP;;DI;релоепюрспю оепедмецн ондьхомхйю п-5102 51TI983B/51TI983B2;;;;;;
51TI983B_MO.OP;;DO;релоепюрспю оепедмецн ондьхомхйю п-5102 51TI983B/51TI983B2;;;;;;
51TI983B_MO.MD;;DI;релоепюрспю оепедмецн ондьхомхйю п-5102 51TI983B/51TI983B2;;;;;;
51TI984A_MO.PV;;DI;релоепюрспю онкебнцн ондьхомхйю P-5102S 51TI984A/51TI984A2;;;;;;
51TI984A_MO.OP;;DI;релоепюрспю онкебнцн ондьхомхйю P-5102S 51TI984A/51TI984A2;;;;;;
51TI984A_MO.OP;;DO;релоепюрспю онкебнцн ондьхомхйю P-5102S 51TI984A/51TI984A2;;;;;;
51TI984A_MO.MD;;DI;релоепюрспю онкебнцн ондьхомхйю P-5102S 51TI984A/51TI984A2;;;;;;
51TI984B_MO.PV;;DI;релоепюрспю оепедмецн ондьхомхйю п-5102S 51TI984B/51TI984B2;;;;;;
51TI984B_MO.OP;;DI;релоепюрспю оепедмецн ондьхомхйю п-5102S 51TI984B/51TI984B2;;;;;;
51TI984B_MO.OP;;DO;релоепюрспю оепедмецн ондьхомхйю п-5102S 51TI984B/51TI984B2;;;;;;
51TI984B_MO.MD;;DI;релоепюрспю оепедмецн ондьхомхйю п-5102S 51TI984B/51TI984B2;;;;;;
51TI987A_MO.PV;;DI;релоепюрспю онкебнцн ондьхомхйю P-5110 51TI987A/51TI987A2;;;;;;
51TI987A_MO.OP;;DI;релоепюрспю онкебнцн ондьхомхйю P-5110 51TI987A/51TI987A2;;;;;;
51TI987A_MO.OP;;DO;релоепюрспю онкебнцн ондьхомхйю P-5110 51TI987A/51TI987A2;;;;;;
51TI987A_MO.MD;;DI;релоепюрспю онкебнцн ондьхомхйю P-5110 51TI987A/51TI987A2;;;;;;
51TI987B_MO.PV;;DI;релоепюрспю оепедмецн ондьхомхйю п-5110 51TI987B/51TI987B2;;;;;;
51TI987B_MO.OP;;DI;релоепюрспю оепедмецн ондьхомхйю п-5110 51TI987B/51TI987B2;;;;;;
51TI987B_MO.OP;;DO;релоепюрспю оепедмецн ондьхомхйю п-5110 51TI987B/51TI987B2;;;;;;
51TI987B_MO.MD;;DI;релоепюрспю оепедмецн ондьхомхйю п-5110 51TI987B/51TI987B2;;;;;;
51TI988A_MO.PV;;DI;релоепюрспю онкебнцн ондьхомхйю P-5110S 51TI988A/51TI988A2;;;;;;
51TI988A_MO.OP;;DI;релоепюрспю онкебнцн ондьхомхйю P-5110S 51TI988A/51TI988A2;;;;;;
51TI988A_MO.OP;;DO;релоепюрспю онкебнцн ондьхомхйю P-5110S 51TI988A/51TI988A2;;;;;;
51TI988A_MO.MD;;DI;релоепюрспю онкебнцн ондьхомхйю P-5110S 51TI988A/51TI988A2;;;;;;
52LI006_MO.PV;;DI;спнбемэ нроюпеммюни бндш б T-5201 52LI006/52LI006A;;;;;;
52LI006_MO.OP;;DI;спнбемэ нроюпеммюни бндш б T-5201 52LI006/52LI006A;;;;;;
52LI006_MO.OP;;DO;спнбемэ нроюпеммюни бндш б T-5201 52LI006/52LI006A;;;;;;
52LI006_MO.MD;;DI;спнбемэ нроюпеммюни бндш б T-5201 52LI006/52LI006A;;;;;;
52LI008_MO.PV;;DI;спнбемэ йхякни бндш б V-5201 52LI008/52LI008A 52LI008/52LI008A;;;;;;
52LI008_MO.OP;;DI;спнбемэ йхякни бндш б V-5201 52LI008/52LI008A 52LI008/52LI008A;;;;;;
52LI008_MO.OP;;DO;спнбемэ йхякни бндш б V-5201 52LI008/52LI008A 52LI008/52LI008A;;;;;;
52LI008_MO.MD;;DI;спнбемэ йхякни бндш б V-5201 52LI008/52LI008A 52LI008/52LI008A;;;;;;
52LI011_MO.PV;;DI;спнбемэ йхякни бндш б V-5202 52LI011/52LI011A;;;;;;
52LI011_MO.OP;;DI;спнбемэ йхякни бндш б V-5202 52LI011/52LI011A;;;;;;
52LI011_MO.OP;;DO;спнбемэ йхякни бндш б V-5202 52LI011/52LI011A;;;;;;
52LI011_MO.MD;;DI;спнбемэ йхякни бндш б V-5202 52LI011/52LI011A;;;;;;
52LI015_MO.PV;;DI;спнбемэ йхякни бндш мю опх╗ле п-5201 52LI015/52LI015A;;;;;;
52LI015_MO.OP;;DI;спнбемэ йхякни бндш мю опх╗ле п-5201 52LI015/52LI015A;;;;;;
52LI015_MO.OP;;DO;спнбемэ йхякни бндш мю опх╗ле п-5201 52LI015/52LI015A;;;;;;
52LI015_MO.MD;;DI;спнбемэ йхякни бндш мю опх╗ле п-5201 52LI015/52LI015A;;;;;;
52LI016_MO.PV;;DI;спнбемэ йхякни бндш мю опх╗ле п-5201S 52LI016/52LI016A;;;;;;
52LI016_MO.OP;;DI;спнбемэ йхякни бндш мю опх╗ле п-5201S 52LI016/52LI016A;;;;;;
52LI016_MO.OP;;DO;спнбемэ йхякни бндш мю опх╗ле п-5201S 52LI016/52LI016A;;;;;;
52LI016_MO.MD;;DI;спнбемэ йхякни бндш мю опх╗ле п-5201S 52LI016/52LI016A;;;;;;
52TI901A_MO.PV;;DI;релоепюрспю онкебнцн ондьхомхйю п-5202 52TI901A/52TI901A2;;;;;;
52TI901A_MO.OP;;DI;релоепюрспю онкебнцн ондьхомхйю п-5202 52TI901A/52TI901A2;;;;;;
52TI901A_MO.OP;;DO;релоепюрспю онкебнцн ондьхомхйю п-5202 52TI901A/52TI901A2;;;;;;
52TI901A_MO.MD;;DI;релоепюрспю онкебнцн ондьхомхйю п-5202 52TI901A/52TI901A2;;;;;;
52TI901B_MO.PV;;DI;релоепюрспю оепедмецн ондьхомхйю п-5202 52TI901B/52TI901B2;;;;;;
52TI901B_MO.OP;;DI;релоепюрспю оепедмецн ондьхомхйю п-5202 52TI901B/52TI901B2;;;;;;
52TI901B_MO.OP;;DO;релоепюрспю оепедмецн ондьхомхйю п-5202 52TI901B/52TI901B2;;;;;;
52TI901B_MO.MD;;DI;релоепюрспю оепедмецн ондьхомхйю п-5202 52TI901B/52TI901B2;;;;;;
52TI903A_MO.PV;;DI;релоепюрспю онкебнцн ондьхомхйю п-5202S 52TI903A/52TI903A2;;;;;;
52TI903A_MO.OP;;DI;релоепюрспю онкебнцн ондьхомхйю п-5202S 52TI903A/52TI903A2;;;;;;
52TI903A_MO.OP;;DO;релоепюрспю онкебнцн ондьхомхйю п-5202S 52TI903A/52TI903A2;;;;;;
52TI903A_MO.MD;;DI;релоепюрспю онкебнцн ондьхомхйю п-5202S 52TI903A/52TI903A2;;;;;;
52TI903B_MO.PV;;DI;релоепюрспю оепедмецн ондьхомхйю п-5202S 52TI903B/52TI903B2;;;;;;
52TI903B_MO.OP;;DI;релоепюрспю оепедмецн ондьхомхйю п-5202S 52TI903B/52TI903B2;;;;;;
52TI903B_MO.OP;;DO;релоепюрспю оепедмецн ондьхомхйю п-5202S 52TI903B/52TI903B2;;;;;;
52TI903B_MO.MD;;DI;релоепюрспю оепедмецн ондьхомхйю п-5202S 52TI903B/52TI903B2;;;;;;
52TI905A_MO.PV;;DI;релоепюрспю онкебнцн ондьхомхйю п-5204 52TI905A/52TI905A2;;;;;;
52TI905A_MO.OP;;DI;релоепюрспю онкебнцн ондьхомхйю п-5204 52TI905A/52TI905A2;;;;;;
52TI905A_MO.OP;;DO;релоепюрспю онкебнцн ондьхомхйю п-5204 52TI905A/52TI905A2;;;;;;
52TI905A_MO.MD;;DI;релоепюрспю онкебнцн ондьхомхйю п-5204 52TI905A/52TI905A2;;;;;;
52TI905B_MO.PV;;DI;релоепюрспю оепедмецн ондьхомхйю п-5204 52TI905B/52TI905B2;;;;;;
52TI905B_MO.OP;;DI;релоепюрспю оепедмецн ондьхомхйю п-5204 52TI905B/52TI905B2;;;;;;
52TI905B_MO.OP;;DO;релоепюрспю оепедмецн ондьхомхйю п-5204 52TI905B/52TI905B2;;;;;;
52TI905B_MO.MD;;DI;релоепюрспю оепедмецн ондьхомхйю п-5204 52TI905B/52TI905B2;;;;;;
52TI907A_MO.PV;;DI;релоепюрспю онкебнцн ондьхомхйю п-5204S 52TI907A/52TI907A2;;;;;;
52TI907A_MO.OP;;DI;релоепюрспю онкебнцн ондьхомхйю п-5204S 52TI907A/52TI907A2;;;;;;
52TI907A_MO.OP;;DO;релоепюрспю онкебнцн ондьхомхйю п-5204S 52TI907A/52TI907A2;;;;;;
52TI907A_MO.MD;;DI;релоепюрспю онкебнцн ондьхомхйю п-5204S 52TI907A/52TI907A2;;;;;;
52TI907B_MO.PV;;DI;релоепюрспю оепедмецн ондьхомхйю п-5204S 52TI907B/52TI907B2;;;;;;
52TI907B_MO.OP;;DI;релоепюрспю оепедмецн ондьхомхйю п-5204S 52TI907B/52TI907B2;;;;;;
52TI907B_MO.OP;;DO;релоепюрспю оепедмецн ондьхомхйю п-5204S 52TI907B/52TI907B2;;;;;;
52TI907B_MO.MD;;DI;релоепюрспю оепедмецн ондьхомхйю п-5204S 52TI907B/52TI907B2;;;;;;
52TI991A_MO.PV;;DI;релоепюрспю онкебнцн ондьхомхйю п-5201 52TI991A/52TI991A2;;;;;;
52TI991A_MO.OP;;DI;релоепюрспю онкебнцн ондьхомхйю п-5201 52TI991A/52TI991A2;;;;;;
52TI991A_MO.OP;;DO;релоепюрспю онкебнцн ондьхомхйю п-5201 52TI991A/52TI991A2;;;;;;
52TI991A_MO.MD;;DI;релоепюрспю онкебнцн ондьхомхйю п-5201 52TI991A/52TI991A2;;;;;;
52PI056_MO.PV;;DI;дюбкемхе мю мюцмерюмхх P-5205 52PI056/52PI005;;;;;;
52PI056_MO.OP;;DI;дюбкемхе мю мюцмерюмхх P-5205 52PI056/52PI005;;;;;;
52PI056_MO.OP;;DO;дюбкемхе мю мюцмерюмхх P-5205 52PI056/52PI005;;;;;;
52PI056_MO.MD;;DI;дюбкемхе мю мюцмерюмхх P-5205 52PI056/52PI005;;;;;;
52PI057_MO.PV;;DI;дюбкемхе мю мюцмерюмхх P-5205S 52PI057/52PI006;;;;;;
52PI057_MO.OP;;DI;дюбкемхе мю мюцмерюмхх P-5205S 52PI057/52PI006;;;;;;
52PI057_MO.OP;;DO;дюбкемхе мю мюцмерюмхх P-5205S 52PI057/52PI006;;;;;;
52PI057_MO.MD;;DI;дюбкемхе мю мюцмерюмхх P-5205S 52PI057/52PI006;;;;;;
52PI058_MO.PV;;DI;дюбкемхе мю мюцмерюмхх P-5206 52PI058/52PI019;;;;;;
52PI058_MO.OP;;DI;дюбкемхе мю мюцмерюмхх P-5206 52PI058/52PI019;;;;;;
52PI058_MO.OP;;DO;дюбкемхе мю мюцмерюмхх P-5206 52PI058/52PI019;;;;;;
52PI058_MO.MD;;DI;дюбкемхе мю мюцмерюмхх P-5206 52PI058/52PI019;;;;;;
52PI059_MO.PV;;DI;дюбкемхе мю мюцмерюмхх P-5206S 52PI059/52PI020;;;;;;
52PI059_MO.OP;;DI;дюбкемхе мю мюцмерюмхх P-5206S 52PI059/52PI020;;;;;;
52PI059_MO.OP;;DO;дюбкемхе мю мюцмерюмхх P-5206S 52PI059/52PI020;;;;;;
52PI059_MO.MD;;DI;дюбкемхе мю мюцмерюмхх P-5206S 52PI059/52PI020;;;;;;
52PI061_MO.PV;;DI;дюбкемхе мю мюцмерюмхх P-5207 52PI061/52PI060;;;;;;
52PI061_MO.OP;;DI;дюбкемхе мю мюцмерюмхх P-5207 52PI061/52PI060;;;;;;
52PI061_MO.OP;;DO;дюбкемхе мю мюцмерюмхх P-5207 52PI061/52PI060;;;;;;
52PI061_MO.MD;;DI;дюбкемхе мю мюцмерюмхх P-5207 52PI061/52PI060;;;;;;
52PI063_MO.PV;;DI;дюбкемхе мю мюцмерюмхх P-5207S 52PI063/52PI062;;;;;;
52PI063_MO.OP;;DI;дюбкемхе мю мюцмерюмхх P-5207S 52PI063/52PI062;;;;;;
52PI063_MO.OP;;DO;дюбкемхе мю мюцмерюмхх P-5207S 52PI063/52PI062;;;;;;
52PI063_MO.MD;;DI;дюбкемхе мю мюцмерюмхх P-5207S 52PI063/52PI062;;;;;;
52PI065_MO.PV;;DI;дюбкемхе мю мюцмерюмхх P-5208 52PI065/52PI064;;;;;;
52PI065_MO.OP;;DI;дюбкемхе мю мюцмерюмхх P-5208 52PI065/52PI064;;;;;;
52PI065_MO.OP;;DO;дюбкемхе мю мюцмерюмхх P-5208 52PI065/52PI064;;;;;;
52PI065_MO.MD;;DI;дюбкемхе мю мюцмерюмхх P-5208 52PI065/52PI064;;;;;;
52PI067_MO.PV;;DI;дюбкемхе мю мюцмерюмхх P-5208S 52PI067/52PI066;;;;;;
52PI067_MO.OP;;DI;дюбкемхе мю мюцмерюмхх P-5208S 52PI067/52PI066;;;;;;
52PI067_MO.OP;;DO;дюбкемхе мю мюцмерюмхх P-5208S 52PI067/52PI066;;;;;;
52PI067_MO.MD;;DI;дюбкемхе мю мюцмерюмхх P-5208S 52PI067/52PI066;;;;;;
52PI090_MO.PV;;DI;дюбкемхе мю мюцмерюмхх P-5202 52PI090/52PI042;;;;;;
52PI090_MO.OP;;DI;дюбкемхе мю мюцмерюмхх P-5202 52PI090/52PI042;;;;;;
52PI090_MO.OP;;DO;дюбкемхе мю мюцмерюмхх P-5202 52PI090/52PI042;;;;;;
52PI090_MO.MD;;DI;дюбкемхе мю мюцмерюмхх P-5202 52PI090/52PI042;;;;;;
52PI091_MO.PV;;DI;дюбкемхе мю мюцмерюмхх P-5202S 52PI091/52PI043;;;;;;
52PI091_MO.OP;;DI;дюбкемхе мю мюцмерюмхх P-5202S 52PI091/52PI043;;;;;;
52PI091_MO.OP;;DO;дюбкемхе мю мюцмерюмхх P-5202S 52PI091/52PI043;;;;;;
52PI091_MO.MD;;DI;дюбкемхе мю мюцмерюмхх P-5202S 52PI091/52PI043;;;;;;
51PAHH883B1_CA.PV;;DI;дюбкемхе люякю б йюпрепе C-5140S;;;;;;
51PAHH887A_CA.PV;;DI;п цюгю мю бунде б жхкхмдп 1 C-5140S;;;;;;
51PAHH887B_CA.PV;;DI;п цюгю мю бунде б жхкхмдп 2 C-5140S;;;;;;
51PAHH833B1_CA.PV;;DI;дюбкемхе люякю б йюпрепе C-5140;;;;;;
51PAHH837A_CA.PV;;DI;п цюгю мю бунде б жхкхмдп 1 C-5140;;;;;;
51PAHH837B_CA.PV;;DI;п цюгю мю бунде б жхкхмдп 2 C-5140;;;;;;
51LAHH042_CA.PV;;DI;спнбемэ йхякни бндш+метреоп. б F-5100;;;;;;
30AI950A_TF.PV;;DI;яндепфюмхе йхякнпндю б дшлнбшу цюгюу оевх H-3001;;;;;;+
30AI950C_TF.PV;;DI;яндепфюмхе йхякнпндю б дшлнбшу цюгюу оевх H-3001;;;;;;+
30AALL950A_CA.PV;;DI;яндепфюмхе йхякнпндю б дшлнбшу цюгюу оевх H-3001;;;;;;+
30AALL950C_CA.PV;;DI;яндепфюмхе йхякнпндю б дшлнбшу цюгюу оевх H-3001;;;;;;+
10VA942Y_F.PV;;DI;P-1002S мюяня J бхапюж. ондьхо. яани йюмюкю;;;;;;
10VA943Y_F.PV;;DI;P-1002S рспахмш J бхапюж. ондьхо. яани йюмюкю;;;;;;
10VA944Y_F.PV;;DI;P-1002S рспахмш J бхапюж. ондьхо. яани йюмюкю;;;;;;
B101BN_RACK1_RS.PV;;DI;BENTLY NEVADA IB-10-1 йюпйюя 1 янярнъмхе;;;;;;
B101BN_RACK1_UPS.PV;;DI;BENTLY NEVADA IB-10-1 йюпйюя 1 щкохрюмхъ бепу;;;;;;
B101BN_RACK1_LPS.PV;;DI;BENTLY NEVADA IB-10-1 йюпйюя 1 щкохрюмхъ мхг;;;;;;
B101BN_RACK1_RMS.PV;;DI;BENTLY NEVADA IB-10-1 йюпйюя 1 TDI/RIM янярнъмхе;;;;;;
10VA901X_F.PV;;DI;P-1001A мюяня J бхапюж. ондьхо. яани йюмюкю;;;;;;
10VA901Y_F.PV;;DI;P-1001A мюяня J бхапюж. ондьхо. яани йюмюкю;;;;;;
10VA902X_F.PV;;DI;P-1001A мюяня J бхапюж. ондьхо. яани йюмюкю;;;;;;
10VA902Y_F.PV;;DI;P-1001A мюяня J бхапюж. ондьхо. яани йюмюкю;;;;;;
10VA931X_F.PV;;DI;P-1002A мюяня J бхапюж. ондьхо. яани йюмюкю;;;;;;
10VA931Y_F.PV;;DI;P-1002A мюяня J бхапюж. ондьхо. яани йюмюкю;;;;;;
10VA932X_F.PV;;DI;P-1002A мюяня J бхапюж. ондьхо. яани йюмюкю;;;;;;
10VA932Y_F.PV;;DI;P-1002A мюяня J бхапюж. ондьхо. яани йюмюкю;;;;;;
B101BN_RACK2_RS.PV;;DI;BENTLY NEVADA IB-10-1 йюпйюя 2 янярнъмхе;;;;;;
B101BN_RACK2_UPS.PV;;DI;BENTLY NEVADA IB-10-1 йюпйюя 2 щкохрюмхъ бепу;;;;;;
B101BN_RACK2_LPS.PV;;DI;BENTLY NEVADA IB-10-1 йюпйюя 2 щкохрюмхъ мхг;;;;;;
B101BN_RACK2_RMS.PV;;DI;BENTLY NEVADA IB-10-1 йюпйюя 2 TDI/RIM янярнъмхе;;;;;;
10VA911X_F.PV;;DI;P-1001B мюяня J бхапюж. ондьхо. яани йюмюкю;;;;;;
10VA911Y_F.PV;;DI;P-1001B мюяня J бхапюж. ондьхо. яани йюмюкю;;;;;;
10VA912X_F.PV;;DI;P-1001B мюяня J бхапюж. ондьхо. яани йюмюкю;;;;;;
10VA912Y_F.PV;;DI;P-1001B мюяня J бхапюж. ондьхо. яани йюмюкю;;;;;;
B101BN_RACK3_RS.PV;;DI;BENTLY NEVADA IB-10-1 йюпйюя 3 янярнъмхе;;;;;;
B101BN_RACK3_UPS.PV;;DI;BENTLY NEVADA IB-10-1 йюпйюя 3 щкохрюмхъ бепу;;;;;;
B101BN_RACK3_LPS.PV;;DI;BENTLY NEVADA IB-10-1 йюпйюя 3 щкохрюмхъ мхг;;;;;;
B101BN_RACK3_RMS.PV;;DI;BENTLY NEVADA IB-10-1 йюпйюя 3 TDI/RIM янярнъмхе;;;;;;
10VA921X_F.PV;;DI;P-1001S мюяня J бхапюж. ондьхо. яани йюмюкю;;;;;;
10VA922X_F.PV;;DI;P-1001S мюяня J бхапюж. ондьхо. яани йюмюкю;;;;;;
10VA923X_F.PV;;DI;P-1001S рспахмш J бхапюж. ондьхо. яани йюмюкю;;;;;;
10VA924X_F.PV;;DI;P-1001S рспахмш J бхапюж. ондьхо. яани йюмюкю;;;;;;
10VA921Y_F.PV;;DI;P-1001S мюяня J бхапюж. ондьхо. яани йюмюкю;;;;;;
10VA922Y_F.PV;;DI;P-1001S мюяня J бхапюж. ондьхо. яани йюмюкю;;;;;;
10VA923Y_F.PV;;DI;P-1001S рспахмш J бхапюж. ондьхо. яани йюмюкю;;;;;;
10VA924Y_F.PV;;DI;P-1001S рспахмш J бхапюж. ондьхо. яани йюмюкю;;;;;;
10VA941X_F.PV;;DI;P-1002S мюяня J бхапюж. ондьхо. яани йюмюкю;;;;;;
10VA942X_F.PV;;DI;P-1002S мюяня J бхапюж. ондьхо. яани йюмюкю;;;;;;
10VA943X_F.PV;;DI;P-1002S рспахмш J бхапюж. ондьхо. яани йюмюкю;;;;;;
10VA944X_F.PV;;DI;P-1002S рспахмш J бхапюж. ондьхо. яани йюмюкю;;;;;;
10VA941Y_F.PV;;DI;P-1002S мюяня J бхапюж. ондьхо. яани йюмюкю;;;;;;
30VA875A_F.PV;;DI;C-3001A бхапюжхъ йюпрепю бепрхйюкэмюъ;;;;;;+
30VAH875A.PV;;DI;C-3001A бхапюжхъ йюпрепю бепрхйюкэмюъ;;;;;;+
B301BN_RACK1_RS.PV;;DI;BENTLY NEVADA IB-30-1 йюпйюя 1 янярнъмхе;;;;;;++
B301BN_RACK1_UPS.PV;;DI;BENTLY NEVADA IB-30-1 йюпйюя 1 щкохрюмхъ бепу;;;;;;++
B301BN_RACK1_LPS.PV;;DI;BENTLY NEVADA IB-30-1 йюпйюя 1 щкохрюмхъ мхг;;;;;;++
B301BN_RACK1_RMS.PV;;DI;BENTLY NEVADA IB-30-1 йюпйюя 1 TDI/RIM янярнъмхе;;;;;;++
30VA875_F.PV;;DI;C-3001A бхапюжхъ йюпрепю бепрхйюкэмюъ;;;;;;+
30VAH875.PV;;DI;C-3001A бхапюжхъ йюпрепю бепрхйюкэмюъ;;;;;;+
30VA876_F.PV;;DI;C-3001A бхапюжхъ йюпрепю цнпхгнмрюкэмюъ;;;;;;+
30VAH876.PV;;DI;C-3001A бхапюжхъ йюпрепю цнпхгнмрюкэмюъ;;;;;;+
30ZA875_F.PV;;DI;C-3001A опенапюгнбюрекэ оепбнцн жхкхмдпю;;;;;;+
30ZAH875.PV;;DI;C-3001A опенапюгнбюрекэ оепбнцн жхкхмдпю;;;;;;+
30ZA876_F.PV;;DI;C-3001A опенапюгнбюрекэ брнпнцн жхкхмдпю;;;;;;+
30ZAH876.PV;;DI;C-3001A опенапюгнбюрекэ брнпнцн жхкхмдпю;;;;;;+
30SA875_F.PV;;DI;C-3001A дюрвхй яйнпнярх бпюыемхъ дбхцюрекъ;;;;;;+
B301BN_RACK2_RS.PV;;DI;BENTLY NEVADA IB-30-1 йюпйюя 2 янярнъмхе;;;;;;++
B301BN_RACK2_UPS.PV;;DI;BENTLY NEVADA IB-30-1 йюпйюя 2 щкохрюмхъ бепу;;;;;;++
B301BN_RACK2_LPS.PV;;DI;BENTLY NEVADA IB-30-1 йюпйюя 2 щкохрюмхъ мхг;;;;;;++
B301BN_RACK2_RMS.PV;;DI;BENTLY NEVADA IB-30-1 йюпйюя 2 TDI/RIM янярнъмхе;;;;;;++
30VA975_F.PV;;DI;C-3001S бхапюжхъ йюпрепю бепрхйюкэмюъ;;;;;;+
30VAH975.PV;;DI;C-3001S бхапюжхъ йюпрепю бепрхйюкэмюъ;;;;;;+
30VA976_F.PV;;DI;C-3001S бхапюжхъ йюпрепю цнпхгнмрюкэмюъ;;;;;;+
30VAH976.PV;;DI;C-3001S бхапюжхъ йюпрепю цнпхгнмрюкэмюъ;;;;;;+
30ZA975_F.PV;;DI;C-3001S опенапюгнбюрекэ оепбнцн жхкхмдпю;;;;;;+
30ZAH975.PV;;DI;C-3001S опенапюгнбюрекэ оепбнцн жхкхмдпю;;;;;;+
30ZA976_F.PV;;DI;C-3001S опенапюгнбюрекэ брнпнцн жхкхмдпю;;;;;;+
30ZAH976.PV;;DI;C-3001S опенапюгнбюрекэ брнпнцн жхкхмдпю;;;;;;+
30SA975_F.PV;;DI;C-3001S дюрвхй яйнпнярх бпюыемхъ дбхцюрекъ;;;;;;+
30VA876A_F.PV;;DI;C-3001A бхапюжхъ йюпрепю цнпхгнмрюкэмюъ;;;;;;+
30VAH876A.PV;;DI;C-3001A бхапюжхъ йюпрепю цнпхгнмрюкэмюъ;;;;;;+
30VA975A_F.PV;;DI;C-3001S бхапюжхъ йюпрепю бепрхйюкэмюъ;;;;;;+
30VAH975A.PV;;DI;C-3001S бхапюжхъ йюпрепю бепрхйюкэмюъ;;;;;;+
30VA976A_F.PV;;DI;C-3001S бхапюжхъ йюпрепю цнпхгнмрюкэмюъ;;;;;;+
30VAH976A.PV;;DI;C-3001S бхапюжхъ йюпрепю цнпхгнмрюкэмюъ;;;;;;+
B511BN_RACK1_RS.PV;;DI;BENTLY NEVADA IB-51-1 йюпйюя 1 янярнъмхе;;;;;;
B511BN_RACK1_UPS.PV;;DI;BENTLY NEVADA IB-51-1 йюпйюя 1 щкохрюмхъ бепу;;;;;;
B511BN_RACK1_LPS.PV;;DI;BENTLY NEVADA IB-51-1 йюпйюя 1 щкохрюмхъ мхг;;;;;;
B511BN_RACK1_RMS.PV;;DI;BENTLY NEVADA IB-51-1 йюпйюя 1 TDI/RIM янярнъмхе;;;;;;
51VA925_F.PV;;DI;C-5140 бхапюжхъ йюпрепю бепрхйюкэмюъ;;;;;;
51VAH925.PV;;DI;C-5140 бхапюжхъ йюпрепю бепрхйюкэмюъ;;;;;;
51VA926_F.PV;;DI;C-5140 бхапюжхъ йюпрепю цнпхгнмрюкэмюъ;;;;;;
51VAH926.PV;;DI;C-5140 бхапюжхъ йюпрепю цнпхгнмрюкэмюъ;;;;;;
51ZA925_F.PV;;DI;C-5140 опенапюгнбюрекэ оепбнцн жхкхмдпю;;;;;;
51ZAH925.PV;;DI;C-5140 опенапюгнбюрекэ оепбнцн жхкхмдпю;;;;;;
51ZA926_F.PV;;DI;C-5140 опенапюгнбюрекэ брнпнцн жхкхмдпю;;;;;;
51ZAH926.PV;;DI;C-5140 опенапюгнбюрекэ брнпнцн жхкхмдпю;;;;;;
51SA925_F.PV;;DI;C-5140 дюэвхй хлоскэяю опенапюгнбюрекэ;;;;;;
B511BN_RACK2_RS.PV;;DI;BENTLY NEVADA IB-51-1 йюпйюя 2 янярнъмхе;;;;;;
B511BN_RACK2_UPS.PV;;DI;BENTLY NEVADA IB-51-1 йюпйюя 2 щкохрюмхъ бепу;;;;;;
B511BN_RACK2_LPS.PV;;DI;BENTLY NEVADA IB-51-1 йюпйюя 2 щкохрюмхъ мхг;;;;;;
B511BN_RACK2_RMS.PV;;DI;BENTLY NEVADA IB-51-1 йюпйюя 2 TDI/RIM янярнъмхе;;;;;;
51VA975_F.PV;;DI;C-5140S бхапюжхъ йюпрепю бепрхйюкэмюъ;;;;;;
51VAH975.PV;;DI;C-5140S бхапюжхъ йюпрепю бепрхйюкэмюъ;;;;;;
51VA976_F.PV;;DI;C-5140S бхапюжхъ йюпрепю цнпхгнмрюкэмюъ;;;;;;
51VAH976.PV;;DI;C-5140S бхапюжхъ йюпрепю цнпхгнмрюкэмюъ;;;;;;
51ZA975_F.PV;;DI;C-5140S опенапюгнбюрекэ оепбнцн жхкхмдпю;;;;;;
51ZAH975.PV;;DI;C-5140S опенапюгнбюрекэ оепбнцн жхкхмдпю;;;;;;
51ZA976_F.PV;;DI;C-5140S опенапюгнбюрекэ брнпнцн жхкхмдпю;;;;;;
51ZAH976.PV;;DI;C-5140S опенапюгнбюрекэ брнпнцн жхкхмдпю;;;;;;
51SA975_F.PV;;DI;C-5140S дюэвхй хлоскэяю опенапюгнбюрекэ;;;;;;
51VA925A_F.PV;;DI;C-5140 бхапюжхъ йюпрепю бепрхйюкэмюъ;;;;;;
51VAH925A.PV;;DI;C-5140 бхапюжхъ йюпрепю бепрхйюкэмюъ;;;;;;
51VA926A_F.PV;;DI;C-5140 бхапюжхъ йюпрепю цнпхгнмрюкэмюъ;;;;;;
51VAH926A.PV;;DI;C-5140 бхапюжхъ йюпрепю цнпхгнмрюкэмюъ;;;;;;
51VA975A_F.PV;;DI;C-5140S бхапюжхъ йюпрепю бепрхйюкэмюъ;;;;;;
51VAH975A.PV;;DI;C-5140S бхапюжхъ йюпрепю бепрхйюкэмюъ;;;;;;
51VA976A_F.PV;;DI;C-5140S бхапюжхъ йюпрепю цнпхгнмрюкэмюъ;;;;;;
51VAH976A.PV;;DI;C-5140S бхапюжхъ йюпрепю цнпхгнмрюкэмюъ;;;;;;
IB101_FGS1_CF.PV;;DI;яАНИ ЙНМРПНККЕПЮ FGS101-1;;;;;;
IB101_FGS1_SF.PV;;DI;оЕПЕОНКМЕМХЕ АСТЕПЮ FGS101-1;;;;;;
IB301_FGS1_CF.PV;;DI;яАНИ ЙНМРПНККЕПЮ FGS301-1;;;;;;++
IB301_FGS1_SF.PV;;DI;оЕПЕОНКМЕМХЕ АСТЕПЮ FGS301-1;;;;;;++
IB431_FGS1_CF.PV;;DI;яАНИ ЙНМРПНККЕПЮ FGS431-1;;;;;;
IB431_FGS1_SF.PV;;DI;оЕПЕОНКМЕМХЕ АСТЕПЮ FGS431-1;;;;;;
10XA1001.PV;;DI;онфюп. мюфюр псвм. хгбеы. 10HS1001;;;;;;
10XA1002.PV;;DI;онфюп. мюфюр псвм. хгбеы. 10HS1002;;;;;;
10XA1003.PV;;DI;онфюп. мюфюр псвм. хгбеы. 10HS1003;;;;;;
10XA1004.PV;;DI;онфюп. мюфюр псвм. хгбеы. 10HS1004;;;;;;
10XA1005.PV;;DI;онфюп. мюфюр псвм. хгбеы. 10HS1005;;;;;;
10XA1006.PV;;DI;онфюп. мюфюр псвм. хгбеы. 10HS1006;;;;;;
10XA1007.PV;;DI;онфюп. мюфюр псвм. хгбеы. 10HS1007;;;;;;
10XA1008.PV;;DI;онфюп. мюфюр псвм. хгбеы. 10HS1008;;;;;;
10XA1009.PV;;DI;онфюп. мюфюр псвм. хгбеы. 10HS1009;;;;;;
10XA1010.PV;;DI;онфюп. мюфюр псвм. хгбеы. 10HS1010;;;;;;
30XA1001.PV;;DI;псвм. хгбеы-кэ. яхцмюк-жхъ. онфюп;;;;;;+
30XA1002.PV;;DI;псвм. хгбеы-кэ. яхцмюк-жхъ. онфюп;;;;;;+
30XA1004.PV;;DI;псвм. хгбеы-кэ. яхцмюк-жхъ. онфюп;;;;;;+
30XA1005.PV;;DI;псвм. хгбеы-кэ. яхцмюк-жхъ. онфюп;;;;;;+
30XA1006.PV;;DI;псвм. хгбеы-кэ. яхцмюк-жхъ. онфюп;;;;;;+
30XA1007.PV;;DI;псвм. хгбеы-кэ. яхцмюк-жхъ. онфюп;;;;;;+
30XA1003.PV;;DI;псвм. хгбеы-кэ. яхцмюк-жхъ. онфюп;;;;;;+
43YA400.PV;;DI;оПЕДБЮП. ЯХЦМЮКХГЮЖХЪ. оНФЮП Б МЮЯНЯМНИ.;;;;;;
43YA401.PV;;DI;оПЕДБЮП. ЯХЦМЮКХГЮЖХЪ. оНФЮП Б МЮЯНЯМНИ.;;;;;;
43YA402.PV;;DI;оПЕДБЮП. ЯХЦМЮКХГЮЖХЪ. оНФЮП Б МЮЯНЯМНИ.;;;;;;
43YA403.PV;;DI;оПЕДБЮП. ЯХЦМЮКХГЮЖХЪ. оНФЮП Б МЮЯНЯМНИ.;;;;;;
43YA404.PV;;DI;оПЕДБЮП. ЯХЦМЮКХГЮЖХЪ. оНФЮП Б МЮЯНЯМНИ.;;;;;;
43YA405.PV;;DI;оПЕДБЮП. ЯХЦМЮКХГЮЖХЪ. оНФЮП Б МЮЯНЯМНИ.;;;;;;
43YA406.PV;;DI;оПЕДБЮП. ЯХЦМЮКХГЮЖХЪ. оНФЮП Б МЮЯНЯМНИ.;;;;;;
43YA407.PV;;DI;оПЕДБЮП. ЯХЦМЮКХГЮЖХЪ. оНФЮП Б МЮЯНЯМНИ.;;;;;;
43YA408.PV;;DI;оПЕДБЮП. ЯХЦМЮКХГЮЖХЪ. оНФЮП Б МЮЯНЯМНИ.;;;;;;
43YA409.PV;;DI;оПЕДБЮП. ЯХЦМЮКХГЮЖХЪ. оНФЮП Б МЮЯНЯМНИ.;;;;;;
43YA410.PV;;DI;оПЕДБЮП. ЯХЦМЮКХГЮЖХЪ. оНФЮП Б МЮЯНЯМНИ.;;;;;;
43YA411.PV;;DI;оПЕДБЮП. ЯХЦМЮКХГЮЖХЪ. оНФЮП Б МЮЯНЯМНИ.;;;;;;
93XSF064.PV;;DI;щк. гюдб-йю 93-XV-064. мехяоп. лстрш;;;;;;
93XSF065.PV;;DI;щк. гюдб-йю 93-XV-065. мехяоп. лстрш;;;;;;
93XSF066.PV;;DI;щк. гюдб-йю 93-XV-066. мехяоп. лстрш;;;;;;
93XSF067.PV;;DI;щк. гюдб-йю 93-XV-067. мехяоп. лстрш;;;;;;
93XSF068.PV;;DI;щк. гюдб-йю 93-XV-068. мехяоп. лстрш;;;;;;
43YI400_MO.PV;;DI;дЮРВХЙ НАМЮПСФЕМХЪ ОКЮЛЕМХ мя. мЮЯНЯМЮЪ. акнйхпнбйю;;;;;;
43YI400_MO.OP;;DI;дЮРВХЙ НАМЮПСФЕМХЪ ОКЮЛЕМХ мя. мЮЯНЯМЮЪ. акнйхпнбйю;;;;;;
43YI400_MO.OP;;DO;дЮРВХЙ НАМЮПСФЕМХЪ ОКЮЛЕМХ мя. мЮЯНЯМЮЪ. акнйхпнбйю;;;;;;
43YI400_MO.MD;;DI;дЮРВХЙ НАМЮПСФЕМХЪ ОКЮЛЕМХ мя. мЮЯНЯМЮЪ. акнйхпнбйю;;;;;;
43YI400_MO.MD;;DO;дЮРВХЙ НАМЮПСФЕМХЪ ОКЮЛЕМХ мя. мЮЯНЯМЮЪ. акнйхпнбйю;;;;;;
43YI401_MO.PV;;DI;дЮРВХЙ НАМЮПСФЕМХЪ ОКЮЛЕМХ мя. мЮЯНЯМЮЪ. акнйхпнбйю;;;;;;
43YI401_MO.OP;;DI;дЮРВХЙ НАМЮПСФЕМХЪ ОКЮЛЕМХ мя. мЮЯНЯМЮЪ. акнйхпнбйю;;;;;;
43YI401_MO.OP;;DO;дЮРВХЙ НАМЮПСФЕМХЪ ОКЮЛЕМХ мя. мЮЯНЯМЮЪ. акнйхпнбйю;;;;;;
43YI401_MO.MD;;DI;дЮРВХЙ НАМЮПСФЕМХЪ ОКЮЛЕМХ мя. мЮЯНЯМЮЪ. акнйхпнбйю;;;;;;
43YI401_MO.MD;;DO;дЮРВХЙ НАМЮПСФЕМХЪ ОКЮЛЕМХ мя. мЮЯНЯМЮЪ. акнйхпнбйю;;;;;;
43YI402_MO.PV;;DI;дЮРВХЙ НАМЮПСФЕМХЪ ОКЮЛЕМХ мя. мЮЯНЯМЮЪ. акнйхпнбйю;;;;;;
43YI402_MO.OP;;DI;дЮРВХЙ НАМЮПСФЕМХЪ ОКЮЛЕМХ мя. мЮЯНЯМЮЪ. акнйхпнбйю;;;;;;
43YI402_MO.OP;;DO;дЮРВХЙ НАМЮПСФЕМХЪ ОКЮЛЕМХ мя. мЮЯНЯМЮЪ. акнйхпнбйю;;;;;;
43YI402_MO.MD;;DI;дЮРВХЙ НАМЮПСФЕМХЪ ОКЮЛЕМХ мя. мЮЯНЯМЮЪ. акнйхпнбйю;;;;;;
43YI402_MO.MD;;DO;дЮРВХЙ НАМЮПСФЕМХЪ ОКЮЛЕМХ мя. мЮЯНЯМЮЪ. акнйхпнбйю;;;;;;
43YI403_MO.PV;;DI;дЮРВХЙ НАМЮПСФЕМХЪ ОКЮЛЕМХ мя. мЮЯНЯМЮЪ. акнйхпнбйю;;;;;;
43YI403_MO.OP;;DI;дЮРВХЙ НАМЮПСФЕМХЪ ОКЮЛЕМХ мя. мЮЯНЯМЮЪ. акнйхпнбйю;;;;;;
43YI403_MO.OP;;DO;дЮРВХЙ НАМЮПСФЕМХЪ ОКЮЛЕМХ мя. мЮЯНЯМЮЪ. акнйхпнбйю;;;;;;
43YI403_MO.MD;;DI;дЮРВХЙ НАМЮПСФЕМХЪ ОКЮЛЕМХ мя. мЮЯНЯМЮЪ. акнйхпнбйю;;;;;;
43YI403_MO.MD;;DO;дЮРВХЙ НАМЮПСФЕМХЪ ОКЮЛЕМХ мя. мЮЯНЯМЮЪ. акнйхпнбйю;;;;;;
43YI404_MO.PV;;DI;дЮРВХЙ НАМЮПСФЕМХЪ ОКЮЛЕМХ мя. мЮЯНЯМЮЪ. акнйхпнбйю;;;;;;
43YI404_MO.OP;;DI;дЮРВХЙ НАМЮПСФЕМХЪ ОКЮЛЕМХ мя. мЮЯНЯМЮЪ. акнйхпнбйю;;;;;;
43YI404_MO.OP;;DO;дЮРВХЙ НАМЮПСФЕМХЪ ОКЮЛЕМХ мя. мЮЯНЯМЮЪ. акнйхпнбйю;;;;;;
43YI404_MO.MD;;DI;дЮРВХЙ НАМЮПСФЕМХЪ ОКЮЛЕМХ мя. мЮЯНЯМЮЪ. акнйхпнбйю;;;;;;
43YI404_MO.MD;;DO;дЮРВХЙ НАМЮПСФЕМХЪ ОКЮЛЕМХ мя. мЮЯНЯМЮЪ. акнйхпнбйю;;;;;;
43YI410_MO.PV;;DI;дЮРВХЙ НАМЮПСФЕМХЪ ОКЮЛЕМХ мя. мЮЯНЯМЮЪ. акнйхпнбйю;;;;;;
43YI410_MO.OP;;DI;дЮРВХЙ НАМЮПСФЕМХЪ ОКЮЛЕМХ мя. мЮЯНЯМЮЪ. акнйхпнбйю;;;;;;
43YI410_MO.OP;;DO;дЮРВХЙ НАМЮПСФЕМХЪ ОКЮЛЕМХ мя. мЮЯНЯМЮЪ. акнйхпнбйю;;;;;;
43YI410_MO.MD;;DI;дЮРВХЙ НАМЮПСФЕМХЪ ОКЮЛЕМХ мя. мЮЯНЯМЮЪ. акнйхпнбйю;;;;;;
43YI410_MO.MD;;DO;дЮРВХЙ НАМЮПСФЕМХЪ ОКЮЛЕМХ мя. мЮЯНЯМЮЪ. акнйхпнбйю;;;;;;
43YI411_MO.PV;;DI;дЮРВХЙ НАМЮПСФЕМХЪ ОКЮЛЕМХ мя. мЮЯНЯМЮЪ. акнйхпнбйю;;;;;;
43YI411_MO.OP;;DI;дЮРВХЙ НАМЮПСФЕМХЪ ОКЮЛЕМХ мя. мЮЯНЯМЮЪ. акнйхпнбйю;;;;;;
43YI411_MO.OP;;DO;дЮРВХЙ НАМЮПСФЕМХЪ ОКЮЛЕМХ мя. мЮЯНЯМЮЪ. акнйхпнбйю;;;;;;
43YI411_MO.MD;;DI;дЮРВХЙ НАМЮПСФЕМХЪ ОКЮЛЕМХ мя. мЮЯНЯМЮЪ. акнйхпнбйю;;;;;;
43YI411_MO.MD;;DO;дЮРВХЙ НАМЮПСФЕМХЪ ОКЮЛЕМХ мя. мЮЯНЯМЮЪ. акнйхпнбйю;;;;;;
43YI405_MO.PV;;DI;дЮРВХЙ НАМЮПСФЕМХЪ ОКЮЛЕМХ мя. мЮЯНЯМЮЪ. акнйхпнбйю;;;;;;
43YI405_MO.OP;;DI;дЮРВХЙ НАМЮПСФЕМХЪ ОКЮЛЕМХ мя. мЮЯНЯМЮЪ. акнйхпнбйю;;;;;;
43YI405_MO.OP;;DO;дЮРВХЙ НАМЮПСФЕМХЪ ОКЮЛЕМХ мя. мЮЯНЯМЮЪ. акнйхпнбйю;;;;;;
43YI405_MO.MD;;DI;дЮРВХЙ НАМЮПСФЕМХЪ ОКЮЛЕМХ мя. мЮЯНЯМЮЪ. акнйхпнбйю;;;;;;
43YI405_MO.MD;;DO;дЮРВХЙ НАМЮПСФЕМХЪ ОКЮЛЕМХ мя. мЮЯНЯМЮЪ. акнйхпнбйю;;;;;;
43YI406_MO.PV;;DI;дЮРВХЙ НАМЮПСФЕМХЪ ОКЮЛЕМХ мя. мЮЯНЯМЮЪ. акнйхпнбйю;;;;;;
43YI406_MO.OP;;DI;дЮРВХЙ НАМЮПСФЕМХЪ ОКЮЛЕМХ мя. мЮЯНЯМЮЪ. акнйхпнбйю;;;;;;
43YI406_MO.OP;;DO;дЮРВХЙ НАМЮПСФЕМХЪ ОКЮЛЕМХ мя. мЮЯНЯМЮЪ. акнйхпнбйю;;;;;;
43YI406_MO.MD;;DI;дЮРВХЙ НАМЮПСФЕМХЪ ОКЮЛЕМХ мя. мЮЯНЯМЮЪ. акнйхпнбйю;;;;;;
43YI406_MO.MD;;DO;дЮРВХЙ НАМЮПСФЕМХЪ ОКЮЛЕМХ мя. мЮЯНЯМЮЪ. акнйхпнбйю;;;;;;
43YI407_MO.PV;;DI;оНЛЕЫЕМХЕ МЮЯНЯМНИ. оНФЮП. акнйхпнбйю;;;;;;
43YI407_MO.OP;;DI;оНЛЕЫЕМХЕ МЮЯНЯМНИ. оНФЮП. акнйхпнбйю;;;;;;
43YI407_MO.OP;;DO;оНЛЕЫЕМХЕ МЮЯНЯМНИ. оНФЮП. акнйхпнбйю;;;;;;
43YI407_MO.MD;;DI;оНЛЕЫЕМХЕ МЮЯНЯМНИ. оНФЮП. акнйхпнбйю;;;;;;
43YI407_MO.MD;;DO;оНЛЕЫЕМХЕ МЮЯНЯМНИ. оНФЮП. акнйхпнбйю;;;;;;
43YI408_MO.PV;;DI;оНЛЕЫЕМХЕ МЮЯНЯМНИ. оНФЮП. акнйхпнбйю;;;;;;
43YI408_MO.OP;;DI;оНЛЕЫЕМХЕ МЮЯНЯМНИ. оНФЮП. акнйхпнбйю;;;;;;
43YI408_MO.OP;;DO;оНЛЕЫЕМХЕ МЮЯНЯМНИ. оНФЮП. акнйхпнбйю;;;;;;
43YI408_MO.MD;;DI;оНЛЕЫЕМХЕ МЮЯНЯМНИ. оНФЮП. акнйхпнбйю;;;;;;
43YI408_MO.MD;;DO;оНЛЕЫЕМХЕ МЮЯНЯМНИ. оНФЮП. акнйхпнбйю;;;;;;
43YI409_MO.PV;;DI;дЮРВХЙ НАМЮПСФЕМХЪ ОКЮЛЕМХ мя. мЮЯНЯМЮЪ. акнйхпнбйю;;;;;;
43YI409_MO.OP;;DI;дЮРВХЙ НАМЮПСФЕМХЪ ОКЮЛЕМХ мя. мЮЯНЯМЮЪ. акнйхпнбйю;;;;;;
43YI409_MO.OP;;DO;дЮРВХЙ НАМЮПСФЕМХЪ ОКЮЛЕМХ мя. мЮЯНЯМЮЪ. акнйхпнбйю;;;;;;
43YI409_MO.MD;;DI;дЮРВХЙ НАМЮПСФЕМХЪ ОКЮЛЕМХ мя. мЮЯНЯМЮЪ. акнйхпнбйю;;;;;;
43YI409_MO.MD;;DO;дЮРВХЙ НАМЮПСФЕМХЪ ОКЮЛЕМХ мя. мЮЯНЯМЮЪ. акнйхпнбйю;;;;;;
43GAH001.PV;;DI;сРЕВЙЮ ЦНПЧВЕЦН ЦЮГЮ С е-701;;;;;;
43GAH002.PV;;DI;сРЕВЙЮ ЦНПЧВЕЦН ЦЮГЮ С е-701;;;;;;
43HS_F_RESET.PV;;DI;яапня мехяопюб. дюр-йнб б йнмрп. FGS_431_1;;;;;;
43HS_F_RESET.OP;;DI;яапня мехяопюб. дюр-йнб б йнмрп. FGS_431_1;;;;;;
43HS_F_RESET.OP;;DO;яапня мехяопюб. дюр-йнб б йнмрп. FGS_431_1;;;;;;
93XY055A.PV;;DI;щк. гюдб-йю 93-XV-055. йнлюмдю мю нрйп.;;;;;;
93XY055A_TF.PV;;DI;щк. гюдб-йю 93-XV-055. йнлюмдю мю нрйп. мехяоп. кхмхх;;;;;;
93XY055B.PV;;DI;щк. гюдб-йю 93-XV-055. йнлюмдю мю гюйп.;;;;;;
93XY055B_TF.PV;;DI;щк. гюдб-йю 93-XV-055. йнлюмдю мю гюйп. мехяоп. кхмхх;;;;;;
93XY056A.PV;;DI;щк. гюдб-йю 93-XV-056. йнлюмдю мю нрйп.;;;;;;
93XY056A_TF.PV;;DI;щк. гюдб-йю 93-XV-056. йнлюмдю мю нрйп. мехяоп. кхмхх;;;;;;
43XA572B.PV;;DI;бЕМРХКЪРНП юб1. цНРНБ.;;;;;;
43XA573B.PV;;DI;бЕМРХКЪРНП юб2. цНРНБ.;;;;;;
43XA574B.PV;;DI;бЕМРХКЪРНП юб3. цНРНБ.;;;;;;
43XA575B.PV;;DI;бЕМРХКЪРНП юб4. цНРНБ.;;;;;;
43XA576B.PV;;DI;бЕМРХКЪРНП юб5. цНРНБ.;;;;;;
93XY056B.PV;;DI;щк. гюдб-йю 93-XV-056. йнлюмдю мю гюйп.;;;;;;
93XY056B_TF.PV;;DI;щк. гюдб-йю 93-XV-056. йнлюмдю мю гюйп. мехяоп. кхмхх;;;;;;
93XY057A.PV;;DI;щк. гюдб-йю 93-XV-057. йнлюмдю мю нрйп.;;;;;;
93XY057A_TF.PV;;DI;щк. гюдб-йю 93-XV-057. йнлюмдю мю нрйп. мехяоп. кхмхх;;;;;;
93XY057B.PV;;DI;щк. гюдб-йю 93-XV-057. йнлюмдю мю гюйп.;;;;;;
93XY057B_TF.PV;;DI;щк. гюдб-йю 93-XV-057. йнлюмдю мю гюйп. мехяоп. кхмхх;;;;;;
93XY058A.PV;;DI;щк. гюдб-йю 93-XV-058. йнлюмдю мю нрйп.;;;;;;
93XY058A_TF.PV;;DI;щк. гюдб-йю 93-XV-058. йнлюмдю мю нрйп. мехяоп. кхмхх;;;;;;
93XY058B.PV;;DI;щк. гюдб-йю 93-XV-058. йнлюмдю мю гюйп.;;;;;;
93XY058B_TF.PV;;DI;щк. гюдб-йю 93-XV-058. йнлюмдю мю гюйп. мехяоп. кхмхх;;;;;;
93XY059A.PV;;DI;щк. гюдб-йю 93-XV-059. йнлюмдю мю нрйп.;;;;;;
93XY059A_TF.PV;;DI;щк. гюдб-йю 93-XV-059. йнлюмдю мю нрйп. мехяоп. кхмхх;;;;;;
93XY059B.PV;;DI;щк. гюдб-йю 93-XV-059. йнлюмдю мю гюйп.;;;;;;
93XY059B_TF.PV;;DI;щк. гюдб-йю 93-XV-059. йнлюмдю мю гюйп. мехяоп. кхмхх;;;;;;
93XY060A.PV;;DI;щк. гюдб-йю 93-XV-060. йнлюмдю мю нрйп.;;;;;;
93XY060A_TF.PV;;DI;щк. гюдб-йю 93-XV-060. йнлюмдю мю нрйп. мехяоп. кхмхх;;;;;;
93XY060B.PV;;DI;щк. гюдб-йю 93-XV-060. йнлюмдю мю гюйп.;;;;;;
93XY060B_TF.PV;;DI;щк. гюдб-йю 93-XV-060. йнлюмдю мю гюйп. мехяоп. кхмхх;;;;;;
43GAH003.PV;;DI;сРЕВЙЮ ЦНПЧВЕЦН ЦЮГЮ С е-701;;;;;;
43GAH004.PV;;DI;сРЕВЙЮ ЦНПЧВЕЦН ЦЮГЮ С е-701;;;;;;
43GAH005.PV;;DI;сРЕВЙЮ ЦНПЧВЕЦН ЦЮГЮ С е-701;;;;;;
43GAH006.PV;;DI;сРЕВЙЮ ЦНПЧВЕЦН ЦЮГЮ С е-702;;;;;;
43GAH007.PV;;DI;сРЕВЙЮ ЦНПЧВЕЦН ЦЮГЮ С е-702;;;;;;
43GAH008.PV;;DI;сРЕВЙЮ ЦНПЧВЕЦН ЦЮГЮ С е-702;;;;;;
43GAH009.PV;;DI;сРЕВЙЮ ЦНПЧВЕЦН ЦЮГЮ С е-702;;;;;;
43GAH010.PV;;DI;сРЕВЙЮ ЦНПЧВЕЦН ЦЮГЮ С е-703;;;;;;
43GAH011.PV;;DI;сРЕВЙЮ ЦНПЧВЕЦН ЦЮГЮ С е-703;;;;;;
43GAH012.PV;;DI;сРЕВЙЮ ЦНПЧВЕЦН ЦЮГЮ С е-703;;;;;;
43GAH013.PV;;DI;сРЕВЙЮ ЦНПЧВЕЦН ЦЮГЮ С е-703;;;;;;
43GAH014.PV;;DI;сРЕВЙЮ ЦНПЧВЕЦН ЦЮГЮ С е-704;;;;;;
43GAH015.PV;;DI;сРЕВЙЮ ЦНПЧВЕЦН ЦЮГЮ С е-704;;;;;;
43GAH016.PV;;DI;сРЕВЙЮ ЦНПЧВЕЦН ЦЮГЮ С е-704;;;;;;
43GAH017.PV;;DI;сРЕВЙЮ ЦНПЧВЕЦН ЦЮГЮ С е-704;;;;;;
43GAH018.PV;;DI;сРЕВЙЮ ЦНПЧВЕЦН ЦЮГЮ С е-705;;;;;;
43GAH019.PV;;DI;сРЕВЙЮ ЦНПЧВЕЦН ЦЮГЮ С е-705;;;;;;
43GAH020.PV;;DI;сРЕВЙЮ ЦНПЧВЕЦН ЦЮГЮ С е-705;;;;;;
43GAH021.PV;;DI;сРЕВЙЮ ЦНПЧВЕЦН ЦЮГЮ С е-705;;;;;;
43GAH022.PV;;DI;сРЕВЙЮ ЦНПЧВЕЦН ЦЮГЮ С е-705;;;;;;
43GAH023.PV;;DI;сРЕВЙЮ ЦНПЧВЕЦН ЦЮГЮ С е-706;;;;;;
43GAH024.PV;;DI;сРЕВЙЮ ЦНПЧВЕЦН ЦЮГЮ С е-706/е-707;;;;;;
43GAH025.PV;;DI;сРЕВЙЮ ЦНПЧВЕЦН ЦЮГЮ С е-707;;;;;;
43GAH026.PV;;DI;сРЕВЙЮ ЦНПЧВЕЦН ЦЮГЮ С е-707;;;;;;
43GAH027.PV;;DI;сРЕВЙЮ ЦНПЧВЕЦН ЦЮГЮ С е-706/е-707;;;;;;
43GAH028.PV;;DI;сРЕВЙЮ ЦНПЧВЕЦН ЦЮГЮ С е-706;;;;;;
43GAH029.PV;;DI;сРЕВЙЮ ЦНПЧВЕЦН ЦЮГЮ С е-708;;;;;;
43GAH030.PV;;DI;сРЕВЙЮ ЦНПЧВЕЦН ЦЮГЮ С е-708;;;;;;
43GAH031.PV;;DI;сРЕВЙЮ ЦНПЧВЕЦН ЦЮГЮ С е-708;;;;;;
43GAH032.PV;;DI;сРЕВЙЮ ЦНПЧВЕЦН ЦЮГЮ С е-708;;;;;;
43GAH033.PV;;DI;сРЕВЙЮ ЦНПЧВЕЦН ЦЮГЮ С е-708;;;;;;
43GAH034.PV;;DI;сРЕВЙЮ ЦНПЧВЕЦН ЦЮГЮ С е-708;;;;;;
43GAH035.PV;;DI;сРЕВЙЮ ЦНПЧВЕЦН ЦЮГЮ С е-709;;;;;;
43GAH036.PV;;DI;сРЕВЙЮ ЦНПЧВЕЦН ЦЮГЮ С е-709;;;;;;
43GAH037.PV;;DI;сРЕВЙЮ ЦНПЧВЕЦН ЦЮГЮ С е-709;;;;;;
43GAH038.PV;;DI;сРЕВЙЮ ЦНПЧВЕЦН ЦЮГЮ С е-709;;;;;;
43GAH039.PV;;DI;сРЕВЙЮ ЦНПЧВЕЦН ЦЮГЮ С е-709;;;;;;
43GAH040.PV;;DI;сРЕВЙЮ ЦНПЧВЕЦН ЦЮГЮ С е-709;;;;;;
43GAH041.PV;;DI;сРЕВЙЮ ЦНПЧВЕЦН ЦЮГЮ С е-703;;;;;;
43GAH401.PV;;DI;сРЕВЙЮ ЦНПЧВЕЦН ЦЮГЮ МЮЯНЯШ P-4301501юX/SX;;;;;;
43GAH402.PV;;DI;сРЕВЙЮ ЦНПЧВЕЦН ЦЮГЮ МЮЯНЯШ P-4301502юX/SX;;;;;;
43GAH404.PV;;DI;сРЕВЙЮ ЦНПЧВЕЦН ЦЮГЮ МЮЯНЯШ P-4301504юX/1SX;;;;;;
43GAH405.PV;;DI;сРЕВЙЮ ЦНПЧВЕЦН ЦЮГЮ МЮЯНЯШ P-43015042SX;;;;;;
43GAH406.PV;;DI;сРЕВЙЮ ЦНПЧВЕЦН ЦЮГЮ МЮЯНЯШ P-4301505юX/SX;;;;;;
43GAH407.PV;;DI;сРЕВЙЮ ЦНПЧВЕЦН ЦЮГЮ МЮЯНЯШ P-4301506юX/SX;;;;;;
43GAH408.PV;;DI;сРЕВЙЮ ЦНПЧВЕЦН ЦЮГЮ МЮЯНЯШ P-4301507юX/SX;;;;;;
43GAH409.PV;;DI;сРЕВЙЮ ЦНПЧВЕЦН ЦЮГЮ ТХКЭРПШ S-4301501ю/S;;;;;;
43GAH410.PV;;DI;сРЕВЙЮ ЦНПЧВЕЦН ЦЮГЮ ТХКЭРПШ S-4301502ю/S;;;;;;
43GAH412.PV;;DI;сРЕВЙЮ ЦНПЧВЕЦН ЦЮГЮ ТХКЭРПШ S-4301504ю/S;;;;;;
43GAH413.PV;;DI;сРЕВЙЮ ЦНПЧВЕЦН ЦЮГЮ ТХКЭРПШ S-4301505ю/S;;;;;;
43GAH416.PV;;DI;сРЕВЙЮ ЦНПЧВЕЦН ЦЮГЮ ТХКЭРПШ S-4301508ю/S;;;;;;
43GAH417.PV;;DI;сРЕВЙЮ ЦНПЧВЕЦН ЦЮГЮ ЕЛЙНЯРЭ F-4301502;;;;;;
43GAH418.PV;;DI;сРЕВЙЮ ЦНПЧВЕЦН ЦЮГЮ РЕОКННАЛ. E-4301502B;;;;;;
43GAH420.PV;;DI;сРЕВЙЮ ЦНПЧВЕЦН ЦЮГЮ МЮЯНЯШ P-4301508юX/SX;;;;;;
43GAH421.PV;;DI;сРЕВЙЮ ЦНПЧВЕЦН ЦЮГЮ GV-4301501,F-4301501X;;;;;;
43GAH422.PV;;DI;сРЕВЙЮ ЦНПЧВЕЦН ЦЮГЮ ЦХДПНГХРБНП HV-4301503;;;;;;
43GAH423.PV;;DI;сРЕВЙЮ ЦНПЧВЕЦН ЦЮГЮ РЕОКННАЛ. E-4301502A;;;;;;
43YI018.PV;;DI;рЕОКНБНИ ОНФ. ХГБЕЫЮР. Б е-709;;;;;;
93XSF055.PV;;DI;щк. гюдб-йю 93-XV-055. мехяоп. лстрш;;;;;;
93XSA055.PV;;DI;щк. гюдб-йю 93-XV-055. мехяоп. охрюмхъ;;;;;;
93XSB055.PV;;DI;щк. гюдб-йю 93-XV-055. юбрнл. пефхл;;;;;;
93XSA056.PV;;DI;щк. гюдб-йю 93-XV-056. мехяоп. охрюмхъ;;;;;;
93XSB056.PV;;DI;щк. гюдб-йю 93-XV-056. юбрнл. пефхл;;;;;;
43XA065.PV;;DI;оНФЮП. пСВМНИ ХГБЕЫЮРЕКЭ С е-709;;;;;;
93XY061A.PV;;DI;щк. гюдб-йю 93-XV-061. йнлюмдю мю нрйп.;;;;;;
43XY572A_TF.PV;;DI;юбрнлюрхв. гюосяй юб1 яхярелни FGS. мехяоп. кхмхх;;;;;;
43XY572B.PV;;DI;юбрнлюрхв. нярюмнб юб1 яхярелни FGS;;;;;;
43XY572B_TF.PV;;DI;юбрнлюрхв. нярюмнб юб1 яхярелни FGS. мехяоп. кхмхх;;;;;;
43XY566.PV;;DI;нярюмнб о4 яхярелни FGS;;;;;;
43XY566_TF.PV;;DI;нярюмнб о4 яхярелни FGS. мехяоп. кхмхх;;;;;;
43XY570.PV;;DI;нярюмнб б4 яхярелни FGS;;;;;;
43XY570_TF.PV;;DI;нярюмнб б4 яхярелни FGS. мехяоп. кхмхх;;;;;;
43XY573A.PV;;DI;юбрнлюрхв. гюосяй юб2 яхярелни FGS;;;;;;
43XY573A_TF.PV;;DI;юбрнлюрхв. гюосяй юб2 яхярелни FGS. мехяоп. кхмхх;;;;;;
43XY573B.PV;;DI;юбрнлюрхв. нярюмнб юб2 яхярелни FGS;;;;;;
43XY573B_TF.PV;;DI;юбрнлюрхв. нярюмнб юб2 яхярелни FGS. мехяоп. кхмхх;;;;;;
43XY574A.PV;;DI;юбрнлюрхв. гюосяй юб3 яхярелни FGS;;;;;;
43XY574A_TF.PV;;DI;юбрнлюрхв. гюосяй юб3 яхярелни FGS. мехяоп. кхмхх;;;;;;
43XY574B.PV;;DI;юбрнлюрхв. нярюмнб юб3 яхярелни FGS;;;;;;
43XY574B_TF.PV;;DI;юбрнлюрхв. нярюмнб юб3 яхярелни FGS. мехяоп. кхмхх;;;;;;
43XY575A.PV;;DI;юбрнлюрхв. гюосяй юб4 яхярелни FGS;;;;;;
43XY575A_TF.PV;;DI;юбрнлюрхв. гюосяй юб4 яхярелни FGS. мехяоп. кхмхх;;;;;;
43XY575B.PV;;DI;юбрнлюрхв. нярюмнб юб4 яхярелни FGS;;;;;;
43XY575B_TF.PV;;DI;юбрнлюрхв. нярюмнб юб4 яхярелни FGS. мехяоп. кхмхх;;;;;;
43XY576A.PV;;DI;юбрнлюрхв. гюосяй юб5 яхярелни FGS;;;;;;
43XY576A_TF.PV;;DI;юбрнлюрхв. гюосяй юб5 яхярелни FGS. мехяоп. кхмхх;;;;;;
43XY576B.PV;;DI;юбрнлюрхв. нярюмнб юб5 яхярелни FGS;;;;;;
43XY576B_TF.PV;;DI;юбрнлюрхв. нярюмнб юб5 яхярелни FGS. мехяоп. кхмхх;;;;;;
43XY075A.PV;;DI;бйкчвемхе юяс ор НА. 862-56 яхяр. FGS;;;;;;
43XY075A_TF.PV;;DI;бйкчвемхе юяс ор НА. 862-56 яхяр. FGS. мехяоп. кхмхх;;;;;;
43XY075B.PV;;DI;нрйкчвемхе юяс ор НА. 862-56 яхяр. FGS;;;;;;
43XY075B_TF.PV;;DI;нрйкчвемхе юяс ор НА. 862-56 яхяр. FGS. мехяоп. кхмхх;;;;;;
IB431_FGS1_RT1.PV;;DI;ярюпр REPAIR TIMER CP1;;;;;;
IB431_FGS1_RT2.PV;;DI;ярюпр REPAIR TIMER CP2;;;;;;
93XSF056.PV;;DI;щк. гюдб-йю 93-XV-056. мехяоп. лстрш;;;;;;
93XY061A_TF.PV;;DI;щк. гюдб-йю 93-XV-061. йнлюмдю мю нрйп. мехяоп. кхмхх;;;;;;
93XY061B.PV;;DI;щк. гюдб-йю 93-XV-061. йнлюмдю мю гюйп.;;;;;;
93XY061B_TF.PV;;DI;щк. гюдб-йю 93-XV-061. йнлюмдю мю гюйп. мехяоп. кхмхх;;;;;;
93XY062A.PV;;DI;щк. гюдб-йю 93-XV-062. йнлюмдю мю нрйп.;;;;;;
93XY062A_TF.PV;;DI;щк. гюдб-йю 93-XV-062. йнлюмдю мю нрйп. мехяоп. кхмхх;;;;;;
93XY062B.PV;;DI;щк. гюдб-йю 93-XV-062. йнлюмдю мю гюйп.;;;;;;
93XY062B_TF.PV;;DI;щк. гюдб-йю 93-XV-062. йнлюмдю мю гюйп. мехяоп. кхмхх;;;;;;
93XY063A.PV;;DI;щк. гюдб-йю 93-XV-063. йнлюмдю мю нрйп.;;;;;;
93XY063A_TF.PV;;DI;щк. гюдб-йю 93-XV-063. йнлюмдю мю нрйп. мехяоп. кхмхх;;;;;;
93XY063B.PV;;DI;щк. гюдб-йю 93-XV-063. йнлюмдю мю гюйп.;;;;;;
93XY063B_TF.PV;;DI;щк. гюдб-йю 93-XV-063. йнлюмдю мю гюйп. мехяоп. кхмхх;;;;;;
93XY064A.PV;;DI;щк. гюдб-йю 93-XV-064. йнлюмдю мю нрйп.;;;;;;
93XY064A_TF.PV;;DI;щк. гюдб-йю 93-XV-064. йнлюмдю мю нрйп. мехяоп. кхмхх;;;;;;
93XY064B.PV;;DI;щк. гюдб-йю 93-XV-064. йнлюмдю мю гюйп.;;;;;;
93XY064B_TF.PV;;DI;щк. гюдб-йю 93-XV-064. йнлюмдю мю гюйп. мехяоп. кхмхх;;;;;;
93XY065A.PV;;DI;щк. гюдб-йю 93-XV-065. йнлюмдю мю нрйп.;;;;;;
93XY065A_TF.PV;;DI;щк. гюдб-йю 93-XV-065. йнлюмдю мю нрйп. мехяоп. кхмхх;;;;;;
93XY065B.PV;;DI;щк. гюдб-йю 93-XV-065. йнлюмдю мю гюйп.;;;;;;
93XY065B_TF.PV;;DI;щк. гюдб-йю 93-XV-065. йнлюмдю мю гюйп. мехяоп. кхмхх;;;;;;
93XY066A.PV;;DI;щк. гюдб-йю 93-XV-066. йнлюмдю мю нрйп.;;;;;;
93XY066A_TF.PV;;DI;щк. гюдб-йю 93-XV-066. йнлюмдю мю нрйп. мехяоп. кхмхх;;;;;;
93XY066B.PV;;DI;щк. гюдб-йю 93-XV-066. йнлюмдю мю гюйп.;;;;;;
93XY066B_TF.PV;;DI;щк. гюдб-йю 93-XV-066. йнлюмдю мю гюйп. мехяоп. кхмхх;;;;;;
93XY067A.PV;;DI;щк. гюдб-йю 93-XV-067. йнлюмдю мю нрйп.;;;;;;
93XY067A_TF.PV;;DI;щк. гюдб-йю 93-XV-067. йнлюмдю мю нрйп. мехяоп. кхмхх;;;;;;
93XY067B.PV;;DI;щк. гюдб-йю 93-XV-067. йнлюмдю мю гюйп.;;;;;;
93XY067B_TF.PV;;DI;щк. гюдб-йю 93-XV-067. йнлюмдю мю гюйп. мехяоп. кхмхх;;;;;;
93XY068A.PV;;DI;щк. гюдб-йю 93-XV-068. йнлюмдю мю нрйп.;;;;;;
93XY068A_TF.PV;;DI;щк. гюдб-йю 93-XV-068. йнлюмдю мю нрйп. мехяоп. кхмхх;;;;;;
93XY068B.PV;;DI;щк. гюдб-йю 93-XV-068. йнлюмдю мю гюйп.;;;;;;
93XY068B_TF.PV;;DI;щк. гюдб-йю 93-XV-068. йнлюмдю мю гюйп. мехяоп. кхмхх;;;;;;
43XY572A.PV;;DI;юбрнлюрхв. гюосяй юб1 яхярелни FGS;;;;;;
93XSA057.PV;;DI;щк. гюдб-йю 93-XV-057. мехяоп. охрюмхъ;;;;;;
93XSA058.PV;;DI;щк. гюдб-йю 93-XV-058. мехяоп. охрюмхъ;;;;;;
93XSA059.PV;;DI;щк. гюдб-йю 93-XV-059. мехяоп. охрюмхъ;;;;;;
43GI013_MO.PV;;DI;сРЕВЙЮ ЦНПЧВЕЦН ЦЮГЮ С е-703. акнйхпнбйю;;;;;;
43GI013_MO.OP;;DI;сРЕВЙЮ ЦНПЧВЕЦН ЦЮГЮ С е-703. акнйхпнбйю;;;;;;
43GI013_MO.OP;;DO;сРЕВЙЮ ЦНПЧВЕЦН ЦЮГЮ С е-703. акнйхпнбйю;;;;;;
43GI013_MO.MD;;DI;сРЕВЙЮ ЦНПЧВЕЦН ЦЮГЮ С е-703. акнйхпнбйю;;;;;;
43GI013_MO.MD;;DO;сРЕВЙЮ ЦНПЧВЕЦН ЦЮГЮ С е-703. акнйхпнбйю;;;;;;
43GI014_MO.PV;;DI;сРЕВЙЮ ЦНПЧВЕЦН ЦЮГЮ С е-704. акнйхпнбйю;;;;;;
43GI014_MO.OP;;DI;сРЕВЙЮ ЦНПЧВЕЦН ЦЮГЮ С е-704. акнйхпнбйю;;;;;;
43GI014_MO.OP;;DO;сРЕВЙЮ ЦНПЧВЕЦН ЦЮГЮ С е-704. акнйхпнбйю;;;;;;
43GI014_MO.MD;;DI;сРЕВЙЮ ЦНПЧВЕЦН ЦЮГЮ С е-704. акнйхпнбйю;;;;;;
43GI014_MO.MD;;DO;сРЕВЙЮ ЦНПЧВЕЦН ЦЮГЮ С е-704. акнйхпнбйю;;;;;;
43GI015_MO.PV;;DI;сРЕВЙЮ ЦНПЧВЕЦН ЦЮГЮ С е-704. акнйхпнбйю;;;;;;
43GI015_MO.OP;;DI;сРЕВЙЮ ЦНПЧВЕЦН ЦЮГЮ С е-704. акнйхпнбйю;;;;;;
43GI015_MO.OP;;DO;сРЕВЙЮ ЦНПЧВЕЦН ЦЮГЮ С е-704. акнйхпнбйю;;;;;;
43GI015_MO.MD;;DI;сРЕВЙЮ ЦНПЧВЕЦН ЦЮГЮ С е-704. акнйхпнбйю;;;;;;
43GI015_MO.MD;;DO;сРЕВЙЮ ЦНПЧВЕЦН ЦЮГЮ С е-704. акнйхпнбйю;;;;;;
43GI016_MO.PV;;DI;сРЕВЙЮ ЦНПЧВЕЦН ЦЮГЮ С е-704. акнйхпнбйю;;;;;;
43GI016_MO.OP;;DI;сРЕВЙЮ ЦНПЧВЕЦН ЦЮГЮ С е-704. акнйхпнбйю;;;;;;
43GI016_MO.OP;;DO;сРЕВЙЮ ЦНПЧВЕЦН ЦЮГЮ С е-704. акнйхпнбйю;;;;;;
43GI016_MO.MD;;DI;сРЕВЙЮ ЦНПЧВЕЦН ЦЮГЮ С е-704. акнйхпнбйю;;;;;;
43GI016_MO.MD;;DO;сРЕВЙЮ ЦНПЧВЕЦН ЦЮГЮ С е-704. акнйхпнбйю;;;;;;
43GI017_MO.PV;;DI;сРЕВЙЮ ЦНПЧВЕЦН ЦЮГЮ С е-704. акнйхпнбйю;;;;;;
43GI017_MO.OP;;DI;сРЕВЙЮ ЦНПЧВЕЦН ЦЮГЮ С е-704. акнйхпнбйю;;;;;;
43GI017_MO.OP;;DO;сРЕВЙЮ ЦНПЧВЕЦН ЦЮГЮ С е-704. акнйхпнбйю;;;;;;
43GI017_MO.MD;;DI;сРЕВЙЮ ЦНПЧВЕЦН ЦЮГЮ С е-704. акнйхпнбйю;;;;;;
43GI017_MO.MD;;DO;сРЕВЙЮ ЦНПЧВЕЦН ЦЮГЮ С е-704. акнйхпнбйю;;;;;;
43GI018_MO.PV;;DI;сРЕВЙЮ ЦНПЧВЕЦН ЦЮГЮ С е-705. акнйхпнбйю;;;;;;
43GI018_MO.OP;;DI;сРЕВЙЮ ЦНПЧВЕЦН ЦЮГЮ С е-705. акнйхпнбйю;;;;;;
43GI018_MO.OP;;DO;сРЕВЙЮ ЦНПЧВЕЦН ЦЮГЮ С е-705. акнйхпнбйю;;;;;;
43GI018_MO.MD;;DI;сРЕВЙЮ ЦНПЧВЕЦН ЦЮГЮ С е-705. акнйхпнбйю;;;;;;
43GI018_MO.MD;;DO;сРЕВЙЮ ЦНПЧВЕЦН ЦЮГЮ С е-705. акнйхпнбйю;;;;;;
43GI019_MO.PV;;DI;сРЕВЙЮ ЦНПЧВЕЦН ЦЮГЮ С е-705. акнйхпнбйю;;;;;;
43GI019_MO.OP;;DI;сРЕВЙЮ ЦНПЧВЕЦН ЦЮГЮ С е-705. акнйхпнбйю;;;;;;
43GI019_MO.OP;;DO;сРЕВЙЮ ЦНПЧВЕЦН ЦЮГЮ С е-705. акнйхпнбйю;;;;;;
43GI019_MO.MD;;DI;сРЕВЙЮ ЦНПЧВЕЦН ЦЮГЮ С е-705. акнйхпнбйю;;;;;;
43GI019_MO.MD;;DO;сРЕВЙЮ ЦНПЧВЕЦН ЦЮГЮ С е-705. акнйхпнбйю;;;;;;
43GI020_MO.PV;;DI;сРЕВЙЮ ЦНПЧВЕЦН ЦЮГЮ С е-705. акнйхпнбйю;;;;;;
43GI020_MO.OP;;DI;сРЕВЙЮ ЦНПЧВЕЦН ЦЮГЮ С е-705. акнйхпнбйю;;;;;;
43GI020_MO.OP;;DO;сРЕВЙЮ ЦНПЧВЕЦН ЦЮГЮ С е-705. акнйхпнбйю;;;;;;
43GI020_MO.MD;;DI;сРЕВЙЮ ЦНПЧВЕЦН ЦЮГЮ С е-705. акнйхпнбйю;;;;;;
43GI020_MO.MD;;DO;сРЕВЙЮ ЦНПЧВЕЦН ЦЮГЮ С е-705. акнйхпнбйю;;;;;;
43GI021_MO.PV;;DI;сРЕВЙЮ ЦНПЧВЕЦН ЦЮГЮ С е-705. акнйхпнбйю;;;;;;
43GI021_MO.OP;;DI;сРЕВЙЮ ЦНПЧВЕЦН ЦЮГЮ С е-705. акнйхпнбйю;;;;;;
43GI021_MO.OP;;DO;сРЕВЙЮ ЦНПЧВЕЦН ЦЮГЮ С е-705. акнйхпнбйю;;;;;;
43GI021_MO.MD;;DI;сРЕВЙЮ ЦНПЧВЕЦН ЦЮГЮ С е-705. акнйхпнбйю;;;;;;
43GI021_MO.MD;;DO;сРЕВЙЮ ЦНПЧВЕЦН ЦЮГЮ С е-705. акнйхпнбйю;;;;;;
43GI022_MO.PV;;DI;сРЕВЙЮ ЦНПЧВЕЦН ЦЮГЮ С е-705. акнйхпнбйю;;;;;;
43GI022_MO.OP;;DI;сРЕВЙЮ ЦНПЧВЕЦН ЦЮГЮ С е-705. акнйхпнбйю;;;;;;
43GI022_MO.OP;;DO;сРЕВЙЮ ЦНПЧВЕЦН ЦЮГЮ С е-705. акнйхпнбйю;;;;;;
43GI022_MO.MD;;DI;сРЕВЙЮ ЦНПЧВЕЦН ЦЮГЮ С е-705. акнйхпнбйю;;;;;;
43GI022_MO.MD;;DO;сРЕВЙЮ ЦНПЧВЕЦН ЦЮГЮ С е-705. акнйхпнбйю;;;;;;
43GI023_MO.PV;;DI;сРЕВЙЮ ЦНПЧВЕЦН ЦЮГЮ С е-706. акнйхпнбйю;;;;;;
43GI023_MO.OP;;DI;сРЕВЙЮ ЦНПЧВЕЦН ЦЮГЮ С е-706. акнйхпнбйю;;;;;;
43GI023_MO.OP;;DO;сРЕВЙЮ ЦНПЧВЕЦН ЦЮГЮ С е-706. акнйхпнбйю;;;;;;
43GI023_MO.MD;;DI;сРЕВЙЮ ЦНПЧВЕЦН ЦЮГЮ С е-706. акнйхпнбйю;;;;;;
43GI023_MO.MD;;DO;сРЕВЙЮ ЦНПЧВЕЦН ЦЮГЮ С е-706. акнйхпнбйю;;;;;;
43GI024_MO.PV;;DI;сРЕВЙЮ ЦНПЧВЕЦН ЦЮГЮ С е-706/е-707. акнйхпнбйю;;;;;;
43GI024_MO.OP;;DI;сРЕВЙЮ ЦНПЧВЕЦН ЦЮГЮ С е-706/е-707. акнйхпнбйю;;;;;;
43GI024_MO.OP;;DO;сРЕВЙЮ ЦНПЧВЕЦН ЦЮГЮ С е-706/е-707. акнйхпнбйю;;;;;;
43GI024_MO.MD;;DI;сРЕВЙЮ ЦНПЧВЕЦН ЦЮГЮ С е-706/е-707. акнйхпнбйю;;;;;;
43GI024_MO.MD;;DO;сРЕВЙЮ ЦНПЧВЕЦН ЦЮГЮ С е-706/е-707. акнйхпнбйю;;;;;;
43GI025_MO.PV;;DI;сРЕВЙЮ ЦНПЧВЕЦН ЦЮГЮ С е-707. акнйхпнбйю;;;;;;
43GI025_MO.OP;;DI;сРЕВЙЮ ЦНПЧВЕЦН ЦЮГЮ С е-707. акнйхпнбйю;;;;;;
43GI025_MO.OP;;DO;сРЕВЙЮ ЦНПЧВЕЦН ЦЮГЮ С е-707. акнйхпнбйю;;;;;;
43GI025_MO.MD;;DI;сРЕВЙЮ ЦНПЧВЕЦН ЦЮГЮ С е-707. акнйхпнбйю;;;;;;
43GI025_MO.MD;;DO;сРЕВЙЮ ЦНПЧВЕЦН ЦЮГЮ С е-707. акнйхпнбйю;;;;;;
43GI026_MO.PV;;DI;сРЕВЙЮ ЦНПЧВЕЦН ЦЮГЮ С е-707. акнйхпнбйю;;;;;;
43GI026_MO.OP;;DI;сРЕВЙЮ ЦНПЧВЕЦН ЦЮГЮ С е-707. акнйхпнбйю;;;;;;
43GI026_MO.OP;;DO;сРЕВЙЮ ЦНПЧВЕЦН ЦЮГЮ С е-707. акнйхпнбйю;;;;;;
43GI026_MO.MD;;DI;сРЕВЙЮ ЦНПЧВЕЦН ЦЮГЮ С е-707. акнйхпнбйю;;;;;;
43GI026_MO.MD;;DO;сРЕВЙЮ ЦНПЧВЕЦН ЦЮГЮ С е-707. акнйхпнбйю;;;;;;
43GI027_MO.PV;;DI;сРЕВЙЮ ЦНПЧВЕЦН ЦЮГЮ С е-706/е-707. акнйхпнбйю;;;;;;
43GI027_MO.OP;;DI;сРЕВЙЮ ЦНПЧВЕЦН ЦЮГЮ С е-706/е-707. акнйхпнбйю;;;;;;
43GI027_MO.OP;;DO;сРЕВЙЮ ЦНПЧВЕЦН ЦЮГЮ С е-706/е-707. акнйхпнбйю;;;;;;
43GI027_MO.MD;;DI;сРЕВЙЮ ЦНПЧВЕЦН ЦЮГЮ С е-706/е-707. акнйхпнбйю;;;;;;
43GI027_MO.MD;;DO;сРЕВЙЮ ЦНПЧВЕЦН ЦЮГЮ С е-706/е-707. акнйхпнбйю;;;;;;
43GI028_MO.PV;;DI;сРЕВЙЮ ЦНПЧВЕЦН ЦЮГЮ С е-706. акнйхпнбйю;;;;;;
43GI028_MO.OP;;DI;сРЕВЙЮ ЦНПЧВЕЦН ЦЮГЮ С е-706. акнйхпнбйю;;;;;;
43GI028_MO.OP;;DO;сРЕВЙЮ ЦНПЧВЕЦН ЦЮГЮ С е-706. акнйхпнбйю;;;;;;
43GI028_MO.MD;;DI;сРЕВЙЮ ЦНПЧВЕЦН ЦЮГЮ С е-706. акнйхпнбйю;;;;;;
43GI028_MO.MD;;DO;сРЕВЙЮ ЦНПЧВЕЦН ЦЮГЮ С е-706. акнйхпнбйю;;;;;;
43GI029_MO.PV;;DI;сРЕВЙЮ ЦНПЧВЕЦН ЦЮГЮ С е-708. акнйхпнбйю;;;;;;
43GI029_MO.OP;;DI;сРЕВЙЮ ЦНПЧВЕЦН ЦЮГЮ С е-708. акнйхпнбйю;;;;;;
43GI029_MO.OP;;DO;сРЕВЙЮ ЦНПЧВЕЦН ЦЮГЮ С е-708. акнйхпнбйю;;;;;;
43GI029_MO.MD;;DI;сРЕВЙЮ ЦНПЧВЕЦН ЦЮГЮ С е-708. акнйхпнбйю;;;;;;
43GI029_MO.MD;;DO;сРЕВЙЮ ЦНПЧВЕЦН ЦЮГЮ С е-708. акнйхпнбйю;;;;;;
43GI030_MO.PV;;DI;сРЕВЙЮ ЦНПЧВЕЦН ЦЮГЮ С е-708. акнйхпнбйю;;;;;;
43GI030_MO.OP;;DI;сРЕВЙЮ ЦНПЧВЕЦН ЦЮГЮ С е-708. акнйхпнбйю;;;;;;
43GI030_MO.OP;;DO;сРЕВЙЮ ЦНПЧВЕЦН ЦЮГЮ С е-708. акнйхпнбйю;;;;;;
43GI030_MO.MD;;DI;сРЕВЙЮ ЦНПЧВЕЦН ЦЮГЮ С е-708. акнйхпнбйю;;;;;;
43GI030_MO.MD;;DO;сРЕВЙЮ ЦНПЧВЕЦН ЦЮГЮ С е-708. акнйхпнбйю;;;;;;
43GI031_MO.PV;;DI;сРЕВЙЮ ЦНПЧВЕЦН ЦЮГЮ С е-708. акнйхпнбйю;;;;;;
43GI031_MO.OP;;DI;сРЕВЙЮ ЦНПЧВЕЦН ЦЮГЮ С е-708. акнйхпнбйю;;;;;;
43GI031_MO.OP;;DO;сРЕВЙЮ ЦНПЧВЕЦН ЦЮГЮ С е-708. акнйхпнбйю;;;;;;
43GI031_MO.MD;;DI;сРЕВЙЮ ЦНПЧВЕЦН ЦЮГЮ С е-708. акнйхпнбйю;;;;;;
43GI031_MO.MD;;DO;сРЕВЙЮ ЦНПЧВЕЦН ЦЮГЮ С е-708. акнйхпнбйю;;;;;;
43GI032_MO.PV;;DI;сРЕВЙЮ ЦНПЧВЕЦН ЦЮГЮ С е-708. акнйхпнбйю;;;;;;
43GI032_MO.OP;;DI;сРЕВЙЮ ЦНПЧВЕЦН ЦЮГЮ С е-708. акнйхпнбйю;;;;;;
43GI032_MO.OP;;DO;сРЕВЙЮ ЦНПЧВЕЦН ЦЮГЮ С е-708. акнйхпнбйю;;;;;;
43GI032_MO.MD;;DI;сРЕВЙЮ ЦНПЧВЕЦН ЦЮГЮ С е-708. акнйхпнбйю;;;;;;
43GI032_MO.MD;;DO;сРЕВЙЮ ЦНПЧВЕЦН ЦЮГЮ С е-708. акнйхпнбйю;;;;;;
43GI033_MO.PV;;DI;сРЕВЙЮ ЦНПЧВЕЦН ЦЮГЮ С е-708. акнйхпнбйю;;;;;;
43GI033_MO.OP;;DI;сРЕВЙЮ ЦНПЧВЕЦН ЦЮГЮ С е-708. акнйхпнбйю;;;;;;
43GI033_MO.OP;;DO;сРЕВЙЮ ЦНПЧВЕЦН ЦЮГЮ С е-708. акнйхпнбйю;;;;;;
43GI033_MO.MD;;DI;сРЕВЙЮ ЦНПЧВЕЦН ЦЮГЮ С е-708. акнйхпнбйю;;;;;;
43GI033_MO.MD;;DO;сРЕВЙЮ ЦНПЧВЕЦН ЦЮГЮ С е-708. акнйхпнбйю;;;;;;
43GI034_MO.PV;;DI;сРЕВЙЮ ЦНПЧВЕЦН ЦЮГЮ С е-708. акнйхпнбйю;;;;;;
43GI034_MO.OP;;DI;сРЕВЙЮ ЦНПЧВЕЦН ЦЮГЮ С е-708. акнйхпнбйю;;;;;;
43GI034_MO.OP;;DO;сРЕВЙЮ ЦНПЧВЕЦН ЦЮГЮ С е-708. акнйхпнбйю;;;;;;
43GI034_MO.MD;;DI;сРЕВЙЮ ЦНПЧВЕЦН ЦЮГЮ С е-708. акнйхпнбйю;;;;;;
43GI034_MO.MD;;DO;сРЕВЙЮ ЦНПЧВЕЦН ЦЮГЮ С е-708. акнйхпнбйю;;;;;;
43GI035_MO.PV;;DI;сРЕВЙЮ ЦНПЧВЕЦН ЦЮГЮ С е-709. акнйхпнбйю;;;;;;
43GI035_MO.OP;;DI;сРЕВЙЮ ЦНПЧВЕЦН ЦЮГЮ С е-709. акнйхпнбйю;;;;;;
43GI035_MO.OP;;DO;сРЕВЙЮ ЦНПЧВЕЦН ЦЮГЮ С е-709. акнйхпнбйю;;;;;;
43GI035_MO.MD;;DI;сРЕВЙЮ ЦНПЧВЕЦН ЦЮГЮ С е-709. акнйхпнбйю;;;;;;
43GI035_MO.MD;;DO;сРЕВЙЮ ЦНПЧВЕЦН ЦЮГЮ С е-709. акнйхпнбйю;;;;;;
43GI036_MO.PV;;DI;сРЕВЙЮ ЦНПЧВЕЦН ЦЮГЮ С е-709. акнйхпнбйю;;;;;;
43GI036_MO.OP;;DI;сРЕВЙЮ ЦНПЧВЕЦН ЦЮГЮ С е-709. акнйхпнбйю;;;;;;
43GI036_MO.OP;;DO;сРЕВЙЮ ЦНПЧВЕЦН ЦЮГЮ С е-709. акнйхпнбйю;;;;;;
43GI036_MO.MD;;DI;сРЕВЙЮ ЦНПЧВЕЦН ЦЮГЮ С е-709. акнйхпнбйю;;;;;;
43GI036_MO.MD;;DO;сРЕВЙЮ ЦНПЧВЕЦН ЦЮГЮ С е-709. акнйхпнбйю;;;;;;
43GI037_MO.PV;;DI;сРЕВЙЮ ЦНПЧВЕЦН ЦЮГЮ С е-709. акнйхпнбйю;;;;;;
43GI037_MO.OP;;DI;сРЕВЙЮ ЦНПЧВЕЦН ЦЮГЮ С е-709. акнйхпнбйю;;;;;;
43GI037_MO.OP;;DO;сРЕВЙЮ ЦНПЧВЕЦН ЦЮГЮ С е-709. акнйхпнбйю;;;;;;
43GI037_MO.MD;;DI;сРЕВЙЮ ЦНПЧВЕЦН ЦЮГЮ С е-709. акнйхпнбйю;;;;;;
43GI037_MO.MD;;DO;сРЕВЙЮ ЦНПЧВЕЦН ЦЮГЮ С е-709. акнйхпнбйю;;;;;;
43YI401.PV;;DI;дЮРВХЙ НАМЮПСФЕМХЪ ОКЮЛЕМХ мя. мЮЯНЯМЮЪ;;;;;;
43YI403.PV;;DI;дЮРВХЙ НАМЮПСФЕМХЪ ОКЮЛЕМХ мя. мЮЯНЯМЮЪ;;;;;;
43YI405.PV;;DI;дЮРВХЙ НАМЮПСФЕМХЪ ОКЮЛЕМХ мя. мЮЯНЯМЮЪ;;;;;;
43YI407.PV;;DI;оНЛЕЫЕМХЕ МЮЯНЯМНИ. оНФЮП;;;;;;
43YI409.PV;;DI;дЮРВХЙ НАМЮПСФЕМХЪ ОКЮЛЕМХ мя. мЮЯНЯМЮЪ;;;;;;
43YI411.PV;;DI;дЮРВХЙ НАМЮПСФЕМХЪ ОКЮЛЕМХ мя. мЮЯНЯМЮЪ;;;;;;
00XA431G01P01.PV;;DI;IB-43-1 ьйют FGS-01 мехяопюбмнярэ хо 01;;;;;;
00XA431G01P02.PV;;DI;IB-43-1 ьйют FGS-01 мехяопюбмнярэ хо 02;;;;;;
00XA431G01P03.PV;;DI;IB-43-1 ьйют FGS-01 мехяопюбмнярэ хо 03;;;;;;
00XA431G01P04.PV;;DI;IB-43-1 ьйют FGS-01 мехяопюбмнярэ хо 04;;;;;;
00XA431G01ELD.PV;;DI;IB-43-1 ьйют FGS-01 гюгелкемхе сревйю мю гелкч;;;;;;
00XA431G01FAN.PV;;DI;IB-43-1 ьйют FGS-01 мехяопюбмнярэ бемрхкърнпю;;;;;;
00XA431G01TMP.PV;;DI;IB-43-1 ьйют FGS-01 опебшьемхе релоепюрспш б ьйютс;;;;;;
43HS001.PV;;DI;430-11 ЙМНОЙЮ РЕЯРЮ ЯХПЕМ Х ЛЮЪВЙНБ ОН ЦНПЧВЕЛС ЦЮГС С е-701;;;;;;
43HS002.PV;;DI;430-11 ЙМНОЙЮ РЕЯРЮ ЯХПЕМ Х ЛЮЪВЙНБ ОН ЦНПЧВЕЛС ЦЮГС С е-702;;;;;;
43HS003.PV;;DI;430-11 ЙМНОЙЮ РЕЯРЮ ЯХПЕМ Х ЛЮЪВЙНБ ОН ЦНПЧВЕЛС ЦЮГС С е-703;;;;;;
43HS004.PV;;DI;430-11 ЙМНОЙЮ РЕЯРЮ ЯХПЕМ Х ЛЮЪВЙНБ ОН ЦНПЧВЕЛС ЦЮГС С е-704;;;;;;
43HS005.PV;;DI;430-11 ЙМНОЙЮ РЕЯРЮ ЯХПЕМ Х ЛЮЪВЙНБ ОН ЦНПЧВЕЛС ЦЮГС С е-705;;;;;;
43HS006.PV;;DI;430-11 ЙМНОЙЮ РЕЯРЮ ЯХПЕМ Х ЛЮЪВЙНБ ОН ЦНПЧВЕЛС ЦЮГС С е-706;;;;;;
43HS007.PV;;DI;430-11 ЙМНОЙЮ РЕЯРЮ ЯХПЕМ Х ЛЮЪВЙНБ ОН ЦНПЧВЕЛС ЦЮГС С е-707;;;;;;
43HS008.PV;;DI;430-11 ЙМНОЙЮ РЕЯРЮ ЯХПЕМ Х ЛЮЪВЙНБ ОН ЦНПЧВЕЛС ЦЮГС С е-708;;;;;;
43HS009.PV;;DI;430-11 ЙМНОЙЮ РЕЯРЮ ЯХПЕМ Х ЛЮЪВЙНБ ОН ЦНПЧВЕЛС ЦЮГС С е-709;;;;;;
43HS400.PV;;DI;430-15 ЙМНОЙЮ РЕЯРЮ ЯХПЕМ Х ЛЮЪВЙНБ ОН ЦНПЧВЕЛС ЦЮГС С МЮЯНЯМНИ;;;;;;
43HS401.PV;;DI;430-15 ЙМНОЙЮ РЕЯРЮ ЯХПЕМ Х ЛЮЪВЙНБ ОН ЦНПЧВЕЛС ЦЮГС С МЮЯНЯМНИ;;;;;;
43HS402.PV;;DI;430-15 ЙМНОЙЮ РЕЯРЮ ЯХПЕМ Х ЛЮЪВЙНБ ОН ЦНПЧВЕЛС ЦЮГС С МЮЯНЯМНИ;;;;;;
43HS403.PV;;DI;430-15 ЙМНОЙЮ РЕЯРЮ ЯХПЕМ Х ЛЮЪВЙНБ ОН ЦНПЧВЕЛС ЦЮГС С МЮЯНЯМНИ;;;;;;
43HS406.PV;;DI;430-15 ЙМНОЙЮ РЕЯРЮ ЯХПЕМ Х ЛЮЪВЙНБ ОН ЦНПЧВЕЛС ЦЮГС С МЮЯНЯМНИ;;;;;;
43HS404.PV;;DI;430-15 ЙМНОЙЮ РЕЯРЮ ЯХПЕМ Х ЛЮЪВЙНБ ОН ЦНПЧВЕЛС ЦЮГС МЮПСФМЮЪ СЯРЮМНБЙЮ;;;;;;
43HS405.PV;;DI;430-15 ЙМНОЙЮ РЕЯРЮ ЯХПЕМ Х ЛЮЪВЙНБ ОН ЦНПЧВЕЛС ЦЮГС МЮПСФМЮЪ СЯРЮМНБЙЮ;;;;;;
43HS407.PV;;DI;430-15 ЙМНОЙЮ РЕЯРЮ ЯХПЕМ Х ЛЮЪВЙНБ ОН ЦНПЧВЕЛС ЦЮГС МЮПСФМЮЪ СЯР-ЙЮ лжй;;;;;;
00XA431GMC03.PV;;DI;IB-43-1 ьйют F-MC-03 наыхи юбюпхимши яхцмюк;;;;;;
00XA431GMC01.PV;;DI;IB-43-1 ьйют F-MC-01 наыхи юбюпхимши яхцмюк;;;;;;
00XA431GMC02.PV;;DI;IB-43-1 ьйют F-MC-02 наыхи юбюпхимши яхцмюк;;;;;;
43YI011.PV;;DI;рЕОКНБНИ ОНФ. ХГБЕЫЮР. Б е-708;;;;;;
43YI015.PV;;DI;рЕОКНБНИ ОНФ. ХГБЕЫЮР. Б е-709;;;;;;
43YI101.PV;;DI;рЕОКНБНИ ОНФ. ХГБЕЫЮР. Б е-712;;;;;;
43YI105.PV;;DI;рЕОКНБНИ ОНФ. ХГБЕЫЮР. Б е-713;;;;;;
43YI001.PV;;DI;рЕОКНБНИ ОНФ. ХГБЕЫЮР. Б е-701;;;;;;
43YI003.PV;;DI;рЕОКНБНИ ОНФ. ХГБЕЫЮР. Б е-702;;;;;;
43YI005.PV;;DI;рЕОКНБНИ ОНФ. ХГБЕЫЮР. Б е-703;;;;;;
43YI007.PV;;DI;рЕОКНБНИ ОНФ. ХГБЕЫЮР. Б е-704;;;;;;
93HS055D.PV;;DI;гюйпшрхе щк. гюдб-йх 93-XV-055. ймнойю мю FDAP;;;;;;
93HS056C.PV;;DI;нрйпшрхе щк. гюдб-йх 93-XV-056. ймнойю мю FDAP;;;;;;
93HS056D.PV;;DI;гюйпшрхе щк. гюдб-йх 93-XV-056. ймнойю мю FDAP;;;;;;
93HS057C.PV;;DI;нрйпшрхе щк. гюдб-йх 93-XV-057. ймнойю мю FDAP;;;;;;
93HS057D.PV;;DI;гюйпшрхе щк. гюдб-йх 93-XV-057. ймнойю мю FDAP;;;;;;
93HS058C.PV;;DI;нрйпшрхе щк. гюдб-йх 93-XV-058. ймнойю мю FDAP;;;;;;
93HS058D.PV;;DI;гюйпшрхе щк. гюдб-йх 93-XV-058. ймнойю мю FDAP;;;;;;
93HS059C.PV;;DI;нрйпшрхе щк. гюдб-йх 93-XV-059. ймнойю мю FDAP;;;;;;
93HS059D.PV;;DI;гюйпшрхе щк. гюдб-йх 93-XV-059. ймнойю мю FDAP;;;;;;
93HS060C.PV;;DI;нрйпшрхе щк. гюдб-йх 93-XV-060. ймнойю мю FDAP;;;;;;
93HS060D.PV;;DI;гюйпшрхе щк. гюдб-йх 93-XV-060. ймнойю мю FDAP;;;;;;
93HS061C.PV;;DI;нрйпшрхе щк. гюдб-йх 93-XV-061. ймнойю мю FDAP;;;;;;
93HS061D.PV;;DI;гюйпшрхе щк. гюдб-йх 93-XV-061. ймнойю мю FDAP;;;;;;
93HS062C.PV;;DI;нрйпшрхе щк. гюдб-йх 93-XV-062. ймнойю мю FDAP;;;;;;
93HS062D.PV;;DI;гюйпшрхе щк. гюдб-йх 93-XV-062. ймнойю мю FDAP;;;;;;
93HS063C.PV;;DI;нрйпшрхе щк. гюдб-йх 93-XV-063. ймнойю мю FDAP;;;;;;
93HS063D.PV;;DI;гюйпшрхе щк. гюдб-йх 93-XV-063. ймнойю мю FDAP;;;;;;
93HS064C.PV;;DI;нрйпшрхе щк. гюдб-йх 93-XV-064. ймнойю мю FDAP;;;;;;
93HS064D.PV;;DI;гюйпшрхе щк. гюдб-йх 93-XV-064. ймнойю мю FDAP;;;;;;
93HS065C.PV;;DI;нрйпшрхе щк. гюдб-йх 93-XV-065. ймнойю мю FDAP;;;;;;
93HS065D.PV;;DI;гюйпшрхе щк. гюдб-йх 93-XV-065. ймнойю мю FDAP;;;;;;
93HS066C.PV;;DI;нрйпшрхе щк. гюдб-йх 93-XV-066. ймнойю мю FDAP;;;;;;
93HS066D.PV;;DI;гюйпшрхе щк. гюдб-йх 93-XV-066. ймнойю мю FDAP;;;;;;
93HS067C.PV;;DI;нрйпшрхе щк. гюдб-йх 93-XV-067. ймнойю мю FDAP;;;;;;
93HS067D.PV;;DI;гюйпшрхе щк. гюдб-йх 93-XV-067. ймнойю мю FDAP;;;;;;
93HS068C.PV;;DI;нрйпшрхе щк. гюдб-йх 93-XV-068. ймнойю мю FDAP;;;;;;
93HS068D.PV;;DI;гюйпшрхе щк. гюдб-йх 93-XV-068. ймнойю мю FDAP;;;;;;
43HS582A.PV;;DI;йМНОЙЮ LCSю1юб. бЙК. БЕМР. (AB1-AB5);;;;;;
43HS582B.PV;;DI;йМНОЙЮ LCSю1юб. бШЙК. БЕМР. (AB1-AB5);;;;;;
43HS583A.PV;;DI;йМНОЙЮ LCSю2AB. бЙК. БЕМР. (AB1-AB5);;;;;;
43HS583B.PV;;DI;йМНОЙЮ LCSю2AB. бШЙК. БЕМР. (AB1-AB5);;;;;;
43HS586.PV;;DI;йМНОЙЮ LCSA3. цП.НРЙК.о4,б4,юб1-юб5;;;;;;
43HS587.PV;;DI;йМНОЙЮ LCSA4. цП.НРЙК.о4,б4,юб1-юб5;;;;;;
43XA021.PV;;DI;лЮЪВНЙ (кбц). пЕГЕПБСЮП е-701;;;;;;
43XA022.PV;;DI;лЮЪВНЙ (кбц). пЕГЕПБСЮП е-702;;;;;;
43XA023.PV;;DI;лЮЪВНЙ (кбц). пЕГЕПБСЮП е-703;;;;;;
43XA024.PV;;DI;лЮЪВНЙ (кбц). пЕГЕПБСЮП е-704;;;;;;
43XA025.PV;;DI;лЮЪВНЙ (кбц). пЕГЕПБСЮП е-705;;;;;;
43XA026.PV;;DI;лЮЪВНЙ (кбц). пЕГЕПБСЮП е-706;;;;;;
43XA027.PV;;DI;лЮЪВНЙ (кбц). пЕГЕПБСЮП е-707;;;;;;
43XA028.PV;;DI;лЮЪВНЙ (кбц). пЕГЕПБСЮП е-708;;;;;;
43XA029.PV;;DI;лЮЪВНЙ (кбц). пЕГЕПБСЮП е-709;;;;;;
43XA420.PV;;DI;яХПЕМЮ (кбц). мЮЯНЯМЮЪ.;;;;;;
43XA421.PV;;DI;яХПЕМЮ (кбц). мЮЯНЯМЮЪ.;;;;;;
43XA154.PV;;DI;яХПЕМЮ (оНФЮП). пЕГЕПБСЮП е-713;;;;;;
43XA594.PV;;DI;яХПЕМЮ (оНФЮП). мЮЯНЯМЮЪ;;;;;;
43XA594A.PV;;DI;яХПЕМЮ (оНФЮП). мЮЯНЯМЮЪ;;;;;;
43XA594B.PV;;DI;яХПЕМЮ (оНФЮП). мЮЯНЯМЮЪ;;;;;;
43XA594C.PV;;DI;яХПЕМЮ (оНФЮП). мЮЯНЯМЮЪ;;;;;;
43XA594D.PV;;DI;яХПЕМЮ (оНФЮП). мЮЯНЯМЮЪ;;;;;;
43XA041.PV;;DI;лЮЪВНЙ (оНФЮП). пЕГЕПБСЮП е-701;;;;;;
43XA042.PV;;DI;лЮЪВНЙ (оНФЮП). пЕГЕПБСЮП е-701;;;;;;
43XA043.PV;;DI;лЮЪВНЙ (оНФЮП). пЕГЕПБСЮП е-703;;;;;;
43XA044.PV;;DI;лЮЪВНЙ (оНФЮП). пЕГЕПБСЮП е-703;;;;;;
43XA045.PV;;DI;лЮЪВНЙ (оНФЮП). пЕГЕПБСЮП е-704;;;;;;
43XA046.PV;;DI;лЮЪВНЙ (оНФЮП). пЕГЕПБСЮП е-705;;;;;;
43XA047.PV;;DI;лЮЪВНЙ (оНФЮП). пЕГЕПБСЮП е-705;;;;;;
43XA048.PV;;DI;лЮЪВНЙ (оНФЮП). пЕГЕПБСЮП е-709;;;;;;
43XA049.PV;;DI;лЮЪВНЙ (оНФЮП). пЕГЕПБСЮП е-708;;;;;;
43XA141.PV;;DI;лЮЪВНЙ (оНФЮП). пЕГЕПБСЮП е-712;;;;;;
43XA142.PV;;DI;лЮЪВНЙ (оНФЮП). пЕГЕПБСЮП е-712;;;;;;
43XA143.PV;;DI;лЮЪВНЙ (оНФЮП). пЕГЕПБСЮП е-713;;;;;;
43XA144.PV;;DI;лЮЪВНЙ (оНФЮП). пЕГЕПБСЮП е-713;;;;;;
43XA593.PV;;DI;лЮЪВНЙ (оНФЮП). мЮЯНЯМЮЪ;;;;;;
43XA593A.PV;;DI;лЮЪВНЙ (оНФЮП). мЮЯНЯМЮЪ;;;;;;
43XA593B.PV;;DI;лЮЪВНЙ (оНФЮП). мЮЯНЯМЮЪ;;;;;;
43XA593C.PV;;DI;лЮЪВНЙ (оНФЮП). мЮЯНЯМЮЪ;;;;;;
43XA593D.PV;;DI;лЮЪВНЙ (оНФЮП). мЮЯНЯМЮЪ;;;;;;
43GI001_MO.PV;;DI;сРЕВЙЮ ЦНПЧВЕЦН ЦЮГЮ С е-701. акнйхпнбйю;;;;;;
43GI001_MO.OP;;DI;сРЕВЙЮ ЦНПЧВЕЦН ЦЮГЮ С е-701. акнйхпнбйю;;;;;;
43GI001_MO.OP;;DO;сРЕВЙЮ ЦНПЧВЕЦН ЦЮГЮ С е-701. акнйхпнбйю;;;;;;
43GI001_MO.MD;;DI;сРЕВЙЮ ЦНПЧВЕЦН ЦЮГЮ С е-701. акнйхпнбйю;;;;;;
43GI001_MO.MD;;DO;сРЕВЙЮ ЦНПЧВЕЦН ЦЮГЮ С е-701. акнйхпнбйю;;;;;;
43GI002_MO.PV;;DI;сРЕВЙЮ ЦНПЧВЕЦН ЦЮГЮ С е-701. акнйхпнбйю;;;;;;
43GI002_MO.OP;;DI;сРЕВЙЮ ЦНПЧВЕЦН ЦЮГЮ С е-701. акнйхпнбйю;;;;;;
43GI002_MO.OP;;DO;сРЕВЙЮ ЦНПЧВЕЦН ЦЮГЮ С е-701. акнйхпнбйю;;;;;;
43GI002_MO.MD;;DI;сРЕВЙЮ ЦНПЧВЕЦН ЦЮГЮ С е-701. акнйхпнбйю;;;;;;
43GI002_MO.MD;;DO;сРЕВЙЮ ЦНПЧВЕЦН ЦЮГЮ С е-701. акнйхпнбйю;;;;;;
43GI003_MO.PV;;DI;сРЕВЙЮ ЦНПЧВЕЦН ЦЮГЮ С е-701. акнйхпнбйю;;;;;;
43GI003_MO.OP;;DI;сРЕВЙЮ ЦНПЧВЕЦН ЦЮГЮ С е-701. акнйхпнбйю;;;;;;
43GI003_MO.OP;;DO;сРЕВЙЮ ЦНПЧВЕЦН ЦЮГЮ С е-701. акнйхпнбйю;;;;;;
43GI003_MO.MD;;DI;сРЕВЙЮ ЦНПЧВЕЦН ЦЮГЮ С е-701. акнйхпнбйю;;;;;;
43GI003_MO.MD;;DO;сРЕВЙЮ ЦНПЧВЕЦН ЦЮГЮ С е-701. акнйхпнбйю;;;;;;
43GI004_MO.PV;;DI;сРЕВЙЮ ЦНПЧВЕЦН ЦЮГЮ С е-701. акнйхпнбйю;;;;;;
43GI004_MO.OP;;DI;сРЕВЙЮ ЦНПЧВЕЦН ЦЮГЮ С е-701. акнйхпнбйю;;;;;;
43GI004_MO.OP;;DO;сРЕВЙЮ ЦНПЧВЕЦН ЦЮГЮ С е-701. акнйхпнбйю;;;;;;
43GI004_MO.MD;;DI;сРЕВЙЮ ЦНПЧВЕЦН ЦЮГЮ С е-701. акнйхпнбйю;;;;;;
43GI004_MO.MD;;DO;сРЕВЙЮ ЦНПЧВЕЦН ЦЮГЮ С е-701. акнйхпнбйю;;;;;;
43GI005_MO.PV;;DI;сРЕВЙЮ ЦНПЧВЕЦН ЦЮГЮ С е-701. акнйхпнбйю;;;;;;
43GI005_MO.OP;;DI;сРЕВЙЮ ЦНПЧВЕЦН ЦЮГЮ С е-701. акнйхпнбйю;;;;;;
43GI005_MO.OP;;DO;сРЕВЙЮ ЦНПЧВЕЦН ЦЮГЮ С е-701. акнйхпнбйю;;;;;;
43GI005_MO.MD;;DI;сРЕВЙЮ ЦНПЧВЕЦН ЦЮГЮ С е-701. акнйхпнбйю;;;;;;
43GI005_MO.MD;;DO;сРЕВЙЮ ЦНПЧВЕЦН ЦЮГЮ С е-701. акнйхпнбйю;;;;;;
43GI006_MO.PV;;DI;сРЕВЙЮ ЦНПЧВЕЦН ЦЮГЮ С е-702. акнйхпнбйю;;;;;;
43GI006_MO.OP;;DI;сРЕВЙЮ ЦНПЧВЕЦН ЦЮГЮ С е-702. акнйхпнбйю;;;;;;
43GI006_MO.OP;;DO;сРЕВЙЮ ЦНПЧВЕЦН ЦЮГЮ С е-702. акнйхпнбйю;;;;;;
43GI006_MO.MD;;DI;сРЕВЙЮ ЦНПЧВЕЦН ЦЮГЮ С е-702. акнйхпнбйю;;;;;;
43GI006_MO.MD;;DO;сРЕВЙЮ ЦНПЧВЕЦН ЦЮГЮ С е-702. акнйхпнбйю;;;;;;
43GI007_MO.PV;;DI;сРЕВЙЮ ЦНПЧВЕЦН ЦЮГЮ С е-702. акнйхпнбйю;;;;;;
43GI007_MO.OP;;DI;сРЕВЙЮ ЦНПЧВЕЦН ЦЮГЮ С е-702. акнйхпнбйю;;;;;;
43GI007_MO.OP;;DO;сРЕВЙЮ ЦНПЧВЕЦН ЦЮГЮ С е-702. акнйхпнбйю;;;;;;
43GI007_MO.MD;;DI;сРЕВЙЮ ЦНПЧВЕЦН ЦЮГЮ С е-702. акнйхпнбйю;;;;;;
43GI007_MO.MD;;DO;сРЕВЙЮ ЦНПЧВЕЦН ЦЮГЮ С е-702. акнйхпнбйю;;;;;;
43GI008_MO.PV;;DI;сРЕВЙЮ ЦНПЧВЕЦН ЦЮГЮ С е-702. акнйхпнбйю;;;;;;
43GI008_MO.OP;;DI;сРЕВЙЮ ЦНПЧВЕЦН ЦЮГЮ С е-702. акнйхпнбйю;;;;;;
43GI008_MO.OP;;DO;сРЕВЙЮ ЦНПЧВЕЦН ЦЮГЮ С е-702. акнйхпнбйю;;;;;;
43GI008_MO.MD;;DI;сРЕВЙЮ ЦНПЧВЕЦН ЦЮГЮ С е-702. акнйхпнбйю;;;;;;
43GI008_MO.MD;;DO;сРЕВЙЮ ЦНПЧВЕЦН ЦЮГЮ С е-702. акнйхпнбйю;;;;;;
43GI009_MO.PV;;DI;сРЕВЙЮ ЦНПЧВЕЦН ЦЮГЮ С е-702. акнйхпнбйю;;;;;;
43GI009_MO.OP;;DI;сРЕВЙЮ ЦНПЧВЕЦН ЦЮГЮ С е-702. акнйхпнбйю;;;;;;
43GI009_MO.OP;;DO;сРЕВЙЮ ЦНПЧВЕЦН ЦЮГЮ С е-702. акнйхпнбйю;;;;;;
43GI009_MO.MD;;DI;сРЕВЙЮ ЦНПЧВЕЦН ЦЮГЮ С е-702. акнйхпнбйю;;;;;;
43GI009_MO.MD;;DO;сРЕВЙЮ ЦНПЧВЕЦН ЦЮГЮ С е-702. акнйхпнбйю;;;;;;
43GI010_MO.PV;;DI;сРЕВЙЮ ЦНПЧВЕЦН ЦЮГЮ С е-703. акнйхпнбйю;;;;;;
43GI010_MO.OP;;DI;сРЕВЙЮ ЦНПЧВЕЦН ЦЮГЮ С е-703. акнйхпнбйю;;;;;;
43GI010_MO.OP;;DO;сРЕВЙЮ ЦНПЧВЕЦН ЦЮГЮ С е-703. акнйхпнбйю;;;;;;
43GI010_MO.MD;;DI;сРЕВЙЮ ЦНПЧВЕЦН ЦЮГЮ С е-703. акнйхпнбйю;;;;;;
43GI010_MO.MD;;DO;сРЕВЙЮ ЦНПЧВЕЦН ЦЮГЮ С е-703. акнйхпнбйю;;;;;;
43GI011_MO.PV;;DI;сРЕВЙЮ ЦНПЧВЕЦН ЦЮГЮ С е-703. акнйхпнбйю;;;;;;
43GI011_MO.OP;;DI;сРЕВЙЮ ЦНПЧВЕЦН ЦЮГЮ С е-703. акнйхпнбйю;;;;;;
43GI011_MO.OP;;DO;сРЕВЙЮ ЦНПЧВЕЦН ЦЮГЮ С е-703. акнйхпнбйю;;;;;;
43GI011_MO.MD;;DI;сРЕВЙЮ ЦНПЧВЕЦН ЦЮГЮ С е-703. акнйхпнбйю;;;;;;
43GI011_MO.MD;;DO;сРЕВЙЮ ЦНПЧВЕЦН ЦЮГЮ С е-703. акнйхпнбйю;;;;;;
43GI012_MO.PV;;DI;сРЕВЙЮ ЦНПЧВЕЦН ЦЮГЮ С е-703. акнйхпнбйю;;;;;;
43GI012_MO.OP;;DI;сРЕВЙЮ ЦНПЧВЕЦН ЦЮГЮ С е-703. акнйхпнбйю;;;;;;
43GI012_MO.OP;;DO;сРЕВЙЮ ЦНПЧВЕЦН ЦЮГЮ С е-703. акнйхпнбйю;;;;;;
43GI012_MO.MD;;DI;сРЕВЙЮ ЦНПЧВЕЦН ЦЮГЮ С е-703. акнйхпнбйю;;;;;;
43GI012_MO.MD;;DO;сРЕВЙЮ ЦНПЧВЕЦН ЦЮГЮ С е-703. акнйхпнбйю;;;;;;
93XSA060.PV;;DI;щк. гюдб-йю 93-XV-060. мехяоп. охрюмхъ;;;;;;
93XSA061.PV;;DI;щк. гюдб-йю 93-XV-061. мехяоп. охрюмхъ;;;;;;
93XSA062.PV;;DI;щк. гюдб-йю 93-XV-062. мехяоп. охрюмхъ;;;;;;
93XSA063.PV;;DI;щк. гюдб-йю 93-XV-063. мехяоп. охрюмхъ;;;;;;
93XSB057.PV;;DI;щк. гюдб-йю 93-XV-057. юбрнл. пефхл;;;;;;
93XSB058.PV;;DI;щк. гюдб-йю 93-XV-058. юбрнл. пефхл;;;;;;
93XSB059.PV;;DI;щк. гюдб-йю 93-XV-059. юбрнл. пефхл;;;;;;
93XSB060.PV;;DI;щк. гюдб-йю 93-XV-060. юбрнл. пефхл;;;;;;
93XSB061.PV;;DI;щк. гюдб-йю 93-XV-061. юбрнл. пефхл;;;;;;
93XSB062.PV;;DI;щк. гюдб-йю 93-XV-062. юбрнл. пефхл;;;;;;
93XSB063.PV;;DI;щк. гюдб-йю 93-XV-063. юбрнл. пефхл;;;;;;
93XSF057.PV;;DI;щк. гюдб-йю 93-XV-057. мехяоп. лстрш;;;;;;
93XSF058.PV;;DI;щк. гюдб-йю 93-XV-058. мехяоп. лстрш;;;;;;
93XSF059.PV;;DI;щк. гюдб-йю 93-XV-059. мехяоп. лстрш;;;;;;
93XSF060.PV;;DI;щк. гюдб-йю 93-XV-060. мехяоп. лстрш;;;;;;
93XSF061.PV;;DI;щк. гюдб-йю 93-XV-061. мехяоп. лстрш;;;;;;
93XSF062.PV;;DI;щк. гюдб-йю 93-XV-062. мехяоп. лстрш;;;;;;
93XSF063.PV;;DI;щк. гюдб-йю 93-XV-063. мехяоп. лстрш;;;;;;
93PAHH075.PV;;DI;дЮБКЕМХЕ БНДШ ОЕПЕД ГЮДБХФЙНИ 93XV055;;;;;;
93PAHH076.PV;;DI;дЮБКЕМХЕ БНДШ ОЕПЕД ГЮДБХФЙНИ 93XV056;;;;;;
93XSA064.PV;;DI;щк. гюдб-йю 93-XV-064. мехяоп. охрюмхъ;;;;;;
93XSA065.PV;;DI;щк. гюдб-йю 93-XV-065. мехяоп. охрюмхъ;;;;;;
43GI008.PV;;DI;сРЕВЙЮ ЦНПЧВЕЦН ЦЮГЮ С е-702;;;;;;
43GI010.PV;;DI;сРЕВЙЮ ЦНПЧВЕЦН ЦЮГЮ С е-703;;;;;;
43GI012.PV;;DI;сРЕВЙЮ ЦНПЧВЕЦН ЦЮГЮ С е-703;;;;;;
43GI014.PV;;DI;сРЕВЙЮ ЦНПЧВЕЦН ЦЮГЮ С е-704;;;;;;
43GI016.PV;;DI;сРЕВЙЮ ЦНПЧВЕЦН ЦЮГЮ С е-704;;;;;;
43GI018.PV;;DI;сРЕВЙЮ ЦНПЧВЕЦН ЦЮГЮ С е-705;;;;;;
43GI020.PV;;DI;сРЕВЙЮ ЦНПЧВЕЦН ЦЮГЮ С е-705;;;;;;
43GI021.PV;;DI;сРЕВЙЮ ЦНПЧВЕЦН ЦЮГЮ С е-705;;;;;;
43GI022.PV;;DI;сРЕВЙЮ ЦНПЧВЕЦН ЦЮГЮ С е-705;;;;;;
43GI041.PV;;DI;сРЕВЙЮ ЦНПЧВЕЦН ЦЮГЮ С е-703;;;;;;
43GI002.PV;;DI;сРЕВЙЮ ЦНПЧВЕЦН ЦЮГЮ С е-701;;;;;;
43GI003.PV;;DI;сРЕВЙЮ ЦНПЧВЕЦН ЦЮГЮ С е-701;;;;;;
43GI005.PV;;DI;сРЕВЙЮ ЦНПЧВЕЦН ЦЮГЮ С е-701;;;;;;
43GI007.PV;;DI;сРЕВЙЮ ЦНПЧВЕЦН ЦЮГЮ С е-702;;;;;;
43GI009.PV;;DI;сРЕВЙЮ ЦНПЧВЕЦН ЦЮГЮ С е-702;;;;;;
43GI011.PV;;DI;сРЕВЙЮ ЦНПЧВЕЦН ЦЮГЮ С е-703;;;;;;
43GI013.PV;;DI;сРЕВЙЮ ЦНПЧВЕЦН ЦЮГЮ С е-703;;;;;;
43GI015.PV;;DI;сРЕВЙЮ ЦНПЧВЕЦН ЦЮГЮ С е-704;;;;;;
43GI017.PV;;DI;сРЕВЙЮ ЦНПЧВЕЦН ЦЮГЮ С е-704;;;;;;
43GI019.PV;;DI;сРЕВЙЮ ЦНПЧВЕЦН ЦЮГЮ С е-705;;;;;;
43GI023.PV;;DI;сРЕВЙЮ ЦНПЧВЕЦН ЦЮГЮ С е-706;;;;;;
43GI024.PV;;DI;сРЕВЙЮ ЦНПЧВЕЦН ЦЮГЮ С е-706/е-707;;;;;;
43GI025.PV;;DI;сРЕВЙЮ ЦНПЧВЕЦН ЦЮГЮ С е-707;;;;;;
43GI029.PV;;DI;сРЕВЙЮ ЦНПЧВЕЦН ЦЮГЮ С е-708;;;;;;
43GI030.PV;;DI;сРЕВЙЮ ЦНПЧВЕЦН ЦЮГЮ С е-708;;;;;;
43GI031.PV;;DI;сРЕВЙЮ ЦНПЧВЕЦН ЦЮГЮ С е-708;;;;;;
43GI032.PV;;DI;сРЕВЙЮ ЦНПЧВЕЦН ЦЮГЮ С е-708;;;;;;
43GI034.PV;;DI;сРЕВЙЮ ЦНПЧВЕЦН ЦЮГЮ С е-708;;;;;;
43GI036.PV;;DI;сРЕВЙЮ ЦНПЧВЕЦН ЦЮГЮ С е-709;;;;;;
43GI037.PV;;DI;сРЕВЙЮ ЦНПЧВЕЦН ЦЮГЮ С е-709;;;;;;
43GI038.PV;;DI;сРЕВЙЮ ЦНПЧВЕЦН ЦЮГЮ С е-709;;;;;;
43GI039.PV;;DI;сРЕВЙЮ ЦНПЧВЕЦН ЦЮГЮ С е-709;;;;;;
43GI040.PV;;DI;сРЕВЙЮ ЦНПЧВЕЦН ЦЮГЮ С е-709;;;;;;
43GI026.PV;;DI;сРЕВЙЮ ЦНПЧВЕЦН ЦЮГЮ С е-707;;;;;;
43GI027.PV;;DI;сРЕВЙЮ ЦНПЧВЕЦН ЦЮГЮ С е-706/е-707;;;;;;
43GI028.PV;;DI;сРЕВЙЮ ЦНПЧВЕЦН ЦЮГЮ С е-706;;;;;;
43GI033.PV;;DI;сРЕВЙЮ ЦНПЧВЕЦН ЦЮГЮ С е-708;;;;;;
43GI035.PV;;DI;сРЕВЙЮ ЦНПЧВЕЦН ЦЮГЮ С е-709;;;;;;
43GI401.PV;;DI;сРЕВЙЮ ЦНПЧВЕЦН ЦЮГЮ МЮЯНЯШ P-4301501юX/SX;;;;;;
43GI402.PV;;DI;сРЕВЙЮ ЦНПЧВЕЦН ЦЮГЮ МЮЯНЯШ P-4301502юX/SX;;;;;;
43GI404.PV;;DI;сРЕВЙЮ ЦНПЧВЕЦН ЦЮГЮ МЮЯНЯШ P-4301504юX/1SX;;;;;;
43GI405.PV;;DI;сРЕВЙЮ ЦНПЧВЕЦН ЦЮГЮ МЮЯНЯШ P-43015042SX;;;;;;
43GI406.PV;;DI;сРЕВЙЮ ЦНПЧВЕЦН ЦЮГЮ МЮЯНЯШ P-4301505юX/SX;;;;;;
43GI407.PV;;DI;сРЕВЙЮ ЦНПЧВЕЦН ЦЮГЮ МЮЯНЯШ P-4301506юX/SX;;;;;;
43GI001.PV;;DI;сРЕВЙЮ ЦНПЧВЕЦН ЦЮГЮ С е-701;;;;;;
43GI004.PV;;DI;сРЕВЙЮ ЦНПЧВЕЦН ЦЮГЮ С е-701;;;;;;
43GI006.PV;;DI;сРЕВЙЮ ЦНПЧВЕЦН ЦЮГЮ С е-702;;;;;;
43GI408.PV;;DI;сРЕВЙЮ ЦНПЧВЕЦН ЦЮГЮ МЮЯНЯШ P-4301507юX/SX;;;;;;
43GI420.PV;;DI;сРЕВЙЮ ЦНПЧВЕЦН ЦЮГЮ МЮЯНЯШ P-4301508юX/SX;;;;;;
43GI412.PV;;DI;сРЕВЙЮ ЦНПЧВЕЦН ЦЮГЮ ТХКЭРПШ S-4301504ю/S;;;;;;
43GI416.PV;;DI;сРЕВЙЮ ЦНПЧВЕЦН ЦЮГЮ ТХКЭРПШ S-4301508ю/S;;;;;;
43GI417.PV;;DI;сРЕВЙЮ ЦНПЧВЕЦН ЦЮГЮ ЕЛЙНЯРЭ F-4301502;;;;;;
43XA061.PV;;DI;оНФЮП. пСВМНИ ХГБЕЫЮРЕКЭ С е-707;;;;;;
43XA062.PV;;DI;оНФЮП. пСВМНИ ХГБЕЫЮРЕКЭ Л/С е-708 Х е-709;;;;;;
43XA063.PV;;DI;оНФЮП. пСВМНИ ХГБЕЫЮРЕКЭ С е-706;;;;;;
43XA064.PV;;DI;оНФЮП. пСВМНИ ХГБЕЫЮРЕКЭ С е-710;;;;;;
43XA066.PV;;DI;оНФЮП. пСВМНИ ХГБЕЫЮРЕКЭ С е-705;;;;;;
43XA067.PV;;DI;оНФЮП. пСВМНИ ХГБЕЫЮРЕКЭ С е-701;;;;;;
43XA068.PV;;DI;оНФЮП. пСВМНИ ХГБЕЫЮРЕКЭ С F-4301103;;;;;;
43XA069.PV;;DI;оНФЮП. пСВМНИ ХГБЕЫЮРЕКЭ С е-705;;;;;;
43GI038_MO.PV;;DI;сРЕВЙЮ ЦНПЧВЕЦН ЦЮГЮ С е-709. акнйхпнбйю;;;;;;
43GI038_MO.OP;;DI;сРЕВЙЮ ЦНПЧВЕЦН ЦЮГЮ С е-709. акнйхпнбйю;;;;;;
43GI038_MO.OP;;DO;сРЕВЙЮ ЦНПЧВЕЦН ЦЮГЮ С е-709. акнйхпнбйю;;;;;;
43GI038_MO.MD;;DI;сРЕВЙЮ ЦНПЧВЕЦН ЦЮГЮ С е-709. акнйхпнбйю;;;;;;
43GI038_MO.MD;;DO;сРЕВЙЮ ЦНПЧВЕЦН ЦЮГЮ С е-709. акнйхпнбйю;;;;;;
43GI039_MO.PV;;DI;сРЕВЙЮ ЦНПЧВЕЦН ЦЮГЮ С е-709. акнйхпнбйю;;;;;;
43GI039_MO.OP;;DI;сРЕВЙЮ ЦНПЧВЕЦН ЦЮГЮ С е-709. акнйхпнбйю;;;;;;
43GI039_MO.OP;;DO;сРЕВЙЮ ЦНПЧВЕЦН ЦЮГЮ С е-709. акнйхпнбйю;;;;;;
43GI039_MO.MD;;DI;сРЕВЙЮ ЦНПЧВЕЦН ЦЮГЮ С е-709. акнйхпнбйю;;;;;;
43GI039_MO.MD;;DO;сРЕВЙЮ ЦНПЧВЕЦН ЦЮГЮ С е-709. акнйхпнбйю;;;;;;
43GI040_MO.PV;;DI;сРЕВЙЮ ЦНПЧВЕЦН ЦЮГЮ С е-709. акнйхпнбйю;;;;;;
43GI040_MO.OP;;DI;сРЕВЙЮ ЦНПЧВЕЦН ЦЮГЮ С е-709. акнйхпнбйю;;;;;;
43GI040_MO.OP;;DO;сРЕВЙЮ ЦНПЧВЕЦН ЦЮГЮ С е-709. акнйхпнбйю;;;;;;
43GI040_MO.MD;;DI;сРЕВЙЮ ЦНПЧВЕЦН ЦЮГЮ С е-709. акнйхпнбйю;;;;;;
43GI040_MO.MD;;DO;сРЕВЙЮ ЦНПЧВЕЦН ЦЮГЮ С е-709. акнйхпнбйю;;;;;;
43GI041_MO.PV;;DI;сРЕВЙЮ ЦНПЧВЕЦН ЦЮГЮ С е-703. акнйхпнбйю;;;;;;
43GI041_MO.OP;;DI;сРЕВЙЮ ЦНПЧВЕЦН ЦЮГЮ С е-703. акнйхпнбйю;;;;;;
43GI041_MO.OP;;DO;сРЕВЙЮ ЦНПЧВЕЦН ЦЮГЮ С е-703. акнйхпнбйю;;;;;;
43GI041_MO.MD;;DI;сРЕВЙЮ ЦНПЧВЕЦН ЦЮГЮ С е-703. акнйхпнбйю;;;;;;
43GI041_MO.MD;;DO;сРЕВЙЮ ЦНПЧВЕЦН ЦЮГЮ С е-703. акнйхпнбйю;;;;;;
43GI401_MO.PV;;DI;сРЕВЙЮ ЦНПЧВЕЦН ЦЮГЮ МЮЯНЯШ P-4301501юX/SX. акнйхпнбйю;;;;;;
43GI401_MO.OP;;DI;сРЕВЙЮ ЦНПЧВЕЦН ЦЮГЮ МЮЯНЯШ P-4301501юX/SX. акнйхпнбйю;;;;;;
43GI401_MO.OP;;DO;сРЕВЙЮ ЦНПЧВЕЦН ЦЮГЮ МЮЯНЯШ P-4301501юX/SX. акнйхпнбйю;;;;;;
43GI401_MO.MD;;DI;сРЕВЙЮ ЦНПЧВЕЦН ЦЮГЮ МЮЯНЯШ P-4301501юX/SX. акнйхпнбйю;;;;;;
43GI401_MO.MD;;DO;сРЕВЙЮ ЦНПЧВЕЦН ЦЮГЮ МЮЯНЯШ P-4301501юX/SX. акнйхпнбйю;;;;;;
43GI402_MO.PV;;DI;сРЕВЙЮ ЦНПЧВЕЦН ЦЮГЮ МЮЯНЯШ P-4301502юX/SX. акнйхпнбйю;;;;;;
43GI402_MO.OP;;DI;сРЕВЙЮ ЦНПЧВЕЦН ЦЮГЮ МЮЯНЯШ P-4301502юX/SX. акнйхпнбйю;;;;;;
43GI402_MO.OP;;DO;сРЕВЙЮ ЦНПЧВЕЦН ЦЮГЮ МЮЯНЯШ P-4301502юX/SX. акнйхпнбйю;;;;;;
43GI402_MO.MD;;DI;сРЕВЙЮ ЦНПЧВЕЦН ЦЮГЮ МЮЯНЯШ P-4301502юX/SX. акнйхпнбйю;;;;;;
43GI402_MO.MD;;DO;сРЕВЙЮ ЦНПЧВЕЦН ЦЮГЮ МЮЯНЯШ P-4301502юX/SX. акнйхпнбйю;;;;;;
43GI404_MO.PV;;DI;сРЕВЙЮ ЦНПЧВЕЦН ЦЮГЮ МЮЯНЯШ P-4301504юX/1SX. акнйхпнбйю;;;;;;
43GI404_MO.OP;;DI;сРЕВЙЮ ЦНПЧВЕЦН ЦЮГЮ МЮЯНЯШ P-4301504юX/1SX. акнйхпнбйю;;;;;;
43GI404_MO.OP;;DO;сРЕВЙЮ ЦНПЧВЕЦН ЦЮГЮ МЮЯНЯШ P-4301504юX/1SX. акнйхпнбйю;;;;;;
43GI404_MO.MD;;DI;сРЕВЙЮ ЦНПЧВЕЦН ЦЮГЮ МЮЯНЯШ P-4301504юX/1SX. акнйхпнбйю;;;;;;
43GI404_MO.MD;;DO;сРЕВЙЮ ЦНПЧВЕЦН ЦЮГЮ МЮЯНЯШ P-4301504юX/1SX. акнйхпнбйю;;;;;;
43GI405_MO.PV;;DI;сРЕВЙЮ ЦНПЧВЕЦН ЦЮГЮ МЮЯНЯШ P-43015042SX. акнйхпнбйю;;;;;;
43GI405_MO.OP;;DI;сРЕВЙЮ ЦНПЧВЕЦН ЦЮГЮ МЮЯНЯШ P-43015042SX. акнйхпнбйю;;;;;;
43GI405_MO.OP;;DO;сРЕВЙЮ ЦНПЧВЕЦН ЦЮГЮ МЮЯНЯШ P-43015042SX. акнйхпнбйю;;;;;;
43GI405_MO.MD;;DI;сРЕВЙЮ ЦНПЧВЕЦН ЦЮГЮ МЮЯНЯШ P-43015042SX. акнйхпнбйю;;;;;;
43GI405_MO.MD;;DO;сРЕВЙЮ ЦНПЧВЕЦН ЦЮГЮ МЮЯНЯШ P-43015042SX. акнйхпнбйю;;;;;;
43GI406_MO.PV;;DI;сРЕВЙЮ ЦНПЧВЕЦН ЦЮГЮ МЮЯНЯШ P-4301505юX/SX. акнйхпнбйю;;;;;;
43GI406_MO.OP;;DI;сРЕВЙЮ ЦНПЧВЕЦН ЦЮГЮ МЮЯНЯШ P-4301505юX/SX. акнйхпнбйю;;;;;;
43GI406_MO.OP;;DO;сРЕВЙЮ ЦНПЧВЕЦН ЦЮГЮ МЮЯНЯШ P-4301505юX/SX. акнйхпнбйю;;;;;;
43GI406_MO.MD;;DI;сРЕВЙЮ ЦНПЧВЕЦН ЦЮГЮ МЮЯНЯШ P-4301505юX/SX. акнйхпнбйю;;;;;;
43GI406_MO.MD;;DO;сРЕВЙЮ ЦНПЧВЕЦН ЦЮГЮ МЮЯНЯШ P-4301505юX/SX. акнйхпнбйю;;;;;;
43GI407_MO.PV;;DI;сРЕВЙЮ ЦНПЧВЕЦН ЦЮГЮ МЮЯНЯШ P-4301506юX/SX. акнйхпнбйю;;;;;;
43GI407_MO.OP;;DI;сРЕВЙЮ ЦНПЧВЕЦН ЦЮГЮ МЮЯНЯШ P-4301506юX/SX. акнйхпнбйю;;;;;;
43GI407_MO.OP;;DO;сРЕВЙЮ ЦНПЧВЕЦН ЦЮГЮ МЮЯНЯШ P-4301506юX/SX. акнйхпнбйю;;;;;;
43GI407_MO.MD;;DI;сРЕВЙЮ ЦНПЧВЕЦН ЦЮГЮ МЮЯНЯШ P-4301506юX/SX. акнйхпнбйю;;;;;;
43GI407_MO.MD;;DO;сРЕВЙЮ ЦНПЧВЕЦН ЦЮГЮ МЮЯНЯШ P-4301506юX/SX. акнйхпнбйю;;;;;;
43GI408_MO.PV;;DI;сРЕВЙЮ ЦНПЧВЕЦН ЦЮГЮ МЮЯНЯШ P-4301507юX/SX. акнйхпнбйю;;;;;;
43GI408_MO.OP;;DI;сРЕВЙЮ ЦНПЧВЕЦН ЦЮГЮ МЮЯНЯШ P-4301507юX/SX. акнйхпнбйю;;;;;;
43GI408_MO.OP;;DO;сРЕВЙЮ ЦНПЧВЕЦН ЦЮГЮ МЮЯНЯШ P-4301507юX/SX. акнйхпнбйю;;;;;;
43GI408_MO.MD;;DI;сРЕВЙЮ ЦНПЧВЕЦН ЦЮГЮ МЮЯНЯШ P-4301507юX/SX. акнйхпнбйю;;;;;;
43GI408_MO.MD;;DO;сРЕВЙЮ ЦНПЧВЕЦН ЦЮГЮ МЮЯНЯШ P-4301507юX/SX. акнйхпнбйю;;;;;;
43GI409_MO.PV;;DI;сРЕВЙЮ ЦНПЧВЕЦН ЦЮГЮ ТХКЭРПШ S-4301501ю/S. акнйхпнбйю;;;;;;
43GI409_MO.OP;;DI;сРЕВЙЮ ЦНПЧВЕЦН ЦЮГЮ ТХКЭРПШ S-4301501ю/S. акнйхпнбйю;;;;;;
43GI409_MO.OP;;DO;сРЕВЙЮ ЦНПЧВЕЦН ЦЮГЮ ТХКЭРПШ S-4301501ю/S. акнйхпнбйю;;;;;;
43GI409_MO.MD;;DI;сРЕВЙЮ ЦНПЧВЕЦН ЦЮГЮ ТХКЭРПШ S-4301501ю/S. акнйхпнбйю;;;;;;
43GI409_MO.MD;;DO;сРЕВЙЮ ЦНПЧВЕЦН ЦЮГЮ ТХКЭРПШ S-4301501ю/S. акнйхпнбйю;;;;;;
43GI410_MO.PV;;DI;сРЕВЙЮ ЦНПЧВЕЦН ЦЮГЮ ТХКЭРПШ S-4301502ю/S. акнйхпнбйю;;;;;;
43GI410_MO.OP;;DI;сРЕВЙЮ ЦНПЧВЕЦН ЦЮГЮ ТХКЭРПШ S-4301502ю/S. акнйхпнбйю;;;;;;
43GI410_MO.OP;;DO;сРЕВЙЮ ЦНПЧВЕЦН ЦЮГЮ ТХКЭРПШ S-4301502ю/S. акнйхпнбйю;;;;;;
43GI410_MO.MD;;DI;сРЕВЙЮ ЦНПЧВЕЦН ЦЮГЮ ТХКЭРПШ S-4301502ю/S. акнйхпнбйю;;;;;;
43GI410_MO.MD;;DO;сРЕВЙЮ ЦНПЧВЕЦН ЦЮГЮ ТХКЭРПШ S-4301502ю/S. акнйхпнбйю;;;;;;
43GI412_MO.PV;;DI;сРЕВЙЮ ЦНПЧВЕЦН ЦЮГЮ ТХКЭРПШ S-4301504ю/S. акнйхпнбйю;;;;;;
43GI412_MO.OP;;DI;сРЕВЙЮ ЦНПЧВЕЦН ЦЮГЮ ТХКЭРПШ S-4301504ю/S. акнйхпнбйю;;;;;;
43GI412_MO.OP;;DO;сРЕВЙЮ ЦНПЧВЕЦН ЦЮГЮ ТХКЭРПШ S-4301504ю/S. акнйхпнбйю;;;;;;
43GI412_MO.MD;;DI;сРЕВЙЮ ЦНПЧВЕЦН ЦЮГЮ ТХКЭРПШ S-4301504ю/S. акнйхпнбйю;;;;;;
43GI412_MO.MD;;DO;сРЕВЙЮ ЦНПЧВЕЦН ЦЮГЮ ТХКЭРПШ S-4301504ю/S. акнйхпнбйю;;;;;;
43GI413_MO.PV;;DI;сРЕВЙЮ ЦНПЧВЕЦН ЦЮГЮ ТХКЭРПШ S-4301505ю/S. акнйхпнбйю;;;;;;
43GI413_MO.OP;;DI;сРЕВЙЮ ЦНПЧВЕЦН ЦЮГЮ ТХКЭРПШ S-4301505ю/S. акнйхпнбйю;;;;;;
43GI413_MO.OP;;DO;сРЕВЙЮ ЦНПЧВЕЦН ЦЮГЮ ТХКЭРПШ S-4301505ю/S. акнйхпнбйю;;;;;;
43GI413_MO.MD;;DI;сРЕВЙЮ ЦНПЧВЕЦН ЦЮГЮ ТХКЭРПШ S-4301505ю/S. акнйхпнбйю;;;;;;
43GI413_MO.MD;;DO;сРЕВЙЮ ЦНПЧВЕЦН ЦЮГЮ ТХКЭРПШ S-4301505ю/S. акнйхпнбйю;;;;;;
43GI416_MO.PV;;DI;сРЕВЙЮ ЦНПЧВЕЦН ЦЮГЮ ТХКЭРПШ S-4301508ю/S. акнйхпнбйю;;;;;;
43GI416_MO.OP;;DI;сРЕВЙЮ ЦНПЧВЕЦН ЦЮГЮ ТХКЭРПШ S-4301508ю/S. акнйхпнбйю;;;;;;
43GI416_MO.OP;;DO;сРЕВЙЮ ЦНПЧВЕЦН ЦЮГЮ ТХКЭРПШ S-4301508ю/S. акнйхпнбйю;;;;;;
43GI416_MO.MD;;DI;сРЕВЙЮ ЦНПЧВЕЦН ЦЮГЮ ТХКЭРПШ S-4301508ю/S. акнйхпнбйю;;;;;;
43GI416_MO.MD;;DO;сРЕВЙЮ ЦНПЧВЕЦН ЦЮГЮ ТХКЭРПШ S-4301508ю/S. акнйхпнбйю;;;;;;
43GI417_MO.PV;;DI;сРЕВЙЮ ЦНПЧВЕЦН ЦЮГЮ ЕЛЙНЯРЭ F-4301502. акнйхпнбйю;;;;;;
43GI417_MO.OP;;DI;сРЕВЙЮ ЦНПЧВЕЦН ЦЮГЮ ЕЛЙНЯРЭ F-4301502. акнйхпнбйю;;;;;;
43GI417_MO.OP;;DO;сРЕВЙЮ ЦНПЧВЕЦН ЦЮГЮ ЕЛЙНЯРЭ F-4301502. акнйхпнбйю;;;;;;
43GI417_MO.MD;;DI;сРЕВЙЮ ЦНПЧВЕЦН ЦЮГЮ ЕЛЙНЯРЭ F-4301502. акнйхпнбйю;;;;;;
43GI417_MO.MD;;DO;сРЕВЙЮ ЦНПЧВЕЦН ЦЮГЮ ЕЛЙНЯРЭ F-4301502. акнйхпнбйю;;;;;;
43GI418_MO.PV;;DI;сРЕВЙЮ ЦНПЧВЕЦН ЦЮГЮ РЕОКННАЛ. E-4301502B. акнйхпнбйю;;;;;;
43GI418_MO.OP;;DI;сРЕВЙЮ ЦНПЧВЕЦН ЦЮГЮ РЕОКННАЛ. E-4301502B. акнйхпнбйю;;;;;;
43GI418_MO.OP;;DO;сРЕВЙЮ ЦНПЧВЕЦН ЦЮГЮ РЕОКННАЛ. E-4301502B. акнйхпнбйю;;;;;;
43GI418_MO.MD;;DI;сРЕВЙЮ ЦНПЧВЕЦН ЦЮГЮ РЕОКННАЛ. E-4301502B. акнйхпнбйю;;;;;;
43GI418_MO.MD;;DO;сРЕВЙЮ ЦНПЧВЕЦН ЦЮГЮ РЕОКННАЛ. E-4301502B. акнйхпнбйю;;;;;;
43GI420_MO.PV;;DI;сРЕВЙЮ ЦНПЧВЕЦН ЦЮГЮ МЮЯНЯШ P-4301508юX/SX. акнйхпнбйю;;;;;;
43GI420_MO.OP;;DI;сРЕВЙЮ ЦНПЧВЕЦН ЦЮГЮ МЮЯНЯШ P-4301508юX/SX. акнйхпнбйю;;;;;;
43GI420_MO.OP;;DO;сРЕВЙЮ ЦНПЧВЕЦН ЦЮГЮ МЮЯНЯШ P-4301508юX/SX. акнйхпнбйю;;;;;;
43GI420_MO.MD;;DI;сРЕВЙЮ ЦНПЧВЕЦН ЦЮГЮ МЮЯНЯШ P-4301508юX/SX. акнйхпнбйю;;;;;;
43GI420_MO.MD;;DO;сРЕВЙЮ ЦНПЧВЕЦН ЦЮГЮ МЮЯНЯШ P-4301508юX/SX. акнйхпнбйю;;;;;;
43GI421_MO.PV;;DI;сРЕВЙЮ ЦНПЧВЕЦН ЦЮГЮ GV-4301501,F-4301501X. акнйхпнбйю;;;;;;
43GI421_MO.OP;;DI;сРЕВЙЮ ЦНПЧВЕЦН ЦЮГЮ GV-4301501,F-4301501X. акнйхпнбйю;;;;;;
43GI421_MO.OP;;DO;сРЕВЙЮ ЦНПЧВЕЦН ЦЮГЮ GV-4301501,F-4301501X. акнйхпнбйю;;;;;;
43GI421_MO.MD;;DI;сРЕВЙЮ ЦНПЧВЕЦН ЦЮГЮ GV-4301501,F-4301501X. акнйхпнбйю;;;;;;
43GI421_MO.MD;;DO;сРЕВЙЮ ЦНПЧВЕЦН ЦЮГЮ GV-4301501,F-4301501X. акнйхпнбйю;;;;;;
43GI422_MO.PV;;DI;сРЕВЙЮ ЦНПЧВЕЦН ЦЮГЮ ЦХДПНГХРБНП HV-4301503. акнйхпнбйю;;;;;;
43GI422_MO.OP;;DI;сРЕВЙЮ ЦНПЧВЕЦН ЦЮГЮ ЦХДПНГХРБНП HV-4301503. акнйхпнбйю;;;;;;
43GI422_MO.OP;;DO;сРЕВЙЮ ЦНПЧВЕЦН ЦЮГЮ ЦХДПНГХРБНП HV-4301503. акнйхпнбйю;;;;;;
43GI422_MO.MD;;DI;сРЕВЙЮ ЦНПЧВЕЦН ЦЮГЮ ЦХДПНГХРБНП HV-4301503. акнйхпнбйю;;;;;;
43GI422_MO.MD;;DO;сРЕВЙЮ ЦНПЧВЕЦН ЦЮГЮ ЦХДПНГХРБНП HV-4301503. акнйхпнбйю;;;;;;
43GI423_MO.PV;;DI;сРЕВЙЮ ЦНПЧВЕЦН ЦЮГЮ РЕОКННАЛ. E-4301502A. акнйхпнбйю;;;;;;
43GI423_MO.OP;;DI;сРЕВЙЮ ЦНПЧВЕЦН ЦЮГЮ РЕОКННАЛ. E-4301502A. акнйхпнбйю;;;;;;
43GI423_MO.OP;;DO;сРЕВЙЮ ЦНПЧВЕЦН ЦЮГЮ РЕОКННАЛ. E-4301502A. акнйхпнбйю;;;;;;
43GI423_MO.MD;;DI;сРЕВЙЮ ЦНПЧВЕЦН ЦЮГЮ РЕОКННАЛ. E-4301502A. акнйхпнбйю;;;;;;
43GI423_MO.MD;;DO;сРЕВЙЮ ЦНПЧВЕЦН ЦЮГЮ РЕОКННАЛ. E-4301502A. акнйхпнбйю;;;;;;
43HS061_MO.PV;;DI;пСВМНИ ХГБЕЫЮРЕКЭ С е-707. акнйхпнбйю;;;;;;
43HS061_MO.OP;;DI;пСВМНИ ХГБЕЫЮРЕКЭ С е-707. акнйхпнбйю;;;;;;
43HS061_MO.OP;;DO;пСВМНИ ХГБЕЫЮРЕКЭ С е-707. акнйхпнбйю;;;;;;
43HS061_MO.MD;;DI;пСВМНИ ХГБЕЫЮРЕКЭ С е-707. акнйхпнбйю;;;;;;
43HS061_MO.MD;;DO;пСВМНИ ХГБЕЫЮРЕКЭ С е-707. акнйхпнбйю;;;;;;
43HS062_MO.PV;;DI;пСВМНИ ХГБЕЫЮРЕКЭ Л/С е-708 Х е-709. акнйхпнбйю;;;;;;
43HS062_MO.OP;;DI;пСВМНИ ХГБЕЫЮРЕКЭ Л/С е-708 Х е-709. акнйхпнбйю;;;;;;
43HS062_MO.OP;;DO;пСВМНИ ХГБЕЫЮРЕКЭ Л/С е-708 Х е-709. акнйхпнбйю;;;;;;
43HS062_MO.MD;;DI;пСВМНИ ХГБЕЫЮРЕКЭ Л/С е-708 Х е-709. акнйхпнбйю;;;;;;
43HS062_MO.MD;;DO;пСВМНИ ХГБЕЫЮРЕКЭ Л/С е-708 Х е-709. акнйхпнбйю;;;;;;
43HS063_MO.PV;;DI;пСВМНИ ХГБЕЫЮРЕКЭ С е-706. акнйхпнбйю;;;;;;
43HS063_MO.OP;;DI;пСВМНИ ХГБЕЫЮРЕКЭ С е-706. акнйхпнбйю;;;;;;
43HS063_MO.OP;;DO;пСВМНИ ХГБЕЫЮРЕКЭ С е-706. акнйхпнбйю;;;;;;
43HS063_MO.MD;;DI;пСВМНИ ХГБЕЫЮРЕКЭ С е-706. акнйхпнбйю;;;;;;
43HS063_MO.MD;;DO;пСВМНИ ХГБЕЫЮРЕКЭ С е-706. акнйхпнбйю;;;;;;
43HS064_MO.PV;;DI;пСВМНИ ХГБЕЫЮРЕКЭ С е-710. акнйхпнбйю;;;;;;
43HS064_MO.OP;;DI;пСВМНИ ХГБЕЫЮРЕКЭ С е-710. акнйхпнбйю;;;;;;
43HS064_MO.OP;;DO;пСВМНИ ХГБЕЫЮРЕКЭ С е-710. акнйхпнбйю;;;;;;
43HS064_MO.MD;;DI;пСВМНИ ХГБЕЫЮРЕКЭ С е-710. акнйхпнбйю;;;;;;
43HS064_MO.MD;;DO;пСВМНИ ХГБЕЫЮРЕКЭ С е-710. акнйхпнбйю;;;;;;
43HS065_MO.PV;;DI;пСВМНИ ХГБЕЫЮРЕКЭ С е-709. акнйхпнбйю;;;;;;
43HS065_MO.OP;;DI;пСВМНИ ХГБЕЫЮРЕКЭ С е-709. акнйхпнбйю;;;;;;
43HS065_MO.OP;;DO;пСВМНИ ХГБЕЫЮРЕКЭ С е-709. акнйхпнбйю;;;;;;
43HS065_MO.MD;;DI;пСВМНИ ХГБЕЫЮРЕКЭ С е-709. акнйхпнбйю;;;;;;
43HS065_MO.MD;;DO;пСВМНИ ХГБЕЫЮРЕКЭ С е-709. акнйхпнбйю;;;;;;
43HS066_MO.PV;;DI;пСВМНИ ХГБЕЫЮРЕКЭ С е-705. акнйхпнбйю;;;;;;
43HS066_MO.OP;;DI;пСВМНИ ХГБЕЫЮРЕКЭ С е-705. акнйхпнбйю;;;;;;
43HS066_MO.OP;;DO;пСВМНИ ХГБЕЫЮРЕКЭ С е-705. акнйхпнбйю;;;;;;
43HS066_MO.MD;;DI;пСВМНИ ХГБЕЫЮРЕКЭ С е-705. акнйхпнбйю;;;;;;
43HS066_MO.MD;;DO;пСВМНИ ХГБЕЫЮРЕКЭ С е-705. акнйхпнбйю;;;;;;
43HS067_MO.PV;;DI;пСВМНИ ХГБЕЫЮРЕКЭ С е-703. акнйхпнбйю;;;;;;
43HS067_MO.OP;;DI;пСВМНИ ХГБЕЫЮРЕКЭ С е-703. акнйхпнбйю;;;;;;
43HS067_MO.OP;;DO;пСВМНИ ХГБЕЫЮРЕКЭ С е-703. акнйхпнбйю;;;;;;
43HS067_MO.MD;;DI;пСВМНИ ХГБЕЫЮРЕКЭ С е-703. акнйхпнбйю;;;;;;
43HS067_MO.MD;;DO;пСВМНИ ХГБЕЫЮРЕКЭ С е-703. акнйхпнбйю;;;;;;
43HS068_MO.PV;;DI;пСВМНИ ХГБЕЫЮРЕКЭ С F-4301103. акнйхпнбйю;;;;;;
43HS068_MO.OP;;DI;пСВМНИ ХГБЕЫЮРЕКЭ С F-4301103. акнйхпнбйю;;;;;;
43HS068_MO.OP;;DO;пСВМНИ ХГБЕЫЮРЕКЭ С F-4301103. акнйхпнбйю;;;;;;
43HS068_MO.MD;;DI;пСВМНИ ХГБЕЫЮРЕКЭ С F-4301103. акнйхпнбйю;;;;;;
43HS068_MO.MD;;DO;пСВМНИ ХГБЕЫЮРЕКЭ С F-4301103. акнйхпнбйю;;;;;;
43HS069_MO.PV;;DI;пСВМНИ ХГБЕЫЮРЕКЭ С е-705. акнйхпнбйю;;;;;;
43HS069_MO.OP;;DI;пСВМНИ ХГБЕЫЮРЕКЭ С е-705. акнйхпнбйю;;;;;;
43HS069_MO.OP;;DO;пСВМНИ ХГБЕЫЮРЕКЭ С е-705. акнйхпнбйю;;;;;;
43HS069_MO.MD;;DI;пСВМНИ ХГБЕЫЮРЕКЭ С е-705. акнйхпнбйю;;;;;;
43HS069_MO.MD;;DO;пСВМНИ ХГБЕЫЮРЕКЭ С е-705. акнйхпнбйю;;;;;;
43HS070_MO.PV;;DI;пСВМНИ ХГБЕЫЮРЕКЭ С е-703. акнйхпнбйю;;;;;;
43HS070_MO.OP;;DI;пСВМНИ ХГБЕЫЮРЕКЭ С е-703. акнйхпнбйю;;;;;;
43HS070_MO.OP;;DO;пСВМНИ ХГБЕЫЮРЕКЭ С е-703. акнйхпнбйю;;;;;;
43HS070_MO.MD;;DI;пСВМНИ ХГБЕЫЮРЕКЭ С е-703. акнйхпнбйю;;;;;;
43HS070_MO.MD;;DO;пСВМНИ ХГБЕЫЮРЕКЭ С е-703. акнйхпнбйю;;;;;;
43HS071_MO.PV;;DI;пСВМНИ ХГБЕЫЮРЕКЭ С е-702. акнйхпнбйю;;;;;;
43HS071_MO.OP;;DI;пСВМНИ ХГБЕЫЮРЕКЭ С е-702. акнйхпнбйю;;;;;;
43HS071_MO.OP;;DO;пСВМНИ ХГБЕЫЮРЕКЭ С е-702. акнйхпнбйю;;;;;;
43HS071_MO.MD;;DI;пСВМНИ ХГБЕЫЮРЕКЭ С е-702. акнйхпнбйю;;;;;;
43HS071_MO.MD;;DO;пСВМНИ ХГБЕЫЮРЕКЭ С е-702. акнйхпнбйю;;;;;;
43HS072_MO.PV;;DI;пСВМНИ ХГБЕЫЮРЕКЭ С е-701. акнйхпнбйю;;;;;;
43HS072_MO.OP;;DI;пСВМНИ ХГБЕЫЮРЕКЭ С е-701. акнйхпнбйю;;;;;;
43HS072_MO.OP;;DO;пСВМНИ ХГБЕЫЮРЕКЭ С е-701. акнйхпнбйю;;;;;;
43HS072_MO.MD;;DI;пСВМНИ ХГБЕЫЮРЕКЭ С е-701. акнйхпнбйю;;;;;;
43HS072_MO.MD;;DO;пСВМНИ ХГБЕЫЮРЕКЭ С е-701. акнйхпнбйю;;;;;;
43HS073_MO.PV;;DI;пСВМНИ ХГБЕЫЮРЕКЭ С е-702. акнйхпнбйю;;;;;;
43HS073_MO.OP;;DI;пСВМНИ ХГБЕЫЮРЕКЭ С е-702. акнйхпнбйю;;;;;;
43HS073_MO.OP;;DO;пСВМНИ ХГБЕЫЮРЕКЭ С е-702. акнйхпнбйю;;;;;;
43HS073_MO.MD;;DI;пСВМНИ ХГБЕЫЮРЕКЭ С е-702. акнйхпнбйю;;;;;;
43HS073_MO.MD;;DO;пСВМНИ ХГБЕЫЮРЕКЭ С е-702. акнйхпнбйю;;;;;;
43HS161_MO.PV;;DI;пСВМНИ ХГБЕЫЮРЕКЭ С е-712. акнйхпнбйю;;;;;;
43HS161_MO.OP;;DI;пСВМНИ ХГБЕЫЮРЕКЭ С е-712. акнйхпнбйю;;;;;;
43HS161_MO.OP;;DO;пСВМНИ ХГБЕЫЮРЕКЭ С е-712. акнйхпнбйю;;;;;;
43HS161_MO.MD;;DI;пСВМНИ ХГБЕЫЮРЕКЭ С е-712. акнйхпнбйю;;;;;;
43HS161_MO.MD;;DO;пСВМНИ ХГБЕЫЮРЕКЭ С е-712. акнйхпнбйю;;;;;;
43HS162_MO.PV;;DI;пСВМНИ ХГБЕЫЮРЕКЭ С е-712. акнйхпнбйю;;;;;;
43HS162_MO.OP;;DI;пСВМНИ ХГБЕЫЮРЕКЭ С е-712. акнйхпнбйю;;;;;;
43HS162_MO.OP;;DO;пСВМНИ ХГБЕЫЮРЕКЭ С е-712. акнйхпнбйю;;;;;;
43HS162_MO.MD;;DI;пСВМНИ ХГБЕЫЮРЕКЭ С е-712. акнйхпнбйю;;;;;;
43HS162_MO.MD;;DO;пСВМНИ ХГБЕЫЮРЕКЭ С е-712. акнйхпнбйю;;;;;;
43HS163_MO.PV;;DI;пСВМНИ ХГБЕЫЮРЕКЭ С е-713. акнйхпнбйю;;;;;;
43HS163_MO.OP;;DI;пСВМНИ ХГБЕЫЮРЕКЭ С е-713. акнйхпнбйю;;;;;;
43HS163_MO.OP;;DO;пСВМНИ ХГБЕЫЮРЕКЭ С е-713. акнйхпнбйю;;;;;;
43HS163_MO.MD;;DI;пСВМНИ ХГБЕЫЮРЕКЭ С е-713. акнйхпнбйю;;;;;;
43HS163_MO.MD;;DO;пСВМНИ ХГБЕЫЮРЕКЭ С е-713. акнйхпнбйю;;;;;;
43HS164_MO.PV;;DI;пСВМНИ ХГБЕЫЮРЕКЭ Л/С е-713 Х е-708. акнйхпнбйю;;;;;;
43HS164_MO.OP;;DI;пСВМНИ ХГБЕЫЮРЕКЭ Л/С е-713 Х е-708. акнйхпнбйю;;;;;;
43HS164_MO.OP;;DO;пСВМНИ ХГБЕЫЮРЕКЭ Л/С е-713 Х е-708. акнйхпнбйю;;;;;;
43HS164_MO.MD;;DI;пСВМНИ ХГБЕЫЮРЕКЭ Л/С е-713 Х е-708. акнйхпнбйю;;;;;;
43HS164_MO.MD;;DO;пСВМНИ ХГБЕЫЮРЕКЭ Л/С е-713 Х е-708. акнйхпнбйю;;;;;;
43HS165_MO.PV;;DI;пСВМНИ ХГБЕЫЮРЕКЭ С е-712. акнйхпнбйю;;;;;;
43HS165_MO.OP;;DI;пСВМНИ ХГБЕЫЮРЕКЭ С е-712. акнйхпнбйю;;;;;;
43HS165_MO.OP;;DO;пСВМНИ ХГБЕЫЮРЕКЭ С е-712. акнйхпнбйю;;;;;;
43HS165_MO.MD;;DI;пСВМНИ ХГБЕЫЮРЕКЭ С е-712. акнйхпнбйю;;;;;;
43HS165_MO.MD;;DO;пСВМНИ ХГБЕЫЮРЕКЭ С е-712. акнйхпнбйю;;;;;;
43HS166_MO.PV;;DI;пСВМНИ ХГБЕЫЮРЕКЭ С е-713. акнйхпнбйю;;;;;;
43HS166_MO.OP;;DI;пСВМНИ ХГБЕЫЮРЕКЭ С е-713. акнйхпнбйю;;;;;;
43HS166_MO.OP;;DO;пСВМНИ ХГБЕЫЮРЕКЭ С е-713. акнйхпнбйю;;;;;;
43HS166_MO.MD;;DI;пСВМНИ ХГБЕЫЮРЕКЭ С е-713. акнйхпнбйю;;;;;;
43HS166_MO.MD;;DO;пСВМНИ ХГБЕЫЮРЕКЭ С е-713. акнйхпнбйю;;;;;;
43HS589A_MO.PV;;DI;пСВМ. ХГБЕЫЮРЕКЭ. с МЮПСФ. БУНДЮ Б ЙНМРПНККЕПМСЧ.. акнйхпнбйю;;;;;;
43HS589A_MO.OP;;DI;пСВМ. ХГБЕЫЮРЕКЭ. с МЮПСФ. БУНДЮ Б ЙНМРПНККЕПМСЧ.. акнйхпнбйю;;;;;;
43HS589A_MO.OP;;DO;пСВМ. ХГБЕЫЮРЕКЭ. с МЮПСФ. БУНДЮ Б ЙНМРПНККЕПМСЧ.. акнйхпнбйю;;;;;;
43HS589A_MO.MD;;DI;пСВМ. ХГБЕЫЮРЕКЭ. с МЮПСФ. БУНДЮ Б ЙНМРПНККЕПМСЧ.. акнйхпнбйю;;;;;;
43HS589A_MO.MD;;DO;пСВМ. ХГБЕЫЮРЕКЭ. с МЮПСФ. БУНДЮ Б ЙНМРПНККЕПМСЧ.. акнйхпнбйю;;;;;;
43HS589B_MO.PV;;DI;пСВМ. ХГБЕЫЮРЕКЭ. с БМСРП. БУНДЮ 2 ЩРЮФ.. акнйхпнбйю;;;;;;
43HS589B_MO.OP;;DI;пСВМ. ХГБЕЫЮРЕКЭ. с БМСРП. БУНДЮ 2 ЩРЮФ.. акнйхпнбйю;;;;;;
43HS589B_MO.OP;;DO;пСВМ. ХГБЕЫЮРЕКЭ. с БМСРП. БУНДЮ 2 ЩРЮФ.. акнйхпнбйю;;;;;;
43HS589B_MO.MD;;DI;пСВМ. ХГБЕЫЮРЕКЭ. с БМСРП. БУНДЮ 2 ЩРЮФ.. акнйхпнбйю;;;;;;
43HS589B_MO.MD;;DO;пСВМ. ХГБЕЫЮРЕКЭ. с БМСРП. БУНДЮ 2 ЩРЮФ.. акнйхпнбйю;;;;;;
43HS589C_MO.PV;;DI;пСВМ. ХГБЕЫЮРЕКЭ. с БМСРП. БУНДЮ Б ОНДЯРЮМЖХЧ SS-144. акнйхпнбйю;;;;;;
43HS589C_MO.OP;;DI;пСВМ. ХГБЕЫЮРЕКЭ. с БМСРП. БУНДЮ Б ОНДЯРЮМЖХЧ SS-144. акнйхпнбйю;;;;;;
43HS589C_MO.OP;;DO;пСВМ. ХГБЕЫЮРЕКЭ. с БМСРП. БУНДЮ Б ОНДЯРЮМЖХЧ SS-144. акнйхпнбйю;;;;;;
43HS589C_MO.MD;;DI;пСВМ. ХГБЕЫЮРЕКЭ. с БМСРП. БУНДЮ Б ОНДЯРЮМЖХЧ SS-144. акнйхпнбйю;;;;;;
43HS589C_MO.MD;;DO;пСВМ. ХГБЕЫЮРЕКЭ. с БМСРП. БУНДЮ Б ОНДЯРЮМЖХЧ SS-144. акнйхпнбйю;;;;;;
43HS589D_MO.PV;;DI;пСВМ. ХГБЕЫЮРЕКЭ. с АНЙ. БУНДЮ 1 ЩРЮФ Б ОНДЯРЮМЖХЧ SS-144 . акнйхпнбйю;;;;;;
43HS589D_MO.OP;;DI;пСВМ. ХГБЕЫЮРЕКЭ. с АНЙ. БУНДЮ 1 ЩРЮФ Б ОНДЯРЮМЖХЧ SS-144 . акнйхпнбйю;;;;;;
43HS589D_MO.OP;;DO;пСВМ. ХГБЕЫЮРЕКЭ. с АНЙ. БУНДЮ 1 ЩРЮФ Б ОНДЯРЮМЖХЧ SS-144 . акнйхпнбйю;;;;;;
43HS589D_MO.MD;;DI;пСВМ. ХГБЕЫЮРЕКЭ. с АНЙ. БУНДЮ 1 ЩРЮФ Б ОНДЯРЮМЖХЧ SS-144 . акнйхпнбйю;;;;;;
43HS589D_MO.MD;;DO;пСВМ. ХГБЕЫЮРЕКЭ. с АНЙ. БУНДЮ 1 ЩРЮФ Б ОНДЯРЮМЖХЧ SS-144 . акнйхпнбйю;;;;;;
43GI423.PV;;DI;сРЕВЙЮ ЦНПЧВЕЦН ЦЮГЮ РЕОКННАЛ. E-4301502A;;;;;;
43GI418.PV;;DI;сРЕВЙЮ ЦНПЧВЕЦН ЦЮГЮ РЕОКННАЛ. E-4301502B;;;;;;
43GI421.PV;;DI;сРЕВЙЮ ЦНПЧВЕЦН ЦЮГЮ GV-4301501,F-4301501X;;;;;;
43GI422.PV;;DI;сРЕВЙЮ ЦНПЧВЕЦН ЦЮГЮ ЦХДПНГХРБНП HV-4301503;;;;;;
43GI409.PV;;DI;сРЕВЙЮ ЦНПЧВЕЦН ЦЮГЮ ТХКЭРПШ S-4301501ю/S;;;;;;
43GI410.PV;;DI;сРЕВЙЮ ЦНПЧВЕЦН ЦЮГЮ ТХКЭРПШ S-4301502ю/S;;;;;;
43GI413.PV;;DI;сРЕВЙЮ ЦНПЧВЕЦН ЦЮГЮ ТХКЭРПШ S-4301505ю/S;;;;;;
43HS061.PV;;DI;пСВМНИ ХГБЕЫЮРЕКЭ С е-707;;;;;;
43HS062.PV;;DI;пСВМНИ ХГБЕЫЮРЕКЭ Л/С е-708 Х е-709;;;;;;
43HS063.PV;;DI;пСВМНИ ХГБЕЫЮРЕКЭ С е-706;;;;;;
43HS064.PV;;DI;пСВМНИ ХГБЕЫЮРЕКЭ С е-710;;;;;;
43HS065.PV;;DI;пСВМНИ ХГБЕЫЮРЕКЭ С е-709;;;;;;
43HS066.PV;;DI;пСВМНИ ХГБЕЫЮРЕКЭ С е-705;;;;;;
43HS067.PV;;DI;пСВМНИ ХГБЕЫЮРЕКЭ С е-703;;;;;;
43HS068.PV;;DI;пСВМНИ ХГБЕЫЮРЕКЭ С F-4301103;;;;;;
43HS069.PV;;DI;пСВМНИ ХГБЕЫЮРЕКЭ С е-705;;;;;;
43HS070.PV;;DI;пСВМНИ ХГБЕЫЮРЕКЭ С е-703;;;;;;
43HS071.PV;;DI;пСВМНИ ХГБЕЫЮРЕКЭ С е-702;;;;;;
43HS072.PV;;DI;пСВМНИ ХГБЕЫЮРЕКЭ С е-701;;;;;;
43HS073.PV;;DI;пСВМНИ ХГБЕЫЮРЕКЭ С е-702;;;;;;
43HS161.PV;;DI;пСВМНИ ХГБЕЫЮРЕКЭ С е-712;;;;;;
43HS162.PV;;DI;пСВМНИ ХГБЕЫЮРЕКЭ С е-712;;;;;;
43HS163.PV;;DI;пСВМНИ ХГБЕЫЮРЕКЭ С е-713;;;;;;
43HS164.PV;;DI;пСВМНИ ХГБЕЫЮРЕКЭ Л/С е-713 Х е-708;;;;;;
43HS165.PV;;DI;пСВМНИ ХГБЕЫЮРЕКЭ С е-712;;;;;;
43HS166.PV;;DI;пСВМНИ ХГБЕЫЮРЕКЭ С е-713;;;;;;
43HS589A.PV;;DI;пСВМ. ХГБЕЫЮРЕКЭ. с МЮПСФ. БУНДЮ Б ЙНМРПНККЕПМСЧ.;;;;;;
43HS589B.PV;;DI;пСВМ. ХГБЕЫЮРЕКЭ. с БМСРП. БУНДЮ 2 ЩРЮФ.;;;;;;
43XA011.PV;;DI;лЮЪВНЙ (кбц). пЕГЕПБСЮП е-701;;;;;;
43XA012.PV;;DI;лЮЪВНЙ (кбц). пЕГЕПБСЮП е-702;;;;;;
43XA013.PV;;DI;лЮЪВНЙ (кбц). пЕГЕПБСЮП е-703;;;;;;
43XA014.PV;;DI;лЮЪВНЙ (кбц). пЕГЕПБСЮП е-704;;;;;;
43XA015.PV;;DI;лЮЪВНЙ (кбц). пЕГЕПБСЮП е-705;;;;;;
43XA016.PV;;DI;лЮЪВНЙ (кбц). пЕГЕПБСЮП е-706;;;;;;
43XA017.PV;;DI;лЮЪВНЙ (кбц). пЕГЕПБСЮП е-707;;;;;;
43XA018.PV;;DI;лЮЪВНЙ (кбц). пЕГЕПБСЮП е-708;;;;;;
43XA019.PV;;DI;лЮЪВНЙ (кбц). пЕГЕПБСЮП е-709;;;;;;
43XA410.PV;;DI;лЮЪВНЙ (кбц). мЮЯНЯМЮЪ;;;;;;
43XA411.PV;;DI;лЮЪВНЙ (кбц). мЮЯНЯМЮЪ;;;;;;
43XA412.PV;;DI;лЮЪВНЙ (кбц). мЮЯНЯМЮЪ;;;;;;
43XA413.PV;;DI;лЮЪВНЙ (кбц). мЮЯНЯМЮЪ;;;;;;
43XA414.PV;;DI;лЮЪВНЙ (кбц). мЮП. СЯР-ЙЮ.;;;;;;
43XA424.PV;;DI;яХПЕМЮ (кбц). мЮП. СЯР-ЙЮ.;;;;;;
43XA425.PV;;DI;яХПЕМЮ (кбц). мЮП. СЯР-ЙЮ.;;;;;;
43XA427.PV;;DI;яХПЕМЮ (кбц). мЮП. СЯР-ЙЮ лжй.;;;;;;
43XA415.PV;;DI;лЮЪВНЙ (кбц). мЮП. СЯР-ЙЮ.;;;;;;
43XA416.PV;;DI;лЮЪВНЙ (кбц). мЮЯНЯМЮЪ.;;;;;;
43XA417.PV;;DI;лЮЪВНЙ (кбц). мЮП. СЯР-ЙЮ лжй;;;;;;
43XA051.PV;;DI;яХПЕМЮ (оНФЮП). пЕГЕПБСЮП е-701;;;;;;
43XA052.PV;;DI;яХПЕМЮ (оНФЮП). пЕГЕПБСЮП е-701;;;;;;
43XA053.PV;;DI;яХПЕМЮ (оНФЮП). пЕГЕПБСЮП е-703;;;;;;
43XA054.PV;;DI;яХПЕМЮ (оНФЮП). пЕГЕПБСЮП е-703;;;;;;
43XA055.PV;;DI;яХПЕМЮ (оНФЮП). пЕГЕПБСЮП е-704;;;;;;
43XA056.PV;;DI;яХПЕМЮ (оНФЮП). пЕГЕПБСЮП е-705;;;;;;
43XA057.PV;;DI;яХПЕМЮ (оНФЮП). пЕГЕПБСЮП е-705;;;;;;
43XA058.PV;;DI;яХПЕМЮ (оНФЮП). пЕГЕПБСЮП е-709;;;;;;
43XA059.PV;;DI;яХПЕМЮ (оНФЮП). пЕГЕПБСЮП е-708;;;;;;
43XA151.PV;;DI;яХПЕМЮ (оНФЮП). пЕГЕПБСЮП е-712;;;;;;
43XA152.PV;;DI;яХПЕМЮ (оНФЮП). пЕГЕПБСЮП е-712;;;;;;
43XA153.PV;;DI;яХПЕМЮ (оНФЮП). пЕГЕПБСЮП е-713;;;;;;
43YI406.PV;;DI;дЮРВХЙ НАМЮПСФЕМХЪ ОКЮЛЕМХ мя. мЮЯНЯМЮЪ;;;;;;
43YI408.PV;;DI;оНЛЕЫЕМХЕ МЮЯНЯМНИ. оНФЮП;;;;;;
43YI410.PV;;DI;дЮРВХЙ НАМЮПСФЕМХЪ ОКЮЛЕМХ мя. мЮЯНЯМЮЪ;;;;;;
43XA161.PV;;DI;оНФЮП. пСВМНИ ХГБЕЫЮРЕКЭ С е-712;;;;;;
43XA162.PV;;DI;оНФЮП. пСВМНИ ХГБЕЫЮРЕКЭ С е-712;;;;;;
43XA163.PV;;DI;оНФЮП. пСВМНИ ХГБЕЫЮРЕКЭ С е-713;;;;;;
43XA164.PV;;DI;оНФЮП. пСВМНИ ХГБЕЫЮРЕКЭ Л/С е-713 Х е-708;;;;;;
43XA165.PV;;DI;оНФЮП. пСВМНИ ХГБЕЫЮРЕКЭ С е-712;;;;;;
43XA166.PV;;DI;оНФЮП. пСВМНИ ХГБЕЫЮРЕКЭ С е-713;;;;;;
43XA589A.PV;;DI;оНФЮП. пСВМ. ХГБЕЫЮРЕКЭ. с МЮПСФ. БУНДЮ Б ЙНМРПНККЕПМСЧ.;;;;;;
43XA589B.PV;;DI;оНФЮП. пСВМ. ХГБЕЫЮРЕКЭ. с БМСРП. БУНДЮ 2 ЩРЮФ.;;;;;;
43XA589C.PV;;DI;оНФЮП. пСВМ. ХГБЕЫЮРЕКЭ. с БМСРП. БУНДЮ Б ОНДЯРЮМЖХЧ SS-144;;;;;;
43XA589D.PV;;DI;оНФЮП. пСВМ. ХГБЕЫЮРЕКЭ. с АНЙ. БУНДЮ 1 ЩРЮФ Б ОНДЯРЮМЖХЧ SS-144;;;;;;
43XA589E.PV;;DI;оНФЮП. пСВМ. ХГБЕЫЮРЕКЭ. с АНЙ. БУНДЮ 2 ЩРЮФ Б ОНДЯРЮМЖХЧ SS-144;;;;;;
43XA589F.PV;;DI;оНФЮП. пСВМ. ХГБЕЫЮРЕКЭ. с МЮПСФ. БУНДЮ 1 ЩРЮФ.;;;;;;
43XA589G.PV;;DI;оНФЮП. пСВМ. ХГБЕЫЮРЕКЭ. с БМСРП. БУНДЮ Б МЮЯНЯМСЧ (ЯН ЯРНПНМШ ТХКЭРПНБ);;;;;;
43XA589H.PV;;DI;оНФЮП. пСВМ. ХГБЕЫЮРЕКЭ. с ТХКЭРПНБ;;;;;;
43XA589I.PV;;DI;оНФЮП. пСВМ. ХГБЕЫЮРЕКЭ. мЮПСФ. СЯР-ЙЮ. с F-4301501;;;;;;
43XA589J.PV;;DI;оНФЮП. пСВМ. ХГБЕЫЮРЕКЭ. мЮ СЦКС МЮЯНЯМНИ ЯН ЯРНПНМШ МЮПСФ. СЯР-ЙХ;;;;;;
43XA589K.PV;;DI;оНФЮП. пСВМ. ХГБЕЫЮРЕКЭ. с МЮПСФ. (МЮ СЦКС) БУНДЮ Б МЮЯНЯМСЧ;;;;;;
43XA589L.PV;;DI;оНФЮП. пСВМ. ХГБЕЫЮРЕКЭ. мЮПСФ. СЯР-ЙЮ. с F-4301502;;;;;;
43XA589M.PV;;DI;оНФЮП. пСВМ. ХГБЕЫЮРЕКЭ. с КЕЯРМХЖШ МЮ ЙПНБКЧ;;;;;;
43XA589N.PV;;DI;оНФЮП. пСВМ. ХГБЕЫЮРЕКЭ. с МЮПСФ. (ЖЕМРП.) БУНДЮ Б МЮЯНЯМСЧ;;;;;;
43HS084_RR.PV;;DI;цнрнбмнярэ й яапняс 430-11 - окюлъ;;;;;;
43HS170_RR.PV;;DI;цнрнбмнярэ й яапняс 430-12 - окюлъ;;;;;;
43HS599H_RR.PV;;DI;цнрнбмнярэ й яапняс 430-15 - окюлъ;;;;;;
43HS081_RR.PV;;DI;цнрнбмнярэ й яапняс 430-11 -цнпчвхи цюг;;;;;;
43HS599E_RR.PV;;DI;цнрнбмнярэ й яапняс 430-15 -цнпчвхи цюг;;;;;;
43HX572.PV;;DI;бемрхкърнп AB1;;;;;;
43HX572.OP;;DI;бемрхкърнп AB1;;;;;;
43HX572.OP;;DO;бемрхкърнп AB1;;;;;;
43HX572.MD;;DI;бемрхкърнп AB1;;;;;;
43HX572_AL.PV;;DI;бемрхкърнп AB1. яхцм-жхъ йнлюмд соп-мхъ;;;;;;
43HX573.PV;;DI;бемрхкърнп AB2;;;;;;
43HX573.OP;;DI;бемрхкърнп AB2;;;;;;
43HX573.OP;;DO;бемрхкърнп AB2;;;;;;
43HX573.MD;;DI;бемрхкърнп AB2;;;;;;
43HX573_AL.PV;;DI;бемрхкърнп AB2. яхцм-жхъ йнлюмд соп-мхъ;;;;;;
43HX574.PV;;DI;бемрхкърнп AB3;;;;;;
43HX574.OP;;DI;бемрхкърнп AB3;;;;;;
43HX574.OP;;DO;бемрхкърнп AB3;;;;;;
43HX574.MD;;DI;бемрхкърнп AB3;;;;;;
43HX574_AL.PV;;DI;бемрхкърнп AB3. яхцм-жхъ йнлюмд соп-мхъ;;;;;;
43HX575.PV;;DI;бемрхкърнп AB4;;;;;;
43HX575.OP;;DI;бемрхкърнп AB4;;;;;;
43HX575.OP;;DO;бемрхкърнп AB4;;;;;;
43HX575.MD;;DI;бемрхкърнп AB4;;;;;;
43HX575_AL.PV;;DI;бемрхкърнп AB4. яхцм-жхъ йнлюмд соп-мхъ;;;;;;
43HX576.PV;;DI;бемрхкърнп AB5;;;;;;
43HX576.OP;;DI;бемрхкърнп AB5;;;;;;
43HX576.OP;;DO;бемрхкърнп AB5;;;;;;
43HX576.MD;;DI;бемрхкърнп AB5;;;;;;
43HX576_AL.PV;;DI;бемрхкърнп AB5. яхцм-жхъ йнлюмд соп-мхъ;;;;;;
FGS_431_1_F6.PV;;DI;яНЯРНЪМХЕ SafeNet FGS-001-1 - FGS-431-1;;;;;;
43YA001_002.PV;;DI;е-701. реок. дерейрнп. осяй онфюпнрсьемхъ;;;;;;
43YA003_004.PV;;DI;е-702. реок. дерейрнп. осяй онфюпнрсьемхъ;;;;;;
43YI013.PV;;DI;рЕОКНБНИ ОНФ. ХГБЕЫЮР. Б е-708;;;;;;
43YI017.PV;;DI;рЕОКНБНИ ОНФ. ХГБЕЫЮР. Б е-709;;;;;;
43YI103.PV;;DI;рЕОКНБНИ ОНФ. ХГБЕЫЮР. Б е-712;;;;;;
43YI107.PV;;DI;рЕОКНБНИ ОНФ. ХГБЕЫЮР. Б е-713;;;;;;
43HS031.PV;;DI;430-11 ЙМНОЙЮ РЕЯРЮ ЯХПЕМ Х ЛЮЪВЙНБ ОН ОНФЮПС С е-701/е-702;;;;;;
43HS032.PV;;DI;430-11 ЙМНОЙЮ РЕЯРЮ ЯХПЕМ Х ЛЮЪВЙНБ ОН ОНФЮПС С е-701;;;;;;
43HS033.PV;;DI;430-11 ЙМНОЙЮ РЕЯРЮ ЯХПЕМ Х ЛЮЪВЙНБ ОН ОНФЮПС С е-703;;;;;;
43HS034.PV;;DI;430-11 ЙМНОЙЮ РЕЯРЮ ЯХПЕМ Х ЛЮЪВЙНБ ОН ОНФЮПС С е-702/е-703;;;;;;
43HS035.PV;;DI;430-11 ЙМНОЙЮ РЕЯРЮ ЯХПЕМ Х ЛЮЪВЙНБ ОН ОНФЮПС С е-704;;;;;;
43HS036.PV;;DI;430-11 ЙМНОЙЮ РЕЯРЮ ЯХПЕМ Х ЛЮЪВЙНБ ОН ОНФЮПС С е-705;;;;;;
43HS037.PV;;DI;430-11 ЙМНОЙЮ РЕЯРЮ ЯХПЕМ Х ЛЮЪВЙНБ ОН ОНФЮПС С е-705;;;;;;
43HS038.PV;;DI;430-11 ЙМНОЙЮ РЕЯРЮ ЯХПЕМ Х ЛЮЪВЙНБ ОН ОНФЮПС С е-708/е-709;;;;;;
43HS039.PV;;DI;430-11 ЙМНОЙЮ РЕЯРЮ ЯХПЕМ Х ЛЮЪВЙНБ ОН ОНФЮПС С е-708/е-709;;;;;;
43YI014.PV;;DI;рЕОКНБНИ ОНФ. ХГБЕЫЮР. Б е-708;;;;;;
43YI104.PV;;DI;рЕОКНБНИ ОНФ. ХГБЕЫЮР. Б е-712;;;;;;
43YI108.PV;;DI;рЕОКНБНИ ОНФ. ХГБЕЫЮР. Б е-713;;;;;;
43HS131.PV;;DI;430-12 ЙМНОЙЮ РЕЯРЮ ЯХПЕМ Х ЛЮЪВЙНБ ОН ОНФЮПС С е-712;;;;;;
43HS132.PV;;DI;430-12 ЙМНОЙЮ РЕЯРЮ ЯХПЕМ Х ЛЮЪВЙНБ ОН ОНФЮПС С е-712;;;;;;
43HS133.PV;;DI;430-12 ЙМНОЙЮ РЕЯРЮ ЯХПЕМ Х ЛЮЪВЙНБ ОН ОНФЮПС С е-713;;;;;;
43HS134.PV;;DI;430-12 ЙМНОЙЮ РЕЯРЮ ЯХПЕМ Х ЛЮЪВЙНБ ОН ОНФЮПС С е-713;;;;;;
43HS592.PV;;DI;430-15 ЙМНОЙЮ РЕЯРЮ ЯХПЕМ Х ЛЮЪВЙНБ ОН ОНФЮПС С МЮЯНЯМНИ;;;;;;
43HS592A.PV;;DI;430-15 ЙМНОЙЮ РЕЯРЮ ЯХПЕМ Х ЛЮЪВЙНБ ОН ОНФЮПС С МЮЯНЯМНИ;;;;;;
43HS592B.PV;;DI;430-15 ЙМНОЙЮ РЕЯРЮ ЯХПЕМ Х ЛЮЪВЙНБ ОН ОНФЮПС С МЮЯНЯМНИ;;;;;;
43HS592C.PV;;DI;430-15 ЙМНОЙЮ РЕЯРЮ ЯХПЕМ Х ЛЮЪВЙНБ ОН ОНФЮПС С МЮЯНЯМНИ;;;;;;
43HS592D.PV;;DI;430-15 ЙМНОЙЮ РЕЯРЮ ЯХПЕМ Х ЛЮЪВЙНБ ОН ОНФЮПС С МЮЯНЯМНИ;;;;;;
93XV055.PV;;DI;онфюп. щк. гюдб-йю 93-XV-055;;;;;;
93XV055.OP;;DI;онфюп. щк. гюдб-йю 93-XV-055;;;;;;
93XV055.OP;;DO;онфюп. щк. гюдб-йю 93-XV-055;;;;;;
93XV055_AL.PV;;DI;онфюп. щк. гюдб-йю 93-XV-055;;;;;;
93XV056.PV;;DI;онфюп. щк. гюдб-йю 93-XV-056;;;;;;
93XV056.OP;;DI;онфюп. щк. гюдб-йю 93-XV-056;;;;;;
93XV056.OP;;DO;онфюп. щк. гюдб-йю 93-XV-056;;;;;;
93XV056_AL.PV;;DI;онфюп. щк. гюдб-йю 93-XV-056;;;;;;
93XV057.PV;;DI;онфюп. щк. гюдб-йю 93-XV-057;;;;;;
93XV057.OP;;DI;онфюп. щк. гюдб-йю 93-XV-057;;;;;;
93XV057.OP;;DO;онфюп. щк. гюдб-йю 93-XV-057;;;;;;
93XV057_AL.PV;;DI;онфюп. щк. гюдб-йю 93-XV-057;;;;;;
93XV058.PV;;DI;онфюп. щк. гюдб-йю 93-XV-058;;;;;;
93XV058.OP;;DI;онфюп. щк. гюдб-йю 93-XV-058;;;;;;
93XV058.OP;;DO;онфюп. щк. гюдб-йю 93-XV-058;;;;;;
93XV058_AL.PV;;DI;онфюп. щк. гюдб-йю 93-XV-058;;;;;;
93XV059.PV;;DI;онфюп. щк. гюдб-йю 93-XV-059;;;;;;
93XV059.OP;;DI;онфюп. щк. гюдб-йю 93-XV-059;;;;;;
93XV059.OP;;DO;онфюп. щк. гюдб-йю 93-XV-059;;;;;;
93XV059_AL.PV;;DI;онфюп. щк. гюдб-йю 93-XV-059;;;;;;
43YA005_006.PV;;DI;е-703. реок. дерейрнп. осяй онфюпнрсьемхъ;;;;;;
43YA007_008.PV;;DI;е-704. реок. дерейрнп. осяй онфюпнрсьемхъ;;;;;;
43YA009_010.PV;;DI;е-705. реок. дерейрнп. осяй онфюпнрсьемхъ;;;;;;
43YA011_12_13_14.PV;;DI;е-708. реок. дерейрнп. осяй онфюпнрсьемхъ;;;;;;
43YA015_16_17_18.PV;;DI;е-709. реок. дерейрнп. осяй онфюпнрсьемхъ;;;;;;
43YA101_02_03_04.PV;;DI;е-712. реок. дерейрнп. осяй онфюпнрсьемхъ;;;;;;
43YA105_06_07_08.PV;;DI;е-713. реок. дерейрнп. осяй онфюпнрсьемхъ;;;;;;
43YA400_401.PV;;DI;мюянямюъ. дюрвхй намюпсф. окюлемх. осяй онфюпнрсьемхъ;;;;;;
43YA402_403.PV;;DI;мюянямюъ. дюрвхй намюпсф. окюлемх. осяй онфюпнрсьемхъ;;;;;;
43YA404_405.PV;;DI;мюянямюъ. дюрвхй намюпсф. окюлемх. осяй онфюпнрсьемхъ;;;;;;
43YA406_407.PV;;DI;мюянямюъ. дюрвхй намюпсф. окюлемх. осяй онфюпнрсьемхъ;;;;;;
43YA408_409.PV;;DI;мюянямюъ. дюрвхй намюпсф. окюлемх. осяй онфюпнрсьемхъ;;;;;;
43YA410_411.PV;;DI;мюянямюъ. дюрвхй намюпсф. окюлемх. осяй онфюпнрсьемхъ;;;;;;
43HS589C.PV;;DI;пСВМ. ХГБЕЫЮРЕКЭ. с БМСРП. БУНДЮ Б ОНДЯРЮМЖХЧ SS-144;;;;;;
43HS589D.PV;;DI;пСВМ. ХГБЕЫЮРЕКЭ. с АНЙ. БУНДЮ 1 ЩРЮФ Б ОНДЯРЮМЖХЧ SS-144;;;;;;
43HS589E.PV;;DI;пСВМ. ХГБЕЫЮРЕКЭ. с АНЙ. БУНДЮ 2 ЩРЮФ Б ОНДЯРЮМЖХЧ SS-144;;;;;;
43HS589F.PV;;DI;пСВМ. ХГБЕЫЮРЕКЭ. с МЮПСФ. БУНДЮ 1 ЩРЮФ.;;;;;;
43HS589G.PV;;DI;пСВМ. ХГБЕЫЮРЕКЭ. с БМСРП. БУНДЮ Б МЮЯНЯМСЧ (ЯН ЯРНПНМШ ТХКЭРПНБ);;;;;;
43HS589H.PV;;DI;пСВМ. ХГБЕЫЮРЕКЭ. с ТХКЭРПНБ;;;;;;
43HS589I.PV;;DI;пСВМ. ХГБЕЫЮРЕКЭ. мЮПСФ. СЯР-ЙЮ. с F-4301501;;;;;;
43HS589J.PV;;DI;пСВМ. ХГБЕЫЮРЕКЭ. мЮ СЦКС МЮЯНЯМНИ ЯН ЯРНПНМШ МЮПСФ. СЯР-ЙХ;;;;;;
43HS589K.PV;;DI;пСВМ. ХГБЕЫЮРЕКЭ. с МЮПСФ. (МЮ СЦКС) БУНДЮ Б МЮЯНЯМСЧ;;;;;;
43HS589L.PV;;DI;пСВМ. ХГБЕЫЮРЕКЭ. мЮПСФ. СЯР-ЙЮ. с F-4301502;;;;;;
43HS589M.PV;;DI;пСВМ. ХГБЕЫЮРЕКЭ. с КЕЯРМХЖШ МЮ ЙПНБКЧ;;;;;;
93XV068_AL.PV;;DI;онфюп. щк. гюдб-йю 93-XV-068;;;;;;
93HS055C.PV;;DI;нрйпшрхе щк. гюдб-йх 93-XV-055. ймнойю мю FDAP;;;;;;
43XA422.PV;;DI;яХПЕМЮ (кбц). мЮЯНЯМЮЪ.;;;;;;
43XA423.PV;;DI;яХПЕМЮ (кбц). мЮЯНЯМЮЪ.;;;;;;
43XA426.PV;;DI;яХПЕМЮ (кбц). мЮЯНЯМЮЪ.;;;;;;
93XSA066.PV;;DI;щк. гюдб-йю 93-XV-066. мехяоп. охрюмхъ;;;;;;
93XSA067.PV;;DI;щк. гюдб-йю 93-XV-067. мехяоп. охрюмхъ;;;;;;
93XSA068.PV;;DI;щк. гюдб-йю 93-XV-068. мехяоп. охрюмхъ;;;;;;
93XSB064.PV;;DI;щк. гюдб-йю 93-XV-064. юбрнл. пефхл;;;;;;
93XSB065.PV;;DI;щк. гюдб-йю 93-XV-065. юбрнл. пефхл;;;;;;
93XSB066.PV;;DI;щк. гюдб-йю 93-XV-066. юбрнл. пефхл;;;;;;
93XSB067.PV;;DI;щк. гюдб-йю 93-XV-067. юбрнл. пефхл;;;;;;
93XSB068.PV;;DI;щк. гюдб-йю 93-XV-068. юбрнл. пефхл;;;;;;
43HS589E_MO.PV;;DI;пСВМ. ХГБЕЫЮРЕКЭ. с АНЙ. БУНДЮ 2 ЩРЮФ Б ОНДЯРЮМЖХЧ SS-144. акнйхпнбйю;;;;;;
43HS589E_MO.OP;;DI;пСВМ. ХГБЕЫЮРЕКЭ. с АНЙ. БУНДЮ 2 ЩРЮФ Б ОНДЯРЮМЖХЧ SS-144. акнйхпнбйю;;;;;;
43HS589E_MO.OP;;DO;пСВМ. ХГБЕЫЮРЕКЭ. с АНЙ. БУНДЮ 2 ЩРЮФ Б ОНДЯРЮМЖХЧ SS-144. акнйхпнбйю;;;;;;
43HS589E_MO.MD;;DI;пСВМ. ХГБЕЫЮРЕКЭ. с АНЙ. БУНДЮ 2 ЩРЮФ Б ОНДЯРЮМЖХЧ SS-144. акнйхпнбйю;;;;;;
43HS589E_MO.MD;;DO;пСВМ. ХГБЕЫЮРЕКЭ. с АНЙ. БУНДЮ 2 ЩРЮФ Б ОНДЯРЮМЖХЧ SS-144. акнйхпнбйю;;;;;;
43HS589F_MO.PV;;DI;пСВМ. ХГБЕЫЮРЕКЭ. с МЮПСФ. БУНДЮ 1 ЩРЮФ.. акнйхпнбйю;;;;;;
43HS589F_MO.OP;;DI;пСВМ. ХГБЕЫЮРЕКЭ. с МЮПСФ. БУНДЮ 1 ЩРЮФ.. акнйхпнбйю;;;;;;
43HS589F_MO.OP;;DO;пСВМ. ХГБЕЫЮРЕКЭ. с МЮПСФ. БУНДЮ 1 ЩРЮФ.. акнйхпнбйю;;;;;;
43HS589F_MO.MD;;DI;пСВМ. ХГБЕЫЮРЕКЭ. с МЮПСФ. БУНДЮ 1 ЩРЮФ.. акнйхпнбйю;;;;;;
43HS589F_MO.MD;;DO;пСВМ. ХГБЕЫЮРЕКЭ. с МЮПСФ. БУНДЮ 1 ЩРЮФ.. акнйхпнбйю;;;;;;
43HS589G_MO.PV;;DI;пСВМ. ХГБЕЫЮРЕКЭ. с БМСРП. БУНДЮ Б МЮЯНЯМСЧ (ЯН ЯРНПНМШ ТХКЭРПНБ). акнйхпнбйю;;;;;;
43HS589G_MO.OP;;DI;пСВМ. ХГБЕЫЮРЕКЭ. с БМСРП. БУНДЮ Б МЮЯНЯМСЧ (ЯН ЯРНПНМШ ТХКЭРПНБ). акнйхпнбйю;;;;;;
43HS589G_MO.OP;;DO;пСВМ. ХГБЕЫЮРЕКЭ. с БМСРП. БУНДЮ Б МЮЯНЯМСЧ (ЯН ЯРНПНМШ ТХКЭРПНБ). акнйхпнбйю;;;;;;
43HS589G_MO.MD;;DI;пСВМ. ХГБЕЫЮРЕКЭ. с БМСРП. БУНДЮ Б МЮЯНЯМСЧ (ЯН ЯРНПНМШ ТХКЭРПНБ). акнйхпнбйю;;;;;;
43HS589G_MO.MD;;DO;пСВМ. ХГБЕЫЮРЕКЭ. с БМСРП. БУНДЮ Б МЮЯНЯМСЧ (ЯН ЯРНПНМШ ТХКЭРПНБ). акнйхпнбйю;;;;;;
43HS589H_MO.PV;;DI;пСВМ. ХГБЕЫЮРЕКЭ. с ТХКЭРПНБ. акнйхпнбйю;;;;;;
43HS589H_MO.OP;;DI;пСВМ. ХГБЕЫЮРЕКЭ. с ТХКЭРПНБ. акнйхпнбйю;;;;;;
43HS589H_MO.OP;;DO;пСВМ. ХГБЕЫЮРЕКЭ. с ТХКЭРПНБ. акнйхпнбйю;;;;;;
43HS589H_MO.MD;;DI;пСВМ. ХГБЕЫЮРЕКЭ. с ТХКЭРПНБ. акнйхпнбйю;;;;;;
43HS589H_MO.MD;;DO;пСВМ. ХГБЕЫЮРЕКЭ. с ТХКЭРПНБ. акнйхпнбйю;;;;;;
43HS589I_MO.PV;;DI;пСВМ. ХГБЕЫЮРЕКЭ. мЮПСФ. СЯР-ЙЮ. с F-4301501. акнйхпнбйю;;;;;;
43HS589I_MO.OP;;DI;пСВМ. ХГБЕЫЮРЕКЭ. мЮПСФ. СЯР-ЙЮ. с F-4301501. акнйхпнбйю;;;;;;
43HS589I_MO.OP;;DO;пСВМ. ХГБЕЫЮРЕКЭ. мЮПСФ. СЯР-ЙЮ. с F-4301501. акнйхпнбйю;;;;;;
43HS589I_MO.MD;;DI;пСВМ. ХГБЕЫЮРЕКЭ. мЮПСФ. СЯР-ЙЮ. с F-4301501. акнйхпнбйю;;;;;;
43HS589I_MO.MD;;DO;пСВМ. ХГБЕЫЮРЕКЭ. мЮПСФ. СЯР-ЙЮ. с F-4301501. акнйхпнбйю;;;;;;
43HS589J_MO.PV;;DI;пСВМ. ХГБЕЫЮРЕКЭ. мЮ СЦКС МЮЯНЯМНИ ЯН ЯРНПНМШ МЮПСФ. СЯР-ЙХ. акнйхпнбйю;;;;;;
43HS589J_MO.OP;;DI;пСВМ. ХГБЕЫЮРЕКЭ. мЮ СЦКС МЮЯНЯМНИ ЯН ЯРНПНМШ МЮПСФ. СЯР-ЙХ. акнйхпнбйю;;;;;;
43HS589J_MO.OP;;DO;пСВМ. ХГБЕЫЮРЕКЭ. мЮ СЦКС МЮЯНЯМНИ ЯН ЯРНПНМШ МЮПСФ. СЯР-ЙХ. акнйхпнбйю;;;;;;
43HS589J_MO.MD;;DI;пСВМ. ХГБЕЫЮРЕКЭ. мЮ СЦКС МЮЯНЯМНИ ЯН ЯРНПНМШ МЮПСФ. СЯР-ЙХ. акнйхпнбйю;;;;;;
43HS589J_MO.MD;;DO;пСВМ. ХГБЕЫЮРЕКЭ. мЮ СЦКС МЮЯНЯМНИ ЯН ЯРНПНМШ МЮПСФ. СЯР-ЙХ. акнйхпнбйю;;;;;;
43HS589K_MO.PV;;DI;пСВМ. ХГБЕЫЮРЕКЭ. с МЮПСФ. (МЮ СЦКС) БУНДЮ Б МЮЯНЯМСЧ. акнйхпнбйю;;;;;;
43HS589K_MO.OP;;DI;пСВМ. ХГБЕЫЮРЕКЭ. с МЮПСФ. (МЮ СЦКС) БУНДЮ Б МЮЯНЯМСЧ. акнйхпнбйю;;;;;;
43HS589K_MO.OP;;DO;пСВМ. ХГБЕЫЮРЕКЭ. с МЮПСФ. (МЮ СЦКС) БУНДЮ Б МЮЯНЯМСЧ. акнйхпнбйю;;;;;;
43HS589K_MO.MD;;DI;пСВМ. ХГБЕЫЮРЕКЭ. с МЮПСФ. (МЮ СЦКС) БУНДЮ Б МЮЯНЯМСЧ. акнйхпнбйю;;;;;;
43HS589K_MO.MD;;DO;пСВМ. ХГБЕЫЮРЕКЭ. с МЮПСФ. (МЮ СЦКС) БУНДЮ Б МЮЯНЯМСЧ. акнйхпнбйю;;;;;;
43HS589L_MO.PV;;DI;пСВМ. ХГБЕЫЮРЕКЭ. мЮПСФ. СЯР-ЙЮ. с F-4301502. акнйхпнбйю;;;;;;
43HS589L_MO.OP;;DI;пСВМ. ХГБЕЫЮРЕКЭ. мЮПСФ. СЯР-ЙЮ. с F-4301502. акнйхпнбйю;;;;;;
43HS589L_MO.OP;;DO;пСВМ. ХГБЕЫЮРЕКЭ. мЮПСФ. СЯР-ЙЮ. с F-4301502. акнйхпнбйю;;;;;;
43HS589L_MO.MD;;DI;пСВМ. ХГБЕЫЮРЕКЭ. мЮПСФ. СЯР-ЙЮ. с F-4301502. акнйхпнбйю;;;;;;
43HS589L_MO.MD;;DO;пСВМ. ХГБЕЫЮРЕКЭ. мЮПСФ. СЯР-ЙЮ. с F-4301502. акнйхпнбйю;;;;;;
43HS589M_MO.PV;;DI;пСВМ. ХГБЕЫЮРЕКЭ. с КЕЯРМХЖШ МЮ ЙПНБКЧ. акнйхпнбйю;;;;;;
43HS589M_MO.OP;;DI;пСВМ. ХГБЕЫЮРЕКЭ. с КЕЯРМХЖШ МЮ ЙПНБКЧ. акнйхпнбйю;;;;;;
43HS589M_MO.OP;;DO;пСВМ. ХГБЕЫЮРЕКЭ. с КЕЯРМХЖШ МЮ ЙПНБКЧ. акнйхпнбйю;;;;;;
43HS589M_MO.MD;;DI;пСВМ. ХГБЕЫЮРЕКЭ. с КЕЯРМХЖШ МЮ ЙПНБКЧ. акнйхпнбйю;;;;;;
43HS589M_MO.MD;;DO;пСВМ. ХГБЕЫЮРЕКЭ. с КЕЯРМХЖШ МЮ ЙПНБКЧ. акнйхпнбйю;;;;;;
43HS589N_MO.PV;;DI;пСВМ. ХГБЕЫЮРЕКЭ. с МЮПСФ. (ЖЕМРП.) БУНДЮ Б МЮЯНЯМСЧ. акнйхпнбйю;;;;;;
43HS589N_MO.OP;;DI;пСВМ. ХГБЕЫЮРЕКЭ. с МЮПСФ. (ЖЕМРП.) БУНДЮ Б МЮЯНЯМСЧ. акнйхпнбйю;;;;;;
43HS589N_MO.OP;;DO;пСВМ. ХГБЕЫЮРЕКЭ. с МЮПСФ. (ЖЕМРП.) БУНДЮ Б МЮЯНЯМСЧ. акнйхпнбйю;;;;;;
43HS589N_MO.MD;;DI;пСВМ. ХГБЕЫЮРЕКЭ. с МЮПСФ. (ЖЕМРП.) БУНДЮ Б МЮЯНЯМСЧ. акнйхпнбйю;;;;;;
43HS589N_MO.MD;;DO;пСВМ. ХГБЕЫЮРЕКЭ. с МЮПСФ. (ЖЕМРП.) БУНДЮ Б МЮЯНЯМСЧ. акнйхпнбйю;;;;;;
43YI011_MO.PV;;DI;рЕОКНБНИ ОНФ. ХГБЕЫЮР. Б е-708. акнйхпнбйю;;;;;;
43YI011_MO.OP;;DI;рЕОКНБНИ ОНФ. ХГБЕЫЮР. Б е-708. акнйхпнбйю;;;;;;
43YI011_MO.OP;;DO;рЕОКНБНИ ОНФ. ХГБЕЫЮР. Б е-708. акнйхпнбйю;;;;;;
43YI011_MO.MD;;DI;рЕОКНБНИ ОНФ. ХГБЕЫЮР. Б е-708. акнйхпнбйю;;;;;;
43YI011_MO.MD;;DO;рЕОКНБНИ ОНФ. ХГБЕЫЮР. Б е-708. акнйхпнбйю;;;;;;
43YI015_MO.PV;;DI;рЕОКНБНИ ОНФ. ХГБЕЫЮР. Б е-709. акнйхпнбйю;;;;;;
43YI015_MO.OP;;DI;рЕОКНБНИ ОНФ. ХГБЕЫЮР. Б е-709. акнйхпнбйю;;;;;;
43YI015_MO.OP;;DO;рЕОКНБНИ ОНФ. ХГБЕЫЮР. Б е-709. акнйхпнбйю;;;;;;
43YI015_MO.MD;;DI;рЕОКНБНИ ОНФ. ХГБЕЫЮР. Б е-709. акнйхпнбйю;;;;;;
43YI015_MO.MD;;DO;рЕОКНБНИ ОНФ. ХГБЕЫЮР. Б е-709. акнйхпнбйю;;;;;;
43YI101_MO.PV;;DI;рЕОКНБНИ ОНФ. ХГБЕЫЮР. Б е-712. акнйхпнбйю;;;;;;
43YI101_MO.OP;;DI;рЕОКНБНИ ОНФ. ХГБЕЫЮР. Б е-712. акнйхпнбйю;;;;;;
43YI101_MO.OP;;DO;рЕОКНБНИ ОНФ. ХГБЕЫЮР. Б е-712. акнйхпнбйю;;;;;;
43YI101_MO.MD;;DI;рЕОКНБНИ ОНФ. ХГБЕЫЮР. Б е-712. акнйхпнбйю;;;;;;
43YI101_MO.MD;;DO;рЕОКНБНИ ОНФ. ХГБЕЫЮР. Б е-712. акнйхпнбйю;;;;;;
43YI105_MO.PV;;DI;рЕОКНБНИ ОНФ. ХГБЕЫЮР. Б е-713. акнйхпнбйю;;;;;;
43YI105_MO.OP;;DI;рЕОКНБНИ ОНФ. ХГБЕЫЮР. Б е-713. акнйхпнбйю;;;;;;
43YI105_MO.OP;;DO;рЕОКНБНИ ОНФ. ХГБЕЫЮР. Б е-713. акнйхпнбйю;;;;;;
43YI105_MO.MD;;DI;рЕОКНБНИ ОНФ. ХГБЕЫЮР. Б е-713. акнйхпнбйю;;;;;;
43YI105_MO.MD;;DO;рЕОКНБНИ ОНФ. ХГБЕЫЮР. Б е-713. акнйхпнбйю;;;;;;
43YI012_MO.PV;;DI;рЕОКНБНИ ОНФ. ХГБЕЫЮР. Б е-708. акнйхпнбйю;;;;;;
43YI012_MO.OP;;DI;рЕОКНБНИ ОНФ. ХГБЕЫЮР. Б е-708. акнйхпнбйю;;;;;;
43YI012_MO.OP;;DO;рЕОКНБНИ ОНФ. ХГБЕЫЮР. Б е-708. акнйхпнбйю;;;;;;
43YI012_MO.MD;;DI;рЕОКНБНИ ОНФ. ХГБЕЫЮР. Б е-708. акнйхпнбйю;;;;;;
43YI012_MO.MD;;DO;рЕОКНБНИ ОНФ. ХГБЕЫЮР. Б е-708. акнйхпнбйю;;;;;;
43YI016_MO.PV;;DI;рЕОКНБНИ ОНФ. ХГБЕЫЮР. Б е-709. акнйхпнбйю;;;;;;
43YI016_MO.OP;;DI;рЕОКНБНИ ОНФ. ХГБЕЫЮР. Б е-709. акнйхпнбйю;;;;;;
43YI016_MO.OP;;DO;рЕОКНБНИ ОНФ. ХГБЕЫЮР. Б е-709. акнйхпнбйю;;;;;;
43YI016_MO.MD;;DI;рЕОКНБНИ ОНФ. ХГБЕЫЮР. Б е-709. акнйхпнбйю;;;;;;
43YI016_MO.MD;;DO;рЕОКНБНИ ОНФ. ХГБЕЫЮР. Б е-709. акнйхпнбйю;;;;;;
43YI102_MO.PV;;DI;рЕОКНБНИ ОНФ. ХГБЕЫЮР. Б е-712. акнйхпнбйю;;;;;;
43YI102_MO.OP;;DI;рЕОКНБНИ ОНФ. ХГБЕЫЮР. Б е-712. акнйхпнбйю;;;;;;
43YI102_MO.OP;;DO;рЕОКНБНИ ОНФ. ХГБЕЫЮР. Б е-712. акнйхпнбйю;;;;;;
43YI102_MO.MD;;DI;рЕОКНБНИ ОНФ. ХГБЕЫЮР. Б е-712. акнйхпнбйю;;;;;;
43YI102_MO.MD;;DO;рЕОКНБНИ ОНФ. ХГБЕЫЮР. Б е-712. акнйхпнбйю;;;;;;
43YI106_MO.PV;;DI;рЕОКНБНИ ОНФ. ХГБЕЫЮР. Б е-713. акнйхпнбйю;;;;;;
43YI106_MO.OP;;DI;рЕОКНБНИ ОНФ. ХГБЕЫЮР. Б е-713. акнйхпнбйю;;;;;;
43YI106_MO.OP;;DO;рЕОКНБНИ ОНФ. ХГБЕЫЮР. Б е-713. акнйхпнбйю;;;;;;
43YI106_MO.MD;;DI;рЕОКНБНИ ОНФ. ХГБЕЫЮР. Б е-713. акнйхпнбйю;;;;;;
43YI106_MO.MD;;DO;рЕОКНБНИ ОНФ. ХГБЕЫЮР. Б е-713. акнйхпнбйю;;;;;;
43YI013_MO.PV;;DI;рЕОКНБНИ ОНФ. ХГБЕЫЮР. Б е-708. акнйхпнбйю;;;;;;
43YI013_MO.OP;;DI;рЕОКНБНИ ОНФ. ХГБЕЫЮР. Б е-708. акнйхпнбйю;;;;;;
43YI013_MO.OP;;DO;рЕОКНБНИ ОНФ. ХГБЕЫЮР. Б е-708. акнйхпнбйю;;;;;;
43YI013_MO.MD;;DI;рЕОКНБНИ ОНФ. ХГБЕЫЮР. Б е-708. акнйхпнбйю;;;;;;
43YI013_MO.MD;;DO;рЕОКНБНИ ОНФ. ХГБЕЫЮР. Б е-708. акнйхпнбйю;;;;;;
43YI017_MO.PV;;DI;рЕОКНБНИ ОНФ. ХГБЕЫЮР. Б е-709. акнйхпнбйю;;;;;;
43YI017_MO.OP;;DI;рЕОКНБНИ ОНФ. ХГБЕЫЮР. Б е-709. акнйхпнбйю;;;;;;
43YI017_MO.OP;;DO;рЕОКНБНИ ОНФ. ХГБЕЫЮР. Б е-709. акнйхпнбйю;;;;;;
43YI017_MO.MD;;DI;рЕОКНБНИ ОНФ. ХГБЕЫЮР. Б е-709. акнйхпнбйю;;;;;;
43YI017_MO.MD;;DO;рЕОКНБНИ ОНФ. ХГБЕЫЮР. Б е-709. акнйхпнбйю;;;;;;
43YI103_MO.PV;;DI;рЕОКНБНИ ОНФ. ХГБЕЫЮР. Б е-712. акнйхпнбйю;;;;;;
43YI103_MO.OP;;DI;рЕОКНБНИ ОНФ. ХГБЕЫЮР. Б е-712. акнйхпнбйю;;;;;;
43YI103_MO.OP;;DO;рЕОКНБНИ ОНФ. ХГБЕЫЮР. Б е-712. акнйхпнбйю;;;;;;
43YI103_MO.MD;;DI;рЕОКНБНИ ОНФ. ХГБЕЫЮР. Б е-712. акнйхпнбйю;;;;;;
43YI103_MO.MD;;DO;рЕОКНБНИ ОНФ. ХГБЕЫЮР. Б е-712. акнйхпнбйю;;;;;;
43YI107_MO.PV;;DI;рЕОКНБНИ ОНФ. ХГБЕЫЮР. Б е-713. акнйхпнбйю;;;;;;
43YI107_MO.OP;;DI;рЕОКНБНИ ОНФ. ХГБЕЫЮР. Б е-713. акнйхпнбйю;;;;;;
43YI107_MO.OP;;DO;рЕОКНБНИ ОНФ. ХГБЕЫЮР. Б е-713. акнйхпнбйю;;;;;;
43YI107_MO.MD;;DI;рЕОКНБНИ ОНФ. ХГБЕЫЮР. Б е-713. акнйхпнбйю;;;;;;
43YI107_MO.MD;;DO;рЕОКНБНИ ОНФ. ХГБЕЫЮР. Б е-713. акнйхпнбйю;;;;;;
43YI014_MO.PV;;DI;рЕОКНБНИ ОНФ. ХГБЕЫЮР. Б е-708. акнйхпнбйю;;;;;;
43YI014_MO.OP;;DI;рЕОКНБНИ ОНФ. ХГБЕЫЮР. Б е-708. акнйхпнбйю;;;;;;
43YI014_MO.OP;;DO;рЕОКНБНИ ОНФ. ХГБЕЫЮР. Б е-708. акнйхпнбйю;;;;;;
43YI014_MO.MD;;DI;рЕОКНБНИ ОНФ. ХГБЕЫЮР. Б е-708. акнйхпнбйю;;;;;;
43YI014_MO.MD;;DO;рЕОКНБНИ ОНФ. ХГБЕЫЮР. Б е-708. акнйхпнбйю;;;;;;
43YI018_MO.PV;;DI;рЕОКНБНИ ОНФ. ХГБЕЫЮР. Б е-709. акнйхпнбйю;;;;;;
43YI018_MO.OP;;DI;рЕОКНБНИ ОНФ. ХГБЕЫЮР. Б е-709. акнйхпнбйю;;;;;;
43YI018_MO.OP;;DO;рЕОКНБНИ ОНФ. ХГБЕЫЮР. Б е-709. акнйхпнбйю;;;;;;
43YI018_MO.MD;;DI;рЕОКНБНИ ОНФ. ХГБЕЫЮР. Б е-709. акнйхпнбйю;;;;;;
43YI018_MO.MD;;DO;рЕОКНБНИ ОНФ. ХГБЕЫЮР. Б е-709. акнйхпнбйю;;;;;;
43YI104_MO.PV;;DI;рЕОКНБНИ ОНФ. ХГБЕЫЮР. Б е-712. акнйхпнбйю;;;;;;
43YI104_MO.OP;;DI;рЕОКНБНИ ОНФ. ХГБЕЫЮР. Б е-712. акнйхпнбйю;;;;;;
43YI104_MO.OP;;DO;рЕОКНБНИ ОНФ. ХГБЕЫЮР. Б е-712. акнйхпнбйю;;;;;;
43YI104_MO.MD;;DI;рЕОКНБНИ ОНФ. ХГБЕЫЮР. Б е-712. акнйхпнбйю;;;;;;
43YI104_MO.MD;;DO;рЕОКНБНИ ОНФ. ХГБЕЫЮР. Б е-712. акнйхпнбйю;;;;;;
43YI108_MO.PV;;DI;рЕОКНБНИ ОНФ. ХГБЕЫЮР. Б е-713. акнйхпнбйю;;;;;;
43YI108_MO.OP;;DI;рЕОКНБНИ ОНФ. ХГБЕЫЮР. Б е-713. акнйхпнбйю;;;;;;
43YI108_MO.OP;;DO;рЕОКНБНИ ОНФ. ХГБЕЫЮР. Б е-713. акнйхпнбйю;;;;;;
43YI108_MO.MD;;DI;рЕОКНБНИ ОНФ. ХГБЕЫЮР. Б е-713. акнйхпнбйю;;;;;;
43YI108_MO.MD;;DO;рЕОКНБНИ ОНФ. ХГБЕЫЮР. Б е-713. акнйхпнбйю;;;;;;
43HS084.PV;;DI;яапня 430-11 - окюлъ;;;;;;
43HS084.OP;;DI;яапня 430-11 - окюлъ;;;;;;
43HS084.OP;;DO;яапня 430-11 - окюлъ;;;;;;
43HS170.PV;;DI;яапня 430-12 - окюлъ;;;;;;
43HS170.OP;;DI;яапня 430-12 - окюлъ;;;;;;
43HS170.OP;;DO;яапня 430-12 - окюлъ;;;;;;
43HS599H.PV;;DI;яапня 430-15 - окюлъ;;;;;;
43HS599H.OP;;DI;яапня 430-15 - окюлъ;;;;;;
43HS599H.OP;;DO;яапня 430-15 - окюлъ;;;;;;
43HS081.PV;;DI;яапня 430-11 - цнпчвхи цюг;;;;;;
43HS081.OP;;DI;яапня 430-11 - цнпчвхи цюг;;;;;;
43HS081.OP;;DO;яапня 430-11 - цнпчвхи цюг;;;;;;
43HS599E.PV;;DI;яапня 430-15 - цнпчвхи цюг;;;;;;
43HS599E.OP;;DI;яапня 430-15 - цнпчвхи цюг;;;;;;
43HS599E.OP;;DO;яапня 430-15 - цнпчвхи цюг;;;;;;
93HS055C_MO.PV;;DI;нрйпшрхе щк. гюдб-йх 93-XV-055. ймнойю мю FDAP. акнйхпнбйю;;;;;;
93HS055C_MO.OP;;DI;нрйпшрхе щк. гюдб-йх 93-XV-055. ймнойю мю FDAP. акнйхпнбйю;;;;;;
93HS055C_MO.OP;;DO;нрйпшрхе щк. гюдб-йх 93-XV-055. ймнойю мю FDAP. акнйхпнбйю;;;;;;
93HS055C_MO.MD;;DI;нрйпшрхе щк. гюдб-йх 93-XV-055. ймнойю мю FDAP. акнйхпнбйю;;;;;;
93HS055C_MO.MD;;DO;нрйпшрхе щк. гюдб-йх 93-XV-055. ймнойю мю FDAP. акнйхпнбйю;;;;;;
93HS055D_MO.PV;;DI;гюйпшрхе щк. гюдб-йх 93-XV-055. ймнойю мю FDAP. акнйхпнбйю;;;;;;
93HS055D_MO.OP;;DI;гюйпшрхе щк. гюдб-йх 93-XV-055. ймнойю мю FDAP. акнйхпнбйю;;;;;;
93HS055D_MO.OP;;DO;гюйпшрхе щк. гюдб-йх 93-XV-055. ймнойю мю FDAP. акнйхпнбйю;;;;;;
93HS055D_MO.MD;;DI;гюйпшрхе щк. гюдб-йх 93-XV-055. ймнойю мю FDAP. акнйхпнбйю;;;;;;
93HS055D_MO.MD;;DO;гюйпшрхе щк. гюдб-йх 93-XV-055. ймнойю мю FDAP. акнйхпнбйю;;;;;;
93HS056C_MO.PV;;DI;нрйпшрхе щк. гюдб-йх 93-XV-056. ймнойю мю FDAP. акнйхпнбйю;;;;;;
93HS056C_MO.OP;;DI;нрйпшрхе щк. гюдб-йх 93-XV-056. ймнойю мю FDAP. акнйхпнбйю;;;;;;
93HS056C_MO.OP;;DO;нрйпшрхе щк. гюдб-йх 93-XV-056. ймнойю мю FDAP. акнйхпнбйю;;;;;;
93HS056C_MO.MD;;DI;нрйпшрхе щк. гюдб-йх 93-XV-056. ймнойю мю FDAP. акнйхпнбйю;;;;;;
93HS056C_MO.MD;;DO;нрйпшрхе щк. гюдб-йх 93-XV-056. ймнойю мю FDAP. акнйхпнбйю;;;;;;
93HS056D_MO.PV;;DI;гюйпшрхе щк. гюдб-йх 93-XV-056. ймнойю мю FDAP. акнйхпнбйю;;;;;;
93HS056D_MO.OP;;DI;гюйпшрхе щк. гюдб-йх 93-XV-056. ймнойю мю FDAP. акнйхпнбйю;;;;;;
93HS056D_MO.OP;;DO;гюйпшрхе щк. гюдб-йх 93-XV-056. ймнойю мю FDAP. акнйхпнбйю;;;;;;
93HS056D_MO.MD;;DI;гюйпшрхе щк. гюдб-йх 93-XV-056. ймнойю мю FDAP. акнйхпнбйю;;;;;;
93HS056D_MO.MD;;DO;гюйпшрхе щк. гюдб-йх 93-XV-056. ймнойю мю FDAP. акнйхпнбйю;;;;;;
93HS057C_MO.PV;;DI;нрйпшрхе щк. гюдб-йх 93-XV-057. ймнойю мю FDAP. акнйхпнбйю;;;;;;
93HS057C_MO.OP;;DI;нрйпшрхе щк. гюдб-йх 93-XV-057. ймнойю мю FDAP. акнйхпнбйю;;;;;;
93HS057C_MO.OP;;DO;нрйпшрхе щк. гюдб-йх 93-XV-057. ймнойю мю FDAP. акнйхпнбйю;;;;;;
93HS057C_MO.MD;;DI;нрйпшрхе щк. гюдб-йх 93-XV-057. ймнойю мю FDAP. акнйхпнбйю;;;;;;
93HS057C_MO.MD;;DO;нрйпшрхе щк. гюдб-йх 93-XV-057. ймнойю мю FDAP. акнйхпнбйю;;;;;;
93HS057D_MO.PV;;DI;гюйпшрхе щк. гюдб-йх 93-XV-057. ймнойю мю FDAP. акнйхпнбйю;;;;;;
93HS057D_MO.OP;;DI;гюйпшрхе щк. гюдб-йх 93-XV-057. ймнойю мю FDAP. акнйхпнбйю;;;;;;
93HS057D_MO.OP;;DO;гюйпшрхе щк. гюдб-йх 93-XV-057. ймнойю мю FDAP. акнйхпнбйю;;;;;;
93HS057D_MO.MD;;DI;гюйпшрхе щк. гюдб-йх 93-XV-057. ймнойю мю FDAP. акнйхпнбйю;;;;;;
93HS057D_MO.MD;;DO;гюйпшрхе щк. гюдб-йх 93-XV-057. ймнойю мю FDAP. акнйхпнбйю;;;;;;
93HS058C_MO.PV;;DI;нрйпшрхе щк. гюдб-йх 93-XV-058. ймнойю мю FDAP. акнйхпнбйю;;;;;;
93HS058C_MO.OP;;DI;нрйпшрхе щк. гюдб-йх 93-XV-058. ймнойю мю FDAP. акнйхпнбйю;;;;;;
93HS058C_MO.OP;;DO;нрйпшрхе щк. гюдб-йх 93-XV-058. ймнойю мю FDAP. акнйхпнбйю;;;;;;
93HS058C_MO.MD;;DI;нрйпшрхе щк. гюдб-йх 93-XV-058. ймнойю мю FDAP. акнйхпнбйю;;;;;;
93HS058C_MO.MD;;DO;нрйпшрхе щк. гюдб-йх 93-XV-058. ймнойю мю FDAP. акнйхпнбйю;;;;;;
93HS058D_MO.PV;;DI;гюйпшрхе щк. гюдб-йх 93-XV-058. ймнойю мю FDAP. акнйхпнбйю;;;;;;
93HS058D_MO.OP;;DI;гюйпшрхе щк. гюдб-йх 93-XV-058. ймнойю мю FDAP. акнйхпнбйю;;;;;;
93HS058D_MO.OP;;DO;гюйпшрхе щк. гюдб-йх 93-XV-058. ймнойю мю FDAP. акнйхпнбйю;;;;;;
93HS058D_MO.MD;;DI;гюйпшрхе щк. гюдб-йх 93-XV-058. ймнойю мю FDAP. акнйхпнбйю;;;;;;
93HS058D_MO.MD;;DO;гюйпшрхе щк. гюдб-йх 93-XV-058. ймнойю мю FDAP. акнйхпнбйю;;;;;;
93HS059C_MO.PV;;DI;нрйпшрхе щк. гюдб-йх 93-XV-059. ймнойю мю FDAP. акнйхпнбйю;;;;;;
93HS059C_MO.OP;;DI;нрйпшрхе щк. гюдб-йх 93-XV-059. ймнойю мю FDAP. акнйхпнбйю;;;;;;
93HS059C_MO.OP;;DO;нрйпшрхе щк. гюдб-йх 93-XV-059. ймнойю мю FDAP. акнйхпнбйю;;;;;;
93HS059C_MO.MD;;DI;нрйпшрхе щк. гюдб-йх 93-XV-059. ймнойю мю FDAP. акнйхпнбйю;;;;;;
93HS059C_MO.MD;;DO;нрйпшрхе щк. гюдб-йх 93-XV-059. ймнойю мю FDAP. акнйхпнбйю;;;;;;
93HS059D_MO.PV;;DI;гюйпшрхе щк. гюдб-йх 93-XV-059. ймнойю мю FDAP. акнйхпнбйю;;;;;;
93HS059D_MO.OP;;DI;гюйпшрхе щк. гюдб-йх 93-XV-059. ймнойю мю FDAP. акнйхпнбйю;;;;;;
93HS059D_MO.OP;;DO;гюйпшрхе щк. гюдб-йх 93-XV-059. ймнойю мю FDAP. акнйхпнбйю;;;;;;
93HS059D_MO.MD;;DI;гюйпшрхе щк. гюдб-йх 93-XV-059. ймнойю мю FDAP. акнйхпнбйю;;;;;;
93HS059D_MO.MD;;DO;гюйпшрхе щк. гюдб-йх 93-XV-059. ймнойю мю FDAP. акнйхпнбйю;;;;;;
93HS060C_MO.PV;;DI;нрйпшрхе щк. гюдб-йх 93-XV-060. ймнойю мю FDAP. акнйхпнбйю;;;;;;
93HS060C_MO.OP;;DI;нрйпшрхе щк. гюдб-йх 93-XV-060. ймнойю мю FDAP. акнйхпнбйю;;;;;;
93HS060C_MO.OP;;DO;нрйпшрхе щк. гюдб-йх 93-XV-060. ймнойю мю FDAP. акнйхпнбйю;;;;;;
93HS060C_MO.MD;;DI;нрйпшрхе щк. гюдб-йх 93-XV-060. ймнойю мю FDAP. акнйхпнбйю;;;;;;
93HS060C_MO.MD;;DO;нрйпшрхе щк. гюдб-йх 93-XV-060. ймнойю мю FDAP. акнйхпнбйю;;;;;;
93HS060D_MO.PV;;DI;гюйпшрхе щк. гюдб-йх 93-XV-060. ймнойю мю FDAP. акнйхпнбйю;;;;;;
93HS060D_MO.OP;;DI;гюйпшрхе щк. гюдб-йх 93-XV-060. ймнойю мю FDAP. акнйхпнбйю;;;;;;
93HS060D_MO.OP;;DO;гюйпшрхе щк. гюдб-йх 93-XV-060. ймнойю мю FDAP. акнйхпнбйю;;;;;;
93HS060D_MO.MD;;DI;гюйпшрхе щк. гюдб-йх 93-XV-060. ймнойю мю FDAP. акнйхпнбйю;;;;;;
93HS060D_MO.MD;;DO;гюйпшрхе щк. гюдб-йх 93-XV-060. ймнойю мю FDAP. акнйхпнбйю;;;;;;
93HS061C_MO.PV;;DI;нрйпшрхе щк. гюдб-йх 93-XV-061. ймнойю мю FDAP. акнйхпнбйю;;;;;;
93HS061C_MO.OP;;DI;нрйпшрхе щк. гюдб-йх 93-XV-061. ймнойю мю FDAP. акнйхпнбйю;;;;;;
93HS061C_MO.OP;;DO;нрйпшрхе щк. гюдб-йх 93-XV-061. ймнойю мю FDAP. акнйхпнбйю;;;;;;
93HS061C_MO.MD;;DI;нрйпшрхе щк. гюдб-йх 93-XV-061. ймнойю мю FDAP. акнйхпнбйю;;;;;;
93HS061C_MO.MD;;DO;нрйпшрхе щк. гюдб-йх 93-XV-061. ймнойю мю FDAP. акнйхпнбйю;;;;;;
93HS061D_MO.PV;;DI;гюйпшрхе щк. гюдб-йх 93-XV-061. ймнойю мю FDAP. акнйхпнбйю;;;;;;
93HS061D_MO.OP;;DI;гюйпшрхе щк. гюдб-йх 93-XV-061. ймнойю мю FDAP. акнйхпнбйю;;;;;;
93HS061D_MO.OP;;DO;гюйпшрхе щк. гюдб-йх 93-XV-061. ймнойю мю FDAP. акнйхпнбйю;;;;;;
93HS061D_MO.MD;;DI;гюйпшрхе щк. гюдб-йх 93-XV-061. ймнойю мю FDAP. акнйхпнбйю;;;;;;
93HS061D_MO.MD;;DO;гюйпшрхе щк. гюдб-йх 93-XV-061. ймнойю мю FDAP. акнйхпнбйю;;;;;;
93HS062C_MO.PV;;DI;нрйпшрхе щк. гюдб-йх 93-XV-062. ймнойю мю FDAP. акнйхпнбйю;;;;;;
93HS062C_MO.OP;;DI;нрйпшрхе щк. гюдб-йх 93-XV-062. ймнойю мю FDAP. акнйхпнбйю;;;;;;
93HS062C_MO.OP;;DO;нрйпшрхе щк. гюдб-йх 93-XV-062. ймнойю мю FDAP. акнйхпнбйю;;;;;;
93HS062C_MO.MD;;DI;нрйпшрхе щк. гюдб-йх 93-XV-062. ймнойю мю FDAP. акнйхпнбйю;;;;;;
93HS062C_MO.MD;;DO;нрйпшрхе щк. гюдб-йх 93-XV-062. ймнойю мю FDAP. акнйхпнбйю;;;;;;
93HS062D_MO.PV;;DI;гюйпшрхе щк. гюдб-йх 93-XV-062. ймнойю мю FDAP. акнйхпнбйю;;;;;;
93HS062D_MO.OP;;DI;гюйпшрхе щк. гюдб-йх 93-XV-062. ймнойю мю FDAP. акнйхпнбйю;;;;;;
93HS062D_MO.OP;;DO;гюйпшрхе щк. гюдб-йх 93-XV-062. ймнойю мю FDAP. акнйхпнбйю;;;;;;
93HS062D_MO.MD;;DI;гюйпшрхе щк. гюдб-йх 93-XV-062. ймнойю мю FDAP. акнйхпнбйю;;;;;;
93HS062D_MO.MD;;DO;гюйпшрхе щк. гюдб-йх 93-XV-062. ймнойю мю FDAP. акнйхпнбйю;;;;;;
93HS063C_MO.PV;;DI;нрйпшрхе щк. гюдб-йх 93-XV-063. ймнойю мю FDAP. акнйхпнбйю;;;;;;
93HS063C_MO.OP;;DI;нрйпшрхе щк. гюдб-йх 93-XV-063. ймнойю мю FDAP. акнйхпнбйю;;;;;;
93HS063C_MO.OP;;DO;нрйпшрхе щк. гюдб-йх 93-XV-063. ймнойю мю FDAP. акнйхпнбйю;;;;;;
93HS063C_MO.MD;;DI;нрйпшрхе щк. гюдб-йх 93-XV-063. ймнойю мю FDAP. акнйхпнбйю;;;;;;
93HS063C_MO.MD;;DO;нрйпшрхе щк. гюдб-йх 93-XV-063. ймнойю мю FDAP. акнйхпнбйю;;;;;;
93HS063D_MO.PV;;DI;гюйпшрхе щк. гюдб-йх 93-XV-063. ймнойю мю FDAP. акнйхпнбйю;;;;;;
93HS063D_MO.OP;;DI;гюйпшрхе щк. гюдб-йх 93-XV-063. ймнойю мю FDAP. акнйхпнбйю;;;;;;
93HS063D_MO.OP;;DO;гюйпшрхе щк. гюдб-йх 93-XV-063. ймнойю мю FDAP. акнйхпнбйю;;;;;;
93HS063D_MO.MD;;DI;гюйпшрхе щк. гюдб-йх 93-XV-063. ймнойю мю FDAP. акнйхпнбйю;;;;;;
93HS063D_MO.MD;;DO;гюйпшрхе щк. гюдб-йх 93-XV-063. ймнойю мю FDAP. акнйхпнбйю;;;;;;
93HS064C_MO.PV;;DI;нрйпшрхе щк. гюдб-йх 93-XV-064. ймнойю мю FDAP. акнйхпнбйю;;;;;;
93HS064C_MO.OP;;DI;нрйпшрхе щк. гюдб-йх 93-XV-064. ймнойю мю FDAP. акнйхпнбйю;;;;;;
93HS064C_MO.OP;;DO;нрйпшрхе щк. гюдб-йх 93-XV-064. ймнойю мю FDAP. акнйхпнбйю;;;;;;
93HS064C_MO.MD;;DI;нрйпшрхе щк. гюдб-йх 93-XV-064. ймнойю мю FDAP. акнйхпнбйю;;;;;;
93HS064C_MO.MD;;DO;нрйпшрхе щк. гюдб-йх 93-XV-064. ймнойю мю FDAP. акнйхпнбйю;;;;;;
93HS064D_MO.PV;;DI;гюйпшрхе щк. гюдб-йх 93-XV-064. ймнойю мю FDAP. акнйхпнбйю;;;;;;
93HS064D_MO.OP;;DI;гюйпшрхе щк. гюдб-йх 93-XV-064. ймнойю мю FDAP. акнйхпнбйю;;;;;;
93HS064D_MO.OP;;DO;гюйпшрхе щк. гюдб-йх 93-XV-064. ймнойю мю FDAP. акнйхпнбйю;;;;;;
93HS064D_MO.MD;;DI;гюйпшрхе щк. гюдб-йх 93-XV-064. ймнойю мю FDAP. акнйхпнбйю;;;;;;
93HS064D_MO.MD;;DO;гюйпшрхе щк. гюдб-йх 93-XV-064. ймнойю мю FDAP. акнйхпнбйю;;;;;;
93HS065C_MO.PV;;DI;нрйпшрхе щк. гюдб-йх 93-XV-065. ймнойю мю FDAP. акнйхпнбйю;;;;;;
93HS065C_MO.OP;;DI;нрйпшрхе щк. гюдб-йх 93-XV-065. ймнойю мю FDAP. акнйхпнбйю;;;;;;
93HS065C_MO.OP;;DO;нрйпшрхе щк. гюдб-йх 93-XV-065. ймнойю мю FDAP. акнйхпнбйю;;;;;;
93HS065C_MO.MD;;DI;нрйпшрхе щк. гюдб-йх 93-XV-065. ймнойю мю FDAP. акнйхпнбйю;;;;;;
93HS065C_MO.MD;;DO;нрйпшрхе щк. гюдб-йх 93-XV-065. ймнойю мю FDAP. акнйхпнбйю;;;;;;
93HS065D_MO.PV;;DI;гюйпшрхе щк. гюдб-йх 93-XV-065. ймнойю мю FDAP. акнйхпнбйю;;;;;;
93HS065D_MO.OP;;DI;гюйпшрхе щк. гюдб-йх 93-XV-065. ймнойю мю FDAP. акнйхпнбйю;;;;;;
93HS065D_MO.OP;;DO;гюйпшрхе щк. гюдб-йх 93-XV-065. ймнойю мю FDAP. акнйхпнбйю;;;;;;
93HS065D_MO.MD;;DI;гюйпшрхе щк. гюдб-йх 93-XV-065. ймнойю мю FDAP. акнйхпнбйю;;;;;;
93HS065D_MO.MD;;DO;гюйпшрхе щк. гюдб-йх 93-XV-065. ймнойю мю FDAP. акнйхпнбйю;;;;;;
93HS066C_MO.PV;;DI;нрйпшрхе щк. гюдб-йх 93-XV-066. ймнойю мю FDAP. акнйхпнбйю;;;;;;
93HS066C_MO.OP;;DI;нрйпшрхе щк. гюдб-йх 93-XV-066. ймнойю мю FDAP. акнйхпнбйю;;;;;;
93HS066C_MO.OP;;DO;нрйпшрхе щк. гюдб-йх 93-XV-066. ймнойю мю FDAP. акнйхпнбйю;;;;;;
93HS066C_MO.MD;;DI;нрйпшрхе щк. гюдб-йх 93-XV-066. ймнойю мю FDAP. акнйхпнбйю;;;;;;
93HS066C_MO.MD;;DO;нрйпшрхе щк. гюдб-йх 93-XV-066. ймнойю мю FDAP. акнйхпнбйю;;;;;;
93HS066D_MO.PV;;DI;гюйпшрхе щк. гюдб-йх 93-XV-066. ймнойю мю FDAP. акнйхпнбйю;;;;;;
93HS066D_MO.OP;;DI;гюйпшрхе щк. гюдб-йх 93-XV-066. ймнойю мю FDAP. акнйхпнбйю;;;;;;
93HS066D_MO.OP;;DO;гюйпшрхе щк. гюдб-йх 93-XV-066. ймнойю мю FDAP. акнйхпнбйю;;;;;;
93HS066D_MO.MD;;DI;гюйпшрхе щк. гюдб-йх 93-XV-066. ймнойю мю FDAP. акнйхпнбйю;;;;;;
93HS066D_MO.MD;;DO;гюйпшрхе щк. гюдб-йх 93-XV-066. ймнойю мю FDAP. акнйхпнбйю;;;;;;
93HS067C_MO.PV;;DI;нрйпшрхе щк. гюдб-йх 93-XV-067. ймнойю мю FDAP. акнйхпнбйю;;;;;;
93HS067C_MO.OP;;DI;нрйпшрхе щк. гюдб-йх 93-XV-067. ймнойю мю FDAP. акнйхпнбйю;;;;;;
93HS067C_MO.OP;;DO;нрйпшрхе щк. гюдб-йх 93-XV-067. ймнойю мю FDAP. акнйхпнбйю;;;;;;
93HS067C_MO.MD;;DI;нрйпшрхе щк. гюдб-йх 93-XV-067. ймнойю мю FDAP. акнйхпнбйю;;;;;;
93HS067C_MO.MD;;DO;нрйпшрхе щк. гюдб-йх 93-XV-067. ймнойю мю FDAP. акнйхпнбйю;;;;;;
93HS067D_MO.PV;;DI;гюйпшрхе щк. гюдб-йх 93-XV-067. ймнойю мю FDAP. акнйхпнбйю;;;;;;
93HS067D_MO.OP;;DI;гюйпшрхе щк. гюдб-йх 93-XV-067. ймнойю мю FDAP. акнйхпнбйю;;;;;;
93HS067D_MO.OP;;DO;гюйпшрхе щк. гюдб-йх 93-XV-067. ймнойю мю FDAP. акнйхпнбйю;;;;;;
93HS067D_MO.MD;;DI;гюйпшрхе щк. гюдб-йх 93-XV-067. ймнойю мю FDAP. акнйхпнбйю;;;;;;
93HS067D_MO.MD;;DO;гюйпшрхе щк. гюдб-йх 93-XV-067. ймнойю мю FDAP. акнйхпнбйю;;;;;;
93HS068C_MO.PV;;DI;нрйпшрхе щк. гюдб-йх 93-XV-068. ймнойю мю FDAP. акнйхпнбйю;;;;;;
93HS068C_MO.OP;;DI;нрйпшрхе щк. гюдб-йх 93-XV-068. ймнойю мю FDAP. акнйхпнбйю;;;;;;
93HS068C_MO.OP;;DO;нрйпшрхе щк. гюдб-йх 93-XV-068. ймнойю мю FDAP. акнйхпнбйю;;;;;;
93HS068C_MO.MD;;DI;нрйпшрхе щк. гюдб-йх 93-XV-068. ймнойю мю FDAP. акнйхпнбйю;;;;;;
93HS068C_MO.MD;;DO;нрйпшрхе щк. гюдб-йх 93-XV-068. ймнойю мю FDAP. акнйхпнбйю;;;;;;
93HS068D_MO.PV;;DI;гюйпшрхе щк. гюдб-йх 93-XV-068. ймнойю мю FDAP. акнйхпнбйю;;;;;;
93HS068D_MO.OP;;DI;гюйпшрхе щк. гюдб-йх 93-XV-068. ймнойю мю FDAP. акнйхпнбйю;;;;;;
93HS068D_MO.OP;;DO;гюйпшрхе щк. гюдб-йх 93-XV-068. ймнойю мю FDAP. акнйхпнбйю;;;;;;
93HS068D_MO.MD;;DI;гюйпшрхе щк. гюдб-йх 93-XV-068. ймнойю мю FDAP. акнйхпнбйю;;;;;;
93HS068D_MO.MD;;DO;гюйпшрхе щк. гюдб-йх 93-XV-068. ймнойю мю FDAP. акнйхпнбйю;;;;;;
43HS582A_MO.PV;;DI;йМНОЙЮ LCSю1юб. бЙК. БЕМР. (AB1-AB5). акнйхпнбйю;;;;;;
43HS582A_MO.OP;;DI;йМНОЙЮ LCSю1юб. бЙК. БЕМР. (AB1-AB5). акнйхпнбйю;;;;;;
43HS582A_MO.OP;;DO;йМНОЙЮ LCSю1юб. бЙК. БЕМР. (AB1-AB5). акнйхпнбйю;;;;;;
43HS582A_MO.MD;;DI;йМНОЙЮ LCSю1юб. бЙК. БЕМР. (AB1-AB5). акнйхпнбйю;;;;;;
43HS582A_MO.MD;;DO;йМНОЙЮ LCSю1юб. бЙК. БЕМР. (AB1-AB5). акнйхпнбйю;;;;;;
43HS582B_MO.PV;;DI;йМНОЙЮ LCSю1юб. бШЙК. БЕМР. (AB1-AB5). акнйхпнбйю;;;;;;
43HS582B_MO.OP;;DI;йМНОЙЮ LCSю1юб. бШЙК. БЕМР. (AB1-AB5). акнйхпнбйю;;;;;;
43HS582B_MO.OP;;DO;йМНОЙЮ LCSю1юб. бШЙК. БЕМР. (AB1-AB5). акнйхпнбйю;;;;;;
43HS582B_MO.MD;;DI;йМНОЙЮ LCSю1юб. бШЙК. БЕМР. (AB1-AB5). акнйхпнбйю;;;;;;
43HS582B_MO.MD;;DO;йМНОЙЮ LCSю1юб. бШЙК. БЕМР. (AB1-AB5). акнйхпнбйю;;;;;;
43HS583A_MO.PV;;DI;йМНОЙЮ LCSю2AB. бЙК. БЕМР. (AB1-AB5). акнйхпнбйю;;;;;;
43HS583A_MO.OP;;DI;йМНОЙЮ LCSю2AB. бЙК. БЕМР. (AB1-AB5). акнйхпнбйю;;;;;;
43HS583A_MO.OP;;DO;йМНОЙЮ LCSю2AB. бЙК. БЕМР. (AB1-AB5). акнйхпнбйю;;;;;;
43HS583A_MO.MD;;DI;йМНОЙЮ LCSю2AB. бЙК. БЕМР. (AB1-AB5). акнйхпнбйю;;;;;;
43HS583A_MO.MD;;DO;йМНОЙЮ LCSю2AB. бЙК. БЕМР. (AB1-AB5). акнйхпнбйю;;;;;;
43HS583B_MO.PV;;DI;йМНОЙЮ LCSю2AB. бШЙК. БЕМР. (AB1-AB5). акнйхпнбйю;;;;;;
43HS583B_MO.OP;;DI;йМНОЙЮ LCSю2AB. бШЙК. БЕМР. (AB1-AB5). акнйхпнбйю;;;;;;
43HS583B_MO.OP;;DO;йМНОЙЮ LCSю2AB. бШЙК. БЕМР. (AB1-AB5). акнйхпнбйю;;;;;;
43HS583B_MO.MD;;DI;йМНОЙЮ LCSю2AB. бШЙК. БЕМР. (AB1-AB5). акнйхпнбйю;;;;;;
43HS583B_MO.MD;;DO;йМНОЙЮ LCSю2AB. бШЙК. БЕМР. (AB1-AB5). акнйхпнбйю;;;;;;
43HS586_MO.PV;;DI;йМНОЙЮ LCSA3. цП.НРЙК.о4,б4,юб1-юб5. акнйхпнбйю;;;;;;
43HS586_MO.OP;;DI;йМНОЙЮ LCSA3. цП.НРЙК.о4,б4,юб1-юб5. акнйхпнбйю;;;;;;
43HS586_MO.OP;;DO;йМНОЙЮ LCSA3. цП.НРЙК.о4,б4,юб1-юб5. акнйхпнбйю;;;;;;
43HS586_MO.MD;;DI;йМНОЙЮ LCSA3. цП.НРЙК.о4,б4,юб1-юб5. акнйхпнбйю;;;;;;
43HS586_MO.MD;;DO;йМНОЙЮ LCSA3. цП.НРЙК.о4,б4,юб1-юб5. акнйхпнбйю;;;;;;
43HS587_MO.PV;;DI;йМНОЙЮ LCSA4. цП.НРЙК.о4,б4,юб1-юб5. акнйхпнбйю;;;;;;
43HS587_MO.OP;;DI;йМНОЙЮ LCSA4. цП.НРЙК.о4,б4,юб1-юб5. акнйхпнбйю;;;;;;
43HS587_MO.OP;;DO;йМНОЙЮ LCSA4. цП.НРЙК.о4,б4,юб1-юб5. акнйхпнбйю;;;;;;
43HS587_MO.MD;;DI;йМНОЙЮ LCSA4. цП.НРЙК.о4,б4,юб1-юб5. акнйхпнбйю;;;;;;
43HS587_MO.MD;;DO;йМНОЙЮ LCSA4. цП.НРЙК.о4,б4,юб1-юб5. акнйхпнбйю;;;;;;
FGS_431_1_F1.PV;;DI;IB-43-1 яхярелю FGS-01 янярнъмхе йнмрпнккепю;;;;;;
FGS_431_1_F2.PV;;DI;IB-43-1 яхярелю FGS-01 янярнъмхе бмеьмеи ябъгх;;;;;;
FGS_431_1_F3.PV;;DI;IB-43-1 яхярелю FGS-01 янярнъмхе лндскеи ббндю/бшбндю;;;;;;
FGS_431_1_F4.PV;;DI;IB-43-1 яхярелю FGS-01 наыее янярнъмхе яхяр. ьйютю;;;;;;
FGS_431_1_F5.PV;;DI;IB-43-1 яхярелю FGS-01 наыее янярнъмхе йпняя. ьйютнб;;;;;;
43HS589N.PV;;DI;пСВМ. ХГБЕЫЮРЕКЭ. с МЮПСФ. (ЖЕМРП.) БУНДЮ Б МЮЯНЯМСЧ;;;;;;
43YI400.PV;;DI;дЮРВХЙ НАМЮПСФЕМХЪ ОКЮЛЕМХ мя. мЮЯНЯМЮЪ;;;;;;
43YI402.PV;;DI;дЮРВХЙ НАМЮПСФЕМХЪ ОКЮЛЕМХ мя. мЮЯНЯМЮЪ;;;;;;
43YI404.PV;;DI;дЮРВХЙ НАМЮПСФЕМХЪ ОКЮЛЕМХ мя. мЮЯНЯМЮЪ;;;;;;
43YI009.PV;;DI;рЕОКНБНИ ОНФ. ХГБЕЫЮР. Б е-705;;;;;;
43XS588A.PV;;DI;про 1 Х 2 ЩРЮФ. оНФЮП;;;;;;
43XS588B.PV;;DI;UPS, ЙНМРПНККЕПМЮЪ. оНФЮП;;;;;;
43XS588C.PV;;DI;лЮЯРЕП. йхо, БЯОНЛ. ОН., ЙНПХДНП. оНФЮП;;;;;;
43XS588D.PV;;DI;кЕЯРМХЖЮ. оНФЮП;;;;;;
43XS588E.PV;;DI;йКЮД.ЦНПЧВ., ЙКЮД.йхо, ЙКЮД. САНП. оНФЮП;;;;;;
43YI012.PV;;DI;рЕОКНБНИ ОНФ. ХГБЕЫЮР. Б е-708;;;;;;
43YI016.PV;;DI;рЕОКНБНИ ОНФ. ХГБЕЫЮР. Б е-709;;;;;;
43YI102.PV;;DI;рЕОКНБНИ ОНФ. ХГБЕЫЮР. Б е-712;;;;;;
43YI106.PV;;DI;рЕОКНБНИ ОНФ. ХГБЕЫЮР. Б е-713;;;;;;
43YI002.PV;;DI;рЕОКНБНИ ОНФ. ХГБЕЫЮР. Б е-701;;;;;;
43YI004.PV;;DI;рЕОКНБНИ ОНФ. ХГБЕЫЮР. Б е-702;;;;;;
43YI006.PV;;DI;рЕОКНБНИ ОНФ. ХГБЕЫЮР. Б е-703;;;;;;
43YI008.PV;;DI;рЕОКНБНИ ОНФ. ХГБЕЫЮР. Б е-704;;;;;;
43YI010.PV;;DI;рЕОКНБНИ ОНФ. ХГБЕЫЮР. Б е-705;;;;;;
93XV060.PV;;DI;онфюп. щк. гюдб-йю 93-XV-060;;;;;;
93XV060.OP;;DI;онфюп. щк. гюдб-йю 93-XV-060;;;;;;
93XV060.OP;;DO;онфюп. щк. гюдб-йю 93-XV-060;;;;;;
93XV060_AL.PV;;DI;онфюп. щк. гюдб-йю 93-XV-060;;;;;;
93XV061.PV;;DI;онфюп. щк. гюдб-йю 93-XV-061;;;;;;
93XV061.OP;;DI;онфюп. щк. гюдб-йю 93-XV-061;;;;;;
93XV061.OP;;DO;онфюп. щк. гюдб-йю 93-XV-061;;;;;;
93XV061_AL.PV;;DI;онфюп. щк. гюдб-йю 93-XV-061;;;;;;
93XV062.PV;;DI;онфюп. щк. гюдб-йю 93-XV-062;;;;;;
93XV062.OP;;DI;онфюп. щк. гюдб-йю 93-XV-062;;;;;;
93XV062.OP;;DO;онфюп. щк. гюдб-йю 93-XV-062;;;;;;
93XV062_AL.PV;;DI;онфюп. щк. гюдб-йю 93-XV-062;;;;;;
93XV063.PV;;DI;онфюп. щк. гюдб-йю 93-XV-063;;;;;;
93XV063.OP;;DI;онфюп. щк. гюдб-йю 93-XV-063;;;;;;
93XV063.OP;;DO;онфюп. щк. гюдб-йю 93-XV-063;;;;;;
93XV063_AL.PV;;DI;онфюп. щк. гюдб-йю 93-XV-063;;;;;;
93XV064.PV;;DI;онфюп. щк. гюдб-йю 93-XV-064;;;;;;
93XV064.OP;;DI;онфюп. щк. гюдб-йю 93-XV-064;;;;;;
93XV064.OP;;DO;онфюп. щк. гюдб-йю 93-XV-064;;;;;;
93XV064_AL.PV;;DI;онфюп. щк. гюдб-йю 93-XV-064;;;;;;
93XV065.PV;;DI;онфюп. щк. гюдб-йю 93-XV-065;;;;;;
93XV065.OP;;DI;онфюп. щк. гюдб-йю 93-XV-065;;;;;;
93XV065.OP;;DO;онфюп. щк. гюдб-йю 93-XV-065;;;;;;
93XV065_AL.PV;;DI;онфюп. щк. гюдб-йю 93-XV-065;;;;;;
93XV066.PV;;DI;онфюп. щк. гюдб-йю 93-XV-066;;;;;;
93XV066.OP;;DI;онфюп. щк. гюдб-йю 93-XV-066;;;;;;
93XV066.OP;;DO;онфюп. щк. гюдб-йю 93-XV-066;;;;;;
93XV066_AL.PV;;DI;онфюп. щк. гюдб-йю 93-XV-066;;;;;;
93XV067.PV;;DI;онфюп. щк. гюдб-йю 93-XV-067;;;;;;
93XV067.OP;;DI;онфюп. щк. гюдб-йю 93-XV-067;;;;;;
93XV067.OP;;DO;онфюп. щк. гюдб-йю 93-XV-067;;;;;;
93XV067_AL.PV;;DI;онфюп. щк. гюдб-йю 93-XV-067;;;;;;
93XV068.PV;;DI;онфюп. щк. гюдб-йю 93-XV-068;;;;;;
93XV068.OP;;DI;онфюп. щк. гюдб-йю 93-XV-068;;;;;;
93XV068.OP;;DO;онфюп. щк. гюдб-йю 93-XV-068;;;;;;
43XA070.PV;;DI;оНФЮП. пСВМНИ ХГБЕЫЮРЕКЭ С е-703;;;;;;
43XA071.PV;;DI;оНФЮП. пСВМНИ ХГБЕЫЮРЕКЭ С е-702;;;;;;
43XA072.PV;;DI;оНФЮП. пСВМНИ ХГБЕЫЮРЕКЭ С е-701;;;;;;
43XA073.PV;;DI;оНФЮП. пСВМНИ ХГБЕЫЮРЕКЭ С е-702;;;;;;
IB301_FGS1_CS.PV;;DI;яани бмеьм. хярнвмхй бпелемх;;;;;;++
IB301_FGS1_T.PV;;DI;рело. FGS йнмрп-пю ме б мнпле;;;;;;++
10YI013_MO.PV;;DI;с мюяняю п-1004S (б няъу 3/ю). акнйхпнбйю;;;;;;
10YI013_MO.OP;;DI;с мюяняю п-1004S (б няъу 3/ю). акнйхпнбйю;;;;;;
10YI013_MO.OP;;DO;с мюяняю п-1004S (б няъу 3/ю). акнйхпнбйю;;;;;;
10YI013_MO.MD;;DI;с мюяняю п-1004S (б няъу 3/ю). акнйхпнбйю;;;;;;
10YI013_MO.MD;;DO;с мюяняю п-1004S (б няъу 3/ю). акнйхпнбйю;;;;;;
10YI014_MO.PV;;DI;с мюяняю п-1004A (б няъу 2/б). акнйхпнбйю;;;;;;
10YI014_MO.OP;;DI;с мюяняю п-1004A (б няъу 2/б). акнйхпнбйю;;;;;;
10YI014_MO.OP;;DO;с мюяняю п-1004A (б няъу 2/б). акнйхпнбйю;;;;;;
10YI014_MO.MD;;DI;с мюяняю п-1004A (б няъу 2/б). акнйхпнбйю;;;;;;
10YI014_MO.MD;;DO;с мюяняю п-1004A (б няъу 2/б). акнйхпнбйю;;;;;;
10YI015_MO.PV;;DI;с мюяняю п-1005A (б няъу 4/б). акнйхпнбйю;;;;;;
10YI015_MO.OP;;DI;с мюяняю п-1005A (б няъу 4/б). акнйхпнбйю;;;;;;
10YI015_MO.OP;;DO;с мюяняю п-1005A (б няъу 4/б). акнйхпнбйю;;;;;;
10YI015_MO.MD;;DI;с мюяняю п-1005A (б няъу 4/б). акнйхпнбйю;;;;;;
10YI015_MO.MD;;DO;с мюяняю п-1005A (б няъу 4/б). акнйхпнбйю;;;;;;
10YI016_MO.PV;;DI;с мюяняю п-1009A (б няъу 6/б). акнйхпнбйю;;;;;;
10YI016_MO.OP;;DI;с мюяняю п-1009A (б няъу 6/б). акнйхпнбйю;;;;;;
10YI016_MO.OP;;DO;с мюяняю п-1009A (б няъу 6/б). акнйхпнбйю;;;;;;
10YI016_MO.MD;;DI;с мюяняю п-1009A (б няъу 6/б). акнйхпнбйю;;;;;;
10YI016_MO.MD;;DO;с мюяняю п-1009A (б няъу 6/б). акнйхпнбйю;;;;;;
10HS036A_MO.PV;;DI;ймнойю он леярс нрйп. онфюп. щк. гюд-йх 10-XV-036. акнйхпнбйю;;;;;;
10HS036A_MO.OP;;DI;ймнойю он леярс нрйп. онфюп. щк. гюд-йх 10-XV-036. акнйхпнбйю;;;;;;
10HS036A_MO.OP;;DO;ймнойю он леярс нрйп. онфюп. щк. гюд-йх 10-XV-036. акнйхпнбйю;;;;;;
10HS036A_MO.MD;;DI;ймнойю он леярс нрйп. онфюп. щк. гюд-йх 10-XV-036. акнйхпнбйю;;;;;;
10HS036A_MO.MD;;DO;ймнойю он леярс нрйп. онфюп. щк. гюд-йх 10-XV-036. акнйхпнбйю;;;;;;
10HS036C_MO.PV;;DI;дхярюм. ймнойю нрйп. онфюп. щк. гюд-йх 10-XV-036. акнйхпнбйю;;;;;;
10HS036C_MO.OP;;DI;дхярюм. ймнойю нрйп. онфюп. щк. гюд-йх 10-XV-036. акнйхпнбйю;;;;;;
10HS036C_MO.OP;;DO;дхярюм. ймнойю нрйп. онфюп. щк. гюд-йх 10-XV-036. акнйхпнбйю;;;;;;
10HS036C_MO.MD;;DI;дхярюм. ймнойю нрйп. онфюп. щк. гюд-йх 10-XV-036. акнйхпнбйю;;;;;;
10HS036C_MO.MD;;DO;дхярюм. ймнойю нрйп. онфюп. щк. гюд-йх 10-XV-036. акнйхпнбйю;;;;;;
10HS037A_MO.PV;;DI;ймнойю он леярс нрйп. онфюп. щк. гюд-йх 10-XV-037. акнйхпнбйю;;;;;;
10HS037A_MO.OP;;DI;ймнойю он леярс нрйп. онфюп. щк. гюд-йх 10-XV-037. акнйхпнбйю;;;;;;
10HS037A_MO.OP;;DO;ймнойю он леярс нрйп. онфюп. щк. гюд-йх 10-XV-037. акнйхпнбйю;;;;;;
10HS037A_MO.MD;;DI;ймнойю он леярс нрйп. онфюп. щк. гюд-йх 10-XV-037. акнйхпнбйю;;;;;;
10HS037A_MO.MD;;DO;ймнойю он леярс нрйп. онфюп. щк. гюд-йх 10-XV-037. акнйхпнбйю;;;;;;
10HS037C_MO.PV;;DI;дхярюм. ймнойю нрйп. онфюп. щк. гюд-йх 10-XV-037. акнйхпнбйю;;;;;;
10HS037C_MO.OP;;DI;дхярюм. ймнойю нрйп. онфюп. щк. гюд-йх 10-XV-037. акнйхпнбйю;;;;;;
10HS037C_MO.OP;;DO;дхярюм. ймнойю нрйп. онфюп. щк. гюд-йх 10-XV-037. акнйхпнбйю;;;;;;
10HS037C_MO.MD;;DI;дхярюм. ймнойю нрйп. онфюп. щк. гюд-йх 10-XV-037. акнйхпнбйю;;;;;;
10HS037C_MO.MD;;DO;дхярюм. ймнойю нрйп. онфюп. щк. гюд-йх 10-XV-037. акнйхпнбйю;;;;;;
10HS038A_MO.PV;;DI;ймнойю он леярс нрйп. онфюп. щк. гюд-йх 10-XV-038. акнйхпнбйю;;;;;;
10HS038A_MO.OP;;DI;ймнойю он леярс нрйп. онфюп. щк. гюд-йх 10-XV-038. акнйхпнбйю;;;;;;
10HS038A_MO.OP;;DO;ймнойю он леярс нрйп. онфюп. щк. гюд-йх 10-XV-038. акнйхпнбйю;;;;;;
10HS038A_MO.MD;;DI;ймнойю он леярс нрйп. онфюп. щк. гюд-йх 10-XV-038. акнйхпнбйю;;;;;;
10HS038A_MO.MD;;DO;ймнойю он леярс нрйп. онфюп. щк. гюд-йх 10-XV-038. акнйхпнбйю;;;;;;
10HS038C_MO.PV;;DI;дхярюм. ймнойю нрйп. онфюп. щк. гюд-йх 10-XV-038. акнйхпнбйю;;;;;;
10HS038C_MO.OP;;DI;дхярюм. ймнойю нрйп. онфюп. щк. гюд-йх 10-XV-038. акнйхпнбйю;;;;;;
10HS038C_MO.OP;;DO;дхярюм. ймнойю нрйп. онфюп. щк. гюд-йх 10-XV-038. акнйхпнбйю;;;;;;
10HS038C_MO.MD;;DI;дхярюм. ймнойю нрйп. онфюп. щк. гюд-йх 10-XV-038. акнйхпнбйю;;;;;;
10HS038C_MO.MD;;DO;дхярюм. ймнойю нрйп. онфюп. щк. гюд-йх 10-XV-038. акнйхпнбйю;;;;;;
10HS151A_MO.PV;;DI;ймнойю он леярс нрйп. оюп. гюбеяш. нря-кэ 10-XV-151. акнйхпнбйю;;;;;;
10HS151A_MO.OP;;DI;ймнойю он леярс нрйп. оюп. гюбеяш. нря-кэ 10-XV-151. акнйхпнбйю;;;;;;
10HS151A_MO.OP;;DO;ймнойю он леярс нрйп. оюп. гюбеяш. нря-кэ 10-XV-151. акнйхпнбйю;;;;;;
10HS151A_MO.MD;;DI;ймнойю он леярс нрйп. оюп. гюбеяш. нря-кэ 10-XV-151. акнйхпнбйю;;;;;;
10HS151A_MO.MD;;DO;ймнойю он леярс нрйп. оюп. гюбеяш. нря-кэ 10-XV-151. акнйхпнбйю;;;;;;
10HS151B_MO.PV;;DI;дхярюм. ймнойю нрйп. оюп. гюбеяш. нря-кэ 10-XV-151. акнйхпнбйю;;;;;;
10HS151B_MO.OP;;DI;дхярюм. ймнойю нрйп. оюп. гюбеяш. нря-кэ 10-XV-151. акнйхпнбйю;;;;;;
10HS151B_MO.OP;;DO;дхярюм. ймнойю нрйп. оюп. гюбеяш. нря-кэ 10-XV-151. акнйхпнбйю;;;;;;
10HS151B_MO.MD;;DI;дхярюм. ймнойю нрйп. оюп. гюбеяш. нря-кэ 10-XV-151. акнйхпнбйю;;;;;;
10HS151B_MO.MD;;DO;дхярюм. ймнойю нрйп. оюп. гюбеяш. нря-кэ 10-XV-151. акнйхпнбйю;;;;;;
FGS_101_1_F1.PV;;DI;IB-10-1 яхярелю FGS-01 янярнъмхе йнмрпнккепю;;;;;;
FGS_101_1_F2.PV;;DI;IB-10-1 яхярелю FGS-01 янярнъмхе бмеьмеи ябъгх;;;;;;
FGS_101_1_F3.PV;;DI;IB-10-1 яхярелю FGS-01 янярнъмхе лндскеи ббндю/бшбндю;;;;;;
FGS_101_1_F4.PV;;DI;IB-10-1 яхярелю FGS-01 наыее янярнъмхе яхяр. ьйютю;;;;;;
FGS_101_1_F5.PV;;DI;IB-10-1 яхярелю FGS-01 наыее янярнъмхе йпняя. ьйютнб;;;;;;
10GA529.PV;;DI;лефдс P-1007S, п-1008 - рнйяхвеяйхи цюг;;;;;;
10GA500.PV;;DI;бнгке цнпъвеи мюянямни - цнпчвхи цюг;;;;;;
10GA501.PV;;DI;лефдс P-1009A/S - цнпчвхи цюг;;;;;;
10GA502.PV;;DI;лефдс P-1005A/S - цнпчвхи цюг;;;;;;
10GA503.PV;;DI;бнгке P-1004A - цнпчвхи цюг;;;;;;
10GA505.PV;;DI;лефдс P-1003A/S - цнпчвхи цюг;;;;;;
10GA513.PV;;DI;бнгке P-1005A - цнпчвхи цюг;;;;;;
10GA525.PV;;DI;бнгке T-1001 - цнпчвхи цюг;;;;;;
10GA526.PV;;DI;лефдс T-1001, V-1041 - цнпчвхи цюг;;;;;;
10GA536.PV;;DI;цнпъв.мюяням., бакхгх P-1004A/S - цнпчвхи цюг;;;;;;
10GA537.PV;;DI;цнпъв.мюяням., бакхгх P-1009A - цнпчвхи цюг;;;;;;
10GA542.PV;;DI;бакхгх P-1004S - цнпчвхи цюг;;;;;;
10GA543.PV;;DI;бакхгх P-1003S - цнпчвхи цюг;;;;;;
10GA504.PV;;DI;бнгке P-1002A - цнпчвхи цюг;;;;;;
10GA506.PV;;DI;бнгкеP-1002S - цнпчвхи цюг;;;;;;
10GA520.PV;;DI;бнгке V-1042B - цнпчвхи цюг;;;;;;
10GA521.PV;;DI;бнгке E-1005ю/б - цнпчвхи цюг;;;;;;
10GA522.PV;;DI;бнгке E-1003A/B - цнпчвхи цюг;;;;;;
10GA523.PV;;DI;лефдс E-1013A/B, E-1014A/B - цнпчвхи цюг;;;;;;
10GA524.PV;;DI;бнгке E-1015ю/б - цнпчвхи цюг;;;;;;
10GA527.PV;;DI;лефдс V-1041, E-1038 - цнпчвхи цюг;;;;;;
10GA528.PV;;DI;лефдс P-1007ю, P-1007S - цнпчвхи цюг;;;;;;
10GA532.PV;;DI;лефдс п-1008A, п-1008S - цнпчвхи цюг;;;;;;
10GA533.PV;;DI;бакхгх кя-2 - цнпчвхи цюг;;;;;;
10GA534.PV;;DI;бакхгх E-1011 - цнпчвхи цюг;;;;;;
10GA507.PV;;DI;бнгке P-1044A/S, P-1043 - цнпчвхи цюг;;;;;;
10GA508.PV;;DI;бнгке P-1010S - цнпчвхи цюг;;;;;;
10GA509.PV;;DI;бнгке P-1001A - цнпчвхи цюг;;;;;;
10GA510.PV;;DI;бнгке P-1001B/S - цнпчвхи цюг;;;;;;
10GA512.PV;;DI;бнгке P-1001B - цнпчвхи цюг;;;;;;
10GA515.PV;;DI;бнгке P-1045 ю - цнпчвхи цюг;;;;;;
10GA516.PV;;DI;бнгке V-1001 - цнпчвхи цюг;;;;;;
10GA517.PV;;DI;лефдс E-1029A/б - цнпчвхи цюг;;;;;;
10GA518.PV;;DI;лефдс E-1028A/B - цнпчвхи цюг;;;;;;
10GA519.PV;;DI;лефдс E-1024A/B - цнпчвхи цюг;;;;;;
10GA531.PV;;DI;лефдс п-1008, п-1008S - цнпчвхи цюг;;;;;;
10GA535.PV;;DI;бнгке P-1045 A/S - цнпчвхи цюг;;;;;;
10GA511.PV;;DI;бнгке V-1042A - цнпчвхи цюг;;;;;;
10GA514.PV;;DI;лефдс E-1044, E-1040 - цнпчвхи цюг;;;;;;
10GA530.PV;;DI;щярюйюдю, бакхгх 8-C20 - цнпчвхи цюг;;;;;;
10GA538.PV;;DI;нйнкн V-1005 - цнпчвхи цюг;;;;;;
10GA539.PV;;DI;щярюйюдю, бакхгх 8-C23 - цнпчвхи цюг;;;;;;
10GA540.PV;;DI;щярюйюдю, лефдс 8-я25, 8-я26 - цнпчвхи цюг;;;;;;
10GA541.PV;;DI;щярюйюдю, бакхгх 8-я28 - цнпчвхи цюг;;;;;;
10GA564.PV;;DI;бакхгх яйхдЮ оевх м-1001ю - цнпчвхи цюг;;;;;;
10GA565.PV;;DI;бакхгх яйхдЮ оевх м-1001б - цнпчвхи цюг;;;;;;
10GI527_MO.PV;;DI;лефдс V-1041, E-1038. акнйхпнбйю;;;;;;
10GI527_MO.OP;;DI;лефдс V-1041, E-1038. акнйхпнбйю;;;;;;
10GI527_MO.OP;;DO;лефдс V-1041, E-1038. акнйхпнбйю;;;;;;
10GI527_MO.MD;;DI;лефдс V-1041, E-1038. акнйхпнбйю;;;;;;
10GI527_MO.MD;;DO;лефдс V-1041, E-1038. акнйхпнбйю;;;;;;
10GI528_MO.PV;;DI;лефдс P-1007ю, P-1007S. акнйхпнбйю;;;;;;
10GI528_MO.OP;;DI;лефдс P-1007ю, P-1007S. акнйхпнбйю;;;;;;
10GI528_MO.OP;;DO;лефдс P-1007ю, P-1007S. акнйхпнбйю;;;;;;
10GI528_MO.MD;;DI;лефдс P-1007ю, P-1007S. акнйхпнбйю;;;;;;
10GI528_MO.MD;;DO;лефдс P-1007ю, P-1007S. акнйхпнбйю;;;;;;
10GI532_MO.PV;;DI;лефдс п-1008A, п-1008S. акнйхпнбйю;;;;;;
10GI532_MO.OP;;DI;лефдс п-1008A, п-1008S. акнйхпнбйю;;;;;;
10GI532_MO.OP;;DO;лефдс п-1008A, п-1008S. акнйхпнбйю;;;;;;
10GI532_MO.MD;;DI;лефдс п-1008A, п-1008S. акнйхпнбйю;;;;;;
10GI532_MO.MD;;DO;лефдс п-1008A, п-1008S. акнйхпнбйю;;;;;;
10GI533_MO.PV;;DI;бакхгх кя-2. акнйхпнбйю;;;;;;
10GI533_MO.OP;;DI;бакхгх кя-2. акнйхпнбйю;;;;;;
10GI533_MO.OP;;DO;бакхгх кя-2. акнйхпнбйю;;;;;;
10GI533_MO.MD;;DI;бакхгх кя-2. акнйхпнбйю;;;;;;
10GI533_MO.MD;;DO;бакхгх кя-2. акнйхпнбйю;;;;;;
10GI534_MO.PV;;DI;бакхгх E-1011. акнйхпнбйю;;;;;;
10GI534_MO.OP;;DI;бакхгх E-1011. акнйхпнбйю;;;;;;
10GI534_MO.OP;;DO;бакхгх E-1011. акнйхпнбйю;;;;;;
10GI534_MO.MD;;DI;бакхгх E-1011. акнйхпнбйю;;;;;;
10GI534_MO.MD;;DO;бакхгх E-1011. акнйхпнбйю;;;;;;
10GI507_MO.PV;;DI;бнгке P-1044A/S, P-1043. акнйхпнбйю;;;;;;
10GI507_MO.OP;;DI;бнгке P-1044A/S, P-1043. акнйхпнбйю;;;;;;
10GI507_MO.OP;;DO;бнгке P-1044A/S, P-1043. акнйхпнбйю;;;;;;
10GI507_MO.MD;;DI;бнгке P-1044A/S, P-1043. акнйхпнбйю;;;;;;
10GI507_MO.MD;;DO;бнгке P-1044A/S, P-1043. акнйхпнбйю;;;;;;
10GI537.PV;;DI;цпюмхжю цнп.мюяням., бакхгх P-1009A;;;;;;
10GI542.PV;;DI;бакхгх P-1004S;;;;;;
10GI543.PV;;DI;бакхгх P-1003S;;;;;;
10GI504.PV;;DI;бнгке P-1002A;;;;;;
10GI506.PV;;DI;бнгкеP-1002S;;;;;;
10GI520.PV;;DI;бнгке V-1042B;;;;;;
10GI521.PV;;DI;бнгке E-1005ю/б;;;;;;
10GI522.PV;;DI;бнгке E-1003A/B;;;;;;
10GI523.PV;;DI;лефдс E-1013A/B, E-1014A/B;;;;;;
10GI524.PV;;DI;бнгке E-1015ю/б;;;;;;
10GI527.PV;;DI;лефдс V-1041, E-1038;;;;;;
10GI528.PV;;DI;лефдс P-1007ю, P-1007S;;;;;;
10GI532.PV;;DI;лефдс п-1008A, п-1008S;;;;;;
10HS365.PV;;DI;1000 ЙМНОЙЮ РЕЯРЮ ЯХПЕМ Х ЛЮЪВЙНБ ОН ОНФЮПС С ЬЕЯРНЦН ЯННПСФЕМХЪ;;;;;;
10HS366.PV;;DI;1000 ЙМНОЙЮ РЕЯРЮ ЯХПЕМ Х ЛЮЪВЙНБ ОН ОНФЮПС С ЯЕДЭЛНЦН ЯННПСФЕМХЪ;;;;;;
10HS367.PV;;DI;1000 ЙМНОЙЮ РЕЯРЮ ЯХПЕМ Х ЛЮЪВЙНБ ОН ОНФЮПС С УНКНДМНИ МЮЯНЯМНИ;;;;;;
10HS368.PV;;DI;1000 ЙМНОЙЮ РЕЯРЮ ЯХПЕМ Х ЛЮЪВЙНБ ОН ОНФЮПС С ЯРНИЙХ ЩЯРЮЙЮДШ 3-я1;;;;;;
10HS369.PV;;DI;1000 ЙМНОЙЮ РЕЯРЮ ЯХПЕМ Х ЛЮЪВЙНБ ОН ОНФЮПС С ЦНПЪВЕИ МЮЯНЯМНИ;;;;;;
10HS151A.PV;;DI;ймнойю он леярс нрйп. оюп. гюбеяш. нря-кэ 10-XV-151.;;;;;;
10HS151B.PV;;DI;дхярюм. ймнойю нрйп. оюп. гюбеяш. нря-кэ 10-XV-151.;;;;;;
00XA101GMC01.PV;;DI;IB-10-1 ьйют F-MC-01 наыхи юбюпхимши яхцмюк;;;;;;
00XA101GMC02.PV;;DI;IB-10-1 ьйют F-MC-02 наыхи юбюпхимши яхцмюк;;;;;;
10HS220.PV;;DI;1000 ЙМНОЙЮ РЕЯРЮ ЯХПЕМ Х ЛЮЪВЙНБ ОН ЦНПЧВХЛ ЦЮГЮЛ ЧФМ ЯРНПНМЮ ЦНПЪВ МЮЯНЯМ;;;;;;
10HS221.PV;;DI;1000 ЙМНОЙЮ РЕЯРЮ ЯХПЕМ Х ЛЮЪВЙНБ ОН ЦНПЧВХЛ ЦЮГЮЛ С ЩЯРЮЙЮДШ БНГКЕ 7-я19;;;;;;
10HS223.PV;;DI;1000 ЙМНОЙЮ РЕЯРЮ ЯХПЕМ Х ЛЮЪВЙНБ ОН ЦНПЧВХЛ ЦЮГЮЛ С E-1039A,B Х E-1040;;;;;;
10HS226.PV;;DI;1000 ЙМНОЙЮ РЕЯРЮ ЯХПЕМ Х ЛЮЪВЙНБ ОН ЦНПЧВХЛ ЦЮГЮЛ Х ОЮПНБ ГЮБЕЯЕ С H-1001A;;;;;;
10HS227.PV;;DI;1000 ЙМНОЙЮ РЕЯРЮ ЯХПЕМ Х ЛЮЪВЙНБ ОН ЦНПЧВХЛ ЦЮГЮЛ С T-1001;;;;;;
10HS228.PV;;DI;1000 ЙМНОЙЮ РЕЯРЮ ЯХПЕМ Х ЛЮЪВЙНБ ОН ЦНПЧВХЛ ЦЮГЮЛ С V-1005;;;;;;
10HS229.PV;;DI;1000 ЙМНОЙЮ РЕЯРЮ ЯХПЕМ Х ЛЮЪВЙНБ ОН РНЙЯХВ ЦЮГЮЛ С P-1007 МЮ БШУНДЕ ХГ МЮЯНЯМ;;;;;;
10HS230.PV;;DI;1000 ЙМНОЙЮ РЕЯРЮ ЯХПЕМ Х ЛЮЪВЙНБ ОН ЦНПЧВ ЦЮГЮЛ С БНПНР МЮОПНРХБ P-1002A/S;;;;;;
10HS231.PV;;DI;1000 ЙМНОЙЮ РЕЯРЮ ЯХПЕМ Х ЛЮЪВЙНБ ОН ЦНПЧВ ЦЮГЮЛ С P-1007 МЮ БШУНДЕ ХГ МЮЯНЯМ;;;;;;
10HS222.PV;;DI;1000 ЙМНОЙЮ РЕЯРЮ ЯХПЕМ Х ЛЮЪВЙНБ ОН ЦНПЧВХЛ ЦЮГЮЛ С КЕБ БУНДЮ УНКНД МЮЯНЯМ;;;;;;
10HS224.PV;;DI;1000 ЙМНОЙЮ РЕЯРЮ ЯХПЕМ Х ЛЮЪВЙНБ ОН ЦНПЧВХЛ ЦЮГЮЛ С ОПЮБ БУНДЮ УНКНД МЮЯНЯМ;;;;;;
10HS225.PV;;DI;1000 ЙМНОЙЮ РЕЯРЮ ЯХПЕМ Х ЛЮЪВЙНБ ОН ЦНПЧВХЛ ЦЮГЮЛ С V-1001;;;;;;
10HS232.PV;;DI;1000 ЙМНОЙЮ РЕЯРЮ ЯХПЕМ Х ЛЮЪВЙНБ ОН ЦНПЧВХЛ ЦЮГЮЛ БМСРПХ ОЪРНЦН ЯННПСФЕМХЪ;;;;;;
10HS151D.PV;;DI;ймнойю он леярс гюйп. оюп. гюбеяш. нря-кэ 10-XV-151.;;;;;;
10GI508_MO.PV;;DI;бнгке P-1010S. акнйхпнбйю;;;;;;
10GI508_MO.OP;;DI;бнгке P-1010S. акнйхпнбйю;;;;;;
10GI508_MO.OP;;DO;бнгке P-1010S. акнйхпнбйю;;;;;;
10GI508_MO.MD;;DI;бнгке P-1010S. акнйхпнбйю;;;;;;
10GI508_MO.MD;;DO;бнгке P-1010S. акнйхпнбйю;;;;;;
10GI509_MO.PV;;DI;бнгке P-1001A. акнйхпнбйю;;;;;;
10GI509_MO.OP;;DI;бнгке P-1001A. акнйхпнбйю;;;;;;
10GI509_MO.OP;;DO;бнгке P-1001A. акнйхпнбйю;;;;;;
10GI509_MO.MD;;DI;бнгке P-1001A. акнйхпнбйю;;;;;;
10GI509_MO.MD;;DO;бнгке P-1001A. акнйхпнбйю;;;;;;
10GI510_MO.PV;;DI;бнгке P-1001B/S. акнйхпнбйю;;;;;;
10GI510_MO.OP;;DI;бнгке P-1001B/S. акнйхпнбйю;;;;;;
10GI510_MO.OP;;DO;бнгке P-1001B/S. акнйхпнбйю;;;;;;
10GI510_MO.MD;;DI;бнгке P-1001B/S. акнйхпнбйю;;;;;;
10GI510_MO.MD;;DO;бнгке P-1001B/S. акнйхпнбйю;;;;;;
10GI512_MO.PV;;DI;бнгке P-1001B. акнйхпнбйю;;;;;;
10GI512_MO.OP;;DI;бнгке P-1001B. акнйхпнбйю;;;;;;
10GI512_MO.OP;;DO;бнгке P-1001B. акнйхпнбйю;;;;;;
10GI512_MO.MD;;DI;бнгке P-1001B. акнйхпнбйю;;;;;;
10GI512_MO.MD;;DO;бнгке P-1001B. акнйхпнбйю;;;;;;
10GI515_MO.PV;;DI;бнгке P-1045 ю. акнйхпнбйю;;;;;;
10GI515_MO.OP;;DI;бнгке P-1045 ю. акнйхпнбйю;;;;;;
10GI515_MO.OP;;DO;бнгке P-1045 ю. акнйхпнбйю;;;;;;
10GI515_MO.MD;;DI;бнгке P-1045 ю. акнйхпнбйю;;;;;;
10GI515_MO.MD;;DO;бнгке P-1045 ю. акнйхпнбйю;;;;;;
10GI516_MO.PV;;DI;бнгке V-1001. акнйхпнбйю;;;;;;
10GI516_MO.OP;;DI;бнгке V-1001. акнйхпнбйю;;;;;;
10GI516_MO.OP;;DO;бнгке V-1001. акнйхпнбйю;;;;;;
10GI516_MO.MD;;DI;бнгке V-1001. акнйхпнбйю;;;;;;
10GI516_MO.MD;;DO;бнгке V-1001. акнйхпнбйю;;;;;;
10GI517_MO.PV;;DI;лефдс E-1029A/б. акнйхпнбйю;;;;;;
10GI517_MO.OP;;DI;лефдс E-1029A/б. акнйхпнбйю;;;;;;
10GI517_MO.OP;;DO;лефдс E-1029A/б. акнйхпнбйю;;;;;;
10GI517_MO.MD;;DI;лефдс E-1029A/б. акнйхпнбйю;;;;;;
10GI517_MO.MD;;DO;лефдс E-1029A/б. акнйхпнбйю;;;;;;
10GI518_MO.PV;;DI;лефдс E-1028A/B. акнйхпнбйю;;;;;;
10GI518_MO.OP;;DI;лефдс E-1028A/B. акнйхпнбйю;;;;;;
10GI518_MO.OP;;DO;лефдс E-1028A/B. акнйхпнбйю;;;;;;
10GI518_MO.MD;;DI;лефдс E-1028A/B. акнйхпнбйю;;;;;;
10GI518_MO.MD;;DO;лефдс E-1028A/B. акнйхпнбйю;;;;;;
10GI519_MO.PV;;DI;лефдс E-1024A/B. акнйхпнбйю;;;;;;
10GI519_MO.OP;;DI;лефдс E-1024A/B. акнйхпнбйю;;;;;;
10GI519_MO.OP;;DO;лефдс E-1024A/B. акнйхпнбйю;;;;;;
10GI519_MO.MD;;DI;лефдс E-1024A/B. акнйхпнбйю;;;;;;
10GI519_MO.MD;;DO;лефдс E-1024A/B. акнйхпнбйю;;;;;;
10GI531_MO.PV;;DI;бнгке V-1042C. акнйхпнбйю;;;;;;
10GI531_MO.OP;;DI;бнгке V-1042C. акнйхпнбйю;;;;;;
10GI531_MO.OP;;DO;бнгке V-1042C. акнйхпнбйю;;;;;;
10GI531_MO.MD;;DI;бнгке V-1042C. акнйхпнбйю;;;;;;
10GI531_MO.MD;;DO;бнгке V-1042C. акнйхпнбйю;;;;;;
10GI535_MO.PV;;DI;бнгке P-1045 A/S. акнйхпнбйю;;;;;;
10GI535_MO.OP;;DI;бнгке P-1045 A/S. акнйхпнбйю;;;;;;
10GI535_MO.OP;;DO;бнгке P-1045 A/S. акнйхпнбйю;;;;;;
10GI535_MO.MD;;DI;бнгке P-1045 A/S. акнйхпнбйю;;;;;;
10GI535_MO.MD;;DO;бнгке P-1045 A/S. акнйхпнбйю;;;;;;
10YA001.PV;;DI;онфюп. с мюяняю п-1008S (б няъу 2/ю);;;;;;
10YA002.PV;;DI;онфюп. с мюянянб п-1007ю/S (б няъу 1/б);;;;;;
10YA003.PV;;DI;онфюп. с мюяняю п-1002S (б няъу 2/ц);;;;;;
10YA004.PV;;DI;онфюп. с мюяняю п-1002A (б няъу 1/ф);;;;;;
10YA005.PV;;DI;онфюп. с мюяняю п-1045S (б няъу 3/б);;;;;;
10YA006.PV;;DI;онфюп. с мюяняю п-1006S (б няъу 5/б);;;;;;
10YA007.PV;;DI;онфюп. с мюяняю п-1001S (б няъу 7/б);;;;;;
10YA008.PV;;DI;онфюп. с мюяняю п-1001B (б няъу 6/ю);;;;;;
10YA009.PV;;DI;онфюп. с мюяняю п-1006A (б няъу 4/ю);;;;;;
10GI533.PV;;DI;бакхгх кя-2;;;;;;
10GI534.PV;;DI;бакхгх E-1011;;;;;;
10GI507.PV;;DI;бнгке P-1044A/S, P-1043;;;;;;
10GI508.PV;;DI;бнгке P-1010S;;;;;;
10GI509.PV;;DI;бнгке P-1001A;;;;;;
10GI510.PV;;DI;бнгке P-1001B/S;;;;;;
10GI512.PV;;DI;бнгке P-1001B;;;;;;
10GI515.PV;;DI;бнгке P-1045 ю;;;;;;
10GI516.PV;;DI;бнгке V-1001;;;;;;
10GI517.PV;;DI;лефдс E-1029A/б;;;;;;
10GI518.PV;;DI;лефдс E-1028A/B;;;;;;
10GI519.PV;;DI;лефдс E-1024A/B;;;;;;
10GI531.PV;;DI;бнгке V-1042C;;;;;;
10GI535.PV;;DI;бнгке P-1045 A/S;;;;;;
10GI511.PV;;DI;бнгке V-1042A;;;;;;
10GI514.PV;;DI;лефдс E-1044, E-1040;;;;;;
10GI530.PV;;DI;щярюйюдю, бакхгх 8-C20;;;;;;
10GI538.PV;;DI;нйнкн V-1005;;;;;;
10GI539.PV;;DI;щярюйюдю, бакхгх 8-C23;;;;;;
10GI540.PV;;DI;щярюйюдю, лефдс 8-я25, 8-я26;;;;;;
10GI541.PV;;DI;щярюйюдю, бакхгх 8-я28;;;;;;
10GI564.PV;;DI;бакхгх яйхдЮ оевх м-1001ю;;;;;;
10GI565.PV;;DI;бакхгх яйхдЮ оевх м-1001б;;;;;;
00XA101G01P01.PV;;DI;IB-10-1 ьйют FGS-01 мехяопюбмнярэ хо 01;;;;;;
00XA101G01P02.PV;;DI;IB-10-1 ьйют FGS-01 мехяопюбмнярэ хо 02;;;;;;
00XA101G01ELD.PV;;DI;IB-10-1 ьйют FGS-01 гюгелкемхе сревйю мю гелкч;;;;;;
00XA101G01FAN.PV;;DI;IB-10-1 ьйют FGS-01 мехяопюбмнярэ бемрхкърнпю;;;;;;
00XA101G01TMP.PV;;DI;IB-10-1 ьйют FGS-01 опебшьемхе релоепюрспш б ьйютс;;;;;;
10HS036A.PV;;DI;ймнойю он леярс нрйп. онфюп. щк. гюд-йх 10-XV-036.;;;;;;
10HS036C.PV;;DI;дхярюм. ймнойю нрйп. онфюп. щк. гюд-йх 10-XV-036.;;;;;;
10XV036.PV;;DI;онфюп. щк. гюдбхфйю 10-XV-036;;;;;;
10XV036_AL.PV;;DI;онфюп. щк. гюдбхфйю 10-XV-036. яхцм-жхъ йнлюмд соп-мхъ;;;;;;
10HS037A.PV;;DI;ймнойю он леярс нрйп. онфюп. щк. гюд-йх 10-XV-037.;;;;;;
10HS037C.PV;;DI;дхярюм. ймнойю нрйп. онфюп. щк. гюд-йх 10-XV-037.;;;;;;
10XV037.PV;;DI;онфюп. щк. гюдбхфйю 10-XV-037;;;;;;
10XV037_AL.PV;;DI;онфюп. щк. гюдбхфйю 10-XV-037. яхцм-жхъ йнлюмд соп-мхъ;;;;;;
10HS038A.PV;;DI;ймнойю он леярс нрйп. онфюп. щк. гюд-йх 10-XV-038.;;;;;;
10HS038C.PV;;DI;дхярюм. ймнойю нрйп. онфюп. щк. гюд-йх 10-XV-038.;;;;;;
10XV038.PV;;DI;онфюп. щк. гюдбхфйю 10-XV-038;;;;;;
10XV038_AL.PV;;DI;онфюп. щк. гюдбхфйю 10-XV-038. яхцм-жхъ йнлюмд соп-мхъ;;;;;;
10HS361.PV;;DI;1000 ЙМНОЙЮ РЕЯРЮ ЯХПЕМ Х ЛЮЪВЙНБ ОН ОНФЮПС С ЯРНИЙХ ЩЯРЮЙЮДШ 8-я23/26;;;;;;
10HS362.PV;;DI;1000 ЙМНОЙЮ РЕЯРЮ ЯХПЕМ Х ЛЮЪВЙНБ ОН ОНФЮПС БМСРПХ ОЕПБНЦН ЯННПСФЕМХЪ;;;;;;
10HS363.PV;;DI;1000 ЙМНОЙЮ РЕЯРЮ ЯХПЕМ Х ЛЮЪВЙНБ ОН ОНФЮПС С ОЕПБНЦН ЯННПСФЕМХЪ;;;;;;
10HS364.PV;;DI;1000 ЙМНОЙЮ РЕЯРЮ ЯХПЕМ Х ЛЮЪВЙНБ ОН ОНФЮПС С ОЪРНЦН ЯННПСФЕМХЪ;;;;;;
10YA010.PV;;DI;онфюп. с мюяняю п-1045A (б няъу 2/ю);;;;;;
10YA011.PV;;DI;онфюп. с мюяняю п-1003A (б няъу 7/ю);;;;;;
10YA012.PV;;DI;онфюп. с мюяняю п-1005S (б няъу 5/ю);;;;;;
10YA013.PV;;DI;онфюп. с мюяняю п-1004S (б няъу 3/ю);;;;;;
10YA014.PV;;DI;онфюп. с мюяняю п-1004A (б няъу 2/б);;;;;;
10YA015.PV;;DI;онфюп. с мюяняю п-1005A (б няъу 4/б);;;;;;
10YA016.PV;;DI;онфюп. с мюяняю п-1009A (б няъу 6/б);;;;;;
10XA151.PV;;DI;нряей-кэ 10-XV-151 оюпнбни гюбеяш нрйпшр;;;;;;
FGS_101_1_F6.PV;;DI;яНЯРНЪМХЕ SafeNet FGS-001-1 - FGS-101-1;;;;;;
10XV151.PV;;DI;онфюп. нряей-кэ 10-XV-151;;;;;;
10XV151_AL.PV;;DI;онфюп. нряей-кэ 10-XV-151. яхцм-жхъ йнлюмд соп-мхъ;;;;;;
10YI001.PV;;DI;с мюяняю п-1008S (б няъу 2/ю);;;;;;
10YI002.PV;;DI;с мюяняOB п-1007A/S (б няъу 1/б);;;;;;
10YI003.PV;;DI;с мюяняю п-1002S (б няъу 2/ц);;;;;;
10YI004.PV;;DI;с мюяняю п-1002A (б няъу 1/ф);;;;;;
10YI005.PV;;DI;с мюяняю п-1045S (б няъу 3/б);;;;;;
10YI006.PV;;DI;с мюяняю п-1006S (б няъу 5/б);;;;;;
10YI007.PV;;DI;с мюяняю п-1001S (б няъу 7/б);;;;;;
10YI008.PV;;DI;с мюяняю п-1001B (б няъу 6/ю);;;;;;
10YI009.PV;;DI;с мюяняю п-1006A (б няъу 4/ю);;;;;;
10YI010.PV;;DI;с мюяняю п-1045A (б няъу 2/ю);;;;;;
10YI011.PV;;DI;с мюяняю п-1003A (б няъу 7/ю);;;;;;
10YI012.PV;;DI;с мюяняю п-1005S (б няъу 5/ю);;;;;;
10YI013.PV;;DI;с мюяняю п-1004S (б няъу 3/ю);;;;;;
10YI014.PV;;DI;с мюяняю п-1004A (б няъу 2/б);;;;;;
10YI015.PV;;DI;с мюяняю п-1005A (б няъу 4/б);;;;;;
10YI016.PV;;DI;с мюяняю п-1009A (б няъу 6/б);;;;;;
10GI529.PV;;DI;лефдс P-1007S, п-1008;;;;;;
10GI500.PV;;DI;бнгке цнпъвеи мюянямни;;;;;;
10GI501.PV;;DI;лефдс P-1009A/S;;;;;;
10GI502.PV;;DI;лефдс P-1005A/S;;;;;;
10GI503.PV;;DI;бнгке P-1004A;;;;;;
10GI505.PV;;DI;лефдс P-1003A/S;;;;;;
10GI513.PV;;DI;бнгке P-1005A;;;;;;
10GI525.PV;;DI;бнгке T-1001;;;;;;
10GI526.PV;;DI;лефдс T-1001, V-1041;;;;;;
10GI536.PV;;DI;цпюмхжю цнп. мюянямни, бакхгх P-1004A/S;;;;;;
10HS233.PV;;DI;1000 ЙМНОЙЮ РЕЯРЮ ЯХПЕМ Х ЛЮЪВЙНБ ОН ЦНПЧВХЛ ЦЮГЮЛ С E-1024A/B;;;;;;
10HS234.PV;;DI;1000 ЙМНОЙЮ РЕЯРЮ ЯХПЕМ Х ЛЮЪВЙНБ ОН ЦНПЧВХЛ ЦЮГЮЛ С V-1042C;;;;;;
10XA600A.PV;;DI;яхпемю (онфюп). ярнийю щярюйюдш 8-C23;;;;;;
10XA601A.PV;;DI;яхпемю (онфюп). ярнийю щярюйюдш 8-C26;;;;;;
10XA602A.PV;;DI;яхпемю (онфюп). бмсрпх гдюмхъ (б няъу 2/б);;;;;;
10XA603A.PV;;DI;яхпемю (онфюп). ямюпсфх гдюмхъ (б няъу 2/ф);;;;;;
10XA604A.PV;;DI;яхпемю (онфюп). ямюпсфх гдюмхъ (б няъу 2/ю);;;;;;
10XA605A.PV;;DI;яхпемю (онфюп). бмсрпх гдюмхъ(б няъу 1/б);;;;;;
10XA606A.PV;;DI;яхпемю (онфюп). бмсрпх гдюмхъ(б няъу 4/д);;;;;;
10XA607A.PV;;DI;яхпемю (онфюп). бмсрпх гдюмхъ(б няъу 1/б);;;;;;
10XA608A.PV;;DI;яхпемю (онфюп). бмсрпх гдюмхъ(б няъу 3/е);;;;;;
10XA609A.PV;;DI;яхпемю (онфюп). ямюпсфх гдюмхъ (б няъу 1/ю);;;;;;
10XA610A.PV;;DI;яхпемю (онфюп). бмсрпх гдюмхъ(б няъу 8/ю);;;;;;
10XA611A.PV;;DI;яхпемю (онфюп). бмсрпх гдюмхъ(б няъу 3/ю);;;;;;
10XA612A.PV;;DI;яхпемю (онфюп). ярнийю щярюйюдш 3-C1;;;;;;
10XA613A.PV;;DI;яхпемю (онфюп). бмсрпх гдюмхъ(б няъу 8/ю);;;;;;
10XA614A.PV;;DI;яхпемю (онфюп). бмсрпх гдюмхъ(б няъу 3/ю);;;;;;
10XY571B.PV;;DI;яхпемю (оюп. гюбеяю). бакхгх H-1001A/б;;;;;;
10XA600B.PV;;DI;люъвнй (онфюп). ярнийю щярюйюдш 8-C23;;;;;;
10XA601B.PV;;DI;люъвнй (онфюп). ярнийю щярюйюдш 8-C26;;;;;;
10XA602B.PV;;DI;люъвнй (онфюп). бмсрпх гдюмхъ (б няъу 2/б);;;;;;
10XA603B.PV;;DI;люъвнй (онфюп). ямюпсфх гдюмхъ (б няъу 2/ф);;;;;;
10XA604B.PV;;DI;люъвнй (онфюп). ямюпсфх гдюмхъ (б няъу 2/ю);;;;;;
10XA605B.PV;;DI;люъвнй (онфюп). бмсрпх гдюмхъ(б няъу 1/б);;;;;;
10XA606B.PV;;DI;люъвнй (онфюп). бмсрпх гдюмхъ(б няъу 4/д);;;;;;
10XA607B.PV;;DI;люъвнй (онфюп). бмсрпх гдюмхъ(б няъу 1/б);;;;;;
10XA608B.PV;;DI;люъвнй (онфюп). бмсрпх гдюмхъ(б няъу 3/е);;;;;;
10XA609B.PV;;DI;люъвнй (онфюп). ямюпсфх гдюмхъ (б няъу 1/ю);;;;;;
10XA610B.PV;;DI;люъвнй (онфюп). бмсрпх гдюмхъ(б няъу 8/ю);;;;;;
10XA611B.PV;;DI;люъвнй (онфюп). бмсрпх гдюмхъ(б няъу 3/ю);;;;;;
10XA612B.PV;;DI;люъвнй (онфюп). ярнийю щярюйюдш 3-C1;;;;;;
10XA613B.PV;;DI;люъвнй (онфюп). бмсрпх гдюмхъ(б няъу 8/ю);;;;;;
10XA614B.PV;;DI;люъвнй (онфюп). бмсрпх гдюмхъ(б няъу 3/ю);;;;;;
10XY571A.PV;;DI;люъвнй (оюп. гюбеяю). бакхгх H-1001A/б;;;;;;
10XY544B.PV;;DI;яхпемю (цнпчв. цюг). бакхгх м-1001ю;;;;;;
10XY545B.PV;;DI;яхпемю (цнпчв. цюг). бакхгх м-1001б;;;;;;
10XY546B.PV;;DI;яхпемю (цнпчв. цюг). бакхгх р-1001;;;;;;
10XY547B.PV;;DI;яхпемю (цнпчв. цюг). бакхгх кя-3;;;;;;
10XY548B.PV;;DI;яхпемю (цнпчв. цюг). бакхгх V-1005;;;;;;
10XY549B.PV;;DI;яхпемю (цнпчв. цюг). бакхгх P-1007, мю бшу. хг мюянямни;;;;;;
10XY550B.PV;;DI;яхпемю (цнпчв. цюг). бакхгх E-1004A/S, E-1005A/S;;;;;;
10XY551B.PV;;DI;яхпемю (цнпчв. цюг). бакхгх е-1013ю/б х е-1012ю/б;;;;;;
10XY552B.PV;;DI;яхпемю (цнпчв. цюг). бакхгх V-1042б;;;;;;
10XY553B.PV;;DI;яхпемю (цнпчв. цюг). бакхгх е-1029ю/б, E-1028B;;;;;;
10XY554B.PV;;DI;яхпемю (цнпчв. цюг). бакхгх е-1024ю/б;;;;;;
10XY555B.PV;;DI;яхпемю (цнпчв. цюг). бакхгх V-1042я;;;;;;
10XY556B.PV;;DI;яхпемю (цнпчв. цюг). бакхгх е-1040 х е-1039A/B;;;;;;
10XY557B.PV;;DI;яхпемю (цнпчв. цюг). б ункндм. мюянямни с кебни.дбепх;;;;;;
10XY558B.PV;;DI;яхпемю (цнпчв. цюг). б ункндм. мюянямни с жемрп.дбепх;;;;;;
10XY559B.PV;;DI;яхпемю (цнпчв. цюг). б ункндм. мюянямни с опюбни.дбепх;;;;;;
10XY560B.PV;;DI;яхпемю (цнпчв. цюг). с дбепх цнп.мюяням. я яеб.ярнпнмш;;;;;;
10XY561B.PV;;DI;яхпемю (цнпчв. цюг). с бнпнр цнп.мюяням. я чфм.ярнпнмш;;;;;;
10XY562B.PV;;DI;яхпемю (цнпчв. цюг). щярюйюдю, нйнкн 7-я19;;;;;;
10XY563B.PV;;DI;яхпемю (цнпчв. цюг). бакхгх V-1001;;;;;;
10XY566B.PV;;DI;яхпемю (цнпчв. цюг). с бнпнр, мюопнрхб P-1002A;;;;;;
10XY567B.PV;;DI;яхпемю (цнпчв. цюг). с бнпнр, мюопнрхб P-1002S;;;;;;
10XY568B.PV;;DI;яхпемю (рнйя. цюг). бакхгх P-1007, мю бшу. хг мюянямни;;;;;;
10XY544A.PV;;DI;люъвнй (цнпчв. цюг). бакхгх м-1001ю;;;;;;
10XY545A.PV;;DI;люъвнй (цнпчв. цюг). бакхгх м-1001б;;;;;;
10XY546A.PV;;DI;люъвнй (цнпчв. цюг). бакхгх р-1001;;;;;;
10XY547A.PV;;DI;люъвнй (цнпчв. цюг). бакхгх кя-2;;;;;;
10XY548A.PV;;DI;люъвнй (цнпчв. цюг). бакхгх V-1005;;;;;;
10XY549A.PV;;DI;люъвнй (цнпчв. цюг). бакхгх P-1007, мю бшу. хг мюянямни;;;;;;
10XY550A.PV;;DI;люъвнй (цнпчв. цюг). бакхгх E-1004A/S, E-1005A/S;;;;;;
10XY551A.PV;;DI;люъвнй (цнпчв. цюг). бакхгх е-1013ю/б х е-1012ю/б;;;;;;
10XY552A.PV;;DI;люъвнй (цнпчв. цюг). бакхгх V-1042б;;;;;;
10XY553A.PV;;DI;люъвнй (цнпчв. цюг). бакхгх е-1029ю/б, E-1028B;;;;;;
10XY554A.PV;;DI;люъвнй (цнпчв. цюг). бакхгх е-1024ю/б;;;;;;
10XY555A.PV;;DI;люъвнй (цнпчв. цюг). бакхгх V-1042я;;;;;;
10XY556A.PV;;DI;люъвнй (цнпчв. цюг). бакхгх е-1040 х е-1039A/B;;;;;;
10XY557A.PV;;DI;люъвнй (цнпчв. цюг). б ункндм. мюянямни с кебни.дбепх;;;;;;
10XY558A.PV;;DI;люъвнй (цнпчв. цюг). б ункндм. мюянямни с жемрп.дбепх;;;;;;
10XY559A.PV;;DI;люъвнй (цнпчв. цюг). б ункндм. мюянямни с опюбни.дбепх;;;;;;
10XY560A.PV;;DI;люъвнй (цнпчв. цюг). с дбепх цнп.мюяням. я яеб.ярнпнмш;;;;;;
10XY561A.PV;;DI;люъвнй (цнпчв. цюг). с бнпнр цнп.мюяням. я чфм.ярнпнмш;;;;;;
10XY562A.PV;;DI;люъвнй (цнпчв. цюг). щярюйюдю, нйнкн 7-я19;;;;;;
10XY563A.PV;;DI;люъвнй (цнпчв. цюг). бакхгх V-1001;;;;;;
10XY566A.PV;;DI;люъвнй (цнпчв. цюг). с бнпнр, мюопнрхб P-1002A;;;;;;
10XY567A.PV;;DI;люъвнй (цнпчв. цюг). с бнпнр, мюопнрхб P-1002S;;;;;;
10XY568A.PV;;DI;люъвнй (рнйя. цюг). бакхгх P-1007, мю бшу. хг мюянямни;;;;;;
10GI529_MO.PV;;DI;лефдс P-1007S, п-1008. акнйхпнбйю;;;;;;
10GI529_MO.OP;;DI;лефдс P-1007S, п-1008. акнйхпнбйю;;;;;;
10GI529_MO.OP;;DO;лефдс P-1007S, п-1008. акнйхпнбйю;;;;;;
10GI529_MO.MD;;DI;лефдс P-1007S, п-1008. акнйхпнбйю;;;;;;
10GI529_MO.MD;;DO;лефдс P-1007S, п-1008. акнйхпнбйю;;;;;;
10GI500_MO.PV;;DI;бнгке цнпъвеи мюянямни. акнйхпнбйю;;;;;;
10GI500_MO.OP;;DI;бнгке цнпъвеи мюянямни. акнйхпнбйю;;;;;;
10GI500_MO.OP;;DO;бнгке цнпъвеи мюянямни. акнйхпнбйю;;;;;;
10GI500_MO.MD;;DI;бнгке цнпъвеи мюянямни. акнйхпнбйю;;;;;;
10GI500_MO.MD;;DO;бнгке цнпъвеи мюянямни. акнйхпнбйю;;;;;;
10GI501_MO.PV;;DI;лефдс P-1009A/S. акнйхпнбйю;;;;;;
10GI501_MO.OP;;DI;лефдс P-1009A/S. акнйхпнбйю;;;;;;
10GI501_MO.OP;;DO;лефдс P-1009A/S. акнйхпнбйю;;;;;;
10GI501_MO.MD;;DI;лефдс P-1009A/S. акнйхпнбйю;;;;;;
10GI501_MO.MD;;DO;лефдс P-1009A/S. акнйхпнбйю;;;;;;
10GI502_MO.PV;;DI;лефдс P-1005A/S. акнйхпнбйю;;;;;;
10GI502_MO.OP;;DI;лефдс P-1005A/S. акнйхпнбйю;;;;;;
10GI502_MO.OP;;DO;лефдс P-1005A/S. акнйхпнбйю;;;;;;
10GI502_MO.MD;;DI;лефдс P-1005A/S. акнйхпнбйю;;;;;;
10GI502_MO.MD;;DO;лефдс P-1005A/S. акнйхпнбйю;;;;;;
10GI503_MO.PV;;DI;бнгке P-1004A. акнйхпнбйю;;;;;;
10GI503_MO.OP;;DI;бнгке P-1004A. акнйхпнбйю;;;;;;
10GI503_MO.OP;;DO;бнгке P-1004A. акнйхпнбйю;;;;;;
10GI503_MO.MD;;DI;бнгке P-1004A. акнйхпнбйю;;;;;;
10GI503_MO.MD;;DO;бнгке P-1004A. акнйхпнбйю;;;;;;
10GI505_MO.PV;;DI;лефдс P-1003A/S. акнйхпнбйю;;;;;;
10GI505_MO.OP;;DI;лефдс P-1003A/S. акнйхпнбйю;;;;;;
10GI505_MO.OP;;DO;лефдс P-1003A/S. акнйхпнбйю;;;;;;
10GI505_MO.MD;;DI;лефдс P-1003A/S. акнйхпнбйю;;;;;;
10GI505_MO.MD;;DO;лефдс P-1003A/S. акнйхпнбйю;;;;;;
10GI513_MO.PV;;DI;бнгке P-1005A. акнйхпнбйю;;;;;;
10GI513_MO.OP;;DI;бнгке P-1005A. акнйхпнбйю;;;;;;
10GI513_MO.OP;;DO;бнгке P-1005A. акнйхпнбйю;;;;;;
10GI513_MO.MD;;DI;бнгке P-1005A. акнйхпнбйю;;;;;;
10GI513_MO.MD;;DO;бнгке P-1005A. акнйхпнбйю;;;;;;
10GI525_MO.PV;;DI;бнгке T-1001. акнйхпнбйю;;;;;;
10GI525_MO.OP;;DI;бнгке T-1001. акнйхпнбйю;;;;;;
10GI525_MO.OP;;DO;бнгке T-1001. акнйхпнбйю;;;;;;
10GI525_MO.MD;;DI;бнгке T-1001. акнйхпнбйю;;;;;;
10GI525_MO.MD;;DO;бнгке T-1001. акнйхпнбйю;;;;;;
10GI526_MO.PV;;DI;лефдс T-1001, V-1041. акнйхпнбйю;;;;;;
10GI526_MO.OP;;DI;лефдс T-1001, V-1041. акнйхпнбйю;;;;;;
10GI526_MO.OP;;DO;лефдс T-1001, V-1041. акнйхпнбйю;;;;;;
10GI526_MO.MD;;DI;лефдс T-1001, V-1041. акнйхпнбйю;;;;;;
10GI526_MO.MD;;DO;лефдс T-1001, V-1041. акнйхпнбйю;;;;;;
10GI536_MO.PV;;DI;цпюмхжю цнп. мюянямни, бакхгх P-1004A/S. акнйхпнбйю;;;;;;
10GI536_MO.OP;;DI;цпюмхжю цнп. мюянямни, бакхгх P-1004A/S. акнйхпнбйю;;;;;;
10GI536_MO.OP;;DO;цпюмхжю цнп. мюянямни, бакхгх P-1004A/S. акнйхпнбйю;;;;;;
10GI536_MO.MD;;DI;цпюмхжю цнп. мюянямни, бакхгх P-1004A/S. акнйхпнбйю;;;;;;
10GI536_MO.MD;;DO;цпюмхжю цнп. мюянямни, бакхгх P-1004A/S. акнйхпнбйю;;;;;;
10GI537_MO.PV;;DI;цпюмхжю цнп.мюяням., бакхгх P-1009A. акнйхпнбйю;;;;;;
10GI537_MO.OP;;DI;цпюмхжю цнп.мюяням., бакхгх P-1009A. акнйхпнбйю;;;;;;
10GI537_MO.OP;;DO;цпюмхжю цнп.мюяням., бакхгх P-1009A. акнйхпнбйю;;;;;;
10GI537_MO.MD;;DI;цпюмхжю цнп.мюяням., бакхгх P-1009A. акнйхпнбйю;;;;;;
10GI537_MO.MD;;DO;цпюмхжю цнп.мюяням., бакхгх P-1009A. акнйхпнбйю;;;;;;
10GI542_MO.PV;;DI;бакхгх P-1004S. акнйхпнбйю;;;;;;
10GI542_MO.OP;;DI;бакхгх P-1004S. акнйхпнбйю;;;;;;
10GI542_MO.OP;;DO;бакхгх P-1004S. акнйхпнбйю;;;;;;
10GI542_MO.MD;;DI;бакхгх P-1004S. акнйхпнбйю;;;;;;
10GI542_MO.MD;;DO;бакхгх P-1004S. акнйхпнбйю;;;;;;
10GI543_MO.PV;;DI;бакхгх P-1003S. акнйхпнбйю;;;;;;
10GI543_MO.OP;;DI;бакхгх P-1003S. акнйхпнбйю;;;;;;
10GI543_MO.OP;;DO;бакхгх P-1003S. акнйхпнбйю;;;;;;
10GI543_MO.MD;;DI;бакхгх P-1003S. акнйхпнбйю;;;;;;
10GI543_MO.MD;;DO;бакхгх P-1003S. акнйхпнбйю;;;;;;
10GI504_MO.PV;;DI;бнгке P-1002A. акнйхпнбйю;;;;;;
10GI504_MO.OP;;DI;бнгке P-1002A. акнйхпнбйю;;;;;;
10GI504_MO.OP;;DO;бнгке P-1002A. акнйхпнбйю;;;;;;
10GI504_MO.MD;;DI;бнгке P-1002A. акнйхпнбйю;;;;;;
10GI504_MO.MD;;DO;бнгке P-1002A. акнйхпнбйю;;;;;;
10GI506_MO.PV;;DI;бнгкеP-1002S. акнйхпнбйю;;;;;;
10GI506_MO.OP;;DI;бнгкеP-1002S. акнйхпнбйю;;;;;;
10GI506_MO.OP;;DO;бнгкеP-1002S. акнйхпнбйю;;;;;;
10GI506_MO.MD;;DI;бнгкеP-1002S. акнйхпнбйю;;;;;;
10GI506_MO.MD;;DO;бнгкеP-1002S. акнйхпнбйю;;;;;;
10GI520_MO.PV;;DI;бнгке V-1042B. акнйхпнбйю;;;;;;
10GI520_MO.OP;;DI;бнгке V-1042B. акнйхпнбйю;;;;;;
10GI520_MO.OP;;DO;бнгке V-1042B. акнйхпнбйю;;;;;;
10GI520_MO.MD;;DI;бнгке V-1042B. акнйхпнбйю;;;;;;
10GI520_MO.MD;;DO;бнгке V-1042B. акнйхпнбйю;;;;;;
10GI521_MO.PV;;DI;бнгке E-1005ю/б. акнйхпнбйю;;;;;;
10GI521_MO.OP;;DI;бнгке E-1005ю/б. акнйхпнбйю;;;;;;
10GI521_MO.OP;;DO;бнгке E-1005ю/б. акнйхпнбйю;;;;;;
10GI521_MO.MD;;DI;бнгке E-1005ю/б. акнйхпнбйю;;;;;;
10GI521_MO.MD;;DO;бнгке E-1005ю/б. акнйхпнбйю;;;;;;
10GI522_MO.PV;;DI;бнгке E-1003A/B. акнйхпнбйю;;;;;;
10GI522_MO.OP;;DI;бнгке E-1003A/B. акнйхпнбйю;;;;;;
10GI522_MO.OP;;DO;бнгке E-1003A/B. акнйхпнбйю;;;;;;
10GI522_MO.MD;;DI;бнгке E-1003A/B. акнйхпнбйю;;;;;;
10GI522_MO.MD;;DO;бнгке E-1003A/B. акнйхпнбйю;;;;;;
10GI523_MO.PV;;DI;лефдс E-1013A/B, E-1014A/B. акнйхпнбйю;;;;;;
10GI523_MO.OP;;DI;лефдс E-1013A/B, E-1014A/B. акнйхпнбйю;;;;;;
10GI523_MO.OP;;DO;лефдс E-1013A/B, E-1014A/B. акнйхпнбйю;;;;;;
10GI523_MO.MD;;DI;лефдс E-1013A/B, E-1014A/B. акнйхпнбйю;;;;;;
10GI523_MO.MD;;DO;лефдс E-1013A/B, E-1014A/B. акнйхпнбйю;;;;;;
10GI524_MO.PV;;DI;бнгке E-1015ю/б. акнйхпнбйю;;;;;;
10GI524_MO.OP;;DI;бнгке E-1015ю/б. акнйхпнбйю;;;;;;
10GI524_MO.OP;;DO;бнгке E-1015ю/б. акнйхпнбйю;;;;;;
10GI524_MO.MD;;DI;бнгке E-1015ю/б. акнйхпнбйю;;;;;;
10GI524_MO.MD;;DO;бнгке E-1015ю/б. акнйхпнбйю;;;;;;
10GI511_MO.PV;;DI;бнгке V-1042A. акнйхпнбйю;;;;;;
10GI511_MO.OP;;DI;бнгке V-1042A. акнйхпнбйю;;;;;;
10GI511_MO.OP;;DO;бнгке V-1042A. акнйхпнбйю;;;;;;
10GI511_MO.MD;;DI;бнгке V-1042A. акнйхпнбйю;;;;;;
10GI511_MO.MD;;DO;бнгке V-1042A. акнйхпнбйю;;;;;;
10GI514_MO.PV;;DI;лефдс E-1044, E-1040. акнйхпнбйю;;;;;;
10GI514_MO.OP;;DI;лефдс E-1044, E-1040. акнйхпнбйю;;;;;;
10GI514_MO.OP;;DO;лефдс E-1044, E-1040. акнйхпнбйю;;;;;;
10GI514_MO.MD;;DI;лефдс E-1044, E-1040. акнйхпнбйю;;;;;;
10GI514_MO.MD;;DO;лефдс E-1044, E-1040. акнйхпнбйю;;;;;;
10GI530_MO.PV;;DI;щярюйюдю, бакхгх 8-C20. акнйхпнбйю;;;;;;
10GI530_MO.OP;;DI;щярюйюдю, бакхгх 8-C20. акнйхпнбйю;;;;;;
10GI530_MO.OP;;DO;щярюйюдю, бакхгх 8-C20. акнйхпнбйю;;;;;;
10GI530_MO.MD;;DI;щярюйюдю, бакхгх 8-C20. акнйхпнбйю;;;;;;
10GI530_MO.MD;;DO;щярюйюдю, бакхгх 8-C20. акнйхпнбйю;;;;;;
10GI538_MO.PV;;DI;нйнкн V-1005. акнйхпнбйю;;;;;;
10GI538_MO.OP;;DI;нйнкн V-1005. акнйхпнбйю;;;;;;
10GI538_MO.OP;;DO;нйнкн V-1005. акнйхпнбйю;;;;;;
10GI538_MO.MD;;DI;нйнкн V-1005. акнйхпнбйю;;;;;;
10GI538_MO.MD;;DO;нйнкн V-1005. акнйхпнбйю;;;;;;
10GI539_MO.PV;;DI;щярюйюдю, бакхгх 8-C23. акнйхпнбйю;;;;;;
10GI539_MO.OP;;DI;щярюйюдю, бакхгх 8-C23. акнйхпнбйю;;;;;;
10GI539_MO.OP;;DO;щярюйюдю, бакхгх 8-C23. акнйхпнбйю;;;;;;
10GI539_MO.MD;;DI;щярюйюдю, бакхгх 8-C23. акнйхпнбйю;;;;;;
10GI539_MO.MD;;DO;щярюйюдю, бакхгх 8-C23. акнйхпнбйю;;;;;;
10GI540_MO.PV;;DI;щярюйюдю, лефдс 8-я25, 8-я26. акнйхпнбйю;;;;;;
10GI540_MO.OP;;DI;щярюйюдю, лефдс 8-я25, 8-я26. акнйхпнбйю;;;;;;
10GI540_MO.OP;;DO;щярюйюдю, лефдс 8-я25, 8-я26. акнйхпнбйю;;;;;;
10GI540_MO.MD;;DI;щярюйюдю, лефдс 8-я25, 8-я26. акнйхпнбйю;;;;;;
10GI540_MO.MD;;DO;щярюйюдю, лефдс 8-я25, 8-я26. акнйхпнбйю;;;;;;
10GI541_MO.PV;;DI;щярюйюдю, бакхгх 8-я28. акнйхпнбйю;;;;;;
10GI541_MO.OP;;DI;щярюйюдю, бакхгх 8-я28. акнйхпнбйю;;;;;;
10GI541_MO.OP;;DO;щярюйюдю, бакхгх 8-я28. акнйхпнбйю;;;;;;
10GI541_MO.MD;;DI;щярюйюдю, бакхгх 8-я28. акнйхпнбйю;;;;;;
10GI541_MO.MD;;DO;щярюйюдю, бакхгх 8-я28. акнйхпнбйю;;;;;;
10GI564_MO.PV;;DI;бакхгх яйхдЮ оевх м-1001ю. акнйхпнбйю;;;;;;
10GI564_MO.OP;;DI;бакхгх яйхдЮ оевх м-1001ю. акнйхпнбйю;;;;;;
10GI564_MO.OP;;DO;бакхгх яйхдЮ оевх м-1001ю. акнйхпнбйю;;;;;;
10GI564_MO.MD;;DI;бакхгх яйхдЮ оевх м-1001ю. акнйхпнбйю;;;;;;
10GI564_MO.MD;;DO;бакхгх яйхдЮ оевх м-1001ю. акнйхпнбйю;;;;;;
10GI565_MO.PV;;DI;бакхгх яйхдЮ оевх м-1001б. акнйхпнбйю;;;;;;
10GI565_MO.OP;;DI;бакхгх яйхдЮ оевх м-1001б. акнйхпнбйю;;;;;;
10GI565_MO.OP;;DO;бакхгх яйхдЮ оевх м-1001б. акнйхпнбйю;;;;;;
10GI565_MO.MD;;DI;бакхгх яйхдЮ оевх м-1001б. акнйхпнбйю;;;;;;
10GI565_MO.MD;;DO;бакхгх яйхдЮ оевх м-1001б. акнйхпнбйю;;;;;;
10HS_F_RESET.PV;;DI;яапня мехяопюб. дюр-йнб б йнмрп. FGS_101_1;;;;;;
10HS_F_RESET.OP;;DI;яапня мехяопюб. дюр-йнб б йнмрп. FGS_101_1;;;;;;
10HS_F_RESET.OP;;DO;яапня мехяопюб. дюр-йнб б йнмрп. FGS_101_1;;;;;;
10XY151_TF.PV;;DI;соп. нря-кел 10-XV-151 яхярелни оюг. мехяоп. кхмхх;;;;;;
10XY151.PV;;DI;соп. нря-кел 10-XV-151 яхярелни оюг;;;;;;
10HS1001_MO.PV;;DI;ярнийю щярюйюдш 8-C22. акнйхпнбйю;;;;;;
10HS1001_MO.OP;;DI;ярнийю щярюйюдш 8-C22. акнйхпнбйю;;;;;;
10HS1001_MO.OP;;DO;ярнийю щярюйюдш 8-C22. акнйхпнбйю;;;;;;
10HS1001_MO.MD;;DI;ярнийю щярюйюдш 8-C22. акнйхпнбйю;;;;;;
10HS1001_MO.MD;;DO;ярнийю щярюйюдш 8-C22. акнйхпнбйю;;;;;;
10HS1002.PV;;DI;с бундю б гдюмхе (б няъу 2/б);;;;;;
10HS1002_MO.PV;;DI;с бундю б гдюмхе (б няъу 2/б). акнйхпнбйю;;;;;;
10HS1002_MO.OP;;DI;с бундю б гдюмхе (б няъу 2/б). акнйхпнбйю;;;;;;
10HS1002_MO.OP;;DO;с бундю б гдюмхе (б няъу 2/б). акнйхпнбйю;;;;;;
10HS1002_MO.MD;;DI;с бундю б гдюмхе (б няъу 2/б). акнйхпнбйю;;;;;;
10HS1002_MO.MD;;DO;с бундю б гдюмхе (б няъу 2/б). акнйхпнбйю;;;;;;
10HS1003.PV;;DI;с кеярпхжш (б няъу 1/ю);;;;;;
10HS1003_MO.PV;;DI;с кеярпхжш (б няъу 1/ю). акнйхпнбйю;;;;;;
10HS1003_MO.OP;;DI;с кеярпхжш (б няъу 1/ю). акнйхпнбйю;;;;;;
10HS1003_MO.OP;;DO;с кеярпхжш (б няъу 1/ю). акнйхпнбйю;;;;;;
10HS1003_MO.MD;;DI;с кеярпхжш (б няъу 1/ю). акнйхпнбйю;;;;;;
10HS1003_MO.MD;;DO;с кеярпхжш (б няъу 1/ю). акнйхпнбйю;;;;;;
10HS1004.PV;;DI;ярнийю щярюйюдш 8-C6;;;;;;
10HS1004_MO.PV;;DI;ярнийю щярюйюдш 8-C6. акнйхпнбйю;;;;;;
10HS1004_MO.OP;;DI;ярнийю щярюйюдш 8-C6. акнйхпнбйю;;;;;;
10HS1004_MO.OP;;DO;ярнийю щярюйюдш 8-C6. акнйхпнбйю;;;;;;
10HS1004_MO.MD;;DI;ярнийю щярюйюдш 8-C6. акнйхпнбйю;;;;;;
10HS1004_MO.MD;;DO;ярнийю щярюйюдш 8-C6. акнйхпнбйю;;;;;;
10HS1005.PV;;DI;ярнийю щярюйюдш 8-C16;;;;;;
10HS1005_MO.PV;;DI;ярнийю щярюйюдш 8-C16. акнйхпнбйю;;;;;;
10HS1005_MO.OP;;DI;ярнийю щярюйюдш 8-C16. акнйхпнбйю;;;;;;
10HS1005_MO.OP;;DO;ярнийю щярюйюдш 8-C16. акнйхпнбйю;;;;;;
10HS1005_MO.MD;;DI;ярнийю щярюйюдш 8-C16. акнйхпнбйю;;;;;;
10HS1005_MO.MD;;DO;ярнийю щярюйюдш 8-C16. акнйхпнбйю;;;;;;
10HS1006.PV;;DI;ярнийю щярюйюдш 8-C9;;;;;;
10HS1006_MO.PV;;DI;ярнийю щярюйюдш 8-C9. акнйхпнбйю;;;;;;
10HS1006_MO.OP;;DI;ярнийю щярюйюдш 8-C9. акнйхпнбйю;;;;;;
10HS1006_MO.OP;;DO;ярнийю щярюйюдш 8-C9. акнйхпнбйю;;;;;;
10HS1006_MO.MD;;DI;ярнийю щярюйюдш 8-C9. акнйхпнбйю;;;;;;
10HS1006_MO.MD;;DO;ярнийю щярюйюдш 8-C9. акнйхпнбйю;;;;;;
10HS1007.PV;;DI;с опюбнцн бундю б гдюмхе;;;;;;
10HS1007_MO.PV;;DI;с опюбнцн бундю б гдюмхе. акнйхпнбйю;;;;;;
10HS1007_MO.OP;;DI;с опюбнцн бундю б гдюмхе. акнйхпнбйю;;;;;;
10HS1007_MO.OP;;DO;с опюбнцн бундю б гдюмхе. акнйхпнбйю;;;;;;
10HS1007_MO.MD;;DI;с опюбнцн бундю б гдюмхе. акнйхпнбйю;;;;;;
10HS1007_MO.MD;;DO;с опюбнцн бундю б гдюмхе. акнйхпнбйю;;;;;;
10HS1008.PV;;DI;с бундю б гдюмхе(б няъу 2/ю);;;;;;
10HS1008_MO.PV;;DI;с бундю б гдюмхе(б няъу 2/ю). акнйхпнбйю;;;;;;
10HS1008_MO.OP;;DI;с бундю б гдюмхе(б няъу 2/ю). акнйхпнбйю;;;;;;
10HS1008_MO.OP;;DO;с бундю б гдюмхе(б няъу 2/ю). акнйхпнбйю;;;;;;
10HS1008_MO.MD;;DI;с бундю б гдюмхе(б няъу 2/ю). акнйхпнбйю;;;;;;
10HS1008_MO.MD;;DO;с бундю б гдюмхе(б няъу 2/ю). акнйхпнбйю;;;;;;
10HS1009.PV;;DI;с бундю б гдюмхе(б няъу 6/ю);;;;;;
10HS1009_MO.PV;;DI;с бундю б гдюмхе(б няъу 6/ю). акнйхпнбйю;;;;;;
10HS1009_MO.OP;;DI;с бундю б гдюмхе(б няъу 6/ю). акнйхпнбйю;;;;;;
10HS1009_MO.OP;;DO;с бундю б гдюмхе(б няъу 6/ю). акнйхпнбйю;;;;;;
10HS1009_MO.MD;;DI;с бундю б гдюмхе(б няъу 6/ю). акнйхпнбйю;;;;;;
10HS1009_MO.MD;;DO;с бундю б гдюмхе(б няъу 6/ю). акнйхпнбйю;;;;;;
10HS1010.PV;;DI;с бундю б гдюмхе(б няъу 3/ю);;;;;;
10HS1010_MO.PV;;DI;с бундю б гдюмхе(б няъу 3/ю). акнйхпнбйю;;;;;;
10HS1010_MO.OP;;DI;с бундю б гдюмхе(б няъу 3/ю). акнйхпнбйю;;;;;;
10HS1010_MO.OP;;DO;с бундю б гдюмхе(б няъу 3/ю). акнйхпнбйю;;;;;;
10HS1010_MO.MD;;DI;с бундю б гдюмхе(б няъу 3/ю). акнйхпнбйю;;;;;;
10HS1010_MO.MD;;DO;с бундю б гдюмхе(б няъу 3/ю). акнйхпнбйю;;;;;;
10HS370.PV;;DI;яапня онфюп яннп. 1000-01;;;;;;
10HS370.OP;;DI;яапня онфюп яннп. 1000-01;;;;;;
10HS370.OP;;DO;яапня онфюп яннп. 1000-01;;;;;;
10HS370_RR.PV;;DI;цнрнбмнярэ й яапняс онфюп яннп. 1000-01;;;;;;
10HS371.PV;;DI;яапня онфюп яннп. 1000-02;;;;;;
10HS371.OP;;DI;яапня онфюп яннп. 1000-02;;;;;;
10HS371.OP;;DO;яапня онфюп яннп. 1000-02;;;;;;
10HS372.PV;;DI;яапня онфюп яннп. 1000-03;;;;;;
10HS372.OP;;DI;яапня онфюп яннп. 1000-03;;;;;;
10HS372.OP;;DO;яапня онфюп яннп. 1000-03;;;;;;
10HS373.PV;;DI;яапня онфюп яннп. 1000-04;;;;;;
10HS373.OP;;DI;яапня онфюп яннп. 1000-04;;;;;;
10HS373.OP;;DO;яапня онфюп яннп. 1000-04;;;;;;
10HS374.PV;;DI;яапня онфюп яннп. 1000-05;;;;;;
10HS374.OP;;DI;яапня онфюп яннп. 1000-05;;;;;;
10HS374.OP;;DO;яапня онфюп яннп. 1000-05;;;;;;
10HS375.PV;;DI;яапня онфюп яннп. 1000-06;;;;;;
10HS375.OP;;DI;яапня онфюп яннп. 1000-06;;;;;;
10HS375.OP;;DO;яапня онфюп яннп. 1000-06;;;;;;
10HS376.PV;;DI;яапня онфюп яннп. 1000-07;;;;;;
10HS376.OP;;DI;яапня онфюп яннп. 1000-07;;;;;;
10HS376.OP;;DO;яапня онфюп яннп. 1000-07;;;;;;
10HS371_RR.PV;;DI;цнрнбмнярэ й яапняс онфюп яннп. 1000-02;;;;;;
10HS372_RR.PV;;DI;цнрнбмнярэ й яапняс онфюп яннп. 1000-03;;;;;;
10HS373_RR.PV;;DI;цнрнбмнярэ й яапняс онфюп яннп. 1000-04;;;;;;
10HS375_RR.PV;;DI;цнрнбмнярэ й яапняс онфюп яннп. 1000-06;;;;;;
10HS376_RR.PV;;DI;цнрнбмнярэ й яапняс онфюп яннп. 1000-07;;;;;;
10HS374_RR.PV;;DI;цнрнбмнярэ й яапняс онфюп яннп. 1000-05;;;;;;
10HY184.PV;;DI;нрйкчвемхе о1, о1ю б мюяня. яннп. 07;;;;;;
10HY184_TF.PV;;DI;нрйкчвемхе о1, о1ю б мюяня. яннп. 07. мехяоп. кхмхх;;;;;;
10XA184.PV;;DI;онфюп б мюя. яннп. 07. мюфюрю леяр. ймнойю нрйкчв. о1,о1ю;;;;;;
10HS184A.PV;;DI;леяр. ймнойю нрйкчв. о1,о1ю б мюя. яннп. 07;;;;;;
10HS184A_MO.PV;;DI;леяр. ймнойю нрйкчв. о1,о1ю б мюя. яннп. 07. акнйхпнбйю;;;;;;
10HS184A_MO.OP;;DI;леяр. ймнойю нрйкчв. о1,о1ю б мюя. яннп. 07. акнйхпнбйю;;;;;;
10HS184A_MO.OP;;DO;леяр. ймнойю нрйкчв. о1,о1ю б мюя. яннп. 07. акнйхпнбйю;;;;;;
10HS184A_MO.MD;;DI;леяр. ймнойю нрйкчв. о1,о1ю б мюя. яннп. 07. акнйхпнбйю;;;;;;
10HS184A_MO.MD;;DO;леяр. ймнойю нрйкчв. о1,о1ю б мюя. яннп. 07. акнйхпнбйю;;;;;;
10XSO036.PV;;DI;нрйпшрхе онфюп. щк. гюдб-йх 10-XV-036;;;;;;
10XSO036_TF.PV;;DI;нрйпшрхе онфюп. щк. гюдб-йх 10-XV-036. мехяоп. кхмхх;;;;;;
10XSO037.PV;;DI;нрйпшрхе онфюп. щк. гюдб-йх 10-XV-037;;;;;;
10HS242.PV;;DI;яапня 1000 - цнпчвхи цюг;;;;;;
10HS242.OP;;DI;яапня 1000 - цнпчвхи цюг;;;;;;
10HS242.OP;;DO;яапня 1000 - цнпчвхи цюг;;;;;;
10HS242_RR.PV;;DI;цнрнбмнярэ й яапняс 1000 -цнпчвхи цюг;;;;;;
10HS243.PV;;DI;яапня 1000 -рнйяхвеяйхи цюг;;;;;;
10HS243.OP;;DI;яапня 1000 -рнйяхвеяйхи цюг;;;;;;
10HS243.OP;;DO;яапня 1000 -рнйяхвеяйхи цюг;;;;;;
10HS243_RR.PV;;DI;цнрнбмнярэ й яапняс 1000 -рнйяхвеяйхи цюг;;;;;;
10HS151D_RR.PV;;DI;цнрнбм. й яапняс акнй-йх 10-F-042 (оюпнбюъ гюбеяю);;;;;;
10HS1001.PV;;DI;ярнийю щярюйюдш 8-C22;;;;;;
10YI001_MO.PV;;DI;с мюяняю п-1008S (б няъу 2/ю). акнйхпнбйю;;;;;;
10YI001_MO.OP;;DI;с мюяняю п-1008S (б няъу 2/ю). акнйхпнбйю;;;;;;
10YI001_MO.OP;;DO;с мюяняю п-1008S (б няъу 2/ю). акнйхпнбйю;;;;;;
10YI001_MO.MD;;DI;с мюяняю п-1008S (б няъу 2/ю). акнйхпнбйю;;;;;;
10YI001_MO.MD;;DO;с мюяняю п-1008S (б няъу 2/ю). акнйхпнбйю;;;;;;
10XSO038.PV;;DI;нрйпшрхе онфюп. щк. гюдб-йх 10-XV-038;;;;;;
10YI002_MO.PV;;DI;с мюяняOB п-1007A/S (б няъу 1/б). акнйхпнбйю;;;;;;
10YI002_MO.OP;;DI;с мюяняOB п-1007A/S (б няъу 1/б). акнйхпнбйю;;;;;;
10YI002_MO.OP;;DO;с мюяняOB п-1007A/S (б няъу 1/б). акнйхпнбйю;;;;;;
10YI002_MO.MD;;DI;с мюяняOB п-1007A/S (б няъу 1/б). акнйхпнбйю;;;;;;
10YI002_MO.MD;;DO;с мюяняOB п-1007A/S (б няъу 1/б). акнйхпнбйю;;;;;;
10YI003_MO.PV;;DI;с мюяняю п-1002S (б няъу 2/ц). акнйхпнбйю;;;;;;
10YI003_MO.OP;;DI;с мюяняю п-1002S (б няъу 2/ц). акнйхпнбйю;;;;;;
10YI003_MO.OP;;DO;с мюяняю п-1002S (б няъу 2/ц). акнйхпнбйю;;;;;;
10YI003_MO.MD;;DI;с мюяняю п-1002S (б няъу 2/ц). акнйхпнбйю;;;;;;
10YI003_MO.MD;;DO;с мюяняю п-1002S (б няъу 2/ц). акнйхпнбйю;;;;;;
10YI004_MO.PV;;DI;с мюяняю п-1002A (б няъу 1/ф). акнйхпнбйю;;;;;;
10YI004_MO.OP;;DI;с мюяняю п-1002A (б няъу 1/ф). акнйхпнбйю;;;;;;
10YI004_MO.OP;;DO;с мюяняю п-1002A (б няъу 1/ф). акнйхпнбйю;;;;;;
10YI004_MO.MD;;DI;с мюяняю п-1002A (б няъу 1/ф). акнйхпнбйю;;;;;;
10YI004_MO.MD;;DO;с мюяняю п-1002A (б няъу 1/ф). акнйхпнбйю;;;;;;
10YI005_MO.PV;;DI;с мюяняю п-1045S (б няъу 3/б). акнйхпнбйю;;;;;;
10YI005_MO.OP;;DI;с мюяняю п-1045S (б няъу 3/б). акнйхпнбйю;;;;;;
10YI005_MO.OP;;DO;с мюяняю п-1045S (б няъу 3/б). акнйхпнбйю;;;;;;
10YI005_MO.MD;;DI;с мюяняю п-1045S (б няъу 3/б). акнйхпнбйю;;;;;;
10YI005_MO.MD;;DO;с мюяняю п-1045S (б няъу 3/б). акнйхпнбйю;;;;;;
10YI006_MO.PV;;DI;с мюяняю п-1006S (б няъу 5/б). акнйхпнбйю;;;;;;
10YI006_MO.OP;;DI;с мюяняю п-1006S (б няъу 5/б). акнйхпнбйю;;;;;;
10YI006_MO.OP;;DO;с мюяняю п-1006S (б няъу 5/б). акнйхпнбйю;;;;;;
10YI006_MO.MD;;DI;с мюяняю п-1006S (б няъу 5/б). акнйхпнбйю;;;;;;
10YI006_MO.MD;;DO;с мюяняю п-1006S (б няъу 5/б). акнйхпнбйю;;;;;;
10YI007_MO.PV;;DI;с мюяняю п-1001S (б няъу 7/б). акнйхпнбйю;;;;;;
10YI007_MO.OP;;DI;с мюяняю п-1001S (б няъу 7/б). акнйхпнбйю;;;;;;
10YI007_MO.OP;;DO;с мюяняю п-1001S (б няъу 7/б). акнйхпнбйю;;;;;;
10YI007_MO.MD;;DI;с мюяняю п-1001S (б няъу 7/б). акнйхпнбйю;;;;;;
10YI007_MO.MD;;DO;с мюяняю п-1001S (б няъу 7/б). акнйхпнбйю;;;;;;
10YI008_MO.PV;;DI;с мюяняю п-1001B (б няъу 6/ю). акнйхпнбйю;;;;;;
10YI008_MO.OP;;DI;с мюяняю п-1001B (б няъу 6/ю). акнйхпнбйю;;;;;;
10YI008_MO.OP;;DO;с мюяняю п-1001B (б няъу 6/ю). акнйхпнбйю;;;;;;
10YI008_MO.MD;;DI;с мюяняю п-1001B (б няъу 6/ю). акнйхпнбйю;;;;;;
10YI008_MO.MD;;DO;с мюяняю п-1001B (б няъу 6/ю). акнйхпнбйю;;;;;;
10YI009_MO.PV;;DI;с мюяняю п-1006A (б няъу 4/ю). акнйхпнбйю;;;;;;
10YI009_MO.OP;;DI;с мюяняю п-1006A (б няъу 4/ю). акнйхпнбйю;;;;;;
10YI009_MO.OP;;DO;с мюяняю п-1006A (б няъу 4/ю). акнйхпнбйю;;;;;;
10YI009_MO.MD;;DI;с мюяняю п-1006A (б няъу 4/ю). акнйхпнбйю;;;;;;
10YI009_MO.MD;;DO;с мюяняю п-1006A (б няъу 4/ю). акнйхпнбйю;;;;;;
10YI010_MO.PV;;DI;с мюяняю п-1045A (б няъу 2/ю). акнйхпнбйю;;;;;;
10YI010_MO.OP;;DI;с мюяняю п-1045A (б няъу 2/ю). акнйхпнбйю;;;;;;
10YI010_MO.OP;;DO;с мюяняю п-1045A (б няъу 2/ю). акнйхпнбйю;;;;;;
10YI010_MO.MD;;DI;с мюяняю п-1045A (б няъу 2/ю). акнйхпнбйю;;;;;;
10YI010_MO.MD;;DO;с мюяняю п-1045A (б няъу 2/ю). акнйхпнбйю;;;;;;
10YI011_MO.PV;;DI;с мюяняю п-1003A (б няъу 7/ю). акнйхпнбйю;;;;;;
10YI011_MO.OP;;DI;с мюяняю п-1003A (б няъу 7/ю). акнйхпнбйю;;;;;;
10YI011_MO.OP;;DO;с мюяняю п-1003A (б няъу 7/ю). акнйхпнбйю;;;;;;
10YI011_MO.MD;;DI;с мюяняю п-1003A (б няъу 7/ю). акнйхпнбйю;;;;;;
10YI011_MO.MD;;DO;с мюяняю п-1003A (б няъу 7/ю). акнйхпнбйю;;;;;;
10YI012_MO.PV;;DI;с мюяняю п-1005S (б няъу 5/ю). акнйхпнбйю;;;;;;
10YI012_MO.OP;;DI;с мюяняю п-1005S (б няъу 5/ю). акнйхпнбйю;;;;;;
10YI012_MO.OP;;DO;с мюяняю п-1005S (б няъу 5/ю). акнйхпнбйю;;;;;;
10YI012_MO.MD;;DI;с мюяняю п-1005S (б няъу 5/ю). акнйхпнбйю;;;;;;
10YI012_MO.MD;;DO;с мюяняю п-1005S (б няъу 5/ю). акнйхпнбйю;;;;;;
10XSO037_TF.PV;;DI;нрйпшрхе онфюп. щк. гюдб-йх 10-XV-037. мехяоп. кхмхх;;;;;;
10XSO038_TF.PV;;DI;нрйпшрхе онфюп. щк. гюдб-йх 10-XV-038. мехяоп. кхмхх;;;;;;
IB101_FGS1_RT1.PV;;DI;ярюпр REPAIR TIMER CP1;;;;;;
IB101_FGS1_RT2.PV;;DI;ярюпр REPAIR TIMER CP2;;;;;;
30XA176A_P.PV;;DI;юб001 юбюпхимне нрйкчвемхе;;;;;;+
30XA178A_P.PV;;DI;юб002 юбюпхимне нрйкчвемхе;;;;;;+
30XA179A_P.PV;;DI;юб003 юбюпхимне нрйкчвемхе;;;;;;+
30XA190A_P.PV;;DI;юб003 юбюпхимне нрйкчвемхе;;;;;;+
IB301_FGS1_RT2.PV;;DI;ярюпр REPAIR TIMER CP2;;;;;;++
30HY178A.PV;;DI;йнлюмдю мю Bйкчвемхе AB002;;;;;;+
30HY179A.PV;;DI;йнлюмдю мю Bйкчвемхе AB003;;;;;;+
30HS1006.PV;;DI;с бундю б гдюмхе(б няъу 8/б);;;;;;+
30HS1006_MO.PV;;DI;с бундю б гдюмхе(б няъу 8/б);;;;;;+
30HS1006_MO.OP;;DI;с бундю б гдюмхе(б няъу 8/б);;;;;;+
30HS1006_MO.OP;;DO;с бундю б гдюмхе(б няъу 8/б);;;;;;+
30HS1006_MO.MD;;DI;с бундю б гдюмхе(б няъу 8/б);;;;;;+
30HS1006_MO.MD;;DO;с бундю б гдюмхе(б няъу 8/б);;;;;;+
30HS1007.PV;;DI;с бундю б гдюмхе(б няъу 1/б);;;;;;+
30HS1007_MO.PV;;DI;с бундю б гдюмхе(б няъу 1/б);;;;;;+
30HS1007_MO.OP;;DI;с бундю б гдюмхе(б няъу 1/б);;;;;;+
30HS1007_MO.OP;;DO;с бундю б гдюмхе(б няъу 1/б);;;;;;+
30HS1007_MO.MD;;DI;с бундю б гдюмхе(б няъу 1/б);;;;;;+
30HS1007_MO.MD;;DO;с бундю б гдюмхе(б няъу 1/б);;;;;;+
30HS358.PV;;DI;яапня 3000-01 - окюлъ;;;;;;+
30HS358.OP;;DI;яапня 3000-01 - окюлъ;;;;;;+
30HS358.OP;;DO;яапня 3000-01 - окюлъ;;;;;;+
30HS358_RR.PV;;DI;цнрнбмнярэ й яапняс 3000-01 - окюлъ;;;;;;+
30HS359.PV;;DI;яапня 3000-02 - окюлъ;;;;;;+
30HS359.OP;;DI;яапня 3000-02 - окюлъ;;;;;;+
30HS359.OP;;DO;яапня 3000-02 - окюлъ;;;;;;+
30HS359_RR.PV;;DI;цнрнбмнярэ й яапняс 3000-02 - окюлъ;;;;;;+
30HS360.PV;;DI;яапня 3000-03 - окюлъ;;;;;;+
30HS360.OP;;DI;яапня 3000-03 - окюлъ;;;;;;+
30HS360.OP;;DO;яапня 3000-03 - окюлъ;;;;;;+
30HS360_RR.PV;;DI;цнрнбмнярэ й яапняс 3000-03 - окюлъ;;;;;;+
30HS361.PV;;DI;яапня 3000-04 - окюлъ;;;;;;+
30HS361.OP;;DI;яапня 3000-04 - окюлъ;;;;;;+
30HS361.OP;;DO;яапня 3000-04 - окюлъ;;;;;;+
30HS361_RR.PV;;DI;цнрнбмнярэ й яапняс 3000-04 - окюлъ;;;;;;+
30HS176E2.PV;;DI;яапня юб3001 юбюпхимне нрйкчвемхе;;;;;;+
30HS176E2.OP;;DI;яапня юб3001 юбюпхимне нрйкчвемхе;;;;;;+
30HS176E2.OP;;DO;яапня юб3001 юбюпхимне нрйкчвемхе;;;;;;+
30HS178E.PV;;DI;яапня юб002 юбюпхимне нрйкчвемхе;;;;;;+
30HS178E.OP;;DI;яапня юб002 юбюпхимне нрйкчвемхе;;;;;;+
30HS178E.OP;;DO;яапня юб002 юбюпхимне нрйкчвемхе;;;;;;+
30HS179E.PV;;DI;яапня юб3003 юбюпхимне нрйкчвемхе;;;;;;+
30HS179E.OP;;DI;яапня юб3003 юбюпхимне нрйкчвемхе;;;;;;+
30HS179E.OP;;DO;яапня юб3003 юбюпхимне нрйкчвемхе;;;;;;+
30HS190E.PV;;DI;яапня юб3004 юбюпхимне нрйкчвемхе;;;;;;+
30HS190E.OP;;DI;яапня юб3004 юбюпхимне нрйкчвемхе;;;;;;+
30HS190E.OP;;DO;яапня юб3004 юбюпхимне нрйкчвемхе;;;;;;+
30HS_F_RESET.PV;;DI;яапня мейпхрхвеяйху ньханй FGS_301_1;;;;;;+
30HS_F_RESET.OP;;DI;яапня мейпхрхвеяйху ньханй FGS_301_1;;;;;;+
30HS_F_RESET.OP;;DO;яапня мейпхрхвеяйху ньханй FGS_301_1;;;;;;+
30XY104_TF.PV;;DI;30XV104 яхцмюкхгюжхъ н мехяоп. кхмхх;;;;;;+
30XY104.PV;;DI;йнлюмдю мю нрйпшрхе 30XV104;;;;;;+
30XSO059.PV;;DI;йнлюмдю мю нрйпшрхе 30XV059;;;;;;+
30XSO059_TF.PV;;DI;яхцмюкхгюжхъ н мехяоп. кхмхх йнлюмдю мю нрйпшрхе 30XV059;;;;;;+
30YI001.PV;;DI;дерейрнп окюлемх P-3006A;;;;;;+
30YI002.PV;;DI;дерейрнп окюлемх P-3007S;;;;;;+
30YI003.PV;;DI;дерейрнп окюлемх с щк. дбхц. C-3001A;;;;;;+
30HS362.PV;;DI;яапня 3000-05 - окюлъ;;;;;;+
30HS362.OP;;DI;яапня 3000-05 - окюлъ;;;;;;+
30HS362.OP;;DO;яапня 3000-05 - окюлъ;;;;;;+
30HS362_RR.PV;;DI;цнрнбмнярэ й яапняс 3000-05 - окюлъ;;;;;;+
30HS363.PV;;DI;яапня 3000-06 - окюлъ;;;;;;+
30HS363.OP;;DI;яапня 3000-06 - окюлъ;;;;;;+
30HS363.OP;;DO;яапня 3000-06 - окюлъ;;;;;;+
30HS363_RR.PV;;DI;цнрнбмнярэ й яапняс 3000-06 - окюлъ;;;;;;+
30HS176A.PV;;DI;бйкчвемхе AB3001;;;;;;+
30YI004.PV;;DI;дерейрнп окюлемх с щк. дбхц. C-3001S;;;;;;+
30YI005.PV;;DI;дерейрнп окюлемх с жхкхмдпю C-3001A;;;;;;+
30YI006.PV;;DI;дерейрнп окюлемх с жхкхмдпю C-3001S;;;;;;+
30YI007.PV;;DI;дерейрнп окюлемх P-3012S;;;;;;+
30YI008.PV;;DI;дерейрнп окюлемх P-3013A;;;;;;+
30YI009.PV;;DI;дерейрнп окюлемх P-3027;;;;;;+
30YI010.PV;;DI;дерейрнп окюлемх K-3001;;;;;;+
30YI011.PV;;DI;дерейрнп окюлемх P-3003A;;;;;;+
30YI012.PV;;DI;дерейрнп окюлемх P-3003S / P-3004S;;;;;;+
30YI013.PV;;DI;дерейрнп окюлемх P-3005A/S;;;;;;+
30YI014.PV;;DI;дерейрнп окюлемх P-300S / P-3004A;;;;;;+
30YI015.PV;;DI;дерейрнп окюлемх P-3001A;;;;;;+
30GI511.PV;;DI;дерейрнп рнйяхвмнцн цюгю й-3001;;;;;;+
30GI514.PV;;DI;дерейрнп рнйявхвм цюгю V-3008/р-3004;;;;;;+
30GI523.PV;;DI;дерейрнп рнйяхвмнцн цюгю P-3022ю;;;;;;+
30GI505.PV;;DI;дер рнйя цюгю я-3001S кеб ярнп я 2000;;;;;;+
30GI504.PV;;DI;дер рнйя цюгюя-3001ю кеб ярнп я 2000;;;;;;+
30GI503.PV;;DI;дерейрнп рнйявхвм цюгю лефдс P-3007A/S;;;;;;+
30GI515.PV;;DI;дерейрнп цнпчв цюгю V-3023;;;;;;+
30GI512.PV;;DI;дерейрнп цнпчв цюгю P-3013A/S;;;;;;+
30GI513.PV;;DI;дерейрнп цнпчв цюгю P-3012A/S;;;;;;+
30GI520.PV;;DI;дерейрнп цнпчв цюгю лефдс п-3024ю/S;;;;;;+
30GI527.PV;;DI;дерейрнп цнпчв цюгю лефдс п-3017ю/S;;;;;;+
30GI549.PV;;DI;дерейрнп цнпчв цюгю р-3003/е-3005;;;;;;+
30GI506.PV;;DI;дерейрнп цнпчв цюгю V-3024;;;;;;+
30GI521.PV;;DI;дерейрнп цнпчв цюгю V-3001/V-3017;;;;;;+
30GI522.PV;;DI;дерейрнп цнпчв цюгю S-3001A/S / R-3001;;;;;;+
30GI528.PV;;DI;дерейрнп цнпчв цюгю онф опнегд я. 1000;;;;;;+
30GI545.PV;;DI;дерейрнп цнпчв цюгю V-3001/р-3001/р-3002;;;;;;+
30GI548.PV;;DI;дерейрнп цнпчв цюгю цнпекнвмши акнй;;;;;;+
30GI507.PV;;DI;дерейрнп цнпчв цюгю P-3003S;;;;;;+
30GI509.PV;;DI;дерейрнп цнпчв цюгю лефдс P-3004A/S;;;;;;+
30GI510.PV;;DI;дерейрнп цнпчв цюгю лефдс P-3005A/S;;;;;;+
30GI546.PV;;DI;дерейрнп цнпчв цюгю п-3003ю;;;;;;+
30GI508.PV;;DI;дерейрнп цнпчв цюгю P-3001S;;;;;;+
30GI547.PV;;DI;дерейрнп цнпчв цюгю п-3001ю;;;;;;+
30XSO300.PV;;DI;йнлюмдю мю нрйпшрхе 30XV300;;;;;;+
30XSO300_TF.PV;;DI;яхцмюкхгюжхъ н мехяоп. кхмхх йнлюмдю мю нрйпшрхе 30XV300;;;;;;+
30HY124.PV;;DI;йнлюмдю мю нрйкчвемхе б2-б5, о2, о3;;;;;;+
30HY124_TF.PV;;DI;яхцмюкхгюжхъ н мехяоп. кхмхх йнлюмдю мю нрйкчвемхе б2-б5, о2, о3;;;;;;+
30HY125.PV;;DI;йнлюмдю мю нрйкчвемхе б1, о1, о1A;;;;;;+
30HY125_TF.PV;;DI;яхцмюкхгюжхъ н мехяоп. кхмхх йнлюмдю мю нрйкчвемхе б1, о1, о1A;;;;;;+
30HY176.PV;;DI;йнлюмдю мю нрйкчвемхе AB001;;;;;;+
30HY176A.PV;;DI;йнлюмдю мю Bйкчвемхе AB001;;;;;;+
30HY176_TF.PV;;DI;яхцмюкхгюжхъ н мехяоп. кхмхх йнлюмдю мю нрйкчвемхе AB001;;;;;;+
30HY176A_TF.PV;;DI;яхцмюкхгюжхъ н мехяоп. кхмхх йнлюмдю мю Bйкчвемхе AB001;;;;;;+
30HY178.PV;;DI;йнлюмдю мю нрйкчвемхе AB002;;;;;;+
30HY179.PV;;DI;йнлюмдю мю нрйкчвемхе AB003;;;;;;+
30HY190.PV;;DI;йнлюмдю мю нрйкчвемхе AB004;;;;;;+
30HY178_TF.PV;;DI;яхцмюкхгюжхъ н мехяоп. кхмхх йнлюмдю мю нрйкчвемхе AB002;;;;;;+
30HY179_TF.PV;;DI;яхцмюкхгюжхъ н мехяоп. кхмхх йнлюмдю мю нрйкчвемхе AB003;;;;;;+
30HY190_TF.PV;;DI;яхцмюкхгюжхъ н мехяоп. кхмхх йнлюмдю мю нрйкчвемхе AB004;;;;;;+
30HS177A1_MO.PV;;DI;цпсоо. бйк. AB3002...AB3004;;;;;;+
30HS177A1_MO.OP;;DI;цпсоо. бйк. AB3002...AB3004;;;;;;+
30HS177A1_MO.OP;;DO;цпсоо. бйк. AB3002...AB3004;;;;;;+
30HS177A1_MO.MD;;DI;цпсоо. бйк. AB3002...AB3004;;;;;;+
30HS177A1_MO.MD;;DO;цпсоо. бйк. AB3002...AB3004;;;;;;+
30HS177A2_MO.PV;;DI;цпсоо. бйк. AB3002...AB3004;;;;;;+
30HS177A2_MO.OP;;DI;цпсоо. бйк. AB3002...AB3004;;;;;;+
30HS177A2_MO.OP;;DO;цпсоо. бйк. AB3002...AB3004;;;;;;+
30HS177A2_MO.MD;;DI;цпсоо. бйк. AB3002...AB3004;;;;;;+
30HS177A2_MO.MD;;DO;цпсоо. бйк. AB3002...AB3004;;;;;;+
30HS176A_MO.PV;;DI;бйкчвемхе AB3001;;;;;;+
30HS176A_MO.OP;;DI;бйкчвемхе AB3001;;;;;;+
30HS176A_MO.OP;;DO;бйкчвемхе AB3001;;;;;;+
30HS176A_MO.MD;;DI;бйкчвемхе AB3001;;;;;;+
30HS176A_MO.MD;;DO;бйкчвемхе AB3001;;;;;;+
30HS176B.PV;;DI;нрйкчвемхе AB3001;;;;;;+
30HS125F.PV;;DI;нрйкчвемхе AB3001;;;;;;+
30HS176B_MO.PV;;DI;нрйкчвемхе AB3001;;;;;;+
30HS176B_MO.OP;;DI;нрйкчвемхе AB3001;;;;;;+
30HS176B_MO.OP;;DO;нрйкчвемхе AB3001;;;;;;+
30HS176B_MO.MD;;DI;нрйкчвемхе AB3001;;;;;;+
30HS176B_MO.MD;;DO;нрйкчвемхе AB3001;;;;;;+
30HS125F_MO.PV;;DI;нрйкчвемхе AB3001;;;;;;+
30HS125F_MO.OP;;DI;нрйкчвемхе AB3001;;;;;;+
30HS125F_MO.OP;;DO;нрйкчвемхе AB3001;;;;;;+
30HS125F_MO.MD;;DI;нрйкчвемхе AB3001;;;;;;+
30HS125F_MO.MD;;DO;нрйкчвемхе AB3001;;;;;;+
30HS177B.PV;;DI;цпсоо. нрйк. AB3002...AB3004;;;;;;+
30HS124B1.PV;;DI;цпсоо. нрйк. AB3002...AB3004 х нрйп. 30XV300;;;;;;+
30HS124B2.PV;;DI;цпсоо. нрйк. AB3002...AB3004 х нрйп. 30XV300;;;;;;+
30HS177B_MO.PV;;DI;цпсоо. нрйк. AB3002...AB3004;;;;;;+
30HS177B_MO.OP;;DI;цпсоо. нрйк. AB3002...AB3004;;;;;;+
30HS177B_MO.OP;;DO;цпсоо. нрйк. AB3002...AB3004;;;;;;+
30HS177B_MO.MD;;DI;цпсоо. нрйк. AB3002...AB3004;;;;;;+
30HS177B_MO.MD;;DO;цпсоо. нрйк. AB3002...AB3004;;;;;;+
30HS124B1_MO.PV;;DI;цпсоо. нрйк. AB3002...AB3004 х нрйп. 30XV300;;;;;;+
30HS124B1_MO.OP;;DI;цпсоо. нрйк. AB3002...AB3004 х нрйп. 30XV300;;;;;;+
30HS124B1_MO.OP;;DO;цпсоо. нрйк. AB3002...AB3004 х нрйп. 30XV300;;;;;;+
30HS124B1_MO.MD;;DI;цпсоо. нрйк. AB3002...AB3004 х нрйп. 30XV300;;;;;;+
30HS124B1_MO.MD;;DO;цпсоо. нрйк. AB3002...AB3004 х нрйп. 30XV300;;;;;;+
30HS124B2_MO.PV;;DI;цпсоо. нрйк. AB3002...AB3004 х нрйп. 30XV300;;;;;;+
30HS124B2_MO.OP;;DI;цпсоо. нрйк. AB3002...AB3004 х нрйп. 30XV300;;;;;;+
30HS124B2_MO.OP;;DO;цпсоо. нрйк. AB3002...AB3004 х нрйп. 30XV300;;;;;;+
30HS124B2_MO.MD;;DI;цпсоо. нрйк. AB3002...AB3004 х нрйп. 30XV300;;;;;;+
30HS124B2_MO.MD;;DO;цпсоо. нрйк. AB3002...AB3004 х нрйп. 30XV300;;;;;;+
30HS300B.PV;;DI;гюдбхфйю 30XV300;;;;;;+
30HS300B_MO.PV;;DI;гюдбхфйю 30XV300;;;;;;+
30HS300B_MO.OP;;DI;гюдбхфйю 30XV300;;;;;;+
30HS300B_MO.OP;;DO;гюдбхфйю 30XV300;;;;;;+
30HS300B_MO.MD;;DI;гюдбхфйю 30XV300;;;;;;+
30HS300B_MO.MD;;DO;гюдбхфйю 30XV300;;;;;;+
30HS176F.PV;;DI;бшанп пефхлю сопюбкемхъ юб3001;;;;;;+
30HS176F.OP;;DI;бшанп пефхлю сопюбкемхъ юб3001;;;;;;+
30HS176F.OP;;DO;бшанп пефхлю сопюбкемхъ юб3001;;;;;;+
30HS178F.PV;;DI;бшанп пефхлю сопюбкемхъ юб3002;;;;;;+
30HS178F.OP;;DI;бшанп пефхлю сопюбкемхъ юб3002;;;;;;+
30HS178F.OP;;DO;бшанп пефхлю сопюбкемхъ юб3002;;;;;;+
30HS179F.PV;;DI;бшанп пефхлю сопюбкемхъ юб3003;;;;;;+
30HS179F.OP;;DI;бшанп пефхлю сопюбкемхъ юб3003;;;;;;+
30HS179F.OP;;DO;бшанп пефхлю сопюбкемхъ юб3003;;;;;;+
30HS190F.PV;;DI;бшанп пефхлю сопюбкемхъ юб3004;;;;;;+
30HS190F.OP;;DI;бшанп пефхлю сопюбкемхъ юб3004;;;;;;+
30HS190F.OP;;DO;бшанп пефхлю сопюбкемхъ юб3004;;;;;;+
IB301_FGS1_RT1.PV;;DI;ярюпр REPAIR TIMER CP1;;;;;;++
30HY190A.PV;;DI;йнлюмдю мю Bйкчвемхе AB004;;;;;;+
30HY178A_TF.PV;;DI;яхцмюкхгюжхъ н мехяоп. кхмхх йнлюмдю мю Bйкчвемхе AB002;;;;;;+
30HY179A_TF.PV;;DI;яхцмюкхгюжхъ н мехяоп. кхмхх йнлюмдю мю Bйкчвемхе AB003;;;;;;+
30HY190A_TF.PV;;DI;яхцмюкхгюжхъ н мехяоп. кхмхх йнлюмдю мю Bйкчвемхе AB004;;;;;;+
30XV104.PV;;DI;XV104/б о м д онф мю оюпнбсч гюбеяс;;;;;;+
30XV104.OP;;DI;XV104/б о м д онф мю оюпнбсч гюбеяс;;;;;;+
30XV104_AL.PV;;DI;XV104/б о м д онф мю оюпнбсч гюбеяс;;;;;;+
30GI500.PV;;DI;дер цнпчв цюгю я-3001ю опюб ярнп ян ярнп щяр;;;;;;+
30GI501.PV;;DI;дер цнпчв цюгю я-3001S опюб ярнп ян ярнп щяр;;;;;;+
30GI517.PV;;DI;дерейрнп цнпчв цюгю лефдс E-3001я х е-3001б;;;;;;+
30GI518.PV;;DI;дерейрнп цнпчв цюгю V-3027;;;;;;+
30GI524.PV;;DI;дерейрнп цнпчв цюгю щярюйюдю оевх;;;;;;+
30GI525.PV;;DI;дерейрнп цнпчв цюгю V-3002;;;;;;+
30GI526.PV;;DI;дерейрнп цнпчв цюгю V-3022/V-3015/V-3014;;;;;;+
30GI502.PV;;DI;дерейрнп цнпчв цюгю лефдс P-3006A/S;;;;;;+
30GI516.PV;;DI;дерейрнп цнпчв цюгю V-3028;;;;;;+
30GI519.PV;;DI;дерейрнп цнпчв цюгю V-3030/ S-3002;;;;;;+
30YI001_MO.PV;;DI;дерейрнп окюлемх P-3006A;;;;;;+
30YI001_MO.OP;;DI;дерейрнп окюлемх P-3006A;;;;;;+
30YI001_MO.OP;;DO;дерейрнп окюлемх P-3006A;;;;;;+
30YI001_MO.MD;;DI;дерейрнп окюлемх P-3006A;;;;;;+
30YI001_MO.MD;;DO;дерейрнп окюлемх P-3006A;;;;;;+
30YI002_MO.PV;;DI;дерейрнп окюлемх P-3007S;;;;;;+
30YI002_MO.OP;;DI;дерейрнп окюлемх P-3007S;;;;;;+
30YI002_MO.OP;;DO;дерейрнп окюлемх P-3007S;;;;;;+
30YI002_MO.MD;;DI;дерейрнп окюлемх P-3007S;;;;;;+
30YI002_MO.MD;;DO;дерейрнп окюлемх P-3007S;;;;;;+
30HS177A1.PV;;DI;цпсоо. бйк. AB3002...AB3004;;;;;;+
30HS177A2.PV;;DI;цпсоо. бйк. AB3002...AB3004;;;;;;+
30YI003_MO.PV;;DI;дерейрнп окюлемх с щк. дбхц. C-3001A;;;;;;+
30YI003_MO.OP;;DI;дерейрнп окюлемх с щк. дбхц. C-3001A;;;;;;+
30YI003_MO.OP;;DO;дерейрнп окюлемх с щк. дбхц. C-3001A;;;;;;+
30YI003_MO.MD;;DI;дерейрнп окюлемх с щк. дбхц. C-3001A;;;;;;+
30YI003_MO.MD;;DO;дерейрнп окюлемх с щк. дбхц. C-3001A;;;;;;+
30YI004_MO.PV;;DI;дерейрнп окюлемх с щк. дбхц. C-3001S;;;;;;+
30YI004_MO.OP;;DI;дерейрнп окюлемх с щк. дбхц. C-3001S;;;;;;+
30YI004_MO.OP;;DO;дерейрнп окюлемх с щк. дбхц. C-3001S;;;;;;+
30YI004_MO.MD;;DI;дерейрнп окюлемх с щк. дбхц. C-3001S;;;;;;+
30YI004_MO.MD;;DO;дерейрнп окюлемх с щк. дбхц. C-3001S;;;;;;+
30YI005_MO.PV;;DI;дерейрнп окюлемх с жхкхмдпю C-3001A;;;;;;+
30YI005_MO.OP;;DI;дерейрнп окюлемх с жхкхмдпю C-3001A;;;;;;+
30YI005_MO.OP;;DO;дерейрнп окюлемх с жхкхмдпю C-3001A;;;;;;+
30YI005_MO.MD;;DI;дерейрнп окюлемх с жхкхмдпю C-3001A;;;;;;+
30YI005_MO.MD;;DO;дерейрнп окюлемх с жхкхмдпю C-3001A;;;;;;+
30YI006_MO.PV;;DI;дерейрнп окюлемх с жхкхмдпю C-3001S;;;;;;+
30YI006_MO.OP;;DI;дерейрнп окюлемх с жхкхмдпю C-3001S;;;;;;+
30YI006_MO.OP;;DO;дерейрнп окюлемх с жхкхмдпю C-3001S;;;;;;+
30YI006_MO.MD;;DI;дерейрнп окюлемх с жхкхмдпю C-3001S;;;;;;+
30YI006_MO.MD;;DO;дерейрнп окюлемх с жхкхмдпю C-3001S;;;;;;+
30YI007_MO.PV;;DI;дерейрнп окюлемх P-3012S;;;;;;+
30YI007_MO.OP;;DI;дерейрнп окюлемх P-3012S;;;;;;+
30YI007_MO.OP;;DO;дерейрнп окюлемх P-3012S;;;;;;+
30YI007_MO.MD;;DI;дерейрнп окюлемх P-3012S;;;;;;+
30YI007_MO.MD;;DO;дерейрнп окюлемх P-3012S;;;;;;+
30YI008_MO.PV;;DI;дерейрнп окюлемх P-3013A;;;;;;+
30YI008_MO.OP;;DI;дерейрнп окюлемх P-3013A;;;;;;+
30YI008_MO.OP;;DO;дерейрнп окюлемх P-3013A;;;;;;+
30YI008_MO.MD;;DI;дерейрнп окюлемх P-3013A;;;;;;+
30YI008_MO.MD;;DO;дерейрнп окюлемх P-3013A;;;;;;+
30YI009_MO.PV;;DI;дерейрнп окюлемх P-3027;;;;;;+
30YI009_MO.OP;;DI;дерейрнп окюлемх P-3027;;;;;;+
30YI009_MO.OP;;DO;дерейрнп окюлемх P-3027;;;;;;+
30YI009_MO.MD;;DI;дерейрнп окюлемх P-3027;;;;;;+
30YI009_MO.MD;;DO;дерейрнп окюлемх P-3027;;;;;;+
30YI010_MO.PV;;DI;дерейрнп окюлемх K-3001;;;;;;+
30YI010_MO.OP;;DI;дерейрнп окюлемх K-3001;;;;;;+
30YI010_MO.OP;;DO;дерейрнп окюлемх K-3001;;;;;;+
30YI010_MO.MD;;DI;дерейрнп окюлемх K-3001;;;;;;+
30YI010_MO.MD;;DO;дерейрнп окюлемх K-3001;;;;;;+
30YI011_MO.PV;;DI;дерейрнп окюлемх P-3003A;;;;;;+
30YI011_MO.OP;;DI;дерейрнп окюлемх P-3003A;;;;;;+
30YI011_MO.OP;;DO;дерейрнп окюлемх P-3003A;;;;;;+
30YI011_MO.MD;;DI;дерейрнп окюлемх P-3003A;;;;;;+
30YI011_MO.MD;;DO;дерейрнп окюлемх P-3003A;;;;;;+
30YI012_MO.PV;;DI;дерейрнп окюлемх P-3003S / P-3004S;;;;;;+
30YI012_MO.OP;;DI;дерейрнп окюлемх P-3003S / P-3004S;;;;;;+
30YI012_MO.OP;;DO;дерейрнп окюлемх P-3003S / P-3004S;;;;;;+
30YI012_MO.MD;;DI;дерейрнп окюлемх P-3003S / P-3004S;;;;;;+
30YI012_MO.MD;;DO;дерейрнп окюлемх P-3003S / P-3004S;;;;;;+
30YI013_MO.PV;;DI;дерейрнп окюлемх P-3005A/S;;;;;;+
30YI013_MO.OP;;DI;дерейрнп окюлемх P-3005A/S;;;;;;+
30YI013_MO.OP;;DO;дерейрнп окюлемх P-3005A/S;;;;;;+
30YI013_MO.MD;;DI;дерейрнп окюлемх P-3005A/S;;;;;;+
30YI013_MO.MD;;DO;дерейрнп окюлемх P-3005A/S;;;;;;+
30YI014_MO.PV;;DI;дерейрнп окюлемх P-300S / P-3004A;;;;;;+
30YI014_MO.OP;;DI;дерейрнп окюлемх P-300S / P-3004A;;;;;;+
30YI014_MO.OP;;DO;дерейрнп окюлемх P-300S / P-3004A;;;;;;+
30YI014_MO.MD;;DI;дерейрнп окюлемх P-300S / P-3004A;;;;;;+
30YI014_MO.MD;;DO;дерейрнп окюлемх P-300S / P-3004A;;;;;;+
30YI015_MO.PV;;DI;дерейрнп окюлемх P-3001A;;;;;;+
30YI015_MO.OP;;DI;дерейрнп окюлемх P-3001A;;;;;;+
30YI015_MO.OP;;DO;дерейрнп окюлемх P-3001A;;;;;;+
30YI015_MO.MD;;DI;дерейрнп окюлемх P-3001A;;;;;;+
30YI015_MO.MD;;DO;дерейрнп окюлемх P-3001A;;;;;;+
30HS059A_MO.PV;;DI;щк гюдб онф бндю бд 30XV059/Oрйпшрэ;;;;;;+
30HS059A_MO.OP;;DI;щк гюдб онф бндю бд 30XV059/Oрйпшрэ;;;;;;+
30HS059A_MO.OP;;DO;щк гюдб онф бндю бд 30XV059/Oрйпшрэ;;;;;;+
30HS059A_MO.MD;;DI;щк гюдб онф бндю бд 30XV059/Oрйпшрэ;;;;;;+
30HS059A_MO.MD;;DO;щк гюдб онф бндю бд 30XV059/Oрйпшрэ;;;;;;+
30HS059C_MO.PV;;DI;щк гюдб онф бндю бд 30XV059/Oрйпшрэ;;;;;;+
30HS059C_MO.OP;;DI;щк гюдб онф бндю бд 30XV059/Oрйпшрэ;;;;;;+
30HS059C_MO.OP;;DO;щк гюдб онф бндю бд 30XV059/Oрйпшрэ;;;;;;+
30HS059C_MO.MD;;DI;щк гюдб онф бндю бд 30XV059/Oрйпшрэ;;;;;;+
30HS059C_MO.MD;;DO;щк гюдб онф бндю бд 30XV059/Oрйпшрэ;;;;;;+
30HS104A_MO.PV;;DI;нря 30XV104/б о мд онфюпмши мю гюбеяс/нрйпшрэ;;;;;;+
30HS104A_MO.OP;;DI;нря 30XV104/б о мд онфюпмши мю гюбеяс/нрйпшрэ;;;;;;+
30HS104A_MO.OP;;DO;нря 30XV104/б о мд онфюпмши мю гюбеяс/нрйпшрэ;;;;;;+
30HS104A_MO.MD;;DI;нря 30XV104/б о мд онфюпмши мю гюбеяс/нрйпшрэ;;;;;;+
30HS104A_MO.MD;;DO;нря 30XV104/б о мд онфюпмши мю гюбеяс/нрйпшрэ;;;;;;+
30HS104B_MO.PV;;DI;нря 30XV104/б о мд онфюпмши мю гюбеяс/нрйпшрэ;;;;;;+
30HS104B_MO.OP;;DI;нря 30XV104/б о мд онфюпмши мю гюбеяс/нрйпшрэ;;;;;;+
30HS104B_MO.OP;;DO;нря 30XV104/б о мд онфюпмши мю гюбеяс/нрйпшрэ;;;;;;+
30HS104B_MO.MD;;DI;нря 30XV104/б о мд онфюпмши мю гюбеяс/нрйпшрэ;;;;;;+
30HS104B_MO.MD;;DO;нря 30XV104/б о мд онфюпмши мю гюбеяс/нрйпшрэ;;;;;;+
30HS176C_MO.PV;;DI;бйкчвемхе AB3001;;;;;;+
30HS176C_MO.OP;;DI;бйкчвемхе AB3001;;;;;;+
30HS176C_MO.OP;;DO;бйкчвемхе AB3001;;;;;;+
30HS176C_MO.MD;;DI;бйкчвемхе AB3001;;;;;;+
30HS176C_MO.MD;;DO;бйкчвемхе AB3001;;;;;;+
30HS177C_MO.PV;;DI;цпсоо. бйк. AB3002...AB3004;;;;;;+
30HS177C_MO.OP;;DI;цпсоо. бйк. AB3002...AB3004;;;;;;+
30HS177C_MO.OP;;DO;цпсоо. бйк. AB3002...AB3004;;;;;;+
30HS177C_MO.MD;;DI;цпсоо. бйк. AB3002...AB3004;;;;;;+
30HS177C_MO.MD;;DO;цпсоо. бйк. AB3002...AB3004;;;;;;+
FGS_301_1_F1.PV;;DI;IB-30-1 яхярелю FGS-01 янярнъмхе йнмрпнккепю;;;;;;++
FGS_301_1_F2.PV;;DI;IB-30-1 яхярелю FGS-01 янярнъмхе бмеьмеи ябъгх;;;;;;++
FGS_301_1_F3.PV;;DI;IB-30-1 яхярелю FGS-01 янярнъмхе лндскеи ббндю/бшбндю;;;;;;++
FGS_301_1_F4.PV;;DI;IB-30-1 яхярелю FGS-01 наыее янярнъмхе яхяр. ьйютю;;;;;;++
FGS_301_1_F5.PV;;DI;IB-30-1 яхярелю FGS-01 наыее янярнъмхе йпняя. ьйютнб;;;;;;++
30HS230_RR.PV;;DI;цнрнбмнярэ й яапняс 3000 -цнпчвхи цюг;;;;;;+
30HS176C.PV;;DI;бйкчвемхе AB3001;;;;;;+
30HS177C.PV;;DI;цпсоо. бйк. AB3002...AB3004;;;;;;+
30HX176.PV;;DI;бемрхкърнп AB3001;;;;;;+
30HX176.OP;;DI;бемрхкърнп AB3001;;;;;;+
30HX176.OP;;DO;бемрхкърнп AB3001;;;;;;+
30HX176.MD;;DI;бемрхкърнп AB3001;;;;;;+
30HX176_AL.PV;;DI;бемрхкърнп AB3001;;;;;;+
30XA176C.PV;;DI;Aб3001 цнрнб й осяйс (HEALTHY);;;;;;+
30HX178.PV;;DI;бемрхкърнп AB3002;;;;;;+
30HX178.OP;;DI;бемрхкърнп AB3002;;;;;;+
30HX178.OP;;DO;бемрхкърнп AB3002;;;;;;+
30HX178.MD;;DI;бемрхкърнп AB3002;;;;;;+
30HX178_AL.PV;;DI;бемрхкърнп AB3002;;;;;;+
30XA178C.PV;;DI;Aб3002 цнрнб й осяйс (HEALTHY);;;;;;+
30HX179.PV;;DI;бемрхкърнп AB3003;;;;;;+
30HX179.OP;;DI;бемрхкърнп AB3003;;;;;;+
30HX179.OP;;DO;бемрхкърнп AB3003;;;;;;+
30HX179.MD;;DI;бемрхкърнп AB3003;;;;;;+
30HX179_AL.PV;;DI;бемрхкърнп AB3003;;;;;;+
30XA179C.PV;;DI;Aб3003 цнрнб й осяйс (HEALTHY);;;;;;+
30HX190.PV;;DI;бемрхкърнп AB3004;;;;;;+
30HX190.OP;;DI;бемрхкърнп AB3004;;;;;;+
30HX190.OP;;DO;бемрхкърнп AB3004;;;;;;+
30HX190.MD;;DI;бемрхкърнп AB3004;;;;;;+
30HX190_AL.PV;;DI;бемрхкърнп AB3004;;;;;;+
30XA190C.PV;;DI;Aб3004 цнрнб й осяйс (HEALTHY);;;;;;+
00XA301GMC01.PV;;DI;IB-30-1 ьйют F-MC-01 наыхи юбюпхимши яхцмюк;;;;;;++
00XA301GMC02.PV;;DI;IB-30-1 ьйют F-MC-02 наыхи юбюпхимши яхцмюк;;;;;;++
30XY570A.PV;;DI;ярнийю щярюйюдш 7-C20;;;;;;+
30XY571A.PV;;DI;ярнийю щярюйюдш 7-C23;;;;;;+
30XY572A.PV;;DI;с юооюпюрю E-3001я;;;;;;+
30XY573A.PV;;DI;ямюпсфх гдюмхъ(б няъу 2/б);;;;;;+
30XY574A.PV;;DI;ярнийю щярюйюдш 7-C12;;;;;;+
30XY575A.PV;;DI;бмсрпх гдюмхъ(б няъу 1/а);;;;;;+
30XY576A.PV;;DI;бмсрпх гдюмхъ(б няъу 7/ю);;;;;;+
30XY577A.PV;;DI;ямюпсфх гдюмхъ(б няъу 9/б);;;;;;+
30XY578A.PV;;DI;с юооюпюрю V-3023;;;;;;+
30XY579A.PV;;DI;с юооюпюрю T-3003;;;;;;+
30XY580A.PV;;DI;бмсрпх гдюмхъ(б няъу 10/ю);;;;;;+
30XY581A.PV;;DI;ямюпсфх гдюмхъ(б няъу 8/б);;;;;;+
30XY582A.PV;;DI;бмсрпх гдюмхъ(б няъу 7/ю);;;;;;+
30XY583A.PV;;DI;бмсрпх гдюмхъ(б няъу 1/б);;;;;;+
30XY584A.PV;;DI;бмсрпх гдюмхъ(б няъу 1/б);;;;;;+
30XY550B.PV;;DI;нйнкн V-3028;;;;;;+
30XY551B.PV;;DI;чфмши бунд б йнлопеяянпмсч;;;;;;+
30XY552B.PV;;DI;яебепмши бунд б йнлопеяянпмсч;;;;;;+
30XY553B.PV;;DI;б йнлопеяянпмни;;;;;;+
30XY554B.PV;;DI;б гюйпшрни мюянямни;;;;;;+
30XY555B.PV;;DI;с бундю б гюйпшрсч мюянямсч;;;;;;+
30XY556B.PV;;DI;щярюйюдю, нйнкн 7-я16;;;;;;+
30XY557B.PV;;DI;с бундю б мюянямсч, б няъу 7-8/а-б;;;;;;+
30XY558B.PV;;DI;б мюянямни, б няъу 9-10/а-б;;;;;;+
30XY529A.PV;;DI;чфмши бунд б йнлопеяянпмсч;;;;;;+
30XY530A.PV;;DI;яебепмши бунд б йнлопеяянпмсч;;;;;;+
30HS231_RR.PV;;DI;яапня рнйяхвеяйхи цюг я. 3000;;;;;;+
30GA511.PV;;DI;дерейрнп цнпчв цюгю й-3001;;;;;;+
30GA514.PV;;DI;дерейрнп рнйявхвм цюгю V-3008/р-3004;;;;;;+
30GA523.PV;;DI;дерейрнп рнйяхвмнцн цюгю P-3022ю;;;;;;+
30GA505.PV;;DI;дер рнйя цюгю я-3001S кеб ярнп я 2000;;;;;;+
30GA504.PV;;DI;дер рнйя цюгюя-3001ю кеб ярнп я 2000;;;;;;+
30GA503.PV;;DI;дерейрнп рнйявхвм цюгю лефдс P-3007A/S;;;;;;+
30GA515.PV;;DI;дерейрнп цнпчв цюгю V-3023;;;;;;+
30GA512.PV;;DI;дерейрнп цнпчв цюгю P-3013A/S;;;;;;+
30GA513.PV;;DI;дерейрнп цнпчв цюгю P-3012A/S;;;;;;+
30GA520.PV;;DI;дерейрнп цнпчв цюгю лефдс п-3024ю/S;;;;;;+
30GA527.PV;;DI;дерейрнп цнпчв цюгю лефдс п-3017ю/S;;;;;;+
30GA549.PV;;DI;дерейрнп цнпчв цюг р-3003/е-3005;;;;;;+
30GA506.PV;;DI;дерейрнп цнпчв цюгю V-3024;;;;;;+
30GA521.PV;;DI;дерейрнп цнпчв цюгю V-3001/V-3017;;;;;;+
30GA522.PV;;DI;дерейрнп цнпчв цюгю S-3001A/S / R-3001;;;;;;+
30GA528.PV;;DI;дерейрнп цнпчв цюгю онф опнегд я. 1000;;;;;;+
30GA545.PV;;DI;дерейрнп цнпчв цюгю V-3001/р-3001/р-3002;;;;;;+
30GA548.PV;;DI;дерейрнп цнпчв цюгю цнпекнвмши акнй;;;;;;+
30GA507.PV;;DI;дерейрнп цнпчв цюгю P-3003S;;;;;;+
30GA509.PV;;DI;дерейрнп цнпчв цюгю лефдс P-3004A/S;;;;;;+
30GA510.PV;;DI;дерейрнп цнпчв цюгю лефдс P-3005A/S;;;;;;+
30GA546.PV;;DI;дерейрнп цнпчв цюгю п-3003ю;;;;;;+
30GA508.PV;;DI;дерейрнп цнпчв цюгю P-3001S;;;;;;+
30GA547.PV;;DI;дерейрнп цнпчв цюгю п-3001ю;;;;;;+
30GA500.PV;;DI;дер цнпчв цюгю я-3001ю опюб ярнп ян ярнп щяр;;;;;;+
30GA501.PV;;DI;дер цнпчв цюгю я-3001S опюб ярнп ян ярнп щяр;;;;;;+
30GA517.PV;;DI;дерейрнп цнпчв цюгю лефдс E-3001я х е-3001б;;;;;;+
30GA518.PV;;DI;дерейрнп цнпчв цюгю V-3027;;;;;;+
30GA524.PV;;DI;дерейрнп цнпчв цюгю щярюйюдю оевх;;;;;;+
30GA525.PV;;DI;дерейрнп цнпчв цюгю V-3002;;;;;;+
30GA526.PV;;DI;дерейрнп цнпчв цюгю V-3022/V-3015/V-3014;;;;;;+
30GA502.PV;;DI;дерейрнп цнпчв цюгю лефдс P-3006A/S;;;;;;+
30GA516.PV;;DI;дерейрнп цнпчв цюгю V-3028;;;;;;+
30GA519.PV;;DI;дерейрнп цнпчв цюгю V-3030/ S-3002;;;;;;+
30YA001.PV;;DI;гюйп. мюяням. дерей. окюлемх;;;;;;+
30YA002.PV;;DI;гюйп. мюяням. дерей. окюлемх;;;;;;+
30YA003.PV;;DI;йнлопеяянп. дерей. окюлемх;;;;;;+
30YA004.PV;;DI;йнлопеяянп. дерей. окюлемх;;;;;;+
30YA005.PV;;DI;йнлопеяянп. дерей. окюлемх;;;;;;+
30YA006.PV;;DI;йнлопеяянп. дерей. окюлемх;;;;;;+
30YA007.PV;;DI;унк. мюяням. дерей. окюлемх;;;;;;+
30YA008.PV;;DI;унк. мюяням. дерей. окюлемх;;;;;;+
30YA009.PV;;DI;унк. мюяням. дерей. окюлемх;;;;;;+
30YA010.PV;;DI;унк. мюяням. дерей. окюлемх;;;;;;+
30YA011.PV;;DI;цнп. мюяням. дерей. окюлемх;;;;;;+
30YA012.PV;;DI;цнп. мюяням. дерей. окюлемх;;;;;;+
30YA013.PV;;DI;цнп. мюяням. дерей. окюлемх;;;;;;+
30YA014.PV;;DI;цнп. мюяням. дерей. окюлемх;;;;;;+
30YA015.PV;;DI;цнп. мюяням. дерей. окюлемх;;;;;;+
30XA104.PV;;DI;йкюоюм оюпнбни гюбеяш юйрхбхпнбюм;;;;;;+
30HS339_RR.PV;;DI;яапня 3000 - оюпнбюъ гюбеяю м-3001;;;;;;+
30XA124.PV;;DI;онфюп б йнлопеяянпмни;;;;;;+
30XA125.PV;;DI;онфюп б мюянямни;;;;;;+
FGS_301_1_F6.PV;;DI;яНЯРНЪМХЕ SafeNet FGS-001-1 - FGS-301-1;;;;;;++
00XA301G01P01.PV;;DI;IB-30-1 ьйют FGS-01 мехяопюбмнярэ хо 01;;;;;;++
00XA301G01P02.PV;;DI;IB-30-1 ьйют FGS-01 мехяопюбмнярэ хо 02;;;;;;++
00XA301G01ELD.PV;;DI;IB-30-1 ьйют FGS-01 гюгелкемхе сревйю мю гелкч;;;;;;++
00XA301G01FAN.PV;;DI;IB-30-1 ьйют FGS-01 мехяопюбмнярэ бемрхкърнпю;;;;;;++
00XA301G01TMP.PV;;DI;IB-30-1 ьйют FGS-01 опебшьемхе релоепюрспш б ьйютс;;;;;;++
30XV300.PV;;DI;XV300 / онф бндю б йнлопеяянпм;;;;;;+
30XV300_AL.PV;;DI;XV300 / онф бндю б йнлопеяянпм;;;;;;+
30HS059A.PV;;DI;щк гюдб онф бндю бд 30XV059/Oрйпшрэ;;;;;;+
30XY562B.PV;;DI;щярюйюдю, нйнкн 7-я20;;;;;;+
30XY570B.PV;;DI;ярнийю щярюйюдш 7-C20;;;;;;+
30XY571B.PV;;DI;ярнийю щярюйюдш 7-C23;;;;;;+
30XY572B.PV;;DI;с юооюпюрю E-3001я;;;;;;+
30XY573B.PV;;DI;ямюпсфх гдюмхъ(б няъу 2/б);;;;;;+
30XY574B.PV;;DI;ярнийю щярюйюдш 7-C12;;;;;;+
30XY575B.PV;;DI;бмсрпх гдюмхъ(б няъу 1/а);;;;;;+
30XY576B.PV;;DI;бмсрпх гдюмхъ(б няъу 7/ю);;;;;;+
30XY577B.PV;;DI;ямюпсфх гдюмхъ(б няъу 9/б);;;;;;+
30XY578B.PV;;DI;с юооюпюрю V-3023;;;;;;+
30XY579B.PV;;DI;с юооюпюрю T-3003;;;;;;+
30XY580B.PV;;DI;бмсрпх гдюмхъ(б няъу 10/ю);;;;;;+
30XY581B.PV;;DI;ямюпсфх гдюмхъ(б няъу 8/б);;;;;;+
30XY582B.PV;;DI;бмсрпх гдюмхъ(б няъу 7/ю);;;;;;+
30XY583B.PV;;DI;бмсрпх гдюмхъ(б няъу 1/б);;;;;;+
30XY584B.PV;;DI;бмсрпх гдюмхъ(б няъу 1/б);;;;;;+
30XY562A.PV;;DI;щярюйюдю, нйнкн 7-я19;;;;;;+
30XY529B.PV;;DI;чфмши бунд б йнлопеяянпмсч;;;;;;+
30XY530B.PV;;DI;яебепмши бунд б йнлопеяянпмсч;;;;;;+
30XY531B.PV;;DI;б йнлопеяянпмни;;;;;;+
30XY532B.PV;;DI;б гюйпшрни мюянямни;;;;;;+
30XY533B.PV;;DI;бунд б гюйпшрсч мюянямсч;;;;;;+
30XY534B.PV;;DI;бмсрпх мюянямни (яннп. 03);;;;;;+
30XY535B.PV;;DI;нйнкн R-3001, T-3001;;;;;;+
30XY536B.PV;;DI;щярюйюдю, нйнкн 7-я19;;;;;;+
30XY537B.PV;;DI;нйнкн я-3002ю (м-3001);;;;;;+
30XY538B.PV;;DI;лефдс е-3001б х е-3001я;;;;;;+
30XY539B.PV;;DI;нйнкн й-3002;;;;;;+
30XY540B.PV;;DI;лефдс V-3008, V-3009;;;;;;+
30XY541B.PV;;DI;яннпсфемхе 05, б няъу 3-4/ю-б;;;;;;+
30XY542B.PV;;DI;б мюянямни (яннп. 03), б няъу 6-7;;;;;;+
30XY543B.PV;;DI;лефдс P-3013S, п-3012ю;;;;;;+
30XY544B.PV;;DI;нйнкн V-3023;;;;;;+
30HS059C.PV;;DI;щк гюдб онф бндю бд 30XV059/Oрйпшрэ;;;;;;+
30XV059.PV;;DI;XV059 / онф бндю б д мю йнкэжю нпньемхъ;;;;;;+
30XV059_AL.PV;;DI;XV059 / онф бндю б д мю йнкэжю нпньемхъ;;;;;;+
30HS350.PV;;DI;3000#01 ЙМНОЙЮ РЕЯРЮ ЯХПЕМ Х ЛЮЪВЙНБ ОН ОНФЮПС С ЩЯРЮЙ 7-я20/23;;;;;;+
30HS351.PV;;DI;3000#05 ЙМНОЙЮ РЕЯРЮ ЯХПЕМ Х ЛЮЪВЙНБ ОН ОНФЮПС С E-3001C;;;;;;+
30HS352.PV;;DI;3000#06 ЙМНОЙЮ РЕЯРЮ ЯХПЕМ Х ЛЮЪВЙНБ ОН ОНФЮПС С ГЮЙП МЮЯНЯМНИ;;;;;;+
30HS353.PV;;DI;3000#06 ЙМНОЙЮ РЕЯРЮ ЯХПЕМ Х ЛЮЪВЙНБ ОН ОНФЮПС С ЙНЛОПЕЯЯНПМНИ;;;;;;+
30HS354.PV;;DI;3000#04 ЙМНОЙЮ РЕЯРЮ ЯХПЕМ Х ЛЮЪВЙНБ ОН ОНФЮПС С V-3023, T-3003;;;;;;+
30HS355.PV;;DI;3000#03 ЙМНОЙЮ РЕЯРЮ ЯХПЕМ Х ЛЮЪВЙНБ ОН ОНФЮПС С ЦНПЪВЕИ МЮЯНЯМНИ;;;;;;+
30HS356.PV;;DI;3000#03 ЙМНОЙЮ РЕЯРЮ ЯХПЕМ Х ЛЮЪВЙНБ ОН ОНФЮПС С ЦНПЪВЕИ МЮЯНЯМНИ;;;;;;+
30HS357.PV;;DI;3000#02 ЙМНОЙЮ РЕЯРЮ ЯХПЕМ Х ЛЮЪВЙНБ ОН ОНФЮПС С R-3001, T-3001;;;;;;+
30HS220.PV;;DI;3000 ЙМНОЙЮ РЕЯРЮ ЯХПЕМ Х ЛЮЪВЙНБ ОН ЦНПЧВХЛ ЦЮГЮЛ С V-3023;;;;;;+
30HS211.PV;;DI;3000 ЙМНОЙЮ РЕЯРЮ ЯХПЕМ Х ЛЮЪВЙНБ ОН ЦНПЧВХЛ ЦЮГЮЛ С E-3001B/C;;;;;;+
30HS210.PV;;DI;3000 ЙМНОЙЮ РЕЯРЮ ЯХПЕМ Х ЛЮЪВЙНБ ОН ЦНПЧВХЛ ЦЮГЮЛ Х ОЮПНБ ГЮБЕЯЕ С H-3001;;;;;;+
30HS213.PV;;DI;3000 ЙМНОЙЮ РЕЯРЮ ЯХПЕМ Х ЛЮЪВЙНБ ОН ЦНПЧВХЛ ЦЮГЮЛ С R-3001, T-3001;;;;;;+
30HS221.PV;;DI;3000 ЙМНОЙЮ РЕЯРЮ ЯХПЕМ Х ЛЮЪВЙНБ ОН ЦНПЧВХЛ ЦЮГЮЛ С ЩЯРЮЙЮДШ 7-я16;;;;;;+
30HS212.PV;;DI;3000 ЙМНОЙЮ РЕЯРЮ ЯХПЕМ Х ЛЮЪВЙНБ ОН ЦНПЧВХЛ ЦЮГЮЛ С ЦНПЪВЕИ МЮЯНЯМНИ;;;;;;+
30HS218.PV;;DI;3000 ЙМНОЙЮ РЕЯРЮ ЯХПЕМ Х ЛЮЪВЙНБ ОН ЦНПЧВХЛ ЦЮГЮЛ С K-3002, P-3012/3013;;;;;;+
30HS219.PV;;DI;3000 ЙМНОЙЮ РЕЯРЮ ЯХПЕМ Х ЛЮЪВЙНБ ОН РНЙЯХВМШЛ ЦЮГЮЛ С ЦНПЪВЕИ МЮЯНЯМНИ;;;;;;+
30HS214.PV;;DI;3000 ЙМНОЙЮ РЕЯРЮ ЯХПЕМ Х ЛЮЪВЙНБ ОН ЦНПЧВХЛ ЦЮГЮЛ С ЙНЛОПЕЯЯНПМНИ;;;;;;+
30HS215.PV;;DI;3000 ЙМНОЙЮ РЕЯРЮ ЯХПЕМ Х ЛЮЪВЙНБ ОН РНЙЯХВМШЛ ЦЮГЮЛ С ЙНЛОПЕЯЯНПМНИ;;;;;;+
30HS216.PV;;DI;3000 ЙМНОЙЮ РЕЯРЮ ЯХПЕМ Х ЛЮЪВЙНБ ОН ЦНПЧВХЛ ЦЮГЮЛ С ГЮЙПШРНИ МЮЯНЯМНИ;;;;;;+
30HS217.PV;;DI;3000 ЙМНОЙЮ РЕЯРЮ ЯХПЕМ Х ЛЮЪВЙНБ ОН РНЙЯХВМШЛ ЦЮГЮЛ С ГЮЙПШРНИ МЮЯНЯМНИ;;;;;;+
30HS104A.PV;;DI;нря 30XV104/б о мд онфюпмши мю гюбеяс/нрйпшрэ;;;;;;+
30HS104B.PV;;DI;нря 30XV104/б о мд онфюпмши мю гюбеяс/нрйпшрэ;;;;;;+
30HS104D.PV;;DI;нря 30XV104/б о мд онфюпмши мю гюбеяс/гюйпшрэ;;;;;;+
30XY531A.PV;;DI;б йнлопеяянпмни;;;;;;+
30XY532A.PV;;DI;б гюйпшрни мюянямни;;;;;;+
30XY533A.PV;;DI;бунд б гюйпшрсч мюянямсч;;;;;;+
30XY534A.PV;;DI;бмсрпх мюянямни (яннп. 03);;;;;;+
30XY535A.PV;;DI;нйнкн R-3001, T-3001;;;;;;+
30XY536A.PV;;DI;щярюйюдю, нйнкн 7-я19;;;;;;+
30XY537A.PV;;DI;нйнкн я-3002ю (м-3001);;;;;;+
30XY538A.PV;;DI;лефдс е-3001б х е-3001я;;;;;;+
30XY539A.PV;;DI;нйнкн й-3002;;;;;;+
30XY540A.PV;;DI;лефдс V-3008, V-3009;;;;;;+
30XY541A.PV;;DI;яннпсфемхе 05, б няъу 3-4/ю-б;;;;;;+
30XY542A.PV;;DI;б мюянямни (яннп. 03), б няъу 6-7;;;;;;+
30XY543A.PV;;DI;лефдс P-3013S, п-3012ю;;;;;;+
30XY544A.PV;;DI;нйнкн V-3023;;;;;;+
30XY550A.PV;;DI;нйнкн V-3028;;;;;;+
30XY551A.PV;;DI;чфмши бунд б йнлопеяянпмсч;;;;;;+
30XY552A.PV;;DI;яебепмши бунд б йнлопеяянпмсч;;;;;;+
30XY553A.PV;;DI;б йнлопеяянпмни;;;;;;+
30XY554A.PV;;DI;б гюйпшрни мюянямни;;;;;;+
30XY555A.PV;;DI;с бундю б гюйпшрсч мюянямсч;;;;;;+
30XY556A.PV;;DI;щярюйюдю, нйнкн 7-я16;;;;;;+
30XY557A.PV;;DI;с бундю б мюянямсч, б няъу 7-8/а-б;;;;;;+
30XY558A.PV;;DI;б мюянямни, б няъу 9-10/а-б;;;;;;+
30HS230.PV;;DI;яапня 3000 - цнпчвхи цюг;;;;;;+
30HS230.OP;;DI;яапня 3000 - цнпчвхи цюг;;;;;;+
30HS230.OP;;DO;яапня 3000 - цнпчвхи цюг;;;;;;+
30HS231.PV;;DI;яапня 3000 -рнйяхвеяйхи цюг;;;;;;+
30HS231.OP;;DI;яапня 3000 -рнйяхвеяйхи цюг;;;;;;+
30HS231.OP;;DO;яапня 3000 -рнйяхвеяйхи цюг;;;;;;+
30GI511_MO.PV;;DI;дерейрнп цнпчв цюгю й-3001;;;;;;+
30GI511_MO.OP;;DI;дерейрнп цнпчв цюгю й-3001;;;;;;+
30GI511_MO.OP;;DO;дерейрнп цнпчв цюгю й-3001;;;;;;+
30GI511_MO.MD;;DI;дерейрнп цнпчв цюгю й-3001;;;;;;+
30GI511_MO.MD;;DO;дерейрнп цнпчв цюгю й-3001;;;;;;+
30GI514_MO.PV;;DI;дерейрнп рнйявхвм цюгю V-3008/р-3004;;;;;;+
30GI514_MO.OP;;DI;дерейрнп рнйявхвм цюгю V-3008/р-3004;;;;;;+
30GI514_MO.OP;;DO;дерейрнп рнйявхвм цюгю V-3008/р-3004;;;;;;+
30GI514_MO.MD;;DI;дерейрнп рнйявхвм цюгю V-3008/р-3004;;;;;;+
30GI514_MO.MD;;DO;дерейрнп рнйявхвм цюгю V-3008/р-3004;;;;;;+
30GI523_MO.PV;;DI;дерейрнп рнйяхвмнцн цюгю P-3022ю;;;;;;+
30GI523_MO.OP;;DI;дерейрнп рнйяхвмнцн цюгю P-3022ю;;;;;;+
30GI523_MO.OP;;DO;дерейрнп рнйяхвмнцн цюгю P-3022ю;;;;;;+
30GI523_MO.MD;;DI;дерейрнп рнйяхвмнцн цюгю P-3022ю;;;;;;+
30GI523_MO.MD;;DO;дерейрнп рнйяхвмнцн цюгю P-3022ю;;;;;;+
30GI505_MO.PV;;DI;дер рнйя цюгю я-3001S кеб ярнп я 2000;;;;;;+
30GI505_MO.OP;;DI;дер рнйя цюгю я-3001S кеб ярнп я 2000;;;;;;+
30GI505_MO.OP;;DO;дер рнйя цюгю я-3001S кеб ярнп я 2000;;;;;;+
30GI505_MO.MD;;DI;дер рнйя цюгю я-3001S кеб ярнп я 2000;;;;;;+
30GI505_MO.MD;;DO;дер рнйя цюгю я-3001S кеб ярнп я 2000;;;;;;+
30GI504_MO.PV;;DI;дер рнйя цюгюя-3001ю кеб ярнп я 2000;;;;;;+
30GI504_MO.OP;;DI;дер рнйя цюгюя-3001ю кеб ярнп я 2000;;;;;;+
30GI504_MO.OP;;DO;дер рнйя цюгюя-3001ю кеб ярнп я 2000;;;;;;+
30GI504_MO.MD;;DI;дер рнйя цюгюя-3001ю кеб ярнп я 2000;;;;;;+
30GI504_MO.MD;;DO;дер рнйя цюгюя-3001ю кеб ярнп я 2000;;;;;;+
30GI503_MO.PV;;DI;дерейрнп рнйявхвм цюгю лефдс P-3007A/S;;;;;;+
30GI503_MO.OP;;DI;дерейрнп рнйявхвм цюгю лефдс P-3007A/S;;;;;;+
30GI503_MO.OP;;DO;дерейрнп рнйявхвм цюгю лефдс P-3007A/S;;;;;;+
30GI503_MO.MD;;DI;дерейрнп рнйявхвм цюгю лефдс P-3007A/S;;;;;;+
30GI503_MO.MD;;DO;дерейрнп рнйявхвм цюгю лефдс P-3007A/S;;;;;;+
30GI515_MO.PV;;DI;дерейрнп цнпчв цюгю V-3023;;;;;;+
30GI515_MO.OP;;DI;дерейрнп цнпчв цюгю V-3023;;;;;;+
30GI515_MO.OP;;DO;дерейрнп цнпчв цюгю V-3023;;;;;;+
30GI515_MO.MD;;DI;дерейрнп цнпчв цюгю V-3023;;;;;;+
30GI515_MO.MD;;DO;дерейрнп цнпчв цюгю V-3023;;;;;;+
30GI512_MO.PV;;DI;дерейрнп цнпчв цюгю P-3013A/S;;;;;;+
30GI512_MO.OP;;DI;дерейрнп цнпчв цюгю P-3013A/S;;;;;;+
30GI512_MO.OP;;DO;дерейрнп цнпчв цюгю P-3013A/S;;;;;;+
30GI512_MO.MD;;DI;дерейрнп цнпчв цюгю P-3013A/S;;;;;;+
30GI512_MO.MD;;DO;дерейрнп цнпчв цюгю P-3013A/S;;;;;;+
30GI513_MO.PV;;DI;дерейрнп цнпчв цюгю P-3012A/S;;;;;;+
30GI513_MO.OP;;DI;дерейрнп цнпчв цюгю P-3012A/S;;;;;;+
30GI513_MO.OP;;DO;дерейрнп цнпчв цюгю P-3012A/S;;;;;;+
30GI513_MO.MD;;DI;дерейрнп цнпчв цюгю P-3012A/S;;;;;;+
30GI513_MO.MD;;DO;дерейрнп цнпчв цюгю P-3012A/S;;;;;;+
30GI520_MO.PV;;DI;дерейрнп цнпчв цюгю лефдс п-3024ю/S;;;;;;+
30GI520_MO.OP;;DI;дерейрнп цнпчв цюгю лефдс п-3024ю/S;;;;;;+
30GI520_MO.OP;;DO;дерейрнп цнпчв цюгю лефдс п-3024ю/S;;;;;;+
30GI520_MO.MD;;DI;дерейрнп цнпчв цюгю лефдс п-3024ю/S;;;;;;+
30GI520_MO.MD;;DO;дерейрнп цнпчв цюгю лефдс п-3024ю/S;;;;;;+
30GI527_MO.PV;;DI;дерейрнп цнпчв цюгю лефдс п-3017ю/S;;;;;;+
30GI527_MO.OP;;DI;дерейрнп цнпчв цюгю лефдс п-3017ю/S;;;;;;+
30GI527_MO.OP;;DO;дерейрнп цнпчв цюгю лефдс п-3017ю/S;;;;;;+
30GI527_MO.MD;;DI;дерейрнп цнпчв цюгю лефдс п-3017ю/S;;;;;;+
30GI527_MO.MD;;DO;дерейрнп цнпчв цюгю лефдс п-3017ю/S;;;;;;+
30GI549_MO.PV;;DI;дерейрнп цнпчв цюгю р-3003/е-3005;;;;;;+
30GI549_MO.OP;;DI;дерейрнп цнпчв цюгю р-3003/е-3005;;;;;;+
30GI549_MO.OP;;DO;дерейрнп цнпчв цюгю р-3003/е-3005;;;;;;+
30GI549_MO.MD;;DI;дерейрнп цнпчв цюгю р-3003/е-3005;;;;;;+
30GI549_MO.MD;;DO;дерейрнп цнпчв цюгю р-3003/е-3005;;;;;;+
30GI506_MO.PV;;DI;дерейрнп цнпчв цюгю V-3024;;;;;;+
30GI506_MO.OP;;DI;дерейрнп цнпчв цюгю V-3024;;;;;;+
30GI506_MO.OP;;DO;дерейрнп цнпчв цюгю V-3024;;;;;;+
30GI506_MO.MD;;DI;дерейрнп цнпчв цюгю V-3024;;;;;;+
30GI506_MO.MD;;DO;дерейрнп цнпчв цюгю V-3024;;;;;;+
30GI521_MO.PV;;DI;дерейрнп цнпчв цюгю V-3001/V-3017;;;;;;+
30GI521_MO.OP;;DI;дерейрнп цнпчв цюгю V-3001/V-3017;;;;;;+
30GI521_MO.OP;;DO;дерейрнп цнпчв цюгю V-3001/V-3017;;;;;;+
30GI521_MO.MD;;DI;дерейрнп цнпчв цюгю V-3001/V-3017;;;;;;+
30GI521_MO.MD;;DO;дерейрнп цнпчв цюгю V-3001/V-3017;;;;;;+
30GI522_MO.PV;;DI;дерейрнп цнпчв цюгю S-3001A/S / R-3001;;;;;;+
30GI522_MO.OP;;DI;дерейрнп цнпчв цюгю S-3001A/S / R-3001;;;;;;+
30GI522_MO.OP;;DO;дерейрнп цнпчв цюгю S-3001A/S / R-3001;;;;;;+
30GI522_MO.MD;;DI;дерейрнп цнпчв цюгю S-3001A/S / R-3001;;;;;;+
30GI522_MO.MD;;DO;дерейрнп цнпчв цюгю S-3001A/S / R-3001;;;;;;+
30GI528_MO.PV;;DI;дерейрнп цнпчв цюгю онф опнегд я. 1000;;;;;;+
30GI528_MO.OP;;DI;дерейрнп цнпчв цюгю онф опнегд я. 1000;;;;;;+
30GI528_MO.OP;;DO;дерейрнп цнпчв цюгю онф опнегд я. 1000;;;;;;+
30GI528_MO.MD;;DI;дерейрнп цнпчв цюгю онф опнегд я. 1000;;;;;;+
30GI528_MO.MD;;DO;дерейрнп цнпчв цюгю онф опнегд я. 1000;;;;;;+
30GI545_MO.PV;;DI;дерейрнп цнпчв цюгю V-3001/р-3001/р-3002;;;;;;+
30GI545_MO.OP;;DI;дерейрнп цнпчв цюгю V-3001/р-3001/р-3002;;;;;;+
30GI545_MO.OP;;DO;дерейрнп цнпчв цюгю V-3001/р-3001/р-3002;;;;;;+
30GI545_MO.MD;;DI;дерейрнп цнпчв цюгю V-3001/р-3001/р-3002;;;;;;+
30GI545_MO.MD;;DO;дерейрнп цнпчв цюгю V-3001/р-3001/р-3002;;;;;;+
30GI548_MO.PV;;DI;дерейрнп цнпчв цюгю цнпекнвмши акнй;;;;;;+
30GI548_MO.OP;;DI;дерейрнп цнпчв цюгю цнпекнвмши акнй;;;;;;+
30GI548_MO.OP;;DO;дерейрнп цнпчв цюгю цнпекнвмши акнй;;;;;;+
30GI548_MO.MD;;DI;дерейрнп цнпчв цюгю цнпекнвмши акнй;;;;;;+
30GI548_MO.MD;;DO;дерейрнп цнпчв цюгю цнпекнвмши акнй;;;;;;+
30GI507_MO.PV;;DI;дерейрнп цнпчв цюгю P-3003S;;;;;;+
30GI507_MO.OP;;DI;дерейрнп цнпчв цюгю P-3003S;;;;;;+
30GI507_MO.OP;;DO;дерейрнп цнпчв цюгю P-3003S;;;;;;+
30GI507_MO.MD;;DI;дерейрнп цнпчв цюгю P-3003S;;;;;;+
30GI507_MO.MD;;DO;дерейрнп цнпчв цюгю P-3003S;;;;;;+
30GI509_MO.PV;;DI;дерейрнп цнпчв цюгю лефдс P-3004A/S;;;;;;+
30GI509_MO.OP;;DI;дерейрнп цнпчв цюгю лефдс P-3004A/S;;;;;;+
30GI509_MO.OP;;DO;дерейрнп цнпчв цюгю лефдс P-3004A/S;;;;;;+
30GI509_MO.MD;;DI;дерейрнп цнпчв цюгю лефдс P-3004A/S;;;;;;+
30GI509_MO.MD;;DO;дерейрнп цнпчв цюгю лефдс P-3004A/S;;;;;;+
30GI510_MO.PV;;DI;дерейрнп цнпчв цюгю лефдс P-3005A/S;;;;;;+
30GI510_MO.OP;;DI;дерейрнп цнпчв цюгю лефдс P-3005A/S;;;;;;+
30GI510_MO.OP;;DO;дерейрнп цнпчв цюгю лефдс P-3005A/S;;;;;;+
30GI510_MO.MD;;DI;дерейрнп цнпчв цюгю лефдс P-3005A/S;;;;;;+
30GI510_MO.MD;;DO;дерейрнп цнпчв цюгю лефдс P-3005A/S;;;;;;+
30GI546_MO.PV;;DI;дерейрнп цнпчв цюгю п-3003ю;;;;;;+
30GI546_MO.OP;;DI;дерейрнп цнпчв цюгю п-3003ю;;;;;;+
30GI546_MO.OP;;DO;дерейрнп цнпчв цюгю п-3003ю;;;;;;+
30GI546_MO.MD;;DI;дерейрнп цнпчв цюгю п-3003ю;;;;;;+
30GI546_MO.MD;;DO;дерейрнп цнпчв цюгю п-3003ю;;;;;;+
30GI508_MO.PV;;DI;дерейрнп цнпчв цюгю P-3001S;;;;;;+
30GI508_MO.OP;;DI;дерейрнп цнпчв цюгю P-3001S;;;;;;+
30GI508_MO.OP;;DO;дерейрнп цнпчв цюгю P-3001S;;;;;;+
30GI508_MO.MD;;DI;дерейрнп цнпчв цюгю P-3001S;;;;;;+
30GI508_MO.MD;;DO;дерейрнп цнпчв цюгю P-3001S;;;;;;+
30GI547_MO.PV;;DI;дерейрнп цнпчв цюгю п-3001ю;;;;;;+
30GI547_MO.OP;;DI;дерейрнп цнпчв цюгю п-3001ю;;;;;;+
30GI547_MO.OP;;DO;дерейрнп цнпчв цюгю п-3001ю;;;;;;+
30GI547_MO.MD;;DI;дерейрнп цнпчв цюгю п-3001ю;;;;;;+
30GI547_MO.MD;;DO;дерейрнп цнпчв цюгю п-3001ю;;;;;;+
30GI500_MO.PV;;DI;дер цнпчв цюгю я-3001ю опюб ярнп ян ярнп щяр;;;;;;+
30GI500_MO.OP;;DI;дер цнпчв цюгю я-3001ю опюб ярнп ян ярнп щяр;;;;;;+
30GI500_MO.OP;;DO;дер цнпчв цюгю я-3001ю опюб ярнп ян ярнп щяр;;;;;;+
30GI500_MO.MD;;DI;дер цнпчв цюгю я-3001ю опюб ярнп ян ярнп щяр;;;;;;+
30GI500_MO.MD;;DO;дер цнпчв цюгю я-3001ю опюб ярнп ян ярнп щяр;;;;;;+
30GI501_MO.PV;;DI;дер цнпчв цюгю я-3001S опюб ярнп ян ярнп щяр;;;;;;+
30GI501_MO.OP;;DI;дер цнпчв цюгю я-3001S опюб ярнп ян ярнп щяр;;;;;;+
30GI501_MO.OP;;DO;дер цнпчв цюгю я-3001S опюб ярнп ян ярнп щяр;;;;;;+
30GI501_MO.MD;;DI;дер цнпчв цюгю я-3001S опюб ярнп ян ярнп щяр;;;;;;+
30GI501_MO.MD;;DO;дер цнпчв цюгю я-3001S опюб ярнп ян ярнп щяр;;;;;;+
30GI517_MO.PV;;DI;дерейрнп цнпчв цюгю лефдс E-3001я х е-3001б;;;;;;+
30GI517_MO.OP;;DI;дерейрнп цнпчв цюгю лефдс E-3001я х е-3001б;;;;;;+
30GI517_MO.OP;;DO;дерейрнп цнпчв цюгю лефдс E-3001я х е-3001б;;;;;;+
30GI517_MO.MD;;DI;дерейрнп цнпчв цюгю лефдс E-3001я х е-3001б;;;;;;+
30GI517_MO.MD;;DO;дерейрнп цнпчв цюгю лефдс E-3001я х е-3001б;;;;;;+
30GI518_MO.PV;;DI;дерейрнп цнпчв цюгю V-3027;;;;;;+
30GI518_MO.OP;;DI;дерейрнп цнпчв цюгю V-3027;;;;;;+
30GI518_MO.OP;;DO;дерейрнп цнпчв цюгю V-3027;;;;;;+
30GI518_MO.MD;;DI;дерейрнп цнпчв цюгю V-3027;;;;;;+
30GI518_MO.MD;;DO;дерейрнп цнпчв цюгю V-3027;;;;;;+
30GI524_MO.PV;;DI;дерейрнп цнпчв цюгю щярюйюдю оевх;;;;;;+
30GI524_MO.OP;;DI;дерейрнп цнпчв цюгю щярюйюдю оевх;;;;;;+
30GI524_MO.OP;;DO;дерейрнп цнпчв цюгю щярюйюдю оевх;;;;;;+
30GI524_MO.MD;;DI;дерейрнп цнпчв цюгю щярюйюдю оевх;;;;;;+
30GI524_MO.MD;;DO;дерейрнп цнпчв цюгю щярюйюдю оевх;;;;;;+
30GI525_MO.PV;;DI;дерейрнп цнпчв цюгю V-3002;;;;;;+
30GI525_MO.OP;;DI;дерейрнп цнпчв цюгю V-3002;;;;;;+
30GI525_MO.OP;;DO;дерейрнп цнпчв цюгю V-3002;;;;;;+
30GI525_MO.MD;;DI;дерейрнп цнпчв цюгю V-3002;;;;;;+
30GI525_MO.MD;;DO;дерейрнп цнпчв цюгю V-3002;;;;;;+
30GI526_MO.PV;;DI;дерейрнп цнпчв цюгю V-3022/V-3015/V-3014;;;;;;+
30GI526_MO.OP;;DI;дерейрнп цнпчв цюгю V-3022/V-3015/V-3014;;;;;;+
30GI526_MO.OP;;DO;дерейрнп цнпчв цюгю V-3022/V-3015/V-3014;;;;;;+
30GI526_MO.MD;;DI;дерейрнп цнпчв цюгю V-3022/V-3015/V-3014;;;;;;+
30GI526_MO.MD;;DO;дерейрнп цнпчв цюгю V-3022/V-3015/V-3014;;;;;;+
30GI502_MO.PV;;DI;дерейрнп цнпчв цюгю лефдс P-3006A/S;;;;;;+
30GI502_MO.OP;;DI;дерейрнп цнпчв цюгю лефдс P-3006A/S;;;;;;+
30GI502_MO.OP;;DO;дерейрнп цнпчв цюгю лефдс P-3006A/S;;;;;;+
30GI502_MO.MD;;DI;дерейрнп цнпчв цюгю лефдс P-3006A/S;;;;;;+
30GI502_MO.MD;;DO;дерейрнп цнпчв цюгю лефдс P-3006A/S;;;;;;+
30GI516_MO.PV;;DI;дерейрнп цнпчв цюгю V-3028;;;;;;+
30GI516_MO.OP;;DI;дерейрнп цнпчв цюгю V-3028;;;;;;+
30GI516_MO.OP;;DO;дерейрнп цнпчв цюгю V-3028;;;;;;+
30GI516_MO.MD;;DI;дерейрнп цнпчв цюгю V-3028;;;;;;+
30GI516_MO.MD;;DO;дерейрнп цнпчв цюгю V-3028;;;;;;+
30GI519_MO.PV;;DI;дерейрнп цнпчв цюгю V-3030/ S-3002;;;;;;+
30GI519_MO.OP;;DI;дерейрнп цнпчв цюгю V-3030/ S-3002;;;;;;+
30GI519_MO.OP;;DO;дерейрнп цнпчв цюгю V-3030/ S-3002;;;;;;+
30GI519_MO.MD;;DI;дерейрнп цнпчв цюгю V-3030/ S-3002;;;;;;+
30GI519_MO.MD;;DO;дерейрнп цнпчв цюгю V-3030/ S-3002;;;;;;+
30HS1001.PV;;DI;ярнийю щярюйюдш 7-C22;;;;;;+
30HS1001_MO.PV;;DI;ярнийю щярюйюдш 7-C22;;;;;;+
30HS1001_MO.OP;;DI;ярнийю щярюйюдш 7-C22;;;;;;+
30HS1001_MO.OP;;DO;ярнийю щярюйюдш 7-C22;;;;;;+
30HS1001_MO.MD;;DI;ярнийю щярюйюдш 7-C22;;;;;;+
30HS1001_MO.MD;;DO;ярнийю щярюйюдш 7-C22;;;;;;+
30HS1002.PV;;DI;ярнийю щярюйюдш 7-C17;;;;;;+
30HS1002_MO.PV;;DI;ярнийю щярюйюдш 7-C17;;;;;;+
30HS1002_MO.OP;;DI;ярнийю щярюйюдш 7-C17;;;;;;+
30HS1002_MO.OP;;DO;ярнийю щярюйюдш 7-C17;;;;;;+
30HS1002_MO.MD;;DI;ярнийю щярюйюдш 7-C17;;;;;;+
30HS1002_MO.MD;;DO;ярнийю щярюйюдш 7-C17;;;;;;+
30HS1003.PV;;DI;с бундю б гдюмхе(б няъу 3/ю);;;;;;+
30HS1003_MO.PV;;DI;с бундю б гдюмхе(б няъу 3/ю);;;;;;+
30HS1003_MO.OP;;DI;с бундю б гдюмхе(б няъу 3/ю);;;;;;+
30HS1003_MO.OP;;DO;с бундю б гдюмхе(б няъу 3/ю);;;;;;+
30HS1003_MO.MD;;DI;с бундю б гдюмхе(б няъу 3/ю);;;;;;+
30HS1003_MO.MD;;DO;с бундю б гдюмхе(б няъу 3/ю);;;;;;+
30HS1004.PV;;DI;с бундю б гдюмхе(б няъу 8/б);;;;;;+
30HS1004_MO.PV;;DI;с бундю б гдюмхе(б няъу 8/б);;;;;;+
30HS1004_MO.OP;;DI;с бундю б гдюмхе(б няъу 8/б);;;;;;+
30HS1004_MO.OP;;DO;с бундю б гдюмхе(б няъу 8/б);;;;;;+
30HS1004_MO.MD;;DI;с бундю б гдюмхе(б няъу 8/б);;;;;;+
30HS1004_MO.MD;;DO;с бундю б гдюмхе(б няъу 8/б);;;;;;+
30HS1005.PV;;DI;ярнийю щярюйюдш 7-C5;;;;;;+
30HS1005_MO.PV;;DI;ярнийю щярюйюдш 7-C5;;;;;;+
30HS1005_MO.OP;;DI;ярнийю щярюйюдш 7-C5;;;;;;+
30HS1005_MO.OP;;DO;ярнийю щярюйюдш 7-C5;;;;;;+
30HS1005_MO.MD;;DI;ярнийю щярюйюдш 7-C5;;;;;;+
30HS1005_MO.MD;;DO;ярнийю щярюйюдш 7-C5;;;;;;+
30XSO300_MO.PV;;DI;акнйхпнбйю бшундю мю нрйп 30XV300;;;;;;+
30XSO300_MO.OP;;DI;акнйхпнбйю бшундю мю нрйп 30XV300;;;;;;+
30XSO300_MO.OP;;DO;акнйхпнбйю бшундю мю нрйп 30XV300;;;;;;+
FGS_431_1_F0.PV;;DI;яАНИ ОПНЖЕЯЯНПЮ FGS431-1;;;;;;
93PI075_MO.PV;;DI;дЮБКЕМХЕ БНДШ ОЕПЕД ГЮДБХФЙНИ 93XV055. акнйхпнбйю;;;;;;
93PI075_MO.OP;;DI;дЮБКЕМХЕ БНДШ ОЕПЕД ГЮДБХФЙНИ 93XV055. акнйхпнбйю;;;;;;
93PI075_MO.OP;;DO;дЮБКЕМХЕ БНДШ ОЕПЕД ГЮДБХФЙНИ 93XV055. акнйхпнбйю;;;;;;
93PI075_MO.MD;;DI;дЮБКЕМХЕ БНДШ ОЕПЕД ГЮДБХФЙНИ 93XV055. акнйхпнбйю;;;;;;
93PI075_MO.MD;;DO;дЮБКЕМХЕ БНДШ ОЕПЕД ГЮДБХФЙНИ 93XV055. акнйхпнбйю;;;;;;
93PI076_MO.PV;;DI;дЮБКЕМХЕ БНДШ ОЕПЕД ГЮДБХФЙНИ 93XV056. акнйхпнбйю;;;;;;
93PI076_MO.OP;;DI;дЮБКЕМХЕ БНДШ ОЕПЕД ГЮДБХФЙНИ 93XV056. акнйхпнбйю;;;;;;
93PI076_MO.OP;;DO;дЮБКЕМХЕ БНДШ ОЕПЕД ГЮДБХФЙНИ 93XV056. акнйхпнбйю;;;;;;
93PI076_MO.MD;;DI;дЮБКЕМХЕ БНДШ ОЕПЕД ГЮДБХФЙНИ 93XV056. акнйхпнбйю;;;;;;
93PI076_MO.MD;;DO;дЮБКЕМХЕ БНДШ ОЕПЕД ГЮДБХФЙНИ 93XV056. акнйхпнбйю;;;;;;
43YI001_MO.PV;;DI;рЕОКНБНИ ОНФ. ХГБЕЫЮР. Б е-701. акнйхпнбйю;;;;;;
43YI001_MO.OP;;DI;рЕОКНБНИ ОНФ. ХГБЕЫЮР. Б е-701. акнйхпнбйю;;;;;;
43YI001_MO.OP;;DO;рЕОКНБНИ ОНФ. ХГБЕЫЮР. Б е-701. акнйхпнбйю;;;;;;
43YI001_MO.MD;;DI;рЕОКНБНИ ОНФ. ХГБЕЫЮР. Б е-701. акнйхпнбйю;;;;;;
43YI001_MO.MD;;DO;рЕОКНБНИ ОНФ. ХГБЕЫЮР. Б е-701. акнйхпнбйю;;;;;;
43YI002_MO.PV;;DI;рЕОКНБНИ ОНФ. ХГБЕЫЮР. Б е-701. акнйхпнбйю;;;;;;
43YI002_MO.OP;;DI;рЕОКНБНИ ОНФ. ХГБЕЫЮР. Б е-701. акнйхпнбйю;;;;;;
43YI002_MO.OP;;DO;рЕОКНБНИ ОНФ. ХГБЕЫЮР. Б е-701. акнйхпнбйю;;;;;;
43YI002_MO.MD;;DI;рЕОКНБНИ ОНФ. ХГБЕЫЮР. Б е-701. акнйхпнбйю;;;;;;
43YI002_MO.MD;;DO;рЕОКНБНИ ОНФ. ХГБЕЫЮР. Б е-701. акнйхпнбйю;;;;;;
43YI003_MO.PV;;DI;рЕОКНБНИ ОНФ. ХГБЕЫЮР. Б е-702. акнйхпнбйю;;;;;;
43YI003_MO.OP;;DI;рЕОКНБНИ ОНФ. ХГБЕЫЮР. Б е-702. акнйхпнбйю;;;;;;
43YI003_MO.OP;;DO;рЕОКНБНИ ОНФ. ХГБЕЫЮР. Б е-702. акнйхпнбйю;;;;;;
43YI003_MO.MD;;DI;рЕОКНБНИ ОНФ. ХГБЕЫЮР. Б е-702. акнйхпнбйю;;;;;;
43YI003_MO.MD;;DO;рЕОКНБНИ ОНФ. ХГБЕЫЮР. Б е-702. акнйхпнбйю;;;;;;
43YI004_MO.PV;;DI;рЕОКНБНИ ОНФ. ХГБЕЫЮР. Б е-702. акнйхпнбйю;;;;;;
43YI004_MO.OP;;DI;рЕОКНБНИ ОНФ. ХГБЕЫЮР. Б е-702. акнйхпнбйю;;;;;;
43YI004_MO.OP;;DO;рЕОКНБНИ ОНФ. ХГБЕЫЮР. Б е-702. акнйхпнбйю;;;;;;
43YI004_MO.MD;;DI;рЕОКНБНИ ОНФ. ХГБЕЫЮР. Б е-702. акнйхпнбйю;;;;;;
43YI004_MO.MD;;DO;рЕОКНБНИ ОНФ. ХГБЕЫЮР. Б е-702. акнйхпнбйю;;;;;;
43YI005_MO.PV;;DI;рЕОКНБНИ ОНФ. ХГБЕЫЮР. Б е-703. акнйхпнбйю;;;;;;
43YI005_MO.OP;;DI;рЕОКНБНИ ОНФ. ХГБЕЫЮР. Б е-703. акнйхпнбйю;;;;;;
43YI005_MO.OP;;DO;рЕОКНБНИ ОНФ. ХГБЕЫЮР. Б е-703. акнйхпнбйю;;;;;;
43YI005_MO.MD;;DI;рЕОКНБНИ ОНФ. ХГБЕЫЮР. Б е-703. акнйхпнбйю;;;;;;
43YI005_MO.MD;;DO;рЕОКНБНИ ОНФ. ХГБЕЫЮР. Б е-703. акнйхпнбйю;;;;;;
43YI006_MO.PV;;DI;рЕОКНБНИ ОНФ. ХГБЕЫЮР. Б е-703. акнйхпнбйю;;;;;;
43YI006_MO.OP;;DI;рЕОКНБНИ ОНФ. ХГБЕЫЮР. Б е-703. акнйхпнбйю;;;;;;
43YI006_MO.OP;;DO;рЕОКНБНИ ОНФ. ХГБЕЫЮР. Б е-703. акнйхпнбйю;;;;;;
43YI006_MO.MD;;DI;рЕОКНБНИ ОНФ. ХГБЕЫЮР. Б е-703. акнйхпнбйю;;;;;;
43YI006_MO.MD;;DO;рЕОКНБНИ ОНФ. ХГБЕЫЮР. Б е-703. акнйхпнбйю;;;;;;
43YI007_MO.PV;;DI;рЕОКНБНИ ОНФ. ХГБЕЫЮР. Б е-704. акнйхпнбйю;;;;;;
43YI007_MO.OP;;DI;рЕОКНБНИ ОНФ. ХГБЕЫЮР. Б е-704. акнйхпнбйю;;;;;;
43YI007_MO.OP;;DO;рЕОКНБНИ ОНФ. ХГБЕЫЮР. Б е-704. акнйхпнбйю;;;;;;
43YI007_MO.MD;;DI;рЕОКНБНИ ОНФ. ХГБЕЫЮР. Б е-704. акнйхпнбйю;;;;;;
43YI007_MO.MD;;DO;рЕОКНБНИ ОНФ. ХГБЕЫЮР. Б е-704. акнйхпнбйю;;;;;;
43YI008_MO.PV;;DI;рЕОКНБНИ ОНФ. ХГБЕЫЮР. Б е-704. акнйхпнбйю;;;;;;
43YI008_MO.OP;;DI;рЕОКНБНИ ОНФ. ХГБЕЫЮР. Б е-704. акнйхпнбйю;;;;;;
43YI008_MO.OP;;DO;рЕОКНБНИ ОНФ. ХГБЕЫЮР. Б е-704. акнйхпнбйю;;;;;;
43YI008_MO.MD;;DI;рЕОКНБНИ ОНФ. ХГБЕЫЮР. Б е-704. акнйхпнбйю;;;;;;
43YI008_MO.MD;;DO;рЕОКНБНИ ОНФ. ХГБЕЫЮР. Б е-704. акнйхпнбйю;;;;;;
43YI009_MO.PV;;DI;рЕОКНБНИ ОНФ. ХГБЕЫЮР. Б е-705. акнйхпнбйю;;;;;;
43YI009_MO.OP;;DI;рЕОКНБНИ ОНФ. ХГБЕЫЮР. Б е-705. акнйхпнбйю;;;;;;
43YI009_MO.OP;;DO;рЕОКНБНИ ОНФ. ХГБЕЫЮР. Б е-705. акнйхпнбйю;;;;;;
43YI009_MO.MD;;DI;рЕОКНБНИ ОНФ. ХГБЕЫЮР. Б е-705. акнйхпнбйю;;;;;;
43YI009_MO.MD;;DO;рЕОКНБНИ ОНФ. ХГБЕЫЮР. Б е-705. акнйхпнбйю;;;;;;
43YI010_MO.PV;;DI;рЕОКНБНИ ОНФ. ХГБЕЫЮР. Б е-705. акнйхпнбйю;;;;;;
43YI010_MO.OP;;DI;рЕОКНБНИ ОНФ. ХГБЕЫЮР. Б е-705. акнйхпнбйю;;;;;;
43YI010_MO.OP;;DO;рЕОКНБНИ ОНФ. ХГБЕЫЮР. Б е-705. акнйхпнбйю;;;;;;
43YI010_MO.MD;;DI;рЕОКНБНИ ОНФ. ХГБЕЫЮР. Б е-705. акнйхпнбйю;;;;;;
43YI010_MO.MD;;DO;рЕОКНБНИ ОНФ. ХГБЕЫЮР. Б е-705. акнйхпнбйю;;;;;;
43HS572F_MO.PV;;DI;йнлюмдш бйк./нрйк. юб1. акнйхпнбйю;;;;;;
43HS572F_MO.OP;;DI;йнлюмдш бйк./нрйк. юб1. акнйхпнбйю;;;;;;
43HS572F_MO.OP;;DO;йнлюмдш бйк./нрйк. юб1. акнйхпнбйю;;;;;;
43HS573F_MO.PV;;DI;йнлюмдш бйк./нрйк. юб2. акнйхпнбйю;;;;;;
43HS573F_MO.OP;;DI;йнлюмдш бйк./нрйк. юб2. акнйхпнбйю;;;;;;
43HS573F_MO.OP;;DO;йнлюмдш бйк./нрйк. юб2. акнйхпнбйю;;;;;;
43HS574F_MO.PV;;DI;йнлюмдш бйк./нрйк. юб3. акнйхпнбйю;;;;;;
43HS574F_MO.OP;;DI;йнлюмдш бйк./нрйк. юб3. акнйхпнбйю;;;;;;
43HS574F_MO.OP;;DO;йнлюмдш бйк./нрйк. юб3. акнйхпнбйю;;;;;;
43HS575F_MO.PV;;DI;йнлюмдш бйк./нрйк. юб4. акнйхпнбйю;;;;;;
43HS575F_MO.OP;;DI;йнлюмдш бйк./нрйк. юб4. акнйхпнбйю;;;;;;
43HS575F_MO.OP;;DO;йнлюмдш бйк./нрйк. юб4. акнйхпнбйю;;;;;;
43HS576F_MO.PV;;DI;йнлюмдш бйк./нрйк. юб5. акнйхпнбйю;;;;;;
43HS576F_MO.OP;;DI;йнлюмдш бйк./нрйк. юб5. акнйхпнбйю;;;;;;
43HS576F_MO.OP;;DO;йнлюмдш бйк./нрйк. юб5. акнйхпнбйю;;;;;;
43HS570F_MO.PV;;DI;йнлюмдю нрйкчв. б4. акнйхпнбйю;;;;;;
43HS570F_MO.OP;;DI;йнлюмдю нрйкчв. б4. акнйхпнбйю;;;;;;
43HS570F_MO.OP;;DO;йнлюмдю нрйкчв. б4. акнйхпнбйю;;;;;;
93HS055F_MO.PV;;DI;йнлюмдш нрйп./гюйп. 10-XV-055. акнйхпнбйю;;;;;;
93HS055F_MO.OP;;DI;йнлюмдш нрйп./гюйп. 10-XV-055. акнйхпнбйю;;;;;;
93HS055F_MO.OP;;DO;йнлюмдш нрйп./гюйп. 10-XV-055. акнйхпнбйю;;;;;;
93HS056F_MO.PV;;DI;йнлюмдш нрйп./гюйп. 10-XV-056. акнйхпнбйю;;;;;;
93HS056F_MO.OP;;DI;йнлюмдш нрйп./гюйп. 10-XV-056. акнйхпнбйю;;;;;;
93HS056F_MO.OP;;DO;йнлюмдш нрйп./гюйп. 10-XV-056. акнйхпнбйю;;;;;;
93HS057F_MO.PV;;DI;йнлюмдш нрйп./гюйп. 10-XV-057. акнйхпнбйю;;;;;;
93HS057F_MO.OP;;DI;йнлюмдш нрйп./гюйп. 10-XV-057. акнйхпнбйю;;;;;;
93HS057F_MO.OP;;DO;йнлюмдш нрйп./гюйп. 10-XV-057. акнйхпнбйю;;;;;;
93HS058F_MO.PV;;DI;йнлюмдш нрйп./гюйп. 10-XV-058. акнйхпнбйю;;;;;;
93HS058F_MO.OP;;DI;йнлюмдш нрйп./гюйп. 10-XV-058. акнйхпнбйю;;;;;;
93HS058F_MO.OP;;DO;йнлюмдш нрйп./гюйп. 10-XV-058. акнйхпнбйю;;;;;;
93HS059F_MO.PV;;DI;йнлюмдш нрйп./гюйп. 10-XV-059. акнйхпнбйю;;;;;;
93HS059F_MO.OP;;DI;йнлюмдш нрйп./гюйп. 10-XV-059. акнйхпнбйю;;;;;;
93HS059F_MO.OP;;DO;йнлюмдш нрйп./гюйп. 10-XV-059. акнйхпнбйю;;;;;;
93HS060F_MO.PV;;DI;йнлюмдш нрйп./гюйп. 10-XV-060. акнйхпнбйю;;;;;;
93HS060F_MO.OP;;DI;йнлюмдш нрйп./гюйп. 10-XV-060. акнйхпнбйю;;;;;;
93HS060F_MO.OP;;DO;йнлюмдш нрйп./гюйп. 10-XV-060. акнйхпнбйю;;;;;;
93HS061F_MO.PV;;DI;йнлюмдш нрйп./гюйп. 10-XV-061. акнйхпнбйю;;;;;;
93HS061F_MO.OP;;DI;йнлюмдш нрйп./гюйп. 10-XV-061. акнйхпнбйю;;;;;;
93HS061F_MO.OP;;DO;йнлюмдш нрйп./гюйп. 10-XV-061. акнйхпнбйю;;;;;;
93HS062F_MO.PV;;DI;йнлюмдш нрйп./гюйп. 10-XV-062. акнйхпнбйю;;;;;;
93HS062F_MO.OP;;DI;йнлюмдш нрйп./гюйп. 10-XV-062. акнйхпнбйю;;;;;;
93HS062F_MO.OP;;DO;йнлюмдш нрйп./гюйп. 10-XV-062. акнйхпнбйю;;;;;;
93HS063F_MO.PV;;DI;йнлюмдш нрйп./гюйп. 10-XV-063. акнйхпнбйю;;;;;;
93HS063F_MO.OP;;DI;йнлюмдш нрйп./гюйп. 10-XV-063. акнйхпнбйю;;;;;;
93HS063F_MO.OP;;DO;йнлюмдш нрйп./гюйп. 10-XV-063. акнйхпнбйю;;;;;;
93HS064F_MO.PV;;DI;йнлюмдш нрйп./гюйп. 10-XV-064. акнйхпнбйю;;;;;;
93HS064F_MO.OP;;DI;йнлюмдш нрйп./гюйп. 10-XV-064. акнйхпнбйю;;;;;;
93HS064F_MO.OP;;DO;йнлюмдш нрйп./гюйп. 10-XV-064. акнйхпнбйю;;;;;;
93HS065F_MO.PV;;DI;йнлюмдш нрйп./гюйп. 10-XV-065. акнйхпнбйю;;;;;;
93HS065F_MO.OP;;DI;йнлюмдш нрйп./гюйп. 10-XV-065. акнйхпнбйю;;;;;;
93HS065F_MO.OP;;DO;йнлюмдш нрйп./гюйп. 10-XV-065. акнйхпнбйю;;;;;;
93HS066F_MO.PV;;DI;йнлюмдш нрйп./гюйп. 10-XV-066. акнйхпнбйю;;;;;;
93HS066F_MO.OP;;DI;йнлюмдш нрйп./гюйп. 10-XV-066. акнйхпнбйю;;;;;;
93HS066F_MO.OP;;DO;йнлюмдш нрйп./гюйп. 10-XV-066. акнйхпнбйю;;;;;;
93HS067F_MO.PV;;DI;йнлюмдш нрйп./гюйп. 10-XV-067. акнйхпнбйю;;;;;;
93HS067F_MO.OP;;DI;йнлюмдш нрйп./гюйп. 10-XV-067. акнйхпнбйю;;;;;;
93HS067F_MO.OP;;DO;йнлюмдш нрйп./гюйп. 10-XV-067. акнйхпнбйю;;;;;;
93HS068F_MO.PV;;DI;йнлюмдш нрйп./гюйп. 10-XV-068. акнйхпнбйю;;;;;;
93HS068F_MO.OP;;DI;йнлюмдш нрйп./гюйп. 10-XV-068. акнйхпнбйю;;;;;;
93HS068F_MO.OP;;DO;йнлюмдш нрйп./гюйп. 10-XV-068. акнйхпнбйю;;;;;;
43HS075F_MO.PV;;DI;йнлюмдю бйк. юяс ор НА. 862-56. акнйхпнбйю;;;;;;
43HS075F_MO.OP;;DI;йнлюмдю бйк. юяс ор НА. 862-56. акнйхпнбйю;;;;;;
43HS075F_MO.OP;;DO;йнлюмдю бйк. юяс ор НА. 862-56. акнйхпнбйю;;;;;;
IB431_FGS1_D1.PV;;DI;тнпяюф пюгпеьем;;;;;;
IB431_FGS1_D2.PV;;DI;юйрхбмш тнпяюфх;;;;;;
IB431_FGS1_T.PV;;DI;релоепюрспю ме б мнпле;;;;;;
IB431_FGS1_CS.PV;;DI;бмеьм. хярнвмхй бпелемх;;;;;;
IB101_FGS1_CS.PV;;DI;бмеьм. хярнвмхй бпелемх;;;;;;
IB101_FGS1_D1.PV;;DI;тнпяюф пюгпеьем;;;;;;
IB101_FGS1_D2.PV;;DI;юйрхбмш тнпяюфх;;;;;;
IB101_FGS1_T.PV;;DI;релоепюрспю ме б мнпле;;;;;;
10XSO036C.PV;;DI;онфюп. щк. гюдбхфйю 10-XV-036. цнрнбмнярэ й нрйпшрхч;;;;;;
10XSO037C.PV;;DI;онфюп. щк. гюдбхфйю 10-XV-037. цнрнбмнярэ й нрйпшрхч;;;;;;
10XSO038C.PV;;DI;онфюп. щк. гюдбхфйю 10-XV-038. цнрнбмнярэ й нрйпшрхч;;;;;;
30XSO059C.PV;;DI;30XV059 - цнрнбмнярэ й нрйпшрхч;;;;;;+
30XSO300C.PV;;DI;30XSO300C - цнрнбмнярэ й нрйпшрхч;;;;;;+
IB301_FGS1_CF_ALM.PV;;DI;яани йнмрпнккепю FGS301_1;;;;;;++
430_11_15_GAS.PV;;DI;нАНАЫЕММШИ ЯХЦМЮК Н ГЮЦЮГНБЮММНЯРХ НА. 430-11, 430-15;;;;;;
IB301_FGS_D1.PV;;DI;тнпяюф пюгпеьем;;;;;;++
IB301_FGS_D2.PV;;DI;юйрхбмш тнпяюфх;;;;;;++
52XA042C.PV;;DI;2AB1 цнрнб й пюанре;;;;;;
52XA043C.PV;;DI;2AB2 цнрнб й пюанре;;;;;;
52XA041C.PV;;DI;1AB5 цнрнб й пюанре;;;;;;
52XA040C.PV;;DI;1AB4 цнрнб й пюанре;;;;;;
52XA039C.PV;;DI;1AB3 цнрнб й пюанре;;;;;;
52XA038C.PV;;DI;1AB2 цнрнб й пюанре;;;;;;
52XA037C.PV;;DI;1AB1 цнрнб й пюанре;;;;;;
IB511_FGS1_CF.PV;;DI;яАНИ ЙНМРПНККЕПЮ FGS511_1;;;;;;
IB511_FGS1_SF.PV;;DI;нЬХАЙЮ АСТЕПЮ SOE FGS511_1;;;;;;
51HS144.PV;;DI;псвмни хгбеыюрекэ бнгке мюянямни я.5200;;;;;;
51HS150.PV;;DI;псвмни хгб. бмсрп. щярюй. (бнгке р-5201);;;;;;
51HS151.PV;;DI;псвмни хгб. л/д мюянямни я.5200 х F-5100;;;;;;
51YI001.PV;;DI;дюрвхй намюпсф. окюлемх б йнлопеяянпмни;;;;;;
51YI003.PV;;DI;дюрвхй намюпсф. окюлемх б йнлопеяянпмни;;;;;;
51YI005.PV;;DI;дюрвхй намюпсф. окюлемх б мюянямни кбф;;;;;;
51YI002.PV;;DI;дюрвхй намюпсф. окюлемх б йнлопеяянпмни;;;;;;
51YI004.PV;;DI;дюрвхй намюпсф. окюлемх б йнлопеяянпмни;;;;;;
51YI006.PV;;DI;дюрвхй намюпсф. окюлемх б мюянямни кбф;;;;;;
00XA511G01P01.PV;;DI;IB-51-1 ьйют FGS-01 мехяопюбмнярэ хо 01;;;;;;
00XA511G01P02.PV;;DI;IB-51-1 ьйют FGS-01 мехяопюбмнярэ хо 02;;;;;;
00XA511G01P03.PV;;DI;IB-51-1 ьйют FGS-01 мехяопюбмнярэ хо 03;;;;;;
00XA511G01P04.PV;;DI;IB-51-1 ьйют FGS-01 мехяопюбмнярэ хо 04;;;;;;
00XA511G01ELD.PV;;DI;IB-51-1 ьйют FGS-01 гюгелкемхе сревйю мю гелкч;;;;;;
00XA511G01FAN.PV;;DI;IB-51-1 ьйют FGS-01 мехяопюбмнярэ бемрхкърнпю;;;;;;
00XA511G01TMP.PV;;DI;IB-51-1 ьйют FGS-01 опебшьемхе релоепюрспш б ьйютс;;;;;;
52HS073.PV;;DI;5100 ЙМНОЙЮ РЕЯРЮ ЯХПЕМ Х ЛЮЪВЙНБ ОН ЦНПЧВЕЛС ЦЮГС С V-5160;;;;;;
52HS072.PV;;DI;5100 ЙМНОЙЮ РЕЯРЮ ЯХПЕМ Х ЛЮЪВЙНБ ОН ЦНПЧВЕЛС ЦЮГС БМСРПХ ЩЯРЮЙЮДШ;;;;;;
52HS075.PV;;DI;5100 ЙМНОЙЮ РЕЯРЮ ЯХПЕМ Х ЛЮЪВЙНБ ОН РНЙЯХВМНЛС ЦЮГС БМСРПХ ЩЯРЮЙЮДШ;;;;;;
52HS077.PV;;DI;5100 ЙМНОЙЮ РЕЯРЮ ЯХПЕМ Х ЛЮЪВЙНБ ОН РНЙЯХВМНЛС ЦЮГС С F-5100;;;;;;
52HS078.PV;;DI;5100 ЙМНОЙЮ РЕЯРЮ ЯХПЕМ Х ЛЮЪВЙНБ ОН РНЙЯХВМНЛС ЦЮГС С F-5100;;;;;;
52HS079.PV;;DI;5200 ЙМНОЙЮ РЕЯРЮ ЯХПЕМ Х ЛЮЪВЙНБ ОН РНЙЯХВМНЛС ЦЮГС БМСРПХ ЩЯРЮЙЮДШ;;;;;;
52HS076.PV;;DI;5100 ЙМНОЙЮ РЕЯРЮ ЯХПЕМ Х ЛЮЪВЙНБ ОН РНЙЯХВМНЛС ЦЮГС БМСРПХ ЩЯРЮЙЮДШ;;;;;;
52HS074.PV;;DI;5200 ЙМНОЙЮ РЕЯРЮ ЯХПЕМ Х ЛЮЪВЙНБ ОН РНЙЯХВМНЛС ЦЮГС БМСРПХ ЩЯРЮЙЮДШ;;;;;;
52HS080.PV;;DI;5100 ЙМНОЙЮ РЕЯРЮ ЯХПЕМ Х ЛЮЪВЙНБ ОН ЦНПЧВЕЛС ЦЮГС Б МЮЯНЯМНИ кбф;;;;;;
52HS081.PV;;DI;5100 ЙМНОЙЮ РЕЯРЮ ЯХПЕМ Х ЛЮЪВЙНБ ОН ЦНПЧВЕЛС ЦЮГС Б МЮЯНЯМНИ кбф;;;;;;
52HS082.PV;;DI;5100 ЙМНОЙЮ РЕЯРЮ ЯХПЕМ Х ЛЮЪВЙНБ ОН РНЙЯХВМНЛС ЦЮГС Б МЮЯНЯМНИ ЯЕЙ 5100;;;;;;
52HS083.PV;;DI;5100 ЙМНОЙЮ РЕЯРЮ ЯХПЕМ Х ЛЮЪВЙНБ ОН РНЙЯХВМНЛС ЦЮГС Б МЮЯНЯМНИ ЯЕЙ 5100;;;;;;
52HS084.PV;;DI;5200 ЙМНОЙЮ РЕЯРЮ ЯХПЕМ Х ЛЮЪВЙНБ ОН РНЙЯХВМНЛС ЦЮГС Б ЙНЛОПЕЯЯНПМНИ;;;;;;
52HS085.PV;;DI;5200 ЙМНОЙЮ РЕЯРЮ ЯХПЕМ Х ЛЮЪВЙНБ ОН РНЙЯХВМНЛС ЦЮГС Б ЙНЛОПЕЯЯНПМНИ;;;;;;
52HS086.PV;;DI;5200 ЙМНОЙЮ РЕЯРЮ ЯХПЕМ Х ЛЮЪВЙНБ ОН РНЙЯХВМНЛС ЦЮГС Б МЮЯНЯМНИ ЯЕЙ 5200;;;;;;
52HS087.PV;;DI;5200 ЙМНОЙЮ РЕЯРЮ ЯХПЕМ Х ЛЮЪВЙНБ ОН РНЙЯХВМНЛС ЦЮГС Б МЮЯНЯМНИ ЯЕЙ 5200;;;;;;
00XA511GMC01.PV;;DI;IB-51-1 ьйют F-MC-01 наыхи юбюпхимши яхцмюк;;;;;;
00XA511GMC02.PV;;DI;IB-51-1 ьйют F-MC-02 наыхи юбюпхимши яхцмюк;;;;;;
52XV020.PV;;DI;щкейрп. гюдбхфйю Z-5107;;;;;;
52XV020.OP;;DI;щкейрп. гюдбхфйю Z-5107;;;;;;
52XV020.OP;;DO;щкейрп. гюдбхфйю Z-5107;;;;;;
52XV020_AL.PV;;DI;щкейрп. гюдбхфйю Z-5107 яхцмюкхгюжхъ;;;;;;
52XAF020.PV;;DI;щкейрп. гюдбхфйю Z-5107 - гюйкхмхкн;;;;;;
52HS020A1.PV;;DI;нрйпшрхе щк гюдбхфйх Z-5107 (бндю мю йн);;;;;;
52XV021.PV;;DI;щкейрп. гюдбхфйю Z-5108;;;;;;
52XV021.OP;;DI;щкейрп. гюдбхфйю Z-5108;;;;;;
52XV021.OP;;DO;щкейрп. гюдбхфйю Z-5108;;;;;;
52XV021_AL.PV;;DI;щкейрп. гюдбхфйю Z-5108 яхцмюкхгюжхъ;;;;;;
52XAF021.PV;;DI;щкейрп. гюдбхфйю Z-5108 - гюйкхмхкн;;;;;;
52HS021A1.PV;;DI;нрйп щк гюдб Z-5108 (бндю б дпемв я-лс);;;;;;
52HS127.PV;;DI;5100 ЙМНОЙЮ РЕЯРЮ ЯХПЕМ Х ЛЮЪВЙНБ ОН ОНФЮПС Б ГНМЕ;;;;;;
52HS128.PV;;DI;5100 ЙМНОЙЮ РЕЯРЮ ЯХПЕМ Х ЛЮЪВЙНБ ОН ОНФЮПС Б ГНМЕ;;;;;;
52XS120.PV;;DI;ро. онфюп;;;;;;
52XS121.PV;;DI;йнмрпнккепмюъ. бяонл.онлеыемхъ. онфюп;;;;;;
52XA123F.PV;;DI;йнлопеяянпмюъ. бяонл.онлеыемхъ. онфюп;;;;;;
52HS059A.PV;;DI;ймнойю бйк. бемр (1юб1,1юб2)(мюя. 5100);;;;;;
52HS059B.PV;;DI;ймнойю нрйк. бемр (1юб1,1юб2)(мюя. 5100);;;;;;
52HS062.PV;;DI;ймнойю цп.нрйк. бемр. (1юб1, !юб2, 1б2);;;;;;
52HS063.PV;;DI;ймнойю цп.нрйк. бемр. (1юб1, !юб2, 1б2);;;;;;
52HS060A.PV;;DI;ймнойю бйк. бемр. (1юб3) (мюя. кбф);;;;;;
52HS060B.PV;;DI;ймнойю нрйк. бемр. (1юб3) (мюя. кбф);;;;;;
52HS066.PV;;DI;ймнойю цп.нрйк. бемр. (1юб3, 1б3);;;;;;
52HS061A.PV;;DI;ймнойю бйк. бемр.(1юб4,1юб5)(мюя. 5200);;;;;;
52HS061B.PV;;DI;ймнойю нрйк. бемр.(1юб4,1юб5)(мюя. 5200);;;;;;
52HS067.PV;;DI;ймнойю цп.нрйк. бемр. (1юб4, 1юб5, 1б4);;;;;;
52HS061B_MO.PV;;DI;ймнойю нрйк. бемр.(1юб4,1юб5)(мюя. 5200);;;;;;
52HS061B_MO.OP;;DI;ймнойю нрйк. бемр.(1юб4,1юб5)(мюя. 5200);;;;;;
52HS061B_MO.OP;;DO;ймнойю нрйк. бемр.(1юб4,1юб5)(мюя. 5200);;;;;;
52HS061B_MO.MD;;DI;ймнойю нрйк. бемр.(1юб4,1юб5)(мюя. 5200);;;;;;
52HS062_MO.PV;;DI;ймнойю цп.нрйк. бемр. (1юб1, !юб2, 1б2);;;;;;
52HS062_MO.OP;;DI;ймнойю цп.нрйк. бемр. (1юб1, !юб2, 1б2);;;;;;
52HS062_MO.OP;;DO;ймнойю цп.нрйк. бемр. (1юб1, !юб2, 1б2);;;;;;
52HS062_MO.MD;;DI;ймнойю цп.нрйк. бемр. (1юб1, !юб2, 1б2);;;;;;
52HS063_MO.PV;;DI;ймнойю цп.нрйк. бемр. (1юб1, !юб2, 1б2);;;;;;
52HS063_MO.OP;;DI;ймнойю цп.нрйк. бемр. (1юб1, !юб2, 1б2);;;;;;
52HS063_MO.OP;;DO;ймнойю цп.нрйк. бемр. (1юб1, !юб2, 1б2);;;;;;
52HS063_MO.MD;;DI;ймнойю цп.нрйк. бемр. (1юб1, !юб2, 1б2);;;;;;
52HS066_MO.PV;;DI;ймнойю цп.нрйк. бемр. (1юб3, 1б3);;;;;;
52HS066_MO.OP;;DI;ймнойю цп.нрйк. бемр. (1юб3, 1б3);;;;;;
52HS066_MO.OP;;DO;ймнойю цп.нрйк. бемр. (1юб3, 1б3);;;;;;
52HS066_MO.MD;;DI;ймнойю цп.нрйк. бемр. (1юб3, 1б3);;;;;;
52HS067_MO.PV;;DI;ймнойю цп.нрйк. бемр. (1юб4, 1юб5, 1б4);;;;;;
52HS067_MO.OP;;DI;ймнойю цп.нрйк. бемр. (1юб4, 1юб5, 1б4);;;;;;
52HS067_MO.OP;;DO;ймнойю цп.нрйк. бемр. (1юб4, 1юб5, 1б4);;;;;;
52HS067_MO.MD;;DI;ймнойю цп.нрйк. бемр. (1юб4, 1юб5, 1б4);;;;;;
52HS068_MO.PV;;DI;ймнойю цп.нрйк. бемр. (1юб4, 1юб5, 1б4);;;;;;
52HS068_MO.OP;;DI;ймнойю цп.нрйк. бемр. (1юб4, 1юб5, 1б4);;;;;;
52HS068_MO.OP;;DO;ймнойю цп.нрйк. бемр. (1юб4, 1юб5, 1б4);;;;;;
52HS068_MO.MD;;DI;ймнойю цп.нрйк. бемр. (1юб4, 1юб5, 1б4);;;;;;
52HS069A_MO.PV;;DI;ймнойю бйк. бемр. (2юб1,2юб2)(йнлоп-мюъ);;;;;;
52HS069A_MO.OP;;DI;ймнойю бйк. бемр. (2юб1,2юб2)(йнлоп-мюъ);;;;;;
52HS069A_MO.OP;;DO;ймнойю бйк. бемр. (2юб1,2юб2)(йнлоп-мюъ);;;;;;
52HS069A_MO.MD;;DI;ймнойю бйк. бемр. (2юб1,2юб2)(йнлоп-мюъ);;;;;;
52HS069B_MO.PV;;DI;ймнойю бйк. бемр. (2юб1,2юб2)(йнлоп-мюъ);;;;;;
52HS069B_MO.OP;;DI;ймнойю бйк. бемр. (2юб1,2юб2)(йнлоп-мюъ);;;;;;
52HS069B_MO.OP;;DO;ймнойю бйк. бемр. (2юб1,2юб2)(йнлоп-мюъ);;;;;;
52HS069B_MO.MD;;DI;ймнойю бйк. бемр. (2юб1,2юб2)(йнлоп-мюъ);;;;;;
52HS070_MO.PV;;DI;ймнойю цп.нрйк.бемр. (2юб1, 2юб2, 2б1);;;;;;
52HS070_MO.OP;;DI;ймнойю цп.нрйк.бемр. (2юб1, 2юб2, 2б1);;;;;;
52HS070_MO.OP;;DO;ймнойю цп.нрйк.бемр. (2юб1, 2юб2, 2б1);;;;;;
52HS070_MO.MD;;DI;ймнойю цп.нрйк.бемр. (2юб1, 2юб2, 2б1);;;;;;
52HS071_MO.PV;;DI;ймнойю цп.нрйк.бемр. (2юб1, 2юб2, 2б1);;;;;;
52HS071_MO.OP;;DI;ймнойю цп.нрйк.бемр. (2юб1, 2юб2, 2б1);;;;;;
52HS071_MO.OP;;DO;ймнойю цп.нрйк.бемр. (2юб1, 2юб2, 2б1);;;;;;
52HS071_MO.MD;;DI;ймнойю цп.нрйк.бемр. (2юб1, 2юб2, 2б1);;;;;;
FGS_511_1_F1.PV;;DI;IB-51-1 яхярелю FGS-01 янярнъмхе йнмрпнккепю;;;;;;
FGS_511_1_F2.PV;;DI;IB-51-1 яхярелю FGS-01 янярнъмхе бмеьмеи ябъгх;;;;;;
FGS_511_1_F3.PV;;DI;IB-51-1 яхярелю FGS-01 янярнъмхе лндскеи ббндю/бшбндю;;;;;;
FGS_511_1_F4.PV;;DI;IB-51-1 яхярелю FGS-01 наыее янярнъмхе яхяр. ьйютю;;;;;;
FGS_511_1_F5.PV;;DI;IB-51-1 яхярелю FGS-01 наыее янярнъмхе йпняя. ьйютнб;;;;;;
52HS141_RR.PV;;DI;цнрнбмнярэ й яапняс 5100/5200 -цнпчв.цюг;;;;;;
52HS142_RR.PV;;DI;цнрнбмнярэ й яапняс 5100/5200 -рнйя.цюг;;;;;;
52GA021.PV;;DI;сревйю NH3 бнгке р-5130;;;;;;
52GA003.PV;;DI;сревйю H2S бнгке пегепбсюпю F-5100;;;;;;
52GA004.PV;;DI;сревйю NH3 бнгке пегепбсюпю F-5100;;;;;;
52GA005.PV;;DI;сревйю H2S бнгке пегепбсюпю F-5100;;;;;;
52GA006.PV;;DI;сревйю NH3 бнгке пегепбсюпю F-5100;;;;;;
52GA007.PV;;DI;сревйю H2S бнгке пегепбсюпю F-5100;;;;;;
52GA008.PV;;DI;сревйю NH3 бнгке пегепбсюпю F-5100;;;;;;
52GA010.PV;;DI;сревйю NH3 л/д мюянямни я.5200 х F-5100;;;;;;
52GA009.PV;;DI;сревйю H2S л/д мюянямни я.5200 х F-5100;;;;;;
52GA014.PV;;DI;сревйю м2S л/д бмсрп. щярюйюдни х T-5201;;;;;;
52GA015.PV;;DI;сревйю м2S бнгке V-5202;;;;;;
52GA023.PV;;DI;сревйю NH3 бнгке е-5201ю,б х V-5202;;;;;;
52GA024.PV;;DI;сревйю NH3 бнгке V-5202;;;;;;
52GA013.PV;;DI;сревйю м2S бнгке T-5110 х р-5120;;;;;;
52GA022.PV;;DI;сревйю NH3 бнгке V-5161;;;;;;
52GA020.PV;;DI;сревйю NH3 бнгке S-5160;;;;;;
52GA016.PV;;DI;сревйю м2S б мюянямни C.5100;;;;;;
52GA017.PV;;DI;сревйю м2S б мюянямни C.5100;;;;;;
52GA025.PV;;DI;сревйю NH3 б мюянямни я.5100;;;;;;
52GA026.PV;;DI;сревйю NH3 б мюянямни я.5100;;;;;;
52GA018.PV;;DI;сревйю м2S б мюянямни C.5200;;;;;;
52GA019.PV;;DI;сревйю м2S б мюянямни C.5200;;;;;;
52GA027.PV;;DI;сревйю NH3 б мюянямни я.5200;;;;;;
52GA028.PV;;DI;сревйю NH3 б мюянямни я.5200;;;;;;
52GA029.PV;;DI;сревйю NH3 б йнлопеяянпмни (я-5140);;;;;;
52GA030.PV;;DI;сревйю NH3 б йнлопеяянпмни (я-5140S);;;;;;
52GA001.PV;;DI;сРЕВЙЮ ЦНПЧВЕЦН ЦЮГЮ БНГКЕ й-5160;;;;;;
52GA002.PV;;DI;сревйю цнпчвецн цюгю бнгке р-5130;;;;;;
52GA011.PV;;DI;сревйю цнпчвецн цюгю б мюянямни кбф;;;;;;
52GA012.PV;;DI;сревйю цнпчвецн цюгю б мюянямни кбф;;;;;;
51HS157_RR.PV;;DI;цнрнбмнярэ й яапняс 5100/5200 - окюлъ;;;;;;
51XA135.PV;;DI;псвмни хгбеыюрекэ бнгке йнмрпнкепмни;;;;;;
51XA136.PV;;DI;псвмни хгбеыюрекэ бнгке йнмрпнкепмни;;;;;;
51XA137.PV;;DI;псвмни хгбеыюрекэ бнгке ро;;;;;;
51XA138.PV;;DI;псвмни хгбеыюрекэ бнгке ро;;;;;;
51XA139.PV;;DI;псвмни хгбеыюрекэ бнгке ро;;;;;;
51XA140.PV;;DI;псвмни хгбеыюрекэ бнгке ро;;;;;;
51XA141.PV;;DI;псвмни хгб. с бундю б бемрйюлепс я.5100;;;;;;
51XA142.PV;;DI;псвмни хгбеыюрекэ бнгке мюянямни я.5100;;;;;;
51XA143.PV;;DI;псвмни хгбеыюрекэ б мюянямни кб;;;;;;
52GI021.PV;;DI;сревйю NH3 бнгке р-5130;;;;;;
52GI003.PV;;DI;сревйю H2S бнгке пегепбсюпю F-5100;;;;;;
52GI004.PV;;DI;сревйю NH3 бнгке пегепбсюпю F-5100;;;;;;
52GI005.PV;;DI;сревйю H2S бнгке пегепбсюпю F-5100;;;;;;
52GI006.PV;;DI;сревйю NH3 бнгке пегепбсюпю F-5100;;;;;;
52GI007.PV;;DI;сревйю H2S бнгке пегепбсюпю F-5100;;;;;;
52GI008.PV;;DI;сревйю NH3 бнгке пегепбсюпю F-5100;;;;;;
52GI010.PV;;DI;сревйю NH3 л/д мюянямни я.5200 х F-5100;;;;;;
52GI009.PV;;DI;сревйю H2S л/д мюянямни я.5200 х F-5100;;;;;;
52GI014.PV;;DI;сревйю м2S л/д бмсрп. щярюйюдни х T-5201;;;;;;
52GI015.PV;;DI;сревйю м2S бнгке V-5202;;;;;;
52GI023.PV;;DI;сревйю NH3 бнгке е-5201ю,б х V-5202;;;;;;
52GI024.PV;;DI;сревйю NH3 бнгке V-5202;;;;;;
52GI013.PV;;DI;сревйю м2S бнгке T-5110 х р-5120;;;;;;
52GI022.PV;;DI;сревйю NH3 бнгке V-5161;;;;;;
52GI020.PV;;DI;сревйю NH3 бнгке S-5160;;;;;;
52GI016.PV;;DI;сревйю м2S б мюянямни C.5100;;;;;;
52GI017.PV;;DI;сревйю м2S б мюянямни C.5100;;;;;;
52GI025.PV;;DI;сревйю NH3 б мюянямни я.5100;;;;;;
52GI026.PV;;DI;сревйю NH3 б мюянямни я.5100;;;;;;
52GI018.PV;;DI;сревйю м2S б мюянямни C.5200;;;;;;
52GI019.PV;;DI;сревйю м2S б мюянямни C.5200;;;;;;
52GI027.PV;;DI;сревйю NH3 б мюянямни я.5200;;;;;;
52GI028.PV;;DI;сревйю NH3 б мюянямни я.5200;;;;;;
52GI029.PV;;DI;сревйю NH3 б йнлопеяянпмни (я-5140);;;;;;
52GI030.PV;;DI;сревйю NH3 б йнлопеяянпммни (я-5140S);;;;;;
52GI001.PV;;DI;сревйю цнпчвецн цюгю бнгке й-5160;;;;;;
52GI002.PV;;DI;сревйю цнпчвецн цюгю бнгке р-5130;;;;;;
52GI011.PV;;DI;сревйю цнпчвецн цюгю б мюянямни кбф;;;;;;
52GI012.PV;;DI;сревйю цнпчвецн цюгю б мюянямни кбф;;;;;;
51HS135.PV;;DI;псвмни хгбеыюрекэ бнгке йнмрпнкепмни;;;;;;
51HS136.PV;;DI;псвмни хгбеыюрекэ бнгке йнмрпнкепмни;;;;;;
51HS137.PV;;DI;псвмни хгбеыюрекэ бнгке ро;;;;;;
51HS138.PV;;DI;псвмни хгбеыюрекэ бнгке ро;;;;;;
51HS139.PV;;DI;псвмни хгбеыюрекэ бнгке ро;;;;;;
51HS140.PV;;DI;псвмни хгбеыюрекэ бнгке ро;;;;;;
51HS141.PV;;DI;псвмни хгб. с бундю б бемрйюлепс я.5100;;;;;;
51HS142.PV;;DI;псвмни хгбеыюрекэ бнгке мюянямни я.5100;;;;;;
51HS143.PV;;DI;псвмни хгбеыюрекэ б мюянямни кбф;;;;;;
51HS145.PV;;DI;псвмни хгбеыюрекэ бнгке йнлопеяянпмни;;;;;;
51HS146.PV;;DI;псвмни хгбеыюрекэ бнгке йнлопеяянпмни;;;;;;
51HS147.PV;;DI;псвмни хгбеыюрекэ бнгке йнлопеяянпмни;;;;;;
51HS148.PV;;DI;псвмни хгбеыюрекэ бунд б йнлм.люьхмхярю;;;;;;
51HS149.PV;;DI;псвмни хгбеыюрекэ бунд б йнлопеяянпмсч;;;;;;
51HS152.PV;;DI;псвмни хгб. бнгке бундю б йюпрс F-5100;;;;;;
52HS068.PV;;DI;ймнойю цп.нрйк. бемр. (1юб4, 1юб5, 1б4);;;;;;
52HS069A.PV;;DI;ймнойю бйк. бемр. (2юб1,2юб2)(йнлоп-мюъ);;;;;;
52HS069B.PV;;DI;ймнойю бйк. бемр. (2юб1,2юб2)(йнлоп-мюъ);;;;;;
52HS070.PV;;DI;ймнойю цп.нрйк.бемр. (2юб1, 2юб2, 2б1);;;;;;
52HS071.PV;;DI;ймнойю цп.нрйк.бемр. (2юб1, 2юб2, 2б1);;;;;;
52XA104.PV;;DI;яхпемю. цнпчвхи цюг б мюянямни кбф;;;;;;
52XA105.PV;;DI;яхпемю. цнпчвхи цюг б мюянямни кбф;;;;;;
52XA106.PV;;DI;яхпемю. рнйяхвмши цюг б мюянямни я.5100;;;;;;
52XA107.PV;;DI;яхпемю. рнйяхвмши цюг б мюянямни я.5100;;;;;;
52XA108.PV;;DI;яхпемю. рнйяхвмши цюг б йнлопеяянпмни;;;;;;
52XA109.PV;;DI;яхпемю. рнйяхвмши цюг б йнлопеяянпмни;;;;;;
52XA110.PV;;DI;яхпемю. рнйяхвмши цюг б мюянямни я.5200;;;;;;
52XA111.PV;;DI;яхпемю. рнйяхвмши цюг б мюянямни я.5200;;;;;;
52XA112.PV;;DI;яхпемю (цнпчвхи цюг). бнгке V-5160A,B;;;;;;
52XA114.PV;;DI;яхпемю (рнйяхвмши цюг). бмсрп. щярюйюдю;;;;;;
52XA119.PV;;DI;яхпемю (цнпчвхи цюг). бмсрп. щярюйюдю;;;;;;
52XA116.PV;;DI;яхпемю (рнйяхвмши цюг). бнгке F-5100;;;;;;
52XA117.PV;;DI;яхпемю (рнйяхвмши цюг). бнгке F-5100;;;;;;
52XA118.PV;;DI;яхпемю (рнйяхвмши цюг). бмсрп. щярюйюдю;;;;;;
52XA115.PV;;DI;яхпемю (рнйяхвмши цюг). бмсрп. щярюйюдю;;;;;;
52XA113.PV;;DI;яхпемю (рнйяхвмши цюг). бмсрп. щярюйюдю;;;;;;
52XA088.PV;;DI;люъвнй. цнпчвхи цюг б мюянямни кбф;;;;;;
52XA089.PV;;DI;люъвнй. цнпчвхи цюг б мюянямни кбф;;;;;;
52XA090.PV;;DI;люъвнй.рнйяхвмши цюг б мюянямни я.5100;;;;;;
52XA091.PV;;DI;люъвнй.рнйяхвмши цюг б мюянямни я.5100;;;;;;
52XA092.PV;;DI;люъвнй. рнйяхвмши цюг б йнлопеяянпмни;;;;;;
52XA093.PV;;DI;люъвнй. рнйяхвмши цюг б йнлопеяянпмни;;;;;;
52XA094.PV;;DI;люъвнй. рнйяхвмши цюг б мюянямни я.5200;;;;;;
52XA095.PV;;DI;люъвнй. рнйяхвмши цюг б мюянямни я.5200;;;;;;
52XA096.PV;;DI;люъвнй. цнпчвхи цюг бнгке V-5160A,B;;;;;;
52XA098.PV;;DI;люъвнй. цнпчвхи цюг (бмсрп. щярюйюдю);;;;;;
52XA099.PV;;DI;люъвнй. рнйяхвмши цюг (бмсрп. щярюйюдю);;;;;;
52XA101.PV;;DI;люъвнй. рнйяхвмши цюг бнгке F-5100;;;;;;
52XA102.PV;;DI;люъвнй. рнйяхвмши цюг бнгке F-5100;;;;;;
52XA103.PV;;DI;люъвнй рнйяхвмши цюг (бмсрп. щярюйюдю);;;;;;
52XA100.PV;;DI;люъвнй. рнйяхвмши цюг (бмсрп. щярюйюдю);;;;;;
52XA097.PV;;DI;люъвнй рнйяхвмши цюг (бмсрп. щярюйюдю);;;;;;
52XA129.PV;;DI;люъвнй (онфюп). йнлопеяянпмюъ;;;;;;
52XA130.PV;;DI;люъвнй (онфюп). йнлопеяянпмюъ;;;;;;
52XA131.PV;;DI;яхпемю (онфюп). йнлопеяянпмюъ;;;;;;
52XA132.PV;;DI;яхпемю (онфюп). йнлопеяянпмюъ;;;;;;
52XY125A.PV;;DI;нрйкчвемхе бемряхярелш 1о4;;;;;;
52XY125B.PV;;DI;нрйкчвемхе бемряхярелш 1о5;;;;;;
52XY125C.PV;;DI;нрйкчвемхе бемряхярелш 1о6;;;;;;
52XY126.PV;;DI;нрйкчвемхе бемряхярелш 2о1, 2б1;;;;;;
52HS141.PV;;DI;яапня 5100/5200 - цнпчвхи цюг;;;;;;
52HS141.OP;;DI;яапня 5100/5200 - цнпчвхи цюг;;;;;;
52HS141.OP;;DO;яапня 5100/5200 - цнпчвхи цюг;;;;;;
52HS142.PV;;DI;яапня 5100/5200 -рнйяхвмши цюг;;;;;;
52HS142.OP;;DI;яапня 5100/5200 -рнйяхвмши цюг;;;;;;
52HS142.OP;;DO;яапня 5100/5200 -рнйяхвмши цюг;;;;;;
52GI021_MO.PV;;DI;сревйю NH3 бнгке р-5130;;;;;;
52GI021_MO.OP;;DI;сревйю NH3 бнгке р-5130;;;;;;
52GI021_MO.OP;;DO;сревйю NH3 бнгке р-5130;;;;;;
52GI021_MO.MD;;DI;сревйю NH3 бнгке р-5130;;;;;;
52GI003_MO.PV;;DI;сревйю H2S бнгке пегепбсюпю F-5100;;;;;;
52GI003_MO.OP;;DI;сревйю H2S бнгке пегепбсюпю F-5100;;;;;;
52GI003_MO.OP;;DO;сревйю H2S бнгке пегепбсюпю F-5100;;;;;;
52GI003_MO.MD;;DI;сревйю H2S бнгке пегепбсюпю F-5100;;;;;;
52GI004_MO.PV;;DI;сревйю NH3 бнгке пегепбсюпю F-5100;;;;;;
52GI004_MO.OP;;DI;сревйю NH3 бнгке пегепбсюпю F-5100;;;;;;
52GI004_MO.OP;;DO;сревйю NH3 бнгке пегепбсюпю F-5100;;;;;;
52GI004_MO.MD;;DI;сревйю NH3 бнгке пегепбсюпю F-5100;;;;;;
52GI005_MO.PV;;DI;сревйю H2S бнгке пегепбсюпю F-5100;;;;;;
52GI005_MO.OP;;DI;сревйю H2S бнгке пегепбсюпю F-5100;;;;;;
52GI005_MO.OP;;DO;сревйю H2S бнгке пегепбсюпю F-5100;;;;;;
52GI005_MO.MD;;DI;сревйю H2S бнгке пегепбсюпю F-5100;;;;;;
52GI006_MO.PV;;DI;сревйю NH3 бнгке пегепбсюпю F-5100;;;;;;
52GI006_MO.OP;;DI;сревйю NH3 бнгке пегепбсюпю F-5100;;;;;;
52GI006_MO.OP;;DO;сревйю NH3 бнгке пегепбсюпю F-5100;;;;;;
52GI006_MO.MD;;DI;сревйю NH3 бнгке пегепбсюпю F-5100;;;;;;
52GI007_MO.PV;;DI;сревйю H2S бнгке пегепбсюпю F-5100;;;;;;
52GI007_MO.OP;;DI;сревйю H2S бнгке пегепбсюпю F-5100;;;;;;
52GI007_MO.OP;;DO;сревйю H2S бнгке пегепбсюпю F-5100;;;;;;
52GI007_MO.MD;;DI;сревйю H2S бнгке пегепбсюпю F-5100;;;;;;
52GI008_MO.PV;;DI;сревйю NH3 бнгке пегепбсюпю F-5100;;;;;;
52GI008_MO.OP;;DI;сревйю NH3 бнгке пегепбсюпю F-5100;;;;;;
52GI008_MO.OP;;DO;сревйю NH3 бнгке пегепбсюпю F-5100;;;;;;
52GI008_MO.MD;;DI;сревйю NH3 бнгке пегепбсюпю F-5100;;;;;;
52GI010_MO.PV;;DI;сревйю NH3 л/д мюянямни я.5200 х F-5100;;;;;;
52GI010_MO.OP;;DI;сревйю NH3 л/д мюянямни я.5200 х F-5100;;;;;;
52GI010_MO.OP;;DO;сревйю NH3 л/д мюянямни я.5200 х F-5100;;;;;;
52GI010_MO.MD;;DI;сревйю NH3 л/д мюянямни я.5200 х F-5100;;;;;;
52GI009_MO.PV;;DI;сревйю NH3 л/д мюянямни я.5200 х F-5100;;;;;;
52GI009_MO.OP;;DI;сревйю NH3 л/д мюянямни я.5200 х F-5100;;;;;;
52GI009_MO.OP;;DO;сревйю NH3 л/д мюянямни я.5200 х F-5100;;;;;;
52GI009_MO.MD;;DI;сревйю NH3 л/д мюянямни я.5200 х F-5100;;;;;;
52GI014_MO.PV;;DI;сревйю м2S л/д бмсрп. щярюйюдни х T-5201;;;;;;
52GI014_MO.OP;;DI;сревйю м2S л/д бмсрп. щярюйюдни х T-5201;;;;;;
52GI014_MO.OP;;DO;сревйю м2S л/д бмсрп. щярюйюдни х T-5201;;;;;;
52GI014_MO.MD;;DI;сревйю м2S л/д бмсрп. щярюйюдни х T-5201;;;;;;
52GI015_MO.PV;;DI;сревйю м2S бнгке V-5202;;;;;;
52GI015_MO.OP;;DI;сревйю м2S бнгке V-5202;;;;;;
52GI015_MO.OP;;DO;сревйю м2S бнгке V-5202;;;;;;
52GI015_MO.MD;;DI;сревйю м2S бнгке V-5202;;;;;;
52GI023_MO.PV;;DI;сревйю NH3 бнгке е-5201ю,б х V-5202;;;;;;
52GI023_MO.OP;;DI;сревйю NH3 бнгке е-5201ю,б х V-5202;;;;;;
52GI023_MO.OP;;DO;сревйю NH3 бнгке е-5201ю,б х V-5202;;;;;;
52GI023_MO.MD;;DI;сревйю NH3 бнгке е-5201ю,б х V-5202;;;;;;
52GI024_MO.PV;;DI;сревйю NH3 бнгке V-5202;;;;;;
52GI024_MO.OP;;DI;сревйю NH3 бнгке V-5202;;;;;;
52GI024_MO.OP;;DO;сревйю NH3 бнгке V-5202;;;;;;
52GI024_MO.MD;;DI;сревйю NH3 бнгке V-5202;;;;;;
52GI013_MO.PV;;DI;сревйю м2S бнгке T-5110 х р-5120;;;;;;
52GI013_MO.OP;;DI;сревйю м2S бнгке T-5110 х р-5120;;;;;;
52GI013_MO.OP;;DO;сревйю м2S бнгке T-5110 х р-5120;;;;;;
52GI013_MO.MD;;DI;сревйю м2S бнгке T-5110 х р-5120;;;;;;
52GI022_MO.PV;;DI;сревйю NH3 бнгке V-5161;;;;;;
52GI022_MO.OP;;DI;сревйю NH3 бнгке V-5161;;;;;;
52GI022_MO.OP;;DO;сревйю NH3 бнгке V-5161;;;;;;
52GI022_MO.MD;;DI;сревйю NH3 бнгке V-5161;;;;;;
52GI020_MO.PV;;DI;сревйю NH3 бнгке S-5160;;;;;;
52GI020_MO.OP;;DI;сревйю NH3 бнгке S-5160;;;;;;
52GI020_MO.OP;;DO;сревйю NH3 бнгке S-5160;;;;;;
52GI020_MO.MD;;DI;сревйю NH3 бнгке S-5160;;;;;;
52GI016_MO.PV;;DI;сревйю м2S б мюянямни C.5100;;;;;;
52GI016_MO.OP;;DI;сревйю м2S б мюянямни C.5100;;;;;;
52GI016_MO.OP;;DO;сревйю м2S б мюянямни C.5100;;;;;;
52GI016_MO.MD;;DI;сревйю м2S б мюянямни C.5100;;;;;;
52GI017_MO.PV;;DI;сревйю м2S б мюянямни C.5100;;;;;;
52GI017_MO.OP;;DI;сревйю м2S б мюянямни C.5100;;;;;;
52GI017_MO.OP;;DO;сревйю м2S б мюянямни C.5100;;;;;;
52GI017_MO.MD;;DI;сревйю м2S б мюянямни C.5100;;;;;;
52GI025_MO.PV;;DI;сревйю NH3 б мюянямни я.5100;;;;;;
52GI025_MO.OP;;DI;сревйю NH3 б мюянямни я.5100;;;;;;
52GI025_MO.OP;;DO;сревйю NH3 б мюянямни я.5100;;;;;;
52GI025_MO.MD;;DI;сревйю NH3 б мюянямни я.5100;;;;;;
52GI026_MO.PV;;DI;сревйю NH3 б мюянямни я.5100;;;;;;
52GI026_MO.OP;;DI;сревйю NH3 б мюянямни я.5100;;;;;;
52GI026_MO.OP;;DO;сревйю NH3 б мюянямни я.5100;;;;;;
52GI026_MO.MD;;DI;сревйю NH3 б мюянямни я.5100;;;;;;
52GI018_MO.PV;;DI;сревйю м2S б мюянямни C.5200;;;;;;
52GI018_MO.OP;;DI;сревйю м2S б мюянямни C.5200;;;;;;
52GI018_MO.OP;;DO;сревйю м2S б мюянямни C.5200;;;;;;
52GI018_MO.MD;;DI;сревйю м2S б мюянямни C.5200;;;;;;
52GI019_MO.PV;;DI;сревйю м2S б мюянямни C.5200;;;;;;
52GI019_MO.OP;;DI;сревйю м2S б мюянямни C.5200;;;;;;
52GI019_MO.OP;;DO;сревйю м2S б мюянямни C.5200;;;;;;
52GI019_MO.MD;;DI;сревйю м2S б мюянямни C.5200;;;;;;
52GI027_MO.PV;;DI;сревйю NH3 б мюянямни я.5200;;;;;;
52GI027_MO.OP;;DI;сревйю NH3 б мюянямни я.5200;;;;;;
52GI027_MO.OP;;DO;сревйю NH3 б мюянямни я.5200;;;;;;
52GI027_MO.MD;;DI;сревйю NH3 б мюянямни я.5200;;;;;;
52GI028_MO.PV;;DI;сревйю NH3 б мюянямни я.5200;;;;;;
52GI028_MO.OP;;DI;сревйю NH3 б мюянямни я.5200;;;;;;
52GI028_MO.OP;;DO;сревйю NH3 б мюянямни я.5200;;;;;;
52GI028_MO.MD;;DI;сревйю NH3 б мюянямни я.5200;;;;;;
52GI029_MO.PV;;DI;сревйю NH3 б йнлопеяянпмни (я-5140);;;;;;
52GI029_MO.OP;;DI;сревйю NH3 б йнлопеяянпмни (я-5140);;;;;;
52GI029_MO.OP;;DO;сревйю NH3 б йнлопеяянпмни (я-5140);;;;;;
52GI029_MO.MD;;DI;сревйю NH3 б йнлопеяянпмни (я-5140);;;;;;
52GI030_MO.PV;;DI;сревйю NH3 б йнлопеяянпммни (я-5140S);;;;;;
52GI030_MO.OP;;DI;сревйю NH3 б йнлопеяянпммни (я-5140S);;;;;;
52GI030_MO.OP;;DO;сревйю NH3 б йнлопеяянпммни (я-5140S);;;;;;
52GI030_MO.MD;;DI;сревйю NH3 б йнлопеяянпммни (я-5140S);;;;;;
52GI001_MO.PV;;DI;сревйю цнпчвецн цюгю бнгке й-5160;;;;;;
52GI001_MO.OP;;DI;сревйю цнпчвецн цюгю бнгке й-5160;;;;;;
52GI001_MO.OP;;DO;сревйю цнпчвецн цюгю бнгке й-5160;;;;;;
52GI001_MO.MD;;DI;сревйю цнпчвецн цюгю бнгке й-5160;;;;;;
52GI002_MO.PV;;DI;сревйю цнпчвецн цюгю бнгке р-5130;;;;;;
52GI002_MO.OP;;DI;сревйю цнпчвецн цюгю бнгке р-5130;;;;;;
52GI002_MO.OP;;DO;сревйю цнпчвецн цюгю бнгке р-5130;;;;;;
52GI002_MO.MD;;DI;сревйю цнпчвецн цюгю бнгке р-5130;;;;;;
52GI011_MO.PV;;DI;сревйю цнпчвецн цюгю б мюянямни кбф;;;;;;
52GI011_MO.OP;;DI;сревйю цнпчвецн цюгю б мюянямни кбф;;;;;;
52GI011_MO.OP;;DO;сревйю цнпчвецн цюгю б мюянямни кбф;;;;;;
52GI011_MO.MD;;DI;сревйю цнпчвецн цюгю б мюянямни кбф;;;;;;
52GI012_MO.PV;;DI;сревйю цнпчвецн цюгю б мюянямни кбф;;;;;;
52GI012_MO.OP;;DI;сревйю цнпчвецн цюгю б мюянямни кбф;;;;;;
52GI012_MO.OP;;DO;сревйю цнпчвецн цюгю б мюянямни кбф;;;;;;
52GI012_MO.MD;;DI;сревйю цнпчвецн цюгю б мюянямни кбф;;;;;;
51HS157.PV;;DI;яапня 5100/5200 - окюлъ;;;;;;
51HS157.OP;;DI;яапня 5100/5200 - окюлъ;;;;;;
51HS157.OP;;DO;яапня 5100/5200 - окюлъ;;;;;;
51HS135_MO.PV;;DI;псвмни хгбеыюрекэ бнгке йнмрпнкепмни;;;;;;
51HS135_MO.OP;;DI;псвмни хгбеыюрекэ бнгке йнмрпнкепмни;;;;;;
51HS135_MO.OP;;DO;псвмни хгбеыюрекэ бнгке йнмрпнкепмни;;;;;;
51HS135_MO.MD;;DI;псвмни хгбеыюрекэ бнгке йнмрпнкепмни;;;;;;
51HS136_MO.PV;;DI;псвмни хгбеыюрекэ бнгке йнмрпнкепмни;;;;;;
51HS136_MO.OP;;DI;псвмни хгбеыюрекэ бнгке йнмрпнкепмни;;;;;;
51HS136_MO.OP;;DO;псвмни хгбеыюрекэ бнгке йнмрпнкепмни;;;;;;
51HS136_MO.MD;;DI;псвмни хгбеыюрекэ бнгке йнмрпнкепмни;;;;;;
51HS137_MO.PV;;DI;псвмни хгбеыюрекэ бнгке ро;;;;;;
51HS137_MO.OP;;DI;псвмни хгбеыюрекэ бнгке ро;;;;;;
51HS137_MO.OP;;DO;псвмни хгбеыюрекэ бнгке ро;;;;;;
51HS137_MO.MD;;DI;псвмни хгбеыюрекэ бнгке ро;;;;;;
51HS138_MO.PV;;DI;псвмни хгбеыюрекэ бнгке ро;;;;;;
51HS138_MO.OP;;DI;псвмни хгбеыюрекэ бнгке ро;;;;;;
51HS138_MO.OP;;DO;псвмни хгбеыюрекэ бнгке ро;;;;;;
51HS138_MO.MD;;DI;псвмни хгбеыюрекэ бнгке ро;;;;;;
51HS139_MO.PV;;DI;псвмни хгбеыюрекэ бнгке ро;;;;;;
51HS139_MO.OP;;DI;псвмни хгбеыюрекэ бнгке ро;;;;;;
51HS139_MO.OP;;DO;псвмни хгбеыюрекэ бнгке ро;;;;;;
51HS139_MO.MD;;DI;псвмни хгбеыюрекэ бнгке ро;;;;;;
51HS140_MO.PV;;DI;псвмни хгбеыюрекэ бнгке ро;;;;;;
51HS140_MO.OP;;DI;псвмни хгбеыюрекэ бнгке ро;;;;;;
51HS140_MO.OP;;DO;псвмни хгбеыюрекэ бнгке ро;;;;;;
51HS140_MO.MD;;DI;псвмни хгбеыюрекэ бнгке ро;;;;;;
51HS141_MO.PV;;DI;псвмни хгб. с бундю б бемрйюлепс я.5100;;;;;;
51HS141_MO.OP;;DI;псвмни хгб. с бундю б бемрйюлепс я.5100;;;;;;
51HS141_MO.OP;;DO;псвмни хгб. с бундю б бемрйюлепс я.5100;;;;;;
51HS141_MO.MD;;DI;псвмни хгб. с бундю б бемрйюлепс я.5100;;;;;;
51HS142_MO.PV;;DI;псвмни хгбеыюрекэ бнгке мюянямни я.5100;;;;;;
51HS142_MO.OP;;DI;псвмни хгбеыюрекэ бнгке мюянямни я.5100;;;;;;
51HS142_MO.OP;;DO;псвмни хгбеыюрекэ бнгке мюянямни я.5100;;;;;;
51HS142_MO.MD;;DI;псвмни хгбеыюрекэ бнгке мюянямни я.5100;;;;;;
51HS143_MO.PV;;DI;псвмни хгбеыюрекэ б мюянямни кбф;;;;;;
51HS143_MO.OP;;DI;псвмни хгбеыюрекэ б мюянямни кбф;;;;;;
51HS143_MO.OP;;DO;псвмни хгбеыюрекэ б мюянямни кбф;;;;;;
51HS143_MO.MD;;DI;псвмни хгбеыюрекэ б мюянямни кбф;;;;;;
51HS145_MO.PV;;DI;псвмни хгбеыюрекэ бнгке йнлопеяянпмни;;;;;;
51HS145_MO.OP;;DI;псвмни хгбеыюрекэ бнгке йнлопеяянпмни;;;;;;
51HS145_MO.OP;;DO;псвмни хгбеыюрекэ бнгке йнлопеяянпмни;;;;;;
51HS145_MO.MD;;DI;псвмни хгбеыюрекэ бнгке йнлопеяянпмни;;;;;;
51HS146_MO.PV;;DI;псвмни хгбеыюрекэ бнгке йнлопеяянпмни;;;;;;
51HS146_MO.OP;;DI;псвмни хгбеыюрекэ бнгке йнлопеяянпмни;;;;;;
51HS146_MO.OP;;DO;псвмни хгбеыюрекэ бнгке йнлопеяянпмни;;;;;;
51HS146_MO.MD;;DI;псвмни хгбеыюрекэ бнгке йнлопеяянпмни;;;;;;
51HS147_MO.PV;;DI;псвмни хгбеыюрекэ бнгке йнлопеяянпмни;;;;;;
51HS147_MO.OP;;DI;псвмни хгбеыюрекэ бнгке йнлопеяянпмни;;;;;;
51HS147_MO.OP;;DO;псвмни хгбеыюрекэ бнгке йнлопеяянпмни;;;;;;
51HS147_MO.MD;;DI;псвмни хгбеыюрекэ бнгке йнлопеяянпмни;;;;;;
51HS148_MO.PV;;DI;псвмни хгбеыюрекэ бунд б йнлм.люьхмхярю;;;;;;
51HS148_MO.OP;;DI;псвмни хгбеыюрекэ бунд б йнлм.люьхмхярю;;;;;;
51HS148_MO.OP;;DO;псвмни хгбеыюрекэ бунд б йнлм.люьхмхярю;;;;;;
51HS148_MO.MD;;DI;псвмни хгбеыюрекэ бунд б йнлм.люьхмхярю;;;;;;
51HS149_MO.PV;;DI;псвмни хгбеыюрекэ бунд б йнлопеяянпмсч;;;;;;
51HS149_MO.OP;;DI;псвмни хгбеыюрекэ бунд б йнлопеяянпмсч;;;;;;
51HS149_MO.OP;;DO;псвмни хгбеыюрекэ бунд б йнлопеяянпмсч;;;;;;
51HS149_MO.MD;;DI;псвмни хгбеыюрекэ бунд б йнлопеяянпмсч;;;;;;
51HS152_MO.PV;;DI;псвмни хгб. бнгке бундю б йюпрс F-5100;;;;;;
51HS152_MO.OP;;DI;псвмни хгб. бнгке бундю б йюпрс F-5100;;;;;;
51HS152_MO.OP;;DO;псвмни хгб. бнгке бундю б йюпрс F-5100;;;;;;
51HS152_MO.MD;;DI;псвмни хгб. бнгке бундю б йюпрс F-5100;;;;;;
51HS144_MO.PV;;DI;псвмни хгбеыюрекэ бнгке мюянямни я.5200;;;;;;
51HS144_MO.OP;;DI;псвмни хгбеыюрекэ бнгке мюянямни я.5200;;;;;;
51HS144_MO.OP;;DO;псвмни хгбеыюрекэ бнгке мюянямни я.5200;;;;;;
51HS144_MO.MD;;DI;псвмни хгбеыюрекэ бнгке мюянямни я.5200;;;;;;
51HS150_MO.PV;;DI;псвмни хгб. бмсрп. щярюй. (бнгке р-5201);;;;;;
51HS150_MO.OP;;DI;псвмни хгб. бмсрп. щярюй. (бнгке р-5201);;;;;;
51HS150_MO.OP;;DO;псвмни хгб. бмсрп. щярюй. (бнгке р-5201);;;;;;
51HS150_MO.MD;;DI;псвмни хгб. бмсрп. щярюй. (бнгке р-5201);;;;;;
51HS151_MO.PV;;DI;псвмни хгб. л/д мюянямни я.5200 х F-5100;;;;;;
51HS151_MO.OP;;DI;псвмни хгб. л/д мюянямни я.5200 х F-5100;;;;;;
51HS151_MO.OP;;DO;псвмни хгб. л/д мюянямни я.5200 х F-5100;;;;;;
51HS151_MO.MD;;DI;псвмни хгб. л/д мюянямни я.5200 х F-5100;;;;;;
52HS020A1_MO.PV;;DI;нрйпшрхе щк гюдбхфйх Z-5107 (бндю мю йн);;;;;;
52HS020A1_MO.OP;;DI;нрйпшрхе щк гюдбхфйх Z-5107 (бндю мю йн);;;;;;
52HS020A1_MO.OP;;DO;нрйпшрхе щк гюдбхфйх Z-5107 (бндю мю йн);;;;;;
52HS020A1_MO.MD;;DI;нрйпшрхе щк гюдбхфйх Z-5107 (бндю мю йн);;;;;;
52HS021A1_MO.PV;;DI;нрйп щк гюдб Z-5108 (бндю б дпемв я-лс);;;;;;
52HS021A1_MO.OP;;DI;нрйп щк гюдб Z-5108 (бндю б дпемв я-лс);;;;;;
52HS021A1_MO.OP;;DO;нрйп щк гюдб Z-5108 (бндю б дпемв я-лс);;;;;;
52HS021A1_MO.MD;;DI;нрйп щк гюдб Z-5108 (бндю б дпемв я-лс);;;;;;
52HS059A_MO.PV;;DI;ймнойю бйк. бемр (1юб1,1юб2)(мюя. 5100);;;;;;
52HS059A_MO.OP;;DI;ймнойю бйк. бемр (1юб1,1юб2)(мюя. 5100);;;;;;
52HS059A_MO.OP;;DO;ймнойю бйк. бемр (1юб1,1юб2)(мюя. 5100);;;;;;
52HS059A_MO.MD;;DI;ймнойю бйк. бемр (1юб1,1юб2)(мюя. 5100);;;;;;
52HS059B_MO.PV;;DI;ймнойю нрйк. бемр (1юб1,1юб2)(мюя. 5100);;;;;;
52HS059B_MO.OP;;DI;ймнойю нрйк. бемр (1юб1,1юб2)(мюя. 5100);;;;;;
52HS059B_MO.OP;;DO;ймнойю нрйк. бемр (1юб1,1юб2)(мюя. 5100);;;;;;
52HS059B_MO.MD;;DI;ймнойю нрйк. бемр (1юб1,1юб2)(мюя. 5100);;;;;;
52HS060A_MO.PV;;DI;ймнойю бйк. бемр. (1юб3) (мюя. кбф);;;;;;
52HS060A_MO.OP;;DI;ймнойю бйк. бемр. (1юб3) (мюя. кбф);;;;;;
52HS060A_MO.OP;;DO;ймнойю бйк. бемр. (1юб3) (мюя. кбф);;;;;;
52HS060A_MO.MD;;DI;ймнойю бйк. бемр. (1юб3) (мюя. кбф);;;;;;
52HS060B_MO.PV;;DI;ймнойю нрйк. бемр. (1юб3) (мюя. кбф);;;;;;
52HS060B_MO.OP;;DI;ймнойю нрйк. бемр. (1юб3) (мюя. кбф);;;;;;
52HS060B_MO.OP;;DO;ймнойю нрйк. бемр. (1юб3) (мюя. кбф);;;;;;
52HS060B_MO.MD;;DI;ймнойю нрйк. бемр. (1юб3) (мюя. кбф);;;;;;
52HS061A_MO.PV;;DI;ймнойю бйк. бемр.(1юб4,1юб5)(мюя. 5200);;;;;;
52HS061A_MO.OP;;DI;ймнойю бйк. бемр.(1юб4,1юб5)(мюя. 5200);;;;;;
52HS061A_MO.OP;;DO;ймнойю бйк. бемр.(1юб4,1юб5)(мюя. 5200);;;;;;
52HS061A_MO.MD;;DI;ймнойю бйк. бемр.(1юб4,1юб5)(мюя. 5200);;;;;;
52XY036_TF.PV;;DI;юбюпхимюъ бемрхкъжхъ 1B4;;;;;;
52XY040A.PV;;DI;юбюпхимюъ бемрхкъжхъ 1AB4;;;;;;
52XY040A_TF.PV;;DI;юбюпхимюъ бемрхкъжхъ 1AB4;;;;;;
52XY040B.PV;;DI;юбюпхимюъ бемрхкъжхъ 1AB4;;;;;;
52XY040B_TF.PV;;DI;юбюпхимюъ бемрхкъжхъ 1AB4;;;;;;
52XY041A.PV;;DI;юбюпхимюъ бемрхкъжхъ 1AB5;;;;;;
52XY041A_TF.PV;;DI;юбюпхимюъ бемрхкъжхъ 1AB5;;;;;;
52XY041B.PV;;DI;юбюпхимюъ бемрхкъжхъ 1AB5;;;;;;
52XY041B_TF.PV;;DI;юбюпхимюъ бемрхкъжхъ 1AB5;;;;;;
52XY037A.PV;;DI;юбюпхимюъ бемрхкъжхъ 1AB1;;;;;;
52XY037A_TF.PV;;DI;юбюпхимюъ бемрхкъжхъ 1AB1;;;;;;
52XY037B.PV;;DI;юбюпхимюъ бемрхкъжхъ 1AB1;;;;;;
52XY037B_TF.PV;;DI;юбюпхимюъ бемрхкъжхъ 1AB1;;;;;;
52XY038A.PV;;DI;юбюпхимюъ бемрхкъжхъ 1AB2;;;;;;
52XY038A_TF.PV;;DI;юбюпхимюъ бемрхкъжхъ 1AB2;;;;;;
52XY038B.PV;;DI;юбюпхимюъ бемрхкъжхъ 1AB2;;;;;;
52XY038B_TF.PV;;DI;юбюпхимюъ бемрхкъжхъ 1AB2;;;;;;
52XY039A.PV;;DI;юбюпхимюъ бемрхкъжхъ 1AB3;;;;;;
52XY039A_TF.PV;;DI;юбюпхимюъ бемрхкъжхъ 1AB3;;;;;;
52XY039B.PV;;DI;юбюпхимюъ бемрхкъжхъ 1AB3;;;;;;
52XY039B_TF.PV;;DI;юбюпхимюъ бемрхкъжхъ 1AB3;;;;;;
IB511_FGS1_RT1.PV;;DI;ярюпр REPAIR TIMER CP1;;;;;;
IB511_FGS1_RT2.PV;;DI;ярюпр REPAIR TIMER CP2;;;;;;
52XA133.PV;;DI;яхпемю (онфюп). онлеыемхе кбф;;;;;;
51XA145.PV;;DI;псвмни хгбеыюрекэ бнгке йнлопеяянпмни;;;;;;
51XA146.PV;;DI;псвмни хгбеыюрекэ бнгке йнлопеяянпмни;;;;;;
51XA147.PV;;DI;псвмни хгбеыюрекэ бнгке йнлопеяянпмни;;;;;;
51XA148.PV;;DI;псвмни хгбеыюрекэ бундю б йнлм.люьхмхярю;;;;;;
51XA149.PV;;DI;псвмни хгбеыюрекэ бунд б йнлопеяянпмсч;;;;;;
51XA152.PV;;DI;псвмни хгб. бнгке бундю б йюпрс F-5100;;;;;;
51XA144.PV;;DI;псвмни хгбеыюрекэ бнгке мюянямни я.5200;;;;;;
51XA150.PV;;DI;псвмни хгб. бмсрп. щярюй.(бнгке р-5201);;;;;;
51XA151.PV;;DI;псвмни хгб. л/д мюянямни я.5200 х F-5100;;;;;;
52HX034.PV;;DI;бемрхкърнп 1B2 (мюянямюъ 5100);;;;;;
52HX034.OP;;DI;бемрхкърнп 1B2 (мюянямюъ 5100);;;;;;
52HX034.MD;;DI;бемрхкърнп 1B2 (мюянямюъ 5100);;;;;;
52HX034_AL.PV;;DI;бемрхкърнп 1B2 (мюя.5100) яхцмюкхгюжхъ;;;;;;
52HX037.PV;;DI;бемрхкърнп 1AB1 (мюянямюъ 5100);;;;;;
52HX037.OP;;DI;бемрхкърнп 1AB1 (мюянямюъ 5100);;;;;;
52HX037.OP;;DO;бемрхкърнп 1AB1 (мюянямюъ 5100);;;;;;
52HX037.MD;;DI;бемрхкърнп 1AB1 (мюянямюъ 5100);;;;;;
52HX037_AL.PV;;DI;бемрхкърнп 1AB1 (мюя. 5100) яхцмюкхгюжхъ;;;;;;
52HX038.PV;;DI;бемрхкърнп 1AB2 (мюянямюъ 5100);;;;;;
52HX038.OP;;DI;бемрхкърнп 1AB2 (мюянямюъ 5100);;;;;;
52HX038.OP;;DO;бемрхкърнп 1AB2 (мюянямюъ 5100);;;;;;
52HX038.MD;;DI;бемрхкърнп 1AB2 (мюянямюъ 5100);;;;;;
52HX038_AL.PV;;DI;бемрхкърнп 1AB2 (мюя.5100) яхцмюкхгюжхъ;;;;;;
52HX035.PV;;DI;бемрхкърнп 1B3 (мюянямюъ кбф);;;;;;
52HX035.OP;;DI;бемрхкърнп 1B3 (мюянямюъ кбф);;;;;;
52HX035.MD;;DI;бемрхкърнп 1B3 (мюянямюъ кбф);;;;;;
52HX035_AL.PV;;DI;бемрхкърнп 1B3 (мюя. кбф) яхцмюкхгюжхъ;;;;;;
52HX039.PV;;DI;бемрхкърнп 1AB3 (мюянямюъ кбф);;;;;;
52HX039.OP;;DI;бемрхкърнп 1AB3 (мюянямюъ кбф);;;;;;
52HX039.OP;;DO;бемрхкърнп 1AB3 (мюянямюъ кбф);;;;;;
52HX039.MD;;DI;бемрхкърнп 1AB3 (мюянямюъ кбф);;;;;;
52HX039_AL.PV;;DI;бемрхкърнп 1AB3 (мюя.кбф) яхцмюкхгюжхъ;;;;;;
52HX036.PV;;DI;бемрхкърнп 1B4 (мюянямюъ 5200);;;;;;
52HX036.OP;;DI;бемрхкърнп 1B4 (мюянямюъ 5200);;;;;;
52HX036.MD;;DI;бемрхкърнп 1B4 (мюянямюъ 5200);;;;;;
52HX036_AL.PV;;DI;бемрхкърнп 1B4 (мюя. 5200) яхцмюкхгюжхъ;;;;;;
52HX040.PV;;DI;бемрхкърнп 1AB4 (мюянямюъ 5200);;;;;;
52HX040.OP;;DI;бемрхкърнп 1AB4 (мюянямюъ 5200);;;;;;
52HX040.OP;;DO;бемрхкърнп 1AB4 (мюянямюъ 5200);;;;;;
52HX040.MD;;DI;бемрхкърнп 1AB4 (мюянямюъ 5200);;;;;;
52HX040_AL.PV;;DI;бемрхкърнп 1AB4 (мюя.5200) яхцмюкхгюжхъ;;;;;;
52HX041.PV;;DI;бемрхкърнп 1AB5 (мюянямюъ 5200);;;;;;
52HX041.OP;;DI;бемрхкърнп 1AB5 (мюянямюъ 5200);;;;;;
52HX041.OP;;DO;бемрхкърнп 1AB5 (мюянямюъ 5200);;;;;;
52HX041.MD;;DI;бемрхкърнп 1AB5 (мюянямюъ 5200);;;;;;
52HX041_AL.PV;;DI;бемрхкърнп 1AB5 (мюя. 5200) яхцмюкхгюжхъ;;;;;;
52HX042.PV;;DI;бемрхкърнп 2AB1 (йнлопеяянпмюъ);;;;;;
52HX042.OP;;DI;бемрхкърнп 2AB1 (йнлопеяянпмюъ);;;;;;
52HX042.OP;;DO;бемрхкърнп 2AB1 (йнлопеяянпмюъ);;;;;;
52HX042.MD;;DI;бемрхкърнп 2AB1 (йнлопеяянпмюъ);;;;;;
52HX042_AL.PV;;DI;бемрхкърнп 2AB1 (йнлоп-мюъ) яхцмюкхгюжхъ;;;;;;
52HX043.PV;;DI;бемрхкърнп 2AB2 (йнлопеяянпмюъ);;;;;;
52HX043.OP;;DI;бемрхкърнп 2AB2 (йнлопеяянпмюъ);;;;;;
52HX043.OP;;DO;бемрхкърнп 2AB2 (йнлопеяянпмюъ);;;;;;
52HX043.MD;;DI;бемрхкърнп 2AB2 (йнлопеяянпмюъ);;;;;;
52HX043_AL.PV;;DI;бемрхкърнп 2AB2 (йнлоп-мюъ) яхцмюкхгюжхъ;;;;;;
FGS_511_1_F6.PV;;DI;яНЯРНЪМХЕ SafeNet FGS-001-1 - FGS-511-1;;;;;;
51YA001_002.PV;;DI;осяйюрекэ нрйкчвемхъ - окюлъ;;;;;;
51YA003_004.PV;;DI;осяйюрекэ нрйкчвемхъ - окюлъ;;;;;;
51YA005_006.PV;;DI;осяйюрекэ нрйкчвемхъ - окюлъ;;;;;;
51HS_F_RESET.PV;;DI;яапня мейпхрхвеяйху ньханй FGS_511_1;;;;;;
51HS_F_RESET.OP;;DI;яапня мейпхрхвеяйху ньханй FGS_511_1;;;;;;
51HS_F_RESET.OP;;DO;яапня мейпхрхвеяйху ньханй FGS_511_1;;;;;;
52XY020A.PV;;DI;гюдбхфйю ZM-5107;;;;;;
52XY020A_TF.PV;;DI;гюдбхфйю ZM-5107;;;;;;
52XY020B.PV;;DI;гюдбхфйю ZM-5107;;;;;;
52XY020B_TF.PV;;DI;гюдбхфйю ZM-5107;;;;;;
52XY021A.PV;;DI;гюдбхфйю ZM-5108;;;;;;
52XY021A_TF.PV;;DI;гюдбхфйю ZM-5108;;;;;;
52XY021B.PV;;DI;гюдбхфйю ZM-5108;;;;;;
52XY021B_TF.PV;;DI;гюдбхфйю ZM-5108;;;;;;
52XY042A.PV;;DI;юбюпхимюъ бемрхкъжхъ 2AB1;;;;;;
52XY042A_TF.PV;;DI;юбюпхимюъ бемрхкъжхъ 2AB1;;;;;;
52XY042B.PV;;DI;юбюпхимюъ бемрхкъжхъ 2AB1;;;;;;
52XY042B_TF.PV;;DI;юбюпхимюъ бемрхкъжхъ 2AB1;;;;;;
52XY126_TF.PV;;DI;нрйкчвемхе бемряхярелш 2о1, 2б1;;;;;;
52XY043A.PV;;DI;юбюпхимюъ бемрхкъжхъ 2AB2;;;;;;
52XY043A_TF.PV;;DI;юбюпхимюъ бемрхкъжхъ 2AB2;;;;;;
52XY043B.PV;;DI;юбюпхимюъ бемрхкъжхъ 2AB2;;;;;;
52XY043B_TF.PV;;DI;юбюпхимюъ бемрхкъжхъ 2AB2;;;;;;
52XY125B_TF.PV;;DI;нрйкчвемхе бемряхярелш 1о5;;;;;;
52XY035.PV;;DI;юбюпхимюъ бемрхкъжхъ 1B3;;;;;;
52XY035_TF.PV;;DI;юбюпхимюъ бемрхкъжхъ 1B3;;;;;;
52XY125A_TF.PV;;DI;нрйкчвемхе бемряхярелш 1о4;;;;;;
52XY125C_TF.PV;;DI;нрйкчвемхе бемряхярелш 1о6;;;;;;
52XY034.PV;;DI;юбюпхимюъ бемрхкъжхъ 1B2;;;;;;
52XY034_TF.PV;;DI;юбюпхимюъ бемрхкъжхъ 1B2;;;;;;
52XY036.PV;;DI;юбюпхимюъ бемрхкъжхъ 1B4;;;;;;
IB511_FGS1_CF_ALM.PV;;DI;яани йнмрпнккепю FGS511_1;;;;;;
51YT001_MO.PV;;DI;дюрвхй намюпсф. окюлемх б йнлопеяянпмни;;;;;;
51YT001_MO.OP;;DI;дюрвхй намюпсф. окюлемх б йнлопеяянпмни;;;;;;
51YT001_MO.OP;;DO;дюрвхй намюпсф. окюлемх б йнлопеяянпмни;;;;;;
51YT002_MO.PV;;DI;дюрвхй намюпсф. окюлемх б йнлопеяянпмни;;;;;;
51YT002_MO.OP;;DI;дюрвхй намюпсф. окюлемх б йнлопеяянпмни;;;;;;
51YT002_MO.OP;;DO;дюрвхй намюпсф. окюлемх б йнлопеяянпмни;;;;;;
51YT003_MO.PV;;DI;дюрвхй намюпсф. окюлемх б йнлопеяянпмни;;;;;;
51YT003_MO.OP;;DI;дюрвхй намюпсф. окюлемх б йнлопеяянпмни;;;;;;
51YT003_MO.OP;;DO;дюрвхй намюпсф. окюлемх б йнлопеяянпмни;;;;;;
51YT004_MO.PV;;DI;дюрвхй намюпсф. окюлемх б йнлопеяянпмни;;;;;;
51YT004_MO.OP;;DI;дюрвхй намюпсф. окюлемх б йнлопеяянпмни;;;;;;
51YT004_MO.OP;;DO;дюрвхй намюпсф. окюлемх б йнлопеяянпмни;;;;;;
51YT005_MO.PV;;DI;дюрвхй намюпсф. окюлемх б мюянямни кбф;;;;;;
51YT005_MO.OP;;DI;дюрвхй намюпсф. окюлемх б мюянямни кбф;;;;;;
51YT005_MO.OP;;DO;дюрвхй намюпсф. окюлемх б мюянямни кбф;;;;;;
51YT006_MO.PV;;DI;дюрвхй намюпсф. окюлемх б мюянямни кбф;;;;;;
51YT006_MO.OP;;DI;дюрвхй намюпсф. окюлемх б мюянямни кбф;;;;;;
51YT006_MO.OP;;DO;дюрвхй намюпсф. окюлемх б мюянямни кбф;;;;;;
52HS039F_MO.PV;;DI;MOS бемрхкърнп 1AB3;;;;;;
52HS039F_MO.OP;;DI;MOS бемрхкърнп 1AB3;;;;;;
52HS039F_MO.OP;;DO;MOS бемрхкърнп 1AB3;;;;;;
52HS035F_MO.PV;;DI;MOS бемрхкърнп 1B3;;;;;;
52HS035F_MO.OP;;DI;MOS бемрхкърнп 1B3;;;;;;
52HS035F_MO.OP;;DO;MOS бемрхкърнп 1B3;;;;;;
52HS037F_MO.PV;;DI;MOS бемрхкърнп 1AB1;;;;;;
52HS037F_MO.OP;;DI;MOS бемрхкърнп 1AB1;;;;;;
52HS037F_MO.OP;;DO;MOS бемрхкърнп 1AB1;;;;;;
52HS038F_MO.PV;;DI;MOS бемрхкърнп 1AB2;;;;;;
52HS038F_MO.OP;;DI;MOS бемрхкърнп 1AB2;;;;;;
52HS038F_MO.OP;;DO;MOS бемрхкърнп 1AB2;;;;;;
52HS034F_MO.PV;;DI;MOS бемрхкърнп 1B2;;;;;;
52HS034F_MO.OP;;DI;MOS бемрхкърнп 1B2;;;;;;
52HS034F_MO.OP;;DO;MOS бемрхкърнп 1B2;;;;;;
52HS040F_MO.PV;;DI;MOS бемрхкърнп 1AB4;;;;;;
52HS040F_MO.OP;;DI;MOS бемрхкърнп 1AB4;;;;;;
52HS040F_MO.OP;;DO;MOS бемрхкърнп 1AB4;;;;;;
52HS041F_MO.PV;;DI;MOS бемрхкърнп 1AB5;;;;;;
52HS041F_MO.OP;;DI;MOS бемрхкърнп 1AB5;;;;;;
52HS041F_MO.OP;;DO;MOS бемрхкърнп 1AB5;;;;;;
52HS036F_MO.PV;;DI;MOS бемрхкърнп 1B4;;;;;;
52HS036F_MO.OP;;DI;MOS бемрхкърнп 1B4;;;;;;
52HS036F_MO.OP;;DO;MOS бемрхкърнп 1B4;;;;;;
52HS042F_MO.PV;;DI;MOS бемрхкърнп 2AB1;;;;;;
52HS042F_MO.OP;;DI;MOS бемрхкърнп 2AB1;;;;;;
52HS042F_MO.OP;;DO;MOS бемрхкърнп 2AB1;;;;;;
52HS043F_MO.PV;;DI;MOS бемрхкърнп 2AB2;;;;;;
52HS043F_MO.OP;;DI;MOS бемрхкърнп 2AB2;;;;;;
52HS043F_MO.OP;;DO;MOS бемрхкърнп 2AB2;;;;;;
52HS020F_MO.PV;;DI;MOS щк гюдбхфйх Z-5107 (бндю мю йн);;;;;;
52HS020F_MO.OP;;DI;MOS щк гюдбхфйх Z-5107 (бндю мю йн);;;;;;
52HS020F_MO.OP;;DO;MOS щк гюдбхфйх Z-5107 (бндю мю йн);;;;;;
52HS021F_MO.PV;;DI;MOS щк гюдбхфйх Z-5108 (бндю б дпемв я-лс);;;;;;
52HS021F_MO.OP;;DI;MOS щк гюдбхфйх Z-5108 (бндю б дпемв я-лс);;;;;;
52HS021F_MO.OP;;DO;MOS щк гюдбхфйх Z-5108 (бндю б дпемв я-лс);;;;;;
IB511_FGS1_CS.PV;;DI;бмеьм. хярнвмхй бпелемх;;;;;;
IB511_FGS1_D1.PV;;DI;FGS_511_1 ЙКЧВ ПЮГПЕЬЕМХЪ ТНПЯХПНБЮМХЪ Б ОНКНФЕМХХ;;;;;;
IB511_FGS1_D2.PV;;DI;FGS_511_1 МЮКХВХЕ ЮЙРХБМШУ ТНПЯЮФЕИ Б ЙНМРПНККЕПЕ;;;;;;
IB511_FGS1_T.PV;;DI;релоепюрспю ме б мнпле;;;;;;
10TA943_F.PV;;DI;C-1001AX релоеп-пю ондьхо. яани йюмюкю;;;;;;
10TA944_F.PV;;DI;C-1001AX релоеп-пю ондьхо. яани йюмюкю;;;;;;
10TA945_F.PV;;DI;я-1001Bу релоеп-пю ондьхо. яани йюмюкю;;;;;;
10TA946_F.PV;;DI;я-1001Bу релоеп-пю ондьхо. яани йюмюкю;;;;;;
10TA947_F.PV;;DI;я-1002юу релоеп-пю ондьхо. яани йюмюкю;;;;;;
10TA948_F.PV;;DI;я-1002юу релоеп-пю ондьхо. яани йюмюкю;;;;;;
10MX1011R01TX1_DF.PV;;DI;дхюцмнярхйю сярпниярбю;;;;;;
10MX1011R01TX2_DF.PV;;DI;дхюцмнярхйю сярпниярбю;;;;;;
10MX1011R01_HF.PV;;DI;дхюцмнярхйю ябъгх;;;;;;
10TA910A_F.PV;;DI;рело. яремйх 5 глеебхйю. яани йюмюкю;;;;;;
10TA910B_F.PV;;DI;рело. яремйх 5 глеебхйю. яани йюмюкю;;;;;;
10TA910C_F.PV;;DI;рело. яремйх 5 глеебхйю. яани йюмюкю;;;;;;
10TA911A_F.PV;;DI;рело. яремйх 6 глеебхйю. яани йюмюкю;;;;;;
10TA911B_F.PV;;DI;рело. яремйх 6 глеебхйю. яани йюмюкю;;;;;;
10TA911C_F.PV;;DI;рело. яремйх 6 глеебхйю. яани йюмюкю;;;;;;
10TA912A_F.PV;;DI;рело. яремйх 7 глеебхйю. яани йюмюкю;;;;;;
10TA912B_F.PV;;DI;рело. яремйх 7 глеебхйю. яани йюмюкю;;;;;;
10TA912C_F.PV;;DI;рело. яремйх 7 глеебхйю. яани йюмюкю;;;;;;
10TA913A_F.PV;;DI;рело. яремйх 8 глеебхйю. яани йюмюкю;;;;;;
10TA913B_F.PV;;DI;рело. яремйх 8 глеебхйю. яани йюмюкю;;;;;;
10TA913C_F.PV;;DI;рело. яремйх 8 глеебхйю. яани йюмюкю;;;;;;
10MX1011R03TX1_DF.PV;;DI;дхюцмнярхйю сярпниярбю;;;;;;
10MX1011R03TX2_DF.PV;;DI;дхюцмнярхйю сярпниярбю;;;;;;
10MX1011R03_HF.PV;;DI;дхюцмнярхйю ябъгх;;;;;;
10TA906A_F.PV;;DI;рело. яремйх 1 глеебхйю. яани йюмюкю;;;;;;
10TA906B_F.PV;;DI;рело. яремйх 1 глеебхйю. яани йюмюкю;;;;;;
10TA906C_F.PV;;DI;рело. яремйх 1 глеебхйю. яани йюмюкю;;;;;;
10TA907A_F.PV;;DI;рело. яремйх 2 глеебхйю. яани йюмюкю;;;;;;
10TA907B_F.PV;;DI;рело. яремйх 2 глеебхйю. яани йюмюкю;;;;;;
10TA907C_F.PV;;DI;рело. яремйх 2 глеебхйю. яани йюмюкю;;;;;;
10TA908A_F.PV;;DI;рело. яремйх 3 глеебхйю. яани йюмюкю;;;;;;
10TA908B_F.PV;;DI;рело. яремйх 3 глеебхйю. яани йюмюкю;;;;;;
10TA908C_F.PV;;DI;рело. яремйх 3 глеебхйю. яани йюмюкю;;;;;;
10TA909A_F.PV;;DI;рело. яремйх 4 глеебхйю. яани йюмюкю;;;;;;
10TA909B_F.PV;;DI;рело. яремйх 4 глеебхйю. яани йюмюкю;;;;;;
10TA909C_F.PV;;DI;рело. яремйх 4 глеебхйю. яани йюмюкю;;;;;;
10MX1011R05TX1_DF.PV;;DI;дхюцмнярхйю сярпниярбю;;;;;;
10MX1011R05TX2_DF.PV;;DI;дхюцмнярхйю сярпниярбю;;;;;;
10MX1011R05_HF.PV;;DI;дхюцмнярхйю ябъгх;;;;;;
10TA900_F.PV;;DI;рело. дшл. цюгнб й дшлняняс. яани йюмюкю;;;;;;
10TA903_F.PV;;DI;рело. дшл. цюгнб б йнмбейжхх. яани йюмюкю;;;;;;
10TA904_F.PV;;DI;рело. дшл. цюгнб б йнмбейжхх. яани йюмюкю;;;;;;
10TA914_F.PV;;DI;рело. дшлнбшу цюгнб й дшлняняс. яани йюмюкю;;;;;;
10TA942_F.PV;;DI;дшлнбше цюгш б е-1031юу. яани йюмюкю;;;;;;
10MX1011R07TX1_DF.PV;;DI;дхюцмнярхйю сярпниярбю;;;;;;
10MX1011R07TX2_DF.PV;;DI;дхюцмнярхйю сярпниярбю;;;;;;
10MX1011R07_HF.PV;;DI;дхюцмнярхйю ябъгх;;;;;;
10TA843_F.PV;;DI;C-1001CX релоеп-пю ондьхо. яани йюмюкю;;;;;;
10TA844_F.PV;;DI;C-1001CX релоеп-пю ондьхо. яани йюмюкю;;;;;;
10TA845_F.PV;;DI;C-1001DX релоеп-пю ондьхо. яани йюмюкю;;;;;;
10TA846_F.PV;;DI;C-1001DX релоеп-пю ондьхо. яани йюмюкю;;;;;;
10TA847_F.PV;;DI;C-1002BX релоеп-пю ондьхо. яани йюмюкю;;;;;;
10TA848_F.PV;;DI;C-1002BX релоеп-пю ондьхо. яани йюмюкю;;;;;;
10MX1011R09TX1_DF.PV;;DI;дхюцмнярхйю сярпниярбю;;;;;;
10MX1011R09TX2_DF.PV;;DI;дхюцмнярхйю сярпниярбю;;;;;;
10MX1011R09_HF.PV;;DI;дхюцмнярхйю ябъгх;;;;;;
10TA810A_F.PV;;DI;рело. яремйх 5 глеебхйю. яани йюмюкю;;;;;;
10TA810B_F.PV;;DI;рело. яремйх 5 глеебхйю. яани йюмюкю;;;;;;
10TA810C_F.PV;;DI;рело. яремйх 5 глеебхйю. яани йюмюкю;;;;;;
10TA811A_F.PV;;DI;рело. яремйх 6 глеебхйю. яани йюмюкю;;;;;;
10TA811B_F.PV;;DI;рело. яремйх 6 глеебхйю. яани йюмюкю;;;;;;
10TA811C_F.PV;;DI;рело. яремйх 6 глеебхйю. яани йюмюкю;;;;;;
10TA812A_F.PV;;DI;рело. яремйх 7 глеебхйю. яани йюмюкю;;;;;;
10TA812B_F.PV;;DI;рело. яремйх 7 глеебхйю. яани йюмюкю;;;;;;
10TA812C_F.PV;;DI;рело. яремйх 7 глеебхйю. яани йюмюкю;;;;;;
10TA813A_F.PV;;DI;рело. яремйх 8 глеебхйю. яани йюмюкю;;;;;;
10TA813B_F.PV;;DI;рело. яремйх 8 глеебхйю. яани йюмюкю;;;;;;
10TA813C_F.PV;;DI;рело. яремйх 8 глеебхйю. яани йюмюкю;;;;;;
10MX1011R11TX1_DF.PV;;DI;дхюцмнярхйю сярпниярбю;;;;;;
10MX1011R11TX2_DF.PV;;DI;дхюцмнярхйю сярпниярбю;;;;;;
10MX1011R11_HF.PV;;DI;дхюцмнярхйю ябъгх;;;;;;
10TA806A_F.PV;;DI;рело. яремйх 1 глеебхйю. яани йюмюкю;;;;;;
10TA806B_F.PV;;DI;рело. яремйх 1 глеебхйю. яани йюмюкю;;;;;;
10TA806C_F.PV;;DI;рело. яремйх 1 глеебхйю. яани йюмюкю;;;;;;
10TA807A_F.PV;;DI;рело. яремйх 2 глеебхйю. яани йюмюкю;;;;;;
10TA807B_F.PV;;DI;рело. яремйх 2 глеебхйю. яани йюмюкю;;;;;;
10TA807C_F.PV;;DI;рело. яремйх 2 глеебхйю. яани йюмюкю;;;;;;
10TA808A_F.PV;;DI;рело. яремйх 3 глеебхйю. яани йюмюкю;;;;;;
10TA808B_F.PV;;DI;рело. яремйх 3 глеебхйю. яани йюмюкю;;;;;;
10TA808C_F.PV;;DI;рело. яремйх 3 глеебхйю. яани йюмюкю;;;;;;
10TA809A_F.PV;;DI;рело. яремйх 4 глеебхйю. яани йюмюкю;;;;;;
10TA809B_F.PV;;DI;рело. яремйх 4 глеебхйю. яани йюмюкю;;;;;;
10TA809C_F.PV;;DI;рело. яремйх 4 глеебхйю. яани йюмюкю;;;;;;
10MX1011R13TX1_DF.PV;;DI;дхюцмнярхйю сярпниярбю;;;;;;
10MX1011R13TX2_DF.PV;;DI;дхюцмнярхйю сярпниярбю;;;;;;
10MX1011R13_HF.PV;;DI;дхюцмнярхйю ябъгх;;;;;;
10TA800_F.PV;;DI;рело. дшл. цюгнб й дшлняняс. яани йюмюкю;;;;;;
10TA803_F.PV;;DI;рело. дшл. цюгнб б йнмбейжхх. яани йюмюкю;;;;;;
10TA804_F.PV;;DI;рело. дшл. цюгнб б йнмбейжхх. яани йюмюкю;;;;;;
10TA814_F.PV;;DI;рело. дшлнбшу цюгнб й дшлняняс. яани йюмюкю;;;;;;
10TA842_F.PV;;DI;дшлнбше цюгш б е-1031бу. яани йюмюкю;;;;;;
10MX1011R15TX1_DF.PV;;DI;дхюцмнярхйю сярпниярбю;;;;;;
10MX1011R15TX2_DF.PV;;DI;дхюцмнярхйю сярпниярбю;;;;;;
10MX1011R15_HF.PV;;DI;дхюцмнярхйю ябъгх;;;;;;
30TA943_F.PV;;DI;C-3002A нонпм.дюбкемхе бемрхкърнпю яани йюмюкю;;;;;;+
30TA944_F.PV;;DI;C-3002A нонпм.дюбкемхе бемрхкърнпю яани йюмюкю;;;;;;+
30TA945_F.PV;;DI;C-3002б нонпм.дюбкемхе бемрхкърнпю яани йюмюкю;;;;;;+
30TA946_F.PV;;DI;C-3002б нонпм.дюбкемхе бемрхкърнпю яани йюмюкю;;;;;;+
30TA947_F.PV;;DI;C-3003A нонпм.дюбкемхе бемрхкърнпю яани йюмюкю;;;;;;+
30TA948_F.PV;;DI;C-3003ю нонпм.дюбкемхе бемрхкърнпю яани йюмюкю;;;;;;+
30MX1011R01TX1_DF.PV;;DI;дхюцмнярхйю сярпниярбю;;;;;;+
30MX1011R01TX2_DF.PV;;DI;дхюцмнярхйю сярпниярбю;;;;;;+
30MX3011R01_HF.PV;;DI;дхюцмнярхйю ябъгх;;;;;;+
30TA909A_F.PV;;DI;нялнрп 4 релоепюрспш рпсаш яани йюмюкю;;;;;;+
30TA909B_F.PV;;DI;нялнрп 4 релоепюрспш рпсаш яани йюмюкю;;;;;;+
30TA909C_F.PV;;DI;нялнрп 4 релоепюрспш рпсаш яани йюмюкю;;;;;;+
30TA909D_F.PV;;DI;нялнрп 4 релоепюрспш рпсаш яани йюмюкю;;;;;;+
30TA900_F.PV;;DI;цнпчвхи цюг яани йюмюкю;;;;;;+
30TA903A_F.PV;;DI;реокнбюъ йнмбейжхъ яани йюмюкю;;;;;;+
30TA903B_F.PV;;DI;реокнбюъ йнмбейжхъ яани йюмюкю;;;;;;+
30TA903C_F.PV;;DI;реокнбюъ йнмбейжхъ яани йюмюкю;;;;;;+
30TA903D_F.PV;;DI;реокнбюъ йнмбейжхъ яани йюмюкю;;;;;;+
30TA904_F.PV;;DI;реокнбюъ йнмбейжхъ яани йюмюкю;;;;;;+
30TA910_F.PV;;DI;релоепюрспю бнгдсую яани йюмюкю;;;;;;+
30MX1011R03TX1_DF.PV;;DI;дхюцмнярхйю сярпниярбю;;;;;;+
30MX1011R03TX2_DF.PV;;DI;дхюцмнярхйю сярпниярбю;;;;;;+
30MX3011R03_HF.PV;;DI;дхюцмнярхйю ябъгх;;;;;;+
30TA906A_F.PV;;DI;нялнрп 1 релоепюрспш рпсаш яани йюмюкю;;;;;;+
30TA906B_F.PV;;DI;нялнрп 1 релоепюрспш рпсаш яани йюмюкю;;;;;;+
30TA906C_F.PV;;DI;нялнрп 1 релоепюрспш рпсаш яани йюмюкю;;;;;;+
30TA906D_F.PV;;DI;нялнрп 1 релоепюрспш рпсаш яани йюмюкю;;;;;;+
30TA907A_F.PV;;DI;нялнрп 2 релоепюрспш рпсаш яани йюмюкю;;;;;;+
30TA907B_F.PV;;DI;нялнрп 2 релоепюрспш рпсаш яани йюмюкю;;;;;;+
30TA907C_F.PV;;DI;нялнрп 2 релоепюрспш рпсаш яани йюмюкю;;;;;;+
30TA907D_F.PV;;DI;нялнрп 2 релоепюрспш рпсаш яани йюмюкю;;;;;;+
30TA908A_F.PV;;DI;нялнрп 3 релоепюрспш рпсаш яани йюмюкю;;;;;;+
30TA908B_F.PV;;DI;нялнрп 3 релоепюрспш рпсаш яани йюмюкю;;;;;;+
30TA908C_F.PV;;DI;нялнрп 3 релоепюрспш рпсаш яани йюмюкю;;;;;;+
30TA908D_F.PV;;DI;нялнрп 3 релоепюрспш рпсаш яани йюмюкю;;;;;;+
30TA942_F.PV;;DI;APH яани йюмюкю;;;;;;+
30MX1011R05TX1_DF.PV;;DI;дхюцмнярхйю сярпниярбю;;;;;;+
30MX1011R05TX2_DF.PV;;DI;дхюцмнярхйю сярпниярбю;;;;;;+
30MX3011R05_HF.PV;;DI;дхюцмнярхйю ябъгх;;;;;;+
10XA1001B_5.PV;;DI;м-1001б йнмрп. яюфеядсбю. ньхайю AI бу./бшу.;;;;;;
10XA1001B_6.PV;;DI;м-1001б йнмрп. яюфеядсбю. ньхайю лндскъ бу./бшу.;;;;;;
10XA1001B_7.PV;;DI;м-1001б йнмрп. яюфеядсбю. наыюъ яхцм-жхъ;;;;;;
10XA1001A_2.PV;;DI;м-1001ю йнмрп. яюфеядсбю. ярюдхъ пефхлю пюанрш;;;;;;
10XA1001A_3.PV;;DI;м-1001ю йнмрп. яюфеядсбю. ньхайю бу./бшу.;;;;;;
10XA1001A_4.PV;;DI;м-1001ю йнмрп. яюфеядсбю. ньхайю DI бу./бшу.;;;;;;
10XA1001A_5.PV;;DI;м-1001ю йнмрп. яюфеядсбю. ньхайю AI бу./бшу.;;;;;;
10XA1001A_6.PV;;DI;м-1001ю йнмрп. яюфеядсбю. ньхайю лндскъ бу./бшу.;;;;;;
10XA1001A_7.PV;;DI;м-1001ю йнмрп. яюфеядсбю. наыюъ яхцм-жхъ;;;;;;
10XA1001B_2.PV;;DI;м-1001б йнмрп. яюфеядсбю. ярюдхъ пефхлю пюанрш;;;;;;
10XA1001B_3.PV;;DI;м-1001б йнмрп. яюфеядсбю. ньхайю бу./бшу.;;;;;;
10XA1001B_4.PV;;DI;м-1001б йнмрп. яюфеядсбю. ньхайю DI бу./бшу.;;;;;;
30XA3001_2.PV;;DI;H3001 яюфеядсб. пефхл пюанрш;;;;;;+
30XA3001_3.PV;;DI;H3001 яюфеядсб яхярелмши ярюрся √ ньхайю бу/бшу;;;;;;+
30XA3001_4.PV;;DI;H3001 яюфеядсб. яхярелмши ярюрся √ ньхайю дхяйпермнцн бу/бшу;;;;;;+
30XA3001_5.PV;;DI;H3001 яюфеядсб. яхярелмши ярюрся √ ньхайю юмюкнцнбнцн бу/бшу;;;;;;+
30XA3001_6.PV;;DI;H3001 яюфеядсб. яхярелмши ярюрся √ ньхайю лхйпнопнж. лндскъ бу/бшу;;;;;;+
30XA3001_7.PV;;DI;H3001 яюфеядсб. наыюъ яхцмюкхгюжхъ;;;;;;+
43VA457_C.PV;;DI;SPM PM-4301504 2SX янярнъмхе ондьхомхйю - 1;;;;;;
43VA458_F.PV;;DI;SPM PM-4301504 2SX яани йюмюкю - 2;;;;;;
43VAH458.PV;;DI;SPM PM-4301504 2SX опебшьемхе опедохяюммнцн гмювемхъ - 2;;;;;;
43VA458_L.PV;;DI;SPM PM-4301504 2SX ялюгйю ондьхомхйю - 2;;;;;;
43VA458_C.PV;;DI;SPM PM-4301504 2SX янярнъмхе ондьхомхйю - 2;;;;;;
43VA459_F.PV;;DI;SPM P-4301504 2SX яани йюмюкю - 3;;;;;;
43VAH459.PV;;DI;SPM P-4301504 2SX опебшьемхе опедохяюммнцн гмювемхъ - 3;;;;;;
43VA459_L.PV;;DI;SPM P-4301504 2SX ялюгйю ондьхомхйю - 3;;;;;;
43VA459_C.PV;;DI;SPM P-4301504 2SX янярнъмхе ондьхомхйю - 3;;;;;;
43VA460_F.PV;;DI;SPM P-4301504 2SX яани йюмюкю - 4;;;;;;
43VAH460.PV;;DI;SPM P-4301504 2SX опебшьемхе опедохяюммнцн гмювемхъ - 4;;;;;;
43VA460_L.PV;;DI;SPM P-4301504 2SX ялюгйю ондьхомхйю - 4;;;;;;
43VA460_C.PV;;DI;SPM P-4301504 2SX янярнъмхе ондьхомхйю - 4;;;;;;
43VA402_C.PV;;DI;SPM PM-4301501AX янярнъмхе ондьхомхйю - 2;;;;;;
43VA403_F.PV;;DI;SPM P-4301501AX яани йюмюкю - 3;;;;;;
43VAH403.PV;;DI;SPM P-4301501AX опебшьемхе опедохяюммнцн гмювемхъ - 3;;;;;;
43VA403_L.PV;;DI;SPM P-4301501AX ялюгйю ондьхомхйю - 3;;;;;;
43VA403_C.PV;;DI;SPM P-4301501AX янярнъмхе ондьхомхйю - 3;;;;;;
43VA404_F.PV;;DI;SPM P-4301501AX яани йюмюкю - 4;;;;;;
43VAH404.PV;;DI;SPM P-4301501AX опебшьемхе опедохяюммнцн гмювемхъ - 4;;;;;;
43VA404_L.PV;;DI;SPM P-4301501AX ялюгйю ондьхомхйю - 4;;;;;;
43VA404_C.PV;;DI;SPM P-4301501AX янярнъмхе ондьхомхйю - 4;;;;;;
43VA405_F.PV;;DI;SPM PM-4301501SX яани йюмюкю - 1;;;;;;
43VAH405.PV;;DI;SPM PM-4301501SX опебшьемхе опедохяюммнцн гмювемхъ - 1;;;;;;
43VA405_L.PV;;DI;SPM PM-4301501SX ялюгйю ондьхомхйю - 1;;;;;;
43VA405_C.PV;;DI;SPM PM-4301501SX янярнъмхе ондьхомхйю - 1;;;;;;
43VA406_F.PV;;DI;SPM PM-4301501SX яани йюмюкю - 2;;;;;;
43VAH406.PV;;DI;SPM PM-4301501SX опебшьемхе опедохяюммнцн гмювемхъ - 2;;;;;;
43VA406_L.PV;;DI;SPM PM-4301501SX ялюгйю ондьхомхйю - 2;;;;;;
43VA406_C.PV;;DI;SPM PM-4301501SX янярнъмхе ондьхомхйю - 2;;;;;;
43VA407_F.PV;;DI;SPM P-4301501SX яани йюмюкю - 3;;;;;;
43VAH407.PV;;DI;SPM P-4301501SX опебшьемхе опедохяюммнцн гмювемхъ - 3;;;;;;
43VA407_L.PV;;DI;SPM P-4301501SX ялюгйю ондьхомхйю - 3;;;;;;
43VA407_C.PV;;DI;SPM P-4301501SX янярнъмхе ондьхомхйю - 3;;;;;;
43VA408_F.PV;;DI;SPM P-4301501SX яани йюмюкю - 4;;;;;;
43VAH408.PV;;DI;SPM P-4301501SX опебшьемхе опедохяюммнцн гмювемхъ - 4;;;;;;
43VA408_L.PV;;DI;SPM P-4301501SX ялюгйю ондьхомхйю - 4;;;;;;
43VA408_C.PV;;DI;SPM P-4301501SX янярнъмхе ондьхомхйю - 4;;;;;;
43VA409_F.PV;;DI;SPM PM-4301502AX яани йюмюкю - 1;;;;;;
43VAH409.PV;;DI;SPM PM-4301502AX опебшьемхе опедохяюммнцн гмювемхъ - 1;;;;;;
43VA409_L.PV;;DI;SPM PM-4301502AX ялюгйю ондьхомхйю - 1;;;;;;
43VA409_C.PV;;DI;SPM PM-4301502AX янярнъмхе ондьхомхйю - 1;;;;;;
43VA410_F.PV;;DI;SPM PM-4301502AX яани йюмюкю - 2;;;;;;
43VAH410.PV;;DI;SPM PM-4301502AX опебшьемхе опедохяюммнцн гмювемхъ - 2;;;;;;
43VA410_L.PV;;DI;SPM PM-4301502AX ялюгйю ондьхомхйю - 2;;;;;;
43VA410_C.PV;;DI;SPM PM-4301502AX янярнъмхе ондьхомхйю - 2;;;;;;
43VA411_F.PV;;DI;SPM P-4301502AX яани йюмюкю - 3;;;;;;
43VAH411.PV;;DI;SPM P-4301502AX опебшьемхе опедохяюммнцн гмювемхъ - 3;;;;;;
43VA411_L.PV;;DI;SPM P-4301502AX ялюгйю ондьхомхйю - 3;;;;;;
B431SP_SYS10.PV;;DI;IB-43-1 яхярелю SPM янярнъмхе SYS10;;;;;;
43VX550.PV;;DI;SPM лскэрхокейяеп BMS-20-41 янярнъмхе;;;;;;
43VA401_F.PV;;DI;SPM PM-4301501AX яани йюмюкю - 1;;;;;;
43VAH401.PV;;DI;SPM PM-4301501AX опебшьемхе опедохяюммнцн гмювемхъ - 1;;;;;;
43VA401_L.PV;;DI;SPM PM-4301501AX ялюгйю ондьхомхйю - 1;;;;;;
43VA401_C.PV;;DI;SPM PM-4301501AX янярнъмхе ондьхомхйю - 1;;;;;;
43VA402_F.PV;;DI;SPM PM-4301501AX яани йюмюкю - 2;;;;;;
43VAH402.PV;;DI;SPM PM-4301501AX опебшьемхе опедохяюммнцн гмювемхъ - 2;;;;;;
43VA402_L.PV;;DI;SPM PM-4301501AX ялюгйю ондьхомхйю - 2;;;;;;
43VA411_C.PV;;DI;SPM P-4301502AX янярнъмхе ондьхомхйю - 3;;;;;;
43VA412_F.PV;;DI;SPM P-4301502AX яани йюмюкю - 4;;;;;;
43VAH412.PV;;DI;SPM P-4301502AX опебшьемхе опедохяюммнцн гмювемхъ - 4;;;;;;
43VA412_L.PV;;DI;SPM P-4301502AX ялюгйю ондьхомхйю - 4;;;;;;
43VA412_C.PV;;DI;SPM P-4301502AX янярнъмхе ондьхомхйю - 4;;;;;;
43VA413_F.PV;;DI;SPM PM-4301502SX яани йюмюкю - 1;;;;;;
43VAH413.PV;;DI;SPM PM-4301502SX опебшьемхе опедохяюммнцн гмювемхъ - 1;;;;;;
43VA413_L.PV;;DI;SPM PM-4301502SX ялюгйю ондьхомхйю - 1;;;;;;
43VA413_C.PV;;DI;SPM PM-4301502SX янярнъмхе ондьхомхйю - 1;;;;;;
43VA414_F.PV;;DI;SPM PM-4301502SX яани йюмюкю - 2;;;;;;
43VAH414.PV;;DI;SPM PM-4301502SX опебшьемхе опедохяюммнцн гмювемхъ - 2;;;;;;
43VA414_L.PV;;DI;SPM PM-4301502SX ялюгйю ондьхомхйю - 2;;;;;;
43VA414_C.PV;;DI;SPM PM-4301502SX янярнъмхе ондьхомхйю - 2;;;;;;
43VA415_F.PV;;DI;SPM P-4301502SX яани йюмюкю - 3;;;;;;
43VAH415.PV;;DI;SPM P-4301502SX опебшьемхе опедохяюммнцн гмювемхъ - 3;;;;;;
43VA415_L.PV;;DI;SPM P-4301502SX ялюгйю ондьхомхйю - 3;;;;;;
43VA415_C.PV;;DI;SPM P-4301502SX янярнъмхе ондьхомхйю - 3;;;;;;
43VA416_F.PV;;DI;SPM P-4301502SX яани йюмюкю - 4;;;;;;
43VAH416.PV;;DI;SPM P-4301502SX опебшьемхе опедохяюммнцн гмювемхъ - 4;;;;;;
43VA416_L.PV;;DI;SPM P-4301502SX ялюгйю ондьхомхйю - 4;;;;;;
43VA416_C.PV;;DI;SPM P-4301502SX янярнъмхе ондьхомхйю - 4;;;;;;
43VX551.PV;;DI;SPM лскэрхокейяеп BMS-20-42 янярнъмхе;;;;;;
43VA429_F.PV;;DI;SPM PM-4301506AX яани йюмюкю - 1;;;;;;
43VAH429.PV;;DI;SPM PM-4301506AX опебшьемхе опедохяюммнцн гмювемхъ - 1;;;;;;
43VA429_L.PV;;DI;SPM PM-4301506AX ялюгйю ондьхомхйю - 1;;;;;;
43VA429_C.PV;;DI;SPM PM-4301506AX янярнъмхе ондьхомхйю - 1;;;;;;
43VA430_F.PV;;DI;SPM PM-4301506AX яани йюмюкю - 2;;;;;;
43VAH430.PV;;DI;SPM PM-4301506AX опебшьемхе опедохяюммнцн гмювемхъ - 2;;;;;;
43VA430_L.PV;;DI;SPM PM-4301506AX ялюгйю ондьхомхйю - 2;;;;;;
43VA430_C.PV;;DI;SPM PM-4301506AX янярнъмхе ондьхомхйю - 2;;;;;;
43VA431_F.PV;;DI;SPM P-4301506AX яани йюмюкю - 3;;;;;;
43VAH431.PV;;DI;SPM P-4301506AX опебшьемхе опедохяюммнцн гмювемхъ - 3;;;;;;
43VA431_L.PV;;DI;SPM P-4301506AX ялюгйю ондьхомхйю - 3;;;;;;
43VA431_C.PV;;DI;SPM P-4301506AX янярнъмхе ондьхомхйю - 3;;;;;;
43VA432_F.PV;;DI;SPM PM-4301506SX яани йюмюкю - 1;;;;;;
43VAH432.PV;;DI;SPM PM-4301506SX опебшьемхе опедохяюммнцн гмювемхъ - 1;;;;;;
43VA432_L.PV;;DI;SPM PM-4301506SX ялюгйю ондьхомхйю - 1;;;;;;
43VA432_C.PV;;DI;SPM PM-4301506SX янярнъмхе ондьхомхйю - 1;;;;;;
43VA433_F.PV;;DI;SPM PM-4301506SX яани йюмюкю - 2;;;;;;
43VAH433.PV;;DI;SPM PM-4301506SX опебшьемхе опедохяюммнцн гмювемхъ - 2;;;;;;
43VA433_L.PV;;DI;SPM PM-4301506SX ялюгйю ондьхомхйю - 2;;;;;;
43VA433_C.PV;;DI;SPM PM-4301506SX янярнъмхе ондьхомхйю - 2;;;;;;
43VA434_F.PV;;DI;SPM P-4301506SX яани йюмюкю - 3;;;;;;
43VAH434.PV;;DI;SPM P-4301506SX опебшьемхе опедохяюммнцн гмювемхъ - 3;;;;;;
43VA434_L.PV;;DI;SPM P-4301506SX ялюгйю ондьхомхйю - 3;;;;;;
43VA434_C.PV;;DI;SPM P-4301506SX янярнъмхе ондьхомхйю - 3;;;;;;
43VA435_F.PV;;DI;SPM PM-4301507AX яани йюмюкю - 1;;;;;;
43VAH435.PV;;DI;SPM PM-4301507AX опебшьемхе опедохяюммнцн гмювемхъ - 1;;;;;;
43VA435_L.PV;;DI;SPM P-4301507AX ялюгйю ондьхомхйю - 1;;;;;;
43VA435_C.PV;;DI;SPM P-4301507AX янярнъмхе ондьхомхйю - 1;;;;;;
43VA436_F.PV;;DI;SPM P-4301507AX яани йюмюкю - 2;;;;;;
43VAH436.PV;;DI;SPM P-4301507AX опебшьемхе опедохяюммнцн гмювемхъ - 2;;;;;;
43VA436_L.PV;;DI;SPM P-4301507AX ялюгйю ондьхомхйю - 2;;;;;;
43VA436_C.PV;;DI;SPM P-4301507AX янярнъмхе ондьхомхйю - 2;;;;;;
43VA437_F.PV;;DI;SPM P-4301507AX яани йюмюкю - 3;;;;;;
43VAH437.PV;;DI;SPM P-4301507AX опебшьемхе опедохяюммнцн гмювемхъ - 3;;;;;;
43VA437_L.PV;;DI;SPM P-4301507AX ялюгйю ондьхомхйю - 3;;;;;;
43VA437_C.PV;;DI;SPM P-4301507AX янярнъмхе ондьхомхйю - 3;;;;;;
43VA438_F.PV;;DI;SPM P-4301507AX яани йюмюкю - 4;;;;;;
43VAH438.PV;;DI;SPM P-4301507AX опебшьемхе опедохяюммнцн гмювемхъ - 4;;;;;;
43VA438_L.PV;;DI;SPM P-4301507AX ялюгйю ондьхомхйю - 4;;;;;;
43VA438_C.PV;;DI;SPM P-4301507AX янярнъмхе ондьхомхйю - 4;;;;;;
43VA439_F.PV;;DI;SPM P-4301507SX яани йюмюкю - 1;;;;;;
43VAH439.PV;;DI;SPM P-4301507SX опебшьемхе опедохяюммнцн гмювемхъ - 1;;;;;;
43VA439_L.PV;;DI;SPM P-4301507SX ялюгйю ондьхомхйю - 1;;;;;;
43VA439_C.PV;;DI;SPM P-4301507SX янярнъмхе ондьхомхйю - 1;;;;;;
43VA440_F.PV;;DI;SPM P-4301507SX яани йюмюкю - 2;;;;;;
43VAH440.PV;;DI;SPM P-4301507SX опебшьемхе опедохяюммнцн гмювемхъ - 2;;;;;;
43VA440_L.PV;;DI;SPM P-4301507SX ялюгйю ондьхомхйю - 2;;;;;;
43VA440_C.PV;;DI;SPM P-4301507SX янярнъмхе ондьхомхйю - 2;;;;;;
43VA441_F.PV;;DI;SPM P-4301507SX яани йюмюкю - 3;;;;;;
43VAH441.PV;;DI;SPM P-4301507SX опебшьемхе опедохяюммнцн гмювемхъ - 3;;;;;;
43VA441_L.PV;;DI;SPM P-4301507SX ялюгйю ондьхомхйю - 3;;;;;;
43VA441_C.PV;;DI;SPM P-4301507SX янярнъмхе ондьхомхйю - 3;;;;;;
43VA442_F.PV;;DI;SPM P-4301507SX яани йюмюкю - 4;;;;;;
43VAH442.PV;;DI;SPM P-4301507SX опебшьемхе опедохяюммнцн гмювемхъ - 4;;;;;;
43VA442_L.PV;;DI;SPM P-4301507SX ялюгйю ондьхомхйю - 4;;;;;;
43VA442_C.PV;;DI;SPM P-4301507SX янярнъмхе ондьхомхйю - 4;;;;;;
43VX552.PV;;DI;SPM лскэрхокейяеп BMS-20-43 янярнъмхе;;;;;;
43VA423_F.PV;;DI;SPM PM-4301505AX яани йюмюкю - 1;;;;;;
43VAH423.PV;;DI;SPM PM-4301505AX опебшьемхе опедохяюммнцн гмювемхъ - 1;;;;;;
43VA423_L.PV;;DI;SPM PM-4301505AX ялюгйю ондьхомхйю - 1;;;;;;
43VA423_C.PV;;DI;SPM PM-4301505AX янярнъмхе ондьхомхйю - 1;;;;;;
43VA424_F.PV;;DI;SPM PM-4301505AX яани йюмюкю - 2;;;;;;
43VAH424.PV;;DI;SPM PM-4301505AX опебшьемхе опедохяюммнцн гмювемхъ - 2;;;;;;
43VA424_L.PV;;DI;SPM PM-4301505AX ялюгйю ондьхомхйю - 2;;;;;;
43VA424_C.PV;;DI;SPM PM-4301505AX янярнъмхе ондьхомхйю - 2;;;;;;
43VA425_F.PV;;DI;SPM P-4301505AX яани йюмюкю - 3;;;;;;
43VAH425.PV;;DI;SPM P-4301505AX опебшьемхе опедохяюммнцн гмювемхъ - 3;;;;;;
43VA425_L.PV;;DI;SPM P-4301505AX ялюгйю ондьхомхйю - 3;;;;;;
43VA425_C.PV;;DI;SPM P-4301505AX янярнъмхе ондьхомхйю - 3;;;;;;
43VA426_F.PV;;DI;SPM PM-4301505SX яани йюмюкю - 1;;;;;;
43VAH426.PV;;DI;SPM PM-4301505SX опебшьемхе опедохяюммнцн гмювемхъ - 1;;;;;;
43VAH417.PV;;DI;SPM PM-4301503AX опебшьемхе опедохяюммнцн гмювемхъ - 1;;;;;;
43VA417_L.PV;;DI;SPM PM-4301503AX ялюгйю ондьхомхйю - 1;;;;;;
43VA417_C.PV;;DI;SPM PM-4301503AX янярнъмхе ондьхомхйю - 1;;;;;;
43VA418_F.PV;;DI;SPM PM-4301503AX яани йюмюкю - 2;;;;;;
43VAH418.PV;;DI;SPM PM-4301503AX опебшьемхе опедохяюммнцн гмювемхъ - 2;;;;;;
43VA418_L.PV;;DI;SPM PM-4301503AX ялюгйю ондьхомхйю - 2;;;;;;
43VA418_C.PV;;DI;SPM PM-4301503AX янярнъмхе ондьхомхйю - 2;;;;;;
43VA419_F.PV;;DI;SPM P-4301503AX яани йюмюкю - 3;;;;;;
43VAH419.PV;;DI;SPM P-4301503AX опебшьемхе опедохяюммнцн гмювемхъ - 3;;;;;;
43VA419_L.PV;;DI;SPM P-4301503AX ялюгйю ондьхомхйю - 3;;;;;;
43VA419_C.PV;;DI;SPM P-4301503AX янярнъмхе ондьхомхйю - 3;;;;;;
43VA420_F.PV;;DI;SPM PM-4301503SX яани йюмюкю - 1;;;;;;
43VAH420.PV;;DI;SPM PM-4301503SX опебшьемхе опедохяюммнцн гмювемхъ - 1;;;;;;
43VA420_L.PV;;DI;SPM PM-4301503SX ялюгйю ондьхомхйю - 1;;;;;;
43VA420_C.PV;;DI;SPM PM-4301503SX янярнъмхе ондьхомхйю - 1;;;;;;
43VA421_F.PV;;DI;SPM PM-4301503SX яани йюмюкю - 2;;;;;;
43VAH421.PV;;DI;SPM PM-4301503SX опебшьемхе опедохяюммнцн гмювемхъ - 2;;;;;;
43VA421_L.PV;;DI;SPM PM-4301503SX ялюгйю ондьхомхйю - 2;;;;;;
43VA421_C.PV;;DI;SPM PM-4301503SX янярнъмхе ондьхомхйю - 2;;;;;;
43VA422_F.PV;;DI;SPM P-4301503SX яани йюмюкю - 3;;;;;;
43VAH422.PV;;DI;SPM P-4301503SX опебшьемхе опедохяюммнцн гмювемхъ - 3;;;;;;
43VA422_L.PV;;DI;SPM P-4301503SX ялюгйю ондьхомхйю - 3;;;;;;
43VA422_C.PV;;DI;SPM P-4301503SX янярнъмхе ондьхомхйю - 3;;;;;;
43VX554.PV;;DI;SPM лскэрхокейяеп BMS-20-45 янярнъмхе;;;;;;
43VA443_F.PV;;DI;SPM PM-4301508AX яани йюмюкю - 1;;;;;;
43VAH443.PV;;DI;SPM PM-4301508AX опебшьемхе опедохяюммнцн гмювемхъ - 1;;;;;;
43VA443_L.PV;;DI;SPM PM-4301508AX ялюгйю ондьхомхйю - 1;;;;;;
43VA443_C.PV;;DI;SPM PM-4301508AX янярнъмхе ондьхомхйю - 1;;;;;;
43VA444_F.PV;;DI;SPM PM-4301508AX яани йюмюкю - 2;;;;;;
43VAH444.PV;;DI;SPM PM-4301508AX опебшьемхе опедохяюммнцн гмювемхъ - 2;;;;;;
43VA444_L.PV;;DI;SPM PM-4301508AX ялюгйю ондьхомхйю - 2;;;;;;
43VA444_C.PV;;DI;SPM PM-4301508AX янярнъмхе ондьхомхйю - 2;;;;;;
43VA445_F.PV;;DI;SPM P-4301508AX яани йюмюкю - 3;;;;;;
43VAH445.PV;;DI;SPM P-4301508AX опебшьемхе опедохяюммнцн гмювемхъ - 3;;;;;;
43VA445_L.PV;;DI;SPM P-4301508AX ялюгйю ондьхомхйю - 3;;;;;;
43VA445_C.PV;;DI;SPM P-4301508AX янярнъмхе ондьхомхйю - 3;;;;;;
43VA446_F.PV;;DI;SPM PM-4301508SX яани йюмюкю - 1;;;;;;
43VAH446.PV;;DI;SPM PM-4301508SX опебшьемхе опедохяюммнцн гмювемхъ - 1;;;;;;
43VA446_L.PV;;DI;SPM PM-4301508SX ялюгйю ондьхомхйю - 1;;;;;;
43VA446_C.PV;;DI;SPM PM-4301508SX янярнъмхе ондьхомхйю - 1;;;;;;
43VA447_F.PV;;DI;SPM PM-4301508SX яани йюмюкю - 2;;;;;;
43VAH447.PV;;DI;SPM PM-4301508SX опебшьемхе опедохяюммнцн гмювемхъ - 2;;;;;;
43VX553.PV;;DI;SPM лскэрхокейяеп BMS-20-44 янярнъмхе;;;;;;
43VA417_F.PV;;DI;SPM PM-4301503AX яани йюмюкю - 1;;;;;;
43VA448_F.PV;;DI;SPM P-4301508SX яани йюмюкю - 3;;;;;;
43VAH448.PV;;DI;SPM P-4301508SX опебшьемхе опедохяюммнцн гмювемхъ - 3;;;;;;
43VA448_L.PV;;DI;SPM P-4301508SX ялюгйю ондьхомхйю - 3;;;;;;
43VA448_C.PV;;DI;SPM P-4301508SX янярнъмхе ондьхомхйю - 3;;;;;;
43VA457_F.PV;;DI;SPM PM-4301504 2SX яани йюмюкю - 1;;;;;;
43VAH457.PV;;DI;SPM PM-4301504 2SX опебшьемхе опедохяюммнцн гмювемхъ - 1;;;;;;
43VA457_L.PV;;DI;SPM PM-4301504 2SX ялюгйю ондьхомхйю - 1;;;;;;
43VA447_L.PV;;DI;SPM PM-4301508SX ялюгйю ондьхомхйю - 2;;;;;;
43VA447_C.PV;;DI;SPM PM-4301508SX янярнъмхе ондьхомхйю - 2;;;;;;
43VA426_L.PV;;DI;SPM PM-4301505SX ялюгйю ондьхомхйю - 1;;;;;;
43VA426_C.PV;;DI;SPM PM-4301505SX янярнъмхе ондьхомхйю - 1;;;;;;
43VA427_F.PV;;DI;SPM PM-4301505SX яани йюмюкю - 2;;;;;;
43VAH427.PV;;DI;SPM PM-4301505SX опебшьемхе опедохяюммнцн гмювемхъ - 2;;;;;;
43VA427_L.PV;;DI;SPM PM-4301505SX ялюгйю ондьхомхйю - 2;;;;;;
43VA427_C.PV;;DI;SPM PM-4301505SX янярнъмхе ондьхомхйю - 2;;;;;;
43VA428_F.PV;;DI;SPM P-4301505SX яани йюмюкю - 3;;;;;;
43VAH428.PV;;DI;SPM P-4301505SX опебшьемхе опедохяюммнцн гмювемхъ - 3;;;;;;
43VA428_L.PV;;DI;SPM P-4301505SX ялюгйю ондьхомхйю - 3;;;;;;
43VA428_C.PV;;DI;SPM P-4301505SX янярнъмхе ондьхомхйю - 3;;;;;;
43VA449_F.PV;;DI;SPM PM-4301504AX яани йюмюкю - 1;;;;;;
43VAH449.PV;;DI;SPM PM-4301504AX опебшьемхе опедохяюммнцн гмювемхъ - 1;;;;;;
43VA449_L.PV;;DI;SPM PM-4301504AX ялюгйю ондьхомхйю - 1;;;;;;
43VA449_C.PV;;DI;SPM PM-4301504AX янярнъмхе ондьхомхйю - 1;;;;;;
43VA450_F.PV;;DI;SPM PM-4301504AX яани йюмюкю - 2;;;;;;
43VAH450.PV;;DI;SPM PM-4301504AX опебшьемхе опедохяюммнцн гмювемхъ - 2;;;;;;
43VA450_L.PV;;DI;SPM PM-4301504AX ялюгйю ондьхомхйю - 2;;;;;;
43VA450_C.PV;;DI;SPM PM-4301504AX янярнъмхе ондьхомхйю - 2;;;;;;
43VA451_F.PV;;DI;SPM P-4301504AX яани йюмюкю - 3;;;;;;
43VAH451.PV;;DI;SPM P-4301504AX опебшьемхе опедохяюммнцн гмювемхъ - 3;;;;;;
43VA451_L.PV;;DI;SPM P-4301504AX ялюгйю ондьхомхйю - 3;;;;;;
43VA451_C.PV;;DI;SPM P-4301504AX янярнъмхе ондьхомхйю - 3;;;;;;
43VA452_F.PV;;DI;SPM P-4301504AX яани йюмюкю - 4;;;;;;
43VAH452.PV;;DI;SPM P-4301504AX опебшьемхе опедохяюммнцн гмювемхъ - 4;;;;;;
43VA452_L.PV;;DI;SPM P-4301504AX ялюгйю ондьхомхйю - 4;;;;;;
43VA452_C.PV;;DI;SPM P-4301504AX янярнъмхе ондьхомхйю - 4;;;;;;
43VA453_F.PV;;DI;SPM PM-4301504 1SX яани йюмюкю - 1;;;;;;
43VAH453.PV;;DI;SPM PM-4301504 1SX опебшьемхе опедохяюммнцн гмювемхъ - 1;;;;;;
43VA453_L.PV;;DI;SPM PM-4301504 1SX ялюгйю ондьхомхйю - 1;;;;;;
43VA453_C.PV;;DI;SPM PM-4301504 1SX янярнъмхе ондьхомхйю - 1;;;;;;
43VA454_F.PV;;DI;SPM PM-4301504 1SX яани йюмюкю - 2;;;;;;
43VAH454.PV;;DI;SPM PM-4301504 1SX опебшьемхе опедохяюммнцн гмювемхъ - 2;;;;;;
43VA454_L.PV;;DI;SPM PM-4301504 1SX ялюгйю ондьхомхйю - 2;;;;;;
43VA454_C.PV;;DI;SPM PM-4301504 1SX янярнъмхе ондьхомхйю - 2;;;;;;
43VA455_F.PV;;DI;SPM P-4301504 1SX яани йюмюкю - 3;;;;;;
43VAH455.PV;;DI;SPM P-4301504 1SX опебшьемхе опедохяюммнцн гмювемхъ - 3;;;;;;
43VA455_L.PV;;DI;SPM P-4301504 1SX ялюгйю ондьхомхйю - 3;;;;;;
43VA455_C.PV;;DI;SPM P-4301504 1SX янярнъмхе ондьхомхйю - 3;;;;;;
43VA456_F.PV;;DI;SPM P-4301504 1SX яани йюмюкю - 4;;;;;;
43VAH456.PV;;DI;SPM P-4301504 1SX опебшьемхе опедохяюммнцн гмювемхъ - 4;;;;;;
43VA456_L.PV;;DI;SPM P-4301504 1SX ялюгйю ондьхомхйю - 4;;;;;;
43VA456_C.PV;;DI;SPM P-4301504 1SX янярнъмхе ондьхомхйю - 4;;;;;;
10VA022_F.PV;;DI;SPM P-1002A яани йюмюкю - 3;;;;;;
10VAH022.PV;;DI;SPM P-1002A опебшьемхе опедохяюммнцн гмювемхъ - 3;;;;;;
10VA022_L.PV;;DI;SPM P-1002A ялюгйю ондьхомхйю - 3;;;;;;
10VA022_C.PV;;DI;SPM P-1002A янярнъмхе ондьхомхйю - 3;;;;;;
10VA023_F.PV;;DI;SPM P-1002S яани йюмюкю - 4;;;;;;
10VAH023.PV;;DI;SPM P-1002S опебшьемхе опедохяюммнцн гмювемхъ - 4;;;;;;
10VA023_L.PV;;DI;SPM P-1002S ялюгйю ондьхомхйю - 4;;;;;;
10VA023_C.PV;;DI;SPM P-1002S янярнъмхе ондьхомхйю - 4;;;;;;
10VX102.PV;;DI;SPM лскэрхокейяеп BMS-20-21 янярнъмхе;;;;;;
10VA024_F.PV;;DI;SPM PM-1003A яани йюмюкю - 1;;;;;;
10VAH024.PV;;DI;SPM PM-1003A опебшьемхе опедохяюммнцн гмювемхъ - 1;;;;;;
10VA024_L.PV;;DI;SPM PM-1003A ялюгйю ондьхомхйю - 1;;;;;;
10VA024_C.PV;;DI;SPM PM-1003A янярнъмхе ондьхомхйю - 1;;;;;;
10VA025_F.PV;;DI;SPM PM-1003A яани йюмюкю - 2;;;;;;
10VAH025.PV;;DI;SPM PM-1003A опебшьемхе опедохяюммнцн гмювемхъ - 2;;;;;;
10VA025_L.PV;;DI;SPM PM-1003A ялюгйю ондьхомхйю - 2;;;;;;
10VA025_C.PV;;DI;SPM PM-1003A янярнъмхе ондьхомхйю - 2;;;;;;
10VA026_F.PV;;DI;SPM P-1003A яани йюмюкю - 3;;;;;;
10VAH026.PV;;DI;SPM P-1003A опебшьемхе опедохяюммнцн гмювемхъ - 3;;;;;;
10VA026_L.PV;;DI;SPM P-1003A ялюгйю ондьхомхйю - 3;;;;;;
10VA026_C.PV;;DI;SPM P-1003A янярнъмхе ондьхомхйю - 3;;;;;;
10VA027_F.PV;;DI;SPM PM-1003S яани йюмюкю - 1;;;;;;
10VAH027.PV;;DI;SPM PM-1003S опебшьемхе опедохяюммнцн гмювемхъ - 1;;;;;;
10VA027_L.PV;;DI;SPM PM-1003S ялюгйю ондьхомхйю - 1;;;;;;
10VA027_C.PV;;DI;SPM PM-1003S янярнъмхе ондьхомхйю - 1;;;;;;
10VA028_F.PV;;DI;SPM PM-1003S яани йюмюкю - 2;;;;;;
10VAH028.PV;;DI;SPM PM-1003S опебшьемхе опедохяюммнцн гмювемхъ - 2;;;;;;
10VA028_L.PV;;DI;SPM PM-1003S ялюгйю ондьхомхйю - 2;;;;;;
10VA028_C.PV;;DI;SPM PM-1003S янярнъмхе ондьхомхйю - 2;;;;;;
10VA029_F.PV;;DI;SPM P-1003S яани йюмюкю - 3;;;;;;
10VAH029.PV;;DI;SPM P-1003S опебшьемхе опедохяюммнцн гмювемхъ - 3;;;;;;
10VA029_L.PV;;DI;SPM P-1003S ялюгйю ондьхомхйю - 3;;;;;;
10VA029_C.PV;;DI;SPM P-1003S янярнъмхе ондьхомхйю - 3;;;;;;
10VA048_F.PV;;DI;SPM PM-1009A яани йюмюкю - 1;;;;;;
10VAH048.PV;;DI;SPM PM-1009A опебшьемхе опедохяюммнцн гмювемхъ - 1;;;;;;
10VA048_L.PV;;DI;SPM PM-1009A ялюгйю ондьхомхйю - 1;;;;;;
10VA048_C.PV;;DI;SPM PM-1009A янярнъмхе ондьхомхйю - 1;;;;;;
10VA049_F.PV;;DI;SPM PM-1009A яани йюмюкю - 2;;;;;;
10VAH049.PV;;DI;SPM PM-1009A опебшьемхе опедохяюммнцн гмювемхъ - 2;;;;;;
10VA049_L.PV;;DI;SPM PM-1009A ялюгйю ондьхомхйю - 2;;;;;;
10VA049_C.PV;;DI;SPM PM-1009A янярнъмхе ондьхомхйю - 2;;;;;;
10VA050_F.PV;;DI;SPM P-1009A яани йюмюкю - 3;;;;;;
10VAH050.PV;;DI;SPM P-1009A опебшьемхе опедохяюммнцн гмювемхъ - 3;;;;;;
10VA050_L.PV;;DI;SPM P-1009A ялюгйю ондьхомхйю - 3;;;;;;
10VA050_C.PV;;DI;SPM P-1009A янярнъмхе ондьхомхйю - 3;;;;;;
10VA051_F.PV;;DI;SPM PM-1009S яани йюмюкю - 1;;;;;;
B101SP_SYS10.PV;;DI;IB-10-1 яхярелю SPM янярнъмхе SYS10;;;;;;
10VX100.PV;;DI;SPM лскэрхокейяеп BMS-20-19 янярнъмхе;;;;;;
10VA013_F.PV;;DI;SPM PM-1001A яани йюмюкю - 1;;;;;;
10VAH013.PV;;DI;SPM PM-1001A опебшьемхе опедохяюммнцн гмювемхъ - 1;;;;;;
10VA013_L.PV;;DI;SPM PM-1001A ялюгйю ондьхомхйю - 1;;;;;;
10VA013_C.PV;;DI;SPM PM-1001A янярнъмхе ондьхомхйю - 1;;;;;;
10VA014_F.PV;;DI;SPM PM-1001A яани йюмюкю - 2;;;;;;
10VAH014.PV;;DI;SPM PM-1001A опебшьемхе опедохяюммнцн гмювемхъ - 2;;;;;;
10VA014_L.PV;;DI;SPM PM-1001A ялюгйю ондьхомхйю - 2;;;;;;
10VA014_C.PV;;DI;SPM PM-1001A янярнъмхе ондьхомхйю - 2;;;;;;
10VA015_F.PV;;DI;SPM P-1001A яани йюмюкю - 3;;;;;;
10VAH015.PV;;DI;SPM P-1001A опебшьемхе опедохяюммнцн гмювемхъ - 3;;;;;;
10VA015_L.PV;;DI;SPM P-1001A ялюгйю ондьхомхйю - 3;;;;;;
10VA015_C.PV;;DI;SPM P-1001A янярнъмхе ондьхомхйю - 3;;;;;;
10VA016_F.PV;;DI;SPM PM-1001B яани йюмюкю - 1;;;;;;
10VAH016.PV;;DI;SPM PM-1001B опебшьемхе опедохяюммнцн гмювемхъ - 1;;;;;;
10VA016_L.PV;;DI;SPM PM-1001B ялюгйю ондьхомхйю - 1;;;;;;
10VA016_C.PV;;DI;SPM PM-1001B янярнъмхе ондьхомхйю - 1;;;;;;
10VA017_F.PV;;DI;SPM PM-1001B яани йюмюкю - 2;;;;;;
10VAH017.PV;;DI;SPM PM-1001B опебшьемхе опедохяюммнцн гмювемхъ - 2;;;;;;
10VA017_L.PV;;DI;SPM PM-1001B ялюгйю ондьхомхйю - 2;;;;;;
10VA017_C.PV;;DI;SPM PM-1001B янярнъмхе ондьхомхйю - 2;;;;;;
10VA018_F.PV;;DI;SPM P-1001B яани йюмюкю - 3;;;;;;
10VAH018.PV;;DI;SPM P-1001B опебшьемхе опедохяюммнцн гмювемхъ - 3;;;;;;
10VA043_F.PV;;DI;SPM PM-1006A яани йюмюкю - 2;;;;;;
10VAH043.PV;;DI;SPM PM-1006A опебшьемхе опедохяюммнцн гмювемхъ - 2;;;;;;
10VA043_L.PV;;DI;SPM PM-1006A ялюгйю ондьхомхйю - 2;;;;;;
10VA043_C.PV;;DI;SPM PM-1006A янярнъмхе ондьхомхйю - 2;;;;;;
10VA044_F.PV;;DI;SPM P-1006A яани йюмюкю - 3;;;;;;
10VAH044.PV;;DI;SPM P-1006A опебшьемхе опедохяюммнцн гмювемхъ - 3;;;;;;
10VA044_L.PV;;DI;SPM P-1006A ялюгйю ондьхомхйю - 3;;;;;;
10VA044_C.PV;;DI;SPM P-1006A янярнъмхе ондьхомхйю - 3;;;;;;
10VA045_F.PV;;DI;SPM PM-1006S яани йюмюкю - 1;;;;;;
10VAH045.PV;;DI;SPM PM-1006S опебшьемхе опедохяюммнцн гмювемхъ - 1;;;;;;
10VA045_L.PV;;DI;SPM PM-1006S ялюгйю ондьхомхйю - 1;;;;;;
10VA045_C.PV;;DI;SPM PM-1006S янярнъмхе ондьхомхйю - 1;;;;;;
10VA046_F.PV;;DI;SPM PM-1006S яани йюмюкю - 2;;;;;;
10VAH046.PV;;DI;SPM PM-1006S опебшьемхе опедохяюммнцн гмювемхъ - 2;;;;;;
10VA046_L.PV;;DI;SPM PM-1006S ялюгйю ондьхомхйю - 2;;;;;;
10VA046_C.PV;;DI;SPM PM-1006S янярнъмхе ондьхомхйю - 2;;;;;;
10VA047_F.PV;;DI;SPM P-1006S яани йюмюкю - 3;;;;;;
10VAH047.PV;;DI;SPM P-1006S опебшьемхе опедохяюммнцн гмювемхъ - 3;;;;;;
10VA047_L.PV;;DI;SPM P-1006S ялюгйю ондьхомхйю - 3;;;;;;
10VA047_C.PV;;DI;SPM P-1006S янярнъмхе ондьхомхйю - 3;;;;;;
10VA054_F.PV;;DI;SPM PM-1010A яани йюмюкю - 1;;;;;;
10VAH054.PV;;DI;SPM PM-1010A опебшьемхе опедохяюммнцн гмювемхъ - 1;;;;;;
10VA054_L.PV;;DI;SPM PM-1010A ялюгйю ондьхомхйю - 1;;;;;;
10VA054_C.PV;;DI;SPM PM-1010A янярнъмхе ондьхомхйю - 1;;;;;;
10VA055_F.PV;;DI;SPM PM-1010A яани йюмюкю - 2;;;;;;
10VAH055.PV;;DI;SPM PM-1010A опебшьемхе опедохяюммнцн гмювемхъ - 2;;;;;;
10VA055_L.PV;;DI;SPM PM-1010A ялюгйю ондьхомхйю - 2;;;;;;
10VA055_C.PV;;DI;SPM PM-1010A янярнъмхе ондьхомхйю - 2;;;;;;
10VA056_F.PV;;DI;SPM P-1010A яани йюмюкю - 3;;;;;;
10VAH056.PV;;DI;SPM P-1010A опебшьемхе опедохяюммнцн гмювемхъ - 3;;;;;;
10VA056_L.PV;;DI;SPM P-1010A ялюгйю ондьхомхйю - 3;;;;;;
10VA056_C.PV;;DI;SPM P-1010A янярнъмхе ондьхомхйю - 3;;;;;;
10VA057_F.PV;;DI;SPM PM-1010S яани йюмюкю - 1;;;;;;
10VAH057.PV;;DI;SPM PM-1010S опебшьемхе опедохяюммнцн гмювемхъ - 1;;;;;;
10VA057_L.PV;;DI;SPM PM-1010S ялюгйю ондьхомхйю - 1;;;;;;
10VA057_C.PV;;DI;SPM PM-1010S янярнъмхе ондьхомхйю - 1;;;;;;
10VA058_F.PV;;DI;SPM PM-1010S яани йюмюкю - 2;;;;;;
10VAH058.PV;;DI;SPM PM-1010S опебшьемхе опедохяюммнцн гмювемхъ - 2;;;;;;
10VA058_L.PV;;DI;SPM PM-1010S ялюгйю ондьхомхйю - 2;;;;;;
10VA058_C.PV;;DI;SPM PM-1010S янярнъмхе ондьхомхйю - 2;;;;;;
10VA059_F.PV;;DI;SPM P-1010S яани йюмюкю - 3;;;;;;
10VAH059.PV;;DI;SPM P-1010S опебшьемхе опедохяюммнцн гмювемхъ - 3;;;;;;
10VA059_L.PV;;DI;SPM P-1010S ялюгйю ондьхомхйю - 3;;;;;;
10VA059_C.PV;;DI;SPM P-1010S янярнъмхе ондьхомхйю - 3;;;;;;
10VX105.PV;;DI;SPM лскэрхокейяеп BMS-20-24 янярнъмхе;;;;;;
10VA060_F.PV;;DI;SPM PM-1013A яани йюмюкю - 1;;;;;;
10VAH060.PV;;DI;SPM PM-1013A опебшьемхе опедохяюммнцн гмювемхъ - 1;;;;;;
10VA060_L.PV;;DI;SPM PM-1013A ялюгйю ондьхомхйю - 1;;;;;;
10VA060_C.PV;;DI;SPM PM-1013A янярнъмхе ондьхомхйю - 1;;;;;;
10VA061_F.PV;;DI;SPM PM-1013A яани йюмюкю - 2;;;;;;
10VAH061.PV;;DI;SPM PM-1013A опебшьемхе опедохяюммнцн гмювемхъ - 2;;;;;;
10VA061_L.PV;;DI;SPM PM-1013A ялюгйю ондьхомхйю - 2;;;;;;
10VA061_C.PV;;DI;SPM PM-1013A янярнъмхе ондьхомхйю - 2;;;;;;
10VA062_F.PV;;DI;SPM P-1013A яани йюмюкю - 3;;;;;;
10VAH062.PV;;DI;SPM P-1013A опебшьемхе опедохяюммнцн гмювемхъ - 3;;;;;;
10VA062_L.PV;;DI;SPM P-1013A ялюгйю ондьхомхйю - 3;;;;;;
10VA062_C.PV;;DI;SPM P-1013A янярнъмхе ондьхомхйю - 3;;;;;;
10VA063_F.PV;;DI;SPM PM-1013S яани йюмюкю - 1;;;;;;
10VAH063.PV;;DI;SPM PM-1013S опебшьемхе опедохяюммнцн гмювемхъ - 1;;;;;;
10VA063_L.PV;;DI;SPM PM-1013S ялюгйю ондьхомхйю - 1;;;;;;
10VA063_C.PV;;DI;SPM PM-1013S янярнъмхе ондьхомхйю - 1;;;;;;
10VA064_F.PV;;DI;SPM PM-1013S яани йюмюкю - 2;;;;;;
10VAH064.PV;;DI;SPM PM-1013S опебшьемхе опедохяюммнцн гмювемхъ - 2;;;;;;
10VA064_L.PV;;DI;SPM PM-1013S ялюгйю ондьхомхйю - 2;;;;;;
10VA064_C.PV;;DI;SPM PM-1013S янярнъмхе ондьхомхйю - 2;;;;;;
10VA065_F.PV;;DI;SPM P-1013S яани йюмюкю - 3;;;;;;
10VAH065.PV;;DI;SPM P-1013S опебшьемхе опедохяюммнцн гмювемхъ - 3;;;;;;
10VA065_L.PV;;DI;SPM P-1013S ялюгйю ондьхомхйю - 3;;;;;;
10VA065_C.PV;;DI;SPM P-1013S янярнъмхе ондьхомхйю - 3;;;;;;
10VX106.PV;;DI;SPM лскэрхокейяеп BMS-20-25 янярнъмхе;;;;;;
10VA066_F.PV;;DI;SPM PM-1040A яани йюмюкю - 1;;;;;;
10VAH066.PV;;DI;SPM PM-1040A опебшьемхе опедохяюммнцн гмювемхъ - 1;;;;;;
10VA066_L.PV;;DI;SPM PM-1040A ялюгйю ондьхомхйю - 1;;;;;;
10VA066_C.PV;;DI;SPM PM-1040A янярнъмхе ондьхомхйю - 1;;;;;;
10VA067_F.PV;;DI;SPM PM-1040A яани йюмюкю - 2;;;;;;
10VAH067.PV;;DI;SPM PM-1040A опебшьемхе опедохяюммнцн гмювемхъ - 2;;;;;;
10VA067_L.PV;;DI;SPM PM-1040A ялюгйю ондьхомхйю - 2;;;;;;
10VA067_C.PV;;DI;SPM PM-1040A янярнъмхе ондьхомхйю - 2;;;;;;
10VA068_F.PV;;DI;SPM P-1040A яани йюмюкю - 3;;;;;;
10VAH068.PV;;DI;SPM P-1040A опебшьемхе опедохяюммнцн гмювемхъ - 3;;;;;;
10VA018_L.PV;;DI;SPM P-1001B ялюгйю ондьхомхйю - 3;;;;;;
10VA018_C.PV;;DI;SPM P-1001B янярнъмхе ондьхомхйю - 3;;;;;;
10VA019_F.PV;;DI;SPM P-1001S яани йюмюкю - 4;;;;;;
10VAH019.PV;;DI;SPM P-1001S опебшьемхе опедохяюммнцн гмювемхъ - 4;;;;;;
10VA019_L.PV;;DI;SPM P-1001S ялюгйю ондьхомхйю - 4;;;;;;
10VA019_C.PV;;DI;SPM P-1001S янярнъмхе ондьхомхйю - 4;;;;;;
10VX101.PV;;DI;SPM лскэрхокейяеп BMS-20-20 янярнъмхе;;;;;;
10VA020_F.PV;;DI;SPM PM-1002A яани йюмюкю - 1;;;;;;
10VAH020.PV;;DI;SPM PM-1002A опебшьемхе опедохяюммнцн гмювемхъ - 1;;;;;;
10VA020_L.PV;;DI;SPM PM-1002A ялюгйю ондьхомхйю - 1;;;;;;
10VA020_C.PV;;DI;SPM PM-1002A янярнъмхе ондьхомхйю - 1;;;;;;
10VA021_F.PV;;DI;SPM PM-1002A яани йюмюкю - 2;;;;;;
10VAH021.PV;;DI;SPM PM-1002A опебшьемхе опедохяюммнцн гмювемхъ - 2;;;;;;
10VA021_L.PV;;DI;SPM PM-1002A ялюгйю ондьхомхйю - 2;;;;;;
10VA021_C.PV;;DI;SPM PM-1002A янярнъмхе ондьхомхйю - 2;;;;;;
10VAH051.PV;;DI;SPM PM-1009S опебшьемхе опедохяюммнцн гмювемхъ - 1;;;;;;
10VA051_L.PV;;DI;SPM PM-1009S ялюгйю ондьхомхйю - 1;;;;;;
10VA051_C.PV;;DI;SPM PM-1009S янярнъмхе ондьхомхйю - 1;;;;;;
10VA052_F.PV;;DI;SPM PM-1009S яани йюмюкю - 2;;;;;;
10VAH052.PV;;DI;SPM PM-1009S опебшьемхе опедохяюммнцн гмювемхъ - 2;;;;;;
10VA052_L.PV;;DI;SPM PM-1009S ялюгйю ондьхомхйю - 2;;;;;;
10VA052_C.PV;;DI;SPM PM-1009S янярнъмхе ондьхомхйю - 2;;;;;;
10VA053_F.PV;;DI;SPM P-1009S яани йюмюкю - 3;;;;;;
10VAH053.PV;;DI;SPM P-1009S опебшьемхе опедохяюммнцн гмювемхъ - 3;;;;;;
10VA053_L.PV;;DI;SPM P-1009S ялюгйю ондьхомхйю - 3;;;;;;
10VA053_C.PV;;DI;SPM P-1009S янярнъмхе ондьхомхйю - 3;;;;;;
10VX103.PV;;DI;SPM лскэрхокейяеп BMS-20-22 янярнъмхе;;;;;;
10VA030_F.PV;;DI;SPM PM-1004A яани йюмюкю - 1;;;;;;
10VAH030.PV;;DI;SPM PM-1004A опебшьемхе опедохяюммнцн гмювемхъ - 1;;;;;;
10VA030_L.PV;;DI;SPM PM-1004A ялюгйю ондьхомхйю - 1;;;;;;
10VA030_C.PV;;DI;SPM PM-1004A янярнъмхе ондьхомхйю - 1;;;;;;
10VA031_F.PV;;DI;SPM PM-1004A яани йюмюкю - 2;;;;;;
10VAH031.PV;;DI;SPM PM-1004A опебшьемхе опедохяюммнцн гмювемхъ - 2;;;;;;
10VA031_L.PV;;DI;SPM PM-1004A ялюгйю ондьхомхйю - 2;;;;;;
10VA031_C.PV;;DI;SPM PM-1004A янярнъмхе ондьхомхйю - 2;;;;;;
10VA032_F.PV;;DI;SPM P-1004A яани йюмюкю - 3;;;;;;
10VAH032.PV;;DI;SPM P-1004A опебшьемхе опедохяюммнцн гмювемхъ - 3;;;;;;
10VA032_L.PV;;DI;SPM P-1004A ялюгйю ондьхомхйю - 3;;;;;;
10VA032_C.PV;;DI;SPM P-1004A янярнъмхе ондьхомхйю - 3;;;;;;
10VA033_F.PV;;DI;SPM PM-1004S яани йюмюкю - 1;;;;;;
10VAH033.PV;;DI;SPM PM-1004S опебшьемхе опедохяюммнцн гмювемхъ - 1;;;;;;
10VA033_L.PV;;DI;SPM PM-1004S ялюгйю ондьхомхйю - 1;;;;;;
10VA033_C.PV;;DI;SPM PM-1004S янярнъмхе ондьхомхйю - 1;;;;;;
10VA034_F.PV;;DI;SPM PM-1004S яани йюмюкю - 2;;;;;;
10VAH034.PV;;DI;SPM PM-1004S опебшьемхе опедохяюммнцн гмювемхъ - 2;;;;;;
10VA034_L.PV;;DI;SPM PM-1004S ялюгйю ондьхомхйю - 2;;;;;;
10VA034_C.PV;;DI;SPM PM-1004S янярнъмхе ондьхомхйю - 2;;;;;;
10VA035_F.PV;;DI;SPM P-1004S яани йюмюкю - 3;;;;;;
10VAH035.PV;;DI;SPM P-1004S опебшьемхе опедохяюммнцн гмювемхъ - 3;;;;;;
10VA035_L.PV;;DI;SPM P-1004S ялюгйю ондьхомхйю - 3;;;;;;
10VA035_C.PV;;DI;SPM P-1004S янярнъмхе ондьхомхйю - 3;;;;;;
10VA036_F.PV;;DI;SPM PM-1005A яани йюмюкю - 1;;;;;;
10VAH036.PV;;DI;SPM PM-1005A опебшьемхе опедохяюммнцн гмювемхъ - 1;;;;;;
10VA036_L.PV;;DI;SPM PM-1005A ялюгйю ондьхомхйю - 1;;;;;;
10VA036_C.PV;;DI;SPM PM-1005A янярнъмхе ондьхомхйю - 1;;;;;;
10VA037_F.PV;;DI;SPM PM-1005A яани йюмюкю - 2;;;;;;
10VAH037.PV;;DI;SPM PM-1005A опебшьемхе опедохяюммнцн гмювемхъ - 2;;;;;;
10VA037_L.PV;;DI;SPM PM-1005A ялюгйю ондьхомхйю - 2;;;;;;
10VA037_C.PV;;DI;SPM PM-1005A янярнъмхе ондьхомхйю - 2;;;;;;
10VA038_F.PV;;DI;SPM P-1005A яани йюмюкю - 3;;;;;;
10VAH038.PV;;DI;SPM P-1005A опебшьемхе опедохяюммнцн гмювемхъ - 3;;;;;;
10VA038_L.PV;;DI;SPM P-1005A ялюгйю ондьхомхйю - 3;;;;;;
10VA038_C.PV;;DI;SPM P-1005A янярнъмхе ондьхомхйю - 3;;;;;;
10VA039_F.PV;;DI;SPM PM-1005S яани йюмюкю - 1;;;;;;
10VAH039.PV;;DI;SPM PM-1005S опебшьемхе опедохяюммнцн гмювемхъ - 1;;;;;;
10VA039_L.PV;;DI;SPM PM-1005S ялюгйю ондьхомхйю - 1;;;;;;
10VA039_C.PV;;DI;SPM PM-1005S янярнъмхе ондьхомхйю - 1;;;;;;
10VA040_F.PV;;DI;SPM PM-1005S яани йюмюкю - 2;;;;;;
10VAH040.PV;;DI;SPM PM-1005S опебшьемхе опедохяюммнцн гмювемхъ - 2;;;;;;
10VA040_L.PV;;DI;SPM PM-1005S ялюгйю ондьхомхйю - 2;;;;;;
10VA040_C.PV;;DI;SPM PM-1005S янярнъмхе ондьхомхйю - 2;;;;;;
10VA041_F.PV;;DI;SPM P-1005S яани йюмюкю - 3;;;;;;
10VAH041.PV;;DI;SPM P-1005S опебшьемхе опедохяюммнцн гмювемхъ - 3;;;;;;
10VA041_L.PV;;DI;SPM P-1005S ялюгйю ондьхомхйю - 3;;;;;;
10VA041_C.PV;;DI;SPM P-1005S янярнъмхе ондьхомхйю - 3;;;;;;
10VX104.PV;;DI;SPM лскэрхокейяеп BMS-20-23 янярнъмхе;;;;;;
10VA042_F.PV;;DI;SPM PM-1006A яани йюмюкю - 1;;;;;;
10VAH042.PV;;DI;SPM PM-1006A опебшьемхе опедохяюммнцн гмювемхъ - 1;;;;;;
10VA042_L.PV;;DI;SPM PM-1006A ялюгйю ондьхомхйю - 1;;;;;;
10VA042_C.PV;;DI;SPM PM-1006A янярнъмхе ондьхомхйю - 1;;;;;;
10VA068_L.PV;;DI;SPM P-1040A ялюгйю ондьхомхйю - 3;;;;;;
10VA068_C.PV;;DI;SPM P-1040A янярнъмхе ондьхомхйю - 3;;;;;;
10VA069_F.PV;;DI;SPM PM-1040B яани йюмюкю - 1;;;;;;
10VAH069.PV;;DI;SPM PM-1040B опебшьемхе опедохяюммнцн гмювемхъ - 1;;;;;;
10VA069_L.PV;;DI;SPM PM-1040B ялюгйю ондьхомхйю - 1;;;;;;
10VA069_C.PV;;DI;SPM PM-1040B янярнъмхе ондьхомхйю - 1;;;;;;
10VA070_F.PV;;DI;SPM PM-1040B яани йюмюкю - 2;;;;;;
10VAH070.PV;;DI;SPM PM-1040B опебшьемхе опедохяюммнцн гмювемхъ - 2;;;;;;
10VA070_L.PV;;DI;SPM PM-1040B ялюгйю ондьхомхйю - 2;;;;;;
10VA070_C.PV;;DI;SPM PM-1040B янярнъмхе ондьхомхйю - 2;;;;;;
10VA071_F.PV;;DI;SPM P-1040B яани йюмюкю - 3;;;;;;
10VAH071.PV;;DI;SPM P-1040B опебшьемхе опедохяюммнцн гмювемхъ - 3;;;;;;
10VA071_L.PV;;DI;SPM P-1040B ялюгйю ондьхомхйю - 3;;;;;;
10VA071_C.PV;;DI;SPM P-1040B янярнъмхе ондьхомхйю - 3;;;;;;
10VA072_F.PV;;DI;SPM P-1040S яани йюмюкю - 3;;;;;;
10VAH072.PV;;DI;SPM P-1040S опебшьемхе опедохяюммнцн гмювемхъ - 3;;;;;;
10VA072_L.PV;;DI;SPM P-1040S ялюгйю ондьхомхйю - 3;;;;;;
10VA072_C.PV;;DI;SPM P-1040S янярнъмхе ондьхомхйю - 3;;;;;;
10VX107.PV;;DI;SPM лскэрхокейяеп BMS-20-26 янярнъмхе;;;;;;
10VA075_F.PV;;DI;SPM PM-1045A яани йюмюкю - 1;;;;;;
10VAH075.PV;;DI;SPM PM-1045A опебшьемхе опедохяюммнцн гмювемхъ - 1;;;;;;
10VA075_L.PV;;DI;SPM PM-1045A ялюгйю ондьхомхйю - 1;;;;;;
10VA075_C.PV;;DI;SPM PM-1045A янярнъмхе ондьхомхйю - 1;;;;;;
10VA076_F.PV;;DI;SPM PM-1045A яани йюмюкю - 2;;;;;;
10VAH076.PV;;DI;SPM PM-1045A опебшьемхе опедохяюммнцн гмювемхъ - 2;;;;;;
10VA076_L.PV;;DI;SPM PM-1045A ялюгйю ондьхомхйю - 2;;;;;;
10VA076_C.PV;;DI;SPM PM-1045A янярнъмхе ондьхомхйю - 2;;;;;;
10VA077_F.PV;;DI;SPM P-1045A яани йюмюкю - 3;;;;;;
10VAH077.PV;;DI;SPM P-1045A опебшьемхе опедохяюммнцн гмювемхъ - 3;;;;;;
10VA077_L.PV;;DI;SPM P-1045A ялюгйю ондьхомхйю - 3;;;;;;
10VA077_C.PV;;DI;SPM P-1045A янярнъмхе ондьхомхйю - 3;;;;;;
10VA078_F.PV;;DI;SPM PM-1045S яани йюмюкю - 1;;;;;;
10VAH078.PV;;DI;SPM PM-1045S опебшьемхе опедохяюммнцн гмювемхъ - 1;;;;;;
10VA078_L.PV;;DI;SPM PM-1045S ялюгйю ондьхомхйю - 1;;;;;;
10VA078_C.PV;;DI;SPM PM-1045S янярнъмхе ондьхомхйю - 1;;;;;;
10VA079_F.PV;;DI;SPM PM-1045S яани йюмюкю - 2;;;;;;
10VAH079.PV;;DI;SPM PM-1045S опебшьемхе опедохяюммнцн гмювемхъ - 2;;;;;;
10VA079_L.PV;;DI;SPM PM-1045S ялюгйю ондьхомхйю - 2;;;;;;
10VA079_C.PV;;DI;SPM PM-1045S янярнъмхе ондьхомхйю - 2;;;;;;
10VA080_F.PV;;DI;SPM P-1045S яани йюмюкю - 3;;;;;;
10VAH080.PV;;DI;SPM P-1045S опебшьемхе опедохяюммнцн гмювемхъ - 3;;;;;;
10VA080_L.PV;;DI;SPM P-1045S ялюгйю ондьхомхйю - 3;;;;;;
10VA080_C.PV;;DI;SPM P-1045S янярнъмхе ондьхомхйю - 3;;;;;;
10VA077A_F.PV;;DI;SPM P-1045A яани йюмюкю - 4;;;;;;
10VAH077A.PV;;DI;SPM P-1045A опебшьемхе опедохяюммнцн гмювемхъ - 4;;;;;;
10VA077A_L.PV;;DI;SPM P-1045A ялюгйю ондьхомхйю - 4;;;;;;
10VA077A_C.PV;;DI;SPM P-1045A янярнъмхе ондьхомхйю - 4;;;;;;
10VA080A_F.PV;;DI;SPM P-1045S яани йюмюкю - 4;;;;;;
10VAH080A.PV;;DI;SPM P-1045S опебшьемхе опедохяюммнцн гмювемхъ - 4;;;;;;
10VA080A_L.PV;;DI;SPM P-1045S ялюгйю ондьхомхйю - 4;;;;;;
10VA080A_C.PV;;DI;SPM P-1045S янярнъмхе ондьхомхйю - 4;;;;;;
30VA031_L.PV;;DI;SPM P-3005A ялюгйю ондьхомхйю - 3;;;;;;+
30VA031_C.PV;;DI;SPM P-3005A янярнъмхе ондьхомхйю - 3;;;;;;+
30VA032_F.PV;;DI;SPM PM-3005S яани йюмюкю - 1;;;;;;+
30VAH032.PV;;DI;SPM PM-3005S опебшьемхе опедохяюммнцн гмювемхъ - 1;;;;;;+
30VA032_L.PV;;DI;SPM PM-3005S ялюгйю ондьхомхйю - 1;;;;;;+
30VA032_C.PV;;DI;SPM PM-3005S янярнъмхе ондьхомхйю - 1;;;;;;+
30VA033_F.PV;;DI;SPM PM-3005S яани йюмюкю - 2;;;;;;+
30VAH033.PV;;DI;SPM PM-3005S опебшьемхе опедохяюммнцн гмювемхъ - 2;;;;;;+
30VA033_L.PV;;DI;SPM PM-3005S ялюгйю ондьхомхйю - 2;;;;;;+
30VA033_C.PV;;DI;SPM PM-3005S янярнъмхе ондьхомхйю - 2;;;;;;+
30VA034_F.PV;;DI;SPM P-3005S яани йюмюкю - 3;;;;;;+
30VAH034.PV;;DI;SPM P-3005S опебшьемхе опедохяюммнцн гмювемхъ - 3;;;;;;+
30VA034_L.PV;;DI;SPM P-3005S ялюгйю ондьхомхйю - 3;;;;;;+
30VA034_C.PV;;DI;SPM P-3005S янярнъмхе ондьхомхйю - 3;;;;;;+
30VX101.PV;;DI;SPM лскэрхокейяеп BMS-20-28 янярнъмхе;;;;;;+
30VA014_F.PV;;DI;SPM PM-3001S яани йюмюкю - 1;;;;;;+
30VAH014.PV;;DI;SPM PM-3001S опебшьемхе опедохяюммнцн гмювемхъ - 1;;;;;;+
30VA014_L.PV;;DI;SPM PM-3001S ялюгйю ондьхомхйю - 1;;;;;;+
30VA014_C.PV;;DI;SPM PM-3001S янярнъмхе ондьхомхйю - 1;;;;;;+
30VA015_F.PV;;DI;SPM PM-3001S яани йюмюкю - 2;;;;;;+
30VAH015.PV;;DI;SPM PM-3001S опебшьемхе опедохяюммнцн гмювемхъ - 2;;;;;;+
30VA015_L.PV;;DI;SPM PM-3001S ялюгйю ондьхомхйю - 2;;;;;;+
30VA015_C.PV;;DI;SPM PM-3001S янярнъмхе ондьхомхйю - 2;;;;;;+
30VA016_F.PV;;DI;SPM P-3001S яани йюмюкю - 3;;;;;;+
30VAH016.PV;;DI;SPM P-3001S опебшьемхе опедохяюммнцн гмювемхъ - 3;;;;;;+
30VA016_L.PV;;DI;SPM P-3001S ялюгйю ондьхомхйю - 3;;;;;;+
30VA016_C.PV;;DI;SPM P-3001S янярнъмхе ондьхомхйю - 3;;;;;;+
30VA020_F.PV;;DI;SPM PM-3003S яани йюмюкю - 1;;;;;;+
30VAH020.PV;;DI;SPM PM-3003S опебшьемхе опедохяюммнцн гмювемхъ - 1;;;;;;+
30VA020_L.PV;;DI;SPM PM-3003S ялюгйю ондьхомхйю - 1;;;;;;+
30VA020_C.PV;;DI;SPM PM-3003S янярнъмхе ондьхомхйю - 1;;;;;;+
30VA021_F.PV;;DI;SPM PM-3003S яани йюмюкю - 2;;;;;;+
30VAH021.PV;;DI;SPM PM-3003S опебшьемхе опедохяюммнцн гмювемхъ - 2;;;;;;+
30VA021_L.PV;;DI;SPM PM-3003S ялюгйю ондьхомхйю - 2;;;;;;+
30VA021_C.PV;;DI;SPM PM-3003S янярнъмхе ондьхомхйю - 2;;;;;;+
30VA022_F.PV;;DI;SPM P-3003S яани йюмюкю - 3;;;;;;+
30VAH022.PV;;DI;SPM P-3003S опебшьемхе опедохяюммнцн гмювемхъ - 3;;;;;;+
30VA022_L.PV;;DI;SPM P-3003S ялюгйю ондьхомхйю - 3;;;;;;+
30VA022_C.PV;;DI;SPM P-3003S янярнъмхе ондьхомхйю - 3;;;;;;+
30VA023_F.PV;;DI;SPM PM-3004A яани йюмюкю - 1;;;;;;+
30VAH023.PV;;DI;SPM PM-3004A опебшьемхе опедохяюммнцн гмювемхъ - 1;;;;;;+
30VA023_L.PV;;DI;SPM PM-3004A ялюгйю ондьхомхйю - 1;;;;;;+
30VA023_C.PV;;DI;SPM PM-3004A янярнъмхе ондьхомхйю - 1;;;;;;+
30VA024_F.PV;;DI;SPM PM-3004A яани йюмюкю - 2;;;;;;+
B301SP_SYS10.PV;;DI;IB-30-1 яхярелю SPM янярнъмхе SYS10;;;;;;++
30VX100.PV;;DI;SPM лскэрхокейяеп BMS-20-27 янярнъмхе;;;;;;+
30VA011_F.PV;;DI;SPM PM-3001A яани йюмюкю - 1;;;;;;+
30VAH011.PV;;DI;SPM PM-3001A опебшьемхе опедохяюммнцн гмювемхъ - 1;;;;;;+
30VA011_L.PV;;DI;SPM PM-3001A ялюгйю ондьхомхйю - 1;;;;;;+
30VA011_C.PV;;DI;SPM PM-3001A янярнъмхе ондьхомхйю - 1;;;;;;+
30VA012_F.PV;;DI;SPM PM-3001A яани йюмюкю - 2;;;;;;+
30VAH012.PV;;DI;SPM PM-3001A опебшьемхе опедохяюммнцн гмювемхъ - 2;;;;;;+
30VA012_L.PV;;DI;SPM PM-3001A ялюгйю ондьхомхйю - 2;;;;;;+
30VA012_C.PV;;DI;SPM PM-3001A янярнъмхе ондьхомхйю - 2;;;;;;+
30VA013_F.PV;;DI;SPM P-3001A яани йюмюкю - 3;;;;;;+
30VAH013.PV;;DI;SPM P-3001A опебшьемхе опедохяюммнцн гмювемхъ - 3;;;;;;+
30VA013_L.PV;;DI;SPM P-3001A ялюгйю ондьхомхйю - 3;;;;;;+
30VA013_C.PV;;DI;SPM P-3001A янярнъмхе ондьхомхйю - 3;;;;;;+
30VA017_F.PV;;DI;SPM PM-3003A яани йюмюкю - 1;;;;;;+
30VAH017.PV;;DI;SPM PM-3003A опебшьемхе опедохяюммнцн гмювемхъ - 1;;;;;;+
30VA017_L.PV;;DI;SPM PM-3003A ялюгйю ондьхомхйю - 1;;;;;;+
30VA017_C.PV;;DI;SPM PM-3003A янярнъмхе ондьхомхйю - 1;;;;;;+
30VA018_F.PV;;DI;SPM PM-3003A яани йюмюкю - 2;;;;;;+
30VAH018.PV;;DI;SPM PM-3003A опебшьемхе опедохяюммнцн гмювемхъ - 2;;;;;;+
30VA018_L.PV;;DI;SPM PM-3003A ялюгйю ондьхомхйю - 2;;;;;;+
30VA018_C.PV;;DI;SPM PM-3003A янярнъмхе ондьхомхйю - 2;;;;;;+
30VA019_F.PV;;DI;SPM P-3003A яани йюмюкю - 3;;;;;;+
30VAH019.PV;;DI;SPM P-3003A опебшьемхе опедохяюммнцн гмювемхъ - 3;;;;;;+
30VA019_L.PV;;DI;SPM P-3003A ялюгйю ондьхомхйю - 3;;;;;;+
30VA019_C.PV;;DI;SPM P-3003A янярнъмхе ондьхомхйю - 3;;;;;;+
30VA029_F.PV;;DI;SPM PM-3005A яани йюмюкю - 1;;;;;;+
30VAH029.PV;;DI;SPM PM-3005A опебшьемхе опедохяюммнцн гмювемхъ - 1;;;;;;+
30VA029_L.PV;;DI;SPM PM-3005A ялюгйю ондьхомхйю - 1;;;;;;+
30VA029_C.PV;;DI;SPM PM-3005A янярнъмхе ондьхомхйю - 1;;;;;;+
30VA030_F.PV;;DI;SPM PM-3005A яани йюмюкю - 2;;;;;;+
30VAH030.PV;;DI;SPM PM-3005A опебшьемхе опедохяюммнцн гмювемхъ - 2;;;;;;+
30VA030_L.PV;;DI;SPM PM-3005A ялюгйю ондьхомхйю - 2;;;;;;+
30VA030_C.PV;;DI;SPM PM-3005A янярнъмхе ондьхомхйю - 2;;;;;;+
30VA031_F.PV;;DI;SPM P-3005A яани йюмюкю - 3;;;;;;+
30VAH031.PV;;DI;SPM P-3005A опебшьемхе опедохяюммнцн гмювемхъ - 3;;;;;;+
30VA043_L.PV;;DI;SPM P-3012A ялюгйю ондьхомхйю - 3;;;;;;+
30VA043_C.PV;;DI;SPM P-3012A янярнъмхе ондьхомхйю - 3;;;;;;+
30VA044_F.PV;;DI;SPM PM-3012S яани йюмюкю - 1;;;;;;+
30VAH044.PV;;DI;SPM PM-3012S опебшьемхе опедохяюммнцн гмювемхъ - 1;;;;;;+
30VA044_L.PV;;DI;SPM PM-3012S ялюгйю ондьхомхйю - 1;;;;;;+
30VA044_C.PV;;DI;SPM PM-3012S янярнъмхе ондьхомхйю - 1;;;;;;+
30VA045_F.PV;;DI;SPM PM-3012S яани йюмюкю - 2;;;;;;+
30VAH045.PV;;DI;SPM PM-3012S опебшьемхе опедохяюммнцн гмювемхъ - 2;;;;;;+
30VA045_L.PV;;DI;SPM PM-3012S ялюгйю ондьхомхйю - 2;;;;;;+
30VA045_C.PV;;DI;SPM PM-3012S янярнъмхе ондьхомхйю - 2;;;;;;+
30VA046_F.PV;;DI;SPM P-3012S яани йюмюкю - 3;;;;;;+
30VAH046.PV;;DI;SPM P-3012S опебшьемхе опедохяюммнцн гмювемхъ - 3;;;;;;+
30VA046_L.PV;;DI;SPM P-3012S ялюгйю ондьхомхйю - 3;;;;;;+
30VA046_C.PV;;DI;SPM P-3012S янярнъмхе ондьхомхйю - 3;;;;;;+
30VA049_F.PV;;DI;SPM P-3013A яани йюмюкю - 3;;;;;;+
30VAH049.PV;;DI;SPM P-3013A опебшьемхе опедохяюммнцн гмювемхъ - 3;;;;;;+
30VA049_L.PV;;DI;SPM P-3013A ялюгйю ондьхомхйю - 3;;;;;;+
30VA049_C.PV;;DI;SPM P-3013A янярнъмхе ондьхомхйю - 3;;;;;;+
30VA052_F.PV;;DI;SPM P-3013S яани йюмюкю - 3;;;;;;+
30VAH052.PV;;DI;SPM P-3013S опебшьемхе опедохяюммнцн гмювемхъ - 3;;;;;;+
30VA052_L.PV;;DI;SPM P-3013S ялюгйю ондьхомхйю - 3;;;;;;+
30VA052_C.PV;;DI;SPM P-3013S янярнъмхе ондьхомхйю - 3;;;;;;+
30VX104.PV;;DI;SPM лскэрхокейяеп BMS-20-31 янярнъмхе;;;;;;+
30VA053_F.PV;;DI;SPM PM-3017A яани йюмюкю - 1;;;;;;+
30VAH053.PV;;DI;SPM PM-3017A опебшьемхе опедохяюммнцн гмювемхъ - 1;;;;;;+
30VA053_L.PV;;DI;SPM PM-3017A ялюгйю ондьхомхйю - 1;;;;;;+
30VA053_C.PV;;DI;SPM PM-3017A янярнъмхе ондьхомхйю - 1;;;;;;+
30VA054_F.PV;;DI;SPM PM-3017A яани йюмюкю - 2;;;;;;+
30VAH054.PV;;DI;SPM PM-3017A опебшьемхе опедохяюммнцн гмювемхъ - 2;;;;;;+
30VA054_L.PV;;DI;SPM PM-3017A ялюгйю ондьхомхйю - 2;;;;;;+
30VA054_C.PV;;DI;SPM PM-3017A янярнъмхе ондьхомхйю - 2;;;;;;+
30VA055_F.PV;;DI;SPM P-3017A яани йюмюкю - 3;;;;;;+
30VAH055.PV;;DI;SPM P-3017A опебшьемхе опедохяюммнцн гмювемхъ - 3;;;;;;+
30VAH024.PV;;DI;SPM PM-3004A опебшьемхе опедохяюммнцн гмювемхъ - 2;;;;;;+
30VA024_L.PV;;DI;SPM PM-3004A ялюгйю ондьхомхйю - 2;;;;;;+
30VA024_C.PV;;DI;SPM PM-3004A янярнъмхе ондьхомхйю - 2;;;;;;+
30VA025_F.PV;;DI;SPM P-3004A яани йюмюкю - 3;;;;;;+
30VAH025.PV;;DI;SPM P-3004A опебшьемхе опедохяюммнцн гмювемхъ - 3;;;;;;+
30VA025_L.PV;;DI;SPM P-3004A ялюгйю ондьхомхйю - 3;;;;;;+
30VA025_C.PV;;DI;SPM P-3004A янярнъмхе ондьхомхйю - 3;;;;;;+
30VA026_F.PV;;DI;SPM PM-3004S яани йюмюкю - 1;;;;;;+
30VAH026.PV;;DI;SPM PM-3004S опебшьемхе опедохяюммнцн гмювемхъ - 1;;;;;;+
30VA026_L.PV;;DI;SPM PM-3004S ялюгйю ондьхомхйю - 1;;;;;;+
30VA026_C.PV;;DI;SPM PM-3004S янярнъмхе ондьхомхйю - 1;;;;;;+
30VA027_F.PV;;DI;SPM PM-3004S яани йюмюкю - 2;;;;;;+
30VAH027.PV;;DI;SPM PM-3004S опебшьемхе опедохяюммнцн гмювемхъ - 2;;;;;;+
30VA027_L.PV;;DI;SPM PM-3004S ялюгйю ондьхомхйю - 2;;;;;;+
30VA027_C.PV;;DI;SPM PM-3004S янярнъмхе ондьхомхйю - 2;;;;;;+
30VA028_F.PV;;DI;SPM P-3004S яани йюмюкю - 3;;;;;;+
30VAH028.PV;;DI;SPM P-3004S опебшьемхе опедохяюммнцн гмювемхъ - 3;;;;;;+
30VA028_L.PV;;DI;SPM P-3004S ялюгйю ондьхомхйю - 3;;;;;;+
30VA028_C.PV;;DI;SPM P-3004S янярнъмхе ондьхомхйю - 3;;;;;;+
30VX102.PV;;DI;SPM лскэрхокейяеп BMS-20-29 янярнъмхе;;;;;;+
30VA035_F.PV;;DI;SPM PM-3006A яани йюмюкю - 1;;;;;;+
30VAH035.PV;;DI;SPM PM-3006A опебшьемхе опедохяюммнцн гмювемхъ - 1;;;;;;+
30VA035_L.PV;;DI;SPM PM-3006A ялюгйю ондьхомхйю - 1;;;;;;+
30VA035_C.PV;;DI;SPM PM-3006A янярнъмхе ондьхомхйю - 1;;;;;;+
30VA036_F.PV;;DI;SPM PM-3006A яани йюмюкю - 2;;;;;;+
30VAH036.PV;;DI;SPM PM-3006A опебшьемхе опедохяюммнцн гмювемхъ - 2;;;;;;+
30VA036_L.PV;;DI;SPM PM-3006A ялюгйю ондьхомхйю - 2;;;;;;+
30VA036_C.PV;;DI;SPM PM-3006A янярнъмхе ондьхомхйю - 2;;;;;;+
30VA037_F.PV;;DI;SPM P-3006A яани йюмюкю - 3;;;;;;+
30VAH037.PV;;DI;SPM P-3006A опебшьемхе опедохяюммнцн гмювемхъ - 3;;;;;;+
30VA037_L.PV;;DI;SPM P-3006A ялюгйю ондьхомхйю - 3;;;;;;+
30VA037_C.PV;;DI;SPM P-3006A янярнъмхе ондьхомхйю - 3;;;;;;+
30VA038_F.PV;;DI;SPM PM-3006S яани йюмюкю - 1;;;;;;+
30VAH038.PV;;DI;SPM PM-3006S опебшьемхе опедохяюммнцн гмювемхъ - 1;;;;;;+
30VA038_L.PV;;DI;SPM PM-3006S ялюгйю ондьхомхйю - 1;;;;;;+
30VA038_C.PV;;DI;SPM PM-3006S янярнъмхе ондьхомхйю - 1;;;;;;+
30VA039_F.PV;;DI;SPM PM-3006S яани йюмюкю - 2;;;;;;+
30VAH039.PV;;DI;SPM PM-3006S опебшьемхе опедохяюммнцн гмювемхъ - 2;;;;;;+
30VA039_L.PV;;DI;SPM PM-3006S ялюгйю ондьхомхйю - 2;;;;;;+
30VA039_C.PV;;DI;SPM PM-3006S янярнъмхе ондьхомхйю - 2;;;;;;+
30VA040_F.PV;;DI;SPM P-3006S яани йюмюкю - 3;;;;;;+
30VAH040.PV;;DI;SPM P-3006S опебшьемхе опедохяюммнцн гмювемхъ - 3;;;;;;+
30VA040_L.PV;;DI;SPM P-3006S ялюгйю ондьхомхйю - 3;;;;;;+
30VA040_C.PV;;DI;SPM P-3006S янярнъмхе ондьхомхйю - 3;;;;;;+
30VX103.PV;;DI;SPM лскэрхокейяеп BMS-20-30 янярнъмхе;;;;;;+
30VA041_F.PV;;DI;SPM PM-3012A яани йюмюкю - 1;;;;;;+
30VAH041.PV;;DI;SPM PM-3012A опебшьемхе опедохяюммнцн гмювемхъ - 1;;;;;;+
30VA041_L.PV;;DI;SPM PM-3012A ялюгйю ондьхомхйю - 1;;;;;;+
30VA041_C.PV;;DI;SPM PM-3012A янярнъмхе ондьхомхйю - 1;;;;;;+
30VA042_F.PV;;DI;SPM PM-3012A яани йюмюкю - 2;;;;;;+
30VAH042.PV;;DI;SPM PM-3012A опебшьемхе опедохяюммнцн гмювемхъ - 2;;;;;;+
30VA042_L.PV;;DI;SPM PM-3012A ялюгйю ондьхомхйю - 2;;;;;;+
30VA042_C.PV;;DI;SPM PM-3012A янярнъмхе ондьхомхйю - 2;;;;;;+
30VA043_F.PV;;DI;SPM P-3012A яани йюмюкю - 3;;;;;;+
30VAH043.PV;;DI;SPM P-3012A опебшьемхе опедохяюммнцн гмювемхъ - 3;;;;;;+
30VA055_L.PV;;DI;SPM P-3017A ялюгйю ондьхомхйю - 3;;;;;;+
30VA055_C.PV;;DI;SPM P-3017A янярнъмхе ондьхомхйю - 3;;;;;;+
30VA056_F.PV;;DI;SPM PM-3017S яани йюмюкю - 1;;;;;;+
30VAH056.PV;;DI;SPM PM-3017S опебшьемхе опедохяюммнцн гмювемхъ - 1;;;;;;+
30VA056_L.PV;;DI;SPM PM-3017S ялюгйю ондьхомхйю - 1;;;;;;+
30VA056_C.PV;;DI;SPM PM-3017S янярнъмхе ондьхомхйю - 1;;;;;;+
30VA057_F.PV;;DI;SPM PM-3017S яани йюмюкю - 2;;;;;;+
30VAH057.PV;;DI;SPM PM-3017S опебшьемхе опедохяюммнцн гмювемхъ - 2;;;;;;+
30VA057_L.PV;;DI;SPM PM-3017S ялюгйю ондьхомхйю - 2;;;;;;+
30VA057_C.PV;;DI;SPM PM-3017S янярнъмхе ондьхомхйю - 2;;;;;;+
30VA058_F.PV;;DI;SPM P-3017S яани йюмюкю - 3;;;;;;+
30VAH058.PV;;DI;SPM P-3017S опебшьемхе опедохяюммнцн гмювемхъ - 3;;;;;;+
30VA058_L.PV;;DI;SPM P-3017S ялюгйю ондьхомхйю - 3;;;;;;+
30VA058_C.PV;;DI;SPM P-3017S янярнъмхе ондьхомхйю - 3;;;;;;+
30VA055A_F.PV;;DI;SPM P-3017A яани йюмюкю - 4;;;;;;+
30VAH055A.PV;;DI;SPM P-3017A опебшьемхе опедохяюммнцн гмювемхъ - 4;;;;;;+
30VA055A_L.PV;;DI;SPM P-3017A ялюгйю ондьхомхйю - 4;;;;;;+
30VA055A_C.PV;;DI;SPM P-3017A янярнъмхе ондьхомхйю - 4;;;;;;+
30VA058A_F.PV;;DI;SPM P-3017S яани йюмюкю - 4;;;;;;+
30VAH058A.PV;;DI;SPM P-3017S опебшьемхе опедохяюммнцн гмювемхъ - 4;;;;;;+
30VA058A_L.PV;;DI;SPM P-3017S ялюгйю ондьхомхйю - 4;;;;;;+
30VA058A_C.PV;;DI;SPM P-3017S янярнъмхе ондьхомхйю - 4;;;;;;+
30VA059_F.PV;;DI;SPM P-3022A яани йюмюкю - 3;;;;;;+
30VAH059.PV;;DI;SPM P-3022A опебшьемхе опедохяюммнцн гмювемхъ - 3;;;;;;+
30VA059_L.PV;;DI;SPM P-3022A ялюгйю ондьхомхйю - 3;;;;;;+
30VA059_C.PV;;DI;SPM P-3022A янярнъмхе ондьхомхйю - 3;;;;;;+
30VA060_F.PV;;DI;SPM P-3022A яани йюмюкю - 4;;;;;;+
30VAH060.PV;;DI;SPM P-3022A опебшьемхе опедохяюммнцн гмювемхъ - 4;;;;;;+
30VA060_L.PV;;DI;SPM P-3022A ялюгйю ондьхомхйю - 4;;;;;;+
30VA060_C.PV;;DI;SPM P-3022A янярнъмхе ондьхомхйю - 4;;;;;;+
51VA651_C.PV;;DI;SPM P-5161 янярнъмхе ондьхомхйю - 3;;;;;;
51VA651A_F.PV;;DI;SPM P-5161 яани йюмюкю - 4;;;;;;
51VAH651A.PV;;DI;SPM P-5161 опебшьемхе опедохяюммнцн гмювемхъ - 4;;;;;;
51VA651A_L.PV;;DI;SPM P-5161 ялюгйю ондьхомхйю - 4;;;;;;
51VA651A_C.PV;;DI;SPM P-5161 янярнъмхе ондьхомхйю - 4;;;;;;
52VX670.PV;;DI;SPM лскэрхокейяеп BMS-20-53 янярнъмхе;;;;;;
52VA601_F.PV;;DI;SPM PM-5201 яани йюмюкю - 1;;;;;;
52VAH601.PV;;DI;SPM PM-5201 опебшьемхе опедохяюммнцн гмювемхъ - 1;;;;;;
52VA601_L.PV;;DI;SPM PM-5201 ялюгйю ондьхомхйю - 1;;;;;;
52VA601_C.PV;;DI;SPM PM-5201 янярнъмхе ондьхомхйю - 1;;;;;;
52VA602_F.PV;;DI;SPM PM-5201 яани йюмюкю - 2;;;;;;
52VAH602.PV;;DI;SPM PM-5201 опебшьемхе опедохяюммнцн гмювемхъ - 2;;;;;;
52VA602_L.PV;;DI;SPM PM-5201 ялюгйю ондьхомхйю - 2;;;;;;
52VA602_C.PV;;DI;SPM PM-5201 янярнъмхе ондьхомхйю - 2;;;;;;
52VA603_F.PV;;DI;SPM P-5201 яани йюмюкю - 3;;;;;;
52VAH603.PV;;DI;SPM P-5201 опебшьемхе опедохяюммнцн гмювемхъ - 3;;;;;;
52VA603_L.PV;;DI;SPM P-5201 ялюгйю ондьхомхйю - 3;;;;;;
52VA603_C.PV;;DI;SPM P-5201 янярнъмхе ондьхомхйю - 3;;;;;;
52VA604_F.PV;;DI;SPM PM-5201S яани йюмюкю - 1;;;;;;
52VAH604.PV;;DI;SPM PM-5201S опебшьемхе опедохяюммнцн гмювемхъ - 1;;;;;;
52VA604_L.PV;;DI;SPM PM-5201S ялюгйю ондьхомхйю - 1;;;;;;
52VA604_C.PV;;DI;SPM PM-5201S янярнъмхе ондьхомхйю - 1;;;;;;
52VA605_F.PV;;DI;SPM PM-5201S яани йюмюкю - 2;;;;;;
52VAH605.PV;;DI;SPM PM-5201S опебшьемхе опедохяюммнцн гмювемхъ - 2;;;;;;
52VA605_L.PV;;DI;SPM PM-5201S ялюгйю ондьхомхйю - 2;;;;;;
52VA605_C.PV;;DI;SPM PM-5201S янярнъмхе ондьхомхйю - 2;;;;;;
52VA606_F.PV;;DI;SPM P-5201S яани йюмюкю - 3;;;;;;
52VAH606.PV;;DI;SPM P-5201S опебшьемхе опедохяюммнцн гмювемхъ - 3;;;;;;
52VA606_L.PV;;DI;SPM P-5201S ялюгйю ондьхомхйю - 3;;;;;;
52VA606_C.PV;;DI;SPM P-5201S янярнъмхе ондьхомхйю - 3;;;;;;
52VX626.PV;;DI;SPM лскэрхокейяеп BMS-20-54 янярнъмхе;;;;;;
52VA607_F.PV;;DI;SPM PM-5202 яани йюмюкю - 1;;;;;;
52VAH607.PV;;DI;SPM PM-5202 опебшьемхе опедохяюммнцн гмювемхъ - 1;;;;;;
52VA607_L.PV;;DI;SPM PM-5202 ялюгйю ондьхомхйю - 1;;;;;;
52VA607_C.PV;;DI;SPM PM-5202 янярнъмхе ондьхомхйю - 1;;;;;;
52VA608_F.PV;;DI;SPM PM-5202 яани йюмюкю - 2;;;;;;
52VAH608.PV;;DI;SPM PM-5202 опебшьемхе опедохяюммнцн гмювемхъ - 2;;;;;;
52VA608_L.PV;;DI;SPM PM-5202 ялюгйю ондьхомхйю - 2;;;;;;
52VA608_C.PV;;DI;SPM PM-5202 янярнъмхе ондьхомхйю - 2;;;;;;
52VA609_F.PV;;DI;SPM P-5202 яани йюмюкю - 3;;;;;;
52VAH609.PV;;DI;SPM P-5202 опебшьемхе опедохяюммнцн гмювемхъ - 3;;;;;;
52VA609_L.PV;;DI;SPM P-5202 ялюгйю ондьхомхйю - 3;;;;;;
52VA609_C.PV;;DI;SPM P-5202 янярнъмхе ондьхомхйю - 3;;;;;;
52VA610_F.PV;;DI;SPM PM-5202S яани йюмюкю - 1;;;;;;
52VAH610.PV;;DI;SPM PM-5202S опебшьемхе опедохяюммнцн гмювемхъ - 1;;;;;;
52VA610_L.PV;;DI;SPM PM-5202S ялюгйю ондьхомхйю - 1;;;;;;
52VA610_C.PV;;DI;SPM PM-5202S янярнъмхе ондьхомхйю - 1;;;;;;
52VA611_F.PV;;DI;SPM PM-5202S яани йюмюкю - 2;;;;;;
52VAH611.PV;;DI;SPM PM-5202S опебшьемхе опедохяюммнцн гмювемхъ - 2;;;;;;
52VA611_L.PV;;DI;SPM PM-5202S ялюгйю ондьхомхйю - 2;;;;;;
52VA611_C.PV;;DI;SPM PM-5202S янярнъмхе ондьхомхйю - 2;;;;;;
52VA612_F.PV;;DI;SPM P-5202S яани йюмюкю - 3;;;;;;
52VAH612.PV;;DI;SPM P-5202S опебшьемхе опедохяюммнцн гмювемхъ - 3;;;;;;
52VA612_L.PV;;DI;SPM P-5202S ялюгйю ондьхомхйю - 3;;;;;;
52VA612_C.PV;;DI;SPM P-5202S янярнъмхе ондьхомхйю - 3;;;;;;
52VX627.PV;;DI;SPM лскэрхокейяеп BMS-20-55 янярнъмхе;;;;;;
52VA613_F.PV;;DI;SPM PM-5203 яани йюмюкю - 1;;;;;;
52VAH613.PV;;DI;SPM PM-5203 опебшьемхе опедохяюммнцн гмювемхъ - 1;;;;;;
52VA613_L.PV;;DI;SPM PM-5203 ялюгйю ондьхомхйю - 1;;;;;;
51VA603_C.PV;;DI;SPM P-5100 янярнъмхе ондьхомхйю - 3;;;;;;
51VA604_F.PV;;DI;SPM PM-5100S яани йюмюкю - 1;;;;;;
51VAH604.PV;;DI;SPM PM-5100S опебшьемхе опедохяюммнцн гмювемхъ - 1;;;;;;
51VA604_L.PV;;DI;SPM PM-5100S ялюгйю ондьхомхйю - 1;;;;;;
51VA604_C.PV;;DI;SPM PM-5100S янярнъмхе ондьхомхйю - 1;;;;;;
51VA605_F.PV;;DI;SPM PM-5100S яани йюмюкю - 2;;;;;;
51VAH605.PV;;DI;SPM PM-5100S опебшьемхе опедохяюммнцн гмювемхъ - 2;;;;;;
51VA605_L.PV;;DI;SPM PM-5100S ялюгйю ондьхомхйю - 2;;;;;;
51VA605_C.PV;;DI;SPM PM-5100S янярнъмхе ондьхомхйю - 2;;;;;;
51VA606_F.PV;;DI;SPM P-5100S яани йюмюкю - 3;;;;;;
51VAH606.PV;;DI;SPM P-5100S опебшьемхе опедохяюммнцн гмювемхъ - 3;;;;;;
51VA606_L.PV;;DI;SPM P-5100S ялюгйю ондьхомхйю - 3;;;;;;
51VA606_C.PV;;DI;SPM P-5100S янярнъмхе ондьхомхйю - 3;;;;;;
51VX671.PV;;DI;SPM лскэрхокейяеп BMS-20-47 янярнъмхе;;;;;;
51VA607_F.PV;;DI;SPM PM-5102 яани йюмюкю - 1;;;;;;
51VAH607.PV;;DI;SPM PM-5102 опебшьемхе опедохяюммнцн гмювемхъ - 1;;;;;;
51VA607_L.PV;;DI;SPM PM-5102 ялюгйю ондьхомхйю - 1;;;;;;
51VA607_C.PV;;DI;SPM PM-5102 янярнъмхе ондьхомхйю - 1;;;;;;
51VA608_F.PV;;DI;SPM PM-5102 яани йюмюкю - 2;;;;;;
51VAH608.PV;;DI;SPM PM-5102 опебшьемхе опедохяюммнцн гмювемхъ - 2;;;;;;
51VA608_L.PV;;DI;SPM PM-5102 ялюгйю ондьхомхйю - 2;;;;;;
51VA608_C.PV;;DI;SPM PM-5102 янярнъмхе ондьхомхйю - 2;;;;;;
51VA609_F.PV;;DI;SPM P-5102 яани йюмюкю - 3;;;;;;
51VAH609.PV;;DI;SPM P-5102 опебшьемхе опедохяюммнцн гмювемхъ - 3;;;;;;
51VA609_L.PV;;DI;SPM P-5102 ялюгйю ондьхомхйю - 3;;;;;;
51VA609_C.PV;;DI;SPM P-5102 янярнъмхе ондьхомхйю - 3;;;;;;
51VA610_F.PV;;DI;SPM PM-5102S яани йюмюкю - 1;;;;;;
51VAH610.PV;;DI;SPM PM-5102S опебшьемхе опедохяюммнцн гмювемхъ - 1;;;;;;
51VA610_L.PV;;DI;SPM PM-5102S ялюгйю ондьхомхйю - 1;;;;;;
51VA610_C.PV;;DI;SPM PM-5102S янярнъмхе ондьхомхйю - 1;;;;;;
51VA611_F.PV;;DI;SPM PM-5102S яани йюмюкю - 2;;;;;;
51VAH611.PV;;DI;SPM PM-5102S опебшьемхе опедохяюммнцн гмювемхъ - 2;;;;;;
51VA611_L.PV;;DI;SPM PM-5102S ялюгйю ондьхомхйю - 2;;;;;;
51VA611_C.PV;;DI;SPM PM-5102S янярнъмхе ондьхомхйю - 2;;;;;;
51VA612_F.PV;;DI;SPM P-5102S яани йюмюкю - 3;;;;;;
51VAH612.PV;;DI;SPM P-5102S опебшьемхе опедохяюммнцн гмювемхъ - 3;;;;;;
51VA612_L.PV;;DI;SPM P-5102S ялюгйю ондьхомхйю - 3;;;;;;
51VA612_C.PV;;DI;SPM P-5102S янярнъмхе ондьхомхйю - 3;;;;;;
51VA615_F.PV;;DI;SPM P-5110 яани йюмюкю - 3;;;;;;
51VAH615.PV;;DI;SPM P-5110 опебшьемхе опедохяюммнцн гмювемхъ - 3;;;;;;
51VA615_L.PV;;DI;SPM P-5110 ялюгйю ондьхомхйю - 3;;;;;;
51VA615_C.PV;;DI;SPM P-5110 янярнъмхе ондьхомхйю - 3;;;;;;
51VA618_F.PV;;DI;SPM P-5110S яани йюмюкю - 3;;;;;;
51VAH618.PV;;DI;SPM P-5110S опебшьемхе опедохяюммнцн гмювемхъ - 3;;;;;;
51VA618_L.PV;;DI;SPM P-5110S ялюгйю ондьхомхйю - 3;;;;;;
51VA618_C.PV;;DI;SPM P-5110S янярнъмхе ондьхомхйю - 3;;;;;;
51VX672.PV;;DI;SPM лскэрхокейяеп BMS-20-48 янярнъмхе;;;;;;
51VA619_F.PV;;DI;SPM PM-5115 яани йюмюкю - 1;;;;;;
51VAH619.PV;;DI;SPM PM-5115 опебшьемхе опедохяюммнцн гмювемхъ - 1;;;;;;
51VA619_L.PV;;DI;SPM PM-5115 ялюгйю ондьхомхйю - 1;;;;;;
51VA619_C.PV;;DI;SPM PM-5115 янярнъмхе ондьхомхйю - 1;;;;;;
51VA620_F.PV;;DI;SPM PM-5115 яани йюмюкю - 2;;;;;;
51VAH620.PV;;DI;SPM PM-5115 опебшьемхе опедохяюммнцн гмювемхъ - 2;;;;;;
51VA620_L.PV;;DI;SPM PM-5115 ялюгйю ондьхомхйю - 2;;;;;;
51VA620_C.PV;;DI;SPM PM-5115 янярнъмхе ондьхомхйю - 2;;;;;;
51VA621_F.PV;;DI;SPM P-5115S яани йюмюкю - 3;;;;;;
51VAH621.PV;;DI;SPM P-5115S опебшьемхе опедохяюммнцн гмювемхъ - 3;;;;;;
51VA621_L.PV;;DI;SPM P-5115 ялюгйю ондьхомхйю - 3;;;;;;
51VA621_C.PV;;DI;SPM P-5115 янярнъмхе ондьхомхйю - 3;;;;;;
51VA622_F.PV;;DI;SPM PM-5115S яани йюмюкю - 1;;;;;;
51VAH622.PV;;DI;SPM PM-5115S опебшьемхе опедохяюммнцн гмювемхъ - 1;;;;;;
51VA622_L.PV;;DI;SPM PM-5115S ялюгйю ондьхомхйю - 1;;;;;;
51VA622_C.PV;;DI;SPM PM-5115S янярнъмхе ондьхомхйю - 1;;;;;;
51VA623_F.PV;;DI;SPM PM-5115S яани йюмюкю - 2;;;;;;
51VAH623.PV;;DI;SPM PM-5115S опебшьемхе опедохяюммнцн гмювемхъ- 2;;;;;;
51VA623_L.PV;;DI;SPM PM-5115S ялюгйю ондьхомхйю- 2;;;;;;
51VA623_C.PV;;DI;SPM PM-5115S янярнъмхе ондьхомхйю - 2;;;;;;
51VA624_F.PV;;DI;SPM P-5115S яани йюмюкю - 3;;;;;;
51VAH624.PV;;DI;SPM P-5115S опебшьемхе опедохяюммнцн гмювемхъ - 3;;;;;;
51VA624_L.PV;;DI;SPM P-5115S ялюгйю ондьхомхйю - 3;;;;;;
51VA624_C.PV;;DI;SPM P-5115S янярнъмхе ондьхомхйю - 3;;;;;;
51VX673.PV;;DI;SPM лскэрхокейяеп BMS-20-49 янярнъмхе;;;;;;
51VA625_F.PV;;DI;SPM PM-5120 яани йюмюкю - 1;;;;;;
51VAH625.PV;;DI;SPM PM-5120 опебшьемхе опедохяюммнцн гмювемхъ - 1;;;;;;
51VA625_L.PV;;DI;SPM PM-5120 ялюгйю ондьхомхйю - 1;;;;;;
51VA625_C.PV;;DI;SPM PM-5120 янярнъмхе ондьхомхйю - 1;;;;;;
51VA626_F.PV;;DI;SPM PM-5120 яани йюмюкю - 2;;;;;;
51VAH626.PV;;DI;SPM PM-5120 опебшьемхе опедохяюммнцн гмювемхъ - 2;;;;;;
51VA626_L.PV;;DI;SPM PM-5120 ялюгйю ондьхомхйю - 2;;;;;;
51VA626_C.PV;;DI;SPM PM-5120 янярнъмхе ондьхомхйю - 2;;;;;;
51VA627_F.PV;;DI;SPM P-5120 яани йюмюкю - 3;;;;;;
51VAH627.PV;;DI;SPM P-5120 опебшьемхе опедохяюммнцн гмювемхъ - 3;;;;;;
51VA627_L.PV;;DI;SPM P-5120 ялюгйю ондьхомхйю - 3;;;;;;
51VA627_C.PV;;DI;SPM P-5120 янярнъмхе ондьхомхйю - 3;;;;;;
51VA628_F.PV;;DI;SPM PM-5120S яани йюмюкю - 1;;;;;;
51VAH628.PV;;DI;SPM PM-5120S опебшьемхе опедохяюммнцн гмювемхъ - 1;;;;;;
51VA628_L.PV;;DI;SPM PM-5120S ялюгйю ондьхомхйю - 1;;;;;;
51VA628_C.PV;;DI;SPM PM-5120S янярнъмхе ондьхомхйю - 1;;;;;;
51VA629_F.PV;;DI;SPM PM-5120S яани йюмюкю - 2;;;;;;
51VAH629.PV;;DI;SPM PM-5120S опебшьемхе опедохяюммнцн гмювемхъ - 2;;;;;;
51VA629_L.PV;;DI;SPM PM-5120S ялюгйю ондьхомхйю - 2;;;;;;
51VA629_C.PV;;DI;SPM PM-5120S янярнъмхе ондьхомхйю - 2;;;;;;
51VA630_F.PV;;DI;SPM P-5120S яани йюмюкю - 3;;;;;;
51VAH630.PV;;DI;SPM P-5120S опебшьемхе опедохяюммнцн гмювемхъ - 3;;;;;;
51VA630_L.PV;;DI;SPM P-5120S ялюгйю ондьхомхйю - 3;;;;;;
51VA630_C.PV;;DI;SPM P-5120S янярнъмхе ондьхомхйю - 3;;;;;;
51VA643_F.PV;;DI;SPM PM-5131 яани йюмюкю - 1;;;;;;
51VAH643.PV;;DI;SPM PM-5131 опебшьемхе опедохяюммнцн гмювемхъ - 1;;;;;;
51VA643_L.PV;;DI;SPM PM-5131 ялюгйю ондьхомхйю - 1;;;;;;
51VA643_C.PV;;DI;SPM PM-5131 янярнъмхе ондьхомхйю - 1;;;;;;
51VA644_F.PV;;DI;SPM PM-5131 яани йюмюкю - 2;;;;;;
51VAH644.PV;;DI;SPM PM-5131 опебшьемхе опедохяюммнцн гмювемхъ - 2;;;;;;
51VA644_L.PV;;DI;SPM PM-5131 ялюгйю ондьхомхйю - 2;;;;;;
51VA644_C.PV;;DI;SPM PM-5131 янярнъмхе ондьхомхйю - 2;;;;;;
51VA645_F.PV;;DI;SPM P-5131 яани йюмюкю - 3;;;;;;
51VAH645.PV;;DI;SPM P-5131 опебшьемхе опедохяюммнцн гмювемхъ - 3;;;;;;
51VA645_L.PV;;DI;SPM P-5131 ялюгйю ондьхомхйю - 3;;;;;;
51VA645_C.PV;;DI;SPM P-5131 янярнъмхе ондьхомхйю - 3;;;;;;
51VA646_F.PV;;DI;SPM PM-5131S яани йюмюкю - 1;;;;;;
51VAH646.PV;;DI;SPM PM-5131S опебшьемхе опедохяюммнцн гмювемхъ - 1;;;;;;
51VA646_L.PV;;DI;SPM PM-5131S ялюгйю ондьхомхйю - 1;;;;;;
51VA646_C.PV;;DI;SPM PM-5131S янярнъмхе ондьхомхйю - 1;;;;;;
51VA647_F.PV;;DI;SPM PM-5131S яани йюмюкю - 2;;;;;;
51VAH647.PV;;DI;SPM PM-5131S опебшьемхе опедохяюммнцн гмювемхъ - 2;;;;;;
51VA647_L.PV;;DI;SPM PM-5131S ялюгйю ондьхомхйю - 2;;;;;;
51VA647_C.PV;;DI;SPM PM-5131S янярнъмхе ондьхомхйю - 2;;;;;;
51VA648_F.PV;;DI;SPM P-5131S яани йюмюкю - 3;;;;;;
51VAH648.PV;;DI;SPM P-5131S опебшьемхе опедохяюммнцн гмювемхъ - 3;;;;;;
51VA648_L.PV;;DI;SPM P-5131S ялюгйю ондьхомхйю - 3;;;;;;
51VA648_C.PV;;DI;SPM P-5131S янярнъмхе ондьхомхйю - 3;;;;;;
51VX674.PV;;DI;SPM лскэрхокейяеп BMS-20-50 янярнъмхе;;;;;;
51VA631_F.PV;;DI;SPM PM-5121 яани йюмюкю - 1;;;;;;
51VAH631.PV;;DI;SPM PM-5121 опебшьемхе опедохяюммнцн гмювемхъ - 1;;;;;;
51VA631_L.PV;;DI;SPM PM-5121 ялюгйю ондьхомхйю - 1;;;;;;
51VA631_C.PV;;DI;SPM PM-5121 янярнъмхе ондьхомхйю - 1;;;;;;
51VA632_F.PV;;DI;SPM PM-5121 яани йюмюкю - 2;;;;;;
51VAH632.PV;;DI;SPM PM-5121 опебшьемхе опедохяюммнцн гмювемхъ - 2;;;;;;
51VA632_L.PV;;DI;SPM PM-5121 ялюгйю ондьхомхйю - 2;;;;;;
51VA632_C.PV;;DI;SPM PM-5121 янярнъмхе ондьхомхйю - 2;;;;;;
51VA633_F.PV;;DI;SPM P-5121 яани йюмюкю - 3;;;;;;
51VAH633.PV;;DI;SPM P-5121 опебшьемхе опедохяюммнцн гмювемхъ - 3;;;;;;
51VA633_L.PV;;DI;SPM P-5121 ялюгйю ондьхомхйю - 3;;;;;;
51VA633_C.PV;;DI;SPM P-5121 янярнъмхе ондьхомхйю - 3;;;;;;
51VA634_F.PV;;DI;SPM PM-5121S яани йюмюкю - 1;;;;;;
51VAH634.PV;;DI;SPM PM-5121S опебшьемхе опедохяюммнцн гмювемхъ - 1;;;;;;
51VA634_L.PV;;DI;SPM PM-5121S ялюгйю ондьхомхйю - 1;;;;;;
51VA634_C.PV;;DI;SPM PM-5121S янярнъмхе ондьхомхйю - 1;;;;;;
51VA635_F.PV;;DI;SPM PM-5121S яани йюмюкю - 2;;;;;;
51VAH635.PV;;DI;SPM PM-5121S опебшьемхе опедохяюммнцн гмювемхъ - 2;;;;;;
51VA635_L.PV;;DI;SPM PM-5121S ялюгйю ондьхомхйю - 2;;;;;;
51VA635_C.PV;;DI;SPM PM-5121S янярнъмхе ондьхомхйю - 2;;;;;;
51VA636_F.PV;;DI;SPM P-5121S яани йюмюкю - 3;;;;;;
51VAH636.PV;;DI;SPM P-5121S опебшьемхе опедохяюммнцн гмювемхъ - 3;;;;;;
51VA636_L.PV;;DI;SPM P-5121S ялюгйю ондьхомхйю - 3;;;;;;
51VA636_C.PV;;DI;SPM P-5121S янярнъмхе ондьхомхйю - 3;;;;;;
51VA637_F.PV;;DI;SPM PM-5130 яани йюмюкю - 1;;;;;;
51VAH637.PV;;DI;SPM PM-5130 опебшьемхе опедохяюммнцн гмювемхъ - 1;;;;;;
51VA637_L.PV;;DI;SPM PM-5130 ялюгйю ондьхомхйю - 1;;;;;;
51VA637_C.PV;;DI;SPM PM-5130 янярнъмхе ондьхомхйю - 1;;;;;;
51VA638_F.PV;;DI;SPM PM-5130 яани йюмюкю - 2;;;;;;
51VAH638.PV;;DI;SPM PM-5130 опебшьемхе опедохяюммнцн гмювемхъ - 2;;;;;;
51VA638_L.PV;;DI;SPM PM-5130 ялюгйю ондьхомхйю - 2;;;;;;
51VA638_C.PV;;DI;SPM PM-5130 янярнъмхе ондьхомхйю - 2;;;;;;
51VA639_F.PV;;DI;SPM P-5130 яани йюмюкю - 3;;;;;;
51VAH639.PV;;DI;SPM P-5130 опебшьемхе опедохяюммнцн гмювемхъ - 3;;;;;;
51VA639_L.PV;;DI;SPM P-5130 ялюгйю ондьхомхйю - 3;;;;;;
51VA639_C.PV;;DI;SPM P-5130 янярнъмхе ондьхомхйю - 3;;;;;;
51VA640_F.PV;;DI;SPM PM-5130S яани йюмюкю - 1;;;;;;
51VAH640.PV;;DI;SPM PM-5130S опебшьемхе опедохяюммнцн гмювемхъ - 1;;;;;;
51VA640_L.PV;;DI;SPM PM-5130S ялюгйю ондьхомхйю - 1;;;;;;
51VA640_C.PV;;DI;SPM PM-5130S янярнъмхе ондьхомхйю - 1;;;;;;
51VA641_F.PV;;DI;SPM PM-5130S яани йюмюкю - 2;;;;;;
51VAH641.PV;;DI;SPM PM-5130S опебшьемхе опедохяюммнцн гмювемхъ - 2;;;;;;
52VA613_C.PV;;DI;SPM PM-5203 янярнъмхе ондьхомхйю - 1;;;;;;
52VA614_F.PV;;DI;SPM PM-5203 яани йюмюкю - 2;;;;;;
52VAH614.PV;;DI;SPM PM-5203 опебшьемхе опедохяюммнцн гмювемхъ - 2;;;;;;
52VA614_L.PV;;DI;SPM PM-5203 ялюгйю ондьхомхйю - 2;;;;;;
52VA614_C.PV;;DI;SPM PM-5203 янярнъмхе ондьхомхйю - 2;;;;;;
52VA615_F.PV;;DI;SPM P-5203 яани йюмюкю - 3;;;;;;
52VAH615.PV;;DI;SPM P-5203 опебшьемхе опедохяюммнцн гмювемхъ - 3;;;;;;
52VA615_L.PV;;DI;SPM P-5203 ялюгйю ондьхомхйю - 3;;;;;;
52VA615_C.PV;;DI;SPM P-5203 янярнъмхе ондьхомхйю - 3;;;;;;
52VA616_F.PV;;DI;SPM PM-5203S яани йюмюкю - 1;;;;;;
52VAH616.PV;;DI;SPM PM-5203S опебшьемхе опедохяюммнцн гмювемхъ - 1;;;;;;
52VA616_L.PV;;DI;SPM PM-5203S ялюгйю ондьхомхйю - 1;;;;;;
52VA616_C.PV;;DI;SPM PM-5203S янярнъмхе ондьхомхйю - 1;;;;;;
52VA617_F.PV;;DI;SPM PM-5203S яани йюмюкю - 2;;;;;;
52VAH617.PV;;DI;SPM PM-5203S опебшьемхе опедохяюммнцн гмювемхъ - 2;;;;;;
52VA617_L.PV;;DI;SPM PM-5203S ялюгйю ондьхомхйю - 2;;;;;;
52VA617_C.PV;;DI;SPM PM-5203S янярнъмхе ондьхомхйю - 2;;;;;;
52VA618_F.PV;;DI;SPM P-5203S яани йюмюкю - 3;;;;;;
52VAH618.PV;;DI;SPM P-5203S опебшьемхе опедохяюммнцн гмювемхъ - 3;;;;;;
52VA618_L.PV;;DI;SPM P-5203S ялюгйю ондьхомхйю - 3;;;;;;
52VA618_C.PV;;DI;SPM P-5203S янярнъмхе ондьхомхйю - 3;;;;;;
52VA619_F.PV;;DI;SPM PM-5204 яани йюмюкю - 1;;;;;;
52VAH619.PV;;DI;SPM PM-5204 опебшьемхе опедохяюммнцн гмювемхъ - 1;;;;;;
52VA619_L.PV;;DI;SPM PM-5204 ялюгйю ондьхомхйю - 1;;;;;;
52VA619_C.PV;;DI;SPM PM-5204 янярнъмхе ондьхомхйю - 1;;;;;;
52VA620_F.PV;;DI;SPM PM-5204 яани йюмюкю - 2;;;;;;
52VAH620.PV;;DI;SPM PM-5204 опебшьемхе опедохяюммнцн гмювемхъ - 2;;;;;;
52VA620_L.PV;;DI;SPM PM-5204 ялюгйю ондьхомхйю - 2;;;;;;
52VA620_C.PV;;DI;SPM PM-5204 янярнъмхе ондьхомхйю - 2;;;;;;
52VA621_F.PV;;DI;SPM P-5204 яани йюмюкю - 3;;;;;;
52VAH621.PV;;DI;SPM P-5204 опебшьемхе опедохяюммнцн гмювемхъ - 3;;;;;;
52VA621_L.PV;;DI;SPM P-5204 ялюгйю ондьхомхйю - 3;;;;;;
52VA621_C.PV;;DI;SPM P-5204 янярнъмхе ондьхомхйю - 3;;;;;;
52VA622_F.PV;;DI;SPM PM-5204S яани йюмюкю - 1;;;;;;
52VAH622.PV;;DI;SPM PM-5204S опебшьемхе опедохяюммнцн гмювемхъ - 1;;;;;;
52VA622_L.PV;;DI;SPM PM-5204S ялюгйю ондьхомхйю - 1;;;;;;
52VA622_C.PV;;DI;SPM PM-5204S янярнъмхе ондьхомхйю - 1;;;;;;
52VA623_F.PV;;DI;SPM PM-5204S яани йюмюкю - 2;;;;;;
52VAH623.PV;;DI;SPM PM-5204S опебшьемхе опедохяюммнцн гмювемхъ - 2;;;;;;
52VA623_L.PV;;DI;SPM PM-5204S ялюгйю ондьхомхйю - 2;;;;;;
52VA623_C.PV;;DI;SPM PM-5204S янярнъмхе ондьхомхйю - 2;;;;;;
52VA624_F.PV;;DI;SPM P-5204S яани йюмюкю - 3;;;;;;
52VAH624.PV;;DI;SPM P-5204S опебшьемхе опедохяюммнцн гмювемхъ - 3;;;;;;
52VA624_L.PV;;DI;SPM P-5204S ялюгйю ондьхомхйю - 3;;;;;;
52VA624_C.PV;;DI;SPM P-5204S янярнъмхе ондьхомхйю - 3;;;;;;
51VA641_L.PV;;DI;SPM PM-5130S ялюгйю ондьхомхйю - 2;;;;;;
51VA641_C.PV;;DI;SPM PM-5130S янярнъмхе ондьхомхйю - 2;;;;;;
51VA642_F.PV;;DI;SPM P-5130S яани йюмюкю - 3;;;;;;
51VAH642.PV;;DI;SPM P-5130S опебшьемхе опедохяюммнцн гмювемхъ - 3;;;;;;
51VA642_L.PV;;DI;SPM P-5130S ялюгйю ондьхомхйю - 3;;;;;;
51VA642_C.PV;;DI;SPM P-5130S янярнъмхе ондьхомхйю - 3;;;;;;
51VX675.PV;;DI;SPM лскэрхокейяеп BMS-20-51 янярнъмхе;;;;;;
51VA652_F.PV;;DI;SPM PM-5150 яани йюмюкю - 1;;;;;;
51VAH652.PV;;DI;SPM PM-5150 опебшьемхе опедохяюммнцн гмювемхъ - 1;;;;;;
51VA652_L.PV;;DI;SPM PM-5150 ялюгйю ондьхомхйю - 1;;;;;;
51VA652_C.PV;;DI;SPM PM-5150 янярнъмхе ондьхомхйю - 1;;;;;;
51VA653_F.PV;;DI;SPM PM-5150 яани йюмюкю - 2;;;;;;
51VAH653.PV;;DI;SPM PM-5150 опебшьемхе опедохяюммнцн гмювемхъ - 2;;;;;;
51VA653_L.PV;;DI;SPM PM-5150 ялюгйю ондьхомхйю - 2;;;;;;
51VA653_C.PV;;DI;SPM PM-5150 янярнъмхе ондьхомхйю - 2;;;;;;
51VA654_F.PV;;DI;SPM P-5150 яани йюмюкю - 3;;;;;;
51VAH654.PV;;DI;SPM P-5150 опебшьемхе опедохяюммнцн гмювемхъ - 3;;;;;;
51VA654_L.PV;;DI;SPM P-5150 ялюгйю ондьхомхйю - 3;;;;;;
51VA654_C.PV;;DI;SPM P-5150 янярнъмхе ондьхомхйю - 3;;;;;;
51VA655_F.PV;;DI;SPM PM-5150S яани йюмюкю - 1;;;;;;
51VAH655.PV;;DI;SPM PM-5150S опебшьемхе опедохяюммнцн гмювемхъ - 1;;;;;;
51VA655_L.PV;;DI;SPM PM-5150S ялюгйю ондьхомхйю - 1;;;;;;
51VA655_C.PV;;DI;SPM PM-5150S янярнъмхе ондьхомхйю - 1;;;;;;
51VA656_F.PV;;DI;SPM PM-5150S яани йюмюкю - 2;;;;;;
51VAH656.PV;;DI;SPM PM-5150S опебшьемхе опедохяюммнцн гмювемхъ - 2;;;;;;
51VA656_L.PV;;DI;SPM PM-5150S ялюгйю ондьхомхйю - 2;;;;;;
51VA656_C.PV;;DI;SPM PM-5150S янярнъмхе ондьхомхйю - 2;;;;;;
51VA657_F.PV;;DI;SPM P-5150S яани йюмюкю - 3;;;;;;
51VAH657.PV;;DI;SPM P-5150S опебшьемхе опедохяюммнцн гмювемхъ - 3;;;;;;
51VA657_L.PV;;DI;SPM P-5150S ялюгйю ондьхомхйю - 3;;;;;;
51VA657_C.PV;;DI;SPM P-5150S янярнъмхе ондьхомхйю - 3;;;;;;
51VA654A_F.PV;;DI;SPM P-5150 яани йюмюкю - 4;;;;;;
51VAH654A.PV;;DI;SPM P-5150 опебшьемхе опедохяюммнцн гмювемхъ - 4;;;;;;
51VA654A_L.PV;;DI;SPM P-5150 ялюгйю ондьхомхйю - 4;;;;;;
51VA654A_C.PV;;DI;SPM P-5150 янярнъмхе ондьхомхйю - 4;;;;;;
51VA657A_F.PV;;DI;SPM P-5150S яани йюмюкю - 4;;;;;;
51VAH657A.PV;;DI;SPM P-5150S опебшьемхе опедохяюммнцн гмювемхъ - 4;;;;;;
51VA657A_L.PV;;DI;SPM P-5150S ялюгйю ондьхомхйю - 4;;;;;;
51VA657A_C.PV;;DI;SPM P-5150S янярнъмхе ондьхомхйю - 4;;;;;;
51VX676.PV;;DI;SPM лскэрхокейяеп BMS-20-52 янярнъмхе;;;;;;
51VA649_F.PV;;DI;SPM PM-5161 яани йюмюкю - 1;;;;;;
51VAH649.PV;;DI;SPM PM-5161 опебшьемхе опедохяюммнцн гмювемхъ - 1;;;;;;
B511SP_SYS10.PV;;DI;SPM SYS10 IB-51-1 янярнъмхе;;;;;;
51VX670.PV;;DI;SPM лскэрхокейяеп BMS-20-46 янярнъмхе;;;;;;
51VA601_F.PV;;DI;SPM PM-5100 яани йюмюкю - 1;;;;;;
51VAH601.PV;;DI;SPM PM-5100 опебшьемхе опедохяюммнцн гмювемхъ - 1;;;;;;
51VA601_L.PV;;DI;SPM PM-5100 ялюгйю ондьхомхйю - 1;;;;;;
51VA601_C.PV;;DI;SPM PM-5100 янярнъмхе ондьхомхйю - 1;;;;;;
51VA602_F.PV;;DI;SPM PM-5100 яани йюмюкю - 2;;;;;;
51VAH602.PV;;DI;SPM PM-5100 опебшьемхе опедохяюммнцн гмювемхъ - 2;;;;;;
51VA602_L.PV;;DI;SPM PM-5100 ялюгйю ондьхомхйю - 2;;;;;;
51VA602_C.PV;;DI;SPM PM-5100 янярнъмхе ондьхомхйю - 2;;;;;;
51VA603_F.PV;;DI;SPM P-5100 яани йюмюкю - 3;;;;;;
51VAH603.PV;;DI;SPM P-5100 опебшьемхе опедохяюммнцн гмювемхъ - 3;;;;;;
51VA603_L.PV;;DI;SPM P-5100 ялюгйю ондьхомхйю - 3;;;;;;
51VA649_L.PV;;DI;SPM PM-5161 ялюгйю ондьхомхйю - 1;;;;;;
51VA649_C.PV;;DI;SPM PM-5161 янярнъмхе ондьхомхйю - 1;;;;;;
51VA650_F.PV;;DI;SPM PM-5161 яани йюмюкю - 2;;;;;;
51VAH650.PV;;DI;SPM PM-5161 опебшьемхе опедохяюммнцн гмювемхъ - 2;;;;;;
51VA650_L.PV;;DI;SPM PM-5161 ялюгйю ондьхомхйю - 2;;;;;;
51VA650_C.PV;;DI;SPM PM-5161 янярнъмхе ондьхомхйю - 2;;;;;;
51VA651_F.PV;;DI;SPM P-5161 яани йюмюкю - 3;;;;;;
51VAH651.PV;;DI;SPM P-5161 опебшьемхе опедохяюммнцн гмювемхъ - 3;;;;;;
51VA651_L.PV;;DI;SPM P-5161 ялюгйю ондьхомхйю - 3;;;;;;
10VAH090.PV;;DI;SPM CM-1001AX опебшьемхе опедохяюммнцн гмювемхъ -1;;;;;;
10VA090_F.PV;;DI;SPM CM-1001AX яани йюмюкю-1;;;;;;
10VA090_L.PV;;DI;SPM CM-1001AX ялюгйю ондьхомхйю -1;;;;;;
10VA090_C.PV;;DI;SPM CM-1001AX янярнъмхе ондьхомхйю -1;;;;;;
10VAH091.PV;;DI;SPM CM-1001AX опебшьемхе опедохяюммнцн гмювемхъ -2;;;;;;
10VA091_F.PV;;DI;SPM CM-1001AX яани йюмюкю-2;;;;;;
10VA091_L.PV;;DI;SPM CM-1001AX ялюгйю ондьхомхйю -2;;;;;;
10VA091_C.PV;;DI;SPM CM-1001AX янярнъмхе ондьхомхйю -2;;;;;;
10VAH092.PV;;DI;SPM CM-1001BX опебшьемхе опедохяюммнцн гмювемхъ -1;;;;;;
10VA092_F.PV;;DI;SPM CM-1001BX яани йюмюкю-1;;;;;;
10VA092_L.PV;;DI;SPM CM-1001BX ялюгйю ондьхомхйю -1;;;;;;
10VA092_C.PV;;DI;SPM CM-1001BX янярнъмхе ондьхомхйю -1;;;;;;
10VAH093.PV;;DI;SPM CM-1001BX опебшьемхе опедохяюммнцн гмювемхъ -2;;;;;;
10VA093_F.PV;;DI;SPM CM-1001BX яани йюмюкю-2;;;;;;
10VA093_L.PV;;DI;SPM CM-1001BX ялюгйю ондьхомхйю -2;;;;;;
10VA093_C.PV;;DI;SPM CM-1001BX янярнъмхе ондьхомхйю -2;;;;;;
10VAH094.PV;;DI;SPM CM-1001CX опебшьемхе опедохяюммнцн гмювемхъ -1;;;;;;
10VA094_F.PV;;DI;SPM CM-1001CX яани йюмюкю-1;;;;;;
10VA094_L.PV;;DI;SPM CM-1001CX ялюгйю ондьхомхйю -1;;;;;;
10VA094_C.PV;;DI;SPM CM-1001CX янярнъмхе ондьхомхйю -1;;;;;;
10VAH095.PV;;DI;SPM CM-1001CX опебшьемхе опедохяюммнцн гмювемхъ -2;;;;;;
10VA095_F.PV;;DI;SPM CM-1001CX яани йюмюкю-2;;;;;;
10VA095_L.PV;;DI;SPM CM-1001CX ялюгйю ондьхомхйю -2;;;;;;
10VA095_C.PV;;DI;SPM CM-1001CX янярнъмхе ондьхомхйю -2;;;;;;
10VAH096.PV;;DI;SPM CM-1001DX опебшьемхе опедохяюммнцн гмювемхъ -1;;;;;;
10VA096_F.PV;;DI;SPM CM-1001DX яани йюмюкю-1;;;;;;
10VA096_L.PV;;DI;SPM CM-1001DX ялюгйю ондьхомхйю -1;;;;;;
10VA096_C.PV;;DI;SPM CM-1001DX янярнъмхе ондьхомхйю -1;;;;;;
10VAH097.PV;;DI;SPM CM-1001DX опебшьемхе опедохяюммнцн гмювемхъ -2;;;;;;
10VA097_F.PV;;DI;SPM CM-1001DX яани йюмюкю-2;;;;;;
10VA097_L.PV;;DI;SPM CM-1001DX ялюгйю ондьхомхйю -2;;;;;;
10VA097_C.PV;;DI;SPM CM-1001DX янярнъмхе ондьхомхйю -2;;;;;;
10VAH098.PV;;DI;SPM CM-1002AX опебшьемхе опедохяюммнцн гмювемхъ -1;;;;;;
10VA098_F.PV;;DI;SPM CM-1002AX яани йюмюкю-1;;;;;;
10VA098_L.PV;;DI;SPM CM-1002AX ялюгйю ондьхомхйю -1;;;;;;
10VA098_C.PV;;DI;SPM CM-1002AX янярнъмхе ондьхомхйю -1;;;;;;
10VAH099.PV;;DI;SPM CM-1002AX опебшьемхе опедохяюммнцн гмювемхъ -2;;;;;;
10VA099_F.PV;;DI;SPM CM-1002AX яани йюмюкю-2;;;;;;
10VA099_L.PV;;DI;SPM CM-1002AX ялюгйю ондьхомхйю -2;;;;;;
10VA099_C.PV;;DI;SPM CM-1002AX янярнъмхе ондьхомхйю -2;;;;;;
10VAH100.PV;;DI;SPM CM-1002BX опебшьемхе опедохяюммнцн гмювемхъ -1;;;;;;
10VA100_F.PV;;DI;SPM CM-1002BX яани йюмюкю-1;;;;;;
10VA100_L.PV;;DI;SPM CM-1002BX ялюгйю ондьхомхйю -1;;;;;;
10VA100_C.PV;;DI;SPM CM-1002BX янярнъмхе ондьхомхйю -1;;;;;;
10VAH101.PV;;DI;SPM CM-1002BX опебшьемхе опедохяюммнцн гмювемхъ -2;;;;;;
10VA101_F.PV;;DI;SPM CM-1002BX яани йюмюкю-2;;;;;;
10VA101_L.PV;;DI;SPM CM-1002BX ялюгйю ондьхомхйю -2;;;;;;
10VA101_C.PV;;DI;SPM CM-1002BX янярнъмхе ондьхомхйю -2;;;;;;
30VAH070.PV;;DI;SPM CM-3002A опебшьемхе опедохяюммнцн гмювемхъ -1;;;;;;+
30VA070_F.PV;;DI;SPM CM-3002A яани йюмюкю-1;;;;;;+
30VA070_L.PV;;DI;SPM CM-3002A ялюгйю ондьхомхйю -1;;;;;;+
30VA070_C.PV;;DI;SPM CM-3002A янярнъмхе ондьхомхйю -1;;;;;;+
30VAH071.PV;;DI;SPM CM-3002A опебшьемхе опедохяюммнцн гмювемхъ -2;;;;;;+
30VA071_F.PV;;DI;SPM CM-3002A яани йюмюкю-2;;;;;;+
30VA071_L.PV;;DI;SPM CM-3002A ялюгйю ондьхомхйю -2;;;;;;+
30VA071_C.PV;;DI;SPM CM-3002A янярнъмхе ондьхомхйю -2;;;;;;+
30VAH072.PV;;DI;SPM CM-3002B опебшьемхе опедохяюммнцн гмювемхъ -1;;;;;;+
30VA072_F.PV;;DI;SPM CM-3002B яани йюмюкю-1;;;;;;+
30VA072_L.PV;;DI;SPM CM-3002B ялюгйю ондьхомхйю -1;;;;;;+
30VA072_C.PV;;DI;SPM CM-3002B янярнъмхе ондьхомхйю -1;;;;;;+
30VAH073.PV;;DI;SPM CM-3002B опебшьемхе опедохяюммнцн гмювемхъ -2;;;;;;+
30VA073_F.PV;;DI;SPM CM-3002B яани йюмюкю-2;;;;;;+
30VA073_L.PV;;DI;SPM CM-3002B ялюгйю ондьхомхйю -2;;;;;;+
30VA073_C.PV;;DI;SPM CM-3002B янярнъмхе ондьхомхйю -2;;;;;;+
30VAH074.PV;;DI;SPM CM-3003A опебшьемхе опедохяюммнцн гмювемхъ -1;;;;;;+
30VA074_F.PV;;DI;SPM CM-3003A яани йюмюкю-1;;;;;;+
30VA074_L.PV;;DI;SPM CM-3003A ялюгйю ондьхомхйю -1;;;;;;+
30VA074_C.PV;;DI;SPM CM-3003A янярнъмхе ондьхомхйю -1;;;;;;+
30VAH075.PV;;DI;SPM CM-3003A опебшьемхе опедохяюммнцн гмювемхъ -2;;;;;;+
30VA075_F.PV;;DI;SPM CM-3003A яани йюмюкю-2;;;;;;+
30VA075_L.PV;;DI;SPM CM-3003A ялюгйю ондьхомхйю -2;;;;;;+
30VA075_C.PV;;DI;SPM CM-3003A янярнъмхе ондьхомхйю -2;;;;;;+
FGS_PCDI_1_301_1_FLT.PV;;DI;PCDI ябъгэ FGS_301_1 c CC_301_1;;;;;;++
FGS_PCDI_2_511_1_FLT.PV;;DI;PCDI ябъгэ FGS_511_1 c CC_511_2;;;;;;
30VX105_F.PV;;DI;SPM напшб ябъгх я 30VX105;;;;;;+
10VX108_F.PV;;DI;SPM яани ябъгх я 10VX108 ;;;;;;
30PI919A_B_MO.PV;;DI;H-3001 цюг й охкнр. цнпекйюл 30PI919A/30PI919B;;;;;;+
30PI919A_B_MO.OP;;DI;H-3001 цюг й охкнр. цнпекйюл 30PI919A/30PI919B;;;;;;+
30PI919A_B_MO.OP;;DO;H-3001 цюг й охкнр. цнпекйюл 30PI919A/30PI919B;;;;;;+
30PI919A_B_MO.MD;;DI;H-3001 цюг й охкнр. цнпекйюл 30PI919A/30PI919B;;;;;;+
30PI911A_B_MO.PV;;DI;ондювю фхдйнцн рнокхбю 30PI911A/30PI911B;;;;;;+
30PI911A_B_MO.OP;;DI;ондювю фхдйнцн рнокхбю 30PI911A/30PI911B;;;;;;+
30PI911A_B_MO.OP;;DO;ондювю фхдйнцн рнокхбю 30PI911A/30PI911B;;;;;;+
30PI911A_B_MO.MD;;DI;ондювю фхдйнцн рнокхбю 30PI911A/30PI911B;;;;;;+
30PI917A_B_MO.PV;;DI;H-3001 цюг й нямнбмшл цнпекйюл 30PI917A/30PI917B;;;;;;+
30PI917A_B_MO.OP;;DI;H-3001 цюг й нямнбмшл цнпекйюл 30PI917A/30PI917B;;;;;;+
30PI917A_B_MO.OP;;DO;H-3001 цюг й нямнбмшл цнпекйюл 30PI917A/30PI917B;;;;;;+
30PI917A_B_MO.MD;;DI;H-3001 цюг й нямнбмшл цнпекйюл 30PI917A/30PI917B;;;;;;+
30PAHH907_TMR_START.PV;;DI;H-3001 ярюпр рюилепю акнйхпнбйх он дюбкемхч мю оепебюке;;;;;;+
30TAHH901_TMR_START.PV;;DI;H-3001 ярюпр рюилепю акнйхпнбйх он реокнбни йнмбейжхх;;;;;;+
00XA431DCS03_PS.PV;;DI;IB-43-1 ьйют DCS-03 мехяопюбмнярэ хо ;;;;;;
00XA101D03_PS.PV;;DI;IB-10-1 ьйют DCS-03 мехяопюбмнярэ хо;;;;;;
00XA301DCS01_G1.PV;;DI;IB-30 DCS-01 янярнъмхе ао FRONT ;;;;;;++
51HS026_1.PV;;DI;юбюпхимши нярюмнб. я-5140 (я йнмянкх);;;;;;
51HS026_2.PV;;DI;юбюпхимши нярюмнб. я-5140 (я йнмянкх);;;;;;
51HA026_FU.PV;;DI;юбюпхимши нярюмнб. я-5140 (я йнмянкх);;;;;;
51HA026.PV;;DI;юбюпхимши нярюмнб. я-5140 (я йнмянкх);;;;;;
51HS026A1.PV;;DI;юбюпхимши нярюмнб. я-5140 (ко);;;;;;
51HS026A2.PV;;DI;юбюпхимши нярюмнб. я-5140 (ко);;;;;;
51HA026A.PV;;DI;юбюпхимши нярюмнб. я-5140 (ко);;;;;;
51HA026_PA.PV;;DI;юбюпхимши нярюмнб. я-5140 (я йнмянкх);;;;;;
51HA026A_FU.PV;;DI;юбюпхимши нярюмнб. я-5140 (ко);;;;;;
51HS027_1.PV;;DI;юбюпхимши нярюмнб. я-5140S (я йнмянкх);;;;;;
51HS027_2.PV;;DI;юбюпхимши нярюмнб. я-5140S (я йнмянкх);;;;;;
51HA027_FU.PV;;DI;юбюпхимши нярюмнб. я-5140S (я йнмянкх);;;;;;
51HA027.PV;;DI;юбюпхимши нярюмнб. я-5140S (я йнмянкх);;;;;;
51HA027_PA.PV;;DI;юбюпхимши нярюмнб. я-5140S (я йнмянкх);;;;;;
00XA511D01_PS_G1.PV;;DI;IB-51-1 янярнъмхе ао DCS-01 FRONT;;;;;;
