PointType;TagNumber;NewTagNumber;Location;Unit;SubUnit;Description;SafetyRelated;ForceEnable;WriteEnable;SIL;FLDNumber;Scaling;DataType;SignalType;BottomScale;TopScale;EngineeringUnits;PowerUpValue;TimerBase;TimerValue;Range;ApplicationAddress;SOEEnable;SOEID;AlarmPriority;AlarmPriorityLow;AlarmPriorityHigh;AlarmPriorityLowLow;AlarmPriorityHighHigh;State0Text;State1Text;NormalState;AlarmLimitLow;AlarmLimitHigh;AlarmLimitLowLow;AlarmLimitHighHigh;BlockName;PVFormat;TransmitterAlarmLow;TransmitterAlarmHigh;TimerType;ChassisID/IOTAName;SlotNumber;ChannelNumber;NumberOfChannels;FaultReaction;FaultReactionValue;FieldInputDevice;LoopMonitoringEnable;HartEnable;TestEnable;SmokeHeatPowerInterruption;TransitTime;LowLatencySOE;AccessLock;ComAllocationType1;Master1;Slave1;PLCAddress1;ComAllocationType2;Master2;Slave2;PLCAddress2;ComAllocationType3;Master3;Slave3;PLCAddress3;ComAllocationType4;Master4;Slave4;PLCAddress4;ComAllocationType5;Master5;Slave5;PLCAddress5
BO;93LI212_LL;;COM;930-09;A_93009;LL TRIP SETPOINT (%);No;ЛОЖЬ;ЛОЖЬ;;244;;Float;;;;;0;;;;320;;0;;;;;;;;;0;0;;;;-XXXXX.X;491;3428;;;;;;;;;;ЛОЖЬ;;;;;;;;;;;;;;Output;EPKS_CCB;ESD_931_1;10103;;;;;;;;
DO;93LALL267_P;;COM;930-09;A_93009;ACIDIC H2O FL9300901 SX;No;ЛОЖЬ;ЛОЖЬ;;300;;;;;;;0;;;;206;ЛОЖЬ;0;None;;;;;;0=OPEN;;;;;;;Undefined;491;3428;;;;;;;;;;ЛОЖЬ;;;;;;Output;CC_CCB_1;ESD_931_1;73;;;;;;;;;;;;;;;;
T;318_3;;;862-34;;;;ЛОЖЬ;ЛОЖЬ;;318;;;;;;;;100 ms;5;;636;ЛОЖЬ;0;;;;;;;;;;;;;;Undefined;;;Delayed OFF with constant timer value;;;;;;;;;ЛОЖЬ;ИСТИНА;;;;;;;;;;;;;;;;;;;;;;;;
M;288_1;;;930-09;;;;ЛОЖЬ;ЛОЖЬ;;288;;;;;;;0;;;;1428;ЛОЖЬ;0;;;;;;;;;;;;;;Undefined;491;3428;;;;;;;;;;ЛОЖЬ;;;;;;;;;;;;;;;;;;;;;;;;;
M;C296_2_G;;;930-09;930-09;Function block marker;;ЛОЖЬ;ЛОЖЬ;;296;;;;;;;0;;;;714;ЛОЖЬ;0;;;;;;;;;;;;;;Undefined;;;;;;;;;;;;ЛОЖЬ;ИСТИНА;;;;;;;;;;;;;;;;;;;;;;;;
DI;93LI201_MOR;;COM;930-09;A_93009;MO REQUEST;No;ЛОЖЬ;ИСТИНА;;240;;;;;;;0;;;;1780;ЛОЖЬ;0;None;;;;;;1=REQUEST;;;;;;;Undefined;491;3428;;;;;;Freeze;;;;ЛОЖЬ;;;;ЛОЖЬ;;;;;;;;;;Input;EPKS_CCB;ESD_931_1;5;;;;;;;;
DO;93LALL200_CA;;COM;862-34;;CAUSE ALARM;No;ЛОЖЬ;ЛОЖЬ;;240;;;;;;;0;;;;74;ЛОЖЬ;0;None;;;;;;0=TRIP;0=TRIP;;;;;;Undefined;;;;;;;;;;;;ЛОЖЬ;ИСТИНА;;;;;;;;;;;;;Output;EPKS_CCB;ESD_931_1;702;;;;;;;;
DO;93LAHH263_CA;;COM;930-09;A_93009;CAUSE ALARM;No;ЛОЖЬ;ЛОЖЬ;;262;;;;;;;0;;;;1295;ЛОЖЬ;35333;None;;;;;;0=ALARM;;;;;;;Undefined;491;3428;;;;;;;;;;ЛОЖЬ;;;;;;;;;;;;;;Output;EPKS_CCB;ESD_931_1;440;;;;;;;;
M;256_1;;;930-09;;;;ЛОЖЬ;ЛОЖЬ;;256;;;;;;;0;;;;1388;ЛОЖЬ;0;;;;;;;;;;;;;;Undefined;491;3428;;;;;;;;;;ЛОЖЬ;;;;;;;;;;;;;;;;;;;;;;;;;
M;440_11;;;862-34;;;;ЛОЖЬ;ЛОЖЬ;;440;;;;;;;0;;;;70;ЛОЖЬ;0;;;;;;;;;;;;;;Undefined;;;;;;;;;;;;ЛОЖЬ;ИСТИНА;;;;;;;;;;;;;;;;;;;;;;;;
DI;93XSF224;;MCC;930-09;A_93009;SHUT 93XV224COUPLING;Yes;ИСТИНА;ЛОЖЬ;;450;;;;;;;;;;;31;ИСТИНА;35202;None;;;;;;;;;;;;;Undefined;491;3428;;19.03;3;8;1;Low;;;;ЛОЖЬ;;;;ЛОЖЬ;;;;;;;;;;Output;EPKS_CCB;ESD_931_1;599;;;;;;;;
M;C290_5_G;;;930-09;930-09;Function block marker;;ЛОЖЬ;ЛОЖЬ;;290;;;;;;;0;;;;543;ЛОЖЬ;0;;;;;;;;;;;;;;Undefined;;;;;;;;;;;;ЛОЖЬ;ИСТИНА;;;;;;;;;;;;;;;;;;;;;;;;
DO;93LI202_TF;;COM;862-34;;TRANSM. FAIL;No;ЛОЖЬ;ЛОЖЬ;;242;;;;;;;0;;;;384;ИСТИНА;35391;None;;;;;;0=ALARM;0=ALARM;;;;;;Undefined;;;;;;;;;;;;ЛОЖЬ;ИСТИНА;;;;;;;;;;;;;Output;EPKS_CCB;ESD_931_1;553;;;;;;;;
M;262_8;;;930-09;A_93009;;;ЛОЖЬ;ЛОЖЬ;;262;;;;;;;0;;;;513;ЛОЖЬ;0;;;;;;;;;;;;;;Undefined;;;;;;;;;;;;ЛОЖЬ;ИСТИНА;;;;;;;;;;;;;;;;;;;;;;;;
M;242_7;;;862-34;;;;ЛОЖЬ;ЛОЖЬ;;242;;;;;;;0;;;;163;ЛОЖЬ;0;;;;;;;;;;;;;;Undefined;;;;;;;;;;;;ЛОЖЬ;ИСТИНА;;;;;;;;;;;;;;;;;;;;;;;;
DO;93LAHH212;;COM;930-09;A_93009;CONDR SHUNT B9300901C;No;ЛОЖЬ;ЛОЖЬ;;244;;;;;;;0;;;;1262;ИСТИНА;35334;None;;;;;;0=TRIP;;;;;;;Undefined;491;3428;;;;;;;;;;ЛОЖЬ;;;;;;;;;;;;;;Output;EPKS_CCB;ESD_931_1;425;;;;;;;;
M;C316_3_E;;;862-34;862-34;Function block marker;;ЛОЖЬ;ЛОЖЬ;;316;;;;;;;0;;;;694;ЛОЖЬ;0;;;;;;;;;;;;;;Undefined;;;;;;;;;;;;ЛОЖЬ;ИСТИНА;;;;;;;;;;;;;;;;;;;;;;;;
M;290_302_4;;;862-34;;93LALL215_I;;ЛОЖЬ;ЛОЖЬ;;302;;;;;;;0;;;;498;ЛОЖЬ;0;;;;;;;0=TRIP INITIATOR;;;;;;;Undefined;491;3428;;;;;;;;;;ЛОЖЬ;;;;;;;;;;;;;;;;;;;;;;;;;
R;246_250_1;;;862-34;;93LI205;;ЛОЖЬ;ЛОЖЬ;;250;;Float;;;;;0;;;;54;ЛОЖЬ;0;;;;;;;;;;;;;;Undefined;;;;;;;;;;;;ЛОЖЬ;ИСТИНА;;;;;;;;;;;;;;;;;;;;;;;;
DO;93TAHH993_CA;;COM;930-09;A_93009;CAUSE ALARM;No;ЛОЖЬ;ЛОЖЬ;;350;;;;;;;0;;;;1359;ЛОЖЬ;35335;None;;;;;;0=ALARM;;;;;;;Undefined;491;3428;;;;;;;;;;ЛОЖЬ;;;;;;;;;;;;;;Output;EPKS_CCB;ESD_931_1;546;;;;;;;;
DO;93XSO206_P;;COM;930-09;A_93009;DCS MOV;No;ЛОЖЬ;ЛОЖЬ;;450;;;;;;;0;;;;235;ЛОЖЬ;0;None;;;;;;--;;;;;;;Undefined;491;3428;;;;;;;;;;ЛОЖЬ;;;;;;Output;CC_CCB_1;ESD_931_1;35;;;;;;;;;;;;;;;;
DO;93XY234;;MCC;930-09;A_93009;EMERG SHUT OPEN 93XV234;Yes;ИСТИНА;ЛОЖЬ;;430;;;;;;;0;;;;108;ЛОЖЬ;35203;None;;;;;;1=OPEN;;;;;;;Undefined;491;3428;;19.05;3;5;1;Appl;;;;ЛОЖЬ;;;;;;;;;;;;;;;;;;;;;;;;;
M;C306_1_G;;;862-34;862-34;Function block marker;;ЛОЖЬ;ЛОЖЬ;;306;;;;;;;0;;;;707;ЛОЖЬ;0;;;;;;;;;;;;;;Undefined;;;;;;;;;;;;ЛОЖЬ;ИСТИНА;;;;;;;;;;;;;;;;;;;;;;;;
DO;19-SecSwitchOff;;SYS;;;SECONDARY SWITCH-OFF;Yes;ЛОЖЬ;;;0;;;;;;;;;;;33;ЛОЖЬ;0;None;;;;;;;;;;;;;Undefined;491;3428;;;;;;;;;;ЛОЖЬ;;;;;;;;;;;;;;;;;;;;;;;;;
DO;93LALL219_CA;;COM;930-09;;CAUSE ALARM;No;ЛОЖЬ;ЛОЖЬ;;278;;;;;;;0;;;;1318;ЛОЖЬ;35337;None;;;;;;0=ALARM;;;;;;;Undefined;491;3428;;;;;;;;;;ЛОЖЬ;;;;;;;;;;;;;;Output;EPKS_CCB;ESD_931_1;464;;;;;;;;
M;2348_A;;;;;1=MO REQUEST;;ЛОЖЬ;ЛОЖЬ;;2348;;;;;;;0;;;;1220;ЛОЖЬ;0;;;;;;;;;;;;;;Undefined;491;3428;;;;;;;;;;ЛОЖЬ;;;;;;;;;;;;;;;;;;;;;;;;;
M;440_442_2;;;862-34;;93PAHH274_I;;ЛОЖЬ;ЛОЖЬ;;442;;;;;;;0;;;;482;ЛОЖЬ;0;;;;;;;0=TRIP;;;;;;;Undefined;491;3428;;;;;;;;;;ЛОЖЬ;;;;;;;;;;;;;;;;;;;;;;;;;
M;286_288_1;;;930-09;;DRAIN FINAL;;ЛОЖЬ;ЛОЖЬ;;288;;;;;;;0;;;;1438;ЛОЖЬ;0;;;;;;;;;;;;;;Undefined;491;3428;;;;;;;;;;ЛОЖЬ;;;;;;;;;;;;;;;;;;;;;;;;;
M;C296_5_E;;;930-09;930-09;Function block marker;;ЛОЖЬ;ЛОЖЬ;;296;;;;;;;0;;;;534;ЛОЖЬ;0;;;;;;;;;;;;;;Undefined;;;;;;;;;;;;ЛОЖЬ;ИСТИНА;;;;;;;;;;;;;;;;;;;;;;;;
DO;93XSF235_P;;COM;930-09;A_93009;DCS MOV;No;ЛОЖЬ;ЛОЖЬ;;450;;;;;;;0;;;;137;ЛОЖЬ;0;None;;;;;;--;;;;;;;Undefined;491;3428;;;;;;;;;;ЛОЖЬ;;;;;;Output;CC_CCB_1;ESD_931_1;46;;;;;;;;;;;;;;;;
M;C308_3_E;;;862-34;862-34;Function block marker;;ЛОЖЬ;ЛОЖЬ;;308;;;;;;;0;;;;701;ЛОЖЬ;0;;;;;;;;;;;;;;Undefined;;;;;;;;;;;;ЛОЖЬ;ИСТИНА;;;;;;;;;;;;;;;;;;;;;;;;
DO;93XY243;;MCC;930-09;A_93009;GATE VALVE CONDENSATE;Yes;ИСТИНА;ЛОЖЬ;;370;;;;;;;0;;;;126;ЛОЖЬ;35205;None;;;;;;1=CLOSE;;;;;;;Undefined;491;3428;;19.05;5;7;1;Appl;;;;ЛОЖЬ;;;;;;;;;;;;;;;;;;;;;;;;;
DO;93LALL264;;COM;930-09;A_93009;HYD GAS COND FL9300901AX;No;ЛОЖЬ;ЛОЖЬ;;272;;;;;;;0;;;;1311;ИСТИНА;35339;None;;;;;;0=TRIP;;;;;;;Undefined;491;3428;;;;;;;;;;ЛОЖЬ;;;;;;;;;;;;;;Output;EPKS_CCB;ESD_931_1;475;;;;;;;;
M;246_247_3;;;;;93LT205;;ЛОЖЬ;ЛОЖЬ;;247;;;;;;;0;;;;619;ЛОЖЬ;0;;;;;;;1=MO CONFIRMED;;;;;;;Undefined;;;;;;;;;;;;ЛОЖЬ;ИСТИНА;;;;;;;;;;;;;;;;;;;;;;;;
BO;IB931_ESD1_T1;;COM;862-34;;TEMPERATURE CP1;No;ЛОЖЬ;ЛОЖЬ;;17;;Word;;;;C;0;;;;28;;0;;None;None;None;None;;;;;;;;;-XXXXX.X;;;;;;;;;;;;ЛОЖЬ;ИСТИНА;;;;;;;;;;;;;Output;EPKS_CCB;ESD_931_1;10200;;;;;;;;
M;C260_1_E;;;930-09;930-09;Function block marker;;ЛОЖЬ;ЛОЖЬ;;260;;;;;;;0;;;;1741;ЛОЖЬ;0;;;;;;;;;;;;;;Undefined;491;3428;;;;;;;;;;ЛОЖЬ;;;;;;;;;;;;;;;;;;;;;;;;;
M;274_1;;;930-09;;;;ЛОЖЬ;ЛОЖЬ;;274;;;;;;;0;;;;1420;ЛОЖЬ;0;;;;;;;;;;;;;;Undefined;491;3428;;;;;;;;;;ЛОЖЬ;;;;;;;;;;;;;;;;;;;;;;;;;
M;C292_6_G;;;930-09;930-09;Function block marker;;ЛОЖЬ;ЛОЖЬ;;292;;;;;;;0;;;;746;ЛОЖЬ;0;;;;;;;;;;;;;;Undefined;;;;;;;;;;;;ЛОЖЬ;ИСТИНА;;;;;;;;;;;;;;;;;;;;;;;;
M;C274_2_E;;;862-34;862-34;Function block marker;;ЛОЖЬ;ЛОЖЬ;;274;;;;;;;0;;;;1722;ЛОЖЬ;0;;;;;;;;;;;;;;Undefined;491;3428;;;;;;;;;;ЛОЖЬ;;;;;;;;;;;;;;;;;;;;;;;;;
DO;93XY232;;MCC;930-09;A_93009;EMERG SHUT CLOS 93XV232;Yes;ИСТИНА;ЛОЖЬ;;328;;;;;;;0;;;;106;ЛОЖЬ;35206;None;;;;;;1=CLOSE;;;;;;;Undefined;491;3428;;19.05;3;3;1;Appl;;;;ЛОЖЬ;;;;;;;;;;;;;;;;;;;;;;;;;
M;296_9;;;930-09;A_93009;;;ЛОЖЬ;ЛОЖЬ;;296;;;;;;;0;;;;401;ЛОЖЬ;0;;;;;;;;;;;;;;Undefined;;;;;;;;;;;;ЛОЖЬ;ИСТИНА;;;;;;;;;;;;;;;;;;;;;;;;
DO;93LALL201_P;;COM;930-09;A_93009;PERM (1) SIG 93XV200;No;ЛОЖЬ;ЛОЖЬ;;254;;;;;;;0;;;;199;ЛОЖЬ;0;None;;;;;;1=PERMISSIVE;;;;;;;Undefined;491;3428;;;;;;;;;;ЛОЖЬ;;;;;;Output;CC_CCB_1;ESD_931_1;51;;;;;;;;;;;;;;;;
M;C242_2_E;;;862-34;862-34;Function block marker;;ЛОЖЬ;ЛОЖЬ;;242;;;;;;;0;;;;1767;ЛОЖЬ;0;;;;;;;;;;;;;;Undefined;491;3428;;;;;;;;;;ЛОЖЬ;;;;;;;;;;;;;;;;;;;;;;;;;
DO;93LAHH207_CA;;COM;862-34;;CAUSE ALARM;No;ЛОЖЬ;ЛОЖЬ;;248;;;;;;;0;;;;1259;ЛОЖЬ;35343;None;;;;;;0=ALARM;;;;;;;Undefined;491;3428;;;;;;;;;;ЛОЖЬ;;;;;;;;;;;;;;Output;EPKS_CCB;ESD_931_1;424;;;;;;;;
T;440_1;;;862-34;;;;ЛОЖЬ;ЛОЖЬ;;440;;;;;;;;100 ms;5;;100;ЛОЖЬ;0;;;;;;;;;;;;;;Undefined;;;Delayed OFF with constant timer value;;;;;;;;;ЛОЖЬ;ИСТИНА;;;;;;;;;;;;;;;;;;;;;;;;
M;246_256_2;;;862-34;;93LAHH205_I;;ЛОЖЬ;ЛОЖЬ;;256;;;;;;;0;;;;621;ЛОЖЬ;0;;;;;;;0=TRIP INITIATOR;;;;;;;Undefined;;;;;;;;;;;;ЛОЖЬ;ИСТИНА;;;;;;;;;;;;;;;;;;;;;;;;
M;C306_3_B;;;862-34;862-34;Function block marker;;ЛОЖЬ;ЛОЖЬ;;306;;;;;;;0;;;;1675;ЛОЖЬ;0;;;;;;;;;;;;;;Undefined;491;3428;;;;;;;;;;ЛОЖЬ;;;;;;;;;;;;;;;;;;;;;;;;;
M;C278_3_E;;;930-09;930-09;Function block marker;;ЛОЖЬ;ЛОЖЬ;;278;;;;;;;0;;;;768;ЛОЖЬ;0;;;;;;;;;;;;;;Undefined;;;;;;;;;;;;ЛОЖЬ;ИСТИНА;;;;;;;;;;;;;;;;;;;;;;;;
M;C316_1_F;;;862-34;862-34;Function block marker;;ЛОЖЬ;ЛОЖЬ;;316;;;;;;;0;;;;692;ЛОЖЬ;0;;;;;;;;;;;;;;Undefined;;;;;;;;;;;;ЛОЖЬ;ИСТИНА;;;;;;;;;;;;;;;;;;;;;;;;
M;276_410_4;;;862-34;;93LALL217_I;;ЛОЖЬ;ЛОЖЬ;;410;;;;;;;0;;;;634;ЛОЖЬ;0;;;;;;;0=TRIP INITIATOR;;;;;;;Undefined;;;;;;;;;;;;ЛОЖЬ;ИСТИНА;;;;;;;;;;;;;;;;;;;;;;;;
DO;93XY217;;MCC;930-09;A_93009;GATE VALVE FUEL GAS;Yes;ИСТИНА;ЛОЖЬ;;322;;;;;;;0;;;;63;ЛОЖЬ;35207;None;;;;;;1=CLOSE;;;;;;;Undefined;491;3428;;19.04;13;8;1;Appl;;;;ЛОЖЬ;;;;;;;;;;;;;;;;;;;;;;;;;
M;2349_3;;;;;;;ЛОЖЬ;ЛОЖЬ;;2349;;;;;;;0;;;;276;ЛОЖЬ;0;;;;;;;;;;;;;;Undefined;491;3428;;;;;;;;;;ЛОЖЬ;;;;;;;;;;;;;;;;;;;;;;;;;
DO;93XY210A_C;;COM;862-34;;EMERG SHUT OPEN 93XV210;No;ЛОЖЬ;ЛОЖЬ;;284;;;;;;;0;;;;271;ИСТИНА;35208;None;;;;;;0=TRIP;;;;;;;Undefined;491;3428;;;;;;;;;;ЛОЖЬ;;;;;;;;;;;;;;Output;EPKS_CCB;ESD_931_1;624;;;;;;;;
DO;93LALL224_CA;;COM;930-09;A_93009;CAUSE ALARM;No;ЛОЖЬ;ЛОЖЬ;;370;;;;;;;0;;;;1283;ЛОЖЬ;35344;None;;;;;;0=ALARM;;;;;;;Undefined;491;3428;;;;;;;;;;ЛОЖЬ;;;;;;;;;;;;;;Output;EPKS_CCB;ESD_931_1;468;;;;;;;;
T;350_2;;;862-34;;;;ЛОЖЬ;ЛОЖЬ;;350;;;;;;;;100 ms;20;;244;ЛОЖЬ;0;;;;;;;;;;;;;;Undefined;491;3428;Pulse retriggerable with constant timer value;;;;;;;;;ЛОЖЬ;;;;;;;;;;;;;;;;;;;;;;;;;
R;2420_B;;;;;Signal 1;;ЛОЖЬ;ЛОЖЬ;;2420;;Float;;;;;0;;;;122;ЛОЖЬ;0;;;;;;;;;;;;;;Undefined;491;3428;;;;;;;;;;ЛОЖЬ;;;;;;;;;;;;;;;;;;;;;;;;;
M;C2450_1;;;;;Compiler marker (312, 60);;ЛОЖЬ;ЛОЖЬ;;2450;;;;;;;0;;;;1614;ЛОЖЬ;0;;;;;;;;;;;;;;Undefined;491;3428;;;;;;;;;;ЛОЖЬ;;;;;;;;;;;;;;;;;;;;;;;;;
DO;93XY224;;MCC;930-09;A_93009;EMERG SHUT CLOS 93XV224;Yes;ИСТИНА;ЛОЖЬ;;410;;;;;;;0;;;;88;ЛОЖЬ;35209;None;;;;;;1=CLOSE;;;;;;;Undefined;491;3428;;19.05;1;1;1;Appl;;;;ЛОЖЬ;;;;;;;;;;;;;;;;;;;;;;;;;
T;244_2;;;862-34;;;;ЛОЖЬ;ЛОЖЬ;;244;;;;;;;;100 ms;5;;196;ЛОЖЬ;0;;;;;;;;;;;;;;Undefined;;;Delayed OFF with constant timer value;;;;;;;;;ЛОЖЬ;ИСТИНА;;;;;;;;;;;;;;;;;;;;;;;;
M;308_2;;;930-09;;;;ЛОЖЬ;ЛОЖЬ;;308;;;;;;;0;;;;1499;ЛОЖЬ;0;;;;;;;;;;;;;;Undefined;491;3428;;;;;;;;;;ЛОЖЬ;;;;;;;;;;;;;;;;;;;;;;;;;
DO;93LAHH265_CA;;COM;930-09;A_93009;CAUSE ALARM;No;ЛОЖЬ;ЛОЖЬ;;292;;;;;;;0;;;;1235;ЛОЖЬ;35345;None;;;;;;0=ALARM;;;;;;;Undefined;491;3428;;;;;;;;;;ЛОЖЬ;;;;;;;;;;;;;;Output;EPKS_CCB;ESD_931_1;444;;;;;;;;
M;2480_1;;;;;;;ЛОЖЬ;ЛОЖЬ;;2480;;;;;;;0;;;;187;ЛОЖЬ;0;;;;;;;;;;;;;;Undefined;491;3428;;;;;;;;;;ЛОЖЬ;;;;;;;;;;;;;;;;;;;;;;;;;
M;252_256_1;;;930-09;;DRAIN TO A;;ЛОЖЬ;ЛОЖЬ;;256;;;;;;;0;;;;1393;ЛОЖЬ;0;;;;;;;;;;;;;;Undefined;491;3428;;;;;;;;;;ЛОЖЬ;;;;;;;;;;;;;;;;;;;;;;;;;
M;C260_4_E;;;930-09;930-09;Function block marker;;ЛОЖЬ;ЛОЖЬ;;260;;;;;;;0;;;;573;ЛОЖЬ;0;;;;;;;;;;;;;;Undefined;;;;;;;;;;;;ЛОЖЬ;ИСТИНА;;;;;;;;;;;;;;;;;;;;;;;;
M;C240_4_F;;;862-34;862-34;Function block marker;;ЛОЖЬ;ЛОЖЬ;;240;;;;;;;0;;;;881;ЛОЖЬ;0;;;;;;;;;;;;;;Undefined;;;;;;;;;;;;ЛОЖЬ;ИСТИНА;;;;;;;;;;;;;;;;;;;;;;;;
T;274_6;;;862-34;;;;ЛОЖЬ;ЛОЖЬ;;274;;;;;;;;100 ms;5;;712;ЛОЖЬ;0;;;;;;;;;;;;;;Undefined;;;Delayed OFF with constant timer value;;;;;;;;;ЛОЖЬ;ИСТИНА;;;;;;;;;;;;;;;;;;;;;;;;
R;2457_G;;;;;x Input;;ЛОЖЬ;ЛОЖЬ;;2457;;Float;;;;;0;;;;100;ЛОЖЬ;0;;;;;;;;;;;;;;Undefined;491;3428;;;;;;;;;;ЛОЖЬ;;;;;;;;;;;;;;;;;;;;;;;;;
AI;93LI263;;FLD;930-09;A_93009;TOR SHUNT COND V9300901C;Yes;ИСТИНА;ЛОЖЬ;;262;ИСТИНА;Float;4-20mA;0;100;%;;;;;228;ЛОЖЬ;35316;;None;None;None;None;;;;-25;-25;;;;-XXXXX.X;3.64;22;;19.03;17;7;1;Bottom scale;;;;ЛОЖЬ;ИСТИНА;ЛОЖЬ;;;;;;;;;;;;Output;EPKS_CCB;ESD_931_1;10077;;;;;;;;
DO;93HS707B;;COM;930-09;A_93009;ESD MOS REL AREA 930-09;No;ЛОЖЬ;ЛОЖЬ;;127;;;;;;;0;;;;195;ИСТИНА;35346;None;;;;;;1=RELEASED;;;;;;;Undefined;491;3428;;;;;;;;;;ЛОЖЬ;;;;;;;;;;;;;;Output;EPKS_CCB;ESD_931_1;684;;;;;;;;
DO;93XY236B;;MCC;930-09;A_93009;EMERG SHUT CLOS 93 XV236;Yes;ИСТИНА;ЛОЖЬ;;302;;;;;;;0;;;;111;ЛОЖЬ;35211;None;;;;;;1=CLOSE;;;;;;;Undefined;491;3428;;19.05;3;8;1;Appl;;;;ЛОЖЬ;;;;;;;;;;;;;;;;;;;;;;;;;
T;277_2;;;;;;;ЛОЖЬ;ЛОЖЬ;;277;;;;;;;;100 ms;5;;496;ЛОЖЬ;0;;;;;;;;;;;;;;Undefined;;;Delayed OFF with constant timer value;;;;;;;;;ЛОЖЬ;ИСТИНА;;;;;;;;;;;;;;;;;;;;;;;;
M;C272_2_E;;;862-34;862-34;Function block marker;;ЛОЖЬ;ЛОЖЬ;;272;;;;;;;0;;;;1727;ЛОЖЬ;0;;;;;;;;;;;;;;Undefined;491;3428;;;;;;;;;;ЛОЖЬ;;;;;;;;;;;;;;;;;;;;;;;;;
M;C380_1_F;;;930-09;930-09;Function block marker;;ЛОЖЬ;ЛОЖЬ;;380;;;;;;;0;;;;52;ЛОЖЬ;0;;;;;;;;;;;;;;Undefined;;;;;;;;;;;;ЛОЖЬ;ИСТИНА;;;;;;;;;;;;;;;;;;;;;;;;
M;2349_2;;;;;;;ЛОЖЬ;ЛОЖЬ;;2349;;;;;;;0;;;;1216;ЛОЖЬ;0;;;;;;;;;;;;;;Undefined;491;3428;;;;;;;;;;ЛОЖЬ;;;;;;;;;;;;;;;;;;;;;;;;;
M;C292_2_F;;;930-09;930-09;Function block marker;;ЛОЖЬ;ЛОЖЬ;;292;;;;;;;0;;;;735;ЛОЖЬ;0;;;;;;;;;;;;;;Undefined;;;;;;;;;;;;ЛОЖЬ;ИСТИНА;;;;;;;;;;;;;;;;;;;;;;;;
DO;93LALL217_CA;;COM;930-09;A_93009;CAUSE ALARM;No;ЛОЖЬ;ЛОЖЬ;;276;;;;;;;0;;;;1316;ЛОЖЬ;35347;None;;;;;;0=ALARM;;;;;;;Undefined;491;3428;;;;;;;;;;ЛОЖЬ;;;;;;;;;;;;;;Output;EPKS_CCB;ESD_931_1;462;;;;;;;;
R;2495_C;;;;;EXCEPTION;;ЛОЖЬ;ЛОЖЬ;;2495;;Float;;;;;0;;;;156;ЛОЖЬ;0;;;;;;;;;;;;;;Undefined;491;3428;;;;;;;;;;ЛОЖЬ;;;;;;;;;;;;;;;;;;;;;;;;;
DO;93XY284A;;MCC;930-09;A_93009;EMERG SHUT OPEN 93XV284;Yes;ИСТИНА;ЛОЖЬ;;442;;;;;;;0;;;;142;ЛОЖЬ;35212;None;;;;;;1=OPEN;;;;;;;Undefined;491;3428;;19.05;7;7;1;Appl;;;;ЛОЖЬ;;;;;;;;;;;;;;;;;;;;;;;;;
M;C277_1_E;;;;;Function block marker;;ЛОЖЬ;ЛОЖЬ;;277;;;;;;;0;;;;772;ЛОЖЬ;0;;;;;;;;;;;;;;Undefined;;;;;;;;;;;;ЛОЖЬ;ИСТИНА;;;;;;;;;;;;;;;;;;;;;;;;
T;244_9;;;862-34;;;;ЛОЖЬ;ЛОЖЬ;;244;;;;;;;;100 ms;5;;304;ЛОЖЬ;0;;;;;;;;;;;;;;Undefined;;;Delayed OFF with constant timer value;;;;;;;;;ЛОЖЬ;ИСТИНА;;;;;;;;;;;;;;;;;;;;;;;;
M;242_9;;;862-34;;;;ЛОЖЬ;ЛОЖЬ;;242;;;;;;;0;;;;165;ЛОЖЬ;0;;;;;;;;;;;;;;Undefined;;;;;;;;;;;;ЛОЖЬ;ИСТИНА;;;;;;;;;;;;;;;;;;;;;;;;
M;C296_1_E;;;930-09;930-09;Function block marker;;ЛОЖЬ;ЛОЖЬ;;296;;;;;;;0;;;;1686;ЛОЖЬ;0;;;;;;;;;;;;;;Undefined;491;3428;;;;;;;;;;ЛОЖЬ;;;;;;;;;;;;;;;;;;;;;;;;;
DO;93XY233;;MCC;930-09;A_93009;EMERG SHUT CLOS 93XV233;Yes;ИСТИНА;ЛОЖЬ;;328;;;;;;;0;;;;107;ЛОЖЬ;35213;None;;;;;;1=CLOSE;;;;;;;Undefined;491;3428;;19.05;3;4;1;Appl;;;;ЛОЖЬ;;;;;;;;;;;;;;;;;;;;;;;;;
T;290_3;;;930-09;A_93009;;;ЛОЖЬ;ЛОЖЬ;;290;;;;;;;;100 ms;5;;468;ЛОЖЬ;0;;;;;;;;;;;;;;Undefined;;;Delayed OFF with constant timer value;;;;;;;;;ЛОЖЬ;ИСТИНА;;;;;;;;;;;;;;;;;;;;;;;;
DI;19-ClockSrcFault3;;SYS;;;CLOCK SOURCE 3 FAULT;Yes;ЛОЖЬ;;;0;;;;;;;;;;;16;ЛОЖЬ;0;None;;;;;;;;;;;;;Undefined;491;3428;;;;;;;;;;ЛОЖЬ;;;;ЛОЖЬ;;;;;;;;;;;;;;;;;;;;;
M;C294_6_F;;;862-34;862-34;Function block marker;;ЛОЖЬ;ЛОЖЬ;;294;;;;;;;0;;;;731;ЛОЖЬ;0;;;;;;;;;;;;;;Undefined;;;;;;;;;;;;ЛОЖЬ;ИСТИНА;;;;;;;;;;;;;;;;;;;;;;;;
BO;93LI219_LL;;COM;930-09;;LL TRIP SETPOINT (%);No;ЛОЖЬ;ЛОЖЬ;;278;;Float;;;;;0;;;;416;;0;;;;;;;;;0;0;;;;-XXXXX.X;491;3428;;;;;;;;;;ЛОЖЬ;;;;;;;;;;;;;;Output;EPKS_CCB;ESD_931_1;10109;;;;;;;;
M;C276_3_F;;;930-09;930-09;Function block marker;;ЛОЖЬ;ЛОЖЬ;;276;;;;;;;0;;;;784;ЛОЖЬ;0;;;;;;;;;;;;;;Undefined;;;;;;;;;;;;ЛОЖЬ;ИСТИНА;;;;;;;;;;;;;;;;;;;;;;;;
T;380_7;;;930-09;A_93009;;;ЛОЖЬ;ЛОЖЬ;;380;;;;;;;;100 ms;5;;408;ЛОЖЬ;0;;;;;;;;;;;;;;Undefined;;;Delayed OFF with constant timer value;;;;;;;;;ЛОЖЬ;ИСТИНА;;;;;;;;;;;;;;;;;;;;;;;;
M;C328_1;;;862-34;862-34;Compiler marker (264, 84);;ЛОЖЬ;ЛОЖЬ;;328;;;;;;;0;;;;55;ЛОЖЬ;0;;;;;;;;;;;;;;Undefined;;;;;;;;;;;;ЛОЖЬ;ИСТИНА;;;;;;;;;;;;;;;;;;;;;;;;
DO;93LALL211_CA;;COM;862-34;;CAUSE ALARM;No;ЛОЖЬ;ЛОЖЬ;;244;;;;;;;0;;;;82;ЛОЖЬ;0;None;;;;;;0=TRIP;0=TRIP;;;;;;Undefined;;;;;;;;;;;;ЛОЖЬ;ИСТИНА;;;;;;;;;;;;;Output;EPKS_CCB;ESD_931_1;710;;;;;;;;
DI;19-InputFault;;SYS;;;INPUT CHANNEL FAULT;Yes;ЛОЖЬ;;;17;;;;;;;;;;;21;ЛОЖЬ;0;None;;;;;;;;;;;;;Undefined;491;3428;;;;;;;;;;ЛОЖЬ;;;;ЛОЖЬ;;;;;;;;;;;;;;;;;;;;;
DI;00XS931EMC01;;MAR;930-09;S_B931;IB931 COMM ALARM EMC01;Yes;ИСТИНА;ЛОЖЬ;;18;;;;;;;;;;;37;ИСТИНА;35214;None;;;;;;0=ALARM;;;;;;;Undefined;491;3428;;19.03;5;14;1;Low;;;;ЛОЖЬ;;;;ЛОЖЬ;;;;;;;;;;Output;EPKS_CCB;ESD_931_1;588;;;;;;;;
DO;93LI205_TF;;COM;862-34;;TRANSM. FAIL;No;ЛОЖЬ;ЛОЖЬ;;246;;;;;;;0;;;;1253;ИСТИНА;35348;None;;;;;;0=ALARM;;;;;;;Undefined;491;3428;;;;;;;;;;ЛОЖЬ;;;;;;;;;;;;;;Output;EPKS_CCB;ESD_931_1;488;;;;;;;;
M;C292_4_G;;;930-09;930-09;Function block marker;;ЛОЖЬ;ЛОЖЬ;;292;;;;;;;0;;;;739;ЛОЖЬ;0;;;;;;;;;;;;;;Undefined;;;;;;;;;;;;ЛОЖЬ;ИСТИНА;;;;;;;;;;;;;;;;;;;;;;;;
DO;93XY245B_C;;COM;862-34;;EMERG SHUT CLOS 93XV245;No;ЛОЖЬ;ЛОЖЬ;;264;;;;;;;0;;;;264;ИСТИНА;35228;None;;;;;;0=TRIP;;;;;;;Undefined;491;3428;;;;;;;;;;ЛОЖЬ;;;;;;;;;;;;;;Output;EPKS_CCB;ESD_931_1;668;;;;;;;;
M;C278_3_F;;;930-09;930-09;Function block marker;;ЛОЖЬ;ЛОЖЬ;;278;;;;;;;0;;;;769;ЛОЖЬ;0;;;;;;;;;;;;;;Undefined;;;;;;;;;;;;ЛОЖЬ;ИСТИНА;;;;;;;;;;;;;;;;;;;;;;;;
DO;93XY220B;;MCC;930-09;A_93009;EMERG SHUT CLOS 93XV220;Yes;ИСТИНА;ЛОЖЬ;;254;;;;;;;0;;;;75;ЛОЖЬ;35215;None;;;;;;1=CLOSE;;;;;;;Undefined;491;3428;;19.04;15;4;1;Appl;;;;ЛОЖЬ;;;;;;;;;;;;;;;;;;;;;;;;;
T;260_3;;;930-09;A_93009;;;ЛОЖЬ;ЛОЖЬ;;260;;;;;;;;100 ms;5;;572;ЛОЖЬ;0;;;;;;;;;;;;;;Undefined;;;Delayed OFF with constant timer value;;;;;;;;;ЛОЖЬ;ИСТИНА;;;;;;;;;;;;;;;;;;;;;;;;
DO;93XY211B_C;;COM;862-34;;EMERG SHUT CLOS 93XV211;No;ЛОЖЬ;ЛОЖЬ;;300;;;;;;;0;;;;412;ИСТИНА;35239;None;;;;;;0=TRIP;;;;;;;Undefined;491;3428;;;;;;;;;;ЛОЖЬ;;;;;;;;;;;;;;Output;EPKS_CCB;ESD_931_1;627;;;;;;;;
DO;93TI996_MOC;;COM;930-09;A_93009;MO CONFIRMED;No;ЛОЖЬ;ЛОЖЬ;;330;;;;;;;0;;;;1364;ИСТИНА;35349;None;;;;;;1=CONFIRMED;;;;;;;Undefined;491;3428;;;;;;;;;;ЛОЖЬ;;;;;;;;;;;;;;Output;EPKS_CCB;ESD_931_1;559;;;;;;;;
M;380_9;;;930-09;A_93009;;;ЛОЖЬ;ЛОЖЬ;;380;;;;;;;0;;;;508;ЛОЖЬ;0;;;;;;;;;;;;;;Undefined;;;;;;;;;;;;ЛОЖЬ;ИСТИНА;;;;;;;;;;;;;;;;;;;;;;;;
DO;93LAHH265_P;;COM;930-09;A_93009;PERM (0) SIG 93XV211;No;ЛОЖЬ;ЛОЖЬ;;298;;;;;;;0;;;;208;ЛОЖЬ;0;None;;;;;;0=PERMISSIVE;;;;;;;Undefined;491;3428;;;;;;;;;;ЛОЖЬ;;;;;;Output;CC_CCB_1;ESD_931_1;70;;;;;;;;;;;;;;;;
BO;93LI215_HH;;COM;930-09;A_93009;HH TRIP SETPOINT (%);No;ЛОЖЬ;ЛОЖЬ;;290;;Float;;;;;0;;;;428;;0;;;;;;;;;0;0;;;;-XXXXX.X;491;3428;;;;;;;;;;ЛОЖЬ;;;;;;;;;;;;;;Output;EPKS_CCB;ESD_931_1;10104;;;;;;;;
T;242_7;;;862-34;;;;ЛОЖЬ;ЛОЖЬ;;242;;;;;;;;100 ms;5;;280;ЛОЖЬ;0;;;;;;;;;;;;;;Undefined;;;Delayed OFF with constant timer value;;;;;;;;;ЛОЖЬ;ИСТИНА;;;;;;;;;;;;;;;;;;;;;;;;
DO;93XY221B;;MCC;930-09;A_93009;EMERG SHUT CLOS 93XV221;Yes;ИСТИНА;ЛОЖЬ;;300;;;;;;;0;;;;77;ЛОЖЬ;35216;None;;;;;;0=TRIP;;;;;;;Undefined;491;3428;;19.04;15;6;1;Appl;;;;ЛОЖЬ;;;;;;;;;;;;;;;;;;;;;;;;;
BO;IB931_ESD1_DAY;;COM;;;DAY;No;ЛОЖЬ;ЛОЖЬ;;19;;Byte;;;;;0;;;;37;;0;;None;None;None;None;;;;;;;;;-XXXXX.X;;;;;;;;;;;;ЛОЖЬ;ИСТИНА;;;;;;;;;;;;;Output;EPKS_CCB;ESD_931_1;10204;;;;;;;;
T;318_2;;;862-34;;;;ЛОЖЬ;ЛОЖЬ;;318;;;;;;;;100 ms;5;;632;ЛОЖЬ;0;;;;;;;;;;;;;;Undefined;;;Delayed OFF with constant timer value;;;;;;;;;ЛОЖЬ;ИСТИНА;;;;;;;;;;;;;;;;;;;;;;;;
BO;93LI264_LL;;COM;930-09;A_93009;LL TRIP SETPOINT (%);No;ЛОЖЬ;ЛОЖЬ;;272;;Float;;;;;0;;;;384;;0;;;;;;;;;0;0;;;;-XXXXX.X;491;3428;;;;;;;;;;ЛОЖЬ;;;;;;;;;;;;;;Output;EPKS_CCB;ESD_931_1;10120;;;;;;;;
DO;93LAHH231;;COM;930-09;A_93009;LOW PRS COND F9300905AX;No;ЛОЖЬ;ЛОЖЬ;;382;;;;;;;0;;;;1286;ИСТИНА;35351;None;;;;;;0=TRIP;;;;;;;Undefined;491;3428;;;;;;;;;;ЛОЖЬ;;;;;;;;;;;;;;Output;EPKS_CCB;ESD_931_1;435;;;;;;;;
T;248_5;;;862-34;;;;ЛОЖЬ;ЛОЖЬ;;248;;;;;;;;100 ms;5;;96;ЛОЖЬ;0;;;;;;;;;;;;;;Undefined;;;Delayed OFF with constant timer value;;;;;;;;;ЛОЖЬ;ИСТИНА;;;;;;;;;;;;;;;;;;;;;;;;
M;247_246_1;;;862-34;;93LI204_LL;;ЛОЖЬ;ЛОЖЬ;;246;;;;;;;0;;;;392;ЛОЖЬ;0;;;;;;;0=TRIP;;;;;;;Undefined;;;;;;;;;;;;ЛОЖЬ;ИСТИНА;;;;;;;;;;;;;;;;;;;;;;;;
T;272_4;;;862-34;;;;ЛОЖЬ;ЛОЖЬ;;272;;;;;;;;100 ms;5;;648;ЛОЖЬ;0;;;;;;;;;;;;;;Undefined;;;Delayed OFF with constant timer value;;;;;;;;;ЛОЖЬ;ИСТИНА;;;;;;;;;;;;;;;;;;;;;;;;
R;C2456_11;;;;;Compiler register (288, 306);;ЛОЖЬ;ЛОЖЬ;;2456;;Float;;;;;0;;;;572;ЛОЖЬ;0;;;;;;;;;;;;;;Undefined;491;3428;;;;;;;;;;ЛОЖЬ;;;;;;;;;;;;;;;;;;;;;;;;;
M;C290_1_G;;;930-09;930-09;Function block marker;;ЛОЖЬ;ЛОЖЬ;;290;;;;;;;0;;;;540;ЛОЖЬ;0;;;;;;;;;;;;;;Undefined;;;;;;;;;;;;ЛОЖЬ;ИСТИНА;;;;;;;;;;;;;;;;;;;;;;;;
DO;19_01_SNESD_FLT;;FSC;;;;No;ЛОЖЬ;ЛОЖЬ;;20;;;;;;;0;;;;500;ЛОЖЬ;0;None;;;;;;0=Fault;;;;;;;Undefined;491;3428;;;;;;;;;;ЛОЖЬ;;;;;;;;;;;;;;;;;;Output;ESD_001_1;ESD_931_1;4;;;;
M;C294_2_F;;;862-34;862-34;Function block marker;;ЛОЖЬ;ЛОЖЬ;;294;;;;;;;0;;;;721;ЛОЖЬ;0;;;;;;;;;;;;;;Undefined;;;;;;;;;;;;ЛОЖЬ;ИСТИНА;;;;;;;;;;;;;;;;;;;;;;;;
DO;93LALL201_CA;;COM;930-09;A_93009;CAUSE ALARM;No;ЛОЖЬ;ЛОЖЬ;;240;;;;;;;0;;;;1298;ЛОЖЬ;35353;None;;;;;;0=ALARM;;;;;;;Undefined;491;3428;;;;;;;;;;ЛОЖЬ;;;;;;;;;;;;;;Output;EPKS_CCB;ESD_931_1;450;;;;;;;;
DO;93LALL262_CA;;COM;930-09;A_93009;CAUSE ALARM;No;ЛОЖЬ;ЛОЖЬ;;262;;;;;;;0;;;;97;ЛОЖЬ;0;None;;;;;;0=TRIP;0=TRIP;;;;;;Undefined;;;;;;;;;;;;ЛОЖЬ;ИСТИНА;;;;;;;;;;;;;Output;EPKS_CCB;ESD_931_1;725;;;;;;;;
DI;19-RepairTimerStart_CP1;;SYS;;;REPAIR TIME STARTED CP1;Yes;ЛОЖЬ;;;17;;;;;;;;;;;26;ЛОЖЬ;0;None;;;;;;;;;;;;;Undefined;491;3428;;;;;;;;;;ЛОЖЬ;;;;ЛОЖЬ;;;;;;;;;;;;;;;;;;;;;
DO;93LAHH207;;COM;862-34;;CONDR SHUNT V9300901B;No;ЛОЖЬ;ЛОЖЬ;;248;;;;;;;0;;;;1258;ИСТИНА;35355;None;;;;;;0=TRIP;;;;;;;Undefined;491;3428;;;;;;;;;;ЛОЖЬ;;;;;;;;;;;;;;Output;EPKS_CCB;ESD_931_1;423;;;;;;;;
AI;93LI202;;FLD;862-34;;CONDR SHUNT B9300901B;Yes;ИСТИНА;ЛОЖЬ;;242;ИСТИНА;Float;4-20mA;0;100;%;;;;;44;ЛОЖЬ;35382;;None;None;None;None;;;;;;;;;-XXXXX.X;3.64;22;;19.03;11;12;1;Bottom scale;;;;ЛОЖЬ;ИСТИНА;ЛОЖЬ;;;;;;;;;;;;Output;EPKS_CCB;ESD_931_1;10140;;;;;;;;
M;2480_C;;;;;1=LAMP ON;;ЛОЖЬ;ЛОЖЬ;;2480;;;;;;;0;;;;161;ЛОЖЬ;0;;;;;;;;;;;;;;Undefined;491;3428;;;;;;;;;;ЛОЖЬ;;;;;;;;;;;;;;;;;;;;;;;;;
M;2456_A;;;;;Trip 1;;ЛОЖЬ;ЛОЖЬ;;2456;;;;;;;0;;;;101;ЛОЖЬ;0;;;;;;;;;;;;;;Undefined;491;3428;;;;;;;;;;ЛОЖЬ;;;;;;;;;;;;;;;;;;;;;;;;;
DI;19-TempHH_Alarm;;SYS;;;TEMP HIGH-HIGH ALARM;Yes;ЛОЖЬ;;;18;;;;;;;1;;;;2;ЛОЖЬ;0;None;;;;;;;;;;;;;Undefined;491;3428;;;;;;;;;;ЛОЖЬ;;;;ЛОЖЬ;;;;;;;;;;;;;;;;;;;;;
DO;93XY223;;MCC;930-09;A_93009;EMERG SHUT OPEN 93XV223;Yes;ИСТИНА;ЛОЖЬ;;420;;;;;;;0;;;;79;ЛОЖЬ;35217;None;;;;;;1=OPEN;;;;;;;Undefined;491;3428;;19.04;15;8;1;Appl;;;;ЛОЖЬ;;;;;;;;;;;;;;;;;;;;;;;;;
DI;00XS931E01P02;;CAB;930-09;S_B931;IB931 ESD-01 ALARM PS 02;Yes;ЛОЖЬ;ЛОЖЬ;;18;;;;;;;;;;;9;ИСТИНА;35218;None;;;;;;0=ALARM;;;;;;;Undefined;491;3428;;19.03;1;2;1;Low;;;;ЛОЖЬ;;;;ЛОЖЬ;;;;;;;;;;Output;EPKS_CCB;ESD_931_1;584;;;;;;;;
M;2348_2;;;;;;;ЛОЖЬ;ЛОЖЬ;;2348;;;;;;;0;;;;1222;ЛОЖЬ;0;;;;;;;;;;;;;;Undefined;491;3428;;;;;;;;;;ЛОЖЬ;;;;;;;;;;;;;;;;;;;;;;;;;
T;316_2;;;862-34;;;;ЛОЖЬ;ЛОЖЬ;;316;;;;;;;;100 ms;5;;620;ЛОЖЬ;0;;;;;;;;;;;;;;Undefined;;;Delayed OFF with constant timer value;;;;;;;;;ЛОЖЬ;ИСТИНА;;;;;;;;;;;;;;;;;;;;;;;;
M;C294_1_F;;;862-34;862-34;Function block marker;;ЛОЖЬ;ЛОЖЬ;;294;;;;;;;0;;;;728;ЛОЖЬ;0;;;;;;;;;;;;;;Undefined;;;;;;;;;;;;ЛОЖЬ;ИСТИНА;;;;;;;;;;;;;;;;;;;;;;;;
M;C380_2_F;;;930-09;930-09;Function block marker;;ЛОЖЬ;ЛОЖЬ;;380;;;;;;;0;;;;390;ЛОЖЬ;0;;;;;;;;;;;;;;Undefined;;;;;;;;;;;;ЛОЖЬ;ИСТИНА;;;;;;;;;;;;;;;;;;;;;;;;
M;C262_2_F;;;930-09;930-09;Function block marker;;ЛОЖЬ;ЛОЖЬ;;262;;;;;;;0;;;;815;ЛОЖЬ;0;;;;;;;;;;;;;;Undefined;;;;;;;;;;;;ЛОЖЬ;ИСТИНА;;;;;;;;;;;;;;;;;;;;;;;;
M;C242_4_G;;;862-34;862-34;Function block marker;;ЛОЖЬ;ЛОЖЬ;;242;;;;;;;0;;;;874;ЛОЖЬ;0;;;;;;;;;;;;;;Undefined;;;;;;;;;;;;ЛОЖЬ;ИСТИНА;;;;;;;;;;;;;;;;;;;;;;;;
M;C296_5_G;;;930-09;930-09;Function block marker;;ЛОЖЬ;ЛОЖЬ;;296;;;;;;;0;;;;536;ЛОЖЬ;0;;;;;;;;;;;;;;Undefined;;;;;;;;;;;;ЛОЖЬ;ИСТИНА;;;;;;;;;;;;;;;;;;;;;;;;
R;2495_B;;;;;DIVIDER;;ЛОЖЬ;ЛОЖЬ;;2495;;Float;;;;;0;;;;164;ЛОЖЬ;0;;;;;;;;;;;;;;Undefined;491;3428;;;;;;;;;;ЛОЖЬ;;;;;;;;;;;;;;;;;;;;;;;;;
DO;93LALL214_CA;;COM;930-09;A_93009;CAUSE ALARM;No;ЛОЖЬ;ЛОЖЬ;;290;;;;;;;0;;;;84;ЛОЖЬ;0;None;;;;;;0=TRIP;0=TRIP;;;;;;Undefined;;;;;;;;;;;;ЛОЖЬ;ИСТИНА;;;;;;;;;;;;;Output;EPKS_CCB;ESD_931_1;712;;;;;;;;
DO;93XSO247_P;;COM;930-09;A_93009;DCS MOV;No;ЛОЖЬ;ЛОЖЬ;;450;;;;;;;0;;;;272;ЛОЖЬ;0;None;;;;;;--;;;;;;;Undefined;491;3428;;;;;;;;;;ЛОЖЬ;;;;;;Output;CC_CCB_1;ESD_931_1;50;;;;;;;;;;;;;;;;
M;2470_C;;;;;Signal 2;;ЛОЖЬ;ЛОЖЬ;;2470;;;;;;;0;;;;146;ЛОЖЬ;0;;;;;;;;;;;;;;Undefined;491;3428;;;;;;;;;;ЛОЖЬ;;;;;;;;;;;;;;;;;;;;;;;;;
AI;93LI265;;FLD;930-09;A_93009;ACIDIC H2O FL9300901 AX;Yes;ИСТИНА;ЛОЖЬ;;292;ИСТИНА;Float;4-20mA;0;100;%;;;;;4;ЛОЖЬ;35341;;None;None;None;None;;;;-25;-25;;;;-XXXXX.X;3.64;22;;19.03;11;2;1;Bottom scale;;;;ЛОЖЬ;;ЛОЖЬ;;;;;;;;;;;;Output;EPKS_CCB;ESD_931_1;10079;;;;;;;;
DO;93PI353_MOC;;COM;930-09;A_93009;MO CONFIRMED;No;ЛОЖЬ;ЛОЖЬ;;308;;;;;;;0;;;;1336;ИСТИНА;35358;None;;;;;;1=CONFIRMED;;;;;;;Undefined;491;3428;;;;;;;;;;ЛОЖЬ;;;;;;;;;;;;;;Output;EPKS_CCB;ESD_931_1;533;;;;;;;;
DO;93XY226A;;MCC;930-09;A_93009;EMERG SHUT OPEN 93XV226;Yes;ИСТИНА;ЛОЖЬ;;288;;;;;;;0;;;;90;ЛОЖЬ;35220;None;;;;;;1=OPEN;;;;;;;Undefined;491;3428;;19.05;1;3;1;Appl;;;;ЛОЖЬ;;;;;;;;;;;;;;;;;;;;;;;;;
M;288_284_1;;;930-09;;DRAINAGE;;ЛОЖЬ;ЛОЖЬ;;284;;;;;;;0;;;;1439;ЛОЖЬ;0;;;;;;;;;;;;;;Undefined;491;3428;;;;;;;;;;ЛОЖЬ;;;;;;;;;;;;;;;;;;;;;;;;;
M;C279_1_G;;;;;Function block marker;;ЛОЖЬ;ЛОЖЬ;;279;;;;;;;0;;;;759;ЛОЖЬ;0;;;;;;;;;;;;;;Undefined;;;;;;;;;;;;ЛОЖЬ;ИСТИНА;;;;;;;;;;;;;;;;;;;;;;;;
M;C292_1;;;930-09;A_93009;Compiler marker (208, 96);;ЛОЖЬ;ЛОЖЬ;;292;;;;;;;0;;;;680;ЛОЖЬ;0;;;;;;;;;;;;;;Undefined;;;;;;;;;;;;ЛОЖЬ;ИСТИНА;;;;;;;;;;;;;;;;;;;;;;;;
M;C274_6_G;;;862-34;862-34;Function block marker;;ЛОЖЬ;ЛОЖЬ;;274;;;;;;;0;;;;796;ЛОЖЬ;0;;;;;;;;;;;;;;Undefined;;;;;;;;;;;;ЛОЖЬ;ИСТИНА;;;;;;;;;;;;;;;;;;;;;;;;
T;254_2;;;862-34;;;;ЛОЖЬ;ЛОЖЬ;;254;;;;;;;;100 ms;20;;204;ЛОЖЬ;0;;;;;;;;;;;;;;Undefined;491;3428;Pulse retriggerable with constant timer value;;;;;;;;;ЛОЖЬ;;;;;;;;;;;;;;;;;;;;;;;;;
M;C350_2_B;;;862-34;862-34;Function block marker;;ЛОЖЬ;ЛОЖЬ;;350;;;;;;;0;;;;1642;ЛОЖЬ;0;;;;;;;;;;;;;;Undefined;491;3428;;;;;;;;;;ЛОЖЬ;;;;;;;;;;;;;;;;;;;;;;;;;
DI;93TI990_MOR;;COM;930-09;A_93009;MO REQUEST;No;ЛОЖЬ;ИСТИНА;;360;;;;;;;0;;;;1804;ЛОЖЬ;0;None;;;;;;1=REQUEST;;;;;;;Undefined;491;3428;;;;;;Freeze;;;;ЛОЖЬ;;;;ЛОЖЬ;;;;;;;;;;Input;EPKS_CCB;ESD_931_1;29;;;;;;;;
M;C318_2_B;;;862-34;862-34;Function block marker;;ЛОЖЬ;ЛОЖЬ;;318;;;;;;;0;;;;1661;ЛОЖЬ;0;;;;;;;;;;;;;;Undefined;491;3428;;;;;;;;;;ЛОЖЬ;;;;;;;;;;;;;;;;;;;;;;;;;
DO;93XY202A_C;;COM;862-34;;EMERG SHUT OPEN 93XV202;No;ЛОЖЬ;ЛОЖЬ;;256;;;;;;;0;;;;259;ИСТИНА;35267;None;;;;;;0=TRIP;;;;;;;Undefined;491;3428;;;;;;;;;;ЛОЖЬ;;;;;;;;;;;;;;Output;EPKS_CCB;ESD_931_1;614;;;;;;;;
DI;00XS931E01FAN;;CAB;930-09;S_B931;IB931 ESD-01 ALARM FAN;Yes;ЛОЖЬ;ЛОЖЬ;;18;;;;;;;;;;;2;ИСТИНА;35221;None;;;;;;0=ALARM;;;;;;;Undefined;491;3428;;19.03;1;11;1;Low;;;;ЛОЖЬ;;;;ЛОЖЬ;;;;;;;;;;Output;EPKS_CCB;ESD_931_1;582;;;;;;;;
M;C279_2_F;;;;;Function block marker;;ЛОЖЬ;ЛОЖЬ;;279;;;;;;;0;;;;761;ЛОЖЬ;0;;;;;;;;;;;;;;Undefined;;;;;;;;;;;;ЛОЖЬ;ИСТИНА;;;;;;;;;;;;;;;;;;;;;;;;
T;318_4;;;862-34;;;;ЛОЖЬ;ЛОЖЬ;;318;;;;;;;;100 ms;10;;640;ЛОЖЬ;0;;;;;;;;;;;;;;Undefined;;;Delayed OFF with constant timer value;;;;;;;;;ЛОЖЬ;ИСТИНА;;;;;;;;;;;;;;;;;;;;;;;;
M;36_38_1;;;930-09;;MOS_LAMP_930_09;;ЛОЖЬ;ЛОЖЬ;;38;;;;;;;0;;;;1411;ЛОЖЬ;0;;;;;;;1=MOS ACTIVE;;;;;;;Undefined;491;3428;;;;;;;;;;ЛОЖЬ;;;;;;;;;;;;;;;;;;;;;;;;;
M;306_1;;;930-09;;;;ЛОЖЬ;ЛОЖЬ;;306;;;;;;;0;;;;1496;ЛОЖЬ;0;;;;;;;;;;;;;;Undefined;491;3428;;;;;;;;;;ЛОЖЬ;;;;;;;;;;;;;;;;;;;;;;;;;
DI;93XSF225;;MCC;930-09;A_93009;SHUT 93XV225COUPLING;Yes;ИСТИНА;ЛОЖЬ;;450;;;;;;;;;;;41;ИСТИНА;35222;None;;;;;;;;;;;;;Undefined;491;3428;;19.03;5;2;1;Low;;;;ЛОЖЬ;;;;ЛОЖЬ;;;;;;;;;;Output;EPKS_CCB;ESD_931_1;602;;;;;;;;
DO;93XY233_C;;COM;862-34;;EMERG SHUT CLOS 93XV233;No;ЛОЖЬ;ЛОЖЬ;;332;;;;;;;0;;;;422;ИСТИНА;35269;None;;;;;;0=TRIP;;;;;;;Undefined;491;3428;;;;;;;;;;ЛОЖЬ;;;;;;;;;;;;;;Output;EPKS_CCB;ESD_931_1;653;;;;;;;;
M;C242_4_F;;;862-34;862-34;Function block marker;;ЛОЖЬ;ЛОЖЬ;;242;;;;;;;0;;;;873;ЛОЖЬ;0;;;;;;;;;;;;;;Undefined;;;;;;;;;;;;ЛОЖЬ;ИСТИНА;;;;;;;;;;;;;;;;;;;;;;;;
M;C247_3_G;;;;;Function block marker;;ЛОЖЬ;ЛОЖЬ;;247;;;;;;;0;;;;848;ЛОЖЬ;0;;;;;;;;;;;;;;Undefined;;;;;;;;;;;;ЛОЖЬ;ИСТИНА;;;;;;;;;;;;;;;;;;;;;;;;
DO;93LALL265_CA;;COM;930-09;A_93009;CAUSE ALARM;No;ЛОЖЬ;ЛОЖЬ;;292;;;;;;;0;;;;1322;ЛОЖЬ;35361;None;;;;;;0=ALARM;;;;;;;Undefined;491;3428;;;;;;;;;;ЛОЖЬ;;;;;;;;;;;;;;Output;EPKS_CCB;ESD_931_1;478;;;;;;;;
M;C330_1_D;;;862-34;862-34;Function block marker;;ЛОЖЬ;ЛОЖЬ;;330;;;;;;;0;;;;1646;ЛОЖЬ;0;;;;;;;;;;;;;;Undefined;491;3428;;;;;;;;;;ЛОЖЬ;;;;;;;;;;;;;;;;;;;;;;;;;
M;2456_E;;;;;Trip 5;;ЛОЖЬ;ЛОЖЬ;;2456;;;;;;;0;;;;108;ЛОЖЬ;0;;;;;;;;;;;;;;Undefined;491;3428;;;;;;;;;;ЛОЖЬ;;;;;;;;;;;;;;;;;;;;;;;;;
M;C274_3_B;;;862-34;862-34;Function block marker;;ЛОЖЬ;ЛОЖЬ;;274;;;;;;;0;;;;1720;ЛОЖЬ;0;;;;;;;;;;;;;;Undefined;491;3428;;;;;;;;;;ЛОЖЬ;;;;;;;;;;;;;;;;;;;;;;;;;
DI;19-InputCompare;;SYS;;;INPUT COMPARE FAULT;Yes;ЛОЖЬ;;;17;;;;;;;;;;;34;ЛОЖЬ;0;None;;;;;;;;;;;;;Undefined;491;3428;;;;;;;;;;ЛОЖЬ;;;;ЛОЖЬ;;;;;;;;;;;;;;;;;;;;;
DO;93TAHH996_CA;;COM;930-09;A_93009;CAUSE ALARM;No;ЛОЖЬ;ЛОЖЬ;;330;;;;;;;0;;;;1363;ЛОЖЬ;35362;None;;;;;;0=ALARM;;;;;;;Undefined;491;3428;;;;;;;;;;ЛОЖЬ;;;;;;;;;;;;;;Output;EPKS_CCB;ESD_931_1;548;;;;;;;;
DO;93XY201A;;MCC;930-09;A_93009;EMERG SHUT OPEN 93XV201;Yes;ИСТИНА;ЛОЖЬ;;252;;;;;;;0;;;;26;ЛОЖЬ;35223;None;;;;;;1=OPEN;;;;;;;Undefined;491;3428;;19.04;9;3;1;Appl;;;;ЛОЖЬ;;;;;;;;;;;;;;;;;;;;;;;;;
BO;93TI990_HH;;COM;930-09;A_93009;HH TRIP SETPOINT (C);No;ЛОЖЬ;ЛОЖЬ;;360;;Float;;;;;0;;;;504;;0;;;;;;;;;0;0;;;;-XXXXX.X;491;3428;;;;;;;;;;ЛОЖЬ;;;;;;;;;;;;;;Output;EPKS_CCB;ESD_931_1;10135;;;;;;;;
DO;93XY296B;;MCC;930-09;A_P93009;AUTO SP P9300905AX;Yes;ИСТИНА;ЛОЖЬ;;382;;;;;;;0;;;;156;ЛОЖЬ;35224;None;;;;;;STOP;;;;;;;Undefined;491;3428;;19.05;9;5;1;Appl;;;;ЛОЖЬ;;;;;;;;;;;;;;;;;;;;;;;;;
DO;IB9311_ESD1_F5;;COM;930-09;A_93009;MARSH. CAB ALARM;No;ЛОЖЬ;ЛОЖЬ;;18;;;;;;;0;;;;183;ИСТИНА;35363;None;;;;;;0=ALARM;;;;;;;Undefined;491;3428;;;;;;;;;;ЛОЖЬ;;;;;;;;;;;;;;Output;EPKS_CCB;ESD_931_1;579;;;;;;;;
BO;93LI267_HH;;COM;930-09;A_93009;HH TRIP SETPOINT (%);No;ЛОЖЬ;ЛОЖЬ;;294;;Float;;;;;0;;;;448;;0;;;;;;;;;0;0;;;;-XXXXX.X;491;3428;;;;;;;;;;ЛОЖЬ;;;;;;;;;;;;;;Output;EPKS_CCB;ESD_931_1;10125;;;;;;;;
DO;93PI274_TF;;COM;930-09;A_93009;TRANSM. FAIL;No;ЛОЖЬ;ЛОЖЬ;;440;;;;;;;0;;;;1602;ИСТИНА;35364;None;;;;;;0=ALARM;;;;;;;Undefined;491;3428;;;;;;;;;;ЛОЖЬ;;;;;;;;;;;;;;Output;EPKS_CCB;ESD_931_1;530;;;;;;;;
M;C308_1_G;;;862-34;862-34;Function block marker;;ЛОЖЬ;ЛОЖЬ;;308;;;;;;;0;;;;700;ЛОЖЬ;0;;;;;;;;;;;;;;Undefined;;;;;;;;;;;;ЛОЖЬ;ИСТИНА;;;;;;;;;;;;;;;;;;;;;;;;
DO;93LALL265;;COM;930-09;A_93009;ACIDIC H2O FL9300901 AX;No;ЛОЖЬ;ЛОЖЬ;;292;;;;;;;0;;;;1321;ИСТИНА;35365;None;;;;;;0=TRIP;;;;;;;Undefined;491;3428;;;;;;;;;;ЛОЖЬ;;;;;;;;;;;;;;Output;EPKS_CCB;ESD_931_1;477;;;;;;;;
M;C276_1;;;930-09;A_93009;Compiler marker (256, 150);;ЛОЖЬ;ЛОЖЬ;;276;;;;;;;0;;;;715;ЛОЖЬ;0;;;;;;;;;;;;;;Undefined;;;;;;;;;;;;ЛОЖЬ;ИСТИНА;;;;;;;;;;;;;;;;;;;;;;;;
M;1500_0_1;;;;;;;ЛОЖЬ;ЛОЖЬ;;1500;;;;;;;0;;;;65;ЛОЖЬ;0;;;;;;;;;;;;;;Undefined;;;;;;;;;;;;ЛОЖЬ;ИСТИНА;;;;;;;;;;;;;;;;;;;;;;;;
DO;93LAHH266A_CA;;COM;862-34;;CAUSE ALARM;No;ЛОЖЬ;ЛОЖЬ;;274;;;;;;;0;;;;669;ЛОЖЬ;0;None;;;;;;0=ALARM;0=ALARM;;;;;;Undefined;;;;;;;;;;;;ЛОЖЬ;ИСТИНА;;;;;;;;;;;;;Output;EPKS_CCB;ESD_931_1;727;;;;;;;;
T;292_2;;;930-09;A_93009;;;ЛОЖЬ;ЛОЖЬ;;292;;;;;;;;100 ms;5;;668;ЛОЖЬ;0;;;;;;;;;;;;;;Undefined;;;Delayed OFF with constant timer value;;;;;;;;;ЛОЖЬ;ИСТИНА;;;;;;;;;;;;;;;;;;;;;;;;
AI;93LI219;;FLD;930-09;;CONDR SHUNT V9300902B;Yes;ИСТИНА;ЛОЖЬ;;278;ИСТИНА;Float;4-20mA;0;100;%;;;;;208;ЛОЖЬ;35352;;None;None;None;None;;;;-25;-25;;;;-XXXXX.X;3.64;22;;19.03;17;2;1;Bottom scale;;;;ЛОЖЬ;ИСТИНА;ЛОЖЬ;;;;;;;;;;;;Output;EPKS_CCB;ESD_931_1;10072;;;;;;;;
AI;93LI264;;FLD;930-09;A_93009;HYD GAS COND FL9300901AX;Yes;ИСТИНА;ЛОЖЬ;;272;ИСТИНА;Float;4-20mA;0;100;%;;;;;0;ЛОЖЬ;35354;;None;None;None;None;;;;-25;-25;;;;-XXXXX.X;3.64;22;;19.03;11;1;1;Bottom scale;;;;ЛОЖЬ;;ЛОЖЬ;;;;;;;;;;;;Output;EPKS_CCB;ESD_931_1;10078;;;;;;;;
M;2456_I;;;;;Trip 9;;ЛОЖЬ;ЛОЖЬ;;2456;;;;;;;0;;;;139;ЛОЖЬ;0;;;;;;;;;;;;;;Undefined;491;3428;;;;;;;;;;ЛОЖЬ;;;;;;;;;;;;;;;;;;;;;;;;;
M;C129_2;;;862-34;862-34;Compiler marker (352, 54);;ЛОЖЬ;ЛОЖЬ;;129;;;;;;;0;;;;489;ЛОЖЬ;0;;;;;;;;;;;;;;Undefined;491;3428;;;;;;;;;;ЛОЖЬ;;;;;;;;;;;;;;;;;;;;;;;;;
DI;93LI205_MOR;;COM;862-34;;MO REQUEST;No;ЛОЖЬ;ИСТИНА;;246;;;;;;;0;;;;1782;ЛОЖЬ;0;None;;;;;;1=REQUEST;;;;;;;Undefined;491;3428;;;;;;Freeze;;;;ЛОЖЬ;;;;ЛОЖЬ;;;;;;;;;;Input;EPKS_CCB;ESD_931_1;7;;;;;;;;
M;249_248_1;;;862-34;;93LAHH206;;ЛОЖЬ;ЛОЖЬ;;248;;;;;;;0;;;;391;ЛОЖЬ;0;;;;;;;0=TRIP;;;;;;;Undefined;;;;;;;;;;;;ЛОЖЬ;ИСТИНА;;;;;;;;;;;;;;;;;;;;;;;;
M;C240_4_G;;;862-34;862-34;Function block marker;;ЛОЖЬ;ЛОЖЬ;;240;;;;;;;0;;;;882;ЛОЖЬ;0;;;;;;;;;;;;;;Undefined;;;;;;;;;;;;ЛОЖЬ;ИСТИНА;;;;;;;;;;;;;;;;;;;;;;;;
M;C290_1;;;930-09;A_93009;Compiler marker (200, 96);;ЛОЖЬ;ЛОЖЬ;;290;;;;;;;0;;;;683;ЛОЖЬ;0;;;;;;;;;;;;;;Undefined;;;;;;;;;;;;ЛОЖЬ;ИСТИНА;;;;;;;;;;;;;;;;;;;;;;;;
M;296_34_2;;;930-09;;93LT222;;ЛОЖЬ;ЛОЖЬ;;34;;;;;;;0;;;;1474;ЛОЖЬ;0;;;;;;;1=MO CONFIRMED;;;;;;;Undefined;491;3428;;;;;;;;;;ЛОЖЬ;;;;;;;;;;;;;;;;;;;;;;;;;
DO;93LI207_MOC;;COM;862-34;;MO CONFIRMED;No;ЛОЖЬ;ЛОЖЬ;;248;;;;;;;0;;;;1260;ИСТИНА;35368;None;;;;;;1=CONFIRMED;;;;;;;Undefined;491;3428;;;;;;;;;;ЛОЖЬ;;;;;;;;;;;;;;Output;EPKS_CCB;ESD_931_1;489;;;;;;;;
M;C247_1_G;;;;;Function block marker;;ЛОЖЬ;ЛОЖЬ;;247;;;;;;;0;;;;851;ЛОЖЬ;0;;;;;;;;;;;;;;Undefined;;;;;;;;;;;;ЛОЖЬ;ИСТИНА;;;;;;;;;;;;;;;;;;;;;;;;
DO;93LAHH202_CA;;COM;862-34;;CAUSE ALARM;No;ЛОЖЬ;ЛОЖЬ;;242;;;;;;;0;;;;75;ЛОЖЬ;0;None;;;;;;0=TRIP;0=TRIP;;;;;;Undefined;;;;;;;;;;;;ЛОЖЬ;ИСТИНА;;;;;;;;;;;;;Output;EPKS_CCB;ESD_931_1;703;;;;;;;;
DI;ACK;;COM;930-09;A_93009;ACKNOWLEDGE;No;ЛОЖЬ;ИСТИНА;;2480;;;;;;;0;;;;1818;ЛОЖЬ;0;None;;;;;;1=ON;;;;;;;Undefined;491;3428;;;;;;Low;;;;ЛОЖЬ;;;;ЛОЖЬ;;;;;;;;;;Input;EPKS_CCB;ESD_931_1;43;;;;;;;;
M;C244_2_F;;;862-34;862-34;Function block marker;;ЛОЖЬ;ЛОЖЬ;;244;;;;;;;0;;;;861;ЛОЖЬ;0;;;;;;;;;;;;;;Undefined;;;;;;;;;;;;ЛОЖЬ;ИСТИНА;;;;;;;;;;;;;;;;;;;;;;;;
DO;93XY217_C;;COM;862-34;;GATE VALVE FUEL GAS;No;ЛОЖЬ;ЛОЖЬ;;322;;;;;;;0;;;;419;ИСТИНА;35280;None;;;;;;0=TRIP;;;;;;;Undefined;491;3428;;;;;;;;;;ЛОЖЬ;;;;;;;;;;;;;;Output;EPKS_CCB;ESD_931_1;633;;;;;;;;
M;C298_1;;;930-09;;Compiler marker (160, 109);;ЛОЖЬ;ЛОЖЬ;;298;;;;;;;0;;;;231;ЛОЖЬ;0;;;;;;;;;;;;;;Undefined;491;3428;;;;;;;;;;ЛОЖЬ;;;;;;;;;;;;;;;;;;;;;;;;;
M;C292_1_F;;;930-09;930-09;Function block marker;;ЛОЖЬ;ЛОЖЬ;;292;;;;;;;0;;;;742;ЛОЖЬ;0;;;;;;;;;;;;;;Undefined;;;;;;;;;;;;ЛОЖЬ;ИСТИНА;;;;;;;;;;;;;;;;;;;;;;;;
M;C247_3_E;;;;;Function block marker;;ЛОЖЬ;ЛОЖЬ;;247;;;;;;;0;;;;846;ЛОЖЬ;0;;;;;;;;;;;;;;Undefined;;;;;;;;;;;;ЛОЖЬ;ИСТИНА;;;;;;;;;;;;;;;;;;;;;;;;
M;248_6;;;862-34;;;;ЛОЖЬ;ЛОЖЬ;;248;;;;;;;0;;;;628;ЛОЖЬ;0;;;;;;;;;;;;;;Undefined;;;;;;;;;;;;ЛОЖЬ;ИСТИНА;;;;;;;;;;;;;;;;;;;;;;;;
DO;93LI266_MOC;;COM;930-09;A_93009;MO CONFIRMED;No;ЛОЖЬ;ЛОЖЬ;;274;;;;;;;0;;;;1240;ИСТИНА;35370;None;;;;;;1=CONFIRMED;;;;;;;Undefined;491;3428;;;;;;;;;;ЛОЖЬ;;;;;;;;;;;;;;Output;EPKS_CCB;ESD_931_1;513;;;;;;;;
DO;93LI201_TF;;COM;930-09;A_93009;TRANSM. FAIL;No;ЛОЖЬ;ЛОЖЬ;;240;;;;;;;0;;;;1245;ИСТИНА;35372;None;;;;;;0=ALARM;;;;;;;Undefined;491;3428;;;;;;;;;;ЛОЖЬ;;;;;;;;;;;;;;Output;EPKS_CCB;ESD_931_1;484;;;;;;;;
M;C244_4_E;;;862-34;862-34;Function block marker;;ЛОЖЬ;ЛОЖЬ;;244;;;;;;;0;;;;594;ЛОЖЬ;0;;;;;;;;;;;;;;Undefined;;;;;;;;;;;;ЛОЖЬ;ИСТИНА;;;;;;;;;;;;;;;;;;;;;;;;
M;C308_4_C;;;862-34;862-34;Function block marker;;ЛОЖЬ;ЛОЖЬ;;308;;;;;;;0;;;;704;ЛОЖЬ;0;;;;;;;;;;;;;;Undefined;;;;;;;;;;;;ЛОЖЬ;ИСТИНА;;;;;;;;;;;;;;;;;;;;;;;;
DO;93LALL215;;COM;930-09;A_93009;ACIDIC H2O TO B9300902A;No;ЛОЖЬ;ЛОЖЬ;;290;;;;;;;0;;;;1319;ИСТИНА;35373;None;;;;;;0=TRIP;;;;;;;Undefined;491;3428;;;;;;;;;;ЛОЖЬ;;;;;;;;;;;;;;Output;EPKS_CCB;ESD_931_1;459;;;;;;;;
DI;93XSC235;;MCC;930-09;A_93009;SHUTTER 93XV235- OFF;Yes;ИСТИНА;ЛОЖЬ;;430;;;;;;;;;;;43;ЛОЖЬ;35227;None;;;;;;1=CLOSE;;;;;;;Undefined;491;3428;;19.03;5;4;1;Low;;;;ЛОЖЬ;;;;ЛОЖЬ;;;;;;;;;;Output;EPKS_CCB;ESD_931_1;604;;;;;;;;
M;C330_2_B;;;862-34;862-34;Function block marker;;ЛОЖЬ;ЛОЖЬ;;330;;;;;;;0;;;;1645;ЛОЖЬ;0;;;;;;;;;;;;;;Undefined;491;3428;;;;;;;;;;ЛОЖЬ;;;;;;;;;;;;;;;;;;;;;;;;;
BI;19-Year;;SYS;;;Year;No;ЛОЖЬ;;;19;;Word;;;;;;;;;0;;0;;;;;;;;;0;0;;;;-XXXXX.X;491;3428;;;;;;;;;;ЛОЖЬ;;;;;;;;;;;;;;;;;;;;;;;;;
M;C360_1_D;;;862-34;862-34;Function block marker;;ЛОЖЬ;ЛОЖЬ;;360;;;;;;;0;;;;1640;ЛОЖЬ;0;;;;;;;;;;;;;;Undefined;491;3428;;;;;;;;;;ЛОЖЬ;;;;;;;;;;;;;;;;;;;;;;;;;
BO;93LI207_HH;;COM;862-34;;HH TRIP SETPOINT (%);No;ЛОЖЬ;ЛОЖЬ;;248;;Float;;;;;0;;;;332;;0;;;;;;;;;0;0;;;;-XXXXX.X;491;3428;;;;;;;;;;ЛОЖЬ;;;;;;;;;;;;;;Output;EPKS_CCB;ESD_931_1;10100;;;;;;;;
DI;19-OutputLoopFault;;SYS;;;OUTPUT LOOP FAULT;Yes;ЛОЖЬ;;;17;;;;;;;;;;;25;ЛОЖЬ;0;None;;;;;;;;;;;;;Undefined;491;3428;;;;;;;;;;ЛОЖЬ;;;;ЛОЖЬ;;;;;;;;;;;;;;;;;;;;;
R;248_249_6;;;;;LL TRIP LIMIT;;ЛОЖЬ;ЛОЖЬ;;249;;Float;;;;;0;;;;58;ЛОЖЬ;0;;;;;;;;;;;;;;Undefined;;;;;;;;;;;;ЛОЖЬ;ИСТИНА;;;;;;;;;;;;;;;;;;;;;;;;
AI;93TI999;;FLD;930-09;A_P93009;HERMET SHELL P9300901AX;Yes;ИСТИНА;ЛОЖЬ;;326;ИСТИНА;Float;4-20mA;-50;120;°C;;;;;36;ЛОЖЬ;35356;;None;None;None;None;;;;-92.5;-92.5;;;;-XXXXX.X;3.76;21;;19.03;11;10;1;Bottom scale;;;;ЛОЖЬ;;ЛОЖЬ;;;;;;;;;;;;Output;EPKS_CCB;ESD_931_1;10093;;;;;;;;
T;254_3;;;862-34;;;;ЛОЖЬ;ЛОЖЬ;;254;;;;;;;;100 ms;20;;208;ЛОЖЬ;0;;;;;;;;;;;;;;Undefined;491;3428;Pulse retriggerable with constant timer value;;;;;;;;;ЛОЖЬ;;;;;;;;;;;;;;;;;;;;;;;;;
M;440_10;;;862-34;;;;ЛОЖЬ;ЛОЖЬ;;440;;;;;;;0;;;;69;ЛОЖЬ;0;;;;;;;;;;;;;;Undefined;;;;;;;;;;;;ЛОЖЬ;ИСТИНА;;;;;;;;;;;;;;;;;;;;;;;;
M;C2470_1;;;;;Compiler marker (176, 60);;ЛОЖЬ;ЛОЖЬ;;2470;;;;;;;0;;;;1443;ЛОЖЬ;0;;;;;;;;;;;;;;Undefined;491;3428;;;;;;;;;;ЛОЖЬ;;;;;;;;;;;;;;;;;;;;;;;;;
M;296_350_4;;;930-09;;93LALL222_I;;ЛОЖЬ;ЛОЖЬ;;350;;;;;;;0;;;;1546;ЛОЖЬ;0;;;;;;;0=TRIP INITIATOR;;;;;;;Undefined;491;3428;;;;;;;;;;ЛОЖЬ;;;;;;;;;;;;;;;;;;;;;;;;;
BO;93TI993_HH;;COM;930-09;A_93009;HH TRIP SETPOINT (C);No;ЛОЖЬ;ЛОЖЬ;;350;;Float;;;;;0;;;;500;;0;;;;;;;;;0;0;;;;-XXXXX.X;491;3428;;;;;;;;;;ЛОЖЬ;;;;;;;;;;;;;;Output;EPKS_CCB;ESD_931_1;10136;;;;;;;;
M;C284_6;;;862-34;;Compiler marker (240, 234);;ЛОЖЬ;ЛОЖЬ;;284;;;;;;;0;;;;240;ЛОЖЬ;0;;;;;;;;;;;;;;Undefined;;;;;;;;;;;;ЛОЖЬ;ИСТИНА;;;;;;;;;;;;;;;;;;;;;;;;
M;2490_B;;;;;Reset Signal/1=Reset;;ЛОЖЬ;ЛОЖЬ;;2490;;;;;;;0;;;;153;ЛОЖЬ;0;;;;;;;;;;;;;;Undefined;491;3428;;;;;;;;;;ЛОЖЬ;;;;;;;;;;;;;;;;;;;;;;;;;
DI;93LI231_MOR;;COM;930-09;A_93009;MO REQUEST;No;ЛОЖЬ;ИСТИНА;;380;;;;;;;0;;;;1790;ЛОЖЬ;0;None;;;;;;1=REQUEST;;;;;;;Undefined;491;3428;;;;;;Freeze;;;;ЛОЖЬ;;;;ЛОЖЬ;;;;;;;;;;Input;EPKS_CCB;ESD_931_1;15;;;;;;;;
M;C240_3_B;;;862-34;862-34;Function block marker;;ЛОЖЬ;ЛОЖЬ;;240;;;;;;;0;;;;602;ЛОЖЬ;0;;;;;;;;;;;;;;Undefined;;;;;;;;;;;;ЛОЖЬ;ИСТИНА;;;;;;;;;;;;;;;;;;;;;;;;
DO;93XY284B;;MCC;930-09;A_93009;EMERG SHUT CLOS 93XV284;Yes;ИСТИНА;ЛОЖЬ;;442;;;;;;;0;;;;143;ЛОЖЬ;35229;None;;;;;;1=CLOSE;;;;;;;Undefined;491;3428;;19.05;7;8;1;Appl;;;;ЛОЖЬ;;;;;;;;;;;;;;;;;;;;;;;;;
DO;IB931_RESET_ELD_C;;CAB;A_93009;;RESET ELD CONFIRMED;Yes;ЛОЖЬ;ЛОЖЬ;;19;;;;;;;0;;;;170;ЛОЖЬ;0;None;;;;;;1=RESET;1=RESET;;;;;;Undefined;;;;19.05;11;3;1;Appl;;;;ЛОЖЬ;ИСТИНА;;;;;;;;;;;;;Output;EPKS_CCB;ESD_931_1;735;;;;;;;;
DO;93XY228A;;MCC;930-09;A_93009;EMERG SHUT OPEN 93XV228;Yes;ИСТИНА;ЛОЖЬ;;288;;;;;;;0;;;;93;ЛОЖЬ;35230;None;;;;;;1=OPEN;;;;;;;Undefined;491;3428;;19.05;1;6;1;Appl;;;;ЛОЖЬ;;;;;;;;;;;;;;;;;;;;;;;;;
T;288_1;;;930-09;;;;ЛОЖЬ;ЛОЖЬ;;288;;;;;;;;1 s;30;;16;ЛОЖЬ;0;;;;;;;;;;;;;;Undefined;491;3428;Delayed OFF with constant timer value;;;;;;;;;ЛОЖЬ;;;;;;;;;;;;;;;;;;;;;;;;;
DO;93LI224_TF;;COM;930-09;A_93009;TRANSM. FAIL;No;ЛОЖЬ;ЛОЖЬ;;370;;;;;;;0;;;;1281;ИСТИНА;35376;None;;;;;;0=ALARM;;;;;;;Undefined;491;3428;;;;;;;;;;ЛОЖЬ;;;;;;;;;;;;;;Output;EPKS_CCB;ESD_931_1;502;;;;;;;;
DO;93XY212A;;MCC;930-09;A_93009;EMERG SHUT OPEN 93XV212;Yes;ИСТИНА;ЛОЖЬ;;284;;;;;;;0;;;;58;ЛОЖЬ;35231;None;;;;;;1=OPEN;;;;;;;Undefined;491;3428;;19.04;13;3;1;Appl;;;;ЛОЖЬ;;;;;;;;;;;;;;;;;;;;;;;;;
T;360_2;;;862-34;;;;ЛОЖЬ;ЛОЖЬ;;360;;;;;;;;100 ms;20;;248;ЛОЖЬ;0;;;;;;;;;;;;;;Undefined;491;3428;Pulse retriggerable with constant timer value;;;;;;;;;ЛОЖЬ;;;;;;;;;;;;;;;;;;;;;;;;;
M;C2457_2;;;;;Compiler marker (312, 24);;ЛОЖЬ;ЛОЖЬ;;2457;;;;;;;0;;;;398;ЛОЖЬ;0;;;;;;;;;;;;;;Undefined;491;3428;;;;;;;;;;ЛОЖЬ;;;;;;;;;;;;;;;;;;;;;;;;;
DO;93TI993_TF;;COM;930-09;A_93009;TRANSM. FAIL;No;ЛОЖЬ;ЛОЖЬ;;350;;;;;;;0;;;;1357;ИСТИНА;35377;None;;;;;;0=ALARM;;;;;;;Undefined;491;3428;;;;;;;;;;ЛОЖЬ;;;;;;;;;;;;;;Output;EPKS_CCB;ESD_931_1;558;;;;;;;;
DI;93LI215_MOR;;COM;930-09;A_93009;MO REQUEST;No;ЛОЖЬ;ИСТИНА;;290;;;;;;;0;;;;1785;ЛОЖЬ;0;None;;;;;;1=REQUEST;;;;;;;Undefined;491;3428;;;;;;Freeze;;;;ЛОЖЬ;;;;ЛОЖЬ;;;;;;;;;;Input;EPKS_CCB;ESD_931_1;10;;;;;;;;
M;C380_5_G;;;930-09;930-09;Function block marker;;ЛОЖЬ;ЛОЖЬ;;380;;;;;;;0;;;;525;ЛОЖЬ;0;;;;;;;;;;;;;;Undefined;;;;;;;;;;;;ЛОЖЬ;ИСТИНА;;;;;;;;;;;;;;;;;;;;;;;;
BO;93LI267_LL;;COM;930-09;A_93009;LL TRIP SETPOINT (%);No;ЛОЖЬ;ЛОЖЬ;;294;;Float;;;;;0;;;;452;;0;;;;;;;;;0;0;;;;-XXXXX.X;491;3428;;;;;;;;;;ЛОЖЬ;;;;;;;;;;;;;;Output;EPKS_CCB;ESD_931_1;10126;;;;;;;;
DO;93HS707A;;COM;930-09;A_93009;ESD MOS EN AREA 930-09;No;ЛОЖЬ;ЛОЖЬ;;127;;;;;;;0;;;;194;ИСТИНА;35379;None;;;;;;1=ENABLED;;;;;;;Undefined;491;3428;;;;;;;;;;ЛОЖЬ;;;;;;;;;;;;;;Output;EPKS_CCB;ESD_931_1;682;;;;;;;;
M;C240_1;;;862-34;;Compiler marker (208, 96);;ЛОЖЬ;ЛОЖЬ;;240;;;;;;;0;;;;741;ЛОЖЬ;0;;;;;;;;;;;;;;Undefined;;;;;;;;;;;;ЛОЖЬ;ИСТИНА;;;;;;;;;;;;;;;;;;;;;;;;
M;C260_1_F;;;930-09;930-09;Function block marker;;ЛОЖЬ;ЛОЖЬ;;260;;;;;;;0;;;;567;ЛОЖЬ;0;;;;;;;;;;;;;;Undefined;;;;;;;;;;;;ЛОЖЬ;ИСТИНА;;;;;;;;;;;;;;;;;;;;;;;;
T;274_1;;;862-34;;;;ЛОЖЬ;ЛОЖЬ;;274;;;;;;;;100 ms;5;;708;ЛОЖЬ;0;;;;;;;;;;;;;;Undefined;;;Delayed OFF with constant timer value;;;;;;;;;ЛОЖЬ;ИСТИНА;;;;;;;;;;;;;;;;;;;;;;;;
DO;93LI263_MOC;;COM;930-09;A_93009;MO CONFIRMED;No;ЛОЖЬ;ЛОЖЬ;;262;;;;;;;0;;;;1296;ИСТИНА;35380;None;;;;;;1=CONFIRMED;;;;;;;Undefined;491;3428;;;;;;;;;;ЛОЖЬ;;;;;;;;;;;;;;Output;EPKS_CCB;ESD_931_1;507;;;;;;;;
DO;93XY228A_C;;COM;862-34;;EMERG SHUT OPEN 93XV228;No;ЛОЖЬ;ЛОЖЬ;;288;;;;;;;0;;;;406;ИСТИНА;35303;None;;;;;;0=TRIP;;;;;;;Undefined;491;3428;;;;;;;;;;ЛОЖЬ;;;;;;;;;;;;;;Output;EPKS_CCB;ESD_931_1;647;;;;;;;;
AI;93LI215;;FLD;930-09;A_93009;ACIDIC H2O TO B9300902A;Yes;ИСТИНА;ЛОЖЬ;;290;ИСТИНА;Float;4-20mA;0;100;%;;;;;16;ЛОЖЬ;35360;;None;None;None;None;;;;-25;-25;;;;-XXXXX.X;3.64;22;;19.03;11;5;1;Bottom scale;;;;ЛОЖЬ;;ЛОЖЬ;;;;;;;;;;;;Output;EPKS_CCB;ESD_931_1;10070;;;;;;;;
M;C277_2_F;;;;;Function block marker;;ЛОЖЬ;ЛОЖЬ;;277;;;;;;;0;;;;776;ЛОЖЬ;0;;;;;;;;;;;;;;Undefined;;;;;;;;;;;;ЛОЖЬ;ИСТИНА;;;;;;;;;;;;;;;;;;;;;;;;
M;C308_1_F;;;862-34;862-34;Function block marker;;ЛОЖЬ;ЛОЖЬ;;308;;;;;;;0;;;;699;ЛОЖЬ;0;;;;;;;;;;;;;;Undefined;;;;;;;;;;;;ЛОЖЬ;ИСТИНА;;;;;;;;;;;;;;;;;;;;;;;;
DI;19-ExtComFaultCC1;;SYS;;;EXT COM FAULT COM CH 1;Yes;ЛОЖЬ;;;16;;;;;;;;;;;6;ЛОЖЬ;0;None;;;;;;;;;;;;;Undefined;491;3428;;;;;;;;;;ЛОЖЬ;;;;ЛОЖЬ;;;;;;;;;;;;;;;;;;;;;
M;380_382_2;;;862-34;;93LAHH231_I;;ЛОЖЬ;ЛОЖЬ;;382;;;;;;;0;;;;50;ЛОЖЬ;0;;;;;;;0=TRIP INITIATOR;;;;;;;Undefined;;;;;;;;;;;;ЛОЖЬ;ИСТИНА;;;;;;;;;;;;;;;;;;;;;;;;
M;360_36_1;;;930-09;;93TT990;;ЛОЖЬ;ЛОЖЬ;;36;;;;;;;0;;;;1539;ЛОЖЬ;0;;;;;;;1=MO CONFIRMED;;;;;;;Undefined;491;3428;;;;;;;;;;ЛОЖЬ;;;;;;;;;;;;;;;;;;;;;;;;;
T;328_1;;;862-34;;;;ЛОЖЬ;ЛОЖЬ;;328;;;;;;;;100 ms;10;;212;ЛОЖЬ;0;;;;;;;;;;;;;;Undefined;491;3428;Pulse retriggerable with constant timer value;;;;;;;;;ЛОЖЬ;;;;;;;;;;;;;;;;;;;;;;;;;
M;C240_1_E;;;862-34;862-34;Function block marker;;ЛОЖЬ;ЛОЖЬ;;240;;;;;;;0;;;;603;ЛОЖЬ;0;;;;;;;;;;;;;;Undefined;;;;;;;;;;;;ЛОЖЬ;ИСТИНА;;;;;;;;;;;;;;;;;;;;;;;;
R;2420_C;;;;;Signal 2;;ЛОЖЬ;ЛОЖЬ;;2420;;Float;;;;;0;;;;168;ЛОЖЬ;0;;;;;;;;;;;;;;Undefined;491;3428;;;;;;;;;;ЛОЖЬ;;;;;;;;;;;;;;;;;;;;;;;;;
M;C129_5;;;862-34;862-34;Compiler marker (216, 121);;ЛОЖЬ;ЛОЖЬ;;129;;;;;;;0;;;;66;ЛОЖЬ;0;;;;;;;;;;;;;;Undefined;;;;;;;;;;;;ЛОЖЬ;ИСТИНА;;;;;;;;;;;;;;;;;;;;;;;;
DO;93PI354_MOC;;COM;930-09;A_93009;MO CONFIRMED;No;ЛОЖЬ;ЛОЖЬ;;316;;;;;;;0;;;;1340;ИСТИНА;35381;None;;;;;;1=CONFIRMED;;;;;;;Undefined;491;3428;;;;;;;;;;ЛОЖЬ;;;;;;;;;;;;;;Output;EPKS_CCB;ESD_931_1;535;;;;;;;;
T;316_3;;;862-34;;;;ЛОЖЬ;ЛОЖЬ;;316;;;;;;;;100 ms;5;;624;ЛОЖЬ;0;;;;;;;;;;;;;;Undefined;;;Delayed OFF with constant timer value;;;;;;;;;ЛОЖЬ;ИСТИНА;;;;;;;;;;;;;;;;;;;;;;;;
AI;93PI353;;FLD;930-09;A_93009;ACD TOR SHNT FL9300901AX;Yes;ИСТИНА;ЛОЖЬ;;308;ИСТИНА;Float;4-20mA;-50;160;KPa-g;;;;;24;ЛОЖЬ;35366;;None;None;None;None;;;;;;;;;-XXXXX.X;3.64;22;;19.03;11;7;1;Top scale;;;;ЛОЖЬ;;ЛОЖЬ;;;;;;;;;;;;Output;EPKS_CCB;ESD_931_1;10084;;;;;;;;
T;242_3;;;862-34;;;;ЛОЖЬ;ЛОЖЬ;;242;;;;;;;;100 ms;5;;40;ЛОЖЬ;0;;;;;;;;;;;;;;Undefined;;;Delayed OFF with constant timer value;;;;;;;;;ЛОЖЬ;ИСТИНА;;;;;;;;;;;;;;;;;;;;;;;;
M;2430_A;;;;;1=MOS/OOS;;ЛОЖЬ;ЛОЖЬ;;2430;;;;;;;0;;;;120;ЛОЖЬ;0;;;;;;;;;;;;;;Undefined;491;3428;;;;;;;;;;ЛОЖЬ;;;;;;;;;;;;;;;;;;;;;;;;;
DI;93LI207_MOR;;COM;862-34;;MO REQUEST;No;ЛОЖЬ;ИСТИНА;;248;;;;;;;0;;;;1783;ЛОЖЬ;0;None;;;;;;1=REQUEST;;;;;;;Undefined;491;3428;;;;;;Freeze;;;;ЛОЖЬ;;;;ЛОЖЬ;;;;;;;;;;Input;EPKS_CCB;ESD_931_1;8;;;;;;;;
AI;93PI274;;FLD;930-09;A_93009;AIR CRL MSR DEV V9300904;Yes;ИСТИНА;ЛОЖЬ;;440;ИСТИНА;Float;4-20mA;0;1.6;MPa-g;;;;;232;ЛОЖЬ;35371;;None;None;None;None;;;;-0.4;-0.4;;;;-XXXXX.X;3.64;22;;19.03;17;8;1;Bottom scale;;;;ЛОЖЬ;ИСТИНА;ЛОЖЬ;;;;;;;;;;;;Output;EPKS_CCB;ESD_931_1;10082;;;;;;;;
M;260_7;;;930-09;A_93009;;;ЛОЖЬ;ЛОЖЬ;;260;;;;;;;0;;;;509;ЛОЖЬ;0;;;;;;;;;;;;;;Undefined;;;;;;;;;;;;ЛОЖЬ;ИСТИНА;;;;;;;;;;;;;;;;;;;;;;;;
M;262_266_3;;;862-34;;93LALL263_I;;ЛОЖЬ;ЛОЖЬ;;266;;;;;;;0;;;;1444;ЛОЖЬ;0;;;;;;;0=TRIP INITIATOR;;;;;;;Undefined;491;3428;;;;;;;;;;ЛОЖЬ;;;;;;;;;;;;;;;;;;;;;;;;;
DO;93XY220A;;MCC;930-09;A_93009;EMERG SHUT OPEN 93XV220;Yes;ИСТИНА;ЛОЖЬ;;252;;;;;;;0;;;;74;ЛОЖЬ;35235;None;;;;;;1=OPEN;;;;;;;Undefined;491;3428;;19.04;15;3;1;Appl;;;;ЛОЖЬ;;;;;;;;;;;;;;;;;;;;;;;;;
M;C248_3_G;;;862-34;862-34;Function block marker;;ЛОЖЬ;ЛОЖЬ;;248;;;;;;;0;;;;844;ЛОЖЬ;0;;;;;;;;;;;;;;Undefined;;;;;;;;;;;;ЛОЖЬ;ИСТИНА;;;;;;;;;;;;;;;;;;;;;;;;
M;2349_B;;;;;1=MO CONFIRMED;;ЛОЖЬ;ЛОЖЬ;;2349;;;;;;;0;;;;1228;ЛОЖЬ;0;;;;;;;;;;;;;;Undefined;491;3428;;;;;;;;;;ЛОЖЬ;;;;;;;;;;;;;;;;;;;;;;;;;
T;2430_1;;;;;;;ЛОЖЬ;ЛОЖЬ;;2430;;;;;;;;100 ms;5;;4;ЛОЖЬ;0;;;;;;;;;;;;;;Undefined;491;3428;Delayed OFF with constant timer value;;;;;;;;;ЛОЖЬ;;;;;;;;;;;;;;;;;;;;;;;;;
M;370_1;;;930-09;;;;ЛОЖЬ;ЛОЖЬ;;370;;;;;;;0;;;;1550;ЛОЖЬ;0;;;;;;;;;;;;;;Undefined;491;3428;;;;;;;;;;ЛОЖЬ;;;;;;;;;;;;;;;;;;;;;;;;;
DO;93XY236A;;MCC;930-09;A_93009;EMERG SHUT OPEN 93XV236;Yes;ИСТИНА;ЛОЖЬ;;302;;;;;;;0;;;;110;ЛОЖЬ;35236;None;;;;;;1=OPEN;;;;;;;Undefined;491;3428;;19.05;3;7;1;Appl;;;;ЛОЖЬ;;;;;;;;;;;;;;;;;;;;;;;;;
T;240_7;;;862-34;;;;ЛОЖЬ;ЛОЖЬ;;240;;;;;;;;100 ms;5;;264;ЛОЖЬ;0;;;;;;;;;;;;;;Undefined;;;Delayed OFF with constant timer value;;;;;;;;;ЛОЖЬ;ИСТИНА;;;;;;;;;;;;;;;;;;;;;;;;
M;C242_1_E;;;862-34;862-34;Function block marker;;ЛОЖЬ;ЛОЖЬ;;242;;;;;;;0;;;;1765;ЛОЖЬ;0;;;;;;;;;;;;;;Undefined;491;3428;;;;;;;;;;ЛОЖЬ;;;;;;;;;;;;;;;;;;;;;;;;;
DI;19-ExtComFaultCC2;;SYS;;;EXT COM FAULT COM CH 2;Yes;ЛОЖЬ;;;16;;;;;;;;;;;7;ЛОЖЬ;0;None;;;;;;;;;;;;;Undefined;491;3428;;;;;;;;;;ЛОЖЬ;;;;ЛОЖЬ;;;;;;;;;;;;;;;;;;;;;
BO;IB931_FGS1_MONTH;;COM;;;MONTH;No;ЛОЖЬ;ЛОЖЬ;;19;;Byte;;;;;0;;;;36;;0;;None;None;None;None;;;;;;;;;-XXXXX.X;;;;;;;;;;;;ЛОЖЬ;ИСТИНА;;;;;;;;;;;;;Output;EPKS_CCB;ESD_931_1;10203;;;;;;;;
BO;93LI266_HH;;COM;930-09;A_93009;HH TRIP SETPOINT (%);No;ЛОЖЬ;ЛОЖЬ;;274;;Float;;;;;0;;;;388;;0;;;;;;;;;0;0;;;;-XXXXX.X;491;3428;;;;;;;;;;ЛОЖЬ;;;;;;;;;;;;;;Output;EPKS_CCB;ESD_931_1;10123;;;;;;;;
M;C272_2_F;;;862-34;862-34;Function block marker;;ЛОЖЬ;ЛОЖЬ;;272;;;;;;;0;;;;801;ЛОЖЬ;0;;;;;;;;;;;;;;Undefined;;;;;;;;;;;;ЛОЖЬ;ИСТИНА;;;;;;;;;;;;;;;;;;;;;;;;
DO;93LALL265_P;;COM;930-09;A_93009;PERM (1) SIG 93XV211;No;ЛОЖЬ;ЛОЖЬ;;300;;;;;;;0;;;;212;ЛОЖЬ;0;None;;;;;;1=PERMISSIVE;;;;;;;Undefined;491;3428;;;;;;;;;;ЛОЖЬ;;;;;;Output;CC_CCB_1;ESD_931_1;69;;;;;;;;;;;;;;;;
M;C306_1_F;;;862-34;862-34;Function block marker;;ЛОЖЬ;ЛОЖЬ;;306;;;;;;;0;;;;706;ЛОЖЬ;0;;;;;;;;;;;;;;Undefined;;;;;;;;;;;;ЛОЖЬ;ИСТИНА;;;;;;;;;;;;;;;;;;;;;;;;
M;C246_3_E;;;862-34;862-34;Function block marker;;ЛОЖЬ;ЛОЖЬ;;246;;;;;;;0;;;;857;ЛОЖЬ;0;;;;;;;;;;;;;;Undefined;;;;;;;;;;;;ЛОЖЬ;ИСТИНА;;;;;;;;;;;;;;;;;;;;;;;;
M;C316_3_F;;;862-34;862-34;Function block marker;;ЛОЖЬ;ЛОЖЬ;;316;;;;;;;0;;;;695;ЛОЖЬ;0;;;;;;;;;;;;;;Undefined;;;;;;;;;;;;ЛОЖЬ;ИСТИНА;;;;;;;;;;;;;;;;;;;;;;;;
M;C246_3_G;;;862-34;862-34;Function block marker;;ЛОЖЬ;ЛОЖЬ;;246;;;;;;;0;;;;859;ЛОЖЬ;0;;;;;;;;;;;;;;Undefined;;;;;;;;;;;;ЛОЖЬ;ИСТИНА;;;;;;;;;;;;;;;;;;;;;;;;
M;296_360_4;;;930-09;;93LALL222_I;;ЛОЖЬ;ЛОЖЬ;;360;;;;;;;0;;;;1538;ЛОЖЬ;0;;;;;;;0=TRIP INITIATOR;;;;;;;Undefined;491;3428;;;;;;;;;;ЛОЖЬ;;;;;;;;;;;;;;;;;;;;;;;;;
T;296_3;;;930-09;A_93009;;;ЛОЖЬ;ЛОЖЬ;;296;;;;;;;;100 ms;5;;360;ЛОЖЬ;0;;;;;;;;;;;;;;Undefined;;;Delayed OFF with constant timer value;;;;;;;;;ЛОЖЬ;ИСТИНА;;;;;;;;;;;;;;;;;;;;;;;;
DO;93XY228B;;MCC;930-09;A_93009;EMERG SHUT CLOS 93XV228;Yes;ИСТИНА;ЛОЖЬ;;288;;;;;;;0;;;;94;ЛОЖЬ;35237;None;;;;;;1=CLOSE;;;;;;;Undefined;491;3428;;19.05;1;7;1;Appl;;;;ЛОЖЬ;;;;;;;;;;;;;;;;;;;;;;;;;
DO;01_19_SNESD_FLT_C;;COM;862-34;;ESD001_1-ESD931_1;No;ЛОЖЬ;ЛОЖЬ;;127;;;;;;;0;;;;249;ИСТИНА;35329;None;;;;;;1=FAULT;;;;;;;Undefined;491;3428;;;;;;;;;;ЛОЖЬ;;;;;;;;;;;;;;Output;EPKS_CCB;ESD_931_1;606;;;;;;;;
T;326_1;;;930-09;;;;ЛОЖЬ;ЛОЖЬ;;326;;;;;;;;100 ms;5;;164;ЛОЖЬ;0;;;;;;;;;;;;;;Undefined;491;3428;Delayed OFF with constant timer value;;;;;;;;;ЛОЖЬ;;;;;;;;;;;;;;;;;;;;;;;;;
DO;93XY203B;;MCC;930-09;A_93009;EMERG SHUT CLOS 93XV203;Yes;ИСТИНА;ЛОЖЬ;;256;;;;;;;0;;;;31;ЛОЖЬ;35238;None;;;;;;1=CLOSE;;;;;;;Undefined;491;3428;;19.04;9;8;1;Appl;;;;ЛОЖЬ;;;;;;;;;;;;;;;;;;;;;;;;;
M;2470_2;;;930-09;;;;ЛОЖЬ;ЛОЖЬ;;2470;;;;;;;0;;;;131;ЛОЖЬ;0;;;;;;;;;;;;;;Undefined;491;3428;;;;;;;;;;ЛОЖЬ;;;;;;;;;;;;;;;;;;;;;;;;;
R;C2456_1;;;;;Compiler register (288, 36);;ЛОЖЬ;ЛОЖЬ;;2456;;Float;;;;;0;;;;532;ЛОЖЬ;0;;;;;;;;;;;;;;Undefined;491;3428;;;;;;;;;;ЛОЖЬ;;;;;;;;;;;;;;;;;;;;;;;;;
M;306_3;;;930-09;;;;ЛОЖЬ;ЛОЖЬ;;306;;;;;;;0;;;;284;ЛОЖЬ;0;;;;;;;;;;;;;;Undefined;491;3428;;;;;;;;;;ЛОЖЬ;;;;;;;;;;;;;;;;;;;;;;;;;
AI;93LI261;;FLD;930-09;A_93009;TOR SHUNT COND B9300901D;Yes;ИСТИНА;ЛОЖЬ;;260;ИСТИНА;Float;4-20mA;0;100;%;;;;;224;ЛОЖЬ;35375;;None;None;None;None;;;;-25;-25;;;;-XXXXX.X;3.64;22;;19.03;17;6;1;Bottom scale;;;;ЛОЖЬ;ИСТИНА;ЛОЖЬ;;;;;;;;;;;;Output;EPKS_CCB;ESD_931_1;10076;;;;;;;;
DO;93XY202B;;MCC;930-09;A_93009;EMERG SHUT CLOS 93XV202;Yes;ИСТИНА;ЛОЖЬ;;256;;;;;;;0;;;;29;ЛОЖЬ;35240;None;;;;;;1=CLOSE;;;;;;;Undefined;491;3428;;19.04;9;6;1;Appl;;;;ЛОЖЬ;;;;;;;;;;;;;;;;;;;;;;;;;
DO;93XY218_C;;COM;862-34;;GATE VALVE IN NITROGEN;No;ЛОЖЬ;ЛОЖЬ;;312;;;;;;;0;;;;417;ИСТИНА;35331;None;;;;;;0=TRIP;;;;;;;Undefined;491;3428;;;;;;;;;;ЛОЖЬ;;;;;;;;;;;;;;Output;EPKS_CCB;ESD_931_1;634;;;;;;;;
BI;19-TempCP1;;SYS;;;Temperature CP 1;Yes;ЛОЖЬ;;;17;;Word;;;;;;;;;8;;0;;;;;;;;;0;0;;;;-XXXXX.X;491;3428;;;;;;;;;;ЛОЖЬ;;;;;;;;;;;;;;;;;;;;;;;;;
M;244_8;;;862-34;;;;ЛОЖЬ;ЛОЖЬ;;244;;;;;;;0;;;;174;ЛОЖЬ;0;;;;;;;;;;;;;;Undefined;;;;;;;;;;;;ЛОЖЬ;ИСТИНА;;;;;;;;;;;;;;;;;;;;;;;;
DO;93TI993_MOC;;COM;930-09;A_93009;MO CONFIRMED;No;ЛОЖЬ;ЛОЖЬ;;350;;;;;;;0;;;;1360;ИСТИНА;35385;None;;;;;;1=CONFIRMED;;;;;;;Undefined;491;3428;;;;;;;;;;ЛОЖЬ;;;;;;;;;;;;;;Output;EPKS_CCB;ESD_931_1;557;;;;;;;;
DO;93TAHH990;;COM;930-09;A_P93009;HERMET SHELL P9300902SX;No;ЛОЖЬ;ЛОЖЬ;;360;;;;;;;0;;;;1354;ИСТИНА;35386;None;;;;;;0=TRIP;;;;;;;Undefined;491;3428;;;;;;;;;;ЛОЖЬ;;;;;;;;;;;;;;Output;EPKS_CCB;ESD_931_1;543;;;;;;;;
M;C129_3;;;862-34;862-34;Compiler marker (288, 222);;ЛОЖЬ;ЛОЖЬ;;129;;;;;;;0;;;;491;ЛОЖЬ;0;;;;;;;;;;;;;;Undefined;491;3428;;;;;;;;;;ЛОЖЬ;;;;;;;;;;;;;;;;;;;;;;;;;
M;2470_L;;;;;Out 5;;ЛОЖЬ;ЛОЖЬ;;2470;;;;;;;0;;;;150;ЛОЖЬ;0;;;;;;;;;;;;;;Undefined;491;3428;;;;;;;;;;ЛОЖЬ;;;;;;;;;;;;;;;;;;;;;;;;;
BI;19-Month;;SYS;;;Month;No;ЛОЖЬ;;;19;;Byte;;;;;;;;;2;;0;;;;;;;;;0;0;;;;-XXXXX.X;491;3428;;;;;;;;;;ЛОЖЬ;;;;;;;;;;;;;;;;;;;;;;;;;
M;2349_1;;;;;;;ЛОЖЬ;ЛОЖЬ;;2349;;;;;;;0;;;;191;ЛОЖЬ;0;;;;;;;;;;;;;;Undefined;491;3428;;;;;;;;;;ЛОЖЬ;;;;;;;;;;;;;;;;;;;;;;;;;
M;240_32_3;;;930-09;;93LT201;;ЛОЖЬ;ЛОЖЬ;;32;;;;;;;0;;;;1445;ЛОЖЬ;0;;;;;;;1=MO CONFIRMED;;;;;;;Undefined;491;3428;;;;;;;;;;ЛОЖЬ;;;;;;;;;;;;;;;;;;;;;;;;;
M;276_288_2;;;862-34;;93LAHH217_I;;ЛОЖЬ;ЛОЖЬ;;288;;;;;;;0;;;;629;ЛОЖЬ;0;;;;;;;0=TRIP INITIATOR;;;;;;;Undefined;;;;;;;;;;;;ЛОЖЬ;ИСТИНА;;;;;;;;;;;;;;;;;;;;;;;;
BO;93PI274_LL;;COM;930-09;A_93009;LL TRIP SETPOINT (Pa);No;ЛОЖЬ;ЛОЖЬ;;440;;Float;;;;;0;;;;524;;0;;;;;;;;;0;0;;;;-XXXXX.X;491;3428;;;;;;;;;;ЛОЖЬ;;;;;;;;;;;;;;Output;EPKS_CCB;ESD_931_1;10128;;;;;;;;
DI;19-TempLL_Alarm;;SYS;;;TEMP LOW-LOW ALARM;Yes;ЛОЖЬ;;;18;;;;;;;1;;;;5;ЛОЖЬ;0;None;;;;;;;;;;;;;Undefined;491;3428;;;;;;;;;;ЛОЖЬ;;;;ЛОЖЬ;;;;;;;;;;;;;;;;;;;;;
M;C2480_1;;;;;Compiler marker (224, 163);;ЛОЖЬ;ЛОЖЬ;;2480;;;;;;;0;;;;1386;ЛОЖЬ;0;;;;;;;;;;;;;;Undefined;491;3428;;;;;;;;;;ЛОЖЬ;;;;;;;;;;;;;;;;;;;;;;;;;
M;350_3;;;930-09;;;;ЛОЖЬ;ЛОЖЬ;;350;;;;;;;0;;;;185;ЛОЖЬ;0;;;;;;;;;;;;;;Undefined;491;3428;;;;;;;;;;ЛОЖЬ;;;;;;;;;;;;;;;;;;;;;;;;;
M;2430_E;;;;;0=TRIP;;ЛОЖЬ;ЛОЖЬ;;2430;;;;;;;0;;;;134;ЛОЖЬ;0;;;;;;;;;;;;;;Undefined;491;3428;;;;;;;;;;ЛОЖЬ;;;;;;;;;;;;;;;;;;;;;;;;;
M;C290_6_F;;;930-09;930-09;Function block marker;;ЛОЖЬ;ЛОЖЬ;;290;;;;;;;0;;;;750;ЛОЖЬ;0;;;;;;;;;;;;;;Undefined;;;;;;;;;;;;ЛОЖЬ;ИСТИНА;;;;;;;;;;;;;;;;;;;;;;;;
DO;93LALL267;;COM;930-09;A_93009;ACIDIC H2O FL9300901 SX;No;ЛОЖЬ;ЛОЖЬ;;294;;;;;;;0;;;;1323;ИСТИНА;35388;None;;;;;;0=TRIP;;;;;;;Undefined;491;3428;;;;;;;;;;ЛОЖЬ;;;;;;;;;;;;;;Output;EPKS_CCB;ESD_931_1;481;;;;;;;;
DO;93LAHH264_CA;;COM;930-09;A_93009;CAUSE ALARM;No;ЛОЖЬ;ЛОЖЬ;;272;;;;;;;0;;;;1231;ЛОЖЬ;35389;None;;;;;;0=ALARM;;;;;;;Undefined;491;3428;;;;;;;;;;ЛОЖЬ;;;;;;;;;;;;;;Output;EPKS_CCB;ESD_931_1;442;;;;;;;;
DO;93LAHH261;;COM;930-09;A_93009;TOR SHUNT COND B9300901D;No;ЛОЖЬ;ЛОЖЬ;;260;;;;;;;0;;;;1290;ИСТИНА;35390;None;;;;;;0=TRIP;;;;;;;Undefined;491;3428;;;;;;;;;;ЛОЖЬ;;;;;;;;;;;;;;Output;EPKS_CCB;ESD_931_1;437;;;;;;;;
M;C292_4_E;;;930-09;930-09;Function block marker;;ЛОЖЬ;ЛОЖЬ;;292;;;;;;;0;;;;737;ЛОЖЬ;0;;;;;;;;;;;;;;Undefined;;;;;;;;;;;;ЛОЖЬ;ИСТИНА;;;;;;;;;;;;;;;;;;;;;;;;
M;C318_1_G;;;862-34;862-34;Function block marker;;ЛОЖЬ;ЛОЖЬ;;318;;;;;;;0;;;;686;ЛОЖЬ;0;;;;;;;;;;;;;;Undefined;;;;;;;;;;;;ЛОЖЬ;ИСТИНА;;;;;;;;;;;;;;;;;;;;;;;;
M;278_288_2;;;862-34;;93LAHH219_I;;ЛОЖЬ;ЛОЖЬ;;288;;;;;;;0;;;;640;ЛОЖЬ;0;;;;;;;0=TRIP INITIATOR;;;;;;;Undefined;;;;;;;;;;;;ЛОЖЬ;ИСТИНА;;;;;;;;;;;;;;;;;;;;;;;;
M;2432_A;;;;;1=MOS/OOS;;ЛОЖЬ;ЛОЖЬ;;2432;;;;;;;0;;;;46;ЛОЖЬ;0;;;;;;;;;;;;;;Undefined;;;;;;;;;;;;ЛОЖЬ;ИСТИНА;;;;;;;;;;;;;;;;;;;;;;;;
DI;93TI996_MOR;;COM;930-09;A_93009;MO REQUEST;No;ЛОЖЬ;ИСТИНА;;330;;;;;;;0;;;;1806;ЛОЖЬ;0;None;;;;;;1=REQUEST;;;;;;;Undefined;491;3428;;;;;;Freeze;;;;ЛОЖЬ;;;;ЛОЖЬ;;;;;;;;;;Input;EPKS_CCB;ESD_931_1;31;;;;;;;;
M;370_3;;;930-09;;;;ЛОЖЬ;ЛОЖЬ;;370;;;;;;;0;;;;182;ЛОЖЬ;0;;;;;;;;;;;;;;Undefined;491;3428;;;;;;;;;;ЛОЖЬ;;;;;;;;;;;;;;;;;;;;;;;;;
M;296_302_3;;;930-09;;93LAHH222_I;;ЛОЖЬ;ЛОЖЬ;;302;;;;;;;0;;;;1488;ЛОЖЬ;0;;;;;;;0=TRIP INITIATOR;;;;;;;Undefined;491;3428;;;;;;;;;;ЛОЖЬ;;;;;;;;;;;;;;;;;;;;;;;;;
M;278_279_3;;;;;93LT219;;ЛОЖЬ;ЛОЖЬ;;279;;;;;;;0;;;;641;ЛОЖЬ;0;;;;;;;1=MO CONFIRMED;;;;;;;Undefined;;;;;;;;;;;;ЛОЖЬ;ИСТИНА;;;;;;;;;;;;;;;;;;;;;;;;
M;2348_1;;;;;;;ЛОЖЬ;ЛОЖЬ;;2348;;;;;;;0;;;;1221;ЛОЖЬ;0;;;;;;;;;;;;;;Undefined;491;3428;;;;;;;;;;ЛОЖЬ;;;;;;;;;;;;;;;;;;;;;;;;;
DO;93PAHH352;;COM;930-09;A_93009;HYDR SHUNT FL9300901AX;No;ЛОЖЬ;ЛОЖЬ;;306;;;;;;;0;;;;1330;ИСТИНА;35392;None;;;;;;0=TRIP;;;;;;;Undefined;491;3428;;;;;;;;;;ЛОЖЬ;;;;;;;;;;;;;;Output;EPKS_CCB;ESD_931_1;519;;;;;;;;
M;C328_2;;;862-34;862-34;Compiler marker (232, 229);;ЛОЖЬ;ЛОЖЬ;;328;;;;;;;0;;;;56;ЛОЖЬ;0;;;;;;;;;;;;;;Undefined;;;;;;;;;;;;ЛОЖЬ;ИСТИНА;;;;;;;;;;;;;;;;;;;;;;;;
M;C262_2_G;;;930-09;930-09;Function block marker;;ЛОЖЬ;ЛОЖЬ;;262;;;;;;;0;;;;816;ЛОЖЬ;0;;;;;;;;;;;;;;Undefined;;;;;;;;;;;;ЛОЖЬ;ИСТИНА;;;;;;;;;;;;;;;;;;;;;;;;
DI;19-ClockSrcFault2;;SYS;;;CLOCK SOURCE 2 FAULT;Yes;ЛОЖЬ;;;0;;;;;;;;;;;15;ЛОЖЬ;0;None;;;;;;;;;;;;;Undefined;491;3428;;;;;;;;;;ЛОЖЬ;;;;ЛОЖЬ;;;;;;;;;;;;;;;;;;;;;
M;380_8;;;930-09;A_93009;;;ЛОЖЬ;ЛОЖЬ;;380;;;;;;;0;;;;507;ЛОЖЬ;0;;;;;;;;;;;;;;Undefined;;;;;;;;;;;;ЛОЖЬ;ИСТИНА;;;;;;;;;;;;;;;;;;;;;;;;
DI;19-ForceEnable;;SYS;;;FORCE ENABLE;Yes;ЛОЖЬ;;;17;;;;;;;;;;;1;ЛОЖЬ;0;None;;;;;;;;;;;;;Undefined;491;3428;;;;;;;;;;ЛОЖЬ;;;;ЛОЖЬ;;;;;;;;;;;;;;;;;;;;;
DI;01_19_SNESD_FLT;;FSC;930-09;S_B93_1;ESD_001_1-ESD_931_1;No;ЛОЖЬ;ЛОЖЬ;;127;;;;;;;0;;;;288;ЛОЖЬ;0;None;;;;;;0=FAULT;;;;;;;Undefined;491;3428;;;;;;Low;;;;ЛОЖЬ;;;;ЛОЖЬ;;;;;;;;;;;;;;Input;ESD_001_1;ESD_931_1;0;;;;
DO;93LI267A_TF;;COM;862-34;;TRANSM. FAIL;No;ЛОЖЬ;ЛОЖЬ;;294;;;;;;;0;;;;673;ИСТИНА;35490;None;;;;;;0=ALARM;0=ALARM;;;;;;Undefined;;;;;;;;;;;;ЛОЖЬ;ИСТИНА;;;;;;;;;;;;;Output;EPKS_CCB;ESD_931_1;731;;;;;;;;
T;302_2;;;862-34;;;;ЛОЖЬ;ЛОЖЬ;;302;;;;;;;;100 ms;20;;232;ЛОЖЬ;0;;;;;;;;;;;;;;Undefined;491;3428;Pulse retriggerable with constant timer value;;;;;;;;;ЛОЖЬ;;;;;;;;;;;;;;;;;;;;;;;;;
M;C294_1;;;862-34;;Compiler marker (208, 102);;ЛОЖЬ;ЛОЖЬ;;294;;;;;;;0;;;;679;ЛОЖЬ;0;;;;;;;;;;;;;;Undefined;;;;;;;;;;;;ЛОЖЬ;ИСТИНА;;;;;;;;;;;;;;;;;;;;;;;;
R;278_279_5;;;;;HH TRIP SETPOINT;;ЛОЖЬ;ЛОЖЬ;;279;;Float;;;;;0;;;;240;ЛОЖЬ;0;;;;;;;;;;;;;;Undefined;;;;;;;;;;;;ЛОЖЬ;ИСТИНА;;;;;;;;;;;;;;;;;;;;;;;;
M;C279_1_E;;;;;Function block marker;;ЛОЖЬ;ЛОЖЬ;;279;;;;;;;0;;;;757;ЛОЖЬ;0;;;;;;;;;;;;;;Undefined;;;;;;;;;;;;ЛОЖЬ;ИСТИНА;;;;;;;;;;;;;;;;;;;;;;;;
DI;93LI219_MOR;;COM;930-09;;MO REQUEST;No;ЛОЖЬ;ИСТИНА;;278;;;;;;;0;;;;1787;ЛОЖЬ;0;None;;;;;;1=REQUEST;;;;;;;Undefined;491;3428;;;;;;Freeze;;;;ЛОЖЬ;;;;ЛОЖЬ;;;;;;;;;;Input;EPKS_CCB;ESD_931_1;12;;;;;;;;
DO;93TI990_MOC;;COM;930-09;A_93009;MO CONFIRMED;No;ЛОЖЬ;ЛОЖЬ;;360;;;;;;;0;;;;1356;ИСТИНА;35395;None;;;;;;1=CONFIRMED;;;;;;;Undefined;491;3428;;;;;;;;;;ЛОЖЬ;;;;;;;;;;;;;;Output;EPKS_CCB;ESD_931_1;555;;;;;;;;
DO;93XY237_C;;COM;862-34;;EMERG SHUT CLOS 93XV237;No;ЛОЖЬ;ЛОЖЬ;;430;;;;;;;0;;;;447;ИСТИНА;35350;None;;;;;;0=TRIP;;;;;;;Undefined;491;3428;;;;;;;;;;ЛОЖЬ;;;;;;;;;;;;;;Output;EPKS_CCB;ESD_931_1;658;;;;;;;;
M;252_256_2;;;930-09;;DRAIN TO B;;ЛОЖЬ;ЛОЖЬ;;256;;;;;;;0;;;;1394;ЛОЖЬ;0;;;;;;;;;;;;;;Undefined;491;3428;;;;;;;;;;ЛОЖЬ;;;;;;;;;;;;;;;;;;;;;;;;;
M;C370_3_F;;;930-09;930-09;Function block marker;;ЛОЖЬ;ЛОЖЬ;;370;;;;;;;0;;;;681;ЛОЖЬ;0;;;;;;;;;;;;;;Undefined;;;;;;;;;;;;ЛОЖЬ;ИСТИНА;;;;;;;;;;;;;;;;;;;;;;;;
BO;IB931_ESD1_YEAR;;COM;;;YEAR;No;ЛОЖЬ;ЛОЖЬ;;19;;Word;;;;;0;;;;34;;0;;None;None;None;None;;;;;;;;;-XXXXX.X;;;;;;;;;;;;ЛОЖЬ;ИСТИНА;;;;;;;;;;;;;Output;EPKS_CCB;ESD_931_1;10202;;;;;;;;
M;C244_4_F;;;862-34;862-34;Function block marker;;ЛОЖЬ;ЛОЖЬ;;244;;;;;;;0;;;;865;ЛОЖЬ;0;;;;;;;;;;;;;;Undefined;;;;;;;;;;;;ЛОЖЬ;ИСТИНА;;;;;;;;;;;;;;;;;;;;;;;;
AI;93LI216;;FLD;;;CONDR SHUNT V9300902A;Yes;ИСТИНА;ЛОЖЬ;;277;ИСТИНА;Float;4-20mA;0;100;%;;;;;148;ЛОЖЬ;35378;;None;None;None;None;;;;;;;;;-XXXXX.X;3.64;22;;19.03;9;4;1;Bottom scale;;;;ЛОЖЬ;ИСТИНА;ЛОЖЬ;;;;;;;;;;;;Output;EPKS_CCB;ESD_931_1;10145;;;;;;;;
R;C2495_2;;;;;Compiler register (336, 36);;ЛОЖЬ;ЛОЖЬ;;2495;;Float;;;;;0;;;;456;ЛОЖЬ;0;;;;;;;;;;;;;;Undefined;491;3428;;;;;;;;;;ЛОЖЬ;;;;;;;;;;;;;;;;;;;;;;;;;
DO;93PI352_TF;;COM;930-09;A_93009;TRANSM. FAIL;No;ЛОЖЬ;ЛОЖЬ;;306;;;;;;;0;;;;1329;ИСТИНА;35396;None;;;;;;0=ALARM;;;;;;;Undefined;491;3428;;;;;;;;;;ЛОЖЬ;;;;;;;;;;;;;;Output;EPKS_CCB;ESD_931_1;532;;;;;;;;
DO;93XY211A;;MCC;930-09;A_93009;EMERG SHUT OPEN 93XV211;Yes;ИСТИНА;ЛОЖЬ;;298;;;;;;;0;;;;56;ЛОЖЬ;35241;None;;;;;;1=OPEN;;;;;;;Undefined;491;3428;;19.04;13;1;1;Appl;;;;ЛОЖЬ;;;;;;;;;;;;;;;;;;;;;;;;;
DO;93LALL261;;COM;930-09;A_93009;TOR SHUNT COND B9300901D;No;ЛОЖЬ;ЛОЖЬ;;260;;;;;;;0;;;;1307;ИСТИНА;35397;None;;;;;;0=TRIP;;;;;;;Undefined;491;3428;;;;;;;;;;ЛОЖЬ;;;;;;;;;;;;;;Output;EPKS_CCB;ESD_931_1;471;;;;;;;;
DO;93LI217_TF;;COM;930-09;A_93009;TRANSM. FAIL;No;ЛОЖЬ;ЛОЖЬ;;276;;;;;;;0;;;;1269;ИСТИНА;35398;None;;;;;;0=ALARM;;;;;;;Undefined;491;3428;;;;;;;;;;ЛОЖЬ;;;;;;;;;;;;;;Output;EPKS_CCB;ESD_931_1;496;;;;;;;;
M;2470_6;;;;;;;ЛОЖЬ;ЛОЖЬ;;2470;;;;;;;0;;;;132;ЛОЖЬ;0;;;;;;;;;;;;;;Undefined;491;3428;;;;;;;;;;ЛОЖЬ;;;;;;;;;;;;;;;;;;;;;;;;;
DI;93XSC224;;MCC;930-09;A_93009;SHUTTER 93XV224- OFF;Yes;ИСТИНА;ЛОЖЬ;;410;;;;;;;;;;;30;ЛОЖЬ;35242;None;;;;;;1=CLOSE;;;;;;;Undefined;491;3428;;19.03;3;7;1;Low;;;;ЛОЖЬ;;;;ЛОЖЬ;;;;;;;;;;Output;EPKS_CCB;ESD_931_1;598;;;;;;;;
M;2490_D;;;;;0=Trip;;ЛОЖЬ;ЛОЖЬ;;2490;;;;;;;0;;;;159;ЛОЖЬ;0;;;;;;;;;;;;;;Undefined;491;3428;;;;;;;;;;ЛОЖЬ;;;;;;;;;;;;;;;;;;;;;;;;;
DO;93TAHH999;;COM;930-09;A_P93009;HERMET SHELL P9300901AX;No;ЛОЖЬ;ЛОЖЬ;;326;;;;;;;0;;;;1366;ИСТИНА;35399;None;;;;;;0=TRIP;;;;;;;Undefined;491;3428;;;;;;;;;;ЛОЖЬ;;;;;;;;;;;;;;Output;EPKS_CCB;ESD_931_1;549;;;;;;;;
M;38_0_1;;;862-34;;;;ЛОЖЬ;ЛОЖЬ;;38;;;;;;;0;;;;62;ЛОЖЬ;0;;;;;;;;;;;;;;Undefined;;;;;;;;;;;;ЛОЖЬ;ИСТИНА;;;;;;;;;;;;;;;;;;;;;;;;
DO;93XSC247_P;;COM;930-09;A_93009;DCS MOV PI[1] 93XV246;No;ЛОЖЬ;ЛОЖЬ;;266;;;;;;;0;;;;233;ЛОЖЬ;0;None;;;;;;1=PERMISSIVE;;;;;;;Undefined;491;3428;;;;;;;;;;ЛОЖЬ;;;;;;Output;CC_CCB_1;ESD_931_1;48;;;;;;;;;;;;;;;;
DO;93LALL217;;COM;930-09;A_93009;CONDR SHUNT V9300902A;No;ЛОЖЬ;ЛОЖЬ;;276;;;;;;;0;;;;1315;ИСТИНА;35401;None;;;;;;0=TRIP;;;;;;;Undefined;491;3428;;;;;;;;;;ЛОЖЬ;;;;;;;;;;;;;;Output;EPKS_CCB;ESD_931_1;461;;;;;;;;
M;C274_4_G;;;862-34;862-34;Function block marker;;ЛОЖЬ;ЛОЖЬ;;274;;;;;;;0;;;;791;ЛОЖЬ;0;;;;;;;;;;;;;;Undefined;;;;;;;;;;;;ЛОЖЬ;ИСТИНА;;;;;;;;;;;;;;;;;;;;;;;;
M;C276_3_E;;;930-09;930-09;Function block marker;;ЛОЖЬ;ЛОЖЬ;;276;;;;;;;0;;;;783;ЛОЖЬ;0;;;;;;;;;;;;;;Undefined;;;;;;;;;;;;ЛОЖЬ;ИСТИНА;;;;;;;;;;;;;;;;;;;;;;;;
DO;93XSF206_P;;COM;930-09;A_93009;DCS MOV;No;ЛОЖЬ;ЛОЖЬ;;450;;;;;;;0;;;;123;ЛОЖЬ;0;None;;;;;;--;;;;;;;Undefined;491;3428;;;;;;;;;;ЛОЖЬ;;;;;;Output;CC_CCB_1;ESD_931_1;34;;;;;;;;;;;;;;;;
DO;93LALL266_P;;COM;930-09;A_93009;PERM (1) SIG 93XV212;No;ЛОЖЬ;ЛОЖЬ;;286;;;;;;;0;;;;213;ЛОЖЬ;0;None;;;;;;1=PERMISSIVE;;;;;;;Undefined;491;3428;;;;;;;;;;ЛОЖЬ;;;;;;Output;CC_CCB_1;ESD_931_1;71;;;;;;;;;;;;;;;;
M;278_1;;;930-09;;;;ЛОЖЬ;ЛОЖЬ;;278;;;;;;;0;;;;651;ЛОЖЬ;0;;;;;;;;;;;;;;Undefined;;;;;;;;;;;;ЛОЖЬ;ИСТИНА;;;;;;;;;;;;;;;;;;;;;;;;
BO;93LI263_LL;;COM;930-09;A_93009;LL TRIP SETPOINT (%);No;ЛОЖЬ;ЛОЖЬ;;262;;Float;;;;;0;;;;368;;0;;;;;;;;;0;0;;;;-XXXXX.X;491;3428;;;;;;;;;;ЛОЖЬ;;;;;;;;;;;;;;Output;EPKS_CCB;ESD_931_1;10118;;;;;;;;
DO;93LALL205;;COM;862-34;;CONDR SHUNT V9300901A;No;ЛОЖЬ;ЛОЖЬ;;246;;;;;;;0;;;;1303;ИСТИНА;35404;None;;;;;;0=TRIP;;;;;;;Undefined;491;3428;;;;;;;;;;ЛОЖЬ;;;;;;;;;;;;;;Output;EPKS_CCB;ESD_931_1;453;;;;;;;;
DI;93XSF206;;MCC;930-09;A_93009;SHUT 93XV206COUPLING;Yes;ИСТИНА;ЛОЖЬ;;450;;;;;;;;;;;25;ИСТИНА;35243;None;;;;;;;;;;;;;Undefined;491;3428;;19.03;3;2;1;Low;;;;ЛОЖЬ;;;;ЛОЖЬ;;;;;;;;;;Output;EPKS_CCB;ESD_931_1;593;;;;;;;;
DO;93XY208;;MCC;930-09;A_93009;EMERG SHUT CLOS 93XV208;Yes;ИСТИНА;ЛОЖЬ;;390;;;;;;;0;;;;44;ЛОЖЬ;35244;None;;;;;;1=CLOSE;;;;;;;Undefined;491;3428;;19.04;11;5;1;Appl;;;;ЛОЖЬ;;;;;;;;;;;;;;;;;;;;;;;;;
M;C2490_1;;;;;Compiler marker (176, 139);;ЛОЖЬ;ЛОЖЬ;;2490;;;;;;;0;;;;252;ЛОЖЬ;0;;;;;;;;;;;;;;Undefined;491;3428;;;;;;;;;;ЛОЖЬ;;;;;;;;;;;;;;;;;;;;;;;;;
M;C316_4_C;;;862-34;862-34;Function block marker;;ЛОЖЬ;ЛОЖЬ;;316;;;;;;;0;;;;697;ЛОЖЬ;0;;;;;;;;;;;;;;Undefined;;;;;;;;;;;;ЛОЖЬ;ИСТИНА;;;;;;;;;;;;;;;;;;;;;;;;
M;C274_6_E;;;862-34;862-34;Function block marker;;ЛОЖЬ;ЛОЖЬ;;274;;;;;;;0;;;;794;ЛОЖЬ;0;;;;;;;;;;;;;;Undefined;;;;;;;;;;;;ЛОЖЬ;ИСТИНА;;;;;;;;;;;;;;;;;;;;;;;;
M;318_3;;;930-09;;;;ЛОЖЬ;ЛОЖЬ;;318;;;;;;;0;;;;280;ЛОЖЬ;0;;;;;;;;;;;;;;Undefined;491;3428;;;;;;;;;;ЛОЖЬ;;;;;;;;;;;;;;;;;;;;;;;;;
M;302_298_1;;;930-09;;DRAINAGE;;ЛОЖЬ;ЛОЖЬ;;298;;;;;;;0;;;;1490;ЛОЖЬ;0;;;;;;;;;;;;;;Undefined;491;3428;;;;;;;;;;ЛОЖЬ;;;;;;;;;;;;;;;;;;;;;;;;;
AI;93LI267A;;FLD;862-34;;ACIDIC H2O FL9300901 SX;Yes;ИСТИНА;ЛОЖЬ;;294;ИСТИНА;Float;4-20mA;0;100;%;;;;;256;ЛОЖЬ;35374;;None;None;None;None;;;;;;;;;-XXXXX.X;3.64;22;;19.03;17;14;1;Bottom scale;;;;ЛОЖЬ;ИСТИНА;ЛОЖЬ;;;;;;;;;;;;Output;EPKS_CCB;ESD_931_1;10155;;;;;;;;
T;302_1;;;862-34;;;;ЛОЖЬ;ЛОЖЬ;;302;;;;;;;;1 s;30;;20;ЛОЖЬ;0;;;;;;;;;;;;;;Undefined;;;Delayed OFF with constant timer value;;;;;;;;;ЛОЖЬ;ИСТИНА;;;;;;;;;;;;;;;;;;;;;;;;
DO;IB931_ESD1_CS;;COM;;;CLOCK SOURCE FLT;No;ЛОЖЬ;ЛОЖЬ;;19;;;;;;;0;;;;181;ЛОЖЬ;0;None;;;;;;0=FAULT;0=FAULT;;;;;;Undefined;;;;;;;;;;;;ЛОЖЬ;ИСТИНА;;;;;;;;;;;;;Output;EPKS_CCB;ESD_931_1;803;;;;;;;;
M;292_34_2;;;930-09;;93LT265;;ЛОЖЬ;ЛОЖЬ;;34;;;;;;;0;;;;1463;ЛОЖЬ;0;;;;;;;1=MO CONFIRMED;;;;;;;Undefined;491;3428;;;;;;;;;;ЛОЖЬ;;;;;;;;;;;;;;;;;;;;;;;;;
M;248_4;;;862-34;;;;ЛОЖЬ;ЛОЖЬ;;248;;;;;;;0;;;;626;ЛОЖЬ;0;;;;;;;;;;;;;;Undefined;;;;;;;;;;;;ЛОЖЬ;ИСТИНА;;;;;;;;;;;;;;;;;;;;;;;;
DO;93LAHH216_CA;;COM;;;CAUSE ALARM;No;ЛОЖЬ;ЛОЖЬ;;277;;;;;;;0;;;;85;ЛОЖЬ;0;None;;;;;;0=TRIP;0=TRIP;;;;;;Undefined;;;;;;;;;;;;ЛОЖЬ;ИСТИНА;;;;;;;;;;;;;Output;EPKS_CCB;ESD_931_1;713;;;;;;;;
M;290_300_4;;;930-09;;93LALL215_I;;ЛОЖЬ;ЛОЖЬ;;300;;;;;;;0;;;;1484;ЛОЖЬ;0;;;;;;;0=TRIP INITIATOR;;;;;;;Undefined;491;3428;;;;;;;;;;ЛОЖЬ;;;;;;;;;;;;;;;;;;;;;;;;;
M;32_38_1;;;930-09;;MOS_LAMP_930_09;;ЛОЖЬ;ЛОЖЬ;;38;;;;;;;0;;;;1402;ЛОЖЬ;0;;;;;;;1=MOS ACTIVE;;;;;;;Undefined;491;3428;;;;;;;;;;ЛОЖЬ;;;;;;;;;;;;;;;;;;;;;;;;;
M;C2470_4;;;;;Compiler marker (176, 246);;ЛОЖЬ;ЛОЖЬ;;2470;;;;;;;0;;;;1606;ЛОЖЬ;0;;;;;;;;;;;;;;Undefined;491;3428;;;;;;;;;;ЛОЖЬ;;;;;;;;;;;;;;;;;;;;;;;;;
M;C244_1_G;;;862-34;862-34;Function block marker;;ЛОЖЬ;ЛОЖЬ;;244;;;;;;;0;;;;589;ЛОЖЬ;0;;;;;;;;;;;;;;Undefined;;;;;;;;;;;;ЛОЖЬ;ИСТИНА;;;;;;;;;;;;;;;;;;;;;;;;
R;248_249_5;;;;;HH TRIP LIMIT;;ЛОЖЬ;ЛОЖЬ;;249;;Float;;;;;0;;;;74;ЛОЖЬ;0;;;;;;;;;;;;;;Undefined;;;;;;;;;;;;ЛОЖЬ;ИСТИНА;;;;;;;;;;;;;;;;;;;;;;;;
M;C260_4_F;;;930-09;930-09;Function block marker;;ЛОЖЬ;ЛОЖЬ;;260;;;;;;;0;;;;827;ЛОЖЬ;0;;;;;;;;;;;;;;Undefined;;;;;;;;;;;;ЛОЖЬ;ИСТИНА;;;;;;;;;;;;;;;;;;;;;;;;
M;248_249_3;;;;;93LT207;;ЛОЖЬ;ЛОЖЬ;;249;;;;;;;0;;;;631;ЛОЖЬ;0;;;;;;;1=MO CONFIRMED;;;;;;;Undefined;;;;;;;;;;;;ЛОЖЬ;ИСТИНА;;;;;;;;;;;;;;;;;;;;;;;;
DO;93XY219_C;;COM;862-34;;GATE VALVE IN NITROGEN;No;ЛОЖЬ;ЛОЖЬ;;322;;;;;;;0;;;;420;ИСТИНА;35357;None;;;;;;0=TRIP;;;;;;;Undefined;491;3428;;;;;;;;;;ЛОЖЬ;;;;;;;;;;;;;;Output;EPKS_CCB;ESD_931_1;635;;;;;;;;
AI;VM 19.03/11/17;;SYS;;;;Yes;ЛОЖЬ;;;0;ИСТИНА;Float;0-5V (VM);0;100;;;;;;64;ЛОЖЬ;0;;None;None;None;None;;;;;;;;;-XXXXX.X;2.5;3.9;;19.03;11;17;1;Scan;;;;ЛОЖЬ;;;;;;;;;;;;;;;;;;;;;;;;;
AI;93LI201;;FLD;930-09;A_93009;CONDR SHUNT B9300901A;Yes;ИСТИНА;ЛОЖЬ;;240;ИСТИНА;Float;4-20mA;0;100;%;;;;;8;ЛОЖЬ;35405;;None;None;None;None;;;;-25;-25;;;;-XXXXX.X;3.64;22;;19.03;11;3;1;Bottom scale;;;;ЛОЖЬ;;ЛОЖЬ;;;;;;;;;;;;Output;EPKS_CCB;ESD_931_1;10065;;;;;;;;
M;326_3;;;930-09;;;;ЛОЖЬ;ЛОЖЬ;;326;;;;;;;0;;;;278;ЛОЖЬ;0;;;;;;;;;;;;;;Undefined;491;3428;;;;;;;;;;ЛОЖЬ;;;;;;;;;;;;;;;;;;;;;;;;;
DO;93XY244B_C;;COM;862-34;;EMERG SHUT CLOS 93XV244;No;ЛОЖЬ;ЛОЖЬ;;264;;;;;;;0;;;;263;ИСТИНА;35387;None;;;;;;0=TRIP;;;;;;;Undefined;491;3428;;;;;;;;;;ЛОЖЬ;;;;;;;;;;;;;;Output;EPKS_CCB;ESD_931_1;666;;;;;;;;
DO;93XY296A;;MCC;930-09;A_P93009;AUTO ST P9300905AX;Yes;ИСТИНА;ЛОЖЬ;;382;;;;;;;0;;;;155;ЛОЖЬ;35246;None;;;;;;1=START;;;;;;;Undefined;491;3428;;19.05;9;4;1;Appl;;;;ЛОЖЬ;;;;;;;;;;;;;;;;;;;;;;;;;
T;2440_1;;;930-09;;;;ЛОЖЬ;ЛОЖЬ;;2440;;;;;;;;100 ms;10;;12;ЛОЖЬ;0;;;;;;;;;;;;;;Undefined;491;3428;Delayed OFF with constant timer value;;;;;;;;;ЛОЖЬ;;;;;;;;;;;;;;;;;;;;;;;;;
M;C370_2_B;;;930-09;930-09;Function block marker;;ЛОЖЬ;ЛОЖЬ;;370;;;;;;;0;;;;1636;ЛОЖЬ;0;;;;;;;;;;;;;;Undefined;491;3428;;;;;;;;;;ЛОЖЬ;;;;;;;;;;;;;;;;;;;;;;;;;
M;240_9;;;862-34;;;;ЛОЖЬ;ЛОЖЬ;;240;;;;;;;0;;;;143;ЛОЖЬ;0;;;;;;;;;;;;;;Undefined;;;;;;;;;;;;ЛОЖЬ;ИСТИНА;;;;;;;;;;;;;;;;;;;;;;;;
DO;93LALL264A_CA;;COM;862-34;;CAUSE ALARM;No;ЛОЖЬ;ЛОЖЬ;;272;;;;;;;0;;;;665;ЛОЖЬ;0;None;;;;;;0=ALARM;0=ALARM;;;;;;Undefined;;;;;;;;;;;;ЛОЖЬ;ИСТИНА;;;;;;;;;;;;;Output;EPKS_CCB;ESD_931_1;698;;;;;;;;
M;C242_1_G;;;862-34;862-34;Function block marker;;ЛОЖЬ;ЛОЖЬ;;242;;;;;;;0;;;;596;ЛОЖЬ;0;;;;;;;;;;;;;;Undefined;;;;;;;;;;;;ЛОЖЬ;ИСТИНА;;;;;;;;;;;;;;;;;;;;;;;;
M;129_2349_1;;;930-09;;MOS_EN AREA 930-10;;ЛОЖЬ;ЛОЖЬ;;2349;;;;;;;0;;;;1225;ЛОЖЬ;0;;;;;;;1=ENABLED;;;;;;;Undefined;491;3428;;;;;;;;;;ЛОЖЬ;;;;;;;;;;;;;;;;;;;;;;;;;
M;C290_2_F;;;930-09;930-09;Function block marker;;ЛОЖЬ;ЛОЖЬ;;290;;;;;;;0;;;;754;ЛОЖЬ;0;;;;;;;;;;;;;;Undefined;;;;;;;;;;;;ЛОЖЬ;ИСТИНА;;;;;;;;;;;;;;;;;;;;;;;;
M;C294_2_G;;;862-34;862-34;Function block marker;;ЛОЖЬ;ЛОЖЬ;;294;;;;;;;0;;;;722;ЛОЖЬ;0;;;;;;;;;;;;;;Undefined;;;;;;;;;;;;ЛОЖЬ;ИСТИНА;;;;;;;;;;;;;;;;;;;;;;;;
DO;93LI203_TF;;COM;930-09;A_93009;TRANSM. FAIL;No;ЛОЖЬ;ЛОЖЬ;;242;;;;;;;0;;;;1249;ИСТИНА;35406;None;;;;;;0=ALARM;;;;;;;Undefined;491;3428;;;;;;;;;;ЛОЖЬ;;;;;;;;;;;;;;Output;EPKS_CCB;ESD_931_1;486;;;;;;;;
DO;93XAC206_C;;COM;862-34;;;No;ЛОЖЬ;ЛОЖЬ;;390;;;;;;;0;;;;37;ЛОЖЬ;0;None;;;;;;1=OVERRIDE;;;;;;;Undefined;;;;;;;;;;;;ЛОЖЬ;ИСТИНА;;;;;;;;;;;;;Output;EPKS_CCB;ESD_931_1;573;;;;;;;;
M;C440_2_G;;;862-34;862-34;Function block marker;;ЛОЖЬ;ЛОЖЬ;;440;;;;;;;0;;;;889;ЛОЖЬ;0;;;;;;;;;;;;;;Undefined;;;;;;;;;;;;ЛОЖЬ;ИСТИНА;;;;;;;;;;;;;;;;;;;;;;;;
DO;93XY220B_C;;COM;862-34;;EMERG SHUT CLOS 93XV220;No;ЛОЖЬ;ЛОЖЬ;;258;;;;;;;0;;;;258;ИСТИНА;35393;None;;;;;;0=TRIP;;;;;;;Undefined;491;3428;;;;;;;;;;ЛОЖЬ;;;;;;;;;;;;;;Output;EPKS_CCB;ESD_931_1;637;;;;;;;;
T;249_3;;;;;;;ЛОЖЬ;ЛОЖЬ;;249;;;;;;;;100 ms;5;;160;ЛОЖЬ;0;;;;;;;;;;;;;;Undefined;;;Delayed OFF with constant timer value;;;;;;;;;ЛОЖЬ;ИСТИНА;;;;;;;;;;;;;;;;;;;;;;;;
DO;93XSF224_P;;COM;930-09;A_93009;DCS MOV;No;ЛОЖЬ;ЛОЖЬ;;450;;;;;;;0;;;;135;ЛОЖЬ;0;None;;;;;;--;;;;;;;Undefined;491;3428;;;;;;;;;;ЛОЖЬ;;;;;;Output;CC_CCB_1;ESD_931_1;40;;;;;;;;;;;;;;;;
M;C290_5_E;;;930-09;930-09;Function block marker;;ЛОЖЬ;ЛОЖЬ;;290;;;;;;;0;;;;541;ЛОЖЬ;0;;;;;;;;;;;;;;Undefined;;;;;;;;;;;;ЛОЖЬ;ИСТИНА;;;;;;;;;;;;;;;;;;;;;;;;
M;C292_1_G;;;930-09;930-09;Function block marker;;ЛОЖЬ;ЛОЖЬ;;292;;;;;;;0;;;;743;ЛОЖЬ;0;;;;;;;;;;;;;;Undefined;;;;;;;;;;;;ЛОЖЬ;ИСТИНА;;;;;;;;;;;;;;;;;;;;;;;;
T;276_5;;;930-09;A_93009;;;ЛОЖЬ;ЛОЖЬ;;276;;;;;;;;100 ms;5;;476;ЛОЖЬ;0;;;;;;;;;;;;;;Undefined;;;Delayed OFF with constant timer value;;;;;;;;;ЛОЖЬ;ИСТИНА;;;;;;;;;;;;;;;;;;;;;;;;
M;284_288_2;;;930-09;;DRAIN TO B;;ЛОЖЬ;ЛОЖЬ;;288;;;;;;;0;;;;1431;ЛОЖЬ;0;;;;;;;;;;;;;;Undefined;491;3428;;;;;;;;;;ЛОЖЬ;;;;;;;;;;;;;;;;;;;;;;;;;
T;2432_1;;;;;;;ЛОЖЬ;ЛОЖЬ;;2432;;;;;;;;100 ms;5;;148;ЛОЖЬ;0;;;;;;;;;;;;;;Undefined;;;Delayed OFF with constant timer value;;;;;;;;;ЛОЖЬ;ИСТИНА;;;;;;;;;;;;;;;;;;;;;;;;
AI;93TI990;;FLD;930-09;A_P93009;HERMET SHELL P9300902SX;Yes;ИСТИНА;ЛОЖЬ;;360;ИСТИНА;Float;4-20mA;-50;120;°C;;;;;100;ЛОЖЬ;35409;;None;None;None;None;;;;-92.5;-92.5;;;;-XXXXX.X;3.76;21;;19.03;13;9;1;Bottom scale;;;;ЛОЖЬ;;ЛОЖЬ;;;;;;;;;;;;Output;EPKS_CCB;ESD_931_1;10090;;;;;;;;
M;248_5;;;862-34;;;;ЛОЖЬ;ЛОЖЬ;;248;;;;;;;0;;;;627;ЛОЖЬ;0;;;;;;;;;;;;;;Undefined;;;;;;;;;;;;ЛОЖЬ;ИСТИНА;;;;;;;;;;;;;;;;;;;;;;;;
DI;93XSF235;;MCC;930-09;A_93009;SHUT 93XV235COUPLING;Yes;ИСТИНА;ЛОЖЬ;;450;;;;;;;;;;;44;ИСТИНА;35248;None;;;;;;;;;;;;;Undefined;491;3428;;19.03;5;5;1;Low;;;;ЛОЖЬ;;;;ЛОЖЬ;;;;;;;;;;Output;EPKS_CCB;ESD_931_1;605;;;;;;;;
AI;93LI204;;FLD;;;CONDR SHUNT V9300901A;Yes;ИСТИНА;ЛОЖЬ;;247;ИСТИНА;Float;4-20mA;0;100;%;;;;;140;ЛОЖЬ;35369;;None;None;None;None;;;;;;;;;-XXXXX.X;3.64;22;;19.03;9;2;1;Bottom scale;;;;ЛОЖЬ;ИСТИНА;ЛОЖЬ;;;;;;;;;;;;Output;EPKS_CCB;ESD_931_1;10141;;;;;;;;
DO;93LI260_TF;;COM;930-09;A_93009;TRANSM. FAIL;No;ЛОЖЬ;ЛОЖЬ;;260;;;;;;;0;;;;649;ИСТИНА;35487;None;;;;;;0=ALARM;0=ALARM;;;;;;Undefined;;;;;;;;;;;;ЛОЖЬ;ИСТИНА;;;;;;;;;;;;;Output;EPKS_CCB;ESD_931_1;586;;;;;;;;
AI;93PI355A;;FLD;862-34;;ACD TOR SHNT FL9300901SX;Yes;ИСТИНА;ЛОЖЬ;;318;ИСТИНА;Float;4-20mA;-50;160;KPa-g;;;;;240;ЛОЖЬ;35367;;None;None;None;None;;;;;;;;;-XXXXX.X;3.64;22;;19.03;17;10;1;Top scale;;;;ЛОЖЬ;ИСТИНА;ЛОЖЬ;;;;;;;;;;;;Output;EPKS_CCB;ESD_931_1;10159;;;;;;;;
M;318_36_2;;;930-09;;93PT355;;ЛОЖЬ;ЛОЖЬ;;36;;;;;;;0;;;;1560;ЛОЖЬ;0;;;;;;;1=MO CONFIRMED;;;;;;;Undefined;491;3428;;;;;;;;;;ЛОЖЬ;;;;;;;;;;;;;;;;;;;;;;;;;
R;C2456_4;;;;;Compiler register (256, 114);;ЛОЖЬ;ЛОЖЬ;;2456;;Float;;;;;0;;;;544;ЛОЖЬ;0;;;;;;;;;;;;;;Undefined;491;3428;;;;;;;;;;ЛОЖЬ;;;;;;;;;;;;;;;;;;;;;;;;;
T;306_1;;;862-34;;;;ЛОЖЬ;ЛОЖЬ;;306;;;;;;;;100 ms;5;;596;ЛОЖЬ;0;;;;;;;;;;;;;;Undefined;;;Delayed OFF with constant timer value;;;;;;;;;ЛОЖЬ;ИСТИНА;;;;;;;;;;;;;;;;;;;;;;;;
T;440_2;;;862-34;;;;ЛОЖЬ;ЛОЖЬ;;440;;;;;;;;100 ms;5;;108;ЛОЖЬ;0;;;;;;;;;;;;;;Undefined;;;Delayed OFF with constant timer value;;;;;;;;;ЛОЖЬ;ИСТИНА;;;;;;;;;;;;;;;;;;;;;;;;
DI;93LI224_MOR;;COM;930-09;A_93009;MO REQUEST;No;ЛОЖЬ;ИСТИНА;;370;;;;;;;0;;;;1789;ЛОЖЬ;0;None;;;;;;1=REQUEST;;;;;;;Undefined;491;3428;;;;;;Freeze;;;;ЛОЖЬ;;;;ЛОЖЬ;;;;;;;;;;Input;EPKS_CCB;ESD_931_1;14;;;;;;;;
T;328_4;;;862-34;;;;ЛОЖЬ;ЛОЖЬ;;328;;;;;;;;100 ms;20;;224;ЛОЖЬ;0;;;;;;;;;;;;;;Undefined;;;Pulse retriggerable with constant timer value;;;;;;;;;ЛОЖЬ;ИСТИНА;;;;;;;;;;;;;;;;;;;;;;;;
BO;93LI217_LL;;COM;930-09;A_93009;LL TRIP SETPOINY (%);No;ЛОЖЬ;ЛОЖЬ;;276;;Float;;;;;0;;;;408;;0;;;;;;;;;0;0;;;;-XXXXX.X;491;3428;;;;;;;;;;ЛОЖЬ;;;;;;;;;;;;;;Output;EPKS_CCB;ESD_931_1;10107;;;;;;;;
DO;93XY212A_C;;COM;862-34;;EMERG SHUT OPEN 93XV212;No;ЛОЖЬ;ЛОЖЬ;;284;;;;;;;0;;;;270;ИСТИНА;35400;None;;;;;;0=TRIP;;;;;;;Undefined;491;3428;;;;;;;;;;ЛОЖЬ;;;;;;;;;;;;;;Output;EPKS_CCB;ESD_931_1;628;;;;;;;;
M;292_1;;;930-09;;;;ЛОЖЬ;ЛОЖЬ;;292;;;;;;;0;;;;1471;ЛОЖЬ;0;;;;;;;;;;;;;;Undefined;491;3428;;;;;;;;;;ЛОЖЬ;;;;;;;;;;;;;;;;;;;;;;;;;
M;C306_4_D;;;862-34;862-34;Function block marker;;ЛОЖЬ;ЛОЖЬ;;306;;;;;;;0;;;;712;ЛОЖЬ;0;;;;;;;;;;;;;;Undefined;;;;;;;;;;;;ЛОЖЬ;ИСТИНА;;;;;;;;;;;;;;;;;;;;;;;;
M;C276_3_G;;;930-09;930-09;Function block marker;;ЛОЖЬ;ЛОЖЬ;;276;;;;;;;0;;;;785;ЛОЖЬ;0;;;;;;;;;;;;;;Undefined;;;;;;;;;;;;ЛОЖЬ;ИСТИНА;;;;;;;;;;;;;;;;;;;;;;;;
DO;93XY210B;;MCC;930-09;A_93009;EMERG SHUT CLOS 93XV210;Yes;ИСТИНА;ЛОЖЬ;;286;;;;;;;0;;;;47;ЛОЖЬ;35249;None;;;;;;1=CLOSE;;;;;;;Undefined;491;3428;;19.04;11;8;1;Appl;;;;ЛОЖЬ;;;;;;;;;;;;;;;;;;;;;;;;;
DO;93LAHH261_P;;COM;930-09;A_93009;PERM (0) 93XV244 93XV245;No;ЛОЖЬ;ЛОЖЬ;;264;;;;;;;0;;;;232;ЛОЖЬ;0;None;;;;;;0=PERMISSIVE;;;;;;;Undefined;491;3428;;;;;;;;;;ЛОЖЬ;;;;;;Output;CC_CCB_1;ESD_931_1;65;;;;;;;;;;;;;;;;
M;2430_D;;;;;0=Cause alarm;;ЛОЖЬ;ЛОЖЬ;;2430;;;;;;;0;;;;119;ЛОЖЬ;0;;;;;;;;;;;;;;Undefined;491;3428;;;;;;;;;;ЛОЖЬ;;;;;;;;;;;;;;;;;;;;;;;;;
M;C240_2_G;;;862-34;862-34;Function block marker;;ЛОЖЬ;ЛОЖЬ;;240;;;;;;;0;;;;878;ЛОЖЬ;0;;;;;;;;;;;;;;Undefined;;;;;;;;;;;;ЛОЖЬ;ИСТИНА;;;;;;;;;;;;;;;;;;;;;;;;
M;2440_C;;;;;0=Pre-alarm 1oo2;;ЛОЖЬ;ЛОЖЬ;;2440;;;;;;;0;;;;166;ЛОЖЬ;0;;;;;;;;;;;;;;Undefined;491;3428;;;;;;;;;;ЛОЖЬ;;;;;;;;;;;;;;;;;;;;;;;;;
DO;93XY235_C;;COM;862-34;;EMERG SHUT CLOS 93XV235;No;ЛОЖЬ;ЛОЖЬ;;430;;;;;;;0;;;;480;ИСТИНА;35407;None;;;;;;0=TRIP;;;;;;;Undefined;491;3428;;;;;;;;;;ЛОЖЬ;;;;;;;;;;;;;;Output;EPKS_CCB;ESD_931_1;655;;;;;;;;
M;C284_5;;;862-34;;Compiler marker (240, 66);;ЛОЖЬ;ЛОЖЬ;;284;;;;;;;0;;;;193;ЛОЖЬ;0;;;;;;;;;;;;;;Undefined;;;;;;;;;;;;ЛОЖЬ;ИСТИНА;;;;;;;;;;;;;;;;;;;;;;;;
M;2420_A;;;;;Loop AND;;ЛОЖЬ;ЛОЖЬ;;2420;;;;;;;0;;;;112;ЛОЖЬ;0;;;;;;;;;;;;;;Undefined;491;3428;;;;;;;;;;ЛОЖЬ;;;;;;;;;;;;;;;;;;;;;;;;;
M;360_1;;;930-09;;;;ЛОЖЬ;ЛОЖЬ;;360;;;;;;;0;;;;1543;ЛОЖЬ;0;;;;;;;;;;;;;;Undefined;491;3428;;;;;;;;;;ЛОЖЬ;;;;;;;;;;;;;;;;;;;;;;;;;
M;292_298_3;;;930-09;;93LAHH265_I;;ЛОЖЬ;ЛОЖЬ;;298;;;;;;;0;;;;1479;ЛОЖЬ;0;;;;;;;0=TRIP INITIATOR;;;;;;;Undefined;491;3428;;;;;;;;;;ЛОЖЬ;;;;;;;;;;;;;;;;;;;;;;;;;
DO;93XAC225_C;;COM;862-34;;;No;ЛОЖЬ;ЛОЖЬ;;420;;;;;;;0;;;;41;ЛОЖЬ;0;None;;;;;;1=OVERRIDE;;;;;;;Undefined;;;;;;;;;;;;ЛОЖЬ;ИСТИНА;;;;;;;;;;;;;Output;EPKS_CCB;ESD_931_1;571;;;;;;;;
T;308_3;;;862-34;;;;ЛОЖЬ;ЛОЖЬ;;308;;;;;;;;100 ms;5;;612;ЛОЖЬ;0;;;;;;;;;;;;;;Undefined;;;Delayed OFF with constant timer value;;;;;;;;;ЛОЖЬ;ИСТИНА;;;;;;;;;;;;;;;;;;;;;;;;
M;C249_1_E;;;931_10;931_10;Function block marker;;ЛОЖЬ;ЛОЖЬ;;249;;;;;;;0;;;;831;ЛОЖЬ;0;;;;;;;;;;;;;;Undefined;;;;;;;;;;;;ЛОЖЬ;ИСТИНА;;;;;;;;;;;;;;;;;;;;;;;;
DO;93LALL230_CA;;COM;930-09;A_93009;CAUSE ALARM;No;ЛОЖЬ;ЛОЖЬ;;380;;;;;;;0;;;;93;ЛОЖЬ;0;None;;;;;;0=TRIP;0=TRIP;;;;;;Undefined;;;;;;;;;;;;ЛОЖЬ;ИСТИНА;;;;;;;;;;;;;Output;EPKS_CCB;ESD_931_1;721;;;;;;;;
DO;93LI212_MOC;;COM;930-09;A_93009;MO CONFIRMED;No;ЛОЖЬ;ЛОЖЬ;;244;;;;;;;0;;;;1264;ИСТИНА;35411;None;;;;;;1=CONFIRMED;;;;;;;Undefined;491;3428;;;;;;;;;;ЛОЖЬ;;;;;;;;;;;;;;Output;EPKS_CCB;ESD_931_1;491;;;;;;;;
DO;93LAHH200_CA;;COM;862-34;;CAUSE ALARM;No;ЛОЖЬ;ЛОЖЬ;;240;;;;;;;0;;;;73;ЛОЖЬ;0;None;;;;;;0=TRIP;0=TRIP;;;;;;Undefined;;;;;;;;;;;;ЛОЖЬ;ИСТИНА;;;;;;;;;;;;;Output;EPKS_CCB;ESD_931_1;701;;;;;;;;
DI;19-ExtComFaultCC4;;SYS;;;EXT COM FAULT COM CH 4;Yes;ЛОЖЬ;;;16;;;;;;;;;;;9;ЛОЖЬ;0;None;;;;;;;;;;;;;Undefined;491;3428;;;;;;;;;;ЛОЖЬ;;;;ЛОЖЬ;;;;;;;;;;;;;;;;;;;;;
AI;93PI354A;;FLD;930-09;;HYDR SHUNT FL9300901SX;Yes;ИСТИНА;ЛОЖЬ;;316;ИСТИНА;Float;4-20mA;-50;100;KPa-g;;;;;28;ЛОЖЬ;35359;;None;None;None;None;;;;;;;;;-XXXXX.X;3.64;22;;19.03;11;8;1;Top scale;;;;ЛОЖЬ;ИСТИНА;ЛОЖЬ;;;;;;;;;;;;Output;EPKS_CCB;ESD_931_1;10158;;;;;;;;
BO;93LI203_HH;;COM;930-09;A_93009;HH TRIP SETPOINT (%);No;ЛОЖЬ;ЛОЖЬ;;242;;Float;;;;;0;;;;308;;0;;;;;;;;;0;0;;;;-XXXXX.X;491;3428;;;;;;;;;;ЛОЖЬ;;;;;;;;;;;;;;Output;EPKS_CCB;ESD_931_1;10096;;;;;;;;
M;C242_5_F;;;862-34;862-34;Function block marker;;ЛОЖЬ;ЛОЖЬ;;242;;;;;;;0;;;;598;ЛОЖЬ;0;;;;;;;;;;;;;;Undefined;;;;;;;;;;;;ЛОЖЬ;ИСТИНА;;;;;;;;;;;;;;;;;;;;;;;;
R;276_282_1;;;862-34;;93LI217;;ЛОЖЬ;ЛОЖЬ;;282;;Float;;;;;0;;;;62;ЛОЖЬ;0;;;;;;;;;;;;;;Undefined;;;;;;;;;;;;ЛОЖЬ;ИСТИНА;;;;;;;;;;;;;;;;;;;;;;;;
DO;93LAHH264A_CA;;COM;862-34;;CAUSE ALARM;No;ЛОЖЬ;ЛОЖЬ;;272;;;;;;;0;;;;663;ЛОЖЬ;0;None;;;;;;0=ALARM;0=ALARM;;;;;;Undefined;;;;;;;;;;;;ЛОЖЬ;ИСТИНА;;;;;;;;;;;;;Output;EPKS_CCB;ESD_931_1;696;;;;;;;;
DI;93TI999_MOR;;COM;930-09;A_93009;MO REQUEST;No;ЛОЖЬ;ИСТИНА;;326;;;;;;;0;;;;1807;ЛОЖЬ;0;None;;;;;;1=REQUEST;;;;;;;Undefined;491;3428;;;;;;Freeze;;;;ЛОЖЬ;;;;ЛОЖЬ;;;;;;;;;;Input;EPKS_CCB;ESD_931_1;32;;;;;;;;
DO;93LAHH205_CA;;COM;862-34;;CAUSE ALARM;No;ЛОЖЬ;ЛОЖЬ;;246;;;;;;;0;;;;1255;ЛОЖЬ;35413;None;;;;;;0=ALARM;;;;;;;Undefined;491;3428;;;;;;;;;;ЛОЖЬ;;;;;;;;;;;;;;Output;EPKS_CCB;ESD_931_1;422;;;;;;;;
M;2470_E;;;;;Signal 4;;ЛОЖЬ;ЛОЖЬ;;2470;;;;;;;0;;;;173;ЛОЖЬ;0;;;;;;;;;;;;;;Undefined;491;3428;;;;;;;;;;ЛОЖЬ;;;;;;;;;;;;;;;;;;;;;;;;;
T;370_2;;;862-34;;;;ЛОЖЬ;ЛОЖЬ;;370;;;;;;;;100 ms;5;;400;ЛОЖЬ;0;;;;;;;;;;;;;;Undefined;;;Delayed OFF with constant timer value;;;;;;;;;ЛОЖЬ;ИСТИНА;;;;;;;;;;;;;;;;;;;;;;;;
R;2495_A;;;;;NUMERATOR;;ЛОЖЬ;ЛОЖЬ;;2495;;Float;;;;;0;;;;136;ЛОЖЬ;0;;;;;;;;;;;;;;Undefined;491;3428;;;;;;;;;;ЛОЖЬ;;;;;;;;;;;;;;;;;;;;;;;;;
DO;93PAHH352_CA;;COM;930-09;A_93009;CAUSE ALARM;No;ЛОЖЬ;ЛОЖЬ;;306;;;;;;;0;;;;1331;ЛОЖЬ;35414;None;;;;;;0=ALARM;;;;;;;Undefined;491;3428;;;;;;;;;;ЛОЖЬ;;;;;;;;;;;;;;Output;EPKS_CCB;ESD_931_1;520;;;;;;;;
M;246_4;;;862-34;;;;ЛОЖЬ;ЛОЖЬ;;246;;;;;;;0;;;;615;ЛОЖЬ;0;;;;;;;;;;;;;;Undefined;;;;;;;;;;;;ЛОЖЬ;ИСТИНА;;;;;;;;;;;;;;;;;;;;;;;;
DO;93XAC207_C;;COM;862-34;;;No;ЛОЖЬ;ЛОЖЬ;;400;;;;;;;0;;;;38;ЛОЖЬ;0;None;;;;;;1=OVERRIDE;;;;;;;Undefined;;;;;;;;;;;;ЛОЖЬ;ИСТИНА;;;;;;;;;;;;;Output;EPKS_CCB;ESD_931_1;563;;;;;;;;
DI;19-OutputCompare;;SYS;;;OUTPUT COMPARE FAULT;Yes;ЛОЖЬ;;;17;;;;;;;;;;;35;ЛОЖЬ;0;None;;;;;;;;;;;;;Undefined;491;3428;;;;;;;;;;ЛОЖЬ;;;;ЛОЖЬ;;;;;;;;;;;;;;;;;;;;;
AI;VM 19.03/13/17;;SYS;;;;Yes;ЛОЖЬ;;;0;ИСТИНА;Float;0-5V (VM);0;100;;;;;;132;ЛОЖЬ;0;;None;None;None;None;;;;;;;;;-XXXXX.X;2.5;3.9;;19.03;13;17;1;Scan;;;;ЛОЖЬ;;;;;;;;;;;;;;;;;;;;;;;;;
DO;93XSC235_P;;COM;930-09;A_93009;DCS MOV PI[1] 93XV234;No;ЛОЖЬ;ЛОЖЬ;;430;;;;;;;0;;;;226;ЛОЖЬ;0;None;;;;;;1=PERMISSIVE;;;;;;;Undefined;491;3428;;;;;;;;;;ЛОЖЬ;;;;;;Output;CC_CCB_1;ESD_931_1;45;;;;;;;;;;;;;;;;
T;127_1;;;862-34;;;;ЛОЖЬ;ЛОЖЬ;;127;;;;;;;;1 s;30;;8;ЛОЖЬ;0;;;;;;;;;;;;;;Undefined;491;3428;Delayed OFF with constant timer value;;;;;;;;;ЛОЖЬ;;;;;;;;;;;;;;;;;;;;;;;;;
DI;19-CP_Fault;;SYS;;;CONTROL PROCESSOR FAULT;Yes;ЛОЖЬ;;;16;;;;;;;;;;;19;ЛОЖЬ;0;None;;;;;;;;;;;;;Undefined;491;3428;;;;;;;;;;ЛОЖЬ;;;;ЛОЖЬ;;;;;;;;;;Output;EPKS_CCB;ESD_931_1;800;;;;;;;;
DO;93TI996_TF;;COM;930-09;A_93009;TRANSM. FAIL;No;ЛОЖЬ;ЛОЖЬ;;330;;;;;;;0;;;;1361;ИСТИНА;35417;None;;;;;;0=ALARM;;;;;;;Undefined;491;3428;;;;;;;;;;ЛОЖЬ;;;;;;;;;;;;;;Output;EPKS_CCB;ESD_931_1;560;;;;;;;;
M;C2480_2;;;;;Compiler marker (320, 162);;ЛОЖЬ;ЛОЖЬ;;2480;;;;;;;0;;;;1380;ЛОЖЬ;0;;;;;;;;;;;;;;Undefined;491;3428;;;;;;;;;;ЛОЖЬ;;;;;;;;;;;;;;;;;;;;;;;;;
DO;93XSO235_P;;COM;930-09;A_93009;DCS MOV;No;ЛОЖЬ;ЛОЖЬ;;450;;;;;;;0;;;;239;ЛОЖЬ;0;None;;;;;;--;;;;;;;Undefined;491;3428;;;;;;;;;;ЛОЖЬ;;;;;;Output;CC_CCB_1;ESD_931_1;47;;;;;;;;;;;;;;;;
T;2410_1;;;930-09;;;;ЛОЖЬ;ЛОЖЬ;;2410;;;;;;;;1 s;0;;0;ЛОЖЬ;0;;;;;;;;;;;;;;Undefined;491;3428;Delayed OFF with variable timer value;;;;;;;;;ЛОЖЬ;;;;;;;;;;;;;;;;;;;;;;;;;
M;308_3;;;930-09;;;;ЛОЖЬ;ЛОЖЬ;;308;;;;;;;0;;;;283;ЛОЖЬ;0;;;;;;;;;;;;;;Undefined;491;3428;;;;;;;;;;ЛОЖЬ;;;;;;;;;;;;;;;;;;;;;;;;;
M;2480_B;;;;;1=LAMP TEST;;ЛОЖЬ;ЛОЖЬ;;2480;;;;;;;0;;;;155;ЛОЖЬ;0;;;;;;;;;;;;;;Undefined;491;3428;;;;;;;;;;ЛОЖЬ;;;;;;;;;;;;;;;;;;;;;;;;;
R;276_277_5;;;;;HH TRIP SETPOINT;;ЛОЖЬ;ЛОЖЬ;;277;;Float;;;;;0;;;;90;ЛОЖЬ;0;;;;;;;;;;;;;;Undefined;;;;;;;;;;;;ЛОЖЬ;ИСТИНА;;;;;;;;;;;;;;;;;;;;;;;;
M;C248_1_B;;;862-34;862-34;Function block marker;;ЛОЖЬ;ЛОЖЬ;;248;;;;;;;0;;;;837;ЛОЖЬ;0;;;;;;;;;;;;;;Undefined;;;;;;;;;;;;ЛОЖЬ;ИСТИНА;;;;;;;;;;;;;;;;;;;;;;;;
DO;93LALL260_CA;;COM;930-09;A_93009;CAUSE ALARM;No;ЛОЖЬ;ЛОЖЬ;;260;;;;;;;0;;;;95;ЛОЖЬ;0;None;;;;;;0=TRIP;0=TRIP;;;;;;Undefined;;;;;;;;;;;;ЛОЖЬ;ИСТИНА;;;;;;;;;;;;;Output;EPKS_CCB;ESD_931_1;723;;;;;;;;
DO;93XY230;;MCC;930-09;A_93009;EMERG SHUT CLOS 93XV230;Yes;ИСТИНА;ЛОЖЬ;;328;;;;;;;0;;;;104;ЛОЖЬ;35250;None;;;;;;1=CLOSE;;;;;;;Undefined;491;3428;;19.05;3;1;1;Appl;;;;ЛОЖЬ;;;;;;;;;;;;;;;;;;;;;;;;;
M;C262_5_G;;;930-09;930-09;Function block marker;;ЛОЖЬ;ЛОЖЬ;;262;;;;;;;0;;;;564;ЛОЖЬ;0;;;;;;;;;;;;;;Undefined;;;;;;;;;;;;ЛОЖЬ;ИСТИНА;;;;;;;;;;;;;;;;;;;;;;;;
R;2432_C;;;;;Signal 1;;ЛОЖЬ;ЛОЖЬ;;2432;;Float;;;;;0;;;;16;ЛОЖЬ;0;;;;;;;;;;;;;;Undefined;;;;;;;;;;;;ЛОЖЬ;ИСТИНА;;;;;;;;;;;;;;;;;;;;;;;;
M;C240_5_F;;;862-34;862-34;Function block marker;;ЛОЖЬ;ЛОЖЬ;;240;;;;;;;0;;;;607;ЛОЖЬ;0;;;;;;;;;;;;;;Undefined;;;;;;;;;;;;ЛОЖЬ;ИСТИНА;;;;;;;;;;;;;;;;;;;;;;;;
M;C262_1;;;930-09;A_93009;Compiler marker (208, 96);;ЛОЖЬ;ЛОЖЬ;;262;;;;;;;0;;;;720;ЛОЖЬ;0;;;;;;;;;;;;;;Undefined;;;;;;;;;;;;ЛОЖЬ;ИСТИНА;;;;;;;;;;;;;;;;;;;;;;;;
DO;19-FaultReset;;SYS;;;FAULT RESET;No;ЛОЖЬ;;;17;;;;;;;;;;;36;ЛОЖЬ;0;None;;;;;;;;;;;;;Undefined;491;3428;;;;;;;;;;ЛОЖЬ;;;;;;;;;;;;;;;;;;;;;;;;;
M;C380_2_E;;;930-09;930-09;Function block marker;;ЛОЖЬ;ЛОЖЬ;;380;;;;;;;0;;;;1633;ЛОЖЬ;0;;;;;;;;;;;;;;Undefined;491;3428;;;;;;;;;;ЛОЖЬ;;;;;;;;;;;;;;;;;;;;;;;;;
DO;93LALL264_P;;COM;930-09;A_93009;PERM (1) SIG 93XV210;No;ЛОЖЬ;ЛОЖЬ;;286;;;;;;;0;;;;211;ЛОЖЬ;0;None;;;;;;1=PERMISSIVE;;;;;;;Undefined;491;3428;;;;;;;;;;ЛОЖЬ;;;;;;Output;CC_CCB_1;ESD_931_1;67;;;;;;;;;;;;;;;;
T;316_4;;;862-34;;;;ЛОЖЬ;ЛОЖЬ;;316;;;;;;;;100 ms;10;;628;ЛОЖЬ;0;;;;;;;;;;;;;;Undefined;;;Delayed OFF with constant timer value;;;;;;;;;ЛОЖЬ;ИСТИНА;;;;;;;;;;;;;;;;;;;;;;;;
DO;93PI352_MOC;;COM;930-09;A_93009;MO CONFIRMED;No;ЛОЖЬ;ЛОЖЬ;;306;;;;;;;0;;;;1332;ИСТИНА;35423;None;;;;;;1=CONFIRMED;;;;;;;Undefined;491;3428;;;;;;;;;;ЛОЖЬ;;;;;;;;;;;;;;Output;EPKS_CCB;ESD_931_1;531;;;;;;;;
T;252_3;;;862-34;;;;ЛОЖЬ;ЛОЖЬ;;252;;;;;;;;100 ms;30;;68;ЛОЖЬ;0;;;;;;;;;;;;;;Undefined;;;Delayed OFF with constant timer value;;;;;;;;;ЛОЖЬ;ИСТИНА;;;;;;;;;;;;;;;;;;;;;;;;
DI;93PI274_MOR;;COM;930-09;A_93009;MO REQUEST;No;ЛОЖЬ;ИСТИНА;;440;;;;;;;0;;;;1797;ЛОЖЬ;0;None;;;;;;1=REQUEST;;;;;;;Undefined;491;3428;;;;;;Freeze;;;;ЛОЖЬ;;;;ЛОЖЬ;;;;;;;;;;Input;EPKS_CCB;ESD_931_1;22;;;;;;;;
R;276_277_6;;;;;LL TRIP SETPOINT;;ЛОЖЬ;ЛОЖЬ;;277;;Float;;;;;0;;;;50;ЛОЖЬ;0;;;;;;;;;;;;;;Undefined;;;;;;;;;;;;ЛОЖЬ;ИСТИНА;;;;;;;;;;;;;;;;;;;;;;;;
DO;93LI265_TF;;COM;930-09;A_93009;TRANSM. FAIL;No;ЛОЖЬ;ЛОЖЬ;;292;;;;;;;0;;;;1233;ИСТИНА;35425;None;;;;;;0=ALARM;;;;;;;Undefined;491;3428;;;;;;;;;;ЛОЖЬ;;;;;;;;;;;;;;Output;EPKS_CCB;ESD_931_1;512;;;;;;;;
M;2440_D;;;;;0=Trip Initiator;;ЛОЖЬ;ЛОЖЬ;;2440;;;;;;;0;;;;167;ЛОЖЬ;0;;;;;;;;;;;;;;Undefined;491;3428;;;;;;;;;;ЛОЖЬ;;;;;;;;;;;;;;;;;;;;;;;;;
M;2450_B;;;;;Signal 2;;ЛОЖЬ;ЛОЖЬ;;2450;;;;;;;0;;;;117;ЛОЖЬ;0;;;;;;;;;;;;;;Undefined;491;3428;;;;;;;;;;ЛОЖЬ;;;;;;;;;;;;;;;;;;;;;;;;;
M;2348_3;;;;;;;ЛОЖЬ;ЛОЖЬ;;2348;;;;;;;0;;;;275;ЛОЖЬ;0;;;;;;;;;;;;;;Undefined;491;3428;;;;;;;;;;ЛОЖЬ;;;;;;;;;;;;;;;;;;;;;;;;;
DO;93LI224_MOC;;COM;930-09;A_93009;MO CONFIRMED;No;ЛОЖЬ;ЛОЖЬ;;370;;;;;;;0;;;;1284;ИСТИНА;35426;None;;;;;;1=CONFIRMED;;;;;;;Undefined;491;3428;;;;;;;;;;ЛОЖЬ;;;;;;;;;;;;;;Output;EPKS_CCB;ESD_931_1;501;;;;;;;;
DO;93LAHH201_CA;;COM;930-09;A_93009;CAUSE ALARM;No;ЛОЖЬ;ЛОЖЬ;;240;;;;;;;0;;;;1247;ЛОЖЬ;35427;None;;;;;;0=ALARM;;;;;;;Undefined;491;3428;;;;;;;;;;ЛОЖЬ;;;;;;;;;;;;;;Output;EPKS_CCB;ESD_931_1;418;;;;;;;;
M;C260_2_G;;;930-09;930-09;Function block marker;;ЛОЖЬ;ЛОЖЬ;;260;;;;;;;0;;;;824;ЛОЖЬ;0;;;;;;;;;;;;;;Undefined;;;;;;;;;;;;ЛОЖЬ;ИСТИНА;;;;;;;;;;;;;;;;;;;;;;;;
DO;93TAHH996;;COM;930-09;A_P93009;HERMET SHELL P9300901SX;No;ЛОЖЬ;ЛОЖЬ;;330;;;;;;;0;;;;1362;ИСТИНА;35428;None;;;;;;0=TRIP;;;;;;;Undefined;491;3428;;;;;;;;;;ЛОЖЬ;;;;;;;;;;;;;;Output;EPKS_CCB;ESD_931_1;547;;;;;;;;
AI;93LI230;;FLD;930-09;A_93009;LOW PRS COND F9300905AX;Yes;ИСТИНА;ЛОЖЬ;;380;ИСТИНА;Float;4-20mA;0;100;%;;;;;124;ЛОЖЬ;35342;;None;None;None;None;;;;;;;;;-XXXXX.X;3.64;22;;19.03;13;15;1;Bottom scale;;;;ЛОЖЬ;ИСТИНА;ЛОЖЬ;;;;;;;;;;;;Output;EPKS_CCB;ESD_931_1;10149;;;;;;;;
DO;93PI354_TF;;COM;930-09;A_93009;TRANSM. FAIL;No;ЛОЖЬ;ЛОЖЬ;;316;;;;;;;0;;;;1337;ИСТИНА;35429;None;;;;;;0=ALARM;;;;;;;Undefined;491;3428;;;;;;;;;;ЛОЖЬ;;;;;;;;;;;;;;Output;EPKS_CCB;ESD_931_1;536;;;;;;;;
DO;93TI999_TF;;COM;930-09;A_93009;TRANSM. FAIL;No;ЛОЖЬ;ЛОЖЬ;;326;;;;;;;0;;;;1365;ИСТИНА;35430;None;;;;;;0=ALARM;;;;;;;Undefined;491;3428;;;;;;;;;;ЛОЖЬ;;;;;;;;;;;;;;Output;EPKS_CCB;ESD_931_1;562;;;;;;;;
M;278_3;;;930-09;;;;ЛОЖЬ;ЛОЖЬ;;278;;;;;;;0;;;;653;ЛОЖЬ;0;;;;;;;;;;;;;;Undefined;;;;;;;;;;;;ЛОЖЬ;ИСТИНА;;;;;;;;;;;;;;;;;;;;;;;;
M;2432_F;;;;;0=TRANSM. FAIL;;ЛОЖЬ;ЛОЖЬ;;2432;;;;;;;0;;;;45;ЛОЖЬ;0;;;;;;;;;;;;;;Undefined;;;;;;;;;;;;ЛОЖЬ;ИСТИНА;;;;;;;;;;;;;;;;;;;;;;;;
M;330_1;;;930-09;;;;ЛОЖЬ;ЛОЖЬ;;330;;;;;;;0;;;;1535;ЛОЖЬ;0;;;;;;;;;;;;;;Undefined;491;3428;;;;;;;;;;ЛОЖЬ;;;;;;;;;;;;;;;;;;;;;;;;;
DO;93HS708_MOD;;COM;930-10;A_93010;ESD MOS EN AREA 930-10;No;ЛОЖЬ;ЛОЖЬ;;129;;;;;;;0;;;;274;ЛОЖЬ;0;None;;;;;;1=NOT ENABLE;;;;;;;Undefined;491;3428;;;;;;;;;;ЛОЖЬ;;;;;;;;;;;;;;Output;EPKS_CCB;ESD_931_1;685;;;;;;;;
M;C318_3_E;;;862-34;862-34;Function block marker;;ЛОЖЬ;ЛОЖЬ;;318;;;;;;;0;;;;687;ЛОЖЬ;0;;;;;;;;;;;;;;Undefined;;;;;;;;;;;;ЛОЖЬ;ИСТИНА;;;;;;;;;;;;;;;;;;;;;;;;
DO;93XY212B;;MCC;930-09;A_93009;EMERG SHUT CLOS 93XV212;Yes;ИСТИНА;ЛОЖЬ;;286;;;;;;;0;;;;59;ЛОЖЬ;35251;None;;;;;;1=CLOSE;;;;;;;Undefined;491;3428;;19.04;13;4;1;Appl;;;;ЛОЖЬ;;;;;;;;;;;;;;;;;;;;;;;;;
BI;19-Minute;;SYS;;;Minute;No;ЛОЖЬ;;;19;;Byte;;;;;;;;;6;;0;;;;;;;;;0;0;;;;-XXXXX.X;491;3428;;;;;;;;;;ЛОЖЬ;;;;;;;;;;;;;;;;;;;;;;;;;
M;C296_4_G;;;930-09;930-09;Function block marker;;ЛОЖЬ;ЛОЖЬ;;296;;;;;;;0;;;;718;ЛОЖЬ;0;;;;;;;;;;;;;;Undefined;;;;;;;;;;;;ЛОЖЬ;ИСТИНА;;;;;;;;;;;;;;;;;;;;;;;;
DO;93LAHH267;;COM;930-09;A_93009;ACIDIC H2O FL9300901 SX;No;ЛОЖЬ;ЛОЖЬ;;294;;;;;;;0;;;;1242;ИСТИНА;35431;None;;;;;;0=TRIP;;;;;;;Undefined;491;3428;;;;;;;;;;ЛОЖЬ;;;;;;;;;;;;;;Output;EPKS_CCB;ESD_931_1;447;;;;;;;;
BO;93LI263_HH;;COM;930-09;A_93009;HH TRIP SETPOINT (%);No;ЛОЖЬ;ЛОЖЬ;;262;;Float;;;;;0;;;;364;;0;;;;;;;;;0;0;;;;-XXXXX.X;491;3428;;;;;;;;;;ЛОЖЬ;;;;;;;;;;;;;;Output;EPKS_CCB;ESD_931_1;10117;;;;;;;;
M;C316_1_E;;;862-34;862-34;Function block marker;;ЛОЖЬ;ЛОЖЬ;;316;;;;;;;0;;;;1666;ЛОЖЬ;0;;;;;;;;;;;;;;Undefined;491;3428;;;;;;;;;;ЛОЖЬ;;;;;;;;;;;;;;;;;;;;;;;;;
T;292_6;;;930-09;A_93009;;;ЛОЖЬ;ЛОЖЬ;;292;;;;;;;;100 ms;5;;688;ЛОЖЬ;0;;;;;;;;;;;;;;Undefined;;;Delayed OFF with constant timer value;;;;;;;;;ЛОЖЬ;ИСТИНА;;;;;;;;;;;;;;;;;;;;;;;;
DO;IB931_ESD1_T;;COM;862-34;;TEMPERATURE ALARM;No;ЛОЖЬ;ЛОЖЬ;;18;;;;;;;0;;;;170;ЛОЖЬ;0;None;;;;;;;State High;;;;;;Undefined;;;;;;;;;;;;ЛОЖЬ;ИСТИНА;;;;;;;;;;;;;Output;EPKS_CCB;ESD_931_1;801;;;;;;;;
M;C246_1;;;862-34;;Compiler marker (264, 150);;ЛОЖЬ;ЛОЖЬ;;246;;;;;;;0;;;;733;ЛОЖЬ;0;;;;;;;;;;;;;;Undefined;;;;;;;;;;;;ЛОЖЬ;ИСТИНА;;;;;;;;;;;;;;;;;;;;;;;;
M;380_38_1;;;930-09;;93LT231;;ЛОЖЬ;ЛОЖЬ;;38;;;;;;;0;;;;1549;ЛОЖЬ;0;;;;;;;1=MO CONFIRMED;;;;;;;Undefined;491;3428;;;;;;;;;;ЛОЖЬ;;;;;;;;;;;;;;;;;;;;;;;;;
DI;93XSO225;;MCC;930-09;A_93009;SHUTTER 93XV225 - ON;Yes;ИСТИНА;ЛОЖЬ;;450;;;;;;;;;;;42;ЛОЖЬ;35252;None;;;;;;1=OPEN;;;;;;;Undefined;491;3428;;19.03;5;3;1;Low;;;;ЛОЖЬ;;;;ЛОЖЬ;;;;;;;;;;Output;EPKS_CCB;ESD_931_1;600;;;;;;;;
M;C272_3_B;;;862-34;862-34;Function block marker;;ЛОЖЬ;ЛОЖЬ;;272;;;;;;;0;;;;1725;ЛОЖЬ;0;;;;;;;;;;;;;;Undefined;491;3428;;;;;;;;;;ЛОЖЬ;;;;;;;;;;;;;;;;;;;;;;;;;
DO;93LI221_TF;;COM;930-09;A_93009;TRANSM. FAIL;No;ЛОЖЬ;ЛОЖЬ;;296;;;;;;;0;;;;646;ИСТИНА;35484;None;;;;;;0=ALARM;0=ALARM;;;;;;Undefined;;;;;;;;;;;;ЛОЖЬ;ИСТИНА;;;;;;;;;;;;;Output;EPKS_CCB;ESD_931_1;572;;;;;;;;
M;2456_C;;;;;Trip 3;;ЛОЖЬ;ЛОЖЬ;;2456;;;;;;;0;;;;106;ЛОЖЬ;0;;;;;;;;;;;;;;Undefined;491;3428;;;;;;;;;;ЛОЖЬ;;;;;;;;;;;;;;;;;;;;;;;;;
M;2470_4;;;930-09;;;;ЛОЖЬ;ЛОЖЬ;;2470;;;;;;;0;;;;130;ЛОЖЬ;0;;;;;;;;;;;;;;Undefined;491;3428;;;;;;;;;;ЛОЖЬ;;;;;;;;;;;;;;;;;;;;;;;;;
R;2457_B;;;;;Input 2;;ЛОЖЬ;ЛОЖЬ;;2457;;Float;;;;;0;;;;148;ЛОЖЬ;0;;;;;;;;;;;;;;Undefined;491;3428;;;;;;;;;;ЛОЖЬ;;;;;;;;;;;;;;;;;;;;;;;;;
M;274_286_3;;;930-09;;93LALL266_I;;ЛОЖЬ;ЛОЖЬ;;286;;;;;;;0;;;;1437;ЛОЖЬ;0;;;;;;;0=TRIP INITIATOR;;;;;;;Undefined;491;3428;;;;;;;;;;ЛОЖЬ;;;;;;;;;;;;;;;;;;;;;;;;;
DO;93PAHH274;;COM;930-09;A_93009;AIR CRL MSR DEV V9300904;No;ЛОЖЬ;ЛОЖЬ;;440;;;;;;;0;;;;1599;ИСТИНА;35432;None;;;;;;0=TRIP;;;;;;;Undefined;491;3428;;;;;;;;;;ЛОЖЬ;;;;;;;;;;;;;;Output;EPKS_CCB;ESD_931_1;517;;;;;;;;
DO;93LAHH264;;COM;930-09;A_93009;HYD GAS COND FL9300901AX;No;ЛОЖЬ;ЛОЖЬ;;272;;;;;;;0;;;;1230;ИСТИНА;35433;None;;;;;;0=TRIP;;;;;;;Undefined;491;3428;;;;;;;;;;ЛОЖЬ;;;;;;;;;;;;;;Output;EPKS_CCB;ESD_931_1;441;;;;;;;;
DO;93XY220A_C;;COM;862-34;;EMERG SHUT OPEN 93XV220;No;ЛОЖЬ;ЛОЖЬ;;252;;;;;;;0;;;;488;ИСТИНА;35444;None;;;;;;0=TRIP;;;;;;;Undefined;491;3428;;;;;;;;;;ЛОЖЬ;;;;;;;;;;;;;;Output;EPKS_CCB;ESD_931_1;636;;;;;;;;
T;278_2;;;930-09;;;;ЛОЖЬ;ЛОЖЬ;;278;;;;;;;;100 ms;5;;504;ЛОЖЬ;0;;;;;;;;;;;;;;Undefined;;;Delayed OFF with constant timer value;;;;;;;;;ЛОЖЬ;ИСТИНА;;;;;;;;;;;;;;;;;;;;;;;;
M;C260_1_G;;;930-09;930-09;Function block marker;;ЛОЖЬ;ЛОЖЬ;;260;;;;;;;0;;;;568;ЛОЖЬ;0;;;;;;;;;;;;;;Undefined;;;;;;;;;;;;ЛОЖЬ;ИСТИНА;;;;;;;;;;;;;;;;;;;;;;;;
DO;93PALL274_CA;;COM;930-09;A_93009;CAUSE ALARM;No;ЛОЖЬ;ЛОЖЬ;;440;;;;;;;0;;;;1600;ЛОЖЬ;35434;None;;;;;;0=ALARM;;;;;;;Undefined;491;3428;;;;;;;;;;ЛОЖЬ;;;;;;;;;;;;;;Output;EPKS_CCB;ESD_931_1;528;;;;;;;;
M;292_3;;;930-09;;;;ЛОЖЬ;ЛОЖЬ;;292;;;;;;;0;;;;287;ЛОЖЬ;0;;;;;;;;;;;;;;Undefined;491;3428;;;;;;;;;;ЛОЖЬ;;;;;;;;;;;;;;;;;;;;;;;;;
T;330_1;;;930-09;;;;ЛОЖЬ;ЛОЖЬ;;330;;;;;;;;100 ms;5;;168;ЛОЖЬ;0;;;;;;;;;;;;;;Undefined;491;3428;Delayed OFF with constant timer value;;;;;;;;;ЛОЖЬ;;;;;;;;;;;;;;;;;;;;;;;;;
M;C242_3_B;;;862-34;862-34;Function block marker;;ЛОЖЬ;ЛОЖЬ;;242;;;;;;;0;;;;1763;ЛОЖЬ;0;;;;;;;;;;;;;;Undefined;491;3428;;;;;;;;;;ЛОЖЬ;;;;;;;;;;;;;;;;;;;;;;;;;
M;C127_4;;;862-34;862-34;Compiler marker (352, 138);;ЛОЖЬ;ЛОЖЬ;;127;;;;;;;0;;;;496;ЛОЖЬ;0;;;;;;;;;;;;;;Undefined;491;3428;;;;;;;;;;ЛОЖЬ;;;;;;;;;;;;;;;;;;;;;;;;;
T;294_7;;;862-34;;;;ЛОЖЬ;ЛОЖЬ;;294;;;;;;;;100 ms;5;;736;ЛОЖЬ;0;;;;;;;;;;;;;;Undefined;;;Delayed OFF with constant timer value;;;;;;;;;ЛОЖЬ;ИСТИНА;;;;;;;;;;;;;;;;;;;;;;;;
M;C2410_1;;;;;Compiler marker (208, 85);;ЛОЖЬ;ЛОЖЬ;;2410;;;;;;;0;;;;1618;ЛОЖЬ;0;;;;;;;;;;;;;;Undefined;491;3428;;;;;;;;;;ЛОЖЬ;;;;;;;;;;;;;;;;;;;;;;;;;
M;249_248_2;;;862-34;;93LALL206;;ЛОЖЬ;ЛОЖЬ;;248;;;;;;;0;;;;395;ЛОЖЬ;0;;;;;;;0=TRIP;;;;;;;Undefined;;;;;;;;;;;;ЛОЖЬ;ИСТИНА;;;;;;;;;;;;;;;;;;;;;;;;
M;C260_3_B;;;930-09;930-09;Function block marker;;ЛОЖЬ;ЛОЖЬ;;260;;;;;;;0;;;;1737;ЛОЖЬ;0;;;;;;;;;;;;;;Undefined;491;3428;;;;;;;;;;ЛОЖЬ;;;;;;;;;;;;;;;;;;;;;;;;;
DO;93LALL222_CA;;COM;930-09;A_93009;CAUSE ALARM;No;ЛОЖЬ;ЛОЖЬ;;296;;;;;;;0;;;;1326;ЛОЖЬ;35435;None;;;;;;0=ALARM;;;;;;;Undefined;491;3428;;;;;;;;;;ЛОЖЬ;;;;;;;;;;;;;;Output;EPKS_CCB;ESD_931_1;466;;;;;;;;
T;328_3;;;862-34;;;;ЛОЖЬ;ЛОЖЬ;;328;;;;;;;;100 ms;20;;220;ЛОЖЬ;0;;;;;;;;;;;;;;Undefined;491;3428;Pulse retriggerable with constant timer value;;;;;;;;;ЛОЖЬ;;;;;;;;;;;;;;;;;;;;;;;;;
M;2480_2;;;;;;;ЛОЖЬ;ЛОЖЬ;;2480;;;;;;;0;;;;188;ЛОЖЬ;0;;;;;;;;;;;;;;Undefined;491;3428;;;;;;;;;;ЛОЖЬ;;;;;;;;;;;;;;;;;;;;;;;;;
DO;93XSO225_P;;COM;930-09;A_93009;DCS MOV;No;ЛОЖЬ;ЛОЖЬ;;450;;;;;;;0;;;;238;ЛОЖЬ;0;None;;;;;;--;;;;;;;Undefined;491;3428;;;;;;;;;;ЛОЖЬ;;;;;;Output;CC_CCB_1;ESD_931_1;44;;;;;;;;;;;;;;;;
DI;19-Flasher-1Hz;;SYS;;;1 HZ FLASHER;No;ЛОЖЬ;;;2480;;;;;;;;;;;28;ЛОЖЬ;0;None;;;;;;;;;;;;;Undefined;491;3428;;;;;;;;;;ЛОЖЬ;;;;ЛОЖЬ;;;;;;;;;;;;;;;;;;;;;
M;360_2;;;930-09;;;;ЛОЖЬ;ЛОЖЬ;;360;;;;;;;0;;;;1544;ЛОЖЬ;0;;;;;;;;;;;;;;Undefined;491;3428;;;;;;;;;;ЛОЖЬ;;;;;;;;;;;;;;;;;;;;;;;;;
DO;93LI266A_TF;;COM;862-34;;TRANSM. FAIL;No;ЛОЖЬ;ЛОЖЬ;;274;;;;;;;0;;;;670;ИСТИНА;35476;None;;;;;;0=ALARM;0=ALARM;;;;;;Undefined;;;;;;;;;;;;ЛОЖЬ;ИСТИНА;;;;;;;;;;;;;Output;EPKS_CCB;ESD_931_1;728;;;;;;;;
M;C242_5_E;;;862-34;862-34;Function block marker;;ЛОЖЬ;ЛОЖЬ;;242;;;;;;;0;;;;597;ЛОЖЬ;0;;;;;;;;;;;;;;Undefined;;;;;;;;;;;;ЛОЖЬ;ИСТИНА;;;;;;;;;;;;;;;;;;;;;;;;
DO;93TAHH993;;COM;930-09;A_P93009;HERMET SHELL P9300902AX;No;ЛОЖЬ;ЛОЖЬ;;350;;;;;;;0;;;;1358;ИСТИНА;35438;None;;;;;;0=TRIP;;;;;;;Undefined;491;3428;;;;;;;;;;ЛОЖЬ;;;;;;;;;;;;;;Output;EPKS_CCB;ESD_931_1;545;;;;;;;;
M;296_430_4;;;930-09;;93LALL222_I;;ЛОЖЬ;ЛОЖЬ;;430;;;;;;;0;;;;1586;ЛОЖЬ;0;;;;;;;0=TRIP INITIATOR;;;;;;;Undefined;491;3428;;;;;;;;;;ЛОЖЬ;;;;;;;;;;;;;;;;;;;;;;;;;
DO;93LALL261_CA;;COM;930-09;A_93009;CAUSE ALARM;No;ЛОЖЬ;ЛОЖЬ;;260;;;;;;;0;;;;1308;ЛОЖЬ;35439;None;;;;;;0=ALARM;;;;;;;Undefined;491;3428;;;;;;;;;;ЛОЖЬ;;;;;;;;;;;;;;Output;EPKS_CCB;ESD_931_1;472;;;;;;;;
DO;93XY200A;;MCC;930-09;A_93009;EMERG SHUT OPEN 93XV200;Yes;ИСТИНА;ЛОЖЬ;;252;;;;;;;0;;;;24;ЛОЖЬ;35253;None;;;;;;1=OPEN;;;;;;;Undefined;491;3428;;19.04;9;1;1;Appl;;;;ЛОЖЬ;;;;;;;;;;;;;;;;;;;;;;;;;
DO;93XY235;;MCC;930-09;A_93009;EMERG SHUT CLOS 93XV235;Yes;ИСТИНА;ЛОЖЬ;;430;;;;;;;0;;;;109;ЛОЖЬ;35254;None;;;;;;1=CLOSE;;;;;;;Undefined;491;3428;;19.05;3;6;1;Appl;;;;ЛОЖЬ;;;;;;;;;;;;;;;;;;;;;;;;;
DO;93LALL224;;COM;930-09;A_93009;CONDR SHUNT F9300904AX;No;ЛОЖЬ;ЛОЖЬ;;370;;;;;;;0;;;;1282;ИСТИНА;35440;None;;;;;;0=TRIP;;;;;;;Undefined;491;3428;;;;;;;;;;ЛОЖЬ;;;;;;;;;;;;;;Output;EPKS_CCB;ESD_931_1;467;;;;;;;;
DO;93LAHH201;;COM;930-09;A_93009;CONDR SHUNT B9300901A;No;ЛОЖЬ;ЛОЖЬ;;240;;;;;;;0;;;;1246;ИСТИНА;35441;None;;;;;;0=TRIP;;;;;;;Undefined;491;3428;;;;;;;;;;ЛОЖЬ;;;;;;;;;;;;;;Output;EPKS_CCB;ESD_931_1;417;;;;;;;;
M;C272_2_G;;;862-34;862-34;Function block marker;;ЛОЖЬ;ЛОЖЬ;;272;;;;;;;0;;;;802;ЛОЖЬ;0;;;;;;;;;;;;;;Undefined;;;;;;;;;;;;ЛОЖЬ;ИСТИНА;;;;;;;;;;;;;;;;;;;;;;;;
M;C296_2_E;;;930-09;930-09;Function block marker;;ЛОЖЬ;ЛОЖЬ;;296;;;;;;;0;;;;1684;ЛОЖЬ;0;;;;;;;;;;;;;;Undefined;491;3428;;;;;;;;;;ЛОЖЬ;;;;;;;;;;;;;;;;;;;;;;;;;
T;286_2;;;862-34;;;;ЛОЖЬ;ЛОЖЬ;;286;;;;;;;;100 ms;20;;44;ЛОЖЬ;0;;;;;;;;;;;;;;Undefined;;;Pulse retriggerable with constant timer value;;;;;;;;;ЛОЖЬ;ИСТИНА;;;;;;;;;;;;;;;;;;;;;;;;
M;256_252_1;;;930-09;;DRAINAGE;;ЛОЖЬ;ЛОЖЬ;;252;;;;;;;0;;;;1401;ЛОЖЬ;0;;;;;;;;;;;;;;Undefined;491;3428;;;;;;;;;;ЛОЖЬ;;;;;;;;;;;;;;;;;;;;;;;;;
M;326_328_2;;;930-09;;93TAHH999_I;;ЛОЖЬ;ЛОЖЬ;;328;;;;;;;0;;;;1532;ЛОЖЬ;0;;;;;;;0=TRIP INITIATOR;;;;;;;Undefined;491;3428;;;;;;;;;;ЛОЖЬ;;;;;;;;;;;;;;;;;;;;;;;;;
DO;93LAHH219_CA;;COM;930-09;;CAUSE ALARM;No;ЛОЖЬ;ЛОЖЬ;;278;;;;;;;0;;;;1275;ЛОЖЬ;35442;None;;;;;;0=ALARM;;;;;;;Undefined;491;3428;;;;;;;;;;ЛОЖЬ;;;;;;;;;;;;;;Output;EPKS_CCB;ESD_931_1;432;;;;;;;;
DO;93LAHH221_CA;;COM;930-09;A_93009;CAUSE ALARM;No;ЛОЖЬ;ЛОЖЬ;;296;;;;;;;0;;;;89;ЛОЖЬ;0;None;;;;;;0=TRIP;0=TRIP;;;;;;Undefined;;;;;;;;;;;;ЛОЖЬ;ИСТИНА;;;;;;;;;;;;;Output;EPKS_CCB;ESD_931_1;717;;;;;;;;
DO;93XY200A_C;;COM;862-34;;EMERG SHUT OPEN 93XV200;No;ЛОЖЬ;ЛОЖЬ;;252;;;;;;;0;;;;486;ИСТИНА;35465;None;;;;;;0=TRIP;;;;;;;Undefined;491;3428;;;;;;;;;;ЛОЖЬ;;;;;;;;;;;;;;Output;EPKS_CCB;ESD_931_1;610;;;;;;;;
DO;93LAHH211_CA;;COM;862-34;;CAUSE ALARM;No;ЛОЖЬ;ЛОЖЬ;;244;;;;;;;0;;;;81;ЛОЖЬ;0;None;;;;;;0=TRIP;0=TRIP;;;;;;Undefined;;;;;;;;;;;;ЛОЖЬ;ИСТИНА;;;;;;;;;;;;;Output;EPKS_CCB;ESD_931_1;709;;;;;;;;
DO;93LAHH222;;COM;930-09;A_93009;ACIDIC WATER TO V9300903;No;ЛОЖЬ;ЛОЖЬ;;296;;;;;;;0;;;;1278;ИСТИНА;35443;None;;;;;;0=TRIP;;;;;;;Undefined;491;3428;;;;;;;;;;ЛОЖЬ;;;;;;;;;;;;;;Output;EPKS_CCB;ESD_931_1;433;;;;;;;;
BI;19-Day;;SYS;;;Day;No;ЛОЖЬ;;;19;;Byte;;;;;;;;;3;;0;;;;;;;;;0;0;;;;-XXXXX.X;491;3428;;;;;;;;;;ЛОЖЬ;;;;;;;;;;;;;;;;;;;;;;;;;
M;2450_C;;;;;Signal 3;;ЛОЖЬ;ЛОЖЬ;;2450;;;;;;;0;;;;151;ЛОЖЬ;0;;;;;;;;;;;;;;Undefined;491;3428;;;;;;;;;;ЛОЖЬ;;;;;;;;;;;;;;;;;;;;;;;;;
DO;93LAHH266_P;;COM;930-09;A_93009;PERM (0) SIG 93XV212;No;ЛОЖЬ;ЛОЖЬ;;284;;;;;;;0;;;;210;ЛОЖЬ;0;None;;;;;;0=PERMISSIVE;;;;;;;Undefined;491;3428;;;;;;;;;;ЛОЖЬ;;;;;;Output;CC_CCB_1;ESD_931_1;72;;;;;;;;;;;;;;;;
M;277_276_1;;;930-09;A_93009;93LAHH216_I;;ЛОЖЬ;ЛОЖЬ;;276;;;;;;;0;;;;614;ЛОЖЬ;0;;;;;;;0=TRIP INITIATOR;;;;;;;Undefined;;;;;;;;;;;;ЛОЖЬ;ИСТИНА;;;;;;;;;;;;;;;;;;;;;;;;
M;350_2;;;930-09;;;;ЛОЖЬ;ЛОЖЬ;;350;;;;;;;0;;;;1541;ЛОЖЬ;0;;;;;;;;;;;;;;Undefined;491;3428;;;;;;;;;;ЛОЖЬ;;;;;;;;;;;;;;;;;;;;;;;;;
T;240_1;;;862-34;;;;ЛОЖЬ;ЛОЖЬ;;240;;;;;;;;100 ms;5;;16;ЛОЖЬ;0;;;;;;;;;;;;;;Undefined;;;Delayed OFF with constant timer value;;;;;;;;;ЛОЖЬ;ИСТИНА;;;;;;;;;;;;;;;;;;;;;;;;
DO;93LAHH212_CA;;COM;930-09;A_93009;CAUSE ALARM;No;ЛОЖЬ;ЛОЖЬ;;244;;;;;;;0;;;;1263;ЛОЖЬ;35445;None;;;;;;0=ALARM;;;;;;;Undefined;491;3428;;;;;;;;;;ЛОЖЬ;;;;;;;;;;;;;;Output;EPKS_CCB;ESD_931_1;426;;;;;;;;
M;C306_2_E;;;862-34;862-34;Function block marker;;ЛОЖЬ;ЛОЖЬ;;306;;;;;;;0;;;;708;ЛОЖЬ;0;;;;;;;;;;;;;;Undefined;;;;;;;;;;;;ЛОЖЬ;ИСТИНА;;;;;;;;;;;;;;;;;;;;;;;;
R;278_282_1;;;862-34;;93LI219;;ЛОЖЬ;ЛОЖЬ;;282;;Float;;;;;0;;;;78;ЛОЖЬ;0;;;;;;;;;;;;;;Undefined;;;;;;;;;;;;ЛОЖЬ;ИСТИНА;;;;;;;;;;;;;;;;;;;;;;;;
DO;93LI267_TF;;COM;930-09;A_93009;TRANSM. FAIL;No;ЛОЖЬ;ЛОЖЬ;;294;;;;;;;0;;;;1241;ИСТИНА;35446;None;;;;;;0=ALARM;;;;;;;Undefined;491;3428;;;;;;;;;;ЛОЖЬ;;;;;;;;;;;;;;Output;EPKS_CCB;ESD_931_1;516;;;;;;;;
T;17_1;;;862-34;;;;ЛОЖЬ;ЛОЖЬ;;17;;;;;;;;100 ms;5;;140;ЛОЖЬ;0;;;;;;;;;;;;;;Undefined;491;3428;Delayed ON with constant timer value;;;;;;;;;ЛОЖЬ;;;;;;;;;;;;;;;;;;;;;;;;;
M;330_36_2;;;930-09;;93TT996;;ЛОЖЬ;ЛОЖЬ;;36;;;;;;;0;;;;1534;ЛОЖЬ;0;;;;;;;1=MO CONFIRMED;;;;;;;Undefined;491;3428;;;;;;;;;;ЛОЖЬ;;;;;;;;;;;;;;;;;;;;;;;;;
DO;93LAHH219;;COM;930-09;;CONDR SHUNT V9300902B;No;ЛОЖЬ;ЛОЖЬ;;278;;;;;;;0;;;;1274;ИСТИНА;35447;None;;;;;;0=TRIP;;;;;;;Undefined;491;3428;;;;;;;;;;ЛОЖЬ;;;;;;;;;;;;;;Output;EPKS_CCB;ESD_931_1;431;;;;;;;;
DO;93XY239_C;;COM;862-34;;EMERG SHUT CLOS 93XV239;No;ЛОЖЬ;ЛОЖЬ;;350;;;;;;;0;;;;429;ИСТИНА;35480;None;;;;;;0=TRIP;;;;;;;Undefined;491;3428;;;;;;;;;;ЛОЖЬ;;;;;;;;;;;;;;Output;EPKS_CCB;ESD_931_1;660;;;;;;;;
M;C292_4_F;;;930-09;930-09;Function block marker;;ЛОЖЬ;ЛОЖЬ;;292;;;;;;;0;;;;738;ЛОЖЬ;0;;;;;;;;;;;;;;Undefined;;;;;;;;;;;;ЛОЖЬ;ИСТИНА;;;;;;;;;;;;;;;;;;;;;;;;
DO;93XY203A;;MCC;930-09;A_93009;EMERG SHUT OPEN 93XV203;Yes;ИСТИНА;ЛОЖЬ;;256;;;;;;;0;;;;30;ЛОЖЬ;35255;None;;;;;;1=OPEN;;;;;;;Undefined;491;3428;;19.04;9;7;1;Appl;;;;ЛОЖЬ;;;;;;;;;;;;;;;;;;;;;;;;;
M;274_2;;;930-09;;;;ЛОЖЬ;ЛОЖЬ;;274;;;;;;;0;;;;1421;ЛОЖЬ;0;;;;;;;;;;;;;;Undefined;491;3428;;;;;;;;;;ЛОЖЬ;;;;;;;;;;;;;;;;;;;;;;;;;
M;C316_4_D;;;862-34;862-34;Function block marker;;ЛОЖЬ;ЛОЖЬ;;316;;;;;;;0;;;;698;ЛОЖЬ;0;;;;;;;;;;;;;;Undefined;;;;;;;;;;;;ЛОЖЬ;ИСТИНА;;;;;;;;;;;;;;;;;;;;;;;;
DO;93LI204_TF;;COM;93-009;A_93009;TRANSM. FAIL;No;ЛОЖЬ;ЛОЖЬ;;247;;;;;;;0;;;;386;ИСТИНА;35338;None;;;;;;0=ALARM;0=ALARM;;;;;;Undefined;;;;;;;;;;;;ЛОЖЬ;ИСТИНА;;;;;;;;;;;;;Output;EPKS_CCB;ESD_931_1;733;;;;;;;;
M;C127_1;;;862-34;862-34;Compiler marker (288, 186);;ЛОЖЬ;ЛОЖЬ;;127;;;;;;;0;;;;494;ЛОЖЬ;0;;;;;;;;;;;;;;Undefined;491;3428;;;;;;;;;;ЛОЖЬ;;;;;;;;;;;;;;;;;;;;;;;;;
M;C244_1_E;;;862-34;862-34;Function block marker;;ЛОЖЬ;ЛОЖЬ;;244;;;;;;;0;;;;1760;ЛОЖЬ;0;;;;;;;;;;;;;;Undefined;491;3428;;;;;;;;;;ЛОЖЬ;;;;;;;;;;;;;;;;;;;;;;;;;
BO;93LI207_LL;;COM;862-34;;LL TRIP SETPOINT (%);No;ЛОЖЬ;ЛОЖЬ;;248;;Float;;;;;0;;;;336;;0;;;;;;;;;0;0;;;;-XXXXX.X;491;3428;;;;;;;;;;ЛОЖЬ;;;;;;;;;;;;;;Output;EPKS_CCB;ESD_931_1;10101;;;;;;;;
DO;93LALL231;;COM;930-09;A_93009;LOW PRS COND F9300905AX;No;ЛОЖЬ;ЛОЖЬ;;380;;;;;;;0;;;;1327;ИСТИНА;35448;None;;;;;;0=TRIP;;;;;;;Undefined;491;3428;;;;;;;;;;ЛОЖЬ;;;;;;;;;;;;;;Output;EPKS_CCB;ESD_931_1;469;;;;;;;;
DO;93LALL263;;COM;930-09;A_93009;TOR SHUNT COND V9300901C;No;ЛОЖЬ;ЛОЖЬ;;262;;;;;;;0;;;;1309;ИСТИНА;35449;None;;;;;;0=TRIP;;;;;;;Undefined;491;3428;;;;;;;;;;ЛОЖЬ;;;;;;;;;;;;;;Output;EPKS_CCB;ESD_931_1;473;;;;;;;;
DI;93XSF247;;MCC;930-09;A_93009;SHUT 93XV247COUPLING;Yes;ИСТИНА;ЛОЖЬ;;450;;;;;;;;;;;47;ИСТИНА;35256;None;;;;;;;;;;;;;Undefined;491;3428;;19.03;5;8;1;Low;;;;ЛОЖЬ;;;;ЛОЖЬ;;;;;;;;;;Output;EPKS_CCB;ESD_931_1;691;;;;;;;;
M;C248_2_F;;;862-34;862-34;Function block marker;;ЛОЖЬ;ЛОЖЬ;;248;;;;;;;0;;;;838;ЛОЖЬ;0;;;;;;;;;;;;;;Undefined;;;;;;;;;;;;ЛОЖЬ;ИСТИНА;;;;;;;;;;;;;;;;;;;;;;;;
M;C290_6_E;;;930-09;930-09;Function block marker;;ЛОЖЬ;ЛОЖЬ;;290;;;;;;;0;;;;749;ЛОЖЬ;0;;;;;;;;;;;;;;Undefined;;;;;;;;;;;;ЛОЖЬ;ИСТИНА;;;;;;;;;;;;;;;;;;;;;;;;
T;260_1;;;930-09;A_93009;;;ЛОЖЬ;ЛОЖЬ;;260;;;;;;;;100 ms;5;;564;ЛОЖЬ;0;;;;;;;;;;;;;;Undefined;;;Delayed OFF with constant timer value;;;;;;;;;ЛОЖЬ;ИСТИНА;;;;;;;;;;;;;;;;;;;;;;;;
T;294_4;;;862-34;;;;ЛОЖЬ;ЛОЖЬ;;294;;;;;;;;100 ms;5;;724;ЛОЖЬ;0;;;;;;;;;;;;;;Undefined;;;Delayed OFF with constant timer value;;;;;;;;;ЛОЖЬ;ИСТИНА;;;;;;;;;;;;;;;;;;;;;;;;
R;278_279_6;;;;;LL TRIP SETPOINT;;ЛОЖЬ;ЛОЖЬ;;279;;Float;;;;;0;;;;70;ЛОЖЬ;0;;;;;;;;;;;;;;Undefined;;;;;;;;;;;;ЛОЖЬ;ИСТИНА;;;;;;;;;;;;;;;;;;;;;;;;
M;276_4;;;930-09;A_93009;;;ЛОЖЬ;ЛОЖЬ;;276;;;;;;;0;;;;637;ЛОЖЬ;0;;;;;;;;;;;;;;Undefined;;;;;;;;;;;;ЛОЖЬ;ИСТИНА;;;;;;;;;;;;;;;;;;;;;;;;
M;272_32_4;;;930-09;;93LT264;;ЛОЖЬ;ЛОЖЬ;;32;;;;;;;0;;;;1452;ЛОЖЬ;0;;;;;;;1=MO CONFIRMED;;;;;;;Undefined;491;3428;;;;;;;;;;ЛОЖЬ;;;;;;;;;;;;;;;;;;;;;;;;;
M;294_1;;;930-09;;;;ЛОЖЬ;ЛОЖЬ;;294;;;;;;;0;;;;1468;ЛОЖЬ;0;;;;;;;;;;;;;;Undefined;491;3428;;;;;;;;;;ЛОЖЬ;;;;;;;;;;;;;;;;;;;;;;;;;
DO;93XY213B_C;;COM;862-34;;ACIDIC H2O FL9300901 SX;No;ЛОЖЬ;ЛОЖЬ;;300;;;;;;;0;;;;413;ИСТИНА;35482;None;;;;;;0=TRIP;;;;;;;Undefined;491;3428;;;;;;;;;;ЛОЖЬ;;;;;;;;;;;;;;Output;EPKS_CCB;ESD_931_1;631;;;;;;;;
DO;93XY225_C;;COM;862-34;;EMERG SHUT CLOS 93XV225;No;ЛОЖЬ;ЛОЖЬ;;420;;;;;;;0;;;;445;ИСТИНА;35485;None;;;;;;0=TRIP;;;;;;;Undefined;491;3428;;;;;;;;;;ЛОЖЬ;;;;;;;;;;;;;;Output;EPKS_CCB;ESD_931_1;643;;;;;;;;
M;C249_1_G;;;931_10;931_10;Function block marker;;ЛОЖЬ;ЛОЖЬ;;249;;;;;;;0;;;;833;ЛОЖЬ;0;;;;;;;;;;;;;;Undefined;;;;;;;;;;;;ЛОЖЬ;ИСТИНА;;;;;;;;;;;;;;;;;;;;;;;;
M;262_32_4;;;930-09;;93LT263;;ЛОЖЬ;ЛОЖЬ;;32;;;;;;;0;;;;1451;ЛОЖЬ;0;;;;;;;1=MO CONFIRMED;;;;;;;Undefined;491;3428;;;;;;;;;;ЛОЖЬ;;;;;;;;;;;;;;;;;;;;;;;;;
DO;93XY216_P;;COM;930-09;A_93009;PERM 1 93XV216 0 93XV218;No;ЛОЖЬ;ЛОЖЬ;;312;;;;;;;0;;;;214;ЛОЖЬ;0;None;;;;;;PERM 1 & 0;;;;;;;Undefined;491;3428;;;;;;;;;;ЛОЖЬ;;;;;;Output;CC_CCB_1;ESD_931_1;79;;;;;;;;;;;;;;;;
DO;93PI355A_TF;;COM;862-34;;TRANSM. FAIL;No;ЛОЖЬ;ЛОЖЬ;;318;;;;;;;0;;;;662;ИСТИНА;35468;None;;;;;;0=ALARM;0=ALARM;;;;;;Undefined;;;;;;;;;;;;ЛОЖЬ;ИСТИНА;;;;;;;;;;;;;Output;EPKS_CCB;ESD_931_1;695;;;;;;;;
DO;93LAHH203_CA;;COM;930-09;A_93009;CAUSE ALARM;No;ЛОЖЬ;ЛОЖЬ;;242;;;;;;;0;;;;1251;ЛОЖЬ;35452;None;;;;;;0=ALARM;;;;;;;Undefined;491;3428;;;;;;;;;;ЛОЖЬ;;;;;;;;;;;;;;Output;EPKS_CCB;ESD_931_1;420;;;;;;;;
M;278_328_4;;;862-34;;93LALL219_I;;ЛОЖЬ;ЛОЖЬ;;328;;;;;;;0;;;;636;ЛОЖЬ;0;;;;;;;0=TRIP INITIATOR;;;;;;;Undefined;;;;;;;;;;;;ЛОЖЬ;ИСТИНА;;;;;;;;;;;;;;;;;;;;;;;;
T;380_1;;;930-09;A_93009;;;ЛОЖЬ;ЛОЖЬ;;380;;;;;;;;100 ms;5;;548;ЛОЖЬ;0;;;;;;;;;;;;;;Undefined;;;Delayed OFF with constant timer value;;;;;;;;;ЛОЖЬ;ИСТИНА;;;;;;;;;;;;;;;;;;;;;;;;
M;C2470_3;;;;;Compiler marker (176, 186);;ЛОЖЬ;ЛОЖЬ;;2470;;;;;;;0;;;;1603;ЛОЖЬ;0;;;;;;;;;;;;;;Undefined;491;3428;;;;;;;;;;ЛОЖЬ;;;;;;;;;;;;;;;;;;;;;;;;;
M;C296_5_F;;;930-09;930-09;Function block marker;;ЛОЖЬ;ЛОЖЬ;;296;;;;;;;0;;;;535;ЛОЖЬ;0;;;;;;;;;;;;;;Undefined;;;;;;;;;;;;ЛОЖЬ;ИСТИНА;;;;;;;;;;;;;;;;;;;;;;;;
M;272_1;;;930-09;;;;ЛОЖЬ;ЛОЖЬ;;272;;;;;;;0;;;;1415;ЛОЖЬ;0;;;;;;;;;;;;;;Undefined;491;3428;;;;;;;;;;ЛОЖЬ;;;;;;;;;;;;;;;;;;;;;;;;;
DO;93LAHH267_P;;COM;930-09;A_93009;PERM (0) SIG 93XV213;No;ЛОЖЬ;ЛОЖЬ;;298;;;;;;;0;;;;207;ЛОЖЬ;0;None;;;;;;0=PERMISSIVE;;;;;;;Undefined;491;3428;;;;;;;;;;ЛОЖЬ;;;;;;Output;CC_CCB_1;ESD_931_1;74;;;;;;;;;;;;;;;;
M;C244_1;;;862-34;;Compiler marker (208, 102);;ЛОЖЬ;ЛОЖЬ;;244;;;;;;;0;;;;734;ЛОЖЬ;0;;;;;;;;;;;;;;Undefined;;;;;;;;;;;;ЛОЖЬ;ИСТИНА;;;;;;;;;;;;;;;;;;;;;;;;
M;290_7;;;862-34;;;;ЛОЖЬ;ЛОЖЬ;;290;;;;;;;0;;;;247;ЛОЖЬ;0;;;;;;;;;;;;;;Undefined;;;;;;;;;;;;ЛОЖЬ;ИСТИНА;;;;;;;;;;;;;;;;;;;;;;;;
M;2420_F;;;;;0=TRIP;;ЛОЖЬ;ЛОЖЬ;;2420;;;;;;;0;;;;118;ЛОЖЬ;0;;;;;;;;;;;;;;Undefined;491;3428;;;;;;;;;;ЛОЖЬ;;;;;;;;;;;;;;;;;;;;;;;;;
DO;93XY204;;MCC;930-09;A_93009;EMERG SHUT OPEN 93XV204;Yes;ИСТИНА;ЛОЖЬ;;390;;;;;;;0;;;;40;ЛОЖЬ;35257;None;;;;;;1=OPEN;;;;;;;Undefined;491;3428;;19.04;11;1;1;Appl;;;;ЛОЖЬ;;;;;;;;;;;;;;;;;;;;;;;;;
M;C296_2_F;;;930-09;930-09;Function block marker;;ЛОЖЬ;ЛОЖЬ;;296;;;;;;;0;;;;713;ЛОЖЬ;0;;;;;;;;;;;;;;Undefined;;;;;;;;;;;;ЛОЖЬ;ИСТИНА;;;;;;;;;;;;;;;;;;;;;;;;
M;C318_3_G;;;862-34;862-34;Function block marker;;ЛОЖЬ;ЛОЖЬ;;318;;;;;;;0;;;;689;ЛОЖЬ;0;;;;;;;;;;;;;;Undefined;;;;;;;;;;;;ЛОЖЬ;ИСТИНА;;;;;;;;;;;;;;;;;;;;;;;;
M;2490_1;;;;;;;ЛОЖЬ;ЛОЖЬ;;2490;;;;;;;0;;;;250;ЛОЖЬ;0;;;;;;;;;;;;;;Undefined;491;3428;;;;;;;;;;ЛОЖЬ;;;;;;;;;;;;;;;;;;;;;;;;;
BO;93LI231_HH;;COM;930-09;A_93009;HH TRIP SETPOINT (%);No;ЛОЖЬ;ЛОЖЬ;;380;;Float;;;;;0;;;;516;;0;;;;;;;;;0;0;;;;-XXXXX.X;491;3428;;;;;;;;;;ЛОЖЬ;;;;;;;;;;;;;;Output;EPKS_CCB;ESD_931_1;10113;;;;;;;;
DO;93XY223_C;;COM;862-34;;EMERG SHUT OPEN 93XV223;No;ЛОЖЬ;ЛОЖЬ;;420;;;;;;;0;;;;446;ИСТИНА;35492;None;;;;;;0=TRIP;;;;;;;Undefined;491;3428;;;;;;;;;;ЛОЖЬ;;;;;;;;;;;;;;Output;EPKS_CCB;ESD_931_1;641;;;;;;;;
DI;19-FaultReset;;SYS;;;FAULT RESET;Yes;ЛОЖЬ;;;0;;;;;;;;;;;0;ЛОЖЬ;0;None;;;;;;;;;;;;;Undefined;491;3428;;;;;;;;;;ЛОЖЬ;;;;ЛОЖЬ;;;;;;;;;;;;;;;;;;;;;
DO;93LALL212;;COM;930-09;A_93009;CONDR SHUNT B9300901C;No;ЛОЖЬ;ЛОЖЬ;;244;;;;;;;0;;;;1301;ИСТИНА;35455;None;;;;;;0=TRIP;;;;;;;Undefined;491;3428;;;;;;;;;;ЛОЖЬ;;;;;;;;;;;;;;Output;EPKS_CCB;ESD_931_1;457;;;;;;;;
M;244_252_1;;;930-09;;93LAHH212_I;;ЛОЖЬ;ЛОЖЬ;;252;;;;;;;0;;;;1382;ЛОЖЬ;0;;;;;;;0=TRIP INITIATOR;;;;;;;Undefined;491;3428;;;;;;;;;;ЛОЖЬ;;;;;;;;;;;;;;;;;;;;;;;;;
DO;93XY245B;;MCC;930-09;A_93009;EMERG SHUT CLOS 93XV245;Yes;ИСТИНА;ЛОЖЬ;;264;;;;;;;0;;;;138;ЛОЖЬ;35258;None;;;;;;1=CLOSE;;;;;;;Undefined;491;3428;;19.05;7;3;1;Appl;;;;ЛОЖЬ;;;;;;;;;;;;;;;;;;;;;;;;;
DO;93XY221B_C;;COM;862-34;;EMERG SHUT CLOS 93XV221;No;ЛОЖЬ;ЛОЖЬ;;300;;;;;;;0;;;;411;ИСТИНА;35516;None;;;;;;0=TRIP;;;;;;;Undefined;491;3428;;;;;;;;;;ЛОЖЬ;;;;;;;;;;;;;;Output;EPKS_CCB;ESD_931_1;639;;;;;;;;
M;244_258_2;;;862-34;;93LALL212_I;;ЛОЖЬ;ЛОЖЬ;;258;;;;;;;0;;;;255;ЛОЖЬ;0;;;;;;;0=TRIP INITIATOR;;;;;;;Undefined;491;3428;;;;;;;;;;ЛОЖЬ;;;;;;;;;;;;;;;;;;;;;;;;;
M;C290_5_F;;;930-09;930-09;Function block marker;;ЛОЖЬ;ЛОЖЬ;;290;;;;;;;0;;;;542;ЛОЖЬ;0;;;;;;;;;;;;;;Undefined;;;;;;;;;;;;ЛОЖЬ;ИСТИНА;;;;;;;;;;;;;;;;;;;;;;;;
DI;00XS931E01P01;;CAB;930-09;S_B931;IB931 ESD-01 ALARM PS 01;Yes;ЛОЖЬ;ЛОЖЬ;;18;;;;;;;;;;;8;ИСТИНА;35259;None;;;;;;0=ALARM;;;;;;;Undefined;491;3428;;19.03;1;1;1;Low;;;;ЛОЖЬ;;;;ЛОЖЬ;;;;;;;;;;Output;EPKS_CCB;ESD_931_1;583;;;;;;;;
M;C350_1_E;;;862-34;862-34;Function block marker;;ЛОЖЬ;ЛОЖЬ;;350;;;;;;;0;;;;1644;ЛОЖЬ;0;;;;;;;;;;;;;;Undefined;491;3428;;;;;;;;;;ЛОЖЬ;;;;;;;;;;;;;;;;;;;;;;;;;
M;290_34_2;;;930-09;;93LT215;;ЛОЖЬ;ЛОЖЬ;;34;;;;;;;0;;;;1462;ЛОЖЬ;0;;;;;;;1=MO CONFIRMED;;;;;;;Undefined;491;3428;;;;;;;;;;ЛОЖЬ;;;;;;;;;;;;;;;;;;;;;;;;;
M;C240_5_G;;;862-34;862-34;Function block marker;;ЛОЖЬ;ЛОЖЬ;;240;;;;;;;0;;;;608;ЛОЖЬ;0;;;;;;;;;;;;;;Undefined;;;;;;;;;;;;ЛОЖЬ;ИСТИНА;;;;;;;;;;;;;;;;;;;;;;;;
DO;IB931_ESD1_RT1;;COM;931;;REPAIR TIMER STARTED;No;ЛОЖЬ;ЛОЖЬ;;17;;;;;;;0;;;;57;ЛОЖЬ;0;None;;;;;;0=STARTED;;;;;;;Undefined;;;;;;;;;;;;ЛОЖЬ;ИСТИНА;;;;;;;;;;;;;Output;EPKS_CCB;ESD_931_1;539;;;;;;;;
AI;93LI265A;;FLD;930-09;A_93009;ACIDIC H2O FL9300901 AX;Yes;ИСТИНА;ЛОЖЬ;;292;ИСТИНА;Float;4-20mA;0;100;%;;;;;248;ЛОЖЬ;35336;;None;None;None;None;;;;;;;;;-XXXXX.X;3.64;22;;19.03;17;12;1;Bottom scale;;;;ЛОЖЬ;ИСТИНА;ЛОЖЬ;;;;;;;;;;;;Output;EPKS_CCB;ESD_931_1;10153;;;;;;;;
M;C440_4_E;;;862-34;862-34;Function block marker;;ЛОЖЬ;ЛОЖЬ;;440;;;;;;;0;;;;516;ЛОЖЬ;0;;;;;;;;;;;;;;Undefined;;;;;;;;;;;;ЛОЖЬ;ИСТИНА;;;;;;;;;;;;;;;;;;;;;;;;
T;350_1;;;930-09;;;;ЛОЖЬ;ЛОЖЬ;;350;;;;;;;;100 ms;5;;172;ЛОЖЬ;0;;;;;;;;;;;;;;Undefined;491;3428;Delayed OFF with constant timer value;;;;;;;;;ЛОЖЬ;;;;;;;;;;;;;;;;;;;;;;;;;
DO;93LI215_MOC;;COM;930-09;A_93009;MO CONFIRMED;No;ЛОЖЬ;ЛОЖЬ;;290;;;;;;;0;;;;1268;ИСТИНА;35457;None;;;;;;1=CONFIRMED;;;;;;;Undefined;491;3428;;;;;;;;;;ЛОЖЬ;;;;;;;;;;;;;;Output;EPKS_CCB;ESD_931_1;493;;;;;;;;
DO;93XY244A_C;;COM;862-34;;EMERG SHUT OPEN 93XV244;No;ЛОЖЬ;ЛОЖЬ;;264;;;;;;;0;;;;265;ИСТИНА;35523;None;;;;;;0=TRIP;;;;;;;Undefined;491;3428;;;;;;;;;;ЛОЖЬ;;;;;;;;;;;;;;Output;EPKS_CCB;ESD_931_1;665;;;;;;;;
DI;93LI212_MOR;;COM;930-09;A_93009;MO REQUEST;No;ЛОЖЬ;ИСТИНА;;244;;;;;;;0;;;;1784;ЛОЖЬ;0;None;;;;;;1=REQUEST;;;;;;;Undefined;491;3428;;;;;;Freeze;;;;ЛОЖЬ;;;;ЛОЖЬ;;;;;;;;;;Input;EPKS_CCB;ESD_931_1;9;;;;;;;;
M;C2450_2;;;;;Compiler marker (256, 216);;ЛОЖЬ;ЛОЖЬ;;2450;;;;;;;0;;;;1615;ЛОЖЬ;0;;;;;;;;;;;;;;Undefined;491;3428;;;;;;;;;;ЛОЖЬ;;;;;;;;;;;;;;;;;;;;;;;;;
T;308_4;;;862-34;;;;ЛОЖЬ;ЛОЖЬ;;308;;;;;;;;100 ms;10;;616;ЛОЖЬ;0;;;;;;;;;;;;;;Undefined;;;Delayed OFF with constant timer value;;;;;;;;;ЛОЖЬ;ИСТИНА;;;;;;;;;;;;;;;;;;;;;;;;
M;C330_1_E;;;862-34;862-34;Function block marker;;ЛОЖЬ;ЛОЖЬ;;330;;;;;;;0;;;;1647;ЛОЖЬ;0;;;;;;;;;;;;;;Undefined;491;3428;;;;;;;;;;ЛОЖЬ;;;;;;;;;;;;;;;;;;;;;;;;;
T;308_2;;;862-34;;;;ЛОЖЬ;ЛОЖЬ;;308;;;;;;;;100 ms;5;;608;ЛОЖЬ;0;;;;;;;;;;;;;;Undefined;;;Delayed OFF with constant timer value;;;;;;;;;ЛОЖЬ;ИСТИНА;;;;;;;;;;;;;;;;;;;;;;;;
M;129_2349_2;;;930-09;;MOS-REL AREA 930-10;;ЛОЖЬ;ЛОЖЬ;;2349;;;;;;;0;;;;1226;ЛОЖЬ;0;;;;;;;1=RELEASED;;;;;;;Undefined;491;3428;;;;;;;;;;ЛОЖЬ;;;;;;;;;;;;;;;;;;;;;;;;;
M;242_254_3;;;862-34;;93LALL203_I;;ЛОЖЬ;ЛОЖЬ;;254;;;;;;;0;;;;1605;ЛОЖЬ;0;;;;;;;0=TRIP INITIATOR;;;;;;;Undefined;491;3428;;;;;;;;;;ЛОЖЬ;;;;;;;;;;;;;;;;;;;;;;;;;
M;370_2;;;930-09;;;;ЛОЖЬ;ЛОЖЬ;;370;;;;;;;0;;;;1551;ЛОЖЬ;0;;;;;;;;;;;;;;Undefined;491;3428;;;;;;;;;;ЛОЖЬ;;;;;;;;;;;;;;;;;;;;;;;;;
DO;93LALL216_CA;;COM;;;CAUSE ALARM;No;ЛОЖЬ;ЛОЖЬ;;277;;;;;;;0;;;;86;ЛОЖЬ;0;None;;;;;;0=TRIP;0=TRIP;;;;;;Undefined;;;;;;;;;;;;ЛОЖЬ;ИСТИНА;;;;;;;;;;;;;Output;EPKS_CCB;ESD_931_1;714;;;;;;;;
DO;93PAHH353;;COM;930-09;A_93009;ACD TOR SHNT FL9300901AX;No;ЛОЖЬ;ЛОЖЬ;;308;;;;;;;0;;;;1334;ИСТИНА;35460;None;;;;;;0=TRIP;;;;;;;Undefined;491;3428;;;;;;;;;;ЛОЖЬ;;;;;;;;;;;;;;Output;EPKS_CCB;ESD_931_1;521;;;;;;;;
M;C244_2_E;;;862-34;862-34;Function block marker;;ЛОЖЬ;ЛОЖЬ;;244;;;;;;;0;;;;1762;ЛОЖЬ;0;;;;;;;;;;;;;;Undefined;491;3428;;;;;;;;;;ЛОЖЬ;;;;;;;;;;;;;;;;;;;;;;;;;
DI;19-ExtComFaultCC3;;SYS;;;EXT COM FAULT COM CH 3;Yes;ЛОЖЬ;;;16;;;;;;;;;;;8;ЛОЖЬ;0;None;;;;;;;;;;;;;Undefined;491;3428;;;;;;;;;;ЛОЖЬ;;;;ЛОЖЬ;;;;;;;;;;;;;;;;;;;;;
M;C274_1_F;;;862-34;862-34;Function block marker;;ЛОЖЬ;ЛОЖЬ;;274;;;;;;;0;;;;797;ЛОЖЬ;0;;;;;;;;;;;;;;Undefined;;;;;;;;;;;;ЛОЖЬ;ИСТИНА;;;;;;;;;;;;;;;;;;;;;;;;
M;2470_D;;;;;Signal 3;;ЛОЖЬ;ЛОЖЬ;;2470;;;;;;;0;;;;147;ЛОЖЬ;0;;;;;;;;;;;;;;Undefined;491;3428;;;;;;;;;;ЛОЖЬ;;;;;;;;;;;;;;;;;;;;;;;;;
DO;93LALL267A_CA;;COM;862-34;;CAUSE ALARM;No;ЛОЖЬ;ЛОЖЬ;;294;;;;;;;0;;;;674;ЛОЖЬ;0;None;;;;;;0=ALARM;0=ALARM;;;;;;Undefined;;;;;;;;;;;;ЛОЖЬ;ИСТИНА;;;;;;;;;;;;;Output;EPKS_CCB;ESD_931_1;732;;;;;;;;
DO;93XY211A_C;;COM;862-34;;EMERG SHUT OPEN 93XV211;No;ЛОЖЬ;ЛОЖЬ;;298;;;;;;;0;;;;409;ИСТИНА;35535;None;;;;;;0=TRIP;;;;;;;Undefined;491;3428;;;;;;;;;;ЛОЖЬ;;;;;;;;;;;;;;Output;EPKS_CCB;ESD_931_1;626;;;;;;;;
DI;93LI266_MOR;;COM;930-09;A_93009;MO REQUEST;No;ЛОЖЬ;ИСТИНА;;274;;;;;;;0;;;;1795;ЛОЖЬ;0;None;;;;;;1=REQUEST;;;;;;;Undefined;491;3428;;;;;;Freeze;;;;ЛОЖЬ;;;;ЛОЖЬ;;;;;;;;;;Input;EPKS_CCB;ESD_931_1;20;;;;;;;;
R;2410_B;;;;;OOS TIME;;ЛОЖЬ;ЛОЖЬ;;2410;;Long;;;;;0;;;;152;ЛОЖЬ;0;;;;;;;;;;;;;;Undefined;491;3428;;;;;;;;;;ЛОЖЬ;;;;;;;;;;;;;;;;;;;;;;;;;
M;260_264_2;;;930-09;;93LALL261_I;;ЛОЖЬ;ЛОЖЬ;;264;;;;;;;0;;;;1441;ЛОЖЬ;0;;;;;;;0=TRIP INITIATOR;;;;;;;Undefined;491;3428;;;;;;;;;;ЛОЖЬ;;;;;;;;;;;;;;;;;;;;;;;;;
M;244_7;;;862-34;;;;ЛОЖЬ;ЛОЖЬ;;244;;;;;;;0;;;;172;ЛОЖЬ;0;;;;;;;;;;;;;;Undefined;;;;;;;;;;;;ЛОЖЬ;ИСТИНА;;;;;;;;;;;;;;;;;;;;;;;;
DO;93LI218_TF;;COM;930-09;A_93009;TRANSM. FAIL;No;ЛОЖЬ;ЛОЖЬ;;279;;;;;;;0;;;;645;ИСТИНА;35463;None;;;;;;0=ALARM;0=ALARM;;;;;;Undefined;;;;;;;;;;;;ЛОЖЬ;ИСТИНА;;;;;;;;;;;;;Output;EPKS_CCB;ESD_931_1;570;;;;;;;;
DO;93PI353_TF;;COM;930-09;A_93009;TRANSM. FAIL;No;ЛОЖЬ;ЛОЖЬ;;308;;;;;;;0;;;;1333;ИСТИНА;35462;None;;;;;;0=ALARM;;;;;;;Undefined;491;3428;;;;;;;;;;ЛОЖЬ;;;;;;;;;;;;;;Output;EPKS_CCB;ESD_931_1;534;;;;;;;;
M;C294_2_E;;;862-34;862-34;Function block marker;;ЛОЖЬ;ЛОЖЬ;;294;;;;;;;0;;;;1689;ЛОЖЬ;0;;;;;;;;;;;;;;Undefined;491;3428;;;;;;;;;;ЛОЖЬ;;;;;;;;;;;;;;;;;;;;;;;;;
DO;93XY219;;MCC;930-09;A_93009;GATE VALVE IN NITROGEN;Yes;ИСТИНА;ЛОЖЬ;;322;;;;;;;0;;;;73;ЛОЖЬ;35260;None;;;;;;1=OPEN;;;;;;;Undefined;491;3428;;19.04;15;2;1;Appl;;;;ЛОЖЬ;;;;;;;;;;;;;;;;;;;;;;;;;
M;2470_H;;;;;Out 1;;ЛОЖЬ;ЛОЖЬ;;2470;;;;;;;0;;;;154;ЛОЖЬ;0;;;;;;;;;;;;;;Undefined;491;3428;;;;;;;;;;ЛОЖЬ;;;;;;;;;;;;;;;;;;;;;;;;;
DI;93PI352_MOR;;COM;930-09;A_93009;MO REQUEST;No;ЛОЖЬ;ИСТИНА;;306;;;;;;;0;;;;1798;ЛОЖЬ;0;None;;;;;;1=REQUEST;;;;;;;Undefined;491;3428;;;;;;Freeze;;;;ЛОЖЬ;;;;ЛОЖЬ;;;;;;;;;;Input;EPKS_CCB;ESD_931_1;23;;;;;;;;
M;272_286_3;;;930-09;;93LALL264_I;;ЛОЖЬ;ЛОЖЬ;;286;;;;;;;0;;;;1436;ЛОЖЬ;0;;;;;;;0=TRIP INITIATOR;;;;;;;Undefined;491;3428;;;;;;;;;;ЛОЖЬ;;;;;;;;;;;;;;;;;;;;;;;;;
M;C278_1;;;930-09;;Compiler marker (256, 150);;ЛОЖЬ;ЛОЖЬ;;278;;;;;;;0;;;;684;ЛОЖЬ;0;;;;;;;;;;;;;;Undefined;;;;;;;;;;;;ЛОЖЬ;ИСТИНА;;;;;;;;;;;;;;;;;;;;;;;;
DO;93LI217_MOC;;COM;930-09;A_93009;MO CONFIRMED;No;ЛОЖЬ;ЛОЖЬ;;276;;;;;;;0;;;;1272;ИСТИНА;35464;None;;;;;;1=CONFIRMED;;;;;;;Undefined;491;3428;;;;;;;;;;ЛОЖЬ;;;;;;;;;;;;;;Output;EPKS_CCB;ESD_931_1;495;;;;;;;;
M;360_3;;;930-09;;;;ЛОЖЬ;ЛОЖЬ;;360;;;;;;;0;;;;184;ЛОЖЬ;0;;;;;;;;;;;;;;Undefined;491;3428;;;;;;;;;;ЛОЖЬ;;;;;;;;;;;;;;;;;;;;;;;;;
DI;19-CP1_Running;;SYS;;;CP 1 RUNNING;Yes;ЛОЖЬ;;;16;;;;;;;;;;;18;ЛОЖЬ;0;None;;;;;;;;;;;;;Undefined;491;3428;;;;;;;;;;ЛОЖЬ;;;;ЛОЖЬ;;;;;;;;;;;;;;;;;;;;;
M;C278_2_F;;;930-09;930-09;Function block marker;;ЛОЖЬ;ЛОЖЬ;;278;;;;;;;0;;;;764;ЛОЖЬ;0;;;;;;;;;;;;;;Undefined;;;;;;;;;;;;ЛОЖЬ;ИСТИНА;;;;;;;;;;;;;;;;;;;;;;;;
T;286_1;;;862-34;;;;ЛОЖЬ;ЛОЖЬ;;286;;;;;;;;100 ms;20;;36;ЛОЖЬ;0;;;;;;;;;;;;;;Undefined;;;Pulse retriggerable with constant timer value;;;;;;;;;ЛОЖЬ;ИСТИНА;;;;;;;;;;;;;;;;;;;;;;;;
M;294_300_4;;;930-09;;93LALL267_I;;ЛОЖЬ;ЛОЖЬ;;300;;;;;;;0;;;;1486;ЛОЖЬ;0;;;;;;;0=TRIP INITIATOR;;;;;;;Undefined;491;3428;;;;;;;;;;ЛОЖЬ;;;;;;;;;;;;;;;;;;;;;;;;;
M;326_2;;;930-09;;;;ЛОЖЬ;ЛОЖЬ;;326;;;;;;;0;;;;1525;ЛОЖЬ;0;;;;;;;;;;;;;;Undefined;491;3428;;;;;;;;;;ЛОЖЬ;;;;;;;;;;;;;;;;;;;;;;;;;
DI;93XL41_93_ON_19;;FSC;;;ESD MOS ACT TO 930-09;No;ЛОЖЬ;ЛОЖЬ;;0;;;;;;;0;;;;289;ЛОЖЬ;0;None;;;;;;1=LAMP ON;1=LAMP ON;;;;;;Undefined;;;;;;;;Low;;;;ЛОЖЬ;ИСТИНА;;;ЛОЖЬ;View only;;;;;;;;;;;;;Input;ESD_001_1;ESD_931_1;1;;;;
DO;93LAHH206_CA;;COM;;;CAUSE ALARM;No;ЛОЖЬ;ЛОЖЬ;;249;;;;;;;0;;;;79;ЛОЖЬ;0;None;;;;;;0=TRIP;0=TRIP;;;;;;Undefined;;;;;;;;;;;;ЛОЖЬ;ИСТИНА;;;;;;;;;;;;;Output;EPKS_CCB;ESD_931_1;707;;;;;;;;
DO;93PAHH355A_CA;;COM;862-34;;CAUSE ALARM;No;ЛОЖЬ;ЛОЖЬ;;318;;;;;;;0;;;;661;ЛОЖЬ;0;None;;;;;;0=ALARM;0=ALARM;;;;;;Undefined;;;;;;;;;;;;ЛОЖЬ;ИСТИНА;;;;;;;;;;;;;Output;EPKS_CCB;ESD_931_1;694;;;;;;;;
BO;93LI261_HH;;COM;930-09;A_93009;HH TRIP SETPOINT (%);No;ЛОЖЬ;ЛОЖЬ;;260;;Float;;;;;0;;;;356;;0;;;;;;;;;0;0;;;;-XXXXX.X;491;3428;;;;;;;;;;ЛОЖЬ;;;;;;;;;;;;;;Output;EPKS_CCB;ESD_931_1;10115;;;;;;;;
M;C308_1_E;;;862-34;862-34;Function block marker;;ЛОЖЬ;ЛОЖЬ;;308;;;;;;;0;;;;1674;ЛОЖЬ;0;;;;;;;;;;;;;;Undefined;491;3428;;;;;;;;;;ЛОЖЬ;;;;;;;;;;;;;;;;;;;;;;;;;
T;290_9;;;862-34;;;;ЛОЖЬ;ЛОЖЬ;;290;;;;;;;;100 ms;5;;352;ЛОЖЬ;0;;;;;;;;;;;;;;Undefined;;;Delayed OFF with constant timer value;;;;;;;;;ЛОЖЬ;ИСТИНА;;;;;;;;;;;;;;;;;;;;;;;;
T;252_2;;;862-34;;;;ЛОЖЬ;ЛОЖЬ;;252;;;;;;;;100 ms;30;;64;ЛОЖЬ;0;;;;;;;;;;;;;;Undefined;;;Delayed OFF with constant timer value;;;;;;;;;ЛОЖЬ;ИСТИНА;;;;;;;;;;;;;;;;;;;;;;;;
T;249_4;;;;;;;ЛОЖЬ;ЛОЖЬ;;249;;;;;;;;100 ms;5;;180;ЛОЖЬ;0;;;;;;;;;;;;;;Undefined;;;Delayed OFF with constant timer value;;;;;;;;;ЛОЖЬ;ИСТИНА;;;;;;;;;;;;;;;;;;;;;;;;
M;2495_E;;;;;0=ALARM;;ЛОЖЬ;ЛОЖЬ;;2495;;;;;;;0;;;;162;ЛОЖЬ;0;;;;;;;;;;;;;;Undefined;491;3428;;;;;;;;;;ЛОЖЬ;;;;;;;;;;;;;;;;;;;;;;;;;
M;C380_3_B;;;930-09;930-09;Function block marker;;ЛОЖЬ;ЛОЖЬ;;380;;;;;;;0;;;;1631;ЛОЖЬ;0;;;;;;;;;;;;;;Undefined;491;3428;;;;;;;;;;ЛОЖЬ;;;;;;;;;;;;;;;;;;;;;;;;;
M;C294_4_E;;;862-34;862-34;Function block marker;;ЛОЖЬ;ЛОЖЬ;;294;;;;;;;0;;;;723;ЛОЖЬ;0;;;;;;;;;;;;;;Undefined;;;;;;;;;;;;ЛОЖЬ;ИСТИНА;;;;;;;;;;;;;;;;;;;;;;;;
M;2470_3;;;930-09;;;;ЛОЖЬ;ЛОЖЬ;;2470;;;;;;;0;;;;127;ЛОЖЬ;0;;;;;;;;;;;;;;Undefined;491;3428;;;;;;;;;;ЛОЖЬ;;;;;;;;;;;;;;;;;;;;;;;;;
DO;93LALL264_CA;;COM;930-09;A_93009;CAUSE ALARM;No;ЛОЖЬ;ЛОЖЬ;;272;;;;;;;0;;;;1312;ЛОЖЬ;35466;None;;;;;;0=ALARM;;;;;;;Undefined;491;3428;;;;;;;;;;ЛОЖЬ;;;;;;;;;;;;;;Output;EPKS_CCB;ESD_931_1;476;;;;;;;;
DO;93XY230_C;;COM;862-34;;EMERG SHUT CLOS 93XV230;No;ЛОЖЬ;ЛОЖЬ;;332;;;;;;;0;;;;425;ИСТИНА;35547;None;;;;;;0=TRIP;;;;;;;Undefined;491;3428;;;;;;;;;;ЛОЖЬ;;;;;;;;;;;;;;Output;EPKS_CCB;ESD_931_1;650;;;;;;;;
M;296_7;;;930-09;A_93009;;;ЛОЖЬ;ЛОЖЬ;;296;;;;;;;0;;;;282;ЛОЖЬ;0;;;;;;;;;;;;;;Undefined;;;;;;;;;;;;ЛОЖЬ;ИСТИНА;;;;;;;;;;;;;;;;;;;;;;;;
M;C316_1_G;;;862-34;862-34;Function block marker;;ЛОЖЬ;ЛОЖЬ;;316;;;;;;;0;;;;693;ЛОЖЬ;0;;;;;;;;;;;;;;Undefined;;;;;;;;;;;;ЛОЖЬ;ИСТИНА;;;;;;;;;;;;;;;;;;;;;;;;
BO;93LI205_LL;;COM;862-34;;LL TRIP SETPOINT (%);No;ЛОЖЬ;ЛОЖЬ;;246;;Float;;;;;0;;;;328;;0;;;;;;;;;0;0;;;;-XXXXX.X;491;3428;;;;;;;;;;ЛОЖЬ;;;;;;;;;;;;;;Output;EPKS_CCB;ESD_931_1;10099;;;;;;;;
M;C360_2_B;;;862-34;862-34;Function block marker;;ЛОЖЬ;ЛОЖЬ;;360;;;;;;;0;;;;1639;ЛОЖЬ;0;;;;;;;;;;;;;;Undefined;491;3428;;;;;;;;;;ЛОЖЬ;;;;;;;;;;;;;;;;;;;;;;;;;
M;2456_B;;;;;Trip 2;;ЛОЖЬ;ЛОЖЬ;;2456;;;;;;;0;;;;109;ЛОЖЬ;0;;;;;;;;;;;;;;Undefined;491;3428;;;;;;;;;;ЛОЖЬ;;;;;;;;;;;;;;;;;;;;;;;;;
DI;19-Flasher-0.5Hz;;SYS;;;0.5 HZ FLASHER;No;ЛОЖЬ;;;0;;;;;;;;;;;27;ЛОЖЬ;0;None;;;;;;;;;;;;;Undefined;491;3428;;;;;;;;;;ЛОЖЬ;;;;ЛОЖЬ;;;;;;;;;;;;;;;;;;;;;
AI;93PI352A;;FLD;930-09;;HYDR SHUNT FL9300901AX;Yes;ИСТИНА;ЛОЖЬ;;306;ИСТИНА;Float;4-20mA;-50;100;KPa-g;;;;;260;ЛОЖЬ;35332;;None;None;None;None;;;;;;;;;-XXXXX.X;3.64;22;;19.03;17;15;1;Top scale;;;;ЛОЖЬ;ИСТИНА;ЛОЖЬ;;;;;;;;;;;;Output;EPKS_CCB;ESD_931_1;10156;;;;;;;;
M;2410_1;;;930-09;;;;ЛОЖЬ;ЛОЖЬ;;2410;;;;;;;0;;;;141;ЛОЖЬ;0;;;;;;;;;;;;;;Undefined;491;3428;;;;;;;;;;ЛОЖЬ;;;;;;;;;;;;;;;;;;;;;;;;;
DO;93LAHH262_CA;;COM;930-09;A_93009;CAUSE ALARM;No;ЛОЖЬ;ЛОЖЬ;;262;;;;;;;0;;;;96;ЛОЖЬ;0;None;;;;;;0=TRIP;0=TRIP;;;;;;Undefined;;;;;;;;;;;;ЛОЖЬ;ИСТИНА;;;;;;;;;;;;;Output;EPKS_CCB;ESD_931_1;724;;;;;;;;
BO;93LI201_LL;;COM;930-09;A_93009;LL TRIP SETPOINT(%);No;ЛОЖЬ;ЛОЖЬ;;240;;Float;;;;;0;;;;304;;0;;;;;;;;;0;0;;;;-XXXXX.X;491;3428;;;;;;;;;;ЛОЖЬ;;;;;;;;;;;;;;Output;EPKS_CCB;ESD_931_1;10095;;;;;;;;
DI;93PI355_MOR;;COM;930-09;A_93009;MO REQUEST;No;ЛОЖЬ;ИСТИНА;;318;;;;;;;0;;;;1801;ЛОЖЬ;0;None;;;;;;1=REQUEST;;;;;;;Undefined;491;3428;;;;;;Freeze;;;;ЛОЖЬ;;;;ЛОЖЬ;;;;;;;;;;Input;EPKS_CCB;ESD_931_1;26;;;;;;;;
DO;93XY248;;MCC;930-09;A_93009;EMERG SHUT CLOS 93XV248;Yes;ИСТИНА;ЛОЖЬ;;266;;;;;;;0;;;;141;ЛОЖЬ;35261;None;;;;;;1=CLOSE;;;;;;;Undefined;491;3428;;19.05;7;6;1;Appl;;;;ЛОЖЬ;;;;;;;;;;;;;;;;;;;;;;;;;
DO;93LALL203_CA;;COM;930-09;A_93009;CAUSE ALARM;No;ЛОЖЬ;ЛОЖЬ;;242;;;;;;;0;;;;1300;ЛОЖЬ;35469;None;;;;;;0=ALARM;;;;;;;Undefined;491;3428;;;;;;;;;;ЛОЖЬ;;;;;;;;;;;;;;Output;EPKS_CCB;ESD_931_1;452;;;;;;;;
DI;93XSO247;;MCC;930-09;A_93009;SHUTTER 93XV247 - ON;Yes;ИСТИНА;ЛОЖЬ;;450;;;;;;;;;;;32;ЛОЖЬ;35262;None;;;;;;1=OPEN;;;;;;;Undefined;491;3428;;19.03;5;9;1;Low;;;;ЛОЖЬ;;;;ЛОЖЬ;;;;;;;;;;Output;EPKS_CCB;ESD_931_1;689;;;;;;;;
M;2456_G;;;;;Trip 7;;ЛОЖЬ;ЛОЖЬ;;2456;;;;;;;0;;;;124;ЛОЖЬ;0;;;;;;;;;;;;;;Undefined;491;3428;;;;;;;;;;ЛОЖЬ;;;;;;;;;;;;;;;;;;;;;;;;;
M;C284_4;;;862-34;862-34;Compiler marker (176, 85);;ЛОЖЬ;ЛОЖЬ;;284;;;;;;;0;;;;245;ЛОЖЬ;0;;;;;;;;;;;;;;Undefined;491;3428;;;;;;;;;;ЛОЖЬ;;;;;;;;;;;;;;;;;;;;;;;;;
M;C249_2_F;;;931_10;931_10;Function block marker;;ЛОЖЬ;ЛОЖЬ;;249;;;;;;;0;;;;835;ЛОЖЬ;0;;;;;;;;;;;;;;Undefined;;;;;;;;;;;;ЛОЖЬ;ИСТИНА;;;;;;;;;;;;;;;;;;;;;;;;
M;316_322_2;;;930-09;;93PAHH354_I;;ЛОЖЬ;ЛОЖЬ;;322;;;;;;;0;;;;1519;ЛОЖЬ;0;;;;;;;0=TRIP INITIATOR;;;;;;;Undefined;491;3428;;;;;;;;;;ЛОЖЬ;;;;;;;;;;;;;;;;;;;;;;;;;
M;C370_1_E;;;930-09;930-09;Function block marker;;ЛОЖЬ;ЛОЖЬ;;370;;;;;;;0;;;;1638;ЛОЖЬ;0;;;;;;;;;;;;;;Undefined;491;3428;;;;;;;;;;ЛОЖЬ;;;;;;;;;;;;;;;;;;;;;;;;;
DO;93PAHH274_CA;;COM;930-09;A_93009;CAUSE ALARM;No;ЛОЖЬ;ЛОЖЬ;;440;;;;;;;0;;;;1594;ЛОЖЬ;35470;None;;;;;;0=ALARM;;;;;;;Undefined;491;3428;;;;;;;;;;ЛОЖЬ;;;;;;;;;;;;;;Output;EPKS_CCB;ESD_931_1;518;;;;;;;;
T;380_3;;;930-09;A_93009;;;ЛОЖЬ;ЛОЖЬ;;380;;;;;;;;100 ms;5;;556;ЛОЖЬ;0;;;;;;;;;;;;;;Undefined;;;Delayed OFF with constant timer value;;;;;;;;;ЛОЖЬ;ИСТИНА;;;;;;;;;;;;;;;;;;;;;;;;
M;294_298_3;;;930-09;;93LAHH267_I;;ЛОЖЬ;ЛОЖЬ;;298;;;;;;;0;;;;1480;ЛОЖЬ;0;;;;;;;0=TRIP INITIATOR;;;;;;;Undefined;491;3428;;;;;;;;;;ЛОЖЬ;;;;;;;;;;;;;;;;;;;;;;;;;
T;294_3;;;862-34;;;;ЛОЖЬ;ЛОЖЬ;;294;;;;;;;;100 ms;5;;720;ЛОЖЬ;0;;;;;;;;;;;;;;Undefined;;;Delayed OFF with constant timer value;;;;;;;;;ЛОЖЬ;ИСТИНА;;;;;;;;;;;;;;;;;;;;;;;;
T;370_1;;;930-09;A_93009;;;ЛОЖЬ;ЛОЖЬ;;370;;;;;;;;100 ms;5;;540;ЛОЖЬ;0;;;;;;;;;;;;;;Undefined;;;Delayed OFF with constant timer value;;;;;;;;;ЛОЖЬ;ИСТИНА;;;;;;;;;;;;;;;;;;;;;;;;
DI;19-SoeBufferFull;;SYS;;;SOE BUFFER FULL;Yes;ЛОЖЬ;;;0;;;;;;;;;;;17;ИСТИНА;35200;None;;;;;;;;;;;;;Undefined;491;3428;;;;;;;;;;ЛОЖЬ;;;;ЛОЖЬ;;;;;;;;;;Output;EPKS_CCB;ESD_931_1;541;;;;;;;;
M;306_312_2;;;930-09;;93PAHH352_I;;ЛОЖЬ;ЛОЖЬ;;312;;;;;;;0;;;;1505;ЛОЖЬ;0;;;;;;;0=TRIP INITIATOR;;;;;;;Undefined;491;3428;;;;;;;;;;ЛОЖЬ;;;;;;;;;;;;;;;;;;;;;;;;;
DO;93LI265A_TF;;COM;930-09;A_93009;TRANSM. FAIL;No;ЛОЖЬ;ЛОЖЬ;;292;;;;;;;0;;;;667;ИСТИНА;35461;None;;;;;;0=ALARM;0=ALARM;;;;;;Undefined;;;;;;;;;;;;ЛОЖЬ;ИСТИНА;;;;;;;;;;;;;Output;EPKS_CCB;ESD_931_1;700;;;;;;;;
M;290_298_3;;;930-09;;93LAHH215_I;;ЛОЖЬ;ЛОЖЬ;;298;;;;;;;0;;;;1478;ЛОЖЬ;0;;;;;;;0=TRIP INITIATOR;;;;;;;Undefined;491;3428;;;;;;;;;;ЛОЖЬ;;;;;;;;;;;;;;;;;;;;;;;;;
M;C240_4_E;;;862-34;862-34;Function block marker;;ЛОЖЬ;ЛОЖЬ;;240;;;;;;;0;;;;610;ЛОЖЬ;0;;;;;;;;;;;;;;Undefined;;;;;;;;;;;;ЛОЖЬ;ИСТИНА;;;;;;;;;;;;;;;;;;;;;;;;
DI;93XSC206;;MCC;930-09;A_93009;SHUTTER 93XV206- OFF;Yes;ИСТИНА;ЛОЖЬ;;390;;;;;;;;;;;24;ЛОЖЬ;35263;None;;;;;;1=CLOSE;;;;;;;Undefined;491;3428;;19.03;3;1;1;Low;;;;ЛОЖЬ;;;;ЛОЖЬ;;;;;;;;;;Output;EPKS_CCB;ESD_931_1;592;;;;;;;;
M;C272_6_G;;;862-34;862-34;Function block marker;;ЛОЖЬ;ЛОЖЬ;;272;;;;;;;0;;;;812;ЛОЖЬ;0;;;;;;;;;;;;;;Undefined;;;;;;;;;;;;ЛОЖЬ;ИСТИНА;;;;;;;;;;;;;;;;;;;;;;;;
DO;93XY213A;;MCC;930-09;A_93009;EMERG SHUT OPEN 93XV213;Yes;ИСТИНА;ЛОЖЬ;;298;;;;;;;0;;;;60;ЛОЖЬ;35264;None;;;;;;1=OPEN;;;;;;;Undefined;491;3428;;19.04;13;5;1;Appl;;;;ЛОЖЬ;;;;;;;;;;;;;;;;;;;;;;;;;
M;246_5;;;862-34;;;;ЛОЖЬ;ЛОЖЬ;;246;;;;;;;0;;;;616;ЛОЖЬ;0;;;;;;;;;;;;;;Undefined;;;;;;;;;;;;ЛОЖЬ;ИСТИНА;;;;;;;;;;;;;;;;;;;;;;;;
M;C272_6_E;;;862-34;862-34;Function block marker;;ЛОЖЬ;ЛОЖЬ;;272;;;;;;;0;;;;810;ЛОЖЬ;0;;;;;;;;;;;;;;Undefined;;;;;;;;;;;;ЛОЖЬ;ИСТИНА;;;;;;;;;;;;;;;;;;;;;;;;
DI;19-ExtComFaultCC6;;SYS;;;EXT COM FAULT COM CH 6;Yes;ЛОЖЬ;;;16;;;;;;;;;;;11;ЛОЖЬ;0;None;;;;;;;;;;;;;Undefined;491;3428;;;;;;;;;;ЛОЖЬ;;;;ЛОЖЬ;;;;;;;;;;;;;;;;;;;;;
DO;93LI211_TF;;COM;862-34;;TRANSM. FAIL;No;ЛОЖЬ;ЛОЖЬ;;244;;;;;;;0;;;;396;ИСТИНА;35458;None;;;;;;0=TRIP;0=TRIP;;;;;;Undefined;;;;;;;;;;;;ЛОЖЬ;ИСТИНА;;;;;;;;;;;;;Output;EPKS_CCB;ESD_931_1;564;;;;;;;;
T;279_1;;;;;;;ЛОЖЬ;ЛОЖЬ;;279;;;;;;;;100 ms;5;;516;ЛОЖЬ;0;;;;;;;;;;;;;;Undefined;;;Delayed OFF with constant timer value;;;;;;;;;ЛОЖЬ;ИСТИНА;;;;;;;;;;;;;;;;;;;;;;;;
M;C246_1_B;;;862-34;862-34;Function block marker;;ЛОЖЬ;ЛОЖЬ;;246;;;;;;;0;;;;852;ЛОЖЬ;0;;;;;;;;;;;;;;Undefined;;;;;;;;;;;;ЛОЖЬ;ИСТИНА;;;;;;;;;;;;;;;;;;;;;;;;
T;254_1;;;862-34;;;;ЛОЖЬ;ЛОЖЬ;;254;;;;;;;;100 ms;20;;200;ЛОЖЬ;0;;;;;;;;;;;;;;Undefined;491;3428;Pulse retriggerable with constant timer value;;;;;;;;;ЛОЖЬ;;;;;;;;;;;;;;;;;;;;;;;;;
M;C262_2_E;;;930-09;930-09;Function block marker;;ЛОЖЬ;ЛОЖЬ;;262;;;;;;;0;;;;1734;ЛОЖЬ;0;;;;;;;;;;;;;;Undefined;491;3428;;;;;;;;;;ЛОЖЬ;;;;;;;;;;;;;;;;;;;;;;;;;
DO;93XY229_C;;COM;862-34;;EMERG SHUT CLOS 93XV229;No;ЛОЖЬ;ЛОЖЬ;;420;;;;;;;0;;;;444;ИСТИНА;35568;None;;;;;;0=TRIP;;;;;;;Undefined;491;3428;;;;;;;;;;ЛОЖЬ;;;;;;;;;;;;;;Output;EPKS_CCB;ESD_931_1;649;;;;;;;;
M;2490_C;;;;;Ready to reset/ 1=Ready;;ЛОЖЬ;ЛОЖЬ;;2490;;;;;;;0;;;;157;ЛОЖЬ;0;;;;;;;;;;;;;;Undefined;491;3428;;;;;;;;;;ЛОЖЬ;;;;;;;;;;;;;;;;;;;;;;;;;
BO;93PI354_HH;;COM;930-09;A_93009;HH TRIP SETPOINT(Pa);No;ЛОЖЬ;ЛОЖЬ;;316;;Float;;;;;0;;;;480;;0;;;;;;;;;0;0;;;;-XXXXX.X;491;3428;;;;;;;;;;ЛОЖЬ;;;;;;;;;;;;;;Output;EPKS_CCB;ESD_931_1;10131;;;;;;;;
T;292_5;;;930-09;A_93009;;;ЛОЖЬ;ЛОЖЬ;;292;;;;;;;;100 ms;5;;680;ЛОЖЬ;0;;;;;;;;;;;;;;Undefined;;;Delayed OFF with constant timer value;;;;;;;;;ЛОЖЬ;ИСТИНА;;;;;;;;;;;;;;;;;;;;;;;;
M;2420_E;;;;;0=Transm. failed;;ЛОЖЬ;ЛОЖЬ;;2420;;;;;;;0;;;;104;ЛОЖЬ;0;;;;;;;;;;;;;;Undefined;491;3428;;;;;;;;;;ЛОЖЬ;;;;;;;;;;;;;;;;;;;;;;;;;
M;306_2;;;930-09;;;;ЛОЖЬ;ЛОЖЬ;;306;;;;;;;0;;;;1497;ЛОЖЬ;0;;;;;;;;;;;;;;Undefined;491;3428;;;;;;;;;;ЛОЖЬ;;;;;;;;;;;;;;;;;;;;;;;;;
DO;93XY209;;MCC;930-09;A_93009;EMERG SHUT CLOS 93XV209;Yes;ИСТИНА;ЛОЖЬ;;400;;;;;;;0;;;;45;ЛОЖЬ;35265;None;;;;;;1=CLOSE;;;;;;;Undefined;491;3428;;19.04;11;6;1;Appl;;;;ЛОЖЬ;;;;;;;;;;;;;;;;;;;;;;;;;
DO;93LAHH265A_CA;;COM;930-09;A_93009;CAUSE ALARM;No;ЛОЖЬ;ЛОЖЬ;;292;;;;;;;0;;;;666;ЛОЖЬ;0;None;;;;;;0=ALARM;0=ALARM;;;;;;Undefined;;;;;;;;;;;;ЛОЖЬ;ИСТИНА;;;;;;;;;;;;;Output;EPKS_CCB;ESD_931_1;699;;;;;;;;
DO;93XY216;;MCC;930-09;A_93009;GATE VALVE IN FUEL GAS;Yes;ИСТИНА;ЛОЖЬ;;312;;;;;;;0;;;;62;ЛОЖЬ;35266;None;;;;;;1=CLOSE;;;;;;;Undefined;491;3428;;19.04;13;7;1;Appl;;;;ЛОЖЬ;;;;;;;;;;;;;;;;;;;;;;;;;
DI;19-InputLoopFault;;SYS;;;INPUT LOOP FAULT;Yes;ЛОЖЬ;;;17;;;;;;;;;;;22;ЛОЖЬ;0;None;;;;;;;;;;;;;Undefined;491;3428;;;;;;;;;;ЛОЖЬ;;;;ЛОЖЬ;;;;;;;;;;;;;;;;;;;;;
DI;PCDI_1_931_1_FLT;;COM;;;ESD_931_1 to-from CC_931_1;No;ЛОЖЬ;ИСТИНА;;21;;;;;;;0;;;;479;ЛОЖЬ;0;None;;;;;;1=ALARM;;;;;;;Undefined;491;3428;;;;;;High;;;;ЛОЖЬ;;;;ЛОЖЬ;;Input;CC_CCB_1;ESD_931_1;32;;;;;;;;;;;;;;;;
M;244_254_2;;;862-34;;93LALL212_I;;ЛОЖЬ;ЛОЖЬ;;254;;;;;;;0;;;;1387;ЛОЖЬ;0;;;;;;;0=TRIP INITIATOR;;;;;;;Undefined;491;3428;;;;;;;;;;ЛОЖЬ;;;;;;;;;;;;;;;;;;;;;;;;;
M;C308_3_F;;;862-34;862-34;Function block marker;;ЛОЖЬ;ЛОЖЬ;;308;;;;;;;0;;;;702;ЛОЖЬ;0;;;;;;;;;;;;;;Undefined;;;;;;;;;;;;ЛОЖЬ;ИСТИНА;;;;;;;;;;;;;;;;;;;;;;;;
M;C274_2_F;;;862-34;862-34;Function block marker;;ЛОЖЬ;ЛОЖЬ;;274;;;;;;;0;;;;787;ЛОЖЬ;0;;;;;;;;;;;;;;Undefined;;;;;;;;;;;;ЛОЖЬ;ИСТИНА;;;;;;;;;;;;;;;;;;;;;;;;
M;C296_4_F;;;930-09;930-09;Function block marker;;ЛОЖЬ;ЛОЖЬ;;296;;;;;;;0;;;;717;ЛОЖЬ;0;;;;;;;;;;;;;;Undefined;;;;;;;;;;;;ЛОЖЬ;ИСТИНА;;;;;;;;;;;;;;;;;;;;;;;;
T;262_9;;;930-09;A_93009;;;ЛОЖЬ;ЛОЖЬ;;262;;;;;;;;100 ms;5;;448;ЛОЖЬ;0;;;;;;;;;;;;;;Undefined;;;Delayed OFF with constant timer value;;;;;;;;;ЛОЖЬ;ИСТИНА;;;;;;;;;;;;;;;;;;;;;;;;
M;C272_1_E;;;862-34;862-34;Function block marker;;ЛОЖЬ;ЛОЖЬ;;272;;;;;;;0;;;;1729;ЛОЖЬ;0;;;;;;;;;;;;;;Undefined;491;3428;;;;;;;;;;ЛОЖЬ;;;;;;;;;;;;;;;;;;;;;;;;;
M;C247_1_E;;;;;Function block marker;;ЛОЖЬ;ЛОЖЬ;;247;;;;;;;0;;;;849;ЛОЖЬ;0;;;;;;;;;;;;;;Undefined;;;;;;;;;;;;ЛОЖЬ;ИСТИНА;;;;;;;;;;;;;;;;;;;;;;;;
T;256_1;;;862-34;;;;ЛОЖЬ;ЛОЖЬ;;256;;;;;;;;1 s;30;;12;ЛОЖЬ;0;;;;;;;;;;;;;;Undefined;;;Delayed OFF with constant timer value;;;;;;;;;ЛОЖЬ;ИСТИНА;;;;;;;;;;;;;;;;;;;;;;;;
DO;93XY204_C;;COM;862-34;;EMERG SHUT OPEN 93XV204;No;ЛОЖЬ;ЛОЖЬ;;390;;;;;;;0;;;;435;ИСТИНА;35583;None;;;;;;0=TRIP;;;;;;;Undefined;491;3428;;;;;;;;;;ЛОЖЬ;;;;;;;;;;;;;;Output;EPKS_CCB;ESD_931_1;618;;;;;;;;
T;246_8;;;862-34;;;;ЛОЖЬ;ЛОЖЬ;;246;;;;;;;;100 ms;5;;316;ЛОЖЬ;0;;;;;;;;;;;;;;Undefined;;;Delayed OFF with constant timer value;;;;;;;;;ЛОЖЬ;ИСТИНА;;;;;;;;;;;;;;;;;;;;;;;;
M;C277_2_E;;;;;Function block marker;;ЛОЖЬ;ЛОЖЬ;;277;;;;;;;0;;;;775;ЛОЖЬ;0;;;;;;;;;;;;;;Undefined;;;;;;;;;;;;ЛОЖЬ;ИСТИНА;;;;;;;;;;;;;;;;;;;;;;;;
DO;93LI214_TF;;COM;930-09;A_93009;TRANSM. FAIL;No;ЛОЖЬ;ЛОЖЬ;;290;;;;;;;0;;;;613;ИСТИНА;35450;None;;;;;;0=ALARM;0=ALARM;;;;;;Undefined;;;;;;;;;;;;ЛОЖЬ;ИСТИНА;;;;;;;;;;;;;Output;EPKS_CCB;ESD_931_1;566;;;;;;;;
M;C246_2_G;;;862-34;862-34;Function block marker;;ЛОЖЬ;ЛОЖЬ;;246;;;;;;;0;;;;854;ЛОЖЬ;0;;;;;;;;;;;;;;Undefined;;;;;;;;;;;;ЛОЖЬ;ИСТИНА;;;;;;;;;;;;;;;;;;;;;;;;
M;C244_1_F;;;862-34;862-34;Function block marker;;ЛОЖЬ;ЛОЖЬ;;244;;;;;;;0;;;;588;ЛОЖЬ;0;;;;;;;;;;;;;;Undefined;;;;;;;;;;;;ЛОЖЬ;ИСТИНА;;;;;;;;;;;;;;;;;;;;;;;;
M;C380_4_G;;;930-09;930-09;Function block marker;;ЛОЖЬ;ЛОЖЬ;;380;;;;;;;0;;;;678;ЛОЖЬ;0;;;;;;;;;;;;;;Undefined;;;;;;;;;;;;ЛОЖЬ;ИСТИНА;;;;;;;;;;;;;;;;;;;;;;;;
M;246_32_3;;;862-34;;93LT205;;ЛОЖЬ;ЛОЖЬ;;32;;;;;;;0;;;;385;ЛОЖЬ;0;;;;;;;1=MO CONFIRMED;;;;;;;Undefined;;;;;;;;;;;;ЛОЖЬ;ИСТИНА;;;;;;;;;;;;;;;;;;;;;;;;
DO;IB9331_ESD1_D2;;COM;862-34;;FORCES ACTIVE;No;ЛОЖЬ;ЛОЖЬ;;17;;;;;;;0;;;;244;ИСТИНА;35437;None;;;;;;0=ACTIVE;;;;;;;Undefined;491;3428;;;;;;;;;;ЛОЖЬ;;;;;;;;;;;;;;Output;EPKS_CCB;ESD_931_1;590;;;;;;;;
M;294_2;;;930-09;;;;ЛОЖЬ;ЛОЖЬ;;294;;;;;;;0;;;;1469;ЛОЖЬ;0;;;;;;;;;;;;;;Undefined;491;3428;;;;;;;;;;ЛОЖЬ;;;;;;;;;;;;;;;;;;;;;;;;;
M;34_38_1;;;930-09;;MOS_LAMP_930_09;;ЛОЖЬ;ЛОЖЬ;;38;;;;;;;0;;;;1410;ЛОЖЬ;0;;;;;;;1=MOS ACTIVE;;;;;;;Undefined;491;3428;;;;;;;;;;ЛОЖЬ;;;;;;;;;;;;;;;;;;;;;;;;;
M;C380_4_E;;;930-09;930-09;Function block marker;;ЛОЖЬ;ЛОЖЬ;;380;;;;;;;0;;;;527;ЛОЖЬ;0;;;;;;;;;;;;;;Undefined;;;;;;;;;;;;ЛОЖЬ;ИСТИНА;;;;;;;;;;;;;;;;;;;;;;;;
DI;19-RepairTimerStart_CP2;;SYS;;;REPAIR TIME STARTED CP2;Yes;ЛОЖЬ;;;17;;;;;;;;;;;31;ЛОЖЬ;0;None;;;;;;;;;;;;;Undefined;491;3428;;;;;;;;;;ЛОЖЬ;;;;ЛОЖЬ;;;;;;;;;;;;;;;;;;;;;
DI;19-Flasher-2Hz;;SYS;;;2 HZ FLASHER;No;ЛОЖЬ;;;0;;;;;;;;;;;29;ЛОЖЬ;0;None;;;;;;;;;;;;;Undefined;491;3428;;;;;;;;;;ЛОЖЬ;;;;ЛОЖЬ;;;;;;;;;;;;;;;;;;;;;
M;440_442_3;;;862-34;;93PALL274_I;;ЛОЖЬ;ЛОЖЬ;;442;;;;;;;0;;;;483;ЛОЖЬ;0;;;;;;;0=TRIP;;;;;;;Undefined;491;3428;;;;;;;;;;ЛОЖЬ;;;;;;;;;;;;;;;;;;;;;;;;;
DO;93LAHH261_CA;;COM;930-09;A_93009;CAUSE ALARM;No;ЛОЖЬ;ЛОЖЬ;;260;;;;;;;0;;;;1291;ЛОЖЬ;35473;None;;;;;;0=ALARM;;;;;;;Undefined;491;3428;;;;;;;;;;ЛОЖЬ;;;;;;;;;;;;;;Output;EPKS_CCB;ESD_931_1;438;;;;;;;;
M;240_258_2;;;862-34;;93LALL201_I;;ЛОЖЬ;ЛОЖЬ;;258;;;;;;;0;;;;110;ЛОЖЬ;0;;;;;;;0=TRIP INITIATOR;;;;;;;Undefined;491;3428;;;;;;;;;;ЛОЖЬ;;;;;;;;;;;;;;;;;;;;;;;;;
AI;93PI354;;FLD;930-09;A_93009;HYDR SHUNT FL9300901SX;Yes;ИСТИНА;ЛОЖЬ;;316;ИСТИНА;Float;4-20mA;-50;100;KPa-g;;;;;88;ЛОЖЬ;35415;;None;None;None;None;;;;;;;;;-XXXXX.X;3.64;22;;19.03;13;6;1;Top scale;;;;ЛОЖЬ;;ЛОЖЬ;;;;;;;;;;;;Output;EPKS_CCB;ESD_931_1;10085;;;;;;;;
M;127_129_1;;;930-09;;01_19_SNESD_FLT;;ЛОЖЬ;ЛОЖЬ;;129;;;;;;;0;;;;192;ЛОЖЬ;0;;;;;;;0=FAULT;;;;;;;Undefined;491;3428;;;;;;;;;;ЛОЖЬ;;;;;;;;;;;;;;;;;;;;;;;;;
M;C298_4;;;862-34;;Compiler marker (272, 228);;ЛОЖЬ;ЛОЖЬ;;298;;;;;;;0;;;;190;ЛОЖЬ;0;;;;;;;;;;;;;;Undefined;;;;;;;;;;;;ЛОЖЬ;ИСТИНА;;;;;;;;;;;;;;;;;;;;;;;;
M;C127_3;;;862-34;862-34;Compiler marker (288, 234);;ЛОЖЬ;ЛОЖЬ;;127;;;;;;;0;;;;495;ЛОЖЬ;0;;;;;;;;;;;;;;Undefined;491;3428;;;;;;;;;;ЛОЖЬ;;;;;;;;;;;;;;;;;;;;;;;;;
DO;IB9311_ESD1_F1;;COM;930-09;A_93009;CP FAULT;No;ЛОЖЬ;ЛОЖЬ;;16;;;;;;;0;;;;177;ИСТИНА;35474;None;;;;;;0=FAULT;;;;;;;Undefined;491;3428;;;;;;;;;;ЛОЖЬ;;;;;;;;;;;;;;Output;EPKS_CCB;ESD_931_1;575;;;;;;;;
DO;93XY242;;MCC;930-09;A_93009;GATE VALVE CONDENSATE;Yes;ИСТИНА;ЛОЖЬ;;370;;;;;;;0;;;;125;ЛОЖЬ;35268;None;;;;;;1=CLOSE;;;;;;;Undefined;491;3428;;19.05;5;6;1;Appl;;;;ЛОЖЬ;;;;;;;;;;;;;;;;;;;;;;;;;
M;240_252_1;;;930-09;;93LAHH201_I;;ЛОЖЬ;ЛОЖЬ;;252;;;;;;;0;;;;1379;ЛОЖЬ;0;;;;;;;0=TRIP INITIATOR;;;;;;;Undefined;491;3428;;;;;;;;;;ЛОЖЬ;;;;;;;;;;;;;;;;;;;;;;;;;
M;C262_4_F;;;930-09;930-09;Function block marker;;ЛОЖЬ;ЛОЖЬ;;262;;;;;;;0;;;;819;ЛОЖЬ;0;;;;;;;;;;;;;;Undefined;;;;;;;;;;;;ЛОЖЬ;ИСТИНА;;;;;;;;;;;;;;;;;;;;;;;;
M;C260_1;;;930-09;A_93009;Compiler marker (208, 90);;ЛОЖЬ;ЛОЖЬ;;260;;;;;;;0;;;;726;ЛОЖЬ;0;;;;;;;;;;;;;;Undefined;;;;;;;;;;;;ЛОЖЬ;ИСТИНА;;;;;;;;;;;;;;;;;;;;;;;;
AI;93LI222;;FLD;930-09;A_93009;ACIDIC WATER TO V9300903;Yes;ИСТИНА;ЛОЖЬ;;296;ИСТИНА;Float;4-20mA;0;100;%;;;;;212;ЛОЖЬ;35420;;None;None;None;None;;;;-25;-25;;;;-XXXXX.X;3.64;22;;19.03;17;3;1;Bottom scale;;;;ЛОЖЬ;ИСТИНА;ЛОЖЬ;;;;;;;;;;;;Output;EPKS_CCB;ESD_931_1;10073;;;;;;;;
DO;93XY202B_C;;COM;862-34;;EMERG SHUT CLOS 93XV202;No;ЛОЖЬ;ЛОЖЬ;;256;;;;;;;0;;;;260;ИСТИНА;35226;None;;;;;;0=TRIP;;;;;;;Undefined;491;3428;;;;;;;;;;ЛОЖЬ;;;;;;;;;;;;;;Output;EPKS_CCB;ESD_931_1;615;;;;;;;;
M;260_9;;;930-09;A_93009;;;ЛОЖЬ;ЛОЖЬ;;260;;;;;;;0;;;;511;ЛОЖЬ;0;;;;;;;;;;;;;;Undefined;;;;;;;;;;;;ЛОЖЬ;ИСТИНА;;;;;;;;;;;;;;;;;;;;;;;;
T;240_9;;;862-34;;;;ЛОЖЬ;ЛОЖЬ;;240;;;;;;;;100 ms;5;;272;ЛОЖЬ;0;;;;;;;;;;;;;;Undefined;;;Delayed OFF with constant timer value;;;;;;;;;ЛОЖЬ;ИСТИНА;;;;;;;;;;;;;;;;;;;;;;;;
DO;93XY216_C;;COM;862-34;;GATE VALVE IN FUEL GAS;No;ЛОЖЬ;ЛОЖЬ;;312;;;;;;;0;;;;416;ИСТИНА;35277;None;;;;;;0=TRIP;;;;;;;Undefined;491;3428;;;;;;;;;;ЛОЖЬ;;;;;;;;;;;;;;Output;EPKS_CCB;ESD_931_1;632;;;;;;;;
DO;93PI274_MOC;;COM;930-09;A_93009;MO CONFIRMED;No;ЛОЖЬ;ЛОЖЬ;;440;;;;;;;0;;;;1593;ИСТИНА;35475;None;;;;;;1=CONFIRMED;;;;;;;Undefined;491;3428;;;;;;;;;;ЛОЖЬ;;;;;;;;;;;;;;Output;EPKS_CCB;ESD_931_1;529;;;;;;;;
BO;93LI222_HH;;COM;930-09;A_93009;HH TRIP SETPOINT (%);No;ЛОЖЬ;ЛОЖЬ;;296;;Float;;;;;0;;;;460;;0;;;;;;;;;0;0;;;;-XXXXX.X;491;3428;;;;;;;;;;ЛОЖЬ;;;;;;;;;;;;;;Output;EPKS_CCB;ESD_931_1;10110;;;;;;;;
M;262_7;;;930-09;A_93009;;;ЛОЖЬ;ЛОЖЬ;;262;;;;;;;0;;;;512;ЛОЖЬ;0;;;;;;;;;;;;;;Undefined;;;;;;;;;;;;ЛОЖЬ;ИСТИНА;;;;;;;;;;;;;;;;;;;;;;;;
M;C298_2;;;862-34;;Compiler marker (272, 78);;ЛОЖЬ;ЛОЖЬ;;298;;;;;;;0;;;;179;ЛОЖЬ;0;;;;;;;;;;;;;;Undefined;;;;;;;;;;;;ЛОЖЬ;ИСТИНА;;;;;;;;;;;;;;;;;;;;;;;;
M;2490_2;;;;;;;ЛОЖЬ;ЛОЖЬ;;2490;;;;;;;0;;;;251;ЛОЖЬ;0;;;;;;;;;;;;;;Undefined;491;3428;;;;;;;;;;ЛОЖЬ;;;;;;;;;;;;;;;;;;;;;;;;;
R;2457_E;;;;;Input 5;;ЛОЖЬ;ЛОЖЬ;;2457;;Float;;;;;0;;;;118;ЛОЖЬ;0;;;;;;;;;;;;;;Undefined;491;3428;;;;;;;;;;ЛОЖЬ;;;;;;;;;;;;;;;;;;;;;;;;;
M;C440_5_F;;;862-34;862-34;Function block marker;;ЛОЖЬ;ЛОЖЬ;;440;;;;;;;0;;;;886;ЛОЖЬ;0;;;;;;;;;;;;;;Undefined;;;;;;;;;;;;ЛОЖЬ;ИСТИНА;;;;;;;;;;;;;;;;;;;;;;;;
M;290_9;;;862-34;;;;ЛОЖЬ;ЛОЖЬ;;290;;;;;;;0;;;;279;ЛОЖЬ;0;;;;;;;;;;;;;;Undefined;;;;;;;;;;;;ЛОЖЬ;ИСТИНА;;;;;;;;;;;;;;;;;;;;;;;;
DO;93XY207_C;;COM;862-34;;EMERG SHUT CLOS 93XV207;No;ЛОЖЬ;ЛОЖЬ;;400;;;;;;;0;;;;438;ИСТИНА;35278;None;;;;;;0=TRIP;;;;;;;Undefined;491;3428;;;;;;;;;;ЛОЖЬ;;;;;;;;;;;;;;Output;EPKS_CCB;ESD_931_1;621;;;;;;;;
BO;93LI205_HH;;COM;862-34;;HH TRIP SETPOINT (%);No;ЛОЖЬ;ЛОЖЬ;;246;;Float;;;;;0;;;;324;;0;;;;;;;;;0;0;;;;-XXXXX.X;491;3428;;;;;;;;;;ЛОЖЬ;;;;;;;;;;;;;;Output;EPKS_CCB;ESD_931_1;10098;;;;;;;;
M;C2450_3;;;;;Compiler marker (256, 258);;ЛОЖЬ;ЛОЖЬ;;2450;;;;;;;0;;;;1616;ЛОЖЬ;0;;;;;;;;;;;;;;Undefined;491;3428;;;;;;;;;;ЛОЖЬ;;;;;;;;;;;;;;;;;;;;;;;;;
BO;93PI352_HH;;COM;930-09;A_93009;HH TRIP SETPOINT (Pa);No;ЛОЖЬ;ЛОЖЬ;;306;;Float;;;;;0;;;;468;;0;;;;;;;;;0;0;;;;-XXXXX.X;491;3428;;;;;;;;;;ЛОЖЬ;;;;;;;;;;;;;;Output;EPKS_CCB;ESD_931_1;10129;;;;;;;;
R;C2495_1;;;;;Compiler register (248, 216);;ЛОЖЬ;ЛОЖЬ;;2495;;Float;;;;;0;;;;444;ЛОЖЬ;0;;;;;;;;;;;;;;Undefined;491;3428;;;;;;;;;;ЛОЖЬ;;;;;;;;;;;;;;;;;;;;;;;;;
DI;93LI264_MOR;;COM;930-09;A_93009;MO REQUEST;No;ЛОЖЬ;ИСТИНА;;272;;;;;;;0;;;;1793;ЛОЖЬ;0;None;;;;;;1=REQUEST;;;;;;;Undefined;491;3428;;;;;;Freeze;;;;ЛОЖЬ;;;;ЛОЖЬ;;;;;;;;;;Input;EPKS_CCB;ESD_931_1;18;;;;;;;;
M;C380_4_F;;;930-09;930-09;Function block marker;;ЛОЖЬ;ЛОЖЬ;;380;;;;;;;0;;;;677;ЛОЖЬ;0;;;;;;;;;;;;;;Undefined;;;;;;;;;;;;ЛОЖЬ;ИСТИНА;;;;;;;;;;;;;;;;;;;;;;;;
M;290_8;;;862-34;;;;ЛОЖЬ;ЛОЖЬ;;290;;;;;;;0;;;;248;ЛОЖЬ;0;;;;;;;;;;;;;;Undefined;;;;;;;;;;;;ЛОЖЬ;ИСТИНА;;;;;;;;;;;;;;;;;;;;;;;;
DO;93XSF247_P;;COM;930-09;A_93009;DCS MOV;No;ЛОЖЬ;ЛОЖЬ;;450;;;;;;;0;;;;142;ЛОЖЬ;0;None;;;;;;--;;;;;;;Undefined;491;3428;;;;;;;;;;ЛОЖЬ;;;;;;Output;CC_CCB_1;ESD_931_1;49;;;;;;;;;;;;;;;;
M;C440_2_E;;;862-34;862-34;Function block marker;;ЛОЖЬ;ЛОЖЬ;;440;;;;;;;0;;;;1625;ЛОЖЬ;0;;;;;;;;;;;;;;Undefined;491;3428;;;;;;;;;;ЛОЖЬ;;;;;;;;;;;;;;;;;;;;;;;;;
M;240_8;;;862-34;;;;ЛОЖЬ;ЛОЖЬ;;240;;;;;;;0;;;;99;ЛОЖЬ;0;;;;;;;;;;;;;;Undefined;;;;;;;;;;;;ЛОЖЬ;ИСТИНА;;;;;;;;;;;;;;;;;;;;;;;;
M;308_1;;;930-09;;;;ЛОЖЬ;ЛОЖЬ;;308;;;;;;;0;;;;1495;ЛОЖЬ;0;;;;;;;;;;;;;;Undefined;491;3428;;;;;;;;;;ЛОЖЬ;;;;;;;;;;;;;;;;;;;;;;;;;
DI;19-OutputFault;;SYS;;;OUTPUT CHANNEL FAULT;Yes;ЛОЖЬ;;;17;;;;;;;;;;;24;ЛОЖЬ;0;None;;;;;;;;;;;;;Undefined;491;3428;;;;;;;;;;ЛОЖЬ;;;;ЛОЖЬ;;;;;;;;;;;;;;;;;;;;;
DO;93XSC206_P;;COM;930-09;A_93009;DCS MOV PI[1] 93XV204;No;ЛОЖЬ;ЛОЖЬ;;390;;;;;;;0;;;;202;ЛОЖЬ;0;None;;;;;;1=PERMISSIVE;;;;;;;Undefined;491;3428;;;;;;;;;;ЛОЖЬ;;;;;;Output;CC_CCB_1;ESD_931_1;33;;;;;;;;;;;;;;;;
M;262_264_2;;;930-09;;93LAHH263_I;;ЛОЖЬ;ЛОЖЬ;;264;;;;;;;0;;;;1406;ЛОЖЬ;0;;;;;;;0=TRIP INITIATOR;;;;;;;Undefined;491;3428;;;;;;;;;;ЛОЖЬ;;;;;;;;;;;;;;;;;;;;;;;;;
M;C326_2_B;;;862-34;862-34;Function block marker;;ЛОЖЬ;ЛОЖЬ;;326;;;;;;;0;;;;1653;ЛОЖЬ;0;;;;;;;;;;;;;;Undefined;491;3428;;;;;;;;;;ЛОЖЬ;;;;;;;;;;;;;;;;;;;;;;;;;
M;C248_3_E;;;862-34;862-34;Function block marker;;ЛОЖЬ;ЛОЖЬ;;248;;;;;;;0;;;;842;ЛОЖЬ;0;;;;;;;;;;;;;;Undefined;;;;;;;;;;;;ЛОЖЬ;ИСТИНА;;;;;;;;;;;;;;;;;;;;;;;;
T;2450_1;;;930-09;;;;ЛОЖЬ;ЛОЖЬ;;2450;;;;;;;;100 ms;10;;0;ЛОЖЬ;0;;;;;;;;;;;;;;Undefined;491;3428;Delayed OFF with constant timer value;;;;;;;;;ЛОЖЬ;;;;;;;;;;;;;;;;;;;;;;;;;
DO;93PI353A_TF;;COM;862-34;;TRANSM. FAIL;No;ЛОЖЬ;ЛОЖЬ;;308;;;;;;;0;;;;658;ИСТИНА;35436;None;;;;;;0=ALARM;0=ALARM;;;;;;Undefined;;;;;;;;;;;;ЛОЖЬ;ИСТИНА;;;;;;;;;;;;;Output;EPKS_CCB;ESD_931_1;687;;;;;;;;
BO;93TI999_HH;;COM;930-09;A_93009;HH TRIP SETPOIN (C);No;ЛОЖЬ;ЛОЖЬ;;326;;Float;;;;;0;;;;492;;0;;;;;;;;;0;0;;;;-XXXXX.X;491;3428;;;;;;;;;;ЛОЖЬ;;;;;;;;;;;;;;Output;EPKS_CCB;ESD_931_1;10138;;;;;;;;
DO;93TAHH999_CA;;COM;930-09;A_93009;CAUSE ALARM;No;ЛОЖЬ;ЛОЖЬ;;326;;;;;;;0;;;;1367;ЛОЖЬ;35479;None;;;;;;0=ALARM;;;;;;;Undefined;491;3428;;;;;;;;;;ЛОЖЬ;;;;;;;;;;;;;;Output;EPKS_CCB;ESD_931_1;550;;;;;;;;
DO;93LAHH264_P;;COM;930-09;A_93009;PERM (0) SIG 93XV210;No;ЛОЖЬ;ЛОЖЬ;;284;;;;;;;0;;;;209;ЛОЖЬ;0;None;;;;;;0=PERMISSIVE;;;;;;;Undefined;491;3428;;;;;;;;;;ЛОЖЬ;;;;;;Output;CC_CCB_1;ESD_931_1;68;;;;;;;;;;;;;;;;
M;C370_3_E;;;930-09;930-09;Function block marker;;ЛОЖЬ;ЛОЖЬ;;370;;;;;;;0;;;;531;ЛОЖЬ;0;;;;;;;;;;;;;;Undefined;;;;;;;;;;;;ЛОЖЬ;ИСТИНА;;;;;;;;;;;;;;;;;;;;;;;;
DI;19-ExtComFaultCC8;;SYS;;;EXT COM FAULT COM CH 8;Yes;ЛОЖЬ;;;16;;;;;;;;;;;13;ЛОЖЬ;0;None;;;;;;;;;;;;;Undefined;491;3428;;;;;;;;;;ЛОЖЬ;;;;ЛОЖЬ;;;;;;;;;;;;;;;;;;;;;
BO;93LI203_LL;;COM;930-09;A_93009;LL TRIP SETPOINT (%);No;ЛОЖЬ;ЛОЖЬ;;242;;Float;;;;;0;;;;312;;0;;;;;;;;;0;0;;;;-XXXXX.X;491;3428;;;;;;;;;;ЛОЖЬ;;;;;;;;;;;;;;Output;EPKS_CCB;ESD_931_1;10097;;;;;;;;
T;296_5;;;930-09;A_93009;;;ЛОЖЬ;ЛОЖЬ;;296;;;;;;;;100 ms;5;;524;ЛОЖЬ;0;;;;;;;;;;;;;;Undefined;;;Delayed OFF with constant timer value;;;;;;;;;ЛОЖЬ;ИСТИНА;;;;;;;;;;;;;;;;;;;;;;;;
M;C296_1_G;;;930-09;930-09;Function block marker;;ЛОЖЬ;ЛОЖЬ;;296;;;;;;;0;;;;533;ЛОЖЬ;0;;;;;;;;;;;;;;Undefined;;;;;;;;;;;;ЛОЖЬ;ИСТИНА;;;;;;;;;;;;;;;;;;;;;;;;
M;2470_A;;;;;Loop;;ЛОЖЬ;ЛОЖЬ;;2470;;;;;;;0;;;;138;ЛОЖЬ;0;;;;;;;;;;;;;;Undefined;491;3428;;;;;;;;;;ЛОЖЬ;;;;;;;;;;;;;;;;;;;;;;;;;
M;C440_3_F;;;862-34;862-34;Function block marker;;ЛОЖЬ;ЛОЖЬ;;440;;;;;;;0;;;;522;ЛОЖЬ;0;;;;;;;;;;;;;;Undefined;;;;;;;;;;;;ЛОЖЬ;ИСТИНА;;;;;;;;;;;;;;;;;;;;;;;;
M;316_3;;;930-09;;;;ЛОЖЬ;ЛОЖЬ;;316;;;;;;;0;;;;281;ЛОЖЬ;0;;;;;;;;;;;;;;Undefined;491;3428;;;;;;;;;;ЛОЖЬ;;;;;;;;;;;;;;;;;;;;;;;;;
T;290_1;;;930-09;A_93009;;;ЛОЖЬ;ЛОЖЬ;;290;;;;;;;;100 ms;5;;460;ЛОЖЬ;0;;;;;;;;;;;;;;Undefined;;;Delayed OFF with constant timer value;;;;;;;;;ЛОЖЬ;ИСТИНА;;;;;;;;;;;;;;;;;;;;;;;;
M;282_284_1;;;930-09;;93LDI217_219;;ЛОЖЬ;ЛОЖЬ;;284;;;;;;;0;;;;1427;ЛОЖЬ;0;;;;;;;;;;;;;;Undefined;491;3428;;;;;;;;;;ЛОЖЬ;;;;;;;;;;;;;;;;;;;;;;;;;
DO;93XY245A_C;;COM;862-34;;EMERG SHUT OPEN 93XV245;No;ЛОЖЬ;ЛОЖЬ;;264;;;;;;;0;;;;266;ИСТИНА;35290;None;;;;;;0=TRIP;;;;;;;Undefined;491;3428;;;;;;;;;;ЛОЖЬ;;;;;;;;;;;;;;Output;EPKS_CCB;ESD_931_1;667;;;;;;;;
T;298_2;;;862-34;;;;ЛОЖЬ;ЛОЖЬ;;298;;;;;;;;100 ms;30;;84;ЛОЖЬ;0;;;;;;;;;;;;;;Undefined;;;Delayed OFF with constant timer value;;;;;;;;;ЛОЖЬ;ИСТИНА;;;;;;;;;;;;;;;;;;;;;;;;
DO;93LI206_TF;;COM;93-009;A_93009;TRANSM. FAIL;No;ЛОЖЬ;ЛОЖЬ;;249;;;;;;;0;;;;632;ИСТИНА;35424;None;;;;;;0=ALARM;0=ALARM;;;;;;Undefined;;;;;;;;;;;;ЛОЖЬ;ИСТИНА;;;;;;;;;;;;;Output;EPKS_CCB;ESD_931_1;554;;;;;;;;
BO;IB9311_ESD1_MINUTE;;COM;;;MINUTE;No;ЛОЖЬ;ЛОЖЬ;;19;;Byte;;;;;0;;;;39;;0;;None;None;None;None;;;;;;;;;-XXXXX.X;;;;;;;;;;;;ЛОЖЬ;ИСТИНА;;;;;;;;;;;;;Output;EPKS_CCB;ESD_931_1;10206;;;;;;;;
DO;93XY210B_C;;COM;862-34;;EMERG SHUT CLOS 93XV210;No;ЛОЖЬ;ЛОЖЬ;;286;;;;;;;0;;;;402;ИСТИНА;35383;None;;;;;;0=TRIP;;;;;;;Undefined;491;3428;;;;;;;;;;ЛОЖЬ;;;;;;;;;;;;;;Output;EPKS_CCB;ESD_931_1;625;;;;;;;;
M;2450_A;;;;;Signal 1;;ЛОЖЬ;ЛОЖЬ;;2450;;;;;;;0;;;;114;ЛОЖЬ;0;;;;;;;;;;;;;;Undefined;491;3428;;;;;;;;;;ЛОЖЬ;;;;;;;;;;;;;;;;;;;;;;;;;
M;350_1;;;930-09;;;;ЛОЖЬ;ЛОЖЬ;;350;;;;;;;0;;;;1540;ЛОЖЬ;0;;;;;;;;;;;;;;Undefined;491;3428;;;;;;;;;;ЛОЖЬ;;;;;;;;;;;;;;;;;;;;;;;;;
DO;93XY241;;MCC;930-09;A_93009;EMERG SHUT CLOS 93XV241;Yes;ИСТИНА;ЛОЖЬ;;360;;;;;;;0;;;;124;ЛОЖЬ;35270;None;;;;;;1=CLOSE;;;;;;;Undefined;491;3428;;19.05;5;5;1;Appl;;;;ЛОЖЬ;;;;;;;;;;;;;;;;;;;;;;;;;
M;264_2;;;862-34;;;;ЛОЖЬ;ЛОЖЬ;;264;;;;;;;0;;;;60;ЛОЖЬ;0;;;;;;;;;;;;;;Undefined;;;;;;;;;;;;ЛОЖЬ;ИСТИНА;;;;;;;;;;;;;;;;;;;;;;;;
DO;93LAHH212_P;;COM;930-09;A_93009;PERM (0) SIG 93XV220;No;ЛОЖЬ;ЛОЖЬ;;252;;;;;;;0;;;;216;ЛОЖЬ;0;None;;;;;;0=PERMISSIVE;;;;;;;Undefined;491;3428;;;;;;;;;;ЛОЖЬ;;;;;;Output;CC_CCB_1;ESD_931_1;58;;;;;;;;;;;;;;;;
M;C380_5_F;;;930-09;930-09;Function block marker;;ЛОЖЬ;ЛОЖЬ;;380;;;;;;;0;;;;524;ЛОЖЬ;0;;;;;;;;;;;;;;Undefined;;;;;;;;;;;;ЛОЖЬ;ИСТИНА;;;;;;;;;;;;;;;;;;;;;;;;
T;328_5;;;862-34;;;;ЛОЖЬ;ЛОЖЬ;;328;;;;;;;;100 ms;20;;188;ЛОЖЬ;0;;;;;;;;;;;;;;Undefined;;;Pulse retriggerable with constant timer value;;;;;;;;;ЛОЖЬ;ИСТИНА;;;;;;;;;;;;;;;;;;;;;;;;
DO;93XY209_C;;COM;862-34;;EMERG SHUT COS 93XV209;No;ЛОЖЬ;ЛОЖЬ;;400;;;;;;;0;;;;439;ИСТИНА;35384;None;;;;;;0=TRIP;;;;;;;Undefined;491;3428;;;;;;;;;;ЛОЖЬ;;;;;;;;;;;;;;Output;EPKS_CCB;ESD_931_1;623;;;;;;;;
DI;19-TempL_Alarm;;SYS;;;TEMP LOW ALARM;Yes;ЛОЖЬ;;;18;;;;;;;;;;;4;ЛОЖЬ;0;None;;;;;;;;;;;;;Undefined;491;3428;;;;;;;;;;ЛОЖЬ;;;;ЛОЖЬ;;;;;;;;;;;;;;;;;;;;;
BI;19-RepairTimer_CP2;;SYS;;;Repair time CP2;Yes;ЛОЖЬ;;;16;;Word;;;;;;;;;14;;0;;;;;;;;;0;0;;;;-XXXXX.X;491;3428;;;;;;;;;;ЛОЖЬ;;;;;;;;;;;;;;;;;;;;;;;;;
DO;93XY221A;;MCC;930-09;A_93009;EMERG SHUT OPEN 93XV221;Yes;ИСТИНА;ЛОЖЬ;;298;;;;;;;0;;;;76;ЛОЖЬ;35271;None;;;;;;1=OPEN;;;;;;;Undefined;491;3428;;19.04;15;5;1;Appl;;;;ЛОЖЬ;;;;;;;;;;;;;;;;;;;;;;;;;
M;C278_2_E;;;930-09;930-09;Function block marker;;ЛОЖЬ;ЛОЖЬ;;278;;;;;;;0;;;;1712;ЛОЖЬ;0;;;;;;;;;;;;;;Undefined;491;3428;;;;;;;;;;ЛОЖЬ;;;;;;;;;;;;;;;;;;;;;;;;;
DO;93LI205_MOC;;COM;862-34;;MO CONFIRMED;No;ЛОЖЬ;ЛОЖЬ;;246;;;;;;;0;;;;1256;ИСТИНА;35483;None;;;;;;1=CONFIRMED;;;;;;;Undefined;491;3428;;;;;;;;;;ЛОЖЬ;;;;;;;;;;;;;;Output;EPKS_CCB;ESD_931_1;487;;;;;;;;
AI;93LI207;;FLD;862-34;;CONDR SHUNT V9300901B;Yes;ИСТИНА;ЛОЖЬ;;248;ИСТИНА;Float;4-20mA;0;100;%;;;;;80;ЛОЖЬ;35422;;None;None;None;None;;;;-25;-25;;;;-XXXXX.X;3.64;22;;19.03;13;4;1;Bottom scale;;;;ЛОЖЬ;;ЛОЖЬ;;;;;;;;;;;;Output;EPKS_CCB;ESD_931_1;10068;;;;;;;;
AI;93LI260;;FLD;930-09;A_93009;TOR SHUNT COND B9300901D;Yes;ИСТИНА;ЛОЖЬ;;260;ИСТИНА;Float;4-20mA;0;100;%;;;;;128;ЛОЖЬ;35327;;None;None;None;None;;;;;;;;;-XXXXX.X;3.64;22;;19.03;13;16;1;Bottom scale;;;;ЛОЖЬ;ИСТИНА;ЛОЖЬ;;;;;;;;;;;;Output;EPKS_CCB;ESD_931_1;10150;;;;;;;;
M;127_2348_3;;;930-09;;MOS_REL AREA 930-09;;ЛОЖЬ;ЛОЖЬ;;2348;;;;;;;0;;;;1219;ЛОЖЬ;0;;;;;;;1=RELEASED;;;;;;;Undefined;491;3428;;;;;;;;;;ЛОЖЬ;;;;;;;;;;;;;;;;;;;;;;;;;
M;2450_E;;;;;2oo3 Trip Initiator;;ЛОЖЬ;ЛОЖЬ;;2450;;;;;;;0;;;;168;ЛОЖЬ;0;;;;;;;;;;;;;;Undefined;491;3428;;;;;;;;;;ЛОЖЬ;;;;;;;;;;;;;;;;;;;;;;;;;
M;2456_D;;;;;Trip 4;;ЛОЖЬ;ЛОЖЬ;;2456;;;;;;;0;;;;107;ЛОЖЬ;0;;;;;;;;;;;;;;Undefined;491;3428;;;;;;;;;;ЛОЖЬ;;;;;;;;;;;;;;;;;;;;;;;;;
DO;93XY292;;MCC;930-09;A_P93009;AUTO SP P9300901SX;Yes;ИСТИНА;ЛОЖЬ;;328;;;;;;;0;;;;168;ИСТИНА;35273;None;;;;;;0=TRIP;;;;;;;Undefined;491;3428;;19.05;11;1;1;Appl;;;;ЛОЖЬ;;;;;;;;;;;;;;Output;EPKS_CCB;ESD_931_1;675;;;;;;;;
BO;93LI231_LL;;COM;930-09;A_93009;LL TRIP SETPOINT (%);No;ЛОЖЬ;ЛОЖЬ;;380;;Float;;;;;0;;;;520;;0;;;;;;;;;0;0;;;;-XXXXX.X;491;3428;;;;;;;;;;ЛОЖЬ;;;;;;;;;;;;;;Output;EPKS_CCB;ESD_931_1;10114;;;;;;;;
M;C248_2_G;;;862-34;862-34;Function block marker;;ЛОЖЬ;ЛОЖЬ;;248;;;;;;;0;;;;839;ЛОЖЬ;0;;;;;;;;;;;;;;Undefined;;;;;;;;;;;;ЛОЖЬ;ИСТИНА;;;;;;;;;;;;;;;;;;;;;;;;
T;296_1;;;930-09;;;;ЛОЖЬ;ЛОЖЬ;;296;;;;;;;;100 ms;5;;128;ЛОЖЬ;0;;;;;;;;;;;;;;Undefined;491;3428;Delayed OFF with constant timer value;;;;;;;;;ЛОЖЬ;;;;;;;;;;;;;;;;;;;;;;;;;
M;262_264_3;;;862-34;;93LALL263_I;;ЛОЖЬ;ЛОЖЬ;;264;;;;;;;0;;;;58;ЛОЖЬ;0;;;;;;;0=TRIP INITIATOR;;;;;;;Undefined;;;;;;;;;;;;ЛОЖЬ;ИСТИНА;;;;;;;;;;;;;;;;;;;;;;;;
DO;93LALL266A_CA;;COM;862-34;;CAUSE ALARM;No;ЛОЖЬ;ЛОЖЬ;;274;;;;;;;0;;;;671;ЛОЖЬ;0;None;;;;;;0=ALARM;0=ALARM;;;;;;Undefined;;;;;;;;;;;;ЛОЖЬ;ИСТИНА;;;;;;;;;;;;;Output;EPKS_CCB;ESD_931_1;729;;;;;;;;
DO;93LALL265A_CA;;COM;930-09;A_93009;CAUSE ALARM;No;ЛОЖЬ;ЛОЖЬ;;292;;;;;;;0;;;;668;ЛОЖЬ;0;None;;;;;;0=ALARM;0=ALARM;;;;;;Undefined;;;;;;;;;;;;ЛОЖЬ;ИСТИНА;;;;;;;;;;;;;Output;EPKS_CCB;ESD_931_1;726;;;;;;;;
DI;93LI267_MOR;;COM;930-09;A_93009;MO REQUEST;No;ЛОЖЬ;ИСТИНА;;294;;;;;;;0;;;;1796;ЛОЖЬ;0;None;;;;;;1=REQUEST;;;;;;;Undefined;491;3428;;;;;;Freeze;;;;ЛОЖЬ;;;;ЛОЖЬ;;;;;;;;;;Input;EPKS_CCB;ESD_931_1;21;;;;;;;;
M;C272_6_F;;;862-34;862-34;Function block marker;;ЛОЖЬ;ЛОЖЬ;;272;;;;;;;0;;;;811;ЛОЖЬ;0;;;;;;;;;;;;;;Undefined;;;;;;;;;;;;ЛОЖЬ;ИСТИНА;;;;;;;;;;;;;;;;;;;;;;;;
DO;93XY284A_C;;COM;862-34;;EMERG SHUT OPEN 93XV284;No;ЛОЖЬ;ЛОЖЬ;;442;;;;;;;0;;;;484;ИСТИНА;35403;None;;;;;;0=TRIP;;;;;;;Undefined;491;3428;;;;;;;;;;ЛОЖЬ;;;;;;;;;;;;;;Output;EPKS_CCB;ESD_931_1;672;;;;;;;;
T;248_11;;;862-34;;;;ЛОЖЬ;ЛОЖЬ;;248;;;;;;;;100 ms;5;;104;ЛОЖЬ;0;;;;;;;;;;;;;;Undefined;;;Delayed OFF with constant timer value;;;;;;;;;ЛОЖЬ;ИСТИНА;;;;;;;;;;;;;;;;;;;;;;;;
BI;19-RepairTimer_CP1;;SYS;;;Repair time CP1;Yes;ЛОЖЬ;;;16;;Word;;;;;;;;;12;;0;;;;;;;;;0;0;;;;-XXXXX.X;491;3428;;;;;;;;;;ЛОЖЬ;;;;;;;;;;;;;;;;;;;;;;;;;
DO;93LALL205_P;;COM;930-09;A_93009;PERM (1) 93XV206 93XV208;No;ЛОЖЬ;ЛОЖЬ;;390;;;;;;;0;;;;204;ЛОЖЬ;0;None;;;;;;1=PERMISSIVE;;;;;;;Undefined;491;3428;;;;;;;;;;ЛОЖЬ;;;;;;Output;CC_CCB_1;ESD_931_1;55;;;;;;;;;;;;;;;;
M;C272_1_F;;;862-34;862-34;Function block marker;;ЛОЖЬ;ЛОЖЬ;;272;;;;;;;0;;;;808;ЛОЖЬ;0;;;;;;;;;;;;;;Undefined;;;;;;;;;;;;ЛОЖЬ;ИСТИНА;;;;;;;;;;;;;;;;;;;;;;;;
T;279_2;;;;;;;ЛОЖЬ;ЛОЖЬ;;279;;;;;;;;100 ms;5;;520;ЛОЖЬ;0;;;;;;;;;;;;;;Undefined;;;Delayed OFF with constant timer value;;;;;;;;;ЛОЖЬ;ИСТИНА;;;;;;;;;;;;;;;;;;;;;;;;
DO;93TI975_TF;;COM;930-09;A_93009;TRANSM. FAIL;No;ЛОЖЬ;ЛОЖЬ;;1500;;;;;;;0;;;;501;ИСТИНА;0;None;;;;;;0=ALARM;0=ALARM;;;;;;Undefined;;;;;;;;;;;;ЛОЖЬ;ИСТИНА;;;;;;;;;;;;;Output;EPKS_CCB;ESD_931_1;736;;;;;;;;
M;127_0_4;;;862-34;;;;ЛОЖЬ;ЛОЖЬ;;127;;;;;;;0;;;;63;ЛОЖЬ;0;;;;;;;;;;;;;;Undefined;;;;;;;;;;;;ЛОЖЬ;ИСТИНА;;;;;;;;;;;;;;;;;;;;;;;;
T;272_7;;;862-34;;;;ЛОЖЬ;ЛОЖЬ;;272;;;;;;;;100 ms;5;;660;ЛОЖЬ;0;;;;;;;;;;;;;;Undefined;;;Delayed OFF with constant timer value;;;;;;;;;ЛОЖЬ;ИСТИНА;;;;;;;;;;;;;;;;;;;;;;;;
R;C2456_9;;;;;Compiler register (288, 252);;ЛОЖЬ;ЛОЖЬ;;2456;;Float;;;;;0;;;;564;ЛОЖЬ;0;;;;;;;;;;;;;;Undefined;491;3428;;;;;;;;;;ЛОЖЬ;;;;;;;;;;;;;;;;;;;;;;;;;
DI;19-ForcesActive;;SYS;;;FORCES ACTIVE;Yes;ЛОЖЬ;;;17;;;;;;;;;;;23;ЛОЖЬ;0;None;;;;;;;;;;;;;Undefined;491;3428;;;;;;;;;;ЛОЖЬ;;;;ЛОЖЬ;;;;;;;;;;;;;;;;;;;;;
DO;93LAHH266_CA;;COM;930-09;A_93009;CAUSE ALARM;No;ЛОЖЬ;ЛОЖЬ;;274;;;;;;;0;;;;1239;ЛОЖЬ;35486;None;;;;;;0=ALARM;;;;;;;Undefined;491;3428;;;;;;;;;;ЛОЖЬ;;;;;;;;;;;;;;Output;EPKS_CCB;ESD_931_1;446;;;;;;;;
M;2456_F;;;;;Trip 6;;ЛОЖЬ;ЛОЖЬ;;2456;;;;;;;0;;;;126;ЛОЖЬ;0;;;;;;;;;;;;;;Undefined;491;3428;;;;;;;;;;ЛОЖЬ;;;;;;;;;;;;;;;;;;;;;;;;;
DO;93XAC235_C;;COM;862-34;;;No;ЛОЖЬ;ЛОЖЬ;;430;;;;;;;0;;;;39;ЛОЖЬ;0;None;;;;;;1=OVERRIDE;;;;;;;Undefined;;;;;;;;;;;;ЛОЖЬ;ИСТИНА;;;;;;;;;;;;;Output;EPKS_CCB;ESD_931_1;567;;;;;;;;
DO;93XY201B;;MCC;930-09;A_93009;EMERG SHUT CLOS 93XV201;Yes;ИСТИНА;ЛОЖЬ;;254;;;;;;;0;;;;27;ЛОЖЬ;35274;None;;;;;;1=CLOSE;;;;;;;Undefined;491;3428;;19.04;9;4;1;Appl;;;;ЛОЖЬ;;;;;;;;;;;;;;;;;;;;;;;;;
DI;93LI263_MOR;;COM;930-09;A_93009;MO REQUEST;No;ЛОЖЬ;ИСТИНА;;262;;;;;;;0;;;;1792;ЛОЖЬ;0;None;;;;;;1=REQUEST;;;;;;;Undefined;491;3428;;;;;;Freeze;;;;ЛОЖЬ;;;;ЛОЖЬ;;;;;;;;;;Input;EPKS_CCB;ESD_931_1;17;;;;;;;;
M;292_300_4;;;930-09;;93LALL265_I;;ЛОЖЬ;ЛОЖЬ;;300;;;;;;;0;;;;1485;ЛОЖЬ;0;;;;;;;0=TRIP INITIATOR;;;;;;;Undefined;491;3428;;;;;;;;;;ЛОЖЬ;;;;;;;;;;;;;;;;;;;;;;;;;
DI;93XSF207;;MCC;930-09;A_93009;SHUT 93XV207COUPLING;Yes;ИСТИНА;ЛОЖЬ;;450;;;;;;;;;;;28;ИСТИНА;35275;None;;;;;;;;;;;;;Undefined;491;3428;;19.03;3;5;1;Low;;;;ЛОЖЬ;;;;ЛОЖЬ;;;;;;;;;;Output;EPKS_CCB;ESD_931_1;596;;;;;;;;
M;C370_1_G;;;930-09;930-09;Function block marker;;ЛОЖЬ;ЛОЖЬ;;370;;;;;;;0;;;;529;ЛОЖЬ;0;;;;;;;;;;;;;;Undefined;;;;;;;;;;;;ЛОЖЬ;ИСТИНА;;;;;;;;;;;;;;;;;;;;;;;;
DO;IB931_ESD_RT2;;COM;931;;REPAIR TIMER STARTED;No;ИСТИНА;ЛОЖЬ;;17;;;;;;;0;;;;59;ЛОЖЬ;35571;None;;;;;;0=STARTED;;;;;;;Undefined;;;;;;;;;;;;ЛОЖЬ;ИСТИНА;;;;;;;;;;;;;Output;EPKS_CCB;ESD_931_1;540;;;;;;;;
AI;93LI206;;FLD;;;CONDR SHUNT V9300901B;Yes;ИСТИНА;ЛОЖЬ;;249;ИСТИНА;Float;4-20mA;0;100;%;;;;;52;ЛОЖЬ;35324;;None;None;None;None;;;;;;;;;-XXXXX.X;3.64;22;;19.03;11;14;1;Bottom scale;;;;ЛОЖЬ;ИСТИНА;ЛОЖЬ;;;;;;;;;;;;Output;EPKS_CCB;ESD_931_1;10142;;;;;;;;
T;302_3;;;862-34;;;;ЛОЖЬ;ЛОЖЬ;;302;;;;;;;;100 ms;20;;236;ЛОЖЬ;0;;;;;;;;;;;;;;Undefined;491;3428;Pulse retriggerable with constant timer value;;;;;;;;;ЛОЖЬ;;;;;;;;;;;;;;;;;;;;;;;;;
M;C380_1_E;;;930-09;930-09;Function block marker;;ЛОЖЬ;ЛОЖЬ;;380;;;;;;;0;;;;1635;ЛОЖЬ;0;;;;;;;;;;;;;;Undefined;491;3428;;;;;;;;;;ЛОЖЬ;;;;;;;;;;;;;;;;;;;;;;;;;
M;C260_5_E;;;930-09;930-09;Function block marker;;ЛОЖЬ;ЛОЖЬ;;260;;;;;;;0;;;;569;ЛОЖЬ;0;;;;;;;;;;;;;;Undefined;;;;;;;;;;;;ЛОЖЬ;ИСТИНА;;;;;;;;;;;;;;;;;;;;;;;;
DI;19-ExtComFaultCC7;;SYS;;;EXT COM FAULT COM CH 7;Yes;ЛОЖЬ;;;16;;;;;;;;;;;12;ЛОЖЬ;0;None;;;;;;;;;;;;;Undefined;491;3428;;;;;;;;;;ЛОЖЬ;;;;ЛОЖЬ;;;;;;;;;;;;;;;;;;;;;
M;370_36_1;;;930-09;;93LT224;;ЛОЖЬ;ЛОЖЬ;;36;;;;;;;0;;;;1548;ЛОЖЬ;0;;;;;;;1=MO CONFIRMED;;;;;;;Undefined;491;3428;;;;;;;;;;ЛОЖЬ;;;;;;;;;;;;;;;;;;;;;;;;;
DO;93PALL274;;COM;930-09;A_93009;AIR CRL MSR DEV V9300904;No;ЛОЖЬ;ЛОЖЬ;;440;;;;;;;0;;;;1601;ИСТИНА;35488;None;;;;;;0=TRIP;;;;;;;Undefined;491;3428;;;;;;;;;;ЛОЖЬ;;;;;;;;;;;;;;Output;EPKS_CCB;ESD_931_1;527;;;;;;;;
R;246_247_6;;;;;LL TRIP LIMIT;;ЛОЖЬ;ЛОЖЬ;;247;;Float;;;;;0;;;;46;ЛОЖЬ;0;;;;;;;;;;;;;;Undefined;;;;;;;;;;;;ЛОЖЬ;ИСТИНА;;;;;;;;;;;;;;;;;;;;;;;;
M;C262_5_F;;;930-09;930-09;Function block marker;;ЛОЖЬ;ЛОЖЬ;;262;;;;;;;0;;;;563;ЛОЖЬ;0;;;;;;;;;;;;;;Undefined;;;;;;;;;;;;ЛОЖЬ;ИСТИНА;;;;;;;;;;;;;;;;;;;;;;;;
BO;93LI215_LL;;COM;930-09;A_93009;LL TRIP SETPOINT (%);No;ЛОЖЬ;ЛОЖЬ;;290;;Float;;;;;0;;;;432;;0;;;;;;;;;0;0;;;;-XXXXX.X;491;3428;;;;;;;;;;ЛОЖЬ;;;;;;;;;;;;;;Output;EPKS_CCB;ESD_931_1;10105;;;;;;;;
BO;93LI201_HH;;COM;930-09;A_93009;HH TRIP SETPOINT (%);No;ЛОЖЬ;ЛОЖЬ;;240;;Float;;;;;0;;;;300;;0;;;;;;;;;0;0;;;;-XXXXX.X;491;3428;;;;;;;;;;ЛОЖЬ;;;;;;;;;;;;;;Output;EPKS_CCB;ESD_931_1;10094;;;;;;;;
DO;93XY228B_C;;COM;862-34;;EMERG SHUT CLOS 93XV228;No;ЛОЖЬ;ЛОЖЬ;;288;;;;;;;0;;;;407;ИСТИНА;35453;None;;;;;;0=TRIP;;;;;;;Undefined;491;3428;;;;;;;;;;ЛОЖЬ;;;;;;;;;;;;;;Output;EPKS_CCB;ESD_931_1;648;;;;;;;;
M;C274_1_E;;;862-34;862-34;Function block marker;;ЛОЖЬ;ЛОЖЬ;;274;;;;;;;0;;;;1724;ЛОЖЬ;0;;;;;;;;;;;;;;Undefined;491;3428;;;;;;;;;;ЛОЖЬ;;;;;;;;;;;;;;;;;;;;;;;;;
DI;931FLTRES_SYS19;;COM;930-09;A_93009;RESET NON CRITICAL FAULTS;No;ЛОЖЬ;ИСТИНА;;17;;;;;;;0;;;;1776;ИСТИНА;35301;None;;;;;;1=RESET;;;;;;;Undefined;;;;;;;;Low;;;;ЛОЖЬ;ИСТИНА;;;ЛОЖЬ;;;;;;;;;;Input;EPKS_CCB;ESD_931_1;1;;;;;;;;
DO;93LI262_TF;;COM;930-09;A_93009;TRANSM.FAIL;No;ЛОЖЬ;ЛОЖЬ;;262;;;;;;;0;;;;650;ИСТИНА;35421;None;;;;;;0=ALARM;0=ALARM;;;;;;Undefined;;;;;;;;;;;;ЛОЖЬ;ИСТИНА;;;;;;;;;;;;;Output;EPKS_CCB;ESD_931_1;607;;;;;;;;
R;2495_D;;;;;RESULT;;ЛОЖЬ;ЛОЖЬ;;2495;;Float;;;;;0;;;;160;ЛОЖЬ;0;;;;;;;;;;;;;;Undefined;491;3428;;;;;;;;;;ЛОЖЬ;;;;;;;;;;;;;;;;;;;;;;;;;
M;C440_4_G;;;862-34;862-34;Function block marker;;ЛОЖЬ;ЛОЖЬ;;440;;;;;;;0;;;;518;ЛОЖЬ;0;;;;;;;;;;;;;;Undefined;;;;;;;;;;;;ЛОЖЬ;ИСТИНА;;;;;;;;;;;;;;;;;;;;;;;;
DO;93XY247;;MCC;930-09;A_93009;EMERG SHUT CLOS 93XV247;Yes;ИСТИНА;ЛОЖЬ;;266;;;;;;;0;;;;140;ЛОЖЬ;35276;None;;;;;;1=CLOSE;;;;;;;Undefined;491;3428;;19.05;7;5;1;Appl;;;;ЛОЖЬ;;;;;;;;;;;;;;;;;;;;;;;;;
T;2420_1;;;930-09;;;;ЛОЖЬ;ЛОЖЬ;;2420;;;;;;;;100 ms;5;;8;ЛОЖЬ;0;;;;;;;;;;;;;;Undefined;491;3428;Delayed OFF with constant timer value;;;;;;;;;ЛОЖЬ;;;;;;;;;;;;;;;;;;;;;;;;;
R;C2456_3;;;;;Compiler register (288, 90);;ЛОЖЬ;ЛОЖЬ;;2456;;Float;;;;;0;;;;540;ЛОЖЬ;0;;;;;;;;;;;;;;Undefined;491;3428;;;;;;;;;;ЛОЖЬ;;;;;;;;;;;;;;;;;;;;;;;;;
M;C370_1_F;;;930-09;930-09;Function block marker;;ЛОЖЬ;ЛОЖЬ;;370;;;;;;;0;;;;528;ЛОЖЬ;0;;;;;;;;;;;;;;Undefined;;;;;;;;;;;;ЛОЖЬ;ИСТИНА;;;;;;;;;;;;;;;;;;;;;;;;
DO;93LALL201;;COM;930-09;A_93009;CONDR SHUNT B9300901A;No;ЛОЖЬ;ЛОЖЬ;;240;;;;;;;0;;;;1297;ИСТИНА;35489;None;;;;;;0=TRIP;;;;;;;Undefined;491;3428;;;;;;;;;;ЛОЖЬ;;;;;;;;;;;;;;Output;EPKS_CCB;ESD_931_1;449;;;;;;;;
T;244_1;;;862-34;;;;ЛОЖЬ;ЛОЖЬ;;244;;;;;;;;100 ms;5;;192;ЛОЖЬ;0;;;;;;;;;;;;;;Undefined;;;Delayed OFF with constant timer value;;;;;;;;;ЛОЖЬ;ИСТИНА;;;;;;;;;;;;;;;;;;;;;;;;
M;240_254_2;;;862-34;;93LALL201_I;;ЛОЖЬ;ЛОЖЬ;;254;;;;;;;0;;;;1385;ЛОЖЬ;0;;;;;;;0=TRIP INITIATOR;;;;;;;Undefined;491;3428;;;;;;;;;;ЛОЖЬ;;;;;;;;;;;;;;;;;;;;;;;;;
DO;93XY247_C;;COM;862-34;;EMERG SHUT CLOS 93XV247;No;ЛОЖЬ;ЛОЖЬ;;266;;;;;;;0;;;;268;ИСТИНА;35454;None;;;;;;0=TRIP;;;;;;;Undefined;491;3428;;;;;;;;;;ЛОЖЬ;;;;;;;;;;;;;;Output;EPKS_CCB;ESD_931_1;670;;;;;;;;
DI;93TI993_MOR;;COM;930-09;A_93009;MO REQUEST;No;ЛОЖЬ;ИСТИНА;;350;;;;;;;0;;;;1805;ЛОЖЬ;0;None;;;;;;1=REQUEST;;;;;;;Undefined;491;3428;;;;;;Freeze;;;;ЛОЖЬ;;;;ЛОЖЬ;;;;;;;;;;Input;EPKS_CCB;ESD_931_1;30;;;;;;;;
DO;93XY236A_C;;COM;862-34;;EMERG SHUT OPEN 93XV236;No;ЛОЖЬ;ЛОЖЬ;;302;;;;;;;0;;;;414;ИСТИНА;35477;None;;;;;;0=TRIP;;;;;;;Undefined;491;3428;;;;;;;;;;ЛОЖЬ;;;;;;;;;;;;;;Output;EPKS_CCB;ESD_931_1;656;;;;;;;;
M;C278_1_B;;;930-09;930-09;Function block marker;;ЛОЖЬ;ЛОЖЬ;;278;;;;;;;0;;;;763;ЛОЖЬ;0;;;;;;;;;;;;;;Undefined;;;;;;;;;;;;ЛОЖЬ;ИСТИНА;;;;;;;;;;;;;;;;;;;;;;;;
M;C272_4_E;;;862-34;862-34;Function block marker;;ЛОЖЬ;ЛОЖЬ;;272;;;;;;;0;;;;803;ЛОЖЬ;0;;;;;;;;;;;;;;Undefined;;;;;;;;;;;;ЛОЖЬ;ИСТИНА;;;;;;;;;;;;;;;;;;;;;;;;
DO;93LAHH201_P;;COM;930-09;A_93009;PERM (0) SIG 93XV200;No;ЛОЖЬ;ЛОЖЬ;;252;;;;;;;0;;;;198;ЛОЖЬ;0;None;;;;;;0=PERMISSIVE;;;;;;;Undefined;491;3428;;;;;;;;;;ЛОЖЬ;;;;;;Output;CC_CCB_1;ESD_931_1;52;;;;;;;;;;;;;;;;
DO;93LALL222;;COM;930-09;A_93009;ACIDIC WATER TO V9300903;No;ЛОЖЬ;ЛОЖЬ;;296;;;;;;;0;;;;1325;ИСТИНА;35493;None;;;;;;0=TRIP;;;;;;;Undefined;491;3428;;;;;;;;;;ЛОЖЬ;;;;;;;;;;;;;;Output;EPKS_CCB;ESD_931_1;465;;;;;;;;
R;2430_C;;;;;Signal 2;;ЛОЖЬ;ЛОЖЬ;;2430;;Float;;;;;0;;;;108;ЛОЖЬ;0;;;;;;;;;;;;;;Undefined;491;3428;;;;;;;;;;ЛОЖЬ;;;;;;;;;;;;;;;;;;;;;;;;;
DO;93LALL224_P;;COM;930-09;A_93009;PERM (1) 93XV242 93XV243;No;ЛОЖЬ;ЛОЖЬ;;370;;;;;;;0;;;;230;ЛОЖЬ;0;None;;;;;;1=PERMISSIVE;;;;;;;Undefined;491;3428;;;;;;;;;;ЛОЖЬ;;;;;;Output;CC_CCB_1;ESD_931_1;64;;;;;;;;;;;;;;;;
M;C248_2_E;;;862-34;862-34;Function block marker;;ЛОЖЬ;ЛОЖЬ;;248;;;;;;;0;;;;1752;ЛОЖЬ;0;;;;;;;;;;;;;;Undefined;491;3428;;;;;;;;;;ЛОЖЬ;;;;;;;;;;;;;;;;;;;;;;;;;
DO;93LALL217_P;;COM;930-09;A_93009;PERM (1) 93XV224 93XV227;No;ЛОЖЬ;ЛОЖЬ;;410;;;;;;;0;;;;222;ЛОЖЬ;0;None;;;;;;1=PERMISSIVE;;;;;;;Undefined;491;3428;;;;;;;;;;ЛОЖЬ;;;;;;Output;CC_CCB_1;ESD_931_1;61;;;;;;;;;;;;;;;;
DO;93XY240_C;;COM;862-34;;EMERG SHUT CLOS 93XV240;No;ЛОЖЬ;ЛОЖЬ;;360;;;;;;;0;;;;430;ИСТИНА;35478;None;;;;;;0=TRIP;;;;;;;Undefined;491;3428;;;;;;;;;;ЛОЖЬ;;;;;;;;;;;;;;Output;EPKS_CCB;ESD_931_1;661;;;;;;;;
DO;93HS708B;;COM;930-10;A_93010;ESD MOS REL AREA 930-10;No;ЛОЖЬ;ЛОЖЬ;;129;;;;;;;0;;;;197;ИСТИНА;35496;None;;;;;;1=RELEASED;;;;;;;Undefined;491;3428;;;;;;;;;;ЛОЖЬ;;;;;;;;;;;;;;Output;EPKS_CCB;ESD_931_1;688;;;;;;;;
M;276_328_4;;;862-34;;93LALL217_I;;ЛОЖЬ;ЛОЖЬ;;328;;;;;;;0;;;;625;ЛОЖЬ;0;;;;;;;0=TRIP INITIATOR;;;;;;;Undefined;;;;;;;;;;;;ЛОЖЬ;ИСТИНА;;;;;;;;;;;;;;;;;;;;;;;;
R;C2456_7;;;;;Compiler register (288, 198);;ЛОЖЬ;ЛОЖЬ;;2456;;Float;;;;;0;;;;556;ЛОЖЬ;0;;;;;;;;;;;;;;Undefined;491;3428;;;;;;;;;;ЛОЖЬ;;;;;;;;;;;;;;;;;;;;;;;;;
DO;93PI355_MOC;;COM;930-09;A_93009;MO CONFIRMED;No;ЛОЖЬ;ЛОЖЬ;;318;;;;;;;0;;;;1344;ИСТИНА;35497;None;;;;;;1=CONFIRMED;;;;;;;Undefined;491;3428;;;;;;;;;;ЛОЖЬ;;;;;;;;;;;;;;Output;EPKS_CCB;ESD_931_1;537;;;;;;;;
M;C274_2_G;;;862-34;862-34;Function block marker;;ЛОЖЬ;ЛОЖЬ;;274;;;;;;;0;;;;788;ЛОЖЬ;0;;;;;;;;;;;;;;Undefined;;;;;;;;;;;;ЛОЖЬ;ИСТИНА;;;;;;;;;;;;;;;;;;;;;;;;
M;278_34_3;;;862-34;;93LT219;;ЛОЖЬ;ЛОЖЬ;;34;;;;;;;0;;;;654;ЛОЖЬ;0;;;;;;;1=MO CONFIRMED;;;;;;;Undefined;;;;;;;;;;;;ЛОЖЬ;ИСТИНА;;;;;;;;;;;;;;;;;;;;;;;;
AI;93LI205;;FLD;862-34;;CONDR SHUNT V9300901A;Yes;ИСТИНА;ЛОЖЬ;;246;ИСТИНА;Float;4-20mA;0;100;%;;;;;12;ЛОЖЬ;35451;;None;None;None;None;;;;-25;-25;;;;-XXXXX.X;3.64;22;;19.03;11;4;1;Bottom scale;;;;ЛОЖЬ;;ЛОЖЬ;;;;;;;;;;;;Output;EPKS_CCB;ESD_931_1;10067;;;;;;;;
M;C290_3_B;;;930-09;930-09;Function block marker;;ЛОЖЬ;ЛОЖЬ;;290;;;;;;;0;;;;1697;ЛОЖЬ;0;;;;;;;;;;;;;;Undefined;491;3428;;;;;;;;;;ЛОЖЬ;;;;;;;;;;;;;;;;;;;;;;;;;
M;C296_4_E;;;930-09;930-09;Function block marker;;ЛОЖЬ;ЛОЖЬ;;296;;;;;;;0;;;;538;ЛОЖЬ;0;;;;;;;;;;;;;;Undefined;;;;;;;;;;;;ЛОЖЬ;ИСТИНА;;;;;;;;;;;;;;;;;;;;;;;;
M;278_420_4;;;862-34;;93LALL219_I;;ЛОЖЬ;ЛОЖЬ;;420;;;;;;;0;;;;642;ЛОЖЬ;0;;;;;;;0=TRIP INITIATOR;;;;;;;Undefined;;;;;;;;;;;;ЛОЖЬ;ИСТИНА;;;;;;;;;;;;;;;;;;;;;;;;
M;274_3;;;930-09;;;;ЛОЖЬ;ЛОЖЬ;;274;;;;;;;0;;;;387;ЛОЖЬ;0;;;;;;;;;;;;;;Undefined;491;3428;;;;;;;;;;ЛОЖЬ;;;;;;;;;;;;;;;;;;;;;;;;;
M;2410_C;;;;;OOS ACTIVE;;ЛОЖЬ;ЛОЖЬ;;2410;;;;;;;0;;;;116;ЛОЖЬ;0;;;;;;;;;;;;;;Undefined;491;3428;;;;;;;;;;ЛОЖЬ;;;;;;;;;;;;;;;;;;;;;;;;;
R;C2457_1;;;;;Compiler register (232, 24);;ЛОЖЬ;ЛОЖЬ;;2457;;Float;;;;;0;;;;528;ЛОЖЬ;0;;;;;;;;;;;;;;Undefined;491;3428;;;;;;;;;;ЛОЖЬ;;;;;;;;;;;;;;;;;;;;;;;;;
M;C244_2_G;;;862-34;862-34;Function block marker;;ЛОЖЬ;ЛОЖЬ;;244;;;;;;;0;;;;862;ЛОЖЬ;0;;;;;;;;;;;;;;Undefined;;;;;;;;;;;;ЛОЖЬ;ИСТИНА;;;;;;;;;;;;;;;;;;;;;;;;
T;246_11;;;862-34;;;;ЛОЖЬ;ЛОЖЬ;;246;;;;;;;;100 ms;5;;88;ЛОЖЬ;0;;;;;;;;;;;;;;Undefined;;;Delayed OFF with constant timer value;;;;;;;;;ЛОЖЬ;ИСТИНА;;;;;;;;;;;;;;;;;;;;;;;;
M;C249_2_G;;;931_10;931_10;Function block marker;;ЛОЖЬ;ЛОЖЬ;;249;;;;;;;0;;;;836;ЛОЖЬ;0;;;;;;;;;;;;;;Undefined;;;;;;;;;;;;ЛОЖЬ;ИСТИНА;;;;;;;;;;;;;;;;;;;;;;;;
DO;93XY241_C;;COM;862-34;;EMERG SHUT CLOS 93XV241;No;ЛОЖЬ;ЛОЖЬ;;360;;;;;;;0;;;;431;ИСТИНА;35494;None;;;;;;0=TRIP;;;;;;;Undefined;491;3428;;;;;;;;;;ЛОЖЬ;;;;;;;;;;;;;;Output;EPKS_CCB;ESD_931_1;662;;;;;;;;
DI;IB931_RESET_ELD_R;;COM;;;RESET ELD REQUEST;No;ЛОЖЬ;ИСТИНА;;19;;;;;;;0;;;;1777;ЛОЖЬ;0;None;;;;;;1=REQUEST;1=REQUEST;;;;;;Undefined;;;;;;;;Low;;;;ЛОЖЬ;ИСТИНА;;;ЛОЖЬ;View only;;;;;;;;;Input;EPKS_CCB;ESD_931_1;2;;;;;;;;
M;278_2;;;930-09;;;;ЛОЖЬ;ЛОЖЬ;;278;;;;;;;0;;;;652;ЛОЖЬ;0;;;;;;;;;;;;;;Undefined;;;;;;;;;;;;ЛОЖЬ;ИСТИНА;;;;;;;;;;;;;;;;;;;;;;;;
M;318_322_1;;;930-09;;93PAHH355_I;;ЛОЖЬ;ЛОЖЬ;;322;;;;;;;0;;;;1520;ЛОЖЬ;0;;;;;;;0=TRIP INITIATOR;;;;;;;Undefined;491;3428;;;;;;;;;;ЛОЖЬ;;;;;;;;;;;;;;;;;;;;;;;;;
M;C262_1_E;;;930-09;930-09;Function block marker;;ЛОЖЬ;ЛОЖЬ;;262;;;;;;;0;;;;1736;ЛОЖЬ;0;;;;;;;;;;;;;;Undefined;491;3428;;;;;;;;;;ЛОЖЬ;;;;;;;;;;;;;;;;;;;;;;;;;
DO;93PAHH355;;COM;930-09;A_93009;ACD TOR SHNT FL9300901SX;No;ЛОЖЬ;ЛОЖЬ;;318;;;;;;;0;;;;1342;ИСТИНА;35498;None;;;;;;0=TRIP;;;;;;;Undefined;491;3428;;;;;;;;;;ЛОЖЬ;;;;;;;;;;;;;;Output;EPKS_CCB;ESD_931_1;525;;;;;;;;
R;248_250_1;;;862-34;;93LI207;;ЛОЖЬ;ЛОЖЬ;;250;;Float;;;;;0;;;;66;ЛОЖЬ;0;;;;;;;;;;;;;;Undefined;;;;;;;;;;;;ЛОЖЬ;ИСТИНА;;;;;;;;;;;;;;;;;;;;;;;;
DO;PCDI_1_931_1_FLT_C;;COM;;;ESD_931_1 to-from CC_931_1;No;ЛОЖЬ;ЛОЖЬ;;21;;;;;;;0;;;;502;ИСТИНА;35613;None;;;;;;1=ALARM;;;;;;;Undefined;491;3428;;;;;;;;;;ЛОЖЬ;;;;;;;;;;;;;;Output;EPKS_CCB;ESD_931_1;2001;;;;;;;;
M;C278_2_G;;;930-09;930-09;Function block marker;;ЛОЖЬ;ЛОЖЬ;;278;;;;;;;0;;;;765;ЛОЖЬ;0;;;;;;;;;;;;;;Undefined;;;;;;;;;;;;ЛОЖЬ;ИСТИНА;;;;;;;;;;;;;;;;;;;;;;;;
R;C2456_2;;;;;Compiler register (256, 60);;ЛОЖЬ;ЛОЖЬ;;2456;;Float;;;;;0;;;;536;ЛОЖЬ;0;;;;;;;;;;;;;;Undefined;491;3428;;;;;;;;;;ЛОЖЬ;;;;;;;;;;;;;;;;;;;;;;;;;
BO;93LI219_HH;;COM;930-09;;HH TRIP SETPOINT (%);No;ЛОЖЬ;ЛОЖЬ;;278;;Float;;;;;0;;;;412;;0;;;;;;;;;0;0;;;;-XXXXX.X;491;3428;;;;;;;;;;ЛОЖЬ;;;;;;;;;;;;;;Output;EPKS_CCB;ESD_931_1;10108;;;;;;;;
DO;93LALL219;;COM;930-09;;CONDR SHUNT V9300902B;No;ЛОЖЬ;ЛОЖЬ;;278;;;;;;;0;;;;1317;ИСТИНА;35499;None;;;;;;0=TRIP;;;;;;;Undefined;491;3428;;;;;;;;;;ЛОЖЬ;;;;;;;;;;;;;;Output;EPKS_CCB;ESD_931_1;463;;;;;;;;
BI;19-Hour;;SYS;;;Hour;No;ЛОЖЬ;;;19;;Byte;;;;;;;;;5;;0;;;;;;;;;0;0;;;;-XXXXX.X;491;3428;;;;;;;;;;ЛОЖЬ;;;;;;;;;;;;;;;;;;;;;;;;;
M;308_312_2;;;930-09;;93PAHH353_I;;ЛОЖЬ;ЛОЖЬ;;312;;;;;;;0;;;;1506;ЛОЖЬ;0;;;;;;;0=TRIP INITIATOR;;;;;;;Undefined;491;3428;;;;;;;;;;ЛОЖЬ;;;;;;;;;;;;;;;;;;;;;;;;;
DO;93LI264_MOC;;COM;930-09;A_93009;MO CONFIRMED;No;ЛОЖЬ;ЛОЖЬ;;272;;;;;;;0;;;;1232;ИСТИНА;35500;None;;;;;;1=CONFIRMED;;;;;;;Undefined;491;3428;;;;;;;;;;ЛОЖЬ;;;;;;;;;;;;;;Output;EPKS_CCB;ESD_931_1;509;;;;;;;;
BO;93LI217_HH;;COM;930-09;A_93009;HH TRIP SETPOINT (%);No;ЛОЖЬ;ЛОЖЬ;;276;;Float;;;;;0;;;;404;;0;;;;;;;;;0;0;;;;-XXXXX.X;491;3428;;;;;;;;;;ЛОЖЬ;;;;;;;;;;;;;;Output;EPKS_CCB;ESD_931_1;10106;;;;;;;;
M;C260_5_F;;;930-09;930-09;Function block marker;;ЛОЖЬ;ЛОЖЬ;;260;;;;;;;0;;;;570;ЛОЖЬ;0;;;;;;;;;;;;;;Undefined;;;;;;;;;;;;ЛОЖЬ;ИСТИНА;;;;;;;;;;;;;;;;;;;;;;;;
M;248_400_4;;;862-34;;93LALL207_I;;ЛОЖЬ;ЛОЖЬ;;400;;;;;;;0;;;;620;ЛОЖЬ;0;;;;;;;0=TRIP INITIATOR;;;;;;;Undefined;;;;;;;;;;;;ЛОЖЬ;ИСТИНА;;;;;;;;;;;;;;;;;;;;;;;;
DO;93XY227_C;;COM;862-34;;EMERG SHUT CLOS 93XV227;No;ЛОЖЬ;ЛОЖЬ;;410;;;;;;;0;;;;441;ИСТИНА;35495;None;;;;;;0=TRIP;;;;;;;Undefined;491;3428;;;;;;;;;;ЛОЖЬ;;;;;;;;;;;;;;Output;EPKS_CCB;ESD_931_1;646;;;;;;;;
T;240_2;;;862-34;;;;ЛОЖЬ;ЛОЖЬ;;240;;;;;;;;100 ms;5;;20;ЛОЖЬ;0;;;;;;;;;;;;;;Undefined;;;Delayed OFF with constant timer value;;;;;;;;;ЛОЖЬ;ИСТИНА;;;;;;;;;;;;;;;;;;;;;;;;
AI;93PI352;;FLD;930-09;A_93009;HYDR SHUNT FL9300901AX;Yes;ИСТИНА;ЛОЖЬ;;306;ИСТИНА;Float;4-20mA;-50;100;KPa-g;;;;;20;ЛОЖЬ;35456;;None;None;None;None;;;;;;;;;-XXXXX.X;3.64;22;;19.03;11;6;1;Top scale;;;;ЛОЖЬ;;ЛОЖЬ;;;;;;;;;;;;Output;EPKS_CCB;ESD_931_1;10083;;;;;;;;
T;296_2;;;930-09;A_93009;;;ЛОЖЬ;ЛОЖЬ;;296;;;;;;;;100 ms;5;;532;ЛОЖЬ;0;;;;;;;;;;;;;;Undefined;;;Delayed OFF with constant timer value;;;;;;;;;ЛОЖЬ;ИСТИНА;;;;;;;;;;;;;;;;;;;;;;;;
DO;93LI261_TF;;COM;930-09;A_93009;TRANSM. FAIL;No;ЛОЖЬ;ЛОЖЬ;;260;;;;;;;0;;;;1289;ИСТИНА;35501;None;;;;;;0=ALARM;;;;;;;Undefined;491;3428;;;;;;;;;;ЛОЖЬ;;;;;;;;;;;;;;Output;EPKS_CCB;ESD_931_1;506;;;;;;;;
M;C129_1;;;862-34;862-34;Compiler marker (288, 174);;ЛОЖЬ;ЛОЖЬ;;129;;;;;;;0;;;;490;ЛОЖЬ;0;;;;;;;;;;;;;;Undefined;491;3428;;;;;;;;;;ЛОЖЬ;;;;;;;;;;;;;;;;;;;;;;;;;
BO;93LI224_LL;;COM;930-09;A_93009;LL TRIP SETPOINT (%);No;ЛОЖЬ;ЛОЖЬ;;370;;Float;;;;;0;;;;508;;0;;;;;;;;;0;0;;;;-XXXXX.X;491;3428;;;;;;;;;;ЛОЖЬ;;;;;;;;;;;;;;Output;EPKS_CCB;ESD_931_1;10112;;;;;;;;
AI;93PI353A;;FLD;930-09;;ACD TOR SHNT FL9300901AX;Yes;ИСТИНА;ЛОЖЬ;;308;ИСТИНА;Float;4-20mA;-50;160;KPa-g;;;;;264;ЛОЖЬ;35317;;None;None;None;None;;;;;;;;;-XXXXX.X;3.64;22;;19.03;17;16;1;Top scale;;;;ЛОЖЬ;ИСТИНА;ЛОЖЬ;;;;;;;;;;;;Output;EPKS_CCB;ESD_931_1;10157;;;;;;;;
M;C318_1_E;;;862-34;862-34;Function block marker;;ЛОЖЬ;ЛОЖЬ;;318;;;;;;;0;;;;1663;ЛОЖЬ;0;;;;;;;;;;;;;;Undefined;491;3428;;;;;;;;;;ЛОЖЬ;;;;;;;;;;;;;;;;;;;;;;;;;
M;292_302_4;;;862-34;;93LALL265_I;;ЛОЖЬ;ЛОЖЬ;;302;;;;;;;0;;;;497;ЛОЖЬ;0;;;;;;;0=TRIP INITIATOR;;;;;;;Undefined;491;3428;;;;;;;;;;ЛОЖЬ;;;;;;;;;;;;;;;;;;;;;;;;;
DO;93XSC225_P;;COM;930-09;A_93009;DCS MOV PI[1] 93XV223;No;ЛОЖЬ;ЛОЖЬ;;420;;;;;;;0;;;;221;ЛОЖЬ;0;None;;;;;;1=PERMISSIVE;;;;;;;Undefined;491;3428;;;;;;;;;;ЛОЖЬ;;;;;;Output;CC_CCB_1;ESD_931_1;42;;;;;;;;;;;;;;;;
DO;93XY205;;MCC;930-09;A_93009;EMERG SHUT OPEN 93XV205;Yes;ИСТИНА;ЛОЖЬ;;400;;;;;;;0;;;;41;ЛОЖЬ;35279;None;;;;;;1=OPEN;;;;;;;Undefined;491;3428;;19.04;11;2;1;Appl;;;;ЛОЖЬ;;;;;;;;;;;;;;;;;;;;;;;;;
DO;93LALL222_P;;COM;930-09;A_93009;PERM (1) 93XV235 93XV237;No;ЛОЖЬ;ЛОЖЬ;;430;;;;;;;0;;;;227;ЛОЖЬ;0;None;;;;;;1=PERMISSIVE;;;;;;;Undefined;491;3428;;;;;;;;;;ЛОЖЬ;;;;;;Output;CC_CCB_1;ESD_931_1;63;;;;;;;;;;;;;;;;
DO;93LALL219_P;;COM;930-09;A_93009;PERM (1) 93XV225 93XV229;No;ЛОЖЬ;ЛОЖЬ;;420;;;;;;;0;;;;223;ЛОЖЬ;0;None;;;;;;1=PERMISSIVE;;;;;;;Undefined;491;3428;;;;;;;;;;ЛОЖЬ;;;;;;Output;CC_CCB_1;ESD_931_1;62;;;;;;;;;;;;;;;;
R;2432_D;;;;;SIGNAL 2;;ЛОЖЬ;ЛОЖЬ;;2432;;Float;;;;;0;;;;20;ЛОЖЬ;0;;;;;;;;;;;;;;Undefined;;;;;;;;;;;;ЛОЖЬ;ИСТИНА;;;;;;;;;;;;;;;;;;;;;;;;
M;C260_2_E;;;930-09;930-09;Function block marker;;ЛОЖЬ;ЛОЖЬ;;260;;;;;;;0;;;;1739;ЛОЖЬ;0;;;;;;;;;;;;;;Undefined;491;3428;;;;;;;;;;ЛОЖЬ;;;;;;;;;;;;;;;;;;;;;;;;;
T;284_1;;;862-34;;;;ЛОЖЬ;ЛОЖЬ;;284;;;;;;;;100 ms;30;;72;ЛОЖЬ;0;;;;;;;;;;;;;;Undefined;;;Delayed OFF with constant timer value;;;;;;;;;ЛОЖЬ;ИСТИНА;;;;;;;;;;;;;;;;;;;;;;;;
BO;IB931_ESD1_SECOND;;COM;;;SECOND;No;ЛОЖЬ;ЛОЖЬ;;19;;Byte;;;;;0;;;;40;;0;;None;None;None;None;;;;;;;;;-XXXXX.X;;;;;;;;;;;;ЛОЖЬ;ИСТИНА;;;;;;;;;;;;;Output;EPKS_CCB;ESD_931_1;10207;;;;;;;;
M;2450_D;;;;;1oo3 Pre-alarm;;ЛОЖЬ;ЛОЖЬ;;2450;;;;;;;0;;;;176;ЛОЖЬ;0;;;;;;;;;;;;;;Undefined;491;3428;;;;;;;;;;ЛОЖЬ;;;;;;;;;;;;;;;;;;;;;;;;;
M;440_38_1;;;930-09;;93PT274;;ЛОЖЬ;ЛОЖЬ;;38;;;;;;;0;;;;1595;ЛОЖЬ;0;;;;;;;1=MO CONFIRMED;;;;;;;Undefined;491;3428;;;;;;;;;;ЛОЖЬ;;;;;;;;;;;;;;;;;;;;;;;;;
DO;93XY232_C;;COM;862-34;;EMERG SHUT CLOS 93XV232;No;ЛОЖЬ;ЛОЖЬ;;332;;;;;;;0;;;;426;ИСТИНА;35557;None;;;;;;0=TRIP;;;;;;;Undefined;491;3428;;;;;;;;;;ЛОЖЬ;;;;;;;;;;;;;;Output;EPKS_CCB;ESD_931_1;652;;;;;;;;
DO;93XSC224_P;;COM;930-09;A_93009;DCS MOV PI[1] 93XV222;No;ЛОЖЬ;ЛОЖЬ;;410;;;;;;;0;;;;220;ЛОЖЬ;0;None;;;;;;1=PERMISSIVE;;;;;;;Undefined;491;3428;;;;;;;;;;ЛОЖЬ;;;;;;Output;CC_CCB_1;ESD_931_1;39;;;;;;;;;;;;;;;;
DO;93XY226A_C;;COM;862-34;;EMERG SHUT OPEN 93XV226;No;ЛОЖЬ;ЛОЖЬ;;288;;;;;;;0;;;;404;ИСТИНА;35558;None;;;;;;0=TRIP;;;;;;;Undefined;491;3428;;;;;;;;;;ЛОЖЬ;;;;;;;;;;;;;;Output;EPKS_CCB;ESD_931_1;644;;;;;;;;
M;2490_A;;;;;Trip Initiator/0=Trip;;ЛОЖЬ;ЛОЖЬ;;2490;;;;;;;0;;;;158;ЛОЖЬ;0;;;;;;;;;;;;;;Undefined;491;3428;;;;;;;;;;ЛОЖЬ;;;;;;;;;;;;;;;;;;;;;;;;;
M;C306_1_E;;;862-34;862-34;Function block marker;;ЛОЖЬ;ЛОЖЬ;;306;;;;;;;0;;;;1677;ЛОЖЬ;0;;;;;;;;;;;;;;Undefined;491;3428;;;;;;;;;;ЛОЖЬ;;;;;;;;;;;;;;;;;;;;;;;;;
AI;93LI224;;FLD;930-09;A_93009;CONDR SHUNT F9300904AX;Yes;ИСТИНА;ЛОЖЬ;;370;ИСТИНА;Float;4-20mA;0;100;%;;;;;216;ЛОЖЬ;35459;;None;None;None;None;;;;-25;-25;;;;-XXXXX.X;3.64;22;;19.03;17;4;1;Bottom scale;;;;ЛОЖЬ;ИСТИНА;ЛОЖЬ;;;;;;;;;;;;Output;EPKS_CCB;ESD_931_1;10074;;;;;;;;
DO;93XY234_C;;COM;862-34;;EMERG SHUT OPEN 93XV234;No;ЛОЖЬ;ЛОЖЬ;;430;;;;;;;0;;;;481;ИСТИНА;35232;None;;;;;;0=TRIP;;;;;;;Undefined;491;3428;;;;;;;;;;ЛОЖЬ;;;;;;;;;;;;;;Output;EPKS_CCB;ESD_931_1;654;;;;;;;;
BI;93PI273LL_P;;COM;930-09;A_93009;;No;ЛОЖЬ;ИСТИНА;;0;;Float;;;;;0;;;;644;;0;;None;None;None;None;;;;;;;;;-XXXXX.X;;;;;;;;Fixed value;0;;;ЛОЖЬ;ИСТИНА;;;;View only;Input;CC_CCB_1;ESD_931_1;3;;;;;;;;;;;;;;;;
T;129_1;;;862-34;;;;ЛОЖЬ;ЛОЖЬ;;129;;;;;;;;1 s;30;;24;ЛОЖЬ;0;;;;;;;;;;;;;;Undefined;491;3428;Delayed OFF with constant timer value;;;;;;;;;ЛОЖЬ;;;;;;;;;;;;;;;;;;;;;;;;;
M;328_332_2;;;862-34;;93XY230_231_I;;ЛОЖЬ;ЛОЖЬ;;332;;;;;;;0;;;;424;ЛОЖЬ;0;;;;;;;0=CLOSE;;;;;;;Undefined;491;3428;;;;;;;;;;ЛОЖЬ;;;;;;;;;;;;;;;;;;;;;;;;;
M;C262_5_E;;;930-09;930-09;Function block marker;;ЛОЖЬ;ЛОЖЬ;;262;;;;;;;0;;;;562;ЛОЖЬ;0;;;;;;;;;;;;;;Undefined;;;;;;;;;;;;ЛОЖЬ;ИСТИНА;;;;;;;;;;;;;;;;;;;;;;;;
DO;93LAHH217;;COM;930-09;A_93009;CONDR SHUNT V9300902A;No;ЛОЖЬ;ЛОЖЬ;;276;;;;;;;0;;;;1270;ИСТИНА;35506;None;;;;;;0=TRIP;;;;;;;Undefined;491;3428;;;;;;;;;;ЛОЖЬ;;;;;;;;;;;;;;Output;EPKS_CCB;ESD_931_1;429;;;;;;;;
M;318_1;;;930-09;;;;ЛОЖЬ;ЛОЖЬ;;318;;;;;;;0;;;;1516;ЛОЖЬ;0;;;;;;;;;;;;;;Undefined;491;3428;;;;;;;;;;ЛОЖЬ;;;;;;;;;;;;;;;;;;;;;;;;;
M;276_32_3;;;862-34;;93LT217;;ЛОЖЬ;ЛОЖЬ;;32;;;;;;;0;;;;643;ЛОЖЬ;0;;;;;;;1=MO CONFIRMED;;;;;;;Undefined;;;;;;;;;;;;ЛОЖЬ;ИСТИНА;;;;;;;;;;;;;;;;;;;;;;;;
DO;93LI203_MOC;;COM;930-09;A_93009;MO CONFIRMED;No;ЛОЖЬ;ЛОЖЬ;;242;;;;;;;0;;;;1252;ИСТИНА;35507;None;;;;;;1=CONFIRMED;;;;;;;Undefined;491;3428;;;;;;;;;;ЛОЖЬ;;;;;;;;;;;;;;Output;EPKS_CCB;ESD_931_1;485;;;;;;;;
DO;IB931_ESD1_D1;;COM;862-34;;FORCE ENABLE;No;ЛОЖЬ;ЛОЖЬ;;17;;;;;;;0;;;;243;ИСТИНА;35340;None;;;;;;0=ENABLE;;;;;;;Undefined;491;3428;;;;;;;;;;ЛОЖЬ;;;;;;;;;;;;;;Output;EPKS_CCB;ESD_931_1;580;;;;;;;;
DO;93XY295;;MCC;930-09;A_P93009;AUTO SP P9300904AX;Yes;ИСТИНА;ЛОЖЬ;;370;;;;;;;0;;;;154;ИСТИНА;35281;None;;;;;;0=TRIP;;;;;;;Undefined;491;3428;;19.05;9;3;1;Appl;;;;ЛОЖЬ;;;;;;;;;;;;;;Output;EPKS_CCB;ESD_931_1;678;;;;;;;;
DI;00XS931E01ELD;;CAB;930-09;S_B931;IB931 ESD-01 ALARM ELD;Yes;ЛОЖЬ;ЛОЖЬ;;18;;;;;;;;;;;1;ИСТИНА;35282;None;;;;;;0=ALARM;;;;;;;Undefined;491;3428;;19.03;1;10;1;Low;;;;ЛОЖЬ;;;;ЛОЖЬ;;;;;;;;;;Output;EPKS_CCB;ESD_931_1;581;;;;;;;;
T;292_1;;;930-09;A_93009;;;ЛОЖЬ;ЛОЖЬ;;292;;;;;;;;100 ms;5;;684;ЛОЖЬ;0;;;;;;;;;;;;;;Undefined;;;Delayed OFF with constant timer value;;;;;;;;;ЛОЖЬ;ИСТИНА;;;;;;;;;;;;;;;;;;;;;;;;
DO;93XY207;;MCC;930-09;A_93009;EMERG SHUT CLOS 93XV207;Yes;ИСТИНА;ЛОЖЬ;;400;;;;;;;0;;;;43;ЛОЖЬ;35283;None;;;;;;1=CLOSE;;;;;;;Undefined;491;3428;;19.04;11;4;1;Appl;;;;ЛОЖЬ;;;;;;;;;;;;;;;;;;;;;;;;;
DO;93LI231_TF;;COM;930-09;A_93009;TRANSM. FAIL;No;ЛОЖЬ;ЛОЖЬ;;380;;;;;;;0;;;;1285;ИСТИНА;35508;None;;;;;;0=ALARM;;;;;;;Undefined;491;3428;;;;;;;;;;ЛОЖЬ;;;;;;;;;;;;;;Output;EPKS_CCB;ESD_931_1;504;;;;;;;;
M;C249_1_F;;;931_10;931_10;Function block marker;;ЛОЖЬ;ЛОЖЬ;;249;;;;;;;0;;;;832;ЛОЖЬ;0;;;;;;;;;;;;;;Undefined;;;;;;;;;;;;ЛОЖЬ;ИСТИНА;;;;;;;;;;;;;;;;;;;;;;;;
DO;93XY226B_C;;COM;862-34;;EMERG SHUT CLOS 93XV226;No;ЛОЖЬ;ЛОЖЬ;;288;;;;;;;0;;;;405;ИСТИНА;35233;None;;;;;;0=TRIP;;;;;;;Undefined;491;3428;;;;;;;;;;ЛОЖЬ;;;;;;;;;;;;;;Output;EPKS_CCB;ESD_931_1;645;;;;;;;;
DO;93XY231_C;;COM;862-34;;EMERG SHUT CLOS 93XV231;No;ЛОЖЬ;ЛОЖЬ;;332;;;;;;;0;;;;427;ИСТИНА;35234;None;;;;;;0=TRIP;;;;;;;Undefined;491;3428;;;;;;;;;;ЛОЖЬ;;;;;;;;;;;;;;Output;EPKS_CCB;ESD_931_1;651;;;;;;;;
M;276_277_3;;;;;93LT217;;ЛОЖЬ;ЛОЖЬ;;277;;;;;;;0;;;;644;ЛОЖЬ;0;;;;;;;1=MO CONFIRMED;;;;;;;Undefined;;;;;;;;;;;;ЛОЖЬ;ИСТИНА;;;;;;;;;;;;;;;;;;;;;;;;
M;316_2;;;930-09;;;;ЛОЖЬ;ЛОЖЬ;;316;;;;;;;0;;;;1512;ЛОЖЬ;0;;;;;;;;;;;;;;Undefined;491;3428;;;;;;;;;;ЛОЖЬ;;;;;;;;;;;;;;;;;;;;;;;;;
AI;93TI975;;FLD;930-09;A_P93009;BEARING  P9300904AX;Yes;ИСТИНА;ЛОЖЬ;;1500;ИСТИНА;Float;4-20mA;-30;120;°C;;;;;236;ЛОЖЬ;35467;;None;None;None;None;;;;-67.5;-67.5;;;;-XXXXX.X;3.76;21;;19.03;17;9;1;Bottom scale;;;;ЛОЖЬ;ИСТИНА;ЛОЖЬ;;;;;;;;;;;;Output;EPKS_CCB;ESD_931_1;10089;;;;;;;;
DO;93XY206_C;;COM;862-34;;EMERG SHUT CLOS 93XV206;No;ЛОЖЬ;ЛОЖЬ;;390;;;;;;;0;;;;436;ИСТИНА;35322;None;;;;;;0=TRIP;;;;;;;Undefined;491;3428;;;;;;;;;;ЛОЖЬ;;;;;;;;;;;;;;Output;EPKS_CCB;ESD_931_1;620;;;;;;;;
BO;93LI222_LL;;COM;930-09;A_93009;LL TRIP SETPOINT (%);No;ЛОЖЬ;ЛОЖЬ;;296;;Float;;;;;0;;;;464;;0;;;;;;;;;0;0;;;;-XXXXX.X;491;3428;;;;;;;;;;ЛОЖЬ;;;;;;;;;;;;;;Output;EPKS_CCB;ESD_931_1;10111;;;;;;;;
M;C440_2_F;;;862-34;862-34;Function block marker;;ЛОЖЬ;ЛОЖЬ;;440;;;;;;;0;;;;888;ЛОЖЬ;0;;;;;;;;;;;;;;Undefined;;;;;;;;;;;;ЛОЖЬ;ИСТИНА;;;;;;;;;;;;;;;;;;;;;;;;
R;2457_C;;;;;Input 3;;ЛОЖЬ;ЛОЖЬ;;2457;;Float;;;;;0;;;;126;ЛОЖЬ;0;;;;;;;;;;;;;;Undefined;491;3428;;;;;;;;;;ЛОЖЬ;;;;;;;;;;;;;;;;;;;;;;;;;
DO;93XY222_C;;COM;862-34;;EMERG SHUT OPEN 93XV222;No;ЛОЖЬ;ЛОЖЬ;;410;;;;;;;0;;;;443;ИСТИНА;35323;None;;;;;;0=TRIP;;;;;;;Undefined;491;3428;;;;;;;;;;ЛОЖЬ;;;;;;;;;;;;;;Output;EPKS_CCB;ESD_931_1;640;;;;;;;;
M;C296_3_B;;;930-09;930-09;Function block marker;;ЛОЖЬ;ЛОЖЬ;;296;;;;;;;0;;;;1682;ЛОЖЬ;0;;;;;;;;;;;;;;Undefined;491;3428;;;;;;;;;;ЛОЖЬ;;;;;;;;;;;;;;;;;;;;;;;;;
M;C350_1_D;;;862-34;862-34;Function block marker;;ЛОЖЬ;ЛОЖЬ;;350;;;;;;;0;;;;1643;ЛОЖЬ;0;;;;;;;;;;;;;;Undefined;491;3428;;;;;;;;;;ЛОЖЬ;;;;;;;;;;;;;;;;;;;;;;;;;
BO;IB931_ESD1_HOUR;;COM;;;HOUR;No;ЛОЖЬ;ЛОЖЬ;;19;;Byte;;;;;0;;;;38;;0;;None;None;None;None;;;;;;;;;-XXXXX.X;;;;;;;;;;;;ЛОЖЬ;ИСТИНА;;;;;;;;;;;;;Output;EPKS_CCB;ESD_931_1;10205;;;;;;;;
M;C276_2_F;;;930-09;930-09;Function block marker;;ЛОЖЬ;ЛОЖЬ;;276;;;;;;;0;;;;779;ЛОЖЬ;0;;;;;;;;;;;;;;Undefined;;;;;;;;;;;;ЛОЖЬ;ИСТИНА;;;;;;;;;;;;;;;;;;;;;;;;
AI;93TI996;;FLD;930-09;A_P93009;HERMET SHELL P9300901SX;Yes;ИСТИНА;ЛОЖЬ;;330;ИСТИНА;Float;4-20mA;-50;120;°C;;;;;104;ЛОЖЬ;35481;;None;None;None;None;;;;-92.5;-92.5;;;;-XXXXX.X;3.76;21;;19.03;13;10;1;Bottom scale;;;;ЛОЖЬ;;ЛОЖЬ;;;;;;;;;;;;Output;EPKS_CCB;ESD_931_1;10092;;;;;;;;
M;2420_D;;;;;0=Cause alarm;;ЛОЖЬ;ЛОЖЬ;;2420;;;;;;;0;;;;103;ЛОЖЬ;0;;;;;;;;;;;;;;Undefined;491;3428;;;;;;;;;;ЛОЖЬ;;;;;;;;;;;;;;;;;;;;;;;;;
M;C316_3_G;;;862-34;862-34;Function block marker;;ЛОЖЬ;ЛОЖЬ;;316;;;;;;;0;;;;696;ЛОЖЬ;0;;;;;;;;;;;;;;Undefined;;;;;;;;;;;;ЛОЖЬ;ИСТИНА;;;;;;;;;;;;;;;;;;;;;;;;
M;C292_2_E;;;930-09;930-09;Function block marker;;ЛОЖЬ;ЛОЖЬ;;292;;;;;;;0;;;;1694;ЛОЖЬ;0;;;;;;;;;;;;;;Undefined;491;3428;;;;;;;;;;ЛОЖЬ;;;;;;;;;;;;;;;;;;;;;;;;;
M;318_2;;;930-09;;;;ЛОЖЬ;ЛОЖЬ;;318;;;;;;;0;;;;1517;ЛОЖЬ;0;;;;;;;;;;;;;;Undefined;491;3428;;;;;;;;;;ЛОЖЬ;;;;;;;;;;;;;;;;;;;;;;;;;
M;C127_2;;;862-34;862-34;Compiler marker (352, 66);;ЛОЖЬ;ЛОЖЬ;;127;;;;;;;0;;;;493;ЛОЖЬ;0;;;;;;;;;;;;;;Undefined;491;3428;;;;;;;;;;ЛОЖЬ;;;;;;;;;;;;;;;;;;;;;;;;;
DI;93XSC225;;MCC;930-09;A_93009;SHUTTER 93XV225- OFF;Yes;ИСТИНА;ЛОЖЬ;;420;;;;;;;;;;;40;ЛОЖЬ;35286;None;;;;;;1=CLOSE;;;;;;;Undefined;491;3428;;19.03;5;1;1;Low;;;;ЛОЖЬ;;;;ЛОЖЬ;;;;;;;;;;Output;EPKS_CCB;ESD_931_1;601;;;;;;;;
DI;19-CP2_Running;;SYS;;;CP 2 RUNNING;Yes;ЛОЖЬ;;;16;;;;;;;;;;;32;ЛОЖЬ;0;None;;;;;;;;;;;;;Undefined;491;3428;;;;;;;;;;ЛОЖЬ;;;;ЛОЖЬ;;;;;;;;;;;;;;;;;;;;;
M;248_328_4;;;862-34;;93LALL207_I;;ЛОЖЬ;ЛОЖЬ;;328;;;;;;;0;;;;612;ЛОЖЬ;0;;;;;;;0=TRIP INITIATOR;;;;;;;Undefined;;;;;;;;;;;;ЛОЖЬ;ИСТИНА;;;;;;;;;;;;;;;;;;;;;;;;
DO;93XY213B;;MCC;930-09;A_93009;EMERG SHUT CLOS 93XV213;Yes;ИСТИНА;ЛОЖЬ;;300;;;;;;;0;;;;61;ЛОЖЬ;35287;None;;;;;;1=CLOSE;;;;;;;Undefined;491;3428;;19.04;13;6;1;Appl;;;;ЛОЖЬ;;;;;;;;;;;;;;;;;;;;;;;;;
M;C290_1_F;;;930-09;930-09;Function block marker;;ЛОЖЬ;ЛОЖЬ;;290;;;;;;;0;;;;539;ЛОЖЬ;0;;;;;;;;;;;;;;Undefined;;;;;;;;;;;;ЛОЖЬ;ИСТИНА;;;;;;;;;;;;;;;;;;;;;;;;
M;2480_A;;;;;0=ALARM INITIATOR;;ЛОЖЬ;ЛОЖЬ;;2480;;;;;;;0;;;;148;ЛОЖЬ;0;;;;;;;;;;;;;;Undefined;491;3428;;;;;;;;;;ЛОЖЬ;;;;;;;;;;;;;;;;;;;;;;;;;
M;2470_J;;;;;Out 3;;ЛОЖЬ;ЛОЖЬ;;2470;;;;;;;0;;;;152;ЛОЖЬ;0;;;;;;;;;;;;;;Undefined;491;3428;;;;;;;;;;ЛОЖЬ;;;;;;;;;;;;;;;;;;;;;;;;;
R;2410_D;;;;;remaining time;;ЛОЖЬ;ЛОЖЬ;;2410;;Long;;;;;0;;;;276;ЛОЖЬ;0;;;;;;;;;;;;;;Undefined;491;3428;;;;;;;;;;ЛОЖЬ;;;;;;;;;;;;;;;;;;;;;;;;;
M;2432_G;;;;;0=TRIP;;ЛОЖЬ;ЛОЖЬ;;2432;;;;;;;0;;;;43;ЛОЖЬ;0;;;;;;;;;;;;;;Undefined;;;;;;;;;;;;ЛОЖЬ;ИСТИНА;;;;;;;;;;;;;;;;;;;;;;;;
M;2470_K;;;;;Out 4;;ЛОЖЬ;ЛОЖЬ;;2470;;;;;;;0;;;;149;ЛОЖЬ;0;;;;;;;;;;;;;;Undefined;491;3428;;;;;;;;;;ЛОЖЬ;;;;;;;;;;;;;;;;;;;;;;;;;
M;C242_2_F;;;862-34;862-34;Function block marker;;ЛОЖЬ;ЛОЖЬ;;242;;;;;;;0;;;;869;ЛОЖЬ;0;;;;;;;;;;;;;;Undefined;;;;;;;;;;;;ЛОЖЬ;ИСТИНА;;;;;;;;;;;;;;;;;;;;;;;;
DO;93LALL266;;COM;930-09;A_93009;HYD GAS COND FL9300901SX;No;ЛОЖЬ;ЛОЖЬ;;274;;;;;;;0;;;;1313;ИСТИНА;35509;None;;;;;;0=TRIP;;;;;;;Undefined;491;3428;;;;;;;;;;ЛОЖЬ;;;;;;;;;;;;;;Output;EPKS_CCB;ESD_931_1;479;;;;;;;;
DO;93PAHH353_CA;;COM;930-09;A_93009;CAUSE ALARM;No;ЛОЖЬ;ЛОЖЬ;;308;;;;;;;0;;;;1335;ЛОЖЬ;35510;None;;;;;;0=ALARM;;;;;;;Undefined;491;3428;;;;;;;;;;ЛОЖЬ;;;;;;;;;;;;;;Output;EPKS_CCB;ESD_931_1;522;;;;;;;;
DO;93XY200B;;MCC;930-09;A_93009;EMERG SHUT CLOS 93XV200;Yes;ИСТИНА;ЛОЖЬ;;254;;;;;;;0;;;;25;ЛОЖЬ;35288;None;;;;;;1=CLOSE;;;;;;;Undefined;491;3428;;19.04;9;2;1;Appl;;;;ЛОЖЬ;;;;;;;;;;;;;;;;;;;;;;;;;
DI;19-TempH_Alarm;;SYS;;;TEMP HIGH ALARM;Yes;ЛОЖЬ;;;18;;;;;;;;;;;3;ЛОЖЬ;0;None;;;;;;;;;;;;;Undefined;491;3428;;;;;;;;;;ЛОЖЬ;;;;ЛОЖЬ;;;;;;;;;;;;;;;;;;;;;
M;250_252_1;;;930-09;;93LDI205_2007;;ЛОЖЬ;ЛОЖЬ;;252;;;;;;;0;;;;1378;ЛОЖЬ;0;;;;;;;;;;;;;;Undefined;491;3428;;;;;;;;;;ЛОЖЬ;;;;;;;;;;;;;;;;;;;;;;;;;
DO;93LALL207;;COM;862-34;;CONDR SHUNT V9300901B;No;ЛОЖЬ;ЛОЖЬ;;248;;;;;;;0;;;;1305;ИСТИНА;35512;None;;;;;;0=TRIP;;;;;;;Undefined;491;3428;;;;;;;;;;ЛОЖЬ;;;;;;;;;;;;;;Output;EPKS_CCB;ESD_931_1;455;;;;;;;;
DO;93XY243_C;;COM;862-34;;GATE VALVE CONDENSATE;No;ЛОЖЬ;ЛОЖЬ;;370;;;;;;;0;;;;432;ИСТИНА;35561;None;;;;;;0=TRIP;;;;;;;Undefined;491;3428;;;;;;;;;;ЛОЖЬ;;;;;;;;;;;;;;Output;EPKS_CCB;ESD_931_1;664;;;;;;;;
M;C308_4_D;;;862-34;862-34;Function block marker;;ЛОЖЬ;ЛОЖЬ;;308;;;;;;;0;;;;705;ЛОЖЬ;0;;;;;;;;;;;;;;Undefined;;;;;;;;;;;;ЛОЖЬ;ИСТИНА;;;;;;;;;;;;;;;;;;;;;;;;
M;C262_1_G;;;930-09;930-09;Function block marker;;ЛОЖЬ;ЛОЖЬ;;262;;;;;;;0;;;;561;ЛОЖЬ;0;;;;;;;;;;;;;;Undefined;;;;;;;;;;;;ЛОЖЬ;ИСТИНА;;;;;;;;;;;;;;;;;;;;;;;;
DO;93XY208_C;;COM;862-34;;EMERG SHUT CLOS 93XV208;No;ЛОЖЬ;ЛОЖЬ;;390;;;;;;;0;;;;437;ИСТИНА;35562;None;;;;;;0=TRIP;;;;;;;Undefined;491;3428;;;;;;;;;;ЛОЖЬ;;;;;;;;;;;;;;Output;EPKS_CCB;ESD_931_1;622;;;;;;;;
BO;IB931_ESD1_T2;;COM;93009;;TEMPERATURE C2;No;ЛОЖЬ;ЛОЖЬ;;17;;Word;;;;;0;;;;30;;0;;None;None;None;None;;;;;;;;;-XXXXX.X;;;;;;;;;;;;ЛОЖЬ;ИСТИНА;;;;;;;;;;;;;Output;EPKS_CCB;ESD_931_1;10201;;;;;;;;
BO;IB931_ESD1_RT1_B;;COM;930_09;;Start Repair Timer CP1;No;ЛОЖЬ;ЛОЖЬ;;16;;Word;;;;;0;;;;24;;0;;;;;;;;;0;0;;;;-XXXXX.X;;;;;;;;;;;;ЛОЖЬ;ИСТИНА;;;;;;;;;;;;;Output;EPKS_CCB;ESD_931_1;10087;;;;;;;;
R;C2456_5;;;;;Compiler register (288, 144);;ЛОЖЬ;ЛОЖЬ;;2456;;Float;;;;;0;;;;548;ЛОЖЬ;0;;;;;;;;;;;;;;Undefined;491;3428;;;;;;;;;;ЛОЖЬ;;;;;;;;;;;;;;;;;;;;;;;;;
DO;93LAHH260_CA;;COM;930-09;A_93009;CAUSE ALARM;No;ЛОЖЬ;ЛОЖЬ;;260;;;;;;;0;;;;94;ЛОЖЬ;0;None;;;;;;0=TRIP;0=TRIP;;;;;;Undefined;;;;;;;;;;;;ЛОЖЬ;ИСТИНА;;;;;;;;;;;;;Output;EPKS_CCB;ESD_931_1;722;;;;;;;;
R;2456_M;;;;;X out of Y;;ЛОЖЬ;ЛОЖЬ;;2456;;Float;;;;;0;;;;132;ЛОЖЬ;0;;;;;;;;;;;;;;Undefined;491;3428;;;;;;;;;;ЛОЖЬ;;;;;;;;;;;;;;;;;;;;;;;;;
M;C279_1_F;;;;;Function block marker;;ЛОЖЬ;ЛОЖЬ;;279;;;;;;;0;;;;758;ЛОЖЬ;0;;;;;;;;;;;;;;Undefined;;;;;;;;;;;;ЛОЖЬ;ИСТИНА;;;;;;;;;;;;;;;;;;;;;;;;
BO;93LI212_HH;;COM;930-09;A_93009;HH TRIP SETPOINT (%);No;ЛОЖЬ;ЛОЖЬ;;244;;Float;;;;;0;;;;316;;0;;;;;;;;;0;0;;;;-XXXXX.X;491;3428;;;;;;;;;;ЛОЖЬ;;;;;;;;;;;;;;Output;EPKS_CCB;ESD_931_1;10102;;;;;;;;
M;316_36_1;;;930-09;;93PT354;;ЛОЖЬ;ЛОЖЬ;;36;;;;;;;0;;;;1509;ЛОЖЬ;0;;;;;;;1=MO CONFIRMED;;;;;;;Undefined;491;3428;;;;;;;;;;ЛОЖЬ;;;;;;;;;;;;;;;;;;;;;;;;;
R;246_247_5;;;;;HH TRIP LIMIT;;ЛОЖЬ;ЛОЖЬ;;247;;Float;;;;;0;;;;42;ЛОЖЬ;0;;;;;;;;;;;;;;Undefined;;;;;;;;;;;;ЛОЖЬ;ИСТИНА;;;;;;;;;;;;;;;;;;;;;;;;
DO;93XSF207_P;;COM;930-09;A_93009;DCS MOV;No;ЛОЖЬ;ЛОЖЬ;;450;;;;;;;0;;;;125;ЛОЖЬ;0;None;;;;;;--;;;;;;;Undefined;491;3428;;;;;;;;;;ЛОЖЬ;;;;;;Output;CC_CCB_1;ESD_931_1;37;;;;;;;;;;;;;;;;
DO;93LALL207_CA;;COM;862-34;;CAUSE ALARM;No;ЛОЖЬ;ЛОЖЬ;;248;;;;;;;0;;;;1306;ЛОЖЬ;35514;None;;;;;;0=ALARM;;;;;;;Undefined;491;3428;;;;;;;;;;ЛОЖЬ;;;;;;;;;;;;;;Output;EPKS_CCB;ESD_931_1;456;;;;;;;;
DO;93XY284B_C;;COM;862-34;;EMERG SHUT CLOS 93XV284;No;ЛОЖЬ;ЛОЖЬ;;442;;;;;;;0;;;;485;ИСТИНА;35502;None;;;;;;0=TRIP;;;;;;;Undefined;491;3428;;;;;;;;;;ЛОЖЬ;;;;;;;;;;;;;;Output;EPKS_CCB;ESD_931_1;673;;;;;;;;
M;C129_4;;;862-34;862-34;Compiler marker (352, 126);;ЛОЖЬ;ЛОЖЬ;;129;;;;;;;0;;;;492;ЛОЖЬ;0;;;;;;;;;;;;;;Undefined;491;3428;;;;;;;;;;ЛОЖЬ;;;;;;;;;;;;;;;;;;;;;;;;;
DO;93LI212_TF;;COM;930-09;A_93009;TRANSM. FAIL;No;ЛОЖЬ;ЛОЖЬ;;244;;;;;;;0;;;;1261;ИСТИНА;35515;None;;;;;;0=ALARM;;;;;;;Undefined;491;3428;;;;;;;;;;ЛОЖЬ;;;;;;;;;;;;;;Output;EPKS_CCB;ESD_931_1;492;;;;;;;;
AI;93TI993;;FLD;930-09;A_P93009;HERMET SHELL P9300902AX;Yes;ИСТИНА;ЛОЖЬ;;350;ИСТИНА;Float;4-20mA;-50;120;°C;;;;;32;ЛОЖЬ;35491;;None;None;None;None;;;;-92.5;-92.5;;;;-XXXXX.X;3.76;21;;19.03;11;9;1;Bottom scale;;;;ЛОЖЬ;;ЛОЖЬ;;;;;;;;;;;;Output;EPKS_CCB;ESD_931_1;10091;;;;;;;;
DO;93LALL263_P;;COM;930-09;A_93009;PERM (1) 93XV247 93XV248;No;ЛОЖЬ;ЛОЖЬ;;266;;;;;;;0;;;;234;ЛОЖЬ;0;None;;;;;;1=PERMISSIVE;;;;;;;Undefined;491;3428;;;;;;;;;;ЛОЖЬ;;;;;;Output;CC_CCB_1;ESD_931_1;66;;;;;;;;;;;;;;;;
DO;93LALL231_CA;;COM;930-09;A_93009;CAUSE ALARM;No;ЛОЖЬ;ЛОЖЬ;;380;;;;;;;0;;;;1328;ЛОЖЬ;35517;None;;;;;;0=ALARM;;;;;;;Undefined;491;3428;;;;;;;;;;ЛОЖЬ;;;;;;;;;;;;;;Output;EPKS_CCB;ESD_931_1;470;;;;;;;;
M;246_6;;;862-34;;;;ЛОЖЬ;ЛОЖЬ;;246;;;;;;;0;;;;617;ЛОЖЬ;0;;;;;;;;;;;;;;Undefined;;;;;;;;;;;;ЛОЖЬ;ИСТИНА;;;;;;;;;;;;;;;;;;;;;;;;
DO;93XY203A_C;;COM;862-34;;EMERG SHUT OPEN 93XV203;No;ЛОЖЬ;ЛОЖЬ;;256;;;;;;;0;;;;261;ИСТИНА;35503;None;;;;;;0=TRIP;;;;;;;Undefined;491;3428;;;;;;;;;;ЛОЖЬ;;;;;;;;;;;;;;Output;EPKS_CCB;ESD_931_1;616;;;;;;;;
M;242_258_3;;;862-34;;93LALL203_I;;ЛОЖЬ;ЛОЖЬ;;258;;;;;;;0;;;;254;ЛОЖЬ;0;;;;;;;0=TRIP INITIATOR;;;;;;;Undefined;491;3428;;;;;;;;;;ЛОЖЬ;;;;;;;;;;;;;;;;;;;;;;;;;
DO;93XY244A;;MCC;930-09;A_93009;EMERG SHUT OPEN 93XV244;Yes;ИСТИНА;ЛОЖЬ;;264;;;;;;;0;;;;127;ЛОЖЬ;35291;None;;;;;;1=OPEN;;;;;;;Undefined;491;3428;;19.05;5;8;1;Appl;;;;ЛОЖЬ;;;;;;;;;;;;;;;;;;;;;;;;;
M;C294_3_B;;;862-34;862-34;Function block marker;;ЛОЖЬ;ЛОЖЬ;;294;;;;;;;0;;;;1687;ЛОЖЬ;0;;;;;;;;;;;;;;Undefined;491;3428;;;;;;;;;;ЛОЖЬ;;;;;;;;;;;;;;;;;;;;;;;;;
DO;IB9311_ESD1_F3;;COM;930-09;A_93009;IO FAULT;No;ЛОЖЬ;ЛОЖЬ;;17;;;;;;;0;;;;140;ИСТИНА;35518;None;;;;;;0=FAULT;;;;;;;Undefined;491;3428;;;;;;;;;;ЛОЖЬ;;;;;;;;;;;;;;Output;EPKS_CCB;ESD_931_1;577;;;;;;;;
DO;93LAHH266;;COM;930-09;A_93009;HYD GAS COND FL9300901SX;No;ЛОЖЬ;ЛОЖЬ;;274;;;;;;;0;;;;1238;ИСТИНА;35520;None;;;;;;0=TRIP;;;;;;;Undefined;491;3428;;;;;;;;;;ЛОЖЬ;;;;;;;;;;;;;;Output;EPKS_CCB;ESD_931_1;445;;;;;;;;
M;C2440_1;;;;;Compiler marker (312, 84);;ЛОЖЬ;ЛОЖЬ;;2440;;;;;;;0;;;;1617;ЛОЖЬ;0;;;;;;;;;;;;;;Undefined;491;3428;;;;;;;;;;ЛОЖЬ;;;;;;;;;;;;;;;;;;;;;;;;;
DI;93XSO206;;MCC;930-09;A_93009;SHUTTER 93XV206 - ON;Yes;ИСТИНА;ЛОЖЬ;;450;;;;;;;;;;;26;ЛОЖЬ;35292;None;;;;;;1=OPEN;;;;;;;Undefined;491;3428;;19.03;3;3;1;Low;;;;ЛОЖЬ;;;;ЛОЖЬ;;;;;;;;;;Output;EPKS_CCB;ESD_931_1;591;;;;;;;;
M;C380_1;;;930-09;A_93009;Compiler marker (208, 84);;ЛОЖЬ;ЛОЖЬ;;380;;;;;;;0;;;;675;ЛОЖЬ;0;;;;;;;;;;;;;;Undefined;;;;;;;;;;;;ЛОЖЬ;ИСТИНА;;;;;;;;;;;;;;;;;;;;;;;;
DO;93PAHH353A_CA;;COM;862-34;;CAUSE ALARM;No;ЛОЖЬ;ЛОЖЬ;;308;;;;;;;0;;;;657;ЛОЖЬ;0;None;;;;;;0=ALARM;0=ALARM;;;;;;Undefined;;;;;;;;;;;;ЛОЖЬ;ИСТИНА;;;;;;;;;;;;;Output;EPKS_CCB;ESD_931_1;683;;;;;;;;
M;C274_1_G;;;862-34;862-34;Function block marker;;ЛОЖЬ;ЛОЖЬ;;274;;;;;;;0;;;;798;ЛОЖЬ;0;;;;;;;;;;;;;;Undefined;;;;;;;;;;;;ЛОЖЬ;ИСТИНА;;;;;;;;;;;;;;;;;;;;;;;;
T;277_1;;;;;;;ЛОЖЬ;ЛОЖЬ;;277;;;;;;;;100 ms;5;;492;ЛОЖЬ;0;;;;;;;;;;;;;;Undefined;;;Delayed OFF with constant timer value;;;;;;;;;ЛОЖЬ;ИСТИНА;;;;;;;;;;;;;;;;;;;;;;;;
DO;93XY291;;MCC;930-09;A_P93009;AUTO SP P9300901AX;Yes;ИСТИНА;ЛОЖЬ;;328;;;;;;;0;;;;152;ИСТИНА;35293;None;;;;;;0=TRIP;;;;;;;Undefined;491;3428;;19.05;9;1;1;Appl;;;;ЛОЖЬ;;;;;;;;;;;;;;Output;EPKS_CCB;ESD_931_1;674;;;;;;;;
DO;93LAHH214_CA;;COM;930-09;A_93009;CAUSE ALARM;No;ЛОЖЬ;ЛОЖЬ;;290;;;;;;;0;;;;83;ЛОЖЬ;0;None;;;;;;0=TRIP;0=TRIP;;;;;;Undefined;;;;;;;;;;;;ЛОЖЬ;ИСТИНА;;;;;;;;;;;;;Output;EPKS_CCB;ESD_931_1;711;;;;;;;;
M;242_32_1;;;930-09;;93LT203;;ЛОЖЬ;ЛОЖЬ;;32;;;;;;;0;;;;1372;ЛОЖЬ;0;;;;;;;1=MO CONFIRMED;;;;;;;Undefined;491;3428;;;;;;;;;;ЛОЖЬ;;;;;;;;;;;;;;;;;;;;;;;;;
DO;93LAHH215_CA;;COM;930-09;A_93009;CAUSE ALARM;No;ЛОЖЬ;ЛОЖЬ;;290;;;;;;;0;;;;1267;ЛОЖЬ;35522;None;;;;;;0=ALARM;;;;;;;Undefined;491;3428;;;;;;;;;;ЛОЖЬ;;;;;;;;;;;;;;Output;EPKS_CCB;ESD_931_1;428;;;;;;;;
T;247_2;;;;;;;ЛОЖЬ;ЛОЖЬ;;247;;;;;;;;100 ms;5;;52;ЛОЖЬ;0;;;;;;;;;;;;;;Undefined;;;Delayed OFF with constant timer value;;;;;;;;;ЛОЖЬ;ИСТИНА;;;;;;;;;;;;;;;;;;;;;;;;
M;288_2;;;930-09;;;;ЛОЖЬ;ЛОЖЬ;;288;;;;;;;0;;;;1429;ЛОЖЬ;0;;;;;;;;;;;;;;Undefined;491;3428;;;;;;;;;;ЛОЖЬ;;;;;;;;;;;;;;;;;;;;;;;;;
M;279_278_1;;;930-09;;93LAHH218_I;;ЛОЖЬ;ЛОЖЬ;;278;;;;;;;0;;;;633;ЛОЖЬ;0;;;;;;;0=TRIP INITIATOR;;;;;;;Undefined;;;;;;;;;;;;ЛОЖЬ;ИСТИНА;;;;;;;;;;;;;;;;;;;;;;;;
M;260_8;;;930-09;A_93009;;;ЛОЖЬ;ЛОЖЬ;;260;;;;;;;0;;;;510;ЛОЖЬ;0;;;;;;;;;;;;;;Undefined;;;;;;;;;;;;ЛОЖЬ;ИСТИНА;;;;;;;;;;;;;;;;;;;;;;;;
T;242_9;;;862-34;;;;ЛОЖЬ;ЛОЖЬ;;242;;;;;;;;100 ms;5;;288;ЛОЖЬ;0;;;;;;;;;;;;;;Undefined;;;Delayed OFF with constant timer value;;;;;;;;;ЛОЖЬ;ИСТИНА;;;;;;;;;;;;;;;;;;;;;;;;
T;294_6;;;862-34;;;;ЛОЖЬ;ЛОЖЬ;;294;;;;;;;;100 ms;5;;732;ЛОЖЬ;0;;;;;;;;;;;;;;Undefined;;;Delayed OFF with constant timer value;;;;;;;;;ЛОЖЬ;ИСТИНА;;;;;;;;;;;;;;;;;;;;;;;;
M;2470_5;;;930-09;;;;ЛОЖЬ;ЛОЖЬ;;2470;;;;;;;0;;;;129;ЛОЖЬ;0;;;;;;;;;;;;;;Undefined;491;3428;;;;;;;;;;ЛОЖЬ;;;;;;;;;;;;;;;;;;;;;;;;;
M;C306_4_C;;;862-34;862-34;Function block marker;;ЛОЖЬ;ЛОЖЬ;;306;;;;;;;0;;;;711;ЛОЖЬ;0;;;;;;;;;;;;;;Undefined;;;;;;;;;;;;ЛОЖЬ;ИСТИНА;;;;;;;;;;;;;;;;;;;;;;;;
M;2349_A;;;;;1=MO REQUEST;;ЛОЖЬ;ЛОЖЬ;;2349;;;;;;;0;;;;1227;ЛОЖЬ;0;;;;;;;;;;;;;;Undefined;491;3428;;;;;;;;;;ЛОЖЬ;;;;;;;;;;;;;;;;;;;;;;;;;
DI;19-ExtComFaultCC5;;SYS;;;EXT COM FAULT COM CH 5;Yes;ЛОЖЬ;;;16;;;;;;;;;;;10;ЛОЖЬ;0;None;;;;;;;;;;;;;Undefined;491;3428;;;;;;;;;;ЛОЖЬ;;;;ЛОЖЬ;;;;;;;;;;;;;;;;;;;;;
M;C318_3_F;;;862-34;862-34;Function block marker;;ЛОЖЬ;ЛОЖЬ;;318;;;;;;;0;;;;688;ЛОЖЬ;0;;;;;;;;;;;;;;Undefined;;;;;;;;;;;;ЛОЖЬ;ИСТИНА;;;;;;;;;;;;;;;;;;;;;;;;
DO;93XSO224_P;;COM;930-09;A_93009;DCS MOV;No;ЛОЖЬ;ЛОЖЬ;;450;;;;;;;0;;;;237;ЛОЖЬ;0;None;;;;;;--;;;;;;;Undefined;491;3428;;;;;;;;;;ЛОЖЬ;;;;;;Output;CC_CCB_1;ESD_931_1;41;;;;;;;;;;;;;;;;
M;246_390_4;;;862-34;;93LALL205_I;;ЛОЖЬ;ЛОЖЬ;;390;;;;;;;0;;;;622;ЛОЖЬ;0;;;;;;;0=TRIP INITIATOR;;;;;;;Undefined;;;;;;;;;;;;ЛОЖЬ;ИСТИНА;;;;;;;;;;;;;;;;;;;;;;;;
M;2440_A;;;;;Signal 1;;ЛОЖЬ;ЛОЖЬ;;2440;;;;;;;0;;;;115;ЛОЖЬ;0;;;;;;;;;;;;;;Undefined;491;3428;;;;;;;;;;ЛОЖЬ;;;;;;;;;;;;;;;;;;;;;;;;;
DO;93LI201_MOC;;COM;930-09;A_93009;MO CONFIRMED;No;ЛОЖЬ;ЛОЖЬ;;240;;;;;;;0;;;;1248;ИСТИНА;35524;None;;;;;;1=CONFIRMED;;;;;;;Undefined;491;3428;;;;;;;;;;ЛОЖЬ;;;;;;;;;;;;;;Output;EPKS_CCB;ESD_931_1;483;;;;;;;;
R;2457_A;;;;;Input 1;;ЛОЖЬ;ЛОЖЬ;;2457;;Float;;;;;0;;;;140;ЛОЖЬ;0;;;;;;;;;;;;;;Undefined;491;3428;;;;;;;;;;ЛОЖЬ;;;;;;;;;;;;;;;;;;;;;;;;;
DO;93LI264_TF;;COM;930-09;A_93009;TRANSM. FAIL;No;ЛОЖЬ;ЛОЖЬ;;272;;;;;;;0;;;;1229;ИСТИНА;35525;None;;;;;;0=ALARM;;;;;;;Undefined;491;3428;;;;;;;;;;ЛОЖЬ;;;;;;;;;;;;;;Output;EPKS_CCB;ESD_931_1;510;;;;;;;;
T;306_3;;;862-34;;;;ЛОЖЬ;ЛОЖЬ;;306;;;;;;;;100 ms;10;;604;ЛОЖЬ;0;;;;;;;;;;;;;;Undefined;;;Delayed OFF with constant timer value;;;;;;;;;ЛОЖЬ;ИСТИНА;;;;;;;;;;;;;;;;;;;;;;;;
AI;93LI200;;FLD;862-34;;CONDR SHUNT B9300901A;Yes;ИСТИНА;ЛОЖЬ;;240;ИСТИНА;Float;4-20mA;0;100;%;;;;;136;ЛОЖЬ;35300;;None;None;None;None;;;;;;;;;-XXXXX.X;3.64;22;;19.03;9;1;1;Bottom scale;;;;ЛОЖЬ;ИСТИНА;ЛОЖЬ;;;;;;;;;;;;Output;EPKS_CCB;ESD_931_1;10139;;;;;;;;
M;256_2;;;930-09;;;;ЛОЖЬ;ЛОЖЬ;;256;;;;;;;0;;;;1389;ЛОЖЬ;0;;;;;;;;;;;;;;Undefined;491;3428;;;;;;;;;;ЛОЖЬ;;;;;;;;;;;;;;;;;;;;;;;;;
DO;93PAHH354;;COM;930-09;A_93009;HYDR SHUNT FL9300901SX;No;ЛОЖЬ;ЛОЖЬ;;316;;;;;;;0;;;;1338;ИСТИНА;35527;None;;;;;;0=TRIP;;;;;;;Undefined;491;3428;;;;;;;;;;ЛОЖЬ;;;;;;;;;;;;;;Output;EPKS_CCB;ESD_931_1;523;;;;;;;;
M;272_284_2;;;930-09;;93LAHH264_I;;ЛОЖЬ;ЛОЖЬ;;284;;;;;;;0;;;;1426;ЛОЖЬ;0;;;;;;;0=TRIP INITIATOR;;;;;;;Undefined;491;3428;;;;;;;;;;ЛОЖЬ;;;;;;;;;;;;;;;;;;;;;;;;;
M;C294_1_E;;;862-34;862-34;Function block marker;;ЛОЖЬ;ЛОЖЬ;;294;;;;;;;0;;;;1691;ЛОЖЬ;0;;;;;;;;;;;;;;Undefined;491;3428;;;;;;;;;;ЛОЖЬ;;;;;;;;;;;;;;;;;;;;;;;;;
M;C2490_2;;;;;Compiler marker (176, 187);;ЛОЖЬ;ЛОЖЬ;;2490;;;;;;;0;;;;253;ЛОЖЬ;0;;;;;;;;;;;;;;Undefined;491;3428;;;;;;;;;;ЛОЖЬ;;;;;;;;;;;;;;;;;;;;;;;;;
BO;93PI274_HH;;COM;930-09;A_93009;HH TRIP SETPOINT (Pa);No;ЛОЖЬ;ЛОЖЬ;;440;;Float;;;;;0;;;;512;;0;;;;;;;;;0;0;;;;-XXXXX.X;491;3428;;;;;;;;;;ЛОЖЬ;;;;;;;;;;;;;;Output;EPKS_CCB;ESD_931_1;10127;;;;;;;;
T;274_3;;;862-34;;;;ЛОЖЬ;ЛОЖЬ;;274;;;;;;;;100 ms;5;;696;ЛОЖЬ;0;;;;;;;;;;;;;;Undefined;;;Delayed OFF with constant timer value;;;;;;;;;ЛОЖЬ;ИСТИНА;;;;;;;;;;;;;;;;;;;;;;;;
M;326_1;;;930-09;;;;ЛОЖЬ;ЛОЖЬ;;326;;;;;;;0;;;;1524;ЛОЖЬ;0;;;;;;;;;;;;;;Undefined;491;3428;;;;;;;;;;ЛОЖЬ;;;;;;;;;;;;;;;;;;;;;;;;;
DO;IB9311_ESD1_F4;;COM;930-09;A_93009;COMMON UTILITY ALARM;No;ЛОЖЬ;ЛОЖЬ;;18;;;;;;;0;;;;169;ИСТИНА;35528;None;;;;;;0=ALARM;;;;;;;Undefined;491;3428;;;;;;;;;;ЛОЖЬ;;;;;;;;;;;;;;Output;EPKS_CCB;ESD_931_1;578;;;;;;;;
DO;93LALL205_CA;;COM;862-34;;CAUSE ALARM;No;ЛОЖЬ;ЛОЖЬ;;246;;;;;;;0;;;;1304;ЛОЖЬ;35529;None;;;;;;0=ALARM;;;;;;;Undefined;491;3428;;;;;;;;;;ЛОЖЬ;;;;;;;;;;;;;;Output;EPKS_CCB;ESD_931_1;454;;;;;;;;
DO;93LAHH205;;COM;862-34;;CONDR SHUNT V9300901A;No;ЛОЖЬ;ЛОЖЬ;;246;;;;;;;0;;;;1254;ИСТИНА;35530;None;;;;;;0=TRIP;;;;;;;Undefined;491;3428;;;;;;;;;;ЛОЖЬ;;;;;;;;;;;;;;Output;EPKS_CCB;ESD_931_1;421;;;;;;;;
DO;93HS707_MOD;;COM;930-09;A_93009;ESD MOS EN AREA 930-09;No;ЛОЖЬ;ЛОЖЬ;;127;;;;;;;0;;;;273;ЛОЖЬ;0;None;;;;;;1=NOT ENABLE;;;;;;;Undefined;491;3428;;;;;;;;;;ЛОЖЬ;;;;;;;;;;;;;;Output;EPKS_CCB;ESD_931_1;681;;;;;;;;
BI;19-TempCP2;;SYS;;;Temperature CP 2;Yes;ЛОЖЬ;;;17;;Word;;;;;;;;;10;;0;;;;;;;;;0;0;;;;-XXXXX.X;491;3428;;;;;;;;;;ЛОЖЬ;;;;;;;;;;;;;;;;;;;;;;;;;
M;254_256_1;;;862-34;;DRAIN FINAL;;ЛОЖЬ;ЛОЖЬ;;256;;;;;;;0;;;;1398;ЛОЖЬ;0;;;;;;;1=PULSE CMD;;;;;;;Undefined;491;3428;;;;;;;;;;ЛОЖЬ;;;;;;;;;;;;;;;;;;;;;;;;;
DO;93LALL221_CA;;COM;930-09;A_93009;CAUSE ALARM;No;ЛОЖЬ;ЛОЖЬ;;296;;;;;;;0;;;;90;ЛОЖЬ;0;None;;;;;;0=TRIP;0=TRIP;;;;;;Undefined;;;;;;;;;;;;ЛОЖЬ;ИСТИНА;;;;;;;;;;;;;Output;EPKS_CCB;ESD_931_1;718;;;;;;;;
M;C262_1_F;;;930-09;930-09;Function block marker;;ЛОЖЬ;ЛОЖЬ;;262;;;;;;;0;;;;560;ЛОЖЬ;0;;;;;;;;;;;;;;Undefined;;;;;;;;;;;;ЛОЖЬ;ИСТИНА;;;;;;;;;;;;;;;;;;;;;;;;
DO;93XY244B;;MCC;930-09;A_93009;EMERG SHUT CLOS 93XV244;Yes;ИСТИНА;ЛОЖЬ;;264;;;;;;;0;;;;136;ЛОЖЬ;35294;None;;;;;;1=CLOSE;;;;;;;Undefined;491;3428;;19.05;7;1;1;Appl;;;;ЛОЖЬ;;;;;;;;;;;;;;;;;;;;;;;;;
M;306_34_1;;;930-09;;93PT352;;ЛОЖЬ;ЛОЖЬ;;34;;;;;;;0;;;;1493;ЛОЖЬ;0;;;;;;;1=MO CONFIRMED;;;;;;;Undefined;491;3428;;;;;;;;;;ЛОЖЬ;;;;;;;;;;;;;;;;;;;;;;;;;
R;C2456_10;;;;;Compiler register (256, 276);;ЛОЖЬ;ЛОЖЬ;;2456;;Float;;;;;0;;;;568;ЛОЖЬ;0;;;;;;;;;;;;;;Undefined;491;3428;;;;;;;;;;ЛОЖЬ;;;;;;;;;;;;;;;;;;;;;;;;;
DO;93XY227;;MCC;930-09;A_93009;EMERG SHUT CLOS 93XV227;Yes;ИСТИНА;ЛОЖЬ;;410;;;;;;;0;;;;92;ЛОЖЬ;35295;None;;;;;;1=CLOSE;;;;;;;Undefined;491;3428;;19.05;1;5;1;Appl;;;;ЛОЖЬ;;;;;;;;;;;;;;;;;;;;;;;;;
M;316_1;;;930-09;;;;ЛОЖЬ;ЛОЖЬ;;316;;;;;;;0;;;;1511;ЛОЖЬ;0;;;;;;;;;;;;;;Undefined;491;3428;;;;;;;;;;ЛОЖЬ;;;;;;;;;;;;;;;;;;;;;;;;;
M;C252_4;;;862-34;;Compiler marker (208, 90);;ЛОЖЬ;ЛОЖЬ;;252;;;;;;;0;;;;241;ЛОЖЬ;0;;;;;;;;;;;;;;Undefined;;;;;;;;;;;;ЛОЖЬ;ИСТИНА;;;;;;;;;;;;;;;;;;;;;;;;
M;C2349_2;;;;;Compiler marker (272, 78);;ЛОЖЬ;ЛОЖЬ;;2349;;;;;;;0;;;;399;ЛОЖЬ;0;;;;;;;;;;;;;;Undefined;491;3428;;;;;;;;;;ЛОЖЬ;;;;;;;;;;;;;;;;;;;;;;;;;
T;16_1;;;862-34;;;;ЛОЖЬ;ЛОЖЬ;;16;;;;;;;;100 ms;30;;56;ЛОЖЬ;0;;;;;;;;;;;;;;Undefined;;;Delayed OFF with constant timer value;;;;;;;;;ЛОЖЬ;ИСТИНА;;;;;;;;;;;;;;;;;;;;;;;;
DO;93LAHH204_CA;;COM;;;CAUSE ALARM;No;ЛОЖЬ;ЛОЖЬ;;247;;;;;;;0;;;;77;ЛОЖЬ;0;None;;;;;;0=TRIP;0=TRIP;;;;;;Undefined;;;;;;;;;;;;ЛОЖЬ;ИСТИНА;;;;;;;;;;;;;Output;EPKS_CCB;ESD_931_1;705;;;;;;;;
BO;93PI353_HH;;COM;930-09;A_93009;HH TRIP SETPOINT (Pa);No;ЛОЖЬ;ЛОЖЬ;;308;;Float;;;;;0;;;;472;;0;;;;;;;;;0;0;;;;-XXXXX.X;491;3428;;;;;;;;;;ЛОЖЬ;;;;;;;;;;;;;;Output;EPKS_CCB;ESD_931_1;10130;;;;;;;;
T;272_3;;;862-34;;;;ЛОЖЬ;ЛОЖЬ;;272;;;;;;;;100 ms;5;;644;ЛОЖЬ;0;;;;;;;;;;;;;;Undefined;;;Delayed OFF with constant timer value;;;;;;;;;ЛОЖЬ;ИСТИНА;;;;;;;;;;;;;;;;;;;;;;;;
DO;93LAHH263;;COM;930-09;A_93009;TOR SHUNT COND V9300901C;No;ЛОЖЬ;ЛОЖЬ;;262;;;;;;;0;;;;1294;ИСТИНА;35531;None;;;;;;0=TRIP;;;;;;;Undefined;491;3428;;;;;;;;;;ЛОЖЬ;;;;;;;;;;;;;;Output;EPKS_CCB;ESD_931_1;439;;;;;;;;
DO;93XY221A_C;;COM;862-34;;EMERG SHUT OPEN 93XV221;No;ЛОЖЬ;ЛОЖЬ;;298;;;;;;;0;;;;408;ИСТИНА;35505;None;;;;;;0=TRIP;;;;;;;Undefined;491;3428;;;;;;;;;;ЛОЖЬ;;;;;;;;;;;;;;Output;EPKS_CCB;ESD_931_1;638;;;;;;;;
M;C277_1_G;;;;;Function block marker;;ЛОЖЬ;ЛОЖЬ;;277;;;;;;;0;;;;774;ЛОЖЬ;0;;;;;;;;;;;;;;Undefined;;;;;;;;;;;;ЛОЖЬ;ИСТИНА;;;;;;;;;;;;;;;;;;;;;;;;
M;284_288_1;;;930-09;;DRAIN TO A;;ЛОЖЬ;ЛОЖЬ;;288;;;;;;;0;;;;1430;ЛОЖЬ;0;;;;;;;;;;;;;;Undefined;491;3428;;;;;;;;;;ЛОЖЬ;;;;;;;;;;;;;;;;;;;;;;;;;
DO;93XY225;;MCC;930-09;A_93009;EMERG SHUT CLOS 93XV225;Yes;ИСТИНА;ЛОЖЬ;;420;;;;;;;0;;;;89;ЛОЖЬ;35296;None;;;;;;1=CLOSE;;;;;;;Undefined;491;3428;;19.05;1;2;1;Appl;;;;ЛОЖЬ;;;;;;;;;;;;;;;;;;;;;;;;;
M;350_36_1;;;930-09;;93TT993;;ЛОЖЬ;ЛОЖЬ;;36;;;;;;;0;;;;1547;ЛОЖЬ;0;;;;;;;1=MO CONFIRMED;;;;;;;Undefined;491;3428;;;;;;;;;;ЛОЖЬ;;;;;;;;;;;;;;;;;;;;;;;;;
M;2456_K;;;;;Trip 11;;ЛОЖЬ;ЛОЖЬ;;2456;;;;;;;0;;;;122;ЛОЖЬ;0;;;;;;;;;;;;;;Undefined;491;3428;;;;;;;;;;ЛОЖЬ;;;;;;;;;;;;;;;;;;;;;;;;;
M;C440_5_E;;;862-34;862-34;Function block marker;;ЛОЖЬ;ЛОЖЬ;;440;;;;;;;0;;;;520;ЛОЖЬ;0;;;;;;;;;;;;;;Undefined;;;;;;;;;;;;ЛОЖЬ;ИСТИНА;;;;;;;;;;;;;;;;;;;;;;;;
DO;93XY231;;MCC;930-09;A_93009;EMERG SHUT CLOS 93XV231;Yes;ИСТИНА;ЛОЖЬ;;328;;;;;;;0;;;;105;ЛОЖЬ;35297;None;;;;;;1=CLOSE;;;;;;;Undefined;491;3428;;19.05;3;2;1;Appl;;;;ЛОЖЬ;;;;;;;;;;;;;;;;;;;;;;;;;
M;C247_3_F;;;;;Function block marker;;ЛОЖЬ;ЛОЖЬ;;247;;;;;;;0;;;;847;ЛОЖЬ;0;;;;;;;;;;;;;;Undefined;;;;;;;;;;;;ЛОЖЬ;ИСТИНА;;;;;;;;;;;;;;;;;;;;;;;;
DO;93XSF225_P;;COM;930-09;A_93009;DCS MOV;No;ЛОЖЬ;ЛОЖЬ;;450;;;;;;;0;;;;136;ЛОЖЬ;0;None;;;;;;--;;;;;;;Undefined;491;3428;;;;;;;;;;ЛОЖЬ;;;;;;Output;CC_CCB_1;ESD_931_1;43;;;;;;;;;;;;;;;;
M;C2470_2;;;;;Compiler marker (176, 126);;ЛОЖЬ;ЛОЖЬ;;2470;;;;;;;0;;;;1529;ЛОЖЬ;0;;;;;;;;;;;;;;Undefined;491;3428;;;;;;;;;;ЛОЖЬ;;;;;;;;;;;;;;;;;;;;;;;;;
DO;93LI215_TF;;COM;930-09;A_93009;TRANSM. FAIL;No;ЛОЖЬ;ЛОЖЬ;;290;;;;;;;0;;;;1265;ИСТИНА;35533;None;;;;;;0=ALARM;;;;;;;Undefined;491;3428;;;;;;;;;;ЛОЖЬ;;;;;;;;;;;;;;Output;EPKS_CCB;ESD_931_1;494;;;;;;;;
M;C272_4_G;;;862-34;862-34;Function block marker;;ЛОЖЬ;ЛОЖЬ;;272;;;;;;;0;;;;805;ЛОЖЬ;0;;;;;;;;;;;;;;Undefined;;;;;;;;;;;;ЛОЖЬ;ИСТИНА;;;;;;;;;;;;;;;;;;;;;;;;
M;C252_5;;;862-34;;Compiler marker (208, 168);;ЛОЖЬ;ЛОЖЬ;;252;;;;;;;0;;;;418;ЛОЖЬ;0;;;;;;;;;;;;;;Undefined;;;;;;;;;;;;ЛОЖЬ;ИСТИНА;;;;;;;;;;;;;;;;;;;;;;;;
DO;93PAHH352A_CA;;COM;862-34;;CAUSE ALARM;No;ЛОЖЬ;ЛОЖЬ;;306;;;;;;;0;;;;655;ЛОЖЬ;0;None;;;;;;0=ALARM;0=ALARM;;;;;;Undefined;;;;;;;;;;;;ЛОЖЬ;ИСТИНА;;;;;;;;;;;;;Output;EPKS_CCB;ESD_931_1;608;;;;;;;;
DO;93XY222;;MCC;930-09;A_93009;EMERG SHUT OPEN 93XV222;Yes;ИСТИНА;ЛОЖЬ;;410;;;;;;;0;;;;78;ЛОЖЬ;35298;None;;;;;;1=OPEN;;;;;;;Undefined;491;3428;;19.04;15;7;1;Appl;;;;ЛОЖЬ;;;;;;;;;;;;;;;;;;;;;;;;;
DO;93LAHH267A_CA;;COM;862-34;;CAUSE ALARM;No;ЛОЖЬ;ЛОЖЬ;;294;;;;;;;0;;;;672;ЛОЖЬ;0;None;;;;;;0=ALARM;0=ALARM;;;;;;Undefined;;;;;;;;;;;;ЛОЖЬ;ИСТИНА;;;;;;;;;;;;;Output;EPKS_CCB;ESD_931_1;730;;;;;;;;
DO;93XY229;;MCC;930-09;A_93009;EMERG SHUT CLOS 93XV229;Yes;ИСТИНА;ЛОЖЬ;;420;;;;;;;0;;;;95;ЛОЖЬ;35299;None;;;;;;1=CLOSE;;;;;;;Undefined;491;3428;;19.05;1;8;1;Appl;;;;ЛОЖЬ;;;;;;;;;;;;;;;;;;;;;;;;;
DO;93XY248_C;;COM;862-34;;EMERG SHUT CLOS 93XV248;No;ЛОЖЬ;ЛОЖЬ;;266;;;;;;;0;;;;269;ИСТИНА;35596;None;;;;;;0=TRIP;;;;;;;Undefined;491;3428;;;;;;;;;;ЛОЖЬ;;;;;;;;;;;;;;Output;EPKS_CCB;ESD_931_1;671;;;;;;;;
M;294_3;;;930-09;;;;ЛОЖЬ;ЛОЖЬ;;294;;;;;;;0;;;;286;ЛОЖЬ;0;;;;;;;;;;;;;;Undefined;491;3428;;;;;;;;;;ЛОЖЬ;;;;;;;;;;;;;;;;;;;;;;;;;
DO;93LALL223_CA;;COM;930-09;A_93009;CAUSE ALARM;No;ЛОЖЬ;ЛОЖЬ;;370;;;;;;;0;;;;91;ЛОЖЬ;0;None;;;;;;0=TRIP;0=TRIP;;;;;;Undefined;;;;;;;;;;;;ЛОЖЬ;ИСТИНА;;;;;;;;;;;;;Output;EPKS_CCB;ESD_931_1;719;;;;;;;;
M;C244_4_G;;;862-34;862-34;Function block marker;;ЛОЖЬ;ЛОЖЬ;;244;;;;;;;0;;;;866;ЛОЖЬ;0;;;;;;;;;;;;;;Undefined;;;;;;;;;;;;ЛОЖЬ;ИСТИНА;;;;;;;;;;;;;;;;;;;;;;;;
M;C290_1_E;;;930-09;930-09;Function block marker;;ЛОЖЬ;ЛОЖЬ;;290;;;;;;;0;;;;1701;ЛОЖЬ;0;;;;;;;;;;;;;;Undefined;491;3428;;;;;;;;;;ЛОЖЬ;;;;;;;;;;;;;;;;;;;;;;;;;
DO;93LAHH215_P;;COM;930-09;A_93009;PERM (0) SIG 93XV221;No;ЛОЖЬ;ЛОЖЬ;;298;;;;;;;0;;;;219;ЛОЖЬ;0;None;;;;;;0=PERMISSIVE;;;;;;;Undefined;491;3428;;;;;;;;;;ЛОЖЬ;;;;;;Output;CC_CCB_1;ESD_931_1;60;;;;;;;;;;;;;;;;
M;277_276_2;;;930-09;A_93009;93LALL216_I;;ЛОЖЬ;ЛОЖЬ;;276;;;;;;;0;;;;623;ЛОЖЬ;0;;;;;;;0=TRIP INITIATOR;;;;;;;Undefined;;;;;;;;;;;;ЛОЖЬ;ИСТИНА;;;;;;;;;;;;;;;;;;;;;;;;
T;242_1;;;862-34;;;;ЛОЖЬ;ЛОЖЬ;;242;;;;;;;;100 ms;5;;32;ЛОЖЬ;0;;;;;;;;;;;;;;Undefined;;;Delayed OFF with constant timer value;;;;;;;;;ЛОЖЬ;ИСТИНА;;;;;;;;;;;;;;;;;;;;;;;;
DO;93LALL204_CA;;COM;;;CAUSE ALARM;No;ЛОЖЬ;ЛОЖЬ;;247;;;;;;;0;;;;78;ЛОЖЬ;0;None;;;;;;0=TRIP;0=TRIP;;;;;;Undefined;;;;;;;;;;;;ЛОЖЬ;ИСТИНА;;;;;;;;;;;;;Output;EPKS_CCB;ESD_931_1;706;;;;;;;;
M;C440_4_F;;;862-34;862-34;Function block marker;;ЛОЖЬ;ЛОЖЬ;;440;;;;;;;0;;;;517;ЛОЖЬ;0;;;;;;;;;;;;;;Undefined;;;;;;;;;;;;ЛОЖЬ;ИСТИНА;;;;;;;;;;;;;;;;;;;;;;;;
T;306_2;;;862-34;;;;ЛОЖЬ;ЛОЖЬ;;306;;;;;;;;100 ms;5;;600;ЛОЖЬ;0;;;;;;;;;;;;;;Undefined;;;Delayed OFF with constant timer value;;;;;;;;;ЛОЖЬ;ИСТИНА;;;;;;;;;;;;;;;;;;;;;;;;
DO;93LAHH217_CA;;COM;930-09;A_93009;CAUSE ALARM;No;ЛОЖЬ;ЛОЖЬ;;276;;;;;;;0;;;;1271;ЛОЖЬ;35536;None;;;;;;0=ALARM;;;;;;;Undefined;491;3428;;;;;;;;;;ЛОЖЬ;;;;;;;;;;;;;;Output;EPKS_CCB;ESD_931_1;430;;;;;;;;
DO;93LALL215_CA;;COM;930-09;A_93009;CAUSE ALARM;No;ЛОЖЬ;ЛОЖЬ;;290;;;;;;;0;;;;1320;ЛОЖЬ;35537;None;;;;;;0=ALARM;;;;;;;Undefined;491;3428;;;;;;;;;;ЛОЖЬ;;;;;;;;;;;;;;Output;EPKS_CCB;ESD_931_1;460;;;;;;;;
M;C240_2_F;;;862-34;862-34;Function block marker;;ЛОЖЬ;ЛОЖЬ;;240;;;;;;;0;;;;877;ЛОЖЬ;0;;;;;;;;;;;;;;Undefined;;;;;;;;;;;;ЛОЖЬ;ИСТИНА;;;;;;;;;;;;;;;;;;;;;;;;
DO;93LI219_TF;;COM;930-09;;TRANSM. FAIL;No;ЛОЖЬ;ЛОЖЬ;;278;;;;;;;0;;;;1273;ИСТИНА;35538;None;;;;;;0=ALARM;;;;;;;Undefined;491;3428;;;;;;;;;;ЛОЖЬ;;;;;;;;;;;;;;Output;EPKS_CCB;ESD_931_1;498;;;;;;;;
DO;93XY239;;MCC;930-09;A_93009;EMERG SHUT CLOS 93XV239;Yes;ИСТИНА;ЛОЖЬ;;350;;;;;;;0;;;;122;ЛОЖЬ;35302;None;;;;;;1=CLOSE;;;;;;;Undefined;491;3428;;19.05;5;3;1;Appl;;;;ЛОЖЬ;;;;;;;;;;;;;;;;;;;;;;;;;
BI;19-DayOfTheWeek;;SYS;;;Day of the week;No;ЛОЖЬ;;;0;;Byte;;;;;;;;;4;;0;;;;;;;;;0;0;;;;-XXXXX.X;491;3428;;;;;;;;;;ЛОЖЬ;;;;;;;;;;;;;;;;;;;;;;;;;
M;C248_1;;;862-34;;Compiler marker (264, 150);;ЛОЖЬ;ЛОЖЬ;;248;;;;;;;0;;;;727;ЛОЖЬ;0;;;;;;;;;;;;;;Undefined;;;;;;;;;;;;ЛОЖЬ;ИСТИНА;;;;;;;;;;;;;;;;;;;;;;;;
M;C294_4_G;;;862-34;862-34;Function block marker;;ЛОЖЬ;ЛОЖЬ;;294;;;;;;;0;;;;725;ЛОЖЬ;0;;;;;;;;;;;;;;Undefined;;;;;;;;;;;;ЛОЖЬ;ИСТИНА;;;;;;;;;;;;;;;;;;;;;;;;
T;360_1;;;930-09;;;;ЛОЖЬ;ЛОЖЬ;;360;;;;;;;;100 ms;5;;176;ЛОЖЬ;0;;;;;;;;;;;;;;Undefined;491;3428;Delayed OFF with constant timer value;;;;;;;;;ЛОЖЬ;;;;;;;;;;;;;;;;;;;;;;;;;
M;C290_2_E;;;930-09;930-09;Function block marker;;ЛОЖЬ;ЛОЖЬ;;290;;;;;;;0;;;;1699;ЛОЖЬ;0;;;;;;;;;;;;;;Undefined;491;3428;;;;;;;;;;ЛОЖЬ;;;;;;;;;;;;;;;;;;;;;;;;;
M;C240_1_G;;;862-34;862-34;Function block marker;;ЛОЖЬ;ЛОЖЬ;;240;;;;;;;0;;;;605;ЛОЖЬ;0;;;;;;;;;;;;;;Undefined;;;;;;;;;;;;ЛОЖЬ;ИСТИНА;;;;;;;;;;;;;;;;;;;;;;;;
DO;93XY212B_C;;COM;862-34;;EMERG SHUT CLOS 93XV212;No;ЛОЖЬ;ЛОЖЬ;;286;;;;;;;0;;;;403;ИСТИНА;35597;None;;;;;;0=TRIP;;;;;;;Undefined;491;3428;;;;;;;;;;ЛОЖЬ;;;;;;;;;;;;;;Output;EPKS_CCB;ESD_931_1;629;;;;;;;;
M;C318_1_F;;;862-34;862-34;Function block marker;;ЛОЖЬ;ЛОЖЬ;;318;;;;;;;0;;;;685;ЛОЖЬ;0;;;;;;;;;;;;;;Undefined;;;;;;;;;;;;ЛОЖЬ;ИСТИНА;;;;;;;;;;;;;;;;;;;;;;;;
M;C296_1;;;930-09;A_93009;Compiler marker (208, 96);;ЛОЖЬ;ЛОЖЬ;;296;;;;;;;0;;;;676;ЛОЖЬ;0;;;;;;;;;;;;;;Undefined;;;;;;;;;;;;ЛОЖЬ;ИСТИНА;;;;;;;;;;;;;;;;;;;;;;;;
DO;93XY213A_C;;COM;862-34;;EMERG SHUT OPEN 93XV213;No;ЛОЖЬ;ЛОЖЬ;;298;;;;;;;0;;;;410;ИСТИНА;35598;None;;;;;;0=TRIP;;;;;;;Undefined;491;3428;;;;;;;;;;ЛОЖЬ;;;;;;;;;;;;;;Output;EPKS_CCB;ESD_931_1;630;;;;;;;;
BO;93PI355_HH;;COM;930-09;A_93009;HH TRIP SETPOINT (Pa);No;ЛОЖЬ;ЛОЖЬ;;318;;Float;;;;;0;;;;484;;0;;;;;;;;;0;0;;;;-XXXXX.X;491;3428;;;;;;;;;;ЛОЖЬ;;;;;;;;;;;;;;Output;EPKS_CCB;ESD_931_1;10132;;;;;;;;
DI;93PI354_MOR;;COM;930-09;A_93009;MO REQUEST;No;ЛОЖЬ;ИСТИНА;;316;;;;;;;0;;;;1800;ЛОЖЬ;0;None;;;;;;1=REQUEST;;;;;;;Undefined;491;3428;;;;;;Freeze;;;;ЛОЖЬ;;;;ЛОЖЬ;;;;;;;;;;Input;EPKS_CCB;ESD_931_1;25;;;;;;;;
R;2457_F;;;;;Input 6;;ЛОЖЬ;ЛОЖЬ;;2457;;Float;;;;;0;;;;144;ЛОЖЬ;0;;;;;;;;;;;;;;Undefined;491;3428;;;;;;;;;;ЛОЖЬ;;;;;;;;;;;;;;;;;;;;;;;;;
T;260_9;;;930-09;A_93009;;;ЛОЖЬ;ЛОЖЬ;;260;;;;;;;;100 ms;5;;432;ЛОЖЬ;0;;;;;;;;;;;;;;Undefined;;;Delayed OFF with constant timer value;;;;;;;;;ЛОЖЬ;ИСТИНА;;;;;;;;;;;;;;;;;;;;;;;;
M;C294_6_E;;;862-34;862-34;Function block marker;;ЛОЖЬ;ЛОЖЬ;;294;;;;;;;0;;;;730;ЛОЖЬ;0;;;;;;;;;;;;;;Undefined;;;;;;;;;;;;ЛОЖЬ;ИСТИНА;;;;;;;;;;;;;;;;;;;;;;;;
AI;VM 19.03/9/17;;SYS;;;;Yes;ЛОЖЬ;;;0;ИСТИНА;Float;0-5V (VM);0;100;;;;;;200;ЛОЖЬ;0;;None;None;None;None;;;;;;;;;Undefined;2.5;3.9;;19.03;9;17;1;Scan;;;;ЛОЖЬ;ИСТИНА;;;;;;;;;;;;;;;;;;;;;;;;
M;2432_B;;;;;LOOP AND;;ЛОЖЬ;ЛОЖЬ;;2432;;;;;;;0;;;;47;ЛОЖЬ;0;;;;;;;;;;;;;;Undefined;;;;;;;;;;;;ЛОЖЬ;ИСТИНА;;;;;;;;;;;;;;;;;;;;;;;;
M;2432_E;;;;;0=CAUSE ALARM;;ЛОЖЬ;ЛОЖЬ;;2432;;;;;;;0;;;;44;ЛОЖЬ;0;;;;;;;;;;;;;;Undefined;;;;;;;;;;;;ЛОЖЬ;ИСТИНА;;;;;;;;;;;;;;;;;;;;;;;;
M;2457_H;;;;;Pre-alarm;;ЛОЖЬ;ЛОЖЬ;;2457;;;;;;;0;;;;100;ЛОЖЬ;0;;;;;;;;;;;;;;Undefined;491;3428;;;;;;;;;;ЛОЖЬ;;;;;;;;;;;;;;;;;;;;;;;;;
AI;93LI231;;FLD;930-09;A_93009;LOW PRS COND F9300905AX;Yes;ИСТИНА;ЛОЖЬ;;380;ИСТИНА;Float;4-20mA;0;100;%;;;;;220;ЛОЖЬ;35511;;None;None;None;None;;;;-25;-25;;;;-XXXXX.X;3.64;22;;19.03;17;5;1;Bottom scale;;;;ЛОЖЬ;ИСТИНА;ЛОЖЬ;;;;;;;;;;;;Output;EPKS_CCB;ESD_931_1;10075;;;;;;;;
DO;93XY226B;;MCC;930-09;A_93009;EMERG SHUT CLOS 93XV226;Yes;ИСТИНА;ЛОЖЬ;;288;;;;;;;0;;;;91;ЛОЖЬ;35304;None;;;;;;1=CLOSE;;;;;;;Undefined;491;3428;;19.05;1;4;1;Appl;;;;ЛОЖЬ;;;;;;;;;;;;;;;;;;;;;;;;;
M;2457_I;;;;;X out of Y;;ЛОЖЬ;ЛОЖЬ;;2457;;;;;;;0;;;;102;ЛОЖЬ;0;;;;;;;;;;;;;;Undefined;491;3428;;;;;;;;;;ЛОЖЬ;;;;;;;;;;;;;;;;;;;;;;;;;
DO;93HS708A;;COM;930-10;A_93010;ESD MOS EN AREA 930-10;No;ЛОЖЬ;ЛОЖЬ;;129;;;;;;;0;;;;196;ИСТИНА;35541;None;;;;;;1=ENABLED;;;;;;;Undefined;491;3428;;;;;;;;;;ЛОЖЬ;;;;;;;;;;;;;;Output;EPKS_CCB;ESD_931_1;686;;;;;;;;
DO;93TI999_MOC;;COM;930-09;A_93009;MO CONFIRMED;No;ЛОЖЬ;ЛОЖЬ;;326;;;;;;;0;;;;1368;ИСТИНА;35542;None;;;;;;1=CONFIRMED;;;;;;;Undefined;491;3428;;;;;;;;;;ЛОЖЬ;;;;;;;;;;;;;;Output;EPKS_CCB;ESD_931_1;561;;;;;;;;
M;279_278_2;;;930-09;;93LALL218_I;;ЛОЖЬ;ЛОЖЬ;;278;;;;;;;0;;;;635;ЛОЖЬ;0;;;;;;;0=TRIP INITIATOR;;;;;;;Undefined;;;;;;;;;;;;ЛОЖЬ;ИСТИНА;;;;;;;;;;;;;;;;;;;;;;;;
DO;93XY296A_C;;COM;862-34;A_P93009;AUTO ST P9300905AX;No;ЛОЖЬ;ЛОЖЬ;;382;;;;;;;0;;;;434;ИСТИНА;35599;None;;;;;;0=TRIP;;;;;;;Undefined;491;3428;;;;;;;;;;ЛОЖЬ;;;;;;;;;;;;;;Output;EPKS_CCB;ESD_931_1;679;;;;;;;;
DO;93PI355_TF;;COM;930-09;A_93009;TRANSM. FAIL;No;ЛОЖЬ;ЛОЖЬ;;318;;;;;;;0;;;;1341;ИСТИНА;35543;None;;;;;;0=ALARM;;;;;;;Undefined;491;3428;;;;;;;;;;ЛОЖЬ;;;;;;;;;;;;;;Output;EPKS_CCB;ESD_931_1;538;;;;;;;;
M;C240_5_E;;;862-34;862-34;Function block marker;;ЛОЖЬ;ЛОЖЬ;;240;;;;;;;0;;;;606;ЛОЖЬ;0;;;;;;;;;;;;;;Undefined;;;;;;;;;;;;ЛОЖЬ;ИСТИНА;;;;;;;;;;;;;;;;;;;;;;;;
DO;93LAHH267_CA;;COM;930-09;A_93009;CAUSE ALARM;No;ЛОЖЬ;ЛОЖЬ;;294;;;;;;;0;;;;1243;ЛОЖЬ;35544;None;;;;;;0=ALARM;;;;;;;Undefined;491;3428;;;;;;;;;;ЛОЖЬ;;;;;;;;;;;;;;Output;EPKS_CCB;ESD_931_1;448;;;;;;;;
M;C284_3;;;930-09;;Compiler marker (328, 156);;ЛОЖЬ;ЛОЖЬ;;284;;;;;;;0;;;;1707;ЛОЖЬ;0;;;;;;;;;;;;;;Undefined;491;3428;;;;;;;;;;ЛОЖЬ;;;;;;;;;;;;;;;;;;;;;;;;;
DI;00XS931EMC02;;MAR;930-09;S_B931;IB931 COMM ALARM EMC02;Yes;ИСТИНА;ЛОЖЬ;;18;;;;;;;;;;;38;ИСТИНА;35305;None;;;;;;0=ALARM;;;;;;;Undefined;491;3428;;19.03;5;15;1;Low;;;;ЛОЖЬ;;;;ЛОЖЬ;;;;;;;;;;Output;EPKS_CCB;ESD_931_1;589;;;;;;;;
M;C274_4_F;;;862-34;862-34;Function block marker;;ЛОЖЬ;ЛОЖЬ;;274;;;;;;;0;;;;790;ЛОЖЬ;0;;;;;;;;;;;;;;Undefined;;;;;;;;;;;;ЛОЖЬ;ИСТИНА;;;;;;;;;;;;;;;;;;;;;;;;
M;244_32_3;;;930-09;;93LT212;;ЛОЖЬ;ЛОЖЬ;;32;;;;;;;0;;;;1373;ЛОЖЬ;0;;;;;;;1=MO CONFIRMED;;;;;;;Undefined;491;3428;;;;;;;;;;ЛОЖЬ;;;;;;;;;;;;;;;;;;;;;;;;;
DO;93TAHH996_P;;COM;930-09;A_93009;PERM (1) 93XV232 93XV233;No;ЛОЖЬ;ЛОЖЬ;;328;;;;;;;0;;;;225;ЛОЖЬ;0;None;;;;;;1=PERMISSIVE;;;;;;;Undefined;491;3428;;;;;;;;;;ЛОЖЬ;;;;;;Output;CC_CCB_1;ESD_931_1;77;;;;;;;;;;;;;;;;
DO;93XY224_C;;COM;862-34;;EMERG SHUT CLOS 93XV224;No;ЛОЖЬ;ЛОЖЬ;;410;;;;;;;0;;;;442;ИСТИНА;35600;None;;;;;;0=TRIP;;;;;;;Undefined;491;3428;;;;;;;;;;ЛОЖЬ;;;;;;;;;;;;;;Output;EPKS_CCB;ESD_931_1;642;;;;;;;;
DI;93XSO207;;MCC;930-09;A_93009;SHUTTER 93XV207 - ON;Yes;ИСТИНА;ЛОЖЬ;;450;;;;;;;;;;;29;ЛОЖЬ;35306;None;;;;;;1=OPEN;;;;;;;Undefined;491;3428;;19.03;3;6;1;Low;;;;ЛОЖЬ;;;;ЛОЖЬ;;;;;;;;;;Output;EPKS_CCB;ESD_931_1;594;;;;;;;;
DO;93LI265_MOC;;COM;930-09;A_93009;MO CONFIRMED;No;ЛОЖЬ;ЛОЖЬ;;292;;;;;;;0;;;;1236;ИСТИНА;35546;None;;;;;;1=CONFIRMED;;;;;;;Undefined;491;3428;;;;;;;;;;ЛОЖЬ;;;;;;;;;;;;;;Output;EPKS_CCB;ESD_931_1;511;;;;;;;;
DO;93LALL206_CA;;COM;;;CAUSE ALARM;No;ЛОЖЬ;ЛОЖЬ;;249;;;;;;;0;;;;80;ЛОЖЬ;0;None;;;;;;0=TRIP;0=TRIP;;;;;;Undefined;;;;;;;;;;;;ЛОЖЬ;ИСТИНА;;;;;;;;;;;;;Output;EPKS_CCB;ESD_931_1;708;;;;;;;;
M;C127_5;;;862-34;862-34;Compiler marker (216, 133);;ЛОЖЬ;ЛОЖЬ;;127;;;;;;;0;;;;67;ЛОЖЬ;0;;;;;;;;;;;;;;Undefined;;;;;;;;;;;;ЛОЖЬ;ИСТИНА;;;;;;;;;;;;;;;;;;;;;;;;
BO;93LI266_LL;;COM;930-09;A_93009;LL TRIP SETPOINT (%);No;ЛОЖЬ;ЛОЖЬ;;274;;Float;;;;;0;;;;392;;0;;;;;;;;;0;0;;;;-XXXXX.X;491;3428;;;;;;;;;;ЛОЖЬ;;;;;;;;;;;;;;Output;EPKS_CCB;ESD_931_1;10124;;;;;;;;
M;242_8;;;862-34;;;;ЛОЖЬ;ЛОЖЬ;;242;;;;;;;0;;;;164;ЛОЖЬ;0;;;;;;;;;;;;;;Undefined;;;;;;;;;;;;ЛОЖЬ;ИСТИНА;;;;;;;;;;;;;;;;;;;;;;;;
M;380_7;;;930-09;A_93009;;;ЛОЖЬ;ЛОЖЬ;;380;;;;;;;0;;;;506;ЛОЖЬ;0;;;;;;;;;;;;;;Undefined;;;;;;;;;;;;ЛОЖЬ;ИСТИНА;;;;;;;;;;;;;;;;;;;;;;;;
AI;93LI266A;;FLD;862-34;;HYD GAS COND FL9300901SX;Yes;ИСТИНА;ЛОЖЬ;;274;ИСТИНА;Float;4-20mA;0;100;%;;;;;252;ЛОЖЬ;35289;;None;None;None;None;;;;;;;;;-XXXXX.X;3.64;22;;19.03;17;13;1;Bottom scale;;;;ЛОЖЬ;ИСТИНА;ЛОЖЬ;;;;;;;;;;;;Output;EPKS_CCB;ESD_931_1;10154;;;;;;;;
M;C247_1_F;;;;;Function block marker;;ЛОЖЬ;ЛОЖЬ;;247;;;;;;;0;;;;850;ЛОЖЬ;0;;;;;;;;;;;;;;Undefined;;;;;;;;;;;;ЛОЖЬ;ИСТИНА;;;;;;;;;;;;;;;;;;;;;;;;
DO;93LAHH218_CA;;COM;;;CAUSE ALARM;No;ЛОЖЬ;ЛОЖЬ;;279;;;;;;;0;;;;87;ЛОЖЬ;0;None;;;;;;0=TRIP;0=TRIP;;;;;;Undefined;;;;;;;;;;;;ЛОЖЬ;ИСТИНА;;;;;;;;;;;;;Output;EPKS_CCB;ESD_931_1;715;;;;;;;;
M;C292_6_E;;;930-09;930-09;Function block marker;;ЛОЖЬ;ЛОЖЬ;;292;;;;;;;0;;;;744;ЛОЖЬ;0;;;;;;;;;;;;;;Undefined;;;;;;;;;;;;ЛОЖЬ;ИСТИНА;;;;;;;;;;;;;;;;;;;;;;;;
DO;93XY217_P;;COM;930-09;A_93009;PERM 1 93XV217 0 93XV219;No;ЛОЖЬ;ЛОЖЬ;;322;;;;;;;0;;;;217;ЛОЖЬ;0;None;;;;;;PERM 1 & 0;;;;;;;Undefined;491;3428;;;;;;;;;;ЛОЖЬ;;;;;;Output;CC_CCB_1;ESD_931_1;80;;;;;;;;;;;;;;;;
M;C262_3_B;;;930-09;930-09;Function block marker;;ЛОЖЬ;ЛОЖЬ;;262;;;;;;;0;;;;1732;ЛОЖЬ;0;;;;;;;;;;;;;;Undefined;491;3428;;;;;;;;;;ЛОЖЬ;;;;;;;;;;;;;;;;;;;;;;;;;
M;C252_2;;;930-09;;Compiler marker (320, 102);;ЛОЖЬ;ЛОЖЬ;;252;;;;;;;0;;;;1746;ЛОЖЬ;0;;;;;;;;;;;;;;Undefined;491;3428;;;;;;;;;;ЛОЖЬ;;;;;;;;;;;;;;;;;;;;;;;;;
M;C292_3_B;;;930-09;930-09;Function block marker;;ЛОЖЬ;ЛОЖЬ;;292;;;;;;;0;;;;1692;ЛОЖЬ;0;;;;;;;;;;;;;;Undefined;491;3428;;;;;;;;;;ЛОЖЬ;;;;;;;;;;;;;;;;;;;;;;;;;
DO;93XY294;;MCC;930-09;A_P93009;AUTO SP P9300902SX;Yes;ИСТИНА;ЛОЖЬ;;360;;;;;;;0;;;;169;ИСТИНА;35307;None;;;;;;0=TRIP;;;;;;;Undefined;491;3428;;19.05;11;2;1;Appl;;;;ЛОЖЬ;;;;;;;;;;;;;;Output;EPKS_CCB;ESD_931_1;677;;;;;;;;
DO;93XY246_C;;COM;862-34;;EMERG SHUT OPEN 93XV246;No;ЛОЖЬ;ЛОЖЬ;;266;;;;;;;0;;;;267;ИСТИНА;35602;None;;;;;;0=TRIP;;;;;;;Undefined;491;3428;;;;;;;;;;ЛОЖЬ;;;;;;;;;;;;;;Output;EPKS_CCB;ESD_931_1;669;;;;;;;;
M;260_264_3;;;930-09;;93LAHH261_I;;ЛОЖЬ;ЛОЖЬ;;264;;;;;;;0;;;;1442;ЛОЖЬ;0;;;;;;;0=TRIP INITIATOR;;;;;;;Undefined;491;3428;;;;;;;;;;ЛОЖЬ;;;;;;;;;;;;;;;;;;;;;;;;;
DO;93XY211B;;MCC;930-09;A_93009;EMERG SHUT CLOS 93XV211;Yes;ИСТИНА;ЛОЖЬ;;300;;;;;;;0;;;;57;ЛОЖЬ;35308;None;;;;;;1=CLOSE;;;;;;;Undefined;491;3428;;19.04;13;2;1;Appl;;;;ЛОЖЬ;;;;;;;;;;;;;;;;;;;;;;;;;
M;248_32_3;;;862-34;;93LT207;;ЛОЖЬ;ЛОЖЬ;;32;;;;;;;0;;;;630;ЛОЖЬ;0;;;;;;;1=MO CONFIRMED;;;;;;;Undefined;;;;;;;;;;;;ЛОЖЬ;ИСТИНА;;;;;;;;;;;;;;;;;;;;;;;;
M;C360_1_E;;;862-34;862-34;Function block marker;;ЛОЖЬ;ЛОЖЬ;;360;;;;;;;0;;;;1641;ЛОЖЬ;0;;;;;;;;;;;;;;Undefined;491;3428;;;;;;;;;;ЛОЖЬ;;;;;;;;;;;;;;;;;;;;;;;;;
M;2410_A;;;;;OOS STARTING SIGNAL;;ЛОЖЬ;ЛОЖЬ;;2410;;;;;;;0;;;;121;ЛОЖЬ;0;;;;;;;;;;;;;;Undefined;491;3428;;;;;;;;;;ЛОЖЬ;;;;;;;;;;;;;;;;;;;;;;;;;
M;C242_1_F;;;862-34;862-34;Function block marker;;ЛОЖЬ;ЛОЖЬ;;242;;;;;;;0;;;;595;ЛОЖЬ;0;;;;;;;;;;;;;;Undefined;;;;;;;;;;;;ЛОЖЬ;ИСТИНА;;;;;;;;;;;;;;;;;;;;;;;;
DO;93LI207_TF;;COM;862-34;;TRANSM. FAIL;No;ЛОЖЬ;ЛОЖЬ;;248;;;;;;;0;;;;1257;ИСТИНА;35549;None;;;;;;0=ALARM;;;;;;;Undefined;491;3428;;;;;;;;;;ЛОЖЬ;;;;;;;;;;;;;;Output;EPKS_CCB;ESD_931_1;490;;;;;;;;
DO;93LI264A_TF;;COM;862-34;;TRANSM. FAIL;No;ЛОЖЬ;ЛОЖЬ;;272;;;;;;;0;;;;664;ИСТИНА;35416;None;;;;;;0=ALARM;0=ALARM;;;;;;Undefined;;;;;;;;;;;;ЛОЖЬ;ИСТИНА;;;;;;;;;;;;;Output;EPKS_CCB;ESD_931_1;697;;;;;;;;
DO;93LI219_MOC;;COM;930-09;;MO CONFIRMED;No;ЛОЖЬ;ЛОЖЬ;;278;;;;;;;0;;;;1276;ИСТИНА;35550;None;;;;;;1=CONFIRMED;;;;;;;Undefined;491;3428;;;;;;;;;;ЛОЖЬ;;;;;;;;;;;;;;Output;EPKS_CCB;ESD_931_1;497;;;;;;;;
R;C2456_6;;;;;Compiler register (256, 168);;ЛОЖЬ;ЛОЖЬ;;2456;;Float;;;;;0;;;;552;ЛОЖЬ;0;;;;;;;;;;;;;;Undefined;491;3428;;;;;;;;;;ЛОЖЬ;;;;;;;;;;;;;;;;;;;;;;;;;
M;C244_5_G;;;862-34;862-34;Function block marker;;ЛОЖЬ;ЛОЖЬ;;244;;;;;;;0;;;;592;ЛОЖЬ;0;;;;;;;;;;;;;;Undefined;;;;;;;;;;;;ЛОЖЬ;ИСТИНА;;;;;;;;;;;;;;;;;;;;;;;;
M;C279_2_G;;;;;Function block marker;;ЛОЖЬ;ЛОЖЬ;;279;;;;;;;0;;;;762;ЛОЖЬ;0;;;;;;;;;;;;;;Undefined;;;;;;;;;;;;ЛОЖЬ;ИСТИНА;;;;;;;;;;;;;;;;;;;;;;;;
M;246_328_4;;;862-34;;93LALL205_I;;ЛОЖЬ;ЛОЖЬ;;328;;;;;;;0;;;;394;ЛОЖЬ;0;;;;;;;0=TRIP INITIATOR;;;;;;;Undefined;;;;;;;;;;;;ЛОЖЬ;ИСТИНА;;;;;;;;;;;;;;;;;;;;;;;;
R;2430_B;;;;;Signal 1;;ЛОЖЬ;ЛОЖЬ;;2430;;Float;;;;;0;;;;104;ЛОЖЬ;0;;;;;;;;;;;;;;Undefined;491;3428;;;;;;;;;;ЛОЖЬ;;;;;;;;;;;;;;;;;;;;;;;;;
M;C244_5_F;;;862-34;862-34;Function block marker;;ЛОЖЬ;ЛОЖЬ;;244;;;;;;;0;;;;591;ЛОЖЬ;0;;;;;;;;;;;;;;Undefined;;;;;;;;;;;;ЛОЖЬ;ИСТИНА;;;;;;;;;;;;;;;;;;;;;;;;
DO;93PI352A_TF;;COM;862-34;;TRANSM. FAIL;No;ЛОЖЬ;ЛОЖЬ;;306;;;;;;;0;;;;656;ИСТИНА;35412;None;;;;;;0=ALARM;0=ALARM;;;;;;Undefined;;;;;;;;;;;;ЛОЖЬ;ИСТИНА;;;;;;;;;;;;;Output;EPKS_CCB;ESD_931_1;609;;;;;;;;
DI;93PI353_MOR;;COM;930-09;A_93009;MO REQUEST;No;ЛОЖЬ;ИСТИНА;;308;;;;;;;0;;;;1799;ЛОЖЬ;0;None;;;;;;1=REQUEST;;;;;;;Undefined;491;3428;;;;;;Freeze;;;;ЛОЖЬ;;;;ЛОЖЬ;;;;;;;;;;Input;EPKS_CCB;ESD_931_1;24;;;;;;;;
M;C296_1_F;;;930-09;930-09;Function block marker;;ЛОЖЬ;ЛОЖЬ;;296;;;;;;;0;;;;532;ЛОЖЬ;0;;;;;;;;;;;;;;Undefined;;;;;;;;;;;;ЛОЖЬ;ИСТИНА;;;;;;;;;;;;;;;;;;;;;;;;
DI;93LI261_MOR;;COM;930-09;A_93009;MO REQUEST;No;ЛОЖЬ;ИСТИНА;;260;;;;;;;0;;;;1791;ЛОЖЬ;0;None;;;;;;1=REQUEST;;;;;;;Undefined;491;3428;;;;;;Freeze;;;;ЛОЖЬ;;;;ЛОЖЬ;;;;;;;;;;Input;EPKS_CCB;ESD_931_1;16;;;;;;;;
DO;93LAHH215;;COM;930-09;A_93009;ACIDIC H2O TO B9300902A;No;ЛОЖЬ;ЛОЖЬ;;290;;;;;;;0;;;;1266;ИСТИНА;35553;None;;;;;;0=TRIP;;;;;;;Undefined;491;3428;;;;;;;;;;ЛОЖЬ;;;;;;;;;;;;;;Output;EPKS_CCB;ESD_931_1;427;;;;;;;;
M;C246_3_F;;;862-34;862-34;Function block marker;;ЛОЖЬ;ЛОЖЬ;;246;;;;;;;0;;;;858;ЛОЖЬ;0;;;;;;;;;;;;;;Undefined;;;;;;;;;;;;ЛОЖЬ;ИСТИНА;;;;;;;;;;;;;;;;;;;;;;;;
DO;93PAHH354_CA;;COM;930-09;A_93009;CAUSE ALARM;No;ЛОЖЬ;ЛОЖЬ;;316;;;;;;;0;;;;1339;ЛОЖЬ;35554;None;;;;;;0=ALARM;;;;;;;Undefined;491;3428;;;;;;;;;;ЛОЖЬ;;;;;;;;;;;;;;Output;EPKS_CCB;ESD_931_1;524;;;;;;;;
M;C249_2_E;;;931_10;931_10;Function block marker;;ЛОЖЬ;ЛОЖЬ;;249;;;;;;;0;;;;834;ЛОЖЬ;0;;;;;;;;;;;;;;Undefined;;;;;;;;;;;;ЛОЖЬ;ИСТИНА;;;;;;;;;;;;;;;;;;;;;;;;
T;328_2;;;862-34;;;;ЛОЖЬ;ЛОЖЬ;;328;;;;;;;;100 ms;10;;216;ЛОЖЬ;0;;;;;;;;;;;;;;Undefined;491;3428;Pulse retriggerable with constant timer value;;;;;;;;;ЛОЖЬ;;;;;;;;;;;;;;;;;;;;;;;;;
M;C260_2_F;;;930-09;930-09;Function block marker;;ЛОЖЬ;ЛОЖЬ;;260;;;;;;;0;;;;823;ЛОЖЬ;0;;;;;;;;;;;;;;Undefined;;;;;;;;;;;;ЛОЖЬ;ИСТИНА;;;;;;;;;;;;;;;;;;;;;;;;
M;292_2;;;930-09;;;;ЛОЖЬ;ЛОЖЬ;;292;;;;;;;0;;;;1472;ЛОЖЬ;0;;;;;;;;;;;;;;Undefined;491;3428;;;;;;;;;;ЛОЖЬ;;;;;;;;;;;;;;;;;;;;;;;;;
DO;93XY246;;MCC;930-09;A_93009;EMERG SHUT OPEN 93XV246;Yes;ИСТИНА;ЛОЖЬ;;266;;;;;;;0;;;;139;ЛОЖЬ;35309;None;;;;;;1=OPEN;;;;;;;Undefined;491;3428;;19.05;7;4;1;Appl;;;;ЛОЖЬ;;;;;;;;;;;;;;;;;;;;;;;;;
M;330_3;;;930-09;;;;ЛОЖЬ;ЛОЖЬ;;330;;;;;;;0;;;;277;ЛОЖЬ;0;;;;;;;;;;;;;;Undefined;491;3428;;;;;;;;;;ЛОЖЬ;;;;;;;;;;;;;;;;;;;;;;;;;
M;C316_2_B;;;862-34;862-34;Function block marker;;ЛОЖЬ;ЛОЖЬ;;316;;;;;;;0;;;;1664;ЛОЖЬ;0;;;;;;;;;;;;;;Undefined;491;3428;;;;;;;;;;ЛОЖЬ;;;;;;;;;;;;;;;;;;;;;;;;;
DO;93XY218;;MCC;930-09;A_93009;GATE VALVE IN NITROGEN;Yes;ИСТИНА;ЛОЖЬ;;312;;;;;;;0;;;;72;ЛОЖЬ;35310;None;;;;;;1=OPEN;;;;;;;Undefined;491;3428;;19.04;15;1;1;Appl;;;;ЛОЖЬ;;;;;;;;;;;;;;;;;;;;;;;;;
M;C242_5_G;;;862-34;862-34;Function block marker;;ЛОЖЬ;ЛОЖЬ;;242;;;;;;;0;;;;599;ЛОЖЬ;0;;;;;;;;;;;;;;Undefined;;;;;;;;;;;;ЛОЖЬ;ИСТИНА;;;;;;;;;;;;;;;;;;;;;;;;
DI;93XSC207;;MCC;930-09;A_93009;SHUTTER 93XV207- OFF;Yes;ИСТИНА;ЛОЖЬ;;400;;;;;;;;;;;27;ЛОЖЬ;35311;None;;;;;;1=CLOSE;;;;;;;Undefined;491;3428;;19.03;3;4;1;Low;;;;ЛОЖЬ;;;;ЛОЖЬ;;;;;;;;;;Output;EPKS_CCB;ESD_931_1;595;;;;;;;;
T;272_6;;;862-34;;;;ЛОЖЬ;ЛОЖЬ;;272;;;;;;;;100 ms;5;;656;ЛОЖЬ;0;;;;;;;;;;;;;;Undefined;;;Delayed OFF with constant timer value;;;;;;;;;ЛОЖЬ;ИСТИНА;;;;;;;;;;;;;;;;;;;;;;;;
M;302_1;;;930-09;;;;ЛОЖЬ;ЛОЖЬ;;302;;;;;;;0;;;;1487;ЛОЖЬ;0;;;;;;;;;;;;;;Undefined;491;3428;;;;;;;;;;ЛОЖЬ;;;;;;;;;;;;;;;;;;;;;;;;;
M;C272_1_G;;;862-34;862-34;Function block marker;;ЛОЖЬ;ЛОЖЬ;;272;;;;;;;0;;;;809;ЛОЖЬ;0;;;;;;;;;;;;;;Undefined;;;;;;;;;;;;ЛОЖЬ;ИСТИНА;;;;;;;;;;;;;;;;;;;;;;;;
M;129_0_3;;;862-34;;;;ЛОЖЬ;ЛОЖЬ;;129;;;;;;;0;;;;64;ЛОЖЬ;0;;;;;;;;;;;;;;Undefined;;;;;;;;;;;;ЛОЖЬ;ИСТИНА;;;;;;;;;;;;;;;;;;;;;;;;
M;C308_2_B;;;862-34;862-34;Function block marker;;ЛОЖЬ;ЛОЖЬ;;308;;;;;;;0;;;;1672;ЛОЖЬ;0;;;;;;;;;;;;;;Undefined;491;3428;;;;;;;;;;ЛОЖЬ;;;;;;;;;;;;;;;;;;;;;;;;;
DO;93XSC207_P;;COM;930-09;A_93009;DCS MOV PI[1] 93XV205;No;ЛОЖЬ;ЛОЖЬ;;400;;;;;;;0;;;;203;ЛОЖЬ;0;None;;;;;;1=PERMISSIVE;;;;;;;Undefined;491;3428;;;;;;;;;;ЛОЖЬ;;;;;;Output;CC_CCB_1;ESD_931_1;36;;;;;;;;;;;;;;;;
M;440_12;;;862-34;;;;ЛОЖЬ;ЛОЖЬ;;440;;;;;;;0;;;;71;ЛОЖЬ;0;;;;;;;;;;;;;;Undefined;;;;;;;;;;;;ЛОЖЬ;ИСТИНА;;;;;;;;;;;;;;;;;;;;;;;;
M;C260_5_G;;;930-09;930-09;Function block marker;;ЛОЖЬ;ЛОЖЬ;;260;;;;;;;0;;;;571;ЛОЖЬ;0;;;;;;;;;;;;;;Undefined;;;;;;;;;;;;ЛОЖЬ;ИСТИНА;;;;;;;;;;;;;;;;;;;;;;;;
DO;93XY206;;MCC;930-09;A_93009;EMERG SHUT CLOS 93XV206;Yes;ИСТИНА;ЛОЖЬ;;390;;;;;;;0;;;;42;ЛОЖЬ;35312;None;;;;;;1=CLOSE;;;;;;;Undefined;491;3428;;19.04;11;3;1;Appl;;;;ЛОЖЬ;;;;;;;;;;;;;;;;;;;;;;;;;
AI;93LI264A;;FLD;862-34;;HYD GAS COND FL9300901AX;Yes;ИСТИНА;ЛОЖЬ;;272;ИСТИНА;Float;4-20mA;0;100;%;;;;;244;ЛОЖЬ;35285;;None;None;None;None;;;;;;;;;-XXXXX.X;3.64;22;;19.03;17;11;1;Bottom scale;;;;ЛОЖЬ;ИСТИНА;ЛОЖЬ;;;;;;;;;;;;Output;EPKS_CCB;ESD_931_1;10152;;;;;;;;
DO;93XAC247_C;;COM;862-34;;;No;ЛОЖЬ;ЛОЖЬ;;266;;;;;;;0;;;;42;ЛОЖЬ;0;None;;;;;;1=OVERRIDE;;;;;;;Undefined;;;;;;;;;;;;ЛОЖЬ;ИСТИНА;;;;;;;;;;;;;Output;EPKS_CCB;ESD_931_1;569;;;;;;;;
DO;93LALL203;;COM;930-09;A_93009;CONDR SHUNT B9300901B;No;ЛОЖЬ;ЛОЖЬ;;242;;;;;;;0;;;;1299;ИСТИНА;35556;None;;;;;;0=TRIP;;;;;;;Undefined;491;3428;;;;;;;;;;ЛОЖЬ;;;;;;;;;;;;;;Output;EPKS_CCB;ESD_931_1;451;;;;;;;;
M;247_246_2;;;862-34;;93LI204_HH;;ЛОЖЬ;ЛОЖЬ;;246;;;;;;;0;;;;618;ЛОЖЬ;0;;;;;;;0=TRIP;;;;;;;Undefined;;;;;;;;;;;;ЛОЖЬ;ИСТИНА;;;;;;;;;;;;;;;;;;;;;;;;
DO;93LALL202_CA;;COM;862-34;;CAUSE ALARM;No;ЛОЖЬ;ЛОЖЬ;;242;;;;;;;0;;;;76;ЛОЖЬ;0;None;;;;;;0=TRIP;0=TRIP;;;;;;Undefined;;;;;;;;;;;;ЛОЖЬ;ИСТИНА;;;;;;;;;;;;;Output;EPKS_CCB;ESD_931_1;704;;;;;;;;
DO;93LAHH230_CA;;COM;930-09;A_93009;CAUSE ALARM;No;ЛОЖЬ;ЛОЖЬ;;380;;;;;;;0;;;;92;ЛОЖЬ;0;None;;;;;;0=TRIP;0=TRIP;;;;;;Undefined;;;;;;;;;;;;ЛОЖЬ;ИСТИНА;;;;;;;;;;;;;Output;EPKS_CCB;ESD_931_1;720;;;;;;;;
BO;IB931_ESD1_RT2_B;;COM;930_09;;Start Repair Timer CP2;No;ЛОЖЬ;ЛОЖЬ;;16;;Word;;;;;0;;;;26;;0;;;;;;;;;0;0;;;;-XXXXX.X;;;;;;;;;;;;ЛОЖЬ;ИСТИНА;;;;;;;;;;;;;Output;EPKS_CCB;ESD_931_1;10088;;;;;;;;
M;294_34_2;;;930-09;;93LT267;;ЛОЖЬ;ЛОЖЬ;;34;;;;;;;0;;;;1464;ЛОЖЬ;0;;;;;;;1=MO CONFIRMED;;;;;;;Undefined;491;3428;;;;;;;;;;ЛОЖЬ;;;;;;;;;;;;;;;;;;;;;;;;;
AI;93LI221;;FLD;930-09;A_93009;ACIDIC WATER TO V9300903;Yes;ИСТИНА;ЛОЖЬ;;296;ИСТИНА;Float;4-20mA;0;100;%;;;;;116;ЛОЖЬ;35272;;None;None;None;None;;;;;;;;;-XXXXX.X;3.64;22;;19.03;13;13;1;Bottom scale;;;;ЛОЖЬ;ИСТИНА;ЛОЖЬ;;;;;;;;;;;;Output;EPKS_CCB;ESD_931_1;10147;;;;;;;;
DO;93LAHH203_P;;COM;930-09;A_93009;PERM (0) SIG 93XV201;No;ЛОЖЬ;ЛОЖЬ;;252;;;;;;;0;;;;201;ЛОЖЬ;0;None;;;;;;0=PERMISSIVE;;;;;;;Undefined;491;3428;;;;;;;;;;ЛОЖЬ;;;;;;Output;CC_CCB_1;ESD_931_1;54;;;;;;;;;;;;;;;;
DI;19-Flasher-5Hz;;SYS;;;5 HZ FLASHER;No;ЛОЖЬ;;;0;;;;;;;;;;;30;ЛОЖЬ;0;None;;;;;;;;;;;;;Undefined;491;3428;;;;;;;;;;ЛОЖЬ;;;;ЛОЖЬ;;;;;;;;;;;;;;;;;;;;;
M;C2457_1;;;;;Compiler marker (312, 78);;ЛОЖЬ;ЛОЖЬ;;2457;;;;;;;0;;;;397;ЛОЖЬ;0;;;;;;;;;;;;;;Undefined;491;3428;;;;;;;;;;ЛОЖЬ;;;;;;;;;;;;;;;;;;;;;;;;;
T;274_4;;;862-34;;;;ЛОЖЬ;ЛОЖЬ;;274;;;;;;;;100 ms;5;;700;ЛОЖЬ;0;;;;;;;;;;;;;;Undefined;;;Delayed OFF with constant timer value;;;;;;;;;ЛОЖЬ;ИСТИНА;;;;;;;;;;;;;;;;;;;;;;;;
BO;93LI265_HH;;COM;930-09;A_93009;HH TRIP SETPOINT (%);No;ЛОЖЬ;ЛОЖЬ;;292;;Float;;;;;0;;;;436;;0;;;;;;;;;0;0;;;;-XXXXX.X;491;3428;;;;;;;;;;ЛОЖЬ;;;;;;;;;;;;;;Output;EPKS_CCB;ESD_931_1;10121;;;;;;;;
DI;00XS931E01TMP;;CAB;930-09;S_B931;IB931 ESD-01 ALARM TEMP;Yes;ЛОЖЬ;ЛОЖЬ;;18;;;;;;;;;;;4;ИСТИНА;35313;None;;;;;;0=ALARM;;;;;;;Undefined;491;3428;;19.03;1;13;1;Low;;;;ЛОЖЬ;;;;ЛОЖЬ;;;;;;;;;;Output;EPKS_CCB;ESD_931_1;587;;;;;;;;
M;C292_1_E;;;930-09;930-09;Function block marker;;ЛОЖЬ;ЛОЖЬ;;292;;;;;;;0;;;;1696;ЛОЖЬ;0;;;;;;;;;;;;;;Undefined;491;3428;;;;;;;;;;ЛОЖЬ;;;;;;;;;;;;;;;;;;;;;;;;;
M;C440_3_E;;;862-34;862-34;Function block marker;;ЛОЖЬ;ЛОЖЬ;;440;;;;;;;0;;;;521;ЛОЖЬ;0;;;;;;;;;;;;;;Undefined;;;;;;;;;;;;ЛОЖЬ;ИСТИНА;;;;;;;;;;;;;;;;;;;;;;;;
T;262_3;;;930-09;A_93009;;;ЛОЖЬ;ЛОЖЬ;;262;;;;;;;;100 ms;5;;588;ЛОЖЬ;0;;;;;;;;;;;;;;Undefined;;;Delayed OFF with constant timer value;;;;;;;;;ЛОЖЬ;ИСТИНА;;;;;;;;;;;;;;;;;;;;;;;;
M;C246_2_E;;;862-34;862-34;Function block marker;;ЛОЖЬ;ЛОЖЬ;;246;;;;;;;0;;;;1757;ЛОЖЬ;0;;;;;;;;;;;;;;Undefined;491;3428;;;;;;;;;;ЛОЖЬ;;;;;;;;;;;;;;;;;;;;;;;;;
M;C290_2_G;;;930-09;930-09;Function block marker;;ЛОЖЬ;ЛОЖЬ;;290;;;;;;;0;;;;755;ЛОЖЬ;0;;;;;;;;;;;;;;Undefined;;;;;;;;;;;;ЛОЖЬ;ИСТИНА;;;;;;;;;;;;;;;;;;;;;;;;
M;C240_1_F;;;862-34;862-34;Function block marker;;ЛОЖЬ;ЛОЖЬ;;240;;;;;;;0;;;;604;ЛОЖЬ;0;;;;;;;;;;;;;;Undefined;;;;;;;;;;;;ЛОЖЬ;ИСТИНА;;;;;;;;;;;;;;;;;;;;;;;;
DO;93LALL215_P;;COM;930-09;A_93009;PERM (1) SIG 93XV221;No;ЛОЖЬ;ЛОЖЬ;;300;;;;;;;0;;;;218;ЛОЖЬ;0;None;;;;;;1=PERMISSIVE;;;;;;;Undefined;491;3428;;;;;;;;;;ЛОЖЬ;;;;;;Output;CC_CCB_1;ESD_931_1;59;;;;;;;;;;;;;;;;
T;302_4;;;862-34;;;;ЛОЖЬ;ЛОЖЬ;;302;;;;;;;;100 ms;20;;240;ЛОЖЬ;0;;;;;;;;;;;;;;Undefined;491;3428;Pulse retriggerable with constant timer value;;;;;;;;;ЛОЖЬ;;;;;;;;;;;;;;;;;;;;;;;;;
DO;93LALL263_CA;;COM;930-09;A_93009;CAUSE ALARM;No;ЛОЖЬ;ЛОЖЬ;;262;;;;;;;0;;;;1310;ЛОЖЬ;35559;None;;;;;;0=ALARM;;;;;;;Undefined;491;3428;;;;;;;;;;ЛОЖЬ;;;;;;;;;;;;;;Output;EPKS_CCB;ESD_931_1;474;;;;;;;;
M;294_302_4;;;862-34;;93LALL267_I;;ЛОЖЬ;ЛОЖЬ;;302;;;;;;;0;;;;499;ЛОЖЬ;0;;;;;;;0=TRIP INITIATOR;;;;;;;Undefined;491;3428;;;;;;;;;;ЛОЖЬ;;;;;;;;;;;;;;;;;;;;;;;;;
M;248_256_2;;;862-34;;93LAHH207_I;;ЛОЖЬ;ЛОЖЬ;;256;;;;;;;0;;;;611;ЛОЖЬ;0;;;;;;;0=TRIP INITIATOR;;;;;;;Undefined;;;;;;;;;;;;ЛОЖЬ;ИСТИНА;;;;;;;;;;;;;;;;;;;;;;;;
M;C246_2_F;;;862-34;862-34;Function block marker;;ЛОЖЬ;ЛОЖЬ;;246;;;;;;;0;;;;853;ЛОЖЬ;0;;;;;;;;;;;;;;Undefined;;;;;;;;;;;;ЛОЖЬ;ИСТИНА;;;;;;;;;;;;;;;;;;;;;;;;
DO;93LALL203_P;;COM;930-09;A_93009;PERM (1) SIG 93XV201;No;ЛОЖЬ;ЛОЖЬ;;254;;;;;;;0;;;;200;ЛОЖЬ;0;None;;;;;;1=PERMISSIVE;;;;;;;Undefined;491;3428;;;;;;;;;;ЛОЖЬ;;;;;;Output;CC_CCB_1;ESD_931_1;53;;;;;;;;;;;;;;;;
DO;93LALL207_P;;COM;930-09;A_93009;PERM (1) 93XV207 93XV209;No;ЛОЖЬ;ЛОЖЬ;;400;;;;;;;0;;;;205;ЛОЖЬ;0;None;;;;;;1=PERMISSIVE;;;;;;;Undefined;491;3428;;;;;;;;;;ЛОЖЬ;;;;;;Output;CC_CCB_1;ESD_931_1;56;;;;;;;;;;;;;;;;
DO;93LALL212_P;;COM;930-09;A_93009;PERM (1) SIG 93XV220;No;ЛОЖЬ;ЛОЖЬ;;254;;;;;;;0;;;;215;ЛОЖЬ;0;None;;;;;;1=PERMISSIVE;;;;;;;Undefined;491;3428;;;;;;;;;;ЛОЖЬ;;;;;;Output;CC_CCB_1;ESD_931_1;57;;;;;;;;;;;;;;;;
M;260_32_4;;;930-09;;93LT261;;ЛОЖЬ;ЛОЖЬ;;32;;;;;;;0;;;;1450;ЛОЖЬ;0;;;;;;;1=MO CONFIRMED;;;;;;;Undefined;491;3428;;;;;;;;;;ЛОЖЬ;;;;;;;;;;;;;;;;;;;;;;;;;
DO;93PAHH355_CA;;COM;930-09;A_93009;CAUSE ALARM;No;ЛОЖЬ;ЛОЖЬ;;318;;;;;;;0;;;;1343;ЛОЖЬ;35563;None;;;;;;0=ALARM;;;;;;;Undefined;491;3428;;;;;;;;;;ЛОЖЬ;;;;;;;;;;;;;;Output;EPKS_CCB;ESD_931_1;526;;;;;;;;
DO;93XY293;;MCC;930-09;A_P93009;AUTO SP P9300902AX;Yes;ИСТИНА;ЛОЖЬ;;350;;;;;;;0;;;;153;ИСТИНА;35314;None;;;;;;0=TRIP;;;;;;;Undefined;491;3428;;19.05;9;2;1;Appl;;;;ЛОЖЬ;;;;;;;;;;;;;;Output;EPKS_CCB;ESD_931_1;676;;;;;;;;
M;C298_3;;;862-34;;Compiler marker (272, 150);;ЛОЖЬ;ЛОЖЬ;;298;;;;;;;0;;;;180;ЛОЖЬ;0;;;;;;;;;;;;;;Undefined;;;;;;;;;;;;ЛОЖЬ;ИСТИНА;;;;;;;;;;;;;;;;;;;;;;;;
DO;IB931_ESD_CF;;COM;862-34;;CONTROLLER ESD_931_1 FAULT;No;ИСТИНА;ЛОЖЬ;;16;;;;;;;0;;;;49;ЛОЖЬ;35419;None;;;;;;0=FAULT;0=FAULT;;;;;;Undefined;;;;;;;;;;;;ЛОЖЬ;ИСТИНА;;;;;;;;;;;;;Output;EPKS_CCB;ESD_931_1;734;;;;;;;;
DI;93XSC247;;MCC;930-09;A_93009;SHUTTER 93XV247- OFF;Yes;ИСТИНА;ЛОЖЬ;;266;;;;;;;;;;;46;ЛОЖЬ;35315;None;;;;;;1=CLOSE;;;;;;;Undefined;491;3428;;19.03;5;7;1;Low;;;;ЛОЖЬ;;;;ЛОЖЬ;;;;;;;;;;Output;EPKS_CCB;ESD_931_1;690;;;;;;;;
DO;93TAHH993_P;;COM;930-09;A_93009;PERM (1) 93XV238 93XV239;No;ЛОЖЬ;ЛОЖЬ;;350;;;;;;;0;;;;228;ЛОЖЬ;0;None;;;;;;1=PERMISSIVE;;;;;;;Undefined;491;3428;;;;;;;;;;ЛОЖЬ;;;;;;Output;CC_CCB_1;ESD_931_1;76;;;;;;;;;;;;;;;;
DO;IB9311_ESD1_F2;;COM;930-09;A_93009;EXT. COM. FAULT;No;ЛОЖЬ;ЛОЖЬ;;16;;;;;;;0;;;;171;ИСТИНА;35565;None;;;;;;0=FAULT;;;;;;;Undefined;491;3428;;;;;;;;;;ЛОЖЬ;;;;;;;;;;;;;;Output;EPKS_CCB;ESD_931_1;576;;;;;;;;
M;330_328_1;;;930-09;;93TAHH996_I;;ЛОЖЬ;ЛОЖЬ;;328;;;;;;;0;;;;1533;ЛОЖЬ;0;;;;;;;0=TRIP INITIATOR;;;;;;;Undefined;491;3428;;;;;;;;;;ЛОЖЬ;;;;;;;;;;;;;;;;;;;;;;;;;
M;326_36_1;;;930-09;;93TT999;;ЛОЖЬ;ЛОЖЬ;;36;;;;;;;0;;;;1523;ЛОЖЬ;0;;;;;;;1=MO CONFIRMED;;;;;;;Undefined;491;3428;;;;;;;;;;ЛОЖЬ;;;;;;;;;;;;;;;;;;;;;;;;;
M;2470_F;;;;;Signal 5;;ЛОЖЬ;ЛОЖЬ;;2470;;;;;;;0;;;;145;ЛОЖЬ;0;;;;;;;;;;;;;;Undefined;491;3428;;;;;;;;;;ЛОЖЬ;;;;;;;;;;;;;;;;;;;;;;;;;
M;C318_4_C;;;862-34;862-34;Function block marker;;ЛОЖЬ;ЛОЖЬ;;318;;;;;;;0;;;;690;ЛОЖЬ;0;;;;;;;;;;;;;;Undefined;;;;;;;;;;;;ЛОЖЬ;ИСТИНА;;;;;;;;;;;;;;;;;;;;;;;;
M;2456_J;;;;;Trip 10;;ЛОЖЬ;ЛОЖЬ;;2456;;;;;;;0;;;;113;ЛОЖЬ;0;;;;;;;;;;;;;;Undefined;491;3428;;;;;;;;;;ЛОЖЬ;;;;;;;;;;;;;;;;;;;;;;;;;
T;260_7;;;930-09;A_93009;;;ЛОЖЬ;ЛОЖЬ;;260;;;;;;;;100 ms;5;;424;ЛОЖЬ;0;;;;;;;;;;;;;;Undefined;;;Delayed OFF with constant timer value;;;;;;;;;ЛОЖЬ;ИСТИНА;;;;;;;;;;;;;;;;;;;;;;;;
M;C380_2_G;;;930-09;930-09;Function block marker;;ЛОЖЬ;ЛОЖЬ;;380;;;;;;;0;;;;393;ЛОЖЬ;0;;;;;;;;;;;;;;Undefined;;;;;;;;;;;;ЛОЖЬ;ИСТИНА;;;;;;;;;;;;;;;;;;;;;;;;
DO;93XY201A_C;;COM;862-34;;EMERG SHUT OPEN 93XV201;No;ЛОЖЬ;ЛОЖЬ;;252;;;;;;;0;;;;487;ИСТИНА;35604;None;;;;;;0=TRIP;;;;;;;Undefined;491;3428;;;;;;;;;;ЛОЖЬ;;;;;;;;;;;;;;Output;EPKS_CCB;ESD_931_1;612;;;;;;;;
AI;93LI217;;FLD;930-09;A_93009;CONDR SHUNT V9300902A;Yes;ИСТИНА;ЛОЖЬ;;276;ИСТИНА;Float;4-20mA;0;100;%;;;;;84;ЛОЖЬ;35519;;None;None;None;None;;;;-25;-25;;;;-XXXXX.X;3.64;22;;19.03;13;5;1;Bottom scale;;;;ЛОЖЬ;;ЛОЖЬ;;;;;;;;;;;;Output;EPKS_CCB;ESD_931_1;10071;;;;;;;;
DO;93XY202A;;MCC;930-09;A_93009;EMERG SHUT OPEN 93XV202;Yes;ИСТИНА;ЛОЖЬ;;256;;;;;;;0;;;;28;ЛОЖЬ;35318;None;;;;;;1=OPEN;;;;;;;Undefined;491;3428;;19.04;9;5;1;Appl;;;;ЛОЖЬ;;;;;;;;;;;;;;;;;;;;;;;;;
DO;93LI231_MOC;;COM;930-09;A_93009;MO CONFIRMED;No;ЛОЖЬ;ЛОЖЬ;;380;;;;;;;0;;;;1288;ИСТИНА;35566;None;;;;;;1=CONFIRMED;;;;;;;Undefined;491;3428;;;;;;;;;;ЛОЖЬ;;;;;;;;;;;;;;Output;EPKS_CCB;ESD_931_1;503;;;;;;;;
DO;93LAHH203;;COM;930-09;A_93009;CONDR SHUNT B9300901B;No;ЛОЖЬ;ЛОЖЬ;;242;;;;;;;0;;;;1250;ИСТИНА;35567;None;;;;;;0=TRIP;;;;;;;Undefined;491;3428;;;;;;;;;;ЛОЖЬ;;;;;;;;;;;;;;Output;EPKS_CCB;ESD_931_1;419;;;;;;;;
M;C440_1;;;862-34;;Compiler marker (176, 84);;ЛОЖЬ;ЛОЖЬ;;440;;;;;;;0;;;;885;ЛОЖЬ;0;;;;;;;;;;;;;;Undefined;;;;;;;;;;;;ЛОЖЬ;ИСТИНА;;;;;;;;;;;;;;;;;;;;;;;;
M;C318_4_D;;;862-34;862-34;Function block marker;;ЛОЖЬ;ЛОЖЬ;;318;;;;;;;0;;;;691;ЛОЖЬ;0;;;;;;;;;;;;;;Undefined;;;;;;;;;;;;ЛОЖЬ;ИСТИНА;;;;;;;;;;;;;;;;;;;;;;;;
M;C440_3_G;;;862-34;862-34;Function block marker;;ЛОЖЬ;ЛОЖЬ;;440;;;;;;;0;;;;523;ЛОЖЬ;0;;;;;;;;;;;;;;Undefined;;;;;;;;;;;;ЛОЖЬ;ИСТИНА;;;;;;;;;;;;;;;;;;;;;;;;
AI;93LI218;;FLD;;;CONDR SHUNT V9300902B;Yes;ИСТИНА;ЛОЖЬ;;279;ИСТИНА;Float;4-20mA;0;100;%;;;;;112;ЛОЖЬ;35247;;None;None;None;None;;;;;;;;;-XXXXX.X;3.64;22;;19.03;13;12;1;Bottom scale;;;;ЛОЖЬ;ИСТИНА;ЛОЖЬ;;;;;;;;;;;;Output;EPKS_CCB;ESD_931_1;10146;;;;;;;;
M;C252_6;;;862-34;;Compiler marker (208, 240);;ЛОЖЬ;ЛОЖЬ;;252;;;;;;;0;;;;421;ЛОЖЬ;0;;;;;;;;;;;;;;Undefined;;;;;;;;;;;;ЛОЖЬ;ИСТИНА;;;;;;;;;;;;;;;;;;;;;;;;
DO;93XSO207_P;;COM;930-09;A_93009;DCS MOV;No;ЛОЖЬ;ЛОЖЬ;;450;;;;;;;0;;;;236;ЛОЖЬ;0;None;;;;;;--;;;;;;;Undefined;491;3428;;;;;;;;;;ЛОЖЬ;;;;;;Output;CC_CCB_1;ESD_931_1;38;;;;;;;;;;;;;;;;
M;276_5;;;930-09;A_93009;;;ЛОЖЬ;ЛОЖЬ;;276;;;;;;;0;;;;638;ЛОЖЬ;0;;;;;;;;;;;;;;Undefined;;;;;;;;;;;;ЛОЖЬ;ИСТИНА;;;;;;;;;;;;;;;;;;;;;;;;
DO;93XY245A;;MCC;930-09;A_93009;EMERG SHUT OPEN 93XV245;Yes;ИСТИНА;ЛОЖЬ;;264;;;;;;;0;;;;137;ЛОЖЬ;35319;None;;;;;;1=OPEN;;;;;;;Undefined;491;3428;;19.05;7;2;1;Appl;;;;ЛОЖЬ;;;;;;;;;;;;;;;;;;;;;;;;;
DI;19-ClockSrcFault1;;SYS;;;CLOCK SOURCE 1 FAULT;Yes;ЛОЖЬ;;;19;;;;;;;;;;;14;ЛОЖЬ;0;None;;;;;;1=NORMAL;;;;;;;Undefined;491;3428;;;;;;;;;;ЛОЖЬ;;;;ЛОЖЬ;;;;;;;;;;Output;EPKS_CCB;ESD_931_1;802;;;;;;;;
M;C308_3_G;;;862-34;862-34;Function block marker;;ЛОЖЬ;ЛОЖЬ;;308;;;;;;;0;;;;703;ЛОЖЬ;0;;;;;;;;;;;;;;Undefined;;;;;;;;;;;;ЛОЖЬ;ИСТИНА;;;;;;;;;;;;;;;;;;;;;;;;
M;C380_5_E;;;930-09;930-09;Function block marker;;ЛОЖЬ;ЛОЖЬ;;380;;;;;;;0;;;;51;ЛОЖЬ;0;;;;;;;;;;;;;;Undefined;;;;;;;;;;;;ЛОЖЬ;ИСТИНА;;;;;;;;;;;;;;;;;;;;;;;;
M;380_382_3;;;862-34;;93LALL231_I;;ЛОЖЬ;ЛОЖЬ;;382;;;;;;;0;;;;48;ЛОЖЬ;0;;;;;;;0=TRIP INITIATOR;;;;;;;Undefined;;;;;;;;;;;;ЛОЖЬ;ИСТИНА;;;;;;;;;;;;;;;;;;;;;;;;
DI;93LI265_MOR;;COM;930-09;A_93009;MO REQUEST;No;ЛОЖЬ;ИСТИНА;;292;;;;;;;0;;;;1794;ЛОЖЬ;0;None;;;;;;1=REQUEST;;;;;;;Undefined;491;3428;;;;;;Freeze;;;;ЛОЖЬ;;;;ЛОЖЬ;;;;;;;;;;Input;EPKS_CCB;ESD_931_1;19;;;;;;;;
M;C262_4_E;;;930-09;930-09;Function block marker;;ЛОЖЬ;ЛОЖЬ;;262;;;;;;;0;;;;566;ЛОЖЬ;0;;;;;;;;;;;;;;Undefined;;;;;;;;;;;;ЛОЖЬ;ИСТИНА;;;;;;;;;;;;;;;;;;;;;;;;
DO;93XY296B_C;;COM;930-09;A_P93009;AUTO SP P9300905AX;No;ЛОЖЬ;ЛОЖЬ;;382;;;;;;;0;;;;54;ИСТИНА;35284;None;;;;;;0=TRIP;;;;;;;Undefined;;;;;;;;;;;;ЛОЖЬ;ИСТИНА;;;;;;;;;;;;;Output;EPKS_CCB;ESD_931_1;680;;;;;;;;
M;C262_4_G;;;930-09;930-09;Function block marker;;ЛОЖЬ;ЛОЖЬ;;262;;;;;;;0;;;;820;ЛОЖЬ;0;;;;;;;;;;;;;;Undefined;;;;;;;;;;;;ЛОЖЬ;ИСТИНА;;;;;;;;;;;;;;;;;;;;;;;;
M;2456_H;;;;;Trip 8;;ЛОЖЬ;ЛОЖЬ;;2456;;;;;;;0;;;;144;ЛОЖЬ;0;;;;;;;;;;;;;;Undefined;491;3428;;;;;;;;;;ЛОЖЬ;;;;;;;;;;;;;;;;;;;;;;;;;
AI;93LI223;;FLD;930-09;A_93009;CONDR SHUNT F9300904AX;Yes;ИСТИНА;ЛОЖЬ;;370;ИСТИНА;Float;4-20mA;0;100;%;;;;;120;ЛОЖЬ;35245;;None;None;None;None;;;;;;;;;-XXXXX.X;3.64;22;;19.03;13;14;1;Bottom scale;;;;ЛОЖЬ;ИСТИНА;ЛОЖЬ;;;;;;;;;;;;Output;EPKS_CCB;ESD_931_1;10148;;;;;;;;
T;276_11;;;930-09;A_93009;;;ЛОЖЬ;ЛОЖЬ;;276;;;;;;;;100 ms;5;;484;ЛОЖЬ;0;;;;;;;;;;;;;;Undefined;;;Delayed OFF with constant timer value;;;;;;;;;ЛОЖЬ;ИСТИНА;;;;;;;;;;;;;;;;;;;;;;;;
DO;93LI222_TF;;COM;930-09;A_93009;TRANSM. FAIL;No;ЛОЖЬ;ЛОЖЬ;;296;;;;;;;0;;;;1277;ИСТИНА;35570;None;;;;;;0=ALARM;;;;;;;Undefined;491;3428;;;;;;;;;;ЛОЖЬ;;;;;;;;;;;;;;Output;EPKS_CCB;ESD_931_1;500;;;;;;;;
M;C274_6_F;;;862-34;862-34;Function block marker;;ЛОЖЬ;ЛОЖЬ;;274;;;;;;;0;;;;795;ЛОЖЬ;0;;;;;;;;;;;;;;Undefined;;;;;;;;;;;;ЛОЖЬ;ИСТИНА;;;;;;;;;;;;;;;;;;;;;;;;
M;C272_4_F;;;862-34;862-34;Function block marker;;ЛОЖЬ;ЛОЖЬ;;272;;;;;;;0;;;;804;ЛОЖЬ;0;;;;;;;;;;;;;;Undefined;;;;;;;;;;;;ЛОЖЬ;ИСТИНА;;;;;;;;;;;;;;;;;;;;;;;;
DO;93XY203B_C;;COM;862-34;;EMERG SHUT CLOS 93XV203;No;ЛОЖЬ;ЛОЖЬ;;256;;;;;;;0;;;;262;ИСТИНА;35606;None;;;;;;0=TRIP;;;;;;;Undefined;491;3428;;;;;;;;;;ЛОЖЬ;;;;;;;;;;;;;;Output;EPKS_CCB;ESD_931_1;617;;;;;;;;
M;262_9;;;930-09;A_93009;;;ЛОЖЬ;ЛОЖЬ;;262;;;;;;;0;;;;514;ЛОЖЬ;0;;;;;;;;;;;;;;Undefined;;;;;;;;;;;;ЛОЖЬ;ИСТИНА;;;;;;;;;;;;;;;;;;;;;;;;
M;272_2;;;930-09;;;;ЛОЖЬ;ЛОЖЬ;;272;;;;;;;0;;;;1416;ЛОЖЬ;0;;;;;;;;;;;;;;Undefined;491;3428;;;;;;;;;;ЛОЖЬ;;;;;;;;;;;;;;;;;;;;;;;;;
T;290_7;;;862-34;;;;ЛОЖЬ;ЛОЖЬ;;290;;;;;;;;100 ms;5;;344;ЛОЖЬ;0;;;;;;;;;;;;;;Undefined;;;Delayed OFF with constant timer value;;;;;;;;;ЛОЖЬ;ИСТИНА;;;;;;;;;;;;;;;;;;;;;;;;
M;C248_3_F;;;862-34;862-34;Function block marker;;ЛОЖЬ;ЛОЖЬ;;248;;;;;;;0;;;;843;ЛОЖЬ;0;;;;;;;;;;;;;;Undefined;;;;;;;;;;;;ЛОЖЬ;ИСТИНА;;;;;;;;;;;;;;;;;;;;;;;;
T;284_2;;;862-34;;;;ЛОЖЬ;ЛОЖЬ;;284;;;;;;;;100 ms;30;;76;ЛОЖЬ;0;;;;;;;;;;;;;;Undefined;;;Delayed OFF with constant timer value;;;;;;;;;ЛОЖЬ;ИСТИНА;;;;;;;;;;;;;;;;;;;;;;;;
BO;93LI265_LL;;COM;930-09;A_93009;LL TRIP SETPOINT (%);No;ЛОЖЬ;ЛОЖЬ;;292;;Float;;;;;0;;;;440;;0;;;;;;;;;0;0;;;;-XXXXX.X;491;3428;;;;;;;;;;ЛОЖЬ;;;;;;;;;;;;;;Output;EPKS_CCB;ESD_931_1;10122;;;;;;;;
M;244_9;;;862-34;;;;ЛОЖЬ;ЛОЖЬ;;244;;;;;;;0;;;;178;ЛОЖЬ;0;;;;;;;;;;;;;;Undefined;;;;;;;;;;;;ЛОЖЬ;ИСТИНА;;;;;;;;;;;;;;;;;;;;;;;;
M;308_34_1;;;930-09;;93PT353;;ЛОЖЬ;ЛОЖЬ;;34;;;;;;;0;;;;1494;ЛОЖЬ;0;;;;;;;1=MO CONFIRMED;;;;;;;Undefined;491;3428;;;;;;;;;;ЛОЖЬ;;;;;;;;;;;;;;;;;;;;;;;;;
DO;93TAHH990_CA;;COM;930-09;A_93009;CAUSE ALARM;No;ЛОЖЬ;ЛОЖЬ;;360;;;;;;;0;;;;1355;ЛОЖЬ;35572;None;;;;;;0=ALARM;;;;;;;Undefined;491;3428;;;;;;;;;;ЛОЖЬ;;;;;;;;;;;;;;Output;EPKS_CCB;ESD_931_1;544;;;;;;;;
M;2470_I;;;;;Out 2;;ЛОЖЬ;ЛОЖЬ;;2470;;;;;;;0;;;;160;ЛОЖЬ;0;;;;;;;;;;;;;;Undefined;491;3428;;;;;;;;;;ЛОЖЬ;;;;;;;;;;;;;;;;;;;;;;;;;
M;C277_2_G;;;;;Function block marker;;ЛОЖЬ;ЛОЖЬ;;277;;;;;;;0;;;;777;ЛОЖЬ;0;;;;;;;;;;;;;;Undefined;;;;;;;;;;;;ЛОЖЬ;ИСТИНА;;;;;;;;;;;;;;;;;;;;;;;;
DO;93LALL218_CA;;COM;;;CAUSE ALARM;No;ЛОЖЬ;ЛОЖЬ;;279;;;;;;;0;;;;88;ЛОЖЬ;0;None;;;;;;0=TRIP;0=TRIP;;;;;;Undefined;;;;;;;;;;;;ЛОЖЬ;ИСТИНА;;;;;;;;;;;;;Output;EPKS_CCB;ESD_931_1;716;;;;;;;;
DO;93LI222_MOC;;COM;930-09;A_93009;MO CONFIRMED;No;ЛОЖЬ;ЛОЖЬ;;296;;;;;;;0;;;;1280;ИСТИНА;35573;None;;;;;;1=CONFIRMED;;;;;;;Undefined;491;3428;;;;;;;;;;ЛОЖЬ;;;;;;;;;;;;;;Output;EPKS_CCB;ESD_931_1;499;;;;;;;;
DO;93TI990_TF;;COM;930-09;A_93009;TRANSM. FAIL;No;ЛОЖЬ;ЛОЖЬ;;360;;;;;;;0;;;;1353;ИСТИНА;35574;None;;;;;;0=ALARM;;;;;;;Undefined;491;3428;;;;;;;;;;ЛОЖЬ;;;;;;;;;;;;;;Output;EPKS_CCB;ESD_931_1;556;;;;;;;;
DO;93LI263_TF;;COM;930-09;A_93009;TRANSM. FAIL;No;ЛОЖЬ;ЛОЖЬ;;262;;;;;;;0;;;;1293;ИСТИНА;35575;None;;;;;;0=ALARM;;;;;;;Undefined;491;3428;;;;;;;;;;ЛОЖЬ;;;;;;;;;;;;;;Output;EPKS_CCB;ESD_931_1;508;;;;;;;;
M;C380_1_G;;;930-09;930-09;Function block marker;;ЛОЖЬ;ЛОЖЬ;;380;;;;;;;0;;;;53;ЛОЖЬ;0;;;;;;;;;;;;;;Undefined;;;;;;;;;;;;ЛОЖЬ;ИСТИНА;;;;;;;;;;;;;;;;;;;;;;;;
R;2457_D;;;;;Input 4;;ЛОЖЬ;ЛОЖЬ;;2457;;Float;;;;;0;;;;112;ЛОЖЬ;0;;;;;;;;;;;;;;Undefined;491;3428;;;;;;;;;;ЛОЖЬ;;;;;;;;;;;;;;;;;;;;;;;;;
DO;93XY210A;;MCC;930-09;A_93009;EMERG SHUT OPEN 93XV210;Yes;ИСТИНА;ЛОЖЬ;;284;;;;;;;0;;;;46;ЛОЖЬ;35320;None;;;;;;1=OPEN;;;;;;;Undefined;491;3428;;19.04;11;7;1;Appl;;;;ЛОЖЬ;;;;;;;;;;;;;;;;;;;;;;;;;
M;C370_3_G;;;930-09;930-09;Function block marker;;ЛОЖЬ;ЛОЖЬ;;370;;;;;;;0;;;;682;ЛОЖЬ;0;;;;;;;;;;;;;;Undefined;;;;;;;;;;;;ЛОЖЬ;ИСТИНА;;;;;;;;;;;;;;;;;;;;;;;;
M;262_328_3;;;862-34;;93LALL263_I;;ЛОЖЬ;ЛОЖЬ;;328;;;;;;;0;;;;1435;ЛОЖЬ;0;;;;;;;0=TRIP INITIATOR;;;;;;;Undefined;491;3428;;;;;;;;;;ЛОЖЬ;;;;;;;;;;;;;;;;;;;;;;;;;
M;274_32_4;;;930-09;;93LT266;;ЛОЖЬ;ЛОЖЬ;;32;;;;;;;0;;;;1453;ЛОЖЬ;0;;;;;;;1=MO CONFIRMED;;;;;;;Undefined;491;3428;;;;;;;;;;ЛОЖЬ;;;;;;;;;;;;;;;;;;;;;;;;;
M;C242_4_E;;;862-34;862-34;Function block marker;;ЛОЖЬ;ЛОЖЬ;;242;;;;;;;0;;;;601;ЛОЖЬ;0;;;;;;;;;;;;;;Undefined;;;;;;;;;;;;ЛОЖЬ;ИСТИНА;;;;;;;;;;;;;;;;;;;;;;;;
M;C290_6_G;;;930-09;930-09;Function block marker;;ЛОЖЬ;ЛОЖЬ;;290;;;;;;;0;;;;751;ЛОЖЬ;0;;;;;;;;;;;;;;Undefined;;;;;;;;;;;;ЛОЖЬ;ИСТИНА;;;;;;;;;;;;;;;;;;;;;;;;
M;C326_1_D;;;862-34;862-34;Function block marker;;ЛОЖЬ;ЛОЖЬ;;326;;;;;;;0;;;;1654;ЛОЖЬ;0;;;;;;;;;;;;;;Undefined;491;3428;;;;;;;;;;ЛОЖЬ;;;;;;;;;;;;;;;;;;;;;;;;;
M;C264_1;;;862-34;862-34;Compiler marker (261, 246);;ЛОЖЬ;ЛОЖЬ;;264;;;;;;;0;;;;61;ЛОЖЬ;0;;;;;;;;;;;;;;Undefined;;;;;;;;;;;;ЛОЖЬ;ИСТИНА;;;;;;;;;;;;;;;;;;;;;;;;
BI;19-Second;;SYS;;;Second;No;ЛОЖЬ;;;19;;Byte;;;;;;;;;7;;0;;;;;;;;;0;0;;;;-XXXXX.X;491;3428;;;;;;;;;;ЛОЖЬ;;;;;;;;;;;;;;;;;;;;;;;;;
AI;93LI211;;FLD;862-34;;CONDR SHUNT B9300901C;Yes;ИСТИНА;ЛОЖЬ;;244;ИСТИНА;Float;4-20mA;0;100;%;;;;;56;ЛОЖЬ;35225;;None;None;None;None;;;;;;;;;-XXXXX.X;3.64;22;;19.03;11;15;1;Bottom scale;;;;ЛОЖЬ;ИСТИНА;ЛОЖЬ;;;;;;;;;;;;Output;EPKS_CCB;ESD_931_1;10143;;;;;;;;
AI;93LI262;;FLD;930-09;A_93009;TOR SHUNT COND V9300901C;Yes;ИСТИНА;ЛОЖЬ;;262;ИСТИНА;Float;4-20mA;0;100;%;;;;;96;ЛОЖЬ;35219;;None;None;None;None;;;;;;;;;-XXXXX.X;3.64;22;;19.03;13;8;1;Bottom scale;;;;ЛОЖЬ;ИСТИНА;ЛОЖЬ;;;;;;;;;;;;Output;EPKS_CCB;ESD_931_1;10151;;;;;;;;
DI;93XSO235;;MCC;930-09;A_93009;SHUTTER 93XV235 - ON;Yes;ИСТИНА;ЛОЖЬ;;450;;;;;;;;;;;45;ЛОЖЬ;35321;None;;;;;;1=OPEN;;;;;;;Undefined;491;3428;;19.03;5;6;1;Low;;;;ЛОЖЬ;;;;ЛОЖЬ;;;;;;;;;;Output;EPKS_CCB;ESD_931_1;603;;;;;;;;
M;2348_B;;;;;1=MO CONFIRMED;;ЛОЖЬ;ЛОЖЬ;;2348;;;;;;;0;;;;1224;ЛОЖЬ;0;;;;;;;;;;;;;;Undefined;491;3428;;;;;;;;;;ЛОЖЬ;;;;;;;;;;;;;;;;;;;;;;;;;
T;278_1;;;930-09;;;;ЛОЖЬ;ЛОЖЬ;;278;;;;;;;;100 ms;5;;500;ЛОЖЬ;0;;;;;;;;;;;;;;Undefined;;;Delayed OFF with constant timer value;;;;;;;;;ЛОЖЬ;ИСТИНА;;;;;;;;;;;;;;;;;;;;;;;;
M;C440_1_B;;;862-34;862-34;Function block marker;;ЛОЖЬ;ЛОЖЬ;;440;;;;;;;0;;;;515;ЛОЖЬ;0;;;;;;;;;;;;;;Undefined;;;;;;;;;;;;ЛОЖЬ;ИСТИНА;;;;;;;;;;;;;;;;;;;;;;;;
M;C2495_1;;;;;Compiler marker (200, 156);;ЛОЖЬ;ЛОЖЬ;;2495;;;;;;;0;;;;186;ЛОЖЬ;0;;;;;;;;;;;;;;Undefined;491;3428;;;;;;;;;;ЛОЖЬ;;;;;;;;;;;;;;;;;;;;;;;;;
M;2440_B;;;;;Signal 2;;ЛОЖЬ;ЛОЖЬ;;2440;;;;;;;0;;;;175;ЛОЖЬ;0;;;;;;;;;;;;;;Undefined;491;3428;;;;;;;;;;ЛОЖЬ;;;;;;;;;;;;;;;;;;;;;;;;;
M;328_332_1;;;862-34;;93XY232_233_I;;ЛОЖЬ;ЛОЖЬ;;332;;;;;;;0;;;;423;ЛОЖЬ;0;;;;;;;0=CLOSE;;;;;;;Undefined;491;3428;;;;;;;;;;ЛОЖЬ;;;;;;;;;;;;;;;;;;;;;;;;;
M;C292_2_G;;;930-09;930-09;Function block marker;;ЛОЖЬ;ЛОЖЬ;;292;;;;;;;0;;;;736;ЛОЖЬ;0;;;;;;;;;;;;;;Undefined;;;;;;;;;;;;ЛОЖЬ;ИСТИНА;;;;;;;;;;;;;;;;;;;;;;;;
DO;93LI223_TF;;COM;930-09;A_93009;TRANSM. FAIL;No;ЛОЖЬ;ЛОЖЬ;;370;;;;;;;0;;;;647;ИСТИНА;35410;None;;;;;;0=ALARM;0=ALARM;;;;;;Undefined;;;;;;;;;;;;ЛОЖЬ;ИСТИНА;;;;;;;;;;;;;Output;EPKS_CCB;ESD_931_1;574;;;;;;;;
M;2480_3;;;;;;;ЛОЖЬ;ЛОЖЬ;;2480;;;;;;;0;;;;189;ЛОЖЬ;0;;;;;;;;;;;;;;Undefined;491;3428;;;;;;;;;;ЛОЖЬ;;;;;;;;;;;;;;;;;;;;;;;;;
DI;93LI217_MOR;;COM;930-09;A_93009;MO REQUEST;No;ЛОЖЬ;ИСТИНА;;276;;;;;;;0;;;;1786;ЛОЖЬ;0;None;;;;;;1=REQUEST;;;;;;;Undefined;491;3428;;;;;;Freeze;;;;ЛОЖЬ;;;;ЛОЖЬ;;;;;;;;;;Input;EPKS_CCB;ESD_931_1;11;;;;;;;;
T;262_7;;;930-09;A_93009;;;ЛОЖЬ;ЛОЖЬ;;262;;;;;;;;100 ms;5;;440;ЛОЖЬ;0;;;;;;;;;;;;;;Undefined;;;Delayed OFF with constant timer value;;;;;;;;;ЛОЖЬ;ИСТИНА;;;;;;;;;;;;;;;;;;;;;;;;
M;C292_6_F;;;930-09;930-09;Function block marker;;ЛОЖЬ;ЛОЖЬ;;292;;;;;;;0;;;;745;ЛОЖЬ;0;;;;;;;;;;;;;;Undefined;;;;;;;;;;;;ЛОЖЬ;ИСТИНА;;;;;;;;;;;;;;;;;;;;;;;;
T;247_1;;;;;;;ЛОЖЬ;ЛОЖЬ;;247;;;;;;;;100 ms;5;;48;ЛОЖЬ;0;;;;;;;;;;;;;;Undefined;;;Delayed OFF with constant timer value;;;;;;;;;ЛОЖЬ;ИСТИНА;;;;;;;;;;;;;;;;;;;;;;;;
DO;93LALL266_CA;;COM;930-09;A_93009;CAUSE ALARM;No;ЛОЖЬ;ЛОЖЬ;;274;;;;;;;0;;;;1314;ЛОЖЬ;35579;None;;;;;;0=ALARM;;;;;;;Undefined;491;3428;;;;;;;;;;ЛОЖЬ;;;;;;;;;;;;;;Output;EPKS_CCB;ESD_931_1;480;;;;;;;;
M;C252_3;;;862-34;862-34;Compiler marker (160, 109);;ЛОЖЬ;ЛОЖЬ;;252;;;;;;;0;;;;246;ЛОЖЬ;0;;;;;;;;;;;;;;Undefined;491;3428;;;;;;;;;;ЛОЖЬ;;;;;;;;;;;;;;;;;;;;;;;;;
R;C2456_8;;;;;Compiler register (256, 222);;ЛОЖЬ;ЛОЖЬ;;2456;;Float;;;;;0;;;;560;ЛОЖЬ;0;;;;;;;;;;;;;;Undefined;491;3428;;;;;;;;;;ЛОЖЬ;;;;;;;;;;;;;;;;;;;;;;;;;
DO;93LAHH231_CA;;COM;930-09;A_93009;CAUSE ALARM;No;ЛОЖЬ;ЛОЖЬ;;380;;;;;;;0;;;;1287;ЛОЖЬ;35580;None;;;;;;0=ALARM;;;;;;;Undefined;491;3428;;;;;;;;;;ЛОЖЬ;;;;;;;;;;;;;;Output;EPKS_CCB;ESD_931_1;436;;;;;;;;
DO;93XY238_C;;COM;862-34;;EMERG SHUT CLOS 93XV238;No;ЛОЖЬ;ЛОЖЬ;;350;;;;;;;0;;;;428;ИСТИНА;35607;None;;;;;;0=TRIP;;;;;;;Undefined;491;3428;;;;;;;;;;ЛОЖЬ;;;;;;;;;;;;;;Output;EPKS_CCB;ESD_931_1;659;;;;;;;;
DI;93LI203_MOR;;COM;930-09;A_93009;MO REQUEST;No;ЛОЖЬ;ИСТИНА;;242;;;;;;;0;;;;1781;ЛОЖЬ;0;None;;;;;;1=REQUEST;;;;;;;Undefined;491;3428;;;;;;Freeze;;;;ЛОЖЬ;;;;ЛОЖЬ;;;;;;;;;;Input;EPKS_CCB;ESD_931_1;6;;;;;;;;
BO;93TI996_HH;;COM;930-09;A_93009;HH TRIP SETPOINT (C);No;ЛОЖЬ;ЛОЖЬ;;330;;Float;;;;;0;;;;496;;0;;;;;;;;;0;0;;;;-XXXXX.X;491;3428;;;;;;;;;;ЛОЖЬ;;;;;;;;;;;;;;Output;EPKS_CCB;ESD_931_1;10137;;;;;;;;
M;330_2;;;930-09;;;;ЛОЖЬ;ЛОЖЬ;;330;;;;;;;0;;;;1536;ЛОЖЬ;0;;;;;;;;;;;;;;Undefined;491;3428;;;;;;;;;;ЛОЖЬ;;;;;;;;;;;;;;;;;;;;;;;;;
DO;93PAHH354A_CA;;COM;862-34;;CAUSE ALARM;No;ЛОЖЬ;ЛОЖЬ;;316;;;;;;;0;;;;659;ЛОЖЬ;0;None;;;;;;0=ALARM;0=ALARM;;;;;;Undefined;;;;;;;;;;;;ЛОЖЬ;ИСТИНА;;;;;;;;;;;;;Output;EPKS_CCB;ESD_931_1;692;;;;;;;;
DO;93TAHH999_P;;COM;930-09;A_93009;PERM (1) 93XV230 93XV231;No;ЛОЖЬ;ЛОЖЬ;;328;;;;;;;0;;;;224;ЛОЖЬ;0;None;;;;;;1=PERMISSIVE;;;;;;;Undefined;491;3428;;;;;;;;;;ЛОЖЬ;;;;;;Output;CC_CCB_1;ESD_931_1;78;;;;;;;;;;;;;;;;
AI;93LI203;;FLD;930-09;A_93009;CONDR SHUNT B9300901B;Yes;ИСТИНА;ЛОЖЬ;;242;ИСТИНА;Float;4-20mA;0;100;%;;;;;76;ЛОЖЬ;35521;;None;None;None;None;;;;-25;-25;;;;-XXXXX.X;3.64;22;;19.03;13;3;1;Bottom scale;;;;ЛОЖЬ;;ЛОЖЬ;;;;;;;;;;;;Output;EPKS_CCB;ESD_931_1;10066;;;;;;;;
DO;93XY244B_P;;COM;930-09;A_93009;PERM (1) 93XV244 93XV245;No;ЛОЖЬ;ЛОЖЬ;;264;;;;;;;0;;;;242;ЛОЖЬ;0;None;;;;;;1=PERMISSIVE;;;;;;;Undefined;491;3428;;;;;;;;;;ЛОЖЬ;;;;;;Output;CC_CCB_1;ESD_931_1;81;;;;;;;;;;;;;;;;
DO;93XY242_C;;COM;862-34;;GATE VALVE CONDENSATE;No;ЛОЖЬ;ЛОЖЬ;;370;;;;;;;0;;;;433;ИСТИНА;35608;None;;;;;;0=TRIP;;;;;;;Undefined;491;3428;;;;;;;;;;ЛОЖЬ;;;;;;;;;;;;;;Output;EPKS_CCB;ESD_931_1;663;;;;;;;;
AI;93LI266;;FLD;930-09;A_93009;HYD GAS COND FL9300901SX;Yes;ИСТИНА;ЛОЖЬ;;274;ИСТИНА;Float;4-20mA;0;100;%;;;;;68;ЛОЖЬ;35526;;None;None;None;None;;;;-25;-25;;;;-XXXXX.X;3.64;22;;19.03;13;1;1;Bottom scale;;;;ЛОЖЬ;;ЛОЖЬ;;;;;;;;;;;;Output;EPKS_CCB;ESD_931_1;10080;;;;;;;;
M;C276_2_G;;;930-09;930-09;Function block marker;;ЛОЖЬ;ЛОЖЬ;;276;;;;;;;0;;;;780;ЛОЖЬ;0;;;;;;;;;;;;;;Undefined;;;;;;;;;;;;ЛОЖЬ;ИСТИНА;;;;;;;;;;;;;;;;;;;;;;;;
T;298_3;;;862-34;;;;ЛОЖЬ;ЛОЖЬ;;298;;;;;;;;100 ms;30;;92;ЛОЖЬ;0;;;;;;;;;;;;;;Undefined;;;Delayed OFF with constant timer value;;;;;;;;;ЛОЖЬ;ИСТИНА;;;;;;;;;;;;;;;;;;;;;;;;
T;262_1;;;930-09;A_93009;;;ЛОЖЬ;ЛОЖЬ;;262;;;;;;;;100 ms;5;;580;ЛОЖЬ;0;;;;;;;;;;;;;;Undefined;;;Delayed OFF with constant timer value;;;;;;;;;ЛОЖЬ;ИСТИНА;;;;;;;;;;;;;;;;;;;;;;;;
M;127_2348_2;;;930-09;;MOS_EN AREA 930-09;;ЛОЖЬ;ЛОЖЬ;;2348;;;;;;;0;;;;1218;ЛОЖЬ;0;;;;;;;1=ENABLED;;;;;;;Undefined;491;3428;;;;;;;;;;ЛОЖЬ;;;;;;;;;;;;;;;;;;;;;;;;;
DO;93LALL212_CA;;COM;930-09;A_93009;CAUSE ALARM;No;ЛОЖЬ;ЛОЖЬ;;244;;;;;;;0;;;;1302;ЛОЖЬ;35584;None;;;;;;0=ALARM;;;;;;;Undefined;491;3428;;;;;;;;;;ЛОЖЬ;;;;;;;;;;;;;;Output;EPKS_CCB;ESD_931_1;458;;;;;;;;
AI;93LI212;;FLD;930-09;A_93009;CONDR SHUNT B9300901C;Yes;ИСТИНА;ЛОЖЬ;;244;ИСТИНА;Float;4-20mA;0;100;%;;;;;204;ЛОЖЬ;35534;;None;None;None;None;;;;-25;-25;;;;-XXXXX.X;3.64;22;;19.03;17;1;1;Bottom scale;;;;ЛОЖЬ;ИСТИНА;ЛОЖЬ;;;;;;;;;;;;Output;EPKS_CCB;ESD_931_1;10069;;;;;;;;
DI;93XSO224;;MCC;930-09;A_93009;SHUTTER 93XV224 - ON;Yes;ИСТИНА;ЛОЖЬ;;450;;;;;;;;;;;16;ЛОЖЬ;35325;None;;;;;;1=OPEN;;;;;;;Undefined;491;3428;;19.03;3;9;1;Low;;;;ЛОЖЬ;;;;ЛОЖЬ;;;;;;;;;;Output;EPKS_CCB;ESD_931_1;597;;;;;;;;
AI;93LI214;;FLD;930-09;A_93009;ACIDIC H2O TO B9300902A;Yes;ИСТИНА;ЛОЖЬ;;290;ИСТИНА;Float;4-20mA;0;100;%;;;;;144;ЛОЖЬ;35210;;None;None;None;None;;;;;;;;;-XXXXX.X;3.64;22;;19.03;9;3;1;Bottom scale;;;;ЛОЖЬ;ИСТИНА;ЛОЖЬ;;;;;;;;;;;;Output;EPKS_CCB;ESD_931_1;10144;;;;;;;;
DO;93LI230_TF;;COM;930-09;A_93009;TRANSM. FAIL;No;ЛОЖЬ;ЛОЖЬ;;380;;;;;;;0;;;;648;ИСТИНА;35408;None;;;;;;0=ALARM;0=ALARM;;;;;;Undefined;;;;;;;;;;;;ЛОЖЬ;ИСТИНА;;;;;;;;;;;;;Output;EPKS_CCB;ESD_931_1;585;;;;;;;;
DO;93LAHH265;;COM;930-09;A_93009;ACIDIC H2O FL9300901 AX;No;ЛОЖЬ;ЛОЖЬ;;292;;;;;;;0;;;;1234;ИСТИНА;35585;None;;;;;;0=TRIP;;;;;;;Undefined;491;3428;;;;;;;;;;ЛОЖЬ;;;;;;;;;;;;;;Output;EPKS_CCB;ESD_931_1;443;;;;;;;;
DO;93XY237;;MCC;930-09;A_93009;EMERG SHUT CLOS 93XV237;Yes;ИСТИНА;ЛОЖЬ;;430;;;;;;;0;;;;120;ЛОЖЬ;35326;None;;;;;;1=CLOSE;;;;;;;Undefined;491;3428;;19.05;5;1;1;Appl;;;;ЛОЖЬ;;;;;;;;;;;;;;;;;;;;;;;;;
DO;93XY205_C;;COM;862-34;;EMERG SHUT OPEN 93XV205;No;ЛОЖЬ;ЛОЖЬ;;400;;;;;;;0;;;;440;ИСТИНА;35609;None;;;;;;0=TRIP;;;;;;;Undefined;491;3428;;;;;;;;;;ЛОЖЬ;;;;;;;;;;;;;;Output;EPKS_CCB;ESD_931_1;619;;;;;;;;
M;C294_4_F;;;862-34;862-34;Function block marker;;ЛОЖЬ;ЛОЖЬ;;294;;;;;;;0;;;;724;ЛОЖЬ;0;;;;;;;;;;;;;;Undefined;;;;;;;;;;;;ЛОЖЬ;ИСТИНА;;;;;;;;;;;;;;;;;;;;;;;;
M;276_6;;;930-09;A_93009;;;ЛОЖЬ;ЛОЖЬ;;276;;;;;;;0;;;;639;ЛОЖЬ;0;;;;;;;;;;;;;;Undefined;;;;;;;;;;;;ЛОЖЬ;ИСТИНА;;;;;;;;;;;;;;;;;;;;;;;;
BO;93LI261_LL;;COM;930-09;A_93009;LL TRIP SETPOINT (%);No;ЛОЖЬ;ЛОЖЬ;;260;;Float;;;;;0;;;;360;;0;;;;;;;;;0;0;;;;-XXXXX.X;491;3428;;;;;;;;;;ЛОЖЬ;;;;;;;;;;;;;;Output;EPKS_CCB;ESD_931_1;10116;;;;;;;;
AI;VM 19.03/17/17;;SYS;;;;Yes;ЛОЖЬ;;;0;ИСТИНА;Float;0-5V (VM);0;100;;;;;;268;ЛОЖЬ;0;;None;None;None;None;;;;;;;;;-XXXXX.X;2.5;3.9;;19.03;17;17;1;Scan;;;;ЛОЖЬ;ИСТИНА;;;;;;;;;;;;;;;;;;;;;;;;
DO;93XY201B_C;;COM;862-34;;EMERG SHUT CLOS 93XV201;No;ЛОЖЬ;ЛОЖЬ;;258;;;;;;;0;;;;257;ИСТИНА;35610;None;;;;;;0=TRIP;;;;;;;Undefined;491;3428;;;;;;;;;;ЛОЖЬ;;;;;;;;;;;;;;Output;EPKS_CCB;ESD_931_1;613;;;;;;;;
T;252_1;;;862-34;;;;ЛОЖЬ;ЛОЖЬ;;252;;;;;;;;100 ms;30;;60;ЛОЖЬ;0;;;;;;;;;;;;;;Undefined;;;Delayed OFF with constant timer value;;;;;;;;;ЛОЖЬ;ИСТИНА;;;;;;;;;;;;;;;;;;;;;;;;
M;2470_B;;;;;Signal 1;;ЛОЖЬ;ЛОЖЬ;;2470;;;;;;;0;;;;105;ЛОЖЬ;0;;;;;;;;;;;;;;Undefined;491;3428;;;;;;;;;;ЛОЖЬ;;;;;;;;;;;;;;;;;;;;;;;;;
M;C294_1_G;;;862-34;862-34;Function block marker;;ЛОЖЬ;ЛОЖЬ;;294;;;;;;;0;;;;729;ЛОЖЬ;0;;;;;;;;;;;;;;Undefined;;;;;;;;;;;;ЛОЖЬ;ИСТИНА;;;;;;;;;;;;;;;;;;;;;;;;
M;C244_5_E;;;862-34;862-34;Function block marker;;ЛОЖЬ;ЛОЖЬ;;244;;;;;;;0;;;;590;ЛОЖЬ;0;;;;;;;;;;;;;;Undefined;;;;;;;;;;;;ЛОЖЬ;ИСТИНА;;;;;;;;;;;;;;;;;;;;;;;;
DO;93XY236B_C;;COM;862-34;;EMERG SHUT CLOS 93 XV236;No;ЛОЖЬ;ЛОЖЬ;;302;;;;;;;0;;;;415;ИСТИНА;35611;None;;;;;;0=TRIP;;;;;;;Undefined;491;3428;;;;;;;;;;ЛОЖЬ;;;;;;;;;;;;;;Output;EPKS_CCB;ESD_931_1;657;;;;;;;;
M;C2348_2;;;;;Compiler marker (272, 60);;ЛОЖЬ;ЛОЖЬ;;2348;;;;;;;0;;;;400;ЛОЖЬ;0;;;;;;;;;;;;;;Undefined;491;3428;;;;;;;;;;ЛОЖЬ;;;;;;;;;;;;;;;;;;;;;;;;;
AI;93PI355;;FLD;930-09;A_93009;ACD TOR SHNT FL9300901SX;Yes;ИСТИНА;ЛОЖЬ;;318;ИСТИНА;Float;4-20mA;-50;160;KPa-g;;;;;92;ЛОЖЬ;35540;;None;None;None;None;;;;;;;;;-XXXXX.X;3.64;22;;19.03;13;7;1;Top scale;;;;ЛОЖЬ;;ЛОЖЬ;;;;;;;;;;;;Output;EPKS_CCB;ESD_931_1;10086;;;;;;;;
M;C276_1_B;;;930-09;930-09;Function block marker;;ЛОЖЬ;ЛОЖЬ;;276;;;;;;;0;;;;778;ЛОЖЬ;0;;;;;;;;;;;;;;Undefined;;;;;;;;;;;;ЛОЖЬ;ИСТИНА;;;;;;;;;;;;;;;;;;;;;;;;
M;2470_G;;;;;RESET;;ЛОЖЬ;ЛОЖЬ;;2470;;;;;;;0;;;;133;ЛОЖЬ;0;;;;;;;;;;;;;;Undefined;491;3428;;;;;;;;;;ЛОЖЬ;;;;;;;;;;;;;;;;;;;;;;;;;
M;C274_4_E;;;862-34;862-34;Function block marker;;ЛОЖЬ;ЛОЖЬ;;274;;;;;;;0;;;;789;ЛОЖЬ;0;;;;;;;;;;;;;;Undefined;;;;;;;;;;;;ЛОЖЬ;ИСТИНА;;;;;;;;;;;;;;;;;;;;;;;;
M;2470_M;;;;;Next Block;;ЛОЖЬ;ЛОЖЬ;;2470;;;;;;;0;;;;156;ЛОЖЬ;0;;;;;;;;;;;;;;Undefined;491;3428;;;;;;;;;;ЛОЖЬ;;;;;;;;;;;;;;;;;;;;;;;;;
DO;93LI267_MOC;;COM;930-09;A_93009;MO CONFIRMED;No;ЛОЖЬ;ЛОЖЬ;;294;;;;;;;0;;;;1244;ИСТИНА;35586;None;;;;;;1=CONFIRMED;;;;;;;Undefined;491;3428;;;;;;;;;;ЛОЖЬ;;;;;;;;;;;;;;Output;EPKS_CCB;ESD_931_1;515;;;;;;;;
T;244_7;;;862-34;;;;ЛОЖЬ;ЛОЖЬ;;244;;;;;;;;100 ms;5;;296;ЛОЖЬ;0;;;;;;;;;;;;;;Undefined;;;Delayed OFF with constant timer value;;;;;;;;;ЛОЖЬ;ИСТИНА;;;;;;;;;;;;;;;;;;;;;;;;
DO;93LI261_MOC;;COM;930-09;A_93009;MO CONFIRMED;No;ЛОЖЬ;ЛОЖЬ;;260;;;;;;;0;;;;1292;ИСТИНА;35587;None;;;;;;1=CONFIRMED;;;;;;;Undefined;491;3428;;;;;;;;;;ЛОЖЬ;;;;;;;;;;;;;;Output;EPKS_CCB;ESD_931_1;505;;;;;;;;
M;2470_1;;;930-09;;;;ЛОЖЬ;ЛОЖЬ;;2470;;;;;;;0;;;;128;ЛОЖЬ;0;;;;;;;;;;;;;;Undefined;491;3428;;;;;;;;;;ЛОЖЬ;;;;;;;;;;;;;;;;;;;;;;;;;
BO;93LI264_HH;;COM;930-09;A_93009;HH TRIP SETPOINT (%);No;ЛОЖЬ;ЛОЖЬ;;272;;Float;;;;;0;;;;380;;0;;;;;;;;;0;0;;;;-XXXXX.X;491;3428;;;;;;;;;;ЛОЖЬ;;;;;;;;;;;;;;Output;EPKS_CCB;ESD_931_1;10119;;;;;;;;
DI;19-ControllerFault;;SYS;;;FSC CONTROLLER FAULT;Yes;ЛОЖЬ;;;16;;;;;;;;;;;20;ИСТИНА;35201;None;;;;;;0=ALARM;;;;;;;Undefined;491;3428;;;;;;;;;;ЛОЖЬ;;;;ЛОЖЬ;;;;;;;;;;;;;;;;;;;;;
M;242_252_2;;;930-09;;93LAHH203_I;;ЛОЖЬ;ЛОЖЬ;;252;;;;;;;0;;;;1604;ЛОЖЬ;0;;;;;;;0=TRIP INITIATOR;;;;;;;Undefined;491;3428;;;;;;;;;;ЛОЖЬ;;;;;;;;;;;;;;;;;;;;;;;;;
M;C240_2_E;;;862-34;862-34;Function block marker;;ЛОЖЬ;ЛОЖЬ;;240;;;;;;;0;;;;1770;ЛОЖЬ;0;;;;;;;;;;;;;;Undefined;491;3428;;;;;;;;;;ЛОЖЬ;;;;;;;;;;;;;;;;;;;;;;;;;
M;298_302_1;;;930-09;;DRAIN;;ЛОЖЬ;ЛОЖЬ;;302;;;;;;;0;;;;1489;ЛОЖЬ;0;;;;;;;;;;;;;;Undefined;491;3428;;;;;;;;;;ЛОЖЬ;;;;;;;;;;;;;;;;;;;;;;;;;
M;C276_2_E;;;930-09;930-09;Function block marker;;ЛОЖЬ;ЛОЖЬ;;276;;;;;;;0;;;;1717;ЛОЖЬ;0;;;;;;;;;;;;;;Undefined;491;3428;;;;;;;;;;ЛОЖЬ;;;;;;;;;;;;;;;;;;;;;;;;;
DO;93LI200_TF;;COM;862-34;;TRANSM. FAIL;No;ЛОЖЬ;ЛОЖЬ;;240;;;;;;;0;;;;285;ИСТИНА;35204;None;;;;;;0=ALARM;0=ALARM;;;;;;Undefined;;;;;;;;;;;;ЛОЖЬ;ИСТИНА;;;;;;;;;;;;;Output;EPKS_CCB;ESD_931_1;542;;;;;;;;
DO;93XY240;;MCC;930-09;A_93009;EMERG SHUT CLOS 93XV240;Yes;ИСТИНА;ЛОЖЬ;;360;;;;;;;0;;;;123;ЛОЖЬ;35328;None;;;;;;1=CLOSE;;;;;;;Undefined;491;3428;;19.05;5;4;1;Appl;;;;ЛОЖЬ;;;;;;;;;;;;;;;;;;;;;;;;;
T;298_1;;;862-34;;;;ЛОЖЬ;ЛОЖЬ;;298;;;;;;;;100 ms;30;;80;ЛОЖЬ;0;;;;;;;;;;;;;;Undefined;;;Delayed OFF with constant timer value;;;;;;;;;ЛОЖЬ;ИСТИНА;;;;;;;;;;;;;;;;;;;;;;;;
M;C306_2_G;;;862-34;862-34;Function block marker;;ЛОЖЬ;ЛОЖЬ;;306;;;;;;;0;;;;710;ЛОЖЬ;0;;;;;;;;;;;;;;Undefined;;;;;;;;;;;;ЛОЖЬ;ИСТИНА;;;;;;;;;;;;;;;;;;;;;;;;
DO;93PI354A_TF;;COM;862-34;;TRANSM. FAIL;No;ЛОЖЬ;ЛОЖЬ;;316;;;;;;;0;;;;660;ИСТИНА;35402;None;;;;;;0=ALARM;0=ALARM;;;;;;Undefined;;;;;;;;;;;;ЛОЖЬ;ИСТИНА;;;;;;;;;;;;;Output;EPKS_CCB;ESD_931_1;693;;;;;;;;
M;C242_2_G;;;862-34;862-34;Function block marker;;ЛОЖЬ;ЛОЖЬ;;242;;;;;;;0;;;;870;ЛОЖЬ;0;;;;;;;;;;;;;;Undefined;;;;;;;;;;;;ЛОЖЬ;ИСТИНА;;;;;;;;;;;;;;;;;;;;;;;;
M;C306_2_F;;;862-34;862-34;Function block marker;;ЛОЖЬ;ЛОЖЬ;;306;;;;;;;0;;;;709;ЛОЖЬ;0;;;;;;;;;;;;;;Undefined;;;;;;;;;;;;ЛОЖЬ;ИСТИНА;;;;;;;;;;;;;;;;;;;;;;;;
M;240_7;;;862-34;;;;ЛОЖЬ;ЛОЖЬ;;240;;;;;;;0;;;;98;ЛОЖЬ;0;;;;;;;;;;;;;;Undefined;;;;;;;;;;;;ЛОЖЬ;ИСТИНА;;;;;;;;;;;;;;;;;;;;;;;;
DO;93XY200B_C;;COM;862-34;;EMERG SHUT CLOS 93XV200;No;ЛОЖЬ;ЛОЖЬ;;258;;;;;;;0;;;;256;ИСТИНА;35612;None;;;;;;0=TRIP;;;;;;;Undefined;491;3428;;;;;;;;;;ЛОЖЬ;;;;;;;;;;;;;;Output;EPKS_CCB;ESD_931_1;611;;;;;;;;
DO;93LI216_TF;;COM;93-009;A_93009;TRANSM. FAIL;No;ЛОЖЬ;ЛОЖЬ;;277;;;;;;;0;;;;624;ИСТИНА;35394;None;;;;;;0=ALARM;0=ALARM;;;;;;Undefined;;;;;;;;;;;;ЛОЖЬ;ИСТИНА;;;;;;;;;;;;;Output;EPKS_CCB;ESD_931_1;568;;;;;;;;
AI;93LI267;;FLD;930-09;A_93009;ACIDIC H2O FL9300901 SX;Yes;ИСТИНА;ЛОЖЬ;;294;ИСТИНА;Float;4-20mA;0;100;%;;;;;72;ЛОЖЬ;35548;;None;None;None;None;;;;-25;-25;;;;-XXXXX.X;3.64;22;;19.03;13;2;1;Bottom scale;;;;ЛОЖЬ;;ЛОЖЬ;;;;;;;;;;;;Output;EPKS_CCB;ESD_931_1;10081;;;;;;;;
M;C272_1;;;862-34;;Compiler marker (208, 108);;ЛОЖЬ;ЛОЖЬ;;272;;;;;;;0;;;;719;ЛОЖЬ;0;;;;;;;;;;;;;;Undefined;;;;;;;;;;;;ЛОЖЬ;ИСТИНА;;;;;;;;;;;;;;;;;;;;;;;;
M;C260_4_G;;;930-09;930-09;Function block marker;;ЛОЖЬ;ЛОЖЬ;;260;;;;;;;0;;;;828;ЛОЖЬ;0;;;;;;;;;;;;;;Undefined;;;;;;;;;;;;ЛОЖЬ;ИСТИНА;;;;;;;;;;;;;;;;;;;;;;;;
M;C242_1;;;862-34;;Compiler marker (208, 84);;ЛОЖЬ;ЛОЖЬ;;242;;;;;;;0;;;;740;ЛОЖЬ;0;;;;;;;;;;;;;;Undefined;;;;;;;;;;;;ЛОЖЬ;ИСТИНА;;;;;;;;;;;;;;;;;;;;;;;;
M;2456_L;;;;;Trip 12;;ЛОЖЬ;ЛОЖЬ;;2456;;;;;;;0;;;;111;ЛОЖЬ;0;;;;;;;;;;;;;;Undefined;491;3428;;;;;;;;;;ЛОЖЬ;;;;;;;;;;;;;;;;;;;;;;;;;
DO;93LAHH222_CA;;COM;930-09;A_93009;CAUSE ALARM;No;ЛОЖЬ;ЛОЖЬ;;296;;;;;;;0;;;;1279;ЛОЖЬ;35589;None;;;;;;0=ALARM;;;;;;;Undefined;491;3428;;;;;;;;;;ЛОЖЬ;;;;;;;;;;;;;;Output;EPKS_CCB;ESD_931_1;434;;;;;;;;
DO;93LI266_TF;;COM;930-09;A_93009;TRANSM. FAIL;No;ЛОЖЬ;ЛОЖЬ;;274;;;;;;;0;;;;1237;ИСТИНА;35590;None;;;;;;0=ALARM;;;;;;;Undefined;491;3428;;;;;;;;;;ЛОЖЬ;;;;;;;;;;;;;;Output;EPKS_CCB;ESD_931_1;514;;;;;;;;
DO;93LALL267_CA;;COM;930-09;A_93009;CAUSE ALARM;No;ЛОЖЬ;ЛОЖЬ;;294;;;;;;;0;;;;1324;ЛОЖЬ;35591;None;;;;;;0=ALARM;;;;;;;Undefined;491;3428;;;;;;;;;;ЛОЖЬ;;;;;;;;;;;;;;Output;EPKS_CCB;ESD_931_1;482;;;;;;;;
DI;93LI222_MOR;;COM;930-09;A_93009;MO REQUEST;No;ЛОЖЬ;ИСТИНА;;296;;;;;;;0;;;;1788;ЛОЖЬ;0;None;;;;;;1=REQUEST;;;;;;;Undefined;491;3428;;;;;;Freeze;;;;ЛОЖЬ;;;;ЛОЖЬ;;;;;;;;;;Input;EPKS_CCB;ESD_931_1;13;;;;;;;;
M;272_3;;;930-09;;;;ЛОЖЬ;ЛОЖЬ;;272;;;;;;;0;;;;388;ЛОЖЬ;0;;;;;;;;;;;;;;Undefined;491;3428;;;;;;;;;;ЛОЖЬ;;;;;;;;;;;;;;;;;;;;;;;;;
DO;93XAC224_C;;COM;862-34;;;No;ЛОЖЬ;ЛОЖЬ;;410;;;;;;;0;;;;40;ЛОЖЬ;0;None;;;;;;1=OVERRIDE;;;;;;;Undefined;;;;;;;;;;;;ЛОЖЬ;ИСТИНА;;;;;;;;;;;;;Output;EPKS_CCB;ESD_931_1;565;;;;;;;;
M;C294_6_G;;;862-34;862-34;Function block marker;;ЛОЖЬ;ЛОЖЬ;;294;;;;;;;0;;;;732;ЛОЖЬ;0;;;;;;;;;;;;;;Undefined;;;;;;;;;;;;ЛОЖЬ;ИСТИНА;;;;;;;;;;;;;;;;;;;;;;;;
M;C326_1_E;;;862-34;862-34;Function block marker;;ЛОЖЬ;ЛОЖЬ;;326;;;;;;;0;;;;1655;ЛОЖЬ;0;;;;;;;;;;;;;;Undefined;491;3428;;;;;;;;;;ЛОЖЬ;;;;;;;;;;;;;;;;;;;;;;;;;
M;C277_1_F;;;;;Function block marker;;ЛОЖЬ;ЛОЖЬ;;277;;;;;;;0;;;;773;ЛОЖЬ;0;;;;;;;;;;;;;;Undefined;;;;;;;;;;;;ЛОЖЬ;ИСТИНА;;;;;;;;;;;;;;;;;;;;;;;;
M;296_8;;;930-09;A_93009;;;ЛОЖЬ;ЛОЖЬ;;296;;;;;;;0;;;;389;ЛОЖЬ;0;;;;;;;;;;;;;;Undefined;;;;;;;;;;;;ЛОЖЬ;ИСТИНА;;;;;;;;;;;;;;;;;;;;;;;;
M;C274_1;;;862-34;;Compiler marker (208, 108);;ЛОЖЬ;ЛОЖЬ;;274;;;;;;;0;;;;716;ЛОЖЬ;0;;;;;;;;;;;;;;Undefined;;;;;;;;;;;;ЛОЖЬ;ИСТИНА;;;;;;;;;;;;;;;;;;;;;;;;
T;380_9;;;930-09;A_93009;;;ЛОЖЬ;ЛОЖЬ;;380;;;;;;;;100 ms;5;;416;ЛОЖЬ;0;;;;;;;;;;;;;;Undefined;;;Delayed OFF with constant timer value;;;;;;;;;ЛОЖЬ;ИСТИНА;;;;;;;;;;;;;;;;;;;;;;;;
DO;93XY238;;MCC;930-09;A_93009;EMERG SHUT CLOS 93XV238;Yes;ИСТИНА;ЛОЖЬ;;350;;;;;;;0;;;;121;ЛОЖЬ;35330;None;;;;;;1=CLOSE;;;;;;;Undefined;491;3428;;19.05;5;2;1;Appl;;;;ЛОЖЬ;;;;;;;;;;;;;;;;;;;;;;;;;
M;C440_5_G;;;862-34;862-34;Function block marker;;ЛОЖЬ;ЛОЖЬ;;440;;;;;;;0;;;;887;ЛОЖЬ;0;;;;;;;;;;;;;;Undefined;;;;;;;;;;;;ЛОЖЬ;ИСТИНА;;;;;;;;;;;;;;;;;;;;;;;;
M;C279_2_E;;;;;Function block marker;;ЛОЖЬ;ЛОЖЬ;;279;;;;;;;0;;;;760;ЛОЖЬ;0;;;;;;;;;;;;;;Undefined;;;;;;;;;;;;ЛОЖЬ;ИСТИНА;;;;;;;;;;;;;;;;;;;;;;;;
M;C278_3_G;;;930-09;930-09;Function block marker;;ЛОЖЬ;ЛОЖЬ;;278;;;;;;;0;;;;770;ЛОЖЬ;0;;;;;;;;;;;;;;Undefined;;;;;;;;;;;;ЛОЖЬ;ИСТИНА;;;;;;;;;;;;;;;;;;;;;;;;
DO;93TAHH990_P;;COM;930-09;A_93009;PERM (1) 93XV240 93XV241;No;ЛОЖЬ;ЛОЖЬ;;360;;;;;;;0;;;;229;ЛОЖЬ;0;None;;;;;;1=PERMISSIVE;;;;;;;Undefined;491;3428;;;;;;;;;;ЛОЖЬ;;;;;;Output;CC_CCB_1;ESD_931_1;75;;;;;;;;;;;;;;;;
M;274_284_2;;;930-09;;93LAHH266_I;;ЛОЖЬ;ЛОЖЬ;;284;;;;;;;0;;;;1425;ЛОЖЬ;0;;;;;;;0=TRIP INITIATOR;;;;;;;Undefined;491;3428;;;;;;;;;;ЛОЖЬ;;;;;;;;;;;;;;;;;;;;;;;;;
M;C244_3_B;;;862-34;862-34;Function block marker;;ЛОЖЬ;ЛОЖЬ;;244;;;;;;;0;;;;1758;ЛОЖЬ;0;;;;;;;;;;;;;;Undefined;491;3428;;;;;;;;;;ЛОЖЬ;;;;;;;;;;;;;;;;;;;;;;;;;
