PointType;TagNumber;NewTagNumber;Location;Unit;SubUnit;Description;SafetyRelated;ForceEnable;WriteEnable;SIL;FLDNumber;Scaling;DataType;SignalType;BottomScale;TopScale;EngineeringUnits;PowerUpValue;TimerBase;TimerValue;Range;ApplicationAddress;SOEEnable;SOEID;AlarmPriority;AlarmPriorityLow;AlarmPriorityHigh;AlarmPriorityLowLow;AlarmPriorityHighHigh;State0Text;State1Text;NormalState;AlarmLimitLow;AlarmLimitHigh;AlarmLimitLowLow;AlarmLimitHighHigh;BlockName;PVFormat;TransmitterAlarmLow;TransmitterAlarmHigh;TimerType;ChassisID/IOTAName;SlotNumber;ChannelNumber;NumberOfChannels;FaultReaction;FaultReactionValue;FieldInputDevice;LoopMonitoringEnable;HartEnable;TestEnable;SmokeHeatPowerInterruption;TransitTime;LowLatencySOE;AccessLock;ComAllocationType1;Master1;Slave1;PLCAddress1;ComAllocationType2;Master2;Slave2;PLCAddress2;ComAllocationType3;Master3;Slave3;PLCAddress3;ComAllocationType4;Master4;Slave4;PLCAddress4;ComAllocationType5;Master5;Slave5;PLCAddress5;ComAllocationType6;Master6;Slave6;PLCAddress6;ComAllocationType7;Master7;Slave7;PLCAddress7
T;632_2;;;;;;;ЛОЖЬ;ЛОЖЬ;;632;;;;;;;;100 ms;50;;424;ЛОЖЬ;0;;;;;;;;;;;;;;Undefined;491;3428;Pulse retriggerable with constant timer value;;;;;;;;;ЛОЖЬ;;;;;;;;;;;;;;;;;;;;;;;;;;;;;;;;;
M;C546_3_D;;;;;Function block marker;;ЛОЖЬ;ЛОЖЬ;;546;;;;;;;0;;;;2616;ЛОЖЬ;0;;;;;;;;;;;;;;Undefined;491;3428;;;;;;;;;;ЛОЖЬ;;;;;;;;;;;;;;;;;;;;;;;;;;;;;;;;;
M;C372_4_C;;;;;Function block marker;;ЛОЖЬ;ЛОЖЬ;;372;;;;;;;0;;;;2862;ЛОЖЬ;0;;;;;;;;;;;;;;Undefined;491;3428;;;;;;;;;;ЛОЖЬ;;;;;;;;;;;;;;;;;;;;;;;;;;;;;;;;;
T;660_2;;;;;;;ЛОЖЬ;ЛОЖЬ;;660;;;;;;;;100 ms;10;;500;ЛОЖЬ;0;;;;;;;;;;;;;;Undefined;;;Delayed ON with constant timer value;;;;;;;;;ЛОЖЬ;ИСТИНА;;;;;;;;;;;;;;;;;;;;;;;;;;;;;;;;
DO;55GT107_B2;;COM;;;Bit 2;No;ЛОЖЬ;ЛОЖЬ;;524;;;;;;;0;;;;784;ЛОЖЬ;0;None;;;;;;;;;;;;;Undefined;491;3428;;;;;;;;;;ЛОЖЬ;;;;;;;;;;;;;;;;;;Output;EPKS_UCB;FGS_551_1;674;;;;;;;;;;;;
M;C544_1_E;;;;;Function block marker;;ЛОЖЬ;ЛОЖЬ;;544;;;;;;;0;;;;2624;ЛОЖЬ;0;;;;;;;;;;;;;;Undefined;491;3428;;;;;;;;;;ЛОЖЬ;;;;;;;;;;;;;;;;;;;;;;;;;;;;;;;;;
M;614_632_1;;;;;60GA307/308_FL;;ЛОЖЬ;ЛОЖЬ;;632;;;;;;;0;;;;2095;ЛОЖЬ;0;;;;;;;0=ACTIVATED;;;;;;;Undefined;491;3428;;;;;;;;;;ЛОЖЬ;;;;;;;;;;;;;;;;;;;;;;;;;;;;;;;;;
DO;60HS205D_RR;;COM;;;READY TO RESET H-6052-TOXIC GAS;No;ЛОЖЬ;ЛОЖЬ;;590;;;;;;;0;;;;1042;ИСТИНА;58256;None;;;;;;1=READY;;;;;;;Undefined;491;3428;;;;;;;;;;ЛОЖЬ;;;;;;;;;;;;;;;;;;Output;EPKS_UCB;FGS_551_1;761;;;;;;;;;;;;
R;C2440_2;;;;;Compiler register (256, 102);;ЛОЖЬ;ЛОЖЬ;;2440;;Byte;;;;;0;;;;1151;ЛОЖЬ;0;;;;;;;;;;;;;;Undefined;491;3428;;;;;;;;;;ЛОЖЬ;;;;;;;;;;;;;;;;;;;;;;;;;;;;;;;;;
M;C630_1_R;;;;;Function block marker;;ЛОЖЬ;ЛОЖЬ;;630;;;;;;;0;;;;2458;ЛОЖЬ;0;;;;;;;;;;;;;;Undefined;491;3428;;;;;;;;;;ЛОЖЬ;;;;;;;;;;;;;;;;;;;;;;;;;;;;;;;;;
M;562_4;;;;;;;ЛОЖЬ;ЛОЖЬ;;562;;;;;;;0;;;;628;ЛОЖЬ;0;;;;;;;;;;;;;;Undefined;491;3428;;;;;;;;;;ЛОЖЬ;;;;;;;;;;;;;;;;;;;;;;;;;;;;;;;;;
DO;60GT305_MOC;;COM;;;MO CONFIRM;No;ЛОЖЬ;ЛОЖЬ;;684;;;;;;;0;;;;810;ИСТИНА;58232;None;;;;;;1=CONFIRMED;;;;;;;Undefined;491;3428;;;;;;;;;;ЛОЖЬ;;;;;;;;;;;;;;;;;;Output;EPKS_UCB;FGS_551_1;707;;;;;;;;;;;;
M;C660_3_C;;;;;Function block marker;;ЛОЖЬ;ЛОЖЬ;;660;;;;;;;0;;;;2382;ЛОЖЬ;0;;;;;;;;;;;;;;Undefined;491;3428;;;;;;;;;;ЛОЖЬ;;;;;;;;;;;;;;;;;;;;;;;;;;;;;;;;;
DO;55GA102;;COM;;;TRIP INITIATOR-Toxic gas;No;ЛОЖЬ;ЛОЖЬ;;460;;;;;;;0;;;;389;ИСТИНА;58037;None;;;;;;1=NORMAL;;;;;;;Undefined;;;;;;;;;;;;ЛОЖЬ;ИСТИНА;;;;;;;;;;;;;;;;;Output;EPKS_UCB;FGS_551_1;425;;;;;;;;;;;;
M;2406_C;;;;;0=CALIBRATION;;ЛОЖЬ;ЛОЖЬ;;2406;;;;;;;0;;;;1351;ЛОЖЬ;0;;;;;;;;;;;;;;Undefined;491;3428;;;;;;;;;;ЛОЖЬ;;;;;;;;;;;;;;;;;;;;;;;;;;;;;;;;;
M;392_5;;;;;;;ЛОЖЬ;ЛОЖЬ;;392;;;;;;;0;;;;236;ЛОЖЬ;0;;;;;;;;;;;;;;Undefined;491;3428;;;;;;;;;;ЛОЖЬ;;;;;;;;;;;;;;;;;;;;;;;;;;;;;;;;;
DO;60GT308_B2;;COM;;;Bit 2;No;ЛОЖЬ;ЛОЖЬ;;612;;;;;;;0;;;;834;ЛОЖЬ;0;None;;;;;;;;;;;;;Undefined;491;3428;;;;;;;;;;ЛОЖЬ;;;;;;;;;;;;;;;;;;Output;EPKS_UCB;FGS_551_1;654;;;;;;;;;;;;
DO;60GT105_B1;;COM;;;Bit 1;No;ЛОЖЬ;ЛОЖЬ;;548;;;;;;;0;;;;848;ЛОЖЬ;0;None;;;;;;;;;;;;;Undefined;491;3428;;;;;;;;;;ЛОЖЬ;;;;;;;;;;;;;;;;;;Output;EPKS_UCB;FGS_551_1;731;;;;;;;;;;;;
M;C504_1_C;;;;;Function block marker;;ЛОЖЬ;ЛОЖЬ;;504;;;;;;;0;;;;2678;ЛОЖЬ;0;;;;;;;;;;;;;;Undefined;491;3428;;;;;;;;;;ЛОЖЬ;;;;;;;;;;;;;;;;;;;;;;;;;;;;;;;;;
M;C568_2_H;;;;;Function block marker;;ЛОЖЬ;ЛОЖЬ;;568;;;;;;;0;;;;2562;ЛОЖЬ;0;;;;;;;;;;;;;;Undefined;491;3428;;;;;;;;;;ЛОЖЬ;;;;;;;;;;;;;;;;;;;;;;;;;;;;;;;;;
M;C376_4_E;;;;;Function block marker;;ЛОЖЬ;ЛОЖЬ;;376;;;;;;;0;;;;2854;ЛОЖЬ;0;;;;;;;;;;;;;;Undefined;491;3428;;;;;;;;;;ЛОЖЬ;;;;;;;;;;;;;;;;;;;;;;;;;;;;;;;;;
DO;60GA308;;COM;;;TRIP INITIATOR-Toxic gas;No;ЛОЖЬ;ЛОЖЬ;;612;;;;;;;0;;;;394;ИСТИНА;58125;None;;;;;;1=NORMAL;;;;;;;Undefined;;;;;;;;;;;;ЛОЖЬ;ИСТИНА;;;;;;;;;;;;;;;;;Output;EPKS_UCB;FGS_551_1;592;;;;;;;;;;;;
M;C2462_3;;;;;Compiler marker (336, 36);;ЛОЖЬ;ЛОЖЬ;;2462;;;;;;;0;;;;1008;ЛОЖЬ;0;;;;;;;;;;;;;;Undefined;491;3428;;;;;;;;;;ЛОЖЬ;;;;;;;;;;;;;;;;;;;;;;;;;;;;;;;;;
DO;60GT316_B2;;COM;;;Bit 2;No;ЛОЖЬ;ЛОЖЬ;;392;;;;;;;0;;;;914;ЛОЖЬ;0;None;;;;;;;;;;;;;Undefined;491;3428;;;;;;;;;;ЛОЖЬ;;;;;;;;;;;;;;;;;;Output;EPKS_UCB;FGS_551_1;802;;;;;;;;;;;;
M;C350_1_B;;;;;Function block marker;;ЛОЖЬ;ЛОЖЬ;;350;;;;;;;0;;;;2879;ЛОЖЬ;0;;;;;;;;;;;;;;Undefined;491;3428;;;;;;;;;;ЛОЖЬ;;;;;;;;;;;;;;;;;;;;;;;;;;;;;;;;;
M;2463_Q;;;;;OP Bit 1;;ЛОЖЬ;ЛОЖЬ;;2463;;;;;;;0;;;;1688;ЛОЖЬ;0;;;;;;;;;;;;;;Undefined;491;3428;;;;;;;;;;ЛОЖЬ;;;;;;;;;;;;;;;;;;;;;;;;;;;;;;;;;
M;636_12;;;;;;;ЛОЖЬ;ЛОЖЬ;;636;;;;;;;0;;;;2048;ЛОЖЬ;0;;;;;;;;;;;;;;Undefined;491;3428;;;;;;;;;;ЛОЖЬ;;;;;;;;;;;;;;;;;;;;;;;;;;;;;;;;;
M;730_736_1;;;;;Ack gas area 672-20;;ЛОЖЬ;ЛОЖЬ;;736;;;;;;;0;;;;361;ЛОЖЬ;0;;;;;;;1=ACK;;;;;;;Undefined;;;;;;;;;;;;ЛОЖЬ;ИСТИНА;;;;;;;;;;;;;;;;;;;;;;;;;;;;;;;;
M;2462_B;;;;;State CLOSE/STOP (1=CLOSED/STOPPED);;ЛОЖЬ;ЛОЖЬ;;2462;;;;;;;0;;;;1671;ЛОЖЬ;0;;;;;;;;;;;;;;Undefined;491;3428;;;;;;;;;;ЛОЖЬ;;;;;;;;;;;;;;;;;;;;;;;;;;;;;;;;;
M;C636_1_L;;;;;Function block marker;;ЛОЖЬ;ЛОЖЬ;;636;;;;;;;0;;;;2389;ЛОЖЬ;0;;;;;;;;;;;;;;Undefined;491;3428;;;;;;;;;;ЛОЖЬ;;;;;;;;;;;;;;;;;;;;;;;;;;;;;;;;;
M;C634_2_1;;;;;Function block marker;;ЛОЖЬ;ЛОЖЬ;;634;;;;;;;0;;;;2425;ЛОЖЬ;0;;;;;;;;;;;;;;Undefined;491;3428;;;;;;;;;;ЛОЖЬ;;;;;;;;;;;;;;;;;;;;;;;;;;;;;;;;;
M;550_552_2;;;;;6000-1_TGD_B;;ЛОЖЬ;ЛОЖЬ;;552;;;;;;;0;;;;1904;ЛОЖЬ;0;;;;;;;0=ALARM;;;;;;;Undefined;491;3428;;;;;;;;;;ЛОЖЬ;;;;;;;;;;;;;;;;;;;;;;;;;;;;;;;;;
M;C480_1_R;;;;;Function block marker;;ЛОЖЬ;ЛОЖЬ;;480;;;;;;;0;;;;2768;ЛОЖЬ;0;;;;;;;;;;;;;;Undefined;491;3428;;;;;;;;;;ЛОЖЬ;;;;;;;;;;;;;;;;;;;;;;;;;;;;;;;;;
M;650_668_1;;;;;Ack gas area 672-20;;ЛОЖЬ;ЛОЖЬ;;668;;;;;;;0;;;;2189;ЛОЖЬ;0;;;;;;;1=ACK;;;;;;;Undefined;491;3428;;;;;;;;;;ЛОЖЬ;;;;;;;;;;;;;;;;;;;;;;;;;;;;;;;;;
M;C636_2_K;;;;;Function block marker;;ЛОЖЬ;ЛОЖЬ;;636;;;;;;;0;;;;2401;ЛОЖЬ;0;;;;;;;;;;;;;;Undefined;491;3428;;;;;;;;;;ЛОЖЬ;;;;;;;;;;;;;;;;;;;;;;;;;;;;;;;;;
M;482_1;;;;;;;ЛОЖЬ;ЛОЖЬ;;482;;;;;;;0;;;;127;ЛОЖЬ;0;;;;;;;;;;;;;;Undefined;491;3428;;;;;;;;;;ЛОЖЬ;;;;;;;;;;;;;;;;;;;;;;;;;;;;;;;;;
DO;60XY555C_B1;;COM;;;Bit 1;No;ЛОЖЬ;ЛОЖЬ;;622;;;;;;;0;;;;1737;ЛОЖЬ;0;None;;;;;;;;;;;;;Undefined;491;3428;;;;;;;;;;ЛОЖЬ;;;;;;;;;;;;;;;;;;Output;EPKS_UCB;FGS_551_1;885;;;;;;;;;;;;
T;2462_5;;;;;;;ЛОЖЬ;ЛОЖЬ;;2462;;;;;;;;1 s;0;;48;ЛОЖЬ;0;;;;;;;;;;;;;;Undefined;491;3428;Delayed ON memorize with variable timer value;;;;;;;;;ЛОЖЬ;;;;;;;;;;;;;;;;;;;;;;;;;;;;;;;;;
M;C312_2_H;;;;;Function block marker;;ЛОЖЬ;ЛОЖЬ;;312;;;;;;;0;;;;2924;ЛОЖЬ;0;;;;;;;;;;;;;;Undefined;491;3428;;;;;;;;;;ЛОЖЬ;;;;;;;;;;;;;;;;;;;;;;;;;;;;;;;;;
DO;60GT309_B1;;COM;;;Bit 1;No;ЛОЖЬ;ЛОЖЬ;;660;;;;;;;0;;;;793;ЛОЖЬ;0;None;;;;;;;;;;;;;Undefined;491;3428;;;;;;;;;;ЛОЖЬ;;;;;;;;;;;;;;;;;;Output;EPKS_UCB;FGS_551_1;684;;;;;;;;;;;;
M;502_510_2;;;;;55GT104_RR;;ЛОЖЬ;ЛОЖЬ;;510;;;;;;;0;;;;1855;ЛОЖЬ;0;;;;;;;1=READY;;;;;;;Undefined;491;3428;;;;;;;;;;ЛОЖЬ;;;;;;;;;;;;;;;;;;;;;;;;;;;;;;;;;
M;C504_1_E;;;;;Function block marker;;ЛОЖЬ;ЛОЖЬ;;504;;;;;;;0;;;;2680;ЛОЖЬ;0;;;;;;;;;;;;;;Undefined;491;3428;;;;;;;;;;ЛОЖЬ;;;;;;;;;;;;;;;;;;;;;;;;;;;;;;;;;
DO;55HX451AL_B1;;COM;;;Bit 1;No;ЛОЖЬ;ЛОЖЬ;;480;;;;;;;0;;;;1748;ЛОЖЬ;0;None;;;;;;;;;;;;;Undefined;491;3428;;;;;;;;;;ЛОЖЬ;;;;;;;;;;;;;;;;;;Output;EPKS_UCB;FGS_551_1;896;;;;;;;;;;;;
M;C682_2_G;;;;;Function block marker;;ЛОЖЬ;ЛОЖЬ;;682;;;;;;;0;;;;2351;ЛОЖЬ;0;;;;;;;;;;;;;;Undefined;491;3428;;;;;;;;;;ЛОЖЬ;;;;;;;;;;;;;;;;;;;;;;;;;;;;;;;;;
AI;60GT107;;FLD;;;H2S at ext. inst. 6000;Yes;ИСТИНА;ЛОЖЬ;;566;ЛОЖЬ;Long;0-20mA;0;3276;;;;;;100;ЛОЖЬ;58004;;None;None;None;None;;;;0;0;;;;-XXXXX.X;0;4095;;42.03;5;9;1;Bottom scale;;;;ЛОЖЬ;;ЛОЖЬ;;;;;;;;;;;;;;;;Output;EPKS_UCB;FGS_551_1;11121;;;;;;;;;;;;
M;580_582_2;;;;;60HS205D;;ЛОЖЬ;ЛОЖЬ;;582;;;;;;;0;;;;2022;ЛОЖЬ;0;;;;;;;1=RESET;;;;;;;Undefined;491;3428;;;;;;;;;;ЛОЖЬ;;;;;;;;;;;;;;;;;;;;;;;;;;;;;;;;;
M;570_572_2;;;;;6000-2_TGD_B;;ЛОЖЬ;ЛОЖЬ;;572;;;;;;;0;;;;1969;ЛОЖЬ;0;;;;;;;0=ALARM;;;;;;;Undefined;491;3428;;;;;;;;;;ЛОЖЬ;;;;;;;;;;;;;;;;;;;;;;;;;;;;;;;;;
M;572_23;;;;;;;ЛОЖЬ;ЛОЖЬ;;572;;;;;;;0;;;;2282;ЛОЖЬ;0;;;;;;;;;;;;;;Undefined;491;3428;;;;;;;;;;ЛОЖЬ;;;;;;;;;;;;;;;;;;;;;;;;;;;;;;;;;
T;504_2;;;;;;;ЛОЖЬ;ЛОЖЬ;;504;;;;;;;;100 ms;10;;280;ЛОЖЬ;0;;;;;;;;;;;;;;Undefined;;;Delayed ON with constant timer value;;;;;;;;;ЛОЖЬ;ИСТИНА;;;;;;;;;;;;;;;;;;;;;;;;;;;;;;;;
T;460_2;;;;;;;ЛОЖЬ;ЛОЖЬ;;460;;;;;;;;100 ms;10;;192;ЛОЖЬ;0;;;;;;;;;;;;;;Undefined;;;Delayed ON with constant timer value;;;;;;;;;ЛОЖЬ;ИСТИНА;;;;;;;;;;;;;;;;;;;;;;;;;;;;;;;;
M;C662_1_D;;;;;Function block marker;;ЛОЖЬ;ЛОЖЬ;;662;;;;;;;0;;;;2369;ЛОЖЬ;0;;;;;;;;;;;;;;Undefined;491;3428;;;;;;;;;;ЛОЖЬ;;;;;;;;;;;;;;;;;;;;;;;;;;;;;;;;;
M;C370_3_H;;;;;Function block marker;;ЛОЖЬ;ЛОЖЬ;;370;;;;;;;0;;;;2876;ЛОЖЬ;0;;;;;;;;;;;;;;Undefined;491;3428;;;;;;;;;;ЛОЖЬ;;;;;;;;;;;;;;;;;;;;;;;;;;;;;;;;;
M;522_528_3;;;;;55GA106_FL;;ЛОЖЬ;ЛОЖЬ;;528;;;;;;;0;;;;1887;ЛОЖЬ;0;;;;;;;0=ACTIVATED;;;;;;;Undefined;491;3428;;;;;;;;;;ЛОЖЬ;;;;;;;;;;;;;;;;;;;;;;;;;;;;;;;;;
M;C632_2_I;;;;;Function block marker;;ЛОЖЬ;ЛОЖЬ;;632;;;;;;;0;;;;2441;ЛОЖЬ;0;;;;;;;;;;;;;;Undefined;491;3428;;;;;;;;;;ЛОЖЬ;;;;;;;;;;;;;;;;;;;;;;;;;;;;;;;;;
M;C636_1_M;;;;;Function block marker;;ЛОЖЬ;ЛОЖЬ;;636;;;;;;;0;;;;2390;ЛОЖЬ;0;;;;;;;;;;;;;;Undefined;491;3428;;;;;;;;;;ЛОЖЬ;;;;;;;;;;;;;;;;;;;;;;;;;;;;;;;;;
M;C684_2_H;;;;;Function block marker;;ЛОЖЬ;ЛОЖЬ;;684;;;;;;;0;;;;2342;ЛОЖЬ;0;;;;;;;;;;;;;;Undefined;491;3428;;;;;;;;;;ЛОЖЬ;;;;;;;;;;;;;;;;;;;;;;;;;;;;;;;;;
M;462_490_2;;;;;55GT103_RR;;ЛОЖЬ;ЛОЖЬ;;490;;;;;;;0;;;;412;ЛОЖЬ;0;;;;;;;1=READY;;;;;;;Undefined;;;;;;;;;;;;ЛОЖЬ;ИСТИНА;;;;;;;;;;;;;;;;;;;;;;;;;;;;;;;;
M;C572_2_D;;;;;Compiler marker;;ЛОЖЬ;ЛОЖЬ;;572;;;;;;;0;;;;2548;ЛОЖЬ;0;;;;;;;;;;;;;;Undefined;491;3428;;;;;;;;;;ЛОЖЬ;;;;;;;;;;;;;;;;;;;;;;;;;;;;;;;;;
T;694_4;;;;;;;ЛОЖЬ;ЛОЖЬ;;694;;;;;;;;1 s;30;;276;ЛОЖЬ;0;;;;;;;;;;;;;;Undefined;491;3428;Delayed OFF with constant timer value;;;;;;;;;ЛОЖЬ;;;;;;;;;;;;;;;;;;;;;;;;;;;;;;;;;
M;586_588_3;;;;;H-6052_TGD_A;;ЛОЖЬ;ЛОЖЬ;;588;;;;;;;0;;;;2036;ЛОЖЬ;0;;;;;;;PULSE=ALARM;;;;;;;Undefined;491;3428;;;;;;;;;;ЛОЖЬ;;;;;;;;;;;;;;;;;;;;;;;;;;;;;;;;;
M;C734_1_C;;;;;Function block marker;;ЛОЖЬ;ЛОЖЬ;;734;;;;;;;0;;;;364;ЛОЖЬ;0;;;;;;;;;;;;;;Undefined;;;;;;;;;;;;ЛОЖЬ;ИСТИНА;;;;;;;;;;;;;;;;;;;;;;;;;;;;;;;;
DO;60HS201D_RR;;COM;;;READY TO RESET 6050-1-TOXIC GAS;No;ЛОЖЬ;ЛОЖЬ;;670;;;;;;;0;;;;1038;ИСТИНА;58222;None;;;;;;1=READY;;;;;;;Undefined;491;3428;;;;;;;;;;ЛОЖЬ;;;;;;;;;;;;;;;;;;Output;EPKS_UCB;FGS_551_1;682;;;;;;;;;;;;
DO;55HX454AL_B1;;COM;;;Bit 1;No;ЛОЖЬ;ЛОЖЬ;;486;;;;;;;0;;;;1769;ЛОЖЬ;0;None;;;;;;;;;;;;;Undefined;491;3428;;;;;;;;;;ЛОЖЬ;;;;;;;;;;;;;;;;;;Output;EPKS_UCB;FGS_551_1;917;;;;;;;;;;;;
M;854_1000_1;;;;;AREA 672-20 T GAS;;ЛОЖЬ;ЛОЖЬ;;1000;;;;;;;0;;;;113;ЛОЖЬ;0;;;;;;;0=ACTIVATED;;;;;;;Undefined;;;;;;;;;;;;ЛОЖЬ;ИСТИНА;;;;;;;;;;;;;;;;;;;;;;;;;;;;;;;;
M;522_532_2;;;;;55GT106_RR;;ЛОЖЬ;ЛОЖЬ;;532;;;;;;;0;;;;1870;ЛОЖЬ;0;;;;;;;1=READY;;;;;;;Undefined;491;3428;;;;;;;;;;ЛОЖЬ;;;;;;;;;;;;;;;;;;;;;;;;;;;;;;;;;
M;C460_2_G;;;;;Function block marker;;ЛОЖЬ;ЛОЖЬ;;460;;;;;;;0;;;;2827;ЛОЖЬ;0;;;;;;;;;;;;;;Undefined;491;3428;;;;;;;;;;ЛОЖЬ;;;;;;;;;;;;;;;;;;;;;;;;;;;;;;;;;
T;636_6;;;;;;;ЛОЖЬ;ЛОЖЬ;;636;;;;;;;;10 ms;1;;84;ЛОЖЬ;0;;;;;;;;;;;;;;Undefined;491;3428;Delayed ON memorize with constant timer value;;;;;;;;;ЛОЖЬ;;;;;;;;;;;;;;;;;;;;;;;;;;;;;;;;;
M;C526_3_D;;;;;Function block marker;;ЛОЖЬ;ЛОЖЬ;;526;;;;;;;0;;;;2650;ЛОЖЬ;0;;;;;;;;;;;;;;Undefined;491;3428;;;;;;;;;;ЛОЖЬ;;;;;;;;;;;;;;;;;;;;;;;;;;;;;;;;;
M;C636_2_I;;;;;Function block marker;;ЛОЖЬ;ЛОЖЬ;;636;;;;;;;0;;;;2399;ЛОЖЬ;0;;;;;;;;;;;;;;Undefined;491;3428;;;;;;;;;;ЛОЖЬ;;;;;;;;;;;;;;;;;;;;;;;;;;;;;;;;;
M;504_506_3;;;;;55GA105_FL;;ЛОЖЬ;ЛОЖЬ;;506;;;;;;;0;;;;1874;ЛОЖЬ;0;;;;;;;0=ACTIVATED;;;;;;;Undefined;491;3428;;;;;;;;;;ЛОЖЬ;;;;;;;;;;;;;;;;;;;;;;;;;;;;;;;;;
M;C392_3_F;;;;;Function block marker;;ЛОЖЬ;ЛОЖЬ;;392;;;;;;;0;;;;2841;ЛОЖЬ;0;;;;;;;;;;;;;;Undefined;491;3428;;;;;;;;;;ЛОЖЬ;;;;;;;;;;;;;;;;;;;;;;;;;;;;;;;;;
M;C584_3_D;;;;;Function block marker;;ЛОЖЬ;ЛОЖЬ;;584;;;;;;;0;;;;2532;ЛОЖЬ;0;;;;;;;;;;;;;;Undefined;491;3428;;;;;;;;;;ЛОЖЬ;;;;;;;;;;;;;;;;;;;;;;;;;;;;;;;;;
M;C526_1_B;;;;;Function block marker;;ЛОЖЬ;ЛОЖЬ;;526;;;;;;;0;;;;2645;ЛОЖЬ;0;;;;;;;;;;;;;;Undefined;491;3428;;;;;;;;;;ЛОЖЬ;;;;;;;;;;;;;;;;;;;;;;;;;;;;;;;;;
M;C582_1_E;;;;;Function block marker;;ЛОЖЬ;ЛОЖЬ;;582;;;;;;;0;;;;2539;ЛОЖЬ;0;;;;;;;;;;;;;;Undefined;491;3428;;;;;;;;;;ЛОЖЬ;;;;;;;;;;;;;;;;;;;;;;;;;;;;;;;;;
DO;61GT903_B1;;COM;;;Bit 1;No;ЛОЖЬ;ЛОЖЬ;;708;;;;;;;0;;;;54;ЛОЖЬ;0;None;;;;;;;;;;;;;Undefined;;;;;;;;;;;;ЛОЖЬ;ИСТИНА;;;;;;;;;;;;;;;;;Output;EPKS_UCB;FGS_551_1;475;;;;;;;;;;;;
BI;42-RepairTimer_CP2;;SYS;;;Repair time CP2;Yes;ЛОЖЬ;;;22;;Word;;;;;;;;;14;;0;;;;;;;;;0;0;;;;-XXXXX.X;491;3428;;;;;;;;;;ЛОЖЬ;;;;;;;;;;;;;;;;;;;;;;;;;;;;;;;;;
AI;60GT307;;FLD;;;H2S in air of pumping room. 6050;Yes;ИСТИНА;ЛОЖЬ;;610;ЛОЖЬ;Long;0-20mA;0;3276;;;;;;4;ЛОЖЬ;58007;;None;None;None;None;;;;0;0;;;;-XXXXX.X;0;4095;;42.03;3;2;1;Bottom scale;;;;ЛОЖЬ;;ЛОЖЬ;;;;;;;;;;;;;;;;Output;EPKS_UCB;FGS_551_1;11029;;;;;;;;;;;;
M;C484_2_2;;;;;Function block marker;;ЛОЖЬ;ЛОЖЬ;;484;;;;;;;0;;;;2736;ЛОЖЬ;0;;;;;;;;;;;;;;Undefined;491;3428;;;;;;;;;;ЛОЖЬ;;;;;;;;;;;;;;;;;;;;;;;;;;;;;;;;;
T;480_6;;;;;;;ЛОЖЬ;ЛОЖЬ;;480;;;;;;;;10 ms;1;;12;ЛОЖЬ;0;;;;;;;;;;;;;;Undefined;491;3428;Delayed ON memorize with constant timer value;;;;;;;;;ЛОЖЬ;;;;;;;;;;;;;;;;;;;;;;;;;;;;;;;;;
DO;55GT110_B0;;COM;;;Bit 0;No;ЛОЖЬ;ЛОЖЬ;;330;;;;;;;0;;;;897;ЛОЖЬ;0;None;;;;;;;;;;;;;Undefined;491;3428;;;;;;;;;;ЛОЖЬ;;;;;;;;;;;;;;;;;;Output;EPKS_UCB;FGS_551_1;784;;;;;;;;;;;;
DI;42-RepairTimerStart_CP1;;SYS;;;Repair time started CP1;Yes;ЛОЖЬ;;;22;;;;;;;;;;;26;ЛОЖЬ;0;None;;;;;;1=NORMAL;;;;;;;Undefined;491;3428;;;;;;;;;;ЛОЖЬ;;;;ЛОЖЬ;;;;;;;;;;;;;;Output;EPKS_UCB;FGS_551_1;626;;;;;;;;;;;;
DO;61GT901_B2;;COM;;;Bit 2;No;ЛОЖЬ;ЛОЖЬ;;704;;;;;;;0;;;;45;ЛОЖЬ;0;None;;;;;;;;;;;;;Undefined;;;;;;;;;;;;ЛОЖЬ;ИСТИНА;;;;;;;;;;;;;;;;;Output;EPKS_UCB;FGS_551_1;430;;;;;;;;;;;;
M;668_3;;;;;;;ЛОЖЬ;ЛОЖЬ;;668;;;;;;;0;;;;2177;ЛОЖЬ;0;;;;;;;;;;;;;;Undefined;491;3428;;;;;;;;;;ЛОЖЬ;;;;;;;;;;;;;;;;;;;;;;;;;;;;;;;;;
M;564_574_2;;;;;60GT106_RR;;ЛОЖЬ;ЛОЖЬ;;574;;;;;;;0;;;;1992;ЛОЖЬ;0;;;;;;;1=READY;;;;;;;Undefined;491;3428;;;;;;;;;;ЛОЖЬ;;;;;;;;;;;;;;;;;;;;;;;;;;;;;;;;;
M;C664_2_H;;;;;Function block marker;;ЛОЖЬ;ЛОЖЬ;;664;;;;;;;0;;;;2366;ЛОЖЬ;0;;;;;;;;;;;;;;Undefined;491;3428;;;;;;;;;;ЛОЖЬ;;;;;;;;;;;;;;;;;;;;;;;;;;;;;;;;;
T;466_1;;;;;;;ЛОЖЬ;ЛОЖЬ;;466;;;;;;;;100 ms;10;;180;ЛОЖЬ;0;;;;;;;;;;;;;;Undefined;491;3428;Pulse retriggerable with constant timer value;;;;;;;;;ЛОЖЬ;;;;;;;;;;;;;;;;;;;;;;;;;;;;;;;;;
T;484_6;;;;;;;ЛОЖЬ;ЛОЖЬ;;484;;;;;;;;10 ms;1;;44;ЛОЖЬ;0;;;;;;;;;;;;;;Undefined;491;3428;Delayed ON memorize with constant timer value;;;;;;;;;ЛОЖЬ;;;;;;;;;;;;;;;;;;;;;;;;;;;;;;;;;
DO;60GT110_MOC;;COM;;;MO CONFIRM;No;ЛОЖЬ;ЛОЖЬ;;350;;;;;;;0;;;;920;ИСТИНА;58279;None;;;;;;1=CONFIRMED;;;;;;;Undefined;491;3428;;;;;;;;;;ЛОЖЬ;;;;;;;;;;;;;;;;;;Output;EPKS_UCB;FGS_551_1;809;;;;;;;;;;;;
DO;60GT102_MOC;;COM;;;MO CONFIRM;No;ЛОЖЬ;ЛОЖЬ;;562;;;;;;;0;;;;860;ИСТИНА;58248;None;;;;;;1=CONFIRMED;;;;;;;Undefined;491;3428;;;;;;;;;;ЛОЖЬ;;;;;;;;;;;;;;;;;;Output;EPKS_UCB;FGS_551_1;744;;;;;;;;;;;;
M;C666_1;;;;;Compiler marker (256, 61);;ЛОЖЬ;ЛОЖЬ;;666;;;;;;;0;;;;2355;ЛОЖЬ;0;;;;;;;;;;;;;;Undefined;491;3428;;;;;;;;;;ЛОЖЬ;;;;;;;;;;;;;;;;;;;;;;;;;;;;;;;;;
M;C584_2_H;;;;;Function block marker;;ЛОЖЬ;ЛОЖЬ;;584;;;;;;;0;;;;2535;ЛОЖЬ;0;;;;;;;;;;;;;;Undefined;491;3428;;;;;;;;;;ЛОЖЬ;;;;;;;;;;;;;;;;;;;;;;;;;;;;;;;;;
T;2406_2;;;;;;;ЛОЖЬ;ЛОЖЬ;;2406;;;;;;;;100 ms;10;;76;ЛОЖЬ;0;;;;;;;;;;;;;;Undefined;491;3428;Delayed ON with constant timer value;;;;;;;;;ЛОЖЬ;;;;;;;;;;;;;;;;;;;;;;;;;;;;;;;;;
M;C350_1_E;;;;;Function block marker;;ЛОЖЬ;ЛОЖЬ;;350;;;;;;;0;;;;2882;ЛОЖЬ;0;;;;;;;;;;;;;;Undefined;491;3428;;;;;;;;;;ЛОЖЬ;;;;;;;;;;;;;;;;;;;;;;;;;;;;;;;;;
M;548_5;;;;;;;ЛОЖЬ;ЛОЖЬ;;548;;;;;;;0;;;;224;ЛОЖЬ;0;;;;;;;;;;;;;;Undefined;491;3428;;;;;;;;;;ЛОЖЬ;;;;;;;;;;;;;;;;;;;;;;;;;;;;;;;;;
DI;60GT303_MOR;;COM;;;MO REQUEST;No;ЛОЖЬ;ИСТИНА;;584;;;;;;;0;;;;3486;ЛОЖЬ;0;None;;;;;;1=REQUEST;;;;;;;Undefined;491;3428;;;;;;Freeze;;;;ЛОЖЬ;;;;ЛОЖЬ;;;;;;;;;;;;;;Input;EPKS_UCB;FGS_551_1;31;;;;;;;;;;;;
DI;55HS201A2;;FLD;;;Testing toxic gas beacon and Horn - pump room;No;ИСТИНА;ЛОЖЬ;;468;;;;;;;;;;;57;ИСТИНА;58009;None;;;;;;1=ON;;;;;;;Undefined;491;3428;;42.03;9;2;1;Low;;Digital switch without loop monitoring;;ЛОЖЬ;;;;ЛОЖЬ;;;;;;;;;;;;;;Output;EPKS_UCB;FGS_551_1;434;;;;;;;;;;;;
M;482_7;;;;;;;ЛОЖЬ;ЛОЖЬ;;482;;;;;;;0;;;;1696;ЛОЖЬ;0;;;;;;;;;;;;;;Undefined;491;3428;;;;;;;;;;ЛОЖЬ;;;;;;;;;;;;;;;;;;;;;;;;;;;;;;;;;
DO;55GA103;;COM;;;TRIP INITIATOR-Toxic gas;No;ЛОЖЬ;ЛОЖЬ;;462;;;;;;;0;;;;390;ИСТИНА;58049;None;;;;;;1=NORMAL;;;;;;;Undefined;;;;;;;;;;;;ЛОЖЬ;ИСТИНА;;;;;;;;;;;;;;;;;Output;EPKS_UCB;FGS_551_1;428;;;;;;;;;;;;
T;350_1;;;;;;;ЛОЖЬ;ЛОЖЬ;;350;;;;;;;;100 ms;10;;132;ЛОЖЬ;0;;;;;;;;;;;;;;Undefined;;;Delayed ON with constant timer value;;;;;;;;;ЛОЖЬ;ИСТИНА;;;;;;;;;;;;;;;;;;;;;;;;;;;;;;;;
T;686_2;;;;;;;ЛОЖЬ;ЛОЖЬ;;686;;;;;;;;100 ms;10;;528;ЛОЖЬ;0;;;;;;;;;;;;;;Undefined;;;Delayed ON with constant timer value;;;;;;;;;ЛОЖЬ;ИСТИНА;;;;;;;;;;;;;;;;;;;;;;;;;;;;;;;;
M;706_5;;;;;;;ЛОЖЬ;ЛОЖЬ;;706;;;;;;;0;;;;268;ЛОЖЬ;0;;;;;;;;;;;;;;Undefined;;;;;;;;;;;;ЛОЖЬ;ИСТИНА;;;;;;;;;;;;;;;;;;;;;;;;;;;;;;;;
DI;60XS549_P;;COM;;;work alarm В11А;No;ЛОЖЬ;ИСТИНА;;634;;;;;;;0;;;;1548;ЛОЖЬ;0;None;;;;;;1=RUNNING;;;;;;;Undefined;491;3428;;;;;;Low;;;;ЛОЖЬ;;;;ЛОЖЬ;;;;;;;;;;;;;;;;;;;;;;;;;;Input;C300_UCB;FGS_551_1;13
M;C664_1_B;;;;;Function block marker;;ЛОЖЬ;ЛОЖЬ;;664;;;;;;;0;;;;2358;ЛОЖЬ;0;;;;;;;;;;;;;;Undefined;491;3428;;;;;;;;;;ЛОЖЬ;;;;;;;;;;;;;;;;;;;;;;;;;;;;;;;;;
DO;55GT104_MOC;;COM;;;MO CONFIRM;No;ЛОЖЬ;ЛОЖЬ;;502;;;;;;;0;;;;770;ИСТИНА;58211;None;;;;;;1=CONFIRMED;;;;;;;Undefined;491;3428;;;;;;;;;;ЛОЖЬ;;;;;;;;;;;;;;;;;;Output;EPKS_UCB;FGS_551_1;659;;;;;;;;;;;;
T;370_2;;;;;;;ЛОЖЬ;ЛОЖЬ;;370;;;;;;;;100 ms;10;;156;ЛОЖЬ;0;;;;;;;;;;;;;;Undefined;;;Delayed ON with constant timer value;;;;;;;;;ЛОЖЬ;ИСТИНА;;;;;;;;;;;;;;;;;;;;;;;;;;;;;;;;
M;C712_4_E;;;;;Function block marker;;ЛОЖЬ;ЛОЖЬ;;712;;;;;;;0;;;;300;ЛОЖЬ;0;;;;;;;;;;;;;;Undefined;;;;;;;;;;;;ЛОЖЬ;ИСТИНА;;;;;;;;;;;;;;;;;;;;;;;;;;;;;;;;
T;704_2;;;;;;;ЛОЖЬ;ЛОЖЬ;;704;;;;;;;;100 ms;10;;316;ЛОЖЬ;0;;;;;;;;;;;;;;Undefined;;;Delayed ON with constant timer value;;;;;;;;;ЛОЖЬ;ИСТИНА;;;;;;;;;;;;;;;;;;;;;;;;;;;;;;;;
M;C350_2_H;;;;;Function block marker;;ЛОЖЬ;ЛОЖЬ;;350;;;;;;;0;;;;2888;ЛОЖЬ;0;;;;;;;;;;;;;;Undefined;491;3428;;;;;;;;;;ЛОЖЬ;;;;;;;;;;;;;;;;;;;;;;;;;;;;;;;;;
DO;60XA301T;;FLD;;;Beacon on cabinet 60AT301;Yes;ИСТИНА;ЛОЖЬ;;692;;;;;;;0;;;;109;ИСТИНА;58010;None;;;;;;1=ON;;;;;;;Undefined;491;3428;;42.04;13;6;1;Appl;;;;ЛОЖЬ;;;;;;;;;;;;;;;;;;Output;EPKS_UCB;FGS_551_1;550;;;;;;;;;;;;
DO;FGS_551_1.60XA604_1;;FSC;;;Fl.GD act. in 6050-2-GDAP-U,F,G lamp;Yes;ЛОЖЬ;ЛОЖЬ;;394;;;;;;;0;;;;1113;ЛОЖЬ;0;None;;;;;;PULSE=ALARM;;;;;;;Undefined;491;3428;;;;;;;;;;ЛОЖЬ;;;;;;Output;FGS_002_1;FGS_551_1;65;;;;;;;;;;;;;;;;;;;;;;;;
M;2462_L;;;;;0=Cmd FAIL;;ЛОЖЬ;ЛОЖЬ;;2462;;;;;;;0;;;;1689;ЛОЖЬ;0;;;;;;;;;;;;;;Undefined;491;3428;;;;;;;;;;ЛОЖЬ;;;;;;;;;;;;;;;;;;;;;;;;;;;;;;;;;
M;C634_2_B;;;;;Compiler marker;;ЛОЖЬ;ЛОЖЬ;;634;;;;;;;0;;;;2417;ЛОЖЬ;0;;;;;;;;;;;;;;Undefined;491;3428;;;;;;;;;;ЛОЖЬ;;;;;;;;;;;;;;;;;;;;;;;;;;;;;;;;;
M;C480_1_K;;;;;Function block marker;;ЛОЖЬ;ЛОЖЬ;;480;;;;;;;0;;;;2761;ЛОЖЬ;0;;;;;;;;;;;;;;Undefined;491;3428;;;;;;;;;;ЛОЖЬ;;;;;;;;;;;;;;;;;;;;;;;;;;;;;;;;;
M;C692_1_F;;;;;Function block marker;;ЛОЖЬ;ЛОЖЬ;;692;;;;;;;0;;;;2308;ЛОЖЬ;0;;;;;;;;;;;;;;Undefined;491;3428;;;;;;;;;;ЛОЖЬ;;;;;;;;;;;;;;;;;;;;;;;;;;;;;;;;;
DO;60HS202D_RR;;COM;;;READY TO RESET PH-60-1-TOXIC GAS;No;ЛОЖЬ;ЛОЖЬ;;640;;;;;;;0;;;;994;ИСТИНА;58208;None;;;;;;1=READY;;;;;;;Undefined;491;3428;;;;;;;;;;ЛОЖЬ;;;;;;;;;;;;;;;;;;Output;EPKS_UCB;FGS_551_1;647;;;;;;;;;;;;
DI;00XS551G01P02;;CAB;;;IB55-1 COMM. ALARM FGS-01 POWER SUPPLY 02;Yes;ИСТИНА;ЛОЖЬ;;22;;;;;;;;;;;9;ИСТИНА;58175;None;;;;;;1=NORMAL;;;;;;;Undefined;491;3428;;42.03;1;2;1;Low;;;;ЛОЖЬ;;;;ЛОЖЬ;;;;;;;;;;;;;;Output;EPKS_UCB;FGS_551_1;418;;;;;;;;;;;;
M;2475_A;;;;;      ????;;ЛОЖЬ;ЛОЖЬ;;2475;;;;;;;0;;;;252;ЛОЖЬ;0;;;;;;;;;;;;;;Undefined;;;;;;;;;;;;ЛОЖЬ;ИСТИНА;;;;;;;;;;;;;;;;;;;;;;;;;;;;;;;;
R;2406_A;;;;;INPUT SIGNAL;;ЛОЖЬ;ЛОЖЬ;;2406;;Long;;;;;0;;;;1128;ЛОЖЬ;0;;;;;;;;;;;;;;Undefined;491;3428;;;;;;;;;;ЛОЖЬ;;;;;;;;;;;;;;;;;;;;;;;;;;;;;;;;;
DO;42-FaultReset;;SYS;;;Fault Reset;No;ЛОЖЬ;;;60;;;;;;;;;;;36;ЛОЖЬ;0;None;;;;;;1=NORMAL;;;;;;;Undefined;491;3428;;;;;;;;;;ЛОЖЬ;;;;;;;;;;;;;;;;;;Output;EPKS_UCB;FGS_551_1;623;;;;;;;;;;;;
M;614_1;;;;;;;ЛОЖЬ;ЛОЖЬ;;614;;;;;;;0;;;;2148;ЛОЖЬ;0;;;;;;;;;;;;;;Undefined;491;3428;;;;;;;;;;ЛОЖЬ;;;;;;;;;;;;;;;;;;;;;;;;;;;;;;;;;
M;C634_2_3;;;;;Function block marker;;ЛОЖЬ;ЛОЖЬ;;634;;;;;;;0;;;;2427;ЛОЖЬ;0;;;;;;;;;;;;;;Undefined;491;3428;;;;;;;;;;ЛОЖЬ;;;;;;;;;;;;;;;;;;;;;;;;;;;;;;;;;
M;374_5;;;;;;;ЛОЖЬ;ЛОЖЬ;;374;;;;;;;0;;;;1407;ЛОЖЬ;0;;;;;;;;;;;;;;Undefined;491;3428;;;;;;;;;;ЛОЖЬ;;;;;;;;;;;;;;;;;;;;;;;;;;;;;;;;;
M;C486_2_2;;;;;Function block marker;;ЛОЖЬ;ЛОЖЬ;;486;;;;;;;0;;;;2715;ЛОЖЬ;0;;;;;;;;;;;;;;Undefined;491;3428;;;;;;;;;;ЛОЖЬ;;;;;;;;;;;;;;;;;;;;;;;;;;;;;;;;;
M;C2405_4;;;;;Compiler marker (381, 186);;ЛОЖЬ;ЛОЖЬ;;2405;;;;;;;0;;;;1673;ЛОЖЬ;0;;;;;;;;;;;;;;Undefined;491;3428;;;;;;;;;;ЛОЖЬ;;;;;;;;;;;;;;;;;;;;;;;;;;;;;;;;;
M;C480_1_O;;;;;Function block marker;;ЛОЖЬ;ЛОЖЬ;;480;;;;;;;0;;;;2765;ЛОЖЬ;0;;;;;;;;;;;;;;Undefined;491;3428;;;;;;;;;;ЛОЖЬ;;;;;;;;;;;;;;;;;;;;;;;;;;;;;;;;;
DO;FGS_551_1.60XA608_2;;FSC;;;Fl.GD act. in H-6052-GDAP-U,F,G lamp;Yes;ЛОЖЬ;ЛОЖЬ;;374;;;;;;;0;;;;1120;ЛОЖЬ;0;None;;;;;;1=NORMAL;;;;;;;Undefined;491;3428;;;;;;;;;;ЛОЖЬ;;;;;;Output;FGS_002_1;FGS_551_1;55;;;;;;;;;;;;;;;;;;;;;;;;
DO;55GT111_B2;;COM;;;Bit 2;No;ЛОЖЬ;ЛОЖЬ;;312;;;;;;;0;;;;894;ЛОЖЬ;0;None;;;;;;;;;;;;;Undefined;491;3428;;;;;;;;;;ЛОЖЬ;;;;;;;;;;;;;;;;;;Output;EPKS_UCB;FGS_551_1;780;;;;;;;;;;;;
M;C686_2_G;;;;;Function block marker;;ЛОЖЬ;ЛОЖЬ;;686;;;;;;;0;;;;2331;ЛОЖЬ;0;;;;;;;;;;;;;;Undefined;491;3428;;;;;;;;;;ЛОЖЬ;;;;;;;;;;;;;;;;;;;;;;;;;;;;;;;;;
M;572_21;;;;;;;ЛОЖЬ;ЛОЖЬ;;572;;;;;;;0;;;;1988;ЛОЖЬ;0;;;;;;;;;;;;;;Undefined;491;3428;;;;;;;;;;ЛОЖЬ;;;;;;;;;;;;;;;;;;;;;;;;;;;;;;;;;
AI;60GT109;;FLD;;;H2S at ext. inst. 6000;Yes;ИСТИНА;ЛОЖЬ;;582;ЛОЖЬ;Long;0-20mA;0;3276;;;;;;104;ЛОЖЬ;58012;;None;None;None;None;;;;0;0;;;;-XXXXX.X;0;4095;;42.03;5;10;1;Bottom scale;;;;ЛОЖЬ;;ЛОЖЬ;;;;;;;;;;;;;;;;Output;EPKS_UCB;FGS_551_1;11125;;;;;;;;;;;;
M;1000_7;;;;;;;ЛОЖЬ;ЛОЖЬ;;1000;;;;;;;0;;;;191;ЛОЖЬ;0;;;;;;;;;;;;;;Undefined;;;;;;;;;;;;ЛОЖЬ;ИСТИНА;;;;;;;;;;;;;;;;;;;;;;;;;;;;;;;;
DI;42-ClockSrcFault2;;SYS;;;Clock source 2 fault;Yes;ЛОЖЬ;;;0;;;;;;;;;;;15;ЛОЖЬ;0;None;;;;;;1=NORMAL;;;;;;;Undefined;491;3428;;;;;;;;;;ЛОЖЬ;;;;ЛОЖЬ;;;;;;;;;;;;;;Output;EPKS_UCB;FGS_551_1;620;;;;;;;;;;;;
M;C634_1_O;;;;;Function block marker;;ЛОЖЬ;ЛОЖЬ;;634;;;;;;;0;;;;2413;ЛОЖЬ;0;;;;;;;;;;;;;;Undefined;491;3428;;;;;;;;;;ЛОЖЬ;;;;;;;;;;;;;;;;;;;;;;;;;;;;;;;;;
DO;FGS_551_1.55XA603_2;;FSC;;;T.GD act. in 5500-1-GDAP-U,F,G lamp;Yes;ЛОЖЬ;ЛОЖЬ;;506;;;;;;;0;;;;1063;ЛОЖЬ;0;None;;;;;;1=NORMAL;;;;;;;Undefined;491;3428;;;;;;;;;;ЛОЖЬ;;;;;;Output;FGS_002_1;FGS_551_1;35;;;;;;;;;;;;;;;;;;;;;;;;
M;636_10;;;;;;;ЛОЖЬ;ЛОЖЬ;;636;;;;;;;0;;;;2038;ЛОЖЬ;0;;;;;;;;;;;;;;Undefined;491;3428;;;;;;;;;;ЛОЖЬ;;;;;;;;;;;;;;;;;;;;;;;;;;;;;;;;;
BI;42-TempCP2;;SYS;;;Temperature CP 2;Yes;ЛОЖЬ;;;21;;Word;;;;;;;;;10;;0;;;;;;;;;0;0;;;;-XXXXX.X;491;3428;;;;;;;;;;ЛОЖЬ;;;;;;;;;;;;;;;;;;;;;;;;;;;;;;;;;
DO;55GA111;;COM;;;TRIP INITIATOR-Flammable gas;No;ЛОЖЬ;ЛОЖЬ;;312;;;;;;;1;;;;896;ИСТИНА;58265;None;;;;;;1=NORMAL;;;;;;;Undefined;491;3428;;;;;;;;;;ЛОЖЬ;;;;;;;;;;;;;;;;;;Output;EPKS_UCB;FGS_551_1;782;;;;;;;;;;;;
M;692_19;;;;;;;ЛОЖЬ;ЛОЖЬ;;692;;;;;;;0;;;;2223;ЛОЖЬ;0;;;;;;;;;;;;;;Undefined;491;3428;;;;;;;;;;ЛОЖЬ;;;;;;;;;;;;;;;;;;;;;;;;;;;;;;;;;
DI;60XS548_P;;COM;;;work alarm В10А;No;ЛОЖЬ;ИСТИНА;;632;;;;;;;0;;;;1546;ЛОЖЬ;0;None;;;;;;1=RUNNING;;;;;;;Undefined;491;3428;;;;;;Low;;;;ЛОЖЬ;;;;ЛОЖЬ;;;;;;;;;;;;;;;;;;;;;;;;;;Input;C300_UCB;FGS_551_1;11
DO;60GT313_B2;;COM;;;Bit 2;No;ЛОЖЬ;ЛОЖЬ;;688;;;;;;;0;;;;824;ЛОЖЬ;0;None;;;;;;;;;;;;;Undefined;491;3428;;;;;;;;;;ЛОЖЬ;;;;;;;;;;;;;;;;;;Output;EPKS_UCB;FGS_551_1;716;;;;;;;;;;;;
T;486_1;;;;;;;ЛОЖЬ;ЛОЖЬ;;486;;;;;;;;100 ms;50;;264;ЛОЖЬ;0;;;;;;;;;;;;;;Undefined;491;3428;Pulse retriggerable with constant timer value;;;;;;;;;ЛОЖЬ;;;;;;;;;;;;;;;;;;;;;;;;;;;;;;;;;
T;2404_1;;;;;;;ЛОЖЬ;ЛОЖЬ;;2404;;;;;;;;100 ms;10;;0;ЛОЖЬ;0;;;;;;;;;;;;;;Undefined;;;Delayed ON with constant timer value;;;;;;;;;ЛОЖЬ;ИСТИНА;;;;;;;;;;;;;;;;;;;;;;;;;;;;;;;;
M;C612_1_E;;;;;Function block marker;;ЛОЖЬ;ЛОЖЬ;;612;;;;;;;0;;;;2504;ЛОЖЬ;0;;;;;;;;;;;;;;Undefined;491;3428;;;;;;;;;;ЛОЖЬ;;;;;;;;;;;;;;;;;;;;;;;;;;;;;;;;;
M;C468_2_E;;;;;Function block marker;;ЛОЖЬ;ЛОЖЬ;;468;;;;;;;0;;;;2803;ЛОЖЬ;0;;;;;;;;;;;;;;Undefined;491;3428;;;;;;;;;;ЛОЖЬ;;;;;;;;;;;;;;;;;;;;;;;;;;;;;;;;;
DO;60HY599A;;MCC;;;Start at gas pollution at В9А;Yes;ИСТИНА;ЛОЖЬ;;630;;;;;;;0;;;;216;ИСТИНА;58014;None;;;;;;1=cmdSTART;;;;;;;Undefined;491;3428;;42.05;7;1;1;Appl;;;ИСТИНА;ЛОЖЬ;;;;;;;;;;;;;;;;;;Output;EPKS_UCB;FGS_551_1;565;;;;;;;;;;;;
DI;55HS201D;;COM;;;RESET PH-55-1-TOXIC GAS;No;ЛОЖЬ;ИСТИНА;;450;;;;;;;0;;;;3456;ИСТИНА;58183;None;;;;;;1=RESET;;;;;;;Undefined;491;3428;;;;;;Low;;;;ЛОЖЬ;;;;ЛОЖЬ;;;;;;;;;;;;;;Input;EPKS_UCB;FGS_551_1;1;;;;;;;;;;;;
M;C460_2_H;;;;;Function block marker;;ЛОЖЬ;ЛОЖЬ;;460;;;;;;;0;;;;2828;ЛОЖЬ;0;;;;;;;;;;;;;;Undefined;491;3428;;;;;;;;;;ЛОЖЬ;;;;;;;;;;;;;;;;;;;;;;;;;;;;;;;;;
M;C354_1_E;;;;;Function block marker;;ЛОЖЬ;ЛОЖЬ;;354;;;;;;;0;;;;2303;ЛОЖЬ;0;;;;;;;;;;;;;;Undefined;491;3428;;;;;;;;;;ЛОЖЬ;;;;;;;;;;;;;;;;;;;;;;;;;;;;;;;;;
T;710_1;;;;;;;ЛОЖЬ;ЛОЖЬ;;710;;;;;;;;100 ms;10;;560;ЛОЖЬ;0;;;;;;;;;;;;;;Undefined;;;Pulse retriggerable with constant timer value;;;;;;;;;ЛОЖЬ;ИСТИНА;;;;;;;;;;;;;;;;;;;;;;;;;;;;;;;;
M;C468_2_F;;;;;Function block marker;;ЛОЖЬ;ЛОЖЬ;;468;;;;;;;0;;;;2804;ЛОЖЬ;0;;;;;;;;;;;;;;Undefined;491;3428;;;;;;;;;;ЛОЖЬ;;;;;;;;;;;;;;;;;;;;;;;;;;;;;;;;;
M;2410_F;;;;;0=ALARM;;ЛОЖЬ;ЛОЖЬ;;2410;;;;;;;0;;;;1636;ЛОЖЬ;0;;;;;;;;;;;;;;Undefined;491;3428;;;;;;;;;;ЛОЖЬ;;;;;;;;;;;;;;;;;;;;;;;;;;;;;;;;;
M;C632_2_E;;;;;Compiler marker;;ЛОЖЬ;ЛОЖЬ;;632;;;;;;;0;;;;2439;ЛОЖЬ;0;;;;;;;;;;;;;;Undefined;491;3428;;;;;;;;;;ЛОЖЬ;;;;;;;;;;;;;;;;;;;;;;;;;;;;;;;;;
M;376_2;;;;;;;ЛОЖЬ;ЛОЖЬ;;376;;;;;;;0;;;;1398;ЛОЖЬ;0;;;;;;;;;;;;;;Undefined;491;3428;;;;;;;;;;ЛОЖЬ;;;;;;;;;;;;;;;;;;;;;;;;;;;;;;;;;
AI;61GT901;;FLD;;;H2S at ext. inst. 6100;Yes;ИСТИНА;ЛОЖЬ;;704;ЛОЖЬ;Long;0-20mA;0;3276;;;;;;120;ЛОЖЬ;58330;;None;None;None;None;;;;0;0;;;;-XXXXX.X;0;4095;;42.03;5;14;1;Bottom scale;;;;ЛОЖЬ;ИСТИНА;ЛОЖЬ;;;;;;;;;;;;;;;;Output;EPKS_UCB;FGS_551_1;11027;;;;;;;;;;;;
DO;55HX452AL_B1;;COM;;;Bit 1;No;ЛОЖЬ;ЛОЖЬ;;482;;;;;;;0;;;;1755;ЛОЖЬ;0;None;;;;;;;;;;;;;Undefined;491;3428;;;;;;;;;;ЛОЖЬ;;;;;;;;;;;;;;;;;;Output;EPKS_UCB;FGS_551_1;903;;;;;;;;;;;;
M;470_1;;;;;;;ЛОЖЬ;ЛОЖЬ;;470;;;;;;;0;;;;1518;ЛОЖЬ;0;;;;;;;;;;;;;;Undefined;491;3428;;;;;;;;;;ЛОЖЬ;;;;;;;;;;;;;;;;;;;;;;;;;;;;;;;;;
M;C630_1_M;;;;;Function block marker;;ЛОЖЬ;ЛОЖЬ;;630;;;;;;;0;;;;2453;ЛОЖЬ;0;;;;;;;;;;;;;;Undefined;491;3428;;;;;;;;;;ЛОЖЬ;;;;;;;;;;;;;;;;;;;;;;;;;;;;;;;;;
M;C636_1_Q;;;;;Function block marker;;ЛОЖЬ;ЛОЖЬ;;636;;;;;;;0;;;;2394;ЛОЖЬ;0;;;;;;;;;;;;;;Undefined;491;3428;;;;;;;;;;ЛОЖЬ;;;;;;;;;;;;;;;;;;;;;;;;;;;;;;;;;
M;C502_2_G;;;;;Function block marker;;ЛОЖЬ;ЛОЖЬ;;502;;;;;;;0;;;;2695;ЛОЖЬ;0;;;;;;;;;;;;;;Undefined;491;3428;;;;;;;;;;ЛОЖЬ;;;;;;;;;;;;;;;;;;;;;;;;;;;;;;;;;
T;588_7;;;;;;;ЛОЖЬ;ЛОЖЬ;;588;;;;;;;;1 s;30;;296;ЛОЖЬ;0;;;;;;;;;;;;;;Undefined;491;3428;Delayed OFF with constant timer value;;;;;;;;;ЛОЖЬ;;;;;;;;;;;;;;;;;;;;;;;;;;;;;;;;;
M;504_510_2;;;;;55GT105_RR;;ЛОЖЬ;ЛОЖЬ;;510;;;;;;;0;;;;1865;ЛОЖЬ;0;;;;;;;1=READY;;;;;;;Undefined;491;3428;;;;;;;;;;ЛОЖЬ;;;;;;;;;;;;;;;;;;;;;;;;;;;;;;;;;
M;2475_B;;;;;      ????;;ЛОЖЬ;ЛОЖЬ;;2475;;;;;;;0;;;;216;ЛОЖЬ;0;;;;;;;;;;;;;;Undefined;;;;;;;;;;;;ЛОЖЬ;ИСТИНА;;;;;;;;;;;;;;;;;;;;;;;;;;;;;;;;
DI;60HS291D;;COM;;;RESET 6000-5-TOXIC GAS;No;ЛОЖЬ;ИСТИНА;;730;;;;;;;0;;;;3542;ИСТИНА;58054;None;;;;;;1=RESET;;;;;;;Undefined;;;;;;;;Low;;;;ЛОЖЬ;ИСТИНА;;;ЛОЖЬ;;;;;;;;;;;;;;Input;EPKS_UCB;FGS_551_1;87;;;;;;;;;;;;
M;C546_2_G;;;;;Function block marker;;ЛОЖЬ;ЛОЖЬ;;546;;;;;;;0;;;;2618;ЛОЖЬ;0;;;;;;;;;;;;;;Undefined;491;3428;;;;;;;;;;ЛОЖЬ;;;;;;;;;;;;;;;;;;;;;;;;;;;;;;;;;
DO;FGS_551_1.60XA602_1;;FSC;;;T.GD act. in PH-60-1-GDAP-U,F,G lamp;Yes;ЛОЖЬ;ЛОЖЬ;;616;;;;;;;0;;;;1100;ЛОЖЬ;0;None;;;;;;PULSE=ALARM;;;;;;;Undefined;491;3428;;;;;;;;;;ЛОЖЬ;;;;;;Output;FGS_002_1;FGS_551_1;57;;;;;;;;;;;;;;;;;;;;;;;;
DI;60HS204D;;COM;;;RESET 6000-1-TOXIC GAS;No;ЛОЖЬ;ИСТИНА;;540;;;;;;;0;;;;3474;ИСТИНА;58201;None;;;;;;1=RESET;;;;;;;Undefined;491;3428;;;;;;Low;;;;ЛОЖЬ;;;;ЛОЖЬ;;;;;;;;;;;;;;Input;EPKS_UCB;FGS_551_1;19;;;;;;;;;;;;
M;C544_2_H;;;;;Function block marker;;ЛОЖЬ;ЛОЖЬ;;544;;;;;;;0;;;;2629;ЛОЖЬ;0;;;;;;;;;;;;;;Undefined;491;3428;;;;;;;;;;ЛОЖЬ;;;;;;;;;;;;;;;;;;;;;;;;;;;;;;;;;
T;482_3;;;;;;;ЛОЖЬ;ЛОЖЬ;;482;;;;;;;;10 ms;1;;24;ЛОЖЬ;0;;;;;;;;;;;;;;Undefined;491;3428;Delayed ON memorize with constant timer value;;;;;;;;;ЛОЖЬ;;;;;;;;;;;;;;;;;;;;;;;;;;;;;;;;;
M;660_5;;;;;;;ЛОЖЬ;ЛОЖЬ;;660;;;;;;;0;;;;214;ЛОЖЬ;0;;;;;;;;;;;;;;Undefined;491;3428;;;;;;;;;;ЛОЖЬ;;;;;;;;;;;;;;;;;;;;;;;;;;;;;;;;;
DO;61HS826D_RR;;COM;;;READY TO RESET 6100-TOXIC GAS;No;ЛОЖЬ;ЛОЖЬ;;720;;;;;;;0;;;;287;ИСТИНА;58053;None;;;;;;1=READY;;;;;;;Undefined;;;;;;;;;;;;ЛОЖЬ;ИСТИНА;;;;;;;;;;;;;;;;;Output;EPKS_UCB;FGS_551_1;493;;;;;;;;;;;;
T;632_7;;;;;;;ЛОЖЬ;ЛОЖЬ;;632;;;;;;;;1 s;0;;140;ЛОЖЬ;0;;;;;;;;;;;;;;Undefined;491;3428;Delayed ON memorize with variable timer value;;;;;;;;;ЛОЖЬ;;;;;;;;;;;;;;;;;;;;;;;;;;;;;;;;;
DO;61GT901_B0;;COM;;;Bit 0;No;ЛОЖЬ;ЛОЖЬ;;704;;;;;;;0;;;;43;ЛОЖЬ;0;None;;;;;;;;;;;;;Undefined;;;;;;;;;;;;ЛОЖЬ;ИСТИНА;;;;;;;;;;;;;;;;;Output;EPKS_UCB;FGS_551_1;575;;;;;;;;;;;;
M;C486_1_K;;;;;Function block marker;;ЛОЖЬ;ЛОЖЬ;;486;;;;;;;0;;;;2698;ЛОЖЬ;0;;;;;;;;;;;;;;Undefined;491;3428;;;;;;;;;;ЛОЖЬ;;;;;;;;;;;;;;;;;;;;;;;;;;;;;;;;;
M;332_334_3;;;;;55GA112_FL;;ЛОЖЬ;ЛОЖЬ;;334;;;;;;;0;;;;1383;ЛОЖЬ;0;;;;;;;0=ACTIVATED;;;;;;;Undefined;491;3428;;;;;;;;;;ЛОЖЬ;;;;;;;;;;;;;;;;;;;;;;;;;;;;;;;;;
M;620_1;;;;;;;ЛОЖЬ;ЛОЖЬ;;620;;;;;;;0;;;;2068;ЛОЖЬ;0;;;;;;;;;;;;;;Undefined;491;3428;;;;;;;;;;ЛОЖЬ;;;;;;;;;;;;;;;;;;;;;;;;;;;;;;;;;
M;552_8;;;;;;;ЛОЖЬ;ЛОЖЬ;;552;;;;;;;0;;;;1944;ЛОЖЬ;0;;;;;;;;;;;;;;Undefined;491;3428;;;;;;;;;;ЛОЖЬ;;;;;;;;;;;;;;;;;;;;;;;;;;;;;;;;;
M;528_2;;;;;;;ЛОЖЬ;ЛОЖЬ;;528;;;;;;;0;;;;1892;ЛОЖЬ;0;;;;;;;;;;;;;;Undefined;491;3428;;;;;;;;;;ЛОЖЬ;;;;;;;;;;;;;;;;;;;;;;;;;;;;;;;;;
M;708_710_1;;;;;61GA903_FL;;ЛОЖЬ;ЛОЖЬ;;710;;;;;;;0;;;;278;ЛОЖЬ;0;;;;;;;0=ACTIVATED;;;;;;;Undefined;;;;;;;;;;;;ЛОЖЬ;ИСТИНА;;;;;;;;;;;;;;;;;;;;;;;;;;;;;;;;
DO;FGS_551_1_F1;;COM;;;CP Fault;No;ЛОЖЬ;ЛОЖЬ;;20;;;;;;;1;;;;752;ИСТИНА;58198;None;;;;;;1=NORMAL;;;;;;;Undefined;491;3428;;;;;;;;;;ЛОЖЬ;;;;;;;;;;;;;;;;;;Output;EPKS_UCB;FGS_551_1;634;;;;;;;;;;;;
M;2465_B;;;;;      ????;;ЛОЖЬ;ЛОЖЬ;;2465;;;;;;;0;;;;200;ЛОЖЬ;0;;;;;;;;;;;;;;Undefined;;;;;;;;;;;;ЛОЖЬ;ИСТИНА;;;;;;;;;;;;;;;;;;;;;;;;;;;;;;;;
DO;55HX452OP_B0;;COM;;;Bit 0;No;ЛОЖЬ;ЛОЖЬ;;482;;;;;;;0;;;;1751;ЛОЖЬ;0;None;;;;;;;;;;;;;Undefined;491;3428;;;;;;;;;;ЛОЖЬ;;;;;;;;;;;;;;;;;;Output;EPKS_UCB;FGS_551_1;899;;;;;;;;;;;;
M;588_19;;;;;;;ЛОЖЬ;ЛОЖЬ;;588;;;;;;;0;;;;1956;ЛОЖЬ;0;;;;;;;;;;;;;;Undefined;491;3428;;;;;;;;;;ЛОЖЬ;;;;;;;;;;;;;;;;;;;;;;;;;;;;;;;;;
M;546_5;;;;;;;ЛОЖЬ;ЛОЖЬ;;546;;;;;;;0;;;;225;ЛОЖЬ;0;;;;;;;;;;;;;;Undefined;491;3428;;;;;;;;;;ЛОЖЬ;;;;;;;;;;;;;;;;;;;;;;;;;;;;;;;;;
DO;60XS550;;COM;;;"B12A ""RUNNING""";No;ЛОЖЬ;ЛОЖЬ;;636;;;;;;;0;;;;1791;ИСТИНА;58152;None;;;;;;1=RUNNING;;;;;;;Undefined;491;3428;;;;;;;;;;ЛОЖЬ;;;;;;;;;;;;;;;;;;Output;EPKS_UCB;FGS_551_1;939;;;;;;;;;;;;
M;C482_1_M;;;;;Function block marker;;ЛОЖЬ;ЛОЖЬ;;482;;;;;;;0;;;;2742;ЛОЖЬ;0;;;;;;;;;;;;;;Undefined;491;3428;;;;;;;;;;ЛОЖЬ;;;;;;;;;;;;;;;;;;;;;;;;;;;;;;;;;
M;C522_2_G;;;;;Function block marker;;ЛОЖЬ;ЛОЖЬ;;522;;;;;;;0;;;;2672;ЛОЖЬ;0;;;;;;;;;;;;;;Undefined;491;3428;;;;;;;;;;ЛОЖЬ;;;;;;;;;;;;;;;;;;;;;;;;;;;;;;;;;
M;C390_1_D;;;;;Function block marker;;ЛОЖЬ;ЛОЖЬ;;390;;;;;;;0;;;;2846;ЛОЖЬ;0;;;;;;;;;;;;;;Undefined;491;3428;;;;;;;;;;ЛОЖЬ;;;;;;;;;;;;;;;;;;;;;;;;;;;;;;;;;
M;C2463_7;;;;;Compiler marker (312, 204);;ЛОЖЬ;ЛОЖЬ;;2463;;;;;;;0;;;;134;ЛОЖЬ;0;;;;;;;;;;;;;;Undefined;491;3428;;;;;;;;;;ЛОЖЬ;;;;;;;;;;;;;;;;;;;;;;;;;;;;;;;;;
M;C688_1_D;;;;;Function block marker;;ЛОЖЬ;ЛОЖЬ;;688;;;;;;;0;;;;2316;ЛОЖЬ;0;;;;;;;;;;;;;;Undefined;491;3428;;;;;;;;;;ЛОЖЬ;;;;;;;;;;;;;;;;;;;;;;;;;;;;;;;;;
M;C632_1_N;;;;;Function block marker;;ЛОЖЬ;ЛОЖЬ;;632;;;;;;;0;;;;2433;ЛОЖЬ;0;;;;;;;;;;;;;;Undefined;491;3428;;;;;;;;;;ЛОЖЬ;;;;;;;;;;;;;;;;;;;;;;;;;;;;;;;;;
M;2470_1;;;;;;;ЛОЖЬ;ЛОЖЬ;;2470;;;;;;;0;;;;188;ЛОЖЬ;0;;;;;;;;;;;;;;Undefined;;;;;;;;;;;;ЛОЖЬ;ИСТИНА;;;;;;;;;;;;;;;;;;;;;;;;;;;;;;;;
R;2462_G;;;;;Cmd Disagree EXEC Time;;ЛОЖЬ;ЛОЖЬ;;2462;;Long;;;;;0;;;;1142;ЛОЖЬ;0;;;;;;;;;;;;;;Undefined;491;3428;;;;;;;;;;ЛОЖЬ;;;;;;;;;;;;;;;;;;;;;;;;;;;;;;;;;
T;588_8;;;;;;;ЛОЖЬ;ЛОЖЬ;;588;;;;;;;;1 s;30;;300;ЛОЖЬ;0;;;;;;;;;;;;;;Undefined;491;3428;Delayed OFF with constant timer value;;;;;;;;;ЛОЖЬ;;;;;;;;;;;;;;;;;;;;;;;;;;;;;;;;;
M;C572_2_F;;;;;Function block marker;;ЛОЖЬ;ЛОЖЬ;;572;;;;;;;0;;;;2550;ЛОЖЬ;0;;;;;;;;;;;;;;Undefined;491;3428;;;;;;;;;;ЛОЖЬ;;;;;;;;;;;;;;;;;;;;;;;;;;;;;;;;;
T;546_2;;;;;;;ЛОЖЬ;ЛОЖЬ;;546;;;;;;;;100 ms;10;;324;ЛОЖЬ;0;;;;;;;;;;;;;;Undefined;;;Delayed ON with constant timer value;;;;;;;;;ЛОЖЬ;ИСТИНА;;;;;;;;;;;;;;;;;;;;;;;;;;;;;;;;
M;C2407_1;;;;;Compiler marker (224, 84);;ЛОЖЬ;ЛОЖЬ;;2407;;;;;;;0;;;;1033;ЛОЖЬ;0;;;;;;;;;;;;;;Undefined;491;3428;;;;;;;;;;ЛОЖЬ;;;;;;;;;;;;;;;;;;;;;;;;;;;;;;;;;
M;396_2;;;;;;;ЛОЖЬ;ЛОЖЬ;;396;;;;;;;0;;;;1443;ЛОЖЬ;0;;;;;;;;;;;;;;Undefined;491;3428;;;;;;;;;;ЛОЖЬ;;;;;;;;;;;;;;;;;;;;;;;;;;;;;;;;;
M;528_3;;;;;;;ЛОЖЬ;ЛОЖЬ;;528;;;;;;;0;;;;1899;ЛОЖЬ;0;;;;;;;;;;;;;;Undefined;491;3428;;;;;;;;;;ЛОЖЬ;;;;;;;;;;;;;;;;;;;;;;;;;;;;;;;;;
T;472_2;;;;;;;ЛОЖЬ;ЛОЖЬ;;472;;;;;;;;100 ms;5;;224;ЛОЖЬ;0;;;;;;;;;;;;;;Undefined;491;3428;Delayed ON with constant timer value;;;;;;;;;ЛОЖЬ;;;;;;;;;;;;;;;;;;;;;;;;;;;;;;;;;
BO;IB551_FGS1_RT1_B;;COM;;;Repair time CP1;No;ЛОЖЬ;ЛОЖЬ;;22;;Word;;;;;0;;;;44;;0;;;;;;;;;0;0;;;;-XXXXX.X;;;;;;;;;;;;ЛОЖЬ;ИСТИНА;;;;;;;;;;;;;;;;;Output;EPKS_UCB;FGS_551_1;11032;;;;;;;;;;;;
DO;60GT310_MOC;;COM;;;MO CONFIRM;No;ЛОЖЬ;ЛОЖЬ;;662;;;;;;;0;;;;800;ИСТИНА;58225;None;;;;;;1=CONFIRMED;;;;;;;Undefined;491;3428;;;;;;;;;;ЛОЖЬ;;;;;;;;;;;;;;;;;;Output;EPKS_UCB;FGS_551_1;691;;;;;;;;;;;;
T;634_4;;;;;;;ЛОЖЬ;ЛОЖЬ;;634;;;;;;;;10 ms;1;;88;ЛОЖЬ;0;;;;;;;;;;;;;;Undefined;491;3428;Delayed ON memorize with constant timer value;;;;;;;;;ЛОЖЬ;;;;;;;;;;;;;;;;;;;;;;;;;;;;;;;;;
T;480_5;;;;;;;ЛОЖЬ;ЛОЖЬ;;480;;;;;;;;1 s;0;;128;ЛОЖЬ;0;;;;;;;;;;;;;;Undefined;491;3428;Delayed ON memorize with variable timer value;;;;;;;;;ЛОЖЬ;;;;;;;;;;;;;;;;;;;;;;;;;;;;;;;;;
M;300_316_1;;;;;55_60HS202G;;ЛОЖЬ;ЛОЖЬ;;316;;;;;;;0;;;;1374;ЛОЖЬ;0;;;;;;;1=ACK;;;;;;;Undefined;491;3428;;;;;;;;;;ЛОЖЬ;;;;;;;;;;;;;;;;;;;;;;;;;;;;;;;;;
M;C504_1_B;;;;;Function block marker;;ЛОЖЬ;ЛОЖЬ;;504;;;;;;;0;;;;2677;ЛОЖЬ;0;;;;;;;;;;;;;;Undefined;491;3428;;;;;;;;;;ЛОЖЬ;;;;;;;;;;;;;;;;;;;;;;;;;;;;;;;;;
M;C2490_2;;;;;Compiler marker (176, 175);;ЛОЖЬ;ЛОЖЬ;;2490;;;;;;;0;;;;255;ЛОЖЬ;0;;;;;;;;;;;;;;Undefined;491;3428;;;;;;;;;;ЛОЖЬ;;;;;;;;;;;;;;;;;;;;;;;;;;;;;;;;;
M;586_588_4;;;;;H-6052_TGD_A;;ЛОЖЬ;ЛОЖЬ;;588;;;;;;;0;;;;2014;ЛОЖЬ;0;;;;;;;0=ALARM;;;;;;;Undefined;491;3428;;;;;;;;;;ЛОЖЬ;;;;;;;;;;;;;;;;;;;;;;;;;;;;;;;;;
M;480_7;;;;;;;ЛОЖЬ;ЛОЖЬ;;480;;;;;;;0;;;;1523;ЛОЖЬ;0;;;;;;;;;;;;;;Undefined;491;3428;;;;;;;;;;ЛОЖЬ;;;;;;;;;;;;;;;;;;;;;;;;;;;;;;;;;
BO;IB551_FGS1_T2;;COM;672-20;;TEMPERATURE CP2;No;ЛОЖЬ;ЛОЖЬ;;21;;Word;;;;;0;;;;50;;0;;;;;;;;;0;0;;;;-XXXXX.X;;;;;;;;;;;;ЛОЖЬ;ИСТИНА;;;;;;;;;;;;;;;;;Output;EPKS_UCB;FGS_551_1;11036;;;;;;;;;;;;
M;C610_1_E;;;;;Function block marker;;ЛОЖЬ;ЛОЖЬ;;610;;;;;;;0;;;;2514;ЛОЖЬ;0;;;;;;;;;;;;;;Undefined;491;3428;;;;;;;;;;ЛОЖЬ;;;;;;;;;;;;;;;;;;;;;;;;;;;;;;;;;
DO;60GA310;;COM;;;TRIP INITIATOR-Toxic gas;No;ЛОЖЬ;ЛОЖЬ;;662;;;;;;;1;;;;801;ИСТИНА;58226;None;;;;;;1=NORMAL;;;;;;;Undefined;491;3428;;;;;;;;;;ЛОЖЬ;;;;;;;;;;;;;;;;;;Output;EPKS_UCB;FGS_551_1;692;;;;;;;;;;;;
M;C706_2_G;;;;;Function block marker;;ЛОЖЬ;ЛОЖЬ;;706;;;;;;;0;;;;322;ЛОЖЬ;0;;;;;;;;;;;;;;Undefined;;;;;;;;;;;;ЛОЖЬ;ИСТИНА;;;;;;;;;;;;;;;;;;;;;;;;;;;;;;;;
M;C546_1_C;;;;;Function block marker;;ЛОЖЬ;ЛОЖЬ;;546;;;;;;;0;;;;2612;ЛОЖЬ;0;;;;;;;;;;;;;;Undefined;491;3428;;;;;;;;;;ЛОЖЬ;;;;;;;;;;;;;;;;;;;;;;;;;;;;;;;;;
R;2462_H;;;;;Cmd Fail EXEC Time;;ЛОЖЬ;ЛОЖЬ;;2462;;Long;;;;;0;;;;1146;ЛОЖЬ;0;;;;;;;;;;;;;;Undefined;491;3428;;;;;;;;;;ЛОЖЬ;;;;;;;;;;;;;;;;;;;;;;;;;;;;;;;;;
M;2406_D;;;;;0=HIGH ALARM;;ЛОЖЬ;ЛОЖЬ;;2406;;;;;;;0;;;;1355;ЛОЖЬ;0;;;;;;;;;;;;;;Undefined;491;3428;;;;;;;;;;ЛОЖЬ;;;;;;;;;;;;;;;;;;;;;;;;;;;;;;;;;
M;C562_2_F;;;;;Function block marker;;ЛОЖЬ;ЛОЖЬ;;562;;;;;;;0;;;;2590;ЛОЖЬ;0;;;;;;;;;;;;;;Undefined;491;3428;;;;;;;;;;ЛОЖЬ;;;;;;;;;;;;;;;;;;;;;;;;;;;;;;;;;
AI;55GT108;;FLD;;;H2S on outer installation 5500;Yes;ИСТИНА;ЛОЖЬ;;526;ЛОЖЬ;Long;0-20mA;0;3276;;;;;;24;ЛОЖЬ;58018;;None;None;None;None;;;;0;0;;;;-XXXXX.X;0;4095;;42.03;3;7;1;Bottom scale;;;;ЛОЖЬ;;ЛОЖЬ;;;;;;;;;;;;;;;;Output;EPKS_UCB;FGS_551_1;11049;;;;;;;;;;;;
M;634_3;;;;;;;ЛОЖЬ;ЛОЖЬ;;634;;;;;;;0;;;;2044;ЛОЖЬ;0;;;;;;;;;;;;;;Undefined;491;3428;;;;;;;;;;ЛОЖЬ;;;;;;;;;;;;;;;;;;;;;;;;;;;;;;;;;
M;C484_1_K;;;;;Function block marker;;ЛОЖЬ;ЛОЖЬ;;484;;;;;;;0;;;;2719;ЛОЖЬ;0;;;;;;;;;;;;;;Undefined;491;3428;;;;;;;;;;ЛОЖЬ;;;;;;;;;;;;;;;;;;;;;;;;;;;;;;;;;
T;582_1;;;;;;;ЛОЖЬ;ЛОЖЬ;;582;;;;;;;;100 ms;10;;392;ЛОЖЬ;0;;;;;;;;;;;;;;Undefined;;;Delayed ON with constant timer value;;;;;;;;;ЛОЖЬ;ИСТИНА;;;;;;;;;;;;;;;;;;;;;;;;;;;;;;;;
M;622_632_1;;;;;60XY555C/D_FL;;ЛОЖЬ;ЛОЖЬ;;632;;;;;;;0;;;;2007;ЛОЖЬ;0;;;;;;;0=cmdSTART;;;;;;;Undefined;491;3428;;;;;;;;;;ЛОЖЬ;;;;;;;;;;;;;;;;;;;;;;;;;;;;;;;;;
M;C546_1_B;;;;;Function block marker;;ЛОЖЬ;ЛОЖЬ;;546;;;;;;;0;;;;2611;ЛОЖЬ;0;;;;;;;;;;;;;;Undefined;491;3428;;;;;;;;;;ЛОЖЬ;;;;;;;;;;;;;;;;;;;;;;;;;;;;;;;;;
M;C704_3_D;;;;;Function block marker;;ЛОЖЬ;ЛОЖЬ;;704;;;;;;;0;;;;87;ЛОЖЬ;0;;;;;;;;;;;;;;Undefined;;;;;;;;;;;;ЛОЖЬ;ИСТИНА;;;;;;;;;;;;;;;;;;;;;;;;;;;;;;;;
M;C486_1_M;;;;;Function block marker;;ЛОЖЬ;ЛОЖЬ;;486;;;;;;;0;;;;2700;ЛОЖЬ;0;;;;;;;;;;;;;;Undefined;491;3428;;;;;;;;;;ЛОЖЬ;;;;;;;;;;;;;;;;;;;;;;;;;;;;;;;;;
DO;60GT315_B1;;COM;;;Bit 1;No;ЛОЖЬ;ЛОЖЬ;;390;;;;;;;0;;;;908;ЛОЖЬ;0;None;;;;;;;;;;;;;Undefined;491;3428;;;;;;;;;;ЛОЖЬ;;;;;;;;;;;;;;;;;;Output;EPKS_UCB;FGS_551_1;796;;;;;;;;;;;;
DO;60XA202T2;;FLD;;;Horn to pumping unit 6050;Yes;ИСТИНА;ЛОЖЬ;;618;;;;;;;0;;;;25;ИСТИНА;58019;None;;;;;;1=ON;;;;;;;Undefined;491;3428;;42.04;3;2;1;Appl;;;;ЛОЖЬ;;;;;;;;;;;;;;;;;;Output;EPKS_UCB;FGS_551_1;506;;;;;;;;;;;;
M;C502_1_D;;;;;Function block marker;;ЛОЖЬ;ЛОЖЬ;;502;;;;;;;0;;;;2690;ЛОЖЬ;0;;;;;;;;;;;;;;Undefined;491;3428;;;;;;;;;;ЛОЖЬ;;;;;;;;;;;;;;;;;;;;;;;;;;;;;;;;;
M;C332_1_D;;;;;Function block marker;;ЛОЖЬ;ЛОЖЬ;;332;;;;;;;0;;;;2894;ЛОЖЬ;0;;;;;;;;;;;;;;Undefined;491;3428;;;;;;;;;;ЛОЖЬ;;;;;;;;;;;;;;;;;;;;;;;;;;;;;;;;;
M;390_398_2;;;;;60GT315_RR;;ЛОЖЬ;ЛОЖЬ;;398;;;;;;;0;;;;1445;ЛОЖЬ;0;;;;;;;1=READY;;;;;;;Undefined;491;3428;;;;;;;;;;ЛОЖЬ;;;;;;;;;;;;;;;;;;;;;;;;;;;;;;;;;
DO;PCDI_1_551_1_FLT_C;;COM;;;FGS_551_1 to from CC_551_1;No;ЛОЖЬ;ЛОЖЬ;;62;;;;;;;0;;;;339;ИСТИНА;58158;None;;;;;;1=ALARM;1=ALARM;;;;;;Undefined;;;;;;;;;;;;ЛОЖЬ;ИСТИНА;;;;;;;;;;;;;;;;;Output;EPKS_UCB;FGS_551_1;486;;;;;;;;;;;;
AI;55GT105;;FLD;;;H2S on outer installation 5500;Yes;ИСТИНА;ЛОЖЬ;;504;ЛОЖЬ;Long;0-20mA;0;3276;;;;;;12;ЛОЖЬ;58020;;None;None;None;None;;;;0;0;;;;-XXXXX.X;0;4095;;42.03;3;4;1;Bottom scale;;;;ЛОЖЬ;;ЛОЖЬ;;;;;;;;;;;;;;;;Output;EPKS_UCB;FGS_551_1;11037;;;;;;;;;;;;
M;C688_2_G;;;;;Function block marker;;ЛОЖЬ;ЛОЖЬ;;688;;;;;;;0;;;;2321;ЛОЖЬ;0;;;;;;;;;;;;;;Undefined;491;3428;;;;;;;;;;ЛОЖЬ;;;;;;;;;;;;;;;;;;;;;;;;;;;;;;;;;
M;C632_2_L;;;;;Function block marker;;ЛОЖЬ;ЛОЖЬ;;632;;;;;;;0;;;;2444;ЛОЖЬ;0;;;;;;;;;;;;;;Undefined;491;3428;;;;;;;;;;ЛОЖЬ;;;;;;;;;;;;;;;;;;;;;;;;;;;;;;;;;
M;2410_B;;;;;DI Loop AND (1=Normal);;ЛОЖЬ;ЛОЖЬ;;2410;;;;;;;0;;;;1674;ЛОЖЬ;0;;;;;;;;;;;;;;Undefined;491;3428;;;;;;;;;;ЛОЖЬ;;;;;;;;;;;;;;;;;;;;;;;;;;;;;;;;;
M;2463_B;;;;;DI Ready (1=READY);;ЛОЖЬ;ЛОЖЬ;;2463;;;;;;;0;;;;1680;ЛОЖЬ;0;;;;;;;;;;;;;;Undefined;491;3428;;;;;;;;;;ЛОЖЬ;;;;;;;;;;;;;;;;;;;;;;;;;;;;;;;;;
M;636_1;;;;;;;ЛОЖЬ;ЛОЖЬ;;636;;;;;;;0;;;;121;ЛОЖЬ;0;;;;;;;;;;;;;;Undefined;491;3428;;;;;;;;;;ЛОЖЬ;;;;;;;;;;;;;;;;;;;;;;;;;;;;;;;;;
M;C334_1;;;;;Compiler marker (256, 61);;ЛОЖЬ;ЛОЖЬ;;334;;;;;;;0;;;;2891;ЛОЖЬ;0;;;;;;;;;;;;;;Undefined;491;3428;;;;;;;;;;ЛОЖЬ;;;;;;;;;;;;;;;;;;;;;;;;;;;;;;;;;
M;C486_2_M;;;;;Function block marker;;ЛОЖЬ;ЛОЖЬ;;486;;;;;;;0;;;;2713;ЛОЖЬ;0;;;;;;;;;;;;;;Undefined;491;3428;;;;;;;;;;ЛОЖЬ;;;;;;;;;;;;;;;;;;;;;;;;;;;;;;;;;
DO;55GA110;;COM;;;TRIP INITIATOR-Flammable gas;No;ЛОЖЬ;ЛОЖЬ;;330;;;;;;;1;;;;901;ИСТИНА;58268;None;;;;;;1=NORMAL;;;;;;;Undefined;491;3428;;;;;;;;;;ЛОЖЬ;;;;;;;;;;;;;;;;;;Output;EPKS_UCB;FGS_551_1;788;;;;;;;;;;;;
DO;60GT308_MOC;;COM;;;MO CONFIRM;No;ЛОЖЬ;ЛОЖЬ;;612;;;;;;;0;;;;396;ИСТИНА;58123;None;;;;;;1=CONFIRMED;;;;;;;Undefined;;;;;;;;;;;;ЛОЖЬ;ИСТИНА;;;;;;;;;;;;;;;;;Output;EPKS_UCB;FGS_551_1;600;;;;;;;;;;;;
M;300_312_2;;;;;55HS202E;;ЛОЖЬ;ЛОЖЬ;;312;;;;;;;0;;;;1377;ЛОЖЬ;0;;;;;;;1=RESET;;;;;;;Undefined;491;3428;;;;;;;;;;ЛОЖЬ;;;;;;;;;;;;;;;;;;;;;;;;;;;;;;;;;
M;570_7;;;;;;;ЛОЖЬ;ЛОЖЬ;;570;;;;;;;0;;;;1982;ЛОЖЬ;0;;;;;;;;;;;;;;Undefined;491;3428;;;;;;;;;;ЛОЖЬ;;;;;;;;;;;;;;;;;;;;;;;;;;;;;;;;;
M;630_1;;;;;;;ЛОЖЬ;ЛОЖЬ;;630;;;;;;;0;;;;124;ЛОЖЬ;0;;;;;;;;;;;;;;Undefined;491;3428;;;;;;;;;;ЛОЖЬ;;;;;;;;;;;;;;;;;;;;;;;;;;;;;;;;;
M;390_394_3;;;;;60GA315_FL;;ЛОЖЬ;ЛОЖЬ;;394;;;;;;;0;;;;1455;ЛОЖЬ;0;;;;;;;0=ACTIVATED;;;;;;;Undefined;491;3428;;;;;;;;;;ЛОЖЬ;;;;;;;;;;;;;;;;;;;;;;;;;;;;;;;;;
AI;60GT317;;FLD;;;H2 at ext. inst. 6050;Yes;ИСТИНА;ЛОЖЬ;;370;ЛОЖЬ;Long;0-20mA;0;3276;;;;;;164;ЛОЖЬ;58021;;None;None;None;None;;;;0;0;;;;-XXXXX.X;0;4095;;42.03;7;8;1;Bottom scale;;;;ЛОЖЬ;;ЛОЖЬ;;;;;;;;;;;;;;;;Output;EPKS_UCB;FGS_551_1;11181;;;;;;;;;;;;
DI;60HS301B;;FLD;;;Beacon testing 60XA301T;No;ИСТИНА;ЛОЖЬ;;692;;;;;;;;;;;82;ИСТИНА;58022;None;;;;;;1=ON;;;;;;;Undefined;491;3428;;42.03;11;11;1;Low;;Digital switch without loop monitoring;;ЛОЖЬ;;;;ЛОЖЬ;;;;;;;;;;;;;;Output;EPKS_UCB;FGS_551_1;459;;;;;;;;;;;;
DO;60GT310_B1;;COM;;;Bit 1;No;ЛОЖЬ;ЛОЖЬ;;662;;;;;;;0;;;;798;ЛОЖЬ;0;None;;;;;;;;;;;;;Undefined;491;3428;;;;;;;;;;ЛОЖЬ;;;;;;;;;;;;;;;;;;Output;EPKS_UCB;FGS_551_1;689;;;;;;;;;;;;
M;630_2;;;;;;;ЛОЖЬ;ЛОЖЬ;;630;;;;;;;0;;;;2141;ЛОЖЬ;0;;;;;;;;;;;;;;Undefined;491;3428;;;;;;;;;;ЛОЖЬ;;;;;;;;;;;;;;;;;;;;;;;;;;;;;;;;;
M;700_708_2;;;;;61HS826D;;ЛОЖЬ;ЛОЖЬ;;708;;;;;;;0;;;;272;ЛОЖЬ;0;;;;;;;1=RESET;;;;;;;Undefined;;;;;;;;;;;;ЛОЖЬ;ИСТИНА;;;;;;;;;;;;;;;;;;;;;;;;;;;;;;;;
DO;60GT318_B1;;COM;;;Bit 1;No;ЛОЖЬ;ЛОЖЬ;;372;;;;;;;0;;;;928;ЛОЖЬ;0;None;;;;;;;;;;;;;Undefined;491;3428;;;;;;;;;;ЛОЖЬ;;;;;;;;;;;;;;;;;;Output;EPKS_UCB;FGS_551_1;818;;;;;;;;;;;;
M;660_670_2;;;;;60GT309_RR;;ЛОЖЬ;ЛОЖЬ;;670;;;;;;;0;;;;2172;ЛОЖЬ;0;;;;;;;1=READY;;;;;;;Undefined;491;3428;;;;;;;;;;ЛОЖЬ;;;;;;;;;;;;;;;;;;;;;;;;;;;;;;;;;
AI;60GT101;;FLD;;;H2S in cabinet 60AT101;Yes;ИСТИНА;ЛОЖЬ;;542;ЛОЖЬ;Long;0-20mA;0;3276;;;;;;76;ЛОЖЬ;58023;;None;None;None;None;;;;0;0;;;;-XXXXX.X;0;4095;;42.03;5;3;1;Bottom scale;;;;ЛОЖЬ;;ЛОЖЬ;;;;;;;;;;;;;;;;Output;EPKS_UCB;FGS_551_1;11097;;;;;;;;;;;;
M;C310_3_H;;;;;Function block marker;;ЛОЖЬ;ЛОЖЬ;;310;;;;;;;0;;;;2934;ЛОЖЬ;0;;;;;;;;;;;;;;Undefined;491;3428;;;;;;;;;;ЛОЖЬ;;;;;;;;;;;;;;;;;;;;;;;;;;;;;;;;;
AI;60GT103;;FLD;;;H2S at ext. inst. 6000;Yes;ИСТИНА;ЛОЖЬ;;544;ЛОЖЬ;Long;0-20mA;0;3276;;;;;;88;ЛОЖЬ;58024;;None;None;None;None;;;;0;0;;;;-XXXXX.X;0;4095;;42.03;5;6;1;Bottom scale;;;;ЛОЖЬ;;ЛОЖЬ;;;;;;;;;;;;;;;;Output;EPKS_UCB;FGS_551_1;11109;;;;;;;;;;;;
M;560_562_2;;;;;60HS206D;;ЛОЖЬ;ЛОЖЬ;;562;;;;;;;0;;;;2001;ЛОЖЬ;0;;;;;;;1=RESET;;;;;;;Undefined;491;3428;;;;;;;;;;ЛОЖЬ;;;;;;;;;;;;;;;;;;;;;;;;;;;;;;;;;
M;616_620_1;;;;;AREA PH-60-1-T.GAS ALARM;;ЛОЖЬ;ЛОЖЬ;;620;;;;;;;0;;;;2088;ЛОЖЬ;0;;;;;;;PULSE=ALARM;;;;;;;Undefined;491;3428;;;;;;;;;;ЛОЖЬ;;;;;;;;;;;;;;;;;;;;;;;;;;;;;;;;;
DO;60GT101_B2;;COM;;;Bit 2;No;ЛОЖЬ;ЛОЖЬ;;542;;;;;;;0;;;;839;ЛОЖЬ;0;None;;;;;;;;;;;;;Undefined;491;3428;;;;;;;;;;ЛОЖЬ;;;;;;;;;;;;;;;;;;Output;EPKS_UCB;FGS_551_1;722;;;;;;;;;;;;
M;666_852_1;;;;;AREA 6050-1-T.GAS ALARM;;ЛОЖЬ;ЛОЖЬ;;852;;;;;;;0;;;;2296;ЛОЖЬ;0;;;;;;;PULSE=ALARM;;;;;;;Undefined;491;3428;;;;;;;;;;ЛОЖЬ;;;;;;;;;;;;;;;;;;;;;;;;;;;;;;;;;
M;C332_2_F;;;;;Function block marker;;ЛОЖЬ;ЛОЖЬ;;332;;;;;;;0;;;;2899;ЛОЖЬ;0;;;;;;;;;;;;;;Undefined;491;3428;;;;;;;;;;ЛОЖЬ;;;;;;;;;;;;;;;;;;;;;;;;;;;;;;;;;
M;C370_2_B;;;;;Function block marker;;ЛОЖЬ;ЛОЖЬ;;370;;;;;;;0;;;;2867;ЛОЖЬ;0;;;;;;;;;;;;;;Undefined;491;3428;;;;;;;;;;ЛОЖЬ;;;;;;;;;;;;;;;;;;;;;;;;;;;;;;;;;
M;C330_2_E;;;;;Function block marker;;ЛОЖЬ;ЛОЖЬ;;330;;;;;;;0;;;;2905;ЛОЖЬ;0;;;;;;;;;;;;;;Undefined;491;3428;;;;;;;;;;ЛОЖЬ;;;;;;;;;;;;;;;;;;;;;;;;;;;;;;;;;
T;632_1;;;;;;;ЛОЖЬ;ЛОЖЬ;;632;;;;;;;;100 ms;50;;456;ЛОЖЬ;0;;;;;;;;;;;;;;Undefined;491;3428;Pulse retriggerable with constant timer value;;;;;;;;;ЛОЖЬ;;;;;;;;;;;;;;;;;;;;;;;;;;;;;;;;;
DI;55HS201A1;;FLD;;;Testing toxic gas beacon and Horn - pump room;No;ИСТИНА;ЛОЖЬ;;468;;;;;;;;;;;56;ИСТИНА;58025;None;;;;;;1=ON;;;;;;;Undefined;491;3428;;42.03;9;1;1;Low;;Digital switch without loop monitoring;;ЛОЖЬ;;;;ЛОЖЬ;;;;;;;;;;;;;;Output;EPKS_UCB;FGS_551_1;433;;;;;;;;;;;;
DO;60GT108_B2;;COM;;;Bit 2;No;ЛОЖЬ;ЛОЖЬ;;568;;;;;;;0;;;;884;ЛОЖЬ;0;None;;;;;;;;;;;;;Undefined;491;3428;;;;;;;;;;ЛОЖЬ;;;;;;;;;;;;;;;;;;Output;EPKS_UCB;FGS_551_1;758;;;;;;;;;;;;
DO;61XY807;;FLD;;;Horn near A9 6100;Yes;ИСТИНА;ЛОЖЬ;;712;;;;;;;0;;;;152;ИСТИНА;58334;None;;;;;;1=ON;;;;;;;Undefined;;;;42.06;9;1;1;Appl;;;;ЛОЖЬ;ИСТИНА;;;;;;;;;;;;;;;;;Output;EPKS_UCB;FGS_551_1;480;;;;;;;;;;;;
M;610_4;;;;;;;ЛОЖЬ;ЛОЖЬ;;610;;;;;;;0;;;;420;ЛОЖЬ;0;;;;;;;;;;;;;;Undefined;;;;;;;;;;;;ЛОЖЬ;ИСТИНА;;;;;;;;;;;;;;;;;;;;;;;;;;;;;;;;
M;2490_1;;;;;;;ЛОЖЬ;ЛОЖЬ;;2490;;;;;;;0;;;;464;ЛОЖЬ;0;;;;;;;;;;;;;;Undefined;;;;;;;;;;;;ЛОЖЬ;ИСТИНА;;;;;;;;;;;;;;;;;;;;;;;;;;;;;;;;
DO;FGS_551_1.55XA605_2;;FSC;;;T.GD act. in 5500-2-GDAP-U,F,G lamp;Yes;ЛОЖЬ;ЛОЖЬ;;528;;;;;;;0;;;;1087;ЛОЖЬ;0;None;;;;;;1=NORMAL;;;;;;;Undefined;491;3428;;;;;;;;;;ЛОЖЬ;;;;;;Output;FGS_002_1;FGS_551_1;40;;;;;;;;;;;;;;;;;;;;;;;;
M;708_5;;;;;;;ЛОЖЬ;ЛОЖЬ;;708;;;;;;;0;;;;274;ЛОЖЬ;0;;;;;;;;;;;;;;Undefined;;;;;;;;;;;;ЛОЖЬ;ИСТИНА;;;;;;;;;;;;;;;;;;;;;;;;;;;;;;;;
M;C502_1_C;;;;;Function block marker;;ЛОЖЬ;ЛОЖЬ;;502;;;;;;;0;;;;2689;ЛОЖЬ;0;;;;;;;;;;;;;;Undefined;491;3428;;;;;;;;;;ЛОЖЬ;;;;;;;;;;;;;;;;;;;;;;;;;;;;;;;;;
DO;60GT308_B0;;COM;;;Bit 0;No;ЛОЖЬ;ЛОЖЬ;;612;;;;;;;0;;;;832;ЛОЖЬ;0;None;;;;;;;;;;;;;Undefined;491;3428;;;;;;;;;;ЛОЖЬ;;;;;;;;;;;;;;;;;;Output;EPKS_UCB;FGS_551_1;652;;;;;;;;;;;;
M;C582_2_H;;;;;Function block marker;;ЛОЖЬ;ЛОЖЬ;;582;;;;;;;0;;;;2545;ЛОЖЬ;0;;;;;;;;;;;;;;Undefined;491;3428;;;;;;;;;;ЛОЖЬ;;;;;;;;;;;;;;;;;;;;;;;;;;;;;;;;;
DI;60GT309_MOR;;COM;;;MO REQUEST;No;ЛОЖЬ;ИСТИНА;;660;;;;;;;0;;;;3466;ЛОЖЬ;0;None;;;;;;1=REQUEST;;;;;;;Undefined;491;3428;;;;;;Freeze;;;;ЛОЖЬ;;;;ЛОЖЬ;;;;;;;;;;;;;;Input;EPKS_UCB;FGS_551_1;11;;;;;;;;;;;;
DO;IB551_FGS1_D1;;COM;672-20;;FORCE ENABLE;No;ЛОЖЬ;ЛОЖЬ;;21;;;;;;;0;;;;63;ЛОЖЬ;0;None;;;;;;0=ENABLE;;;;;;;Undefined;;;;;;;;;;;;ЛОЖЬ;ИСТИНА;;;;;;;;;;;;;;;;;Output;EPKS_UCB;FGS_551_1;465;;;;;;;;;;;;
M;C686_3_C;;;;;Function block marker;;ЛОЖЬ;ЛОЖЬ;;686;;;;;;;0;;;;2328;ЛОЖЬ;0;;;;;;;;;;;;;;Undefined;491;3428;;;;;;;;;;ЛОЖЬ;;;;;;;;;;;;;;;;;;;;;;;;;;;;;;;;;
M;C484_1_R;;;;;Function block marker;;ЛОЖЬ;ЛОЖЬ;;484;;;;;;;0;;;;2726;ЛОЖЬ;0;;;;;;;;;;;;;;Undefined;491;3428;;;;;;;;;;ЛОЖЬ;;;;;;;;;;;;;;;;;;;;;;;;;;;;;;;;;
M;C636_2_2;;;;;Function block marker;;ЛОЖЬ;ЛОЖЬ;;636;;;;;;;0;;;;2405;ЛОЖЬ;0;;;;;;;;;;;;;;Undefined;491;3428;;;;;;;;;;ЛОЖЬ;;;;;;;;;;;;;;;;;;;;;;;;;;;;;;;;;
M;C374_1;;;;;Compiler marker (256, 61);;ЛОЖЬ;ЛОЖЬ;;374;;;;;;;0;;;;2302;ЛОЖЬ;0;;;;;;;;;;;;;;Undefined;491;3428;;;;;;;;;;ЛОЖЬ;;;;;;;;;;;;;;;;;;;;;;;;;;;;;;;;;
M;614_640_2;;;;;60GT307/308_RR;;ЛОЖЬ;ЛОЖЬ;;640;;;;;;;0;;;;2118;ЛОЖЬ;0;;;;;;;1=READY;;;;;;;Undefined;491;3428;;;;;;;;;;ЛОЖЬ;;;;;;;;;;;;;;;;;;;;;;;;;;;;;;;;;
DI;42-ExtComFaultCC7;;SYS;;;Ext com fault Com ch 7;Yes;ЛОЖЬ;;;20;;;;;;;;;;;12;ЛОЖЬ;0;None;;;;;;1=NORMAL;;;;;;;Undefined;491;3428;;;;;;;;;;ЛОЖЬ;;;;ЛОЖЬ;;;;;;;;;;;;;;Output;EPKS_UCB;FGS_551_1;611;;;;;;;;;;;;
M;2463_K;;;;;Lamp RUNNING (0=ON);;ЛОЖЬ;ЛОЖЬ;;2463;;;;;;;0;;;;1693;ЛОЖЬ;0;;;;;;;;;;;;;;Undefined;491;3428;;;;;;;;;;ЛОЖЬ;;;;;;;;;;;;;;;;;;;;;;;;;;;;;;;;;
DO;61XY804;;FLD;;;Horn near C9 6100;Yes;ИСТИНА;ЛОЖЬ;;712;;;;;;;0;;;;123;ИСТИНА;58345;None;;;;;;1=ON;;;;;;;Undefined;;;;42.06;5;4;1;Appl;;;;ЛОЖЬ;ИСТИНА;;;;;;;;;;;;;;;;;Output;EPKS_UCB;FGS_551_1;527;;;;;;;;;;;;
DI;42-Flasher-5Hz;;SYS;;;5 Hz flasher;No;ЛОЖЬ;;;0;;;;;;;;;;;30;ЛОЖЬ;0;None;;;;;;;;;;;;;Undefined;491;3428;;;;;;;;;;ЛОЖЬ;;;;ЛОЖЬ;;;;;;;;;;;;;;;;;;;;;;;;;;;;;
M;354_8;;;;;;;ЛОЖЬ;ЛОЖЬ;;354;;;;;;;0;;;;2261;ЛОЖЬ;0;;;;;;;;;;;;;;Undefined;491;3428;;;;;;;;;;ЛОЖЬ;;;;;;;;;;;;;;;;;;;;;;;;;;;;;;;;;
DO;55GT109_B2;;COM;;;Bit 2;No;ЛОЖЬ;ЛОЖЬ;;310;;;;;;;0;;;;889;ЛОЖЬ;0;None;;;;;;;;;;;;;Undefined;491;3428;;;;;;;;;;ЛОЖЬ;;;;;;;;;;;;;;;;;;Output;EPKS_UCB;FGS_551_1;775;;;;;;;;;;;;
M;500_502_2;;;;;55HS202D;;ЛОЖЬ;ЛОЖЬ;;502;;;;;;;0;;;;1860;ЛОЖЬ;0;;;;;;;1=RESET;;;;;;;Undefined;491;3428;;;;;;;;;;ЛОЖЬ;;;;;;;;;;;;;;;;;;;;;;;;;;;;;;;;;
DO;60GT310_B0;;COM;;;Bit 0;No;ЛОЖЬ;ЛОЖЬ;;662;;;;;;;0;;;;797;ЛОЖЬ;0;None;;;;;;;;;;;;;Undefined;491;3428;;;;;;;;;;ЛОЖЬ;;;;;;;;;;;;;;;;;;Output;EPKS_UCB;FGS_551_1;688;;;;;;;;;;;;
T;524_2;;;;;;;ЛОЖЬ;ЛОЖЬ;;524;;;;;;;;100 ms;10;;292;ЛОЖЬ;0;;;;;;;;;;;;;;Undefined;;;Delayed ON with constant timer value;;;;;;;;;ЛОЖЬ;ИСТИНА;;;;;;;;;;;;;;;;;;;;;;;;;;;;;;;;
M;314_316_2;;;;;AREA 5500-1-FL.GAS ALARM;;ЛОЖЬ;ЛОЖЬ;;316;;;;;;;0;;;;1345;ЛОЖЬ;0;;;;;;;0=ACTIVATED;;;;;;;Undefined;491;3428;;;;;;;;;;ЛОЖЬ;;;;;;;;;;;;;;;;;;;;;;;;;;;;;;;;;
M;C2465_8;;;;;Compiler marker (224, 168);;ЛОЖЬ;ЛОЖЬ;;2465;;;;;;;0;;;;649;ЛОЖЬ;0;;;;;;;;;;;;;;Undefined;491;3428;;;;;;;;;;ЛОЖЬ;;;;;;;;;;;;;;;;;;;;;;;;;;;;;;;;;
M;464_482_1;;;;;55GA102/103_FL;;ЛОЖЬ;ЛОЖЬ;;482;;;;;;;0;;;;1804;ЛОЖЬ;0;;;;;;;0=ACTIVATED;;;;;;;Undefined;491;3428;;;;;;;;;;ЛОЖЬ;;;;;;;;;;;;;;;;;;;;;;;;;;;;;;;;;
T;544_2;;;;;;;ЛОЖЬ;ЛОЖЬ;;544;;;;;;;;100 ms;10;;340;ЛОЖЬ;0;;;;;;;;;;;;;;Undefined;;;Delayed ON with constant timer value;;;;;;;;;ЛОЖЬ;ИСТИНА;;;;;;;;;;;;;;;;;;;;;;;;;;;;;;;;
DO;FGS_551_1.60XA601_1;;FSC;;;T.GD act. in 6050-1-GDAP-U,F,G lamp;Yes;ЛОЖЬ;ЛОЖЬ;;666;;;;;;;0;;;;1081;ЛОЖЬ;0;None;;;;;;PULSE=ALARM;;;;;;;Undefined;491;3428;;;;;;;;;;ЛОЖЬ;;;;;;Output;FGS_002_1;FGS_551_1;60;;;;;;;;;;;;;;;;;;;;;;;;
M;C544_2_F;;;;;Function block marker;;ЛОЖЬ;ЛОЖЬ;;544;;;;;;;0;;;;2627;ЛОЖЬ;0;;;;;;;;;;;;;;Undefined;491;3428;;;;;;;;;;ЛОЖЬ;;;;;;;;;;;;;;;;;;;;;;;;;;;;;;;;;
M;C630_1_Q;;;;;Function block marker;;ЛОЖЬ;ЛОЖЬ;;630;;;;;;;0;;;;2457;ЛОЖЬ;0;;;;;;;;;;;;;;Undefined;491;3428;;;;;;;;;;ЛОЖЬ;;;;;;;;;;;;;;;;;;;;;;;;;;;;;;;;;
DO;60XA203F3;;FLD;;;Beacon Near E-6051;Yes;ИСТИНА;ЛОЖЬ;;396;;;;;;;0;;;;93;ИСТИНА;58028;None;;;;;;1=ON;;;;;;;Undefined;491;3428;;42.04;11;6;1;Appl;;;;ЛОЖЬ;;;;;;;;;;;;;;;;;;Output;EPKS_UCB;FGS_551_1;542;;;;;;;;;;;;
M;482_6;;;;;;;ЛОЖЬ;ЛОЖЬ;;482;;;;;;;0;;;;1657;ЛОЖЬ;0;;;;;;;;;;;;;;Undefined;491;3428;;;;;;;;;;ЛОЖЬ;;;;;;;;;;;;;;;;;;;;;;;;;;;;;;;;;
DO;55HX453_MD;;COM;;;FAN MODE;No;ЛОЖЬ;ЛОЖЬ;;484;;;;;;;0;;;;1760;ЛОЖЬ;0;None;;;;;;1=AUTO;;;;;;;Undefined;491;3428;;;;;;;;;;ЛОЖЬ;;;;;;;;;;;;;;;;;;Output;EPKS_UCB;FGS_551_1;908;;;;;;;;;;;;
DO;60GA101;;COM;;;TRIP INITIATOR-Toxic gas;No;ЛОЖЬ;ЛОЖЬ;;542;;;;;;;1;;;;841;ИСТИНА;58240;None;;;;;;1=NORMAL;;;;;;;Undefined;491;3428;;;;;;;;;;ЛОЖЬ;;;;;;;;;;;;;;;;;;Output;EPKS_UCB;FGS_551_1;724;;;;;;;;;;;;
M;C350_1_C;;;;;Function block marker;;ЛОЖЬ;ЛОЖЬ;;350;;;;;;;0;;;;2880;ЛОЖЬ;0;;;;;;;;;;;;;;Undefined;491;3428;;;;;;;;;;ЛОЖЬ;;;;;;;;;;;;;;;;;;;;;;;;;;;;;;;;;
M;C660_3_D;;;;;Function block marker;;ЛОЖЬ;ЛОЖЬ;;660;;;;;;;0;;;;2383;ЛОЖЬ;0;;;;;;;;;;;;;;Undefined;491;3428;;;;;;;;;;ЛОЖЬ;;;;;;;;;;;;;;;;;;;;;;;;;;;;;;;;;
M;484_7;;;;;;;ЛОЖЬ;ЛОЖЬ;;484;;;;;;;0;;;;1826;ЛОЖЬ;0;;;;;;;;;;;;;;Undefined;491;3428;;;;;;;;;;ЛОЖЬ;;;;;;;;;;;;;;;;;;;;;;;;;;;;;;;;;
M;C330_1_C;;;;;Function block marker;;ЛОЖЬ;ЛОЖЬ;;330;;;;;;;0;;;;2907;ЛОЖЬ;0;;;;;;;;;;;;;;Undefined;491;3428;;;;;;;;;;ЛОЖЬ;;;;;;;;;;;;;;;;;;;;;;;;;;;;;;;;;
DI;61GT902_MOR;;COM;;;MO REQUEST;No;ЛОЖЬ;ИСТИНА;;706;;;;;;;0;;;;3546;ЛОЖЬ;0;None;;;;;;1=REQUEST;;;;;;;Undefined;;;;;;;;Freeze;;;;ЛОЖЬ;ИСТИНА;;;ЛОЖЬ;;;;;;;;;;;;;;Input;EPKS_UCB;FGS_551_1;91;;;;;;;;;;;;
M;C546_3_C;;;;;Function block marker;;ЛОЖЬ;ЛОЖЬ;;546;;;;;;;0;;;;2615;ЛОЖЬ;0;;;;;;;;;;;;;;Undefined;491;3428;;;;;;;;;;ЛОЖЬ;;;;;;;;;;;;;;;;;;;;;;;;;;;;;;;;;
M;C310_2_B;;;;;Function block marker;;ЛОЖЬ;ЛОЖЬ;;310;;;;;;;0;;;;2925;ЛОЖЬ;0;;;;;;;;;;;;;;Undefined;491;3428;;;;;;;;;;ЛОЖЬ;;;;;;;;;;;;;;;;;;;;;;;;;;;;;;;;;
M;568_5;;;;;;;ЛОЖЬ;ЛОЖЬ;;568;;;;;;;0;;;;220;ЛОЖЬ;0;;;;;;;;;;;;;;Undefined;491;3428;;;;;;;;;;ЛОЖЬ;;;;;;;;;;;;;;;;;;;;;;;;;;;;;;;;;
M;550_552_1;;;;;6000-1_TGD_B;;ЛОЖЬ;ЛОЖЬ;;552;;;;;;;0;;;;1923;ЛОЖЬ;0;;;;;;;PULSE=ALARM;;;;;;;Undefined;491;3428;;;;;;;;;;ЛОЖЬ;;;;;;;;;;;;;;;;;;;;;;;;;;;;;;;;;
M;C396_4_E;;;;;Function block marker;;ЛОЖЬ;ЛОЖЬ;;396;;;;;;;0;;;;2831;ЛОЖЬ;0;;;;;;;;;;;;;;Undefined;491;3428;;;;;;;;;;ЛОЖЬ;;;;;;;;;;;;;;;;;;;;;;;;;;;;;;;;;
M;C2465_3;;;;;Compiler marker (176, 49);;ЛОЖЬ;ЛОЖЬ;;2465;;;;;;;0;;;;645;ЛОЖЬ;0;;;;;;;;;;;;;;Undefined;491;3428;;;;;;;;;;ЛОЖЬ;;;;;;;;;;;;;;;;;;;;;;;;;;;;;;;;;
M;C2462_1;;;;;Compiler marker (208, 109);;ЛОЖЬ;ЛОЖЬ;;2462;;;;;;;0;;;;1020;ЛОЖЬ;0;;;;;;;;;;;;;;Undefined;491;3428;;;;;;;;;;ЛОЖЬ;;;;;;;;;;;;;;;;;;;;;;;;;;;;;;;;;
M;330_4;;;;;;;ЛОЖЬ;ЛОЖЬ;;330;;;;;;;0;;;;1389;ЛОЖЬ;0;;;;;;;;;;;;;;Undefined;491;3428;;;;;;;;;;ЛОЖЬ;;;;;;;;;;;;;;;;;;;;;;;;;;;;;;;;;
M;C526_1_D;;;;;Function block marker;;ЛОЖЬ;ЛОЖЬ;;526;;;;;;;0;;;;2647;ЛОЖЬ;0;;;;;;;;;;;;;;Undefined;491;3428;;;;;;;;;;ЛОЖЬ;;;;;;;;;;;;;;;;;;;;;;;;;;;;;;;;;
M;466_470_2;;;;;AREA PH-55-1-T.GAS ALARM;;ЛОЖЬ;ЛОЖЬ;;470;;;;;;;0;;;;1520;ЛОЖЬ;0;;;;;;;0=ACTIVATED;;;;;;;Undefined;491;3428;;;;;;;;;;ЛОЖЬ;;;;;;;;;;;;;;;;;;;;;;;;;;;;;;;;;
M;692_22;;;;;;;ЛОЖЬ;ЛОЖЬ;;692;;;;;;;0;;;;3001;ЛОЖЬ;0;;;;;;;;;;;;;;Undefined;491;3428;;;;;;;;;;ЛОЖЬ;;;;;;;;;;;;;;;;;;;;;;;;;;;;;;;;;
DI;60HS205A;;FLD;;;Beacon testing toxic gas Hornnear  Н-6052;No;ИСТИНА;ЛОЖЬ;;588;;;;;;;;;;;90;ИСТИНА;58029;None;;;;;;1=ON;;;;;;;Undefined;491;3428;;42.03;11;3;1;Low;;Digital switch without loop monitoring;;ЛОЖЬ;;;;ЛОЖЬ;;;;;;;;;;;;;;Output;EPKS_UCB;FGS_551_1;451;;;;;;;;;;;;
M;C310_2_D;;;;;Function block marker;;ЛОЖЬ;ЛОЖЬ;;310;;;;;;;0;;;;2927;ЛОЖЬ;0;;;;;;;;;;;;;;Undefined;491;3428;;;;;;;;;;ЛОЖЬ;;;;;;;;;;;;;;;;;;;;;;;;;;;;;;;;;
M;450_468_1;;;;;Ack gas area 672-20;;ЛОЖЬ;ЛОЖЬ;;468;;;;;;;0;;;;1496;ЛОЖЬ;0;;;;;;;1=ACK;;;;;;;Undefined;491;3428;;;;;;;;;;ЛОЖЬ;;;;;;;;;;;;;;;;;;;;;;;;;;;;;;;;;
M;300_1000_1;;;;;55_60HS202G;;ЛОЖЬ;ЛОЖЬ;;1000;;;;;;;0;;;;177;ЛОЖЬ;0;;;;;;;1=ACK;;;;;;;Undefined;;;;;;;;;;;;ЛОЖЬ;ИСТИНА;;;;;;;;;;;;;;;;;;;;;;;;;;;;;;;;
M;C630_2_I;;;;;Function block marker;;ЛОЖЬ;ЛОЖЬ;;630;;;;;;;0;;;;2462;ЛОЖЬ;0;;;;;;;;;;;;;;Undefined;491;3428;;;;;;;;;;ЛОЖЬ;;;;;;;;;;;;;;;;;;;;;;;;;;;;;;;;;
M;C612_4_D;;;;;Function block marker;;ЛОЖЬ;ЛОЖЬ;;612;;;;;;;0;;;;440;ЛОЖЬ;0;;;;;;;;;;;;;;Undefined;;;;;;;;;;;;ЛОЖЬ;ИСТИНА;;;;;;;;;;;;;;;;;;;;;;;;;;;;;;;;
M;C2463_3;;;;;Compiler marker (208, 240);;ЛОЖЬ;ЛОЖЬ;;2463;;;;;;;0;;;;130;ЛОЖЬ;0;;;;;;;;;;;;;;Undefined;491;3428;;;;;;;;;;ЛОЖЬ;;;;;;;;;;;;;;;;;;;;;;;;;;;;;;;;;
DO;60GA109;;COM;;;TRIP INITIATOR-Toxic gas;No;ЛОЖЬ;ЛОЖЬ;;582;;;;;;;1;;;;876;ИСТИНА;58258;None;;;;;;1=NORMAL;;;;;;;Undefined;491;3428;;;;;;;;;;ЛОЖЬ;;;;;;;;;;;;;;;;;;Output;EPKS_UCB;FGS_551_1;766;;;;;;;;;;;;
DO;IB551_FGS1_RT1;;COM;;;Repair time CP1;No;ЛОЖЬ;ЛОЖЬ;;22;;;;;;;0;;;;459;ИСТИНА;58003;None;;;;;;0=START;;;;;;;Undefined;;;;;;;;;;;;ЛОЖЬ;ИСТИНА;;;;;;;;;;;;;;;;;Output;EPKS_UCB;FGS_551_1;973;;;;;;;;;;;;
DO;55XA201T2;;FLD;;;Horn in the pumping room 5500;Yes;ИСТИНА;ЛОЖЬ;;468;;;;;;;0;;;;8;ИСТИНА;58030;None;;;;;;1=ON;;;;;;;Undefined;491;3428;;42.04;1;1;1;Appl;;;;ЛОЖЬ;;;;;;;;;;;;;;;;;;Output;EPKS_UCB;FGS_551_1;497;;;;;;;;;;;;
DO;60GT101_B0;;COM;;;Bit 0;No;ЛОЖЬ;ЛОЖЬ;;542;;;;;;;0;;;;837;ЛОЖЬ;0;None;;;;;;;;;;;;;Undefined;491;3428;;;;;;;;;;ЛОЖЬ;;;;;;;;;;;;;;;;;;Output;EPKS_UCB;FGS_551_1;720;;;;;;;;;;;;
DO;60HX549AL_B1;;COM;;;Bit 1;No;ЛОЖЬ;ЛОЖЬ;;634;;;;;;;0;;;;1790;ЛОЖЬ;0;None;;;;;;;;;;;;;Undefined;491;3428;;;;;;;;;;ЛОЖЬ;;;;;;;;;;;;;;;;;;Output;EPKS_UCB;FGS_551_1;938;;;;;;;;;;;;
DI;55GT103_MOR;;COM;;;MO REQUEST;No;ЛОЖЬ;ИСТИНА;;462;;;;;;;0;;;;3549;ЛОЖЬ;0;None;;;;;;1=REQUEST;;;;;;;Undefined;;;;;;;;Freeze;;;;ЛОЖЬ;ИСТИНА;;;ЛОЖЬ;;;;;;;;;;;;;;Input;EPKS_UCB;FGS_551_1;94;;;;;;;;;;;;
M;632_6;;;;;;;ЛОЖЬ;ЛОЖЬ;;632;;;;;;;0;;;;1305;ЛОЖЬ;0;;;;;;;;;;;;;;Undefined;491;3428;;;;;;;;;;ЛОЖЬ;;;;;;;;;;;;;;;;;;;;;;;;;;;;;;;;;
M;310_314_3;;;;;55GA109_FL;;ЛОЖЬ;ЛОЖЬ;;314;;;;;;;0;;;;1341;ЛОЖЬ;0;;;;;;;0=ACTIVATED;;;;;;;Undefined;491;3428;;;;;;;;;;ЛОЖЬ;;;;;;;;;;;;;;;;;;;;;;;;;;;;;;;;;
DO;60GT303_B1;;COM;;;Bit 1;No;ЛОЖЬ;ЛОЖЬ;;584;;;;;;;0;;;;878;ЛОЖЬ;0;None;;;;;;;;;;;;;Undefined;491;3428;;;;;;;;;;ЛОЖЬ;;;;;;;;;;;;;;;;;;Output;EPKS_UCB;FGS_551_1;768;;;;;;;;;;;;
M;C632_1_L;;;;;Function block marker;;ЛОЖЬ;ЛОЖЬ;;632;;;;;;;0;;;;2431;ЛОЖЬ;0;;;;;;;;;;;;;;Undefined;491;3428;;;;;;;;;;ЛОЖЬ;;;;;;;;;;;;;;;;;;;;;;;;;;;;;;;;;
M;612_9;;;;;;;ЛОЖЬ;ЛОЖЬ;;612;;;;;;;0;;;;425;ЛОЖЬ;0;;;;;;;;;;;;;;Undefined;;;;;;;;;;;;ЛОЖЬ;ИСТИНА;;;;;;;;;;;;;;;;;;;;;;;;;;;;;;;;
DO;55XA202T2;;FLD;;;Horn Near V-5501;Yes;ИСТИНА;ЛОЖЬ;;508;;;;;;;0;;;;11;ИСТИНА;58031;None;;;;;;1=ON;;;;;;;Undefined;491;3428;;42.04;1;4;1;Appl;;;;ЛОЖЬ;;;;;;;;;;;;;;;;;;Output;EPKS_UCB;FGS_551_1;500;;;;;;;;;;;;
M;550_554_6;;;;;AREA 6000-1-T.GAS ALARM;;ЛОЖЬ;ЛОЖЬ;;554;;;;;;;0;;;;1952;ЛОЖЬ;0;;;;;;;0=ACTIVATED;;;;;;;Undefined;491;3428;;;;;;;;;;ЛОЖЬ;;;;;;;;;;;;;;;;;;;;;;;;;;;;;;;;;
M;C610_1_D;;;;;Function block marker;;ЛОЖЬ;ЛОЖЬ;;610;;;;;;;0;;;;2513;ЛОЖЬ;0;;;;;;;;;;;;;;Undefined;491;3428;;;;;;;;;;ЛОЖЬ;;;;;;;;;;;;;;;;;;;;;;;;;;;;;;;;;
M;C632_2_3;;;;;Function block marker;;ЛОЖЬ;ЛОЖЬ;;632;;;;;;;0;;;;2448;ЛОЖЬ;0;;;;;;;;;;;;;;Undefined;491;3428;;;;;;;;;;ЛОЖЬ;;;;;;;;;;;;;;;;;;;;;;;;;;;;;;;;;
M;544_4;;;;;;;ЛОЖЬ;ЛОЖЬ;;544;;;;;;;0;;;;631;ЛОЖЬ;0;;;;;;;;;;;;;;Undefined;491;3428;;;;;;;;;;ЛОЖЬ;;;;;;;;;;;;;;;;;;;;;;;;;;;;;;;;;
M;C682_1_C;;;;;Function block marker;;ЛОЖЬ;ЛОЖЬ;;682;;;;;;;0;;;;2345;ЛОЖЬ;0;;;;;;;;;;;;;;Undefined;491;3428;;;;;;;;;;ЛОЖЬ;;;;;;;;;;;;;;;;;;;;;;;;;;;;;;;;;
DO;60XS550C;;COM;;;B12A READY;No;ЛОЖЬ;ЛОЖЬ;;636;;;;;;;0;;;;1792;ИСТИНА;58155;None;;;;;;1=READY;;;;;;;Undefined;491;3428;;;;;;;;;;ЛОЖЬ;;;;;;;;;;;;;;;;;;Output;EPKS_UCB;FGS_551_1;940;;;;;;;;;;;;
M;C668_4_F;;;;;Function block marker;;ЛОЖЬ;ЛОЖЬ;;668;;;;;;;0;;;;2354;ЛОЖЬ;0;;;;;;;;;;;;;;Undefined;491;3428;;;;;;;;;;ЛОЖЬ;;;;;;;;;;;;;;;;;;;;;;;;;;;;;;;;;
DO;60XA202T6;;FLD;;;Horn at entering the pumping unit 6050 at side of threstle;Yes;ИСТИНА;ЛОЖЬ;;620;;;;;;;0;;;;27;ИСТИНА;58032;None;;;;;;1=ON;;;;;;;Undefined;491;3428;;42.04;3;4;1;Appl;;;;ЛОЖЬ;;;;;;;;;;;;;;;;;;Output;EPKS_UCB;FGS_551_1;508;;;;;;;;;;;;
M;552_9;;;;;;;ЛОЖЬ;ЛОЖЬ;;552;;;;;;;0;;;;1945;ЛОЖЬ;0;;;;;;;;;;;;;;Undefined;491;3428;;;;;;;;;;ЛОЖЬ;;;;;;;;;;;;;;;;;;;;;;;;;;;;;;;;;
DO;60GT106_B1;;COM;;;Bit 1;No;ЛОЖЬ;ЛОЖЬ;;564;;;;;;;0;;;;863;ЛОЖЬ;0;None;;;;;;;;;;;;;Undefined;491;3428;;;;;;;;;;ЛОЖЬ;;;;;;;;;;;;;;;;;;Output;EPKS_UCB;FGS_551_1;747;;;;;;;;;;;;
M;C464_2_A;;;;;Compiler marker;;ЛОЖЬ;ЛОЖЬ;;464;;;;;;;0;;;;2805;ЛОЖЬ;0;;;;;;;;;;;;;;Undefined;491;3428;;;;;;;;;;ЛОЖЬ;;;;;;;;;;;;;;;;;;;;;;;;;;;;;;;;;
M;C568_1_D;;;;;Function block marker;;ЛОЖЬ;ЛОЖЬ;;568;;;;;;;0;;;;2556;ЛОЖЬ;0;;;;;;;;;;;;;;Undefined;491;3428;;;;;;;;;;ЛОЖЬ;;;;;;;;;;;;;;;;;;;;;;;;;;;;;;;;;
M;C464_2_I;;;;;Function block marker;;ЛОЖЬ;ЛОЖЬ;;464;;;;;;;0;;;;2808;ЛОЖЬ;0;;;;;;;;;;;;;;Undefined;491;3428;;;;;;;;;;ЛОЖЬ;;;;;;;;;;;;;;;;;;;;;;;;;;;;;;;;;
M;C486_1_Q;;;;;Function block marker;;ЛОЖЬ;ЛОЖЬ;;486;;;;;;;0;;;;2704;ЛОЖЬ;0;;;;;;;;;;;;;;Undefined;491;3428;;;;;;;;;;ЛОЖЬ;;;;;;;;;;;;;;;;;;;;;;;;;;;;;;;;;
M;C636_2_E;;;;;Compiler marker;;ЛОЖЬ;ЛОЖЬ;;636;;;;;;;0;;;;2397;ЛОЖЬ;0;;;;;;;;;;;;;;Undefined;491;3428;;;;;;;;;;ЛОЖЬ;;;;;;;;;;;;;;;;;;;;;;;;;;;;;;;;;
DO;60HX548OP_B0;;COM;;;Bit 0;No;ЛОЖЬ;ЛОЖЬ;;632;;;;;;;0;;;;1779;ЛОЖЬ;0;None;;;;;;;;;;;;;Undefined;491;3428;;;;;;;;;;ЛОЖЬ;;;;;;;;;;;;;;;;;;Output;EPKS_UCB;FGS_551_1;927;;;;;;;;;;;;
M;C662_2_H;;;;;Function block marker;;ЛОЖЬ;ЛОЖЬ;;662;;;;;;;0;;;;2376;ЛОЖЬ;0;;;;;;;;;;;;;;Undefined;491;3428;;;;;;;;;;ЛОЖЬ;;;;;;;;;;;;;;;;;;;;;;;;;;;;;;;;;
DI;42-ExtComFaultCC5;;SYS;;;Ext com fault Com ch 5;Yes;ЛОЖЬ;;;20;;;;;;;;;;;10;ЛОЖЬ;0;None;;;;;;1=NORMAL;;;;;;;Undefined;491;3428;;;;;;;;;;ЛОЖЬ;;;;ЛОЖЬ;;;;;;;;;;;;;;Output;EPKS_UCB;FGS_551_1;609;;;;;;;;;;;;
DO;60XA204T1;;FLD;;;Beacon Near H-6001;Yes;ИСТИНА;ЛОЖЬ;;552;;;;;;;0;;;;94;ИСТИНА;58033;None;;;;;;1=ON;;;;;;;Undefined;491;3428;;42.04;11;7;1;Appl;;;;ЛОЖЬ;;;;;;;;;;;;;;;;;;Output;EPKS_UCB;FGS_551_1;543;;;;;;;;;;;;
DO;55HY459E;;MCC;;;Start at gas pollution at В4А;Yes;ИСТИНА;ЛОЖЬ;;484;;;;;;;0;;;;184;ИСТИНА;58034;None;;;;;;1=cmdSTART;;;;;;;Undefined;491;3428;;42.05;3;1;1;Appl;;;ИСТИНА;ЛОЖЬ;;;;;;;;;;;;;;;;;;Output;EPKS_UCB;FGS_551_1;557;;;;;;;;;;;;
DO;55XS453;;COM;;;"B4A ""RUNNING""";No;ЛОЖЬ;ЛОЖЬ;;484;;;;;;;0;;;;1756;ИСТИНА;58086;None;;;;;;1=RUNNING;;;;;;;Undefined;491;3428;;;;;;;;;;ЛОЖЬ;;;;;;;;;;;;;;;;;;Output;EPKS_UCB;FGS_551_1;904;;;;;;;;;;;;
T;354_2;;;;;;;ЛОЖЬ;ЛОЖЬ;;354;;;;;;;;100 ms;10;;64;ЛОЖЬ;0;;;;;;;;;;;;;;Undefined;491;3428;Pulse retriggerable with constant timer value;;;;;;;;;ЛОЖЬ;;;;;;;;;;;;;;;;;;;;;;;;;;;;;;;;;
M;374_850_2;;;;;AREA H-6052-FL.GAS ALARM;;ЛОЖЬ;ЛОЖЬ;;850;;;;;;;0;;;;2273;ЛОЖЬ;0;;;;;;;0=ACTIVATED;;;;;;;Undefined;491;3428;;;;;;;;;;ЛОЖЬ;;;;;;;;;;;;;;;;;;;;;;;;;;;;;;;;;
T;682_1;;;;;;;ЛОЖЬ;ЛОЖЬ;;682;;;;;;;;100 ms;10;;532;ЛОЖЬ;0;;;;;;;;;;;;;;Undefined;;;Delayed ON with constant timer value;;;;;;;;;ЛОЖЬ;ИСТИНА;;;;;;;;;;;;;;;;;;;;;;;;;;;;;;;;
M;C572_1_F;;;;;Function block marker;;ЛОЖЬ;ЛОЖЬ;;572;;;;;;;0;;;;2547;ЛОЖЬ;0;;;;;;;;;;;;;;Undefined;491;3428;;;;;;;;;;ЛОЖЬ;;;;;;;;;;;;;;;;;;;;;;;;;;;;;;;;;
M;470_3;;;;;;;ЛОЖЬ;ЛОЖЬ;;470;;;;;;;0;;;;1504;ЛОЖЬ;0;;;;;;;;;;;;;;Undefined;491;3428;;;;;;;;;;ЛОЖЬ;;;;;;;;;;;;;;;;;;;;;;;;;;;;;;;;;
T;566_1;;;;;;;ЛОЖЬ;ЛОЖЬ;;566;;;;;;;;100 ms;10;;372;ЛОЖЬ;0;;;;;;;;;;;;;;Undefined;;;Delayed ON with constant timer value;;;;;;;;;ЛОЖЬ;ИСТИНА;;;;;;;;;;;;;;;;;;;;;;;;;;;;;;;;
M;C462_1_D;;;;;Function block marker;;ЛОЖЬ;ЛОЖЬ;;462;;;;;;;0;;;;2813;ЛОЖЬ;0;;;;;;;;;;;;;;Undefined;491;3428;;;;;;;;;;ЛОЖЬ;;;;;;;;;;;;;;;;;;;;;;;;;;;;;;;;;
M;466_854_2;;;;;AREA PH-55-1-T.GAS ALARM;;ЛОЖЬ;ЛОЖЬ;;854;;;;;;;0;;;;2281;ЛОЖЬ;0;;;;;;;0=ACTIVATED;;;;;;;Undefined;491;3428;;;;;;;;;;ЛОЖЬ;;;;;;;;;;;;;;;;;;;;;;;;;;;;;;;;;
M;572_22;;;;;;;ЛОЖЬ;ЛОЖЬ;;572;;;;;;;0;;;;2271;ЛОЖЬ;0;;;;;;;;;;;;;;Undefined;491;3428;;;;;;;;;;ЛОЖЬ;;;;;;;;;;;;;;;;;;;;;;;;;;;;;;;;;
M;C390_1_B;;;;;Function block marker;;ЛОЖЬ;ЛОЖЬ;;390;;;;;;;0;;;;2844;ЛОЖЬ;0;;;;;;;;;;;;;;Undefined;491;3428;;;;;;;;;;ЛОЖЬ;;;;;;;;;;;;;;;;;;;;;;;;;;;;;;;;;
DO;60XA204F4;;FLD;;;Horn Near H-6001;Yes;ИСТИНА;ЛОЖЬ;;354;;;;;;;0;;;;31;ИСТИНА;58035;None;;;;;;1=ON;;;;;;;Undefined;491;3428;;42.04;3;8;1;Appl;;;;ЛОЖЬ;;;;;;;;;;;;;;;;;;Output;EPKS_UCB;FGS_551_1;512;;;;;;;;;;;;
M;394_396_2;;;;;AREA 6050-2-FL.GAS ALARM;;ЛОЖЬ;ЛОЖЬ;;396;;;;;;;0;;;;1460;ЛОЖЬ;0;;;;;;;0=ACTIVATED;;;;;;;Undefined;491;3428;;;;;;;;;;ЛОЖЬ;;;;;;;;;;;;;;;;;;;;;;;;;;;;;;;;;
M;2463_G;;;;;DCS Bit 1 (1=cmdSTOP);;ЛОЖЬ;ЛОЖЬ;;2463;;;;;;;0;;;;1677;ЛОЖЬ;0;;;;;;;;;;;;;;Undefined;491;3428;;;;;;;;;;ЛОЖЬ;;;;;;;;;;;;;;;;;;;;;;;;;;;;;;;;;
M;C482_2_J;;;;;Function block marker;;ЛОЖЬ;ЛОЖЬ;;482;;;;;;;0;;;;2752;ЛОЖЬ;0;;;;;;;;;;;;;;Undefined;491;3428;;;;;;;;;;ЛОЖЬ;;;;;;;;;;;;;;;;;;;;;;;;;;;;;;;;;
M;464_2;;;;;;;ЛОЖЬ;ЛОЖЬ;;464;;;;;;;0;;;;233;ЛОЖЬ;0;;;;;;;;;;;;;;Undefined;491;3428;;;;;;;;;;ЛОЖЬ;;;;;;;;;;;;;;;;;;;;;;;;;;;;;;;;;
DO;55GT103_B2;;COM;;;Bit 2;No;ЛОЖЬ;ЛОЖЬ;;462;;;;;;;0;;;;829;ЛОЖЬ;0;None;;;;;;;;;;;;;Undefined;491;3428;;;;;;;;;;ЛОЖЬ;;;;;;;;;;;;;;;;;;Output;EPKS_UCB;FGS_551_1;646;;;;;;;;;;;;
T;630_5;;;;;;;ЛОЖЬ;ЛОЖЬ;;630;;;;;;;;1 s;0;;56;ЛОЖЬ;0;;;;;;;;;;;;;;Undefined;491;3428;Delayed ON memorize with variable timer value;;;;;;;;;ЛОЖЬ;;;;;;;;;;;;;;;;;;;;;;;;;;;;;;;;;
M;C2404_2;;;;;Compiler marker (288, 60);;ЛОЖЬ;ЛОЖЬ;;2404;;;;;;;0;;;;1683;ЛОЖЬ;0;;;;;;;;;;;;;;Undefined;491;3428;;;;;;;;;;ЛОЖЬ;;;;;;;;;;;;;;;;;;;;;;;;;;;;;;;;;
DO;60HX547_MD;;COM;;;FAN MODE;No;ЛОЖЬ;ЛОЖЬ;;630;;;;;;;0;;;;1774;ЛОЖЬ;0;None;;;;;;1=AUTO;;;;;;;Undefined;491;3428;;;;;;;;;;ЛОЖЬ;;;;;;;;;;;;;;;;;;Output;EPKS_UCB;FGS_551_1;922;;;;;;;;;;;;
T;526_2;;;;;;;ЛОЖЬ;ЛОЖЬ;;526;;;;;;;;100 ms;10;;312;ЛОЖЬ;0;;;;;;;;;;;;;;Undefined;;;Delayed ON with constant timer value;;;;;;;;;ЛОЖЬ;ИСТИНА;;;;;;;;;;;;;;;;;;;;;;;;;;;;;;;;
M;686_696_2;;;;;60GT312_RR;;ЛОЖЬ;ЛОЖЬ;;696;;;;;;;0;;;;2199;ЛОЖЬ;0;;;;;;;1=READY;;;;;;;Undefined;491;3428;;;;;;;;;;ЛОЖЬ;;;;;;;;;;;;;;;;;;;;;;;;;;;;;;;;;
M;C462_2_H;;;;;Function block marker;;ЛОЖЬ;ЛОЖЬ;;462;;;;;;;0;;;;2818;ЛОЖЬ;0;;;;;;;;;;;;;;Undefined;491;3428;;;;;;;;;;ЛОЖЬ;;;;;;;;;;;;;;;;;;;;;;;;;;;;;;;;;
DI;60XS549C_P;;COM;;;Ready for start signal В11А;No;ЛОЖЬ;ИСТИНА;;634;;;;;;;0;;;;1549;ЛОЖЬ;0;None;;;;;;1=READY;;;;;;;Undefined;491;3428;;;;;;Low;;;;ЛОЖЬ;;;;ЛОЖЬ;;;;;;;;;;;;;;;;;;;;;;;;;;Input;C300_UCB;FGS_551_1;14
T;544_1;;;;;;;ЛОЖЬ;ЛОЖЬ;;544;;;;;;;;100 ms;10;;336;ЛОЖЬ;0;;;;;;;;;;;;;;Undefined;;;Delayed ON with constant timer value;;;;;;;;;ЛОЖЬ;ИСТИНА;;;;;;;;;;;;;;;;;;;;;;;;;;;;;;;;
DO;FGS_551_1.60XA603_2;;FSC;;;T.GD act. in 6050-2-GDAP-U,F,G lamp;Yes;ЛОЖЬ;ЛОЖЬ;;690;;;;;;;0;;;;1108;ЛОЖЬ;0;None;;;;;;1=NORMAL;;;;;;;Undefined;491;3428;;;;;;;;;;ЛОЖЬ;;;;;;Output;FGS_002_1;FGS_551_1;64;;;;;;;;;;;;;;;;;;;;;;;;
DO;IB551_FGS1_D2;;COM;672-20;;FORCE ACTIVE;No;ЛОЖЬ;ЛОЖЬ;;21;;;;;;;0;;;;296;ЛОЖЬ;0;None;;;;;;0=ACTIVE;;;;;;;Undefined;;;;;;;;;;;;ЛОЖЬ;ИСТИНА;;;;;;;;;;;;;;;;;Output;EPKS_UCB;FGS_551_1;466;;;;;;;;;;;;
M;2440_C;;;;;In 3 (0=Trip);;ЛОЖЬ;ЛОЖЬ;;2440;;;;;;;0;;;;1503;ЛОЖЬ;0;;;;;;;;;;;;;;Undefined;491;3428;;;;;;;;;;ЛОЖЬ;;;;;;;;;;;;;;;;;;;;;;;;;;;;;;;;;
M;374_850_1;;;;;AREA H-6052-FL.GAS ALARM;;ЛОЖЬ;ЛОЖЬ;;850;;;;;;;0;;;;2272;ЛОЖЬ;0;;;;;;;PULSE=ALARM;;;;;;;Undefined;491;3428;;;;;;;;;;ЛОЖЬ;;;;;;;;;;;;;;;;;;;;;;;;;;;;;;;;;
M;C660_1_C;;;;;Function block marker;;ЛОЖЬ;ЛОЖЬ;;660;;;;;;;0;;;;2379;ЛОЖЬ;0;;;;;;;;;;;;;;Undefined;491;3428;;;;;;;;;;ЛОЖЬ;;;;;;;;;;;;;;;;;;;;;;;;;;;;;;;;;
M;450_464_2;;;;;55HS201D;;ЛОЖЬ;ЛОЖЬ;;464;;;;;;;0;;;;1498;ЛОЖЬ;0;;;;;;;1=RESET;;;;;;;Undefined;491;3428;;;;;;;;;;ЛОЖЬ;;;;;;;;;;;;;;;;;;;;;;;;;;;;;;;;;
M;2406_E;;;;;0=HH ALARM;;ЛОЖЬ;ЛОЖЬ;;2406;;;;;;;0;;;;1354;ЛОЖЬ;0;;;;;;;;;;;;;;Undefined;491;3428;;;;;;;;;;ЛОЖЬ;;;;;;;;;;;;;;;;;;;;;;;;;;;;;;;;;
M;C2407_2;;;;;Compiler marker (288, 48);;ЛОЖЬ;ЛОЖЬ;;2407;;;;;;;0;;;;1032;ЛОЖЬ;0;;;;;;;;;;;;;;Undefined;491;3428;;;;;;;;;;ЛОЖЬ;;;;;;;;;;;;;;;;;;;;;;;;;;;;;;;;;
DI;60GT310_MOR;;COM;;;MO REQUEST;No;ЛОЖЬ;ИСТИНА;;662;;;;;;;0;;;;3467;ЛОЖЬ;0;None;;;;;;1=REQUEST;;;;;;;Undefined;491;3428;;;;;;Freeze;;;;ЛОЖЬ;;;;ЛОЖЬ;;;;;;;;;;;;;;Input;EPKS_UCB;FGS_551_1;12;;;;;;;;;;;;
M;462_2;;;;;;;ЛОЖЬ;ЛОЖЬ;;462;;;;;;;0;;;;403;ЛОЖЬ;0;;;;;;;;;;;;;;Undefined;;;;;;;;;;;;ЛОЖЬ;ИСТИНА;;;;;;;;;;;;;;;;;;;;;;;;;;;;;;;;
DO;55HX451OP_B0;;COM;;;Bit 0;No;ЛОЖЬ;ЛОЖЬ;;480;;;;;;;0;;;;1744;ЛОЖЬ;0;None;;;;;;;;;;;;;Undefined;491;3428;;;;;;;;;;ЛОЖЬ;;;;;;;;;;;;;;;;;;Output;EPKS_UCB;FGS_551_1;892;;;;;;;;;;;;
M;632_2;;;;;;;ЛОЖЬ;ЛОЖЬ;;632;;;;;;;0;;;;2051;ЛОЖЬ;0;;;;;;;;;;;;;;Undefined;491;3428;;;;;;;;;;ЛОЖЬ;;;;;;;;;;;;;;;;;;;;;;;;;;;;;;;;;
M;C530_4_E;;;;;Function block marker;;ЛОЖЬ;ЛОЖЬ;;530;;;;;;;0;;;;2640;ЛОЖЬ;0;;;;;;;;;;;;;;Undefined;491;3428;;;;;;;;;;ЛОЖЬ;;;;;;;;;;;;;;;;;;;;;;;;;;;;;;;;;
BI;42-Minute;;SYS;;;Minute;No;ЛОЖЬ;;;23;;Byte;;;;;;;;;6;;0;;;;;;;;;0;0;;;;-XXXXX.X;491;3428;;;;;;;;;;ЛОЖЬ;;;;;;;;;;;;;;;;;;;;;;;;;;;;;;;;;
M;680_688_2;;;;;60HS203D;;ЛОЖЬ;ЛОЖЬ;;688;;;;;;;0;;;;2206;ЛОЖЬ;0;;;;;;;1=RESET;;;;;;;Undefined;491;3428;;;;;;;;;;ЛОЖЬ;;;;;;;;;;;;;;;;;;;;;;;;;;;;;;;;;
DO;60GT313_B0;;COM;;;Bit 0;No;ЛОЖЬ;ЛОЖЬ;;688;;;;;;;0;;;;822;ЛОЖЬ;0;None;;;;;;;;;;;;;Undefined;491;3428;;;;;;;;;;ЛОЖЬ;;;;;;;;;;;;;;;;;;Output;EPKS_UCB;FGS_551_1;714;;;;;;;;;;;;
DO;55XY459D_B1;;COM;;;Bit 1;No;ЛОЖЬ;ЛОЖЬ;;472;;;;;;;0;;;;1728;ЛОЖЬ;0;None;;;;;;;;;;;;;Undefined;491;3428;;;;;;;;;;ЛОЖЬ;;;;;;;;;;;;;;;;;;Output;EPKS_UCB;FGS_551_1;876;;;;;;;;;;;;
M;C734_2_G;;;;;Function block marker;;ЛОЖЬ;ЛОЖЬ;;734;;;;;;;0;;;;375;ЛОЖЬ;0;;;;;;;;;;;;;;Undefined;;;;;;;;;;;;ЛОЖЬ;ИСТИНА;;;;;;;;;;;;;;;;;;;;;;;;;;;;;;;;
T;480_1;;;;;;;ЛОЖЬ;ЛОЖЬ;;480;;;;;;;;100 ms;50;;228;ЛОЖЬ;0;;;;;;;;;;;;;;Undefined;491;3428;Pulse retriggerable with constant timer value;;;;;;;;;ЛОЖЬ;;;;;;;;;;;;;;;;;;;;;;;;;;;;;;;;;
M;C370_2_E;;;;;Function block marker;;ЛОЖЬ;ЛОЖЬ;;370;;;;;;;0;;;;2870;ЛОЖЬ;0;;;;;;;;;;;;;;Undefined;491;3428;;;;;;;;;;ЛОЖЬ;;;;;;;;;;;;;;;;;;;;;;;;;;;;;;;;;
DI;55HS202A;;FLD;;;Тesting toxic gas presence beacon and Horn near V-5501;No;ИСТИНА;ЛОЖЬ;;508;;;;;;;;;;;59;ИСТИНА;58036;None;;;;;;1=ON;;;;;;;Undefined;491;3428;;42.03;9;4;1;Low;;Digital switch without loop monitoring;;ЛОЖЬ;;;;ЛОЖЬ;;;;;;;;;;;;;;Output;EPKS_UCB;FGS_551_1;436;;;;;;;;;;;;
DO;55HY459C_TF;;COM;;;CHANNEL OR LINE FAULT;No;ЛОЖЬ;ЛОЖЬ;;861;;;;;;;0;;;;452;ЛОЖЬ;0;None;;;;;;0=FAULT;;;;;;;Undefined;;;;;;;;;;;;ЛОЖЬ;ИСТИНА;;;;;;;;;;;;;;;;;Output;EPKS_UCB;FGS_551_1;966;;;;;;;;;;;;
M;340_552_1;;;;;Ack gas area 672-20;;ЛОЖЬ;ЛОЖЬ;;552;;;;;;;0;;;;1949;ЛОЖЬ;0;;;;;;;1=ACK;;;;;;;Undefined;491;3428;;;;;;;;;;ЛОЖЬ;;;;;;;;;;;;;;;;;;;;;;;;;;;;;;;;;
M;C2490_1;;;;;Compiler marker (176, 127);;ЛОЖЬ;ЛОЖЬ;;2490;;;;;;;0;;;;254;ЛОЖЬ;0;;;;;;;;;;;;;;Undefined;491;3428;;;;;;;;;;ЛОЖЬ;;;;;;;;;;;;;;;;;;;;;;;;;;;;;;;;;
M;C632_1_K;;;;;Function block marker;;ЛОЖЬ;ЛОЖЬ;;632;;;;;;;0;;;;2430;ЛОЖЬ;0;;;;;;;;;;;;;;Undefined;491;3428;;;;;;;;;;ЛОЖЬ;;;;;;;;;;;;;;;;;;;;;;;;;;;;;;;;;
BI;42-DayOfTheWeek;;SYS;;;Day of the week;No;ЛОЖЬ;;;0;;Byte;;;;;;;;;4;;0;;;;;;;;;0;0;;;;-XXXXX.X;491;3428;;;;;;;;;;ЛОЖЬ;;;;;;;;;;;;;;;;;;;;;;;;;;;;;;;;;
AI;61GT903;;FLD;;;H2S at ext. inst. 6100;Yes;ИСТИНА;ЛОЖЬ;;708;ЛОЖЬ;Long;0-20mA;0;3276;;;;;;128;ЛОЖЬ;58331;;None;None;None;None;;;;0;0;;;;-XXXXX.X;0;4095;;42.03;5;16;1;Bottom scale;;;;ЛОЖЬ;ИСТИНА;ЛОЖЬ;;;;;;;;;;;;;;;;Output;EPKS_UCB;FGS_551_1;11030;;;;;;;;;;;;
M;C692_2_E;;;;;Function block marker;;ЛОЖЬ;ЛОЖЬ;;692;;;;;;;0;;;;2310;ЛОЖЬ;0;;;;;;;;;;;;;;Undefined;491;3428;;;;;;;;;;ЛОЖЬ;;;;;;;;;;;;;;;;;;;;;;;;;;;;;;;;;
M;C484_2_1;;;;;Function block marker;;ЛОЖЬ;ЛОЖЬ;;484;;;;;;;0;;;;2735;ЛОЖЬ;0;;;;;;;;;;;;;;Undefined;491;3428;;;;;;;;;;ЛОЖЬ;;;;;;;;;;;;;;;;;;;;;;;;;;;;;;;;;
DO;60HX547OP_B1;;COM;;;Bit 1;No;ЛОЖЬ;ЛОЖЬ;;630;;;;;;;0;;;;1773;ЛОЖЬ;0;None;;;;;;;;;;;;;Undefined;491;3428;;;;;;;;;;ЛОЖЬ;;;;;;;;;;;;;;;;;;Output;EPKS_UCB;FGS_551_1;921;;;;;;;;;;;;
T;20_1;;;;;;;ЛОЖЬ;ЛОЖЬ;;20;;;;;;;;100 ms;30;;8;ЛОЖЬ;0;;;;;;;;;;;;;;Undefined;;;Delayed OFF with constant timer value;;;;;;;;;ЛОЖЬ;ИСТИНА;;;;;;;;;;;;;;;;;;;;;;;;;;;;;;;;
M;684_4;;;;;;;ЛОЖЬ;ЛОЖЬ;;684;;;;;;;0;;;;104;ЛОЖЬ;0;;;;;;;;;;;;;;Undefined;491;3428;;;;;;;;;;ЛОЖЬ;;;;;;;;;;;;;;;;;;;;;;;;;;;;;;;;;
M;C704_1_D;;;;;Function block marker;;ЛОЖЬ;ЛОЖЬ;;704;;;;;;;0;;;;80;ЛОЖЬ;0;;;;;;;;;;;;;;Undefined;;;;;;;;;;;;ЛОЖЬ;ИСТИНА;;;;;;;;;;;;;;;;;;;;;;;;;;;;;;;;
M;C570_2;;;;;Compiler marker (256, 85);;ЛОЖЬ;ЛОЖЬ;;570;;;;;;;0;;;;2288;ЛОЖЬ;0;;;;;;;;;;;;;;Undefined;491;3428;;;;;;;;;;ЛОЖЬ;;;;;;;;;;;;;;;;;;;;;;;;;;;;;;;;;
M;C564_1_C;;;;;Function block marker;;ЛОЖЬ;ЛОЖЬ;;564;;;;;;;0;;;;2574;ЛОЖЬ;0;;;;;;;;;;;;;;Undefined;491;3428;;;;;;;;;;ЛОЖЬ;;;;;;;;;;;;;;;;;;;;;;;;;;;;;;;;;
AI;60GT312;;FLD;;;H2S in air of outer installation 6050;Yes;ИСТИНА;ЛОЖЬ;;686;ЛОЖЬ;Long;0-20mA;0;3276;;;;;;44;ЛОЖЬ;58038;;None;None;None;None;;;;0;0;;;;-XXXXX.X;0;4095;;42.03;3;12;1;Bottom scale;;;;ЛОЖЬ;;ЛОЖЬ;;;;;;;;;;;;;;;;Output;EPKS_UCB;FGS_551_1;11069;;;;;;;;;;;;
M;450_460_2;;;;;55HS201D;;ЛОЖЬ;ЛОЖЬ;;460;;;;;;;0;;;;407;ЛОЖЬ;0;;;;;;;1=RESET;;;;;;;Undefined;;;;;;;;;;;;ЛОЖЬ;ИСТИНА;;;;;;;;;;;;;;;;;;;;;;;;;;;;;;;;
BI;42-Hour;;SYS;;;Hour;No;ЛОЖЬ;;;23;;Byte;;;;;;;;;5;;0;;;;;;;;;0;0;;;;-XXXXX.X;491;3428;;;;;;;;;;ЛОЖЬ;;;;;;;;;;;;;;;;;;;;;;;;;;;;;;;;;
DO;60GT109_B1;;COM;;;Bit 1;No;ЛОЖЬ;ЛОЖЬ;;582;;;;;;;0;;;;873;ЛОЖЬ;0;None;;;;;;;;;;;;;Undefined;491;3428;;;;;;;;;;ЛОЖЬ;;;;;;;;;;;;;;;;;;Output;EPKS_UCB;FGS_551_1;763;;;;;;;;;;;;
DI;42-ClockSrcFault3;;SYS;;;Clock source 3 fault;Yes;ЛОЖЬ;;;0;;;;;;;;;;;16;ЛОЖЬ;0;None;;;;;;1=NORMAL;;;;;;;Undefined;491;3428;;;;;;;;;;ЛОЖЬ;;;;ЛОЖЬ;;;;;;;;;;;;;;Output;EPKS_UCB;FGS_551_1;621;;;;;;;;;;;;
DO;60HY599G;;MCC;;;Start В12А;Yes;ИСТИНА;ЛОЖЬ;;636;;;;;;;0;;;;234;ИСТИНА;58039;None;;;;;;1=cmdSTART;;;;;;;Undefined;491;3428;;42.05;9;3;1;Appl;;;ИСТИНА;ЛОЖЬ;;;;;;;;;;;;;;;;;;Output;EPKS_UCB;FGS_551_1;571;;;;;;;;;;;;
DO;60GT103_MOC;;COM;;;MO CONFIRM;No;ЛОЖЬ;ЛОЖЬ;;544;;;;;;;0;;;;855;ИСТИНА;58245;None;;;;;;1=CONFIRMED;;;;;;;Undefined;491;3428;;;;;;;;;;ЛОЖЬ;;;;;;;;;;;;;;;;;;Output;EPKS_UCB;FGS_551_1;738;;;;;;;;;;;;
M;C662_3_D;;;;;Function block marker;;ЛОЖЬ;ЛОЖЬ;;662;;;;;;;0;;;;2373;ЛОЖЬ;0;;;;;;;;;;;;;;Undefined;491;3428;;;;;;;;;;ЛОЖЬ;;;;;;;;;;;;;;;;;;;;;;;;;;;;;;;;;
M;712_714_1;;;;;6100-T.GAS BEACON;;ЛОЖЬ;ЛОЖЬ;;714;;;;;;;0;;;;332;ЛОЖЬ;0;;;;;;;1=ON;;;;;;;Undefined;;;;;;;;;;;;ЛОЖЬ;ИСТИНА;;;;;;;;;;;;;;;;;;;;;;;;;;;;;;;;
DI;55HS203B;;FLD;;;Beacon testing and flammable gas Horn near F-5502;No;ИСТИНА;ЛОЖЬ;;336;;;;;;;;;;;62;ИСТИНА;58040;None;;;;;;1=ON;;;;;;;Undefined;491;3428;;42.03;9;7;1;Low;;Digital switch without loop monitoring;;ЛОЖЬ;;;;ЛОЖЬ;;;;;;;;;;;;;;Output;EPKS_UCB;FGS_551_1;439;;;;;;;;;;;;
DI;60XY555D_MOR;;COM;;;MO REQUEST;No;ЛОЖЬ;ИСТИНА;;622;;;;;;;0;;;;3525;ЛОЖЬ;0;None;;;;;;1=REQUEST;;;;;;;Undefined;491;3428;;;;;;Freeze;;;;ЛОЖЬ;;;;ЛОЖЬ;;;;;;;;;;;;;;Input;EPKS_UCB;FGS_551_1;70;;;;;;;;;;;;
DO;60HS205E_RR;;COM;;;READY TO RESET H-6052-FLAMMABLE GAS;No;ЛОЖЬ;ЛОЖЬ;;378;;;;;;;0;;;;1047;ИСТИНА;58281;None;;;;;;1=READY;;;;;;;Undefined;491;3428;;;;;;;;;;ЛОЖЬ;;;;;;;;;;;;;;;;;;Output;EPKS_UCB;FGS_551_1;811;;;;;;;;;;;;
M;334_336_1;;;;;AREA 5500-2-FL.GAS ALARM;;ЛОЖЬ;ЛОЖЬ;;336;;;;;;;0;;;;1385;ЛОЖЬ;0;;;;;;;PULSE=ALARM;;;;;;;Undefined;491;3428;;;;;;;;;;ЛОЖЬ;;;;;;;;;;;;;;;;;;;;;;;;;;;;;;;;;
M;710_712_1;;;;;AREA 6100-T.GAS ALARM;;ЛОЖЬ;ЛОЖЬ;;712;;;;;;;0;;;;280;ЛОЖЬ;0;;;;;;;PULSE=ALARM;;;;;;;Undefined;;;;;;;;;;;;ЛОЖЬ;ИСТИНА;;;;;;;;;;;;;;;;;;;;;;;;;;;;;;;;
M;C632_1_O;;;;;Function block marker;;ЛОЖЬ;ЛОЖЬ;;632;;;;;;;0;;;;2434;ЛОЖЬ;0;;;;;;;;;;;;;;Undefined;491;3428;;;;;;;;;;ЛОЖЬ;;;;;;;;;;;;;;;;;;;;;;;;;;;;;;;;;
M;610_616_5;;;;;60GA307_FL;;ЛОЖЬ;ЛОЖЬ;;616;;;;;;;0;;;;434;ЛОЖЬ;0;;;;;;;0=ACTIVATED;;;;;;;Undefined;;;;;;;;;;;;ЛОЖЬ;ИСТИНА;;;;;;;;;;;;;;;;;;;;;;;;;;;;;;;;
M;C316_4_F;;;;;Function block marker;;ЛОЖЬ;ЛОЖЬ;;316;;;;;;;0;;;;2913;ЛОЖЬ;0;;;;;;;;;;;;;;Undefined;491;3428;;;;;;;;;;ЛОЖЬ;;;;;;;;;;;;;;;;;;;;;;;;;;;;;;;;;
M;C636_1_R;;;;;Function block marker;;ЛОЖЬ;ЛОЖЬ;;636;;;;;;;0;;;;2395;ЛОЖЬ;0;;;;;;;;;;;;;;Undefined;491;3428;;;;;;;;;;ЛОЖЬ;;;;;;;;;;;;;;;;;;;;;;;;;;;;;;;;;
T;688_1;;;;;;;ЛОЖЬ;ЛОЖЬ;;688;;;;;;;;100 ms;10;;504;ЛОЖЬ;0;;;;;;;;;;;;;;Undefined;;;Delayed ON with constant timer value;;;;;;;;;ЛОЖЬ;ИСТИНА;;;;;;;;;;;;;;;;;;;;;;;;;;;;;;;;
DO;60GT312_MOC;;COM;;;MO CONFIRM;No;ЛОЖЬ;ЛОЖЬ;;686;;;;;;;0;;;;815;ИСТИНА;58234;None;;;;;;1=CONFIRMED;;;;;;;Undefined;491;3428;;;;;;;;;;ЛОЖЬ;;;;;;;;;;;;;;;;;;Output;EPKS_UCB;FGS_551_1;712;;;;;;;;;;;;
M;312_4;;;;;;;ЛОЖЬ;ЛОЖЬ;;312;;;;;;;0;;;;1356;ЛОЖЬ;0;;;;;;;;;;;;;;Undefined;491;3428;;;;;;;;;;ЛОЖЬ;;;;;;;;;;;;;;;;;;;;;;;;;;;;;;;;;
M;636_6;;;;;;;ЛОЖЬ;ЛОЖЬ;;636;;;;;;;0;;;;2054;ЛОЖЬ;0;;;;;;;;;;;;;;Undefined;491;3428;;;;;;;;;;ЛОЖЬ;;;;;;;;;;;;;;;;;;;;;;;;;;;;;;;;;
DO;FGS_551_1.60XA608_1;;FSC;;;Fl.GD act. in H-6052-GDAP-U,F,G lamp;Yes;ЛОЖЬ;ЛОЖЬ;;374;;;;;;;0;;;;1119;ЛОЖЬ;0;None;;;;;;PULSE=ALARM;;;;;;;Undefined;491;3428;;;;;;;;;;ЛОЖЬ;;;;;;Output;FGS_002_1;FGS_551_1;54;;;;;;;;;;;;;;;;;;;;;;;;
DO;60XA205F3;;FLD;;;Beacon Near H-6052;Yes;ИСТИНА;ЛОЖЬ;;376;;;;;;;0;;;;105;ИСТИНА;58041;None;;;;;;1=ON;;;;;;;Undefined;491;3428;;42.04;13;2;1;Appl;;;;ЛОЖЬ;;;;;;;;;;;;;;;;;;Output;EPKS_UCB;FGS_551_1;546;;;;;;;;;;;;
DO;55XA202F4;;FLD;;;Horn near V-5501;Yes;ИСТИНА;ЛОЖЬ;;316;;;;;;;0;;;;12;ИСТИНА;58042;None;;;;;;1=ON;;;;;;;Undefined;491;3428;;42.04;1;5;1;Appl;;;;ЛОЖЬ;;;;;;;;;;;;;;;;;;Output;EPKS_UCB;FGS_551_1;501;;;;;;;;;;;;
M;C312_1_E;;;;;Function block marker;;ЛОЖЬ;ЛОЖЬ;;312;;;;;;;0;;;;2918;ЛОЖЬ;0;;;;;;;;;;;;;;Undefined;491;3428;;;;;;;;;;ЛОЖЬ;;;;;;;;;;;;;;;;;;;;;;;;;;;;;;;;;
M;C734_1_D;;;;;Function block marker;;ЛОЖЬ;ЛОЖЬ;;734;;;;;;;0;;;;365;ЛОЖЬ;0;;;;;;;;;;;;;;Undefined;;;;;;;;;;;;ЛОЖЬ;ИСТИНА;;;;;;;;;;;;;;;;;;;;;;;;;;;;;;;;
DO;55GT109_B0;;COM;;;Bit 0;No;ЛОЖЬ;ЛОЖЬ;;310;;;;;;;0;;;;887;ЛОЖЬ;0;None;;;;;;;;;;;;;Undefined;491;3428;;;;;;;;;;ЛОЖЬ;;;;;;;;;;;;;;;;;;Output;EPKS_UCB;FGS_551_1;773;;;;;;;;;;;;
M;C688_3_C;;;;;Function block marker;;ЛОЖЬ;ЛОЖЬ;;688;;;;;;;0;;;;2318;ЛОЖЬ;0;;;;;;;;;;;;;;Undefined;491;3428;;;;;;;;;;ЛОЖЬ;;;;;;;;;;;;;;;;;;;;;;;;;;;;;;;;;
M;710_2;;;;;;;ЛОЖЬ;ЛОЖЬ;;710;;;;;;;0;;;;284;ЛОЖЬ;0;;;;;;;;;;;;;;Undefined;;;;;;;;;;;;ЛОЖЬ;ИСТИНА;;;;;;;;;;;;;;;;;;;;;;;;;;;;;;;;
DI;55HS452B;;COM;;;DCS STOP;No;ЛОЖЬ;ИСТИНА;;482;;;;;;;0;;;;3529;ЛОЖЬ;0;None;;;;;;1=DCScmdSTOP;;;;;;;Undefined;491;3428;;;;;;Low;;;;ЛОЖЬ;;;;ЛОЖЬ;;;;;;;;;;;;;;Input;EPKS_UCB;FGS_551_1;74;;;;;;;;;;;;
M;C372_1_B;;;;;Function block marker;;ЛОЖЬ;ЛОЖЬ;;372;;;;;;;0;;;;2857;ЛОЖЬ;0;;;;;;;;;;;;;;Undefined;491;3428;;;;;;;;;;ЛОЖЬ;;;;;;;;;;;;;;;;;;;;;;;;;;;;;;;;;
M;C484_1_P;;;;;Function block marker;;ЛОЖЬ;ЛОЖЬ;;484;;;;;;;0;;;;2724;ЛОЖЬ;0;;;;;;;;;;;;;;Undefined;491;3428;;;;;;;;;;ЛОЖЬ;;;;;;;;;;;;;;;;;;;;;;;;;;;;;;;;;
DI;60HS549A;;COM;;;DCS START;No;ЛОЖЬ;ИСТИНА;;634;;;;;;;0;;;;3538;ЛОЖЬ;0;None;;;;;;1=DCScmdSTART;;;;;;;Undefined;491;3428;;;;;;Low;;;;ЛОЖЬ;;;;ЛОЖЬ;;;;;;;;;;;;;;Input;EPKS_UCB;FGS_551_1;83;;;;;;;;;;;;
M;850_1000_1;;;;;AREA 672-20 FL GAS;;ЛОЖЬ;ЛОЖЬ;;1000;;;;;;;0;;;;57;ЛОЖЬ;0;;;;;;;PULSE-ALARM;;;;;;;Undefined;;;;;;;;;;;;ЛОЖЬ;ИСТИНА;;;;;;;;;;;;;;;;;;;;;;;;;;;;;;;;
M;C480_2_1;;;;;Function block marker;;ЛОЖЬ;ЛОЖЬ;;480;;;;;;;0;;;;2777;ЛОЖЬ;0;;;;;;;;;;;;;;Undefined;491;3428;;;;;;;;;;ЛОЖЬ;;;;;;;;;;;;;;;;;;;;;;;;;;;;;;;;;
M;526_528_3;;;;;55GA108_FL;;ЛОЖЬ;ЛОЖЬ;;528;;;;;;;0;;;;1900;ЛОЖЬ;0;;;;;;;0=ACTIVATED;;;;;;;Undefined;491;3428;;;;;;;;;;ЛОЖЬ;;;;;;;;;;;;;;;;;;;;;;;;;;;;;;;;;
M;2440_B;;;;;In 2 (0=Trip);;ЛОЖЬ;ЛОЖЬ;;2440;;;;;;;0;;;;1513;ЛОЖЬ;0;;;;;;;;;;;;;;Undefined;491;3428;;;;;;;;;;ЛОЖЬ;;;;;;;;;;;;;;;;;;;;;;;;;;;;;;;;;
DO;60GT106_B0;;COM;;;Bit 0;No;ЛОЖЬ;ЛОЖЬ;;564;;;;;;;0;;;;862;ЛОЖЬ;0;None;;;;;;;;;;;;;Undefined;491;3428;;;;;;;;;;ЛОЖЬ;;;;;;;;;;;;;;;;;;Output;EPKS_UCB;FGS_551_1;746;;;;;;;;;;;;
DI;55GT107_MOR;;COM;;;MO REQUEST;No;ЛОЖЬ;ИСТИНА;;524;;;;;;;0;;;;3463;ЛОЖЬ;0;None;;;;;;1=REQUEST;;;;;;;Undefined;491;3428;;;;;;Freeze;;;;ЛОЖЬ;;;;ЛОЖЬ;;;;;;;;;;;;;;Input;EPKS_UCB;FGS_551_1;8;;;;;;;;;;;;
M;572_20;;;;;;;ЛОЖЬ;ЛОЖЬ;;572;;;;;;;0;;;;1987;ЛОЖЬ;0;;;;;;;;;;;;;;Undefined;491;3428;;;;;;;;;;ЛОЖЬ;;;;;;;;;;;;;;;;;;;;;;;;;;;;;;;;;
T;2463_1;;;;;;;ЛОЖЬ;ЛОЖЬ;;2463;;;;;;;;100 ms;50;;212;ЛОЖЬ;0;;;;;;;;;;;;;;Undefined;491;3428;Pulse retriggerable with constant timer value;;;;;;;;;ЛОЖЬ;;;;;;;;;;;;;;;;;;;;;;;;;;;;;;;;;
M;C614_2_H;;;;;Function block marker;;ЛОЖЬ;ЛОЖЬ;;614;;;;;;;0;;;;2497;ЛОЖЬ;0;;;;;;;;;;;;;;Undefined;491;3428;;;;;;;;;;ЛОЖЬ;;;;;;;;;;;;;;;;;;;;;;;;;;;;;;;;;
M;564_4;;;;;;;ЛОЖЬ;ЛОЖЬ;;564;;;;;;;0;;;;627;ЛОЖЬ;0;;;;;;;;;;;;;;Undefined;491;3428;;;;;;;;;;ЛОЖЬ;;;;;;;;;;;;;;;;;;;;;;;;;;;;;;;;;
M;C486_1_P;;;;;Function block marker;;ЛОЖЬ;ЛОЖЬ;;486;;;;;;;0;;;;2703;ЛОЖЬ;0;;;;;;;;;;;;;;Undefined;491;3428;;;;;;;;;;ЛОЖЬ;;;;;;;;;;;;;;;;;;;;;;;;;;;;;;;;;
T;2463_2;;;;;;;ЛОЖЬ;ЛОЖЬ;;2463;;;;;;;;100 ms;50;;232;ЛОЖЬ;0;;;;;;;;;;;;;;Undefined;491;3428;Pulse retriggerable with constant timer value;;;;;;;;;ЛОЖЬ;;;;;;;;;;;;;;;;;;;;;;;;;;;;;;;;;
DO;60GT303_MOC;;COM;;;MO CONFIRM;No;ЛОЖЬ;ЛОЖЬ;;584;;;;;;;0;;;;880;ИСТИНА;58259;None;;;;;;1=CONFIRMED;;;;;;;Undefined;491;3428;;;;;;;;;;ЛОЖЬ;;;;;;;;;;;;;;;;;;Output;EPKS_UCB;FGS_551_1;770;;;;;;;;;;;;
M;C734_3_D;;;;;Function block marker;;ЛОЖЬ;ЛОЖЬ;;734;;;;;;;0;;;;373;ЛОЖЬ;0;;;;;;;;;;;;;;Undefined;;;;;;;;;;;;ЛОЖЬ;ИСТИНА;;;;;;;;;;;;;;;;;;;;;;;;;;;;;;;;
M;2490_B;;;;;      ????;;ЛОЖЬ;ЛОЖЬ;;2490;;;;;;;0;;;;331;ЛОЖЬ;0;;;;;;;;;;;;;;Undefined;;;;;;;;;;;;ЛОЖЬ;ИСТИНА;;;;;;;;;;;;;;;;;;;;;;;;;;;;;;;;
AI;55GT106;;FLD;;;H2S on outer installation 5500;Yes;ИСТИНА;ЛОЖЬ;;522;ЛОЖЬ;Long;0-20mA;0;3276;;;;;;16;ЛОЖЬ;58043;;None;None;None;None;;;;0;0;;;;-XXXXX.X;0;4095;;42.03;3;5;1;Bottom scale;;;;ЛОЖЬ;;ЛОЖЬ;;;;;;;;;;;;;;;;Output;EPKS_UCB;FGS_551_1;11041;;;;;;;;;;;;
R;2405_A;;;;;INPUT SIGNAL;;ЛОЖЬ;ЛОЖЬ;;2405;;Long;;;;;0;;;;1132;ЛОЖЬ;0;;;;;;;;;;;;;;Undefined;491;3428;;;;;;;;;;ЛОЖЬ;;;;;;;;;;;;;;;;;;;;;;;;;;;;;;;;;
M;632_9;;;;;;;ЛОЖЬ;ЛОЖЬ;;632;;;;;;;0;;;;1322;ЛОЖЬ;0;;;;;;;;;;;;;;Undefined;491;3428;;;;;;;;;;ЛОЖЬ;;;;;;;;;;;;;;;;;;;;;;;;;;;;;;;;;
M;526_5;;;;;;;ЛОЖЬ;ЛОЖЬ;;526;;;;;;;0;;;;228;ЛОЖЬ;0;;;;;;;;;;;;;;Undefined;491;3428;;;;;;;;;;ЛОЖЬ;;;;;;;;;;;;;;;;;;;;;;;;;;;;;;;;;
M;480_8;;;;;;;ЛОЖЬ;ЛОЖЬ;;480;;;;;;;0;;;;1535;ЛОЖЬ;0;;;;;;;;;;;;;;Undefined;491;3428;;;;;;;;;;ЛОЖЬ;;;;;;;;;;;;;;;;;;;;;;;;;;;;;;;;;
M;C370_1_D;;;;;Function block marker;;ЛОЖЬ;ЛОЖЬ;;370;;;;;;;0;;;;2873;ЛОЖЬ;0;;;;;;;;;;;;;;Undefined;491;3428;;;;;;;;;;ЛОЖЬ;;;;;;;;;;;;;;;;;;;;;;;;;;;;;;;;;
DO;55GT109_MOC;;COM;;;MO CONFIRM;No;ЛОЖЬ;ЛОЖЬ;;310;;;;;;;0;;;;890;ИСТИНА;58262;None;;;;;;1=CONFIRMED;;;;;;;Undefined;491;3428;;;;;;;;;;ЛОЖЬ;;;;;;;;;;;;;;;;;;Output;EPKS_UCB;FGS_551_1;776;;;;;;;;;;;;
M;C544_1_B;;;;;Function block marker;;ЛОЖЬ;ЛОЖЬ;;544;;;;;;;0;;;;2621;ЛОЖЬ;0;;;;;;;;;;;;;;Undefined;491;3428;;;;;;;;;;ЛОЖЬ;;;;;;;;;;;;;;;;;;;;;;;;;;;;;;;;;
M;690_854_7;;;;;AREA 6050-2-T.GAS ALARM;;ЛОЖЬ;ЛОЖЬ;;854;;;;;;;0;;;;2293;ЛОЖЬ;0;;;;;;;0=ACTIVATED;;;;;;;Undefined;491;3428;;;;;;;;;;ЛОЖЬ;;;;;;;;;;;;;;;;;;;;;;;;;;;;;;;;;
M;552_12;;;;;;;ЛОЖЬ;ЛОЖЬ;;552;;;;;;;0;;;;1948;ЛОЖЬ;0;;;;;;;;;;;;;;Undefined;491;3428;;;;;;;;;;ЛОЖЬ;;;;;;;;;;;;;;;;;;;;;;;;;;;;;;;;;
DO;FGS_551_1_F4;;COM;;;Common Utility;No;ЛОЖЬ;ЛОЖЬ;;22;;;;;;;1;;;;755;ИСТИНА;58204;None;;;;;;1=NORMAL;;;;;;;Undefined;491;3428;;;;;;;;;;ЛОЖЬ;;;;;;;;;;;;;;;;;;Output;EPKS_UCB;FGS_551_1;637;;;;;;;;;;;;
M;C612_1_C;;;;;Function block marker;;ЛОЖЬ;ЛОЖЬ;;612;;;;;;;0;;;;2502;ЛОЖЬ;0;;;;;;;;;;;;;;Undefined;491;3428;;;;;;;;;;ЛОЖЬ;;;;;;;;;;;;;;;;;;;;;;;;;;;;;;;;;
M;C552_2_E;;;;;Function block marker;;ЛОЖЬ;ЛОЖЬ;;552;;;;;;;0;;;;2596;ЛОЖЬ;0;;;;;;;;;;;;;;Undefined;491;3428;;;;;;;;;;ЛОЖЬ;;;;;;;;;;;;;;;;;;;;;;;;;;;;;;;;;
M;C370_1_C;;;;;Function block marker;;ЛОЖЬ;ЛОЖЬ;;370;;;;;;;0;;;;2872;ЛОЖЬ;0;;;;;;;;;;;;;;Undefined;491;3428;;;;;;;;;;ЛОЖЬ;;;;;;;;;;;;;;;;;;;;;;;;;;;;;;;;;
AI;60GT105;;FLD;;;H2S at ext. inst. 6000;Yes;ИСТИНА;ЛОЖЬ;;548;ЛОЖЬ;Long;0-20mA;0;3276;;;;;;84;ЛОЖЬ;58044;;None;None;None;None;;;;0;0;;;;-XXXXX.X;0;4095;;42.03;5;5;1;Bottom scale;;;;ЛОЖЬ;;ЛОЖЬ;;;;;;;;;;;;;;;;Output;EPKS_UCB;FGS_551_1;11105;;;;;;;;;;;;
M;C330_2_B;;;;;Function block marker;;ЛОЖЬ;ЛОЖЬ;;330;;;;;;;0;;;;2902;ЛОЖЬ;0;;;;;;;;;;;;;;Undefined;491;3428;;;;;;;;;;ЛОЖЬ;;;;;;;;;;;;;;;;;;;;;;;;;;;;;;;;;
M;360_588_1;;;;;Ack gas area 672-20;;ЛОЖЬ;ЛОЖЬ;;588;;;;;;;0;;;;2025;ЛОЖЬ;0;;;;;;;1=ACK;;;;;;;Undefined;491;3428;;;;;;;;;;ЛОЖЬ;;;;;;;;;;;;;;;;;;;;;;;;;;;;;;;;;
M;C524_3_C;;;;;Function block marker;;ЛОЖЬ;ЛОЖЬ;;524;;;;;;;0;;;;2659;ЛОЖЬ;0;;;;;;;;;;;;;;Undefined;491;3428;;;;;;;;;;ЛОЖЬ;;;;;;;;;;;;;;;;;;;;;;;;;;;;;;;;;
M;C350_1_D;;;;;Function block marker;;ЛОЖЬ;ЛОЖЬ;;350;;;;;;;0;;;;2881;ЛОЖЬ;0;;;;;;;;;;;;;;Undefined;491;3428;;;;;;;;;;ЛОЖЬ;;;;;;;;;;;;;;;;;;;;;;;;;;;;;;;;;
M;484_11;;;;;;;ЛОЖЬ;ЛОЖЬ;;484;;;;;;;0;;;;1823;ЛОЖЬ;0;;;;;;;;;;;;;;Undefined;491;3428;;;;;;;;;;ЛОЖЬ;;;;;;;;;;;;;;;;;;;;;;;;;;;;;;;;;
DO;55XA202F3;;FLD;;;Beacon near V-5501;Yes;ИСТИНА;ЛОЖЬ;;316;;;;;;;0;;;;76;ИСТИНА;58046;None;;;;;;1=ON;;;;;;;Undefined;491;3428;;42.04;9;5;1;Appl;;;;ЛОЖЬ;;;;;;;;;;;;;;;;;;Output;EPKS_UCB;FGS_551_1;533;;;;;;;;;;;;
DO;55HS202E_RR;;COM;;;READY TO RESET 5500-1-FLAMMABLE GAS;No;ЛОЖЬ;ЛОЖЬ;;318;;;;;;;0;;;;1043;ИСТИНА;58261;None;;;;;;1=READY;;;;;;;Undefined;491;3428;;;;;;;;;;ЛОЖЬ;;;;;;;;;;;;;;;;;;Output;EPKS_UCB;FGS_551_1;772;;;;;;;;;;;;
DO;55XA203T2;;FLD;;;Horn Near F-5502;Yes;ИСТИНА;ЛОЖЬ;;530;;;;;;;0;;;;13;ИСТИНА;58047;None;;;;;;1=ON;;;;;;;Undefined;491;3428;;42.04;1;6;1;Appl;;;;ЛОЖЬ;;;;;;;;;;;;;;;;;;Output;EPKS_UCB;FGS_551_1;502;;;;;;;;;;;;
M;688_690_3;;;;;60GA313_FL;;ЛОЖЬ;ЛОЖЬ;;690;;;;;;;0;;;;2227;ЛОЖЬ;0;;;;;;;0=ACTIVATED;;;;;;;Undefined;491;3428;;;;;;;;;;ЛОЖЬ;;;;;;;;;;;;;;;;;;;;;;;;;;;;;;;;;
DO;60HX549AL_B0;;COM;;;Bit 0;No;ЛОЖЬ;ЛОЖЬ;;634;;;;;;;0;;;;1789;ЛОЖЬ;0;None;;;;;;;;;;;;;Undefined;491;3428;;;;;;;;;;ЛОЖЬ;;;;;;;;;;;;;;;;;;Output;EPKS_UCB;FGS_551_1;937;;;;;;;;;;;;
M;662_666_3;;;;;60GA310_FL;;ЛОЖЬ;ЛОЖЬ;;666;;;;;;;0;;;;2161;ЛОЖЬ;0;;;;;;;0=ACTIVATED;;;;;;;Undefined;491;3428;;;;;;;;;;ЛОЖЬ;;;;;;;;;;;;;;;;;;;;;;;;;;;;;;;;;
T;686_1;;;;;;;ЛОЖЬ;ЛОЖЬ;;686;;;;;;;;100 ms;10;;524;ЛОЖЬ;0;;;;;;;;;;;;;;Undefined;;;Delayed ON with constant timer value;;;;;;;;;ЛОЖЬ;ИСТИНА;;;;;;;;;;;;;;;;;;;;;;;;;;;;;;;;
M;C484_2_K;;;;;Function block marker;;ЛОЖЬ;ЛОЖЬ;;484;;;;;;;0;;;;2732;ЛОЖЬ;0;;;;;;;;;;;;;;Undefined;491;3428;;;;;;;;;;ЛОЖЬ;;;;;;;;;;;;;;;;;;;;;;;;;;;;;;;;;
M;600_612_2;;;;;60HS202D;;ЛОЖЬ;ЛОЖЬ;;612;;;;;;;0;;;;428;ЛОЖЬ;0;;;;;;;1=RESET;;;;;;;Undefined;;;;;;;;;;;;ЛОЖЬ;ИСТИНА;;;;;;;;;;;;;;;;;;;;;;;;;;;;;;;;
M;314_316_1;;;;;AREA 5500-1-FL.GAS ALARM;;ЛОЖЬ;ЛОЖЬ;;316;;;;;;;0;;;;1337;ЛОЖЬ;0;;;;;;;PULSE=ALARM;;;;;;;Undefined;491;3428;;;;;;;;;;ЛОЖЬ;;;;;;;;;;;;;;;;;;;;;;;;;;;;;;;;;
M;C2406_5;;;;;Compiler marker (381, 210);;ЛОЖЬ;ЛОЖЬ;;2406;;;;;;;0;;;;1404;ЛОЖЬ;0;;;;;;;;;;;;;;Undefined;491;3428;;;;;;;;;;ЛОЖЬ;;;;;;;;;;;;;;;;;;;;;;;;;;;;;;;;;
DI;00XS551G01TMP;;CAB;;;IB55-1 COMM. ALARM FGS-01 TEMP SWITCH;Yes;ИСТИНА;ЛОЖЬ;;22;;;;;;;;;;;4;ИСТИНА;58178;None;;;;;;1=NORMAL;;;;;;;Undefined;491;3428;;42.03;1;13;1;Low;;;;ЛОЖЬ;;;;ЛОЖЬ;;;;;;;;;;;;;;Output;EPKS_UCB;FGS_551_1;429;;;;;;;;;;;;
M;C350_4_A;;;;;Compiler marker;;ЛОЖЬ;ЛОЖЬ;;350;;;;;;;0;;;;2552;ЛОЖЬ;0;;;;;;;;;;;;;;Undefined;491;3428;;;;;;;;;;ЛОЖЬ;;;;;;;;;;;;;;;;;;;;;;;;;;;;;;;;;
M;544_5;;;;;;;ЛОЖЬ;ЛОЖЬ;;544;;;;;;;0;;;;226;ЛОЖЬ;0;;;;;;;;;;;;;;Undefined;491;3428;;;;;;;;;;ЛОЖЬ;;;;;;;;;;;;;;;;;;;;;;;;;;;;;;;;;
M;C610_2_G;;;;;Function block marker;;ЛОЖЬ;ЛОЖЬ;;610;;;;;;;0;;;;2517;ЛОЖЬ;0;;;;;;;;;;;;;;Undefined;491;3428;;;;;;;;;;ЛОЖЬ;;;;;;;;;;;;;;;;;;;;;;;;;;;;;;;;;
M;688_5;;;;;;;ЛОЖЬ;ЛОЖЬ;;688;;;;;;;0;;;;208;ЛОЖЬ;0;;;;;;;;;;;;;;Undefined;491;3428;;;;;;;;;;ЛОЖЬ;;;;;;;;;;;;;;;;;;;;;;;;;;;;;;;;;
M;C704_1_E;;;;;Function block marker;;ЛОЖЬ;ЛОЖЬ;;704;;;;;;;0;;;;81;ЛОЖЬ;0;;;;;;;;;;;;;;Undefined;;;;;;;;;;;;ЛОЖЬ;ИСТИНА;;;;;;;;;;;;;;;;;;;;;;;;;;;;;;;;
M;C310_1_D;;;;;Function block marker;;ЛОЖЬ;ЛОЖЬ;;310;;;;;;;0;;;;2931;ЛОЖЬ;0;;;;;;;;;;;;;;Undefined;491;3428;;;;;;;;;;ЛОЖЬ;;;;;;;;;;;;;;;;;;;;;;;;;;;;;;;;;
M;C472_1_D;;;;;Function block marker;;ЛОЖЬ;ЛОЖЬ;;472;;;;;;;0;;;;2791;ЛОЖЬ;0;;;;;;;;;;;;;;Undefined;491;3428;;;;;;;;;;ЛОЖЬ;;;;;;;;;;;;;;;;;;;;;;;;;;;;;;;;;
M;C568_2_G;;;;;Function block marker;;ЛОЖЬ;ЛОЖЬ;;568;;;;;;;0;;;;2561;ЛОЖЬ;0;;;;;;;;;;;;;;Undefined;491;3428;;;;;;;;;;ЛОЖЬ;;;;;;;;;;;;;;;;;;;;;;;;;;;;;;;;;
DI;EFM 42.06/3/17;;SYS;;;;Yes;ЛОЖЬ;;;12;;;;;;;;;;;136;ЛОЖЬ;0;None;;;;;;;;;;;;;Undefined;491;3428;;42.06;3;17;1;Undefined;;No input device;;ЛОЖЬ;;;;ЛОЖЬ;;;;;;;;;;;;;;;;;;;;;;;;;;;;;
M;630_11;;;;;;;ЛОЖЬ;ЛОЖЬ;;630;;;;;;;0;;;;2117;ЛОЖЬ;0;;;;;;;;;;;;;;Undefined;491;3428;;;;;;;;;;ЛОЖЬ;;;;;;;;;;;;;;;;;;;;;;;;;;;;;;;;;
AI;55GT112;;FLD;;;C4H10 on outer installation 5500;Yes;ИСТИНА;ЛОЖЬ;;332;ЛОЖЬ;Long;0-20mA;0;3276;;;;;;148;ЛОЖЬ;58048;;None;None;None;None;;;;0;0;;;;-XXXXX.X;0;4095;;42.03;7;4;1;Bottom scale;;;;ЛОЖЬ;;ЛОЖЬ;;;;;;;;;;;;;;;;Output;EPKS_UCB;FGS_551_1;11165;;;;;;;;;;;;
DO;60HX548AL_B1;;COM;;;Bit 1;No;ЛОЖЬ;ЛОЖЬ;;632;;;;;;;0;;;;1783;ЛОЖЬ;0;None;;;;;;;;;;;;;Undefined;491;3428;;;;;;;;;;ЛОЖЬ;;;;;;;;;;;;;;;;;;Output;EPKS_UCB;FGS_551_1;931;;;;;;;;;;;;
M;C376_4_F;;;;;Function block marker;;ЛОЖЬ;ЛОЖЬ;;376;;;;;;;0;;;;2855;ЛОЖЬ;0;;;;;;;;;;;;;;Undefined;491;3428;;;;;;;;;;ЛОЖЬ;;;;;;;;;;;;;;;;;;;;;;;;;;;;;;;;;
M;C392_2_C;;;;;Function block marker;;ЛОЖЬ;ЛОЖЬ;;392;;;;;;;0;;;;2835;ЛОЖЬ;0;;;;;;;;;;;;;;Undefined;491;3428;;;;;;;;;;ЛОЖЬ;;;;;;;;;;;;;;;;;;;;;;;;;;;;;;;;;
DI;60HS206D;;COM;;;RESET 6000-2-TOXIC GAS;No;ЛОЖЬ;ИСТИНА;;560;;;;;;;0;;;;3479;ИСТИНА;58181;None;;;;;;1=RESET;;;;;;;Undefined;491;3428;;;;;;Low;;;;ЛОЖЬ;;;;ЛОЖЬ;;;;;;;;;;;;;;Input;EPKS_UCB;FGS_551_1;24;;;;;;;;;;;;
M;486_11;;;;;;;ЛОЖЬ;ЛОЖЬ;;486;;;;;;;0;;;;1848;ЛОЖЬ;0;;;;;;;;;;;;;;Undefined;491;3428;;;;;;;;;;ЛОЖЬ;;;;;;;;;;;;;;;;;;;;;;;;;;;;;;;;;
M;C372_2_F;;;;;Function block marker;;ЛОЖЬ;ЛОЖЬ;;372;;;;;;;0;;;;2864;ЛОЖЬ;0;;;;;;;;;;;;;;Undefined;491;3428;;;;;;;;;;ЛОЖЬ;;;;;;;;;;;;;;;;;;;;;;;;;;;;;;;;;
M;C634_2_4;;;;;Function block marker;;ЛОЖЬ;ЛОЖЬ;;634;;;;;;;0;;;;2428;ЛОЖЬ;0;;;;;;;;;;;;;;Undefined;491;3428;;;;;;;;;;ЛОЖЬ;;;;;;;;;;;;;;;;;;;;;;;;;;;;;;;;;
DO;61XY801;;FLD;;;Horn near C6 6100;Yes;ИСТИНА;ЛОЖЬ;;714;;;;;;;0;;;;120;ИСТИНА;58339;None;;;;;;1=ON;;;;;;;Undefined;;;;42.06;5;1;1;Appl;;;;ЛОЖЬ;ИСТИНА;;;;;;;;;;;;;;;;;Output;EPKS_UCB;FGS_551_1;521;;;;;;;;;;;;
T;708_1;;;;;;;ЛОЖЬ;ЛОЖЬ;;708;;;;;;;;100 ms;10;;520;ЛОЖЬ;0;;;;;;;;;;;;;;Undefined;;;Delayed ON with constant timer value;;;;;;;;;ЛОЖЬ;ИСТИНА;;;;;;;;;;;;;;;;;;;;;;;;;;;;;;;;
M;C634_1_N;;;;;Function block marker;;ЛОЖЬ;ЛОЖЬ;;634;;;;;;;0;;;;2412;ЛОЖЬ;0;;;;;;;;;;;;;;Undefined;491;3428;;;;;;;;;;ЛОЖЬ;;;;;;;;;;;;;;;;;;;;;;;;;;;;;;;;;
M;C372_2_G;;;;;Function block marker;;ЛОЖЬ;ЛОЖЬ;;372;;;;;;;0;;;;2865;ЛОЖЬ;0;;;;;;;;;;;;;;Undefined;491;3428;;;;;;;;;;ЛОЖЬ;;;;;;;;;;;;;;;;;;;;;;;;;;;;;;;;;
M;564_5;;;;;;;ЛОЖЬ;ЛОЖЬ;;564;;;;;;;0;;;;222;ЛОЖЬ;0;;;;;;;;;;;;;;Undefined;491;3428;;;;;;;;;;ЛОЖЬ;;;;;;;;;;;;;;;;;;;;;;;;;;;;;;;;;
M;394_2;;;;;;;ЛОЖЬ;ЛОЖЬ;;394;;;;;;;0;;;;1452;ЛОЖЬ;0;;;;;;;;;;;;;;Undefined;491;3428;;;;;;;;;;ЛОЖЬ;;;;;;;;;;;;;;;;;;;;;;;;;;;;;;;;;
DO;55HS203E_RR;;COM;;;READY TO RESET 5500-2-FLAMMABLE GAS;No;ЛОЖЬ;ЛОЖЬ;;338;;;;;;;0;;;;1044;ИСТИНА;58266;None;;;;;;1=READY;;;;;;;Undefined;491;3428;;;;;;;;;;ЛОЖЬ;;;;;;;;;;;;;;;;;;Output;EPKS_UCB;FGS_551_1;783;;;;;;;;;;;;
DO;61XY814;;FLD;;;Beacon near C9 6100;Yes;ИСТИНА;ЛОЖЬ;;712;;;;;;;0;;;;139;ИСТИНА;58348;None;;;;;;1=ON;;;;;;;Undefined;;;;42.06;7;4;1;Appl;;;;ЛОЖЬ;ИСТИНА;;;;;;;;;;;;;;;;;Output;EPKS_UCB;FGS_551_1;561;;;;;;;;;;;;
DO;60XA202T4;;FLD;;;Horn at entering the pumping unit 6050;Yes;ИСТИНА;ЛОЖЬ;;618;;;;;;;0;;;;26;ИСТИНА;58050;None;;;;;;1=ON;;;;;;;Undefined;491;3428;;42.04;3;3;1;Appl;;;;ЛОЖЬ;;;;;;;;;;;;;;;;;;Output;EPKS_UCB;FGS_551_1;507;;;;;;;;;;;;
M;690_1;;;;;;;ЛОЖЬ;ЛОЖЬ;;690;;;;;;;0;;;;2225;ЛОЖЬ;0;;;;;;;;;;;;;;Undefined;491;3428;;;;;;;;;;ЛОЖЬ;;;;;;;;;;;;;;;;;;;;;;;;;;;;;;;;;
M;552_10;;;;;;;ЛОЖЬ;ЛОЖЬ;;552;;;;;;;0;;;;1946;ЛОЖЬ;0;;;;;;;;;;;;;;Undefined;491;3428;;;;;;;;;;ЛОЖЬ;;;;;;;;;;;;;;;;;;;;;;;;;;;;;;;;;
T;468_2;;;;;;;ЛОЖЬ;ЛОЖЬ;;468;;;;;;;;1 s;30;;116;ЛОЖЬ;0;;;;;;;;;;;;;;Undefined;491;3428;Delayed OFF with constant timer value;;;;;;;;;ЛОЖЬ;;;;;;;;;;;;;;;;;;;;;;;;;;;;;;;;;
DI;EFM 42.03/11/17;;SYS;;;;Yes;ЛОЖЬ;;;12;;;;;;;;;;;72;ЛОЖЬ;0;None;;;;;;;;;;;;;Undefined;491;3428;;42.03;11;17;1;Undefined;;No input device;;ЛОЖЬ;;;;ЛОЖЬ;;;;;;;;;;;;;;;;;;;;;;;;;;;;;
M;C522_1_C;;;;;Function block marker;;ЛОЖЬ;ЛОЖЬ;;522;;;;;;;0;;;;2666;ЛОЖЬ;0;;;;;;;;;;;;;;Undefined;491;3428;;;;;;;;;;ЛОЖЬ;;;;;;;;;;;;;;;;;;;;;;;;;;;;;;;;;
M;C464_2_H;;;;;Function block marker;;ЛОЖЬ;ЛОЖЬ;;464;;;;;;;0;;;;2807;ЛОЖЬ;0;;;;;;;;;;;;;;Undefined;491;3428;;;;;;;;;;ЛОЖЬ;;;;;;;;;;;;;;;;;;;;;;;;;;;;;;;;;
DO;60HX550AL_B0;;COM;;;Bit 0;No;ЛОЖЬ;ЛОЖЬ;;636;;;;;;;0;;;;1796;ЛОЖЬ;0;None;;;;;;;;;;;;;Undefined;491;3428;;;;;;;;;;ЛОЖЬ;;;;;;;;;;;;;;;;;;Output;EPKS_UCB;FGS_551_1;944;;;;;;;;;;;;
DI;60GT103_MOR;;COM;;;MO REQUEST;No;ЛОЖЬ;ИСТИНА;;544;;;;;;;0;;;;3478;ЛОЖЬ;0;None;;;;;;1=REQUEST;;;;;;;Undefined;491;3428;;;;;;Freeze;;;;ЛОЖЬ;;;;ЛОЖЬ;;;;;;;;;;;;;;Input;EPKS_UCB;FGS_551_1;23;;;;;;;;;;;;
DO;60XA003;;FLD;;;HORN ALARM (PANEL);Yes;ИСТИНА;ЛОЖЬ;;1000;;;;;;;0;;;;58;ИСТИНА;58094;None;;;;;;1=ON;;;;;;;Undefined;;;;42.04;7;3;1;Appl;;;;ЛОЖЬ;ИСТИНА;;;;;;;;;;;;;;;;;Output;EPKS_UCB;FGS_551_1;484;;;;;;;;;;;;
T;636_5;;;;;;;ЛОЖЬ;ЛОЖЬ;;636;;;;;;;;1 s;0;;216;ЛОЖЬ;0;;;;;;;;;;;;;;Undefined;491;3428;Delayed ON memorize with variable timer value;;;;;;;;;ЛОЖЬ;;;;;;;;;;;;;;;;;;;;;;;;;;;;;;;;;
M;2462_C;;;;;State Moving (1=Moving);;ЛОЖЬ;ЛОЖЬ;;2462;;;;;;;0;;;;1684;ЛОЖЬ;0;;;;;;;;;;;;;;Undefined;491;3428;;;;;;;;;;ЛОЖЬ;;;;;;;;;;;;;;;;;;;;;;;;;;;;;;;;;
M;C484_1_N;;;;;Function block marker;;ЛОЖЬ;ЛОЖЬ;;484;;;;;;;0;;;;2722;ЛОЖЬ;0;;;;;;;;;;;;;;Undefined;491;3428;;;;;;;;;;ЛОЖЬ;;;;;;;;;;;;;;;;;;;;;;;;;;;;;;;;;
M;C694_2_D;;;;;Compiler marker;;ЛОЖЬ;ЛОЖЬ;;694;;;;;;;0;;;;2304;ЛОЖЬ;0;;;;;;;;;;;;;;Undefined;491;3428;;;;;;;;;;ЛОЖЬ;;;;;;;;;;;;;;;;;;;;;;;;;;;;;;;;;
M;486_2;;;;;;;ЛОЖЬ;ЛОЖЬ;;486;;;;;;;0;;;;1845;ЛОЖЬ;0;;;;;;;;;;;;;;Undefined;491;3428;;;;;;;;;;ЛОЖЬ;;;;;;;;;;;;;;;;;;;;;;;;;;;;;;;;;
M;C472_1;;;;;Compiler marker (320, 228);;ЛОЖЬ;ЛОЖЬ;;472;;;;;;;0;;;;2790;ЛОЖЬ;0;;;;;;;;;;;;;;Undefined;491;3428;;;;;;;;;;ЛОЖЬ;;;;;;;;;;;;;;;;;;;;;;;;;;;;;;;;;
M;332_4;;;;;;;ЛОЖЬ;ЛОЖЬ;;332;;;;;;;0;;;;1359;ЛОЖЬ;0;;;;;;;;;;;;;;Undefined;491;3428;;;;;;;;;;ЛОЖЬ;;;;;;;;;;;;;;;;;;;;;;;;;;;;;;;;;
M;C682_2_F;;;;;Function block marker;;ЛОЖЬ;ЛОЖЬ;;682;;;;;;;0;;;;2350;ЛОЖЬ;0;;;;;;;;;;;;;;Undefined;491;3428;;;;;;;;;;ЛОЖЬ;;;;;;;;;;;;;;;;;;;;;;;;;;;;;;;;;
DI;55XS451_P;;COM;;;work alarm В2А;No;ЛОЖЬ;ИСТИНА;;480;;;;;;;0;;;;1536;ЛОЖЬ;0;None;;;;;;;;;;;;;Undefined;491;3428;;;;;;Low;;;;ЛОЖЬ;;;;ЛОЖЬ;;;;;;;;;;;;;;;;;;;;;;;;;;Input;C300_UCB;FGS_551_1;1
M;C480_2_I;;;;;Function block marker;;ЛОЖЬ;ЛОЖЬ;;480;;;;;;;0;;;;2772;ЛОЖЬ;0;;;;;;;;;;;;;;Undefined;491;3428;;;;;;;;;;ЛОЖЬ;;;;;;;;;;;;;;;;;;;;;;;;;;;;;;;;;
DI;61HS826D;;COM;;;RESET 6100-TOXIC GAS;No;ЛОЖЬ;ИСТИНА;;700;;;;;;;0;;;;3545;ИСТИНА;58166;None;;;;;;1=RESET;;;;;;;Undefined;;;;;;;;Low;;;;ЛОЖЬ;ИСТИНА;;;ЛОЖЬ;;;;;;;;;;;;;;Input;EPKS_UCB;FGS_551_1;90;;;;;;;;;;;;
M;C482_1_K;;;;;Function block marker;;ЛОЖЬ;ЛОЖЬ;;482;;;;;;;0;;;;2740;ЛОЖЬ;0;;;;;;;;;;;;;;Undefined;491;3428;;;;;;;;;;ЛОЖЬ;;;;;;;;;;;;;;;;;;;;;;;;;;;;;;;;;
M;C630_2_K;;;;;Function block marker;;ЛОЖЬ;ЛОЖЬ;;630;;;;;;;0;;;;2464;ЛОЖЬ;0;;;;;;;;;;;;;;Undefined;491;3428;;;;;;;;;;ЛОЖЬ;;;;;;;;;;;;;;;;;;;;;;;;;;;;;;;;;
DO;FGS_551_1.60XA609_1;;FSC;;;T.GD act. in 6000-2-GDAP-U,F,G lamp;Yes;ЛОЖЬ;ЛОЖЬ;;570;;;;;;;0;;;;1098;ЛОЖЬ;0;None;;;;;;PULSE=ALARM;;;;;;;Undefined;491;3428;;;;;;;;;;ЛОЖЬ;;;;;;Output;FGS_002_1;FGS_551_1;49;;;;;;;;;;;;;;;;;;;;;;;;
DO;60GT102_B0;;COM;;;Bit 0;No;ЛОЖЬ;ЛОЖЬ;;562;;;;;;;0;;;;857;ЛОЖЬ;0;None;;;;;;;;;;;;;Undefined;491;3428;;;;;;;;;;ЛОЖЬ;;;;;;;;;;;;;;;;;;Output;EPKS_UCB;FGS_551_1;741;;;;;;;;;;;;
M;686_690_3;;;;;60GA312_FL;;ЛОЖЬ;ЛОЖЬ;;690;;;;;;;0;;;;2234;ЛОЖЬ;0;;;;;;;0=ACTIVATED;;;;;;;Undefined;491;3428;;;;;;;;;;ЛОЖЬ;;;;;;;;;;;;;;;;;;;;;;;;;;;;;;;;;
M;C692_2_D;;;;;Compiler marker;;ЛОЖЬ;ЛОЖЬ;;692;;;;;;;0;;;;2309;ЛОЖЬ;0;;;;;;;;;;;;;;Undefined;491;3428;;;;;;;;;;ЛОЖЬ;;;;;;;;;;;;;;;;;;;;;;;;;;;;;;;;;
M;460_464_3;;;;;55GT102_BadPV_FL;;ЛОЖЬ;ЛОЖЬ;;464;;;;;;;0;;;;1493;ЛОЖЬ;0;;;;;;;0=BadPV;;;;;;;Undefined;491;3428;;;;;;;;;;ЛОЖЬ;;;;;;;;;;;;;;;;;;;;;;;;;;;;;;;;;
M;530_1;;;;;;;ЛОЖЬ;ЛОЖЬ;;530;;;;;;;0;;;;1888;ЛОЖЬ;0;;;;;;;;;;;;;;Undefined;491;3428;;;;;;;;;;ЛОЖЬ;;;;;;;;;;;;;;;;;;;;;;;;;;;;;;;;;
M;C632_1_R;;;;;Function block marker;;ЛОЖЬ;ЛОЖЬ;;632;;;;;;;0;;;;2437;ЛОЖЬ;0;;;;;;;;;;;;;;Undefined;491;3428;;;;;;;;;;ЛОЖЬ;;;;;;;;;;;;;;;;;;;;;;;;;;;;;;;;;
T;396_1;;;;;;;ЛОЖЬ;ЛОЖЬ;;396;;;;;;;;1 s;30;;104;ЛОЖЬ;0;;;;;;;;;;;;;;Undefined;491;3428;Delayed OFF with constant timer value;;;;;;;;;ЛОЖЬ;;;;;;;;;;;;;;;;;;;;;;;;;;;;;;;;;
DO;60HY599C_TF;;COM;;;CHANNEL OR LINE FAULT;No;ЛОЖЬ;ЛОЖЬ;;861;;;;;;;0;;;;456;ЛОЖЬ;0;None;;;;;;0=FAULT;;;;;;;Undefined;;;;;;;;;;;;ЛОЖЬ;ИСТИНА;;;;;;;;;;;;;;;;;Output;EPKS_UCB;FGS_551_1;970;;;;;;;;;;;;
M;2475_2;;;;;;;ЛОЖЬ;ЛОЖЬ;;2475;;;;;;;0;;;;327;ЛОЖЬ;0;;;;;;;;;;;;;;Undefined;;;;;;;;;;;;ЛОЖЬ;ИСТИНА;;;;;;;;;;;;;;;;;;;;;;;;;;;;;;;;
T;706_2;;;;;;;ЛОЖЬ;ЛОЖЬ;;706;;;;;;;;100 ms;10;;404;ЛОЖЬ;0;;;;;;;;;;;;;;Undefined;;;Delayed ON with constant timer value;;;;;;;;;ЛОЖЬ;ИСТИНА;;;;;;;;;;;;;;;;;;;;;;;;;;;;;;;;
DO;60GT110_B2;;COM;;;Bit 2;No;ЛОЖЬ;ЛОЖЬ;;350;;;;;;;0;;;;919;ЛОЖЬ;0;None;;;;;;;;;;;;;Undefined;491;3428;;;;;;;;;;ЛОЖЬ;;;;;;;;;;;;;;;;;;Output;EPKS_UCB;FGS_551_1;808;;;;;;;;;;;;
M;C2462_1_H;;;;;Function block marker;;ЛОЖЬ;ЛОЖЬ;;2462;;;;;;;0;;;;1028;ЛОЖЬ;0;;;;;;;;;;;;;;Undefined;491;3428;;;;;;;;;;ЛОЖЬ;;;;;;;;;;;;;;;;;;;;;;;;;;;;;;;;;
M;C550_2;;;;;Compiler marker (256, 85);;ЛОЖЬ;ЛОЖЬ;;550;;;;;;;0;;;;2599;ЛОЖЬ;0;;;;;;;;;;;;;;Undefined;491;3428;;;;;;;;;;ЛОЖЬ;;;;;;;;;;;;;;;;;;;;;;;;;;;;;;;;;
M;C734_3_C;;;;;Function block marker;;ЛОЖЬ;ЛОЖЬ;;734;;;;;;;0;;;;372;ЛОЖЬ;0;;;;;;;;;;;;;;Undefined;;;;;;;;;;;;ЛОЖЬ;ИСТИНА;;;;;;;;;;;;;;;;;;;;;;;;;;;;;;;;
M;570_572_1;;;;;6000-2_TGD_B;;ЛОЖЬ;ЛОЖЬ;;572;;;;;;;0;;;;1954;ЛОЖЬ;0;;;;;;;PULSE=ALARM;;;;;;;Undefined;491;3428;;;;;;;;;;ЛОЖЬ;;;;;;;;;;;;;;;;;;;;;;;;;;;;;;;;;
R;2406_F;;;;;H ALARM LEVEL;;ЛОЖЬ;ЛОЖЬ;;2406;;Long;;;;;0;;;;24;ЛОЖЬ;0;;;;;;;;;;;;;;Undefined;;;;;;;;;;;;ЛОЖЬ;ИСТИНА;;;;;;;;;;;;;;;;;;;;;;;;;;;;;;;;
T;2462_2;;;;;;;ЛОЖЬ;ЛОЖЬ;;2462;;;;;;;;10 ms;1;;112;ЛОЖЬ;0;;;;;;;;;;;;;;Undefined;491;3428;Delayed ON memorize with constant timer value;;;;;;;;;ЛОЖЬ;;;;;;;;;;;;;;;;;;;;;;;;;;;;;;;;;
M;C486_1_R;;;;;Function block marker;;ЛОЖЬ;ЛОЖЬ;;486;;;;;;;0;;;;2705;ЛОЖЬ;0;;;;;;;;;;;;;;Undefined;491;3428;;;;;;;;;;ЛОЖЬ;;;;;;;;;;;;;;;;;;;;;;;;;;;;;;;;;
DO;55GA105;;COM;;;TRIP INITIATOR-Toxic gas;No;ЛОЖЬ;ЛОЖЬ;;504;;;;;;;1;;;;776;ИСТИНА;58214;None;;;;;;1=NORMAL;;;;;;;Undefined;491;3428;;;;;;;;;;ЛОЖЬ;;;;;;;;;;;;;;;;;;Output;EPKS_UCB;FGS_551_1;665;;;;;;;;;;;;
M;C524_3_D;;;;;Function block marker;;ЛОЖЬ;ЛОЖЬ;;524;;;;;;;0;;;;2660;ЛОЖЬ;0;;;;;;;;;;;;;;Undefined;491;3428;;;;;;;;;;ЛОЖЬ;;;;;;;;;;;;;;;;;;;;;;;;;;;;;;;;;
M;396_3;;;;;;;ЛОЖЬ;ЛОЖЬ;;396;;;;;;;0;;;;1458;ЛОЖЬ;0;;;;;;;;;;;;;;Undefined;491;3428;;;;;;;;;;ЛОЖЬ;;;;;;;;;;;;;;;;;;;;;;;;;;;;;;;;;
DI;42-ControllerFault;;SYS;;;FSC Controller fault;Yes;ЛОЖЬ;;;20;;;;;;;;;;;20;ИСТИНА;58001;None;;;;;;1=NORMAL;;;;;;;Undefined;491;3428;;;;;;;;;;ЛОЖЬ;;;;ЛОЖЬ;;;;;;;;;;;;;;;;;;;;;;;;;;;;;
M;380_692_1;;;;;Ack gas area 672-20;;ЛОЖЬ;ЛОЖЬ;;692;;;;;;;0;;;;2195;ЛОЖЬ;0;;;;;;;1=ACK;;;;;;;Undefined;491;3428;;;;;;;;;;ЛОЖЬ;;;;;;;;;;;;;;;;;;;;;;;;;;;;;;;;;
M;630_8;;;;;;;ЛОЖЬ;ЛОЖЬ;;630;;;;;;;0;;;;1289;ЛОЖЬ;0;;;;;;;;;;;;;;Undefined;491;3428;;;;;;;;;;ЛОЖЬ;;;;;;;;;;;;;;;;;;;;;;;;;;;;;;;;;
M;616_2;;;;;;;ЛОЖЬ;ЛОЖЬ;;616;;;;;;;0;;;;436;ЛОЖЬ;0;;;;;;;;;;;;;;Undefined;;;;;;;;;;;;ЛОЖЬ;ИСТИНА;;;;;;;;;;;;;;;;;;;;;;;;;;;;;;;;
DI;60HS599C1A;;FLD;;;В9А ... В12А - start at gas pollution;Yes;ИСТИНА;ЛОЖЬ;;622;;;;;;;;;;;122;ЛОЖЬ;58051;None;;;;;;1=ON;;;;;;;Undefined;491;3428;;42.05;15;3;1;Low;;Digital switch without loop monitoring;;ЛОЖЬ;ИСТИНА;;;ЛОЖЬ;;;;;;;;;;;;;;Output;EPKS_UCB;FGS_551_1;471;;;;;;;;;;;;
M;468_2;;;;;;;ЛОЖЬ;ЛОЖЬ;;468;;;;;;;0;;;;1515;ЛОЖЬ;0;;;;;;;;;;;;;;Undefined;491;3428;;;;;;;;;;ЛОЖЬ;;;;;;;;;;;;;;;;;;;;;;;;;;;;;;;;;
M;C486_2_K;;;;;Function block marker;;ЛОЖЬ;ЛОЖЬ;;486;;;;;;;0;;;;2711;ЛОЖЬ;0;;;;;;;;;;;;;;Undefined;491;3428;;;;;;;;;;ЛОЖЬ;;;;;;;;;;;;;;;;;;;;;;;;;;;;;;;;;
DO;FGS_551_1.55XA604_2;;FSC;;;Fl.GD act. in 5500-2-GDAP-U,F,G lamp;Yes;ЛОЖЬ;ЛОЖЬ;;334;;;;;;;0;;;;1115;ЛОЖЬ;0;None;;;;;;1=NORMAL;;;;;;;Undefined;491;3428;;;;;;;;;;ЛОЖЬ;;;;;;Output;FGS_002_1;FGS_551_1;42;;;;;;;;;;;;;;;;;;;;;;;;
DI;55GT102_MOR;;COM;;;MO REQUEST;No;ЛОЖЬ;ИСТИНА;;460;;;;;;;0;;;;3548;ЛОЖЬ;0;None;;;;;;1=REQUEST;;;;;;;Undefined;;;;;;;;Freeze;;;;ЛОЖЬ;ИСТИНА;;;ЛОЖЬ;;;;;;;;;;;;;;Input;EPKS_UCB;FGS_551_1;93;;;;;;;;;;;;
M;C542_1_D;;;;;Function block marker;;ЛОЖЬ;ЛОЖЬ;;542;;;;;;;0;;;;2633;ЛОЖЬ;0;;;;;;;;;;;;;;Undefined;491;3428;;;;;;;;;;ЛОЖЬ;;;;;;;;;;;;;;;;;;;;;;;;;;;;;;;;;
M;2405_E;;;;;0=HH ALARM;;ЛОЖЬ;ЛОЖЬ;;2405;;;;;;;0;;;;1342;ЛОЖЬ;0;;;;;;;;;;;;;;Undefined;491;3428;;;;;;;;;;ЛОЖЬ;;;;;;;;;;;;;;;;;;;;;;;;;;;;;;;;;
M;C544_1_C;;;;;Function block marker;;ЛОЖЬ;ЛОЖЬ;;544;;;;;;;0;;;;2622;ЛОЖЬ;0;;;;;;;;;;;;;;Undefined;491;3428;;;;;;;;;;ЛОЖЬ;;;;;;;;;;;;;;;;;;;;;;;;;;;;;;;;;
M;632_3;;;;;;;ЛОЖЬ;ЛОЖЬ;;632;;;;;;;0;;;;2040;ЛОЖЬ;0;;;;;;;;;;;;;;Undefined;491;3428;;;;;;;;;;ЛОЖЬ;;;;;;;;;;;;;;;;;;;;;;;;;;;;;;;;;
M;C588_2_F;;;;;Function block marker;;ЛОЖЬ;ЛОЖЬ;;588;;;;;;;0;;;;2525;ЛОЖЬ;0;;;;;;;;;;;;;;Undefined;491;3428;;;;;;;;;;ЛОЖЬ;;;;;;;;;;;;;;;;;;;;;;;;;;;;;;;;;
M;664_666_3;;;;;60GA311_FL;;ЛОЖЬ;ЛОЖЬ;;666;;;;;;;0;;;;2164;ЛОЖЬ;0;;;;;;;0=ACTIVATED;;;;;;;Undefined;491;3428;;;;;;;;;;ЛОЖЬ;;;;;;;;;;;;;;;;;;;;;;;;;;;;;;;;;
M;704_710_1;;;;;61GA901-FL;;ЛОЖЬ;ЛОЖЬ;;710;;;;;;;0;;;;276;ЛОЖЬ;0;;;;;;;0=ACTIVATED;;;;;;;Undefined;;;;;;;;;;;;ЛОЖЬ;ИСТИНА;;;;;;;;;;;;;;;;;;;;;;;;;;;;;;;;
M;C636_2_B;;;;;Compiler marker;;ЛОЖЬ;ЛОЖЬ;;636;;;;;;;0;;;;2396;ЛОЖЬ;0;;;;;;;;;;;;;;Undefined;491;3428;;;;;;;;;;ЛОЖЬ;;;;;;;;;;;;;;;;;;;;;;;;;;;;;;;;;
M;684_690_3;;;;;60GA305_FL;;ЛОЖЬ;ЛОЖЬ;;690;;;;;;;0;;;;2215;ЛОЖЬ;0;;;;;;;0=ACTIVATED;;;;;;;Undefined;491;3428;;;;;;;;;;ЛОЖЬ;;;;;;;;;;;;;;;;;;;;;;;;;;;;;;;;;
M;710_854_2;;;;;AREA 6100-T.GAS ALARM;;ЛОЖЬ;ЛОЖЬ;;854;;;;;;;0;;;;295;ЛОЖЬ;0;;;;;;;0=ACTIVATED;;;;;;;Undefined;;;;;;;;;;;;ЛОЖЬ;ИСТИНА;;;;;;;;;;;;;;;;;;;;;;;;;;;;;;;;
M;C636_2_M;;;;;Function block marker;;ЛОЖЬ;ЛОЖЬ;;636;;;;;;;0;;;;2403;ЛОЖЬ;0;;;;;;;;;;;;;;Undefined;491;3428;;;;;;;;;;ЛОЖЬ;;;;;;;;;;;;;;;;;;;;;;;;;;;;;;;;;
M;692_20;;;;;;;ЛОЖЬ;ЛОЖЬ;;692;;;;;;;0;;;;2243;ЛОЖЬ;0;;;;;;;;;;;;;;Undefined;491;3428;;;;;;;;;;ЛОЖЬ;;;;;;;;;;;;;;;;;;;;;;;;;;;;;;;;;
M;C460_1_D;;;;;Function block marker;;ЛОЖЬ;ЛОЖЬ;;460;;;;;;;0;;;;2823;ЛОЖЬ;0;;;;;;;;;;;;;;Undefined;491;3428;;;;;;;;;;ЛОЖЬ;;;;;;;;;;;;;;;;;;;;;;;;;;;;;;;;;
M;C2462_6;;;;;Compiler marker (360, 90);;ЛОЖЬ;ЛОЖЬ;;2462;;;;;;;0;;;;1021;ЛОЖЬ;0;;;;;;;;;;;;;;Undefined;491;3428;;;;;;;;;;ЛОЖЬ;;;;;;;;;;;;;;;;;;;;;;;;;;;;;;;;;
M;660_4;;;;;;;ЛОЖЬ;ЛОЖЬ;;660;;;;;;;0;;;;108;ЛОЖЬ;0;;;;;;;;;;;;;;Undefined;491;3428;;;;;;;;;;ЛОЖЬ;;;;;;;;;;;;;;;;;;;;;;;;;;;;;;;;;
DO;55XS452;;COM;;;"B3A ""RUNNING""";No;ЛОЖЬ;ЛОЖЬ;;482;;;;;;;0;;;;1749;ИСТИНА;58076;None;;;;;;1=RUNNING;;;;;;;Undefined;491;3428;;;;;;;;;;ЛОЖЬ;;;;;;;;;;;;;;;;;;Output;EPKS_UCB;FGS_551_1;897;;;;;;;;;;;;
DO;60GA105;;COM;;;TRIP INITIATOR-Toxic gas;No;ЛОЖЬ;ЛОЖЬ;;548;;;;;;;1;;;;851;ИСТИНА;58244;None;;;;;;1=NORMAL;;;;;;;Undefined;491;3428;;;;;;;;;;ЛОЖЬ;;;;;;;;;;;;;;;;;;Output;EPKS_UCB;FGS_551_1;734;;;;;;;;;;;;
DO;55GT111_MOC;;COM;;;MO CONFIRM;No;ЛОЖЬ;ЛОЖЬ;;312;;;;;;;0;;;;895;ИСТИНА;58264;None;;;;;;1=CONFIRMED;;;;;;;Undefined;491;3428;;;;;;;;;;ЛОЖЬ;;;;;;;;;;;;;;;;;;Output;EPKS_UCB;FGS_551_1;781;;;;;;;;;;;;
DO;55GT106_B1;;COM;;;Bit 1;No;ЛОЖЬ;ЛОЖЬ;;522;;;;;;;0;;;;778;ЛОЖЬ;0;None;;;;;;;;;;;;;Undefined;491;3428;;;;;;;;;;ЛОЖЬ;;;;;;;;;;;;;;;;;;Output;EPKS_UCB;FGS_551_1;668;;;;;;;;;;;;
T;564_1;;;;;;;ЛОЖЬ;ЛОЖЬ;;564;;;;;;;;100 ms;10;;360;ЛОЖЬ;0;;;;;;;;;;;;;;Undefined;;;Delayed ON with constant timer value;;;;;;;;;ЛОЖЬ;ИСТИНА;;;;;;;;;;;;;;;;;;;;;;;;;;;;;;;;
M;2404_C;;;;;      ????;;ЛОЖЬ;ЛОЖЬ;;2404;;;;;;;0;;;;110;ЛОЖЬ;0;;;;;;;;;;;;;;Undefined;;;;;;;;;;;;ЛОЖЬ;ИСТИНА;;;;;;;;;;;;;;;;;;;;;;;;;;;;;;;;
T;392_2;;;;;;;ЛОЖЬ;ЛОЖЬ;;392;;;;;;;;100 ms;10;;176;ЛОЖЬ;0;;;;;;;;;;;;;;Undefined;;;Delayed ON with constant timer value;;;;;;;;;ЛОЖЬ;ИСТИНА;;;;;;;;;;;;;;;;;;;;;;;;;;;;;;;;
T;486_2;;;;;;;ЛОЖЬ;ЛОЖЬ;;486;;;;;;;;100 ms;50;;260;ЛОЖЬ;0;;;;;;;;;;;;;;Undefined;491;3428;Pulse retriggerable with constant timer value;;;;;;;;;ЛОЖЬ;;;;;;;;;;;;;;;;;;;;;;;;;;;;;;;;;
M;C630_2_M;;;;;Function block marker;;ЛОЖЬ;ЛОЖЬ;;630;;;;;;;0;;;;2466;ЛОЖЬ;0;;;;;;;;;;;;;;Undefined;491;3428;;;;;;;;;;ЛОЖЬ;;;;;;;;;;;;;;;;;;;;;;;;;;;;;;;;;
T;634_2;;;;;;;ЛОЖЬ;ЛОЖЬ;;634;;;;;;;;100 ms;50;;416;ЛОЖЬ;0;;;;;;;;;;;;;;Undefined;491;3428;Pulse retriggerable with constant timer value;;;;;;;;;ЛОЖЬ;;;;;;;;;;;;;;;;;;;;;;;;;;;;;;;;;
T;530_1;;;;;;;ЛОЖЬ;ЛОЖЬ;;530;;;;;;;;1 s;30;;172;ЛОЖЬ;0;;;;;;;;;;;;;;Undefined;491;3428;Delayed OFF with constant timer value;;;;;;;;;ЛОЖЬ;;;;;;;;;;;;;;;;;;;;;;;;;;;;;;;;;
M;C710_1;;;;;Compiler marker (256, 61);;ЛОЖЬ;ЛОЖЬ;;710;;;;;;;0;;;;302;ЛОЖЬ;0;;;;;;;;;;;;;;Undefined;;;;;;;;;;;;ЛОЖЬ;ИСТИНА;;;;;;;;;;;;;;;;;;;;;;;;;;;;;;;;
DO;60GT109_B0;;COM;;;Bit 0;No;ЛОЖЬ;ЛОЖЬ;;582;;;;;;;0;;;;872;ЛОЖЬ;0;None;;;;;;;;;;;;;Undefined;491;3428;;;;;;;;;;ЛОЖЬ;;;;;;;;;;;;;;;;;;Output;EPKS_UCB;FGS_551_1;762;;;;;;;;;;;;
T;622_1;;;;;;;ЛОЖЬ;ЛОЖЬ;;622;;;;;;;;100 ms;5;;460;ЛОЖЬ;0;;;;;;;;;;;;;;Undefined;491;3428;Delayed ON with constant timer value;;;;;;;;;ЛОЖЬ;;;;;;;;;;;;;;;;;;;;;;;;;;;;;;;;;
DO;IB551_FGS1_CS;;COM;672-20;;CLOCK SOURCE FLT;No;ЛОЖЬ;ЛОЖЬ;;23;;;;;;;0;;;;336;ЛОЖЬ;0;None;;;;;;0=FAULT;;;;;;;Undefined;;;;;;;;;;;;ЛОЖЬ;ИСТИНА;;;;;;;;;;;;;;;;;Output;EPKS_UCB;FGS_551_1;470;;;;;;;;;;;;
DO;55HX453AL_B1;;COM;;;Bit 1;No;ЛОЖЬ;ЛОЖЬ;;484;;;;;;;0;;;;1762;ЛОЖЬ;0;None;;;;;;;;;;;;;Undefined;491;3428;;;;;;;;;;ЛОЖЬ;;;;;;;;;;;;;;;;;;Output;EPKS_UCB;FGS_551_1;910;;;;;;;;;;;;
M;460_6;;;;;;;ЛОЖЬ;ЛОЖЬ;;460;;;;;;;0;;;;397;ЛОЖЬ;0;;;;;;;;;;;;;;Undefined;;;;;;;;;;;;ЛОЖЬ;ИСТИНА;;;;;;;;;;;;;;;;;;;;;;;;;;;;;;;;
M;2475_C;;;;;      ????;;ЛОЖЬ;ЛОЖЬ;;2475;;;;;;;0;;;;253;ЛОЖЬ;0;;;;;;;;;;;;;;Undefined;;;;;;;;;;;;ЛОЖЬ;ИСТИНА;;;;;;;;;;;;;;;;;;;;;;;;;;;;;;;;
M;668_1;;;;;;;ЛОЖЬ;ЛОЖЬ;;668;;;;;;;0;;;;2162;ЛОЖЬ;0;;;;;;;;;;;;;;Undefined;491;3428;;;;;;;;;;ЛОЖЬ;;;;;;;;;;;;;;;;;;;;;;;;;;;;;;;;;
M;634_1;;;;;;;ЛОЖЬ;ЛОЖЬ;;634;;;;;;;0;;;;122;ЛОЖЬ;0;;;;;;;;;;;;;;Undefined;491;3428;;;;;;;;;;ЛОЖЬ;;;;;;;;;;;;;;;;;;;;;;;;;;;;;;;;;
DO;FGS_551_1_F3;;COM;;;IO Fault;No;ЛОЖЬ;ЛОЖЬ;;21;;;;;;;1;;;;754;ИСТИНА;58203;None;;;;;;1=NORMAL;;;;;;;Undefined;491;3428;;;;;;;;;;ЛОЖЬ;;;;;;;;;;;;;;;;;;Output;EPKS_UCB;FGS_551_1;636;;;;;;;;;;;;
R;C2440_4;;;;;Compiler register (224, 150);;ЛОЖЬ;ЛОЖЬ;;2440;;Byte;;;;;0;;;;1153;ЛОЖЬ;0;;;;;;;;;;;;;;Undefined;491;3428;;;;;;;;;;ЛОЖЬ;;;;;;;;;;;;;;;;;;;;;;;;;;;;;;;;;
M;C666_2;;;;;Compiler marker (256, 85);;ЛОЖЬ;ЛОЖЬ;;666;;;;;;;0;;;;2356;ЛОЖЬ;0;;;;;;;;;;;;;;Undefined;491;3428;;;;;;;;;;ЛОЖЬ;;;;;;;;;;;;;;;;;;;;;;;;;;;;;;;;;
DO;60GT318_B2;;COM;;;Bit 2;No;ЛОЖЬ;ЛОЖЬ;;372;;;;;;;0;;;;929;ЛОЖЬ;0;None;;;;;;;;;;;;;Undefined;491;3428;;;;;;;;;;ЛОЖЬ;;;;;;;;;;;;;;;;;;Output;EPKS_UCB;FGS_551_1;819;;;;;;;;;;;;
M;C468_1_E;;;;;Function block marker;;ЛОЖЬ;ЛОЖЬ;;468;;;;;;;0;;;;2801;ЛОЖЬ;0;;;;;;;;;;;;;;Undefined;491;3428;;;;;;;;;;ЛОЖЬ;;;;;;;;;;;;;;;;;;;;;;;;;;;;;;;;;
M;310_4;;;;;;;ЛОЖЬ;ЛОЖЬ;;310;;;;;;;0;;;;1343;ЛОЖЬ;0;;;;;;;;;;;;;;Undefined;491;3428;;;;;;;;;;ЛОЖЬ;;;;;;;;;;;;;;;;;;;;;;;;;;;;;;;;;
M;664_670_2;;;;;60GT311_RR;;ЛОЖЬ;ЛОЖЬ;;670;;;;;;;0;;;;2175;ЛОЖЬ;0;;;;;;;1=READY;;;;;;;Undefined;491;3428;;;;;;;;;;ЛОЖЬ;;;;;;;;;;;;;;;;;;;;;;;;;;;;;;;;;
T;376_1;;;;;;;ЛОЖЬ;ЛОЖЬ;;376;;;;;;;;1 s;30;;96;ЛОЖЬ;0;;;;;;;;;;;;;;Undefined;491;3428;Delayed OFF with constant timer value;;;;;;;;;ЛОЖЬ;;;;;;;;;;;;;;;;;;;;;;;;;;;;;;;;;
M;486_8;;;;;;;ЛОЖЬ;ЛОЖЬ;;486;;;;;;;0;;;;1839;ЛОЖЬ;0;;;;;;;;;;;;;;Undefined;491;3428;;;;;;;;;;ЛОЖЬ;;;;;;;;;;;;;;;;;;;;;;;;;;;;;;;;;
DI;60GT316_MOR;;COM;;;MO REQUEST;No;ЛОЖЬ;ИСТИНА;;392;;;;;;;0;;;;3495;ЛОЖЬ;0;None;;;;;;1=REQUEST;;;;;;;Undefined;491;3428;;;;;;Freeze;;;;ЛОЖЬ;;;;ЛОЖЬ;;;;;;;;;;;;;;Input;EPKS_UCB;FGS_551_1;40;;;;;;;;;;;;
M;482_2;;;;;;;ЛОЖЬ;ЛОЖЬ;;482;;;;;;;0;;;;1812;ЛОЖЬ;0;;;;;;;;;;;;;;Undefined;491;3428;;;;;;;;;;ЛОЖЬ;;;;;;;;;;;;;;;;;;;;;;;;;;;;;;;;;
M;C542_3_C;;;;;Function block marker;;ЛОЖЬ;ЛОЖЬ;;542;;;;;;;0;;;;2635;ЛОЖЬ;0;;;;;;;;;;;;;;Undefined;491;3428;;;;;;;;;;ЛОЖЬ;;;;;;;;;;;;;;;;;;;;;;;;;;;;;;;;;
M;482_12;;;;;;;ЛОЖЬ;ЛОЖЬ;;482;;;;;;;0;;;;1811;ЛОЖЬ;0;;;;;;;;;;;;;;Undefined;491;3428;;;;;;;;;;ЛОЖЬ;;;;;;;;;;;;;;;;;;;;;;;;;;;;;;;;;
M;570_574_6;;;;;AREA 6000-2-T.GAS ALARM;;ЛОЖЬ;ЛОЖЬ;;574;;;;;;;0;;;;1980;ЛОЖЬ;0;;;;;;;0=ACTIVATED;;;;;;;Undefined;491;3428;;;;;;;;;;ЛОЖЬ;;;;;;;;;;;;;;;;;;;;;;;;;;;;;;;;;
DO;60XS549C;;COM;;;B11A READY;No;ЛОЖЬ;ЛОЖЬ;;634;;;;;;;0;;;;1785;ИСТИНА;58149;None;;;;;;1=READY;;;;;;;Undefined;491;3428;;;;;;;;;;ЛОЖЬ;;;;;;;;;;;;;;;;;;Output;EPKS_UCB;FGS_551_1;933;;;;;;;;;;;;
M;486_3;;;;;;;ЛОЖЬ;ЛОЖЬ;;486;;;;;;;0;;;;1844;ЛОЖЬ;0;;;;;;;;;;;;;;Undefined;491;3428;;;;;;;;;;ЛОЖЬ;;;;;;;;;;;;;;;;;;;;;;;;;;;;;;;;;
M;680_686_2;;;;;60HS203D;;ЛОЖЬ;ЛОЖЬ;;686;;;;;;;0;;;;2232;ЛОЖЬ;0;;;;;;;1=RESET;;;;;;;Undefined;491;3428;;;;;;;;;;ЛОЖЬ;;;;;;;;;;;;;;;;;;;;;;;;;;;;;;;;;
DO;60GT313_MOC;;COM;;;MO CONFIRM;No;ЛОЖЬ;ЛОЖЬ;;688;;;;;;;0;;;;825;ИСТИНА;58236;None;;;;;;1=CONFIRMED;;;;;;;Undefined;491;3428;;;;;;;;;;ЛОЖЬ;;;;;;;;;;;;;;;;;;Output;EPKS_UCB;FGS_551_1;717;;;;;;;;;;;;
M;392_398_2;;;;;60GT316_RR;;ЛОЖЬ;ЛОЖЬ;;398;;;;;;;0;;;;1444;ЛОЖЬ;0;;;;;;;1=READY;;;;;;;Undefined;491;3428;;;;;;;;;;ЛОЖЬ;;;;;;;;;;;;;;;;;;;;;;;;;;;;;;;;;
DO;60XA291T2;;FLD;;;Horn near Tr 6000-5;Yes;ИСТИНА;ЛОЖЬ;;736;;;;;;;0;;;;156;ИСТИНА;58332;None;;;;;;1=ON;;;;;;;Undefined;;;;42.06;9;5;1;Appl;;;;ЛОЖЬ;ИСТИНА;;;;;;;;;;;;;;;;;Output;EPKS_UCB;FGS_551_1;478;;;;;;;;;;;;
DI;60GT307_MOR;;COM;;;MO REQUEST;No;ЛОЖЬ;ИСТИНА;;610;;;;;;;0;;;;3550;ЛОЖЬ;0;None;;;;;;1=REQUEST;;;;;;;Undefined;;;;;;;;Freeze;;;;ЛОЖЬ;ИСТИНА;;;ЛОЖЬ;;;;;;;;;;;;;;Input;EPKS_UCB;FGS_551_1;95;;;;;;;;;;;;
M;450_470_1;;;;;Ack gas area 672-20;;ЛОЖЬ;ЛОЖЬ;;470;;;;;;;0;;;;1521;ЛОЖЬ;0;;;;;;;1=ACK;;;;;;;Undefined;491;3428;;;;;;;;;;ЛОЖЬ;;;;;;;;;;;;;;;;;;;;;;;;;;;;;;;;;
T;332_1;;;;;;;ЛОЖЬ;ЛОЖЬ;;332;;;;;;;;100 ms;10;;108;ЛОЖЬ;0;;;;;;;;;;;;;;Undefined;;;Delayed ON with constant timer value;;;;;;;;;ЛОЖЬ;ИСТИНА;;;;;;;;;;;;;;;;;;;;;;;;;;;;;;;;
DO;60HS204D_RR;;COM;;;READY TO RESET 6000-1-TOXIC GAS;No;ЛОЖЬ;ЛОЖЬ;;554;;;;;;;0;;;;1040;ИСТИНА;58238;None;;;;;;1=READY;;;;;;;Undefined;491;3428;;;;;;;;;;ЛОЖЬ;;;;;;;;;;;;;;;;;;Output;EPKS_UCB;FGS_551_1;719;;;;;;;;;;;;
M;C588_1_E;;;;;Function block marker;;ЛОЖЬ;ЛОЖЬ;;588;;;;;;;0;;;;2521;ЛОЖЬ;0;;;;;;;;;;;;;;Undefined;491;3428;;;;;;;;;;ЛОЖЬ;;;;;;;;;;;;;;;;;;;;;;;;;;;;;;;;;
M;372_374_3;;;;;60GA318_FL;;ЛОЖЬ;ЛОЖЬ;;374;;;;;;;0;;;;1428;ЛОЖЬ;0;;;;;;;0=ACTIVATED;;;;;;;Undefined;491;3428;;;;;;;;;;ЛОЖЬ;;;;;;;;;;;;;;;;;;;;;;;;;;;;;;;;;
M;614_640_1;;;;;60GA307/308_FL;;ЛОЖЬ;ЛОЖЬ;;640;;;;;;;0;;;;433;ЛОЖЬ;0;;;;;;;0=ACTIVATED;;;;;;;Undefined;;;;;;;;;;;;ЛОЖЬ;ИСТИНА;;;;;;;;;;;;;;;;;;;;;;;;;;;;;;;;
M;2462_I;;;;;Bit 0;;ЛОЖЬ;ЛОЖЬ;;2462;;;;;;;0;;;;1686;ЛОЖЬ;0;;;;;;;;;;;;;;Undefined;491;3428;;;;;;;;;;ЛОЖЬ;;;;;;;;;;;;;;;;;;;;;;;;;;;;;;;;;
M;C2406_2;;;;;Compiler marker (288, 48);;ЛОЖЬ;ЛОЖЬ;;2406;;;;;;;0;;;;1253;ЛОЖЬ;0;;;;;;;;;;;;;;Undefined;491;3428;;;;;;;;;;ЛОЖЬ;;;;;;;;;;;;;;;;;;;;;;;;;;;;;;;;;
M;588_24;;;;;;;ЛОЖЬ;ЛОЖЬ;;588;;;;;;;0;;;;2286;ЛОЖЬ;0;;;;;;;;;;;;;;Undefined;491;3428;;;;;;;;;;ЛОЖЬ;;;;;;;;;;;;;;;;;;;;;;;;;;;;;;;;;
DI;60HS301A;;FLD;;;Horn testing 60XA301;No;ИСТИНА;ЛОЖЬ;;692;;;;;;;;;;;81;ИСТИНА;58052;None;;;;;;1=ON;;;;;;;Undefined;491;3428;;42.03;11;10;1;Low;;Digital switch without loop monitoring;;ЛОЖЬ;;;;ЛОЖЬ;;;;;;;;;;;;;;Output;EPKS_UCB;FGS_551_1;458;;;;;;;;;;;;
T;634_5;;;;;;;ЛОЖЬ;ЛОЖЬ;;634;;;;;;;;1 s;0;;188;ЛОЖЬ;0;;;;;;;;;;;;;;Undefined;491;3428;Delayed ON memorize with variable timer value;;;;;;;;;ЛОЖЬ;;;;;;;;;;;;;;;;;;;;;;;;;;;;;;;;;
T;582_2;;;;;;;ЛОЖЬ;ЛОЖЬ;;582;;;;;;;;100 ms;10;;396;ЛОЖЬ;0;;;;;;;;;;;;;;Undefined;;;Delayed ON with constant timer value;;;;;;;;;ЛОЖЬ;ИСТИНА;;;;;;;;;;;;;;;;;;;;;;;;;;;;;;;;
M;350_354_3;;;;;60GA110_FL;;ЛОЖЬ;ЛОЖЬ;;354;;;;;;;0;;;;2264;ЛОЖЬ;0;;;;;;;0=ACTIVATED;;;;;;;Undefined;491;3428;;;;;;;;;;ЛОЖЬ;;;;;;;;;;;;;;;;;;;;;;;;;;;;;;;;;
T;310_1;;;;;;;ЛОЖЬ;ЛОЖЬ;;310;;;;;;;;100 ms;10;;72;ЛОЖЬ;0;;;;;;;;;;;;;;Undefined;;;Delayed ON with constant timer value;;;;;;;;;ЛОЖЬ;ИСТИНА;;;;;;;;;;;;;;;;;;;;;;;;;;;;;;;;
M;C686_2_H;;;;;Function block marker;;ЛОЖЬ;ЛОЖЬ;;686;;;;;;;0;;;;2332;ЛОЖЬ;0;;;;;;;;;;;;;;Undefined;491;3428;;;;;;;;;;ЛОЖЬ;;;;;;;;;;;;;;;;;;;;;;;;;;;;;;;;;
M;C524_1_E;;;;;Function block marker;;ЛОЖЬ;ЛОЖЬ;;524;;;;;;;0;;;;2658;ЛОЖЬ;0;;;;;;;;;;;;;;Undefined;491;3428;;;;;;;;;;ЛОЖЬ;;;;;;;;;;;;;;;;;;;;;;;;;;;;;;;;;
DO;60XA301;;FLD;;;Horn on cabinet 60AT301;Yes;ИСТИНА;ЛОЖЬ;;692;;;;;;;0;;;;45;ИСТИНА;58055;None;;;;;;1=ON;;;;;;;Undefined;491;3428;;42.04;5;6;1;Appl;;;;ЛОЖЬ;;;;;;;;;;;;;;;;;;Output;EPKS_UCB;FGS_551_1;518;;;;;;;;;;;;
M;610_5;;;;;;;ЛОЖЬ;ЛОЖЬ;;610;;;;;;;0;;;;421;ЛОЖЬ;0;;;;;;;;;;;;;;Undefined;;;;;;;;;;;;ЛОЖЬ;ИСТИНА;;;;;;;;;;;;;;;;;;;;;;;;;;;;;;;;
M;C566_1_D;;;;;Function block marker;;ЛОЖЬ;ЛОЖЬ;;566;;;;;;;0;;;;2566;ЛОЖЬ;0;;;;;;;;;;;;;;Undefined;491;3428;;;;;;;;;;ЛОЖЬ;;;;;;;;;;;;;;;;;;;;;;;;;;;;;;;;;
AI;55GT102;;FLD;;;H2S in pump section;Yes;ИСТИНА;ЛОЖЬ;;460;ЛОЖЬ;Long;0-20mA;0;3276;;;;;;0;ЛОЖЬ;58056;;None;None;None;None;;;;0;0;;;;-XXXXX.X;0;4095;;42.03;3;1;1;Bottom scale;;;;ЛОЖЬ;;ЛОЖЬ;;;;;;;;;;;;;;;;Output;EPKS_UCB;FGS_551_1;11025;;;;;;;;;;;;
DO;60XS548C;;COM;;;B10A READY;No;ЛОЖЬ;ЛОЖЬ;;632;;;;;;;0;;;;1778;ИСТИНА;58144;None;;;;;;1=READY;;;;;;;Undefined;491;3428;;;;;;;;;;ЛОЖЬ;;;;;;;;;;;;;;;;;;Output;EPKS_UCB;FGS_551_1;926;;;;;;;;;;;;
DI;60GT109_MOR;;COM;;;MO REQUEST;No;ЛОЖЬ;ИСТИНА;;582;;;;;;;0;;;;3485;ЛОЖЬ;0;None;;;;;;1=REQUEST;;;;;;;Undefined;491;3428;;;;;;Freeze;;;;ЛОЖЬ;;;;ЛОЖЬ;;;;;;;;;;;;;;Input;EPKS_UCB;FGS_551_1;30;;;;;;;;;;;;
M;2470_A;;;;;0=COMMON ALARM;;ЛОЖЬ;ЛОЖЬ;;2470;;;;;;;0;;;;186;ЛОЖЬ;0;;;;;;;;;;;;;;Undefined;;;;;;;;;;;;ЛОЖЬ;ИСТИНА;;;;;;;;;;;;;;;;;;;;;;;;;;;;;;;;
DO;60GT305_B1;;COM;;;Bit 1;No;ЛОЖЬ;ЛОЖЬ;;684;;;;;;;0;;;;808;ЛОЖЬ;0;None;;;;;;;;;;;;;Undefined;491;3428;;;;;;;;;;ЛОЖЬ;;;;;;;;;;;;;;;;;;Output;EPKS_UCB;FGS_551_1;705;;;;;;;;;;;;
T;564_2;;;;;;;ЛОЖЬ;ЛОЖЬ;;564;;;;;;;;100 ms;10;;364;ЛОЖЬ;0;;;;;;;;;;;;;;Undefined;;;Delayed ON with constant timer value;;;;;;;;;ЛОЖЬ;ИСТИНА;;;;;;;;;;;;;;;;;;;;;;;;;;;;;;;;
T;502_1;;;;;;;ЛОЖЬ;ЛОЖЬ;;502;;;;;;;;100 ms;10;;268;ЛОЖЬ;0;;;;;;;;;;;;;;Undefined;;;Delayed ON with constant timer value;;;;;;;;;ЛОЖЬ;ИСТИНА;;;;;;;;;;;;;;;;;;;;;;;;;;;;;;;;
R;2405_G;;;;;HH ALARM LEVEL;;ЛОЖЬ;ЛОЖЬ;;2405;;Long;;;;;0;;;;20;ЛОЖЬ;0;;;;;;;;;;;;;;Undefined;;;;;;;;;;;;ЛОЖЬ;ИСТИНА;;;;;;;;;;;;;;;;;;;;;;;;;;;;;;;;
M;570_854_6;;;;;AREA 6000-2-T.GAS ALARM;;ЛОЖЬ;ЛОЖЬ;;854;;;;;;;0;;;;2289;ЛОЖЬ;0;;;;;;;0=ACTIVATED;;;;;;;Undefined;491;3428;;;;;;;;;;ЛОЖЬ;;;;;;;;;;;;;;;;;;;;;;;;;;;;;;;;;
M;C462_1_C;;;;;Function block marker;;ЛОЖЬ;ЛОЖЬ;;462;;;;;;;0;;;;2812;ЛОЖЬ;0;;;;;;;;;;;;;;Undefined;491;3428;;;;;;;;;;ЛОЖЬ;;;;;;;;;;;;;;;;;;;;;;;;;;;;;;;;;
BO;IB551_FGS1_MINUTE;;COM;672-20;;MINUTE;No;ЛОЖЬ;ЛОЖЬ;;23;;Byte;;;;;0;;;;61;;0;;;;;;;;;0;0;;;;-XXXXX.X;;;;;;;;;;;;ЛОЖЬ;ИСТИНА;;;;;;;;;;;;;;;;;Output;EPKS_UCB;FGS_551_1;11043;;;;;;;;;;;;
DO;55XA201T5;;FLD;;;Beacon at entering the pumping room 5500 at side of threstle;Yes;ИСТИНА;ЛОЖЬ;;470;;;;;;;0;;;;74;ИСТИНА;58057;None;;;;;;1=ON;;;;;;;Undefined;491;3428;;42.04;9;3;1;Appl;;;;ЛОЖЬ;;;;;;;;;;;;;;;;;;Output;EPKS_UCB;FGS_551_1;531;;;;;;;;;;;;
M;354_10;;;;;;;ЛОЖЬ;ЛОЖЬ;;354;;;;;;;0;;;;2263;ЛОЖЬ;0;;;;;;;;;;;;;;Undefined;491;3428;;;;;;;;;;ЛОЖЬ;;;;;;;;;;;;;;;;;;;;;;;;;;;;;;;;;
DO;55HY459G;;MCC;;;Start В5А;Yes;ИСТИНА;ЛОЖЬ;;486;;;;;;;0;;;;186;ИСТИНА;58058;None;;;;;;1=cmdSTART;;;;;;;Undefined;491;3428;;42.05;3;3;1;Appl;;;ИСТИНА;ЛОЖЬ;;;;;;;;;;;;;;;;;;Output;EPKS_UCB;FGS_551_1;559;;;;;;;;;;;;
R;C2440_1;;;;;Compiler register (224, 78);;ЛОЖЬ;ЛОЖЬ;;2440;;Byte;;;;;0;;;;1150;ЛОЖЬ;0;;;;;;;;;;;;;;Undefined;491;3428;;;;;;;;;;ЛОЖЬ;;;;;;;;;;;;;;;;;;;;;;;;;;;;;;;;;
M;310_5;;;;;;;ЛОЖЬ;ЛОЖЬ;;310;;;;;;;0;;;;244;ЛОЖЬ;0;;;;;;;;;;;;;;Undefined;491;3428;;;;;;;;;;ЛОЖЬ;;;;;;;;;;;;;;;;;;;;;;;;;;;;;;;;;
M;586_852_5;;;;;AREA H-6052-T.GAS ALARM;;ЛОЖЬ;ЛОЖЬ;;852;;;;;;;0;;;;2287;ЛОЖЬ;0;;;;;;;PULSE=ALARM;;;;;;;Undefined;491;3428;;;;;;;;;;ЛОЖЬ;;;;;;;;;;;;;;;;;;;;;;;;;;;;;;;;;
AI;60GT102;;FLD;;;H2S in cabinet 60AT102;Yes;ИСТИНА;ЛОЖЬ;;562;ЛОЖЬ;Long;0-20mA;0;3276;;;;;;92;ЛОЖЬ;58059;;None;None;None;None;;;;0;0;;;;-XXXXX.X;0;4095;;42.03;5;7;1;Bottom scale;;;;ЛОЖЬ;;ЛОЖЬ;;;;;;;;;;;;;;;;Output;EPKS_UCB;FGS_551_1;11113;;;;;;;;;;;;
M;C706_1_B;;;;;Function block marker;;ЛОЖЬ;ЛОЖЬ;;706;;;;;;;0;;;;314;ЛОЖЬ;0;;;;;;;;;;;;;;Undefined;;;;;;;;;;;;ЛОЖЬ;ИСТИНА;;;;;;;;;;;;;;;;;;;;;;;;;;;;;;;;
DI;00XS551GMC02;;MAR;;;IB55-1 COMM.ALARM F-MC-02;Yes;ИСТИНА;ЛОЖЬ;;23;;;;;;;;;;;151;ИСТИНА;58060;None;;;;;;1=NORMAL;;;;;;;Undefined;491;3428;;42.06;3;16;1;Low;;Digital switch without loop monitoring;;ЛОЖЬ;;;;ЛОЖЬ;;;;;;;;;;;;;;Output;EPKS_UCB;FGS_551_1;496;;;;;;;;;;;;
T;568_2;;;;;;;ЛОЖЬ;ЛОЖЬ;;568;;;;;;;;100 ms;10;;356;ЛОЖЬ;0;;;;;;;;;;;;;;Undefined;;;Delayed ON with constant timer value;;;;;;;;;ЛОЖЬ;ИСТИНА;;;;;;;;;;;;;;;;;;;;;;;;;;;;;;;;
M;C664_1_D;;;;;Function block marker;;ЛОЖЬ;ЛОЖЬ;;664;;;;;;;0;;;;2360;ЛОЖЬ;0;;;;;;;;;;;;;;Undefined;491;3428;;;;;;;;;;ЛОЖЬ;;;;;;;;;;;;;;;;;;;;;;;;;;;;;;;;;
M;C566_1_B;;;;;Function block marker;;ЛОЖЬ;ЛОЖЬ;;566;;;;;;;0;;;;2564;ЛОЖЬ;0;;;;;;;;;;;;;;Undefined;491;3428;;;;;;;;;;ЛОЖЬ;;;;;;;;;;;;;;;;;;;;;;;;;;;;;;;;;
M;316_2;;;;;;;ЛОЖЬ;ЛОЖЬ;;316;;;;;;;0;;;;1372;ЛОЖЬ;0;;;;;;;;;;;;;;Undefined;491;3428;;;;;;;;;;ЛОЖЬ;;;;;;;;;;;;;;;;;;;;;;;;;;;;;;;;;
M;2462_A;;;;;State OPEN/RUN (1=OPENED/RUNNING);;ЛОЖЬ;ЛОЖЬ;;2462;;;;;;;0;;;;1662;ЛОЖЬ;0;;;;;;;;;;;;;;Undefined;491;3428;;;;;;;;;;ЛОЖЬ;;;;;;;;;;;;;;;;;;;;;;;;;;;;;;;;;
DO;FGS_551_1.60XA601_2;;FSC;;;T.GD act. in 6050-1-GDAP-U,F,G lamp;Yes;ЛОЖЬ;ЛОЖЬ;;666;;;;;;;0;;;;1083;ЛОЖЬ;0;None;;;;;;1=NORMAL;;;;;;;Undefined;491;3428;;;;;;;;;;ЛОЖЬ;;;;;;Output;FGS_002_1;FGS_551_1;61;;;;;;;;;;;;;;;;;;;;;;;;
M;C550_1;;;;;Compiler marker (256, 61);;ЛОЖЬ;ЛОЖЬ;;550;;;;;;;0;;;;2598;ЛОЖЬ;0;;;;;;;;;;;;;;Undefined;491;3428;;;;;;;;;;ЛОЖЬ;;;;;;;;;;;;;;;;;;;;;;;;;;;;;;;;;
DO;55GT110_B2;;COM;;;Bit 2;No;ЛОЖЬ;ЛОЖЬ;;330;;;;;;;0;;;;899;ЛОЖЬ;0;None;;;;;;;;;;;;;Undefined;491;3428;;;;;;;;;;ЛОЖЬ;;;;;;;;;;;;;;;;;;Output;EPKS_UCB;FGS_551_1;786;;;;;;;;;;;;
DO;55GT108_B0;;COM;;;Bit 0;No;ЛОЖЬ;ЛОЖЬ;;526;;;;;;;0;;;;787;ЛОЖЬ;0;None;;;;;;;;;;;;;Undefined;491;3428;;;;;;;;;;ЛОЖЬ;;;;;;;;;;;;;;;;;;Output;EPKS_UCB;FGS_551_1;677;;;;;;;;;;;;
DO;60GT103_B1;;COM;;;Bit 1;No;ЛОЖЬ;ЛОЖЬ;;544;;;;;;;0;;;;853;ЛОЖЬ;0;None;;;;;;;;;;;;;Undefined;491;3428;;;;;;;;;;ЛОЖЬ;;;;;;;;;;;;;;;;;;Output;EPKS_UCB;FGS_551_1;736;;;;;;;;;;;;
M;C572_2_E;;;;;Function block marker;;ЛОЖЬ;ЛОЖЬ;;572;;;;;;;0;;;;2549;ЛОЖЬ;0;;;;;;;;;;;;;;Undefined;491;3428;;;;;;;;;;ЛОЖЬ;;;;;;;;;;;;;;;;;;;;;;;;;;;;;;;;;
DI;55XS454C_P;;COM;;;Ready for start signal В5А;No;ЛОЖЬ;ИСТИНА;;486;;;;;;;0;;;;1543;ЛОЖЬ;0;None;;;;;;1=READY;;;;;;;Undefined;491;3428;;;;;;Low;;;;ЛОЖЬ;;;;ЛОЖЬ;;;;;;;;;;;;;;;;;;;;;;;;;;Input;C300_UCB;FGS_551_1;8
M;650_662_2;;;;;60HS201D;;ЛОЖЬ;ЛОЖЬ;;662;;;;;;;0;;;;2168;ЛОЖЬ;0;;;;;;;1=RESET;;;;;;;Undefined;491;3428;;;;;;;;;;ЛОЖЬ;;;;;;;;;;;;;;;;;;;;;;;;;;;;;;;;;
M;C330_1_D;;;;;Function block marker;;ЛОЖЬ;ЛОЖЬ;;330;;;;;;;0;;;;2908;ЛОЖЬ;0;;;;;;;;;;;;;;Undefined;491;3428;;;;;;;;;;ЛОЖЬ;;;;;;;;;;;;;;;;;;;;;;;;;;;;;;;;;
DO;61XY811;;FLD;;;Beacon near C6 6100;Yes;ИСТИНА;ЛОЖЬ;;714;;;;;;;0;;;;136;ИСТИНА;58342;None;;;;;;1=ON;;;;;;;Undefined;;;;42.06;7;1;1;Appl;;;;ЛОЖЬ;ИСТИНА;;;;;;;;;;;;;;;;;Output;EPKS_UCB;FGS_551_1;524;;;;;;;;;;;;
AI;55GT110;;FLD;;;H2 on outer installation 5500;Yes;ИСТИНА;ЛОЖЬ;;330;ЛОЖЬ;Long;0-20mA;0;3276;;;;;;144;ЛОЖЬ;58061;;None;None;None;None;;;;0;0;;;;-XXXXX.X;0;4095;;42.03;7;3;1;Bottom scale;;;;ЛОЖЬ;;ЛОЖЬ;;;;;;;;;;;;;;;;Output;EPKS_UCB;FGS_551_1;11161;;;;;;;;;;;;
M;564_570_3;;;;;60GA106_FL;;ЛОЖЬ;ЛОЖЬ;;570;;;;;;;0;;;;1977;ЛОЖЬ;0;;;;;;;0=ACTIVATED;;;;;;;Undefined;491;3428;;;;;;;;;;ЛОЖЬ;;;;;;;;;;;;;;;;;;;;;;;;;;;;;;;;;
DO;60GT191_B1;;COM;;;Bit 1;No;ЛОЖЬ;ЛОЖЬ;;734;;;;;;;0;;;;38;ЛОЖЬ;0;None;;;;;;;;;;;;;Undefined;;;;;;;;;;;;ЛОЖЬ;ИСТИНА;;;;;;;;;;;;;;;;;Output;EPKS_UCB;FGS_551_1;420;;;;;;;;;;;;
M;C464_1_C;;;;;Function block marker;;ЛОЖЬ;ЛОЖЬ;;464;;;;;;;0;;;;2809;ЛОЖЬ;0;;;;;;;;;;;;;;Undefined;491;3428;;;;;;;;;;ЛОЖЬ;;;;;;;;;;;;;;;;;;;;;;;;;;;;;;;;;
DO;FGS_551_1.60XA609_2;;FSC;;;T.GD act. in 6000-2-GDAP-U,F,G lamp;Yes;ЛОЖЬ;ЛОЖЬ;;570;;;;;;;0;;;;1092;ЛОЖЬ;0;None;;;;;;1=NORMAL;;;;;;;Undefined;491;3428;;;;;;;;;;ЛОЖЬ;;;;;;Output;FGS_002_1;FGS_551_1;50;;;;;;;;;;;;;;;;;;;;;;;;
DO;55GT108_MOC;;COM;;;MO CONFIRM;No;ЛОЖЬ;ЛОЖЬ;;526;;;;;;;0;;;;790;ИСТИНА;58220;None;;;;;;1=CONFIRMED;;;;;;;Undefined;491;3428;;;;;;;;;;ЛОЖЬ;;;;;;;;;;;;;;;;;;Output;EPKS_UCB;FGS_551_1;680;;;;;;;;;;;;
DO;60XY555D_B0;;COM;;;Bit 0;No;ЛОЖЬ;ЛОЖЬ;;622;;;;;;;0;;;;1739;ИСТИНА;58326;None;;;;;;;;;;;;;Undefined;491;3428;;;;;;;;;;ЛОЖЬ;;;;;;;;;;;;;;;;;;Output;EPKS_UCB;FGS_551_1;887;;;;;;;;;;;;
M;736_852_1;;;;;AREA 6000-5-T.GAS ALARM;;ЛОЖЬ;ЛОЖЬ;;852;;;;;;;0;;;;355;ЛОЖЬ;0;;;;;;;PULSE=ALARM;;;;;;;Undefined;;;;;;;;;;;;ЛОЖЬ;ИСТИНА;;;;;;;;;;;;;;;;;;;;;;;;;;;;;;;;
DI;55XY459C_MOR;;COM;;;MO REQUEST;No;ЛОЖЬ;ИСТИНА;;472;;;;;;;0;;;;3520;ЛОЖЬ;0;None;;;;;;1=REQUEST;;;;;;;Undefined;491;3428;;;;;;Freeze;;;;ЛОЖЬ;;;;ЛОЖЬ;;;;;;;;;;;;;;Input;EPKS_UCB;FGS_551_1;65;;;;;;;;;;;;
DO;61XY803;;FLD;;;Horn near C8 6100;Yes;ИСТИНА;ЛОЖЬ;;714;;;;;;;0;;;;122;ИСТИНА;58341;None;;;;;;1=ON;;;;;;;Undefined;;;;42.06;5;3;1;Appl;;;;ЛОЖЬ;ИСТИНА;;;;;;;;;;;;;;;;;Output;EPKS_UCB;FGS_551_1;523;;;;;;;;;;;;
M;736_4;;;;;;;ЛОЖЬ;ЛОЖЬ;;736;;;;;;;0;;;;366;ЛОЖЬ;0;;;;;;;;;;;;;;Undefined;;;;;;;;;;;;ЛОЖЬ;ИСТИНА;;;;;;;;;;;;;;;;;;;;;;;;;;;;;;;;
M;464_1;;;;;;;ЛОЖЬ;ЛОЖЬ;;464;;;;;;;0;;;;1476;ЛОЖЬ;0;;;;;;;;;;;;;;Undefined;491;3428;;;;;;;;;;ЛОЖЬ;;;;;;;;;;;;;;;;;;;;;;;;;;;;;;;;;
DI;61GT903_MOR;;COM;;;MO REQUEST;No;ЛОЖЬ;ИСТИНА;;708;;;;;;;0;;;;3547;ЛОЖЬ;0;None;;;;;;1=REQUEST;;;;;;;Undefined;;;;;;;;Freeze;;;;ЛОЖЬ;ИСТИНА;;;ЛОЖЬ;;;;;;;;;;;;;;Input;EPKS_UCB;FGS_551_1;92;;;;;;;;;;;;
M;C620_4_E;;;;;Function block marker;;ЛОЖЬ;ЛОЖЬ;;620;;;;;;;0;;;;2489;ЛОЖЬ;0;;;;;;;;;;;;;;Undefined;491;3428;;;;;;;;;;ЛОЖЬ;;;;;;;;;;;;;;;;;;;;;;;;;;;;;;;;;
T;552_3;;;;;;;ЛОЖЬ;ЛОЖЬ;;552;;;;;;;;1 s;30;;180;ЛОЖЬ;0;;;;;;;;;;;;;;Undefined;491;3428;Delayed OFF with constant timer value;;;;;;;;;ЛОЖЬ;;;;;;;;;;;;;;;;;;;;;;;;;;;;;;;;;
T;634_3;;;;;;;ЛОЖЬ;ЛОЖЬ;;634;;;;;;;;10 ms;1;;80;ЛОЖЬ;0;;;;;;;;;;;;;;Undefined;491;3428;Delayed ON memorize with constant timer value;;;;;;;;;ЛОЖЬ;;;;;;;;;;;;;;;;;;;;;;;;;;;;;;;;;
M;1000_5;;;;;;;ЛОЖЬ;ЛОЖЬ;;1000;;;;;;;0;;;;189;ЛОЖЬ;0;;;;;;;;;;;;;;Undefined;;;;;;;;;;;;ЛОЖЬ;ИСТИНА;;;;;;;;;;;;;;;;;;;;;;;;;;;;;;;;
DI;42-RepairTimerStart_CP2;;SYS;;;Repair time started CP2;Yes;ЛОЖЬ;;;22;;;;;;;;;;;31;ЛОЖЬ;0;None;;;;;;1=NORMAL;;;;;;;Undefined;491;3428;;;;;;;;;;ЛОЖЬ;;;;ЛОЖЬ;;;;;;;;;;;;;;Output;EPKS_UCB;FGS_551_1;627;;;;;;;;;;;;
M;370_378_2;;;;;60GT317_RR;;ЛОЖЬ;ЛОЖЬ;;378;;;;;;;0;;;;1400;ЛОЖЬ;0;;;;;;;1=READY;;;;;;;Undefined;491;3428;;;;;;;;;;ЛОЖЬ;;;;;;;;;;;;;;;;;;;;;;;;;;;;;;;;;
M;566_574_2;;;;;60GT107_RR;;ЛОЖЬ;ЛОЖЬ;;574;;;;;;;0;;;;1961;ЛОЖЬ;0;;;;;;;1=READY;;;;;;;Undefined;491;3428;;;;;;;;;;ЛОЖЬ;;;;;;;;;;;;;;;;;;;;;;;;;;;;;;;;;
M;C2475_1;;;;;Compiler marker (168, 157);;ЛОЖЬ;ЛОЖЬ;;2475;;;;;;;0;;;;640;ЛОЖЬ;0;;;;;;;;;;;;;;Undefined;491;3428;;;;;;;;;;ЛОЖЬ;;;;;;;;;;;;;;;;;;;;;;;;;;;;;;;;;
T;330_2;;;;;;;ЛОЖЬ;ЛОЖЬ;;330;;;;;;;;100 ms;10;;124;ЛОЖЬ;0;;;;;;;;;;;;;;Undefined;;;Delayed ON with constant timer value;;;;;;;;;ЛОЖЬ;ИСТИНА;;;;;;;;;;;;;;;;;;;;;;;;;;;;;;;;
T;630_3;;;;;;;ЛОЖЬ;ЛОЖЬ;;630;;;;;;;;10 ms;1;;8;ЛОЖЬ;0;;;;;;;;;;;;;;Undefined;491;3428;Delayed ON memorize with constant timer value;;;;;;;;;ЛОЖЬ;;;;;;;;;;;;;;;;;;;;;;;;;;;;;;;;;
DO;60HS204E_RR;;COM;;;READY TO RESET 6000-1-FLAMMABLE GAS;No;ЛОЖЬ;ЛОЖЬ;;350;;;;;;;0;;;;1046;ИСТИНА;58278;None;;;;;;1=READY;;;;;;;Undefined;491;3428;;;;;;;;;;ЛОЖЬ;;;;;;;;;;;;;;;;;;Output;EPKS_UCB;FGS_551_1;805;;;;;;;;;;;;
M;C2406_4;;;;;Compiler marker (384, 240);;ЛОЖЬ;ЛОЖЬ;;2406;;;;;;;0;;;;1660;ЛОЖЬ;0;;;;;;;;;;;;;;Undefined;491;3428;;;;;;;;;;ЛОЖЬ;;;;;;;;;;;;;;;;;;;;;;;;;;;;;;;;;
M;622_636_1;;;;;60XY555C/D_FL;;ЛОЖЬ;ЛОЖЬ;;636;;;;;;;0;;;;2096;ЛОЖЬ;0;;;;;;;0=cmdSTART;;;;;;;Undefined;491;3428;;;;;;;;;;ЛОЖЬ;;;;;;;;;;;;;;;;;;;;;;;;;;;;;;;;;
DO;60GT191_B2;;COM;;;Bit 2;No;ЛОЖЬ;ЛОЖЬ;;734;;;;;;;0;;;;39;ЛОЖЬ;0;None;;;;;;;;;;;;;Undefined;;;;;;;;;;;;ЛОЖЬ;ИСТИНА;;;;;;;;;;;;;;;;;Output;EPKS_UCB;FGS_551_1;421;;;;;;;;;;;;
DO;55HX452_MD;;COM;;;FAN MODE;No;ЛОЖЬ;ЛОЖЬ;;482;;;;;;;0;;;;1753;ЛОЖЬ;0;None;;;;;;1=AUTO;;;;;;;Undefined;491;3428;;;;;;;;;;ЛОЖЬ;;;;;;;;;;;;;;;;;;Output;EPKS_UCB;FGS_551_1;901;;;;;;;;;;;;
M;668_2;;;;;;;ЛОЖЬ;ЛОЖЬ;;668;;;;;;;0;;;;2173;ЛОЖЬ;0;;;;;;;;;;;;;;Undefined;491;3428;;;;;;;;;;ЛОЖЬ;;;;;;;;;;;;;;;;;;;;;;;;;;;;;;;;;
M;1000_9;;;;;;;ЛОЖЬ;ЛОЖЬ;;1000;;;;;;;0;;;;112;ЛОЖЬ;0;;;;;;;;;;;;;;Undefined;;;;;;;;;;;;ЛОЖЬ;ИСТИНА;;;;;;;;;;;;;;;;;;;;;;;;;;;;;;;;
DI;55HS203A;;FLD;;;Beacon testing and toxic gas Horn near F-5502;No;ИСТИНА;ЛОЖЬ;;530;;;;;;;;;;;61;ИСТИНА;58063;None;;;;;;1=ON;;;;;;;Undefined;491;3428;;42.03;9;6;1;Low;;Digital switch without loop monitoring;;ЛОЖЬ;;;;ЛОЖЬ;;;;;;;;;;;;;;Output;EPKS_UCB;FGS_551_1;438;;;;;;;;;;;;
M;C660_1_B;;;;;Function block marker;;ЛОЖЬ;ЛОЖЬ;;660;;;;;;;0;;;;2378;ЛОЖЬ;0;;;;;;;;;;;;;;Undefined;491;3428;;;;;;;;;;ЛОЖЬ;;;;;;;;;;;;;;;;;;;;;;;;;;;;;;;;;
AI;VM 42.03/7/17;;SYS;;;;Yes;ЛОЖЬ;;;12;ИСТИНА;Float;0-5V (VM);0;5.9;;;;;;200;ЛОЖЬ;0;;None;None;None;None;;;;;;;;;-XXXXX.X;2.5;3.9;;42.03;7;17;1;Scan;;;;ЛОЖЬ;;;;;;;;;;;;;;;;;;;;;;;;;;;;;;;;;
M;634_2;;;;;;;ЛОЖЬ;ЛОЖЬ;;634;;;;;;;0;;;;2122;ЛОЖЬ;0;;;;;;;;;;;;;;Undefined;491;3428;;;;;;;;;;ЛОЖЬ;;;;;;;;;;;;;;;;;;;;;;;;;;;;;;;;;
T;682_2;;;;;;;ЛОЖЬ;ЛОЖЬ;;682;;;;;;;;100 ms;10;;536;ЛОЖЬ;0;;;;;;;;;;;;;;Undefined;;;Delayed ON with constant timer value;;;;;;;;;ЛОЖЬ;ИСТИНА;;;;;;;;;;;;;;;;;;;;;;;;;;;;;;;;
DO;55GT107_B0;;COM;;;Bit 0;No;ЛОЖЬ;ЛОЖЬ;;524;;;;;;;0;;;;782;ЛОЖЬ;0;None;;;;;;;;;;;;;Undefined;491;3428;;;;;;;;;;ЛОЖЬ;;;;;;;;;;;;;;;;;;Output;EPKS_UCB;FGS_551_1;672;;;;;;;;;;;;
DI;60HS549B;;COM;;;DCS STOP;No;ЛОЖЬ;ИСТИНА;;634;;;;;;;0;;;;3539;ЛОЖЬ;0;None;;;;;;1=DCScmdSTOP;;;;;;;Undefined;491;3428;;;;;;Low;;;;ЛОЖЬ;;;;ЛОЖЬ;;;;;;;;;;;;;;Input;EPKS_UCB;FGS_551_1;84;;;;;;;;;;;;
M;2462_F;;;;;1=cmdCLOSE/cmdSTOP;;ЛОЖЬ;ЛОЖЬ;;2462;;;;;;;0;;;;1669;ЛОЖЬ;0;;;;;;;;;;;;;;Undefined;491;3428;;;;;;;;;;ЛОЖЬ;;;;;;;;;;;;;;;;;;;;;;;;;;;;;;;;;
M;570_6;;;;;;;ЛОЖЬ;ЛОЖЬ;;570;;;;;;;0;;;;1953;ЛОЖЬ;0;;;;;;;;;;;;;;Undefined;491;3428;;;;;;;;;;ЛОЖЬ;;;;;;;;;;;;;;;;;;;;;;;;;;;;;;;;;
M;314_2;;;;;;;ЛОЖЬ;ЛОЖЬ;;314;;;;;;;0;;;;1362;ЛОЖЬ;0;;;;;;;;;;;;;;Undefined;491;3428;;;;;;;;;;ЛОЖЬ;;;;;;;;;;;;;;;;;;;;;;;;;;;;;;;;;
DO;60XA305T;;FLD;;;Beacon on cabinet 60AT305;Yes;ИСТИНА;ЛОЖЬ;;694;;;;;;;0;;;;111;ИСТИНА;58064;None;;;;;;1=ON;;;;;;;Undefined;491;3428;;42.04;13;8;1;Appl;;;;ЛОЖЬ;;;;;;;;;;;;;;;;;;Output;EPKS_UCB;FGS_551_1;552;;;;;;;;;;;;
R;2440_G;;;;;SP;;ЛОЖЬ;ЛОЖЬ;;2440;;Byte;;;;;0;;;;1140;ЛОЖЬ;0;;;;;;;;;;;;;;Undefined;491;3428;;;;;;;;;;ЛОЖЬ;;;;;;;;;;;;;;;;;;;;;;;;;;;;;;;;;
DO;60XA291T1;;FLD;;;Beacon near Tr 6000-5;Yes;ИСТИНА;ЛОЖЬ;;736;;;;;;;0;;;;157;ИСТИНА;58333;None;;;;;;1=ON;;;;;;;Undefined;;;;42.06;9;6;1;Appl;;;;ЛОЖЬ;ИСТИНА;;;;;;;;;;;;;;;;;Output;EPKS_UCB;FGS_551_1;479;;;;;;;;;;;;
M;612_10;;;;;;;ЛОЖЬ;ЛОЖЬ;;612;;;;;;;0;;;;426;ЛОЖЬ;0;;;;;;;;;;;;;;Undefined;;;;;;;;;;;;ЛОЖЬ;ИСТИНА;;;;;;;;;;;;;;;;;;;;;;;;;;;;;;;;
DO;FGS_551_1.60XA606_1;;FSC;;;Fl.GD act. in 6000-1-GDAP-U,F,G lamp;Yes;ЛОЖЬ;ЛОЖЬ;;354;;;;;;;0;;;;1104;ЛОЖЬ;0;None;;;;;;PULSE=ALARM;;;;;;;Undefined;491;3428;;;;;;;;;;ЛОЖЬ;;;;;;Output;FGS_002_1;FGS_551_1;46;;;;;;;;;;;;;;;;;;;;;;;;
M;C614_2_I;;;;;Function block marker;;ЛОЖЬ;ЛОЖЬ;;614;;;;;;;0;;;;2498;ЛОЖЬ;0;;;;;;;;;;;;;;Undefined;491;3428;;;;;;;;;;ЛОЖЬ;;;;;;;;;;;;;;;;;;;;;;;;;;;;;;;;;
BI;42-Day;;SYS;;;Day;No;ЛОЖЬ;;;23;;Byte;;;;;;;;;3;;0;;;;;;;;;0;0;;;;-XXXXX.X;491;3428;;;;;;;;;;ЛОЖЬ;;;;;;;;;;;;;;;;;;;;;;;;;;;;;;;;;
M;2410_E;;;;;Bit 1;;ЛОЖЬ;ЛОЖЬ;;2410;;;;;;;0;;;;1634;ЛОЖЬ;0;;;;;;;;;;;;;;Undefined;491;3428;;;;;;;;;;ЛОЖЬ;;;;;;;;;;;;;;;;;;;;;;;;;;;;;;;;;
DO;FGS_551_1.55XA602_6;;FSC;;;IB-55-1-Fl.GAS ALARM;Yes;ЛОЖЬ;ЛОЖЬ;;850;;;;;;;0;;;;115;ЛОЖЬ;0;None;;;;;;1=NORMAL;;;;;;;Undefined;491;3428;;;;;;;;;;ЛОЖЬ;;;;;;;;;;;;;;;;;;;;;;Output;FGS_001_1;FGS_551_1;3;;;;;;;;
M;C582_2_F;;;;;Function block marker;;ЛОЖЬ;ЛОЖЬ;;582;;;;;;;0;;;;2543;ЛОЖЬ;0;;;;;;;;;;;;;;Undefined;491;3428;;;;;;;;;;ЛОЖЬ;;;;;;;;;;;;;;;;;;;;;;;;;;;;;;;;;
T;392_1;;;;;;;ЛОЖЬ;ЛОЖЬ;;392;;;;;;;;100 ms;10;;172;ЛОЖЬ;0;;;;;;;;;;;;;;Undefined;;;Delayed ON with constant timer value;;;;;;;;;ЛОЖЬ;ИСТИНА;;;;;;;;;;;;;;;;;;;;;;;;;;;;;;;;
M;C480_2_J;;;;;Function block marker;;ЛОЖЬ;ЛОЖЬ;;480;;;;;;;0;;;;2773;ЛОЖЬ;0;;;;;;;;;;;;;;Undefined;491;3428;;;;;;;;;;ЛОЖЬ;;;;;;;;;;;;;;;;;;;;;;;;;;;;;;;;;
DO;60GT101_B1;;COM;;;Bit 1;No;ЛОЖЬ;ЛОЖЬ;;542;;;;;;;0;;;;838;ЛОЖЬ;0;None;;;;;;;;;;;;;Undefined;491;3428;;;;;;;;;;ЛОЖЬ;;;;;;;;;;;;;;;;;;Output;EPKS_UCB;FGS_551_1;721;;;;;;;;;;;;
M;C634_1_L;;;;;Function block marker;;ЛОЖЬ;ЛОЖЬ;;634;;;;;;;0;;;;2410;ЛОЖЬ;0;;;;;;;;;;;;;;Undefined;491;3428;;;;;;;;;;ЛОЖЬ;;;;;;;;;;;;;;;;;;;;;;;;;;;;;;;;;
DO;60HX549_MD;;COM;;;FAN MODE;No;ЛОЖЬ;ЛОЖЬ;;634;;;;;;;0;;;;1788;ЛОЖЬ;0;None;;;;;;1=AUTO;;;;;;;Undefined;491;3428;;;;;;;;;;ЛОЖЬ;;;;;;;;;;;;;;;;;;Output;EPKS_UCB;FGS_551_1;936;;;;;;;;;;;;
M;C506_1;;;;;Compiler marker (256, 61);;ЛОЖЬ;ЛОЖЬ;;506;;;;;;;0;;;;2297;ЛОЖЬ;0;;;;;;;;;;;;;;Undefined;491;3428;;;;;;;;;;ЛОЖЬ;;;;;;;;;;;;;;;;;;;;;;;;;;;;;;;;;
R;2407_F;;;;;H ALARM LEVEL;;ЛОЖЬ;ЛОЖЬ;;2407;;Long;;;;;0;;;;32;ЛОЖЬ;0;;;;;;;;;;;;;;Undefined;;;;;;;;;;;;ЛОЖЬ;ИСТИНА;;;;;;;;;;;;;;;;;;;;;;;;;;;;;;;;
M;376_1;;;;;;;ЛОЖЬ;ЛОЖЬ;;376;;;;;;;0;;;;1427;ЛОЖЬ;0;;;;;;;;;;;;;;Undefined;491;3428;;;;;;;;;;ЛОЖЬ;;;;;;;;;;;;;;;;;;;;;;;;;;;;;;;;;
DO;61XY824;;FLD;;;Beacon near W Exit 6100;Yes;ИСТИНА;ЛОЖЬ;;714;;;;;;;0;;;;154;ИСТИНА;58337;None;;;;;;1=ON;;;;;;;Undefined;;;;42.06;9;3;1;Appl;;;;ЛОЖЬ;ИСТИНА;;;;;;;;;;;;;;;;;Output;EPKS_UCB;FGS_551_1;494;;;;;;;;;;;;
DO;55HX452OP_B1;;COM;;;Bit 1;No;ЛОЖЬ;ЛОЖЬ;;482;;;;;;;0;;;;1752;ЛОЖЬ;0;None;;;;;;;;;;;;;Undefined;491;3428;;;;;;;;;;ЛОЖЬ;;;;;;;;;;;;;;;;;;Output;EPKS_UCB;FGS_551_1;900;;;;;;;;;;;;
M;C390_2_G;;;;;Function block marker;;ЛОЖЬ;ЛОЖЬ;;390;;;;;;;0;;;;2852;ЛОЖЬ;0;;;;;;;;;;;;;;Undefined;491;3428;;;;;;;;;;ЛОЖЬ;;;;;;;;;;;;;;;;;;;;;;;;;;;;;;;;;
M;C566_1_E;;;;;Function block marker;;ЛОЖЬ;ЛОЖЬ;;566;;;;;;;0;;;;2567;ЛОЖЬ;0;;;;;;;;;;;;;;Undefined;491;3428;;;;;;;;;;ЛОЖЬ;;;;;;;;;;;;;;;;;;;;;;;;;;;;;;;;;
T;610_2;;;;;;;ЛОЖЬ;ЛОЖЬ;;610;;;;;;;;100 ms;10;;472;ЛОЖЬ;0;;;;;;;;;;;;;;Undefined;;;Delayed ON with constant timer value;;;;;;;;;ЛОЖЬ;ИСТИНА;;;;;;;;;;;;;;;;;;;;;;;;;;;;;;;;
M;C582_3_D;;;;;Function block marker;;ЛОЖЬ;ЛОЖЬ;;582;;;;;;;0;;;;2542;ЛОЖЬ;0;;;;;;;;;;;;;;Undefined;491;3428;;;;;;;;;;ЛОЖЬ;;;;;;;;;;;;;;;;;;;;;;;;;;;;;;;;;
M;C618_2_E;;;;;Function block marker;;ЛОЖЬ;ЛОЖЬ;;618;;;;;;;0;;;;2493;ЛОЖЬ;0;;;;;;;;;;;;;;Undefined;491;3428;;;;;;;;;;ЛОЖЬ;;;;;;;;;;;;;;;;;;;;;;;;;;;;;;;;;
M;550_1;;;;;;;ЛОЖЬ;ЛОЖЬ;;550;;;;;;;0;;;;1908;ЛОЖЬ;0;;;;;;;;;;;;;;Undefined;491;3428;;;;;;;;;;ЛОЖЬ;;;;;;;;;;;;;;;;;;;;;;;;;;;;;;;;;
DO;61GA902;;COM;;;TRIP INITIATOR Toxic gas;No;ЛОЖЬ;ЛОЖЬ;;706;;;;;;;1;;;;51;ИСТИНА;58006;None;;;;;;1=NORMAL;;;;;;;Undefined;;;;;;;;;;;;ЛОЖЬ;ИСТИНА;;;;;;;;;;;;;;;;;Output;EPKS_UCB;FGS_551_1;464;;;;;;;;;;;;
M;C524_2_G;;;;;Function block marker;;ЛОЖЬ;ЛОЖЬ;;524;;;;;;;0;;;;2662;ЛОЖЬ;0;;;;;;;;;;;;;;Undefined;491;3428;;;;;;;;;;ЛОЖЬ;;;;;;;;;;;;;;;;;;;;;;;;;;;;;;;;;
M;614_630_1;;;;;60GA307/308_FL;;ЛОЖЬ;ЛОЖЬ;;630;;;;;;;0;;;;2106;ЛОЖЬ;0;;;;;;;0=ACTIVATED;;;;;;;Undefined;491;3428;;;;;;;;;;ЛОЖЬ;;;;;;;;;;;;;;;;;;;;;;;;;;;;;;;;;
T;482_5;;;;;;;ЛОЖЬ;ЛОЖЬ;;482;;;;;;;;1 s;0;;144;ЛОЖЬ;0;;;;;;;;;;;;;;Undefined;491;3428;Delayed ON memorize with variable timer value;;;;;;;;;ЛОЖЬ;;;;;;;;;;;;;;;;;;;;;;;;;;;;;;;;;
M;620_2;;;;;;;ЛОЖЬ;ЛОЖЬ;;620;;;;;;;0;;;;2080;ЛОЖЬ;0;;;;;;;;;;;;;;Undefined;491;3428;;;;;;;;;;ЛОЖЬ;;;;;;;;;;;;;;;;;;;;;;;;;;;;;;;;;
DO;FGS_551_1.55XA601_6;;FSC;;;IB-55-1-T.GAS ALARM;Yes;ЛОЖЬ;ЛОЖЬ;;854;;;;;;;0;;;;117;ЛОЖЬ;0;None;;;;;;1=NORMAL;;;;;;;Undefined;491;3428;;;;;;;;;;ЛОЖЬ;;;;;;;;;;;;;;;;;;;;;;Output;FGS_001_1;FGS_551_1;5;;;;;;;;
DO;60XY555C_B0;;COM;;;Bit 0;No;ЛОЖЬ;ЛОЖЬ;;622;;;;;;;0;;;;1736;ИСТИНА;58324;None;;;;;;;;;;;;;Undefined;491;3428;;;;;;;;;;ЛОЖЬ;;;;;;;;;;;;;;;;;;Output;EPKS_UCB;FGS_551_1;884;;;;;;;;;;;;
DI;42-CP_Fault;;SYS;672-20;;Control processor fault;Yes;ЛОЖЬ;;;20;;;;;;;;;;;19;ЛОЖЬ;0;None;;;;;;1=NORMAL;;;;;;;Undefined;491;3428;;;;;;;;;;ЛОЖЬ;;;;ЛОЖЬ;;;;;;;;;;;;;;Output;EPKS_UCB;FGS_551_1;602;;;;;;;;;;;;
M;2405_B;;;;;0=LINE FAULT;;ЛОЖЬ;ЛОЖЬ;;2405;;;;;;;0;;;;1370;ЛОЖЬ;0;;;;;;;;;;;;;;Undefined;491;3428;;;;;;;;;;ЛОЖЬ;;;;;;;;;;;;;;;;;;;;;;;;;;;;;;;;;
T;692_6;;;;;;;ЛОЖЬ;ЛОЖЬ;;692;;;;;;;;1 s;30;;308;ЛОЖЬ;0;;;;;;;;;;;;;;Undefined;491;3428;Delayed OFF with constant timer value;;;;;;;;;ЛОЖЬ;;;;;;;;;;;;;;;;;;;;;;;;;;;;;;;;;
M;C1000_3_F;;;;;Function block marker;;ЛОЖЬ;ЛОЖЬ;;1000;;;;;;;0;;;;334;ЛОЖЬ;0;;;;;;;;;;;;;;Undefined;;;;;;;;;;;;ЛОЖЬ;ИСТИНА;;;;;;;;;;;;;;;;;;;;;;;;;;;;;;;;
M;C2404_1;;;;;Compiler marker (224, 96);;ЛОЖЬ;ЛОЖЬ;;2404;;;;;;;0;;;;1685;ЛОЖЬ;0;;;;;;;;;;;;;;Undefined;491;3428;;;;;;;;;;ЛОЖЬ;;;;;;;;;;;;;;;;;;;;;;;;;;;;;;;;;
M;C734_2_H;;;;;Function block marker;;ЛОЖЬ;ЛОЖЬ;;734;;;;;;;0;;;;376;ЛОЖЬ;0;;;;;;;;;;;;;;Undefined;;;;;;;;;;;;ЛОЖЬ;ИСТИНА;;;;;;;;;;;;;;;;;;;;;;;;;;;;;;;;
M;C482_2_L;;;;;Function block marker;;ЛОЖЬ;ЛОЖЬ;;482;;;;;;;0;;;;2754;ЛОЖЬ;0;;;;;;;;;;;;;;Undefined;491;3428;;;;;;;;;;ЛОЖЬ;;;;;;;;;;;;;;;;;;;;;;;;;;;;;;;;;
M;2475_E;;;;;      ????;;ЛОЖЬ;ЛОЖЬ;;2475;;;;;;;0;;;;329;ЛОЖЬ;0;;;;;;;;;;;;;;Undefined;;;;;;;;;;;;ЛОЖЬ;ИСТИНА;;;;;;;;;;;;;;;;;;;;;;;;;;;;;;;;
M;C522_1_D;;;;;Function block marker;;ЛОЖЬ;ЛОЖЬ;;522;;;;;;;0;;;;2667;ЛОЖЬ;0;;;;;;;;;;;;;;Undefined;491;3428;;;;;;;;;;ЛОЖЬ;;;;;;;;;;;;;;;;;;;;;;;;;;;;;;;;;
M;C632_1_M;;;;;Function block marker;;ЛОЖЬ;ЛОЖЬ;;632;;;;;;;0;;;;2432;ЛОЖЬ;0;;;;;;;;;;;;;;Undefined;491;3428;;;;;;;;;;ЛОЖЬ;;;;;;;;;;;;;;;;;;;;;;;;;;;;;;;;;
T;482_4;;;;;;;ЛОЖЬ;ЛОЖЬ;;482;;;;;;;;10 ms;1;;28;ЛОЖЬ;0;;;;;;;;;;;;;;Undefined;491;3428;Delayed ON memorize with constant timer value;;;;;;;;;ЛОЖЬ;;;;;;;;;;;;;;;;;;;;;;;;;;;;;;;;;
DO;FGS_551_1.55XA604_1;;FSC;;;Fl.GD act. in 5500-2-GDAP-U,F,G lamp;Yes;ЛОЖЬ;ЛОЖЬ;;334;;;;;;;0;;;;1073;ЛОЖЬ;0;None;;;;;;PULSE=ALARM;;;;;;;Undefined;491;3428;;;;;;;;;;ЛОЖЬ;;;;;;Output;FGS_002_1;FGS_551_1;41;;;;;;;;;;;;;;;;;;;;;;;;
DI;55HS459C1A;;FLD;;;В2А ... В5А - start at gas pollution;Yes;ИСТИНА;ЛОЖЬ;;472;;;;;;;;;;;120;ЛОЖЬ;58065;None;;;;;;1=ON;;;;;;;Undefined;491;3428;;42.05;15;1;1;Low;;Digital switch without loop monitoring;;ЛОЖЬ;ИСТИНА;;;ЛОЖЬ;;;;;;;;;;;;;;Output;EPKS_UCB;FGS_551_1;467;;;;;;;;;;;;
M;472_482_1;;;;;55XY459C/D_FL;;ЛОЖЬ;ЛОЖЬ;;482;;;;;;;0;;;;1829;ЛОЖЬ;0;;;;;;;0=cmdSTART;;;;;;;Undefined;491;3428;;;;;;;;;;ЛОЖЬ;;;;;;;;;;;;;;;;;;;;;;;;;;;;;;;;;
DO;60XA204F3;;FLD;;;Beacon Near H-6001;Yes;ИСТИНА;ЛОЖЬ;;354;;;;;;;0;;;;95;ИСТИНА;58066;None;;;;;;1=ON;;;;;;;Undefined;491;3428;;42.04;11;8;1;Appl;;;;ЛОЖЬ;;;;;;;;;;;;;;;;;;Output;EPKS_UCB;FGS_551_1;544;;;;;;;;;;;;
M;666_2;;;;;;;ЛОЖЬ;ЛОЖЬ;;666;;;;;;;0;;;;2171;ЛОЖЬ;0;;;;;;;;;;;;;;Undefined;491;3428;;;;;;;;;;ЛОЖЬ;;;;;;;;;;;;;;;;;;;;;;;;;;;;;;;;;
M;C564_3_C;;;;;Function block marker;;ЛОЖЬ;ЛОЖЬ;;564;;;;;;;0;;;;2578;ЛОЖЬ;0;;;;;;;;;;;;;;Undefined;491;3428;;;;;;;;;;ЛОЖЬ;;;;;;;;;;;;;;;;;;;;;;;;;;;;;;;;;
M;C310_3_F;;;;;Function block marker;;ЛОЖЬ;ЛОЖЬ;;310;;;;;;;0;;;;2932;ЛОЖЬ;0;;;;;;;;;;;;;;Undefined;491;3428;;;;;;;;;;ЛОЖЬ;;;;;;;;;;;;;;;;;;;;;;;;;;;;;;;;;
M;C636_1_N;;;;;Function block marker;;ЛОЖЬ;ЛОЖЬ;;636;;;;;;;0;;;;2391;ЛОЖЬ;0;;;;;;;;;;;;;;Undefined;491;3428;;;;;;;;;;ЛОЖЬ;;;;;;;;;;;;;;;;;;;;;;;;;;;;;;;;;
M;528_530_1;;;;;AREA 5500-2-T.GAS ALARM;;ЛОЖЬ;ЛОЖЬ;;530;;;;;;;0;;;;1869;ЛОЖЬ;0;;;;;;;PULSE=ALARM;;;;;;;Undefined;491;3428;;;;;;;;;;ЛОЖЬ;;;;;;;;;;;;;;;;;;;;;;;;;;;;;;;;;
DI;60GT317_MOR;;COM;;;MO REQUEST;No;ЛОЖЬ;ИСТИНА;;370;;;;;;;0;;;;3499;ЛОЖЬ;0;None;;;;;;1=REQUEST;;;;;;;Undefined;491;3428;;;;;;Freeze;;;;ЛОЖЬ;;;;ЛОЖЬ;;;;;;;;;;;;;;Input;EPKS_UCB;FGS_551_1;44;;;;;;;;;;;;
DO;60GT106_B2;;COM;;;Bit 2;No;ЛОЖЬ;ЛОЖЬ;;564;;;;;;;0;;;;864;ЛОЖЬ;0;None;;;;;;;;;;;;;Undefined;491;3428;;;;;;;;;;ЛОЖЬ;;;;;;;;;;;;;;;;;;Output;EPKS_UCB;FGS_551_1;748;;;;;;;;;;;;
M;334_338_2;;;;;AREA 5500-2-FL.GAS ALARM;;ЛОЖЬ;ЛОЖЬ;;338;;;;;;;0;;;;2259;ЛОЖЬ;0;;;;;;;0=ACTIVATED;;;;;;;Undefined;491;3428;;;;;;;;;;ЛОЖЬ;;;;;;;;;;;;;;;;;;;;;;;;;;;;;;;;;
M;C634_2_J;;;;;Function block marker;;ЛОЖЬ;ЛОЖЬ;;634;;;;;;;0;;;;2421;ЛОЖЬ;0;;;;;;;;;;;;;;Undefined;491;3428;;;;;;;;;;ЛОЖЬ;;;;;;;;;;;;;;;;;;;;;;;;;;;;;;;;;
M;2490_2;;;;;;;ЛОЖЬ;ЛОЖЬ;;2490;;;;;;;0;;;;465;ЛОЖЬ;0;;;;;;;;;;;;;;Undefined;;;;;;;;;;;;ЛОЖЬ;ИСТИНА;;;;;;;;;;;;;;;;;;;;;;;;;;;;;;;;
DI;42-ForceEnable;;SYS;;;Force Enable;Yes;ЛОЖЬ;;;21;;;;;;;;;;;1;ЛОЖЬ;0;None;;;;;;1=NORMAL;;;;;;;Undefined;491;3428;;;;;;;;;;ЛОЖЬ;;;;ЛОЖЬ;;;;;;;;;;;;;;Output;EPKS_UCB;FGS_551_1;624;;;;;;;;;;;;
T;734_2;;;;;;;ЛОЖЬ;ЛОЖЬ;;734;;;;;;;;100 ms;10;;568;ЛОЖЬ;0;;;;;;;;;;;;;;Undefined;;;Delayed ON with constant timer value;;;;;;;;;ЛОЖЬ;ИСТИНА;;;;;;;;;;;;;;;;;;;;;;;;;;;;;;;;
M;C636_2_4;;;;;Function block marker;;ЛОЖЬ;ЛОЖЬ;;636;;;;;;;0;;;;2407;ЛОЖЬ;0;;;;;;;;;;;;;;Undefined;491;3428;;;;;;;;;;ЛОЖЬ;;;;;;;;;;;;;;;;;;;;;;;;;;;;;;;;;
T;542_2;;;;;;;ЛОЖЬ;ЛОЖЬ;;542;;;;;;;;100 ms;10;;348;ЛОЖЬ;0;;;;;;;;;;;;;;Undefined;;;Delayed ON with constant timer value;;;;;;;;;ЛОЖЬ;ИСТИНА;;;;;;;;;;;;;;;;;;;;;;;;;;;;;;;;
M;620_3;;;;;;;ЛОЖЬ;ЛОЖЬ;;620;;;;;;;0;;;;2090;ЛОЖЬ;0;;;;;;;;;;;;;;Undefined;491;3428;;;;;;;;;;ЛОЖЬ;;;;;;;;;;;;;;;;;;;;;;;;;;;;;;;;;
AI;55GT103;;FLD;;;H2S in pump section;Yes;ИСТИНА;ЛОЖЬ;;462;ЛОЖЬ;Long;0-20mA;0;3276;;;;;;68;ЛОЖЬ;58067;;None;None;None;None;;;;0;0;;;;-XXXXX.X;0;4095;;42.03;5;1;1;Bottom scale;;;;ЛОЖЬ;;ЛОЖЬ;;;;;;;;;;;;;;;;Output;EPKS_UCB;FGS_551_1;11089;;;;;;;;;;;;
DO;60GT103_B0;;COM;;;Bit 0;No;ЛОЖЬ;ЛОЖЬ;;544;;;;;;;0;;;;852;ЛОЖЬ;0;None;;;;;;;;;;;;;Undefined;491;3428;;;;;;;;;;ЛОЖЬ;;;;;;;;;;;;;;;;;;Output;EPKS_UCB;FGS_551_1;735;;;;;;;;;;;;
M;C2463_6;;;;;Compiler marker (232, 199);;ЛОЖЬ;ЛОЖЬ;;2463;;;;;;;0;;;;135;ЛОЖЬ;0;;;;;;;;;;;;;;Undefined;491;3428;;;;;;;;;;ЛОЖЬ;;;;;;;;;;;;;;;;;;;;;;;;;;;;;;;;;
M;1000_6;;;;;;;ЛОЖЬ;ЛОЖЬ;;1000;;;;;;;0;;;;190;ЛОЖЬ;0;;;;;;;;;;;;;;Undefined;;;;;;;;;;;;ЛОЖЬ;ИСТИНА;;;;;;;;;;;;;;;;;;;;;;;;;;;;;;;;
M;312_5;;;;;;;ЛОЖЬ;ЛОЖЬ;;312;;;;;;;0;;;;243;ЛОЖЬ;0;;;;;;;;;;;;;;Undefined;491;3428;;;;;;;;;;ЛОЖЬ;;;;;;;;;;;;;;;;;;;;;;;;;;;;;;;;;
M;314_1;;;;;;;ЛОЖЬ;ЛОЖЬ;;314;;;;;;;0;;;;1361;ЛОЖЬ;0;;;;;;;;;;;;;;Undefined;491;3428;;;;;;;;;;ЛОЖЬ;;;;;;;;;;;;;;;;;;;;;;;;;;;;;;;;;
M;588_20;;;;;;;ЛОЖЬ;ЛОЖЬ;;588;;;;;;;0;;;;2005;ЛОЖЬ;0;;;;;;;;;;;;;;Undefined;491;3428;;;;;;;;;;ЛОЖЬ;;;;;;;;;;;;;;;;;;;;;;;;;;;;;;;;;
M;C484_1_M;;;;;Function block marker;;ЛОЖЬ;ЛОЖЬ;;484;;;;;;;0;;;;2721;ЛОЖЬ;0;;;;;;;;;;;;;;Undefined;491;3428;;;;;;;;;;ЛОЖЬ;;;;;;;;;;;;;;;;;;;;;;;;;;;;;;;;;
M;664_4;;;;;;;ЛОЖЬ;ЛОЖЬ;;664;;;;;;;0;;;;106;ЛОЖЬ;0;;;;;;;;;;;;;;Undefined;491;3428;;;;;;;;;;ЛОЖЬ;;;;;;;;;;;;;;;;;;;;;;;;;;;;;;;;;
DI;42-InputLoopFault;;SYS;;;Input loop fault;Yes;ЛОЖЬ;;;21;;;;;;;;;;;22;ЛОЖЬ;0;None;;;;;;1=NORMAL;;;;;;;Undefined;491;3428;;;;;;;;;;ЛОЖЬ;;;;ЛОЖЬ;;;;;;;;;;;;;;Output;EPKS_UCB;FGS_551_1;615;;;;;;;;;;;;
DO;60GT316_MOC;;COM;;;MO CONFIRM;No;ЛОЖЬ;ЛОЖЬ;;392;;;;;;;0;;;;915;ИСТИНА;58276;None;;;;;;1=CONFIRMED;;;;;;;Undefined;491;3428;;;;;;;;;;ЛОЖЬ;;;;;;;;;;;;;;;;;;Output;EPKS_UCB;FGS_551_1;803;;;;;;;;;;;;
M;300_310_2;;;;;55HS202E;;ЛОЖЬ;ЛОЖЬ;;310;;;;;;;0;;;;1375;ЛОЖЬ;0;;;;;;;1=RESET;;;;;;;Undefined;491;3428;;;;;;;;;;ЛОЖЬ;;;;;;;;;;;;;;;;;;;;;;;;;;;;;;;;;
M;C564_1_E;;;;;Function block marker;;ЛОЖЬ;ЛОЖЬ;;564;;;;;;;0;;;;2576;ЛОЖЬ;0;;;;;;;;;;;;;;Undefined;491;3428;;;;;;;;;;ЛОЖЬ;;;;;;;;;;;;;;;;;;;;;;;;;;;;;;;;;
DO;55GT102_B2;;COM;;;Bit 2;No;ЛОЖЬ;ЛОЖЬ;;460;;;;;;;0;;;;759;ЛОЖЬ;0;None;;;;;;;;;;;;;Undefined;491;3428;;;;;;;;;;ЛОЖЬ;;;;;;;;;;;;;;;;;;Output;EPKS_UCB;FGS_551_1;642;;;;;;;;;;;;
M;C688_1_B;;;;;Function block marker;;ЛОЖЬ;ЛОЖЬ;;688;;;;;;;0;;;;2314;ЛОЖЬ;0;;;;;;;;;;;;;;Undefined;491;3428;;;;;;;;;;ЛОЖЬ;;;;;;;;;;;;;;;;;;;;;;;;;;;;;;;;;
M;468_4;;;;;;;ЛОЖЬ;ЛОЖЬ;;468;;;;;;;0;;;;1502;ЛОЖЬ;0;;;;;;;;;;;;;;Undefined;491;3428;;;;;;;;;;ЛОЖЬ;;;;;;;;;;;;;;;;;;;;;;;;;;;;;;;;;
M;C582_1_D;;;;;Function block marker;;ЛОЖЬ;ЛОЖЬ;;582;;;;;;;0;;;;2538;ЛОЖЬ;0;;;;;;;;;;;;;;Undefined;491;3428;;;;;;;;;;ЛОЖЬ;;;;;;;;;;;;;;;;;;;;;;;;;;;;;;;;;
T;636_1;;;;;;;ЛОЖЬ;ЛОЖЬ;;636;;;;;;;;100 ms;50;;412;ЛОЖЬ;0;;;;;;;;;;;;;;Undefined;491;3428;Pulse retriggerable with constant timer value;;;;;;;;;ЛОЖЬ;;;;;;;;;;;;;;;;;;;;;;;;;;;;;;;;;
M;C562_1_E;;;;;Function block marker;;ЛОЖЬ;ЛОЖЬ;;562;;;;;;;0;;;;2587;ЛОЖЬ;0;;;;;;;;;;;;;;Undefined;491;3428;;;;;;;;;;ЛОЖЬ;;;;;;;;;;;;;;;;;;;;;;;;;;;;;;;;;
R;2406_G;;;;;HH ALARM LEVEL;;ЛОЖЬ;ЛОЖЬ;;2406;;Long;;;;;0;;;;28;ЛОЖЬ;0;;;;;;;;;;;;;;Undefined;;;;;;;;;;;;ЛОЖЬ;ИСТИНА;;;;;;;;;;;;;;;;;;;;;;;;;;;;;;;;
M;C526_2_G;;;;;Function block marker;;ЛОЖЬ;ЛОЖЬ;;526;;;;;;;0;;;;2652;ЛОЖЬ;0;;;;;;;;;;;;;;Undefined;491;3428;;;;;;;;;;ЛОЖЬ;;;;;;;;;;;;;;;;;;;;;;;;;;;;;;;;;
M;688_696_2;;;;;60GT313_RR;;ЛОЖЬ;ЛОЖЬ;;696;;;;;;;0;;;;2196;ЛОЖЬ;0;;;;;;;1=READY;;;;;;;Undefined;491;3428;;;;;;;;;;ЛОЖЬ;;;;;;;;;;;;;;;;;;;;;;;;;;;;;;;;;
M;548_4;;;;;;;ЛОЖЬ;ЛОЖЬ;;548;;;;;;;0;;;;629;ЛОЖЬ;0;;;;;;;;;;;;;;Undefined;491;3428;;;;;;;;;;ЛОЖЬ;;;;;;;;;;;;;;;;;;;;;;;;;;;;;;;;;
M;632_1;;;;;;;ЛОЖЬ;ЛОЖЬ;;632;;;;;;;0;;;;123;ЛОЖЬ;0;;;;;;;;;;;;;;Undefined;491;3428;;;;;;;;;;ЛОЖЬ;;;;;;;;;;;;;;;;;;;;;;;;;;;;;;;;;
T;664_1;;;;;;;ЛОЖЬ;ЛОЖЬ;;664;;;;;;;;100 ms;10;;488;ЛОЖЬ;0;;;;;;;;;;;;;;Undefined;;;Delayed ON with constant timer value;;;;;;;;;ЛОЖЬ;ИСТИНА;;;;;;;;;;;;;;;;;;;;;;;;;;;;;;;;
T;524_1;;;;;;;ЛОЖЬ;ЛОЖЬ;;524;;;;;;;;100 ms;10;;288;ЛОЖЬ;0;;;;;;;;;;;;;;Undefined;;;Delayed ON with constant timer value;;;;;;;;;ЛОЖЬ;ИСТИНА;;;;;;;;;;;;;;;;;;;;;;;;;;;;;;;;
M;634_6;;;;;;;ЛОЖЬ;ЛОЖЬ;;634;;;;;;;0;;;;1406;ЛОЖЬ;0;;;;;;;;;;;;;;Undefined;491;3428;;;;;;;;;;ЛОЖЬ;;;;;;;;;;;;;;;;;;;;;;;;;;;;;;;;;
M;546_550_3;;;;;60GA104_FL;;ЛОЖЬ;ЛОЖЬ;;550;;;;;;;0;;;;1906;ЛОЖЬ;0;;;;;;;0=ACTIVATED;;;;;;;Undefined;491;3428;;;;;;;;;;ЛОЖЬ;;;;;;;;;;;;;;;;;;;;;;;;;;;;;;;;;
M;372_4;;;;;;;ЛОЖЬ;ЛОЖЬ;;372;;;;;;;0;;;;1419;ЛОЖЬ;0;;;;;;;;;;;;;;Undefined;491;3428;;;;;;;;;;ЛОЖЬ;;;;;;;;;;;;;;;;;;;;;;;;;;;;;;;;;
M;C392_3_G;;;;;Function block marker;;ЛОЖЬ;ЛОЖЬ;;392;;;;;;;0;;;;2842;ЛОЖЬ;0;;;;;;;;;;;;;;Undefined;491;3428;;;;;;;;;;ЛОЖЬ;;;;;;;;;;;;;;;;;;;;;;;;;;;;;;;;;
DO;60GT315_B0;;COM;;;Bit 0;No;ЛОЖЬ;ЛОЖЬ;;390;;;;;;;0;;;;907;ЛОЖЬ;0;None;;;;;;;;;;;;;Undefined;491;3428;;;;;;;;;;ЛОЖЬ;;;;;;;;;;;;;;;;;;Output;EPKS_UCB;FGS_551_1;795;;;;;;;;;;;;
AI;55GT104;;FLD;;;H2S on outer installation 5500;Yes;ИСТИНА;ЛОЖЬ;;502;ЛОЖЬ;Long;0-20mA;0;3276;;;;;;8;ЛОЖЬ;58068;;None;None;None;None;;;;0;0;;;;-XXXXX.X;0;4095;;42.03;3;3;1;Bottom scale;;;;ЛОЖЬ;;ЛОЖЬ;;;;;;;;;;;;;;;;Output;EPKS_UCB;FGS_551_1;11033;;;;;;;;;;;;
T;2462_1;;;;;;;ЛОЖЬ;ЛОЖЬ;;2462;;;;;;;;10 ms;1;;108;ЛОЖЬ;0;;;;;;;;;;;;;;Undefined;491;3428;Delayed ON memorize with constant timer value;;;;;;;;;ЛОЖЬ;;;;;;;;;;;;;;;;;;;;;;;;;;;;;;;;;
M;C564_1_B;;;;;Function block marker;;ЛОЖЬ;ЛОЖЬ;;564;;;;;;;0;;;;2573;ЛОЖЬ;0;;;;;;;;;;;;;;Undefined;491;3428;;;;;;;;;;ЛОЖЬ;;;;;;;;;;;;;;;;;;;;;;;;;;;;;;;;;
M;C568_1_E;;;;;Function block marker;;ЛОЖЬ;ЛОЖЬ;;568;;;;;;;0;;;;2557;ЛОЖЬ;0;;;;;;;;;;;;;;Undefined;491;3428;;;;;;;;;;ЛОЖЬ;;;;;;;;;;;;;;;;;;;;;;;;;;;;;;;;;
DO;60XA002;;FLD;;;LAMP FLAMMABLE GAS ALARM (PANEL);Yes;ИСТИНА;ЛОЖЬ;;1000;;;;;;;0;;;;57;ИСТИНА;58017;None;;;;;;1=ON;;;;;;;Undefined;;;;42.04;7;2;1;Appl;;;;ЛОЖЬ;ИСТИНА;;;;;;;;;;;;;;;;;Output;EPKS_UCB;FGS_551_1;483;;;;;;;;;;;;
M;C562_3_C;;;;;Function block marker;;ЛОЖЬ;ЛОЖЬ;;562;;;;;;;0;;;;2588;ЛОЖЬ;0;;;;;;;;;;;;;;Undefined;491;3428;;;;;;;;;;ЛОЖЬ;;;;;;;;;;;;;;;;;;;;;;;;;;;;;;;;;
M;C684_1_C;;;;;Function block marker;;ЛОЖЬ;ЛОЖЬ;;684;;;;;;;0;;;;2335;ЛОЖЬ;0;;;;;;;;;;;;;;Undefined;491;3428;;;;;;;;;;ЛОЖЬ;;;;;;;;;;;;;;;;;;;;;;;;;;;;;;;;;
DO;55GT110_B1;;COM;;;Bit 1;No;ЛОЖЬ;ЛОЖЬ;;330;;;;;;;0;;;;898;ЛОЖЬ;0;None;;;;;;;;;;;;;Undefined;491;3428;;;;;;;;;;ЛОЖЬ;;;;;;;;;;;;;;;;;;Output;EPKS_UCB;FGS_551_1;785;;;;;;;;;;;;
M;332_5;;;;;;;ЛОЖЬ;ЛОЖЬ;;332;;;;;;;0;;;;241;ЛОЖЬ;0;;;;;;;;;;;;;;Undefined;491;3428;;;;;;;;;;ЛОЖЬ;;;;;;;;;;;;;;;;;;;;;;;;;;;;;;;;;
M;334_1;;;;;;;ЛОЖЬ;ЛОЖЬ;;334;;;;;;;0;;;;1368;ЛОЖЬ;0;;;;;;;;;;;;;;Undefined;491;3428;;;;;;;;;;ЛОЖЬ;;;;;;;;;;;;;;;;;;;;;;;;;;;;;;;;;
M;C468_1_F;;;;;Function block marker;;ЛОЖЬ;ЛОЖЬ;;468;;;;;;;0;;;;2802;ЛОЖЬ;0;;;;;;;;;;;;;;Undefined;491;3428;;;;;;;;;;ЛОЖЬ;;;;;;;;;;;;;;;;;;;;;;;;;;;;;;;;;
M;552_11;;;;;;;ЛОЖЬ;ЛОЖЬ;;552;;;;;;;0;;;;1947;ЛОЖЬ;0;;;;;;;;;;;;;;Undefined;491;3428;;;;;;;;;;ЛОЖЬ;;;;;;;;;;;;;;;;;;;;;;;;;;;;;;;;;
AI;60GT106;;FLD;;;H2S at ext. inst. 6000;Yes;ИСТИНА;ЛОЖЬ;;564;ЛОЖЬ;Long;0-20mA;0;3276;;;;;;96;ЛОЖЬ;58070;;None;None;None;None;;;;0;0;;;;-XXXXX.X;0;4095;;42.03;5;8;1;Bottom scale;;;;ЛОЖЬ;;ЛОЖЬ;;;;;;;;;;;;;;;;Output;EPKS_UCB;FGS_551_1;11117;;;;;;;;;;;;
M;C632_2_B;;;;;Compiler marker;;ЛОЖЬ;ЛОЖЬ;;632;;;;;;;0;;;;2438;ЛОЖЬ;0;;;;;;;;;;;;;;Undefined;491;3428;;;;;;;;;;ЛОЖЬ;;;;;;;;;;;;;;;;;;;;;;;;;;;;;;;;;
M;630_3;;;;;;;ЛОЖЬ;ЛОЖЬ;;630;;;;;;;0;;;;2124;ЛОЖЬ;0;;;;;;;;;;;;;;Undefined;491;3428;;;;;;;;;;ЛОЖЬ;;;;;;;;;;;;;;;;;;;;;;;;;;;;;;;;;
DO;60HY599E;;MCC;;;Start at gas pollution at В11А;Yes;ИСТИНА;ЛОЖЬ;;634;;;;;;;0;;;;232;ИСТИНА;58071;None;;;;;;1=cmdSTART;;;;;;;Undefined;491;3428;;42.05;9;1;1;Appl;;;ИСТИНА;ЛОЖЬ;;;;;;;;;;;;;;;;;;Output;EPKS_UCB;FGS_551_1;569;;;;;;;;;;;;
M;546_554_2;;;;;60GT104_RR;;ЛОЖЬ;ЛОЖЬ;;554;;;;;;;0;;;;1921;ЛОЖЬ;0;;;;;;;1=READY;;;;;;;Undefined;491;3428;;;;;;;;;;ЛОЖЬ;;;;;;;;;;;;;;;;;;;;;;;;;;;;;;;;;
DI;60HS205D;;COM;;;RESET H-6052-TOXIC GAS;No;ЛОЖЬ;ИСТИНА;;580;;;;;;;0;;;;3484;ИСТИНА;58182;None;;;;;;1=RESET;;;;;;;Undefined;491;3428;;;;;;Low;;;;ЛОЖЬ;;;;ЛОЖЬ;;;;;;;;;;;;;;Input;EPKS_UCB;FGS_551_1;29;;;;;;;;;;;;
M;320_332_2;;;;;55HS203E;;ЛОЖЬ;ЛОЖЬ;;332;;;;;;;0;;;;1360;ЛОЖЬ;0;;;;;;;1=RESET;;;;;;;Undefined;491;3428;;;;;;;;;;ЛОЖЬ;;;;;;;;;;;;;;;;;;;;;;;;;;;;;;;;;
M;C310_1_C;;;;;Function block marker;;ЛОЖЬ;ЛОЖЬ;;310;;;;;;;0;;;;2930;ЛОЖЬ;0;;;;;;;;;;;;;;Undefined;491;3428;;;;;;;;;;ЛОЖЬ;;;;;;;;;;;;;;;;;;;;;;;;;;;;;;;;;
M;C528_2;;;;;Compiler marker (256, 85);;ЛОЖЬ;ЛОЖЬ;;528;;;;;;;0;;;;2643;ЛОЖЬ;0;;;;;;;;;;;;;;Undefined;491;3428;;;;;;;;;;ЛОЖЬ;;;;;;;;;;;;;;;;;;;;;;;;;;;;;;;;;
M;C522_2_F;;;;;Function block marker;;ЛОЖЬ;ЛОЖЬ;;522;;;;;;;0;;;;2671;ЛОЖЬ;0;;;;;;;;;;;;;;Undefined;491;3428;;;;;;;;;;ЛОЖЬ;;;;;;;;;;;;;;;;;;;;;;;;;;;;;;;;;
M;C544_1_D;;;;;Function block marker;;ЛОЖЬ;ЛОЖЬ;;544;;;;;;;0;;;;2623;ЛОЖЬ;0;;;;;;;;;;;;;;Undefined;491;3428;;;;;;;;;;ЛОЖЬ;;;;;;;;;;;;;;;;;;;;;;;;;;;;;;;;;
DO;60GA309;;COM;;;TRIP INITIATOR-Toxic gas;No;ЛОЖЬ;ЛОЖЬ;;660;;;;;;;1;;;;796;ИСТИНА;58224;None;;;;;;1=NORMAL;;;;;;;Undefined;491;3428;;;;;;;;;;ЛОЖЬ;;;;;;;;;;;;;;;;;;Output;EPKS_UCB;FGS_551_1;687;;;;;;;;;;;;
M;464_480_1;;;;;55GA102/103_FL;;ЛОЖЬ;ЛОЖЬ;;480;;;;;;;0;;;;1650;ЛОЖЬ;0;;;;;;;0=ACTIVATED;;;;;;;Undefined;491;3428;;;;;;;;;;ЛОЖЬ;;;;;;;;;;;;;;;;;;;;;;;;;;;;;;;;;
M;C622_2_E;;;;;Function block marker;;ЛОЖЬ;ЛОЖЬ;;622;;;;;;;0;;;;2487;ЛОЖЬ;0;;;;;;;;;;;;;;Undefined;491;3428;;;;;;;;;;ЛОЖЬ;;;;;;;;;;;;;;;;;;;;;;;;;;;;;;;;;
M;684_5;;;;;;;ЛОЖЬ;ЛОЖЬ;;684;;;;;;;0;;;;210;ЛОЖЬ;0;;;;;;;;;;;;;;Undefined;491;3428;;;;;;;;;;ЛОЖЬ;;;;;;;;;;;;;;;;;;;;;;;;;;;;;;;;;
M;C630_1_O;;;;;Function block marker;;ЛОЖЬ;ЛОЖЬ;;630;;;;;;;0;;;;2455;ЛОЖЬ;0;;;;;;;;;;;;;;Undefined;491;3428;;;;;;;;;;ЛОЖЬ;;;;;;;;;;;;;;;;;;;;;;;;;;;;;;;;;
M;C684_2_G;;;;;Function block marker;;ЛОЖЬ;ЛОЖЬ;;684;;;;;;;0;;;;2341;ЛОЖЬ;0;;;;;;;;;;;;;;Undefined;491;3428;;;;;;;;;;ЛОЖЬ;;;;;;;;;;;;;;;;;;;;;;;;;;;;;;;;;
DI;42-ExtComFaultCC8;;SYS;;;Ext com fault Com ch 8;Yes;ЛОЖЬ;;;20;;;;;;;;;;;13;ЛОЖЬ;0;None;;;;;;1=NORMAL;;;;;;;Undefined;491;3428;;;;;;;;;;ЛОЖЬ;;;;ЛОЖЬ;;;;;;;;;;;;;;Output;EPKS_UCB;FGS_551_1;612;;;;;;;;;;;;
M;544_550_3;;;;;60GA103_FL;;ЛОЖЬ;ЛОЖЬ;;550;;;;;;;0;;;;1926;ЛОЖЬ;0;;;;;;;0=ACTIVATED;;;;;;;Undefined;491;3428;;;;;;;;;;ЛОЖЬ;;;;;;;;;;;;;;;;;;;;;;;;;;;;;;;;;
M;C472_2_F;;;;;Function block marker;;ЛОЖЬ;ЛОЖЬ;;472;;;;;;;0;;;;2797;ЛОЖЬ;0;;;;;;;;;;;;;;Undefined;491;3428;;;;;;;;;;ЛОЖЬ;;;;;;;;;;;;;;;;;;;;;;;;;;;;;;;;;
M;C332_4_D;;;;;Function block marker;;ЛОЖЬ;ЛОЖЬ;;332;;;;;;;0;;;;2898;ЛОЖЬ;0;;;;;;;;;;;;;;Undefined;491;3428;;;;;;;;;;ЛОЖЬ;;;;;;;;;;;;;;;;;;;;;;;;;;;;;;;;;
M;C688_1_C;;;;;Function block marker;;ЛОЖЬ;ЛОЖЬ;;688;;;;;;;0;;;;2315;ЛОЖЬ;0;;;;;;;;;;;;;;Undefined;491;3428;;;;;;;;;;ЛОЖЬ;;;;;;;;;;;;;;;;;;;;;;;;;;;;;;;;;
M;710_1;;;;;;;ЛОЖЬ;ЛОЖЬ;;710;;;;;;;0;;;;285;ЛОЖЬ;0;;;;;;;;;;;;;;Undefined;;;;;;;;;;;;ЛОЖЬ;ИСТИНА;;;;;;;;;;;;;;;;;;;;;;;;;;;;;;;;
AI;VM 42.03/5/17;;SYS;;;;Yes;ЛОЖЬ;;;12;ИСТИНА;Float;0-5V (VM);0;5.9;;;;;;132;ЛОЖЬ;0;;None;None;None;None;;;;;;;;;-XXXXX.X;2.5;3.9;;42.03;5;17;1;Scan;;;;ЛОЖЬ;;;;;;;;;;;;;;;;;;;;;;;;;;;;;;;;;
M;C694_2_E;;;;;Function block marker;;ЛОЖЬ;ЛОЖЬ;;694;;;;;;;0;;;;2305;ЛОЖЬ;0;;;;;;;;;;;;;;Undefined;491;3428;;;;;;;;;;ЛОЖЬ;;;;;;;;;;;;;;;;;;;;;;;;;;;;;;;;;
M;C502_1_B;;;;;Function block marker;;ЛОЖЬ;ЛОЖЬ;;502;;;;;;;0;;;;2688;ЛОЖЬ;0;;;;;;;;;;;;;;Undefined;491;3428;;;;;;;;;;ЛОЖЬ;;;;;;;;;;;;;;;;;;;;;;;;;;;;;;;;;
M;C482_2_1;;;;;Function block marker;;ЛОЖЬ;ЛОЖЬ;;482;;;;;;;0;;;;2756;ЛОЖЬ;0;;;;;;;;;;;;;;Undefined;491;3428;;;;;;;;;;ЛОЖЬ;;;;;;;;;;;;;;;;;;;;;;;;;;;;;;;;;
T;334_1;;;;;;;ЛОЖЬ;ЛОЖЬ;;334;;;;;;;;100 ms;10;;116;ЛОЖЬ;0;;;;;;;;;;;;;;Undefined;491;3428;Pulse retriggerable with constant timer value;;;;;;;;;ЛОЖЬ;;;;;;;;;;;;;;;;;;;;;;;;;;;;;;;;;
DO;FGS_551_1.55XA602_1;;FSC;;;Fl.GD act. in 5500-1-GDAP-U,F,G lamp;Yes;ЛОЖЬ;ЛОЖЬ;;314;;;;;;;0;;;;1111;ЛОЖЬ;0;None;;;;;;PULSE=ALARM;;;;;;;Undefined;491;3428;;;;;;;;;;ЛОЖЬ;;;;;;Output;FGS_002_1;FGS_551_1;36;;;;;;;;;;;;;;;;;;;;;;;;
M;340_450_1;;;;;Ack gas area 672-20;;ЛОЖЬ;ЛОЖЬ;;450;;;;;;;0;;;;180;ЛОЖЬ;0;;;;;;;1=ACK;;;;;;;Undefined;;;;;;;;;;;;ЛОЖЬ;ИСТИНА;;;;;;;;;;;;;;;;;;;;;;;;;;;;;;;;
DO;55GT108_B1;;COM;;;Bit 1;No;ЛОЖЬ;ЛОЖЬ;;526;;;;;;;0;;;;788;ЛОЖЬ;0;None;;;;;;;;;;;;;Undefined;491;3428;;;;;;;;;;ЛОЖЬ;;;;;;;;;;;;;;;;;;Output;EPKS_UCB;FGS_551_1;678;;;;;;;;;;;;
DO;60GT110_B0;;COM;;;Bit 0;No;ЛОЖЬ;ЛОЖЬ;;350;;;;;;;0;;;;917;ЛОЖЬ;0;None;;;;;;;;;;;;;Undefined;491;3428;;;;;;;;;;ЛОЖЬ;;;;;;;;;;;;;;;;;;Output;EPKS_UCB;FGS_551_1;806;;;;;;;;;;;;
DI;60GT105_MOR;;COM;;;MO REQUEST;No;ЛОЖЬ;ИСТИНА;;548;;;;;;;0;;;;3477;ЛОЖЬ;0;None;;;;;;1=REQUEST;;;;;;;Undefined;491;3428;;;;;;Freeze;;;;ЛОЖЬ;;;;ЛОЖЬ;;;;;;;;;;;;;;Input;EPKS_UCB;FGS_551_1;22;;;;;;;;;;;;
M;C548_1_D;;;;;Function block marker;;ЛОЖЬ;ЛОЖЬ;;548;;;;;;;0;;;;2603;ЛОЖЬ;0;;;;;;;;;;;;;;Undefined;491;3428;;;;;;;;;;ЛОЖЬ;;;;;;;;;;;;;;;;;;;;;;;;;;;;;;;;;
DI;PCDI_1_551_1_FLT;;COM;;;FGS_551_1 to from CC_551_1;No;ЛОЖЬ;ИСТИНА;;62;;;;;;;0;;;;1631;ЛОЖЬ;0;None;;;;;;1=ALARM;1=ALARM;;;;;;Undefined;;;;;;;;High;;;;ЛОЖЬ;ИСТИНА;;;ЛОЖЬ;View only;;;;;;;;;;;;;;;;;;;;;;;;;Input;C300_UCB;FGS_551_1;96
M;610_614_3;;;;;60GT307_BadPV_FL;;ЛОЖЬ;ЛОЖЬ;;614;;;;;;;0;;;;2137;ЛОЖЬ;0;;;;;;;0=BadPV;;;;;;;Undefined;491;3428;;;;;;;;;;ЛОЖЬ;;;;;;;;;;;;;;;;;;;;;;;;;;;;;;;;;
M;C708_2_F;;;;;Function block marker;;ЛОЖЬ;ЛОЖЬ;;708;;;;;;;0;;;;311;ЛОЖЬ;0;;;;;;;;;;;;;;Undefined;;;;;;;;;;;;ЛОЖЬ;ИСТИНА;;;;;;;;;;;;;;;;;;;;;;;;;;;;;;;;
M;736_10;;;;;;;ЛОЖЬ;ЛОЖЬ;;736;;;;;;;0;;;;362;ЛОЖЬ;0;;;;;;;;;;;;;;Undefined;;;;;;;;;;;;ЛОЖЬ;ИСТИНА;;;;;;;;;;;;;;;;;;;;;;;;;;;;;;;;
M;C612_4_C;;;;;Function block marker;;ЛОЖЬ;ЛОЖЬ;;612;;;;;;;0;;;;439;ЛОЖЬ;0;;;;;;;;;;;;;;Undefined;;;;;;;;;;;;ЛОЖЬ;ИСТИНА;;;;;;;;;;;;;;;;;;;;;;;;;;;;;;;;
DO;60HY599C;;MCC;;;Start at gas pollution at В10А;Yes;ИСТИНА;ЛОЖЬ;;632;;;;;;;0;;;;218;ИСТИНА;58074;None;;;;;;1=cmdSTART;;;;;;;Undefined;491;3428;;42.05;7;3;1;Appl;;;ИСТИНА;ЛОЖЬ;;;;;;;;;;;;;;;;;;Output;EPKS_UCB;FGS_551_1;567;;;;;;;;;;;;
DO;60HX550AL_B1;;COM;;;Bit 1;No;ЛОЖЬ;ЛОЖЬ;;636;;;;;;;0;;;;1797;ЛОЖЬ;0;None;;;;;;;;;;;;;Undefined;491;3428;;;;;;;;;;ЛОЖЬ;;;;;;;;;;;;;;;;;;Output;EPKS_UCB;FGS_551_1;945;;;;;;;;;;;;
DO;60GT191_MOC;;COM;;;MO CONFIRM;No;ЛОЖЬ;ЛОЖЬ;;734;;;;;;;0;;;;40;ИСТИНА;58072;None;;;;;;1=CONFIRMED;;;;;;;Undefined;;;;;;;;;;;;ЛОЖЬ;ИСТИНА;;;;;;;;;;;;;;;;;Output;EPKS_UCB;FGS_551_1;422;;;;;;;;;;;;
M;C734_2_F;;;;;Function block marker;;ЛОЖЬ;ЛОЖЬ;;734;;;;;;;0;;;;374;ЛОЖЬ;0;;;;;;;;;;;;;;Undefined;;;;;;;;;;;;ЛОЖЬ;ИСТИНА;;;;;;;;;;;;;;;;;;;;;;;;;;;;;;;;
T;636_2;;;;;;;ЛОЖЬ;ЛОЖЬ;;636;;;;;;;;100 ms;50;;444;ЛОЖЬ;0;;;;;;;;;;;;;;Undefined;491;3428;Pulse retriggerable with constant timer value;;;;;;;;;ЛОЖЬ;;;;;;;;;;;;;;;;;;;;;;;;;;;;;;;;;
M;C312_1_C;;;;;Function block marker;;ЛОЖЬ;ЛОЖЬ;;312;;;;;;;0;;;;2916;ЛОЖЬ;0;;;;;;;;;;;;;;Undefined;491;3428;;;;;;;;;;ЛОЖЬ;;;;;;;;;;;;;;;;;;;;;;;;;;;;;;;;;
M;C472_1_F;;;;;Function block marker;;ЛОЖЬ;ЛОЖЬ;;472;;;;;;;0;;;;2793;ЛОЖЬ;0;;;;;;;;;;;;;;Undefined;491;3428;;;;;;;;;;ЛОЖЬ;;;;;;;;;;;;;;;;;;;;;;;;;;;;;;;;;
DO;55GA104;;COM;;;TRIP INITIATOR-Toxic gas;No;ЛОЖЬ;ЛОЖЬ;;502;;;;;;;1;;;;771;ИСТИНА;58212;None;;;;;;1=NORMAL;;;;;;;Undefined;491;3428;;;;;;;;;;ЛОЖЬ;;;;;;;;;;;;;;;;;;Output;EPKS_UCB;FGS_551_1;660;;;;;;;;;;;;
DO;55XA202T1;;FLD;;;Beacon Near V-5501;Yes;ИСТИНА;ЛОЖЬ;;508;;;;;;;0;;;;75;ИСТИНА;58075;None;;;;;;1=ON;;;;;;;Undefined;491;3428;;42.04;9;4;1;Appl;;;;ЛОЖЬ;;;;;;;;;;;;;;;;;;Output;EPKS_UCB;FGS_551_1;532;;;;;;;;;;;;
M;334_336_2;;;;;AREA 5500-2-FL.GAS ALARM;;ЛОЖЬ;ЛОЖЬ;;336;;;;;;;0;;;;1388;ЛОЖЬ;0;;;;;;;0=ACTIVATED;;;;;;;Undefined;491;3428;;;;;;;;;;ЛОЖЬ;;;;;;;;;;;;;;;;;;;;;;;;;;;;;;;;;
M;506_508_2;;;;;AREA 5500-1-T.GAS ALARM;;ЛОЖЬ;ЛОЖЬ;;508;;;;;;;0;;;;1858;ЛОЖЬ;0;;;;;;;0=ACTIVATED;;;;;;;Undefined;491;3428;;;;;;;;;;ЛОЖЬ;;;;;;;;;;;;;;;;;;;;;;;;;;;;;;;;;
M;2465_H;;;;;      ????;;ЛОЖЬ;ЛОЖЬ;;2465;;;;;;;0;;;;207;ЛОЖЬ;0;;;;;;;;;;;;;;Undefined;;;;;;;;;;;;ЛОЖЬ;ИСТИНА;;;;;;;;;;;;;;;;;;;;;;;;;;;;;;;;
T;2407_2;;;;;;;ЛОЖЬ;ЛОЖЬ;;2407;;;;;;;;100 ms;10;;200;ЛОЖЬ;0;;;;;;;;;;;;;;Undefined;491;3428;Delayed ON with constant timer value;;;;;;;;;ЛОЖЬ;;;;;;;;;;;;;;;;;;;;;;;;;;;;;;;;;
M;C480_1_L;;;;;Function block marker;;ЛОЖЬ;ЛОЖЬ;;480;;;;;;;0;;;;2762;ЛОЖЬ;0;;;;;;;;;;;;;;Undefined;491;3428;;;;;;;;;;ЛОЖЬ;;;;;;;;;;;;;;;;;;;;;;;;;;;;;;;;;
M;C524_2_H;;;;;Function block marker;;ЛОЖЬ;ЛОЖЬ;;524;;;;;;;0;;;;2663;ЛОЖЬ;0;;;;;;;;;;;;;;Undefined;491;3428;;;;;;;;;;ЛОЖЬ;;;;;;;;;;;;;;;;;;;;;;;;;;;;;;;;;
M;C2465_1;;;;;Compiler marker (176, 145);;ЛОЖЬ;ЛОЖЬ;;2465;;;;;;;0;;;;642;ЛОЖЬ;0;;;;;;;;;;;;;;Undefined;491;3428;;;;;;;;;;ЛОЖЬ;;;;;;;;;;;;;;;;;;;;;;;;;;;;;;;;;
DO;60GT301_B2;;COM;;;Bit 2;No;ЛОЖЬ;ЛОЖЬ;;682;;;;;;;0;;;;819;ЛОЖЬ;0;None;;;;;;;;;;;;;Undefined;491;3428;;;;;;;;;;ЛОЖЬ;;;;;;;;;;;;;;;;;;Output;EPKS_UCB;FGS_551_1;701;;;;;;;;;;;;
DO;60XA102T;;FLD;;;Beacon on cabinet 60AT102;Yes;ИСТИНА;ЛОЖЬ;;572;;;;;;;0;;;;108;ИСТИНА;58077;None;;;;;;1=ON;;;;;;;Undefined;491;3428;;42.04;13;5;1;Appl;;;;ЛОЖЬ;;;;;;;;;;;;;;;;;;Output;EPKS_UCB;FGS_551_1;549;;;;;;;;;;;;
M;C460_1_C;;;;;Function block marker;;ЛОЖЬ;ЛОЖЬ;;460;;;;;;;0;;;;2822;ЛОЖЬ;0;;;;;;;;;;;;;;Undefined;491;3428;;;;;;;;;;ЛОЖЬ;;;;;;;;;;;;;;;;;;;;;;;;;;;;;;;;;
M;450_650_1;;;;;Ack gas area 672-20;;ЛОЖЬ;ЛОЖЬ;;650;;;;;;;0;;;;196;ЛОЖЬ;0;;;;;;;1=ACK;;;;;;;Undefined;;;;;;;;;;;;ЛОЖЬ;ИСТИНА;;;;;;;;;;;;;;;;;;;;;;;;;;;;;;;;
DO;55HX451AL_B0;;COM;;;Bit 0;No;ЛОЖЬ;ЛОЖЬ;;480;;;;;;;0;;;;1747;ЛОЖЬ;0;None;;;;;;;;;;;;;Undefined;491;3428;;;;;;;;;;ЛОЖЬ;;;;;;;;;;;;;;;;;;Output;EPKS_UCB;FGS_551_1;895;;;;;;;;;;;;
DO;FGS_551_1.60XA605_1;;FSC;;;T.GD act. in 6000-1-GDAP-U,F,G lamp;Yes;ЛОЖЬ;ЛОЖЬ;;550;;;;;;;0;;;;1068;ЛОЖЬ;0;None;;;;;;PULSE=ALARM;;;;;;;Undefined;491;3428;;;;;;;;;;ЛОЖЬ;;;;;;Output;FGS_002_1;FGS_551_1;44;;;;;;;;;;;;;;;;;;;;;;;;
DI;55HS454A;;COM;;;DCS START;No;ЛОЖЬ;ИСТИНА;;486;;;;;;;0;;;;3532;ЛОЖЬ;0;None;;;;;;1=DCScmdSTART;;;;;;;Undefined;491;3428;;;;;;Low;;;;ЛОЖЬ;;;;ЛОЖЬ;;;;;;;;;;;;;;Input;EPKS_UCB;FGS_551_1;77;;;;;;;;;;;;
M;C566_2_F;;;;;Function block marker;;ЛОЖЬ;ЛОЖЬ;;566;;;;;;;0;;;;2570;ЛОЖЬ;0;;;;;;;;;;;;;;Undefined;491;3428;;;;;;;;;;ЛОЖЬ;;;;;;;;;;;;;;;;;;;;;;;;;;;;;;;;;
AI;VM 42.06/1/17;;SYS;;;;Yes;ЛОЖЬ;;;12;ИСТИНА;Float;0-5V (VM);0;5.9;;;;;;268;ЛОЖЬ;0;;None;None;None;None;;;;;;;;;-XXXXX.X;2.5;3.9;;42.06;1;17;1;Scan;;;;ЛОЖЬ;;;;;;;;;;;;;;;;;;;;;;;;;;;;;;;;;
M;C562_1_C;;;;;Function block marker;;ЛОЖЬ;ЛОЖЬ;;562;;;;;;;0;;;;2585;ЛОЖЬ;0;;;;;;;;;;;;;;Undefined;491;3428;;;;;;;;;;ЛОЖЬ;;;;;;;;;;;;;;;;;;;;;;;;;;;;;;;;;
T;484_2;;;;;;;ЛОЖЬ;ЛОЖЬ;;484;;;;;;;;100 ms;50;;256;ЛОЖЬ;0;;;;;;;;;;;;;;Undefined;491;3428;Pulse retriggerable with constant timer value;;;;;;;;;ЛОЖЬ;;;;;;;;;;;;;;;;;;;;;;;;;;;;;;;;;
M;482_10;;;;;;;ЛОЖЬ;ЛОЖЬ;;482;;;;;;;0;;;;1813;ЛОЖЬ;0;;;;;;;;;;;;;;Undefined;491;3428;;;;;;;;;;ЛОЖЬ;;;;;;;;;;;;;;;;;;;;;;;;;;;;;;;;;
M;588_21;;;;;;;ЛОЖЬ;ЛОЖЬ;;588;;;;;;;0;;;;2026;ЛОЖЬ;0;;;;;;;;;;;;;;Undefined;491;3428;;;;;;;;;;ЛОЖЬ;;;;;;;;;;;;;;;;;;;;;;;;;;;;;;;;;
M;2405_D;;;;;0=HIGH ALARM;;ЛОЖЬ;ЛОЖЬ;;2405;;;;;;;0;;;;1346;ЛОЖЬ;0;;;;;;;;;;;;;;Undefined;491;3428;;;;;;;;;;ЛОЖЬ;;;;;;;;;;;;;;;;;;;;;;;;;;;;;;;;;
DI;60HS205E;;COM;;;RESET H-6052-FLAMMABLE GAS;No;ЛОЖЬ;ИСТИНА;;360;;;;;;;0;;;;3498;ИСТИНА;58189;None;;;;;;1=RESET;;;;;;;Undefined;491;3428;;;;;;Low;;;;ЛОЖЬ;;;;ЛОЖЬ;;;;;;;;;;;;;;Input;EPKS_UCB;FGS_551_1;43;;;;;;;;;;;;
M;572_24;;;;;;;ЛОЖЬ;ЛОЖЬ;;572;;;;;;;0;;;;2283;ЛОЖЬ;0;;;;;;;;;;;;;;Undefined;491;3428;;;;;;;;;;ЛОЖЬ;;;;;;;;;;;;;;;;;;;;;;;;;;;;;;;;;
M;380_396_1;;;;;Ack gas area 672-20;;ЛОЖЬ;ЛОЖЬ;;396;;;;;;;0;;;;1456;ЛОЖЬ;0;;;;;;;1=ACK;;;;;;;Undefined;491;3428;;;;;;;;;;ЛОЖЬ;;;;;;;;;;;;;;;;;;;;;;;;;;;;;;;;;
M;2440_D;;;;;In 4 (0=Trip);;ЛОЖЬ;ЛОЖЬ;;2440;;;;;;;0;;;;1508;ЛОЖЬ;0;;;;;;;;;;;;;;Undefined;491;3428;;;;;;;;;;ЛОЖЬ;;;;;;;;;;;;;;;;;;;;;;;;;;;;;;;;;
M;688_4;;;;;;;ЛОЖЬ;ЛОЖЬ;;688;;;;;;;0;;;;102;ЛОЖЬ;0;;;;;;;;;;;;;;Undefined;491;3428;;;;;;;;;;ЛОЖЬ;;;;;;;;;;;;;;;;;;;;;;;;;;;;;;;;;
M;568_4;;;;;;;ЛОЖЬ;ЛОЖЬ;;568;;;;;;;0;;;;625;ЛОЖЬ;0;;;;;;;;;;;;;;Undefined;491;3428;;;;;;;;;;ЛОЖЬ;;;;;;;;;;;;;;;;;;;;;;;;;;;;;;;;;
M;486_7;;;;;;;ЛОЖЬ;ЛОЖЬ;;486;;;;;;;0;;;;1838;ЛОЖЬ;0;;;;;;;;;;;;;;Undefined;491;3428;;;;;;;;;;ЛОЖЬ;;;;;;;;;;;;;;;;;;;;;;;;;;;;;;;;;
M;C630_2_B;;;;;Compiler marker;;ЛОЖЬ;ЛОЖЬ;;630;;;;;;;0;;;;2459;ЛОЖЬ;0;;;;;;;;;;;;;;Undefined;491;3428;;;;;;;;;;ЛОЖЬ;;;;;;;;;;;;;;;;;;;;;;;;;;;;;;;;;
M;C566_2_G;;;;;Function block marker;;ЛОЖЬ;ЛОЖЬ;;566;;;;;;;0;;;;2571;ЛОЖЬ;0;;;;;;;;;;;;;;Undefined;491;3428;;;;;;;;;;ЛОЖЬ;;;;;;;;;;;;;;;;;;;;;;;;;;;;;;;;;
T;2405_2;;;;;;;ЛОЖЬ;ЛОЖЬ;;2405;;;;;;;;100 ms;10;;96;ЛОЖЬ;0;;;;;;;;;;;;;;Undefined;491;3428;Delayed ON with constant timer value;;;;;;;;;ЛОЖЬ;;;;;;;;;;;;;;;;;;;;;;;;;;;;;;;;;
DO;60GT309_B0;;COM;;;Bit 0;No;ЛОЖЬ;ЛОЖЬ;;660;;;;;;;0;;;;792;ЛОЖЬ;0;None;;;;;;;;;;;;;Undefined;491;3428;;;;;;;;;;ЛОЖЬ;;;;;;;;;;;;;;;;;;Output;EPKS_UCB;FGS_551_1;683;;;;;;;;;;;;
M;C504_2_G;;;;;Function block marker;;ЛОЖЬ;ЛОЖЬ;;504;;;;;;;0;;;;2685;ЛОЖЬ;0;;;;;;;;;;;;;;Undefined;491;3428;;;;;;;;;;ЛОЖЬ;;;;;;;;;;;;;;;;;;;;;;;;;;;;;;;;;
M;C630_2_2;;;;;Function block marker;;ЛОЖЬ;ЛОЖЬ;;630;;;;;;;0;;;;2468;ЛОЖЬ;0;;;;;;;;;;;;;;Undefined;491;3428;;;;;;;;;;ЛОЖЬ;;;;;;;;;;;;;;;;;;;;;;;;;;;;;;;;;
M;C632_2_2;;;;;Function block marker;;ЛОЖЬ;ЛОЖЬ;;632;;;;;;;0;;;;2447;ЛОЖЬ;0;;;;;;;;;;;;;;Undefined;491;3428;;;;;;;;;;ЛОЖЬ;;;;;;;;;;;;;;;;;;;;;;;;;;;;;;;;;
DI;60GT107_MOR;;COM;;;MO REQUEST;No;ЛОЖЬ;ИСТИНА;;566;;;;;;;0;;;;3482;ЛОЖЬ;0;None;;;;;;1=REQUEST;;;;;;;Undefined;491;3428;;;;;;Freeze;;;;ЛОЖЬ;;;;ЛОЖЬ;;;;;;;;;;;;;;Input;EPKS_UCB;FGS_551_1;27;;;;;;;;;;;;
AI;55GT111;;FLD;;;C4H10 in the air of outer installation 5500;Yes;ИСТИНА;ЛОЖЬ;;312;ЛОЖЬ;Long;0-20mA;0;3276;;;;;;140;ЛОЖЬ;58078;;None;None;None;None;;;;0;0;;;;-XXXXX.X;0;4095;;42.03;7;2;1;Bottom scale;;;;ЛОЖЬ;;ЛОЖЬ;;;;;;;;;;;;;;;;Output;EPKS_UCB;FGS_551_1;11157;;;;;;;;;;;;
DO;60GA301;;COM;;;TRIP INITIATOR-Toxic gas;No;ЛОЖЬ;ЛОЖЬ;;682;;;;;;;1;;;;821;ИСТИНА;58231;None;;;;;;1=NORMAL;;;;;;;Undefined;491;3428;;;;;;;;;;ЛОЖЬ;;;;;;;;;;;;;;;;;;Output;EPKS_UCB;FGS_551_1;703;;;;;;;;;;;;
DO;FGS_551_1.55XA601_2;;FSC;;;T.GD act. in PH-55-1-GDAP-U,F,G lamp;Yes;ЛОЖЬ;ЛОЖЬ;;466;;;;;;;0;;;;1099;ЛОЖЬ;0;None;;;;;;1=NORMAL;;;;;;;Undefined;491;3428;;;;;;;;;;ЛОЖЬ;;;;;;Output;FGS_002_1;FGS_551_1;32;;;;;;;;;;;;;;;;;;;;;;;;
M;350_4;;;;;;;ЛОЖЬ;ЛОЖЬ;;350;;;;;;;0;;;;1409;ЛОЖЬ;0;;;;;;;;;;;;;;Undefined;491;3428;;;;;;;;;;ЛОЖЬ;;;;;;;;;;;;;;;;;;;;;;;;;;;;;;;;;
M;C2406_3;;;;;Compiler marker (224, 132);;ЛОЖЬ;ЛОЖЬ;;2406;;;;;;;0;;;;1394;ЛОЖЬ;0;;;;;;;;;;;;;;Undefined;491;3428;;;;;;;;;;ЛОЖЬ;;;;;;;;;;;;;;;;;;;;;;;;;;;;;;;;;
M;C708_3_C;;;;;Function block marker;;ЛОЖЬ;ЛОЖЬ;;708;;;;;;;0;;;;309;ЛОЖЬ;0;;;;;;;;;;;;;;Undefined;;;;;;;;;;;;ЛОЖЬ;ИСТИНА;;;;;;;;;;;;;;;;;;;;;;;;;;;;;;;;
M;300_320_1;;;;;55_60HS202G;;ЛОЖЬ;ЛОЖЬ;;320;;;;;;;0;;;;175;ЛОЖЬ;0;;;;;;;1=ACK;;;;;;;Undefined;;;;;;;;;;;;ЛОЖЬ;ИСТИНА;;;;;;;;;;;;;;;;;;;;;;;;;;;;;;;;
M;C480_1_J;;;;;Function block marker;;ЛОЖЬ;ЛОЖЬ;;480;;;;;;;0;;;;2760;ЛОЖЬ;0;;;;;;;;;;;;;;Undefined;491;3428;;;;;;;;;;ЛОЖЬ;;;;;;;;;;;;;;;;;;;;;;;;;;;;;;;;;
M;C660_1_E;;;;;Function block marker;;ЛОЖЬ;ЛОЖЬ;;660;;;;;;;0;;;;2381;ЛОЖЬ;0;;;;;;;;;;;;;;Undefined;491;3428;;;;;;;;;;ЛОЖЬ;;;;;;;;;;;;;;;;;;;;;;;;;;;;;;;;;
M;C564_3_D;;;;;Function block marker;;ЛОЖЬ;ЛОЖЬ;;564;;;;;;;0;;;;2579;ЛОЖЬ;0;;;;;;;;;;;;;;Undefined;491;3428;;;;;;;;;;ЛОЖЬ;;;;;;;;;;;;;;;;;;;;;;;;;;;;;;;;;
M;C486_2_F;;;;;Compiler marker;;ЛОЖЬ;ЛОЖЬ;;486;;;;;;;0;;;;2708;ЛОЖЬ;0;;;;;;;;;;;;;;Undefined;491;3428;;;;;;;;;;ЛОЖЬ;;;;;;;;;;;;;;;;;;;;;;;;;;;;;;;;;
DO;60XY555C_MOC;;COM;;;MO CONFIRM;No;ЛОЖЬ;ЛОЖЬ;;622;;;;;;;0;;;;1738;ИСТИНА;58325;None;;;;;;1=CONFIRMED;;;;;;;Undefined;491;3428;;;;;;;;;;ЛОЖЬ;;;;;;;;;;;;;;;;;;Output;EPKS_UCB;FGS_551_1;886;;;;;;;;;;;;
T;470_1;;;;;;;ЛОЖЬ;ЛОЖЬ;;470;;;;;;;;1 s;30;;124;ЛОЖЬ;0;;;;;;;;;;;;;;Undefined;491;3428;Delayed OFF with constant timer value;;;;;;;;;ЛОЖЬ;;;;;;;;;;;;;;;;;;;;;;;;;;;;;;;;;
M;C482_2_F;;;;;Compiler marker;;ЛОЖЬ;ЛОЖЬ;;482;;;;;;;0;;;;2750;ЛОЖЬ;0;;;;;;;;;;;;;;Undefined;491;3428;;;;;;;;;;ЛОЖЬ;;;;;;;;;;;;;;;;;;;;;;;;;;;;;;;;;
M;542_5;;;;;;;ЛОЖЬ;ЛОЖЬ;;542;;;;;;;0;;;;227;ЛОЖЬ;0;;;;;;;;;;;;;;Undefined;491;3428;;;;;;;;;;ЛОЖЬ;;;;;;;;;;;;;;;;;;;;;;;;;;;;;;;;;
DO;60XA102;;FLD;;;Horn on cabinet 60AT102;Yes;ИСТИНА;ЛОЖЬ;;572;;;;;;;0;;;;44;ИСТИНА;58080;None;;;;;;1=ON;;;;;;;Undefined;491;3428;;42.04;5;5;1;Appl;;;;ЛОЖЬ;;;;;;;;;;;;;;;;;;Output;EPKS_UCB;FGS_551_1;517;;;;;;;;;;;;
DO;60GA107;;COM;;;TRIP INITIATOR-Toxic gas;No;ЛОЖЬ;ЛОЖЬ;;566;;;;;;;1;;;;871;ИСТИНА;58253;None;;;;;;1=NORMAL;;;;;;;Undefined;491;3428;;;;;;;;;;ЛОЖЬ;;;;;;;;;;;;;;;;;;Output;EPKS_UCB;FGS_551_1;755;;;;;;;;;;;;
M;462_464_4;;;;;55GT103_FL;;ЛОЖЬ;ЛОЖЬ;;464;;;;;;;0;;;;1492;ЛОЖЬ;0;;;;;;;0=ALARM;;;;;;;Undefined;491;3428;;;;;;;;;;ЛОЖЬ;;;;;;;;;;;;;;;;;;;;;;;;;;;;;;;;;
M;2463_C;;;;;DI Fault (1=FAULT);;ЛОЖЬ;ЛОЖЬ;;2463;;;;;;;0;;;;1635;ЛОЖЬ;0;;;;;;;;;;;;;;Undefined;491;3428;;;;;;;;;;ЛОЖЬ;;;;;;;;;;;;;;;;;;;;;;;;;;;;;;;;;
M;C546_1_E;;;;;Function block marker;;ЛОЖЬ;ЛОЖЬ;;546;;;;;;;0;;;;2614;ЛОЖЬ;0;;;;;;;;;;;;;;Undefined;491;3428;;;;;;;;;;ЛОЖЬ;;;;;;;;;;;;;;;;;;;;;;;;;;;;;;;;;
M;C610_1_B;;;;;Function block marker;;ЛОЖЬ;ЛОЖЬ;;610;;;;;;;0;;;;2511;ЛОЖЬ;0;;;;;;;;;;;;;;Undefined;491;3428;;;;;;;;;;ЛОЖЬ;;;;;;;;;;;;;;;;;;;;;;;;;;;;;;;;;
DO;60XA201T1;;FLD;;;Beacon Near Е-6056;Yes;ИСТИНА;ЛОЖЬ;;668;;;;;;;0;;;;88;ИСТИНА;58081;None;;;;;;1=ON;;;;;;;Undefined;491;3428;;42.04;11;1;1;Appl;;;;ЛОЖЬ;;;;;;;;;;;;;;;;;;Output;EPKS_UCB;FGS_551_1;537;;;;;;;;;;;;
DO;FGS_551_1.55XA605_1;;FSC;;;T.GD act. in 5500-2-GDAP-U,F,G lamp;Yes;ЛОЖЬ;ЛОЖЬ;;528;;;;;;;0;;;;1101;ЛОЖЬ;0;None;;;;;;PULSE=ALARM;;;;;;;Undefined;491;3428;;;;;;;;;;ЛОЖЬ;;;;;;Output;FGS_002_1;FGS_551_1;39;;;;;;;;;;;;;;;;;;;;;;;;
M;336_3;;;;;;;ЛОЖЬ;ЛОЖЬ;;336;;;;;;;0;;;;1386;ЛОЖЬ;0;;;;;;;;;;;;;;Undefined;491;3428;;;;;;;;;;ЛОЖЬ;;;;;;;;;;;;;;;;;;;;;;;;;;;;;;;;;
M;2470_D;;;;;TEST BUTTON;;ЛОЖЬ;ЛОЖЬ;;2470;;;;;;;0;;;;185;ЛОЖЬ;0;;;;;;;;;;;;;;Undefined;;;;;;;;;;;;ЛОЖЬ;ИСТИНА;;;;;;;;;;;;;;;;;;;;;;;;;;;;;;;;
M;C464_2_B;;;;;Compiler marker;;ЛОЖЬ;ЛОЖЬ;;464;;;;;;;0;;;;2806;ЛОЖЬ;0;;;;;;;;;;;;;;Undefined;491;3428;;;;;;;;;;ЛОЖЬ;;;;;;;;;;;;;;;;;;;;;;;;;;;;;;;;;
M;520_524_2;;;;;55HS203D;;ЛОЖЬ;ЛОЖЬ;;524;;;;;;;0;;;;1877;ЛОЖЬ;0;;;;;;;1=RESET;;;;;;;Undefined;491;3428;;;;;;;;;;ЛОЖЬ;;;;;;;;;;;;;;;;;;;;;;;;;;;;;;;;;
M;332_338_2;;;;;55GT112_RR;;ЛОЖЬ;ЛОЖЬ;;338;;;;;;;0;;;;1358;ЛОЖЬ;0;;;;;;;1=READY;;;;;;;Undefined;491;3428;;;;;;;;;;ЛОЖЬ;;;;;;;;;;;;;;;;;;;;;;;;;;;;;;;;;
M;C634_1_Q;;;;;Function block marker;;ЛОЖЬ;ЛОЖЬ;;634;;;;;;;0;;;;2415;ЛОЖЬ;0;;;;;;;;;;;;;;Undefined;491;3428;;;;;;;;;;ЛОЖЬ;;;;;;;;;;;;;;;;;;;;;;;;;;;;;;;;;
T;2406_1;;;;;;;ЛОЖЬ;ЛОЖЬ;;2406;;;;;;;;100 ms;10;;80;ЛОЖЬ;0;;;;;;;;;;;;;;Undefined;491;3428;Delayed ON with constant timer value;;;;;;;;;ЛОЖЬ;;;;;;;;;;;;;;;;;;;;;;;;;;;;;;;;;
M;C504_1_D;;;;;Function block marker;;ЛОЖЬ;ЛОЖЬ;;504;;;;;;;0;;;;2679;ЛОЖЬ;0;;;;;;;;;;;;;;Undefined;491;3428;;;;;;;;;;ЛОЖЬ;;;;;;;;;;;;;;;;;;;;;;;;;;;;;;;;;
M;C584_2_G;;;;;Function block marker;;ЛОЖЬ;ЛОЖЬ;;584;;;;;;;0;;;;2534;ЛОЖЬ;0;;;;;;;;;;;;;;Undefined;491;3428;;;;;;;;;;ЛОЖЬ;;;;;;;;;;;;;;;;;;;;;;;;;;;;;;;;;
M;C2463_5;;;;;Compiler marker (312, 168);;ЛОЖЬ;ЛОЖЬ;;2463;;;;;;;0;;;;129;ЛОЖЬ;0;;;;;;;;;;;;;;Undefined;491;3428;;;;;;;;;;ЛОЖЬ;;;;;;;;;;;;;;;;;;;;;;;;;;;;;;;;;
M;C542_1_E;;;;;Function block marker;;ЛОЖЬ;ЛОЖЬ;;542;;;;;;;0;;;;2634;ЛОЖЬ;0;;;;;;;;;;;;;;Undefined;491;3428;;;;;;;;;;ЛОЖЬ;;;;;;;;;;;;;;;;;;;;;;;;;;;;;;;;;
DI;42-OutputCompare;;SYS;;;Output compare fault;Yes;ЛОЖЬ;;;21;;;;;;;;;;;35;ЛОЖЬ;0;None;;;;;;1=NORMAL;;;;;;;Undefined;491;3428;;;;;;;;;;ЛОЖЬ;;;;ЛОЖЬ;;;;;;;;;;;;;;Output;EPKS_UCB;FGS_551_1;616;;;;;;;;;;;;
M;482_3;;;;;;;ЛОЖЬ;ЛОЖЬ;;482;;;;;;;0;;;;1815;ЛОЖЬ;0;;;;;;;;;;;;;;Undefined;491;3428;;;;;;;;;;ЛОЖЬ;;;;;;;;;;;;;;;;;;;;;;;;;;;;;;;;;
R;2407_A;;;;;INPUT SIGNAL;;ЛОЖЬ;ЛОЖЬ;;2407;;Long;;;;;0;;;;1136;ЛОЖЬ;0;;;;;;;;;;;;;;Undefined;491;3428;;;;;;;;;;ЛОЖЬ;;;;;;;;;;;;;;;;;;;;;;;;;;;;;;;;;
DO;60GT104_B2;;COM;;;Bit 2;No;ЛОЖЬ;ЛОЖЬ;;546;;;;;;;0;;;;844;ЛОЖЬ;0;None;;;;;;;;;;;;;Undefined;491;3428;;;;;;;;;;ЛОЖЬ;;;;;;;;;;;;;;;;;;Output;EPKS_UCB;FGS_551_1;727;;;;;;;;;;;;
DO;FGS_551_1.60XA602_2;;FSC;;;T.GD act. in PH-60-1-GDAP-U,F,G lamp;Yes;ЛОЖЬ;ЛОЖЬ;;616;;;;;;;0;;;;1077;ЛОЖЬ;0;None;;;;;;1=NORMAL;;;;;;;Undefined;491;3428;;;;;;;;;;ЛОЖЬ;;;;;;Output;FGS_002_1;FGS_551_1;58;;;;;;;;;;;;;;;;;;;;;;;;
M;460_464_4;;;;;55GT102_FL;;ЛОЖЬ;ЛОЖЬ;;464;;;;;;;0;;;;1495;ЛОЖЬ;0;;;;;;;0=ALARM;;;;;;;Undefined;491;3428;;;;;;;;;;ЛОЖЬ;;;;;;;;;;;;;;;;;;;;;;;;;;;;;;;;;
M;372_5;;;;;;;ЛОЖЬ;ЛОЖЬ;;372;;;;;;;0;;;;238;ЛОЖЬ;0;;;;;;;;;;;;;;Undefined;491;3428;;;;;;;;;;ЛОЖЬ;;;;;;;;;;;;;;;;;;;;;;;;;;;;;;;;;
M;690_4;;;;;;;ЛОЖЬ;ЛОЖЬ;;690;;;;;;;0;;;;2222;ЛОЖЬ;0;;;;;;;;;;;;;;Undefined;491;3428;;;;;;;;;;ЛОЖЬ;;;;;;;;;;;;;;;;;;;;;;;;;;;;;;;;;
DO;55GT103_B1;;COM;;;Bit 1;No;ЛОЖЬ;ЛОЖЬ;;462;;;;;;;0;;;;828;ЛОЖЬ;0;None;;;;;;;;;;;;;Undefined;491;3428;;;;;;;;;;ЛОЖЬ;;;;;;;;;;;;;;;;;;Output;EPKS_UCB;FGS_551_1;645;;;;;;;;;;;;
DI;55XS454_P;;COM;;;work alarm В5А;No;ЛОЖЬ;ИСТИНА;;486;;;;;;;0;;;;1542;ЛОЖЬ;0;None;;;;;;1=RUNNING;;;;;;;Undefined;491;3428;;;;;;Low;;;;ЛОЖЬ;;;;ЛОЖЬ;;;;;;;;;;;;;;;;;;;;;;;;;;Input;C300_UCB;FGS_551_1;7
DI;60HS550A;;COM;;;DCS START;No;ЛОЖЬ;ИСТИНА;;636;;;;;;;0;;;;3540;ЛОЖЬ;0;None;;;;;;1=DCScmdSTART;;;;;;;Undefined;491;3428;;;;;;Low;;;;ЛОЖЬ;;;;ЛОЖЬ;;;;;;;;;;;;;;Input;EPKS_UCB;FGS_551_1;85;;;;;;;;;;;;
M;502_5;;;;;;;ЛОЖЬ;ЛОЖЬ;;502;;;;;;;0;;;;232;ЛОЖЬ;0;;;;;;;;;;;;;;Undefined;491;3428;;;;;;;;;;ЛОЖЬ;;;;;;;;;;;;;;;;;;;;;;;;;;;;;;;;;
M;C470_4_F;;;;;Function block marker;;ЛОЖЬ;ЛОЖЬ;;470;;;;;;;0;;;;2800;ЛОЖЬ;0;;;;;;;;;;;;;;Undefined;491;3428;;;;;;;;;;ЛОЖЬ;;;;;;;;;;;;;;;;;;;;;;;;;;;;;;;;;
DI;55HS451B;;COM;;;DCS STOP;No;ЛОЖЬ;ИСТИНА;;480;;;;;;;0;;;;3527;ЛОЖЬ;0;None;;;;;;1=DCScmdSTOP;;;;;;;Undefined;491;3428;;;;;;Low;;;;ЛОЖЬ;;;;ЛОЖЬ;;;;;;;;;;;;;;Input;EPKS_UCB;FGS_551_1;72;;;;;;;;;;;;
DI;55HS459D1A;;FLD;;;В2А ... В5А - start at gas pollution;Yes;ИСТИНА;ЛОЖЬ;;472;;;;;;;;;;;121;ЛОЖЬ;58082;None;;;;;;1=ON;;;;;;;Undefined;491;3428;;42.05;15;2;1;Low;;Digital switch without loop monitoring;;ЛОЖЬ;ИСТИНА;;;ЛОЖЬ;;;;;;;;;;;;;;Output;EPKS_UCB;FGS_551_1;468;;;;;;;;;;;;
M;568_570_3;;;;;60GA108_FL;;ЛОЖЬ;ЛОЖЬ;;570;;;;;;;0;;;;1989;ЛОЖЬ;0;;;;;;;0=ACTIVATED;;;;;;;Undefined;491;3428;;;;;;;;;;ЛОЖЬ;;;;;;;;;;;;;;;;;;;;;;;;;;;;;;;;;
AI;60GT305;;FLD;;;H2S in cabinet 60AT305;Yes;ИСТИНА;ЛОЖЬ;;684;ЛОЖЬ;Long;0-20mA;0;3276;;;;;;40;ЛОЖЬ;58083;;None;None;None;None;;;;0;0;;;;-XXXXX.X;0;4095;;42.03;3;11;1;Bottom scale;;;;ЛОЖЬ;;ЛОЖЬ;;;;;;;;;;;;;;;;Output;EPKS_UCB;FGS_551_1;11065;;;;;;;;;;;;
M;C480_2_L;;;;;Function block marker;;ЛОЖЬ;ЛОЖЬ;;480;;;;;;;0;;;;2775;ЛОЖЬ;0;;;;;;;;;;;;;;Undefined;491;3428;;;;;;;;;;ЛОЖЬ;;;;;;;;;;;;;;;;;;;;;;;;;;;;;;;;;
M;500_504_2;;;;;55HS202D;;ЛОЖЬ;ЛОЖЬ;;504;;;;;;;0;;;;1875;ЛОЖЬ;0;;;;;;;1=RESET;;;;;;;Undefined;491;3428;;;;;;;;;;ЛОЖЬ;;;;;;;;;;;;;;;;;;;;;;;;;;;;;;;;;
DO;60GT318_MOC;;COM;;;MO CONFIRM;No;ЛОЖЬ;ЛОЖЬ;;372;;;;;;;0;;;;930;ИСТИНА;58284;None;;;;;;1=CONFIRMED;;;;;;;Undefined;491;3428;;;;;;;;;;ЛОЖЬ;;;;;;;;;;;;;;;;;;Output;EPKS_UCB;FGS_551_1;820;;;;;;;;;;;;
M;C482_1_P;;;;;Function block marker;;ЛОЖЬ;ЛОЖЬ;;482;;;;;;;0;;;;2745;ЛОЖЬ;0;;;;;;;;;;;;;;Undefined;491;3428;;;;;;;;;;ЛОЖЬ;;;;;;;;;;;;;;;;;;;;;;;;;;;;;;;;;
M;2463_A;;;;;DI Run (1=RUNNING);;ЛОЖЬ;ЛОЖЬ;;2463;;;;;;;0;;;;1690;ЛОЖЬ;0;;;;;;;;;;;;;;Undefined;491;3428;;;;;;;;;;ЛОЖЬ;;;;;;;;;;;;;;;;;;;;;;;;;;;;;;;;;
DO;60GT102_B2;;COM;;;Bit 2;No;ЛОЖЬ;ЛОЖЬ;;562;;;;;;;0;;;;859;ЛОЖЬ;0;None;;;;;;;;;;;;;Undefined;491;3428;;;;;;;;;;ЛОЖЬ;;;;;;;;;;;;;;;;;;Output;EPKS_UCB;FGS_551_1;743;;;;;;;;;;;;
M;610_614_4;;;;;60GT307_FL;;ЛОЖЬ;ЛОЖЬ;;614;;;;;;;0;;;;2150;ЛОЖЬ;0;;;;;;;0=ALARM;;;;;;;Undefined;491;3428;;;;;;;;;;ЛОЖЬ;;;;;;;;;;;;;;;;;;;;;;;;;;;;;;;;;
M;C568_3_D;;;;;Function block marker;;ЛОЖЬ;ЛОЖЬ;;568;;;;;;;0;;;;2559;ЛОЖЬ;0;;;;;;;;;;;;;;Undefined;491;3428;;;;;;;;;;ЛОЖЬ;;;;;;;;;;;;;;;;;;;;;;;;;;;;;;;;;
M;316_1;;;;;;;ЛОЖЬ;ЛОЖЬ;;316;;;;;;;0;;;;1376;ЛОЖЬ;0;;;;;;;;;;;;;;Undefined;491;3428;;;;;;;;;;ЛОЖЬ;;;;;;;;;;;;;;;;;;;;;;;;;;;;;;;;;
M;C632_2_F;;;;;Compiler marker;;ЛОЖЬ;ЛОЖЬ;;632;;;;;;;0;;;;2440;ЛОЖЬ;0;;;;;;;;;;;;;;Undefined;491;3428;;;;;;;;;;ЛОЖЬ;;;;;;;;;;;;;;;;;;;;;;;;;;;;;;;;;
DO;55XA201T3;;FLD;;;Beacon at entering the pumping room 5500;Yes;ИСТИНА;ЛОЖЬ;;468;;;;;;;0;;;;73;ИСТИНА;58084;None;;;;;;1=ON;;;;;;;Undefined;491;3428;;42.04;9;2;1;Appl;;;;ЛОЖЬ;;;;;;;;;;;;;;;;;;Output;EPKS_UCB;FGS_551_1;530;;;;;;;;;;;;
AI;60GT301;;FLD;;;H2S in cabinet 60AT301;Yes;ИСТИНА;ЛОЖЬ;;682;ЛОЖЬ;Long;0-20mA;0;3276;;;;;;48;ЛОЖЬ;58085;;None;None;None;None;;;;0;0;;;;-XXXXX.X;0;4095;;42.03;3;13;1;Bottom scale;;;;ЛОЖЬ;;ЛОЖЬ;;;;;;;;;;;;;;;;Output;EPKS_UCB;FGS_551_1;11073;;;;;;;;;;;;
M;530_2;;;;;;;ЛОЖЬ;ЛОЖЬ;;530;;;;;;;0;;;;1871;ЛОЖЬ;0;;;;;;;;;;;;;;Undefined;491;3428;;;;;;;;;;ЛОЖЬ;;;;;;;;;;;;;;;;;;;;;;;;;;;;;;;;;
R;2404_A;;;;;      ????;;ЛОЖЬ;ЛОЖЬ;;2404;;Long;;;;;0;;;;52;ЛОЖЬ;0;;;;;;;;;;;;;;Undefined;;;;;;;;;;;;ЛОЖЬ;ИСТИНА;;;;;;;;;;;;;;;;;;;;;;;;;;;;;;;;
DI;60GT102_MOR;;COM;;;MO REQUEST;No;ЛОЖЬ;ИСТИНА;;562;;;;;;;0;;;;3480;ЛОЖЬ;0;None;;;;;;1=REQUEST;;;;;;;Undefined;491;3428;;;;;;Freeze;;;;ЛОЖЬ;;;;ЛОЖЬ;;;;;;;;;;;;;;Input;EPKS_UCB;FGS_551_1;25;;;;;;;;;;;;
M;2440_F;;;;;In 6 (0=Trip);;ЛОЖЬ;ЛОЖЬ;;2440;;;;;;;0;;;;1510;ЛОЖЬ;0;;;;;;;;;;;;;;Undefined;491;3428;;;;;;;;;;ЛОЖЬ;;;;;;;;;;;;;;;;;;;;;;;;;;;;;;;;;
M;C634_1_J;;;;;Function block marker;;ЛОЖЬ;ЛОЖЬ;;634;;;;;;;0;;;;2408;ЛОЖЬ;0;;;;;;;;;;;;;;Undefined;491;3428;;;;;;;;;;ЛОЖЬ;;;;;;;;;;;;;;;;;;;;;;;;;;;;;;;;;
M;340_380_1;;;;;Ack gas area 672-20;;ЛОЖЬ;ЛОЖЬ;;380;;;;;;;0;;;;179;ЛОЖЬ;0;;;;;;;1=ACK;;;;;;;Undefined;;;;;;;;;;;;ЛОЖЬ;ИСТИНА;;;;;;;;;;;;;;;;;;;;;;;;;;;;;;;;
M;524_4;;;;;;;ЛОЖЬ;ЛОЖЬ;;524;;;;;;;0;;;;634;ЛОЖЬ;0;;;;;;;;;;;;;;Undefined;491;3428;;;;;;;;;;ЛОЖЬ;;;;;;;;;;;;;;;;;;;;;;;;;;;;;;;;;
DO;55GT104_B2;;COM;;;Bit 2;No;ЛОЖЬ;ЛОЖЬ;;502;;;;;;;0;;;;769;ЛОЖЬ;0;None;;;;;;;;;;;;;Undefined;491;3428;;;;;;;;;;ЛОЖЬ;;;;;;;;;;;;;;;;;;Output;EPKS_UCB;FGS_551_1;658;;;;;;;;;;;;
M;354_9;;;;;;;ЛОЖЬ;ЛОЖЬ;;354;;;;;;;0;;;;2262;ЛОЖЬ;0;;;;;;;;;;;;;;Undefined;491;3428;;;;;;;;;;ЛОЖЬ;;;;;;;;;;;;;;;;;;;;;;;;;;;;;;;;;
M;C688_3_D;;;;;Function block marker;;ЛОЖЬ;ЛОЖЬ;;688;;;;;;;0;;;;2319;ЛОЖЬ;0;;;;;;;;;;;;;;Undefined;491;3428;;;;;;;;;;ЛОЖЬ;;;;;;;;;;;;;;;;;;;;;;;;;;;;;;;;;
T;734_1;;;;;;;ЛОЖЬ;ЛОЖЬ;;734;;;;;;;;100 ms;10;;564;ЛОЖЬ;0;;;;;;;;;;;;;;Undefined;;;Delayed ON with constant timer value;;;;;;;;;ЛОЖЬ;ИСТИНА;;;;;;;;;;;;;;;;;;;;;;;;;;;;;;;;
M;C336_4_F;;;;;Function block marker;;ЛОЖЬ;ЛОЖЬ;;336;;;;;;;0;;;;2890;ЛОЖЬ;0;;;;;;;;;;;;;;Undefined;491;3428;;;;;;;;;;ЛОЖЬ;;;;;;;;;;;;;;;;;;;;;;;;;;;;;;;;;
T;486_5;;;;;;;ЛОЖЬ;ЛОЖЬ;;486;;;;;;;;1 s;0;;160;ЛОЖЬ;0;;;;;;;;;;;;;;Undefined;491;3428;Delayed ON memorize with variable timer value;;;;;;;;;ЛОЖЬ;;;;;;;;;;;;;;;;;;;;;;;;;;;;;;;;;
DO;61GA903;;COM;;;TRIP INITIATOR Toxic gas;No;ЛОЖЬ;ЛОЖЬ;;708;;;;;;;1;;;;52;ИСТИНА;58027;None;;;;;;1=NORMAL;;;;;;;Undefined;;;;;;;;;;;;ЛОЖЬ;ИСТИНА;;;;;;;;;;;;;;;;;Output;EPKS_UCB;FGS_551_1;473;;;;;;;;;;;;
M;562_570_3;;;;;60GA102_FL;;ЛОЖЬ;ЛОЖЬ;;570;;;;;;;0;;;;1993;ЛОЖЬ;0;;;;;;;0=ACTIVATED;;;;;;;Undefined;491;3428;;;;;;;;;;ЛОЖЬ;;;;;;;;;;;;;;;;;;;;;;;;;;;;;;;;;
M;336_2;;;;;;;ЛОЖЬ;ЛОЖЬ;;336;;;;;;;0;;;;1348;ЛОЖЬ;0;;;;;;;;;;;;;;Undefined;491;3428;;;;;;;;;;ЛОЖЬ;;;;;;;;;;;;;;;;;;;;;;;;;;;;;;;;;
BO;IB551_FGS1_RT2_B;;COM;;;Repair time CP2;No;ЛОЖЬ;ЛОЖЬ;;22;;Word;;;;;0;;;;46;;0;;;;;;;;;0;0;;;;-XXXXX.X;;;;;;;;;;;;ЛОЖЬ;ИСТИНА;;;;;;;;;;;;;;;;;Output;EPKS_UCB;FGS_551_1;11034;;;;;;;;;;;;
M;2475_3;;;;;;;ЛОЖЬ;ЛОЖЬ;;2475;;;;;;;0;;;;328;ЛОЖЬ;0;;;;;;;;;;;;;;Undefined;;;;;;;;;;;;ЛОЖЬ;ИСТИНА;;;;;;;;;;;;;;;;;;;;;;;;;;;;;;;;
M;528_532_2;;;;;AREA 5500-2-T.GAS ALARM;;ЛОЖЬ;ЛОЖЬ;;532;;;;;;;0;;;;2270;ЛОЖЬ;0;;;;;;;0=ACTIVATED;;;;;;;Undefined;491;3428;;;;;;;;;;ЛОЖЬ;;;;;;;;;;;;;;;;;;;;;;;;;;;;;;;;;
DO;60HX550OP_B0;;COM;;;Bit 0;No;ЛОЖЬ;ЛОЖЬ;;636;;;;;;;0;;;;1793;ЛОЖЬ;0;None;;;;;;;;;;;;;Undefined;491;3428;;;;;;;;;;ЛОЖЬ;;;;;;;;;;;;;;;;;;Output;EPKS_UCB;FGS_551_1;941;;;;;;;;;;;;
M;450_560_1;;;;;Ack gas area 672-20;;ЛОЖЬ;ЛОЖЬ;;560;;;;;;;0;;;;181;ЛОЖЬ;0;;;;;;;1=ACK;;;;;;;Undefined;;;;;;;;;;;;ЛОЖЬ;ИСТИНА;;;;;;;;;;;;;;;;;;;;;;;;;;;;;;;;
M;618_1;;;;;;;ЛОЖЬ;ЛОЖЬ;;618;;;;;;;0;;;;2144;ЛОЖЬ;0;;;;;;;;;;;;;;Undefined;491;3428;;;;;;;;;;ЛОЖЬ;;;;;;;;;;;;;;;;;;;;;;;;;;;;;;;;;
M;580_584_2;;;;;60HS205D;;ЛОЖЬ;ЛОЖЬ;;584;;;;;;;0;;;;2018;ЛОЖЬ;0;;;;;;;1=RESET;;;;;;;Undefined;491;3428;;;;;;;;;;ЛОЖЬ;;;;;;;;;;;;;;;;;;;;;;;;;;;;;;;;;
M;C350_4_D;;;;;Function block marker;;ЛОЖЬ;ЛОЖЬ;;350;;;;;;;0;;;;2885;ЛОЖЬ;0;;;;;;;;;;;;;;Undefined;491;3428;;;;;;;;;;ЛОЖЬ;;;;;;;;;;;;;;;;;;;;;;;;;;;;;;;;;
DO;55HX451OP_B1;;COM;;;Bit 1;No;ЛОЖЬ;ЛОЖЬ;;480;;;;;;;0;;;;1745;ЛОЖЬ;0;None;;;;;;;;;;;;;Undefined;491;3428;;;;;;;;;;ЛОЖЬ;;;;;;;;;;;;;;;;;;Output;EPKS_UCB;FGS_551_1;893;;;;;;;;;;;;
M;2463_E;;;;;Field/Panel (0=cmdSTOP);;ЛОЖЬ;ЛОЖЬ;;2463;;;;;;;0;;;;1533;ЛОЖЬ;0;;;;;;;;;;;;;;Undefined;491;3428;;;;;;;;;;ЛОЖЬ;;;;;;;;;;;;;;;;;;;;;;;;;;;;;;;;;
M;C632_2_1;;;;;Function block marker;;ЛОЖЬ;ЛОЖЬ;;632;;;;;;;0;;;;2446;ЛОЖЬ;0;;;;;;;;;;;;;;Undefined;491;3428;;;;;;;;;;ЛОЖЬ;;;;;;;;;;;;;;;;;;;;;;;;;;;;;;;;;
DO;55GT104_B1;;COM;;;Bit 1;No;ЛОЖЬ;ЛОЖЬ;;502;;;;;;;0;;;;768;ЛОЖЬ;0;None;;;;;;;;;;;;;Undefined;491;3428;;;;;;;;;;ЛОЖЬ;;;;;;;;;;;;;;;;;;Output;EPKS_UCB;FGS_551_1;657;;;;;;;;;;;;
M;C632_2_K;;;;;Function block marker;;ЛОЖЬ;ЛОЖЬ;;632;;;;;;;0;;;;2443;ЛОЖЬ;0;;;;;;;;;;;;;;Undefined;491;3428;;;;;;;;;;ЛОЖЬ;;;;;;;;;;;;;;;;;;;;;;;;;;;;;;;;;
M;C664_1_E;;;;;Function block marker;;ЛОЖЬ;ЛОЖЬ;;664;;;;;;;0;;;;2361;ЛОЖЬ;0;;;;;;;;;;;;;;Undefined;491;3428;;;;;;;;;;ЛОЖЬ;;;;;;;;;;;;;;;;;;;;;;;;;;;;;;;;;
M;C564_1_D;;;;;Function block marker;;ЛОЖЬ;ЛОЖЬ;;564;;;;;;;0;;;;2575;ЛОЖЬ;0;;;;;;;;;;;;;;Undefined;491;3428;;;;;;;;;;ЛОЖЬ;;;;;;;;;;;;;;;;;;;;;;;;;;;;;;;;;
M;2463_F;;;;;DCS Bit 0 (1=cmdSTART);;ЛОЖЬ;ЛОЖЬ;;2463;;;;;;;0;;;;1681;ЛОЖЬ;0;;;;;;;;;;;;;;Undefined;491;3428;;;;;;;;;;ЛОЖЬ;;;;;;;;;;;;;;;;;;;;;;;;;;;;;;;;;
T;486_4;;;;;;;ЛОЖЬ;ЛОЖЬ;;486;;;;;;;;10 ms;1;;52;ЛОЖЬ;0;;;;;;;;;;;;;;Undefined;491;3428;Delayed ON memorize with constant timer value;;;;;;;;;ЛОЖЬ;;;;;;;;;;;;;;;;;;;;;;;;;;;;;;;;;
DO;60GT305_B2;;COM;;;Bit 2;No;ЛОЖЬ;ЛОЖЬ;;684;;;;;;;0;;;;809;ЛОЖЬ;0;None;;;;;;;;;;;;;Undefined;491;3428;;;;;;;;;;ЛОЖЬ;;;;;;;;;;;;;;;;;;Output;EPKS_UCB;FGS_551_1;706;;;;;;;;;;;;
M;2462_1;;;;;;;ЛОЖЬ;ЛОЖЬ;;2462;;;;;;;0;;;;1670;ЛОЖЬ;0;;;;;;;;;;;;;;Undefined;491;3428;;;;;;;;;;ЛОЖЬ;;;;;;;;;;;;;;;;;;;;;;;;;;;;;;;;;
M;694_12;;;;;;;ЛОЖЬ;ЛОЖЬ;;694;;;;;;;0;;;;2241;ЛОЖЬ;0;;;;;;;;;;;;;;Undefined;491;3428;;;;;;;;;;ЛОЖЬ;;;;;;;;;;;;;;;;;;;;;;;;;;;;;;;;;
M;600_614_2;;;;;60HS202D;;ЛОЖЬ;ЛОЖЬ;;614;;;;;;;0;;;;2143;ЛОЖЬ;0;;;;;;;1=RESET;;;;;;;Undefined;491;3428;;;;;;;;;;ЛОЖЬ;;;;;;;;;;;;;;;;;;;;;;;;;;;;;;;;;
M;C480_2_3;;;;;Function block marker;;ЛОЖЬ;ЛОЖЬ;;480;;;;;;;0;;;;2779;ЛОЖЬ;0;;;;;;;;;;;;;;Undefined;491;3428;;;;;;;;;;ЛОЖЬ;;;;;;;;;;;;;;;;;;;;;;;;;;;;;;;;;
M;C690_1;;;;;Compiler marker (256, 55);;ЛОЖЬ;ЛОЖЬ;;690;;;;;;;0;;;;2312;ЛОЖЬ;0;;;;;;;;;;;;;;Undefined;491;3428;;;;;;;;;;ЛОЖЬ;;;;;;;;;;;;;;;;;;;;;;;;;;;;;;;;;
T;704_1;;;;;;;ЛОЖЬ;ЛОЖЬ;;704;;;;;;;;100 ms;10;;284;ЛОЖЬ;0;;;;;;;;;;;;;;Undefined;;;Delayed ON with constant timer value;;;;;;;;;ЛОЖЬ;ИСТИНА;;;;;;;;;;;;;;;;;;;;;;;;;;;;;;;;
M;528_1;;;;;;;ЛОЖЬ;ЛОЖЬ;;528;;;;;;;0;;;;1891;ЛОЖЬ;0;;;;;;;;;;;;;;Undefined;491;3428;;;;;;;;;;ЛОЖЬ;;;;;;;;;;;;;;;;;;;;;;;;;;;;;;;;;
M;540_546_2;;;;;60HS204D;;ЛОЖЬ;ЛОЖЬ;;546;;;;;;;0;;;;1913;ЛОЖЬ;0;;;;;;;1=RESET;;;;;;;Undefined;491;3428;;;;;;;;;;ЛОЖЬ;;;;;;;;;;;;;;;;;;;;;;;;;;;;;;;;;
DO;60GT301_MOC;;COM;;;MO CONFIRM;No;ЛОЖЬ;ЛОЖЬ;;682;;;;;;;0;;;;820;ИСТИНА;58230;None;;;;;;1=CONFIRMED;;;;;;;Undefined;491;3428;;;;;;;;;;ЛОЖЬ;;;;;;;;;;;;;;;;;;Output;EPKS_UCB;FGS_551_1;702;;;;;;;;;;;;
DO;55GT110_MOC;;COM;;;MO CONFIRM;No;ЛОЖЬ;ЛОЖЬ;;330;;;;;;;0;;;;900;ИСТИНА;58267;None;;;;;;1=CONFIRMED;;;;;;;Undefined;491;3428;;;;;;;;;;ЛОЖЬ;;;;;;;;;;;;;;;;;;Output;EPKS_UCB;FGS_551_1;787;;;;;;;;;;;;
T;480_7;;;;;;;ЛОЖЬ;ЛОЖЬ;;480;;;;;;;;1 s;0;;136;ЛОЖЬ;0;;;;;;;;;;;;;;Undefined;491;3428;Delayed ON memorize with variable timer value;;;;;;;;;ЛОЖЬ;;;;;;;;;;;;;;;;;;;;;;;;;;;;;;;;;
DO;60GT105_B2;;COM;;;Bit 2;No;ЛОЖЬ;ЛОЖЬ;;548;;;;;;;0;;;;849;ЛОЖЬ;0;None;;;;;;;;;;;;;Undefined;491;3428;;;;;;;;;;ЛОЖЬ;;;;;;;;;;;;;;;;;;Output;EPKS_UCB;FGS_551_1;732;;;;;;;;;;;;
T;668_1;;;;;;;ЛОЖЬ;ЛОЖЬ;;668;;;;;;;;1 s;30;;256;ЛОЖЬ;0;;;;;;;;;;;;;;Undefined;491;3428;Delayed OFF with constant timer value;;;;;;;;;ЛОЖЬ;;;;;;;;;;;;;;;;;;;;;;;;;;;;;;;;;
M;C542_1_C;;;;;Function block marker;;ЛОЖЬ;ЛОЖЬ;;542;;;;;;;0;;;;2632;ЛОЖЬ;0;;;;;;;;;;;;;;Undefined;491;3428;;;;;;;;;;ЛОЖЬ;;;;;;;;;;;;;;;;;;;;;;;;;;;;;;;;;
M;2410_D;;;;;Bit 0;;ЛОЖЬ;ЛОЖЬ;;2410;;;;;;;0;;;;1526;ЛОЖЬ;0;;;;;;;;;;;;;;Undefined;491;3428;;;;;;;;;;ЛОЖЬ;;;;;;;;;;;;;;;;;;;;;;;;;;;;;;;;;
M;680_684_2;;;;;60HS203D;;ЛОЖЬ;ЛОЖЬ;;684;;;;;;;0;;;;2202;ЛОЖЬ;0;;;;;;;1=RESET;;;;;;;Undefined;491;3428;;;;;;;;;;ЛОЖЬ;;;;;;;;;;;;;;;;;;;;;;;;;;;;;;;;;
T;632_4;;;;;;;ЛОЖЬ;ЛОЖЬ;;632;;;;;;;;10 ms;1;;64;ЛОЖЬ;0;;;;;;;;;;;;;;Undefined;491;3428;Delayed ON memorize with constant timer value;;;;;;;;;ЛОЖЬ;;;;;;;;;;;;;;;;;;;;;;;;;;;;;;;;;
M;682_4;;;;;;;ЛОЖЬ;ЛОЖЬ;;682;;;;;;;0;;;;105;ЛОЖЬ;0;;;;;;;;;;;;;;Undefined;491;3428;;;;;;;;;;ЛОЖЬ;;;;;;;;;;;;;;;;;;;;;;;;;;;;;;;;;
M;502_506_3;;;;;55GA104_FL;;ЛОЖЬ;ЛОЖЬ;;506;;;;;;;0;;;;1854;ЛОЖЬ;0;;;;;;;0=ACTIVATED;;;;;;;Undefined;491;3428;;;;;;;;;;ЛОЖЬ;;;;;;;;;;;;;;;;;;;;;;;;;;;;;;;;;
M;C634_2_F;;;;;Compiler marker;;ЛОЖЬ;ЛОЖЬ;;634;;;;;;;0;;;;2419;ЛОЖЬ;0;;;;;;;;;;;;;;Undefined;491;3428;;;;;;;;;;ЛОЖЬ;;;;;;;;;;;;;;;;;;;;;;;;;;;;;;;;;
M;C584_3_C;;;;;Function block marker;;ЛОЖЬ;ЛОЖЬ;;584;;;;;;;0;;;;2531;ЛОЖЬ;0;;;;;;;;;;;;;;Undefined;491;3428;;;;;;;;;;ЛОЖЬ;;;;;;;;;;;;;;;;;;;;;;;;;;;;;;;;;
M;C486_1_J;;;;;Function block marker;;ЛОЖЬ;ЛОЖЬ;;486;;;;;;;0;;;;2697;ЛОЖЬ;0;;;;;;;;;;;;;;Undefined;491;3428;;;;;;;;;;ЛОЖЬ;;;;;;;;;;;;;;;;;;;;;;;;;;;;;;;;;
M;C684_3_C;;;;;Function block marker;;ЛОЖЬ;ЛОЖЬ;;684;;;;;;;0;;;;2338;ЛОЖЬ;0;;;;;;;;;;;;;;Undefined;491;3428;;;;;;;;;;ЛОЖЬ;;;;;;;;;;;;;;;;;;;;;;;;;;;;;;;;;
M;C708_2_G;;;;;Function block marker;;ЛОЖЬ;ЛОЖЬ;;708;;;;;;;0;;;;312;ЛОЖЬ;0;;;;;;;;;;;;;;Undefined;;;;;;;;;;;;ЛОЖЬ;ИСТИНА;;;;;;;;;;;;;;;;;;;;;;;;;;;;;;;;
M;C684_2_F;;;;;Function block marker;;ЛОЖЬ;ЛОЖЬ;;684;;;;;;;0;;;;2340;ЛОЖЬ;0;;;;;;;;;;;;;;Undefined;491;3428;;;;;;;;;;ЛОЖЬ;;;;;;;;;;;;;;;;;;;;;;;;;;;;;;;;;
M;C332_1_C;;;;;Function block marker;;ЛОЖЬ;ЛОЖЬ;;332;;;;;;;0;;;;2893;ЛОЖЬ;0;;;;;;;;;;;;;;Undefined;491;3428;;;;;;;;;;ЛОЖЬ;;;;;;;;;;;;;;;;;;;;;;;;;;;;;;;;;
M;314_850_1;;;;;AREA 5500-1-FL.GAS ALARM;;ЛОЖЬ;ЛОЖЬ;;850;;;;;;;0;;;;2266;ЛОЖЬ;0;;;;;;;PULSE=ALARM;;;;;;;Undefined;491;3428;;;;;;;;;;ЛОЖЬ;;;;;;;;;;;;;;;;;;;;;;;;;;;;;;;;;
M;C2406_1;;;;;Compiler marker (224, 84);;ЛОЖЬ;ЛОЖЬ;;2406;;;;;;;0;;;;1364;ЛОЖЬ;0;;;;;;;;;;;;;;Undefined;491;3428;;;;;;;;;;ЛОЖЬ;;;;;;;;;;;;;;;;;;;;;;;;;;;;;;;;;
M;480_2;;;;;;;ЛОЖЬ;ЛОЖЬ;;480;;;;;;;0;;;;1642;ЛОЖЬ;0;;;;;;;;;;;;;;Undefined;491;3428;;;;;;;;;;ЛОЖЬ;;;;;;;;;;;;;;;;;;;;;;;;;;;;;;;;;
DO;60GA106;;COM;;;TRIP INITIATOR-Toxic gas;No;ЛОЖЬ;ЛОЖЬ;;564;;;;;;;1;;;;866;ИСТИНА;58251;None;;;;;;1=NORMAL;;;;;;;Undefined;491;3428;;;;;;;;;;ЛОЖЬ;;;;;;;;;;;;;;;;;;Output;EPKS_UCB;FGS_551_1;750;;;;;;;;;;;;
M;466_468_1;;;;;AREA PH-55-1-T.GAS ALARM;;ЛОЖЬ;ЛОЖЬ;;468;;;;;;;0;;;;1517;ЛОЖЬ;0;;;;;;;PULSE=ALARM;;;;;;;Undefined;491;3428;;;;;;;;;;ЛОЖЬ;;;;;;;;;;;;;;;;;;;;;;;;;;;;;;;;;
DO;60GT104_B0;;COM;;;Bit 0;No;ЛОЖЬ;ЛОЖЬ;;546;;;;;;;0;;;;842;ЛОЖЬ;0;None;;;;;;;;;;;;;Undefined;491;3428;;;;;;;;;;ЛОЖЬ;;;;;;;;;;;;;;;;;;Output;EPKS_UCB;FGS_551_1;725;;;;;;;;;;;;
BI;42-Second;;SYS;;;Second;No;ЛОЖЬ;;;23;;Byte;;;;;;;;;7;;0;;;;;;;;;0;0;;;;-XXXXX.X;491;3428;;;;;;;;;;ЛОЖЬ;;;;;;;;;;;;;;;;;;;;;;;;;;;;;;;;;
M;C312_2_G;;;;;Function block marker;;ЛОЖЬ;ЛОЖЬ;;312;;;;;;;0;;;;2923;ЛОЖЬ;0;;;;;;;;;;;;;;Undefined;491;3428;;;;;;;;;;ЛОЖЬ;;;;;;;;;;;;;;;;;;;;;;;;;;;;;;;;;
M;C622_1;;;;;Compiler marker (320, 228);;ЛОЖЬ;ЛОЖЬ;;622;;;;;;;0;;;;2482;ЛОЖЬ;0;;;;;;;;;;;;;;Undefined;491;3428;;;;;;;;;;ЛОЖЬ;;;;;;;;;;;;;;;;;;;;;;;;;;;;;;;;;
M;C630_1_P;;;;;Function block marker;;ЛОЖЬ;ЛОЖЬ;;630;;;;;;;0;;;;2456;ЛОЖЬ;0;;;;;;;;;;;;;;Undefined;491;3428;;;;;;;;;;ЛОЖЬ;;;;;;;;;;;;;;;;;;;;;;;;;;;;;;;;;
DI;61GT901_MOR;;COM;;;MO REQUEST;No;ЛОЖЬ;ИСТИНА;;704;;;;;;;0;;;;3543;ЛОЖЬ;0;None;;;;;;1=REQUEST;;;;;;;Undefined;;;;;;;;Freeze;;;;ЛОЖЬ;ИСТИНА;;;ЛОЖЬ;;;;;;;;;;;;;;Input;EPKS_UCB;FGS_551_1;88;;;;;;;;;;;;
M;1000_4;;;;;;;ЛОЖЬ;ЛОЖЬ;;1000;;;;;;;0;;;;194;ЛОЖЬ;0;;;;;;;;;;;;;;Undefined;;;;;;;;;;;;ЛОЖЬ;ИСТИНА;;;;;;;;;;;;;;;;;;;;;;;;;;;;;;;;
DO;55GT112_MOC;;COM;;;MO CONFIRM;No;ЛОЖЬ;ЛОЖЬ;;332;;;;;;;0;;;;905;ИСТИНА;58271;None;;;;;;1=CONFIRMED;;;;;;;Undefined;491;3428;;;;;;;;;;ЛОЖЬ;;;;;;;;;;;;;;;;;;Output;EPKS_UCB;FGS_551_1;792;;;;;;;;;;;;
M;660_666_3;;;;;60GA309_FL;;ЛОЖЬ;ЛОЖЬ;;666;;;;;;;0;;;;2181;ЛОЖЬ;0;;;;;;;0=ACTIVATED;;;;;;;Undefined;491;3428;;;;;;;;;;ЛОЖЬ;;;;;;;;;;;;;;;;;;;;;;;;;;;;;;;;;
DO;60HS291D_RR;;COM;;;READY TO RESET 6000-5 TOXIC GAS;No;ЛОЖЬ;ЛОЖЬ;;734;;;;;;;0;;;;340;ИСТИНА;58073;None;;;;;;1=READY;;;;;;;Undefined;;;;;;;;;;;;ЛОЖЬ;ИСТИНА;;;;;;;;;;;;;;;;;Output;EPKS_UCB;FGS_551_1;573;;;;;;;;;;;;
T;468_1;;;;;;;ЛОЖЬ;ЛОЖЬ;;468;;;;;;;;1 s;30;;120;ЛОЖЬ;0;;;;;;;;;;;;;;Undefined;491;3428;Delayed OFF with constant timer value;;;;;;;;;ЛОЖЬ;;;;;;;;;;;;;;;;;;;;;;;;;;;;;;;;;
T;482_2;;;;;;;ЛОЖЬ;ЛОЖЬ;;482;;;;;;;;100 ms;50;;244;ЛОЖЬ;0;;;;;;;;;;;;;;Undefined;491;3428;Pulse retriggerable with constant timer value;;;;;;;;;ЛОЖЬ;;;;;;;;;;;;;;;;;;;;;;;;;;;;;;;;;
M;462_464_3;;;;;55GT103_BadPV_FL;;ЛОЖЬ;ЛОЖЬ;;464;;;;;;;0;;;;1491;ЛОЖЬ;0;;;;;;;0=BadPV;;;;;;;Undefined;491;3428;;;;;;;;;;ЛОЖЬ;;;;;;;;;;;;;;;;;;;;;;;;;;;;;;;;;
M;710_3;;;;;;;ЛОЖЬ;ЛОЖЬ;;710;;;;;;;0;;;;281;ЛОЖЬ;0;;;;;;;;;;;;;;Undefined;;;;;;;;;;;;ЛОЖЬ;ИСТИНА;;;;;;;;;;;;;;;;;;;;;;;;;;;;;;;;
M;616_618_1;;;;;AREA PH-60-1-T.GAS ALARM;;ЛОЖЬ;ЛОЖЬ;;618;;;;;;;0;;;;2145;ЛОЖЬ;0;;;;;;;PULSE=ALARM;;;;;;;Undefined;491;3428;;;;;;;;;;ЛОЖЬ;;;;;;;;;;;;;;;;;;;;;;;;;;;;;;;;;
M;C2405_3;;;;;Compiler marker (288, 48);;ЛОЖЬ;ЛОЖЬ;;2405;;;;;;;0;;;;1667;ЛОЖЬ;0;;;;;;;;;;;;;;Undefined;491;3428;;;;;;;;;;ЛОЖЬ;;;;;;;;;;;;;;;;;;;;;;;;;;;;;;;;;
DI;EFM 42.03/9/17;;SYS;;;;Yes;ЛОЖЬ;;;12;;;;;;;;;;;40;ЛОЖЬ;0;None;;;;;;;;;;;;;Undefined;491;3428;;42.03;9;17;1;Undefined;;No input device;;ЛОЖЬ;;;;ЛОЖЬ;;;;;;;;;;;;;;;;;;;;;;;;;;;;;
M;734_4;;;;;;;ЛОЖЬ;ЛОЖЬ;;734;;;;;;;0;;;;357;ЛОЖЬ;0;;;;;;;;;;;;;;Undefined;;;;;;;;;;;;ЛОЖЬ;ИСТИНА;;;;;;;;;;;;;;;;;;;;;;;;;;;;;;;;
T;630_4;;;;;;;ЛОЖЬ;ЛОЖЬ;;630;;;;;;;;10 ms;1;;16;ЛОЖЬ;0;;;;;;;;;;;;;;Undefined;491;3428;Delayed ON memorize with constant timer value;;;;;;;;;ЛОЖЬ;;;;;;;;;;;;;;;;;;;;;;;;;;;;;;;;;
DI;42-Flasher-1Hz;;SYS;;;1 Hz flasher;No;ЛОЖЬ;;;0;;;;;;;;;;;28;ЛОЖЬ;0;None;;;;;;;;;;;;;Undefined;491;3428;;;;;;;;;;ЛОЖЬ;;;;ЛОЖЬ;;;;;;;;;;;;;;;;;;;;;;;;;;;;;
DO;61XY825;;FLD;;;Beacon near W Exit 6100;Yes;ИСТИНА;ЛОЖЬ;;714;;;;;;;0;;;;155;ИСТИНА;58338;None;;;;;;1=ON;;;;;;;Undefined;;;;42.06;9;4;1;Appl;;;;ЛОЖЬ;ИСТИНА;;;;;;;;;;;;;;;;;Output;EPKS_UCB;FGS_551_1;504;;;;;;;;;;;;
M;540_542_2;;;;;60HS204D;;ЛОЖЬ;ЛОЖЬ;;542;;;;;;;0;;;;1935;ЛОЖЬ;0;;;;;;;1=RESET;;;;;;;Undefined;491;3428;;;;;;;;;;ЛОЖЬ;;;;;;;;;;;;;;;;;;;;;;;;;;;;;;;;;
M;736_9;;;;;;;ЛОЖЬ;ЛОЖЬ;;736;;;;;;;0;;;;367;ЛОЖЬ;0;;;;;;;;;;;;;;Undefined;;;;;;;;;;;;ЛОЖЬ;ИСТИНА;;;;;;;;;;;;;;;;;;;;;;;;;;;;;;;;
M;552_7;;;;;;;ЛОЖЬ;ЛОЖЬ;;552;;;;;;;0;;;;1905;ЛОЖЬ;0;;;;;;;;;;;;;;Undefined;491;3428;;;;;;;;;;ЛОЖЬ;;;;;;;;;;;;;;;;;;;;;;;;;;;;;;;;;
M;C486_2_B;;;;;Compiler marker;;ЛОЖЬ;ЛОЖЬ;;486;;;;;;;0;;;;2706;ЛОЖЬ;0;;;;;;;;;;;;;;Undefined;491;3428;;;;;;;;;;ЛОЖЬ;;;;;;;;;;;;;;;;;;;;;;;;;;;;;;;;;
M;570_572_4;;;;;6000-2_TGD_A;;ЛОЖЬ;ЛОЖЬ;;572;;;;;;;0;;;;1967;ЛОЖЬ;0;;;;;;;0=ALARM;;;;;;;Undefined;491;3428;;;;;;;;;;ЛОЖЬ;;;;;;;;;;;;;;;;;;;;;;;;;;;;;;;;;
M;480_3;;;;;;;ЛОЖЬ;ЛОЖЬ;;480;;;;;;;0;;;;1658;ЛОЖЬ;0;;;;;;;;;;;;;;Undefined;491;3428;;;;;;;;;;ЛОЖЬ;;;;;;;;;;;;;;;;;;;;;;;;;;;;;;;;;
M;504_4;;;;;;;ЛОЖЬ;ЛОЖЬ;;504;;;;;;;0;;;;636;ЛОЖЬ;0;;;;;;;;;;;;;;Undefined;491;3428;;;;;;;;;;ЛОЖЬ;;;;;;;;;;;;;;;;;;;;;;;;;;;;;;;;;
M;614_634_1;;;;;60GA307/308_FL;;ЛОЖЬ;ЛОЖЬ;;634;;;;;;;0;;;;2094;ЛОЖЬ;0;;;;;;;0=ACTIVATED;;;;;;;Undefined;491;3428;;;;;;;;;;ЛОЖЬ;;;;;;;;;;;;;;;;;;;;;;;;;;;;;;;;;
DI;55HS_F_RESET;;COM;;;FAULT RESET;No;ЛОЖЬ;ИСТИНА;;60;;;;;;;0;;;;3552;ИСТИНА;58011;None;;;;;;1=RESET;;;;;;;Undefined;;;;;;;;Low;;;;ЛОЖЬ;ИСТИНА;;;ЛОЖЬ;;;;;;;;;;;;;;Input;EPKS_UCB;FGS_551_1;97;;;;;;;;;;;;
T;314_1;;;;;;;ЛОЖЬ;ЛОЖЬ;;314;;;;;;;;100 ms;10;;104;ЛОЖЬ;0;;;;;;;;;;;;;;Undefined;491;3428;Pulse retriggerable with constant timer value;;;;;;;;;ЛОЖЬ;;;;;;;;;;;;;;;;;;;;;;;;;;;;;;;;;
DO;60GA311;;COM;;;TRIP INITIATOR-Toxic gas;No;ЛОЖЬ;ЛОЖЬ;;664;;;;;;;1;;;;806;ИСТИНА;58228;None;;;;;;1=NORMAL;;;;;;;Undefined;491;3428;;;;;;;;;;ЛОЖЬ;;;;;;;;;;;;;;;;;;Output;EPKS_UCB;FGS_551_1;697;;;;;;;;;;;;
DO;55XA201T4;;FLD;;;Horn at entering the pumpig room 5500;Yes;ИСТИНА;ЛОЖЬ;;468;;;;;;;0;;;;9;ИСТИНА;58087;None;;;;;;1=ON;;;;;;;Undefined;491;3428;;42.04;1;2;1;Appl;;;;ЛОЖЬ;;;;;;;;;;;;;;;;;;Output;EPKS_UCB;FGS_551_1;498;;;;;;;;;;;;
M;300_340_1;;;;;55_60HS202G;;ЛОЖЬ;ЛОЖЬ;;340;;;;;;;0;;;;176;ЛОЖЬ;0;;;;;;;1=ACK;;;;;;;Undefined;;;;;;;;;;;;ЛОЖЬ;ИСТИНА;;;;;;;;;;;;;;;;;;;;;;;;;;;;;;;;
M;690_694_6;;;;;6050-2_TGD_C;;ЛОЖЬ;ЛОЖЬ;;694;;;;;;;0;;;;2244;ЛОЖЬ;0;;;;;;;0=ALARM;;;;;;;Undefined;491;3428;;;;;;;;;;ЛОЖЬ;;;;;;;;;;;;;;;;;;;;;;;;;;;;;;;;;
T;634_1;;;;;;;ЛОЖЬ;ЛОЖЬ;;634;;;;;;;;100 ms;50;;408;ЛОЖЬ;0;;;;;;;;;;;;;;Undefined;491;3428;Pulse retriggerable with constant timer value;;;;;;;;;ЛОЖЬ;;;;;;;;;;;;;;;;;;;;;;;;;;;;;;;;;
BO;VM01;;COM;;;;No;ЛОЖЬ;ЛОЖЬ;;12;;Float;;;;;0;;;;40;;0;;;;;;;;;0;0;;;;-XXXXX.X;;;;;;;;;;;;ЛОЖЬ;ИСТИНА;;;;;;;;;;;;;;;;;Output;EPKS_UCB;FGS_551_1;11031;;;;;;;;;;;;
BI;42-TempCP1;;SYS;;;Temperature CP 1;Yes;ЛОЖЬ;;;21;;Word;;;;;;;;;8;;0;;;;;;;;;0;0;;;;-XXXXX.X;491;3428;;;;;;;;;;ЛОЖЬ;;;;;;;;;;;;;;;;;;;;;;;;;;;;;;;;;
M;C706_1_D;;;;;Function block marker;;ЛОЖЬ;ЛОЖЬ;;706;;;;;;;0;;;;316;ЛОЖЬ;0;;;;;;;;;;;;;;Undefined;;;;;;;;;;;;ЛОЖЬ;ИСТИНА;;;;;;;;;;;;;;;;;;;;;;;;;;;;;;;;
DI;55HS452A;;COM;;;DCS START;No;ЛОЖЬ;ИСТИНА;;482;;;;;;;0;;;;3528;ЛОЖЬ;0;None;;;;;;1=DCScmdSTART;;;;;;;Undefined;491;3428;;;;;;Low;;;;ЛОЖЬ;;;;ЛОЖЬ;;;;;;;;;;;;;;Input;EPKS_UCB;FGS_551_1;73;;;;;;;;;;;;
T;316_1;;;;;;;ЛОЖЬ;ЛОЖЬ;;316;;;;;;;;1 s;30;;76;ЛОЖЬ;0;;;;;;;;;;;;;;Undefined;491;3428;Delayed OFF with constant timer value;;;;;;;;;ЛОЖЬ;;;;;;;;;;;;;;;;;;;;;;;;;;;;;;;;;
M;614_636_1;;;;;60GA307/308_FL;;ЛОЖЬ;ЛОЖЬ;;636;;;;;;;0;;;;2071;ЛОЖЬ;0;;;;;;;0=ACTIVATED;;;;;;;Undefined;491;3428;;;;;;;;;;ЛОЖЬ;;;;;;;;;;;;;;;;;;;;;;;;;;;;;;;;;
M;C462_1_B;;;;;Function block marker;;ЛОЖЬ;ЛОЖЬ;;462;;;;;;;0;;;;2811;ЛОЖЬ;0;;;;;;;;;;;;;;Undefined;491;3428;;;;;;;;;;ЛОЖЬ;;;;;;;;;;;;;;;;;;;;;;;;;;;;;;;;;
T;562_1;;;;;;;ЛОЖЬ;ЛОЖЬ;;562;;;;;;;;100 ms;10;;380;ЛОЖЬ;0;;;;;;;;;;;;;;Undefined;;;Delayed ON with constant timer value;;;;;;;;;ЛОЖЬ;ИСТИНА;;;;;;;;;;;;;;;;;;;;;;;;;;;;;;;;
M;C480_2_4;;;;;Function block marker;;ЛОЖЬ;ЛОЖЬ;;480;;;;;;;0;;;;2780;ЛОЖЬ;0;;;;;;;;;;;;;;Undefined;491;3428;;;;;;;;;;ЛОЖЬ;;;;;;;;;;;;;;;;;;;;;;;;;;;;;;;;;
M;2463_O;;;;;DO Stop (0=STOP);;ЛОЖЬ;ЛОЖЬ;;2463;;;;;;;0;;;;1653;ЛОЖЬ;0;;;;;;;;;;;;;;Undefined;491;3428;;;;;;;;;;ЛОЖЬ;;;;;;;;;;;;;;;;;;;;;;;;;;;;;;;;;
DO;55GT108_B2;;COM;;;Bit 2;No;ЛОЖЬ;ЛОЖЬ;;526;;;;;;;0;;;;789;ЛОЖЬ;0;None;;;;;;;;;;;;;Undefined;491;3428;;;;;;;;;;ЛОЖЬ;;;;;;;;;;;;;;;;;;Output;EPKS_UCB;FGS_551_1;679;;;;;;;;;;;;
T;330_1;;;;;;;ЛОЖЬ;ЛОЖЬ;;330;;;;;;;;100 ms;10;;120;ЛОЖЬ;0;;;;;;;;;;;;;;Undefined;;;Delayed ON with constant timer value;;;;;;;;;ЛОЖЬ;ИСТИНА;;;;;;;;;;;;;;;;;;;;;;;;;;;;;;;;
DO;55XA201T6;;FLD;;;Horn at entering the pumpig room 5500 at side of threstle;Yes;ИСТИНА;ЛОЖЬ;;470;;;;;;;0;;;;10;ИСТИНА;58088;None;;;;;;1=ON;;;;;;;Undefined;491;3428;;42.04;1;3;1;Appl;;;;ЛОЖЬ;;;;;;;;;;;;;;;;;;Output;EPKS_UCB;FGS_551_1;499;;;;;;;;;;;;
M;330_5;;;;;;;ЛОЖЬ;ЛОЖЬ;;330;;;;;;;0;;;;242;ЛОЖЬ;0;;;;;;;;;;;;;;Undefined;491;3428;;;;;;;;;;ЛОЖЬ;;;;;;;;;;;;;;;;;;;;;;;;;;;;;;;;;
M;484_12;;;;;;;ЛОЖЬ;ЛОЖЬ;;484;;;;;;;0;;;;1822;ЛОЖЬ;0;;;;;;;;;;;;;;Undefined;491;3428;;;;;;;;;;ЛОЖЬ;;;;;;;;;;;;;;;;;;;;;;;;;;;;;;;;;
M;C482_1_O;;;;;Function block marker;;ЛОЖЬ;ЛОЖЬ;;482;;;;;;;0;;;;2744;ЛОЖЬ;0;;;;;;;;;;;;;;Undefined;491;3428;;;;;;;;;;ЛОЖЬ;;;;;;;;;;;;;;;;;;;;;;;;;;;;;;;;;
M;C350_2_F;;;;;Function block marker;;ЛОЖЬ;ЛОЖЬ;;350;;;;;;;0;;;;2886;ЛОЖЬ;0;;;;;;;;;;;;;;Undefined;491;3428;;;;;;;;;;ЛОЖЬ;;;;;;;;;;;;;;;;;;;;;;;;;;;;;;;;;
M;C460_1_B;;;;;Function block marker;;ЛОЖЬ;ЛОЖЬ;;460;;;;;;;0;;;;2821;ЛОЖЬ;0;;;;;;;;;;;;;;Undefined;491;3428;;;;;;;;;;ЛОЖЬ;;;;;;;;;;;;;;;;;;;;;;;;;;;;;;;;;
M;C470_4_E;;;;;Function block marker;;ЛОЖЬ;ЛОЖЬ;;470;;;;;;;0;;;;2799;ЛОЖЬ;0;;;;;;;;;;;;;;Undefined;491;3428;;;;;;;;;;ЛОЖЬ;;;;;;;;;;;;;;;;;;;;;;;;;;;;;;;;;
M;C482_1_Q;;;;;Function block marker;;ЛОЖЬ;ЛОЖЬ;;482;;;;;;;0;;;;2746;ЛОЖЬ;0;;;;;;;;;;;;;;Undefined;491;3428;;;;;;;;;;ЛОЖЬ;;;;;;;;;;;;;;;;;;;;;;;;;;;;;;;;;
DO;60GA108;;COM;;;TRIP INITIATOR-Toxic gas;No;ЛОЖЬ;ЛОЖЬ;;568;;;;;;;1;;;;886;ИСТИНА;58255;None;;;;;;1=NORMAL;;;;;;;Undefined;491;3428;;;;;;;;;;ЛОЖЬ;;;;;;;;;;;;;;;;;;Output;EPKS_UCB;FGS_551_1;760;;;;;;;;;;;;
DI;60GT301_MOR;;COM;;;MO REQUEST;No;ЛОЖЬ;ИСТИНА;;682;;;;;;;0;;;;3470;ЛОЖЬ;0;None;;;;;;1=REQUEST;;;;;;;Undefined;491;3428;;;;;;Freeze;;;;ЛОЖЬ;;;;ЛОЖЬ;;;;;;;;;;;;;;Input;EPKS_UCB;FGS_551_1;15;;;;;;;;;;;;
M;464_486_1;;;;;55GA102/103_FL;;ЛОЖЬ;ЛОЖЬ;;486;;;;;;;0;;;;1828;ЛОЖЬ;0;;;;;;;0=ACTIVATED;;;;;;;Undefined;491;3428;;;;;;;;;;ЛОЖЬ;;;;;;;;;;;;;;;;;;;;;;;;;;;;;;;;;
M;C622_2_D;;;;;Function block marker;;ЛОЖЬ;ЛОЖЬ;;622;;;;;;;0;;;;2486;ЛОЖЬ;0;;;;;;;;;;;;;;Undefined;491;3428;;;;;;;;;;ЛОЖЬ;;;;;;;;;;;;;;;;;;;;;;;;;;;;;;;;;
M;C484_2_B;;;;;Compiler marker;;ЛОЖЬ;ЛОЖЬ;;484;;;;;;;0;;;;2727;ЛОЖЬ;0;;;;;;;;;;;;;;Undefined;491;3428;;;;;;;;;;ЛОЖЬ;;;;;;;;;;;;;;;;;;;;;;;;;;;;;;;;;
DI;55XS451C_P;;COM;;;Ready for start В2А signal;No;ЛОЖЬ;ИСТИНА;;480;;;;;;;0;;;;1537;ЛОЖЬ;0;None;;;;;;1=ready;;;;;;;Undefined;491;3428;;;;;;Low;;;;ЛОЖЬ;;;;ЛОЖЬ;;;;;;;;;;;;;;;;;;;;;;;;;;Input;C300_UCB;FGS_551_1;2
M;C734_1_E;;;;;Function block marker;;ЛОЖЬ;ЛОЖЬ;;734;;;;;;;0;;;;369;ЛОЖЬ;0;;;;;;;;;;;;;;Undefined;;;;;;;;;;;;ЛОЖЬ;ИСТИНА;;;;;;;;;;;;;;;;;;;;;;;;;;;;;;;;
M;C482_2_M;;;;;Function block marker;;ЛОЖЬ;ЛОЖЬ;;482;;;;;;;0;;;;2755;ЛОЖЬ;0;;;;;;;;;;;;;;Undefined;491;3428;;;;;;;;;;ЛОЖЬ;;;;;;;;;;;;;;;;;;;;;;;;;;;;;;;;;
T;636_7;;;;;;;ЛОЖЬ;ЛОЖЬ;;636;;;;;;;;1 s;0;;212;ЛОЖЬ;0;;;;;;;;;;;;;;Undefined;491;3428;Delayed ON memorize with variable timer value;;;;;;;;;ЛОЖЬ;;;;;;;;;;;;;;;;;;;;;;;;;;;;;;;;;
M;C610_2_H;;;;;Function block marker;;ЛОЖЬ;ЛОЖЬ;;610;;;;;;;0;;;;2518;ЛОЖЬ;0;;;;;;;;;;;;;;Undefined;491;3428;;;;;;;;;;ЛОЖЬ;;;;;;;;;;;;;;;;;;;;;;;;;;;;;;;;;
M;C706_3_D;;;;;Function block marker;;ЛОЖЬ;ЛОЖЬ;;706;;;;;;;0;;;;320;ЛОЖЬ;0;;;;;;;;;;;;;;Undefined;;;;;;;;;;;;ЛОЖЬ;ИСТИНА;;;;;;;;;;;;;;;;;;;;;;;;;;;;;;;;
DI;60XS548C_P;;COM;;;Ready for start signal В10А;No;ЛОЖЬ;ИСТИНА;;632;;;;;;;0;;;;1547;ЛОЖЬ;0;None;;;;;;1=READY;;;;;;;Undefined;491;3428;;;;;;Low;;;;ЛОЖЬ;;;;ЛОЖЬ;;;;;;;;;;;;;;;;;;;;;;;;;;Input;C300_UCB;FGS_551_1;12
M;484_3;;;;;;;ЛОЖЬ;ЛОЖЬ;;484;;;;;;;0;;;;1818;ЛОЖЬ;0;;;;;;;;;;;;;;Undefined;491;3428;;;;;;;;;;ЛОЖЬ;;;;;;;;;;;;;;;;;;;;;;;;;;;;;;;;;
M;C562_1_B;;;;;Function block marker;;ЛОЖЬ;ЛОЖЬ;;562;;;;;;;0;;;;2584;ЛОЖЬ;0;;;;;;;;;;;;;;Undefined;491;3428;;;;;;;;;;ЛОЖЬ;;;;;;;;;;;;;;;;;;;;;;;;;;;;;;;;;
M;C392_1_D;;;;;Function block marker;;ЛОЖЬ;ЛОЖЬ;;392;;;;;;;0;;;;2840;ЛОЖЬ;0;;;;;;;;;;;;;;Undefined;491;3428;;;;;;;;;;ЛОЖЬ;;;;;;;;;;;;;;;;;;;;;;;;;;;;;;;;;
DO;55HX453OP_B0;;COM;;;Bit 0;No;ЛОЖЬ;ЛОЖЬ;;484;;;;;;;0;;;;1758;ЛОЖЬ;0;None;;;;;;;;;;;;;Undefined;491;3428;;;;;;;;;;ЛОЖЬ;;;;;;;;;;;;;;;;;;Output;EPKS_UCB;FGS_551_1;906;;;;;;;;;;;;
DI;42-ClockSrcFault1;;SYS;;;Clock source 1 fault;Yes;ЛОЖЬ;;;23;;;;;;;;;;;14;ЛОЖЬ;0;None;;;;;;1=NORMAL;;;;;;;Undefined;491;3428;;;;;;;;;;ЛОЖЬ;;;;ЛОЖЬ;;;;;;;;;;;;;;Output;EPKS_UCB;FGS_551_1;619;;;;;;;;;;;;
DI;60GT104_MOR;;COM;;;MO REQUEST;No;ЛОЖЬ;ИСТИНА;;546;;;;;;;0;;;;3476;ЛОЖЬ;0;None;;;;;;1=REQUEST;;;;;;;Undefined;491;3428;;;;;;Freeze;;;;ЛОЖЬ;;;;ЛОЖЬ;;;;;;;;;;;;;;Input;EPKS_UCB;FGS_551_1;21;;;;;;;;;;;;
M;C662_2_G;;;;;Function block marker;;ЛОЖЬ;ЛОЖЬ;;662;;;;;;;0;;;;2375;ЛОЖЬ;0;;;;;;;;;;;;;;Undefined;491;3428;;;;;;;;;;ЛОЖЬ;;;;;;;;;;;;;;;;;;;;;;;;;;;;;;;;;
M;524_5;;;;;;;ЛОЖЬ;ЛОЖЬ;;524;;;;;;;0;;;;229;ЛОЖЬ;0;;;;;;;;;;;;;;Undefined;491;3428;;;;;;;;;;ЛОЖЬ;;;;;;;;;;;;;;;;;;;;;;;;;;;;;;;;;
M;462_466_5;;;;;55GA103_FL;;ЛОЖЬ;ЛОЖЬ;;466;;;;;;;0;;;;414;ЛОЖЬ;0;;;;;;;0=ACTIVATED;;;;;;;Undefined;;;;;;;;;;;;ЛОЖЬ;ИСТИНА;;;;;;;;;;;;;;;;;;;;;;;;;;;;;;;;
M;C706_2_H;;;;;Function block marker;;ЛОЖЬ;ЛОЖЬ;;706;;;;;;;0;;;;323;ЛОЖЬ;0;;;;;;;;;;;;;;Undefined;;;;;;;;;;;;ЛОЖЬ;ИСТИНА;;;;;;;;;;;;;;;;;;;;;;;;;;;;;;;;
DI;60GT308_MOR;;COM;;;MO REQUEST;No;ЛОЖЬ;ИСТИНА;;612;;;;;;;0;;;;3551;ЛОЖЬ;0;None;;;;;;1=REQUEST;;;;;;;Undefined;;;;;;;;Freeze;;;;ЛОЖЬ;ИСТИНА;;;ЛОЖЬ;;;;;;;;;;;;;;Input;EPKS_UCB;FGS_551_1;96;;;;;;;;;;;;
DO;60GT102_B1;;COM;;;Bit 1;No;ЛОЖЬ;ЛОЖЬ;;562;;;;;;;0;;;;858;ЛОЖЬ;0;None;;;;;;;;;;;;;Undefined;491;3428;;;;;;;;;;ЛОЖЬ;;;;;;;;;;;;;;;;;;Output;EPKS_UCB;FGS_551_1;742;;;;;;;;;;;;
R;C2440_5;;;;;Compiler register (256, 174);;ЛОЖЬ;ЛОЖЬ;;2440;;Byte;;;;;0;;;;1154;ЛОЖЬ;0;;;;;;;;;;;;;;Undefined;491;3428;;;;;;;;;;ЛОЖЬ;;;;;;;;;;;;;;;;;;;;;;;;;;;;;;;;;
DO;60HY599A_TF;;COM;;;CHANNEL OR LINE FAULT;No;ЛОЖЬ;ЛОЖЬ;;861;;;;;;;0;;;;455;ЛОЖЬ;0;None;;;;;;0=FAULT;;;;;;;Undefined;;;;;;;;;;;;ЛОЖЬ;ИСТИНА;;;;;;;;;;;;;;;;;Output;EPKS_UCB;FGS_551_1;969;;;;;;;;;;;;
DO;FGS_551_1_F5;;COM;;;Marshaling Cabinet Alarm;No;ЛОЖЬ;ЛОЖЬ;;23;;;;;;;1;;;;756;ИСТИНА;58205;None;;;;;;1=NORMAL;;;;;;;Undefined;491;3428;;;;;;;;;;ЛОЖЬ;;;;;;;;;;;;;;;;;;Output;EPKS_UCB;FGS_551_1;638;;;;;;;;;;;;
T;684_2;;;;;;;ЛОЖЬ;ЛОЖЬ;;684;;;;;;;;100 ms;10;;516;ЛОЖЬ;0;;;;;;;;;;;;;;Undefined;;;Delayed ON with constant timer value;;;;;;;;;ЛОЖЬ;ИСТИНА;;;;;;;;;;;;;;;;;;;;;;;;;;;;;;;;
M;2463_H;;;;;GAS Logic (0=cmdSTART);;ЛОЖЬ;ЛОЖЬ;;2463;;;;;;;0;;;;1666;ЛОЖЬ;0;;;;;;;;;;;;;;Undefined;491;3428;;;;;;;;;;ЛОЖЬ;;;;;;;;;;;;;;;;;;;;;;;;;;;;;;;;;
M;C530_4_F;;;;;Function block marker;;ЛОЖЬ;ЛОЖЬ;;530;;;;;;;0;;;;2641;ЛОЖЬ;0;;;;;;;;;;;;;;Undefined;491;3428;;;;;;;;;;ЛОЖЬ;;;;;;;;;;;;;;;;;;;;;;;;;;;;;;;;;
M;2470_B;;;;;PUSLE=Horn Initiator;;ЛОЖЬ;ЛОЖЬ;;2470;;;;;;;0;;;;192;ЛОЖЬ;0;;;;;;;;;;;;;;Undefined;;;;;;;;;;;;ЛОЖЬ;ИСТИНА;;;;;;;;;;;;;;;;;;;;;;;;;;;;;;;;
M;506_508_1;;;;;AREA 5500-1-T.GAS ALARM;;ЛОЖЬ;ЛОЖЬ;;508;;;;;;;0;;;;1866;ЛОЖЬ;0;;;;;;;PULSE=ALARM;;;;;;;Undefined;491;3428;;;;;;;;;;ЛОЖЬ;;;;;;;;;;;;;;;;;;;;;;;;;;;;;;;;;
DI;42-SoeBufferFull;;SYS;;;SOE buffer full;Yes;ЛОЖЬ;;;0;;;;;;;;;;;17;ИСТИНА;58002;None;;;;;;1=NORMAL;;;;;;;Undefined;491;3428;;;;;;;;;;ЛОЖЬ;;;;ЛОЖЬ;;;;;;;;;;;;;;Output;EPKS_UCB;FGS_551_1;629;;;;;;;;;;;;
M;370_374_3;;;;;60GA317_FL;;ЛОЖЬ;ЛОЖЬ;;374;;;;;;;0;;;;1426;ЛОЖЬ;0;;;;;;;0=ACTIVATED;;;;;;;Undefined;491;3428;;;;;;;;;;ЛОЖЬ;;;;;;;;;;;;;;;;;;;;;;;;;;;;;;;;;
M;C482_2_E;;;;;Compiler marker;;ЛОЖЬ;ЛОЖЬ;;482;;;;;;;0;;;;2749;ЛОЖЬ;0;;;;;;;;;;;;;;Undefined;491;3428;;;;;;;;;;ЛОЖЬ;;;;;;;;;;;;;;;;;;;;;;;;;;;;;;;;;
M;C390_1_C;;;;;Function block marker;;ЛОЖЬ;ЛОЖЬ;;390;;;;;;;0;;;;2845;ЛОЖЬ;0;;;;;;;;;;;;;;Undefined;491;3428;;;;;;;;;;ЛОЖЬ;;;;;;;;;;;;;;;;;;;;;;;;;;;;;;;;;
DO;60HX547AL_B1;;COM;;;Bit 1;No;ЛОЖЬ;ЛОЖЬ;;630;;;;;;;0;;;;1776;ЛОЖЬ;0;None;;;;;;;;;;;;;Undefined;491;3428;;;;;;;;;;ЛОЖЬ;;;;;;;;;;;;;;;;;;Output;EPKS_UCB;FGS_551_1;924;;;;;;;;;;;;
DI;60HS202D;;COM;;;RESET PH-60-1-TOXIC GAS;No;ЛОЖЬ;ИСТИНА;;600;;;;;;;0;;;;3457;ИСТИНА;58200;None;;;;;;1=RESET;;;;;;;Undefined;491;3428;;;;;;Low;;;;ЛОЖЬ;;;;ЛОЖЬ;;;;;;;;;;;;;;Input;EPKS_UCB;FGS_551_1;2;;;;;;;;;;;;
T;546_1;;;;;;;ЛОЖЬ;ЛОЖЬ;;546;;;;;;;;100 ms;10;;320;ЛОЖЬ;0;;;;;;;;;;;;;;Undefined;;;Delayed ON with constant timer value;;;;;;;;;ЛОЖЬ;ИСТИНА;;;;;;;;;;;;;;;;;;;;;;;;;;;;;;;;
M;C332_2_G;;;;;Function block marker;;ЛОЖЬ;ЛОЖЬ;;332;;;;;;;0;;;;2900;ЛОЖЬ;0;;;;;;;;;;;;;;Undefined;491;3428;;;;;;;;;;ЛОЖЬ;;;;;;;;;;;;;;;;;;;;;;;;;;;;;;;;;
M;704_720_2;;;;;61GT901_RR;;ЛОЖЬ;ЛОЖЬ;;720;;;;;;;0;;;;288;ЛОЖЬ;0;;;;;;;1=READY;;;;;;;Undefined;;;;;;;;;;;;ЛОЖЬ;ИСТИНА;;;;;;;;;;;;;;;;;;;;;;;;;;;;;;;;
DO;60GT108_MOC;;COM;;;MO CONFIRM;No;ЛОЖЬ;ЛОЖЬ;;568;;;;;;;0;;;;885;ИСТИНА;58254;None;;;;;;1=CONFIRMED;;;;;;;Undefined;491;3428;;;;;;;;;;ЛОЖЬ;;;;;;;;;;;;;;;;;;Output;EPKS_UCB;FGS_551_1;759;;;;;;;;;;;;
DI;42-TempHH_Alarm;;SYS;;;Temp high-high alarm;Yes;ЛОЖЬ;;;21;;;;;;;1;;;;2;ЛОЖЬ;0;None;;;;;;1=NORMAL;;;;;;;Undefined;491;3428;;;;;;;;;;ЛОЖЬ;;;;ЛОЖЬ;;;;;;;;;;;;;;Output;EPKS_UCB;FGS_551_1;630;;;;;;;;;;;;
DO;55XS454;;COM;;;"B5A ""RUNNING""";No;ЛОЖЬ;ЛОЖЬ;;486;;;;;;;0;;;;1763;ИСТИНА;58101;None;;;;;;1=RUNNING;;;;;;;Undefined;491;3428;;;;;;;;;;ЛОЖЬ;;;;;;;;;;;;;;;;;;Output;EPKS_UCB;FGS_551_1;911;;;;;;;;;;;;
M;C686_1_C;;;;;Function block marker;;ЛОЖЬ;ЛОЖЬ;;686;;;;;;;0;;;;2325;ЛОЖЬ;0;;;;;;;;;;;;;;Undefined;491;3428;;;;;;;;;;ЛОЖЬ;;;;;;;;;;;;;;;;;;;;;;;;;;;;;;;;;
DI;55_60HS202G;;COM;;;Ack gas area 672-20;No;ЛОЖЬ;ИСТИНА;;300;;;;;;;0;;;;3501;ЛОЖЬ;0;None;;;;;;1=ACK;;;;;;;Undefined;491;3428;;;;;;Low;;;;ЛОЖЬ;;;;ЛОЖЬ;;;;;;;;;;;;;;Input;EPKS_UCB;FGS_551_1;46;;;;;;;;;;;;
M;C482_2_2;;;;;Function block marker;;ЛОЖЬ;ЛОЖЬ;;482;;;;;;;0;;;;2757;ЛОЖЬ;0;;;;;;;;;;;;;;Undefined;491;3428;;;;;;;;;;ЛОЖЬ;;;;;;;;;;;;;;;;;;;;;;;;;;;;;;;;;
M;526_532_2;;;;;55GT108_RR;;ЛОЖЬ;ЛОЖЬ;;532;;;;;;;0;;;;1897;ЛОЖЬ;0;;;;;;;1=READY;;;;;;;Undefined;491;3428;;;;;;;;;;ЛОЖЬ;;;;;;;;;;;;;;;;;;;;;;;;;;;;;;;;;
AI;60GT311;;FLD;;;H2S in air of outer installation 6050;Yes;ИСТИНА;ЛОЖЬ;;664;ЛОЖЬ;Long;0-20mA;0;3276;;;;;;36;ЛОЖЬ;58090;;None;None;None;None;;;;0;0;;;;-XXXXX.X;0;4095;;42.03;3;10;1;Bottom scale;;;;ЛОЖЬ;;ЛОЖЬ;;;;;;;;;;;;;;;;Output;EPKS_UCB;FGS_551_1;11061;;;;;;;;;;;;
DI;60HS550B;;COM;;;DCS STOP;No;ЛОЖЬ;ИСТИНА;;636;;;;;;;0;;;;3541;ЛОЖЬ;0;None;;;;;;1=DCScmdSTOP;;;;;;;Undefined;491;3428;;;;;;Low;;;;ЛОЖЬ;;;;ЛОЖЬ;;;;;;;;;;;;;;Input;EPKS_UCB;FGS_551_1;86;;;;;;;;;;;;
DO;60GA316;;COM;;;TRIP INITIATOR-Flammable gas;No;ЛОЖЬ;ЛОЖЬ;;392;;;;;;;1;;;;916;ИСТИНА;58277;None;;;;;;1=NORMAL;;;;;;;Undefined;491;3428;;;;;;;;;;ЛОЖЬ;;;;;;;;;;;;;;;;;;Output;EPKS_UCB;FGS_551_1;804;;;;;;;;;;;;
DO;FGS_551_1.60XA291_2;;FSC;;;T.GD act. in 6000-5-GDAP-U,F,G lamp;Yes;ЛОЖЬ;ЛОЖЬ;;736;;;;;;;0;;;;360;ЛОЖЬ;0;None;;;;;;1=NORMAL;;;;;;;Undefined;;;;;;;;;;;;ЛОЖЬ;ИСТИНА;;;;;Output;FGS_002_1;FGS_551_1;70;;;;;;;;;;;;;;;;;;;;;;;;
T;2410_1;;;;;;;ЛОЖЬ;ЛОЖЬ;;2410;;;;;;;;100 ms;5;;216;ЛОЖЬ;0;;;;;;;;;;;;;;Undefined;491;3428;Delayed ON with constant timer value;;;;;;;;;ЛОЖЬ;;;;;;;;;;;;;;;;;;;;;;;;;;;;;;;;;
M;560_564_2;;;;;60HS206D;;ЛОЖЬ;ЛОЖЬ;;564;;;;;;;0;;;;1964;ЛОЖЬ;0;;;;;;;1=RESET;;;;;;;Undefined;491;3428;;;;;;;;;;ЛОЖЬ;;;;;;;;;;;;;;;;;;;;;;;;;;;;;;;;;
M;C482_1_J;;;;;Function block marker;;ЛОЖЬ;ЛОЖЬ;;482;;;;;;;0;;;;2739;ЛОЖЬ;0;;;;;;;;;;;;;;Undefined;491;3428;;;;;;;;;;ЛОЖЬ;;;;;;;;;;;;;;;;;;;;;;;;;;;;;;;;;
M;374_376_2;;;;;AREA H-6052-FL.GAS ALARM;;ЛОЖЬ;ЛОЖЬ;;376;;;;;;;0;;;;1433;ЛОЖЬ;0;;;;;;;0=ACTIVATED;;;;;;;Undefined;491;3428;;;;;;;;;;ЛОЖЬ;;;;;;;;;;;;;;;;;;;;;;;;;;;;;;;;;
M;2465_A;;;;;      ????;;ЛОЖЬ;ЛОЖЬ;;2465;;;;;;;0;;;;202;ЛОЖЬ;0;;;;;;;;;;;;;;Undefined;;;;;;;;;;;;ЛОЖЬ;ИСТИНА;;;;;;;;;;;;;;;;;;;;;;;;;;;;;;;;
T;684_1;;;;;;;ЛОЖЬ;ЛОЖЬ;;684;;;;;;;;100 ms;10;;512;ЛОЖЬ;0;;;;;;;;;;;;;;Undefined;;;Delayed ON with constant timer value;;;;;;;;;ЛОЖЬ;ИСТИНА;;;;;;;;;;;;;;;;;;;;;;;;;;;;;;;;
M;C612_1_B;;;;;Function block marker;;ЛОЖЬ;ЛОЖЬ;;612;;;;;;;0;;;;2501;ЛОЖЬ;0;;;;;;;;;;;;;;Undefined;491;3428;;;;;;;;;;ЛОЖЬ;;;;;;;;;;;;;;;;;;;;;;;;;;;;;;;;;
DO;55GA112;;COM;;;TRIP INITIATOR-Flammable gas;No;ЛОЖЬ;ЛОЖЬ;;332;;;;;;;1;;;;906;ИСТИНА;58272;None;;;;;;1=NORMAL;;;;;;;Undefined;491;3428;;;;;;;;;;ЛОЖЬ;;;;;;;;;;;;;;;;;;Output;EPKS_UCB;FGS_551_1;793;;;;;;;;;;;;
M;C2407_5;;;;;Compiler marker (381, 210);;ЛОЖЬ;ЛОЖЬ;;2407;;;;;;;0;;;;1035;ЛОЖЬ;0;;;;;;;;;;;;;;Undefined;491;3428;;;;;;;;;;ЛОЖЬ;;;;;;;;;;;;;;;;;;;;;;;;;;;;;;;;;
DO;FGS_551_1.60XA604_2;;FSC;;;Fl.GD act. in 6050-2-GDAP-U,F,G lamp;Yes;ЛОЖЬ;ЛОЖЬ;;394;;;;;;;0;;;;1075;ЛОЖЬ;0;None;;;;;;1=NORMAL;;;;;;;Undefined;491;3428;;;;;;;;;;ЛОЖЬ;;;;;;Output;FGS_002_1;FGS_551_1;66;;;;;;;;;;;;;;;;;;;;;;;;
M;C630_2_4;;;;;Function block marker;;ЛОЖЬ;ЛОЖЬ;;630;;;;;;;0;;;;2470;ЛОЖЬ;0;;;;;;;;;;;;;;Undefined;491;3428;;;;;;;;;;ЛОЖЬ;;;;;;;;;;;;;;;;;;;;;;;;;;;;;;;;;
M;504_5;;;;;;;ЛОЖЬ;ЛОЖЬ;;504;;;;;;;0;;;;231;ЛОЖЬ;0;;;;;;;;;;;;;;Undefined;491;3428;;;;;;;;;;ЛОЖЬ;;;;;;;;;;;;;;;;;;;;;;;;;;;;;;;;;
M;486_12;;;;;;;ЛОЖЬ;ЛОЖЬ;;486;;;;;;;0;;;;1847;ЛОЖЬ;0;;;;;;;;;;;;;;Undefined;491;3428;;;;;;;;;;ЛОЖЬ;;;;;;;;;;;;;;;;;;;;;;;;;;;;;;;;;
M;2470_3;;;;;;;ЛОЖЬ;ЛОЖЬ;;2470;;;;;;;0;;;;193;ЛОЖЬ;0;;;;;;;;;;;;;;Undefined;;;;;;;;;;;;ЛОЖЬ;ИСТИНА;;;;;;;;;;;;;;;;;;;;;;;;;;;;;;;;
M;480_6;;;;;;;ЛОЖЬ;ЛОЖЬ;;480;;;;;;;0;;;;1522;ЛОЖЬ;0;;;;;;;;;;;;;;Undefined;491;3428;;;;;;;;;;ЛОЖЬ;;;;;;;;;;;;;;;;;;;;;;;;;;;;;;;;;
DI;42-CP2_Running;;SYS;;;CP 2 running;Yes;ЛОЖЬ;;;20;;;;;;;;;;;32;ЛОЖЬ;0;None;;;;;;1=NORMAL;;;;;;;Undefined;491;3428;;;;;;;;;;ЛОЖЬ;;;;ЛОЖЬ;;;;;;;;;;;;;;Output;EPKS_UCB;FGS_551_1;604;;;;;;;;;;;;
DO;60XA303;;FLD;;;Horn on cabinet 60AT303;Yes;ИСТИНА;ЛОЖЬ;;588;;;;;;;0;;;;46;ИСТИНА;58091;None;;;;;;1=ON;;;;;;;Undefined;491;3428;;42.04;5;7;1;Appl;;;;ЛОЖЬ;;;;;;;;;;;;;;;;;;Output;EPKS_UCB;FGS_551_1;519;;;;;;;;;;;;
M;2470_E;;;;;BEACON (1=ON);;ЛОЖЬ;ЛОЖЬ;;2470;;;;;;;0;;;;182;ЛОЖЬ;0;;;;;;;;;;;;;;Undefined;;;;;;;;;;;;ЛОЖЬ;ИСТИНА;;;;;;;;;;;;;;;;;;;;;;;;;;;;;;;;
DO;60GT307_MOC;;COM;;;MO CONFIRM;No;ЛОЖЬ;ЛОЖЬ;;610;;;;;;;0;;;;395;ИСТИНА;58113;None;;;;;;1=CONFIRMED;;;;;;;Undefined;;;;;;;;;;;;ЛОЖЬ;ИСТИНА;;;;;;;;;;;;;;;;;Output;EPKS_UCB;FGS_551_1;599;;;;;;;;;;;;
DI;60HS201D;;COM;;;RESET 6050-1-TOXIC GAS;No;ЛОЖЬ;ИСТИНА;;650;;;;;;;0;;;;3465;ИСТИНА;58179;None;;;;;;1=RESET;;;;;;;Undefined;491;3428;;;;;;Low;;;;ЛОЖЬ;;;;ЛОЖЬ;;;;;;;;;;;;;;Input;EPKS_UCB;FGS_551_1;10;;;;;;;;;;;;
DO;55GT105_B2;;COM;;;Bit 2;No;ЛОЖЬ;ЛОЖЬ;;504;;;;;;;0;;;;774;ЛОЖЬ;0;None;;;;;;;;;;;;;Undefined;491;3428;;;;;;;;;;ЛОЖЬ;;;;;;;;;;;;;;;;;;Output;EPKS_UCB;FGS_551_1;663;;;;;;;;;;;;
M;C686_1_E;;;;;Function block marker;;ЛОЖЬ;ЛОЖЬ;;686;;;;;;;0;;;;2327;ЛОЖЬ;0;;;;;;;;;;;;;;Undefined;491;3428;;;;;;;;;;ЛОЖЬ;;;;;;;;;;;;;;;;;;;;;;;;;;;;;;;;;
M;466_470_1;;;;;AREA PH-55-1-T.GAS ALARM;;ЛОЖЬ;ЛОЖЬ;;470;;;;;;;0;;;;1516;ЛОЖЬ;0;;;;;;;PULSE=ALARM;;;;;;;Undefined;491;3428;;;;;;;;;;ЛОЖЬ;;;;;;;;;;;;;;;;;;;;;;;;;;;;;;;;;
T;584_2;;;;;;;ЛОЖЬ;ЛОЖЬ;;584;;;;;;;;100 ms;10;;400;ЛОЖЬ;0;;;;;;;;;;;;;;Undefined;;;Delayed ON with constant timer value;;;;;;;;;ЛОЖЬ;ИСТИНА;;;;;;;;;;;;;;;;;;;;;;;;;;;;;;;;
M;C310_2_C;;;;;Function block marker;;ЛОЖЬ;ЛОЖЬ;;310;;;;;;;0;;;;2926;ЛОЖЬ;0;;;;;;;;;;;;;;Undefined;491;3428;;;;;;;;;;ЛОЖЬ;;;;;;;;;;;;;;;;;;;;;;;;;;;;;;;;;
DI;60HS204B;;FLD;;;Beacon testing and flammable gas Horn near Н-6001;No;ИСТИНА;ЛОЖЬ;;354;;;;;;;;;;;89;ИСТИНА;58092;None;;;;;;1=ON;;;;;;;Undefined;491;3428;;42.03;11;2;1;Low;;Digital switch without loop monitoring;;ЛОЖЬ;;;;ЛОЖЬ;;;;;;;;;;;;;;Output;EPKS_UCB;FGS_551_1;450;;;;;;;;;;;;
M;610_640_2;;;;;60GT307_RR;;ЛОЖЬ;ЛОЖЬ;;640;;;;;;;0;;;;431;ЛОЖЬ;0;;;;;;;1=READY;;;;;;;Undefined;;;;;;;;;;;;ЛОЖЬ;ИСТИНА;;;;;;;;;;;;;;;;;;;;;;;;;;;;;;;;
DO;60GT303_B2;;COM;;;Bit 2;No;ЛОЖЬ;ЛОЖЬ;;584;;;;;;;0;;;;879;ЛОЖЬ;0;None;;;;;;;;;;;;;Undefined;491;3428;;;;;;;;;;ЛОЖЬ;;;;;;;;;;;;;;;;;;Output;EPKS_UCB;FGS_551_1;769;;;;;;;;;;;;
DO;IB551_FGS1_RT2;;COM;;;Repair time CP2;No;ЛОЖЬ;ЛОЖЬ;;22;;;;;;;0;;;;460;ИСТИНА;58008;None;;;;;;0=START;;;;;;;Undefined;;;;;;;;;;;;ЛОЖЬ;ИСТИНА;;;;;;;;;;;;;;;;;Output;EPKS_UCB;FGS_551_1;974;;;;;;;;;;;;
M;C686_1_B;;;;;Function block marker;;ЛОЖЬ;ЛОЖЬ;;686;;;;;;;0;;;;2324;ЛОЖЬ;0;;;;;;;;;;;;;;Undefined;491;3428;;;;;;;;;;ЛОЖЬ;;;;;;;;;;;;;;;;;;;;;;;;;;;;;;;;;
T;660_1;;;;;;;ЛОЖЬ;ЛОЖЬ;;660;;;;;;;;100 ms;10;;496;ЛОЖЬ;0;;;;;;;;;;;;;;Undefined;;;Delayed ON with constant timer value;;;;;;;;;ЛОЖЬ;ИСТИНА;;;;;;;;;;;;;;;;;;;;;;;;;;;;;;;;
M;C508_4_E;;;;;Function block marker;;ЛОЖЬ;ЛОЖЬ;;508;;;;;;;0;;;;2674;ЛОЖЬ;0;;;;;;;;;;;;;;Undefined;491;3428;;;;;;;;;;ЛОЖЬ;;;;;;;;;;;;;;;;;;;;;;;;;;;;;;;;;
M;C552_1_F;;;;;Function block marker;;ЛОЖЬ;ЛОЖЬ;;552;;;;;;;0;;;;2594;ЛОЖЬ;0;;;;;;;;;;;;;;Undefined;491;3428;;;;;;;;;;ЛОЖЬ;;;;;;;;;;;;;;;;;;;;;;;;;;;;;;;;;
M;C316_4_E;;;;;Function block marker;;ЛОЖЬ;ЛОЖЬ;;316;;;;;;;0;;;;2912;ЛОЖЬ;0;;;;;;;;;;;;;;Undefined;491;3428;;;;;;;;;;ЛОЖЬ;;;;;;;;;;;;;;;;;;;;;;;;;;;;;;;;;
M;C692_2_F;;;;;Function block marker;;ЛОЖЬ;ЛОЖЬ;;692;;;;;;;0;;;;2311;ЛОЖЬ;0;;;;;;;;;;;;;;Undefined;491;3428;;;;;;;;;;ЛОЖЬ;;;;;;;;;;;;;;;;;;;;;;;;;;;;;;;;;
DI;55HS453B;;COM;;;DCS STOP;No;ЛОЖЬ;ИСТИНА;;484;;;;;;;0;;;;3531;ЛОЖЬ;0;None;;;;;;1=DCScmdSTOP;;;;;;;Undefined;491;3428;;;;;;Low;;;;ЛОЖЬ;;;;ЛОЖЬ;;;;;;;;;;;;;;Input;EPKS_UCB;FGS_551_1;76;;;;;;;;;;;;
M;C526_1_E;;;;;Function block marker;;ЛОЖЬ;ЛОЖЬ;;526;;;;;;;0;;;;2648;ЛОЖЬ;0;;;;;;;;;;;;;;Undefined;491;3428;;;;;;;;;;ЛОЖЬ;;;;;;;;;;;;;;;;;;;;;;;;;;;;;;;;;
M;C472_1_E;;;;;Function block marker;;ЛОЖЬ;ЛОЖЬ;;472;;;;;;;0;;;;2792;ЛОЖЬ;0;;;;;;;;;;;;;;Undefined;491;3428;;;;;;;;;;ЛОЖЬ;;;;;;;;;;;;;;;;;;;;;;;;;;;;;;;;;
DO;60GT317_B2;;COM;;;Bit 2;No;ЛОЖЬ;ЛОЖЬ;;370;;;;;;;0;;;;924;ЛОЖЬ;0;None;;;;;;;;;;;;;Undefined;491;3428;;;;;;;;;;ЛОЖЬ;;;;;;;;;;;;;;;;;;Output;EPKS_UCB;FGS_551_1;814;;;;;;;;;;;;
M;C686_1_D;;;;;Function block marker;;ЛОЖЬ;ЛОЖЬ;;686;;;;;;;0;;;;2326;ЛОЖЬ;0;;;;;;;;;;;;;;Undefined;491;3428;;;;;;;;;;ЛОЖЬ;;;;;;;;;;;;;;;;;;;;;;;;;;;;;;;;;
T;2462_3;;;;;;;ЛОЖЬ;ЛОЖЬ;;2462;;;;;;;;1 s;0;;32;ЛОЖЬ;0;;;;;;;;;;;;;;Undefined;491;3428;Delayed ON memorize with variable timer value;;;;;;;;;ЛОЖЬ;;;;;;;;;;;;;;;;;;;;;;;;;;;;;;;;;
M;582_5;;;;;;;ЛОЖЬ;ЛОЖЬ;;582;;;;;;;0;;;;219;ЛОЖЬ;0;;;;;;;;;;;;;;Undefined;491;3428;;;;;;;;;;ЛОЖЬ;;;;;;;;;;;;;;;;;;;;;;;;;;;;;;;;;
M;712_714_2;;;;;6100-T.GAS HORN;;ЛОЖЬ;ЛОЖЬ;;714;;;;;;;0;;;;333;ЛОЖЬ;0;;;;;;;1=ON;;;;;;;Undefined;;;;;;;;;;;;ЛОЖЬ;ИСТИНА;;;;;;;;;;;;;;;;;;;;;;;;;;;;;;;;
M;2463_2;;;;;;;ЛОЖЬ;ЛОЖЬ;;2463;;;;;;;0;;;;119;ЛОЖЬ;0;;;;;;;;;;;;;;Undefined;491;3428;;;;;;;;;;ЛОЖЬ;;;;;;;;;;;;;;;;;;;;;;;;;;;;;;;;;
M;584_5;;;;;;;ЛОЖЬ;ЛОЖЬ;;584;;;;;;;0;;;;218;ЛОЖЬ;0;;;;;;;;;;;;;;Undefined;491;3428;;;;;;;;;;ЛОЖЬ;;;;;;;;;;;;;;;;;;;;;;;;;;;;;;;;;
M;1000_8;;;;;;;ЛОЖЬ;ЛОЖЬ;;1000;;;;;;;0;;;;60;ЛОЖЬ;0;;;;;;;;;;;;;;Undefined;;;;;;;;;;;;ЛОЖЬ;ИСТИНА;;;;;;;;;;;;;;;;;;;;;;;;;;;;;;;;
DO;60GT107_MOC;;COM;;;MO CONFIRM;No;ЛОЖЬ;ЛОЖЬ;;566;;;;;;;0;;;;870;ИСТИНА;58252;None;;;;;;1=CONFIRMED;;;;;;;Undefined;491;3428;;;;;;;;;;ЛОЖЬ;;;;;;;;;;;;;;;;;;Output;EPKS_UCB;FGS_551_1;754;;;;;;;;;;;;
M;C548_1_C;;;;;Function block marker;;ЛОЖЬ;ЛОЖЬ;;548;;;;;;;0;;;;2602;ЛОЖЬ;0;;;;;;;;;;;;;;Undefined;491;3428;;;;;;;;;;ЛОЖЬ;;;;;;;;;;;;;;;;;;;;;;;;;;;;;;;;;
M;C354_1_F;;;;;Function block marker;;ЛОЖЬ;ЛОЖЬ;;354;;;;;;;0;;;;2551;ЛОЖЬ;0;;;;;;;;;;;;;;Undefined;491;3428;;;;;;;;;;ЛОЖЬ;;;;;;;;;;;;;;;;;;;;;;;;;;;;;;;;;
DO;60GT311_B1;;COM;;;Bit 1;No;ЛОЖЬ;ЛОЖЬ;;664;;;;;;;0;;;;803;ЛОЖЬ;0;None;;;;;;;;;;;;;Undefined;491;3428;;;;;;;;;;ЛОЖЬ;;;;;;;;;;;;;;;;;;Output;EPKS_UCB;FGS_551_1;694;;;;;;;;;;;;
M;470_2;;;;;;;ЛОЖЬ;ЛОЖЬ;;470;;;;;;;0;;;;1519;ЛОЖЬ;0;;;;;;;;;;;;;;Undefined;491;3428;;;;;;;;;;ЛОЖЬ;;;;;;;;;;;;;;;;;;;;;;;;;;;;;;;;;
T;688_2;;;;;;;ЛОЖЬ;ЛОЖЬ;;688;;;;;;;;100 ms;10;;508;ЛОЖЬ;0;;;;;;;;;;;;;;Undefined;;;Delayed ON with constant timer value;;;;;;;;;ЛОЖЬ;ИСТИНА;;;;;;;;;;;;;;;;;;;;;;;;;;;;;;;;
DO;55HX454OP_B1;;COM;;;Bit 1;No;ЛОЖЬ;ЛОЖЬ;;486;;;;;;;0;;;;1766;ЛОЖЬ;0;None;;;;;;;;;;;;;Undefined;491;3428;;;;;;;;;;ЛОЖЬ;;;;;;;;;;;;;;;;;;Output;EPKS_UCB;FGS_551_1;914;;;;;;;;;;;;
DO;60GA303;;COM;;;TRIP INITIATOR-Toxic gas;No;ЛОЖЬ;ЛОЖЬ;;584;;;;;;;1;;;;881;ИСТИНА;58260;None;;;;;;1=NORMAL;;;;;;;Undefined;491;3428;;;;;;;;;;ЛОЖЬ;;;;;;;;;;;;;;;;;;Output;EPKS_UCB;FGS_551_1;771;;;;;;;;;;;;
DI;60GT305_MOR;;COM;;;MO REQUEST;No;ЛОЖЬ;ИСТИНА;;684;;;;;;;0;;;;3471;ЛОЖЬ;0;None;;;;;;1=REQUEST;;;;;;;Undefined;491;3428;;;;;;Freeze;;;;ЛОЖЬ;;;;ЛОЖЬ;;;;;;;;;;;;;;Input;EPKS_UCB;FGS_551_1;16;;;;;;;;;;;;
DO;55HX454AL_B0;;COM;;;Bit 0;No;ЛОЖЬ;ЛОЖЬ;;486;;;;;;;0;;;;1768;ЛОЖЬ;0;None;;;;;;;;;;;;;Undefined;491;3428;;;;;;;;;;ЛОЖЬ;;;;;;;;;;;;;;;;;;Output;EPKS_UCB;FGS_551_1;916;;;;;;;;;;;;
M;320_530_1;;;;;Ack gas area 672-20;;ЛОЖЬ;ЛОЖЬ;;530;;;;;;;0;;;;1889;ЛОЖЬ;0;;;;;;;1=ACK;;;;;;;Undefined;491;3428;;;;;;;;;;ЛОЖЬ;;;;;;;;;;;;;;;;;;;;;;;;;;;;;;;;;
M;C390_2_F;;;;;Function block marker;;ЛОЖЬ;ЛОЖЬ;;390;;;;;;;0;;;;2851;ЛОЖЬ;0;;;;;;;;;;;;;;Undefined;491;3428;;;;;;;;;;ЛОЖЬ;;;;;;;;;;;;;;;;;;;;;;;;;;;;;;;;;
M;486_10;;;;;;;ЛОЖЬ;ЛОЖЬ;;486;;;;;;;0;;;;1841;ЛОЖЬ;0;;;;;;;;;;;;;;Undefined;491;3428;;;;;;;;;;ЛОЖЬ;;;;;;;;;;;;;;;;;;;;;;;;;;;;;;;;;
M;472_480_1;;;;;55XY459C/D_FL;;ЛОЖЬ;ЛОЖЬ;;480;;;;;;;0;;;;1644;ЛОЖЬ;0;;;;;;;0=cmdSTART;;;;;;;Undefined;491;3428;;;;;;;;;;ЛОЖЬ;;;;;;;;;;;;;;;;;;;;;;;;;;;;;;;;;
M;C636_2_F;;;;;Compiler marker;;ЛОЖЬ;ЛОЖЬ;;636;;;;;;;0;;;;2398;ЛОЖЬ;0;;;;;;;;;;;;;;Undefined;491;3428;;;;;;;;;;ЛОЖЬ;;;;;;;;;;;;;;;;;;;;;;;;;;;;;;;;;
M;C484_2_M;;;;;Function block marker;;ЛОЖЬ;ЛОЖЬ;;484;;;;;;;0;;;;2734;ЛОЖЬ;0;;;;;;;;;;;;;;Undefined;491;3428;;;;;;;;;;ЛОЖЬ;;;;;;;;;;;;;;;;;;;;;;;;;;;;;;;;;
M;C350_2_G;;;;;Function block marker;;ЛОЖЬ;ЛОЖЬ;;350;;;;;;;0;;;;2887;ЛОЖЬ;0;;;;;;;;;;;;;;Undefined;491;3428;;;;;;;;;;ЛОЖЬ;;;;;;;;;;;;;;;;;;;;;;;;;;;;;;;;;
AI;60GT308;;FLD;;;H2S in air of pumping room. 6050;Yes;ИСТИНА;ЛОЖЬ;;612;ЛОЖЬ;Long;0-20mA;0;3276;;;;;;72;ЛОЖЬ;58096;;None;None;None;None;;;;0;0;;;;-XXXXX.X;0;4095;;42.03;5;2;1;Bottom scale;;;;ЛОЖЬ;;ЛОЖЬ;;;;;;;;;;;;;;;;Output;EPKS_UCB;FGS_551_1;11093;;;;;;;;;;;;
M;C660_1_D;;;;;Function block marker;;ЛОЖЬ;ЛОЖЬ;;660;;;;;;;0;;;;2380;ЛОЖЬ;0;;;;;;;;;;;;;;Undefined;491;3428;;;;;;;;;;ЛОЖЬ;;;;;;;;;;;;;;;;;;;;;;;;;;;;;;;;;
DO;60GT313_B1;;COM;;;Bit 1;No;ЛОЖЬ;ЛОЖЬ;;688;;;;;;;0;;;;823;ЛОЖЬ;0;None;;;;;;;;;;;;;Undefined;491;3428;;;;;;;;;;ЛОЖЬ;;;;;;;;;;;;;;;;;;Output;EPKS_UCB;FGS_551_1;715;;;;;;;;;;;;
DO;55XY459C_B1;;COM;;;Bit 1;No;ЛОЖЬ;ЛОЖЬ;;472;;;;;;;0;;;;1725;ЛОЖЬ;0;None;;;;;;;;;;;;;Undefined;491;3428;;;;;;;;;;ЛОЖЬ;;;;;;;;;;;;;;;;;;Output;EPKS_UCB;FGS_551_1;873;;;;;;;;;;;;
AI;60GT313;;FLD;;;H2S in air of outer installation 6050;Yes;ИСТИНА;ЛОЖЬ;;688;ЛОЖЬ;Long;0-20mA;0;3276;;;;;;52;ЛОЖЬ;58097;;None;None;None;None;;;;0;0;;;;-XXXXX.X;0;4095;;42.03;3;14;1;Bottom scale;;;;ЛОЖЬ;;ЛОЖЬ;;;;;;;;;;;;;;;;Output;EPKS_UCB;FGS_551_1;11077;;;;;;;;;;;;
M;380_392_2;;;;;60HS203E;;ЛОЖЬ;ЛОЖЬ;;392;;;;;;;0;;;;1465;ЛОЖЬ;0;;;;;;;1=RESET;;;;;;;Undefined;491;3428;;;;;;;;;;ЛОЖЬ;;;;;;;;;;;;;;;;;;;;;;;;;;;;;;;;;
DI;42-ExtComFaultCC1;;SYS;;;Ext com fault Com ch 1;Yes;ЛОЖЬ;;;20;;;;;;;;;;;6;ЛОЖЬ;0;None;;;;;;1=NORMAL;;;;;;;Undefined;491;3428;;;;;;;;;;ЛОЖЬ;;;;ЛОЖЬ;;;;;;;;;;;;;;Output;EPKS_UCB;FGS_551_1;605;;;;;;;;;;;;
T;484_3;;;;;;;ЛОЖЬ;ЛОЖЬ;;484;;;;;;;;10 ms;1;;36;ЛОЖЬ;0;;;;;;;;;;;;;;Undefined;491;3428;Delayed ON memorize with constant timer value;;;;;;;;;ЛОЖЬ;;;;;;;;;;;;;;;;;;;;;;;;;;;;;;;;;
DO;60XA206T2;;FLD;;;Horn Near V-6006;Yes;ИСТИНА;ЛОЖЬ;;572;;;;;;;0;;;;42;ИСТИНА;58098;None;;;;;;1=ON;;;;;;;Undefined;491;3428;;42.04;5;3;1;Appl;;;;ЛОЖЬ;;;;;;;;;;;;;;;;;;Output;EPKS_UCB;FGS_551_1;515;;;;;;;;;;;;
M;C548_2_F;;;;;Function block marker;;ЛОЖЬ;ЛОЖЬ;;548;;;;;;;0;;;;2607;ЛОЖЬ;0;;;;;;;;;;;;;;Undefined;491;3428;;;;;;;;;;ЛОЖЬ;;;;;;;;;;;;;;;;;;;;;;;;;;;;;;;;;
R;C2440_6;;;;;Compiler register (288, 60);;ЛОЖЬ;ЛОЖЬ;;2440;;Byte;;;;;0;;;;1141;ЛОЖЬ;0;;;;;;;;;;;;;;Undefined;491;3428;;;;;;;;;;ЛОЖЬ;;;;;;;;;;;;;;;;;;;;;;;;;;;;;;;;;
DI;60HS599D1A;;FLD;;;В9А ... В12А - start at gas pollution;Yes;ИСТИНА;ЛОЖЬ;;622;;;;;;;;;;;123;ЛОЖЬ;58099;None;;;;;;1=ON;;;;;;;Undefined;491;3428;;42.05;15;4;1;Low;;Digital switch without loop monitoring;;ЛОЖЬ;ИСТИНА;;;ЛОЖЬ;;;;;;;;;;;;;;Output;EPKS_UCB;FGS_551_1;472;;;;;;;;;;;;
M;C622_1_E;;;;;Function block marker;;ЛОЖЬ;ЛОЖЬ;;622;;;;;;;0;;;;2484;ЛОЖЬ;0;;;;;;;;;;;;;;Undefined;491;3428;;;;;;;;;;ЛОЖЬ;;;;;;;;;;;;;;;;;;;;;;;;;;;;;;;;;
M;2440_I;;;;;0=Trip;;ЛОЖЬ;ЛОЖЬ;;2440;;;;;;;0;;;;1511;ЛОЖЬ;0;;;;;;;;;;;;;;Undefined;491;3428;;;;;;;;;;ЛОЖЬ;;;;;;;;;;;;;;;;;;;;;;;;;;;;;;;;;
M;C622_1_D;;;;;Function block marker;;ЛОЖЬ;ЛОЖЬ;;622;;;;;;;0;;;;2483;ЛОЖЬ;0;;;;;;;;;;;;;;Undefined;491;3428;;;;;;;;;;ЛОЖЬ;;;;;;;;;;;;;;;;;;;;;;;;;;;;;;;;;
M;636_3;;;;;;;ЛОЖЬ;ЛОЖЬ;;636;;;;;;;0;;;;2119;ЛОЖЬ;0;;;;;;;;;;;;;;Undefined;491;3428;;;;;;;;;;ЛОЖЬ;;;;;;;;;;;;;;;;;;;;;;;;;;;;;;;;;
M;C390_1_E;;;;;Function block marker;;ЛОЖЬ;ЛОЖЬ;;390;;;;;;;0;;;;2847;ЛОЖЬ;0;;;;;;;;;;;;;;Undefined;491;3428;;;;;;;;;;ЛОЖЬ;;;;;;;;;;;;;;;;;;;;;;;;;;;;;;;;;
M;C484_1_L;;;;;Function block marker;;ЛОЖЬ;ЛОЖЬ;;484;;;;;;;0;;;;2720;ЛОЖЬ;0;;;;;;;;;;;;;;Undefined;491;3428;;;;;;;;;;ЛОЖЬ;;;;;;;;;;;;;;;;;;;;;;;;;;;;;;;;;
M;C632_2_J;;;;;Function block marker;;ЛОЖЬ;ЛОЖЬ;;632;;;;;;;0;;;;2442;ЛОЖЬ;0;;;;;;;;;;;;;;Undefined;491;3428;;;;;;;;;;ЛОЖЬ;;;;;;;;;;;;;;;;;;;;;;;;;;;;;;;;;
M;C566_3_C;;;;;Function block marker;;ЛОЖЬ;ЛОЖЬ;;566;;;;;;;0;;;;2568;ЛОЖЬ;0;;;;;;;;;;;;;;Undefined;491;3428;;;;;;;;;;ЛОЖЬ;;;;;;;;;;;;;;;;;;;;;;;;;;;;;;;;;
M;C546_2_F;;;;;Function block marker;;ЛОЖЬ;ЛОЖЬ;;546;;;;;;;0;;;;2617;ЛОЖЬ;0;;;;;;;;;;;;;;Undefined;491;3428;;;;;;;;;;ЛОЖЬ;;;;;;;;;;;;;;;;;;;;;;;;;;;;;;;;;
M;480_9;;;;;;;ЛОЖЬ;ЛОЖЬ;;480;;;;;;;0;;;;1632;ЛОЖЬ;0;;;;;;;;;;;;;;Undefined;491;3428;;;;;;;;;;ЛОЖЬ;;;;;;;;;;;;;;;;;;;;;;;;;;;;;;;;;
M;C482_2_3;;;;;Function block marker;;ЛОЖЬ;ЛОЖЬ;;482;;;;;;;0;;;;2758;ЛОЖЬ;0;;;;;;;;;;;;;;Undefined;491;3428;;;;;;;;;;ЛОЖЬ;;;;;;;;;;;;;;;;;;;;;;;;;;;;;;;;;
M;C544_2_G;;;;;Function block marker;;ЛОЖЬ;ЛОЖЬ;;544;;;;;;;0;;;;2628;ЛОЖЬ;0;;;;;;;;;;;;;;Undefined;491;3428;;;;;;;;;;ЛОЖЬ;;;;;;;;;;;;;;;;;;;;;;;;;;;;;;;;;
M;C310_3_G;;;;;Function block marker;;ЛОЖЬ;ЛОЖЬ;;310;;;;;;;0;;;;2933;ЛОЖЬ;0;;;;;;;;;;;;;;Undefined;491;3428;;;;;;;;;;ЛОЖЬ;;;;;;;;;;;;;;;;;;;;;;;;;;;;;;;;;
M;C630_2_L;;;;;Function block marker;;ЛОЖЬ;ЛОЖЬ;;630;;;;;;;0;;;;2465;ЛОЖЬ;0;;;;;;;;;;;;;;Undefined;491;3428;;;;;;;;;;ЛОЖЬ;;;;;;;;;;;;;;;;;;;;;;;;;;;;;;;;;
DI;60XS547C_P;;COM;;;Ready for start signal В9А;No;ЛОЖЬ;ИСТИНА;;630;;;;;;;0;;;;1545;ЛОЖЬ;0;None;;;;;;1=READY;;;;;;;Undefined;491;3428;;;;;;Low;;;;ЛОЖЬ;;;;ЛОЖЬ;;;;;;;;;;;;;;;;;;;;;;;;;;Input;C300_UCB;FGS_551_1;10
DI;60HS291A;;FLD;;;Beacon testing and toxic gas Horn near 6000-5;No;ИСТИНА;ЛОЖЬ;;736;;;;;;;;;;;53;ИСТИНА;58351;None;;;;;;1=ON;;;;;;;Undefined;;;;42.03;9;14;1;Low;;Digital switch without loop monitoring;;ЛОЖЬ;ИСТИНА;;;ЛОЖЬ;;;;;;;;;;;;;;Output;EPKS_UCB;FGS_551_1;564;;;;;;;;;;;;
M;C504_2_F;;;;;Function block marker;;ЛОЖЬ;ЛОЖЬ;;504;;;;;;;0;;;;2684;ЛОЖЬ;0;;;;;;;;;;;;;;Undefined;491;3428;;;;;;;;;;ЛОЖЬ;;;;;;;;;;;;;;;;;;;;;;;;;;;;;;;;;
DO;60GA307;;COM;;;TRIP INITIATOR-Toxic gas;No;ЛОЖЬ;ЛОЖЬ;;610;;;;;;;0;;;;393;ИСТИНА;58117;None;;;;;;1=NORMAL;;;;;;;Undefined;;;;;;;;;;;;ЛОЖЬ;ИСТИНА;;;;;;;;;;;;;;;;;Output;EPKS_UCB;FGS_551_1;591;;;;;;;;;;;;
M;C522_2_H;;;;;Function block marker;;ЛОЖЬ;ЛОЖЬ;;522;;;;;;;0;;;;2673;ЛОЖЬ;0;;;;;;;;;;;;;;Undefined;491;3428;;;;;;;;;;ЛОЖЬ;;;;;;;;;;;;;;;;;;;;;;;;;;;;;;;;;
M;C704_2_F;;;;;Function block marker;;ЛОЖЬ;ЛОЖЬ;;704;;;;;;;0;;;;82;ЛОЖЬ;0;;;;;;;;;;;;;;Undefined;;;;;;;;;;;;ЛОЖЬ;ИСТИНА;;;;;;;;;;;;;;;;;;;;;;;;;;;;;;;;
T;736_4;;;;;;;ЛОЖЬ;ЛОЖЬ;;736;;;;;;;;1 s;30;;232;ЛОЖЬ;0;;;;;;;;;;;;;;Undefined;;;Delayed OFF with constant timer value;;;;;;;;;ЛОЖЬ;ИСТИНА;;;;;;;;;;;;;;;;;;;;;;;;;;;;;;;;
M;550_4;;;;;;;ЛОЖЬ;ЛОЖЬ;;550;;;;;;;0;;;;1936;ЛОЖЬ;0;;;;;;;;;;;;;;Undefined;491;3428;;;;;;;;;;ЛОЖЬ;;;;;;;;;;;;;;;;;;;;;;;;;;;;;;;;;
M;712_1;;;;;;;ЛОЖЬ;ЛОЖЬ;;712;;;;;;;0;;;;290;ЛОЖЬ;0;;;;;;;;;;;;;;Undefined;;;;;;;;;;;;ЛОЖЬ;ИСТИНА;;;;;;;;;;;;;;;;;;;;;;;;;;;;;;;;
M;C1000_2_F;;;;;Function block marker;;ЛОЖЬ;ЛОЖЬ;;1000;;;;;;;0;;;;324;ЛОЖЬ;0;;;;;;;;;;;;;;Undefined;;;;;;;;;;;;ЛОЖЬ;ИСТИНА;;;;;;;;;;;;;;;;;;;;;;;;;;;;;;;;
DO;60GA313;;COM;;;TRIP INITIATOR-Toxic gas;No;ЛОЖЬ;ЛОЖЬ;;688;;;;;;;1;;;;826;ИСТИНА;58237;None;;;;;;1=NORMAL;;;;;;;Undefined;491;3428;;;;;;;;;;ЛОЖЬ;;;;;;;;;;;;;;;;;;Output;EPKS_UCB;FGS_551_1;718;;;;;;;;;;;;
M;506_854_2;;;;;AREA 5500-1-T.GAS ALARM;;ЛОЖЬ;ЛОЖЬ;;854;;;;;;;0;;;;3002;ЛОЖЬ;0;;;;;;;0=ACTIVATED;;;;;;;Undefined;491;3428;;;;;;;;;;ЛОЖЬ;;;;;;;;;;;;;;;;;;;;;;;;;;;;;;;;;
M;394_398_2;;;;;AREA 6050-2-FL.GAS ALARM;;ЛОЖЬ;ЛОЖЬ;;398;;;;;;;0;;;;1459;ЛОЖЬ;0;;;;;;;0=ACTIVATED;;;;;;;Undefined;491;3428;;;;;;;;;;ЛОЖЬ;;;;;;;;;;;;;;;;;;;;;;;;;;;;;;;;;
M;C614_2_A;;;;;Compiler marker;;ЛОЖЬ;ЛОЖЬ;;614;;;;;;;0;;;;2495;ЛОЖЬ;0;;;;;;;;;;;;;;Undefined;491;3428;;;;;;;;;;ЛОЖЬ;;;;;;;;;;;;;;;;;;;;;;;;;;;;;;;;;
M;712_3;;;;;;;ЛОЖЬ;ЛОЖЬ;;712;;;;;;;0;;;;289;ЛОЖЬ;0;;;;;;;;;;;;;;Undefined;;;;;;;;;;;;ЛОЖЬ;ИСТИНА;;;;;;;;;;;;;;;;;;;;;;;;;;;;;;;;
M;C704_2_G;;;;;Function block marker;;ЛОЖЬ;ЛОЖЬ;;704;;;;;;;0;;;;83;ЛОЖЬ;0;;;;;;;;;;;;;;Undefined;;;;;;;;;;;;ЛОЖЬ;ИСТИНА;;;;;;;;;;;;;;;;;;;;;;;;;;;;;;;;
DO;55GT102_B1;;COM;;;Bit 1;No;ЛОЖЬ;ЛОЖЬ;;460;;;;;;;0;;;;758;ЛОЖЬ;0;None;;;;;;;;;;;;;Undefined;491;3428;;;;;;;;;;ЛОЖЬ;;;;;;;;;;;;;;;;;;Output;EPKS_UCB;FGS_551_1;641;;;;;;;;;;;;
M;C486_2_J;;;;;Function block marker;;ЛОЖЬ;ЛОЖЬ;;486;;;;;;;0;;;;2710;ЛОЖЬ;0;;;;;;;;;;;;;;Undefined;491;3428;;;;;;;;;;ЛОЖЬ;;;;;;;;;;;;;;;;;;;;;;;;;;;;;;;;;
T;522_2;;;;;;;ЛОЖЬ;ЛОЖЬ;;522;;;;;;;;100 ms;10;;304;ЛОЖЬ;0;;;;;;;;;;;;;;Undefined;;;Delayed ON with constant timer value;;;;;;;;;ЛОЖЬ;ИСТИНА;;;;;;;;;;;;;;;;;;;;;;;;;;;;;;;;
M;636_11;;;;;;;ЛОЖЬ;ЛОЖЬ;;636;;;;;;;0;;;;2084;ЛОЖЬ;0;;;;;;;;;;;;;;Undefined;491;3428;;;;;;;;;;ЛОЖЬ;;;;;;;;;;;;;;;;;;;;;;;;;;;;;;;;;
M;570_852_5;;;;;AREA 6000-2-T.GAS ALARM;;ЛОЖЬ;ЛОЖЬ;;852;;;;;;;0;;;;1976;ЛОЖЬ;0;;;;;;;PULSE=ALARM;;;;;;;Undefined;491;3428;;;;;;;;;;ЛОЖЬ;;;;;;;;;;;;;;;;;;;;;;;;;;;;;;;;;
M;2465_F;;;;;      ????;;ЛОЖЬ;ЛОЖЬ;;2465;;;;;;;0;;;;206;ЛОЖЬ;0;;;;;;;;;;;;;;Undefined;;;;;;;;;;;;ЛОЖЬ;ИСТИНА;;;;;;;;;;;;;;;;;;;;;;;;;;;;;;;;
M;2463_I;;;;;FIRE Logic (0=cmdSTOP);;ЛОЖЬ;ЛОЖЬ;;2463;;;;;;;0;;;;1703;ЛОЖЬ;0;;;;;;;;;;;;;;Undefined;491;3428;;;;;;;;;;ЛОЖЬ;;;;;;;;;;;;;;;;;;;;;;;;;;;;;;;;;
M;634_9;;;;;;;ЛОЖЬ;ЛОЖЬ;;634;;;;;;;0;;;;1654;ЛОЖЬ;0;;;;;;;;;;;;;;Undefined;491;3428;;;;;;;;;;ЛОЖЬ;;;;;;;;;;;;;;;;;;;;;;;;;;;;;;;;;
DO;60GT305_B0;;COM;;;Bit 0;No;ЛОЖЬ;ЛОЖЬ;;684;;;;;;;0;;;;807;ЛОЖЬ;0;None;;;;;;;;;;;;;Undefined;491;3428;;;;;;;;;;ЛОЖЬ;;;;;;;;;;;;;;;;;;Output;EPKS_UCB;FGS_551_1;704;;;;;;;;;;;;
DO;55XY459D_B0;;COM;;;Bit 0;No;ЛОЖЬ;ЛОЖЬ;;472;;;;;;;0;;;;1727;ИСТИНА;58318;None;;;;;;;;;;;;;Undefined;491;3428;;;;;;;;;;ЛОЖЬ;;;;;;;;;;;;;;;;;;Output;EPKS_UCB;FGS_551_1;875;;;;;;;;;;;;
DO;60GT311_MOC;;COM;;;MO CONFIRM;No;ЛОЖЬ;ЛОЖЬ;;664;;;;;;;0;;;;805;ИСТИНА;58227;None;;;;;;1=CONFIRMED;;;;;;;Undefined;491;3428;;;;;;;;;;ЛОЖЬ;;;;;;;;;;;;;;;;;;Output;EPKS_UCB;FGS_551_1;696;;;;;;;;;;;;
DI;42-Flasher-0.5Hz;;SYS;;;0.5 Hz flasher;No;ЛОЖЬ;;;0;;;;;;;;;;;27;ЛОЖЬ;0;None;;;;;;;;;;;;;Undefined;491;3428;;;;;;;;;;ЛОЖЬ;;;;ЛОЖЬ;;;;;;;;;;;;;;;;;;;;;;;;;;;;;
DO;60GA305;;COM;;;TRIP INITIATOR-Toxic gas;No;ЛОЖЬ;ЛОЖЬ;;684;;;;;;;1;;;;811;ИСТИНА;58233;None;;;;;;1=NORMAL;;;;;;;Undefined;491;3428;;;;;;;;;;ЛОЖЬ;;;;;;;;;;;;;;;;;;Output;EPKS_UCB;FGS_551_1;708;;;;;;;;;;;;
M;734_5;;;;;;;ЛОЖЬ;ЛОЖЬ;;734;;;;;;;0;;;;353;ЛОЖЬ;0;;;;;;;;;;;;;;Undefined;;;;;;;;;;;;ЛОЖЬ;ИСТИНА;;;;;;;;;;;;;;;;;;;;;;;;;;;;;;;;
M;C330_2_D;;;;;Function block marker;;ЛОЖЬ;ЛОЖЬ;;330;;;;;;;0;;;;2904;ЛОЖЬ;0;;;;;;;;;;;;;;Undefined;491;3428;;;;;;;;;;ЛОЖЬ;;;;;;;;;;;;;;;;;;;;;;;;;;;;;;;;;
DO;60GT107_B1;;COM;;;Bit 1;No;ЛОЖЬ;ЛОЖЬ;;566;;;;;;;0;;;;868;ЛОЖЬ;0;None;;;;;;;;;;;;;Undefined;491;3428;;;;;;;;;;ЛОЖЬ;;;;;;;;;;;;;;;;;;Output;EPKS_UCB;FGS_551_1;752;;;;;;;;;;;;
M;2475_D;;;;;      ????;;ЛОЖЬ;ЛОЖЬ;;2475;;;;;;;0;;;;251;ЛОЖЬ;0;;;;;;;;;;;;;;Undefined;;;;;;;;;;;;ЛОЖЬ;ИСТИНА;;;;;;;;;;;;;;;;;;;;;;;;;;;;;;;;
DO;60GT317_MOC;;COM;;;MO CONFIRM;No;ЛОЖЬ;ЛОЖЬ;;370;;;;;;;0;;;;925;ИСТИНА;58282;None;;;;;;1=CONFIRMED;;;;;;;Undefined;491;3428;;;;;;;;;;ЛОЖЬ;;;;;;;;;;;;;;;;;;Output;EPKS_UCB;FGS_551_1;815;;;;;;;;;;;;
M;C660_2_H;;;;;Function block marker;;ЛОЖЬ;ЛОЖЬ;;660;;;;;;;0;;;;2386;ЛОЖЬ;0;;;;;;;;;;;;;;Undefined;491;3428;;;;;;;;;;ЛОЖЬ;;;;;;;;;;;;;;;;;;;;;;;;;;;;;;;;;
DO;55GT109_B1;;COM;;;Bit 1;No;ЛОЖЬ;ЛОЖЬ;;310;;;;;;;0;;;;888;ЛОЖЬ;0;None;;;;;;;;;;;;;Undefined;491;3428;;;;;;;;;;ЛОЖЬ;;;;;;;;;;;;;;;;;;Output;EPKS_UCB;FGS_551_1;774;;;;;;;;;;;;
T;622_2;;;;;;;ЛОЖЬ;ЛОЖЬ;;622;;;;;;;;100 ms;5;;452;ЛОЖЬ;0;;;;;;;;;;;;;;Undefined;491;3428;Delayed ON with constant timer value;;;;;;;;;ЛОЖЬ;;;;;;;;;;;;;;;;;;;;;;;;;;;;;;;;;
M;C2470_1;;;;;Compiler marker (168, 157);;ЛОЖЬ;ЛОЖЬ;;2470;;;;;;;0;;;;257;ЛОЖЬ;0;;;;;;;;;;;;;;Undefined;;;;;;;;;;;;ЛОЖЬ;ИСТИНА;;;;;;;;;;;;;;;;;;;;;;;;;;;;;;;;
DI;55HS201A3;;FLD;;;Testing toxic gas beacon and Horn - pump room;No;ИСТИНА;ЛОЖЬ;;470;;;;;;;;;;;58;ИСТИНА;58100;None;;;;;;1=ON;;;;;;;Undefined;491;3428;;42.03;9;3;1;Low;;Digital switch without loop monitoring;;ЛОЖЬ;;;;ЛОЖЬ;;;;;;;;;;;;;;Output;EPKS_UCB;FGS_551_1;435;;;;;;;;;;;;
M;C392_1_C;;;;;Function block marker;;ЛОЖЬ;ЛОЖЬ;;392;;;;;;;0;;;;2839;ЛОЖЬ;0;;;;;;;;;;;;;;Undefined;491;3428;;;;;;;;;;ЛОЖЬ;;;;;;;;;;;;;;;;;;;;;;;;;;;;;;;;;
T;618_1;;;;;;;ЛОЖЬ;ЛОЖЬ;;618;;;;;;;;1 s;30;;244;ЛОЖЬ;0;;;;;;;;;;;;;;Undefined;491;3428;Delayed OFF with constant timer value;;;;;;;;;ЛОЖЬ;;;;;;;;;;;;;;;;;;;;;;;;;;;;;;;;;
M;C566_2_H;;;;;Function block marker;;ЛОЖЬ;ЛОЖЬ;;566;;;;;;;0;;;;2572;ЛОЖЬ;0;;;;;;;;;;;;;;Undefined;491;3428;;;;;;;;;;ЛОЖЬ;;;;;;;;;;;;;;;;;;;;;;;;;;;;;;;;;
M;396_1;;;;;;;ЛОЖЬ;ЛОЖЬ;;396;;;;;;;0;;;;1454;ЛОЖЬ;0;;;;;;;;;;;;;;Undefined;491;3428;;;;;;;;;;ЛОЖЬ;;;;;;;;;;;;;;;;;;;;;;;;;;;;;;;;;
DO;61XY812;;FLD;;;Beacon near C W Exit 6100;Yes;ИСТИНА;ЛОЖЬ;;714;;;;;;;0;;;;137;ИСТИНА;58343;None;;;;;;1=ON;;;;;;;Undefined;;;;42.06;7;2;1;Appl;;;;ЛОЖЬ;ИСТИНА;;;;;;;;;;;;;;;;;Output;EPKS_UCB;FGS_551_1;525;;;;;;;;;;;;
M;C682_2_H;;;;;Function block marker;;ЛОЖЬ;ЛОЖЬ;;682;;;;;;;0;;;;2352;ЛОЖЬ;0;;;;;;;;;;;;;;Undefined;491;3428;;;;;;;;;;ЛОЖЬ;;;;;;;;;;;;;;;;;;;;;;;;;;;;;;;;;
M;C314_1;;;;;Compiler marker (256, 61);;ЛОЖЬ;ЛОЖЬ;;314;;;;;;;0;;;;2914;ЛОЖЬ;0;;;;;;;;;;;;;;Undefined;491;3428;;;;;;;;;;ЛОЖЬ;;;;;;;;;;;;;;;;;;;;;;;;;;;;;;;;;
DO;61XY802;;FLD;;;Horn near C W Exit 6100;Yes;ИСТИНА;ЛОЖЬ;;714;;;;;;;0;;;;121;ИСТИНА;58340;None;;;;;;1=ON;;;;;;;Undefined;;;;42.06;5;2;1;Appl;;;;ЛОЖЬ;ИСТИНА;;;;;;;;;;;;;;;;;Output;EPKS_UCB;FGS_551_1;522;;;;;;;;;;;;
M;394_850_2;;;;;AREA 6050-2-FL.GAS ALARM;;ЛОЖЬ;ЛОЖЬ;;850;;;;;;;0;;;;2275;ЛОЖЬ;0;;;;;;;0=ACTIVATED;;;;;;;Undefined;491;3428;;;;;;;;;;ЛОЖЬ;;;;;;;;;;;;;;;;;;;;;;;;;;;;;;;;;
DO;FGS_551_1.61XA826_2;;FSC;;;T.GD act. in 6100-GDAP-U,F,G lamp;Yes;ЛОЖЬ;ЛОЖЬ;;710;;;;;;;0;;;;282;ЛОЖЬ;0;None;;;;;;1=NORMAL;;;;;;;Undefined;;;;;;;;;;;;ЛОЖЬ;ИСТИНА;;;;;Output;FGS_002_1;FGS_551_1;73;;;;;;;;;;;;;;;;;;;;;;;;
M;506_510_2;;;;;AREA 5500-1-T.GAS ALARM;;ЛОЖЬ;ЛОЖЬ;;510;;;;;;;0;;;;2265;ЛОЖЬ;0;;;;;;;0=ACTIVATED;;;;;;;Undefined;491;3428;;;;;;;;;;ЛОЖЬ;;;;;;;;;;;;;;;;;;;;;;;;;;;;;;;;;
M;C330_3_H;;;;;Function block marker;;ЛОЖЬ;ЛОЖЬ;;330;;;;;;;0;;;;2911;ЛОЖЬ;0;;;;;;;;;;;;;;Undefined;491;3428;;;;;;;;;;ЛОЖЬ;;;;;;;;;;;;;;;;;;;;;;;;;;;;;;;;;
M;C610_1_C;;;;;Function block marker;;ЛОЖЬ;ЛОЖЬ;;610;;;;;;;0;;;;2512;ЛОЖЬ;0;;;;;;;;;;;;;;Undefined;491;3428;;;;;;;;;;ЛОЖЬ;;;;;;;;;;;;;;;;;;;;;;;;;;;;;;;;;
DI;42-TempLL_Alarm;;SYS;;;Temp low-low alarm;Yes;ЛОЖЬ;;;21;;;;;;;1;;;;5;ЛОЖЬ;0;None;;;;;;1=NORMAL;;;;;;;Undefined;491;3428;;;;;;;;;;ЛОЖЬ;;;;ЛОЖЬ;;;;;;;;;;;;;;Output;EPKS_UCB;FGS_551_1;633;;;;;;;;;;;;
M;690_692_1;;;;;6050-2_TGD_B;;ЛОЖЬ;ЛОЖЬ;;692;;;;;;;0;;;;2160;ЛОЖЬ;0;;;;;;;PULSE=ALARM;;;;;;;Undefined;491;3428;;;;;;;;;;ЛОЖЬ;;;;;;;;;;;;;;;;;;;;;;;;;;;;;;;;;
DO;61XY815;;FLD;;;Beacon near B11 6100;Yes;ИСТИНА;ЛОЖЬ;;712;;;;;;;0;;;;140;ИСТИНА;58349;None;;;;;;1=ON;;;;;;;Undefined;;;;42.06;7;5;1;Appl;;;;ЛОЖЬ;ИСТИНА;;;;;;;;;;;;;;;;;Output;EPKS_UCB;FGS_551_1;562;;;;;;;;;;;;
M;2410_C;;;;;INPUT SIGNAL (1=Alarm);;ЛОЖЬ;ЛОЖЬ;;2410;;;;;;;0;;;;1633;ЛОЖЬ;0;;;;;;;;;;;;;;Undefined;491;3428;;;;;;;;;;ЛОЖЬ;;;;;;;;;;;;;;;;;;;;;;;;;;;;;;;;;
M;566_570_3;;;;;60GA107_FL;;ЛОЖЬ;ЛОЖЬ;;570;;;;;;;0;;;;1996;ЛОЖЬ;0;;;;;;;0=ACTIVATED;;;;;;;Undefined;491;3428;;;;;;;;;;ЛОЖЬ;;;;;;;;;;;;;;;;;;;;;;;;;;;;;;;;;
M;2440_A;;;;;In 1 (0=Trip);;ЛОЖЬ;ЛОЖЬ;;2440;;;;;;;0;;;;1512;ЛОЖЬ;0;;;;;;;;;;;;;;Undefined;491;3428;;;;;;;;;;ЛОЖЬ;;;;;;;;;;;;;;;;;;;;;;;;;;;;;;;;;
M;708_720_2;;;;;61GT903_RR;;ЛОЖЬ;ЛОЖЬ;;720;;;;;;;0;;;;293;ЛОЖЬ;0;;;;;;;1=READY;;;;;;;Undefined;;;;;;;;;;;;ЛОЖЬ;ИСТИНА;;;;;;;;;;;;;;;;;;;;;;;;;;;;;;;;
M;C636_2_J;;;;;Function block marker;;ЛОЖЬ;ЛОЖЬ;;636;;;;;;;0;;;;2400;ЛОЖЬ;0;;;;;;;;;;;;;;Undefined;491;3428;;;;;;;;;;ЛОЖЬ;;;;;;;;;;;;;;;;;;;;;;;;;;;;;;;;;
BO;IB551_FGS1_T1;;COM;672-20;;TEMPERATURE CP1;No;ЛОЖЬ;ЛОЖЬ;;21;;Word;;;;;0;;;;48;;0;;;;;;;;;0;0;;;;-XXXXX.X;;;;;;;;;;;;ЛОЖЬ;ИСТИНА;;;;;;;;;;;;;;;;;Output;EPKS_UCB;FGS_551_1;11035;;;;;;;;;;;;
M;C582_1_B;;;;;Function block marker;;ЛОЖЬ;ЛОЖЬ;;582;;;;;;;0;;;;2536;ЛОЖЬ;0;;;;;;;;;;;;;;Undefined;491;3428;;;;;;;;;;ЛОЖЬ;;;;;;;;;;;;;;;;;;;;;;;;;;;;;;;;;
M;2470_2;;;;;;;ЛОЖЬ;ЛОЖЬ;;2470;;;;;;;0;;;;184;ЛОЖЬ;0;;;;;;;;;;;;;;Undefined;;;;;;;;;;;;ЛОЖЬ;ИСТИНА;;;;;;;;;;;;;;;;;;;;;;;;;;;;;;;;
DO;60GA104;;COM;;;TRIP INITIATOR-Toxic gas;No;ЛОЖЬ;ЛОЖЬ;;546;;;;;;;1;;;;846;ИСТИНА;58242;None;;;;;;1=NORMAL;;;;;;;Undefined;491;3428;;;;;;;;;;ЛОЖЬ;;;;;;;;;;;;;;;;;;Output;EPKS_UCB;FGS_551_1;729;;;;;;;;;;;;
DO;60GA318;;COM;;;TRIP INITIATOR-Flammable gas;No;ЛОЖЬ;ЛОЖЬ;;372;;;;;;;1;;;;931;ИСТИНА;58285;None;;;;;;1=NORMAL;;;;;;;Undefined;491;3428;;;;;;;;;;ЛОЖЬ;;;;;;;;;;;;;;;;;;Output;EPKS_UCB;FGS_551_1;821;;;;;;;;;;;;
T;572_8;;;;;;;ЛОЖЬ;ЛОЖЬ;;572;;;;;;;;1 s;30;;292;ЛОЖЬ;0;;;;;;;;;;;;;;Undefined;491;3428;Delayed OFF with constant timer value;;;;;;;;;ЛОЖЬ;;;;;;;;;;;;;;;;;;;;;;;;;;;;;;;;;
DO;55HY459A;;MCC;;;start at gas pollution at В2А;Yes;ИСТИНА;ЛОЖЬ;;480;;;;;;;0;;;;168;ИСТИНА;58102;None;;;;;;1=cmdSTART;;;;;;;Undefined;491;3428;;42.05;1;1;1;Appl;;;ИСТИНА;ЛОЖЬ;;;;;;;;;;;;;;;;;;Output;EPKS_UCB;FGS_551_1;553;;;;;;;;;;;;
M;C526_1_C;;;;;Function block marker;;ЛОЖЬ;ЛОЖЬ;;526;;;;;;;0;;;;2646;ЛОЖЬ;0;;;;;;;;;;;;;;Undefined;491;3428;;;;;;;;;;ЛОЖЬ;;;;;;;;;;;;;;;;;;;;;;;;;;;;;;;;;
M;2462_5;;;;;;;ЛОЖЬ;ЛОЖЬ;;2462;;;;;;;0;;;;1663;ЛОЖЬ;0;;;;;;;;;;;;;;Undefined;491;3428;;;;;;;;;;ЛОЖЬ;;;;;;;;;;;;;;;;;;;;;;;;;;;;;;;;;
M;C2465_7;;;;;Compiler marker (176, 193);;ЛОЖЬ;ЛОЖЬ;;2465;;;;;;;0;;;;648;ЛОЖЬ;0;;;;;;;;;;;;;;Undefined;491;3428;;;;;;;;;;ЛОЖЬ;;;;;;;;;;;;;;;;;;;;;;;;;;;;;;;;;
DO;60HX550OP_B1;;COM;;;Bit 1;No;ЛОЖЬ;ЛОЖЬ;;636;;;;;;;0;;;;1794;ЛОЖЬ;0;None;;;;;;;;;;;;;Undefined;491;3428;;;;;;;;;;ЛОЖЬ;;;;;;;;;;;;;;;;;;Output;EPKS_UCB;FGS_551_1;942;;;;;;;;;;;;
M;C582_2_G;;;;;Function block marker;;ЛОЖЬ;ЛОЖЬ;;582;;;;;;;0;;;;2544;ЛОЖЬ;0;;;;;;;;;;;;;;Undefined;491;3428;;;;;;;;;;ЛОЖЬ;;;;;;;;;;;;;;;;;;;;;;;;;;;;;;;;;
T;612_2;;;;;;;ЛОЖЬ;ЛОЖЬ;;612;;;;;;;;100 ms;10;;432;ЛОЖЬ;0;;;;;;;;;;;;;;Undefined;;;Delayed ON with constant timer value;;;;;;;;;ЛОЖЬ;ИСТИНА;;;;;;;;;;;;;;;;;;;;;;;;;;;;;;;;
M;542_550_3;;;;;60GA101_FL;;ЛОЖЬ;ЛОЖЬ;;550;;;;;;;0;;;;1937;ЛОЖЬ;0;;;;;;;0=ACTIVATED;;;;;;;Undefined;491;3428;;;;;;;;;;ЛОЖЬ;;;;;;;;;;;;;;;;;;;;;;;;;;;;;;;;;
DO;55GT106_B2;;COM;;;Bit 2;No;ЛОЖЬ;ЛОЖЬ;;522;;;;;;;0;;;;779;ЛОЖЬ;0;None;;;;;;;;;;;;;Undefined;491;3428;;;;;;;;;;ЛОЖЬ;;;;;;;;;;;;;;;;;;Output;EPKS_UCB;FGS_551_1;669;;;;;;;;;;;;
M;C660_2_F;;;;;Function block marker;;ЛОЖЬ;ЛОЖЬ;;660;;;;;;;0;;;;2384;ЛОЖЬ;0;;;;;;;;;;;;;;Undefined;491;3428;;;;;;;;;;ЛОЖЬ;;;;;;;;;;;;;;;;;;;;;;;;;;;;;;;;;
DO;55XS451;;COM;;;"B2A ""RUNNING""";No;ЛОЖЬ;ЛОЖЬ;;480;;;;;;;0;;;;1742;ИСТИНА;58062;None;;;;;;1=RUNNING;;;;;;;Undefined;491;3428;;;;;;;;;;ЛОЖЬ;;;;;;;;;;;;;;;;;;Output;EPKS_UCB;FGS_551_1;890;;;;;;;;;;;;
M;C682_3_C;;;;;Function block marker;;ЛОЖЬ;ЛОЖЬ;;682;;;;;;;0;;;;2348;ЛОЖЬ;0;;;;;;;;;;;;;;Undefined;491;3428;;;;;;;;;;ЛОЖЬ;;;;;;;;;;;;;;;;;;;;;;;;;;;;;;;;;
DO;60GT103_B2;;COM;;;Bit 2;No;ЛОЖЬ;ЛОЖЬ;;544;;;;;;;0;;;;854;ЛОЖЬ;0;None;;;;;;;;;;;;;Undefined;491;3428;;;;;;;;;;ЛОЖЬ;;;;;;;;;;;;;;;;;;Output;EPKS_UCB;FGS_551_1;737;;;;;;;;;;;;
DO;60GT316_B0;;COM;;;Bit 0;No;ЛОЖЬ;ЛОЖЬ;;392;;;;;;;0;;;;912;ЛОЖЬ;0;None;;;;;;;;;;;;;Undefined;491;3428;;;;;;;;;;ЛОЖЬ;;;;;;;;;;;;;;;;;;Output;EPKS_UCB;FGS_551_1;800;;;;;;;;;;;;
M;2463_N;;;;;DO Start (1=START);;ЛОЖЬ;ЛОЖЬ;;2463;;;;;;;0;;;;1531;ЛОЖЬ;0;;;;;;;;;;;;;;Undefined;491;3428;;;;;;;;;;ЛОЖЬ;;;;;;;;;;;;;;;;;;;;;;;;;;;;;;;;;
DO;60HY599G_TF;;COM;;;CHANNEL OR LINE FAULT;No;ЛОЖЬ;ЛОЖЬ;;854;;;;;;;0;;;;458;ЛОЖЬ;0;None;;;;;;0=FAULT;;;;;;;Undefined;;;;;;;;;;;;ЛОЖЬ;ИСТИНА;;;;;;;;;;;;;;;;;Output;EPKS_UCB;FGS_551_1;972;;;;;;;;;;;;
M;350_5;;;;;;;ЛОЖЬ;ЛОЖЬ;;350;;;;;;;0;;;;240;ЛОЖЬ;0;;;;;;;;;;;;;;Undefined;491;3428;;;;;;;;;;ЛОЖЬ;;;;;;;;;;;;;;;;;;;;;;;;;;;;;;;;;
M;616_854_2;;;;;AREA PH-60-1-T.GAS ALARM;;ЛОЖЬ;ЛОЖЬ;;854;;;;;;;0;;;;2277;ЛОЖЬ;0;;;;;;;0=ACTIVATED;;;;;;;Undefined;491;3428;;;;;;;;;;ЛОЖЬ;;;;;;;;;;;;;;;;;;;;;;;;;;;;;;;;;
DI;60HS203E;;COM;;;RESET 6050-2-FLAMMABLE GAS;No;ЛОЖЬ;ИСТИНА;;380;;;;;;;0;;;;3493;ИСТИНА;58187;None;;;;;;1=RESET;;;;;;;Undefined;491;3428;;;;;;Low;;;;ЛОЖЬ;;;;ЛОЖЬ;;;;;;;;;;;;;;Input;EPKS_UCB;FGS_551_1;38;;;;;;;;;;;;
M;C612_2_G;;;;;Function block marker;;ЛОЖЬ;ЛОЖЬ;;612;;;;;;;0;;;;2507;ЛОЖЬ;0;;;;;;;;;;;;;;Undefined;491;3428;;;;;;;;;;ЛОЖЬ;;;;;;;;;;;;;;;;;;;;;;;;;;;;;;;;;
M;C522_1_B;;;;;Function block marker;;ЛОЖЬ;ЛОЖЬ;;522;;;;;;;0;;;;2665;ЛОЖЬ;0;;;;;;;;;;;;;;Undefined;491;3428;;;;;;;;;;ЛОЖЬ;;;;;;;;;;;;;;;;;;;;;;;;;;;;;;;;;
T;336_1;;;;;;;ЛОЖЬ;ЛОЖЬ;;336;;;;;;;;1 s;30;;80;ЛОЖЬ;0;;;;;;;;;;;;;;Undefined;491;3428;Delayed OFF with constant timer value;;;;;;;;;ЛОЖЬ;;;;;;;;;;;;;;;;;;;;;;;;;;;;;;;;;
M;548_554_2;;;;;60GT105_RR;;ЛОЖЬ;ЛОЖЬ;;554;;;;;;;0;;;;1920;ЛОЖЬ;0;;;;;;;1=READY;;;;;;;Undefined;491;3428;;;;;;;;;;ЛОЖЬ;;;;;;;;;;;;;;;;;;;;;;;;;;;;;;;;;
DO;55GT107_MOC;;COM;;;MO CONFIRM;No;ЛОЖЬ;ЛОЖЬ;;524;;;;;;;0;;;;785;ИСТИНА;58218;None;;;;;;1=CONFIRMED;;;;;;;Undefined;491;3428;;;;;;;;;;ЛОЖЬ;;;;;;;;;;;;;;;;;;Output;EPKS_UCB;FGS_551_1;675;;;;;;;;;;;;
DI;60HS203A;;FLD;;;Beacon testing and toxic gas Horn near Е-6051;No;ИСТИНА;ЛОЖЬ;;692;;;;;;;;;;;51;ИСТИНА;58103;None;;;;;;1=ON;;;;;;;Undefined;491;3428;;42.03;9;12;1;Low;;Digital switch without loop monitoring;;ЛОЖЬ;;;;ЛОЖЬ;;;;;;;;;;;;;;Output;EPKS_UCB;FGS_551_1;444;;;;;;;;;;;;
T;504_1;;;;;;;ЛОЖЬ;ЛОЖЬ;;504;;;;;;;;100 ms;10;;276;ЛОЖЬ;0;;;;;;;;;;;;;;Undefined;;;Delayed ON with constant timer value;;;;;;;;;ЛОЖЬ;ИСТИНА;;;;;;;;;;;;;;;;;;;;;;;;;;;;;;;;
M;C2465_4;;;;;Compiler marker (224, 120);;ЛОЖЬ;ЛОЖЬ;;2465;;;;;;;0;;;;643;ЛОЖЬ;0;;;;;;;;;;;;;;Undefined;491;3428;;;;;;;;;;ЛОЖЬ;;;;;;;;;;;;;;;;;;;;;;;;;;;;;;;;;
DO;FGS_551_1.60XA606_2;;FSC;;;Fl.GD act. in 6000-1-GDAP-U,F,G lamp;Yes;ЛОЖЬ;ЛОЖЬ;;354;;;;;;;0;;;;1117;ЛОЖЬ;0;None;;;;;;1=NORMAL;;;;;;;Undefined;491;3428;;;;;;;;;;ЛОЖЬ;;;;;;Output;FGS_002_1;FGS_551_1;47;;;;;;;;;;;;;;;;;;;;;;;;
M;484_8;;;;;;;ЛОЖЬ;ЛОЖЬ;;484;;;;;;;0;;;;1830;ЛОЖЬ;0;;;;;;;;;;;;;;Undefined;491;3428;;;;;;;;;;ЛОЖЬ;;;;;;;;;;;;;;;;;;;;;;;;;;;;;;;;;
DO;60XA205F4;;FLD;;;Horn Near H-6052;Yes;ИСТИНА;ЛОЖЬ;;376;;;;;;;0;;;;41;ИСТИНА;58104;None;;;;;;1=ON;;;;;;;Undefined;491;3428;;42.04;5;2;1;Appl;;;;ЛОЖЬ;;;;;;;;;;;;;;;;;;Output;EPKS_UCB;FGS_551_1;514;;;;;;;;;;;;
T;548_1;;;;;;;ЛОЖЬ;ЛОЖЬ;;548;;;;;;;;100 ms;10;;328;ЛОЖЬ;0;;;;;;;;;;;;;;Undefined;;;Delayed ON with constant timer value;;;;;;;;;ЛОЖЬ;ИСТИНА;;;;;;;;;;;;;;;;;;;;;;;;;;;;;;;;
M;C686_2_F;;;;;Function block marker;;ЛОЖЬ;ЛОЖЬ;;686;;;;;;;0;;;;2330;ЛОЖЬ;0;;;;;;;;;;;;;;Undefined;491;3428;;;;;;;;;;ЛОЖЬ;;;;;;;;;;;;;;;;;;;;;;;;;;;;;;;;;
DO;55GT102_MOC;;COM;;;MO CONFIRM;No;ЛОЖЬ;ЛОЖЬ;;460;;;;;;;0;;;;391;ИСТИНА;58013;None;;;;;;1=CONFIRMED;;;;;;;Undefined;;;;;;;;;;;;ЛОЖЬ;ИСТИНА;;;;;;;;;;;;;;;;;Output;EPKS_UCB;FGS_551_1;432;;;;;;;;;;;;
T;632_3;;;;;;;ЛОЖЬ;ЛОЖЬ;;632;;;;;;;;10 ms;1;;60;ЛОЖЬ;0;;;;;;;;;;;;;;Undefined;491;3428;Delayed ON memorize with constant timer value;;;;;;;;;ЛОЖЬ;;;;;;;;;;;;;;;;;;;;;;;;;;;;;;;;;
M;630_9;;;;;;;ЛОЖЬ;ЛОЖЬ;;630;;;;;;;0;;;;1290;ЛОЖЬ;0;;;;;;;;;;;;;;Undefined;491;3428;;;;;;;;;;ЛОЖЬ;;;;;;;;;;;;;;;;;;;;;;;;;;;;;;;;;
DI;60HS548B;;COM;;;DCS STOP;No;ЛОЖЬ;ИСТИНА;;632;;;;;;;0;;;;3537;ЛОЖЬ;0;None;;;;;;1=DCScmdSTOP;;;;;;;Undefined;491;3428;;;;;;Low;;;;ЛОЖЬ;;;;ЛОЖЬ;;;;;;;;;;;;;;Input;EPKS_UCB;FGS_551_1;82;;;;;;;;;;;;
M;C370_3_F;;;;;Function block marker;;ЛОЖЬ;ЛОЖЬ;;370;;;;;;;0;;;;2874;ЛОЖЬ;0;;;;;;;;;;;;;;Undefined;491;3428;;;;;;;;;;ЛОЖЬ;;;;;;;;;;;;;;;;;;;;;;;;;;;;;;;;;
DI;00XS551GMC01;;MAR;;;IB55-1 COMM.ALARM F-MC-01;Yes;ИСТИНА;ЛОЖЬ;;23;;;;;;;;;;;150;ИСТИНА;58105;None;;;;;;1=NORMAL;;;;;;;Undefined;491;3428;;42.06;3;15;1;Low;;Digital switch without loop monitoring;;ЛОЖЬ;;;;ЛОЖЬ;;;;;;;;;;;;;;Output;EPKS_UCB;FGS_551_1;495;;;;;;;;;;;;
M;546_4;;;;;;;ЛОЖЬ;ЛОЖЬ;;546;;;;;;;0;;;;630;ЛОЖЬ;0;;;;;;;;;;;;;;Undefined;491;3428;;;;;;;;;;ЛОЖЬ;;;;;;;;;;;;;;;;;;;;;;;;;;;;;;;;;
DO;55XA203T1;;FLD;;;Beacon Near F-5502;Yes;ИСТИНА;ЛОЖЬ;;530;;;;;;;0;;;;77;ИСТИНА;58106;None;;;;;;1=ON;;;;;;;Undefined;491;3428;;42.04;9;6;1;Appl;;;;ЛОЖЬ;;;;;;;;;;;;;;;;;;Output;EPKS_UCB;FGS_551_1;534;;;;;;;;;;;;
DI;42-InputFault;;SYS;;;Input Channel fault;Yes;ЛОЖЬ;;;21;;;;;;;;;;;21;ЛОЖЬ;0;None;;;;;;1=NORMAL;;;;;;;Undefined;491;3428;;;;;;;;;;ЛОЖЬ;;;;ЛОЖЬ;;;;;;;;;;;;;;Output;EPKS_UCB;FGS_551_1;614;;;;;;;;;;;;
M;C618_1_F;;;;;Function block marker;;ЛОЖЬ;ЛОЖЬ;;618;;;;;;;0;;;;2492;ЛОЖЬ;0;;;;;;;;;;;;;;Undefined;491;3428;;;;;;;;;;ЛОЖЬ;;;;;;;;;;;;;;;;;;;;;;;;;;;;;;;;;
DO;42-SecSwitchOff;;SYS;;;Secondary switch-off;Yes;ЛОЖЬ;;;0;;;;;;;;;;;33;ЛОЖЬ;0;None;;;;;;1=NORMAL;;;;;;;Undefined;491;3428;;;;;;;;;;ЛОЖЬ;;;;;;;;;;;;;;;;;;Output;EPKS_UCB;FGS_551_1;628;;;;;;;;;;;;
T;2405_1;;;;;;;ЛОЖЬ;ЛОЖЬ;;2405;;;;;;;;100 ms;10;;100;ЛОЖЬ;0;;;;;;;;;;;;;;Undefined;491;3428;Delayed ON with constant timer value;;;;;;;;;ЛОЖЬ;;;;;;;;;;;;;;;;;;;;;;;;;;;;;;;;;
DO;61XY817;;FLD;;;Beacon near A9 6100;Yes;ИСТИНА;ЛОЖЬ;;712;;;;;;;0;;;;153;ИСТИНА;58335;None;;;;;;1=ON;;;;;;;Undefined;;;;42.06;9;2;1;Appl;;;;ЛОЖЬ;ИСТИНА;;;;;;;;;;;;;;;;;Output;EPKS_UCB;FGS_551_1;490;;;;;;;;;;;;
M;C460_1_E;;;;;Function block marker;;ЛОЖЬ;ЛОЖЬ;;460;;;;;;;0;;;;2824;ЛОЖЬ;0;;;;;;;;;;;;;;Undefined;491;3428;;;;;;;;;;ЛОЖЬ;;;;;;;;;;;;;;;;;;;;;;;;;;;;;;;;;
M;C480_1_P;;;;;Function block marker;;ЛОЖЬ;ЛОЖЬ;;480;;;;;;;0;;;;2766;ЛОЖЬ;0;;;;;;;;;;;;;;Undefined;491;3428;;;;;;;;;;ЛОЖЬ;;;;;;;;;;;;;;;;;;;;;;;;;;;;;;;;;
M;450_600_1;;;;;Ack gas area 672-20;;ЛОЖЬ;ЛОЖЬ;;600;;;;;;;0;;;;195;ЛОЖЬ;0;;;;;;;1=ACK;;;;;;;Undefined;;;;;;;;;;;;ЛОЖЬ;ИСТИНА;;;;;;;;;;;;;;;;;;;;;;;;;;;;;;;;
M;C370_2_C;;;;;Function block marker;;ЛОЖЬ;ЛОЖЬ;;370;;;;;;;0;;;;2868;ЛОЖЬ;0;;;;;;;;;;;;;;Undefined;491;3428;;;;;;;;;;ЛОЖЬ;;;;;;;;;;;;;;;;;;;;;;;;;;;;;;;;;
M;C502_2_F;;;;;Function block marker;;ЛОЖЬ;ЛОЖЬ;;502;;;;;;;0;;;;2694;ЛОЖЬ;0;;;;;;;;;;;;;;Undefined;491;3428;;;;;;;;;;ЛОЖЬ;;;;;;;;;;;;;;;;;;;;;;;;;;;;;;;;;
DO;60GT104_MOC;;COM;;;MO CONFIRM;No;ЛОЖЬ;ЛОЖЬ;;546;;;;;;;0;;;;845;ИСТИНА;58241;None;;;;;;1=CONFIRMED;;;;;;;Undefined;491;3428;;;;;;;;;;ЛОЖЬ;;;;;;;;;;;;;;;;;;Output;EPKS_UCB;FGS_551_1;728;;;;;;;;;;;;
M;C2462_7;;;;;Feedback marker (208, 223);;ЛОЖЬ;ЛОЖЬ;;2462;;;;;;;0;;;;1023;ЛОЖЬ;0;;;;;;;;;;;;;;Undefined;491;3428;;;;;;;;;;ЛОЖЬ;;;;;;;;;;;;;;;;;;;;;;;;;;;;;;;;;
M;C634_1_P;;;;;Function block marker;;ЛОЖЬ;ЛОЖЬ;;634;;;;;;;0;;;;2414;ЛОЖЬ;0;;;;;;;;;;;;;;Undefined;491;3428;;;;;;;;;;ЛОЖЬ;;;;;;;;;;;;;;;;;;;;;;;;;;;;;;;;;
T;480_2;;;;;;;ЛОЖЬ;ЛОЖЬ;;480;;;;;;;;100 ms;50;;208;ЛОЖЬ;0;;;;;;;;;;;;;;Undefined;491;3428;Pulse retriggerable with constant timer value;;;;;;;;;ЛОЖЬ;;;;;;;;;;;;;;;;;;;;;;;;;;;;;;;;;
DO;55XS452C;;COM;;;B3A READY;No;ЛОЖЬ;ЛОЖЬ;;482;;;;;;;0;;;;1750;ИСТИНА;58079;None;;;;;;1=READY;;;;;;;Undefined;491;3428;;;;;;;;;;ЛОЖЬ;;;;;;;;;;;;;;;;;;Output;EPKS_UCB;FGS_551_1;898;;;;;;;;;;;;
M;666_668_1;;;;;AREA 6050-1-T.GAS ALARM;;ЛОЖЬ;ЛОЖЬ;;668;;;;;;;0;;;;2178;ЛОЖЬ;0;;;;;;;PULSE=ALARM;;;;;;;Undefined;491;3428;;;;;;;;;;ЛОЖЬ;;;;;;;;;;;;;;;;;;;;;;;;;;;;;;;;;
M;632_8;;;;;;;ЛОЖЬ;ЛОЖЬ;;632;;;;;;;0;;;;1320;ЛОЖЬ;0;;;;;;;;;;;;;;Undefined;491;3428;;;;;;;;;;ЛОЖЬ;;;;;;;;;;;;;;;;;;;;;;;;;;;;;;;;;
M;C526_2_H;;;;;Function block marker;;ЛОЖЬ;ЛОЖЬ;;526;;;;;;;0;;;;2653;ЛОЖЬ;0;;;;;;;;;;;;;;Undefined;491;3428;;;;;;;;;;ЛОЖЬ;;;;;;;;;;;;;;;;;;;;;;;;;;;;;;;;;
M;550_852_5;;;;;AREA 6000-1-T.GAS ALARM;;ЛОЖЬ;ЛОЖЬ;;852;;;;;;;0;;;;1411;ЛОЖЬ;0;;;;;;;PULSE=ALARM;;;;;;;Undefined;491;3428;;;;;;;;;;ЛОЖЬ;;;;;;;;;;;;;;;;;;;;;;;;;;;;;;;;;
R;C12_1;;;;;Compiler register (288, 60);;ЛОЖЬ;ЛОЖЬ;;12;;Float;;;;;0;;;;64;ЛОЖЬ;0;;;;;;;;;;;;;;Undefined;;;;;;;;;;;;ЛОЖЬ;ИСТИНА;;;;;;;;;;;;;;;;;;;;;;;;;;;;;;;;
T;636_3;;;;;;;ЛОЖЬ;ЛОЖЬ;;636;;;;;;;;10 ms;1;;76;ЛОЖЬ;0;;;;;;;;;;;;;;Undefined;491;3428;Delayed ON memorize with constant timer value;;;;;;;;;ЛОЖЬ;;;;;;;;;;;;;;;;;;;;;;;;;;;;;;;;;
DI;55HS203D;;COM;;;RESET 5500-2-TOXIC GAS;No;ЛОЖЬ;ИСТИНА;;520;;;;;;;0;;;;3461;ИСТИНА;58185;None;;;;;;1=RESET;;;;;;;Undefined;491;3428;;;;;;Low;;;;ЛОЖЬ;;;;ЛОЖЬ;;;;;;;;;;;;;;Input;EPKS_UCB;FGS_551_1;6;;;;;;;;;;;;
M;C632_2_M;;;;;Function block marker;;ЛОЖЬ;ЛОЖЬ;;632;;;;;;;0;;;;2445;ЛОЖЬ;0;;;;;;;;;;;;;;Undefined;491;3428;;;;;;;;;;ЛОЖЬ;;;;;;;;;;;;;;;;;;;;;;;;;;;;;;;;;
DI;55HS453A;;COM;;;DCS START;No;ЛОЖЬ;ИСТИНА;;484;;;;;;;0;;;;3530;ЛОЖЬ;0;None;;;;;;1=DCScmdSTART;;;;;;;Undefined;491;3428;;;;;;Low;;;;ЛОЖЬ;;;;ЛОЖЬ;;;;;;;;;;;;;;Input;EPKS_UCB;FGS_551_1;75;;;;;;;;;;;;
M;2463_L;;;;;State READY (1=READY);;ЛОЖЬ;ЛОЖЬ;;2463;;;;;;;0;;;;1672;ЛОЖЬ;0;;;;;;;;;;;;;;Undefined;491;3428;;;;;;;;;;ЛОЖЬ;;;;;;;;;;;;;;;;;;;;;;;;;;;;;;;;;
M;616_1;;;;;;;ЛОЖЬ;ЛОЖЬ;;616;;;;;;;0;;;;2081;ЛОЖЬ;0;;;;;;;;;;;;;;Undefined;491;3428;;;;;;;;;;ЛОЖЬ;;;;;;;;;;;;;;;;;;;;;;;;;;;;;;;;;
M;524_532_2;;;;;55GT107_RR;;ЛОЖЬ;ЛОЖЬ;;532;;;;;;;0;;;;1890;ЛОЖЬ;0;;;;;;;1=READY;;;;;;;Undefined;491;3428;;;;;;;;;;ЛОЖЬ;;;;;;;;;;;;;;;;;;;;;;;;;;;;;;;;;
M;C704_3_C;;;;;Function block marker;;ЛОЖЬ;ЛОЖЬ;;704;;;;;;;0;;;;86;ЛОЖЬ;0;;;;;;;;;;;;;;Undefined;;;;;;;;;;;;ЛОЖЬ;ИСТИНА;;;;;;;;;;;;;;;;;;;;;;;;;;;;;;;;
M;C708_2_H;;;;;Function block marker;;ЛОЖЬ;ЛОЖЬ;;708;;;;;;;0;;;;313;ЛОЖЬ;0;;;;;;;;;;;;;;Undefined;;;;;;;;;;;;ЛОЖЬ;ИСТИНА;;;;;;;;;;;;;;;;;;;;;;;;;;;;;;;;
M;588_22;;;;;;;ЛОЖЬ;ЛОЖЬ;;588;;;;;;;0;;;;2027;ЛОЖЬ;0;;;;;;;;;;;;;;Undefined;491;3428;;;;;;;;;;ЛОЖЬ;;;;;;;;;;;;;;;;;;;;;;;;;;;;;;;;;
M;2462_J;;;;;Bit 1;;ЛОЖЬ;ЛОЖЬ;;2462;;;;;;;0;;;;1529;ЛОЖЬ;0;;;;;;;;;;;;;;Undefined;491;3428;;;;;;;;;;ЛОЖЬ;;;;;;;;;;;;;;;;;;;;;;;;;;;;;;;;;
T;350_2;;;;;;;ЛОЖЬ;ЛОЖЬ;;350;;;;;;;;100 ms;10;;136;ЛОЖЬ;0;;;;;;;;;;;;;;Undefined;;;Delayed ON with constant timer value;;;;;;;;;ЛОЖЬ;ИСТИНА;;;;;;;;;;;;;;;;;;;;;;;;;;;;;;;;
DO;60XA101T;;FLD;;;beacon on cabinet 60AT101;Yes;ИСТИНА;ЛОЖЬ;;552;;;;;;;0;;;;107;ИСТИНА;58107;None;;;;;;1=ON;;;;;;;Undefined;491;3428;;42.04;13;4;1;Appl;;;;ЛОЖЬ;;;;;;;;;;;;;;;;;;Output;EPKS_UCB;FGS_551_1;548;;;;;;;;;;;;
DI;00XS551G01FAN;;CAB;;;IB55-1 COMM. ALARM FGS-01 FAN;Yes;ИСТИНА;ЛОЖЬ;;22;;;;;;;;;;;2;ИСТИНА;58177;None;;;;;;1=NORMAL;;;;;;;Undefined;491;3428;;42.03;1;11;1;Low;;;;ЛОЖЬ;;;;ЛОЖЬ;;;;;;;;;;;;;;Output;EPKS_UCB;FGS_551_1;427;;;;;;;;;;;;
DO;60GT108_B0;;COM;;;Bit 0;No;ЛОЖЬ;ЛОЖЬ;;568;;;;;;;0;;;;882;ЛОЖЬ;0;None;;;;;;;;;;;;;Undefined;491;3428;;;;;;;;;;ЛОЖЬ;;;;;;;;;;;;;;;;;;Output;EPKS_UCB;FGS_551_1;756;;;;;;;;;;;;
M;2407_C;;;;;0=MAINTENANCE;;ЛОЖЬ;ЛОЖЬ;;2407;;;;;;;0;;;;1487;ЛОЖЬ;0;;;;;;;;;;;;;;Undefined;491;3428;;;;;;;;;;ЛОЖЬ;;;;;;;;;;;;;;;;;;;;;;;;;;;;;;;;;
DO;61GT902_B1;;COM;;;Bit 1;No;ЛОЖЬ;ЛОЖЬ;;706;;;;;;;0;;;;48;ЛОЖЬ;0;None;;;;;;;;;;;;;Undefined;;;;;;;;;;;;ЛОЖЬ;ИСТИНА;;;;;;;;;;;;;;;;;Output;EPKS_UCB;FGS_551_1;584;;;;;;;;;;;;
M;466_468_2;;;;;AREA PH-55-1-T.GAS ALARM;;ЛОЖЬ;ЛОЖЬ;;468;;;;;;;0;;;;1497;ЛОЖЬ;0;;;;;;;0=ACTIVATED;;;;;;;Undefined;491;3428;;;;;;;;;;ЛОЖЬ;;;;;;;;;;;;;;;;;;;;;;;;;;;;;;;;;
T;484_4;;;;;;;ЛОЖЬ;ЛОЖЬ;;484;;;;;;;;10 ms;1;;40;ЛОЖЬ;0;;;;;;;;;;;;;;Undefined;491;3428;Delayed ON memorize with constant timer value;;;;;;;;;ЛОЖЬ;;;;;;;;;;;;;;;;;;;;;;;;;;;;;;;;;
DO;60HX549OP_B0;;COM;;;Bit 0;No;ЛОЖЬ;ЛОЖЬ;;634;;;;;;;0;;;;1786;ЛОЖЬ;0;None;;;;;;;;;;;;;Undefined;491;3428;;;;;;;;;;ЛОЖЬ;;;;;;;;;;;;;;;;;;Output;EPKS_UCB;FGS_551_1;934;;;;;;;;;;;;
DO;FGS_551_1.55XA601_1;;FSC;;;T.GD act. in PH-55-1-GDAP-U,F,G lamp;Yes;ЛОЖЬ;ЛОЖЬ;;466;;;;;;;0;;;;1088;ЛОЖЬ;0;None;;;;;;PULSE=ALARM;;;;;;;Undefined;491;3428;;;;;;;;;;ЛОЖЬ;;;;;;Output;FGS_002_1;FGS_551_1;31;;;;;;;;;;;;;;;;;;;;;;;;
M;C736_1_F;;;;;Function block marker;;ЛОЖЬ;ЛОЖЬ;;736;;;;;;;0;;;;94;ЛОЖЬ;0;;;;;;;;;;;;;;Undefined;;;;;;;;;;;;ЛОЖЬ;ИСТИНА;;;;;;;;;;;;;;;;;;;;;;;;;;;;;;;;
M;662_4;;;;;;;ЛОЖЬ;ЛОЖЬ;;662;;;;;;;0;;;;107;ЛОЖЬ;0;;;;;;;;;;;;;;Undefined;491;3428;;;;;;;;;;ЛОЖЬ;;;;;;;;;;;;;;;;;;;;;;;;;;;;;;;;;
DI;60GT315_MOR;;COM;;;MO REQUEST;No;ЛОЖЬ;ИСТИНА;;390;;;;;;;0;;;;3494;ЛОЖЬ;0;None;;;;;;1=REQUEST;;;;;;;Undefined;491;3428;;;;;;Freeze;;;;ЛОЖЬ;;;;ЛОЖЬ;;;;;;;;;;;;;;Input;EPKS_UCB;FGS_551_1;39;;;;;;;;;;;;
M;C706_1_E;;;;;Function block marker;;ЛОЖЬ;ЛОЖЬ;;706;;;;;;;0;;;;317;ЛОЖЬ;0;;;;;;;;;;;;;;Undefined;;;;;;;;;;;;ЛОЖЬ;ИСТИНА;;;;;;;;;;;;;;;;;;;;;;;;;;;;;;;;
M;C662_1_E;;;;;Function block marker;;ЛОЖЬ;ЛОЖЬ;;662;;;;;;;0;;;;2370;ЛОЖЬ;0;;;;;;;;;;;;;;Undefined;491;3428;;;;;;;;;;ЛОЖЬ;;;;;;;;;;;;;;;;;;;;;;;;;;;;;;;;;
T;528_1;;;;;;;ЛОЖЬ;ЛОЖЬ;;528;;;;;;;;100 ms;10;;296;ЛОЖЬ;0;;;;;;;;;;;;;;Undefined;491;3428;Pulse retriggerable with constant timer value;;;;;;;;;ЛОЖЬ;;;;;;;;;;;;;;;;;;;;;;;;;;;;;;;;;
M;354_850_1;;;;;AREA 6000-1-FL.GAS ALARM;;ЛОЖЬ;ЛОЖЬ;;850;;;;;;;0;;;;1401;ЛОЖЬ;0;;;;;;;PULSE=ALARM;;;;;;;Undefined;491;3428;;;;;;;;;;ЛОЖЬ;;;;;;;;;;;;;;;;;;;;;;;;;;;;;;;;;
BI;42-Month;;SYS;;;Month;No;ЛОЖЬ;;;23;;Byte;;;;;;;;;2;;0;;;;;;;;;0;0;;;;-XXXXX.X;491;3428;;;;;;;;;;ЛОЖЬ;;;;;;;;;;;;;;;;;;;;;;;;;;;;;;;;;
M;2462_E;;;;;1=cmdOPEN/cmdSTART;;ЛОЖЬ;ЛОЖЬ;;2462;;;;;;;0;;;;1661;ЛОЖЬ;0;;;;;;;;;;;;;;Undefined;491;3428;;;;;;;;;;ЛОЖЬ;;;;;;;;;;;;;;;;;;;;;;;;;;;;;;;;;
DO;60GT317_B0;;COM;;;Bit 0;No;ЛОЖЬ;ЛОЖЬ;;370;;;;;;;0;;;;922;ЛОЖЬ;0;None;;;;;;;;;;;;;Undefined;491;3428;;;;;;;;;;ЛОЖЬ;;;;;;;;;;;;;;;;;;Output;EPKS_UCB;FGS_551_1;812;;;;;;;;;;;;
DI;60XS550C_P;;COM;;;Ready for start signal В12А;No;ЛОЖЬ;ИСТИНА;;636;;;;;;;0;;;;1551;ЛОЖЬ;0;None;;;;;;1=READY;;;;;;;Undefined;491;3428;;;;;;Low;;;;ЛОЖЬ;;;;ЛОЖЬ;;;;;;;;;;;;;;;;;;;;;;;;;;Input;C300_UCB;FGS_551_1;16
M;C524_1_D;;;;;Function block marker;;ЛОЖЬ;ЛОЖЬ;;524;;;;;;;0;;;;2657;ЛОЖЬ;0;;;;;;;;;;;;;;Undefined;491;3428;;;;;;;;;;ЛОЖЬ;;;;;;;;;;;;;;;;;;;;;;;;;;;;;;;;;
M;C480_2_F;;;;;Compiler marker;;ЛОЖЬ;ЛОЖЬ;;480;;;;;;;0;;;;2771;ЛОЖЬ;0;;;;;;;;;;;;;;Undefined;491;3428;;;;;;;;;;ЛОЖЬ;;;;;;;;;;;;;;;;;;;;;;;;;;;;;;;;;
M;690_694_5;;;;;6050-2_TGD_C;;ЛОЖЬ;ЛОЖЬ;;694;;;;;;;0;;;;2240;ЛОЖЬ;0;;;;;;;PULSE=ALARM;;;;;;;Undefined;491;3428;;;;;;;;;;ЛОЖЬ;;;;;;;;;;;;;;;;;;;;;;;;;;;;;;;;;
M;464_484_1;;;;;55GA102/103_FL;;ЛОЖЬ;ЛОЖЬ;;484;;;;;;;0;;;;1805;ЛОЖЬ;0;;;;;;;0=ACTIVATED;;;;;;;Undefined;491;3428;;;;;;;;;;ЛОЖЬ;;;;;;;;;;;;;;;;;;;;;;;;;;;;;;;;;
M;618_3;;;;;;;ЛОЖЬ;ЛОЖЬ;;618;;;;;;;0;;;;2121;ЛОЖЬ;0;;;;;;;;;;;;;;Undefined;491;3428;;;;;;;;;;ЛОЖЬ;;;;;;;;;;;;;;;;;;;;;;;;;;;;;;;;;
T;2475_1;;;;;;;ЛОЖЬ;ЛОЖЬ;;2475;;;;;;;;1 s;30;;0;ЛОЖЬ;0;;;;;;;;;;;;;;Undefined;;;Delayed OFF with constant timer value;;;;;;;;;ЛОЖЬ;ИСТИНА;;;;;;;;;;;;;;;;;;;;;;;;;;;;;;;;
M;686_4;;;;;;;ЛОЖЬ;ЛОЖЬ;;686;;;;;;;0;;;;103;ЛОЖЬ;0;;;;;;;;;;;;;;Undefined;491;3428;;;;;;;;;;ЛОЖЬ;;;;;;;;;;;;;;;;;;;;;;;;;;;;;;;;;
DO;IB551_FGS1_T;;COM;672-20;;TEMPERATURE ALARM;No;ЛОЖЬ;ЛОЖЬ;;21;;;;;;;0;;;;335;ЛОЖЬ;0;None;;;;;;0=ALARM;;;;;;;Undefined;;;;;;;;;;;;ЛОЖЬ;ИСТИНА;;;;;;;;;;;;;;;;;Output;EPKS_UCB;FGS_551_1;469;;;;;;;;;;;;
DO;55GT107_B1;;COM;;;Bit 1;No;ЛОЖЬ;ЛОЖЬ;;524;;;;;;;0;;;;783;ЛОЖЬ;0;None;;;;;;;;;;;;;Undefined;491;3428;;;;;;;;;;ЛОЖЬ;;;;;;;;;;;;;;;;;;Output;EPKS_UCB;FGS_551_1;673;;;;;;;;;;;;
M;C486_1_O;;;;;Function block marker;;ЛОЖЬ;ЛОЖЬ;;486;;;;;;;0;;;;2702;ЛОЖЬ;0;;;;;;;;;;;;;;Undefined;491;3428;;;;;;;;;;ЛОЖЬ;;;;;;;;;;;;;;;;;;;;;;;;;;;;;;;;;
M;506_7;;;;;;;ЛОЖЬ;ЛОЖЬ;;506;;;;;;;0;;;;1873;ЛОЖЬ;0;;;;;;;;;;;;;;Undefined;491;3428;;;;;;;;;;ЛОЖЬ;;;;;;;;;;;;;;;;;;;;;;;;;;;;;;;;;
DO;55XA203F3;;FLD;;;Beacon Near V-5503;Yes;ИСТИНА;ЛОЖЬ;;336;;;;;;;0;;;;78;ИСТИНА;58109;None;;;;;;1=ON;;;;;;;Undefined;491;3428;;42.04;9;7;1;Appl;;;;ЛОЖЬ;;;;;;;;;;;;;;;;;;Output;EPKS_UCB;FGS_551_1;535;;;;;;;;;;;;
M;C582_1_C;;;;;Function block marker;;ЛОЖЬ;ЛОЖЬ;;582;;;;;;;0;;;;2537;ЛОЖЬ;0;;;;;;;;;;;;;;Undefined;491;3428;;;;;;;;;;ЛОЖЬ;;;;;;;;;;;;;;;;;;;;;;;;;;;;;;;;;
DO;60HX548AL_B0;;COM;;;Bit 0;No;ЛОЖЬ;ЛОЖЬ;;632;;;;;;;0;;;;1782;ЛОЖЬ;0;None;;;;;;;;;;;;;Undefined;491;3428;;;;;;;;;;ЛОЖЬ;;;;;;;;;;;;;;;;;;Output;EPKS_UCB;FGS_551_1;930;;;;;;;;;;;;
M;C486_1_L;;;;;Function block marker;;ЛОЖЬ;ЛОЖЬ;;486;;;;;;;0;;;;2699;ЛОЖЬ;0;;;;;;;;;;;;;;Undefined;491;3428;;;;;;;;;;ЛОЖЬ;;;;;;;;;;;;;;;;;;;;;;;;;;;;;;;;;
M;C482_2_I;;;;;Function block marker;;ЛОЖЬ;ЛОЖЬ;;482;;;;;;;0;;;;2751;ЛОЖЬ;0;;;;;;;;;;;;;;Undefined;491;3428;;;;;;;;;;ЛОЖЬ;;;;;;;;;;;;;;;;;;;;;;;;;;;;;;;;;
M;692_21;;;;;;;ЛОЖЬ;ЛОЖЬ;;692;;;;;;;0;;;;2245;ЛОЖЬ;0;;;;;;;;;;;;;;Undefined;491;3428;;;;;;;;;;ЛОЖЬ;;;;;;;;;;;;;;;;;;;;;;;;;;;;;;;;;
DO;55GT111_B0;;COM;;;Bit 0;No;ЛОЖЬ;ЛОЖЬ;;312;;;;;;;0;;;;892;ЛОЖЬ;0;None;;;;;;;;;;;;;Undefined;491;3428;;;;;;;;;;ЛОЖЬ;;;;;;;;;;;;;;;;;;Output;EPKS_UCB;FGS_551_1;778;;;;;;;;;;;;
DO;60GT106_MOC;;COM;;;MO CONFIRM;No;ЛОЖЬ;ЛОЖЬ;;564;;;;;;;0;;;;865;ИСТИНА;58250;None;;;;;;1=CONFIRMED;;;;;;;Undefined;491;3428;;;;;;;;;;ЛОЖЬ;;;;;;;;;;;;;;;;;;Output;EPKS_UCB;FGS_551_1;749;;;;;;;;;;;;
M;622_630_1;;;;;60XY555C/D_FL;;ЛОЖЬ;ЛОЖЬ;;630;;;;;;;0;;;;2125;ЛОЖЬ;0;;;;;;;0=cmdSTART;;;;;;;Undefined;491;3428;;;;;;;;;;ЛОЖЬ;;;;;;;;;;;;;;;;;;;;;;;;;;;;;;;;;
M;C622_2_F;;;;;Function block marker;;ЛОЖЬ;ЛОЖЬ;;622;;;;;;;0;;;;2488;ЛОЖЬ;0;;;;;;;;;;;;;;Undefined;491;3428;;;;;;;;;;ЛОЖЬ;;;;;;;;;;;;;;;;;;;;;;;;;;;;;;;;;
M;2440_H;;;;;0=Pre-Alarm;;ЛОЖЬ;ЛОЖЬ;;2440;;;;;;;0;;;;1509;ЛОЖЬ;0;;;;;;;;;;;;;;Undefined;491;3428;;;;;;;;;;ЛОЖЬ;;;;;;;;;;;;;;;;;;;;;;;;;;;;;;;;;
M;C588_2_E;;;;;Function block marker;;ЛОЖЬ;ЛОЖЬ;;588;;;;;;;0;;;;2524;ЛОЖЬ;0;;;;;;;;;;;;;;Undefined;491;3428;;;;;;;;;;ЛОЖЬ;;;;;;;;;;;;;;;;;;;;;;;;;;;;;;;;;
DI;60GT191_MOR;;COM;;;MO REQUEST;No;ЛОЖЬ;ИСТИНА;;734;;;;;;;0;;;;3544;ЛОЖЬ;0;None;;;;;;1=REQUEST;;;;;;;Undefined;;;;;;;;Freeze;;;;ЛОЖЬ;ИСТИНА;;;ЛОЖЬ;;;;;;;;;;;;;;Input;EPKS_UCB;FGS_551_1;89;;;;;;;;;;;;
DO;60GT309_MOC;;COM;;;MO CONFIRM;No;ЛОЖЬ;ЛОЖЬ;;660;;;;;;;0;;;;795;ИСТИНА;58223;None;;;;;;1=CONFIRMED;;;;;;;Undefined;491;3428;;;;;;;;;;ЛОЖЬ;;;;;;;;;;;;;;;;;;Output;EPKS_UCB;FGS_551_1;686;;;;;;;;;;;;
AI;55GT109;;FLD;;;H2 on outer installation 5500;Yes;ИСТИНА;ЛОЖЬ;;310;ЛОЖЬ;Long;0-20mA;0;3276;;;;;;136;ЛОЖЬ;58110;;None;None;None;None;;;;0;0;;;;-XXXXX.X;0;4095;;42.03;7;1;1;Bottom scale;;;;ЛОЖЬ;;ЛОЖЬ;;;;;;;;;;;;;;;;Output;EPKS_UCB;FGS_551_1;11153;;;;;;;;;;;;
M;616_640_2;;;;;AREA PH-60-1-T.GAS ALARM;;ЛОЖЬ;ЛОЖЬ;;640;;;;;;;0;;;;2053;ЛОЖЬ;0;;;;;;;0=ACTIVATED;;;;;;;Undefined;491;3428;;;;;;;;;;ЛОЖЬ;;;;;;;;;;;;;;;;;;;;;;;;;;;;;;;;;
M;C636_1_J;;;;;Function block marker;;ЛОЖЬ;ЛОЖЬ;;636;;;;;;;0;;;;2387;ЛОЖЬ;0;;;;;;;;;;;;;;Undefined;491;3428;;;;;;;;;;ЛОЖЬ;;;;;;;;;;;;;;;;;;;;;;;;;;;;;;;;;
M;584_586_3;;;;;60GA303_FL;;ЛОЖЬ;ЛОЖЬ;;586;;;;;;;0;;;;2039;ЛОЖЬ;0;;;;;;;0=ACTIVATED;;;;;;;Undefined;491;3428;;;;;;;;;;ЛОЖЬ;;;;;;;;;;;;;;;;;;;;;;;;;;;;;;;;;
M;C522_3_C;;;;;Function block marker;;ЛОЖЬ;ЛОЖЬ;;522;;;;;;;0;;;;2669;ЛОЖЬ;0;;;;;;;;;;;;;;Undefined;491;3428;;;;;;;;;;ЛОЖЬ;;;;;;;;;;;;;;;;;;;;;;;;;;;;;;;;;
M;468_3;;;;;;;ЛОЖЬ;ЛОЖЬ;;468;;;;;;;0;;;;1507;ЛОЖЬ;0;;;;;;;;;;;;;;Undefined;491;3428;;;;;;;;;;ЛОЖЬ;;;;;;;;;;;;;;;;;;;;;;;;;;;;;;;;;
M;C662_1_B;;;;;Function block marker;;ЛОЖЬ;ЛОЖЬ;;662;;;;;;;0;;;;2367;ЛОЖЬ;0;;;;;;;;;;;;;;Undefined;491;3428;;;;;;;;;;ЛОЖЬ;;;;;;;;;;;;;;;;;;;;;;;;;;;;;;;;;
DO;55GT105_B0;;COM;;;Bit 0;No;ЛОЖЬ;ЛОЖЬ;;504;;;;;;;0;;;;772;ЛОЖЬ;0;None;;;;;;;;;;;;;Undefined;491;3428;;;;;;;;;;ЛОЖЬ;;;;;;;;;;;;;;;;;;Output;EPKS_UCB;FGS_551_1;661;;;;;;;;;;;;
M;568_574_2;;;;;60GT108_RR;;ЛОЖЬ;ЛОЖЬ;;574;;;;;;;0;;;;1958;ЛОЖЬ;0;;;;;;;1=READY;;;;;;;Undefined;491;3428;;;;;;;;;;ЛОЖЬ;;;;;;;;;;;;;;;;;;;;;;;;;;;;;;;;;
M;C480_2_M;;;;;Function block marker;;ЛОЖЬ;ЛОЖЬ;;480;;;;;;;0;;;;2776;ЛОЖЬ;0;;;;;;;;;;;;;;Undefined;491;3428;;;;;;;;;;ЛОЖЬ;;;;;;;;;;;;;;;;;;;;;;;;;;;;;;;;;
M;2470_F;;;;;HORN (1=ON);;ЛОЖЬ;ЛОЖЬ;;2470;;;;;;;0;;;;187;ЛОЖЬ;0;;;;;;;;;;;;;;Undefined;;;;;;;;;;;;ЛОЖЬ;ИСТИНА;;;;;;;;;;;;;;;;;;;;;;;;;;;;;;;;
DI;60GT312_MOR;;COM;;;MO REQUEST;No;ЛОЖЬ;ИСТИНА;;686;;;;;;;0;;;;3472;ЛОЖЬ;0;None;;;;;;1=REQUEST;;;;;;;Undefined;491;3428;;;;;;Freeze;;;;ЛОЖЬ;;;;ЛОЖЬ;;;;;;;;;;;;;;Input;EPKS_UCB;FGS_551_1;17;;;;;;;;;;;;
M;C480_1_M;;;;;Function block marker;;ЛОЖЬ;ЛОЖЬ;;480;;;;;;;0;;;;2763;ЛОЖЬ;0;;;;;;;;;;;;;;Undefined;491;3428;;;;;;;;;;ЛОЖЬ;;;;;;;;;;;;;;;;;;;;;;;;;;;;;;;;;
T;526_1;;;;;;;ЛОЖЬ;ЛОЖЬ;;526;;;;;;;;100 ms;10;;308;ЛОЖЬ;0;;;;;;;;;;;;;;Undefined;;;Delayed ON with constant timer value;;;;;;;;;ЛОЖЬ;ИСТИНА;;;;;;;;;;;;;;;;;;;;;;;;;;;;;;;;
M;C332_4_C;;;;;Function block marker;;ЛОЖЬ;ЛОЖЬ;;332;;;;;;;0;;;;2897;ЛОЖЬ;0;;;;;;;;;;;;;;Undefined;491;3428;;;;;;;;;;ЛОЖЬ;;;;;;;;;;;;;;;;;;;;;;;;;;;;;;;;;
M;C460_4_D;;;;;Function block marker;;ЛОЖЬ;ЛОЖЬ;;460;;;;;;;0;;;;450;ЛОЖЬ;0;;;;;;;;;;;;;;Undefined;;;;;;;;;;;;ЛОЖЬ;ИСТИНА;;;;;;;;;;;;;;;;;;;;;;;;;;;;;;;;
M;C568_3_C;;;;;Function block marker;;ЛОЖЬ;ЛОЖЬ;;568;;;;;;;0;;;;2558;ЛОЖЬ;0;;;;;;;;;;;;;;Undefined;491;3428;;;;;;;;;;ЛОЖЬ;;;;;;;;;;;;;;;;;;;;;;;;;;;;;;;;;
M;C568_1_B;;;;;Function block marker;;ЛОЖЬ;ЛОЖЬ;;568;;;;;;;0;;;;2554;ЛОЖЬ;0;;;;;;;;;;;;;;Undefined;491;3428;;;;;;;;;;ЛОЖЬ;;;;;;;;;;;;;;;;;;;;;;;;;;;;;;;;;
M;2465_E;;;;;      ????;;ЛОЖЬ;ЛОЖЬ;;2465;;;;;;;0;;;;204;ЛОЖЬ;0;;;;;;;;;;;;;;Undefined;;;;;;;;;;;;ЛОЖЬ;ИСТИНА;;;;;;;;;;;;;;;;;;;;;;;;;;;;;;;;
T;310_2;;;;;;;ЛОЖЬ;ЛОЖЬ;;310;;;;;;;;100 ms;10;;84;ЛОЖЬ;0;;;;;;;;;;;;;;Undefined;;;Delayed ON with constant timer value;;;;;;;;;ЛОЖЬ;ИСТИНА;;;;;;;;;;;;;;;;;;;;;;;;;;;;;;;;
M;634_7;;;;;;;ЛОЖЬ;ЛОЖЬ;;634;;;;;;;0;;;;1408;ЛОЖЬ;0;;;;;;;;;;;;;;Undefined;491;3428;;;;;;;;;;ЛОЖЬ;;;;;;;;;;;;;;;;;;;;;;;;;;;;;;;;;
M;2475_1;;;;;;;ЛОЖЬ;ЛОЖЬ;;2475;;;;;;;0;;;;326;ЛОЖЬ;0;;;;;;;;;;;;;;Undefined;;;;;;;;;;;;ЛОЖЬ;ИСТИНА;;;;;;;;;;;;;;;;;;;;;;;;;;;;;;;;
T;484_1;;;;;;;ЛОЖЬ;ЛОЖЬ;;484;;;;;;;;100 ms;50;;252;ЛОЖЬ;0;;;;;;;;;;;;;;Undefined;491;3428;Pulse retriggerable with constant timer value;;;;;;;;;ЛОЖЬ;;;;;;;;;;;;;;;;;;;;;;;;;;;;;;;;;
BI;42-Year;;SYS;;;Year;No;ЛОЖЬ;;;23;;Word;;;;;;;;;0;;0;;;;;;;;;0;0;;;;-XXXXX.X;491;3428;;;;;;;;;;ЛОЖЬ;;;;;;;;;;;;;;;;;;;;;;;;;;;;;;;;;
DI;42-ForcesActive;;SYS;;;Forces Active;Yes;ЛОЖЬ;;;21;;;;;;;;;;;23;ЛОЖЬ;0;None;;;;;;1=ACTIVE;;;;;;;Undefined;491;3428;;;;;;;;;;ЛОЖЬ;;;;ЛОЖЬ;;;;;;;;;;;;;;Output;EPKS_UCB;FGS_551_1;625;;;;;;;;;;;;
M;C708_1_C;;;;;Function block marker;;ЛОЖЬ;ЛОЖЬ;;708;;;;;;;0;;;;305;ЛОЖЬ;0;;;;;;;;;;;;;;Undefined;;;;;;;;;;;;ЛОЖЬ;ИСТИНА;;;;;;;;;;;;;;;;;;;;;;;;;;;;;;;;
M;C310_2_E;;;;;Function block marker;;ЛОЖЬ;ЛОЖЬ;;310;;;;;;;0;;;;2928;ЛОЖЬ;0;;;;;;;;;;;;;;Undefined;491;3428;;;;;;;;;;ЛОЖЬ;;;;;;;;;;;;;;;;;;;;;;;;;;;;;;;;;
DO;55GT112_B0;;COM;;;Bit 0;No;ЛОЖЬ;ЛОЖЬ;;332;;;;;;;0;;;;902;ЛОЖЬ;0;None;;;;;;;;;;;;;Undefined;491;3428;;;;;;;;;;ЛОЖЬ;;;;;;;;;;;;;;;;;;Output;EPKS_UCB;FGS_551_1;789;;;;;;;;;;;;
DI;60GT311_MOR;;COM;;;MO REQUEST;No;ЛОЖЬ;ИСТИНА;;664;;;;;;;0;;;;3468;ЛОЖЬ;0;None;;;;;;1=REQUEST;;;;;;;Undefined;491;3428;;;;;;Freeze;;;;ЛОЖЬ;;;;ЛОЖЬ;;;;;;;;;;;;;;Input;EPKS_UCB;FGS_551_1;13;;;;;;;;;;;;
M;C682_1_E;;;;;Function block marker;;ЛОЖЬ;ЛОЖЬ;;682;;;;;;;0;;;;2347;ЛОЖЬ;0;;;;;;;;;;;;;;Undefined;491;3428;;;;;;;;;;ЛОЖЬ;;;;;;;;;;;;;;;;;;;;;;;;;;;;;;;;;
AI;60GT310;;FLD;;;H2S in air of outer installation 6050;Yes;ИСТИНА;ЛОЖЬ;;662;ЛОЖЬ;Long;0-20mA;0;3276;;;;;;32;ЛОЖЬ;58111;;None;None;None;None;;;;0;0;;;;-XXXXX.X;0;4095;;42.03;3;9;1;Bottom scale;;;;ЛОЖЬ;;ЛОЖЬ;;;;;;;;;;;;;;;;Output;EPKS_UCB;FGS_551_1;11057;;;;;;;;;;;;
DI;60HS101A;;FLD;;;Horn 60XA101 testing;No;ИСТИНА;ЛОЖЬ;;552;;;;;;;;;;;93;ИСТИНА;58112;None;;;;;;1=ON;;;;;;;Undefined;491;3428;;42.03;11;6;1;Low;;Digital switch without loop monitoring;;ЛОЖЬ;;;;ЛОЖЬ;;;;;;;;;;;;;;Output;EPKS_UCB;FGS_551_1;454;;;;;;;;;;;;
T;616_1;;;;;;;ЛОЖЬ;ЛОЖЬ;;616;;;;;;;;100 ms;10;;440;ЛОЖЬ;0;;;;;;;;;;;;;;Undefined;491;3428;Pulse retriggerable with constant timer value;;;;;;;;;ЛОЖЬ;;;;;;;;;;;;;;;;;;;;;;;;;;;;;;;;;
M;C570_1;;;;;Compiler marker (256, 61);;ЛОЖЬ;ЛОЖЬ;;570;;;;;;;0;;;;2284;ЛОЖЬ;0;;;;;;;;;;;;;;Undefined;491;3428;;;;;;;;;;ЛОЖЬ;;;;;;;;;;;;;;;;;;;;;;;;;;;;;;;;;
DO;60HX550_MD;;COM;;;FAN MODE;No;ЛОЖЬ;ЛОЖЬ;;636;;;;;;;0;;;;1795;ЛОЖЬ;0;None;;;;;;1=AUTO;;;;;;;Undefined;491;3428;;;;;;;;;;ЛОЖЬ;;;;;;;;;;;;;;;;;;Output;EPKS_UCB;FGS_551_1;943;;;;;;;;;;;;
M;484_6;;;;;;;ЛОЖЬ;ЛОЖЬ;;484;;;;;;;0;;;;1820;ЛОЖЬ;0;;;;;;;;;;;;;;Undefined;491;3428;;;;;;;;;;ЛОЖЬ;;;;;;;;;;;;;;;;;;;;;;;;;;;;;;;;;
M;2465_C;;;;;      ????;;ЛОЖЬ;ЛОЖЬ;;2465;;;;;;;0;;;;201;ЛОЖЬ;0;;;;;;;;;;;;;;Undefined;;;;;;;;;;;;ЛОЖЬ;ИСТИНА;;;;;;;;;;;;;;;;;;;;;;;;;;;;;;;;
M;C1000_3_E;;;;;Function block marker;;ЛОЖЬ;ЛОЖЬ;;1000;;;;;;;0;;;;325;ЛОЖЬ;0;;;;;;;;;;;;;;Undefined;;;;;;;;;;;;ЛОЖЬ;ИСТИНА;;;;;;;;;;;;;;;;;;;;;;;;;;;;;;;;
DI;55HS203E;;COM;;;RESET 5500-2-FLAMMABLE GAS;No;ЛОЖЬ;ИСТИНА;;320;;;;;;;0;;;;3490;ИСТИНА;58186;None;;;;;;1=RESET;;;;;;;Undefined;491;3428;;;;;;Low;;;;ЛОЖЬ;;;;ЛОЖЬ;;;;;;;;;;;;;;Input;EPKS_UCB;FGS_551_1;35;;;;;;;;;;;;
DI;60HS202A3;;FLD;;;Testing toxic gas beacon and Horn - pump room;No;ИСТИНА;ЛОЖЬ;;620;;;;;;;;;;;50;ИСТИНА;58114;None;;;;;;1=ON;;;;;;;Undefined;491;3428;;42.03;9;11;1;Low;;Digital switch without loop monitoring;;ЛОЖЬ;;;;ЛОЖЬ;;;;;;;;;;;;;;Output;EPKS_UCB;FGS_551_1;443;;;;;;;;;;;;
M;C350_4_C;;;;;Function block marker;;ЛОЖЬ;ЛОЖЬ;;350;;;;;;;0;;;;2884;ЛОЖЬ;0;;;;;;;;;;;;;;Undefined;491;3428;;;;;;;;;;ЛОЖЬ;;;;;;;;;;;;;;;;;;;;;;;;;;;;;;;;;
DO;61GT902_B0;;COM;;;Bit 0;No;ЛОЖЬ;ЛОЖЬ;;706;;;;;;;0;;;;47;ЛОЖЬ;0;None;;;;;;;;;;;;;Undefined;;;;;;;;;;;;ЛОЖЬ;ИСТИНА;;;;;;;;;;;;;;;;;Output;EPKS_UCB;FGS_551_1;583;;;;;;;;;;;;
DI;42-ExtComFaultCC6;;SYS;;;Ext com fault Com ch 6;Yes;ЛОЖЬ;;;20;;;;;;;;;;;11;ЛОЖЬ;0;None;;;;;;1=NORMAL;;;;;;;Undefined;491;3428;;;;;;;;;;ЛОЖЬ;;;;ЛОЖЬ;;;;;;;;;;;;;;Output;EPKS_UCB;FGS_551_1;610;;;;;;;;;;;;
M;C332_1_E;;;;;Function block marker;;ЛОЖЬ;ЛОЖЬ;;332;;;;;;;0;;;;2895;ЛОЖЬ;0;;;;;;;;;;;;;;Undefined;491;3428;;;;;;;;;;ЛОЖЬ;;;;;;;;;;;;;;;;;;;;;;;;;;;;;;;;;
DO;61GT903_MOC;;COM;;;MO CONFIRM;No;ЛОЖЬ;ЛОЖЬ;;708;;;;;;;0;;;;56;ИСТИНА;58026;None;;;;;;1=CONFIRMED;;;;;;;Undefined;;;;;;;;;;;;ЛОЖЬ;ИСТИНА;;;;;;;;;;;;;;;;;Output;EPKS_UCB;FGS_551_1;477;;;;;;;;;;;;
T;522_1;;;;;;;ЛОЖЬ;ЛОЖЬ;;522;;;;;;;;100 ms;10;;300;ЛОЖЬ;0;;;;;;;;;;;;;;Undefined;;;Delayed ON with constant timer value;;;;;;;;;ЛОЖЬ;ИСТИНА;;;;;;;;;;;;;;;;;;;;;;;;;;;;;;;;
DO;60XA205T2;;FLD;;;Horn Near H-6052;Yes;ИСТИНА;ЛОЖЬ;;588;;;;;;;0;;;;40;ИСТИНА;58115;None;;;;;;1=ON;;;;;;;Undefined;491;3428;;42.04;5;1;1;Appl;;;;ЛОЖЬ;;;;;;;;;;;;;;;;;;Output;EPKS_UCB;FGS_551_1;513;;;;;;;;;;;;
M;C524_1_B;;;;;Function block marker;;ЛОЖЬ;ЛОЖЬ;;524;;;;;;;0;;;;2655;ЛОЖЬ;0;;;;;;;;;;;;;;Undefined;491;3428;;;;;;;;;;ЛОЖЬ;;;;;;;;;;;;;;;;;;;;;;;;;;;;;;;;;
M;2407_B;;;;;0=LINE FAULT;;ЛОЖЬ;ЛОЖЬ;;2407;;;;;;;0;;;;1473;ЛОЖЬ;0;;;;;;;;;;;;;;Undefined;491;3428;;;;;;;;;;ЛОЖЬ;;;;;;;;;;;;;;;;;;;;;;;;;;;;;;;;;
M;650_700_1;;;;;Ack gas area 672-20;;ЛОЖЬ;ЛОЖЬ;;700;;;;;;;0;;;;197;ЛОЖЬ;0;;;;;;;1=ACK;;;;;;;Undefined;;;;;;;;;;;;ЛОЖЬ;ИСТИНА;;;;;;;;;;;;;;;;;;;;;;;;;;;;;;;;
M;C708_1_E;;;;;Function block marker;;ЛОЖЬ;ЛОЖЬ;;708;;;;;;;0;;;;307;ЛОЖЬ;0;;;;;;;;;;;;;;Undefined;;;;;;;;;;;;ЛОЖЬ;ИСТИНА;;;;;;;;;;;;;;;;;;;;;;;;;;;;;;;;
M;380_694_1;;;;;Ack gas area 672-20;;ЛОЖЬ;ЛОЖЬ;;694;;;;;;;0;;;;2250;ЛОЖЬ;0;;;;;;;1=ACK;;;;;;;Undefined;491;3428;;;;;;;;;;ЛОЖЬ;;;;;;;;;;;;;;;;;;;;;;;;;;;;;;;;;
T;506_3;;;;;;;ЛОЖЬ;ЛОЖЬ;;506;;;;;;;;100 ms;10;;168;ЛОЖЬ;0;;;;;;;;;;;;;;Undefined;491;3428;Pulse retriggerable with constant timer value;;;;;;;;;ЛОЖЬ;;;;;;;;;;;;;;;;;;;;;;;;;;;;;;;;;
M;528_530_2;;;;;AREA 5500-2-T.GAS ALARM;;ЛОЖЬ;ЛОЖЬ;;530;;;;;;;0;;;;1349;ЛОЖЬ;0;;;;;;;0=ACTIVATED;;;;;;;Undefined;491;3428;;;;;;;;;;ЛОЖЬ;;;;;;;;;;;;;;;;;;;;;;;;;;;;;;;;;
M;374_4;;;;;;;ЛОЖЬ;ЛОЖЬ;;374;;;;;;;0;;;;1405;ЛОЖЬ;0;;;;;;;;;;;;;;Undefined;491;3428;;;;;;;;;;ЛОЖЬ;;;;;;;;;;;;;;;;;;;;;;;;;;;;;;;;;
M;2404_B;;;;;      ????;;ЛОЖЬ;ЛОЖЬ;;2404;;;;;;;0;;;;199;ЛОЖЬ;0;;;;;;;;;;;;;;Undefined;;;;;;;;;;;;ЛОЖЬ;ИСТИНА;;;;;;;;;;;;;;;;;;;;;;;;;;;;;;;;
T;572_7;;;;;;;ЛОЖЬ;ЛОЖЬ;;572;;;;;;;;1 s;30;;288;ЛОЖЬ;0;;;;;;;;;;;;;;Undefined;491;3428;Delayed OFF with constant timer value;;;;;;;;;ЛОЖЬ;;;;;;;;;;;;;;;;;;;;;;;;;;;;;;;;;
DI;60XS550_P;;COM;;;work alarm В12А;No;ЛОЖЬ;ИСТИНА;;636;;;;;;;0;;;;1550;ЛОЖЬ;0;None;;;;;;1=RUNNING;;;;;;;Undefined;491;3428;;;;;;Low;;;;ЛОЖЬ;;;;ЛОЖЬ;;;;;;;;;;;;;;;;;;;;;;;;;;Input;C300_UCB;FGS_551_1;15
M;C634_2_I;;;;;Function block marker;;ЛОЖЬ;ЛОЖЬ;;634;;;;;;;0;;;;2420;ЛОЖЬ;0;;;;;;;;;;;;;;Undefined;491;3428;;;;;;;;;;ЛОЖЬ;;;;;;;;;;;;;;;;;;;;;;;;;;;;;;;;;
AI;60GT315;;FLD;;;CH4 at ext. inst. 6050;Yes;ИСТИНА;ЛОЖЬ;;390;ЛОЖЬ;Long;0-20mA;0;3276;;;;;;152;ЛОЖЬ;58116;;None;None;None;None;;;;0;0;;;;-XXXXX.X;0;4095;;42.03;7;5;1;Bottom scale;;;;ЛОЖЬ;;ЛОЖЬ;;;;;;;;;;;;;;;;Output;EPKS_UCB;FGS_551_1;11169;;;;;;;;;;;;
T;508_1;;;;;;;ЛОЖЬ;ЛОЖЬ;;508;;;;;;;;1 s;30;;168;ЛОЖЬ;0;;;;;;;;;;;;;;Undefined;491;3428;Delayed OFF with constant timer value;;;;;;;;;ЛОЖЬ;;;;;;;;;;;;;;;;;;;;;;;;;;;;;;;;;
M;2407_D;;;;;0=HIGH ALARM;;ЛОЖЬ;ЛОЖЬ;;2407;;;;;;;0;;;;1488;ЛОЖЬ;0;;;;;;;;;;;;;;Undefined;491;3428;;;;;;;;;;ЛОЖЬ;;;;;;;;;;;;;;;;;;;;;;;;;;;;;;;;;
M;C630_2_3;;;;;Function block marker;;ЛОЖЬ;ЛОЖЬ;;630;;;;;;;0;;;;2469;ЛОЖЬ;0;;;;;;;;;;;;;;Undefined;491;3428;;;;;;;;;;ЛОЖЬ;;;;;;;;;;;;;;;;;;;;;;;;;;;;;;;;;
M;C2462_9;;;;;Compiler marker (208, 288);;ЛОЖЬ;ЛОЖЬ;;2462;;;;;;;0;;;;1024;ЛОЖЬ;0;;;;;;;;;;;;;;Undefined;491;3428;;;;;;;;;;ЛОЖЬ;;;;;;;;;;;;;;;;;;;;;;;;;;;;;;;;;
M;394_850_1;;;;;AREA 6050-2-FL.GAS ALARM;;ЛОЖЬ;ЛОЖЬ;;850;;;;;;;0;;;;2274;ЛОЖЬ;0;;;;;;;PULSE=ALARM;;;;;;;Undefined;491;3428;;;;;;;;;;ЛОЖЬ;;;;;;;;;;;;;;;;;;;;;;;;;;;;;;;;;
M;480_1;;;;;;;ЛОЖЬ;ЛОЖЬ;;480;;;;;;;0;;;;128;ЛОЖЬ;0;;;;;;;;;;;;;;Undefined;491;3428;;;;;;;;;;ЛОЖЬ;;;;;;;;;;;;;;;;;;;;;;;;;;;;;;;;;
T;692_5;;;;;;;ЛОЖЬ;ЛОЖЬ;;692;;;;;;;;1 s;30;;304;ЛОЖЬ;0;;;;;;;;;;;;;;Undefined;491;3428;Delayed OFF with constant timer value;;;;;;;;;ЛОЖЬ;;;;;;;;;;;;;;;;;;;;;;;;;;;;;;;;;
M;C562_2_H;;;;;Function block marker;;ЛОЖЬ;ЛОЖЬ;;562;;;;;;;0;;;;2592;ЛОЖЬ;0;;;;;;;;;;;;;;Undefined;491;3428;;;;;;;;;;ЛОЖЬ;;;;;;;;;;;;;;;;;;;;;;;;;;;;;;;;;
DI;60HS547A;;COM;;;DCS START;No;ЛОЖЬ;ИСТИНА;;630;;;;;;;0;;;;3534;ЛОЖЬ;0;None;;;;;;1=DCScmdSTART;;;;;;;Undefined;491;3428;;;;;;Low;;;;ЛОЖЬ;;;;ЛОЖЬ;;;;;;;;;;;;;;Input;EPKS_UCB;FGS_551_1;79;;;;;;;;;;;;
M;C372_1_E;;;;;Function block marker;;ЛОЖЬ;ЛОЖЬ;;372;;;;;;;0;;;;2860;ЛОЖЬ;0;;;;;;;;;;;;;;Undefined;491;3428;;;;;;;;;;ЛОЖЬ;;;;;;;;;;;;;;;;;;;;;;;;;;;;;;;;;
M;C526_2_F;;;;;Function block marker;;ЛОЖЬ;ЛОЖЬ;;526;;;;;;;0;;;;2651;ЛОЖЬ;0;;;;;;;;;;;;;;Undefined;491;3428;;;;;;;;;;ЛОЖЬ;;;;;;;;;;;;;;;;;;;;;;;;;;;;;;;;;
M;630_7;;;;;;;ЛОЖЬ;ЛОЖЬ;;630;;;;;;;0;;;;1287;ЛОЖЬ;0;;;;;;;;;;;;;;Undefined;491;3428;;;;;;;;;;ЛОЖЬ;;;;;;;;;;;;;;;;;;;;;;;;;;;;;;;;;
M;2462_2;;;;;;;ЛОЖЬ;ЛОЖЬ;;2462;;;;;;;0;;;;1528;ЛОЖЬ;0;;;;;;;;;;;;;;Undefined;491;3428;;;;;;;;;;ЛОЖЬ;;;;;;;;;;;;;;;;;;;;;;;;;;;;;;;;;
M;C482_2_B;;;;;Compiler marker;;ЛОЖЬ;ЛОЖЬ;;482;;;;;;;0;;;;2748;ЛОЖЬ;0;;;;;;;;;;;;;;Undefined;491;3428;;;;;;;;;;ЛОЖЬ;;;;;;;;;;;;;;;;;;;;;;;;;;;;;;;;;
M;C330_3_F;;;;;Function block marker;;ЛОЖЬ;ЛОЖЬ;;330;;;;;;;0;;;;2909;ЛОЖЬ;0;;;;;;;;;;;;;;Undefined;491;3428;;;;;;;;;;ЛОЖЬ;;;;;;;;;;;;;;;;;;;;;;;;;;;;;;;;;
DI;60HS547B;;COM;;;DCS STOP;No;ЛОЖЬ;ИСТИНА;;630;;;;;;;0;;;;3535;ЛОЖЬ;0;None;;;;;;1=DCScmdSTOP;;;;;;;Undefined;491;3428;;;;;;Low;;;;ЛОЖЬ;;;;ЛОЖЬ;;;;;;;;;;;;;;Input;EPKS_UCB;FGS_551_1;80;;;;;;;;;;;;
M;706_710_1;;;;;61GA902_FL;;ЛОЖЬ;ЛОЖЬ;;710;;;;;;;0;;;;277;ЛОЖЬ;0;;;;;;;0=ACTIVATED;;;;;;;Undefined;;;;;;;;;;;;ЛОЖЬ;ИСТИНА;;;;;;;;;;;;;;;;;;;;;;;;;;;;;;;;
DO;55XA203F4;;FLD;;;Horn Near V-5503;Yes;ИСТИНА;ЛОЖЬ;;336;;;;;;;0;;;;14;ИСТИНА;58118;None;;;;;;1=ON;;;;;;;Undefined;491;3428;;42.04;1;7;1;Appl;;;;ЛОЖЬ;;;;;;;;;;;;;;;;;;Output;EPKS_UCB;FGS_551_1;503;;;;;;;;;;;;
M;C630_2_E;;;;;Compiler marker;;ЛОЖЬ;ЛОЖЬ;;630;;;;;;;0;;;;2460;ЛОЖЬ;0;;;;;;;;;;;;;;Undefined;491;3428;;;;;;;;;;ЛОЖЬ;;;;;;;;;;;;;;;;;;;;;;;;;;;;;;;;;
M;300_508_1;;;;;55_60HS202G;;ЛОЖЬ;ЛОЖЬ;;508;;;;;;;0;;;;1867;ЛОЖЬ;0;;;;;;;1=ACK;;;;;;;Undefined;491;3428;;;;;;;;;;ЛОЖЬ;;;;;;;;;;;;;;;;;;;;;;;;;;;;;;;;;
DO;60XA201T2;;FLD;;;Horn Near Е-6056;Yes;ИСТИНА;ЛОЖЬ;;668;;;;;;;0;;;;24;ИСТИНА;58119;None;;;;;;1=ON;;;;;;;Undefined;491;3428;;42.04;3;1;1;Appl;;;;ЛОЖЬ;;;;;;;;;;;;;;;;;;Output;EPKS_UCB;FGS_551_1;505;;;;;;;;;;;;
T;482_7;;;;;;;ЛОЖЬ;ЛОЖЬ;;482;;;;;;;;1 s;0;;148;ЛОЖЬ;0;;;;;;;;;;;;;;Undefined;491;3428;Delayed ON memorize with variable timer value;;;;;;;;;ЛОЖЬ;;;;;;;;;;;;;;;;;;;;;;;;;;;;;;;;;
M;316_3;;;;;;;ЛОЖЬ;ЛОЖЬ;;316;;;;;;;0;;;;1373;ЛОЖЬ;0;;;;;;;;;;;;;;Undefined;491;3428;;;;;;;;;;ЛОЖЬ;;;;;;;;;;;;;;;;;;;;;;;;;;;;;;;;;
M;C682_1_D;;;;;Function block marker;;ЛОЖЬ;ЛОЖЬ;;682;;;;;;;0;;;;2346;ЛОЖЬ;0;;;;;;;;;;;;;;Undefined;491;3428;;;;;;;;;;ЛОЖЬ;;;;;;;;;;;;;;;;;;;;;;;;;;;;;;;;;
M;C664_3_C;;;;;Function block marker;;ЛОЖЬ;ЛОЖЬ;;664;;;;;;;0;;;;2362;ЛОЖЬ;0;;;;;;;;;;;;;;Undefined;491;3428;;;;;;;;;;ЛОЖЬ;;;;;;;;;;;;;;;;;;;;;;;;;;;;;;;;;
DI;60HS548A;;COM;;;DCS START;No;ЛОЖЬ;ИСТИНА;;632;;;;;;;0;;;;3536;ЛОЖЬ;0;None;;;;;;1=DCScmdSTART;;;;;;;Undefined;491;3428;;;;;;Low;;;;ЛОЖЬ;;;;ЛОЖЬ;;;;;;;;;;;;;;Input;EPKS_UCB;FGS_551_1;81;;;;;;;;;;;;
M;C616_1;;;;;Compiler marker (256, 49);;ЛОЖЬ;ЛОЖЬ;;616;;;;;;;0;;;;437;ЛОЖЬ;0;;;;;;;;;;;;;;Undefined;;;;;;;;;;;;ЛОЖЬ;ИСТИНА;;;;;;;;;;;;;;;;;;;;;;;;;;;;;;;;
M;C634_2_2;;;;;Function block marker;;ЛОЖЬ;ЛОЖЬ;;634;;;;;;;0;;;;2426;ЛОЖЬ;0;;;;;;;;;;;;;;Undefined;491;3428;;;;;;;;;;ЛОЖЬ;;;;;;;;;;;;;;;;;;;;;;;;;;;;;;;;;
T;584_1;;;;;;;ЛОЖЬ;ЛОЖЬ;;584;;;;;;;;100 ms;10;;388;ЛОЖЬ;0;;;;;;;;;;;;;;Undefined;;;Delayed ON with constant timer value;;;;;;;;;ЛОЖЬ;ИСТИНА;;;;;;;;;;;;;;;;;;;;;;;;;;;;;;;;
M;690_2;;;;;;;ЛОЖЬ;ЛОЖЬ;;690;;;;;;;0;;;;2226;ЛОЖЬ;0;;;;;;;;;;;;;;Undefined;491;3428;;;;;;;;;;ЛОЖЬ;;;;;;;;;;;;;;;;;;;;;;;;;;;;;;;;;
M;C472_2_D;;;;;Function block marker;;ЛОЖЬ;ЛОЖЬ;;472;;;;;;;0;;;;2795;ЛОЖЬ;0;;;;;;;;;;;;;;Undefined;491;3428;;;;;;;;;;ЛОЖЬ;;;;;;;;;;;;;;;;;;;;;;;;;;;;;;;;;
DI;60HS206A;;FLD;;;Beacon testing toxic gas Hornnear  V-6006;No;ИСТИНА;ЛОЖЬ;;572;;;;;;;;;;;92;ИСТИНА;58120;None;;;;;;1=ON;;;;;;;Undefined;491;3428;;42.03;11;5;1;Low;;Digital switch without loop monitoring;;ЛОЖЬ;;;;ЛОЖЬ;;;;;;;;;;;;;;Output;EPKS_UCB;FGS_551_1;453;;;;;;;;;;;;
DO;61GT903_B2;;COM;;;Bit 2;No;ЛОЖЬ;ЛОЖЬ;;708;;;;;;;0;;;;55;ЛОЖЬ;0;None;;;;;;;;;;;;;Undefined;;;;;;;;;;;;ЛОЖЬ;ИСТИНА;;;;;;;;;;;;;;;;;Output;EPKS_UCB;FGS_551_1;476;;;;;;;;;;;;
DO;60GT105_MOC;;COM;;;MO CONFIRM;No;ЛОЖЬ;ЛОЖЬ;;548;;;;;;;0;;;;850;ИСТИНА;58243;None;;;;;;1=CONFIRMED;;;;;;;Undefined;491;3428;;;;;;;;;;ЛОЖЬ;;;;;;;;;;;;;;;;;;Output;EPKS_UCB;FGS_551_1;733;;;;;;;;;;;;
M;2463_1;;;;;;;ЛОЖЬ;ЛОЖЬ;;2463;;;;;;;0;;;;118;ЛОЖЬ;0;;;;;;;;;;;;;;Undefined;491;3428;;;;;;;;;;ЛОЖЬ;;;;;;;;;;;;;;;;;;;;;;;;;;;;;;;;;
DO;60GT310_B2;;COM;;;Bit 2;No;ЛОЖЬ;ЛОЖЬ;;662;;;;;;;0;;;;799;ЛОЖЬ;0;None;;;;;;;;;;;;;Undefined;491;3428;;;;;;;;;;ЛОЖЬ;;;;;;;;;;;;;;;;;;Output;EPKS_UCB;FGS_551_1;690;;;;;;;;;;;;
DO;60XA206T1;;FLD;;;Beacon Near V-6006;Yes;ИСТИНА;ЛОЖЬ;;572;;;;;;;0;;;;106;ИСТИНА;58121;None;;;;;;1=ON;;;;;;;Undefined;491;3428;;42.04;13;3;1;Appl;;;;ЛОЖЬ;;;;;;;;;;;;;;;;;;Output;EPKS_UCB;FGS_551_1;547;;;;;;;;;;;;
M;C332_2_H;;;;;Function block marker;;ЛОЖЬ;ЛОЖЬ;;332;;;;;;;0;;;;2901;ЛОЖЬ;0;;;;;;;;;;;;;;Undefined;491;3428;;;;;;;;;;ЛОЖЬ;;;;;;;;;;;;;;;;;;;;;;;;;;;;;;;;;
DO;55GT105_MOC;;COM;;;MO CONFIRM;No;ЛОЖЬ;ЛОЖЬ;;504;;;;;;;0;;;;775;ИСТИНА;58213;None;;;;;;1=CONFIRMED;;;;;;;Undefined;491;3428;;;;;;;;;;ЛОЖЬ;;;;;;;;;;;;;;;;;;Output;EPKS_UCB;FGS_551_1;664;;;;;;;;;;;;
DI;60XS547_P;;COM;;;work alarm В9А;No;ЛОЖЬ;ИСТИНА;;630;;;;;;;0;;;;1544;ЛОЖЬ;0;None;;;;;;1=RUNNING;;;;;;;Undefined;491;3428;;;;;;Low;;;;ЛОЖЬ;;;;ЛОЖЬ;;;;;;;;;;;;;;;;;;;;;;;;;;Input;C300_UCB;FGS_551_1;9
DO;60GA110;;COM;;;TRIP INITIATOR-Flammable gas;No;ЛОЖЬ;ЛОЖЬ;;350;;;;;;;1;;;;921;ИСТИНА;58280;None;;;;;;1=NORMAL;;;;;;;Undefined;491;3428;;;;;;;;;;ЛОЖЬ;;;;;;;;;;;;;;;;;;Output;EPKS_UCB;FGS_551_1;810;;;;;;;;;;;;
M;312_314_3;;;;;55GA111_FL;;ЛОЖЬ;ЛОЖЬ;;314;;;;;;;0;;;;1363;ЛОЖЬ;0;;;;;;;0=ACTIVATED;;;;;;;Undefined;491;3428;;;;;;;;;;ЛОЖЬ;;;;;;;;;;;;;;;;;;;;;;;;;;;;;;;;;
M;C542_3_D;;;;;Function block marker;;ЛОЖЬ;ЛОЖЬ;;542;;;;;;;0;;;;2636;ЛОЖЬ;0;;;;;;;;;;;;;;Undefined;491;3428;;;;;;;;;;ЛОЖЬ;;;;;;;;;;;;;;;;;;;;;;;;;;;;;;;;;
M;468_6;;;;;;;ЛОЖЬ;ЛОЖЬ;;468;;;;;;;0;;;;1505;ЛОЖЬ;0;;;;;;;;;;;;;;Undefined;491;3428;;;;;;;;;;ЛОЖЬ;;;;;;;;;;;;;;;;;;;;;;;;;;;;;;;;;
M;650_664_2;;;;;60HS201D;;ЛОЖЬ;ЛОЖЬ;;664;;;;;;;0;;;;2183;ЛОЖЬ;0;;;;;;;1=RESET;;;;;;;Undefined;491;3428;;;;;;;;;;ЛОЖЬ;;;;;;;;;;;;;;;;;;;;;;;;;;;;;;;;;
DI;55GT104_MOR;;COM;;;MO REQUEST;No;ЛОЖЬ;ИСТИНА;;502;;;;;;;0;;;;3459;ЛОЖЬ;0;None;;;;;;1=REQUEST;;;;;;;Undefined;491;3428;;;;;;Freeze;;;;ЛОЖЬ;;;;ЛОЖЬ;;;;;;;;;;;;;;Input;EPKS_UCB;FGS_551_1;4;;;;;;;;;;;;
M;C552_2_D;;;;;Compiler marker;;ЛОЖЬ;ЛОЖЬ;;552;;;;;;;0;;;;2595;ЛОЖЬ;0;;;;;;;;;;;;;;Undefined;491;3428;;;;;;;;;;ЛОЖЬ;;;;;;;;;;;;;;;;;;;;;;;;;;;;;;;;;
DI;42-ExtComFaultCC4;;SYS;;;Ext com fault Com ch 4;Yes;ЛОЖЬ;;;20;;;;;;;;;;;9;ЛОЖЬ;0;None;;;;;;1=NORMAL;;;;;;;Undefined;491;3428;;;;;;;;;;ЛОЖЬ;;;;ЛОЖЬ;;;;;;;;;;;;;;Output;EPKS_UCB;FGS_551_1;608;;;;;;;;;;;;
DO;55GT103_B0;;COM;;;Bit 0;No;ЛОЖЬ;ЛОЖЬ;;462;;;;;;;0;;;;827;ЛОЖЬ;0;None;;;;;;;;;;;;;Undefined;491;3428;;;;;;;;;;ЛОЖЬ;;;;;;;;;;;;;;;;;;Output;EPKS_UCB;FGS_551_1;644;;;;;;;;;;;;
M;370_4;;;;;;;ЛОЖЬ;ЛОЖЬ;;370;;;;;;;0;;;;1434;ЛОЖЬ;0;;;;;;;;;;;;;;Undefined;491;3428;;;;;;;;;;ЛОЖЬ;;;;;;;;;;;;;;;;;;;;;;;;;;;;;;;;;
DO;55HS203D_RR;;COM;;;READY TO RESET 5500-2-TOXIC GAS;No;ЛОЖЬ;ЛОЖЬ;;532;;;;;;;0;;;;1037;ИСТИНА;58215;None;;;;;;1=READY;;;;;;;Undefined;491;3428;;;;;;;;;;ЛОЖЬ;;;;;;;;;;;;;;;;;;Output;EPKS_UCB;FGS_551_1;666;;;;;;;;;;;;
M;C502_3_C;;;;;Function block marker;;ЛОЖЬ;ЛОЖЬ;;502;;;;;;;0;;;;2692;ЛОЖЬ;0;;;;;;;;;;;;;;Undefined;491;3428;;;;;;;;;;ЛОЖЬ;;;;;;;;;;;;;;;;;;;;;;;;;;;;;;;;;
M;C2465_6;;;;;Compiler marker (176, 241);;ЛОЖЬ;ЛОЖЬ;;2465;;;;;;;0;;;;647;ЛОЖЬ;0;;;;;;;;;;;;;;Undefined;491;3428;;;;;;;;;;ЛОЖЬ;;;;;;;;;;;;;;;;;;;;;;;;;;;;;;;;;
M;C588_2_D;;;;;Compiler marker;;ЛОЖЬ;ЛОЖЬ;;588;;;;;;;0;;;;2523;ЛОЖЬ;0;;;;;;;;;;;;;;Undefined;491;3428;;;;;;;;;;ЛОЖЬ;;;;;;;;;;;;;;;;;;;;;;;;;;;;;;;;;
M;2462_3;;;;;;;ЛОЖЬ;ЛОЖЬ;;2462;;;;;;;0;;;;1256;ЛОЖЬ;0;;;;;;;;;;;;;;Undefined;491;3428;;;;;;;;;;ЛОЖЬ;;;;;;;;;;;;;;;;;;;;;;;;;;;;;;;;;
M;736_854_2;;;;;AREA 6000-5-T.GAS ALARM;;ЛОЖЬ;ЛОЖЬ;;854;;;;;;;0;;;;363;ЛОЖЬ;0;;;;;;;0=ACTIVATED;;;;;;;Undefined;;;;;;;;;;;;ЛОЖЬ;ИСТИНА;;;;;;;;;;;;;;;;;;;;;;;;;;;;;;;;
DI;55XS453C_P;;COM;;;Ready for start signal В4А;No;ЛОЖЬ;ИСТИНА;;484;;;;;;;0;;;;1541;ЛОЖЬ;0;None;;;;;;1=READY;;;;;;;Undefined;491;3428;;;;;;Low;;;;ЛОЖЬ;;;;ЛОЖЬ;;;;;;;;;;;;;;;;;;;;;;;;;;Input;C300_UCB;FGS_551_1;6
M;C736_1_E;;;;;Function block marker;;ЛОЖЬ;ЛОЖЬ;;736;;;;;;;0;;;;70;ЛОЖЬ;0;;;;;;;;;;;;;;Undefined;;;;;;;;;;;;ЛОЖЬ;ИСТИНА;;;;;;;;;;;;;;;;;;;;;;;;;;;;;;;;
AI;60GT303;;FLD;;;H2S in cabinet 60AT303;Yes;ИСТИНА;ЛОЖЬ;;584;ЛОЖЬ;Long;0-20mA;0;3276;;;;;;108;ЛОЖЬ;58122;;None;None;None;None;;;;0;0;;;;-XXXXX.X;0;4095;;42.03;5;11;1;Bottom scale;;;;ЛОЖЬ;;ЛОЖЬ;;;;;;;;;;;;;;;;Output;EPKS_UCB;FGS_551_1;11129;;;;;;;;;;;;
M;C526_3_C;;;;;Function block marker;;ЛОЖЬ;ЛОЖЬ;;526;;;;;;;0;;;;2649;ЛОЖЬ;0;;;;;;;;;;;;;;Undefined;491;3428;;;;;;;;;;ЛОЖЬ;;;;;;;;;;;;;;;;;;;;;;;;;;;;;;;;;
M;C480_1_N;;;;;Function block marker;;ЛОЖЬ;ЛОЖЬ;;480;;;;;;;0;;;;2764;ЛОЖЬ;0;;;;;;;;;;;;;;Undefined;491;3428;;;;;;;;;;ЛОЖЬ;;;;;;;;;;;;;;;;;;;;;;;;;;;;;;;;;
M;C634_2_E;;;;;Compiler marker;;ЛОЖЬ;ЛОЖЬ;;634;;;;;;;0;;;;2418;ЛОЖЬ;0;;;;;;;;;;;;;;Undefined;491;3428;;;;;;;;;;ЛОЖЬ;;;;;;;;;;;;;;;;;;;;;;;;;;;;;;;;;
T;548_2;;;;;;;ЛОЖЬ;ЛОЖЬ;;548;;;;;;;;100 ms;10;;332;ЛОЖЬ;0;;;;;;;;;;;;;;Undefined;;;Delayed ON with constant timer value;;;;;;;;;ЛОЖЬ;ИСТИНА;;;;;;;;;;;;;;;;;;;;;;;;;;;;;;;;
M;C660_2_G;;;;;Function block marker;;ЛОЖЬ;ЛОЖЬ;;660;;;;;;;0;;;;2385;ЛОЖЬ;0;;;;;;;;;;;;;;Undefined;491;3428;;;;;;;;;;ЛОЖЬ;;;;;;;;;;;;;;;;;;;;;;;;;;;;;;;;;
M;C312_1_D;;;;;Function block marker;;ЛОЖЬ;ЛОЖЬ;;312;;;;;;;0;;;;2917;ЛОЖЬ;0;;;;;;;;;;;;;;Undefined;491;3428;;;;;;;;;;ЛОЖЬ;;;;;;;;;;;;;;;;;;;;;;;;;;;;;;;;;
M;468_5;;;;;;;ЛОЖЬ;ЛОЖЬ;;468;;;;;;;0;;;;1475;ЛОЖЬ;0;;;;;;;;;;;;;;Undefined;491;3428;;;;;;;;;;ЛОЖЬ;;;;;;;;;;;;;;;;;;;;;;;;;;;;;;;;;
M;C482_2_4;;;;;Function block marker;;ЛОЖЬ;ЛОЖЬ;;482;;;;;;;0;;;;2759;ЛОЖЬ;0;;;;;;;;;;;;;;Undefined;491;3428;;;;;;;;;;ЛОЖЬ;;;;;;;;;;;;;;;;;;;;;;;;;;;;;;;;;
AI;60GT309;;FLD;;;H2S in air of outer installation 6050;Yes;ИСТИНА;ЛОЖЬ;;660;ЛОЖЬ;Long;0-20mA;0;3276;;;;;;28;ЛОЖЬ;58124;;None;None;None;None;;;;0;0;;;;-XXXXX.X;0;4095;;42.03;3;8;1;Bottom scale;;;;ЛОЖЬ;;ЛОЖЬ;;;;;;;;;;;;;;;;Output;EPKS_UCB;FGS_551_1;11053;;;;;;;;;;;;
M;C610_2_F;;;;;Function block marker;;ЛОЖЬ;ЛОЖЬ;;610;;;;;;;0;;;;2516;ЛОЖЬ;0;;;;;;;;;;;;;;Undefined;491;3428;;;;;;;;;;ЛОЖЬ;;;;;;;;;;;;;;;;;;;;;;;;;;;;;;;;;
BO;IB551_FGS1_SECOND;;COM;672-20;;SECOND;No;ЛОЖЬ;ЛОЖЬ;;23;;Byte;;;;;0;;;;62;;0;;;;;;;;;0;0;;;;-XXXXX.X;;;;;;;;;;;;ЛОЖЬ;ИСТИНА;;;;;;;;;;;;;;;;;Output;EPKS_UCB;FGS_551_1;11044;;;;;;;;;;;;
M;392_4;;;;;;;ЛОЖЬ;ЛОЖЬ;;392;;;;;;;0;;;;1461;ЛОЖЬ;0;;;;;;;;;;;;;;Undefined;491;3428;;;;;;;;;;ЛОЖЬ;;;;;;;;;;;;;;;;;;;;;;;;;;;;;;;;;
M;508_2;;;;;;;ЛОЖЬ;ЛОЖЬ;;508;;;;;;;0;;;;1882;ЛОЖЬ;0;;;;;;;;;;;;;;Undefined;491;3428;;;;;;;;;;ЛОЖЬ;;;;;;;;;;;;;;;;;;;;;;;;;;;;;;;;;
M;852_1000_1;;;;;AREA 672-20 T GAS;;ЛОЖЬ;ЛОЖЬ;;1000;;;;;;;0;;;;59;ЛОЖЬ;0;;;;;;;PULSE-ALARM;;;;;;;Undefined;;;;;;;;;;;;ЛОЖЬ;ИСТИНА;;;;;;;;;;;;;;;;;;;;;;;;;;;;;;;;
M;C662_3_C;;;;;Function block marker;;ЛОЖЬ;ЛОЖЬ;;662;;;;;;;0;;;;2372;ЛОЖЬ;0;;;;;;;;;;;;;;Undefined;491;3428;;;;;;;;;;ЛОЖЬ;;;;;;;;;;;;;;;;;;;;;;;;;;;;;;;;;
DO;60XA303T;;FLD;;;Beacon on cabinet 60AT303;Yes;ИСТИНА;ЛОЖЬ;;588;;;;;;;0;;;;110;ИСТИНА;58126;None;;;;;;1=ON;;;;;;;Undefined;491;3428;;42.04;13;7;1;Appl;;;;ЛОЖЬ;;;;;;;;;;;;;;;;;;Output;EPKS_UCB;FGS_551_1;551;;;;;;;;;;;;
M;C692_1_E;;;;;Function block marker;;ЛОЖЬ;ЛОЖЬ;;692;;;;;;;0;;;;2307;ЛОЖЬ;0;;;;;;;;;;;;;;Undefined;491;3428;;;;;;;;;;ЛОЖЬ;;;;;;;;;;;;;;;;;;;;;;;;;;;;;;;;;
M;616_620_2;;;;;AREA PH-60-1-T.GAS ALARM;;ЛОЖЬ;ЛОЖЬ;;620;;;;;;;0;;;;2052;ЛОЖЬ;0;;;;;;;0=ACTIVATED;;;;;;;Undefined;491;3428;;;;;;;;;;ЛОЖЬ;;;;;;;;;;;;;;;;;;;;;;;;;;;;;;;;;
M;C664_2_G;;;;;Function block marker;;ЛОЖЬ;ЛОЖЬ;;664;;;;;;;0;;;;2365;ЛОЖЬ;0;;;;;;;;;;;;;;Undefined;491;3428;;;;;;;;;;ЛОЖЬ;;;;;;;;;;;;;;;;;;;;;;;;;;;;;;;;;
M;464_490_1;;;;;55GA102/103_FL;;ЛОЖЬ;ЛОЖЬ;;490;;;;;;;0;;;;416;ЛОЖЬ;0;;;;;;;0=ACTIVATED;;;;;;;Undefined;;;;;;;;;;;;ЛОЖЬ;ИСТИНА;;;;;;;;;;;;;;;;;;;;;;;;;;;;;;;;
M;666_670_2;;;;;AREA 6050-1-T.GAS ALARM;;ЛОЖЬ;ЛОЖЬ;;670;;;;;;;0;;;;2291;ЛОЖЬ;0;;;;;;;0=ACTIVATED;;;;;;;Undefined;491;3428;;;;;;;;;;ЛОЖЬ;;;;;;;;;;;;;;;;;;;;;;;;;;;;;;;;;
M;340_350_2;;;;;60HS204E;;ЛОЖЬ;ЛОЖЬ;;350;;;;;;;0;;;;1415;ЛОЖЬ;0;;;;;;;1=RESET;;;;;;;Undefined;491;3428;;;;;;;;;;ЛОЖЬ;;;;;;;;;;;;;;;;;;;;;;;;;;;;;;;;;
M;380_390_2;;;;;60HS203E;;ЛОЖЬ;ЛОЖЬ;;390;;;;;;;0;;;;1447;ЛОЖЬ;0;;;;;;;1=RESET;;;;;;;Undefined;491;3428;;;;;;;;;;ЛОЖЬ;;;;;;;;;;;;;;;;;;;;;;;;;;;;;;;;;
DO;55GT112_B1;;COM;;;Bit 1;No;ЛОЖЬ;ЛОЖЬ;;332;;;;;;;0;;;;903;ЛОЖЬ;0;None;;;;;;;;;;;;;Undefined;491;3428;;;;;;;;;;ЛОЖЬ;;;;;;;;;;;;;;;;;;Output;EPKS_UCB;FGS_551_1;790;;;;;;;;;;;;
DI;55GT105_MOR;;COM;;;MO REQUEST;No;ЛОЖЬ;ИСТИНА;;504;;;;;;;0;;;;3460;ЛОЖЬ;0;None;;;;;;1=REQUEST;;;;;;;Undefined;491;3428;;;;;;Freeze;;;;ЛОЖЬ;;;;ЛОЖЬ;;;;;;;;;;;;;;Input;EPKS_UCB;FGS_551_1;5;;;;;;;;;;;;
M;484_2;;;;;;;ЛОЖЬ;ЛОЖЬ;;484;;;;;;;0;;;;1821;ЛОЖЬ;0;;;;;;;;;;;;;;Undefined;491;3428;;;;;;;;;;ЛОЖЬ;;;;;;;;;;;;;;;;;;;;;;;;;;;;;;;;;
DO;55GA102_103;;COM;;;TRIP INITIATOR-Toxic gas;No;ЛОЖЬ;ЛОЖЬ;;464;;;;;;;1;;;;761;ИСТИНА;58207;None;;;;;;1=NORMAL;;;;;;;Undefined;491;3428;;;;;;;;;;ЛОЖЬ;;;;;;;;;;;;;;;;;;Output;EPKS_UCB;FGS_551_1;643;;;;;;;;;;;;
M;C2462_2;;;;;Compiler marker (208, 157);;ЛОЖЬ;ЛОЖЬ;;2462;;;;;;;0;;;;1017;ЛОЖЬ;0;;;;;;;;;;;;;;Undefined;491;3428;;;;;;;;;;ЛОЖЬ;;;;;;;;;;;;;;;;;;;;;;;;;;;;;;;;;
T;666_1;;;;;;;ЛОЖЬ;ЛОЖЬ;;666;;;;;;;;100 ms;10;;476;ЛОЖЬ;0;;;;;;;;;;;;;;Undefined;491;3428;Pulse retriggerable with constant timer value;;;;;;;;;ЛОЖЬ;;;;;;;;;;;;;;;;;;;;;;;;;;;;;;;;;
DO;FGS_551_1_F6;;COM;;;SafeNet Status FGS-001-1 - FGS-551-1;No;ЛОЖЬ;ЛОЖЬ;;60;;;;;;;1;;;;137;ИСТИНА;58269;None;;;;;;1=NORMAL;;;;;;;Undefined;491;3428;;;;;;;;;;ЛОЖЬ;;;;;;;;;;;;;;;;;;Output;EPKS_UCB;FGS_551_1;946;;;;;;;;;;;;
M;370_5;;;;;;;ЛОЖЬ;ЛОЖЬ;;370;;;;;;;0;;;;239;ЛОЖЬ;0;;;;;;;;;;;;;;Undefined;491;3428;;;;;;;;;;ЛОЖЬ;;;;;;;;;;;;;;;;;;;;;;;;;;;;;;;;;
M;C502_2_H;;;;;Function block marker;;ЛОЖЬ;ЛОЖЬ;;502;;;;;;;0;;;;2696;ЛОЖЬ;0;;;;;;;;;;;;;;Undefined;491;3428;;;;;;;;;;ЛОЖЬ;;;;;;;;;;;;;;;;;;;;;;;;;;;;;;;;;
T;312_2;;;;;;;ЛОЖЬ;ЛОЖЬ;;312;;;;;;;;100 ms;10;;92;ЛОЖЬ;0;;;;;;;;;;;;;;Undefined;;;Delayed ON with constant timer value;;;;;;;;;ЛОЖЬ;ИСТИНА;;;;;;;;;;;;;;;;;;;;;;;;;;;;;;;;
M;C708_1_B;;;;;Function block marker;;ЛОЖЬ;ЛОЖЬ;;708;;;;;;;0;;;;304;ЛОЖЬ;0;;;;;;;;;;;;;;Undefined;;;;;;;;;;;;ЛОЖЬ;ИСТИНА;;;;;;;;;;;;;;;;;;;;;;;;;;;;;;;;
DO;61XY816;;FLD;;;Beacon near A11 6100;Yes;ИСТИНА;ЛОЖЬ;;712;;;;;;;0;;;;141;ИСТИНА;58350;None;;;;;;1=ON;;;;;;;Undefined;;;;42.06;7;6;1;Appl;;;;ЛОЖЬ;ИСТИНА;;;;;;;;;;;;;;;;;Output;EPKS_UCB;FGS_551_1;563;;;;;;;;;;;;
DO;FGS_551_1.55XA602_2;;FSC;;;Fl.GD act. in 5500-1-GDAP-U,F,G lamp;Yes;ЛОЖЬ;ЛОЖЬ;;314;;;;;;;0;;;;1084;ЛОЖЬ;0;None;;;;;;1=NORMAL;;;;;;;Undefined;491;3428;;;;;;;;;;ЛОЖЬ;;;;;;Output;FGS_002_1;FGS_551_1;37;;;;;;;;;;;;;;;;;;;;;;;;
M;2405_C;;;;;0=DIRTY OPTICS;;ЛОЖЬ;ЛОЖЬ;;2405;;;;;;;0;;;;1347;ЛОЖЬ;0;;;;;;;;;;;;;;Undefined;491;3428;;;;;;;;;;ЛОЖЬ;;;;;;;;;;;;;;;;;;;;;;;;;;;;;;;;;
M;466_490_2;;;;;AREA PH-55-1-T.GAS ALARM;;ЛОЖЬ;ЛОЖЬ;;490;;;;;;;0;;;;1482;ЛОЖЬ;0;;;;;;;0=ACTIVATED;;;;;;;Undefined;491;3428;;;;;;;;;;ЛОЖЬ;;;;;;;;;;;;;;;;;;;;;;;;;;;;;;;;;
DO;FGS_551_1.60XA605_2;;FSC;;;T.GD act. in 6000-1-GDAP-U,F,G lamp;Yes;ЛОЖЬ;ЛОЖЬ;;550;;;;;;;0;;;;1121;ЛОЖЬ;0;None;;;;;;1=NORMAL;;;;;;;Undefined;491;3428;;;;;;;;;;ЛОЖЬ;;;;;;Output;FGS_002_1;FGS_551_1;45;;;;;;;;;;;;;;;;;;;;;;;;
DO;55GA108;;COM;;;TRIP INITIATOR-Toxic gas;No;ЛОЖЬ;ЛОЖЬ;;526;;;;;;;1;;;;791;ИСТИНА;58221;None;;;;;;1=NORMAL;;;;;;;Undefined;491;3428;;;;;;;;;;ЛОЖЬ;;;;;;;;;;;;;;;;;;Output;EPKS_UCB;FGS_551_1;681;;;;;;;;;;;;
DO;55GT103_MOC;;COM;;;MO CONFIRM;No;ЛОЖЬ;ЛОЖЬ;;462;;;;;;;0;;;;392;ИСТИНА;58045;None;;;;;;1=CONFIRMED;;;;;;;Undefined;;;;;;;;;;;;ЛОЖЬ;ИСТИНА;;;;;;;;;;;;;;;;;Output;EPKS_UCB;FGS_551_1;446;;;;;;;;;;;;
T;462_1;;;;;;;ЛОЖЬ;ЛОЖЬ;;462;;;;;;;;100 ms;10;;196;ЛОЖЬ;0;;;;;;;;;;;;;;Undefined;;;Delayed ON with constant timer value;;;;;;;;;ЛОЖЬ;ИСТИНА;;;;;;;;;;;;;;;;;;;;;;;;;;;;;;;;
M;C2462_4;;;;;Compiler marker (360, 12);;ЛОЖЬ;ЛОЖЬ;;2462;;;;;;;0;;;;988;ЛОЖЬ;0;;;;;;;;;;;;;;Undefined;491;3428;;;;;;;;;;ЛОЖЬ;;;;;;;;;;;;;;;;;;;;;;;;;;;;;;;;;
M;706_720_2;;;;;61GT902_RR;;ЛОЖЬ;ЛОЖЬ;;720;;;;;;;0;;;;292;ЛОЖЬ;0;;;;;;;1=READY;;;;;;;Undefined;;;;;;;;;;;;ЛОЖЬ;ИСТИНА;;;;;;;;;;;;;;;;;;;;;;;;;;;;;;;;
M;572_19;;;;;;;ЛОЖЬ;ЛОЖЬ;;572;;;;;;;0;;;;1985;ЛОЖЬ;0;;;;;;;;;;;;;;Undefined;491;3428;;;;;;;;;;ЛОЖЬ;;;;;;;;;;;;;;;;;;;;;;;;;;;;;;;;;
T;636_4;;;;;;;ЛОЖЬ;ЛОЖЬ;;636;;;;;;;;10 ms;1;;68;ЛОЖЬ;0;;;;;;;;;;;;;;Undefined;491;3428;Delayed ON memorize with constant timer value;;;;;;;;;ЛОЖЬ;;;;;;;;;;;;;;;;;;;;;;;;;;;;;;;;;
M;2463_J;;;;;State RUNNING (1=RUNNING);;ЛОЖЬ;ЛОЖЬ;;2463;;;;;;;0;;;;1695;ЛОЖЬ;0;;;;;;;;;;;;;;Undefined;491;3428;;;;;;;;;;ЛОЖЬ;;;;;;;;;;;;;;;;;;;;;;;;;;;;;;;;;
M;708_4;;;;;;;ЛОЖЬ;ЛОЖЬ;;708;;;;;;;0;;;;275;ЛОЖЬ;0;;;;;;;;;;;;;;Undefined;;;;;;;;;;;;ЛОЖЬ;ИСТИНА;;;;;;;;;;;;;;;;;;;;;;;;;;;;;;;;
M;C612_2_H;;;;;Function block marker;;ЛОЖЬ;ЛОЖЬ;;612;;;;;;;0;;;;2508;ЛОЖЬ;0;;;;;;;;;;;;;;Undefined;491;3428;;;;;;;;;;ЛОЖЬ;;;;;;;;;;;;;;;;;;;;;;;;;;;;;;;;;
M;C486_2_I;;;;;Function block marker;;ЛОЖЬ;ЛОЖЬ;;486;;;;;;;0;;;;2709;ЛОЖЬ;0;;;;;;;;;;;;;;Undefined;491;3428;;;;;;;;;;ЛОЖЬ;;;;;;;;;;;;;;;;;;;;;;;;;;;;;;;;;
T;562_2;;;;;;;ЛОЖЬ;ЛОЖЬ;;562;;;;;;;;100 ms;10;;384;ЛОЖЬ;0;;;;;;;;;;;;;;Undefined;;;Delayed ON with constant timer value;;;;;;;;;ЛОЖЬ;ИСТИНА;;;;;;;;;;;;;;;;;;;;;;;;;;;;;;;;
M;C2465_2;;;;;Compiler marker (176, 97);;ЛОЖЬ;ЛОЖЬ;;2465;;;;;;;0;;;;644;ЛОЖЬ;0;;;;;;;;;;;;;;Undefined;491;3428;;;;;;;;;;ЛОЖЬ;;;;;;;;;;;;;;;;;;;;;;;;;;;;;;;;;
DI;60HS303A;;FLD;;;Horn testing 60XA303;No;ИСТИНА;ЛОЖЬ;;588;;;;;;;;;;;83;ИСТИНА;58127;None;;;;;;1=ON;;;;;;;Undefined;491;3428;;42.03;11;12;1;Low;;Digital switch without loop monitoring;;ЛОЖЬ;;;;ЛОЖЬ;;;;;;;;;;;;;;Output;EPKS_UCB;FGS_551_1;460;;;;;;;;;;;;
DO;60XA001;;FLD;;;LAMP TOXIC GAS ALARM (PANEL);Yes;ИСТИНА;ЛОЖЬ;;1000;;;;;;;0;;;;56;ИСТИНА;58095;None;;;;;;1=ON;;;;;;;Undefined;;;;42.04;7;1;1;Appl;;;;ЛОЖЬ;ИСТИНА;;;;;;;;;;;;;;;;;Output;EPKS_UCB;FGS_551_1;482;;;;;;;;;;;;
DI;55GT112_MOR;;COM;;;MO REQUEST;No;ЛОЖЬ;ИСТИНА;;332;;;;;;;0;;;;3492;ЛОЖЬ;0;None;;;;;;1=REQUEST;;;;;;;Undefined;491;3428;;;;;;Freeze;;;;ЛОЖЬ;;;;ЛОЖЬ;;;;;;;;;;;;;;Input;EPKS_UCB;FGS_551_1;37;;;;;;;;;;;;
DO;FGS_551_1.61XA826_1;;FSC;;;T.GD act. in 6100-GDAP-U,F,G lamp;Yes;ЛОЖЬ;ЛОЖЬ;;710;;;;;;;0;;;;283;ЛОЖЬ;0;None;;;;;;PULSE=ALARM;;;;;;;Undefined;;;;;;;;;;;;ЛОЖЬ;ИСТИНА;;;;;Output;FGS_002_1;FGS_551_1;72;;;;;;;;;;;;;;;;;;;;;;;;
M;528_854_2;;;;;AREA 5500-2-T.GAS ALARM;;ЛОЖЬ;ЛОЖЬ;;854;;;;;;;0;;;;2279;ЛОЖЬ;0;;;;;;;0=ACTIVATED;;;;;;;Undefined;491;3428;;;;;;;;;;ЛОЖЬ;;;;;;;;;;;;;;;;;;;;;;;;;;;;;;;;;
M;2463_M;;;;;State FAULT (1=FAULT);;ЛОЖЬ;ЛОЖЬ;;2463;;;;;;;0;;;;1682;ЛОЖЬ;0;;;;;;;;;;;;;;Undefined;491;3428;;;;;;;;;;ЛОЖЬ;;;;;;;;;;;;;;;;;;;;;;;;;;;;;;;;;
M;330_338_2;;;;;55GT110_RR;;ЛОЖЬ;ЛОЖЬ;;338;;;;;;;0;;;;1350;ЛОЖЬ;0;;;;;;;1=READY;;;;;;;Undefined;491;3428;;;;;;;;;;ЛОЖЬ;;;;;;;;;;;;;;;;;;;;;;;;;;;;;;;;;
DI;60HS001;;FLD;;;TEST LAMP and HORN (PANEL);No;ИСТИНА;ЛОЖЬ;;1000;;;;;;;;;;;124;ИСТИНА;58016;None;;;;;;1=ON;;;;;;;Undefined;;;;42.05;15;5;1;Low;;Digital switch without loop monitoring;;ЛОЖЬ;ИСТИНА;;;ЛОЖЬ;;;;;;;;;;;;;;Output;EPKS_UCB;FGS_551_1;481;;;;;;;;;;;;
R;2407_G;;;;;HH ALARM LEVEL;;ЛОЖЬ;ЛОЖЬ;;2407;;Long;;;;;0;;;;36;ЛОЖЬ;0;;;;;;;;;;;;;;Undefined;;;;;;;;;;;;ЛОЖЬ;ИСТИНА;;;;;;;;;;;;;;;;;;;;;;;;;;;;;;;;
M;566_5;;;;;;;ЛОЖЬ;ЛОЖЬ;;566;;;;;;;0;;;;221;ЛОЖЬ;0;;;;;;;;;;;;;;Undefined;491;3428;;;;;;;;;;ЛОЖЬ;;;;;;;;;;;;;;;;;;;;;;;;;;;;;;;;;
M;C2462_1_G;;;;;Function block marker;;ЛОЖЬ;ЛОЖЬ;;2462;;;;;;;0;;;;1027;ЛОЖЬ;0;;;;;;;;;;;;;;Undefined;491;3428;;;;;;;;;;ЛОЖЬ;;;;;;;;;;;;;;;;;;;;;;;;;;;;;;;;;
M;C582_3_C;;;;;Function block marker;;ЛОЖЬ;ЛОЖЬ;;582;;;;;;;0;;;;2541;ЛОЖЬ;0;;;;;;;;;;;;;;Undefined;491;3428;;;;;;;;;;ЛОЖЬ;;;;;;;;;;;;;;;;;;;;;;;;;;;;;;;;;
M;560_568_2;;;;;60HS206D;;ЛОЖЬ;ЛОЖЬ;;568;;;;;;;0;;;;1968;ЛОЖЬ;0;;;;;;;1=RESET;;;;;;;Undefined;491;3428;;;;;;;;;;ЛОЖЬ;;;;;;;;;;;;;;;;;;;;;;;;;;;;;;;;;
M;334_2;;;;;;;ЛОЖЬ;ЛОЖЬ;;334;;;;;;;0;;;;1387;ЛОЖЬ;0;;;;;;;;;;;;;;Undefined;491;3428;;;;;;;;;;ЛОЖЬ;;;;;;;;;;;;;;;;;;;;;;;;;;;;;;;;;
T;712_1;;;;;;;ЛОЖЬ;ЛОЖЬ;;712;;;;;;;;1 s;30;;224;ЛОЖЬ;0;;;;;;;;;;;;;;Undefined;;;Delayed OFF with constant timer value;;;;;;;;;ЛОЖЬ;ИСТИНА;;;;;;;;;;;;;;;;;;;;;;;;;;;;;;;;
M;2463_3;;;;;;;ЛОЖЬ;ЛОЖЬ;;2463;;;;;;;0;;;;120;ЛОЖЬ;0;;;;;;;;;;;;;;Undefined;491;3428;;;;;;;;;;ЛОЖЬ;;;;;;;;;;;;;;;;;;;;;;;;;;;;;;;;;
M;C712_4_F;;;;;Function block marker;;ЛОЖЬ;ЛОЖЬ;;712;;;;;;;0;;;;301;ЛОЖЬ;0;;;;;;;;;;;;;;Undefined;;;;;;;;;;;;ЛОЖЬ;ИСТИНА;;;;;;;;;;;;;;;;;;;;;;;;;;;;;;;;
M;582_4;;;;;;;ЛОЖЬ;ЛОЖЬ;;582;;;;;;;0;;;;624;ЛОЖЬ;0;;;;;;;;;;;;;;Undefined;491;3428;;;;;;;;;;ЛОЖЬ;;;;;;;;;;;;;;;;;;;;;;;;;;;;;;;;;
DO;55GT105_B1;;COM;;;Bit 1;No;ЛОЖЬ;ЛОЖЬ;;504;;;;;;;0;;;;773;ЛОЖЬ;0;None;;;;;;;;;;;;;Undefined;491;3428;;;;;;;;;;ЛОЖЬ;;;;;;;;;;;;;;;;;;Output;EPKS_UCB;FGS_551_1;662;;;;;;;;;;;;
M;C462_2_G;;;;;Function block marker;;ЛОЖЬ;ЛОЖЬ;;462;;;;;;;0;;;;2817;ЛОЖЬ;0;;;;;;;;;;;;;;Undefined;491;3428;;;;;;;;;;ЛОЖЬ;;;;;;;;;;;;;;;;;;;;;;;;;;;;;;;;;
M;C694_2_F;;;;;Function block marker;;ЛОЖЬ;ЛОЖЬ;;694;;;;;;;0;;;;2306;ЛОЖЬ;0;;;;;;;;;;;;;;Undefined;491;3428;;;;;;;;;;ЛОЖЬ;;;;;;;;;;;;;;;;;;;;;;;;;;;;;;;;;
DO;60HX548_MD;;COM;;;FAN MODE;No;ЛОЖЬ;ЛОЖЬ;;632;;;;;;;0;;;;1781;ЛОЖЬ;0;None;;;;;;1=AUTO;;;;;;;Undefined;491;3428;;;;;;;;;;ЛОЖЬ;;;;;;;;;;;;;;;;;;Output;EPKS_UCB;FGS_551_1;929;;;;;;;;;;;;
M;690_692_4;;;;;6050-2_TGD_A;;ЛОЖЬ;ЛОЖЬ;;692;;;;;;;0;;;;2205;ЛОЖЬ;0;;;;;;;0=ALARM;;;;;;;Undefined;491;3428;;;;;;;;;;ЛОЖЬ;;;;;;;;;;;;;;;;;;;;;;;;;;;;;;;;;
DO;60GT309_B2;;COM;;;Bit 2;No;ЛОЖЬ;ЛОЖЬ;;660;;;;;;;0;;;;794;ЛОЖЬ;0;None;;;;;;;;;;;;;Undefined;491;3428;;;;;;;;;;ЛОЖЬ;;;;;;;;;;;;;;;;;;Output;EPKS_UCB;FGS_551_1;685;;;;;;;;;;;;
M;586_854_6;;;;;AREA H-6052-T.GAS ALARM;;ЛОЖЬ;ЛОЖЬ;;854;;;;;;;0;;;;2295;ЛОЖЬ;0;;;;;;;0=ACTIVATED;;;;;;;Undefined;491;3428;;;;;;;;;;ЛОЖЬ;;;;;;;;;;;;;;;;;;;;;;;;;;;;;;;;;
M;2463_R;;;;;Fan Mode (1=AUTO);;ЛОЖЬ;ЛОЖЬ;;2463;;;;;;;0;;;;1678;ЛОЖЬ;0;;;;;;;;;;;;;;Undefined;491;3428;;;;;;;;;;ЛОЖЬ;;;;;;;;;;;;;;;;;;;;;;;;;;;;;;;;;
T;484_7;;;;;;;ЛОЖЬ;ЛОЖЬ;;484;;;;;;;;1 s;0;;156;ЛОЖЬ;0;;;;;;;;;;;;;;Undefined;491;3428;Delayed ON memorize with variable timer value;;;;;;;;;ЛОЖЬ;;;;;;;;;;;;;;;;;;;;;;;;;;;;;;;;;
M;612_640_2;;;;;60GT308_RR;;ЛОЖЬ;ЛОЖЬ;;640;;;;;;;0;;;;432;ЛОЖЬ;0;;;;;;;1=READY;;;;;;;Undefined;;;;;;;;;;;;ЛОЖЬ;ИСТИНА;;;;;;;;;;;;;;;;;;;;;;;;;;;;;;;;
M;C2462_8;;;;;Compiler marker (208, 252);;ЛОЖЬ;ЛОЖЬ;;2462;;;;;;;0;;;;1025;ЛОЖЬ;0;;;;;;;;;;;;;;Undefined;491;3428;;;;;;;;;;ЛОЖЬ;;;;;;;;;;;;;;;;;;;;;;;;;;;;;;;;;
M;C562_3_D;;;;;Function block marker;;ЛОЖЬ;ЛОЖЬ;;562;;;;;;;0;;;;2589;ЛОЖЬ;0;;;;;;;;;;;;;;Undefined;491;3428;;;;;;;;;;ЛОЖЬ;;;;;;;;;;;;;;;;;;;;;;;;;;;;;;;;;
DO;55XS453C;;COM;;;B4A READY;No;ЛОЖЬ;ЛОЖЬ;;484;;;;;;;0;;;;1757;ИСТИНА;58089;None;;;;;;1=READY;;;;;;;Undefined;491;3428;;;;;;;;;;ЛОЖЬ;;;;;;;;;;;;;;;;;;Output;EPKS_UCB;FGS_551_1;905;;;;;;;;;;;;
M;692_17;;;;;;;ЛОЖЬ;ЛОЖЬ;;692;;;;;;;0;;;;2214;ЛОЖЬ;0;;;;;;;;;;;;;;Undefined;491;3428;;;;;;;;;;ЛОЖЬ;;;;;;;;;;;;;;;;;;;;;;;;;;;;;;;;;
M;C704_2_H;;;;;Function block marker;;ЛОЖЬ;ЛОЖЬ;;704;;;;;;;0;;;;84;ЛОЖЬ;0;;;;;;;;;;;;;;Undefined;;;;;;;;;;;;ЛОЖЬ;ИСТИНА;;;;;;;;;;;;;;;;;;;;;;;;;;;;;;;;
DO;61GT902_MOC;;COM;;;MO CONFIRM;No;ЛОЖЬ;ЛОЖЬ;;706;;;;;;;0;;;;50;ИСТИНА;58005;None;;;;;;1=CONFIRMED;;;;;;;Undefined;;;;;;;;;;;;ЛОЖЬ;ИСТИНА;;;;;;;;;;;;;;;;;Output;EPKS_UCB;FGS_551_1;448;;;;;;;;;;;;
M;C480_1_Q;;;;;Function block marker;;ЛОЖЬ;ЛОЖЬ;;480;;;;;;;0;;;;2767;ЛОЖЬ;0;;;;;;;;;;;;;;Undefined;491;3428;;;;;;;;;;ЛОЖЬ;;;;;;;;;;;;;;;;;;;;;;;;;;;;;;;;;
DO;61GT902_B2;;COM;;;Bit 2;No;ЛОЖЬ;ЛОЖЬ;;706;;;;;;;0;;;;49;ЛОЖЬ;0;None;;;;;;;;;;;;;Undefined;;;;;;;;;;;;ЛОЖЬ;ИСТИНА;;;;;;;;;;;;;;;;;Output;EPKS_UCB;FGS_551_1;447;;;;;;;;;;;;
M;468_1;;;;;;;ЛОЖЬ;ЛОЖЬ;;468;;;;;;;0;;;;1506;ЛОЖЬ;0;;;;;;;;;;;;;;Undefined;491;3428;;;;;;;;;;ЛОЖЬ;;;;;;;;;;;;;;;;;;;;;;;;;;;;;;;;;
M;C542_1_B;;;;;Function block marker;;ЛОЖЬ;ЛОЖЬ;;542;;;;;;;0;;;;2631;ЛОЖЬ;0;;;;;;;;;;;;;;Undefined;491;3428;;;;;;;;;;ЛОЖЬ;;;;;;;;;;;;;;;;;;;;;;;;;;;;;;;;;
M;C636_1_P;;;;;Function block marker;;ЛОЖЬ;ЛОЖЬ;;636;;;;;;;0;;;;2393;ЛОЖЬ;0;;;;;;;;;;;;;;Undefined;491;3428;;;;;;;;;;ЛОЖЬ;;;;;;;;;;;;;;;;;;;;;;;;;;;;;;;;;
M;460_7;;;;;;;ЛОЖЬ;ЛОЖЬ;;460;;;;;;;0;;;;398;ЛОЖЬ;0;;;;;;;;;;;;;;Undefined;;;;;;;;;;;;ЛОЖЬ;ИСТИНА;;;;;;;;;;;;;;;;;;;;;;;;;;;;;;;;
M;C484_2_L;;;;;Function block marker;;ЛОЖЬ;ЛОЖЬ;;484;;;;;;;0;;;;2733;ЛОЖЬ;0;;;;;;;;;;;;;;Undefined;491;3428;;;;;;;;;;ЛОЖЬ;;;;;;;;;;;;;;;;;;;;;;;;;;;;;;;;;
DO;60GT110_B1;;COM;;;Bit 1;No;ЛОЖЬ;ЛОЖЬ;;350;;;;;;;0;;;;918;ЛОЖЬ;0;None;;;;;;;;;;;;;Undefined;491;3428;;;;;;;;;;ЛОЖЬ;;;;;;;;;;;;;;;;;;Output;EPKS_UCB;FGS_551_1;807;;;;;;;;;;;;
DI;60HS201A;;FLD;;;Beacon testing and toxic gas Horn near Е-6056;No;ИСТИНА;ЛОЖЬ;;668;;;;;;;;;;;63;ИСТИНА;58129;None;;;;;;1=ON;;;;;;;Undefined;491;3428;;42.03;9;8;1;Low;;Digital switch without loop monitoring;;ЛОЖЬ;;;;ЛОЖЬ;;;;;;;;;;;;;;Output;EPKS_UCB;FGS_551_1;440;;;;;;;;;;;;
M;666_668_2;;;;;AREA 6050-1-T.GAS ALARM;;ЛОЖЬ;ЛОЖЬ;;668;;;;;;;0;;;;2159;ЛОЖЬ;0;;;;;;;0=ACTIVATED;;;;;;;Undefined;491;3428;;;;;;;;;;ЛОЖЬ;;;;;;;;;;;;;;;;;;;;;;;;;;;;;;;;;
M;C2405_2;;;;;Compiler marker (224, 84);;ЛОЖЬ;ЛОЖЬ;;2405;;;;;;;0;;;;1668;ЛОЖЬ;0;;;;;;;;;;;;;;Undefined;491;3428;;;;;;;;;;ЛОЖЬ;;;;;;;;;;;;;;;;;;;;;;;;;;;;;;;;;
M;2475_F;;;;;      ????;;ЛОЖЬ;ЛОЖЬ;;2475;;;;;;;0;;;;330;ЛОЖЬ;0;;;;;;;;;;;;;;Undefined;;;;;;;;;;;;ЛОЖЬ;ИСТИНА;;;;;;;;;;;;;;;;;;;;;;;;;;;;;;;;
M;506_6;;;;;;;ЛОЖЬ;ЛОЖЬ;;506;;;;;;;0;;;;1857;ЛОЖЬ;0;;;;;;;;;;;;;;Undefined;491;3428;;;;;;;;;;ЛОЖЬ;;;;;;;;;;;;;;;;;;;;;;;;;;;;;;;;;
M;528_852_1;;;;;AREA 5500-2-T.GAS ALARM;;ЛОЖЬ;ЛОЖЬ;;852;;;;;;;0;;;;2280;ЛОЖЬ;0;;;;;;;PULSE=ALARM;;;;;;;Undefined;491;3428;;;;;;;;;;ЛОЖЬ;;;;;;;;;;;;;;;;;;;;;;;;;;;;;;;;;
M;2462_M;;;;;0=UnCmd CHANGE;;ЛОЖЬ;ЛОЖЬ;;2462;;;;;;;0;;;;1701;ЛОЖЬ;0;;;;;;;;;;;;;;Undefined;491;3428;;;;;;;;;;ЛОЖЬ;;;;;;;;;;;;;;;;;;;;;;;;;;;;;;;;;
M;C664_3_D;;;;;Function block marker;;ЛОЖЬ;ЛОЖЬ;;664;;;;;;;0;;;;2363;ЛОЖЬ;0;;;;;;;;;;;;;;Undefined;491;3428;;;;;;;;;;ЛОЖЬ;;;;;;;;;;;;;;;;;;;;;;;;;;;;;;;;;
DO;60GT109_B2;;COM;;;Bit 2;No;ЛОЖЬ;ЛОЖЬ;;582;;;;;;;0;;;;874;ЛОЖЬ;0;None;;;;;;;;;;;;;Undefined;491;3428;;;;;;;;;;ЛОЖЬ;;;;;;;;;;;;;;;;;;Output;EPKS_UCB;FGS_551_1;764;;;;;;;;;;;;
T;618_2;;;;;;;ЛОЖЬ;ЛОЖЬ;;618;;;;;;;;1 s;30;;248;ЛОЖЬ;0;;;;;;;;;;;;;;Undefined;491;3428;Delayed OFF with constant timer value;;;;;;;;;ЛОЖЬ;;;;;;;;;;;;;;;;;;;;;;;;;;;;;;;;;
M;600_620_1;;;;;Ack gas area 672-20;;ЛОЖЬ;ЛОЖЬ;;620;;;;;;;0;;;;2070;ЛОЖЬ;0;;;;;;;1=ACK;;;;;;;Undefined;491;3428;;;;;;;;;;ЛОЖЬ;;;;;;;;;;;;;;;;;;;;;;;;;;;;;;;;;
DI;42-TempL_Alarm;;SYS;;;Temp low alarm;Yes;ЛОЖЬ;;;21;;;;;;;;;;;4;ЛОЖЬ;0;None;;;;;;1=NORMAL;;;;;;;Undefined;491;3428;;;;;;;;;;ЛОЖЬ;;;;ЛОЖЬ;;;;;;;;;;;;;;Output;EPKS_UCB;FGS_551_1;632;;;;;;;;;;;;
T;486_3;;;;;;;ЛОЖЬ;ЛОЖЬ;;486;;;;;;;;10 ms;1;;48;ЛОЖЬ;0;;;;;;;;;;;;;;Undefined;491;3428;Delayed ON memorize with constant timer value;;;;;;;;;ЛОЖЬ;;;;;;;;;;;;;;;;;;;;;;;;;;;;;;;;;
M;734_736_1;;;;;60GA191_FL;;ЛОЖЬ;ЛОЖЬ;;736;;;;;;;0;;;;343;ЛОЖЬ;0;;;;;;;0=ACTIVATED;;;;;;;Undefined;;;;;;;;;;;;ЛОЖЬ;ИСТИНА;;;;;;;;;;;;;;;;;;;;;;;;;;;;;;;;
M;690_3;;;;;;;ЛОЖЬ;ЛОЖЬ;;690;;;;;;;0;;;;2220;ЛОЖЬ;0;;;;;;;;;;;;;;Undefined;491;3428;;;;;;;;;;ЛОЖЬ;;;;;;;;;;;;;;;;;;;;;;;;;;;;;;;;;
M;C684_1_D;;;;;Function block marker;;ЛОЖЬ;ЛОЖЬ;;684;;;;;;;0;;;;2336;ЛОЖЬ;0;;;;;;;;;;;;;;Undefined;491;3428;;;;;;;;;;ЛОЖЬ;;;;;;;;;;;;;;;;;;;;;;;;;;;;;;;;;
M;C618_1_E;;;;;Function block marker;;ЛОЖЬ;ЛОЖЬ;;618;;;;;;;0;;;;2491;ЛОЖЬ;0;;;;;;;;;;;;;;Undefined;491;3428;;;;;;;;;;ЛОЖЬ;;;;;;;;;;;;;;;;;;;;;;;;;;;;;;;;;
M;550_2;;;;;;;ЛОЖЬ;ЛОЖЬ;;550;;;;;;;0;;;;1916;ЛОЖЬ;0;;;;;;;;;;;;;;Undefined;491;3428;;;;;;;;;;ЛОЖЬ;;;;;;;;;;;;;;;;;;;;;;;;;;;;;;;;;
M;C630_2_F;;;;;Compiler marker;;ЛОЖЬ;ЛОЖЬ;;630;;;;;;;0;;;;2461;ЛОЖЬ;0;;;;;;;;;;;;;;Undefined;491;3428;;;;;;;;;;ЛОЖЬ;;;;;;;;;;;;;;;;;;;;;;;;;;;;;;;;;
M;730_734_2;;;;;60HS291D;;ЛОЖЬ;ЛОЖЬ;;734;;;;;;;0;;;;342;ЛОЖЬ;0;;;;;;;1=RESET;;;;;;;Undefined;;;;;;;;;;;;ЛОЖЬ;ИСТИНА;;;;;;;;;;;;;;;;;;;;;;;;;;;;;;;;
M;C2462_1_F;;;;;Function block marker;;ЛОЖЬ;ЛОЖЬ;;2462;;;;;;;0;;;;1026;ЛОЖЬ;0;;;;;;;;;;;;;;Undefined;491;3428;;;;;;;;;;ЛОЖЬ;;;;;;;;;;;;;;;;;;;;;;;;;;;;;;;;;
M;484_1;;;;;;;ЛОЖЬ;ЛОЖЬ;;484;;;;;;;0;;;;126;ЛОЖЬ;0;;;;;;;;;;;;;;Undefined;491;3428;;;;;;;;;;ЛОЖЬ;;;;;;;;;;;;;;;;;;;;;;;;;;;;;;;;;
M;C486_2_3;;;;;Function block marker;;ЛОЖЬ;ЛОЖЬ;;486;;;;;;;0;;;;2716;ЛОЖЬ;0;;;;;;;;;;;;;;Undefined;491;3428;;;;;;;;;;ЛОЖЬ;;;;;;;;;;;;;;;;;;;;;;;;;;;;;;;;;
DI;60GT313_MOR;;COM;;;MO REQUEST;No;ЛОЖЬ;ИСТИНА;;688;;;;;;;0;;;;3473;ЛОЖЬ;0;None;;;;;;1=REQUEST;;;;;;;Undefined;491;3428;;;;;;Freeze;;;;ЛОЖЬ;;;;ЛОЖЬ;;;;;;;;;;;;;;Input;EPKS_UCB;FGS_551_1;18;;;;;;;;;;;;
M;C734_1_B;;;;;Function block marker;;ЛОЖЬ;ЛОЖЬ;;734;;;;;;;0;;;;95;ЛОЖЬ;0;;;;;;;;;;;;;;Undefined;;;;;;;;;;;;ЛОЖЬ;ИСТИНА;;;;;;;;;;;;;;;;;;;;;;;;;;;;;;;;
DO;55HS201D_RR;;COM;;;READY TO RESET PH-55-1-TOXIC GAS;No;ЛОЖЬ;ЛОЖЬ;;490;;;;;;;0;;;;984;ИСТИНА;58206;None;;;;;;1=READY;;;;;;;Undefined;491;3428;;;;;;;;;;ЛОЖЬ;;;;;;;;;;;;;;;;;;Output;EPKS_UCB;FGS_551_1;639;;;;;;;;;;;;
M;700_704_2;;;;;61HS826D;;ЛОЖЬ;ЛОЖЬ;;704;;;;;;;0;;;;93;ЛОЖЬ;0;;;;;;;1=RESET;;;;;;;Undefined;;;;;;;;;;;;ЛОЖЬ;ИСТИНА;;;;;;;;;;;;;;;;;;;;;;;;;;;;;;;;
M;480_11;;;;;;;ЛОЖЬ;ЛОЖЬ;;480;;;;;;;0;;;;1525;ЛОЖЬ;0;;;;;;;;;;;;;;Undefined;491;3428;;;;;;;;;;ЛОЖЬ;;;;;;;;;;;;;;;;;;;;;;;;;;;;;;;;;
DO;61XY813;;FLD;;;Beacon near C8 6100;Yes;ИСТИНА;ЛОЖЬ;;714;;;;;;;0;;;;138;ИСТИНА;58344;None;;;;;;1=ON;;;;;;;Undefined;;;;42.06;7;3;1;Appl;;;;ЛОЖЬ;ИСТИНА;;;;;;;;;;;;;;;;;Output;EPKS_UCB;FGS_551_1;526;;;;;;;;;;;;
DO;60GT311_B0;;COM;;;Bit 0;No;ЛОЖЬ;ЛОЖЬ;;664;;;;;;;0;;;;802;ЛОЖЬ;0;None;;;;;;;;;;;;;Undefined;491;3428;;;;;;;;;;ЛОЖЬ;;;;;;;;;;;;;;;;;;Output;EPKS_UCB;FGS_551_1;693;;;;;;;;;;;;
DO;60GA191;;COM;;;TRIP INITIATOR-Toxic gas;No;ЛОЖЬ;ЛОЖЬ;;734;;;;;;;1;;;;42;ИСТИНА;58015;None;;;;;;1=NORMAL;;;;;;;Undefined;;;;;;;;;;;;ЛОЖЬ;ИСТИНА;;;;;;;;;;;;;;;;;Output;EPKS_UCB;FGS_551_1;424;;;;;;;;;;;;
DI;42-TempH_Alarm;;SYS;;;Temp high alarm;Yes;ЛОЖЬ;;;21;;;;;;;;;;;3;ЛОЖЬ;0;None;;;;;;1=NORMAL;;;;;;;Undefined;491;3428;;;;;;;;;;ЛОЖЬ;;;;ЛОЖЬ;;;;;;;;;;;;;;Output;EPKS_UCB;FGS_551_1;631;;;;;;;;;;;;
M;486_9;;;;;;;ЛОЖЬ;ЛОЖЬ;;486;;;;;;;0;;;;1840;ЛОЖЬ;0;;;;;;;;;;;;;;Undefined;491;3428;;;;;;;;;;ЛОЖЬ;;;;;;;;;;;;;;;;;;;;;;;;;;;;;;;;;
M;2490_A;;;;;      ????;;ЛОЖЬ;ЛОЖЬ;;2490;;;;;;;0;;;;463;ЛОЖЬ;0;;;;;;;;;;;;;;Undefined;;;;;;;;;;;;ЛОЖЬ;ИСТИНА;;;;;;;;;;;;;;;;;;;;;;;;;;;;;;;;
M;C566_3_D;;;;;Function block marker;;ЛОЖЬ;ЛОЖЬ;;566;;;;;;;0;;;;2569;ЛОЖЬ;0;;;;;;;;;;;;;;Undefined;491;3428;;;;;;;;;;ЛОЖЬ;;;;;;;;;;;;;;;;;;;;;;;;;;;;;;;;;
T;610_1;;;;;;;ЛОЖЬ;ЛОЖЬ;;610;;;;;;;;100 ms;10;;468;ЛОЖЬ;0;;;;;;;;;;;;;;Undefined;;;Delayed ON with constant timer value;;;;;;;;;ЛОЖЬ;ИСТИНА;;;;;;;;;;;;;;;;;;;;;;;;;;;;;;;;
M;360_376_1;;;;;Ack gas area 672-20;;ЛОЖЬ;ЛОЖЬ;;376;;;;;;;0;;;;1429;ЛОЖЬ;0;;;;;;;1=ACK;;;;;;;Undefined;491;3428;;;;;;;;;;ЛОЖЬ;;;;;;;;;;;;;;;;;;;;;;;;;;;;;;;;;
M;C684_1_B;;;;;Function block marker;;ЛОЖЬ;ЛОЖЬ;;684;;;;;;;0;;;;2334;ЛОЖЬ;0;;;;;;;;;;;;;;Undefined;491;3428;;;;;;;;;;ЛОЖЬ;;;;;;;;;;;;;;;;;;;;;;;;;;;;;;;;;
M;C662_2_F;;;;;Function block marker;;ЛОЖЬ;ЛОЖЬ;;662;;;;;;;0;;;;2374;ЛОЖЬ;0;;;;;;;;;;;;;;Undefined;491;3428;;;;;;;;;;ЛОЖЬ;;;;;;;;;;;;;;;;;;;;;;;;;;;;;;;;;
M;462_1;;;;;;;ЛОЖЬ;ЛОЖЬ;;462;;;;;;;0;;;;402;ЛОЖЬ;0;;;;;;;;;;;;;;Undefined;;;;;;;;;;;;ЛОЖЬ;ИСТИНА;;;;;;;;;;;;;;;;;;;;;;;;;;;;;;;;
DO;60GT104_B1;;COM;;;Bit 1;No;ЛОЖЬ;ЛОЖЬ;;546;;;;;;;0;;;;843;ЛОЖЬ;0;None;;;;;;;;;;;;;Undefined;491;3428;;;;;;;;;;ЛОЖЬ;;;;;;;;;;;;;;;;;;Output;EPKS_UCB;FGS_551_1;726;;;;;;;;;;;;
M;666_854_2;;;;;AREA 6050-1-T.GAS ALARM;;ЛОЖЬ;ЛОЖЬ;;854;;;;;;;0;;;;2292;ЛОЖЬ;0;;;;;;;0=ACTIVATED;;;;;;;Undefined;491;3428;;;;;;;;;;ЛОЖЬ;;;;;;;;;;;;;;;;;;;;;;;;;;;;;;;;;
M;622_634_1;;;;;60XY555C/D_FL;;ЛОЖЬ;ЛОЖЬ;;634;;;;;;;0;;;;2105;ЛОЖЬ;0;;;;;;;0=cmdSTART;;;;;;;Undefined;491;3428;;;;;;;;;;ЛОЖЬ;;;;;;;;;;;;;;;;;;;;;;;;;;;;;;;;;
M;632_7;;;;;;;ЛОЖЬ;ЛОЖЬ;;632;;;;;;;0;;;;1306;ЛОЖЬ;0;;;;;;;;;;;;;;Undefined;491;3428;;;;;;;;;;ЛОЖЬ;;;;;;;;;;;;;;;;;;;;;;;;;;;;;;;;;
BO;IB551_FGS1_YEAR;;COM;672-20;;YEAR;No;ЛОЖЬ;ЛОЖЬ;;23;;Word;;;;;0;;;;56;;0;;;;;;;;;0;0;;;;-XXXXX.X;;;;;;;;;;;;ЛОЖЬ;ИСТИНА;;;;;;;;;;;;;;;;;Output;EPKS_UCB;FGS_551_1;11038;;;;;;;;;;;;
M;C524_2_F;;;;;Function block marker;;ЛОЖЬ;ЛОЖЬ;;524;;;;;;;0;;;;2661;ЛОЖЬ;0;;;;;;;;;;;;;;Undefined;491;3428;;;;;;;;;;ЛОЖЬ;;;;;;;;;;;;;;;;;;;;;;;;;;;;;;;;;
T;706_1;;;;;;;ЛОЖЬ;ЛОЖЬ;;706;;;;;;;;100 ms;10;;368;ЛОЖЬ;0;;;;;;;;;;;;;;Undefined;;;Delayed ON with constant timer value;;;;;;;;;ЛОЖЬ;ИСТИНА;;;;;;;;;;;;;;;;;;;;;;;;;;;;;;;;
M;690_852_8;;;;;AREA 6050-2-T.GAS ALARM;;ЛОЖЬ;ЛОЖЬ;;852;;;;;;;0;;;;2298;ЛОЖЬ;0;;;;;;;PULSE=ALARM;;;;;;;Undefined;491;3428;;;;;;;;;;ЛОЖЬ;;;;;;;;;;;;;;;;;;;;;;;;;;;;;;;;;
M;704_4;;;;;;;ЛОЖЬ;ЛОЖЬ;;704;;;;;;;0;;;;77;ЛОЖЬ;0;;;;;;;;;;;;;;Undefined;;;;;;;;;;;;ЛОЖЬ;ИСТИНА;;;;;;;;;;;;;;;;;;;;;;;;;;;;;;;;
M;C688_1_E;;;;;Function block marker;;ЛОЖЬ;ЛОЖЬ;;688;;;;;;;0;;;;2317;ЛОЖЬ;0;;;;;;;;;;;;;;Undefined;491;3428;;;;;;;;;;ЛОЖЬ;;;;;;;;;;;;;;;;;;;;;;;;;;;;;;;;;
M;560_572_1;;;;;Ack gas area 672-20;;ЛОЖЬ;ЛОЖЬ;;572;;;;;;;0;;;;1957;ЛОЖЬ;0;;;;;;;1=ACK;;;;;;;Undefined;491;3428;;;;;;;;;;ЛОЖЬ;;;;;;;;;;;;;;;;;;;;;;;;;;;;;;;;;
DI;60GT318_MOR;;COM;;;MO REQUEST;No;ЛОЖЬ;ИСТИНА;;372;;;;;;;0;;;;3500;ЛОЖЬ;0;None;;;;;;1=REQUEST;;;;;;;Undefined;491;3428;;;;;;Freeze;;;;ЛОЖЬ;;;;ЛОЖЬ;;;;;;;;;;;;;;Input;EPKS_UCB;FGS_551_1;45;;;;;;;;;;;;
DO;60XA205T1;;FLD;;;Beacon Near H-6052;Yes;ИСТИНА;ЛОЖЬ;;588;;;;;;;0;;;;104;ИСТИНА;58130;None;;;;;;1=ON;;;;;;;Undefined;491;3428;;42.04;13;1;1;Appl;;;;ЛОЖЬ;;;;;;;;;;;;;;;;;;Output;EPKS_UCB;FGS_551_1;545;;;;;;;;;;;;
DO;FGS_551_1.60XA607_2;;FSC;;;T.GD act. in H-6052-GDAP-U,F,G lamp;Yes;ЛОЖЬ;ЛОЖЬ;;586;;;;;;;0;;;;1106;ЛОЖЬ;0;None;;;;;;1=NORMAL;;;;;;;Undefined;491;3428;;;;;;;;;;ЛОЖЬ;;;;;;Output;FGS_002_1;FGS_551_1;53;;;;;;;;;;;;;;;;;;;;;;;;
BI;42-RepairTimer_CP1;;SYS;;;Repair time CP1;Yes;ЛОЖЬ;;;22;;Word;;;;;;;;;12;;0;;;;;;;;;0;0;;;;-XXXXX.X;491;3428;;;;;;;;;;ЛОЖЬ;;;;;;;;;;;;;;;;;;;;;;;;;;;;;;;;;
M;C542_2_H;;;;;Function block marker;;ЛОЖЬ;ЛОЖЬ;;542;;;;;;;0;;;;2639;ЛОЖЬ;0;;;;;;;;;;;;;;Undefined;491;3428;;;;;;;;;;ЛОЖЬ;;;;;;;;;;;;;;;;;;;;;;;;;;;;;;;;;
M;C484_2_E;;;;;Compiler marker;;ЛОЖЬ;ЛОЖЬ;;484;;;;;;;0;;;;2728;ЛОЖЬ;0;;;;;;;;;;;;;;Undefined;491;3428;;;;;;;;;;ЛОЖЬ;;;;;;;;;;;;;;;;;;;;;;;;;;;;;;;;;
DO;60HS203D_RR;;COM;;;READY TO RESET 6050-2-TOXIC GAS;No;ЛОЖЬ;ЛОЖЬ;;696;;;;;;;0;;;;1039;ИСТИНА;58229;None;;;;;;1=READY;;;;;;;Undefined;491;3428;;;;;;;;;;ЛОЖЬ;;;;;;;;;;;;;;;;;;Output;EPKS_UCB;FGS_551_1;698;;;;;;;;;;;;
M;C312_1_B;;;;;Function block marker;;ЛОЖЬ;ЛОЖЬ;;312;;;;;;;0;;;;2915;ЛОЖЬ;0;;;;;;;;;;;;;;Undefined;491;3428;;;;;;;;;;ЛОЖЬ;;;;;;;;;;;;;;;;;;;;;;;;;;;;;;;;;
M;C634_2_M;;;;;Function block marker;;ЛОЖЬ;ЛОЖЬ;;634;;;;;;;0;;;;2424;ЛОЖЬ;0;;;;;;;;;;;;;;Undefined;491;3428;;;;;;;;;;ЛОЖЬ;;;;;;;;;;;;;;;;;;;;;;;;;;;;;;;;;
M;394_1;;;;;;;ЛОЖЬ;ЛОЖЬ;;394;;;;;;;0;;;;1432;ЛОЖЬ;0;;;;;;;;;;;;;;Undefined;491;3428;;;;;;;;;;ЛОЖЬ;;;;;;;;;;;;;;;;;;;;;;;;;;;;;;;;;
M;482_9;;;;;;;ЛОЖЬ;ЛОЖЬ;;482;;;;;;;0;;;;1807;ЛОЖЬ;0;;;;;;;;;;;;;;Undefined;491;3428;;;;;;;;;;ЛОЖЬ;;;;;;;;;;;;;;;;;;;;;;;;;;;;;;;;;
M;482_8;;;;;;;ЛОЖЬ;ЛОЖЬ;;482;;;;;;;0;;;;1705;ЛОЖЬ;0;;;;;;;;;;;;;;Undefined;491;3428;;;;;;;;;;ЛОЖЬ;;;;;;;;;;;;;;;;;;;;;;;;;;;;;;;;;
DO;55GT106_MOC;;COM;;;MO CONFIRM;No;ЛОЖЬ;ЛОЖЬ;;522;;;;;;;0;;;;780;ИСТИНА;58216;None;;;;;;1=CONFIRMED;;;;;;;Undefined;491;3428;;;;;;;;;;ЛОЖЬ;;;;;;;;;;;;;;;;;;Output;EPKS_UCB;FGS_551_1;670;;;;;;;;;;;;
M;C462_1_E;;;;;Function block marker;;ЛОЖЬ;ЛОЖЬ;;462;;;;;;;0;;;;2814;ЛОЖЬ;0;;;;;;;;;;;;;;Undefined;491;3428;;;;;;;;;;ЛОЖЬ;;;;;;;;;;;;;;;;;;;;;;;;;;;;;;;;;
M;C486_2_L;;;;;Function block marker;;ЛОЖЬ;ЛОЖЬ;;486;;;;;;;0;;;;2712;ЛОЖЬ;0;;;;;;;;;;;;;;Undefined;491;3428;;;;;;;;;;ЛОЖЬ;;;;;;;;;;;;;;;;;;;;;;;;;;;;;;;;;
M;710_852_1;;;;;AREA 6100-T.GAS ALARM;;ЛОЖЬ;ЛОЖЬ;;852;;;;;;;0;;;;286;ЛОЖЬ;0;;;;;;;PULSE=ALARM;;;;;;;Undefined;;;;;;;;;;;;ЛОЖЬ;ИСТИНА;;;;;;;;;;;;;;;;;;;;;;;;;;;;;;;;
M;C486_2_E;;;;;Compiler marker;;ЛОЖЬ;ЛОЖЬ;;486;;;;;;;0;;;;2707;ЛОЖЬ;0;;;;;;;;;;;;;;Undefined;491;3428;;;;;;;;;;ЛОЖЬ;;;;;;;;;;;;;;;;;;;;;;;;;;;;;;;;;
DI;55GT109_MOR;;COM;;;MO REQUEST;No;ЛОЖЬ;ИСТИНА;;310;;;;;;;0;;;;3488;ЛОЖЬ;0;None;;;;;;1=REQUEST;;;;;;;Undefined;491;3428;;;;;;Freeze;;;;ЛОЖЬ;;;;ЛОЖЬ;;;;;;;;;;;;;;Input;EPKS_UCB;FGS_551_1;33;;;;;;;;;;;;
DO;60GT307_B2;;COM;;;Bit 2;No;ЛОЖЬ;ЛОЖЬ;;610;;;;;;;0;;;;764;ЛОЖЬ;0;None;;;;;;;;;;;;;Undefined;491;3428;;;;;;;;;;ЛОЖЬ;;;;;;;;;;;;;;;;;;Output;EPKS_UCB;FGS_551_1;650;;;;;;;;;;;;
T;664_2;;;;;;;ЛОЖЬ;ЛОЖЬ;;664;;;;;;;;100 ms;10;;492;ЛОЖЬ;0;;;;;;;;;;;;;;Undefined;;;Delayed ON with constant timer value;;;;;;;;;ЛОЖЬ;ИСТИНА;;;;;;;;;;;;;;;;;;;;;;;;;;;;;;;;
DI;60HS203D;;COM;;;RESET 6050-2-TOXIC GAS;No;ЛОЖЬ;ИСТИНА;;680;;;;;;;0;;;;3469;ИСТИНА;58180;None;;;;;;1=RESET;;;;;;;Undefined;491;3428;;;;;;Low;;;;ЛОЖЬ;;;;ЛОЖЬ;;;;;;;;;;;;;;Input;EPKS_UCB;FGS_551_1;14;;;;;;;;;;;;
DO;55XA201T1;;FLD;;;Beacon in the pumping room 5500;Yes;ИСТИНА;ЛОЖЬ;;468;;;;;;;0;;;;72;ИСТИНА;58131;None;;;;;;1=ON;;;;;;;Undefined;491;3428;;42.04;9;1;1;Appl;;;;ЛОЖЬ;;;;;;;;;;;;;;;;;;Output;EPKS_UCB;FGS_551_1;529;;;;;;;;;;;;
DO;60GA315;;COM;;;TRIP INITIATOR-Flammable gas;No;ЛОЖЬ;ЛОЖЬ;;390;;;;;;;1;;;;911;ИСТИНА;58275;None;;;;;;1=NORMAL;;;;;;;Undefined;491;3428;;;;;;;;;;ЛОЖЬ;;;;;;;;;;;;;;;;;;Output;EPKS_UCB;FGS_551_1;799;;;;;;;;;;;;
M;526_4;;;;;;;ЛОЖЬ;ЛОЖЬ;;526;;;;;;;0;;;;633;ЛОЖЬ;0;;;;;;;;;;;;;;Undefined;491;3428;;;;;;;;;;ЛОЖЬ;;;;;;;;;;;;;;;;;;;;;;;;;;;;;;;;;
M;390_4;;;;;;;ЛОЖЬ;ЛОЖЬ;;390;;;;;;;0;;;;1446;ЛОЖЬ;0;;;;;;;;;;;;;;Undefined;491;3428;;;;;;;;;;ЛОЖЬ;;;;;;;;;;;;;;;;;;;;;;;;;;;;;;;;;
M;630_6;;;;;;;ЛОЖЬ;ЛОЖЬ;;630;;;;;;;0;;;;1258;ЛОЖЬ;0;;;;;;;;;;;;;;Undefined;491;3428;;;;;;;;;;ЛОЖЬ;;;;;;;;;;;;;;;;;;;;;;;;;;;;;;;;;
M;484_10;;;;;;;ЛОЖЬ;ЛОЖЬ;;484;;;;;;;0;;;;1832;ЛОЖЬ;0;;;;;;;;;;;;;;Undefined;491;3428;;;;;;;;;;ЛОЖЬ;;;;;;;;;;;;;;;;;;;;;;;;;;;;;;;;;
M;570_8;;;;;;;ЛОЖЬ;ЛОЖЬ;;570;;;;;;;0;;;;1984;ЛОЖЬ;0;;;;;;;;;;;;;;Undefined;491;3428;;;;;;;;;;ЛОЖЬ;;;;;;;;;;;;;;;;;;;;;;;;;;;;;;;;;
R;2405_F;;;;;H ALARM LEVEL;;ЛОЖЬ;ЛОЖЬ;;2405;;Long;;;;;0;;;;16;ЛОЖЬ;0;;;;;;;;;;;;;;Undefined;;;;;;;;;;;;ЛОЖЬ;ИСТИНА;;;;;;;;;;;;;;;;;;;;;;;;;;;;;;;;
DO;60HS203E_RR;;COM;;;READY TO RESET 6050-2-FLAMMABLE GAS;No;ЛОЖЬ;ЛОЖЬ;;398;;;;;;;0;;;;1045;ИСТИНА;58273;None;;;;;;1=READY;;;;;;;Undefined;491;3428;;;;;;;;;;ЛОЖЬ;;;;;;;;;;;;;;;;;;Output;EPKS_UCB;FGS_551_1;794;;;;;;;;;;;;
M;376_3;;;;;;;ЛОЖЬ;ЛОЖЬ;;376;;;;;;;0;;;;1431;ЛОЖЬ;0;;;;;;;;;;;;;;Undefined;491;3428;;;;;;;;;;ЛОЖЬ;;;;;;;;;;;;;;;;;;;;;;;;;;;;;;;;;
M;C2405_5;;;;;Compiler marker (384, 240);;ЛОЖЬ;ЛОЖЬ;;2405;;;;;;;0;;;;1679;ЛОЖЬ;0;;;;;;;;;;;;;;Undefined;491;3428;;;;;;;;;;ЛОЖЬ;;;;;;;;;;;;;;;;;;;;;;;;;;;;;;;;;
M;360_372_2;;;;;60HS205E;;ЛОЖЬ;ЛОЖЬ;;372;;;;;;;0;;;;1420;ЛОЖЬ;0;;;;;;;1=RESET;;;;;;;Undefined;491;3428;;;;;;;;;;ЛОЖЬ;;;;;;;;;;;;;;;;;;;;;;;;;;;;;;;;;
T;374_2;;;;;;;ЛОЖЬ;ЛОЖЬ;;374;;;;;;;;100 ms;10;;128;ЛОЖЬ;0;;;;;;;;;;;;;;Undefined;491;3428;Pulse retriggerable with constant timer value;;;;;;;;;ЛОЖЬ;;;;;;;;;;;;;;;;;;;;;;;;;;;;;;;;;
DI;60HS204E;;COM;;;RESET 6000-1-FLAMMABLE GAS;No;ЛОЖЬ;ИСТИНА;;340;;;;;;;0;;;;3496;ИСТИНА;58188;None;;;;;;1=RESET;;;;;;;Undefined;491;3428;;;;;;Low;;;;ЛОЖЬ;;;;ЛОЖЬ;;;;;;;;;;;;;;Input;EPKS_UCB;FGS_551_1;41;;;;;;;;;;;;
BO;IB551_FGS1_HOUR;;COM;672-20;;HOUR;No;ЛОЖЬ;ЛОЖЬ;;23;;Byte;;;;;0;;;;60;;0;;;;;;;;;0;0;;;;-XXXXX.X;;;;;;;;;;;;ЛОЖЬ;ИСТИНА;;;;;;;;;;;;;;;;;Output;EPKS_UCB;FGS_551_1;11042;;;;;;;;;;;;
M;C1000_2_E;;;;;Function block marker;;ЛОЖЬ;ЛОЖЬ;;1000;;;;;;;0;;;;258;ЛОЖЬ;0;;;;;;;;;;;;;;Undefined;;;;;;;;;;;;ЛОЖЬ;ИСТИНА;;;;;;;;;;;;;;;;;;;;;;;;;;;;;;;;
M;710_712_2;;;;;AREA 6100-T.GAS ALARM;;ЛОЖЬ;ЛОЖЬ;;712;;;;;;;0;;;;279;ЛОЖЬ;0;;;;;;;0=ACTIVATED;;;;;;;Undefined;;;;;;;;;;;;ЛОЖЬ;ИСТИНА;;;;;;;;;;;;;;;;;;;;;;;;;;;;;;;;
M;C504_2_H;;;;;Function block marker;;ЛОЖЬ;ЛОЖЬ;;504;;;;;;;0;;;;2686;ЛОЖЬ;0;;;;;;;;;;;;;;Undefined;491;3428;;;;;;;;;;ЛОЖЬ;;;;;;;;;;;;;;;;;;;;;;;;;;;;;;;;;
DO;60XA203T2;;FLD;;;Horn Near E-6051;Yes;ИСТИНА;ЛОЖЬ;;692;;;;;;;0;;;;28;ИСТИНА;58132;None;;;;;;1=ON;;;;;;;Undefined;491;3428;;42.04;3;5;1;Appl;;;;ЛОЖЬ;;;;;;;;;;;;;;;;;;Output;EPKS_UCB;FGS_551_1;509;;;;;;;;;;;;
M;2490_D;;;;;      ????;;ЛОЖЬ;ЛОЖЬ;;2490;;;;;;;0;;;;467;ЛОЖЬ;0;;;;;;;;;;;;;;Undefined;;;;;;;;;;;;ЛОЖЬ;ИСТИНА;;;;;;;;;;;;;;;;;;;;;;;;;;;;;;;;
T;462_2;;;;;;;ЛОЖЬ;ЛОЖЬ;;462;;;;;;;;100 ms;10;;204;ЛОЖЬ;0;;;;;;;;;;;;;;Undefined;;;Delayed ON with constant timer value;;;;;;;;;ЛОЖЬ;ИСТИНА;;;;;;;;;;;;;;;;;;;;;;;;;;;;;;;;
M;2465_D;;;;;      ????;;ЛОЖЬ;ЛОЖЬ;;2465;;;;;;;0;;;;203;ЛОЖЬ;0;;;;;;;;;;;;;;Undefined;;;;;;;;;;;;ЛОЖЬ;ИСТИНА;;;;;;;;;;;;;;;;;;;;;;;;;;;;;;;;
M;C508_4_F;;;;;Function block marker;;ЛОЖЬ;ЛОЖЬ;;508;;;;;;;0;;;;2675;ЛОЖЬ;0;;;;;;;;;;;;;;Undefined;491;3428;;;;;;;;;;ЛОЖЬ;;;;;;;;;;;;;;;;;;;;;;;;;;;;;;;;;
DO;60XA202T1;;FLD;;;Beacon to pumping unit 6050;Yes;ИСТИНА;ЛОЖЬ;;618;;;;;;;0;;;;89;ИСТИНА;58133;None;;;;;;1=ON;;;;;;;Undefined;491;3428;;42.04;11;2;1;Appl;;;;ЛОЖЬ;;;;;;;;;;;;;;;;;;Output;EPKS_UCB;FGS_551_1;538;;;;;;;;;;;;
T;372_2;;;;;;;ЛОЖЬ;ЛОЖЬ;;372;;;;;;;;100 ms;10;;144;ЛОЖЬ;0;;;;;;;;;;;;;;Undefined;;;Delayed ON with constant timer value;;;;;;;;;ЛОЖЬ;ИСТИНА;;;;;;;;;;;;;;;;;;;;;;;;;;;;;;;;
M;632_12;;;;;;;ЛОЖЬ;ЛОЖЬ;;632;;;;;;;0;;;;2015;ЛОЖЬ;0;;;;;;;;;;;;;;Undefined;491;3428;;;;;;;;;;ЛОЖЬ;;;;;;;;;;;;;;;;;;;;;;;;;;;;;;;;;
M;C710_2;;;;;Compiler marker (256, 85);;ЛОЖЬ;ЛОЖЬ;;710;;;;;;;0;;;;303;ЛОЖЬ;0;;;;;;;;;;;;;;Undefined;;;;;;;;;;;;ЛОЖЬ;ИСТИНА;;;;;;;;;;;;;;;;;;;;;;;;;;;;;;;;
M;472_484_1;;;;;55XY459C/D_FL;;ЛОЖЬ;ЛОЖЬ;;484;;;;;;;0;;;;1833;ЛОЖЬ;0;;;;;;;0=cmdSTART;;;;;;;Undefined;491;3428;;;;;;;;;;ЛОЖЬ;;;;;;;;;;;;;;;;;;;;;;;;;;;;;;;;;
DO;60HX549OP_B1;;COM;;;Bit 1;No;ЛОЖЬ;ЛОЖЬ;;634;;;;;;;0;;;;1787;ЛОЖЬ;0;None;;;;;;;;;;;;;Undefined;491;3428;;;;;;;;;;ЛОЖЬ;;;;;;;;;;;;;;;;;;Output;EPKS_UCB;FGS_551_1;935;;;;;;;;;;;;
DO;60GA312;;COM;;;TRIP INITIATOR-Toxic gas;No;ЛОЖЬ;ЛОЖЬ;;686;;;;;;;1;;;;816;ИСТИНА;58235;None;;;;;;1=NORMAL;;;;;;;Undefined;491;3428;;;;;;;;;;ЛОЖЬ;;;;;;;;;;;;;;;;;;Output;EPKS_UCB;FGS_551_1;713;;;;;;;;;;;;
M;C548_3_D;;;;;Function block marker;;ЛОЖЬ;ЛОЖЬ;;548;;;;;;;0;;;;2606;ЛОЖЬ;0;;;;;;;;;;;;;;Undefined;491;3428;;;;;;;;;;ЛОЖЬ;;;;;;;;;;;;;;;;;;;;;;;;;;;;;;;;;
DO;55HX454_MD;;COM;;;FAN MODE;No;ЛОЖЬ;ЛОЖЬ;;486;;;;;;;0;;;;1767;ЛОЖЬ;0;None;;;;;;1=AUTO;;;;;;;Undefined;491;3428;;;;;;;;;;ЛОЖЬ;;;;;;;;;;;;;;;;;;Output;EPKS_UCB;FGS_551_1;915;;;;;;;;;;;;
M;522_4;;;;;;;ЛОЖЬ;ЛОЖЬ;;522;;;;;;;0;;;;635;ЛОЖЬ;0;;;;;;;;;;;;;;Undefined;491;3428;;;;;;;;;;ЛОЖЬ;;;;;;;;;;;;;;;;;;;;;;;;;;;;;;;;;
M;586_590_6;;;;;AREA H-6052-T.GAS ALARM;;ЛОЖЬ;ЛОЖЬ;;590;;;;;;;0;;;;2290;ЛОЖЬ;0;;;;;;;0=ACTIVATED;;;;;;;Undefined;491;3428;;;;;;;;;;ЛОЖЬ;;;;;;;;;;;;;;;;;;;;;;;;;;;;;;;;;
M;C588_1_F;;;;;Function block marker;;ЛОЖЬ;ЛОЖЬ;;588;;;;;;;0;;;;2522;ЛОЖЬ;0;;;;;;;;;;;;;;Undefined;491;3428;;;;;;;;;;ЛОЖЬ;;;;;;;;;;;;;;;;;;;;;;;;;;;;;;;;;
DI;60HS205B;;FLD;;;Beacon testingand flammable gas Horn near Н-6052;No;ИСТИНА;ЛОЖЬ;;376;;;;;;;;;;;91;ИСТИНА;58134;None;;;;;;1=ON;;;;;;;Undefined;491;3428;;42.03;11;4;1;Low;;Digital switch without loop monitoring;;ЛОЖЬ;;;;ЛОЖЬ;;;;;;;;;;;;;;Output;EPKS_UCB;FGS_551_1;452;;;;;;;;;;;;
DO;55HX454OP_B0;;COM;;;Bit 0;No;ЛОЖЬ;ЛОЖЬ;;486;;;;;;;0;;;;1765;ЛОЖЬ;0;None;;;;;;;;;;;;;Undefined;491;3428;;;;;;;;;;ЛОЖЬ;;;;;;;;;;;;;;;;;;Output;EPKS_UCB;FGS_551_1;913;;;;;;;;;;;;
M;C664_1_C;;;;;Function block marker;;ЛОЖЬ;ЛОЖЬ;;664;;;;;;;0;;;;2359;ЛОЖЬ;0;;;;;;;;;;;;;;Undefined;491;3428;;;;;;;;;;ЛОЖЬ;;;;;;;;;;;;;;;;;;;;;;;;;;;;;;;;;
DO;60XA204T2;;FLD;;;Horn Near H-6001;Yes;ИСТИНА;ЛОЖЬ;;552;;;;;;;0;;;;30;ИСТИНА;58135;None;;;;;;1=ON;;;;;;;Undefined;491;3428;;42.04;3;7;1;Appl;;;;ЛОЖЬ;;;;;;;;;;;;;;;;;;Output;EPKS_UCB;FGS_551_1;511;;;;;;;;;;;;
M;C564_2_F;;;;;Function block marker;;ЛОЖЬ;ЛОЖЬ;;564;;;;;;;0;;;;2580;ЛОЖЬ;0;;;;;;;;;;;;;;Undefined;491;3428;;;;;;;;;;ЛОЖЬ;;;;;;;;;;;;;;;;;;;;;;;;;;;;;;;;;
M;C636_2_3;;;;;Function block marker;;ЛОЖЬ;ЛОЖЬ;;636;;;;;;;0;;;;2406;ЛОЖЬ;0;;;;;;;;;;;;;;Undefined;491;3428;;;;;;;;;;ЛОЖЬ;;;;;;;;;;;;;;;;;;;;;;;;;;;;;;;;;
M;562_574_2;;;;;60GT102_RR;;ЛОЖЬ;ЛОЖЬ;;574;;;;;;;0;;;;1955;ЛОЖЬ;0;;;;;;;1=READY;;;;;;;Undefined;491;3428;;;;;;;;;;ЛОЖЬ;;;;;;;;;;;;;;;;;;;;;;;;;;;;;;;;;
M;2462_4;;;;;;;ЛОЖЬ;ЛОЖЬ;;2462;;;;;;;0;;;;1257;ЛОЖЬ;0;;;;;;;;;;;;;;Undefined;491;3428;;;;;;;;;;ЛОЖЬ;;;;;;;;;;;;;;;;;;;;;;;;;;;;;;;;;
DO;60XA305;;FLD;;;Horn on cabinet 60AT305;Yes;ИСТИНА;ЛОЖЬ;;694;;;;;;;0;;;;47;ИСТИНА;58136;None;;;;;;1=ON;;;;;;;Undefined;491;3428;;42.04;5;8;1;Appl;;;;ЛОЖЬ;;;;;;;;;;;;;;;;;;Output;EPKS_UCB;FGS_551_1;520;;;;;;;;;;;;
DO;60XS547;;COM;;;"B9A ""RUNNING""";No;ЛОЖЬ;ЛОЖЬ;;630;;;;;;;0;;;;1770;ИСТИНА;58128;None;;;;;;1=RUNNING;;;;;;;Undefined;491;3428;;;;;;;;;;ЛОЖЬ;;;;;;;;;;;;;;;;;;Output;EPKS_UCB;FGS_551_1;918;;;;;;;;;;;;
DO;60HX547OP_B0;;COM;;;Bit 0;No;ЛОЖЬ;ЛОЖЬ;;630;;;;;;;0;;;;1772;ЛОЖЬ;0;None;;;;;;;;;;;;;Undefined;491;3428;;;;;;;;;;ЛОЖЬ;;;;;;;;;;;;;;;;;;Output;EPKS_UCB;FGS_551_1;920;;;;;;;;;;;;
M;C564_2_G;;;;;Function block marker;;ЛОЖЬ;ЛОЖЬ;;564;;;;;;;0;;;;2581;ЛОЖЬ;0;;;;;;;;;;;;;;Undefined;491;3428;;;;;;;;;;ЛОЖЬ;;;;;;;;;;;;;;;;;;;;;;;;;;;;;;;;;
DI;61HS826B;;FLD;;;Beacon testing and toxic gas Horn near 6100;No;ИСТИНА;ЛОЖЬ;;712;;;;;;;;;;;54;ИСТИНА;58336;None;;;;;;1=ON;;;;;;;Undefined;;;;42.03;9;15;1;Low;;Digital switch without loop monitoring;;ЛОЖЬ;ИСТИНА;;;ЛОЖЬ;;;;;;;;;;;;;;Output;EPKS_UCB;FGS_551_1;492;;;;;;;;;;;;
DI;60HS101B;;FLD;;;Beacon 60XA101T testing;No;ИСТИНА;ЛОЖЬ;;552;;;;;;;;;;;94;ИСТИНА;58137;None;;;;;;1=ON;;;;;;;Undefined;491;3428;;42.03;11;7;1;Low;;Digital switch without loop monitoring;;ЛОЖЬ;;;;ЛОЖЬ;;;;;;;;;;;;;;Output;EPKS_UCB;FGS_551_1;455;;;;;;;;;;;;
M;C2410_1;;;;;Compiler marker (176, 103);;ЛОЖЬ;ЛОЖЬ;;2410;;;;;;;0;;;;1031;ЛОЖЬ;0;;;;;;;;;;;;;;Undefined;491;3428;;;;;;;;;;ЛОЖЬ;;;;;;;;;;;;;;;;;;;;;;;;;;;;;;;;;
M;354_4;;;;;;;ЛОЖЬ;ЛОЖЬ;;354;;;;;;;0;;;;2260;ЛОЖЬ;0;;;;;;;;;;;;;;Undefined;491;3428;;;;;;;;;;ЛОЖЬ;;;;;;;;;;;;;;;;;;;;;;;;;;;;;;;;;
DO;55HX453OP_B1;;COM;;;Bit 1;No;ЛОЖЬ;ЛОЖЬ;;484;;;;;;;0;;;;1759;ЛОЖЬ;0;None;;;;;;;;;;;;;Undefined;491;3428;;;;;;;;;;ЛОЖЬ;;;;;;;;;;;;;;;;;;Output;EPKS_UCB;FGS_551_1;907;;;;;;;;;;;;
DI;00XS551G01P01;;CAB;;;IB55-1 COMM. ALARM FGS-01 POWER SUPPLY 01;Yes;ИСТИНА;ЛОЖЬ;;22;;;;;;;;;;;8;ИСТИНА;58174;None;;;;;;1=NORMAL;;;;;;;Undefined;491;3428;;42.03;1;1;1;Low;;;;ЛОЖЬ;;;;ЛОЖЬ;;;;;;;;;;;;;;Output;EPKS_UCB;FGS_551_1;417;;;;;;;;;;;;
M;736_8;;;;;;;ЛОЖЬ;ЛОЖЬ;;736;;;;;;;0;;;;368;ЛОЖЬ;0;;;;;;;;;;;;;;Undefined;;;;;;;;;;;;ЛОЖЬ;ИСТИНА;;;;;;;;;;;;;;;;;;;;;;;;;;;;;;;;
M;C620_4_F;;;;;Function block marker;;ЛОЖЬ;ЛОЖЬ;;620;;;;;;;0;;;;2490;ЛОЖЬ;0;;;;;;;;;;;;;;Undefined;491;3428;;;;;;;;;;ЛОЖЬ;;;;;;;;;;;;;;;;;;;;;;;;;;;;;;;;;
M;850_1000_2;;;;;AREA 672-20 FL GAS;;ЛОЖЬ;ЛОЖЬ;;1000;;;;;;;0;;;;58;ЛОЖЬ;0;;;;;;;0=ACTIVATED;;;;;;;Undefined;;;;;;;;;;;;ЛОЖЬ;ИСТИНА;;;;;;;;;;;;;;;;;;;;;;;;;;;;;;;;
M;C584_1_E;;;;;Function block marker;;ЛОЖЬ;ЛОЖЬ;;584;;;;;;;0;;;;2530;ЛОЖЬ;0;;;;;;;;;;;;;;Undefined;491;3428;;;;;;;;;;ЛОЖЬ;;;;;;;;;;;;;;;;;;;;;;;;;;;;;;;;;
M;C708_1_D;;;;;Function block marker;;ЛОЖЬ;ЛОЖЬ;;708;;;;;;;0;;;;306;ЛОЖЬ;0;;;;;;;;;;;;;;Undefined;;;;;;;;;;;;ЛОЖЬ;ИСТИНА;;;;;;;;;;;;;;;;;;;;;;;;;;;;;;;;
M;C2440_1;;;;;Compiler marker (376, 66);;ЛОЖЬ;ЛОЖЬ;;2440;;;;;;;0;;;;1029;ЛОЖЬ;0;;;;;;;;;;;;;;Undefined;491;3428;;;;;;;;;;ЛОЖЬ;;;;;;;;;;;;;;;;;;;;;;;;;;;;;;;;;
M;C552_2_F;;;;;Function block marker;;ЛОЖЬ;ЛОЖЬ;;552;;;;;;;0;;;;2597;ЛОЖЬ;0;;;;;;;;;;;;;;Undefined;491;3428;;;;;;;;;;ЛОЖЬ;;;;;;;;;;;;;;;;;;;;;;;;;;;;;;;;;
M;584_4;;;;;;;ЛОЖЬ;ЛОЖЬ;;584;;;;;;;0;;;;111;ЛОЖЬ;0;;;;;;;;;;;;;;Undefined;491;3428;;;;;;;;;;ЛОЖЬ;;;;;;;;;;;;;;;;;;;;;;;;;;;;;;;;;
M;2462_K;;;;;0=Cmd DISAGREE;;ЛОЖЬ;ЛОЖЬ;;2462;;;;;;;0;;;;1665;ЛОЖЬ;0;;;;;;;;;;;;;;Undefined;491;3428;;;;;;;;;;ЛОЖЬ;;;;;;;;;;;;;;;;;;;;;;;;;;;;;;;;;
DI;55GT110_MOR;;COM;;;MO REQUEST;No;ЛОЖЬ;ИСТИНА;;330;;;;;;;0;;;;3491;ЛОЖЬ;0;None;;;;;;1=REQUEST;;;;;;;Undefined;491;3428;;;;;;Freeze;;;;ЛОЖЬ;;;;ЛОЖЬ;;;;;;;;;;;;;;Input;EPKS_UCB;FGS_551_1;36;;;;;;;;;;;;
DI;60GT101_MOR;;COM;;;MO REQUEST;No;ЛОЖЬ;ИСТИНА;;542;;;;;;;0;;;;3475;ЛОЖЬ;0;None;;;;;;1=REQUEST;;;;;;;Undefined;491;3428;;;;;;Freeze;;;;ЛОЖЬ;;;;ЛОЖЬ;;;;;;;;;;;;;;Input;EPKS_UCB;FGS_551_1;20;;;;;;;;;;;;
DO;55HX453AL_B0;;COM;;;Bit 0;No;ЛОЖЬ;ЛОЖЬ;;484;;;;;;;0;;;;1761;ЛОЖЬ;0;None;;;;;;;;;;;;;Undefined;491;3428;;;;;;;;;;ЛОЖЬ;;;;;;;;;;;;;;;;;;Output;EPKS_UCB;FGS_551_1;909;;;;;;;;;;;;
DO;55XS454C;;COM;;;B5A READY;No;ЛОЖЬ;ЛОЖЬ;;486;;;;;;;0;;;;1764;ИСТИНА;58108;None;;;;;;1=READY;;;;;;;Undefined;491;3428;;;;;;;;;;ЛОЖЬ;;;;;;;;;;;;;;;;;;Output;EPKS_UCB;FGS_551_1;912;;;;;;;;;;;;
DI;42-FaultReset;;SYS;;;Fault Reset;Yes;ЛОЖЬ;;;0;;;;;;;;;;;0;ЛОЖЬ;0;None;;;;;;1=NORMAL;;;;;;;Undefined;491;3428;;;;;;;;;;ЛОЖЬ;;;;ЛОЖЬ;;;;;;;;;;;;;;Output;EPKS_UCB;FGS_551_1;622;;;;;;;;;;;;
M;524_528_3;;;;;55GA107_FL;;ЛОЖЬ;ЛОЖЬ;;528;;;;;;;0;;;;1885;ЛОЖЬ;0;;;;;;;0=ACTIVATED;;;;;;;Undefined;491;3428;;;;;;;;;;ЛОЖЬ;;;;;;;;;;;;;;;;;;;;;;;;;;;;;;;;;
M;482_11;;;;;;;ЛОЖЬ;ЛОЖЬ;;482;;;;;;;0;;;;1810;ЛОЖЬ;0;;;;;;;;;;;;;;Undefined;491;3428;;;;;;;;;;ЛОЖЬ;;;;;;;;;;;;;;;;;;;;;;;;;;;;;;;;;
DI;60HS202A2;;FLD;;;Testing toxic gas beacon and Horn - pump room;No;ИСТИНА;ЛОЖЬ;;618;;;;;;;;;;;49;ИСТИНА;58139;None;;;;;;1=ON;;;;;;;Undefined;491;3428;;42.03;9;10;1;Low;;Digital switch without loop monitoring;;ЛОЖЬ;;;;ЛОЖЬ;;;;;;;;;;;;;;Output;EPKS_UCB;FGS_551_1;442;;;;;;;;;;;;
M;C544_3_C;;;;;Function block marker;;ЛОЖЬ;ЛОЖЬ;;544;;;;;;;0;;;;2625;ЛОЖЬ;0;;;;;;;;;;;;;;Undefined;491;3428;;;;;;;;;;ЛОЖЬ;;;;;;;;;;;;;;;;;;;;;;;;;;;;;;;;;
M;C502_1_E;;;;;Function block marker;;ЛОЖЬ;ЛОЖЬ;;502;;;;;;;0;;;;2691;ЛОЖЬ;0;;;;;;;;;;;;;;Undefined;491;3428;;;;;;;;;;ЛОЖЬ;;;;;;;;;;;;;;;;;;;;;;;;;;;;;;;;;
M;394_396_1;;;;;AREA 6050-2-FL.GAS ALARM;;ЛОЖЬ;ЛОЖЬ;;396;;;;;;;0;;;;1457;ЛОЖЬ;0;;;;;;;PULSE=ALARM;;;;;;;Undefined;491;3428;;;;;;;;;;ЛОЖЬ;;;;;;;;;;;;;;;;;;;;;;;;;;;;;;;;;
T;502_2;;;;;;;ЛОЖЬ;ЛОЖЬ;;502;;;;;;;;100 ms;10;;272;ЛОЖЬ;0;;;;;;;;;;;;;;Undefined;;;Delayed ON with constant timer value;;;;;;;;;ЛОЖЬ;ИСТИНА;;;;;;;;;;;;;;;;;;;;;;;;;;;;;;;;
M;C460_4_C;;;;;Function block marker;;ЛОЖЬ;ЛОЖЬ;;460;;;;;;;0;;;;449;ЛОЖЬ;0;;;;;;;;;;;;;;Undefined;;;;;;;;;;;;ЛОЖЬ;ИСТИНА;;;;;;;;;;;;;;;;;;;;;;;;;;;;;;;;
DO;60GT105_B0;;COM;;;Bit 0;No;ЛОЖЬ;ЛОЖЬ;;548;;;;;;;0;;;;847;ЛОЖЬ;0;None;;;;;;;;;;;;;Undefined;491;3428;;;;;;;;;;ЛОЖЬ;;;;;;;;;;;;;;;;;;Output;EPKS_UCB;FGS_551_1;730;;;;;;;;;;;;
M;C390_2_H;;;;;Function block marker;;ЛОЖЬ;ЛОЖЬ;;390;;;;;;;0;;;;2853;ЛОЖЬ;0;;;;;;;;;;;;;;Undefined;491;3428;;;;;;;;;;ЛОЖЬ;;;;;;;;;;;;;;;;;;;;;;;;;;;;;;;;;
M;616_618_2;;;;;AREA PH-60-1-T.GAS ALARM;;ЛОЖЬ;ЛОЖЬ;;618;;;;;;;0;;;;2135;ЛОЖЬ;0;;;;;;;0=ACTIVATED;;;;;;;Undefined;491;3428;;;;;;;;;;ЛОЖЬ;;;;;;;;;;;;;;;;;;;;;;;;;;;;;;;;;
M;484_9;;;;;;;ЛОЖЬ;ЛОЖЬ;;484;;;;;;;0;;;;1831;ЛОЖЬ;0;;;;;;;;;;;;;;Undefined;491;3428;;;;;;;;;;ЛОЖЬ;;;;;;;;;;;;;;;;;;;;;;;;;;;;;;;;;
DI;42-CP1_Running;;SYS;;;CP 1 running;Yes;ЛОЖЬ;;;20;;;;;;;;;;;18;ЛОЖЬ;0;None;;;;;;1=NORMAL;;;;;;;Undefined;491;3428;;;;;;;;;;ЛОЖЬ;;;;ЛОЖЬ;;;;;;;;;;;;;;Output;EPKS_UCB;FGS_551_1;603;;;;;;;;;;;;
DO;FGS_551_1.60XA291_1;;FSC;;;T.GD act. in 6000-5-GDAP-U,F,G lamp;Yes;ЛОЖЬ;ЛОЖЬ;;736;;;;;;;0;;;;354;ЛОЖЬ;0;None;;;;;;PULSE=ALARM;;;;;;;Undefined;;;;;;;;;;;;ЛОЖЬ;ИСТИНА;;;;;Output;FGS_002_1;FGS_551_1;69;;;;;;;;;;;;;;;;;;;;;;;;
DO;60GT311_B2;;COM;;;Bit 2;No;ЛОЖЬ;ЛОЖЬ;;664;;;;;;;0;;;;804;ЛОЖЬ;0;None;;;;;;;;;;;;;Undefined;491;3428;;;;;;;;;;ЛОЖЬ;;;;;;;;;;;;;;;;;;Output;EPKS_UCB;FGS_551_1;695;;;;;;;;;;;;
DO;60GA103;;COM;;;TRIP INITIATOR-Toxic gas;No;ЛОЖЬ;ЛОЖЬ;;544;;;;;;;1;;;;856;ИСТИНА;58246;None;;;;;;1=NORMAL;;;;;;;Undefined;491;3428;;;;;;;;;;ЛОЖЬ;;;;;;;;;;;;;;;;;;Output;EPKS_UCB;FGS_551_1;739;;;;;;;;;;;;
M;C372_4_D;;;;;Function block marker;;ЛОЖЬ;ЛОЖЬ;;372;;;;;;;0;;;;2863;ЛОЖЬ;0;;;;;;;;;;;;;;Undefined;491;3428;;;;;;;;;;ЛОЖЬ;;;;;;;;;;;;;;;;;;;;;;;;;;;;;;;;;
DI;00XS551G01ELD;;CAB;;;IB55-1 COMM. ALARM FGS-01 EARTH LEAKAGE;Yes;ИСТИНА;ЛОЖЬ;;22;;;;;;;;;;;1;ИСТИНА;58176;None;;;;;;0=ALARM;;;;;;;Undefined;491;3428;;42.03;1;10;1;Low;;;;ЛОЖЬ;;;;ЛОЖЬ;;;;;;;;;;;;;;Output;EPKS_UCB;FGS_551_1;426;;;;;;;;;;;;
DI;60HS203B;;FLD;;;Beacon testing and flammable gas Horn near Е-6051;No;ИСТИНА;ЛОЖЬ;;396;;;;;;;;;;;52;ИСТИНА;58140;None;;;;;;1=ON;;;;;;;Undefined;491;3428;;42.03;9;13;1;Low;;Digital switch without loop monitoring;;ЛОЖЬ;;;;ЛОЖЬ;;;;;;;;;;;;;;Output;EPKS_UCB;FGS_551_1;445;;;;;;;;;;;;
M;C2463_8;;;;;Compiler marker (424, 216);;ЛОЖЬ;ЛОЖЬ;;2463;;;;;;;0;;;;136;ЛОЖЬ;0;;;;;;;;;;;;;;Undefined;491;3428;;;;;;;;;;ЛОЖЬ;;;;;;;;;;;;;;;;;;;;;;;;;;;;;;;;;
M;C630_2_1;;;;;Function block marker;;ЛОЖЬ;ЛОЖЬ;;630;;;;;;;0;;;;2467;ЛОЖЬ;0;;;;;;;;;;;;;;Undefined;491;3428;;;;;;;;;;ЛОЖЬ;;;;;;;;;;;;;;;;;;;;;;;;;;;;;;;;;
DO;55HY459G_TF;;COM;;;CHANNEL OR LINE FAULT;No;ЛОЖЬ;ЛОЖЬ;;861;;;;;;;0;;;;454;ЛОЖЬ;0;None;;;;;;0=FAULT;;;;;;;Undefined;;;;;;;;;;;;ЛОЖЬ;ИСТИНА;;;;;;;;;;;;;;;;;Output;EPKS_UCB;FGS_551_1;968;;;;;;;;;;;;
T;390_2;;;;;;;ЛОЖЬ;ЛОЖЬ;;390;;;;;;;;100 ms;10;;164;ЛОЖЬ;0;;;;;;;;;;;;;;Undefined;;;Delayed ON with constant timer value;;;;;;;;;ЛОЖЬ;ИСТИНА;;;;;;;;;;;;;;;;;;;;;;;;;;;;;;;;
DI;60HS305B;;FLD;;;Beacon testing 60XA305T;No;ИСТИНА;ЛОЖЬ;;694;;;;;;;;;;;86;ИСТИНА;58141;None;;;;;;1=ON;;;;;;;Undefined;491;3428;;42.03;11;15;1;Low;;Digital switch without loop monitoring;;ЛОЖЬ;;;;ЛОЖЬ;;;;;;;;;;;;;;Output;EPKS_UCB;FGS_551_1;463;;;;;;;;;;;;
M;2410_A;;;;;DI Channel OR (1=Normal);;ЛОЖЬ;ЛОЖЬ;;2410;;;;;;;0;;;;1675;ЛОЖЬ;0;;;;;;;;;;;;;;Undefined;491;3428;;;;;;;;;;ЛОЖЬ;;;;;;;;;;;;;;;;;;;;;;;;;;;;;;;;;
DI;55HS451A;;COM;;;DCS START;No;ЛОЖЬ;ИСТИНА;;480;;;;;;;0;;;;3526;ЛОЖЬ;0;None;;;;;;1=DCScmdSTART;;;;;;;Undefined;491;3428;;;;;;Low;;;;ЛОЖЬ;;;;ЛОЖЬ;;;;;;;;;;;;;;Input;EPKS_UCB;FGS_551_1;71;;;;;;;;;;;;
DO;FGS_551_1_F7;;COM;;;SafeNet Status FGS-002-1 - FGS-551-1;No;ЛОЖЬ;ЛОЖЬ;;60;;;;;;;1;;;;138;ИСТИНА;58270;None;;;;;;1=NORMAL;;;;;;;Undefined;491;3428;;;;;;;;;;ЛОЖЬ;;;;;;;;;;;;;;;;;;Output;EPKS_UCB;FGS_551_1;947;;;;;;;;;;;;
M;C688_2_F;;;;;Function block marker;;ЛОЖЬ;ЛОЖЬ;;688;;;;;;;0;;;;2320;ЛОЖЬ;0;;;;;;;;;;;;;;Undefined;491;3428;;;;;;;;;;ЛОЖЬ;;;;;;;;;;;;;;;;;;;;;;;;;;;;;;;;;
M;530_3;;;;;;;ЛОЖЬ;ЛОЖЬ;;530;;;;;;;0;;;;1883;ЛОЖЬ;0;;;;;;;;;;;;;;Undefined;491;3428;;;;;;;;;;ЛОЖЬ;;;;;;;;;;;;;;;;;;;;;;;;;;;;;;;;;
M;614_2;;;;;;;ЛОЖЬ;ЛОЖЬ;;614;;;;;;;0;;;;215;ЛОЖЬ;0;;;;;;;;;;;;;;Undefined;491;3428;;;;;;;;;;ЛОЖЬ;;;;;;;;;;;;;;;;;;;;;;;;;;;;;;;;;
M;630_12;;;;;;;ЛОЖЬ;ЛОЖЬ;;630;;;;;;;0;;;;2120;ЛОЖЬ;0;;;;;;;;;;;;;;Undefined;491;3428;;;;;;;;;;ЛОЖЬ;;;;;;;;;;;;;;;;;;;;;;;;;;;;;;;;;
M;650_730_1;;;;;Ack gas area 672-20;;ЛОЖЬ;ЛОЖЬ;;730;;;;;;;0;;;;198;ЛОЖЬ;0;;;;;;;1=ACK;;;;;;;Undefined;;;;;;;;;;;;ЛОЖЬ;ИСТИНА;;;;;;;;;;;;;;;;;;;;;;;;;;;;;;;;
M;C552_1_E;;;;;Function block marker;;ЛОЖЬ;ЛОЖЬ;;552;;;;;;;0;;;;2593;ЛОЖЬ;0;;;;;;;;;;;;;;Undefined;491;3428;;;;;;;;;;ЛОЖЬ;;;;;;;;;;;;;;;;;;;;;;;;;;;;;;;;;
DO;FGS_551_1.55XA603_1;;FSC;;;T.GD act. in 5500-1-GDAP-U,F,G lamp;Yes;ЛОЖЬ;ЛОЖЬ;;506;;;;;;;0;;;;1064;ЛОЖЬ;0;None;;;;;;PULSE=ALARM;;;;;;;Undefined;491;3428;;;;;;;;;;ЛОЖЬ;;;;;;Output;FGS_002_1;FGS_551_1;34;;;;;;;;;;;;;;;;;;;;;;;;
M;618_2;;;;;;;ЛОЖЬ;ЛОЖЬ;;618;;;;;;;0;;;;2132;ЛОЖЬ;0;;;;;;;;;;;;;;Undefined;491;3428;;;;;;;;;;ЛОЖЬ;;;;;;;;;;;;;;;;;;;;;;;;;;;;;;;;;
M;C484_2_3;;;;;Function block marker;;ЛОЖЬ;ЛОЖЬ;;484;;;;;;;0;;;;2737;ЛОЖЬ;0;;;;;;;;;;;;;;Undefined;491;3428;;;;;;;;;;ЛОЖЬ;;;;;;;;;;;;;;;;;;;;;;;;;;;;;;;;;
M;C522_3_D;;;;;Function block marker;;ЛОЖЬ;ЛОЖЬ;;522;;;;;;;0;;;;2670;ЛОЖЬ;0;;;;;;;;;;;;;;Undefined;491;3428;;;;;;;;;;ЛОЖЬ;;;;;;;;;;;;;;;;;;;;;;;;;;;;;;;;;
M;C584_1_B;;;;;Function block marker;;ЛОЖЬ;ЛОЖЬ;;584;;;;;;;0;;;;2527;ЛОЖЬ;0;;;;;;;;;;;;;;Undefined;491;3428;;;;;;;;;;ЛОЖЬ;;;;;;;;;;;;;;;;;;;;;;;;;;;;;;;;;
DO;60GT107_B2;;COM;;;Bit 2;No;ЛОЖЬ;ЛОЖЬ;;566;;;;;;;0;;;;869;ЛОЖЬ;0;None;;;;;;;;;;;;;Undefined;491;3428;;;;;;;;;;ЛОЖЬ;;;;;;;;;;;;;;;;;;Output;EPKS_UCB;FGS_551_1;753;;;;;;;;;;;;
M;C502_3_D;;;;;Function block marker;;ЛОЖЬ;ЛОЖЬ;;502;;;;;;;0;;;;2693;ЛОЖЬ;0;;;;;;;;;;;;;;Undefined;491;3428;;;;;;;;;;ЛОЖЬ;;;;;;;;;;;;;;;;;;;;;;;;;;;;;;;;;
T;2407_1;;;;;;;ЛОЖЬ;ЛОЖЬ;;2407;;;;;;;;100 ms;10;;184;ЛОЖЬ;0;;;;;;;;;;;;;;Undefined;491;3428;Delayed ON with constant timer value;;;;;;;;;ЛОЖЬ;;;;;;;;;;;;;;;;;;;;;;;;;;;;;;;;;
DO;60GT307_B0;;COM;;;Bit 0;No;ЛОЖЬ;ЛОЖЬ;;610;;;;;;;0;;;;762;ЛОЖЬ;0;None;;;;;;;;;;;;;Undefined;491;3428;;;;;;;;;;ЛОЖЬ;;;;;;;;;;;;;;;;;;Output;EPKS_UCB;FGS_551_1;648;;;;;;;;;;;;
M;C632_1_Q;;;;;Function block marker;;ЛОЖЬ;ЛОЖЬ;;632;;;;;;;0;;;;2436;ЛОЖЬ;0;;;;;;;;;;;;;;Undefined;491;3428;;;;;;;;;;ЛОЖЬ;;;;;;;;;;;;;;;;;;;;;;;;;;;;;;;;;
DO;55GT104_B0;;COM;;;Bit 0;No;ЛОЖЬ;ЛОЖЬ;;502;;;;;;;0;;;;767;ЛОЖЬ;0;None;;;;;;;;;;;;;Undefined;491;3428;;;;;;;;;;ЛОЖЬ;;;;;;;;;;;;;;;;;;Output;EPKS_UCB;FGS_551_1;656;;;;;;;;;;;;
T;634_6;;;;;;;ЛОЖЬ;ЛОЖЬ;;634;;;;;;;;10 ms;1;;92;ЛОЖЬ;0;;;;;;;;;;;;;;Undefined;491;3428;Delayed ON memorize with constant timer value;;;;;;;;;ЛОЖЬ;;;;;;;;;;;;;;;;;;;;;;;;;;;;;;;;;
DI;42-ExtComFaultCC3;;SYS;;;Ext com fault Com ch 3;Yes;ЛОЖЬ;;;20;;;;;;;;;;;8;ЛОЖЬ;0;None;;;;;;1=NORMAL;;;;;;;Undefined;491;3428;;;;;;;;;;ЛОЖЬ;;;;ЛОЖЬ;;;;;;;;;;;;;;Output;EPKS_UCB;FGS_551_1;607;;;;;;;;;;;;
M;C706_1_C;;;;;Function block marker;;ЛОЖЬ;ЛОЖЬ;;706;;;;;;;0;;;;315;ЛОЖЬ;0;;;;;;;;;;;;;;Undefined;;;;;;;;;;;;ЛОЖЬ;ИСТИНА;;;;;;;;;;;;;;;;;;;;;;;;;;;;;;;;
M;C706_3_C;;;;;Function block marker;;ЛОЖЬ;ЛОЖЬ;;706;;;;;;;0;;;;319;ЛОЖЬ;0;;;;;;;;;;;;;;Undefined;;;;;;;;;;;;ЛОЖЬ;ИСТИНА;;;;;;;;;;;;;;;;;;;;;;;;;;;;;;;;
AI;60GT318;;FLD;;;C4H10 in air of outer installation 6050;Yes;ИСТИНА;ЛОЖЬ;;372;ЛОЖЬ;Long;0-20mA;0;3276;;;;;;168;ЛОЖЬ;58143;;None;None;None;None;;;;0;0;;;;-XXXXX.X;0;4095;;42.03;7;9;1;Bottom scale;;;;ЛОЖЬ;;ЛОЖЬ;;;;;;;;;;;;;;;;Output;EPKS_UCB;FGS_551_1;11185;;;;;;;;;;;;
M;662_5;;;;;;;ЛОЖЬ;ЛОЖЬ;;662;;;;;;;0;;;;213;ЛОЖЬ;0;;;;;;;;;;;;;;Undefined;491;3428;;;;;;;;;;ЛОЖЬ;;;;;;;;;;;;;;;;;;;;;;;;;;;;;;;;;
DO;55HX452AL_B0;;COM;;;Bit 0;No;ЛОЖЬ;ЛОЖЬ;;482;;;;;;;0;;;;1754;ЛОЖЬ;0;None;;;;;;;;;;;;;Undefined;491;3428;;;;;;;;;;ЛОЖЬ;;;;;;;;;;;;;;;;;;Output;EPKS_UCB;FGS_551_1;902;;;;;;;;;;;;
M;374_376_1;;;;;AREA H-6052-FL.GAS ALARM;;ЛОЖЬ;ЛОЖЬ;;376;;;;;;;0;;;;1430;ЛОЖЬ;0;;;;;;;PULSE=ALARM;;;;;;;Undefined;491;3428;;;;;;;;;;ЛОЖЬ;;;;;;;;;;;;;;;;;;;;;;;;;;;;;;;;;
M;616_852_1;;;;;AREA PH-60-1-T.GAS ALARM;;ЛОЖЬ;ЛОЖЬ;;852;;;;;;;0;;;;2294;ЛОЖЬ;0;;;;;;;PULSE=ALARM;;;;;;;Undefined;491;3428;;;;;;;;;;ЛОЖЬ;;;;;;;;;;;;;;;;;;;;;;;;;;;;;;;;;
M;314_850_2;;;;;AREA 5500-1-FL.GAS ALARM;;ЛОЖЬ;ЛОЖЬ;;850;;;;;;;0;;;;2267;ЛОЖЬ;0;;;;;;;0=ACTIVATED;;;;;;;Undefined;491;3428;;;;;;;;;;ЛОЖЬ;;;;;;;;;;;;;;;;;;;;;;;;;;;;;;;;;
M;540_544_2;;;;;60HS204D;;ЛОЖЬ;ЛОЖЬ;;544;;;;;;;0;;;;1933;ЛОЖЬ;0;;;;;;;1=RESET;;;;;;;Undefined;491;3428;;;;;;;;;;ЛОЖЬ;;;;;;;;;;;;;;;;;;;;;;;;;;;;;;;;;
T;662_2;;;;;;;ЛОЖЬ;ЛОЖЬ;;662;;;;;;;;100 ms;10;;484;ЛОЖЬ;0;;;;;;;;;;;;;;Undefined;;;Delayed ON with constant timer value;;;;;;;;;ЛОЖЬ;ИСТИНА;;;;;;;;;;;;;;;;;;;;;;;;;;;;;;;;
M;C734_3_A;;;;;Compiler marker;;ЛОЖЬ;ЛОЖЬ;;734;;;;;;;0;;;;371;ЛОЖЬ;0;;;;;;;;;;;;;;Undefined;;;;;;;;;;;;ЛОЖЬ;ИСТИНА;;;;;;;;;;;;;;;;;;;;;;;;;;;;;;;;
DO;60GT191_B0;;COM;;;Bit 0;No;ЛОЖЬ;ЛОЖЬ;;734;;;;;;;0;;;;37;ЛОЖЬ;0;None;;;;;;;;;;;;;Undefined;;;;;;;;;;;;ЛОЖЬ;ИСТИНА;;;;;;;;;;;;;;;;;Output;EPKS_UCB;FGS_551_1;419;;;;;;;;;;;;
M;570_5;;;;;;;ЛОЖЬ;ЛОЖЬ;;570;;;;;;;0;;;;1951;ЛОЖЬ;0;;;;;;;;;;;;;;Undefined;491;3428;;;;;;;;;;ЛОЖЬ;;;;;;;;;;;;;;;;;;;;;;;;;;;;;;;;;
AI;60GT191;;FLD;;;H2S at ext. inst. 6000-5;Yes;ИСТИНА;ЛОЖЬ;;734;ЛОЖЬ;Long;0-20mA;0;3276;;;;;;116;ЛОЖЬ;58328;;None;None;None;None;;;;0;0;;;;-XXXXX.X;0;4095;;42.03;5;13;1;Bottom scale;;;;ЛОЖЬ;ИСТИНА;ЛОЖЬ;;;;;;;;;;;;;;;;Output;EPKS_UCB;FGS_551_1;11026;;;;;;;;;;;;
M;C332_1_B;;;;;Function block marker;;ЛОЖЬ;ЛОЖЬ;;332;;;;;;;0;;;;2892;ЛОЖЬ;0;;;;;;;;;;;;;;Undefined;491;3428;;;;;;;;;;ЛОЖЬ;;;;;;;;;;;;;;;;;;;;;;;;;;;;;;;;;
T;632_6;;;;;;;ЛОЖЬ;ЛОЖЬ;;632;;;;;;;;10 ms;1;;72;ЛОЖЬ;0;;;;;;;;;;;;;;Undefined;491;3428;Delayed ON memorize with constant timer value;;;;;;;;;ЛОЖЬ;;;;;;;;;;;;;;;;;;;;;;;;;;;;;;;;;
M;340_360_1;;;;;Ack gas area 672-20;;ЛОЖЬ;ЛОЖЬ;;360;;;;;;;0;;;;178;ЛОЖЬ;0;;;;;;;1=ACK;;;;;;;Undefined;;;;;;;;;;;;ЛОЖЬ;ИСТИНА;;;;;;;;;;;;;;;;;;;;;;;;;;;;;;;;
DO;55GA106;;COM;;;TRIP INITIATOR-Toxic gas;No;ЛОЖЬ;ЛОЖЬ;;522;;;;;;;1;;;;781;ИСТИНА;58217;None;;;;;;1=NORMAL;;;;;;;Undefined;491;3428;;;;;;;;;;ЛОЖЬ;;;;;;;;;;;;;;;;;;Output;EPKS_UCB;FGS_551_1;671;;;;;;;;;;;;
M;C312_4_C;;;;;Function block marker;;ЛОЖЬ;ЛОЖЬ;;312;;;;;;;0;;;;2920;ЛОЖЬ;0;;;;;;;;;;;;;;Undefined;491;3428;;;;;;;;;;ЛОЖЬ;;;;;;;;;;;;;;;;;;;;;;;;;;;;;;;;;
M;C632_1_J;;;;;Function block marker;;ЛОЖЬ;ЛОЖЬ;;632;;;;;;;0;;;;2429;ЛОЖЬ;0;;;;;;;;;;;;;;Undefined;491;3428;;;;;;;;;;ЛОЖЬ;;;;;;;;;;;;;;;;;;;;;;;;;;;;;;;;;
M;480_10;;;;;;;ЛОЖЬ;ЛОЖЬ;;480;;;;;;;0;;;;1652;ЛОЖЬ;0;;;;;;;;;;;;;;Undefined;491;3428;;;;;;;;;;ЛОЖЬ;;;;;;;;;;;;;;;;;;;;;;;;;;;;;;;;;
DO;55XY459C_B0;;COM;;;Bit 0;No;ЛОЖЬ;ЛОЖЬ;;472;;;;;;;0;;;;1724;ИСТИНА;58316;None;;;;;;;;;;;;;Undefined;491;3428;;;;;;;;;;ЛОЖЬ;;;;;;;;;;;;;;;;;;Output;EPKS_UCB;FGS_551_1;872;;;;;;;;;;;;
M;C472_2_E;;;;;Function block marker;;ЛОЖЬ;ЛОЖЬ;;472;;;;;;;0;;;;2796;ЛОЖЬ;0;;;;;;;;;;;;;;Undefined;491;3428;;;;;;;;;;ЛОЖЬ;;;;;;;;;;;;;;;;;;;;;;;;;;;;;;;;;
M;C390_4_D;;;;;Function block marker;;ЛОЖЬ;ЛОЖЬ;;390;;;;;;;0;;;;2850;ЛОЖЬ;0;;;;;;;;;;;;;;Undefined;491;3428;;;;;;;;;;ЛОЖЬ;;;;;;;;;;;;;;;;;;;;;;;;;;;;;;;;;
DI;42-ExtComFaultCC2;;SYS;;;Ext com fault Com ch 2;Yes;ЛОЖЬ;;;20;;;;;;;;;;;7;ЛОЖЬ;0;None;;;;;;1=NORMAL;;;;;;;Undefined;491;3428;;;;;;;;;;ЛОЖЬ;;;;ЛОЖЬ;;;;;;;;;;;;;;Output;EPKS_UCB;FGS_551_1;606;;;;;;;;;;;;
DO;60HX547AL_B0;;COM;;;Bit 0;No;ЛОЖЬ;ЛОЖЬ;;630;;;;;;;0;;;;1775;ЛОЖЬ;0;None;;;;;;;;;;;;;Undefined;491;3428;;;;;;;;;;ЛОЖЬ;;;;;;;;;;;;;;;;;;Output;EPKS_UCB;FGS_551_1;923;;;;;;;;;;;;
DO;55XY459C_MOC;;COM;;;MO CONFIRM;No;ЛОЖЬ;ЛОЖЬ;;472;;;;;;;0;;;;1726;ИСТИНА;58317;None;;;;;;1=CONFIRMED;;;;;;;Undefined;491;3428;;;;;;;;;;ЛОЖЬ;;;;;;;;;;;;;;;;;;Output;EPKS_UCB;FGS_551_1;874;;;;;;;;;;;;
DO;55GT106_B0;;COM;;;Bit 0;No;ЛОЖЬ;ЛОЖЬ;;522;;;;;;;0;;;;777;ЛОЖЬ;0;None;;;;;;;;;;;;;Undefined;491;3428;;;;;;;;;;ЛОЖЬ;;;;;;;;;;;;;;;;;;Output;EPKS_UCB;FGS_551_1;667;;;;;;;;;;;;
M;634_8;;;;;;;ЛОЖЬ;ЛОЖЬ;;634;;;;;;;0;;;;1638;ЛОЖЬ;0;;;;;;;;;;;;;;Undefined;491;3428;;;;;;;;;;ЛОЖЬ;;;;;;;;;;;;;;;;;;;;;;;;;;;;;;;;;
M;C708_3_D;;;;;Function block marker;;ЛОЖЬ;ЛОЖЬ;;708;;;;;;;0;;;;310;ЛОЖЬ;0;;;;;;;;;;;;;;Undefined;;;;;;;;;;;;ЛОЖЬ;ИСТИНА;;;;;;;;;;;;;;;;;;;;;;;;;;;;;;;;
T;566_2;;;;;;;ЛОЖЬ;ЛОЖЬ;;566;;;;;;;;100 ms;10;;376;ЛОЖЬ;0;;;;;;;;;;;;;;Undefined;;;Delayed ON with constant timer value;;;;;;;;;ЛОЖЬ;ИСТИНА;;;;;;;;;;;;;;;;;;;;;;;;;;;;;;;;
M;C392_2_E;;;;;Function block marker;;ЛОЖЬ;ЛОЖЬ;;392;;;;;;;0;;;;2837;ЛОЖЬ;0;;;;;;;;;;;;;;Undefined;491;3428;;;;;;;;;;ЛОЖЬ;;;;;;;;;;;;;;;;;;;;;;;;;;;;;;;;;
M;C568_2_F;;;;;Function block marker;;ЛОЖЬ;ЛОЖЬ;;568;;;;;;;0;;;;2560;ЛОЖЬ;0;;;;;;;;;;;;;;Undefined;491;3428;;;;;;;;;;ЛОЖЬ;;;;;;;;;;;;;;;;;;;;;;;;;;;;;;;;;
DO;55HY459E_TF;;COM;;;CHANNEL OR LINE FAULT;No;ЛОЖЬ;ЛОЖЬ;;861;;;;;;;0;;;;453;ЛОЖЬ;0;None;;;;;;0=FAULT;;;;;;;Undefined;;;;;;;;;;;;ЛОЖЬ;ИСТИНА;;;;;;;;;;;;;;;;;Output;EPKS_UCB;FGS_551_1;967;;;;;;;;;;;;
DO;FGS_551_1_F2;;COM;;;Ext. Communication Fault;No;ЛОЖЬ;ЛОЖЬ;;20;;;;;;;1;;;;753;ИСТИНА;58199;None;;;;;;1=NORMAL;;;;;;;Undefined;491;3428;;;;;;;;;;ЛОЖЬ;;;;;;;;;;;;;;;;;;Output;EPKS_UCB;FGS_551_1;635;;;;;;;;;;;;
M;2407_E;;;;;0=HH ALARM;;ЛОЖЬ;ЛОЖЬ;;2407;;;;;;;0;;;;1494;ЛОЖЬ;0;;;;;;;;;;;;;;Undefined;491;3428;;;;;;;;;;ЛОЖЬ;;;;;;;;;;;;;;;;;;;;;;;;;;;;;;;;;
T;370_1;;;;;;;ЛОЖЬ;ЛОЖЬ;;370;;;;;;;;100 ms;10;;152;ЛОЖЬ;0;;;;;;;;;;;;;;Undefined;;;Delayed ON with constant timer value;;;;;;;;;ЛОЖЬ;ИСТИНА;;;;;;;;;;;;;;;;;;;;;;;;;;;;;;;;
DI;55HS202B;;FLD;;;Testing flammable gas presence beacon and Horn near V-5501;No;ИСТИНА;ЛОЖЬ;;316;;;;;;;;;;;60;ИСТИНА;58145;None;;;;;;1=ON;;;;;;;Undefined;491;3428;;42.03;9;5;1;Low;;Digital switch without loop monitoring;;ЛОЖЬ;;;;ЛОЖЬ;;;;;;;;;;;;;;Output;EPKS_UCB;FGS_551_1;437;;;;;;;;;;;;
M;692_18;;;;;;;ЛОЖЬ;ЛОЖЬ;;692;;;;;;;0;;;;2218;ЛОЖЬ;0;;;;;;;;;;;;;;Undefined;491;3428;;;;;;;;;;ЛОЖЬ;;;;;;;;;;;;;;;;;;;;;;;;;;;;;;;;;
T;552_4;;;;;;;ЛОЖЬ;ЛОЖЬ;;552;;;;;;;;1 s;30;;184;ЛОЖЬ;0;;;;;;;;;;;;;;Undefined;491;3428;Delayed OFF with constant timer value;;;;;;;;;ЛОЖЬ;;;;;;;;;;;;;;;;;;;;;;;;;;;;;;;;;
M;C634_2_K;;;;;Function block marker;;ЛОЖЬ;ЛОЖЬ;;634;;;;;;;0;;;;2422;ЛОЖЬ;0;;;;;;;;;;;;;;Undefined;491;3428;;;;;;;;;;ЛОЖЬ;;;;;;;;;;;;;;;;;;;;;;;;;;;;;;;;;
M;C566_1_C;;;;;Function block marker;;ЛОЖЬ;ЛОЖЬ;;566;;;;;;;0;;;;2565;ЛОЖЬ;0;;;;;;;;;;;;;;Undefined;491;3428;;;;;;;;;;ЛОЖЬ;;;;;;;;;;;;;;;;;;;;;;;;;;;;;;;;;
DO;60GT301_B0;;COM;;;Bit 0;No;ЛОЖЬ;ЛОЖЬ;;682;;;;;;;0;;;;817;ЛОЖЬ;0;None;;;;;;;;;;;;;Undefined;491;3428;;;;;;;;;;ЛОЖЬ;;;;;;;;;;;;;;;;;;Output;EPKS_UCB;FGS_551_1;699;;;;;;;;;;;;
M;550_552_4;;;;;6000-1_TGD_A;;ЛОЖЬ;ЛОЖЬ;;552;;;;;;;0;;;;1943;ЛОЖЬ;0;;;;;;;0=ALARM;;;;;;;Undefined;491;3428;;;;;;;;;;ЛОЖЬ;;;;;;;;;;;;;;;;;;;;;;;;;;;;;;;;;
T;332_2;;;;;;;ЛОЖЬ;ЛОЖЬ;;332;;;;;;;;100 ms;10;;112;ЛОЖЬ;0;;;;;;;;;;;;;;Undefined;;;Delayed ON with constant timer value;;;;;;;;;ЛОЖЬ;ИСТИНА;;;;;;;;;;;;;;;;;;;;;;;;;;;;;;;;
M;C548_1_E;;;;;Function block marker;;ЛОЖЬ;ЛОЖЬ;;548;;;;;;;0;;;;2604;ЛОЖЬ;0;;;;;;;;;;;;;;Undefined;491;3428;;;;;;;;;;ЛОЖЬ;;;;;;;;;;;;;;;;;;;;;;;;;;;;;;;;;
M;C482_2_K;;;;;Function block marker;;ЛОЖЬ;ЛОЖЬ;;482;;;;;;;0;;;;2753;ЛОЖЬ;0;;;;;;;;;;;;;;Undefined;491;3428;;;;;;;;;;ЛОЖЬ;;;;;;;;;;;;;;;;;;;;;;;;;;;;;;;;;
M;710_720_2;;;;;AREA 6100-T.GAS ALARM;;ЛОЖЬ;ЛОЖЬ;;720;;;;;;;0;;;;294;ЛОЖЬ;0;;;;;;;0=ACTIVATED;;;;;;;Undefined;;;;;;;;;;;;ЛОЖЬ;ИСТИНА;;;;;;;;;;;;;;;;;;;;;;;;;;;;;;;;
M;C548_3_C;;;;;Function block marker;;ЛОЖЬ;ЛОЖЬ;;548;;;;;;;0;;;;2605;ЛОЖЬ;0;;;;;;;;;;;;;;Undefined;491;3428;;;;;;;;;;ЛОЖЬ;;;;;;;;;;;;;;;;;;;;;;;;;;;;;;;;;
DO;55HY459C;;MCC;;;Start at gas pollution at В3А;Yes;ИСТИНА;ЛОЖЬ;;482;;;;;;;0;;;;170;ИСТИНА;58146;None;;;;;;1=cmdSTART;;;;;;;Undefined;491;3428;;42.05;1;3;1;Appl;;;ИСТИНА;ЛОЖЬ;;;;;;;;;;;;;;;;;;Output;EPKS_UCB;FGS_551_1;555;;;;;;;;;;;;
DO;60GA102;;COM;;;TRIP INITIATOR-Toxic gas;No;ЛОЖЬ;ЛОЖЬ;;562;;;;;;;1;;;;861;ИСТИНА;58249;None;;;;;;1=NORMAL;;;;;;;Undefined;491;3428;;;;;;;;;;ЛОЖЬ;;;;;;;;;;;;;;;;;;Output;EPKS_UCB;FGS_551_1;745;;;;;;;;;;;;
M;C480_2_K;;;;;Function block marker;;ЛОЖЬ;ЛОЖЬ;;480;;;;;;;0;;;;2774;ЛОЖЬ;0;;;;;;;;;;;;;;Undefined;491;3428;;;;;;;;;;ЛОЖЬ;;;;;;;;;;;;;;;;;;;;;;;;;;;;;;;;;
M;C546_1_D;;;;;Function block marker;;ЛОЖЬ;ЛОЖЬ;;546;;;;;;;0;;;;2613;ЛОЖЬ;0;;;;;;;;;;;;;;Undefined;491;3428;;;;;;;;;;ЛОЖЬ;;;;;;;;;;;;;;;;;;;;;;;;;;;;;;;;;
M;C668_4_E;;;;;Function block marker;;ЛОЖЬ;ЛОЖЬ;;668;;;;;;;0;;;;2353;ЛОЖЬ;0;;;;;;;;;;;;;;Undefined;491;3428;;;;;;;;;;ЛОЖЬ;;;;;;;;;;;;;;;;;;;;;;;;;;;;;;;;;
T;472_1;;;;;;;ЛОЖЬ;ЛОЖЬ;;472;;;;;;;;100 ms;5;;220;ЛОЖЬ;0;;;;;;;;;;;;;;Undefined;491;3428;Delayed ON with constant timer value;;;;;;;;;ЛОЖЬ;;;;;;;;;;;;;;;;;;;;;;;;;;;;;;;;;
T;542_1;;;;;;;ЛОЖЬ;ЛОЖЬ;;542;;;;;;;;100 ms;10;;344;ЛОЖЬ;0;;;;;;;;;;;;;;Undefined;;;Delayed ON with constant timer value;;;;;;;;;ЛОЖЬ;ИСТИНА;;;;;;;;;;;;;;;;;;;;;;;;;;;;;;;;
M;C370_3_G;;;;;Function block marker;;ЛОЖЬ;ЛОЖЬ;;370;;;;;;;0;;;;2875;ЛОЖЬ;0;;;;;;;;;;;;;;Undefined;491;3428;;;;;;;;;;ЛОЖЬ;;;;;;;;;;;;;;;;;;;;;;;;;;;;;;;;;
DI;42-Flasher-2Hz;;SYS;;;2 Hz flasher;No;ЛОЖЬ;;;0;;;;;;;;;;;29;ЛОЖЬ;0;None;;;;;;;;;;;;;Undefined;491;3428;;;;;;;;;;ЛОЖЬ;;;;ЛОЖЬ;;;;;;;;;;;;;;;;;;;;;;;;;;;;;
M;C484_2_J;;;;;Function block marker;;ЛОЖЬ;ЛОЖЬ;;484;;;;;;;0;;;;2731;ЛОЖЬ;0;;;;;;;;;;;;;;Undefined;491;3428;;;;;;;;;;ЛОЖЬ;;;;;;;;;;;;;;;;;;;;;;;;;;;;;;;;;
M;C522_1_E;;;;;Function block marker;;ЛОЖЬ;ЛОЖЬ;;522;;;;;;;0;;;;2668;ЛОЖЬ;0;;;;;;;;;;;;;;Undefined;491;3428;;;;;;;;;;ЛОЖЬ;;;;;;;;;;;;;;;;;;;;;;;;;;;;;;;;;
DO;60XS549;;COM;;;"B11A ""RUNNING""";No;ЛОЖЬ;ЛОЖЬ;;634;;;;;;;0;;;;1784;ИСТИНА;58147;None;;;;;;1=RUNNING;;;;;;;Undefined;491;3428;;;;;;;;;;ЛОЖЬ;;;;;;;;;;;;;;;;;;Output;EPKS_UCB;FGS_551_1;932;;;;;;;;;;;;
M;682_5;;;;;;;ЛОЖЬ;ЛОЖЬ;;682;;;;;;;0;;;;211;ЛОЖЬ;0;;;;;;;;;;;;;;Undefined;491;3428;;;;;;;;;;ЛОЖЬ;;;;;;;;;;;;;;;;;;;;;;;;;;;;;;;;;
M;C2463_4;;;;;Compiler marker (232, 163);;ЛОЖЬ;ЛОЖЬ;;2463;;;;;;;0;;;;133;ЛОЖЬ;0;;;;;;;;;;;;;;Undefined;491;3428;;;;;;;;;;ЛОЖЬ;;;;;;;;;;;;;;;;;;;;;;;;;;;;;;;;;
M;C372_1_D;;;;;Function block marker;;ЛОЖЬ;ЛОЖЬ;;372;;;;;;;0;;;;2859;ЛОЖЬ;0;;;;;;;;;;;;;;Undefined;491;3428;;;;;;;;;;ЛОЖЬ;;;;;;;;;;;;;;;;;;;;;;;;;;;;;;;;;
M;634_10;;;;;;;ЛОЖЬ;ЛОЖЬ;;634;;;;;;;0;;;;1971;ЛОЖЬ;0;;;;;;;;;;;;;;Undefined;491;3428;;;;;;;;;;ЛОЖЬ;;;;;;;;;;;;;;;;;;;;;;;;;;;;;;;;;
M;C636_2_1;;;;;Function block marker;;ЛОЖЬ;ЛОЖЬ;;636;;;;;;;0;;;;2404;ЛОЖЬ;0;;;;;;;;;;;;;;Undefined;491;3428;;;;;;;;;;ЛОЖЬ;;;;;;;;;;;;;;;;;;;;;;;;;;;;;;;;;
M;C622_1_F;;;;;Function block marker;;ЛОЖЬ;ЛОЖЬ;;622;;;;;;;0;;;;2485;ЛОЖЬ;0;;;;;;;;;;;;;;Undefined;491;3428;;;;;;;;;;ЛОЖЬ;;;;;;;;;;;;;;;;;;;;;;;;;;;;;;;;;
M;C564_2_H;;;;;Function block marker;;ЛОЖЬ;ЛОЖЬ;;564;;;;;;;0;;;;2582;ЛОЖЬ;0;;;;;;;;;;;;;;Undefined;491;3428;;;;;;;;;;ЛОЖЬ;;;;;;;;;;;;;;;;;;;;;;;;;;;;;;;;;
M;550_3;;;;;;;ЛОЖЬ;ЛОЖЬ;;550;;;;;;;0;;;;1915;ЛОЖЬ;0;;;;;;;;;;;;;;Undefined;491;3428;;;;;;;;;;ЛОЖЬ;;;;;;;;;;;;;;;;;;;;;;;;;;;;;;;;;
M;560_566_2;;;;;60HS206D;;ЛОЖЬ;ЛОЖЬ;;566;;;;;;;0;;;;1994;ЛОЖЬ;0;;;;;;;1=RESET;;;;;;;Undefined;491;3428;;;;;;;;;;ЛОЖЬ;;;;;;;;;;;;;;;;;;;;;;;;;;;;;;;;;
DI;55XY459D_MOR;;COM;;;MO REQUEST;No;ЛОЖЬ;ИСТИНА;;472;;;;;;;0;;;;3521;ЛОЖЬ;0;None;;;;;;1=REQUEST;;;;;;;Undefined;491;3428;;;;;;Freeze;;;;ЛОЖЬ;;;;ЛОЖЬ;;;;;;;;;;;;;;Input;EPKS_UCB;FGS_551_1;66;;;;;;;;;;;;
DO;60XY555D_MOC;;COM;;;MO CONFIRM;No;ЛОЖЬ;ЛОЖЬ;;622;;;;;;;0;;;;1741;ИСТИНА;58327;None;;;;;;1=CONFIRMED;;;;;;;Undefined;491;3428;;;;;;;;;;ЛОЖЬ;;;;;;;;;;;;;;;;;;Output;EPKS_UCB;FGS_551_1;889;;;;;;;;;;;;
DO;55GA107;;COM;;;TRIP INITIATOR-Toxic gas;No;ЛОЖЬ;ЛОЖЬ;;524;;;;;;;1;;;;786;ИСТИНА;58219;None;;;;;;1=NORMAL;;;;;;;Undefined;491;3428;;;;;;;;;;ЛОЖЬ;;;;;;;;;;;;;;;;;;Output;EPKS_UCB;FGS_551_1;676;;;;;;;;;;;;
M;354_850_2;;;;;AREA 6000-1-FL.GAS ALARM;;ЛОЖЬ;ЛОЖЬ;;850;;;;;;;0;;;;1403;ЛОЖЬ;0;;;;;;;0=ACTIVATED;;;;;;;Undefined;491;3428;;;;;;;;;;ЛОЖЬ;;;;;;;;;;;;;;;;;;;;;;;;;;;;;;;;;
R;C2440_3;;;;;Compiler register (192, 126);;ЛОЖЬ;ЛОЖЬ;;2440;;Byte;;;;;0;;;;1152;ЛОЖЬ;0;;;;;;;;;;;;;;Undefined;491;3428;;;;;;;;;;ЛОЖЬ;;;;;;;;;;;;;;;;;;;;;;;;;;;;;;;;;
M;612_614_4;;;;;60GT308_FL;;ЛОЖЬ;ЛОЖЬ;;614;;;;;;;0;;;;2149;ЛОЖЬ;0;;;;;;;0=ALARM;;;;;;;Undefined;491;3428;;;;;;;;;;ЛОЖЬ;;;;;;;;;;;;;;;;;;;;;;;;;;;;;;;;;
DO;60GT101_MOC;;COM;;;MO CONFIRM;No;ЛОЖЬ;ЛОЖЬ;;542;;;;;;;0;;;;840;ИСТИНА;58239;None;;;;;;1=CONFIRMED;;;;;;;Undefined;491;3428;;;;;;;;;;ЛОЖЬ;;;;;;;;;;;;;;;;;;Output;EPKS_UCB;FGS_551_1;723;;;;;;;;;;;;
T;390_1;;;;;;;ЛОЖЬ;ЛОЖЬ;;390;;;;;;;;100 ms;10;;160;ЛОЖЬ;0;;;;;;;;;;;;;;Undefined;;;Delayed ON with constant timer value;;;;;;;;;ЛОЖЬ;ИСТИНА;;;;;;;;;;;;;;;;;;;;;;;;;;;;;;;;
M;706_4;;;;;;;ЛОЖЬ;ЛОЖЬ;;706;;;;;;;0;;;;269;ЛОЖЬ;0;;;;;;;;;;;;;;Undefined;;;;;;;;;;;;ЛОЖЬ;ИСТИНА;;;;;;;;;;;;;;;;;;;;;;;;;;;;;;;;
M;582_586_3;;;;;60GA109_FL;;ЛОЖЬ;ЛОЖЬ;;586;;;;;;;0;;;;2035;ЛОЖЬ;0;;;;;;;0=ACTIVATED;;;;;;;Undefined;491;3428;;;;;;;;;;ЛОЖЬ;;;;;;;;;;;;;;;;;;;;;;;;;;;;;;;;;
M;466_2;;;;;;;ЛОЖЬ;ЛОЖЬ;;466;;;;;;;0;;;;415;ЛОЖЬ;0;;;;;;;;;;;;;;Undefined;;;;;;;;;;;;ЛОЖЬ;ИСТИНА;;;;;;;;;;;;;;;;;;;;;;;;;;;;;;;;
M;450_462_2;;;;;55HS201D;;ЛОЖЬ;ЛОЖЬ;;462;;;;;;;0;;;;408;ЛОЖЬ;0;;;;;;;1=RESET;;;;;;;Undefined;;;;;;;;;;;;ЛОЖЬ;ИСТИНА;;;;;;;;;;;;;;;;;;;;;;;;;;;;;;;;
DO;60XA203T1;;FLD;;;Beacon Near E-6051;Yes;ИСТИНА;ЛОЖЬ;;692;;;;;;;0;;;;92;ИСТИНА;58148;None;;;;;;1=ON;;;;;;;Undefined;491;3428;;42.04;11;5;1;Appl;;;;ЛОЖЬ;;;;;;;;;;;;;;;;;;Output;EPKS_UCB;FGS_551_1;541;;;;;;;;;;;;
M;540_548_2;;;;;60HS204D;;ЛОЖЬ;ЛОЖЬ;;548;;;;;;;0;;;;1928;ЛОЖЬ;0;;;;;;;1=RESET;;;;;;;Undefined;491;3428;;;;;;;;;;ЛОЖЬ;;;;;;;;;;;;;;;;;;;;;;;;;;;;;;;;;
M;C704_1_B;;;;;Function block marker;;ЛОЖЬ;ЛОЖЬ;;704;;;;;;;0;;;;78;ЛОЖЬ;0;;;;;;;;;;;;;;Undefined;;;;;;;;;;;;ЛОЖЬ;ИСТИНА;;;;;;;;;;;;;;;;;;;;;;;;;;;;;;;;
T;460_1;;;;;;;ЛОЖЬ;ЛОЖЬ;;460;;;;;;;;100 ms;10;;188;ЛОЖЬ;0;;;;;;;;;;;;;;Undefined;;;Delayed ON with constant timer value;;;;;;;;;ЛОЖЬ;ИСТИНА;;;;;;;;;;;;;;;;;;;;;;;;;;;;;;;;
DI;60HS102B;;FLD;;;Beacon testing 60XA102T;No;ИСТИНА;ЛОЖЬ;;572;;;;;;;;;;;80;ИСТИНА;58150;None;;;;;;1=ON;;;;;;;Undefined;491;3428;;42.03;11;9;1;Low;;Digital switch without loop monitoring;;ЛОЖЬ;;;;ЛОЖЬ;;;;;;;;;;;;;;Output;EPKS_UCB;FGS_551_1;457;;;;;;;;;;;;
T;486_6;;;;;;;ЛОЖЬ;ЛОЖЬ;;486;;;;;;;;10 ms;1;;56;ЛОЖЬ;0;;;;;;;;;;;;;;Undefined;491;3428;Delayed ON memorize with constant timer value;;;;;;;;;ЛОЖЬ;;;;;;;;;;;;;;;;;;;;;;;;;;;;;;;;;
DI;60HS202A1;;FLD;;;Testing toxic gas beacon and Horn - pump room;No;ИСТИНА;ЛОЖЬ;;618;;;;;;;;;;;48;ИСТИНА;58151;None;;;;;;1=ON;;;;;;;Undefined;491;3428;;42.03;9;9;1;Low;;Digital switch without loop monitoring;;ЛОЖЬ;;;;ЛОЖЬ;;;;;;;;;;;;;;Output;EPKS_UCB;FGS_551_1;441;;;;;;;;;;;;
M;C462_4_D;;;;;Function block marker;;ЛОЖЬ;ЛОЖЬ;;462;;;;;;;0;;;;447;ЛОЖЬ;0;;;;;;;;;;;;;;Undefined;;;;;;;;;;;;ЛОЖЬ;ИСТИНА;;;;;;;;;;;;;;;;;;;;;;;;;;;;;;;;
M;C2440_2;;;;;Compiler marker (376, 120);;ЛОЖЬ;ЛОЖЬ;;2440;;;;;;;0;;;;1030;ЛОЖЬ;0;;;;;;;;;;;;;;Undefined;491;3428;;;;;;;;;;ЛОЖЬ;;;;;;;;;;;;;;;;;;;;;;;;;;;;;;;;;
M;666_1;;;;;;;ЛОЖЬ;ЛОЖЬ;;666;;;;;;;0;;;;2163;ЛОЖЬ;0;;;;;;;;;;;;;;Undefined;491;3428;;;;;;;;;;ЛОЖЬ;;;;;;;;;;;;;;;;;;;;;;;;;;;;;;;;;
M;682_696_2;;;;;60GT301_RR;;ЛОЖЬ;ЛОЖЬ;;696;;;;;;;0;;;;2193;ЛОЖЬ;0;;;;;;;1=READY;;;;;;;Undefined;491;3428;;;;;;;;;;ЛОЖЬ;;;;;;;;;;;;;;;;;;;;;;;;;;;;;;;;;
M;314_318_2;;;;;AREA 5500-1-FL.GAS ALARM;;ЛОЖЬ;ЛОЖЬ;;318;;;;;;;0;;;;2258;ЛОЖЬ;0;;;;;;;0=ACTIVATED;;;;;;;Undefined;491;3428;;;;;;;;;;ЛОЖЬ;;;;;;;;;;;;;;;;;;;;;;;;;;;;;;;;;
DI;55GT111_MOR;;COM;;;MO REQUEST;No;ЛОЖЬ;ИСТИНА;;312;;;;;;;0;;;;3489;ЛОЖЬ;0;None;;;;;;1=REQUEST;;;;;;;Undefined;491;3428;;;;;;Freeze;;;;ЛОЖЬ;;;;ЛОЖЬ;;;;;;;;;;;;;;Input;EPKS_UCB;FGS_551_1;34;;;;;;;;;;;;
M;C372_2_H;;;;;Function block marker;;ЛОЖЬ;ЛОЖЬ;;372;;;;;;;0;;;;2866;ЛОЖЬ;0;;;;;;;;;;;;;;Undefined;491;3428;;;;;;;;;;ЛОЖЬ;;;;;;;;;;;;;;;;;;;;;;;;;;;;;;;;;
M;C630_2_J;;;;;Function block marker;;ЛОЖЬ;ЛОЖЬ;;630;;;;;;;0;;;;2463;ЛОЖЬ;0;;;;;;;;;;;;;;Undefined;491;3428;;;;;;;;;;ЛОЖЬ;;;;;;;;;;;;;;;;;;;;;;;;;;;;;;;;;
DO;60GA307_308;;COM;;;TRIP INITIATOR-Toxic gas;No;ЛОЖЬ;ЛОЖЬ;;614;;;;;;;1;;;;766;ИСТИНА;58209;None;;;;;;1=NORMAL;;;;;;;Undefined;491;3428;;;;;;;;;;ЛОЖЬ;;;;;;;;;;;;;;;;;;Output;EPKS_UCB;FGS_551_1;651;;;;;;;;;;;;
M;520_522_2;;;;;55HS203D;;ЛОЖЬ;ЛОЖЬ;;522;;;;;;;0;;;;1896;ЛОЖЬ;0;;;;;;;1=RESET;;;;;;;Undefined;491;3428;;;;;;;;;;ЛОЖЬ;;;;;;;;;;;;;;;;;;;;;;;;;;;;;;;;;
M;2440_E;;;;;In 5 (0=Trip);;ЛОЖЬ;ЛОЖЬ;;2440;;;;;;;0;;;;1514;ЛОЖЬ;0;;;;;;;;;;;;;;Undefined;491;3428;;;;;;;;;;ЛОЖЬ;;;;;;;;;;;;;;;;;;;;;;;;;;;;;;;;;
AI;60GT316;;FLD;;;H2 at ext. inst. 6050;Yes;ИСТИНА;ЛОЖЬ;;392;ЛОЖЬ;Long;0-20mA;0;3276;;;;;;156;ЛОЖЬ;58153;;None;None;None;None;;;;0;0;;;;-XXXXX.X;0;4095;;42.03;7;6;1;Bottom scale;;;;ЛОЖЬ;;ЛОЖЬ;;;;;;;;;;;;;;;;Output;EPKS_UCB;FGS_551_1;11173;;;;;;;;;;;;
T;662_1;;;;;;;ЛОЖЬ;ЛОЖЬ;;662;;;;;;;;100 ms;10;;480;ЛОЖЬ;0;;;;;;;;;;;;;;Undefined;;;Delayed ON with constant timer value;;;;;;;;;ЛОЖЬ;ИСТИНА;;;;;;;;;;;;;;;;;;;;;;;;;;;;;;;;
M;C612_2_F;;;;;Function block marker;;ЛОЖЬ;ЛОЖЬ;;612;;;;;;;0;;;;2506;ЛОЖЬ;0;;;;;;;;;;;;;;Undefined;491;3428;;;;;;;;;;ЛОЖЬ;;;;;;;;;;;;;;;;;;;;;;;;;;;;;;;;;
M;506_852_1;;;;;AREA 5500-1-T.GAS ALARM;;ЛОЖЬ;ЛОЖЬ;;852;;;;;;;0;;;;2278;ЛОЖЬ;0;;;;;;;PULSE=ALARM;;;;;;;Undefined;491;3428;;;;;;;;;;ЛОЖЬ;;;;;;;;;;;;;;;;;;;;;;;;;;;;;;;;;
M;C662_1_C;;;;;Function block marker;;ЛОЖЬ;ЛОЖЬ;;662;;;;;;;0;;;;2368;ЛОЖЬ;0;;;;;;;;;;;;;;Undefined;491;3428;;;;;;;;;;ЛОЖЬ;;;;;;;;;;;;;;;;;;;;;;;;;;;;;;;;;
DO;60GT315_B2;;COM;;;Bit 2;No;ЛОЖЬ;ЛОЖЬ;;390;;;;;;;0;;;;909;ЛОЖЬ;0;None;;;;;;;;;;;;;Undefined;491;3428;;;;;;;;;;ЛОЖЬ;;;;;;;;;;;;;;;;;;Output;EPKS_UCB;FGS_551_1;797;;;;;;;;;;;;
M;C484_2_I;;;;;Function block marker;;ЛОЖЬ;ЛОЖЬ;;484;;;;;;;0;;;;2730;ЛОЖЬ;0;;;;;;;;;;;;;;Undefined;491;3428;;;;;;;;;;ЛОЖЬ;;;;;;;;;;;;;;;;;;;;;;;;;;;;;;;;;
M;2490_C;;;;;      ????;;ЛОЖЬ;ЛОЖЬ;;2490;;;;;;;0;;;;466;ЛОЖЬ;0;;;;;;;;;;;;;;Undefined;;;;;;;;;;;;ЛОЖЬ;ИСТИНА;;;;;;;;;;;;;;;;;;;;;;;;;;;;;;;;
M;650_660_2;;;;;60HS201D;;ЛОЖЬ;ЛОЖЬ;;660;;;;;;;0;;;;2188;ЛОЖЬ;0;;;;;;;1=RESET;;;;;;;Undefined;491;3428;;;;;;;;;;ЛОЖЬ;;;;;;;;;;;;;;;;;;;;;;;;;;;;;;;;;
M;C370_2_D;;;;;Function block marker;;ЛОЖЬ;ЛОЖЬ;;370;;;;;;;0;;;;2869;ЛОЖЬ;0;;;;;;;;;;;;;;Undefined;491;3428;;;;;;;;;;ЛОЖЬ;;;;;;;;;;;;;;;;;;;;;;;;;;;;;;;;;
M;2470_C;;;;;ACK BUTTON;;ЛОЖЬ;ЛОЖЬ;;2470;;;;;;;0;;;;183;ЛОЖЬ;0;;;;;;;;;;;;;;Undefined;;;;;;;;;;;;ЛОЖЬ;ИСТИНА;;;;;;;;;;;;;;;;;;;;;;;;;;;;;;;;
M;634_12;;;;;;;ЛОЖЬ;ЛОЖЬ;;634;;;;;;;0;;;;2058;ЛОЖЬ;0;;;;;;;;;;;;;;Undefined;491;3428;;;;;;;;;;ЛОЖЬ;;;;;;;;;;;;;;;;;;;;;;;;;;;;;;;;;
M;636_7;;;;;;;ЛОЖЬ;ЛОЖЬ;;636;;;;;;;0;;;;2103;ЛОЖЬ;0;;;;;;;;;;;;;;Undefined;491;3428;;;;;;;;;;ЛОЖЬ;;;;;;;;;;;;;;;;;;;;;;;;;;;;;;;;;
M;472_486_1;;;;;55XY459C/D_FL;;ЛОЖЬ;ЛОЖЬ;;486;;;;;;;0;;;;1834;ЛОЖЬ;0;;;;;;;0=cmdSTART;;;;;;;Undefined;491;3428;;;;;;;;;;ЛОЖЬ;;;;;;;;;;;;;;;;;;;;;;;;;;;;;;;;;
M;C610_4_C;;;;;Function block marker;;ЛОЖЬ;ЛОЖЬ;;610;;;;;;;0;;;;442;ЛОЖЬ;0;;;;;;;;;;;;;;Undefined;;;;;;;;;;;;ЛОЖЬ;ИСТИНА;;;;;;;;;;;;;;;;;;;;;;;;;;;;;;;;
T;736_2;;;;;;;ЛОЖЬ;ЛОЖЬ;;736;;;;;;;;100 ms;10;;572;ЛОЖЬ;0;;;;;;;;;;;;;;Undefined;;;Pulse retriggerable with constant timer value;;;;;;;;;ЛОЖЬ;ИСТИНА;;;;;;;;;;;;;;;;;;;;;;;;;;;;;;;;
M;392_394_3;;;;;60GA316_FL;;ЛОЖЬ;ЛОЖЬ;;394;;;;;;;0;;;;1453;ЛОЖЬ;0;;;;;;;0=ACTIVATED;;;;;;;Undefined;491;3428;;;;;;;;;;ЛОЖЬ;;;;;;;;;;;;;;;;;;;;;;;;;;;;;;;;;
M;C636_1_K;;;;;Function block marker;;ЛОЖЬ;ЛОЖЬ;;636;;;;;;;0;;;;2388;ЛОЖЬ;0;;;;;;;;;;;;;;Undefined;491;3428;;;;;;;;;;ЛОЖЬ;;;;;;;;;;;;;;;;;;;;;;;;;;;;;;;;;
M;C632_1_P;;;;;Function block marker;;ЛОЖЬ;ЛОЖЬ;;632;;;;;;;0;;;;2435;ЛОЖЬ;0;;;;;;;;;;;;;;Undefined;491;3428;;;;;;;;;;ЛОЖЬ;;;;;;;;;;;;;;;;;;;;;;;;;;;;;;;;;
DO;FGS_551_1.55XA602_5;;FSC;;;IB-55-1-Fl.GAS ALARM;Yes;ЛОЖЬ;ЛОЖЬ;;850;;;;;;;0;;;;114;ЛОЖЬ;0;None;;;;;;PULSE=ALARM;;;;;;;Undefined;491;3428;;;;;;;;;;ЛОЖЬ;;;;;;;;;;;;;;;;;;;;;;Output;FGS_001_1;FGS_551_1;2;;;;;;;;
DO;60XA202T5;;FLD;;;Beacon at entering the pumping unit 6050 at side of threstle;Yes;ИСТИНА;ЛОЖЬ;;620;;;;;;;0;;;;91;ИСТИНА;58154;None;;;;;;1=ON;;;;;;;Undefined;491;3428;;42.04;11;4;1;Appl;;;;ЛОЖЬ;;;;;;;;;;;;;;;;;;Output;EPKS_UCB;FGS_551_1;540;;;;;;;;;;;;
M;586_588_2;;;;;H-6052_TGD_B;;ЛОЖЬ;ЛОЖЬ;;588;;;;;;;0;;;;2008;ЛОЖЬ;0;;;;;;;0=ALARM;;;;;;;Undefined;491;3428;;;;;;;;;;ЛОЖЬ;;;;;;;;;;;;;;;;;;;;;;;;;;;;;;;;;
M;2406_B;;;;;0=LINE FAULT;;ЛОЖЬ;ЛОЖЬ;;2406;;;;;;;0;;;;1352;ЛОЖЬ;0;;;;;;;;;;;;;;Undefined;491;3428;;;;;;;;;;ЛОЖЬ;;;;;;;;;;;;;;;;;;;;;;;;;;;;;;;;;
M;C462_2_F;;;;;Function block marker;;ЛОЖЬ;ЛОЖЬ;;462;;;;;;;0;;;;2816;ЛОЖЬ;0;;;;;;;;;;;;;;Undefined;491;3428;;;;;;;;;;ЛОЖЬ;;;;;;;;;;;;;;;;;;;;;;;;;;;;;;;;;
M;C486_1_N;;;;;Function block marker;;ЛОЖЬ;ЛОЖЬ;;486;;;;;;;0;;;;2701;ЛОЖЬ;0;;;;;;;;;;;;;;Undefined;491;3428;;;;;;;;;;ЛОЖЬ;;;;;;;;;;;;;;;;;;;;;;;;;;;;;;;;;
T;480_3;;;;;;;ЛОЖЬ;ЛОЖЬ;;480;;;;;;;;10 ms;1;;0;ЛОЖЬ;0;;;;;;;;;;;;;;Undefined;491;3428;Delayed ON memorize with constant timer value;;;;;;;;;ЛОЖЬ;;;;;;;;;;;;;;;;;;;;;;;;;;;;;;;;;
M;584_590_2;;;;;60GT303_RR;;ЛОЖЬ;ЛОЖЬ;;590;;;;;;;0;;;;2009;ЛОЖЬ;0;;;;;;;1=READY;;;;;;;Undefined;491;3428;;;;;;;;;;ЛОЖЬ;;;;;;;;;;;;;;;;;;;;;;;;;;;;;;;;;
M;C484_1_O;;;;;Function block marker;;ЛОЖЬ;ЛОЖЬ;;484;;;;;;;0;;;;2723;ЛОЖЬ;0;;;;;;;;;;;;;;Undefined;491;3428;;;;;;;;;;ЛОЖЬ;;;;;;;;;;;;;;;;;;;;;;;;;;;;;;;;;
DI;42-InputCompare;;SYS;;;Input compare fault;Yes;ЛОЖЬ;;;21;;;;;;;;;;;34;ЛОЖЬ;0;None;;;;;;1=NORMAL;;;;;;;Undefined;491;3428;;;;;;;;;;ЛОЖЬ;;;;ЛОЖЬ;;;;;;;;;;;;;;Output;EPKS_UCB;FGS_551_1;613;;;;;;;;;;;;
M;544_554_2;;;;;60GT103_RR;;ЛОЖЬ;ЛОЖЬ;;554;;;;;;;0;;;;1917;ЛОЖЬ;0;;;;;;;1=READY;;;;;;;Undefined;491;3428;;;;;;;;;;ЛОЖЬ;;;;;;;;;;;;;;;;;;;;;;;;;;;;;;;;;
M;C480_2_E;;;;;Compiler marker;;ЛОЖЬ;ЛОЖЬ;;480;;;;;;;0;;;;2770;ЛОЖЬ;0;;;;;;;;;;;;;;Undefined;491;3428;;;;;;;;;;ЛОЖЬ;;;;;;;;;;;;;;;;;;;;;;;;;;;;;;;;;
T;354_4;;;;;;;ЛОЖЬ;ЛОЖЬ;;354;;;;;;;;1 s;30;;284;ЛОЖЬ;0;;;;;;;;;;;;;;Undefined;491;3428;Delayed OFF with constant timer value;;;;;;;;;ЛОЖЬ;;;;;;;;;;;;;;;;;;;;;;;;;;;;;;;;;
M;2465_G;;;;;      ????;;ЛОЖЬ;ЛОЖЬ;;2465;;;;;;;0;;;;205;ЛОЖЬ;0;;;;;;;;;;;;;;Undefined;;;;;;;;;;;;ЛОЖЬ;ИСТИНА;;;;;;;;;;;;;;;;;;;;;;;;;;;;;;;;
M;340_354_1;;;;;Ack gas area 672-20;;ЛОЖЬ;ЛОЖЬ;;354;;;;;;;0;;;;1402;ЛОЖЬ;0;;;;;;;1=ACK;;;;;;;Undefined;491;3428;;;;;;;;;;ЛОЖЬ;;;;;;;;;;;;;;;;;;;;;;;;;;;;;;;;;
DI;FGS_551_1.FGS_001_1_SnS;;FSC;;;SafeNet LINK STATUS;Yes;ЛОЖЬ;ЛОЖЬ;;60;;;;;;;0;;;;656;ЛОЖЬ;0;None;;;;;;1=NOT FAULTY;;;;;;;Undefined;491;3428;;;;;;Low;;;;ЛОЖЬ;;;;ЛОЖЬ;;;;;;;;;;;;;;;;;;Input;FGS_001_1;FGS_551_1;0;;;;;;;;
M;712_2;;;;;;;ЛОЖЬ;ЛОЖЬ;;712;;;;;;;0;;;;291;ЛОЖЬ;0;;;;;;;;;;;;;;Undefined;;;;;;;;;;;;ЛОЖЬ;ИСТИНА;;;;;;;;;;;;;;;;;;;;;;;;;;;;;;;;
DO;60XA101;;FLD;;;Horn on cabinet 60AT101;Yes;ИСТИНА;ЛОЖЬ;;552;;;;;;;0;;;;43;ИСТИНА;58156;None;;;;;;1=ON;;;;;;;Undefined;491;3428;;42.04;5;4;1;Appl;;;;ЛОЖЬ;;;;;;;;;;;;;;;;;;Output;EPKS_UCB;FGS_551_1;516;;;;;;;;;;;;
M;682_690_3;;;;;60GA301_FL;;ЛОЖЬ;ЛОЖЬ;;690;;;;;;;0;;;;2231;ЛОЖЬ;0;;;;;;;0=ACTIVATED;;;;;;;Undefined;491;3428;;;;;;;;;;ЛОЖЬ;;;;;;;;;;;;;;;;;;;;;;;;;;;;;;;;;
M;2463_D;;;;;Field/Panel (0=cmdSTART);;ЛОЖЬ;ЛОЖЬ;;2463;;;;;;;0;;;;1691;ЛОЖЬ;0;;;;;;;;;;;;;;Undefined;491;3428;;;;;;;;;;ЛОЖЬ;;;;;;;;;;;;;;;;;;;;;;;;;;;;;;;;;
M;618_5;;;;;;;ЛОЖЬ;ЛОЖЬ;;618;;;;;;;0;;;;2142;ЛОЖЬ;0;;;;;;;;;;;;;;Undefined;491;3428;;;;;;;;;;ЛОЖЬ;;;;;;;;;;;;;;;;;;;;;;;;;;;;;;;;;
M;550_552_3;;;;;6000-1_TGD_A;;ЛОЖЬ;ЛОЖЬ;;552;;;;;;;0;;;;1942;ЛОЖЬ;0;;;;;;;PULSE=ALARM;;;;;;;Undefined;491;3428;;;;;;;;;;ЛОЖЬ;;;;;;;;;;;;;;;;;;;;;;;;;;;;;;;;;
M;C636_2_L;;;;;Function block marker;;ЛОЖЬ;ЛОЖЬ;;636;;;;;;;0;;;;2402;ЛОЖЬ;0;;;;;;;;;;;;;;Undefined;491;3428;;;;;;;;;;ЛОЖЬ;;;;;;;;;;;;;;;;;;;;;;;;;;;;;;;;;
M;C618_2_F;;;;;Function block marker;;ЛОЖЬ;ЛОЖЬ;;618;;;;;;;0;;;;2494;ЛОЖЬ;0;;;;;;;;;;;;;;Undefined;491;3428;;;;;;;;;;ЛОЖЬ;;;;;;;;;;;;;;;;;;;;;;;;;;;;;;;;;
M;686_5;;;;;;;ЛОЖЬ;ЛОЖЬ;;686;;;;;;;0;;;;209;ЛОЖЬ;0;;;;;;;;;;;;;;Undefined;491;3428;;;;;;;;;;ЛОЖЬ;;;;;;;;;;;;;;;;;;;;;;;;;;;;;;;;;
DO;55GT112_B2;;COM;;;Bit 2;No;ЛОЖЬ;ЛОЖЬ;;332;;;;;;;0;;;;904;ЛОЖЬ;0;None;;;;;;;;;;;;;Undefined;491;3428;;;;;;;;;;ЛОЖЬ;;;;;;;;;;;;;;;;;;Output;EPKS_UCB;FGS_551_1;791;;;;;;;;;;;;
M;542_4;;;;;;;ЛОЖЬ;ЛОЖЬ;;542;;;;;;;0;;;;632;ЛОЖЬ;0;;;;;;;;;;;;;;Undefined;491;3428;;;;;;;;;;ЛОЖЬ;;;;;;;;;;;;;;;;;;;;;;;;;;;;;;;;;
M;586_4;;;;;;;ЛОЖЬ;ЛОЖЬ;;586;;;;;;;0;;;;2028;ЛОЖЬ;0;;;;;;;;;;;;;;Undefined;491;3428;;;;;;;;;;ЛОЖЬ;;;;;;;;;;;;;;;;;;;;;;;;;;;;;;;;;
M;C634_1_K;;;;;Function block marker;;ЛОЖЬ;ЛОЖЬ;;634;;;;;;;0;;;;2409;ЛОЖЬ;0;;;;;;;;;;;;;;Undefined;491;3428;;;;;;;;;;ЛОЖЬ;;;;;;;;;;;;;;;;;;;;;;;;;;;;;;;;;
M;334_850_2;;;;;AREA 5500-2-FL.GAS ALARM;;ЛОЖЬ;ЛОЖЬ;;850;;;;;;;0;;;;2269;ЛОЖЬ;0;;;;;;;0=ACTIVATED;;;;;;;Undefined;491;3428;;;;;;;;;;ЛОЖЬ;;;;;;;;;;;;;;;;;;;;;;;;;;;;;;;;;
M;612_616_5;;;;;60GA308_FL;;ЛОЖЬ;ЛОЖЬ;;616;;;;;;;0;;;;435;ЛОЖЬ;0;;;;;;;0=ACTIVATED;;;;;;;Undefined;;;;;;;;;;;;ЛОЖЬ;ИСТИНА;;;;;;;;;;;;;;;;;;;;;;;;;;;;;;;;
DI;55HS202E;;COM;;;RESET 5500-1-FLAMMABLE GAS;No;ЛОЖЬ;ИСТИНА;;300;;;;;;;0;;;;3487;ИСТИНА;58202;None;;;;;;1=RESET;;;;;;;Undefined;491;3428;;;;;;Low;;;;ЛОЖЬ;;;;ЛОЖЬ;;;;;;;;;;;;;;Input;EPKS_UCB;FGS_551_1;32;;;;;;;;;;;;
DO;60XA202T3;;FLD;;;Beacon at entering the pumping unit 6050;Yes;ИСТИНА;ЛОЖЬ;;618;;;;;;;0;;;;90;ИСТИНА;58157;None;;;;;;1=ON;;;;;;;Undefined;491;3428;;42.04;11;3;1;Appl;;;;ЛОЖЬ;;;;;;;;;;;;;;;;;;Output;EPKS_UCB;FGS_551_1;539;;;;;;;;;;;;
M;C542_2_G;;;;;Function block marker;;ЛОЖЬ;ЛОЖЬ;;542;;;;;;;0;;;;2638;ЛОЖЬ;0;;;;;;;;;;;;;;Undefined;491;3428;;;;;;;;;;ЛОЖЬ;;;;;;;;;;;;;;;;;;;;;;;;;;;;;;;;;
M;C614_1_D;;;;;Function block marker;;ЛОЖЬ;ЛОЖЬ;;614;;;;;;;0;;;;2500;ЛОЖЬ;0;;;;;;;;;;;;;;Undefined;491;3428;;;;;;;;;;ЛОЖЬ;;;;;;;;;;;;;;;;;;;;;;;;;;;;;;;;;
DO;60GT107_B0;;COM;;;Bit 0;No;ЛОЖЬ;ЛОЖЬ;;566;;;;;;;0;;;;867;ЛОЖЬ;0;None;;;;;;;;;;;;;Undefined;491;3428;;;;;;;;;;ЛОЖЬ;;;;;;;;;;;;;;;;;;Output;EPKS_UCB;FGS_551_1;751;;;;;;;;;;;;
DI;55XS452_P;;COM;;;work alarm В3А;No;ЛОЖЬ;ИСТИНА;;482;;;;;;;0;;;;1538;ЛОЖЬ;0;None;;;;;;1=RUNNING;;;;;;;Undefined;491;3428;;;;;;Low;;;;ЛОЖЬ;;;;ЛОЖЬ;;;;;;;;;;;;;;;;;;;;;;;;;;Input;C300_UCB;FGS_551_1;3
M;690_692_2;;;;;6050-2_TGD_B;;ЛОЖЬ;ЛОЖЬ;;692;;;;;;;0;;;;2207;ЛОЖЬ;0;;;;;;;0=ALARM;;;;;;;Undefined;491;3428;;;;;;;;;;ЛОЖЬ;;;;;;;;;;;;;;;;;;;;;;;;;;;;;;;;;
M;C2405_1;;;;;Compiler marker (224, 132);;ЛОЖЬ;ЛОЖЬ;;2405;;;;;;;0;;;;1664;ЛОЖЬ;0;;;;;;;;;;;;;;Undefined;491;3428;;;;;;;;;;ЛОЖЬ;;;;;;;;;;;;;;;;;;;;;;;;;;;;;;;;;
M;C390_4_C;;;;;Function block marker;;ЛОЖЬ;ЛОЖЬ;;390;;;;;;;0;;;;2849;ЛОЖЬ;0;;;;;;;;;;;;;;Undefined;491;3428;;;;;;;;;;ЛОЖЬ;;;;;;;;;;;;;;;;;;;;;;;;;;;;;;;;;
M;C528_1;;;;;Compiler marker (256, 61);;ЛОЖЬ;ЛОЖЬ;;528;;;;;;;0;;;;2642;ЛОЖЬ;0;;;;;;;;;;;;;;Undefined;491;3428;;;;;;;;;;ЛОЖЬ;;;;;;;;;;;;;;;;;;;;;;;;;;;;;;;;;
DO;60GT315_MOC;;COM;;;MO CONFIRM;No;ЛОЖЬ;ЛОЖЬ;;390;;;;;;;0;;;;910;ИСТИНА;58274;None;;;;;;1=CONFIRMED;;;;;;;Undefined;491;3428;;;;;;;;;;ЛОЖЬ;;;;;;;;;;;;;;;;;;Output;EPKS_UCB;FGS_551_1;798;;;;;;;;;;;;
M;C480_2_2;;;;;Function block marker;;ЛОЖЬ;ЛОЖЬ;;480;;;;;;;0;;;;2778;ЛОЖЬ;0;;;;;;;;;;;;;;Undefined;491;3428;;;;;;;;;;ЛОЖЬ;;;;;;;;;;;;;;;;;;;;;;;;;;;;;;;;;
M;C584_1_D;;;;;Function block marker;;ЛОЖЬ;ЛОЖЬ;;584;;;;;;;0;;;;2529;ЛОЖЬ;0;;;;;;;;;;;;;;Undefined;491;3428;;;;;;;;;;ЛОЖЬ;;;;;;;;;;;;;;;;;;;;;;;;;;;;;;;;;
M;C664_2_F;;;;;Function block marker;;ЛОЖЬ;ЛОЖЬ;;664;;;;;;;0;;;;2364;ЛОЖЬ;0;;;;;;;;;;;;;;Undefined;491;3428;;;;;;;;;;ЛОЖЬ;;;;;;;;;;;;;;;;;;;;;;;;;;;;;;;;;
DO;55GT111_B1;;COM;;;Bit 1;No;ЛОЖЬ;ЛОЖЬ;;312;;;;;;;0;;;;893;ЛОЖЬ;0;None;;;;;;;;;;;;;Undefined;491;3428;;;;;;;;;;ЛОЖЬ;;;;;;;;;;;;;;;;;;Output;EPKS_UCB;FGS_551_1;779;;;;;;;;;;;;
DO;55XY459D_MOC;;COM;;;MO CONFIRM;No;ЛОЖЬ;ЛОЖЬ;;472;;;;;;;0;;;;1729;ИСТИНА;58319;None;;;;;;1=CONFIRMED;;;;;;;Undefined;491;3428;;;;;;;;;;ЛОЖЬ;;;;;;;;;;;;;;;;;;Output;EPKS_UCB;FGS_551_1;877;;;;;;;;;;;;
AI;61GT902;;FLD;;;H2S at ext. inst. 6100;Yes;ИСТИНА;ЛОЖЬ;;706;ЛОЖЬ;Long;0-20mA;0;3276;;;;;;124;ЛОЖЬ;58329;;None;None;None;None;;;;0;0;;;;-XXXXX.X;0;4095;;42.03;5;15;1;Bottom scale;;;;ЛОЖЬ;ИСТИНА;ЛОЖЬ;;;;;;;;;;;;;;;;Output;EPKS_UCB;FGS_551_1;11028;;;;;;;;;;;;
M;C548_1_B;;;;;Function block marker;;ЛОЖЬ;ЛОЖЬ;;548;;;;;;;0;;;;2601;ЛОЖЬ;0;;;;;;;;;;;;;;Undefined;491;3428;;;;;;;;;;ЛОЖЬ;;;;;;;;;;;;;;;;;;;;;;;;;;;;;;;;;
T;708_2;;;;;;;ЛОЖЬ;ЛОЖЬ;;708;;;;;;;;100 ms;10;;556;ЛОЖЬ;0;;;;;;;;;;;;;;Undefined;;;Delayed ON with constant timer value;;;;;;;;;ЛОЖЬ;ИСТИНА;;;;;;;;;;;;;;;;;;;;;;;;;;;;;;;;
M;690_692_3;;;;;6050-2_TGD_A;;ЛОЖЬ;ЛОЖЬ;;692;;;;;;;0;;;;2200;ЛОЖЬ;0;;;;;;;PULSE=ALARM;;;;;;;Undefined;491;3428;;;;;;;;;;ЛОЖЬ;;;;;;;;;;;;;;;;;;;;;;;;;;;;;;;;;
M;690_696_7;;;;;AREA 6050-2-T.GAS ALARM;;ЛОЖЬ;ЛОЖЬ;;696;;;;;;;0;;;;2194;ЛОЖЬ;0;;;;;;;0=ACTIVATED;;;;;;;Undefined;491;3428;;;;;;;;;;ЛОЖЬ;;;;;;;;;;;;;;;;;;;;;;;;;;;;;;;;;
DO;60GT318_B0;;COM;;;Bit 0;No;ЛОЖЬ;ЛОЖЬ;;372;;;;;;;0;;;;927;ЛОЖЬ;0;None;;;;;;;;;;;;;Undefined;491;3428;;;;;;;;;;ЛОЖЬ;;;;;;;;;;;;;;;;;;Output;EPKS_UCB;FGS_551_1;817;;;;;;;;;;;;
M;C684_1_E;;;;;Function block marker;;ЛОЖЬ;ЛОЖЬ;;684;;;;;;;0;;;;2337;ЛОЖЬ;0;;;;;;;;;;;;;;Undefined;491;3428;;;;;;;;;;ЛОЖЬ;;;;;;;;;;;;;;;;;;;;;;;;;;;;;;;;;
M;566_4;;;;;;;ЛОЖЬ;ЛОЖЬ;;566;;;;;;;0;;;;626;ЛОЖЬ;0;;;;;;;;;;;;;;Undefined;491;3428;;;;;;;;;;ЛОЖЬ;;;;;;;;;;;;;;;;;;;;;;;;;;;;;;;;;
M;336_1;;;;;;;ЛОЖЬ;ЛОЖЬ;;336;;;;;;;0;;;;1371;ЛОЖЬ;0;;;;;;;;;;;;;;Undefined;491;3428;;;;;;;;;;ЛОЖЬ;;;;;;;;;;;;;;;;;;;;;;;;;;;;;;;;;
M;460_490_2;;;;;55GT102_RR;;ЛОЖЬ;ЛОЖЬ;;490;;;;;;;0;;;;411;ЛОЖЬ;0;;;;;;;1=READY;;;;;;;Undefined;;;;;;;;;;;;ЛОЖЬ;ИСТИНА;;;;;;;;;;;;;;;;;;;;;;;;;;;;;;;;
DO;60GT108_B1;;COM;;;Bit 1;No;ЛОЖЬ;ЛОЖЬ;;568;;;;;;;0;;;;883;ЛОЖЬ;0;None;;;;;;;;;;;;;Undefined;491;3428;;;;;;;;;;ЛОЖЬ;;;;;;;;;;;;;;;;;;Output;EPKS_UCB;FGS_551_1;757;;;;;;;;;;;;
M;586_588_1;;;;;H-6052_TGD_B;;ЛОЖЬ;ЛОЖЬ;;588;;;;;;;0;;;;2024;ЛОЖЬ;0;;;;;;;PULSE=ALARM;;;;;;;Undefined;491;3428;;;;;;;;;;ЛОЖЬ;;;;;;;;;;;;;;;;;;;;;;;;;;;;;;;;;
M;C706_2_F;;;;;Function block marker;;ЛОЖЬ;ЛОЖЬ;;706;;;;;;;0;;;;321;ЛОЖЬ;0;;;;;;;;;;;;;;Undefined;;;;;;;;;;;;ЛОЖЬ;ИСТИНА;;;;;;;;;;;;;;;;;;;;;;;;;;;;;;;;
M;C548_2_H;;;;;Function block marker;;ЛОЖЬ;ЛОЖЬ;;548;;;;;;;0;;;;2609;ЛОЖЬ;0;;;;;;;;;;;;;;Undefined;491;3428;;;;;;;;;;ЛОЖЬ;;;;;;;;;;;;;;;;;;;;;;;;;;;;;;;;;
T;612_1;;;;;;;ЛОЖЬ;ЛОЖЬ;;612;;;;;;;;100 ms;10;;428;ЛОЖЬ;0;;;;;;;;;;;;;;Undefined;;;Delayed ON with constant timer value;;;;;;;;;ЛОЖЬ;ИСТИНА;;;;;;;;;;;;;;;;;;;;;;;;;;;;;;;;
DI;FGS_551_1.FGS_002_1_SnS;;FSC;;;SafeNet LINK STATUS;Yes;ЛОЖЬ;ЛОЖЬ;;60;;;;;;;0;;;;528;ЛОЖЬ;0;None;;;;;;1=NOT FAULTY;;;;;;;Undefined;491;3428;;;;;;Low;;;;ЛОЖЬ;;;;ЛОЖЬ;;Input;FGS_002_1;FGS_551_1;0;;;;;;;;;;;;;;;;;;;;;;;;
DI;55GT108_MOR;;COM;;;MO REQUEST;No;ЛОЖЬ;ИСТИНА;;526;;;;;;;0;;;;3464;ЛОЖЬ;0;None;;;;;;1=REQUEST;;;;;;;Undefined;491;3428;;;;;;Freeze;;;;ЛОЖЬ;;;;ЛОЖЬ;;;;;;;;;;;;;;Input;EPKS_UCB;FGS_551_1;9;;;;;;;;;;;;
M;C504_3_D;;;;;Function block marker;;ЛОЖЬ;ЛОЖЬ;;504;;;;;;;0;;;;2683;ЛОЖЬ;0;;;;;;;;;;;;;;Undefined;491;3428;;;;;;;;;;ЛОЖЬ;;;;;;;;;;;;;;;;;;;;;;;;;;;;;;;;;
M;700_712_1;;;;;Ack gas area 672-20;;ЛОЖЬ;ЛОЖЬ;;712;;;;;;;0;;;;92;ЛОЖЬ;0;;;;;;;1=ACK;;;;;;;Undefined;;;;;;;;;;;;ЛОЖЬ;ИСТИНА;;;;;;;;;;;;;;;;;;;;;;;;;;;;;;;;
DO;FGS_551_1.60XA607_1;;FSC;;;T.GD act. in H-6052-GDAP-U,F,G lamp;Yes;ЛОЖЬ;ЛОЖЬ;;586;;;;;;;0;;;;1094;ЛОЖЬ;0;None;;;;;;PULSE=ALARM;;;;;;;Undefined;491;3428;;;;;;;;;;ЛОЖЬ;;;;;;Output;FGS_002_1;FGS_551_1;52;;;;;;;;;;;;;;;;;;;;;;;;
M;2462_D;;;;;State BAD (1=BadPV);;ЛОЖЬ;ЛОЖЬ;;2462;;;;;;;0;;;;1687;ЛОЖЬ;0;;;;;;;;;;;;;;Undefined;491;3428;;;;;;;;;;ЛОЖЬ;;;;;;;;;;;;;;;;;;;;;;;;;;;;;;;;;
DO;61XY806;;FLD;;;Horn near A11 6100;Yes;ИСТИНА;ЛОЖЬ;;712;;;;;;;0;;;;125;ИСТИНА;58347;None;;;;;;1=ON;;;;;;;Undefined;;;;42.06;5;6;1;Appl;;;;ЛОЖЬ;ИСТИНА;;;;;;;;;;;;;;;;;Output;EPKS_UCB;FGS_551_1;536;;;;;;;;;;;;
DO;61GT903_B0;;COM;;;Bit 0;No;ЛОЖЬ;ЛОЖЬ;;708;;;;;;;0;;;;53;ЛОЖЬ;0;None;;;;;;;;;;;;;Undefined;;;;;;;;;;;;ЛОЖЬ;ИСТИНА;;;;;;;;;;;;;;;;;Output;EPKS_UCB;FGS_551_1;474;;;;;;;;;;;;
M;588_23;;;;;;;ЛОЖЬ;ЛОЖЬ;;588;;;;;;;0;;;;2032;ЛОЖЬ;0;;;;;;;;;;;;;;Undefined;491;3428;;;;;;;;;;ЛОЖЬ;;;;;;;;;;;;;;;;;;;;;;;;;;;;;;;;;
M;C572_1_E;;;;;Function block marker;;ЛОЖЬ;ЛОЖЬ;;572;;;;;;;0;;;;2546;ЛОЖЬ;0;;;;;;;;;;;;;;Undefined;491;3428;;;;;;;;;;ЛОЖЬ;;;;;;;;;;;;;;;;;;;;;;;;;;;;;;;;;
M;664_5;;;;;;;ЛОЖЬ;ЛОЖЬ;;664;;;;;;;0;;;;212;ЛОЖЬ;0;;;;;;;;;;;;;;Undefined;491;3428;;;;;;;;;;ЛОЖЬ;;;;;;;;;;;;;;;;;;;;;;;;;;;;;;;;;
M;684_696_2;;;;;60GT305_RR;;ЛОЖЬ;ЛОЖЬ;;696;;;;;;;0;;;;2230;ЛОЖЬ;0;;;;;;;1=READY;;;;;;;Undefined;491;3428;;;;;;;;;;ЛОЖЬ;;;;;;;;;;;;;;;;;;;;;;;;;;;;;;;;;
DI;55GT106_MOR;;COM;;;MO REQUEST;No;ЛОЖЬ;ИСТИНА;;522;;;;;;;0;;;;3462;ЛОЖЬ;0;None;;;;;;1=REQUEST;;;;;;;Undefined;491;3428;;;;;;Freeze;;;;ЛОЖЬ;;;;ЛОЖЬ;;;;;;;;;;;;;;Input;EPKS_UCB;FGS_551_1;7;;;;;;;;;;;;
M;612_614_3;;;;;60GT308_BadPV_FL;;ЛОЖЬ;ЛОЖЬ;;614;;;;;;;0;;;;2136;ЛОЖЬ;0;;;;;;;0=BadPV;;;;;;;Undefined;491;3428;;;;;;;;;;ЛОЖЬ;;;;;;;;;;;;;;;;;;;;;;;;;;;;;;;;;
M;C462_4_C;;;;;Function block marker;;ЛОЖЬ;ЛОЖЬ;;462;;;;;;;0;;;;446;ЛОЖЬ;0;;;;;;;;;;;;;;Undefined;;;;;;;;;;;;ЛОЖЬ;ИСТИНА;;;;;;;;;;;;;;;;;;;;;;;;;;;;;;;;
M;C392_3_H;;;;;Function block marker;;ЛОЖЬ;ЛОЖЬ;;392;;;;;;;0;;;;2843;ЛОЖЬ;0;;;;;;;;;;;;;;Undefined;491;3428;;;;;;;;;;ЛОЖЬ;;;;;;;;;;;;;;;;;;;;;;;;;;;;;;;;;
M;C544_3_D;;;;;Function block marker;;ЛОЖЬ;ЛОЖЬ;;544;;;;;;;0;;;;2626;ЛОЖЬ;0;;;;;;;;;;;;;;Undefined;491;3428;;;;;;;;;;ЛОЖЬ;;;;;;;;;;;;;;;;;;;;;;;;;;;;;;;;;
M;694_10;;;;;;;ЛОЖЬ;ЛОЖЬ;;694;;;;;;;0;;;;2248;ЛОЖЬ;0;;;;;;;;;;;;;;Undefined;491;3428;;;;;;;;;;ЛОЖЬ;;;;;;;;;;;;;;;;;;;;;;;;;;;;;;;;;
M;582_590_2;;;;;60GT109_RR;;ЛОЖЬ;ЛОЖЬ;;590;;;;;;;0;;;;1970;ЛОЖЬ;0;;;;;;;1=READY;;;;;;;Undefined;491;3428;;;;;;;;;;ЛОЖЬ;;;;;;;;;;;;;;;;;;;;;;;;;;;;;;;;;
M;C682_3_D;;;;;Function block marker;;ЛОЖЬ;ЛОЖЬ;;682;;;;;;;0;;;;2349;ЛОЖЬ;0;;;;;;;;;;;;;;Undefined;491;3428;;;;;;;;;;ЛОЖЬ;;;;;;;;;;;;;;;;;;;;;;;;;;;;;;;;;
M;C562_2_G;;;;;Function block marker;;ЛОЖЬ;ЛОЖЬ;;562;;;;;;;0;;;;2591;ЛОЖЬ;0;;;;;;;;;;;;;;Undefined;491;3428;;;;;;;;;;ЛОЖЬ;;;;;;;;;;;;;;;;;;;;;;;;;;;;;;;;;
M;C336_4_E;;;;;Function block marker;;ЛОЖЬ;ЛОЖЬ;;336;;;;;;;0;;;;2889;ЛОЖЬ;0;;;;;;;;;;;;;;Undefined;491;3428;;;;;;;;;;ЛОЖЬ;;;;;;;;;;;;;;;;;;;;;;;;;;;;;;;;;
M;C688_2_H;;;;;Function block marker;;ЛОЖЬ;ЛОЖЬ;;688;;;;;;;0;;;;2322;ЛОЖЬ;0;;;;;;;;;;;;;;Undefined;491;3428;;;;;;;;;;ЛОЖЬ;;;;;;;;;;;;;;;;;;;;;;;;;;;;;;;;;
T;568_1;;;;;;;ЛОЖЬ;ЛОЖЬ;;568;;;;;;;;100 ms;10;;352;ЛОЖЬ;0;;;;;;;;;;;;;;Undefined;;;Delayed ON with constant timer value;;;;;;;;;ЛОЖЬ;ИСТИНА;;;;;;;;;;;;;;;;;;;;;;;;;;;;;;;;
M;630_10;;;;;;;ЛОЖЬ;ЛОЖЬ;;630;;;;;;;0;;;;1304;ЛОЖЬ;0;;;;;;;;;;;;;;Undefined;491;3428;;;;;;;;;;ЛОЖЬ;;;;;;;;;;;;;;;;;;;;;;;;;;;;;;;;;
T;312_1;;;;;;;ЛОЖЬ;ЛОЖЬ;;312;;;;;;;;100 ms;10;;88;ЛОЖЬ;0;;;;;;;;;;;;;;Undefined;;;Delayed ON with constant timer value;;;;;;;;;ЛОЖЬ;ИСТИНА;;;;;;;;;;;;;;;;;;;;;;;;;;;;;;;;
M;550_854_6;;;;;AREA 6000-1-T.GAS ALARM;;ЛОЖЬ;ЛОЖЬ;;854;;;;;;;0;;;;2285;ЛОЖЬ;0;;;;;;;0=ACTIVATED;;;;;;;Undefined;491;3428;;;;;;;;;;ЛОЖЬ;;;;;;;;;;;;;;;;;;;;;;;;;;;;;;;;;
DI;60HS102A;;FLD;;;Horn testing 60XA102;No;ИСТИНА;ЛОЖЬ;;572;;;;;;;;;;;95;ИСТИНА;58162;None;;;;;;1=ON;;;;;;;Undefined;491;3428;;42.03;11;8;1;Low;;Digital switch without loop monitoring;;ЛОЖЬ;;;;ЛОЖЬ;;;;;;;;;;;;;;Output;EPKS_UCB;FGS_551_1;456;;;;;;;;;;;;
T;486_7;;;;;;;ЛОЖЬ;ЛОЖЬ;;486;;;;;;;;1 s;0;;164;ЛОЖЬ;0;;;;;;;;;;;;;;Undefined;491;3428;Delayed ON memorize with variable timer value;;;;;;;;;ЛОЖЬ;;;;;;;;;;;;;;;;;;;;;;;;;;;;;;;;;
DI;60HS305A;;FLD;;;Horn testing 60XA305;No;ИСТИНА;ЛОЖЬ;;694;;;;;;;;;;;85;ИСТИНА;58163;None;;;;;;1=ON;;;;;;;Undefined;491;3428;;42.03;11;14;1;Low;;Digital switch without loop monitoring;;ЛОЖЬ;;;;ЛОЖЬ;;;;;;;;;;;;;;Output;EPKS_UCB;FGS_551_1;462;;;;;;;;;;;;
M;C392_2_D;;;;;Function block marker;;ЛОЖЬ;ЛОЖЬ;;392;;;;;;;0;;;;2836;ЛОЖЬ;0;;;;;;;;;;;;;;Undefined;491;3428;;;;;;;;;;ЛОЖЬ;;;;;;;;;;;;;;;;;;;;;;;;;;;;;;;;;
DI;60XY555C_MOR;;COM;;;MO REQUEST;No;ЛОЖЬ;ИСТИНА;;622;;;;;;;0;;;;3524;ЛОЖЬ;0;None;;;;;;1=REQUEST;;;;;;;Undefined;491;3428;;;;;;Freeze;;;;ЛОЖЬ;;;;ЛОЖЬ;;;;;;;;;;;;;;Input;EPKS_UCB;FGS_551_1;69;;;;;;;;;;;;
DO;60GT312_B1;;COM;;;Bit 1;No;ЛОЖЬ;ЛОЖЬ;;686;;;;;;;0;;;;813;ЛОЖЬ;0;None;;;;;;;;;;;;;Undefined;491;3428;;;;;;;;;;ЛОЖЬ;;;;;;;;;;;;;;;;;;Output;EPKS_UCB;FGS_551_1;710;;;;;;;;;;;;
M;310_318_2;;;;;55GT109_RR;;ЛОЖЬ;ЛОЖЬ;;318;;;;;;;0;;;;1382;ЛОЖЬ;0;;;;;;;1=READY;;;;;;;Undefined;491;3428;;;;;;;;;;ЛОЖЬ;;;;;;;;;;;;;;;;;;;;;;;;;;;;;;;;;
M;618_4;;;;;;;ЛОЖЬ;ЛОЖЬ;;618;;;;;;;0;;;;2139;ЛОЖЬ;0;;;;;;;;;;;;;;Undefined;491;3428;;;;;;;;;;ЛОЖЬ;;;;;;;;;;;;;;;;;;;;;;;;;;;;;;;;;
M;466_852_1;;;;;AREA PH-55-1-T.GAS ALARM;;ЛОЖЬ;ЛОЖЬ;;852;;;;;;;0;;;;2276;ЛОЖЬ;0;;;;;;;PULSE=ALARM;;;;;;;Undefined;491;3428;;;;;;;;;;ЛОЖЬ;;;;;;;;;;;;;;;;;;;;;;;;;;;;;;;;;
M;636_2;;;;;;;ЛОЖЬ;ЛОЖЬ;;636;;;;;;;0;;;;2102;ЛОЖЬ;0;;;;;;;;;;;;;;Undefined;491;3428;;;;;;;;;;ЛОЖЬ;;;;;;;;;;;;;;;;;;;;;;;;;;;;;;;;;
M;C546_2_H;;;;;Function block marker;;ЛОЖЬ;ЛОЖЬ;;546;;;;;;;0;;;;2619;ЛОЖЬ;0;;;;;;;;;;;;;;Undefined;491;3428;;;;;;;;;;ЛОЖЬ;;;;;;;;;;;;;;;;;;;;;;;;;;;;;;;;;
M;C2462_5;;;;;Compiler marker (336, 156);;ЛОЖЬ;ЛОЖЬ;;2462;;;;;;;0;;;;1022;ЛОЖЬ;0;;;;;;;;;;;;;;Undefined;491;3428;;;;;;;;;;ЛОЖЬ;;;;;;;;;;;;;;;;;;;;;;;;;;;;;;;;;
DO;60XS547C;;COM;;;B9A READY;No;ЛОЖЬ;ЛОЖЬ;;630;;;;;;;0;;;;1771;ИСТИНА;58138;None;;;;;;1=READY;;;;;;;Undefined;491;3428;;;;;;;;;;ЛОЖЬ;;;;;;;;;;;;;;;;;;Output;EPKS_UCB;FGS_551_1;919;;;;;;;;;;;;
DI;60HS303B;;FLD;;;Beacon testing 60XA303T;No;ИСТИНА;ЛОЖЬ;;588;;;;;;;;;;;84;ИСТИНА;58164;None;;;;;;1=ON;;;;;;;Undefined;491;3428;;42.03;11;13;1;Low;;Digital switch without loop monitoring;;ЛОЖЬ;;;;ЛОЖЬ;;;;;;;;;;;;;;Output;EPKS_UCB;FGS_551_1;461;;;;;;;;;;;;
M;C632_2_4;;;;;Function block marker;;ЛОЖЬ;ЛОЖЬ;;632;;;;;;;0;;;;2449;ЛОЖЬ;0;;;;;;;;;;;;;;Undefined;491;3428;;;;;;;;;;ЛОЖЬ;;;;;;;;;;;;;;;;;;;;;;;;;;;;;;;;;
M;C504_3_C;;;;;Function block marker;;ЛОЖЬ;ЛОЖЬ;;504;;;;;;;0;;;;2682;ЛОЖЬ;0;;;;;;;;;;;;;;Undefined;491;3428;;;;;;;;;;ЛОЖЬ;;;;;;;;;;;;;;;;;;;;;;;;;;;;;;;;;
M;C634_1_M;;;;;Function block marker;;ЛОЖЬ;ЛОЖЬ;;634;;;;;;;0;;;;2411;ЛОЖЬ;0;;;;;;;;;;;;;;Undefined;491;3428;;;;;;;;;;ЛОЖЬ;;;;;;;;;;;;;;;;;;;;;;;;;;;;;;;;;
M;C610_4_D;;;;;Function block marker;;ЛОЖЬ;ЛОЖЬ;;610;;;;;;;0;;;;443;ЛОЖЬ;0;;;;;;;;;;;;;;Undefined;;;;;;;;;;;;ЛОЖЬ;ИСТИНА;;;;;;;;;;;;;;;;;;;;;;;;;;;;;;;;
DI;60HS204A;;FLD;;;Beacon testing toxic gas Horn near  Н-6001;No;ИСТИНА;ЛОЖЬ;;552;;;;;;;;;;;88;ИСТИНА;58165;None;;;;;;1=ON;;;;;;;Undefined;491;3428;;42.03;11;1;1;Low;;Digital switch without loop monitoring;;ЛОЖЬ;;;;ЛОЖЬ;;;;;;;;;;;;;;Output;EPKS_UCB;FGS_551_1;449;;;;;;;;;;;;
M;C480_2_B;;;;;Compiler marker;;ЛОЖЬ;ЛОЖЬ;;480;;;;;;;0;;;;2769;ЛОЖЬ;0;;;;;;;;;;;;;;Undefined;491;3428;;;;;;;;;;ЛОЖЬ;;;;;;;;;;;;;;;;;;;;;;;;;;;;;;;;;
M;666_3;;;;;;;ЛОЖЬ;ЛОЖЬ;;666;;;;;;;0;;;;2170;ЛОЖЬ;0;;;;;;;;;;;;;;Undefined;491;3428;;;;;;;;;;ЛОЖЬ;;;;;;;;;;;;;;;;;;;;;;;;;;;;;;;;;
T;630_6;;;;;;;ЛОЖЬ;ЛОЖЬ;;630;;;;;;;;10 ms;1;;20;ЛОЖЬ;0;;;;;;;;;;;;;;Undefined;491;3428;Delayed ON memorize with constant timer value;;;;;;;;;ЛОЖЬ;;;;;;;;;;;;;;;;;;;;;;;;;;;;;;;;;
DI;55XS453_P;;COM;;;work alarm В4А;No;ЛОЖЬ;ИСТИНА;;484;;;;;;;0;;;;1540;ЛОЖЬ;0;None;;;;;;1=RUNNING;;;;;;;Undefined;491;3428;;;;;;Low;;;;ЛОЖЬ;;;;ЛОЖЬ;;;;;;;;;;;;;;;;;;;;;;;;;;Input;C300_UCB;FGS_551_1;5
M;C548_2_G;;;;;Function block marker;;ЛОЖЬ;ЛОЖЬ;;548;;;;;;;0;;;;2608;ЛОЖЬ;0;;;;;;;;;;;;;;Undefined;491;3428;;;;;;;;;;ЛОЖЬ;;;;;;;;;;;;;;;;;;;;;;;;;;;;;;;;;
M;C460_2_F;;;;;Function block marker;;ЛОЖЬ;ЛОЖЬ;;460;;;;;;;0;;;;2826;ЛОЖЬ;0;;;;;;;;;;;;;;Undefined;491;3428;;;;;;;;;;ЛОЖЬ;;;;;;;;;;;;;;;;;;;;;;;;;;;;;;;;;
T;630_2;;;;;;;ЛОЖЬ;ЛОЖЬ;;630;;;;;;;;100 ms;50;;448;ЛОЖЬ;0;;;;;;;;;;;;;;Undefined;491;3428;Pulse retriggerable with constant timer value;;;;;;;;;ЛОЖЬ;;;;;;;;;;;;;;;;;;;;;;;;;;;;;;;;;
DO;60GT109_MOC;;COM;;;MO CONFIRM;No;ЛОЖЬ;ЛОЖЬ;;582;;;;;;;0;;;;875;ИСТИНА;58257;None;;;;;;1=CONFIRMED;;;;;;;Undefined;491;3428;;;;;;;;;;ЛОЖЬ;;;;;;;;;;;;;;;;;;Output;EPKS_UCB;FGS_551_1;765;;;;;;;;;;;;
M;480_12;;;;;;;ЛОЖЬ;ЛОЖЬ;;480;;;;;;;0;;;;1534;ЛОЖЬ;0;;;;;;;;;;;;;;Undefined;491;3428;;;;;;;;;;ЛОЖЬ;;;;;;;;;;;;;;;;;;;;;;;;;;;;;;;;;
DI;60GT110_MOR;;COM;;;MO REQUEST;No;ЛОЖЬ;ИСТИНА;;350;;;;;;;0;;;;3497;ЛОЖЬ;0;None;;;;;;1=REQUEST;;;;;;;Undefined;491;3428;;;;;;Freeze;;;;ЛОЖЬ;;;;ЛОЖЬ;;;;;;;;;;;;;;Input;EPKS_UCB;FGS_551_1;42;;;;;;;;;;;;
M;C486_2_1;;;;;Function block marker;;ЛОЖЬ;ЛОЖЬ;;486;;;;;;;0;;;;2714;ЛОЖЬ;0;;;;;;;;;;;;;;Undefined;491;3428;;;;;;;;;;ЛОЖЬ;;;;;;;;;;;;;;;;;;;;;;;;;;;;;;;;;
M;508_1;;;;;;;ЛОЖЬ;ЛОЖЬ;;508;;;;;;;0;;;;1881;ЛОЖЬ;0;;;;;;;;;;;;;;Undefined;491;3428;;;;;;;;;;ЛОЖЬ;;;;;;;;;;;;;;;;;;;;;;;;;;;;;;;;;
DO;61XY805;;FLD;;;Horn near B11 6100;Yes;ИСТИНА;ЛОЖЬ;;712;;;;;;;0;;;;124;ИСТИНА;58346;None;;;;;;1=ON;;;;;;;Undefined;;;;42.06;5;5;1;Appl;;;;ЛОЖЬ;ИСТИНА;;;;;;;;;;;;;;;;;Output;EPKS_UCB;FGS_551_1;528;;;;;;;;;;;;
T;634_7;;;;;;;ЛОЖЬ;ЛОЖЬ;;634;;;;;;;;1 s;0;;192;ЛОЖЬ;0;;;;;;;;;;;;;;Undefined;491;3428;Delayed ON memorize with variable timer value;;;;;;;;;ЛОЖЬ;;;;;;;;;;;;;;;;;;;;;;;;;;;;;;;;;
M;2463_P;;;;;OP Bit 0;;ЛОЖЬ;ЛОЖЬ;;2463;;;;;;;0;;;;1706;ЛОЖЬ;0;;;;;;;;;;;;;;Undefined;491;3428;;;;;;;;;;ЛОЖЬ;;;;;;;;;;;;;;;;;;;;;;;;;;;;;;;;;
DI;EFM 42.05/15/17;;SYS;;;;Yes;ЛОЖЬ;;;12;;;;;;;;;;;104;ЛОЖЬ;0;None;;;;;;;;;;;;;Undefined;491;3428;;42.05;15;17;1;Undefined;;No input device;;ЛОЖЬ;;;;ЛОЖЬ;;;;;;;;;;;;;;;;;;;;;;;;;;;;;
M;C568_1_C;;;;;Function block marker;;ЛОЖЬ;ЛОЖЬ;;568;;;;;;;0;;;;2555;ЛОЖЬ;0;;;;;;;;;;;;;;Undefined;491;3428;;;;;;;;;;ЛОЖЬ;;;;;;;;;;;;;;;;;;;;;;;;;;;;;;;;;
DO;61GT901_MOC;;COM;;;MO CONFIRM;No;ЛОЖЬ;ЛОЖЬ;;704;;;;;;;0;;;;46;ИСТИНА;58168;None;;;;;;1=CONFIRMED;;;;;;;Undefined;;;;;;;;;;;;ЛОЖЬ;ИСТИНА;;;;;;;;;;;;;;;;;Output;EPKS_UCB;FGS_551_1;431;;;;;;;;;;;;
AI;60GT110;;FLD;;;CH4 at ext. inst. 6000;Yes;ИСТИНА;ЛОЖЬ;;350;ЛОЖЬ;Long;0-20mA;0;3276;;;;;;160;ЛОЖЬ;58167;;None;None;None;None;;;;0;0;;;;-XXXXX.X;0;4095;;42.03;7;7;1;Bottom scale;;;;ЛОЖЬ;;ЛОЖЬ;;;;;;;;;;;;;;;;Output;EPKS_UCB;FGS_551_1;11177;;;;;;;;;;;;
M;C484_2_F;;;;;Compiler marker;;ЛОЖЬ;ЛОЖЬ;;484;;;;;;;0;;;;2729;ЛОЖЬ;0;;;;;;;;;;;;;;Undefined;491;3428;;;;;;;;;;ЛОЖЬ;;;;;;;;;;;;;;;;;;;;;;;;;;;;;;;;;
DO;60GT316_B1;;COM;;;Bit 1;No;ЛОЖЬ;ЛОЖЬ;;392;;;;;;;0;;;;913;ЛОЖЬ;0;None;;;;;;;;;;;;;Undefined;491;3428;;;;;;;;;;ЛОЖЬ;;;;;;;;;;;;;;;;;;Output;EPKS_UCB;FGS_551_1;801;;;;;;;;;;;;
DO;FGS_551_1.60XA603_1;;FSC;;;T.GD act. in 6050-2-GDAP-U,F,G lamp;Yes;ЛОЖЬ;ЛОЖЬ;;690;;;;;;;0;;;;1076;ЛОЖЬ;0;None;;;;;;PULSE=ALARM;;;;;;;Undefined;491;3428;;;;;;;;;;ЛОЖЬ;;;;;;Output;FGS_002_1;FGS_551_1;63;;;;;;;;;;;;;;;;;;;;;;;;
M;C482_1_N;;;;;Function block marker;;ЛОЖЬ;ЛОЖЬ;;482;;;;;;;0;;;;2743;ЛОЖЬ;0;;;;;;;;;;;;;;Undefined;491;3428;;;;;;;;;;ЛОЖЬ;;;;;;;;;;;;;;;;;;;;;;;;;;;;;;;;;
M;C2465_9;;;;;Compiler marker (272, 234);;ЛОЖЬ;ЛОЖЬ;;2465;;;;;;;0;;;;646;ЛОЖЬ;0;;;;;;;;;;;;;;Undefined;491;3428;;;;;;;;;;ЛОЖЬ;;;;;;;;;;;;;;;;;;;;;;;;;;;;;;;;;
M;C482_1_R;;;;;Function block marker;;ЛОЖЬ;ЛОЖЬ;;482;;;;;;;0;;;;2747;ЛОЖЬ;0;;;;;;;;;;;;;;Undefined;491;3428;;;;;;;;;;ЛОЖЬ;;;;;;;;;;;;;;;;;;;;;;;;;;;;;;;;;
M;C584_1_C;;;;;Function block marker;;ЛОЖЬ;ЛОЖЬ;;584;;;;;;;0;;;;2528;ЛОЖЬ;0;;;;;;;;;;;;;;Undefined;491;3428;;;;;;;;;;ЛОЖЬ;;;;;;;;;;;;;;;;;;;;;;;;;;;;;;;;;
M;C634_1_R;;;;;Function block marker;;ЛОЖЬ;ЛОЖЬ;;634;;;;;;;0;;;;2416;ЛОЖЬ;0;;;;;;;;;;;;;;Undefined;491;3428;;;;;;;;;;ЛОЖЬ;;;;;;;;;;;;;;;;;;;;;;;;;;;;;;;;;
M;508_3;;;;;;;ЛОЖЬ;ЛОЖЬ;;508;;;;;;;0;;;;1878;ЛОЖЬ;0;;;;;;;;;;;;;;Undefined;491;3428;;;;;;;;;;ЛОЖЬ;;;;;;;;;;;;;;;;;;;;;;;;;;;;;;;;;
DO;60GT312_B2;;COM;;;Bit 2;No;ЛОЖЬ;ЛОЖЬ;;686;;;;;;;0;;;;814;ЛОЖЬ;0;None;;;;;;;;;;;;;Undefined;491;3428;;;;;;;;;;ЛОЖЬ;;;;;;;;;;;;;;;;;;Output;EPKS_UCB;FGS_551_1;711;;;;;;;;;;;;
DI;55HS454B;;COM;;;DCS STOP;No;ЛОЖЬ;ИСТИНА;;486;;;;;;;0;;;;3533;ЛОЖЬ;0;None;;;;;;1=DCScmdSTOP;;;;;;;Undefined;491;3428;;;;;;Low;;;;ЛОЖЬ;;;;ЛОЖЬ;;;;;;;;;;;;;;Input;EPKS_UCB;FGS_551_1;78;;;;;;;;;;;;
M;C2463_1;;;;;Compiler marker (168, 234);;ЛОЖЬ;ЛОЖЬ;;2463;;;;;;;0;;;;131;ЛОЖЬ;0;;;;;;;;;;;;;;Undefined;491;3428;;;;;;;;;;ЛОЖЬ;;;;;;;;;;;;;;;;;;;;;;;;;;;;;;;;;
T;2462_4;;;;;;;ЛОЖЬ;ЛОЖЬ;;2462;;;;;;;;10 ms;1;;116;ЛОЖЬ;0;;;;;;;;;;;;;;Undefined;491;3428;Delayed ON memorize with constant timer value;;;;;;;;;ЛОЖЬ;;;;;;;;;;;;;;;;;;;;;;;;;;;;;;;;;
M;C466_1;;;;;Compiler marker (256, 49);;ЛОЖЬ;ЛОЖЬ;;466;;;;;;;0;;;;444;ЛОЖЬ;0;;;;;;;;;;;;;;Undefined;;;;;;;;;;;;ЛОЖЬ;ИСТИНА;;;;;;;;;;;;;;;;;;;;;;;;;;;;;;;;
M;C630_1_K;;;;;Function block marker;;ЛОЖЬ;ЛОЖЬ;;630;;;;;;;0;;;;2451;ЛОЖЬ;0;;;;;;;;;;;;;;Undefined;491;3428;;;;;;;;;;ЛОЖЬ;;;;;;;;;;;;;;;;;;;;;;;;;;;;;;;;;
DI;55XS452C_P;;COM;;;Ready for start signal В3А;No;ЛОЖЬ;ИСТИНА;;482;;;;;;;0;;;;1539;ЛОЖЬ;0;None;;;;;;1=READY;;;;;;;Undefined;491;3428;;;;;;Low;;;;ЛОЖЬ;;;;ЛОЖЬ;;;;;;;;;;;;;;;;;;;;;;;;;;Input;C300_UCB;FGS_551_1;4
M;662_670_2;;;;;60GT310_RR;;ЛОЖЬ;ЛОЖЬ;;670;;;;;;;0;;;;2176;ЛОЖЬ;0;;;;;;;1=READY;;;;;;;Undefined;491;3428;;;;;;;;;;ЛОЖЬ;;;;;;;;;;;;;;;;;;;;;;;;;;;;;;;;;
DI;42-OutputFault;;SYS;;;Output channel fault;Yes;ЛОЖЬ;;;21;;;;;;;;;;;24;ЛОЖЬ;0;None;;;;;;1=NORMAL;;;;;;;Undefined;491;3428;;;;;;;;;;ЛОЖЬ;;;;ЛОЖЬ;;;;;;;;;;;;;;Output;EPKS_UCB;FGS_551_1;617;;;;;;;;;;;;
M;C2465_5;;;;;Compiler marker (272, 138);;ЛОЖЬ;ЛОЖЬ;;2465;;;;;;;0;;;;641;ЛОЖЬ;0;;;;;;;;;;;;;;Undefined;491;3428;;;;;;;;;;ЛОЖЬ;;;;;;;;;;;;;;;;;;;;;;;;;;;;;;;;;
M;C2407_3;;;;;Compiler marker (224, 132);;ЛОЖЬ;ЛОЖЬ;;2407;;;;;;;0;;;;1034;ЛОЖЬ;0;;;;;;;;;;;;;;Undefined;491;3428;;;;;;;;;;ЛОЖЬ;;;;;;;;;;;;;;;;;;;;;;;;;;;;;;;;;
DO;60GT307_B1;;COM;;;Bit 1;No;ЛОЖЬ;ЛОЖЬ;;610;;;;;;;0;;;;763;ЛОЖЬ;0;None;;;;;;;;;;;;;Undefined;491;3428;;;;;;;;;;ЛОЖЬ;;;;;;;;;;;;;;;;;;Output;EPKS_UCB;FGS_551_1;649;;;;;;;;;;;;
M;632_11;;;;;;;ЛОЖЬ;ЛОЖЬ;;632;;;;;;;0;;;;2042;ЛОЖЬ;0;;;;;;;;;;;;;;Undefined;491;3428;;;;;;;;;;ЛОЖЬ;;;;;;;;;;;;;;;;;;;;;;;;;;;;;;;;;
M;486_6;;;;;;;ЛОЖЬ;ЛОЖЬ;;486;;;;;;;0;;;;1837;ЛОЖЬ;0;;;;;;;;;;;;;;Undefined;491;3428;;;;;;;;;;ЛОЖЬ;;;;;;;;;;;;;;;;;;;;;;;;;;;;;;;;;
M;390_5;;;;;;;ЛОЖЬ;ЛОЖЬ;;390;;;;;;;0;;;;237;ЛОЖЬ;0;;;;;;;;;;;;;;Undefined;491;3428;;;;;;;;;;ЛОЖЬ;;;;;;;;;;;;;;;;;;;;;;;;;;;;;;;;;
M;C486_2_4;;;;;Function block marker;;ЛОЖЬ;ЛОЖЬ;;486;;;;;;;0;;;;2717;ЛОЖЬ;0;;;;;;;;;;;;;;Undefined;491;3428;;;;;;;;;;ЛОЖЬ;;;;;;;;;;;;;;;;;;;;;;;;;;;;;;;;;
M;C484_1_Q;;;;;Function block marker;;ЛОЖЬ;ЛОЖЬ;;484;;;;;;;0;;;;2725;ЛОЖЬ;0;;;;;;;;;;;;;;Undefined;491;3428;;;;;;;;;;ЛОЖЬ;;;;;;;;;;;;;;;;;;;;;;;;;;;;;;;;;
M;C330_3_G;;;;;Function block marker;;ЛОЖЬ;ЛОЖЬ;;330;;;;;;;0;;;;2910;ЛОЖЬ;0;;;;;;;;;;;;;;Undefined;491;3428;;;;;;;;;;ЛОЖЬ;;;;;;;;;;;;;;;;;;;;;;;;;;;;;;;;;
M;704_5;;;;;;;ЛОЖЬ;ЛОЖЬ;;704;;;;;;;0;;;;73;ЛОЖЬ;0;;;;;;;;;;;;;;Undefined;;;;;;;;;;;;ЛОЖЬ;ИСТИНА;;;;;;;;;;;;;;;;;;;;;;;;;;;;;;;;
DO;55HS202D_RR;;COM;;;READY TO RESET 5500-1-TOXIC GAS;No;ЛОЖЬ;ЛОЖЬ;;510;;;;;;;0;;;;1036;ИСТИНА;58210;None;;;;;;1=READY;;;;;;;Undefined;491;3428;;;;;;;;;;ЛОЖЬ;;;;;;;;;;;;;;;;;;Output;EPKS_UCB;FGS_551_1;655;;;;;;;;;;;;
M;C612_1_D;;;;;Function block marker;;ЛОЖЬ;ЛОЖЬ;;612;;;;;;;0;;;;2503;ЛОЖЬ;0;;;;;;;;;;;;;;Undefined;491;3428;;;;;;;;;;ЛОЖЬ;;;;;;;;;;;;;;;;;;;;;;;;;;;;;;;;;
DO;60HS206D_RR;;COM;;;READY TO RESET 6000-2-TOXIC GAS;No;ЛОЖЬ;ЛОЖЬ;;574;;;;;;;0;;;;1041;ИСТИНА;58247;None;;;;;;1=READY;;;;;;;Undefined;491;3428;;;;;;;;;;ЛОЖЬ;;;;;;;;;;;;;;;;;;Output;EPKS_UCB;FGS_551_1;740;;;;;;;;;;;;
M;C630_1_L;;;;;Function block marker;;ЛОЖЬ;ЛОЖЬ;;630;;;;;;;0;;;;2452;ЛОЖЬ;0;;;;;;;;;;;;;;Undefined;491;3428;;;;;;;;;;ЛОЖЬ;;;;;;;;;;;;;;;;;;;;;;;;;;;;;;;;;
T;620_1;;;;;;;ЛОЖЬ;ЛОЖЬ;;620;;;;;;;;1 s;30;;208;ЛОЖЬ;0;;;;;;;;;;;;;;Undefined;491;3428;Delayed OFF with constant timer value;;;;;;;;;ЛОЖЬ;;;;;;;;;;;;;;;;;;;;;;;;;;;;;;;;;
DO;60GA317;;COM;;;TRIP INITIATOR-Flammable gas;No;ЛОЖЬ;ЛОЖЬ;;370;;;;;;;1;;;;926;ИСТИНА;58283;None;;;;;;1=NORMAL;;;;;;;Undefined;491;3428;;;;;;;;;;ЛОЖЬ;;;;;;;;;;;;;;;;;;Output;EPKS_UCB;FGS_551_1;816;;;;;;;;;;;;
M;C2463_2;;;;;Compiler marker (168, 264);;ЛОЖЬ;ЛОЖЬ;;2463;;;;;;;0;;;;132;ЛОЖЬ;0;;;;;;;;;;;;;;Undefined;491;3428;;;;;;;;;;ЛОЖЬ;;;;;;;;;;;;;;;;;;;;;;;;;;;;;;;;;
M;C630_1_N;;;;;Function block marker;;ЛОЖЬ;ЛОЖЬ;;630;;;;;;;0;;;;2454;ЛОЖЬ;0;;;;;;;;;;;;;;Undefined;491;3428;;;;;;;;;;ЛОЖЬ;;;;;;;;;;;;;;;;;;;;;;;;;;;;;;;;;
M;330_334_3;;;;;55GA110_FL;;ЛОЖЬ;ЛОЖЬ;;334;;;;;;;0;;;;1369;ЛОЖЬ;0;;;;;;;0=ACTIVATED;;;;;;;Undefined;491;3428;;;;;;;;;;ЛОЖЬ;;;;;;;;;;;;;;;;;;;;;;;;;;;;;;;;;
BO;IB551_FGS1_DAY;;COM;672-20;;DAY;No;ЛОЖЬ;ЛОЖЬ;;23;;Byte;;;;;0;;;;59;;0;;;;;;;;;0;0;;;;-XXXXX.X;;;;;;;;;;;;ЛОЖЬ;ИСТИНА;;;;;;;;;;;;;;;;;Output;EPKS_UCB;FGS_551_1;11040;;;;;;;;;;;;
M;C524_1_C;;;;;Function block marker;;ЛОЖЬ;ЛОЖЬ;;524;;;;;;;0;;;;2656;ЛОЖЬ;0;;;;;;;;;;;;;;Undefined;491;3428;;;;;;;;;;ЛОЖЬ;;;;;;;;;;;;;;;;;;;;;;;;;;;;;;;;;
BO;IB551_FGS1_MONTH;;COM;672-20;;MONTH;No;ЛОЖЬ;ЛОЖЬ;;23;;Byte;;;;;0;;;;58;;0;;;;;;;;;0;0;;;;-XXXXX.X;;;;;;;;;;;;ЛОЖЬ;ИСТИНА;;;;;;;;;;;;;;;;;Output;EPKS_UCB;FGS_551_1;11039;;;;;;;;;;;;
DO;IB551_FGS_CF;;COM;;;CONTROLLER FGS_551_1 FAULT;No;ИСТИНА;ЛОЖЬ;;20;;;;;;;0;;;;337;ЛОЖЬ;58093;None;;;;;;0=FAULT;0=FAULT;;;;;;Undefined;;;;;;;;;;;;ЛОЖЬ;ИСТИНА;;;;;;;;;;;;;;;;;Output;EPKS_UCB;FGS_551_1;485;;;;;;;;;;;;
M;632_10;;;;;;;ЛОЖЬ;ЛОЖЬ;;632;;;;;;;0;;;;1399;ЛОЖЬ;0;;;;;;;;;;;;;;Undefined;491;3428;;;;;;;;;;ЛОЖЬ;;;;;;;;;;;;;;;;;;;;;;;;;;;;;;;;;
M;C392_2_B;;;;;Function block marker;;ЛОЖЬ;ЛОЖЬ;;392;;;;;;;0;;;;2834;ЛОЖЬ;0;;;;;;;;;;;;;;Undefined;491;3428;;;;;;;;;;ЛОЖЬ;;;;;;;;;;;;;;;;;;;;;;;;;;;;;;;;;
DI;55HS202D;;COM;;;RESET 5500-1-TOXIC GAS;No;ЛОЖЬ;ИСТИНА;;500;;;;;;;0;;;;3458;ИСТИНА;58184;None;;;;;;1=RESET;;;;;;;Undefined;491;3428;;;;;;Low;;;;ЛОЖЬ;;;;ЛОЖЬ;;;;;;;;;;;;;;Input;EPKS_UCB;FGS_551_1;3;;;;;;;;;;;;
T;482_1;;;;;;;ЛОЖЬ;ЛОЖЬ;;482;;;;;;;;100 ms;50;;248;ЛОЖЬ;0;;;;;;;;;;;;;;Undefined;491;3428;Pulse retriggerable with constant timer value;;;;;;;;;ЛОЖЬ;;;;;;;;;;;;;;;;;;;;;;;;;;;;;;;;;
DO;61GA901;;COM;;;TRIP INITIATOR Toxic gas;No;ЛОЖЬ;ЛОЖЬ;;704;;;;;;;1;;;;41;ИСТИНА;58170;None;;;;;;1=NORMAL;;;;;;;Undefined;;;;;;;;;;;;ЛОЖЬ;ИСТИНА;;;;;;;;;;;;;;;;;Output;EPKS_UCB;FGS_551_1;423;;;;;;;;;;;;
M;372_378_2;;;;;60GT318_RR;;ЛОЖЬ;ЛОЖЬ;;378;;;;;;;0;;;;1414;ЛОЖЬ;0;;;;;;;1=READY;;;;;;;Undefined;491;3428;;;;;;;;;;ЛОЖЬ;;;;;;;;;;;;;;;;;;;;;;;;;;;;;;;;;
DO;55GT102_B0;;COM;;;Bit 0;No;ЛОЖЬ;ЛОЖЬ;;460;;;;;;;0;;;;757;ЛОЖЬ;0;None;;;;;;;;;;;;;Undefined;491;3428;;;;;;;;;;ЛОЖЬ;;;;;;;;;;;;;;;;;;Output;EPKS_UCB;FGS_551_1;640;;;;;;;;;;;;
M;600_618_1;;;;;Ack gas area 672-20;;ЛОЖЬ;ЛОЖЬ;;618;;;;;;;0;;;;2140;ЛОЖЬ;0;;;;;;;1=ACK;;;;;;;Undefined;491;3428;;;;;;;;;;ЛОЖЬ;;;;;;;;;;;;;;;;;;;;;;;;;;;;;;;;;
DO;55HY459A_TF;;COM;;;CHANNEL OR LINE FAULT;No;ЛОЖЬ;ЛОЖЬ;;861;;;;;;;0;;;;451;ЛОЖЬ;0;None;;;;;;0=FAULT;;;;;;;Undefined;;;;;;;;;;;;ЛОЖЬ;ИСТИНА;;;;;;;;;;;;;;;;;Output;EPKS_UCB;FGS_551_1;965;;;;;;;;;;;;
DO;FGS_551_1.55XA601_5;;FSC;;;IB-55-1-T.GAS ALARM;Yes;ЛОЖЬ;ЛОЖЬ;;852;;;;;;;0;;;;116;ЛОЖЬ;0;None;;;;;;PULSE=ALARM;;;;;;;Undefined;491;3428;;;;;;;;;;ЛОЖЬ;;;;;;;;;;;;;;;;;;;;;;Output;FGS_001_1;FGS_551_1;4;;;;;;;;
M;C636_1_O;;;;;Function block marker;;ЛОЖЬ;ЛОЖЬ;;636;;;;;;;0;;;;2392;ЛОЖЬ;0;;;;;;;;;;;;;;Undefined;491;3428;;;;;;;;;;ЛОЖЬ;;;;;;;;;;;;;;;;;;;;;;;;;;;;;;;;;
T;630_7;;;;;;;ЛОЖЬ;ЛОЖЬ;;630;;;;;;;;1 s;0;;88;ЛОЖЬ;0;;;;;;;;;;;;;;Undefined;491;3428;Delayed ON memorize with variable timer value;;;;;;;;;ЛОЖЬ;;;;;;;;;;;;;;;;;;;;;;;;;;;;;;;;;
AI;55GT107;;FLD;;;H2S on outer installation 5500;Yes;ИСТИНА;ЛОЖЬ;;524;ЛОЖЬ;Long;0-20mA;0;3276;;;;;;20;ЛОЖЬ;58169;;None;None;None;None;;;;0;0;;;;-XXXXX.X;0;4095;;42.03;3;6;1;Bottom scale;;;;ЛОЖЬ;;ЛОЖЬ;;;;;;;;;;;;;;;;Output;EPKS_UCB;FGS_551_1;11045;;;;;;;;;;;;
M;522_5;;;;;;;ЛОЖЬ;ЛОЖЬ;;522;;;;;;;0;;;;230;ЛОЖЬ;0;;;;;;;;;;;;;;Undefined;491;3428;;;;;;;;;;ЛОЖЬ;;;;;;;;;;;;;;;;;;;;;;;;;;;;;;;;;
M;C562_1_D;;;;;Function block marker;;ЛОЖЬ;ЛОЖЬ;;562;;;;;;;0;;;;2586;ЛОЖЬ;0;;;;;;;;;;;;;;Undefined;491;3428;;;;;;;;;;ЛОЖЬ;;;;;;;;;;;;;;;;;;;;;;;;;;;;;;;;;
M;570_572_3;;;;;6000-2_TGD_A;;ЛОЖЬ;ЛОЖЬ;;572;;;;;;;0;;;;1962;ЛОЖЬ;0;;;;;;;PULSE=ALARM;;;;;;;Undefined;491;3428;;;;;;;;;;ЛОЖЬ;;;;;;;;;;;;;;;;;;;;;;;;;;;;;;;;;
M;C614_2_B;;;;;Compiler marker;;ЛОЖЬ;ЛОЖЬ;;614;;;;;;;0;;;;2496;ЛОЖЬ;0;;;;;;;;;;;;;;Undefined;491;3428;;;;;;;;;;ЛОЖЬ;;;;;;;;;;;;;;;;;;;;;;;;;;;;;;;;;
DO;55HX451_MD;;COM;;;FAN MODE;No;ЛОЖЬ;ЛОЖЬ;;480;;;;;;;0;;;;1746;ЛОЖЬ;0;None;;;;;;1=AUTO;;;;;;;Undefined;491;3428;;;;;;;;;;ЛОЖЬ;;;;;;;;;;;;;;;;;;Output;EPKS_UCB;FGS_551_1;894;;;;;;;;;;;;
DO;60GT317_B1;;COM;;;Bit 1;No;ЛОЖЬ;ЛОЖЬ;;370;;;;;;;0;;;;923;ЛОЖЬ;0;None;;;;;;;;;;;;;Undefined;491;3428;;;;;;;;;;ЛОЖЬ;;;;;;;;;;;;;;;;;;Output;EPKS_UCB;FGS_551_1;813;;;;;;;;;;;;
DO;55XS451C;;COM;;;B2A READY;No;ЛОЖЬ;ЛОЖЬ;;480;;;;;;;0;;;;1743;ИСТИНА;58069;None;;;;;;1=READY;;;;;;;Undefined;491;3428;;;;;;;;;;ЛОЖЬ;;;;;;;;;;;;;;;;;;Output;EPKS_UCB;FGS_551_1;891;;;;;;;;;;;;
T;394_1;;;;;;;ЛОЖЬ;ЛОЖЬ;;394;;;;;;;;100 ms;10;;148;ЛОЖЬ;0;;;;;;;;;;;;;;Undefined;491;3428;Pulse retriggerable with constant timer value;;;;;;;;;ЛОЖЬ;;;;;;;;;;;;;;;;;;;;;;;;;;;;;;;;;
DO;60GT301_B1;;COM;;;Bit 1;No;ЛОЖЬ;ЛОЖЬ;;682;;;;;;;0;;;;818;ЛОЖЬ;0;None;;;;;;;;;;;;;Undefined;491;3428;;;;;;;;;;ЛОЖЬ;;;;;;;;;;;;;;;;;;Output;EPKS_UCB;FGS_551_1;700;;;;;;;;;;;;
DI;60GT108_MOR;;COM;;;MO REQUEST;No;ЛОЖЬ;ИСТИНА;;568;;;;;;;0;;;;3483;ЛОЖЬ;0;None;;;;;;1=REQUEST;;;;;;;Undefined;491;3428;;;;;;Freeze;;;;ЛОЖЬ;;;;ЛОЖЬ;;;;;;;;;;;;;;Input;EPKS_UCB;FGS_551_1;28;;;;;;;;;;;;
M;C372_1_C;;;;;Function block marker;;ЛОЖЬ;ЛОЖЬ;;372;;;;;;;0;;;;2858;ЛОЖЬ;0;;;;;;;;;;;;;;Undefined;491;3428;;;;;;;;;;ЛОЖЬ;;;;;;;;;;;;;;;;;;;;;;;;;;;;;;;;;
M;C686_3_D;;;;;Function block marker;;ЛОЖЬ;ЛОЖЬ;;686;;;;;;;0;;;;2329;ЛОЖЬ;0;;;;;;;;;;;;;;Undefined;491;3428;;;;;;;;;;ЛОЖЬ;;;;;;;;;;;;;;;;;;;;;;;;;;;;;;;;;
M;460_466_5;;;;;55GA102_FL;;ЛОЖЬ;ЛОЖЬ;;466;;;;;;;0;;;;413;ЛОЖЬ;0;;;;;;;0=ACTIVATED;;;;;;;Undefined;;;;;;;;;;;;ЛОЖЬ;ИСТИНА;;;;;;;;;;;;;;;;;;;;;;;;;;;;;;;;
DO;60GT312_B0;;COM;;;Bit 0;No;ЛОЖЬ;ЛОЖЬ;;686;;;;;;;0;;;;812;ЛОЖЬ;0;None;;;;;;;;;;;;;Undefined;491;3428;;;;;;;;;;ЛОЖЬ;;;;;;;;;;;;;;;;;;Output;EPKS_UCB;FGS_551_1;709;;;;;;;;;;;;
M;320_336_1;;;;;Ack gas area 672-20;;ЛОЖЬ;ЛОЖЬ;;336;;;;;;;0;;;;1384;ЛОЖЬ;0;;;;;;;1=ACK;;;;;;;Undefined;491;3428;;;;;;;;;;ЛОЖЬ;;;;;;;;;;;;;;;;;;;;;;;;;;;;;;;;;
M;C464_1_D;;;;;Function block marker;;ЛОЖЬ;ЛОЖЬ;;464;;;;;;;0;;;;2810;ЛОЖЬ;0;;;;;;;;;;;;;;Undefined;491;3428;;;;;;;;;;ЛОЖЬ;;;;;;;;;;;;;;;;;;;;;;;;;;;;;;;;;
T;630_1;;;;;;;ЛОЖЬ;ЛОЖЬ;;630;;;;;;;;100 ms;50;;464;ЛОЖЬ;0;;;;;;;;;;;;;;Undefined;491;3428;Pulse retriggerable with constant timer value;;;;;;;;;ЛОЖЬ;;;;;;;;;;;;;;;;;;;;;;;;;;;;;;;;;
T;21_1;;;;;;;ЛОЖЬ;ЛОЖЬ;;21;;;;;;;;100 ms;5;;4;ЛОЖЬ;0;;;;;;;;;;;;;;Undefined;;;Delayed ON with constant timer value;;;;;;;;;ЛОЖЬ;ИСТИНА;;;;;;;;;;;;;;;;;;;;;;;;;;;;;;;;
M;312_318_2;;;;;55GT111_RR;;ЛОЖЬ;ЛОЖЬ;;318;;;;;;;0;;;;1336;ЛОЖЬ;0;;;;;;;1=READY;;;;;;;Undefined;491;3428;;;;;;;;;;ЛОЖЬ;;;;;;;;;;;;;;;;;;;;;;;;;;;;;;;;;
M;C2407_4;;;;;Compiler marker (384, 240);;ЛОЖЬ;ЛОЖЬ;;2407;;;;;;;0;;;;1252;ЛОЖЬ;0;;;;;;;;;;;;;;Undefined;491;3428;;;;;;;;;;ЛОЖЬ;;;;;;;;;;;;;;;;;;;;;;;;;;;;;;;;;
DO;60HX548OP_B1;;COM;;;Bit 1;No;ЛОЖЬ;ЛОЖЬ;;632;;;;;;;0;;;;1780;ЛОЖЬ;0;None;;;;;;;;;;;;;Undefined;491;3428;;;;;;;;;;ЛОЖЬ;;;;;;;;;;;;;;;;;;Output;EPKS_UCB;FGS_551_1;928;;;;;;;;;;;;
M;C682_1_B;;;;;Function block marker;;ЛОЖЬ;ЛОЖЬ;;682;;;;;;;0;;;;2344;ЛОЖЬ;0;;;;;;;;;;;;;;Undefined;491;3428;;;;;;;;;;ЛОЖЬ;;;;;;;;;;;;;;;;;;;;;;;;;;;;;;;;;
M;C542_2_F;;;;;Function block marker;;ЛОЖЬ;ЛОЖЬ;;542;;;;;;;0;;;;2637;ЛОЖЬ;0;;;;;;;;;;;;;;Undefined;491;3428;;;;;;;;;;ЛОЖЬ;;;;;;;;;;;;;;;;;;;;;;;;;;;;;;;;;
AI;60GT104;;FLD;;;H2S at ext. inst. 6000;Yes;ИСТИНА;ЛОЖЬ;;546;ЛОЖЬ;Long;0-20mA;0;3276;;;;;;80;ЛОЖЬ;58171;;None;None;None;None;;;;0;0;;;;-XXXXX.X;0;4095;;42.03;5;4;1;Bottom scale;;;;ЛОЖЬ;;ЛОЖЬ;;;;;;;;;;;;;;;;Output;EPKS_UCB;FGS_551_1;11101;;;;;;;;;;;;
M;C634_2_L;;;;;Function block marker;;ЛОЖЬ;ЛОЖЬ;;634;;;;;;;0;;;;2423;ЛОЖЬ;0;;;;;;;;;;;;;;Undefined;491;3428;;;;;;;;;;ЛОЖЬ;;;;;;;;;;;;;;;;;;;;;;;;;;;;;;;;;
M;636_9;;;;;;;ЛОЖЬ;ЛОЖЬ;;636;;;;;;;0;;;;2098;ЛОЖЬ;0;;;;;;;;;;;;;;Undefined;491;3428;;;;;;;;;;ЛОЖЬ;;;;;;;;;;;;;;;;;;;;;;;;;;;;;;;;;
M;464_490_2;;;;;55GT102/103_RR;;ЛОЖЬ;ЛОЖЬ;;490;;;;;;;0;;;;1500;ЛОЖЬ;0;;;;;;;1=READY;;;;;;;Undefined;491;3428;;;;;;;;;;ЛОЖЬ;;;;;;;;;;;;;;;;;;;;;;;;;;;;;;;;;
M;586_1;;;;;;;ЛОЖЬ;ЛОЖЬ;;586;;;;;;;0;;;;2033;ЛОЖЬ;0;;;;;;;;;;;;;;Undefined;491;3428;;;;;;;;;;ЛОЖЬ;;;;;;;;;;;;;;;;;;;;;;;;;;;;;;;;;
M;542_554_2;;;;;60GT101_RR;;ЛОЖЬ;ЛОЖЬ;;554;;;;;;;0;;;;1934;ЛОЖЬ;0;;;;;;;1=READY;;;;;;;Undefined;491;3428;;;;;;;;;;ЛОЖЬ;;;;;;;;;;;;;;;;;;;;;;;;;;;;;;;;;
M;636_8;;;;;;;ЛОЖЬ;ЛОЖЬ;;636;;;;;;;0;;;;2093;ЛОЖЬ;0;;;;;;;;;;;;;;Undefined;491;3428;;;;;;;;;;ЛОЖЬ;;;;;;;;;;;;;;;;;;;;;;;;;;;;;;;;;
DO;61GT901_B1;;COM;;;Bit 1;No;ЛОЖЬ;ЛОЖЬ;;704;;;;;;;0;;;;44;ЛОЖЬ;0;None;;;;;;;;;;;;;Undefined;;;;;;;;;;;;ЛОЖЬ;ИСТИНА;;;;;;;;;;;;;;;;;Output;EPKS_UCB;FGS_551_1;576;;;;;;;;;;;;
DO;60XA203F4;;FLD;;;Horn Near E-6051;Yes;ИСТИНА;ЛОЖЬ;;396;;;;;;;0;;;;29;ИСТИНА;58172;None;;;;;;1=ON;;;;;;;Undefined;491;3428;;42.04;3;6;1;Appl;;;;ЛОЖЬ;;;;;;;;;;;;;;;;;;Output;EPKS_UCB;FGS_551_1;510;;;;;;;;;;;;
M;C482_1_L;;;;;Function block marker;;ЛОЖЬ;ЛОЖЬ;;482;;;;;;;0;;;;2741;ЛОЖЬ;0;;;;;;;;;;;;;;Undefined;491;3428;;;;;;;;;;ЛОЖЬ;;;;;;;;;;;;;;;;;;;;;;;;;;;;;;;;;
M;C614_1_C;;;;;Function block marker;;ЛОЖЬ;ЛОЖЬ;;614;;;;;;;0;;;;2499;ЛОЖЬ;0;;;;;;;;;;;;;;Undefined;491;3428;;;;;;;;;;ЛОЖЬ;;;;;;;;;;;;;;;;;;;;;;;;;;;;;;;;;
M;680_682_2;;;;;60HS203D;;ЛОЖЬ;ЛОЖЬ;;682;;;;;;;0;;;;2239;ЛОЖЬ;0;;;;;;;1=RESET;;;;;;;Undefined;491;3428;;;;;;;;;;ЛОЖЬ;;;;;;;;;;;;;;;;;;;;;;;;;;;;;;;;;
M;502_4;;;;;;;ЛОЖЬ;ЛОЖЬ;;502;;;;;;;0;;;;637;ЛОЖЬ;0;;;;;;;;;;;;;;Undefined;491;3428;;;;;;;;;;ЛОЖЬ;;;;;;;;;;;;;;;;;;;;;;;;;;;;;;;;;
T;850_1;;;;;;;ЛОЖЬ;ЛОЖЬ;;850;;;;;;;;100 ms;10;;544;ЛОЖЬ;0;;;;;;;;;;;;;;Undefined;491;3428;Pulse retriggerable with constant timer value;;;;;;;;;ЛОЖЬ;;;;;;;;;;;;;;;;;;;;;;;;;;;;;;;;;
M;486_1;;;;;;;ЛОЖЬ;ЛОЖЬ;;486;;;;;;;0;;;;125;ЛОЖЬ;0;;;;;;;;;;;;;;Undefined;491;3428;;;;;;;;;;ЛОЖЬ;;;;;;;;;;;;;;;;;;;;;;;;;;;;;;;;;
M;700_706_2;;;;;61HS826D;;ЛОЖЬ;ЛОЖЬ;;706;;;;;;;0;;;;98;ЛОЖЬ;0;;;;;;;1=RESET;;;;;;;Undefined;;;;;;;;;;;;ЛОЖЬ;ИСТИНА;;;;;;;;;;;;;;;;;;;;;;;;;;;;;;;;
M;548_550_3;;;;;60GA105_FL;;ЛОЖЬ;ЛОЖЬ;;550;;;;;;;0;;;;1909;ЛОЖЬ;0;;;;;;;0=ACTIVATED;;;;;;;Undefined;491;3428;;;;;;;;;;ЛОЖЬ;;;;;;;;;;;;;;;;;;;;;;;;;;;;;;;;;
M;694_11;;;;;;;ЛОЖЬ;ЛОЖЬ;;694;;;;;;;0;;;;2242;ЛОЖЬ;0;;;;;;;;;;;;;;Undefined;491;3428;;;;;;;;;;ЛОЖЬ;;;;;;;;;;;;;;;;;;;;;;;;;;;;;;;;;
M;C396_4_F;;;;;Function block marker;;ЛОЖЬ;ЛОЖЬ;;396;;;;;;;0;;;;2832;ЛОЖЬ;0;;;;;;;;;;;;;;Undefined;491;3428;;;;;;;;;;ЛОЖЬ;;;;;;;;;;;;;;;;;;;;;;;;;;;;;;;;;
DI;42-OutputLoopFault;;SYS;;;Output loop fault;Yes;ЛОЖЬ;;;21;;;;;;;;;;;25;ЛОЖЬ;0;None;;;;;;1=NORMAL;;;;;;;Undefined;491;3428;;;;;;;;;;ЛОЖЬ;;;;ЛОЖЬ;;;;;;;;;;;;;;Output;EPKS_UCB;FGS_551_1;618;;;;;;;;;;;;
M;360_370_2;;;;;60HS205E;;ЛОЖЬ;ЛОЖЬ;;370;;;;;;;0;;;;1438;ЛОЖЬ;0;;;;;;;1=RESET;;;;;;;Undefined;491;3428;;;;;;;;;;ЛОЖЬ;;;;;;;;;;;;;;;;;;;;;;;;;;;;;;;;;
T;852_1;;;;;;;ЛОЖЬ;ЛОЖЬ;;852;;;;;;;;100 ms;10;;548;ЛОЖЬ;0;;;;;;;;;;;;;;Undefined;491;3428;Pulse retriggerable with constant timer value;;;;;;;;;ЛОЖЬ;;;;;;;;;;;;;;;;;;;;;;;;;;;;;;;;;
M;600_610_2;;;;;60HS202D;;ЛОЖЬ;ЛОЖЬ;;610;;;;;;;0;;;;427;ЛОЖЬ;0;;;;;;;1=RESET;;;;;;;Undefined;;;;;;;;;;;;ЛОЖЬ;ИСТИНА;;;;;;;;;;;;;;;;;;;;;;;;;;;;;;;;
AI;VM 42.03/3/17;;SYS;;;;Yes;ЛОЖЬ;;;12;ИСТИНА;Float;0-5V (VM);0;5.9;;;;;;64;ЛОЖЬ;0;;None;None;None;None;;;;;;;;;-XXXXX.X;2.5;3.9;;42.03;3;17;1;Scan;;;;ЛОЖЬ;;;;;;;;;;;;;;;;;;;;;;;;;;;;;;;;;
M;C630_1_J;;;;;Function block marker;;ЛОЖЬ;ЛОЖЬ;;630;;;;;;;0;;;;2450;ЛОЖЬ;0;;;;;;;;;;;;;;Undefined;491;3428;;;;;;;;;;ЛОЖЬ;;;;;;;;;;;;;;;;;;;;;;;;;;;;;;;;;
DO;55GA109;;COM;;;TRIP INITIATOR-Flammable gas;No;ЛОЖЬ;ЛОЖЬ;;310;;;;;;;1;;;;891;ИСТИНА;58263;None;;;;;;1=NORMAL;;;;;;;Undefined;491;3428;;;;;;;;;;ЛОЖЬ;;;;;;;;;;;;;;;;;;Output;EPKS_UCB;FGS_551_1;777;;;;;;;;;;;;
DO;60HY599E_TF;;COM;;;CHANNEL OR LINE FAULT;No;ЛОЖЬ;ЛОЖЬ;;861;;;;;;;0;;;;457;ЛОЖЬ;0;None;;;;;;0=FAULT;;;;;;;Undefined;;;;;;;;;;;;ЛОЖЬ;ИСТИНА;;;;;;;;;;;;;;;;;Output;EPKS_UCB;FGS_551_1;971;;;;;;;;;;;;
M;C312_2_F;;;;;Function block marker;;ЛОЖЬ;ЛОЖЬ;;312;;;;;;;0;;;;2922;ЛОЖЬ;0;;;;;;;;;;;;;;Undefined;491;3428;;;;;;;;;;ЛОЖЬ;;;;;;;;;;;;;;;;;;;;;;;;;;;;;;;;;
M;374_378_2;;;;;AREA H-6052-FL.GAS ALARM;;ЛОЖЬ;ЛОЖЬ;;378;;;;;;;0;;;;1425;ЛОЖЬ;0;;;;;;;0=ACTIVATED;;;;;;;Undefined;491;3428;;;;;;;;;;ЛОЖЬ;;;;;;;;;;;;;;;;;;;;;;;;;;;;;;;;;
T;372_1;;;;;;;ЛОЖЬ;ЛОЖЬ;;372;;;;;;;;100 ms;10;;140;ЛОЖЬ;0;;;;;;;;;;;;;;Undefined;;;Delayed ON with constant timer value;;;;;;;;;ЛОЖЬ;ИСТИНА;;;;;;;;;;;;;;;;;;;;;;;;;;;;;;;;
T;484_5;;;;;;;ЛОЖЬ;ЛОЖЬ;;484;;;;;;;;1 s;0;;152;ЛОЖЬ;0;;;;;;;;;;;;;;Undefined;491;3428;Delayed ON memorize with variable timer value;;;;;;;;;ЛОЖЬ;;;;;;;;;;;;;;;;;;;;;;;;;;;;;;;;;
M;466_1;;;;;;;ЛОЖЬ;ЛОЖЬ;;466;;;;;;;0;;;;1478;ЛОЖЬ;0;;;;;;;;;;;;;;Undefined;491;3428;;;;;;;;;;ЛОЖЬ;;;;;;;;;;;;;;;;;;;;;;;;;;;;;;;;;
T;482_6;;;;;;;ЛОЖЬ;ЛОЖЬ;;482;;;;;;;;10 ms;1;;32;ЛОЖЬ;0;;;;;;;;;;;;;;Undefined;491;3428;Delayed ON memorize with constant timer value;;;;;;;;;ЛОЖЬ;;;;;;;;;;;;;;;;;;;;;;;;;;;;;;;;;
M;C484_2_4;;;;;Function block marker;;ЛОЖЬ;ЛОЖЬ;;484;;;;;;;0;;;;2738;ЛОЖЬ;0;;;;;;;;;;;;;;Undefined;491;3428;;;;;;;;;;ЛОЖЬ;;;;;;;;;;;;;;;;;;;;;;;;;;;;;;;;;
M;C684_3_D;;;;;Function block marker;;ЛОЖЬ;ЛОЖЬ;;684;;;;;;;0;;;;2339;ЛОЖЬ;0;;;;;;;;;;;;;;Undefined;491;3428;;;;;;;;;;ЛОЖЬ;;;;;;;;;;;;;;;;;;;;;;;;;;;;;;;;;
DI;60GT106_MOR;;COM;;;MO REQUEST;No;ЛОЖЬ;ИСТИНА;;564;;;;;;;0;;;;3481;ЛОЖЬ;0;None;;;;;;1=REQUEST;;;;;;;Undefined;491;3428;;;;;;Freeze;;;;ЛОЖЬ;;;;ЛОЖЬ;;;;;;;;;;;;;;Input;EPKS_UCB;FGS_551_1;26;;;;;;;;;;;;
DO;60XY555D_B1;;COM;;;Bit 1;No;ЛОЖЬ;ЛОЖЬ;;622;;;;;;;0;;;;1740;ЛОЖЬ;0;None;;;;;;;;;;;;;Undefined;491;3428;;;;;;;;;;ЛОЖЬ;;;;;;;;;;;;;;;;;;Output;EPKS_UCB;FGS_551_1;888;;;;;;;;;;;;
M;C584_2_F;;;;;Function block marker;;ЛОЖЬ;ЛОЖЬ;;584;;;;;;;0;;;;2533;ЛОЖЬ;0;;;;;;;;;;;;;;Undefined;491;3428;;;;;;;;;;ЛОЖЬ;;;;;;;;;;;;;;;;;;;;;;;;;;;;;;;;;
DO;60GT303_B0;;COM;;;Bit 0;No;ЛОЖЬ;ЛОЖЬ;;584;;;;;;;0;;;;877;ЛОЖЬ;0;None;;;;;;;;;;;;;Undefined;491;3428;;;;;;;;;;ЛОЖЬ;;;;;;;;;;;;;;;;;;Output;EPKS_UCB;FGS_551_1;767;;;;;;;;;;;;
M;C484_1_J;;;;;Function block marker;;ЛОЖЬ;ЛОЖЬ;;484;;;;;;;0;;;;2718;ЛОЖЬ;0;;;;;;;;;;;;;;Undefined;491;3428;;;;;;;;;;ЛОЖЬ;;;;;;;;;;;;;;;;;;;;;;;;;;;;;;;;;
M;C394_1;;;;;Compiler marker (256, 61);;ЛОЖЬ;ЛОЖЬ;;394;;;;;;;0;;;;2301;ЛОЖЬ;0;;;;;;;;;;;;;;Undefined;491;3428;;;;;;;;;;ЛОЖЬ;;;;;;;;;;;;;;;;;;;;;;;;;;;;;;;;;
M;C330_2_C;;;;;Function block marker;;ЛОЖЬ;ЛОЖЬ;;330;;;;;;;0;;;;2903;ЛОЖЬ;0;;;;;;;;;;;;;;Undefined;491;3428;;;;;;;;;;ЛОЖЬ;;;;;;;;;;;;;;;;;;;;;;;;;;;;;;;;;
AI;60GT108;;FLD;;;H2S at ext. inst. 6000;Yes;ИСТИНА;ЛОЖЬ;;568;ЛОЖЬ;Long;0-20mA;0;3276;;;;;;112;ЛОЖЬ;58173;;None;None;None;None;;;;0;0;;;;-XXXXX.X;0;4095;;42.03;5;12;1;Bottom scale;;;;ЛОЖЬ;;ЛОЖЬ;;;;;;;;;;;;;;;;Output;EPKS_UCB;FGS_551_1;11133;;;;;;;;;;;;
T;480_4;;;;;;;ЛОЖЬ;ЛОЖЬ;;480;;;;;;;;10 ms;1;;4;ЛОЖЬ;0;;;;;;;;;;;;;;Undefined;491;3428;Delayed ON memorize with constant timer value;;;;;;;;;ЛОЖЬ;;;;;;;;;;;;;;;;;;;;;;;;;;;;;;;;;
M;320_330_2;;;;;55HS203E;;ЛОЖЬ;ЛОЖЬ;;330;;;;;;;0;;;;1393;ЛОЖЬ;0;;;;;;;1=RESET;;;;;;;Undefined;491;3428;;;;;;;;;;ЛОЖЬ;;;;;;;;;;;;;;;;;;;;;;;;;;;;;;;;;
T;632_5;;;;;;;ЛОЖЬ;ЛОЖЬ;;632;;;;;;;;1 s;0;;132;ЛОЖЬ;0;;;;;;;;;;;;;;Undefined;491;3428;Delayed ON memorize with variable timer value;;;;;;;;;ЛОЖЬ;;;;;;;;;;;;;;;;;;;;;;;;;;;;;;;;;
M;334_850_1;;;;;AREA 5500-2-FL.GAS ALARM;;ЛОЖЬ;ЛОЖЬ;;850;;;;;;;0;;;;2268;ЛОЖЬ;0;;;;;;;PULSE=ALARM;;;;;;;Undefined;491;3428;;;;;;;;;;ЛОЖЬ;;;;;;;;;;;;;;;;;;;;;;;;;;;;;;;;;
M;C312_4_D;;;;;Function block marker;;ЛОЖЬ;ЛОЖЬ;;312;;;;;;;0;;;;2921;ЛОЖЬ;0;;;;;;;;;;;;;;Undefined;491;3428;;;;;;;;;;ЛОЖЬ;;;;;;;;;;;;;;;;;;;;;;;;;;;;;;;;;
M;520_526_2;;;;;55HS203D;;ЛОЖЬ;ЛОЖЬ;;526;;;;;;;0;;;;1898;ЛОЖЬ;0;;;;;;;1=RESET;;;;;;;Undefined;491;3428;;;;;;;;;;ЛОЖЬ;;;;;;;;;;;;;;;;;;;;;;;;;;;;;;;;;
M;634_11;;;;;;;ЛОЖЬ;ЛОЖЬ;;634;;;;;;;0;;;;2047;ЛОЖЬ;0;;;;;;;;;;;;;;Undefined;491;3428;;;;;;;;;;ЛОЖЬ;;;;;;;;;;;;;;;;;;;;;;;;;;;;;;;;;
DO;60XS548;;COM;;;"B10A ""RUNNING""";No;ЛОЖЬ;ЛОЖЬ;;632;;;;;;;0;;;;1777;ИСТИНА;58142;None;;;;;;1=RUNNING;;;;;;;Undefined;491;3428;;;;;;;;;;ЛОЖЬ;;;;;;;;;;;;;;;;;;Output;EPKS_UCB;FGS_551_1;925;;;;;;;;;;;;
M;618_6;;;;;;;ЛОЖЬ;ЛОЖЬ;;618;;;;;;;0;;;;2151;ЛОЖЬ;0;;;;;;;;;;;;;;Undefined;491;3428;;;;;;;;;;ЛОЖЬ;;;;;;;;;;;;;;;;;;;;;;;;;;;;;;;;;
M;C704_1_C;;;;;Function block marker;;ЛОЖЬ;ЛОЖЬ;;704;;;;;;;0;;;;79;ЛОЖЬ;0;;;;;;;;;;;;;;Undefined;;;;;;;;;;;;ЛОЖЬ;ИСТИНА;;;;;;;;;;;;;;;;;;;;;;;;;;;;;;;;
M;562_5;;;;;;;ЛОЖЬ;ЛОЖЬ;;562;;;;;;;0;;;;223;ЛОЖЬ;0;;;;;;;;;;;;;;Undefined;491;3428;;;;;;;;;;ЛОЖЬ;;;;;;;;;;;;;;;;;;;;;;;;;;;;;;;;;
DO;60GT308_B1;;COM;;;Bit 1;No;ЛОЖЬ;ЛОЖЬ;;612;;;;;;;0;;;;833;ЛОЖЬ;0;None;;;;;;;;;;;;;Undefined;491;3428;;;;;;;;;;ЛОЖЬ;;;;;;;;;;;;;;;;;;Output;EPKS_UCB;FGS_551_1;653;;;;;;;;;;;;
