PointType;TagNumber;NewTagNumber;Location;Unit;SubUnit;Description;SafetyRelated;ForceEnable;WriteEnable;SIL;FLDNumber;Scaling;DataType;SignalType;BottomScale;TopScale;EngineeringUnits;PowerUpValue;TimerBase;TimerValue;Range;ApplicationAddress;SOEEnable;SOEID;AlarmPriority;AlarmPriorityLow;AlarmPriorityHigh;AlarmPriorityLowLow;AlarmPriorityHighHigh;State0Text;State1Text;NormalState;AlarmLimitLow;AlarmLimitHigh;AlarmLimitLowLow;AlarmLimitHighHigh;BlockName;PVFormat;TransmitterAlarmLow;TransmitterAlarmHigh;TimerType;ChassisID/IOTAName;SlotNumber;ChannelNumber;NumberOfChannels;FaultReaction;FaultReactionValue;FieldInputDevice;LoopMonitoringEnable;HartEnable;TestEnable;SmokeHeatPowerInterruption;TransitTime;LowLatencySOE;AccessLock;ComAllocationType1;Master1;Slave1;PLCAddress1;ComAllocationType2;Master2;Slave2;PLCAddress2;ComAllocationType3;Master3;Slave3;PLCAddress3;ComAllocationType4;Master4;Slave4;PLCAddress4;ComAllocationType5;Master5;Slave5;PLCAddress5;ComAllocationType6;Master6;Slave6;PLCAddress6;ComAllocationType7;Master7;Slave7;PLCAddress7;ComAllocationType8;Master8;Slave8;PLCAddress8;ComAllocationType9;Master9;Slave9;PLCAddress9;ComAllocationType10;Master10;Slave10;PLCAddress10;ComAllocationType11;Master11;Slave11;PLCAddress11;ComAllocationType12;Master12;Slave12;PLCAddress12;ComAllocationType13;Master13;Slave13;PLCAddress13;ComAllocationType14;Master14;Slave14;PLCAddress14;ComAllocationType15;Master15;Slave15;PLCAddress15;ComAllocationType16;Master16;Slave16;PLCAddress16;ComAllocationType17;Master17;Slave17;PLCAddress17;ComAllocationType18;Master18;Slave18;PLCAddress18;ComAllocationType19;Master19;Slave19;PLCAddress19;ComAllocationType20;Master20;Slave20;PLCAddress20;ComAllocationType21;Master21;Slave21;PLCAddress21;ComAllocationType22;Master22;Slave22;PLCAddress22;ComAllocationType23;Master23;Slave23;PLCAddress23;ComAllocationType24;Master24;Slave24;PLCAddress24;ComAllocationType25;Master25;Slave25;PLCAddress25;ComAllocationType26;Master26;Slave26;PLCAddress26;ComAllocationType27;Master27;Slave27;PLCAddress27;ComAllocationType28;Master28;Slave28;PLCAddress28
DO;20HS990H_EN;;FSC;2000;A_2000;ESD MOS EN AREA CH-20-3;No;ЛОЖЬ;ЛОЖЬ;;65;;;;;;;0;;;;688;ЛОЖЬ;0;None;;;;;;1=ENABLED;;;;;;;Undefined;491;3428;;;;;;;;;;ЛОЖЬ;;;;;;;;;;;;;;;;;;;;;;;;;;;;;;;;;;;;;;;;;;;;;;;;;;;;;;;;;;;;;;;;;;;;;;Output;ESD_001_1;ESD_001_2;9;;;;;;;;;;;;;;;;;;;;;;;;;;;;;;;;;;;;;;;;;;;;
DI;20XL212B_ON;;FSC;2000;A_2000;P-2013/S EMERG. SD;No;ЛОЖЬ;ЛОЖЬ;;256;;;;;;;0;;;;2154;ЛОЖЬ;0;None;;;;;;1=LAMP ON;;;;;;;Undefined;491;3428;;;;;;Low;;;;ЛОЖЬ;;;;ЛОЖЬ;;;;;;;;;;;;;;;;;;;;;;;;;;Input;ESD_001_1;ESD_001_7;26;;;;;;;;;;;;;;;;;;;;;;;;;;;;;;;;;;;;;;;;;;;;;;;;;;;;;;;;;;;;;;;;;;;;;;;;;;;;;;;;;;;;
DI;41XL770_ON;;FSC;4100;H-4101AB;OO FOR 41XV113;No;ЛОЖЬ;ЛОЖЬ;;283;;;;;;;0;;;;1866;ЛОЖЬ;0;None;;;;;;1=LAMP ON;;;;;;;Undefined;;;;;;;;Low;;;;ЛОЖЬ;ИСТИНА;;;ЛОЖЬ;;;;;;;;;;;;;;;;;;;;;;;;;;;;;;;;;;;;;;;;;;;;;;;;;;;;;;;;;;;;;;;;;;;;;;;;;;;;;;;;;;Input;ESD_001_1;ESD_411_1;26;;;;;;;;;;;;;;;;;;;;;;;;;;;;
DO;20XL990JB;;PNL;2000;A_2000;MOS ACT/REL AREA CH-20-4;Yes;ЛОЖЬ;ЛОЖЬ;;67;;;;;;;0;;;;203;ЛОЖЬ;0;None;;;;;;1=LAMP ON;;;;;;;Undefined;491;3428;;01.06;9;4;1;Appl;;;;ЛОЖЬ;;;;;;;;;;;;;;;;;;;;;;Output;EPKS_CCB;ESD_001_1;423;;;;;;;;;;;;;;;;;;;;;;;;;;;;;;;;;;;;;;;;;;;;;;;;;;;;;;;;;;;;;;;;;;;;;;;;;;;;;;;;;;;;;;;;;;;;
DI;30HS704B;;PNL;3000;A_3000;MOS RELEASE AREA C-3001A;Yes;ЛОЖЬ;ЛОЖЬ;;39;;;;;;;;;;;45;ЛОЖЬ;0;None;;;;;;0=RELEASE;;;;;;;Undefined;491;3428;;01.03;5;6;1;Hold;;;;ЛОЖЬ;;;;ЛОЖЬ;;;;;;;;;;;;;;;;;;Output;EPKS_CCB;ESD_001_1;424;;;;;;;;;;;;;;;;;;;;;;;;;;;;;;;;;;;;;;;;;;;;;;;;;;;;;;;;;;;;;;;;;;;;;;;;;;;;;;;;;;;;;;;;;;;;
DO;52HS926_EN;;FSC;5200;A_5200;ESD MOS EN AREA 430-16;No;ЛОЖЬ;ЛОЖЬ;;113;;;;;;;0;;;;809;ЛОЖЬ;0;None;;;;;;1=ENABLED;;;;;;;Undefined;491;3428;;;;;;;;;;ЛОЖЬ;;;;;;;;;;;;;;;;;;;;;;;;;;;;;;;;;;;;;;;;;;;;;;;;;;Output;ESD_001_1;ESD_001_4;9;;;;;;;;;;;;;;;;;;;;;;;;;;;;;;;;;;;;;;;;;;;;;;;;;;;;;;;;;;;;;;;;
DO;30XL120;;PNL;3000;A_3000;GROUP SD AT FIRE - N. 03;Yes;ЛОЖЬ;ЛОЖЬ;;208;;;;;;;0;;;;34;ЛОЖЬ;0;None;;;;;;1=LAMP ON;;;;;;;Undefined;491;3428;;01.05;5;11;1;Appl;;;;ЛОЖЬ;;;;;;;;;;;;;;;;;;;;;;Output;EPKS_CCB;ESD_001_1;425;;;;;;;;;;;;;;;;;;;;;;;;;;;;;;;;;;;;;;;;;;;;;;;;;;;;;;;;;;;;;;;;;;;;;;;;;;;;;;;;;;;;;;;;;;;;
DO;58XL201AB;;PNL;5800;A_5800;MOS ACT/REL AREA 5800;Yes;ЛОЖЬ;ЛОЖЬ;;83;;;;;;;0;;;;255;ЛОЖЬ;0;None;;;;;;1=LAMP ON;;;;;;;Undefined;491;3428;;01.06;15;8;1;Appl;;;;ЛОЖЬ;;;;;;;;;;;;;;;;;;;;;;Output;EPKS_CCB;ESD_001_1;426;;;;;;;;;;;;;;;;;;;;;;;;;;;;;;;;;;;;;;;;;;;;;;;;;;;;;;;;;;;;;;;;;;;;;;;;;;;;;;;;;;;;;;;;;;;;
DO;30XL0103B;;PNL;3000;A_3000;30XV103 OPEN;Yes;ЛОЖЬ;ЛОЖЬ;;206;;;;;;;0;;;;47;ЛОЖЬ;0;None;;;;;;1=LAMP ON;;;;;;;Undefined;491;3428;;01.05;5;8;1;Appl;;;;ЛОЖЬ;;;;;;;;;;;;;;;;;;;;;;Output;EPKS_CCB;ESD_001_1;427;;;;;;;;;;;;;;;;;;;;;;;;;;;;;;;;;;;;;;;;;;;;;;;;;;;;;;;;;;;;;;;;;;;;;;;;;;;;;;;;;;;;;;;;;;;;
DI;30XL030B_ON;;FSC;3000;A_3000;CLS XV030,096/ P-3005A/S;No;ЛОЖЬ;ЛОЖЬ;;206;;;;;;;0;;;;2332;ЛОЖЬ;0;None;;;;;;1=LAMP ON;;;;;;;Undefined;491;3428;;;;;;Low;;;;ЛОЖЬ;;;;ЛОЖЬ;;;;;;;;;;;;;;;;;;;;;;;;;;;;;;;;;;;;;;;;;;;;;;;;;;;;;;;;;;;;;;;;;;;;;;;;;;;;;;;;;;;;;;;;;;Input;ESD_001_1;ESD_301_1;12;;;;;;;;;;;;;;;;;;;;
DI;1-ControllerFault;;SYS;;;FSC Controller fault;Yes;ЛОЖЬ;;;16;;;;;;;;;;;20;ИСТИНА;1000;None;;;;;;;;;;;;;Undefined;491;3428;;;;;;;;;;ЛОЖЬ;;;;ЛОЖЬ;;;;;;;;;;;;;;;;;;Output;EPKS_CCB;ESD_001_1;780;;;;;;;;;;;;;;;;;;;;;;;;;;;;;;;;;;;;;;;;;;;;;;;;;;;;;;;;;;;;;;;;;;;;;;;;;;;;;;;;;;;;;;;;;;;;
DO;41XL730;;PNL;;;;Yes;ЛОЖЬ;ЛОЖЬ;;283;;;;;;;0;;;;306;ЛОЖЬ;0;None;;;;;;1=LAMP ON;;;;;;;Undefined;;;;01.07;7;11;1;Appl;;;;ЛОЖЬ;ИСТИНА;;;;;;;;;;;;;;;;;;;;;;;;;;;;;;;;;;;;;;;;;;;;;;;;;;;;;;;;;;;;;;;;;;;;;;;;;;;;;;;;;;;;;;;;;;;;;;;;;;;;;;;;;;;;;;;;;;;;
M;21_234_12;;;;;03-01 - ESD001_3;;ЛОЖЬ;ЛОЖЬ;;234;;;;;;;0;;;;74;ЛОЖЬ;0;;;;;;;Blink on Failure;;;;;;;Undefined;;;;;;;;;;;;ЛОЖЬ;ИСТИНА;;;;;;;;;;;;;;;;;;;;;;;;;;;;;;;;;;;;;;;;;;;;;;;;;;;;;;;;;;;;;;;;;;;;;;;;;;;;;;;;;;;;;;;;;;;;;;;;;;;;;;;;;;;;;;;;;;;;
DI;20XL438_ON;;FSC;2000;A_2000;ED FROM T-2008;No;ЛОЖЬ;ЛОЖЬ;;262;;;;;;;0;;;;2166;ЛОЖЬ;0;None;;;;;;1=LAMP ON;;;;;;;Undefined;491;3428;;;;;;Low;;;;ЛОЖЬ;;;;ЛОЖЬ;;;;;;;;;;;;;;;;;;;;;;;;;;Input;ESD_001_1;ESD_001_7;38;;;;;;;;;;;;;;;;;;;;;;;;;;;;;;;;;;;;;;;;;;;;;;;;;;;;;;;;;;;;;;;;;;;;;;;;;;;;;;;;;;;;
DO;42XL113BA;;PNL;4200;A_4200;MOS ENABLED AREA C-4202;Yes;ЛОЖЬ;ЛОЖЬ;;101;;;;;;;0;;;;348;ЛОЖЬ;0;None;;;;;;1=LAMP ON;;;;;;;Undefined;491;3428;;01.07;11;5;1;Appl;;;;ЛОЖЬ;;;;;;;;;;;;;;;;;;;;;;Output;EPKS_CCB;ESD_001_1;428;;;;;;;;;;;;;;;;;;;;;;;;;;;;;;;;;;;;;;;;;;;;;;;;;;;;;;;;;;;;;;;;;;;;;;;;;;;;;;;;;;;;;;;;;;;;
M;21_236_12;;;;;03-01 - ESD001_3;;ЛОЖЬ;ЛОЖЬ;;236;;;;;;;0;;;;714;ЛОЖЬ;0;;;;;;;Blink on Failure;;;;;;;Undefined;491;3428;;;;;;;;;;ЛОЖЬ;;;;;;;;;;;;;;;;;;;;;;;;;;;;;;;;;;;;;;;;;;;;;;;;;;;;;;;;;;;;;;;;;;;;;;;;;;;;;;;;;;;;;;;;;;;;;;;;;;;;;;;;;;;;;;;;;;;;;
M;23_230_7;;;;;22_01-ESD001_8;;ЛОЖЬ;ЛОЖЬ;;230;;;;;;;0;;;;72;ЛОЖЬ;0;;;;;;;Blink on Failure;;;;;;;Undefined;;;;;;;;;;;;ЛОЖЬ;ИСТИНА;;;;;;;;;;;;;;;;;;;;;;;;;;;;;;;;;;;;;;;;;;;;;;;;;;;;;;;;;;;;;;;;;;;;;;;;;;;;;;;;;;;;;;;;;;;;;;;;;;;;;;;;;;;;;;;;;;;;
DI;41XL729_ON;;FSC;4100;A_4100;OOSFOR 41TSLL764;No;ЛОЖЬ;ЛОЖЬ;;280;;;;;;;0;;;;1851;ЛОЖЬ;0;None;;;;;;1=LAMP ON;;;;;;;Undefined;491;3428;;;;;;Low;;;;ЛОЖЬ;;;;ЛОЖЬ;;;;;;;;;;;;;;;;;;;;;;;;;;;;;;;;;;;;;;;;;;;;;;;;;;;;;;;;;;;;;;;;;;;;;;;;;;;;;;;;;;Input;ESD_001_1;ESD_411_1;11;;;;;;;;;;;;;;;;;;;;;;;;;;;;
DO;20HS990F_EN;;FSC;2000;A_2000;ESD MOS EN AREA CH-20-1;No;ЛОЖЬ;ЛОЖЬ;;61;;;;;;;0;;;;678;ЛОЖЬ;0;None;;;;;;1=ENABLED;;;;;;;Undefined;491;3428;;;;;;;;;;ЛОЖЬ;;;;;;;;;;;;;;;;;;;;;;;;;;;;;;;;;;;;;;;;;;;;;;;;;;;;;;;;;;;;;;;;;;;;;;;;;;;;;;;;;;;;;;;;;;;;;;;;;;;;;;;;;;;;;;Output;ESD_001_1;ESD_001_3;5;;;;
DO;20XL990NA;;PNL;2000;A_2000;MOS ENABLED AREA H-2004;Yes;ЛОЖЬ;ЛОЖЬ;;75;;;;;;;0;;;;250;ЛОЖЬ;0;None;;;;;;1=LAMP ON;;;;;;;Undefined;491;3428;;01.06;15;3;1;Appl;;;;ЛОЖЬ;;;;;;;;;;;;;;;;;;;;;;Output;EPKS_CCB;ESD_001_1;429;;;;;;;;;;;;;;;;;;;;;;;;;;;;;;;;;;;;;;;;;;;;;;;;;;;;;;;;;;;;;;;;;;;;;;;;;;;;;;;;;;;;;;;;;;;;
DI;51XL055_ON;;FSC;5100;A_5100;GROUP SHUTDOWN;No;ЛОЖЬ;ЛОЖЬ;;290;;;;;;;0;;;;2043;ЛОЖЬ;0;None;;;;;;1=LAMP ON;;;;;;;Undefined;491;3428;;;;;;Low;;;;ЛОЖЬ;;;;ЛОЖЬ;;;;;;Input;ESD_001_1;ESD_511_1;11;;;;;;;;;;;;;;;;;;;;;;;;;;;;;;;;;;;;;;;;;;;;;;;;;;;;;;;;;;;;;;;;;;;;;;;;;;;;;;;;;;;;;;;;;;;;;;;;;;;;;;;;
DI;43HS900B;;PNL;4300;A_43011;MOS RELEASE AREA 430-11;Yes;ЛОЖЬ;ЛОЖЬ;;45;;;;;;;;;;;57;ЛОЖЬ;0;None;;;;;;0=RELEASE;;;;;;;Undefined;491;3428;;01.03;7;2;1;Hold;;;;ЛОЖЬ;;;;ЛОЖЬ;;;;;;;;;;;;;;;;;;Output;EPKS_CCB;ESD_001_1;430;;;;;;;;;;;;;;;;;;;;;;;;;;;;;;;;;;;;;;;;;;;;;;;;;;;;;;;;;;;;;;;;;;;;;;;;;;;;;;;;;;;;;;;;;;;;
DI;1-TempHH_Alarm;;SYS;;;Temp high-high alarm;Yes;ЛОЖЬ;;;18;;;;;;;1;;;;2;ЛОЖЬ;0;None;;;;;;;;;;;;;Undefined;491;3428;;;;;;;;;;ЛОЖЬ;;;;ЛОЖЬ;;;;;;;;;;;;;;;;;;;;;;;;;;;;;;;;;;;;;;;;;;;;;;;;;;;;;;;;;;;;;;;;;;;;;;;;;;;;;;;;;;;;;;;;;;;;;;;;;;;;;;;;;;;;;;;;;
DI;20XL078B_ON;;FSC;2000;A_2000;P-2005/S EMERG. SD;No;ЛОЖЬ;ЛОЖЬ;;222;;;;;;;0;;;;1940;ЛОЖЬ;0;None;;;;;;1=LAMP ON;;;;;;;Undefined;491;3428;;;;;;Low;;;;ЛОЖЬ;;;;ЛОЖЬ;;;;;;;;;;;;;;;;;;;;;;Input;ESD_001_1;ESD_001_5;4;;;;;;;;;;;;;;;;;;;;;;;;;;;;;;;;;;;;;;;;;;;;;;;;;;;;;;;;;;;;;;;;;;;;;;;;;;;;;;;;;;;;;;;;
DO;41XL265FB;;PNL;4100;A_4100;MOS ACT/REL AREA 4200;Yes;ЛОЖЬ;ЛОЖЬ;;97;;;;;;;0;;;;305;ЛОЖЬ;0;None;;;;;;1=LAMP ON;;;;;;;Undefined;491;3428;;01.07;7;10;1;Appl;;;;ЛОЖЬ;;;;;;;;;;;;;;;;;;;;;;Output;EPKS_CCB;ESD_001_1;431;;;;;;;;;;;;;;;;;;;;;;;;;;;;;;;;;;;;;;;;;;;;;;;;;;;;;;;;;;;;;;;;;;;;;;;;;;;;;;;;;;;;;;;;;;;;
DO;43XL450;;PNL;4300;A_43015;Pump group stop button;Yes;ЛОЖЬ;ЛОЖЬ;;210;;;;;;;0;;;;94;ЛОЖЬ;0;None;;;;;;1=LAMP ON;;;;;;;Undefined;491;3428;;01.05;11;7;1;Appl;;;;ЛОЖЬ;;;;;;;;;;;;;;;;;;;;;;Output;EPKS_CCB;ESD_001_1;432;;;;;;;;;;;;;;;;;;;;;;;;;;;;;;;;;;;;;;;;;;;;;;;;;;;;;;;;;;;;;;;;;;;;;;;;;;;;;;;;;;;;;;;;;;;;
DO;CB001_ESD1_F3;;COM;2000;A_2000;IO FAULT;No;ЛОЖЬ;ЛОЖЬ;;17;;;;;;;0;;;;103;ЛОЖЬ;0;None;;;;;;0=FAULT;;;;;;;Undefined;491;3428;;;;;;;;;;ЛОЖЬ;;;;;;;;;;;;;;;;;;;;;;Output;EPKS_CCB;ESD_001_1;419;;;;;;;;;;;;;;;;;;;;;;;;;;;;;;;;;;;;;;;;;;;;;;;;;;;;;;;;;;;;;;;;;;;;;;;;;;;;;;;;;;;;;;;;;;;;
DO;20XL433A7;;PNL;;;VALVE 20XV433A OPEN;Yes;ЛОЖЬ;ЛОЖЬ;;230;;;;;;;0;;;;444;ЛОЖЬ;0;None;;;;;;1=LAMP ON;1=LAMP ON;;;;;;Undefined;;;;01.06;17;5;1;Appl;;;;ЛОЖЬ;ИСТИНА;;;;;;;;;;;;;;;;;;;;;Output;EPKS_CCB;ESD_001_1;451;;;;;;;;;;;;;;;;;;;;;;;;;;;;;;;;;;;;;;;;;;;;;;;;;;;;;;;;;;;;;;;;;;;;;;;;;;;;;;;;;;;;;;;;;;;;
DI;20XL253B_ON;;FSC;2000;A_2000;P-2028/S EMERG. SD;No;ЛОЖЬ;ЛОЖЬ;;260;;;;;;;0;;;;2161;ЛОЖЬ;0;None;;;;;;1=LAMP ON;;;;;;;Undefined;491;3428;;;;;;Low;;;;ЛОЖЬ;;;;ЛОЖЬ;;;;;;;;;;;;;;;;;;;;;;;;;;Input;ESD_001_1;ESD_001_7;33;;;;;;;;;;;;;;;;;;;;;;;;;;;;;;;;;;;;;;;;;;;;;;;;;;;;;;;;;;;;;;;;;;;;;;;;;;;;;;;;;;;;
DO;30HS703_REL;;FSC;3000;A_3000;ESD MOS REL AREA H-3001;No;ЛОЖЬ;ЛОЖЬ;;37;;;;;;;0;;;;541;ЛОЖЬ;0;None;;;;;;1=RELEASED;;;;;;;Undefined;491;3428;;;;;;;;;;ЛОЖЬ;;;;;;;;;;;;;;;;;;;;;;;;;;;;;;;;;;;;;;;;;;;;;;;;;;;;;;;;;;;;;;;;;;;;;;;;;;;;;;;;;;;;;;;;;;;;;;Output;ESD_001_1;ESD_301_1;9;;;;;;;;;;;;;;;;;;;;
M;87_282_2;;;;;20HS846C;;ЛОЖЬ;ЛОЖЬ;;282;;;;;;;0;;;;1108;ЛОЖЬ;0;;;;;;;1=TEST;;;;;;;Undefined;491;3428;;;;;;;;;;ЛОЖЬ;;;;;;;;;;;;;;;;;;;;;;;;;;;;;;;;;;;;;;;;;;;;;;;;;;;;;;;;;;;;;;;;;;;;;;;;;;;;;;;;;;;;;;;;;;;;;;;;;;;;;;;;;;;;;;;;;;;;;
T;101_1;;;;;;;ЛОЖЬ;ЛОЖЬ;;101;;;;;;;;100 ms;10;;60;ЛОЖЬ;0;;;;;;;;;;;;;;Undefined;491;3428;Delayed OFF with constant timer value;;;;;;;;;ЛОЖЬ;;;;;;;;;;;;;;;;;;;;;;;;;;;;;;;;;;;;;;;;;;;;;;;;;;;;;;;;;;;;;;;;;;;;;;;;;;;;;;;;;;;;;;;;;;;;;;;;;;;;;;;;;;;;;;;;;;;;;
DO;CB001_ESD1_F1;;COM;2000;A_2000;CP FAULT;No;ЛОЖЬ;ЛОЖЬ;;16;;;;;;;0;;;;100;ЛОЖЬ;0;None;;;;;;0=FAULT;;;;;;;Undefined;491;3428;;;;;;;;;;ЛОЖЬ;;;;;;;;;;;;;;;;;;;;;;Output;EPKS_CCB;ESD_001_1;417;;;;;;;;;;;;;;;;;;;;;;;;;;;;;;;;;;;;;;;;;;;;;;;;;;;;;;;;;;;;;;;;;;;;;;;;;;;;;;;;;;;;;;;;;;;;
DI;20HS990J1;;PNL;2000;A_2000;MOS ENABLE AREA CH-20-4;Yes;ЛОЖЬ;ЛОЖЬ;;67;;;;;;;;;;;75;ЛОЖЬ;0;None;;;;;;1=ENABLE;;;;;;;Undefined;491;3428;;01.03;9;4;1;Hold;;;;ЛОЖЬ;;;;ЛОЖЬ;;;;;;;;;;;;;;;;;;Output;EPKS_CCB;ESD_001_1;433;;;;;;;;;;;;;;;;;;;;;;;;;;;;;;;;;;;;;;;;;;;;;;;;;;;;;;;;;;;;;;;;;;;;;;;;;;;;;;;;;;;;;;;;;;;;
DI;20XL405_ON;;FSC;2000;A_2000;CLOSE VALVE 20XV405;No;ЛОЖЬ;ЛОЖЬ;;228;;;;;;;0;;;;1947;ЛОЖЬ;0;None;;;;;;1=LAMP ON;;;;;;;Undefined;491;3428;;;;;;Low;;;;ЛОЖЬ;;;;ЛОЖЬ;;;;;;;;;;;;;;;;;;;;;;Input;ESD_001_1;ESD_001_5;11;;;;;;;;;;;;;;;;;;;;;;;;;;;;;;;;;;;;;;;;;;;;;;;;;;;;;;;;;;;;;;;;;;;;;;;;;;;;;;;;;;;;;;;;
DO;20HS990B_EN;;FSC;2000;A_2000;ESD MOS EN AREA 2000-2;No;ЛОЖЬ;ЛОЖЬ;;53;;;;;;;0;;;;622;ЛОЖЬ;0;None;;;;;;1=ENABLED;;;;;;;Undefined;491;3428;;;;;;;;;;ЛОЖЬ;;;;;;;;;;;;;;;;;;Output;ESD_001_1;ESD_001_8;3;;;;;;;;;Output;ESD_001_1;ESD_001_7;3;Output;ESD_001_1;ESD_001_6;1;;;;;;;;;;;;;Output;ESD_001_1;ESD_001_4;3;;;;;;;;;;;;;;;;;;;;;;;;;;;;;;;;;;;;;;;;;;;;;;;;;;;;;;;;;;;;;;;;
DO;10XL180B;;PNL;1000;A_1000;GROUP SD AT FIRE - N. 02;Yes;ЛОЖЬ;ЛОЖЬ;;202;;;;;;;0;;;;0;ЛОЖЬ;0;None;;;;;;1=LAMP ON;;;;;;;Undefined;491;3428;;01.05;1;9;1;Appl;;;;ЛОЖЬ;;;;;;;;;;;;;;;;;;;;;;Output;EPKS_CCB;ESD_001_1;434;;;;;;;;;;;;;;;;;;;;;;;;;;;;;;;;;;;;;;;;;;;;;;;;;;;;;;;;;;;;;;;;;;;;;;;;;;;;;;;;;;;;;;;;;;;;
DO;20XL253B;;PNL;2000;A_P20_1;P-2028/S EMERG. SD;Yes;ЛОЖЬ;ЛОЖЬ;;260;;;;;;;0;;;;297;ЛОЖЬ;0;None;;;;;;1=LAMP ON;;;;;;;Undefined;491;3428;;01.07;5;2;1;Appl;;;;ЛОЖЬ;;;;;;;;;;;;;;;;;;;;;;Output;EPKS_CCB;ESD_001_1;435;;;;;;;;;;;;;;;;;;;;;;;;;;;;;;;;;;;;;;;;;;;;;;;;;;;;;;;;;;;;;;;;;;;;;;;;;;;;;;;;;;;;;;;;;;;;
DI;1-OutputLoopFault;;SYS;;;Output loop fault;Yes;ЛОЖЬ;;;17;;;;;;;;;;;25;ЛОЖЬ;0;None;;;;;;;;;;;;;Undefined;491;3428;;;;;;;;;;ЛОЖЬ;;;;ЛОЖЬ;;;;;;;;;;;;;;;;;;;;;;;;;;;;;;;;;;;;;;;;;;;;;;;;;;;;;;;;;;;;;;;;;;;;;;;;;;;;;;;;;;;;;;;;;;;;;;;;;;;;;;;;;;;;;;;;;
DO;51XL903KA;;PNL;5100;A_5100;MOS ENABLED AREA 5140S;Yes;ЛОЖЬ;ЛОЖЬ;;107;;;;;;;0;;;;364;ЛОЖЬ;0;None;;;;;;1=LAMP ON;;;;;;;Undefined;491;3428;;01.07;13;5;1;Appl;;;;ЛОЖЬ;;;;;;;;;;;;;;;;;;;;;;Output;EPKS_CCB;ESD_001_1;436;;;;;;;;;;;;;;;;;;;;;;;;;;;;;;;;;;;;;;;;;;;;;;;;;;;;;;;;;;;;;;;;;;;;;;;;;;;;;;;;;;;;;;;;;;;;
DO;41HS265B_EN;;FSC;4100;A_4100;ESD MOS EN AREA 4100;No;ЛОЖЬ;ЛОЖЬ;;91;;;;;;;0;;;;586;ЛОЖЬ;0;None;;;;;;1=ENABLED;;;;;;;Undefined;491;3428;;;;;;;;;;ЛОЖЬ;;;;;;;;;;;;;;;;;;;;;;;;;;;;;;;;;;;;;;;;;;;;;;;;;;;;;;;;;;;;;;Output;ESD_001_1;ESD_411_2;3;;;;;;;;;;;;;;;;;;;;;Output;ESD_001_1;ESD_411_1;5;;;;;;;;;;;;;;;;;;;;;;;;;;;;
M;51_57_1;;;;;20HS846B_2;;ЛОЖЬ;ЛОЖЬ;;57;;;;;;;0;;;;668;ЛОЖЬ;0;;;;;;;1=TEST;;;;;;;Undefined;491;3428;;;;;;;;;;ЛОЖЬ;;;;;;;;;;;;;;;;;;;;;;;;;;;;;;;;;;;;;;;;;;;;;;;;;;;;;;;;;;;;;;;;;;;;;;;;;;;;;;;;;;;;;;;;;;;;;;;;;;;;;;;;;;;;;;;;;;;;;
DI;30XL023B_ON;;FSC;3000;A_3000;CLS XV023,094/ P-3003A/S;No;ЛОЖЬ;ЛОЖЬ;;206;;;;;;;0;;;;2331;ЛОЖЬ;0;None;;;;;;1=LAMP ON;;;;;;;Undefined;491;3428;;;;;;Low;;;;ЛОЖЬ;;;;ЛОЖЬ;;;;;;;;;;;;;;;;;;;;;;;;;;;;;;;;;;;;;;;;;;;;;;;;;;;;;;;;;;;;;;;;;;;;;;;;;;;;;;;;;;;;;;;;;;Input;ESD_001_1;ESD_301_1;11;;;;;;;;;;;;;;;;;;;;
DO;20XL433B8;;PNL;;;VALVE 20XV433B CLOSE;Yes;ЛОЖЬ;ЛОЖЬ;;232;;;;;;;0;;;;447;ЛОЖЬ;0;None;;;;;;1=LAMP ON;1=LAMP ON;;;;;;Undefined;;;;01.06;17;8;1;Appl;;;;ЛОЖЬ;ИСТИНА;;;;;;;;;;;;;;;;;;;;;Output;EPKS_CCB;ESD_001_1;498;;;;;;;;;;;;;;;;;;;;;;;;;;;;;;;;;;;;;;;;;;;;;;;;;;;;;;;;;;;;;;;;;;;;;;;;;;;;;;;;;;;;;;;;;;;;
DO;20XL131B;;PNL;2000;A_P20_1;P-2007/S EMERG. SD;Yes;ЛОЖЬ;ЛОЖЬ;;252;;;;;;;0;;;;269;ЛОЖЬ;0;None;;;;;;1=LAMP ON;;;;;;;Undefined;491;3428;;01.07;1;6;1;Appl;;;;ЛОЖЬ;;;;;;;;;;;;;;;;;;;;;;Output;EPKS_CCB;ESD_001_1;437;;;;;;;;;;;;;;;;;;;;;;;;;;;;;;;;;;;;;;;;;;;;;;;;;;;;;;;;;;;;;;;;;;;;;;;;;;;;;;;;;;;;;;;;;;;;
DI;1-ExtComFaultCC6;;SYS;;;Ext com fault Com ch 6;Yes;ЛОЖЬ;;;16;;;;;;;;;;;11;ЛОЖЬ;0;None;;;;;;;;;;;;;Undefined;491;3428;;;;;;;;;;ЛОЖЬ;;;;ЛОЖЬ;;;;;;;;;;;;;;;;;;;;;;;;;;;;;;;;;;;;;;;;;;;;;;;;;;;;;;;;;;;;;;;;;;;;;;;;;;;;;;;;;;;;;;;;;;;;;;;;;;;;;;;;;;;;;;;;;
DO;41XL265EB;;PNL;4100;A_4100;MOS ACT/REL AREA H-4101B;Yes;ЛОЖЬ;ЛОЖЬ;;95;;;;;;;0;;;;319;ЛОЖЬ;0;None;;;;;;1=LAMP ON;;;;;;;Undefined;491;3428;;01.07;7;8;1;Appl;;;;ЛОЖЬ;;;;;;;;;;;;;;;;;;;;;;Output;EPKS_CCB;ESD_001_1;438;;;;;;;;;;;;;;;;;;;;;;;;;;;;;;;;;;;;;;;;;;;;;;;;;;;;;;;;;;;;;;;;;;;;;;;;;;;;;;;;;;;;;;;;;;;;
M;C24_3;;;;;Compiler marker (224, 211);;ЛОЖЬ;ЛОЖЬ;;24;;;;;;;0;;;;63;ЛОЖЬ;0;;;;;;;;;;;;;;Undefined;;;;;;;;;;;;ЛОЖЬ;ИСТИНА;;;;;;;;;;;;;;;;;;;;;;;;;;;;;;;;;;;;;;;;;;;;;;;;;;;;;;;;;;;;;;;;;;;;;;;;;;;;;;;;;;;;;;;;;;;;;;;;;;;;;;;;;;;;;;;;;;;;
DI;41HS265B2;;PNL;4100;A_4100;MOS RELEASE AREA 4100;Yes;ЛОЖЬ;ЛОЖЬ;;91;;;;;;;;;;;121;ЛОЖЬ;0;None;;;;;;0=RELEASE;;;;;;;Undefined;491;3428;;01.03;15;2;1;Hold;;;;ЛОЖЬ;;;;ЛОЖЬ;;;;;;;;;;;;;;;;;;Output;EPKS_CCB;ESD_001_1;439;;;;;;;;;;;;;;;;;;;;;;;;;;;;;;;;;;;;;;;;;;;;;;;;;;;;;;;;;;;;;;;;;;;;;;;;;;;;;;;;;;;;;;;;;;;;
DI;1-ClockSrcFault2;;SYS;;;Clock source 2 fault;Yes;ЛОЖЬ;;;0;;;;;;;;;;;15;ЛОЖЬ;0;None;;;;;;;;;;;;;Undefined;491;3428;;;;;;;;;;ЛОЖЬ;;;;ЛОЖЬ;;;;;;;;;;;;;;;;;;;;;;;;;;;;;;;;;;;;;;;;;;;;;;;;;;;;;;;;;;;;;;;;;;;;;;;;;;;;;;;;;;;;;;;;;;;;;;;;;;;;;;;;;;;;;;;;;
DO;20XL990FA;;PNL;2000;A_2000;MOS ENABLED AREA CH-20-1;Yes;ЛОЖЬ;ЛОЖЬ;;61;;;;;;;0;;;;200;ЛОЖЬ;0;None;;;;;;1=LAMP ON;;;;;;;Undefined;491;3428;;01.06;9;1;1;Appl;;;;ЛОЖЬ;;;;;;;;;;;;;;;;;;;;;;Output;EPKS_CCB;ESD_001_1;440;;;;;;;;;;;;;;;;;;;;;;;;;;;;;;;;;;;;;;;;;;;;;;;;;;;;;;;;;;;;;;;;;;;;;;;;;;;;;;;;;;;;;;;;;;;;
DI;51XL903KB_ON_14;;FSC;5100;A_5100;ESD MOS ACT AREA 5140S;No;ЛОЖЬ;ЛОЖЬ;;107;;;;;;;0;;;;2035;ЛОЖЬ;0;None;;;;;;1=LAMP ON;;;;;;;Undefined;491;3428;;;;;;Low;;;;ЛОЖЬ;;;;ЛОЖЬ;;;;;;Input;ESD_001_1;ESD_511_1;3;;;;;;;;;;;;;;;;;;;;;;;;;;;;;;;;;;;;;;;;;;;;;;;;;;;;;;;;;;;;;;;;;;;;;;;;;;;;;;;;;;;;;;;;;;;;;;;;;;;;;;;;
DI;41XL739_ON;;FSC;4100;A_4100;OOS FSLL118;No;ЛОЖЬ;ЛОЖЬ;;281;;;;;;;0;;;;1860;ЛОЖЬ;0;None;;;;;;1=INDICATING;;;;;;;Undefined;;;;;;;;Low;;;;ЛОЖЬ;ИСТИНА;;;ЛОЖЬ;;;;;;;;;;;;;;;;;;;;;;;;;;;;;;;;;;;;;;;;;;;;;;;;;;;;;;;;;;;;;;;;;;;;;;;;;;;;;;;;;;Input;ESD_001_1;ESD_411_1;20;;;;;;;;;;;;;;;;;;;;;;;;;;;;
DO;41XL050A;;PNL;4100;A_4100;ACTIVATION OF EM BLOCK 1;Yes;ЛОЖЬ;ЛОЖЬ;;280;;;;;;;0;;;;329;ЛОЖЬ;0;None;;;;;;1=LAMP ON;;;;;;;Undefined;491;3428;;01.07;9;2;1;Appl;;;;ЛОЖЬ;;;;;;;;;;;;;;;;;;;;;;Output;EPKS_CCB;ESD_001_1;442;;;;;;;;;;;;;;;;;;;;;;;;;;;;;;;;;;;;;;;;;;;;;;;;;;;;;;;;;;;;;;;;;;;;;;;;;;;;;;;;;;;;;;;;;;;;
DO;41XL770;;PNL;;;;Yes;ЛОЖЬ;ЛОЖЬ;;283;;;;;;;0;;;;347;ЛОЖЬ;0;None;;;;;;1=LAMP ON;;;;;;;Undefined;;;;01.07;11;4;1;Appl;;;;ЛОЖЬ;ИСТИНА;;;;;;;;;;;;;;;;;;;;;;;;;;;;;;;;;;;;;;;;;;;;;;;;;;;;;;;;;;;;;;;;;;;;;;;;;;;;;;;;;;;;;;;;;;;;;;;;;;;;;;;;;;;;;;;;;;;;
DO;20XL434B8;;FLD;;;VALVE 20XV434B CLOSE;Yes;ЛОЖЬ;ЛОЖЬ;;242;;;;;;;0;;;;435;ЛОЖЬ;0;None;;;;;;1=LAMP ON;1=LAMP ON;;;;;;Undefined;;;;01.06;17;12;1;Appl;;;;ЛОЖЬ;ИСТИНА;;;;;;;;;;;;;;;;;;;;;;;;;;;;;;;;;;;;;;;;;;;;;;;;;;;;;;;;;;;;;;;;;;;;;;;;;;;;;;;;;;;;;;;;;;;;;;;;;;;;;;;;;;;;;;;;;;;;
DI;20XL252_ON;;FSC;2000;A_2000;ED FROM T-2009;No;ЛОЖЬ;ЛОЖЬ;;260;;;;;;;0;;;;2160;ЛОЖЬ;0;None;;;;;;1=LAMP ON;;;;;;;Undefined;491;3428;;;;;;Low;;;;ЛОЖЬ;;;;ЛОЖЬ;;;;;;;;;;;;;;;;;;;;;;;;;;Input;ESD_001_1;ESD_001_7;32;;;;;;;;;;;;;;;;;;;;;;;;;;;;;;;;;;;;;;;;;;;;;;;;;;;;;;;;;;;;;;;;;;;;;;;;;;;;;;;;;;;;
DO;1-SecSwitchOff;;SYS;;;Secondary switch-off;Yes;ЛОЖЬ;;;0;;;;;;;;;;;34;ЛОЖЬ;0;None;;;;;;;;;;;;;Undefined;491;3428;;;;;;;;;;ЛОЖЬ;;;;;;;;;;;;;;;;;;;;;;;;;;;;;;;;;;;;;;;;;;;;;;;;;;;;;;;;;;;;;;;;;;;;;;;;;;;;;;;;;;;;;;;;;;;;;;;;;;;;;;;;;;;;;;;;;;;;;
DI;20XL304_ON;;FSC;2000;A_2000;ED TO V-2050;No;ЛОЖЬ;ЛОЖЬ;;262;;;;;;;0;;;;2165;ЛОЖЬ;0;None;;;;;;1=LAMP ON;;;;;;;Undefined;491;3428;;;;;;Low;;;;ЛОЖЬ;;;;ЛОЖЬ;;;;;;;;;;;;;;;;;;;;;;;;;;Input;ESD_001_1;ESD_001_7;37;;;;;;;;;;;;;;;;;;;;;;;;;;;;;;;;;;;;;;;;;;;;;;;;;;;;;;;;;;;;;;;;;;;;;;;;;;;;;;;;;;;;
DI;1-InputLoopFault;;SYS;;;Input loop fault;Yes;ЛОЖЬ;;;17;;;;;;;;;;;22;ЛОЖЬ;0;None;;;;;;;;;;;;;Undefined;491;3428;;;;;;;;;;ЛОЖЬ;;;;ЛОЖЬ;;;;;;;;;;;;;;;;;;;;;;;;;;;;;;;;;;;;;;;;;;;;;;;;;;;;;;;;;;;;;;;;;;;;;;;;;;;;;;;;;;;;;;;;;;;;;;;;;;;;;;;;;;;;;;;;;
DO;41XL706;;PNL;;;;Yes;ЛОЖЬ;ЛОЖЬ;;281;;;;;;;0;;;;337;ЛОЖЬ;0;None;;;;;;1=LAMP ON;;;;;;;Undefined;;;;01.07;11;10;1;Appl;;;;ЛОЖЬ;ИСТИНА;;;;;;;;;;;;;;;;;;;;;;;;;;;;;;;;;;;;;;;;;;;;;;;;;;;;;;;;;;;;;;;;;;;;;;;;;;;;;;;;;;;;;;;;;;;;;;;;;;;;;;;;;;;;;;;;;;;;
DO;20XL434B7;;FLD;;;VALVE 20XV434B OPEN;Yes;ЛОЖЬ;ЛОЖЬ;;242;;;;;;;0;;;;434;ЛОЖЬ;0;None;;;;;;1=LAMP ON;1=LAMP ON;;;;;;Undefined;;;;01.06;17;11;1;Appl;;;;ЛОЖЬ;ИСТИНА;;;;;;;;;;;;;;;;;;;;;;;;;;;;;;;;;;;;;;;;;;;;;;;;;;;;;;;;;;;;;;;;;;;;;;;;;;;;;;;;;;;;;;;;;;;;;;;;;;;;;;;;;;;;;;;;;;;;
DI;20XAPAN_HS;;PNL;;;PUSHBUTTON ACT;Yes;ИСТИНА;ЛОЖЬ;;24;;;;;;;;;;;98;ЛОЖЬ;1356;None;;;;;;1=ACTIVE;;;;;;;Undefined;;;;01.03;13;11;1;Low;;;;ЛОЖЬ;ИСТИНА;;;ЛОЖЬ;;;;;;;;;;;;;;;;;;;;;;;;;;;;;;;;;;;;;;;;;;;;;;;;;;;;;;;;;;;;;;;;;;;;;;;;;;;;;;;;;;;;;;;;;;;;;;;;;;;;;;;;;;;;;;;;;
DO;52HS925_EN;;FSC;5200;A_5200;ESD MOS EN AREA 5200;No;ЛОЖЬ;ЛОЖЬ;;111;;;;;;;0;;;;759;ЛОЖЬ;0;None;;;;;;1=ENABLED;;;;;;;Undefined;491;3428;;;;;;;;;;ЛОЖЬ;;;;;;;;;;Output;ESD_001_1;ESD_511_1;7;;;;;;;;;;;;;;;;;;;;;;;;;;;;;;;;;;;;;;;;;;;;;;;;;;;;;;;;;;;;;;;;;;;;;;;;;;;;;;;;;;;;;;;;;;;;;;;;;;;;;;;;
M;21_226_10;;;;;05-01 - ESD001_5;;ЛОЖЬ;ЛОЖЬ;;226;;;;;;;0;;;;689;ЛОЖЬ;0;;;;;;;Blink on Failure;;;;;;;Undefined;491;3428;;;;;;;;;;ЛОЖЬ;;;;;;;;;;;;;;;;;;;;;;;;;;;;;;;;;;;;;;;;;;;;;;;;;;;;;;;;;;;;;;;;;;;;;;;;;;;;;;;;;;;;;;;;;;;;;;;;;;;;;;;;;;;;;;;;;;;;;
DI;20XL990QB_ON_03;;FSC;A_2000;H-200B;ESD MOS ACT AREA H-2005B;No;ЛОЖЬ;ЛОЖЬ;;79;;;;;;;0;;;;2238;ЛОЖЬ;0;None;;;;;;1=LAMP ON;;;;;;;Undefined;491;3428;;;;;;Low;;;;ЛОЖЬ;;;;ЛОЖЬ;;;;;;;;;;;;;;;;;;;;;;;;;;;;;;;;;;;;;;;;;;;;;;;;;;;;;;;;;;;;;;;;;;;;;;;;;;;;;;;;;;;;;;;;;;;;;;;;;;;;;;;;;;Input;ESD_001_1;ESD_001_3;14;;;;
DI;20XA303A_ON;;FSC;2000;A_2000;H-2005B EMERG. SD;No;ЛОЖЬ;ЛОЖЬ;;226;;;;;;;0;;;;2246;ЛОЖЬ;0;None;;;;;;1=LAMP ON;;;;;;;Undefined;491;3428;;;;;;Low;;;;ЛОЖЬ;;;;ЛОЖЬ;;;;;;;;;;;;;;;;;;;;;;;;;;;;;;;;;;;;;;;;;;;;;;;;;;;;;;;;;;;;;;;;;;;;;;;;;;;;;;;;;;;;;;;;;;;;;;;;;;;;;;;;;;Input;ESD_001_1;ESD_001_3;22;;;;
DI;20XL046B_ON;;FSC;2000;A_2000;P-2021 EMERG. SD;No;ЛОЖЬ;ЛОЖЬ;;250;;;;;;;0;;;;2141;ЛОЖЬ;0;None;;;;;;1=LAMP ON;;;;;;;Undefined;491;3428;;;;;;Low;;;;ЛОЖЬ;;;;ЛОЖЬ;;;;;;;;;;;;;;;;;;;;;;;;;;Input;ESD_001_1;ESD_001_7;13;;;;;;;;;;;;;;;;;;;;;;;;;;;;;;;;;;;;;;;;;;;;;;;;;;;;;;;;;;;;;;;;;;;;;;;;;;;;;;;;;;;;
DI;20XL990BB_ON_04;;FSC;2000;A_2000;ESD MOS ACT AREA 2000-2;No;ЛОЖЬ;ЛОЖЬ;;53;;;;;;;0;;;;1361;ЛОЖЬ;0;None;;;;;;1=LAMP ON;;;;;;;Undefined;491;3428;;;;;;Low;;;;ЛОЖЬ;;;;ЛОЖЬ;;;;;;;;;;;;;;;;;;;;;;;;;;;;;;;;;;;;;;;;;;;;;;Input;ESD_001_1;ESD_001_4;1;;;;;;;;;;;;;;;;;;;;;;;;;;;;;;;;;;;;;;;;;;;;;;;;;;;;;;;;;;;;;;;;
M;21_226_8;;;;;03-01 - ESD001_3;;ЛОЖЬ;ЛОЖЬ;;226;;;;;;;0;;;;685;ЛОЖЬ;0;;;;;;;Blink on Failure;;;;;;;Undefined;491;3428;;;;;;;;;;ЛОЖЬ;;;;;;;;;;;;;;;;;;;;;;;;;;;;;;;;;;;;;;;;;;;;;;;;;;;;;;;;;;;;;;;;;;;;;;;;;;;;;;;;;;;;;;;;;;;;;;;;;;;;;;;;;;;;;;;;;;;;;
DI;20XZLO433A_SN;;FSC;;;VALVE 20XV433A OPEN;No;ЛОЖЬ;ЛОЖЬ;;230;;;;;;;0;;;;841;ЛОЖЬ;0;None;;;;;;1=OPEN;1=OPEN;;;;;;Undefined;;;;;;;;Low;;;;ЛОЖЬ;ИСТИНА;;;ЛОЖЬ;View only;;;;;;;;;;;;;Input;ESD_001_1;ESD_001_8;25;;;;;;;;;;;;;;;;;;;;;;;;;;;;;;;;;;;;;;;;;;;;;;;;;;;;;;;;;;;;;;;;;;;;;;;;;;;;;;;;;;;;;;;;;;;;;;;;
DO;20XL098;;PNL;2000;A_2000;ED FROM V-2008;Yes;ЛОЖЬ;ЛОЖЬ;;252;;;;;;;0;;;;268;ЛОЖЬ;0;None;;;;;;1=LAMP ON;;;;;;;Undefined;491;3428;;01.07;1;5;1;Appl;;;;ЛОЖЬ;;;;;;;;;;;;;;;;;;;;;;Output;EPKS_CCB;ESD_001_1;444;;;;;;;;;;;;;;;;;;;;;;;;;;;;;;;;;;;;;;;;;;;;;;;;;;;;;;;;;;;;;;;;;;;;;;;;;;;;;;;;;;;;;;;;;;;;
DO;01_07_SNESD_FLT;;FSC;;;ESD001_1-ESD002_1;No;ЛОЖЬ;ЛОЖЬ;;20;;;;;;;0;;;;110;ЛОЖЬ;0;None;;;;;;0=FAULT;;;;;;;Undefined;491;3428;;;;;;;;;;ЛОЖЬ;;;;;;;;;;;;;;;;;;;;;;;;;;;;;;;;;;;;;;;;;;;;;;;;;;;;;;;;;;Output;ESD_001_1;ESD_002_1;0;;;;;;;;;;;;;;;;;;;;;;;;;;;;;;;;;;;;;;;;;;;;;;;;;;;;;;;;
DO;30XL018B;;PNL;3000;A_3000;H-3001 EMERG. SD;Yes;ЛОЖЬ;ЛОЖЬ;;204;;;;;;;0;;;;42;ЛОЖЬ;0;None;;;;;;1=LAMP ON;;;;;;;Undefined;491;3428;;01.05;5;3;1;Appl;;;;ЛОЖЬ;;;;;;;;;;;;;;;;;;;;;;Output;EPKS_CCB;ESD_001_1;445;;;;;;;;;;;;;;;;;;;;;;;;;;;;;;;;;;;;;;;;;;;;;;;;;;;;;;;;;;;;;;;;;;;;;;;;;;;;;;;;;;;;;;;;;;;;
DO;20HS990L_REL;;FSC;2000;A_2000;ESD MOS REL AREA H-2002;No;ЛОЖЬ;ЛОЖЬ;;71;;;;;;;0;;;;701;ЛОЖЬ;0;None;;;;;;1=RELEASED;;;;;;;Undefined;491;3428;;;;;;;;;;ЛОЖЬ;;;;;;;;;;;;;;;;;;;;;;;;;;Output;ESD_001_1;ESD_001_5;6;;;;;;;;;;;;;;;;;;;;;;;;;;;;;;;;;;;;;;;;;;;;;;;;;;;;;;;;;;;;;;;;;;;;;;;;;;;;;;;;;;;;;;;;
DO;30HS703_EN;;FSC;3000;A_3000;ESD MOS EN AREA H-3001;No;ЛОЖЬ;ЛОЖЬ;;37;;;;;;;0;;;;542;ЛОЖЬ;0;None;;;;;;1=ENABLED;;;;;;;Undefined;491;3428;;;;;;;;;;ЛОЖЬ;;;;;;;;;;;;;;;;;;;;;;;;;;;;;;;;;;;;;;;;;;;;;;;;;;;;;;;;;;;;;;;;;;;;;;;;;;;;;;;;;;;;;;;;;;;;;;Output;ESD_001_1;ESD_301_1;1;;;;;;;;;;;;;;;;;;;;
DO;10HS600_REL;;FSC;1000;A_1000;ESD MOS REL AREA H-1001A;No;ЛОЖЬ;ЛОЖЬ;;31;;;;;;;0;;;;104;ЛОЖЬ;0;None;;;;;;1=RELEASED;;;;;;;Undefined;491;3428;;;;;;;;;;ЛОЖЬ;;;;;;;;;;;;;;;;;;;;;;;;;;;;;;;;;;;;;;Output;ESD_001_1;ESD_101_1;2;;;;;;;;;;;;;;;;;;;;;;;;;;;;;;;;;;;;;;;;;;;;;;;;;;;;;;;;;;;;;;;;;;;;;;;;;;;;
M;87_283_3;;;;;20HS846C;;ЛОЖЬ;ЛОЖЬ;;283;;;;;;;0;;;;44;ЛОЖЬ;0;;;;;;;1=TEST;;;;;;;Undefined;;;;;;;;;;;;ЛОЖЬ;ИСТИНА;;;;;;;;;;;;;;;;;;;;;;;;;;;;;;;;;;;;;;;;;;;;;;;;;;;;;;;;;;;;;;;;;;;;;;;;;;;;;;;;;;;;;;;;;;;;;;;;;;;;;;;;;;;;;;;;;;;;
DO;20XL408B;;PNL;2000;A_2000;ACTIVATION EM BLOCK 7;Yes;ЛОЖЬ;ЛОЖЬ;;228;;;;;;;0;;;;141;ЛОЖЬ;0;None;;;;;;1=LAMP ON;;;;;;;Undefined;491;3428;;01.06;1;6;1;Appl;;;;ЛОЖЬ;;;;;;;;;;;;;;;;;;;;;;Output;EPKS_CCB;ESD_001_1;446;;;;;;;;;;;;;;;;;;;;;;;;;;;;;;;;;;;;;;;;;;;;;;;;;;;;;;;;;;;;;;;;;;;;;;;;;;;;;;;;;;;;;;;;;;;;
DO;10XL034B;;PNL;1000;A_1000;H-1001B EMERG. SD;Yes;ЛОЖЬ;ЛОЖЬ;;200;;;;;;;0;;;;10;ЛОЖЬ;0;None;;;;;;1=LAMP ON;;;;;;;Undefined;491;3428;;01.05;1;3;1;Appl;;;;ЛОЖЬ;;;;;;;;;;;;;;;;;;;;;;Output;EPKS_CCB;ESD_001_1;447;;;;;;;;;;;;;;;;;;;;;;;;;;;;;;;;;;;;;;;;;;;;;;;;;;;;;;;;;;;;;;;;;;;;;;;;;;;;;;;;;;;;;;;;;;;;
DO;20XL990CA;;PNL;2000;A_2000;MOS ENABLED AREA 2000-3;Yes;ЛОЖЬ;ЛОЖЬ;;55;;;;;;;0;;;;236;ЛОЖЬ;0;None;;;;;;1=LAMP ON;;;;;;;Undefined;491;3428;;01.06;13;5;1;Appl;;;;ЛОЖЬ;;;;;;;;;;;;;;;;;;;;;;Output;EPKS_CCB;ESD_001_1;448;;;;;;;;;;;;;;;;;;;;;;;;;;;;;;;;;;;;;;;;;;;;;;;;;;;;;;;;;;;;;;;;;;;;;;;;;;;;;;;;;;;;;;;;;;;;
DO;41XL738;;PNL;;;;Yes;ЛОЖЬ;ЛОЖЬ;;281;;;;;;;0;;;;322;ЛОЖЬ;0;None;;;;;;1=LAMP ON;;;;;;;Undefined;;;;01.07;9;11;1;Appl;;;;ЛОЖЬ;ИСТИНА;;;;;;;;;;;;;;;;;;;;;;;;;;;;;;;;;;;;;;;;;;;;;;;;;;;;;;;;;;;;;;;;;;;;;;;;;;;;;;;;;;;;;;;;;;;;;;;;;;;;;;;;;;;;;;;;;;;;
DO;20XL990GA;;PNL;2000;A_2000;MOS ENABLED AREA CH-20-2;Yes;ЛОЖЬ;ЛОЖЬ;;63;;;;;;;0;;;;226;ЛОЖЬ;0;None;;;;;;1=LAMP ON;;;;;;;Undefined;491;3428;;01.06;13;11;1;Appl;;;;ЛОЖЬ;;;;;;;;;;;;;;;;;;;;;;Output;EPKS_CCB;ESD_001_1;449;;;;;;;;;;;;;;;;;;;;;;;;;;;;;;;;;;;;;;;;;;;;;;;;;;;;;;;;;;;;;;;;;;;;;;;;;;;;;;;;;;;;;;;;;;;;
M;21_220_8;;;;;03-01 - ESD001_3;;ЛОЖЬ;ЛОЖЬ;;220;;;;;;;0;;;;671;ЛОЖЬ;0;;;;;;;Blink on Failure;;;;;;;Undefined;491;3428;;;;;;;;;;ЛОЖЬ;;;;;;;;;;;;;;;;;;;;;;;;;;;;;;;;;;;;;;;;;;;;;;;;;;;;;;;;;;;;;;;;;;;;;;;;;;;;;;;;;;;;;;;;;;;;;;;;;;;;;;;;;;;;;;;;;;;;;
DO;20XL990MB;;PNL;2000;A_2000;MOS ACT/REL AREA H-2003;Yes;ЛОЖЬ;ЛОЖЬ;;73;;;;;;;0;;;;193;ЛОЖЬ;0;None;;;;;;1=LAMP ON;;;;;;;Undefined;491;3428;;01.06;9;10;1;Appl;;;;ЛОЖЬ;;;;;;;;;;;;;;;;;;;;;;Output;EPKS_CCB;ESD_001_1;450;;;;;;;;;;;;;;;;;;;;;;;;;;;;;;;;;;;;;;;;;;;;;;;;;;;;;;;;;;;;;;;;;;;;;;;;;;;;;;;;;;;;;;;;;;;;
DI;20XL568B_ON;;FSC;2000;A_2000;INT SELEC REGEN STAGES;No;ЛОЖЬ;ЛОЖЬ;;234;;;;;;;0;;;;2255;ЛОЖЬ;0;None;;;;;;1=REGEN. V-2008;;;;;;;Undefined;491;3428;;;;;;Low;;;;ЛОЖЬ;;;;ЛОЖЬ;;;;;;;;;;;;;;;;;;;;;;;;;;;;;;;;;;;;;;;;;;;;;;;;;;;;;;;;;;;;;;;;;;;;;;;;;;;;;;;;;;;;;;;;;;;;;;;;;;;;;;;;;;Input;ESD_001_1;ESD_001_3;31;;;;
DI;1-ExtComFaultCC3;;SYS;;;Ext com fault Com ch 3;Yes;ЛОЖЬ;;;16;;;;;;;;;;;8;ЛОЖЬ;0;None;;;;;;;;;;;;;Undefined;491;3428;;;;;;;;;;ЛОЖЬ;;;;ЛОЖЬ;;;;;;;;;;;;;;;;;;;;;;;;;;;;;;;;;;;;;;;;;;;;;;;;;;;;;;;;;;;;;;;;;;;;;;;;;;;;;;;;;;;;;;;;;;;;;;;;;;;;;;;;;;;;;;;;;
DO;20XL439;;PNL;2000;A_2000;V-2020 BOTTOMS TO DF;Yes;ЛОЖЬ;ЛОЖЬ;;234;;;;;;;0;;;;163;ЛОЖЬ;0;None;;;;;;1=LAMP ON;;;;;;;Undefined;491;3428;;01.06;5;12;1;Appl;;;;ЛОЖЬ;;;;;;;;;;;;;;;;;;;;;;Output;EPKS_CCB;ESD_001_1;452;;;;;;;;;;;;;;;;;;;;;;;;;;;;;;;;;;;;;;;;;;;;;;;;;;;;;;;;;;;;;;;;;;;;;;;;;;;;;;;;;;;;;;;;;;;;
M;21_228_10;;;;;05-01 - ESD001_5;;ЛОЖЬ;ЛОЖЬ;;228;;;;;;;0;;;;694;ЛОЖЬ;0;;;;;;;Blink on Failure;;;;;;;Undefined;491;3428;;;;;;;;;;ЛОЖЬ;;;;;;;;;;;;;;;;;;;;;;;;;;;;;;;;;;;;;;;;;;;;;;;;;;;;;;;;;;;;;;;;;;;;;;;;;;;;;;;;;;;;;;;;;;;;;;;;;;;;;;;;;;;;;;;;;;;;;
DO;20XL161B;;PNL;2000;A_2000;FRACN. FEED FROM V-2014;Yes;ЛОЖЬ;ЛОЖЬ;;240;;;;;;;0;;;;191;ЛОЖЬ;0;None;;;;;;1=LAMP ON;;;;;;;Undefined;491;3428;;01.06;7;8;1;Appl;;;;ЛОЖЬ;;;;;;;;;;;;;;;;;;;;;;Output;EPKS_CCB;ESD_001_1;454;;;;;;;;;;;;;;;;;;;;;;;;;;;;;;;;;;;;;;;;;;;;;;;;;;;;;;;;;;;;;;;;;;;;;;;;;;;;;;;;;;;;;;;;;;;;
DI;20XL990CB_ON_03;;FSC;2000;A_2000;ESD MOS ACT AREA 2000-3;No;ЛОЖЬ;ЛОЖЬ;;55;;;;;;;0;;;;2232;ЛОЖЬ;0;None;;;;;;1=LAMP ON;;;;;;;Undefined;491;3428;;;;;;Low;;;;ЛОЖЬ;;;;ЛОЖЬ;;;;;;;;;;;;;;;;;;;;;;;;;;;;;;;;;;;;;;;;;;;;;;;;;;;;;;;;;;;;;;;;;;;;;;;;;;;;;;;;;;;;;;;;;;;;;;;;;;;;;;;;;;Input;ESD_001_1;ESD_001_3;8;;;;
DO;01_19_SNESD_FLT;;FSC;930-09;S_B93_1;ESD_001_1-ESD_931_1;No;ЛОЖЬ;ЛОЖЬ;;20;;;;;;;0;;;;766;ЛОЖЬ;0;None;;;;;;0=FAULT;;;;;;;Undefined;491;3428;;;;;;;;;;ЛОЖЬ;;;;;;;;;;;;;;;;;;;;;;;;;;;;;;;;;;;;;;;;;;;;;;;;;;;;;;;;;;;;;;;;;;;;;;;;;;;;;;;;;;;;;;;;;;Output;ESD_001_1;ESD_931_1;0;;;;;;;;;;;;;;;;;;;;;;;;
DO;30XL703KA;;PNL;3000;A_3000;MOS ENABLED AREA H-3001;Yes;ЛОЖЬ;ЛОЖЬ;;37;;;;;;;0;;;;58;ЛОЖЬ;0;None;;;;;;1=LAMP ON;;;;;;;Undefined;491;3428;;01.05;7;3;1;Appl;;;;ЛОЖЬ;;;;;;;;;;;;;;;;;;;;;;Output;EPKS_CCB;ESD_001_1;455;;;;;;;;;;;;;;;;;;;;;;;;;;;;;;;;;;;;;;;;;;;;;;;;;;;;;;;;;;;;;;;;;;;;;;;;;;;;;;;;;;;;;;;;;;;;
M;51_266_3;;;;;20HS846B_2;;ЛОЖЬ;ЛОЖЬ;;266;;;;;;;0;;;;37;ЛОЖЬ;0;;;;;;;1=TEST;;;;;;;Undefined;;;;;;;;;;;;ЛОЖЬ;ИСТИНА;;;;;;;;;;;;;;;;;;;;;;;;;;;;;;;;;;;;;;;;;;;;;;;;;;;;;;;;;;;;;;;;;;;;;;;;;;;;;;;;;;;;;;;;;;;;;;;;;;;;;;;;;;;;;;;;;;;;
M;24_5;;;;;;;ЛОЖЬ;ЛОЖЬ;;24;;;;;;;0;;;;59;ЛОЖЬ;0;;;;;;;;;;;;;;Undefined;;;;;;;;;;;;ЛОЖЬ;ИСТИНА;;;;;;;;;;;;;;;;;;;;;;;;;;;;;;;;;;;;;;;;;;;;;;;;;;;;;;;;;;;;;;;;;;;;;;;;;;;;;;;;;;;;;;;;;;;;;;;;;;;;;;;;;;;;;;;;;;;;
DI;20XL014B_ON;;FSC;2000;A_2000;C-2003A SHUTDOWN;No;ЛОЖЬ;ЛОЖЬ;;220;;;;;;;0;;;;2243;ЛОЖЬ;0;None;;;;;;1=LAMP ON;;;;;;;Undefined;491;3428;;;;;;Low;;;;ЛОЖЬ;;;;ЛОЖЬ;;;;;;;;;;;;;;;;;;;;;;;;;;;;;;;;;;;;;;;;;;;;;;;;;;;;;;;;;;;;;;;;;;;;;;;;;;;;;;;;;;;;;;;;;;;;;;;;;;;;;;;;;;Input;ESD_001_1;ESD_001_3;19;;;;
M;23_264_6;;;;;21-01 - ESD001_7;;ЛОЖЬ;ЛОЖЬ;;264;;;;;;;0;;;;749;ЛОЖЬ;0;;;;;;;Blink on Failure;;;;;;;Undefined;491;3428;;;;;;;;;;ЛОЖЬ;;;;;;;;;;;;;;;;;;;;;;;;;;;;;;;;;;;;;;;;;;;;;;;;;;;;;;;;;;;;;;;;;;;;;;;;;;;;;;;;;;;;;;;;;;;;;;;;;;;;;;;;;;;;;;;;;;;;;
DO;20HS990N_EN;;FSC;2000;A_2000;ESD MOS EN AREA H-2004;No;ЛОЖЬ;ЛОЖЬ;;75;;;;;;;0;;;;713;ЛОЖЬ;0;None;;;;;;1=ENABLED;;;;;;;Undefined;491;3428;;;;;;;;;;ЛОЖЬ;;;;;;;;;;;;;;;;;;;;;;;;;;;;;;Output;ESD_001_1;ESD_001_7;9;;;;;;;;;;;;;;;;;;;;;;;;;;;;;;;;;;;;;;;;;;;;;;;;;;;;;;;;;;;;;;;;;;;;;;;;;;;;;;;;;;;;
DO;20XL193B;;PNL;2000;A_P20_2;P-2009/S EMERG. SD;Yes;ЛОЖЬ;ЛОЖЬ;;254;;;;;;;0;;;;106;ЛОЖЬ;0;None;;;;;;1=LAMP ON;;;;;;;Undefined;491;3428;;01.05;13;3;1;Appl;;;;ЛОЖЬ;;;;;;;;;;;;;;;;;;;;;;Output;EPKS_CCB;ESD_001_1;456;;;;;;;;;;;;;;;;;;;;;;;;;;;;;;;;;;;;;;;;;;;;;;;;;;;;;;;;;;;;;;;;;;;;;;;;;;;;;;;;;;;;;;;;;;;;
DO;20XL434A_R;;FLD;;;VALVE 20XV434A READY TO CLOSE;Yes;ЛОЖЬ;ЛОЖЬ;;242;;;;;;;0;;;;442;ЛОЖЬ;0;None;;;;;;1=LAMP ON;1=LAMP ON;;;;;;Undefined;;;;01.06;17;3;1;Appl;;;;ЛОЖЬ;ИСТИНА;;;;;;;;;;;;;;;;;;;;;;;;;;;;;;;;;;;;;;;;;;;;;;;;;;;;;;;;;;;;;;;;;;;;;;;;;;;;;;;;;;;;;;;;;;;;;;;;;;;;;;;;;;;;;;;;;;;;
M;21_204_6;;;;;08-01 - ESD101_1;;ЛОЖЬ;ЛОЖЬ;;204;;;;;;;0;;;;660;ЛОЖЬ;0;;;;;;;Blink on Failure;;;;;;;Undefined;491;3428;;;;;;;;;;ЛОЖЬ;;;;;;;;;;;;;;;;;;;;;;;;;;;;;;;;;;;;;;;;;;;;;;;;;;;;;;;;;;;;;;;;;;;;;;;;;;;;;;;;;;;;;;;;;;;;;;;;;;;;;;;;;;;;;;;;;;;;;
DI;1-CP_Fault;;SYS;;;Control processor fault;Yes;ЛОЖЬ;;;16;;;;;;;;;;;19;ЛОЖЬ;0;None;;;;;;0=ALARM;;;;;;;Undefined;491;3428;;;;;;;;;;ЛОЖЬ;;;;ЛОЖЬ;;;;;;;;;;;;;;;;;;;;;;;;;;;;;;;;;;;;;;;;;;;;;;;;;;;;;;;;;;;;;;;;;;;;;;;;;;;;;;;;;;;;;;;;;;;;;;;;;;;;;;;;;;;;;;;;;
DO;42XL011B;;PNL;4200;A_4200;C-4202 EMERG. SD;Yes;ЛОЖЬ;ЛОЖЬ;;282;;;;;;;0;;;;350;ЛОЖЬ;0;None;;;;;;1=LAMP ON;;;;;;;Undefined;491;3428;;01.07;11;7;1;Appl;;;;ЛОЖЬ;;;;;;;;;;;;;;;;;;;;;;Output;EPKS_CCB;ESD_001_1;457;;;;;;;;;;;;;;;;;;;;;;;;;;;;;;;;;;;;;;;;;;;;;;;;;;;;;;;;;;;;;;;;;;;;;;;;;;;;;;;;;;;;;;;;;;;;
DI;20FLTRES_SYS1;;COM;2000;;NON CRITICAL FAULT RESET;No;ИСТИНА;ИСТИНА;;17;;;;;;;0;;;;112;ИСТИНА;1355;None;;;;;;1=RESET;;;;;;;Undefined;;;;;;;;Low;;;;ЛОЖЬ;ИСТИНА;;;ЛОЖЬ;;;;;;;;;;;;;;;;;;Input;EPKS_CCB;ESD_001_1;26;;;;;;;;;;;;;;;;;;;;;;;;;;;;;;;;;;;;;;;;;;;;;;;;;;;;;;;;;;;;;;;;;;;;;;;;;;;;;;;;;;;;;;;;;;;;
DO;30HS704_EN;;FSC;3000;A_3000;ESD MOS EN AREA C-3001A;No;ЛОЖЬ;ЛОЖЬ;;39;;;;;;;0;;;;548;ЛОЖЬ;0;None;;;;;;1=ENABLED;;;;;;;Undefined;491;3428;;;;;;;;;;ЛОЖЬ;;;;;;;;;;;;;;;;;;;;;;;;;;;;;;;;;;;;;;;;;;;;;;;;;;;;;;;;;;;;;;;;;;;;;;;;;;;;;;;;;;;;;;;;;;;;;;Output;ESD_001_1;ESD_301_1;2;;;;;;;;;;;;;;;;;;;;
DI;20XZLO434A_SN;;FSC;;;VALVE 20XV434A OPEN;No;ЛОЖЬ;ЛОЖЬ;;242;;;;;;;0;;;;850;ЛОЖЬ;0;None;;;;;;1=OPEN;1=OPEN;;;;;;Undefined;;;;;;;;Low;;;;ЛОЖЬ;ИСТИНА;;;ЛОЖЬ;View only;;;;;;;;;;;;;Input;ESD_001_1;ESD_001_8;34;;;;;;;;;;;;;;;;;;;;;;;;;;;;;;;;;;;;;;;;;;;;;;;;;;;;;;;;;;;;;;;;;;;;;;;;;;;;;;;;;;;;;;;;;;;;;;;;
DI;20XL434B6_ON;;FSC;;;20XV434B CLOSE;No;ЛОЖЬ;ЛОЖЬ;;234;;;;;;;0;;;;848;ЛОЖЬ;0;None;;;;;;1=LAMP ON;1=LAMP ON;;;;;;Undefined;;;;;;;;Low;;;;ЛОЖЬ;ИСТИНА;;;ЛОЖЬ;View only;;;;;;;;;;;;;Input;ESD_001_1;ESD_001_8;32;;;;;;;;;;;;;;;;;;;;;;;;;;;;;;;;;;;;;;;;;;;;;;;;;;;;;;;;;;;;;;;;;;;;;;;;;;;;;;;;;;;;;;;;;;;;;;;;
DI;58XL201DB_ON_12;;FSC;5800;A_5800;ESD MOS ACT AREA 5800-3/4;No;ЛОЖЬ;ЛОЖЬ;;85;;;;;;;0;;;;2801;ЛОЖЬ;0;None;;;;;;1=LAMP ON;;;;;;;Undefined;491;3428;;;;;;Low;;;;ЛОЖЬ;;;;ЛОЖЬ;;;;;;;;;;;;;;;;;;;;;;;;;;;;;;;;;;;;;;;;;;;;;;;;;;;;;;;;;;Input;ESD_001_1;ESD_411_2;1;;;;;;;;;;;;;;;;;;;;;;;;;;;;;;;;;;;;;;;;;;;;;;;;;;;;
M;51_83_4;;;;;20HS846B_2;;ЛОЖЬ;ЛОЖЬ;;83;;;;;;;0;;;;733;ЛОЖЬ;0;;;;;;;1=TEST;;;;;;;Undefined;491;3428;;;;;;;;;;ЛОЖЬ;;;;;;;;;;;;;;;;;;;;;;;;;;;;;;;;;;;;;;;;;;;;;;;;;;;;;;;;;;;;;;;;;;;;;;;;;;;;;;;;;;;;;;;;;;;;;;;;;;;;;;;;;;;;;;;;;;;;;
DO;20XL204B;;PNL;2000;A_P20_2;P-2012/S EMERG. SD;Yes;ЛОЖЬ;ЛОЖЬ;;226;;;;;;;0;;;;173;ЛОЖЬ;0;None;;;;;;1=LAMP ON;;;;;;;Undefined;491;3428;;01.06;5;6;1;Appl;;;;ЛОЖЬ;;;;;;;;;;;;;;;;;;;;;;Output;EPKS_CCB;ESD_001_1;458;;;;;;;;;;;;;;;;;;;;;;;;;;;;;;;;;;;;;;;;;;;;;;;;;;;;;;;;;;;;;;;;;;;;;;;;;;;;;;;;;;;;;;;;;;;;
M;21_262_14;;;;;02-01 - ESD001_2;;ЛОЖЬ;ЛОЖЬ;;262;;;;;;;0;;;;750;ЛОЖЬ;0;;;;;;;Blink on Failure;;;;;;;Undefined;491;3428;;;;;;;;;;ЛОЖЬ;;;;;;;;;;;;;;;;;;;;;;;;;;;;;;;;;;;;;;;;;;;;;;;;;;;;;;;;;;;;;;;;;;;;;;;;;;;;;;;;;;;;;;;;;;;;;;;;;;;;;;;;;;;;;;;;;;;;;
DO;CB001_ESD1_CS;;COM;;;CLOCK SOURCE FLT;No;ЛОЖЬ;ЛОЖЬ;;15;;;;;;;0;;;;78;ЛОЖЬ;0;None;;;;;;;State High;;;;;;Undefined;;;;;;;;;;;;ЛОЖЬ;ИСТИНА;;;;;;;;;;;;;;;;;;;;;Output;EPKS_CCB;ESD_001_1;560;;;;;;;;;;;;;;;;;;;;;;;;;;;;;;;;;;;;;;;;;;;;;;;;;;;;;;;;;;;;;;;;;;;;;;;;;;;;;;;;;;;;;;;;;;;;
DO;30XL123;;PNL;3000;A_P30_1;SD AT FIRE P3025 - N. 05;Yes;ЛОЖЬ;ЛОЖЬ;;210;;;;;;;0;;;;73;ЛОЖЬ;0;None;;;;;;1=LAMP ON;;;;;;;Undefined;491;3428;;01.05;9;2;1;Appl;;;;ЛОЖЬ;;;;;;;;;;;;;;;;;;;;;;Output;EPKS_CCB;ESD_001_1;459;;;;;;;;;;;;;;;;;;;;;;;;;;;;;;;;;;;;;;;;;;;;;;;;;;;;;;;;;;;;;;;;;;;;;;;;;;;;;;;;;;;;;;;;;;;;
DI;20XL218_ON;;FSC;2000;A_2000;ED FROM T-2006;No;ЛОЖЬ;ЛОЖЬ;;258;;;;;;;0;;;;2156;ЛОЖЬ;0;None;;;;;;1=LAMP ON;;;;;;;Undefined;491;3428;;;;;;Low;;;;ЛОЖЬ;;;;ЛОЖЬ;;;;;;;;;;;;;;;;;;;;;;;;;;Input;ESD_001_1;ESD_001_7;28;;;;;;;;;;;;;;;;;;;;;;;;;;;;;;;;;;;;;;;;;;;;;;;;;;;;;;;;;;;;;;;;;;;;;;;;;;;;;;;;;;;;
DO;20HS990C_EN;;FSC;2000;A_2000;ESD MOS EN AREA 2000-3;No;ЛОЖЬ;ЛОЖЬ;;55;;;;;;;0;;;;647;ЛОЖЬ;0;None;;;;;;1=ENABLED;;;;;;;Undefined;491;3428;;;;;;;;;;ЛОЖЬ;;;;;;;;;;;;;;;;;;Output;ESD_001_1;ESD_001_8;5;;;;;Output;ESD_001_1;ESD_001_5;1;Output;ESD_001_1;ESD_001_7;5;;;;;;;;;;;;;;;;;;;;;;;;;;;;;;;;;;;;;;;;;;;;;;;;;;;;;;;;;;;;;;;;;;;;;;;;;;;;;Output;ESD_001_1;ESD_001_3;13;;;;
DO;41HS265F_EN;;FSC;4100;A_4100;ESD MOS EN AREA 4200;No;ЛОЖЬ;ЛОЖЬ;;97;;;;;;;0;;;;575;ЛОЖЬ;0;None;;;;;;1=ENABLED;;;;;;;Undefined;491;3428;;;;;;;;;;ЛОЖЬ;;;;;;;;;;;;;;;;;;;;;;;;;;;;;;;;;;;;;;;;;;;;;;;;;;;;;;;;;;;;;;Output;ESD_001_1;ESD_411_2;5;;;;;;;;;;;;;;;;;;;;;;;;;;;;;;;;;;;;;;;;;;;;;;;;;;;;
DO;52HS925_REL;;FSC;5200;A_5200;ESD MOS REL AREA 5200;No;ЛОЖЬ;ЛОЖЬ;;111;;;;;;;0;;;;757;ЛОЖЬ;0;None;;;;;;1=RELEASED;;;;;;;Undefined;491;3428;;;;;;;;;;ЛОЖЬ;;;;;;;;;;Output;ESD_001_1;ESD_511_1;8;;;;;;;;;;;;;;;;;;;;;;;;;;;;;;;;;;;;;;;;;;;;;;;;;;;;;;;;;;;;;;;;;;;;;;;;;;;;;;;;;;;;;;;;;;;;;;;;;;;;;;;;
DI;30XL122_ON;;FSC;3000;A_3000;SD AT FIRE P3020 - N. 04;No;ЛОЖЬ;ЛОЖЬ;;208;;;;;;;0;;;;2340;ЛОЖЬ;0;None;;;;;;1=LAMP ON;;;;;;;Undefined;491;3428;;;;;;Low;;;;ЛОЖЬ;;;;ЛОЖЬ;;;;;;;;;;;;;;;;;;;;;;;;;;;;;;;;;;;;;;;;;;;;;;;;;;;;;;;;;;;;;;;;;;;;;;;;;;;;;;;;;;;;;;;;;;Input;ESD_001_1;ESD_301_1;20;;;;;;;;;;;;;;;;;;;;
DO;41XL265GB;;PNL;4100;A_4100;MOS ACT/REL AREA C-4104;Yes;ЛОЖЬ;ЛОЖЬ;;89;;;;;;;0;;;;321;ЛОЖЬ;0;None;;;;;;1=LAMP ON;;;;;;;Undefined;491;3428;;01.07;9;10;1;Appl;;;;ЛОЖЬ;;;;;;;;;;;;;;;;;;;;;;Output;EPKS_CCB;ESD_001_1;460;;;;;;;;;;;;;;;;;;;;;;;;;;;;;;;;;;;;;;;;;;;;;;;;;;;;;;;;;;;;;;;;;;;;;;;;;;;;;;;;;;;;;;;;;;;;
DI;20XL221B_ON;;FSC;2000;A_2000;P-2015/S EMERG. SD;No;ЛОЖЬ;ЛОЖЬ;;258;;;;;;;0;;;;1762;ЛОЖЬ;0;None;;;;;;1=LAMP ON;;;;;;;Undefined;491;3428;;;;;;Low;;;;ЛОЖЬ;;;;ЛОЖЬ;;;;;;;;;;;;;;;;;;;;;;;;;;;;;;;;;;;;;;;;;;;;;;;;;;;;;;;;;;;;;;;;;;Input;ESD_001_1;ESD_001_2;18;;;;;;;;;;;;;;;;;;;;;;;;;;;;;;;;;;;;;;;;;;;;
DO;20XL433A2;;PNL;2000;A_2000;20XV433A OPEN;Yes;ЛОЖЬ;ЛОЖЬ;;230;;;;;;;0;;;;158;ЛОЖЬ;0;None;;;;;;1=LAMP ON;;;;;;;Undefined;491;3428;;01.06;3;7;1;Appl;;;;ЛОЖЬ;;;;;;;;;;;;;;;;;;;;;;Output;EPKS_CCB;ESD_001_1;461;;;;;;;;;;;;;;;;;;;;;;;;;;;;;;;;;;;;;;;;;;;;;;;;;;;;;;;;;;;;;;;;;;;;;;;;;;;;;;;;;;;;;;;;;;;;
M;87_285_3;;;;;20HS846C;;ЛОЖЬ;ЛОЖЬ;;285;;;;;;;0;;;;80;ЛОЖЬ;0;;;;;;;1=TEST;;;;;;;Undefined;;;;;;;;;;;;ЛОЖЬ;ИСТИНА;;;;;;;;;;;;;;;;;;;;;;;;;;;;;;;;;;;;;;;;;;;;;;;;;;;;;;;;;;;;;;;;;;;;;;;;;;;;;;;;;;;;;;;;;;;;;;;;;;;;;;;;;;;;;;;;;;;;
DI;20XL045B_ON;;FSC;2000;A_2000;P-2024 EMERG. SD;No;ЛОЖЬ;ЛОЖЬ;;250;;;;;;;0;;;;2140;ЛОЖЬ;0;None;;;;;;1=LAMP ON;;;;;;;Undefined;491;3428;;;;;;Low;;;;ЛОЖЬ;;;;ЛОЖЬ;;;;;;;;;;;;;;;;;;;;;;;;;;Input;ESD_001_1;ESD_001_7;12;;;;;;;;;;;;;;;;;;;;;;;;;;;;;;;;;;;;;;;;;;;;;;;;;;;;;;;;;;;;;;;;;;;;;;;;;;;;;;;;;;;;
DO;10XL183B;;PNL;1000;A_1000;GROUP SD AT FIRE - N. 06;Yes;ЛОЖЬ;ЛОЖЬ;;204;;;;;;;0;;;;3;ЛОЖЬ;0;None;;;;;;1=LAMP ON;;;;;;;Undefined;491;3428;;01.05;1;12;1;Appl;;;;ЛОЖЬ;;;;;;;;;;;;;;;;;;;;;;Output;EPKS_CCB;ESD_001_1;462;;;;;;;;;;;;;;;;;;;;;;;;;;;;;;;;;;;;;;;;;;;;;;;;;;;;;;;;;;;;;;;;;;;;;;;;;;;;;;;;;;;;;;;;;;;;
DO;41XLC004;;PNL;;;41XV004 CLOSED;Yes;ЛОЖЬ;ЛОЖЬ;;285;;;;;;;0;;;;449;ЛОЖЬ;0;None;;;;;;1=CLOSED;1=CLOSED;;;;;;Undefined;;;;01.07;17;10;1;Appl;;;;ЛОЖЬ;ИСТИНА;;;;;;;;;;;;;;;;;;;;;;;;;;;;;;;;;;;;;;;;;;;;;;;;;;;;;;;;;;;;;;;;;;;;;;;;;;;;;;;;;;;;;;;;;;;;;;;;;;;;;;;;;;;;;;;;;;;;
DO;20XL248B;;PNL;2000;A_P20_1;P-2019/S EMERG. SD;Yes;ЛОЖЬ;ЛОЖЬ;;260;;;;;;;0;;;;273;ЛОЖЬ;0;None;;;;;;1=LAMP ON;;;;;;;Undefined;491;3428;;01.07;3;10;1;Appl;;;;ЛОЖЬ;;;;;;;;;;;;;;;;;;;;;;Output;EPKS_CCB;ESD_001_1;463;;;;;;;;;;;;;;;;;;;;;;;;;;;;;;;;;;;;;;;;;;;;;;;;;;;;;;;;;;;;;;;;;;;;;;;;;;;;;;;;;;;;;;;;;;;;
DO;58HS201D_EN;;FSC;5800;A_5800;ESD MOS EN AREA 5800-3/4;No;ЛОЖЬ;ЛОЖЬ;;85;;;;;;;0;;;;742;ЛОЖЬ;0;None;;;;;;1=ENABLED;;;;;;;Undefined;491;3428;;;;;;;;;;ЛОЖЬ;;;;;;;;;;;;;;;;;;;;;;;;;;;;;;;;;;;;;;;;;;;;;;;;;;;;;;;;;;;;;;Output;ESD_001_1;ESD_411_2;1;;;;;;;;;;;;;;;;;;;;;;;;;;;;;;;;;;;;;;;;;;;;;;;;;;;;
T;35_1;;;;;;;ЛОЖЬ;ЛОЖЬ;;35;;;;;;;;100 ms;10;;4;ЛОЖЬ;0;;;;;;;;;;;;;;Undefined;491;3428;Delayed OFF with constant timer value;;;;;;;;;ЛОЖЬ;;;;;;;;;;;;;;;;;;;;;;;;;;;;;;;;;;;;;;;;;;;;;;;;;;;;;;;;;;;;;;;;;;;;;;;;;;;;;;;;;;;;;;;;;;;;;;;;;;;;;;;;;;;;;;;;;;;;;
DI;1-TempL_Alarm;;SYS;;;Temp low alarm;Yes;ЛОЖЬ;;;18;;;;;;;;;;;4;ЛОЖЬ;0;None;;;;;;;;;;;;;Undefined;491;3428;;;;;;;;;;ЛОЖЬ;;;;ЛОЖЬ;;;;;;;;;;;;;;;;;;;;;;;;;;;;;;;;;;;;;;;;;;;;;;;;;;;;;;;;;;;;;;;;;;;;;;;;;;;;;;;;;;;;;;;;;;;;;;;;;;;;;;;;;;;;;;;;;
DI;20XL125_ON;;FSC;2000;A_2000;20XV 125 CLOSE;No;ЛОЖЬ;ЛОЖЬ;;224;;;;;;;0;;;;2525;ЛОЖЬ;0;None;;;;;;1=LAMP ON;;;;;;;Undefined;491;3428;;;;;;Low;;;;ЛОЖЬ;;;;ЛОЖЬ;;;;;;;;;;;;;;;;;;;;;;;;;;;;;;Input;ESD_001_1;ESD_001_6;13;;;;;;;;;;;;;;;;;;;;;;;;;;;;;;;;;;;;;;;;;;;;;;;;;;;;;;;;;;;;;;;;;;;;;;;;;;;;;;;;
M;61_222_3;;;;;20HS846B_1;;ЛОЖЬ;ЛОЖЬ;;222;;;;;;;0;;;;1000;ЛОЖЬ;0;;;;;;;1=TEST;;;;;;;Undefined;491;3428;;;;;;;;;;ЛОЖЬ;;;;;;;;;;;;;;;;;;;;;;;;;;;;;;;;;;;;;;;;;;;;;;;;;;;;;;;;;;;;;;;;;;;;;;;;;;;;;;;;;;;;;;;;;;;;;;;;;;;;;;;;;;;;;;;;;;;;;
DI;41XSO003_SNESD;;FSC;;;41XV003 OPEN;No;ЛОЖЬ;ЛОЖЬ;;285;;;;;;;0;;;;1876;ЛОЖЬ;0;None;;;;;;1=OPEN;1=OPEN;;;;;;Undefined;;;;;;;;Low;;;;ЛОЖЬ;ИСТИНА;;;ЛОЖЬ;View only;;;;;;;;;;;;;;;;;;;;;;;;;;;;;;;;;;;;;;;;;;;;;;;;;;;;;;;;;;;;;;;;;;;;;;;;;;;;;;;;;Input;ESD_001_1;ESD_411_1;36;;;;;;;;;;;;;;;;;;;;;;;;;;;;
DI;41XL004_SNESD;;FSC;;;LAMP ACTIVATION;No;ЛОЖЬ;ЛОЖЬ;;285;;;;;;;0;;;;1871;ЛОЖЬ;0;None;;;;;;1=ON;1=ON;;;;;;Undefined;;;;;;;;Low;;;;ЛОЖЬ;ИСТИНА;;;ЛОЖЬ;View only;;;;;;;;;;;;;;;;;;;;;;;;;;;;;;;;;;;;;;;;;;;;;;;;;;;;;;;;;;;;;;;;;;;;;;;;;;;;;;;;;Input;ESD_001_1;ESD_411_1;31;;;;;;;;;;;;;;;;;;;;;;;;;;;;
DO;20XL218;;PNL;2000;A_2000;ED FROM T-2006;Yes;ЛОЖЬ;ЛОЖЬ;;258;;;;;;;0;;;;286;ЛОЖЬ;0;None;;;;;;1=LAMP ON;;;;;;;Undefined;491;3428;;01.07;3;7;1;Appl;;;;ЛОЖЬ;;;;;;;;;;;;;;;;;;;;;;Output;EPKS_CCB;ESD_001_1;464;;;;;;;;;;;;;;;;;;;;;;;;;;;;;;;;;;;;;;;;;;;;;;;;;;;;;;;;;;;;;;;;;;;;;;;;;;;;;;;;;;;;;;;;;;;;
DO;52XL926KB;;PNL;5200;A_5200;MOS ACT/REL AREA 430-16;Yes;ЛОЖЬ;ЛОЖЬ;;113;;;;;;;0;;;;379;ЛОЖЬ;0;None;;;;;;1=LAMP ON;;;;;;;Undefined;491;3428;;01.07;15;4;1;Appl;;;;ЛОЖЬ;;;;;;;;;;;;;;;;;;;;;;Output;EPKS_CCB;ESD_001_1;465;;;;;;;;;;;;;;;;;;;;;;;;;;;;;;;;;;;;;;;;;;;;;;;;;;;;;;;;;;;;;;;;;;;;;;;;;;;;;;;;;;;;;;;;;;;;
DI;20XL208_ON;;FSC;2000;A_2000;ED FROM T-2004;No;ЛОЖЬ;ЛОЖЬ;;256;;;;;;;0;;;;2153;ЛОЖЬ;0;None;;;;;;1=LAMP ON;;;;;;;Undefined;491;3428;;;;;;Low;;;;ЛОЖЬ;;;;ЛОЖЬ;;;;;;;;;;;;;;;;;;;;;;;;;;Input;ESD_001_1;ESD_001_7;25;;;;;;;;;;;;;;;;;;;;;;;;;;;;;;;;;;;;;;;;;;;;;;;;;;;;;;;;;;;;;;;;;;;;;;;;;;;;;;;;;;;;
DO;20HS990Q_EN;;FSC;2000;A_2000;ESD MOS EN AREA H-2005B;No;ЛОЖЬ;ЛОЖЬ;;79;;;;;;;0;;;;723;ЛОЖЬ;0;None;;;;;;1=ENABLED;;;;;;;Undefined;491;3428;;;;;;;;;;ЛОЖЬ;;;;;;;;;;;;;;;;;;;;;;;;;;;;;;;;;;;;;;;;;;;;;;;;;;;;;;;;;;;;;;;;;;;;;;;;;;;;;;;;;;;;;;;;;;;;;;;;;;;;;;;;;;;;;;Output;ESD_001_1;ESD_001_3;9;;;;
DO;20XL304;;PNL;2000;A_2000;ED TO V-2050;Yes;ЛОЖЬ;ЛОЖЬ;;262;;;;;;;0;;;;301;ЛОЖЬ;0;None;;;;;;1=LAMP ON;;;;;;;Undefined;491;3428;;01.07;5;6;1;Appl;;;;ЛОЖЬ;;;;;;;;;;;;;;;;;;;;;;Output;EPKS_CCB;ESD_001_1;466;;;;;;;;;;;;;;;;;;;;;;;;;;;;;;;;;;;;;;;;;;;;;;;;;;;;;;;;;;;;;;;;;;;;;;;;;;;;;;;;;;;;;;;;;;;;
DI;10XL182B_ON;;FSC;1000;A_1000;STOP P1042B FIRE - N. 05;No;ЛОЖЬ;ЛОЖЬ;;204;;;;;;;0;;;;2904;ЛОЖЬ;0;None;;;;;;1=LAMP ON;;;;;;;Undefined;491;3428;;;;;;Low;;;;ЛОЖЬ;;;;ЛОЖЬ;;;;;;;;;;;;;;;;;;;;;;;;;;;;;;;;;;Input;ESD_001_1;ESD_101_1;8;;;;;;;;;;;;;;;;;;;;;;;;;;;;;;;;;;;;;;;;;;;;;;;;;;;;;;;;;;;;;;;;;;;;;;;;;;;;
DO;20XL423A;;PNL;2000;A_2000;ACTIVATION EM BLOCK 5;Yes;ЛОЖЬ;ЛОЖЬ;;230;;;;;;;0;;;;161;ЛОЖЬ;0;None;;;;;;1=LAMP ON;;;;;;;Undefined;491;3428;;01.06;5;10;1;Appl;;;;ЛОЖЬ;;;;;;;;;;;;;;;;;;;;;;Output;EPKS_CCB;ESD_001_1;467;;;;;;;;;;;;;;;;;;;;;;;;;;;;;;;;;;;;;;;;;;;;;;;;;;;;;;;;;;;;;;;;;;;;;;;;;;;;;;;;;;;;;;;;;;;;
T;67_1;;;;;;;ЛОЖЬ;ЛОЖЬ;;67;;;;;;;;100 ms;10;;96;ЛОЖЬ;0;;;;;;;;;;;;;;Undefined;491;3428;Delayed OFF with constant timer value;;;;;;;;;ЛОЖЬ;;;;;;;;;;;;;;;;;;;;;;;;;;;;;;;;;;;;;;;;;;;;;;;;;;;;;;;;;;;;;;;;;;;;;;;;;;;;;;;;;;;;;;;;;;;;;;;;;;;;;;;;;;;;;;;;;;;;;
DI;20XL206B_ON;;FSC;2000;A_2000;P-2011/S EMERG. SD;No;ЛОЖЬ;ЛОЖЬ;;256;;;;;;;0;;;;1760;ЛОЖЬ;0;None;;;;;;1=LAMP ON;;;;;;;Undefined;491;3428;;;;;;Low;;;;ЛОЖЬ;;;;ЛОЖЬ;;;;;;;;;;;;;;;;;;;;;;;;;;;;;;;;;;;;;;;;;;;;;;;;;;;;;;;;;;;;;;;;;;Input;ESD_001_1;ESD_001_2;16;;;;;;;;;;;;;;;;;;;;;;;;;;;;;;;;;;;;;;;;;;;;
DI;58HS201D1;;PNL;5800;A_5800;MOS ENABLE AREA AH-58-1;Yes;ЛОЖЬ;ЛОЖЬ;;85;;;;;;;;;;;96;ЛОЖЬ;0;None;;;;;;1=ENABLE;;;;;;;Undefined;491;3428;;01.03;13;9;1;Hold;;;;ЛОЖЬ;;;;ЛОЖЬ;;;;;;;;;;;;;;;;;;Output;EPKS_CCB;ESD_001_1;468;;;;;;;;;;;;;;;;;;;;;;;;;;;;;;;;;;;;;;;;;;;;;;;;;;;;;;;;;;;;;;;;;;;;;;;;;;;;;;;;;;;;;;;;;;;;
DO;01_05_SNESD_FLT;;FSC;2000;S_B00_1;ESD_001_1-ESD_001_5;No;ЛОЖЬ;ЛОЖЬ;;19;;;;;;;0;;;;611;ЛОЖЬ;0;None;;;;;;0=FAULT;;;;;;;Undefined;491;3428;;;;;;;;;;ЛОЖЬ;;;;;;;;;;;;;;;;;;;;;;;;;;Output;ESD_001_1;ESD_001_5;0;;;;;;;;;;;;;;;;;;;;;;;;;;;;;;;;;;;;;;;;;;;;;;;;;;;;;;;;;;;;;;;;;;;;;;;;;;;;;;;;;;;;;;;;
DI;41XL707_ON;;FSC;4100;A_4100;OOS FFSLL016;No;ЛОЖЬ;ЛОЖЬ;;283;;;;;;;0;;;;1862;ЛОЖЬ;0;None;;;;;;1=INDICATING;;;;;;;Undefined;;;;;;;;Low;;;;ЛОЖЬ;ИСТИНА;;;ЛОЖЬ;;;;;;;;;;;;;;;;;;;;;;;;;;;;;;;;;;;;;;;;;;;;;;;;;;;;;;;;;;;;;;;;;;;;;;;;;;;;;;;;;;Input;ESD_001_1;ESD_411_1;22;;;;;;;;;;;;;;;;;;;;;;;;;;;;
DI;42XL056A_ON;;FSC;4200;A_4200;ACTIVATION OF EM.BLOCK 2;No;ЛОЖЬ;ЛОЖЬ;;284;;;;;;;0;;;;2812;ЛОЖЬ;0;None;;;;;;1=LAMP ON;;;;;;;Undefined;491;3428;;;;;;Low;;;;ЛОЖЬ;;;;ЛОЖЬ;;;;;;;;;;;;;;;;;;;;;;;;;;;;;;;;;;;;;;;;;;;;;;;;;;;;;;;;;;Input;ESD_001_1;ESD_411_2;12;;;;;;;;;;;;;;;;;;;;;;;;;;;;;;;;;;;;;;;;;;;;;;;;;;;;
DI;20XA300A_ON;;FSC;2000;A_2000;H-2005A EMERG. SD;No;ЛОЖЬ;ЛОЖЬ;;262;;;;;;;0;;;;1763;ЛОЖЬ;0;None;;;;;;1=LAMP ON;;;;;;;Undefined;491;3428;;;;;;Low;;;;ЛОЖЬ;;;;ЛОЖЬ;;;;;;;;;;;;;;;;;;;;;;;;;;;;;;;;;;;;;;;;;;;;;;;;;;;;;;;;;;;;;;;;;;Input;ESD_001_1;ESD_001_2;19;;;;;;;;;;;;;;;;;;;;;;;;;;;;;;;;;;;;;;;;;;;;
DO;41XL708;;PNL;;;;Yes;ЛОЖЬ;ЛОЖЬ;;281;;;;;;;0;;;;339;ЛОЖЬ;0;None;;;;;;1=LAMP ON;;;;;;;Undefined;;;;01.07;11;12;1;Appl;;;;ЛОЖЬ;ИСТИНА;;;;;;;;;;;;;;;;;;;;;;;;;;;;;;;;;;;;;;;;;;;;;;;;;;;;;;;;;;;;;;;;;;;;;;;;;;;;;;;;;;;;;;;;;;;;;;;;;;;;;;;;;;;;;;;;;;;;
DI;41XL213B_ON;;FSC;4100;A_4100;C-4104 EMERG. SD;No;ЛОЖЬ;ЛОЖЬ;;282;;;;;;;0;;;;1857;ЛОЖЬ;0;None;;;;;;1=LAMP ON;;;;;;;Undefined;491;3428;;;;;;Low;;;;ЛОЖЬ;;;;ЛОЖЬ;;;;;;;;;;;;;;;;;;;;;;;;;;;;;;;;;;;;;;;;;;;;;;;;;;;;;;;;;;;;;;;;;;;;;;;;;;;;;;;;;;Input;ESD_001_1;ESD_411_1;17;;;;;;;;;;;;;;;;;;;;;;;;;;;;
DI;43HS901B;;PNL;4300;A_43012;MOS RELEASE AREA 430-12;Yes;ЛОЖЬ;ЛОЖЬ;;47;;;;;;;;;;;59;ЛОЖЬ;0;None;;;;;;0=RELEASE;;;;;;;Undefined;491;3428;;01.03;7;4;1;Hold;;;;ЛОЖЬ;;;;ЛОЖЬ;;;;;;;;;;;;;;;;;;Output;EPKS_CCB;ESD_001_1;469;;;;;;;;;;;;;;;;;;;;;;;;;;;;;;;;;;;;;;;;;;;;;;;;;;;;;;;;;;;;;;;;;;;;;;;;;;;;;;;;;;;;;;;;;;;;
M;24_2;;;;;;;ЛОЖЬ;ЛОЖЬ;;24;;;;;;;0;;;;56;ЛОЖЬ;0;;;;;;;;;;;;;;Undefined;;;;;;;;;;;;ЛОЖЬ;ИСТИНА;;;;;;;;;;;;;;;;;;;;;;;;;;;;;;;;;;;;;;;;;;;;;;;;;;;;;;;;;;;;;;;;;;;;;;;;;;;;;;;;;;;;;;;;;;;;;;;;;;;;;;;;;;;;;;;;;;;;
M;21_238_12;;;;;03-01 - ESD001_3;;ЛОЖЬ;ЛОЖЬ;;238;;;;;;;0;;;;719;ЛОЖЬ;0;;;;;;;Blink on Failure;;;;;;;Undefined;491;3428;;;;;;;;;;ЛОЖЬ;;;;;;;;;;;;;;;;;;;;;;;;;;;;;;;;;;;;;;;;;;;;;;;;;;;;;;;;;;;;;;;;;;;;;;;;;;;;;;;;;;;;;;;;;;;;;;;;;;;;;;;;;;;;;;;;;;;;;
DO;51HS904_EN;;FSC;5100;A_5100;ESD MOS EN AREA 5100;No;ЛОЖЬ;ЛОЖЬ;;109;;;;;;;0;;;;754;ЛОЖЬ;0;None;;;;;;1=ENABLED;;;;;;;Undefined;491;3428;;;;;;;;;;ЛОЖЬ;;;;;;;;;;Output;ESD_001_1;ESD_511_1;5;;;;;;;;;;;;;;;;;;;;;;;;;;;;;;;;;;;;;;;;;;;;;;;;;;;;;;;;;;;;;;;;;;;;;;;;;;;;;;;;;;;;;;;;;;;;;;;;;;;;;;;;
DO;58XL201DB;;PNL;5800;A_5800;MOS ACT/REL AREA AH-58-1;Yes;ЛОЖЬ;ЛОЖЬ;;85;;;;;;;0;;;;241;ЛОЖЬ;0;None;;;;;;1=LAMP ON;;;;;;;Undefined;491;3428;;01.06;15;10;1;Appl;;;;ЛОЖЬ;;;;;;;;;;;;;;;;;;;;;;Output;EPKS_CCB;ESD_001_1;470;;;;;;;;;;;;;;;;;;;;;;;;;;;;;;;;;;;;;;;;;;;;;;;;;;;;;;;;;;;;;;;;;;;;;;;;;;;;;;;;;;;;;;;;;;;;
M;23_252_5;;;;;21-01 - ESD001_7;;ЛОЖЬ;ЛОЖЬ;;252;;;;;;;0;;;;735;ЛОЖЬ;0;;;;;;;Blink on Failure;;;;;;;Undefined;491;3428;;;;;;;;;;ЛОЖЬ;;;;;;;;;;;;;;;;;;;;;;;;;;;;;;;;;;;;;;;;;;;;;;;;;;;;;;;;;;;;;;;;;;;;;;;;;;;;;;;;;;;;;;;;;;;;;;;;;;;;;;;;;;;;;;;;;;;;;
DO;20HS990Q_REL;;FSC;2000;A_2000;ESD MOS REL AREA H-2005B;No;ЛОЖЬ;ЛОЖЬ;;79;;;;;;;0;;;;721;ЛОЖЬ;0;None;;;;;;1=RELEASED;;;;;;;Undefined;491;3428;;;;;;;;;;ЛОЖЬ;;;;;;;;;;;;;;;;;;;;;;;;;;;;;;;;;;;;;;;;;;;;;;;;;;;;;;;;;;;;;;;;;;;;;;;;;;;;;;;;;;;;;;;;;;;;;;;;;;;;;;;;;;;;;;Output;ESD_001_1;ESD_001_3;10;;;;
DO;30XL023B;;PNL;3000;A_P30_1;CLS XV023,094/ P-3003A/S;Yes;ЛОЖЬ;ЛОЖЬ;;206;;;;;;;0;;;;43;ЛОЖЬ;0;None;;;;;;1=LAMP ON;;;;;;;Undefined;491;3428;;01.05;5;4;1;Appl;;;;ЛОЖЬ;;;;;;;;;;;;;;;;;;;;;;Output;EPKS_CCB;ESD_001_1;471;;;;;;;;;;;;;;;;;;;;;;;;;;;;;;;;;;;;;;;;;;;;;;;;;;;;;;;;;;;;;;;;;;;;;;;;;;;;;;;;;;;;;;;;;;;;
DO;20XL278;;PNL;2000;A_2000;ED FROM V-2001;Yes;ЛОЖЬ;ЛОЖЬ;;262;;;;;;;0;;;;300;ЛОЖЬ;0;None;;;;;;1=LAMP ON;;;;;;;Undefined;491;3428;;01.07;5;5;1;Appl;;;;ЛОЖЬ;;;;;;;;;;;;;;;;;;;;;;Output;EPKS_CCB;ESD_001_1;473;;;;;;;;;;;;;;;;;;;;;;;;;;;;;;;;;;;;;;;;;;;;;;;;;;;;;;;;;;;;;;;;;;;;;;;;;;;;;;;;;;;;;;;;;;;;
DI;20HS990C1;;PNL;2000;A_2000;MOS ENABLE AREA 2000-3;Yes;ЛОЖЬ;ЛОЖЬ;;55;;;;;;;;;;;92;ЛОЖЬ;0;None;;;;;;1=ENABLE;;;;;;;Undefined;491;3428;;01.03;11;5;1;Hold;;;;ЛОЖЬ;;;;ЛОЖЬ;;;;;;;;;;;;;;;;;;Output;EPKS_CCB;ESD_001_1;474;;;;;;;;;;;;;;;;;;;;;;;;;;;;;;;;;;;;;;;;;;;;;;;;;;;;;;;;;;;;;;;;;;;;;;;;;;;;;;;;;;;;;;;;;;;;
DI;41XL009B_ON;;FSC;4100;A_4100;P-4101 EMERG. SD;No;ЛОЖЬ;ЛОЖЬ;;280;;;;;;;0;;;;1852;ЛОЖЬ;0;None;;;;;;1=LAMP ON;;;;;;;Undefined;491;3428;;;;;;Low;;;;ЛОЖЬ;;;;ЛОЖЬ;;;;;;;;;;;;;;;;;;;;;;;;;;;;;;;;;;;;;;;;;;;;;;;;;;;;;;;;;;;;;;;;;;;;;;;;;;;;;;;;;;Input;ESD_001_1;ESD_411_1;12;;;;;;;;;;;;;;;;;;;;;;;;;;;;
DI;41HS265G2;;PNL;4100;A_4100;MOS RELEASE AREA C-4104;Yes;ЛОЖЬ;ЛОЖЬ;;89;;;;;;;;;;;117;ЛОЖЬ;0;None;;;;;;0=RELEASE;;;;;;;Undefined;491;3428;;01.03;15;14;1;Hold;;;;ЛОЖЬ;;;;ЛОЖЬ;;;;;;;;;;;;;;;;;;Output;EPKS_CCB;ESD_001_1;476;;;;;;;;;;;;;;;;;;;;;;;;;;;;;;;;;;;;;;;;;;;;;;;;;;;;;;;;;;;;;;;;;;;;;;;;;;;;;;;;;;;;;;;;;;;;
DO;41XL156B;;PNL;4100;A_4100;H-4101B REFORM EMERG.SD;Yes;ЛОЖЬ;ЛОЖЬ;;282;;;;;;;0;;;;332;ЛОЖЬ;0;None;;;;;;1=LAMP ON;;;;;;;Undefined;491;3428;;01.07;9;5;1;Appl;;;;ЛОЖЬ;;;;;;;;;;;;;;;;;;;;;;Output;EPKS_CCB;ESD_001_1;477;;;;;;;;;;;;;;;;;;;;;;;;;;;;;;;;;;;;;;;;;;;;;;;;;;;;;;;;;;;;;;;;;;;;;;;;;;;;;;;;;;;;;;;;;;;;
DI;42XL011B_ON;;FSC;4200;A_4200;C-4202 EMERG. SD;No;ЛОЖЬ;ЛОЖЬ;;282;;;;;;;0;;;;2810;ЛОЖЬ;0;None;;;;;;1=LAMP ON;;;;;;;Undefined;491;3428;;;;;;Low;;;;ЛОЖЬ;;;;ЛОЖЬ;;;;;;;;;;;;;;;;;;;;;;;;;;;;;;;;;;;;;;;;;;;;;;;;;;;;;;;;;;Input;ESD_001_1;ESD_411_2;10;;;;;;;;;;;;;;;;;;;;;;;;;;;;;;;;;;;;;;;;;;;;;;;;;;;;
DI;06_01_SNESD_FLT;;FSC;;;;No;ЛОЖЬ;ЛОЖЬ;;21;;;;;;;0;;;;2530;ЛОЖЬ;0;None;;;;;;0=Fault;;;;;;;Undefined;491;3428;;;;;;Low;;;;ЛОЖЬ;;;;ЛОЖЬ;;;;;;;;;;;;;;;;;;;;;;;;;;;;;;Input;ESD_001_1;ESD_001_6;18;;;;;;;;;;;;;;;;;;;;;;;;;;;;;;;;;;;;;;;;;;;;;;;;;;;;;;;;;;;;;;;;;;;;;;;;;;;;;;;;
DI;20XV434A_R;;FSC;;;VALVE READY TO CLOSE;No;ЛОЖЬ;ЛОЖЬ;;242;;;;;;;0;;;;849;ЛОЖЬ;0;None;;;;;;1=READY;1=READY;;;;;;Undefined;;;;;;;;Low;;;;ЛОЖЬ;ИСТИНА;;;ЛОЖЬ;View only;;;;;;;;;;;;;Input;ESD_001_1;ESD_001_8;33;;;;;;;;;;;;;;;;;;;;;;;;;;;;;;;;;;;;;;;;;;;;;;;;;;;;;;;;;;;;;;;;;;;;;;;;;;;;;;;;;;;;;;;;;;;;;;;;
DO;20XL045B;;PNL;2000;A_P20_2;P-2024 EMERG. SD;Yes;ЛОЖЬ;ЛОЖЬ;;250;;;;;;;0;;;;264;ЛОЖЬ;0;None;;;;;;1=LAMP ON;;;;;;;Undefined;491;3428;;01.07;1;1;1;Appl;;;;ЛОЖЬ;;;;;;;;;;;;;;;;;;;;;;Output;EPKS_CCB;ESD_001_1;479;;;;;;;;;;;;;;;;;;;;;;;;;;;;;;;;;;;;;;;;;;;;;;;;;;;;;;;;;;;;;;;;;;;;;;;;;;;;;;;;;;;;;;;;;;;;
DI;10XL180B_ON;;FSC;1000;A_1000;GROUP SD AT FIRE - N. 02;No;ЛОЖЬ;ЛОЖЬ;;202;;;;;;;0;;;;1560;ЛОЖЬ;0;None;;;;;;1=LAMP ON;;;;;;;Undefined;491;3428;;;;;;Low;;;;ЛОЖЬ;;;;ЛОЖЬ;;Input;ESD_001_1;ESD_101_2;8;;;;;;;;;;;;;;;;;;;;;;;;;;;;;;;;;;;;;;;;;;;;;;;;;;;;;;;;;;;;;;;;;;;;;;;;;;;;;;;;;;;;;;;;;;;;;;;;;;;;;;;;;;;;
DI;20XL431A_ON;;FSC;2000;A_2000;ACTIVATION EM BLOCK 3;No;ЛОЖЬ;ЛОЖЬ;;230;;;;;;;0;;;;1371;ЛОЖЬ;0;None;;;;;;1=LAMP ON;;;;;;;Undefined;491;3428;;;;;;Low;;;;ЛОЖЬ;;;;ЛОЖЬ;;;;;;;;;;;;;;;;;;;;;;;;;;;;;;;;;;;;;;;;;;;;;;Input;ESD_001_1;ESD_001_4;11;;;;;;;;;;;;;;;;;;;;;;;;;;;;;;;;;;;;;;;;;;;;;;;;;;;;;;;;;;;;;;;;
DO;20XL242B;;PNL;2000;A_P20_1;P-2018/S EMERG. SD;Yes;ЛОЖЬ;ЛОЖЬ;;258;;;;;;;0;;;;272;ЛОЖЬ;0;None;;;;;;1=LAMP ON;;;;;;;Undefined;491;3428;;01.07;3;9;1;Appl;;;;ЛОЖЬ;;;;;;;;;;;;;;;;;;;;;;Output;EPKS_CCB;ESD_001_1;480;;;;;;;;;;;;;;;;;;;;;;;;;;;;;;;;;;;;;;;;;;;;;;;;;;;;;;;;;;;;;;;;;;;;;;;;;;;;;;;;;;;;;;;;;;;;
DO;10XL600KB;;PNL;1000;A_1000;MOS ACT/REL AREA H-1001A;Yes;ЛОЖЬ;ЛОЖЬ;;31;;;;;;;0;;;;25;ЛОЖЬ;0;None;;;;;;1=LAMP ON;;;;;;;Undefined;491;3428;;01.05;3;2;1;Appl;;;;ЛОЖЬ;;;;;;;;;;;;;;;;;;;;;;Output;EPKS_CCB;ESD_001_1;481;;;;;;;;;;;;;;;;;;;;;;;;;;;;;;;;;;;;;;;;;;;;;;;;;;;;;;;;;;;;;;;;;;;;;;;;;;;;;;;;;;;;;;;;;;;;
DO;20HS990H_REL;;FSC;2000;A_2000;ESD MOS REL AREA CH-20-3;No;ЛОЖЬ;ЛОЖЬ;;65;;;;;;;0;;;;686;ЛОЖЬ;0;None;;;;;;1=RELEASED;;;;;;;Undefined;491;3428;;;;;;;;;;ЛОЖЬ;;;;;;;;;;;;;;;;;;;;;;;;;;;;;;;;;;;;;;;;;;;;;;;;;;;;;;;;;;;;;;;;;;;;;;Output;ESD_001_1;ESD_001_2;10;;;;;;;;;;;;;;;;;;;;;;;;;;;;;;;;;;;;;;;;;;;;
DO;20XA300A;;PNL;2000;A_2000;H-2005A EMERG. SD;Yes;ЛОЖЬ;ЛОЖЬ;;262;;;;;;;0;;;;110;ЛОЖЬ;0;None;;;;;;1=LAMP ON;;;;;;;Undefined;491;3428;;01.05;13;7;1;Appl;;;;ЛОЖЬ;;;;;;;;;;;;;;;;;;;;;;Output;EPKS_CCB;ESD_001_1;482;;;;;;;;;;;;;;;;;;;;;;;;;;;;;;;;;;;;;;;;;;;;;;;;;;;;;;;;;;;;;;;;;;;;;;;;;;;;;;;;;;;;;;;;;;;;
DI;20HS990P1;;PNL;2000;A_2000;MOS ENABLE AREA H-2005A;Yes;ЛОЖЬ;ЛОЖЬ;;77;;;;;;;;;;;104;ЛОЖЬ;0;None;;;;;;1=ENABLE;;;;;;;Undefined;491;3428;;01.03;13;1;1;Hold;;;;ЛОЖЬ;;;;ЛОЖЬ;;;;;;;;;;;;;;;;;;Output;EPKS_CCB;ESD_001_1;483;;;;;;;;;;;;;;;;;;;;;;;;;;;;;;;;;;;;;;;;;;;;;;;;;;;;;;;;;;;;;;;;;;;;;;;;;;;;;;;;;;;;;;;;;;;;
DI;20HS846B_1;;PNL;2000;A_P20_1;TEST LAMPS ON SP1-2A;Yes;ЛОЖЬ;ЛОЖЬ;;61;;;;;;;;;;;72;ЛОЖЬ;0;None;;;;;;1=TEST;;;;;;;Undefined;491;3428;;01.03;9;1;1;Low;;;;ЛОЖЬ;;;;ЛОЖЬ;;;;;;;;;;;;;;;;;;Output;EPKS_CCB;ESD_001_1;484;;;;;;;;;;;;;;;;;;;;;;;;;;;;;;;;;;;;;;;;;;;;;;;;;;;;;;;;;;;;;;;;;;;;;;;;;;;;;;;;;;;;;;;;;;;;
DI;20XL006B_ON;;FSC;2000;A_2000;P-2001/S EMERG. SD;No;ЛОЖЬ;ЛОЖЬ;;238;;;;;;;0;;;;1376;ЛОЖЬ;0;None;;;;;;1=LAMP ON;;;;;;;Undefined;491;3428;;;;;;Low;;;;ЛОЖЬ;;;;ЛОЖЬ;;;;;;;;;;;;;;;;;;;;;;;;;;;;;;;;;;;;;;;;;;;;;;Input;ESD_001_1;ESD_001_4;16;;;;;;;;;;;;;;;;;;;;;;;;;;;;;;;;;;;;;;;;;;;;;;;;;;;;;;;;;;;;;;;;
DI;20XA031A_ON;;FSC;2000;A_2000;H-2001 EMERG. SD;No;ЛОЖЬ;ЛОЖЬ;;220;;;;;;;0;;;;1368;ЛОЖЬ;0;None;;;;;;1=LAMP ON;;;;;;;Undefined;491;3428;;;;;;Low;;;;ЛОЖЬ;;;;ЛОЖЬ;;;;;;;;;;;;;;;;;;;;;;;;;;;;;;;;;;;;;;;;;;;;;;Input;ESD_001_1;ESD_001_4;8;;;;;;;;;;;;;;;;;;;;;;;;;;;;;;;;;;;;;;;;;;;;;;;;;;;;;;;;;;;;;;;;
DI;20XV433A_R;;FSC;;;VALVE READY TO CLOSE;No;ЛОЖЬ;ЛОЖЬ;;234;;;;;;;0;;;;839;ЛОЖЬ;0;None;;;;;;1=READY;1=READY;;;;;;Undefined;;;;;;;;Low;;;;ЛОЖЬ;ИСТИНА;;;ЛОЖЬ;View only;;;;;;;;;;;;;Input;ESD_001_1;ESD_001_8;23;;;;;;;;;;;;;;;;;;;;;;;;;;;;;;;;;;;;;;;;;;;;;;;;;;;;;;;;;;;;;;;;;;;;;;;;;;;;;;;;;;;;;;;;;;;;;;;;
M;21_224_10;;;;;05-01 - ESD001_5;;ЛОЖЬ;ЛОЖЬ;;224;;;;;;;0;;;;679;ЛОЖЬ;0;;;;;;;Blink on Failure;;;;;;;Undefined;491;3428;;;;;;;;;;ЛОЖЬ;;;;;;;;;;;;;;;;;;;;;;;;;;;;;;;;;;;;;;;;;;;;;;;;;;;;;;;;;;;;;;;;;;;;;;;;;;;;;;;;;;;;;;;;;;;;;;;;;;;;;;;;;;;;;;;;;;;;;
DO;20XL589B;;PNL;2000;A_2000;C-2003A/B/S EMERG. SD;Yes;ЛОЖЬ;ЛОЖЬ;;236;;;;;;;0;;;;146;ЛОЖЬ;0;None;;;;;;1=LAMP ON;;;;;;;Undefined;491;3428;;01.06;3;11;1;Appl;;;;ЛОЖЬ;;;;;;;;;;;;;;;;;;;;;;Output;EPKS_CCB;ESD_001_1;486;;;;;;;;;;;;;;;;;;;;;;;;;;;;;;;;;;;;;;;;;;;;;;;;;;;;;;;;;;;;;;;;;;;;;;;;;;;;;;;;;;;;;;;;;;;;
DO;20XL147;;PNL;2000;A_2000;ED FROM V-2010;Yes;ЛОЖЬ;ЛОЖЬ;;252;;;;;;;0;;;;271;ЛОЖЬ;0;None;;;;;;1=LAMP ON;;;;;;;Undefined;491;3428;;01.07;1;8;1;Appl;;;;ЛОЖЬ;;;;;;;;;;;;;;;;;;;;;;Output;EPKS_CCB;ESD_001_1;487;;;;;;;;;;;;;;;;;;;;;;;;;;;;;;;;;;;;;;;;;;;;;;;;;;;;;;;;;;;;;;;;;;;;;;;;;;;;;;;;;;;;;;;;;;;;
DI;20HS846D;;PNL;2000;A_P20_1;TEST LAMPS ON SP1-4;Yes;ЛОЖЬ;ЛОЖЬ;;105;;;;;;;;;;;159;ЛОЖЬ;0;None;;;;;;1=TEST;;;;;;;Undefined;491;3428;;01.04;3;8;1;Low;;;;ЛОЖЬ;;;;ЛОЖЬ;;;;;;;;;;;;;;;;;;Output;EPKS_CCB;ESD_001_1;488;;;;;;;;;;;;;;;;;;;;;;;;;;;;;;;;;;;;;;;;;;;;;;;;;;;;;;;;;;;;;;;;;;;;;;;;;;;;;;;;;;;;;;;;;;;;
DI;00XS001E01P02;;CAB;2000;S_B001;CB001 ESD-01 ALARM PS 02;Yes;ЛОЖЬ;ЛОЖЬ;;18;;;;;;;;;;;9;ЛОЖЬ;0;None;;;;;;0=ALARM;;;;;;;Undefined;491;3428;;01.03;1;2;1;Low;;;;ЛОЖЬ;;;;ЛОЖЬ;;;;;;;;;;;;;;;;;;Output;EPKS_CCB;ESD_001_1;489;;;;;;;;;;;;;;;;;;;;;;;;;;;;;;;;;;;;;;;;;;;;;;;;;;;;;;;;;;;;;;;;;;;;;;;;;;;;;;;;;;;;;;;;;;;;
DO;58HS201A_EN;;FSC;5800;A_5800;ESD MOS EN AREA 5800;No;ЛОЖЬ;ЛОЖЬ;;83;;;;;;;0;;;;732;ЛОЖЬ;0;None;;;;;;1=ENABLED;;;;;;;Undefined;491;3428;;;;;;;;;;ЛОЖЬ;;;;;;;;;;;;;;;;;;;;;;;;;;;;;;Output;ESD_001_1;ESD_001_7;11;;;;;;;;;;;;;;;;;;;;;;;;;;;;;;;;;;;;;;;;;;;;;;;;;;;;;;;;;;;;;;;;;;;;;;;;;;;;;;;;;;;;
DI;21XA002_ON;;FSC;2100;A_2000;FIRE ALARM IN CR;No;ЛОЖЬ;ЛОЖЬ;;236;;;;;;;0;;;;1380;ЛОЖЬ;0;None;;;;;;1=LAMP ON;;;;;;;Undefined;491;3428;;;;;;Low;;;;ЛОЖЬ;;;;ЛОЖЬ;;;;;;;;;;;;;;;;;;;;;;;;;;;;;;;;;;;;;;;;;;;;;;Input;ESD_001_1;ESD_001_4;20;;;;;;;;;;;;;;;;;;;;;;;;;;;;;;;;;;;;;;;;;;;;;;;;;;;;;;;;;;;;;;;;
DO;30XL017;;PNL;3000;A_3000;STEAM EMERG.TO H-3001;Yes;ЛОЖЬ;ЛОЖЬ;;204;;;;;;;0;;;;41;ЛОЖЬ;0;None;;;;;;1=LAMP ON;;;;;;;Undefined;491;3428;;01.05;5;2;1;Appl;;;;ЛОЖЬ;;;;;;;;;;;;;;;;;;;;;;Output;EPKS_CCB;ESD_001_1;490;;;;;;;;;;;;;;;;;;;;;;;;;;;;;;;;;;;;;;;;;;;;;;;;;;;;;;;;;;;;;;;;;;;;;;;;;;;;;;;;;;;;;;;;;;;;
T;16_1;;;;;;;ЛОЖЬ;ЛОЖЬ;;16;;;;;;;;100 ms;30;;152;ЛОЖЬ;0;;;;;;;;;;;;;;Undefined;;;Delayed OFF with constant timer value;;;;;;;;;ЛОЖЬ;ИСТИНА;;;;;;;;;;;;;;;;;;;;;;;;;;;;;;;;;;;;;;;;;;;;;;;;;;;;;;;;;;;;;;;;;;;;;;;;;;;;;;;;;;;;;;;;;;;;;;;;;;;;;;;;;;;;;;;;;;;;
DI;21XA302_ON;;FSC;2100;A_2000;INTERNAL FIRE ALARM;No;ЛОЖЬ;ЛОЖЬ;;236;;;;;;;0;;;;2169;ЛОЖЬ;0;None;;;;;;1=LAMP ON;;;;;;;Undefined;491;3428;;;;;;Low;;;;ЛОЖЬ;;;;ЛОЖЬ;;;;;;;;;;;;;;;;;;;;;;;;;;Input;ESD_001_1;ESD_001_7;41;;;;;;;;;;;;;;;;;;;;;;;;;;;;;;;;;;;;;;;;;;;;;;;;;;;;;;;;;;;;;;;;;;;;;;;;;;;;;;;;;;;;
DI;16_01_SNESD_FLT;;FSC;;;;No;ЛОЖЬ;ЛОЖЬ;;23;;;;;;;0;;;;1458;ЛОЖЬ;0;None;;;;;;0=Fault;;;;;;;Undefined;491;3428;;;;;;Low;;;;ЛОЖЬ;;;;ЛОЖЬ;;;;;;;;;;;;;;;;;;;;;;;;;;;;;;;;;;;;;;;;;;;;;;;;;;;;;;;;;;;;;;;;;;;;;;;;;;;;;;;;;;;;;;;;;;;;;;;;;;;;;;;;;;;;;;Input;ESD_001_1;ESD_861_1;2
DO;58XL201AA;;PNL;5800;A_5800;MOS ENABLED AREA 5800;Yes;ЛОЖЬ;ЛОЖЬ;;83;;;;;;;0;;;;254;ЛОЖЬ;0;None;;;;;;1=LAMP ON;;;;;;;Undefined;491;3428;;01.06;15;7;1;Appl;;;;ЛОЖЬ;;;;;;;;;;;;;;;;;;;;;;Output;EPKS_CCB;ESD_001_1;491;;;;;;;;;;;;;;;;;;;;;;;;;;;;;;;;;;;;;;;;;;;;;;;;;;;;;;;;;;;;;;;;;;;;;;;;;;;;;;;;;;;;;;;;;;;;
DO;20XL568B;;PNL;2000;A_2000;INT SELEC REGEN STAGES;Yes;ЛОЖЬ;ЛОЖЬ;;234;;;;;;;0;;;;147;ЛОЖЬ;0;None;;;;;;1=LAMP ON;;;;;;;Undefined;491;3428;;01.06;3;12;1;Appl;;;;ЛОЖЬ;;;;;;;;;;;;;;;;;;;;;;Output;EPKS_CCB;ESD_001_1;492;;;;;;;;;;;;;;;;;;;;;;;;;;;;;;;;;;;;;;;;;;;;;;;;;;;;;;;;;;;;;;;;;;;;;;;;;;;;;;;;;;;;;;;;;;;;
DO;01_16_SNESD_FLT;;FSC;;;ESD_001_1-ESD_861_1;No;ЛОЖЬ;ЛОЖЬ;;20;;;;;;;0;;;;765;ЛОЖЬ;0;None;;;;;;0=FAULT;;;;;;;Undefined;491;3428;;;;;;;;;;ЛОЖЬ;;;;;;;;;;;;;;;;;;;;;;;;;;;;;;;;;;;;;;;;;;;;;;;;;;;;;;;;;;;;;;;;;;;;;;;;;;;;;;;;;;;;;;;;;;;;;;;;;;;;;;;;;;;;;;;;;;Output;ESD_001_1;ESD_861_1;0
DI;1-ExtComFaultCC1;;SYS;;;Ext com fault Com ch 1;Yes;ЛОЖЬ;;;16;;;;;;;;;;;6;ЛОЖЬ;0;None;;;;;;;;;;;;;Undefined;491;3428;;;;;;;;;;ЛОЖЬ;;;;ЛОЖЬ;;;;;;;;;;;;;;;;;;;;;;;;;;;;;;;;;;;;;;;;;;;;;;;;;;;;;;;;;;;;;;;;;;;;;;;;;;;;;;;;;;;;;;;;;;;;;;;;;;;;;;;;;;;;;;;;;
DO;30XL121;;PNL;3000;A_3000;GROUP SD AT FIRE - N. 03;Yes;ЛОЖЬ;ЛОЖЬ;;208;;;;;;;0;;;;35;ЛОЖЬ;0;None;;;;;;1=LAMP ON;;;;;;;Undefined;491;3428;;01.05;5;12;1;Appl;;;;ЛОЖЬ;;;;;;;;;;;;;;;;;;;;;;Output;EPKS_CCB;ESD_001_1;493;;;;;;;;;;;;;;;;;;;;;;;;;;;;;;;;;;;;;;;;;;;;;;;;;;;;;;;;;;;;;;;;;;;;;;;;;;;;;;;;;;;;;;;;;;;;
DO;20XA141A;;PNL;2000;A_2000;H-2004 EMERG. SD;Yes;ЛОЖЬ;ЛОЖЬ;;252;;;;;;;0;;;;270;ЛОЖЬ;0;None;;;;;;1=LAMP ON;;;;;;;Undefined;491;3428;;01.07;1;7;1;Appl;;;;ЛОЖЬ;;;;;;;;;;;;;;;;;;;;;;Output;EPKS_CCB;ESD_001_1;494;;;;;;;;;;;;;;;;;;;;;;;;;;;;;;;;;;;;;;;;;;;;;;;;;;;;;;;;;;;;;;;;;;;;;;;;;;;;;;;;;;;;;;;;;;;;
DI;10XL602KB_ON_08;;FSC;1000;A_1000;ESD MOS ACT AREA 1000;No;ЛОЖЬ;ЛОЖЬ;;35;;;;;;;0;;;;2899;ЛОЖЬ;0;None;;;;;;1=LAMP ON;;;;;;;Undefined;491;3428;;;;;;Low;;;;ЛОЖЬ;;;;ЛОЖЬ;;;;;;;;;;;;;;;;;;;;;;;;;;;;;;;;;;Input;ESD_001_1;ESD_101_1;3;;;;;;;;;;;;;;;;;;;;;;;;;;;;;;;;;;;;;;;;;;;;;;;;;;;;;;;;;;;;;;;;;;;;;;;;;;;;
DI;41XSC003_SNESD;;FSC;;;41XV003 CLOSE;No;ЛОЖЬ;ЛОЖЬ;;285;;;;;;;0;;;;1877;ЛОЖЬ;0;None;;;;;;1=CLOSE;1=CLOSE;;;;;;Undefined;;;;;;;;Low;;;;ЛОЖЬ;ИСТИНА;;;ЛОЖЬ;View only;;;;;;;;;;;;;;;;;;;;;;;;;;;;;;;;;;;;;;;;;;;;;;;;;;;;;;;;;;;;;;;;;;;;;;;;;;;;;;;;;Input;ESD_001_1;ESD_411_1;37;;;;;;;;;;;;;;;;;;;;;;;;;;;;
DI;20HS990B1;;PNL;2000;A_2000;MOS ENABLE AREA 2000-2;Yes;ЛОЖЬ;ЛОЖЬ;;53;;;;;;;;;;;90;ЛОЖЬ;0;None;;;;;;1=ENABLE;;;;;;;Undefined;491;3428;;01.03;11;3;1;Hold;;;;ЛОЖЬ;;;;ЛОЖЬ;;;;;;;;;;;;;;;;;;Output;EPKS_CCB;ESD_001_1;495;;;;;;;;;;;;;;;;;;;;;;;;;;;;;;;;;;;;;;;;;;;;;;;;;;;;;;;;;;;;;;;;;;;;;;;;;;;;;;;;;;;;;;;;;;;;
DI;20HS990D2;;PNL;2000;A_2000;MOS RELEASE AREA 2000-4;Yes;ЛОЖЬ;ЛОЖЬ;;57;;;;;;;;;;;95;ЛОЖЬ;0;None;;;;;;0=RELEASE;;;;;;;Undefined;491;3428;;01.03;11;8;1;Hold;;;;ЛОЖЬ;;;;ЛОЖЬ;;;;;;;;;;;;;;;;;;Output;EPKS_CCB;ESD_001_1;496;;;;;;;;;;;;;;;;;;;;;;;;;;;;;;;;;;;;;;;;;;;;;;;;;;;;;;;;;;;;;;;;;;;;;;;;;;;;;;;;;;;;;;;;;;;;
DO;41XL265BB;;PNL;4100;A_4100;MOS ACT/REL AREA 4100;Yes;ЛОЖЬ;ЛОЖЬ;;91;;;;;;;0;;;;313;ЛОЖЬ;0;None;;;;;;1=LAMP ON;;;;;;;Undefined;491;3428;;01.07;7;2;1;Appl;;;;ЛОЖЬ;;;;;;;;;;;;;;;;;;;;;;Output;EPKS_CCB;ESD_001_1;497;;;;;;;;;;;;;;;;;;;;;;;;;;;;;;;;;;;;;;;;;;;;;;;;;;;;;;;;;;;;;;;;;;;;;;;;;;;;;;;;;;;;;;;;;;;;
DI;20HS990G1;;PNL;2000;A_2000;MOS ENABLE AREA CH-20-2;Yes;ЛОЖЬ;ЛОЖЬ;;63;;;;;;;;;;;82;ЛОЖЬ;0;None;;;;;;1=ENABLE;;;;;;;Undefined;491;3428;;01.03;11;11;1;Hold;;;;ЛОЖЬ;;;;ЛОЖЬ;;;;;;;;;;;;;;;;;;Output;EPKS_CCB;ESD_001_1;499;;;;;;;;;;;;;;;;;;;;;;;;;;;;;;;;;;;;;;;;;;;;;;;;;;;;;;;;;;;;;;;;;;;;;;;;;;;;;;;;;;;;;;;;;;;;
DI;21XA546_ON;;FSC;2100;A_2000;FIRE ALARM IN CR;No;ЛОЖЬ;ЛОЖЬ;;238;;;;;;;0;;;;2256;ЛОЖЬ;0;None;;;;;;1=LAMP ON;;;;;;;Undefined;491;3428;;;;;;Low;;;;ЛОЖЬ;;;;ЛОЖЬ;;;;;;;;;;;;;;;;;;;;;;;;;;;;;;;;;;;;;;;;;;;;;;;;;;;;;;;;;;;;;;;;;;;;;;;;;;;;;;;;;;;;;;;;;;;;;;;;;;;;;;;;;;Input;ESD_001_1;ESD_001_3;32;;;;
DO;51XL904KB;;PNL;5100;A_5100;MOS ACT/REL AREA 5100;Yes;ЛОЖЬ;ЛОЖЬ;;109;;;;;;;0;;;;367;ЛОЖЬ;0;None;;;;;;1=LAMP ON;;;;;;;Undefined;491;3428;;01.07;13;8;1;Appl;;;;ЛОЖЬ;;;;;;;;;;;;;;;;;;;;;;Output;EPKS_CCB;ESD_001_1;500;;;;;;;;;;;;;;;;;;;;;;;;;;;;;;;;;;;;;;;;;;;;;;;;;;;;;;;;;;;;;;;;;;;;;;;;;;;;;;;;;;;;;;;;;;;;
DI;22XL478A_ON;;FSC;2200;A_2000;C-2004B SHUTDOWN;No;ЛОЖЬ;ЛОЖЬ;;264;;;;;;;0;;;;1766;ЛОЖЬ;0;None;;;;;;1=LAMP ON;;;;;;;Undefined;491;3428;;;;;;Low;;;;ЛОЖЬ;;;;ЛОЖЬ;;;;;;;;;;;;;;;;;;;;;;;;;;;;;;;;;;;;;;;;;;;;;;;;;;;;;;;;;;;;;;;;;;Input;ESD_001_1;ESD_001_2;22;;;;;;;;;;;;;;;;;;;;;;;;;;;;;;;;;;;;;;;;;;;;
DI;20XL990LB_ON_05;;FSC;2000;A_2000;ESD MOS ACT AREA H-2002;No;ЛОЖЬ;ЛОЖЬ;;71;;;;;;;0;;;;1953;ЛОЖЬ;0;None;;;;;;1=LAMP ON;;;;;;;Undefined;491;3428;;;;;;Low;;;;ЛОЖЬ;;;;ЛОЖЬ;;;;;;;;;;;;;;;;;;;;;;Input;ESD_001_1;ESD_001_5;17;;;;;;;;;;;;;;;;;;;;;;;;;;;;;;;;;;;;;;;;;;;;;;;;;;;;;;;;;;;;;;;;;;;;;;;;;;;;;;;;;;;;;;;;
T;97_1;;;;;;;ЛОЖЬ;ЛОЖЬ;;97;;;;;;;;100 ms;10;;52;ЛОЖЬ;0;;;;;;;;;;;;;;Undefined;491;3428;Delayed OFF with constant timer value;;;;;;;;;ЛОЖЬ;;;;;;;;;;;;;;;;;;;;;;;;;;;;;;;;;;;;;;;;;;;;;;;;;;;;;;;;;;;;;;;;;;;;;;;;;;;;;;;;;;;;;;;;;;;;;;;;;;;;;;;;;;;;;;;;;;;;;
DO;41XLO003;;PNL;;;41XV003 OPENED;Yes;ЛОЖЬ;ЛОЖЬ;;285;;;;;;;0;;;;463;ЛОЖЬ;0;None;;;;;;1=OPENED;1=OPENED;;;;;;Undefined;;;;01.07;17;8;1;Appl;;;;ЛОЖЬ;ИСТИНА;;;;;;;;;;;;;;;;;;;;;;;;;;;;;;;;;;;;;;;;;;;;;;;;;;;;;;;;;;;;;;;;;;;;;;;;;;;;;;;;;;;;;;;;;;;;;;;;;;;;;;;;;;;;;;;;;;;;
DI;20HS990A1;;PNL;2000;A_2000;MOS ENABLE AREA 2000-1;Yes;ЛОЖЬ;ЛОЖЬ;;51;;;;;;;;;;;88;ЛОЖЬ;0;None;;;;;;1=ENABLE;;;;;;;Undefined;491;3428;;01.03;11;1;1;Hold;;;;ЛОЖЬ;;;;ЛОЖЬ;;;;;;;;;;;;;;;;;;Output;EPKS_CCB;ESD_001_1;502;;;;;;;;;;;;;;;;;;;;;;;;;;;;;;;;;;;;;;;;;;;;;;;;;;;;;;;;;;;;;;;;;;;;;;;;;;;;;;;;;;;;;;;;;;;;
DI;19_01_SNESD_FLT;;FSC;;;;No;ЛОЖЬ;ЛОЖЬ;;23;;;;;;;0;;;;2708;ЛОЖЬ;0;None;;;;;;0=Fault;;;;;;;Undefined;491;3428;;;;;;Low;;;;ЛОЖЬ;;;;ЛОЖЬ;;;;;;;;;;;;;;;;;;;;;;;;;;;;;;;;;;;;;;;;;;;;;;;;;;;;;;;;;;;;;;;;;;;;;;;;;;;;;;;;;;;;;;Input;ESD_001_1;ESD_931_1;4;;;;;;;;;;;;;;;;;;;;;;;;
DO;20XL011;;PNL;2000;A_2000;20XV 011 CLOSE;Yes;ЛОЖЬ;ЛОЖЬ;;220;;;;;;;0;;;;136;ЛОЖЬ;0;None;;;;;;1=LAMP ON;;;;;;;Undefined;491;3428;;01.06;1;1;1;Appl;;;;ЛОЖЬ;;;;;;;;;;;;;;;;;;;;;;Output;EPKS_CCB;ESD_001_1;503;;;;;;;;;;;;;;;;;;;;;;;;;;;;;;;;;;;;;;;;;;;;;;;;;;;;;;;;;;;;;;;;;;;;;;;;;;;;;;;;;;;;;;;;;;;;
M;22_284_8;;;;;11-01 - ESD411_1;;ЛОЖЬ;ЛОЖЬ;;284;;;;;;;0;;;;79;ЛОЖЬ;0;;;;;;;Blink on Failure;;;;;;;Undefined;;;;;;;;;;;;ЛОЖЬ;ИСТИНА;;;;;;;;;;;;;;;;;;;;;;;;;;;;;;;;;;;;;;;;;;;;;;;;;;;;;;;;;;;;;;;;;;;;;;;;;;;;;;;;;;;;;;;;;;;;;;;;;;;;;;;;;;;;;;;;;;;;
DO;10XL152B;;PNL;1000;A_1000;10XV152;Yes;ЛОЖЬ;ЛОЖЬ;;200;;;;;;;0;;;;12;ЛОЖЬ;0;None;;;;;;1=LAMP ON;;;;;;;Undefined;491;3428;;01.05;1;5;1;Appl;;;;ЛОЖЬ;;;;;;;;;;;;;;;;;;;;;;Output;EPKS_CCB;ESD_001_1;504;;;;;;;;;;;;;;;;;;;;;;;;;;;;;;;;;;;;;;;;;;;;;;;;;;;;;;;;;;;;;;;;;;;;;;;;;;;;;;;;;;;;;;;;;;;;
DI;20XL016B_ON;;FSC;2000;A_2000;C-2003B SHUTDOWN;No;ЛОЖЬ;ЛОЖЬ;;220;;;;;;;0;;;;2244;ЛОЖЬ;0;None;;;;;;1=LAMP ON;;;;;;;Undefined;491;3428;;;;;;Low;;;;ЛОЖЬ;;;;ЛОЖЬ;;;;;;;;;;;;;;;;;;;;;;;;;;;;;;;;;;;;;;;;;;;;;;;;;;;;;;;;;;;;;;;;;;;;;;;;;;;;;;;;;;;;;;;;;;;;;;;;;;;;;;;;;;Input;ESD_001_1;ESD_001_3;20;;;;
M;61_71_1;;;;;20HS846B_1;;ЛОЖЬ;ЛОЖЬ;;71;;;;;;;0;;;;697;ЛОЖЬ;0;;;;;;;1=TEST;;;;;;;Undefined;491;3428;;;;;;;;;;ЛОЖЬ;;;;;;;;;;;;;;;;;;;;;;;;;;;;;;;;;;;;;;;;;;;;;;;;;;;;;;;;;;;;;;;;;;;;;;;;;;;;;;;;;;;;;;;;;;;;;;;;;;;;;;;;;;;;;;;;;;;;;
DI;51HS904B;;PNL;5100;A_5100;MOS RELEASE AREA 5100;Yes;ЛОЖЬ;ЛОЖЬ;;109;;;;;;;;;;;157;ЛОЖЬ;0;None;;;;;;0=RELEASE;;;;;;;Undefined;491;3428;;01.04;3;6;1;Hold;;;;ЛОЖЬ;;;;ЛОЖЬ;;;;;;;;;;;;;;;;;;Output;EPKS_CCB;ESD_001_1;505;;;;;;;;;;;;;;;;;;;;;;;;;;;;;;;;;;;;;;;;;;;;;;;;;;;;;;;;;;;;;;;;;;;;;;;;;;;;;;;;;;;;;;;;;;;;
DO;41HS265D_EN;;FSC;4100;A_4100;ESD MOS EN AREA H4101A;No;ЛОЖЬ;ЛОЖЬ;;93;;;;;;;0;;;;593;ЛОЖЬ;0;None;;;;;;1=ENABLED;;;;;;;Undefined;491;3428;;;;;;;;;;ЛОЖЬ;;;;;;;;;;;;;;;;;;;;;;;;;;;;;;;;;;;;;;;;;;;;;;;;;;;;;;;;;;;;;;;;;;;;;;;;;;;;;;;;;;;;;;Output;ESD_001_1;ESD_411_1;7;;;;;;;;;;;;;;;;;;;;;;;;;;;;
DI;30HS706A;;PNL;3000;A_3000;MOS ENABLE AREA 3000;Yes;ЛОЖЬ;ЛОЖЬ;;43;;;;;;;;;;;40;ЛОЖЬ;0;None;;;;;;1=ENABLE;;;;;;;Undefined;491;3428;;01.03;5;1;1;Hold;;;;ЛОЖЬ;;;;ЛОЖЬ;;;;;;;;;;;;;;;;;;Output;EPKS_CCB;ESD_001_1;506;;;;;;;;;;;;;;;;;;;;;;;;;;;;;;;;;;;;;;;;;;;;;;;;;;;;;;;;;;;;;;;;;;;;;;;;;;;;;;;;;;;;;;;;;;;;
DI;10_01_SNESD_FLT;;FSC;3000;;;No;ЛОЖЬ;ЛОЖЬ;;22;;;;;;;0;;;;2345;ЛОЖЬ;0;None;;;;;;0=Fault;;;;;;;Undefined;491;3428;;;;;;Low;;;;ЛОЖЬ;;;;ЛОЖЬ;;;;;;;;;;;;;;;;;;;;;;;;;;;;;;;;;;;;;;;;;;;;;;;;;;;;;;;;;;;;;;;;;;;;;;;;;;;;;;;;;;;;;;;;;;Input;ESD_001_1;ESD_301_1;25;;;;;;;;;;;;;;;;;;;;
M;21_266_14;;;;;02-01 - ESD001_2;;ЛОЖЬ;ЛОЖЬ;;266;;;;;;;0;;;;38;ЛОЖЬ;0;;;;;;;Blink on Failure;;;;;;;Undefined;;;;;;;;;;;;ЛОЖЬ;ИСТИНА;;;;;;;;;;;;;;;;;;;;;;;;;;;;;;;;;;;;;;;;;;;;;;;;;;;;;;;;;;;;;;;;;;;;;;;;;;;;;;;;;;;;;;;;;;;;;;;;;;;;;;;;;;;;;;;;;;;;
DI;20XL990CB_ON_07;;FSC;4100;;ESD MOS ACT AREA 2000-3;No;ЛОЖЬ;ЛОЖЬ;;55;;;;;;;0;;;;2133;ЛОЖЬ;0;None;;;;;;1=LAMP ON;;;;;;;Undefined;491;3428;;;;;;Low;;;;ЛОЖЬ;;;;ЛОЖЬ;;;;;;;;;;;;;;;;;;;;;;;;;;Input;ESD_001_1;ESD_001_7;5;;;;;;;;;;;;;;;;;;;;;;;;;;;;;;;;;;;;;;;;;;;;;;;;;;;;;;;;;;;;;;;;;;;;;;;;;;;;;;;;;;;;
DO;58HS201D_REL;;FSC;5800;A_5800;ESD MOS REL AREA 5800-3/4;No;ЛОЖЬ;ЛОЖЬ;;85;;;;;;;0;;;;740;ЛОЖЬ;0;None;;;;;;1=RELEASED;;;;;;;Undefined;491;3428;;;;;;;;;;ЛОЖЬ;;;;;;;;;;;;;;;;;;;;;;;;;;;;;;;;;;;;;;;;;;;;;;;;;;;;;;;;;;;;;;Output;ESD_001_1;ESD_411_2;2;;;;;;;;;;;;;;;;;;;;;;;;;;;;;;;;;;;;;;;;;;;;;;;;;;;;
DI;20XL236B_ON;;FSC;2000;A_2000;P-2017/S EMERG. SD;No;ЛОЖЬ;ЛОЖЬ;;258;;;;;;;0;;;;2157;ЛОЖЬ;0;None;;;;;;1=LAMP ON;;;;;;;Undefined;491;3428;;;;;;Low;;;;ЛОЖЬ;;;;ЛОЖЬ;;;;;;;;;;;;;;;;;;;;;;;;;;Input;ESD_001_1;ESD_001_7;29;;;;;;;;;;;;;;;;;;;;;;;;;;;;;;;;;;;;;;;;;;;;;;;;;;;;;;;;;;;;;;;;;;;;;;;;;;;;;;;;;;;;
M;23_250_5;;;;;21-01 - ESD001_7;;ЛОЖЬ;ЛОЖЬ;;250;;;;;;;0;;;;734;ЛОЖЬ;0;;;;;;;Blink on Failure;;;;;;;Undefined;491;3428;;;;;;;;;;ЛОЖЬ;;;;;;;;;;;;;;;;;;;;;;;;;;;;;;;;;;;;;;;;;;;;;;;;;;;;;;;;;;;;;;;;;;;;;;;;;;;;;;;;;;;;;;;;;;;;;;;;;;;;;;;;;;;;;;;;;;;;;
T;79_1;;;;;;;ЛОЖЬ;ЛОЖЬ;;79;;;;;;;;100 ms;10;;120;ЛОЖЬ;0;;;;;;;;;;;;;;Undefined;491;3428;Delayed OFF with constant timer value;;;;;;;;;ЛОЖЬ;;;;;;;;;;;;;;;;;;;;;;;;;;;;;;;;;;;;;;;;;;;;;;;;;;;;;;;;;;;;;;;;;;;;;;;;;;;;;;;;;;;;;;;;;;;;;;;;;;;;;;;;;;;;;;;;;;;;;
DI;20XL281A_ON;;FSC;2000;H-2006;EMERGENCY STEAM TO H-2006 VALVE OP;No;ЛОЖЬ;ЛОЖЬ;;240;;;;;;;0;;;;2531;ЛОЖЬ;0;None;;;;;;1=LAMP ON;;;;;;;Undefined;;;;;;;;Low;;;;ЛОЖЬ;ИСТИНА;;;ЛОЖЬ;;;;;;;;;;;;;;;;;;;;;;;;;;;;;;Input;ESD_001_1;ESD_001_6;19;;;;;;;;;;;;;;;;;;;;;;;;;;;;;;;;;;;;;;;;;;;;;;;;;;;;;;;;;;;;;;;;;;;;;;;;;;;;;;;;
DI;30XL118_ON;;FSC;3000;A_3000;STOP P-3021 FIRE - N. 02;No;ЛОЖЬ;ЛОЖЬ;;208;;;;;;;0;;;;2336;ЛОЖЬ;0;None;;;;;;1=LAMP ON;;;;;;;Undefined;491;3428;;;;;;Low;;;;ЛОЖЬ;;;;ЛОЖЬ;;;;;;;;;;;;;;;;;;;;;;;;;;;;;;;;;;;;;;;;;;;;;;;;;;;;;;;;;;;;;;;;;;;;;;;;;;;;;;;;;;;;;;;;;;Input;ESD_001_1;ESD_301_1;16;;;;;;;;;;;;;;;;;;;;
DO;30XL047B;;PNL;3000;A_3000;C-3001A EMERG. SD;Yes;ЛОЖЬ;ЛОЖЬ;;206;;;;;;;0;;;;45;ЛОЖЬ;0;None;;;;;;1=LAMP ON;;;;;;;Undefined;491;3428;;01.05;5;6;1;Appl;;;;ЛОЖЬ;;;;;;;;;;;;;;;;;;;;;;Output;EPKS_CCB;ESD_001_1;508;;;;;;;;;;;;;;;;;;;;;;;;;;;;;;;;;;;;;;;;;;;;;;;;;;;;;;;;;;;;;;;;;;;;;;;;;;;;;;;;;;;;;;;;;;;;
DI;52XL026_ON;;FSC;5200;A_5200;GROUP SHUTDOWN;No;ЛОЖЬ;ЛОЖЬ;;292;;;;;;;0;;;;2047;ЛОЖЬ;0;None;;;;;;1=LAMP ON;;;;;;;Undefined;491;3428;;;;;;Low;;;;ЛОЖЬ;;;;ЛОЖЬ;;;;;;Input;ESD_001_1;ESD_511_1;15;;;;;;;;;;;;;;;;;;;;;;;;;;;;;;;;;;;;;;;;;;;;;;;;;;;;;;;;;;;;;;;;;;;;;;;;;;;;;;;;;;;;;;;;;;;;;;;;;;;;;;;;
M;22_292_10;;;;;14-01 - ESD511_1;;ЛОЖЬ;ЛОЖЬ;;292;;;;;;;0;;;;769;ЛОЖЬ;0;;;;;;;Blink on Failure;;;;;;;Undefined;491;3428;;;;;;;;;;ЛОЖЬ;;;;;;;;;;;;;;;;;;;;;;;;;;;;;;;;;;;;;;;;;;;;;;;;;;;;;;;;;;;;;;;;;;;;;;;;;;;;;;;;;;;;;;;;;;;;;;;;;;;;;;;;;;;;;;;;;;;;;
DI;20XAPAN_TF_SM04_01;;FSC;2000;H-2001;PAN_FAULT;Yes;ЛОЖЬ;ЛОЖЬ;;24;;;;;;;0;;;;1382;ЛОЖЬ;0;None;;;;;;1=FAULT;;;;;;;Undefined;;;;;;;;Low;;;;ЛОЖЬ;ИСТИНА;;;ЛОЖЬ;;;;;;;;;;;;;;;;;;;;;;;;;;;;;;;;;;;;;;;;;;;;;;Input;ESD_001_1;ESD_001_4;22;;;;;;;;;;;;;;;;;;;;;;;;;;;;;;;;;;;;;;;;;;;;;;;;;;;;;;;;;;;;;;;;
DO;20XL990BA;;PNL;2000;A_2000;MOS ENABLED AREA 2000-2;Yes;ЛОЖЬ;ЛОЖЬ;;53;;;;;;;0;;;;234;ЛОЖЬ;0;None;;;;;;1=LAMP ON;;;;;;;Undefined;491;3428;;01.06;13;3;1;Appl;;;;ЛОЖЬ;;;;;;;;;;;;;;;;;;;;;;Output;EPKS_CCB;ESD_001_1;509;;;;;;;;;;;;;;;;;;;;;;;;;;;;;;;;;;;;;;;;;;;;;;;;;;;;;;;;;;;;;;;;;;;;;;;;;;;;;;;;;;;;;;;;;;;;
DO;20XL442;;PNL;2000;A_2000;ED FROM V-2016;Yes;ЛОЖЬ;ЛОЖЬ;;262;;;;;;;0;;;;303;ЛОЖЬ;0;None;;;;;;1=LAMP ON;;;;;;;Undefined;491;3428;;01.07;5;8;1;Appl;;;;ЛОЖЬ;;;;;;;;;;;;;;;;;;;;;;Output;EPKS_CCB;ESD_001_1;510;;;;;;;;;;;;;;;;;;;;;;;;;;;;;;;;;;;;;;;;;;;;;;;;;;;;;;;;;;;;;;;;;;;;;;;;;;;;;;;;;;;;;;;;;;;;
M;21_222_11;;;;;06-01 - ESD001_6;;ЛОЖЬ;ЛОЖЬ;;222;;;;;;;0;;;;627;ЛОЖЬ;0;;;;;;;Blink on Failure;;;;;;;Undefined;491;3428;;;;;;;;;;ЛОЖЬ;;;;;;;;;;;;;;;;;;;;;;;;;;;;;;;;;;;;;;;;;;;;;;;;;;;;;;;;;;;;;;;;;;;;;;;;;;;;;;;;;;;;;;;;;;;;;;;;;;;;;;;;;;;;;;;;;;;;;
DO;20XL433B7;;PNL;;;VALVE 20XV433B OPEN;Yes;ЛОЖЬ;ЛОЖЬ;;232;;;;;;;0;;;;446;ЛОЖЬ;0;None;;;;;;1=LAMP ON;1=LAMP ON;;;;;;Undefined;;;;01.06;17;7;1;Appl;;;;ЛОЖЬ;ИСТИНА;;;;;;;;;;;;;;;;;;;;;Output;EPKS_CCB;ESD_001_1;485;;;;;;;;;;;;;;;;;;;;;;;;;;;;;;;;;;;;;;;;;;;;;;;;;;;;;;;;;;;;;;;;;;;;;;;;;;;;;;;;;;;;;;;;;;;;
DI;43HS902A;;PNL;4300;A_43015;MOS ENABLE AREA 430-15;Yes;ЛОЖЬ;ЛОЖЬ;;49;;;;;;;;;;;60;ЛОЖЬ;0;None;;;;;;1=ENABLE;;;;;;;Undefined;491;3428;;01.03;7;5;1;Hold;;;;ЛОЖЬ;;;;ЛОЖЬ;;;;;;;;;;;;;;;;;;Output;EPKS_CCB;ESD_001_1;511;;;;;;;;;;;;;;;;;;;;;;;;;;;;;;;;;;;;;;;;;;;;;;;;;;;;;;;;;;;;;;;;;;;;;;;;;;;;;;;;;;;;;;;;;;;;
T;33_1;;;;;;;ЛОЖЬ;ЛОЖЬ;;33;;;;;;;;100 ms;10;;8;ЛОЖЬ;0;;;;;;;;;;;;;;Undefined;491;3428;Delayed OFF with constant timer value;;;;;;;;;ЛОЖЬ;;;;;;;;;;;;;;;;;;;;;;;;;;;;;;;;;;;;;;;;;;;;;;;;;;;;;;;;;;;;;;;;;;;;;;;;;;;;;;;;;;;;;;;;;;;;;;;;;;;;;;;;;;;;;;;;;;;;;
DO;20XL279A;;PNL;2000;;EMERGENCY SHT.VLV. TO OPEN;Yes;ЛОЖЬ;ЛОЖЬ;;266;;;;;;;0;;;;96;ЛОЖЬ;0;None;;;;;;1=LAMP ON;;;;;;;Undefined;;;;01.05;13;9;1;Appl;;;;ЛОЖЬ;ИСТИНА;;;;;;;;;;;;;;;;;;;;;;;;;;;;;;;;;;;;;;;;;;;;;;;;;;;;;;;;;;;;;;;;;;;;;;;;;;;;;;;;;;;;;;;;;;;;;;;;;;;;;;;;;;;;;;;;;;;;
DO;CB001_ESD1_T;;COM;2000;;TEMPERATURE ALARM;No;ЛОЖЬ;ЛОЖЬ;;18;;;;;;;0;;;;77;ЛОЖЬ;0;None;;;;;;;State High;;;;;;Undefined;;;;;;;;;;;;ЛОЖЬ;ИСТИНА;;;;;;;;;;;;;;;;;;;;;Output;EPKS_CCB;ESD_001_1;552;;;;;;;;;;;;;;;;;;;;;;;;;;;;;;;;;;;;;;;;;;;;;;;;;;;;;;;;;;;;;;;;;;;;;;;;;;;;;;;;;;;;;;;;;;;;
M;31_39_1;;;;;20HS846A;;ЛОЖЬ;ЛОЖЬ;;39;;;;;;;0;;;;547;ЛОЖЬ;0;;;;;;;1=TEST;;;;;;;Undefined;491;3428;;;;;;;;;;ЛОЖЬ;;;;;;;;;;;;;;;;;;;;;;;;;;;;;;;;;;;;;;;;;;;;;;;;;;;;;;;;;;;;;;;;;;;;;;;;;;;;;;;;;;;;;;;;;;;;;;;;;;;;;;;;;;;;;;;;;;;;;
DI;20XZLC434A_SN;;FSC;;;VALVE 20XV434A CLOSE;No;ЛОЖЬ;ЛОЖЬ;;242;;;;;;;0;;;;851;ЛОЖЬ;0;None;;;;;;1=CLOSE;1=CLOSE;;;;;;Undefined;;;;;;;;Low;;;;ЛОЖЬ;ИСТИНА;;;ЛОЖЬ;View only;;;;;;;;;;;;;Input;ESD_001_1;ESD_001_8;35;;;;;;;;;;;;;;;;;;;;;;;;;;;;;;;;;;;;;;;;;;;;;;;;;;;;;;;;;;;;;;;;;;;;;;;;;;;;;;;;;;;;;;;;;;;;;;;;
BO;CB001_ESD1_DAY;;COM;;;DAY;No;ЛОЖЬ;ЛОЖЬ;;15;;Byte;;;;;0;;;;59;;0;;None;None;None;None;;;;;;;;;-XXXXX.X;;;;;;;;;;;;ЛОЖЬ;ИСТИНА;;;;;;;;;;;;;;;;;;;;;Output;EPKS_CCB;ESD_001_1;10071;;;;;;;;;;;;;;;;;;;;;;;;;;;;;;;;;;;;;;;;;;;;;;;;;;;;;;;;;;;;;;;;;;;;;;;;;;;;;;;;;;;;;;;;;;;;
DI;51HS903A;;PNL;5100;A_5100;MOS ENABLE AREA 5140S;Yes;ЛОЖЬ;ЛОЖЬ;;107;;;;;;;;;;;154;ЛОЖЬ;0;None;;;;;;1=ENABLE;;;;;;;Undefined;491;3428;;01.04;3;3;1;Hold;;;;ЛОЖЬ;;;;ЛОЖЬ;;;;;;;;;;;;;;;;;;Output;EPKS_CCB;ESD_001_1;513;;;;;;;;;;;;;;;;;;;;;;;;;;;;;;;;;;;;;;;;;;;;;;;;;;;;;;;;;;;;;;;;;;;;;;;;;;;;;;;;;;;;;;;;;;;;
DI;20HS846C;;PNL;2000;A_P20_1;TEST LAMPS ON SP1-3;Yes;ЛОЖЬ;ЛОЖЬ;;87;;;;;;;;;;;142;ЛОЖЬ;0;None;;;;;;1=TEST;;;;;;;Undefined;491;3428;;01.04;1;7;1;Low;;;;ЛОЖЬ;;;;ЛОЖЬ;;;;;;;;;;;;;;;;;;Output;EPKS_CCB;ESD_001_1;514;;;;;;;;;;;;;;;;;;;;;;;;;;;;;;;;;;;;;;;;;;;;;;;;;;;;;;;;;;;;;;;;;;;;;;;;;;;;;;;;;;;;;;;;;;;;
DI;10XL600KB_ON_08;;FSC;1000;A_1000;ESD MOS ACT AREA H-1001A;No;ЛОЖЬ;ЛОЖЬ;;31;;;;;;;0;;;;2897;ЛОЖЬ;0;None;;;;;;1=LAMP ON;;;;;;;Undefined;491;3428;;;;;;Low;;;;ЛОЖЬ;;;;ЛОЖЬ;;;;;;;;;;;;;;;;;;;;;;;;;;;;;;;;;;Input;ESD_001_1;ESD_101_1;1;;;;;;;;;;;;;;;;;;;;;;;;;;;;;;;;;;;;;;;;;;;;;;;;;;;;;;;;;;;;;;;;;;;;;;;;;;;;
DI;20XL990BB_ON_08;;FSC;A_2000;;ESD MOS ACT AREA 2000-2;No;ЛОЖЬ;ЛОЖЬ;;53;;;;;;;0;;;;819;ЛОЖЬ;0;None;;;;;;1=LAMP ON;1=LAMP ON;;;;;;Undefined;;;;;;;;Low;;;;ЛОЖЬ;ИСТИНА;;;ЛОЖЬ;View only;;;;;;;;;;;;;Input;ESD_001_1;ESD_001_8;3;;;;;;;;;;;;;;;;;;;;;;;;;;;;;;;;;;;;;;;;;;;;;;;;;;;;;;;;;;;;;;;;;;;;;;;;;;;;;;;;;;;;;;;;;;;;;;;;
DI;51HS903B;;PNL;5100;A_5100;MOS RELEASE AREA 5140S;Yes;ЛОЖЬ;ЛОЖЬ;;107;;;;;;;;;;;155;ЛОЖЬ;0;None;;;;;;0=RELEASE;;;;;;;Undefined;491;3428;;01.04;3;4;1;Hold;;;;ЛОЖЬ;;;;ЛОЖЬ;;;;;;;;;;;;;;;;;;Output;EPKS_CCB;ESD_001_1;515;;;;;;;;;;;;;;;;;;;;;;;;;;;;;;;;;;;;;;;;;;;;;;;;;;;;;;;;;;;;;;;;;;;;;;;;;;;;;;;;;;;;;;;;;;;;
DI;20XL278_ON;;FSC;2000;A_2000;ED FROM V-2001;No;ЛОЖЬ;ЛОЖЬ;;262;;;;;;;0;;;;2164;ЛОЖЬ;0;None;;;;;;1=LAMP ON;;;;;;;Undefined;491;3428;;;;;;Low;;;;ЛОЖЬ;;;;ЛОЖЬ;;;;;;;;;;;;;;;;;;;;;;;;;;Input;ESD_001_1;ESD_001_7;36;;;;;;;;;;;;;;;;;;;;;;;;;;;;;;;;;;;;;;;;;;;;;;;;;;;;;;;;;;;;;;;;;;;;;;;;;;;;;;;;;;;;
M;51_252_2;;;;;20HS846B_2;;ЛОЖЬ;ЛОЖЬ;;252;;;;;;;0;;;;1060;ЛОЖЬ;0;;;;;;;1=TEST;;;;;;;Undefined;491;3428;;;;;;;;;;ЛОЖЬ;;;;;;;;;;;;;;;;;;;;;;;;;;;;;;;;;;;;;;;;;;;;;;;;;;;;;;;;;;;;;;;;;;;;;;;;;;;;;;;;;;;;;;;;;;;;;;;;;;;;;;;;;;;;;;;;;;;;;
DI;41HS265C1;;PNL;4100;A_4100;MOS ENABLE AREA C-4103;Yes;ЛОЖЬ;ЛОЖЬ;;87;;;;;;;;;;;122;ЛОЖЬ;0;None;;;;;;1=ENABLE;;;;;;;Undefined;491;3428;;01.03;15;3;1;Hold;;;;ЛОЖЬ;;;;ЛОЖЬ;;;;;;;;;;;;;;;;;;Output;EPKS_CCB;ESD_001_1;516;;;;;;;;;;;;;;;;;;;;;;;;;;;;;;;;;;;;;;;;;;;;;;;;;;;;;;;;;;;;;;;;;;;;;;;;;;;;;;;;;;;;;;;;;;;;
DI;41XL709_ON;;FSC;4100;A_4100;OOS FOR 41TSLL714;No;ЛОЖЬ;ЛОЖЬ;;280;;;;;;;0;;;;1850;ЛОЖЬ;0;None;;;;;;1=LAMP ON;;;;;;;Undefined;491;3428;;;;;;Low;;;;ЛОЖЬ;;;;ЛОЖЬ;;;;;;;;;;;;;;;;;;;;;;;;;;;;;;;;;;;;;;;;;;;;;;;;;;;;;;;;;;;;;;;;;;;;;;;;;;;;;;;;;;Input;ESD_001_1;ESD_411_1;10;;;;;;;;;;;;;;;;;;;;;;;;;;;;
M;21_256_7;;;;;02-01 - ESD001_2;;ЛОЖЬ;ЛОЖЬ;;256;;;;;;;0;;;;739;ЛОЖЬ;0;;;;;;;Blink on Failure;;;;;;;Undefined;491;3428;;;;;;;;;;ЛОЖЬ;;;;;;;;;;;;;;;;;;;;;;;;;;;;;;;;;;;;;;;;;;;;;;;;;;;;;;;;;;;;;;;;;;;;;;;;;;;;;;;;;;;;;;;;;;;;;;;;;;;;;;;;;;;;;;;;;;;;;
M;24_3;;;;;;;ЛОЖЬ;ЛОЖЬ;;24;;;;;;;0;;;;57;ЛОЖЬ;0;;;;;;;;;;;;;;Undefined;;;;;;;;;;;;ЛОЖЬ;ИСТИНА;;;;;;;;;;;;;;;;;;;;;;;;;;;;;;;;;;;;;;;;;;;;;;;;;;;;;;;;;;;;;;;;;;;;;;;;;;;;;;;;;;;;;;;;;;;;;;;;;;;;;;;;;;;;;;;;;;;;
DO;51XL054;;PNL;5100;A_5100;GROUP SHUTDOWN;Yes;ЛОЖЬ;ЛОЖЬ;;290;;;;;;;0;;;;352;ЛОЖЬ;0;None;;;;;;1=LAMP ON;;;;;;;Undefined;491;3428;;01.07;13;9;1;Appl;;;;ЛОЖЬ;;;;;;;;;;;;;;;;;;;;;;Output;EPKS_CCB;ESD_001_1;517;;;;;;;;;;;;;;;;;;;;;;;;;;;;;;;;;;;;;;;;;;;;;;;;;;;;;;;;;;;;;;;;;;;;;;;;;;;;;;;;;;;;;;;;;;;;
DO;20HS990P_EN;;FSC;2000;A_2000;ESD MOS EN AREA H-2005A;No;ЛОЖЬ;ЛОЖЬ;;77;;;;;;;0;;;;718;ЛОЖЬ;0;None;;;;;;1=ENABLED;;;;;;;Undefined;491;3428;;;;;;;;;;ЛОЖЬ;;;;;;;;;;;;;;;;;;;;;;;;;;;;;;;;;;;;;;;;;;;;;;;;;;;;;;;;;;;;;;;;;;;;;;Output;ESD_001_1;ESD_001_2;11;;;;;;;;;;;;;;;;;;;;;;;;;;;;;;;;;;;;;;;;;;;;
DI;20XL589B_ON;;FSC;2000;;C-2003A/B/S EMERG. SD;No;ЛОЖЬ;ЛОЖЬ;;236;;;;;;;0;;;;2253;ЛОЖЬ;0;None;;;;;;1=LAMP ON;;;;;;;Undefined;491;3428;;;;;;Low;;;;ЛОЖЬ;;;;ЛОЖЬ;;;;;;;;;;;;;;;;;;;;;;;;;;;;;;;;;;;;;;;;;;;;;;;;;;;;;;;;;;;;;;;;;;;;;;;;;;;;;;;;;;;;;;;;;;;;;;;;;;;;;;;;;;Input;ESD_001_1;ESD_001_3;29;;;;
DO;20XL405;;PNL;2000;A_2000;CLOSE VALVE 20XV405;Yes;ЛОЖЬ;ЛОЖЬ;;228;;;;;;;0;;;;175;ЛОЖЬ;0;None;;;;;;1=LAMP ON;;;;;;;Undefined;491;3428;;01.06;5;8;1;Appl;;;;ЛОЖЬ;;;;;;;;;;;;;;;;;;;;;;Output;EPKS_CCB;ESD_001_1;518;;;;;;;;;;;;;;;;;;;;;;;;;;;;;;;;;;;;;;;;;;;;;;;;;;;;;;;;;;;;;;;;;;;;;;;;;;;;;;;;;;;;;;;;;;;;
DI;20XL280B_ON;;FSC;2000;H-2005B;EMERGENCY SHT.VLV. TO CLOSE;No;ЛОЖЬ;ЛОЖЬ;;240;;;;;;;0;;;;2259;ЛОЖЬ;0;None;;;;;;1=LAMP ON;;;;;;;Undefined;;;;;;;;Low;;;;ЛОЖЬ;ИСТИНА;;;ЛОЖЬ;;;;;;;;;;;;;;;;;;;;;;;;;;;;;;;;;;;;;;;;;;;;;;;;;;;;;;;;;;;;;;;;;;;;;;;;;;;;;;;;;;;;;;;;;;;;;;;;;;;;;;;;;;Input;ESD_001_1;ESD_001_3;35;;;;
DI;10XL153B_ON;;FSC;1000;A_1000;10XV153;No;ЛОЖЬ;ЛОЖЬ;;202;;;;;;;0;;;;1558;ЛОЖЬ;0;None;;;;;;1=LAMP ON;;;;;;;Undefined;491;3428;;;;;;Low;;;;ЛОЖЬ;;;;ЛОЖЬ;;Input;ESD_001_1;ESD_101_2;6;;;;;;;;;;;;;;;;;;;;;;;;;;;;;;;;;;;;;;;;;;;;;;;;;;;;;;;;;;;;;;;;;;;;;;;;;;;;;;;;;;;;;;;;;;;;;;;;;;;;;;;;;;;;
DO;10HS602_REL;;FSC;1000;A_1000;ESD MOS REL AREA 1000;No;ЛОЖЬ;ЛОЖЬ;;35;;;;;;;0;;;;105;ЛОЖЬ;0;None;;;;;;1=RELEASED;;;;;;;Undefined;491;3428;;;;;;;;;;ЛОЖЬ;;;;;;Output;ESD_001_1;ESD_101_2;4;;;;;;;;;;;;;;;;;;;;;;;;;;;;;Output;ESD_001_1;ESD_101_1;4;;;;;;;;;;;;;;;;;;;;;;;;;;;;;;;;;;;;;;;;;;;;;;;;;;;;;;;;;;;;;;;;;;;;;;;;;;;;
DI;14_01_SNESD_FLT;;FSC;;;;No;ЛОЖЬ;ЛОЖЬ;;22;;;;;;;0;;;;2050;ЛОЖЬ;0;None;;;;;;0=Fault;;;;;;;Undefined;491;3428;;;;;;Low;;;;ЛОЖЬ;;;;ЛОЖЬ;;;;;;Input;ESD_001_1;ESD_511_1;18;;;;;;;;;;;;;;;;;;;;;;;;;;;;;;;;;;;;;;;;;;;;;;;;;;;;;;;;;;;;;;;;;;;;;;;;;;;;;;;;;;;;;;;;;;;;;;;;;;;;;;;;
M;21_202_6;;;;;08-01 - ESD101_1;;ЛОЖЬ;ЛОЖЬ;;202;;;;;;;0;;;;659;ЛОЖЬ;0;;;;;;;Blink on Failure;;;;;;;Undefined;491;3428;;;;;;;;;;ЛОЖЬ;;;;;;;;;;;;;;;;;;;;;;;;;;;;;;;;;;;;;;;;;;;;;;;;;;;;;;;;;;;;;;;;;;;;;;;;;;;;;;;;;;;;;;;;;;;;;;;;;;;;;;;;;;;;;;;;;;;;;
DI;41XL002_SNESD;;FSC;;;LAMP ACTIVATION;No;ЛОЖЬ;ЛОЖЬ;;284;;;;;;;0;;;;1869;ЛОЖЬ;0;None;;;;;;1=ON;1=ON;;;;;;Undefined;;;;;;;;Low;;;;ЛОЖЬ;ИСТИНА;;;ЛОЖЬ;View only;;;;;;;;;;;;;;;;;;;;;;;;;;;;;;;;;;;;;;;;;;;;;;;;;;;;;;;;;;;;;;;;;;;;;;;;;;;;;;;;;Input;ESD_001_1;ESD_411_1;29;;;;;;;;;;;;;;;;;;;;;;;;;;;;
DO;20XL990HA;;PNL;2000;A_2000;MOS ENABLED AREA CH-20-3;Yes;ЛОЖЬ;ЛОЖЬ;;65;;;;;;;0;;;;248;ЛОЖЬ;0;None;;;;;;1=LAMP ON;;;;;;;Undefined;491;3428;;01.06;15;1;1;Appl;;;;ЛОЖЬ;;;;;;;;;;;;;;;;;;;;;;Output;EPKS_CCB;ESD_001_1;519;;;;;;;;;;;;;;;;;;;;;;;;;;;;;;;;;;;;;;;;;;;;;;;;;;;;;;;;;;;;;;;;;;;;;;;;;;;;;;;;;;;;;;;;;;;;
DO;43XL901B;;PNL;4300;A_43012;MOS ACT/REL AREA 430-12;Yes;ЛОЖЬ;ЛОЖЬ;;47;;;;;;;0;;;;91;ЛОЖЬ;0;None;;;;;;1=LAMP ON;;;;;;;Undefined;491;3428;;01.05;11;4;1;Appl;;;;ЛОЖЬ;;;;;;;;;;;;;;;;;;;;;;Output;EPKS_CCB;ESD_001_1;520;;;;;;;;;;;;;;;;;;;;;;;;;;;;;;;;;;;;;;;;;;;;;;;;;;;;;;;;;;;;;;;;;;;;;;;;;;;;;;;;;;;;;;;;;;;;
M;23_0_2;;;;;19-01 - ESD931_1;;ЛОЖЬ;ЛОЖЬ;;23;;;;;;;0;;;;555;ЛОЖЬ;0;;;;;;;;;;;;;;Undefined;491;3428;;;;;;;;;;ЛОЖЬ;;;;;;;;;;;;;;;;;;;;;;;;;;;;;;;;;;;;;;;;;;;;;;;;;;;;;;;;;;;;;;;;;;;;;;;;;;;;;;;;;;;;;;;;;;;;;;;;;;;;;;;;;;;;;;;;;;;;;
DO;20HS990M_REL;;FSC;2000;A_2000;ESD MOS REL AREA H-2003;No;ЛОЖЬ;ЛОЖЬ;;73;;;;;;;0;;;;706;ЛОЖЬ;0;None;;;;;;1=RELEASED;;;;;;;Undefined;491;3428;;;;;;;;;;ЛОЖЬ;;;;;;;;;;;;;;;;;;;;;;;;;;;;;;;;;;Output;ESD_001_1;ESD_001_6;8;;;;;;;;;;;;;;;;;;;;;;;;;;;;;;;;;;;;;;;;;;;;;;;;;;;;;;;;;;;;;;;;;;;;;;;;;;;;;;;;
DO;41XL265BA;;PNL;4100;A_4100;MOS ENABLED AREA 4100;Yes;ЛОЖЬ;ЛОЖЬ;;91;;;;;;;0;;;;312;ЛОЖЬ;0;None;;;;;;1=LAMP ON;;;;;;;Undefined;491;3428;;01.07;7;1;1;Appl;;;;ЛОЖЬ;;;;;;;;;;;;;;;;;;;;;;Output;EPKS_CCB;ESD_001_1;521;;;;;;;;;;;;;;;;;;;;;;;;;;;;;;;;;;;;;;;;;;;;;;;;;;;;;;;;;;;;;;;;;;;;;;;;;;;;;;;;;;;;;;;;;;;;
DI;41HS265F2;;PNL;4100;A_4100;MOS RELEASE AREA 4200;Yes;ЛОЖЬ;ЛОЖЬ;;97;;;;;;;;;;;113;ЛОЖЬ;0;None;;;;;;0=RELEASE;;;;;;;Undefined;491;3428;;01.03;15;10;1;Hold;;;;ЛОЖЬ;;;;ЛОЖЬ;;;;;;;;;;;;;;;;;;Output;EPKS_CCB;ESD_001_1;522;;;;;;;;;;;;;;;;;;;;;;;;;;;;;;;;;;;;;;;;;;;;;;;;;;;;;;;;;;;;;;;;;;;;;;;;;;;;;;;;;;;;;;;;;;;;
DO;20XA116A;;PNL;2000;A_2000;H-2003 EMERG. SD;Yes;ЛОЖЬ;ЛОЖЬ;;224;;;;;;;0;;;;186;ЛОЖЬ;0;None;;;;;;1=LAMP ON;;;;;;;Undefined;491;3428;;01.06;7;3;1;Appl;;;;ЛОЖЬ;;;;;;;;;;;;;;;;;;;;;;Output;EPKS_CCB;ESD_001_1;523;;;;;;;;;;;;;;;;;;;;;;;;;;;;;;;;;;;;;;;;;;;;;;;;;;;;;;;;;;;;;;;;;;;;;;;;;;;;;;;;;;;;;;;;;;;;
DO;10XL602KA;;PNL;1000;A_1000;MOS ENABLE AREA 1000;Yes;ЛОЖЬ;ЛОЖЬ;;35;;;;;;;0;;;;28;ЛОЖЬ;0;None;;;;;;1=LAMP ON;;;;;;;Undefined;491;3428;;01.05;3;5;1;Appl;;;;ЛОЖЬ;;;;;;;;;;;;;;;;;;;;;;Output;EPKS_CCB;ESD_001_1;524;;;;;;;;;;;;;;;;;;;;;;;;;;;;;;;;;;;;;;;;;;;;;;;;;;;;;;;;;;;;;;;;;;;;;;;;;;;;;;;;;;;;;;;;;;;;
DO;21XA302;;PNL;2100;A_2000;INTERNAL FIRE ALARM;Yes;ЛОЖЬ;ЛОЖЬ;;236;;;;;;;0;;;;223;ЛОЖЬ;0;None;;;;;;1=LAMP ON;;;;;;;Undefined;491;3428;;01.06;11;8;1;Appl;;;;ЛОЖЬ;;;;;;;;;;;;;;;;;;;;;;Output;EPKS_CCB;ESD_001_1;525;;;;;;;;;;;;;;;;;;;;;;;;;;;;;;;;;;;;;;;;;;;;;;;;;;;;;;;;;;;;;;;;;;;;;;;;;;;;;;;;;;;;;;;;;;;;
DI;20HS990H1;;PNL;2000;A_2000;MOS ENABLE AREA CH-20-3;Yes;ЛОЖЬ;ЛОЖЬ;;65;;;;;;;;;;;84;ЛОЖЬ;0;None;;;;;;1=ENABLE;;;;;;;Undefined;491;3428;;01.03;11;13;1;Hold;;;;ЛОЖЬ;;;;ЛОЖЬ;;;;;;;;;;;;;;;;;;Output;EPKS_CCB;ESD_001_1;526;;;;;;;;;;;;;;;;;;;;;;;;;;;;;;;;;;;;;;;;;;;;;;;;;;;;;;;;;;;;;;;;;;;;;;;;;;;;;;;;;;;;;;;;;;;;
DO;20XL252;;PNL;2000;A_2000;ED FROM T-2009;Yes;ЛОЖЬ;ЛОЖЬ;;260;;;;;;;0;;;;296;ЛОЖЬ;0;None;;;;;;1=LAMP ON;;;;;;;Undefined;491;3428;;01.07;5;1;1;Appl;;;;ЛОЖЬ;;;;;;;;;;;;;;;;;;;;;;Output;EPKS_CCB;ESD_001_1;527;;;;;;;;;;;;;;;;;;;;;;;;;;;;;;;;;;;;;;;;;;;;;;;;;;;;;;;;;;;;;;;;;;;;;;;;;;;;;;;;;;;;;;;;;;;;
DI;51XL059_ON;;FSC;5100;A_5100;GROUP SHUTDOWN;No;ЛОЖЬ;ЛОЖЬ;;292;;;;;;;0;;;;2045;ЛОЖЬ;0;None;;;;;;1=LAMP ON;;;;;;;Undefined;491;3428;;;;;;Low;;;;ЛОЖЬ;;;;ЛОЖЬ;;;;;;Input;ESD_001_1;ESD_511_1;13;;;;;;;;;;;;;;;;;;;;;;;;;;;;;;;;;;;;;;;;;;;;;;;;;;;;;;;;;;;;;;;;;;;;;;;;;;;;;;;;;;;;;;;;;;;;;;;;;;;;;;;;
DO;30XL122;;PNL;3000;A_P30_1;SD AT FIRE P3020 - N. 04;Yes;ЛОЖЬ;ЛОЖЬ;;208;;;;;;;0;;;;72;ЛОЖЬ;0;None;;;;;;1=LAMP ON;;;;;;;Undefined;491;3428;;01.05;9;1;1;Appl;;;;ЛОЖЬ;;;;;;;;;;;;;;;;;;;;;;Output;EPKS_CCB;ESD_001_1;528;;;;;;;;;;;;;;;;;;;;;;;;;;;;;;;;;;;;;;;;;;;;;;;;;;;;;;;;;;;;;;;;;;;;;;;;;;;;;;;;;;;;;;;;;;;;
T;55_1;;;;;;;ЛОЖЬ;ЛОЖЬ;;55;;;;;;;;100 ms;10;;72;ЛОЖЬ;0;;;;;;;;;;;;;;Undefined;491;3428;Delayed OFF with constant timer value;;;;;;;;;ЛОЖЬ;;;;;;;;;;;;;;;;;;;;;;;;;;;;;;;;;;;;;;;;;;;;;;;;;;;;;;;;;;;;;;;;;;;;;;;;;;;;;;;;;;;;;;;;;;;;;;;;;;;;;;;;;;;;;;;;;;;;;
DI;20XL242B_ON;;FSC;2000;A_2000;P-2018/S EMERG. SD;No;ЛОЖЬ;ЛОЖЬ;;258;;;;;;;0;;;;2158;ЛОЖЬ;0;None;;;;;;1=LAMP ON;;;;;;;Undefined;491;3428;;;;;;Low;;;;ЛОЖЬ;;;;ЛОЖЬ;;;;;;;;;;;;;;;;;;;;;;;;;;Input;ESD_001_1;ESD_001_7;30;;;;;;;;;;;;;;;;;;;;;;;;;;;;;;;;;;;;;;;;;;;;;;;;;;;;;;;;;;;;;;;;;;;;;;;;;;;;;;;;;;;;
DI;10HS601A;;PNL;1000;A_1000;MOS ENABLE AREA H-1001B;Yes;ЛОЖЬ;ЛОЖЬ;;33;;;;;;;;;;;26;ЛОЖЬ;0;None;;;;;;1=ENABLE;;;;;;;Undefined;491;3428;;01.03;3;3;1;Hold;;;;ЛОЖЬ;;;;ЛОЖЬ;;;;;;;;;;;;;;;;;;Output;EPKS_CCB;ESD_001_1;529;;;;;;;;;;;;;;;;;;;;;;;;;;;;;;;;;;;;;;;;;;;;;;;;;;;;;;;;;;;;;;;;;;;;;;;;;;;;;;;;;;;;;;;;;;;;
DO;41XL707;;PNL;;;;Yes;ЛОЖЬ;ЛОЖЬ;;283;;;;;;;0;;;;338;ЛОЖЬ;0;None;;;;;;1=LAMP ON;;;;;;;Undefined;;;;01.07;11;11;1;Appl;;;;ЛОЖЬ;ИСТИНА;;;;;;;;;;;;;;;;;;;;;;;;;;;;;;;;;;;;;;;;;;;;;;;;;;;;;;;;;;;;;;;;;;;;;;;;;;;;;;;;;;;;;;;;;;;;;;;;;;;;;;;;;;;;;;;;;;;;
DO;30XL126;;PNL;3000;A_P30_1;SD AT FIRE P-3026 - T.06;Yes;ЛОЖЬ;ЛОЖЬ;;210;;;;;;;0;;;;76;ЛОЖЬ;0;None;;;;;;1=LAMP ON;;;;;;;Undefined;491;3428;;01.05;9;5;1;Appl;;;;ЛОЖЬ;;;;;;;;;;;;;;;;;;;;;;Output;EPKS_CCB;ESD_001_1;530;;;;;;;;;;;;;;;;;;;;;;;;;;;;;;;;;;;;;;;;;;;;;;;;;;;;;;;;;;;;;;;;;;;;;;;;;;;;;;;;;;;;;;;;;;;;
DO;20XL208;;PNL;2000;A_2000;ED FROM T-2004;Yes;ЛОЖЬ;ЛОЖЬ;;256;;;;;;;0;;;;283;ЛОЖЬ;0;None;;;;;;1=LAMP ON;;;;;;;Undefined;491;3428;;01.07;3;4;1;Appl;;;;ЛОЖЬ;;;;;;;;;;;;;;;;;;;;;;Output;EPKS_CCB;ESD_001_1;531;;;;;;;;;;;;;;;;;;;;;;;;;;;;;;;;;;;;;;;;;;;;;;;;;;;;;;;;;;;;;;;;;;;;;;;;;;;;;;;;;;;;;;;;;;;;
DO;10XL600KA;;PNL;1000;A_1000;MOS ENABLED AREA H-1001A;Yes;ЛОЖЬ;ЛОЖЬ;;31;;;;;;;0;;;;24;ЛОЖЬ;0;None;;;;;;1=LAMP ON;;;;;;;Undefined;491;3428;;01.05;3;1;1;Appl;;;;ЛОЖЬ;;;;;;;;;;;;;;;;;;;;;;Output;EPKS_CCB;ESD_001_1;532;;;;;;;;;;;;;;;;;;;;;;;;;;;;;;;;;;;;;;;;;;;;;;;;;;;;;;;;;;;;;;;;;;;;;;;;;;;;;;;;;;;;;;;;;;;;
DO;20XL990KA;;PNL;2000;A_2000;MOS ENABLED AREA H-2001;Yes;ЛОЖЬ;ЛОЖЬ;;69;;;;;;;0;;;;204;ЛОЖЬ;0;None;;;;;;1=LAMP ON;;;;;;;Undefined;491;3428;;01.06;9;5;1;Appl;;;;ЛОЖЬ;;;;;;;;;;;;;;;;;;;;;;Output;EPKS_CCB;ESD_001_1;533;;;;;;;;;;;;;;;;;;;;;;;;;;;;;;;;;;;;;;;;;;;;;;;;;;;;;;;;;;;;;;;;;;;;;;;;;;;;;;;;;;;;;;;;;;;;
DI;20XL990CB_ON_08;;FSC;A_2000;;ESD MOS ACT AREA 2000-3;No;ЛОЖЬ;ЛОЖЬ;;55;;;;;;;0;;;;821;ЛОЖЬ;0;None;;;;;;1=LAMP ON;1=LAMP ON;;;;;;Undefined;;;;;;;;Low;;;;ЛОЖЬ;ИСТИНА;;;ЛОЖЬ;View only;;;;;;;;;;;;;Input;ESD_001_1;ESD_001_8;5;;;;;;;;;;;;;;;;;;;;;;;;;;;;;;;;;;;;;;;;;;;;;;;;;;;;;;;;;;;;;;;;;;;;;;;;;;;;;;;;;;;;;;;;;;;;;;;;
M;105_113_1;;;;;20HS846D;;ЛОЖЬ;ЛОЖЬ;;113;;;;;;;0;;;;808;ЛОЖЬ;0;;;;;;;1=TEST;;;;;;;Undefined;491;3428;;;;;;;;;;ЛОЖЬ;;;;;;;;;;;;;;;;;;;;;;;;;;;;;;;;;;;;;;;;;;;;;;;;;;;;;;;;;;;;;;;;;;;;;;;;;;;;;;;;;;;;;;;;;;;;;;;;;;;;;;;;;;;;;;;;;;;;;
T;77_1;;;;;;;ЛОЖЬ;ЛОЖЬ;;77;;;;;;;;100 ms;10;;116;ЛОЖЬ;0;;;;;;;;;;;;;;Undefined;491;3428;Delayed OFF with constant timer value;;;;;;;;;ЛОЖЬ;;;;;;;;;;;;;;;;;;;;;;;;;;;;;;;;;;;;;;;;;;;;;;;;;;;;;;;;;;;;;;;;;;;;;;;;;;;;;;;;;;;;;;;;;;;;;;;;;;;;;;;;;;;;;;;;;;;;;
DO;42XL113AA;;PNL;4200;A_4200;MOS ENABLED AREA CH-42-1;Yes;ЛОЖЬ;ЛОЖЬ;;99;;;;;;;0;;;;344;ЛОЖЬ;0;None;;;;;;1=LAMP ON;;;;;;;Undefined;491;3428;;01.07;11;1;1;Appl;;;;ЛОЖЬ;;;;;;;;;;;;;;;;;;;;;;Output;EPKS_CCB;ESD_001_1;534;;;;;;;;;;;;;;;;;;;;;;;;;;;;;;;;;;;;;;;;;;;;;;;;;;;;;;;;;;;;;;;;;;;;;;;;;;;;;;;;;;;;;;;;;;;;
DI;20XA116A_ON;;FSC;2000;A_2000;H-2003 EMERG. SD;No;ЛОЖЬ;ЛОЖЬ;;224;;;;;;;0;;;;2524;ЛОЖЬ;0;None;;;;;;1=LAMP ON;;;;;;;Undefined;491;3428;;;;;;Low;;;;ЛОЖЬ;;;;ЛОЖЬ;;;;;;;;;;;;;;;;;;;;;;;;;;;;;;Input;ESD_001_1;ESD_001_6;12;;;;;;;;;;;;;;;;;;;;;;;;;;;;;;;;;;;;;;;;;;;;;;;;;;;;;;;;;;;;;;;;;;;;;;;;;;;;;;;;
DO;20HS990B_REL;;FSC;2000;A_2000;ESD MOS REL AREA 2000-2;No;ЛОЖЬ;ЛОЖЬ;;53;;;;;;;0;;;;615;ЛОЖЬ;0;None;;;;;;1=RELEASED;;;;;;;Undefined;491;3428;;;;;;;;;;ЛОЖЬ;;;;;;;;;;;;;;;;;;Output;ESD_001_1;ESD_001_8;4;;;;;;;;;Output;ESD_001_1;ESD_001_7;4;Output;ESD_001_1;ESD_001_6;2;;;;;;;;;;;;;Output;ESD_001_1;ESD_001_4;4;;;;;;;;;;;;;;;;;;;;;;;;;;;;;;;;;;;;;;;;;;;;;;;;;;;;;;;;;;;;;;;;
M;51_264_4;;;;;20HS846B_2;;ЛОЖЬ;ЛОЖЬ;;264;;;;;;;0;;;;51;ЛОЖЬ;0;;;;;;;1=TEST;;;;;;;Undefined;;;;;;;;;;;;ЛОЖЬ;ИСТИНА;;;;;;;;;;;;;;;;;;;;;;;;;;;;;;;;;;;;;;;;;;;;;;;;;;;;;;;;;;;;;;;;;;;;;;;;;;;;;;;;;;;;;;;;;;;;;;;;;;;;;;;;;;;;;;;;;;;;
DI;00XS001E01P01;;CAB;2000;S_B001;CB001 ESD-01 ALARM PS 01;Yes;ЛОЖЬ;ЛОЖЬ;;18;;;;;;;;;;;8;ЛОЖЬ;0;None;;;;;;0=ALARM;;;;;;;Undefined;491;3428;;01.03;1;1;1;Low;;;;ЛОЖЬ;;;;ЛОЖЬ;;;;;;;;;;;;;;;;;;Output;EPKS_CCB;ESD_001_1;535;;;;;;;;;;;;;;;;;;;;;;;;;;;;;;;;;;;;;;;;;;;;;;;;;;;;;;;;;;;;;;;;;;;;;;;;;;;;;;;;;;;;;;;;;;;;
DO;20XL019B;;PNL;2000;A_2000;C-2001 EMERGENCY SHUTDOWN;Yes;ЛОЖЬ;ЛОЖЬ;;250;;;;;;;0;;;;104;ЛОЖЬ;0;None;;;;;;1=LAMP ON;;;;;;;Undefined;491;3428;;01.05;13;1;1;Appl;;;;ЛОЖЬ;;;;;;;;;;;;;;;;;;;;;;Output;EPKS_CCB;ESD_001_1;536;;;;;;;;;;;;;;;;;;;;;;;;;;;;;;;;;;;;;;;;;;;;;;;;;;;;;;;;;;;;;;;;;;;;;;;;;;;;;;;;;;;;;;;;;;;;
DO;41XL265EA;;PNL;4100;A_4100;MOS ENABLED AREA H-4101B;Yes;ЛОЖЬ;ЛОЖЬ;;95;;;;;;;0;;;;318;ЛОЖЬ;0;None;;;;;;1=LAMP ON;;;;;;;Undefined;491;3428;;01.07;7;7;1;Appl;;;;ЛОЖЬ;;;;;;;;;;;;;;;;;;;;;;Output;EPKS_CCB;ESD_001_1;537;;;;;;;;;;;;;;;;;;;;;;;;;;;;;;;;;;;;;;;;;;;;;;;;;;;;;;;;;;;;;;;;;;;;;;;;;;;;;;;;;;;;;;;;;;;;
DI;1-InputFault;;SYS;;;Input Channel fault;Yes;ЛОЖЬ;;;17;;;;;;;;;;;21;ЛОЖЬ;0;None;;;;;;;;;;;;;Undefined;491;3428;;;;;;;;;;ЛОЖЬ;;;;ЛОЖЬ;;;;;;;;;;;;;;;;;;;;;;;;;;;;;;;;;;;;;;;;;;;;;;;;;;;;;;;;;;;;;;;;;;;;;;;;;;;;;;;;;;;;;;;;;;;;;;;;;;;;;;;;;;;;;;;;;
DO;01_11_SNESD_FLT;;FSC;4100;S_B411;ESD_001_1-ESD_411_1;No;ЛОЖЬ;ЛОЖЬ;;19;;;;;;;0;;;;567;ЛОЖЬ;0;None;;;;;;0=FAULT;;;;;;;Undefined;491;3428;;;;;;;;;;ЛОЖЬ;;;;;;;;;;;;;;;;;;;;;;;;;;;;;;;;;;;;;;;;;;;;;;;;;;;;;;;;;;;;;;;;;;;;;;;;;;;;;;;;;;;;;;Output;ESD_001_1;ESD_411_1;0;;;;;;;;;;;;;;;;;;;;;;;;;;;;
M;21_238_11;;;;;06-01 - ESD001_6;;ЛОЖЬ;ЛОЖЬ;;238;;;;;;;0;;;;725;ЛОЖЬ;0;;;;;;;Blink on Failure;;;;;;;Undefined;491;3428;;;;;;;;;;ЛОЖЬ;;;;;;;;;;;;;;;;;;;;;;;;;;;;;;;;;;;;;;;;;;;;;;;;;;;;;;;;;;;;;;;;;;;;;;;;;;;;;;;;;;;;;;;;;;;;;;;;;;;;;;;;;;;;;;;;;;;;;
DO;43HS902_REL;;FSC;4300;A_43015;ESD MOS REL AREA 430-15;No;ЛОЖЬ;ЛОЖЬ;;49;;;;;;;0;;;;562;ЛОЖЬ;0;None;;;;;;1=RELEASED;;;;;;;Undefined;491;3428;;;;;;;;;;ЛОЖЬ;;;;;;;;;;;;;;;;;;;;;;;;;;;;;;;;;;;;;;;;;;;;;;Output;ESD_001_1;ESD_431_1;2;;;;;;;;;;;;;;;;;;;;;;;;;;;;;;;;;;;;;;;;;;;;;;;;;;;;;;;;;;;;;;;;;;;;
DI;1-ClockSrcFault1;;SYS;;;Clock source 1 fault;Yes;ЛОЖЬ;;;15;;;;;;;;;;;14;ЛОЖЬ;0;None;;;;;;;;;;;;;Undefined;491;3428;;;;;;;;;;ЛОЖЬ;;;;ЛОЖЬ;;;;;;;;;;;;;;;;;;;;;;;;;;;;;;;;;;;;;;;;;;;;;;;;;;;;;;;;;;;;;;;;;;;;;;;;;;;;;;;;;;;;;;;;;;;;;;;;;;;;;;;;;;;;;;;;;
BO;CB001_ESD1_YEAR;;COM;;;YEAR;No;ЛОЖЬ;ЛОЖЬ;;15;;Word;;;;;0;;;;56;;0;;None;None;None;None;;;;;;;;;-XXXXX.X;;;;;;;;;;;;ЛОЖЬ;ИСТИНА;;;;;;;;;;;;;;;;;;;;;Output;EPKS_CCB;ESD_001_1;10069;;;;;;;;;;;;;;;;;;;;;;;;;;;;;;;;;;;;;;;;;;;;;;;;;;;;;;;;;;;;;;;;;;;;;;;;;;;;;;;;;;;;;;;;;;;;
M;87_93_1;;;;;20HS846C;;ЛОЖЬ;ЛОЖЬ;;93;;;;;;;0;;;;592;ЛОЖЬ;0;;;;;;;1=TEST;;;;;;;Undefined;491;3428;;;;;;;;;;ЛОЖЬ;;;;;;;;;;;;;;;;;;;;;;;;;;;;;;;;;;;;;;;;;;;;;;;;;;;;;;;;;;;;;;;;;;;;;;;;;;;;;;;;;;;;;;;;;;;;;;;;;;;;;;;;;;;;;;;;;;;;;
DO;20XL078B;;PNL;2000;A_P20_1;P-2005/S EMERG. SD;Yes;ЛОЖЬ;ЛОЖЬ;;222;;;;;;;0;;;;168;ЛОЖЬ;0;None;;;;;;1=LAMP ON;;;;;;;Undefined;491;3428;;01.06;5;1;1;Appl;;;;ЛОЖЬ;;;;;;;;;;;;;;;;;;;;;;Output;EPKS_CCB;ESD_001_1;539;;;;;;;;;;;;;;;;;;;;;;;;;;;;;;;;;;;;;;;;;;;;;;;;;;;;;;;;;;;;;;;;;;;;;;;;;;;;;;;;;;;;;;;;;;;;
DO;41HS265D_REL;;FSC;4100;A_4100;ESD MOS REL AREA H4101A;No;ЛОЖЬ;ЛОЖЬ;;93;;;;;;;0;;;;591;ЛОЖЬ;0;None;;;;;;1=RELEASED;;;;;;;Undefined;491;3428;;;;;;;;;;ЛОЖЬ;;;;;;;;;;;;;;;;;;;;;;;;;;;;;;;;;;;;;;;;;;;;;;;;;;;;;;;;;;;;;;;;;;;;;;;;;;;;;;;;;;;;;;Output;ESD_001_1;ESD_411_1;8;;;;;;;;;;;;;;;;;;;;;;;;;;;;
DI;20XL109B_ON;;FSC;2000;A_2000;P-2002/S EMERG. SD;No;ЛОЖЬ;ЛОЖЬ;;222;;;;;;;0;;;;2523;ЛОЖЬ;0;None;;;;;;1=LAMP ON;;;;;;;Undefined;491;3428;;;;;;Low;;;;ЛОЖЬ;;;;ЛОЖЬ;;;;;;;;;;;;;;;;;;;;;;;;;;;;;;Input;ESD_001_1;ESD_001_6;11;;;;;;;;;;;;;;;;;;;;;;;;;;;;;;;;;;;;;;;;;;;;;;;;;;;;;;;;;;;;;;;;;;;;;;;;;;;;;;;;
M;61_81_2;;;;;20HS846B_1;;ЛОЖЬ;ЛОЖЬ;;81;;;;;;;0;;;;722;ЛОЖЬ;0;;;;;;;1=TEST;;;;;;;Undefined;491;3428;;;;;;;;;;ЛОЖЬ;;;;;;;;;;;;;;;;;;;;;;;;;;;;;;;;;;;;;;;;;;;;;;;;;;;;;;;;;;;;;;;;;;;;;;;;;;;;;;;;;;;;;;;;;;;;;;;;;;;;;;;;;;;;;;;;;;;;;
BI;1-RepairTimer_CP1;;SYS;;;Repair time CP1;Yes;ЛОЖЬ;;;16;;Word;;;;;;;;;12;;0;;;;;;;;;0;0;;;;-XXXXX.X;491;3428;;;;;;;;;;ЛОЖЬ;;;;;;;;;;;;;;;;;;;;;;;;;;;;;;;;;;;;;;;;;;;;;;;;;;;;;;;;;;;;;;;;;;;;;;;;;;;;;;;;;;;;;;;;;;;;;;;;;;;;;;;;;;;;;;;;;;;;;
BO;CB001_ESD1_MINUTE;;COM;;;MINUTE;No;ЛОЖЬ;ЛОЖЬ;;15;;Byte;;;;;0;;;;61;;0;;None;None;None;None;;;;;;;;;-XXXXX.X;;;;;;;;;;;;ЛОЖЬ;ИСТИНА;;;;;;;;;;;;;;;;;;;;;Output;EPKS_CCB;ESD_001_1;10073;;;;;;;;;;;;;;;;;;;;;;;;;;;;;;;;;;;;;;;;;;;;;;;;;;;;;;;;;;;;;;;;;;;;;;;;;;;;;;;;;;;;;;;;;;;;
DO;10XL032;;PNL;1000;A_1000;STEAM EMERG.TO H-1001A;Yes;ЛОЖЬ;ЛОЖЬ;;200;;;;;;;0;;;;9;ЛОЖЬ;0;None;;;;;;1=LAMP ON;;;;;;;Undefined;491;3428;;01.05;1;2;1;Appl;;;;ЛОЖЬ;;;;;;;;;;;;;;;;;;;;;;Output;EPKS_CCB;ESD_001_1;540;;;;;;;;;;;;;;;;;;;;;;;;;;;;;;;;;;;;;;;;;;;;;;;;;;;;;;;;;;;;;;;;;;;;;;;;;;;;;;;;;;;;;;;;;;;;
DO;10XL182B;;PNL;1000;A_P10_1;STOP P1042B FIRE - N. 05;Yes;ЛОЖЬ;ЛОЖЬ;;204;;;;;;;0;;;;2;ЛОЖЬ;0;None;;;;;;1=LAMP ON;;;;;;;Undefined;491;3428;;01.05;1;11;1;Appl;;;;ЛОЖЬ;;;;;;;;;;;;;;;;;;;;;;Output;EPKS_CCB;ESD_001_1;541;;;;;;;;;;;;;;;;;;;;;;;;;;;;;;;;;;;;;;;;;;;;;;;;;;;;;;;;;;;;;;;;;;;;;;;;;;;;;;;;;;;;;;;;;;;;
DI;20HS990B2;;PNL;2000;A_2000;MOS RELEASE AREA 2000-2;Yes;ЛОЖЬ;ЛОЖЬ;;53;;;;;;;;;;;91;ЛОЖЬ;0;None;;;;;;0=RELEASE;;;;;;;Undefined;491;3428;;01.03;11;4;1;Hold;;;;ЛОЖЬ;;;;ЛОЖЬ;;;;;;;;;;;;;;;;;;Output;EPKS_CCB;ESD_001_1;542;;;;;;;;;;;;;;;;;;;;;;;;;;;;;;;;;;;;;;;;;;;;;;;;;;;;;;;;;;;;;;;;;;;;;;;;;;;;;;;;;;;;;;;;;;;;
DO;20XL206B;;PNL;2000;A_P20_2;P-2011/S EMERG. SD;Yes;ЛОЖЬ;ЛОЖЬ;;256;;;;;;;0;;;;107;ЛОЖЬ;0;None;;;;;;1=LAMP ON;;;;;;;Undefined;491;3428;;01.05;13;4;1;Appl;;;;ЛОЖЬ;;;;;;;;;;;;;;;;;;;;;;Output;EPKS_CCB;ESD_001_1;543;;;;;;;;;;;;;;;;;;;;;;;;;;;;;;;;;;;;;;;;;;;;;;;;;;;;;;;;;;;;;;;;;;;;;;;;;;;;;;;;;;;;;;;;;;;;
DO;20HS990R_REL;;FSC;2000;A_2000;ESD MOS REL AREA H-2006;No;ЛОЖЬ;ЛОЖЬ;;81;;;;;;;0;;;;726;ЛОЖЬ;0;None;;;;;;1=RELEASED;;;;;;;Undefined;491;3428;;;;;;;;;;ЛОЖЬ;;;;;;;;;;;;;;;;;;;;;;;;;;;;;;;;;;Output;ESD_001_1;ESD_001_6;10;;;;;;;;;;;;;;;;;;;;;;;;;;;;;;;;;;;;;;;;;;;;;;;;;;;;;;;;;;;;;;;;;;;;;;;;;;;;;;;;
DO;20XL018B;;PNL;2000;A_2000;C-2003S SHUTDOWN;Yes;ЛОЖЬ;ЛОЖЬ;;220;;;;;;;0;;;;139;ЛОЖЬ;0;None;;;;;;1=LAMP ON;;;;;;;Undefined;491;3428;;01.06;1;4;1;Appl;;;;ЛОЖЬ;;;;;;;;;;;;;;;;;;;;;;Output;EPKS_CCB;ESD_001_1;544;;;;;;;;;;;;;;;;;;;;;;;;;;;;;;;;;;;;;;;;;;;;;;;;;;;;;;;;;;;;;;;;;;;;;;;;;;;;;;;;;;;;;;;;;;;;
T;73_1;;;;;;;ЛОЖЬ;ЛОЖЬ;;73;;;;;;;;100 ms;10;;108;ЛОЖЬ;0;;;;;;;;;;;;;;Undefined;491;3428;Delayed OFF with constant timer value;;;;;;;;;ЛОЖЬ;;;;;;;;;;;;;;;;;;;;;;;;;;;;;;;;;;;;;;;;;;;;;;;;;;;;;;;;;;;;;;;;;;;;;;;;;;;;;;;;;;;;;;;;;;;;;;;;;;;;;;;;;;;;;;;;;;;;;
DI;20XZLC434B_SN;;FSC;;;VALVE 20XV434B CLOSE;No;ЛОЖЬ;ЛОЖЬ;;242;;;;;;;0;;;;854;ЛОЖЬ;0;None;;;;;;1=CLOSE;1=CLOSE;;;;;;Undefined;;;;;;;;Low;;;;ЛОЖЬ;ИСТИНА;;;ЛОЖЬ;View only;;;;;;;;;;;;;Input;ESD_001_1;ESD_001_8;38;;;;;;;;;;;;;;;;;;;;;;;;;;;;;;;;;;;;;;;;;;;;;;;;;;;;;;;;;;;;;;;;;;;;;;;;;;;;;;;;;;;;;;;;;;;;;;;;
DO;20XL433A_R;;PNL;;;VALVE 20XV433A READY TO CLOSE;Yes;ЛОЖЬ;ЛОЖЬ;;234;;;;;;;0;;;;440;ЛОЖЬ;0;None;;;;;;1=LAMP ON;1=LAMP ON;;;;;;Undefined;;;;01.06;17;1;1;Appl;;;;ЛОЖЬ;ИСТИНА;;;;;;;;;;;;;;;;;;;;;Output;EPKS_CCB;ESD_001_1;507;;;;;;;;;;;;;;;;;;;;;;;;;;;;;;;;;;;;;;;;;;;;;;;;;;;;;;;;;;;;;;;;;;;;;;;;;;;;;;;;;;;;;;;;;;;;
DI;20XL341_ON;;FSC;2000;A_2000;HHPS LIQUID FROM V-2003;No;ЛОЖЬ;ЛОЖЬ;;226;;;;;;;0;;;;1369;ЛОЖЬ;0;None;;;;;;1=LAMP ON;;;;;;;Undefined;491;3428;;;;;;Low;;;;ЛОЖЬ;;;;ЛОЖЬ;;;;;;;;;;;;;;;;;;;;;;;;;;;;;;;;;;;;;;;;;;;;;;Input;ESD_001_1;ESD_001_4;9;;;;;;;;;;;;;;;;;;;;;;;;;;;;;;;;;;;;;;;;;;;;;;;;;;;;;;;;;;;;;;;;
DO;20XL990RB;;PNL;2000;A_2000;MOS ACT/REL AREA H-2006;Yes;ЛОЖЬ;ЛОЖЬ;;81;;;;;;;0;;;;217;ЛОЖЬ;0;None;;;;;;1=LAMP ON;;;;;;;Undefined;491;3428;;01.06;11;2;1;Appl;;;;ЛОЖЬ;;;;;;;;;;;;;;;;;;;;;;Output;EPKS_CCB;ESD_001_1;545;;;;;;;;;;;;;;;;;;;;;;;;;;;;;;;;;;;;;;;;;;;;;;;;;;;;;;;;;;;;;;;;;;;;;;;;;;;;;;;;;;;;;;;;;;;;
M;61_234_4;;;;;20HS846B_1;;ЛОЖЬ;ЛОЖЬ;;234;;;;;;;0;;;;1036;ЛОЖЬ;0;;;;;;;1=TEST;;;;;;;Undefined;491;3428;;;;;;;;;;ЛОЖЬ;;;;;;;;;;;;;;;;;;;;;;;;;;;;;;;;;;;;;;;;;;;;;;;;;;;;;;;;;;;;;;;;;;;;;;;;;;;;;;;;;;;;;;;;;;;;;;;;;;;;;;;;;;;;;;;;;;;;;
DI;30XL047_ON;;FSC;3000;A_3000;C-3001A EMERG. SD;No;ЛОЖЬ;ЛОЖЬ;;206;;;;;;;0;;;;2333;ЛОЖЬ;0;None;;;;;;1=LAMP ON;;;;;;;Undefined;491;3428;;;;;;Low;;;;ЛОЖЬ;;;;ЛОЖЬ;;;;;;;;;;;;;;;;;;;;;;;;;;;;;;;;;;;;;;;;;;;;;;;;;;;;;;;;;;;;;;;;;;;;;;;;;;;;;;;;;;;;;;;;;;Input;ESD_001_1;ESD_301_1;13;;;;;;;;;;;;;;;;;;;;
DO;01_12_SNESD_FLT;;FSC;4200;S_B41_1;ESD_001_1-ESD_411_2;No;ЛОЖЬ;ЛОЖЬ;;19;;;;;;;0;;;;534;ЛОЖЬ;0;None;;;;;;0=FAULT;;;;;;;Undefined;491;3428;;;;;;;;;;ЛОЖЬ;;;;;;;;;;;;;;;;;;;;;;;;;;;;;;;;;;;;;;;;;;;;;;;;;;;;;;;;;;;;;;Output;ESD_001_1;ESD_411_2;0;;;;;;;;;;;;;;;;;;;;;;;;;;;;;;;;;;;;;;;;;;;;;;;;;;;;
DO;20XA303A;;PNL;2000;A_2000;H-2005B EMERG. SD;Yes;ЛОЖЬ;ЛОЖЬ;;226;;;;;;;0;;;;140;ЛОЖЬ;0;None;;;;;;1=LAMP ON;;;;;;;Undefined;491;3428;;01.06;1;5;1;Appl;;;;ЛОЖЬ;;;;;;;;;;;;;;;;;;;;;;Output;EPKS_CCB;ESD_001_1;546;;;;;;;;;;;;;;;;;;;;;;;;;;;;;;;;;;;;;;;;;;;;;;;;;;;;;;;;;;;;;;;;;;;;;;;;;;;;;;;;;;;;;;;;;;;;
DO;41HS265G_EN;;FSC;4100;A_4100;ESD MOS EN AREA C-4104;No;ЛОЖЬ;ЛОЖЬ;;89;;;;;;;0;;;;577;ЛОЖЬ;0;None;;;;;;1=ENABLED;;;;;;;Undefined;491;3428;;;;;;;;;;ЛОЖЬ;;;;;;;;;;;;;;;;;;;;;;;;;;;;;;;;;;;;;;;;;;;;;;;;;;;;;;;;;;;;;;;;;;;;;;;;;;;;;;;;;;;;;;Output;ESD_001_1;ESD_411_1;3;;;;;;;;;;;;;;;;;;;;;;;;;;;;
DI;02_01_SNESD_FLT;;FSC;;;;No;ЛОЖЬ;ЛОЖЬ;;21;;;;;;;0;;;;1770;ЛОЖЬ;0;None;;;;;;0=Fault;;;;;;;Undefined;491;3428;;;;;;Low;;;;ЛОЖЬ;;;;ЛОЖЬ;;;;;;;;;;;;;;;;;;;;;;;;;;;;;;;;;;;;;;;;;;;;;;;;;;;;;;;;;;;;;;;;;;Input;ESD_001_1;ESD_001_2;26;;;;;;;;;;;;;;;;;;;;;;;;;;;;;;;;;;;;;;;;;;;;
DO;41XL002;;PNL;;;BUTTON 41HS002B PRESSED;Yes;ЛОЖЬ;ЛОЖЬ;;284;;;;;;;0;;;;461;ЛОЖЬ;0;None;;;;;;1=ON;1=ON;;;;;;Undefined;;;;01.07;17;6;1;Appl;;;;ЛОЖЬ;ИСТИНА;;;;;;;;;;;;;;;;;;;;;;;;;;;;;;;;;;;;;;;;;;;;;;;;;;;;;;;;;;;;;;;;;;;;;;;;;;;;;;;;;;;;;;;;;;;;;;;;;;;;;;;;;;;;;;;;;;;;
DI;41XL265BB_ON_12;;FSC;4100;A_4100;ESD MOS ACT AREA 4100;No;ЛОЖЬ;ЛОЖЬ;;91;;;;;;;0;;;;2803;ЛОЖЬ;0;None;;;;;;1=LAMP ON;;;;;;;Undefined;491;3428;;;;;;Low;;;;ЛОЖЬ;;;;ЛОЖЬ;;;;;;;;;;;;;;;;;;;;;;;;;;;;;;;;;;;;;;;;;;;;;;;;;;;;;;;;;;Input;ESD_001_1;ESD_411_2;3;;;;;;;;;;;;;;;;;;;;;;;;;;;;;;;;;;;;;;;;;;;;;;;;;;;;
DO;20XL428A;;PNL;2000;A_2000;ACTIVATION EM BLOCK 4;Yes;ЛОЖЬ;ЛОЖЬ;;230;;;;;;;0;;;;162;ЛОЖЬ;0;None;;;;;;1=LAMP ON;;;;;;;Undefined;491;3428;;01.06;5;11;1;Appl;;;;ЛОЖЬ;;;;;;;;;;;;;;;;;;;;;;Output;EPKS_CCB;ESD_001_1;547;;;;;;;;;;;;;;;;;;;;;;;;;;;;;;;;;;;;;;;;;;;;;;;;;;;;;;;;;;;;;;;;;;;;;;;;;;;;;;;;;;;;;;;;;;;;
DO;41XL009B;;PNL;4100;A_P41_1;P-4101 EMERG. SD;Yes;ЛОЖЬ;ЛОЖЬ;;280;;;;;;;0;;;;328;ЛОЖЬ;0;None;;;;;;1=LAMP ON;;;;;;;Undefined;491;3428;;01.07;9;1;1;Appl;;;;ЛОЖЬ;;;;;;;;;;;;;;;;;;;;;;Output;EPKS_CCB;ESD_001_1;548;;;;;;;;;;;;;;;;;;;;;;;;;;;;;;;;;;;;;;;;;;;;;;;;;;;;;;;;;;;;;;;;;;;;;;;;;;;;;;;;;;;;;;;;;;;;
DO;20XL990CB;;PNL;2000;A_2000;MOS ACT/REL AREA 2000-3;Yes;ЛОЖЬ;ЛОЖЬ;;55;;;;;;;0;;;;237;ЛОЖЬ;0;None;;;;;;1=LAMP ON;;;;;;;Undefined;491;3428;;01.06;13;6;1;Appl;;;;ЛОЖЬ;;;;;;;;;;;;;;;;;;;;;;Output;EPKS_CCB;ESD_001_1;549;;;;;;;;;;;;;;;;;;;;;;;;;;;;;;;;;;;;;;;;;;;;;;;;;;;;;;;;;;;;;;;;;;;;;;;;;;;;;;;;;;;;;;;;;;;;
BO;CB001_ESD1_T1;;COM;2000;;TEMPERATURE CP1;No;ЛОЖЬ;ЛОЖЬ;;17;;Word;;;;;0;;;;52;;0;;None;None;None;None;;;;;;;;;-XXXXX.X;;;;;;;;;;;;ЛОЖЬ;ИСТИНА;;;;;;;;;;;;;;;;;;;;;Output;EPKS_CCB;ESD_001_1;10067;;;;;;;;;;;;;;;;;;;;;;;;;;;;;;;;;;;;;;;;;;;;;;;;;;;;;;;;;;;;;;;;;;;;;;;;;;;;;;;;;;;;;;;;;;;;
DI;41XL265CB_ON_11;;FSC;4100;A_4100;ESD MOS ACT AREA C-4103;No;ЛОЖЬ;ЛОЖЬ;;87;;;;;;;0;;;;1841;ЛОЖЬ;0;None;;;;;;1=LAMP ON;;;;;;;Undefined;491;3428;;;;;;Low;;;;ЛОЖЬ;;;;ЛОЖЬ;;;;;;;;;;;;;;;;;;;;;;;;;;;;;;;;;;;;;;;;;;;;;;;;;;;;;;;;;;;;;;;;;;;;;;;;;;;;;;;;;;Input;ESD_001_1;ESD_411_1;1;;;;;;;;;;;;;;;;;;;;;;;;;;;;
DO;51XL059;;PNL;5100;A_5100;GROUP SHUTDOWN;Yes;ЛОЖЬ;ЛОЖЬ;;292;;;;;;;0;;;;355;ЛОЖЬ;0;None;;;;;;1=LAMP ON;;;;;;;Undefined;491;3428;;01.07;13;12;1;Appl;;;;ЛОЖЬ;;;;;;;;;;;;;;;;;;;;;;Output;EPKS_CCB;ESD_001_1;550;;;;;;;;;;;;;;;;;;;;;;;;;;;;;;;;;;;;;;;;;;;;;;;;;;;;;;;;;;;;;;;;;;;;;;;;;;;;;;;;;;;;;;;;;;;;
DI;30XL120_ON;;FSC;3000;A_3000;GROUP SD AT FIRE - N. 03;No;ЛОЖЬ;ЛОЖЬ;;208;;;;;;;0;;;;2338;ЛОЖЬ;0;None;;;;;;1=LAMP ON;;;;;;;Undefined;491;3428;;;;;;Low;;;;ЛОЖЬ;;;;ЛОЖЬ;;;;;;;;;;;;;;;;;;;;;;;;;;;;;;;;;;;;;;;;;;;;;;;;;;;;;;;;;;;;;;;;;;;;;;;;;;;;;;;;;;;;;;;;;;Input;ESD_001_1;ESD_301_1;18;;;;;;;;;;;;;;;;;;;;
DO;52XL925KB;;PNL;5200;A_5200;MOS ACT/REL AREA 5200;Yes;ЛОЖЬ;ЛОЖЬ;;111;;;;;;;0;;;;377;ЛОЖЬ;0;None;;;;;;1=LAMP ON;;;;;;;Undefined;491;3428;;01.07;15;2;1;Appl;;;;ЛОЖЬ;;;;;;;;;;;;;;;;;;;;;;Output;EPKS_CCB;ESD_001_1;551;;;;;;;;;;;;;;;;;;;;;;;;;;;;;;;;;;;;;;;;;;;;;;;;;;;;;;;;;;;;;;;;;;;;;;;;;;;;;;;;;;;;;;;;;;;;
DI;20HS990F2;;PNL;2000;A_2000;MOS RELEASE AREA CH-20-1;Yes;ЛОЖЬ;ЛОЖЬ;;61;;;;;;;;;;;74;ЛОЖЬ;0;None;;;;;;0=RELEASE;;;;;;;Undefined;491;3428;;01.03;9;3;1;Hold;;;;ЛОЖЬ;;;;ЛОЖЬ;;;;;;;;;;;;;;;;;;Output;EPKS_CCB;ESD_001_1;553;;;;;;;;;;;;;;;;;;;;;;;;;;;;;;;;;;;;;;;;;;;;;;;;;;;;;;;;;;;;;;;;;;;;;;;;;;;;;;;;;;;;;;;;;;;;
DO;51XL057;;PNL;5100;A_5100;GROUP SHUTDOWN;Yes;ЛОЖЬ;ЛОЖЬ;;290;;;;;;;0;;;;354;ЛОЖЬ;0;None;;;;;;1=LAMP ON;;;;;;;Undefined;491;3428;;01.07;13;11;1;Appl;;;;ЛОЖЬ;;;;;;;;;;;;;;;;;;;;;;Output;EPKS_CCB;ESD_001_1;554;;;;;;;;;;;;;;;;;;;;;;;;;;;;;;;;;;;;;;;;;;;;;;;;;;;;;;;;;;;;;;;;;;;;;;;;;;;;;;;;;;;;;;;;;;;;
DI;41XSC004_SNESD;;FSC;;;41XV004 CLOSE;No;ЛОЖЬ;ЛОЖЬ;;285;;;;;;;0;;;;1879;ЛОЖЬ;0;None;;;;;;1=CLOSE;1=CLOSE;;;;;;Undefined;;;;;;;;Low;;;;ЛОЖЬ;ИСТИНА;;;ЛОЖЬ;View only;;;;;;;;;;;;;;;;;;;;;;;;;;;;;;;;;;;;;;;;;;;;;;;;;;;;;;;;;;;;;;;;;;;;;;;;;;;;;;;;;Input;ESD_001_1;ESD_411_1;39;;;;;;;;;;;;;;;;;;;;;;;;;;;;
DO;20HS990N_REL;;FSC;2000;A_2000;ESD MOS REL AREA H-2004;No;ЛОЖЬ;ЛОЖЬ;;75;;;;;;;0;;;;711;ЛОЖЬ;0;None;;;;;;1=RELEASED;;;;;;;Undefined;491;3428;;;;;;;;;;ЛОЖЬ;;;;;;;;;;;;;;;;;;;;;;;;;;;;;;Output;ESD_001_1;ESD_001_7;10;;;;;;;;;;;;;;;;;;;;;;;;;;;;;;;;;;;;;;;;;;;;;;;;;;;;;;;;;;;;;;;;;;;;;;;;;;;;;;;;;;;;
DI;41XL265DB_ON_11;;FSC;4100;A_4100;ESD MOS ACT AREA H4101A;No;ЛОЖЬ;ЛОЖЬ;;93;;;;;;;0;;;;1847;ЛОЖЬ;0;None;;;;;;1=LAMP ON;;;;;;;Undefined;491;3428;;;;;;Low;;;;ЛОЖЬ;;;;ЛОЖЬ;;;;;;;;;;;;;;;;;;;;;;;;;;;;;;;;;;;;;;;;;;;;;;;;;;;;;;;;;;;;;;;;;;;;;;;;;;;;;;;;;;Input;ESD_001_1;ESD_411_1;7;;;;;;;;;;;;;;;;;;;;;;;;;;;;
DI;10HS601B;;PNL;1000;A_1000;MOS RELEASE AREA H-1001B;Yes;ЛОЖЬ;ЛОЖЬ;;33;;;;;;;;;;;27;ЛОЖЬ;0;None;;;;;;0=RELEASE;;;;;;;Undefined;491;3428;;01.03;3;4;1;Hold;;;;ЛОЖЬ;;;;ЛОЖЬ;;;;;;;;;;;;;;;;;;Output;EPKS_CCB;ESD_001_1;555;;;;;;;;;;;;;;;;;;;;;;;;;;;;;;;;;;;;;;;;;;;;;;;;;;;;;;;;;;;;;;;;;;;;;;;;;;;;;;;;;;;;;;;;;;;;
DI;10XL040_ON;;FSC;1000;A_1000;STEAM EMERG.TO H-1001B;No;ЛОЖЬ;ЛОЖЬ;;200;;;;;;;0;;;;1557;ЛОЖЬ;0;None;;;;;;1=LAMP ON;;;;;;;Undefined;491;3428;;;;;;Low;;;;ЛОЖЬ;;;;ЛОЖЬ;;Input;ESD_001_1;ESD_101_2;5;;;;;;;;;;;;;;;;;;;;;;;;;;;;;;;;;;;;;;;;;;;;;;;;;;;;;;;;;;;;;;;;;;;;;;;;;;;;;;;;;;;;;;;;;;;;;;;;;;;;;;;;;;;;
DI;20XL072_ON;;FSC;2000;A_2000;ED FROM V-2012;No;ЛОЖЬ;ЛОЖЬ;;250;;;;;;;0;;;;2143;ЛОЖЬ;0;None;;;;;;1=LAMP ON;;;;;;;Undefined;491;3428;;;;;;Low;;;;ЛОЖЬ;;;;ЛОЖЬ;;;;;;;;;;;;;;;;;;;;;;;;;;Input;ESD_001_1;ESD_001_7;15;;;;;;;;;;;;;;;;;;;;;;;;;;;;;;;;;;;;;;;;;;;;;;;;;;;;;;;;;;;;;;;;;;;;;;;;;;;;;;;;;;;;
DO;41HS265G_REL;;FSC;4100;A_4100;ESD MOS REL AREA C-4104;No;ЛОЖЬ;ЛОЖЬ;;89;;;;;;;0;;;;574;ЛОЖЬ;0;None;;;;;;1=RELEASED;;;;;;;Undefined;491;3428;;;;;;;;;;ЛОЖЬ;;;;;;;;;;;;;;;;;;;;;;;;;;;;;;;;;;;;;;;;;;;;;;;;;;;;;;;;;;;;;;;;;;;;;;;;;;;;;;;;;;;;;;Output;ESD_001_1;ESD_411_1;4;;;;;;;;;;;;;;;;;;;;;;;;;;;;
DI;51XL026_ON;;FSC;5100;A_5100;C-5140 EMERG. SD;No;ЛОЖЬ;ЛОЖЬ;;290;;;;;;;0;;;;2040;ЛОЖЬ;0;None;;;;;;1=LAMP ON;;;;;;;Undefined;491;3428;;;;;;Low;;;;ЛОЖЬ;;;;ЛОЖЬ;;;;;;Input;ESD_001_1;ESD_511_1;8;;;;;;;;;;;;;;;;;;;;;;;;;;;;;;;;;;;;;;;;;;;;;;;;;;;;;;;;;;;;;;;;;;;;;;;;;;;;;;;;;;;;;;;;;;;;;;;;;;;;;;;;
DI;00XS001E01FAN;;CAB;2000;S_B001;CB001 ESD-01 ALARM FAN;Yes;ЛОЖЬ;ЛОЖЬ;;18;;;;;;;;;;;2;ЛОЖЬ;0;None;;;;;;0=ALARM;;;;;;;Undefined;491;3428;;01.03;1;11;1;Low;;;;ЛОЖЬ;;;;ЛОЖЬ;;;;;;;;;;;;;;;;;;Output;EPKS_CCB;ESD_001_1;556;;;;;;;;;;;;;;;;;;;;;;;;;;;;;;;;;;;;;;;;;;;;;;;;;;;;;;;;;;;;;;;;;;;;;;;;;;;;;;;;;;;;;;;;;;;;
DI;1-Flasher-1Hz;;SYS;;;1 Hz flasher;No;ЛОЖЬ;;;53;;;;;;;;;;;28;ЛОЖЬ;0;None;;;;;;;;;;;;;Undefined;491;3428;;;;;;;;;;ЛОЖЬ;;;;ЛОЖЬ;;;;;;;;;;;;;;;;;;;;;;;;;;;;;;;;;;;;;;;;;;;;;;;;;;;;;;;;;;;;;;;;;;;;;;;;;;;;;;;;;;;;;;;;;;;;;;;;;;;;;;;;;;;;;;;;;
DI;20HS990E1;;PNL;2000;A_2000;MOS ENABLE AREA AH-20-1;Yes;ЛОЖЬ;ЛОЖЬ;;59;;;;;;;;;;;80;ЛОЖЬ;0;None;;;;;;1=ENABLE;;;;;;;Undefined;491;3428;;01.03;11;9;1;Hold;;;;ЛОЖЬ;;;;ЛОЖЬ;;;;;;;;;;;;;;;;;;Output;EPKS_CCB;ESD_001_1;557;;;;;;;;;;;;;;;;;;;;;;;;;;;;;;;;;;;;;;;;;;;;;;;;;;;;;;;;;;;;;;;;;;;;;;;;;;;;;;;;;;;;;;;;;;;;
DO;20XL431A;;PNL;2000;A_2000;ACTIVATION EM BLOCK 3;Yes;ЛОЖЬ;ЛОЖЬ;;230;;;;;;;0;;;;157;ЛОЖЬ;0;None;;;;;;1=LAMP ON;;;;;;;Undefined;491;3428;;01.06;3;6;1;Appl;;;;ЛОЖЬ;;;;;;;;;;;;;;;;;;;;;;Output;EPKS_CCB;ESD_001_1;558;;;;;;;;;;;;;;;;;;;;;;;;;;;;;;;;;;;;;;;;;;;;;;;;;;;;;;;;;;;;;;;;;;;;;;;;;;;;;;;;;;;;;;;;;;;;
M;61_220_3;;;;;20HS846B_1;;ЛОЖЬ;ЛОЖЬ;;220;;;;;;;0;;;;994;ЛОЖЬ;0;;;;;;;1=TEST;;;;;;;Undefined;491;3428;;;;;;;;;;ЛОЖЬ;;;;;;;;;;;;;;;;;;;;;;;;;;;;;;;;;;;;;;;;;;;;;;;;;;;;;;;;;;;;;;;;;;;;;;;;;;;;;;;;;;;;;;;;;;;;;;;;;;;;;;;;;;;;;;;;;;;;;
DI;20HS846A;;PNL;2000;A_P20_1;TEST LAMPS ON SP1-1;Yes;ЛОЖЬ;ЛОЖЬ;;31;;;;;;;;;;;30;ЛОЖЬ;0;None;;;;;;1=TEST;;;;;;;Undefined;491;3428;;01.03;3;7;1;Low;;;;ЛОЖЬ;;;;ЛОЖЬ;;;;;;;;;;;;;;;;;;Output;EPKS_CCB;ESD_001_1;559;;;;;;;;;;;;;;;;;;;;;;;;;;;;;;;;;;;;;;;;;;;;;;;;;;;;;;;;;;;;;;;;;;;;;;;;;;;;;;;;;;;;;;;;;;;;
M;31_49_2;;;;;20HS846A;;ЛОЖЬ;ЛОЖЬ;;49;;;;;;;0;;;;563;ЛОЖЬ;0;;;;;;;1=TEST;;;;;;;Undefined;491;3428;;;;;;;;;;ЛОЖЬ;;;;;;;;;;;;;;;;;;;;;;;;;;;;;;;;;;;;;;;;;;;;;;;;;;;;;;;;;;;;;;;;;;;;;;;;;;;;;;;;;;;;;;;;;;;;;;;;;;;;;;;;;;;;;;;;;;;;;
M;51_53_1;;;;;20HS846B_2;;ЛОЖЬ;ЛОЖЬ;;53;;;;;;;0;;;;621;ЛОЖЬ;0;;;;;;;1=TEST;;;;;;;Undefined;491;3428;;;;;;;;;;ЛОЖЬ;;;;;;;;;;;;;;;;;;;;;;;;;;;;;;;;;;;;;;;;;;;;;;;;;;;;;;;;;;;;;;;;;;;;;;;;;;;;;;;;;;;;;;;;;;;;;;;;;;;;;;;;;;;;;;;;;;;;;
DO;30XL002B;;PNL;3000;A_P30_1;CLS XV002,093/ P-3001A/S;Yes;ЛОЖЬ;ЛОЖЬ;;204;;;;;;;0;;;;40;ЛОЖЬ;0;None;;;;;;1=LAMP ON;;;;;;;Undefined;491;3428;;01.05;5;1;1;Appl;;;;ЛОЖЬ;;;;;;;;;;;;;;;;;;;;;;Output;EPKS_CCB;ESD_001_1;561;;;;;;;;;;;;;;;;;;;;;;;;;;;;;;;;;;;;;;;;;;;;;;;;;;;;;;;;;;;;;;;;;;;;;;;;;;;;;;;;;;;;;;;;;;;;
DI;52HS925B;;PNL;5200;A_5200;MOS RELEASE AREA 5200;Yes;ЛОЖЬ;ЛОЖЬ;;111;;;;;;;;;;;169;ЛОЖЬ;0;None;;;;;;0=RELEASE;;;;;;;Undefined;491;3428;;01.04;5;2;1;Hold;;;;ЛОЖЬ;;;;ЛОЖЬ;;;;;;;;;;;;;;;;;;Output;EPKS_CCB;ESD_001_1;562;;;;;;;;;;;;;;;;;;;;;;;;;;;;;;;;;;;;;;;;;;;;;;;;;;;;;;;;;;;;;;;;;;;;;;;;;;;;;;;;;;;;;;;;;;;;
M;23_254_5;;;;;21-01 - ESD001_7;;ЛОЖЬ;ЛОЖЬ;;254;;;;;;;0;;;;736;ЛОЖЬ;0;;;;;;;Blink on Failure;;;;;;;Undefined;491;3428;;;;;;;;;;ЛОЖЬ;;;;;;;;;;;;;;;;;;;;;;;;;;;;;;;;;;;;;;;;;;;;;;;;;;;;;;;;;;;;;;;;;;;;;;;;;;;;;;;;;;;;;;;;;;;;;;;;;;;;;;;;;;;;;;;;;;;;;
DO;51XL903KB;;PNL;5100;A_5100;MOS ACT/REL AREA 5140S;Yes;ЛОЖЬ;ЛОЖЬ;;107;;;;;;;0;;;;365;ЛОЖЬ;0;None;;;;;;1=LAMP ON;;;;;;;Undefined;491;3428;;01.07;13;6;1;Appl;;;;ЛОЖЬ;;;;;;;;;;;;;;;;;;;;;;Output;EPKS_CCB;ESD_001_1;563;;;;;;;;;;;;;;;;;;;;;;;;;;;;;;;;;;;;;;;;;;;;;;;;;;;;;;;;;;;;;;;;;;;;;;;;;;;;;;;;;;;;;;;;;;;;
DO;20XL280A;;PNL;2000;A_2000;EMERGENCY SHT.VLV. TO OPEN;Yes;ЛОЖЬ;ЛОЖЬ;;240;;;;;;;0;;;;176;ЛОЖЬ;0;None;;;;;;1=LAMP ON;;;;;;;Undefined;;;;01.06;7;9;1;Appl;;;;ЛОЖЬ;ИСТИНА;;;;;;;;;;;;;;;;;;;;;;;;;;;;;;;;;;;;;;;;;;;;;;;;;;;;;;;;;;;;;;;;;;;;;;;;;;;;;;;;;;;;;;;;;;;;;;;;;;;;;;;;;;;;;;;;;;;;
M;C24_4;;;;;Compiler marker (264, 132);;ЛОЖЬ;ЛОЖЬ;;24;;;;;;;0;;;;60;ЛОЖЬ;0;;;;;;;;;;;;;;Undefined;;;;;;;;;;;;ЛОЖЬ;ИСТИНА;;;;;;;;;;;;;;;;;;;;;;;;;;;;;;;;;;;;;;;;;;;;;;;;;;;;;;;;;;;;;;;;;;;;;;;;;;;;;;;;;;;;;;;;;;;;;;;;;;;;;;;;;;;;;;;;;;;;
DO;01_14_SNESD_FLT;;FSC;5100;S_B51_1;ESD_001_1-ESD_511_1;No;ЛОЖЬ;ЛОЖЬ;;20;;;;;;;0;;;;770;ЛОЖЬ;0;None;;;;;;0=FAULT;;;;;;;Undefined;491;3428;;;;;;;;;;ЛОЖЬ;;;;;;;;;;Output;ESD_001_1;ESD_511_1;0;;;;;;;;;;;;;;;;;;;;;;;;;;;;;;;;;;;;;;;;;;;;;;;;;;;;;;;;;;;;;;;;;;;;;;;;;;;;;;;;;;;;;;;;;;;;;;;;;;;;;;;;
DI;20HS846B_2;;PNL;2000;A_P20_1;TEST LAMPS ON SP1-2B;Yes;ЛОЖЬ;ЛОЖЬ;;51;;;;;;;;;;;106;ЛОЖЬ;0;None;;;;;;1=TEST;;;;;;;Undefined;491;3428;;01.03;13;3;1;Low;;;;ЛОЖЬ;;;;ЛОЖЬ;;;;;;;;;;;;;;;;;;Output;EPKS_CCB;ESD_001_1;564;;;;;;;;;;;;;;;;;;;;;;;;;;;;;;;;;;;;;;;;;;;;;;;;;;;;;;;;;;;;;;;;;;;;;;;;;;;;;;;;;;;;;;;;;;;;
DI;20XL562B_ON;;FSC;2000;A_2000;C-2004A/B/S EMERG. SD;No;ЛОЖЬ;ЛОЖЬ;;264;;;;;;;0;;;;1764;ЛОЖЬ;0;None;;;;;;1=LAMP ON;;;;;;;Undefined;491;3428;;;;;;Low;;;;ЛОЖЬ;;;;ЛОЖЬ;;;;;;;;;;;;;;;;;;;;;;;;;;;;;;;;;;;;;;;;;;;;;;;;;;;;;;;;;;;;;;;;;;Input;ESD_001_1;ESD_001_2;20;;;;;;;;;;;;;;;;;;;;;;;;;;;;;;;;;;;;;;;;;;;;
DO;41XLC003;;PNL;;;41XV003 CLOSED;Yes;ЛОЖЬ;ЛОЖЬ;;285;;;;;;;0;;;;462;ЛОЖЬ;0;None;;;;;;1=CLOSED;1=CLOSED;;;;;;Undefined;;;;01.07;17;7;1;Appl;;;;ЛОЖЬ;ИСТИНА;;;;;;;;;;;;;;;;;;;;;;;;;;;;;;;;;;;;;;;;;;;;;;;;;;;;;;;;;;;;;;;;;;;;;;;;;;;;;;;;;;;;;;;;;;;;;;;;;;;;;;;;;;;;;;;;;;;;
DO;20XL214;;PNL;2000;A_2000;ED FROM T-2005;Yes;ЛОЖЬ;ЛОЖЬ;;256;;;;;;;0;;;;285;ЛОЖЬ;0;None;;;;;;1=LAMP ON;;;;;;;Undefined;491;3428;;01.07;3;6;1;Appl;;;;ЛОЖЬ;;;;;;;;;;;;;;;;;;;;;;Output;EPKS_CCB;ESD_001_1;565;;;;;;;;;;;;;;;;;;;;;;;;;;;;;;;;;;;;;;;;;;;;;;;;;;;;;;;;;;;;;;;;;;;;;;;;;;;;;;;;;;;;;;;;;;;;
DI;20XA084A_ON;;FSC;2000;A_2000;H-2002 EMERG. SD;No;ЛОЖЬ;ЛОЖЬ;;222;;;;;;;0;;;;1941;ЛОЖЬ;0;None;;;;;;1=LAMP ON;;;;;;;Undefined;491;3428;;;;;;Low;;;;ЛОЖЬ;;;;ЛОЖЬ;;;;;;;;;;;;;;;;;;;;;;Input;ESD_001_1;ESD_001_5;5;;;;;;;;;;;;;;;;;;;;;;;;;;;;;;;;;;;;;;;;;;;;;;;;;;;;;;;;;;;;;;;;;;;;;;;;;;;;;;;;;;;;;;;;
DO;30XL125;;PNL;3000;A_3000;STOP AT FIRE-N.06-PMPH;Yes;ЛОЖЬ;ЛОЖЬ;;210;;;;;;;0;;;;75;ЛОЖЬ;0;None;;;;;;1=LAMP ON;;;;;;;Undefined;491;3428;;01.05;9;4;1;Appl;;;;ЛОЖЬ;;;;;;;;;;;;;;;;;;;;;;Output;EPKS_CCB;ESD_001_1;566;;;;;;;;;;;;;;;;;;;;;;;;;;;;;;;;;;;;;;;;;;;;;;;;;;;;;;;;;;;;;;;;;;;;;;;;;;;;;;;;;;;;;;;;;;;;
DO;41XL265CB;;PNL;4100;A_4100;MOS ACT/REL AREA C-4103;Yes;ЛОЖЬ;ЛОЖЬ;;87;;;;;;;0;;;;315;ЛОЖЬ;0;None;;;;;;1=LAMP ON;;;;;;;Undefined;491;3428;;01.07;7;4;1;Appl;;;;ЛОЖЬ;;;;;;;;;;;;;;;;;;;;;;Output;EPKS_CCB;ESD_001_1;568;;;;;;;;;;;;;;;;;;;;;;;;;;;;;;;;;;;;;;;;;;;;;;;;;;;;;;;;;;;;;;;;;;;;;;;;;;;;;;;;;;;;;;;;;;;;
DO;41HS265E_EN;;FSC;4100;A_4100;ESD MOS EN AREA H4101B;No;ЛОЖЬ;ЛОЖЬ;;95;;;;;;;0;;;;596;ЛОЖЬ;0;None;;;;;;1=ENABLED;;;;;;;Undefined;491;3428;;;;;;;;;;ЛОЖЬ;;;;;;;;;;;;;;;;;;;;;;;;;;;;;;;;;;;;;;;;;;;;;;;;;;;;;;;;;;;;;;;;;;;;;;;;;;;;;;;;;;;;;;Output;ESD_001_1;ESD_411_1;9;;;;;;;;;;;;;;;;;;;;;;;;;;;;
BO;CB001_ESD1_RT1_B;;COM;2000;;Start Repair Timer CP1;No;ЛОЖЬ;ЛОЖЬ;;16;;Word;;;;;0;;;;16;;0;;;;;;;;;0;0;;;;-XXXXX.X;;;;;;;;;;;;ЛОЖЬ;ИСТИНА;;;;;;;;;;;;;;;;;;;;;Output;EPKS_CCB;ESD_001_1;10065;;;;;;;;;;;;;;;;;;;;;;;;;;;;;;;;;;;;;;;;;;;;;;;;;;;;;;;;;;;;;;;;;;;;;;;;;;;;;;;;;;;;;;;;;;;;
DO;30XL705KA;;PNL;3000;A_3000;MOS ENABLED AREA C-3001S;Yes;ЛОЖЬ;ЛОЖЬ;;41;;;;;;;0;;;;62;ЛОЖЬ;0;None;;;;;;1=LAMP ON;;;;;;;Undefined;491;3428;;01.05;7;7;1;Appl;;;;ЛОЖЬ;;;;;;;;;;;;;;;;;;;;;;Output;EPKS_CCB;ESD_001_1;569;;;;;;;;;;;;;;;;;;;;;;;;;;;;;;;;;;;;;;;;;;;;;;;;;;;;;;;;;;;;;;;;;;;;;;;;;;;;;;;;;;;;;;;;;;;;
DI;20HS990H2;;PNL;2000;A_2000;MOS RELEASE AREA CH-20-3;Yes;ЛОЖЬ;ЛОЖЬ;;65;;;;;;;;;;;85;ЛОЖЬ;0;None;;;;;;0=RELEASE;;;;;;;Undefined;491;3428;;01.03;11;14;1;Hold;;;;ЛОЖЬ;;;;ЛОЖЬ;;;;;;;;;;;;;;;;;;Output;EPKS_CCB;ESD_001_1;570;;;;;;;;;;;;;;;;;;;;;;;;;;;;;;;;;;;;;;;;;;;;;;;;;;;;;;;;;;;;;;;;;;;;;;;;;;;;;;;;;;;;;;;;;;;;
DI;41XL708_ON;;FSC;4100;A_4101;OOS FSLL018;No;ЛОЖЬ;ЛОЖЬ;;281;;;;;;;0;;;;1864;ЛОЖЬ;0;None;;;;;;1=OVERRIDE;;;;;;;Undefined;;;;;;;;Low;;;;ЛОЖЬ;ИСТИНА;;;ЛОЖЬ;;;;;;;;;;;;;;;;;;;;;;;;;;;;;;;;;;;;;;;;;;;;;;;;;;;;;;;;;;;;;;;;;;;;;;;;;;;;;;;;;;Input;ESD_001_1;ESD_411_1;24;;;;;;;;;;;;;;;;;;;;;;;;;;;;
DO;41XL056B;;PNL;4100;A_4100;H-4101A REFORM EMERG. SD;Yes;ЛОЖЬ;ЛОЖЬ;;280;;;;;;;0;;;;330;ЛОЖЬ;0;None;;;;;;1=LAMP ON;;;;;;;Undefined;491;3428;;01.07;9;3;1;Appl;;;;ЛОЖЬ;;;;;;;;;;;;;;;;;;;;;;Output;EPKS_CCB;ESD_001_1;571;;;;;;;;;;;;;;;;;;;;;;;;;;;;;;;;;;;;;;;;;;;;;;;;;;;;;;;;;;;;;;;;;;;;;;;;;;;;;;;;;;;;;;;;;;;;
M;31_210_3;;;;;20HS846A;;ЛОЖЬ;ЛОЖЬ;;210;;;;;;;0;;;;988;ЛОЖЬ;0;;;;;;;1=TEST;;;;;;;Undefined;491;3428;;;;;;;;;;ЛОЖЬ;;;;;;;;;;;;;;;;;;;;;;;;;;;;;;;;;;;;;;;;;;;;;;;;;;;;;;;;;;;;;;;;;;;;;;;;;;;;;;;;;;;;;;;;;;;;;;;;;;;;;;;;;;;;;;;;;;;;;
DO;30HS706_EN;;FSC;3000;A_3000;ESD MOS EN AREA 3000;No;ЛОЖЬ;ЛОЖЬ;;43;;;;;;;0;;;;558;ЛОЖЬ;0;None;;;;;;1=ENABLED;;;;;;;Undefined;491;3428;;;;;;;;;;ЛОЖЬ;;;;;;;;;;;;;;;;;;;;;;;;;;;;;;;;;;;;;;;;;;;;;;;;;;;;;;;;;;;;;;;;;;;;;;;;;;;;;;;;;;;;;;;;;;;;;;Output;ESD_001_1;ESD_301_1;7;;;;;;;;;;;;;;;;;;;;
DO;20XL990DB;;PNL;2000;A_2000;MOS ACT/REL AREA 2000-4;Yes;ЛОЖЬ;ЛОЖЬ;;57;;;;;;;0;;;;239;ЛОЖЬ;0;None;;;;;;1=LAMP ON;;;;;;;Undefined;491;3428;;01.06;13;8;1;Appl;;;;ЛОЖЬ;;;;;;;;;;;;;;;;;;;;;;Output;EPKS_CCB;ESD_001_1;572;;;;;;;;;;;;;;;;;;;;;;;;;;;;;;;;;;;;;;;;;;;;;;;;;;;;;;;;;;;;;;;;;;;;;;;;;;;;;;;;;;;;;;;;;;;;
DO;20XL046B;;PNL;2000;A_P20_2;P-2021 EMERGG. SD;Yes;ЛОЖЬ;ЛОЖЬ;;250;;;;;;;0;;;;265;ЛОЖЬ;0;None;;;;;;1=LAMP ON;;;;;;;Undefined;491;3428;;01.07;1;2;1;Appl;;;;ЛОЖЬ;;;;;;;;;;;;;;;;;;;;;;Output;EPKS_CCB;ESD_001_1;573;;;;;;;;;;;;;;;;;;;;;;;;;;;;;;;;;;;;;;;;;;;;;;;;;;;;;;;;;;;;;;;;;;;;;;;;;;;;;;;;;;;;;;;;;;;;
DO;41HS265B_REL;;FSC;4100;A_4100;ESD MOS REL AREA 4100;No;ЛОЖЬ;ЛОЖЬ;;91;;;;;;;0;;;;583;ЛОЖЬ;0;None;;;;;;1=RELEASED;;;;;;;Undefined;491;3428;;;;;;;;;;ЛОЖЬ;;;;;;;;;;;;;;;;;;;;;;;;;;;;;;;;;;;;;;;;;;;;;;;;;;;;;;;;;;;;;;Output;ESD_001_1;ESD_411_2;4;;;;;;;;;;;;;;;;;;;;;Output;ESD_001_1;ESD_411_1;6;;;;;;;;;;;;;;;;;;;;;;;;;;;;
DO;30XL705KB;;PNL;3000;A_3000;MOS ACT/REL AREA C-3001S;Yes;ЛОЖЬ;ЛОЖЬ;;41;;;;;;;0;;;;63;ЛОЖЬ;0;None;;;;;;1=LAMP ON;;;;;;;Undefined;491;3428;;01.05;7;8;1;Appl;;;;ЛОЖЬ;;;;;;;;;;;;;;;;;;;;;;Output;EPKS_CCB;ESD_001_1;574;;;;;;;;;;;;;;;;;;;;;;;;;;;;;;;;;;;;;;;;;;;;;;;;;;;;;;;;;;;;;;;;;;;;;;;;;;;;;;;;;;;;;;;;;;;;
DO;42HS113B_REL;;FSC;4200;A_4200;ESD MOS REL AREA C-4202;No;ЛОЖЬ;ЛОЖЬ;;101;;;;;;;0;;;;569;ЛОЖЬ;0;None;;;;;;1=RELEASED;;;;;;;Undefined;491;3428;;;;;;;;;;ЛОЖЬ;;;;;;;;;;;;;;;;;;;;;;;;;;;;;;;;;;;;;;;;;;;;;;;;;;;;;;;;;;;;;;Output;ESD_001_1;ESD_411_2;10;;;;;;;;;;;;;;;;;;;;;;;;;;;;;;;;;;;;;;;;;;;;;;;;;;;;
DO;30XL703KB;;PNL;3000;A_3000;MOS ACT/REL AREA H-3001;Yes;ЛОЖЬ;ЛОЖЬ;;37;;;;;;;0;;;;59;ЛОЖЬ;0;None;;;;;;1=LAMP ON;;;;;;;Undefined;491;3428;;01.05;7;4;1;Appl;;;;ЛОЖЬ;;;;;;;;;;;;;;;;;;;;;;Output;EPKS_CCB;ESD_001_1;575;;;;;;;;;;;;;;;;;;;;;;;;;;;;;;;;;;;;;;;;;;;;;;;;;;;;;;;;;;;;;;;;;;;;;;;;;;;;;;;;;;;;;;;;;;;;
DI;20XL019B_ON;;FSC;2000;A_2000;C-2001 EMERG SD;No;ЛОЖЬ;ЛОЖЬ;;250;;;;;;;0;;;;1757;ЛОЖЬ;0;None;;;;;;1=LAMP ON;;;;;;;Undefined;491;3428;;;;;;Low;;;;ЛОЖЬ;;;;ЛОЖЬ;;;;;;;;;;;;;;;;;;;;;;;;;;;;;;;;;;;;;;;;;;;;;;;;;;;;;;;;;;;;;;;;;;Input;ESD_001_1;ESD_001_2;13;;;;;;;;;;;;;;;;;;;;;;;;;;;;;;;;;;;;;;;;;;;;
DO;20XL433B_R;;PNL;;;VALVE 20XV433B READY TO CLOSE;Yes;ЛОЖЬ;ЛОЖЬ;;234;;;;;;;0;;;;441;ЛОЖЬ;0;None;;;;;;1=LAMP ON;1=LAMP ON;;;;;;Undefined;;;;01.06;17;2;1;Appl;;;;ЛОЖЬ;ИСТИНА;;;;;;;;;;;;;;;;;;;;;Output;EPKS_CCB;ESD_001_1;512;;;;;;;;;;;;;;;;;;;;;;;;;;;;;;;;;;;;;;;;;;;;;;;;;;;;;;;;;;;;;;;;;;;;;;;;;;;;;;;;;;;;;;;;;;;;
DI;20XL159_ON;;FSC;2000;A_2000;ED FROM V-2014;No;ЛОЖЬ;ЛОЖЬ;;254;;;;;;;0;;;;2149;ЛОЖЬ;0;None;;;;;;1=LAMP ON;;;;;;;Undefined;491;3428;;;;;;Low;;;;ЛОЖЬ;;;;ЛОЖЬ;;;;;;;;;;;;;;;;;;;;;;;;;;Input;ESD_001_1;ESD_001_7;21;;;;;;;;;;;;;;;;;;;;;;;;;;;;;;;;;;;;;;;;;;;;;;;;;;;;;;;;;;;;;;;;;;;;;;;;;;;;;;;;;;;;
T;41_1;;;;;;;ЛОЖЬ;ЛОЖЬ;;41;;;;;;;;100 ms;10;;20;ЛОЖЬ;0;;;;;;;;;;;;;;Undefined;491;3428;Delayed OFF with constant timer value;;;;;;;;;ЛОЖЬ;;;;;;;;;;;;;;;;;;;;;;;;;;;;;;;;;;;;;;;;;;;;;;;;;;;;;;;;;;;;;;;;;;;;;;;;;;;;;;;;;;;;;;;;;;;;;;;;;;;;;;;;;;;;;;;;;;;;;
M;22_202_1;;;;;09-01 - ESD101_2;;ЛОЖЬ;ЛОЖЬ;;202;;;;;;;0;;;;658;ЛОЖЬ;0;;;;;;;Blink on Failure;;;;;;;Undefined;491;3428;;;;;;;;;;ЛОЖЬ;;;;;;;;;;;;;;;;;;;;;;;;;;;;;;;;;;;;;;;;;;;;;;;;;;;;;;;;;;;;;;;;;;;;;;;;;;;;;;;;;;;;;;;;;;;;;;;;;;;;;;;;;;;;;;;;;;;;;
DO;20XL434A6;;PNL;2000;A_2000;2ND ST DEPR 20XV434A CLS;Yes;ЛОЖЬ;ЛОЖЬ;;232;;;;;;;0;;;;143;ЛОЖЬ;0;None;;;;;;1=LAMP ON;;;;;;;Undefined;491;3428;;01.06;1;8;1;Appl;;;;ЛОЖЬ;;;;;;;;;;;;;;;;;;;;;;Output;EPKS_CCB;ESD_001_1;577;;;;;;;;;;;;;;;;;;;;;;;;;;;;;;;;;;;;;;;;;;;;;;;;;;;;;;;;;;;;;;;;;;;;;;;;;;;;;;;;;;;;;;;;;;;;
DO;20XL990DA;;PNL;2000;A_2000;MOS ENABLED AREA 2000-4;Yes;ЛОЖЬ;ЛОЖЬ;;57;;;;;;;0;;;;238;ЛОЖЬ;0;None;;;;;;1=LAMP ON;;;;;;;Undefined;491;3428;;01.06;13;7;1;Appl;;;;ЛОЖЬ;;;;;;;;;;;;;;;;;;;;;;Output;EPKS_CCB;ESD_001_1;578;;;;;;;;;;;;;;;;;;;;;;;;;;;;;;;;;;;;;;;;;;;;;;;;;;;;;;;;;;;;;;;;;;;;;;;;;;;;;;;;;;;;;;;;;;;;
DO;52HS926_REL;;FSC;5200;A_5200;ESD MOS REL AREA 430-16;No;ЛОЖЬ;ЛОЖЬ;;113;;;;;;;0;;;;807;ЛОЖЬ;0;None;;;;;;1=RELEASED;;;;;;;Undefined;491;3428;;;;;;;;;;ЛОЖЬ;;;;;;;;;;;;;;;;;;;;;;;;;;;;;;;;;;;;;;;;;;;;;;;;;;Output;ESD_001_1;ESD_001_4;10;;;;;;;;;;;;;;;;;;;;;;;;;;;;;;;;;;;;;;;;;;;;;;;;;;;;;;;;;;;;;;;;
DO;20XL990GB;;PNL;2000;A_2000;MOS ACT/REL AREA CH-20-2;Yes;ЛОЖЬ;ЛОЖЬ;;63;;;;;;;0;;;;227;ЛОЖЬ;0;None;;;;;;1=LAMP ON;;;;;;;Undefined;491;3428;;01.06;13;12;1;Appl;;;;ЛОЖЬ;;;;;;;;;;;;;;;;;;;;;;Output;EPKS_CCB;ESD_001_1;580;;;;;;;;;;;;;;;;;;;;;;;;;;;;;;;;;;;;;;;;;;;;;;;;;;;;;;;;;;;;;;;;;;;;;;;;;;;;;;;;;;;;;;;;;;;;
M;21_240_14;;;;;02-01 - ESD001_2;;ЛОЖЬ;ЛОЖЬ;;240;;;;;;;0;;;;43;ЛОЖЬ;0;;;;;;;Blink on Failure;;;;;;;Undefined;;;;;;;;;;;;ЛОЖЬ;ИСТИНА;;;;;;;;;;;;;;;;;;;;;;;;;;;;;;;;;;;;;;;;;;;;;;;;;;;;;;;;;;;;;;;;;;;;;;;;;;;;;;;;;;;;;;;;;;;;;;;;;;;;;;;;;;;;;;;;;;;;
DI;42XL41_93_ON_12;;FSC;;;ESD MOS ACT TO 930-09;No;ЛОЖЬ;ЛОЖЬ;;97;;;;;;;0;;;;2800;ЛОЖЬ;0;None;;;;;;1=LAMP ON;1=LAMP ON;;;;;;Undefined;;;;;;;;Low;;;;ЛОЖЬ;ИСТИНА;;;ЛОЖЬ;View only;;;;;;;;;;;;;;;;;;;;;;;;;;;;;;;;;;;;;;;;;;;;;;;;;;;;;;;;;Input;ESD_001_1;ESD_411_2;0;;;;;;;;;;;;;;;;;;;;;;;;;;;;;;;;;;;;;;;;;;;;;;;;;;;;
DO;20XL990HB;;PNL;2000;A_2000;MOS ACT/REL AREA CH-20-3;Yes;ЛОЖЬ;ЛОЖЬ;;65;;;;;;;0;;;;249;ЛОЖЬ;0;None;;;;;;1=LAMP ON;;;;;;;Undefined;491;3428;;01.06;15;2;1;Appl;;;;ЛОЖЬ;;;;;;;;;;;;;;;;;;;;;;Output;EPKS_CCB;ESD_001_1;581;;;;;;;;;;;;;;;;;;;;;;;;;;;;;;;;;;;;;;;;;;;;;;;;;;;;;;;;;;;;;;;;;;;;;;;;;;;;;;;;;;;;;;;;;;;;
M;21_254_7;;;;;02-01 - ESD001_2;;ЛОЖЬ;ЛОЖЬ;;254;;;;;;;0;;;;737;ЛОЖЬ;0;;;;;;;Blink on Failure;;;;;;;Undefined;491;3428;;;;;;;;;;ЛОЖЬ;;;;;;;;;;;;;;;;;;;;;;;;;;;;;;;;;;;;;;;;;;;;;;;;;;;;;;;;;;;;;;;;;;;;;;;;;;;;;;;;;;;;;;;;;;;;;;;;;;;;;;;;;;;;;;;;;;;;;
DI;52HS925A;;PNL;5200;A_5200;MOS ENABLE AREA 5200;Yes;ЛОЖЬ;ЛОЖЬ;;111;;;;;;;;;;;168;ЛОЖЬ;0;None;;;;;;1=ENABLE;;;;;;;Undefined;491;3428;;01.04;5;1;1;Hold;;;;ЛОЖЬ;;;;ЛОЖЬ;;;;;;;;;;;;;;;;;;Output;EPKS_CCB;ESD_001_1;582;;;;;;;;;;;;;;;;;;;;;;;;;;;;;;;;;;;;;;;;;;;;;;;;;;;;;;;;;;;;;;;;;;;;;;;;;;;;;;;;;;;;;;;;;;;;
M;22_0_4;;;;;12-01 - ESD411_2;;ЛОЖЬ;ЛОЖЬ;;22;;;;;;;0;;;;554;ЛОЖЬ;0;;;;;;;;;;;;;;Undefined;491;3428;;;;;;;;;;ЛОЖЬ;;;;;;;;;;;;;;;;;;;;;;;;;;;;;;;;;;;;;;;;;;;;;;;;;;;;;;;;;;;;;;;;;;;;;;;;;;;;;;;;;;;;;;;;;;;;;;;;;;;;;;;;;;;;;;;;;;;;;
DO;20XL174B;;PNL;2000;A_P20_2;P-2006/S EMERG. SD;Yes;ЛОЖЬ;ЛОЖЬ;;224;;;;;;;0;;;;172;ЛОЖЬ;0;None;;;;;;1=LAMP ON;;;;;;;Undefined;491;3428;;01.06;5;5;1;Appl;;;;ЛОЖЬ;;;;;;;;;;;;;;;;;;;;;;Output;EPKS_CCB;ESD_001_1;583;;;;;;;;;;;;;;;;;;;;;;;;;;;;;;;;;;;;;;;;;;;;;;;;;;;;;;;;;;;;;;;;;;;;;;;;;;;;;;;;;;;;;;;;;;;;
DO;30XL030B;;PNL;3000;A_P30_1;CLS XV030,096/ P-3005A/S;Yes;ЛОЖЬ;ЛОЖЬ;;206;;;;;;;0;;;;44;ЛОЖЬ;0;None;;;;;;1=LAMP ON;;;;;;;Undefined;491;3428;;01.05;5;5;1;Appl;;;;ЛОЖЬ;;;;;;;;;;;;;;;;;;;;;;Output;EPKS_CCB;ESD_001_1;585;;;;;;;;;;;;;;;;;;;;;;;;;;;;;;;;;;;;;;;;;;;;;;;;;;;;;;;;;;;;;;;;;;;;;;;;;;;;;;;;;;;;;;;;;;;;
M;61_67_1;;;;;20HS846B_1;;ЛОЖЬ;ЛОЖЬ;;67;;;;;;;0;;;;677;ЛОЖЬ;0;;;;;;;1=TEST;;;;;;;Undefined;491;3428;;;;;;;;;;ЛОЖЬ;;;;;;;;;;;;;;;;;;;;;;;;;;;;;;;;;;;;;;;;;;;;;;;;;;;;;;;;;;;;;;;;;;;;;;;;;;;;;;;;;;;;;;;;;;;;;;;;;;;;;;;;;;;;;;;;;;;;;
T;43_1;;;;;;;ЛОЖЬ;ЛОЖЬ;;43;;;;;;;;100 ms;10;;24;ЛОЖЬ;0;;;;;;;;;;;;;;Undefined;491;3428;Delayed OFF with constant timer value;;;;;;;;;ЛОЖЬ;;;;;;;;;;;;;;;;;;;;;;;;;;;;;;;;;;;;;;;;;;;;;;;;;;;;;;;;;;;;;;;;;;;;;;;;;;;;;;;;;;;;;;;;;;;;;;;;;;;;;;;;;;;;;;;;;;;;;
DO;20XL281A;;PNL;2000;A_2000;EMERGENCY STEAM TO H-2006 VALVE OP;Yes;ЛОЖЬ;ЛОЖЬ;;240;;;;;;;0;;;;178;ЛОЖЬ;0;None;;;;;;1=LAMP ON;;;;;;;Undefined;;;;01.06;7;11;1;Appl;;;;ЛОЖЬ;ИСТИНА;;;;;;;;;;;;;;;;;;;;;;;;;;;;;;;;;;;;;;;;;;;;;;;;;;;;;;;;;;;;;;;;;;;;;;;;;;;;;;;;;;;;;;;;;;;;;;;;;;;;;;;;;;;;;;;;;;;;
DI;20HS990R2;;PNL;2000;A_2000;MOS RELEASE AREA H-2006;Yes;ЛОЖЬ;ЛОЖЬ;;81;;;;;;;;;;;70;ЛОЖЬ;0;None;;;;;;0=RELEASE;;;;;;;Undefined;491;3428;;01.03;9;15;1;Hold;;;;ЛОЖЬ;;;;ЛОЖЬ;;;;;;;;;;;;;;;;;;Output;EPKS_CCB;ESD_001_1;586;;;;;;;;;;;;;;;;;;;;;;;;;;;;;;;;;;;;;;;;;;;;;;;;;;;;;;;;;;;;;;;;;;;;;;;;;;;;;;;;;;;;;;;;;;;;
DI;1-FaultReset;;SYS;;;Fault Reset;Yes;ЛОЖЬ;;;0;;;;;;;;;;;0;ЛОЖЬ;0;None;;;;;;;;;;;;;Undefined;491;3428;;;;;;;;;;ЛОЖЬ;;;;ЛОЖЬ;;;;;;;;;;;;;;;;;;;;;;;;;;;;;;;;;;;;;;;;;;;;;;;;;;;;;;;;;;;;;;;;;;;;;;;;;;;;;;;;;;;;;;;;;;;;;;;;;;;;;;;;;;;;;;;;;
DI;20XL161B_ON;;FSC;2000;A_2000;FRACN. FEED FROM V-2014;No;ЛОЖЬ;ЛОЖЬ;;240;;;;;;;0;;;;1758;ЛОЖЬ;0;None;;;;;;1=LAMP ON;;;;;;;Undefined;491;3428;;;;;;Low;;;;ЛОЖЬ;;;;ЛОЖЬ;;;;;;;;;;;;;;;;;;;;;;;;;;;;;;;;;;;;;;;;;;;;;;;;;;;;;;;;;;;;;;;;;;Input;ESD_001_1;ESD_001_2;14;;;;;;;;;;;;;;;;;;;;;;;;;;;;;;;;;;;;;;;;;;;;
DI;20HS990N2;;PNL;2000;A_2000;MOS RELEASE AREA H-2004;Yes;ЛОЖЬ;ЛОЖЬ;;75;;;;;;;;;;;87;ЛОЖЬ;0;None;;;;;;0=RELEASE;;;;;;;Undefined;491;3428;;01.03;11;16;1;Hold;;;;ЛОЖЬ;;;;ЛОЖЬ;;;;;;;;;;;;;;;;;;Output;EPKS_CCB;ESD_001_1;587;;;;;;;;;;;;;;;;;;;;;;;;;;;;;;;;;;;;;;;;;;;;;;;;;;;;;;;;;;;;;;;;;;;;;;;;;;;;;;;;;;;;;;;;;;;;
DI;30HS705A;;PNL;3000;A_3000;MOS ENABLE AREA C-3001S;Yes;ЛОЖЬ;ЛОЖЬ;;41;;;;;;;;;;;46;ЛОЖЬ;0;None;;;;;;1=ENABLE;;;;;;;Undefined;491;3428;;01.03;5;7;1;Hold;;;;ЛОЖЬ;;;;ЛОЖЬ;;;;;;;;;;;;;;;;;;Output;EPKS_CCB;ESD_001_1;588;;;;;;;;;;;;;;;;;;;;;;;;;;;;;;;;;;;;;;;;;;;;;;;;;;;;;;;;;;;;;;;;;;;;;;;;;;;;;;;;;;;;;;;;;;;;
M;22_210_5;;;;;13-01 - ESD431_1;;ЛОЖЬ;ЛОЖЬ;;210;;;;;;;0;;;;665;ЛОЖЬ;0;;;;;;;Blink on Failure;;;;;;;Undefined;491;3428;;;;;;;;;;ЛОЖЬ;;;;;;;;;;;;;;;;;;;;;;;;;;;;;;;;;;;;;;;;;;;;;;;;;;;;;;;;;;;;;;;;;;;;;;;;;;;;;;;;;;;;;;;;;;;;;;;;;;;;;;;;;;;;;;;;;;;;;
DI;20XA388A_ON;;FSC;2000;A_2000;H-2006 EMERG. SD;No;ЛОЖЬ;ЛОЖЬ;;226;;;;;;;0;;;;2527;ЛОЖЬ;0;None;;;;;;1=LAMP ON;;;;;;;Undefined;491;3428;;;;;;Low;;;;ЛОЖЬ;;;;ЛОЖЬ;;;;;;;;;;;;;;;;;;;;;;;;;;;;;;Input;ESD_001_1;ESD_001_6;15;;;;;;;;;;;;;;;;;;;;;;;;;;;;;;;;;;;;;;;;;;;;;;;;;;;;;;;;;;;;;;;;;;;;;;;;;;;;;;;;
M;61_240_5;;;;;20HS846B_1;;ЛОЖЬ;ЛОЖЬ;;240;;;;;;;0;;;;40;ЛОЖЬ;0;;;;;;;1=TEST;;;;;;;Undefined;;;;;;;;;;;;ЛОЖЬ;ИСТИНА;;;;;;;;;;;;;;;;;;;;;;;;;;;;;;;;;;;;;;;;;;;;;;;;;;;;;;;;;;;;;;;;;;;;;;;;;;;;;;;;;;;;;;;;;;;;;;;;;;;;;;;;;;;;;;;;;;;;
T;63_1;;;;;;;ЛОЖЬ;ЛОЖЬ;;63;;;;;;;;100 ms;10;;88;ЛОЖЬ;0;;;;;;;;;;;;;;Undefined;491;3428;Delayed OFF with constant timer value;;;;;;;;;ЛОЖЬ;;;;;;;;;;;;;;;;;;;;;;;;;;;;;;;;;;;;;;;;;;;;;;;;;;;;;;;;;;;;;;;;;;;;;;;;;;;;;;;;;;;;;;;;;;;;;;;;;;;;;;;;;;;;;;;;;;;;;
DI;21XA446_ON;;FSC;2100;A_2000;FIRE ALARM IN CR;No;ЛОЖЬ;ЛОЖЬ;;238;;;;;;;0;;;;1769;ЛОЖЬ;0;None;;;;;;1=LAMP ON;;;;;;;Undefined;491;3428;;;;;;Low;;;;ЛОЖЬ;;;;ЛОЖЬ;;;;;;;;;;;;;;;;;;;;;;;;;;;;;;;;;;;;;;;;;;;;;;;;;;;;;;;;;;;;;;;;;;Input;ESD_001_1;ESD_001_2;25;;;;;;;;;;;;;;;;;;;;;;;;;;;;;;;;;;;;;;;;;;;;
DO;30XL119;;PNL;3000;A_3000;GROUP SD AT FIRE - N. 03;Yes;ЛОЖЬ;ЛОЖЬ;;208;;;;;;;0;;;;33;ЛОЖЬ;0;None;;;;;;1=LAMP ON;;;;;;;Undefined;491;3428;;01.05;5;10;1;Appl;;;;ЛОЖЬ;;;;;;;;;;;;;;;;;;;;;;Output;EPKS_CCB;ESD_001_1;589;;;;;;;;;;;;;;;;;;;;;;;;;;;;;;;;;;;;;;;;;;;;;;;;;;;;;;;;;;;;;;;;;;;;;;;;;;;;;;;;;;;;;;;;;;;;
DI;30XL125_ON;;FSC;3000;A_3000;STOP AT FIRE-N.06-PMPH;No;ЛОЖЬ;ЛОЖЬ;;210;;;;;;;0;;;;2343;ЛОЖЬ;0;None;;;;;;1=LAMP ON;;;;;;;Undefined;491;3428;;;;;;Low;;;;ЛОЖЬ;;;;ЛОЖЬ;;;;;;;;;;;;;;;;;;;;;;;;;;;;;;;;;;;;;;;;;;;;;;;;;;;;;;;;;;;;;;;;;;;;;;;;;;;;;;;;;;;;;;;;;;Input;ESD_001_1;ESD_301_1;23;;;;;;;;;;;;;;;;;;;;
DI;20XL990NB_ON_07;;FSC;2000;A_2000;ESD MOS ACT AREA H-2004;No;ЛОЖЬ;ЛОЖЬ;;75;;;;;;;0;;;;2137;ЛОЖЬ;0;None;;;;;;1=LAMP ON;;;;;;;Undefined;491;3428;;;;;;Low;;;;ЛОЖЬ;;;;ЛОЖЬ;;;;;;;;;;;;;;;;;;;;;;;;;;Input;ESD_001_1;ESD_001_7;9;;;;;;;;;;;;;;;;;;;;;;;;;;;;;;;;;;;;;;;;;;;;;;;;;;;;;;;;;;;;;;;;;;;;;;;;;;;;;;;;;;;;
DO;41XL736;;PNL;;;;Yes;ЛОЖЬ;ЛОЖЬ;;281;;;;;;;0;;;;307;ЛОЖЬ;0;None;;;;;;1=LAMP ON;;;;;;;Undefined;;;;01.07;7;12;1;Appl;;;;ЛОЖЬ;ИСТИНА;;;;;;;;;;;;;;;;;;;;;;;;;;;;;;;;;;;;;;;;;;;;;;;;;;;;;;;;;;;;;;;;;;;;;;;;;;;;;;;;;;;;;;;;;;;;;;;;;;;;;;;;;;;;;;;;;;;;
DO;10XL601KB;;PNL;1000;A_1000;MOS ACT AREA H-1001B;Yes;ЛОЖЬ;ЛОЖЬ;;33;;;;;;;0;;;;27;ЛОЖЬ;0;None;;;;;;1=LAMP ON;;;;;;;Undefined;491;3428;;01.05;3;4;1;Appl;;;;ЛОЖЬ;;;;;;;;;;;;;;;;;;;;;;Output;EPKS_CCB;ESD_001_1;592;;;;;;;;;;;;;;;;;;;;;;;;;;;;;;;;;;;;;;;;;;;;;;;;;;;;;;;;;;;;;;;;;;;;;;;;;;;;;;;;;;;;;;;;;;;;
T;91_1;;;;;;;ЛОЖЬ;ЛОЖЬ;;91;;;;;;;;100 ms;10;;40;ЛОЖЬ;0;;;;;;;;;;;;;;Undefined;491;3428;Delayed OFF with constant timer value;;;;;;;;;ЛОЖЬ;;;;;;;;;;;;;;;;;;;;;;;;;;;;;;;;;;;;;;;;;;;;;;;;;;;;;;;;;;;;;;;;;;;;;;;;;;;;;;;;;;;;;;;;;;;;;;;;;;;;;;;;;;;;;;;;;;;;;
M;22_285_3;;;;;11-01 - ESD411_1;;ЛОЖЬ;ЛОЖЬ;;285;;;;;;;0;;;;81;ЛОЖЬ;0;;;;;;;Blink on failure;;;;;;;Undefined;;;;;;;;;;;;ЛОЖЬ;ИСТИНА;;;;;;;;;;;;;;;;;;;;;;;;;;;;;;;;;;;;;;;;;;;;;;;;;;;;;;;;;;;;;;;;;;;;;;;;;;;;;;;;;;;;;;;;;;;;;;;;;;;;;;;;;;;;;;;;;;;;
DO;20XL568A;;PNL;2000;A_2000;INT SELEC REGEN STAGES;Yes;ЛОЖЬ;ЛОЖЬ;;234;;;;;;;0;;;;131;ЛОЖЬ;0;None;;;;;;1=LAMP ON;;;;;;;Undefined;491;3428;;01.06;1;12;1;Appl;;;;ЛОЖЬ;;;;;;;;;;;;;;;;;;;;;;Output;EPKS_CCB;ESD_001_1;593;;;;;;;;;;;;;;;;;;;;;;;;;;;;;;;;;;;;;;;;;;;;;;;;;;;;;;;;;;;;;;;;;;;;;;;;;;;;;;;;;;;;;;;;;;;;
DO;41XL265CA;;PNL;4100;A_4100;MOS ENABLED AREA C-4103;Yes;ЛОЖЬ;ЛОЖЬ;;87;;;;;;;0;;;;314;ЛОЖЬ;0;None;;;;;;1=LAMP ON;;;;;;;Undefined;491;3428;;01.07;7;3;1;Appl;;;;ЛОЖЬ;;;;;;;;;;;;;;;;;;;;;;Output;EPKS_CCB;ESD_001_1;594;;;;;;;;;;;;;;;;;;;;;;;;;;;;;;;;;;;;;;;;;;;;;;;;;;;;;;;;;;;;;;;;;;;;;;;;;;;;;;;;;;;;;;;;;;;;
DO;20XL990EA;;PNL;2000;A_2000;MOS ENABLED AREA AH-20-1;Yes;ЛОЖЬ;ЛОЖЬ;;59;;;;;;;0;;;;224;ЛОЖЬ;0;None;;;;;;1=LAMP ON;;;;;;;Undefined;491;3428;;01.06;13;9;1;Appl;;;;ЛОЖЬ;;;;;;;;;;;;;;;;;;;;;;Output;EPKS_CCB;ESD_001_1;595;;;;;;;;;;;;;;;;;;;;;;;;;;;;;;;;;;;;;;;;;;;;;;;;;;;;;;;;;;;;;;;;;;;;;;;;;;;;;;;;;;;;;;;;;;;;
DI;10XL601KB_ON_09;;FSC;1000;A_1000;ESD MOS ACT AREA H-1001B;No;ЛОЖЬ;ЛОЖЬ;;33;;;;;;;0;;;;1553;ЛОЖЬ;0;None;;;;;;1=LAMP ON;;;;;;;Undefined;491;3428;;;;;;Low;;;;ЛОЖЬ;;;;ЛОЖЬ;;Input;ESD_001_1;ESD_101_2;1;;;;;;;;;;;;;;;;;;;;;;;;;;;;;;;;;;;;;;;;;;;;;;;;;;;;;;;;;;;;;;;;;;;;;;;;;;;;;;;;;;;;;;;;;;;;;;;;;;;;;;;;;;;;
DO;41XLC001;;PNL;;;41XV001 CLOSED;Yes;ЛОЖЬ;ЛОЖЬ;;284;;;;;;;0;;;;456;ЛОЖЬ;0;None;;;;;;1=CLOSED;1=CLOSED;;;;;;Undefined;;;;01.07;17;1;1;Appl;;;;ЛОЖЬ;ИСТИНА;;;;;;;;;;;;;;;;;;;;;;;;;;;;;;;;;;;;;;;;;;;;;;;;;;;;;;;;;;;;;;;;;;;;;;;;;;;;;;;;;;;;;;;;;;;;;;;;;;;;;;;;;;;;;;;;;;;;
DI;30HS703A;;PNL;3000;A_3000;MOS ENABLE AREA H-3001;Yes;ЛОЖЬ;ЛОЖЬ;;37;;;;;;;;;;;42;ЛОЖЬ;0;None;;;;;;1=ENABLE;;;;;;;Undefined;491;3428;;01.03;5;3;1;Hold;;;;ЛОЖЬ;;;;ЛОЖЬ;;;;;;;;;;;;;;;;;;Output;EPKS_CCB;ESD_001_1;596;;;;;;;;;;;;;;;;;;;;;;;;;;;;;;;;;;;;;;;;;;;;;;;;;;;;;;;;;;;;;;;;;;;;;;;;;;;;;;;;;;;;;;;;;;;;
M;21_238_7;;;;;02-01 - ESD001_2;;ЛОЖЬ;ЛОЖЬ;;238;;;;;;;0;;;;618;ЛОЖЬ;0;;;;;;;Blink on Failure;;;;;;;Undefined;491;3428;;;;;;;;;;ЛОЖЬ;;;;;;;;;;;;;;;;;;;;;;;;;;;;;;;;;;;;;;;;;;;;;;;;;;;;;;;;;;;;;;;;;;;;;;;;;;;;;;;;;;;;;;;;;;;;;;;;;;;;;;;;;;;;;;;;;;;;;
DO;20XL990EB;;PNL;2000;A_2000;MOS ACT/REL AREA AH-20-1;Yes;ЛОЖЬ;ЛОЖЬ;;59;;;;;;;0;;;;225;ЛОЖЬ;0;None;;;;;;1=LAMP ON;;;;;;;Undefined;491;3428;;01.06;13;10;1;Appl;;;;ЛОЖЬ;;;;;;;;;;;;;;;;;;;;;;Output;EPKS_CCB;ESD_001_1;597;;;;;;;;;;;;;;;;;;;;;;;;;;;;;;;;;;;;;;;;;;;;;;;;;;;;;;;;;;;;;;;;;;;;;;;;;;;;;;;;;;;;;;;;;;;;
DI;41XL738_ON;;FSC;4100;A_4100;OOS FSLL213;No;ЛОЖЬ;ЛОЖЬ;;281;;;;;;;0;;;;1865;ЛОЖЬ;0;None;;;;;;1=INDICATING;;;;;;;Undefined;;;;;;;;Low;;;;ЛОЖЬ;ИСТИНА;;;ЛОЖЬ;;;;;;;;;;;;;;;;;;;;;;;;;;;;;;;;;;;;;;;;;;;;;;;;;;;;;;;;;;;;;;;;;;;;;;;;;;;;;;;;;;Input;ESD_001_1;ESD_411_1;25;;;;;;;;;;;;;;;;;;;;;;;;;;;;
M;87_101_2;;;;;20HS846C;;ЛОЖЬ;ЛОЖЬ;;101;;;;;;;0;;;;584;ЛОЖЬ;0;;;;;;;1=TEST;;;;;;;Undefined;491;3428;;;;;;;;;;ЛОЖЬ;;;;;;;;;;;;;;;;;;;;;;;;;;;;;;;;;;;;;;;;;;;;;;;;;;;;;;;;;;;;;;;;;;;;;;;;;;;;;;;;;;;;;;;;;;;;;;;;;;;;;;;;;;;;;;;;;;;;;
DO;51XL027;;PNL;5100;A_5100;C-5140S EMERG. SD;Yes;ЛОЖЬ;ЛОЖЬ;;290;;;;;;;0;;;;361;ЛОЖЬ;0;None;;;;;;1=LAMP ON;;;;;;;Undefined;491;3428;;01.07;13;2;1;Appl;;;;ЛОЖЬ;;;;;;;;;;;;;;;;;;;;;;Output;EPKS_CCB;ESD_001_1;598;;;;;;;;;;;;;;;;;;;;;;;;;;;;;;;;;;;;;;;;;;;;;;;;;;;;;;;;;;;;;;;;;;;;;;;;;;;;;;;;;;;;;;;;;;;;
DI;30HS706B;;PNL;3000;A_3000;MOS RELEASE AREA 3000;Yes;ЛОЖЬ;ЛОЖЬ;;43;;;;;;;;;;;41;ЛОЖЬ;0;None;;;;;;0=RELEASE;;;;;;;Undefined;491;3428;;01.03;5;2;1;Hold;;;;ЛОЖЬ;;;;ЛОЖЬ;;;;;;;;;;;;;;;;;;Output;EPKS_CCB;ESD_001_1;599;;;;;;;;;;;;;;;;;;;;;;;;;;;;;;;;;;;;;;;;;;;;;;;;;;;;;;;;;;;;;;;;;;;;;;;;;;;;;;;;;;;;;;;;;;;;
DO;01_06_SNESD_FLT;;FSC;2000;S_B00_1;ESD_001_1-ESD_001_6;No;ЛОЖЬ;ЛОЖЬ;;19;;;;;;;0;;;;610;ЛОЖЬ;0;None;;;;;;0=FAULT;;;;;;;Undefined;491;3428;;;;;;;;;;ЛОЖЬ;;;;;;;;;;;;;;;;;;;;;;;;;;;;;;;;;;Output;ESD_001_1;ESD_001_6;0;;;;;;;;;;;;;;;;;;;;;;;;;;;;;;;;;;;;;;;;;;;;;;;;;;;;;;;;;;;;;;;;;;;;;;;;;;;;;;;;
M;21_264_14;;;;;02-01 - ESD001_2;;ЛОЖЬ;ЛОЖЬ;;264;;;;;;;0;;;;755;ЛОЖЬ;0;;;;;;;Blink on Failure;;;;;;;Undefined;491;3428;;;;;;;;;;ЛОЖЬ;;;;;;;;;;;;;;;;;;;;;;;;;;;;;;;;;;;;;;;;;;;;;;;;;;;;;;;;;;;;;;;;;;;;;;;;;;;;;;;;;;;;;;;;;;;;;;;;;;;;;;;;;;;;;;;;;;;;;
DO;20XL092;;PNL;2000;A_2000;ED FROM V-2007;Yes;ЛОЖЬ;ЛОЖЬ;;222;;;;;;;0;;;;170;ЛОЖЬ;0;None;;;;;;1=LAMP ON;;;;;;;Undefined;491;3428;;01.06;5;3;1;Appl;;;;ЛОЖЬ;;;;;;;;;;;;;;;;;;;;;;Output;EPKS_CCB;ESD_001_1;600;;;;;;;;;;;;;;;;;;;;;;;;;;;;;;;;;;;;;;;;;;;;;;;;;;;;;;;;;;;;;;;;;;;;;;;;;;;;;;;;;;;;;;;;;;;;
DO;20XL072;;PNL;2000;A_2000;ED FROM V-2012;Yes;ЛОЖЬ;ЛОЖЬ;;250;;;;;;;0;;;;267;ЛОЖЬ;0;None;;;;;;1=LAMP ON;;;;;;;Undefined;491;3428;;01.07;1;4;1;Appl;;;;ЛОЖЬ;;;;;;;;;;;;;;;;;;;;;;Output;EPKS_CCB;ESD_001_1;601;;;;;;;;;;;;;;;;;;;;;;;;;;;;;;;;;;;;;;;;;;;;;;;;;;;;;;;;;;;;;;;;;;;;;;;;;;;;;;;;;;;;;;;;;;;;
DO;20XL159;;PNL;2000;A_2000;ED FROM V-2014;Yes;ЛОЖЬ;ЛОЖЬ;;254;;;;;;;0;;;;257;ЛОЖЬ;0;None;;;;;;1=LAMP ON;;;;;;;Undefined;491;3428;;01.07;1;10;1;Appl;;;;ЛОЖЬ;;;;;;;;;;;;;;;;;;;;;;Output;EPKS_CCB;ESD_001_1;602;;;;;;;;;;;;;;;;;;;;;;;;;;;;;;;;;;;;;;;;;;;;;;;;;;;;;;;;;;;;;;;;;;;;;;;;;;;;;;;;;;;;;;;;;;;;
M;22_283_8;;;;;11-01 - ESD411_1;;ЛОЖЬ;ЛОЖЬ;;283;;;;;;;0;;;;52;ЛОЖЬ;0;;;;;;;Blink on Failure;;;;;;;Undefined;;;;;;;;;;;;ЛОЖЬ;ИСТИНА;;;;;;;;;;;;;;;;;;;;;;;;;;;;;;;;;;;;;;;;;;;;;;;;;;;;;;;;;;;;;;;;;;;;;;;;;;;;;;;;;;;;;;;;;;;;;;;;;;;;;;;;;;;;;;;;;;;;
DO;20XA388A;;PNL;2000;A_2000;H-2006 EMERG. SD;Yes;ЛОЖЬ;ЛОЖЬ;;226;;;;;;;0;;;;189;ЛОЖЬ;0;None;;;;;;1=LAMP ON;;;;;;;Undefined;491;3428;;01.06;7;6;1;Appl;;;;ЛОЖЬ;;;;;;;;;;;;;;;;;;;;;;Output;EPKS_CCB;ESD_001_1;603;;;;;;;;;;;;;;;;;;;;;;;;;;;;;;;;;;;;;;;;;;;;;;;;;;;;;;;;;;;;;;;;;;;;;;;;;;;;;;;;;;;;;;;;;;;;
DI;03_01_SNESD_FLT;;FSC;;;;No;ЛОЖЬ;ЛОЖЬ;;21;;;;;;;0;;;;2257;ЛОЖЬ;0;None;;;;;;;;;;;;;Undefined;491;3428;;;;;;Low;;;;ЛОЖЬ;;;;ЛОЖЬ;;;;;;;;;;;;;;;;;;;;;;;;;;;;;;;;;;;;;;;;;;;;;;;;;;;;;;;;;;;;;;;;;;;;;;;;;;;;;;;;;;;;;;;;;;;;;;;;;;;;;;;;;;Input;ESD_001_1;ESD_001_3;33;;;;
M;87_281_3;;;;;20HS846C;;ЛОЖЬ;ЛОЖЬ;;281;;;;;;;0;;;;46;ЛОЖЬ;0;;;;;;;1=TEST;;;;;;;Undefined;;;;;;;;;;;;ЛОЖЬ;ИСТИНА;;;;;;;;;;;;;;;;;;;;;;;;;;;;;;;;;;;;;;;;;;;;;;;;;;;;;;;;;;;;;;;;;;;;;;;;;;;;;;;;;;;;;;;;;;;;;;;;;;;;;;;;;;;;;;;;;;;;
DI;41XL156B_ON;;FSC;4100;A_4100;H4101B REFORM EMERG.SD;No;ЛОЖЬ;ЛОЖЬ;;282;;;;;;;0;;;;1856;ЛОЖЬ;0;None;;;;;;1=LAMP ON;;;;;;;Undefined;491;3428;;;;;;Low;;;;ЛОЖЬ;;;;ЛОЖЬ;;;;;;;;;;;;;;;;;;;;;;;;;;;;;;;;;;;;;;;;;;;;;;;;;;;;;;;;;;;;;;;;;;;;;;;;;;;;;;;;;;Input;ESD_001_1;ESD_411_1;16;;;;;;;;;;;;;;;;;;;;;;;;;;;;
DI;41HS265C2;;PNL;4100;A_4100;MOS RELEASE AREA C-4103;Yes;ЛОЖЬ;ЛОЖЬ;;87;;;;;;;;;;;123;ЛОЖЬ;0;None;;;;;;0=RELEASE;;;;;;;Undefined;491;3428;;01.03;15;4;1;Hold;;;;ЛОЖЬ;;;;ЛОЖЬ;;;;;;;;;;;;;;;;;;Output;EPKS_CCB;ESD_001_1;604;;;;;;;;;;;;;;;;;;;;;;;;;;;;;;;;;;;;;;;;;;;;;;;;;;;;;;;;;;;;;;;;;;;;;;;;;;;;;;;;;;;;;;;;;;;;
DI;10HS600A;;PNL;1000;A_1000;MOS ENABLE AREA H-1001A;Yes;ЛОЖЬ;ЛОЖЬ;;31;;;;;;;;;;;24;ЛОЖЬ;0;None;;;;;;1=ENABLE;;;;;;;Undefined;491;3428;;01.03;3;1;1;Hold;;;;ЛОЖЬ;;;;ЛОЖЬ;;;;;;;;;;;;;;;;;;Output;EPKS_CCB;ESD_001_1;605;;;;;;;;;;;;;;;;;;;;;;;;;;;;;;;;;;;;;;;;;;;;;;;;;;;;;;;;;;;;;;;;;;;;;;;;;;;;;;;;;;;;;;;;;;;;
DO;20XL990PB;;PNL;2000;A_2000;MOS ACT/REL AREA H-2005A;Yes;ЛОЖЬ;ЛОЖЬ;;77;;;;;;;0;;;;253;ЛОЖЬ;0;None;;;;;;1=LAMP ON;;;;;;;Undefined;491;3428;;01.06;15;6;1;Appl;;;;ЛОЖЬ;;;;;;;;;;;;;;;;;;;;;;Output;EPKS_CCB;ESD_001_1;606;;;;;;;;;;;;;;;;;;;;;;;;;;;;;;;;;;;;;;;;;;;;;;;;;;;;;;;;;;;;;;;;;;;;;;;;;;;;;;;;;;;;;;;;;;;;
DI;20HS990N1;;PNL;2000;A_2000;MOS ENABLE AREA H-2004;Yes;ЛОЖЬ;ЛОЖЬ;;75;;;;;;;;;;;86;ЛОЖЬ;0;None;;;;;;1=ENABLE;;;;;;;Undefined;491;3428;;01.03;11;15;1;Hold;;;;ЛОЖЬ;;;;ЛОЖЬ;;;;;;;;;;;;;;;;;;Output;EPKS_CCB;ESD_001_1;607;;;;;;;;;;;;;;;;;;;;;;;;;;;;;;;;;;;;;;;;;;;;;;;;;;;;;;;;;;;;;;;;;;;;;;;;;;;;;;;;;;;;;;;;;;;;
DI;20XL990DB_ON_07;;FSC;4100;;ESD MOS ACT AREA 2000-4;No;ЛОЖЬ;ЛОЖЬ;;57;;;;;;;0;;;;2135;ЛОЖЬ;0;None;;;;;;1=LAMP ON;;;;;;;Undefined;491;3428;;;;;;Low;;;;ЛОЖЬ;;;;ЛОЖЬ;;;;;;;;;;;;;;;;;;;;;;;;;;Input;ESD_001_1;ESD_001_7;7;;;;;;;;;;;;;;;;;;;;;;;;;;;;;;;;;;;;;;;;;;;;;;;;;;;;;;;;;;;;;;;;;;;;;;;;;;;;;;;;;;;;
DI;51XL057_ON;;FSC;5100;A_5100;GROUP SHUTDOWN;No;ЛОЖЬ;ЛОЖЬ;;290;;;;;;;0;;;;2044;ЛОЖЬ;0;None;;;;;;1=LAMP ON;;;;;;;Undefined;491;3428;;;;;;Low;;;;ЛОЖЬ;;;;ЛОЖЬ;;;;;;Input;ESD_001_1;ESD_511_1;12;;;;;;;;;;;;;;;;;;;;;;;;;;;;;;;;;;;;;;;;;;;;;;;;;;;;;;;;;;;;;;;;;;;;;;;;;;;;;;;;;;;;;;;;;;;;;;;;;;;;;;;;
DI;42XL113BB_ON_12;;FSC;4200;A_4200;ESD MOS ACT AREA C-4202;No;ЛОЖЬ;ЛОЖЬ;;101;;;;;;;0;;;;2809;ЛОЖЬ;0;None;;;;;;1=LAMP ON;;;;;;;Undefined;491;3428;;;;;;Low;;;;ЛОЖЬ;;;;ЛОЖЬ;;;;;;;;;;;;;;;;;;;;;;;;;;;;;;;;;;;;;;;;;;;;;;;;;;;;;;;;;;Input;ESD_001_1;ESD_411_2;9;;;;;;;;;;;;;;;;;;;;;;;;;;;;;;;;;;;;;;;;;;;;;;;;;;;;
M;105_109_1;;;;;20HS846D;;ЛОЖЬ;ЛОЖЬ;;109;;;;;;;0;;;;753;ЛОЖЬ;0;;;;;;;1=TEST;;;;;;;Undefined;491;3428;;;;;;;;;;ЛОЖЬ;;;;;;;;;;;;;;;;;;;;;;;;;;;;;;;;;;;;;;;;;;;;;;;;;;;;;;;;;;;;;;;;;;;;;;;;;;;;;;;;;;;;;;;;;;;;;;;;;;;;;;;;;;;;;;;;;;;;;
DO;20XL990FB;;PNL;2000;A_2000;MOS ACT/REL AREA CH-20-1;Yes;ЛОЖЬ;ЛОЖЬ;;61;;;;;;;0;;;;201;ЛОЖЬ;0;None;;;;;;1=LAMP ON;;;;;;;Undefined;491;3428;;01.06;9;2;1;Appl;;;;ЛОЖЬ;;;;;;;;;;;;;;;;;;;;;;Output;EPKS_CCB;ESD_001_1;608;;;;;;;;;;;;;;;;;;;;;;;;;;;;;;;;;;;;;;;;;;;;;;;;;;;;;;;;;;;;;;;;;;;;;;;;;;;;;;;;;;;;;;;;;;;;
M;22_282_7;;;;;12-01 - ESD411_2;;ЛОЖЬ;ЛОЖЬ;;282;;;;;;;0;;;;760;ЛОЖЬ;0;;;;;;;Blink on Failure;;;;;;;Undefined;491;3428;;;;;;;;;;ЛОЖЬ;;;;;;;;;;;;;;;;;;;;;;;;;;;;;;;;;;;;;;;;;;;;;;;;;;;;;;;;;;;;;;;;;;;;;;;;;;;;;;;;;;;;;;;;;;;;;;;;;;;;;;;;;;;;;;;;;;;;;
DI;52XL925KB_ON_14;;FSC;5200;A_5200;ESD MOS ACT AREA 5200;No;ЛОЖЬ;ЛОЖЬ;;111;;;;;;;0;;;;2039;ЛОЖЬ;0;None;;;;;;1=LAMP ON;;;;;;;Undefined;491;3428;;;;;;Low;;;;ЛОЖЬ;;;;ЛОЖЬ;;;;;;Input;ESD_001_1;ESD_511_1;7;;;;;;;;;;;;;;;;;;;;;;;;;;;;;;;;;;;;;;;;;;;;;;;;;;;;;;;;;;;;;;;;;;;;;;;;;;;;;;;;;;;;;;;;;;;;;;;;;;;;;;;;
DO;43XL900B;;PNL;4300;A_43011;MOS ACT/REL AREA 430-11;Yes;ЛОЖЬ;ЛОЖЬ;;45;;;;;;;0;;;;89;ЛОЖЬ;0;None;;;;;;1=LAMP ON;;;;;;;Undefined;491;3428;;01.05;11;2;1;Appl;;;;ЛОЖЬ;;;;;;;;;;;;;;;;;;;;;;Output;EPKS_CCB;ESD_001_1;609;;;;;;;;;;;;;;;;;;;;;;;;;;;;;;;;;;;;;;;;;;;;;;;;;;;;;;;;;;;;;;;;;;;;;;;;;;;;;;;;;;;;;;;;;;;;
DO;42HS113A_EN;;FSC;4200;A_4200;ESD MOS EN AREA C-4201;No;ЛОЖЬ;ЛОЖЬ;;99;;;;;;;0;;;;601;ЛОЖЬ;0;None;;;;;;1=ENABLED;;;;;;;Undefined;491;3428;;;;;;;;;;ЛОЖЬ;;;;;;;;;;;;;;;;;;;;;;;;;;;;;;;;;;;;;;;;;;;;;;;;;;;;;;;;;;;;;;Output;ESD_001_1;ESD_411_2;7;;;;;;;;;;;;;;;;;;;;;;;;;;;;;;;;;;;;;;;;;;;;;;;;;;;;
DI;20XL428A_ON;;FSC;2000;A_2000;ACTIVATION EM BLOCK 4;No;ЛОЖЬ;ЛОЖЬ;;230;;;;;;;0;;;;1950;ЛОЖЬ;0;None;;;;;;1=LAMP ON;;;;;;;Undefined;491;3428;;;;;;Low;;;;ЛОЖЬ;;;;ЛОЖЬ;;;;;;;;;;;;;;;;;;;;;;Input;ESD_001_1;ESD_001_5;14;;;;;;;;;;;;;;;;;;;;;;;;;;;;;;;;;;;;;;;;;;;;;;;;;;;;;;;;;;;;;;;;;;;;;;;;;;;;;;;;;;;;;;;;
DI;20XL434A6_ON;;FSC;;;20XV434A CLOSE;No;ЛОЖЬ;ЛОЖЬ;;232;;;;;;;0;;;;847;ЛОЖЬ;0;None;;;;;;1=LAMP ON;1=LAMP ON;;;;;;Undefined;;;;;;;;Low;;;;ЛОЖЬ;ИСТИНА;;;ЛОЖЬ;View only;;;;;;;;;;;;;Input;ESD_001_1;ESD_001_8;31;;;;;;;;;;;;;;;;;;;;;;;;;;;;;;;;;;;;;;;;;;;;;;;;;;;;;;;;;;;;;;;;;;;;;;;;;;;;;;;;;;;;;;;;;;;;;;;;
DI;21XA202_ON;;FSC;2100;A_2000;FIRE ALARM IN CR;No;ЛОЖЬ;ЛОЖЬ;;236;;;;;;;0;;;;2528;ЛОЖЬ;0;None;;;;;;1=LAMP ON;;;;;;;Undefined;491;3428;;;;;;Low;;;;ЛОЖЬ;;;;ЛОЖЬ;;;;;;;;;;;;;;;;;;;;;;;;;;;;;;Input;ESD_001_1;ESD_001_6;16;;;;;;;;;;;;;;;;;;;;;;;;;;;;;;;;;;;;;;;;;;;;;;;;;;;;;;;;;;;;;;;;;;;;;;;;;;;;;;;;
M;61_69_1;;;;;20HS846B_1;;ЛОЖЬ;ЛОЖЬ;;69;;;;;;;0;;;;692;ЛОЖЬ;0;;;;;;;1=TEST;;;;;;;Undefined;491;3428;;;;;;;;;;ЛОЖЬ;;;;;;;;;;;;;;;;;;;;;;;;;;;;;;;;;;;;;;;;;;;;;;;;;;;;;;;;;;;;;;;;;;;;;;;;;;;;;;;;;;;;;;;;;;;;;;;;;;;;;;;;;;;;;;;;;;;;;
DI;42HS113A2;;PNL;4200;A_4200;MOS RELEASE AREA C-4201;Yes;ЛОЖЬ;ЛОЖЬ;;99;;;;;;;;;;;137;ЛОЖЬ;0;None;;;;;;0=RELEASE;;;;;;;Undefined;491;3428;;01.04;1;2;1;Hold;;;;ЛОЖЬ;;;;ЛОЖЬ;;;;;;;;;;;;;;;;;;Output;EPKS_CCB;ESD_001_1;610;;;;;;;;;;;;;;;;;;;;;;;;;;;;;;;;;;;;;;;;;;;;;;;;;;;;;;;;;;;;;;;;;;;;;;;;;;;;;;;;;;;;;;;;;;;;
M;31_208_3;;;;;20HS846A;;ЛОЖЬ;ЛОЖЬ;;208;;;;;;;0;;;;976;ЛОЖЬ;0;;;;;;;1=TEST;;;;;;;Undefined;491;3428;;;;;;;;;;ЛОЖЬ;;;;;;;;;;;;;;;;;;;;;;;;;;;;;;;;;;;;;;;;;;;;;;;;;;;;;;;;;;;;;;;;;;;;;;;;;;;;;;;;;;;;;;;;;;;;;;;;;;;;;;;;;;;;;;;;;;;;;
DO;20XL016B;;PNL;2000;A_2000;C-2003B SHUTDOWN;Yes;ЛОЖЬ;ЛОЖЬ;;220;;;;;;;0;;;;138;ЛОЖЬ;0;None;;;;;;1=LAMP ON;;;;;;;Undefined;491;3428;;01.06;1;3;1;Appl;;;;ЛОЖЬ;;;;;;;;;;;;;;;;;;;;;;Output;EPKS_CCB;ESD_001_1;611;;;;;;;;;;;;;;;;;;;;;;;;;;;;;;;;;;;;;;;;;;;;;;;;;;;;;;;;;;;;;;;;;;;;;;;;;;;;;;;;;;;;;;;;;;;;
DO;20XL104;;PNL;2000;A_2000;ED FROM V-2002;Yes;ЛОЖЬ;ЛОЖЬ;;222;;;;;;;0;;;;184;ЛОЖЬ;0;None;;;;;;1=LAMP ON;;;;;;;Undefined;491;3428;;01.06;7;1;1;Appl;;;;ЛОЖЬ;;;;;;;;;;;;;;;;;;;;;;Output;EPKS_CCB;ESD_001_1;612;;;;;;;;;;;;;;;;;;;;;;;;;;;;;;;;;;;;;;;;;;;;;;;;;;;;;;;;;;;;;;;;;;;;;;;;;;;;;;;;;;;;;;;;;;;;
DI;20XAPAN_TF_SM06_01;;FSC;2000;H-2001;PAN_FAULT;Yes;ЛОЖЬ;ЛОЖЬ;;24;;;;;;;0;;;;2533;ЛОЖЬ;0;None;;;;;;1=FAULT;;;;;;;Undefined;;;;;;;;Low;;;;ЛОЖЬ;ИСТИНА;;;ЛОЖЬ;;;;;;;;;;;;;;;;;;;;;;;;;;;;;;Input;ESD_001_1;ESD_001_6;21;;;;;;;;;;;;;;;;;;;;;;;;;;;;;;;;;;;;;;;;;;;;;;;;;;;;;;;;;;;;;;;;;;;;;;;;;;;;;;;;
DO;52XL027;;PNL;5200;A_5200;GROUP SHUTDOWN;Yes;ЛОЖЬ;ЛОЖЬ;;292;;;;;;;0;;;;382;ЛОЖЬ;0;None;;;;;;1=LAMP ON;;;;;;;Undefined;491;3428;;01.07;15;7;1;Appl;;;;ЛОЖЬ;;;;;;;;;;;;;;;;;;;;;;Output;EPKS_CCB;ESD_001_1;613;;;;;;;;;;;;;;;;;;;;;;;;;;;;;;;;;;;;;;;;;;;;;;;;;;;;;;;;;;;;;;;;;;;;;;;;;;;;;;;;;;;;;;;;;;;;
BO;CB001_ESD1_MONTH;;COM;;;MONTH;No;ЛОЖЬ;ЛОЖЬ;;15;;Byte;;;;;0;;;;58;;0;;None;None;None;None;;;;;;;;;-XXXXX.X;;;;;;;;;;;;ЛОЖЬ;ИСТИНА;;;;;;;;;;;;;;;;;;;;;Output;EPKS_CCB;ESD_001_1;10070;;;;;;;;;;;;;;;;;;;;;;;;;;;;;;;;;;;;;;;;;;;;;;;;;;;;;;;;;;;;;;;;;;;;;;;;;;;;;;;;;;;;;;;;;;;;
DO;41XL265DB;;PNL;4100;A_4100;MOS ACT/REL AREA H-4101A;Yes;ЛОЖЬ;ЛОЖЬ;;93;;;;;;;0;;;;317;ЛОЖЬ;0;None;;;;;;1=LAMP ON;;;;;;;Undefined;491;3428;;01.07;7;6;1;Appl;;;;ЛОЖЬ;;;;;;;;;;;;;;;;;;;;;;Output;EPKS_CCB;ESD_001_1;614;;;;;;;;;;;;;;;;;;;;;;;;;;;;;;;;;;;;;;;;;;;;;;;;;;;;;;;;;;;;;;;;;;;;;;;;;;;;;;;;;;;;;;;;;;;;
BO;CB001_ESD1_HOUR;;COM;;;HOUR;No;ЛОЖЬ;ЛОЖЬ;;15;;Byte;;;;;0;;;;60;;0;;None;None;None;None;;;;;;;;;-XXXXX.X;;;;;;;;;;;;ЛОЖЬ;ИСТИНА;;;;;;;;;;;;;;;;;;;;;Output;EPKS_CCB;ESD_001_1;10072;;;;;;;;;;;;;;;;;;;;;;;;;;;;;;;;;;;;;;;;;;;;;;;;;;;;;;;;;;;;;;;;;;;;;;;;;;;;;;;;;;;;;;;;;;;;
DI;20XL421A_ON;;FSC;2000;A_2000;ACTIVATION EM BLOCK 6;No;ЛОЖЬ;ЛОЖЬ;;228;;;;;;;0;;;;1948;ЛОЖЬ;0;None;;;;;;1=LAMP ON;;;;;;;Undefined;491;3428;;;;;;Low;;;;ЛОЖЬ;;;;ЛОЖЬ;;;;;;;;;;;;;;;;;;;;;;Input;ESD_001_1;ESD_001_5;12;;;;;;;;;;;;;;;;;;;;;;;;;;;;;;;;;;;;;;;;;;;;;;;;;;;;;;;;;;;;;;;;;;;;;;;;;;;;;;;;;;;;;;;;
DO;21XA633;;PNL;2100;A_2000;INTERNAL FIRE ALARM;Yes;ЛОЖЬ;ЛОЖЬ;;238;;;;;;;0;;;;210;ЛОЖЬ;0;None;;;;;;1=LAMP ON;;;;;;;Undefined;491;3428;;01.06;11;11;1;Appl;;;;ЛОЖЬ;;;;;;;;;;;;;;;;;;;;;;Output;EPKS_CCB;ESD_001_1;615;;;;;;;;;;;;;;;;;;;;;;;;;;;;;;;;;;;;;;;;;;;;;;;;;;;;;;;;;;;;;;;;;;;;;;;;;;;;;;;;;;;;;;;;;;;;
DI;20XL279A_ON;;FSC;2000;H-2005A;EMERGENCY SHT.VLV. TO OPEN;No;ЛОЖЬ;ЛОЖЬ;;266;;;;;;;0;;;;1771;ЛОЖЬ;0;None;;;;;;1=LAMP ON;;;;;;;Undefined;;;;;;;;Low;;;;ЛОЖЬ;ИСТИНА;;;ЛОЖЬ;;;;;;;;;;;;;;;;;;;;;;;;;;;;;;;;;;;;;;;;;;;;;;;;;;;;;;;;;;;;;;;;;;Input;ESD_001_1;ESD_001_2;27;;;;;;;;;;;;;;;;;;;;;;;;;;;;;;;;;;;;;;;;;;;;
DI;42XL015B_ON;;FSC;4200;A_4200;C-4201 EMERG. SD;No;ЛОЖЬ;ЛОЖЬ;;282;;;;;;;0;;;;2811;ЛОЖЬ;0;None;;;;;;1=LAMP ON;;;;;;;Undefined;491;3428;;;;;;Low;;;;ЛОЖЬ;;;;ЛОЖЬ;;;;;;;;;;;;;;;;;;;;;;;;;;;;;;;;;;;;;;;;;;;;;;;;;;;;;;;;;;Input;ESD_001_1;ESD_411_2;11;;;;;;;;;;;;;;;;;;;;;;;;;;;;;;;;;;;;;;;;;;;;;;;;;;;;
DO;30HS705_REL;;FSC;3000;A_3000;ESD MOS REL AREA C-3001S;No;ЛОЖЬ;ЛОЖЬ;;41;;;;;;;0;;;;551;ЛОЖЬ;0;None;;;;;;1=RELEASED;;;;;;;Undefined;491;3428;;;;;;;;;;ЛОЖЬ;;;;;;;;;;;;;;;;;;;;;;;;;;;;;;;;;;;;;;;;;;;;;;;;;;;;;;;;;;;;;;;;;;;;;;;;;;;;;;;;;;;;;;;;;;;;;;Output;ESD_001_1;ESD_301_1;6;;;;;;;;;;;;;;;;;;;;
DO;41HS265F_REL;;FSC;4100;A_4100;ESD MOS REL AREA 4200;No;ЛОЖЬ;ЛОЖЬ;;97;;;;;;;0;;;;535;ЛОЖЬ;0;None;;;;;;1=RELEASED;;;;;;;Undefined;491;3428;;;;;;;;;;ЛОЖЬ;;;;;;;;;;;;;;;;;;;;;;;;;;;;;;;;;;;;;;;;;;;;;;;;;;;;;;;;;;;;;;Output;ESD_001_1;ESD_411_2;6;;;;;;;;;;;;;;;;;;;;;;;;;;;;;;;;;;;;;;;;;;;;;;;;;;;;
T;57_1;;;;;;;ЛОЖЬ;ЛОЖЬ;;57;;;;;;;;100 ms;10;;76;ЛОЖЬ;0;;;;;;;;;;;;;;Undefined;491;3428;Delayed OFF with constant timer value;;;;;;;;;ЛОЖЬ;;;;;;;;;;;;;;;;;;;;;;;;;;;;;;;;;;;;;;;;;;;;;;;;;;;;;;;;;;;;;;;;;;;;;;;;;;;;;;;;;;;;;;;;;;;;;;;;;;;;;;;;;;;;;;;;;;;;;
DI;51HS904A;;PNL;5100;A_5100;MOS ENABLE AREA 5100;Yes;ЛОЖЬ;ЛОЖЬ;;109;;;;;;;;;;;156;ЛОЖЬ;0;None;;;;;;1=ENABLE;;;;;;;Undefined;491;3428;;01.04;3;5;1;Hold;;;;ЛОЖЬ;;;;ЛОЖЬ;;;;;;;;;;;;;;;;;;Output;EPKS_CCB;ESD_001_1;616;;;;;;;;;;;;;;;;;;;;;;;;;;;;;;;;;;;;;;;;;;;;;;;;;;;;;;;;;;;;;;;;;;;;;;;;;;;;;;;;;;;;;;;;;;;;
DI;11_01_SNESD_FLT;;FSC;2000;;ESD411_1 to ESD001_1;No;ЛОЖЬ;ЛОЖЬ;;22;;;;;;;0;;;;1858;ЛОЖЬ;0;None;;;;;;0=Fault;;;;;;;Undefined;491;3428;;;;;;Low;;;;ЛОЖЬ;;;;ЛОЖЬ;;;;;;;;;;;;;;;;;;;;;;;;;;;;;;;;;;;;;;;;;;;;;;;;;;;;;;;;;;;;;;;;;;;;;;;;;;;;;;;;;;Input;ESD_001_1;ESD_411_1;18;;;;;;;;;;;;;;;;;;;;;;;;;;;;
DI;20XL408B_ON;;FSC;2000;A_2000;ACTIVATION EM BLOCK 7;No;ЛОЖЬ;ЛОЖЬ;;228;;;;;;;0;;;;2247;ЛОЖЬ;0;None;;;;;;1=LAMP ON;;;;;;;Undefined;491;3428;;;;;;Low;;;;ЛОЖЬ;;;;ЛОЖЬ;;;;;;;;;;;;;;;;;;;;;;;;;;;;;;;;;;;;;;;;;;;;;;;;;;;;;;;;;;;;;;;;;;;;;;;;;;;;;;;;;;;;;;;;;;;;;;;;;;;;;;;;;;Input;ESD_001_1;ESD_001_3;23;;;;
DO;20XL216B;;PNL;2000;A_P20_2;P-2014/S EMERG. SD;Yes;ЛОЖЬ;ЛОЖЬ;;258;;;;;;;0;;;;108;ЛОЖЬ;0;None;;;;;;1=LAMP ON;;;;;;;Undefined;491;3428;;01.05;13;5;1;Appl;;;;ЛОЖЬ;;;;;;;;;;;;;;;;;;;;;;Output;EPKS_CCB;ESD_001_1;617;;;;;;;;;;;;;;;;;;;;;;;;;;;;;;;;;;;;;;;;;;;;;;;;;;;;;;;;;;;;;;;;;;;;;;;;;;;;;;;;;;;;;;;;;;;;
DI;10XL179B_ON;;FSC;1000;A_1000;STOP P1002A FIRE - N. 01;No;ЛОЖЬ;ЛОЖЬ;;202;;;;;;;0;;;;1559;ЛОЖЬ;0;None;;;;;;1=LAMP ON;;;;;;;Undefined;491;3428;;;;;;Low;;;;ЛОЖЬ;;;;ЛОЖЬ;;Input;ESD_001_1;ESD_101_2;7;;;;;;;;;;;;;;;;;;;;;;;;;;;;;;;;;;;;;;;;;;;;;;;;;;;;;;;;;;;;;;;;;;;;;;;;;;;;;;;;;;;;;;;;;;;;;;;;;;;;;;;;;;;;
M;61_238_4;;;;;20HS846B_1;;ЛОЖЬ;ЛОЖЬ;;238;;;;;;;0;;;;1048;ЛОЖЬ;0;;;;;;;1=TEST;;;;;;;Undefined;491;3428;;;;;;;;;;ЛОЖЬ;;;;;;;;;;;;;;;;;;;;;;;;;;;;;;;;;;;;;;;;;;;;;;;;;;;;;;;;;;;;;;;;;;;;;;;;;;;;;;;;;;;;;;;;;;;;;;;;;;;;;;;;;;;;;;;;;;;;;
DI;20HS990M1;;PNL;2000;A_2000;MOS ENABLE AREA H-2003;Yes;ЛОЖЬ;ЛОЖЬ;;73;;;;;;;;;;;65;ЛОЖЬ;0;None;;;;;;1=ENABLE;;;;;;;Undefined;491;3428;;01.03;9;10;1;Hold;;;;ЛОЖЬ;;;;ЛОЖЬ;;;;;;;;;;;;;;;;;;Output;EPKS_CCB;ESD_001_1;618;;;;;;;;;;;;;;;;;;;;;;;;;;;;;;;;;;;;;;;;;;;;;;;;;;;;;;;;;;;;;;;;;;;;;;;;;;;;;;;;;;;;;;;;;;;;
M;23_260_6;;;;;21-01 - ESD001_7;;ЛОЖЬ;ЛОЖЬ;;260;;;;;;;0;;;;746;ЛОЖЬ;0;;;;;;;Blink on Failure;;;;;;;Undefined;491;3428;;;;;;;;;;ЛОЖЬ;;;;;;;;;;;;;;;;;;;;;;;;;;;;;;;;;;;;;;;;;;;;;;;;;;;;;;;;;;;;;;;;;;;;;;;;;;;;;;;;;;;;;;;;;;;;;;;;;;;;;;;;;;;;;;;;;;;;;
DO;41XL739;;PNL;;;;Yes;ЛОЖЬ;ЛОЖЬ;;281;;;;;;;0;;;;323;ЛОЖЬ;0;None;;;;;;1=LAMP ON;;;;;;;Undefined;;;;01.07;9;12;1;Appl;;;;ЛОЖЬ;ИСТИНА;;;;;;;;;;;;;;;;;;;;;;;;;;;;;;;;;;;;;;;;;;;;;;;;;;;;;;;;;;;;;;;;;;;;;;;;;;;;;;;;;;;;;;;;;;;;;;;;;;;;;;;;;;;;;;;;;;;;
DO;20XL438;;PNL;2000;A_2000;ED FROM T-2008;Yes;ЛОЖЬ;ЛОЖЬ;;262;;;;;;;0;;;;302;ЛОЖЬ;0;None;;;;;;1=LAMP ON;;;;;;;Undefined;491;3428;;01.07;5;7;1;Appl;;;;ЛОЖЬ;;;;;;;;;;;;;;;;;;;;;;Output;EPKS_CCB;ESD_001_1;619;;;;;;;;;;;;;;;;;;;;;;;;;;;;;;;;;;;;;;;;;;;;;;;;;;;;;;;;;;;;;;;;;;;;;;;;;;;;;;;;;;;;;;;;;;;;
DO;20XL280B;;PNL;2000;A_2000;EMERGENCY SHT.VLV. TO CLOSE;Yes;ЛОЖЬ;ЛОЖЬ;;240;;;;;;;0;;;;177;ЛОЖЬ;0;None;;;;;;1=LAMP ON;;;;;;;Undefined;;;;01.06;7;10;1;Appl;;;;ЛОЖЬ;ИСТИНА;;;;;;;;;;;;;;;;;;;;;;;;;;;;;;;;;;;;;;;;;;;;;;;;;;;;;;;;;;;;;;;;;;;;;;;;;;;;;;;;;;;;;;;;;;;;;;;;;;;;;;;;;;;;;;;;;;;;
M;105_292_2;;;;;20HS846D;;ЛОЖЬ;ЛОЖЬ;;292;;;;;;;0;;;;1126;ЛОЖЬ;0;;;;;;;1=TEST;;;;;;;Undefined;491;3428;;;;;;;;;;ЛОЖЬ;;;;;;;;;;;;;;;;;;;;;;;;;;;;;;;;;;;;;;;;;;;;;;;;;;;;;;;;;;;;;;;;;;;;;;;;;;;;;;;;;;;;;;;;;;;;;;;;;;;;;;;;;;;;;;;;;;;;;
T;71_1;;;;;;;ЛОЖЬ;ЛОЖЬ;;71;;;;;;;;100 ms;10;;104;ЛОЖЬ;0;;;;;;;;;;;;;;Undefined;491;3428;Delayed OFF with constant timer value;;;;;;;;;ЛОЖЬ;;;;;;;;;;;;;;;;;;;;;;;;;;;;;;;;;;;;;;;;;;;;;;;;;;;;;;;;;;;;;;;;;;;;;;;;;;;;;;;;;;;;;;;;;;;;;;;;;;;;;;;;;;;;;;;;;;;;;
DO;20XL990MA;;PNL;2000;A_2000;MOS ENABLED AREA H-2003;Yes;ЛОЖЬ;ЛОЖЬ;;73;;;;;;;0;;;;192;ЛОЖЬ;0;None;;;;;;1=LAMP ON;;;;;;;Undefined;491;3428;;01.06;9;9;1;Appl;;;;ЛОЖЬ;;;;;;;;;;;;;;;;;;;;;;Output;EPKS_CCB;ESD_001_1;620;;;;;;;;;;;;;;;;;;;;;;;;;;;;;;;;;;;;;;;;;;;;;;;;;;;;;;;;;;;;;;;;;;;;;;;;;;;;;;;;;;;;;;;;;;;;
T;61_1;;;;;;;ЛОЖЬ;ЛОЖЬ;;61;;;;;;;;100 ms;10;;84;ЛОЖЬ;0;;;;;;;;;;;;;;Undefined;491;3428;Delayed OFF with constant timer value;;;;;;;;;ЛОЖЬ;;;;;;;;;;;;;;;;;;;;;;;;;;;;;;;;;;;;;;;;;;;;;;;;;;;;;;;;;;;;;;;;;;;;;;;;;;;;;;;;;;;;;;;;;;;;;;;;;;;;;;;;;;;;;;;;;;;;;
T;111_1;;;;;;;ЛОЖЬ;ЛОЖЬ;;111;;;;;;;;100 ms;10;;148;ЛОЖЬ;0;;;;;;;;;;;;;;Undefined;491;3428;Delayed OFF with constant timer value;;;;;;;;;ЛОЖЬ;;;;;;;;;;;;;;;;;;;;;;;;;;;;;;;;;;;;;;;;;;;;;;;;;;;;;;;;;;;;;;;;;;;;;;;;;;;;;;;;;;;;;;;;;;;;;;;;;;;;;;;;;;;;;;;;;;;;;
M;21_224_11;;;;;06-01 - ESD001_6;;ЛОЖЬ;ЛОЖЬ;;224;;;;;;;0;;;;672;ЛОЖЬ;0;;;;;;;Blink on Failure;;;;;;;Undefined;491;3428;;;;;;;;;;ЛОЖЬ;;;;;;;;;;;;;;;;;;;;;;;;;;;;;;;;;;;;;;;;;;;;;;;;;;;;;;;;;;;;;;;;;;;;;;;;;;;;;;;;;;;;;;;;;;;;;;;;;;;;;;;;;;;;;;;;;;;;;
DI;12_01_SNESD_FLT;;FSC;2000;;ESD411_2 to ESD001_1;No;ЛОЖЬ;ЛОЖЬ;;22;;;;;;;0;;;;2813;ЛОЖЬ;0;None;;;;;;0=Fault;;;;;;;Undefined;491;3428;;;;;;Low;;;;ЛОЖЬ;;;;ЛОЖЬ;;;;;;;;;;;;;;;;;;;;;;;;;;;;;;;;;;;;;;;;;;;;;;;;;;;;;;;;;;Input;ESD_001_1;ESD_411_2;13;;;;;;;;;;;;;;;;;;;;;;;;;;;;;;;;;;;;;;;;;;;;;;;;;;;;
DO;30XL704KB;;PNL;3000;A_3000;MOS ACT/REL AREA C-3001A;Yes;ЛОЖЬ;ЛОЖЬ;;39;;;;;;;0;;;;61;ЛОЖЬ;0;None;;;;;;1=LAMP ON;;;;;;;Undefined;491;3428;;01.05;7;6;1;Appl;;;;ЛОЖЬ;;;;;;;;;;;;;;;;;;;;;;Output;EPKS_CCB;ESD_001_1;621;;;;;;;;;;;;;;;;;;;;;;;;;;;;;;;;;;;;;;;;;;;;;;;;;;;;;;;;;;;;;;;;;;;;;;;;;;;;;;;;;;;;;;;;;;;;
DI;1-ExtComFaultCC7;;SYS;;;Ext com fault Com ch 7;Yes;ЛОЖЬ;;;16;;;;;;;;;;;12;ЛОЖЬ;0;None;;;;;;;;;;;;;Undefined;491;3428;;;;;;;;;;ЛОЖЬ;;;;ЛОЖЬ;;;;;;;;;;;;;;;;;;;;;;;;;;;;;;;;;;;;;;;;;;;;;;;;;;;;;;;;;;;;;;;;;;;;;;;;;;;;;;;;;;;;;;;;;;;;;;;;;;;;;;;;;;;;;;;;;
T;53_1;;;;;;;ЛОЖЬ;ЛОЖЬ;;53;;;;;;;;100 ms;10;;68;ЛОЖЬ;0;;;;;;;;;;;;;;Undefined;491;3428;Delayed OFF with constant timer value;;;;;;;;;ЛОЖЬ;;;;;;;;;;;;;;;;;;;;;;;;;;;;;;;;;;;;;;;;;;;;;;;;;;;;;;;;;;;;;;;;;;;;;;;;;;;;;;;;;;;;;;;;;;;;;;;;;;;;;;;;;;;;;;;;;;;;;
DI;51XL904KB_ON_14;;FSC;5100;A_5100;ESD MOS ACT AREA 5100;No;ЛОЖЬ;ЛОЖЬ;;109;;;;;;;0;;;;2037;ЛОЖЬ;0;None;;;;;;1=LAMP ON;;;;;;;Undefined;491;3428;;;;;;Low;;;;ЛОЖЬ;;;;ЛОЖЬ;;;;;;Input;ESD_001_1;ESD_511_1;5;;;;;;;;;;;;;;;;;;;;;;;;;;;;;;;;;;;;;;;;;;;;;;;;;;;;;;;;;;;;;;;;;;;;;;;;;;;;;;;;;;;;;;;;;;;;;;;;;;;;;;;;
DO;20XL990AB;;PNL;2000;A_2000;MOS ACT/REL AREA 2000-1;Yes;ЛОЖЬ;ЛОЖЬ;;51;;;;;;;0;;;;233;ЛОЖЬ;0;None;;;;;;1=LAMP ON;;;;;;;Undefined;491;3428;;01.06;13;2;1;Appl;;;;ЛОЖЬ;;;;;;;;;;;;;;;;;;;;;;Output;EPKS_CCB;ESD_001_1;622;;;;;;;;;;;;;;;;;;;;;;;;;;;;;;;;;;;;;;;;;;;;;;;;;;;;;;;;;;;;;;;;;;;;;;;;;;;;;;;;;;;;;;;;;;;;
DI;20XL165B_ON;;FSC;2000;A_2000;P-2025/S EMERG. SD;No;ЛОЖЬ;ЛОЖЬ;;224;;;;;;;0;;;;1943;ЛОЖЬ;0;None;;;;;;1=LAMP ON;;;;;;;Undefined;491;3428;;;;;;Low;;;;ЛОЖЬ;;;;ЛОЖЬ;;;;;;;;;;;;;;;;;;;;;;Input;ESD_001_1;ESD_001_5;7;;;;;;;;;;;;;;;;;;;;;;;;;;;;;;;;;;;;;;;;;;;;;;;;;;;;;;;;;;;;;;;;;;;;;;;;;;;;;;;;;;;;;;;;
DO;10XL179B;;PNL;1000;A_P10_1;STOP P1002A FIRE - N. 01;Yes;ЛОЖЬ;ЛОЖЬ;;202;;;;;;;0;;;;15;ЛОЖЬ;0;None;;;;;;1=LAMP ON;;;;;;;Undefined;491;3428;;01.05;1;8;1;Appl;;;;ЛОЖЬ;;;;;;;;;;;;;;;;;;;;;;Output;EPKS_CCB;ESD_001_1;623;;;;;;;;;;;;;;;;;;;;;;;;;;;;;;;;;;;;;;;;;;;;;;;;;;;;;;;;;;;;;;;;;;;;;;;;;;;;;;;;;;;;;;;;;;;;
DO;20XL433A8;;PNL;;;VALVE 20XV433A CLOSE;Yes;ЛОЖЬ;ЛОЖЬ;;230;;;;;;;0;;;;445;ЛОЖЬ;0;None;;;;;;1=LAMP ON;1=LAMP ON;;;;;;Undefined;;;;01.06;17;6;1;Appl;;;;ЛОЖЬ;ИСТИНА;;;;;;;;;;;;;;;;;;;;;Output;EPKS_CCB;ESD_001_1;478;;;;;;;;;;;;;;;;;;;;;;;;;;;;;;;;;;;;;;;;;;;;;;;;;;;;;;;;;;;;;;;;;;;;;;;;;;;;;;;;;;;;;;;;;;;;
DO;41XL213B;;PNL;4100;A_4100;C-4104 EMERG. SD;Yes;ЛОЖЬ;ЛОЖЬ;;282;;;;;;;0;;;;333;ЛОЖЬ;0;None;;;;;;1=LAMP ON;;;;;;;Undefined;491;3428;;01.07;9;6;1;Appl;;;;ЛОЖЬ;;;;;;;;;;;;;;;;;;;;;;Output;EPKS_CCB;ESD_001_1;624;;;;;;;;;;;;;;;;;;;;;;;;;;;;;;;;;;;;;;;;;;;;;;;;;;;;;;;;;;;;;;;;;;;;;;;;;;;;;;;;;;;;;;;;;;;;
DO;01_04_SNESD_FLT;;FSC;2000;S_B001;ESD_001_1-ESD_001_4;No;ЛОЖЬ;ЛОЖЬ;;19;;;;;;;0;;;;612;ЛОЖЬ;0;None;;;;;;0=FAULT;;;;;;;Undefined;491;3428;;;;;;;;;;ЛОЖЬ;;;;;;;;;;;;;;;;;;;;;;;;;;;;;;;;;;;;;;;;;;;;;;;;;;Output;ESD_001_1;ESD_001_4;0;;;;;;;;;;;;;;;;;;;;;;;;;;;;;;;;;;;;;;;;;;;;;;;;;;;;;;;;;;;;;;;;
M;105_107_1;;;;;20HS846D;;ЛОЖЬ;ЛОЖЬ;;107;;;;;;;0;;;;751;ЛОЖЬ;0;;;;;;;1=TEST;;;;;;;Undefined;491;3428;;;;;;;;;;ЛОЖЬ;;;;;;;;;;;;;;;;;;;;;;;;;;;;;;;;;;;;;;;;;;;;;;;;;;;;;;;;;;;;;;;;;;;;;;;;;;;;;;;;;;;;;;;;;;;;;;;;;;;;;;;;;;;;;;;;;;;;;
DI;20XL434A2_ON;;FSC;;;2ND STAGE DEPRESSURE;No;ЛОЖЬ;ЛОЖЬ;;232;;;;;;;0;;;;845;ЛОЖЬ;0;None;;;;;;1=LAMP ON;1=LAMP ON;;;;;;Undefined;;;;;;;;Low;;;;ЛОЖЬ;ИСТИНА;;;ЛОЖЬ;View only;;;;;;;;;;;;;Input;ESD_001_1;ESD_001_8;29;;;;;;;;;;;;;;;;;;;;;;;;;;;;;;;;;;;;;;;;;;;;;;;;;;;;;;;;;;;;;;;;;;;;;;;;;;;;;;;;;;;;;;;;;;;;;;;;
DI;20HS990E2;;PNL;2000;A_2000;MOS RELEASE AREA AH-20-1;Yes;ЛОЖЬ;ЛОЖЬ;;59;;;;;;;;;;;81;ЛОЖЬ;0;None;;;;;;0=RELEASE;;;;;;;Undefined;491;3428;;01.03;11;10;1;Hold;;;;ЛОЖЬ;;;;ЛОЖЬ;;;;;;;;;;;;;;;;;;Output;EPKS_CCB;ESD_001_1;625;;;;;;;;;;;;;;;;;;;;;;;;;;;;;;;;;;;;;;;;;;;;;;;;;;;;;;;;;;;;;;;;;;;;;;;;;;;;;;;;;;;;;;;;;;;;
DI;08_01_SNESD_FLT;;FSC;;;;No;ЛОЖЬ;ЛОЖЬ;;21;;;;;;;0;;;;2906;ЛОЖЬ;0;None;;;;;;0=Fault;;;;;;;Undefined;491;3428;;;;;;Low;;;;ЛОЖЬ;;;;ЛОЖЬ;;;;;;;;;;;;;;;;;;;;;;;;;;;;;;;;;;Input;ESD_001_1;ESD_101_1;10;;;;;;;;;;;;;;;;;;;;;;;;;;;;;;;;;;;;;;;;;;;;;;;;;;;;;;;;;;;;;;;;;;;;;;;;;;;;
DO;20XL434A2;;PNL;2000;A_2000;2ND STAGE DEPRESSURIZING;Yes;ЛОЖЬ;ЛОЖЬ;;232;;;;;;;0;;;;142;ЛОЖЬ;0;None;;;;;;1=LAMP ON;;;;;;;Undefined;491;3428;;01.06;1;7;1;Appl;;;;ЛОЖЬ;;;;;;;;;;;;;;;;;;;;;;Output;EPKS_CCB;ESD_001_1;626;;;;;;;;;;;;;;;;;;;;;;;;;;;;;;;;;;;;;;;;;;;;;;;;;;;;;;;;;;;;;;;;;;;;;;;;;;;;;;;;;;;;;;;;;;;;
DO;41XL265DA;;PNL;4100;A_4100;MOS ENABLED AREA H-4101A;Yes;ЛОЖЬ;ЛОЖЬ;;93;;;;;;;0;;;;316;ЛОЖЬ;0;None;;;;;;1=LAMP ON;;;;;;;Undefined;491;3428;;01.07;7;5;1;Appl;;;;ЛОЖЬ;;;;;;;;;;;;;;;;;;;;;;Output;EPKS_CCB;ESD_001_1;627;;;;;;;;;;;;;;;;;;;;;;;;;;;;;;;;;;;;;;;;;;;;;;;;;;;;;;;;;;;;;;;;;;;;;;;;;;;;;;;;;;;;;;;;;;;;
DO;01_09_SNESD_FLT;;FSC;1000;S_B10_1;ESD_001_1-ESD_101_2;No;ЛОЖЬ;ЛОЖЬ;;19;;;;;;;0;;;;540;ЛОЖЬ;0;None;;;;;;0=FAULT;;;;;;;Undefined;491;3428;;;;;;;;;;ЛОЖЬ;;;;;;Output;ESD_001_1;ESD_101_2;0;;;;;;;;;;;;;;;;;;;;;;;;;;;;;;;;;;;;;;;;;;;;;;;;;;;;;;;;;;;;;;;;;;;;;;;;;;;;;;;;;;;;;;;;;;;;;;;;;;;;;;;;;;;;
M;51_65_2;;;;;20HS846B_2;;ЛОЖЬ;ЛОЖЬ;;65;;;;;;;0;;;;687;ЛОЖЬ;0;;;;;;;1=TEST;;;;;;;Undefined;491;3428;;;;;;;;;;ЛОЖЬ;;;;;;;;;;;;;;;;;;;;;;;;;;;;;;;;;;;;;;;;;;;;;;;;;;;;;;;;;;;;;;;;;;;;;;;;;;;;;;;;;;;;;;;;;;;;;;;;;;;;;;;;;;;;;;;;;;;;;
DO;20HS990K_EN;;FSC;2000;A_2000;ESD MOS EN AREA H-2001;No;ЛОЖЬ;ЛОЖЬ;;69;;;;;;;0;;;;698;ЛОЖЬ;0;None;;;;;;1=ENABLED;;;;;;;Undefined;491;3428;;;;;;;;;;ЛОЖЬ;;;;;;;;;;;;;;;;;;;;;;;;;;;;;;;;;;;;;;;;;;;;;;;;;;Output;ESD_001_1;ESD_001_4;1;;;;;;;;;;;;;;;;;;;;;;;;;;;;;;;;;;;;;;;;;;;;;;;;;;;;;;;;;;;;;;;;
DO;20HS990J_REL;;FSC;2000;A_2000;ESD MOS REL AREA CH-20-4;No;ЛОЖЬ;ЛОЖЬ;;67;;;;;;;0;;;;691;ЛОЖЬ;0;None;;;;;;1=RELEASED;;;;;;;Undefined;491;3428;;;;;;;;;;ЛОЖЬ;;;;;;;;;;;;;;;;;;;;;;;;;;;;;;;;;;;;;;;;;;;;;;;;;;;;;;;;;;;;;;;;;;;;;;;;;;;;;;;;;;;;;;;;;;;;;;;;;;;;;;;;;;;;;;Output;ESD_001_1;ESD_001_3;8;;;;
DI;41XL003_SNESD;;FSC;;;LAMP ACTIVATION;No;ЛОЖЬ;ЛОЖЬ;;285;;;;;;;0;;;;1870;ЛОЖЬ;0;None;;;;;;1=ON;1=ON;;;;;;Undefined;;;;;;;;Low;;;;ЛОЖЬ;ИСТИНА;;;ЛОЖЬ;View only;;;;;;;;;;;;;;;;;;;;;;;;;;;;;;;;;;;;;;;;;;;;;;;;;;;;;;;;;;;;;;;;;;;;;;;;;;;;;;;;;Input;ESD_001_1;ESD_411_1;30;;;;;;;;;;;;;;;;;;;;;;;;;;;;
DI;30XL0103B_ON;;FSC;3000;A_3000;30XV103 OPEN;No;ЛОЖЬ;ЛОЖЬ;;206;;;;;;;0;;;;2335;ЛОЖЬ;0;None;;;;;;1=LAMP ON;;;;;;;Undefined;491;3428;;;;;;Low;;;;ЛОЖЬ;;;;ЛОЖЬ;;;;;;;;;;;;;;;;;;;;;;;;;;;;;;;;;;;;;;;;;;;;;;;;;;;;;;;;;;;;;;;;;;;;;;;;;;;;;;;;;;;;;;;;;;Input;ESD_001_1;ESD_301_1;15;;;;;;;;;;;;;;;;;;;;
DI;52XL027_ON;;FSC;5200;A_5200;GROUP SHUTDOWN;No;ЛОЖЬ;ЛОЖЬ;;292;;;;;;;0;;;;2048;ЛОЖЬ;0;None;;;;;;1=LAMP ON;;;;;;;Undefined;491;3428;;;;;;Low;;;;ЛОЖЬ;;;;ЛОЖЬ;;;;;;Input;ESD_001_1;ESD_511_1;16;;;;;;;;;;;;;;;;;;;;;;;;;;;;;;;;;;;;;;;;;;;;;;;;;;;;;;;;;;;;;;;;;;;;;;;;;;;;;;;;;;;;;;;;;;;;;;;;;;;;;;;;
M;21_236_3;;;;;04-01 - ESD001_4;;ЛОЖЬ;ЛОЖЬ;;236;;;;;;;0;;;;715;ЛОЖЬ;0;;;;;;;Blink on Failure;;;;;;;Undefined;491;3428;;;;;;;;;;ЛОЖЬ;;;;;;;;;;;;;;;;;;;;;;;;;;;;;;;;;;;;;;;;;;;;;;;;;;;;;;;;;;;;;;;;;;;;;;;;;;;;;;;;;;;;;;;;;;;;;;;;;;;;;;;;;;;;;;;;;;;;;
DI;10XL602KB_ON_09;;FSC;1000;A_1000;ESD MOS ACT AREA 1000;No;ЛОЖЬ;ЛОЖЬ;;35;;;;;;;0;;;;1555;ЛОЖЬ;0;None;;;;;;1=LAMP ON;;;;;;;Undefined;491;3428;;;;;;Low;;;;ЛОЖЬ;;;;ЛОЖЬ;;Input;ESD_001_1;ESD_101_2;3;;;;;;;;;;;;;;;;;;;;;;;;;;;;;;;;;;;;;;;;;;;;;;;;;;;;;;;;;;;;;;;;;;;;;;;;;;;;;;;;;;;;;;;;;;;;;;;;;;;;;;;;;;;;
T;95_1;;;;;;;ЛОЖЬ;ЛОЖЬ;;95;;;;;;;;100 ms;10;;48;ЛОЖЬ;0;;;;;;;;;;;;;;Undefined;491;3428;Delayed OFF with constant timer value;;;;;;;;;ЛОЖЬ;;;;;;;;;;;;;;;;;;;;;;;;;;;;;;;;;;;;;;;;;;;;;;;;;;;;;;;;;;;;;;;;;;;;;;;;;;;;;;;;;;;;;;;;;;;;;;;;;;;;;;;;;;;;;;;;;;;;;
DI;51XL027_ON;;FSC;5100;A_5100;C-5140S EMERG. SD;No;ЛОЖЬ;ЛОЖЬ;;290;;;;;;;0;;;;2041;ЛОЖЬ;0;None;;;;;;1=LAMP ON;;;;;;;Undefined;491;3428;;;;;;Low;;;;ЛОЖЬ;;;;ЛОЖЬ;;;;;;Input;ESD_001_1;ESD_511_1;9;;;;;;;;;;;;;;;;;;;;;;;;;;;;;;;;;;;;;;;;;;;;;;;;;;;;;;;;;;;;;;;;;;;;;;;;;;;;;;;;;;;;;;;;;;;;;;;;;;;;;;;;
DO;20XL221B;;PNL;2000;A_P20_2;P-2015/S EMERG. SD;Yes;ЛОЖЬ;ЛОЖЬ;;258;;;;;;;0;;;;109;ЛОЖЬ;0;None;;;;;;1=LAMP ON;;;;;;;Undefined;491;3428;;01.05;13;6;1;Appl;;;;ЛОЖЬ;;;;;;;;;;;;;;;;;;;;;;Output;EPKS_CCB;ESD_001_1;628;;;;;;;;;;;;;;;;;;;;;;;;;;;;;;;;;;;;;;;;;;;;;;;;;;;;;;;;;;;;;;;;;;;;;;;;;;;;;;;;;;;;;;;;;;;;
DO;20XL006B;;PNL;2000;A_P20_1;P-2001/S EMERG. SD;Yes;ЛОЖЬ;ЛОЖЬ;;238;;;;;;;0;;;;152;ЛОЖЬ;0;None;;;;;;1=LAMP ON;;;;;;;Undefined;491;3428;;01.06;3;1;1;Appl;;;;ЛОЖЬ;;;;;;;;;;;;;;;;;;;;;;Output;EPKS_CCB;ESD_001_1;629;;;;;;;;;;;;;;;;;;;;;;;;;;;;;;;;;;;;;;;;;;;;;;;;;;;;;;;;;;;;;;;;;;;;;;;;;;;;;;;;;;;;;;;;;;;;
DO;CB001_ESD1_F4;;COM;2000;A_2000;COMMON UTILITY ALARM;No;ЛОЖЬ;ЛОЖЬ;;18;;;;;;;0;;;;102;ЛОЖЬ;0;None;;;;;;0=ALARM;;;;;;;Undefined;491;3428;;;;;;;;;;ЛОЖЬ;;;;;;;;;;;;;;;;;;;;;;Output;EPKS_CCB;ESD_001_1;420;;;;;;;;;;;;;;;;;;;;;;;;;;;;;;;;;;;;;;;;;;;;;;;;;;;;;;;;;;;;;;;;;;;;;;;;;;;;;;;;;;;;;;;;;;;;
DO;CB001_ESD1_D1;;COM;;S_B001;FORCE ENABLE;No;ЛОЖЬ;ЛОЖЬ;;17;;;;;;;0;;;;107;ИСТИНА;1354;None;;;;;;0=ENABLE;;;;;;;Undefined;491;3428;;;;;;;;;;ЛОЖЬ;;;;;;;;;;;;;;;;;;;;;;Output;EPKS_CCB;ESD_001_1;421;;;;;;;;;;;;;;;;;;;;;;;;;;;;;;;;;;;;;;;;;;;;;;;;;;;;;;;;;;;;;;;;;;;;;;;;;;;;;;;;;;;;;;;;;;;;
M;21_236_11;;;;;06-01 - ESD001_6;;ЛОЖЬ;ЛОЖЬ;;236;;;;;;;0;;;;724;ЛОЖЬ;0;;;;;;;Blink on Failure;;;;;;;Undefined;491;3428;;;;;;;;;;ЛОЖЬ;;;;;;;;;;;;;;;;;;;;;;;;;;;;;;;;;;;;;;;;;;;;;;;;;;;;;;;;;;;;;;;;;;;;;;;;;;;;;;;;;;;;;;;;;;;;;;;;;;;;;;;;;;;;;;;;;;;;;
DO;01_13_SNESD_FLT;;FSC;4300;S_B43_1;ESD_001_1-ESD_431_1;No;ЛОЖЬ;ЛОЖЬ;;19;;;;;;;0;;;;557;ЛОЖЬ;0;None;;;;;;0=FAULT;;;;;;;Undefined;491;3428;;;;;;;;;;ЛОЖЬ;;;;;;;;;;;;;;;;;;;;;;;;;;;;;;;;;;;;;;;;;;;;;;Output;ESD_001_1;ESD_431_1;0;;;;;;;;;;;;;;;;;;;;;;;;;;;;;;;;;;;;;;;;;;;;;;;;;;;;;;;;;;;;;;;;;;;;
DO;20XAPAN_TF;;PNL;;;PAN_FAULT;Yes;ИСТИНА;ЛОЖЬ;;24;;;;;;;0;;;;98;ЛОЖЬ;1004;None;;;;;;1=FAULT;;;;;;;Undefined;;;;01.05;13;11;1;Appl;;;;ЛОЖЬ;ИСТИНА;;;;;;;;;;;;;;;;;;;;;;;;;;;;;;;;;;;;;;;;;;;;;;;;;;;;;;;;;;;;;;;;;;;;;;;;;;;;;;;;;;;;;;;;;;;;;;;;;;;;;;;;;;;;;;;;;;;;
DO;20XL443;;PNL;2000;A_2000;ED FROM V-2017;Yes;ЛОЖЬ;ЛОЖЬ;;264;;;;;;;0;;;;288;ЛОЖЬ;0;None;;;;;;1=LAMP ON;;;;;;;Undefined;491;3428;;01.07;5;9;1;Appl;;;;ЛОЖЬ;;;;;;;;;;;;;;;;;;;;;;Output;EPKS_CCB;ESD_001_1;630;;;;;;;;;;;;;;;;;;;;;;;;;;;;;;;;;;;;;;;;;;;;;;;;;;;;;;;;;;;;;;;;;;;;;;;;;;;;;;;;;;;;;;;;;;;;
DO;21XA446;;PNL;2100;A_2000;INTERNAL FIRE ALARM;Yes;ЛОЖЬ;ЛОЖЬ;;238;;;;;;;0;;;;208;ЛОЖЬ;0;None;;;;;;1=LAMP ON;;;;;;;Undefined;491;3428;;01.06;11;9;1;Appl;;;;ЛОЖЬ;;;;;;;;;;;;;;;;;;;;;;Output;EPKS_CCB;ESD_001_1;631;;;;;;;;;;;;;;;;;;;;;;;;;;;;;;;;;;;;;;;;;;;;;;;;;;;;;;;;;;;;;;;;;;;;;;;;;;;;;;;;;;;;;;;;;;;;
M;61_230_4;;;;;20HS846B_1;;ЛОЖЬ;ЛОЖЬ;;230;;;;;;;0;;;;982;ЛОЖЬ;0;;;;;;;1=TEST;;;;;;;Undefined;491;3428;;;;;;;;;;ЛОЖЬ;;;;;;;;;;;;;;;;;;;;;;;;;;;;;;;;;;;;;;;;;;;;;;;;;;;;;;;;;;;;;;;;;;;;;;;;;;;;;;;;;;;;;;;;;;;;;;;;;;;;;;;;;;;;;;;;;;;;;
DO;22XL478A;;PNL;2200;A_2000;C-2004B SHUTDOWN;Yes;ЛОЖЬ;ЛОЖЬ;;264;;;;;;;0;;;;121;ЛОЖЬ;0;None;;;;;;1=LAMP ON;;;;;;;Undefined;491;3428;;01.05;15;2;1;Appl;;;;ЛОЖЬ;;;;;;;;;;;;;;;;;;;;;;Output;EPKS_CCB;ESD_001_1;632;;;;;;;;;;;;;;;;;;;;;;;;;;;;;;;;;;;;;;;;;;;;;;;;;;;;;;;;;;;;;;;;;;;;;;;;;;;;;;;;;;;;;;;;;;;;
M;87_280_2;;;;;20HS846C;;ЛОЖЬ;ЛОЖЬ;;280;;;;;;;0;;;;1102;ЛОЖЬ;0;;;;;;;1=TEST;;;;;;;Undefined;491;3428;;;;;;;;;;ЛОЖЬ;;;;;;;;;;;;;;;;;;;;;;;;;;;;;;;;;;;;;;;;;;;;;;;;;;;;;;;;;;;;;;;;;;;;;;;;;;;;;;;;;;;;;;;;;;;;;;;;;;;;;;;;;;;;;;;;;;;;;
BO;CB001_ESD1_SECOND;;COM;;;SECOND;No;ЛОЖЬ;ЛОЖЬ;;15;;Byte;;;;;0;;;;62;;0;;None;None;None;None;;;;;;;;;-XXXXX.X;;;;;;;;;;;;ЛОЖЬ;ИСТИНА;;;;;;;;;;;;;;;;;;;;;Output;EPKS_CCB;ESD_001_1;10074;;;;;;;;;;;;;;;;;;;;;;;;;;;;;;;;;;;;;;;;;;;;;;;;;;;;;;;;;;;;;;;;;;;;;;;;;;;;;;;;;;;;;;;;;;;;
DI;41HS265G1;;PNL;4100;A_4100;MOS ENABLE AREA C-4104;Yes;ЛОЖЬ;ЛОЖЬ;;89;;;;;;;;;;;116;ЛОЖЬ;0;None;;;;;;1=ENABLE;;;;;;;Undefined;491;3428;;01.03;15;13;1;Hold;;;;ЛОЖЬ;;;;ЛОЖЬ;;;;;;;;;;;;;;;;;;Output;EPKS_CCB;ESD_001_1;633;;;;;;;;;;;;;;;;;;;;;;;;;;;;;;;;;;;;;;;;;;;;;;;;;;;;;;;;;;;;;;;;;;;;;;;;;;;;;;;;;;;;;;;;;;;;
DO;CB001_ESD1_D2;;COM;;S_B001;FORCES ACTIVE;No;ЛОЖЬ;ЛОЖЬ;;17;;;;;;;0;;;;108;ИСТИНА;1357;None;;;;;;0=ACTIVE;;;;;;;Undefined;491;3428;;;;;;;;;;ЛОЖЬ;;;;;;;;;;;;;;;;;;;;;;Output;EPKS_CCB;ESD_001_1;422;;;;;;;;;;;;;;;;;;;;;;;;;;;;;;;;;;;;;;;;;;;;;;;;;;;;;;;;;;;;;;;;;;;;;;;;;;;;;;;;;;;;;;;;;;;;
M;105_290_2;;;;;20HS846D;;ЛОЖЬ;ЛОЖЬ;;290;;;;;;;0;;;;1120;ЛОЖЬ;0;;;;;;;1=TEST;;;;;;;Undefined;491;3428;;;;;;;;;;ЛОЖЬ;;;;;;;;;;;;;;;;;;;;;;;;;;;;;;;;;;;;;;;;;;;;;;;;;;;;;;;;;;;;;;;;;;;;;;;;;;;;;;;;;;;;;;;;;;;;;;;;;;;;;;;;;;;;;;;;;;;;;
DI;22XL528A_ON;;FSC;2200;A_2000;C-2004S EMERG. SD;No;ЛОЖЬ;ЛОЖЬ;;264;;;;;;;0;;;;1767;ЛОЖЬ;0;None;;;;;;1=LAMP ON;;;;;;;Undefined;491;3428;;;;;;Low;;;;ЛОЖЬ;;;;ЛОЖЬ;;;;;;;;;;;;;;;;;;;;;;;;;;;;;;;;;;;;;;;;;;;;;;;;;;;;;;;;;;;;;;;;;;Input;ESD_001_1;ESD_001_2;23;;;;;;;;;;;;;;;;;;;;;;;;;;;;;;;;;;;;;;;;;;;;
BI;1-Second;;SYS;;;Second;No;ЛОЖЬ;;;15;;Byte;;;;;;;;;7;;0;;;;;;;;;0;0;;;;-XXXXX.X;491;3428;;;;;;;;;;ЛОЖЬ;;;;;;;;;;;;;;;;;;;;;;;;;;;;;;;;;;;;;;;;;;;;;;;;;;;;;;;;;;;;;;;;;;;;;;;;;;;;;;;;;;;;;;;;;;;;;;;;;;;;;;;;;;;;;;;;;;;;;
DI;1-ExtComFaultCC2;;SYS;;;Ext com fault Com ch 2;Yes;ЛОЖЬ;;;16;;;;;;;;;;;7;ЛОЖЬ;0;None;;;;;;;;;;;;;Undefined;491;3428;;;;;;;;;;ЛОЖЬ;;;;ЛОЖЬ;;;;;;;;;;;;;;;;;;;;;;;;;;;;;;;;;;;;;;;;;;;;;;;;;;;;;;;;;;;;;;;;;;;;;;;;;;;;;;;;;;;;;;;;;;;;;;;;;;;;;;;;;;;;;;;;;
DO;20XL433A6;;PNL;2000;A_2000;20XV433A CLOSE;Yes;ЛОЖЬ;ЛОЖЬ;;230;;;;;;;0;;;;159;ЛОЖЬ;0;None;;;;;;1=LAMP ON;;;;;;;Undefined;491;3428;;01.06;3;8;1;Appl;;;;ЛОЖЬ;;;;;;;;;;;;;;;;;;;;;;Output;EPKS_CCB;ESD_001_1;635;;;;;;;;;;;;;;;;;;;;;;;;;;;;;;;;;;;;;;;;;;;;;;;;;;;;;;;;;;;;;;;;;;;;;;;;;;;;;;;;;;;;;;;;;;;;
DO;20XL433B6;;PNL;2000;A_2000;20XV433B CLOSE;Yes;ЛОЖЬ;ЛОЖЬ;;232;;;;;;;0;;;;145;ЛОЖЬ;0;None;;;;;;1=LAMP ON;;;;;;;Undefined;491;3428;;01.06;3;10;1;Appl;;;;ЛОЖЬ;;;;;;;;;;;;;;;;;;;;;;Output;EPKS_CCB;ESD_001_1;636;;;;;;;;;;;;;;;;;;;;;;;;;;;;;;;;;;;;;;;;;;;;;;;;;;;;;;;;;;;;;;;;;;;;;;;;;;;;;;;;;;;;;;;;;;;;
M;22_284_7;;;;;12-01 - ESD411_2;;ЛОЖЬ;ЛОЖЬ;;284;;;;;;;0;;;;761;ЛОЖЬ;0;;;;;;;Blink on Failure;;;;;;;Undefined;491;3428;;;;;;;;;;ЛОЖЬ;;;;;;;;;;;;;;;;;;;;;;;;;;;;;;;;;;;;;;;;;;;;;;;;;;;;;;;;;;;;;;;;;;;;;;;;;;;;;;;;;;;;;;;;;;;;;;;;;;;;;;;;;;;;;;;;;;;;;
DI;20XL990RB_ON_06;;FSC;2000;A_2000;ESD MOS ACT AREA H-2006;No;ЛОЖЬ;ЛОЖЬ;;81;;;;;;;0;;;;2521;ЛОЖЬ;0;None;;;;;;1=LAMP ON;;;;;;;Undefined;491;3428;;;;;;Low;;;;ЛОЖЬ;;;;ЛОЖЬ;;;;;;;;;;;;;;;;;;;;;;;;;;;;;;Input;ESD_001_1;ESD_001_6;9;;;;;;;;;;;;;;;;;;;;;;;;;;;;;;;;;;;;;;;;;;;;;;;;;;;;;;;;;;;;;;;;;;;;;;;;;;;;;;;;
DO;41XL003;;PNL;;;BUTTON 41HS003B PRESSED;Yes;ЛОЖЬ;ЛОЖЬ;;285;;;;;;;0;;;;448;ЛОЖЬ;0;None;;;;;;1=ON;1=ON;;;;;;Undefined;;;;01.07;17;9;1;Appl;;;;ЛОЖЬ;ИСТИНА;;;;;;;;;;;;;;;;;;;;;;;;;;;;;;;;;;;;;;;;;;;;;;;;;;;;;;;;;;;;;;;;;;;;;;;;;;;;;;;;;;;;;;;;;;;;;;;;;;;;;;;;;;;;;;;;;;;;
DI;41XSO002_SNESD;;FSC;;;41XV002 OPEN;No;ЛОЖЬ;ЛОЖЬ;;284;;;;;;;0;;;;1874;ЛОЖЬ;0;None;;;;;;1=OPEN;1=OPEN;;;;;;Undefined;;;;;;;;Low;;;;ЛОЖЬ;ИСТИНА;;;ЛОЖЬ;View only;;;;;;;;;;;;;;;;;;;;;;;;;;;;;;;;;;;;;;;;;;;;;;;;;;;;;;;;;;;;;;;;;;;;;;;;;;;;;;;;;Input;ESD_001_1;ESD_411_1;34;;;;;;;;;;;;;;;;;;;;;;;;;;;;
DI;20XL568A_ON;;FSC;2000;A_2000;INT SELEC REGEN STAGES;No;ЛОЖЬ;ЛОЖЬ;;234;;;;;;;0;;;;2254;ЛОЖЬ;0;None;;;;;;1=REGEN. V-2004;;;;;;;Undefined;491;3428;;;;;;Low;;;;ЛОЖЬ;;;;ЛОЖЬ;;;;;;;;;;;;;;;;;;;;;;;;;;;;;;;;;;;;;;;;;;;;;;;;;;;;;;;;;;;;;;;;;;;;;;;;;;;;;;;;;;;;;;;;;;;;;;;;;;;;;;;;;;Input;ESD_001_1;ESD_001_3;30;;;;
M;87_97_1;;;;;20HS846C;;ЛОЖЬ;ЛОЖЬ;;97;;;;;;;0;;;;570;ЛОЖЬ;0;;;;;;;1=TEST;;;;;;;Undefined;491;3428;;;;;;;;;;ЛОЖЬ;;;;;;;;;;;;;;;;;;;;;;;;;;;;;;;;;;;;;;;;;;;;;;;;;;;;;;;;;;;;;;;;;;;;;;;;;;;;;;;;;;;;;;;;;;;;;;;;;;;;;;;;;;;;;;;;;;;;;
T;49_1;;;;;;;ЛОЖЬ;ЛОЖЬ;;49;;;;;;;;100 ms;10;;28;ЛОЖЬ;0;;;;;;;;;;;;;;Undefined;491;3428;Delayed OFF with constant timer value;;;;;;;;;ЛОЖЬ;;;;;;;;;;;;;;;;;;;;;;;;;;;;;;;;;;;;;;;;;;;;;;;;;;;;;;;;;;;;;;;;;;;;;;;;;;;;;;;;;;;;;;;;;;;;;;;;;;;;;;;;;;;;;;;;;;;;;
M;61_228_3;;;;;20HS846B_1;;ЛОЖЬ;ЛОЖЬ;;228;;;;;;;0;;;;1018;ЛОЖЬ;0;;;;;;;1=TEST;;;;;;;Undefined;491;3428;;;;;;;;;;ЛОЖЬ;;;;;;;;;;;;;;;;;;;;;;;;;;;;;;;;;;;;;;;;;;;;;;;;;;;;;;;;;;;;;;;;;;;;;;;;;;;;;;;;;;;;;;;;;;;;;;;;;;;;;;;;;;;;;;;;;;;;;
DI;30XL018B_ON;;FSC;3000;A_3000;H-3001 EMERG. SD;No;ЛОЖЬ;ЛОЖЬ;;204;;;;;;;0;;;;2330;ЛОЖЬ;0;None;;;;;;1=LAMP ON;;;;;;;Undefined;491;3428;;;;;;Low;;;;ЛОЖЬ;;;;ЛОЖЬ;;;;;;;;;;;;;;;;;;;;;;;;;;;;;;;;;;;;;;;;;;;;;;;;;;;;;;;;;;;;;;;;;;;;;;;;;;;;;;;;;;;;;;;;;;Input;ESD_001_1;ESD_301_1;10;;;;;;;;;;;;;;;;;;;;
DO;20XL198B;;PNL;2000;A_P20_2;P-2016/S EMERG. SD;Yes;ЛОЖЬ;ЛОЖЬ;;256;;;;;;;0;;;;282;ЛОЖЬ;0;None;;;;;;1=LAMP ON;;;;;;;Undefined;491;3428;;01.07;3;3;1;Appl;;;;ЛОЖЬ;;;;;;;;;;;;;;;;;;;;;;Output;EPKS_CCB;ESD_001_1;637;;;;;;;;;;;;;;;;;;;;;;;;;;;;;;;;;;;;;;;;;;;;;;;;;;;;;;;;;;;;;;;;;;;;;;;;;;;;;;;;;;;;;;;;;;;;
DO;20XL562B;;PNL;2000;A_2000;C-2004A/B/S EMERG. SD;Yes;ЛОЖЬ;ЛОЖЬ;;264;;;;;;;0;;;;111;ЛОЖЬ;0;None;;;;;;1=LAMP ON;;;;;;;Undefined;491;3428;;01.05;13;8;1;Appl;;;;ЛОЖЬ;;;;;;;;;;;;;;;;;;;;;;Output;EPKS_CCB;ESD_001_1;638;;;;;;;;;;;;;;;;;;;;;;;;;;;;;;;;;;;;;;;;;;;;;;;;;;;;;;;;;;;;;;;;;;;;;;;;;;;;;;;;;;;;;;;;;;;;
DI;00XS001E01TMP;;CAB;2000;S_B001;CB001 ESD-01 ALARM TEMP;Yes;ЛОЖЬ;ЛОЖЬ;;18;;;;;;;;;;;4;ЛОЖЬ;0;None;;;;;;0=ALARM;;;;;;;Undefined;491;3428;;01.03;1;13;1;Low;;;;ЛОЖЬ;;;;ЛОЖЬ;;;;;;;;;;;;;;;;;;Output;EPKS_CCB;ESD_001_1;641;;;;;;;;;;;;;;;;;;;;;;;;;;;;;;;;;;;;;;;;;;;;;;;;;;;;;;;;;;;;;;;;;;;;;;;;;;;;;;;;;;;;;;;;;;;;
DI;41XL050A_ON;;FSC;4100;A_4100;ACTIVATION OF EM BLOCK 1;No;ЛОЖЬ;ЛОЖЬ;;280;;;;;;;0;;;;1853;ЛОЖЬ;0;None;;;;;;1=LAMP ON;;;;;;;Undefined;491;3428;;;;;;Low;;;;ЛОЖЬ;;;;ЛОЖЬ;;;;;;;;;;;;;;;;;;;;;;;;;;;;;;;;;;;;;;;;;;;;;;;;;;;;;;;;;;;;;;;;;;;;;;;;;;;;;;;;;;Input;ESD_001_1;ESD_411_1;13;;;;;;;;;;;;;;;;;;;;;;;;;;;;
DO;51HS903_REL;;FSC;5100;A_C5140;ESD MOS REL AREA 5140S;No;ЛОЖЬ;ЛОЖЬ;;107;;;;;;;0;;;;624;ЛОЖЬ;0;None;;;;;;1=RELEASED;;;;;;;Undefined;491;3428;;;;;;;;;;ЛОЖЬ;;;;;;;;;;Output;ESD_001_1;ESD_511_1;4;;;;;;;;;;;;;;;;;;;;;;;;;;;;;;;;;;;;;;;;;;;;;;;;;;;;;;;;;;;;;;;;;;;;;;;;;;;;;;;;;;;;;;;;;;;;;;;;;;;;;;;;
DI;22_01_SNESD_FLT;;FSC;;;;No;ЛОЖЬ;ЛОЖЬ;;23;;;;;;;0;;;;816;ЛОЖЬ;0;None;;;;;;0=Fault;0=Fault;;;;;;Undefined;;;;;;;;Low;;;;ЛОЖЬ;ИСТИНА;;;ЛОЖЬ;View only;;;;;;;;;;;;;Input;ESD_001_1;ESD_001_8;0;;;;;;;;;;;;;;;;;;;;;;;;;;;;;;;;;;;;;;;;;;;;;;;;;;;;;;;;;;;;;;;;;;;;;;;;;;;;;;;;;;;;;;;;;;;;;;;;
DI;52XL025_ON;;FSC;5200;A_5200;GROUP SHUTDOWN;No;ЛОЖЬ;ЛОЖЬ;;292;;;;;;;0;;;;2046;ЛОЖЬ;0;None;;;;;;1=LAMP ON;;;;;;;Undefined;491;3428;;;;;;Low;;;;ЛОЖЬ;;;;ЛОЖЬ;;;;;;Input;ESD_001_1;ESD_511_1;14;;;;;;;;;;;;;;;;;;;;;;;;;;;;;;;;;;;;;;;;;;;;;;;;;;;;;;;;;;;;;;;;;;;;;;;;;;;;;;;;;;;;;;;;;;;;;;;;;;;;;;;;
M;105_111_1;;;;;20HS846D;;ЛОЖЬ;ЛОЖЬ;;111;;;;;;;0;;;;758;ЛОЖЬ;0;;;;;;;1=TEST;;;;;;;Undefined;491;3428;;;;;;;;;;ЛОЖЬ;;;;;;;;;;;;;;;;;;;;;;;;;;;;;;;;;;;;;;;;;;;;;;;;;;;;;;;;;;;;;;;;;;;;;;;;;;;;;;;;;;;;;;;;;;;;;;;;;;;;;;;;;;;;;;;;;;;;;
DO;20XL151;;PNL;2000;A_2000;20XV 151 CLOSE;Yes;ЛОЖЬ;ЛОЖЬ;;238;;;;;;;0;;;;190;ЛОЖЬ;0;None;;;;;;1=LAMP ON;;;;;;;Undefined;491;3428;;01.06;7;7;1;Appl;;;;ЛОЖЬ;;;;;;;;;;;;;;;;;;;;;;Output;EPKS_CCB;ESD_001_1;642;;;;;;;;;;;;;;;;;;;;;;;;;;;;;;;;;;;;;;;;;;;;;;;;;;;;;;;;;;;;;;;;;;;;;;;;;;;;;;;;;;;;;;;;;;;;
DO;41XL004;;PNL;;;BUTTON 41HS004B PRESSED;Yes;ЛОЖЬ;ЛОЖЬ;;285;;;;;;;0;;;;451;ЛОЖЬ;0;None;;;;;;1=ON;1=ON;;;;;;Undefined;;;;01.07;17;12;1;Appl;;;;ЛОЖЬ;ИСТИНА;;;;;;;;;;;;;;;;;;;;;;;;;;;;;;;;;;;;;;;;;;;;;;;;;;;;;;;;;;;;;;;;;;;;;;;;;;;;;;;;;;;;;;;;;;;;;;;;;;;;;;;;;;;;;;;;;;;;
DO;41XLC002;;PNL;;;41XV002 CLOSED;Yes;ЛОЖЬ;ЛОЖЬ;;284;;;;;;;0;;;;459;ЛОЖЬ;0;None;;;;;;1=CLOSED;1=CLOSED;;;;;;Undefined;;;;01.07;17;4;1;Appl;;;;ЛОЖЬ;ИСТИНА;;;;;;;;;;;;;;;;;;;;;;;;;;;;;;;;;;;;;;;;;;;;;;;;;;;;;;;;;;;;;;;;;;;;;;;;;;;;;;;;;;;;;;;;;;;;;;;;;;;;;;;;;;;;;;;;;;;;
DI;1-ExtComFaultCC4;;SYS;;;Ext com fault Com ch 4;Yes;ЛОЖЬ;;;16;;;;;;;;;;;9;ЛОЖЬ;0;None;;;;;;;;;;;;;Undefined;491;3428;;;;;;;;;;ЛОЖЬ;;;;ЛОЖЬ;;;;;;;;;;;;;;;;;;;;;;;;;;;;;;;;;;;;;;;;;;;;;;;;;;;;;;;;;;;;;;;;;;;;;;;;;;;;;;;;;;;;;;;;;;;;;;;;;;;;;;;;;;;;;;;;;
DI;1-InputCompare;;SYS;;;Input compare fault;Yes;ЛОЖЬ;;;17;;;;;;;;;;;35;ЛОЖЬ;0;None;;;;;;;;;;;;;Undefined;491;3428;;;;;;;;;;ЛОЖЬ;;;;ЛОЖЬ;;;;;;;;;;;;;;;;;;;;;;;;;;;;;;;;;;;;;;;;;;;;;;;;;;;;;;;;;;;;;;;;;;;;;;;;;;;;;;;;;;;;;;;;;;;;;;;;;;;;;;;;;;;;;;;;;
DI;20HS990Q2;;PNL;2000;A_2000;MOS RELEASE AREA H-2005B;Yes;ЛОЖЬ;ЛОЖЬ;;79;;;;;;;;;;;68;ЛОЖЬ;0;None;;;;;;0=RELEASE;;;;;;;Undefined;491;3428;;01.03;9;13;1;Hold;;;;ЛОЖЬ;;;;ЛОЖЬ;;;;;;;;;;;;;;;;;;Output;EPKS_CCB;ESD_001_1;643;;;;;;;;;;;;;;;;;;;;;;;;;;;;;;;;;;;;;;;;;;;;;;;;;;;;;;;;;;;;;;;;;;;;;;;;;;;;;;;;;;;;;;;;;;;;
DO;01_22_SNESD_FLT;;FSC;;;ESD_001_1-ESD_001_8;No;ЛОЖЬ;ЛОЖЬ;;19;;;;;;;0;;;;64;ЛОЖЬ;0;None;;;;;;0=FAULT;0=FAULT;;;;;;Undefined;;;;;;;;;;;;ЛОЖЬ;ИСТИНА;;;;;;;;;;;;;;;;;Output;ESD_001_1;ESD_001_8;19;;;;;;;;;;;;;;;;;;;;;;;;;;;;;;;;;;;;;;;;;;;;;;;;;;;;;;;;;;;;;;;;;;;;;;;;;;;;;;;;;;;;;;;;;;;;;;;;
M;31_206_3;;;;;20HS846A;;ЛОЖЬ;ЛОЖЬ;;206;;;;;;;0;;;;970;ЛОЖЬ;0;;;;;;;1=TEST;;;;;;;Undefined;491;3428;;;;;;;;;;ЛОЖЬ;;;;;;;;;;;;;;;;;;;;;;;;;;;;;;;;;;;;;;;;;;;;;;;;;;;;;;;;;;;;;;;;;;;;;;;;;;;;;;;;;;;;;;;;;;;;;;;;;;;;;;;;;;;;;;;;;;;;;
DO;21XA202;;PNL;2100;A_2000;INTERNAL FIRE ALARM;Yes;ЛОЖЬ;ЛОЖЬ;;236;;;;;;;0;;;;222;ЛОЖЬ;0;None;;;;;;1=LAMP ON;;;;;;;Undefined;491;3428;;01.06;11;7;1;Appl;;;;ЛОЖЬ;;;;;;;;;;;;;;;;;;;;;;Output;EPKS_CCB;ESD_001_1;644;;;;;;;;;;;;;;;;;;;;;;;;;;;;;;;;;;;;;;;;;;;;;;;;;;;;;;;;;;;;;;;;;;;;;;;;;;;;;;;;;;;;;;;;;;;;
DI;30XL123_ON;;FSC;3000;A_3000;SD AT FIRE P3025 - N. 05;No;ЛОЖЬ;ЛОЖЬ;;210;;;;;;;0;;;;2341;ЛОЖЬ;0;None;;;;;;1=LAMP ON;;;;;;;Undefined;491;3428;;;;;;Low;;;;ЛОЖЬ;;;;ЛОЖЬ;;;;;;;;;;;;;;;;;;;;;;;;;;;;;;;;;;;;;;;;;;;;;;;;;;;;;;;;;;;;;;;;;;;;;;;;;;;;;;;;;;;;;;;;;;Input;ESD_001_1;ESD_301_1;21;;;;;;;;;;;;;;;;;;;;
DO;10XL026B;;PNL;1000;A_1000;H-1001A EMERG. SD;Yes;ЛОЖЬ;ЛОЖЬ;;200;;;;;;;0;;;;8;ЛОЖЬ;0;None;;;;;;1=LAMP ON;;;;;;;Undefined;491;3428;;01.05;1;1;1;Appl;;;;ЛОЖЬ;;;;;;;;;;;;;;;;;;;;;;Output;EPKS_CCB;ESD_001_1;645;;;;;;;;;;;;;;;;;;;;;;;;;;;;;;;;;;;;;;;;;;;;;;;;;;;;;;;;;;;;;;;;;;;;;;;;;;;;;;;;;;;;;;;;;;;;
DO;30XL706KA;;PNL;3000;A_3000;MOS ENABLE AREA 3000;Yes;ЛОЖЬ;ЛОЖЬ;;43;;;;;;;0;;;;56;ЛОЖЬ;0;None;;;;;;1=LAMP ON;;;;;;;Undefined;491;3428;;01.05;7;1;1;Appl;;;;ЛОЖЬ;;;;;;;;;;;;;;;;;;;;;;Output;EPKS_CCB;ESD_001_1;646;;;;;;;;;;;;;;;;;;;;;;;;;;;;;;;;;;;;;;;;;;;;;;;;;;;;;;;;;;;;;;;;;;;;;;;;;;;;;;;;;;;;;;;;;;;;
M;21_240_2;;;;;03-01 - ESD001_3;;ЛОЖЬ;ЛОЖЬ;;240;;;;;;;0;;;;41;ЛОЖЬ;0;;;;;;;Blink on Failure;;;;;;;Undefined;;;;;;;;;;;;ЛОЖЬ;ИСТИНА;;;;;;;;;;;;;;;;;;;;;;;;;;;;;;;;;;;;;;;;;;;;;;;;;;;;;;;;;;;;;;;;;;;;;;;;;;;;;;;;;;;;;;;;;;;;;;;;;;;;;;;;;;;;;;;;;;;;
DI;41HS265E1;;PNL;4100;A_4100;MOS ENABLE AREA H-4101B;Yes;ЛОЖЬ;ЛОЖЬ;;95;;;;;;;;;;;126;ЛОЖЬ;0;None;;;;;;1=ENABLE;;;;;;;Undefined;491;3428;;01.03;15;7;1;Hold;;;;ЛОЖЬ;;;;ЛОЖЬ;;;;;;;;;;;;;;;;;;Output;EPKS_CCB;ESD_001_1;647;;;;;;;;;;;;;;;;;;;;;;;;;;;;;;;;;;;;;;;;;;;;;;;;;;;;;;;;;;;;;;;;;;;;;;;;;;;;;;;;;;;;;;;;;;;;
DO;52XL925KA;;PNL;5200;A_5200;MOS ENABLED AREA 5200;Yes;ЛОЖЬ;ЛОЖЬ;;111;;;;;;;0;;;;376;ЛОЖЬ;0;None;;;;;;1=LAMP ON;;;;;;;Undefined;491;3428;;01.07;15;1;1;Appl;;;;ЛОЖЬ;;;;;;;;;;;;;;;;;;;;;;Output;EPKS_CCB;ESD_001_1;648;;;;;;;;;;;;;;;;;;;;;;;;;;;;;;;;;;;;;;;;;;;;;;;;;;;;;;;;;;;;;;;;;;;;;;;;;;;;;;;;;;;;;;;;;;;;
DO;20XL434A8;;FLD;;;VALVE 20XV434A CLOSE;Yes;ЛОЖЬ;ЛОЖЬ;;242;;;;;;;0;;;;433;ЛОЖЬ;0;None;;;;;;1=LAMP ON;1=LAMP ON;;;;;;Undefined;;;;01.06;17;10;1;Appl;;;;ЛОЖЬ;ИСТИНА;;;;;;;;;;;;;;;;;;;;;;;;;;;;;;;;;;;;;;;;;;;;;;;;;;;;;;;;;;;;;;;;;;;;;;;;;;;;;;;;;;;;;;;;;;;;;;;;;;;;;;;;;;;;;;;;;;;;
DI;10HS602B;;PNL;1000;A_1000;MOS RELEASE AREA 1000;Yes;ЛОЖЬ;ЛОЖЬ;;35;;;;;;;;;;;29;ЛОЖЬ;0;None;;;;;;0=RELEASE;;;;;;;Undefined;491;3428;;01.03;3;6;1;Hold;;;;ЛОЖЬ;;;;ЛОЖЬ;;;;;;;;;;;;;;;;;;Output;EPKS_CCB;ESD_001_1;649;;;;;;;;;;;;;;;;;;;;;;;;;;;;;;;;;;;;;;;;;;;;;;;;;;;;;;;;;;;;;;;;;;;;;;;;;;;;;;;;;;;;;;;;;;;;
DI;41XL265EB_ON_11;;FSC;4100;A_4100;ESD MOS ACT AREA H4101B;No;ЛОЖЬ;ЛОЖЬ;;95;;;;;;;0;;;;1849;ЛОЖЬ;0;None;;;;;;1=LAMP ON;;;;;;;Undefined;491;3428;;;;;;Low;;;;ЛОЖЬ;;;;ЛОЖЬ;;;;;;;;;;;;;;;;;;;;;;;;;;;;;;;;;;;;;;;;;;;;;;;;;;;;;;;;;;;;;;;;;;;;;;;;;;;;;;;;;;Input;ESD_001_1;ESD_411_1;9;;;;;;;;;;;;;;;;;;;;;;;;;;;;
DI;21_01_SNESD_FLT;;FSC;2000;;;No;ЛОЖЬ;ЛОЖЬ;;23;;;;;;;0;;;;2170;ЛОЖЬ;0;None;;;;;;0=Fault;;;;;;;Undefined;491;3428;;;;;;Low;;;;ЛОЖЬ;;;;ЛОЖЬ;;;;;;;;;;;;;;;;;;;;;;;;;;Input;ESD_001_1;ESD_001_7;42;;;;;;;;;;;;;;;;;;;;;;;;;;;;;;;;;;;;;;;;;;;;;;;;;;;;;;;;;;;;;;;;;;;;;;;;;;;;;;;;;;;;
DI;43HS901A;;PNL;4300;A_43012;MOS ENABLE AREA 430-12;Yes;ЛОЖЬ;ЛОЖЬ;;47;;;;;;;;;;;58;ЛОЖЬ;0;None;;;;;;1=ENABLE;;;;;;;Undefined;491;3428;;01.03;7;3;1;Hold;;;;ЛОЖЬ;;;;ЛОЖЬ;;;;;;;;;;;;;;;;;;Output;EPKS_CCB;ESD_001_1;650;;;;;;;;;;;;;;;;;;;;;;;;;;;;;;;;;;;;;;;;;;;;;;;;;;;;;;;;;;;;;;;;;;;;;;;;;;;;;;;;;;;;;;;;;;;;
DI;10HS602A;;PNL;1000;A_1000;MOS ENABLE AREA 1000;Yes;ЛОЖЬ;ЛОЖЬ;;35;;;;;;;;;;;28;ЛОЖЬ;0;None;;;;;;1=ENABLE;;;;;;;Undefined;491;3428;;01.03;3;5;1;Hold;;;;ЛОЖЬ;;;;ЛОЖЬ;;;;;;;;;;;;;;;;;;Output;EPKS_CCB;ESD_001_1;651;;;;;;;;;;;;;;;;;;;;;;;;;;;;;;;;;;;;;;;;;;;;;;;;;;;;;;;;;;;;;;;;;;;;;;;;;;;;;;;;;;;;;;;;;;;;
M;21_220_9;;;;;04-01 - ESD001_4;;ЛОЖЬ;ЛОЖЬ;;220;;;;;;;0;;;;625;ЛОЖЬ;0;;;;;;;Blink on Failure;;;;;;;Undefined;491;3428;;;;;;;;;;ЛОЖЬ;;;;;;;;;;;;;;;;;;;;;;;;;;;;;;;;;;;;;;;;;;;;;;;;;;;;;;;;;;;;;;;;;;;;;;;;;;;;;;;;;;;;;;;;;;;;;;;;;;;;;;;;;;;;;;;;;;;;;
DI;21XA102_ON;;FSC;2100;A_2000;INTERNAL FIRE ALARM;No;ЛОЖЬ;ЛОЖЬ;;236;;;;;;;0;;;;1954;ЛОЖЬ;0;None;;;;;;1=LAMP ON;;;;;;;Undefined;491;3428;;;;;;Low;;;;ЛОЖЬ;;;;ЛОЖЬ;;;;;;;;;;;;;;;;;;;;;;Input;ESD_001_1;ESD_001_5;18;;;;;;;;;;;;;;;;;;;;;;;;;;;;;;;;;;;;;;;;;;;;;;;;;;;;;;;;;;;;;;;;;;;;;;;;;;;;;;;;;;;;;;;;
DO;51HS903_EN;;FSC;5100;A_C5140;ESD MOS EN AREA 5140S;No;ЛОЖЬ;ЛОЖЬ;;107;;;;;;;0;;;;748;ЛОЖЬ;0;None;;;;;;1=ENABLED;;;;;;;Undefined;491;3428;;;;;;;;;;ЛОЖЬ;;;;;;;;;;Output;ESD_001_1;ESD_511_1;3;;;;;;;;;;;;;;;;;;;;;;;;;;;;;;;;;;;;;;;;;;;;;;;;;;;;;;;;;;;;;;;;;;;;;;;;;;;;;;;;;;;;;;;;;;;;;;;;;;;;;;;;
DO;20XL560B;;PNL;2000;A_2000;C-2002 EMERG. SD;Yes;ЛОЖЬ;ЛОЖЬ;;234;;;;;;;0;;;;130;ЛОЖЬ;0;None;;;;;;1=LAMP ON;;;;;;;Undefined;491;3428;;01.06;1;11;1;Appl;;;;ЛОЖЬ;;;;;;;;;;;;;;;;;;;;;;Output;EPKS_CCB;ESD_001_1;652;;;;;;;;;;;;;;;;;;;;;;;;;;;;;;;;;;;;;;;;;;;;;;;;;;;;;;;;;;;;;;;;;;;;;;;;;;;;;;;;;;;;;;;;;;;;
DI;20XL018B_ON;;FSC;2000;A_2000;C-2003S SHUTDOWN;No;ЛОЖЬ;ЛОЖЬ;;220;;;;;;;0;;;;2245;ЛОЖЬ;0;None;;;;;;1=LAMP ON;;;;;;;Undefined;491;3428;;;;;;Low;;;;ЛОЖЬ;;;;ЛОЖЬ;;;;;;;;;;;;;;;;;;;;;;;;;;;;;;;;;;;;;;;;;;;;;;;;;;;;;;;;;;;;;;;;;;;;;;;;;;;;;;;;;;;;;;;;;;;;;;;;;;;;;;;;;;Input;ESD_001_1;ESD_001_3;21;;;;
DI;20XL151_ON;;FSC;2000;A_2000;20XV 151 CLOSE;No;ЛОЖЬ;ЛОЖЬ;;238;;;;;;;0;;;;2148;ЛОЖЬ;0;None;;;;;;1=LAMP ON;;;;;;;Undefined;491;3428;;;;;;Low;;;;ЛОЖЬ;;;;ЛОЖЬ;;;;;;;;;;;;;;;;;;;;;;;;;;Input;ESD_001_1;ESD_001_7;20;;;;;;;;;;;;;;;;;;;;;;;;;;;;;;;;;;;;;;;;;;;;;;;;;;;;;;;;;;;;;;;;;;;;;;;;;;;;;;;;;;;;
M;51_254_2;;;;;20HS846B_2;;ЛОЖЬ;ЛОЖЬ;;254;;;;;;;0;;;;1054;ЛОЖЬ;0;;;;;;;1=TEST;;;;;;;Undefined;491;3428;;;;;;;;;;ЛОЖЬ;;;;;;;;;;;;;;;;;;;;;;;;;;;;;;;;;;;;;;;;;;;;;;;;;;;;;;;;;;;;;;;;;;;;;;;;;;;;;;;;;;;;;;;;;;;;;;;;;;;;;;;;;;;;;;;;;;;;;
M;22_200_1;;;;;09-01 - ESD101_2;;ЛОЖЬ;ЛОЖЬ;;200;;;;;;;0;;;;657;ЛОЖЬ;0;;;;;;;Blink on Failure;;;;;;;Undefined;491;3428;;;;;;;;;;ЛОЖЬ;;;;;;;;;;;;;;;;;;;;;;;;;;;;;;;;;;;;;;;;;;;;;;;;;;;;;;;;;;;;;;;;;;;;;;;;;;;;;;;;;;;;;;;;;;;;;;;;;;;;;;;;;;;;;;;;;;;;;
DI;30XL704KB_ON_10;;FSC;3000;A_3000;ESD MOS ACT AREA C-3001A;No;ЛОЖЬ;ЛОЖЬ;;39;;;;;;;0;;;;2323;ЛОЖЬ;0;None;;;;;;1=LAMP ON;;;;;;;Undefined;491;3428;;;;;;Low;;;;ЛОЖЬ;;;;ЛОЖЬ;;;;;;;;;;;;;;;;;;;;;;;;;;;;;;;;;;;;;;;;;;;;;;;;;;;;;;;;;;;;;;;;;;;;;;;;;;;;;;;;;;;;;;;;;;Input;ESD_001_1;ESD_301_1;3;;;;;;;;;;;;;;;;;;;;
DO;20XL281B;;PNL;2000;A_2000;EMERGENCY STEAM TO H-2006 VALVE CL;Yes;ЛОЖЬ;ЛОЖЬ;;240;;;;;;;0;;;;179;ЛОЖЬ;0;None;;;;;;1=LAMP ON;;;;;;;Undefined;;;;01.06;7;12;1;Appl;;;;ЛОЖЬ;ИСТИНА;;;;;;;;;;;;;;;;;;;;;;;;;;;;;;;;;;;;;;;;;;;;;;;;;;;;;;;;;;;;;;;;;;;;;;;;;;;;;;;;;;;;;;;;;;;;;;;;;;;;;;;;;;;;;;;;;;;;
DI;20HS990Q1;;PNL;2000;A_2000;MOS ENABLE AREA H-2005B;Yes;ЛОЖЬ;ЛОЖЬ;;79;;;;;;;;;;;67;ЛОЖЬ;0;None;;;;;;1=ENABLE;;;;;;;Undefined;491;3428;;01.03;9;12;1;Hold;;;;ЛОЖЬ;;;;ЛОЖЬ;;;;;;;;;;;;;;;;;;Output;EPKS_CCB;ESD_001_1;653;;;;;;;;;;;;;;;;;;;;;;;;;;;;;;;;;;;;;;;;;;;;;;;;;;;;;;;;;;;;;;;;;;;;;;;;;;;;;;;;;;;;;;;;;;;;
DO;20HS990G_REL;;FSC;2000;A_2000;ESD MOS REL AREA CH-20-2;No;ЛОЖЬ;ЛОЖЬ;;63;;;;;;;0;;;;681;ЛОЖЬ;0;None;;;;;;1=RELEASED;;;;;;;Undefined;491;3428;;;;;;;;;;ЛОЖЬ;;;;;;;;;;;;;;;;;;;;;;;;;;;;;;;;;;;;;;;;;;;;;;;;;;;;;;;;;;;;;;;;;;;;;;Output;ESD_001_1;ESD_001_2;8;;;;;;;;;;;;;;;;;;;;;;;;;;;;;;;;;;;;;;;;;;;;
DI;52HS926B;;PNL;5200;A_5200;MOS RELEASE AREA 430-16;Yes;ЛОЖЬ;ЛОЖЬ;;113;;;;;;;;;;;171;ЛОЖЬ;0;None;;;;;;0=RELEASE;;;;;;;Undefined;491;3428;;01.04;5;4;1;Hold;;;;ЛОЖЬ;;;;ЛОЖЬ;;;;;;;;;;;;;;;;;;Output;EPKS_CCB;ESD_001_1;654;;;;;;;;;;;;;;;;;;;;;;;;;;;;;;;;;;;;;;;;;;;;;;;;;;;;;;;;;;;;;;;;;;;;;;;;;;;;;;;;;;;;;;;;;;;;
DO;52XL926KA;;PNL;5200;A_5200;MOS ENABLED AREA 430-16;Yes;ЛОЖЬ;ЛОЖЬ;;113;;;;;;;0;;;;378;ЛОЖЬ;0;None;;;;;;1=LAMP ON;;;;;;;Undefined;491;3428;;01.07;15;3;1;Appl;;;;ЛОЖЬ;;;;;;;;;;;;;;;;;;;;;;Output;EPKS_CCB;ESD_001_1;655;;;;;;;;;;;;;;;;;;;;;;;;;;;;;;;;;;;;;;;;;;;;;;;;;;;;;;;;;;;;;;;;;;;;;;;;;;;;;;;;;;;;;;;;;;;;
DO;30XL118;;PNL;3000;A_P30_1;STOP P-3021 FIRE - N. 02;Yes;ЛОЖЬ;ЛОЖЬ;;208;;;;;;;0;;;;32;ЛОЖЬ;0;None;;;;;;1=LAMP ON;;;;;;;Undefined;491;3428;;01.05;5;9;1;Appl;;;;ЛОЖЬ;;;;;;;;;;;;;;;;;;;;;;Output;EPKS_CCB;ESD_001_1;656;;;;;;;;;;;;;;;;;;;;;;;;;;;;;;;;;;;;;;;;;;;;;;;;;;;;;;;;;;;;;;;;;;;;;;;;;;;;;;;;;;;;;;;;;;;;
DO;30XL706KB;;PNL;3000;A_3000;MOS ACT/REL AREA 3000;Yes;ЛОЖЬ;ЛОЖЬ;;43;;;;;;;0;;;;57;ЛОЖЬ;0;None;;;;;;1=LAMP ON;;;;;;;Undefined;491;3428;;01.05;7;2;1;Appl;;;;ЛОЖЬ;;;;;;;;;;;;;;;;;;;;;;Output;EPKS_CCB;ESD_001_1;657;;;;;;;;;;;;;;;;;;;;;;;;;;;;;;;;;;;;;;;;;;;;;;;;;;;;;;;;;;;;;;;;;;;;;;;;;;;;;;;;;;;;;;;;;;;;
DI;20XL423A_ON;;FSC;2000;A_2000;ACTIVATION EM BLOCK 5;No;ЛОЖЬ;ЛОЖЬ;;230;;;;;;;0;;;;1949;ЛОЖЬ;0;None;;;;;;1=LAMP ON;;;;;;;Undefined;491;3428;;;;;;Low;;;;ЛОЖЬ;;;;ЛОЖЬ;;;;;;;;;;;;;;;;;;;;;;Input;ESD_001_1;ESD_001_5;13;;;;;;;;;;;;;;;;;;;;;;;;;;;;;;;;;;;;;;;;;;;;;;;;;;;;;;;;;;;;;;;;;;;;;;;;;;;;;;;;;;;;;;;;
DO;20XL165B;;PNL;2000;A_P20_2;P-2025/S EMERG. SD;Yes;ЛОЖЬ;ЛОЖЬ;;224;;;;;;;0;;;;171;ЛОЖЬ;0;None;;;;;;1=LAMP ON;;;;;;;Undefined;491;3428;;01.06;5;4;1;Appl;;;;ЛОЖЬ;;;;;;;;;;;;;;;;;;;;;;Output;EPKS_CCB;ESD_001_1;658;;;;;;;;;;;;;;;;;;;;;;;;;;;;;;;;;;;;;;;;;;;;;;;;;;;;;;;;;;;;;;;;;;;;;;;;;;;;;;;;;;;;;;;;;;;;
DO;41XLO001;;PNL;;;41XV001 OPENED;Yes;ЛОЖЬ;ЛОЖЬ;;284;;;;;;;0;;;;457;ЛОЖЬ;0;None;;;;;;1=OPENED;1=OPENED;;;;;;Undefined;;;;01.07;17;2;1;Appl;;;;ЛОЖЬ;ИСТИНА;;;;;;;;;;;;;;;;;;;;;;;;;;;;;;;;;;;;;;;;;;;;;;;;;;;;;;;;;;;;;;;;;;;;;;;;;;;;;;;;;;;;;;;;;;;;;;;;;;;;;;;;;;;;;;;;;;;;
M;21_236_4;;;;;05-01 - ESD001_5;;ЛОЖЬ;ЛОЖЬ;;236;;;;;;;0;;;;720;ЛОЖЬ;0;;;;;;;Blink on Failure;;;;;;;Undefined;491;3428;;;;;;;;;;ЛОЖЬ;;;;;;;;;;;;;;;;;;;;;;;;;;;;;;;;;;;;;;;;;;;;;;;;;;;;;;;;;;;;;;;;;;;;;;;;;;;;;;;;;;;;;;;;;;;;;;;;;;;;;;;;;;;;;;;;;;;;;
M;21_200_6;;;;;08-01 - ESD101_1;;ЛОЖЬ;ЛОЖЬ;;200;;;;;;;0;;;;656;ЛОЖЬ;0;;;;;;;Blink on Failure;;;;;;;Undefined;491;3428;;;;;;;;;;ЛОЖЬ;;;;;;;;;;;;;;;;;;;;;;;;;;;;;;;;;;;;;;;;;;;;;;;;;;;;;;;;;;;;;;;;;;;;;;;;;;;;;;;;;;;;;;;;;;;;;;;;;;;;;;;;;;;;;;;;;;;;;
DO;20HS990P_REL;;FSC;2000;A_2000;ESD MOS REL AREA H-2005A;No;ЛОЖЬ;ЛОЖЬ;;77;;;;;;;0;;;;716;ЛОЖЬ;0;None;;;;;;1=RELEASED;;;;;;;Undefined;491;3428;;;;;;;;;;ЛОЖЬ;;;;;;;;;;;;;;;;;;;;;;;;;;;;;;;;;;;;;;;;;;;;;;;;;;;;;;;;;;;;;;;;;;;;;;Output;ESD_001_1;ESD_001_2;12;;;;;;;;;;;;;;;;;;;;;;;;;;;;;;;;;;;;;;;;;;;;
M;23_256_5;;;;;21-01 - ESD001_7;;ЛОЖЬ;ЛОЖЬ;;256;;;;;;;0;;;;738;ЛОЖЬ;0;;;;;;;Blink on Failure;;;;;;;Undefined;491;3428;;;;;;;;;;ЛОЖЬ;;;;;;;;;;;;;;;;;;;;;;;;;;;;;;;;;;;;;;;;;;;;;;;;;;;;;;;;;;;;;;;;;;;;;;;;;;;;;;;;;;;;;;;;;;;;;;;;;;;;;;;;;;;;;;;;;;;;;
DO;58HS201A_REL;;FSC;5800;A_5800;ESD MOS REL AREA 5800;No;ЛОЖЬ;ЛОЖЬ;;83;;;;;;;0;;;;731;ЛОЖЬ;0;None;;;;;;1=RELEASED;;;;;;;Undefined;491;3428;;;;;;;;;;ЛОЖЬ;;;;;;;;;;;;;;;;;;;;;;;;;;;;;;Output;ESD_001_1;ESD_001_7;12;;;;;;;;;;;;;;;;;;;;;;;;;;;;;;;;;;;;;;;;;;;;;;;;;;;;;;;;;;;;;;;;;;;;;;;;;;;;;;;;;;;;
DO;42XL113BB;;PNL;4200;A_4200;MOS ACT/REL AREA C-4202;Yes;ЛОЖЬ;ЛОЖЬ;;101;;;;;;;0;;;;349;ЛОЖЬ;0;None;;;;;;1=LAMP ON;;;;;;;Undefined;491;3428;;01.07;11;6;1;Appl;;;;ЛОЖЬ;;;;;;;;;;;;;;;;;;;;;;Output;EPKS_CCB;ESD_001_1;659;;;;;;;;;;;;;;;;;;;;;;;;;;;;;;;;;;;;;;;;;;;;;;;;;;;;;;;;;;;;;;;;;;;;;;;;;;;;;;;;;;;;;;;;;;;;
DO;43HS902_EN;;FSC;4300;A_43015;ESD MOS EN AREA 430-15;No;ЛОЖЬ;ЛОЖЬ;;49;;;;;;;0;;;;564;ЛОЖЬ;0;None;;;;;;1=ENABLED;;;;;;;Undefined;491;3428;;;;;;;;;;ЛОЖЬ;;;;;;;;;;;;;;;;;;;;;;;;;;;;;;;;;;;;;;;;;;;;;;Output;ESD_001_1;ESD_431_1;1;;;;;;;;;;;;;;;;;;;;;;;;;;;;;;;;;;;;;;;;;;;;;;;;;;;;;;;;;;;;;;;;;;;;
DI;1-ExtComFaultCC8;;SYS;;;Ext com fault Com ch 8;Yes;ЛОЖЬ;;;16;;;;;;;;;;;13;ЛОЖЬ;0;None;;;;;;;;;;;;;Undefined;491;3428;;;;;;;;;;ЛОЖЬ;;;;ЛОЖЬ;;;;;;;;;;;;;;;;;;;;;;;;;;;;;;;;;;;;;;;;;;;;;;;;;;;;;;;;;;;;;;;;;;;;;;;;;;;;;;;;;;;;;;;;;;;;;;;;;;;;;;;;;;;;;;;;;
M;21_228_8;;;;;03-01 - ESD001_3;;ЛОЖЬ;ЛОЖЬ;;228;;;;;;;0;;;;690;ЛОЖЬ;0;;;;;;;Blink on Failure;;;;;;;Undefined;491;3428;;;;;;;;;;ЛОЖЬ;;;;;;;;;;;;;;;;;;;;;;;;;;;;;;;;;;;;;;;;;;;;;;;;;;;;;;;;;;;;;;;;;;;;;;;;;;;;;;;;;;;;;;;;;;;;;;;;;;;;;;;;;;;;;;;;;;;;;
DO;20XL067;;PNL;2000;A_2000;ED FROM V-2011;Yes;ЛОЖЬ;ЛОЖЬ;;250;;;;;;;0;;;;266;ЛОЖЬ;0;None;;;;;;1=LAMP ON;;;;;;;Undefined;491;3428;;01.07;1;3;1;Appl;;;;ЛОЖЬ;;;;;;;;;;;;;;;;;;;;;;Output;EPKS_CCB;ESD_001_1;660;;;;;;;;;;;;;;;;;;;;;;;;;;;;;;;;;;;;;;;;;;;;;;;;;;;;;;;;;;;;;;;;;;;;;;;;;;;;;;;;;;;;;;;;;;;;
DI;51XL054_ON;;FSC;5100;A_5100;GROUP SHUTDOWN;No;ЛОЖЬ;ЛОЖЬ;;290;;;;;;;0;;;;2042;ЛОЖЬ;0;None;;;;;;1=LAMP ON;;;;;;;Undefined;491;3428;;;;;;Low;;;;ЛОЖЬ;;;;ЛОЖЬ;;;;;;Input;ESD_001_1;ESD_511_1;10;;;;;;;;;;;;;;;;;;;;;;;;;;;;;;;;;;;;;;;;;;;;;;;;;;;;;;;;;;;;;;;;;;;;;;;;;;;;;;;;;;;;;;;;;;;;;;;;;;;;;;;;
DO;20XL185;;PNL;2000;A_2000;ED FROM T-2002;Yes;ЛОЖЬ;ЛОЖЬ;;254;;;;;;;0;;;;281;ЛОЖЬ;0;None;;;;;;1=LAMP ON;;;;;;;Undefined;491;3428;;01.07;3;2;1;Appl;;;;ЛОЖЬ;;;;;;;;;;;;;;;;;;;;;;Output;EPKS_CCB;ESD_001_1;661;;;;;;;;;;;;;;;;;;;;;;;;;;;;;;;;;;;;;;;;;;;;;;;;;;;;;;;;;;;;;;;;;;;;;;;;;;;;;;;;;;;;;;;;;;;;
DO;10XL040;;PNL;1000;A_1000;STEAM EMERG.TO H-1001B;Yes;ЛОЖЬ;ЛОЖЬ;;200;;;;;;;0;;;;11;ЛОЖЬ;0;None;;;;;;1=LAMP ON;;;;;;;Undefined;491;3428;;01.05;1;4;1;Appl;;;;ЛОЖЬ;;;;;;;;;;;;;;;;;;;;;;Output;EPKS_CCB;ESD_001_1;662;;;;;;;;;;;;;;;;;;;;;;;;;;;;;;;;;;;;;;;;;;;;;;;;;;;;;;;;;;;;;;;;;;;;;;;;;;;;;;;;;;;;;;;;;;;;
DO;20XL990AA;;PNL;2000;A_2000;MOS ENABLED AREA 2000-1;Yes;ЛОЖЬ;ЛОЖЬ;;51;;;;;;;0;;;;232;ЛОЖЬ;0;None;;;;;;1=LAMP ON;;;;;;;Undefined;491;3428;;01.06;13;1;1;Appl;;;;ЛОЖЬ;;;;;;;;;;;;;;;;;;;;;;Output;EPKS_CCB;ESD_001_1;663;;;;;;;;;;;;;;;;;;;;;;;;;;;;;;;;;;;;;;;;;;;;;;;;;;;;;;;;;;;;;;;;;;;;;;;;;;;;;;;;;;;;;;;;;;;;
DI;41HS265F1;;PNL;4100;A_4100;MOS ENABLE AREA 4200;Yes;ЛОЖЬ;ЛОЖЬ;;97;;;;;;;;;;;112;ЛОЖЬ;0;None;;;;;;1=ENABLE;;;;;;;Undefined;491;3428;;01.03;15;9;1;Hold;;;;ЛОЖЬ;;;;ЛОЖЬ;;;;;;;;;;;;;;;;;;Output;EPKS_CCB;ESD_001_1;664;;;;;;;;;;;;;;;;;;;;;;;;;;;;;;;;;;;;;;;;;;;;;;;;;;;;;;;;;;;;;;;;;;;;;;;;;;;;;;;;;;;;;;;;;;;;
DI;1-ForcesActive;;SYS;;;Forces Active;Yes;ЛОЖЬ;;;17;;;;;;;;;;;23;ЛОЖЬ;0;None;;;;;;;;;;;;;Undefined;491;3428;;;;;;;;;;ЛОЖЬ;;;;ЛОЖЬ;;;;;;;;;;;;;;;;;;;;;;;;;;;;;;;;;;;;;;;;;;;;;;;;;;;;;;;;;;;;;;;;;;;;;;;;;;;;;;;;;;;;;;;;;;;;;;;;;;;;;;;;;;;;;;;;;
DI;51HS902B;;PNL;5100;A_5100;MOS RELEASE AREA 5140;Yes;ЛОЖЬ;ЛОЖЬ;;105;;;;;;;;;;;153;ЛОЖЬ;0;None;;;;;;0=RELEASE;;;;;;;Undefined;491;3428;;01.04;3;2;1;Hold;;;;ЛОЖЬ;;;;ЛОЖЬ;;;;;;;;;;;;;;;;;;Output;EPKS_CCB;ESD_001_1;665;;;;;;;;;;;;;;;;;;;;;;;;;;;;;;;;;;;;;;;;;;;;;;;;;;;;;;;;;;;;;;;;;;;;;;;;;;;;;;;;;;;;;;;;;;;;
DI;20XL990PB_ON_02;;FSC;2000;A_2000;ESD MOS ACT AREA H-2005A;No;ЛОЖЬ;ЛОЖЬ;;77;;;;;;;0;;;;1751;ЛОЖЬ;0;None;;;;;;1=LAMP ON;;;;;;;Undefined;491;3428;;;;;;Low;;;;ЛОЖЬ;;;;ЛОЖЬ;;;;;;;;;;;;;;;;;;;;;;;;;;;;;;;;;;;;;;;;;;;;;;;;;;;;;;;;;;;;;;;;;;Input;ESD_001_1;ESD_001_2;7;;;;;;;;;;;;;;;;;;;;;;;;;;;;;;;;;;;;;;;;;;;;
DO;51XL055;;PNL;5100;A_5100;GROUP SHUTDOWN;Yes;ЛОЖЬ;ЛОЖЬ;;290;;;;;;;0;;;;353;ЛОЖЬ;0;None;;;;;;1=LAMP ON;;;;;;;Undefined;491;3428;;01.07;13;10;1;Appl;;;;ЛОЖЬ;;;;;;;;;;;;;;;;;;;;;;Output;EPKS_CCB;ESD_001_1;666;;;;;;;;;;;;;;;;;;;;;;;;;;;;;;;;;;;;;;;;;;;;;;;;;;;;;;;;;;;;;;;;;;;;;;;;;;;;;;;;;;;;;;;;;;;;
DO;10HS600_EN;;FSC;1000;A_1000;ESD MOS EN AREA H-1001A;No;ЛОЖЬ;ЛОЖЬ;;31;;;;;;;0;;;;106;ЛОЖЬ;0;None;;;;;;1=ENABLED;;;;;;;Undefined;491;3428;;;;;;;;;;ЛОЖЬ;;;;;;;;;;;;;;;;;;;;;;;;;;;;;;;;;;;;;;Output;ESD_001_1;ESD_101_1;1;;;;;;;;;;;;;;;;;;;;;;;;;;;;;;;;;;;;;;;;;;;;;;;;;;;;;;;;;;;;;;;;;;;;;;;;;;;;
M;51_250_2;;;;;20HS846B_2;;ЛОЖЬ;ЛОЖЬ;;250;;;;;;;0;;;;1024;ЛОЖЬ;0;;;;;;;1=TEST;;;;;;;Undefined;491;3428;;;;;;;;;;ЛОЖЬ;;;;;;;;;;;;;;;;;;;;;;;;;;;;;;;;;;;;;;;;;;;;;;;;;;;;;;;;;;;;;;;;;;;;;;;;;;;;;;;;;;;;;;;;;;;;;;;;;;;;;;;;;;;;;;;;;;;;;
DO;20XAPAN_HR;;PNL;;;PAN_FAULT;Yes;ИСТИНА;ЛОЖЬ;;24;;;;;;;0;;;;99;ЛОЖЬ;1003;None;;;;;;1=FAULT;;;;;;;Undefined;;;;01.05;13;12;1;Appl;;;;ЛОЖЬ;ИСТИНА;;;;;;;;;;;;;;;;;;;;;;;;;;;;;;;;;;;;;;;;;;;;;;;;;;;;;;;;;;;;;;;;;;;;;;;;;;;;;;;;;;;;;;;;;;;;;;;;;;;;;;;;;;;;;;;;;;;;
DI;20XL272_ON;;FSC;2000;A_2000;ED FROM T-2007;No;ЛОЖЬ;ЛОЖЬ;;260;;;;;;;0;;;;2163;ЛОЖЬ;0;None;;;;;;1=LAMP ON;;;;;;;Undefined;491;3428;;;;;;Low;;;;ЛОЖЬ;;;;ЛОЖЬ;;;;;;;;;;;;;;;;;;;;;;;;;;Input;ESD_001_1;ESD_001_7;35;;;;;;;;;;;;;;;;;;;;;;;;;;;;;;;;;;;;;;;;;;;;;;;;;;;;;;;;;;;;;;;;;;;;;;;;;;;;;;;;;;;;
DI;41XL706_ON;;FSC;4100;A_4101;OOS FSLL026;No;ЛОЖЬ;ЛОЖЬ;;281;;;;;;;0;;;;1859;ЛОЖЬ;0;None;;;;;;1=OVERRIDE;;;;;;;Undefined;;;;;;;;Low;;;;ЛОЖЬ;ИСТИНА;;;ЛОЖЬ;;;;;;;;;;;;;;;;;;;;;;;;;;;;;;;;;;;;;;;;;;;;;;;;;;;;;;;;;;;;;;;;;;;;;;;;;;;;;;;;;;Input;ESD_001_1;ESD_411_1;19;;;;;;;;;;;;;;;;;;;;;;;;;;;;
DO;21XA102;;PNL;2100;A_2000;INTERNAL FIRE ALARM;Yes;ЛОЖЬ;ЛОЖЬ;;236;;;;;;;0;;;;221;ЛОЖЬ;0;None;;;;;;1=LAMP ON;;;;;;;Undefined;491;3428;;01.06;11;6;1;Appl;;;;ЛОЖЬ;;;;;;;;;;;;;;;;;;;;;;Output;EPKS_CCB;ESD_001_1;667;;;;;;;;;;;;;;;;;;;;;;;;;;;;;;;;;;;;;;;;;;;;;;;;;;;;;;;;;;;;;;;;;;;;;;;;;;;;;;;;;;;;;;;;;;;;
M;51_59_1;;;;;20HS846B_2;;ЛОЖЬ;ЛОЖЬ;;59;;;;;;;0;;;;675;ЛОЖЬ;0;;;;;;;1=TEST;;;;;;;Undefined;491;3428;;;;;;;;;;ЛОЖЬ;;;;;;;;;;;;;;;;;;;;;;;;;;;;;;;;;;;;;;;;;;;;;;;;;;;;;;;;;;;;;;;;;;;;;;;;;;;;;;;;;;;;;;;;;;;;;;;;;;;;;;;;;;;;;;;;;;;;;
M;31_33_1;;;;;20HS846A;;ЛОЖЬ;ЛОЖЬ;;33;;;;;;;0;;;;531;ЛОЖЬ;0;;;;;;;1=TEST;;;;;;;Undefined;491;3428;;;;;;;;;;ЛОЖЬ;;;;;;;;;;;;;;;;;;;;;;;;;;;;;;;;;;;;;;;;;;;;;;;;;;;;;;;;;;;;;;;;;;;;;;;;;;;;;;;;;;;;;;;;;;;;;;;;;;;;;;;;;;;;;;;;;;;;;
DI;20XL443_ON;;FSC;2000;A_2000;ED FROM V-2017;No;ЛОЖЬ;ЛОЖЬ;;264;;;;;;;0;;;;2168;ЛОЖЬ;0;None;;;;;;1=LAMP ON;;;;;;;Undefined;491;3428;;;;;;Low;;;;ЛОЖЬ;;;;ЛОЖЬ;;;;;;;;;;;;;;;;;;;;;;;;;;Input;ESD_001_1;ESD_001_7;40;;;;;;;;;;;;;;;;;;;;;;;;;;;;;;;;;;;;;;;;;;;;;;;;;;;;;;;;;;;;;;;;;;;;;;;;;;;;;;;;;;;;
DI;20XL990BB_ON_06;;FSC;2200;;ESD MOS ACT AREA 2000-2;No;ЛОЖЬ;ЛОЖЬ;;53;;;;;;;0;;;;2513;ЛОЖЬ;0;None;;;;;;1=LAMP ON;;;;;;;Undefined;491;3428;;;;;;Low;;;;ЛОЖЬ;;;;ЛОЖЬ;;;;;;;;;;;;;;;;;;;;;;;;;;;;;;Input;ESD_001_1;ESD_001_6;1;;;;;;;;;;;;;;;;;;;;;;;;;;;;;;;;;;;;;;;;;;;;;;;;;;;;;;;;;;;;;;;;;;;;;;;;;;;;;;;;
DO;10HS601_EN;;FSC;1000;A_1000;ESD MOS EN AREA H-1001B;No;ЛОЖЬ;ЛОЖЬ;;33;;;;;;;0;;;;530;ЛОЖЬ;0;None;;;;;;1=ENABLED;;;;;;;Undefined;491;3428;;;;;;;;;;ЛОЖЬ;;;;;;Output;ESD_001_1;ESD_101_2;1;;;;;;;;;;;;;;;;;;;;;;;;;;;;;;;;;;;;;;;;;;;;;;;;;;;;;;;;;;;;;;;;;;;;;;;;;;;;;;;;;;;;;;;;;;;;;;;;;;;;;;;;;;;;
T;99_1;;;;;;;ЛОЖЬ;ЛОЖЬ;;99;;;;;;;;100 ms;10;;56;ЛОЖЬ;0;;;;;;;;;;;;;;Undefined;491;3428;Delayed OFF with constant timer value;;;;;;;;;ЛОЖЬ;;;;;;;;;;;;;;;;;;;;;;;;;;;;;;;;;;;;;;;;;;;;;;;;;;;;;;;;;;;;;;;;;;;;;;;;;;;;;;;;;;;;;;;;;;;;;;;;;;;;;;;;;;;;;;;;;;;;;
M;87_89_1;;;;;20HS846C;;ЛОЖЬ;ЛОЖЬ;;89;;;;;;;0;;;;580;ЛОЖЬ;0;;;;;;;1=TEST;;;;;;;Undefined;491;3428;;;;;;;;;;ЛОЖЬ;;;;;;;;;;;;;;;;;;;;;;;;;;;;;;;;;;;;;;;;;;;;;;;;;;;;;;;;;;;;;;;;;;;;;;;;;;;;;;;;;;;;;;;;;;;;;;;;;;;;;;;;;;;;;;;;;;;;;
DO;51XL902KA;;PNL;5100;A_5100;MOS ENABLED AREA 5140;Yes;ЛОЖЬ;ЛОЖЬ;;105;;;;;;;0;;;;362;ЛОЖЬ;0;None;;;;;;1=LAMP ON;;;;;;;Undefined;491;3428;;01.07;13;3;1;Appl;;;;ЛОЖЬ;;;;;;;;;;;;;;;;;;;;;;Output;EPKS_CCB;ESD_001_1;669;;;;;;;;;;;;;;;;;;;;;;;;;;;;;;;;;;;;;;;;;;;;;;;;;;;;;;;;;;;;;;;;;;;;;;;;;;;;;;;;;;;;;;;;;;;;
T;113_1;;;;;;;ЛОЖЬ;ЛОЖЬ;;113;;;;;;;;100 ms;10;;188;ЛОЖЬ;0;;;;;;;;;;;;;;Undefined;491;3428;Delayed OFF with constant timer value;;;;;;;;;ЛОЖЬ;;;;;;;;;;;;;;;;;;;;;;;;;;;;;;;;;;;;;;;;;;;;;;;;;;;;;;;;;;;;;;;;;;;;;;;;;;;;;;;;;;;;;;;;;;;;;;;;;;;;;;;;;;;;;;;;;;;;;
DI;10HS600B;;PNL;1000;A_1000;MOS RELEASE AREA H-1001A;Yes;ЛОЖЬ;ЛОЖЬ;;31;;;;;;;;;;;25;ЛОЖЬ;0;None;;;;;;0=RELEASE;;;;;;;Undefined;491;3428;;01.03;3;2;1;Hold;;;;ЛОЖЬ;;;;ЛОЖЬ;;;;;;;;;;;;;;;;;;Output;EPKS_CCB;ESD_001_1;670;;;;;;;;;;;;;;;;;;;;;;;;;;;;;;;;;;;;;;;;;;;;;;;;;;;;;;;;;;;;;;;;;;;;;;;;;;;;;;;;;;;;;;;;;;;;
DO;10XL153B;;PNL;1000;A_1000;10XV153;Yes;ЛОЖЬ;ЛОЖЬ;;202;;;;;;;0;;;;13;ЛОЖЬ;0;None;;;;;;1=LAMP ON;;;;;;;Undefined;491;3428;;01.05;1;6;1;Appl;;;;ЛОЖЬ;;;;;;;;;;;;;;;;;;;;;;Output;EPKS_CCB;ESD_001_1;671;;;;;;;;;;;;;;;;;;;;;;;;;;;;;;;;;;;;;;;;;;;;;;;;;;;;;;;;;;;;;;;;;;;;;;;;;;;;;;;;;;;;;;;;;;;;
DI;21XA633_ON;;FSC;2100;A_2000;INTERNAL FIRE ALARM;No;ЛОЖЬ;ЛОЖЬ;;238;;;;;;;0;;;;2529;ЛОЖЬ;0;None;;;;;;1=LAMP ON;;;;;;;Undefined;491;3428;;;;;;Low;;;;ЛОЖЬ;;;;ЛОЖЬ;;;;;;;;;;;;;;;;;;;;;;;;;;;;;;Input;ESD_001_1;ESD_001_6;17;;;;;;;;;;;;;;;;;;;;;;;;;;;;;;;;;;;;;;;;;;;;;;;;;;;;;;;;;;;;;;;;;;;;;;;;;;;;;;;;
DO;52XL025;;PNL;5200;A_5200;GROUP SHUTDOWN;Yes;ЛОЖЬ;ЛОЖЬ;;292;;;;;;;0;;;;380;ЛОЖЬ;0;None;;;;;;1=LAMP ON;;;;;;;Undefined;491;3428;;01.07;15;5;1;Appl;;;;ЛОЖЬ;;;;;;;;;;;;;;;;;;;;;;Output;EPKS_CCB;ESD_001_1;672;;;;;;;;;;;;;;;;;;;;;;;;;;;;;;;;;;;;;;;;;;;;;;;;;;;;;;;;;;;;;;;;;;;;;;;;;;;;;;;;;;;;;;;;;;;;
DO;20XL990PA;;PNL;2000;A_2000;MOS ENABLED AREA H-2005A;Yes;ЛОЖЬ;ЛОЖЬ;;77;;;;;;;0;;;;252;ЛОЖЬ;0;None;;;;;;1=LAMP ON;;;;;;;Undefined;491;3428;;01.06;15;5;1;Appl;;;;ЛОЖЬ;;;;;;;;;;;;;;;;;;;;;;Output;EPKS_CCB;ESD_001_1;673;;;;;;;;;;;;;;;;;;;;;;;;;;;;;;;;;;;;;;;;;;;;;;;;;;;;;;;;;;;;;;;;;;;;;;;;;;;;;;;;;;;;;;;;;;;;
DO;20XA084A;;PNL;2000;A_2000;H-2002 EMERG. SD;Yes;ЛОЖЬ;ЛОЖЬ;;222;;;;;;;0;;;;169;ЛОЖЬ;0;None;;;;;;1=LAMP ON;;;;;;;Undefined;491;3428;;01.06;5;2;1;Appl;;;;ЛОЖЬ;;;;;;;;;;;;;;;;;;;;;;Output;EPKS_CCB;ESD_001_1;674;;;;;;;;;;;;;;;;;;;;;;;;;;;;;;;;;;;;;;;;;;;;;;;;;;;;;;;;;;;;;;;;;;;;;;;;;;;;;;;;;;;;;;;;;;;;
M;51_262_4;;;;;20HS846B_2;;ЛОЖЬ;ЛОЖЬ;;262;;;;;;;0;;;;50;ЛОЖЬ;0;;;;;;;1=TEST;;;;;;;Undefined;;;;;;;;;;;;ЛОЖЬ;ИСТИНА;;;;;;;;;;;;;;;;;;;;;;;;;;;;;;;;;;;;;;;;;;;;;;;;;;;;;;;;;;;;;;;;;;;;;;;;;;;;;;;;;;;;;;;;;;;;;;;;;;;;;;;;;;;;;;;;;;;;
DO;20XL273B;;PNL;2000;A_P20_1;P-2026/S EMERG. SD;Yes;ЛОЖЬ;ЛОЖЬ;;226;;;;;;;0;;;;174;ЛОЖЬ;0;None;;;;;;1=LAMP ON;;;;;;;Undefined;491;3428;;01.06;5;7;1;Appl;;;;ЛОЖЬ;;;;;;;;;;;;;;;;;;;;;;Output;EPKS_CCB;ESD_001_1;675;;;;;;;;;;;;;;;;;;;;;;;;;;;;;;;;;;;;;;;;;;;;;;;;;;;;;;;;;;;;;;;;;;;;;;;;;;;;;;;;;;;;;;;;;;;;
M;23_258_6;;;;;21-01 - ESD001_7;;ЛОЖЬ;ЛОЖЬ;;258;;;;;;;0;;;;744;ЛОЖЬ;0;;;;;;;Blink on Failure;;;;;;;Undefined;491;3428;;;;;;;;;;ЛОЖЬ;;;;;;;;;;;;;;;;;;;;;;;;;;;;;;;;;;;;;;;;;;;;;;;;;;;;;;;;;;;;;;;;;;;;;;;;;;;;;;;;;;;;;;;;;;;;;;;;;;;;;;;;;;;;;;;;;;;;;
T;17_1;;;;;;;ЛОЖЬ;ЛОЖЬ;;17;;;;;;;;100 ms;5;;200;ЛОЖЬ;0;;;;;;;;;;;;;;Undefined;491;3428;Delayed ON with constant timer value;;;;;;;;;ЛОЖЬ;;;;;;;;;;;;;;;;;;;;;;;;;;;;;;;;;;;;;;;;;;;;;;;;;;;;;;;;;;;;;;;;;;;;;;;;;;;;;;;;;;;;;;;;;;;;;;;;;;;;;;;;;;;;;;;;;;;;;
BI;1-Year;;SYS;;;Year;No;ЛОЖЬ;;;15;;Word;;;;;;;;;0;;0;;;;;;;;;0;0;;;;-XXXXX.X;491;3428;;;;;;;;;;ЛОЖЬ;;;;;;;;;;;;;;;;;;;;;;;;;;;;;;;;;;;;;;;;;;;;;;;;;;;;;;;;;;;;;;;;;;;;;;;;;;;;;;;;;;;;;;;;;;;;;;;;;;;;;;;;;;;;;;;;;;;;;
DO;52XL028;;PNL;5200;A_5200;GROUP SHUTDOWN;Yes;ЛОЖЬ;ЛОЖЬ;;292;;;;;;;0;;;;383;ЛОЖЬ;0;None;;;;;;1=LAMP ON;;;;;;;Undefined;491;3428;;01.07;15;8;1;Appl;;;;ЛОЖЬ;;;;;;;;;;;;;;;;;;;;;;Output;EPKS_CCB;ESD_001_1;676;;;;;;;;;;;;;;;;;;;;;;;;;;;;;;;;;;;;;;;;;;;;;;;;;;;;;;;;;;;;;;;;;;;;;;;;;;;;;;;;;;;;;;;;;;;;
DI;20XL011_ON;;FSC;2000;A_2000;20XV 011 CLOSE;No;ЛОЖЬ;ЛОЖЬ;;220;;;;;;;0;;;;2242;ЛОЖЬ;0;None;;;;;;1=LAMP ON;;;;;;;Undefined;491;3428;;;;;;Low;;;;ЛОЖЬ;;;;ЛОЖЬ;;;;;;;;;;;;;;;;;;;;;;;;;;;;;;;;;;;;;;;;;;;;;;;;;;;;;;;;;;;;;;;;;;;;;;;;;;;;;;;;;;;;;;;;;;;;;;;;;;;;;;;;;;Input;ESD_001_1;ESD_001_3;18;;;;
M;22_208_9;;;;;10-01 - ESD301_1;;ЛОЖЬ;ЛОЖЬ;;208;;;;;;;0;;;;663;ЛОЖЬ;0;;;;;;;Blink on Failure;;;;;;;Undefined;491;3428;;;;;;;;;;ЛОЖЬ;;;;;;;;;;;;;;;;;;;;;;;;;;;;;;;;;;;;;;;;;;;;;;;;;;;;;;;;;;;;;;;;;;;;;;;;;;;;;;;;;;;;;;;;;;;;;;;;;;;;;;;;;;;;;;;;;;;;;
DI;20XA141A_ON;;FSC;2000;A_2000;H-2004 EMERG. SD;No;ЛОЖЬ;ЛОЖЬ;;252;;;;;;;0;;;;2146;ЛОЖЬ;0;None;;;;;;1=LAMP ON;;;;;;;Undefined;491;3428;;;;;;Low;;;;ЛОЖЬ;;;;ЛОЖЬ;;;;;;;;;;;;;;;;;;;;;;;;;;Input;ESD_001_1;ESD_001_7;18;;;;;;;;;;;;;;;;;;;;;;;;;;;;;;;;;;;;;;;;;;;;;;;;;;;;;;;;;;;;;;;;;;;;;;;;;;;;;;;;;;;;
DO;43XL902B;;PNL;4300;A_43015;MOS ACT/REL AREA 430-15;Yes;ЛОЖЬ;ЛОЖЬ;;49;;;;;;;0;;;;93;ЛОЖЬ;0;None;;;;;;1=LAMP ON;;;;;;;Undefined;491;3428;;01.05;11;6;1;Appl;;;;ЛОЖЬ;;;;;;;;;;;;;;;;;;;;;;Output;EPKS_CCB;ESD_001_1;677;;;;;;;;;;;;;;;;;;;;;;;;;;;;;;;;;;;;;;;;;;;;;;;;;;;;;;;;;;;;;;;;;;;;;;;;;;;;;;;;;;;;;;;;;;;;
DI;20HS990D1;;PNL;2000;A_2000;MOS ENABLE AREA 2000-4;Yes;ЛОЖЬ;ЛОЖЬ;;57;;;;;;;;;;;94;ЛОЖЬ;0;None;;;;;;1=ENABLE;;;;;;;Undefined;491;3428;;01.03;11;7;1;Hold;;;;ЛОЖЬ;;;;ЛОЖЬ;;;;;;;;;;;;;;;;;;Output;EPKS_CCB;ESD_001_1;678;;;;;;;;;;;;;;;;;;;;;;;;;;;;;;;;;;;;;;;;;;;;;;;;;;;;;;;;;;;;;;;;;;;;;;;;;;;;;;;;;;;;;;;;;;;;
M;61_224_3;;;;;20HS846B_1;;ЛОЖЬ;ЛОЖЬ;;224;;;;;;;0;;;;1006;ЛОЖЬ;0;;;;;;;1=TEST;;;;;;;Undefined;491;3428;;;;;;;;;;ЛОЖЬ;;;;;;;;;;;;;;;;;;;;;;;;;;;;;;;;;;;;;;;;;;;;;;;;;;;;;;;;;;;;;;;;;;;;;;;;;;;;;;;;;;;;;;;;;;;;;;;;;;;;;;;;;;;;;;;;;;;;;
DI;20HS990P2;;PNL;2000;A_2000;MOS RELEASE AREA H-2005A;Yes;ЛОЖЬ;ЛОЖЬ;;77;;;;;;;;;;;105;ЛОЖЬ;0;None;;;;;;0=RELEASE;;;;;;;Undefined;491;3428;;01.03;13;2;1;Hold;;;;ЛОЖЬ;;;;ЛОЖЬ;;;;;;;;;;;;;;;;;;Output;EPKS_CCB;ESD_001_1;679;;;;;;;;;;;;;;;;;;;;;;;;;;;;;;;;;;;;;;;;;;;;;;;;;;;;;;;;;;;;;;;;;;;;;;;;;;;;;;;;;;;;;;;;;;;;
DO;30XL124;;PNL;3000;A_3000;STOP AT FIRE T.06 (COMP);Yes;ЛОЖЬ;ЛОЖЬ;;210;;;;;;;0;;;;74;ЛОЖЬ;0;None;;;;;;1=LAMP ON;;;;;;;Undefined;491;3428;;01.05;9;3;1;Appl;;;;ЛОЖЬ;;;;;;;;;;;;;;;;;;;;;;Output;EPKS_CCB;ESD_001_1;680;;;;;;;;;;;;;;;;;;;;;;;;;;;;;;;;;;;;;;;;;;;;;;;;;;;;;;;;;;;;;;;;;;;;;;;;;;;;;;;;;;;;;;;;;;;;
M;22_290_6;;;;;14-01 - ESD511_1;;ЛОЖЬ;ЛОЖЬ;;290;;;;;;;0;;;;768;ЛОЖЬ;0;;;;;;;Blink on Failure;;;;;;;Undefined;491;3428;;;;;;;;;;ЛОЖЬ;;;;;;;;;;;;;;;;;;;;;;;;;;;;;;;;;;;;;;;;;;;;;;;;;;;;;;;;;;;;;;;;;;;;;;;;;;;;;;;;;;;;;;;;;;;;;;;;;;;;;;;;;;;;;;;;;;;;;
DO;20XL272;;PNL;2000;A_2000;ED FROM T-2007;Yes;ЛОЖЬ;ЛОЖЬ;;260;;;;;;;0;;;;299;ЛОЖЬ;0;None;;;;;;1=LAMP ON;;;;;;;Undefined;491;3428;;01.07;5;4;1;Appl;;;;ЛОЖЬ;;;;;;;;;;;;;;;;;;;;;;Output;EPKS_CCB;ESD_001_1;681;;;;;;;;;;;;;;;;;;;;;;;;;;;;;;;;;;;;;;;;;;;;;;;;;;;;;;;;;;;;;;;;;;;;;;;;;;;;;;;;;;;;;;;;;;;;
DI;52XL028_ON;;FSC;5200;A_5200;GROUP SHUTDOWN;No;ЛОЖЬ;ЛОЖЬ;;292;;;;;;;0;;;;2049;ЛОЖЬ;0;None;;;;;;1=LAMP ON;;;;;;;Undefined;491;3428;;;;;;Low;;;;ЛОЖЬ;;;;ЛОЖЬ;;;;;;Input;ESD_001_1;ESD_511_1;17;;;;;;;;;;;;;;;;;;;;;;;;;;;;;;;;;;;;;;;;;;;;;;;;;;;;;;;;;;;;;;;;;;;;;;;;;;;;;;;;;;;;;;;;;;;;;;;;;;;;;;;;
DO;51XL904KA;;PNL;5100;A_5100;MOS ENABLED AREA 5100;Yes;ЛОЖЬ;ЛОЖЬ;;109;;;;;;;0;;;;366;ЛОЖЬ;0;None;;;;;;1=LAMP ON;;;;;;;Undefined;491;3428;;01.07;13;7;1;Appl;;;;ЛОЖЬ;;;;;;;;;;;;;;;;;;;;;;Output;EPKS_CCB;ESD_001_1;682;;;;;;;;;;;;;;;;;;;;;;;;;;;;;;;;;;;;;;;;;;;;;;;;;;;;;;;;;;;;;;;;;;;;;;;;;;;;;;;;;;;;;;;;;;;;
DI;20XL990DB_ON_05;;FSC;2000;A_2000;ESD MOS ACT AREA 2000-4;No;ЛОЖЬ;ЛОЖЬ;;57;;;;;;;0;;;;1939;ЛОЖЬ;0;None;;;;;;1=LAMP ON;;;;;;;Undefined;491;3428;;;;;;Low;;;;ЛОЖЬ;;;;ЛОЖЬ;;;;;;;;;;;;;;;;;;;;;;Input;ESD_001_1;ESD_001_5;3;;;;;;;;;;;;;;;;;;;;;;;;;;;;;;;;;;;;;;;;;;;;;;;;;;;;;;;;;;;;;;;;;;;;;;;;;;;;;;;;;;;;;;;;
M;31_202_3;;;;;20HS846A;;ЛОЖЬ;ЛОЖЬ;;202;;;;;;;0;;;;958;ЛОЖЬ;0;;;;;;;1=TEST;;;;;;;Undefined;491;3428;;;;;;;;;;ЛОЖЬ;;;;;;;;;;;;;;;;;;;;;;;;;;;;;;;;;;;;;;;;;;;;;;;;;;;;;;;;;;;;;;;;;;;;;;;;;;;;;;;;;;;;;;;;;;;;;;;;;;;;;;;;;;;;;;;;;;;;;
DI;1-SoeBufferFull;;SYS;;;SOE buffer full;Yes;ЛОЖЬ;;;0;;;;;;;;;;;17;ИСТИНА;1001;None;;;;;;;;;;;;;Undefined;491;3428;;;;;;;;;;ЛОЖЬ;;;;ЛОЖЬ;;;;;;;;;;;;;;;;;;Output;EPKS_CCB;ESD_001_1;779;;;;;;;;;;;;;;;;;;;;;;;;;;;;;;;;;;;;;;;;;;;;;;;;;;;;;;;;;;;;;;;;;;;;;;;;;;;;;;;;;;;;;;;;;;;;
DO;20HS990G_EN;;FSC;2000;A_2000;ESD MOS EN AREA CH-20-2;No;ЛОЖЬ;ЛОЖЬ;;63;;;;;;;0;;;;683;ЛОЖЬ;0;None;;;;;;1=ENABLED;;;;;;;Undefined;491;3428;;;;;;;;;;ЛОЖЬ;;;;;;;;;;;;;;;;;;;;;;;;;;;;;;;;;;;;;;;;;;;;;;;;;;;;;;;;;;;;;;;;;;;;;;Output;ESD_001_1;ESD_001_2;7;;;;;;;;;;;;;;;;;;;;;;;;;;;;;;;;;;;;;;;;;;;;
DI;20XL433A2_ON;;FSC;;;20XV433A OPEN;No;ЛОЖЬ;ЛОЖЬ;;230;;;;;;;0;;;;837;ЛОЖЬ;0;None;;;;;;1=LAMP ON;1=LAMP ON;;;;;;Undefined;;;;;;;;Low;;;;ЛОЖЬ;ИСТИНА;;;ЛОЖЬ;View only;;;;;;;;;;;;;Input;ESD_001_1;ESD_001_8;21;;;;;;;;;;;;;;;;;;;;;;;;;;;;;;;;;;;;;;;;;;;;;;;;;;;;;;;;;;;;;;;;;;;;;;;;;;;;;;;;;;;;;;;;;;;;;;;;
M;21_230_10;;;;;05-01 - ESD001_5;;ЛОЖЬ;ЛОЖЬ;;230;;;;;;;0;;;;699;ЛОЖЬ;0;;;;;;;Blink on Failure;;;;;;;Undefined;491;3428;;;;;;;;;;ЛОЖЬ;;;;;;;;;;;;;;;;;;;;;;;;;;;;;;;;;;;;;;;;;;;;;;;;;;;;;;;;;;;;;;;;;;;;;;;;;;;;;;;;;;;;;;;;;;;;;;;;;;;;;;;;;;;;;;;;;;;;;
DO;41HS265C_REL;;FSC;4100;A_C4103;ESD MOS REL AREA C-4103;No;ЛОЖЬ;ЛОЖЬ;;87;;;;;;;0;;;;568;ЛОЖЬ;0;None;;;;;;1=RELEASED;;;;;;;Undefined;491;3428;;;;;;;;;;ЛОЖЬ;;;;;;;;;;;;;;;;;;;;;;;;;;;;;;;;;;;;;;;;;;;;;;;;;;;;;;;;;;;;;;;;;;;;;;;;;;;;;;;;;;;;;;Output;ESD_001_1;ESD_411_1;2;;;;;;;;;;;;;;;;;;;;;;;;;;;;
DI;20XL067_ON;;FSC;2000;A_2000;ED FROM V-2011;No;ЛОЖЬ;ЛОЖЬ;;250;;;;;;;0;;;;2142;ЛОЖЬ;0;None;;;;;;1=LAMP ON;;;;;;;Undefined;491;3428;;;;;;Low;;;;ЛОЖЬ;;;;ЛОЖЬ;;;;;;;;;;;;;;;;;;;;;;;;;;Input;ESD_001_1;ESD_001_7;14;;;;;;;;;;;;;;;;;;;;;;;;;;;;;;;;;;;;;;;;;;;;;;;;;;;;;;;;;;;;;;;;;;;;;;;;;;;;;;;;;;;;
DI;41XSC001_SNESD;;FSC;;;41XV001 CLOSE;No;ЛОЖЬ;ЛОЖЬ;;284;;;;;;;0;;;;1873;ЛОЖЬ;0;None;;;;;;1=CLOSE;1=CLOSE;;;;;;Undefined;;;;;;;;Low;;;;ЛОЖЬ;ИСТИНА;;;ЛОЖЬ;View only;;;;;;;;;;;;;;;;;;;;;;;;;;;;;;;;;;;;;;;;;;;;;;;;;;;;;;;;;;;;;;;;;;;;;;;;;;;;;;;;;Input;ESD_001_1;ESD_411_1;33;;;;;;;;;;;;;;;;;;;;;;;;;;;;
M;31_200_2;;;;;20HS846A;;ЛОЖЬ;ЛОЖЬ;;200;;;;;;;0;;;;957;ЛОЖЬ;0;;;;;;;1=TEST;;;;;;;Undefined;491;3428;;;;;;;;;;ЛОЖЬ;;;;;;;;;;;;;;;;;;;;;;;;;;;;;;;;;;;;;;;;;;;;;;;;;;;;;;;;;;;;;;;;;;;;;;;;;;;;;;;;;;;;;;;;;;;;;;;;;;;;;;;;;;;;;;;;;;;;;
M;C24_1;;;;;Compiler marker (224, 163);;ЛОЖЬ;ЛОЖЬ;;24;;;;;;;0;;;;61;ЛОЖЬ;0;;;;;;;;;;;;;;Undefined;;;;;;;;;;;;ЛОЖЬ;ИСТИНА;;;;;;;;;;;;;;;;;;;;;;;;;;;;;;;;;;;;;;;;;;;;;;;;;;;;;;;;;;;;;;;;;;;;;;;;;;;;;;;;;;;;;;;;;;;;;;;;;;;;;;;;;;;;;;;;;;;;
BI;1-RepairTimer_CP2;;SYS;;;Repair time CP2;Yes;ЛОЖЬ;;;16;;Word;;;;;;;;;14;;0;;;;;;;;;0;0;;;;-XXXXX.X;491;3428;;;;;;;;;;ЛОЖЬ;;;;;;;;;;;;;;;;;;;;;;;;;;;;;;;;;;;;;;;;;;;;;;;;;;;;;;;;;;;;;;;;;;;;;;;;;;;;;;;;;;;;;;;;;;;;;;;;;;;;;;;;;;;;;;;;;;;;;
DI;10XL178B_ON;;FSC;1000;A_1000;GROUP SD AT FIRE - N. 01;No;ЛОЖЬ;ЛОЖЬ;;202;;;;;;;0;;;;2903;ЛОЖЬ;0;None;;;;;;1=LAMP ON;;;;;;;Undefined;491;3428;;;;;;Low;;;;ЛОЖЬ;;;;ЛОЖЬ;;;;;;;;;;;;;;;;;;;;;;;;;;;;;;;;;;Input;ESD_001_1;ESD_101_1;7;;;;;;;;;;;;;;;;;;;;;;;;;;;;;;;;;;;;;;;;;;;;;;;;;;;;;;;;;;;;;;;;;;;;;;;;;;;;
DI;20HS990C2;;PNL;2000;A_2000;MOS RELEASE AREA 2000-3;Yes;ЛОЖЬ;ЛОЖЬ;;55;;;;;;;;;;;93;ЛОЖЬ;0;None;;;;;;0=RELEASE;;;;;;;Undefined;491;3428;;01.03;11;6;1;Hold;;;;ЛОЖЬ;;;;ЛОЖЬ;;;;;;;;;;;;;;;;;;Output;EPKS_CCB;ESD_001_1;685;;;;;;;;;;;;;;;;;;;;;;;;;;;;;;;;;;;;;;;;;;;;;;;;;;;;;;;;;;;;;;;;;;;;;;;;;;;;;;;;;;;;;;;;;;;;
DI;1-TempH_Alarm;;SYS;;;Temp high alarm;Yes;ЛОЖЬ;;;18;;;;;;;;;;;3;ЛОЖЬ;0;None;;;;;;;;;;;;;Undefined;491;3428;;;;;;;;;;ЛОЖЬ;;;;ЛОЖЬ;;;;;;;;;;;;;;;;;;;;;;;;;;;;;;;;;;;;;;;;;;;;;;;;;;;;;;;;;;;;;;;;;;;;;;;;;;;;;;;;;;;;;;;;;;;;;;;;;;;;;;;;;;;;;;;;;
DI;20XZLC433A_SN;;FSC;;;VALVE 20XV433A CLOSE;No;ЛОЖЬ;ЛОЖЬ;;230;;;;;;;0;;;;842;ЛОЖЬ;0;None;;;;;;1=CLOSE;1=CLOSE;;;;;;Undefined;;;;;;;;Low;;;;ЛОЖЬ;ИСТИНА;;;ЛОЖЬ;View only;;;;;;;;;;;;;Input;ESD_001_1;ESD_001_8;26;;;;;;;;;;;;;;;;;;;;;;;;;;;;;;;;;;;;;;;;;;;;;;;;;;;;;;;;;;;;;;;;;;;;;;;;;;;;;;;;;;;;;;;;;;;;;;;;
DO;20HS990F_REL;;FSC;2000;A_2000;ESD MOS REL AREA CH-20-1;No;ЛОЖЬ;ЛОЖЬ;;61;;;;;;;0;;;;676;ЛОЖЬ;0;None;;;;;;1=RELEASED;;;;;;;Undefined;491;3428;;;;;;;;;;ЛОЖЬ;;;;;;;;;;;;;;;;;;;;;;;;;;;;;;;;;;;;;;;;;;;;;;;;;;;;;;;;;;;;;;;;;;;;;;;;;;;;;;;;;;;;;;;;;;;;;;;;;;;;;;;;;;;;;;Output;ESD_001_1;ESD_001_3;6;;;;
T;75_1;;;;;;;ЛОЖЬ;ЛОЖЬ;;75;;;;;;;;100 ms;10;;112;ЛОЖЬ;0;;;;;;;;;;;;;;Undefined;491;3428;Delayed OFF with constant timer value;;;;;;;;;ЛОЖЬ;;;;;;;;;;;;;;;;;;;;;;;;;;;;;;;;;;;;;;;;;;;;;;;;;;;;;;;;;;;;;;;;;;;;;;;;;;;;;;;;;;;;;;;;;;;;;;;;;;;;;;;;;;;;;;;;;;;;;
DI;41XSO001_SNESD;;FSC;;;41XV001 OPEN;No;ЛОЖЬ;ЛОЖЬ;;284;;;;;;;0;;;;1872;ЛОЖЬ;0;None;;;;;;1=OPEN;1=OPEN;;;;;;Undefined;;;;;;;;Low;;;;ЛОЖЬ;ИСТИНА;;;ЛОЖЬ;View only;;;;;;;;;;;;;;;;;;;;;;;;;;;;;;;;;;;;;;;;;;;;;;;;;;;;;;;;;;;;;;;;;;;;;;;;;;;;;;;;;Input;ESD_001_1;ESD_411_1;32;;;;;;;;;;;;;;;;;;;;;;;;;;;;
DO;20XL990LB;;PNL;2000;A_2000;MOS ACT/REL AREA H-2002;Yes;ЛОЖЬ;ЛОЖЬ;;71;;;;;;;0;;;;207;ЛОЖЬ;0;None;;;;;;1=LAMP ON;;;;;;;Undefined;491;3428;;01.06;9;8;1;Appl;;;;ЛОЖЬ;;;;;;;;;;;;;;;;;;;;;;Output;EPKS_CCB;ESD_001_1;687;;;;;;;;;;;;;;;;;;;;;;;;;;;;;;;;;;;;;;;;;;;;;;;;;;;;;;;;;;;;;;;;;;;;;;;;;;;;;;;;;;;;;;;;;;;;
M;21_226_11;;;;;06-01 - ESD001_6;;ЛОЖЬ;ЛОЖЬ;;226;;;;;;;0;;;;680;ЛОЖЬ;0;;;;;;;Blink on Failure;;;;;;;Undefined;491;3428;;;;;;;;;;ЛОЖЬ;;;;;;;;;;;;;;;;;;;;;;;;;;;;;;;;;;;;;;;;;;;;;;;;;;;;;;;;;;;;;;;;;;;;;;;;;;;;;;;;;;;;;;;;;;;;;;;;;;;;;;;;;;;;;;;;;;;;;
DI;41HS265B1;;PNL;4100;A_4100;MOS ENABLE AREA 4100;Yes;ЛОЖЬ;ЛОЖЬ;;91;;;;;;;;;;;120;ЛОЖЬ;0;None;;;;;;1=ENABLE;;;;;;;Undefined;491;3428;;01.03;15;1;1;Hold;;;;ЛОЖЬ;;;;ЛОЖЬ;;;;;;;;;;;;;;;;;;Output;EPKS_CCB;ESD_001_1;688;;;;;;;;;;;;;;;;;;;;;;;;;;;;;;;;;;;;;;;;;;;;;;;;;;;;;;;;;;;;;;;;;;;;;;;;;;;;;;;;;;;;;;;;;;;;
M;51_77_3;;;;;20HS846B_2;;ЛОЖЬ;ЛОЖЬ;;77;;;;;;;0;;;;717;ЛОЖЬ;0;;;;;;;1=TEST;;;;;;;Undefined;491;3428;;;;;;;;;;ЛОЖЬ;;;;;;;;;;;;;;;;;;;;;;;;;;;;;;;;;;;;;;;;;;;;;;;;;;;;;;;;;;;;;;;;;;;;;;;;;;;;;;;;;;;;;;;;;;;;;;;;;;;;;;;;;;;;;;;;;;;;;
DO;51XL026;;PNL;5100;A_5100;C-5140 EMERG. SD;Yes;ЛОЖЬ;ЛОЖЬ;;290;;;;;;;0;;;;360;ЛОЖЬ;0;None;;;;;;1=LAMP ON;;;;;;;Undefined;491;3428;;01.07;13;1;1;Appl;;;;ЛОЖЬ;;;;;;;;;;;;;;;;;;;;;;Output;EPKS_CCB;ESD_001_1;689;;;;;;;;;;;;;;;;;;;;;;;;;;;;;;;;;;;;;;;;;;;;;;;;;;;;;;;;;;;;;;;;;;;;;;;;;;;;;;;;;;;;;;;;;;;;
M;22_210_9;;;;;10-01 - ESD301_1;;ЛОЖЬ;ЛОЖЬ;;210;;;;;;;0;;;;664;ЛОЖЬ;0;;;;;;;Blink on Failure;;;;;;;Undefined;491;3428;;;;;;;;;;ЛОЖЬ;;;;;;;;;;;;;;;;;;;;;;;;;;;;;;;;;;;;;;;;;;;;;;;;;;;;;;;;;;;;;;;;;;;;;;;;;;;;;;;;;;;;;;;;;;;;;;;;;;;;;;;;;;;;;;;;;;;;;
DO;20HS990K_REL;;FSC;2000;A_2000;ESD MOS REL AREA H-2001;No;ЛОЖЬ;ЛОЖЬ;;69;;;;;;;0;;;;696;ЛОЖЬ;0;None;;;;;;1=RELEASED;;;;;;;Undefined;491;3428;;;;;;;;;;ЛОЖЬ;;;;;;;;;;;;;;;;;;;;;;;;;;;;;;;;;;;;;;;;;;;;;;;;;;Output;ESD_001_1;ESD_001_4;2;;;;;;;;;;;;;;;;;;;;;;;;;;;;;;;;;;;;;;;;;;;;;;;;;;;;;;;;;;;;;;;;
DI;41XL265GB_ON_11;;FSC;;;ESD MOS ACT AREA C-4104;No;ЛОЖЬ;ЛОЖЬ;;89;;;;;;;0;;;;1843;ЛОЖЬ;0;None;;;;;;1=LAMP ON;;;;;;;Undefined;491;3428;;;;;;Low;;;;ЛОЖЬ;;;;ЛОЖЬ;;;;;;;;;;;;;;;;;;;;;;;;;;;;;;;;;;;;;;;;;;;;;;;;;;;;;;;;;;;;;;;;;;;;;;;;;;;;;;;;;;Input;ESD_001_1;ESD_411_1;3;;;;;;;;;;;;;;;;;;;;;;;;;;;;
DI;41HS265E2;;PNL;4100;A_4100;MOS RELEASE AREA H-4101B;Yes;ЛОЖЬ;ЛОЖЬ;;95;;;;;;;;;;;127;ЛОЖЬ;0;None;;;;;;0=RELEASE;;;;;;;Undefined;491;3428;;01.03;15;8;1;Hold;;;;ЛОЖЬ;;;;ЛОЖЬ;;;;;;;;;;;;;;;;;;Output;EPKS_CCB;ESD_001_1;690;;;;;;;;;;;;;;;;;;;;;;;;;;;;;;;;;;;;;;;;;;;;;;;;;;;;;;;;;;;;;;;;;;;;;;;;;;;;;;;;;;;;;;;;;;;;
DI;20XL990CB_ON_05;;FSC;2200;;ESD MOS ACT AREA 2000-3;No;ЛОЖЬ;ЛОЖЬ;;55;;;;;;;0;;;;1937;ЛОЖЬ;0;None;;;;;;1=LAMP ON;;;;;;;Undefined;491;3428;;;;;;Low;;;;ЛОЖЬ;;;;ЛОЖЬ;;;;;;;;;;;;;;;;;;;;;;Input;ESD_001_1;ESD_001_5;1;;;;;;;;;;;;;;;;;;;;;;;;;;;;;;;;;;;;;;;;;;;;;;;;;;;;;;;;;;;;;;;;;;;;;;;;;;;;;;;;;;;;;;;;
DO;CB001_ESD1_CF;;COM;;;CONTROLLER ESD_001_1 FAULT;No;ИСТИНА;ЛОЖЬ;;16;;;;;;;0;;;;82;ИСТИНА;1002;None;;;;;;0=FAULT;0=FAULT;;;;;;Undefined;;;;;;;;;;;;ЛОЖЬ;ИСТИНА;;;;;;;;;;;;;;;;;;;;;Output;EPKS_CCB;ESD_001_1;576;;;;;;;;;;;;;;;;;;;;;;;;;;;;;;;;;;;;;;;;;;;;;;;;;;;;;;;;;;;;;;;;;;;;;;;;;;;;;;;;;;;;;;;;;;;;
DI;20XL560B_ON;;FSC;2000;A_2000;C-2002 EMERG. SD;No;ЛОЖЬ;ЛОЖЬ;;234;;;;;;;0;;;;2252;ЛОЖЬ;0;None;;;;;;1=LAMP ON;;;;;;;Undefined;491;3428;;;;;;Low;;;;ЛОЖЬ;;;;ЛОЖЬ;;;;;;;;;;;;;;;;;;;;;;;;;;;;;;;;;;;;;;;;;;;;;;;;;;;;;;;;;;;;;;;;;;;;;;;;;;;;;;;;;;;;;;;;;;;;;;;;;;;;;;;;;;Input;ESD_001_1;ESD_001_3;28;;;;
M;87_95_1;;;;;20HS846C;;ЛОЖЬ;ЛОЖЬ;;95;;;;;;;0;;;;597;ЛОЖЬ;0;;;;;;;1=TEST;;;;;;;Undefined;491;3428;;;;;;;;;;ЛОЖЬ;;;;;;;;;;;;;;;;;;;;;;;;;;;;;;;;;;;;;;;;;;;;;;;;;;;;;;;;;;;;;;;;;;;;;;;;;;;;;;;;;;;;;;;;;;;;;;;;;;;;;;;;;;;;;;;;;;;;;
DI;20XL193B_ON;;FSC;2000;A_2000;P-2009/S EMERG. SD;No;ЛОЖЬ;ЛОЖЬ;;254;;;;;;;0;;;;1759;ЛОЖЬ;0;None;;;;;;1=LAMP ON;;;;;;;Undefined;491;3428;;;;;;Low;;;;ЛОЖЬ;;;;ЛОЖЬ;;;;;;;;;;;;;;;;;;;;;;;;;;;;;;;;;;;;;;;;;;;;;;;;;;;;;;;;;;;;;;;;;;Input;ESD_001_1;ESD_001_2;15;;;;;;;;;;;;;;;;;;;;;;;;;;;;;;;;;;;;;;;;;;;;
DO;01_21_SNESD_FLT;;FSC;;;ESD_001_1-ESD_001_7;No;ЛОЖЬ;ЛОЖЬ;;19;;;;;;;0;;;;609;ЛОЖЬ;0;None;;;;;;0=FAULT;;;;;;;Undefined;491;3428;;;;;;;;;;ЛОЖЬ;;;;;;;;;;;;;;;;;;;;;;;;;;;;;;Output;ESD_001_1;ESD_001_7;13;;;;;;;;;;;;;;;;;;;;;;;;;;;;;;;;;;;;;;;;;;;;;;;;;;;;;;;;;;;;;;;;;;;;;;;;;;;;;;;;;;;;
DO;20XL434B_R;;FLD;;;VALVE 20XV434B READY TO CLOSE;Yes;ЛОЖЬ;ЛОЖЬ;;242;;;;;;;0;;;;443;ЛОЖЬ;0;None;;;;;;1=LAMP ON;1=LAMP ON;;;;;;Undefined;;;;01.06;17;4;1;Appl;;;;ЛОЖЬ;ИСТИНА;;;;;;;;;;;;;;;;;;;;;;;;;;;;;;;;;;;;;;;;;;;;;;;;;;;;;;;;;;;;;;;;;;;;;;;;;;;;;;;;;;;;;;;;;;;;;;;;;;;;;;;;;;;;;;;;;;;;
DI;05_01_SNESD_FLT;;FSC;;;;No;ЛОЖЬ;ЛОЖЬ;;21;;;;;;;0;;;;1955;ЛОЖЬ;0;None;;;;;;0=Fault;;;;;;;Undefined;491;3428;;;;;;Low;;;;ЛОЖЬ;;;;ЛОЖЬ;;;;;;;;;;;;;;;;;;;;;;Input;ESD_001_1;ESD_001_5;19;;;;;;;;;;;;;;;;;;;;;;;;;;;;;;;;;;;;;;;;;;;;;;;;;;;;;;;;;;;;;;;;;;;;;;;;;;;;;;;;;;;;;;;;
DO;58XL201DA;;PNL;5800;A_5800;MOS ENABLED AREA AH-58-1;Yes;ЛОЖЬ;ЛОЖЬ;;85;;;;;;;0;;;;240;ЛОЖЬ;0;None;;;;;;1=LAMP ON;;;;;;;Undefined;491;3428;;01.06;15;9;1;Appl;;;;ЛОЖЬ;;;;;;;;;;;;;;;;;;;;;;Output;EPKS_CCB;ESD_001_1;693;;;;;;;;;;;;;;;;;;;;;;;;;;;;;;;;;;;;;;;;;;;;;;;;;;;;;;;;;;;;;;;;;;;;;;;;;;;;;;;;;;;;;;;;;;;;
DO;20XL434B6;;PNL;;;2ND ST DEPR 20XV434B CLS;Yes;ЛОЖЬ;ЛОЖЬ;;234;;;;;;;0;;;;129;ЛОЖЬ;0;None;;;;;;1=LAMP ON;;;;;;;Undefined;491;3428;;01.06;1;10;1;Appl;;;;ЛОЖЬ;;;;;;;;;;;;;;;;;;;;;;Output;EPKS_CCB;ESD_001_1;694;;;;;;;;;;;;;;;;;;;;;;;;;;;;;;;;;;;;;;;;;;;;;;;;;;;;;;;;;;;;;;;;;;;;;;;;;;;;;;;;;;;;;;;;;;;;
DI;1-CP1_Running;;SYS;;;CP 1 running;Yes;ЛОЖЬ;;;16;;;;;;;;;;;18;ЛОЖЬ;0;None;;;;;;;;;;;;;Undefined;491;3428;;;;;;;;;;ЛОЖЬ;;;;ЛОЖЬ;;;;;;;;;;;;;;;;;;;;;;;;;;;;;;;;;;;;;;;;;;;;;;;;;;;;;;;;;;;;;;;;;;;;;;;;;;;;;;;;;;;;;;;;;;;;;;;;;;;;;;;;;;;;;;;;;
DO;42XL056A;;PNL;4200;A_4200;ACTIVATION OF EM.BLOCK 2;Yes;ЛОЖЬ;ЛОЖЬ;;284;;;;;;;0;;;;336;ЛОЖЬ;0;None;;;;;;1=LAMP ON;;;;;;;Undefined;491;3428;;01.07;11;9;1;Appl;;;;ЛОЖЬ;;;;;;;;;;;;;;;;;;;;;;Output;EPKS_CCB;ESD_001_1;695;;;;;;;;;;;;;;;;;;;;;;;;;;;;;;;;;;;;;;;;;;;;;;;;;;;;;;;;;;;;;;;;;;;;;;;;;;;;;;;;;;;;;;;;;;;;
DI;20XAPAN_TF_SM05_01;;FSC;2000;H-2002;PAN_FAULT;Yes;ЛОЖЬ;ЛОЖЬ;;24;;;;;;;0;;;;1956;ЛОЖЬ;0;None;;;;;;1=FAULT;;;;;;;Undefined;;;;;;;;Low;;;;ЛОЖЬ;ИСТИНА;;;ЛОЖЬ;;;;;;;;;;;;;;;;;;;;;;Input;ESD_001_1;ESD_001_5;20;;;;;;;;;;;;;;;;;;;;;;;;;;;;;;;;;;;;;;;;;;;;;;;;;;;;;;;;;;;;;;;;;;;;;;;;;;;;;;;;;;;;;;;;
M;61_232_4;;;;;20HS846B_1;;ЛОЖЬ;ЛОЖЬ;;232;;;;;;;0;;;;1030;ЛОЖЬ;0;;;;;;;1=TEST;;;;;;;Undefined;491;3428;;;;;;;;;;ЛОЖЬ;;;;;;;;;;;;;;;;;;;;;;;;;;;;;;;;;;;;;;;;;;;;;;;;;;;;;;;;;;;;;;;;;;;;;;;;;;;;;;;;;;;;;;;;;;;;;;;;;;;;;;;;;;;;;;;;;;;;;
DO;20XL990RA;;PNL;2000;A_2000;MOS ENABLED AREA H-2006;Yes;ЛОЖЬ;ЛОЖЬ;;81;;;;;;;0;;;;216;ЛОЖЬ;0;None;;;;;;1=LAMP ON;;;;;;;Undefined;491;3428;;01.06;11;1;1;Appl;;;;ЛОЖЬ;;;;;;;;;;;;;;;;;;;;;;Output;EPKS_CCB;ESD_001_1;696;;;;;;;;;;;;;;;;;;;;;;;;;;;;;;;;;;;;;;;;;;;;;;;;;;;;;;;;;;;;;;;;;;;;;;;;;;;;;;;;;;;;;;;;;;;;
DI;22XL428A_ON;;FSC;2200;A_2000;C-2004A EMERG. SD;No;ЛОЖЬ;ЛОЖЬ;;264;;;;;;;0;;;;1765;ЛОЖЬ;0;None;;;;;;1=LAMP ON;;;;;;;Undefined;491;3428;;;;;;Low;;;;ЛОЖЬ;;;;ЛОЖЬ;;;;;;;;;;;;;;;;;;;;;;;;;;;;;;;;;;;;;;;;;;;;;;;;;;;;;;;;;;;;;;;;;;Input;ESD_001_1;ESD_001_2;21;;;;;;;;;;;;;;;;;;;;;;;;;;;;;;;;;;;;;;;;;;;;
DI;41XSO004_SNESD;;FSC;;;41XV004 OPEN;No;ЛОЖЬ;ЛОЖЬ;;285;;;;;;;0;;;;1878;ЛОЖЬ;0;None;;;;;;1=OPEN;1=OPEN;;;;;;Undefined;;;;;;;;Low;;;;ЛОЖЬ;ИСТИНА;;;ЛОЖЬ;View only;;;;;;;;;;;;;;;;;;;;;;;;;;;;;;;;;;;;;;;;;;;;;;;;;;;;;;;;;;;;;;;;;;;;;;;;;;;;;;;;;Input;ESD_001_1;ESD_411_1;38;;;;;;;;;;;;;;;;;;;;;;;;;;;;
DI;20XL990MB_ON_06;;FSC;2000;A_2000;ESD MOS ACT AREA H-2003;No;ЛОЖЬ;ЛОЖЬ;;73;;;;;;;0;;;;2519;ЛОЖЬ;0;None;;;;;;1=LAMP ON;;;;;;;Undefined;491;3428;;;;;;Low;;;;ЛОЖЬ;;;;ЛОЖЬ;;;;;;;;;;;;;;;;;;;;;;;;;;;;;;Input;ESD_001_1;ESD_001_6;7;;;;;;;;;;;;;;;;;;;;;;;;;;;;;;;;;;;;;;;;;;;;;;;;;;;;;;;;;;;;;;;;;;;;;;;;;;;;;;;;
M;22_281_8;;;;;11-01 - ESD411_1;;ЛОЖЬ;ЛОЖЬ;;281;;;;;;;0;;;;45;ЛОЖЬ;0;;;;;;;Blink on Failure;;;;;;;Undefined;;;;;;;;;;;;ЛОЖЬ;ИСТИНА;;;;;;;;;;;;;;;;;;;;;;;;;;;;;;;;;;;;;;;;;;;;;;;;;;;;;;;;;;;;;;;;;;;;;;;;;;;;;;;;;;;;;;;;;;;;;;;;;;;;;;;;;;;;;;;;;;;;
T;31_1;;;;;;;ЛОЖЬ;ЛОЖЬ;;31;;;;;;;;100 ms;10;;0;ЛОЖЬ;0;;;;;;;;;;;;;;Undefined;491;3428;Delayed OFF with constant timer value;;;;;;;;;ЛОЖЬ;;;;;;;;;;;;;;;;;;;;;;;;;;;;;;;;;;;;;;;;;;;;;;;;;;;;;;;;;;;;;;;;;;;;;;;;;;;;;;;;;;;;;;;;;;;;;;;;;;;;;;;;;;;;;;;;;;;;;
DI;42HS113B1;;PNL;4200;A_4200;MOS ENABLE AREA C-4202;Yes;ЛОЖЬ;ЛОЖЬ;;101;;;;;;;;;;;140;ЛОЖЬ;0;None;;;;;;1=ENABLE;;;;;;;Undefined;491;3428;;01.04;1;5;1;Hold;;;;ЛОЖЬ;;;;ЛОЖЬ;;;;;;;;;;;;;;;;;;Output;EPKS_CCB;ESD_001_1;697;;;;;;;;;;;;;;;;;;;;;;;;;;;;;;;;;;;;;;;;;;;;;;;;;;;;;;;;;;;;;;;;;;;;;;;;;;;;;;;;;;;;;;;;;;;;
T;85_1;;;;;;;ЛОЖЬ;ЛОЖЬ;;85;;;;;;;;100 ms;10;;132;ЛОЖЬ;0;;;;;;;;;;;;;;Undefined;491;3428;Delayed OFF with constant timer value;;;;;;;;;ЛОЖЬ;;;;;;;;;;;;;;;;;;;;;;;;;;;;;;;;;;;;;;;;;;;;;;;;;;;;;;;;;;;;;;;;;;;;;;;;;;;;;;;;;;;;;;;;;;;;;;;;;;;;;;;;;;;;;;;;;;;;;
DI;52HS926A;;PNL;5200;A_5200;MOS ENABLE AREA 430-16;Yes;ЛОЖЬ;ЛОЖЬ;;113;;;;;;;;;;;170;ЛОЖЬ;0;None;;;;;;1=ENABLE;;;;;;;Undefined;491;3428;;01.04;5;3;1;Hold;;;;ЛОЖЬ;;;;ЛОЖЬ;;;;;;;;;;;;;;;;;;Output;EPKS_CCB;ESD_001_1;698;;;;;;;;;;;;;;;;;;;;;;;;;;;;;;;;;;;;;;;;;;;;;;;;;;;;;;;;;;;;;;;;;;;;;;;;;;;;;;;;;;;;;;;;;;;;
DO;20XL990BB;;PNL;2000;A_2000;MOS ACT/REL AREA 2000-2;Yes;ЛОЖЬ;ЛОЖЬ;;53;;;;;;;0;;;;235;ЛОЖЬ;0;None;;;;;;1=LAMP ON;;;;;;;Undefined;491;3428;;01.06;13;4;1;Appl;;;;ЛОЖЬ;;;;;;;;;;;;;;;;;;;;;;Output;EPKS_CCB;ESD_001_1;699;;;;;;;;;;;;;;;;;;;;;;;;;;;;;;;;;;;;;;;;;;;;;;;;;;;;;;;;;;;;;;;;;;;;;;;;;;;;;;;;;;;;;;;;;;;;
DI;41XL001_SNESD;;FSC;;;LAMP ACTIVATION;No;ЛОЖЬ;ЛОЖЬ;;284;;;;;;;0;;;;1868;ЛОЖЬ;0;None;;;;;;1=ON;1=ON;;;;;;Undefined;;;;;;;;Low;;;;ЛОЖЬ;ИСТИНА;;;ЛОЖЬ;View only;;;;;;;;;;;;;;;;;;;;;;;;;;;;;;;;;;;;;;;;;;;;;;;;;;;;;;;;;;;;;;;;;;;;;;;;;;;;;;;;;Input;ESD_001_1;ESD_411_1;28;;;;;;;;;;;;;;;;;;;;;;;;;;;;
DI;00XS001E01ELD;;CAB;2000;S_B001;CB001 ESD-01 ALARM ELD;Yes;ЛОЖЬ;ЛОЖЬ;;18;;;;;;;;;;;1;ЛОЖЬ;0;None;;;;;;0=ALARM;;;;;;;Undefined;491;3428;;01.03;1;10;1;Low;;;;ЛОЖЬ;;;;ЛОЖЬ;;;;;;;;;;;;;;;;;;Output;EPKS_CCB;ESD_001_1;700;;;;;;;;;;;;;;;;;;;;;;;;;;;;;;;;;;;;;;;;;;;;;;;;;;;;;;;;;;;;;;;;;;;;;;;;;;;;;;;;;;;;;;;;;;;;
DI;10XL034B_ON;;FSC;1000;A_1000;H-1001B EMERG. SD;No;ЛОЖЬ;ЛОЖЬ;;200;;;;;;;0;;;;1556;ЛОЖЬ;0;None;;;;;;1=LAMP ON;;;;;;;Undefined;491;3428;;;;;;Low;;;;ЛОЖЬ;;;;ЛОЖЬ;;Input;ESD_001_1;ESD_101_2;4;;;;;;;;;;;;;;;;;;;;;;;;;;;;;;;;;;;;;;;;;;;;;;;;;;;;;;;;;;;;;;;;;;;;;;;;;;;;;;;;;;;;;;;;;;;;;;;;;;;;;;;;;;;;
DO;20XL279B;;PNL;2000;;EMERGENCY SHT.VLV. TO CLOSE;Yes;ЛОЖЬ;ЛОЖЬ;;266;;;;;;;0;;;;97;ЛОЖЬ;0;None;;;;;;1=LAMP ON;;;;;;;Undefined;;;;01.05;13;10;1;Appl;;;;ЛОЖЬ;ИСТИНА;;;;;;;;;;;;;;;;;;;;;;;;;;;;;;;;;;;;;;;;;;;;;;;;;;;;;;;;;;;;;;;;;;;;;;;;;;;;;;;;;;;;;;;;;;;;;;;;;;;;;;;;;;;;;;;;;;;;
DO;10HS602_EN;;FSC;1000;A_1000;ESD MOS EN AREA 1000;No;ЛОЖЬ;ЛОЖЬ;;35;;;;;;;0;;;;109;ЛОЖЬ;0;None;;;;;;1=ENABLED;;;;;;;Undefined;491;3428;;;;;;;;;;ЛОЖЬ;;;;;;Output;ESD_001_1;ESD_101_2;3;;;;;;;;;;;;;;;;;;;;;;;;;;;;;Output;ESD_001_1;ESD_101_1;3;;;;;;;;;;;;;;;;;;;;;;;;;;;;;;;;;;;;;;;;;;;;;;;;;;;;;;;;;;;;;;;;;;;;;;;;;;;;
DO;30XL048B;;PNL;3000;A_3000;C-3001S EMERG. SD;Yes;ЛОЖЬ;ЛОЖЬ;;206;;;;;;;0;;;;46;ЛОЖЬ;0;None;;;;;;1=LAMP ON;;;;;;;Undefined;491;3428;;01.05;5;7;1;Appl;;;;ЛОЖЬ;;;;;;;;;;;;;;;;;;;;;;Output;EPKS_CCB;ESD_001_1;702;;;;;;;;;;;;;;;;;;;;;;;;;;;;;;;;;;;;;;;;;;;;;;;;;;;;;;;;;;;;;;;;;;;;;;;;;;;;;;;;;;;;;;;;;;;;
M;23_234_7;;;;;22_01-ESD001_8;;ЛОЖЬ;ЛОЖЬ;;234;;;;;;;0;;;;73;ЛОЖЬ;0;;;;;;;Blink on Failure;;;;;;;Undefined;;;;;;;;;;;;ЛОЖЬ;ИСТИНА;;;;;;;;;;;;;;;;;;;;;;;;;;;;;;;;;;;;;;;;;;;;;;;;;;;;;;;;;;;;;;;;;;;;;;;;;;;;;;;;;;;;;;;;;;;;;;;;;;;;;;;;;;;;;;;;;;;;
DI;58HS201A2;;PNL;5800;A_5800;MOS RELEASE AREA 5800;Yes;ЛОЖЬ;ЛОЖЬ;;83;;;;;;;;;;;111;ЛОЖЬ;0;None;;;;;;0=RELEASE;;;;;;;Undefined;491;3428;;01.03;13;8;1;Hold;;;;ЛОЖЬ;;;;ЛОЖЬ;;;;;;;;;;;;;;;;;;Output;EPKS_CCB;ESD_001_1;703;;;;;;;;;;;;;;;;;;;;;;;;;;;;;;;;;;;;;;;;;;;;;;;;;;;;;;;;;;;;;;;;;;;;;;;;;;;;;;;;;;;;;;;;;;;;
DI;20XL442_ON;;FSC;2000;A_2000;ED FROM V-2016;No;ЛОЖЬ;ЛОЖЬ;;262;;;;;;;0;;;;2167;ЛОЖЬ;0;None;;;;;;1=LAMP ON;;;;;;;Undefined;491;3428;;;;;;Low;;;;ЛОЖЬ;;;;ЛОЖЬ;;;;;;;;;;;;;;;;;;;;;;;;;;Input;ESD_001_1;ESD_001_7;39;;;;;;;;;;;;;;;;;;;;;;;;;;;;;;;;;;;;;;;;;;;;;;;;;;;;;;;;;;;;;;;;;;;;;;;;;;;;;;;;;;;;
DI;51XL902KB_ON_14;;FSC;5100;A_5100;ESD MOS ACT AREA 5140;No;ЛОЖЬ;ЛОЖЬ;;105;;;;;;;0;;;;2033;ЛОЖЬ;0;None;;;;;;1=LAMP ON;;;;;;;Undefined;491;3428;;;;;;Low;;;;ЛОЖЬ;;;;ЛОЖЬ;;;;;;Input;ESD_001_1;ESD_511_1;1;;;;;;;;;;;;;;;;;;;;;;;;;;;;;;;;;;;;;;;;;;;;;;;;;;;;;;;;;;;;;;;;;;;;;;;;;;;;;;;;;;;;;;;;;;;;;;;;;;;;;;;;
M;22_206_9;;;;;10-01 - ESD301_1;;ЛОЖЬ;ЛОЖЬ;;206;;;;;;;0;;;;662;ЛОЖЬ;0;;;;;;;Blink on Failure;;;;;;;Undefined;491;3428;;;;;;;;;;ЛОЖЬ;;;;;;;;;;;;;;;;;;;;;;;;;;;;;;;;;;;;;;;;;;;;;;;;;;;;;;;;;;;;;;;;;;;;;;;;;;;;;;;;;;;;;;;;;;;;;;;;;;;;;;;;;;;;;;;;;;;;;
M;31_37_1;;;;;20HS846A;;ЛОЖЬ;ЛОЖЬ;;37;;;;;;;0;;;;543;ЛОЖЬ;0;;;;;;;1=TEST;;;;;;;Undefined;491;3428;;;;;;;;;;ЛОЖЬ;;;;;;;;;;;;;;;;;;;;;;;;;;;;;;;;;;;;;;;;;;;;;;;;;;;;;;;;;;;;;;;;;;;;;;;;;;;;;;;;;;;;;;;;;;;;;;;;;;;;;;;;;;;;;;;;;;;;;
T;109_1;;;;;;;ЛОЖЬ;ЛОЖЬ;;109;;;;;;;;100 ms;10;;144;ЛОЖЬ;0;;;;;;;;;;;;;;Undefined;491;3428;Delayed OFF with constant timer value;;;;;;;;;ЛОЖЬ;;;;;;;;;;;;;;;;;;;;;;;;;;;;;;;;;;;;;;;;;;;;;;;;;;;;;;;;;;;;;;;;;;;;;;;;;;;;;;;;;;;;;;;;;;;;;;;;;;;;;;;;;;;;;;;;;;;;;
DI;42HS113A1;;PNL;4200;A_4200;MOS ENABLE AREA C-4201;Yes;ЛОЖЬ;ЛОЖЬ;;99;;;;;;;;;;;136;ЛОЖЬ;0;None;;;;;;1=ENABLE;;;;;;;Undefined;491;3428;;01.04;1;1;1;Hold;;;;ЛОЖЬ;;;;ЛОЖЬ;;;;;;;;;;;;;;;;;;Output;EPKS_CCB;ESD_001_1;704;;;;;;;;;;;;;;;;;;;;;;;;;;;;;;;;;;;;;;;;;;;;;;;;;;;;;;;;;;;;;;;;;;;;;;;;;;;;;;;;;;;;;;;;;;;;
DO;41XL750;;PNL;;;;Yes;ЛОЖЬ;ЛОЖЬ;;283;;;;;;;0;;;;346;ЛОЖЬ;0;None;;;;;;1=LAMP ON;;;;;;;Undefined;;;;01.07;11;3;1;Appl;;;;ЛОЖЬ;ИСТИНА;;;;;;;;;;;;;;;;;;;;;;;;;;;;;;;;;;;;;;;;;;;;;;;;;;;;;;;;;;;;;;;;;;;;;;;;;;;;;;;;;;;;;;;;;;;;;;;;;;;;;;;;;;;;;;;;;;;;
DO;01_03_SNESD_FLT;;FSC;2000;S_B001;ESD_001_1-ESD_001_3;No;ЛОЖЬ;ЛОЖЬ;;19;;;;;;;0;;;;613;ЛОЖЬ;0;None;;;;;;0=FAULT;;;;;;;Undefined;491;3428;;;;;;;;;;ЛОЖЬ;;;;;;;;;;;;;;;;;;;;;;;;;;;;;;;;;;;;;;;;;;;;;;;;;;;;;;;;;;;;;;;;;;;;;;;;;;;;;;;;;;;;;;;;;;;;;;;;;;;;;;;;;;;;;;Output;ESD_001_1;ESD_001_3;19;;;;
DO;01_02_SNESD_FLT;;FSC;2000;A_2000;ESD_001_1-ESD_001_2;No;ЛОЖЬ;ЛОЖЬ;;19;;;;;;;0;;;;608;ЛОЖЬ;0;None;;;;;;0=FAULT;;;;;;;Undefined;491;3428;;;;;;;;;;ЛОЖЬ;;;;;;;;;;;;;;;;;;;;;;;;;;;;;;;;;;;;;;;;;;;;;;;;;;;;;;;;;;;;;;;;;;;;;;Output;ESD_001_1;ESD_001_2;0;;;;;;;;;;;;;;;;;;;;;;;;;;;;;;;;;;;;;;;;;;;;
DI;43XL450_ON;;FSC;4300;A_43015;Pump group stop button;No;ЛОЖЬ;ЛОЖЬ;;210;;;;;;;0;;;;1650;ЛОЖЬ;0;None;;;;;;1=LAMP ON;;;;;;;Undefined;491;3428;;;;;;Low;;;;ЛОЖЬ;;;;ЛОЖЬ;;;;;;;;;;;;;;;;;;;;;;;;;;;;;;;;;;;;;;;;;;Input;ESD_001_1;ESD_431_1;2;;;;;;;;;;;;;;;;;;;;;;;;;;;;;;;;;;;;;;;;;;;;;;;;;;;;;;;;;;;;;;;;;;;;
M;23_0_1;;;;;16-01 - ESD861_1;;ЛОЖЬ;ЛОЖЬ;;23;;;;;;;0;;;;545;ЛОЖЬ;0;;;;;;;;;;;;;;Undefined;491;3428;;;;;;;;;;ЛОЖЬ;;;;;;;;;;;;;;;;;;;;;;;;;;;;;;;;;;;;;;;;;;;;;;;;;;;;;;;;;;;;;;;;;;;;;;;;;;;;;;;;;;;;;;;;;;;;;;;;;;;;;;;;;;;;;;;;;;;;;
DI;10XL183B_ON;;FSC;1000;A_1000;GROUP SD AT FIRE - N. 06;No;ЛОЖЬ;ЛОЖЬ;;204;;;;;;;0;;;;2905;ЛОЖЬ;0;None;;;;;;1=LAMP ON;;;;;;;Undefined;491;3428;;;;;;Low;;;;ЛОЖЬ;;;;ЛОЖЬ;;;;;;;;;;;;;;;;;;;;;;;;;;;;;;;;;;Input;ESD_001_1;ESD_101_1;9;;;;;;;;;;;;;;;;;;;;;;;;;;;;;;;;;;;;;;;;;;;;;;;;;;;;;;;;;;;;;;;;;;;;;;;;;;;;
BI;1-TempCP1;;SYS;;;Temperature CP 1;Yes;ЛОЖЬ;;;17;;Word;;;;;;;;;8;;0;;;;;;;;;0;0;;;;-XXXXX.X;491;3428;;;;;;;;;;ЛОЖЬ;;;;;;;;;;;;;;;;;;;;;;;;;;;;;;;;;;;;;;;;;;;;;;;;;;;;;;;;;;;;;;;;;;;;;;;;;;;;;;;;;;;;;;;;;;;;;;;;;;;;;;;;;;;;;;;;;;;;;
DI;42XL113AB_ON_12;;FSC;4200;A_4200;ESD MOS ACT AREA C-4201;No;ЛОЖЬ;ЛОЖЬ;;99;;;;;;;0;;;;2807;ЛОЖЬ;0;None;;;;;;1=LAMP ON;;;;;;;Undefined;491;3428;;;;;;Low;;;;ЛОЖЬ;;;;ЛОЖЬ;;;;;;;;;;;;;;;;;;;;;;;;;;;;;;;;;;;;;;;;;;;;;;;;;;;;;;;;;;Input;ESD_001_1;ESD_411_2;7;;;;;;;;;;;;;;;;;;;;;;;;;;;;;;;;;;;;;;;;;;;;;;;;;;;;
M;21_250_7;;;;;02-01 - ESD001_2;;ЛОЖЬ;ЛОЖЬ;;250;;;;;;;0;;;;730;ЛОЖЬ;0;;;;;;;Blink on Failure;;;;;;;Undefined;491;3428;;;;;;;;;;ЛОЖЬ;;;;;;;;;;;;;;;;;;;;;;;;;;;;;;;;;;;;;;;;;;;;;;;;;;;;;;;;;;;;;;;;;;;;;;;;;;;;;;;;;;;;;;;;;;;;;;;;;;;;;;;;;;;;;;;;;;;;;
DO;42HS113B_EN;;FSC;4200;A_4200;ESD MOS EN AREA C-4202;No;ЛОЖЬ;ЛОЖЬ;;101;;;;;;;0;;;;605;ЛОЖЬ;0;None;;;;;;1=ENABLED;;;;;;;Undefined;491;3428;;;;;;;;;;ЛОЖЬ;;;;;;;;;;;;;;;;;;;;;;;;;;;;;;;;;;;;;;;;;;;;;;;;;;;;;;;;;;;;;;Output;ESD_001_1;ESD_411_2;9;;;;;;;;;;;;;;;;;;;;;;;;;;;;;;;;;;;;;;;;;;;;;;;;;;;;
M;31_204_3;;;;;20HS846A;;ЛОЖЬ;ЛОЖЬ;;204;;;;;;;0;;;;964;ЛОЖЬ;0;;;;;;;1=TEST;;;;;;;Undefined;491;3428;;;;;;;;;;ЛОЖЬ;;;;;;;;;;;;;;;;;;;;;;;;;;;;;;;;;;;;;;;;;;;;;;;;;;;;;;;;;;;;;;;;;;;;;;;;;;;;;;;;;;;;;;;;;;;;;;;;;;;;;;;;;;;;;;;;;;;;;
DI;20XL263B_ON;;FSC;2000;A_2000;P-2020/S SHUTDOWN;No;ЛОЖЬ;ЛОЖЬ;;260;;;;;;;0;;;;2162;ЛОЖЬ;0;None;;;;;;1=LAMP ON;;;;;;;Undefined;491;3428;;;;;;Low;;;;ЛОЖЬ;;;;ЛОЖЬ;;;;;;;;;;;;;;;;;;;;;;;;;;Input;ESD_001_1;ESD_001_7;34;;;;;;;;;;;;;;;;;;;;;;;;;;;;;;;;;;;;;;;;;;;;;;;;;;;;;;;;;;;;;;;;;;;;;;;;;;;;;;;;;;;;
DO;93XL41_93_ON_19;;FSC;;;ESD MOS ACT TO 930-09;No;ЛОЖЬ;ЛОЖЬ;;97;;;;;;;0;;;;66;ЛОЖЬ;0;None;;;;;;1=LAMP ON;1=LAMP ON;;;;;;Undefined;;;;;;;;;;;;ЛОЖЬ;ИСТИНА;;;;;;;;;;;;;;;;;;;;;;;;;;;;;;;;;;;;;;;;;;;;;;;;;;;;;;;;;;;;;;;;;;;;;;;;;;;;;;;;;;;;;;;;;Output;ESD_001_1;ESD_931_1;1;;;;;;;;;;;;;;;;;;;;;;;;
M;21_222_10;;;;;05-01 - ESD001_5;;ЛОЖЬ;ЛОЖЬ;;222;;;;;;;0;;;;626;ЛОЖЬ;0;;;;;;;Blink on Failure;;;;;;;Undefined;491;3428;;;;;;;;;;ЛОЖЬ;;;;;;;;;;;;;;;;;;;;;;;;;;;;;;;;;;;;;;;;;;;;;;;;;;;;;;;;;;;;;;;;;;;;;;;;;;;;;;;;;;;;;;;;;;;;;;;;;;;;;;;;;;;;;;;;;;;;;
DI;1-ClockSrcFault3;;SYS;;;Clock source 3 fault;Yes;ЛОЖЬ;;;0;;;;;;;;;;;16;ЛОЖЬ;0;None;;;;;;;;;;;;;Undefined;491;3428;;;;;;;;;;ЛОЖЬ;;;;ЛОЖЬ;;;;;;;;;;;;;;;;;;;;;;;;;;;;;;;;;;;;;;;;;;;;;;;;;;;;;;;;;;;;;;;;;;;;;;;;;;;;;;;;;;;;;;;;;;;;;;;;;;;;;;;;;;;;;;;;;
M;87_99_2;;;;;20HS846C;;ЛОЖЬ;ЛОЖЬ;;99;;;;;;;0;;;;604;ЛОЖЬ;0;;;;;;;1=TEST;;;;;;;Undefined;491;3428;;;;;;;;;;ЛОЖЬ;;;;;;;;;;;;;;;;;;;;;;;;;;;;;;;;;;;;;;;;;;;;;;;;;;;;;;;;;;;;;;;;;;;;;;;;;;;;;;;;;;;;;;;;;;;;;;;;;;;;;;;;;;;;;;;;;;;;;
BI;1-Month;;SYS;;;Month;No;ЛОЖЬ;;;15;;Byte;;;;;;;;;2;;0;;;;;;;;;0;0;;;;-XXXXX.X;491;3428;;;;;;;;;;ЛОЖЬ;;;;;;;;;;;;;;;;;;;;;;;;;;;;;;;;;;;;;;;;;;;;;;;;;;;;;;;;;;;;;;;;;;;;;;;;;;;;;;;;;;;;;;;;;;;;;;;;;;;;;;;;;;;;;;;;;;;;;
DO;20XL990QA;;PNL;2000;A_2000;MOS ENABLED AREA H-2005B;Yes;ЛОЖЬ;ЛОЖЬ;;79;;;;;;;0;;;;194;ЛОЖЬ;0;None;;;;;;1=LAMP ON;;;;;;;Undefined;491;3428;;01.06;9;11;1;Appl;;;;ЛОЖЬ;;;;;;;;;;;;;;;;;;;;;;Output;EPKS_CCB;ESD_001_1;705;;;;;;;;;;;;;;;;;;;;;;;;;;;;;;;;;;;;;;;;;;;;;;;;;;;;;;;;;;;;;;;;;;;;;;;;;;;;;;;;;;;;;;;;;;;;
M;24_4;;;;;;;ЛОЖЬ;ЛОЖЬ;;24;;;;;;;0;;;;58;ЛОЖЬ;0;;;;;;;;;;;;;;Undefined;;;;;;;;;;;;ЛОЖЬ;ИСТИНА;;;;;;;;;;;;;;;;;;;;;;;;;;;;;;;;;;;;;;;;;;;;;;;;;;;;;;;;;;;;;;;;;;;;;;;;;;;;;;;;;;;;;;;;;;;;;;;;;;;;;;;;;;;;;;;;;;;;
DO;20XL434B2;;PNL;2000;A_2000;2ND STAGE DEPRESSURIZING;Yes;ЛОЖЬ;ЛОЖЬ;;232;;;;;;;0;;;;128;ЛОЖЬ;0;None;;;;;;1=LAMP ON;;;;;;;Undefined;491;3428;;01.06;1;9;1;Appl;;;;ЛОЖЬ;;;;;;;;;;;;;;;;;;;;;;Output;EPKS_CCB;ESD_001_1;706;;;;;;;;;;;;;;;;;;;;;;;;;;;;;;;;;;;;;;;;;;;;;;;;;;;;;;;;;;;;;;;;;;;;;;;;;;;;;;;;;;;;;;;;;;;;
DI;41XL265BB_ON_11;;FSC;4100;A_4100;ESD MOS ACT AREA 4100;No;ЛОЖЬ;ЛОЖЬ;;91;;;;;;;0;;;;1845;ЛОЖЬ;0;None;;;;;;1=LAMP ON;;;;;;;Undefined;491;3428;;;;;;Low;;;;ЛОЖЬ;;;;ЛОЖЬ;;;;;;;;;;;;;;;;;;;;;;;;;;;;;;;;;;;;;;;;;;;;;;;;;;;;;;;;;;;;;;;;;;;;;;;;;;;;;;;;;;Input;ESD_001_1;ESD_411_1;5;;;;;;;;;;;;;;;;;;;;;;;;;;;;
T;83_1;;;;;;;ЛОЖЬ;ЛОЖЬ;;83;;;;;;;;100 ms;10;;128;ЛОЖЬ;0;;;;;;;;;;;;;;Undefined;491;3428;Delayed OFF with constant timer value;;;;;;;;;ЛОЖЬ;;;;;;;;;;;;;;;;;;;;;;;;;;;;;;;;;;;;;;;;;;;;;;;;;;;;;;;;;;;;;;;;;;;;;;;;;;;;;;;;;;;;;;;;;;;;;;;;;;;;;;;;;;;;;;;;;;;;;
M;C24_2;;;;;Compiler marker (224, 187);;ЛОЖЬ;ЛОЖЬ;;24;;;;;;;0;;;;62;ЛОЖЬ;0;;;;;;;;;;;;;;Undefined;;;;;;;;;;;;ЛОЖЬ;ИСТИНА;;;;;;;;;;;;;;;;;;;;;;;;;;;;;;;;;;;;;;;;;;;;;;;;;;;;;;;;;;;;;;;;;;;;;;;;;;;;;;;;;;;;;;;;;;;;;;;;;;;;;;;;;;;;;;;;;;;;
DO;20HS990D_REL;;FSC;2000;A_2000;ESD MOS REL AREA 2000-4;No;ЛОЖЬ;ЛОЖЬ;;57;;;;;;;0;;;;669;ЛОЖЬ;0;None;;;;;;1=RELEASED;;;;;;;Undefined;491;3428;;;;;;;;;;ЛОЖЬ;;;;;;;;;;;;;;;;;;;;;;;;;;Output;ESD_001_1;ESD_001_5;4;Output;ESD_001_1;ESD_001_7;8;;;;;;;;;;;;;;;;;;;;;;;;;;;;;;;;;;;;;Output;ESD_001_1;ESD_001_2;6;;;;;;;;;;;;;;;;;;;;;;;;;;;;;;;;;;;;;;;;;;;;
DI;20XL433B6_ON;;FSC;;;20XV433B CLOSE;No;ЛОЖЬ;ЛОЖЬ;;232;;;;;;;0;;;;836;ЛОЖЬ;0;None;;;;;;1=LAMP ON;1=LAMP ON;;;;;;Undefined;;;;;;;;Low;;;;ЛОЖЬ;ИСТИНА;;;ЛОЖЬ;View only;;;;;;;;;;;;;Input;ESD_001_1;ESD_001_8;20;;;;;;;;;;;;;;;;;;;;;;;;;;;;;;;;;;;;;;;;;;;;;;;;;;;;;;;;;;;;;;;;;;;;;;;;;;;;;;;;;;;;;;;;;;;;;;;;
DO;10XL602KB;;PNL;1000;A_1000;MOS ACT/REL AREA 1000;Yes;ЛОЖЬ;ЛОЖЬ;;35;;;;;;;0;;;;29;ЛОЖЬ;0;None;;;;;;1=LAMP ON;;;;;;;Undefined;491;3428;;01.05;3;6;1;Appl;;;;ЛОЖЬ;;;;;;;;;;;;;;;;;;;;;;Output;EPKS_CCB;ESD_001_1;707;;;;;;;;;;;;;;;;;;;;;;;;;;;;;;;;;;;;;;;;;;;;;;;;;;;;;;;;;;;;;;;;;;;;;;;;;;;;;;;;;;;;;;;;;;;;
DO;20HS990C_REL;;FSC;2000;A_2000;ESD MOS REL AREA 2000-3;No;ЛОЖЬ;ЛОЖЬ;;55;;;;;;;0;;;;651;ЛОЖЬ;0;None;;;;;;1=RELEASED;;;;;;;Undefined;491;3428;;;;;;;;;;ЛОЖЬ;;;;;;;;;;;;;;;;;;Output;ESD_001_1;ESD_001_8;6;;;;;Output;ESD_001_1;ESD_001_5;2;Output;ESD_001_1;ESD_001_7;6;;;;;;;;;;;;;;;;;;;;;;;;;;;;;;;;;;;;;;;;;;;;;;;;;;;;;;;;;;;;;;;;;;;;;;;;;;;;;Output;ESD_001_1;ESD_001_3;14;;;;
DI;09_01_SNESD_FLT;;FSC;;;;No;ЛОЖЬ;ЛОЖЬ;;22;;;;;;;0;;;;1562;ЛОЖЬ;0;None;;;;;;0=Fault;;;;;;;Undefined;491;3428;;;;;;Low;;;;ЛОЖЬ;;;;ЛОЖЬ;;Input;ESD_001_1;ESD_101_2;10;;;;;;;;;;;;;;;;;;;;;;;;;;;;;;;;;;;;;;;;;;;;;;;;;;;;;;;;;;;;;;;;;;;;;;;;;;;;;;;;;;;;;;;;;;;;;;;;;;;;;;;;;;;;
M;22_280_8;;;;;11-01 - ESD411_1;;ЛОЖЬ;ЛОЖЬ;;280;;;;;;;0;;;;645;ЛОЖЬ;0;;;;;;;Blink on Failure;;;;;;;Undefined;491;3428;;;;;;;;;;ЛОЖЬ;;;;;;;;;;;;;;;;;;;;;;;;;;;;;;;;;;;;;;;;;;;;;;;;;;;;;;;;;;;;;;;;;;;;;;;;;;;;;;;;;;;;;;;;;;;;;;;;;;;;;;;;;;;;;;;;;;;;;
DO;CB001_ESD1_RT2;;COM;2000;;REPAIR TIMER STARTED;No;ЛОЖЬ;ЛОЖЬ;;17;;;;;;;0;;;;54;ЛОЖЬ;0;None;;;;;;0=STARTED;;;;;;;Undefined;;;;;;;;;;;;ЛОЖЬ;ИСТИНА;;;;;;;;;;;;;;;;;;;;;Output;EPKS_CCB;ESD_001_1;778;;;;;;;;;;;;;;;;;;;;;;;;;;;;;;;;;;;;;;;;;;;;;;;;;;;;;;;;;;;;;;;;;;;;;;;;;;;;;;;;;;;;;;;;;;;;
DO;01_08_SNESD_FLT;;FSC;1000;;ESD_001_1-ESD_101_1;No;ЛОЖЬ;ЛОЖЬ;;19;;;;;;;0;;;;538;ЛОЖЬ;0;None;;;;;;0=FAULT;;;;;;;Undefined;491;3428;;;;;;;;;;ЛОЖЬ;;;;;;;;;;;;;;;;;;;;;;;;;;;;;;;;;;;;;;Output;ESD_001_1;ESD_101_1;0;;;;;;;;;;;;;;;;;;;;;;;;;;;;;;;;;;;;;;;;;;;;;;;;;;;;;;;;;;;;;;;;;;;;;;;;;;;;
M;51_256_3;;;;;20HS846B_2;;ЛОЖЬ;ЛОЖЬ;;256;;;;;;;0;;;;47;ЛОЖЬ;0;;;;;;;1=TEST;;;;;;;Undefined;;;;;;;;;;;;ЛОЖЬ;ИСТИНА;;;;;;;;;;;;;;;;;;;;;;;;;;;;;;;;;;;;;;;;;;;;;;;;;;;;;;;;;;;;;;;;;;;;;;;;;;;;;;;;;;;;;;;;;;;;;;;;;;;;;;;;;;;;;;;;;;;;
DI;20HS990A2;;PNL;2000;A_2000;MOS RELEASE AREA 2000-1;Yes;ЛОЖЬ;ЛОЖЬ;;51;;;;;;;;;;;89;ЛОЖЬ;0;None;;;;;;0=RELEASE;;;;;;;Undefined;491;3428;;01.03;11;2;1;Hold;;;;ЛОЖЬ;;;;ЛОЖЬ;;;;;;;;;;;;;;;;;;Output;EPKS_CCB;ESD_001_1;708;;;;;;;;;;;;;;;;;;;;;;;;;;;;;;;;;;;;;;;;;;;;;;;;;;;;;;;;;;;;;;;;;;;;;;;;;;;;;;;;;;;;;;;;;;;;
DO;20XL014B;;PNL;2000;A_2000;C-2003A SHUTDOWN;Yes;ЛОЖЬ;ЛОЖЬ;;220;;;;;;;0;;;;137;ЛОЖЬ;0;None;;;;;;1=LAMP ON;;;;;;;Undefined;491;3428;;01.06;1;2;1;Appl;;;;ЛОЖЬ;;;;;;;;;;;;;;;;;;;;;;Output;EPKS_CCB;ESD_001_1;709;;;;;;;;;;;;;;;;;;;;;;;;;;;;;;;;;;;;;;;;;;;;;;;;;;;;;;;;;;;;;;;;;;;;;;;;;;;;;;;;;;;;;;;;;;;;
DO;20XL406A;;PNL;2000;A_2000;ACTIVATION EM BLOCK 1;Yes;ЛОЖЬ;ЛОЖЬ;;228;;;;;;;0;;;;155;ЛОЖЬ;0;None;;;;;;1=LAMP ON;;;;;;;Undefined;491;3428;;01.06;3;4;1;Appl;;;;ЛОЖЬ;;;;;;;;;;;;;;;;;;;;;;Output;EPKS_CCB;ESD_001_1;710;;;;;;;;;;;;;;;;;;;;;;;;;;;;;;;;;;;;;;;;;;;;;;;;;;;;;;;;;;;;;;;;;;;;;;;;;;;;;;;;;;;;;;;;;;;;
DI;20XL174B_ON;;FSC;2000;A_2000;P-2006/S EMERG. SD;No;ЛОЖЬ;ЛОЖЬ;;224;;;;;;;0;;;;1944;ЛОЖЬ;0;None;;;;;;1=LAMP ON;;;;;;;Undefined;491;3428;;;;;;Low;;;;ЛОЖЬ;;;;ЛОЖЬ;;;;;;;;;;;;;;;;;;;;;;Input;ESD_001_1;ESD_001_5;8;;;;;;;;;;;;;;;;;;;;;;;;;;;;;;;;;;;;;;;;;;;;;;;;;;;;;;;;;;;;;;;;;;;;;;;;;;;;;;;;;;;;;;;;
M;31_47_2;;;;;20HS846A;;ЛОЖЬ;ЛОЖЬ;;47;;;;;;;0;;;;804;ЛОЖЬ;0;;;;;;;1=TEST;;;;;;;Undefined;491;3428;;;;;;;;;;ЛОЖЬ;;;;;;;;;;;;;;;;;;;;;;;;;;;;;;;;;;;;;;;;;;;;;;;;;;;;;;;;;;;;;;;;;;;;;;;;;;;;;;;;;;;;;;;;;;;;;;;;;;;;;;;;;;;;;;;;;;;;;
T;37_1;;;;;;;ЛОЖЬ;ЛОЖЬ;;37;;;;;;;;100 ms;10;;12;ЛОЖЬ;0;;;;;;;;;;;;;;Undefined;491;3428;Delayed OFF with constant timer value;;;;;;;;;ЛОЖЬ;;;;;;;;;;;;;;;;;;;;;;;;;;;;;;;;;;;;;;;;;;;;;;;;;;;;;;;;;;;;;;;;;;;;;;;;;;;;;;;;;;;;;;;;;;;;;;;;;;;;;;;;;;;;;;;;;;;;;
T;89_1;;;;;;;ЛОЖЬ;ЛОЖЬ;;89;;;;;;;;100 ms;10;;36;ЛОЖЬ;0;;;;;;;;;;;;;;Undefined;491;3428;Delayed OFF with constant timer value;;;;;;;;;ЛОЖЬ;;;;;;;;;;;;;;;;;;;;;;;;;;;;;;;;;;;;;;;;;;;;;;;;;;;;;;;;;;;;;;;;;;;;;;;;;;;;;;;;;;;;;;;;;;;;;;;;;;;;;;;;;;;;;;;;;;;;;
DO;42XL113AB;;PNL;4200;A_4200;MOS ACT/REL AREA CH-42-1;Yes;ЛОЖЬ;ЛОЖЬ;;99;;;;;;;0;;;;345;ЛОЖЬ;0;None;;;;;;1=LAMP ON;;;;;;;Undefined;491;3428;;01.07;11;2;1;Appl;;;;ЛОЖЬ;;;;;;;;;;;;;;;;;;;;;;Output;EPKS_CCB;ESD_001_1;711;;;;;;;;;;;;;;;;;;;;;;;;;;;;;;;;;;;;;;;;;;;;;;;;;;;;;;;;;;;;;;;;;;;;;;;;;;;;;;;;;;;;;;;;;;;;
DI;20XL198B_ON;;FSC;2000;A_2000;P-2016/S EMERG. SD;No;ЛОЖЬ;ЛОЖЬ;;256;;;;;;;0;;;;2152;ЛОЖЬ;0;None;;;;;;1=LAMP ON;;;;;;;Undefined;491;3428;;;;;;Low;;;;ЛОЖЬ;;;;ЛОЖЬ;;;;;;;;;;;;;;;;;;;;;;;;;;Input;ESD_001_1;ESD_001_7;24;;;;;;;;;;;;;;;;;;;;;;;;;;;;;;;;;;;;;;;;;;;;;;;;;;;;;;;;;;;;;;;;;;;;;;;;;;;;;;;;;;;;
DI;41XL265FB_ON_12;;FSC;4200;;ESD MOS ACT AREA 4200;No;ЛОЖЬ;ЛОЖЬ;;97;;;;;;;0;;;;2805;ЛОЖЬ;0;None;;;;;;1=LAMP ON;;;;;;;Undefined;491;3428;;;;;;Low;;;;ЛОЖЬ;;;;ЛОЖЬ;;;;;;;;;;;;;;;;;;;;;;;;;;;;;;;;;;;;;;;;;;;;;;;;;;;;;;;;;;Input;ESD_001_1;ESD_411_2;5;;;;;;;;;;;;;;;;;;;;;;;;;;;;;;;;;;;;;;;;;;;;;;;;;;;;
M;21_230_9;;;;;04-01 - ESD001_4;;ЛОЖЬ;ЛОЖЬ;;230;;;;;;;0;;;;700;ЛОЖЬ;0;;;;;;;Blink on Failure;;;;;;;Undefined;491;3428;;;;;;;;;;ЛОЖЬ;;;;;;;;;;;;;;;;;;;;;;;;;;;;;;;;;;;;;;;;;;;;;;;;;;;;;;;;;;;;;;;;;;;;;;;;;;;;;;;;;;;;;;;;;;;;;;;;;;;;;;;;;;;;;;;;;;;;;
DI;41HS265D2;;PNL;4100;A_4100;MOS RELEASE AREA H-4101A;Yes;ЛОЖЬ;ЛОЖЬ;;93;;;;;;;;;;;125;ЛОЖЬ;0;None;;;;;;0=RELEASE;;;;;;;Undefined;491;3428;;01.03;15;6;1;Hold;;;;ЛОЖЬ;;;;ЛОЖЬ;;;;;;;;;;;;;;;;;;Output;EPKS_CCB;ESD_001_1;712;;;;;;;;;;;;;;;;;;;;;;;;;;;;;;;;;;;;;;;;;;;;;;;;;;;;;;;;;;;;;;;;;;;;;;;;;;;;;;;;;;;;;;;;;;;;
DI;20XL407A_ON;;FSC;2000;A_2000;ACTIVATION EM BLOCK 2;No;ЛОЖЬ;ЛОЖЬ;;228;;;;;;;0;;;;1370;ЛОЖЬ;0;None;;;;;;1=LAMP ON;;;;;;;Undefined;491;3428;;;;;;Low;;;;ЛОЖЬ;;;;ЛОЖЬ;;;;;;;;;;;;;;;;;;;;;;;;;;;;;;;;;;;;;;;;;;;;;;Input;ESD_001_1;ESD_001_4;10;;;;;;;;;;;;;;;;;;;;;;;;;;;;;;;;;;;;;;;;;;;;;;;;;;;;;;;;;;;;;;;;
T;81_1;;;;;;;ЛОЖЬ;ЛОЖЬ;;81;;;;;;;;100 ms;10;;124;ЛОЖЬ;0;;;;;;;;;;;;;;Undefined;491;3428;Delayed OFF with constant timer value;;;;;;;;;ЛОЖЬ;;;;;;;;;;;;;;;;;;;;;;;;;;;;;;;;;;;;;;;;;;;;;;;;;;;;;;;;;;;;;;;;;;;;;;;;;;;;;;;;;;;;;;;;;;;;;;;;;;;;;;;;;;;;;;;;;;;;;
BO;CB001_ESD1_RT2_B;;COM;2000;;Start Repair Timer CP2;No;ЛОЖЬ;ЛОЖЬ;;16;;Word;;;;;0;;;;18;;0;;;;;;;;;0;0;;;;-XXXXX.X;;;;;;;;;;;;ЛОЖЬ;ИСТИНА;;;;;;;;;;;;;;;;;;;;;Output;EPKS_CCB;ESD_001_1;10066;;;;;;;;;;;;;;;;;;;;;;;;;;;;;;;;;;;;;;;;;;;;;;;;;;;;;;;;;;;;;;;;;;;;;;;;;;;;;;;;;;;;;;;;;;;;
DI;41XL056B_ON;;FSC;4100;A_4100;H4101A REFORM EMERG. SD;No;ЛОЖЬ;ЛОЖЬ;;280;;;;;;;0;;;;1854;ЛОЖЬ;0;None;;;;;;1=LAMP ON;;;;;;;Undefined;491;3428;;;;;;Low;;;;ЛОЖЬ;;;;ЛОЖЬ;;;;;;;;;;;;;;;;;;;;;;;;;;;;;;;;;;;;;;;;;;;;;;;;;;;;;;;;;;;;;;;;;;;;;;;;;;;;;;;;;;Input;ESD_001_1;ESD_411_1;14;;;;;;;;;;;;;;;;;;;;;;;;;;;;
DO;20XL341;;PNL;2000;A_2000;HHPS LIQUID FROM V-2003;Yes;ЛОЖЬ;ЛОЖЬ;;226;;;;;;;0;;;;154;ЛОЖЬ;0;None;;;;;;1=LAMP ON;;;;;;;Undefined;491;3428;;01.06;3;3;1;Appl;;;;ЛОЖЬ;;;;;;;;;;;;;;;;;;;;;;Output;EPKS_CCB;ESD_001_1;713;;;;;;;;;;;;;;;;;;;;;;;;;;;;;;;;;;;;;;;;;;;;;;;;;;;;;;;;;;;;;;;;;;;;;;;;;;;;;;;;;;;;;;;;;;;;
DI;20XV434B_R;;FSC;;;VALVE REDY TO CLOSE;No;ЛОЖЬ;ЛОЖЬ;;242;;;;;;;0;;;;852;ЛОЖЬ;0;None;;;;;;1=READY;1=READY;;;;;;Undefined;;;;;;;;Low;;;;ЛОЖЬ;ИСТИНА;;;ЛОЖЬ;View only;;;;;;;;;;;;;Input;ESD_001_1;ESD_001_8;36;;;;;;;;;;;;;;;;;;;;;;;;;;;;;;;;;;;;;;;;;;;;;;;;;;;;;;;;;;;;;;;;;;;;;;;;;;;;;;;;;;;;;;;;;;;;;;;;
DI;20XL273B_ON;;FSC;2000;A_2000;P-2026/S EMERG. SD;No;ЛОЖЬ;ЛОЖЬ;;226;;;;;;;0;;;;1946;ЛОЖЬ;0;None;;;;;;1=LAMP ON;;;;;;;Undefined;491;3428;;;;;;Low;;;;ЛОЖЬ;;;;ЛОЖЬ;;;;;;;;;;;;;;;;;;;;;;Input;ESD_001_1;ESD_001_5;10;;;;;;;;;;;;;;;;;;;;;;;;;;;;;;;;;;;;;;;;;;;;;;;;;;;;;;;;;;;;;;;;;;;;;;;;;;;;;;;;;;;;;;;;
T;107_1;;;;;;;ЛОЖЬ;ЛОЖЬ;;107;;;;;;;;100 ms;10;;140;ЛОЖЬ;0;;;;;;;;;;;;;;Undefined;491;3428;Delayed OFF with constant timer value;;;;;;;;;ЛОЖЬ;;;;;;;;;;;;;;;;;;;;;;;;;;;;;;;;;;;;;;;;;;;;;;;;;;;;;;;;;;;;;;;;;;;;;;;;;;;;;;;;;;;;;;;;;;;;;;;;;;;;;;;;;;;;;;;;;;;;;
DO;51XL902KB;;PNL;5100;A_5100;MOS ACT/REL AREA 5140;Yes;ЛОЖЬ;ЛОЖЬ;;105;;;;;;;0;;;;363;ЛОЖЬ;0;None;;;;;;1=LAMP ON;;;;;;;Undefined;491;3428;;01.07;13;4;1;Appl;;;;ЛОЖЬ;;;;;;;;;;;;;;;;;;;;;;Output;EPKS_CCB;ESD_001_1;714;;;;;;;;;;;;;;;;;;;;;;;;;;;;;;;;;;;;;;;;;;;;;;;;;;;;;;;;;;;;;;;;;;;;;;;;;;;;;;;;;;;;;;;;;;;;
BO;CB001_ESD1_T2;;COM;2000;;TEMPERATURE CP2;No;ЛОЖЬ;ЛОЖЬ;;17;;Word;;;;;0;;;;54;;0;;None;None;None;None;;;;;;;;;-XXXXX.X;;;;;;;;;;;;ЛОЖЬ;ИСТИНА;;;;;;;;;;;;;;;;;;;;;Output;EPKS_CCB;ESD_001_1;10068;;;;;;;;;;;;;;;;;;;;;;;;;;;;;;;;;;;;;;;;;;;;;;;;;;;;;;;;;;;;;;;;;;;;;;;;;;;;;;;;;;;;;;;;;;;;
M;22_282_8;;;;;11-01 - ESD411_1;;ЛОЖЬ;ЛОЖЬ;;282;;;;;;;0;;;;756;ЛОЖЬ;0;;;;;;;Blink on Failure;;;;;;;Undefined;491;3428;;;;;;;;;;ЛОЖЬ;;;;;;;;;;;;;;;;;;;;;;;;;;;;;;;;;;;;;;;;;;;;;;;;;;;;;;;;;;;;;;;;;;;;;;;;;;;;;;;;;;;;;;;;;;;;;;;;;;;;;;;;;;;;;;;;;;;;;
DO;01_10_SNESD_FLT;;FSC;3000;S_B301;ESD_001_1-ESD_301_1;No;ЛОЖЬ;ЛОЖЬ;;19;;;;;;;0;;;;539;ЛОЖЬ;0;None;;;;;;0=FAULT;;;;;;;Undefined;491;3428;;;;;;;;;;ЛОЖЬ;;;;;;;;;;;;;;;;;;;;;;;;;;;;;;;;;;;;;;;;;;;;;;;;;;;;;;;;;;;;;;;;;;;;;;;;;;;;;;;;;;;;;;;;;;;;;;Output;ESD_001_1;ESD_301_1;0;;;;;;;;;;;;;;;;;;;;
DI;30XL705KB_ON_10;;FSC;3000;A_3000;ESD MOS ACT AREA C-3001S;No;ЛОЖЬ;ЛОЖЬ;;41;;;;;;;0;;;;2325;ЛОЖЬ;0;None;;;;;;1=LAMP ON;;;;;;;Undefined;491;3428;;;;;;Low;;;;ЛОЖЬ;;;;ЛОЖЬ;;;;;;;;;;;;;;;;;;;;;;;;;;;;;;;;;;;;;;;;;;;;;;;;;;;;;;;;;;;;;;;;;;;;;;;;;;;;;;;;;;;;;;;;;;Input;ESD_001_1;ESD_301_1;5;;;;;;;;;;;;;;;;;;;;
DO;30HS706_REL;;FSC;3000;A_3000;ESD MOS REL AREA 3000;No;ЛОЖЬ;ЛОЖЬ;;43;;;;;;;0;;;;556;ЛОЖЬ;0;None;;;;;;1=RELEASED;;;;;;;Undefined;491;3428;;;;;;;;;;ЛОЖЬ;;;;;;;;;;;;;;;;;;;;;;;;;;;;;;;;;;;;;;;;;;;;;;;;;;;;;;;;;;;;;;;;;;;;;;;;;;;;;;;;;;;;;;;;;;;;;;Output;ESD_001_1;ESD_301_1;8;;;;;;;;;;;;;;;;;;;;
M;21_234_4;;;;;05-01 - ESD001_5;;ЛОЖЬ;ЛОЖЬ;;234;;;;;;;0;;;;709;ЛОЖЬ;0;;;;;;;Blink on Failure;;;;;;;Undefined;491;3428;;;;;;;;;;ЛОЖЬ;;;;;;;;;;;;;;;;;;;;;;;;;;;;;;;;;;;;;;;;;;;;;;;;;;;;;;;;;;;;;;;;;;;;;;;;;;;;;;;;;;;;;;;;;;;;;;;;;;;;;;;;;;;;;;;;;;;;;
DO;20XL433B2;;PNL;2000;A_2000;20XV433B OPEN;Yes;ЛОЖЬ;ЛОЖЬ;;232;;;;;;;0;;;;144;ЛОЖЬ;0;None;;;;;;1=LAMP ON;;;;;;;Undefined;491;3428;;01.06;3;9;1;Appl;;;;ЛОЖЬ;;;;;;;;;;;;;;;;;;;;;;Output;EPKS_CCB;ESD_001_1;716;;;;;;;;;;;;;;;;;;;;;;;;;;;;;;;;;;;;;;;;;;;;;;;;;;;;;;;;;;;;;;;;;;;;;;;;;;;;;;;;;;;;;;;;;;;;
M;23_262_6;;;;;21-01 - ESD001_7;;ЛОЖЬ;ЛОЖЬ;;262;;;;;;;0;;;;747;ЛОЖЬ;0;;;;;;;Blink on Failure;;;;;;;Undefined;491;3428;;;;;;;;;;ЛОЖЬ;;;;;;;;;;;;;;;;;;;;;;;;;;;;;;;;;;;;;;;;;;;;;;;;;;;;;;;;;;;;;;;;;;;;;;;;;;;;;;;;;;;;;;;;;;;;;;;;;;;;;;;;;;;;;;;;;;;;;
DI;20HS990R1;;PNL;2000;A_2000;MOS ENABLE AREA H-2006;Yes;ЛОЖЬ;ЛОЖЬ;;81;;;;;;;;;;;69;ЛОЖЬ;0;None;;;;;;1=ENABLE;;;;;;;Undefined;491;3428;;01.03;9;14;1;Hold;;;;ЛОЖЬ;;;;ЛОЖЬ;;;;;;;;;;;;;;;;;;Output;EPKS_CCB;ESD_001_1;717;;;;;;;;;;;;;;;;;;;;;;;;;;;;;;;;;;;;;;;;;;;;;;;;;;;;;;;;;;;;;;;;;;;;;;;;;;;;;;;;;;;;;;;;;;;;
DI;10XL026B_ON;;FSC;1000;A_1000;H-1001A EMERG. SD;No;ЛОЖЬ;ЛОЖЬ;;200;;;;;;;0;;;;2900;ЛОЖЬ;0;None;;;;;;1=LAMP ON;;;;;;;Undefined;491;3428;;;;;;Low;;;;ЛОЖЬ;;;;ЛОЖЬ;;;;;;;;;;;;;;;;;;;;;;;;;;;;;;;;;;Input;ESD_001_1;ESD_101_1;4;;;;;;;;;;;;;;;;;;;;;;;;;;;;;;;;;;;;;;;;;;;;;;;;;;;;;;;;;;;;;;;;;;;;;;;;;;;;
M;61_242_5;;;;;20HS846B_1;;ЛОЖЬ;ЛОЖЬ;;242;;;;;;;0;;;;75;ЛОЖЬ;0;;;;;;;1=TEST;;;;;;;Undefined;;;;;;;;;;;;ЛОЖЬ;ИСТИНА;;;;;;;;;;;;;;;;;;;;;;;;;;;;;;;;;;;;;;;;;;;;;;;;;;;;;;;;;;;;;;;;;;;;;;;;;;;;;;;;;;;;;;;;;;;;;;;;;;;;;;;;;;;;;;;;;;;;
M;51_63_2;;;;;20HS846B_2;;ЛОЖЬ;ЛОЖЬ;;63;;;;;;;0;;;;682;ЛОЖЬ;0;;;;;;;1=TEST;;;;;;;Undefined;491;3428;;;;;;;;;;ЛОЖЬ;;;;;;;;;;;;;;;;;;;;;;;;;;;;;;;;;;;;;;;;;;;;;;;;;;;;;;;;;;;;;;;;;;;;;;;;;;;;;;;;;;;;;;;;;;;;;;;;;;;;;;;;;;;;;;;;;;;;;
DI;20XL183B_ON;;FSC;2000;A_2000;P-2008/S EMERG. SD;No;ЛОЖЬ;ЛОЖЬ;;254;;;;;;;0;;;;2150;ЛОЖЬ;0;None;;;;;;1=LAMP ON;;;;;;;Undefined;491;3428;;;;;;Low;;;;ЛОЖЬ;;;;ЛОЖЬ;;;;;;;;;;;;;;;;;;;;;;;;;;Input;ESD_001_1;ESD_001_7;22;;;;;;;;;;;;;;;;;;;;;;;;;;;;;;;;;;;;;;;;;;;;;;;;;;;;;;;;;;;;;;;;;;;;;;;;;;;;;;;;;;;;
DI;30XL706KB_ON_10;;FSC;3000;A_3000;ESD MOS ACT AREA 3000;No;ЛОЖЬ;ЛОЖЬ;;43;;;;;;;0;;;;2327;ЛОЖЬ;0;None;;;;;;1=LAMP ON;;;;;;;Undefined;491;3428;;;;;;Low;;;;ЛОЖЬ;;;;ЛОЖЬ;;;;;;;;;;;;;;;;;;;;;;;;;;;;;;;;;;;;;;;;;;;;;;;;;;;;;;;;;;;;;;;;;;;;;;;;;;;;;;;;;;;;;;;;;;Input;ESD_001_1;ESD_301_1;7;;;;;;;;;;;;;;;;;;;;
DO;41XLO002;;PNL;;;41XV002 OPENED;Yes;ЛОЖЬ;ЛОЖЬ;;284;;;;;;;0;;;;460;ЛОЖЬ;0;None;;;;;;1=OPENED;1=OPENED;;;;;;Undefined;;;;01.07;17;5;1;Appl;;;;ЛОЖЬ;ИСТИНА;;;;;;;;;;;;;;;;;;;;;;;;;;;;;;;;;;;;;;;;;;;;;;;;;;;;;;;;;;;;;;;;;;;;;;;;;;;;;;;;;;;;;;;;;;;;;;;;;;;;;;;;;;;;;;;;;;;;
M;23_238_6;;;;;21-01 - ESD001_7;;ЛОЖЬ;ЛОЖЬ;;238;;;;;;;0;;;;39;ЛОЖЬ;0;;;;;;;Blink on Failure;;;;;;;Undefined;;;;;;;;;;;;ЛОЖЬ;ИСТИНА;;;;;;;;;;;;;;;;;;;;;;;;;;;;;;;;;;;;;;;;;;;;;;;;;;;;;;;;;;;;;;;;;;;;;;;;;;;;;;;;;;;;;;;;;;;;;;;;;;;;;;;;;;;;;;;;;;;;
DO;42XL015B;;PNL;4200;A_4200;C-4201 EMERG. SD;Yes;ЛОЖЬ;ЛОЖЬ;;282;;;;;;;0;;;;351;ЛОЖЬ;0;None;;;;;;1=LAMP ON;;;;;;;Undefined;491;3428;;01.07;11;8;1;Appl;;;;ЛОЖЬ;;;;;;;;;;;;;;;;;;;;;;Output;EPKS_CCB;ESD_001_1;718;;;;;;;;;;;;;;;;;;;;;;;;;;;;;;;;;;;;;;;;;;;;;;;;;;;;;;;;;;;;;;;;;;;;;;;;;;;;;;;;;;;;;;;;;;;;
DI;20XL434B2_ON;;FSC;;;2ND STAGE DEPRESSURE;No;ЛОЖЬ;ЛОЖЬ;;232;;;;;;;0;;;;846;ЛОЖЬ;0;None;;;;;;1=LAMP ON;1=LAMP ON;;;;;;Undefined;;;;;;;;Low;;;;ЛОЖЬ;ИСТИНА;;;ЛОЖЬ;View only;;;;;;;;;;;;;Input;ESD_001_1;ESD_001_8;30;;;;;;;;;;;;;;;;;;;;;;;;;;;;;;;;;;;;;;;;;;;;;;;;;;;;;;;;;;;;;;;;;;;;;;;;;;;;;;;;;;;;;;;;;;;;;;;;
M;21_238_13;;;;;04-01 - ESD001_4;;ЛОЖЬ;ЛОЖЬ;;238;;;;;;;0;;;;729;ЛОЖЬ;0;;;;;;;Blink on Failure;;;;;;;Undefined;491;3428;;;;;;;;;;ЛОЖЬ;;;;;;;;;;;;;;;;;;;;;;;;;;;;;;;;;;;;;;;;;;;;;;;;;;;;;;;;;;;;;;;;;;;;;;;;;;;;;;;;;;;;;;;;;;;;;;;;;;;;;;;;;;;;;;;;;;;;;
DI;20XL281B_ON;;FSC;2000;H-2006;EMERGENCY STEAM TO H-2006 VALVE CL;No;ЛОЖЬ;ЛОЖЬ;;240;;;;;;;0;;;;2532;ЛОЖЬ;0;None;;;;;;1=LAMP ON;;;;;;;Undefined;;;;;;;;Low;;;;ЛОЖЬ;ИСТИНА;;;ЛОЖЬ;;;;;;;;;;;;;;;;;;;;;;;;;;;;;;Input;ESD_001_1;ESD_001_6;20;;;;;;;;;;;;;;;;;;;;;;;;;;;;;;;;;;;;;;;;;;;;;;;;;;;;;;;;;;;;;;;;;;;;;;;;;;;;;;;;
DO;41XL709;;PNL;4100;A_4100;OOS FOR 41TSLL714;Yes;ЛОЖЬ;ЛОЖЬ;;280;;;;;;;0;;;;334;ЛОЖЬ;0;None;;;;;;1=LAMP ON;;;;;;;Undefined;491;3428;;01.07;9;7;1;Appl;;;;ЛОЖЬ;;;;;;;;;;;;;;;;;;;;;;Output;EPKS_CCB;ESD_001_1;719;;;;;;;;;;;;;;;;;;;;;;;;;;;;;;;;;;;;;;;;;;;;;;;;;;;;;;;;;;;;;;;;;;;;;;;;;;;;;;;;;;;;;;;;;;;;
DO;21XA002;;PNL;2100;A_2000;INTERNAL FIRE ALARM;Yes;ЛОЖЬ;ЛОЖЬ;;236;;;;;;;0;;;;220;ЛОЖЬ;0;None;;;;;;1=LAMP ON;;;;;;;Undefined;491;3428;;01.06;11;5;1;Appl;;;;ЛОЖЬ;;;;;;;;;;;;;;;;;;;;;;Output;EPKS_CCB;ESD_001_1;720;;;;;;;;;;;;;;;;;;;;;;;;;;;;;;;;;;;;;;;;;;;;;;;;;;;;;;;;;;;;;;;;;;;;;;;;;;;;;;;;;;;;;;;;;;;;
DI;1-OutputFault;;SYS;;;Output channel fault;Yes;ЛОЖЬ;;;17;;;;;;;;;;;24;ЛОЖЬ;0;None;;;;;;;;;;;;;Undefined;491;3428;;;;;;;;;;ЛОЖЬ;;;;ЛОЖЬ;;;;;;;;;;;;;;;;;;;;;;;;;;;;;;;;;;;;;;;;;;;;;;;;;;;;;;;;;;;;;;;;;;;;;;;;;;;;;;;;;;;;;;;;;;;;;;;;;;;;;;;;;;;;;;;;;
DI;20XL147_ON;;FSC;2000;A_2000;ED FROM V-2010;No;ЛОЖЬ;ЛОЖЬ;;252;;;;;;;0;;;;2147;ЛОЖЬ;0;None;;;;;;1=LAMP ON;;;;;;;Undefined;491;3428;;;;;;Low;;;;ЛОЖЬ;;;;ЛОЖЬ;;;;;;;;;;;;;;;;;;;;;;;;;;Input;ESD_001_1;ESD_001_7;19;;;;;;;;;;;;;;;;;;;;;;;;;;;;;;;;;;;;;;;;;;;;;;;;;;;;;;;;;;;;;;;;;;;;;;;;;;;;;;;;;;;;
DO;42HS113A_REL;;FSC;4200;A_4200;ESD MOS REL AREA C-4201;No;ЛОЖЬ;ЛОЖЬ;;99;;;;;;;0;;;;582;ЛОЖЬ;0;None;;;;;;1=RELEASED;;;;;;;Undefined;491;3428;;;;;;;;;;ЛОЖЬ;;;;;;;;;;;;;;;;;;;;;;;;;;;;;;;;;;;;;;;;;;;;;;;;;;;;;;;;;;;;;;Output;ESD_001_1;ESD_411_2;8;;;;;;;;;;;;;;;;;;;;;;;;;;;;;;;;;;;;;;;;;;;;;;;;;;;;
DI;10XL181B_ON;;FSC;1000;A_1000;GROUP SD AT FIRE - N. 03;No;ЛОЖЬ;ЛОЖЬ;;202;;;;;;;0;;;;1561;ЛОЖЬ;0;None;;;;;;1=LAMP ON;;;;;;;Undefined;491;3428;;;;;;Low;;;;ЛОЖЬ;;;;ЛОЖЬ;;Input;ESD_001_1;ESD_101_2;9;;;;;;;;;;;;;;;;;;;;;;;;;;;;;;;;;;;;;;;;;;;;;;;;;;;;;;;;;;;;;;;;;;;;;;;;;;;;;;;;;;;;;;;;;;;;;;;;;;;;;;;;;;;;
DO;41XL265FA;;PNL;4100;A_4100;MOS ENABLED AREA 4200;Yes;ЛОЖЬ;ЛОЖЬ;;97;;;;;;;0;;;;304;ЛОЖЬ;0;None;;;;;;1=LAMP ON;;;;;;;Undefined;491;3428;;01.07;7;9;1;Appl;;;;ЛОЖЬ;;;;;;;;;;;;;;;;;;;;;;Output;EPKS_CCB;ESD_001_1;721;;;;;;;;;;;;;;;;;;;;;;;;;;;;;;;;;;;;;;;;;;;;;;;;;;;;;;;;;;;;;;;;;;;;;;;;;;;;;;;;;;;;;;;;;;;;
DO;52XL026;;PNL;5200;A_5200;GROUP SHUTDOWN;Yes;ЛОЖЬ;ЛОЖЬ;;292;;;;;;;0;;;;381;ЛОЖЬ;0;None;;;;;;1=LAMP ON;;;;;;;Undefined;491;3428;;01.07;15;6;1;Appl;;;;ЛОЖЬ;;;;;;;;;;;;;;;;;;;;;;Output;EPKS_CCB;ESD_001_1;722;;;;;;;;;;;;;;;;;;;;;;;;;;;;;;;;;;;;;;;;;;;;;;;;;;;;;;;;;;;;;;;;;;;;;;;;;;;;;;;;;;;;;;;;;;;;
DO;CB001_ESD1_F2;;COM;2000;A_2000;EXT. COM. FAULT;No;ЛОЖЬ;ЛОЖЬ;;16;;;;;;;0;;;;101;ЛОЖЬ;0;None;;;;;;0=FAULT;;;;;;;Undefined;491;3428;;;;;;;;;;ЛОЖЬ;;;;;;;;;;;;;;;;;;;;;;Output;EPKS_CCB;ESD_001_1;418;;;;;;;;;;;;;;;;;;;;;;;;;;;;;;;;;;;;;;;;;;;;;;;;;;;;;;;;;;;;;;;;;;;;;;;;;;;;;;;;;;;;;;;;;;;;
DO;20XL434A7;;FLD;;;VALVE 20XV434A OPEN;Yes;ЛОЖЬ;ЛОЖЬ;;242;;;;;;;0;;;;432;ЛОЖЬ;0;None;;;;;;1=LAMP ON;1=LAMP ON;;;;;;Undefined;;;;01.06;17;9;1;Appl;;;;ЛОЖЬ;ИСТИНА;;;;;;;;;;;;;;;;;;;;;;;;;;;;;;;;;;;;;;;;;;;;;;;;;;;;;;;;;;;;;;;;;;;;;;;;;;;;;;;;;;;;;;;;;;;;;;;;;;;;;;;;;;;;;;;;;;;;
BI;1-DayOfTheWeek;;SYS;;;Day of the week;No;ЛОЖЬ;;;0;;Byte;;;;;;;;;4;;0;;;;;;;;;0;0;;;;-XXXXX.X;491;3428;;;;;;;;;;ЛОЖЬ;;;;;;;;;;;;;;;;;;;;;;;;;;;;;;;;;;;;;;;;;;;;;;;;;;;;;;;;;;;;;;;;;;;;;;;;;;;;;;;;;;;;;;;;;;;;;;;;;;;;;;;;;;;;;;;;;;;;;
DI;10XL152B_ON;;FSC;1000;A_1000;10XV152;No;ЛОЖЬ;ЛОЖЬ;;200;;;;;;;0;;;;2902;ЛОЖЬ;0;None;;;;;;1=LAMP ON;;;;;;;Undefined;491;3428;;;;;;Low;;;;ЛОЖЬ;;;;ЛОЖЬ;;;;;;;;;;;;;;;;;;;;;;;;;;;;;;;;;;Input;ESD_001_1;ESD_101_1;6;;;;;;;;;;;;;;;;;;;;;;;;;;;;;;;;;;;;;;;;;;;;;;;;;;;;;;;;;;;;;;;;;;;;;;;;;;;;
DO;20XL136;;PNL;2000;A_2000;ED FROM V-2013;Yes;ЛОЖЬ;ЛОЖЬ;;224;;;;;;;0;;;;188;ЛОЖЬ;0;None;;;;;;1=LAMP ON;;;;;;;Undefined;491;3428;;01.06;7;5;1;Appl;;;;ЛОЖЬ;;;;;;;;;;;;;;;;;;;;;;Output;EPKS_CCB;ESD_001_1;723;;;;;;;;;;;;;;;;;;;;;;;;;;;;;;;;;;;;;;;;;;;;;;;;;;;;;;;;;;;;;;;;;;;;;;;;;;;;;;;;;;;;;;;;;;;;
DO;41XL265GA;;PNL;4100;A_4100;MOS ENABLED AREA C-4104;Yes;ЛОЖЬ;ЛОЖЬ;;89;;;;;;;0;;;;320;ЛОЖЬ;0;None;;;;;;1=LAMP ON;;;;;;;Undefined;491;3428;;01.07;9;9;1;Appl;;;;ЛОЖЬ;;;;;;;;;;;;;;;;;;;;;;Output;EPKS_CCB;ESD_001_1;725;;;;;;;;;;;;;;;;;;;;;;;;;;;;;;;;;;;;;;;;;;;;;;;;;;;;;;;;;;;;;;;;;;;;;;;;;;;;;;;;;;;;;;;;;;;;
T;87_1;;;;;;;ЛОЖЬ;ЛОЖЬ;;87;;;;;;;;100 ms;10;;32;ЛОЖЬ;0;;;;;;;;;;;;;;Undefined;491;3428;Delayed OFF with constant timer value;;;;;;;;;ЛОЖЬ;;;;;;;;;;;;;;;;;;;;;;;;;;;;;;;;;;;;;;;;;;;;;;;;;;;;;;;;;;;;;;;;;;;;;;;;;;;;;;;;;;;;;;;;;;;;;;;;;;;;;;;;;;;;;;;;;;;;;
DO;20HS990J_EN;;FSC;2000;A_2000;ESD MOS EN AREA CH-20-4;No;ЛОЖЬ;ЛОЖЬ;;67;;;;;;;0;;;;693;ЛОЖЬ;0;None;;;;;;1=ENABLED;;;;;;;Undefined;491;3428;;;;;;;;;;ЛОЖЬ;;;;;;;;;;;;;;;;;;;;;;;;;;;;;;;;;;;;;;;;;;;;;;;;;;;;;;;;;;;;;;;;;;;;;;;;;;;;;;;;;;;;;;;;;;;;;;;;;;;;;;;;;;;;;;Output;ESD_001_1;ESD_001_3;7;;;;
DI;20XL216B_ON;;FSC;2000;A_2000;P-2014/S EMERG. SD;No;ЛОЖЬ;ЛОЖЬ;;258;;;;;;;0;;;;1761;ЛОЖЬ;0;None;;;;;;1=LAMP ON;;;;;;;Undefined;491;3428;;;;;;Low;;;;ЛОЖЬ;;;;ЛОЖЬ;;;;;;;;;;;;;;;;;;;;;;;;;;;;;;;;;;;;;;;;;;;;;;;;;;;;;;;;;;;;;;;;;;Input;ESD_001_1;ESD_001_2;17;;;;;;;;;;;;;;;;;;;;;;;;;;;;;;;;;;;;;;;;;;;;
DO;41XL068B;;PNL;4100;A_4100;C-4103 EMERG. SD;Yes;ЛОЖЬ;ЛОЖЬ;;282;;;;;;;0;;;;331;ЛОЖЬ;0;None;;;;;;1=LAMP ON;;;;;;;Undefined;491;3428;;01.07;9;4;1;Appl;;;;ЛОЖЬ;;;;;;;;;;;;;;;;;;;;;;Output;EPKS_CCB;ESD_001_1;726;;;;;;;;;;;;;;;;;;;;;;;;;;;;;;;;;;;;;;;;;;;;;;;;;;;;;;;;;;;;;;;;;;;;;;;;;;;;;;;;;;;;;;;;;;;;
T;69_1;;;;;;;ЛОЖЬ;ЛОЖЬ;;69;;;;;;;;100 ms;10;;100;ЛОЖЬ;0;;;;;;;;;;;;;;Undefined;491;3428;Delayed OFF with constant timer value;;;;;;;;;ЛОЖЬ;;;;;;;;;;;;;;;;;;;;;;;;;;;;;;;;;;;;;;;;;;;;;;;;;;;;;;;;;;;;;;;;;;;;;;;;;;;;;;;;;;;;;;;;;;;;;;;;;;;;;;;;;;;;;;;;;;;;;
DI;43HS902B;;PNL;4300;A_43015;MOS RELEASE AREA 430-15;Yes;ЛОЖЬ;ЛОЖЬ;;49;;;;;;;;;;;61;ЛОЖЬ;0;None;;;;;;0=RELEASE;;;;;;;Undefined;491;3428;;01.03;7;6;1;Hold;;;;ЛОЖЬ;;;;ЛОЖЬ;;;;;;;;;;;;;;;;;;Output;EPKS_CCB;ESD_001_1;727;;;;;;;;;;;;;;;;;;;;;;;;;;;;;;;;;;;;;;;;;;;;;;;;;;;;;;;;;;;;;;;;;;;;;;;;;;;;;;;;;;;;;;;;;;;;
DO;20HS99RQ_EN;;FSC;2000;A_2000;ESD MOS EN AREA H-2006;No;ЛОЖЬ;ЛОЖЬ;;81;;;;;;;0;;;;728;ЛОЖЬ;0;None;;;;;;1=ENABLED;;;;;;;Undefined;491;3428;;;;;;;;;;ЛОЖЬ;;;;;;;;;;;;;;;;;;;;;;;;;;;;;;;;;;Output;ESD_001_1;ESD_001_6;9;;;;;;;;;;;;;;;;;;;;;;;;;;;;;;;;;;;;;;;;;;;;;;;;;;;;;;;;;;;;;;;;;;;;;;;;;;;;;;;;
M;31_43_2;;;;;20HS846A;;ЛОЖЬ;ЛОЖЬ;;43;;;;;;;0;;;;561;ЛОЖЬ;0;;;;;;;1=TEST;;;;;;;Undefined;491;3428;;;;;;;;;;ЛОЖЬ;;;;;;;;;;;;;;;;;;;;;;;;;;;;;;;;;;;;;;;;;;;;;;;;;;;;;;;;;;;;;;;;;;;;;;;;;;;;;;;;;;;;;;;;;;;;;;;;;;;;;;;;;;;;;;;;;;;;;
DI;1-Flasher-0.5Hz;;SYS;;;0.5 Hz flasher;No;ЛОЖЬ;;;24;;;;;;;;;;;27;ЛОЖЬ;0;None;;;;;;;;;;;;;Undefined;491;3428;;;;;;;;;;ЛОЖЬ;;;;ЛОЖЬ;;;;;;;;;;;;;;;;;;;;;;;;;;;;;;;;;;;;;;;;;;;;;;;;;;;;;;;;;;;;;;;;;;;;;;;;;;;;;;;;;;;;;;;;;;;;;;;;;;;;;;;;;;;;;;;;;
DO;20HS990M_EN;;FSC;2000;A_2000;ESD MOS EN AREA H-2003;No;ЛОЖЬ;ЛОЖЬ;;73;;;;;;;0;;;;708;ЛОЖЬ;0;None;;;;;;1=ENABLED;;;;;;;Undefined;491;3428;;;;;;;;;;ЛОЖЬ;;;;;;;;;;;;;;;;;;;;;;;;;;;;;;;;;;Output;ESD_001_1;ESD_001_6;7;;;;;;;;;;;;;;;;;;;;;;;;;;;;;;;;;;;;;;;;;;;;;;;;;;;;;;;;;;;;;;;;;;;;;;;;;;;;;;;;
DI;41XL736_ON;;FSC;4100;A_4101;OOS FSLL126;No;ЛОЖЬ;ЛОЖЬ;;281;;;;;;;0;;;;1861;ЛОЖЬ;0;None;;;;;;1=INDICATING;;;;;;;Undefined;;;;;;;;Low;;;;ЛОЖЬ;ИСТИНА;;;ЛОЖЬ;;;;;;;;;;;;;;;;;;;;;;;;;;;;;;;;;;;;;;;;;;;;;;;;;;;;;;;;;;;;;;;;;;;;;;;;;;;;;;;;;;Input;ESD_001_1;ESD_411_1;21;;;;;;;;;;;;;;;;;;;;;;;;;;;;
DI;20XL098_ON;;FSC;2000;A_2000;ED FROM V-2008;No;ЛОЖЬ;ЛОЖЬ;;252;;;;;;;0;;;;2144;ЛОЖЬ;0;None;;;;;;1=LAMP ON;;;;;;;Undefined;491;3428;;;;;;Low;;;;ЛОЖЬ;;;;ЛОЖЬ;;;;;;;;;;;;;;;;;;;;;;;;;;Input;ESD_001_1;ESD_001_7;16;;;;;;;;;;;;;;;;;;;;;;;;;;;;;;;;;;;;;;;;;;;;;;;;;;;;;;;;;;;;;;;;;;;;;;;;;;;;;;;;;;;;
DO;51HS902_EN;;FSC;5100;A_C5140;ESD MOS EN AREA 5140;No;ЛОЖЬ;ЛОЖЬ;;105;;;;;;;0;;;;745;ЛОЖЬ;0;None;;;;;;1=ENABLED;;;;;;;Undefined;491;3428;;;;;;;;;;ЛОЖЬ;;;;;;;;;;Output;ESD_001_1;ESD_511_1;1;;;;;;;;;;;;;;;;;;;;;;;;;;;;;;;;;;;;;;;;;;;;;;;;;;;;;;;;;;;;;;;;;;;;;;;;;;;;;;;;;;;;;;;;;;;;;;;;;;;;;;;;
M;31_45_2;;;;;20HS846A;;ЛОЖЬ;ЛОЖЬ;;45;;;;;;;0;;;;796;ЛОЖЬ;0;;;;;;;1=TEST;;;;;;;Undefined;491;3428;;;;;;;;;;ЛОЖЬ;;;;;;;;;;;;;;;;;;;;;;;;;;;;;;;;;;;;;;;;;;;;;;;;;;;;;;;;;;;;;;;;;;;;;;;;;;;;;;;;;;;;;;;;;;;;;;;;;;;;;;;;;;;;;;;;;;;;;
DO;30HS705_EN;;FSC;3000;A_3000;ESD MOS EN AREA C-3001S;No;ЛОЖЬ;ЛОЖЬ;;41;;;;;;;0;;;;553;ЛОЖЬ;0;None;;;;;;1=ENABLED;;;;;;;Undefined;491;3428;;;;;;;;;;ЛОЖЬ;;;;;;;;;;;;;;;;;;;;;;;;;;;;;;;;;;;;;;;;;;;;;;;;;;;;;;;;;;;;;;;;;;;;;;;;;;;;;;;;;;;;;;;;;;;;;;Output;ESD_001_1;ESD_301_1;5;;;;;;;;;;;;;;;;;;;;
DO;43XL900A;;PNL;4300;A_43011;MOS ENABLED AREA 430-11;Yes;ЛОЖЬ;ЛОЖЬ;;45;;;;;;;0;;;;88;ЛОЖЬ;0;None;;;;;;1=LAMP ON;;;;;;;Undefined;491;3428;;01.05;11;1;1;Appl;;;;ЛОЖЬ;;;;;;;;;;;;;;;;;;;;;;Output;EPKS_CCB;ESD_001_1;728;;;;;;;;;;;;;;;;;;;;;;;;;;;;;;;;;;;;;;;;;;;;;;;;;;;;;;;;;;;;;;;;;;;;;;;;;;;;;;;;;;;;;;;;;;;;
DO;51HS902_REL;;FSC;5100;A_C5140;ESD MOS REL AREA 5140;No;ЛОЖЬ;ЛОЖЬ;;105;;;;;;;0;;;;623;ЛОЖЬ;0;None;;;;;;1=RELEASED;;;;;;;Undefined;491;3428;;;;;;;;;;ЛОЖЬ;;;;;;;;;;Output;ESD_001_1;ESD_511_1;2;;;;;;;;;;;;;;;;;;;;;;;;;;;;;;;;;;;;;;;;;;;;;;;;;;;;;;;;;;;;;;;;;;;;;;;;;;;;;;;;;;;;;;;;;;;;;;;;;;;;;;;;
DI;20XL092_ON;;FSC;2000;A_2000;ED FROM V-2007;No;ЛОЖЬ;ЛОЖЬ;;222;;;;;;;0;;;;1942;ЛОЖЬ;0;None;;;;;;1=LAMP ON;;;;;;;Undefined;491;3428;;;;;;Low;;;;ЛОЖЬ;;;;ЛОЖЬ;;;;;;;;;;;;;;;;;;;;;;Input;ESD_001_1;ESD_001_5;6;;;;;;;;;;;;;;;;;;;;;;;;;;;;;;;;;;;;;;;;;;;;;;;;;;;;;;;;;;;;;;;;;;;;;;;;;;;;;;;;;;;;;;;;
DO;20XL421A;;PNL;2000;A_2000;ACTIVATION EM BLOCK 6;Yes;ЛОЖЬ;ЛОЖЬ;;228;;;;;;;0;;;;160;ЛОЖЬ;0;None;;;;;;1=LAMP ON;;;;;;;Undefined;491;3428;;01.06;5;9;1;Appl;;;;ЛОЖЬ;;;;;;;;;;;;;;;;;;;;;;Output;EPKS_CCB;ESD_001_1;729;;;;;;;;;;;;;;;;;;;;;;;;;;;;;;;;;;;;;;;;;;;;;;;;;;;;;;;;;;;;;;;;;;;;;;;;;;;;;;;;;;;;;;;;;;;;
M;51_260_4;;;;;20HS846B_2;;ЛОЖЬ;ЛОЖЬ;;260;;;;;;;0;;;;49;ЛОЖЬ;0;;;;;;;1=TEST;;;;;;;Undefined;;;;;;;;;;;;ЛОЖЬ;ИСТИНА;;;;;;;;;;;;;;;;;;;;;;;;;;;;;;;;;;;;;;;;;;;;;;;;;;;;;;;;;;;;;;;;;;;;;;;;;;;;;;;;;;;;;;;;;;;;;;;;;;;;;;;;;;;;;;;;;;;;
DI;1-Flasher-2Hz;;SYS;;;2 Hz flasher;No;ЛОЖЬ;;;24;;;;;;;;;;;29;ЛОЖЬ;0;None;;;;;;;;;;;;;Undefined;491;3428;;;;;;;;;;ЛОЖЬ;;;;ЛОЖЬ;;;;;;;;;;;;;;;;;;;;;;;;;;;;;;;;;;;;;;;;;;;;;;;;;;;;;;;;;;;;;;;;;;;;;;;;;;;;;;;;;;;;;;;;;;;;;;;;;;;;;;;;;;;;;;;;;
DO;22XL428A;;PNL;2200;A_2000;C-2004A EMERG. SD;Yes;ЛОЖЬ;ЛОЖЬ;;264;;;;;;;0;;;;120;ЛОЖЬ;0;None;;;;;;1=LAMP ON;;;;;;;Undefined;491;3428;;01.05;15;1;1;Appl;;;;ЛОЖЬ;;;;;;;;;;;;;;;;;;;;;;Output;EPKS_CCB;ESD_001_1;730;;;;;;;;;;;;;;;;;;;;;;;;;;;;;;;;;;;;;;;;;;;;;;;;;;;;;;;;;;;;;;;;;;;;;;;;;;;;;;;;;;;;;;;;;;;;
DI;20HS990G2;;PNL;2000;A_2000;MOS RELEASE AREA CH-20-2;Yes;ЛОЖЬ;ЛОЖЬ;;63;;;;;;;;;;;83;ЛОЖЬ;0;None;;;;;;0=RELEASE;;;;;;;Undefined;491;3428;;01.03;11;12;1;Hold;;;;ЛОЖЬ;;;;ЛОЖЬ;;;;;;;;;;;;;;;;;;Output;EPKS_CCB;ESD_001_1;731;;;;;;;;;;;;;;;;;;;;;;;;;;;;;;;;;;;;;;;;;;;;;;;;;;;;;;;;;;;;;;;;;;;;;;;;;;;;;;;;;;;;;;;;;;;;
DI;41XL730_ON;;FSC;4100;A_4100;OOS FFSLL116;No;ЛОЖЬ;ЛОЖЬ;;283;;;;;;;0;;;;1863;ЛОЖЬ;0;None;;;;;;1=INDICATING;;;;;;;Undefined;;;;;;;;Low;;;;ЛОЖЬ;ИСТИНА;;;ЛОЖЬ;;;;;;;;;;;;;;;;;;;;;;;;;;;;;;;;;;;;;;;;;;;;;;;;;;;;;;;;;;;;;;;;;;;;;;;;;;;;;;;;;;Input;ESD_001_1;ESD_411_1;23;;;;;;;;;;;;;;;;;;;;;;;;;;;;
DO;41XL001;;PNL;;;BUTTON 41HS001B PRESSED;Yes;ЛОЖЬ;ЛОЖЬ;;284;;;;;;;0;;;;458;ЛОЖЬ;0;None;;;;;;1=ON;1=ON;;;;;;Undefined;;;;01.07;17;3;1;Appl;;;;ЛОЖЬ;ИСТИНА;;;;;;;;;;;;;;;;;;;;;;;;;;;;;;;;;;;;;;;;;;;;;;;;;;;;;;;;;;;;;;;;;;;;;;;;;;;;;;;;;;;;;;;;;;;;;;;;;;;;;;;;;;;;;;;;;;;;
M;23_232_7;;;;;22_01-ESD001_8;;ЛОЖЬ;ЛОЖЬ;;232;;;;;;;0;;;;65;ЛОЖЬ;0;;;;;;;Blink on Failure;;;;;;;Undefined;;;;;;;;;;;;ЛОЖЬ;ИСТИНА;;;;;;;;;;;;;;;;;;;;;;;;;;;;;;;;;;;;;;;;;;;;;;;;;;;;;;;;;;;;;;;;;;;;;;;;;;;;;;;;;;;;;;;;;;;;;;;;;;;;;;;;;;;;;;;;;;;;
DI;41XSC002_SNESD;;FSC;;;41XV002 CLOSE;No;ЛОЖЬ;ЛОЖЬ;;284;;;;;;;0;;;;1875;ЛОЖЬ;0;None;;;;;;1=CLOSE;1=CLOSE;;;;;;Undefined;;;;;;;;Low;;;;ЛОЖЬ;ИСТИНА;;;ЛОЖЬ;View only;;;;;;;;;;;;;;;;;;;;;;;;;;;;;;;;;;;;;;;;;;;;;;;;;;;;;;;;;;;;;;;;;;;;;;;;;;;;;;;;;Input;ESD_001_1;ESD_411_1;35;;;;;;;;;;;;;;;;;;;;;;;;;;;;
DI;43XL902B_ON_13;;FSC;4300;A_43015;ESD MOS ACT AREA 430-15;No;ЛОЖЬ;ЛОЖЬ;;49;;;;;;;0;;;;1649;ЛОЖЬ;0;None;;;;;;1=LAMP ON;;;;;;;Undefined;491;3428;;;;;;Low;;;;ЛОЖЬ;;;;ЛОЖЬ;;;;;;;;;;;;;;;;;;;;;;;;;;;;;;;;;;;;;;;;;;Input;ESD_001_1;ESD_431_1;1;;;;;;;;;;;;;;;;;;;;;;;;;;;;;;;;;;;;;;;;;;;;;;;;;;;;;;;;;;;;;;;;;;;;
M;61_73_1;;;;;20HS846B_1;;ЛОЖЬ;ЛОЖЬ;;73;;;;;;;0;;;;702;ЛОЖЬ;0;;;;;;;1=TEST;;;;;;;Undefined;491;3428;;;;;;;;;;ЛОЖЬ;;;;;;;;;;;;;;;;;;;;;;;;;;;;;;;;;;;;;;;;;;;;;;;;;;;;;;;;;;;;;;;;;;;;;;;;;;;;;;;;;;;;;;;;;;;;;;;;;;;;;;;;;;;;;;;;;;;;;
DO;22XL528A;;PNL;2200;A_2000;C-2004S EMERG. SD;Yes;ЛОЖЬ;ЛОЖЬ;;264;;;;;;;0;;;;122;ЛОЖЬ;0;None;;;;;;1=LAMP ON;;;;;;;Undefined;491;3428;;01.05;15;3;1;Appl;;;;ЛОЖЬ;;;;;;;;;;;;;;;;;;;;;;Output;EPKS_CCB;ESD_001_1;733;;;;;;;;;;;;;;;;;;;;;;;;;;;;;;;;;;;;;;;;;;;;;;;;;;;;;;;;;;;;;;;;;;;;;;;;;;;;;;;;;;;;;;;;;;;;
DO;20XL407A;;PNL;2000;A_2000;ACTIVATION EM BLOCK 2;Yes;ЛОЖЬ;ЛОЖЬ;;228;;;;;;;0;;;;156;ЛОЖЬ;0;None;;;;;;1=LAMP ON;;;;;;;Undefined;491;3428;;01.06;3;5;1;Appl;;;;ЛОЖЬ;;;;;;;;;;;;;;;;;;;;;;Output;EPKS_CCB;ESD_001_1;734;;;;;;;;;;;;;;;;;;;;;;;;;;;;;;;;;;;;;;;;;;;;;;;;;;;;;;;;;;;;;;;;;;;;;;;;;;;;;;;;;;;;;;;;;;;;
DO;20XL990LA;;PNL;2000;A_2000;MOS ENABLED AREA H-2002;Yes;ЛОЖЬ;ЛОЖЬ;;71;;;;;;;0;;;;206;ЛОЖЬ;0;None;;;;;;1=LAMP ON;;;;;;;Undefined;491;3428;;01.06;9;7;1;Appl;;;;ЛОЖЬ;;;;;;;;;;;;;;;;;;;;;;Output;EPKS_CCB;ESD_001_1;735;;;;;;;;;;;;;;;;;;;;;;;;;;;;;;;;;;;;;;;;;;;;;;;;;;;;;;;;;;;;;;;;;;;;;;;;;;;;;;;;;;;;;;;;;;;;
M;51_258_3;;;;;20HS846B_2;;ЛОЖЬ;ЛОЖЬ;;258;;;;;;;0;;;;48;ЛОЖЬ;0;;;;;;;1=TEST;;;;;;;Undefined;;;;;;;;;;;;ЛОЖЬ;ИСТИНА;;;;;;;;;;;;;;;;;;;;;;;;;;;;;;;;;;;;;;;;;;;;;;;;;;;;;;;;;;;;;;;;;;;;;;;;;;;;;;;;;;;;;;;;;;;;;;;;;;;;;;;;;;;;;;;;;;;;
DI;20XZLO433B_SN;;FSC;;;VALVE 20XV433B OPEN;No;ЛОЖЬ;ЛОЖЬ;;232;;;;;;;0;;;;843;ЛОЖЬ;0;None;;;;;;1=OPEN;1=OPEN;;;;;;Undefined;;;;;;;;Low;;;;ЛОЖЬ;ИСТИНА;;;ЛОЖЬ;View only;;;;;;;;;;;;;Input;ESD_001_1;ESD_001_8;27;;;;;;;;;;;;;;;;;;;;;;;;;;;;;;;;;;;;;;;;;;;;;;;;;;;;;;;;;;;;;;;;;;;;;;;;;;;;;;;;;;;;;;;;;;;;;;;;
DI;20HS990M2;;PNL;2000;A_2000;MOS RELEASE AREA H-2003;Yes;ЛОЖЬ;ЛОЖЬ;;73;;;;;;;;;;;66;ЛОЖЬ;0;None;;;;;;0=RELEASE;;;;;;;Undefined;491;3428;;01.03;9;11;1;Hold;;;;ЛОЖЬ;;;;ЛОЖЬ;;;;;;;;;;;;;;;;;;Output;EPKS_CCB;ESD_001_1;736;;;;;;;;;;;;;;;;;;;;;;;;;;;;;;;;;;;;;;;;;;;;;;;;;;;;;;;;;;;;;;;;;;;;;;;;;;;;;;;;;;;;;;;;;;;;
DO;41HS265E_REL;;FSC;4100;A_4100;ESD MOS REL AREA H4101B;No;ЛОЖЬ;ЛОЖЬ;;95;;;;;;;0;;;;598;ЛОЖЬ;0;None;;;;;;1=RELEASED;;;;;;;Undefined;491;3428;;;;;;;;;;ЛОЖЬ;;;;;;;;;;;;;;;;;;;;;;;;;;;;;;;;;;;;;;;;;;;;;;;;;;;;;;;;;;;;;;;;;;;;;;;;;;;;;;;;;;;;;;Output;ESD_001_1;ESD_411_1;10;;;;;;;;;;;;;;;;;;;;;;;;;;;;
T;93_1;;;;;;;ЛОЖЬ;ЛОЖЬ;;93;;;;;;;;100 ms;10;;44;ЛОЖЬ;0;;;;;;;;;;;;;;Undefined;491;3428;Delayed OFF with constant timer value;;;;;;;;;ЛОЖЬ;;;;;;;;;;;;;;;;;;;;;;;;;;;;;;;;;;;;;;;;;;;;;;;;;;;;;;;;;;;;;;;;;;;;;;;;;;;;;;;;;;;;;;;;;;;;;;;;;;;;;;;;;;;;;;;;;;;;;
DI;20HS990F1;;PNL;2000;A_2000;MOS ENABLE AREA CH-20-1;Yes;ЛОЖЬ;ЛОЖЬ;;61;;;;;;;;;;;73;ЛОЖЬ;0;None;;;;;;1=ENABLE;;;;;;;Undefined;491;3428;;01.03;9;2;1;Hold;;;;ЛОЖЬ;;;;ЛОЖЬ;;;;;;;;;;;;;;;;;;Output;EPKS_CCB;ESD_001_1;737;;;;;;;;;;;;;;;;;;;;;;;;;;;;;;;;;;;;;;;;;;;;;;;;;;;;;;;;;;;;;;;;;;;;;;;;;;;;;;;;;;;;;;;;;;;;
DI;1-ForceEnable;;SYS;;;Force Enable;Yes;ЛОЖЬ;;;17;;;;;;;;;;;1;ЛОЖЬ;0;None;;;;;;;;;;;;;Undefined;491;3428;;;;;;;;;;ЛОЖЬ;;;;ЛОЖЬ;;;;;;;;;;;;;;;;;;;;;;;;;;;;;;;;;;;;;;;;;;;;;;;;;;;;;;;;;;;;;;;;;;;;;;;;;;;;;;;;;;;;;;;;;;;;;;;;;;;;;;;;;;;;;;;;;
DI;20XL204B_ON;;FSC;2000;A_2000;P-2012/S EMERG. SD;No;ЛОЖЬ;ЛОЖЬ;;226;;;;;;;0;;;;1945;ЛОЖЬ;0;None;;;;;;1=LAMP ON;;;;;;;Undefined;491;3428;;;;;;Low;;;;ЛОЖЬ;;;;ЛОЖЬ;;;;;;;;;;;;;;;;;;;;;;Input;ESD_001_1;ESD_001_5;9;;;;;;;;;;;;;;;;;;;;;;;;;;;;;;;;;;;;;;;;;;;;;;;;;;;;;;;;;;;;;;;;;;;;;;;;;;;;;;;;;;;;;;;;
DI;20XL214_ON;;FSC;2000;A_2000;ED FROM T-2005;No;ЛОЖЬ;ЛОЖЬ;;256;;;;;;;0;;;;2155;ЛОЖЬ;0;None;;;;;;1=LAMP ON;;;;;;;Undefined;491;3428;;;;;;Low;;;;ЛОЖЬ;;;;ЛОЖЬ;;;;;;;;;;;;;;;;;;;;;;;;;;Input;ESD_001_1;ESD_001_7;27;;;;;;;;;;;;;;;;;;;;;;;;;;;;;;;;;;;;;;;;;;;;;;;;;;;;;;;;;;;;;;;;;;;;;;;;;;;;;;;;;;;;
DO;10HS601_REL;;FSC;1000;A_1000;ESD MOS REL AREA H-1001B;No;ЛОЖЬ;ЛОЖЬ;;33;;;;;;;0;;;;529;ЛОЖЬ;0;None;;;;;;1=RELEASED;;;;;;;Undefined;491;3428;;;;;;;;;;ЛОЖЬ;;;;;;Output;ESD_001_1;ESD_101_2;2;;;;;;;;;;;;;;;;;;;;;;;;;;;;;;;;;;;;;;;;;;;;;;;;;;;;;;;;;;;;;;;;;;;;;;;;;;;;;;;;;;;;;;;;;;;;;;;;;;;;;;;;;;;;
DO;20HS990L_EN;;FSC;2000;A_2000;ESD MOS EN AREA H-2002;No;ЛОЖЬ;ЛОЖЬ;;71;;;;;;;0;;;;703;ЛОЖЬ;0;None;;;;;;1=ENABLED;;;;;;;Undefined;491;3428;;;;;;;;;;ЛОЖЬ;;;;;;;;;;;;;;;;;;;;;;;;;;Output;ESD_001_1;ESD_001_5;5;;;;;;;;;;;;;;;;;;;;;;;;;;;;;;;;;;;;;;;;;;;;;;;;;;;;;;;;;;;;;;;;;;;;;;;;;;;;;;;;;;;;;;;;
M;61_79_1;;;;;20HS846B_1;;ЛОЖЬ;ЛОЖЬ;;79;;;;;;;0;;;;707;ЛОЖЬ;0;;;;;;;1=TEST;;;;;;;Undefined;491;3428;;;;;;;;;;ЛОЖЬ;;;;;;;;;;;;;;;;;;;;;;;;;;;;;;;;;;;;;;;;;;;;;;;;;;;;;;;;;;;;;;;;;;;;;;;;;;;;;;;;;;;;;;;;;;;;;;;;;;;;;;;;;;;;;;;;;;;;;
DI;20HS990K1;;PNL;2000;A_2000;MOS ENABLE AREA H-2001;Yes;ЛОЖЬ;ЛОЖЬ;;69;;;;;;;;;;;77;ЛОЖЬ;0;None;;;;;;1=ENABLE;;;;;;;Undefined;491;3428;;01.03;9;6;1;Hold;;;;ЛОЖЬ;;;;ЛОЖЬ;;;;;;;;;;;;;;;;;;Output;EPKS_CCB;ESD_001_1;738;;;;;;;;;;;;;;;;;;;;;;;;;;;;;;;;;;;;;;;;;;;;;;;;;;;;;;;;;;;;;;;;;;;;;;;;;;;;;;;;;;;;;;;;;;;;
DO;20XL183B;;PNL;2000;A_P20_2;P-2008/S EMERG. SD;Yes;ЛОЖЬ;ЛОЖЬ;;254;;;;;;;0;;;;280;ЛОЖЬ;0;None;;;;;;1=LAMP ON;;;;;;;Undefined;491;3428;;01.07;3;1;1;Appl;;;;ЛОЖЬ;;;;;;;;;;;;;;;;;;;;;;Output;EPKS_CCB;ESD_001_1;739;;;;;;;;;;;;;;;;;;;;;;;;;;;;;;;;;;;;;;;;;;;;;;;;;;;;;;;;;;;;;;;;;;;;;;;;;;;;;;;;;;;;;;;;;;;;
DI;10XL032_ON;;FSC;1000;A_1000;STEAM EMERG.TO H-1001A;No;ЛОЖЬ;ЛОЖЬ;;200;;;;;;;0;;;;2901;ЛОЖЬ;0;None;;;;;;1=LAMP ON;;;;;;;Undefined;491;3428;;;;;;Low;;;;ЛОЖЬ;;;;ЛОЖЬ;;;;;;;;;;;;;;;;;;;;;;;;;;;;;;;;;;Input;ESD_001_1;ESD_101_1;5;;;;;;;;;;;;;;;;;;;;;;;;;;;;;;;;;;;;;;;;;;;;;;;;;;;;;;;;;;;;;;;;;;;;;;;;;;;;
DI;20XL136_ON;;FSC;2000;A_2000;ED FROM V-2013;No;ЛОЖЬ;ЛОЖЬ;;224;;;;;;;0;;;;2526;ЛОЖЬ;0;None;;;;;;1=LAMP ON;;;;;;;Undefined;491;3428;;;;;;Low;;;;ЛОЖЬ;;;;ЛОЖЬ;;;;;;;;;;;;;;;;;;;;;;;;;;;;;;Input;ESD_001_1;ESD_001_6;14;;;;;;;;;;;;;;;;;;;;;;;;;;;;;;;;;;;;;;;;;;;;;;;;;;;;;;;;;;;;;;;;;;;;;;;;;;;;;;;;
T;105_1;;;;;;;ЛОЖЬ;ЛОЖЬ;;105;;;;;;;;100 ms;10;;136;ЛОЖЬ;0;;;;;;;;;;;;;;Undefined;491;3428;Delayed OFF with constant timer value;;;;;;;;;ЛОЖЬ;;;;;;;;;;;;;;;;;;;;;;;;;;;;;;;;;;;;;;;;;;;;;;;;;;;;;;;;;;;;;;;;;;;;;;;;;;;;;;;;;;;;;;;;;;;;;;;;;;;;;;;;;;;;;;;;;;;;;
DO;30XL704KA;;PNL;3000;A_3000;MOS ENABLED AREA C-3001A;Yes;ЛОЖЬ;ЛОЖЬ;;39;;;;;;;0;;;;60;ЛОЖЬ;0;None;;;;;;1=LAMP ON;;;;;;;Undefined;491;3428;;01.05;7;5;1;Appl;;;;ЛОЖЬ;;;;;;;;;;;;;;;;;;;;;;Output;EPKS_CCB;ESD_001_1;740;;;;;;;;;;;;;;;;;;;;;;;;;;;;;;;;;;;;;;;;;;;;;;;;;;;;;;;;;;;;;;;;;;;;;;;;;;;;;;;;;;;;;;;;;;;;
DI;20_01_SNESD_FLT;;FSC;;;;No;ЛОЖЬ;ЛОЖЬ;;23;;;;;;;0;;;;2619;ЛОЖЬ;0;None;;;;;;0=Fault;;;;;;;Undefined;491;3428;;;;;;Low;;;;ЛОЖЬ;;;;ЛОЖЬ;;;;;;;;;;;;;;;;;;;;;;;;;;;;;;;;;;;;;;;;;;;;;;;;;;;;;;;;;;;;;;;;;;;;;;;;;;;;;;;;;;;;;;;;;;;;;;Input;ESD_001_1;ESD_932_1;11;;;;;;;;;;;;;;;;
DI;43HS900A;;PNL;4300;A_43011;MOS ENABLE AREA 430-11;Yes;ЛОЖЬ;ЛОЖЬ;;45;;;;;;;;;;;56;ЛОЖЬ;0;None;;;;;;1=ENABLE;;;;;;;Undefined;491;3428;;01.03;7;1;1;Hold;;;;ЛОЖЬ;;;;ЛОЖЬ;;;;;;;;;;;;;;;;;;Output;EPKS_CCB;ESD_001_1;741;;;;;;;;;;;;;;;;;;;;;;;;;;;;;;;;;;;;;;;;;;;;;;;;;;;;;;;;;;;;;;;;;;;;;;;;;;;;;;;;;;;;;;;;;;;;
DO;20XL990QB;;PNL;2000;A_2000;MOS ACT/REL AREA H-2005B;Yes;ЛОЖЬ;ЛОЖЬ;;79;;;;;;;0;;;;195;ЛОЖЬ;0;None;;;;;;1=LAMP ON;;;;;;;Undefined;491;3428;;01.06;9;12;1;Appl;;;;ЛОЖЬ;;;;;;;;;;;;;;;;;;;;;;Output;EPKS_CCB;ESD_001_1;743;;;;;;;;;;;;;;;;;;;;;;;;;;;;;;;;;;;;;;;;;;;;;;;;;;;;;;;;;;;;;;;;;;;;;;;;;;;;;;;;;;;;;;;;;;;;
DI;41XL750_ON;;FSC;4100;H-4101AB;OO FOR 41XV013;No;ЛОЖЬ;ЛОЖЬ;;283;;;;;;;0;;;;1867;ЛОЖЬ;0;None;;;;;;1=LAMP ON;;;;;;;Undefined;;;;;;;;Low;;;;ЛОЖЬ;ИСТИНА;;;ЛОЖЬ;;;;;;;;;;;;;;;;;;;;;;;;;;;;;;;;;;;;;;;;;;;;;;;;;;;;;;;;;;;;;;;;;;;;;;;;;;;;;;;;;;Input;ESD_001_1;ESD_411_1;27;;;;;;;;;;;;;;;;;;;;;;;;;;;;
DI;58HS201A1;;PNL;5800;A_5800;MOS ENABLE AREA 5800;Yes;ЛОЖЬ;ЛОЖЬ;;83;;;;;;;;;;;110;ЛОЖЬ;0;None;;;;;;1=ENABLE;;;;;;;Undefined;491;3428;;01.03;13;7;1;Hold;;;;ЛОЖЬ;;;;ЛОЖЬ;;;;;;;;;;;;;;;;;;Output;EPKS_CCB;ESD_001_1;744;;;;;;;;;;;;;;;;;;;;;;;;;;;;;;;;;;;;;;;;;;;;;;;;;;;;;;;;;;;;;;;;;;;;;;;;;;;;;;;;;;;;;;;;;;;;
DI;42HS113B2;;PNL;4200;A_4200;MOS RELEASE AREA C-4202;Yes;ЛОЖЬ;ЛОЖЬ;;101;;;;;;;;;;;141;ЛОЖЬ;0;None;;;;;;0=RELEASE;;;;;;;Undefined;491;3428;;01.04;1;6;1;Hold;;;;ЛОЖЬ;;;;ЛОЖЬ;;;;;;;;;;;;;;;;;;Output;EPKS_CCB;ESD_001_1;745;;;;;;;;;;;;;;;;;;;;;;;;;;;;;;;;;;;;;;;;;;;;;;;;;;;;;;;;;;;;;;;;;;;;;;;;;;;;;;;;;;;;;;;;;;;;
T;39_1;;;;;;;ЛОЖЬ;ЛОЖЬ;;39;;;;;;;;100 ms;10;;16;ЛОЖЬ;0;;;;;;;;;;;;;;Undefined;491;3428;Delayed OFF with constant timer value;;;;;;;;;ЛОЖЬ;;;;;;;;;;;;;;;;;;;;;;;;;;;;;;;;;;;;;;;;;;;;;;;;;;;;;;;;;;;;;;;;;;;;;;;;;;;;;;;;;;;;;;;;;;;;;;;;;;;;;;;;;;;;;;;;;;;;;
DO;10XL181B;;PNL;1000;A_1000;GROUP SD AT FIRE - N. 03;Yes;ЛОЖЬ;ЛОЖЬ;;202;;;;;;;0;;;;1;ЛОЖЬ;0;None;;;;;;1=LAMP ON;;;;;;;Undefined;491;3428;;01.05;1;10;1;Appl;;;;ЛОЖЬ;;;;;;;;;;;;;;;;;;;;;;Output;EPKS_CCB;ESD_001_1;746;;;;;;;;;;;;;;;;;;;;;;;;;;;;;;;;;;;;;;;;;;;;;;;;;;;;;;;;;;;;;;;;;;;;;;;;;;;;;;;;;;;;;;;;;;;;
M;21_240_5;;;;;06-01 - ESD001_6;;ЛОЖЬ;ЛОЖЬ;;240;;;;;;;0;;;;42;ЛОЖЬ;0;;;;;;;Blink on Failure;;;;;;;Undefined;;;;;;;;;;;;ЛОЖЬ;ИСТИНА;;;;;;;;;;;;;;;;;;;;;;;;;;;;;;;;;;;;;;;;;;;;;;;;;;;;;;;;;;;;;;;;;;;;;;;;;;;;;;;;;;;;;;;;;;;;;;;;;;;;;;;;;;;;;;;;;;;;
M;31_35_1;;;;;20HS846A;;ЛОЖЬ;ЛОЖЬ;;35;;;;;;;0;;;;528;ЛОЖЬ;0;;;;;;;1=TEST;;;;;;;Undefined;491;3428;;;;;;;;;;ЛОЖЬ;;;;;;;;;;;;;;;;;;;;;;;;;;;;;;;;;;;;;;;;;;;;;;;;;;;;;;;;;;;;;;;;;;;;;;;;;;;;;;;;;;;;;;;;;;;;;;;;;;;;;;;;;;;;;;;;;;;;;
DO;30HS704_REL;;FSC;3000;A_3000;ESD MOS REL AREA C-3001A;No;ЛОЖЬ;ЛОЖЬ;;39;;;;;;;0;;;;546;ЛОЖЬ;0;None;;;;;;1=RELEASED;;;;;;;Undefined;491;3428;;;;;;;;;;ЛОЖЬ;;;;;;;;;;;;;;;;;;;;;;;;;;;;;;;;;;;;;;;;;;;;;;;;;;;;;;;;;;;;;;;;;;;;;;;;;;;;;;;;;;;;;;;;;;;;;;Output;ESD_001_1;ESD_301_1;3;;;;;;;;;;;;;;;;;;;;
DI;30XL126_ON;;FSC;3000;A_3000;SD AT FIRE P-3026 - T.06;No;ЛОЖЬ;ЛОЖЬ;;210;;;;;;;0;;;;2344;ЛОЖЬ;0;None;;;;;;1=LAMP ON;;;;;;;Undefined;491;3428;;;;;;Low;;;;ЛОЖЬ;;;;ЛОЖЬ;;;;;;;;;;;;;;;;;;;;;;;;;;;;;;;;;;;;;;;;;;;;;;;;;;;;;;;;;;;;;;;;;;;;;;;;;;;;;;;;;;;;;;;;;;Input;ESD_001_1;ESD_301_1;24;;;;;;;;;;;;;;;;;;;;
DI;30HS703B;;PNL;3000;A_3000;MOS RELEASE AREA H-3001;Yes;ЛОЖЬ;ЛОЖЬ;;37;;;;;;;;;;;43;ЛОЖЬ;0;None;;;;;;0=RELEASE;;;;;;;Undefined;491;3428;;01.03;5;4;1;Hold;;;;ЛОЖЬ;;;;ЛОЖЬ;;;;;;;;;;;;;;;;;;Output;EPKS_CCB;ESD_001_1;748;;;;;;;;;;;;;;;;;;;;;;;;;;;;;;;;;;;;;;;;;;;;;;;;;;;;;;;;;;;;;;;;;;;;;;;;;;;;;;;;;;;;;;;;;;;;
DI;20XL280A_ON;;FSC;2000;H-2005B;EMERGENCY SHT.VLV. TO OPEN;No;ЛОЖЬ;ЛОЖЬ;;240;;;;;;;0;;;;2258;ЛОЖЬ;0;None;;;;;;1=LAMP ON;;;;;;;Undefined;;;;;;;;Low;;;;ЛОЖЬ;ИСТИНА;;;ЛОЖЬ;;;;;;;;;;;;;;;;;;;;;;;;;;;;;;;;;;;;;;;;;;;;;;;;;;;;;;;;;;;;;;;;;;;;;;;;;;;;;;;;;;;;;;;;;;;;;;;;;;;;;;;;;;Input;ESD_001_1;ESD_001_3;34;;;;
DI;30HS704A;;PNL;3000;A_3000;MOS ENABLE AREA C-3001A;Yes;ЛОЖЬ;ЛОЖЬ;;39;;;;;;;;;;;44;ЛОЖЬ;0;None;;;;;;1=ENABLE;;;;;;;Undefined;491;3428;;01.03;5;5;1;Hold;;;;ЛОЖЬ;;;;ЛОЖЬ;;;;;;;;;;;;;;;;;;Output;EPKS_CCB;ESD_001_1;749;;;;;;;;;;;;;;;;;;;;;;;;;;;;;;;;;;;;;;;;;;;;;;;;;;;;;;;;;;;;;;;;;;;;;;;;;;;;;;;;;;;;;;;;;;;;
DI;1-TempLL_Alarm;;SYS;;;Temp low-low alarm;Yes;ЛОЖЬ;;;18;;;;;;;1;;;;5;ЛОЖЬ;0;None;;;;;;;;;;;;;Undefined;491;3428;;;;;;;;;;ЛОЖЬ;;;;ЛОЖЬ;;;;;;;;;;;;;;;;;;;;;;;;;;;;;;;;;;;;;;;;;;;;;;;;;;;;;;;;;;;;;;;;;;;;;;;;;;;;;;;;;;;;;;;;;;;;;;;;;;;;;;;;;;;;;;;;;
M;51_75_3;;;;;20HS846B_2;;ЛОЖЬ;ЛОЖЬ;;75;;;;;;;0;;;;712;ЛОЖЬ;0;;;;;;;1=TEST;;;;;;;Undefined;491;3428;;;;;;;;;;ЛОЖЬ;;;;;;;;;;;;;;;;;;;;;;;;;;;;;;;;;;;;;;;;;;;;;;;;;;;;;;;;;;;;;;;;;;;;;;;;;;;;;;;;;;;;;;;;;;;;;;;;;;;;;;;;;;;;;;;;;;;;;
DI;30XL002B_ON;;FSC;3000;A_3000;CLS XV002,093/ P-3001A/S;No;ЛОЖЬ;ЛОЖЬ;;204;;;;;;;0;;;;2328;ЛОЖЬ;0;None;;;;;;1=LAMP ON;;;;;;;Undefined;491;3428;;;;;;Low;;;;ЛОЖЬ;;;;ЛОЖЬ;;;;;;;;;;;;;;;;;;;;;;;;;;;;;;;;;;;;;;;;;;;;;;;;;;;;;;;;;;;;;;;;;;;;;;;;;;;;;;;;;;;;;;;;;;Input;ESD_001_1;ESD_301_1;8;;;;;;;;;;;;;;;;;;;;
DO;20XL212B;;PNL;2000;A_P20_2;P-2013/S EMERG. SD;Yes;ЛОЖЬ;ЛОЖЬ;;256;;;;;;;0;;;;284;ЛОЖЬ;0;None;;;;;;1=LAMP ON;;;;;;;Undefined;491;3428;;01.07;3;5;1;Appl;;;;ЛОЖЬ;;;;;;;;;;;;;;;;;;;;;;Output;EPKS_CCB;ESD_001_1;750;;;;;;;;;;;;;;;;;;;;;;;;;;;;;;;;;;;;;;;;;;;;;;;;;;;;;;;;;;;;;;;;;;;;;;;;;;;;;;;;;;;;;;;;;;;;
DI;20HS990L1;;PNL;2000;A_2000;MOS ENABLE AREA H-2002;Yes;ЛОЖЬ;ЛОЖЬ;;71;;;;;;;;;;;79;ЛОЖЬ;0;None;;;;;;1=ENABLE;;;;;;;Undefined;491;3428;;01.03;9;8;1;Hold;;;;ЛОЖЬ;;;;ЛОЖЬ;;;;;;;;;;;;;;;;;;Output;EPKS_CCB;ESD_001_1;751;;;;;;;;;;;;;;;;;;;;;;;;;;;;;;;;;;;;;;;;;;;;;;;;;;;;;;;;;;;;;;;;;;;;;;;;;;;;;;;;;;;;;;;;;;;;
M;61_226_3;;;;;20HS846B_1;;ЛОЖЬ;ЛОЖЬ;;226;;;;;;;0;;;;1012;ЛОЖЬ;0;;;;;;;1=TEST;;;;;;;Undefined;491;3428;;;;;;;;;;ЛОЖЬ;;;;;;;;;;;;;;;;;;;;;;;;;;;;;;;;;;;;;;;;;;;;;;;;;;;;;;;;;;;;;;;;;;;;;;;;;;;;;;;;;;;;;;;;;;;;;;;;;;;;;;;;;;;;;;;;;;;;;
DO;20XL990KB;;PNL;2000;A_2000;MOS ACT/REL AREA H-2001;Yes;ЛОЖЬ;ЛОЖЬ;;69;;;;;;;0;;;;205;ЛОЖЬ;0;None;;;;;;1=LAMP ON;;;;;;;Undefined;491;3428;;01.06;9;6;1;Appl;;;;ЛОЖЬ;;;;;;;;;;;;;;;;;;;;;;Output;EPKS_CCB;ESD_001_1;752;;;;;;;;;;;;;;;;;;;;;;;;;;;;;;;;;;;;;;;;;;;;;;;;;;;;;;;;;;;;;;;;;;;;;;;;;;;;;;;;;;;;;;;;;;;;
DO;20XL109B;;PNL;2000;A_P20_1;P-2002/S EMERG. SD;Yes;ЛОЖЬ;ЛОЖЬ;;222;;;;;;;0;;;;185;ЛОЖЬ;0;None;;;;;;1=LAMP ON;;;;;;;Undefined;491;3428;;01.06;7;2;1;Appl;;;;ЛОЖЬ;;;;;;;;;;;;;;;;;;;;;;Output;EPKS_CCB;ESD_001_1;753;;;;;;;;;;;;;;;;;;;;;;;;;;;;;;;;;;;;;;;;;;;;;;;;;;;;;;;;;;;;;;;;;;;;;;;;;;;;;;;;;;;;;;;;;;;;
BI;1-Day;;SYS;;;Day;No;ЛОЖЬ;;;15;;Byte;;;;;;;;;3;;0;;;;;;;;;0;0;;;;-XXXXX.X;491;3428;;;;;;;;;;ЛОЖЬ;;;;;;;;;;;;;;;;;;;;;;;;;;;;;;;;;;;;;;;;;;;;;;;;;;;;;;;;;;;;;;;;;;;;;;;;;;;;;;;;;;;;;;;;;;;;;;;;;;;;;;;;;;;;;;;;;;;;;
DI;30XL048B_ON;;FSC;3000;A_3000;C-3001S EMERG. SD;No;ЛОЖЬ;ЛОЖЬ;;206;;;;;;;0;;;;2334;ЛОЖЬ;0;None;;;;;;1=LAMP ON;;;;;;;Undefined;491;3428;;;;;;Low;;;;ЛОЖЬ;;;;ЛОЖЬ;;;;;;;;;;;;;;;;;;;;;;;;;;;;;;;;;;;;;;;;;;;;;;;;;;;;;;;;;;;;;;;;;;;;;;;;;;;;;;;;;;;;;;;;;;Input;ESD_001_1;ESD_301_1;14;;;;;;;;;;;;;;;;;;;;
M;22_204_2;;;;;10-01 - ESD301_1;;ЛОЖЬ;ЛОЖЬ;;204;;;;;;;0;;;;661;ЛОЖЬ;0;;;;;;;Blink on Failure;;;;;;;Undefined;491;3428;;;;;;;;;;ЛОЖЬ;;;;;;;;;;;;;;;;;;;;;;;;;;;;;;;;;;;;;;;;;;;;;;;;;;;;;;;;;;;;;;;;;;;;;;;;;;;;;;;;;;;;;;;;;;;;;;;;;;;;;;;;;;;;;;;;;;;;;
DI;20XL990FB_ON_03;;FSC;A_2000;CH-20-1;ESD MOS ACT AREA CH-20-1;No;ЛОЖЬ;ЛОЖЬ;;61;;;;;;;0;;;;2236;ЛОЖЬ;0;None;;;;;;1=LAMP ON;;;;;;;Undefined;491;3428;;;;;;Low;;;;ЛОЖЬ;;;;ЛОЖЬ;;;;;;;;;;;;;;;;;;;;;;;;;;;;;;;;;;;;;;;;;;;;;;;;;;;;;;;;;;;;;;;;;;;;;;;;;;;;;;;;;;;;;;;;;;;;;;;;;;;;;;;;;;Input;ESD_001_1;ESD_001_3;12;;;;
DO;1-FaultReset;;SYS;;;Fault Reset;No;ЛОЖЬ;;;17;;;;;;;;;;;31;ЛОЖЬ;0;None;;;;;;;;;;;;;Undefined;491;3428;;;;;;;;;;ЛОЖЬ;;;;;;;;;;;;;;;;;;;;;;;;;;;;;;;;;;;;;;;;;;;;;;;;;;;;;;;;;;;;;;;;;;;;;;;;;;;;;;;;;;;;;;;;;;;;;;;;;;;;;;;;;;;;;;;;;;;;;
DI;20XZLC433B_SN;;FSC;;;VALVE 20XV433B CLOSE;No;ЛОЖЬ;ЛОЖЬ;;232;;;;;;;0;;;;844;ЛОЖЬ;0;None;;;;;;1=CLOSE;1=CLOSE;;;;;;Undefined;;;;;;;;Low;;;;ЛОЖЬ;ИСТИНА;;;ЛОЖЬ;View only;;;;;;;;;;;;;Input;ESD_001_1;ESD_001_8;28;;;;;;;;;;;;;;;;;;;;;;;;;;;;;;;;;;;;;;;;;;;;;;;;;;;;;;;;;;;;;;;;;;;;;;;;;;;;;;;;;;;;;;;;;;;;;;;;
DO;10XL601KA;;PNL;1000;A_1000;MOS ENABLED AREA H-1001B;Yes;ЛОЖЬ;ЛОЖЬ;;33;;;;;;;0;;;;26;ЛОЖЬ;0;None;;;;;;1=LAMP ON;;;;;;;Undefined;491;3428;;01.05;3;3;1;Appl;;;;ЛОЖЬ;;;;;;;;;;;;;;;;;;;;;;Output;EPKS_CCB;ESD_001_1;754;;;;;;;;;;;;;;;;;;;;;;;;;;;;;;;;;;;;;;;;;;;;;;;;;;;;;;;;;;;;;;;;;;;;;;;;;;;;;;;;;;;;;;;;;;;;
DI;20XL990KB_ON_04;;FSC;2000;A_2000;ESD MOS ACT AREA H-2001;No;ЛОЖЬ;ЛОЖЬ;;69;;;;;;;0;;;;1367;ЛОЖЬ;0;None;;;;;;1=LAMP ON;;;;;;;Undefined;491;3428;;;;;;Low;;;;ЛОЖЬ;;;;ЛОЖЬ;;;;;;;;;;;;;;;;;;;;;;;;;;;;;;;;;;;;;;;;;;;;;;Input;ESD_001_1;ESD_001_4;7;;;;;;;;;;;;;;;;;;;;;;;;;;;;;;;;;;;;;;;;;;;;;;;;;;;;;;;;;;;;;;;;
DI;58XL201AB_ON_07;;FSC;4100;;ESD MOS ACT AREA 5800;No;ЛОЖЬ;ЛОЖЬ;;83;;;;;;;0;;;;2139;ЛОЖЬ;0;None;;;;;;1=LAMP ON;;;;;;;Undefined;491;3428;;;;;;Low;;;;ЛОЖЬ;;;;ЛОЖЬ;;;;;;;;;;;;;;;;;;;;;;;;;;Input;ESD_001_1;ESD_001_7;11;;;;;;;;;;;;;;;;;;;;;;;;;;;;;;;;;;;;;;;;;;;;;;;;;;;;;;;;;;;;;;;;;;;;;;;;;;;;;;;;;;;;
DI;30XL703KB_ON_10;;FSC;3000;A_3000;ESD MOS ACT AREA H-3001;No;ЛОЖЬ;ЛОЖЬ;;37;;;;;;;0;;;;2321;ЛОЖЬ;0;None;;;;;;1=LAMP ON;;;;;;;Undefined;491;3428;;;;;;Low;;;;ЛОЖЬ;;;;ЛОЖЬ;;;;;;;;;;;;;;;;;;;;;;;;;;;;;;;;;;;;;;;;;;;;;;;;;;;;;;;;;;;;;;;;;;;;;;;;;;;;;;;;;;;;;;;;;;Input;ESD_001_1;ESD_301_1;1;;;;;;;;;;;;;;;;;;;;
DI;20XL185_ON;;FSC;2000;A_2000;ED FROM T-2002;No;ЛОЖЬ;ЛОЖЬ;;254;;;;;;;0;;;;2151;ЛОЖЬ;0;None;;;;;;1=LAMP ON;;;;;;;Undefined;491;3428;;;;;;Low;;;;ЛОЖЬ;;;;ЛОЖЬ;;;;;;;;;;;;;;;;;;;;;;;;;;Input;ESD_001_1;ESD_001_7;23;;;;;;;;;;;;;;;;;;;;;;;;;;;;;;;;;;;;;;;;;;;;;;;;;;;;;;;;;;;;;;;;;;;;;;;;;;;;;;;;;;;;
M;23_0_3;;;;;20-01 - ESD932_1;;ЛОЖЬ;ЛОЖЬ;;23;;;;;;;0;;;;774;ЛОЖЬ;0;;;;;;;Blink on Failure;;;;;;;Undefined;491;3428;;;;;;;;;;ЛОЖЬ;;;;;;;;;;;;;;;;;;;;;;;;;;;;;;;;;;;;;;;;;;;;;;;;;;;;;;;;;;;;;;;;;;;;;;;;;;;;;;;;;;;;;;;;;;;;;;;;;;;;;;;;;;;;;;;;;;;;;
DO;01_20_SNESD_FLT;;FSC;930-20;S_B93_2;ESD_001_1-ESD_932_1;No;ЛОЖЬ;ЛОЖЬ;;20;;;;;;;0;;;;767;ЛОЖЬ;0;None;;;;;;0=FAULT;;;;;;;Undefined;491;3428;;;;;;;;;;ЛОЖЬ;;;;;;;;;;;;;;;;;;;;;;;;;;;;;;;;;;;;;;;;;;;;;;;;;;;;;;;;;;;;;;;;;;;;;;;;;;;;;;;;;;;;;;;;;;;;;;;;;;Output;ESD_001_1;ESD_932_1;0;;;;;;;;;;;;;;;;
DI;1-CP2_Running;;SYS;;;CP 2 running;Yes;ЛОЖЬ;;;16;;;;;;;;;;;33;ЛОЖЬ;0;None;;;;;;;;;;;;;Undefined;491;3428;;;;;;;;;;ЛОЖЬ;;;;ЛОЖЬ;;;;;;;;;;;;;;;;;;;;;;;;;;;;;;;;;;;;;;;;;;;;;;;;;;;;;;;;;;;;;;;;;;;;;;;;;;;;;;;;;;;;;;;;;;;;;;;;;;;;;;;;;;;;;;;;;
DO;20XL125;;PNL;2000;A_2000;20XV 125 CLOSE;Yes;ЛОЖЬ;ЛОЖЬ;;224;;;;;;;0;;;;187;ЛОЖЬ;0;None;;;;;;1=LAMP ON;;;;;;;Undefined;491;3428;;01.06;7;4;1;Appl;;;;ЛОЖЬ;;;;;;;;;;;;;;;;;;;;;;Output;EPKS_CCB;ESD_001_1;755;;;;;;;;;;;;;;;;;;;;;;;;;;;;;;;;;;;;;;;;;;;;;;;;;;;;;;;;;;;;;;;;;;;;;;;;;;;;;;;;;;;;;;;;;;;;
DO;51HS904_REL;;FSC;5100;A_5100;ESD MOS REL AREA 5100;No;ЛОЖЬ;ЛОЖЬ;;109;;;;;;;0;;;;752;ЛОЖЬ;0;None;;;;;;1=RELEASED;;;;;;;Undefined;491;3428;;;;;;;;;;ЛОЖЬ;;;;;;;;;;Output;ESD_001_1;ESD_511_1;6;;;;;;;;;;;;;;;;;;;;;;;;;;;;;;;;;;;;;;;;;;;;;;;;;;;;;;;;;;;;;;;;;;;;;;;;;;;;;;;;;;;;;;;;;;;;;;;;;;;;;;;;
DO;20HS990D_EN;;FSC;2000;A_2000;ESD MOS EN AREA 2000-4;No;ЛОЖЬ;ЛОЖЬ;;57;;;;;;;0;;;;670;ЛОЖЬ;0;None;;;;;;1=ENABLED;;;;;;;Undefined;491;3428;;;;;;;;;;ЛОЖЬ;;;;;;;;;;;;;;;;;;;;;;;;;;Output;ESD_001_1;ESD_001_5;3;Output;ESD_001_1;ESD_001_7;7;;;;;;;;;;;;;;;;;;;;;;;;;;;;;;;;;;;;;Output;ESD_001_1;ESD_001_2;5;;;;;;;;;;;;;;;;;;;;;;;;;;;;;;;;;;;;;;;;;;;;
DI;30XL119_ON;;FSC;3000;A_3000;GROUP SD AT FIRE - N. 03;No;ЛОЖЬ;ЛОЖЬ;;208;;;;;;;0;;;;2337;ЛОЖЬ;0;None;;;;;;1=LAMP ON;;;;;;;Undefined;491;3428;;;;;;Low;;;;ЛОЖЬ;;;;ЛОЖЬ;;;;;;;;;;;;;;;;;;;;;;;;;;;;;;;;;;;;;;;;;;;;;;;;;;;;;;;;;;;;;;;;;;;;;;;;;;;;;;;;;;;;;;;;;;Input;ESD_001_1;ESD_301_1;17;;;;;;;;;;;;;;;;;;;;
DI;1-RepairTimerStart_CP2;;SYS;;;Repair time started CP2;Yes;ЛОЖЬ;;;17;;;;;;;;;;;32;ЛОЖЬ;0;None;;;;;;;;;;;;;Undefined;491;3428;;;;;;;;;;ЛОЖЬ;;;;ЛОЖЬ;;;;;;;;;;;;;;;;;;;;;;;;;;;;;;;;;;;;;;;;;;;;;;;;;;;;;;;;;;;;;;;;;;;;;;;;;;;;;;;;;;;;;;;;;;;;;;;;;;;;;;;;;;;;;;;;;
DI;20XZLO434B_SN;;FSC;;;VALVE 20XV434B OPEN;No;ЛОЖЬ;ЛОЖЬ;;242;;;;;;;0;;;;853;ЛОЖЬ;0;None;;;;;;1=OPEN;1=OPEN;;;;;;Undefined;;;;;;;;Low;;;;ЛОЖЬ;ИСТИНА;;;ЛОЖЬ;View only;;;;;;;;;;;;;Input;ESD_001_1;ESD_001_8;37;;;;;;;;;;;;;;;;;;;;;;;;;;;;;;;;;;;;;;;;;;;;;;;;;;;;;;;;;;;;;;;;;;;;;;;;;;;;;;;;;;;;;;;;;;;;;;;;
DI;1-RepairTimerStart_CP1;;SYS;;;Repair time started CP1;Yes;ЛОЖЬ;;;17;;;;;;;;;;;26;ЛОЖЬ;0;None;;;;;;;;;;;;;Undefined;491;3428;;;;;;;;;;ЛОЖЬ;;;;ЛОЖЬ;;;;;;;;;;;;;;;;;;;;;;;;;;;;;;;;;;;;;;;;;;;;;;;;;;;;;;;;;;;;;;;;;;;;;;;;;;;;;;;;;;;;;;;;;;;;;;;;;;;;;;;;;;;;;;;;;
BI;1-Minute;;SYS;;;Minute;No;ЛОЖЬ;;;15;;Byte;;;;;;;;;6;;0;;;;;;;;;0;0;;;;-XXXXX.X;491;3428;;;;;;;;;;ЛОЖЬ;;;;;;;;;;;;;;;;;;;;;;;;;;;;;;;;;;;;;;;;;;;;;;;;;;;;;;;;;;;;;;;;;;;;;;;;;;;;;;;;;;;;;;;;;;;;;;;;;;;;;;;;;;;;;;;;;;;;;
DO;20XA031A;;PNL;2000;A_2000;H-2001 EMERG. SD;Yes;ЛОЖЬ;ЛОЖЬ;;220;;;;;;;0;;;;153;ЛОЖЬ;0;None;;;;;;1=LAMP ON;;;;;;;Undefined;491;3428;;01.06;3;2;1;Appl;;;;ЛОЖЬ;;;;;;;;;;;;;;;;;;;;;;Output;EPKS_CCB;ESD_001_1;756;;;;;;;;;;;;;;;;;;;;;;;;;;;;;;;;;;;;;;;;;;;;;;;;;;;;;;;;;;;;;;;;;;;;;;;;;;;;;;;;;;;;;;;;;;;;
DI;58HS201D2;;PNL;5800;A_5800;MOS RELEASE AREA AH-58-1;Yes;ЛОЖЬ;ЛОЖЬ;;85;;;;;;;;;;;97;ЛОЖЬ;0;None;;;;;;0=RELEASE;;;;;;;Undefined;491;3428;;01.03;13;10;1;Hold;;;;ЛОЖЬ;;;;ЛОЖЬ;;;;;;;;;;;;;;;;;;Output;EPKS_CCB;ESD_001_1;757;;;;;;;;;;;;;;;;;;;;;;;;;;;;;;;;;;;;;;;;;;;;;;;;;;;;;;;;;;;;;;;;;;;;;;;;;;;;;;;;;;;;;;;;;;;;
M;21_228_9;;;;;04-01 - ESD001_4;;ЛОЖЬ;ЛОЖЬ;;228;;;;;;;0;;;;695;ЛОЖЬ;0;;;;;;;Blink on Failure;;;;;;;Undefined;491;3428;;;;;;;;;;ЛОЖЬ;;;;;;;;;;;;;;;;;;;;;;;;;;;;;;;;;;;;;;;;;;;;;;;;;;;;;;;;;;;;;;;;;;;;;;;;;;;;;;;;;;;;;;;;;;;;;;;;;;;;;;;;;;;;;;;;;;;;;
DI;20XL990GB_ON_02;;FSC;2000;A_2000;ESD MOS ACT AREA CH-20-2;No;ЛОЖЬ;ЛОЖЬ;;63;;;;;;;0;;;;1755;ЛОЖЬ;0;None;;;;;;1=LAMP ON;;;;;;;Undefined;491;3428;;;;;;Low;;;;ЛОЖЬ;;;;ЛОЖЬ;;;;;;;;;;;;;;;;;;;;;;;;;;;;;;;;;;;;;;;;;;;;;;;;;;;;;;;;;;;;;;;;;;Input;ESD_001_1;ESD_001_2;11;;;;;;;;;;;;;;;;;;;;;;;;;;;;;;;;;;;;;;;;;;;;
DI;1-Flasher-5Hz;;SYS;;;5 Hz flasher;No;ЛОЖЬ;;;0;;;;;;;;;;;30;ЛОЖЬ;0;None;;;;;;;;;;;;;Undefined;491;3428;;;;;;;;;;ЛОЖЬ;;;;ЛОЖЬ;;;;;;;;;;;;;;;;;;;;;;;;;;;;;;;;;;;;;;;;;;;;;;;;;;;;;;;;;;;;;;;;;;;;;;;;;;;;;;;;;;;;;;;;;;;;;;;;;;;;;;;;;;;;;;;;;
DO;10XL178B;;PNL;1000;A_1000;GROUP SD AT FIRE - N. 01;Yes;ЛОЖЬ;ЛОЖЬ;;202;;;;;;;0;;;;14;ЛОЖЬ;0;None;;;;;;1=LAMP ON;;;;;;;Undefined;491;3428;;01.05;1;7;1;Appl;;;;ЛОЖЬ;;;;;;;;;;;;;;;;;;;;;;Output;EPKS_CCB;ESD_001_1;758;;;;;;;;;;;;;;;;;;;;;;;;;;;;;;;;;;;;;;;;;;;;;;;;;;;;;;;;;;;;;;;;;;;;;;;;;;;;;;;;;;;;;;;;;;;;
DI;20HS990J2;;PNL;2000;A_2000;MOS RELEASE AREA CH-20-4;Yes;ЛОЖЬ;ЛОЖЬ;;67;;;;;;;;;;;76;ЛОЖЬ;0;None;;;;;;0=RELEASE;;;;;;;Undefined;491;3428;;01.03;9;5;1;Hold;;;;ЛОЖЬ;;;;ЛОЖЬ;;;;;;;;;;;;;;;;;;Output;EPKS_CCB;ESD_001_1;759;;;;;;;;;;;;;;;;;;;;;;;;;;;;;;;;;;;;;;;;;;;;;;;;;;;;;;;;;;;;;;;;;;;;;;;;;;;;;;;;;;;;;;;;;;;;
DI;20XL990JB_ON_03;;FSC;A_2000;CH-20-4;ESD MOS ACT AREA CH-20-4;No;ЛОЖЬ;ЛОЖЬ;;67;;;;;;;0;;;;2237;ЛОЖЬ;0;None;;;;;;1=LAMP ON;;;;;;;Undefined;491;3428;;;;;;Low;;;;ЛОЖЬ;;;;ЛОЖЬ;;;;;;;;;;;;;;;;;;;;;;;;;;;;;;;;;;;;;;;;;;;;;;;;;;;;;;;;;;;;;;;;;;;;;;;;;;;;;;;;;;;;;;;;;;;;;;;;;;;;;;;;;;Input;ESD_001_1;ESD_001_3;13;;;;
M;23_242_7;;;;;22_01-ESD001_8;;ЛОЖЬ;ЛОЖЬ;;242;;;;;;;0;;;;76;ЛОЖЬ;0;;;;;;;Blink on Failure;;;;;;;Undefined;;;;;;;;;;;;ЛОЖЬ;ИСТИНА;;;;;;;;;;;;;;;;;;;;;;;;;;;;;;;;;;;;;;;;;;;;;;;;;;;;;;;;;;;;;;;;;;;;;;;;;;;;;;;;;;;;;;;;;;;;;;;;;;;;;;;;;;;;;;;;;;;;
M;51_55_1;;;;;20HS846B_2;;ЛОЖЬ;ЛОЖЬ;;55;;;;;;;0;;;;650;ЛОЖЬ;0;;;;;;;1=TEST;;;;;;;Undefined;491;3428;;;;;;;;;;ЛОЖЬ;;;;;;;;;;;;;;;;;;;;;;;;;;;;;;;;;;;;;;;;;;;;;;;;;;;;;;;;;;;;;;;;;;;;;;;;;;;;;;;;;;;;;;;;;;;;;;;;;;;;;;;;;;;;;;;;;;;;;
DO;41XL729;;PNL;4100;A_4100;OOSFOR 41TSLL764;Yes;ЛОЖЬ;ЛОЖЬ;;280;;;;;;;0;;;;335;ЛОЖЬ;0;None;;;;;;1=LAMP ON;;;;;;;Undefined;491;3428;;01.07;9;8;1;Appl;;;;ЛОЖЬ;;;;;;;;;;;;;;;;;;;;;;Output;EPKS_CCB;ESD_001_1;760;;;;;;;;;;;;;;;;;;;;;;;;;;;;;;;;;;;;;;;;;;;;;;;;;;;;;;;;;;;;;;;;;;;;;;;;;;;;;;;;;;;;;;;;;;;;
DI;20XL248B_ON;;FSC;2000;A_2000;P-2019/S EMERG. SD;No;ЛОЖЬ;ЛОЖЬ;;260;;;;;;;0;;;;2159;ЛОЖЬ;0;None;;;;;;1=LAMP ON;;;;;;;Undefined;491;3428;;;;;;Low;;;;ЛОЖЬ;;;;ЛОЖЬ;;;;;;;;;;;;;;;;;;;;;;;;;;Input;ESD_001_1;ESD_001_7;31;;;;;;;;;;;;;;;;;;;;;;;;;;;;;;;;;;;;;;;;;;;;;;;;;;;;;;;;;;;;;;;;;;;;;;;;;;;;;;;;;;;;
M;87_284_2;;;;;20HS846C;;ЛОЖЬ;ЛОЖЬ;;284;;;;;;;0;;;;1114;ЛОЖЬ;0;;;;;;;1=TEST;;;;;;;Undefined;491;3428;;;;;;;;;;ЛОЖЬ;;;;;;;;;;;;;;;;;;;;;;;;;;;;;;;;;;;;;;;;;;;;;;;;;;;;;;;;;;;;;;;;;;;;;;;;;;;;;;;;;;;;;;;;;;;;;;;;;;;;;;;;;;;;;;;;;;;;;
M;21_226_9;;;;;04-01 - ESD001_4;;ЛОЖЬ;ЛОЖЬ;;226;;;;;;;0;;;;684;ЛОЖЬ;0;;;;;;;Blink on Failure;;;;;;;Undefined;491;3428;;;;;;;;;;ЛОЖЬ;;;;;;;;;;;;;;;;;;;;;;;;;;;;;;;;;;;;;;;;;;;;;;;;;;;;;;;;;;;;;;;;;;;;;;;;;;;;;;;;;;;;;;;;;;;;;;;;;;;;;;;;;;;;;;;;;;;;;
DO;43XL901A;;PNL;4300;A_43012;MOS ENABLED AREA 430-12;Yes;ЛОЖЬ;ЛОЖЬ;;47;;;;;;;0;;;;90;ЛОЖЬ;0;None;;;;;;1=LAMP ON;;;;;;;Undefined;491;3428;;01.05;11;3;1;Appl;;;;ЛОЖЬ;;;;;;;;;;;;;;;;;;;;;;Output;EPKS_CCB;ESD_001_1;762;;;;;;;;;;;;;;;;;;;;;;;;;;;;;;;;;;;;;;;;;;;;;;;;;;;;;;;;;;;;;;;;;;;;;;;;;;;;;;;;;;;;;;;;;;;;
DI;1-OutputCompare;;SYS;;;Output compare fault;Yes;ЛОЖЬ;;;17;;;;;;;;;;;36;ЛОЖЬ;0;None;;;;;;;;;;;;;Undefined;491;3428;;;;;;;;;;ЛОЖЬ;;;;ЛОЖЬ;;;;;;;;;;;;;;;;;;;;;;;;;;;;;;;;;;;;;;;;;;;;;;;;;;;;;;;;;;;;;;;;;;;;;;;;;;;;;;;;;;;;;;;;;;;;;;;;;;;;;;;;;;;;;;;;;
DI;51HS902A;;PNL;5100;A_5100;MOS ENABLE AREA 5140;Yes;ЛОЖЬ;ЛОЖЬ;;105;;;;;;;;;;;152;ЛОЖЬ;0;None;;;;;;1=ENABLE;;;;;;;Undefined;491;3428;;01.04;3;1;1;Hold;;;;ЛОЖЬ;;;;ЛОЖЬ;;;;;;;;;;;;;;;;;;Output;EPKS_CCB;ESD_001_1;764;;;;;;;;;;;;;;;;;;;;;;;;;;;;;;;;;;;;;;;;;;;;;;;;;;;;;;;;;;;;;;;;;;;;;;;;;;;;;;;;;;;;;;;;;;;;
M;61_236_4;;;;;20HS846B_1;;ЛОЖЬ;ЛОЖЬ;;236;;;;;;;0;;;;1042;ЛОЖЬ;0;;;;;;;1=TEST;;;;;;;Undefined;491;3428;;;;;;;;;;ЛОЖЬ;;;;;;;;;;;;;;;;;;;;;;;;;;;;;;;;;;;;;;;;;;;;;;;;;;;;;;;;;;;;;;;;;;;;;;;;;;;;;;;;;;;;;;;;;;;;;;;;;;;;;;;;;;;;;;;;;;;;;
DO;20XL990NB;;PNL;2000;A_2000;MOS ACT/REL AREA H-2004;Yes;ЛОЖЬ;ЛОЖЬ;;75;;;;;;;0;;;;251;ЛОЖЬ;0;None;;;;;;1=LAMP ON;;;;;;;Undefined;491;3428;;01.06;15;4;1;Appl;;;;ЛОЖЬ;;;;;;;;;;;;;;;;;;;;;;Output;EPKS_CCB;ESD_001_1;765;;;;;;;;;;;;;;;;;;;;;;;;;;;;;;;;;;;;;;;;;;;;;;;;;;;;;;;;;;;;;;;;;;;;;;;;;;;;;;;;;;;;;;;;;;;;
DI;30XL121_ON;;FSC;3000;A_3000;GROUP SD AT FIRE - N. 03;No;ЛОЖЬ;ЛОЖЬ;;208;;;;;;;0;;;;2339;ЛОЖЬ;0;None;;;;;;1=LAMP ON;;;;;;;Undefined;491;3428;;;;;;Low;;;;ЛОЖЬ;;;;ЛОЖЬ;;;;;;;;;;;;;;;;;;;;;;;;;;;;;;;;;;;;;;;;;;;;;;;;;;;;;;;;;;;;;;;;;;;;;;;;;;;;;;;;;;;;;;;;;;Input;ESD_001_1;ESD_301_1;19;;;;;;;;;;;;;;;;;;;;
M;24_1;;;;;;;ЛОЖЬ;ЛОЖЬ;;24;;;;;;;0;;;;55;ЛОЖЬ;0;;;;;;;;;;;;;;Undefined;;;;;;;;;;;;ЛОЖЬ;ИСТИНА;;;;;;;;;;;;;;;;;;;;;;;;;;;;;;;;;;;;;;;;;;;;;;;;;;;;;;;;;;;;;;;;;;;;;;;;;;;;;;;;;;;;;;;;;;;;;;;;;;;;;;;;;;;;;;;;;;;;
DI;20HS990K2;;PNL;2000;A_2000;MOS RELEASE AREA H-2001;Yes;ЛОЖЬ;ЛОЖЬ;;69;;;;;;;;;;;78;ЛОЖЬ;0;None;;;;;;0=RELEASE;;;;;;;Undefined;491;3428;;01.03;9;7;1;Hold;;;;ЛОЖЬ;;;;ЛОЖЬ;;;;;;;;;;;;;;;;;;Output;EPKS_CCB;ESD_001_1;767;;;;;;;;;;;;;;;;;;;;;;;;;;;;;;;;;;;;;;;;;;;;;;;;;;;;;;;;;;;;;;;;;;;;;;;;;;;;;;;;;;;;;;;;;;;;
DI;20HS990L2;;PNL;2000;A_2000;MOS RELEASE AREA H-2002;Yes;ЛОЖЬ;ЛОЖЬ;;71;;;;;;;;;;;64;ЛОЖЬ;0;None;;;;;;0=RELEASE;;;;;;;Undefined;491;3428;;01.03;9;9;1;Hold;;;;ЛОЖЬ;;;;ЛОЖЬ;;;;;;;;;;;;;;;;;;Output;EPKS_CCB;ESD_001_1;768;;;;;;;;;;;;;;;;;;;;;;;;;;;;;;;;;;;;;;;;;;;;;;;;;;;;;;;;;;;;;;;;;;;;;;;;;;;;;;;;;;;;;;;;;;;;
DI;20XL406A_ON;;FSC;2000;;ACTIVATION EM BLOCK 1;No;ЛОЖЬ;ЛОЖЬ;;228;;;;;;;0;;;;1377;ЛОЖЬ;0;None;;;;;;1=LAMP ON;;;;;;;Undefined;491;3428;;;;;;Low;;;;ЛОЖЬ;;;;ЛОЖЬ;;;;;;;;;;;;;;;;;;;;;;;;;;;;;;;;;;;;;;;;;;;;;;Input;ESD_001_1;ESD_001_4;17;;;;;;;;;;;;;;;;;;;;;;;;;;;;;;;;;;;;;;;;;;;;;;;;;;;;;;;;;;;;;;;;
BI;1-TempCP2;;SYS;;;Temperature CP 2;Yes;ЛОЖЬ;;;17;;Word;;;;;;;;;10;;0;;;;;;;;;0;0;;;;-XXXXX.X;491;3428;;;;;;;;;;ЛОЖЬ;;;;;;;;;;;;;;;;;;;;;;;;;;;;;;;;;;;;;;;;;;;;;;;;;;;;;;;;;;;;;;;;;;;;;;;;;;;;;;;;;;;;;;;;;;;;;;;;;;;;;;;;;;;;;;;;;;;;;
DI;30XL017_ON;;FSC;3000;A_3000;STEAM EMERG.TO H-3001;No;ЛОЖЬ;ЛОЖЬ;;204;;;;;;;0;;;;2329;ЛОЖЬ;0;None;;;;;;1=LAMP ON;;;;;;;Undefined;491;3428;;;;;;Low;;;;ЛОЖЬ;;;;ЛОЖЬ;;;;;;;;;;;;;;;;;;;;;;;;;;;;;;;;;;;;;;;;;;;;;;;;;;;;;;;;;;;;;;;;;;;;;;;;;;;;;;;;;;;;;;;;;;Input;ESD_001_1;ESD_301_1;9;;;;;;;;;;;;;;;;;;;;
DO;43XL902A;;PNL;4300;A_43015;MOS ENABLED AREA 430-15;Yes;ЛОЖЬ;ЛОЖЬ;;49;;;;;;;0;;;;92;ЛОЖЬ;0;None;;;;;;1=LAMP ON;;;;;;;Undefined;491;3428;;01.05;11;5;1;Appl;;;;ЛОЖЬ;;;;;;;;;;;;;;;;;;;;;;Output;EPKS_CCB;ESD_001_1;770;;;;;;;;;;;;;;;;;;;;;;;;;;;;;;;;;;;;;;;;;;;;;;;;;;;;;;;;;;;;;;;;;;;;;;;;;;;;;;;;;;;;;;;;;;;;
DO;CB001_ESD1_RT1;;COM;2000;;REPAIR TIMER STARTED;No;ЛОЖЬ;ЛОЖЬ;;17;;;;;;;0;;;;53;ЛОЖЬ;0;None;;;;;;0=STARTED;;;;;;;Undefined;;;;;;;;;;;;ЛОЖЬ;ИСТИНА;;;;;;;;;;;;;;;;;;;;;Output;EPKS_CCB;ESD_001_1;777;;;;;;;;;;;;;;;;;;;;;;;;;;;;;;;;;;;;;;;;;;;;;;;;;;;;;;;;;;;;;;;;;;;;;;;;;;;;;;;;;;;;;;;;;;;;
DI;30HS705B;;PNL;3000;A_3000;MOS RELEASE AREA C-3001S;Yes;ЛОЖЬ;ЛОЖЬ;;41;;;;;;;;;;;47;ЛОЖЬ;0;None;;;;;;0=RELEASE;;;;;;;Undefined;491;3428;;01.03;5;8;1;Hold;;;;ЛОЖЬ;;;;ЛОЖЬ;;;;;;;;;;;;;;;;;;Output;EPKS_CCB;ESD_001_1;771;;;;;;;;;;;;;;;;;;;;;;;;;;;;;;;;;;;;;;;;;;;;;;;;;;;;;;;;;;;;;;;;;;;;;;;;;;;;;;;;;;;;;;;;;;;;
DI;20XV433B_R;;FSC;;;VALVE READY TO CLOSE;No;ЛОЖЬ;ЛОЖЬ;;234;;;;;;;0;;;;840;ЛОЖЬ;0;None;;;;;;1=READY;1=READY;;;;;;Undefined;;;;;;;;Low;;;;ЛОЖЬ;ИСТИНА;;;ЛОЖЬ;View only;;;;;;;;;;;;;Input;ESD_001_1;ESD_001_8;24;;;;;;;;;;;;;;;;;;;;;;;;;;;;;;;;;;;;;;;;;;;;;;;;;;;;;;;;;;;;;;;;;;;;;;;;;;;;;;;;;;;;;;;;;;;;;;;;
DI;20XL131B_ON;;FSC;2000;A_2000;P-2007/S EMERG. SD;No;ЛОЖЬ;ЛОЖЬ;;252;;;;;;;0;;;;2145;ЛОЖЬ;0;None;;;;;;1=LAMP ON;;;;;;;Undefined;491;3428;;;;;;Low;;;;ЛОЖЬ;;;;ЛОЖЬ;;;;;;;;;;;;;;;;;;;;;;;;;;Input;ESD_001_1;ESD_001_7;17;;;;;;;;;;;;;;;;;;;;;;;;;;;;;;;;;;;;;;;;;;;;;;;;;;;;;;;;;;;;;;;;;;;;;;;;;;;;;;;;;;;;
M;21_258_7;;;;;02-01 - ESD001_2;;ЛОЖЬ;ЛОЖЬ;;258;;;;;;;0;;;;743;ЛОЖЬ;0;;;;;;;Blink on Failure;;;;;;;Undefined;491;3428;;;;;;;;;;ЛОЖЬ;;;;;;;;;;;;;;;;;;;;;;;;;;;;;;;;;;;;;;;;;;;;;;;;;;;;;;;;;;;;;;;;;;;;;;;;;;;;;;;;;;;;;;;;;;;;;;;;;;;;;;;;;;;;;;;;;;;;;
DO;20XL990JA;;PNL;2000;A_2000;MOS ENABLED AREA CH-20-4;Yes;ЛОЖЬ;ЛОЖЬ;;67;;;;;;;0;;;;202;ЛОЖЬ;0;None;;;;;;1=LAMP ON;;;;;;;Undefined;491;3428;;01.06;9;3;1;Appl;;;;ЛОЖЬ;;;;;;;;;;;;;;;;;;;;;;Output;EPKS_CCB;ESD_001_1;772;;;;;;;;;;;;;;;;;;;;;;;;;;;;;;;;;;;;;;;;;;;;;;;;;;;;;;;;;;;;;;;;;;;;;;;;;;;;;;;;;;;;;;;;;;;;
DI;20XL990BB_ON_07;;FSC;2000;A_2000;ESD MOS ACT AREA 2000-2;No;ЛОЖЬ;ЛОЖЬ;;53;;;;;;;0;;;;2131;ЛОЖЬ;0;None;;;;;;1=LAMP ON;;;;;;;Undefined;491;3428;;;;;;Low;;;;ЛОЖЬ;;;;ЛОЖЬ;;;;;;;;;;;;;;;;;;;;;;;;;;Input;ESD_001_1;ESD_001_7;3;;;;;;;;;;;;;;;;;;;;;;;;;;;;;;;;;;;;;;;;;;;;;;;;;;;;;;;;;;;;;;;;;;;;;;;;;;;;;;;;;;;;
DI;20XL433A6_ON;;FSC;;;20XV433A CLOSE;No;ЛОЖЬ;ЛОЖЬ;;230;;;;;;;0;;;;835;ЛОЖЬ;0;None;;;;;;1=LAMP ON;1=LAMP ON;;;;;;Undefined;;;;;;;;Low;;;;ЛОЖЬ;ИСТИНА;;;ЛОЖЬ;View only;;;;;;;;;;;;;Input;ESD_001_1;ESD_001_8;19;;;;;;;;;;;;;;;;;;;;;;;;;;;;;;;;;;;;;;;;;;;;;;;;;;;;;;;;;;;;;;;;;;;;;;;;;;;;;;;;;;;;;;;;;;;;;;;;
M;23_236_5;;;;;21-01 - ESD001_7;;ЛОЖЬ;ЛОЖЬ;;236;;;;;;;0;;;;628;ЛОЖЬ;0;;;;;;;Blink on Failure;;;;;;;Undefined;491;3428;;;;;;;;;;ЛОЖЬ;;;;;;;;;;;;;;;;;;;;;;;;;;;;;;;;;;;;;;;;;;;;;;;;;;;;;;;;;;;;;;;;;;;;;;;;;;;;;;;;;;;;;;;;;;;;;;;;;;;;;;;;;;;;;;;;;;;;;
DI;20XL990HB_ON_02;;FSC;2000;CH-20-3;ESD MOS ACT AREA CH-20-3;No;ЛОЖЬ;ЛОЖЬ;;65;;;;;;;0;;;;1752;ЛОЖЬ;0;None;;;;;;1=LAMP ON;;;;;;;Undefined;491;3428;;;;;;Low;;;;ЛОЖЬ;;;;ЛОЖЬ;;;;;;;;;;;;;;;;;;;;;;;;;;;;;;;;;;;;;;;;;;;;;;;;;;;;;;;;;;;;;;;;;;Input;ESD_001_1;ESD_001_2;8;;;;;;;;;;;;;;;;;;;;;;;;;;;;;;;;;;;;;;;;;;;;
DO;41HS265C_EN;;FSC;4100;A_C4103;ESD MOS EN AREA C-4103;No;ЛОЖЬ;ЛОЖЬ;;87;;;;;;;0;;;;571;ЛОЖЬ;0;None;;;;;;1=ENABLED;;;;;;;Undefined;491;3428;;;;;;;;;;ЛОЖЬ;;;;;;;;;;;;;;;;;;;;;;;;;;;;;;;;;;;;;;;;;;;;;;;;;;;;;;;;;;;;;;;;;;;;;;;;;;;;;;;;;;;;;;Output;ESD_001_1;ESD_411_1;1;;;;;;;;;;;;;;;;;;;;;;;;;;;;
DI;20XL990DB_ON_02;;FSC;2000;;ESD MOS ACT AREA 2000-4;No;ЛОЖЬ;ЛОЖЬ;;57;;;;;;;0;;;;1756;ЛОЖЬ;0;None;;;;;;1=LAMP ON;;;;;;;Undefined;491;3428;;;;;;Low;;;;ЛОЖЬ;;;;ЛОЖЬ;;;;;;;;;;;;;;;;;;;;;;;;;;;;;;;;;;;;;;;;;;;;;;;;;;;;;;;;;;;;;;;;;;Input;ESD_001_1;ESD_001_2;12;;;;;;;;;;;;;;;;;;;;;;;;;;;;;;;;;;;;;;;;;;;;
DI;20XL439_ON;;FSC;2000;A_2000;V-2020 BOTTOMS TO DF;No;ЛОЖЬ;ЛОЖЬ;;234;;;;;;;0;;;;1951;ЛОЖЬ;0;None;;;;;;1=LAMP ON;;;;;;;Undefined;491;3428;;;;;;Low;;;;ЛОЖЬ;;;;ЛОЖЬ;;;;;;;;;;;;;;;;;;;;;;Input;ESD_001_1;ESD_001_5;15;;;;;;;;;;;;;;;;;;;;;;;;;;;;;;;;;;;;;;;;;;;;;;;;;;;;;;;;;;;;;;;;;;;;;;;;;;;;;;;;;;;;;;;;
DO;41XLO004;;PNL;;;41XV004 OPENED;Yes;ЛОЖЬ;ЛОЖЬ;;285;;;;;;;0;;;;450;ЛОЖЬ;0;None;;;;;;1=OPENED;1=OPENED;;;;;;Undefined;;;;01.07;17;11;1;Appl;;;;ЛОЖЬ;ИСТИНА;;;;;;;;;;;;;;;;;;;;;;;;;;;;;;;;;;;;;;;;;;;;;;;;;;;;;;;;;;;;;;;;;;;;;;;;;;;;;;;;;;;;;;;;;;;;;;;;;;;;;;;;;;;;;;;;;;;;
DI;13_01_SNESD_FLT;;FSC;;;;No;ЛОЖЬ;ЛОЖЬ;;22;;;;;;;0;;;;1651;ЛОЖЬ;0;None;;;;;;0=Fault;;;;;;;Undefined;491;3428;;;;;;Low;;;;ЛОЖЬ;;;;ЛОЖЬ;;;;;;;;;;;;;;;;;;;;;;;;;;;;;;;;;;;;;;;;;;Input;ESD_001_1;ESD_431_1;3;;;;;;;;;;;;;;;;;;;;;;;;;;;;;;;;;;;;;;;;;;;;;;;;;;;;;;;;;;;;;;;;;;;;
BI;1-Hour;;SYS;;;Hour;No;ЛОЖЬ;;;15;;Byte;;;;;;;;;5;;0;;;;;;;;;0;0;;;;-XXXXX.X;491;3428;;;;;;;;;;ЛОЖЬ;;;;;;;;;;;;;;;;;;;;;;;;;;;;;;;;;;;;;;;;;;;;;;;;;;;;;;;;;;;;;;;;;;;;;;;;;;;;;;;;;;;;;;;;;;;;;;;;;;;;;;;;;;;;;;;;;;;;;
DO;21XA546;;PNL;2100;A_2000;INTERNAL FIRE ALARM;Yes;ЛОЖЬ;ЛОЖЬ;;238;;;;;;;0;;;;209;ЛОЖЬ;0;None;;;;;;1=LAMP ON;;;;;;;Undefined;491;3428;;01.06;11;10;1;Appl;;;;ЛОЖЬ;;;;;;;;;;;;;;;;;;;;;;Output;EPKS_CCB;ESD_001_1;773;;;;;;;;;;;;;;;;;;;;;;;;;;;;;;;;;;;;;;;;;;;;;;;;;;;;;;;;;;;;;;;;;;;;;;;;;;;;;;;;;;;;;;;;;;;;
DI;20XL279B_ON;;FSC;2000;H-2005A;EMERGENCY SHT.VLV. TO CLOSE;No;ЛОЖЬ;ЛОЖЬ;;266;;;;;;;0;;;;1772;ЛОЖЬ;0;None;;;;;;1=LAMP ON;;;;;;;Undefined;;;;;;;;Low;;;;ЛОЖЬ;ИСТИНА;;;ЛОЖЬ;;;;;;;;;;;;;;;;;;;;;;;;;;;;;;;;;;;;;;;;;;;;;;;;;;;;;;;;;;;;;;;;;;Input;ESD_001_1;ESD_001_2;28;;;;;;;;;;;;;;;;;;;;;;;;;;;;;;;;;;;;;;;;;;;;
DI;04_01_SNESD_FLT;;FSC;;;;No;ЛОЖЬ;ЛОЖЬ;;21;;;;;;;0;;;;1381;ЛОЖЬ;0;None;;;;;;0=Fault;;;;;;;Undefined;491;3428;;;;;;Low;;;;ЛОЖЬ;;;;ЛОЖЬ;;;;;;;;;;;;;;;;;;;;;;;;;;;;;;;;;;;;;;;;;;;;;;Input;ESD_001_1;ESD_001_4;21;;;;;;;;;;;;;;;;;;;;;;;;;;;;;;;;;;;;;;;;;;;;;;;;;;;;;;;;;;;;;;;;
DO;20XL263B;;PNL;2000;A_P20_1;P-2020/S SHUTDOWN;Yes;ЛОЖЬ;ЛОЖЬ;;260;;;;;;;0;;;;298;ЛОЖЬ;0;None;;;;;;1=LAMP ON;;;;;;;Undefined;491;3428;;01.07;5;3;1;Appl;;;;ЛОЖЬ;;;;;;;;;;;;;;;;;;;;;;Output;EPKS_CCB;ESD_001_1;774;;;;;;;;;;;;;;;;;;;;;;;;;;;;;;;;;;;;;;;;;;;;;;;;;;;;;;;;;;;;;;;;;;;;;;;;;;;;;;;;;;;;;;;;;;;;
DI;41HS265D1;;PNL;4100;A_4100;MOS ENABLE AREA H-4101A;Yes;ЛОЖЬ;ЛОЖЬ;;93;;;;;;;;;;;124;ЛОЖЬ;0;None;;;;;;1=ENABLE;;;;;;;Undefined;491;3428;;01.03;15;5;1;Hold;;;;ЛОЖЬ;;;;ЛОЖЬ;;;;;;;;;;;;;;;;;;Output;EPKS_CCB;ESD_001_1;775;;;;;;;;;;;;;;;;;;;;;;;;;;;;;;;;;;;;;;;;;;;;;;;;;;;;;;;;;;;;;;;;;;;;;;;;;;;;;;;;;;;;;;;;;;;;
DI;41XL068B_ON;;FSC;4100;A_4100;C-4103 EMERG. SD;No;ЛОЖЬ;ЛОЖЬ;;282;;;;;;;0;;;;1855;ЛОЖЬ;0;None;;;;;;1=LAMP ON;;;;;;;Undefined;491;3428;;;;;;Low;;;;ЛОЖЬ;;;;ЛОЖЬ;;;;;;;;;;;;;;;;;;;;;;;;;;;;;;;;;;;;;;;;;;;;;;;;;;;;;;;;;;;;;;;;;;;;;;;;;;;;;;;;;;Input;ESD_001_1;ESD_411_1;15;;;;;;;;;;;;;;;;;;;;;;;;;;;;
M;87_91_1;;;;;20HS846C;;ЛОЖЬ;ЛОЖЬ;;91;;;;;;;0;;;;585;ЛОЖЬ;0;;;;;;;1=TEST;;;;;;;Undefined;491;3428;;;;;;;;;;ЛОЖЬ;;;;;;;;;;;;;;;;;;;;;;;;;;;;;;;;;;;;;;;;;;;;;;;;;;;;;;;;;;;;;;;;;;;;;;;;;;;;;;;;;;;;;;;;;;;;;;;;;;;;;;;;;;;;;;;;;;;;;
DO;20XL236B;;PNL;2000;A_P20_2;P-2017/S EMERG. SD;Yes;ЛОЖЬ;ЛОЖЬ;;258;;;;;;;0;;;;287;ЛОЖЬ;0;None;;;;;;1=LAMP ON;;;;;;;Undefined;491;3428;;01.07;3;8;1;Appl;;;;ЛОЖЬ;;;;;;;;;;;;;;;;;;;;;;Output;EPKS_CCB;ESD_001_1;776;;;;;;;;;;;;;;;;;;;;;;;;;;;;;;;;;;;;;;;;;;;;;;;;;;;;;;;;;;;;;;;;;;;;;;;;;;;;;;;;;;;;;;;;;;;;
T;65_1;;;;;;;ЛОЖЬ;ЛОЖЬ;;65;;;;;;;;100 ms;10;;92;ЛОЖЬ;0;;;;;;;;;;;;;;Undefined;491;3428;Delayed OFF with constant timer value;;;;;;;;;ЛОЖЬ;;;;;;;;;;;;;;;;;;;;;;;;;;;;;;;;;;;;;;;;;;;;;;;;;;;;;;;;;;;;;;;;;;;;;;;;;;;;;;;;;;;;;;;;;;;;;;;;;;;;;;;;;;;;;;;;;;;;;
DI;20XL104_ON;;FSC;2000;A_2000;ED FROM V-2002;No;ЛОЖЬ;ЛОЖЬ;;222;;;;;;;0;;;;2522;ЛОЖЬ;0;None;;;;;;1=LAMP ON;;;;;;;Undefined;491;3428;;;;;;Low;;;;ЛОЖЬ;;;;ЛОЖЬ;;;;;;;;;;;;;;;;;;;;;;;;;;;;;;Input;ESD_001_1;ESD_001_6;10;;;;;;;;;;;;;;;;;;;;;;;;;;;;;;;;;;;;;;;;;;;;;;;;;;;;;;;;;;;;;;;;;;;;;;;;;;;;;;;;
M;31_41_1;;;;;20HS846A;;ЛОЖЬ;ЛОЖЬ;;41;;;;;;;0;;;;552;ЛОЖЬ;0;;;;;;;1=TEST;;;;;;;Undefined;491;3428;;;;;;;;;;ЛОЖЬ;;;;;;;;;;;;;;;;;;;;;;;;;;;;;;;;;;;;;;;;;;;;;;;;;;;;;;;;;;;;;;;;;;;;;;;;;;;;;;;;;;;;;;;;;;;;;;;;;;;;;;;;;;;;;;;;;;;;;
M;51_85_4;;;;;20HS846B_2;;ЛОЖЬ;ЛОЖЬ;;85;;;;;;;0;;;;741;ЛОЖЬ;0;;;;;;;1=TEST;;;;;;;Undefined;491;3428;;;;;;;;;;ЛОЖЬ;;;;;;;;;;;;;;;;;;;;;;;;;;;;;;;;;;;;;;;;;;;;;;;;;;;;;;;;;;;;;;;;;;;;;;;;;;;;;;;;;;;;;;;;;;;;;;;;;;;;;;;;;;;;;;;;;;;;;
DI;20XAPAN_TF_SM07_01;;FSC;2000;;PAN_FAULT;Yes;ЛОЖЬ;ЛОЖЬ;;24;;;;;;;0;;;;2171;ЛОЖЬ;0;None;;;;;;1=FAULT;;;;;;;Undefined;;;;;;;;Low;;;;ЛОЖЬ;ИСТИНА;;;ЛОЖЬ;;;;;;;;;;;;;;;;;;;;;;;;;;Input;ESD_001_1;ESD_001_7;43;;;;;;;;;;;;;;;;;;;;;;;;;;;;;;;;;;;;;;;;;;;;;;;;;;;;;;;;;;;;;;;;;;;;;;;;;;;;;;;;;;;;
DI;1-ExtComFaultCC5;;SYS;;;Ext com fault Com ch 5;Yes;ЛОЖЬ;;;16;;;;;;;;;;;10;ЛОЖЬ;0;None;;;;;;;;;;;;;Undefined;491;3428;;;;;;;;;;ЛОЖЬ;;;;ЛОЖЬ;;;;;;;;;;;;;;;;;;;;;;;;;;;;;;;;;;;;;;;;;;;;;;;;;;;;;;;;;;;;;;;;;;;;;;;;;;;;;;;;;;;;;;;;;;;;;;;;;;;;;;;;;;;;;;;;;
DI;52XL926KB_ON_04;;FSC;2200;;ESD MOS ACT AREA 430-16;No;ЛОЖЬ;ЛОЖЬ;;113;;;;;;;0;;;;1379;ЛОЖЬ;0;None;;;;;;1=LAMP ON;;;;;;;Undefined;491;3428;;;;;;Low;;;;ЛОЖЬ;;;;ЛОЖЬ;;;;;;;;;;;;;;;;;;;;;;;;;;;;;;;;;;;;;;;;;;;;;;Input;ESD_001_1;ESD_001_4;19;;;;;;;;;;;;;;;;;;;;;;;;;;;;;;;;;;;;;;;;;;;;;;;;;;;;;;;;;;;;;;;;
DI;20XL433B2_ON;;FSC;;;20XV433B OPEN;No;ЛОЖЬ;ЛОЖЬ;;232;;;;;;;0;;;;838;ЛОЖЬ;0;None;;;;;;1=LAMP ON;1=LAMP ON;;;;;;Undefined;;;;;;;;Low;;;;ЛОЖЬ;ИСТИНА;;;ЛОЖЬ;View only;;;;;;;;;;;;;Input;ESD_001_1;ESD_001_8;22;;;;;;;;;;;;;;;;;;;;;;;;;;;;;;;;;;;;;;;;;;;;;;;;;;;;;;;;;;;;;;;;;;;;;;;;;;;;;;;;;;;;;;;;;;;;;;;;
