PointType;TagNumber;NewTagNumber;Location;Unit;SubUnit;Description;SafetyRelated;ForceEnable;WriteEnable;SIL;FLDNumber;Scaling;DataType;SignalType;BottomScale;TopScale;EngineeringUnits;PowerUpValue;TimerBase;TimerValue;Range;ApplicationAddress;SOEEnable;SOEID;AlarmPriority;AlarmPriorityLow;AlarmPriorityHigh;AlarmPriorityLowLow;AlarmPriorityHighHigh;State0Text;State1Text;NormalState;AlarmLimitLow;AlarmLimitHigh;AlarmLimitLowLow;AlarmLimitHighHigh;BlockName;PVFormat;TransmitterAlarmLow;TransmitterAlarmHigh;TimerType;ChassisID/IOTAName;SlotNumber;ChannelNumber;NumberOfChannels;FaultReaction;FaultReactionValue;FieldInputDevice;LoopMonitoringEnable;HartEnable;TestEnable;SmokeHeatPowerInterruption;TransitTime;LowLatencySOE;AccessLock;ComAllocationType1;Master1;Slave1;PLCAddress1;ComAllocationType2;Master2;Slave2;PLCAddress2;ComAllocationType3;Master3;Slave3;PLCAddress3;ComAllocationType4;Master4;Slave4;PLCAddress4;ComAllocationType5;Master5;Slave5;PLCAddress5
M;344_446_3;;;901-10;;GROUP-SHUTDOWN;;ЛОЖЬ;ЛОЖЬ;;446;;;;;;;0;;;;1719;ЛОЖЬ;0;;;;;;;0=TRIP;;;;;;;Undefined;491;3428;;;;;;;;;;ЛОЖЬ;;;;;;;;;;;;;;;;;;;;;;;;;
M;402_1;;;901-10;;;;ЛОЖЬ;ЛОЖЬ;;402;;;;;;;0;;;;1709;ЛОЖЬ;0;;;;;;;;;;;;;;Undefined;491;3428;;;;;;;;;;ЛОЖЬ;;;;;;;;;;;;;;;;;;;;;;;;;
M;C338_1_F;;;9100;9100;Function block marker;;ЛОЖЬ;ЛОЖЬ;;338;;;;;;;0;;;;1250;ЛОЖЬ;0;;;;;;;;;;;;;;Undefined;;;;;;;;;;;;ЛОЖЬ;ИСТИНА;;;;;;;;;;;;;;;;;;;;;;;;
M;C334_3_G;;;9100;9100;Function block marker;;ЛОЖЬ;ЛОЖЬ;;334;;;;;;;0;;;;1278;ЛОЖЬ;0;;;;;;;;;;;;;;Undefined;;;;;;;;;;;;ЛОЖЬ;ИСТИНА;;;;;;;;;;;;;;;;;;;;;;;;
DO;91FI031B_TF;;COM;901-10;A_90110;TRANSM FAULT;No;ЛОЖЬ;ЛОЖЬ;;354;;;;;;;0;;;;1389;ИСТИНА;33677;None;;;;;;0=ALARM;;;;;;;Undefined;491;3428;;;;;;;;;;ЛОЖЬ;;;;;;;;;;;;;;;;;;;;;;Output;EPKS_UCB;ESD_912_1;431
M;1500_11;;;;C9011001;;;ЛОЖЬ;ЛОЖЬ;;1500;;;;;;;0;;;;45;ЛОЖЬ;0;;;;;;;;;;;;;;Undefined;;;;;;;;;;;;ЛОЖЬ;ИСТИНА;;;;;;;;;;;;;;;;;;;;;;;;
M;C317_1_G;;;;;Function block marker;;ЛОЖЬ;ЛОЖЬ;;317;;;;;;;0;;;;2661;ЛОЖЬ;0;;;;;;;;;;;;;;Undefined;;;;;;;;;;;;ЛОЖЬ;ИСТИНА;;;;;;;;;;;;;;;;;;;;;;;;
R;321_322_4;;;9100;;91LI052;;ЛОЖЬ;ЛОЖЬ;;322;;Float;;;;;0;;;;32;ЛОЖЬ;0;;;;;;;;;;;;;;Undefined;;;;;;;;;;;;ЛОЖЬ;ИСТИНА;;;;;;;;;;;;;;;;;;;;;;;;
M;344_434_2;;;901-10;;GROUP_SHUTDOWN;;ЛОЖЬ;ЛОЖЬ;;434;;;;;;;0;;;;1429;ЛОЖЬ;0;;;;;;;0=TRIP;;;;;;;Undefined;491;3428;;;;;;;;;;ЛОЖЬ;;;;;;;;;;;;;;;;;;;;;;;;;
BO;91FI028B_LL;;COM;901-10;A_90110;LL TRIP SETPOINT (kg/h);No;ИСТИНА;ЛОЖЬ;;346;;Float;;;;;0;;;;676;;33985;;;;;;;;;0;0;;;;-XXXXX.X;491;3428;;;;;;;;;;ЛОЖЬ;;;;;;;;;;;;;;;;;;;;;;Output;EPKS_UCB;ESD_912_1;10114
DO;91PDAH803;;COM;901-10;A_C90111;HI ALARM;No;ЛОЖЬ;ЛОЖЬ;;602;;;;;;;0;;;;1542;ЛОЖЬ;0;None;;;;;;0=ALARM;0=ALARM;;;;;;Undefined;;;;;;;;;;;;ЛОЖЬ;ИСТИНА;;;;;;;;;;;;;;;;;;;;;Output;EPKS_UCB;ESD_912_1;1005
M;618_3;;;901-10;;;;ЛОЖЬ;ЛОЖЬ;;618;;;;;;;0;;;;336;ЛОЖЬ;0;;;;;;;;;;;;;;Undefined;491;3428;;;;;;;;;;ЛОЖЬ;;;;;;;;;;;;;;;;;;;;;;;;;
DO;91FALL030B_CA;;COM;901-10;A_90110;CAUSE ALARM;No;ЛОЖЬ;ЛОЖЬ;;352;;;;;;;0;;;;1350;ЛОЖЬ;0;None;;;;;;0=ALARM;;;;;;;Undefined;491;3428;;;;;;;;;;ЛОЖЬ;;;;;;;;;;;;;;;;;;;;;;Output;EPKS_UCB;ESD_912_1;423
DO;91FI030B_TF;;COM;901-10;A_90110;TRANSM FAULT;No;ЛОЖЬ;ЛОЖЬ;;352;;;;;;;0;;;;1403;ИСТИНА;33679;None;;;;;;0=ALARM;;;;;;;Undefined;491;3428;;;;;;;;;;ЛОЖЬ;;;;;;;;;;;;;;;;;;;;;;Output;EPKS_UCB;ESD_912_1;429
M;340_410_2;;;9100;;91LAHH077_I;;ЛОЖЬ;ЛОЖЬ;;410;;;;;;;0;;;;1724;ЛОЖЬ;0;;;;;;;0=TRIP INITIATOR;;;;;;;Undefined;491;3428;;;;;;;;;;ЛОЖЬ;;;;;;;;;;;;;;;;;;;;;;;;;
M;636_1516_1;;;9100;;91HS807_P_I;;ЛОЖЬ;ЛОЖЬ;;1516;;;;;;;0;;;;899;ЛОЖЬ;0;;;;;;;1=RESET;;;;;;;Undefined;;;;;;;;;;;;ЛОЖЬ;ИСТИНА;;;;;;;;;;;;;;;;;;;;;;;;
M;312_4;;;901-10;;;;ЛОЖЬ;ЛОЖЬ;;312;;;;;;;0;;;;411;ЛОЖЬ;0;;;;;;;;;;;;;;Undefined;491;3428;;;;;;;;;;ЛОЖЬ;;;;;;;;;;;;;;;;;;;;;;;;;
M;C1502_1_K;;;;;Function block marker;;ЛОЖЬ;ЛОЖЬ;;1502;;;;;;;0;;;;993;ЛОЖЬ;0;;;;;;;;;;;;;;Undefined;;;;;;;;;;;;ЛОЖЬ;ИСТИНА;;;;;;;;;;;;;;;;;;;;;;;;
DI;91HS073A_P;;COM;901-10;A_90110;91XV073 OPEN;No;ИСТИНА;ИСТИНА;;398;;;;;;;0;;;;2169;ЛОЖЬ;33584;None;;;;;;1=OPEN (MOM);;;;;;;Undefined;491;3428;;;;;;Low;;;;ЛОЖЬ;;;;ЛОЖЬ;;;;;;;;;;;;;;;;;;Input;EPKS_UCB;ESD_912_1;153
M;536_9;;;9100;;;;ЛОЖЬ;ЛОЖЬ;;536;;;;;;;0;;;;629;ЛОЖЬ;0;;;;;;;;;;;;;;Undefined;491;3428;;;;;;;;;;ЛОЖЬ;;;;;;;;;;;;;;;;;;;;;;;;;
M;316_317_1;;;;;91PT081;;ЛОЖЬ;ЛОЖЬ;;317;;;;;;;0;;;;2644;ЛОЖЬ;0;;;;;;;1=MO CONFIRMED;;;;;;;Undefined;;;;;;;;;;;;ЛОЖЬ;ИСТИНА;;;;;;;;;;;;;;;;;;;;;;;;
DO;91PI048_TF;;COM;9100;;TRANSM FAULT;No;ЛОЖЬ;ЛОЖЬ;;438;;;;;;;0;;;;2614;ИСТИНА;33889;None;;;;;;0=ALARM;0=ALARM;;;;;;Undefined;;;;;;;;;;;;ЛОЖЬ;ИСТИНА;;;;;;;;;;;;;;;;;;;;;Output;EPKS_UCB;ESD_912_1;954
BO;IB912_ESD1_DAY;;COM;;;DAY;No;ЛОЖЬ;ЛОЖЬ;;19;;Byte;;;;;0;;;;27;;0;;None;None;None;None;;;;;;;;;-XXXXX.X;;;;;;;;;;;;ЛОЖЬ;ИСТИНА;;;;;;;;;;;;;;;;;;;;;Output;EPKS_UCB;ESD_912_1;10187
M;C624_1_C;;;9100;9100;Function block marker;;ЛОЖЬ;ЛОЖЬ;;624;;;;;;;0;;;;580;ЛОЖЬ;0;;;;;;;;;;;;;;Undefined;491;3428;;;;;;;;;;ЛОЖЬ;;;;;;;;;;;;;;;;;;;;;;;;;
DO;91PAHH752_FU;;COM;901-10;A_C90111;C9011001AX GAS PRS;No;ИСТИНА;ЛОЖЬ;;1500;;;;;;;0;;;;801;ИСТИНА;34099;None;;;;;;1=FIRST;;;;;;;Undefined;;;;;;;;;;;;ЛОЖЬ;ИСТИНА;;;;;;;;;;;;;;;;;;;;;Output;EPKS_UCB;ESD_912_1;805
DO;91HS815B_B2_IN_P;;COM;901-10;A_90110;CAP CTRL BIT 2;No;ИСТИНА;ЛОЖЬ;;628;;;;;;;0;;;;540;ЛОЖЬ;33986;None;;;;;;1=ACTIVE;;;;;;;Undefined;491;3428;;;;;;;;;;ЛОЖЬ;;;;;;;;;;;;;;;;;;Output;CC_UCB_1;ESD_912_1;101;;;;
R;325_324_2;;;9100;;91LI054;;ЛОЖЬ;ЛОЖЬ;;324;;Float;;;;;0;;;;620;ЛОЖЬ;0;;;;;;;;;;;;;;Undefined;;;;;;;;;;;;ЛОЖЬ;ИСТИНА;;;;;;;;;;;;;;;;;;;;;;;;
M;606_1320_3;;;;;91PAH805_PERM;;ЛОЖЬ;ЛОЖЬ;;1320;;;;;;;0;;;;1710;ЛОЖЬ;0;;;;;;;0=ALARM;;;;;;;Undefined;;;;;;;;;;;;ЛОЖЬ;ИСТИНА;;;;;;;;;;;;;;;;;;;;;;;;
T;340_2;;;9100;;;;ЛОЖЬ;ЛОЖЬ;;340;;;;;;;;100 ms;5;;468;ЛОЖЬ;0;;;;;;;;;;;;;;Undefined;;;Delayed OFF with constant timer value;;;;;;;;;ЛОЖЬ;ИСТИНА;;;;;;;;;;;;;;;;;;;;;;;;
M;C1518_1_M;;;;;Function block marker;;ЛОЖЬ;ЛОЖЬ;;1518;;;;;;;0;;;;953;ЛОЖЬ;0;;;;;;;;;;;;;;Undefined;;;;;;;;;;;;ЛОЖЬ;ИСТИНА;;;;;;;;;;;;;;;;;;;;;;;;
AI;91TI108;;FLD;901-10;A_C90111;NH3 AT OUTLET C9011001SX;Yes;ИСТИНА;ЛОЖЬ;;302;ИСТИНА;Float;4-20mA;0;100;°C;;;;;104;ЛОЖЬ;33520;;None;None;None;None;;;;-25;-25;;;;-XXXXX.X;3.76;21;;18.04;3;10;1;Top scale;;;;ЛОЖЬ;;ЛОЖЬ;;;;;;;;;;;;;;;;;;;;Output;EPKS_UCB;ESD_912_1;10101
DO;91XY051_ESD;;COM;901-10;A_90110;91XY051 ESD TRIP;No;ЛОЖЬ;ЛОЖЬ;;366;;;;;;;0;;;;1055;ЛОЖЬ;0;None;;;;;;0=TRIP;;;;;;;Undefined;;;;;;;;;;;;ЛОЖЬ;ИСТИНА;;;;;;;;;;;;;;;;;;;;;Output;EPKS_UCB;ESD_912_1;617
M;1506_6;;;;C9011001;;;ЛОЖЬ;ЛОЖЬ;;1506;;;;;;;0;;;;64;ЛОЖЬ;0;;;;;;;;;;;;;;Undefined;;;;;;;;;;;;ЛОЖЬ;ИСТИНА;;;;;;;;;;;;;;;;;;;;;;;;
DO;91LAH751;;COM;901-10;A_C90111;HI ALARM;No;ЛОЖЬ;ЛОЖЬ;;500;;;;;;;0;;;;1383;ЛОЖЬ;0;None;;;;;;0=ALARM;0=ALARM;;;;;;Undefined;;;;;;;;;;;;ЛОЖЬ;ИСТИНА;;;;;;;;;;;;;;;;;;;;;Output;EPKS_UCB;ESD_912_1;998
M;636_5;;;9100;;;;ЛОЖЬ;ЛОЖЬ;;636;;;;;;;0;;;;617;ЛОЖЬ;0;;;;;;;;;;;;;;Undefined;491;3428;;;;;;;;;;ЛОЖЬ;;;;;;;;;;;;;;;;;;;;;;;;;
BO;91PDI753_H;;COM;901-10;A_C90111;HI ALARM SETPOINT;No;ЛОЖЬ;ЛОЖЬ;;502;;Float;;;;;0;;;;716;;0;;None;None;None;None;;;;;;;;;-XXXXX.X;;;;;;;;;;;;ЛОЖЬ;ИСТИНА;;;;;;;;;;;;;;;;;;;;;Output;EPKS_UCB;ESD_912_1;10240
T;328_5;;;9100;;;;ЛОЖЬ;ЛОЖЬ;;328;;;;;;;;100 ms;5;;664;ЛОЖЬ;0;;;;;;;;;;;;;;Undefined;;;Delayed OFF with constant timer value;;;;;;;;;ЛОЖЬ;ИСТИНА;;;;;;;;;;;;;;;;;;;;;;;;
M;2460_B;;;;;1=CMD_CLOSE;;ЛОЖЬ;ЛОЖЬ;;2460;;;;;;;0;;;;145;ЛОЖЬ;0;;;;;;;;;;;;;;Undefined;491;3428;;;;;;;;;;ЛОЖЬ;;;;;;;;;;;;;;;;;;;;;;;;;
DO;91PALL081;;COM;;;LIQUID AMM TO V9011001B;No;ИСТИНА;ЛОЖЬ;;317;;;;;;;0;;;;1435;ИСТИНА;33680;None;;;;;;0=TRIP;;;;;;;Undefined;491;3428;;;;;;;;;;ЛОЖЬ;;;;;;;;;;;;;;;;;;;;;;Output;EPKS_UCB;ESD_912_1;559
C;626_1;;;901-10;;;;ЛОЖЬ;ЛОЖЬ;;626;;;;;;;0;;;1;2;ЛОЖЬ;0;;;;;;;;;;;;;;Undefined;491;3428;;;;;;;;;;ЛОЖЬ;;;;;;;;;;;;;;;;;;;;;;;;;
AI;91PI770;;FLD;901-10;A_C90111;C-9011001AX ДАВЛЕНИЕ МАСЛА В КАРТЕРЕ;Yes;ИСТИНА;ЛОЖЬ;;510;ИСТИНА;Float;4-20mA;0;100;kPA;;;;;420;ЛОЖЬ;33709;;None;None;None;None;;;;;;;;;-XXXXX.X;3.64;22;;18.03;11;4;1;Bottom scale;;;;ЛОЖЬ;ИСТИНА;ЛОЖЬ;;;;;;;;;;;;;;;;;;;;Output;EPKS_UCB;ESD_912_1;10225
DO;91XA801;;COM;901-10;A_C90111;C9011001SX DEACT ALR;No;ИСТИНА;ЛОЖЬ;;624;;;;;;;0;;;;2043;ИСТИНА;33681;None;;;;;;0=TRIP;;;;;;;Undefined;491;3428;;;;;;;;;;ЛОЖЬ;;;;;;;;;;;;;;;;;;;;;;Output;EPKS_UCB;ESD_912_1;676
DO;91PALL824;;COM;901-10;A_C90111;C9011001SX CARTER OIL;No;ИСТИНА;ЛОЖЬ;;610;;;;;;;0;;;;2017;ИСТИНА;33682;None;;;;;;0=TRIP;;;;;;;Undefined;491;3428;;;;;;;;;;ЛОЖЬ;;;;;;;;;;;;;;;;;;;;;;Output;EPKS_UCB;ESD_912_1;574
DO;91FALL028B_CA;;COM;901-10;A_90110;CAUSE ALARM;No;ЛОЖЬ;ЛОЖЬ;;346;;;;;;;0;;;;1631;ЛОЖЬ;0;None;;;;;;0=ALARM;;;;;;;Undefined;491;3428;;;;;;;;;;ЛОЖЬ;;;;;;;;;;;;;;;;;;;;;;Output;EPKS_UCB;ESD_912_1;421
M;C438_4_D;;;9100;9100;Function block marker;;ЛОЖЬ;ЛОЖЬ;;438;;;;;;;0;;;;1818;ЛОЖЬ;0;;;;;;;;;;;;;;Undefined;491;3428;;;;;;;;;;ЛОЖЬ;;;;;;;;;;;;;;;;;;;;;;;;;
M;C1506_1_I;;;;;Function block marker;;ЛОЖЬ;ЛОЖЬ;;1506;;;;;;;0;;;;979;ЛОЖЬ;0;;;;;;;;;;;;;;Undefined;;;;;;;;;;;;ЛОЖЬ;ИСТИНА;;;;;;;;;;;;;;;;;;;;;;;;
DO;91TI804_MOC;;COM;901-10;A_C90111;MO CONFIRMED;No;ИСТИНА;ЛОЖЬ;;614;;;;;;;0;;;;2025;ИСТИНА;33684;None;;;;;;1=CONFIRMED;;;;;;;Undefined;491;3428;;;;;;;;;;ЛОЖЬ;;;;;;;;;;;;;;;;;;;;;;Output;EPKS_UCB;ESD_912_1;661
M;C318_1_F;;;9100;9100;Function block marker;;ЛОЖЬ;ЛОЖЬ;;318;;;;;;;0;;;;1461;ЛОЖЬ;0;;;;;;;;;;;;;;Undefined;;;;;;;;;;;;ЛОЖЬ;ИСТИНА;;;;;;;;;;;;;;;;;;;;;;;;
M;318_350_2;;;901-10;;91PAHH084_I;;ЛОЖЬ;ЛОЖЬ;;350;;;;;;;0;;;;1337;ЛОЖЬ;0;;;;;;;0=TRIP INITIATOR;;;;;;;Undefined;491;3428;;;;;;;;;;ЛОЖЬ;;;;;;;;;;;;;;;;;;;;;;;;;
M;C314_2_B;;;9100;9100;Function block marker;;ЛОЖЬ;ЛОЖЬ;;314;;;;;;;0;;;;2073;ЛОЖЬ;0;;;;;;;;;;;;;;Undefined;491;3428;;;;;;;;;;ЛОЖЬ;;;;;;;;;;;;;;;;;;;;;;;;;
DO;91LALL047_CA;;COM;;;CAUSE ALARM;No;ЛОЖЬ;ЛОЖЬ;;335;;;;;;;0;;;;1100;ЛОЖЬ;0;None;;;;;;0=ALARM;0=ALARM;;;;;;Undefined;;;;;;;;;;;;ЛОЖЬ;ИСТИНА;;;;;;;;;;;;;;;;;;;;;Output;EPKS_UCB;ESD_912_1;888
DO;91TAHH804A_P;;COM;901-10;A_C90111;INDICATION LIGHT;No;ИСТИНА;ЛОЖЬ;;614;;;;;;;0;;;;547;ЛОЖЬ;33987;None;;;;;;1=ACTIVE;;;;;;;Undefined;491;3428;;;;;;;;;;ЛОЖЬ;;;;;;;;;;;;;;;;;;Output;CC_UCB_1;ESD_912_1;91;;;;
M;635_182_1;;;;;91VSHH801;;ЛОЖЬ;ЛОЖЬ;;182;;;;;;;0;;;;1762;ЛОЖЬ;0;;;;;;;1=MO CONFIRMED;;;;;;;Undefined;;;;;;;;;;;;ЛОЖЬ;ИСТИНА;;;;;;;;;;;;;;;;;;;;;;;;
T;635_1;;;;;;;ЛОЖЬ;ЛОЖЬ;;635;;;;;;;;100 ms;10;;140;ЛОЖЬ;0;;;;;;;;;;;;;;Undefined;;;Delayed OFF with constant timer value;;;;;;;;;ЛОЖЬ;ИСТИНА;;;;;;;;;;;;;;;;;;;;;;;;
M;C325_1_G;;;;;Function block marker;;ЛОЖЬ;ЛОЖЬ;;325;;;;;;;0;;;;2702;ЛОЖЬ;0;;;;;;;;;;;;;;Undefined;;;;;;;;;;;;ЛОЖЬ;ИСТИНА;;;;;;;;;;;;;;;;;;;;;;;;
DO;91XY089;;MCC;901-10;A_90110;AUTO CLOSURE 91XV089;Yes;ИСТИНА;ЛОЖЬ;;456;;;;;;;0;;;;138;ЛОЖЬ;33403;None;;;;;;1=CLOSE;;;;;;;Undefined;491;3428;;18.06;7;3;1;Appl;;;;ЛОЖЬ;;;;;;;;;;;;;;;;;;;;;;;;;
M;524_1;;;901-10;;;;ЛОЖЬ;ЛОЖЬ;;524;;;;;;;0;;;;1909;ЛОЖЬ;0;;;;;;;;;;;;;;Undefined;491;3428;;;;;;;;;;ЛОЖЬ;;;;;;;;;;;;;;;;;;;;;;;;;
M;C300_1_E;;;9100;9100;Function block marker;;ЛОЖЬ;ЛОЖЬ;;300;;;;;;;0;;;;2100;ЛОЖЬ;0;;;;;;;;;;;;;;Undefined;491;3428;;;;;;;;;;ЛОЖЬ;;;;;;;;;;;;;;;;;;;;;;;;;
DO;91PALL824_CA;;COM;901-10;A_C90111;CAUSE ALARM;No;ЛОЖЬ;ЛОЖЬ;;610;;;;;;;0;;;;1792;ЛОЖЬ;0;None;;;;;;0=ALARM;;;;;;;Undefined;491;3428;;;;;;;;;;ЛОЖЬ;;;;;;;;;;;;;;;;;;;;;;Output;EPKS_UCB;ESD_912_1;575
M;318_444_4;;;9100;;91PAHH 084_I;;ЛОЖЬ;ЛОЖЬ;;444;;;;;;;0;;;;1705;ЛОЖЬ;0;;;;;;;0=TRIP INITIATOR;;;;;;;Undefined;491;3428;;;;;;;;;;ЛОЖЬ;;;;;;;;;;;;;;;;;;;;;;;;;
M;520_524_1;;;9100;;91ZALL751_I;;ЛОЖЬ;ЛОЖЬ;;524;;;;;;;0;;;;559;ЛОЖЬ;0;;;;;;;0=TRIP;;;;;;;Undefined;491;3428;;;;;;;;;;ЛОЖЬ;;;;;;;;;;;;;;;;;;;;;;;;;
M;C338_1_E;;;9100;9100;Function block marker;;ЛОЖЬ;ЛОЖЬ;;338;;;;;;;0;;;;1249;ЛОЖЬ;0;;;;;;;;;;;;;;Undefined;;;;;;;;;;;;ЛОЖЬ;ИСТИНА;;;;;;;;;;;;;;;;;;;;;;;;
DI;91PI752_MOR;;COM;901-10;A_C90111;MO REQUEST;No;ЛОЖЬ;ИСТИНА;;504;;;;;;;0;;;;2219;ЛОЖЬ;0;None;;;;;;1=REQUEST;;;;;;;Undefined;491;3428;;;;;;Freeze;;;;ЛОЖЬ;;;;ЛОЖЬ;;;;;;;;;;;;;;;;;;Input;EPKS_UCB;ESD_912_1;76
DI;91LI802_MOR;;COM;901-10;A_C90111;MO REQUEST;No;ЛОЖЬ;ИСТИНА;;600;;;;;;;0;;;;2206;ЛОЖЬ;0;None;;;;;;1=REQUEST;;;;;;;Undefined;491;3428;;;;;;Freeze;;;;ЛОЖЬ;;;;ЛОЖЬ;;;;;;;;;;;;;;;;;;Input;EPKS_UCB;ESD_912_1;63
M;310_3;;;901-10;;;;ЛОЖЬ;ЛОЖЬ;;310;;;;;;;0;;;;412;ЛОЖЬ;0;;;;;;;;;;;;;;Undefined;491;3428;;;;;;;;;;ЛОЖЬ;;;;;;;;;;;;;;;;;;;;;;;;;
M;2495_E;;;;;0=ALARM;;ЛОЖЬ;ЛОЖЬ;;2495;;;;;;;0;;;;177;ЛОЖЬ;0;;;;;;;;;;;;;;Undefined;491;3428;;;;;;;;;;ЛОЖЬ;;;;;;;;;;;;;;;;;;;;;;;;;
DO;91XY010;;MCC;901-10;A_90110;AUTO CLOSURE 91XV010;Yes;ИСТИНА;ЛОЖЬ;;404;;;;;;;0;;;;88;ЛОЖЬ;33404;None;;;;;;1=CLOSE;;;;;;;Undefined;491;3428;;18.06;1;1;1;Appl;;;;ЛОЖЬ;;;;;;;;;;;;;;;;;;;;;;;;;
T;2460_2;;;901-10;;;;ЛОЖЬ;ЛОЖЬ;;2460;;;;;;;;1 s;0;;4;ЛОЖЬ;0;;;;;;;;;;;;;;Undefined;491;3428;Delayed OFF with variable timer value;;;;;;;;;ЛОЖЬ;;;;;;;;;;;;;;;;;;;;;;;;;
M;313_312_2;;;9100;;91PT071_F;;ЛОЖЬ;ЛОЖЬ;;312;;;;;;;0;;;;2624;ЛОЖЬ;0;;;;;;;1=FAULT;;;;;;;Undefined;;;;;;;;;;;;ЛОЖЬ;ИСТИНА;;;;;;;;;;;;;;;;;;;;;;;;
M;321_402_3;;;9100;;91LAHH052_I;;ЛОЖЬ;ЛОЖЬ;;402;;;;;;;0;;;;1908;ЛОЖЬ;0;;;;;;;0=TRIP INITIATOR;;;;;;;Undefined;;;;;;;;;;;;ЛОЖЬ;ИСТИНА;;;;;;;;;;;;;;;;;;;;;;;;
DO;IB912_ESD_CF;;COM;862-34;;CONTROLLER ESD_912_1 FAULT;No;ИСТИНА;ЛОЖЬ;;16;;;;;;;0;;;;78;ЛОЖЬ;33628;None;;;;;;0=FAULT;0=FAULT;;;;;;Undefined;;;;;;;;;;;;ЛОЖЬ;ИСТИНА;;;;;;;;;;;;;;;;;;;;;Output;EPKS_UCB;ESD_912_1;707
M;C240_2_B;;;4300;4300;Function block marker;;ЛОЖЬ;ЛОЖЬ;;240;;;;;;;0;;;;2121;ЛОЖЬ;0;;;;;;;;;;;;;;Undefined;491;3428;;;;;;;;;;ЛОЖЬ;;;;;;;;;;;;;;;;;;;;;;;;;
M;324_184_1;;;901-10;;91LT055;;ЛОЖЬ;ЛОЖЬ;;184;;;;;;;0;;;;1496;ЛОЖЬ;0;;;;;;;1=MO CONFIRMED;;;;;;;Undefined;491;3428;;;;;;;;;;ЛОЖЬ;;;;;;;;;;;;;;;;;;;;;;;;;
M;2456_A;;;;;Trip 1;;ЛОЖЬ;ЛОЖЬ;;2456;;;;;;;0;;;;122;ЛОЖЬ;0;;;;;;;;;;;;;;Undefined;491;3428;;;;;;;;;;ЛОЖЬ;;;;;;;;;;;;;;;;;;;;;;;;;
M;1510_6;;;;C9011001;;;ЛОЖЬ;ЛОЖЬ;;1510;;;;;;;0;;;;76;ЛОЖЬ;0;;;;;;;;;;;;;;Undefined;;;;;;;;;;;;ЛОЖЬ;ИСТИНА;;;;;;;;;;;;;;;;;;;;;;;;
DO;91LI077_MOC;;COM;901-10;A_90110;MO CONFIRMED;No;ИСТИНА;ЛОЖЬ;;340;;;;;;;0;;;;1607;ИСТИНА;33686;None;;;;;;1=CONFIRMED;;;;;;;Undefined;491;3428;;;;;;;;;;ЛОЖЬ;;;;;;;;;;;;;;;;;;;;;;Output;EPKS_UCB;ESD_912_1;521
M;2480_C;;;;;1=LAMP ON;;ЛОЖЬ;ЛОЖЬ;;2480;;;;;;;0;;;;182;ЛОЖЬ;0;;;;;;;;;;;;;;Undefined;491;3428;;;;;;;;;;ЛОЖЬ;;;;;;;;;;;;;;;;;;;;;;;;;
DI;91HS074A_P;;COM;901-10;A_90110;91XV074 OPEN;No;ИСТИНА;ИСТИНА;;400;;;;;;;0;;;;2170;ЛОЖЬ;33630;None;;;;;;1=OPEN (MOM);;;;;;;Undefined;491;3428;;;;;;Low;;;;ЛОЖЬ;;;;ЛОЖЬ;;;;;;;;;;;;;;;;;;Input;EPKS_UCB;ESD_912_1;155
M;C636_1_C;;;9100;9100;Function block marker;;ЛОЖЬ;ЛОЖЬ;;636;;;;;;;0;;;;568;ЛОЖЬ;0;;;;;;;;;;;;;;Undefined;491;3428;;;;;;;;;;ЛОЖЬ;;;;;;;;;;;;;;;;;;;;;;;;;
DO;91PI829_MOC;;COM;901-10;A_C90111;MO CONFIRMED;No;ИСТИНА;ЛОЖЬ;;608;;;;;;;0;;;;2009;ИСТИНА;33687;None;;;;;;1=CONFIRMED;;;;;;;Undefined;491;3428;;;;;;;;;;ЛОЖЬ;;;;;;;;;;;;;;;;;;;;;;Output;EPKS_UCB;ESD_912_1;619
M;C634_2_B;;;9100;9100;Function block marker;;ЛОЖЬ;ЛОЖЬ;;634;;;;;;;0;;;;1049;ЛОЖЬ;0;;;;;;;;;;;;;;Undefined;;;;;;;;;;;;ЛОЖЬ;ИСТИНА;;;;;;;;;;;;;;;;;;;;;;;;
AI;91LI052;;FLD;901-10;A_90110;NH3 TO V-9011001S;Yes;ИСТИНА;ЛОЖЬ;;321;ИСТИНА;Float;4-20mA;0;100;%;;;;;140;ЛОЖЬ;33655;;None;None;None;None;;;;-25;-25;;;;-XXXXX.X;3.64;22;;18.04;5;2;1;Bottom scale;;;;ЛОЖЬ;;ЛОЖЬ;;;;;;;;;;;;;;;;;;;;Output;EPKS_UCB;ESD_912_1;10069
DI;18-Flasher-2Hz;;SYS;;;2 HZ FLASHER;No;ЛОЖЬ;;;0;;;;;;;;;;;29;ЛОЖЬ;0;None;;;;;;;;;;;;;Undefined;491;3428;;;;;;;;;;ЛОЖЬ;;;;ЛОЖЬ;;;;;;;;;;;;;;;;;;;;;
DI;91HS053B;;COM;901-10;A_90110;91XV053 CLOSE;No;ЛОЖЬ;ИСТИНА;;370;;;;;;;0;;;;2174;ЛОЖЬ;0;None;;;;;;1=CLOSE (MOM);;;;;;;Undefined;;;;;;;;Low;;;;ЛОЖЬ;ИСТИНА;;;ЛОЖЬ;;;;;;;;;;;;;;;;;;Input;EPKS_UCB;ESD_912_1;124
DO;91XY755;;FLD;901-10;A_C90111;C-9011001AX VALVES DISCH;Yes;ИСТИНА;ЛОЖЬ;;536;;;;;;;0;;;;2;ИСТИНА;33406;None;;;;;;0=TRIP;;;;;;;Undefined;491;3428;;18.04;13;3;1;Appl;;;;ЛОЖЬ;;;;;;;;;;;;;;;;;;;;;;Output;EPKS_UCB;ESD_912_1;748
DI;91TI993_MOR;;COM;901-10;A_90110;MO REQUEST;No;ЛОЖЬ;ИСТИНА;;308;;;;;;;0;;;;2241;ЛОЖЬ;0;None;;;;;;1=REQUEST;;;;;;;Undefined;491;3428;;;;;;Freeze;;;;ЛОЖЬ;;;;ЛОЖЬ;;;;;;;;;;;;;;;;;;Input;EPKS_UCB;ESD_912_1;98
DO;91PDI753_TF;;COM;901-10;A_C90111;TRANSM FAULT;No;ЛОЖЬ;ЛОЖЬ;;502;;;;;;;0;;;;400;ИСТИНА;33639;None;;;;;;0=ALARM;0=ALARM;;;;;;Undefined;;;;;;;;;;;;ЛОЖЬ;ИСТИНА;;;;;;;;;;;;;;;;;;;;;Output;EPKS_UCB;ESD_912_1;708
BO;IB912_ESD1_RT1_B;;COM;901_10;;Start Repair Timer CP1;No;ЛОЖЬ;ЛОЖЬ;;16;;Word;;;;;0;;;;16;;0;;;;;;;;;0;0;;;;-XXXXX.X;;;;;;;;;;;;ЛОЖЬ;ИСТИНА;;;;;;;;;;;;;;;;;;;;;Output;EPKS_UCB;ESD_912_1;10159
DO;91VAHH801_PA;;COM;901-10;A_90110;1oo2 PRE ALARM;No;ИСТИНА;ЛОЖЬ;;635;;;;;;;0;;;;1758;ЛОЖЬ;33581;None;;;;;;0=ALARM;0=ALARM;;;;;;Undefined;;;;;;;;;;;;ЛОЖЬ;ИСТИНА;;;;;;;;;;;;;;;;;;;;;Output;EPKS_UCB;ESD_912_1;941
DO;91PI779_MOC;;COM;901-10;A_C90111;MO CONFIRMED;No;ИСТИНА;ЛОЖЬ;;508;;;;;;;0;;;;1814;ИСТИНА;33688;None;;;;;;1=CONFIRMED;;;;;;;Undefined;491;3428;;;;;;;;;;ЛОЖЬ;;;;;;;;;;;;;;;;;;;;;;Output;EPKS_UCB;ESD_912_1;610
M;C512_2_B;;;9100;9100;Function block marker;;ЛОЖЬ;ЛОЖЬ;;512;;;;;;;0;;;;1708;ЛОЖЬ;0;;;;;;;;;;;;;;Undefined;491;3428;;;;;;;;;;ЛОЖЬ;;;;;;;;;;;;;;;;;;;;;;;;;
DI;91HS801A;;LCP;901-10;A_C90111;C-9011001SX EMER. STOP;Yes;ИСТИНА;ЛОЖЬ;;624;;;;;;;;;;;79;ИСТИНА;33407;None;;;;;;0=TRIP;;;;;;;Undefined;491;3428;;18.03;9;8;1;Low;;;;ЛОЖЬ;;;;ЛОЖЬ;;;;;;;;;;;;;;;;;;Output;EPKS_UCB;ESD_912_1;714
M;C504_2_B;;;9100;9100;Function block marker;;ЛОЖЬ;ЛОЖЬ;;504;;;;;;;0;;;;1779;ЛОЖЬ;0;;;;;;;;;;;;;;Undefined;491;3428;;;;;;;;;;ЛОЖЬ;;;;;;;;;;;;;;;;;;;;;;;;;
DI;91PDI754_MOR;;COM;901-10;A_C90111;MO REQUEST;No;ЛОЖЬ;ИСТИНА;;502;;;;;;;0;;;;2209;ЛОЖЬ;0;None;;;;;;1=REQUEST;;;;;;;Undefined;491;3428;;;;;;Freeze;;;;ЛОЖЬ;;;;ЛОЖЬ;;;;;;;;;;;;;;;;;;Input;EPKS_UCB;ESD_912_1;66
M;C320_3_E;;;9100;9100;Function block marker;;ЛОЖЬ;ЛОЖЬ;;320;;;;;;;0;;;;1413;ЛОЖЬ;0;;;;;;;;;;;;;;Undefined;;;;;;;;;;;;ЛОЖЬ;ИСТИНА;;;;;;;;;;;;;;;;;;;;;;;;
DI;91HS763_P;;COM;901-10;A_C90111;C9011001AX SGL CONF;No;ИСТИНА;ИСТИНА;;524;;;;;;;0;;;;697;ИСТИНА;33660;None;;;;;;1=ACK;;;;;;;Undefined;491;3428;;;;;;Low;;;;ЛОЖЬ;;;;ЛОЖЬ;;;;;;;;;;;;;;Input;CC_UCB_1;ESD_912_1;26;Output;EPKS_UCB;ESD_912_1;2024
M;302_4;;;901-10;;;;ЛОЖЬ;ЛОЖЬ;;302;;;;;;;0;;;;421;ЛОЖЬ;0;;;;;;;;;;;;;;Undefined;491;3428;;;;;;;;;;ЛОЖЬ;;;;;;;;;;;;;;;;;;;;;;;;;
DO;91TI811_TF;;COM;901-10;A_C90111;TRANSM FAULT;No;ЛОЖЬ;ЛОЖЬ;;618;;;;;;;0;;;;2038;ИСТИНА;33689;None;;;;;;0=ALARM;;;;;;;Undefined;491;3428;;;;;;;;;;ЛОЖЬ;;;;;;;;;;;;;;;;;;;;;;Output;EPKS_UCB;ESD_912_1;664
M;C324_1_G;;;9100;9100;Function block marker;;ЛОЖЬ;ЛОЖЬ;;324;;;;;;;0;;;;1340;ЛОЖЬ;0;;;;;;;;;;;;;;Undefined;;;;;;;;;;;;ЛОЖЬ;ИСТИНА;;;;;;;;;;;;;;;;;;;;;;;;
DO;91PALL048_CA;;COM;901-10;;CAUSE ALARM;No;ЛОЖЬ;ЛОЖЬ;;438;;;;;;;0;;;;1107;ЛОЖЬ;0;None;;;;;;0=ALARM;0=ALARM;;;;;;Undefined;;;;;;;;;;;;ЛОЖЬ;ИСТИНА;;;;;;;;;;;;;;;;;;;;;Output;EPKS_UCB;ESD_912_1;895
DO;91LALL055;;COM;;;AMMONIA TO V-9011001A;No;ИСТИНА;ЛОЖЬ;;325;;;;;;;0;;;;1536;ИСТИНА;33690;None;;;;;;0=TRIP;;;;;;;Undefined;491;3428;;;;;;;;;;ЛОЖЬ;;;;;;;;;;;;;;;;;;;;;;Output;EPKS_UCB;ESD_912_1;486
M;535_3;;;9100;;;;ЛОЖЬ;ЛОЖЬ;;535;;;;;;;0;;;;1634;ЛОЖЬ;0;;;;;;;;;;;;;;Undefined;;;;;;;;;;;;ЛОЖЬ;ИСТИНА;;;;;;;;;;;;;;;;;;;;;;;;
M;518_1;;;901-10;;;;ЛОЖЬ;ЛОЖЬ;;518;;;;;;;0;;;;1878;ЛОЖЬ;0;;;;;;;;;;;;;;Undefined;491;3428;;;;;;;;;;ЛОЖЬ;;;;;;;;;;;;;;;;;;;;;;;;;
DO;91LAHH802;;COM;901-10;A_C90111;C9011001SX SEP;No;ИСТИНА;ЛОЖЬ;;600;;;;;;;0;;;;1989;ИСТИНА;33691;None;;;;;;0=TRIP;;;;;;;Undefined;491;3428;;;;;;;;;;ЛОЖЬ;;;;;;;;;;;;;;;;;;;;;;Output;EPKS_UCB;ESD_912_1;475
DO;91LAHH055_CA;;COM;901-10;A_90110;CAUSE ALARM;No;ЛОЖЬ;ЛОЖЬ;;324;;;;;;;0;;;;1491;ЛОЖЬ;0;None;;;;;;0=ALARM;;;;;;;Undefined;491;3428;;;;;;;;;;ЛОЖЬ;;;;;;;;;;;;;;;;;;;;;;Output;EPKS_UCB;ESD_912_1;458
M;516_3;;;901-10;;;;ЛОЖЬ;ЛОЖЬ;;516;;;;;;;0;;;;358;ЛОЖЬ;0;;;;;;;;;;;;;;Undefined;491;3428;;;;;;;;;;ЛОЖЬ;;;;;;;;;;;;;;;;;;;;;;;;;
M;322_430_2;;;901-10;;91LALL052_I;;ЛОЖЬ;ЛОЖЬ;;430;;;;;;;0;;;;1370;ЛОЖЬ;0;;;;;;;0=TRIP INITIATOR;;;;;;;Undefined;491;3428;;;;;;;;;;ЛОЖЬ;;;;;;;;;;;;;;;;;;;;;;;;;
DI;91HS051B;;COM;901-10;A_90110;91XV051 CLOSE;No;ЛОЖЬ;ИСТИНА;;366;;;;;;;0;;;;2172;ЛОЖЬ;0;None;;;;;;1=CLOSE (MOM);;;;;;;Undefined;;;;;;;;Low;;;;ЛОЖЬ;ИСТИНА;;;ЛОЖЬ;;;;;;;;;;;;;;;;;;Input;EPKS_UCB;ESD_912_1;102
DO;91VSHH751_MOC;;COM;901-10;A_C90111;MO CONFIRMED;No;ЛОЖЬ;ЛОЖЬ;;535;;;;;;;0;;;;1635;ИСТИНА;33569;None;;;;;;1=CONFIRMED;1=CONFIRMED;;;;;;Undefined;;;;;;;;;;;;ЛОЖЬ;ИСТИНА;;;;;;;;;;;;;;;;;;;;;Output;EPKS_UCB;ESD_912_1;934
DO;91TAHH759A_CA;;COM;901-10;A_C90111;CAUSE ALARM;No;ЛОЖЬ;ЛОЖЬ;;516;;;;;;;0;;;;1136;ЛОЖЬ;0;None;;;;;;0=ALARM;0=ALARM;;;;;;Undefined;;;;;;;;;;;;ЛОЖЬ;ИСТИНА;;;;;;;;;;;;;;;;;;;;;Output;EPKS_UCB;ESD_912_1;924
M;598_634_1;;;9100;;91TAL811PERM_P_I;;ЛОЖЬ;ЛОЖЬ;;634;;;;;;;0;;;;602;ЛОЖЬ;0;;;;;;;0=ALARM;;;;;;;Undefined;491;3428;;;;;;;;;;ЛОЖЬ;;;;;;;;;;;;;;;;;;;;;;;;;
M;C621_1_G;;;;;Function block marker;;ЛОЖЬ;ЛОЖЬ;;621;;;;;;;0;;;;2761;ЛОЖЬ;0;;;;;;;;;;;;;;Undefined;;;;;;;;;;;;ЛОЖЬ;ИСТИНА;;;;;;;;;;;;;;;;;;;;;;;;
M;388_3;;;9100;;;;ЛОЖЬ;ЛОЖЬ;;388;;;;;;;0;;;;775;ЛОЖЬ;0;;;;;;;;;;;;;;Undefined;491;3428;;;;;;;;;;ЛОЖЬ;;;;;;;;;;;;;;;;;;;;;;;;;
M;320_446_3;;;9100;;91PAHH099_I;;ЛОЖЬ;ЛОЖЬ;;446;;;;;;;0;;;;1734;ЛОЖЬ;0;;;;;;;0=TRIP INITIATOR;;;;;;;Undefined;491;3428;;;;;;;;;;ЛОЖЬ;;;;;;;;;;;;;;;;;;;;;;;;;
M;317_390_1;;;9100;;91PALL081_I;;ЛОЖЬ;ЛОЖЬ;;390;;;;;;;0;;;;2659;ЛОЖЬ;0;;;;;;;0=TRIP INITIATOR;;;;;;;Undefined;;;;;;;;;;;;ЛОЖЬ;ИСТИНА;;;;;;;;;;;;;;;;;;;;;;;;
DO;91TI808_MOC;;COM;901-10;A_C90111;MO CONFIRMED;No;ИСТИНА;ЛОЖЬ;;616;;;;;;;0;;;;2030;ИСТИНА;33693;None;;;;;;1=CONFIRMED;;;;;;;Undefined;491;3428;;;;;;;;;;ЛОЖЬ;;;;;;;;;;;;;;;;;;;;;;Output;EPKS_UCB;ESD_912_1;663
M;608_622_2;;;9100;;91PALL829_I;;ЛОЖЬ;ЛОЖЬ;;622;;;;;;;0;;;;1952;ЛОЖЬ;0;;;;;;;0=TRIP INITIATOR;;;;;;;Undefined;491;3428;;;;;;;;;;ЛОЖЬ;;;;;;;;;;;;;;;;;;;;;;;;;
DO;91PI802_MOC;;COM;901-10;A_C90111;MO CONFIRMED;No;ИСТИНА;ЛОЖЬ;;604;;;;;;;0;;;;1997;ИСТИНА;33694;None;;;;;;1=CONFIRMED;;;;;;;Undefined;491;3428;;;;;;;;;;ЛОЖЬ;;;;;;;;;;;;;;;;;;;;;;Output;EPKS_UCB;ESD_912_1;612
M;C300_3_F;;;9100;9100;Function block marker;;ЛОЖЬ;ЛОЖЬ;;300;;;;;;;0;;;;1599;ЛОЖЬ;0;;;;;;;;;;;;;;Undefined;;;;;;;;;;;;ЛОЖЬ;ИСТИНА;;;;;;;;;;;;;;;;;;;;;;;;
DO;91LI066_MOC;;COM;901-10;A_90110;MO CONFIRMED;No;ИСТИНА;ЛОЖЬ;;336;;;;;;;0;;;;1576;ИСТИНА;33695;None;;;;;;1=CONFIRMED;;;;;;;Undefined;491;3428;;;;;;;;;;ЛОЖЬ;;;;;;;;;;;;;;;;;;;;;;Output;EPKS_UCB;ESD_912_1;517
M;C338_4_D;;;9100;9100;Function block marker;;ЛОЖЬ;ЛОЖЬ;;338;;;;;;;0;;;;1964;ЛОЖЬ;0;;;;;;;;;;;;;;Undefined;491;3428;;;;;;;;;;ЛОЖЬ;;;;;;;;;;;;;;;;;;;;;;;;;
M;C500_5_F;;;9100;9100;Function block marker;;ЛОЖЬ;ЛОЖЬ;;500;;;;;;;0;;;;2895;ЛОЖЬ;0;;;;;;;;;;;;;;Undefined;;;;;;;;;;;;ЛОЖЬ;ИСТИНА;;;;;;;;;;;;;;;;;;;;;;;;
M;C314_1_G;;;9100;9100;Function block marker;;ЛОЖЬ;ЛОЖЬ;;314;;;;;;;0;;;;1525;ЛОЖЬ;0;;;;;;;;;;;;;;Undefined;;;;;;;;;;;;ЛОЖЬ;ИСТИНА;;;;;;;;;;;;;;;;;;;;;;;;
M;354_3;;;901-10;;;;ЛОЖЬ;ЛОЖЬ;;354;;;;;;;0;;;;378;ЛОЖЬ;0;;;;;;;;;;;;;;Undefined;491;3428;;;;;;;;;;ЛОЖЬ;;;;;;;;;;;;;;;;;;;;;;;;;
DO;91PI076_MOC;;COM;901-10;A_90110;MO CONFIRMED;No;ИСТИНА;ЛОЖЬ;;314;;;;;;;0;;;;1414;ИСТИНА;33697;None;;;;;;1=CONFIRMED;;;;;;;Undefined;491;3428;;;;;;;;;;ЛОЖЬ;;;;;;;;;;;;;;;;;;;;;;Output;EPKS_UCB;ESD_912_1;593
T;329_2;;;9100;;;;ЛОЖЬ;ЛОЖЬ;;329;;;;;;;;100 ms;5;;672;ЛОЖЬ;0;;;;;;;;;;;;;;Undefined;;;Delayed OFF with constant timer value;;;;;;;;;ЛОЖЬ;ИСТИНА;;;;;;;;;;;;;;;;;;;;;;;;
DO;91XY756;;FLD;901-10;A_C90111;C9011001AX CHAR AER SOL;Yes;ИСТИНА;ЛОЖЬ;;536;;;;;;;0;;;;3;ИСТИНА;33408;None;;;;;;0=TRIP;;;;;;;Undefined;491;3428;;18.04;13;4;1;Appl;;;;ЛОЖЬ;;;;;;;;;;;;;;;;;;;;;;Output;EPKS_UCB;ESD_912_1;749
M;C312_3_E;;;9100;9100;Function block marker;;ЛОЖЬ;ЛОЖЬ;;312;;;;;;;0;;;;2082;ЛОЖЬ;0;;;;;;;;;;;;;;Undefined;491;3428;;;;;;;;;;ЛОЖЬ;;;;;;;;;;;;;;;;;;;;;;;;;
T;610_6;;;9100;;;;ЛОЖЬ;ЛОЖЬ;;610;;;;;;;;100 ms;5;;204;ЛОЖЬ;0;;;;;;;;;;;;;;Undefined;;;Delayed OFF with constant timer value;;;;;;;;;ЛОЖЬ;ИСТИНА;;;;;;;;;;;;;;;;;;;;;;;;
AI;91PI091;;FLD;901-10;A_90110;Давление. в V-9011002;Yes;ИСТИНА;ЛОЖЬ;;320;ИСТИНА;Float;4-20mA;0;2.5;МПа;;;;;312;ЛОЖЬ;33788;;None;None;None;None;;;;;;;;;-XXXXX.X;3.64;22;;18.04;9;11;1;Top scale;;;;ЛОЖЬ;ИСТИНА;ЛОЖЬ;;;;;;;;;;;;;;;;;;;;Output;EPKS_UCB;ESD_912_1;10214
DO;91XL190_ON;;FSC;901-09;A_90109;GROUP PUMP SHUTDOWN;No;ЛОЖЬ;ЛОЖЬ;;342;;;;;;;0;;;;194;ЛОЖЬ;0;None;;;;;;1=LAMP ON;;;;;;;Undefined;491;3428;;;;;;;;;;ЛОЖЬ;;;;;;Output;ESD_002_1;ESD_912_1;6;;;;;;;;;;;;;;;;
M;C1518_1_J;;;;;Function block marker;;ЛОЖЬ;ЛОЖЬ;;1518;;;;;;;0;;;;950;ЛОЖЬ;0;;;;;;;;;;;;;;Undefined;;;;;;;;;;;;ЛОЖЬ;ИСТИНА;;;;;;;;;;;;;;;;;;;;;;;;
M;C366_1;;;901-10;;Compiler marker (304, 90);;ЛОЖЬ;ЛОЖЬ;;366;;;;;;;0;;;;1880;ЛОЖЬ;0;;;;;;;;;;;;;;Undefined;491;3428;;;;;;;;;;ЛОЖЬ;;;;;;;;;;;;;;;;;;;;;;;;;
M;1510_1528_2;;;;C9011001;91HA119_FU_I;;ЛОЖЬ;ЛОЖЬ;;1528;;;;;;;0;;;;1025;ЛОЖЬ;0;;;;;;;1=FIRST;;;;;;;Undefined;;;;;;;;;;;;ЛОЖЬ;ИСТИНА;;;;;;;;;;;;;;;;;;;;;;;;
M;C606_5_G;;;9100;9100;Function block marker;;ЛОЖЬ;ЛОЖЬ;;606;;;;;;;0;;;;2827;ЛОЖЬ;0;;;;;;;;;;;;;;Undefined;;;;;;;;;;;;ЛОЖЬ;ИСТИНА;;;;;;;;;;;;;;;;;;;;;;;;
M;C598_4_G;;;9100;9100;Function block marker;;ЛОЖЬ;ЛОЖЬ;;598;;;;;;;0;;;;2794;ЛОЖЬ;0;;;;;;;;;;;;;;Undefined;;;;;;;;;;;;ЛОЖЬ;ИСТИНА;;;;;;;;;;;;;;;;;;;;;;;;
M;316_440_2;;;901-10;;91PAHH081_I;;ЛОЖЬ;ЛОЖЬ;;440;;;;;;;0;;;;1646;ЛОЖЬ;0;;;;;;;0=TRIP INITIATOR;;;;;;;Undefined;491;3428;;;;;;;;;;ЛОЖЬ;;;;;;;;;;;;;;;;;;;;;;;;;
M;C248_1_D;;;4300;4300;Function block marker;;ЛОЖЬ;ЛОЖЬ;;248;;;;;;;0;;;;2107;ЛОЖЬ;0;;;;;;;;;;;;;;Undefined;491;3428;;;;;;;;;;ЛОЖЬ;;;;;;;;;;;;;;;;;;;;;;;;;
M;2375_3;;;;;;;ЛОЖЬ;ЛОЖЬ;;2375;;;;;;;0;;;;206;ЛОЖЬ;0;;;;;;;;;;;;;;Undefined;491;3428;;;;;;;;;;ЛОЖЬ;;;;;;;;;;;;;;;;;;;;;;;;;
DI;91LI493_MOR;;COM;901-05;A_90105;MO REQUEST;No;ЛОЖЬ;ИСТИНА;;240;;;;;;;0;;;;2202;ЛОЖЬ;0;None;;;;;;1=REQUEST;;;;;;;Undefined;491;3428;;;;;;Freeze;;;;ЛОЖЬ;;;;ЛОЖЬ;;;;;;;;;;;;;;;;;;Input;EPKS_UCB;ESD_912_1;59
M;C596_1_G;;;9100;9100;Function block marker;;ЛОЖЬ;ЛОЖЬ;;596;;;;;;;0;;;;2796;ЛОЖЬ;0;;;;;;;;;;;;;;Undefined;;;;;;;;;;;;ЛОЖЬ;ИСТИНА;;;;;;;;;;;;;;;;;;;;;;;;
M;240_1;;;901-10;;;;ЛОЖЬ;ЛОЖЬ;;240;;;;;;;0;;;;1243;ЛОЖЬ;0;;;;;;;;;;;;;;Undefined;491;3428;;;;;;;;;;ЛОЖЬ;;;;;;;;;;;;;;;;;;;;;;;;;
M;524_536_3;;;901-10;;COMMON TRIP;;ЛОЖЬ;ЛОЖЬ;;536;;;;;;;0;;;;1931;ЛОЖЬ;0;;;;;;;0=TRIP;;;;;;;Undefined;491;3428;;;;;;;;;;ЛОЖЬ;;;;;;;;;;;;;;;;;;;;;;;;;
DO;91TI108_TF;;COM;901-10;A_C90111;TRANSM FAULT;No;ЛОЖЬ;ЛОЖЬ;;302;;;;;;;0;;;;1323;ИСТИНА;33699;None;;;;;;0=ALARM;;;;;;;Undefined;491;3428;;;;;;;;;;ЛОЖЬ;;;;;;;;;;;;;;;;;;;;;;Output;EPKS_UCB;ESD_912_1;648
DO;91TI106_TF;;COM;901-10;A_C90111;TRANSM FAULT;No;ЛОЖЬ;ЛОЖЬ;;300;;;;;;;0;;;;1276;ИСТИНА;33700;None;;;;;;0=ALARM;;;;;;;Undefined;491;3428;;;;;;;;;;ЛОЖЬ;;;;;;;;;;;;;;;;;;;;;;Output;EPKS_UCB;ESD_912_1;646
M;C322_2_F;;;9100;9100;Function block marker;;ЛОЖЬ;ЛОЖЬ;;322;;;;;;;0;;;;1920;ЛОЖЬ;0;;;;;;;;;;;;;;Undefined;;;;;;;;;;;;ЛОЖЬ;ИСТИНА;;;;;;;;;;;;;;;;;;;;;;;;
M;C438_2_B;;;9100;9100;Function block marker;;ЛОЖЬ;ЛОЖЬ;;438;;;;;;;0;;;;1813;ЛОЖЬ;0;;;;;;;;;;;;;;Undefined;491;3428;;;;;;;;;;ЛОЖЬ;;;;;;;;;;;;;;;;;;;;;;;;;
DO;91PI073_TF;;COM;901-10;A_90110;TRANSM FAULT;No;ЛОЖЬ;ЛОЖЬ;;312;;;;;;;0;;;;1400;ИСТИНА;33701;None;;;;;;0=ALARM;;;;;;;Undefined;491;3428;;;;;;;;;;ЛОЖЬ;;;;;;;;;;;;;;;;;;;;;;Output;EPKS_UCB;ESD_912_1;590
DO;91TI993_TF;;COM;901-10;A_90110;TRANSM FAULT;No;ЛОЖЬ;ЛОЖЬ;;308;;;;;;;0;;;;1371;ИСТИНА;33702;None;;;;;;0=ALARM;;;;;;;Undefined;491;3428;;;;;;;;;;ЛОЖЬ;;;;;;;;;;;;;;;;;;;;;;Output;EPKS_UCB;ESD_912_1;670
M;C316_3_G;;;9100;9100;Function block marker;;ЛОЖЬ;ЛОЖЬ;;316;;;;;;;0;;;;1477;ЛОЖЬ;0;;;;;;;;;;;;;;Undefined;;;;;;;;;;;;ЛОЖЬ;ИСТИНА;;;;;;;;;;;;;;;;;;;;;;;;
M;324_374_3;;;901-10;;91LAHH055_I;;ЛОЖЬ;ЛОЖЬ;;374;;;;;;;0;;;;1572;ЛОЖЬ;0;;;;;;;0=TRIP INITIATOR;;;;;;;Undefined;491;3428;;;;;;;;;;ЛОЖЬ;;;;;;;;;;;;;;;;;;;;;;;;;
DI;18-RepairTimerStart_CP2;;SYS;;;REPAIR TIME STARTED CP2;Yes;ЛОЖЬ;;;17;;;;;;;;;;;31;ЛОЖЬ;0;None;;;;;;;;;;;;;Undefined;491;3428;;;;;;;;;;ЛОЖЬ;;;;ЛОЖЬ;;;;;;;;;;;;;;;;;;;;;
DI;91TI758_MOR;;COM;901-10;A_C90111;MO REQUEST;No;ЛОЖЬ;ИСТИНА;;516;;;;;;;0;;;;2233;ЛОЖЬ;0;None;;;;;;1=REQUEST;;;;;;;Undefined;491;3428;;;;;;Freeze;;;;ЛОЖЬ;;;;ЛОЖЬ;;;;;;;;;;;;;;;;;;Input;EPKS_UCB;ESD_912_1;90
R;C2456_8;;;;;Compiler register (256, 222);;ЛОЖЬ;ЛОЖЬ;;2456;;Float;;;;;0;;;;368;ЛОЖЬ;0;;;;;;;;;;;;;;Undefined;491;3428;;;;;;;;;;ЛОЖЬ;;;;;;;;;;;;;;;;;;;;;;;;;
M;600_636_2;;;9100;;91LAHH802_I;;ЛОЖЬ;ЛОЖЬ;;636;;;;;;;0;;;;1978;ЛОЖЬ;0;;;;;;;0=TRIP INITIATOR;;;;;;;Undefined;491;3428;;;;;;;;;;ЛОЖЬ;;;;;;;;;;;;;;;;;;;;;;;;;
DO;91LAH801;;COM;901-10;A_C90111;HI ALARM;No;ЛОЖЬ;ЛОЖЬ;;600;;;;;;;0;;;;1512;ЛОЖЬ;0;None;;;;;;0=ALARM;0=ALARM;;;;;;Undefined;;;;;;;;;;;;ЛОЖЬ;ИСТИНА;;;;;;;;;;;;;;;;;;;;;Output;EPKS_UCB;ESD_912_1;1021
DO;91TAHH802_FU;;COM;901-10;A_C90111;C9011001SX GAS CYL1;No;ИСТИНА;ЛОЖЬ;;1516;;;;;;;0;;;;912;ИСТИНА;34130;None;;;;;;1=FIRST;;;;;;;Undefined;;;;;;;;;;;;ЛОЖЬ;ИСТИНА;;;;;;;;;;;;;;;;;;;;;Output;EPKS_UCB;ESD_912_1;836
M;310_182_1;;;901-10;;91PT063;;ЛОЖЬ;ЛОЖЬ;;182;;;;;;;0;;;;1387;ЛОЖЬ;0;;;;;;;1=MO CONFIRMED;;;;;;;Undefined;491;3428;;;;;;;;;;ЛОЖЬ;;;;;;;;;;;;;;;;;;;;;;;;;
M;402_3;;;9100;;;;ЛОЖЬ;ЛОЖЬ;;402;;;;;;;0;;;;789;ЛОЖЬ;0;;;;;;;;;;;;;;Undefined;491;3428;;;;;;;;;;ЛОЖЬ;;;;;;;;;;;;;;;;;;;;;;;;;
DO;91FALL031B_FU;;COM;901-10;A_90110;WTR OF 2 TO X-9011001SX;No;ИСТИНА;ЛОЖЬ;;1520;;;;;;;0;;;;919;ИСТИНА;34137;None;;;;;;1=FIRST;;;;;;;Undefined;;;;;;;;;;;;ЛОЖЬ;ИСТИНА;;;;;;;;;;;;;;;;;;;;;Output;EPKS_UCB;ESD_912_1;843
M;356_624_1;;;901-10;;91-I-551;;ЛОЖЬ;ЛОЖЬ;;624;;;;;;;0;;;;1248;ЛОЖЬ;0;;;;;;;0=TRIP;;;;;;;Undefined;491;3428;;;;;;;;;;ЛОЖЬ;;;;;;;;;;;;;;;;;;;;;;;;;
M;605_1320_1;;;;;91PAL801_PERM;;ЛОЖЬ;ЛОЖЬ;;1320;;;;;;;0;;;;1658;ЛОЖЬ;0;;;;;;;0=ALARM;;;;;;;Undefined;;;;;;;;;;;;ЛОЖЬ;ИСТИНА;;;;;;;;;;;;;;;;;;;;;;;;
DO;91LAHH064;;COM;901-10;A_90110;AMMONIA TO V-9011005;No;ИСТИНА;ЛОЖЬ;;334;;;;;;;0;;;;1560;ИСТИНА;33703;None;;;;;;0=TRIP;;;;;;;Undefined;491;3428;;;;;;;;;;ЛОЖЬ;;;;;;;;;;;;;;;;;;;;;;Output;EPKS_UCB;ESD_912_1;465
DO;91XY094B;;MCC;901-10;A_90110;AUTO CLOSURE 91XV094;Yes;ИСТИНА;ЛОЖЬ;;462;;;;;;;0;;;;143;ЛОЖЬ;33409;None;;;;;;1=CLOSE;;;;;;;Undefined;491;3428;;18.06;7;8;1;Appl;;;;ЛОЖЬ;;;;;;;;;;;;;;;;;;;;;;;;;
M;296_1508_1;;;9100;;91HA004A1_I;;ЛОЖЬ;ЛОЖЬ;;1508;;;;;;;0;;;;750;ЛОЖЬ;0;;;;;;;0=TRIP INITIATOR;;;;;;;Undefined;;;;;;;;;;;;ЛОЖЬ;ИСТИНА;;;;;;;;;;;;;;;;;;;;;;;;
DO;91TI802_TF;;COM;901-10;A_C90111;TRANSM FAULT;No;ЛОЖЬ;ЛОЖЬ;;612;;;;;;;0;;;;2023;ИСТИНА;33704;None;;;;;;0=ALARM;;;;;;;Undefined;491;3428;;;;;;;;;;ЛОЖЬ;;;;;;;;;;;;;;;;;;;;;;Output;EPKS_UCB;ESD_912_1;658
T;354_1;;;9100;;;;ЛОЖЬ;ЛОЖЬ;;354;;;;;;;;100 ms;5;;536;ЛОЖЬ;0;;;;;;;;;;;;;;Undefined;;;Delayed OFF with constant timer value;;;;;;;;;ЛОЖЬ;ИСТИНА;;;;;;;;;;;;;;;;;;;;;;;;
M;C337_2_F;;;;;Function block marker;;ЛОЖЬ;ЛОЖЬ;;337;;;;;;;0;;;;2587;ЛОЖЬ;0;;;;;;;;;;;;;;Undefined;;;;;;;;;;;;ЛОЖЬ;ИСТИНА;;;;;;;;;;;;;;;;;;;;;;;;
M;320_3;;;901-10;;;;ЛОЖЬ;ЛОЖЬ;;320;;;;;;;0;;;;402;ЛОЖЬ;0;;;;;;;;;;;;;;Undefined;491;3428;;;;;;;;;;ЛОЖЬ;;;;;;;;;;;;;;;;;;;;;;;;;
M;314_446_4;;;9100;;91PAHH076_I;;ЛОЖЬ;ЛОЖЬ;;446;;;;;;;0;;;;1720;ЛОЖЬ;0;;;;;;;0=TRIP INITIATOR;;;;;;;Undefined;491;3428;;;;;;;;;;ЛОЖЬ;;;;;;;;;;;;;;;;;;;;;;;;;
M;C316_1_F;;;9100;9100;Function block marker;;ЛОЖЬ;ЛОЖЬ;;316;;;;;;;0;;;;1486;ЛОЖЬ;0;;;;;;;;;;;;;;Undefined;;;;;;;;;;;;ЛОЖЬ;ИСТИНА;;;;;;;;;;;;;;;;;;;;;;;;
DI;91HS850_REL;;FSC;901-05;A_90105;ESD MOS REL A 901-05;No;ЛОЖЬ;ЛОЖЬ;;167;;;;;;;0;;;;242;ЛОЖЬ;0;None;;;;;;1=RELEASED;;;;;;;Undefined;491;3428;;;;;;Freeze;;;;ЛОЖЬ;;;;ЛОЖЬ;;Input;ESD_002_1;ESD_912_1;2;;;;;;;;;;;;;;;;
M;528_532_3;;;901-10;;CAPACITY 75%;;ЛОЖЬ;ЛОЖЬ;;532;;;;;;;0;;;;441;ЛОЖЬ;0;;;;;;;1=ACTIVE;;;;;;;Undefined;491;3428;;;;;;;;;;ЛОЖЬ;;;;;;;;;;;;;;;;;;;;;;;;;
DO;91XY012;;MCC;901-10;A_90110;AUTO OPENING 91XV012;Yes;ИСТИНА;ЛОЖЬ;;406;;;;;;;0;;;;89;ЛОЖЬ;33410;None;;;;;;1=OPEN;;;;;;;Undefined;491;3428;;18.06;1;2;1;Appl;;;;ЛОЖЬ;;;;;;;;;;;;;;;;;;;;;;;;;
M;C1508_1_I;;;;;Function block marker;;ЛОЖЬ;ЛОЖЬ;;1508;;;;;;;0;;;;973;ЛОЖЬ;0;;;;;;;;;;;;;;Undefined;;;;;;;;;;;;ЛОЖЬ;ИСТИНА;;;;;;;;;;;;;;;;;;;;;;;;
M;398_2;;;9100;;;;ЛОЖЬ;ЛОЖЬ;;398;;;;;;;0;;;;784;ЛОЖЬ;0;;;;;;;;;;;;;;Undefined;491;3428;;;;;;;;;;ЛОЖЬ;;;;;;;;;;;;;;;;;;;;;;;;;
M;316_446_4;;;9100;;91PAHH081_I;;ЛОЖЬ;ЛОЖЬ;;446;;;;;;;0;;;;1726;ЛОЖЬ;0;;;;;;;0=TRIP INITIATOR;;;;;;;Undefined;491;3428;;;;;;;;;;ЛОЖЬ;;;;;;;;;;;;;;;;;;;;;;;;;
M;314_440_2;;;901-10;;91PAHH076_I;;ЛОЖЬ;ЛОЖЬ;;440;;;;;;;0;;;;1630;ЛОЖЬ;0;;;;;;;0=TRIP INITIATOR;;;;;;;Undefined;491;3428;;;;;;;;;;ЛОЖЬ;;;;;;;;;;;;;;;;;;;;;;;;;
T;320_2;;;9100;;;;ЛОЖЬ;ЛОЖЬ;;320;;;;;;;;100 ms;5;;520;ЛОЖЬ;0;;;;;;;;;;;;;;Undefined;;;Delayed OFF with constant timer value;;;;;;;;;ЛОЖЬ;ИСТИНА;;;;;;;;;;;;;;;;;;;;;;;;
M;516_522_2;;;9100;;91TAHH758_I;;ЛОЖЬ;ЛОЖЬ;;522;;;;;;;0;;;;1901;ЛОЖЬ;0;;;;;;;0=TRIP INITIATOR;;;;;;;Undefined;491;3428;;;;;;;;;;ЛОЖЬ;;;;;;;;;;;;;;;;;;;;;;;;;
M;626_630_1;;;901-10;;CYCLE 1;;ЛОЖЬ;ЛОЖЬ;;630;;;;;;;0;;;;454;ЛОЖЬ;0;;;;;;;1=ACTIVE;;;;;;;Undefined;491;3428;;;;;;;;;;ЛОЖЬ;;;;;;;;;;;;;;;;;;;;;;;;;
M;634_1518_1;;;9100;;91VAHH802_I;;ЛОЖЬ;ЛОЖЬ;;1518;;;;;;;0;;;;884;ЛОЖЬ;0;;;;;;;0=TRIP;;;;;;;Undefined;;;;;;;;;;;;ЛОЖЬ;ИСТИНА;;;;;;;;;;;;;;;;;;;;;;;;
M;C388_1;;;901-10;;Compiler marker (304, 90);;ЛОЖЬ;ЛОЖЬ;;388;;;;;;;0;;;;1847;ЛОЖЬ;0;;;;;;;;;;;;;;Undefined;491;3428;;;;;;;;;;ЛОЖЬ;;;;;;;;;;;;;;;;;;;;;;;;;
M;338_184_1;;;901-10;;91LT073;;ЛОЖЬ;ЛОЖЬ;;184;;;;;;;0;;;;1595;ЛОЖЬ;0;;;;;;;1=MO CONFIRMED;;;;;;;Undefined;491;3428;;;;;;;;;;ЛОЖЬ;;;;;;;;;;;;;;;;;;;;;;;;;
DO;91TAHH993_CA;;COM;901-10;A_90110;CAUSE ALARM;No;ЛОЖЬ;ЛОЖЬ;;308;;;;;;;0;;;;1373;ЛОЖЬ;0;None;;;;;;0=ALARM;;;;;;;Undefined;491;3428;;;;;;;;;;ЛОЖЬ;;;;;;;;;;;;;;;;;;;;;;Output;EPKS_UCB;ESD_912_1;645
DO;91VSHH801_MOC;;COM;901-10;A_C90111;MO CONFIRMED;No;ЛОЖЬ;ЛОЖЬ;;635;;;;;;;0;;;;1757;ИСТИНА;33562;None;;;;;;1=CONFIRMED;1=CONFIRMED;;;;;;Undefined;;;;;;;;;;;;ЛОЖЬ;ИСТИНА;;;;;;;;;;;;;;;;;;;;;Output;EPKS_UCB;ESD_912_1;940
M;320_442_2;;;901-10;;91PAHH099_I;;ЛОЖЬ;ЛОЖЬ;;442;;;;;;;0;;;;1685;ЛОЖЬ;0;;;;;;;0=TRIP INITIATOR;;;;;;;Undefined;491;3428;;;;;;;;;;ЛОЖЬ;;;;;;;;;;;;;;;;;;;;;;;;;
M;C498_2_G;;;9100;9100;Function block marker;;ЛОЖЬ;ЛОЖЬ;;498;;;;;;;0;;;;2813;ЛОЖЬ;0;;;;;;;;;;;;;;Undefined;;;;;;;;;;;;ЛОЖЬ;ИСТИНА;;;;;;;;;;;;;;;;;;;;;;;;
M;C514_3_G;;;9100;9100;Function block marker;;ЛОЖЬ;ЛОЖЬ;;514;;;;;;;0;;;;1177;ЛОЖЬ;0;;;;;;;;;;;;;;Undefined;;;;;;;;;;;;ЛОЖЬ;ИСТИНА;;;;;;;;;;;;;;;;;;;;;;;;
M;618_1518_2;;;9100;;91TAHH811_I;;ЛОЖЬ;ЛОЖЬ;;1518;;;;;;;0;;;;883;ЛОЖЬ;0;;;;;;;0=TRIP INITIATOR;;;;;;;Undefined;;;;;;;;;;;;ЛОЖЬ;ИСТИНА;;;;;;;;;;;;;;;;;;;;;;;;
M;344_436_2;;;901-10;;GROUP_SHUTDOWN;;ЛОЖЬ;ЛОЖЬ;;436;;;;;;;0;;;;1428;ЛОЖЬ;0;;;;;;;0=TRIP;;;;;;;Undefined;491;3428;;;;;;;;;;ЛОЖЬ;;;;;;;;;;;;;;;;;;;;;;;;;
M;2470_E;;;;;Signal 4;;ЛОЖЬ;ЛОЖЬ;;2470;;;;;;;0;;;;159;ЛОЖЬ;0;;;;;;;;;;;;;;Undefined;491;3428;;;;;;;;;;ЛОЖЬ;;;;;;;;;;;;;;;;;;;;;;;;;
M;C1504_1_I;;;;;Function block marker;;ЛОЖЬ;ЛОЖЬ;;1504;;;;;;;0;;;;985;ЛОЖЬ;0;;;;;;;;;;;;;;Undefined;;;;;;;;;;;;ЛОЖЬ;ИСТИНА;;;;;;;;;;;;;;;;;;;;;;;;
DO;91PALL083_CA;;COM;;;CAUSE ALARM;No;ЛОЖЬ;ЛОЖЬ;;319;;;;;;;0;;;;1116;ЛОЖЬ;0;None;;;;;;0=ALARM;0=ALARM;;;;;;Undefined;;;;;;;;;;;;ЛОЖЬ;ИСТИНА;;;;;;;;;;;;;;;;;;;;;Output;EPKS_UCB;ESD_912_1;904
DI;91LI752_MOR;;COM;901-10;A_C90111;MO REQUEST;No;ЛОЖЬ;ИСТИНА;;500;;;;;;;0;;;;2204;ЛОЖЬ;0;None;;;;;;1=REQUEST;;;;;;;Undefined;491;3428;;;;;;Freeze;;;;ЛОЖЬ;;;;ЛОЖЬ;;;;;;;;;;;;;;;;;;Input;EPKS_UCB;ESD_912_1;61
DO;IB912_ESD1_D2;;COM;862-34;;FORCES ACTIVE;No;ИСТИНА;ЛОЖЬ;;17;;;;;;;0;;;;566;ИСТИНА;33594;None;;;;;;0=ACTIVE;;;;;;;Undefined;491;3428;;;;;;;;;;ЛОЖЬ;;;;;;;;;;;;;;;;;;;;;;Output;EPKS_UCB;ESD_912_1;552
M;1508_1510_1;;;;C9011001;FIRST OUT SEQUENCE;;ЛОЖЬ;ЛОЖЬ;;1510;;;;;;;0;;;;797;ЛОЖЬ;0;;;;;;;1=FU ALARM;;;;;;;Undefined;;;;;;;;;;;;ЛОЖЬ;ИСТИНА;;;;;;;;;;;;;;;;;;;;;;;;
M;C329_2_G;;;9100;9100;Function block marker;;ЛОЖЬ;ЛОЖЬ;;329;;;;;;;0;;;;2133;ЛОЖЬ;0;;;;;;;;;;;;;;Undefined;;;;;;;;;;;;ЛОЖЬ;ИСТИНА;;;;;;;;;;;;;;;;;;;;;;;;
BO;91TI106_HH;;COM;901-10;A_C90111;HH TRIP SETPOINT (°C);No;ИСТИНА;ЛОЖЬ;;300;;Float;;;;;0;;;;412;;33988;;;;;;;;;0;0;;;;-XXXXX.X;491;3428;;;;;;;;;;ЛОЖЬ;;;;;;;;;;;;;;;;;;;;;;Output;EPKS_UCB;ESD_912_1;10172
DO;91LALL060_CA;;COM;9100;;CAUSE ALARM;No;ЛОЖЬ;ЛОЖЬ;;329;;;;;;;0;;;;1097;ЛОЖЬ;0;None;;;;;;0=ALARM;0=ALARM;;;;;;Undefined;;;;;;;;;;;;ЛОЖЬ;ИСТИНА;;;;;;;;;;;;;;;;;;;;;Output;EPKS_UCB;ESD_912_1;885
M;624_4;;;9100;;;;ЛОЖЬ;ЛОЖЬ;;624;;;;;;;0;;;;622;ЛОЖЬ;0;;;;;;;;;;;;;;Undefined;491;3428;;;;;;;;;;ЛОЖЬ;;;;;;;;;;;;;;;;;;;;;;;;;
M;C624_2_C;;;9100;9100;Function block marker;;ЛОЖЬ;ЛОЖЬ;;624;;;;;;;0;;;;2074;ЛОЖЬ;0;;;;;;;;;;;;;;Undefined;;;;;;;;;;;;ЛОЖЬ;ИСТИНА;;;;;;;;;;;;;;;;;;;;;;;;
M;C319_1_E;;;;;Function block marker;;ЛОЖЬ;ЛОЖЬ;;319;;;;;;;0;;;;2678;ЛОЖЬ;0;;;;;;;;;;;;;;Undefined;;;;;;;;;;;;ЛОЖЬ;ИСТИНА;;;;;;;;;;;;;;;;;;;;;;;;
M;C358_3_D;;;9100;9100;Function block marker;;ЛОЖЬ;ЛОЖЬ;;358;;;;;;;0;;;;1914;ЛОЖЬ;0;;;;;;;;;;;;;;Undefined;491;3428;;;;;;;;;;ЛОЖЬ;;;;;;;;;;;;;;;;;;;;;;;;;
T;510_2;;;9100;;;;ЛОЖЬ;ЛОЖЬ;;510;;;;;;;;100 ms;5;;116;ЛОЖЬ;0;;;;;;;;;;;;;;Undefined;;;Delayed OFF with constant timer value;;;;;;;;;ЛОЖЬ;ИСТИНА;;;;;;;;;;;;;;;;;;;;;;;;
M;C520_1_B;;;9100;9100;Function block marker;;ЛОЖЬ;ЛОЖЬ;;520;;;;;;;0;;;;663;ЛОЖЬ;0;;;;;;;;;;;;;;Undefined;491;3428;;;;;;;;;;ЛОЖЬ;;;;;;;;;;;;;;;;;;;;;;;;;
M;318_356_2;;;901-10;;91PAHH084_I;;ЛОЖЬ;ЛОЖЬ;;356;;;;;;;0;;;;1423;ЛОЖЬ;0;;;;;;;0=TRIP INITIATOR;;;;;;;Undefined;491;3428;;;;;;;;;;ЛОЖЬ;;;;;;;;;;;;;;;;;;;;;;;;;
DI;91HS071A_P;;COM;901-10;A_90110;91XV071 OPEN;No;ИСТИНА;ИСТИНА;;394;;;;;;;0;;;;2167;ЛОЖЬ;33582;None;;;;;;1=OPEN (MOM);;;;;;;Undefined;491;3428;;;;;;Low;;;;ЛОЖЬ;;;;ЛОЖЬ;;;;;;;;;;;;;;;;;;Input;EPKS_UCB;ESD_912_1;149
DI;91HS074B;;COM;901-10;A_90110;91XV074 CLOSE;No;ЛОЖЬ;ИСТИНА;;400;;;;;;;0;;;;2191;ЛОЖЬ;0;None;;;;;;1=CLOSE (MOM);;;;;;;Undefined;;;;;;;;Low;;;;ЛОЖЬ;ИСТИНА;;;ЛОЖЬ;;;;;;;;;;;;;;;;;;Input;EPKS_UCB;ESD_912_1;154
AI;91TI107;;FLD;901-10;A_C90111;Тем-ра. пары из конц. холка компр. C-9011001SX;Yes;ИСТИНА;ЛОЖЬ;;302;ИСТИНА;Float;4-20mA;0;100;°C;;;;;276;ЛОЖЬ;33785;;None;None;None;None;;;;;;;;;-XXXXX.X;3.76;21;;18.04;9;2;1;Top scale;;;;ЛОЖЬ;ИСТИНА;ЛОЖЬ;;;;;;;;;;;;;;;;;;;;Output;EPKS_UCB;ESD_912_1;10201
DO;91XY071_C_ESD;;COM;901-10;A_90110;91XY071 ESD TRIP;No;ЛОЖЬ;ЛОЖЬ;;394;;;;;;;0;;;;1069;ЛОЖЬ;0;None;;;;;;0=TRIP;;;;;;;Undefined;;;;;;;;;;;;ЛОЖЬ;ИСТИНА;;;;;;;;;;;;;;;;;;;;;Output;EPKS_UCB;ESD_912_1;872
M;C635_1_B;;;;;Function block marker;;ЛОЖЬ;ЛОЖЬ;;635;;;;;;;0;;;;1661;ЛОЖЬ;0;;;;;;;;;;;;;;Undefined;;;;;;;;;;;;ЛОЖЬ;ИСТИНА;;;;;;;;;;;;;;;;;;;;;;;;
T;518_1;;;9100;;;;ЛОЖЬ;ЛОЖЬ;;518;;;;;;;;100 ms;5;;624;ЛОЖЬ;0;;;;;;;;;;;;;;Undefined;;;Delayed OFF with constant timer value;;;;;;;;;ЛОЖЬ;ИСТИНА;;;;;;;;;;;;;;;;;;;;;;;;
DO;91XY076;;MCC;901-10;A_90110;AUTO CLOSURE 91XV076;Yes;ИСТИНА;ЛОЖЬ;;436;;;;;;;0;;;;120;ЛОЖЬ;33411;None;;;;;;1=CLOSE;;;;;;;Undefined;491;3428;;18.06;5;1;1;Appl;;;;ЛОЖЬ;;;;;;;;;;;;;;;;;;;;;;;;;
M;601_1320_2;;;;;91LAL801_PERM;;ЛОЖЬ;ЛОЖЬ;;1320;;;;;;;0;;;;1991;ЛОЖЬ;0;;;;;;;0=ALARM;;;;;;;Undefined;;;;;;;;;;;;ЛОЖЬ;ИСТИНА;;;;;;;;;;;;;;;;;;;;;;;;
M;392_1;;;901-10;;;;ЛОЖЬ;ЛОЖЬ;;392;;;;;;;0;;;;1676;ЛОЖЬ;0;;;;;;;;;;;;;;Undefined;491;3428;;;;;;;;;;ЛОЖЬ;;;;;;;;;;;;;;;;;;;;;;;;;
M;388_2;;;9100;;;;ЛОЖЬ;ЛОЖЬ;;388;;;;;;;0;;;;774;ЛОЖЬ;0;;;;;;;;;;;;;;Undefined;491;3428;;;;;;;;;;ЛОЖЬ;;;;;;;;;;;;;;;;;;;;;;;;;
DO;91PALL802A_P;;COM;901-10;;INDICATION LIGHT;No;ИСТИНА;ЛОЖЬ;;622;;;;;;;0;;;;544;ЛОЖЬ;33989;None;;;;;;1=ACTIVE;;;;;;;Undefined;491;3428;;;;;;;;;;ЛОЖЬ;;;;;;;;;;;;;;;;;;Output;CC_UCB_1;ESD_912_1;87;;;;
T;608_5;;;9100;;;;ЛОЖЬ;ЛОЖЬ;;608;;;;;;;;100 ms;5;;180;ЛОЖЬ;0;;;;;;;;;;;;;;Undefined;;;Delayed OFF with constant timer value;;;;;;;;;ЛОЖЬ;ИСТИНА;;;;;;;;;;;;;;;;;;;;;;;;
M;2460_C;;;;;LIMIT_OPEN;;ЛОЖЬ;ЛОЖЬ;;2460;;;;;;;0;;;;146;ЛОЖЬ;0;;;;;;;;;;;;;;Undefined;491;3428;;;;;;;;;;ЛОЖЬ;;;;;;;;;;;;;;;;;;;;;;;;;
M;C1520_1_I;;;;;Function block marker;;ЛОЖЬ;ЛОЖЬ;;1520;;;;;;;0;;;;943;ЛОЖЬ;0;;;;;;;;;;;;;;Undefined;;;;;;;;;;;;ЛОЖЬ;ИСТИНА;;;;;;;;;;;;;;;;;;;;;;;;
M;326_1;;;901-10;;;;ЛОЖЬ;ЛОЖЬ;;326;;;;;;;0;;;;1505;ЛОЖЬ;0;;;;;;;;;;;;;;Undefined;491;3428;;;;;;;;;;ЛОЖЬ;;;;;;;;;;;;;;;;;;;;;;;;;
M;636_3;;;9100;;;;ЛОЖЬ;ЛОЖЬ;;636;;;;;;;0;;;;1972;ЛОЖЬ;0;;;;;;;;;;;;;;Undefined;;;;;;;;;;;;ЛОЖЬ;ИСТИНА;;;;;;;;;;;;;;;;;;;;;;;;
M;C621_4_B;;;;;Function block marker;;ЛОЖЬ;ЛОЖЬ;;621;;;;;;;0;;;;2758;ЛОЖЬ;0;;;;;;;;;;;;;;Undefined;;;;;;;;;;;;ЛОЖЬ;ИСТИНА;;;;;;;;;;;;;;;;;;;;;;;;
M;502_1310_3;;;;;91PDAH753_PERM;;ЛОЖЬ;ЛОЖЬ;;1310;;;;;;;0;;;;469;ЛОЖЬ;0;;;;;;;0=ALARM;;;;;;;Undefined;;;;;;;;;;;;ЛОЖЬ;ИСТИНА;;;;;;;;;;;;;;;;;;;;;;;;
M;2490_A;;;;;Trip Initiator/0=Trip;;ЛОЖЬ;ЛОЖЬ;;2490;;;;;;;0;;;;189;ЛОЖЬ;0;;;;;;;;;;;;;;Undefined;491;3428;;;;;;;;;;ЛОЖЬ;;;;;;;;;;;;;;;;;;;;;;;;;
M;C314_1_E;;;9100;9100;Function block marker;;ЛОЖЬ;ЛОЖЬ;;314;;;;;;;0;;;;2075;ЛОЖЬ;0;;;;;;;;;;;;;;Undefined;491;3428;;;;;;;;;;ЛОЖЬ;;;;;;;;;;;;;;;;;;;;;;;;;
M;2470_6;;;;;;;ЛОЖЬ;ЛОЖЬ;;2470;;;;;;;0;;;;129;ЛОЖЬ;0;;;;;;;;;;;;;;Undefined;491;3428;;;;;;;;;;ЛОЖЬ;;;;;;;;;;;;;;;;;;;;;;;;;
M;C246_1_D;;;4300;4300;Function block marker;;ЛОЖЬ;ЛОЖЬ;;246;;;;;;;0;;;;2111;ЛОЖЬ;0;;;;;;;;;;;;;;Undefined;491;3428;;;;;;;;;;ЛОЖЬ;;;;;;;;;;;;;;;;;;;;;;;;;
DO;91PAHH075_CA;;COM;901-10;;CAUSE ALARM;No;ЛОЖЬ;ЛОЖЬ;;314;;;;;;;0;;;;1111;ЛОЖЬ;0;None;;;;;;0=ALARM;0=ALARM;;;;;;Undefined;;;;;;;;;;;;ЛОЖЬ;ИСТИНА;;;;;;;;;;;;;;;;;;;;;Output;EPKS_UCB;ESD_912_1;899
BO;91LI058_HH;;COM;901-10;A_90110;HH TRIP SETPOINT (%);No;ИСТИНА;ЛОЖЬ;;326;;Float;;;;;0;;;;580;;33990;;;;;;;;;0;0;;;;-XXXXX.X;491;3428;;;;;;;;;;ЛОЖЬ;;;;;;;;;;;;;;;;;;;;;;Output;EPKS_UCB;ESD_912_1;10125
DO;91PAHH073_FU;;COM;901-10;A_90110;LIQUID AMM TO V9011001S;No;ИСТИНА;ЛОЖЬ;;1528;;;;;;;0;;;;1010;ИСТИНА;34148;None;;;;;;1=FIRST;;;;;;;Undefined;;;;;;;;;;;;ЛОЖЬ;ИСТИНА;;;;;;;;;;;;;;;;;;;;;Output;EPKS_UCB;ESD_912_1;854
DI;18-RepairTimerStart_CP1;;SYS;;;REPAIR TIME STARTED CP1;Yes;ЛОЖЬ;;;17;;;;;;;;;;;26;ЛОЖЬ;0;None;;;;;;;;;;;;;Undefined;491;3428;;;;;;;;;;ЛОЖЬ;;;;ЛОЖЬ;;;;;;;;;;;;;;;;;;;;;
M;C335_2_E;;;;;Function block marker;;ЛОЖЬ;ЛОЖЬ;;335;;;;;;;0;;;;2567;ЛОЖЬ;0;;;;;;;;;;;;;;Undefined;;;;;;;;;;;;ЛОЖЬ;ИСТИНА;;;;;;;;;;;;;;;;;;;;;;;;
M;C614_5_F;;;9100;9100;Function block marker;;ЛОЖЬ;ЛОЖЬ;;614;;;;;;;0;;;;2135;ЛОЖЬ;0;;;;;;;;;;;;;;Undefined;;;;;;;;;;;;ЛОЖЬ;ИСТИНА;;;;;;;;;;;;;;;;;;;;;;;;
DO;91PALL752_FU;;COM;901-10;A_C90111;C9011001AX GAS PRS;No;ИСТИНА;ЛОЖЬ;;1500;;;;;;;0;;;;802;ИСТИНА;34100;None;;;;;;1=FIRST;;;;;;;Undefined;;;;;;;;;;;;ЛОЖЬ;ИСТИНА;;;;;;;;;;;;;;;;;;;;;Output;EPKS_UCB;ESD_912_1;806
DO;91TI803_TF;;COM;901-10;A_C90111;TRANSM FAULT;No;ЛОЖЬ;ЛОЖЬ;;614;;;;;;;0;;;;1502;ИСТИНА;33638;None;;;;;;0=ALARM;0=ALARM;;;;;;Undefined;;;;;;;;;;;;ЛОЖЬ;ИСТИНА;;;;;;;;;;;;;;;;;;;;;Output;EPKS_UCB;ESD_912_1;1017
M;C240_3_E;;;4300;4300;Function block marker;;ЛОЖЬ;ЛОЖЬ;;240;;;;;;;0;;;;2125;ЛОЖЬ;0;;;;;;;;;;;;;;Undefined;491;3428;;;;;;;;;;ЛОЖЬ;;;;;;;;;;;;;;;;;;;;;;;;;
DO;91LY754;;MCC;901-10;A_C90111;C-9011001AX OIL TANK LVL;Yes;ИСТИНА;ЛОЖЬ;;534;;;;;;;0;;;;168;ИСТИНА;33412;None;;;;;;0=TRIP;;;;;;;Undefined;491;3428;;18.06;11;1;1;Appl;;;;ЛОЖЬ;;;;;;;;;;;;;;;;;;;;;;Output;EPKS_UCB;ESD_912_1;757
M;302_3;;;901-10;;;;ЛОЖЬ;ЛОЖЬ;;302;;;;;;;0;;;;420;ЛОЖЬ;0;;;;;;;;;;;;;;Undefined;491;3428;;;;;;;;;;ЛОЖЬ;;;;;;;;;;;;;;;;;;;;;;;;;
M;C510_1_F;;;9100;9100;Function block marker;;ЛОЖЬ;ЛОЖЬ;;510;;;;;;;0;;;;1182;ЛОЖЬ;0;;;;;;;;;;;;;;Undefined;;;;;;;;;;;;ЛОЖЬ;ИСТИНА;;;;;;;;;;;;;;;;;;;;;;;;
M;1502_3;;;;C9011001;;;ЛОЖЬ;ЛОЖЬ;;1502;;;;;;;0;;;;49;ЛОЖЬ;0;;;;;;;;;;;;;;Undefined;;;;;;;;;;;;ЛОЖЬ;ИСТИНА;;;;;;;;;;;;;;;;;;;;;;;;
DI;91HS807_P;;COM;901-10;A_C90111;C9011001SX RESET;No;ИСТИНА;ИСТИНА;;636;;;;;;;0;;;;700;ИСТИНА;33476;None;;;;;;1=RESET;;;;;;;Undefined;491;3428;;;;;;Low;;;;ЛОЖЬ;;;;ЛОЖЬ;;;;;;;;;;;;;;Input;CC_UCB_1;ESD_912_1;29;Output;EPKS_UCB;ESD_912_1;2028
T;605_4;;;;;;;ЛОЖЬ;ЛОЖЬ;;605;;;;;;;;100 ms;5;;160;ЛОЖЬ;0;;;;;;;;;;;;;;Undefined;;;Delayed OFF with constant timer value;;;;;;;;;ЛОЖЬ;ИСТИНА;;;;;;;;;;;;;;;;;;;;;;;;
R;618_598_4;;;9100;;91TI811A;;ЛОЖЬ;ЛОЖЬ;;598;;Float;;;;;0;;;;712;ЛОЖЬ;0;;;;;;;;;;;;;;Undefined;;;;;;;;;;;;ЛОЖЬ;ИСТИНА;;;;;;;;;;;;;;;;;;;;;;;;
DO;91FI030B_MOC;;COM;901-10;A_90110;MO CONFIRMED;No;ИСТИНА;ЛОЖЬ;;352;;;;;;;0;;;;1390;ИСТИНА;33706;None;;;;;;1=CONFIRMED;;;;;;;Undefined;491;3428;;;;;;;;;;ЛОЖЬ;;;;;;;;;;;;;;;;;;;;;;Output;EPKS_UCB;ESD_912_1;430
M;606_188_1;;;901-10;;91PT822;;ЛОЖЬ;ЛОЖЬ;;188;;;;;;;0;;;;2005;ЛОЖЬ;0;;;;;;;1=MO CONFIRMED;;;;;;;Undefined;491;3428;;;;;;;;;;ЛОЖЬ;;;;;;;;;;;;;;;;;;;;;;;;;
DO;91XY047_C;;COM;9100;;AUTO CLOSURE 91XV047;No;ИСТИНА;ЛОЖЬ;;422;;;;;;;0;;;;740;ИСТИНА;33428;None;;;;;;0=CLOSE;;;;;;;Undefined;491;3428;;;;;;;;;;ЛОЖЬ;;;;;;;;;;;;;;;;;;;;;;Output;EPKS_UCB;ESD_912_1;773
M;326_327_1;;;;;91LT058;;ЛОЖЬ;ЛОЖЬ;;327;;;;;;;0;;;;2051;ЛОЖЬ;0;;;;;;;1=MO CONFIRMED;;;;;;;Undefined;;;;;;;;;;;;ЛОЖЬ;ИСТИНА;;;;;;;;;;;;;;;;;;;;;;;;
M;606_6;;;9100;;;;ЛОЖЬ;ЛОЖЬ;;606;;;;;;;0;;;;1704;ЛОЖЬ;0;;;;;;;;;;;;;;Undefined;;;;;;;;;;;;ЛОЖЬ;ИСТИНА;;;;;;;;;;;;;;;;;;;;;;;;
DO;91PAL830;;COM;901-10;A_C90111;LO ALARM;No;ЛОЖЬ;ЛОЖЬ;;608;;;;;;;0;;;;1541;ЛОЖЬ;0;None;;;;;;0=ALARM;0=ALARM;;;;;;Undefined;;;;;;;;;;;;ЛОЖЬ;ИСТИНА;;;;;;;;;;;;;;;;;;;;;Output;EPKS_UCB;ESD_912_1;1012
M;C612_6_G;;;9100;9100;Function block marker;;ЛОЖЬ;ЛОЖЬ;;612;;;;;;;0;;;;2640;ЛОЖЬ;0;;;;;;;;;;;;;;Undefined;;;;;;;;;;;;ЛОЖЬ;ИСТИНА;;;;;;;;;;;;;;;;;;;;;;;;
DO;91XY087_C;;COM;9100;;AUTO CLOSURE 91XV087;No;ИСТИНА;ЛОЖЬ;;454;;;;;;;0;;;;668;ИСТИНА;33439;None;;;;;;0=CLOSE;;;;;;;Undefined;491;3428;;;;;;;;;;ЛОЖЬ;;;;;;;;;;;;;;;;;;;;;;Output;EPKS_UCB;ESD_912_1;789
DO;91LI076_TF;;COM;9100;;TRANSM FAULT;No;ЛОЖЬ;ЛОЖЬ;;340;;;;;;;0;;;;2595;ИСТИНА;33873;None;;;;;;0=ALARM;0=ALARM;;;;;;Undefined;;;;;;;;;;;;ЛОЖЬ;ИСТИНА;;;;;;;;;;;;;;;;;;;;;Output;EPKS_UCB;ESD_912_1;951
M;C496_2_E;;;9100;9100;Function block marker;;ЛОЖЬ;ЛОЖЬ;;496;;;;;;;0;;;;554;ЛОЖЬ;0;;;;;;;;;;;;;;Undefined;491;3428;;;;;;;;;;ЛОЖЬ;;;;;;;;;;;;;;;;;;;;;;;;;
M;C518_1_F;;;9100;9100;Function block marker;;ЛОЖЬ;ЛОЖЬ;;518;;;;;;;0;;;;2800;ЛОЖЬ;0;;;;;;;;;;;;;;Undefined;;;;;;;;;;;;ЛОЖЬ;ИСТИНА;;;;;;;;;;;;;;;;;;;;;;;;
DO;91LI058_MOC;;COM;901-10;A_90110;MO CONFIRMED;No;ИСТИНА;ЛОЖЬ;;326;;;;;;;0;;;;1508;ИСТИНА;33707;None;;;;;;1=CONFIRMED;;;;;;;Undefined;491;3428;;;;;;;;;;ЛОЖЬ;;;;;;;;;;;;;;;;;;;;;;Output;EPKS_UCB;ESD_912_1;509
DI;18-Flasher-1Hz;;SYS;;;1 HZ FLASHER;No;ЛОЖЬ;;;2480;;;;;;;;;;;28;ЛОЖЬ;0;None;;;;;;;;;;;;;Undefined;491;3428;;;;;;;;;;ЛОЖЬ;;;;ЛОЖЬ;;;;;;;;;;;;;;;;;;;;;
M;2480_2;;;;;;;ЛОЖЬ;ЛОЖЬ;;2480;;;;;;;0;;;;1219;ЛОЖЬ;0;;;;;;;;;;;;;;Undefined;491;3428;;;;;;;;;;ЛОЖЬ;;;;;;;;;;;;;;;;;;;;;;;;;
DO;91FI029B_MOC;;COM;901-10;A_90110;MO CONFIRMED;No;ИСТИНА;ЛОЖЬ;;348;;;;;;;0;;;;1652;ИСТИНА;33708;None;;;;;;1=CONFIRMED;;;;;;;Undefined;491;3428;;;;;;;;;;ЛОЖЬ;;;;;;;;;;;;;;;;;;;;;;Output;EPKS_UCB;ESD_912_1;428
M;C240_1_D;;;4300;4300;Function block marker;;ЛОЖЬ;ЛОЖЬ;;240;;;;;;;0;;;;2122;ЛОЖЬ;0;;;;;;;;;;;;;;Undefined;491;3428;;;;;;;;;;ЛОЖЬ;;;;;;;;;;;;;;;;;;;;;;;;;
R;504_505_4;;;;;91PI751;;ЛОЖЬ;ЛОЖЬ;;505;;Float;;;;;0;;;;776;ЛОЖЬ;0;;;;;;;;;;;;;;Undefined;;;;;;;;;;;;ЛОЖЬ;ИСТИНА;;;;;;;;;;;;;;;;;;;;;;;;
T;240_2;;;901-10;;;;ЛОЖЬ;ЛОЖЬ;;240;;;;;;;;100 ms;5;;24;ЛОЖЬ;0;;;;;;;;;;;;;;Undefined;491;3428;Delayed OFF with constant timer value;;;;;;;;;ЛОЖЬ;;;;;;;;;;;;;;;;;;;;;;;;;
DO;91XY075;;MCC;901-10;A_90110;AUTO CLOSURE 91XV075;Yes;ИСТИНА;ЛОЖЬ;;434;;;;;;;0;;;;111;ЛОЖЬ;33413;None;;;;;;1=CLOSE;;;;;;;Undefined;491;3428;;18.06;3;8;1;Appl;;;;ЛОЖЬ;;;;;;;;;;;;;;;;;;;;;;;;;
DO;91HA801A;;COM;9100;;C-9011001SX EMER. STOP;No;ИСТИНА;ЛОЖЬ;;624;;;;;;;0;;;;2059;ИСТИНА;33637;None;;;;;;0=TRIP;0=TRIP;;;;;;Undefined;;;;;;;;;;;;ЛОЖЬ;ИСТИНА;;;;;;;;;;;;;;;;;;;;;Output;EPKS_UCB;ESD_912_1;1027
M;314_4;;;901-10;;;;ЛОЖЬ;ЛОЖЬ;;314;;;;;;;0;;;;409;ЛОЖЬ;0;;;;;;;;;;;;;;Undefined;491;3428;;;;;;;;;;ЛОЖЬ;;;;;;;;;;;;;;;;;;;;;;;;;
DO;91LAL495B_P;;COM;901-05;A_90105;INDICATION LIGHT;No;ИСТИНА;ЛОЖЬ;;252;;;;;;;0;;;;2127;ЛОЖЬ;33991;None;;;;;;1=ACTIVE;;;;;;;Undefined;491;3428;;;;;;;;;;ЛОЖЬ;;;;;;;;;;;;;;;;;;Output;CC_UCB_1;ESD_912_1;76;;;;
M;350_524_1;;;901-10;;91-I-550;;ЛОЖЬ;ЛОЖЬ;;524;;;;;;;0;;;;1904;ЛОЖЬ;0;;;;;;;0=TRIP;;;;;;;Undefined;491;3428;;;;;;;;;;ЛОЖЬ;;;;;;;;;;;;;;;;;;;;;;;;;
BO;IB912_ESD1_MINUTE;;COM;;;MINUTE;No;ЛОЖЬ;ЛОЖЬ;;19;;Byte;;;;;0;;;;29;;0;;None;None;None;None;;;;;;;;;-XXXXX.X;;;;;;;;;;;;ЛОЖЬ;ИСТИНА;;;;;;;;;;;;;;;;;;;;;Output;EPKS_UCB;ESD_912_1;10189
DO;91TAHH108_FU;;COM;901-10;A_C90111;AMM C9011001SX;No;ИСТИНА;ЛОЖЬ;;1520;;;;;;;0;;;;920;ИСТИНА;34138;None;;;;;;1=FIRST;;;;;;;Undefined;;;;;;;;;;;;ЛОЖЬ;ИСТИНА;;;;;;;;;;;;;;;;;;;;;Output;EPKS_UCB;ESD_912_1;844
M;C528_1;;;9100;9100;Compiler marker (317, 48);;ЛОЖЬ;ЛОЖЬ;;528;;;;;;;0;;;;657;ЛОЖЬ;0;;;;;;;;;;;;;;Undefined;491;3428;;;;;;;;;;ЛОЖЬ;;;;;;;;;;;;;;;;;;;;;;;;;
DO;91ZALL751;;COM;901-10;A_C90111;C-9011001AX HANDWHEEL;No;ИСТИНА;ЛОЖЬ;;520;;;;;;;0;;;;518;ИСТИНА;33450;None;;;;;;0=TRIP;;;;;;;Undefined;491;3428;;;;;;;;;;ЛОЖЬ;;;;;;;;;;;;;;;;;;;;;;Output;EPKS_UCB;ESD_912_1;451
M;616_1;;;901-10;;;;ЛОЖЬ;ЛОЖЬ;;616;;;;;;;0;;;;1973;ЛОЖЬ;0;;;;;;;;;;;;;;Undefined;491;3428;;;;;;;;;;ЛОЖЬ;;;;;;;;;;;;;;;;;;;;;;;;;
M;C394_1;;;901-10;;Compiler marker (304, 90);;ЛОЖЬ;ЛОЖЬ;;394;;;;;;;0;;;;1834;ЛОЖЬ;0;;;;;;;;;;;;;;Undefined;491;3428;;;;;;;;;;ЛОЖЬ;;;;;;;;;;;;;;;;;;;;;;;;;
T;342_1;;;901-10;;;;ЛОЖЬ;ЛОЖЬ;;342;;;;;;;;100 ms;10;;232;ЛОЖЬ;0;;;;;;;;;;;;;;Undefined;491;3428;Delayed OFF with constant timer value;;;;;;;;;ЛОЖЬ;;;;;;;;;;;;;;;;;;;;;;;;;
DO;91TAHH802_CA;;COM;901-10;A_C90111;CAUSE ALARM;No;ЛОЖЬ;ЛОЖЬ;;612;;;;;;;0;;;;1980;ЛОЖЬ;0;None;;;;;;0=ALARM;;;;;;;Undefined;491;3428;;;;;;;;;;ЛОЖЬ;;;;;;;;;;;;;;;;;;;;;;Output;EPKS_UCB;ESD_912_1;633
M;501_1310_2;;;;;91LAL751_PERM;;ЛОЖЬ;ЛОЖЬ;;1310;;;;;;;0;;;;1447;ЛОЖЬ;0;;;;;;;0=ALARM;;;;;;;Undefined;;;;;;;;;;;;ЛОЖЬ;ИСТИНА;;;;;;;;;;;;;;;;;;;;;;;;
M;C1508_1_H;;;;;Function block marker;;ЛОЖЬ;ЛОЖЬ;;1508;;;;;;;0;;;;972;ЛОЖЬ;0;;;;;;;;;;;;;;Undefined;;;;;;;;;;;;ЛОЖЬ;ИСТИНА;;;;;;;;;;;;;;;;;;;;;;;;
BO;91LI077_HH;;COM;901-10;A_90110;HH TRIP SETPOINT (%);No;ИСТИНА;ЛОЖЬ;;340;;Float;;;;;0;;;;668;;33992;;;;;;;;;0;0;;;;-XXXXX.X;491;3428;;;;;;;;;;ЛОЖЬ;;;;;;;;;;;;;;;;;;;;;;Output;EPKS_UCB;ESD_912_1;10135
M;C618_3_E;;;9100;9100;Function block marker;;ЛОЖЬ;ЛОЖЬ;;618;;;;;;;0;;;;2780;ЛОЖЬ;0;;;;;;;;;;;;;;Undefined;;;;;;;;;;;;ЛОЖЬ;ИСТИНА;;;;;;;;;;;;;;;;;;;;;;;;
M;614_188_1;;;901-10;;91TT804;;ЛОЖЬ;ЛОЖЬ;;188;;;;;;;0;;;;2026;ЛОЖЬ;0;;;;;;;1=MO CONFIRMED;;;;;;;Undefined;491;3428;;;;;;;;;;ЛОЖЬ;;;;;;;;;;;;;;;;;;;;;;;;;
DO;91XL004A1_ON;;FSC;901-10;A_C90111;STOP C-9011001AX;No;ЛОЖЬ;ЛОЖЬ;;296;;;;;;;0;;;;522;ЛОЖЬ;0;None;;;;;;1=LAMP ON;;;;;;;Undefined;491;3428;;;;;;;;;;ЛОЖЬ;;;;;;Output;ESD_002_1;ESD_912_1;4;;;;;;;;;;;;;;;;
M;C1510_1_L;;;;;Function block marker;;ЛОЖЬ;ЛОЖЬ;;1510;;;;;;;0;;;;970;ЛОЖЬ;0;;;;;;;;;;;;;;Undefined;;;;;;;;;;;;ЛОЖЬ;ИСТИНА;;;;;;;;;;;;;;;;;;;;;;;;
BO;91LI058_LL;;COM;;;LL TRIP SETPOINT (%);No;ИСТИНА;ЛОЖЬ;;327;;Float;;;;;0;;;;612;;33993;;;;;;;;;0;0;;;;-XXXXX.X;491;3428;;;;;;;;;;ЛОЖЬ;;;;;;;;;;;;;;;;;;;;;;Output;EPKS_UCB;ESD_912_1;10126
M;171_2375_1;;;;;MOS 901-10 ENABLED;;ЛОЖЬ;ЛОЖЬ;;2375;;;;;;;0;;;;1261;ЛОЖЬ;0;;;;;;;1=ENABLED;;;;;;;Undefined;491;3428;;;;;;;;;;ЛОЖЬ;;;;;;;;;;;;;;;;;;;;;;;;;
DO;91TAL761PERM_P;;COM;901-10;;PERM. TO START;No;ИСТИНА;ЛОЖЬ;;498;;;;;;;0;;;;595;ЛОЖЬ;33994;None;;;;;;0=ALARM;;;;;;;Undefined;491;3428;;;;;;;;;;ЛОЖЬ;;;;;;;;;;;;;;;;;;Output;CC_UCB_1;ESD_912_1;105;;;;
M;C506_5_G;;;9100;9100;Function block marker;;ЛОЖЬ;ЛОЖЬ;;506;;;;;;;0;;;;2880;ЛОЖЬ;0;;;;;;;;;;;;;;Undefined;;;;;;;;;;;;ЛОЖЬ;ИСТИНА;;;;;;;;;;;;;;;;;;;;;;;;
DO;91XA758_P;;COM;901-10;A_C90111;MMS TRIP LAMP;No;ИСТИНА;ЛОЖЬ;;534;;;;;;;0;;;;1916;ЛОЖЬ;33995;None;;;;;;1=ACTIVE;;;;;;;Undefined;491;3428;;;;;;;;;;ЛОЖЬ;;;;;;;;;;;;;;;;;;Output;CC_UCB_1;ESD_912_1;93;;;;
DO;91LI048_TF;;COM;9100;;TRANSM FAULT;No;ЛОЖЬ;ЛОЖЬ;;336;;;;;;;0;;;;2578;ИСТИНА;33831;None;;;;;;0=ALARM;0=ALARM;;;;;;Undefined;;;;;;;;;;;;ЛОЖЬ;ИСТИНА;;;;;;;;;;;;;;;;;;;;;Output;EPKS_UCB;ESD_912_1;949
M;628_632_2;;;901-10;;CAPACITY 50%;;ЛОЖЬ;ЛОЖЬ;;632;;;;;;;0;;;;451;ЛОЖЬ;0;;;;;;;1=ACTIVE;;;;;;;Undefined;491;3428;;;;;;;;;;ЛОЖЬ;;;;;;;;;;;;;;;;;;;;;;;;;
M;2430_E;;;;;0=TRIP;;ЛОЖЬ;ЛОЖЬ;;2430;;;;;;;0;;;;137;ЛОЖЬ;0;;;;;;;;;;;;;;Undefined;491;3428;;;;;;;;;;ЛОЖЬ;;;;;;;;;;;;;;;;;;;;;;;;;
M;298_4;;;901-10;;;;ЛОЖЬ;ЛОЖЬ;;298;;;;;;;0;;;;425;ЛОЖЬ;0;;;;;;;;;;;;;;Undefined;491;3428;;;;;;;;;;ЛОЖЬ;;;;;;;;;;;;;;;;;;;;;;;;;
M;606_622_2;;;9100;;91PAHH822_I;;ЛОЖЬ;ЛОЖЬ;;622;;;;;;;0;;;;1963;ЛОЖЬ;0;;;;;;;0=TRIP INITIATOR;;;;;;;Undefined;491;3428;;;;;;;;;;ЛОЖЬ;;;;;;;;;;;;;;;;;;;;;;;;;
M;C248_2_B;;;4300;4300;Function block marker;;ЛОЖЬ;ЛОЖЬ;;248;;;;;;;0;;;;2106;ЛОЖЬ;0;;;;;;;;;;;;;;Undefined;491;3428;;;;;;;;;;ЛОЖЬ;;;;;;;;;;;;;;;;;;;;;;;;;
M;335_334_3;;;9100;;91LT047_F;;ЛОЖЬ;ЛОЖЬ;;334;;;;;;;0;;;;2563;ЛОЖЬ;0;;;;;;;1=FAULT;;;;;;;Undefined;;;;;;;;;;;;ЛОЖЬ;ИСТИНА;;;;;;;;;;;;;;;;;;;;;;;;
T;317_2;;;;;;;ЛОЖЬ;ЛОЖЬ;;317;;;;;;;;100 ms;5;;828;ЛОЖЬ;0;;;;;;;;;;;;;;Undefined;;;Delayed OFF with constant timer value;;;;;;;;;ЛОЖЬ;ИСТИНА;;;;;;;;;;;;;;;;;;;;;;;;
DO;91PAHH099_CA;;COM;901-10;A_90110;CAUSE ALARM;No;ЛОЖЬ;ЛОЖЬ;;320;;;;;;;0;;;;1459;ЛОЖЬ;0;None;;;;;;0=ALARM;;;;;;;Undefined;491;3428;;;;;;;;;;ЛОЖЬ;;;;;;;;;;;;;;;;;;;;;;Output;EPKS_UCB;ESD_912_1;541
DO;91XY045;;MCC;901-10;A_90110;AUTO CLOSURE 91XV045;Yes;ИСТИНА;ЛОЖЬ;;418;;;;;;;0;;;;95;ЛОЖЬ;33414;None;;;;;;1=CLOSE;;;;;;;Undefined;491;3428;;18.06;1;8;1;Appl;;;;ЛОЖЬ;;;;;;;;;;;;;;;;;;;;;;;;;
M;1500_9;;;;C9011001;;;ЛОЖЬ;ЛОЖЬ;;1500;;;;;;;0;;;;43;ЛОЖЬ;0;;;;;;;;;;;;;;Undefined;;;;;;;;;;;;ЛОЖЬ;ИСТИНА;;;;;;;;;;;;;;;;;;;;;;;;
M;C1524_1_M;;;;;Function block marker;;ЛОЖЬ;ЛОЖЬ;;1524;;;;;;;0;;;;935;ЛОЖЬ;0;;;;;;;;;;;;;;Undefined;;;;;;;;;;;;ЛОЖЬ;ИСТИНА;;;;;;;;;;;;;;;;;;;;;;;;
T;621_1;;;;;;;ЛОЖЬ;ЛОЖЬ;;621;;;;;;;;100 ms;5;;940;ЛОЖЬ;0;;;;;;;;;;;;;;Undefined;;;Delayed OFF with constant timer value;;;;;;;;;ЛОЖЬ;ИСТИНА;;;;;;;;;;;;;;;;;;;;;;;;
DO;91VAHH751;;COM;901-10;A_90110;TRIP INITIATOR;No;ИСТИНА;ЛОЖЬ;;535;;;;;;;0;;;;1648;ИСТИНА;33558;None;;;;;;0=TRIP;0=TRIP;;;;;;Undefined;;;;;;;;;;;;ЛОЖЬ;ИСТИНА;;;;;;;;;;;;;;;;;;;;;Output;EPKS_UCB;ESD_912_1;936
M;C1500_1_L;;;;;Function block marker;;ЛОЖЬ;ЛОЖЬ;;1500;;;;;;;0;;;;1000;ЛОЖЬ;0;;;;;;;;;;;;;;Undefined;;;;;;;;;;;;ЛОЖЬ;ИСТИНА;;;;;;;;;;;;;;;;;;;;;;;;
M;C328_1_F;;;9100;9100;Function block marker;;ЛОЖЬ;ЛОЖЬ;;328;;;;;;;0;;;;1284;ЛОЖЬ;0;;;;;;;;;;;;;;Undefined;;;;;;;;;;;;ЛОЖЬ;ИСТИНА;;;;;;;;;;;;;;;;;;;;;;;;
DO;91SIS552;;COM;901-10;A_90110;INTERLOCK 91-I-552;No;ИСТИНА;ЛОЖЬ;;358;;;;;;;0;;;;563;ИСТИНА;33468;None;;;;;;0=TRIP;;;;;;;Undefined;491;3428;;;;;;;;;;ЛОЖЬ;;;;;;;;;;;;;;;;;;;;;;Output;EPKS_UCB;ESD_912_1;503
T;336_2;;;9100;;;;ЛОЖЬ;ЛОЖЬ;;336;;;;;;;;100 ms;5;;456;ЛОЖЬ;0;;;;;;;;;;;;;;Undefined;;;Delayed OFF with constant timer value;;;;;;;;;ЛОЖЬ;ИСТИНА;;;;;;;;;;;;;;;;;;;;;;;;
M;C636_1;;;9100;;Compiler marker (200, 307);;ЛОЖЬ;ЛОЖЬ;;636;;;;;;;0;;;;2071;ЛОЖЬ;0;;;;;;;;;;;;;;Undefined;;;;;;;;;;;;ЛОЖЬ;ИСТИНА;;;;;;;;;;;;;;;;;;;;;;;;
M;C612_6_F;;;9100;9100;Function block marker;;ЛОЖЬ;ЛОЖЬ;;612;;;;;;;0;;;;2639;ЛОЖЬ;0;;;;;;;;;;;;;;Undefined;;;;;;;;;;;;ЛОЖЬ;ИСТИНА;;;;;;;;;;;;;;;;;;;;;;;;
M;1522_1524_1;;;;C9011001;FIRST OUT SEQUENCE;;ЛОЖЬ;ЛОЖЬ;;1524;;;;;;;0;;;;871;ЛОЖЬ;0;;;;;;;1=FU ALARM;;;;;;;Undefined;;;;;;;;;;;;ЛОЖЬ;ИСТИНА;;;;;;;;;;;;;;;;;;;;;;;;
T;354_2;;;9100;;;;ЛОЖЬ;ЛОЖЬ;;354;;;;;;;;100 ms;5;;912;ЛОЖЬ;0;;;;;;;;;;;;;;Undefined;;;Delayed OFF with constant timer value;;;;;;;;;ЛОЖЬ;ИСТИНА;;;;;;;;;;;;;;;;;;;;;;;;
DO;91PAH805;;COM;901-10;A_C90111;HI ALARM;No;ЛОЖЬ;ЛОЖЬ;;606;;;;;;;0;;;;1526;ЛОЖЬ;0;None;;;;;;0=ALARM;0=ALARM;;;;;;Undefined;;;;;;;;;;;;ЛОЖЬ;ИСТИНА;;;;;;;;;;;;;;;;;;;;;Output;EPKS_UCB;ESD_912_1;1010
DI;91HS057A_P;;COM;901-10;A_90110;91XV057 OPEN;No;ИСТИНА;ИСТИНА;;378;;;;;;;0;;;;2159;ЛОЖЬ;33433;None;;;;;;1=OPEN (MOM);;;;;;;Undefined;491;3428;;;;;;Low;;;;ЛОЖЬ;;;;ЛОЖЬ;;;;;;;;;;;;;;;;;;Input;EPKS_UCB;ESD_912_1;131
M;C2490_2;;;;;Compiler marker (176, 187);;ЛОЖЬ;ЛОЖЬ;;2490;;;;;;;0;;;;633;ЛОЖЬ;0;;;;;;;;;;;;;;Undefined;491;3428;;;;;;;;;;ЛОЖЬ;;;;;;;;;;;;;;;;;;;;;;;;;
T;2432_1;;;901-10;;;;ЛОЖЬ;ЛОЖЬ;;2432;;;;;;;;100 ms;5;;4;ЛОЖЬ;0;;;;;;;;;;;;;;Undefined;491;3428;Delayed OFF with constant timer value;;;;;;;;;ЛОЖЬ;;;;;;;;;;;;;;;;;;;;;;;;;
DO;IB912_RESET_ELD_C;;CAB;901-10;;RESET ELD CONFIRM;Yes;ИСТИНА;ЛОЖЬ;;18;;;;;;;0;;;;175;ЛОЖЬ;33635;None;;;;;;1=RESET;1=RESET;;;;;;Undefined;;;;18.06;11;8;1;Appl;;;;ЛОЖЬ;ИСТИНА;;;;;;;;;;;;;;;;;;;;;Output;EPKS_UCB;ESD_912_1;1029
M;1508_1528_3;;;;C9011001;91PAHH099_FU1_I;;ЛОЖЬ;ЛОЖЬ;;1528;;;;;;;0;;;;1019;ЛОЖЬ;0;;;;;;;1=FIRST;;;;;;;Undefined;;;;;;;;;;;;ЛОЖЬ;ИСТИНА;;;;;;;;;;;;;;;;;;;;;;;;
M;C344_1_D;;;9100;9100;Function block marker;;ЛОЖЬ;ЛОЖЬ;;344;;;;;;;0;;;;1942;ЛОЖЬ;0;;;;;;;;;;;;;;Undefined;491;3428;;;;;;;;;;ЛОЖЬ;;;;;;;;;;;;;;;;;;;;;;;;;
M;2450_A;;;;;Signal 1;;ЛОЖЬ;ЛОЖЬ;;2450;;;;;;;0;;;;108;ЛОЖЬ;0;;;;;;;;;;;;;;Undefined;491;3428;;;;;;;;;;ЛОЖЬ;;;;;;;;;;;;;;;;;;;;;;;;;
DO;91LAHH802_CA;;COM;901-10;A_C90111;CAUSE ALARM;No;ЛОЖЬ;ЛОЖЬ;;600;;;;;;;0;;;;1801;ЛОЖЬ;0;None;;;;;;0=ALARM;;;;;;;Undefined;491;3428;;;;;;;;;;ЛОЖЬ;;;;;;;;;;;;;;;;;;;;;;Output;EPKS_UCB;ESD_912_1;476
R;319_318_3;;;9100;;91PI083;;ЛОЖЬ;ЛОЖЬ;;318;;Float;;;;;0;;;;400;ЛОЖЬ;0;;;;;;;;;;;;;;Undefined;;;;;;;;;;;;ЛОЖЬ;ИСТИНА;;;;;;;;;;;;;;;;;;;;;;;;
DO;91XY045_C;;COM;9100;;AUTO CLOSURE 91XV045;No;ИСТИНА;ЛОЖЬ;;418;;;;;;;0;;;;738;ИСТИНА;33481;None;;;;;;0=CLOSE;;;;;;;Undefined;491;3428;;;;;;;;;;ЛОЖЬ;;;;;;;;;;;;;;;;;;;;;;Output;EPKS_UCB;ESD_912_1;771
DO;91HA004A1;;COM;901-10;A_90110;COMP STOP C9011001AX;No;ИСТИНА;ЛОЖЬ;;296;;;;;;;0;;;;1444;ИСТИНА;33715;None;;;;;;0=TRIP;;;;;;;Undefined;491;3428;;;;;;;;;;ЛОЖЬ;;;;;;;;;;;;;;;;;;;;;;Output;EPKS_UCB;ESD_912_1;433
M;250_252_1;;;901-10;;91LALL495_I;;ЛОЖЬ;ЛОЖЬ;;252;;;;;;;0;;;;1332;ЛОЖЬ;0;;;;;;;0=TRIP INITIATOR;;;;;;;Undefined;491;3428;;;;;;;;;;ЛОЖЬ;;;;;;;;;;;;;;;;;;;;;;;;;
M;C618_1_G;;;9100;9100;Function block marker;;ЛОЖЬ;ЛОЖЬ;;618;;;;;;;0;;;;2779;ЛОЖЬ;0;;;;;;;;;;;;;;Undefined;;;;;;;;;;;;ЛОЖЬ;ИСТИНА;;;;;;;;;;;;;;;;;;;;;;;;
DO;91XY814;;MCC;901-10;A_P90110;C-9011001SX OIL PUMP PM1;Yes;ИСТИНА;ЛОЖЬ;;636;;;;;;;0;;;;191;ИСТИНА;33416;None;;;;;;0=TRIP;;;;;;;Undefined;491;3428;;18.06;13;8;1;Appl;;;;ЛОЖЬ;;;;;;;;;;;;;;;;;;;;;;Output;EPKS_UCB;ESD_912_1;800
DO;91LALL048_CA;;COM;;;CAUSE ALARM;No;ЛОЖЬ;ЛОЖЬ;;337;;;;;;;0;;;;1102;ЛОЖЬ;0;None;;;;;;0=ALARM;0=ALARM;;;;;;Undefined;;;;;;;;;;;;ЛОЖЬ;ИСТИНА;;;;;;;;;;;;;;;;;;;;;Output;EPKS_UCB;ESD_912_1;890
DO;91LSLL754_CA;;COM;;;CAUSE ALARM;No;ЛОЖЬ;ЛОЖЬ;;521;;;;;;;0;;;;2746;ЛОЖЬ;0;None;;;;;;0=ALARM;0=ALARM;;;;;;Undefined;;;;;;;;;;;;ЛОЖЬ;ИСТИНА;;;;;;;;;;;;;;;;;;;;;Output;EPKS_UCB;ESD_912_1;971
M;C521_2_E;;;;;Function block marker;;ЛОЖЬ;ЛОЖЬ;;521;;;;;;;0;;;;2771;ЛОЖЬ;0;;;;;;;;;;;;;;Undefined;;;;;;;;;;;;ЛОЖЬ;ИСТИНА;;;;;;;;;;;;;;;;;;;;;;;;
DO;91PALL075_CA;;COM;;;CAUSE ALARM;No;ЛОЖЬ;ЛОЖЬ;;315;;;;;;;0;;;;1112;ЛОЖЬ;0;None;;;;;;0=ALARM;0=ALARM;;;;;;Undefined;;;;;;;;;;;;ЛОЖЬ;ИСТИНА;;;;;;;;;;;;;;;;;;;;;Output;EPKS_UCB;ESD_912_1;900
DO;91LAL751;;COM;901-10;A_C90111;LO ALARM;No;ЛОЖЬ;ЛОЖЬ;;501;;;;;;;0;;;;1458;ЛОЖЬ;0;None;;;;;;0=ALARM;0=ALARM;;;;;;Undefined;;;;;;;;;;;;ЛОЖЬ;ИСТИНА;;;;;;;;;;;;;;;;;;;;;Output;EPKS_UCB;ESD_912_1;999
M;352_3;;;901-10;;;;ЛОЖЬ;ЛОЖЬ;;352;;;;;;;0;;;;380;ЛОЖЬ;0;;;;;;;;;;;;;;Undefined;491;3428;;;;;;;;;;ЛОЖЬ;;;;;;;;;;;;;;;;;;;;;;;;;
M;302_1;;;901-10;;;;ЛОЖЬ;ЛОЖЬ;;302;;;;;;;0;;;;1317;ЛОЖЬ;0;;;;;;;;;;;;;;Undefined;491;3428;;;;;;;;;;ЛОЖЬ;;;;;;;;;;;;;;;;;;;;;;;;;
M;C1510_1_J;;;;;Function block marker;;ЛОЖЬ;ЛОЖЬ;;1510;;;;;;;0;;;;968;ЛОЖЬ;0;;;;;;;;;;;;;;Undefined;;;;;;;;;;;;ЛОЖЬ;ИСТИНА;;;;;;;;;;;;;;;;;;;;;;;;
DO;91PAHH063;;COM;901-10;A_90110;LIQUID AMM TO V9011009S;No;ИСТИНА;ЛОЖЬ;;310;;;;;;;0;;;;1385;ИСТИНА;33717;None;;;;;;0=TRIP;;;;;;;Undefined;491;3428;;;;;;;;;;ЛОЖЬ;;;;;;;;;;;;;;;;;;;;;;Output;EPKS_UCB;ESD_912_1;530
T;310_4;;;9100;;;;ЛОЖЬ;ЛОЖЬ;;310;;;;;;;;100 ms;10;;772;ЛОЖЬ;0;;;;;;;;;;;;;;Undefined;;;Delayed OFF with constant timer value;;;;;;;;;ЛОЖЬ;ИСТИНА;;;;;;;;;;;;;;;;;;;;;;;;
M;C304_2_B;;;9100;9100;Function block marker;;ЛОЖЬ;ЛОЖЬ;;304;;;;;;;0;;;;2092;ЛОЖЬ;0;;;;;;;;;;;;;;Undefined;491;3428;;;;;;;;;;ЛОЖЬ;;;;;;;;;;;;;;;;;;;;;;;;;
M;1522_3;;;;C9011001;;;ЛОЖЬ;ЛОЖЬ;;1522;;;;;;;0;;;;856;ЛОЖЬ;0;;;;;;;;;;;;;;Undefined;;;;;;;;;;;;ЛОЖЬ;ИСТИНА;;;;;;;;;;;;;;;;;;;;;;;;
DO;91PAH751;;COM;901-10;A_C90111;HI ALARM;No;ЛОЖЬ;ЛОЖЬ;;504;;;;;;;0;;;;607;ЛОЖЬ;0;None;;;;;;0=ALARM;0=ALARM;;;;;;Undefined;;;;;;;;;;;;ЛОЖЬ;ИСТИНА;;;;;;;;;;;;;;;;;;;;;Output;EPKS_UCB;ESD_912_1;983
M;C354_2_B;;;9100;9100;Function block marker;;ЛОЖЬ;ЛОЖЬ;;354;;;;;;;0;;;;1918;ЛОЖЬ;0;;;;;;;;;;;;;;Undefined;491;3428;;;;;;;;;;ЛОЖЬ;;;;;;;;;;;;;;;;;;;;;;;;;
M;514_3;;;901-10;;;;ЛОЖЬ;ЛОЖЬ;;514;;;;;;;0;;;;360;ЛОЖЬ;0;;;;;;;;;;;;;;Undefined;491;3428;;;;;;;;;;ЛОЖЬ;;;;;;;;;;;;;;;;;;;;;;;;;
DO;91XY092_C;;COM;901-10;;INLET VALVE CTRL 91XV092;No;ИСТИНА;ЛОЖЬ;;402;;;;;;;0;;;;745;ЛОЖЬ;33485;None;;;;;;1=CLOSE;;;;;;;Undefined;491;3428;;;;;;;;;;ЛОЖЬ;;;;;;;;;;;;;;;;;;;;;;Output;EPKS_UCB;ESD_912_1;446
BI;18-Hour;;SYS;;;Hour;No;ЛОЖЬ;;;19;;Byte;;;;;;;;;5;;0;;;;;;;;;0;0;;;;-XXXXX.X;491;3428;;;;;;;;;;ЛОЖЬ;;;;;;;;;;;;;;;;;;;;;;;;;
M;628_630_3;;;901-10;;CAPACITY 75%;;ЛОЖЬ;ЛОЖЬ;;630;;;;;;;0;;;;448;ЛОЖЬ;0;;;;;;;1=ACTIVE;;;;;;;Undefined;491;3428;;;;;;;;;;ЛОЖЬ;;;;;;;;;;;;;;;;;;;;;;;;;
M;C610_5_G;;;9100;9100;Function block marker;;ЛОЖЬ;ЛОЖЬ;;610;;;;;;;0;;;;2674;ЛОЖЬ;0;;;;;;;;;;;;;;Undefined;;;;;;;;;;;;ЛОЖЬ;ИСТИНА;;;;;;;;;;;;;;;;;;;;;;;;
M;1502_6;;;;C9011001;;;ЛОЖЬ;ЛОЖЬ;;1502;;;;;;;0;;;;52;ЛОЖЬ;0;;;;;;;;;;;;;;Undefined;;;;;;;;;;;;ЛОЖЬ;ИСТИНА;;;;;;;;;;;;;;;;;;;;;;;;
M;346_1;;;901-10;;;;ЛОЖЬ;ЛОЖЬ;;346;;;;;;;0;;;;1633;ЛОЖЬ;0;;;;;;;;;;;;;;Undefined;491;3428;;;;;;;;;;ЛОЖЬ;;;;;;;;;;;;;;;;;;;;;;;;;
DO;91LSLL754A_CA;;COM;;;CAUSE ALARM;No;ЛОЖЬ;ЛОЖЬ;;521;;;;;;;0;;;;2745;ЛОЖЬ;0;None;;;;;;0=ALARM;0=ALARM;;;;;;Undefined;;;;;;;;;;;;ЛОЖЬ;ИСТИНА;;;;;;;;;;;;;;;;;;;;;Output;EPKS_UCB;ESD_912_1;970
M;C498_3_G;;;9100;9100;Function block marker;;ЛОЖЬ;ЛОЖЬ;;498;;;;;;;0;;;;2811;ЛОЖЬ;0;;;;;;;;;;;;;;Undefined;;;;;;;;;;;;ЛОЖЬ;ИСТИНА;;;;;;;;;;;;;;;;;;;;;;;;
M;314_315_1;;;;;91PT076;;ЛОЖЬ;ЛОЖЬ;;315;;;;;;;0;;;;2641;ЛОЖЬ;0;;;;;;;1=MO CONFIRMED;;;;;;;Undefined;;;;;;;;;;;;ЛОЖЬ;ИСТИНА;;;;;;;;;;;;;;;;;;;;;;;;
DO;91LALL061_CA;;COM;9100;;CAUSE ALARM;No;ЛОЖЬ;ЛОЖЬ;;329;;;;;;;0;;;;1539;ЛОЖЬ;0;None;;;;;;0=ALARM;;;;;;;Undefined;491;3428;;;;;;;;;;ЛОЖЬ;;;;;;;;;;;;;;;;;;;;;;Output;EPKS_UCB;ESD_912_1;491
DO;91PI820_TF;;COM;901-10;A_C90111;TRANSM FAULT;No;ЛОЖЬ;ЛОЖЬ;;610;;;;;;;0;;;;1479;ИСТИНА;33634;None;;;;;;0=ALARM;0=ALARM;;;;;;Undefined;;;;;;;;;;;;ЛОЖЬ;ИСТИНА;;;;;;;;;;;;;;;;;;;;;Output;EPKS_UCB;ESD_912_1;1013
M;528_532_2;;;901-10;;CAPACITY 50%;;ЛОЖЬ;ЛОЖЬ;;532;;;;;;;0;;;;440;ЛОЖЬ;0;;;;;;;1=ACTIVE;;;;;;;Undefined;491;3428;;;;;;;;;;ЛОЖЬ;;;;;;;;;;;;;;;;;;;;;;;;;
DO;91LALL073_CA;;COM;901-10;A_90110;CAUSE ALARM;No;ЛОЖЬ;ЛОЖЬ;;338;;;;;;;0;;;;1587;ЛОЖЬ;0;None;;;;;;0=ALARM;;;;;;;Undefined;491;3428;;;;;;;;;;ЛОЖЬ;;;;;;;;;;;;;;;;;;;;;;Output;EPKS_UCB;ESD_912_1;497
M;C596_1_E;;;9100;9100;Function block marker;;ЛОЖЬ;ЛОЖЬ;;596;;;;;;;0;;;;550;ЛОЖЬ;0;;;;;;;;;;;;;;Undefined;491;3428;;;;;;;;;;ЛОЖЬ;;;;;;;;;;;;;;;;;;;;;;;;;
M;312_3;;;901-10;;;;ЛОЖЬ;ЛОЖЬ;;312;;;;;;;0;;;;410;ЛОЖЬ;0;;;;;;;;;;;;;;Undefined;491;3428;;;;;;;;;;ЛОЖЬ;;;;;;;;;;;;;;;;;;;;;;;;;
M;336_1;;;901-10;;;;ЛОЖЬ;ЛОЖЬ;;336;;;;;;;0;;;;1568;ЛОЖЬ;0;;;;;;;;;;;;;;Undefined;491;3428;;;;;;;;;;ЛОЖЬ;;;;;;;;;;;;;;;;;;;;;;;;;
M;C1518_1_I;;;;;Function block marker;;ЛОЖЬ;ЛОЖЬ;;1518;;;;;;;0;;;;949;ЛОЖЬ;0;;;;;;;;;;;;;;Undefined;;;;;;;;;;;;ЛОЖЬ;ИСТИНА;;;;;;;;;;;;;;;;;;;;;;;;
DO;91PAHH076_FU;;COM;901-10;A_90110;LIQUID AMM TO V9011001A;No;ИСТИНА;ЛОЖЬ;;1528;;;;;;;0;;;;1011;ИСТИНА;34149;None;;;;;;1=FIRST;;;;;;;Undefined;;;;;;;;;;;;ЛОЖЬ;ИСТИНА;;;;;;;;;;;;;;;;;;;;;Output;EPKS_UCB;ESD_912_1;855
DO;91LALL754_FU;;COM;901-10;A_C90111;C-9011001AX OIL TANK LVL;No;ИСТИНА;ЛОЖЬ;;1500;;;;;;;0;;;;799;ИСТИНА;34097;None;;;;;;1=FIRST;;;;;;;Undefined;;;;;;;;;;;;ЛОЖЬ;ИСТИНА;;;;;;;;;;;;;;;;;;;;;Output;EPKS_UCB;ESD_912_1;803
DO;91PALL774;;COM;901-10;A_C90111;C9011001AX CARTER OIL;No;ИСТИНА;ЛОЖЬ;;510;;;;;;;0;;;;1829;ИСТИНА;33720;None;;;;;;0=TRIP;;;;;;;Undefined;491;3428;;;;;;;;;;ЛОЖЬ;;;;;;;;;;;;;;;;;;;;;;Output;EPKS_UCB;ESD_912_1;568
DO;91PALL076;;COM;;;LIQUID AMM TO V9011001A;No;ИСТИНА;ЛОЖЬ;;315;;;;;;;0;;;;1418;ИСТИНА;33721;None;;;;;;0=TRIP;;;;;;;Undefined;491;3428;;;;;;;;;;ЛОЖЬ;;;;;;;;;;;;;;;;;;;;;;Output;EPKS_UCB;ESD_912_1;557
M;C618_1_E;;;9100;9100;Function block marker;;ЛОЖЬ;ЛОЖЬ;;618;;;;;;;0;;;;479;ЛОЖЬ;0;;;;;;;;;;;;;;Undefined;491;3428;;;;;;;;;;ЛОЖЬ;;;;;;;;;;;;;;;;;;;;;;;;;
M;600_3;;;901-10;;;;ЛОЖЬ;ЛОЖЬ;;600;;;;;;;0;;;;354;ЛОЖЬ;0;;;;;;;;;;;;;;Undefined;491;3428;;;;;;;;;;ЛОЖЬ;;;;;;;;;;;;;;;;;;;;;;;;;
DI;PCDI_1_912_1_FLT;;COM;;;ESD_912_1 to-from CC_912_1;No;ИСТИНА;ИСТИНА;;21;;;;;;;0;;;;735;ЛОЖЬ;33996;None;;;;;;1=ALARM;;;;;;;Undefined;491;3428;;;;;;High;;;;ЛОЖЬ;;;;ЛОЖЬ;;;;;;;;;;;;;;Input;CC_UCB_1;ESD_912_1;64;;;;
M;2470_4;;;;;;;ЛОЖЬ;ЛОЖЬ;;2470;;;;;;;0;;;;131;ЛОЖЬ;0;;;;;;;;;;;;;;Undefined;491;3428;;;;;;;;;;ЛОЖЬ;;;;;;;;;;;;;;;;;;;;;;;;;
DI;91HS004A11;;PNL;901-10;A_90110;COMP STOP C-9011001AX;Yes;ИСТИНА;ЛОЖЬ;;296;;;;;;;;;;;24;ИСТИНА;33417;None;;;;;;0=TRIP;;;;;;;Undefined;491;3428;;18.03;3;1;1;Low;;;;ЛОЖЬ;;;;ЛОЖЬ;;;;;;;;;;;;;;;;;;Output;EPKS_UCB;ESD_912_1;719
M;1504_4;;;;C9011001;;;ЛОЖЬ;ЛОЖЬ;;1504;;;;;;;0;;;;56;ЛОЖЬ;0;;;;;;;;;;;;;;Undefined;;;;;;;;;;;;ЛОЖЬ;ИСТИНА;;;;;;;;;;;;;;;;;;;;;;;;
M;596_1320_2;;;;;91TAH811A_PERM;;ЛОЖЬ;ЛОЖЬ;;1320;;;;;;;0;;;;1591;ЛОЖЬ;0;;;;;;;0=ALARM;;;;;;;Undefined;;;;;;;;;;;;ЛОЖЬ;ИСТИНА;;;;;;;;;;;;;;;;;;;;;;;;
M;328_1;;;901-10;;;;ЛОЖЬ;ЛОЖЬ;;328;;;;;;;0;;;;1518;ЛОЖЬ;0;;;;;;;;;;;;;;Undefined;491;3428;;;;;;;;;;ЛОЖЬ;;;;;;;;;;;;;;;;;;;;;;;;;
DO;91PALL780_CA;;COM;901-10;;CAUSE ALARM;No;ЛОЖЬ;ЛОЖЬ;;508;;;;;;;0;;;;1128;ЛОЖЬ;0;None;;;;;;0=ALARM;0=ALARM;;;;;;Undefined;;;;;;;;;;;;ЛОЖЬ;ИСТИНА;;;;;;;;;;;;;;;;;;;;;Output;EPKS_UCB;ESD_912_1;916
DO;91PDI804_MOC;;COM;901-10;A_C90111;MO CONFIRMED;No;ИСТИНА;ЛОЖЬ;;602;;;;;;;0;;;;1992;ИСТИНА;33722;None;;;;;;1=CONFIRMED;;;;;;;Undefined;491;3428;;;;;;;;;;ЛОЖЬ;;;;;;;;;;;;;;;;;;;;;;Output;EPKS_UCB;ESD_912_1;585
M;C317_1_F;;;;;Function block marker;;ЛОЖЬ;ЛОЖЬ;;317;;;;;;;0;;;;2660;ЛОЖЬ;0;;;;;;;;;;;;;;Undefined;;;;;;;;;;;;ЛОЖЬ;ИСТИНА;;;;;;;;;;;;;;;;;;;;;;;;
M;498_1310_3;;;;;91TAL761A_PERM;;ЛОЖЬ;ЛОЖЬ;;1310;;;;;;;0;;;;551;ЛОЖЬ;0;;;;;;;0=ALARM;;;;;;;Undefined;;;;;;;;;;;;ЛОЖЬ;ИСТИНА;;;;;;;;;;;;;;;;;;;;;;;;
T;324_2;;;9100;;;;ЛОЖЬ;ЛОЖЬ;;324;;;;;;;;100 ms;5;;872;ЛОЖЬ;0;;;;;;;;;;;;;;Undefined;;;Delayed OFF with constant timer value;;;;;;;;;ЛОЖЬ;ИСТИНА;;;;;;;;;;;;;;;;;;;;;;;;
M;C326_3_F;;;9100;9100;Function block marker;;ЛОЖЬ;ЛОЖЬ;;326;;;;;;;0;;;;1312;ЛОЖЬ;0;;;;;;;;;;;;;;Undefined;;;;;;;;;;;;ЛОЖЬ;ИСТИНА;;;;;;;;;;;;;;;;;;;;;;;;
BO;91LI066_HH;;COM;901-10;A_90110;HH TRIP SETPOINT (%);No;ИСТИНА;ЛОЖЬ;;336;;Float;;;;;0;;;;644;;33997;;;;;;;;;0;0;;;;-XXXXX.X;491;3428;;;;;;;;;;ЛОЖЬ;;;;;;;;;;;;;;;;;;;;;;Output;EPKS_UCB;ESD_912_1;10132
M;C334_3_F;;;9100;9100;Function block marker;;ЛОЖЬ;ЛОЖЬ;;334;;;;;;;0;;;;1277;ЛОЖЬ;0;;;;;;;;;;;;;;Undefined;;;;;;;;;;;;ЛОЖЬ;ИСТИНА;;;;;;;;;;;;;;;;;;;;;;;;
T;604_3;;;9100;;;;ЛОЖЬ;ЛОЖЬ;;604;;;;;;;;100 ms;5;;572;ЛОЖЬ;0;;;;;;;;;;;;;;Undefined;;;Delayed OFF with constant timer value;;;;;;;;;ЛОЖЬ;ИСТИНА;;;;;;;;;;;;;;;;;;;;;;;;
M;1502_1504_1;;;;C9011001;FIRST OUT SEQUENCE;;ЛОЖЬ;ЛОЖЬ;;1504;;;;;;;0;;;;794;ЛОЖЬ;0;;;;;;;1=FU ALARM;;;;;;;Undefined;;;;;;;;;;;;ЛОЖЬ;ИСТИНА;;;;;;;;;;;;;;;;;;;;;;;;
M;324_1;;;901-10;;;;ЛОЖЬ;ЛОЖЬ;;324;;;;;;;0;;;;1492;ЛОЖЬ;0;;;;;;;;;;;;;;Undefined;491;3428;;;;;;;;;;ЛОЖЬ;;;;;;;;;;;;;;;;;;;;;;;;;
M;C335_1_E;;;;;Function block marker;;ЛОЖЬ;ЛОЖЬ;;335;;;;;;;0;;;;2564;ЛОЖЬ;0;;;;;;;;;;;;;;Undefined;;;;;;;;;;;;ЛОЖЬ;ИСТИНА;;;;;;;;;;;;;;;;;;;;;;;;
BI;18-Month;;SYS;;;Month;No;ЛОЖЬ;;;19;;Byte;;;;;;;;;2;;0;;;;;;;;;0;0;;;;-XXXXX.X;491;3428;;;;;;;;;;ЛОЖЬ;;;;;;;;;;;;;;;;;;;;;;;;;
T;606_4;;;901-10;;;;ЛОЖЬ;ЛОЖЬ;;606;;;;;;;;100 ms;5;;368;ЛОЖЬ;0;;;;;;;;;;;;;;Undefined;491;3428;Delayed OFF with constant timer value;;;;;;;;;ЛОЖЬ;;;;;;;;;;;;;;;;;;;;;;;;;
R;604_605_2;;;;;91PI802;;ЛОЖЬ;ЛОЖЬ;;605;;Float;;;;;0;;;;1116;ЛОЖЬ;0;;;;;;;;;;;;;;Undefined;;;;;;;;;;;;ЛОЖЬ;ИСТИНА;;;;;;;;;;;;;;;;;;;;;;;;
M;496_1310_2;;;;;91TAH761A_PERM;;ЛОЖЬ;ЛОЖЬ;;1310;;;;;;;0;;;;514;ЛОЖЬ;0;;;;;;;0=ALARM;;;;;;;Undefined;;;;;;;;;;;;ЛОЖЬ;ИСТИНА;;;;;;;;;;;;;;;;;;;;;;;;
DI;18-ForceEnable;;SYS;;;FORCE ENABLE;Yes;ЛОЖЬ;;;17;;;;;;;;;;;1;ЛОЖЬ;0;None;;;;;;;;;;;;;Undefined;491;3428;;;;;;;;;;ЛОЖЬ;;;;ЛОЖЬ;;;;;;;;;;;;;;;;;;;;;
BO;91LI052_LL;;COM;9100;;LL TRIP SETPOINT (%);No;ИСТИНА;ЛОЖЬ;;322;;Float;;;;;0;;;;564;;33998;;;;;;;;;0;0;;;;-XXXXX.X;491;3428;;;;;;;;;;ЛОЖЬ;;;;;;;;;;;;;;;;;;;;;;Output;EPKS_UCB;ESD_912_1;10122
M;348_1;;;901-10;;;;ЛОЖЬ;ЛОЖЬ;;348;;;;;;;0;;;;1645;ЛОЖЬ;0;;;;;;;;;;;;;;Undefined;491;3428;;;;;;;;;;ЛОЖЬ;;;;;;;;;;;;;;;;;;;;;;;;;
DO;91LS804_TF;;COM;;;TRANSM FAULT;No;ЛОЖЬ;ЛОЖЬ;;621;;;;;;;0;;;;2737;ИСТИНА;33600;None;;;;;;0=ALARM;0=ALARM;;;;;;Undefined;;;;;;;;;;;;ЛОЖЬ;ИСТИНА;;;;;;;;;;;;;;;;;;;;;Output;EPKS_UCB;ESD_912_1;972
M;319_318_2;;;9100;;91PI083_F;;ЛОЖЬ;ЛОЖЬ;;318;;;;;;;0;;;;2677;ЛОЖЬ;0;;;;;;;1=FAULT;;;;;;;Undefined;;;;;;;;;;;;ЛОЖЬ;ИСТИНА;;;;;;;;;;;;;;;;;;;;;;;;
DI;91HS065B;;COM;901-10;A_90110;91XV065B CLOSE;No;ЛОЖЬ;ИСТИНА;;382;;;;;;;0;;;;2179;ЛОЖЬ;0;None;;;;;;1=CLOSE (MOM);;;;;;;Undefined;;;;;;;;Low;;;;ЛОЖЬ;ИСТИНА;;;ЛОЖЬ;;;;;;;;;;;;;;;;;;Input;EPKS_UCB;ESD_912_1;134
M;636_4;;;9100;;;;ЛОЖЬ;ЛОЖЬ;;636;;;;;;;0;;;;616;ЛОЖЬ;0;;;;;;;;;;;;;;Undefined;491;3428;;;;;;;;;;ЛОЖЬ;;;;;;;;;;;;;;;;;;;;;;;;;
M;C352_3_E;;;9100;9100;Function block marker;;ЛОЖЬ;ЛОЖЬ;;352;;;;;;;0;;;;2718;ЛОЖЬ;0;;;;;;;;;;;;;;Undefined;;;;;;;;;;;;ЛОЖЬ;ИСТИНА;;;;;;;;;;;;;;;;;;;;;;;;
DI;91PI774_MOR;;COM;901-10;A_C90111;MO REQUEST;No;ЛОЖЬ;ИСТИНА;;510;;;;;;;0;;;;2222;ЛОЖЬ;0;None;;;;;;1=REQUEST;;;;;;;Undefined;491;3428;;;;;;Freeze;;;;ЛОЖЬ;;;;ЛОЖЬ;;;;;;;;;;;;;;;;;;Input;EPKS_UCB;ESD_912_1;79
M;516_4;;;901-10;;;;ЛОЖЬ;ЛОЖЬ;;516;;;;;;;0;;;;359;ЛОЖЬ;0;;;;;;;;;;;;;;Undefined;491;3428;;;;;;;;;;ЛОЖЬ;;;;;;;;;;;;;;;;;;;;;;;;;
DI;18-OutputFault;;SYS;;;OUTPUT CHANNEL FAULT;Yes;ЛОЖЬ;;;17;;;;;;;;;;;24;ЛОЖЬ;0;None;;;;;;;;;;;;;Undefined;491;3428;;;;;;;;;;ЛОЖЬ;;;;ЛОЖЬ;;;;;;;;;;;;;;;;;;;;;
M;C1500_1_J;;;;;Function block marker;;ЛОЖЬ;ЛОЖЬ;;1500;;;;;;;0;;;;998;ЛОЖЬ;0;;;;;;;;;;;;;;Undefined;;;;;;;;;;;;ЛОЖЬ;ИСТИНА;;;;;;;;;;;;;;;;;;;;;;;;
DO;91XY636_C;;COM;9100;;91XV636 AUTO CLOSE;No;ЛОЖЬ;ЛОЖЬ;;344;;;;;;;0;;;;1028;ИСТИНА;33402;None;;;;;;0=CLOSE;;;;;;;Undefined;;;;;;;;;;;;ЛОЖЬ;ИСТИНА;;;;;;;;;;;;;;;;;;;;;Output;EPKS_UCB;ESD_912_1;563
M;1508_4;;;;C9011001;;;ЛОЖЬ;ЛОЖЬ;;1508;;;;;;;0;;;;68;ЛОЖЬ;0;;;;;;;;;;;;;;Undefined;;;;;;;;;;;;ЛОЖЬ;ИСТИНА;;;;;;;;;;;;;;;;;;;;;;;;
DI;18-ExtComFaultCC2;;SYS;;;EXT COM FAULT COM CH 2;Yes;ЛОЖЬ;;;16;;;;;;;;;;;7;ЛОЖЬ;0;None;;;;;;;;;;;;;Undefined;491;3428;;;;;;;;;;ЛОЖЬ;;;;ЛОЖЬ;;;;;;;;;;;;;;;;;;;;;
AI;91LI064;;FLD;901-10;A_90110;NH3 TO V-9011005;Yes;ИСТИНА;ЛОЖЬ;;334;ИСТИНА;Float;4-20mA;0;100;%;;;;;160;ЛОЖЬ;33899;;None;None;None;None;;;;-25;-25;;;;-XXXXX.X;3.64;22;;18.04;5;7;1;Bottom scale;;;;ЛОЖЬ;;ЛОЖЬ;;;;;;;;;;;;;;;;;;;;Output;EPKS_UCB;ESD_912_1;10074
DI;91VSHH801B;;BNS;901-10;A_C90111;C9011001SX VIB IN CARTER;Yes;ИСТИНА;ЛОЖЬ;;635;;;;;;;;;;;67;ИСТИНА;33555;None;;;;;;0=TRIP;0=TRIP;;;;;;Undefined;;;;18.03;9;12;1;Low;;;;ЛОЖЬ;ИСТИНА;;;ЛОЖЬ;View only;;;;;;;;;;;;;;;;;Output;EPKS_UCB;ESD_912_1;939
T;346_2;;;9100;;;;ЛОЖЬ;ЛОЖЬ;;346;;;;;;;;100 ms;5;;888;ЛОЖЬ;0;;;;;;;;;;;;;;Undefined;;;Delayed OFF with constant timer value;;;;;;;;;ЛОЖЬ;ИСТИНА;;;;;;;;;;;;;;;;;;;;;;;;
M;C310_4_D;;;9100;9100;Function block marker;;ЛОЖЬ;ЛОЖЬ;;310;;;;;;;0;;;;2623;ЛОЖЬ;0;;;;;;;;;;;;;;Undefined;;;;;;;;;;;;ЛОЖЬ;ИСТИНА;;;;;;;;;;;;;;;;;;;;;;;;
T;313_2;;;;;;;ЛОЖЬ;ЛОЖЬ;;313;;;;;;;;100 ms;5;;788;ЛОЖЬ;0;;;;;;;;;;;;;;Undefined;;;Delayed OFF with constant timer value;;;;;;;;;ЛОЖЬ;ИСТИНА;;;;;;;;;;;;;;;;;;;;;;;;
M;C614_6_E;;;9100;9100;Function block marker;;ЛОЖЬ;ЛОЖЬ;;614;;;;;;;0;;;;2570;ЛОЖЬ;0;;;;;;;;;;;;;;Undefined;;;;;;;;;;;;ЛОЖЬ;ИСТИНА;;;;;;;;;;;;;;;;;;;;;;;;
M;634_622_1;;;9100;;91VAHH802_I;;ЛОЖЬ;ЛОЖЬ;;622;;;;;;;0;;;;599;ЛОЖЬ;0;;;;;;;0=TRIP;;;;;;;Undefined;491;3428;;;;;;;;;;ЛОЖЬ;;;;;;;;;;;;;;;;;;;;;;;;;
AI;91PI048;;FLD;901-10;A_90110;Давление. Тр-д воздуха КИП на входе в объект;Yes;ИСТИНА;ЛОЖЬ;;438;ИСТИНА;Float;4-20mA;0;1.6;МПа;;;;;292;ЛОЖЬ;33783;;None;None;None;None;;;;;;;;;-XXXXX.X;3.64;22;;18.04;9;6;1;Bottom scale;;;;ЛОЖЬ;ИСТИНА;ЛОЖЬ;;;;;;;;;;;;;;;;;;;;Output;EPKS_UCB;ESD_912_1;10205
DO;91PAL751;;COM;901-10;A_C90111;LO ALARM;No;ЛОЖЬ;ЛОЖЬ;;505;;;;;;;0;;;;1269;ЛОЖЬ;0;None;;;;;;0=ALARM;0=ALARM;;;;;;Undefined;;;;;;;;;;;;ЛОЖЬ;ИСТИНА;;;;;;;;;;;;;;;;;;;;;Output;EPKS_UCB;ESD_912_1;985
DO;91TAHH751_CA;;COM;901-10;;CAUSE ALARM;No;ЛОЖЬ;ЛОЖЬ;;512;;;;;;;0;;;;1134;ЛОЖЬ;0;None;;;;;;0=ALARM;0=ALARM;;;;;;Undefined;;;;;;;;;;;;ЛОЖЬ;ИСТИНА;;;;;;;;;;;;;;;;;;;;;Output;EPKS_UCB;ESD_912_1;922
M;338_1;;;901-10;;;;ЛОЖЬ;ЛОЖЬ;;338;;;;;;;0;;;;1588;ЛОЖЬ;0;;;;;;;;;;;;;;Undefined;491;3428;;;;;;;;;;ЛОЖЬ;;;;;;;;;;;;;;;;;;;;;;;;;
M;1520_1528_2;;;;C9011001;91PAHH073_FU2_I;;ЛОЖЬ;ЛОЖЬ;;1528;;;;;;;0;;;;1008;ЛОЖЬ;0;;;;;;;1=FIRST;;;;;;;Undefined;;;;;;;;;;;;ЛОЖЬ;ИСТИНА;;;;;;;;;;;;;;;;;;;;;;;;
DO;91PALL830_CA;;COM;901-10;;CAUSE ALARM;No;ЛОЖЬ;ЛОЖЬ;;608;;;;;;;0;;;;1133;ЛОЖЬ;0;None;;;;;;0=ALARM;0=ALARM;;;;;;Undefined;;;;;;;;;;;;ЛОЖЬ;ИСТИНА;;;;;;;;;;;;;;;;;;;;;Output;EPKS_UCB;ESD_912_1;921
T;600_3;;;9100;;;;ЛОЖЬ;ЛОЖЬ;;600;;;;;;;;100 ms;5;;248;ЛОЖЬ;0;;;;;;;;;;;;;;Undefined;;;Delayed OFF with constant timer value;;;;;;;;;ЛОЖЬ;ИСТИНА;;;;;;;;;;;;;;;;;;;;;;;;
M;C336_2_B;;;9100;9100;Function block marker;;ЛОЖЬ;ЛОЖЬ;;336;;;;;;;0;;;;1966;ЛОЖЬ;0;;;;;;;;;;;;;;Undefined;491;3428;;;;;;;;;;ЛОЖЬ;;;;;;;;;;;;;;;;;;;;;;;;;
M;C334_1_E;;;9100;9100;Function block marker;;ЛОЖЬ;ЛОЖЬ;;334;;;;;;;0;;;;1984;ЛОЖЬ;0;;;;;;;;;;;;;;Undefined;491;3428;;;;;;;;;;ЛОЖЬ;;;;;;;;;;;;;;;;;;;;;;;;;
DO;91PDAHH753_CA;;COM;901-10;A_C90111;CAUSE ALARM;No;ЛОЖЬ;ЛОЖЬ;;502;;;;;;;0;;;;1122;ЛОЖЬ;0;None;;;;;;0=ALARM;0=ALARM;;;;;;Undefined;;;;;;;;;;;;ЛОЖЬ;ИСТИНА;;;;;;;;;;;;;;;;;;;;;Output;EPKS_UCB;ESD_912_1;910
M;C317_2_G;;;;;Function block marker;;ЛОЖЬ;ЛОЖЬ;;317;;;;;;;0;;;;2664;ЛОЖЬ;0;;;;;;;;;;;;;;Undefined;;;;;;;;;;;;ЛОЖЬ;ИСТИНА;;;;;;;;;;;;;;;;;;;;;;;;
M;C508_1_F;;;9100;9100;Function block marker;;ЛОЖЬ;ЛОЖЬ;;508;;;;;;;0;;;;1185;ЛОЖЬ;0;;;;;;;;;;;;;;Undefined;;;;;;;;;;;;ЛОЖЬ;ИСТИНА;;;;;;;;;;;;;;;;;;;;;;;;
BO;91PI073_HH;;COM;901-10;A_90110;HH TRIP SETPOINT (MPa-g);No;ИСТИНА;ЛОЖЬ;;312;;Float;;;;;0;;;;488;;33999;;;;;;;;;0;0;;;;-XXXXX.X;491;3428;;;;;;;;;;ЛОЖЬ;;;;;;;;;;;;;;;;;;;;;;Output;EPKS_UCB;ESD_912_1;10150
M;1514_5;;;;C9011001;;;ЛОЖЬ;ЛОЖЬ;;1514;;;;;;;0;;;;834;ЛОЖЬ;0;;;;;;;;;;;;;;Undefined;;;;;;;;;;;;ЛОЖЬ;ИСТИНА;;;;;;;;;;;;;;;;;;;;;;;;
DO;91XY055_O_ESD;;COM;901-10;A_90110;91XY055 ESD TRIP;No;ЛОЖЬ;ЛОЖЬ;;374;;;;;;;0;;;;1074;ЛОЖЬ;0;None;;;;;;1=TRIP;;;;;;;Undefined;;;;;;;;;;;;ЛОЖЬ;ИСТИНА;;;;;;;;;;;;;;;;;;;;;Output;EPKS_UCB;ESD_912_1;706
DO;91PI755_TF;;COM;901-10;A_C90111;TRANSM FAULT;No;ЛОЖЬ;ЛОЖЬ;;506;;;;;;;0;;;;1281;ИСТИНА;33633;None;;;;;;0=ALARM;0=ALARM;;;;;;Undefined;;;;;;;;;;;;ЛОЖЬ;ИСТИНА;;;;;;;;;;;;;;;;;;;;;Output;EPKS_UCB;ESD_912_1;987
T;298_1;;;9100;;;;ЛОЖЬ;ЛОЖЬ;;298;;;;;;;;100 ms;5;;296;ЛОЖЬ;0;;;;;;;;;;;;;;Undefined;;;Delayed OFF with constant timer value;;;;;;;;;ЛОЖЬ;ИСТИНА;;;;;;;;;;;;;;;;;;;;;;;;
M;C608_5_F;;;9100;9100;Function block marker;;ЛОЖЬ;ЛОЖЬ;;608;;;;;;;0;;;;2706;ЛОЖЬ;0;;;;;;;;;;;;;;Undefined;;;;;;;;;;;;ЛОЖЬ;ИСТИНА;;;;;;;;;;;;;;;;;;;;;;;;
M;344_428_2;;;901-10;;GROUP_SHUTDOWN;;ЛОЖЬ;ЛОЖЬ;;428;;;;;;;0;;;;1303;ЛОЖЬ;0;;;;;;;0=TRIP;;;;;;;Undefined;491;3428;;;;;;;;;;ЛОЖЬ;;;;;;;;;;;;;;;;;;;;;;;;;
DO;18-SecSwitchOff;;SYS;;;SECONDARY SWITCH-OFF;Yes;ЛОЖЬ;;;0;;;;;;;;;;;33;ЛОЖЬ;0;None;;;;;;;;;;;;;Undefined;491;3428;;;;;;;;;;ЛОЖЬ;;;;;;;;;;;;;;;;;;;;;;;;;
DO;91XY081_C;;COM;9100;;AUTO CLOSURE 91XV081;No;ИСТИНА;ЛОЖЬ;;444;;;;;;;0;;;;639;ИСТИНА;33525;None;;;;;;0=CLOSE;;;;;;;Undefined;491;3428;;;;;;;;;;ЛОЖЬ;;;;;;;;;;;;;;;;;;;;;;Output;EPKS_UCB;ESD_912_1;784
M;C340_1_G;;;9100;9100;Function block marker;;ЛОЖЬ;ЛОЖЬ;;340;;;;;;;0;;;;2599;ЛОЖЬ;0;;;;;;;;;;;;;;Undefined;;;;;;;;;;;;ЛОЖЬ;ИСТИНА;;;;;;;;;;;;;;;;;;;;;;;;
M;536_1508_2;;;9100;;91HS757_P_I;;ЛОЖЬ;ЛОЖЬ;;1508;;;;;;;0;;;;828;ЛОЖЬ;0;;;;;;;1=RESET;;;;;;;Undefined;;;;;;;;;;;;ЛОЖЬ;ИСТИНА;;;;;;;;;;;;;;;;;;;;;;;;
M;317_388_1;;;9100;;91PALL081_I;;ЛОЖЬ;ЛОЖЬ;;388;;;;;;;0;;;;2658;ЛОЖЬ;0;;;;;;;0=TRIP INITIATOR;;;;;;;Undefined;;;;;;;;;;;;ЛОЖЬ;ИСТИНА;;;;;;;;;;;;;;;;;;;;;;;;
DO;91SIS550;;COM;901-10;A_90110;INTERLOCK 91-I-550;No;ИСТИНА;ЛОЖЬ;;350;;;;;;;0;;;;561;ИСТИНА;33532;None;;;;;;0=TRIP;;;;;;;Undefined;491;3428;;;;;;;;;;ЛОЖЬ;;;;;;;;;;;;;;;;;;;;;;Output;EPKS_UCB;ESD_912_1;482
T;302_4;;;9100;;;;ЛОЖЬ;ЛОЖЬ;;302;;;;;;;;100 ms;10;;756;ЛОЖЬ;0;;;;;;;;;;;;;;Undefined;;;Delayed OFF with constant timer value;;;;;;;;;ЛОЖЬ;ИСТИНА;;;;;;;;;;;;;;;;;;;;;;;;
T;314_1;;;9100;;;;ЛОЖЬ;ЛОЖЬ;;314;;;;;;;;100 ms;5;;104;ЛОЖЬ;0;;;;;;;;;;;;;;Undefined;;;Delayed OFF with constant timer value;;;;;;;;;ЛОЖЬ;ИСТИНА;;;;;;;;;;;;;;;;;;;;;;;;
M;624_1522_2;;;9100;;C-9011001SX EMER. STOP;;ЛОЖЬ;ЛОЖЬ;;1522;;;;;;;0;;;;894;ЛОЖЬ;0;;;;;;;0=TRIP;;;;;;;Undefined;;;;;;;;;;;;ЛОЖЬ;ИСТИНА;;;;;;;;;;;;;;;;;;;;;;;;
M;1524_1;;;;C9011001;;;ЛОЖЬ;ЛОЖЬ;;1524;;;;;;;0;;;;860;ЛОЖЬ;0;;;;;;;;;;;;;;Undefined;;;;;;;;;;;;ЛОЖЬ;ИСТИНА;;;;;;;;;;;;;;;;;;;;;;;;
M;616_4;;;901-10;;;;ЛОЖЬ;ЛОЖЬ;;616;;;;;;;0;;;;339;ЛОЖЬ;0;;;;;;;;;;;;;;Undefined;491;3428;;;;;;;;;;ЛОЖЬ;;;;;;;;;;;;;;;;;;;;;;;;;
DO;91LS754A_TF;;COM;;;TRANSM FAULT;No;ЛОЖЬ;ЛОЖЬ;;521;;;;;;;0;;;;2744;ИСТИНА;33579;None;;;;;;0=ALARM;0=ALARM;;;;;;Undefined;;;;;;;;;;;;ЛОЖЬ;ИСТИНА;;;;;;;;;;;;;;;;;;;;;Output;EPKS_UCB;ESD_912_1;969
DI;912FLTRES_SYS18;;COM;862-34;;RESET NON CRITICAL FAULTS;No;ЛОЖЬ;ИСТИНА;;17;;;;;;;0;;;;2152;ЛОЖЬ;0;None;;;;;;1=RESET;;;;;;;Undefined;;;;;;;;Low;;;;ЛОЖЬ;ИСТИНА;;;ЛОЖЬ;;;;;;;;;;;;;;;;;;Input;EPKS_UCB;ESD_912_1;9
M;520_3;;;901-10;;;;ЛОЖЬ;ЛОЖЬ;;520;;;;;;;0;;;;512;ЛОЖЬ;0;;;;;;;;;;;;;;Undefined;491;3428;;;;;;;;;;ЛОЖЬ;;;;;;;;;;;;;;;;;;;;;;;;;
T;521_1;;;;;;;ЛОЖЬ;ЛОЖЬ;;521;;;;;;;;100 ms;5;;928;ЛОЖЬ;0;;;;;;;;;;;;;;Undefined;;;Delayed OFF with constant timer value;;;;;;;;;ЛОЖЬ;ИСТИНА;;;;;;;;;;;;;;;;;;;;;;;;
M;C338_2_B;;;9100;9100;Function block marker;;ЛОЖЬ;ЛОЖЬ;;338;;;;;;;0;;;;1959;ЛОЖЬ;0;;;;;;;;;;;;;;Undefined;491;3428;;;;;;;;;;ЛОЖЬ;;;;;;;;;;;;;;;;;;;;;;;;;
M;504_1310_5;;;;;91PAH751_PERM;;ЛОЖЬ;ЛОЖЬ;;1310;;;;;;;0;;;;612;ЛОЖЬ;0;;;;;;;0=ALARM;;;;;;;Undefined;;;;;;;;;;;;ЛОЖЬ;ИСТИНА;;;;;;;;;;;;;;;;;;;;;;;;
M;1502_5;;;;C9011001;;;ЛОЖЬ;ЛОЖЬ;;1502;;;;;;;0;;;;51;ЛОЖЬ;0;;;;;;;;;;;;;;Undefined;;;;;;;;;;;;ЛОЖЬ;ИСТИНА;;;;;;;;;;;;;;;;;;;;;;;;
M;340_404_2;;;9100;;91LAHH077_I;;ЛОЖЬ;ЛОЖЬ;;404;;;;;;;0;;;;1721;ЛОЖЬ;0;;;;;;;0=TRIP INITIATOR;;;;;;;Undefined;491;3428;;;;;;;;;;ЛОЖЬ;;;;;;;;;;;;;;;;;;;;;;;;;
M;438_3;;;901-10;;;;ЛОЖЬ;ЛОЖЬ;;438;;;;;;;0;;;;376;ЛОЖЬ;0;;;;;;;;;;;;;;Undefined;491;3428;;;;;;;;;;ЛОЖЬ;;;;;;;;;;;;;;;;;;;;;;;;;
R;336_337_2;;;;;91LI066;;ЛОЖЬ;ЛОЖЬ;;337;;Float;;;;;0;;;;64;ЛОЖЬ;0;;;;;;;;;;;;;;Undefined;;;;;;;;;;;;ЛОЖЬ;ИСТИНА;;;;;;;;;;;;;;;;;;;;;;;;
M;C498_3_E;;;9100;9100;Function block marker;;ЛОЖЬ;ЛОЖЬ;;498;;;;;;;0;;;;2809;ЛОЖЬ;0;;;;;;;;;;;;;;Undefined;;;;;;;;;;;;ЛОЖЬ;ИСТИНА;;;;;;;;;;;;;;;;;;;;;;;;
M;320_1522_3;;;9100;;91PAHH099_I;;ЛОЖЬ;ЛОЖЬ;;1522;;;;;;;0;;;;893;ЛОЖЬ;0;;;;;;;0=TRIP INITIATOR;;;;;;;Undefined;;;;;;;;;;;;ЛОЖЬ;ИСТИНА;;;;;;;;;;;;;;;;;;;;;;;;
M;C320_1_E;;;9100;9100;Function block marker;;ЛОЖЬ;ЛОЖЬ;;320;;;;;;;0;;;;2062;ЛОЖЬ;0;;;;;;;;;;;;;;Undefined;491;3428;;;;;;;;;;ЛОЖЬ;;;;;;;;;;;;;;;;;;;;;;;;;
AI;91PI046;;FLD;901-10;A_90110;Давление. в заглубленную емкость V-9011009S;Yes;ИСТИНА;ЛОЖЬ;;310;ИСТИНА;Float;4-20mA;0;2.5;МПа;;;;;288;ЛОЖЬ;33772;;None;None;None;None;;;;;;;;;-XXXXX.X;3.64;22;;18.04;9;5;1;Top scale;;;;ЛОЖЬ;ИСТИНА;ЛОЖЬ;;;;;;;;;;;;;;;;;;;;Output;EPKS_UCB;ESD_912_1;10204
M;C340_1_E;;;9100;9100;Function block marker;;ЛОЖЬ;ЛОЖЬ;;340;;;;;;;0;;;;1957;ЛОЖЬ;0;;;;;;;;;;;;;;Undefined;491;3428;;;;;;;;;;ЛОЖЬ;;;;;;;;;;;;;;;;;;;;;;;;;
M;C536_3_D;;;9100;9100;Function block marker;;ЛОЖЬ;ЛОЖЬ;;536;;;;;;;0;;;;611;ЛОЖЬ;0;;;;;;;;;;;;;;Undefined;491;3428;;;;;;;;;;ЛОЖЬ;;;;;;;;;;;;;;;;;;;;;;;;;
DO;91TAL811A;;COM;901-10;A_C90111;LO ALARM;No;ЛОЖЬ;ЛОЖЬ;;598;;;;;;;0;;;;1569;ЛОЖЬ;0;None;;;;;;0=ALARM;0=ALARM;;;;;;Undefined;;;;;;;;;;;;ЛОЖЬ;ИСТИНА;;;;;;;;;;;;;;;;;;;;;Output;EPKS_UCB;ESD_912_1;1003
DO;91XY043;;MCC;901-10;A_90110;AUTO CLOSURE 91XV043;Yes;ИСТИНА;ЛОЖЬ;;414;;;;;;;0;;;;93;ЛОЖЬ;33420;None;;;;;;1=CLOSE;;;;;;;Undefined;491;3428;;18.06;1;6;1;Appl;;;;ЛОЖЬ;;;;;;;;;;;;;;;;;;;;;;;;;
M;C1514_1_K;;;;;Function block marker;;ЛОЖЬ;ЛОЖЬ;;1514;;;;;;;0;;;;963;ЛОЖЬ;0;;;;;;;;;;;;;;Undefined;;;;;;;;;;;;ЛОЖЬ;ИСТИНА;;;;;;;;;;;;;;;;;;;;;;;;
R;2496_B;;;;;EXCEPTION;;ЛОЖЬ;ЛОЖЬ;;2496;;Float;;;;;0;;;;320;ЛОЖЬ;0;;;;;;;;;;;;;;Undefined;491;3428;;;;;;;;;;ЛОЖЬ;;;;;;;;;;;;;;;;;;;;;;;;;
M;336_460_3;;;901-10;;91LAHH066_I;;ЛОЖЬ;ЛОЖЬ;;460;;;;;;;0;;;;1739;ЛОЖЬ;0;;;;;;;0=TRIP INITIATOR;;;;;;;Undefined;491;3428;;;;;;;;;;ЛОЖЬ;;;;;;;;;;;;;;;;;;;;;;;;;
DO;91XY066_C_ESD;;COM;901-10;A_90110;91XY066 ESD TRIP;No;ЛОЖЬ;ЛОЖЬ;;384;;;;;;;0;;;;1064;ЛОЖЬ;0;None;;;;;;0=TRIP;;;;;;;Undefined;;;;;;;;;;;;ЛОЖЬ;ИСТИНА;;;;;;;;;;;;;;;;;;;;;Output;EPKS_UCB;ESD_912_1;866
M;504_505_1;;;;;91PT752;;ЛОЖЬ;ЛОЖЬ;;505;;;;;;;0;;;;553;ЛОЖЬ;0;;;;;;;1=MO CONFIRMED;;;;;;;Undefined;;;;;;;;;;;;ЛОЖЬ;ИСТИНА;;;;;;;;;;;;;;;;;;;;;;;;
DO;91XY058_ESD;;COM;901-10;A_90110;91XY058 ESD TRIP;No;ЛОЖЬ;ЛОЖЬ;;380;;;;;;;0;;;;1062;ЛОЖЬ;0;None;;;;;;0=TRIP;;;;;;;Undefined;;;;;;;;;;;;ЛОЖЬ;ИСТИНА;;;;;;;;;;;;;;;;;;;;;Output;EPKS_UCB;ESD_912_1;863
M;325_332_1;;;9100;;91LALL055_I;;ЛОЖЬ;ЛОЖЬ;;332;;;;;;;0;;;;2699;ЛОЖЬ;0;;;;;;;0=TRIP INITIATOR;;;;;;;Undefined;;;;;;;;;;;;ЛОЖЬ;ИСТИНА;;;;;;;;;;;;;;;;;;;;;;;;
M;2456_K;;;;;Trip 11;;ЛОЖЬ;ЛОЖЬ;;2456;;;;;;;0;;;;125;ЛОЖЬ;0;;;;;;;;;;;;;;Undefined;491;3428;;;;;;;;;;ЛОЖЬ;;;;;;;;;;;;;;;;;;;;;;;;;
DI;18-ExtComFaultCC7;;SYS;;;EXT COM FAULT COM CH 7;Yes;ЛОЖЬ;;;16;;;;;;;;;;;12;ЛОЖЬ;0;None;;;;;;;;;;;;;Undefined;491;3428;;;;;;;;;;ЛОЖЬ;;;;ЛОЖЬ;;;;;;;;;;;;;;;;;;;;;
DO;91XY082;;MCC;901-10;A_90110;AUTO CLOSURE 91XV082;Yes;ИСТИНА;ЛОЖЬ;;446;;;;;;;0;;;;125;ЛОЖЬ;33421;None;;;;;;1=CLOSE;;;;;;;Undefined;491;3428;;18.06;5;6;1;Appl;;;;ЛОЖЬ;;;;;;;;;;;;;;;;;;;;;;;;;
M;358_524_1;;;901-10;;91 I 552;;ЛОЖЬ;ЛОЖЬ;;524;;;;;;;0;;;;1241;ЛОЖЬ;0;;;;;;;0=TRIP;;;;;;;Undefined;491;3428;;;;;;;;;;ЛОЖЬ;;;;;;;;;;;;;;;;;;;;;;;;;
M;C498_1_F;;;9100;9100;Function block marker;;ЛОЖЬ;ЛОЖЬ;;498;;;;;;;0;;;;2807;ЛОЖЬ;0;;;;;;;;;;;;;;Undefined;;;;;;;;;;;;ЛОЖЬ;ИСТИНА;;;;;;;;;;;;;;;;;;;;;;;;
AI;91FI031A;;FLD;901-10;A_C90111;Расход. Охл. вода 2 системы к конц. холку С-9011001SX;Yes;ИСТИНА;ЛОЖЬ;;354;ИСТИНА;Float;4-20mA;0;2250;кг/ч;;;;;328;ЛОЖЬ;33769;;None;None;None;None;;;;;;;;;-XXXXX.X;3.64;22;;18.04;9;15;1;Bottom scale;;;;ЛОЖЬ;ИСТИНА;ЛОЖЬ;;;;;;;;;;;;;;;;;;;;Output;EPKS_UCB;ESD_912_1;10211
BO;91TI990_HH;;COM;901-10;A_90110;HH TRIP SETPOINT (°C);No;ИСТИНА;ЛОЖЬ;;306;;Float;;;;;0;;;;464;;34000;;;;;;;;;0;0;;;;-XXXXX.X;491;3428;;;;;;;;;;ЛОЖЬ;;;;;;;;;;;;;;;;;;;;;;Output;EPKS_UCB;ESD_912_1;10183
M;C346_1_G;;;9100;9100;Function block marker;;ЛОЖЬ;ЛОЖЬ;;346;;;;;;;0;;;;1233;ЛОЖЬ;0;;;;;;;;;;;;;;Undefined;;;;;;;;;;;;ЛОЖЬ;ИСТИНА;;;;;;;;;;;;;;;;;;;;;;;;
DO;91XY055_C_ESD;;COM;901-10;A_90110;91XY055 ESD TRIP;No;ЛОЖЬ;ЛОЖЬ;;374;;;;;;;0;;;;1059;ЛОЖЬ;0;None;;;;;;0=TRIP;;;;;;;Undefined;;;;;;;;;;;;ЛОЖЬ;ИСТИНА;;;;;;;;;;;;;;;;;;;;;Output;EPKS_UCB;ESD_912_1;705
T;502_1;;;9100;;;;ЛОЖЬ;ЛОЖЬ;;502;;;;;;;;100 ms;5;;540;ЛОЖЬ;0;;;;;;;;;;;;;;Undefined;;;Delayed OFF with constant timer value;;;;;;;;;ЛОЖЬ;ИСТИНА;;;;;;;;;;;;;;;;;;;;;;;;
BO;91TI993_HH;;COM;901-10;A_90110;HH TRIP SETPOINT (°C);No;ИСТИНА;ЛОЖЬ;;308;;Float;;;;;0;;;;472;;34001;;;;;;;;;0;0;;;;-XXXXX.X;491;3428;;;;;;;;;;ЛОЖЬ;;;;;;;;;;;;;;;;;;;;;;Output;EPKS_UCB;ESD_912_1;10184
M;344_430_2;;;901-10;;GROUP_SHUTDOWN;;ЛОЖЬ;ЛОЖЬ;;430;;;;;;;0;;;;1376;ЛОЖЬ;0;;;;;;;0=TRIP;;;;;;;Undefined;491;3428;;;;;;;;;;ЛОЖЬ;;;;;;;;;;;;;;;;;;;;;;;;;
M;2460_1;;;901-10;;;;ЛОЖЬ;ЛОЖЬ;;2460;;;;;;;0;;;;191;ЛОЖЬ;0;;;;;;;;;;;;;;Undefined;491;3428;;;;;;;;;;ЛОЖЬ;;;;;;;;;;;;;;;;;;;;;;;;;
T;319_1;;;;;;;ЛОЖЬ;ЛОЖЬ;;319;;;;;;;;100 ms;5;;848;ЛОЖЬ;0;;;;;;;;;;;;;;Undefined;;;Delayed OFF with constant timer value;;;;;;;;;ЛОЖЬ;ИСТИНА;;;;;;;;;;;;;;;;;;;;;;;;
M;1510_1;;;;C9011001;;;ЛОЖЬ;ЛОЖЬ;;1510;;;;;;;0;;;;71;ЛОЖЬ;0;;;;;;;;;;;;;;Undefined;;;;;;;;;;;;ЛОЖЬ;ИСТИНА;;;;;;;;;;;;;;;;;;;;;;;;
M;332_432_1;;;901-10;;91LALL055_58_61_I;;ЛОЖЬ;ЛОЖЬ;;432;;;;;;;0;;;;1352;ЛОЖЬ;0;;;;;;;0=TRIP INITIATOR;;;;;;;Undefined;491;3428;;;;;;;;;;ЛОЖЬ;;;;;;;;;;;;;;;;;;;;;;;;;
M;352_1518_4;;;9100;;91FALL030B_I;;ЛОЖЬ;ЛОЖЬ;;1518;;;;;;;0;;;;886;ЛОЖЬ;0;;;;;;;0=TRIP INITIATOR;;;;;;;Undefined;;;;;;;;;;;;ЛОЖЬ;ИСТИНА;;;;;;;;;;;;;;;;;;;;;;;;
DO;91XY005;;MCC;901-10;A_C90111;CM-9011001SX STOP;Yes;ИСТИНА;ЛОЖЬ;;636;;;;;;;0;;;;186;ИСТИНА;33422;None;;;;;;0=TRIP;;;;;;;Undefined;491;3428;;18.06;13;3;1;Appl;;;;ЛОЖЬ;;;;;;;;;;;;;;;;;;;;;;Output;EPKS_UCB;ESD_912_1;763
M;376_2;;;9100;;;;ЛОЖЬ;ЛОЖЬ;;376;;;;;;;0;;;;762;ЛОЖЬ;0;;;;;;;;;;;;;;Undefined;491;3428;;;;;;;;;;ЛОЖЬ;;;;;;;;;;;;;;;;;;;;;;;;;
M;380_2;;;9100;;;;ЛОЖЬ;ЛОЖЬ;;380;;;;;;;0;;;;766;ЛОЖЬ;0;;;;;;;;;;;;;;Undefined;491;3428;;;;;;;;;;ЛОЖЬ;;;;;;;;;;;;;;;;;;;;;;;;;
DO;91PDI754_TF;;COM;901-10;A_C90111;TRANSM FAULT;No;ЛОЖЬ;ЛОЖЬ;;502;;;;;;;0;;;;1778;ИСТИНА;33724;None;;;;;;0=ALARM;;;;;;;Undefined;491;3428;;;;;;;;;;ЛОЖЬ;;;;;;;;;;;;;;;;;;;;;;Output;EPKS_UCB;ESD_912_1;582
M;528_532_4;;;901-10;;CAPACITY 100%;;ЛОЖЬ;ЛОЖЬ;;532;;;;;;;0;;;;442;ЛОЖЬ;0;;;;;;;1=ACTIVE;;;;;;;Undefined;491;3428;;;;;;;;;;ЛОЖЬ;;;;;;;;;;;;;;;;;;;;;;;;;
M;636_1518_1;;;9100;;91HS807_P_I;;ЛОЖЬ;ЛОЖЬ;;1518;;;;;;;0;;;;900;ЛОЖЬ;0;;;;;;;1=RESET;;;;;;;Undefined;;;;;;;;;;;;ЛОЖЬ;ИСТИНА;;;;;;;;;;;;;;;;;;;;;;;;
M;312_1506_4;;;9100;;91PAHH073_I;;ЛОЖЬ;ЛОЖЬ;;1506;;;;;;;0;;;;94;ЛОЖЬ;0;;;;;;;0=TRIP INITIATOR;;;;;;;Undefined;;;;;;;;;;;;ЛОЖЬ;ИСТИНА;;;;;;;;;;;;;;;;;;;;;;;;
M;C521_4_D;;;;;Function block marker;;ЛОЖЬ;ЛОЖЬ;;521;;;;;;;0;;;;2775;ЛОЖЬ;0;;;;;;;;;;;;;;Undefined;;;;;;;;;;;;ЛОЖЬ;ИСТИНА;;;;;;;;;;;;;;;;;;;;;;;;
M;2420_E;;;;;0=Transm. failed;;ЛОЖЬ;ЛОЖЬ;;2420;;;;;;;0;;;;112;ЛОЖЬ;0;;;;;;;;;;;;;;Undefined;491;3428;;;;;;;;;;ЛОЖЬ;;;;;;;;;;;;;;;;;;;;;;;;;
DO;91PALL752;;COM;901-10;A_C90111;C9011001AX GAS PRS;No;ИСТИНА;ЛОЖЬ;;505;;;;;;;0;;;;1791;ИСТИНА;33725;None;;;;;;0=TRIP;;;;;;;Undefined;491;3428;;;;;;;;;;ЛОЖЬ;;;;;;;;;;;;;;;;;;;;;;Output;EPKS_UCB;ESD_912_1;566
M;316_350_2;;;901-10;;91PAHH081_I;;ЛОЖЬ;ЛОЖЬ;;350;;;;;;;0;;;;1336;ЛОЖЬ;0;;;;;;;0=TRIP INITIATOR;;;;;;;Undefined;491;3428;;;;;;;;;;ЛОЖЬ;;;;;;;;;;;;;;;;;;;;;;;;;
R;C2496_1;;;;;Compiler register (288, 126);;ЛОЖЬ;ЛОЖЬ;;2496;;Float;;;;;0;;;;162;ЛОЖЬ;0;;;;;;;;;;;;;;Undefined;491;3428;;;;;;;;;;ЛОЖЬ;;;;;;;;;;;;;;;;;;;;;;;;;
M;C304_1_E;;;9100;9100;Function block marker;;ЛОЖЬ;ЛОЖЬ;;304;;;;;;;0;;;;2094;ЛОЖЬ;0;;;;;;;;;;;;;;Undefined;491;3428;;;;;;;;;;ЛОЖЬ;;;;;;;;;;;;;;;;;;;;;;;;;
M;312_313_3;;;;;91PI073_F;;ЛОЖЬ;ЛОЖЬ;;313;;;;;;;0;;;;2630;ЛОЖЬ;0;;;;;;;1=FAULT;;;;;;;Undefined;;;;;;;;;;;;ЛОЖЬ;ИСТИНА;;;;;;;;;;;;;;;;;;;;;;;;
M;608_1320_3;;;;;91PAL830_PERM;;ЛОЖЬ;ЛОЖЬ;;1320;;;;;;;0;;;;1743;ЛОЖЬ;0;;;;;;;0=ALRM;;;;;;;Undefined;;;;;;;;;;;;ЛОЖЬ;ИСТИНА;;;;;;;;;;;;;;;;;;;;;;;;
T;329_1;;;9100;;;;ЛОЖЬ;ЛОЖЬ;;329;;;;;;;;100 ms;5;;668;ЛОЖЬ;0;;;;;;;;;;;;;;Undefined;;;Delayed OFF with constant timer value;;;;;;;;;ЛОЖЬ;ИСТИНА;;;;;;;;;;;;;;;;;;;;;;;;
M;1508_1528_4;;;;C9011001;91HA120_FU1_I;;ЛОЖЬ;ЛОЖЬ;;1528;;;;;;;0;;;;1022;ЛОЖЬ;0;;;;;;;1=FIRST;;;;;;;Undefined;;;;;;;;;;;;ЛОЖЬ;ИСТИНА;;;;;;;;;;;;;;;;;;;;;;;;
M;2456_I;;;;;Trip 9;;ЛОЖЬ;ЛОЖЬ;;2456;;;;;;;0;;;;121;ЛОЖЬ;0;;;;;;;;;;;;;;Undefined;491;3428;;;;;;;;;;ЛОЖЬ;;;;;;;;;;;;;;;;;;;;;;;;;
T;317_1;;;;;;;ЛОЖЬ;ЛОЖЬ;;317;;;;;;;;100 ms;5;;824;ЛОЖЬ;0;;;;;;;;;;;;;;Undefined;;;Delayed OFF with constant timer value;;;;;;;;;ЛОЖЬ;ИСТИНА;;;;;;;;;;;;;;;;;;;;;;;;
M;390_3;;;9100;;;;ЛОЖЬ;ЛОЖЬ;;390;;;;;;;0;;;;777;ЛОЖЬ;0;;;;;;;;;;;;;;Undefined;491;3428;;;;;;;;;;ЛОЖЬ;;;;;;;;;;;;;;;;;;;;;;;;;
M;496_1310_1;;;;;91TAH761_PERM;;ЛОЖЬ;ЛОЖЬ;;1310;;;;;;;0;;;;478;ЛОЖЬ;0;;;;;;;0=ALARM;;;;;;;Undefined;;;;;;;;;;;;ЛОЖЬ;ИСТИНА;;;;;;;;;;;;;;;;;;;;;;;;
M;C598_3_G;;;9100;9100;Function block marker;;ЛОЖЬ;ЛОЖЬ;;598;;;;;;;0;;;;2789;ЛОЖЬ;0;;;;;;;;;;;;;;Undefined;;;;;;;;;;;;ЛОЖЬ;ИСТИНА;;;;;;;;;;;;;;;;;;;;;;;;
DI;91TI108_MOR;;COM;901-10;A_C90111;MO REQUEST;No;ЛОЖЬ;ИСТИНА;;302;;;;;;;0;;;;2230;ЛОЖЬ;0;None;;;;;;1=REQUEST;;;;;;;Undefined;491;3428;;;;;;Freeze;;;;ЛОЖЬ;;;;ЛОЖЬ;;;;;;;;;;;;;;;;;;Input;EPKS_UCB;ESD_912_1;87
M;C505_5_G;;;;;Function block marker;;ЛОЖЬ;ЛОЖЬ;;505;;;;;;;0;;;;2886;ЛОЖЬ;0;;;;;;;;;;;;;;Undefined;;;;;;;;;;;;ЛОЖЬ;ИСТИНА;;;;;;;;;;;;;;;;;;;;;;;;
M;C296_2_C;;;9100;9100;Function block marker;;ЛОЖЬ;ЛОЖЬ;;296;;;;;;;0;;;;1004;ЛОЖЬ;0;;;;;;;;;;;;;;Undefined;;;;;;;;;;;;ЛОЖЬ;ИСТИНА;;;;;;;;;;;;;;;;;;;;;;;;
M;C636_1_D;;;9100;9100;Function block marker;;ЛОЖЬ;ЛОЖЬ;;636;;;;;;;0;;;;569;ЛОЖЬ;0;;;;;;;;;;;;;;Undefined;491;3428;;;;;;;;;;ЛОЖЬ;;;;;;;;;;;;;;;;;;;;;;;;;
DO;91LI052_TF;;COM;9100;;TRANSM FAULT;No;ЛОЖЬ;ЛОЖЬ;;321;;;;;;;0;;;;1485;ИСТИНА;33726;None;;;;;;0=ALARM;;;;;;;Undefined;491;3428;;;;;;;;;;ЛОЖЬ;;;;;;;;;;;;;;;;;;;;;;Output;EPKS_UCB;ESD_912_1;504
M;C312_1_G;;;9100;9100;Function block marker;;ЛОЖЬ;ЛОЖЬ;;312;;;;;;;0;;;;1564;ЛОЖЬ;0;;;;;;;;;;;;;;Undefined;;;;;;;;;;;;ЛОЖЬ;ИСТИНА;;;;;;;;;;;;;;;;;;;;;;;;
M;C500_6_F;;;9100;9100;Function block marker;;ЛОЖЬ;ЛОЖЬ;;500;;;;;;;0;;;;2898;ЛОЖЬ;0;;;;;;;;;;;;;;Undefined;;;;;;;;;;;;ЛОЖЬ;ИСТИНА;;;;;;;;;;;;;;;;;;;;;;;;
M;635_3;;;;;;;ЛОЖЬ;ЛОЖЬ;;635;;;;;;;0;;;;1755;ЛОЖЬ;0;;;;;;;;;;;;;;Undefined;;;;;;;;;;;;ЛОЖЬ;ИСТИНА;;;;;;;;;;;;;;;;;;;;;;;;
M;521_2;;;;;;;ЛОЖЬ;ЛОЖЬ;;521;;;;;;;0;;;;2741;ЛОЖЬ;0;;;;;;;;;;;;;;Undefined;;;;;;;;;;;;ЛОЖЬ;ИСТИНА;;;;;;;;;;;;;;;;;;;;;;;;
M;C512_3_E;;;9100;9100;Function block marker;;ЛОЖЬ;ЛОЖЬ;;512;;;;;;;0;;;;1178;ЛОЖЬ;0;;;;;;;;;;;;;;Undefined;;;;;;;;;;;;ЛОЖЬ;ИСТИНА;;;;;;;;;;;;;;;;;;;;;;;;
M;317_316_2;;;9100;;91PI080_F;;ЛОЖЬ;ЛОЖЬ;;316;;;;;;;0;;;;2653;ЛОЖЬ;0;;;;;;;1=FAULT;;;;;;;Undefined;;;;;;;;;;;;ЛОЖЬ;ИСТИНА;;;;;;;;;;;;;;;;;;;;;;;;
M;528_530_1;;;901-10;;CAPACITY 25%;;ЛОЖЬ;ЛОЖЬ;;530;;;;;;;0;;;;434;ЛОЖЬ;0;;;;;;;1=ACTIVE;;;;;;;Undefined;491;3428;;;;;;;;;;ЛОЖЬ;;;;;;;;;;;;;;;;;;;;;;;;;
DI;18-ClockSrcFault2;;SYS;;;CLOCK SOURCE 2 FAULT;Yes;ЛОЖЬ;;;0;;;;;;;;;;;15;ЛОЖЬ;0;None;;;;;;;;;;;;;Undefined;491;3428;;;;;;;;;;ЛОЖЬ;;;;ЛОЖЬ;;;;;;;;;;;;;;;;;;;;;
M;C514_3_E;;;9100;9100;Function block marker;;ЛОЖЬ;ЛОЖЬ;;514;;;;;;;0;;;;1175;ЛОЖЬ;0;;;;;;;;;;;;;;Undefined;;;;;;;;;;;;ЛОЖЬ;ИСТИНА;;;;;;;;;;;;;;;;;;;;;;;;
M;1319_1317_1;;;901-10;A_90110;common alarm;;ЛОЖЬ;ЛОЖЬ;;1317;;;;;;;0;;;;1570;ЛОЖЬ;0;;;;;;;0=ALARM;;;;;;;Undefined;;;;;;;;;;;;ЛОЖЬ;ИСТИНА;;;;;;;;;;;;;;;;;;;;;;;;
M;308_1;;;901-10;;;;ЛОЖЬ;ЛОЖЬ;;308;;;;;;;0;;;;1369;ЛОЖЬ;0;;;;;;;;;;;;;;Undefined;491;3428;;;;;;;;;;ЛОЖЬ;;;;;;;;;;;;;;;;;;;;;;;;;
M;338_4;;;901-10;;;;ЛОЖЬ;ЛОЖЬ;;338;;;;;;;0;;;;389;ЛОЖЬ;0;;;;;;;;;;;;;;Undefined;491;3428;;;;;;;;;;ЛОЖЬ;;;;;;;;;;;;;;;;;;;;;;;;;
M;C320_2_B;;;9100;9100;Function block marker;;ЛОЖЬ;ЛОЖЬ;;320;;;;;;;0;;;;2060;ЛОЖЬ;0;;;;;;;;;;;;;;Undefined;491;3428;;;;;;;;;;ЛОЖЬ;;;;;;;;;;;;;;;;;;;;;;;;;
M;620_1;;;901-10;;;;ЛОЖЬ;ЛОЖЬ;;620;;;;;;;0;;;;464;ЛОЖЬ;0;;;;;;;;;;;;;;Undefined;491;3428;;;;;;;;;;ЛОЖЬ;;;;;;;;;;;;;;;;;;;;;;;;;
R;2432_D;;;;;SIGNAL 2;;ЛОЖЬ;ЛОЖЬ;;2432;;Float;;;;;0;;;;304;ЛОЖЬ;0;;;;;;;;;;;;;;Undefined;491;3428;;;;;;;;;;ЛОЖЬ;;;;;;;;;;;;;;;;;;;;;;;;;
M;2470_A;;;;;Loop;;ЛОЖЬ;ЛОЖЬ;;2470;;;;;;;0;;;;153;ЛОЖЬ;0;;;;;;;;;;;;;;Undefined;491;3428;;;;;;;;;;ЛОЖЬ;;;;;;;;;;;;;;;;;;;;;;;;;
BO;91PI802_HH;;COM;901-10;A_C90111;HH TRIP SETPOINT;No;ИСТИНА;ЛОЖЬ;;604;;Float;;;;;0;;;;696;;34002;;;;;;;;;0;0;;;;-XXXXX.X;491;3428;;;;;;;;;;ЛОЖЬ;;;;;;;;;;;;;;;;;;;;;;Output;EPKS_UCB;ESD_912_1;10167
M;C318_3_E;;;9100;9100;Function block marker;;ЛОЖЬ;ЛОЖЬ;;318;;;;;;;0;;;;2067;ЛОЖЬ;0;;;;;;;;;;;;;;Undefined;491;3428;;;;;;;;;;ЛОЖЬ;;;;;;;;;;;;;;;;;;;;;;;;;
M;C505_4_E;;;;;Function block marker;;ЛОЖЬ;ЛОЖЬ;;505;;;;;;;0;;;;2881;ЛОЖЬ;0;;;;;;;;;;;;;;Undefined;;;;;;;;;;;;ЛОЖЬ;ИСТИНА;;;;;;;;;;;;;;;;;;;;;;;;
DO;91XY069_ESD;;COM;901-10;A_90110;91XY069 ESD TRIP;No;ЛОЖЬ;ЛОЖЬ;;390;;;;;;;0;;;;1067;ЛОЖЬ;0;None;;;;;;0=TRIP;;;;;;;Undefined;;;;;;;;;;;;ЛОЖЬ;ИСТИНА;;;;;;;;;;;;;;;;;;;;;Output;EPKS_UCB;ESD_912_1;869
M;605_622_2;;;9100;;91PALL802_I;;ЛОЖЬ;ЛОЖЬ;;622;;;;;;;0;;;;1671;ЛОЖЬ;0;;;;;;;0=TRIP INITIATOR;;;;;;;Undefined;;;;;;;;;;;;ЛОЖЬ;ИСТИНА;;;;;;;;;;;;;;;;;;;;;;;;
T;605_3;;;;;;;ЛОЖЬ;ЛОЖЬ;;605;;;;;;;;100 ms;5;;152;ЛОЖЬ;0;;;;;;;;;;;;;;Undefined;;;Delayed OFF with constant timer value;;;;;;;;;ЛОЖЬ;ИСТИНА;;;;;;;;;;;;;;;;;;;;;;;;
T;618_1;;;901-10;;;;ЛОЖЬ;ЛОЖЬ;;618;;;;;;;;100 ms;10;;388;ЛОЖЬ;0;;;;;;;;;;;;;;Undefined;491;3428;Delayed OFF with constant timer value;;;;;;;;;ЛОЖЬ;;;;;;;;;;;;;;;;;;;;;;;;;
T;598_3;;;9100;;;;ЛОЖЬ;ЛОЖЬ;;598;;;;;;;;100 ms;5;;820;ЛОЖЬ;0;;;;;;;;;;;;;;Undefined;;;Delayed OFF with constant timer value;;;;;;;;;ЛОЖЬ;ИСТИНА;;;;;;;;;;;;;;;;;;;;;;;;
M;C167_1;;;;;Compiler marker (288, 234);;ЛОЖЬ;ЛОЖЬ;;167;;;;;;;0;;;;634;ЛОЖЬ;0;;;;;;;;;;;;;;Undefined;491;3428;;;;;;;;;;ЛОЖЬ;;;;;;;;;;;;;;;;;;;;;;;;;
DO;91PALL081_CA;;COM;;;CAUSE ALARM;No;ЛОЖЬ;ЛОЖЬ;;317;;;;;;;0;;;;1434;ЛОЖЬ;0;None;;;;;;0=ALARM;;;;;;;Undefined;491;3428;;;;;;;;;;ЛОЖЬ;;;;;;;;;;;;;;;;;;;;;;Output;EPKS_UCB;ESD_912_1;560
DI;91PI824_MOR;;COM;901-10;A_C90111;MO REQUEST;No;ЛОЖЬ;ИСТИНА;;610;;;;;;;0;;;;2227;ЛОЖЬ;0;None;;;;;;1=REQUEST;;;;;;;Undefined;491;3428;;;;;;Freeze;;;;ЛОЖЬ;;;;ЛОЖЬ;;;;;;;;;;;;;;;;;;Input;EPKS_UCB;ESD_912_1;84
M;368_1;;;901-10;;;;ЛОЖЬ;ЛОЖЬ;;368;;;;;;;0;;;;1513;ЛОЖЬ;0;;;;;;;;;;;;;;Undefined;491;3428;;;;;;;;;;ЛОЖЬ;;;;;;;;;;;;;;;;;;;;;;;;;
M;628_630_4;;;901-10;;CAPACITY 100%;;ЛОЖЬ;ЛОЖЬ;;630;;;;;;;0;;;;449;ЛОЖЬ;0;;;;;;;1=ACTIVE;;;;;;;Undefined;491;3428;;;;;;;;;;ЛОЖЬ;;;;;;;;;;;;;;;;;;;;;;;;;
M;C621_1_F;;;;;Function block marker;;ЛОЖЬ;ЛОЖЬ;;621;;;;;;;0;;;;2760;ЛОЖЬ;0;;;;;;;;;;;;;;Undefined;;;;;;;;;;;;ЛОЖЬ;ИСТИНА;;;;;;;;;;;;;;;;;;;;;;;;
M;C501_1;;;;;Compiler marker (248, 48);;ЛОЖЬ;ЛОЖЬ;;501;;;;;;;0;;;;2892;ЛОЖЬ;0;;;;;;;;;;;;;;Undefined;;;;;;;;;;;;ЛОЖЬ;ИСТИНА;;;;;;;;;;;;;;;;;;;;;;;;
DO;91PI099_TF;;COM;901-10;A_90110;TRANSM FAULT;No;ЛОЖЬ;ЛОЖЬ;;320;;;;;;;0;;;;1466;ИСТИНА;33728;None;;;;;;0=ALARM;;;;;;;Undefined;491;3428;;;;;;;;;;ЛОЖЬ;;;;;;;;;;;;;;;;;;;;;;Output;EPKS_UCB;ESD_912_1;598
BO;91TI802_HH;;COM;901-10;A_C90111;HH TRIP SETPOINT;No;ИСТИНА;ЛОЖЬ;;612;;Float;;;;;0;;;;724;;34003;;;;;;;;;0;0;;;;-XXXXX.X;491;3428;;;;;;;;;;ЛОЖЬ;;;;;;;;;;;;;;;;;;;;;;Output;EPKS_UCB;ESD_912_1;10178
DO;91PI774_MOC;;COM;901-10;A_C90111;MO CONFIRMED;No;ИСТИНА;ЛОЖЬ;;510;;;;;;;0;;;;1827;ИСТИНА;33729;None;;;;;;1=CONFIRMED;;;;;;;Undefined;491;3428;;;;;;;;;;ЛОЖЬ;;;;;;;;;;;;;;;;;;;;;;Output;EPKS_UCB;ESD_912_1;607
M;C504_3_F;;;9100;9100;Function block marker;;ЛОЖЬ;ЛОЖЬ;;504;;;;;;;0;;;;1191;ЛОЖЬ;0;;;;;;;;;;;;;;Undefined;;;;;;;;;;;;ЛОЖЬ;ИСТИНА;;;;;;;;;;;;;;;;;;;;;;;;
M;340_414_3;;;9100;;91LAHH077_I;;ЛОЖЬ;ЛОЖЬ;;414;;;;;;;0;;;;1727;ЛОЖЬ;0;;;;;;;0=TRIP INITIATOR;;;;;;;Undefined;491;3428;;;;;;;;;;ЛОЖЬ;;;;;;;;;;;;;;;;;;;;;;;;;
DO;91TI758_MOC;;COM;901-10;A_C90111;MO CONFIRMED;No;ИСТИНА;ЛОЖЬ;;516;;;;;;;0;;;;1868;ИСТИНА;33730;None;;;;;;1=CONFIRMED;;;;;;;Undefined;491;3428;;;;;;;;;;ЛОЖЬ;;;;;;;;;;;;;;;;;;;;;;Output;EPKS_UCB;ESD_912_1;655
M;368_3;;;9100;;;;ЛОЖЬ;ЛОЖЬ;;368;;;;;;;0;;;;755;ЛОЖЬ;0;;;;;;;;;;;;;;Undefined;491;3428;;;;;;;;;;ЛОЖЬ;;;;;;;;;;;;;;;;;;;;;;;;;
M;306_182_1;;;901-10;;91TT990;;ЛОЖЬ;ЛОЖЬ;;182;;;;;;;0;;;;1362;ЛОЖЬ;0;;;;;;;1=MO CONFIRMED;;;;;;;Undefined;491;3428;;;;;;;;;;ЛОЖЬ;;;;;;;;;;;;;;;;;;;;;;;;;
M;C324_3_G;;;9100;9100;Function block marker;;ЛОЖЬ;ЛОЖЬ;;324;;;;;;;0;;;;1354;ЛОЖЬ;0;;;;;;;;;;;;;;Undefined;;;;;;;;;;;;ЛОЖЬ;ИСТИНА;;;;;;;;;;;;;;;;;;;;;;;;
M;624_2;;;901-10;;;;ЛОЖЬ;ЛОЖЬ;;624;;;;;;;0;;;;1838;ЛОЖЬ;0;;;;;;;;;;;;;;Undefined;491;3428;;;;;;;;;;ЛОЖЬ;;;;;;;;;;;;;;;;;;;;;;;;;
R;314_315_3;;;;;91PI076;;ЛОЖЬ;ЛОЖЬ;;315;;Float;;;;;0;;;;84;ЛОЖЬ;0;;;;;;;;;;;;;;Undefined;;;;;;;;;;;;ЛОЖЬ;ИСТИНА;;;;;;;;;;;;;;;;;;;;;;;;
M;506_522_2;;;9100;;91PAHH772_I;;ЛОЖЬ;ЛОЖЬ;;522;;;;;;;0;;;;1896;ЛОЖЬ;0;;;;;;;0=TRIP INITIATOR;;;;;;;Undefined;491;3428;;;;;;;;;;ЛОЖЬ;;;;;;;;;;;;;;;;;;;;;;;;;
DI;91HS067A_P;;COM;901-10;A_90110;91XV067 OPEN;No;ИСТИНА;ИСТИНА;;386;;;;;;;0;;;;2163;ЛОЖЬ;33448;None;;;;;;1=OPEN (MOM);;;;;;;Undefined;491;3428;;;;;;Low;;;;ЛОЖЬ;;;;ЛОЖЬ;;;;;;;;;;;;;;;;;;Input;EPKS_UCB;ESD_912_1;141
DO;91PAHH805_CA;;COM;901-10;A_C90111;CAUSE ALARM;No;ЛОЖЬ;ЛОЖЬ;;606;;;;;;;0;;;;1131;ЛОЖЬ;0;None;;;;;;0=ALARM;0=ALARM;;;;;;Undefined;;;;;;;;;;;;ЛОЖЬ;ИСТИНА;;;;;;;;;;;;;;;;;;;;;Output;EPKS_UCB;ESD_912_1;919
M;346_350_4;;;9100;;91FALL028B_I;;ЛОЖЬ;ЛОЖЬ;;350;;;;;;;0;;;;1285;ЛОЖЬ;0;;;;;;;0=TRIP INITIATOR;;;;;;;Undefined;491;3428;;;;;;;;;;ЛОЖЬ;;;;;;;;;;;;;;;;;;;;;;;;;
DO;91PALL802;;COM;901-10;A_C90111;C9011001SX GAS PRS;No;ИСТИНА;ЛОЖЬ;;605;;;;;;;0;;;;2001;ИСТИНА;33731;None;;;;;;0=TRIP;;;;;;;Undefined;491;3428;;;;;;;;;;ЛОЖЬ;;;;;;;;;;;;;;;;;;;;;;Output;EPKS_UCB;ESD_912_1;572
M;2373_1;;;;;;;ЛОЖЬ;ЛОЖЬ;;2373;;;;;;;0;;;;1238;ЛОЖЬ;0;;;;;;;;;;;;;;Undefined;491;3428;;;;;;;;;;ЛОЖЬ;;;;;;;;;;;;;;;;;;;;;;;;;
M;2456_J;;;;;Trip 10;;ЛОЖЬ;ЛОЖЬ;;2456;;;;;;;0;;;;103;ЛОЖЬ;0;;;;;;;;;;;;;;Undefined;491;3428;;;;;;;;;;ЛОЖЬ;;;;;;;;;;;;;;;;;;;;;;;;;
DI;18-ClockSrcFault3;;SYS;;;CLOCK SOURCE 3 FAULT;Yes;ЛОЖЬ;;;0;;;;;;;;;;;16;ЛОЖЬ;0;None;;;;;;;;;;;;;Undefined;491;3428;;;;;;;;;;ЛОЖЬ;;;;ЛОЖЬ;;;;;;;;;;;;;;;;;;;;;
M;C1504_1_J;;;;;Function block marker;;ЛОЖЬ;ЛОЖЬ;;1504;;;;;;;0;;;;986;ЛОЖЬ;0;;;;;;;;;;;;;;Undefined;;;;;;;;;;;;ЛОЖЬ;ИСТИНА;;;;;;;;;;;;;;;;;;;;;;;;
M;246_252_1;;;901-10;;91LALL493_I;;ЛОЖЬ;ЛОЖЬ;;252;;;;;;;0;;;;1328;ЛОЖЬ;0;;;;;;;0=TRIP INITIATOR;;;;;;;Undefined;491;3428;;;;;;;;;;ЛОЖЬ;;;;;;;;;;;;;;;;;;;;;;;;;
DO;91HA190_PA;;COM;901-10;A_90110;1oo2 PREALARM;No;ИСТИНА;ЛОЖЬ;;342;;;;;;;0;;;;1618;ЛОЖЬ;33732;None;;;;;;0=ALARM;;;;;;;Undefined;491;3428;;;;;;;;;;ЛОЖЬ;;;;;;;;;;;;;;;;;;;;;;Output;EPKS_UCB;ESD_912_1;444
M;C521_1_F;;;;;Function block marker;;ЛОЖЬ;ЛОЖЬ;;521;;;;;;;0;;;;2769;ЛОЖЬ;0;;;;;;;;;;;;;;Undefined;;;;;;;;;;;;ЛОЖЬ;ИСТИНА;;;;;;;;;;;;;;;;;;;;;;;;
M;2430_D;;;;;0=Cause alarm;;ЛОЖЬ;ЛОЖЬ;;2430;;;;;;;0;;;;183;ЛОЖЬ;0;;;;;;;;;;;;;;Undefined;491;3428;;;;;;;;;;ЛОЖЬ;;;;;;;;;;;;;;;;;;;;;;;;;
M;512_4;;;901-10;;;;ЛОЖЬ;ЛОЖЬ;;512;;;;;;;0;;;;363;ЛОЖЬ;0;;;;;;;;;;;;;;Undefined;491;3428;;;;;;;;;;ЛОЖЬ;;;;;;;;;;;;;;;;;;;;;;;;;
M;366_2;;;9100;;;;ЛОЖЬ;ЛОЖЬ;;366;;;;;;;0;;;;752;ЛОЖЬ;0;;;;;;;;;;;;;;Undefined;491;3428;;;;;;;;;;ЛОЖЬ;;;;;;;;;;;;;;;;;;;;;;;;;
M;316_1506_4;;;9100;;91PAHH081_I;;ЛОЖЬ;ЛОЖЬ;;1506;;;;;;;0;;;;96;ЛОЖЬ;0;;;;;;;0=TRIP INITIATOR;;;;;;;Undefined;;;;;;;;;;;;ЛОЖЬ;ИСТИНА;;;;;;;;;;;;;;;;;;;;;;;;
M;C354_3_F;;;9100;9100;Function block marker;;ЛОЖЬ;ЛОЖЬ;;354;;;;;;;0;;;;2715;ЛОЖЬ;0;;;;;;;;;;;;;;Undefined;;;;;;;;;;;;ЛОЖЬ;ИСТИНА;;;;;;;;;;;;;;;;;;;;;;;;
M;C496_2_F;;;9100;9100;Function block marker;;ЛОЖЬ;ЛОЖЬ;;496;;;;;;;0;;;;2820;ЛОЖЬ;0;;;;;;;;;;;;;;Undefined;;;;;;;;;;;;ЛОЖЬ;ИСТИНА;;;;;;;;;;;;;;;;;;;;;;;;
T;246_1;;;901-10;;;;ЛОЖЬ;ЛОЖЬ;;246;;;;;;;;100 ms;5;;40;ЛОЖЬ;0;;;;;;;;;;;;;;Undefined;491;3428;Delayed OFF with constant timer value;;;;;;;;;ЛОЖЬ;;;;;;;;;;;;;;;;;;;;;;;;;
M;C2440_1;;;;;Compiler marker (312, 84);;ЛОЖЬ;ЛОЖЬ;;2440;;;;;;;0;;;;1229;ЛОЖЬ;0;;;;;;;;;;;;;;Undefined;491;3428;;;;;;;;;;ЛОЖЬ;;;;;;;;;;;;;;;;;;;;;;;;;
DO;91HA004A1_PA;;COM;901-10;A_90110;1oo2 PREALARM;No;ИСТИНА;ЛОЖЬ;;296;;;;;;;0;;;;1440;ЛОЖЬ;33733;None;;;;;;0=ALARM;;;;;;;Undefined;491;3428;;;;;;;;;;ЛОЖЬ;;;;;;;;;;;;;;;;;;;;;;Output;EPKS_UCB;ESD_912_1;434
DO;91PAHH080_CA;;COM;901-10;;CAUSE ALARM;No;ЛОЖЬ;ЛОЖЬ;;316;;;;;;;0;;;;1113;ЛОЖЬ;0;None;;;;;;0=ALARM;0=ALARM;;;;;;Undefined;;;;;;;;;;;;ЛОЖЬ;ИСТИНА;;;;;;;;;;;;;;;;;;;;;Output;EPKS_UCB;ESD_912_1;901
M;610_8;;;9100;;;;ЛОЖЬ;ЛОЖЬ;;610;;;;;;;0;;;;1917;ЛОЖЬ;0;;;;;;;;;;;;;;Undefined;;;;;;;;;;;;ЛОЖЬ;ИСТИНА;;;;;;;;;;;;;;;;;;;;;;;;
M;618_1;;;901-10;;;;ЛОЖЬ;ЛОЖЬ;;618;;;;;;;0;;;;1887;ЛОЖЬ;0;;;;;;;;;;;;;;Undefined;491;3428;;;;;;;;;;ЛОЖЬ;;;;;;;;;;;;;;;;;;;;;;;;;
M;308_182_1;;;901-10;;91TT993;;ЛОЖЬ;ЛОЖЬ;;182;;;;;;;0;;;;1374;ЛОЖЬ;0;;;;;;;1=MO CONFIRMED;;;;;;;Undefined;491;3428;;;;;;;;;;ЛОЖЬ;;;;;;;;;;;;;;;;;;;;;;;;;
M;2432_E;;;;;0=CAUSE ALARM;;ЛОЖЬ;ЛОЖЬ;;2432;;;;;;;0;;;;143;ЛОЖЬ;0;;;;;;;;;;;;;;Undefined;491;3428;;;;;;;;;;ЛОЖЬ;;;;;;;;;;;;;;;;;;;;;;;;;
M;C496_2_G;;;9100;9100;Function block marker;;ЛОЖЬ;ЛОЖЬ;;496;;;;;;;0;;;;2821;ЛОЖЬ;0;;;;;;;;;;;;;;Undefined;;;;;;;;;;;;ЛОЖЬ;ИСТИНА;;;;;;;;;;;;;;;;;;;;;;;;
M;C386_1;;;901-10;;Compiler marker (304, 90);;ЛОЖЬ;ЛОЖЬ;;386;;;;;;;0;;;;1854;ЛОЖЬ;0;;;;;;;;;;;;;;Undefined;491;3428;;;;;;;;;;ЛОЖЬ;;;;;;;;;;;;;;;;;;;;;;;;;
M;C502_1_G;;;9100;9100;Function block marker;;ЛОЖЬ;ЛОЖЬ;;502;;;;;;;0;;;;1198;ЛОЖЬ;0;;;;;;;;;;;;;;Undefined;;;;;;;;;;;;ЛОЖЬ;ИСТИНА;;;;;;;;;;;;;;;;;;;;;;;;
T;302_3;;;9100;;;;ЛОЖЬ;ЛОЖЬ;;302;;;;;;;;100 ms;5;;752;ЛОЖЬ;0;;;;;;;;;;;;;;Undefined;;;Delayed OFF with constant timer value;;;;;;;;;ЛОЖЬ;ИСТИНА;;;;;;;;;;;;;;;;;;;;;;;;
DI;91HS052A;;COM;901-10;A_90110;91XV052 OPEN;No;ИСТИНА;ИСТИНА;;368;;;;;;;0;;;;2154;ЛОЖЬ;33847;None;;;;;;1=OPEN (MOM);;;;;;;Undefined;491;3428;;;;;;Low;;;;ЛОЖЬ;;;;ЛОЖЬ;;;;;;;;;;;;;;;;;;Input;EPKS_UCB;ESD_912_1;123
M;C502_1_E;;;9100;9100;Function block marker;;ЛОЖЬ;ЛОЖЬ;;502;;;;;;;0;;;;1196;ЛОЖЬ;0;;;;;;;;;;;;;;Undefined;;;;;;;;;;;;ЛОЖЬ;ИСТИНА;;;;;;;;;;;;;;;;;;;;;;;;
M;634_4;;;9100;;;;ЛОЖЬ;ЛОЖЬ;;634;;;;;;;0;;;;1039;ЛОЖЬ;0;;;;;;;;;;;;;;Undefined;;;;;;;;;;;;ЛОЖЬ;ИСТИНА;;;;;;;;;;;;;;;;;;;;;;;;
M;C500_5_G;;;9100;9100;Function block marker;;ЛОЖЬ;ЛОЖЬ;;500;;;;;;;0;;;;2896;ЛОЖЬ;0;;;;;;;;;;;;;;Undefined;;;;;;;;;;;;ЛОЖЬ;ИСТИНА;;;;;;;;;;;;;;;;;;;;;;;;
DO;91XY402A;;MCC;901-05;A_P90110;AUTO STOP P-9010503AX;Yes;ИСТИНА;ЛОЖЬ;;250;;;;;;;0;;;;188;ИСТИНА;33423;None;;;;;;0=TRIP;;;;;;;Undefined;491;3428;;18.06;13;5;1;Appl;;;;ЛОЖЬ;;;;;;;;;;;;;;;;;;;;;;Output;EPKS_UCB;ESD_912_1;798
M;C398_2;;;9100;9100;Compiler marker (264, 91);;ЛОЖЬ;ЛОЖЬ;;398;;;;;;;0;;;;1080;ЛОЖЬ;0;;;;;;;;;;;;;;Undefined;;;;;;;;;;;;ЛОЖЬ;ИСТИНА;;;;;;;;;;;;;;;;;;;;;;;;
DI;91HS120B;;FLD;901-10;A_90110;STOP AT RAILWY THR LCSA3;Yes;ИСТИНА;ЛОЖЬ;;344;;;;;;;;;;;77;ИСТИНА;33424;None;;;;;;0=TRIP;;;;;;;Undefined;491;3428;;18.03;9;6;1;Low;;;;ЛОЖЬ;;;;ЛОЖЬ;;;;;;;;;;;;;;;;;;Output;EPKS_UCB;ESD_912_1;702
BI;18-Day;;SYS;;;Day;No;ЛОЖЬ;;;19;;Byte;;;;;;;;;3;;0;;;;;;;;;0;0;;;;-XXXXX.X;491;3428;;;;;;;;;;ЛОЖЬ;;;;;;;;;;;;;;;;;;;;;;;;;
M;C1516_1_L;;;;;Function block marker;;ЛОЖЬ;ЛОЖЬ;;1516;;;;;;;0;;;;958;ЛОЖЬ;0;;;;;;;;;;;;;;Undefined;;;;;;;;;;;;ЛОЖЬ;ИСТИНА;;;;;;;;;;;;;;;;;;;;;;;;
M;502_4;;;901-10;;;;ЛОЖЬ;ЛОЖЬ;;502;;;;;;;0;;;;373;ЛОЖЬ;0;;;;;;;;;;;;;;Undefined;491;3428;;;;;;;;;;ЛОЖЬ;;;;;;;;;;;;;;;;;;;;;;;;;
M;296_358_1;;;9100;;91HA004A1_I;;ЛОЖЬ;ЛОЖЬ;;358;;;;;;;0;;;;428;ЛОЖЬ;0;;;;;;;0=TRIP INITIATOR;;;;;;;Undefined;;;;;;;;;;;;ЛОЖЬ;ИСТИНА;;;;;;;;;;;;;;;;;;;;;;;;
M;338_3;;;901-10;;;;ЛОЖЬ;ЛОЖЬ;;338;;;;;;;0;;;;388;ЛОЖЬ;0;;;;;;;;;;;;;;Undefined;491;3428;;;;;;;;;;ЛОЖЬ;;;;;;;;;;;;;;;;;;;;;;;;;
AI;91LI054;;FLD;901-10;A_90110;Уровень. в V-9011001A;Yes;ИСТИНА;ЛОЖЬ;;325;ИСТИНА;Float;4-20mA;0;100;%;;;;;352;ЛОЖЬ;33767;;None;None;None;None;;;;;;;;;-XXXXX.X;3.64;22;;18.04;11;4;1;Bottom scale;;;;ЛОЖЬ;ИСТИНА;ЛОЖЬ;;;;;;;;;;;;;;;;;;;;Output;EPKS_UCB;ESD_912_1;10215
BO;91PI076_LL;;COM;;;LL TRIP SETPOINT (MPa-g);No;ИСТИНА;ЛОЖЬ;;315;;Float;;;;;0;;;;508;;34004;;;;;;;;;0;0;;;;-XXXXX.X;491;3428;;;;;;;;;;ЛОЖЬ;;;;;;;;;;;;;;;;;;;;;;Output;EPKS_UCB;ESD_912_1;10153
DO;91VSHH752_MOC;;COM;901-10;A_C90111;MO CONFIRMED;No;ЛОЖЬ;ЛОЖЬ;;534;;;;;;;0;;;;1045;ИСТИНА;33405;None;;;;;;1=CONFIRMED;;;;;;;Undefined;;;;;;;;;;;;ЛОЖЬ;ИСТИНА;;;;;;;;;;;;;;;;;;;;;Output;EPKS_UCB;ESD_912_1;601
M;2490_2;;;;;;;ЛОЖЬ;ЛОЖЬ;;2490;;;;;;;0;;;;615;ЛОЖЬ;0;;;;;;;;;;;;;;Undefined;491;3428;;;;;;;;;;ЛОЖЬ;;;;;;;;;;;;;;;;;;;;;;;;;
M;C312_2_B;;;9100;9100;Function block marker;;ЛОЖЬ;ЛОЖЬ;;312;;;;;;;0;;;;2078;ЛОЖЬ;0;;;;;;;;;;;;;;Undefined;491;3428;;;;;;;;;;ЛОЖЬ;;;;;;;;;;;;;;;;;;;;;;;;;
M;2490_B;;;;;Reset Signal/1=Reset;;ЛОЖЬ;ЛОЖЬ;;2490;;;;;;;0;;;;190;ЛОЖЬ;0;;;;;;;;;;;;;;Undefined;491;3428;;;;;;;;;;ЛОЖЬ;;;;;;;;;;;;;;;;;;;;;;;;;
M;2456_E;;;;;Trip 5;;ЛОЖЬ;ЛОЖЬ;;2456;;;;;;;0;;;;134;ЛОЖЬ;0;;;;;;;;;;;;;;Undefined;491;3428;;;;;;;;;;ЛОЖЬ;;;;;;;;;;;;;;;;;;;;;;;;;
DI;91HS072B;;COM;901-10;A_90110;91XV072 CLOSE;No;ЛОЖЬ;ИСТИНА;;396;;;;;;;0;;;;2189;ЛОЖЬ;0;None;;;;;;1=CLOSE (MOM);;;;;;;Undefined;;;;;;;;Low;;;;ЛОЖЬ;ИСТИНА;;;ЛОЖЬ;;;;;;;;;;;;;;;;;;Input;EPKS_UCB;ESD_912_1;150
DO;91LAHH058_CA;;COM;901-10;A_90110;CAUSE ALARM;No;ЛОЖЬ;ЛОЖЬ;;326;;;;;;;0;;;;1504;ЛОЖЬ;0;None;;;;;;0=ALARM;;;;;;;Undefined;491;3428;;;;;;;;;;ЛОЖЬ;;;;;;;;;;;;;;;;;;;;;;Output;EPKS_UCB;ESD_912_1;460
DO;91LAHH752_CA;;COM;901-10;A_C90111;CAUSE ALARM;No;ЛОЖЬ;ЛОЖЬ;;500;;;;;;;0;;;;1754;ЛОЖЬ;0;None;;;;;;0=ALARM;;;;;;;Undefined;491;3428;;;;;;;;;;ЛОЖЬ;;;;;;;;;;;;;;;;;;;;;;Output;EPKS_UCB;ESD_912_1;474
DI;91TI761_MOR;;COM;901-10;A_C90111;MO REQUEST;No;ЛОЖЬ;ИСТИНА;;518;;;;;;;0;;;;2234;ЛОЖЬ;0;None;;;;;;1=REQUEST;;;;;;;Undefined;491;3428;;;;;;Freeze;;;;ЛОЖЬ;;;;ЛОЖЬ;;;;;;;;;;;;;;;;;;Input;EPKS_UCB;ESD_912_1;91
DO;91XY079_C;;COM;9100;;AUTO CLOSURE 91XV079;No;ИСТИНА;ЛОЖЬ;;442;;;;;;;0;;;;638;ИСТИНА;33560;None;;;;;;0=CLOSE;;;;;;;Undefined;491;3428;;;;;;;;;;ЛОЖЬ;;;;;;;;;;;;;;;;;;;;;;Output;EPKS_UCB;ESD_912_1;783
DI;18-Flasher-0.5Hz;;SYS;;;0.5 HZ FLASHER;No;ЛОЖЬ;;;0;;;;;;;;;;;27;ЛОЖЬ;0;None;;;;;;;;;;;;;Undefined;491;3428;;;;;;;;;;ЛОЖЬ;;;;ЛОЖЬ;;;;;;;;;;;;;;;;;;;;;
DO;91XY068_ESD;;COM;901-10;A_90110;91XY068 ESD TRIP;No;ЛОЖЬ;ЛОЖЬ;;388;;;;;;;0;;;;1066;ЛОЖЬ;0;None;;;;;;0=TRIP;;;;;;;Undefined;;;;;;;;;;;;ЛОЖЬ;ИСТИНА;;;;;;;;;;;;;;;;;;;;;Output;EPKS_UCB;ESD_912_1;868
M;C500_6_E;;;9100;9100;Function block marker;;ЛОЖЬ;ЛОЖЬ;;500;;;;;;;0;;;;2897;ЛОЖЬ;0;;;;;;;;;;;;;;Undefined;;;;;;;;;;;;ЛОЖЬ;ИСТИНА;;;;;;;;;;;;;;;;;;;;;;;;
DI;18-CP_Fault;;SYS;;;CONTROL PROCESSOR FAULT;Yes;ЛОЖЬ;;;16;;;;;;;;;;;19;ЛОЖЬ;0;None;;;;;;;;;;;;;Undefined;491;3428;;;;;;;;;;ЛОЖЬ;;;;ЛОЖЬ;;;;;;;;;;;;;;;;;;;;;
M;C534_1_A;;;9100;9100;Compiler marker;;ЛОЖЬ;ЛОЖЬ;;534;;;;;;;0;;;;1053;ЛОЖЬ;0;;;;;;;;;;;;;;Undefined;;;;;;;;;;;;ЛОЖЬ;ИСТИНА;;;;;;;;;;;;;;;;;;;;;;;;
M;C598_3_F;;;9100;9100;Function block marker;;ЛОЖЬ;ЛОЖЬ;;598;;;;;;;0;;;;2788;ЛОЖЬ;0;;;;;;;;;;;;;;Undefined;;;;;;;;;;;;ЛОЖЬ;ИСТИНА;;;;;;;;;;;;;;;;;;;;;;;;
M;2456_D;;;;;Trip 4;;ЛОЖЬ;ЛОЖЬ;;2456;;;;;;;0;;;;115;ЛОЖЬ;0;;;;;;;;;;;;;;Undefined;491;3428;;;;;;;;;;ЛОЖЬ;;;;;;;;;;;;;;;;;;;;;;;;;
M;510_522_2;;;9100;;91PALL774_I;;ЛОЖЬ;ЛОЖЬ;;522;;;;;;;0;;;;1899;ЛОЖЬ;0;;;;;;;0=TRIP INITIATOR;;;;;;;Undefined;491;3428;;;;;;;;;;ЛОЖЬ;;;;;;;;;;;;;;;;;;;;;;;;;
AI;91LI055;;FLD;901-10;A_90110;NH3 TO V-9011001A;Yes;ИСТИНА;ЛОЖЬ;;324;ИСТИНА;Float;4-20mA;0;100;%;;;;;144;ЛОЖЬ;33937;;None;None;None;None;;;;-25;-25;;;;-XXXXX.X;3.64;22;;18.04;5;3;1;Bottom scale;;;;ЛОЖЬ;;ЛОЖЬ;;;;;;;;;;;;;;;;;;;;Output;EPKS_UCB;ESD_912_1;10070
M;C336_3_E;;;9100;9100;Function block marker;;ЛОЖЬ;ЛОЖЬ;;336;;;;;;;0;;;;1257;ЛОЖЬ;0;;;;;;;;;;;;;;Undefined;;;;;;;;;;;;ЛОЖЬ;ИСТИНА;;;;;;;;;;;;;;;;;;;;;;;;
M;C506_4_E;;;9100;9100;Function block marker;;ЛОЖЬ;ЛОЖЬ;;506;;;;;;;0;;;;1775;ЛОЖЬ;0;;;;;;;;;;;;;;Undefined;491;3428;;;;;;;;;;ЛОЖЬ;;;;;;;;;;;;;;;;;;;;;;;;;
DO;91TI801_TF;;COM;901-10;A_C90111;TRANSM FAULT;No;ЛОЖЬ;ЛОЖЬ;;612;;;;;;;0;;;;1494;ИСТИНА;33610;None;;;;;;0=ALARM;0=ALARM;;;;;;Undefined;;;;;;;;;;;;ЛОЖЬ;ИСТИНА;;;;;;;;;;;;;;;;;;;;;Output;EPKS_UCB;ESD_912_1;1015
M;332_360_1;;;901-10;;91LALL055_58_61_I;;ЛОЖЬ;ЛОЖЬ;;360;;;;;;;0;;;;458;ЛОЖЬ;0;;;;;;;0=TRIP INITIATOR;;;;;;;Undefined;491;3428;;;;;;;;;;ЛОЖЬ;;;;;;;;;;;;;;;;;;;;;;;;;
DO;91PI822_MOC;;COM;901-10;A_C90111;MO CONFIRMED;No;ИСТИНА;ЛОЖЬ;;606;;;;;;;0;;;;2004;ИСТИНА;33737;None;;;;;;1=CONFIRMED;;;;;;;Undefined;491;3428;;;;;;;;;;ЛОЖЬ;;;;;;;;;;;;;;;;;;;;;;Output;EPKS_UCB;ESD_912_1;614
DO;91PAHH084_FU1;;COM;901-10;A_90110;LIQUID AMM TO V9011001C;No;ИСТИНА;ЛОЖЬ;;1508;;;;;;;0;;;;818;ИСТИНА;34116;None;;;;;;1=FIRST;;;;;;;Undefined;;;;;;;;;;;;ЛОЖЬ;ИСТИНА;;;;;;;;;;;;;;;;;;;;;Output;EPKS_UCB;ESD_912_1;822
M;602_1514_2;;;9100;;91PDAHH804_I;;ЛОЖЬ;ЛОЖЬ;;1514;;;;;;;0;;;;874;ЛОЖЬ;0;;;;;;;0=TRIP INITIATOR;;;;;;;Undefined;;;;;;;;;;;;ЛОЖЬ;ИСТИНА;;;;;;;;;;;;;;;;;;;;;;;;
M;1508_1528_2;;;;C9011001;91PAHH084_FU1_I;;ЛОЖЬ;ЛОЖЬ;;1528;;;;;;;0;;;;1016;ЛОЖЬ;0;;;;;;;1=FIRST;;;;;;;Undefined;;;;;;;;;;;;ЛОЖЬ;ИСТИНА;;;;;;;;;;;;;;;;;;;;;;;;
M;C1516_1_J;;;;;Function block marker;;ЛОЖЬ;ЛОЖЬ;;1516;;;;;;;0;;;;956;ЛОЖЬ;0;;;;;;;;;;;;;;Undefined;;;;;;;;;;;;ЛОЖЬ;ИСТИНА;;;;;;;;;;;;;;;;;;;;;;;;
M;313_368_1;;;9100;;91PALL073_I;;ЛОЖЬ;ЛОЖЬ;;368;;;;;;;0;;;;2632;ЛОЖЬ;0;;;;;;;0=TRIP INITIATOR;;;;;;;Undefined;;;;;;;;;;;;ЛОЖЬ;ИСТИНА;;;;;;;;;;;;;;;;;;;;;;;;
DO;91PAHH772A_P;;COM;901-10;A_C90111;INDICATION LIGHT;No;ИСТИНА;ЛОЖЬ;;506;;;;;;;0;;;;531;ЛОЖЬ;34005;None;;;;;;1=ACTIVE;;;;;;;Undefined;491;3428;;;;;;;;;;ЛОЖЬ;;;;;;;;;;;;;;;;;;Output;CC_UCB_1;ESD_912_1;83;;;;
R;C2456_6;;;;;Compiler register (256, 168);;ЛОЖЬ;ЛОЖЬ;;2456;;Float;;;;;0;;;;360;ЛОЖЬ;0;;;;;;;;;;;;;;Undefined;491;3428;;;;;;;;;;ЛОЖЬ;;;;;;;;;;;;;;;;;;;;;;;;;
DO;91PAHH081_FU2;;COM;901-10;A_90110;LIQUID AMM TO V9011001B;No;ИСТИНА;ЛОЖЬ;;1520;;;;;;;0;;;;923;ИСТИНА;34141;None;;;;;;1=FIRST;;;;;;;Undefined;;;;;;;;;;;;ЛОЖЬ;ИСТИНА;;;;;;;;;;;;;;;;;;;;;Output;EPKS_UCB;ESD_912_1;847
DO;91LALL495_CA;;COM;901-05;A_90105;CAUSE ALARM;No;ЛОЖЬ;ЛОЖЬ;;250;;;;;;;0;;;;1315;ЛОЖЬ;0;None;;;;;;0=TRIP;;;;;;;Undefined;491;3428;;;;;;;;;;ЛОЖЬ;;;;;;;;;;;;;;;;;;;;;;Output;EPKS_UCB;ESD_912_1;502
M;C600_3_F;;;9100;9100;Function block marker;;ЛОЖЬ;ЛОЖЬ;;600;;;;;;;0;;;;1170;ЛОЖЬ;0;;;;;;;;;;;;;;Undefined;;;;;;;;;;;;ЛОЖЬ;ИСТИНА;;;;;;;;;;;;;;;;;;;;;;;;
M;324_325_4;;;;;91LI055_F;;ЛОЖЬ;ЛОЖЬ;;325;;;;;;;0;;;;2697;ЛОЖЬ;0;;;;;;;1=FAULT;;;;;;;Undefined;;;;;;;;;;;;ЛОЖЬ;ИСТИНА;;;;;;;;;;;;;;;;;;;;;;;;
DO;91TI987_MOC;;COM;901-10;A_90110;MO CONFIRMED;No;ИСТИНА;ЛОЖЬ;;304;;;;;;;0;;;;1346;ИСТИНА;33739;None;;;;;;1=CONFIRMED;;;;;;;Undefined;491;3428;;;;;;;;;;ЛОЖЬ;;;;;;;;;;;;;;;;;;;;;;Output;EPKS_UCB;ESD_912_1;667
M;C300_1_G;;;9100;9100;Function block marker;;ЛОЖЬ;ЛОЖЬ;;300;;;;;;;0;;;;2611;ЛОЖЬ;0;;;;;;;;;;;;;;Undefined;;;;;;;;;;;;ЛОЖЬ;ИСТИНА;;;;;;;;;;;;;;;;;;;;;;;;
M;310_402_2;;;901-10;;91PAHH063_I;;ЛОЖЬ;ЛОЖЬ;;402;;;;;;;0;;;;1715;ЛОЖЬ;0;;;;;;;0=TRIP INITIATOR;;;;;;;Undefined;491;3428;;;;;;;;;;ЛОЖЬ;;;;;;;;;;;;;;;;;;;;;;;;;
M;C326_3_E;;;9100;9100;Function block marker;;ЛОЖЬ;ЛОЖЬ;;326;;;;;;;0;;;;2047;ЛОЖЬ;0;;;;;;;;;;;;;;Undefined;491;3428;;;;;;;;;;ЛОЖЬ;;;;;;;;;;;;;;;;;;;;;;;;;
DO;91HA005A1;;COM;901-10;A_90110;COMP STOP C9011001SX;No;ИСТИНА;ЛОЖЬ;;358;;;;;;;0;;;;1454;ИСТИНА;33740;None;;;;;;0=TRIP;;;;;;;Undefined;491;3428;;;;;;;;;;ЛОЖЬ;;;;;;;;;;;;;;;;;;;;;;Output;EPKS_UCB;ESD_912_1;435
M;C610_5_E;;;9100;9100;Function block marker;;ЛОЖЬ;ЛОЖЬ;;610;;;;;;;0;;;;2666;ЛОЖЬ;0;;;;;;;;;;;;;;Undefined;;;;;;;;;;;;ЛОЖЬ;ИСТИНА;;;;;;;;;;;;;;;;;;;;;;;;
M;2470_B;;;;;Signal 1;;ЛОЖЬ;ЛОЖЬ;;2470;;;;;;;0;;;;154;ЛОЖЬ;0;;;;;;;;;;;;;;Undefined;491;3428;;;;;;;;;;ЛОЖЬ;;;;;;;;;;;;;;;;;;;;;;;;;
T;612_5;;;9100;;;;ЛОЖЬ;ЛОЖЬ;;612;;;;;;;;100 ms;5;;208;ЛОЖЬ;0;;;;;;;;;;;;;;Undefined;;;Delayed OFF with constant timer value;;;;;;;;;ЛОЖЬ;ИСТИНА;;;;;;;;;;;;;;;;;;;;;;;;
M;504_186_1;;;901-10;;91PT752;;ЛОЖЬ;ЛОЖЬ;;186;;;;;;;0;;;;1787;ЛОЖЬ;0;;;;;;;1=MO CONFIRMED;;;;;;;Undefined;491;3428;;;;;;;;;;ЛОЖЬ;;;;;;;;;;;;;;;;;;;;;;;;;
DO;91PAHH822A_P;;COM;901-10;A_C90111;INDICATION LIGHT;No;ИСТИНА;ЛОЖЬ;;606;;;;;;;0;;;;545;ЛОЖЬ;34006;None;;;;;;1=ACTIVE;;;;;;;Undefined;491;3428;;;;;;;;;;ЛОЖЬ;;;;;;;;;;;;;;;;;;Output;CC_UCB_1;ESD_912_1;89;;;;
M;C321_3_E;;;9100;9100;Function block marker;;ЛОЖЬ;ЛОЖЬ;;321;;;;;;;0;;;;1969;ЛОЖЬ;0;;;;;;;;;;;;;;Undefined;;;;;;;;;;;;ЛОЖЬ;ИСТИНА;;;;;;;;;;;;;;;;;;;;;;;;
DO;91FI029B_TF;;COM;901-10;A_90110;TRANSM FAULT;No;ЛОЖЬ;ЛОЖЬ;;348;;;;;;;0;;;;1655;ИСТИНА;33741;None;;;;;;0=ALARM;;;;;;;Undefined;491;3428;;;;;;;;;;ЛОЖЬ;;;;;;;;;;;;;;;;;;;;;;Output;EPKS_UCB;ESD_912_1;427
M;C524_1_C;;;9100;9100;Function block marker;;ЛОЖЬ;ЛОЖЬ;;524;;;;;;;0;;;;660;ЛОЖЬ;0;;;;;;;;;;;;;;Undefined;491;3428;;;;;;;;;;ЛОЖЬ;;;;;;;;;;;;;;;;;;;;;;;;;
DO;91LAHH047_CA;;COM;901-10;;CAUSE ALARM;No;ЛОЖЬ;ЛОЖЬ;;334;;;;;;;0;;;;1099;ЛОЖЬ;0;None;;;;;;0=ALARM;0=ALARM;;;;;;Undefined;;;;;;;;;;;;ЛОЖЬ;ИСТИНА;;;;;;;;;;;;;;;;;;;;;Output;EPKS_UCB;ESD_912_1;887
M;2470_D;;;;;Signal 3;;ЛОЖЬ;ЛОЖЬ;;2470;;;;;;;0;;;;158;ЛОЖЬ;0;;;;;;;;;;;;;;Undefined;491;3428;;;;;;;;;;ЛОЖЬ;;;;;;;;;;;;;;;;;;;;;;;;;
M;344_464_3;;;901-10;;GROUP-SHUTDOWN;;ЛОЖЬ;ЛОЖЬ;;464;;;;;;;0;;;;1744;ЛОЖЬ;0;;;;;;;0=TRIP;;;;;;;Undefined;491;3428;;;;;;;;;;ЛОЖЬ;;;;;;;;;;;;;;;;;;;;;;;;;
DO;91LI802_TF;;COM;901-10;A_C90111;TRANSM FAULT;No;ЛОЖЬ;ЛОЖЬ;;600;;;;;;;0;;;;1990;ИСТИНА;33742;None;;;;;;0=ALARM;;;;;;;Undefined;491;3428;;;;;;;;;;ЛОЖЬ;;;;;;;;;;;;;;;;;;;;;;Output;EPKS_UCB;ESD_912_1;528
M;322_321_3;;;9100;;91LI051_F;;ЛОЖЬ;ЛОЖЬ;;321;;;;;;;0;;;;1907;ЛОЖЬ;0;;;;;;;1=FAULT;;;;;;;Undefined;;;;;;;;;;;;ЛОЖЬ;ИСТИНА;;;;;;;;;;;;;;;;;;;;;;;;
M;532_536_1;;;901-10;;91XY755A;;ЛОЖЬ;ЛОЖЬ;;536;;;;;;;0;;;;445;ЛОЖЬ;0;;;;;;;1=ACTIVE;;;;;;;Undefined;491;3428;;;;;;;;;;ЛОЖЬ;;;;;;;;;;;;;;;;;;;;;;;;;
DO;91TI809A_TF;;COM;901-10;A_C90111;TRANSM FAULT;No;ЛОЖЬ;ЛОЖЬ;;616;;;;;;;0;;;;1507;ИСТИНА;33609;None;;;;;;0=ALARM;0=ALARM;;;;;;Undefined;;;;;;;;;;;;ЛОЖЬ;ИСТИНА;;;;;;;;;;;;;;;;;;;;;Output;EPKS_UCB;ESD_912_1;1019
AI;91PI774;;FLD;901-10;A_C90111;C-9011001AX CARTER OIL;Yes;ИСТИНА;ЛОЖЬ;;510;ИСТИНА;Float;4-20mA;0;100;kPa-g;;;;;28;ЛОЖЬ;33941;;None;None;None;None;;;;-25;-25;;;;-XXXXX.X;3.64;22;;18.04;1;8;1;Bottom scale;;;;ЛОЖЬ;;ЛОЖЬ;;;;;;;;;;;;;;;;;;;;Output;EPKS_UCB;ESD_912_1;10094
M;334_1;;;901-10;;;;ЛОЖЬ;ЛОЖЬ;;334;;;;;;;0;;;;1544;ЛОЖЬ;0;;;;;;;;;;;;;;Undefined;491;3428;;;;;;;;;;ЛОЖЬ;;;;;;;;;;;;;;;;;;;;;;;;;
M;322_432_2;;;901-10;;91LALL052_I;;ЛОЖЬ;ЛОЖЬ;;432;;;;;;;0;;;;1375;ЛОЖЬ;0;;;;;;;0=TRIP INITIATOR;;;;;;;Undefined;491;3428;;;;;;;;;;ЛОЖЬ;;;;;;;;;;;;;;;;;;;;;;;;;
DO;IB912_ESD1_CS;;COM;;;CLOCK SOURCE FLT;No;ЛОЖЬ;ЛОЖЬ;;19;;;;;;;0;;;;1624;ЛОЖЬ;0;None;;;;;FAULT;;State High;;;;;;Undefined;;;;;;;;;;;;ЛОЖЬ;ИСТИНА;;;;;;;;;;;;;;;;;;;;;Output;EPKS_UCB;ESD_912_1;931
M;500_536_5;;;9100;;91LAH751_O;;ЛОЖЬ;ЛОЖЬ;;536;;;;;;;0;;;;2029;ЛОЖЬ;0;;;;;;;0=ALARM;;;;;;;Undefined;;;;;;;;;;;;ЛОЖЬ;ИСТИНА;;;;;;;;;;;;;;;;;;;;;;;;
DO;91VAHH752_FU;;COM;901-10;A_90110;TRIP INITIATOR;No;ИСТИНА;ЛОЖЬ;;1504;;;;;;;0;;;;810;ИСТИНА;34108;None;;;;;;1=FIRST;;;;;;;Undefined;;;;;;;;;;;;ЛОЖЬ;ИСТИНА;;;;;;;;;;;;;;;;;;;;;Output;EPKS_UCB;ESD_912_1;814
DO;91PI805_TF;;COM;901-10;A_C90111;TRANSM FAULT;No;ЛОЖЬ;ЛОЖЬ;;606;;;;;;;0;;;;1478;ИСТИНА;34009;None;;;;;;0=ALARM;0=ALARM;;;;;;Undefined;;;;;;;;;;;;ЛОЖЬ;ИСТИНА;;;;;;;;;;;;;;;;;;;;;Output;EPKS_UCB;ESD_912_1;1009
M;302_446_2;;;9100;;91TAHH108_I;;ЛОЖЬ;ЛОЖЬ;;446;;;;;;;0;;;;1711;ЛОЖЬ;0;;;;;;;0=TRIP INITIATOR;;;;;;;Undefined;491;3428;;;;;;;;;;ЛОЖЬ;;;;;;;;;;;;;;;;;;;;;;;;;
M;C318_1_G;;;9100;9100;Function block marker;;ЛОЖЬ;ЛОЖЬ;;318;;;;;;;0;;;;1462;ЛОЖЬ;0;;;;;;;;;;;;;;Undefined;;;;;;;;;;;;ЛОЖЬ;ИСТИНА;;;;;;;;;;;;;;;;;;;;;;;;
M;618_188_1;;;901-10;;91TT811;;ЛОЖЬ;ЛОЖЬ;;188;;;;;;;0;;;;2036;ЛОЖЬ;0;;;;;;;1=MO CONFIRMED;;;;;;;Undefined;491;3428;;;;;;;;;;ЛОЖЬ;;;;;;;;;;;;;;;;;;;;;;;;;
M;C310_3_E;;;9100;9100;Function block marker;;ЛОЖЬ;ЛОЖЬ;;310;;;;;;;0;;;;1574;ЛОЖЬ;0;;;;;;;;;;;;;;Undefined;;;;;;;;;;;;ЛОЖЬ;ИСТИНА;;;;;;;;;;;;;;;;;;;;;;;;
M;C536_4_D;;;9100;9100;Function block marker;;ЛОЖЬ;ЛОЖЬ;;536;;;;;;;0;;;;1038;ЛОЖЬ;0;;;;;;;;;;;;;;Undefined;;;;;;;;;;;;ЛОЖЬ;ИСТИНА;;;;;;;;;;;;;;;;;;;;;;;;
M;314_3;;;901-10;;;;ЛОЖЬ;ЛОЖЬ;;314;;;;;;;0;;;;408;ЛОЖЬ;0;;;;;;;;;;;;;;Undefined;491;3428;;;;;;;;;;ЛОЖЬ;;;;;;;;;;;;;;;;;;;;;;;;;
T;616_2;;;9100;;;;ЛОЖЬ;ЛОЖЬ;;616;;;;;;;;100 ms;5;;608;ЛОЖЬ;0;;;;;;;;;;;;;;Undefined;;;Delayed OFF with constant timer value;;;;;;;;;ЛОЖЬ;ИСТИНА;;;;;;;;;;;;;;;;;;;;;;;;
M;340_420_3;;;9100;;91LAHH077_I;;ЛОЖЬ;ЛОЖЬ;;420;;;;;;;0;;;;1732;ЛОЖЬ;0;;;;;;;0=TRIP INITIATOR;;;;;;;Undefined;491;3428;;;;;;;;;;ЛОЖЬ;;;;;;;;;;;;;;;;;;;;;;;;;
DO;91PI076_TF;;COM;901-10;A_90110;TRANSM FAULT;No;ЛОЖЬ;ЛОЖЬ;;314;;;;;;;0;;;;1419;ИСТИНА;33743;None;;;;;;0=ALARM;;;;;;;Undefined;491;3428;;;;;;;;;;ЛОЖЬ;;;;;;;;;;;;;;;;;;;;;;Output;EPKS_UCB;ESD_912_1;592
DO;91XY068;;FLD;901-10;A_90110;INLET VALVE CTRL 91XV068;Yes;ИСТИНА;ЛОЖЬ;;388;;;;;;;0;;;;35;ИСТИНА;33427;None;;;;;;1=OPEN;;;;;;;Undefined;491;3428;;18.05;5;4;1;Appl;;;;ЛОЖЬ;;;;;;;;;;;;;;;;;;;;;;Output;EPKS_UCB;ESD_912_1;738
M;C338_3_E;;;9100;9100;Function block marker;;ЛОЖЬ;ЛОЖЬ;;338;;;;;;;0;;;;2602;ЛОЖЬ;0;;;;;;;;;;;;;;Undefined;;;;;;;;;;;;ЛОЖЬ;ИСТИНА;;;;;;;;;;;;;;;;;;;;;;;;
DO;91TAHH808;;COM;901-10;A_C90111;C9011001SX COOL H2O;No;ИСТИНА;ЛОЖЬ;;616;;;;;;;0;;;;2032;ИСТИНА;33744;None;;;;;;0=TRIP;;;;;;;Undefined;491;3428;;;;;;;;;;ЛОЖЬ;;;;;;;;;;;;;;;;;;;;;;Output;EPKS_UCB;ESD_912_1;636
DO;91LAHH066;;COM;901-10;A_90110;AMMONIA TO V-9011004;No;ИСТИНА;ЛОЖЬ;;336;;;;;;;0;;;;1578;ИСТИНА;33745;None;;;;;;0=TRIP;;;;;;;Undefined;491;3428;;;;;;;;;;ЛОЖЬ;;;;;;;;;;;;;;;;;;;;;;Output;EPKS_UCB;ESD_912_1;467
DO;91PALL829;;COM;901-10;A_C90111;C9011001SX FLU GAS SUP;No;ИСТИНА;ЛОЖЬ;;608;;;;;;;0;;;;2011;ИСТИНА;33746;None;;;;;;0=TRIP;;;;;;;Undefined;491;3428;;;;;;;;;;ЛОЖЬ;;;;;;;;;;;;;;;;;;;;;;Output;EPKS_UCB;ESD_912_1;576
M;C335_1_G;;;;;Function block marker;;ЛОЖЬ;ЛОЖЬ;;335;;;;;;;0;;;;2566;ЛОЖЬ;0;;;;;;;;;;;;;;Undefined;;;;;;;;;;;;ЛОЖЬ;ИСТИНА;;;;;;;;;;;;;;;;;;;;;;;;
M;C635_2_A;;;;;Compiler marker;;ЛОЖЬ;ЛОЖЬ;;635;;;;;;;0;;;;1783;ЛОЖЬ;0;;;;;;;;;;;;;;Undefined;;;;;;;;;;;;ЛОЖЬ;ИСТИНА;;;;;;;;;;;;;;;;;;;;;;;;
T;337_2;;;;;;;ЛОЖЬ;ЛОЖЬ;;337;;;;;;;;100 ms;5;;712;ЛОЖЬ;0;;;;;;;;;;;;;;Undefined;;;Delayed OFF with constant timer value;;;;;;;;;ЛОЖЬ;ИСТИНА;;;;;;;;;;;;;;;;;;;;;;;;
T;342_2;;;901-10;;;;ЛОЖЬ;ЛОЖЬ;;342;;;;;;;;100 ms;10;;228;ЛОЖЬ;0;;;;;;;;;;;;;;Undefined;491;3428;Delayed OFF with constant timer value;;;;;;;;;ЛОЖЬ;;;;;;;;;;;;;;;;;;;;;;;;;
M;508_522_2;;;9100;;91PALL779_I;;ЛОЖЬ;ЛОЖЬ;;522;;;;;;;0;;;;1898;ЛОЖЬ;0;;;;;;;0=TRIP INITIATOR;;;;;;;Undefined;491;3428;;;;;;;;;;ЛОЖЬ;;;;;;;;;;;;;;;;;;;;;;;;;
M;338_454_4;;;901-10;;91LALL073_I;;ЛОЖЬ;ЛОЖЬ;;454;;;;;;;0;;;;1738;ЛОЖЬ;0;;;;;;;0=TRIP INITIATOR;;;;;;;Undefined;491;3428;;;;;;;;;;ЛОЖЬ;;;;;;;;;;;;;;;;;;;;;;;;;
AI;91FI029A;;FLD;901-10;A_C90111;Расход. Охл. вода 2 системы к конц. холку С-9011001AX;Yes;ИСТИНА;ЛОЖЬ;;348;ИСТИНА;Float;4-20mA;0;2250;кг/ч;;;;;320;ЛОЖЬ;33756;;None;None;None;None;;;;;;;;;-XXXXX.X;3.64;22;;18.04;9;13;1;Bottom scale;;;;ЛОЖЬ;ИСТИНА;ЛОЖЬ;;;;;;;;;;;;;;;;;;;;Output;EPKS_UCB;ESD_912_1;10209
M;C614_5_G;;;9100;9100;Function block marker;;ЛОЖЬ;ЛОЖЬ;;614;;;;;;;0;;;;2136;ЛОЖЬ;0;;;;;;;;;;;;;;Undefined;;;;;;;;;;;;ЛОЖЬ;ИСТИНА;;;;;;;;;;;;;;;;;;;;;;;;
M;C330_2;;;901-10;;Compiler marker (320, 282);;ЛОЖЬ;ЛОЖЬ;;330;;;;;;;0;;;;1996;ЛОЖЬ;0;;;;;;;;;;;;;;Undefined;491;3428;;;;;;;;;;ЛОЖЬ;;;;;;;;;;;;;;;;;;;;;;;;;
DI;91LSLL754_MOR;;COM;;;MO REQUEST;No;ЛОЖЬ;ИСТИНА;;521;;;;;;;0;;;;2149;ЛОЖЬ;0;None;;;;;;1=REQUEST;;;;;;;Undefined;491;3428;;;;;;Freeze;;;;ЛОЖЬ;;;;ЛОЖЬ;;;;;;;;;;;;;;;;;;Input;EPKS_UCB;ESD_912_1;6
M;2460_I;;;;;0=BAD_PV;;ЛОЖЬ;ЛОЖЬ;;2460;;;;;;;0;;;;147;ЛОЖЬ;0;;;;;;;;;;;;;;Undefined;491;3428;;;;;;;;;;ЛОЖЬ;;;;;;;;;;;;;;;;;;;;;;;;;
M;C396_1;;;901-10;;Compiler marker (304, 90);;ЛОЖЬ;ЛОЖЬ;;396;;;;;;;0;;;;1831;ЛОЖЬ;0;;;;;;;;;;;;;;Undefined;491;3428;;;;;;;;;;ЛОЖЬ;;;;;;;;;;;;;;;;;;;;;;;;;
M;C2450_2;;;;;Compiler marker (256, 216);;ЛОЖЬ;ЛОЖЬ;;2450;;;;;;;0;;;;1227;ЛОЖЬ;0;;;;;;;;;;;;;;Undefined;491;3428;;;;;;;;;;ЛОЖЬ;;;;;;;;;;;;;;;;;;;;;;;;;
M;C337_2_E;;;;;Function block marker;;ЛОЖЬ;ЛОЖЬ;;337;;;;;;;0;;;;2586;ЛОЖЬ;0;;;;;;;;;;;;;;Undefined;;;;;;;;;;;;ЛОЖЬ;ИСТИНА;;;;;;;;;;;;;;;;;;;;;;;;
M;366_3;;;9100;;;;ЛОЖЬ;ЛОЖЬ;;366;;;;;;;0;;;;753;ЛОЖЬ;0;;;;;;;;;;;;;;Undefined;491;3428;;;;;;;;;;ЛОЖЬ;;;;;;;;;;;;;;;;;;;;;;;;;
M;604_1320_5;;;;;91PAH801_PERM;;ЛОЖЬ;ЛОЖЬ;;1320;;;;;;;0;;;;1691;ЛОЖЬ;0;;;;;;;0=ALARM;;;;;;;Undefined;;;;;;;;;;;;ЛОЖЬ;ИСТИНА;;;;;;;;;;;;;;;;;;;;;;;;
DO;91LI495_TF;;COM;901-05;A_90105;TRANSM FAULT;No;ЛОЖЬ;ЛОЖЬ;;248;;;;;;;0;;;;1266;ИСТИНА;33747;None;;;;;;0=ALARM;;;;;;;Undefined;491;3428;;;;;;;;;;ЛОЖЬ;;;;;;;;;;;;;;;;;;;;;;Output;EPKS_UCB;ESD_912_1;524
DO;91C1001SX_TF;;COM;901-10;A_90110;COMPRESSOR C-9011001SX AIs FAULT;No;ЛОЖЬ;ЛОЖЬ;;1317;;;;;;;0;;;;38;ЛОЖЬ;0;None;;;;;;1=ALARM;;;;;;;Undefined;;;;;;;;;;;;ЛОЖЬ;ИСТИНА;;;;;;;;;;;;;;;;;Output;CC_UCB_1;ESD_912_1;108;;;;
R;2457_A;;;;;Input 1;;ЛОЖЬ;ЛОЖЬ;;2457;;Float;;;;;0;;;;108;ЛОЖЬ;0;;;;;;;;;;;;;;Undefined;491;3428;;;;;;;;;;ЛОЖЬ;;;;;;;;;;;;;;;;;;;;;;;;;
M;C608_6_E;;;9100;9100;Function block marker;;ЛОЖЬ;ЛОЖЬ;;608;;;;;;;0;;;;2708;ЛОЖЬ;0;;;;;;;;;;;;;;Undefined;;;;;;;;;;;;ЛОЖЬ;ИСТИНА;;;;;;;;;;;;;;;;;;;;;;;;
DO;91LI054_TF;;COM;9100;;TRANSM FAULT;No;ЛОЖЬ;ЛОЖЬ;;324;;;;;;;0;;;;2696;ИСТИНА;33920;None;;;;;;0=ALARM;0=ALARM;;;;;;Undefined;;;;;;;;;;;;ЛОЖЬ;ИСТИНА;;;;;;;;;;;;;;;;;;;;;Output;EPKS_UCB;ESD_912_1;960
BO;91LI493_LL;;COM;901-05;A_90105;LL TRIP SETPOINT (%);No;ИСТИНА;ЛОЖЬ;;246;;Float;;;;;0;;;;416;;34007;;;;;;;;;0;0;;;;-XXXXX.X;491;3428;;;;;;;;;;ЛОЖЬ;;;;;;;;;;;;;;;;;;;;;;Output;EPKS_UCB;ESD_912_1;10139
AI;91LI073;;FLD;901-10;A_90110;NH3 TO V-9011002;Yes;ИСТИНА;ЛОЖЬ;;338;ИСТИНА;Float;4-20mA;0;100;%;;;;;168;ЛОЖЬ;33945;;None;None;None;None;;;;-25;-25;;;;-XXXXX.X;3.64;22;;18.04;5;9;1;Bottom scale;;;;ЛОЖЬ;;ЛОЖЬ;;;;;;;;;;;;;;;;;;;;Output;EPKS_UCB;ESD_912_1;10076
M;1510_2;;;;C9011001;;;ЛОЖЬ;ЛОЖЬ;;1510;;;;;;;0;;;;72;ЛОЖЬ;0;;;;;;;;;;;;;;Undefined;;;;;;;;;;;;ЛОЖЬ;ИСТИНА;;;;;;;;;;;;;;;;;;;;;;;;
T;346_1;;;9100;;;;ЛОЖЬ;ЛОЖЬ;;346;;;;;;;;100 ms;5;;524;ЛОЖЬ;0;;;;;;;;;;;;;;Undefined;;;Delayed OFF with constant timer value;;;;;;;;;ЛОЖЬ;ИСТИНА;;;;;;;;;;;;;;;;;;;;;;;;
T;616_3;;;9100;;;;ЛОЖЬ;ЛОЖЬ;;616;;;;;;;;100 ms;5;;224;ЛОЖЬ;0;;;;;;;;;;;;;;Undefined;;;Delayed OFF with constant timer value;;;;;;;;;ЛОЖЬ;ИСТИНА;;;;;;;;;;;;;;;;;;;;;;;;
M;C2460_3;;;;;Compiler marker (224, 307);;ЛОЖЬ;ЛОЖЬ;;2460;;;;;;;0;;;;1223;ЛОЖЬ;0;;;;;;;;;;;;;;Undefined;491;3428;;;;;;;;;;ЛОЖЬ;;;;;;;;;;;;;;;;;;;;;;;;;
T;596_1;;;9100;;;;ЛОЖЬ;ЛОЖЬ;;596;;;;;;;;100 ms;5;;792;ЛОЖЬ;0;;;;;;;;;;;;;;Undefined;;;Delayed OFF with constant timer value;;;;;;;;;ЛОЖЬ;ИСТИНА;;;;;;;;;;;;;;;;;;;;;;;;
M;C246_1_E;;;4300;4300;Function block marker;;ЛОЖЬ;ЛОЖЬ;;246;;;;;;;0;;;;2112;ЛОЖЬ;0;;;;;;;;;;;;;;Undefined;491;3428;;;;;;;;;;ЛОЖЬ;;;;;;;;;;;;;;;;;;;;;;;;;
DO;91PAHH752A_P;;COM;901-10;;INDICATION LIGHT;No;ИСТИНА;ЛОЖЬ;;522;;;;;;;0;;;;529;ЛОЖЬ;34008;None;;;;;;1=ACTIVE;;;;;;;Undefined;491;3428;;;;;;;;;;ЛОЖЬ;;;;;;;;;;;;;;;;;;Output;CC_UCB_1;ESD_912_1;80;;;;
BI;18-RepairTimer_CP1;;SYS;;;Repair time CP1;Yes;ЛОЖЬ;;;16;;Word;;;;;;;;;12;;0;;;;;;;;;0;0;;;;-XXXXX.X;491;3428;;;;;;;;;;ЛОЖЬ;;;;;;;;;;;;;;;;;;;;;;;;;
M;C398_1;;;901-10;;Compiler marker (304, 90);;ЛОЖЬ;ЛОЖЬ;;398;;;;;;;0;;;;1826;ЛОЖЬ;0;;;;;;;;;;;;;;Undefined;491;3428;;;;;;;;;;ЛОЖЬ;;;;;;;;;;;;;;;;;;;;;;;;;
M;C508_1_G;;;9100;9100;Function block marker;;ЛОЖЬ;ЛОЖЬ;;508;;;;;;;0;;;;1186;ЛОЖЬ;0;;;;;;;;;;;;;;Undefined;;;;;;;;;;;;ЛОЖЬ;ИСТИНА;;;;;;;;;;;;;;;;;;;;;;;;
M;C334_2_B;;;9100;9100;Function block marker;;ЛОЖЬ;ЛОЖЬ;;334;;;;;;;0;;;;1979;ЛОЖЬ;0;;;;;;;;;;;;;;Undefined;491;3428;;;;;;;;;;ЛОЖЬ;;;;;;;;;;;;;;;;;;;;;;;;;
M;C382_1;;;901-10;;Compiler marker (304, 90);;ЛОЖЬ;ЛОЖЬ;;382;;;;;;;0;;;;1860;ЛОЖЬ;0;;;;;;;;;;;;;;Undefined;491;3428;;;;;;;;;;ЛОЖЬ;;;;;;;;;;;;;;;;;;;;;;;;;
T;512_1;;;9100;;;;ЛОЖЬ;ЛОЖЬ;;512;;;;;;;;100 ms;5;;124;ЛОЖЬ;0;;;;;;;;;;;;;;Undefined;;;Delayed OFF with constant timer value;;;;;;;;;ЛОЖЬ;ИСТИНА;;;;;;;;;;;;;;;;;;;;;;;;
DI;18-ExtComFaultCC3;;SYS;;;EXT COM FAULT COM CH 3;Yes;ЛОЖЬ;;;16;;;;;;;;;;;8;ЛОЖЬ;0;None;;;;;;;;;;;;;Undefined;491;3428;;;;;;;;;;ЛОЖЬ;;;;ЛОЖЬ;;;;;;;;;;;;;;;;;;;;;
DO;91PAHH099_FU;;COM;901-10;A_90110;AMMONIA TO V-9011002;No;ИСТИНА;ЛОЖЬ;;1528;;;;;;;0;;;;1020;ИСТИНА;34152;None;;;;;;1=FIRST;;;;;;;Undefined;;;;;;;;;;;;ЛОЖЬ;ИСТИНА;;;;;;;;;;;;;;;;;;;;;Output;EPKS_UCB;ESD_912_1;858
M;C600_2_B;;;9100;9100;Function block marker;;ЛОЖЬ;ЛОЖЬ;;600;;;;;;;0;;;;507;ЛОЖЬ;0;;;;;;;;;;;;;;Undefined;491;3428;;;;;;;;;;ЛОЖЬ;;;;;;;;;;;;;;;;;;;;;;;;;
DO;91XY754;;FLD;901-10;A_C90111;C-9011001AX VALVES DISCH;Yes;ИСТИНА;ЛОЖЬ;;536;;;;;;;0;;;;1;ИСТИНА;33429;None;;;;;;0=TRIP;;;;;;;Undefined;491;3428;;18.04;13;2;1;Appl;;;;ЛОЖЬ;;;;;;;;;;;;;;;;;;;;;;Output;EPKS_UCB;ESD_912_1;747
M;C308_2_B;;;9100;9100;Function block marker;;ЛОЖЬ;ЛОЖЬ;;308;;;;;;;0;;;;2086;ЛОЖЬ;0;;;;;;;;;;;;;;Undefined;491;3428;;;;;;;;;;ЛОЖЬ;;;;;;;;;;;;;;;;;;;;;;;;;
M;621_634_1;;;9100;;91LALL804_I;;ЛОЖЬ;ЛОЖЬ;;634;;;;;;;0;;;;2755;ЛОЖЬ;0;;;;;;;0=TRIP;;;;;;;Undefined;;;;;;;;;;;;ЛОЖЬ;ИСТИНА;;;;;;;;;;;;;;;;;;;;;;;;
M;C310_4_C;;;9100;9100;Function block marker;;ЛОЖЬ;ЛОЖЬ;;310;;;;;;;0;;;;2622;ЛОЖЬ;0;;;;;;;;;;;;;;Undefined;;;;;;;;;;;;ЛОЖЬ;ИСТИНА;;;;;;;;;;;;;;;;;;;;;;;;
M;322_464_4;;;9100;;91LALL052_I;;ЛОЖЬ;ЛОЖЬ;;464;;;;;;;0;;;;1745;ЛОЖЬ;0;;;;;;;0=TRIP INITIATOR;;;;;;;Undefined;491;3428;;;;;;;;;;ЛОЖЬ;;;;;;;;;;;;;;;;;;;;;;;;;
M;2470_K;;;;;Out 4;;ЛОЖЬ;ЛОЖЬ;;2470;;;;;;;0;;;;167;ЛОЖЬ;0;;;;;;;;;;;;;;Undefined;491;3428;;;;;;;;;;ЛОЖЬ;;;;;;;;;;;;;;;;;;;;;;;;;
DO;91LALL052_CA;;COM;901-10;A_90110;CAUSE ALARM;No;ЛОЖЬ;ЛОЖЬ;;322;;;;;;;0;;;;1483;ЛОЖЬ;0;None;;;;;;0=ALARM;;;;;;;Undefined;491;3428;;;;;;;;;;ЛОЖЬ;;;;;;;;;;;;;;;;;;;;;;Output;EPKS_UCB;ESD_912_1;485
AI;91PI075;;FLD;901-10;A_90110;Давление. в V-9011001A;Yes;ИСТИНА;ЛОЖЬ;;315;ИСТИНА;Float;4-20mA;0;2.5;МПа;;;;;300;ЛОЖЬ;33752;;None;None;None;None;;;;;;;;;-XXXXX.X;3.64;22;;18.04;9;8;1;Top scale;;;;ЛОЖЬ;ИСТИНА;ЛОЖЬ;;;;;;;;;;;;;;;;;;;;Output;EPKS_UCB;ESD_912_1;10207
M;C318_2_B;;;9100;9100;Function block marker;;ЛОЖЬ;ЛОЖЬ;;318;;;;;;;0;;;;2063;ЛОЖЬ;0;;;;;;;;;;;;;;Undefined;491;3428;;;;;;;;;;ЛОЖЬ;;;;;;;;;;;;;;;;;;;;;;;;;
T;524_1;;;9100;;;;ЛОЖЬ;ЛОЖЬ;;524;;;;;;;;100 ms;20;;420;ЛОЖЬ;0;;;;;;;;;;;;;;Undefined;491;3428;Pulse retriggerable with constant timer value;;;;;;;;;ЛОЖЬ;;;;;;;;;;;;;;;;;;;;;;;;;
DO;91TAHH802;;COM;901-10;A_C90111;C9011001SX GAS CYL1;No;ИСТИНА;ЛОЖЬ;;612;;;;;;;0;;;;2022;ИСТИНА;33749;None;;;;;;0=TRIP;;;;;;;Undefined;491;3428;;;;;;;;;;ЛОЖЬ;;;;;;;;;;;;;;;;;;;;;;Output;EPKS_UCB;ESD_912_1;632
M;534_186_2;;;9100;;91VSHH752;;ЛОЖЬ;ЛОЖЬ;;186;;;;;;;0;;;;1046;ЛОЖЬ;0;;;;;;;1=MO CONFIRMED;;;;;;;Undefined;;;;;;;;;;;;ЛОЖЬ;ИСТИНА;;;;;;;;;;;;;;;;;;;;;;;;
DO;91PALL824_FU;;COM;901-10;A_C90111;C9011001SX CARTER OIL;No;ИСТИНА;ЛОЖЬ;;1516;;;;;;;0;;;;911;ИСТИНА;34129;None;;;;;;1=FIRST;;;;;;;Undefined;;;;;;;;;;;;ЛОЖЬ;ИСТИНА;;;;;;;;;;;;;;;;;;;;;Output;EPKS_UCB;ESD_912_1;835
M;C337_1_F;;;;;Function block marker;;ЛОЖЬ;ЛОЖЬ;;337;;;;;;;0;;;;2584;ЛОЖЬ;0;;;;;;;;;;;;;;Undefined;;;;;;;;;;;;ЛОЖЬ;ИСТИНА;;;;;;;;;;;;;;;;;;;;;;;;
DO;91XY085;;MCC;901-10;A_90110;AUTO CLOSURE 91XV085;Yes;ИСТИНА;ЛОЖЬ;;450;;;;;;;0;;;;127;ЛОЖЬ;33430;None;;;;;;1=CLOSE;;;;;;;Undefined;491;3428;;18.06;5;8;1;Appl;;;;ЛОЖЬ;;;;;;;;;;;;;;;;;;;;;;;;;
DO;91LALL061;;COM;9100;;AMMONIA TO V-9011001C;No;ИСТИНА;ЛОЖЬ;;329;;;;;;;0;;;;1540;ИСТИНА;33750;None;;;;;;0=TRIP;;;;;;;Undefined;491;3428;;;;;;;;;;ЛОЖЬ;;;;;;;;;;;;;;;;;;;;;;Output;EPKS_UCB;ESD_912_1;490
M;C329_2_E;;;9100;9100;Function block marker;;ЛОЖЬ;ЛОЖЬ;;329;;;;;;;0;;;;2130;ЛОЖЬ;0;;;;;;;;;;;;;;Undefined;;;;;;;;;;;;ЛОЖЬ;ИСТИНА;;;;;;;;;;;;;;;;;;;;;;;;
M;1500_10;;;;C9011001;;;ЛОЖЬ;ЛОЖЬ;;1500;;;;;;;0;;;;44;ЛОЖЬ;0;;;;;;;;;;;;;;Undefined;;;;;;;;;;;;ЛОЖЬ;ИСТИНА;;;;;;;;;;;;;;;;;;;;;;;;
M;C352_3_F;;;9100;9100;Function block marker;;ЛОЖЬ;ЛОЖЬ;;352;;;;;;;0;;;;2719;ЛОЖЬ;0;;;;;;;;;;;;;;Undefined;;;;;;;;;;;;ЛОЖЬ;ИСТИНА;;;;;;;;;;;;;;;;;;;;;;;;
M;2470_3;;;;;;;ЛОЖЬ;ЛОЖЬ;;2470;;;;;;;0;;;;126;ЛОЖЬ;0;;;;;;;;;;;;;;Undefined;491;3428;;;;;;;;;;ЛОЖЬ;;;;;;;;;;;;;;;;;;;;;;;;;
M;2480_B;;;;;1=LAMP TEST;;ЛОЖЬ;ЛОЖЬ;;2480;;;;;;;0;;;;181;ЛОЖЬ;0;;;;;;;;;;;;;;Undefined;491;3428;;;;;;;;;;ЛОЖЬ;;;;;;;;;;;;;;;;;;;;;;;;;
DO;91LALL804;;COM;;;C-9011001SX OIL TANK LVL;No;ИСТИНА;ЛОЖЬ;;621;;;;;;;0;;;;472;ИСТИНА;33599;None;;;;;;0=TRIP;;;;;;;Undefined;491;3428;;;;;;;;;;ЛОЖЬ;;;;;;;;;;;;;;;;;;;;;;Output;EPKS_UCB;ESD_912_1;478
M;2456_H;;;;;Trip 8;;ЛОЖЬ;ЛОЖЬ;;2456;;;;;;;0;;;;120;ЛОЖЬ;0;;;;;;;;;;;;;;Undefined;491;3428;;;;;;;;;;ЛОЖЬ;;;;;;;;;;;;;;;;;;;;;;;;;
DI;91HS801A2;;LCP;9100;;C-9011001SX EMER. STOP;Yes;ИСТИНА;ЛОЖЬ;;624;;;;;;;;;;;52;ИСТИНА;34013;None;;;;;;0=TRIP;0=TRIP;;;;;;Undefined;;;;18.03;7;13;1;Low;;;;ЛОЖЬ;ИСТИНА;;;ЛОЖЬ;View only;;;;;;;;;;;;;;;;;Output;EPKS_UCB;ESD_912_1;1024
DO;91XY057_ESD;;COM;901-10;A_90110;91XY057 ESD TRIP;No;ЛОЖЬ;ЛОЖЬ;;378;;;;;;;0;;;;1061;ЛОЖЬ;0;None;;;;;;0=TRIP;;;;;;;Undefined;;;;;;;;;;;;ЛОЖЬ;ИСТИНА;;;;;;;;;;;;;;;;;;;;;Output;EPKS_UCB;ESD_912_1;862
M;C602_5_F;;;9100;9100;Function block marker;;ЛОЖЬ;ЛОЖЬ;;602;;;;;;;0;;;;2843;ЛОЖЬ;0;;;;;;;;;;;;;;Undefined;;;;;;;;;;;;ЛОЖЬ;ИСТИНА;;;;;;;;;;;;;;;;;;;;;;;;
BO;91TI811_H;;COM;901-10;A_C90111;HI ALARM SETPOINT;No;ЛОЖЬ;ЛОЖЬ;;596;;Float;;;;;0;;;;528;;0;;;;;;;;;0;0;;;;-XXXXX.X;491;3428;;;;;;;;;;ЛОЖЬ;;;;;;;;;;;;;;;;;;;;;;Output;EPKS_UCB;ESD_912_1;10118
M;C635_2_D;;;;;Function block marker;;ЛОЖЬ;ЛОЖЬ;;635;;;;;;;0;;;;1845;ЛОЖЬ;0;;;;;;;;;;;;;;Undefined;;;;;;;;;;;;ЛОЖЬ;ИСТИНА;;;;;;;;;;;;;;;;;;;;;;;;
DO;91PALL073;;COM;;;LIQUID AMM TO V9011001S;No;ИСТИНА;ЛОЖЬ;;313;;;;;;;0;;;;1402;ИСТИНА;33751;None;;;;;;0=TRIP;;;;;;;Undefined;491;3428;;;;;;;;;;ЛОЖЬ;;;;;;;;;;;;;;;;;;;;;;Output;EPKS_UCB;ESD_912_1;555
DO;91TAHH803_CA;;COM;901-10;A_C90111;CAUSE ALARM;No;ЛОЖЬ;ЛОЖЬ;;614;;;;;;;0;;;;1138;ЛОЖЬ;0;None;;;;;;0=ALARM;0=ALARM;;;;;;Undefined;;;;;;;;;;;;ЛОЖЬ;ИСТИНА;;;;;;;;;;;;;;;;;;;;;Output;EPKS_UCB;ESD_912_1;926
DO;91PAL770;;COM;901-10;A_C90111;LO ALARM;No;ЛОЖЬ;ЛОЖЬ;;510;;;;;;;0;;;;1301;ЛОЖЬ;0;None;;;;;;0=ALARM;0=ALARM;;;;;;Undefined;;;;;;;;;;;;ЛОЖЬ;ИСТИНА;;;;;;;;;;;;;;;;;;;;;Output;EPKS_UCB;ESD_912_1;991
M;300_440_2;;;9100;;91TAHH106_I;;ЛОЖЬ;ЛОЖЬ;;440;;;;;;;0;;;;1622;ЛОЖЬ;0;;;;;;;0=TRIP INITIATOR;;;;;;;Undefined;491;3428;;;;;;;;;;ЛОЖЬ;;;;;;;;;;;;;;;;;;;;;;;;;
M;319_400_1;;;9100;;91PALL084_I;;ЛОЖЬ;ЛОЖЬ;;400;;;;;;;0;;;;2689;ЛОЖЬ;0;;;;;;;0=TRIP INITIATOR;;;;;;;Undefined;;;;;;;;;;;;ЛОЖЬ;ИСТИНА;;;;;;;;;;;;;;;;;;;;;;;;
BO;91LI751_H;;COM;901-10;A_C90111;HI ALARM SETPOINT;No;ЛОЖЬ;ЛОЖЬ;;500;;Float;;;;;0;;;;808;;0;;None;None;None;None;;;;;;;;;-XXXXX.X;;;;;;;;;;;;ЛОЖЬ;ИСТИНА;;;;;;;;;;;;;;;;;;;;;Output;EPKS_UCB;ESD_912_1;10248
M;318_442_2;;;901-10;;91PAHH084_I;;ЛОЖЬ;ЛОЖЬ;;442;;;;;;;0;;;;1679;ЛОЖЬ;0;;;;;;;0=TRIP INITIATOR;;;;;;;Undefined;491;3428;;;;;;;;;;ЛОЖЬ;;;;;;;;;;;;;;;;;;;;;;;;;
T;338_2;;;9100;;;;ЛОЖЬ;ЛОЖЬ;;338;;;;;;;;100 ms;5;;728;ЛОЖЬ;0;;;;;;;;;;;;;;Undefined;;;Delayed OFF with constant timer value;;;;;;;;;ЛОЖЬ;ИСТИНА;;;;;;;;;;;;;;;;;;;;;;;;
BO;91PI829_LL;;COM;901-10;A_C90111;LL TRIP SETPOINT;No;ИСТИНА;ЛОЖЬ;;608;;Float;;;;;0;;;;708;;34010;;;;;;;;;0;0;;;;-XXXXX.X;491;3428;;;;;;;;;;ЛОЖЬ;;;;;;;;;;;;;;;;;;;;;;Output;EPKS_UCB;ESD_912_1;10171
DO;91FALL029B_FU;;COM;901-10;A_90110;WTR OF 2 TO X-9011001SX;No;ИСТИНА;ЛОЖЬ;;1506;;;;;;;0;;;;813;ИСТИНА;34111;None;;;;;;1=FIRST;;;;;;;Undefined;;;;;;;;;;;;ЛОЖЬ;ИСТИНА;;;;;;;;;;;;;;;;;;;;;Output;EPKS_UCB;ESD_912_1;817
DO;91XY003;;MCC;901-10;A_P90110;AUTO STOP P-90110021X;Yes;ИСТИНА;ЛОЖЬ;;364;;;;;;;0;;;;174;ИСТИНА;33431;None;;;;;;0=TRIP;;;;;;;Undefined;491;3428;;18.06;11;7;1;Appl;;;;ЛОЖЬ;;;;;;;;;;;;;;;;;;;;;;Output;EPKS_UCB;ESD_912_1;761
DI;91PI050_MOR;;COM;901-10;A_90110;MO REQUEST;No;ЛОЖЬ;ИСТИНА;;438;;;;;;;0;;;;2211;ЛОЖЬ;0;None;;;;;;1=REQUEST;;;;;;;Undefined;491;3428;;;;;;Freeze;;;;ЛОЖЬ;;;;ЛОЖЬ;;;;;;;;;;;;;;;;;;Input;EPKS_UCB;ESD_912_1;68
DO;91HS801A_FU;;COM;901-10;A_C90111;C-9011001SX EMER. STOP;No;ИСТИНА;ЛОЖЬ;;1522;;;;;;;0;;;;926;ИСТИНА;34144;None;;;;;;1=FIRST;;;;;;;Undefined;;;;;;;;;;;;ЛОЖЬ;ИСТИНА;;;;;;;;;;;;;;;;;;;;;Output;EPKS_UCB;ESD_912_1;850
M;324_4;;;901-10;;;;ЛОЖЬ;ЛОЖЬ;;324;;;;;;;0;;;;399;ЛОЖЬ;0;;;;;;;;;;;;;;Undefined;491;3428;;;;;;;;;;ЛОЖЬ;;;;;;;;;;;;;;;;;;;;;;;;;
M;302_444_2;;;9100;;91TAHH108_I;;ЛОЖЬ;ЛОЖЬ;;444;;;;;;;0;;;;1686;ЛОЖЬ;0;;;;;;;0=TRIP INITIATOR;;;;;;;Undefined;491;3428;;;;;;;;;;ЛОЖЬ;;;;;;;;;;;;;;;;;;;;;;;;;
M;1514_1516_1;;;;C9011001;FIRST OUT SEQUENCE;;ЛОЖЬ;ЛОЖЬ;;1516;;;;;;;0;;;;867;ЛОЖЬ;0;;;;;;;1=FU ALARM;;;;;;;Undefined;;;;;;;;;;;;ЛОЖЬ;ИСТИНА;;;;;;;;;;;;;;;;;;;;;;;;
M;336_4;;;901-10;;;;ЛОЖЬ;ЛОЖЬ;;336;;;;;;;0;;;;391;ЛОЖЬ;0;;;;;;;;;;;;;;Undefined;491;3428;;;;;;;;;;ЛОЖЬ;;;;;;;;;;;;;;;;;;;;;;;;;
M;314_376_2;;;901-10;;91PAHH076_I;;ЛОЖЬ;ЛОЖЬ;;376;;;;;;;0;;;;1600;ЛОЖЬ;0;;;;;;;0=TRIP INITIATOR;;;;;;;Undefined;491;3428;;;;;;;;;;ЛОЖЬ;;;;;;;;;;;;;;;;;;;;;;;;;
T;624_1;;;9100;;;;ЛОЖЬ;ЛОЖЬ;;624;;;;;;;;100 ms;30;;432;ЛОЖЬ;0;;;;;;;;;;;;;;Undefined;491;3428;Pulse with constant timer value;;;;;;;;;ЛОЖЬ;;;;;;;;;;;;;;;;;;;;;;;;;
DO;91XA751A_P;;COM;901-10;A_C90111;INDICATION LIGHT;No;ИСТИНА;ЛОЖЬ;;524;;;;;;;0;;;;2129;ЛОЖЬ;34011;None;;;;;;1=ACTIVE;;;;;;;Undefined;491;3428;;;;;;;;;;ЛОЖЬ;;;;;;;;;;;;;;;;;;Output;CC_UCB_1;ESD_912_1;92;;;;
M;616_3;;;901-10;;;;ЛОЖЬ;ЛОЖЬ;;616;;;;;;;0;;;;338;ЛОЖЬ;0;;;;;;;;;;;;;;Undefined;491;3428;;;;;;;;;;ЛОЖЬ;;;;;;;;;;;;;;;;;;;;;;;;;
M;C1524_1_K;;;;;Function block marker;;ЛОЖЬ;ЛОЖЬ;;1524;;;;;;;0;;;;933;ЛОЖЬ;0;;;;;;;;;;;;;;Undefined;;;;;;;;;;;;ЛОЖЬ;ИСТИНА;;;;;;;;;;;;;;;;;;;;;;;;
DO;91LAHH493;;COM;901-05;A_90105;037% H2SO4 V9010501;No;ИСТИНА;ЛОЖЬ;;240;;;;;;;0;;;;1263;ИСТИНА;33754;None;;;;;;0=TRIP;;;;;;;Undefined;491;3428;;;;;;;;;;ЛОЖЬ;;;;;;;;;;;;;;;;;;;;;;Output;EPKS_UCB;ESD_912_1;471
DO;91PALL779_FU;;COM;901-10;A_C90111;C9011001AX FLU GAS SUP;No;ИСТИНА;ЛОЖЬ;;1502;;;;;;;0;;;;804;ИСТИНА;34102;None;;;;;;1=FIRST;;;;;;;Undefined;;;;;;;;;;;;ЛОЖЬ;ИСТИНА;;;;;;;;;;;;;;;;;;;;;Output;EPKS_UCB;ESD_912_1;808
M;C618_3_F;;;9100;9100;Function block marker;;ЛОЖЬ;ЛОЖЬ;;618;;;;;;;0;;;;2781;ЛОЖЬ;0;;;;;;;;;;;;;;Undefined;;;;;;;;;;;;ЛОЖЬ;ИСТИНА;;;;;;;;;;;;;;;;;;;;;;;;
AI;91LI077;;FLD;901-10;A_90110;NH3 TO V-9011009S;Yes;ИСТИНА;ЛОЖЬ;;340;ИСТИНА;Float;4-20mA;0;100;%;;;;;172;ЛОЖЬ;33602;;None;None;None;None;;;;-25;-25;;;;-XXXXX.X;3.64;22;;18.04;5;10;1;Top scale;;;;ЛОЖЬ;;ЛОЖЬ;;;;;;;;;;;;;;;;;;;;Output;EPKS_UCB;ESD_912_1;10077
M;C346_3_F;;;9100;9100;Function block marker;;ЛОЖЬ;ЛОЖЬ;;346;;;;;;;0;;;;2727;ЛОЖЬ;0;;;;;;;;;;;;;;Undefined;;;;;;;;;;;;ЛОЖЬ;ИСТИНА;;;;;;;;;;;;;;;;;;;;;;;;
AI;91PI083;;FLD;901-10;A_90110;Давление. в V-9011001C;Yes;ИСТИНА;ЛОЖЬ;;319;ИСТИНА;Float;4-20mA;0;2.5;МПа;;;;;308;ЛОЖЬ;33748;;None;None;None;None;;;;;;;;;-XXXXX.X;3.64;22;;18.04;9;10;1;Top scale;;;;ЛОЖЬ;ИСТИНА;ЛОЖЬ;;;;;;;;;;;;;;;;;;;;Output;EPKS_UCB;ESD_912_1;10213
M;608_1516_2;;;9100;;91PALL829_I;;ЛОЖЬ;ЛОЖЬ;;1516;;;;;;;0;;;;878;ЛОЖЬ;0;;;;;;;0=TRIP INITIATOR;;;;;;;Undefined;;;;;;;;;;;;ЛОЖЬ;ИСТИНА;;;;;;;;;;;;;;;;;;;;;;;;
M;520_1504_1;;;9100;;91ZALL751_I;;ЛОЖЬ;ЛОЖЬ;;1504;;;;;;;0;;;;90;ЛОЖЬ;0;;;;;;;0=TRIP;;;;;;;Undefined;;;;;;;;;;;;ЛОЖЬ;ИСТИНА;;;;;;;;;;;;;;;;;;;;;;;;
M;500_2;;;9100;;;;ЛОЖЬ;ЛОЖЬ;;500;;;;;;;0;;;;1392;ЛОЖЬ;0;;;;;;;;;;;;;;Undefined;;;;;;;;;;;;ЛОЖЬ;ИСТИНА;;;;;;;;;;;;;;;;;;;;;;;;
DO;91PI099_MOC;;COM;901-10;A_90110;MO CONFIRMED;No;ИСТИНА;ЛОЖЬ;;320;;;;;;;0;;;;1463;ИСТИНА;33755;None;;;;;;1=CONFIRMED;;;;;;;Undefined;491;3428;;;;;;;;;;ЛОЖЬ;;;;;;;;;;;;;;;;;;;;;;Output;EPKS_UCB;ESD_912_1;599
DO;91HA120_FU;;COM;901-10;A_90110;BUTTON LCSA3;No;ИСТИНА;ЛОЖЬ;;1528;;;;;;;0;;;;1023;ИСТИНА;34153;None;;;;;;1=FIRST;;;;;;;Undefined;;;;;;;;;;;;ЛОЖЬ;ИСТИНА;;;;;;;;;;;;;;;;;;;;;Output;EPKS_UCB;ESD_912_1;859
M;326_3;;;901-10;;;;ЛОЖЬ;ЛОЖЬ;;326;;;;;;;0;;;;396;ЛОЖЬ;0;;;;;;;;;;;;;;Undefined;491;3428;;;;;;;;;;ЛОЖЬ;;;;;;;;;;;;;;;;;;;;;;;;;
AI;91PI801;;FLD;901-10;A_C90111;C-9011001SX ДАВЛЕНИЕ ТЕХНОЛ. ГАЗА ВХОД;Yes;ИСТИНА;ЛОЖЬ;;604;ИСТИНА;Float;4-20mA;0;1.6;MPa;;;;;448;ЛОЖЬ;34016;;None;None;None;None;;;;;;;;;-XXXXX.X;3.64;22;;18.03;11;11;1;Bottom scale;;;;ЛОЖЬ;ИСТИНА;ЛОЖЬ;;;;;;;;;;;;;;;;;;;;Output;EPKS_UCB;ESD_912_1;10232
M;184_186_1;;;;;MOS ACTIVE AREA 901_10;;ЛОЖЬ;ЛОЖЬ;;186;;;;;;;0;;;;1593;ЛОЖЬ;0;;;;;;;1=MO CONFIRMED;;;;;;;Undefined;491;3428;;;;;;;;;;ЛОЖЬ;;;;;;;;;;;;;;;;;;;;;;;;;
M;C346_2_B;;;9100;9100;Function block marker;;ЛОЖЬ;ЛОЖЬ;;346;;;;;;;0;;;;1935;ЛОЖЬ;0;;;;;;;;;;;;;;Undefined;491;3428;;;;;;;;;;ЛОЖЬ;;;;;;;;;;;;;;;;;;;;;;;;;
AI;91LI066;;FLD;901-10;A_90110;NH3 TO V-9011004;Yes;ИСТИНА;ЛОЖЬ;;336;ИСТИНА;Float;4-20mA;0;100;%;;;;;164;ЛОЖЬ;33603;;None;None;None;None;;;;-25;-25;;;;-XXXXX.X;3.64;22;;18.04;5;8;1;Bottom scale;;;;ЛОЖЬ;;ЛОЖЬ;;;;;;;;;;;;;;;;;;;;Output;EPKS_UCB;ESD_912_1;10075
DO;IB912_ESD1_RT1;;COM;912;;REPAIR TIMER STARTED;No;ИСТИНА;ЛОЖЬ;;17;;;;;;;0;;;;626;ИСТИНА;34155;None;;;;;;0=STARTED;;;;;;;Undefined;;;;;;;;;;;;ЛОЖЬ;ИСТИНА;;;;;;;;;;;;;;;;;;;;;Output;EPKS_UCB;ESD_912_1;564
DO;91LAHH077_CA;;COM;901-10;A_90110;CAUSE ALARM;No;ЛОЖЬ;ЛОЖЬ;;340;;;;;;;0;;;;1603;ЛОЖЬ;0;None;;;;;;0=ALARM;;;;;;;Undefined;491;3428;;;;;;;;;;ЛОЖЬ;;;;;;;;;;;;;;;;;;;;;;Output;EPKS_UCB;ESD_912_1;470
M;616_622_2;;;9100;;91TAHH808_I;;ЛОЖЬ;ЛОЖЬ;;622;;;;;;;0;;;;1975;ЛОЖЬ;0;;;;;;;0=TRIP INITIATOR;;;;;;;Undefined;491;3428;;;;;;;;;;ЛОЖЬ;;;;;;;;;;;;;;;;;;;;;;;;;
T;624_3;;;9100;;;;ЛОЖЬ;ЛОЖЬ;;624;;;;;;;;100 ms;10;;256;ЛОЖЬ;0;;;;;;;;;;;;;;Undefined;;;Delayed OFF with constant timer value;;;;;;;;;ЛОЖЬ;ИСТИНА;;;;;;;;;;;;;;;;;;;;;;;;
M;304_3;;;901-10;;;;ЛОЖЬ;ЛОЖЬ;;304;;;;;;;0;;;;418;ЛОЖЬ;0;;;;;;;;;;;;;;Undefined;491;3428;;;;;;;;;;ЛОЖЬ;;;;;;;;;;;;;;;;;;;;;;;;;
M;344_362_1;;;901-10;;GROUP SHUTDOWN;;ЛОЖЬ;ЛОЖЬ;;362;;;;;;;0;;;;1488;ЛОЖЬ;0;;;;;;;0=TRIP;;;;;;;Undefined;491;3428;;;;;;;;;;ЛОЖЬ;;;;;;;;;;;;;;;;;;;;;;;;;
M;344_444_3;;;901-10;;GROUP-SHUTDOWN;;ЛОЖЬ;ЛОЖЬ;;444;;;;;;;0;;;;1693;ЛОЖЬ;0;;;;;;;0=TRIP;;;;;;;Undefined;491;3428;;;;;;;;;;ЛОЖЬ;;;;;;;;;;;;;;;;;;;;;;;;;
M;C327_1_G;;;;;Function block marker;;ЛОЖЬ;ЛОЖЬ;;327;;;;;;;0;;;;2058;ЛОЖЬ;0;;;;;;;;;;;;;;Undefined;;;;;;;;;;;;ЛОЖЬ;ИСТИНА;;;;;;;;;;;;;;;;;;;;;;;;
BO;91PI081_LL;;COM;;;LL TRIP SETPOINT (MPa-g);No;ИСТИНА;ЛОЖЬ;;317;;Float;;;;;0;;;;524;;34012;;;;;;;;;0;0;;;;-XXXXX.X;491;3428;;;;;;;;;;ЛОЖЬ;;;;;;;;;;;;;;;;;;;;;;Output;EPKS_UCB;ESD_912_1;10155
AI;91LI802;;FLD;901-10;A_C90111;C9011001SX INLET SEP LVL;Yes;ИСТИНА;ЛОЖЬ;;600;ИСТИНА;Float;4-20mA;0;100;%;;;;;76;ЛОЖЬ;33604;;None;None;None;None;;;;-25;-25;;;;-XXXXX.X;3.64;22;;18.04;3;3;1;Top scale;;;;ЛОЖЬ;;ЛОЖЬ;;;;;;;;;;;;;;;;;;;;Output;EPKS_UCB;ESD_912_1;10081
M;C502_3_G;;;9100;9100;Function block marker;;ЛОЖЬ;ЛОЖЬ;;502;;;;;;;0;;;;2891;ЛОЖЬ;0;;;;;;;;;;;;;;Undefined;;;;;;;;;;;;ЛОЖЬ;ИСТИНА;;;;;;;;;;;;;;;;;;;;;;;;
BI;18-Second;;SYS;;;Second;No;ЛОЖЬ;;;19;;Byte;;;;;;;;;7;;0;;;;;;;;;0;0;;;;-XXXXX.X;491;3428;;;;;;;;;;ЛОЖЬ;;;;;;;;;;;;;;;;;;;;;;;;;
M;C315_1_F;;;;;Function block marker;;ЛОЖЬ;ЛОЖЬ;;315;;;;;;;0;;;;2669;ЛОЖЬ;0;;;;;;;;;;;;;;Undefined;;;;;;;;;;;;ЛОЖЬ;ИСТИНА;;;;;;;;;;;;;;;;;;;;;;;;
M;C336_1_G;;;9100;9100;Function block marker;;ЛОЖЬ;ЛОЖЬ;;336;;;;;;;0;;;;2592;ЛОЖЬ;0;;;;;;;;;;;;;;Undefined;;;;;;;;;;;;ЛОЖЬ;ИСТИНА;;;;;;;;;;;;;;;;;;;;;;;;
M;1520_1528_3;;;;C9011001;91PAHH076_FU2_I;;ЛОЖЬ;ЛОЖЬ;;1528;;;;;;;0;;;;1009;ЛОЖЬ;0;;;;;;;1=FIRST;;;;;;;Undefined;;;;;;;;;;;;ЛОЖЬ;ИСТИНА;;;;;;;;;;;;;;;;;;;;;;;;
M;327_332_1;;;9100;;91LALL058_I;;ЛОЖЬ;ЛОЖЬ;;332;;;;;;;0;;;;2046;ЛОЖЬ;0;;;;;;;0=TRIP INITIATOR;;;;;;;Undefined;;;;;;;;;;;;ЛОЖЬ;ИСТИНА;;;;;;;;;;;;;;;;;;;;;;;;
M;616_1518_2;;;9100;;91TAHH808_I;;ЛОЖЬ;ЛОЖЬ;;1518;;;;;;;0;;;;882;ЛОЖЬ;0;;;;;;;0=TRIP INITIATOR;;;;;;;Undefined;;;;;;;;;;;;ЛОЖЬ;ИСТИНА;;;;;;;;;;;;;;;;;;;;;;;;
M;524_536_1;;;901-10;;91-I-552;;ЛОЖЬ;ЛОЖЬ;;536;;;;;;;0;;;;1923;ЛОЖЬ;0;;;;;;;0=TRIP;;;;;;;Undefined;491;3428;;;;;;;;;;ЛОЖЬ;;;;;;;;;;;;;;;;;;;;;;;;;
M;510_1502_2;;;9100;;91PALL774_I;;ЛОЖЬ;ЛОЖЬ;;1502;;;;;;;0;;;;84;ЛОЖЬ;0;;;;;;;0=TRIP INITIATOR;;;;;;;Undefined;;;;;;;;;;;;ЛОЖЬ;ИСТИНА;;;;;;;;;;;;;;;;;;;;;;;;
DO;91XY093A_C;;COM;9100;;AUTO OPENING 91XV093;No;ИСТИНА;ЛОЖЬ;;460;;;;;;;0;;;;654;ИСТИНА;33611;None;;;;;;0=OPEN;;;;;;;Undefined;491;3428;;;;;;;;;;ЛОЖЬ;;;;;;;;;;;;;;;;;;;;;;Output;EPKS_UCB;ESD_912_1;792
DI;91LI063_MOR;;COM;901-10;A_90110;MO REQUEST;No;ЛОЖЬ;ИСТИНА;;298;;;;;;;0;;;;2197;ЛОЖЬ;0;None;;;;;;1=REQUEST;;;;;;;Undefined;491;3428;;;;;;Freeze;;;;ЛОЖЬ;;;;ЛОЖЬ;;;;;;;;;;;;;;;;;;Input;EPKS_UCB;ESD_912_1;54
DO;91PALL779;;COM;901-10;A_C90111;C9011001AX FLU GAS SUP;No;ИСТИНА;ЛОЖЬ;;508;;;;;;;0;;;;1816;ИСТИНА;33758;None;;;;;;0=TRIP;;;;;;;Undefined;491;3428;;;;;;;;;;ЛОЖЬ;;;;;;;;;;;;;;;;;;;;;;Output;EPKS_UCB;ESD_912_1;570
DO;91XY013;;MCC;901-10;A_90110;AUTO OPENING 91XV013;Yes;ИСТИНА;ЛОЖЬ;;408;;;;;;;0;;;;90;ЛОЖЬ;33435;None;;;;;;1=OPEN;;;;;;;Undefined;491;3428;;18.06;1;3;1;Appl;;;;ЛОЖЬ;;;;;;;;;;;;;;;;;;;;;;;;;
DO;91TI802_MOC;;COM;901-10;A_C90111;MO CONFIRMED;No;ИСТИНА;ЛОЖЬ;;612;;;;;;;0;;;;2020;ИСТИНА;33759;None;;;;;;1=CONFIRMED;;;;;;;Undefined;491;3428;;;;;;;;;;ЛОЖЬ;;;;;;;;;;;;;;;;;;;;;;Output;EPKS_UCB;ESD_912_1;659
M;C1502_1_J;;;;;Function block marker;;ЛОЖЬ;ЛОЖЬ;;1502;;;;;;;0;;;;992;ЛОЖЬ;0;;;;;;;;;;;;;;Undefined;;;;;;;;;;;;ЛОЖЬ;ИСТИНА;;;;;;;;;;;;;;;;;;;;;;;;
DI;91HY814_P;;COM;901-10;A_P90110;PUMP START;No;ИСТИНА;ИСТИНА;;634;;;;;;;0;;;;692;ИСТИНА;33515;None;;;;;;1=START;;;;;;;Undefined;491;3428;;;;;;Low;;;;ЛОЖЬ;;;;ЛОЖЬ;;;;;;;;;;;;;;Input;CC_UCB_1;ESD_912_1;21;Output;EPKS_UCB;ESD_912_1;2035
M;396_3;;;9100;;;;ЛОЖЬ;ЛОЖЬ;;396;;;;;;;0;;;;783;ЛОЖЬ;0;;;;;;;;;;;;;;Undefined;491;3428;;;;;;;;;;ЛОЖЬ;;;;;;;;;;;;;;;;;;;;;;;;;
M;521_184_2;;;;;91LSLL754_I;;ЛОЖЬ;ЛОЖЬ;;184;;;;;;;0;;;;2736;ЛОЖЬ;0;;;;;;;1-MO CONFIRMED;;;;;;;Undefined;;;;;;;;;;;;ЛОЖЬ;ИСТИНА;;;;;;;;;;;;;;;;;;;;;;;;
AI;91TI987;;FLD;901-10;A_P90110;SEALED SHELL P90110021X;Yes;ИСТИНА;ЛОЖЬ;;304;ИСТИНА;Float;4-20mA;-50;120;°C;;;;;224;ЛОЖЬ;33605;;None;None;None;None;;;;-92.5;-92.5;;;;-XXXXX.X;3.76;21;;18.04;7;6;1;Bottom scale;;;;ЛОЖЬ;;ЛОЖЬ;;;;;;;;;;;;;;;;;;;;Output;EPKS_UCB;ESD_912_1;10111
M;2470_L;;;;;Out 5;;ЛОЖЬ;ЛОЖЬ;;2470;;;;;;;0;;;;168;ЛОЖЬ;0;;;;;;;;;;;;;;Undefined;491;3428;;;;;;;;;;ЛОЖЬ;;;;;;;;;;;;;;;;;;;;;;;;;
T;315_2;;;;;;;ЛОЖЬ;ЛОЖЬ;;315;;;;;;;;100 ms;5;;808;ЛОЖЬ;0;;;;;;;;;;;;;;Undefined;;;Delayed OFF with constant timer value;;;;;;;;;ЛОЖЬ;ИСТИНА;;;;;;;;;;;;;;;;;;;;;;;;
DO;91HA119_FU2;;COM;901-10;A_90110;BUTTON LCSA2;No;ИСТИНА;ЛОЖЬ;;1524;;;;;;;0;;;;929;ИСТИНА;34147;None;;;;;;1=FIRST;;;;;;;Undefined;;;;;;;;;;;;ЛОЖЬ;ИСТИНА;;;;;;;;;;;;;;;;;;;;;Output;EPKS_UCB;ESD_912_1;853
M;1524_3;;;;C9011001;;;ЛОЖЬ;ЛОЖЬ;;1524;;;;;;;0;;;;862;ЛОЖЬ;0;;;;;;;;;;;;;;Undefined;;;;;;;;;;;;ЛОЖЬ;ИСТИНА;;;;;;;;;;;;;;;;;;;;;;;;
T;496_2;;;9100;;;;ЛОЖЬ;ЛОЖЬ;;496;;;;;;;;100 ms;5;;660;ЛОЖЬ;0;;;;;;;;;;;;;;Undefined;;;Delayed OFF with constant timer value;;;;;;;;;ЛОЖЬ;ИСТИНА;;;;;;;;;;;;;;;;;;;;;;;;
AI;91LS754;;FLD;901-10;A_C90111;Уровень. резервуар C-9011001AX;Yes;ИСТИНА;ЛОЖЬ;;521;ИСТИНА;Float;4-20mA;4;20;mA;;;;;372;ЛОЖЬ;33738;;None;None;None;None;;;;;;;;;-XXXXX.X;3.64;22;;18.04;11;9;1;Bottom scale;;;;ЛОЖЬ;ИСТИНА;ЛОЖЬ;;;;;;;;;;;;;;;;;;;;Output;EPKS_UCB;ESD_912_1;10196
DO;91PAL801;;COM;901-10;A_C90111;LO ALARM;No;ЛОЖЬ;ЛОЖЬ;;605;;;;;;;0;;;;1531;ЛОЖЬ;0;None;;;;;;0=ALARM;0=ALARM;;;;;;Undefined;;;;;;;;;;;;ЛОЖЬ;ИСТИНА;;;;;;;;;;;;;;;;;;;;;Output;EPKS_UCB;ESD_912_1;1006
M;318_4;;;901-10;;;;ЛОЖЬ;ЛОЖЬ;;318;;;;;;;0;;;;405;ЛОЖЬ;0;;;;;;;;;;;;;;Undefined;491;3428;;;;;;;;;;ЛОЖЬ;;;;;;;;;;;;;;;;;;;;;;;;;
R;329_328_3;;;9100;;91LI060;;ЛОЖЬ;ЛОЖЬ;;328;;Float;;;;;0;;;;52;ЛОЖЬ;0;;;;;;;;;;;;;;Undefined;;;;;;;;;;;;ЛОЖЬ;ИСТИНА;;;;;;;;;;;;;;;;;;;;;;;;
DO;91PALL080_CA;;COM;;;CAUSE ALARM;No;ЛОЖЬ;ЛОЖЬ;;317;;;;;;;0;;;;1114;ЛОЖЬ;0;None;;;;;;0=ALARM;0=ALARM;;;;;;Undefined;;;;;;;;;;;;ЛОЖЬ;ИСТИНА;;;;;;;;;;;;;;;;;;;;;Output;EPKS_UCB;ESD_912_1;902
M;535_1;;;9100;;;;ЛОЖЬ;ЛОЖЬ;;535;;;;;;;0;;;;1628;ЛОЖЬ;0;;;;;;;;;;;;;;Undefined;;;;;;;;;;;;ЛОЖЬ;ИСТИНА;;;;;;;;;;;;;;;;;;;;;;;;
M;374_1;;;901-10;;;;ЛОЖЬ;ЛОЖЬ;;374;;;;;;;0;;;;1554;ЛОЖЬ;0;;;;;;;;;;;;;;Undefined;491;3428;;;;;;;;;;ЛОЖЬ;;;;;;;;;;;;;;;;;;;;;;;;;
DI;91LI058_MOR;;COM;901-10;A_90110;MO REQUEST;No;ЛОЖЬ;ИСТИНА;;326;;;;;;;0;;;;2195;ЛОЖЬ;0;None;;;;;;1=REQUEST;;;;;;;Undefined;491;3428;;;;;;Freeze;;;;ЛОЖЬ;;;;ЛОЖЬ;;;;;;;;;;;;;;;;;;Input;EPKS_UCB;ESD_912_1;52
M;C518_3_G;;;9100;9100;Function block marker;;ЛОЖЬ;ЛОЖЬ;;518;;;;;;;0;;;;2804;ЛОЖЬ;0;;;;;;;;;;;;;;Undefined;;;;;;;;;;;;ЛОЖЬ;ИСТИНА;;;;;;;;;;;;;;;;;;;;;;;;
M;C606_4_B;;;9100;9100;Function block marker;;ЛОЖЬ;ЛОЖЬ;;606;;;;;;;0;;;;2824;ЛОЖЬ;0;;;;;;;;;;;;;;Undefined;;;;;;;;;;;;ЛОЖЬ;ИСТИНА;;;;;;;;;;;;;;;;;;;;;;;;
M;C318_1_E;;;9100;9100;Function block marker;;ЛОЖЬ;ЛОЖЬ;;318;;;;;;;0;;;;2065;ЛОЖЬ;0;;;;;;;;;;;;;;Undefined;491;3428;;;;;;;;;;ЛОЖЬ;;;;;;;;;;;;;;;;;;;;;;;;;
M;C496_1_E;;;9100;9100;Function block marker;;ЛОЖЬ;ЛОЖЬ;;496;;;;;;;0;;;;2817;ЛОЖЬ;0;;;;;;;;;;;;;;Undefined;;;;;;;;;;;;ЛОЖЬ;ИСТИНА;;;;;;;;;;;;;;;;;;;;;;;;
DO;91PI046_TF;;COM;9100;;TRANSM FAULT;No;ЛОЖЬ;ЛОЖЬ;;310;;;;;;;0;;;;2615;ИСТИНА;33877;None;;;;;;0=ALARM;0=ALARM;;;;;;Undefined;;;;;;;;;;;;ЛОЖЬ;ИСТИНА;;;;;;;;;;;;;;;;;;;;;Output;EPKS_UCB;ESD_912_1;955
DO;91XL852KB_ON_18;;FSC;901-10;A_90110;ESD MOS ACTIVE A 901-10;No;ЛОЖЬ;ЛОЖЬ;;188;;;;;;;0;;;;1334;ЛОЖЬ;0;None;;;;;;1=LAMP ON;;;;;;;Undefined;491;3428;;;;;;;;;;ЛОЖЬ;;;;;;Output;ESD_002_1;ESD_912_1;3;;;;;;;;;;;;;;;;
AI;91TI802;;FLD;901-10;A_C90111;C9011001SX TECH GAS CYL1;Yes;ИСТИНА;ЛОЖЬ;;612;ИСТИНА;Float;4-20mA;-50;200;°C;;;;;108;ЛОЖЬ;33606;;None;None;None;None;;;;-112.5;-112.5;;;;-XXXXX.X;3.76;21;;18.04;3;11;1;Top scale;;;;ЛОЖЬ;;ЛОЖЬ;;;;;;;;;;;;;;;;;;;;Output;EPKS_UCB;ESD_912_1;10106
M;2456_L;;;;;Trip 12;;ЛОЖЬ;ЛОЖЬ;;2456;;;;;;;0;;;;138;ЛОЖЬ;0;;;;;;;;;;;;;;Undefined;491;3428;;;;;;;;;;ЛОЖЬ;;;;;;;;;;;;;;;;;;;;;;;;;
M;C308_1_E;;;9100;9100;Function block marker;;ЛОЖЬ;ЛОЖЬ;;308;;;;;;;0;;;;2088;ЛОЖЬ;0;;;;;;;;;;;;;;Undefined;491;3428;;;;;;;;;;ЛОЖЬ;;;;;;;;;;;;;;;;;;;;;;;;;
DO;91XY075_C;;COM;9100;;AUTO CLOSURE 91XV075;No;ИСТИНА;ЛОЖЬ;;434;;;;;;;0;;;;743;ИСТИНА;33613;None;;;;;;0=CLOSE;;;;;;;Undefined;491;3428;;;;;;;;;;ЛОЖЬ;;;;;;;;;;;;;;;;;;;;;;Output;EPKS_UCB;ESD_912_1;779
M;636_1514_1;;;9100;;91HS807_P_I;;ЛОЖЬ;ЛОЖЬ;;1514;;;;;;;0;;;;898;ЛОЖЬ;0;;;;;;;1=RESET;;;;;;;Undefined;;;;;;;;;;;;ЛОЖЬ;ИСТИНА;;;;;;;;;;;;;;;;;;;;;;;;
AI;91LS754A;;FLD;901-10;A_C90111;Уровень. резервуар C-9011001AX;Yes;ИСТИНА;ЛОЖЬ;;521;ИСТИНА;Float;4-20mA;4;20;mA;;;;;228;ЛОЖЬ;33727;;None;None;None;None;;;;;;;;;-XXXXX.X;3.64;22;;18.04;7;7;1;Bottom scale;;;;ЛОЖЬ;ИСТИНА;ЛОЖЬ;;;;;;;;;;;;;;;;;;;;Output;EPKS_UCB;ESD_912_1;10197
M;C506_4_G;;;9100;9100;Function block marker;;ЛОЖЬ;ЛОЖЬ;;506;;;;;;;0;;;;2877;ЛОЖЬ;0;;;;;;;;;;;;;;Undefined;;;;;;;;;;;;ЛОЖЬ;ИСТИНА;;;;;;;;;;;;;;;;;;;;;;;;
M;354_4;;;901-10;;;;ЛОЖЬ;ЛОЖЬ;;354;;;;;;;0;;;;379;ЛОЖЬ;0;;;;;;;;;;;;;;Undefined;491;3428;;;;;;;;;;ЛОЖЬ;;;;;;;;;;;;;;;;;;;;;;;;;
M;C506_2_B;;;9100;9100;Function block marker;;ЛОЖЬ;ЛОЖЬ;;506;;;;;;;0;;;;1772;ЛОЖЬ;0;;;;;;;;;;;;;;Undefined;491;3428;;;;;;;;;;ЛОЖЬ;;;;;;;;;;;;;;;;;;;;;;;;;
R;2432_C;;;;;Signal 1;;ЛОЖЬ;ЛОЖЬ;;2432;;Float;;;;;0;;;;140;ЛОЖЬ;0;;;;;;;;;;;;;;Undefined;491;3428;;;;;;;;;;ЛОЖЬ;;;;;;;;;;;;;;;;;;;;;;;;;
T;518_3;;;9100;;;;ЛОЖЬ;ЛОЖЬ;;518;;;;;;;;100 ms;10;;644;ЛОЖЬ;0;;;;;;;;;;;;;;Undefined;;;Delayed OFF with constant timer value;;;;;;;;;ЛОЖЬ;ИСТИНА;;;;;;;;;;;;;;;;;;;;;;;;
M;514_522_2;;;9100;;91TAHH754_I;;ЛОЖЬ;ЛОЖЬ;;522;;;;;;;0;;;;1900;ЛОЖЬ;0;;;;;;;0=TRIP INITIATOR;;;;;;;Undefined;491;3428;;;;;;;;;;ЛОЖЬ;;;;;;;;;;;;;;;;;;;;;;;;;
DO;91XY063_C;;COM;9100;A_90110;AUTO CLOSURE 91XV063;No;ИСТИНА;ЛОЖЬ;;432;;;;;;;0;;;;648;ИСТИНА;33487;None;;;;;;0=CLOSE;;;;;;;Undefined;491;3428;;;;;;;;;;ЛОЖЬ;;;;;;;;;;;;;;;;;;;;;;Output;EPKS_UCB;ESD_912_1;778
BO;IB912_ESD1_YEAR;;COM;901-10;;YEAR;No;ЛОЖЬ;ЛОЖЬ;;19;;Word;;;;;0;;;;24;;0;;None;None;None;None;;;;;;;;;-XXXXX.X;;;;;;;;;;;;ЛОЖЬ;ИСТИНА;;;;;;;;;;;;;;;;;;;;;Output;EPKS_UCB;ESD_912_1;10186
DO;91HA005A1_PA;;COM;901-10;A_90110;1oo2 PREALARM;No;ИСТИНА;ЛОЖЬ;;358;;;;;;;0;;;;1455;ЛОЖЬ;33762;None;;;;;;0=ALARM;;;;;;;Undefined;491;3428;;;;;;;;;;ЛОЖЬ;;;;;;;;;;;;;;;;;;;;;;Output;EPKS_UCB;ESD_912_1;436
M;344_440_3;;;901-10;;GROUP-SHUTDOWN;;ЛОЖЬ;ЛОЖЬ;;440;;;;;;;0;;;;1660;ЛОЖЬ;0;;;;;;;0=TRIP;;;;;;;Undefined;491;3428;;;;;;;;;;ЛОЖЬ;;;;;;;;;;;;;;;;;;;;;;;;;
M;182_184_1;;;;;MOS ACTIVE AREA 901-10;;ЛОЖЬ;ЛОЖЬ;;184;;;;;;;0;;;;1469;ЛОЖЬ;0;;;;;;;1=MO CONFIRMED;;;;;;;Undefined;491;3428;;;;;;;;;;ЛОЖЬ;;;;;;;;;;;;;;;;;;;;;;;;;
M;C502_2_B;;;9100;9100;Function block marker;;ЛОЖЬ;ЛОЖЬ;;502;;;;;;;0;;;;1799;ЛОЖЬ;0;;;;;;;;;;;;;;Undefined;491;3428;;;;;;;;;;ЛОЖЬ;;;;;;;;;;;;;;;;;;;;;;;;;
M;602_5;;;9100;;;;ЛОЖЬ;ЛОЖЬ;;602;;;;;;;0;;;;1617;ЛОЖЬ;0;;;;;;;;;;;;;;Undefined;;;;;;;;;;;;ЛОЖЬ;ИСТИНА;;;;;;;;;;;;;;;;;;;;;;;;
M;C310_1_F;;;9100;9100;Function block marker;;ЛОЖЬ;ЛОЖЬ;;310;;;;;;;0;;;;2620;ЛОЖЬ;0;;;;;;;;;;;;;;Undefined;;;;;;;;;;;;ЛОЖЬ;ИСТИНА;;;;;;;;;;;;;;;;;;;;;;;;
R;317_316_3;;;9100;;91PI080;;ЛОЖЬ;ЛОЖЬ;;316;;Float;;;;;0;;;;92;ЛОЖЬ;0;;;;;;;;;;;;;;Undefined;;;;;;;;;;;;ЛОЖЬ;ИСТИНА;;;;;;;;;;;;;;;;;;;;;;;;
AI;91TI106;;FLD;901-10;A_C90111;NH3 AT OUTLET C9011001AX;Yes;ИСТИНА;ЛОЖЬ;;300;ИСТИНА;Float;4-20mA;0;100;°C;;;;;36;ЛОЖЬ;33607;;None;None;None;None;;;;-25;-25;;;;-XXXXX.X;3.76;21;;18.04;1;10;1;Top scale;;;;ЛОЖЬ;;ЛОЖЬ;;;;;;;;;;;;;;;;;;;;Output;EPKS_UCB;ESD_912_1;10100
M;C2410_1;;;901-10;;Compiler marker (208, 85);;ЛОЖЬ;ЛОЖЬ;;2410;;;;;;;0;;;;1230;ЛОЖЬ;0;;;;;;;;;;;;;;Undefined;491;3428;;;;;;;;;;ЛОЖЬ;;;;;;;;;;;;;;;;;;;;;;;;;
DO;91PAHH822_FU;;COM;901-10;A_C90111;C9011001SX GAS;No;ИСТИНА;ЛОЖЬ;;1516;;;;;;;0;;;;909;ИСТИНА;34127;None;;;;;;1=FIRST;;;;;;;Undefined;;;;;;;;;;;;ЛОЖЬ;ИСТИНА;;;;;;;;;;;;;;;;;;;;;Output;EPKS_UCB;ESD_912_1;833
M;614_622_2;;;9100;;91TAHH804_I;;ЛОЖЬ;ЛОЖЬ;;622;;;;;;;0;;;;1873;ЛОЖЬ;0;;;;;;;0=TRIP INITIATOR;;;;;;;Undefined;491;3428;;;;;;;;;;ЛОЖЬ;;;;;;;;;;;;;;;;;;;;;;;;;
M;C310_1_E;;;9100;9100;Function block marker;;ЛОЖЬ;ЛОЖЬ;;310;;;;;;;0;;;;2085;ЛОЖЬ;0;;;;;;;;;;;;;;Undefined;491;3428;;;;;;;;;;ЛОЖЬ;;;;;;;;;;;;;;;;;;;;;;;;;
M;C438_3_F;;;9100;9100;Function block marker;;ЛОЖЬ;ЛОЖЬ;;438;;;;;;;0;;;;2617;ЛОЖЬ;0;;;;;;;;;;;;;;Undefined;;;;;;;;;;;;ЛОЖЬ;ИСТИНА;;;;;;;;;;;;;;;;;;;;;;;;
BO;91TI761_L;;COM;901-10;A_C90111;LO ALARM SETPOINT;No;ЛОЖЬ;ЛОЖЬ;;498;;Float;;;;;0;;;;496;;0;;;;;;;;;0;0;;;;-XXXXX.X;491;3428;;;;;;;;;;ЛОЖЬ;;;;;;;;;;;;;;;;;;;;;;Output;EPKS_UCB;ESD_912_1;10141
M;326_4;;;901-10;;;;ЛОЖЬ;ЛОЖЬ;;326;;;;;;;0;;;;397;ЛОЖЬ;0;;;;;;;;;;;;;;Undefined;491;3428;;;;;;;;;;ЛОЖЬ;;;;;;;;;;;;;;;;;;;;;;;;;
DI;91HS118B;;FLD;901-10;A_P90110;STOP OF PUMPS LCSA1;Yes;ИСТИНА;ЛОЖЬ;;342;;;;;;;;;;;75;ИСТИНА;33440;None;;;;;;0=TRIP;;;;;;;Undefined;491;3428;;18.03;9;4;1;Low;;;;ЛОЖЬ;;;;ЛОЖЬ;;;;;;;;;;;;;;;;;;Output;EPKS_UCB;ESD_912_1;698
DI;91HS056B;;COM;901-10;A_90110;91XV056B CLOSE;No;ИСТИНА;ИСТИНА;;376;;;;;;;0;;;;2176;ЛОЖЬ;34160;None;;;;;;1=CLOSE (MOM);;;;;;;Undefined;;;;;;;;Low;;;;ЛОЖЬ;ИСТИНА;;;ЛОЖЬ;;;;;;;;;;;;;;;;;;Input;EPKS_UCB;ESD_912_1;128
DI;18-ExtComFaultCC5;;SYS;;;EXT COM FAULT COM CH 5;Yes;ЛОЖЬ;;;16;;;;;;;;;;;10;ЛОЖЬ;0;None;;;;;;;;;;;;;Undefined;491;3428;;;;;;;;;;ЛОЖЬ;;;;ЛОЖЬ;;;;;;;;;;;;;;;;;;;;;
R;2457_C;;;;;Input 3;;ЛОЖЬ;ЛОЖЬ;;2457;;Float;;;;;0;;;;136;ЛОЖЬ;0;;;;;;;;;;;;;;Undefined;491;3428;;;;;;;;;;ЛОЖЬ;;;;;;;;;;;;;;;;;;;;;;;;;
DO;91XA005PERM_P;;COM;901-10;A_C90111;INDICATION ALARM;No;ИСТИНА;ЛОЖЬ;;1320;;;;;;;0;;;;536;ЛОЖЬ;34014;None;;;;;;1=ACTIVE;;;;;;;Undefined;491;3428;;;;;;;;;;ЛОЖЬ;;;;;;;;;;;;;;;;;;Output;CC_UCB_1;ESD_912_1;69;;;;
M;316_4;;;901-10;;;;ЛОЖЬ;ЛОЖЬ;;316;;;;;;;0;;;;407;ЛОЖЬ;0;;;;;;;;;;;;;;Undefined;491;3428;;;;;;;;;;ЛОЖЬ;;;;;;;;;;;;;;;;;;;;;;;;;
BO;91TI808_HH;;COM;901-10;A_C90111;HH TRIP SETPOINT;No;ИСТИНА;ЛОЖЬ;;616;;Float;;;;;0;;;;732;;34015;;;;;;;;;0;0;;;;-XXXXX.X;491;3428;;;;;;;;;;ЛОЖЬ;;;;;;;;;;;;;;;;;;;;;;Output;EPKS_UCB;ESD_912_1;10180
DI;91VSHH801A;;BNS;901-10;A_C90111;C9011001SX VIB IN CARTER;Yes;ИСТИНА;ЛОЖЬ;;635;;;;;;;;;;;51;ИСТИНА;33552;None;;;;;;0=TRIP;0=TRIP;;;;;;Undefined;;;;18.03;7;12;1;Low;;;;ЛОЖЬ;ИСТИНА;;;ЛОЖЬ;View only;;;;;;;;;;;;;;;;;Output;EPKS_UCB;ESD_912_1;938
DO;91XY093B;;MCC;901-10;A_90110;AUTO CLOSURE 91XV093;Yes;ИСТИНА;ЛОЖЬ;;460;;;;;;;0;;;;141;ЛОЖЬ;33441;None;;;;;;1=CLOSE;;;;;;;Undefined;491;3428;;18.06;7;6;1;Appl;;;;ЛОЖЬ;;;;;;;;;;;;;;;;;;;;;;;;;
M;C618_4_C;;;9100;9100;Function block marker;;ЛОЖЬ;ЛОЖЬ;;618;;;;;;;0;;;;2783;ЛОЖЬ;0;;;;;;;;;;;;;;Undefined;;;;;;;;;;;;ЛОЖЬ;ИСТИНА;;;;;;;;;;;;;;;;;;;;;;;;
M;1522_2;;;;C9011001;;;ЛОЖЬ;ЛОЖЬ;;1522;;;;;;;0;;;;855;ЛОЖЬ;0;;;;;;;;;;;;;;Undefined;;;;;;;;;;;;ЛОЖЬ;ИСТИНА;;;;;;;;;;;;;;;;;;;;;;;;
T;327_2;;;;;;;ЛОЖЬ;ЛОЖЬ;;327;;;;;;;;100 ms;5;;652;ЛОЖЬ;0;;;;;;;;;;;;;;Undefined;;;Delayed OFF with constant timer value;;;;;;;;;ЛОЖЬ;ИСТИНА;;;;;;;;;;;;;;;;;;;;;;;;
DO;91PAHH802_FU;;COM;901-10;A_C90111;C9011001SX GAS;No;ИСТИНА;ЛОЖЬ;;1514;;;;;;;0;;;;907;ИСТИНА;34125;None;;;;;;1=FIRST;;;;;;;Undefined;;;;;;;;;;;;ЛОЖЬ;ИСТИНА;;;;;;;;;;;;;;;;;;;;;Output;EPKS_UCB;ESD_912_1;831
M;C602_5_E;;;9100;9100;Function block marker;;ЛОЖЬ;ЛОЖЬ;;602;;;;;;;0;;;;2842;ЛОЖЬ;0;;;;;;;;;;;;;;Undefined;;;;;;;;;;;;ЛОЖЬ;ИСТИНА;;;;;;;;;;;;;;;;;;;;;;;;
M;C612_4_B;;;9100;9100;Function block marker;;ЛОЖЬ;ЛОЖЬ;;612;;;;;;;0;;;;2575;ЛОЖЬ;0;;;;;;;;;;;;;;Undefined;;;;;;;;;;;;ЛОЖЬ;ИСТИНА;;;;;;;;;;;;;;;;;;;;;;;;
BO;91TI761_H;;COM;901-10;A_C90111;HI ALARM SETPOINT;No;ЛОЖЬ;ЛОЖЬ;;496;;Float;;;;;0;;;;440;;0;;;;;;;;;0;0;;;;-XXXXX.X;491;3428;;;;;;;;;;ЛОЖЬ;;;;;;;;;;;;;;;;;;;;;;Output;EPKS_UCB;ESD_912_1;10120
M;C2480_1;;;;;Compiler marker (224, 163);;ЛОЖЬ;ЛОЖЬ;;2480;;;;;;;0;;;;166;ЛОЖЬ;0;;;;;;;;;;;;;;Undefined;491;3428;;;;;;;;;;ЛОЖЬ;;;;;;;;;;;;;;;;;;;;;;;;;
M;335_462_2;;;9100;;91LALL064_I;;ЛОЖЬ;ЛОЖЬ;;462;;;;;;;0;;;;2562;ЛОЖЬ;0;;;;;;;0=TRIP INITIATOR;;;;;;;Undefined;;;;;;;;;;;;ЛОЖЬ;ИСТИНА;;;;;;;;;;;;;;;;;;;;;;;;
M;314_1506_4;;;9100;;91PAHH076_I;;ЛОЖЬ;ЛОЖЬ;;1506;;;;;;;0;;;;95;ЛОЖЬ;0;;;;;;;0=TRIP INITIATOR;;;;;;;Undefined;;;;;;;;;;;;ЛОЖЬ;ИСТИНА;;;;;;;;;;;;;;;;;;;;;;;;
M;1518_3;;;;C9011001;;;ЛОЖЬ;ЛОЖЬ;;1518;;;;;;;0;;;;844;ЛОЖЬ;0;;;;;;;;;;;;;;Undefined;;;;;;;;;;;;ЛОЖЬ;ИСТИНА;;;;;;;;;;;;;;;;;;;;;;;;
M;C518_2_B;;;9100;9100;Function block marker;;ЛОЖЬ;ЛОЖЬ;;518;;;;;;;0;;;;1680;ЛОЖЬ;0;;;;;;;;;;;;;;Undefined;491;3428;;;;;;;;;;ЛОЖЬ;;;;;;;;;;;;;;;;;;;;;;;;;
DO;91XY091;;MCC;901-10;A_90110;AUTO CLOSURE 91XV091;Yes;ИСТИНА;ЛОЖЬ;;458;;;;;;;0;;;;139;ЛОЖЬ;33442;None;;;;;;1=CLOSE;;;;;;;Undefined;491;3428;;18.06;7;4;1;Appl;;;;ЛОЖЬ;;;;;;;;;;;;;;;;;;;;;;;;;
T;314_5;;;9100;;;;ЛОЖЬ;ЛОЖЬ;;314;;;;;;;;100 ms;5;;796;ЛОЖЬ;0;;;;;;;;;;;;;;Undefined;;;Delayed OFF with constant timer value;;;;;;;;;ЛОЖЬ;ИСТИНА;;;;;;;;;;;;;;;;;;;;;;;;
M;C516_3_E;;;9100;9100;Function block marker;;ЛОЖЬ;ЛОЖЬ;;516;;;;;;;0;;;;1172;ЛОЖЬ;0;;;;;;;;;;;;;;Undefined;;;;;;;;;;;;ЛОЖЬ;ИСТИНА;;;;;;;;;;;;;;;;;;;;;;;;
AI;VM 18.04/1/17;;SYS;;;;Yes;ЛОЖЬ;;;0;ИСТИНА;Float;0-5V (VM);-9.9;99.9;;;;;;64;ЛОЖЬ;0;;None;None;None;None;;;;;;;;;-XXXXX.X;2.5;3.9;;18.04;1;17;1;Scan;;;;ЛОЖЬ;;;;;;;;;;;;;;;;;;;;;;;;;
DO;91PI063_TF;;COM;901-10;A_90110;TRANSM FAULT;No;ЛОЖЬ;ЛОЖЬ;;310;;;;;;;0;;;;1384;ИСТИНА;33763;None;;;;;;0=ALARM;;;;;;;Undefined;491;3428;;;;;;;;;;ЛОЖЬ;;;;;;;;;;;;;;;;;;;;;;Output;EPKS_UCB;ESD_912_1;588
DO;91LAHH751_CA;;COM;901-10;;CAUSE ALARM;No;ЛОЖЬ;ЛОЖЬ;;500;;;;;;;0;;;;1140;ЛОЖЬ;0;None;;;;;;0=ALARM;0=ALARM;;;;;;Undefined;;;;;;;;;;;;ЛОЖЬ;ИСТИНА;;;;;;;;;;;;;;;;;;;;;Output;EPKS_UCB;ESD_912_1;928
M;C598_2_E;;;9100;9100;Function block marker;;ЛОЖЬ;ЛОЖЬ;;598;;;;;;;0;;;;608;ЛОЖЬ;0;;;;;;;;;;;;;;Undefined;491;3428;;;;;;;;;;ЛОЖЬ;;;;;;;;;;;;;;;;;;;;;;;;;
BO;91PI824_LL;;COM;901-10;A_C90111;LL TRIP SETPOINT;No;ИСТИНА;ЛОЖЬ;;610;;Float;;;;;0;;;;720;;34017;;;;;;;;;0;0;;;;-XXXXX.X;491;3428;;;;;;;;;;ЛОЖЬ;;;;;;;;;;;;;;;;;;;;;;Output;EPKS_UCB;ESD_912_1;10170
M;528_530_2;;;901-10;;CAPACITY 50%;;ЛОЖЬ;ЛОЖЬ;;530;;;;;;;0;;;;435;ЛОЖЬ;0;;;;;;;1=ACTIVE;;;;;;;Undefined;491;3428;;;;;;;;;;ЛОЖЬ;;;;;;;;;;;;;;;;;;;;;;;;;
AI;91LI045;;FLD;901-10;A_90110;Уровень. в B-9011001;Yes;ИСТИНА;ЛОЖЬ;;298;ИСТИНА;Float;4-20mA;0;100;%;;;;;332;ЛОЖЬ;33723;;None;None;None;None;;;;;;;;;-XXXXX.X;3.64;22;;18.04;9;16;1;Top scale;;;;ЛОЖЬ;ИСТИНА;ЛОЖЬ;;;;;;;;;;;;;;;;;;;;Output;EPKS_UCB;ESD_912_1;10193
M;C317_2_E;;;;;Function block marker;;ЛОЖЬ;ЛОЖЬ;;317;;;;;;;0;;;;2662;ЛОЖЬ;0;;;;;;;;;;;;;;Undefined;;;;;;;;;;;;ЛОЖЬ;ИСТИНА;;;;;;;;;;;;;;;;;;;;;;;;
R;C2456_4;;;;;Compiler register (256, 114);;ЛОЖЬ;ЛОЖЬ;;2456;;Float;;;;;0;;;;352;ЛОЖЬ;0;;;;;;;;;;;;;;Undefined;491;3428;;;;;;;;;;ЛОЖЬ;;;;;;;;;;;;;;;;;;;;;;;;;
M;C636_3_D;;;9100;9100;Function block marker;;ЛОЖЬ;ЛОЖЬ;;636;;;;;;;0;;;;606;ЛОЖЬ;0;;;;;;;;;;;;;;Undefined;491;3428;;;;;;;;;;ЛОЖЬ;;;;;;;;;;;;;;;;;;;;;;;;;
R;324_325_2;;;;;91LI055;;ЛОЖЬ;ЛОЖЬ;;325;;Float;;;;;0;;;;404;ЛОЖЬ;0;;;;;;;;;;;;;;Undefined;;;;;;;;;;;;ЛОЖЬ;ИСТИНА;;;;;;;;;;;;;;;;;;;;;;;;
DO;91LI495_MOC;;COM;901-05;A_90105;MO CONFIRMED;No;ИСТИНА;ЛОЖЬ;;248;;;;;;;0;;;;1308;ИСТИНА;33764;None;;;;;;1=CONFIRMED;;;;;;;Undefined;491;3428;;;;;;;;;;ЛОЖЬ;;;;;;;;;;;;;;;;;;;;;;Output;EPKS_UCB;ESD_912_1;525
AI;91PI063;;FLD;901-10;A_90110;LIQUID NH3 TO V-9011009S;Yes;ИСТИНА;ЛОЖЬ;;310;ИСТИНА;Float;4-20mA;0;2.5;MPa-g;;;;;208;ЛОЖЬ;33456;;None;None;None;None;;;;-0.625;-0.625;;;;-XXXXX.X;3.64;22;;18.04;7;2;1;Top scale;;;;ЛОЖЬ;;ЛОЖЬ;;;;;;;;;;;;;;;;;;;;Output;EPKS_UCB;ESD_912_1;10085
BO;91PI801_H;;COM;901-10;A_C90111;HI ALARM SETPOINT;No;ЛОЖЬ;ЛОЖЬ;;604;;Float;;;;;0;;;;1092;;0;;None;None;None;None;;;;;;;;;-XXXXX.X;;;;;;;;;;;;ЛОЖЬ;ИСТИНА;;;;;;;;;;;;;;;;;;;;;Output;EPKS_UCB;ESD_912_1;10252
T;335_2;;;;;;;ЛОЖЬ;ЛОЖЬ;;335;;;;;;;;100 ms;5;;700;ЛОЖЬ;0;;;;;;;;;;;;;;Undefined;;;Delayed OFF with constant timer value;;;;;;;;;ЛОЖЬ;ИСТИНА;;;;;;;;;;;;;;;;;;;;;;;;
DI;91TI754_MOR;;COM;901-10;A_C90111;MO REQUEST;No;ЛОЖЬ;ИСТИНА;;514;;;;;;;0;;;;2232;ЛОЖЬ;0;None;;;;;;1=REQUEST;;;;;;;Undefined;491;3428;;;;;;Freeze;;;;ЛОЖЬ;;;;ЛОЖЬ;;;;;;;;;;;;;;;;;;Input;EPKS_UCB;ESD_912_1;89
M;500_1310_3;;;;;91LAH751_PERM;;ЛОЖЬ;ЛОЖЬ;;1310;;;;;;;0;;;;1388;ЛОЖЬ;0;;;;;;;0=ALARM;;;;;;;Undefined;;;;;;;;;;;;ЛОЖЬ;ИСТИНА;;;;;;;;;;;;;;;;;;;;;;;;
DO;91TI108_MOC;;COM;901-10;A_C90111;MO CONFIRMED;No;ИСТИНА;ЛОЖЬ;;302;;;;;;;0;;;;1324;ИСТИНА;33765;None;;;;;;1=CONFIRMED;;;;;;;Undefined;491;3428;;;;;;;;;;ЛОЖЬ;;;;;;;;;;;;;;;;;;;;;;Output;EPKS_UCB;ESD_912_1;649
BO;91LI493_H;;COM;901-05;A_90105;H TRIP SETPOINT (%);No;ИСТИНА;ЛОЖЬ;;240;;Float;;;;;0;;;;384;;34018;;;;;;;;;0;0;;;;-XXXXX.X;491;3428;;;;;;;;;;ЛОЖЬ;;;;;;;;;;;;;;;;;;;;;;Output;EPKS_UCB;ESD_912_1;10136
DO;91PI770_TF;;COM;901-10;A_C90111;TRANSM FAULT;No;ЛОЖЬ;ЛОЖЬ;;510;;;;;;;0;;;;1300;ИСТИНА;34024;None;;;;;;0=ALARM;0=ALARM;;;;;;Undefined;;;;;;;;;;;;ЛОЖЬ;ИСТИНА;;;;;;;;;;;;;;;;;;;;;Output;EPKS_UCB;ESD_912_1;990
M;318_182_1;;;901-10;;91PT084;;ЛОЖЬ;ЛОЖЬ;;182;;;;;;;0;;;;1449;ЛОЖЬ;0;;;;;;;1=MO CONFIRMED;;;;;;;Undefined;491;3428;;;;;;;;;;ЛОЖЬ;;;;;;;;;;;;;;;;;;;;;;;;;
BI;18-Year;;SYS;;;Year;No;ЛОЖЬ;;;19;;Word;;;;;;;;;0;;0;;;;;;;;;0;0;;;;-XXXXX.X;491;3428;;;;;;;;;;ЛОЖЬ;;;;;;;;;;;;;;;;;;;;;;;;;
DO;91SIS553;;COM;901-10;A_90110;INTERLOCK 91-I-553;No;ИСТИНА;ЛОЖЬ;;358;;;;;;;0;;;;564;ИСТИНА;33620;None;;;;;;0=TRIP;;;;;;;Undefined;491;3428;;;;;;;;;;ЛОЖЬ;;;;;;;;;;;;;;;;;;;;;;Output;EPKS_UCB;ESD_912_1;550
M;C167_4;;;;;Compiler marker (352, 186);;ЛОЖЬ;ЛОЖЬ;;167;;;;;;;0;;;;636;ЛОЖЬ;0;;;;;;;;;;;;;;Undefined;491;3428;;;;;;;;;;ЛОЖЬ;;;;;;;;;;;;;;;;;;;;;;;;;
M;516_1;;;901-10;;;;ЛОЖЬ;ЛОЖЬ;;516;;;;;;;0;;;;1865;ЛОЖЬ;0;;;;;;;;;;;;;;Undefined;491;3428;;;;;;;;;;ЛОЖЬ;;;;;;;;;;;;;;;;;;;;;;;;;
M;C336_1_E;;;9100;9100;Function block marker;;ЛОЖЬ;ЛОЖЬ;;336;;;;;;;0;;;;1970;ЛОЖЬ;0;;;;;;;;;;;;;;Undefined;491;3428;;;;;;;;;;ЛОЖЬ;;;;;;;;;;;;;;;;;;;;;;;;;
M;600_1320_5;;;;;91LAH801_PERM;;ЛОЖЬ;ЛОЖЬ;;1320;;;;;;;0;;;;1971;ЛОЖЬ;0;;;;;;;0=ALARM;;;;;;;Undefined;;;;;;;;;;;;ЛОЖЬ;ИСТИНА;;;;;;;;;;;;;;;;;;;;;;;;
M;C1504_1_K;;;;;Function block marker;;ЛОЖЬ;ЛОЖЬ;;1504;;;;;;;0;;;;987;ЛОЖЬ;0;;;;;;;;;;;;;;Undefined;;;;;;;;;;;;ЛОЖЬ;ИСТИНА;;;;;;;;;;;;;;;;;;;;;;;;
M;2373_B;;;;;MOS CONFIRMED;;ЛОЖЬ;ЛОЖЬ;;2373;;;;;;;0;;;;1237;ЛОЖЬ;0;;;;;;;;;;;;;;Undefined;491;3428;;;;;;;;;;ЛОЖЬ;;;;;;;;;;;;;;;;;;;;;;;;;
M;2470_G;;;;;RESET;;ЛОЖЬ;ЛОЖЬ;;2470;;;;;;;0;;;;161;ЛОЖЬ;0;;;;;;;;;;;;;;Undefined;491;3428;;;;;;;;;;ЛОЖЬ;;;;;;;;;;;;;;;;;;;;;;;;;
DI;91HS815B_B0_OT_P;;COM;901-10;A_90110;CAP CTRL BIT 0;No;ИСТИНА;ИСТИНА;;628;;;;;;;0;;;;704;ИСТИНА;33624;None;;;;;;1=TRUE;;;;;;;Undefined;491;3428;;;;;;Freeze;;;;ЛОЖЬ;;;;ЛОЖЬ;;;;;;;;;;;;;;Input;CC_UCB_1;ESD_912_1;33;Output;EPKS_UCB;ESD_912_1;2031
M;2373_A;;;;;MO REQUEST;;ЛОЖЬ;ЛОЖЬ;;2373;;;;;;;0;;;;1236;ЛОЖЬ;0;;;;;;;;;;;;;;Undefined;491;3428;;;;;;;;;;ЛОЖЬ;;;;;;;;;;;;;;;;;;;;;;;;;
M;C512_1_G;;;9100;9100;Function block marker;;ЛОЖЬ;ЛОЖЬ;;512;;;;;;;0;;;;2869;ЛОЖЬ;0;;;;;;;;;;;;;;Undefined;;;;;;;;;;;;ЛОЖЬ;ИСТИНА;;;;;;;;;;;;;;;;;;;;;;;;
DO;91LAHH060_CA;;COM;901-10;;CAUSE ALARM;No;ЛОЖЬ;ЛОЖЬ;;328;;;;;;;0;;;;1096;ЛОЖЬ;0;None;;;;;;0=ALARM;0=ALARM;;;;;;Undefined;;;;;;;;;;;;ЛОЖЬ;ИСТИНА;;;;;;;;;;;;;;;;;;;;;Output;EPKS_UCB;ESD_912_1;884
M;C240_3_D;;;4300;4300;Function block marker;;ЛОЖЬ;ЛОЖЬ;;240;;;;;;;0;;;;2124;ЛОЖЬ;0;;;;;;;;;;;;;;Undefined;491;3428;;;;;;;;;;ЛОЖЬ;;;;;;;;;;;;;;;;;;;;;;;;;
M;C608_5_G;;;9100;9100;Function block marker;;ЛОЖЬ;ЛОЖЬ;;608;;;;;;;0;;;;2707;ЛОЖЬ;0;;;;;;;;;;;;;;Undefined;;;;;;;;;;;;ЛОЖЬ;ИСТИНА;;;;;;;;;;;;;;;;;;;;;;;;
DO;91LI063_MOC;;COM;901-10;A_90110;MO CONFIRMED;No;ИСТИНА;ЛОЖЬ;;298;;;;;;;0;;;;1751;ИСТИНА;33766;None;;;;;;1=CONFIRMED;;;;;;;Undefined;491;3428;;;;;;;;;;ЛОЖЬ;;;;;;;;;;;;;;;;;;;;;;Output;EPKS_UCB;ESD_912_1;513
M;620_1518_1;;;9100;;91ZALL801_I;;ЛОЖЬ;ЛОЖЬ;;1518;;;;;;;0;;;;885;ЛОЖЬ;0;;;;;;;0=TRIP;;;;;;;Undefined;;;;;;;;;;;;ЛОЖЬ;ИСТИНА;;;;;;;;;;;;;;;;;;;;;;;;
M;438_4;;;901-10;;;;ЛОЖЬ;ЛОЖЬ;;438;;;;;;;0;;;;377;ЛОЖЬ;0;;;;;;;;;;;;;;Undefined;491;3428;;;;;;;;;;ЛОЖЬ;;;;;;;;;;;;;;;;;;;;;;;;;
M;332_464_1;;;901-10;;91LALL055_58_61_I;;ЛОЖЬ;ЛОЖЬ;;464;;;;;;;0;;;;1746;ЛОЖЬ;0;;;;;;;0=TRIP INITIATOR;;;;;;;Undefined;491;3428;;;;;;;;;;ЛОЖЬ;;;;;;;;;;;;;;;;;;;;;;;;;
AI;91LI047;;FLD;901-10;A_90110;Уровень. в V-9011005;Yes;ИСТИНА;ЛОЖЬ;;335;ИСТИНА;Float;4-20mA;0;100;%;;;;;340;ЛОЖЬ;33716;;None;None;None;None;;;;;;;;;-XXXXX.X;3.64;22;;18.04;11;1;1;Bottom scale;;;;ЛОЖЬ;ИСТИНА;ЛОЖЬ;;;;;;;;;;;;;;;;;;;;Output;EPKS_UCB;ESD_912_1;10218
R;312_313_5;;;;;91PI073;;ЛОЖЬ;ЛОЖЬ;;313;;Float;;;;;0;;;;72;ЛОЖЬ;0;;;;;;;;;;;;;;Undefined;;;;;;;;;;;;ЛОЖЬ;ИСТИНА;;;;;;;;;;;;;;;;;;;;;;;;
M;C536_1;;;9100;;Compiler marker (200, 307);;ЛОЖЬ;ЛОЖЬ;;536;;;;;;;0;;;;2861;ЛОЖЬ;0;;;;;;;;;;;;;;Undefined;;;;;;;;;;;;ЛОЖЬ;ИСТИНА;;;;;;;;;;;;;;;;;;;;;;;;
M;386_2;;;9100;;;;ЛОЖЬ;ЛОЖЬ;;386;;;;;;;0;;;;772;ЛОЖЬ;0;;;;;;;;;;;;;;Undefined;491;3428;;;;;;;;;;ЛОЖЬ;;;;;;;;;;;;;;;;;;;;;;;;;
M;300_1;;;901-10;;;;ЛОЖЬ;ЛОЖЬ;;300;;;;;;;0;;;;1267;ЛОЖЬ;0;;;;;;;;;;;;;;Undefined;491;3428;;;;;;;;;;ЛОЖЬ;;;;;;;;;;;;;;;;;;;;;;;;;
DO;91TAHH106_CA;;COM;901-10;A_C90111;CAUSE ALARM;No;ЛОЖЬ;ЛОЖЬ;;300;;;;;;;0;;;;1279;ЛОЖЬ;0;None;;;;;;0=ALARM;;;;;;;Undefined;491;3428;;;;;;;;;;ЛОЖЬ;;;;;;;;;;;;;;;;;;;;;;Output;EPKS_UCB;ESD_912_1;621
DO;91XY636;;FLD;9100;;91XV636 AUTO CLOSE;Yes;ИСТИНА;ЛОЖЬ;;344;;;;;;;0;;;;153;ЛОЖЬ;33457;None;;;;;;1=CLOSE;;;;;;;Undefined;;;;18.06;9;2;1;Appl;;;;ЛОЖЬ;ИСТИНА;;;;;;;;;;;;;;;;;;;;;;;;
M;C354_3_G;;;9100;9100;Function block marker;;ЛОЖЬ;ЛОЖЬ;;354;;;;;;;0;;;;2716;ЛОЖЬ;0;;;;;;;;;;;;;;Undefined;;;;;;;;;;;;ЛОЖЬ;ИСТИНА;;;;;;;;;;;;;;;;;;;;;;;;
M;C510_3_E;;;9100;9100;Function block marker;;ЛОЖЬ;ЛОЖЬ;;510;;;;;;;0;;;;2870;ЛОЖЬ;0;;;;;;;;;;;;;;Undefined;;;;;;;;;;;;ЛОЖЬ;ИСТИНА;;;;;;;;;;;;;;;;;;;;;;;;
M;392_2;;;9100;;;;ЛОЖЬ;ЛОЖЬ;;392;;;;;;;0;;;;778;ЛОЖЬ;0;;;;;;;;;;;;;;Undefined;491;3428;;;;;;;;;;ЛОЖЬ;;;;;;;;;;;;;;;;;;;;;;;;;
M;C330_1;;;901-10;;Compiler marker (208, 120);;ЛОЖЬ;ЛОЖЬ;;330;;;;;;;0;;;;2003;ЛОЖЬ;0;;;;;;;;;;;;;;Undefined;491;3428;;;;;;;;;;ЛОЖЬ;;;;;;;;;;;;;;;;;;;;;;;;;
M;C635_2_C;;;;;Function block marker;;ЛОЖЬ;ЛОЖЬ;;635;;;;;;;0;;;;1835;ЛОЖЬ;0;;;;;;;;;;;;;;Undefined;;;;;;;;;;;;ЛОЖЬ;ИСТИНА;;;;;;;;;;;;;;;;;;;;;;;;
DO;91PALL801_CA;;COM;901-10;A_C90111;CAUSE ALARM;No;ЛОЖЬ;ЛОЖЬ;;605;;;;;;;0;;;;1130;ЛОЖЬ;0;None;;;;;;0=ALARM;0=ALARM;;;;;;Undefined;;;;;;;;;;;;ЛОЖЬ;ИСТИНА;;;;;;;;;;;;;;;;;;;;;Output;EPKS_UCB;ESD_912_1;918
M;2456_G;;;;;Trip 7;;ЛОЖЬ;ЛОЖЬ;;2456;;;;;;;0;;;;119;ЛОЖЬ;0;;;;;;;;;;;;;;Undefined;491;3428;;;;;;;;;;ЛОЖЬ;;;;;;;;;;;;;;;;;;;;;;;;;
M;C536_1_D;;;9100;9100;Function block marker;;ЛОЖЬ;ЛОЖЬ;;536;;;;;;;0;;;;587;ЛОЖЬ;0;;;;;;;;;;;;;;Undefined;491;3428;;;;;;;;;;ЛОЖЬ;;;;;;;;;;;;;;;;;;;;;;;;;
M;2470_5;;;;;;;ЛОЖЬ;ЛОЖЬ;;2470;;;;;;;0;;;;128;ЛОЖЬ;0;;;;;;;;;;;;;;Undefined;491;3428;;;;;;;;;;ЛОЖЬ;;;;;;;;;;;;;;;;;;;;;;;;;
M;1506_1528_2;;;;C9011001;91PAHH073_FU1_I;;ЛОЖЬ;ЛОЖЬ;;1528;;;;;;;0;;;;1006;ЛОЖЬ;0;;;;;;;1=FIRST;;;;;;;Undefined;;;;;;;;;;;;ЛОЖЬ;ИСТИНА;;;;;;;;;;;;;;;;;;;;;;;;
M;C370_1;;;901-10;;Compiler marker (304, 90);;ЛОЖЬ;ЛОЖЬ;;370;;;;;;;0;;;;1875;ЛОЖЬ;0;;;;;;;;;;;;;;Undefined;491;3428;;;;;;;;;;ЛОЖЬ;;;;;;;;;;;;;;;;;;;;;;;;;
DO;91XY089_C;;COM;9100;;AUTO CLOSURE 91XV089;No;ИСТИНА;ЛОЖЬ;;456;;;;;;;0;;;;645;ИСТИНА;33640;None;;;;;;0=CLOSE;;;;;;;Undefined;491;3428;;;;;;;;;;ЛОЖЬ;;;;;;;;;;;;;;;;;;;;;;Output;EPKS_UCB;ESD_912_1;790
DI;18-ExtComFaultCC4;;SYS;;;EXT COM FAULT COM CH 4;Yes;ЛОЖЬ;;;16;;;;;;;;;;;9;ЛОЖЬ;0;None;;;;;;;;;;;;;Undefined;491;3428;;;;;;;;;;ЛОЖЬ;;;;ЛОЖЬ;;;;;;;;;;;;;;;;;;;;;
M;240_252_4;;;901-10;;91LAH493_I;;ЛОЖЬ;ЛОЖЬ;;252;;;;;;;0;;;;1321;ЛОЖЬ;0;;;;;;;0=TRIP INITIATOR;;;;;;;Undefined;491;3428;;;;;;;;;;ЛОЖЬ;;;;;;;;;;;;;;;;;;;;;;;;;
M;334_462_3;;;901-10;;91LAHH064_I;;ЛОЖЬ;ЛОЖЬ;;462;;;;;;;0;;;;1741;ЛОЖЬ;0;;;;;;;0=TRIP INITIATOR;;;;;;;Undefined;491;3428;;;;;;;;;;ЛОЖЬ;;;;;;;;;;;;;;;;;;;;;;;;;
M;C337_1_G;;;;;Function block marker;;ЛОЖЬ;ЛОЖЬ;;337;;;;;;;0;;;;2585;ЛОЖЬ;0;;;;;;;;;;;;;;Undefined;;;;;;;;;;;;ЛОЖЬ;ИСТИНА;;;;;;;;;;;;;;;;;;;;;;;;
DO;91TI752_MOC;;COM;901-10;A_C90111;MO CONFIRMED;No;ИСТИНА;ЛОЖЬ;;512;;;;;;;0;;;;1840;ИСТИНА;33768;None;;;;;;1=CONFIRMED;;;;;;;Undefined;491;3428;;;;;;;;;;ЛОЖЬ;;;;;;;;;;;;;;;;;;;;;;Output;EPKS_UCB;ESD_912_1;651
M;352_1;;;901-10;;;;ЛОЖЬ;ЛОЖЬ;;352;;;;;;;0;;;;1351;ЛОЖЬ;0;;;;;;;;;;;;;;Undefined;491;3428;;;;;;;;;;ЛОЖЬ;;;;;;;;;;;;;;;;;;;;;;;;;
M;C1502_1_H;;;;;Function block marker;;ЛОЖЬ;ЛОЖЬ;;1502;;;;;;;0;;;;990;ЛОЖЬ;0;;;;;;;;;;;;;;Undefined;;;;;;;;;;;;ЛОЖЬ;ИСТИНА;;;;;;;;;;;;;;;;;;;;;;;;
DO;91XY057;;FLD;901-10;A_90110;INLET VALVE CTRL 91XV057;Yes;ИСТИНА;ЛОЖЬ;;378;;;;;;;0;;;;26;ИСТИНА;33444;None;;;;;;1=OPEN;;;;;;;Undefined;491;3428;;18.05;3;3;1;Appl;;;;ЛОЖЬ;;;;;;;;;;;;;;;;;;;;;;Output;EPKS_UCB;ESD_912_1;733
DO;91TAL761A;;COM;901-10;A_C90111;LO ALARM;No;ЛОЖЬ;ЛОЖЬ;;498;;;;;;;0;;;;520;ЛОЖЬ;0;None;;;;;;0=ALARM;0=ALARM;;;;;;Undefined;;;;;;;;;;;;ЛОЖЬ;ИСТИНА;;;;;;;;;;;;;;;;;;;;;Output;EPKS_UCB;ESD_912_1;982
M;167_2373_2;;;;;MOS 901-05 RELEASED;;ЛОЖЬ;ЛОЖЬ;;2373;;;;;;;0;;;;1235;ЛОЖЬ;0;;;;;;;1=RELEASED;;;;;;;Undefined;491;3428;;;;;;;;;;ЛОЖЬ;;;;;;;;;;;;;;;;;;;;;;;;;
M;636_1;;;9100;;;;ЛОЖЬ;ЛОЖЬ;;636;;;;;;;0;;;;1033;ЛОЖЬ;0;;;;;;;;;;;;;;Undefined;;;;;;;;;;;;ЛОЖЬ;ИСТИНА;;;;;;;;;;;;;;;;;;;;;;;;
AI;VM 18.04/11/17;;SYS;;;;Yes;ЛОЖЬ;;;0;ИСТИНА;Float;0-5V (VM);-9.9;99.9;;;;;;404;ЛОЖЬ;0;;None;None;None;None;;;;;;;;;Undefined;2.5;3.9;;18.04;11;17;1;Scan;;;;ЛОЖЬ;ИСТИНА;;;;;;;;;;;;;;;;;;;;;;;;
DI;91HX004;;COM;;;COMP. WORK;No;ИСТИНА;ИСТИНА;;501;;;;;;;0;;;;693;ИСТИНА;33516;None;;;;;;1=WORK;;;;;;;Undefined;491;3428;;;;;;Low;;;;ЛОЖЬ;;;;ЛОЖЬ;;;;;;;;;;;;;;Input;CC_UCB_1;ESD_912_1;22;Output;EPKS_UCB;ESD_912_1;2036
M;312_356_2;;;901-10;;91PAHH073_I;;ЛОЖЬ;ЛОЖЬ;;356;;;;;;;0;;;;1420;ЛОЖЬ;0;;;;;;;0=TRIP INITIATOR;;;;;;;Undefined;491;3428;;;;;;;;;;ЛОЖЬ;;;;;;;;;;;;;;;;;;;;;;;;;
M;324_325_1;;;;;91LT055;;ЛОЖЬ;ЛОЖЬ;;325;;;;;;;0;;;;2698;ЛОЖЬ;0;;;;;;;1=MO CONFIRMED;;;;;;;Undefined;;;;;;;;;;;;ЛОЖЬ;ИСТИНА;;;;;;;;;;;;;;;;;;;;;;;;
BO;91LI063_HH;;COM;901-10;A_90110;HH TRIP SETPOINT (%);No;ИСТИНА;ЛОЖЬ;;298;;Float;;;;;0;;;;408;;34019;;;;;;;;;0;0;;;;-XXXXX.X;491;3428;;;;;;;;;;ЛОЖЬ;;;;;;;;;;;;;;;;;;;;;;Output;EPKS_UCB;ESD_912_1;10129
DI;91XS814;;MCC;901-10;A_P90110;C-9011001SX OIL PUMP PM1;Yes;ИСТИНА;ЛОЖЬ;;634;;;;;;;;;;;64;ИСТИНА;33445;None;;;;;;0=TRIP;;;;;;;Undefined;491;3428;;18.03;9;9;1;Low;;;;ЛОЖЬ;;;;ЛОЖЬ;;;;;;;;;;;;;;;;;;Output;EPKS_UCB;ESD_912_1;718
M;334_335_2;;;;;91LT064_F;;ЛОЖЬ;ЛОЖЬ;;335;;;;;;;0;;;;2142;ЛОЖЬ;0;;;;;;;1=FAULT;;;;;;;Undefined;;;;;;;;;;;;ЛОЖЬ;ИСТИНА;;;;;;;;;;;;;;;;;;;;;;;;
M;1516_4;;;;C9011001;;;ЛОЖЬ;ЛОЖЬ;;1516;;;;;;;0;;;;839;ЛОЖЬ;0;;;;;;;;;;;;;;Undefined;;;;;;;;;;;;ЛОЖЬ;ИСТИНА;;;;;;;;;;;;;;;;;;;;;;;;
M;248_252_3;;;901-10;;91LAH495_I;;ЛОЖЬ;ЛОЖЬ;;252;;;;;;;0;;;;1330;ЛОЖЬ;0;;;;;;;0=TRIP INITIATOR;;;;;;;Undefined;491;3428;;;;;;;;;;ЛОЖЬ;;;;;;;;;;;;;;;;;;;;;;;;;
M;312_440_2;;;901-10;;91PAHH073_I;;ЛОЖЬ;ЛОЖЬ;;440;;;;;;;0;;;;1629;ЛОЖЬ;0;;;;;;;0=TRIP INITIATOR;;;;;;;Undefined;491;3428;;;;;;;;;;ЛОЖЬ;;;;;;;;;;;;;;;;;;;;;;;;;
BO;91LI495_L;;COM;901-05;A_90105;L TRIP SETPOINT (%);No;ИСТИНА;ЛОЖЬ;;248;;Float;;;;;0;;;;436;;34020;;;;;;;;;0;0;;;;-XXXXX.X;491;3428;;;;;;;;;;ЛОЖЬ;;;;;;;;;;;;;;;;;;;;;;Output;EPKS_UCB;ESD_912_1;10142
AI;91TI811;;FLD;901-10;A_C90111;Тем-ра. Резервуар C-9011001SX;Yes;ИСТИНА;ЛОЖЬ;;618;ИСТИНА;Float;4-20mA;-50;100;°C;;;;;120;ЛОЖЬ;33458;;None;None;None;None;;;;-87.5;-87.5;;;;-XXXXX.X;3.76;21;;18.04;3;14;1;Top scale;;;;ЛОЖЬ;;ЛОЖЬ;;;;;;;;;;;;;;;;;;;;Output;EPKS_UCB;ESD_912_1;10109
M;329_328_2;;;9100;;91LT060_F;;ЛОЖЬ;ЛОЖЬ;;328;;;;;;;0;;;;2115;ЛОЖЬ;0;;;;;;;1=FAULT;;;;;;;Undefined;;;;;;;;;;;;ЛОЖЬ;ИСТИНА;;;;;;;;;;;;;;;;;;;;;;;;
M;606_5;;;9100;;;;ЛОЖЬ;ЛОЖЬ;;606;;;;;;;0;;;;1698;ЛОЖЬ;0;;;;;;;;;;;;;;Undefined;;;;;;;;;;;;ЛОЖЬ;ИСТИНА;;;;;;;;;;;;;;;;;;;;;;;;
M;C300_3_E;;;9100;9100;Function block marker;;ЛОЖЬ;ЛОЖЬ;;300;;;;;;;0;;;;1598;ЛОЖЬ;0;;;;;;;;;;;;;;Undefined;;;;;;;;;;;;ЛОЖЬ;ИСТИНА;;;;;;;;;;;;;;;;;;;;;;;;
M;328_330_3;;;901-10;;91LAHH061_I;;ЛОЖЬ;ЛОЖЬ;;330;;;;;;;0;;;;1534;ЛОЖЬ;0;;;;;;;0=TRIP INITIATOR;;;;;;;Undefined;491;3428;;;;;;;;;;ЛОЖЬ;;;;;;;;;;;;;;;;;;;;;;;;;
M;C514_3_F;;;9100;9100;Function block marker;;ЛОЖЬ;ЛОЖЬ;;514;;;;;;;0;;;;1176;ЛОЖЬ;0;;;;;;;;;;;;;;Undefined;;;;;;;;;;;;ЛОЖЬ;ИСТИНА;;;;;;;;;;;;;;;;;;;;;;;;
M;512_1502_2;;;9100;;91TAHH752_I;;ЛОЖЬ;ЛОЖЬ;;1502;;;;;;;0;;;;85;ЛОЖЬ;0;;;;;;;0=TRIP INITIATOR;;;;;;;Undefined;;;;;;;;;;;;ЛОЖЬ;ИСТИНА;;;;;;;;;;;;;;;;;;;;;;;;
DO;91XY086_C;;COM;9100;;AUTO CLOSURE 91XV086;No;ИСТИНА;ЛОЖЬ;;452;;;;;;;0;;;;667;ИСТИНА;33648;None;;;;;;0=CLOSE;;;;;;;Undefined;491;3428;;;;;;;;;;ЛОЖЬ;;;;;;;;;;;;;;;;;;;;;;Output;EPKS_UCB;ESD_912_1;788
BO;IB912_ESD1_T1;;COM;862-34;;TEMPERATURE CP1;No;ЛОЖЬ;ЛОЖЬ;;17;;Word;;;;;0;;;;20;;0;;None;None;None;None;;;;;;;;;-XXXXX.X;;;;;;;;;;;;ЛОЖЬ;ИСТИНА;;;;;;;;;;;;;;;;;;;;;Output;EPKS_UCB;ESD_912_1;10091
DO;91LALL055_CA;;COM;;;CAUSE ALARM;No;ЛОЖЬ;ЛОЖЬ;;325;;;;;;;0;;;;1535;ЛОЖЬ;0;None;;;;;;0=ALARM;;;;;;;Undefined;491;3428;;;;;;;;;;ЛОЖЬ;;;;;;;;;;;;;;;;;;;;;;Output;EPKS_UCB;ESD_912_1;487
M;1506_1;;;;C9011001;;;ЛОЖЬ;ЛОЖЬ;;1506;;;;;;;0;;;;59;ЛОЖЬ;0;;;;;;;;;;;;;;Undefined;;;;;;;;;;;;ЛОЖЬ;ИСТИНА;;;;;;;;;;;;;;;;;;;;;;;;
AI;91FI030B;;FLD;901-10;A_C90111;WTR OF 1 TO C-9011001SX;Yes;ИСТИНА;ЛОЖЬ;;352;ИСТИНА;Float;4-20mA;0;630;kg/h;;;;;68;ЛОЖЬ;33459;;None;None;None;None;;;;-157.4;-157.4;;;;-XXXXX.X;3.64;22;;18.04;3;1;1;Bottom scale;;;;ЛОЖЬ;;ЛОЖЬ;;;;;;;;;;;;;;;;;;;;Output;EPKS_UCB;ESD_912_1;10067
T;240_1;;;901-10;;;;ЛОЖЬ;ЛОЖЬ;;240;;;;;;;;100 ms;5;;20;ЛОЖЬ;0;;;;;;;;;;;;;;Undefined;491;3428;Delayed OFF with constant timer value;;;;;;;;;ЛОЖЬ;;;;;;;;;;;;;;;;;;;;;;;;;
M;1520_3;;;;C9011001;;;ЛОЖЬ;ЛОЖЬ;;1520;;;;;;;0;;;;850;ЛОЖЬ;0;;;;;;;;;;;;;;Undefined;;;;;;;;;;;;ЛОЖЬ;ИСТИНА;;;;;;;;;;;;;;;;;;;;;;;;
DO;IB912_ESD1_F4;;COM;901-10;S_B91_2;COMMON UTILITY ALARM;No;ИСТИНА;ЛОЖЬ;;18;;;;;;;0;;;;180;ИСТИНА;33770;None;;;;;;0=ALARM;;;;;;;Undefined;491;3428;;;;;;;;;;ЛОЖЬ;;;;;;;;;;;;;;;;;;;;;;Output;EPKS_UCB;ESD_912_1;682
DO;91LALL058_CA;;COM;;;CAUSE ALARM;No;ЛОЖЬ;ЛОЖЬ;;327;;;;;;;0;;;;1537;ЛОЖЬ;0;None;;;;;;0=ALARM;;;;;;;Undefined;491;3428;;;;;;;;;;ЛОЖЬ;;;;;;;;;;;;;;;;;;;;;;Output;EPKS_UCB;ESD_912_1;489
DO;91LAH495A_P;;COM;901-05;A_90105;INDICATION LIGHT;No;ИСТИНА;ЛОЖЬ;;252;;;;;;;0;;;;2126;ЛОЖЬ;34021;None;;;;;;1=ACTIVE;;;;;;;Undefined;491;3428;;;;;;;;;;ЛОЖЬ;;;;;;;;;;;;;;;;;;Output;CC_UCB_1;ESD_912_1;75;;;;
M;394_3;;;9100;;;;ЛОЖЬ;ЛОЖЬ;;394;;;;;;;0;;;;781;ЛОЖЬ;0;;;;;;;;;;;;;;Undefined;491;3428;;;;;;;;;;ЛОЖЬ;;;;;;;;;;;;;;;;;;;;;;;;;
M;C2490_1;;;;;Compiler marker (176, 139);;ЛОЖЬ;ЛОЖЬ;;2490;;;;;;;0;;;;632;ЛОЖЬ;0;;;;;;;;;;;;;;Undefined;491;3428;;;;;;;;;;ЛОЖЬ;;;;;;;;;;;;;;;;;;;;;;;;;
DO;91LI073_MOC;;COM;901-10;A_90110;MO CONFIRMED;No;ИСТИНА;ЛОЖЬ;;338;;;;;;;0;;;;1585;ИСТИНА;33774;None;;;;;;1=CONFIRMED;;;;;;;Undefined;491;3428;;;;;;;;;;ЛОЖЬ;;;;;;;;;;;;;;;;;;;;;;Output;EPKS_UCB;ESD_912_1;519
M;320_356_2;;;901-10;;91PAHH099_I;;ЛОЖЬ;ЛОЖЬ;;356;;;;;;;0;;;;1427;ЛОЖЬ;0;;;;;;;0=TRIP INITIATOR;;;;;;;Undefined;491;3428;;;;;;;;;;ЛОЖЬ;;;;;;;;;;;;;;;;;;;;;;;;;
M;1500_1502_1;;;;C9011001;FIRST OUT SEQUENCE;;ЛОЖЬ;ЛОЖЬ;;1502;;;;;;;0;;;;793;ЛОЖЬ;0;;;;;;;1=FU ALARM;;;;;;;Undefined;;;;;;;;;;;;ЛОЖЬ;ИСТИНА;;;;;;;;;;;;;;;;;;;;;;;;
M;370_3;;;9100;;;;ЛОЖЬ;ЛОЖЬ;;370;;;;;;;0;;;;757;ЛОЖЬ;0;;;;;;;;;;;;;;Undefined;491;3428;;;;;;;;;;ЛОЖЬ;;;;;;;;;;;;;;;;;;;;;;;;;
DO;91ZALL801;;COM;901-10;A_C90111;C-9011001SX HANDWHEEL;No;ИСТИНА;ЛОЖЬ;;620;;;;;;;0;;;;471;ИСТИНА;33650;None;;;;;;0=TRIP;;;;;;;Undefined;491;3428;;;;;;;;;;ЛОЖЬ;;;;;;;;;;;;;;;;;;;;;;Output;EPKS_UCB;ESD_912_1;479
M;C327_2_F;;;;;Function block marker;;ЛОЖЬ;ЛОЖЬ;;327;;;;;;;0;;;;2066;ЛОЖЬ;0;;;;;;;;;;;;;;Undefined;;;;;;;;;;;;ЛОЖЬ;ИСТИНА;;;;;;;;;;;;;;;;;;;;;;;;
M;C354_1_G;;;9100;9100;Function block marker;;ЛОЖЬ;ЛОЖЬ;;354;;;;;;;0;;;;1207;ЛОЖЬ;0;;;;;;;;;;;;;;Undefined;;;;;;;;;;;;ЛОЖЬ;ИСТИНА;;;;;;;;;;;;;;;;;;;;;;;;
DO;91TAHH754A_P;;COM;901-10;A_C90111;INDICATION LIGHT;No;ИСТИНА;ЛОЖЬ;;514;;;;;;;0;;;;533;ЛОЖЬ;34022;None;;;;;;1=ACTIVE;;;;;;;Undefined;491;3428;;;;;;;;;;ЛОЖЬ;;;;;;;;;;;;;;;;;;Output;CC_UCB_1;ESD_912_1;85;;;;
T;300_2;;;9100;;;;ЛОЖЬ;ЛОЖЬ;;300;;;;;;;;100 ms;5;;472;ЛОЖЬ;0;;;;;;;;;;;;;;Undefined;;;Delayed OFF with constant timer value;;;;;;;;;ЛОЖЬ;ИСТИНА;;;;;;;;;;;;;;;;;;;;;;;;
M;C602_6_E;;;9100;9100;Function block marker;;ЛОЖЬ;ЛОЖЬ;;602;;;;;;;0;;;;2845;ЛОЖЬ;0;;;;;;;;;;;;;;Undefined;;;;;;;;;;;;ЛОЖЬ;ИСТИНА;;;;;;;;;;;;;;;;;;;;;;;;
M;C498_4_E;;;9100;9100;Function block marker;;ЛОЖЬ;ЛОЖЬ;;498;;;;;;;0;;;;2814;ЛОЖЬ;0;;;;;;;;;;;;;;Undefined;;;;;;;;;;;;ЛОЖЬ;ИСТИНА;;;;;;;;;;;;;;;;;;;;;;;;
M;C608_6_G;;;9100;9100;Function block marker;;ЛОЖЬ;ЛОЖЬ;;608;;;;;;;0;;;;2823;ЛОЖЬ;0;;;;;;;;;;;;;;Undefined;;;;;;;;;;;;ЛОЖЬ;ИСТИНА;;;;;;;;;;;;;;;;;;;;;;;;
M;504_522_3;;;9100;;91PAHH752_I;;ЛОЖЬ;ЛОЖЬ;;522;;;;;;;0;;;;1895;ЛОЖЬ;0;;;;;;;0=TRIP INITIATOR;;;;;;;Undefined;491;3428;;;;;;;;;;ЛОЖЬ;;;;;;;;;;;;;;;;;;;;;;;;;
M;330_374_1;;;901-10;;V-9011001A FILLING;;ЛОЖЬ;ЛОЖЬ;;374;;;;;;;0;;;;1586;ЛОЖЬ;0;;;;;;;1=OPEN;;;;;;;Undefined;491;3428;;;;;;;;;;ЛОЖЬ;;;;;;;;;;;;;;;;;;;;;;;;;
DI;91HS066A_P;;COM;901-10;A_90110;91XV066 OPEN;No;ИСТИНА;ИСТИНА;;384;;;;;;;0;;;;2162;ЛОЖЬ;33447;None;;;;;;1=OPEN (MOM);;;;;;;Undefined;491;3428;;;;;;Low;;;;ЛОЖЬ;;;;ЛОЖЬ;;;;;;;;;;;;;;;;;;Input;EPKS_UCB;ESD_912_1;139
DO;IB912_ESD1_D1;;COM;862-34;;FORCE ENABLE;No;ИСТИНА;ЛОЖЬ;;17;;;;;;;0;;;;565;ИСТИНА;33590;None;;;;;;0=ENABLE;;;;;;;Undefined;491;3428;;;;;;;;;;ЛОЖЬ;;;;;;;;;;;;;;;;;;;;;;Output;EPKS_UCB;ESD_912_1;551
DO;91TI808_TF;;COM;901-10;A_C90111;TRANSM FAULT;No;ЛОЖЬ;ЛОЖЬ;;616;;;;;;;0;;;;2033;ИСТИНА;33775;None;;;;;;0=ALARM;;;;;;;Undefined;491;3428;;;;;;;;;;ЛОЖЬ;;;;;;;;;;;;;;;;;;;;;;Output;EPKS_UCB;ESD_912_1;662
M;334_4;;;901-10;;;;ЛОЖЬ;ЛОЖЬ;;334;;;;;;;0;;;;393;ЛОЖЬ;0;;;;;;;;;;;;;;Undefined;491;3428;;;;;;;;;;ЛОЖЬ;;;;;;;;;;;;;;;;;;;;;;;;;
M;C505_4_F;;;;;Function block marker;;ЛОЖЬ;ЛОЖЬ;;505;;;;;;;0;;;;2882;ЛОЖЬ;0;;;;;;;;;;;;;;Undefined;;;;;;;;;;;;ЛОЖЬ;ИСТИНА;;;;;;;;;;;;;;;;;;;;;;;;
AI;91PI829;;FLD;901-10;A_C90111;C-9011001SX FLUSHING GAS;Yes;ИСТИНА;ЛОЖЬ;;608;ИСТИНА;Float;4-20mA;0;1.6;MPa-g;;;;;100;ЛОЖЬ;33460;;None;None;None;None;;;;-0.4;-0.4;;;;-XXXXX.X;3.64;22;;18.04;3;9;1;Bottom scale;;;;ЛОЖЬ;;ЛОЖЬ;;;;;;;;;;;;;;;;;;;;Output;EPKS_UCB;ESD_912_1;10099
DO;91XY001;;MCC;901-10;A_P90110;AUTO STOP P-9011001AX;Yes;ИСТИНА;ЛОЖЬ;;360;;;;;;;0;;;;169;ИСТИНА;33449;None;;;;;;0=TRIP;;;;;;;Undefined;491;3428;;18.06;11;2;1;Appl;;;;ЛОЖЬ;;;;;;;;;;;;;;;;;;;;;;Output;EPKS_UCB;ESD_912_1;759
DI;91VSHH752_MOR;;COM;910-10;A_C90111;MO REQUEST;No;ЛОЖЬ;ИСТИНА;;534;;;;;;;0;;;;2205;ЛОЖЬ;0;None;;;;;;1=REQUEST;;;;;;;Undefined;;;;;;;;Freeze;;;;ЛОЖЬ;ИСТИНА;;;ЛОЖЬ;;;;;;;;;;;;;;;;;;Input;EPKS_UCB;ESD_912_1;10
M;614_1516_2;;;9100;;91TAHH804_I;;ЛОЖЬ;ЛОЖЬ;;1516;;;;;;;0;;;;881;ЛОЖЬ;0;;;;;;;0=TRIP INITIATOR;;;;;;;Undefined;;;;;;;;;;;;ЛОЖЬ;ИСТИНА;;;;;;;;;;;;;;;;;;;;;;;;
M;1524_1528_2;;;;C9011001;91HA119_FU_I;;ЛОЖЬ;ЛОЖЬ;;1528;;;;;;;0;;;;1024;ЛОЖЬ;0;;;;;;;1=FIRST;;;;;;;Undefined;;;;;;;;;;;;ЛОЖЬ;ИСТИНА;;;;;;;;;;;;;;;;;;;;;;;;
M;520_2;;;901-10;;;;ЛОЖЬ;ЛОЖЬ;;520;;;;;;;0;;;;511;ЛОЖЬ;0;;;;;;;;;;;;;;Undefined;491;3428;;;;;;;;;;ЛОЖЬ;;;;;;;;;;;;;;;;;;;;;;;;;
M;1522_5;;;;C9011001;;;ЛОЖЬ;ЛОЖЬ;;1522;;;;;;;0;;;;858;ЛОЖЬ;0;;;;;;;;;;;;;;Undefined;;;;;;;;;;;;ЛОЖЬ;ИСТИНА;;;;;;;;;;;;;;;;;;;;;;;;
M;600_4;;;901-10;;;;ЛОЖЬ;ЛОЖЬ;;600;;;;;;;0;;;;355;ЛОЖЬ;0;;;;;;;;;;;;;;Undefined;491;3428;;;;;;;;;;ЛОЖЬ;;;;;;;;;;;;;;;;;;;;;;;;;
DO;91XY091_C;;COM;9100;;AUTO CLOSURE 91XV091;No;ИСТИНА;ЛОЖЬ;;458;;;;;;;0;;;;653;ИСТИНА;33657;None;;;;;;0=CLOSE;;;;;;;Undefined;491;3428;;;;;;;;;;ЛОЖЬ;;;;;;;;;;;;;;;;;;;;;;Output;EPKS_UCB;ESD_912_1;791
M;1516_1518_1;;;;C9011001;FIRST OUT SEQUENCE;;ЛОЖЬ;ЛОЖЬ;;1518;;;;;;;0;;;;868;ЛОЖЬ;0;;;;;;;1=FU ALARM;;;;;;;Undefined;;;;;;;;;;;;ЛОЖЬ;ИСТИНА;;;;;;;;;;;;;;;;;;;;;;;;
DO;91HA004A1_FU;;COM;901-10;A_90110;COMP STOP C9011001AX;No;ИСТИНА;ЛОЖЬ;;1508;;;;;;;0;;;;821;ИСТИНА;34119;None;;;;;;1=FIRST;;;;;;;Undefined;;;;;;;;;;;;ЛОЖЬ;ИСТИНА;;;;;;;;;;;;;;;;;;;;;Output;EPKS_UCB;ESD_912_1;825
M;C605_4_F;;;;;Function block marker;;ЛОЖЬ;ЛОЖЬ;;605;;;;;;;0;;;;2835;ЛОЖЬ;0;;;;;;;;;;;;;;Undefined;;;;;;;;;;;;ЛОЖЬ;ИСТИНА;;;;;;;;;;;;;;;;;;;;;;;;
M;378_2;;;9100;;;;ЛОЖЬ;ЛОЖЬ;;378;;;;;;;0;;;;764;ЛОЖЬ;0;;;;;;;;;;;;;;Undefined;491;3428;;;;;;;;;;ЛОЖЬ;;;;;;;;;;;;;;;;;;;;;;;;;
T;326_2;;;9100;;;;ЛОЖЬ;ЛОЖЬ;;326;;;;;;;;100 ms;5;;272;ЛОЖЬ;0;;;;;;;;;;;;;;Undefined;;;Delayed OFF with constant timer value;;;;;;;;;ЛОЖЬ;ИСТИНА;;;;;;;;;;;;;;;;;;;;;;;;
M;534_2;;;9100;;;;ЛОЖЬ;ЛОЖЬ;;534;;;;;;;0;;;;1043;ЛОЖЬ;0;;;;;;;;;;;;;;Undefined;;;;;;;;;;;;ЛОЖЬ;ИСТИНА;;;;;;;;;;;;;;;;;;;;;;;;
M;C316_2_B;;;9100;9100;Function block marker;;ЛОЖЬ;ЛОЖЬ;;316;;;;;;;0;;;;2068;ЛОЖЬ;0;;;;;;;;;;;;;;Undefined;491;3428;;;;;;;;;;ЛОЖЬ;;;;;;;;;;;;;;;;;;;;;;;;;
M;506_3;;;901-10;;;;ЛОЖЬ;ЛОЖЬ;;506;;;;;;;0;;;;368;ЛОЖЬ;0;;;;;;;;;;;;;;Undefined;491;3428;;;;;;;;;;ЛОЖЬ;;;;;;;;;;;;;;;;;;;;;;;;;
M;C340_4_C;;;9100;9100;Function block marker;;ЛОЖЬ;ЛОЖЬ;;340;;;;;;;0;;;;2600;ЛОЖЬ;0;;;;;;;;;;;;;;Undefined;;;;;;;;;;;;ЛОЖЬ;ИСТИНА;;;;;;;;;;;;;;;;;;;;;;;;
AI;91PI822;;FLD;901-10;A_C90111;C-9011001SX OUT TECH GAS;Yes;ИСТИНА;ЛОЖЬ;;606;ИСТИНА;Float;4-20mA;0;2.5;MPa-g;;;;;92;ЛОЖЬ;33461;;None;None;None;None;;;;-0.625;-0.625;;;;-XXXXX.X;3.64;22;;18.04;3;7;1;Top scale;;;;ЛОЖЬ;;ЛОЖЬ;;;;;;;;;;;;;;;;;;;;Output;EPKS_UCB;ESD_912_1;10097
M;535_2;;;9100;;;;ЛОЖЬ;ЛОЖЬ;;535;;;;;;;0;;;;1632;ЛОЖЬ;0;;;;;;;;;;;;;;Undefined;;;;;;;;;;;;ЛОЖЬ;ИСТИНА;;;;;;;;;;;;;;;;;;;;;;;;
DI;91HS757_P;;COM;901-10;A_C90111;C9011001AX RESET;No;ИСТИНА;ИСТИНА;;536;;;;;;;0;;;;699;ИСТИНА;33632;None;;;;;;1=RESET;;;;;;;Undefined;491;3428;;;;;;Low;;;;ЛОЖЬ;;;;ЛОЖЬ;;;;;;;;;;;;;;Input;CC_UCB_1;ESD_912_1;28;Output;EPKS_UCB;ESD_912_1;2022
DO;91TAHH801_CA;;COM;901-10;A_C90111;CAUSE ALARM;No;ЛОЖЬ;ЛОЖЬ;;612;;;;;;;0;;;;1137;ЛОЖЬ;0;None;;;;;;0=ALARM;0=ALARM;;;;;;Undefined;;;;;;;;;;;;ЛОЖЬ;ИСТИНА;;;;;;;;;;;;;;;;;;;;;Output;EPKS_UCB;ESD_912_1;925
M;C298_1_G;;;9100;9100;Function block marker;;ЛОЖЬ;ЛОЖЬ;;298;;;;;;;0;;;;1612;ЛОЖЬ;0;;;;;;;;;;;;;;Undefined;;;;;;;;;;;;ЛОЖЬ;ИСТИНА;;;;;;;;;;;;;;;;;;;;;;;;
DO;91PDAHH804;;COM;901-10;A_C90111;C9011001SX GAS DIFF;No;ИСТИНА;ЛОЖЬ;;602;;;;;;;0;;;;1994;ИСТИНА;33776;None;;;;;;0=TRIP;;;;;;;Undefined;491;3428;;;;;;;;;;ЛОЖЬ;;;;;;;;;;;;;;;;;;;;;;Output;EPKS_UCB;ESD_912_1;580
DI;91HS053A;;COM;901-10;A_90110;91XV053 OPEN;No;ИСТИНА;ИСТИНА;;370;;;;;;;0;;;;2155;ЛОЖЬ;33848;None;;;;;;1=OPEN (MOM);;;;;;;Undefined;491;3428;;;;;;Low;;;;ЛОЖЬ;;;;ЛОЖЬ;;;;;;;;;;;;;;;;;;Input;EPKS_UCB;ESD_912_1;125
DI;18-TempHH_Alarm;;SYS;;;TEMP HIGH-HIGH ALARM;Yes;ЛОЖЬ;;;18;;;;;;;1;;;;2;ЛОЖЬ;0;None;;;;;;;;;;;;;Undefined;491;3428;;;;;;;;;;ЛОЖЬ;;;;ЛОЖЬ;;;;;;;;;;;;;;;;;;;;;
R;324_330_2;;;901-10;;91LI055;;ЛОЖЬ;ЛОЖЬ;;330;;Float;;;;;0;;;;596;ЛОЖЬ;0;;;;;;;;;;;;;;Undefined;491;3428;;;;;;;;;;ЛОЖЬ;;;;;;;;;;;;;;;;;;;;;;;;;
DO;91PALL752_CA;;COM;901-10;A_C90111;CAUSE ALARM;No;ЛОЖЬ;ЛОЖЬ;;505;;;;;;;0;;;;1790;ЛОЖЬ;0;None;;;;;;0=ALARM;;;;;;;Undefined;491;3428;;;;;;;;;;ЛОЖЬ;;;;;;;;;;;;;;;;;;;;;;Output;EPKS_UCB;ESD_912_1;567
M;C518_1_E;;;9100;9100;Function block marker;;ЛОЖЬ;ЛОЖЬ;;518;;;;;;;0;;;;1687;ЛОЖЬ;0;;;;;;;;;;;;;;Undefined;491;3428;;;;;;;;;;ЛОЖЬ;;;;;;;;;;;;;;;;;;;;;;;;;
DI;91HS403B;;LCP;901-05;A_P90110;PUMP OFF P-9010501A;Yes;ИСТИНА;ЛОЖЬ;;242;;;;;;;;;;;78;ИСТИНА;33451;None;;;;;;0=TRIP;;;;;;;Undefined;491;3428;;18.03;9;7;1;Low;;;;ЛОЖЬ;;;;ЛОЖЬ;;;;;;;;;;;;;;;;;;Output;EPKS_UCB;ESD_912_1;712
M;C326_3_G;;;9100;9100;Function block marker;;ЛОЖЬ;ЛОЖЬ;;326;;;;;;;0;;;;1313;ЛОЖЬ;0;;;;;;;;;;;;;;Undefined;;;;;;;;;;;;ЛОЖЬ;ИСТИНА;;;;;;;;;;;;;;;;;;;;;;;;
DO;91PALL084_CA;;COM;;;CAUSE ALARM;No;ЛОЖЬ;ЛОЖЬ;;319;;;;;;;0;;;;1451;ЛОЖЬ;0;None;;;;;;0=ALARM;;;;;;;Undefined;491;3428;;;;;;;;;;ЛОЖЬ;;;;;;;;;;;;;;;;;;;;;;Output;EPKS_UCB;ESD_912_1;562
AI;91TI761A;;FLD;901-10;A_C90111;Тем-ра. резервуар C-9011001AX;Yes;ИСТИНА;ЛОЖЬ;;518;ИСТИНА;Float;4-20mA;-50;100;°C;;;;;280;ЛОЖЬ;33705;;None;None;None;None;;;;;;;;;-XXXXX.X;3.76;21;;18.04;9;3;1;Top scale;;;;ЛОЖЬ;ИСТИНА;ЛОЖЬ;;;;;;;;;;;;;;;;;;;;Output;EPKS_UCB;ESD_912_1;10202
R;C2456_10;;;;;Compiler register (256, 276);;ЛОЖЬ;ЛОЖЬ;;2456;;Float;;;;;0;;;;376;ЛОЖЬ;0;;;;;;;;;;;;;;Undefined;491;3428;;;;;;;;;;ЛОЖЬ;;;;;;;;;;;;;;;;;;;;;;;;;
M;C1516_1_M;;;;;Function block marker;;ЛОЖЬ;ЛОЖЬ;;1516;;;;;;;0;;;;959;ЛОЖЬ;0;;;;;;;;;;;;;;Undefined;;;;;;;;;;;;ЛОЖЬ;ИСТИНА;;;;;;;;;;;;;;;;;;;;;;;;
M;C614_4_B;;;9100;9100;Function block marker;;ЛОЖЬ;ЛОЖЬ;;614;;;;;;;0;;;;2099;ЛОЖЬ;0;;;;;;;;;;;;;;Undefined;;;;;;;;;;;;ЛОЖЬ;ИСТИНА;;;;;;;;;;;;;;;;;;;;;;;;
M;296_358_2;;;9100;;91HA119_I;;ЛОЖЬ;ЛОЖЬ;;358;;;;;;;0;;;;429;ЛОЖЬ;0;;;;;;;0=TRIP INITIATOR;;;;;;;Undefined;;;;;;;;;;;;ЛОЖЬ;ИСТИНА;;;;;;;;;;;;;;;;;;;;;;;;
DO;91TAHH990_CA;;COM;901-10;A_90110;CAUSE ALARM;No;ЛОЖЬ;ЛОЖЬ;;306;;;;;;;0;;;;1360;ЛОЖЬ;0;None;;;;;;0=ALARM;;;;;;;Undefined;491;3428;;;;;;;;;;ЛОЖЬ;;;;;;;;;;;;;;;;;;;;;;Output;EPKS_UCB;ESD_912_1;643
T;338_1;;;9100;;;;ЛОЖЬ;ЛОЖЬ;;338;;;;;;;;100 ms;5;;464;ЛОЖЬ;0;;;;;;;;;;;;;;Undefined;;;Delayed OFF with constant timer value;;;;;;;;;ЛОЖЬ;ИСТИНА;;;;;;;;;;;;;;;;;;;;;;;;
DO;91PAH801;;COM;901-10;A_C90111;HI ALARM;No;ЛОЖЬ;ЛОЖЬ;;604;;;;;;;0;;;;1516;ЛОЖЬ;0;None;;;;;;0=ALARM;0=ALARM;;;;;;Undefined;;;;;;;;;;;;ЛОЖЬ;ИСТИНА;;;;;;;;;;;;;;;;;;;;;Output;EPKS_UCB;ESD_912_1;1008
R;2496_A;;;;;INPUT VALUE;;ЛОЖЬ;ЛОЖЬ;;2496;;Float;;;;;0;;;;168;ЛОЖЬ;0;;;;;;;;;;;;;;Undefined;491;3428;;;;;;;;;;ЛОЖЬ;;;;;;;;;;;;;;;;;;;;;;;;;
M;505_1310_2;;;;;91PAL751_PERM;;ЛОЖЬ;ЛОЖЬ;;1310;;;;;;;0;;;;1268;ЛОЖЬ;0;;;;;;;0=ALARM;;;;;;;Undefined;;;;;;;;;;;;ЛОЖЬ;ИСТИНА;;;;;;;;;;;;;;;;;;;;;;;;
M;300_350_2;;;9100;;91TAHH106_I;;ЛОЖЬ;ЛОЖЬ;;350;;;;;;;0;;;;1304;ЛОЖЬ;0;;;;;;;0=TRIP INITIATOR;;;;;;;Undefined;491;3428;;;;;;;;;;ЛОЖЬ;;;;;;;;;;;;;;;;;;;;;;;;;
M;608_7;;;9100;;;;ЛОЖЬ;ЛОЖЬ;;608;;;;;;;0;;;;1716;ЛОЖЬ;0;;;;;;;;;;;;;;Undefined;;;;;;;;;;;;ЛОЖЬ;ИСТИНА;;;;;;;;;;;;;;;;;;;;;;;;
M;C322_1_F;;;9100;9100;Function block marker;;ЛОЖЬ;ЛОЖЬ;;322;;;;;;;0;;;;1364;ЛОЖЬ;0;;;;;;;;;;;;;;Undefined;;;;;;;;;;;;ЛОЖЬ;ИСТИНА;;;;;;;;;;;;;;;;;;;;;;;;
M;306_362_2;;;901-10;;91TAHH990_I;;ЛОЖЬ;ЛОЖЬ;;362;;;;;;;0;;;;1472;ЛОЖЬ;0;;;;;;;0=TRIP INITIATOR;;;;;;;Undefined;491;3428;;;;;;;;;;ЛОЖЬ;;;;;;;;;;;;;;;;;;;;;;;;;
M;604_6;;;9100;;;;ЛОЖЬ;ЛОЖЬ;;604;;;;;;;0;;;;1682;ЛОЖЬ;0;;;;;;;;;;;;;;Undefined;;;;;;;;;;;;ЛОЖЬ;ИСТИНА;;;;;;;;;;;;;;;;;;;;;;;;
DO;91TAHH804_CA;;COM;901-10;A_C90111;CAUSE ALARM;No;ЛОЖЬ;ЛОЖЬ;;614;;;;;;;0;;;;1769;ЛОЖЬ;0;None;;;;;;0=ALARM;;;;;;;Undefined;491;3428;;;;;;;;;;ЛОЖЬ;;;;;;;;;;;;;;;;;;;;;;Output;EPKS_UCB;ESD_912_1;635
BO;91LS804_LL;;COM;;;LL TRIP SETPOINT;No;ЛОЖЬ;ЛОЖЬ;;621;;Float;;;;%;0;;;;628;;0;;None;None;None;None;;;;;;;;;-XXXXX.X;;;;;;;;;;;;ЛОЖЬ;ИСТИНА;;;;;;;;;;;;;;;;;;;;;Output;EPKS_UCB;ESD_912_1;10194
T;332_2;;;9100;;;;ЛОЖЬ;ЛОЖЬ;;332;;;;;;;;100 ms;10;;168;ЛОЖЬ;0;;;;;;;;;;;;;;Undefined;491;3428;Pulse retriggerable with constant timer value;;;;;;;;;ЛОЖЬ;;;;;;;;;;;;;;;;;;;;;;;;;
M;C313_1_E;;;;;Function block marker;;ЛОЖЬ;ЛОЖЬ;;313;;;;;;;0;;;;2625;ЛОЖЬ;0;;;;;;;;;;;;;;Undefined;;;;;;;;;;;;ЛОЖЬ;ИСТИНА;;;;;;;;;;;;;;;;;;;;;;;;
DO;91XY070;;FLD;901-10;A_90110;INLET VALVE CTRL 91XV070;Yes;ИСТИНА;ЛОЖЬ;;392;;;;;;;0;;;;41;ИСТИНА;33452;None;;;;;;1=OPEN;;;;;;;Undefined;491;3428;;18.05;7;2;1;Appl;;;;ЛОЖЬ;;;;;;;;;;;;;;;;;;;;;;Output;EPKS_UCB;ESD_912_1;740
M;C354_4_D;;;9100;9100;Function block marker;;ЛОЖЬ;ЛОЖЬ;;354;;;;;;;0;;;;1922;ЛОЖЬ;0;;;;;;;;;;;;;;Undefined;491;3428;;;;;;;;;;ЛОЖЬ;;;;;;;;;;;;;;;;;;;;;;;;;
M;508_186_1;;;901-10;;91PT779;;ЛОЖЬ;ЛОЖЬ;;186;;;;;;;0;;;;1815;ЛОЖЬ;0;;;;;;;1=MO CONFIRMED;;;;;;;Undefined;491;3428;;;;;;;;;;ЛОЖЬ;;;;;;;;;;;;;;;;;;;;;;;;;
DI;91VSHH801_MOR;;COM;901-10;A_C90111;MO REQUEST;No;ЛОЖЬ;ИСТИНА;;635;;;;;;;0;;;;2218;ЛОЖЬ;0;None;;;;;;1=REQUEST;1=REQUEST;;;;;;Undefined;;;;;;;;Freeze;;;;ЛОЖЬ;ИСТИНА;;;ЛОЖЬ;View only;;;;;;;;;;;;;;;;;Input;EPKS_UCB;ESD_912_1;13
T;16_1;;;862-34;;;;ЛОЖЬ;ЛОЖЬ;;16;;;;;;;;100 ms;30;;64;ЛОЖЬ;0;;;;;;;;;;;;;;Undefined;;;Delayed OFF with constant timer value;;;;;;;;;ЛОЖЬ;ИСТИНА;;;;;;;;;;;;;;;;;;;;;;;;
DO;91PALL774_FU;;COM;901-10;A_C90111;C9011001AX CARTER OIL;No;ИСТИНА;ЛОЖЬ;;1502;;;;;;;0;;;;805;ИСТИНА;34103;None;;;;;;1=FIRST;;;;;;;Undefined;;;;;;;;;;;;ЛОЖЬ;ИСТИНА;;;;;;;;;;;;;;;;;;;;;Output;EPKS_UCB;ESD_912_1;809
T;348_3;;;9100;;;;ЛОЖЬ;ЛОЖЬ;;348;;;;;;;;100 ms;10;;900;ЛОЖЬ;0;;;;;;;;;;;;;;Undefined;;;Delayed OFF with constant timer value;;;;;;;;;ЛОЖЬ;ИСТИНА;;;;;;;;;;;;;;;;;;;;;;;;
DO;91XY041;;MCC;901-10;A_90110;AUTO CLOSURE 91XV041;Yes;ИСТИНА;ЛОЖЬ;;412;;;;;;;0;;;;92;ЛОЖЬ;33453;None;;;;;;1=CLOSE;;;;;;;Undefined;491;3428;;18.06;1;5;1;Appl;;;;ЛОЖЬ;;;;;;;;;;;;;;;;;;;;;;;;;
R;C2456_5;;;;;Compiler register (288, 144);;ЛОЖЬ;ЛОЖЬ;;2456;;Float;;;;;0;;;;356;ЛОЖЬ;0;;;;;;;;;;;;;;Undefined;491;3428;;;;;;;;;;ЛОЖЬ;;;;;;;;;;;;;;;;;;;;;;;;;
M;1520_2;;;;C9011001;;;ЛОЖЬ;ЛОЖЬ;;1520;;;;;;;0;;;;849;ЛОЖЬ;0;;;;;;;;;;;;;;Undefined;;;;;;;;;;;;ЛОЖЬ;ИСТИНА;;;;;;;;;;;;;;;;;;;;;;;;
R;335_334_1;;;9100;;91LI047;;ЛОЖЬ;ЛОЖЬ;;334;;Float;;;;;0;;;;60;ЛОЖЬ;0;;;;;;;;;;;;;;Undefined;;;;;;;;;;;;ЛОЖЬ;ИСТИНА;;;;;;;;;;;;;;;;;;;;;;;;
DI;91PI076_MOR;;COM;901-10;A_90110;MO REQUEST;No;ЛОЖЬ;ИСТИНА;;314;;;;;;;0;;;;2214;ЛОЖЬ;0;None;;;;;;1=REQUEST;;;;;;;Undefined;491;3428;;;;;;Freeze;;;;ЛОЖЬ;;;;ЛОЖЬ;;;;;;;;;;;;;;;;;;Input;EPKS_UCB;ESD_912_1;71
DO;91HA801A_PA;;COM;9100;;1oo2 PREALARM;No;ИСТИНА;ЛОЖЬ;;624;;;;;;;0;;;;2055;ЛОЖЬ;34026;None;;;;;;0=ALARM;0=ALARM;;;;;;Undefined;;;;;;;;;;;;ЛОЖЬ;ИСТИНА;;;;;;;;;;;;;;;;;;;;;Output;EPKS_UCB;ESD_912_1;1026
M;506_188_1;;;901-10;;91PT752;;ЛОЖЬ;ЛОЖЬ;;188;;;;;;;0;;;;1275;ЛОЖЬ;0;;;;;;;1=MO CONFIRMED;;;;;;;Undefined;491;3428;;;;;;;;;;ЛОЖЬ;;;;;;;;;;;;;;;;;;;;;;;;;
M;C315_2_G;;;;;Function block marker;;ЛОЖЬ;ЛОЖЬ;;315;;;;;;;0;;;;2673;ЛОЖЬ;0;;;;;;;;;;;;;;Undefined;;;;;;;;;;;;ЛОЖЬ;ИСТИНА;;;;;;;;;;;;;;;;;;;;;;;;
AI;91FI030A;;FLD;901-10;A_C90111;Расход. Охл. вода 1 сист. к маслосистеме С-9011001SX;Yes;ИСТИНА;ЛОЖЬ;;352;ИСТИНА;Float;4-20mA;0;630;кг/ч;;;;;324;ЛОЖЬ;33698;;None;None;None;None;;;;;;;;;-XXXXX.X;3.64;22;;18.04;9;14;1;Bottom scale;;;;ЛОЖЬ;ИСТИНА;ЛОЖЬ;;;;;;;;;;;;;;;;;;;;Output;EPKS_UCB;ESD_912_1;10210
M;C298_3_C;;;9100;9100;Function block marker;;ЛОЖЬ;ЛОЖЬ;;298;;;;;;;0;;;;2141;ЛОЖЬ;0;;;;;;;;;;;;;;Undefined;;;;;;;;;;;;ЛОЖЬ;ИСТИНА;;;;;;;;;;;;;;;;;;;;;;;;
T;504_4;;;9100;;;;ЛОЖЬ;ЛОЖЬ;;504;;;;;;;;100 ms;5;;96;ЛОЖЬ;0;;;;;;;;;;;;;;Undefined;;;Delayed OFF with constant timer value;;;;;;;;;ЛОЖЬ;ИСТИНА;;;;;;;;;;;;;;;;;;;;;;;;
M;1508_2;;;;C9011001;;;ЛОЖЬ;ЛОЖЬ;;1508;;;;;;;0;;;;66;ЛОЖЬ;0;;;;;;;;;;;;;;Undefined;;;;;;;;;;;;ЛОЖЬ;ИСТИНА;;;;;;;;;;;;;;;;;;;;;;;;
M;308_430_2;;;9100;;91TAHH993_I;;ЛОЖЬ;ЛОЖЬ;;430;;;;;;;0;;;;1365;ЛОЖЬ;0;;;;;;;0=TRIP INITIATOR;;;;;;;Undefined;491;3428;;;;;;;;;;ЛОЖЬ;;;;;;;;;;;;;;;;;;;;;;;;;
T;598_2;;;9100;;;;ЛОЖЬ;ЛОЖЬ;;598;;;;;;;;100 ms;5;;832;ЛОЖЬ;0;;;;;;;;;;;;;;Undefined;;;Delayed OFF with constant timer value;;;;;;;;;ЛОЖЬ;ИСТИНА;;;;;;;;;;;;;;;;;;;;;;;;
M;327_326_2;;;9100;;91LT057_F;;ЛОЖЬ;ЛОЖЬ;;326;;;;;;;0;;;;2048;ЛОЖЬ;0;;;;;;;1=FAULT;;;;;;;Undefined;;;;;;;;;;;;ЛОЖЬ;ИСТИНА;;;;;;;;;;;;;;;;;;;;;;;;
DO;91TAH801;;COM;901-10;A_C90111;HI ALARM;No;ЛОЖЬ;ЛОЖЬ;;612;;;;;;;0;;;;1543;ЛОЖЬ;0;None;;;;;;0=ALARM;0=ALARM;;;;;;Undefined;;;;;;;;;;;;ЛОЖЬ;ИСТИНА;;;;;;;;;;;;;;;;;;;;;Output;EPKS_UCB;ESD_912_1;1016
DO;91PALL802_FU;;COM;901-10;A_C90111;C9011001SX GAS PRS;No;ИСТИНА;ЛОЖЬ;;1514;;;;;;;0;;;;908;ИСТИНА;34126;None;;;;;;1=FIRST;;;;;;;Undefined;;;;;;;;;;;;ЛОЖЬ;ИСТИНА;;;;;;;;;;;;;;;;;;;;;Output;EPKS_UCB;ESD_912_1;832
DO;91XY403;;FLD;901-05;A_P90110;PUMP CONTROL P-9010501A;Yes;ИСТИНА;ЛОЖЬ;;242;;;;;;;0;;;;51;ИСТИНА;33454;None;;;;;;0=TRIP;;;;;;;Undefined;491;3428;;18.05;9;4;1;Appl;;;;ЛОЖЬ;;;;;;;;;;;;;;;;;;;;;;Output;EPKS_UCB;ESD_912_1;746
M;335_448_2;;;9100;;91LALL064_I;;ЛОЖЬ;ЛОЖЬ;;448;;;;;;;0;;;;2561;ЛОЖЬ;0;;;;;;;0=TRIP INITIATOR;;;;;;;Undefined;;;;;;;;;;;;ЛОЖЬ;ИСТИНА;;;;;;;;;;;;;;;;;;;;;;;;
M;C326_1_G;;;9100;9100;Function block marker;;ЛОЖЬ;ЛОЖЬ;;326;;;;;;;0;;;;1307;ЛОЖЬ;0;;;;;;;;;;;;;;Undefined;;;;;;;;;;;;ЛОЖЬ;ИСТИНА;;;;;;;;;;;;;;;;;;;;;;;;
M;C618_2_B;;;9100;9100;Function block marker;;ЛОЖЬ;ЛОЖЬ;;618;;;;;;;0;;;;477;ЛОЖЬ;0;;;;;;;;;;;;;;Undefined;491;3428;;;;;;;;;;ЛОЖЬ;;;;;;;;;;;;;;;;;;;;;;;;;
M;C600_1_F;;;9100;9100;Function block marker;;ЛОЖЬ;ЛОЖЬ;;600;;;;;;;0;;;;2849;ЛОЖЬ;0;;;;;;;;;;;;;;Undefined;;;;;;;;;;;;ЛОЖЬ;ИСТИНА;;;;;;;;;;;;;;;;;;;;;;;;
DO;91XY092;;FLD;901-10;A_90110;INLET VALVE CTRL 91XV092;Yes;ИСТИНА;ЛОЖЬ;;402;;;;;;;0;;;;50;ИСТИНА;33455;None;;;;;;1=OPEN;;;;;;;Undefined;491;3428;;18.05;9;3;1;Appl;;;;ЛОЖЬ;;;;;;;;;;;;;;;;;;;;;;Output;EPKS_UCB;ESD_912_1;745
T;516_1;;;9100;;;;ЛОЖЬ;ЛОЖЬ;;516;;;;;;;;100 ms;5;;132;ЛОЖЬ;0;;;;;;;;;;;;;;Undefined;;;Delayed OFF with constant timer value;;;;;;;;;ЛОЖЬ;ИСТИНА;;;;;;;;;;;;;;;;;;;;;;;;
M;1504_1506_1;;;;C9011001;FIRST OUT SEQUENCE;;ЛОЖЬ;ЛОЖЬ;;1506;;;;;;;0;;;;795;ЛОЖЬ;0;;;;;;;1=FU ALARM;;;;;;;Undefined;;;;;;;;;;;;ЛОЖЬ;ИСТИНА;;;;;;;;;;;;;;;;;;;;;;;;
M;321_322_2;;;9100;;91LT052_F;;ЛОЖЬ;ЛОЖЬ;;322;;;;;;;0;;;;1906;ЛОЖЬ;0;;;;;;;1=FAULT;;;;;;;Undefined;;;;;;;;;;;;ЛОЖЬ;ИСТИНА;;;;;;;;;;;;;;;;;;;;;;;;
DO;91LAHH076_CA;;COM;901-10;;CAUSE ALARM;No;ЛОЖЬ;ЛОЖЬ;;340;;;;;;;0;;;;1104;ЛОЖЬ;0;None;;;;;;0=ALARM;0=ALARM;;;;;;Undefined;;;;;;;;;;;;ЛОЖЬ;ИСТИНА;;;;;;;;;;;;;;;;;;;;;Output;EPKS_UCB;ESD_912_1;892
M;C348_1_F;;;9100;9100;Function block marker;;ЛОЖЬ;ЛОЖЬ;;348;;;;;;;0;;;;1212;ЛОЖЬ;0;;;;;;;;;;;;;;Undefined;;;;;;;;;;;;ЛОЖЬ;ИСТИНА;;;;;;;;;;;;;;;;;;;;;;;;
M;521_534_1;;;9100;;91LALL754_I;;ЛОЖЬ;ЛОЖЬ;;534;;;;;;;0;;;;2748;ЛОЖЬ;0;;;;;;;0=TRIP;;;;;;;Undefined;;;;;;;;;;;;ЛОЖЬ;ИСТИНА;;;;;;;;;;;;;;;;;;;;;;;;
BO;IB912_ESD1_SECOND;;COM;;;SECOND;No;ЛОЖЬ;ЛОЖЬ;;19;;Byte;;;;;0;;;;30;;0;;None;None;None;None;;;;;;;;;-XXXXX.X;;;;;;;;;;;;ЛОЖЬ;ИСТИНА;;;;;;;;;;;;;;;;;;;;;Output;EPKS_UCB;ESD_912_1;10190
AI;91PI084;;FLD;901-10;A_90110;LIQUID NH3 TO V-9011001C;Yes;ИСТИНА;ЛОЖЬ;;318;ИСТИНА;Float;4-20mA;0;2.5;MPa-g;;;;;136;ЛОЖЬ;33462;;None;None;None;None;;;;-0.625;-0.625;;;;-XXXXX.X;3.64;22;;18.04;5;1;1;Top scale;;;;ЛОЖЬ;;ЛОЖЬ;;;;;;;;;;;;;;;;;;;;Output;EPKS_UCB;ESD_912_1;10089
DI;91LI066_MOR;;COM;901-10;A_90110;MO REQUEST;No;ЛОЖЬ;ИСТИНА;;336;;;;;;;0;;;;2199;ЛОЖЬ;0;None;;;;;;1=REQUEST;;;;;;;Undefined;491;3428;;;;;;Freeze;;;;ЛОЖЬ;;;;ЛОЖЬ;;;;;;;;;;;;;;;;;;Input;EPKS_UCB;ESD_912_1;56
M;1500_8;;;;C9011001;;;ЛОЖЬ;ЛОЖЬ;;1500;;;;;;;0;;;;42;ЛОЖЬ;0;;;;;;;;;;;;;;Undefined;;;;;;;;;;;;ЛОЖЬ;ИСТИНА;;;;;;;;;;;;;;;;;;;;;;;;
M;2480_1;;;;;;;ЛОЖЬ;ЛОЖЬ;;2480;;;;;;;0;;;;1218;ЛОЖЬ;0;;;;;;;;;;;;;;Undefined;491;3428;;;;;;;;;;ЛОЖЬ;;;;;;;;;;;;;;;;;;;;;;;;;
DI;91HS068B;;COM;901-10;A_90110;91XV068 CLOSE;No;ЛОЖЬ;ИСТИНА;;388;;;;;;;0;;;;2183;ЛОЖЬ;0;None;;;;;;1=CLOSE (MOM);;;;;;;Undefined;;;;;;;;Low;;;;ЛОЖЬ;ИСТИНА;;;ЛОЖЬ;;;;;;;;;;;;;;;;;;Input;EPKS_UCB;ESD_912_1;142
M;354_184_1;;;901-10;;91FT031B;;ЛОЖЬ;ЛОЖЬ;;184;;;;;;;0;;;;1406;ЛОЖЬ;0;;;;;;;1=MO CONFIRMED;;;;;;;Undefined;491;3428;;;;;;;;;;ЛОЖЬ;;;;;;;;;;;;;;;;;;;;;;;;;
M;C327_1_E;;;;;Function block marker;;ЛОЖЬ;ЛОЖЬ;;327;;;;;;;0;;;;2053;ЛОЖЬ;0;;;;;;;;;;;;;;Undefined;;;;;;;;;;;;ЛОЖЬ;ИСТИНА;;;;;;;;;;;;;;;;;;;;;;;;
M;534_1504_1;;;9100;;91VAHH752_I;;ЛОЖЬ;ЛОЖЬ;;1504;;;;;;;0;;;;89;ЛОЖЬ;0;;;;;;;0=TRIP;;;;;;;Undefined;;;;;;;;;;;;ЛОЖЬ;ИСТИНА;;;;;;;;;;;;;;;;;;;;;;;;
DI;91HS066B;;COM;901-10;A_90110;91XV066B CLOSE;No;ЛОЖЬ;ИСТИНА;;384;;;;;;;0;;;;2181;ЛОЖЬ;0;None;;;;;;1=CLOSE (MOM);;;;;;;Undefined;;;;;;;;Low;;;;ЛОЖЬ;ИСТИНА;;;ЛОЖЬ;;;;;;;;;;;;;;;;;;Input;EPKS_UCB;ESD_912_1;138
DI;91TI802_MOR;;COM;901-10;A_C90111;MO REQUEST;No;ЛОЖЬ;ИСТИНА;;612;;;;;;;0;;;;2235;ЛОЖЬ;0;None;;;;;;1=REQUEST;;;;;;;Undefined;491;3428;;;;;;Freeze;;;;ЛОЖЬ;;;;ЛОЖЬ;;;;;;;;;;;;;;;;;;Input;EPKS_UCB;ESD_912_1;92
DO;91XY063;;MCC;901-10;A_90110;AUTO CLOSURE 91XV063;Yes;ИСТИНА;ЛОЖЬ;;432;;;;;;;0;;;;110;ЛОЖЬ;33696;None;;;;;;1=CLOSE;;;;;;;Undefined;491;3428;;18.06;3;7;1;Appl;;;;ЛОЖЬ;;;;;;;;;;;;;;;;;;;;;;;;;
M;C506_5_E;;;9100;9100;Function block marker;;ЛОЖЬ;ЛОЖЬ;;506;;;;;;;0;;;;2878;ЛОЖЬ;0;;;;;;;;;;;;;;Undefined;;;;;;;;;;;;ЛОЖЬ;ИСТИНА;;;;;;;;;;;;;;;;;;;;;;;;
M;2460_H;;;;;0=CMD_DISAGREE;;ЛОЖЬ;ЛОЖЬ;;2460;;;;;;;0;;;;150;ЛОЖЬ;0;;;;;;;;;;;;;;Undefined;491;3428;;;;;;;;;;ЛОЖЬ;;;;;;;;;;;;;;;;;;;;;;;;;
AI;91PDI804;;FLD;901-10;A_C90111;C9011001SX TECH GAS DIFF;Yes;ИСТИНА;ЛОЖЬ;;602;ИСТИНА;Float;4-20mA;0;1;MPa;;;;;88;ЛОЖЬ;33956;;None;None;None;None;;;;-0.25;-0.25;;;;-XXXXX.X;3.64;22;;18.04;3;6;1;Top scale;;;;ЛОЖЬ;;ЛОЖЬ;;;;;;;;;;;;;;;;;;;;Output;EPKS_UCB;ESD_912_1;10083
AI;91PDI754;;FLD;901-10;A_C90111;C9011001AX TECH GAS DIFF;Yes;ИСТИНА;ЛОЖЬ;;502;ИСТИНА;Float;4-20mA;0;1;MPa;;;;;20;ЛОЖЬ;33957;;None;None;None;None;;;;-0.25;-0.25;;;;-XXXXX.X;3.64;22;;18.04;1;6;1;Top scale;;;;ЛОЖЬ;;ЛОЖЬ;;;;;;;;;;;;;;;;;;;;Output;EPKS_UCB;ESD_912_1;10082
M;636_8;;;9100;;;;ЛОЖЬ;ЛОЖЬ;;636;;;;;;;0;;;;620;ЛОЖЬ;0;;;;;;;;;;;;;;Undefined;491;3428;;;;;;;;;;ЛОЖЬ;;;;;;;;;;;;;;;;;;;;;;;;;
AI;91TI993;;FLD;901-10;A_P90110;SEALED SHELL P9011001AX;Yes;ИСТИНА;ЛОЖЬ;;308;ИСТИНА;Float;4-20mA;-50;120;°C;;;;;56;ЛОЖЬ;33958;;None;None;None;None;;;;-92.5;-92.5;;;;-XXXXX.X;3.76;21;;18.04;1;15;1;Bottom scale;;;;ЛОЖЬ;;ЛОЖЬ;;;;;;;;;;;;;;;;;;;;Output;EPKS_UCB;ESD_912_1;10113
M;318_319_1;;;;;91PT084;;ЛОЖЬ;ЛОЖЬ;;319;;;;;;;0;;;;2682;ЛОЖЬ;0;;;;;;;1=MO CONFIRMED;;;;;;;Undefined;;;;;;;;;;;;ЛОЖЬ;ИСТИНА;;;;;;;;;;;;;;;;;;;;;;;;
DO;91XY066_O_ESD;;COM;901-10;A_90110;91XY066 ESD TRIP;No;ЛОЖЬ;ЛОЖЬ;;384;;;;;;;0;;;;1075;ЛОЖЬ;0;None;;;;;;1=TRIP;;;;;;;Undefined;;;;;;;;;;;;ЛОЖЬ;ИСТИНА;;;;;;;;;;;;;;;;;;;;;Output;EPKS_UCB;ESD_912_1;865
T;614_3;;;9100;;;;ЛОЖЬ;ЛОЖЬ;;614;;;;;;;;100 ms;5;;216;ЛОЖЬ;0;;;;;;;;;;;;;;Undefined;;;Delayed OFF with constant timer value;;;;;;;;;ЛОЖЬ;ИСТИНА;;;;;;;;;;;;;;;;;;;;;;;;
M;C612_5_E;;;9100;9100;Function block marker;;ЛОЖЬ;ЛОЖЬ;;612;;;;;;;0;;;;2589;ЛОЖЬ;0;;;;;;;;;;;;;;Undefined;;;;;;;;;;;;ЛОЖЬ;ИСТИНА;;;;;;;;;;;;;;;;;;;;;;;;
M;C510_3_G;;;9100;9100;Function block marker;;ЛОЖЬ;ЛОЖЬ;;510;;;;;;;0;;;;2872;ЛОЖЬ;0;;;;;;;;;;;;;;Undefined;;;;;;;;;;;;ЛОЖЬ;ИСТИНА;;;;;;;;;;;;;;;;;;;;;;;;
R;2495_A;;;;;NUMERATOR;;ЛОЖЬ;ЛОЖЬ;;2495;;Float;;;;;0;;;;312;ЛОЖЬ;0;;;;;;;;;;;;;;Undefined;491;3428;;;;;;;;;;ЛОЖЬ;;;;;;;;;;;;;;;;;;;;;;;;;
M;315_314_3;;;9100;;91PI075_F;;ЛОЖЬ;ЛОЖЬ;;314;;;;;;;0;;;;2643;ЛОЖЬ;0;;;;;;;1=FAULT;;;;;;;Undefined;;;;;;;;;;;;ЛОЖЬ;ИСТИНА;;;;;;;;;;;;;;;;;;;;;;;;
DI;18-TempL_Alarm;;SYS;;;TEMP LOW ALARM;Yes;ЛОЖЬ;;;18;;;;;;;;;;;4;ЛОЖЬ;0;None;;;;;;;;;;;;;Undefined;491;3428;;;;;;;;;;ЛОЖЬ;;;;ЛОЖЬ;;;;;;;;;;;;;;;;;;;;;
M;C534_1_B;;;9100;9100;Compiler marker;;ЛОЖЬ;ЛОЖЬ;;534;;;;;;;0;;;;1054;ЛОЖЬ;0;;;;;;;;;;;;;;Undefined;;;;;;;;;;;;ЛОЖЬ;ИСТИНА;;;;;;;;;;;;;;;;;;;;;;;;
T;624_2;;;901-10;;;;ЛОЖЬ;ЛОЖЬ;;624;;;;;;;;100 ms;20;;356;ЛОЖЬ;0;;;;;;;;;;;;;;Undefined;491;3428;Pulse with constant timer value;;;;;;;;;ЛОЖЬ;;;;;;;;;;;;;;;;;;;;;;;;;
M;C1502_1_M;;;;;Function block marker;;ЛОЖЬ;ЛОЖЬ;;1502;;;;;;;0;;;;995;ЛОЖЬ;0;;;;;;;;;;;;;;Undefined;;;;;;;;;;;;ЛОЖЬ;ИСТИНА;;;;;;;;;;;;;;;;;;;;;;;;
DO;91HS765B_B1_IN_P;;COM;901-10;A_90110;CAP CTRL BIT 1;No;ИСТИНА;ЛОЖЬ;;528;;;;;;;0;;;;193;ЛОЖЬ;34023;None;;;;;;1=ACTIVE;;;;;;;Undefined;491;3428;;;;;;;;;;ЛОЖЬ;;;;;;;;;;;;;;;;;;Output;CC_UCB_1;ESD_912_1;97;;;;
T;626_2;;;901-10;;;;ЛОЖЬ;ЛОЖЬ;;626;;;;;;;;1 s;180;;20;ЛОЖЬ;0;;;;;;;;;;;;;;Undefined;491;3428;Delayed ON with constant timer value;;;;;;;;;ЛОЖЬ;;;;;;;;;;;;;;;;;;;;;;;;;
BO;91PI755_H;;COM;901-10;A_C90111;HI ALARM SETPOINT;No;ЛОЖЬ;ЛОЖЬ;;506;;Float;;;;;0;;;;788;;0;;None;None;None;None;;;;;;;;;-XXXXX.X;;;;;;;;;;;;ЛОЖЬ;ИСТИНА;;;;;;;;;;;;;;;;;;;;;Output;EPKS_UCB;ESD_912_1;10243
M;1516_3;;;;C9011001;;;ЛОЖЬ;ЛОЖЬ;;1516;;;;;;;0;;;;838;ЛОЖЬ;0;;;;;;;;;;;;;;Undefined;;;;;;;;;;;;ЛОЖЬ;ИСТИНА;;;;;;;;;;;;;;;;;;;;;;;;
M;C390_1;;;901-10;;Compiler marker (304, 90);;ЛОЖЬ;ЛОЖЬ;;390;;;;;;;0;;;;1844;ЛОЖЬ;0;;;;;;;;;;;;;;Undefined;491;3428;;;;;;;;;;ЛОЖЬ;;;;;;;;;;;;;;;;;;;;;;;;;
DI;91HS850_EN;;FSC;901-05;A_90105;ESD MOS EN A 901-05;No;ЛОЖЬ;ЛОЖЬ;;167;;;;;;;0;;;;241;ЛОЖЬ;0;None;;;;;;1=ENABLED;;;;;;;Undefined;491;3428;;;;;;Freeze;;;;ЛОЖЬ;;;;ЛОЖЬ;;Input;ESD_002_1;ESD_912_1;1;;;;;;;;;;;;;;;;
DO;91TAHH106;;COM;901-10;A_C90111;AMM C9011001AX;No;ИСТИНА;ЛОЖЬ;;300;;;;;;;0;;;;1299;ИСТИНА;33782;None;;;;;;0=TRIP;;;;;;;Undefined;491;3428;;;;;;;;;;ЛОЖЬ;;;;;;;;;;;;;;;;;;;;;;Output;EPKS_UCB;ESD_912_1;620
M;C334_1_F;;;9100;9100;Function block marker;;ЛОЖЬ;ЛОЖЬ;;334;;;;;;;0;;;;2572;ЛОЖЬ;0;;;;;;;;;;;;;;Undefined;;;;;;;;;;;;ЛОЖЬ;ИСТИНА;;;;;;;;;;;;;;;;;;;;;;;;
DO;91TAHH752_CA;;COM;901-10;A_C90111;CAUSE ALARM;No;ЛОЖЬ;ЛОЖЬ;;512;;;;;;;0;;;;1836;ЛОЖЬ;0;None;;;;;;0=ALARM;;;;;;;Undefined;491;3428;;;;;;;;;;ЛОЖЬ;;;;;;;;;;;;;;;;;;;;;;Output;EPKS_UCB;ESD_912_1;625
M;386_3;;;9100;;;;ЛОЖЬ;ЛОЖЬ;;386;;;;;;;0;;;;773;ЛОЖЬ;0;;;;;;;;;;;;;;Undefined;491;3428;;;;;;;;;;ЛОЖЬ;;;;;;;;;;;;;;;;;;;;;;;;;
BO;91PI752_HH;;COM;901-10;A_C90111;HH TRIP SETPOINT;No;ЛОЖЬ;ЛОЖЬ;;504;;Float;;;;;0;;;;500;;0;;;;;;;;;0;0;;;;-XXXXX.X;491;3428;;;;;;;;;;ЛОЖЬ;;;;;;;;;;;;;;;;;;;;;;Output;EPKS_UCB;ESD_912_1;10161
T;502_2;;;9100;;;;ЛОЖЬ;ЛОЖЬ;;502;;;;;;;;100 ms;5;;68;ЛОЖЬ;0;;;;;;;;;;;;;;Undefined;;;Delayed OFF with constant timer value;;;;;;;;;ЛОЖЬ;ИСТИНА;;;;;;;;;;;;;;;;;;;;;;;;
DO;91XY072_ESD;;COM;901-10;A_90110;91XY072 ESD TRIP;No;ЛОЖЬ;ЛОЖЬ;;396;;;;;;;0;;;;1070;ЛОЖЬ;0;None;;;;;;0=TRIP;;;;;;;Undefined;;;;;;;;;;;;ЛОЖЬ;ИСТИНА;;;;;;;;;;;;;;;;;;;;;Output;EPKS_UCB;ESD_912_1;873
M;C328_4_E;;;9100;9100;Function block marker;;ЛОЖЬ;ЛОЖЬ;;328;;;;;;;0;;;;2034;ЛОЖЬ;0;;;;;;;;;;;;;;Undefined;491;3428;;;;;;;;;;ЛОЖЬ;;;;;;;;;;;;;;;;;;;;;;;;;
M;C624_1;;;9100;9100;Compiler marker (352, 199);;ЛОЖЬ;ЛОЖЬ;;624;;;;;;;0;;;;582;ЛОЖЬ;0;;;;;;;;;;;;;;Undefined;491;3428;;;;;;;;;;ЛОЖЬ;;;;;;;;;;;;;;;;;;;;;;;;;
M;1516_2;;;;C9011001;;;ЛОЖЬ;ЛОЖЬ;;1516;;;;;;;0;;;;837;ЛОЖЬ;0;;;;;;;;;;;;;;Undefined;;;;;;;;;;;;ЛОЖЬ;ИСТИНА;;;;;;;;;;;;;;;;;;;;;;;;
M;500_3;;;901-10;;;;ЛОЖЬ;ЛОЖЬ;;500;;;;;;;0;;;;374;ЛОЖЬ;0;;;;;;;;;;;;;;Undefined;491;3428;;;;;;;;;;ЛОЖЬ;;;;;;;;;;;;;;;;;;;;;;;;;
M;C524_2_D;;;9100;9100;Function block marker;;ЛОЖЬ;ЛОЖЬ;;524;;;;;;;0;;;;2863;ЛОЖЬ;0;;;;;;;;;;;;;;Undefined;;;;;;;;;;;;ЛОЖЬ;ИСТИНА;;;;;;;;;;;;;;;;;;;;;;;;
M;C524_2_C;;;9100;9100;Function block marker;;ЛОЖЬ;ЛОЖЬ;;524;;;;;;;0;;;;2862;ЛОЖЬ;0;;;;;;;;;;;;;;Undefined;;;;;;;;;;;;ЛОЖЬ;ИСТИНА;;;;;;;;;;;;;;;;;;;;;;;;
DI;91LI055_MOR;;COM;901-10;A_90110;MO REQUEST;No;ЛОЖЬ;ИСТИНА;;324;;;;;;;0;;;;2194;ЛОЖЬ;0;None;;;;;;1=REQUEST;;;;;;;Undefined;491;3428;;;;;;Freeze;;;;ЛОЖЬ;;;;ЛОЖЬ;;;;;;;;;;;;;;;;;;Input;EPKS_UCB;ESD_912_1;51
M;C298_4_F;;;9100;9100;Function block marker;;ЛОЖЬ;ЛОЖЬ;;298;;;;;;;0;;;;2139;ЛОЖЬ;0;;;;;;;;;;;;;;Undefined;;;;;;;;;;;;ЛОЖЬ;ИСТИНА;;;;;;;;;;;;;;;;;;;;;;;;
M;C521_3_B;;;;;Function block marker;;ЛОЖЬ;ЛОЖЬ;;521;;;;;;;0;;;;2767;ЛОЖЬ;0;;;;;;;;;;;;;;Undefined;;;;;;;;;;;;ЛОЖЬ;ИСТИНА;;;;;;;;;;;;;;;;;;;;;;;;
BO;91TI108_HH;;COM;901-10;A_C90111;HH TRIP SETPOINT (°C);No;ИСТИНА;ЛОЖЬ;;302;;Float;;;;;0;;;;428;;34025;;;;;;;;;0;0;;;;-XXXXX.X;491;3428;;;;;;;;;;ЛОЖЬ;;;;;;;;;;;;;;;;;;;;;;Output;EPKS_UCB;ESD_912_1;10173
M;601_636_1;;;9100;;91LAL801_C;;ЛОЖЬ;ЛОЖЬ;;636;;;;;;;0;;;;1983;ЛОЖЬ;0;;;;;;;0=ALARM;;;;;;;Undefined;;;;;;;;;;;;ЛОЖЬ;ИСТИНА;;;;;;;;;;;;;;;;;;;;;;;;
DO;91XY098_C;;COM;9100;;AUTO CLOSURE 91XV098;No;ИСТИНА;ЛОЖЬ;;464;;;;;;;0;;;;649;ИСТИНА;33712;None;;;;;;0=CLOSE;;;;;;;Undefined;491;3428;;;;;;;;;;ЛОЖЬ;;;;;;;;;;;;;;;;;;;;;;Output;EPKS_UCB;ESD_912_1;796
T;596_2;;;9100;;;;ЛОЖЬ;ЛОЖЬ;;596;;;;;;;;100 ms;5;;800;ЛОЖЬ;0;;;;;;;;;;;;;;Undefined;;;Delayed OFF with constant timer value;;;;;;;;;ЛОЖЬ;ИСТИНА;;;;;;;;;;;;;;;;;;;;;;;;
DO;91TI993_MOC;;COM;901-10;A_90110;MO CONFIRMED;No;ИСТИНА;ЛОЖЬ;;308;;;;;;;0;;;;1368;ИСТИНА;33784;None;;;;;;1=CONFIRMED;;;;;;;Undefined;491;3428;;;;;;;;;;ЛОЖЬ;;;;;;;;;;;;;;;;;;;;;;Output;EPKS_UCB;ESD_912_1;671
M;C536_3_C;;;9100;9100;Function block marker;;ЛОЖЬ;ЛОЖЬ;;536;;;;;;;0;;;;610;ЛОЖЬ;0;;;;;;;;;;;;;;Undefined;491;3428;;;;;;;;;;ЛОЖЬ;;;;;;;;;;;;;;;;;;;;;;;;;
DO;91PAHH802_CA;;COM;901-10;A_C90111;CAUSE ALARM;No;ЛОЖЬ;ЛОЖЬ;;604;;;;;;;0;;;;1955;ЛОЖЬ;0;None;;;;;;0=ALARM;;;;;;;Undefined;491;3428;;;;;;;;;;ЛОЖЬ;;;;;;;;;;;;;;;;;;;;;;Output;EPKS_UCB;ESD_912_1;547
M;C342_2_C;;;9100;9100;Function block marker;;ЛОЖЬ;ЛОЖЬ;;342;;;;;;;0;;;;1946;ЛОЖЬ;0;;;;;;;;;;;;;;Undefined;491;3428;;;;;;;;;;ЛОЖЬ;;;;;;;;;;;;;;;;;;;;;;;;;
M;C2375_2;;;;;Compiler marker (264, 102);;ЛОЖЬ;ЛОЖЬ;;2375;;;;;;;0;;;;432;ЛОЖЬ;0;;;;;;;;;;;;;;Undefined;491;3428;;;;;;;;;;ЛОЖЬ;;;;;;;;;;;;;;;;;;;;;;;;;
DI;18-TempH_Alarm;;SYS;;;TEMP HIGH ALARM;Yes;ЛОЖЬ;;;18;;;;;;;;;;;3;ЛОЖЬ;0;None;;;;;;;;;;;;;Undefined;491;3428;;;;;;;;;;ЛОЖЬ;;;;ЛОЖЬ;;;;;;;;;;;;;;;;;;;;;
M;C321_3_G;;;9100;9100;Function block marker;;ЛОЖЬ;ЛОЖЬ;;321;;;;;;;0;;;;1985;ЛОЖЬ;0;;;;;;;;;;;;;;Undefined;;;;;;;;;;;;ЛОЖЬ;ИСТИНА;;;;;;;;;;;;;;;;;;;;;;;;
BO;91TI753_H;;COM;901-10;A_C90111;HI ALARM SETPOINT;No;ЛОЖЬ;ЛОЖЬ;;514;;Float;;;;;0;;;;804;;0;;None;None;None;None;;;;;;;;;-XXXXX.X;;;;;;;;;;;;ЛОЖЬ;ИСТИНА;;;;;;;;;;;;;;;;;;;;;Output;EPKS_UCB;ESD_912_1;10247
DO;91PI824_MOC;;COM;901-10;A_C90111;MO CONFIRMED;No;ИСТИНА;ЛОЖЬ;;610;;;;;;;0;;;;2015;ИСТИНА;33786;None;;;;;;1=CONFIRMED;;;;;;;Undefined;491;3428;;;;;;;;;;ЛОЖЬ;;;;;;;;;;;;;;;;;;;;;;Output;EPKS_UCB;ESD_912_1;616
AI;91TI754;;FLD;901-10;A_C90111;C9011001AX TECH GAS CYL1;Yes;ИСТИНА;ЛОЖЬ;;514;ИСТИНА;Float;4-20mA;-50;200;°C;;;;;44;ЛОЖЬ;33959;;None;None;None;None;;;;-112.5;-112.5;;;;-XXXXX.X;3.76;21;;18.04;1;12;1;Top scale;;;;ЛОЖЬ;;ЛОЖЬ;;;;;;;;;;;;;;;;;;;;Output;EPKS_UCB;ESD_912_1;10103
M;171_2375_2;;;;;MOS 901-10 RELEASED;;ЛОЖЬ;ЛОЖЬ;;2375;;;;;;;0;;;;1255;ЛОЖЬ;0;;;;;;;1=RELEASED;;;;;;;Undefined;491;3428;;;;;;;;;;ЛОЖЬ;;;;;;;;;;;;;;;;;;;;;;;;;
DO;91PAHH822;;COM;901-10;A_C90111;C9011001SX GAS;No;ИСТИНА;ЛОЖЬ;;606;;;;;;;0;;;;2006;ИСТИНА;33787;None;;;;;;0=TRIP;;;;;;;Undefined;491;3428;;;;;;;;;;ЛОЖЬ;;;;;;;;;;;;;;;;;;;;;;Output;EPKS_UCB;ESD_912_1;548
M;522_524_1;;;901-10;;COMMON TRIP;;ЛОЖЬ;ЛОЖЬ;;524;;;;;;;0;;;;1903;ЛОЖЬ;0;;;;;;;0=TRIP;;;;;;;Undefined;491;3428;;;;;;;;;;ЛОЖЬ;;;;;;;;;;;;;;;;;;;;;;;;;
DI;91HS119B;;FLD;901-10;A_90110;STOP OF COMPRESSOR LCSA2;Yes;ИСТИНА;ЛОЖЬ;;296;;;;;;;;;;;76;ИСТИНА;33463;None;;;;;;0=TRIP;;;;;;;Undefined;491;3428;;18.03;9;5;1;Low;;;;ЛОЖЬ;;;;ЛОЖЬ;;;;;;;;;;;;;;;;;;Output;EPKS_UCB;ESD_912_1;700
T;337_1;;;;;;;ЛОЖЬ;ЛОЖЬ;;337;;;;;;;;100 ms;5;;708;ЛОЖЬ;0;;;;;;;;;;;;;;Undefined;;;Delayed OFF with constant timer value;;;;;;;;;ЛОЖЬ;ИСТИНА;;;;;;;;;;;;;;;;;;;;;;;;
M;536_10;;;9100;;;;ЛОЖЬ;ЛОЖЬ;;536;;;;;;;0;;;;1032;ЛОЖЬ;0;;;;;;;;;;;;;;Undefined;;;;;;;;;;;;ЛОЖЬ;ИСТИНА;;;;;;;;;;;;;;;;;;;;;;;;
M;1510_1500_1;;;;C9011001;FIRST OUT SEQUENCE;;ЛОЖЬ;ЛОЖЬ;;1500;;;;;;;0;;;;792;ЛОЖЬ;0;;;;;;;1=FU ALARM;;;;;;;Undefined;;;;;;;;;;;;ЛОЖЬ;ИСТИНА;;;;;;;;;;;;;;;;;;;;;;;;
DI;18-ExtComFaultCC8;;SYS;;;EXT COM FAULT COM CH 8;Yes;ЛОЖЬ;;;16;;;;;;;;;;;13;ЛОЖЬ;0;None;;;;;;;;;;;;;Undefined;491;3428;;;;;;;;;;ЛОЖЬ;;;;ЛОЖЬ;;;;;;;;;;;;;;;;;;;;;
DO;91TAHH761_CA;;COM;901-10;A_C90111;CAUSE ALARM;No;ЛОЖЬ;ЛОЖЬ;;518;;;;;;;0;;;;1877;ЛОЖЬ;0;None;;;;;;0=ALARM;;;;;;;Undefined;491;3428;;;;;;;;;;ЛОЖЬ;;;;;;;;;;;;;;;;;;;;;;Output;EPKS_UCB;ESD_912_1;631
M;320_350_2;;;901-10;;91PAHH099_I;;ЛОЖЬ;ЛОЖЬ;;350;;;;;;;0;;;;1338;ЛОЖЬ;0;;;;;;;0=TRIP INITIATOR;;;;;;;Undefined;491;3428;;;;;;;;;;ЛОЖЬ;;;;;;;;;;;;;;;;;;;;;;;;;
DO;91PAHH073;;COM;901-10;A_90110;LIQUID AMM TO V9011001S;No;ИСТИНА;ЛОЖЬ;;312;;;;;;;0;;;;1399;ИСТИНА;33789;None;;;;;;0=TRIP;;;;;;;Undefined;491;3428;;;;;;;;;;ЛОЖЬ;;;;;;;;;;;;;;;;;;;;;;Output;EPKS_UCB;ESD_912_1;532
M;C324_1_F;;;9100;9100;Function block marker;;ЛОЖЬ;ЛОЖЬ;;324;;;;;;;0;;;;1327;ЛОЖЬ;0;;;;;;;;;;;;;;Undefined;;;;;;;;;;;;ЛОЖЬ;ИСТИНА;;;;;;;;;;;;;;;;;;;;;;;;
DI;91HS065A_P;;COM;901-10;A_90110;91XV065 OPEN;No;ИСТИНА;ИСТИНА;;382;;;;;;;0;;;;2161;ЛОЖЬ;33446;None;;;;;;1=OPEN (MOM);;;;;;;Undefined;491;3428;;;;;;Low;;;;ЛОЖЬ;;;;ЛОЖЬ;;;;;;;;;;;;;;;;;;Input;EPKS_UCB;ESD_912_1;135
M;C634_1_B;;;9100;9100;Compiler marker;;ЛОЖЬ;ЛОЖЬ;;634;;;;;;;0;;;;1051;ЛОЖЬ;0;;;;;;;;;;;;;;Undefined;;;;;;;;;;;;ЛОЖЬ;ИСТИНА;;;;;;;;;;;;;;;;;;;;;;;;
M;C2457_1;;;;;Compiler marker (312, 78);;ЛОЖЬ;ЛОЖЬ;;2457;;;;;;;0;;;;1224;ЛОЖЬ;0;;;;;;;;;;;;;;Undefined;491;3428;;;;;;;;;;ЛОЖЬ;;;;;;;;;;;;;;;;;;;;;;;;;
M;352_4;;;901-10;;;;ЛОЖЬ;ЛОЖЬ;;352;;;;;;;0;;;;381;ЛОЖЬ;0;;;;;;;;;;;;;;Undefined;491;3428;;;;;;;;;;ЛОЖЬ;;;;;;;;;;;;;;;;;;;;;;;;;
DO;91LY751;;FLD;901-10;A_C90111;C9011001AX H2O SEP SOL;Yes;ИСТИНА;ЛОЖЬ;;536;;;;;;;0;;;;0;ИСТИНА;33464;None;;;;;;0=CLOSE;;;;;;;Undefined;491;3428;;18.04;13;1;1;Appl;;;;ЛОЖЬ;;;;;;;;;;;;;;;;;;;;;;Output;EPKS_UCB;ESD_912_1;725
BO;91PDI754_HH;;COM;901-10;A_C90111;HH TRIP SETPOINT;No;ЛОЖЬ;ЛОЖЬ;;502;;Float;;;;;0;;;;484;;0;;;;;;;;;0;0;;;;-XXXXX.X;491;3428;;;;;;;;;;ЛОЖЬ;;;;;;;;;;;;;;;;;;;;;;Output;EPKS_UCB;ESD_912_1;10146
DO;91XY040_C;;COM;9100;;AUTO CLOSURE 91XV040;No;ИСТИНА;ЛОЖЬ;;410;;;;;;;0;;;;670;ИСТИНА;33734;None;;;;;;0=CLOSE;;;;;;;Undefined;491;3428;;;;;;;;;;ЛОЖЬ;;;;;;;;;;;;;;;;;;;;;;Output;EPKS_UCB;ESD_912_1;767
DO;91TI761A_TF;;COM;901-10;A_C90111;TRANSM FAULT;No;ЛОЖЬ;ЛОЖЬ;;518;;;;;;;0;;;;2734;ИСТИНА;33953;None;;;;;;0=ALARM;0=ALARM;;;;;;Undefined;;;;;;;;;;;;ЛОЖЬ;ИСТИНА;;;;;;;;;;;;;;;;;;;;;Output;EPKS_UCB;ESD_912_1;966
M;C322_2_G;;;9100;9100;Function block marker;;ЛОЖЬ;ЛОЖЬ;;322;;;;;;;0;;;;1921;ЛОЖЬ;0;;;;;;;;;;;;;;Undefined;;;;;;;;;;;;ЛОЖЬ;ИСТИНА;;;;;;;;;;;;;;;;;;;;;;;;
M;1520_5;;;;C9011001;;;ЛОЖЬ;ЛОЖЬ;;1520;;;;;;;0;;;;852;ЛОЖЬ;0;;;;;;;;;;;;;;Undefined;;;;;;;;;;;;ЛОЖЬ;ИСТИНА;;;;;;;;;;;;;;;;;;;;;;;;
M;C1508_1_K;;;;;Function block marker;;ЛОЖЬ;ЛОЖЬ;;1508;;;;;;;0;;;;975;ЛОЖЬ;0;;;;;;;;;;;;;;Undefined;;;;;;;;;;;;ЛОЖЬ;ИСТИНА;;;;;;;;;;;;;;;;;;;;;;;;
M;C1502_1_I;;;;;Function block marker;;ЛОЖЬ;ЛОЖЬ;;1502;;;;;;;0;;;;991;ЛОЖЬ;0;;;;;;;;;;;;;;Undefined;;;;;;;;;;;;ЛОЖЬ;ИСТИНА;;;;;;;;;;;;;;;;;;;;;;;;
T;600_2;;;9100;;;;ЛОЖЬ;ЛОЖЬ;;600;;;;;;;;100 ms;5;;616;ЛОЖЬ;0;;;;;;;;;;;;;;Undefined;;;Delayed OFF with constant timer value;;;;;;;;;ЛОЖЬ;ИСТИНА;;;;;;;;;;;;;;;;;;;;;;;;
DO;91LI055_TF;;COM;901-10;A_90110;TRANSM FAULT;No;ЛОЖЬ;ЛОЖЬ;;324;;;;;;;0;;;;1498;ИСТИНА;33790;None;;;;;;0=ALARM;;;;;;;Undefined;491;3428;;;;;;;;;;ЛОЖЬ;;;;;;;;;;;;;;;;;;;;;;Output;EPKS_UCB;ESD_912_1;506
DO;91XY082_C;;COM;9100;;AUTO CLOSURE 91XV082;No;ИСТИНА;ЛОЖЬ;;446;;;;;;;0;;;;640;ИСТИНА;33757;None;;;;;;0=CLOSE;;;;;;;Undefined;491;3428;;;;;;;;;;ЛОЖЬ;;;;;;;;;;;;;;;;;;;;;;Output;EPKS_UCB;ESD_912_1;785
DO;91VAHH802_PA;;COM;901-10;A_90110;1oo2 PRE ALARM;No;ИСТИНА;ЛОЖЬ;;634;;;;;;;0;;;;462;ЛОЖЬ;33580;None;;;;;;0=ALARM;;;;;;;Undefined;491;3428;;;;;;;;;;ЛОЖЬ;;;;;;;;;;;;;;;;;;;;;;Output;EPKS_UCB;ESD_912_1;678
DO;91TI751_TF;;COM;901-10;A_C90111;TRANSM FAULT;No;ЛОЖЬ;ЛОЖЬ;;512;;;;;;;0;;;;1311;ИСТИНА;33608;None;;;;;;0=ALARM;0=ALARM;;;;;;Undefined;;;;;;;;;;;;ЛОЖЬ;ИСТИНА;;;;;;;;;;;;;;;;;;;;;Output;EPKS_UCB;ESD_912_1;992
DI;91ZSLL751;;FLD;901-10;A_C90111;C-9011001AX HANDWHEEL;Yes;ИСТИНА;ЛОЖЬ;;520;;;;;;;;;;;49;ИСТИНА;33465;None;;;;;;0=TRIP;;;;;;;Undefined;491;3428;;18.03;7;10;1;Low;;;;ЛОЖЬ;;;;ЛОЖЬ;;;;;;;;;;;;;;;;;;Output;EPKS_UCB;ESD_912_1;709
T;338_3;;;9100;;;;ЛОЖЬ;ЛОЖЬ;;338;;;;;;;;100 ms;10;;732;ЛОЖЬ;0;;;;;;;;;;;;;;Undefined;;;Delayed OFF with constant timer value;;;;;;;;;ЛОЖЬ;ИСТИНА;;;;;;;;;;;;;;;;;;;;;;;;
M;524_2;;;901-10;;;;ЛОЖЬ;ЛОЖЬ;;524;;;;;;;0;;;;1910;ЛОЖЬ;0;;;;;;;;;;;;;;Undefined;491;3428;;;;;;;;;;ЛОЖЬ;;;;;;;;;;;;;;;;;;;;;;;;;
DO;91LI051_TF;;COM;9100;;TRANSM FAULT;No;ЛОЖЬ;ЛОЖЬ;;321;;;;;;;0;;;;1911;ИСТИНА;33796;None;;;;;;0=ALARM;0=ALARM;;;;;;Undefined;;;;;;;;;;;;ЛОЖЬ;ИСТИНА;;;;;;;;;;;;;;;;;;;;;Output;EPKS_UCB;ESD_912_1;944
M;2460_2;;;901-10;;;;ЛОЖЬ;ЛОЖЬ;;2460;;;;;;;0;;;;1216;ЛОЖЬ;0;;;;;;;;;;;;;;Undefined;491;3428;;;;;;;;;;ЛОЖЬ;;;;;;;;;;;;;;;;;;;;;;;;;
M;C348_3_E;;;9100;9100;Function block marker;;ЛОЖЬ;ЛОЖЬ;;348;;;;;;;0;;;;2722;ЛОЖЬ;0;;;;;;;;;;;;;;Undefined;;;;;;;;;;;;ЛОЖЬ;ИСТИНА;;;;;;;;;;;;;;;;;;;;;;;;
M;C636_2_A;;;9100;9100;Compiler marker;;ЛОЖЬ;ЛОЖЬ;;636;;;;;;;0;;;;570;ЛОЖЬ;0;;;;;;;;;;;;;;Undefined;491;3428;;;;;;;;;;ЛОЖЬ;;;;;;;;;;;;;;;;;;;;;;;;;
M;536_1510_2;;;9100;;91HS757_P_I;;ЛОЖЬ;ЛОЖЬ;;1510;;;;;;;0;;;;829;ЛОЖЬ;0;;;;;;;1=RESET;;;;;;;Undefined;;;;;;;;;;;;ЛОЖЬ;ИСТИНА;;;;;;;;;;;;;;;;;;;;;;;;
M;240_246_1;;;901-10;;91LT493;;ЛОЖЬ;ЛОЖЬ;;246;;;;;;;0;;;;1288;ЛОЖЬ;0;;;;;;;1=MO CONFIRMED;;;;;;;Undefined;491;3428;;;;;;;;;;ЛОЖЬ;;;;;;;;;;;;;;;;;;;;;;;;;
M;C171_4;;;;;Compiler marker (288, 276);;ЛОЖЬ;ЛОЖЬ;;171;;;;;;;0;;;;598;ЛОЖЬ;0;;;;;;;;;;;;;;Undefined;491;3428;;;;;;;;;;ЛОЖЬ;;;;;;;;;;;;;;;;;;;;;;;;;
M;C354_3_E;;;9100;9100;Function block marker;;ЛОЖЬ;ЛОЖЬ;;354;;;;;;;0;;;;2714;ЛОЖЬ;0;;;;;;;;;;;;;;Undefined;;;;;;;;;;;;ЛОЖЬ;ИСТИНА;;;;;;;;;;;;;;;;;;;;;;;;
M;1506_1508_1;;;;C9011001;FIRST OUT SEQUENCE;;ЛОЖЬ;ЛОЖЬ;;1508;;;;;;;0;;;;796;ЛОЖЬ;0;;;;;;;1=FU ALARM;;;;;;;Undefined;;;;;;;;;;;;ЛОЖЬ;ИСТИНА;;;;;;;;;;;;;;;;;;;;;;;;
M;338_452_4;;;901-10;;91LALL073_I;;ЛОЖЬ;ЛОЖЬ;;452;;;;;;;0;;;;1566;ЛОЖЬ;0;;;;;;;0=TRIP INITIATOR;;;;;;;Undefined;491;3428;;;;;;;;;;ЛОЖЬ;;;;;;;;;;;;;;;;;;;;;;;;;
M;C302_3_G;;;9100;9100;Function block marker;;ЛОЖЬ;ЛОЖЬ;;302;;;;;;;0;;;;1594;ЛОЖЬ;0;;;;;;;;;;;;;;Undefined;;;;;;;;;;;;ЛОЖЬ;ИСТИНА;;;;;;;;;;;;;;;;;;;;;;;;
M;1514_1;;;;C9011001;;;ЛОЖЬ;ЛОЖЬ;;1514;;;;;;;0;;;;830;ЛОЖЬ;0;;;;;;;;;;;;;;Undefined;;;;;;;;;;;;ЛОЖЬ;ИСТИНА;;;;;;;;;;;;;;;;;;;;;;;;
M;C1522_1_K;;;;;Function block marker;;ЛОЖЬ;ЛОЖЬ;;1522;;;;;;;0;;;;939;ЛОЖЬ;0;;;;;;;;;;;;;;Undefined;;;;;;;;;;;;ЛОЖЬ;ИСТИНА;;;;;;;;;;;;;;;;;;;;;;;;
T;346_3;;;9100;;;;ЛОЖЬ;ЛОЖЬ;;346;;;;;;;;100 ms;10;;892;ЛОЖЬ;0;;;;;;;;;;;;;;Undefined;;;Delayed OFF with constant timer value;;;;;;;;;ЛОЖЬ;ИСТИНА;;;;;;;;;;;;;;;;;;;;;;;;
M;1508_6;;;;C9011001;;;ЛОЖЬ;ЛОЖЬ;;1508;;;;;;;0;;;;70;ЛОЖЬ;0;;;;;;;;;;;;;;Undefined;;;;;;;;;;;;ЛОЖЬ;ИСТИНА;;;;;;;;;;;;;;;;;;;;;;;;
M;614_6;;;9100;;;;ЛОЖЬ;ЛОЖЬ;;614;;;;;;;0;;;;1958;ЛОЖЬ;0;;;;;;;;;;;;;;Undefined;;;;;;;;;;;;ЛОЖЬ;ИСТИНА;;;;;;;;;;;;;;;;;;;;;;;;
T;505_3;;;;;;;ЛОЖЬ;ЛОЖЬ;;505;;;;;;;;100 ms;5;;72;ЛОЖЬ;0;;;;;;;;;;;;;;Undefined;;;Delayed OFF with constant timer value;;;;;;;;;ЛОЖЬ;ИСТИНА;;;;;;;;;;;;;;;;;;;;;;;;
M;314_356_2;;;901-10;;91PAHH076_I;;ЛОЖЬ;ЛОЖЬ;;356;;;;;;;0;;;;1421;ЛОЖЬ;0;;;;;;;0=TRIP INITIATOR;;;;;;;Undefined;491;3428;;;;;;;;;;ЛОЖЬ;;;;;;;;;;;;;;;;;;;;;;;;;
DI;91PI779_MOR;;COM;901-10;A_C90111;MO REQUEST;No;ЛОЖЬ;ИСТИНА;;508;;;;;;;0;;;;2224;ЛОЖЬ;0;None;;;;;;1=REQUEST;;;;;;;Undefined;491;3428;;;;;;Freeze;;;;ЛОЖЬ;;;;ЛОЖЬ;;;;;;;;;;;;;;;;;;Input;EPKS_UCB;ESD_912_1;81
DI;91VSHH802B;;BNS;901-10;A_C90111;C9011001SX VIB IN CARTER;Yes;ИСТИНА;ЛОЖЬ;;634;;;;;;;;;;;74;ИСТИНА;33466;None;;;;;;0=TRIP;;;;;;;Undefined;491;3428;;18.03;9;3;1;Low;;;;ЛОЖЬ;;;;ЛОЖЬ;;;;;;;;;;;;;;;;;;Output;EPKS_UCB;ESD_912_1;689
M;314_444_4;;;9100;;91PAHH076_I;;ЛОЖЬ;ЛОЖЬ;;444;;;;;;;0;;;;1699;ЛОЖЬ;0;;;;;;;0=TRIP INITIATOR;;;;;;;Undefined;491;3428;;;;;;;;;;ЛОЖЬ;;;;;;;;;;;;;;;;;;;;;;;;;
M;296_1510_2;;;9100;;91HA119_I;;ЛОЖЬ;ЛОЖЬ;;1510;;;;;;;0;;;;791;ЛОЖЬ;0;;;;;;;0=TRIP INITIATOR;;;;;;;Undefined;;;;;;;;;;;;ЛОЖЬ;ИСТИНА;;;;;;;;;;;;;;;;;;;;;;;;
M;636_1524_2;;;9100;;91HS807_P_I;;ЛОЖЬ;ЛОЖЬ;;1524;;;;;;;0;;;;903;ЛОЖЬ;0;;;;;;;1=RESET;;;;;;;Undefined;;;;;;;;;;;;ЛОЖЬ;ИСТИНА;;;;;;;;;;;;;;;;;;;;;;;;
M;186_188_1;;;;;MOS ACTIVE AREA 901 10;;ЛОЖЬ;ЛОЖЬ;;188;;;;;;;0;;;;1986;ЛОЖЬ;0;;;;;;;1=MO CONFIRMED;;;;;;;Undefined;491;3428;;;;;;;;;;ЛОЖЬ;;;;;;;;;;;;;;;;;;;;;;;;;
DO;91LY804;;MCC;901-10;A_C90111;C-9011001SX OIL TANK LVL;Yes;ИСТИНА;ЛОЖЬ;;634;;;;;;;0;;;;184;ИСТИНА;33467;None;;;;;;0=TRIP;;;;;;;Undefined;491;3428;;18.06;13;1;1;Appl;;;;ЛОЖЬ;;;;;;;;;;;;;;;;;;;;;;Output;EPKS_UCB;ESD_912_1;758
DO;91XY055;;FLD;901-10;A_90110;INLET VALVE CTRL 91XV055;Yes;ИСТИНА;ЛОЖЬ;;374;;;;;;;0;;;;24;ИСТИНА;33771;None;;;;;;1=OPEN;;;;;;;Undefined;491;3428;;18.05;3;1;1;Appl;;;;ЛОЖЬ;;;;;;;;;;;;;;;;;;;;;;Output;EPKS_UCB;ESD_912_1;703
M;344_1522_4;;;9100;;91HA120_I;;ЛОЖЬ;ЛОЖЬ;;1522;;;;;;;0;;;;896;ЛОЖЬ;0;;;;;;;0=TRIP INITIATOR;;;;;;;Undefined;;;;;;;;;;;;ЛОЖЬ;ИСТИНА;;;;;;;;;;;;;;;;;;;;;;;;
M;C510_1_G;;;9100;9100;Function block marker;;ЛОЖЬ;ЛОЖЬ;;510;;;;;;;0;;;;1183;ЛОЖЬ;0;;;;;;;;;;;;;;Undefined;;;;;;;;;;;;ЛОЖЬ;ИСТИНА;;;;;;;;;;;;;;;;;;;;;;;;
T;318_1;;;9100;;;;ЛОЖЬ;ЛОЖЬ;;318;;;;;;;;100 ms;5;;120;ЛОЖЬ;0;;;;;;;;;;;;;;Undefined;;;Delayed OFF with constant timer value;;;;;;;;;ЛОЖЬ;ИСТИНА;;;;;;;;;;;;;;;;;;;;;;;;
DI;91HS092A_P;;COM;901-10;A_90110;91XV092 OPEN;No;ИСТИНА;ИСТИНА;;402;;;;;;;0;;;;2171;ЛОЖЬ;33631;None;;;;;;1=OPEN (MOM);;;;;;;Undefined;491;3428;;;;;;Low;;;;ЛОЖЬ;;;;ЛОЖЬ;;;;;;;;;;;;;;;;;;Input;EPKS_UCB;ESD_912_1;157
DO;91TAHH753_CA;;COM;901-10;;CAUSE ALARM;No;ЛОЖЬ;ЛОЖЬ;;514;;;;;;;0;;;;1135;ЛОЖЬ;0;None;;;;;;0=ALARM;0=ALARM;;;;;;Undefined;;;;;;;;;;;;ЛОЖЬ;ИСТИНА;;;;;;;;;;;;;;;;;;;;;Output;EPKS_UCB;ESD_912_1;923
M;C524_1;;;9100;9100;Compiler marker (368, 223);;ЛОЖЬ;ЛОЖЬ;;524;;;;;;;0;;;;662;ЛОЖЬ;0;;;;;;;;;;;;;;Undefined;491;3428;;;;;;;;;;ЛОЖЬ;;;;;;;;;;;;;;;;;;;;;;;;;
T;604_4;;;901-10;;;;ЛОЖЬ;ЛОЖЬ;;604;;;;;;;;100 ms;5;;372;ЛОЖЬ;0;;;;;;;;;;;;;;Undefined;491;3428;Delayed OFF with constant timer value;;;;;;;;;ЛОЖЬ;;;;;;;;;;;;;;;;;;;;;;;;;
DO;91XY049;;MCC;901-10;A_90110;AUTO CLOSURE 91XV049;Yes;ИСТИНА;ЛОЖЬ;;426;;;;;;;0;;;;107;ЛОЖЬ;33469;None;;;;;;1=CLOSE;;;;;;;Undefined;491;3428;;18.06;3;4;1;Appl;;;;ЛОЖЬ;;;;;;;;;;;;;;;;;;;;;;;;;
M;624_636_1;;;901-10;;91-I-553;;ЛОЖЬ;ЛОЖЬ;;636;;;;;;;0;;;;1833;ЛОЖЬ;0;;;;;;;0=TRIP;;;;;;;Undefined;491;3428;;;;;;;;;;ЛОЖЬ;;;;;;;;;;;;;;;;;;;;;;;;;
DO;91TAL811PERM_P;;COM;901-10;;PERM. TO START;No;ИСТИНА;ЛОЖЬ;;598;;;;;;;0;;;;601;ЛОЖЬ;34027;None;;;;;;0=ALARM;;;;;;;Undefined;491;3428;;;;;;;;;;ЛОЖЬ;;;;;;;;;;;;;;;;;;Output;CC_UCB_1;ESD_912_1;106;;;;
M;390_2;;;9100;;;;ЛОЖЬ;ЛОЖЬ;;390;;;;;;;0;;;;776;ЛОЖЬ;0;;;;;;;;;;;;;;Undefined;491;3428;;;;;;;;;;ЛОЖЬ;;;;;;;;;;;;;;;;;;;;;;;;;
M;324_3;;;901-10;;;;ЛОЖЬ;ЛОЖЬ;;324;;;;;;;0;;;;398;ЛОЖЬ;0;;;;;;;;;;;;;;Undefined;491;3428;;;;;;;;;;ЛОЖЬ;;;;;;;;;;;;;;;;;;;;;;;;;
DO;91FALL029A_CA;;COM;901-10;;CAUSE ALARM;No;ЛОЖЬ;ЛОЖЬ;;348;;;;;;;0;;;;1119;ЛОЖЬ;0;None;;;;;;0=ALARM;0=ALARM;;;;;;Undefined;;;;;;;;;;;;ЛОЖЬ;ИСТИНА;;;;;;;;;;;;;;;;;;;;;Output;EPKS_UCB;ESD_912_1;907
M;C319_1_G;;;;;Function block marker;;ЛОЖЬ;ЛОЖЬ;;319;;;;;;;0;;;;2680;ЛОЖЬ;0;;;;;;;;;;;;;;Undefined;;;;;;;;;;;;ЛОЖЬ;ИСТИНА;;;;;;;;;;;;;;;;;;;;;;;;
DO;91HS765B_B2_IN_P;;COM;901-10;A_90110;CAP CTRL BIT 2;No;ИСТИНА;ЛОЖЬ;;528;;;;;;;0;;;;523;ЛОЖЬ;34028;None;;;;;;1=ACTIVE;;;;;;;Undefined;491;3428;;;;;;;;;;ЛОЖЬ;;;;;;;;;;;;;;;;;;Output;CC_UCB_1;ESD_912_1;98;;;;
T;521_2;;;;;;;ЛОЖЬ;ЛОЖЬ;;521;;;;;;;;100 ms;5;;932;ЛОЖЬ;0;;;;;;;;;;;;;;Undefined;;;Delayed OFF with constant timer value;;;;;;;;;ЛОЖЬ;ИСТИНА;;;;;;;;;;;;;;;;;;;;;;;;
DO;91FALL028B_FU;;COM;901-10;A_90110;WTR OF 1 TO C9011001AX;No;ИСТИНА;ЛОЖЬ;;1504;;;;;;;0;;;;812;ИСТИНА;34110;None;;;;;;1=FIRST;;;;;;;Undefined;;;;;;;;;;;;ЛОЖЬ;ИСТИНА;;;;;;;;;;;;;;;;;;;;;Output;EPKS_UCB;ESD_912_1;816
BI;18-TempCP2;;SYS;;;Temperature CP 2;Yes;ЛОЖЬ;;;17;;Word;;;;;;;;;10;;0;;;;;;;;;0;0;;;;-XXXXX.X;491;3428;;;;;;;;;;ЛОЖЬ;;;;;;;;;;;;;;;;;;;;;;;;;
DO;91TI990_TF;;COM;901-10;A_90110;TRANSM FAULT;No;ЛОЖЬ;ЛОЖЬ;;306;;;;;;;0;;;;1358;ИСТИНА;33791;None;;;;;;0=ALARM;;;;;;;Undefined;491;3428;;;;;;;;;;ЛОЖЬ;;;;;;;;;;;;;;;;;;;;;;Output;EPKS_UCB;ESD_912_1;668
DO;91XY098;;MCC;901-10;A_90110;AUTO CLOSURE 91XV098;Yes;ИСТИНА;ЛОЖЬ;;464;;;;;;;0;;;;152;ЛОЖЬ;33470;None;;;;;;1=CLOSE;;;;;;;Undefined;491;3428;;18.06;9;1;1;Appl;;;;ЛОЖЬ;;;;;;;;;;;;;;;;;;;;;;;;;
M;318_319_5;;;;;91PI084_F;;ЛОЖЬ;ЛОЖЬ;;319;;;;;;;0;;;;2684;ЛОЖЬ;0;;;;;;;1=FAULT;;;;;;;Undefined;;;;;;;;;;;;ЛОЖЬ;ИСТИНА;;;;;;;;;;;;;;;;;;;;;;;;
M;C314_3_E;;;9100;9100;Function block marker;;ЛОЖЬ;ЛОЖЬ;;314;;;;;;;0;;;;2077;ЛОЖЬ;0;;;;;;;;;;;;;;Undefined;491;3428;;;;;;;;;;ЛОЖЬ;;;;;;;;;;;;;;;;;;;;;;;;;
DI;91HS069A_P;;COM;901-10;A_90110;91XV069 OPEN;No;ИСТИНА;ИСТИНА;;390;;;;;;;0;;;;2165;ЛОЖЬ;33566;None;;;;;;1=OPEN (MOM);;;;;;;Undefined;491;3428;;;;;;Low;;;;ЛОЖЬ;;;;ЛОЖЬ;;;;;;;;;;;;;;;;;;Input;EPKS_UCB;ESD_912_1;145
M;C1522_1_H;;;;;Function block marker;;ЛОЖЬ;ЛОЖЬ;;1522;;;;;;;0;;;;936;ЛОЖЬ;0;;;;;;;;;;;;;;Undefined;;;;;;;;;;;;ЛОЖЬ;ИСТИНА;;;;;;;;;;;;;;;;;;;;;;;;
DO;91HA120_FU2;;COM;901-10;A_90110;BUTTON LCSA3;No;ИСТИНА;ЛОЖЬ;;1522;;;;;;;0;;;;928;ИСТИНА;34146;None;;;;;;1=FIRST;;;;;;;Undefined;;;;;;;;;;;;ЛОЖЬ;ИСТИНА;;;;;;;;;;;;;;;;;;;;;Output;EPKS_UCB;ESD_912_1;852
T;634_2;;;9100;;;;ЛОЖЬ;ЛОЖЬ;;634;;;;;;;;100 ms;20;;416;ЛОЖЬ;0;;;;;;;;;;;;;;Undefined;491;3428;Pulse retriggerable with constant timer value;;;;;;;;;ЛОЖЬ;;;;;;;;;;;;;;;;;;;;;;;;;
M;2460_F;;;;;1=CMD_OPEN;;ЛОЖЬ;ЛОЖЬ;;2460;;;;;;;0;;;;148;ЛОЖЬ;0;;;;;;;;;;;;;;Undefined;491;3428;;;;;;;;;;ЛОЖЬ;;;;;;;;;;;;;;;;;;;;;;;;;
M;C328_4_G;;;9100;9100;Function block marker;;ЛОЖЬ;ЛОЖЬ;;328;;;;;;;0;;;;1297;ЛОЖЬ;0;;;;;;;;;;;;;;Undefined;;;;;;;;;;;;ЛОЖЬ;ИСТИНА;;;;;;;;;;;;;;;;;;;;;;;;
T;524_3;;;9100;;;;ЛОЖЬ;ЛОЖЬ;;524;;;;;;;;100 ms;10;;252;ЛОЖЬ;0;;;;;;;;;;;;;;Undefined;;;Delayed OFF with constant timer value;;;;;;;;;ЛОЖЬ;ИСТИНА;;;;;;;;;;;;;;;;;;;;;;;;
DI;91HS067B;;COM;901-10;A_90110;91XV067 CLOSE;No;ЛОЖЬ;ИСТИНА;;386;;;;;;;0;;;;2182;ЛОЖЬ;0;None;;;;;;1=CLOSE (MOM);;;;;;;Undefined;;;;;;;;Low;;;;ЛОЖЬ;ИСТИНА;;;ЛОЖЬ;;;;;;;;;;;;;;;;;;Input;EPKS_UCB;ESD_912_1;140
M;C521_2_G;;;;;Function block marker;;ЛОЖЬ;ЛОЖЬ;;521;;;;;;;0;;;;2773;ЛОЖЬ;0;;;;;;;;;;;;;;Undefined;;;;;;;;;;;;ЛОЖЬ;ИСТИНА;;;;;;;;;;;;;;;;;;;;;;;;
T;300_3;;;9100;;;;ЛОЖЬ;ЛОЖЬ;;300;;;;;;;;100 ms;10;;748;ЛОЖЬ;0;;;;;;;;;;;;;;Undefined;;;Delayed OFF with constant timer value;;;;;;;;;ЛОЖЬ;ИСТИНА;;;;;;;;;;;;;;;;;;;;;;;;
R;C2456_3;;;;;Compiler register (288, 90);;ЛОЖЬ;ЛОЖЬ;;2456;;Float;;;;;0;;;;348;ЛОЖЬ;0;;;;;;;;;;;;;;Undefined;491;3428;;;;;;;;;;ЛОЖЬ;;;;;;;;;;;;;;;;;;;;;;;;;
T;296_4;;;9100;;;;ЛОЖЬ;ЛОЖЬ;;296;;;;;;;;100 ms;10;;32;ЛОЖЬ;0;;;;;;;;;;;;;;Undefined;;;Delayed OFF with constant timer value;;;;;;;;;ЛОЖЬ;ИСТИНА;;;;;;;;;;;;;;;;;;;;;;;;
DI;91TI990_MOR;;COM;901-10;A_90110;MO REQUEST;No;ЛОЖЬ;ИСТИНА;;306;;;;;;;0;;;;2240;ЛОЖЬ;0;None;;;;;;1=REQUEST;;;;;;;Undefined;491;3428;;;;;;Freeze;;;;ЛОЖЬ;;;;ЛОЖЬ;;;;;;;;;;;;;;;;;;Input;EPKS_UCB;ESD_912_1;97
M;C316_3_F;;;9100;9100;Function block marker;;ЛОЖЬ;ЛОЖЬ;;316;;;;;;;0;;;;1474;ЛОЖЬ;0;;;;;;;;;;;;;;Undefined;;;;;;;;;;;;ЛОЖЬ;ИСТИНА;;;;;;;;;;;;;;;;;;;;;;;;
T;598_1;;;9100;;;;ЛОЖЬ;ЛОЖЬ;;598;;;;;;;;100 ms;5;;812;ЛОЖЬ;0;;;;;;;;;;;;;;Undefined;;;Delayed OFF with constant timer value;;;;;;;;;ЛОЖЬ;ИСТИНА;;;;;;;;;;;;;;;;;;;;;;;;
M;536_6;;;9100;;;;ЛОЖЬ;ЛОЖЬ;;536;;;;;;;0;;;;1396;ЛОЖЬ;0;;;;;;;;;;;;;;Undefined;;;;;;;;;;;;ЛОЖЬ;ИСТИНА;;;;;;;;;;;;;;;;;;;;;;;;
M;C1506_1_J;;;;;Function block marker;;ЛОЖЬ;ЛОЖЬ;;1506;;;;;;;0;;;;980;ЛОЖЬ;0;;;;;;;;;;;;;;Undefined;;;;;;;;;;;;ЛОЖЬ;ИСТИНА;;;;;;;;;;;;;;;;;;;;;;;;
M;C348_1_E;;;9100;9100;Function block marker;;ЛОЖЬ;ЛОЖЬ;;348;;;;;;;0;;;;1211;ЛОЖЬ;0;;;;;;;;;;;;;;Undefined;;;;;;;;;;;;ЛОЖЬ;ИСТИНА;;;;;;;;;;;;;;;;;;;;;;;;
M;304_364_2;;;901-10;;91TAHH987_I;;ЛОЖЬ;ЛОЖЬ;;364;;;;;;;0;;;;1489;ЛОЖЬ;0;;;;;;;0=TRIP INITIATOR;;;;;;;Undefined;491;3428;;;;;;;;;;ЛОЖЬ;;;;;;;;;;;;;;;;;;;;;;;;;
M;634_6;;;9100;;;;ЛОЖЬ;ЛОЖЬ;;634;;;;;;;0;;;;1041;ЛОЖЬ;0;;;;;;;;;;;;;;Undefined;;;;;;;;;;;;ЛОЖЬ;ИСТИНА;;;;;;;;;;;;;;;;;;;;;;;;
T;313_1;;;;;;;ЛОЖЬ;ЛОЖЬ;;313;;;;;;;;100 ms;5;;784;ЛОЖЬ;0;;;;;;;;;;;;;;Undefined;;;Delayed OFF with constant timer value;;;;;;;;;ЛОЖЬ;ИСТИНА;;;;;;;;;;;;;;;;;;;;;;;;
DO;IB912_ESD1_F2;;COM;901-10;S_B91_2;EXT. COM. FAULT;No;ИСТИНА;ЛОЖЬ;;16;;;;;;;0;;;;175;ИСТИНА;33792;None;;;;;;0=FAULT;;;;;;;Undefined;491;3428;;;;;;;;;;ЛОЖЬ;;;;;;;;;;;;;;;;;;;;;;Output;EPKS_UCB;ESD_912_1;680
T;510_1;;;9100;;;;ЛОЖЬ;ЛОЖЬ;;510;;;;;;;;100 ms;5;;560;ЛОЖЬ;0;;;;;;;;;;;;;;Undefined;;;Delayed OFF with constant timer value;;;;;;;;;ЛОЖЬ;ИСТИНА;;;;;;;;;;;;;;;;;;;;;;;;
M;C604_6_E;;;9100;9100;Function block marker;;ЛОЖЬ;ЛОЖЬ;;604;;;;;;;0;;;;2838;ЛОЖЬ;0;;;;;;;;;;;;;;Undefined;;;;;;;;;;;;ЛОЖЬ;ИСТИНА;;;;;;;;;;;;;;;;;;;;;;;;
DO;91ZSLL751_MOC;;COM;901-10;A_C90111;MO CONFIRMED;No;ИСТИНА;ЛОЖЬ;;520;;;;;;;0;;;;517;ИСТИНА;33773;None;;;;;;1=CONFIRMED;;;;;;;Undefined;491;3428;;;;;;;;;;ЛОЖЬ;;;;;;;;;;;;;;;;;;;;;;Output;EPKS_UCB;ESD_912_1;449
M;328_184_1;;;901-10;;91LT061;;ЛОЖЬ;ЛОЖЬ;;184;;;;;;;0;;;;1522;ЛОЖЬ;0;;;;;;;1=MO CONFIRMED;;;;;;;Undefined;491;3428;;;;;;;;;;ЛОЖЬ;;;;;;;;;;;;;;;;;;;;;;;;;
T;626_1;;;901-10;;;;ЛОЖЬ;ЛОЖЬ;;626;;;;;;;;100 ms;10;;60;ЛОЖЬ;0;;;;;;;;;;;;;;Undefined;491;3428;Delayed OFF with constant timer value;;;;;;;;;ЛОЖЬ;;;;;;;;;;;;;;;;;;;;;;;;;
R;327_326_3;;;9100;;91LI057;;ЛОЖЬ;ЛОЖЬ;;326;;Float;;;;;0;;;;48;ЛОЖЬ;0;;;;;;;;;;;;;;Undefined;;;;;;;;;;;;ЛОЖЬ;ИСТИНА;;;;;;;;;;;;;;;;;;;;;;;;
M;634_5;;;9100;;;;ЛОЖЬ;ЛОЖЬ;;634;;;;;;;0;;;;1040;ЛОЖЬ;0;;;;;;;;;;;;;;Undefined;;;;;;;;;;;;ЛОЖЬ;ИСТИНА;;;;;;;;;;;;;;;;;;;;;;;;
T;354_3;;;9100;;;;ЛОЖЬ;ЛОЖЬ;;354;;;;;;;;100 ms;10;;916;ЛОЖЬ;0;;;;;;;;;;;;;;Undefined;;;Delayed OFF with constant timer value;;;;;;;;;ЛОЖЬ;ИСТИНА;;;;;;;;;;;;;;;;;;;;;;;;
DI;91TI752_MOR;;COM;901-10;A_C90111;MO REQUEST;No;ЛОЖЬ;ИСТИНА;;512;;;;;;;0;;;;2231;ЛОЖЬ;0;None;;;;;;1=REQUEST;;;;;;;Undefined;491;3428;;;;;;Freeze;;;;ЛОЖЬ;;;;ЛОЖЬ;;;;;;;;;;;;;;;;;;Input;EPKS_UCB;ESD_912_1;88
R;248_250_2;;;901-10;;91LI495;;ЛОЖЬ;ЛОЖЬ;;250;;Float;;;;;0;;;;460;ЛОЖЬ;0;;;;;;;;;;;;;;Undefined;491;3428;;;;;;;;;;ЛОЖЬ;;;;;;;;;;;;;;;;;;;;;;;;;
M;C516_1_F;;;9100;9100;Function block marker;;ЛОЖЬ;ЛОЖЬ;;516;;;;;;;0;;;;2864;ЛОЖЬ;0;;;;;;;;;;;;;;Undefined;;;;;;;;;;;;ЛОЖЬ;ИСТИНА;;;;;;;;;;;;;;;;;;;;;;;;
DO;91HS765B_B0_IN_P;;COM;901-10;A_90110;CAP CTRL BIT 0;No;ИСТИНА;ЛОЖЬ;;528;;;;;;;0;;;;192;ЛОЖЬ;34030;None;;;;;;1=ACTIVE;;;;;;;Undefined;491;3428;;;;;;;;;;ЛОЖЬ;;;;;;;;;;;;;;;;;;Output;CC_UCB_1;ESD_912_1;96;;;;
M;C621_2_G;;;;;Function block marker;;ЛОЖЬ;ЛОЖЬ;;621;;;;;;;0;;;;2764;ЛОЖЬ;0;;;;;;;;;;;;;;Undefined;;;;;;;;;;;;ЛОЖЬ;ИСТИНА;;;;;;;;;;;;;;;;;;;;;;;;
M;C600_3_E;;;9100;9100;Function block marker;;ЛОЖЬ;ЛОЖЬ;;600;;;;;;;0;;;;1169;ЛОЖЬ;0;;;;;;;;;;;;;;Undefined;;;;;;;;;;;;ЛОЖЬ;ИСТИНА;;;;;;;;;;;;;;;;;;;;;;;;
DO;91PI772_MOC;;COM;901-10;A_C90111;MO CONFIRMED;No;ИСТИНА;ЛОЖЬ;;506;;;;;;;0;;;;1803;ИСТИНА;33793;None;;;;;;1=CONFIRMED;;;;;;;Undefined;491;3428;;;;;;;;;;ЛОЖЬ;;;;;;;;;;;;;;;;;;;;;;Output;EPKS_UCB;ESD_912_1;605
DO;91XY072;;FLD;901-10;A_90110;INLET VALVE CTRL 91XV072;Yes;ИСТИНА;ЛОЖЬ;;396;;;;;;;0;;;;43;ИСТИНА;33473;None;;;;;;1=OPEN;;;;;;;Undefined;491;3428;;18.05;7;4;1;Appl;;;;ЛОЖЬ;;;;;;;;;;;;;;;;;;;;;;Output;EPKS_UCB;ESD_912_1;742
M;380_3;;;9100;;;;ЛОЖЬ;ЛОЖЬ;;380;;;;;;;0;;;;767;ЛОЖЬ;0;;;;;;;;;;;;;;Undefined;491;3428;;;;;;;;;;ЛОЖЬ;;;;;;;;;;;;;;;;;;;;;;;;;
M;2490_1;;;;;;;ЛОЖЬ;ЛОЖЬ;;2490;;;;;;;0;;;;614;ЛОЖЬ;0;;;;;;;;;;;;;;Undefined;491;3428;;;;;;;;;;ЛОЖЬ;;;;;;;;;;;;;;;;;;;;;;;;;
BO;91LI066_LL;;COM;;;LL TRIP SETPOINT (%);No;ИСТИНА;ЛОЖЬ;;337;;Float;;;;;0;;;;648;;34031;;;;;;;;;0;0;;;;-XXXXX.X;491;3428;;;;;;;;;;ЛОЖЬ;;;;;;;;;;;;;;;;;;;;;;Output;EPKS_UCB;ESD_912_1;10133
M;636_7;;;9100;;;;ЛОЖЬ;ЛОЖЬ;;636;;;;;;;0;;;;619;ЛОЖЬ;0;;;;;;;;;;;;;;Undefined;491;3428;;;;;;;;;;ЛОЖЬ;;;;;;;;;;;;;;;;;;;;;;;;;
DI;18-ControllerFault;;SYS;;;FSC CONTROLLER FAULT;Yes;ЛОЖЬ;;;16;;;;;;;;;;;20;ИСТИНА;33400;None;;;;;;0=ALARM;;;;;;;Undefined;491;3428;;;;;;;;;;ЛОЖЬ;;;;ЛОЖЬ;;;;;;;;;;;;;;;;;;;;;
M;C352_4_C;;;9100;9100;Function block marker;;ЛОЖЬ;ЛОЖЬ;;352;;;;;;;0;;;;2721;ЛОЖЬ;0;;;;;;;;;;;;;;Undefined;;;;;;;;;;;;ЛОЖЬ;ИСТИНА;;;;;;;;;;;;;;;;;;;;;;;;
M;312_446_4;;;9100;;91PAHH073_I;;ЛОЖЬ;ЛОЖЬ;;446;;;;;;;0;;;;1712;ЛОЖЬ;0;;;;;;;0=TRIP INITIATOR;;;;;;;Undefined;491;3428;;;;;;;;;;ЛОЖЬ;;;;;;;;;;;;;;;;;;;;;;;;;
M;C348_4_D;;;9100;9100;Function block marker;;ЛОЖЬ;ЛОЖЬ;;348;;;;;;;0;;;;1933;ЛОЖЬ;0;;;;;;;;;;;;;;Undefined;491;3428;;;;;;;;;;ЛОЖЬ;;;;;;;;;;;;;;;;;;;;;;;;;
DI;91HS069B;;COM;901-10;A_90110;91XV069B CLOSE;No;ЛОЖЬ;ИСТИНА;;390;;;;;;;0;;;;2184;ЛОЖЬ;0;None;;;;;;1=CLOSE (MOM);;;;;;;Undefined;;;;;;;;Low;;;;ЛОЖЬ;ИСТИНА;;;ЛОЖЬ;;;;;;;;;;;;;;;;;;Input;EPKS_UCB;ESD_912_1;144
M;C312_3_G;;;9100;9100;Function block marker;;ЛОЖЬ;ЛОЖЬ;;312;;;;;;;0;;;;1550;ЛОЖЬ;0;;;;;;;;;;;;;;Undefined;;;;;;;;;;;;ЛОЖЬ;ИСТИНА;;;;;;;;;;;;;;;;;;;;;;;;
M;317_384_1;;;9100;;91PALL081_I;;ЛОЖЬ;ЛОЖЬ;;384;;;;;;;0;;;;2656;ЛОЖЬ;0;;;;;;;0=TRIP INITIATOR;;;;;;;Undefined;;;;;;;;;;;;ЛОЖЬ;ИСТИНА;;;;;;;;;;;;;;;;;;;;;;;;
M;1510_3;;;;C9011001;;;ЛОЖЬ;ЛОЖЬ;;1510;;;;;;;0;;;;73;ЛОЖЬ;0;;;;;;;;;;;;;;Undefined;;;;;;;;;;;;ЛОЖЬ;ИСТИНА;;;;;;;;;;;;;;;;;;;;;;;;
T;246_2;;;901-10;;;;ЛОЖЬ;ЛОЖЬ;;246;;;;;;;;100 ms;5;;36;ЛОЖЬ;0;;;;;;;;;;;;;;Undefined;491;3428;Delayed OFF with constant timer value;;;;;;;;;ЛОЖЬ;;;;;;;;;;;;;;;;;;;;;;;;;
R;2457_F;;;;;Input 6;;ЛОЖЬ;ЛОЖЬ;;2457;;Float;;;;;0;;;;300;ЛОЖЬ;0;;;;;;;;;;;;;;Undefined;491;3428;;;;;;;;;;ЛОЖЬ;;;;;;;;;;;;;;;;;;;;;;;;;
BO;91LI061_LL;;COM;9100;;LL TRIP SETPOINT (%);No;ИСТИНА;ЛОЖЬ;;329;;Float;;;;;0;;;;616;;34032;;;;;;;;;0;0;;;;-XXXXX.X;491;3428;;;;;;;;;;ЛОЖЬ;;;;;;;;;;;;;;;;;;;;;;Output;EPKS_UCB;ESD_912_1;10128
M;1522_6;;;;C9011001;;;ЛОЖЬ;ЛОЖЬ;;1522;;;;;;;0;;;;859;ЛОЖЬ;0;;;;;;;;;;;;;;Undefined;;;;;;;;;;;;ЛОЖЬ;ИСТИНА;;;;;;;;;;;;;;;;;;;;;;;;
M;C380_2;;;9100;9100;Compiler marker (256, 91);;ЛОЖЬ;ЛОЖЬ;;380;;;;;;;0;;;;1085;ЛОЖЬ;0;;;;;;;;;;;;;;Undefined;;;;;;;;;;;;ЛОЖЬ;ИСТИНА;;;;;;;;;;;;;;;;;;;;;;;;
M;2375_B;;;;;MOS CONFIRMED;;ЛОЖЬ;ЛОЖЬ;;2375;;;;;;;0;;;;1254;ЛОЖЬ;0;;;;;;;;;;;;;;Undefined;491;3428;;;;;;;;;;ЛОЖЬ;;;;;;;;;;;;;;;;;;;;;;;;;
M;C325_2_F;;;;;Function block marker;;ЛОЖЬ;ЛОЖЬ;;325;;;;;;;0;;;;2704;ЛОЖЬ;0;;;;;;;;;;;;;;Undefined;;;;;;;;;;;;ЛОЖЬ;ИСТИНА;;;;;;;;;;;;;;;;;;;;;;;;
DI;91XA005_P;;COM;901-10;A_C90111;COMMON ALARM (DCS);No;ИСТИНА;ИСТИНА;;624;;;;;;;0;;;;696;ИСТИНА;33519;None;;;;;;1=ALARM;;;;;;;Undefined;491;3428;;;;;;Freeze;;;;ЛОЖЬ;;;;ЛОЖЬ;;;;;;;;;;;;;;Input;CC_UCB_1;ESD_912_1;25;Output;EPKS_UCB;ESD_912_1;2039
M;C342_2_D;;;9100;9100;Function block marker;;ЛОЖЬ;ЛОЖЬ;;342;;;;;;;0;;;;1947;ЛОЖЬ;0;;;;;;;;;;;;;;Undefined;491;3428;;;;;;;;;;ЛОЖЬ;;;;;;;;;;;;;;;;;;;;;;;;;
M;C402_1;;;901-10;;Compiler marker (304, 90);;ЛОЖЬ;ЛОЖЬ;;402;;;;;;;0;;;;1820;ЛОЖЬ;0;;;;;;;;;;;;;;Undefined;491;3428;;;;;;;;;;ЛОЖЬ;;;;;;;;;;;;;;;;;;;;;;;;;
M;C438_3_E;;;9100;9100;Function block marker;;ЛОЖЬ;ЛОЖЬ;;438;;;;;;;0;;;;2616;ЛОЖЬ;0;;;;;;;;;;;;;;Undefined;;;;;;;;;;;;ЛОЖЬ;ИСТИНА;;;;;;;;;;;;;;;;;;;;;;;;
M;526_530_1;;;901-10;;CYCLE 1;;ЛОЖЬ;ЛОЖЬ;;530;;;;;;;0;;;;438;ЛОЖЬ;0;;;;;;;1=ACTIVE;;;;;;;Undefined;491;3428;;;;;;;;;;ЛОЖЬ;;;;;;;;;;;;;;;;;;;;;;;;;
AI;91PDI803;;FLD;901-10;A_C90111;C-9011001SX ПЕРЕПАД ДАВЛЕНИЯ ТЕХНОЛ.ГАЗА;Yes;ИСТИНА;ЛОЖЬ;;602;ИСТИНА;Float;4-20mA;0;1;MPa;;;;;444;ЛОЖЬ;33943;;None;None;None;None;;;;;;;;;-XXXXX.X;3.64;22;;18.03;11;10;1;Top scale;;;;ЛОЖЬ;ИСТИНА;ЛОЖЬ;;;;;;;;;;;;;;;;;;;;Output;EPKS_UCB;ESD_912_1;10231
M;1508_1;;;;C9011001;;;ЛОЖЬ;ЛОЖЬ;;1508;;;;;;;0;;;;65;ЛОЖЬ;0;;;;;;;;;;;;;;Undefined;;;;;;;;;;;;ЛОЖЬ;ИСТИНА;;;;;;;;;;;;;;;;;;;;;;;;
AI;91LI801;;FLD;901-10;A_C90111;C-9011001SX УРОВЕНЬ СЕПАРАТОРА;Yes;ИСТИНА;ЛОЖЬ;;600;ИСТИНА;Float;4-20mA;0;100;%;;;;;384;ЛОЖЬ;33942;;None;None;None;None;;;;;;;;;-XXXXX.X;3.64;22;;18.04;11;12;1;Top scale;;;;ЛОЖЬ;ИСТИНА;ЛОЖЬ;;;;;;;;;;;;;;;;;;;;Output;EPKS_UCB;ESD_912_1;10239
M;C498_4_G;;;9100;9100;Function block marker;;ЛОЖЬ;ЛОЖЬ;;498;;;;;;;0;;;;2816;ЛОЖЬ;0;;;;;;;;;;;;;;Undefined;;;;;;;;;;;;ЛОЖЬ;ИСТИНА;;;;;;;;;;;;;;;;;;;;;;;;
AI;91PI802;;FLD;901-10;A_C90111;C-9011001SX INT TECH GAS;Yes;ИСТИНА;ЛОЖЬ;;604;ИСТИНА;Float;4-20mA;0;1.6;MPa-g;;;;;84;ЛОЖЬ;33960;;None;None;None;None;;;;-0.4;-0.4;;;;-XXXXX.X;3.64;22;;18.04;3;5;1;Bottom scale;;;;ЛОЖЬ;;ЛОЖЬ;;;;;;;;;;;;;;;;;;;;Output;EPKS_UCB;ESD_912_1;10096
M;C2457_2;;;;;Compiler marker (312, 24);;ЛОЖЬ;ЛОЖЬ;;2457;;;;;;;0;;;;1225;ЛОЖЬ;0;;;;;;;;;;;;;;Undefined;491;3428;;;;;;;;;;ЛОЖЬ;;;;;;;;;;;;;;;;;;;;;;;;;
M;337_460_3;;;9100;;91LALL066_I;;ЛОЖЬ;ЛОЖЬ;;460;;;;;;;0;;;;2583;ЛОЖЬ;0;;;;;;;0=TRIP INITIATOR;;;;;;;Undefined;;;;;;;;;;;;ЛОЖЬ;ИСТИНА;;;;;;;;;;;;;;;;;;;;;;;;
M;1524_6;;;;C9011001;;;ЛОЖЬ;ЛОЖЬ;;1524;;;;;;;0;;;;865;ЛОЖЬ;0;;;;;;;;;;;;;;Undefined;;;;;;;;;;;;ЛОЖЬ;ИСТИНА;;;;;;;;;;;;;;;;;;;;;;;;
DI;91HS852_EN;;FSC;901-10;A_90110;ESD MOS EN A 901-10;No;ЛОЖЬ;ЛОЖЬ;;171;;;;;;;0;;;;243;ЛОЖЬ;0;None;;;;;;1=ENABLED;;;;;;;Undefined;491;3428;;;;;;Freeze;;;;ЛОЖЬ;;;;ЛОЖЬ;;Input;ESD_002_1;ESD_912_1;3;;;;;;;;;;;;;;;;
M;380_1;;;901-10;;;;ЛОЖЬ;ЛОЖЬ;;380;;;;;;;0;;;;1611;ЛОЖЬ;0;;;;;;;;;;;;;;Undefined;491;3428;;;;;;;;;;ЛОЖЬ;;;;;;;;;;;;;;;;;;;;;;;;;
M;2460_A;;;;;1=CMD_OPEN;;ЛОЖЬ;ЛОЖЬ;;2460;;;;;;;0;;;;152;ЛОЖЬ;0;;;;;;;;;;;;;;Undefined;491;3428;;;;;;;;;;ЛОЖЬ;;;;;;;;;;;;;;;;;;;;;;;;;
M;298_3;;;901-10;;;;ЛОЖЬ;ЛОЖЬ;;298;;;;;;;0;;;;424;ЛОЖЬ;0;;;;;;;;;;;;;;Undefined;491;3428;;;;;;;;;;ЛОЖЬ;;;;;;;;;;;;;;;;;;;;;;;;;
DI;91PI772_MOR;;COM;901-10;A_C90111;MO REQUEST;No;ЛОЖЬ;ИСТИНА;;506;;;;;;;0;;;;2221;ЛОЖЬ;0;None;;;;;;1=REQUEST;;;;;;;Undefined;491;3428;;;;;;Freeze;;;;ЛОЖЬ;;;;ЛОЖЬ;;;;;;;;;;;;;;;;;;Input;EPKS_UCB;ESD_912_1;78
R;2430_C;;;;;Signal 2;;ЛОЖЬ;ЛОЖЬ;;2430;;Float;;;;;0;;;;100;ЛОЖЬ;0;;;;;;;;;;;;;;Undefined;491;3428;;;;;;;;;;ЛОЖЬ;;;;;;;;;;;;;;;;;;;;;;;;;
AI;91PI081;;FLD;901-10;A_90110;LIQUID NH3 TO V-9011001B;Yes;ИСТИНА;ЛОЖЬ;;316;ИСТИНА;Float;4-20mA;0;2.5;MPa-g;;;;;184;ЛОЖЬ;33961;;None;None;None;None;;;;-0.625;-0.625;;;;-XXXXX.X;3.64;22;;18.04;5;13;1;Top scale;;;;ЛОЖЬ;;ЛОЖЬ;;;;;;;;;;;;;;;;;;;;Output;EPKS_UCB;ESD_912_1;10088
AI;91PI099;;FLD;901-10;A_90110;NH3 TO V-9011002;Yes;ИСТИНА;ЛОЖЬ;;320;ИСТИНА;Float;4-20mA;0;2.5;MPa-g;;;;;212;ЛОЖЬ;33962;;None;None;None;None;;;;-0.625;-0.625;;;;-XXXXX.X;3.64;22;;18.04;7;3;1;Top scale;;;;ЛОЖЬ;;ЛОЖЬ;;;;;;;;;;;;;;;;;;;;Output;EPKS_UCB;ESD_912_1;10090
M;C382_2;;;9100;9100;Compiler marker (264, 91);;ЛОЖЬ;ЛОЖЬ;;382;;;;;;;0;;;;1084;ЛОЖЬ;0;;;;;;;;;;;;;;Undefined;;;;;;;;;;;;ЛОЖЬ;ИСТИНА;;;;;;;;;;;;;;;;;;;;;;;;
R;2460_E;;;;;EXEC TIME;;ЛОЖЬ;ЛОЖЬ;;2460;;Byte;;;;;0;;;;156;ЛОЖЬ;0;;;;;;;;;;;;;;Undefined;491;3428;;;;;;;;;;ЛОЖЬ;;;;;;;;;;;;;;;;;;;;;;;;;
M;1506_1528_4;;;;C9011001;91PAHH081_FU1_I;;ЛОЖЬ;ЛОЖЬ;;1528;;;;;;;0;;;;1013;ЛОЖЬ;0;;;;;;;1=FIRST;;;;;;;Undefined;;;;;;;;;;;;ЛОЖЬ;ИСТИНА;;;;;;;;;;;;;;;;;;;;;;;;
M;C316_1_G;;;9100;9100;Function block marker;;ЛОЖЬ;ЛОЖЬ;;316;;;;;;;0;;;;1490;ЛОЖЬ;0;;;;;;;;;;;;;;Undefined;;;;;;;;;;;;ЛОЖЬ;ИСТИНА;;;;;;;;;;;;;;;;;;;;;;;;
DO;91PDAHH754_CA;;COM;901-10;A_C90111;CAUSE ALARM;No;ЛОЖЬ;ЛОЖЬ;;502;;;;;;;0;;;;1776;ЛОЖЬ;0;None;;;;;;0=ALARM;;;;;;;Undefined;491;3428;;;;;;;;;;ЛОЖЬ;;;;;;;;;;;;;;;;;;;;;;Output;EPKS_UCB;ESD_912_1;579
DO;91HA120;;COM;901-10;A_90110;BUTTON LCSA3;No;ИСТИНА;ЛОЖЬ;;344;;;;;;;0;;;;1627;ИСТИНА;33797;None;;;;;;0=TRIP;;;;;;;Undefined;491;3428;;;;;;;;;;ЛОЖЬ;;;;;;;;;;;;;;;;;;;;;;Output;EPKS_UCB;ESD_912_1;441
DO;91LS804A_TF;;COM;;;TRANSM FAULT;No;ЛОЖЬ;ЛОЖЬ;;621;;;;;;;0;;;;2738;ИСТИНА;33578;None;;;;;;0=ALARM;0=ALARM;;;;;;Undefined;;;;;;;;;;;;ЛОЖЬ;ИСТИНА;;;;;;;;;;;;;;;;;;;;;Output;EPKS_UCB;ESD_912_1;973
T;512_2;;;9100;;;;ЛОЖЬ;ЛОЖЬ;;512;;;;;;;;100 ms;5;;588;ЛОЖЬ;0;;;;;;;;;;;;;;Undefined;;;Delayed OFF with constant timer value;;;;;;;;;ЛОЖЬ;ИСТИНА;;;;;;;;;;;;;;;;;;;;;;;;
M;C518_3_F;;;9100;9100;Function block marker;;ЛОЖЬ;ЛОЖЬ;;518;;;;;;;0;;;;2803;ЛОЖЬ;0;;;;;;;;;;;;;;Undefined;;;;;;;;;;;;ЛОЖЬ;ИСТИНА;;;;;;;;;;;;;;;;;;;;;;;;
M;C392_2;;;9100;9100;Compiler marker (264, 91);;ЛОЖЬ;ЛОЖЬ;;392;;;;;;;0;;;;1081;ЛОЖЬ;0;;;;;;;;;;;;;;Undefined;;;;;;;;;;;;ЛОЖЬ;ИСТИНА;;;;;;;;;;;;;;;;;;;;;;;;
DI;91VSHH802A;;BNS;901-10;A_C90111;C9011001SX VIB IN CARTER;Yes;ИСТИНА;ЛОЖЬ;;634;;;;;;;;;;;58;ИСТИНА;33478;None;;;;;;0=TRIP;;;;;;;Undefined;491;3428;;18.03;7;3;1;Low;;;;ЛОЖЬ;;;;ЛОЖЬ;;;;;;;;;;;;;;;;;;Output;EPKS_UCB;ESD_912_1;688
DO;91LAHH493_CA;;COM;901-05;A_90105;CAUSE ALARM;No;ЛОЖЬ;ЛОЖЬ;;240;;;;;;;0;;;;1262;ЛОЖЬ;0;None;;;;;;0=ALARM;;;;;;;Undefined;491;3428;;;;;;;;;;ЛОЖЬ;;;;;;;;;;;;;;;;;;;;;;Output;EPKS_UCB;ESD_912_1;472
M;2432_B;;;;;LOOP AND;;ЛОЖЬ;ЛОЖЬ;;2432;;;;;;;0;;;;107;ЛОЖЬ;0;;;;;;;;;;;;;;Undefined;491;3428;;;;;;;;;;ЛОЖЬ;;;;;;;;;;;;;;;;;;;;;;;;;
M;C330_5;;;901-10;;Compiler marker (208, 186);;ЛОЖЬ;ЛОЖЬ;;330;;;;;;;0;;;;2014;ЛОЖЬ;0;;;;;;;;;;;;;;Undefined;491;3428;;;;;;;;;;ЛОЖЬ;;;;;;;;;;;;;;;;;;;;;;;;;
DO;91FI028B_MOC;;COM;901-10;A_90110;MO CONFIRMED;No;ИСТИНА;ЛОЖЬ;;346;;;;;;;0;;;;1638;ИСТИНА;33799;None;;;;;;1=CONFIRMED;;;;;;;Undefined;491;3428;;;;;;;;;;ЛОЖЬ;;;;;;;;;;;;;;;;;;;;;;Output;EPKS_UCB;ESD_912_1;426
DO;91XY048_C;;COM;9100;;AUTO CLOSURE 91XV048;No;ИСТИНА;ЛОЖЬ;;424;;;;;;;0;;;;741;ИСТИНА;33781;None;;;;;;0=CLOSE;;;;;;;Undefined;491;3428;;;;;;;;;;ЛОЖЬ;;;;;;;;;;;;;;;;;;;;;;Output;EPKS_UCB;ESD_912_1;774
DI;00XS912E01TMP;;CAB;901-10;S_B91_2;IB-91-2 ESD-01 ALARM TEMP;Yes;ИСТИНА;ЛОЖЬ;;18;;;;;;;;;;;4;ИСТИНА;33479;None;;;;;;0=ALARM;;;;;;;Undefined;491;3428;;18.03;1;13;1;Low;;;;ЛОЖЬ;;;;ЛОЖЬ;;;;;;;;;;;;;;;;;;Output;EPKS_UCB;ESD_912_1;696
DO;91LY754_P;;COM;901-10;A_C90111;TRIP OF OIL HEATER;No;ИСТИНА;ЛОЖЬ;;534;;;;;;;0;;;;665;ЛОЖЬ;34033;None;;;;;;1=TRIP;;;;;;;Undefined;491;3428;;;;;;;;;;ЛОЖЬ;;;;;;;;;;;;;;;;;;Output;CC_UCB_1;ESD_912_1;102;;;;
M;320_456_3;;;9100;;91PAHH099_I;;ЛОЖЬ;ЛОЖЬ;;456;;;;;;;0;;;;1740;ЛОЖЬ;0;;;;;;;0=TRIP INITIATOR;;;;;;;Undefined;491;3428;;;;;;;;;;ЛОЖЬ;;;;;;;;;;;;;;;;;;;;;;;;;
T;2450_1;;;901-10;;;;ЛОЖЬ;ЛОЖЬ;;2450;;;;;;;;100 ms;10;;0;ЛОЖЬ;0;;;;;;;;;;;;;;Undefined;491;3428;Delayed OFF with constant timer value;;;;;;;;;ЛОЖЬ;;;;;;;;;;;;;;;;;;;;;;;;;
DI;91PI084_MOR;;COM;901-10;A_90110;MO REQUEST;No;ЛОЖЬ;ИСТИНА;;318;;;;;;;0;;;;2216;ЛОЖЬ;0;None;;;;;;1=REQUEST;;;;;;;Undefined;491;3428;;;;;;Freeze;;;;ЛОЖЬ;;;;ЛОЖЬ;;;;;;;;;;;;;;;;;;Input;EPKS_UCB;ESD_912_1;73
M;C521_2_F;;;;;Function block marker;;ЛОЖЬ;ЛОЖЬ;;521;;;;;;;0;;;;2772;ЛОЖЬ;0;;;;;;;;;;;;;;Undefined;;;;;;;;;;;;ЛОЖЬ;ИСТИНА;;;;;;;;;;;;;;;;;;;;;;;;
DO;91FI030A_TF;;COM;9100;;TRANSM FAULT;No;ЛОЖЬ;ЛОЖЬ;;352;;;;;;;0;;;;2711;ИСТИНА;33946;None;;;;;;0=ALARM;0=ALARM;;;;;;Undefined;;;;;;;;;;;;ЛОЖЬ;ИСТИНА;;;;;;;;;;;;;;;;;;;;;Output;EPKS_UCB;ESD_912_1;963
BO;91LI751_L;;COM;901-10;A_C90111;LO ALARM SETPOINT;No;ЛОЖЬ;ЛОЖЬ;;501;;Float;;;;;0;;;;812;;0;;None;None;None;None;;;;;;;;;-XXXXX.X;;;;;;;;;;;;ЛОЖЬ;ИСТИНА;;;;;;;;;;;;;;;;;;;;;Output;EPKS_UCB;ESD_912_1;10249
AI;91LS804A;;FLD;901-10;A_C90111;Уровень. резервуар C-9011001SX;Yes;ИСТИНА;ЛОЖЬ;;621;ИСТИНА;Float;4-20mA;4;20;mA;;;;;232;ЛОЖЬ;33692;;None;None;None;None;;;;;;;;;-XXXXX.X;3.64;22;;18.04;7;8;1;Bottom scale;;;;ЛОЖЬ;ИСТИНА;ЛОЖЬ;;;;;;;;;;;;;;;;;;;;Output;EPKS_UCB;ESD_912_1;10199
M;1500_7;;;;C9011001;;;ЛОЖЬ;ЛОЖЬ;;1500;;;;;;;0;;;;41;ЛОЖЬ;0;;;;;;;;;;;;;;Undefined;;;;;;;;;;;;ЛОЖЬ;ИСТИНА;;;;;;;;;;;;;;;;;;;;;;;;
BO;91PI751_L;;COM;901-10;A_C90111;LO ALARM SETPOINT;No;ЛОЖЬ;ЛОЖЬ;;505;;Float;;;;;0;;;;784;;0;;None;None;None;None;;;;;;;;;-XXXXX.X;;;;;;;;;;;;ЛОЖЬ;ИСТИНА;;;;;;;;;;;;;;;;;;;;;Output;EPKS_UCB;ESD_912_1;10242
M;C315_1_G;;;;;Function block marker;;ЛОЖЬ;ЛОЖЬ;;315;;;;;;;0;;;;2670;ЛОЖЬ;0;;;;;;;;;;;;;;Undefined;;;;;;;;;;;;ЛОЖЬ;ИСТИНА;;;;;;;;;;;;;;;;;;;;;;;;
DO;91TAHH754_CA;;COM;901-10;A_C90111;CAUSE ALARM;No;ЛОЖЬ;ЛОЖЬ;;514;;;;;;;0;;;;1851;ЛОЖЬ;0;None;;;;;;0=ALARM;;;;;;;Undefined;491;3428;;;;;;;;;;ЛОЖЬ;;;;;;;;;;;;;;;;;;;;;;Output;EPKS_UCB;ESD_912_1;627
M;628_632_4;;;901-10;;CAPACITY 100%;;ЛОЖЬ;ЛОЖЬ;;632;;;;;;;0;;;;453;ЛОЖЬ;0;;;;;;;1=ACTIVE;;;;;;;Undefined;491;3428;;;;;;;;;;ЛОЖЬ;;;;;;;;;;;;;;;;;;;;;;;;;
DI;91ZSLL801_MOR;;COM;901-10;A_C90111;MO REQUEST;No;ЛОЖЬ;ИСТИНА;;620;;;;;;;0;;;;2150;ЛОЖЬ;0;None;;;;;;1=REQUEST;;;;;;;Undefined;491;3428;;;;;;Freeze;;;;ЛОЖЬ;;;;ЛОЖЬ;;;;;;;;;;;;;;;;;;Input;EPKS_UCB;ESD_912_1;7
DO;91XY047;;MCC;901-10;A_90110;AUTO CLOSURE 91XV047;Yes;ИСТИНА;ЛОЖЬ;;422;;;;;;;0;;;;105;ЛОЖЬ;33480;None;;;;;;1=CLOSE;;;;;;;Undefined;491;3428;;18.06;3;2;1;Appl;;;;ЛОЖЬ;;;;;;;;;;;;;;;;;;;;;;;;;
M;C317_1_E;;;;;Function block marker;;ЛОЖЬ;ЛОЖЬ;;317;;;;;;;0;;;;2654;ЛОЖЬ;0;;;;;;;;;;;;;;Undefined;;;;;;;;;;;;ЛОЖЬ;ИСТИНА;;;;;;;;;;;;;;;;;;;;;;;;
AI;91PI076;;FLD;901-10;A_90110;LIQUID NH3 TO V-9011001A;Yes;ИСТИНА;ЛОЖЬ;;314;ИСТИНА;Float;4-20mA;0;2.5;MPa-g;;;;;12;ЛОЖЬ;33963;;None;None;None;None;;;;-0.625;-0.625;;;;-XXXXX.X;3.64;22;;18.04;1;4;1;Top scale;;;;ЛОЖЬ;;ЛОЖЬ;;;;;;;;;;;;;;;;;;;;Output;EPKS_UCB;ESD_912_1;10087
M;C502_3_E;;;9100;9100;Function block marker;;ЛОЖЬ;ЛОЖЬ;;502;;;;;;;0;;;;2889;ЛОЖЬ;0;;;;;;;;;;;;;;Undefined;;;;;;;;;;;;ЛОЖЬ;ИСТИНА;;;;;;;;;;;;;;;;;;;;;;;;
DO;91VAHH802;;COM;901-10;A_90110;TRIP INITIATOR;No;ИСТИНА;ЛОЖЬ;;634;;;;;;;0;;;;463;ИСТИНА;33585;None;;;;;;0=TRIP;;;;;;;Undefined;491;3428;;;;;;;;;;ЛОЖЬ;;;;;;;;;;;;;;;;;;;;;;Output;EPKS_UCB;ESD_912_1;801
M;636_2;;;9100;;;;ЛОЖЬ;ЛОЖЬ;;636;;;;;;;0;;;;1034;ЛОЖЬ;0;;;;;;;;;;;;;;Undefined;;;;;;;;;;;;ЛОЖЬ;ИСТИНА;;;;;;;;;;;;;;;;;;;;;;;;
DI;91HS051A;;COM;901-10;A_90110;91XV051 OPEN;No;ИСТИНА;ИСТИНА;;366;;;;;;;0;;;;2153;ЛОЖЬ;33795;None;;;;;;1=OPEN (MOM);;;;;;;Undefined;491;3428;;;;;;Low;;;;ЛОЖЬ;;;;ЛОЖЬ;;;;;;;;;;;;;;;;;;Input;EPKS_UCB;ESD_912_1;103
DO;91XA801A_P;;COM;901-10;A_C90111;INDICATION LIGHT;No;ИСТИНА;ЛОЖЬ;;624;;;;;;;0;;;;2132;ЛОЖЬ;34034;None;;;;;;1=ACTIVE;;;;;;;Undefined;491;3428;;;;;;;;;;ЛОЖЬ;;;;;;;;;;;;;;;;;;Output;CC_UCB_1;ESD_912_1;94;;;;
M;C528_3;;;9100;9100;Compiler marker (317, 282);;ЛОЖЬ;ЛОЖЬ;;528;;;;;;;0;;;;659;ЛОЖЬ;0;;;;;;;;;;;;;;Undefined;491;3428;;;;;;;;;;ЛОЖЬ;;;;;;;;;;;;;;;;;;;;;;;;;
M;602_1320_3;;;;;91PDAH803_PERM;;ЛОЖЬ;ЛОЖЬ;;1320;;;;;;;0;;;;1643;ЛОЖЬ;0;;;;;;;0=ALARM;;;;;;;Undefined;;;;;;;;;;;;ЛОЖЬ;ИСТИНА;;;;;;;;;;;;;;;;;;;;;;;;
M;C248_3_E;;;4300;4300;Function block marker;;ЛОЖЬ;ЛОЖЬ;;248;;;;;;;0;;;;2110;ЛОЖЬ;0;;;;;;;;;;;;;;Undefined;491;3428;;;;;;;;;;ЛОЖЬ;;;;;;;;;;;;;;;;;;;;;;;;;
AI;91PI830;;FLD;901-10;A_C90111;C-9011001SX ДАВЛЕНИЕ ПОДАЧИ ПРОДУВ. ГАЗА;Yes;ИСТИНА;ЛОЖЬ;;608;ИСТИНА;Float;4-20mA;0;1.6;MPa;;;;;460;ЛОЖЬ;33911;;None;None;None;None;;;;;;;;;-XXXXX.X;3.64;22;;18.03;11;14;1;Bottom scale;;;;ЛОЖЬ;ИСТИНА;ЛОЖЬ;;;;;;;;;;;;;;;;;;;;Output;EPKS_UCB;ESD_912_1;10235
DO;91HA119_FU1;;COM;901-10;A_90110;BUTTON LCSA2;No;ИСТИНА;ЛОЖЬ;;1510;;;;;;;0;;;;823;ИСТИНА;34121;None;;;;;;1=FIRST;;;;;;;Undefined;;;;;;;;;;;;ЛОЖЬ;ИСТИНА;;;;;;;;;;;;;;;;;;;;;Output;EPKS_UCB;ESD_912_1;827
DO;91TI106_MOC;;COM;901-10;A_C90111;MO CONFIRMED;No;ИСТИНА;ЛОЖЬ;;300;;;;;;;0;;;;1294;ИСТИНА;33802;None;;;;;;1=CONFIRMED;;;;;;;Undefined;491;3428;;;;;;;;;;ЛОЖЬ;;;;;;;;;;;;;;;;;;;;;;Output;EPKS_UCB;ESD_912_1;647
M;1504_1;;;;C9011001;;;ЛОЖЬ;ЛОЖЬ;;1504;;;;;;;0;;;;53;ЛОЖЬ;0;;;;;;;;;;;;;;Undefined;;;;;;;;;;;;ЛОЖЬ;ИСТИНА;;;;;;;;;;;;;;;;;;;;;;;;
T;332_1;;;9100;;;;ЛОЖЬ;ЛОЖЬ;;332;;;;;;;;100 ms;10;;164;ЛОЖЬ;0;;;;;;;;;;;;;;Undefined;491;3428;Pulse retriggerable with constant timer value;;;;;;;;;ЛОЖЬ;;;;;;;;;;;;;;;;;;;;;;;;;
M;C536_2_A;;;9100;9100;Compiler marker;;ЛОЖЬ;ЛОЖЬ;;536;;;;;;;0;;;;588;ЛОЖЬ;0;;;;;;;;;;;;;;Undefined;491;3428;;;;;;;;;;ЛОЖЬ;;;;;;;;;;;;;;;;;;;;;;;;;
DO;91LALL058;;COM;;;AMMONIA TO V-9011001B;No;ИСТИНА;ЛОЖЬ;;327;;;;;;;0;;;;1538;ИСТИНА;33803;None;;;;;;0=TRIP;;;;;;;Undefined;491;3428;;;;;;;;;;ЛОЖЬ;;;;;;;;;;;;;;;;;;;;;;Output;EPKS_UCB;ESD_912_1;488
AI;91LI060;;FLD;901-10;A_90110;Уровень. в V-9011001C;Yes;ИСТИНА;ЛОЖЬ;;329;ИСТИНА;Float;4-20mA;0;100;%;;;;;360;ЛОЖЬ;33685;;None;None;None;None;;;;;;;;;-XXXXX.X;3.64;22;;18.04;11;6;1;Bottom scale;;;;ЛОЖЬ;ИСТИНА;ЛОЖЬ;;;;;;;;;;;;;;;;;;;;Output;EPKS_UCB;ESD_912_1;10217
M;340_424_4;;;9100;;91LAHH077_I;;ЛОЖЬ;ЛОЖЬ;;424;;;;;;;0;;;;1733;ЛОЖЬ;0;;;;;;;0=TRIP INITIATOR;;;;;;;Undefined;491;3428;;;;;;;;;;ЛОЖЬ;;;;;;;;;;;;;;;;;;;;;;;;;
M;2456_F;;;;;Trip 6;;ЛОЖЬ;ЛОЖЬ;;2456;;;;;;;0;;;;109;ЛОЖЬ;0;;;;;;;;;;;;;;Undefined;491;3428;;;;;;;;;;ЛОЖЬ;;;;;;;;;;;;;;;;;;;;;;;;;
M;635_2;;;;;;;ЛОЖЬ;ЛОЖЬ;;635;;;;;;;0;;;;1675;ЛОЖЬ;0;;;;;;;;;;;;;;Undefined;;;;;;;;;;;;ЛОЖЬ;ИСТИНА;;;;;;;;;;;;;;;;;;;;;;;;
M;C338_3_F;;;9100;9100;Function block marker;;ЛОЖЬ;ЛОЖЬ;;338;;;;;;;0;;;;2603;ЛОЖЬ;0;;;;;;;;;;;;;;Undefined;;;;;;;;;;;;ЛОЖЬ;ИСТИНА;;;;;;;;;;;;;;;;;;;;;;;;
M;636_6;;;9100;;;;ЛОЖЬ;ЛОЖЬ;;636;;;;;;;0;;;;618;ЛОЖЬ;0;;;;;;;;;;;;;;Undefined;491;3428;;;;;;;;;;ЛОЖЬ;;;;;;;;;;;;;;;;;;;;;;;;;
M;2420_D;;;;;0=Cause alarm;;ЛОЖЬ;ЛОЖЬ;;2420;;;;;;;0;;;;101;ЛОЖЬ;0;;;;;;;;;;;;;;Undefined;491;3428;;;;;;;;;;ЛОЖЬ;;;;;;;;;;;;;;;;;;;;;;;;;
DO;91FI028A_TF;;COM;9100;;TRANSM FAULT;No;ЛОЖЬ;ЛОЖЬ;;346;;;;;;;0;;;;2709;ИСТИНА;33938;None;;;;;;0=ALARM;0=ALARM;;;;;;Undefined;;;;;;;;;;;;ЛОЖЬ;ИСТИНА;;;;;;;;;;;;;;;;;;;;;Output;EPKS_UCB;ESD_912_1;961
R;518_496_4;;;9100;;91TI761A;;ЛОЖЬ;ЛОЖЬ;;496;;Float;;;;;0;;;;672;ЛОЖЬ;0;;;;;;;;;;;;;;Undefined;;;;;;;;;;;;ЛОЖЬ;ИСТИНА;;;;;;;;;;;;;;;;;;;;;;;;
DO;91PAHH752;;COM;901-10;A_C90111;C9011001AX GAS PRS;No;ИСТИНА;ЛОЖЬ;;504;;;;;;;0;;;;1788;ИСТИНА;33804;None;;;;;;0=TRIP;;;;;;;Undefined;491;3428;;;;;;;;;;ЛОЖЬ;;;;;;;;;;;;;;;;;;;;;;Output;EPKS_UCB;ESD_912_1;542
M;C606_6_F;;;9100;9100;Function block marker;;ЛОЖЬ;ЛОЖЬ;;606;;;;;;;0;;;;2829;ЛОЖЬ;0;;;;;;;;;;;;;;Undefined;;;;;;;;;;;;ЛОЖЬ;ИСТИНА;;;;;;;;;;;;;;;;;;;;;;;;
M;624_636_3;;;901-10;;COMMON TRIP;;ЛОЖЬ;ЛОЖЬ;;636;;;;;;;0;;;;1821;ЛОЖЬ;0;;;;;;;0=TRIP;;;;;;;Undefined;491;3428;;;;;;;;;;ЛОЖЬ;;;;;;;;;;;;;;;;;;;;;;;;;
M;C329_1_G;;;9100;9100;Function block marker;;ЛОЖЬ;ЛОЖЬ;;329;;;;;;;0;;;;2119;ЛОЖЬ;0;;;;;;;;;;;;;;Undefined;;;;;;;;;;;;ЛОЖЬ;ИСТИНА;;;;;;;;;;;;;;;;;;;;;;;;
M;318_446_4;;;9100;;91PAHH 084_I;;ЛОЖЬ;ЛОЖЬ;;446;;;;;;;0;;;;1729;ЛОЖЬ;0;;;;;;;0=TRIP INITIATOR;;;;;;;Undefined;491;3428;;;;;;;;;;ЛОЖЬ;;;;;;;;;;;;;;;;;;;;;;;;;
M;C314_1_F;;;9100;9100;Function block marker;;ЛОЖЬ;ЛОЖЬ;;314;;;;;;;0;;;;1520;ЛОЖЬ;0;;;;;;;;;;;;;;Undefined;;;;;;;;;;;;ЛОЖЬ;ИСТИНА;;;;;;;;;;;;;;;;;;;;;;;;
DO;91PI050_TF;;COM;901-10;A_90110;TRANSM FAULT;No;ЛОЖЬ;ЛОЖЬ;;438;;;;;;;0;;;;1545;ИСТИНА;33805;None;;;;;;0=ALARM;;;;;;;Undefined;491;3428;;;;;;;;;;ЛОЖЬ;;;;;;;;;;;;;;;;;;;;;;Output;EPKS_UCB;ESD_912_1;586
M;C2470_3;;;;;Compiler marker (176, 186);;ЛОЖЬ;ЛОЖЬ;;2470;;;;;;;0;;;;172;ЛОЖЬ;0;;;;;;;;;;;;;;Undefined;491;3428;;;;;;;;;;ЛОЖЬ;;;;;;;;;;;;;;;;;;;;;;;;;
DO;91LI802_MOC;;COM;901-10;A_C90111;MO CONFIRMED;No;ИСТИНА;ЛОЖЬ;;600;;;;;;;0;;;;1987;ИСТИНА;33806;None;;;;;;1=CONFIRMED;;;;;;;Undefined;491;3428;;;;;;;;;;ЛОЖЬ;;;;;;;;;;;;;;;;;;;;;;Output;EPKS_UCB;ESD_912_1;529
DO;91HY814A;;MCC;901-10;A_P90110;C-9011001SX OIL PUMP PM1;Yes;ИСТИНА;ЛОЖЬ;;634;;;;;;;0;;;;190;ИСТИНА;33482;None;;;;;;1=START;;;;;;;Undefined;491;3428;;18.06;13;7;1;Appl;;;;ЛОЖЬ;;;;;;;;;;;;;;;;;;;;;;Output;EPKS_UCB;ESD_912_1;756
T;321_1;;;9100;;;;ЛОЖЬ;ЛОЖЬ;;321;;;;;;;;100 ms;5;;156;ЛОЖЬ;0;;;;;;;;;;;;;;Undefined;;;Delayed OFF with constant timer value;;;;;;;;;ЛОЖЬ;ИСТИНА;;;;;;;;;;;;;;;;;;;;;;;;
M;316_442_2;;;901-10;;91PAHH081_I;;ЛОЖЬ;ЛОЖЬ;;442;;;;;;;0;;;;1678;ЛОЖЬ;0;;;;;;;0=TRIP INITIATOR;;;;;;;Undefined;491;3428;;;;;;;;;;ЛОЖЬ;;;;;;;;;;;;;;;;;;;;;;;;;
DO;91XY062_C;;COM;9100;;AUTO CLOSURE 91XV062;No;ИСТИНА;ЛОЖЬ;;430;;;;;;;0;;;;647;ИСТИНА;33807;None;;;;;;0=CLOSE;;;;;;;Undefined;491;3428;;;;;;;;;;ЛОЖЬ;;;;;;;;;;;;;;;;;;;;;;Output;EPKS_UCB;ESD_912_1;777
DO;91LAL493B_P;;COM;901-05;A_90105;INDICATION LIGHT;No;ИСТИНА;ЛОЖЬ;;252;;;;;;;0;;;;1889;ЛОЖЬ;34036;None;;;;;;1=ACTIVE;;;;;;;Undefined;491;3428;;;;;;;;;;ЛОЖЬ;;;;;;;;;;;;;;;;;;Output;CC_UCB_1;ESD_912_1;73;;;;
DO;91XY052;;FLD;901-10;A_90110;INLET VALVE CTRL 91XV052;Yes;ИСТИНА;ЛОЖЬ;;368;;;;;;;0;;;;17;ИСТИНА;33483;None;;;;;;1=OPEN;;;;;;;Undefined;491;3428;;18.05;1;2;1;Appl;;;;ЛОЖЬ;;;;;;;;;;;;;;;;;;;;;;Output;EPKS_UCB;ESD_912_1;728
DO;91XA751;;COM;901-10;A_C90111;C9011001AX DEACT ALR;No;ИСТИНА;ЛОЖЬ;;524;;;;;;;0;;;;1905;ИСТИНА;33808;None;;;;;;0=TRIP;;;;;;;Undefined;491;3428;;;;;;;;;;ЛОЖЬ;;;;;;;;;;;;;;;;;;;;;;Output;EPKS_UCB;ESD_912_1;673
DO;91LAHH052_CA;;COM;9100;;CAUSE ALARM;No;ЛОЖЬ;ЛОЖЬ;;321;;;;;;;0;;;;1473;ЛОЖЬ;0;None;;;;;;0=ALARM;;;;;;;Undefined;491;3428;;;;;;;;;;ЛОЖЬ;;;;;;;;;;;;;;;;;;;;;;Output;EPKS_UCB;ESD_912_1;456
DO;91XY078;;MCC;901-10;A_90110;AUTO CLOSURE 91XV078;Yes;ИСТИНА;ЛОЖЬ;;440;;;;;;;0;;;;122;ЛОЖЬ;33484;None;;;;;;1=CLOSE;;;;;;;Undefined;491;3428;;18.06;5;3;1;Appl;;;;ЛОЖЬ;;;;;;;;;;;;;;;;;;;;;;;;;
M;319_398_1;;;9100;;91PALL084_I;;ЛОЖЬ;ЛОЖЬ;;398;;;;;;;0;;;;2688;ЛОЖЬ;0;;;;;;;0=TRIP INITIATOR;;;;;;;Undefined;;;;;;;;;;;;ЛОЖЬ;ИСТИНА;;;;;;;;;;;;;;;;;;;;;;;;
M;C518_4_D;;;9100;9100;Function block marker;;ЛОЖЬ;ЛОЖЬ;;518;;;;;;;0;;;;2806;ЛОЖЬ;0;;;;;;;;;;;;;;Undefined;;;;;;;;;;;;ЛОЖЬ;ИСТИНА;;;;;;;;;;;;;;;;;;;;;;;;
M;C306_1_D;;;9100;9100;Function block marker;;ЛОЖЬ;ЛОЖЬ;;306;;;;;;;0;;;;2090;ЛОЖЬ;0;;;;;;;;;;;;;;Undefined;491;3428;;;;;;;;;;ЛОЖЬ;;;;;;;;;;;;;;;;;;;;;;;;;
AI;91TI809A;;FLD;901-10;A_C90111;C-9011001SX Т ОХЛАЖД. ВОДЫ ДО ОХЛ-ЛЯ;Yes;ИСТИНА;ЛОЖЬ;;616;ИСТИНА;Float;4-20mA;-50;100;°C;;;;;380;ЛОЖЬ;33910;;None;None;None;None;;;;;;;;;-XXXXX.X;3.76;21;;18.04;11;11;1;Top scale;;;;ЛОЖЬ;ИСТИНА;ЛОЖЬ;;;;;;;;;;;;;;;;;;;;Output;EPKS_UCB;ESD_912_1;10238
M;370_2;;;9100;;;;ЛОЖЬ;ЛОЖЬ;;370;;;;;;;0;;;;756;ЛОЖЬ;0;;;;;;;;;;;;;;Undefined;491;3428;;;;;;;;;;ЛОЖЬ;;;;;;;;;;;;;;;;;;;;;;;;;
M;2375_1;;;;;;;ЛОЖЬ;ЛОЖЬ;;2375;;;;;;;0;;;;1252;ЛОЖЬ;0;;;;;;;;;;;;;;Undefined;491;3428;;;;;;;;;;ЛОЖЬ;;;;;;;;;;;;;;;;;;;;;;;;;
M;604_1514_3;;;9100;;91PAHH802_I;;ЛОЖЬ;ЛОЖЬ;;1514;;;;;;;0;;;;875;ЛОЖЬ;0;;;;;;;0=TRIP INITIATOR;;;;;;;Undefined;;;;;;;;;;;;ЛОЖЬ;ИСТИНА;;;;;;;;;;;;;;;;;;;;;;;;
M;C171_1;;;;;Compiler marker (288, 228);;ЛОЖЬ;ЛОЖЬ;;171;;;;;;;0;;;;594;ЛОЖЬ;0;;;;;;;;;;;;;;Undefined;491;3428;;;;;;;;;;ЛОЖЬ;;;;;;;;;;;;;;;;;;;;;;;;;
M;C510_3_F;;;9100;9100;Function block marker;;ЛОЖЬ;ЛОЖЬ;;510;;;;;;;0;;;;2871;ЛОЖЬ;0;;;;;;;;;;;;;;Undefined;;;;;;;;;;;;ЛОЖЬ;ИСТИНА;;;;;;;;;;;;;;;;;;;;;;;;
M;C330_3;;;901-10;;Compiler marker (208, 252);;ЛОЖЬ;ЛОЖЬ;;330;;;;;;;0;;;;2008;ЛОЖЬ;0;;;;;;;;;;;;;;Undefined;491;3428;;;;;;;;;;ЛОЖЬ;;;;;;;;;;;;;;;;;;;;;;;;;
M;C344_1_C;;;9100;9100;Function block marker;;ЛОЖЬ;ЛОЖЬ;;344;;;;;;;0;;;;1940;ЛОЖЬ;0;;;;;;;;;;;;;;Undefined;491;3428;;;;;;;;;;ЛОЖЬ;;;;;;;;;;;;;;;;;;;;;;;;;
M;C325_1_F;;;;;Function block marker;;ЛОЖЬ;ЛОЖЬ;;325;;;;;;;0;;;;2701;ЛОЖЬ;0;;;;;;;;;;;;;;Undefined;;;;;;;;;;;;ЛОЖЬ;ИСТИНА;;;;;;;;;;;;;;;;;;;;;;;;
DO;91TI811A_TF;;COM;901-10;A_C90111;TRANSM FAULT;No;ЛОЖЬ;ЛОЖЬ;;618;;;;;;;0;;;;2735;ИСТИНА;33948;None;;;;;;0=ALARM;0=ALARM;;;;;;Undefined;;;;;;;;;;;;ЛОЖЬ;ИСТИНА;;;;;;;;;;;;;;;;;;;;;Output;EPKS_UCB;ESD_912_1;968
M;316_3;;;901-10;;;;ЛОЖЬ;ЛОЖЬ;;316;;;;;;;0;;;;406;ЛОЖЬ;0;;;;;;;;;;;;;;Undefined;491;3428;;;;;;;;;;ЛОЖЬ;;;;;;;;;;;;;;;;;;;;;;;;;
M;2470_C;;;;;Signal 2;;ЛОЖЬ;ЛОЖЬ;;2470;;;;;;;0;;;;157;ЛОЖЬ;0;;;;;;;;;;;;;;Undefined;491;3428;;;;;;;;;;ЛОЖЬ;;;;;;;;;;;;;;;;;;;;;;;;;
M;524_4;;;9100;;;;ЛОЖЬ;ЛОЖЬ;;524;;;;;;;0;;;;630;ЛОЖЬ;0;;;;;;;;;;;;;;Undefined;491;3428;;;;;;;;;;ЛОЖЬ;;;;;;;;;;;;;;;;;;;;;;;;;
M;324_330_3;;;901-10;;91LAHH055_I;;ЛОЖЬ;ЛОЖЬ;;330;;;;;;;0;;;;1530;ЛОЖЬ;0;;;;;;;0=TRIP INITIATOR;;;;;;;Undefined;491;3428;;;;;;;;;;ЛОЖЬ;;;;;;;;;;;;;;;;;;;;;;;;;
R;2456_M;;;;;X out of Y;;ЛОЖЬ;ЛОЖЬ;;2456;;Float;;;;;0;;;;144;ЛОЖЬ;0;;;;;;;;;;;;;;Undefined;491;3428;;;;;;;;;;ЛОЖЬ;;;;;;;;;;;;;;;;;;;;;;;;;
M;C402_2;;;9100;9100;Compiler marker (248, 67);;ЛОЖЬ;ЛОЖЬ;;402;;;;;;;0;;;;1078;ЛОЖЬ;0;;;;;;;;;;;;;;Undefined;;;;;;;;;;;;ЛОЖЬ;ИСТИНА;;;;;;;;;;;;;;;;;;;;;;;;
M;C602_4_B;;;9100;9100;Function block marker;;ЛОЖЬ;ЛОЖЬ;;602;;;;;;;0;;;;2841;ЛОЖЬ;0;;;;;;;;;;;;;;Undefined;;;;;;;;;;;;ЛОЖЬ;ИСТИНА;;;;;;;;;;;;;;;;;;;;;;;;
M;C1520_1_M;;;;;Function block marker;;ЛОЖЬ;ЛОЖЬ;;1520;;;;;;;0;;;;947;ЛОЖЬ;0;;;;;;;;;;;;;;Undefined;;;;;;;;;;;;ЛОЖЬ;ИСТИНА;;;;;;;;;;;;;;;;;;;;;;;;
M;502_186_1;;;901-10;;91PDT754;;ЛОЖЬ;ЛОЖЬ;;186;;;;;;;0;;;;1774;ЛОЖЬ;0;;;;;;;1=MO CONFIRMED;;;;;;;Undefined;491;3428;;;;;;;;;;ЛОЖЬ;;;;;;;;;;;;;;;;;;;;;;;;;
M;1502_4;;;;C9011001;;;ЛОЖЬ;ЛОЖЬ;;1502;;;;;;;0;;;;50;ЛОЖЬ;0;;;;;;;;;;;;;;Undefined;;;;;;;;;;;;ЛОЖЬ;ИСТИНА;;;;;;;;;;;;;;;;;;;;;;;;
M;624_636_2;;;9100;;C-9011001SX EMER. STOP;;ЛОЖЬ;ЛОЖЬ;;636;;;;;;;0;;;;1832;ЛОЖЬ;0;;;;;;;0=TRIP;;;;;;;Undefined;491;3428;;;;;;;;;;ЛОЖЬ;;;;;;;;;;;;;;;;;;;;;;;;;
M;C1522_1_I;;;;;Function block marker;;ЛОЖЬ;ЛОЖЬ;;1522;;;;;;;0;;;;937;ЛОЖЬ;0;;;;;;;;;;;;;;Undefined;;;;;;;;;;;;ЛОЖЬ;ИСТИНА;;;;;;;;;;;;;;;;;;;;;;;;
M;C536_3_A;;;9100;9100;Compiler marker;;ЛОЖЬ;ЛОЖЬ;;536;;;;;;;0;;;;609;ЛОЖЬ;0;;;;;;;;;;;;;;Undefined;491;3428;;;;;;;;;;ЛОЖЬ;;;;;;;;;;;;;;;;;;;;;;;;;
T;348_2;;;9100;;;;ЛОЖЬ;ЛОЖЬ;;348;;;;;;;;100 ms;5;;896;ЛОЖЬ;0;;;;;;;;;;;;;;Undefined;;;Delayed OFF with constant timer value;;;;;;;;;ЛОЖЬ;ИСТИНА;;;;;;;;;;;;;;;;;;;;;;;;
M;C598_1_E;;;9100;9100;Function block marker;;ЛОЖЬ;ЛОЖЬ;;598;;;;;;;0;;;;526;ЛОЖЬ;0;;;;;;;;;;;;;;Undefined;491;3428;;;;;;;;;;ЛОЖЬ;;;;;;;;;;;;;;;;;;;;;;;;;
M;C1504_1_L;;;;;Function block marker;;ЛОЖЬ;ЛОЖЬ;;1504;;;;;;;0;;;;988;ЛОЖЬ;0;;;;;;;;;;;;;;Undefined;;;;;;;;;;;;ЛОЖЬ;ИСТИНА;;;;;;;;;;;;;;;;;;;;;;;;
M;C319_1_F;;;;;Function block marker;;ЛОЖЬ;ЛОЖЬ;;319;;;;;;;0;;;;2679;ЛОЖЬ;0;;;;;;;;;;;;;;Undefined;;;;;;;;;;;;ЛОЖЬ;ИСТИНА;;;;;;;;;;;;;;;;;;;;;;;;
M;C528_2;;;9100;9100;Compiler marker (317, 132);;ЛОЖЬ;ЛОЖЬ;;528;;;;;;;0;;;;658;ЛОЖЬ;0;;;;;;;;;;;;;;Undefined;491;3428;;;;;;;;;;ЛОЖЬ;;;;;;;;;;;;;;;;;;;;;;;;;
M;354_356_4;;;9100;;91FALL031B_I;;ЛОЖЬ;ЛОЖЬ;;356;;;;;;;0;;;;1411;ЛОЖЬ;0;;;;;;;0=TRIP INITIATOR;;;;;;;Undefined;491;3428;;;;;;;;;;ЛОЖЬ;;;;;;;;;;;;;;;;;;;;;;;;;
DI;91LSLL804_MOR;;COM;;;MO REQUEST;No;ЛОЖЬ;ИСТИНА;;621;;;;;;;0;;;;2151;ЛОЖЬ;0;None;;;;;;1=REQUEST;;;;;;;Undefined;491;3428;;;;;;Freeze;;;;ЛОЖЬ;;;;ЛОЖЬ;;;;;;;;;;;;;;;;;;Input;EPKS_UCB;ESD_912_1;8
M;C306_2_B;;;9100;9100;Function block marker;;ЛОЖЬ;ЛОЖЬ;;306;;;;;;;0;;;;2089;ЛОЖЬ;0;;;;;;;;;;;;;;Undefined;491;3428;;;;;;;;;;ЛОЖЬ;;;;;;;;;;;;;;;;;;;;;;;;;
M;C508_3_G;;;9100;9100;Function block marker;;ЛОЖЬ;ЛОЖЬ;;508;;;;;;;0;;;;2875;ЛОЖЬ;0;;;;;;;;;;;;;;Undefined;;;;;;;;;;;;ЛОЖЬ;ИСТИНА;;;;;;;;;;;;;;;;;;;;;;;;
M;2450_B;;;;;Signal 2;;ЛОЖЬ;ЛОЖЬ;;2450;;;;;;;0;;;;139;ЛОЖЬ;0;;;;;;;;;;;;;;Undefined;491;3428;;;;;;;;;;ЛОЖЬ;;;;;;;;;;;;;;;;;;;;;;;;;
DO;91HA119;;COM;901-10;A_90110;BUTTON LCSA2;No;ИСТИНА;ЛОЖЬ;;296;;;;;;;0;;;;1446;ИСТИНА;33810;None;;;;;;0=TRIP;;;;;;;Undefined;491;3428;;;;;;;;;;ЛОЖЬ;;;;;;;;;;;;;;;;;;;;;;Output;EPKS_UCB;ESD_912_1;439
M;306_432_2;;;901-10;;91TAHH990_I;;ЛОЖЬ;ЛОЖЬ;;432;;;;;;;0;;;;1363;ЛОЖЬ;0;;;;;;;0=TRIP INITIATOR;;;;;;;Undefined;491;3428;;;;;;;;;;ЛОЖЬ;;;;;;;;;;;;;;;;;;;;;;;;;
M;1522_1528_4;;;;C9011001;91HA120_FU2_I;;ЛОЖЬ;ЛОЖЬ;;1528;;;;;;;0;;;;1021;ЛОЖЬ;0;;;;;;;1=FIRST;;;;;;;Undefined;;;;;;;;;;;;ЛОЖЬ;ИСТИНА;;;;;;;;;;;;;;;;;;;;;;;;
T;536_1;;;901-10;;;;ЛОЖЬ;ЛОЖЬ;;536;;;;;;;;100 ms;20;;244;ЛОЖЬ;0;;;;;;;;;;;;;;Undefined;491;3428;Pulse with constant timer value;;;;;;;;;ЛОЖЬ;;;;;;;;;;;;;;;;;;;;;;;;;
T;328_1;;;9100;;;;ЛОЖЬ;ЛОЖЬ;;328;;;;;;;;100 ms;5;;144;ЛОЖЬ;0;;;;;;;;;;;;;;Undefined;;;Delayed OFF with constant timer value;;;;;;;;;ЛОЖЬ;ИСТИНА;;;;;;;;;;;;;;;;;;;;;;;;
M;514_1310_3;;;;;91TAH753_PERM;;ЛОЖЬ;ЛОЖЬ;;1310;;;;;;;0;;;;1356;ЛОЖЬ;0;;;;;;;0=ALARM;;;;;;;Undefined;;;;;;;;;;;;ЛОЖЬ;ИСТИНА;;;;;;;;;;;;;;;;;;;;;;;;
AI;91PI820;;FLD;901-10;A_C90111;C-9011001SX ДАВЛЕНИЕ МАСЛА В КАРТЕРЕ;Yes;ИСТИНА;ЛОЖЬ;;610;ИСТИНА;Float;4-20mA;0;100;KPa;;;;;456;ЛОЖЬ;34039;;None;None;None;None;;;;;;;;;-XXXXX.X;3.64;22;;18.03;11;13;1;Bottom scale;;;;ЛОЖЬ;ИСТИНА;ЛОЖЬ;;;;;;;;;;;;;;;;;;;;Output;EPKS_UCB;ESD_912_1;10234
R;618_598_3;;;901-10;;91TI811;;ЛОЖЬ;ЛОЖЬ;;598;;Float;;;;;0;;;;556;ЛОЖЬ;0;;;;;;;;;;;;;;Undefined;491;3428;;;;;;;;;;ЛОЖЬ;;;;;;;;;;;;;;;;;;;;;;;;;
DO;91VAHH801_FU;;COM;901-10;A_90110;TRIP INITIATOR;No;ИСТИНА;ЛОЖЬ;;1524;;;;;;;0;;;;1798;ИСТИНА;33509;None;;;;;;1=FIRST;1=FIRST;;;;;;Undefined;;;;;;;;;;;;ЛОЖЬ;ИСТИНА;;;;;;;;;;;;;;;;;;;;;Output;EPKS_UCB;ESD_912_1;943
DO;91XY044_C;;COM;9100;;AUTO CLOSURE 91XV044;No;ИСТИНА;ЛОЖЬ;;416;;;;;;;0;;;;737;ИСТИНА;33823;None;;;;;;0=CLOSE;;;;;;;Undefined;491;3428;;;;;;;;;;ЛОЖЬ;;;;;;;;;;;;;;;;;;;;;;Output;EPKS_UCB;ESD_912_1;770
M;310_408_2;;;901-10;;91PAHH063_I;;ЛОЖЬ;ЛОЖЬ;;408;;;;;;;0;;;;1722;ЛОЖЬ;0;;;;;;;0=TRIP INITIATOR;;;;;;;Undefined;491;3428;;;;;;;;;;ЛОЖЬ;;;;;;;;;;;;;;;;;;;;;;;;;
BO;91TI801_H;;COM;901-10;A_C90111;HI ALARM SETPOINT;No;ЛОЖЬ;ЛОЖЬ;;612;;Float;;;;;0;;;;1108;;0;;None;None;None;None;;;;;;;;;-XXXXX.X;;;;;;;;;;;;ЛОЖЬ;ИСТИНА;;;;;;;;;;;;;;;;;;;;;Output;EPKS_UCB;ESD_912_1;10256
M;316_317_5;;;;;91PI081_F;;ЛОЖЬ;ЛОЖЬ;;317;;;;;;;0;;;;2652;ЛОЖЬ;0;;;;;;;1=FAULT;;;;;;;Undefined;;;;;;;;;;;;ЛОЖЬ;ИСТИНА;;;;;;;;;;;;;;;;;;;;;;;;
M;C384_1;;;901-10;;Compiler marker (304, 90);;ЛОЖЬ;ЛОЖЬ;;384;;;;;;;0;;;;1859;ЛОЖЬ;0;;;;;;;;;;;;;;Undefined;491;3428;;;;;;;;;;ЛОЖЬ;;;;;;;;;;;;;;;;;;;;;;;;;
AI;91LI061;;FLD;901-10;A_90110;NH3 TO V-9011001C;Yes;ИСТИНА;ЛОЖЬ;;328;ИСТИНА;Float;4-20mA;0;100;%;;;;;152;ЛОЖЬ;33964;;None;None;None;None;;;;-25;-25;;;;-XXXXX.X;3.64;22;;18.04;5;5;1;Bottom scale;;;;ЛОЖЬ;;ЛОЖЬ;;;;;;;;;;;;;;;;;;;;Output;EPKS_UCB;ESD_912_1;10072
M;602_188_1;;;901-10;;91PDT804;;ЛОЖЬ;ЛОЖЬ;;188;;;;;;;0;;;;1993;ЛОЖЬ;0;;;;;;;1=MO CONFIRMED;;;;;;;Undefined;491;3428;;;;;;;;;;ЛОЖЬ;;;;;;;;;;;;;;;;;;;;;;;;;
T;318_3;;;9100;;;;ЛОЖЬ;ЛОЖЬ;;318;;;;;;;;100 ms;5;;860;ЛОЖЬ;0;;;;;;;;;;;;;;Undefined;;;Delayed OFF with constant timer value;;;;;;;;;ЛОЖЬ;ИСТИНА;;;;;;;;;;;;;;;;;;;;;;;;
M;C327_2_E;;;;;Function block marker;;ЛОЖЬ;ЛОЖЬ;;327;;;;;;;0;;;;2064;ЛОЖЬ;0;;;;;;;;;;;;;;Undefined;;;;;;;;;;;;ЛОЖЬ;ИСТИНА;;;;;;;;;;;;;;;;;;;;;;;;
M;C372_2;;;9100;9100;Compiler marker (256, 91);;ЛОЖЬ;ЛОЖЬ;;372;;;;;;;0;;;;1087;ЛОЖЬ;0;;;;;;;;;;;;;;Undefined;;;;;;;;;;;;ЛОЖЬ;ИСТИНА;;;;;;;;;;;;;;;;;;;;;;;;
DO;91LI052_MOC;;COM;9100;;MO CONFIRMED;No;ИСТИНА;ЛОЖЬ;;321;;;;;;;0;;;;1480;ИСТИНА;33811;None;;;;;;1=CONFIRMED;;;;;;;Undefined;491;3428;;;;;;;;;;ЛОЖЬ;;;;;;;;;;;;;;;;;;;;;;Output;EPKS_UCB;ESD_912_1;505
M;C310_3_F;;;9100;9100;Function block marker;;ЛОЖЬ;ЛОЖЬ;;310;;;;;;;0;;;;1575;ЛОЖЬ;0;;;;;;;;;;;;;;Undefined;;;;;;;;;;;;ЛОЖЬ;ИСТИНА;;;;;;;;;;;;;;;;;;;;;;;;
DO;91PDAHH754_FU;;COM;901-10;A_C90111;C9011001AX GAS PRS DIFF;No;ИСТИНА;ЛОЖЬ;;1500;;;;;;;0;;;;800;ИСТИНА;34098;None;;;;;;1=FIRST;;;;;;;Undefined;;;;;;;;;;;;ЛОЖЬ;ИСТИНА;;;;;;;;;;;;;;;;;;;;;Output;EPKS_UCB;ESD_912_1;804
M;610_622_2;;;9100;;91PALL824_I;;ЛОЖЬ;ЛОЖЬ;;622;;;;;;;0;;;;1765;ЛОЖЬ;0;;;;;;;0=TRIP INITIATOR;;;;;;;Undefined;491;3428;;;;;;;;;;ЛОЖЬ;;;;;;;;;;;;;;;;;;;;;;;;;
DI;91VSHH751_MOR;;COM;910-10;A_C90111;MO REQUEST;No;ЛОЖЬ;ИСТИНА;;535;;;;;;;0;;;;2208;ЛОЖЬ;0;None;;;;;;1=REQUEST;1=REQUEST;;;;;;Undefined;;;;;;;;Freeze;;;;ЛОЖЬ;ИСТИНА;;;ЛОЖЬ;View only;;;;;;;;;;;;;;;;;Input;EPKS_UCB;ESD_912_1;12
M;1514_3;;;;C9011001;;;ЛОЖЬ;ЛОЖЬ;;1514;;;;;;;0;;;;832;ЛОЖЬ;0;;;;;;;;;;;;;;Undefined;;;;;;;;;;;;ЛОЖЬ;ИСТИНА;;;;;;;;;;;;;;;;;;;;;;;;
T;310_3;;;9100;;;;ЛОЖЬ;ЛОЖЬ;;310;;;;;;;;100 ms;5;;768;ЛОЖЬ;0;;;;;;;;;;;;;;Undefined;;;Delayed OFF with constant timer value;;;;;;;;;ЛОЖЬ;ИСТИНА;;;;;;;;;;;;;;;;;;;;;;;;
DO;91TAHH802A_P;;COM;901-10;A_C90111;INDICATION LIGHT;No;ИСТИНА;ЛОЖЬ;;612;;;;;;;0;;;;546;ЛОЖЬ;34037;None;;;;;;1=ACTIVE;;;;;;;Undefined;491;3428;;;;;;;;;;ЛОЖЬ;;;;;;;;;;;;;;;;;;Output;CC_UCB_1;ESD_912_1;90;;;;
DO;91LALL495;;COM;901-05;A_90105;5% SODA V9010503;No;ИСТИНА;ЛОЖЬ;;250;;;;;;;0;;;;1314;ИСТИНА;33812;None;;;;;;0=TRIP;;;;;;;Undefined;491;3428;;;;;;;;;;ЛОЖЬ;;;;;;;;;;;;;;;;;;;;;;Output;EPKS_UCB;ESD_912_1;501
DO;91XY053_ESD;;COM;901-10;A_90110;91XY053 ESD TRIP;No;ЛОЖЬ;ЛОЖЬ;;370;;;;;;;0;;;;1057;ЛОЖЬ;0;None;;;;;;0=TRIP;;;;;;;Undefined;;;;;;;;;;;;ЛОЖЬ;ИСТИНА;;;;;;;;;;;;;;;;;;;;;Output;EPKS_UCB;ESD_912_1;685
DO;91XY067;;FLD;901-10;A_90110;INLET VALVE CTRL 91XV067;Yes;ИСТИНА;ЛОЖЬ;;386;;;;;;;0;;;;34;ИСТИНА;33486;None;;;;;;1=OPEN;;;;;;;Undefined;491;3428;;18.05;5;3;1;Appl;;;;ЛОЖЬ;;;;;;;;;;;;;;;;;;;;;;Output;EPKS_UCB;ESD_912_1;737
DO;91TAHH811A_CA;;COM;9100;;CAUSE ALARM;No;ЛОЖЬ;ЛОЖЬ;;618;;;;;;;0;;;;2776;ЛОЖЬ;0;None;;;;;;0=ALARM;0=ALARM;;;;;;Undefined;;;;;;;;;;;;ЛОЖЬ;ИСТИНА;;;;;;;;;;;;;;;;;;;;;Output;EPKS_UCB;ESD_912_1;976
M;C318_3_G;;;9100;9100;Function block marker;;ЛОЖЬ;ЛОЖЬ;;318;;;;;;;0;;;;1442;ЛОЖЬ;0;;;;;;;;;;;;;;Undefined;;;;;;;;;;;;ЛОЖЬ;ИСТИНА;;;;;;;;;;;;;;;;;;;;;;;;
DO;91PAHH802A_P;;COM;901-10;;INDICATION LIGHT;No;ИСТИНА;ЛОЖЬ;;622;;;;;;;0;;;;543;ЛОЖЬ;34038;None;;;;;;1=ACTIVE;;;;;;;Undefined;491;3428;;;;;;;;;;ЛОЖЬ;;;;;;;;;;;;;;;;;;Output;CC_UCB_1;ESD_912_1;86;;;;
M;310_404_2;;;901-10;;91PAHH063_I;;ЛОЖЬ;ЛОЖЬ;;404;;;;;;;0;;;;1717;ЛОЖЬ;0;;;;;;;0=TRIP INITIATOR;;;;;;;Undefined;491;3428;;;;;;;;;;ЛОЖЬ;;;;;;;;;;;;;;;;;;;;;;;;;
DO;91PAHH084_FU2;;COM;901-10;A_90110;LIQUID AMM TO V9011001C;No;ИСТИНА;ЛОЖЬ;;1522;;;;;;;0;;;;924;ИСТИНА;34142;None;;;;;;1=FIRST;;;;;;;Undefined;;;;;;;;;;;;ЛОЖЬ;ИСТИНА;;;;;;;;;;;;;;;;;;;;;Output;EPKS_UCB;ESD_912_1;848
DO;91XY093A;;MCC;901-10;A_90110;AUTO OPENING 91XV093;Yes;ИСТИНА;ЛОЖЬ;;460;;;;;;;0;;;;140;ЛОЖЬ;33488;None;;;;;;1=OPEN;;;;;;;Undefined;491;3428;;18.06;7;5;1;Appl;;;;ЛОЖЬ;;;;;;;;;;;;;;;;;;;;;;;;;
AI;91FI029B;;FLD;901-10;A_C90111;WTR OF 2 TO C-9011001AX;Yes;ИСТИНА;ЛОЖЬ;;348;ИСТИНА;Float;4-20mA;0;2250;kg/h;;;;;4;ЛОЖЬ;33965;;None;None;None;None;;;;-562;-562;;;;-XXXXX.X;3.64;22;;18.04;1;2;1;Bottom scale;;;;ЛОЖЬ;;ЛОЖЬ;;;;;;;;;;;;;;;;;;;;Output;EPKS_UCB;ESD_912_1;10066
M;635_634_3;;;9100;;91VAHH801_L;;ЛОЖЬ;ЛОЖЬ;;634;;;;;;;0;;;;1811;ЛОЖЬ;0;;;;;;;0=LAMP;;;;;;;Undefined;;;;;;;;;;;;ЛОЖЬ;ИСТИНА;;;;;;;;;;;;;;;;;;;;;;;;
T;312_1;;;9100;;;;ЛОЖЬ;ЛОЖЬ;;312;;;;;;;;100 ms;5;;92;ЛОЖЬ;0;;;;;;;;;;;;;;Undefined;;;Delayed OFF with constant timer value;;;;;;;;;ЛОЖЬ;ИСТИНА;;;;;;;;;;;;;;;;;;;;;;;;
M;1520_1528_4;;;;C9011001;91PAHH081_FU2_I;;ЛОЖЬ;ЛОЖЬ;;1528;;;;;;;0;;;;1014;ЛОЖЬ;0;;;;;;;1=FIRST;;;;;;;Undefined;;;;;;;;;;;;ЛОЖЬ;ИСТИНА;;;;;;;;;;;;;;;;;;;;;;;;
DO;91TAH761A;;COM;901-10;A_C90111;HI ALARM;No;ЛОЖЬ;ЛОЖЬ;;496;;;;;;;0;;;;513;ЛОЖЬ;0;None;;;;;;0=ALARM;0=ALARM;;;;;;Undefined;;;;;;;;;;;;ЛОЖЬ;ИСТИНА;;;;;;;;;;;;;;;;;;;;;Output;EPKS_UCB;ESD_912_1;980
M;C246_3_D;;;4300;4300;Function block marker;;ЛОЖЬ;ЛОЖЬ;;246;;;;;;;0;;;;2113;ЛОЖЬ;0;;;;;;;;;;;;;;Undefined;491;3428;;;;;;;;;;ЛОЖЬ;;;;;;;;;;;;;;;;;;;;;;;;;
M;505_1500_1;;;;C9011001;91PALL752_I;;ЛОЖЬ;ЛОЖЬ;;1500;;;;;;;0;;;;664;ЛОЖЬ;0;;;;;;;0=TRIP INITIATOR;;;;;;;Undefined;;;;;;;;;;;;ЛОЖЬ;ИСТИНА;;;;;;;;;;;;;;;;;;;;;;;;
M;2373_4;;;;;;;ЛОЖЬ;ЛОЖЬ;;2373;;;;;;;0;;;;205;ЛОЖЬ;0;;;;;;;;;;;;;;Undefined;491;3428;;;;;;;;;;ЛОЖЬ;;;;;;;;;;;;;;;;;;;;;;;;;
BI;18-Minute;;SYS;;;Minute;No;ЛОЖЬ;;;19;;Byte;;;;;;;;;6;;0;;;;;;;;;0;0;;;;-XXXXX.X;491;3428;;;;;;;;;;ЛОЖЬ;;;;;;;;;;;;;;;;;;;;;;;;;
M;310_1;;;901-10;;;;ЛОЖЬ;ЛОЖЬ;;310;;;;;;;0;;;;1381;ЛОЖЬ;0;;;;;;;;;;;;;;Undefined;491;3428;;;;;;;;;;ЛОЖЬ;;;;;;;;;;;;;;;;;;;;;;;;;
DO;91PI824_TF;;COM;901-10;A_C90111;TRANSM FAULT;No;ЛОЖЬ;ЛОЖЬ;;610;;;;;;;0;;;;2018;ИСТИНА;33813;None;;;;;;0=ALARM;;;;;;;Undefined;491;3428;;;;;;;;;;ЛОЖЬ;;;;;;;;;;;;;;;;;;;;;;Output;EPKS_UCB;ESD_912_1;615
M;C1510_1_I;;;;;Function block marker;;ЛОЖЬ;ЛОЖЬ;;1510;;;;;;;0;;;;967;ЛОЖЬ;0;;;;;;;;;;;;;;Undefined;;;;;;;;;;;;ЛОЖЬ;ИСТИНА;;;;;;;;;;;;;;;;;;;;;;;;
M;370_1;;;901-10;;;;ЛОЖЬ;ЛОЖЬ;;370;;;;;;;0;;;;1528;ЛОЖЬ;0;;;;;;;;;;;;;;Undefined;491;3428;;;;;;;;;;ЛОЖЬ;;;;;;;;;;;;;;;;;;;;;;;;;
M;612_1320_3;;;;;91TAH801_PERM;;ЛОЖЬ;ЛОЖЬ;;1320;;;;;;;0;;;;1939;ЛОЖЬ;0;;;;;;;0=ALARM;;;;;;;Undefined;;;;;;;;;;;;ЛОЖЬ;ИСТИНА;;;;;;;;;;;;;;;;;;;;;;;;
DO;91LALL067_CA;;COM;901-10;;CAUSE ALARM;No;ЛОЖЬ;ЛОЖЬ;;338;;;;;;;0;;;;1103;ЛОЖЬ;0;None;;;;;;0=ALARM;0=ALARM;;;;;;Undefined;;;;;;;;;;;;ЛОЖЬ;ИСТИНА;;;;;;;;;;;;;;;;;;;;;Output;EPKS_UCB;ESD_912_1;891
DO;91XY062;;MCC;901-10;A_90110;AUTO CLOSURE 91XV062;Yes;ИСТИНА;ЛОЖЬ;;430;;;;;;;0;;;;109;ЛОЖЬ;33490;None;;;;;;1=CLOSE;;;;;;;Undefined;491;3428;;18.06;3;6;1;Appl;;;;ЛОЖЬ;;;;;;;;;;;;;;;;;;;;;;;;;
M;C300_4_C;;;9100;9100;Function block marker;;ЛОЖЬ;ЛОЖЬ;;300;;;;;;;0;;;;2612;ЛОЖЬ;0;;;;;;;;;;;;;;Undefined;;;;;;;;;;;;ЛОЖЬ;ИСТИНА;;;;;;;;;;;;;;;;;;;;;;;;
DO;91XY012_C;;COM;9100;;AUTO OPENING 91XV012;No;ИСТИНА;ЛОЖЬ;;406;;;;;;;0;;;;643;ИСТИНА;33829;None;;;;;;0=OPEN;;;;;;;Undefined;491;3428;;;;;;;;;;ЛОЖЬ;;;;;;;;;;;;;;;;;;;;;;Output;EPKS_UCB;ESD_912_1;765
M;C536_4_C;;;9100;9100;Function block marker;;ЛОЖЬ;ЛОЖЬ;;536;;;;;;;0;;;;1037;ЛОЖЬ;0;;;;;;;;;;;;;;Undefined;;;;;;;;;;;;ЛОЖЬ;ИСТИНА;;;;;;;;;;;;;;;;;;;;;;;;
DO;91XY073;;FLD;901-10;A_90110;INLET VALVE CTRL 91XV073;Yes;ИСТИНА;ЛОЖЬ;;398;;;;;;;0;;;;48;ИСТИНА;33491;None;;;;;;1=OPEN;;;;;;;Undefined;491;3428;;18.05;9;1;1;Appl;;;;ЛОЖЬ;;;;;;;;;;;;;;;;;;;;;;Output;EPKS_UCB;ESD_912_1;743
M;340_3;;;901-10;;;;ЛОЖЬ;ЛОЖЬ;;340;;;;;;;0;;;;386;ЛОЖЬ;0;;;;;;;;;;;;;;Undefined;491;3428;;;;;;;;;;ЛОЖЬ;;;;;;;;;;;;;;;;;;;;;;;;;
M;C521_1_E;;;;;Function block marker;;ЛОЖЬ;ЛОЖЬ;;521;;;;;;;0;;;;2768;ЛОЖЬ;0;;;;;;;;;;;;;;Undefined;;;;;;;;;;;;ЛОЖЬ;ИСТИНА;;;;;;;;;;;;;;;;;;;;;;;;
M;C1510_1_H;;;;;Function block marker;;ЛОЖЬ;ЛОЖЬ;;1510;;;;;;;0;;;;966;ЛОЖЬ;0;;;;;;;;;;;;;;Undefined;;;;;;;;;;;;ЛОЖЬ;ИСТИНА;;;;;;;;;;;;;;;;;;;;;;;;
T;352_1;;;9100;;;;ЛОЖЬ;ЛОЖЬ;;352;;;;;;;;100 ms;5;;532;ЛОЖЬ;0;;;;;;;;;;;;;;Undefined;;;Delayed OFF with constant timer value;;;;;;;;;ЛОЖЬ;ИСТИНА;;;;;;;;;;;;;;;;;;;;;;;;
M;C616_1_F;;;9100;9100;Function block marker;;ЛОЖЬ;ЛОЖЬ;;616;;;;;;;0;;;;2084;ЛОЖЬ;0;;;;;;;;;;;;;;Undefined;;;;;;;;;;;;ЛОЖЬ;ИСТИНА;;;;;;;;;;;;;;;;;;;;;;;;
M;C388_2;;;9100;9100;Compiler marker (264, 91);;ЛОЖЬ;ЛОЖЬ;;388;;;;;;;0;;;;1083;ЛОЖЬ;0;;;;;;;;;;;;;;Undefined;;;;;;;;;;;;ЛОЖЬ;ИСТИНА;;;;;;;;;;;;;;;;;;;;;;;;
DO;91PAHH081_FU;;COM;901-10;A_90110;LIQUID AMM TO V9011001B;No;ИСТИНА;ЛОЖЬ;;1528;;;;;;;0;;;;1012;ИСТИНА;34150;None;;;;;;1=FIRST;;;;;;;Undefined;;;;;;;;;;;;ЛОЖЬ;ИСТИНА;;;;;;;;;;;;;;;;;;;;;Output;EPKS_UCB;ESD_912_1;856
DO;91LAHH063;;COM;901-10;A_90110;AMMONIA TO B-9011001;No;ИСТИНА;ЛОЖЬ;;298;;;;;;;0;;;;1753;ИСТИНА;33814;None;;;;;;0=TRIP;;;;;;;Undefined;491;3428;;;;;;;;;;ЛОЖЬ;;;;;;;;;;;;;;;;;;;;;;Output;EPKS_UCB;ESD_912_1;463
M;C328_2_B;;;9100;9100;Function block marker;;ЛОЖЬ;ЛОЖЬ;;328;;;;;;;0;;;;2024;ЛОЖЬ;0;;;;;;;;;;;;;;Undefined;491;3428;;;;;;;;;;ЛОЖЬ;;;;;;;;;;;;;;;;;;;;;;;;;
M;C510_2_B;;;9100;9100;Function block marker;;ЛОЖЬ;ЛОЖЬ;;510;;;;;;;0;;;;1750;ЛОЖЬ;0;;;;;;;;;;;;;;Undefined;491;3428;;;;;;;;;;ЛОЖЬ;;;;;;;;;;;;;;;;;;;;;;;;;
DO;91PAHH084_FU;;COM;901-10;A_90110;LIQUID AMM TO V9011001C;No;ИСТИНА;ЛОЖЬ;;1528;;;;;;;0;;;;1015;ИСТИНА;34151;None;;;;;;1=FIRST;;;;;;;Undefined;;;;;;;;;;;;ЛОЖЬ;ИСТИНА;;;;;;;;;;;;;;;;;;;;;Output;EPKS_UCB;ESD_912_1;857
DO;91PI752_MOC;;COM;901-10;A_C90111;MO CONFIRMED;No;ИСТИНА;ЛОЖЬ;;504;;;;;;;0;;;;1804;ИСТИНА;33815;None;;;;;;1=CONFIRMED;;;;;;;Undefined;491;3428;;;;;;;;;;ЛОЖЬ;;;;;;;;;;;;;;;;;;;;;;Output;EPKS_UCB;ESD_912_1;603
M;300_442_2;;;9100;;91TAHH106_I;;ЛОЖЬ;ЛОЖЬ;;442;;;;;;;0;;;;1666;ЛОЖЬ;0;;;;;;;0=TRIP INITIATOR;;;;;;;Undefined;491;3428;;;;;;;;;;ЛОЖЬ;;;;;;;;;;;;;;;;;;;;;;;;;
M;2440_A;;;;;Signal 1;;ЛОЖЬ;ЛОЖЬ;;2440;;;;;;;0;;;;113;ЛОЖЬ;0;;;;;;;;;;;;;;Undefined;491;3428;;;;;;;;;;ЛОЖЬ;;;;;;;;;;;;;;;;;;;;;;;;;
DO;91XY049_C;;COM;9100;;AUTO CLOSURE 91XV049;No;ИСТИНА;ЛОЖЬ;;426;;;;;;;0;;;;742;ИСТИНА;33837;None;;;;;;0=CLOSE;;;;;;;Undefined;491;3428;;;;;;;;;;ЛОЖЬ;;;;;;;;;;;;;;;;;;;;;;Output;EPKS_UCB;ESD_912_1;775
M;322_428_2;;;901-10;;91LALL052_I;;ЛОЖЬ;ЛОЖЬ;;428;;;;;;;0;;;;1274;ЛОЖЬ;0;;;;;;;0=TRIP INITIATOR;;;;;;;Undefined;491;3428;;;;;;;;;;ЛОЖЬ;;;;;;;;;;;;;;;;;;;;;;;;;
M;620_186_3;;;901-10;;91ZSLL801_I;;ЛОЖЬ;ЛОЖЬ;;186;;;;;;;0;;;;556;ЛОЖЬ;0;;;;;;;1=MO CONFIRMED;;;;;;;Undefined;491;3428;;;;;;;;;;ЛОЖЬ;;;;;;;;;;;;;;;;;;;;;;;;;
DO;91LAHH061_CA;;COM;901-10;A_90110;CAUSE ALARM;No;ЛОЖЬ;ЛОЖЬ;;328;;;;;;;0;;;;1517;ЛОЖЬ;0;None;;;;;;0=ALARM;;;;;;;Undefined;491;3428;;;;;;;;;;ЛОЖЬ;;;;;;;;;;;;;;;;;;;;;;Output;EPKS_UCB;ESD_912_1;462
M;C2450_1;;;;;Compiler marker (312, 60);;ЛОЖЬ;ЛОЖЬ;;2450;;;;;;;0;;;;1226;ЛОЖЬ;0;;;;;;;;;;;;;;Undefined;491;3428;;;;;;;;;;ЛОЖЬ;;;;;;;;;;;;;;;;;;;;;;;;;
M;C298_1_E;;;9100;9100;Function block marker;;ЛОЖЬ;ЛОЖЬ;;298;;;;;;;0;;;;2103;ЛОЖЬ;0;;;;;;;;;;;;;;Undefined;491;3428;;;;;;;;;;ЛОЖЬ;;;;;;;;;;;;;;;;;;;;;;;;;
M;C514_1_F;;;9100;9100;Function block marker;;ЛОЖЬ;ЛОЖЬ;;514;;;;;;;0;;;;2866;ЛОЖЬ;0;;;;;;;;;;;;;;Undefined;;;;;;;;;;;;ЛОЖЬ;ИСТИНА;;;;;;;;;;;;;;;;;;;;;;;;
DO;91PAHH084_CA;;COM;901-10;A_90110;CAUSE ALARM;No;ЛОЖЬ;ЛОЖЬ;;318;;;;;;;0;;;;1441;ЛОЖЬ;0;None;;;;;;0=ALARM;;;;;;;Undefined;491;3428;;;;;;;;;;ЛОЖЬ;;;;;;;;;;;;;;;;;;;;;;Output;EPKS_UCB;ESD_912_1;539
BO;91TI811_L;;COM;901-10;A_C90111;LO ALARM SETPOINT;No;ЛОЖЬ;ЛОЖЬ;;598;;Float;;;;;0;;;;544;;0;;;;;;;;;0;0;;;;-XXXXX.X;491;3428;;;;;;;;;;ЛОЖЬ;;;;;;;;;;;;;;;;;;;;;;Output;EPKS_UCB;ESD_912_1;10119
M;610_7;;;9100;;;;ЛОЖЬ;ЛОЖЬ;;610;;;;;;;0;;;;1819;ЛОЖЬ;0;;;;;;;;;;;;;;Undefined;;;;;;;;;;;;ЛОЖЬ;ИСТИНА;;;;;;;;;;;;;;;;;;;;;;;;
DO;91PDAHH754A_P;;COM;901-10;A_C90111;INDICATION LIGHT;No;ИСТИНА;ЛОЖЬ;;502;;;;;;;0;;;;528;ЛОЖЬ;34040;None;;;;;;1=ACTIVE;;;;;;;Undefined;491;3428;;;;;;;;;;ЛОЖЬ;;;;;;;;;;;;;;;;;;Output;CC_UCB_1;ESD_912_1;82;;;;
DI;91PI822_MOR;;COM;901-10;A_C90111;MO REQUEST;No;ЛОЖЬ;ИСТИНА;;606;;;;;;;0;;;;2226;ЛОЖЬ;0;None;;;;;;1=REQUEST;;;;;;;Undefined;491;3428;;;;;;Freeze;;;;ЛОЖЬ;;;;ЛОЖЬ;;;;;;;;;;;;;;;;;;Input;EPKS_UCB;ESD_912_1;83
M;512_186_1;;;901-10;;91TT752;;ЛОЖЬ;ЛОЖЬ;;186;;;;;;;0;;;;1841;ЛОЖЬ;0;;;;;;;1=MO CONFIRMED;;;;;;;Undefined;491;3428;;;;;;;;;;ЛОЖЬ;;;;;;;;;;;;;;;;;;;;;;;;;
DO;91TAHH752A_P;;COM;901-10;A_C90111;INDICATION LIGHT;No;ИСТИНА;ЛОЖЬ;;512;;;;;;;0;;;;532;ЛОЖЬ;34041;None;;;;;;1=ACTIVE;;;;;;;Undefined;491;3428;;;;;;;;;;ЛОЖЬ;;;;;;;;;;;;;;;;;;Output;CC_UCB_1;ESD_912_1;84;;;;
M;C621_2_E;;;;;Function block marker;;ЛОЖЬ;ЛОЖЬ;;621;;;;;;;0;;;;2762;ЛОЖЬ;0;;;;;;;;;;;;;;Undefined;;;;;;;;;;;;ЛОЖЬ;ИСТИНА;;;;;;;;;;;;;;;;;;;;;;;;
M;314_315_5;;;;;91PT076_F;;ЛОЖЬ;ЛОЖЬ;;315;;;;;;;0;;;;2642;ЛОЖЬ;0;;;;;;;1=FAULT;;;;;;;Undefined;;;;;;;;;;;;ЛОЖЬ;ИСТИНА;;;;;;;;;;;;;;;;;;;;;;;;
R;322_321_1;;;9100;;91LI051;;ЛОЖЬ;ЛОЖЬ;;321;;Float;;;;;0;;;;40;ЛОЖЬ;0;;;;;;;;;;;;;;Undefined;;;;;;;;;;;;ЛОЖЬ;ИСТИНА;;;;;;;;;;;;;;;;;;;;;;;;
M;378_3;;;9100;;;;ЛОЖЬ;ЛОЖЬ;;378;;;;;;;0;;;;765;ЛОЖЬ;0;;;;;;;;;;;;;;Undefined;491;3428;;;;;;;;;;ЛОЖЬ;;;;;;;;;;;;;;;;;;;;;;;;;
DO;91XL005A1_ON;;FSC;901-10;A_C90111;STOP C-9011001SX;No;ЛОЖЬ;ЛОЖЬ;;358;;;;;;;0;;;;521;ЛОЖЬ;0;None;;;;;;1=LAMP ON;;;;;;;Undefined;491;3428;;;;;;;;;;ЛОЖЬ;;;;;;Output;ESD_002_1;ESD_912_1;5;;;;;;;;;;;;;;;;
DO;91XY053;;FLD;901-10;A_90110;INLET VALVE CTRL 91XV053;Yes;ИСТИНА;ЛОЖЬ;;370;;;;;;;0;;;;18;ИСТИНА;33492;None;;;;;;1=OPEN;;;;;;;Undefined;491;3428;;18.05;1;3;1;Appl;;;;ЛОЖЬ;;;;;;;;;;;;;;;;;;;;;;Output;EPKS_UCB;ESD_912_1;729
DO;91XY010_C;;COM;9100;;AUTO CLOSURE 91XV010;No;ИСТИНА;ЛОЖЬ;;404;;;;;;;0;;;;642;ИСТИНА;33840;None;;;;;;0=CLOSE;;;;;;;Undefined;491;3428;;;;;;;;;;ЛОЖЬ;;;;;;;;;;;;;;;;;;;;;;Output;EPKS_UCB;ESD_912_1;764
M;398_1;;;901-10;;;;ЛОЖЬ;ЛОЖЬ;;398;;;;;;;0;;;;1697;ЛОЖЬ;0;;;;;;;;;;;;;;Undefined;491;3428;;;;;;;;;;ЛОЖЬ;;;;;;;;;;;;;;;;;;;;;;;;;
M;621_1;;;;;;;ЛОЖЬ;ЛОЖЬ;;621;;;;;;;0;;;;2751;ЛОЖЬ;0;;;;;;;;;;;;;;Undefined;;;;;;;;;;;;ЛОЖЬ;ИСТИНА;;;;;;;;;;;;;;;;;;;;;;;;
DO;91XA763;;LCP;901-10;A_C90111;C-9011001AX ACOUSTIC SIG;Yes;ИСТИНА;ЛОЖЬ;;524;;;;;;;0;;;;171;ИСТИНА;33493;None;;;;;;1=ACTIVE;;;;;;;Undefined;491;3428;;18.06;11;4;1;Appl;;;;ЛОЖЬ;;;;;;;;;;;;;;;;;;;;;;Output;EPKS_UCB;ESD_912_1;753
M;518_3;;;901-10;;;;ЛОЖЬ;ЛОЖЬ;;518;;;;;;;0;;;;356;ЛОЖЬ;0;;;;;;;;;;;;;;Undefined;491;3428;;;;;;;;;;ЛОЖЬ;;;;;;;;;;;;;;;;;;;;;;;;;
M;C320_1_G;;;9100;9100;Function block marker;;ЛОЖЬ;ЛОЖЬ;;320;;;;;;;0;;;;2731;ЛОЖЬ;0;;;;;;;;;;;;;;Undefined;;;;;;;;;;;;ЛОЖЬ;ИСТИНА;;;;;;;;;;;;;;;;;;;;;;;;
M;306_430_2;;;901-10;;91TAHH990_I;;ЛОЖЬ;ЛОЖЬ;;430;;;;;;;0;;;;1349;ЛОЖЬ;0;;;;;;;0=TRIP INITIATOR;;;;;;;Undefined;491;3428;;;;;;;;;;ЛОЖЬ;;;;;;;;;;;;;;;;;;;;;;;;;
BO;91LS754_LL;;COM;;;LL TRIP POINT;No;ЛОЖЬ;ЛОЖЬ;;521;;Float;;;;%;0;;;;640;;0;;None;None;None;None;;;;;;;;;-XXXXX.X;;;;;;;;;;;;ЛОЖЬ;ИСТИНА;;;;;;;;;;;;;;;;;;;;;Output;EPKS_UCB;ESD_912_1;10195
T;500_2;;;9100;;;;ЛОЖЬ;ЛОЖЬ;;500;;;;;;;;100 ms;5;;612;ЛОЖЬ;0;;;;;;;;;;;;;;Undefined;;;Delayed OFF with constant timer value;;;;;;;;;ЛОЖЬ;ИСТИНА;;;;;;;;;;;;;;;;;;;;;;;;
M;1524_4;;;;C9011001;;;ЛОЖЬ;ЛОЖЬ;;1524;;;;;;;0;;;;863;ЛОЖЬ;0;;;;;;;;;;;;;;Undefined;;;;;;;;;;;;ЛОЖЬ;ИСТИНА;;;;;;;;;;;;;;;;;;;;;;;;
R;2430_B;;;;;Signal 1;;ЛОЖЬ;ЛОЖЬ;;2430;;Float;;;;;0;;;;116;ЛОЖЬ;0;;;;;;;;;;;;;;Undefined;491;3428;;;;;;;;;;ЛОЖЬ;;;;;;;;;;;;;;;;;;;;;;;;;
DI;91PDI804_MOR;;COM;901-10;A_C90111;MO REQUEST;No;ЛОЖЬ;ИСТИНА;;602;;;;;;;0;;;;2210;ЛОЖЬ;0;None;;;;;;1=REQUEST;;;;;;;Undefined;491;3428;;;;;;Freeze;;;;ЛОЖЬ;;;;ЛОЖЬ;;;;;;;;;;;;;;;;;;Input;EPKS_UCB;ESD_912_1;67
DI;00XS912E01P04;;CAB;901-10;S_B91_2;IB-91-2 ESD-01 ALARM PS 04;Yes;ИСТИНА;ЛОЖЬ;;18;;;;;;;;;;;11;ИСТИНА;33494;None;;;;;;0=ALARM;;;;;;;Undefined;491;3428;;18.03;1;4;1;Low;;;;ЛОЖЬ;;;;ЛОЖЬ;;;;;;;;;;;;;;;;;;Output;EPKS_UCB;ESD_912_1;695
M;606_1516_2;;;9100;;91PAHH822_I;;ЛОЖЬ;ЛОЖЬ;;1516;;;;;;;0;;;;877;ЛОЖЬ;0;;;;;;;0=TRIP INITIATOR;;;;;;;Undefined;;;;;;;;;;;;ЛОЖЬ;ИСТИНА;;;;;;;;;;;;;;;;;;;;;;;;
M;C326_1_F;;;9100;9100;Function block marker;;ЛОЖЬ;ЛОЖЬ;;326;;;;;;;0;;;;1306;ЛОЖЬ;0;;;;;;;;;;;;;;Undefined;;;;;;;;;;;;ЛОЖЬ;ИСТИНА;;;;;;;;;;;;;;;;;;;;;;;;
M;1516_1;;;;C9011001;;;ЛОЖЬ;ЛОЖЬ;;1516;;;;;;;0;;;;836;ЛОЖЬ;0;;;;;;;;;;;;;;Undefined;;;;;;;;;;;;ЛОЖЬ;ИСТИНА;;;;;;;;;;;;;;;;;;;;;;;;
DO;91PAHH081_FU1;;COM;901-10;A_90110;LIQUID AMM TO V9011001B;No;ИСТИНА;ЛОЖЬ;;1506;;;;;;;0;;;;817;ИСТИНА;34115;None;;;;;;1=FIRST;;;;;;;Undefined;;;;;;;;;;;;ЛОЖЬ;ИСТИНА;;;;;;;;;;;;;;;;;;;;;Output;EPKS_UCB;ESD_912_1;821
R;2420_C;;;;;Signal 2;;ЛОЖЬ;ЛОЖЬ;;2420;;Float;;;;;0;;;;120;ЛОЖЬ;0;;;;;;;;;;;;;;Undefined;491;3428;;;;;;;;;;ЛОЖЬ;;;;;;;;;;;;;;;;;;;;;;;;;
M;318_440_2;;;901-10;;91PAHH084_I;;ЛОЖЬ;ЛОЖЬ;;440;;;;;;;0;;;;1649;ЛОЖЬ;0;;;;;;;0=TRIP INITIATOR;;;;;;;Undefined;491;3428;;;;;;;;;;ЛОЖЬ;;;;;;;;;;;;;;;;;;;;;;;;;
DO;91HS815B_B0_IN_P;;COM;901-10;A_90110;CAP CTRL BIT 0;No;ИСТИНА;ЛОЖЬ;;628;;;;;;;0;;;;538;ЛОЖЬ;34042;None;;;;;;1=ACTIVE;;;;;;;Undefined;491;3428;;;;;;;;;;ЛОЖЬ;;;;;;;;;;;;;;;;;;Output;CC_UCB_1;ESD_912_1;99;;;;
M;C636_3_A;;;9100;9100;Compiler marker;;ЛОЖЬ;ЛОЖЬ;;636;;;;;;;0;;;;604;ЛОЖЬ;0;;;;;;;;;;;;;;Undefined;491;3428;;;;;;;;;;ЛОЖЬ;;;;;;;;;;;;;;;;;;;;;;;;;
M;308_360_2;;;9100;;91TAHH993_I;;ЛОЖЬ;ЛОЖЬ;;360;;;;;;;0;;;;1439;ЛОЖЬ;0;;;;;;;0=TRIP INITIATOR;;;;;;;Undefined;491;3428;;;;;;;;;;ЛОЖЬ;;;;;;;;;;;;;;;;;;;;;;;;;
DO;91XA813;;LCP;901-10;A_C90111;C-9011001SX ACOUSTIC SIG;Yes;ИСТИНА;ЛОЖЬ;;624;;;;;;;0;;;;189;ИСТИНА;33495;None;;;;;;1=ACTIVE;;;;;;;Undefined;491;3428;;18.06;13;6;1;Appl;;;;ЛОЖЬ;;;;;;;;;;;;;;;;;;;;;;Output;EPKS_UCB;ESD_912_1;754
DI;91HS190A;;PNL;901-10;A_P90110;STOP OF PUMPS 91HS190;Yes;ИСТИНА;ЛОЖЬ;;342;;;;;;;;;;;26;ИСТИНА;33496;None;;;;;;0=TRIP;;;;;;;Undefined;491;3428;;18.03;3;3;1;Low;;;;ЛОЖЬ;;;;ЛОЖЬ;;;;;;;;;;;;;;;;;;Output;EPKS_UCB;ESD_912_1;723
M;C2480_2;;;;;Compiler marker (320, 162);;ЛОЖЬ;ЛОЖЬ;;2480;;;;;;;0;;;;163;ЛОЖЬ;0;;;;;;;;;;;;;;Undefined;491;3428;;;;;;;;;;ЛОЖЬ;;;;;;;;;;;;;;;;;;;;;;;;;
DO;91XY086;;MCC;901-10;A_90110;AUTO CLOSURE 91XV086;Yes;ИСТИНА;ЛОЖЬ;;452;;;;;;;0;;;;136;ЛОЖЬ;33497;None;;;;;;1=CLOSE;;;;;;;Undefined;491;3428;;18.06;7;1;1;Appl;;;;ЛОЖЬ;;;;;;;;;;;;;;;;;;;;;;;;;
T;524_2;;;9100;;;;ЛОЖЬ;ЛОЖЬ;;524;;;;;;;;100 ms;30;;424;ЛОЖЬ;0;;;;;;;;;;;;;;Undefined;491;3428;Pulse retriggerable with constant timer value;;;;;;;;;ЛОЖЬ;;;;;;;;;;;;;;;;;;;;;;;;;
M;C329_1_F;;;9100;9100;Function block marker;;ЛОЖЬ;ЛОЖЬ;;329;;;;;;;0;;;;2118;ЛОЖЬ;0;;;;;;;;;;;;;;Undefined;;;;;;;;;;;;ЛОЖЬ;ИСТИНА;;;;;;;;;;;;;;;;;;;;;;;;
M;1518_1;;;;C9011001;;;ЛОЖЬ;ЛОЖЬ;;1518;;;;;;;0;;;;842;ЛОЖЬ;0;;;;;;;;;;;;;;Undefined;;;;;;;;;;;;ЛОЖЬ;ИСТИНА;;;;;;;;;;;;;;;;;;;;;;;;
M;C535_1_B;;;9100;9100;Function block marker;;ЛОЖЬ;ЛОЖЬ;;535;;;;;;;0;;;;1848;ЛОЖЬ;0;;;;;;;;;;;;;;Undefined;;;;;;;;;;;;ЛОЖЬ;ИСТИНА;;;;;;;;;;;;;;;;;;;;;;;;
M;535_522_2;;;9100;;91VAHH751_I;;ЛОЖЬ;ЛОЖЬ;;522;;;;;;;0;;;;1651;ЛОЖЬ;0;;;;;;;0=TRIP;;;;;;;Undefined;;;;;;;;;;;;ЛОЖЬ;ИСТИНА;;;;;;;;;;;;;;;;;;;;;;;;
DO;91LI064_TF;;COM;901-10;A_90110;TRANSM FAULT;No;ЛОЖЬ;ЛОЖЬ;;334;;;;;;;0;;;;1557;ИСТИНА;33818;None;;;;;;0=ALARM;;;;;;;Undefined;491;3428;;;;;;;;;;ЛОЖЬ;;;;;;;;;;;;;;;;;;;;;;Output;EPKS_UCB;ESD_912_1;514
R;2457_G;;;;;x Input;;ЛОЖЬ;ЛОЖЬ;;2457;;Float;;;;;0;;;;152;ЛОЖЬ;0;;;;;;;;;;;;;;Undefined;491;3428;;;;;;;;;;ЛОЖЬ;;;;;;;;;;;;;;;;;;;;;;;;;
BO;91PI073_LL;;COM;;;LL TRIP SETPOINT (MPa-g);No;ИСТИНА;ЛОЖЬ;;313;;Float;;;;;0;;;;492;;34043;;;;;;;;;0;0;;;;-XXXXX.X;491;3428;;;;;;;;;;ЛОЖЬ;;;;;;;;;;;;;;;;;;;;;;Output;EPKS_UCB;ESD_912_1;10151
M;C621_3_C;;;;;Function block marker;;ЛОЖЬ;ЛОЖЬ;;621;;;;;;;0;;;;2765;ЛОЖЬ;0;;;;;;;;;;;;;;Undefined;;;;;;;;;;;;ЛОЖЬ;ИСТИНА;;;;;;;;;;;;;;;;;;;;;;;;
DO;91TAH811;;COM;910-10;A_C90111;HI ALARM;No;ЛОЖЬ;ЛОЖЬ;;596;;;;;;;0;;;;1552;ЛОЖЬ;0;None;;;;;;0=ALARM;0=ALARM;;;;;;Undefined;;;;;;;;;;;;ЛОЖЬ;ИСТИНА;;;;;;;;;;;;;;;;;;;;;Output;EPKS_UCB;ESD_912_1;1000
AI;91LI495;;FLD;901-10;A_90105;5% SODA TO V-9010503;Yes;ИСТИНА;ЛОЖЬ;;248;ИСТИНА;Float;4-20mA;0;100;%;;;;;180;ЛОЖЬ;33966;;None;None;None;None;;;;-25;-25;;;;-XXXXX.X;3.64;22;;18.04;5;12;1;Top scale;;;;ЛОЖЬ;;ЛОЖЬ;;;;;;;;;;;;;;;;;;;;Output;EPKS_UCB;ESD_912_1;10079
T;496_1;;;9100;;;;ЛОЖЬ;ЛОЖЬ;;496;;;;;;;;100 ms;5;;656;ЛОЖЬ;0;;;;;;;;;;;;;;Undefined;;;Delayed OFF with constant timer value;;;;;;;;;ЛОЖЬ;ИСТИНА;;;;;;;;;;;;;;;;;;;;;;;;
DO;91PI084_TF;;COM;901-10;A_90110;TRANSM FAULT;No;ЛОЖЬ;ЛОЖЬ;;318;;;;;;;0;;;;1453;ИСТИНА;33819;None;;;;;;0=ALARM;;;;;;;Undefined;491;3428;;;;;;;;;;ЛОЖЬ;;;;;;;;;;;;;;;;;;;;;;Output;EPKS_UCB;ESD_912_1;596
BO;91LI802_HH;;COM;901-10;A_C90111;HH TRIP SETPOINT (%);No;ИСТИНА;ЛОЖЬ;;600;;Float;;;;;0;;;;688;;34044;;;;;;;;;0;0;;;;-XXXXX.X;491;3428;;;;;;;;;;ЛОЖЬ;;;;;;;;;;;;;;;;;;;;;;Output;EPKS_UCB;ESD_912_1;10145
M;C313_2_G;;;;;Function block marker;;ЛОЖЬ;ЛОЖЬ;;313;;;;;;;0;;;;2637;ЛОЖЬ;0;;;;;;;;;;;;;;Undefined;;;;;;;;;;;;ЛОЖЬ;ИСТИНА;;;;;;;;;;;;;;;;;;;;;;;;
M;C524_1_D;;;9100;9100;Function block marker;;ЛОЖЬ;ЛОЖЬ;;524;;;;;;;0;;;;661;ЛОЖЬ;0;;;;;;;;;;;;;;Undefined;491;3428;;;;;;;;;;ЛОЖЬ;;;;;;;;;;;;;;;;;;;;;;;;;
M;313_402_1;;;9100;;91PALL073_I;;ЛОЖЬ;ЛОЖЬ;;402;;;;;;;0;;;;2634;ЛОЖЬ;0;;;;;;;0=TRIP INITIATOR;;;;;;;Undefined;;;;;;;;;;;;ЛОЖЬ;ИСТИНА;;;;;;;;;;;;;;;;;;;;;;;;
M;384_1;;;901-10;;;;ЛОЖЬ;ЛОЖЬ;;384;;;;;;;0;;;;1642;ЛОЖЬ;0;;;;;;;;;;;;;;Undefined;491;3428;;;;;;;;;;ЛОЖЬ;;;;;;;;;;;;;;;;;;;;;;;;;
M;C498_1_E;;;9100;9100;Function block marker;;ЛОЖЬ;ЛОЖЬ;;498;;;;;;;0;;;;552;ЛОЖЬ;0;;;;;;;;;;;;;;Undefined;491;3428;;;;;;;;;;ЛОЖЬ;;;;;;;;;;;;;;;;;;;;;;;;;
M;340_4;;;901-10;;;;ЛОЖЬ;ЛОЖЬ;;340;;;;;;;0;;;;387;ЛОЖЬ;0;;;;;;;;;;;;;;Undefined;491;3428;;;;;;;;;;ЛОЖЬ;;;;;;;;;;;;;;;;;;;;;;;;;
M;C502_3_F;;;9100;9100;Function block marker;;ЛОЖЬ;ЛОЖЬ;;502;;;;;;;0;;;;2890;ЛОЖЬ;0;;;;;;;;;;;;;;Undefined;;;;;;;;;;;;ЛОЖЬ;ИСТИНА;;;;;;;;;;;;;;;;;;;;;;;;
R;618_596_3;;;901-10;;91TI811;;ЛОЖЬ;ЛОЖЬ;;596;;Float;;;;;0;;;;516;ЛОЖЬ;0;;;;;;;;;;;;;;Undefined;491;3428;;;;;;;;;;ЛОЖЬ;;;;;;;;;;;;;;;;;;;;;;;;;
M;C616_3_E;;;9100;9100;Function block marker;;ЛОЖЬ;ЛОЖЬ;;616;;;;;;;0;;;;1142;ЛОЖЬ;0;;;;;;;;;;;;;;Undefined;;;;;;;;;;;;ЛОЖЬ;ИСТИНА;;;;;;;;;;;;;;;;;;;;;;;;
DO;91XA808_P;;COM;901-10;A_C90111;MMS TRIP LAMP;No;ИСТИНА;ЛОЖЬ;;634;;;;;;;0;;;;2044;ЛОЖЬ;34045;None;;;;;;1=ACTIVE;;;;;;;Undefined;491;3428;;;;;;;;;;ЛОЖЬ;;;;;;;;;;;;;;;;;;Output;CC_UCB_1;ESD_912_1;95;;;;
M;C598_2_F;;;9100;9100;Function block marker;;ЛОЖЬ;ЛОЖЬ;;598;;;;;;;0;;;;2790;ЛОЖЬ;0;;;;;;;;;;;;;;Undefined;;;;;;;;;;;;ЛОЖЬ;ИСТИНА;;;;;;;;;;;;;;;;;;;;;;;;
DO;91PALL084;;COM;;;LIQUID AMM TO V9011001C;No;ИСТИНА;ЛОЖЬ;;319;;;;;;;0;;;;1452;ИСТИНА;33821;None;;;;;;0=TRIP;;;;;;;Undefined;491;3428;;;;;;;;;;ЛОЖЬ;;;;;;;;;;;;;;;;;;;;;;Output;EPKS_UCB;ESD_912_1;561
DO;91PALL071_CA;;COM;;;CAUSE ALARM;No;ЛОЖЬ;ЛОЖЬ;;313;;;;;;;0;;;;1110;ЛОЖЬ;0;None;;;;;;0=ALARM;0=ALARM;;;;;;Undefined;;;;;;;;;;;;ЛОЖЬ;ИСТИНА;;;;;;;;;;;;;;;;;;;;;Output;EPKS_UCB;ESD_912_1;898
M;C240_1_E;;;4300;4300;Function block marker;;ЛОЖЬ;ЛОЖЬ;;240;;;;;;;0;;;;2123;ЛОЖЬ;0;;;;;;;;;;;;;;Undefined;491;3428;;;;;;;;;;ЛОЖЬ;;;;;;;;;;;;;;;;;;;;;;;;;
DO;91XY085_C;;COM;9100;;AUTO CLOSURE 91XV085;No;ИСТИНА;ЛОЖЬ;;450;;;;;;;0;;;;652;ИСТИНА;33854;None;;;;;;0=CLOSE;;;;;;;Undefined;491;3428;;;;;;;;;;ЛОЖЬ;;;;;;;;;;;;;;;;;;;;;;Output;EPKS_UCB;ESD_912_1;787
T;606_3;;;9100;;;;ЛОЖЬ;ЛОЖЬ;;606;;;;;;;;100 ms;5;;176;ЛОЖЬ;0;;;;;;;;;;;;;;Undefined;;;Delayed OFF with constant timer value;;;;;;;;;ЛОЖЬ;ИСТИНА;;;;;;;;;;;;;;;;;;;;;;;;
DO;91TAHH752_FU;;COM;901-10;A_C90111;C9011001AX GAS CYL1;No;ИСТИНА;ЛОЖЬ;;1502;;;;;;;0;;;;806;ИСТИНА;34104;None;;;;;;1=FIRST;;;;;;;Undefined;;;;;;;;;;;;ЛОЖЬ;ИСТИНА;;;;;;;;;;;;;;;;;;;;;Output;EPKS_UCB;ESD_912_1;810
DO;91TI752_TF;;COM;901-10;A_C90111;TRANSM FAULT;No;ЛОЖЬ;ЛОЖЬ;;512;;;;;;;0;;;;1843;ИСТИНА;33822;None;;;;;;0=ALARM;;;;;;;Undefined;491;3428;;;;;;;;;;ЛОЖЬ;;;;;;;;;;;;;;;;;;;;;;Output;EPKS_UCB;ESD_912_1;650
DI;91HS058B;;COM;901-10;A_90110;91XV058B CLOSE;No;ИСТИНА;ИСТИНА;;380;;;;;;;0;;;;2178;ЛОЖЬ;34162;None;;;;;;1=CLOSE (MOM);;;;;;;Undefined;;;;;;;;Low;;;;ЛОЖЬ;ИСТИНА;;;ЛОЖЬ;;;;;;;;;;;;;;;;;;Input;EPKS_UCB;ESD_912_1;132
R;618_596_4;;;9100;;91TI811A;;ЛОЖЬ;ЛОЖЬ;;596;;Float;;;;;0;;;;656;ЛОЖЬ;0;;;;;;;;;;;;;;Undefined;;;;;;;;;;;;ЛОЖЬ;ИСТИНА;;;;;;;;;;;;;;;;;;;;;;;;
R;2495_C;;;;;EXCEPTION;;ЛОЖЬ;ЛОЖЬ;;2495;;Float;;;;;0;;;;316;ЛОЖЬ;0;;;;;;;;;;;;;;Undefined;491;3428;;;;;;;;;;ЛОЖЬ;;;;;;;;;;;;;;;;;;;;;;;;;
DO;91XY094A;;MCC;901-10;A_90110;AUTO OPENING 91XV094;Yes;ИСТИНА;ЛОЖЬ;;462;;;;;;;0;;;;142;ЛОЖЬ;33499;None;;;;;;1=OPEN;;;;;;;Undefined;491;3428;;18.06;7;7;1;Appl;;;;ЛОЖЬ;;;;;;;;;;;;;;;;;;;;;;;;;
M;C246_3_E;;;4300;4300;Function block marker;;ЛОЖЬ;ЛОЖЬ;;246;;;;;;;0;;;;2114;ЛОЖЬ;0;;;;;;;;;;;;;;Undefined;491;3428;;;;;;;;;;ЛОЖЬ;;;;;;;;;;;;;;;;;;;;;;;;;
BI;18-DayOfTheWeek;;SYS;;;Day of the week;No;ЛОЖЬ;;;0;;Byte;;;;;;;;;4;;0;;;;;;;;;0;0;;;;-XXXXX.X;491;3428;;;;;;;;;;ЛОЖЬ;;;;;;;;;;;;;;;;;;;;;;;;;
M;C334_3_E;;;9100;9100;Function block marker;;ЛОЖЬ;ЛОЖЬ;;334;;;;;;;0;;;;1272;ЛОЖЬ;0;;;;;;;;;;;;;;Undefined;;;;;;;;;;;;ЛОЖЬ;ИСТИНА;;;;;;;;;;;;;;;;;;;;;;;;
M;C250_3_D;;;4300;4300;Function block marker;;ЛОЖЬ;ЛОЖЬ;;250;;;;;;;0;;;;2104;ЛОЖЬ;0;;;;;;;;;;;;;;Undefined;491;3428;;;;;;;;;;ЛОЖЬ;;;;;;;;;;;;;;;;;;;;;;;;;
M;536_524_1;;;9100;;91HS757_P_I;;ЛОЖЬ;ЛОЖЬ;;524;;;;;;;0;;;;596;ЛОЖЬ;0;;;;;;;1=RESET;;;;;;;Undefined;491;3428;;;;;;;;;;ЛОЖЬ;;;;;;;;;;;;;;;;;;;;;;;;;
DO;91XL850KB_ON_18;;FSC;901-05;A_90105;ESD MOS ACTIVE A 90105;No;ЛОЖЬ;ЛОЖЬ;;180;;;;;;;0;;;;1232;ЛОЖЬ;0;None;;;;;;1=LAMP ON;;;;;;;Undefined;491;3428;;;;;;;;;;ЛОЖЬ;;;;;;Output;ESD_002_1;ESD_912_1;1;;;;;;;;;;;;;;;;
M;C500_5_E;;;9100;9100;Function block marker;;ЛОЖЬ;ЛОЖЬ;;500;;;;;;;0;;;;2894;ЛОЖЬ;0;;;;;;;;;;;;;;Undefined;;;;;;;;;;;;ЛОЖЬ;ИСТИНА;;;;;;;;;;;;;;;;;;;;;;;;
R;518_498_3;;;901-10;;91TI761;;ЛОЖЬ;ЛОЖЬ;;498;;Float;;;;;0;;;;476;ЛОЖЬ;0;;;;;;;;;;;;;;Undefined;491;3428;;;;;;;;;;ЛОЖЬ;;;;;;;;;;;;;;;;;;;;;;;;;
M;628_630_2;;;901-10;;CAPACITY 50%;;ЛОЖЬ;ЛОЖЬ;;630;;;;;;;0;;;;447;ЛОЖЬ;0;;;;;;;1=ACTIVE;;;;;;;Undefined;491;3428;;;;;;;;;;ЛОЖЬ;;;;;;;;;;;;;;;;;;;;;;;;;
M;500_1;;;901-10;;;;ЛОЖЬ;ЛОЖЬ;;500;;;;;;;0;;;;1563;ЛОЖЬ;0;;;;;;;;;;;;;;Undefined;491;3428;;;;;;;;;;ЛОЖЬ;;;;;;;;;;;;;;;;;;;;;;;;;
M;514_1;;;901-10;;;;ЛОЖЬ;ЛОЖЬ;;514;;;;;;;0;;;;1852;ЛОЖЬ;0;;;;;;;;;;;;;;Undefined;491;3428;;;;;;;;;;ЛОЖЬ;;;;;;;;;;;;;;;;;;;;;;;;;
DI;91HS004A12;;PNL;901-10;A_90110;COMP STOP C-9011001AX;Yes;ИСТИНА;ЛОЖЬ;;296;;;;;;;;;;;40;ИСТИНА;33500;None;;;;;;0=TRIP;;;;;;;Undefined;491;3428;;18.03;5;1;1;Low;;;;ЛОЖЬ;;;;ЛОЖЬ;;;;;;;;;;;;;;;;;;Output;EPKS_UCB;ESD_912_1;720
M;320_1508_3;;;9100;;91PAHH099_I;;ЛОЖЬ;ЛОЖЬ;;1508;;;;;;;0;;;;98;ЛОЖЬ;0;;;;;;;0=TRIP INITIATOR;;;;;;;Undefined;;;;;;;;;;;;ЛОЖЬ;ИСТИНА;;;;;;;;;;;;;;;;;;;;;;;;
M;C508_1_E;;;9100;9100;Function block marker;;ЛОЖЬ;ЛОЖЬ;;508;;;;;;;0;;;;1184;ЛОЖЬ;0;;;;;;;;;;;;;;Undefined;;;;;;;;;;;;ЛОЖЬ;ИСТИНА;;;;;;;;;;;;;;;;;;;;;;;;
DO;07_18_SNESD_FLT_C;;COM;;S_B912;ESD002_1-ESD912_1;No;ИСТИНА;ЛОЖЬ;;167;;;;;;;0;;;;490;ИСТИНА;33871;None;;;;;;1=FAULT;;;;;;;Undefined;491;3428;;;;;;;;;;ЛОЖЬ;;;;;;;;;;;;;;;;;;;;;;Output;EPKS_UCB;ESD_912_1;445
DI;IB912_RESET_ELD_R;;COM;862-34;;RESET ELD REQUEST;No;ЛОЖЬ;ИСТИНА;;18;;;;;;;0;;;;2220;ЛОЖЬ;0;None;;;;;;1=REQUEST;1=REQUEST;;;;;;Undefined;;;;;;;;Low;;;;ЛОЖЬ;ИСТИНА;;;ЛОЖЬ;View only;;;;;;;;;;;;;;;;;Input;EPKS_UCB;ESD_912_1;14
M;246_252_2;;;901-10;;91LAL493_I;;ЛОЖЬ;ЛОЖЬ;;252;;;;;;;0;;;;1329;ЛОЖЬ;0;;;;;;;0=TRIP INITIATOR;;;;;;;Undefined;491;3428;;;;;;;;;;ЛОЖЬ;;;;;;;;;;;;;;;;;;;;;;;;;
M;C628_3;;;9100;9100;Compiler marker (317, 282);;ЛОЖЬ;ЛОЖЬ;;628;;;;;;;0;;;;579;ЛОЖЬ;0;;;;;;;;;;;;;;Undefined;491;3428;;;;;;;;;;ЛОЖЬ;;;;;;;;;;;;;;;;;;;;;;;;;
M;C324_2_B;;;9100;9100;Function block marker;;ЛОЖЬ;ЛОЖЬ;;324;;;;;;;0;;;;2050;ЛОЖЬ;0;;;;;;;;;;;;;;Undefined;491;3428;;;;;;;;;;ЛОЖЬ;;;;;;;;;;;;;;;;;;;;;;;;;
R;C2456_7;;;;;Compiler register (288, 198);;ЛОЖЬ;ЛОЖЬ;;2456;;Float;;;;;0;;;;364;ЛОЖЬ;0;;;;;;;;;;;;;;Undefined;491;3428;;;;;;;;;;ЛОЖЬ;;;;;;;;;;;;;;;;;;;;;;;;;
R;2496_C;;;;;RESULT;;ЛОЖЬ;ЛОЖЬ;;2496;;Float;;;;;0;;;;324;ЛОЖЬ;0;;;;;;;;;;;;;;Undefined;491;3428;;;;;;;;;;ЛОЖЬ;;;;;;;;;;;;;;;;;;;;;;;;;
M;346_184_1;;;901-10;;91FT028B;;ЛОЖЬ;ЛОЖЬ;;184;;;;;;;0;;;;1639;ЛОЖЬ;0;;;;;;;1=MO CONFIRMED;;;;;;;Undefined;491;3428;;;;;;;;;;ЛОЖЬ;;;;;;;;;;;;;;;;;;;;;;;;;
DO;91TAH751;;COM;901-10;A_C90111;HI ALARM;No;ЛОЖЬ;ЛОЖЬ;;512;;;;;;;0;;;;1319;ЛОЖЬ;0;None;;;;;;0=ALARM;0=ALARM;;;;;;Undefined;;;;;;;;;;;;ЛОЖЬ;ИСТИНА;;;;;;;;;;;;;;;;;;;;;Output;EPKS_UCB;ESD_912_1;993
DO;91VAHH751_FU;;COM;901-10;A_90110;TRIP INITIATOR;No;ИСТИНА;ЛОЖЬ;;1510;;;;;;;0;;;;1668;ИСТИНА;33505;None;;;;;;1=FIRST;1=FIRST;;;;;;Undefined;;;;;;;;;;;;ЛОЖЬ;ИСТИНА;;;;;;;;;;;;;;;;;;;;;Output;EPKS_UCB;ESD_912_1;937
M;C346_3_G;;;9100;9100;Function block marker;;ЛОЖЬ;ЛОЖЬ;;346;;;;;;;0;;;;2728;ЛОЖЬ;0;;;;;;;;;;;;;;Undefined;;;;;;;;;;;;ЛОЖЬ;ИСТИНА;;;;;;;;;;;;;;;;;;;;;;;;
M;C514_1_G;;;9100;9100;Function block marker;;ЛОЖЬ;ЛОЖЬ;;514;;;;;;;0;;;;2867;ЛОЖЬ;0;;;;;;;;;;;;;;Undefined;;;;;;;;;;;;ЛОЖЬ;ИСТИНА;;;;;;;;;;;;;;;;;;;;;;;;
M;504_1500_3;;;9100;;91PAHH752_I;;ЛОЖЬ;ЛОЖЬ;;1500;;;;;;;0;;;;80;ЛОЖЬ;0;;;;;;;0=TRIP INITIATOR;;;;;;;Undefined;;;;;;;;;;;;ЛОЖЬ;ИСТИНА;;;;;;;;;;;;;;;;;;;;;;;;
DO;91XY081;;MCC;901-10;A_90110;AUTO CLOSURE 91XV081;Yes;ИСТИНА;ЛОЖЬ;;444;;;;;;;0;;;;124;ЛОЖЬ;33501;None;;;;;;1=CLOSE;;;;;;;Undefined;491;3428;;18.06;5;5;1;Appl;;;;ЛОЖЬ;;;;;;;;;;;;;;;;;;;;;;;;;
DO;91XY074;;FLD;901-10;A_90110;INLET VALVE CTRL 91XV074;Yes;ИСТИНА;ЛОЖЬ;;400;;;;;;;0;;;;49;ИСТИНА;33502;None;;;;;;1=OPEN;;;;;;;Undefined;491;3428;;18.05;9;2;1;Appl;;;;ЛОЖЬ;;;;;;;;;;;;;;;;;;;;;;Output;EPKS_UCB;ESD_912_1;744
DO;91TAHH811;;COM;901-10;A_C90111;C9011001SX OTR OIL TK;No;ИСТИНА;ЛОЖЬ;;618;;;;;;;0;;;;2037;ИСТИНА;33824;None;;;;;;0=TRIP;;;;;;;Undefined;491;3428;;;;;;;;;;ЛОЖЬ;;;;;;;;;;;;;;;;;;;;;;Output;EPKS_UCB;ESD_912_1;638
DI;91HS119A;;FLD;901-10;A_90110;STOP OF COMPRESSOR LCSA2;Yes;ИСТИНА;ЛОЖЬ;;296;;;;;;;;;;;60;ИСТИНА;33503;None;;;;;;0=TRIP;;;;;;;Undefined;491;3428;;18.03;7;5;1;Low;;;;ЛОЖЬ;;;;ЛОЖЬ;;;;;;;;;;;;;;;;;;Output;EPKS_UCB;ESD_912_1;699
M;C1502_1_L;;;;;Function block marker;;ЛОЖЬ;ЛОЖЬ;;1502;;;;;;;0;;;;994;ЛОЖЬ;0;;;;;;;;;;;;;;Undefined;;;;;;;;;;;;ЛОЖЬ;ИСТИНА;;;;;;;;;;;;;;;;;;;;;;;;
DI;91HS005A12;;PNL;901-10;A_90110;COMP STOP C-9011001SX;Yes;ИСТИНА;ЛОЖЬ;;358;;;;;;;;;;;41;ИСТИНА;33504;None;;;;;;0=TRIP;;;;;;;Undefined;491;3428;;18.03;5;2;1;Low;;;;ЛОЖЬ;;;;ЛОЖЬ;;;;;;;;;;;;;;;;;;Output;EPKS_UCB;ESD_912_1;722
M;504_1;;;901-10;;;;ЛОЖЬ;ЛОЖЬ;;504;;;;;;;0;;;;1782;ЛОЖЬ;0;;;;;;;;;;;;;;Undefined;491;3428;;;;;;;;;;ЛОЖЬ;;;;;;;;;;;;;;;;;;;;;;;;;
BO;91LI801_L;;COM;901-10;A_C90111;LO ALARM SETPOINT;No;ЛОЖЬ;ЛОЖЬ;;601;;Float;;;;;0;;;;824;;0;;None;None;None;None;;;;;;;;;-XXXXX.X;;;;;;;;;;;;ЛОЖЬ;ИСТИНА;;;;;;;;;;;;;;;;;;;;;Output;EPKS_UCB;ESD_912_1;10259
M;2460_5;;;901-10;;;;ЛОЖЬ;ЛОЖЬ;;2460;;;;;;;0;;;;187;ЛОЖЬ;0;;;;;;;;;;;;;;Undefined;491;3428;;;;;;;;;;ЛОЖЬ;;;;;;;;;;;;;;;;;;;;;;;;;
M;635_1524_2;;;;C9011001;91VAHH801_I;;ЛОЖЬ;ЛОЖЬ;;1524;;;;;;;0;;;;1796;ЛОЖЬ;0;;;;;;;0=TRIP;;;;;;;Undefined;;;;;;;;;;;;ЛОЖЬ;ИСТИНА;;;;;;;;;;;;;;;;;;;;;;;;
M;600_1514_2;;;9100;;91LAHH802_I;;ЛОЖЬ;ЛОЖЬ;;1514;;;;;;;0;;;;872;ЛОЖЬ;0;;;;;;;0=TRIP INITIATOR;;;;;;;Undefined;;;;;;;;;;;;ЛОЖЬ;ИСТИНА;;;;;;;;;;;;;;;;;;;;;;;;
DO;91PI751_TF;;COM;901-10;A_C90111;TRANSM FAULT;No;ЛОЖЬ;ЛОЖЬ;;504;;;;;;;0;;;;873;ИСТИНА;33885;None;;;;;;0=ALARM;0=ALARM;;;;;;Undefined;;;;;;;;;;;;ЛОЖЬ;ИСТИНА;;;;;;;;;;;;;;;;;;;;;Output;EPKS_UCB;ESD_912_1;984
M;C322_1_G;;;9100;9100;Function block marker;;ЛОЖЬ;ЛОЖЬ;;322;;;;;;;0;;;;1367;ЛОЖЬ;0;;;;;;;;;;;;;;Undefined;;;;;;;;;;;;ЛОЖЬ;ИСТИНА;;;;;;;;;;;;;;;;;;;;;;;;
M;302_182_1;;;901-10;;91TT108;;ЛОЖЬ;ЛОЖЬ;;182;;;;;;;0;;;;1325;ЛОЖЬ;0;;;;;;;1=MO CONFIRMED;;;;;;;Undefined;491;3428;;;;;;;;;;ЛОЖЬ;;;;;;;;;;;;;;;;;;;;;;;;;
DO;91LALL493;;COM;901-05;A_90105;037% H2SO4 V9010501;No;ИСТИНА;ЛОЖЬ;;246;;;;;;;0;;;;1290;ИСТИНА;33825;None;;;;;;0=TRIP;;;;;;;Undefined;491;3428;;;;;;;;;;ЛОЖЬ;;;;;;;;;;;;;;;;;;;;;;Output;EPKS_UCB;ESD_912_1;498
M;326_384_3;;;901-10;;91LAHH058_I;;ЛОЖЬ;ЛОЖЬ;;384;;;;;;;0;;;;1656;ЛОЖЬ;0;;;;;;;0=TRIP INITIATOR;;;;;;;Undefined;491;3428;;;;;;;;;;ЛОЖЬ;;;;;;;;;;;;;;;;;;;;;;;;;
M;604_4;;;901-10;;;;ЛОЖЬ;ЛОЖЬ;;604;;;;;;;0;;;;351;ЛОЖЬ;0;;;;;;;;;;;;;;Undefined;491;3428;;;;;;;;;;ЛОЖЬ;;;;;;;;;;;;;;;;;;;;;;;;;
M;536_8;;;9100;;;;ЛОЖЬ;ЛОЖЬ;;536;;;;;;;0;;;;628;ЛОЖЬ;0;;;;;;;;;;;;;;Undefined;491;3428;;;;;;;;;;ЛОЖЬ;;;;;;;;;;;;;;;;;;;;;;;;;
BO;91TI811_HH;;COM;901-10;A_C90111;HH TRIP SETPOINT;No;ИСТИНА;ЛОЖЬ;;618;;Float;;;;;0;;;;736;;34046;;;;;;;;;0;0;;;;-XXXXX.X;491;3428;;;;;;;;;;ЛОЖЬ;;;;;;;;;;;;;;;;;;;;;;Output;EPKS_UCB;ESD_912_1;10181
M;501_536_1;;;9100;;91LAL751_C;;ЛОЖЬ;ЛОЖЬ;;536;;;;;;;0;;;;1408;ЛОЖЬ;0;;;;;;;0=ALARM;;;;;;;Undefined;;;;;;;;;;;;ЛОЖЬ;ИСТИНА;;;;;;;;;;;;;;;;;;;;;;;;
M;598_1320_3;;;;;91TAL811A_PERM;;ЛОЖЬ;ЛОЖЬ;;1320;;;;;;;0;;;;1619;ЛОЖЬ;0;;;;;;;0=ALARM;;;;;;;Undefined;;;;;;;;;;;;ЛОЖЬ;ИСТИНА;;;;;;;;;;;;;;;;;;;;;;;;
M;248_3;;;901-10;;;;ЛОЖЬ;ЛОЖЬ;;248;;;;;;;0;;;;426;ЛОЖЬ;0;;;;;;;;;;;;;;Undefined;491;3428;;;;;;;;;;ЛОЖЬ;;;;;;;;;;;;;;;;;;;;;;;;;
M;C319_2_E;;;;;Function block marker;;ЛОЖЬ;ЛОЖЬ;;319;;;;;;;0;;;;2681;ЛОЖЬ;0;;;;;;;;;;;;;;Undefined;;;;;;;;;;;;ЛОЖЬ;ИСТИНА;;;;;;;;;;;;;;;;;;;;;;;;
AI;91TI804;;FLD;901-10;A_C90111;C9011001SX TECH GAS CYL1;Yes;ИСТИНА;ЛОЖЬ;;614;ИСТИНА;Float;4-20mA;-50;200;°C;;;;;112;ЛОЖЬ;33967;;None;None;None;None;;;;-112.5;-112.5;;;;-XXXXX.X;3.76;21;;18.04;3;12;1;Top scale;;;;ЛОЖЬ;;ЛОЖЬ;;;;;;;;;;;;;;;;;;;;Output;EPKS_UCB;ESD_912_1;10107
DO;91PAHH772;;COM;901-10;A_C90111;C9011001AX GAS PRS;No;ИСТИНА;ЛОЖЬ;;506;;;;;;;0;;;;1251;ИСТИНА;33826;None;;;;;;0=TRIP;;;;;;;Undefined;491;3428;;;;;;;;;;ЛОЖЬ;;;;;;;;;;;;;;;;;;;;;;Output;EPKS_UCB;ESD_912_1;544
T;348_1;;;9100;;;;ЛОЖЬ;ЛОЖЬ;;348;;;;;;;;100 ms;5;;528;ЛОЖЬ;0;;;;;;;;;;;;;;Undefined;;;Delayed OFF with constant timer value;;;;;;;;;ЛОЖЬ;ИСТИНА;;;;;;;;;;;;;;;;;;;;;;;;
BO;91PDI803_H;;COM;901-10;A_C90111;HI ALARM SETPOINT;No;ЛОЖЬ;ЛОЖЬ;;602;;Float;;;;;0;;;;832;;0;;None;None;None;None;;;;;;;;;-XXXXX.X;;;;;;;;;;;;ЛОЖЬ;ИСТИНА;;;;;;;;;;;;;;;;;;;;;Output;EPKS_UCB;ESD_912_1;10250
DO;91TAHH758_CA;;COM;901-10;A_C90111;CAUSE ALARM;No;ЛОЖЬ;ЛОЖЬ;;516;;;;;;;0;;;;1864;ЛОЖЬ;0;None;;;;;;0=ALARM;;;;;;;Undefined;491;3428;;;;;;;;;;ЛОЖЬ;;;;;;;;;;;;;;;;;;;;;;Output;EPKS_UCB;ESD_912_1;629
M;2490_C;;;;;Ready to reset/ 1=Ready;;ЛОЖЬ;ЛОЖЬ;;2490;;;;;;;0;;;;176;ЛОЖЬ;0;;;;;;;;;;;;;;Undefined;491;3428;;;;;;;;;;ЛОЖЬ;;;;;;;;;;;;;;;;;;;;;;;;;
M;C604_5_G;;;9100;9100;Function block marker;;ЛОЖЬ;ЛОЖЬ;;604;;;;;;;0;;;;1165;ЛОЖЬ;0;;;;;;;;;;;;;;Undefined;;;;;;;;;;;;ЛОЖЬ;ИСТИНА;;;;;;;;;;;;;;;;;;;;;;;;
DO;91HS852B;;COM;901-10;A_90110;ESD MOS REL AREA 901-10;No;ИСТИНА;ЛОЖЬ;;171;;;;;;;0;;;;198;ИСТИНА;33828;None;;;;;;1=RELEASED;;;;;;;Undefined;491;3428;;;;;;;;;;ЛОЖЬ;;;;;;;;;;;;;;;;;;;;;;Output;EPKS_UCB;ESD_912_1;453
M;C632_1;;;9100;9100;Compiler marker (208, 108);;ЛОЖЬ;ЛОЖЬ;;632;;;;;;;0;;;;575;ЛОЖЬ;0;;;;;;;;;;;;;;Undefined;491;3428;;;;;;;;;;ЛОЖЬ;;;;;;;;;;;;;;;;;;;;;;;;;
M;602_622_2;;;9100;;91PDAHH804_I;;ЛОЖЬ;ЛОЖЬ;;622;;;;;;;0;;;;1941;ЛОЖЬ;0;;;;;;;0=TRIP INITIATOR;;;;;;;Undefined;491;3428;;;;;;;;;;ЛОЖЬ;;;;;;;;;;;;;;;;;;;;;;;;;
M;2420_A;;;;;Loop AND;;ЛОЖЬ;ЛОЖЬ;;2420;;;;;;;0;;;;102;ЛОЖЬ;0;;;;;;;;;;;;;;Undefined;491;3428;;;;;;;;;;ЛОЖЬ;;;;;;;;;;;;;;;;;;;;;;;;;
M;C330_4;;;901-10;;Compiler marker (320, 216);;ЛОЖЬ;ЛОЖЬ;;330;;;;;;;0;;;;2013;ЛОЖЬ;0;;;;;;;;;;;;;;Undefined;491;3428;;;;;;;;;;ЛОЖЬ;;;;;;;;;;;;;;;;;;;;;;;;;
M;C600_1_E;;;9100;9100;Function block marker;;ЛОЖЬ;ЛОЖЬ;;600;;;;;;;0;;;;509;ЛОЖЬ;0;;;;;;;;;;;;;;Undefined;491;3428;;;;;;;;;;ЛОЖЬ;;;;;;;;;;;;;;;;;;;;;;;;;
M;C324_3_F;;;9100;9100;Function block marker;;ЛОЖЬ;ЛОЖЬ;;324;;;;;;;0;;;;1353;ЛОЖЬ;0;;;;;;;;;;;;;;Undefined;;;;;;;;;;;;ЛОЖЬ;ИСТИНА;;;;;;;;;;;;;;;;;;;;;;;;
M;C346_4_D;;;9100;9100;Function block marker;;ЛОЖЬ;ЛОЖЬ;;346;;;;;;;0;;;;1936;ЛОЖЬ;0;;;;;;;;;;;;;;Undefined;491;3428;;;;;;;;;;ЛОЖЬ;;;;;;;;;;;;;;;;;;;;;;;;;
DI;91HS070A_P;;COM;901-10;A_90110;91XV070 OPEN;No;ИСТИНА;ИСТИНА;;392;;;;;;;0;;;;2166;ЛОЖЬ;33567;None;;;;;;1=OPEN (MOM);;;;;;;Undefined;491;3428;;;;;;Low;;;;ЛОЖЬ;;;;ЛОЖЬ;;;;;;;;;;;;;;;;;;Input;EPKS_UCB;ESD_912_1;147
DO;91LI045_TF;;COM;9100;;TRANSM FAULT;No;ЛОЖЬ;ЛОЖЬ;;298;;;;;;;0;;;;2137;ИСТИНА;33820;None;;;;;;0=ALARM;0=ALARM;;;;;;Undefined;;;;;;;;;;;;ЛОЖЬ;ИСТИНА;;;;;;;;;;;;;;;;;;;;;Output;EPKS_UCB;ESD_912_1;947
DO;91XY401A;;MCC;901-05;A_P90110;AUTO STOP P-9010502AX;Yes;ИСТИНА;ЛОЖЬ;;246;;;;;;;0;;;;187;ИСТИНА;33506;None;;;;;;0=TRIP;;;;;;;Undefined;491;3428;;18.06;13;4;1;Appl;;;;ЛОЖЬ;;;;;;;;;;;;;;;;;;;;;;Output;EPKS_UCB;ESD_912_1;797
M;321_2;;;9100;;;;ЛОЖЬ;ЛОЖЬ;;321;;;;;;;0;;;;1876;ЛОЖЬ;0;;;;;;;;;;;;;;Undefined;;;;;;;;;;;;ЛОЖЬ;ИСТИНА;;;;;;;;;;;;;;;;;;;;;;;;
DI;91HY764_P;;COM;901-10;A_C90111;START COMMAND;No;ИСТИНА;ИСТИНА;;534;;;;;;;0;;;;691;ИСТИНА;33627;None;;;;;;1=START;;;;;;;Undefined;491;3428;;;;;;Low;;;;ЛОЖЬ;;;;ЛОЖЬ;;;;;;;;;;;;;;Input;CC_UCB_1;ESD_912_1;20;Output;EPKS_UCB;ESD_912_1;2034
DO;91XA411_P;;COM;901-05;A_90105;AUDIO ALARM;No;ИСТИНА;ЛОЖЬ;;252;;;;;;;0;;;;1333;ЛОЖЬ;34047;None;;;;;;1=ACTIVE;;;;;;;Undefined;491;3428;;;;;;;;;;ЛОЖЬ;;;;;;;;;;;;;;;;;;Output;CC_UCB_1;ESD_912_1;104;;;;
M;317_382_1;;;9100;;91PALL081_I;;ЛОЖЬ;ЛОЖЬ;;382;;;;;;;0;;;;2655;ЛОЖЬ;0;;;;;;;0=TRIP INITIATOR;;;;;;;Undefined;;;;;;;;;;;;ЛОЖЬ;ИСТИНА;;;;;;;;;;;;;;;;;;;;;;;;
M;C606_6_E;;;9100;9100;Function block marker;;ЛОЖЬ;ЛОЖЬ;;606;;;;;;;0;;;;2828;ЛОЖЬ;0;;;;;;;;;;;;;;Undefined;;;;;;;;;;;;ЛОЖЬ;ИСТИНА;;;;;;;;;;;;;;;;;;;;;;;;
M;508_1502_2;;;9100;;91PALL779_I;;ЛОЖЬ;ЛОЖЬ;;1502;;;;;;;0;;;;83;ЛОЖЬ;0;;;;;;;0=TRIP INITIATOR;;;;;;;Undefined;;;;;;;;;;;;ЛОЖЬ;ИСТИНА;;;;;;;;;;;;;;;;;;;;;;;;
DO;91FALL030B;;COM;901-10;A_90110;WTR OF 1 TO C9011001SX;No;ИСТИНА;ЛОЖЬ;;352;;;;;;;0;;;;1395;ИСТИНА;33830;None;;;;;;0=TRIP;;;;;;;Undefined;491;3428;;;;;;;;;;ЛОЖЬ;;;;;;;;;;;;;;;;;;;;;;Output;EPKS_UCB;ESD_912_1;419
BO;91TI803_H;;COM;901-10;A_C90111;HI ALARM SETPOINT;No;ЛОЖЬ;ЛОЖЬ;;614;;Float;;;;;0;;;;1112;;0;;None;None;None;None;;;;;;;;;-XXXXX.X;;;;;;;;;;;;ЛОЖЬ;ИСТИНА;;;;;;;;;;;;;;;;;;;;;Output;EPKS_UCB;ESD_912_1;10257
M;C618_4_D;;;9100;9100;Function block marker;;ЛОЖЬ;ЛОЖЬ;;618;;;;;;;0;;;;2784;ЛОЖЬ;0;;;;;;;;;;;;;;Undefined;;;;;;;;;;;;ЛОЖЬ;ИСТИНА;;;;;;;;;;;;;;;;;;;;;;;;
DO;91PAHH752_CA;;COM;901-10;A_C90111;CAUSE ALARM;No;ЛОЖЬ;ЛОЖЬ;;504;;;;;;;0;;;;1781;ЛОЖЬ;0;None;;;;;;0=ALARM;;;;;;;Undefined;491;3428;;;;;;;;;;ЛОЖЬ;;;;;;;;;;;;;;;;;;;;;;Output;EPKS_UCB;ESD_912_1;543
M;C2460_4;;;;;Compiler marker (264, 294);;ЛОЖЬ;ЛОЖЬ;;2460;;;;;;;0;;;;1222;ЛОЖЬ;0;;;;;;;;;;;;;;Undefined;491;3428;;;;;;;;;;ЛОЖЬ;;;;;;;;;;;;;;;;;;;;;;;;;
M;C352_1_E;;;9100;9100;Function block marker;;ЛОЖЬ;ЛОЖЬ;;352;;;;;;;0;;;;1208;ЛОЖЬ;0;;;;;;;;;;;;;;Undefined;;;;;;;;;;;;ЛОЖЬ;ИСТИНА;;;;;;;;;;;;;;;;;;;;;;;;
R;326_327_2;;;;;91LI058;;ЛОЖЬ;ЛОЖЬ;;327;;Float;;;;;0;;;;44;ЛОЖЬ;0;;;;;;;;;;;;;;Undefined;;;;;;;;;;;;ЛОЖЬ;ИСТИНА;;;;;;;;;;;;;;;;;;;;;;;;
M;312_350_2;;;901-10;;91PAHH073_I;;ЛОЖЬ;ЛОЖЬ;;350;;;;;;;0;;;;1305;ЛОЖЬ;0;;;;;;;0=TRIP INITIATOR;;;;;;;Undefined;491;3428;;;;;;;;;;ЛОЖЬ;;;;;;;;;;;;;;;;;;;;;;;;;
DO;91TAHH804;;COM;901-10;A_C90111;C9011001SX GAS CYL2;No;ИСТИНА;ЛОЖЬ;;614;;;;;;;0;;;;2027;ИСТИНА;33832;None;;;;;;0=TRIP;;;;;;;Undefined;491;3428;;;;;;;;;;ЛОЖЬ;;;;;;;;;;;;;;;;;;;;;;Output;EPKS_UCB;ESD_912_1;634
M;C171_3;;;;;Compiler marker (352, 108);;ЛОЖЬ;ЛОЖЬ;;171;;;;;;;0;;;;597;ЛОЖЬ;0;;;;;;;;;;;;;;Undefined;491;3428;;;;;;;;;;ЛОЖЬ;;;;;;;;;;;;;;;;;;;;;;;;;
M;2456_B;;;;;Trip 2;;ЛОЖЬ;ЛОЖЬ;;2456;;;;;;;0;;;;123;ЛОЖЬ;0;;;;;;;;;;;;;;Undefined;491;3428;;;;;;;;;;ЛОЖЬ;;;;;;;;;;;;;;;;;;;;;;;;;
M;C1510_1_M;;;;;Function block marker;;ЛОЖЬ;ЛОЖЬ;;1510;;;;;;;0;;;;971;ЛОЖЬ;0;;;;;;;;;;;;;;Undefined;;;;;;;;;;;;ЛОЖЬ;ИСТИНА;;;;;;;;;;;;;;;;;;;;;;;;
M;C616_3_F;;;9100;9100;Function block marker;;ЛОЖЬ;ЛОЖЬ;;616;;;;;;;0;;;;1143;ЛОЖЬ;0;;;;;;;;;;;;;;Undefined;;;;;;;;;;;;ЛОЖЬ;ИСТИНА;;;;;;;;;;;;;;;;;;;;;;;;
M;2457_I;;;;;X out of Y;;ЛОЖЬ;ЛОЖЬ;;2457;;;;;;;0;;;;140;ЛОЖЬ;0;;;;;;;;;;;;;;Undefined;491;3428;;;;;;;;;;ЛОЖЬ;;;;;;;;;;;;;;;;;;;;;;;;;
M;C504_4_E;;;9100;9100;Function block marker;;ЛОЖЬ;ЛОЖЬ;;504;;;;;;;0;;;;1784;ЛОЖЬ;0;;;;;;;;;;;;;;Undefined;491;3428;;;;;;;;;;ЛОЖЬ;;;;;;;;;;;;;;;;;;;;;;;;;
M;C319_2_F;;;;;Function block marker;;ЛОЖЬ;ЛОЖЬ;;319;;;;;;;0;;;;2690;ЛОЖЬ;0;;;;;;;;;;;;;;Undefined;;;;;;;;;;;;ЛОЖЬ;ИСТИНА;;;;;;;;;;;;;;;;;;;;;;;;
M;1504_5;;;;C9011001;;;ЛОЖЬ;ЛОЖЬ;;1504;;;;;;;0;;;;57;ЛОЖЬ;0;;;;;;;;;;;;;;Undefined;;;;;;;;;;;;ЛОЖЬ;ИСТИНА;;;;;;;;;;;;;;;;;;;;;;;;
DO;91VAHH752_PA;;COM;901-10;A_90110;1oo2 PRE ALARM;No;ИСТИНА;ЛОЖЬ;;534;;;;;;;0;;;;460;ЛОЖЬ;33438;None;;;;;;0=ALARM;;;;;;;Undefined;491;3428;;;;;;;;;;ЛОЖЬ;;;;;;;;;;;;;;;;;;;;;;Output;EPKS_UCB;ESD_912_1;675
DO;91FI028B_TF;;COM;901-10;A_90110;TRANSM FAULT;No;ЛОЖЬ;ЛОЖЬ;;346;;;;;;;0;;;;1641;ИСТИНА;33833;None;;;;;;0=ALARM;;;;;;;Undefined;491;3428;;;;;;;;;;ЛОЖЬ;;;;;;;;;;;;;;;;;;;;;;Output;EPKS_UCB;ESD_912_1;425
DO;91XY059;;MCC;901-10;A_90110;AUTO CLOSURE 91XV059;Yes;ИСТИНА;ЛОЖЬ;;428;;;;;;;0;;;;108;ЛОЖЬ;33507;None;;;;;;1=CLOSE;;;;;;;Undefined;491;3428;;18.06;3;5;1;Appl;;;;ЛОЖЬ;;;;;;;;;;;;;;;;;;;;;;;;;
M;C608_5_E;;;9100;9100;Function block marker;;ЛОЖЬ;ЛОЖЬ;;608;;;;;;;0;;;;2694;ЛОЖЬ;0;;;;;;;;;;;;;;Undefined;;;;;;;;;;;;ЛОЖЬ;ИСТИНА;;;;;;;;;;;;;;;;;;;;;;;;
M;1506_5;;;;C9011001;;;ЛОЖЬ;ЛОЖЬ;;1506;;;;;;;0;;;;63;ЛОЖЬ;0;;;;;;;;;;;;;;Undefined;;;;;;;;;;;;ЛОЖЬ;ИСТИНА;;;;;;;;;;;;;;;;;;;;;;;;
M;612_1516_2;;;9100;;91TAHH802_I;;ЛОЖЬ;ЛОЖЬ;;1516;;;;;;;0;;;;880;ЛОЖЬ;0;;;;;;;0=TRIP INITIATOR;;;;;;;Undefined;;;;;;;;;;;;ЛОЖЬ;ИСТИНА;;;;;;;;;;;;;;;;;;;;;;;;
DI;91HS815B_B2_OT_P;;COM;901-10;A_90110;CAP CTRL BIT 2;No;ИСТИНА;ИСТИНА;;628;;;;;;;0;;;;706;ИСТИНА;33626;None;;;;;;1=TRUE;;;;;;;Undefined;491;3428;;;;;;Freeze;;;;ЛОЖЬ;;;;ЛОЖЬ;;;;;;;;;;;;;;Input;CC_UCB_1;ESD_912_1;35;Output;EPKS_UCB;ESD_912_1;2033
M;C346_1_F;;;9100;9100;Function block marker;;ЛОЖЬ;ЛОЖЬ;;346;;;;;;;0;;;;1215;ЛОЖЬ;0;;;;;;;;;;;;;;Undefined;;;;;;;;;;;;ЛОЖЬ;ИСТИНА;;;;;;;;;;;;;;;;;;;;;;;;
M;319_396_1;;;9100;;91PALL084_I;;ЛОЖЬ;ЛОЖЬ;;396;;;;;;;0;;;;2687;ЛОЖЬ;0;;;;;;;0=TRIP INITIATOR;;;;;;;Undefined;;;;;;;;;;;;ЛОЖЬ;ИСТИНА;;;;;;;;;;;;;;;;;;;;;;;;
DO;91PAHH076_FU1;;COM;901-10;A_90110;LIQUID AMM TO V9011001A;No;ИСТИНА;ЛОЖЬ;;1506;;;;;;;0;;;;816;ИСТИНА;34114;None;;;;;;1=FIRST;;;;;;;Undefined;;;;;;;;;;;;ЛОЖЬ;ИСТИНА;;;;;;;;;;;;;;;;;;;;;Output;EPKS_UCB;ESD_912_1;820
M;1520_1522_1;;;;C9011001;FIRST OUT SEQUENCE;;ЛОЖЬ;ЛОЖЬ;;1522;;;;;;;0;;;;870;ЛОЖЬ;0;;;;;;;1=FU ALARM;;;;;;;Undefined;;;;;;;;;;;;ЛОЖЬ;ИСТИНА;;;;;;;;;;;;;;;;;;;;;;;;
M;C302_2_B;;;9100;9100;Function block marker;;ЛОЖЬ;ЛОЖЬ;;302;;;;;;;0;;;;2095;ЛОЖЬ;0;;;;;;;;;;;;;;Undefined;491;3428;;;;;;;;;;ЛОЖЬ;;;;;;;;;;;;;;;;;;;;;;;;;
M;398_3;;;9100;;;;ЛОЖЬ;ЛОЖЬ;;398;;;;;;;0;;;;785;ЛОЖЬ;0;;;;;;;;;;;;;;Undefined;491;3428;;;;;;;;;;ЛОЖЬ;;;;;;;;;;;;;;;;;;;;;;;;;
M;344_360_1;;;901-10;;GROUP SHUTDOWN;;ЛОЖЬ;ЛОЖЬ;;360;;;;;;;0;;;;1471;ЛОЖЬ;0;;;;;;;0=TRIP;;;;;;;Undefined;491;3428;;;;;;;;;;ЛОЖЬ;;;;;;;;;;;;;;;;;;;;;;;;;
BO;91LI495_H;;COM;901-05;A_90105;H TRIP SETPOINT (%);No;ИСТИНА;ЛОЖЬ;;248;;Float;;;;;0;;;;444;;34048;;;;;;;;;0;0;;;;-XXXXX.X;491;3428;;;;;;;;;;ЛОЖЬ;;;;;;;;;;;;;;;;;;;;;;Output;EPKS_UCB;ESD_912_1;10140
DO;91XY013_C;;COM;9100;;AUTO OPENING 91XV013;No;ИСТИНА;ЛОЖЬ;;408;;;;;;;0;;;;644;ИСТИНА;33882;None;;;;;;0=OPEN;;;;;;;Undefined;491;3428;;;;;;;;;;ЛОЖЬ;;;;;;;;;;;;;;;;;;;;;;Output;EPKS_UCB;ESD_912_1;766
T;2430_1;;;;;;;ЛОЖЬ;ЛОЖЬ;;2430;;;;;;;;100 ms;5;;16;ЛОЖЬ;0;;;;;;;;;;;;;;Undefined;491;3428;Delayed OFF with constant timer value;;;;;;;;;ЛОЖЬ;;;;;;;;;;;;;;;;;;;;;;;;;
AI;91PI780;;FLD;901-10;A_C90111;C-9011001AX ДАВЛЕНИЕ ПОДАЧИ ПРОДУВ.ГАЗА;Yes;ИСТИНА;ЛОЖЬ;;508;ИСТИНА;Float;4-20mA;0;1.6;MPa;;;;;424;ЛОЖЬ;33884;;None;None;None;None;;;;;;;;;-XXXXX.X;3.64;22;;18.03;11;5;1;Bottom scale;;;;ЛОЖЬ;ИСТИНА;ЛОЖЬ;;;;;;;;;;;;;;;;;;;;Output;EPKS_UCB;ESD_912_1;10226
T;636_1;;;901-10;;;;ЛОЖЬ;ЛОЖЬ;;636;;;;;;;;100 ms;20;;312;ЛОЖЬ;0;;;;;;;;;;;;;;Undefined;491;3428;Pulse with constant timer value;;;;;;;;;ЛОЖЬ;;;;;;;;;;;;;;;;;;;;;;;;;
BO;91PI084_HH;;COM;901-10;A_90110;HH TRIP SETPOINT (MPa-g);No;ИСТИНА;ЛОЖЬ;;318;;Float;;;;;0;;;;536;;34049;;;;;;;;;0;0;;;;-XXXXX.X;491;3428;;;;;;;;;;ЛОЖЬ;;;;;;;;;;;;;;;;;;;;;;Output;EPKS_UCB;ESD_912_1;10156
T;438_3;;;9100;;;;ЛОЖЬ;ЛОЖЬ;;438;;;;;;;;100 ms;10;;764;ЛОЖЬ;0;;;;;;;;;;;;;;Undefined;;;Delayed OFF with constant timer value;;;;;;;;;ЛОЖЬ;ИСТИНА;;;;;;;;;;;;;;;;;;;;;;;;
M;C628_1;;;9100;9100;Compiler marker (317, 48);;ЛОЖЬ;ЛОЖЬ;;628;;;;;;;0;;;;577;ЛОЖЬ;0;;;;;;;;;;;;;;Undefined;491;3428;;;;;;;;;;ЛОЖЬ;;;;;;;;;;;;;;;;;;;;;;;;;
T;335_1;;;;;;;ЛОЖЬ;ЛОЖЬ;;335;;;;;;;;100 ms;5;;696;ЛОЖЬ;0;;;;;;;;;;;;;;Undefined;;;Delayed OFF with constant timer value;;;;;;;;;ЛОЖЬ;ИСТИНА;;;;;;;;;;;;;;;;;;;;;;;;
DO;91PDI803_TF;;COM;901-10;A_C90111;TRANSM FAULT;No;ЛОЖЬ;ЛОЖЬ;;602;;;;;;;0;;;;1468;ИСТИНА;33856;None;;;;;;0=ALARM;0=ALARM;;;;;;Undefined;;;;;;;;;;;;ЛОЖЬ;ИСТИНА;;;;;;;;;;;;;;;;;;;;;Output;EPKS_UCB;ESD_912_1;1004
DO;91LY801;;FLD;901-10;A_C90111;C-9011001SX UL.VALVE IN;Yes;ИСТИНА;ЛОЖЬ;;636;;;;;;;0;;;;8;ИСТИНА;33508;None;;;;;;0=CLOSE;;;;;;;Undefined;491;3428;;18.04;15;1;1;Appl;;;;ЛОЖЬ;;;;;;;;;;;;;;;;;;;;;;Output;EPKS_UCB;ESD_912_1;726
DO;91LALL064_CA;;COM;;;CAUSE ALARM;No;ЛОЖЬ;ЛОЖЬ;;335;;;;;;;0;;;;1561;ЛОЖЬ;0;None;;;;;;0=ALARM;;;;;;;Undefined;491;3428;;;;;;;;;;ЛОЖЬ;;;;;;;;;;;;;;;;;;;;;;Output;EPKS_UCB;ESD_912_1;493
M;C2460_2;;;;;Compiler marker (264, 174);;ЛОЖЬ;ЛОЖЬ;;2460;;;;;;;0;;;;1217;ЛОЖЬ;0;;;;;;;;;;;;;;Undefined;491;3428;;;;;;;;;;ЛОЖЬ;;;;;;;;;;;;;;;;;;;;;;;;;
DO;91XY067_ESD;;COM;901-10;A_90110;91XY067 ESD TRIP;No;ЛОЖЬ;ЛОЖЬ;;386;;;;;;;0;;;;1065;ЛОЖЬ;0;None;;;;;;0=TRIP;;;;;;;Undefined;;;;;;;;;;;;ЛОЖЬ;ИСТИНА;;;;;;;;;;;;;;;;;;;;;Output;EPKS_UCB;ESD_912_1;867
M;C601_1;;;;;Compiler marker (248, 72);;ЛОЖЬ;ЛОЖЬ;;601;;;;;;;0;;;;2848;ЛОЖЬ;0;;;;;;;;;;;;;;Undefined;;;;;;;;;;;;ЛОЖЬ;ИСТИНА;;;;;;;;;;;;;;;;;;;;;;;;
DO;91LALL066;;COM;;;AMMONIA TO V-9011004;No;ИСТИНА;ЛОЖЬ;;337;;;;;;;0;;;;1580;ИСТИНА;33835;None;;;;;;0=TRIP;;;;;;;Undefined;491;3428;;;;;;;;;;ЛОЖЬ;;;;;;;;;;;;;;;;;;;;;;Output;EPKS_UCB;ESD_912_1;494
M;400_1;;;901-10;;;;ЛОЖЬ;ЛОЖЬ;;400;;;;;;;0;;;;1703;ЛОЖЬ;0;;;;;;;;;;;;;;Undefined;491;3428;;;;;;;;;;ЛОЖЬ;;;;;;;;;;;;;;;;;;;;;;;;;
M;248_1;;;901-10;;;;ЛОЖЬ;ЛОЖЬ;;248;;;;;;;0;;;;1302;ЛОЖЬ;0;;;;;;;;;;;;;;Undefined;491;3428;;;;;;;;;;ЛОЖЬ;;;;;;;;;;;;;;;;;;;;;;;;;
BO;91TI804_HH;;COM;901-10;A_C90111;HH TRIP SETPOINT;No;ИСТИНА;ЛОЖЬ;;614;;Float;;;;;0;;;;728;;34050;;;;;;;;;0;0;;;;-XXXXX.X;491;3428;;;;;;;;;;ЛОЖЬ;;;;;;;;;;;;;;;;;;;;;;Output;EPKS_UCB;ESD_912_1;10179
DO;91PAHH046_CA;;COM;901-10;;CAUSE ALARM;No;ЛОЖЬ;ЛОЖЬ;;310;;;;;;;0;;;;1108;ЛОЖЬ;0;None;;;;;;0=ALARM;0=ALARM;;;;;;Undefined;;;;;;;;;;;;ЛОЖЬ;ИСТИНА;;;;;;;;;;;;;;;;;;;;;Output;EPKS_UCB;ESD_912_1;896
T;319_2;;;;;;;ЛОЖЬ;ЛОЖЬ;;319;;;;;;;;100 ms;5;;852;ЛОЖЬ;0;;;;;;;;;;;;;;Undefined;;;Delayed OFF with constant timer value;;;;;;;;;ЛОЖЬ;ИСТИНА;;;;;;;;;;;;;;;;;;;;;;;;
M;1502_2;;;;C9011001;;;ЛОЖЬ;ЛОЖЬ;;1502;;;;;;;0;;;;48;ЛОЖЬ;0;;;;;;;;;;;;;;Undefined;;;;;;;;;;;;ЛОЖЬ;ИСТИНА;;;;;;;;;;;;;;;;;;;;;;;;
DI;07_18_SNESD_FLT;;FSC;;;ESD_002_1-ESD_912_1;No;ЛОЖЬ;ЛОЖЬ;;167;;;;;;;0;;;;240;ЛОЖЬ;0;None;;;;;;0=FAULT;;;;;;;Undefined;491;3428;;;;;;Low;;;;ЛОЖЬ;;;;ЛОЖЬ;;Input;ESD_002_1;ESD_912_1;0;;;;;;;;;;;;;;;;
BI;18-TempCP1;;SYS;;;Temperature CP 1;Yes;ЛОЖЬ;;;17;;Word;;;;;;;;;8;;0;;;;;;;;;0;0;;;;-XXXXX.X;491;3428;;;;;;;;;;ЛОЖЬ;;;;;;;;;;;;;;;;;;;;;;;;;
M;534_1;;;9100;;;;ЛОЖЬ;ЛОЖЬ;;534;;;;;;;0;;;;1042;ЛОЖЬ;0;;;;;;;;;;;;;;Undefined;;;;;;;;;;;;ЛОЖЬ;ИСТИНА;;;;;;;;;;;;;;;;;;;;;;;;
DO;91PDAHH754;;COM;901-10;A_C90111;C9011001AX GAS PRS DIFF;No;ИСТИНА;ЛОЖЬ;;502;;;;;;;0;;;;1777;ИСТИНА;33836;None;;;;;;0=TRIP;;;;;;;Undefined;491;3428;;;;;;;;;;ЛОЖЬ;;;;;;;;;;;;;;;;;;;;;;Output;EPKS_UCB;ESD_912_1;578
DO;91HA120_FU1;;COM;901-10;A_90110;BUTTON LCSA3;No;ИСТИНА;ЛОЖЬ;;1508;;;;;;;0;;;;822;ИСТИНА;34120;None;;;;;;1=FIRST;;;;;;;Undefined;;;;;;;;;;;;ЛОЖЬ;ИСТИНА;;;;;;;;;;;;;;;;;;;;;Output;EPKS_UCB;ESD_912_1;826
T;320_3;;;9100;;;;ЛОЖЬ;ЛОЖЬ;;320;;;;;;;;100 ms;10;;924;ЛОЖЬ;0;;;;;;;;;;;;;;Undefined;;;Delayed OFF with constant timer value;;;;;;;;;ЛОЖЬ;ИСТИНА;;;;;;;;;;;;;;;;;;;;;;;;
AI;91PI071;;FLD;901-10;A_90110;Давление. в V-9011001S;Yes;ИСТИНА;ЛОЖЬ;;313;ИСТИНА;Float;4-20mA;0;2.5;МПа;;;;;296;ЛОЖЬ;33683;;None;None;None;None;;;;;;;;;-XXXXX.X;3.64;22;;18.04;9;7;1;Top scale;;;;ЛОЖЬ;ИСТИНА;ЛОЖЬ;;;;;;;;;;;;;;;;;;;;Output;EPKS_UCB;ESD_912_1;10206
M;C1514_1_M;;;;;Function block marker;;ЛОЖЬ;ЛОЖЬ;;1514;;;;;;;0;;;;965;ЛОЖЬ;0;;;;;;;;;;;;;;Undefined;;;;;;;;;;;;ЛОЖЬ;ИСТИНА;;;;;;;;;;;;;;;;;;;;;;;;
M;C298_4_E;;;9100;9100;Function block marker;;ЛОЖЬ;ЛОЖЬ;;298;;;;;;;0;;;;2138;ЛОЖЬ;0;;;;;;;;;;;;;;Undefined;;;;;;;;;;;;ЛОЖЬ;ИСТИНА;;;;;;;;;;;;;;;;;;;;;;;;
BO;91TI761_HH;;COM;901-10;A_C90111;HH TRIP SETPOINT;No;ИСТИНА;ЛОЖЬ;;518;;Float;;;;;0;;;;664;;34051;;;;;;;;;0;0;;;;-XXXXX.X;491;3428;;;;;;;;;;ЛОЖЬ;;;;;;;;;;;;;;;;;;;;;;Output;EPKS_UCB;ESD_912_1;10177
M;240_3;;;901-10;;;;ЛОЖЬ;ЛОЖЬ;;240;;;;;;;0;;;;430;ЛОЖЬ;0;;;;;;;;;;;;;;Undefined;491;3428;;;;;;;;;;ЛОЖЬ;;;;;;;;;;;;;;;;;;;;;;;;;
DO;91XL850KA_ON_18;;FSC;901-05;A_90105;ESD MOS EN AREA 901-05;No;ЛОЖЬ;ЛОЖЬ;;167;;;;;;;0;;;;195;ЛОЖЬ;0;None;;;;;;1=LAMP ON;;;;;;;Undefined;491;3428;;;;;;;;;;ЛОЖЬ;;;;;;Output;ESD_002_1;ESD_912_1;0;;;;;;;;;;;;;;;;
AI;91LI058;;FLD;901-10;A_90110;NH3 TO V-9011001B;Yes;ИСТИНА;ЛОЖЬ;;326;ИСТИНА;Float;4-20mA;0;100;%;;;;;148;ЛОЖЬ;33968;;None;None;None;None;;;;-25;-25;;;;-XXXXX.X;3.64;22;;18.04;5;4;1;Bottom scale;;;;ЛОЖЬ;;ЛОЖЬ;;;;;;;;;;;;;;;;;;;;Output;EPKS_UCB;ESD_912_1;10071
AI;91TI801;;FLD;901-10;A_C90111;C-9011001SX Т ТЕХНОЛ. ГАЗА ВЫХОД ЦИЛ.1;Yes;ИСТИНА;ЛОЖЬ;;612;ИСТИНА;Float;4-20mA;-50;200;°C;;;;;464;ЛОЖЬ;33855;;None;None;None;None;;;;;;;;;-XXXXX.X;3.76;21;;18.03;11;15;1;Top scale;;;;ЛОЖЬ;ИСТИНА;ЛОЖЬ;;;;;;;;;;;;;;;;;;;;Output;EPKS_UCB;ESD_912_1;10236
M;C1500_1_K;;;;;Function block marker;;ЛОЖЬ;ЛОЖЬ;;1500;;;;;;;0;;;;999;ЛОЖЬ;0;;;;;;;;;;;;;;Undefined;;;;;;;;;;;;ЛОЖЬ;ИСТИНА;;;;;;;;;;;;;;;;;;;;;;;;
M;354_1;;;901-10;;;;ЛОЖЬ;ЛОЖЬ;;354;;;;;;;0;;;;1378;ЛОЖЬ;0;;;;;;;;;;;;;;Undefined;491;3428;;;;;;;;;;ЛОЖЬ;;;;;;;;;;;;;;;;;;;;;;;;;
M;C1500_1_H;;;;;Function block marker;;ЛОЖЬ;ЛОЖЬ;;1500;;;;;;;0;;;;996;ЛОЖЬ;0;;;;;;;;;;;;;;Undefined;;;;;;;;;;;;ЛОЖЬ;ИСТИНА;;;;;;;;;;;;;;;;;;;;;;;;
M;346_1504_4;;;9100;;91FALL028B_I;;ЛОЖЬ;ЛОЖЬ;;1504;;;;;;;0;;;;91;ЛОЖЬ;0;;;;;;;0=TRIP INITIATOR;;;;;;;Undefined;;;;;;;;;;;;ЛОЖЬ;ИСТИНА;;;;;;;;;;;;;;;;;;;;;;;;
DO;91XY058;;FLD;901-10;A_90110;INLET VALVE CTRL 91XV058;Yes;ИСТИНА;ЛОЖЬ;;380;;;;;;;0;;;;27;ИСТИНА;33510;None;;;;;;1=OPEN;;;;;;;Undefined;491;3428;;18.05;3;4;1;Appl;;;;ЛОЖЬ;;;;;;;;;;;;;;;;;;;;;;Output;EPKS_UCB;ESD_912_1;734
M;336_3;;;901-10;;;;ЛОЖЬ;ЛОЖЬ;;336;;;;;;;0;;;;390;ЛОЖЬ;0;;;;;;;;;;;;;;Undefined;491;3428;;;;;;;;;;ЛОЖЬ;;;;;;;;;;;;;;;;;;;;;;;;;
M;2490_D;;;;;0=Trip;;ЛОЖЬ;ЛОЖЬ;;2490;;;;;;;0;;;;184;ЛОЖЬ;0;;;;;;;;;;;;;;Undefined;491;3428;;;;;;;;;;ЛОЖЬ;;;;;;;;;;;;;;;;;;;;;;;;;
M;C248_3_D;;;4300;4300;Function block marker;;ЛОЖЬ;ЛОЖЬ;;248;;;;;;;0;;;;2109;ЛОЖЬ;0;;;;;;;;;;;;;;Undefined;491;3428;;;;;;;;;;ЛОЖЬ;;;;;;;;;;;;;;;;;;;;;;;;;
DI;91PI073_MOR;;COM;901-10;A_90110;MO REQUEST;No;ЛОЖЬ;ИСТИНА;;312;;;;;;;0;;;;2213;ЛОЖЬ;0;None;;;;;;1=REQUEST;;;;;;;Undefined;491;3428;;;;;;Freeze;;;;ЛОЖЬ;;;;ЛОЖЬ;;;;;;;;;;;;;;;;;;Input;EPKS_UCB;ESD_912_1;70
DI;18-InputFault;;SYS;;;INPUT CHANNEL FAULT;Yes;ЛОЖЬ;;;17;;;;;;;;;;;21;ЛОЖЬ;0;None;;;;;;;;;;;;;Undefined;491;3428;;;;;;;;;;ЛОЖЬ;;;;ЛОЖЬ;;;;;;;;;;;;;;;;;;;;;
M;610_9;;;9100;;;;ЛОЖЬ;ЛОЖЬ;;610;;;;;;;0;;;;1925;ЛОЖЬ;0;;;;;;;;;;;;;;Undefined;;;;;;;;;;;;ЛОЖЬ;ИСТИНА;;;;;;;;;;;;;;;;;;;;;;;;
DO;91XA004PERM_P;;COM;901-10;A_C90111; PERMISSION ALARM C-9011001AX;No;ИСТИНА;ЛОЖЬ;;1310;;;;;;;0;;;;524;ЛОЖЬ;34052;None;;;;;;1=ACTIVE;;;;;;;Undefined;491;3428;;;;;;;;;;ЛОЖЬ;;;;;;;;;;;;;;;;;;Output;CC_UCB_1;ESD_912_1;67;;;;
M;C1524_1_H;;;;;Function block marker;;ЛОЖЬ;ЛОЖЬ;;1524;;;;;;;0;;;;930;ЛОЖЬ;0;;;;;;;;;;;;;;Undefined;;;;;;;;;;;;ЛОЖЬ;ИСТИНА;;;;;;;;;;;;;;;;;;;;;;;;
M;C335_2_F;;;;;Function block marker;;ЛОЖЬ;ЛОЖЬ;;335;;;;;;;0;;;;2568;ЛОЖЬ;0;;;;;;;;;;;;;;Undefined;;;;;;;;;;;;ЛОЖЬ;ИСТИНА;;;;;;;;;;;;;;;;;;;;;;;;
M;621_3;;;;;;;ЛОЖЬ;ЛОЖЬ;;621;;;;;;;0;;;;2753;ЛОЖЬ;0;;;;;;;;;;;;;;Undefined;;;;;;;;;;;;ЛОЖЬ;ИСТИНА;;;;;;;;;;;;;;;;;;;;;;;;
M;C505_5_F;;;;;Function block marker;;ЛОЖЬ;ЛОЖЬ;;505;;;;;;;0;;;;2885;ЛОЖЬ;0;;;;;;;;;;;;;;Undefined;;;;;;;;;;;;ЛОЖЬ;ИСТИНА;;;;;;;;;;;;;;;;;;;;;;;;
M;C315_2_E;;;;;Function block marker;;ЛОЖЬ;ЛОЖЬ;;315;;;;;;;0;;;;2671;ЛОЖЬ;0;;;;;;;;;;;;;;Undefined;;;;;;;;;;;;ЛОЖЬ;ИСТИНА;;;;;;;;;;;;;;;;;;;;;;;;
M;310_4;;;901-10;;;;ЛОЖЬ;ЛОЖЬ;;310;;;;;;;0;;;;413;ЛОЖЬ;0;;;;;;;;;;;;;;Undefined;491;3428;;;;;;;;;;ЛОЖЬ;;;;;;;;;;;;;;;;;;;;;;;;;
M;C602_6_F;;;9100;9100;Function block marker;;ЛОЖЬ;ЛОЖЬ;;602;;;;;;;0;;;;2846;ЛОЖЬ;0;;;;;;;;;;;;;;Undefined;;;;;;;;;;;;ЛОЖЬ;ИСТИНА;;;;;;;;;;;;;;;;;;;;;;;;
R;C2456_11;;;;;Compiler register (288, 306);;ЛОЖЬ;ЛОЖЬ;;2456;;Float;;;;;0;;;;380;ЛОЖЬ;0;;;;;;;;;;;;;;Undefined;491;3428;;;;;;;;;;ЛОЖЬ;;;;;;;;;;;;;;;;;;;;;;;;;
DO;91LAHH802_FU;;COM;901-10;A_C90111;C9011001SX SEP;No;ИСТИНА;ЛОЖЬ;;1514;;;;;;;0;;;;904;ИСТИНА;34122;None;;;;;;1=FIRST;;;;;;;Undefined;;;;;;;;;;;;ЛОЖЬ;ИСТИНА;;;;;;;;;;;;;;;;;;;;;Output;EPKS_UCB;ESD_912_1;828
DI;91HS403A;;LCP;901-05;A_P90110;PUMP ON P-9010501A;Yes;ИСТИНА;ЛОЖЬ;;242;;;;;;;;;;;62;ИСТИНА;33511;None;;;;;;1=RESET;;;;;;;Undefined;491;3428;;18.03;7;7;1;Low;;;;ЛОЖЬ;;;;ЛОЖЬ;;;;;;;;;;;;;;;;;;Output;EPKS_UCB;ESD_912_1;711
M;612_9;;;9100;;;;ЛОЖЬ;ЛОЖЬ;;612;;;;;;;0;;;;1937;ЛОЖЬ;0;;;;;;;;;;;;;;Undefined;;;;;;;;;;;;ЛОЖЬ;ИСТИНА;;;;;;;;;;;;;;;;;;;;;;;;
DO;91XY046;;MCC;901-10;A_90110;AUTO CLOSURE 91XV046;Yes;ИСТИНА;ЛОЖЬ;;420;;;;;;;0;;;;104;ЛОЖЬ;33512;None;;;;;;1=CLOSE;;;;;;;Undefined;491;3428;;18.06;3;1;1;Appl;;;;ЛОЖЬ;;;;;;;;;;;;;;;;;;;;;;;;;
DO;91XY805;;FLD;901-10;A_C90111;C-9011001SX VALVES DISCH;Yes;ИСТИНА;ЛОЖЬ;;636;;;;;;;0;;;;10;ИСТИНА;33513;None;;;;;;0=TRIP;;;;;;;Undefined;491;3428;;18.04;15;3;1;Appl;;;;ЛОЖЬ;;;;;;;;;;;;;;;;;;;;;;Output;EPKS_UCB;ESD_912_1;751
BO;91PI772_HH;;COM;901-10;A_C90111;HH TRIP SETPOINT;No;ИСТИНА;ЛОЖЬ;;506;;Float;;;;;0;;;;532;;34053;;;;;;;;;0;0;;;;-XXXXX.X;491;3428;;;;;;;;;;ЛОЖЬ;;;;;;;;;;;;;;;;;;;;;;Output;EPKS_UCB;ESD_912_1;10163
T;618_2;;;9100;;;;ЛОЖЬ;ЛОЖЬ;;618;;;;;;;;100 ms;5;;724;ЛОЖЬ;0;;;;;;;;;;;;;;Undefined;;;Delayed OFF with constant timer value;;;;;;;;;ЛОЖЬ;ИСТИНА;;;;;;;;;;;;;;;;;;;;;;;;
DO;91XY056;;FLD;901-10;A_90110;INLET VALVE CTRL 91XV056;Yes;ИСТИНА;ЛОЖЬ;;376;;;;;;;0;;;;25;ИСТИНА;33514;None;;;;;;1=OPEN;;;;;;;Undefined;491;3428;;18.05;3;2;1;Appl;;;;ЛОЖЬ;;;;;;;;;;;;;;;;;;;;;;Output;EPKS_UCB;ESD_912_1;732
T;598_4;;;9100;;;;ЛОЖЬ;ЛОЖЬ;;598;;;;;;;;100 ms;5;;856;ЛОЖЬ;0;;;;;;;;;;;;;;Undefined;;;Delayed OFF with constant timer value;;;;;;;;;ЛОЖЬ;ИСТИНА;;;;;;;;;;;;;;;;;;;;;;;;
M;C167_3;;;;;Compiler marker (288, 282);;ЛОЖЬ;ЛОЖЬ;;167;;;;;;;0;;;;635;ЛОЖЬ;0;;;;;;;;;;;;;;Undefined;491;3428;;;;;;;;;;ЛОЖЬ;;;;;;;;;;;;;;;;;;;;;;;;;
DO;91LI061_MOC;;COM;901-10;A_90110;MO CONFIRMED;No;ИСТИНА;ЛОЖЬ;;328;;;;;;;0;;;;1521;ИСТИНА;33838;None;;;;;;1=CONFIRMED;;;;;;;Undefined;491;3428;;;;;;;;;;ЛОЖЬ;;;;;;;;;;;;;;;;;;;;;;Output;EPKS_UCB;ESD_912_1;511
DO;91XY071_C;;COM;9100;;INLET VALVE CTRL 91XV071;No;ИСТИНА;ЛОЖЬ;;394;;;;;;;0;;;;748;ИСТИНА;33887;None;;;;;;1=CLOSE;;;;;;;Undefined;491;3428;;;;;;;;;;ЛОЖЬ;;;;;;;;;;;;;;;;;;;;;;Output;EPKS_UCB;ESD_912_1;447
M;C2450_3;;;;;Compiler marker (256, 258);;ЛОЖЬ;ЛОЖЬ;;2450;;;;;;;0;;;;1228;ЛОЖЬ;0;;;;;;;;;;;;;;Undefined;491;3428;;;;;;;;;;ЛОЖЬ;;;;;;;;;;;;;;;;;;;;;;;;;
DO;91XS814_P;;COM;901-10;A_C90111;RUNNING;No;ИСТИНА;ЛОЖЬ;;634;;;;;;;0;;;;548;ЛОЖЬ;34054;None;;;;;;1=ACTIVE;;;;;;;Undefined;491;3428;;;;;;;;;;ЛОЖЬ;;;;;;;;;;;;;;;;;;Output;CC_UCB_1;ESD_912_1;66;;;;
DO;91PAHH083_CA;;COM;901-10;;CAUSE ALARM;No;ЛОЖЬ;ЛОЖЬ;;318;;;;;;;0;;;;1115;ЛОЖЬ;0;None;;;;;;0=ALARM;0=ALARM;;;;;;Undefined;;;;;;;;;;;;ЛОЖЬ;ИСТИНА;;;;;;;;;;;;;;;;;;;;;Output;EPKS_UCB;ESD_912_1;903
M;535_184_1;;;;;91VSHH751;;ЛОЖЬ;ЛОЖЬ;;184;;;;;;;0;;;;1650;ЛОЖЬ;0;;;;;;;1=MO CONFIRMED;;;;;;;Undefined;;;;;;;;;;;;ЛОЖЬ;ИСТИНА;;;;;;;;;;;;;;;;;;;;;;;;
T;248_2;;;901-10;;;;ЛОЖЬ;ЛОЖЬ;;248;;;;;;;;100 ms;5;;48;ЛОЖЬ;0;;;;;;;;;;;;;;Undefined;491;3428;Delayed OFF with constant timer value;;;;;;;;;ЛОЖЬ;;;;;;;;;;;;;;;;;;;;;;;;;
M;512_3;;;901-10;;;;ЛОЖЬ;ЛОЖЬ;;512;;;;;;;0;;;;362;ЛОЖЬ;0;;;;;;;;;;;;;;Undefined;491;3428;;;;;;;;;;ЛОЖЬ;;;;;;;;;;;;;;;;;;;;;;;;;
M;C338_4_C;;;9100;9100;Function block marker;;ЛОЖЬ;ЛОЖЬ;;338;;;;;;;0;;;;2605;ЛОЖЬ;0;;;;;;;;;;;;;;Undefined;;;;;;;;;;;;ЛОЖЬ;ИСТИНА;;;;;;;;;;;;;;;;;;;;;;;;
DO;91XY077_C;;COM;9100;;AUTO OPENING 91XV077;No;ИСТИНА;ЛОЖЬ;;438;;;;;;;0;;;;641;ИСТИНА;33925;None;;;;;;0=OPEN;;;;;;;Undefined;491;3428;;;;;;;;;;ЛОЖЬ;;;;;;;;;;;;;;;;;;;;;;Output;EPKS_UCB;ESD_912_1;781
M;313_366_1;;;9100;;91PALL073_I;;ЛОЖЬ;ЛОЖЬ;;366;;;;;;;0;;;;2631;ЛОЖЬ;0;;;;;;;0=TRIP INITIATOR;;;;;;;Undefined;;;;;;;;;;;;ЛОЖЬ;ИСТИНА;;;;;;;;;;;;;;;;;;;;;;;;
M;384_2;;;9100;;;;ЛОЖЬ;ЛОЖЬ;;384;;;;;;;0;;;;770;ЛОЖЬ;0;;;;;;;;;;;;;;Undefined;491;3428;;;;;;;;;;ЛОЖЬ;;;;;;;;;;;;;;;;;;;;;;;;;
T;534_1;;;901-10;;;;ЛОЖЬ;ЛОЖЬ;;534;;;;;;;;100 ms;10;;352;ЛОЖЬ;0;;;;;;;;;;;;;;Undefined;491;3428;Delayed OFF with constant timer value;;;;;;;;;ЛОЖЬ;;;;;;;;;;;;;;;;;;;;;;;;;
AI;91LI051;;FLD;901-10;A_90110;Уровень. в V-9011001S;Yes;ИСТИНА;ЛОЖЬ;;322;ИСТИНА;Float;4-20mA;0;100;%;;;;;348;ЛОЖЬ;33678;;None;None;None;None;;;;;;;;;-XXXXX.X;3.64;22;;18.04;11;3;1;Bottom scale;;;;ЛОЖЬ;ИСТИНА;ЛОЖЬ;;;;;;;;;;;;;;;;;;;;Output;EPKS_UCB;ESD_912_1;10192
R;2457_E;;;;;Input 5;;ЛОЖЬ;ЛОЖЬ;;2457;;Float;;;;;0;;;;148;ЛОЖЬ;0;;;;;;;;;;;;;;Undefined;491;3428;;;;;;;;;;ЛОЖЬ;;;;;;;;;;;;;;;;;;;;;;;;;
DO;91ZSLL801_MOC;;COM;901-10;A_C90111;MO CONFIRMED;No;ИСТИНА;ЛОЖЬ;;620;;;;;;;0;;;;470;ИСТИНА;33927;None;;;;;;1=CONFIRMED;;;;;;;Undefined;491;3428;;;;;;;;;;ЛОЖЬ;;;;;;;;;;;;;;;;;;;;;;Output;EPKS_UCB;ESD_912_1;454
M;315_374_1;;;9100;;91PALL076_I;;ЛОЖЬ;ЛОЖЬ;;374;;;;;;;0;;;;2648;ЛОЖЬ;0;;;;;;;0=TRIP INITIATOR;;;;;;;Undefined;;;;;;;;;;;;ЛОЖЬ;ИСТИНА;;;;;;;;;;;;;;;;;;;;;;;;
R;600_601_3;;;;;91LI801;;ЛОЖЬ;ЛОЖЬ;;601;;Float;;;;;0;;;;1124;ЛОЖЬ;0;;;;;;;;;;;;;;Undefined;;;;;;;;;;;;ЛОЖЬ;ИСТИНА;;;;;;;;;;;;;;;;;;;;;;;;
DI;91HS765B_B0_OT_P;;COM;901-10;A_90110;CAP CTRL BIT 0;No;ИСТИНА;ИСТИНА;;528;;;;;;;0;;;;701;ИСТИНА;33661;None;;;;;;1=TRUE;;;;;;;Undefined;491;3428;;;;;;Freeze;;;;ЛОЖЬ;;;;ЛОЖЬ;;;;;;;;;;;;;;Input;CC_UCB_1;ESD_912_1;30;Output;EPKS_UCB;ESD_912_1;2025
M;382_3;;;9100;;;;ЛОЖЬ;ЛОЖЬ;;382;;;;;;;0;;;;769;ЛОЖЬ;0;;;;;;;;;;;;;;Undefined;491;3428;;;;;;;;;;ЛОЖЬ;;;;;;;;;;;;;;;;;;;;;;;;;
DI;91LI495_MOR;;COM;901-05;A_90105;MO REQUEST;No;ЛОЖЬ;ИСТИНА;;248;;;;;;;0;;;;2203;ЛОЖЬ;0;None;;;;;;1=REQUEST;;;;;;;Undefined;491;3428;;;;;;Freeze;;;;ЛОЖЬ;;;;ЛОЖЬ;;;;;;;;;;;;;;;;;;Input;EPKS_UCB;ESD_912_1;60
DO;IB912_ESD1_F5;;COM;901-10;S_B91_2;MARSH. CAB ALARM;No;ИСТИНА;ЛОЖЬ;;18;;;;;;;0;;;;155;ИСТИНА;33839;None;;;;;;0=ALARM;;;;;;;Undefined;491;3428;;;;;;;;;;ЛОЖЬ;;;;;;;;;;;;;;;;;;;;;;Output;EPKS_UCB;ESD_912_1;683
T;300_1;;;9100;;;;ЛОЖЬ;ЛОЖЬ;;300;;;;;;;;100 ms;5;;744;ЛОЖЬ;0;;;;;;;;;;;;;;Undefined;;;Delayed OFF with constant timer value;;;;;;;;;ЛОЖЬ;ИСТИНА;;;;;;;;;;;;;;;;;;;;;;;;
M;512_522_2;;;9100;;91TAHH752_I;;ЛОЖЬ;ЛОЖЬ;;522;;;;;;;0;;;;1890;ЛОЖЬ;0;;;;;;;0=TRIP INITIATOR;;;;;;;Undefined;491;3428;;;;;;;;;;ЛОЖЬ;;;;;;;;;;;;;;;;;;;;;;;;;
M;328_394_3;;;901-10;;91LAHH061_I;;ЛОЖЬ;ЛОЖЬ;;394;;;;;;;0;;;;1683;ЛОЖЬ;0;;;;;;;0=TRIP INITIATOR;;;;;;;Undefined;491;3428;;;;;;;;;;ЛОЖЬ;;;;;;;;;;;;;;;;;;;;;;;;;
DI;18-ForcesActive;;SYS;;;FORCES ACTIVE;Yes;ЛОЖЬ;;;17;;;;;;;;;;;23;ЛОЖЬ;0;None;;;;;;;;;;;;;Undefined;491;3428;;;;;;;;;;ЛОЖЬ;;;;ЛОЖЬ;;;;;;;;;;;;;;;;;;;;;
M;C614_6_F;;;9100;9100;Function block marker;;ЛОЖЬ;ЛОЖЬ;;614;;;;;;;0;;;;2571;ЛОЖЬ;0;;;;;;;;;;;;;;Undefined;;;;;;;;;;;;ЛОЖЬ;ИСТИНА;;;;;;;;;;;;;;;;;;;;;;;;
M;1504_2;;;;C9011001;;;ЛОЖЬ;ЛОЖЬ;;1504;;;;;;;0;;;;54;ЛОЖЬ;0;;;;;;;;;;;;;;Undefined;;;;;;;;;;;;ЛОЖЬ;ИСТИНА;;;;;;;;;;;;;;;;;;;;;;;;
M;C514_2_B;;;9100;9100;Function block marker;;ЛОЖЬ;ЛОЖЬ;;514;;;;;;;0;;;;1701;ЛОЖЬ;0;;;;;;;;;;;;;;Undefined;491;3428;;;;;;;;;;ЛОЖЬ;;;;;;;;;;;;;;;;;;;;;;;;;
T;308_1;;;901-10;;;;ЛОЖЬ;ЛОЖЬ;;308;;;;;;;;100 ms;5;;84;ЛОЖЬ;0;;;;;;;;;;;;;;Undefined;491;3428;Delayed OFF with constant timer value;;;;;;;;;ЛОЖЬ;;;;;;;;;;;;;;;;;;;;;;;;;
M;352_184_1;;;901-10;;91FT030B;;ЛОЖЬ;ЛОЖЬ;;184;;;;;;;0;;;;1391;ЛОЖЬ;0;;;;;;;1=MO CONFIRMED;;;;;;;Undefined;491;3428;;;;;;;;;;ЛОЖЬ;;;;;;;;;;;;;;;;;;;;;;;;;
DO;91TI754_MOC;;COM;901-10;A_C90111;MO CONFIRMED;No;ИСТИНА;ЛОЖЬ;;514;;;;;;;0;;;;1855;ИСТИНА;33841;None;;;;;;1=CONFIRMED;;;;;;;Undefined;491;3428;;;;;;;;;;ЛОЖЬ;;;;;;;;;;;;;;;;;;;;;;Output;EPKS_UCB;ESD_912_1;653
DI;91HS092B;;COM;901-10;A_90110;91XV092 CLOSE;No;ЛОЖЬ;ИСТИНА;;402;;;;;;;0;;;;2192;ЛОЖЬ;0;None;;;;;;1=CLOSE (MOM);;;;;;;Undefined;;;;;;;;Low;;;;ЛОЖЬ;ИСТИНА;;;ЛОЖЬ;;;;;;;;;;;;;;;;;;Input;EPKS_UCB;ESD_912_1;156
BO;91PI084_LL;;COM;;;LL TRIP SETPOINT (MPa-g);No;ИСТИНА;ЛОЖЬ;;319;;Float;;;;;0;;;;540;;34055;;;;;;;;;0;0;;;;-XXXXX.X;491;3428;;;;;;;;;;ЛОЖЬ;;;;;;;;;;;;;;;;;;;;;;Output;EPKS_UCB;ESD_912_1;10157
M;2450_D;;;;;1oo3 Pre-alarm;;ЛОЖЬ;ЛОЖЬ;;2450;;;;;;;0;;;;111;ЛОЖЬ;0;;;;;;;;;;;;;;Undefined;491;3428;;;;;;;;;;ЛОЖЬ;;;;;;;;;;;;;;;;;;;;;;;;;
T;340_1;;;9100;;;;ЛОЖЬ;ЛОЖЬ;;340;;;;;;;;100 ms;5;;736;ЛОЖЬ;0;;;;;;;;;;;;;;Undefined;;;Delayed OFF with constant timer value;;;;;;;;;ЛОЖЬ;ИСТИНА;;;;;;;;;;;;;;;;;;;;;;;;
M;321_3;;;9100;;;;ЛОЖЬ;ЛОЖЬ;;321;;;;;;;0;;;;1885;ЛОЖЬ;0;;;;;;;;;;;;;;Undefined;;;;;;;;;;;;ЛОЖЬ;ИСТИНА;;;;;;;;;;;;;;;;;;;;;;;;
DI;18-OutputCompare;;SYS;;;OUTPUT COMPARE FAULT;Yes;ЛОЖЬ;;;17;;;;;;;;;;;35;ЛОЖЬ;0;None;;;;;;;;;;;;;Undefined;491;3428;;;;;;;;;;ЛОЖЬ;;;;ЛОЖЬ;;;;;;;;;;;;;;;;;;;;;
DO;91FI031A_TF;;COM;9100;;TRANSM FAULT;No;ЛОЖЬ;ЛОЖЬ;;354;;;;;;;0;;;;2712;ИСТИНА;33935;None;;;;;;0=ALARM;0=ALARM;;;;;;Undefined;;;;;;;;;;;;ЛОЖЬ;ИСТИНА;;;;;;;;;;;;;;;;;;;;;Output;EPKS_UCB;ESD_912_1;964
M;C2470_2;;;;;Compiler marker (176, 126);;ЛОЖЬ;ЛОЖЬ;;2470;;;;;;;0;;;;170;ЛОЖЬ;0;;;;;;;;;;;;;;Undefined;491;3428;;;;;;;;;;ЛОЖЬ;;;;;;;;;;;;;;;;;;;;;;;;;
DO;91TAHH108_CA;;COM;901-10;A_C90111;CAUSE ALARM;No;ЛОЖЬ;ЛОЖЬ;;302;;;;;;;0;;;;1316;ЛОЖЬ;0;None;;;;;;0=ALARM;;;;;;;Undefined;491;3428;;;;;;;;;;ЛОЖЬ;;;;;;;;;;;;;;;;;;;;;;Output;EPKS_UCB;ESD_912_1;623
M;1522_1528_2;;;;C9011001;91PAHH084_FU2_I;;ЛОЖЬ;ЛОЖЬ;;1528;;;;;;;0;;;;1017;ЛОЖЬ;0;;;;;;;1=FIRST;;;;;;;Undefined;;;;;;;;;;;;ЛОЖЬ;ИСТИНА;;;;;;;;;;;;;;;;;;;;;;;;
BO;91LI752_HH;;COM;901-10;A_C90111;HH TRIP SETPOINT (%);No;ИСТИНА;ЛОЖЬ;;500;;Float;;;;;0;;;;468;;34056;;;;;;;;;0;0;;;;-XXXXX.X;491;3428;;;;;;;;;;ЛОЖЬ;;;;;;;;;;;;;;;;;;;;;;Output;EPKS_UCB;ESD_912_1;10144
M;C1516_1_K;;;;;Function block marker;;ЛОЖЬ;ЛОЖЬ;;1516;;;;;;;0;;;;957;ЛОЖЬ;0;;;;;;;;;;;;;;Undefined;;;;;;;;;;;;ЛОЖЬ;ИСТИНА;;;;;;;;;;;;;;;;;;;;;;;;
DO;IB912_ESD1_F1;;COM;901-10;S_B91_2;CP FAULT;No;ИСТИНА;ЛОЖЬ;;16;;;;;;;0;;;;173;ИСТИНА;33843;None;;;;;;0=FAULT;;;;;;;Undefined;491;3428;;;;;;;;;;ЛОЖЬ;;;;;;;;;;;;;;;;;;;;;;Output;EPKS_UCB;ESD_912_1;679
M;344_432_2;;;901-10;;GROUP_SHUTDOWN;;ЛОЖЬ;ЛОЖЬ;;432;;;;;;;0;;;;1377;ЛОЖЬ;0;;;;;;;0=TRIP;;;;;;;Undefined;491;3428;;;;;;;;;;ЛОЖЬ;;;;;;;;;;;;;;;;;;;;;;;;;
AI;91LI063;;FLD;901-10;A_90110;NH3 TO B-9011001;Yes;ИСТИНА;ЛОЖЬ;;298;ИСТИНА;Float;4-20mA;0;100;%;;;;;156;ЛОЖЬ;33969;;None;None;None;None;;;;-25;-25;;;;-XXXXX.X;3.64;22;;18.04;5;6;1;Top scale;;;;ЛОЖЬ;;ЛОЖЬ;;;;;;;;;;;;;;;;;;;;Output;EPKS_UCB;ESD_912_1;10073
M;C498_2_F;;;9100;9100;Function block marker;;ЛОЖЬ;ЛОЖЬ;;498;;;;;;;0;;;;2812;ЛОЖЬ;0;;;;;;;;;;;;;;Undefined;;;;;;;;;;;;ЛОЖЬ;ИСТИНА;;;;;;;;;;;;;;;;;;;;;;;;
M;C346_4_C;;;9100;9100;Function block marker;;ЛОЖЬ;ЛОЖЬ;;346;;;;;;;0;;;;2729;ЛОЖЬ;0;;;;;;;;;;;;;;Undefined;;;;;;;;;;;;ЛОЖЬ;ИСТИНА;;;;;;;;;;;;;;;;;;;;;;;;
M;C604_6_G;;;9100;9100;Function block marker;;ЛОЖЬ;ЛОЖЬ;;604;;;;;;;0;;;;2840;ЛОЖЬ;0;;;;;;;;;;;;;;Undefined;;;;;;;;;;;;ЛОЖЬ;ИСТИНА;;;;;;;;;;;;;;;;;;;;;;;;
T;304_1;;;901-10;;;;ЛОЖЬ;ЛОЖЬ;;304;;;;;;;;100 ms;5;;76;ЛОЖЬ;0;;;;;;;;;;;;;;Undefined;491;3428;Delayed OFF with constant timer value;;;;;;;;;ЛОЖЬ;;;;;;;;;;;;;;;;;;;;;;;;;
M;536_1502_1;;;9100;;91HS757_P_I;;ЛОЖЬ;ЛОЖЬ;;1502;;;;;;;0;;;;825;ЛОЖЬ;0;;;;;;;1=RESET;;;;;;;Undefined;;;;;;;;;;;;ЛОЖЬ;ИСТИНА;;;;;;;;;;;;;;;;;;;;;;;;
M;2470_I;;;;;Out 2;;ЛОЖЬ;ЛОЖЬ;;2470;;;;;;;0;;;;164;ЛОЖЬ;0;;;;;;;;;;;;;;Undefined;491;3428;;;;;;;;;;ЛОЖЬ;;;;;;;;;;;;;;;;;;;;;;;;;
DO;PCDI_1_912_1_FLT_C;;COM;;;ESD_912_1 to-from CC_912_1;No;ИСТИНА;ЛОЖЬ;;21;;;;;;;0;;;;751;ИСТИНА;33760;None;;;;;;1=ALARM;;;;;;;Undefined;491;3428;;;;;;;;;;ЛОЖЬ;;;;;;;;;;;;;;;;;;;;;;Output;EPKS_UCB;ESD_912_1;2040
M;600_636_4;;;9100;;91LAH801_O;;ЛОЖЬ;ЛОЖЬ;;636;;;;;;;0;;;;1967;ЛОЖЬ;0;;;;;;;0=ALARM;;;;;;;Undefined;;;;;;;;;;;;ЛОЖЬ;ИСТИНА;;;;;;;;;;;;;;;;;;;;;;;;
DO;91XY074_ESD;;COM;901-10;A_90110;91XY074 ESD TRIP;No;ЛОЖЬ;ЛОЖЬ;;400;;;;;;;0;;;;1072;ЛОЖЬ;0;None;;;;;;0=TRIP;;;;;;;Undefined;;;;;;;;;;;;ЛОЖЬ;ИСТИНА;;;;;;;;;;;;;;;;;;;;;Output;EPKS_UCB;ESD_912_1;875
M;248_252_4;;;901-10;;91LAL495_I;;ЛОЖЬ;ЛОЖЬ;;252;;;;;;;0;;;;1331;ЛОЖЬ;0;;;;;;;0=TRIP INITIATOR;;;;;;;Undefined;491;3428;;;;;;;;;;ЛОЖЬ;;;;;;;;;;;;;;;;;;;;;;;;;
M;315_372_1;;;9100;;91PALL076_I;;ЛОЖЬ;ЛОЖЬ;;372;;;;;;;0;;;;2647;ЛОЖЬ;0;;;;;;;0=TRIP INITIATOR;;;;;;;Undefined;;;;;;;;;;;;ЛОЖЬ;ИСТИНА;;;;;;;;;;;;;;;;;;;;;;;;
M;C602_5_G;;;9100;9100;Function block marker;;ЛОЖЬ;ЛОЖЬ;;602;;;;;;;0;;;;2844;ЛОЖЬ;0;;;;;;;;;;;;;;Undefined;;;;;;;;;;;;ЛОЖЬ;ИСТИНА;;;;;;;;;;;;;;;;;;;;;;;;
DO;91TI761_MOC;;COM;901-10;A_C90111;MO CONFIRMED;No;ИСТИНА;ЛОЖЬ;;518;;;;;;;0;;;;1881;ИСТИНА;33844;None;;;;;;1=CONFIRMED;;;;;;;Undefined;491;3428;;;;;;;;;;ЛОЖЬ;;;;;;;;;;;;;;;;;;;;;;Output;EPKS_UCB;ESD_912_1;657
AI;91TI990;;FLD;901-10;A_P90110;SEALED SHELL P9011001SX;Yes;ИСТИНА;ЛОЖЬ;;306;ИСТИНА;Float;4-20mA;-50;120;°C;;;;;124;ЛОЖЬ;33970;;None;None;None;None;;;;-92.5;-92.5;;;;-XXXXX.X;3.76;21;;18.04;3;15;1;Bottom scale;;;;ЛОЖЬ;;ЛОЖЬ;;;;;;;;;;;;;;;;;;;;Output;EPKS_UCB;ESD_912_1;10112
DI;91HY050_P;;COM;901-10;;PCDI VALVE LIQUID N2;No;ИСТИНА;ИСТИНА;;640;;;;;;;0;;;;690;ИСТИНА;34029;None;;;;;;0=TRIP;0=TRIP;;;;;;Undefined;;;;;;;;Low;;;;ЛОЖЬ;ИСТИНА;;;ЛОЖЬ;View only;;;;;;;;;;;;;Input;CC_UCB_1;ESD_912_1;19;Output;EPKS_UCB;ESD_912_1;1030
M;506_1310_3;;;;;91PAH755_PERM;;ЛОЖЬ;ЛОЖЬ;;1310;;;;;;;0;;;;1280;ЛОЖЬ;0;;;;;;;0=ALARM;;;;;;;Undefined;;;;;;;;;;;;ЛОЖЬ;ИСТИНА;;;;;;;;;;;;;;;;;;;;;;;;
M;C324_3_E;;;9100;9100;Function block marker;;ЛОЖЬ;ЛОЖЬ;;324;;;;;;;0;;;;2052;ЛОЖЬ;0;;;;;;;;;;;;;;Undefined;491;3428;;;;;;;;;;ЛОЖЬ;;;;;;;;;;;;;;;;;;;;;;;;;
M;374_2;;;9100;;;;ЛОЖЬ;ЛОЖЬ;;374;;;;;;;0;;;;760;ЛОЖЬ;0;;;;;;;;;;;;;;Undefined;491;3428;;;;;;;;;;ЛОЖЬ;;;;;;;;;;;;;;;;;;;;;;;;;
DO;91LAHH048_CA;;COM;901-10;;CAUSE ALARM;No;ЛОЖЬ;ЛОЖЬ;;336;;;;;;;0;;;;1101;ЛОЖЬ;0;None;;;;;;0=ALARM;0=ALARM;;;;;;Undefined;;;;;;;;;;;;ЛОЖЬ;ИСТИНА;;;;;;;;;;;;;;;;;;;;;Output;EPKS_UCB;ESD_912_1;889
M;621_622_1;;;9100;;91LALL804_I;;ЛОЖЬ;ЛОЖЬ;;622;;;;;;;0;;;;2754;ЛОЖЬ;0;;;;;;;0=TRIP;;;;;;;Undefined;;;;;;;;;;;;ЛОЖЬ;ИСТИНА;;;;;;;;;;;;;;;;;;;;;;;;
DO;91LAHH045_CA;;COM;901-10;;CAUSE ALARM;No;ЛОЖЬ;ЛОЖЬ;;298;;;;;;;0;;;;1098;ЛОЖЬ;0;None;;;;;;0=ALARM;0=ALARM;;;;;;Undefined;;;;;;;;;;;;ЛОЖЬ;ИСТИНА;;;;;;;;;;;;;;;;;;;;;Output;EPKS_UCB;ESD_912_1;886
DO;91LALL073;;COM;901-10;A_90110;AMMONIA TO V-9011002;No;ИСТИНА;ЛОЖЬ;;338;;;;;;;0;;;;1596;ИСТИНА;33845;None;;;;;;0=TRIP;;;;;;;Undefined;491;3428;;;;;;;;;;ЛОЖЬ;;;;;;;;;;;;;;;;;;;;;;Output;EPKS_UCB;ESD_912_1;496
R;313_312_3;;;9100;;91PI071;;ЛОЖЬ;ЛОЖЬ;;312;;Float;;;;;0;;;;76;ЛОЖЬ;0;;;;;;;;;;;;;;Undefined;;;;;;;;;;;;ЛОЖЬ;ИСТИНА;;;;;;;;;;;;;;;;;;;;;;;;
M;536_2;;;9100;;;;ЛОЖЬ;ЛОЖЬ;;536;;;;;;;0;;;;1030;ЛОЖЬ;0;;;;;;;;;;;;;;Undefined;;;;;;;;;;;;ЛОЖЬ;ИСТИНА;;;;;;;;;;;;;;;;;;;;;;;;
DI;91HS072A_P;;COM;901-10;A_90110;91XV072 OPEN;No;ИСТИНА;ИСТИНА;;396;;;;;;;0;;;;2168;ЛОЖЬ;33583;None;;;;;;1=OPEN (MOM);;;;;;;Undefined;491;3428;;;;;;Low;;;;ЛОЖЬ;;;;ЛОЖЬ;;;;;;;;;;;;;;;;;;Input;EPKS_UCB;ESD_912_1;151
AI;91FI031B;;FLD;901-10;A_C90111;WTR OF 2 TO C-9011001SX;Yes;ИСТИНА;ЛОЖЬ;;354;ИСТИНА;Float;4-20mA;0;2250;kg/h;;;;;72;ЛОЖЬ;33971;;None;None;None;None;;;;-562;-562;;;;-XXXXX.X;3.64;22;;18.04;3;2;1;Bottom scale;;;;ЛОЖЬ;;ЛОЖЬ;;;;;;;;;;;;;;;;;;;;Output;EPKS_UCB;ESD_912_1;10068
DO;91LY804_P;;COM;901-10;A_C90111;TRIP OF OIL HEATER;No;ИСТИНА;ЛОЖЬ;;634;;;;;;;0;;;;666;ЛОЖЬ;34057;None;;;;;;1=TRIP;;;;;;;Undefined;491;3428;;;;;;;;;;ЛОЖЬ;;;;;;;;;;;;;;;;;;Output;CC_UCB_1;ESD_912_1;103;;;;
DO;91PAHH099_FU2;;COM;901-10;A_90110;AMMONIA TO V-9011002;No;ИСТИНА;ЛОЖЬ;;1522;;;;;;;0;;;;925;ИСТИНА;34143;None;;;;;;1=FIRST;;;;;;;Undefined;;;;;;;;;;;;ЛОЖЬ;ИСТИНА;;;;;;;;;;;;;;;;;;;;;Output;EPKS_UCB;ESD_912_1;849
DO;91PI084_MOC;;COM;901-10;A_90110;MO CONFIRMED;No;ИСТИНА;ЛОЖЬ;;318;;;;;;;0;;;;1448;ИСТИНА;33846;None;;;;;;1=CONFIRMED;;;;;;;Undefined;491;3428;;;;;;;;;;ЛОЖЬ;;;;;;;;;;;;;;;;;;;;;;Output;EPKS_UCB;ESD_912_1;597
M;388_1;;;901-10;;;;ЛОЖЬ;ЛОЖЬ;;388;;;;;;;0;;;;1664;ЛОЖЬ;0;;;;;;;;;;;;;;Undefined;491;3428;;;;;;;;;;ЛОЖЬ;;;;;;;;;;;;;;;;;;;;;;;;;
T;17_1;;;862-34;;;;ЛОЖЬ;ЛОЖЬ;;17;;;;;;;;100 ms;5;;412;ЛОЖЬ;0;;;;;;;;;;;;;;Undefined;491;3428;Delayed ON with constant timer value;;;;;;;;;ЛОЖЬ;;;;;;;;;;;;;;;;;;;;;;;;;
DO;91TAHH105_CA;;COM;901-10;;CAUSE ALARM;No;ЛОЖЬ;ЛОЖЬ;;300;;;;;;;0;;;;1105;ЛОЖЬ;0;None;;;;;;0=ALARM;0=ALARM;;;;;;Undefined;;;;;;;;;;;;ЛОЖЬ;ИСТИНА;;;;;;;;;;;;;;;;;;;;;Output;EPKS_UCB;ESD_912_1;893
AI;91PI073;;FLD;901-10;A_90110;LIQUID NH3 TO V-9011001S;Yes;ИСТИНА;ЛОЖЬ;;312;ИСТИНА;Float;4-20mA;0;2.5;MPa-g;;;;;80;ЛОЖЬ;33972;;None;None;None;None;;;;-0.625;-0.625;;;;-XXXXX.X;3.64;22;;18.04;3;4;1;Top scale;;;;ЛОЖЬ;;ЛОЖЬ;;;;;;;;;;;;;;;;;;;;Output;EPKS_UCB;ESD_912_1;10086
M;636_9;;;9100;;;;ЛОЖЬ;ЛОЖЬ;;636;;;;;;;0;;;;621;ЛОЖЬ;0;;;;;;;;;;;;;;Undefined;491;3428;;;;;;;;;;ЛОЖЬ;;;;;;;;;;;;;;;;;;;;;;;;;
M;248_250_1;;;901-10;;91LT495;;ЛОЖЬ;ЛОЖЬ;;250;;;;;;;0;;;;1326;ЛОЖЬ;0;;;;;;;1=MO CONFIRMED;;;;;;;Undefined;491;3428;;;;;;;;;;ЛОЖЬ;;;;;;;;;;;;;;;;;;;;;;;;;
M;C598_4_E;;;9100;9100;Function block marker;;ЛОЖЬ;ЛОЖЬ;;598;;;;;;;0;;;;2792;ЛОЖЬ;0;;;;;;;;;;;;;;Undefined;;;;;;;;;;;;ЛОЖЬ;ИСТИНА;;;;;;;;;;;;;;;;;;;;;;;;
BO;91PI822_HH;;COM;901-10;A_C90111;HH TRIP SETPOINT;No;ИСТИНА;ЛОЖЬ;;606;;Float;;;;;0;;;;704;;34058;;;;;;;;;0;0;;;;-XXXXX.X;491;3428;;;;;;;;;;ЛОЖЬ;;;;;;;;;;;;;;;;;;;;;;Output;EPKS_UCB;ESD_912_1;10169
M;2420_F;;;;;0=TRIP;;ЛОЖЬ;ЛОЖЬ;;2420;;;;;;;0;;;;116;ЛОЖЬ;0;;;;;;;;;;;;;;Undefined;491;3428;;;;;;;;;;ЛОЖЬ;;;;;;;;;;;;;;;;;;;;;;;;;
BO;91PI770_L;;COM;901-10;A_C90111;LO ALARM SETPOINT;No;ЛОЖЬ;ЛОЖЬ;;510;;Float;;;;;0;;;;796;;0;;None;None;None;None;;;;;;;;;-XXXXX.X;;;;;;;;;;;;ЛОЖЬ;ИСТИНА;;;;;;;;;;;;;;;;;;;;;Output;EPKS_UCB;ESD_912_1;10245
DO;91PAHH099_FU1;;COM;901-10;A_90110;AMMONIA TO V-9011002;No;ИСТИНА;ЛОЖЬ;;1508;;;;;;;0;;;;819;ИСТИНА;34117;None;;;;;;1=FIRST;;;;;;;Undefined;;;;;;;;;;;;ЛОЖЬ;ИСТИНА;;;;;;;;;;;;;;;;;;;;;Output;EPKS_UCB;ESD_912_1;823
M;1518_1520_1;;;;C9011001;FIRST OUT SEQUENCE;;ЛОЖЬ;ЛОЖЬ;;1520;;;;;;;0;;;;869;ЛОЖЬ;0;;;;;;;1=FU ALARM;;;;;;;Undefined;;;;;;;;;;;;ЛОЖЬ;ИСТИНА;;;;;;;;;;;;;;;;;;;;;;;;
DI;91HS055A;;COM;901-10;A_90110;91XV055 OPEN;No;ИСТИНА;ИСТИНА;;374;;;;;;;0;;;;2157;ЛОЖЬ;33869;None;;;;;;1=OPEN (MOM);;;;;;;Undefined;491;3428;;;;;;Low;;;;ЛОЖЬ;;;;ЛОЖЬ;;;;;;;;;;;;;;;;;;Input;EPKS_UCB;ESD_912_1;137
M;608_8;;;9100;;;;ЛОЖЬ;ЛОЖЬ;;608;;;;;;;0;;;;1736;ЛОЖЬ;0;;;;;;;;;;;;;;Undefined;;;;;;;;;;;;ЛОЖЬ;ИСТИНА;;;;;;;;;;;;;;;;;;;;;;;;
DO;91XY093B_C;;COM;9100;;AUTO CLOSURE 91XV093;No;ИСТИНА;ЛОЖЬ;;460;;;;;;;0;;;;655;ИСТИНА;33425;None;;;;;;0=CLOSE;;;;;;;Undefined;491;3428;;;;;;;;;;ЛОЖЬ;;;;;;;;;;;;;;;;;;;;;;Output;EPKS_UCB;ESD_912_1;793
M;C536_2_D;;;9100;9100;Function block marker;;ЛОЖЬ;ЛОЖЬ;;536;;;;;;;0;;;;590;ЛОЖЬ;0;;;;;;;;;;;;;;Undefined;491;3428;;;;;;;;;;ЛОЖЬ;;;;;;;;;;;;;;;;;;;;;;;;;
M;C317_2_F;;;;;Function block marker;;ЛОЖЬ;ЛОЖЬ;;317;;;;;;;0;;;;2663;ЛОЖЬ;0;;;;;;;;;;;;;;Undefined;;;;;;;;;;;;ЛОЖЬ;ИСТИНА;;;;;;;;;;;;;;;;;;;;;;;;
DO;91LAHH054_CA;;COM;901-10;;CAUSE ALARM;No;ЛОЖЬ;ЛОЖЬ;;324;;;;;;;0;;;;1092;ЛОЖЬ;0;None;;;;;;0=ALARM;0=ALARM;;;;;;Undefined;;;;;;;;;;;;ЛОЖЬ;ИСТИНА;;;;;;;;;;;;;;;;;;;;;Output;EPKS_UCB;ESD_912_1;880
BO;91LI055_LL;;COM;;;LL TRIP SETPOINT (%);No;ИСТИНА;ЛОЖЬ;;325;;Float;;;;;0;;;;608;;34059;;;;;;;;;0;0;;;;-XXXXX.X;491;3428;;;;;;;;;;ЛОЖЬ;;;;;;;;;;;;;;;;;;;;;;Output;EPKS_UCB;ESD_912_1;10124
BO;91LI055_HH;;COM;901-10;A_90110;HH TRIP SETPOINT (%);No;ИСТИНА;ЛОЖЬ;;324;;Float;;;;;0;;;;572;;34060;;;;;;;;;0;0;;;;-XXXXX.X;491;3428;;;;;;;;;;ЛОЖЬ;;;;;;;;;;;;;;;;;;;;;;Output;EPKS_UCB;ESD_912_1;10123
M;C536_1_A;;;9100;9100;Compiler marker;;ЛОЖЬ;ЛОЖЬ;;536;;;;;;;0;;;;585;ЛОЖЬ;0;;;;;;;;;;;;;;Undefined;491;3428;;;;;;;;;;ЛОЖЬ;;;;;;;;;;;;;;;;;;;;;;;;;
M;1502_1;;;;C9011001;;;ЛОЖЬ;ЛОЖЬ;;1502;;;;;;;0;;;;47;ЛОЖЬ;0;;;;;;;;;;;;;;Undefined;;;;;;;;;;;;ЛОЖЬ;ИСТИНА;;;;;;;;;;;;;;;;;;;;;;;;
DI;91FI028B_MOR;;COM;901-10;A_90110;MO REQUEST;No;ЛОЖЬ;ИСТИНА;;346;;;;;;;0;;;;2144;ЛОЖЬ;0;None;;;;;;1=REQUEST;;;;;;;Undefined;491;3428;;;;;;Freeze;;;;ЛОЖЬ;;;;ЛОЖЬ;;;;;;;;;;;;;;;;;;Input;EPKS_UCB;ESD_912_1;1
M;308_428_2;;;9100;;91TAHH993_I;;ЛОЖЬ;ЛОЖЬ;;428;;;;;;;0;;;;1273;ЛОЖЬ;0;;;;;;;0=TRIP INITIATOR;;;;;;;Undefined;491;3428;;;;;;;;;;ЛОЖЬ;;;;;;;;;;;;;;;;;;;;;;;;;
M;C390_2;;;9100;9100;Compiler marker (264, 91);;ЛОЖЬ;ЛОЖЬ;;390;;;;;;;0;;;;1082;ЛОЖЬ;0;;;;;;;;;;;;;;Undefined;;;;;;;;;;;;ЛОЖЬ;ИСТИНА;;;;;;;;;;;;;;;;;;;;;;;;
M;337_336_2;;;9100;;91LT048_F;;ЛОЖЬ;ЛОЖЬ;;336;;;;;;;0;;;;2580;ЛОЖЬ;0;;;;;;;1=FAULT;;;;;;;Undefined;;;;;;;;;;;;ЛОЖЬ;ИСТИНА;;;;;;;;;;;;;;;;;;;;;;;;
T;167_2;;;;;;;ЛОЖЬ;ЛОЖЬ;;167;;;;;;;;1 s;30;;24;ЛОЖЬ;0;;;;;;;;;;;;;;Undefined;491;3428;Delayed OFF with constant timer value;;;;;;;;;ЛОЖЬ;;;;;;;;;;;;;;;;;;;;;;;;;
M;C1508_1_L;;;;;Function block marker;;ЛОЖЬ;ЛОЖЬ;;1508;;;;;;;0;;;;976;ЛОЖЬ;0;;;;;;;;;;;;;;Undefined;;;;;;;;;;;;ЛОЖЬ;ИСТИНА;;;;;;;;;;;;;;;;;;;;;;;;
M;2375_A;;;;;MOS REQUEST;;ЛОЖЬ;ЛОЖЬ;;2375;;;;;;;0;;;;1246;ЛОЖЬ;0;;;;;;;;;;;;;;Undefined;491;3428;;;;;;;;;;ЛОЖЬ;;;;;;;;;;;;;;;;;;;;;;;;;
M;340_422_3;;;9100;;91LAHH077_I;;ЛОЖЬ;ЛОЖЬ;;422;;;;;;;0;;;;1730;ЛОЖЬ;0;;;;;;;0=TRIP INITIATOR;;;;;;;Undefined;491;3428;;;;;;;;;;ЛОЖЬ;;;;;;;;;;;;;;;;;;;;;;;;;
DO;91PI083_TF;;COM;9100;;TRANSM FAULT;No;ЛОЖЬ;ЛОЖЬ;;318;;;;;;;0;;;;2683;ИСТИНА;33918;None;;;;;;0=ALARM;0=ALARM;;;;;;Undefined;;;;;;;;;;;;ЛОЖЬ;ИСТИНА;;;;;;;;;;;;;;;;;;;;;Output;EPKS_UCB;ESD_912_1;959
M;2470_J;;;;;Out 3;;ЛОЖЬ;ЛОЖЬ;;2470;;;;;;;0;;;;165;ЛОЖЬ;0;;;;;;;;;;;;;;Undefined;491;3428;;;;;;;;;;ЛОЖЬ;;;;;;;;;;;;;;;;;;;;;;;;;
M;C508_2_B;;;9100;9100;Function block marker;;ЛОЖЬ;ЛОЖЬ;;508;;;;;;;0;;;;1764;ЛОЖЬ;0;;;;;;;;;;;;;;Undefined;491;3428;;;;;;;;;;ЛОЖЬ;;;;;;;;;;;;;;;;;;;;;;;;;
M;C400_1;;;901-10;;Compiler marker (304, 90);;ЛОЖЬ;ЛОЖЬ;;400;;;;;;;0;;;;1825;ЛОЖЬ;0;;;;;;;;;;;;;;Undefined;491;3428;;;;;;;;;;ЛОЖЬ;;;;;;;;;;;;;;;;;;;;;;;;;
DI;91LI073_MOR;;COM;901-10;A_90110;MO REQUEST;No;ЛОЖЬ;ИСТИНА;;338;;;;;;;0;;;;2200;ЛОЖЬ;0;None;;;;;;1=REQUEST;;;;;;;Undefined;491;3428;;;;;;Freeze;;;;ЛОЖЬ;;;;ЛОЖЬ;;;;;;;;;;;;;;;;;;Input;EPKS_UCB;ESD_912_1;57
AI;VM 18.03/11/17;;SYS;;;;Yes;ЛОЖЬ;;;0;ИСТИНА;Float;0-5V (VM);-9.9;99.9;;;;;;472;ЛОЖЬ;0;;None;None;None;None;;;;;;;;;Undefined;2.5;3.9;;18.03;11;17;1;Scan;;;;ЛОЖЬ;ИСТИНА;;;;;;;;;;;;;;;;;;;;;;;;
DO;91HY050;;FLD;901-10;;VALVE LIQUID N2;Yes;ЛОЖЬ;ЛОЖЬ;;640;;;;;;;0;;;;56;ЛОЖЬ;0;None;;;;;;0=TRIP;0=TRIP;;;;;;Undefined;;;;18.05;11;1;1;Low;;;;ЛОЖЬ;ИСТИНА;;;;;;;;;;;;;;;;;;;;;Output;EPKS_UCB;ESD_912_1;1031
M;604_5;;;9100;;;;ЛОЖЬ;ЛОЖЬ;;604;;;;;;;0;;;;1681;ЛОЖЬ;0;;;;;;;;;;;;;;Undefined;;;;;;;;;;;;ЛОЖЬ;ИСТИНА;;;;;;;;;;;;;;;;;;;;;;;;
AI;91LI493;;FLD;901-10;A_90105;0-37% H2SO4 SOL V9010501;Yes;ИСТИНА;ЛОЖЬ;;240;ИСТИНА;Float;4-20mA;0;100;%;;;;;176;ЛОЖЬ;33973;;None;None;None;None;;;;-25;-25;;;;-XXXXX.X;3.64;22;;18.04;5;11;1;Top scale;;;;ЛОЖЬ;;ЛОЖЬ;;;;;;;;;;;;;;;;;;;;Output;EPKS_UCB;ESD_912_1;10078
DI;18-InputLoopFault;;SYS;;;INPUT LOOP FAULT;Yes;ЛОЖЬ;;;17;;;;;;;;;;;22;ЛОЖЬ;0;None;;;;;;;;;;;;;Undefined;491;3428;;;;;;;;;;ЛОЖЬ;;;;ЛОЖЬ;;;;;;;;;;;;;;;;;;;;;
M;1522_1;;;;C9011001;;;ЛОЖЬ;ЛОЖЬ;;1522;;;;;;;0;;;;854;ЛОЖЬ;0;;;;;;;;;;;;;;Undefined;;;;;;;;;;;;ЛОЖЬ;ИСТИНА;;;;;;;;;;;;;;;;;;;;;;;;
DI;91TI808_MOR;;COM;901-10;A_C90111;MO REQUEST;No;ЛОЖЬ;ИСТИНА;;616;;;;;;;0;;;;2237;ЛОЖЬ;0;None;;;;;;1=REQUEST;;;;;;;Undefined;491;3428;;;;;;Freeze;;;;ЛОЖЬ;;;;ЛОЖЬ;;;;;;;;;;;;;;;;;;Input;EPKS_UCB;ESD_912_1;94
M;506_1502_2;;;9100;;91PAHH772_I;;ЛОЖЬ;ЛОЖЬ;;1502;;;;;;;0;;;;82;ЛОЖЬ;0;;;;;;;0=TRIP INITIATOR;;;;;;;Undefined;;;;;;;;;;;;ЛОЖЬ;ИСТИНА;;;;;;;;;;;;;;;;;;;;;;;;
M;329_332_1;;;9100;;91LALL061_I;;ЛОЖЬ;ЛОЖЬ;;332;;;;;;;0;;;;2081;ЛОЖЬ;0;;;;;;;0=TRIP;;;;;;;Undefined;;;;;;;;;;;;ЛОЖЬ;ИСТИНА;;;;;;;;;;;;;;;;;;;;;;;;
M;C328_4_F;;;9100;9100;Function block marker;;ЛОЖЬ;ЛОЖЬ;;328;;;;;;;0;;;;1296;ЛОЖЬ;0;;;;;;;;;;;;;;Undefined;;;;;;;;;;;;ЛОЖЬ;ИСТИНА;;;;;;;;;;;;;;;;;;;;;;;;
M;514_186_1;;;901-10;;91TT754;;ЛОЖЬ;ЛОЖЬ;;186;;;;;;;0;;;;1856;ЛОЖЬ;0;;;;;;;1=MO CONFIRMED;;;;;;;Undefined;491;3428;;;;;;;;;;ЛОЖЬ;;;;;;;;;;;;;;;;;;;;;;;;;
DO;91PAHH076_FU2;;COM;901-10;A_90110;LIQUID AMM TO V9011001A;No;ИСТИНА;ЛОЖЬ;;1520;;;;;;;0;;;;922;ИСТИНА;34140;None;;;;;;1=FIRST;;;;;;;Undefined;;;;;;;;;;;;ЛОЖЬ;ИСТИНА;;;;;;;;;;;;;;;;;;;;;Output;EPKS_UCB;ESD_912_1;846
T;636_3;;;9100;;;;ЛОЖЬ;ЛОЖЬ;;636;;;;;;;;100 ms;50;;188;ЛОЖЬ;0;;;;;;;;;;;;;;Undefined;491;3428;Delayed OFF with constant timer value;;;;;;;;;ЛОЖЬ;;;;;;;;;;;;;;;;;;;;;;;;;
DO;91XY077;;MCC;901-10;A_90110;AUTO OPENING 91XV077;Yes;ИСТИНА;ЛОЖЬ;;438;;;;;;;0;;;;121;ЛОЖЬ;33521;None;;;;;;1=OPEN;;;;;;;Undefined;491;3428;;18.06;5;2;1;Appl;;;;ЛОЖЬ;;;;;;;;;;;;;;;;;;;;;;;;;
M;319_394_1;;;9100;;91PALL084_I;;ЛОЖЬ;ЛОЖЬ;;394;;;;;;;0;;;;2686;ЛОЖЬ;0;;;;;;;0=TRIP INITIATOR;;;;;;;Undefined;;;;;;;;;;;;ЛОЖЬ;ИСТИНА;;;;;;;;;;;;;;;;;;;;;;;;
M;C535_2_A;;;9100;9100;Compiler marker;;ЛОЖЬ;ЛОЖЬ;;535;;;;;;;0;;;;1849;ЛОЖЬ;0;;;;;;;;;;;;;;Undefined;;;;;;;;;;;;ЛОЖЬ;ИСТИНА;;;;;;;;;;;;;;;;;;;;;;;;
T;618_3;;;9100;;;;ЛОЖЬ;ЛОЖЬ;;618;;;;;;;;100 ms;5;;780;ЛОЖЬ;0;;;;;;;;;;;;;;Undefined;;;Delayed OFF with constant timer value;;;;;;;;;ЛОЖЬ;ИСТИНА;;;;;;;;;;;;;;;;;;;;;;;;
M;536_1506_1;;;9100;;91HS757_P_I;;ЛОЖЬ;ЛОЖЬ;;1506;;;;;;;0;;;;827;ЛОЖЬ;0;;;;;;;1=RESET;;;;;;;Undefined;;;;;;;;;;;;ЛОЖЬ;ИСТИНА;;;;;;;;;;;;;;;;;;;;;;;;
M;C328_1_E;;;9100;9100;Function block marker;;ЛОЖЬ;ЛОЖЬ;;328;;;;;;;0;;;;2040;ЛОЖЬ;0;;;;;;;;;;;;;;Undefined;491;3428;;;;;;;;;;ЛОЖЬ;;;;;;;;;;;;;;;;;;;;;;;;;
T;521_3;;;;;;;ЛОЖЬ;ЛОЖЬ;;521;;;;;;;;100 ms;10;;936;ЛОЖЬ;0;;;;;;;;;;;;;;Undefined;;;Delayed OFF with constant timer value;;;;;;;;;ЛОЖЬ;ИСТИНА;;;;;;;;;;;;;;;;;;;;;;;;
BO;91FI029B_LL;;COM;901-10;A_90110;LL TRIP SETPOINT (kg/h);No;ИСТИНА;ЛОЖЬ;;348;;Float;;;;;0;;;;684;;34061;;;;;;;;;0;0;;;;-XXXXX.X;491;3428;;;;;;;;;;ЛОЖЬ;;;;;;;;;;;;;;;;;;;;;;Output;EPKS_UCB;ESD_912_1;10115
M;C358_3_C;;;9100;9100;Function block marker;;ЛОЖЬ;ЛОЖЬ;;358;;;;;;;0;;;;1913;ЛОЖЬ;0;;;;;;;;;;;;;;Undefined;491;3428;;;;;;;;;;ЛОЖЬ;;;;;;;;;;;;;;;;;;;;;;;;;
M;318_3;;;901-10;;;;ЛОЖЬ;ЛОЖЬ;;318;;;;;;;0;;;;404;ЛОЖЬ;0;;;;;;;;;;;;;;Undefined;491;3428;;;;;;;;;;ЛОЖЬ;;;;;;;;;;;;;;;;;;;;;;;;;
M;612_622_2;;;9100;;91TAHH802_I;;ЛОЖЬ;ЛОЖЬ;;622;;;;;;;0;;;;1976;ЛОЖЬ;0;;;;;;;0=TRIP INITIATOR;;;;;;;Undefined;491;3428;;;;;;;;;;ЛОЖЬ;;;;;;;;;;;;;;;;;;;;;;;;;
AI;91TI751;;FLD;901-10;A_C90111;C-9011001AX Т ТЕХНОЛ.ГАЗА ВЫХОД ЦИЛ.1;Yes;ИСТИНА;ЛОЖЬ;;512;ИСТИНА;Float;4-20mA;-50;200;°C;;;;;428;ЛОЖЬ;33850;;None;None;None;None;;;;;;;;;-XXXXX.X;3.76;21;;18.03;11;6;1;Top scale;;;;ЛОЖЬ;ИСТИНА;ЛОЖЬ;;;;;;;;;;;;;;;;;;;;Output;EPKS_UCB;ESD_912_1;10227
M;C1500_1_M;;;;;Function block marker;;ЛОЖЬ;ЛОЖЬ;;1500;;;;;;;0;;;;1001;ЛОЖЬ;0;;;;;;;;;;;;;;Undefined;;;;;;;;;;;;ЛОЖЬ;ИСТИНА;;;;;;;;;;;;;;;;;;;;;;;;
DO;91LAHH063_CA;;COM;901-10;A_90110;CAUSE ALARM;No;ЛОЖЬ;ЛОЖЬ;;298;;;;;;;0;;;;1747;ЛОЖЬ;0;None;;;;;;0=ALARM;;;;;;;Undefined;491;3428;;;;;;;;;;ЛОЖЬ;;;;;;;;;;;;;;;;;;;;;;Output;EPKS_UCB;ESD_912_1;464
M;516_186_1;;;901-10;;91TT758;;ЛОЖЬ;ЛОЖЬ;;186;;;;;;;0;;;;1869;ЛОЖЬ;0;;;;;;;1=MO CONFIRMED;;;;;;;Undefined;491;3428;;;;;;;;;;ЛОЖЬ;;;;;;;;;;;;;;;;;;;;;;;;;
DI;91HS120A;;FLD;901-10;A_90110;STOP AT RAILWY THR LCSA3;Yes;ИСТИНА;ЛОЖЬ;;344;;;;;;;;;;;61;ИСТИНА;33522;None;;;;;;0=TRIP;;;;;;;Undefined;491;3428;;18.03;7;6;1;Low;;;;ЛОЖЬ;;;;ЛОЖЬ;;;;;;;;;;;;;;;;;;Output;EPKS_UCB;ESD_912_1;701
M;C300_2_B;;;9100;9100;Function block marker;;ЛОЖЬ;ЛОЖЬ;;300;;;;;;;0;;;;2098;ЛОЖЬ;0;;;;;;;;;;;;;;Undefined;491;3428;;;;;;;;;;ЛОЖЬ;;;;;;;;;;;;;;;;;;;;;;;;;
DO;91LAHH064_CA;;COM;901-10;A_90110;CAUSE ALARM;No;ЛОЖЬ;ЛОЖЬ;;334;;;;;;;0;;;;1551;ЛОЖЬ;0;None;;;;;;0=ALARM;;;;;;;Undefined;491;3428;;;;;;;;;;ЛОЖЬ;;;;;;;;;;;;;;;;;;;;;;Output;EPKS_UCB;ESD_912_1;466
DI;91TI106_MOR;;COM;901-10;A_C90111;MO REQUEST;No;ЛОЖЬ;ИСТИНА;;300;;;;;;;0;;;;2229;ЛОЖЬ;0;None;;;;;;1=REQUEST;;;;;;;Undefined;491;3428;;;;;;Freeze;;;;ЛОЖЬ;;;;ЛОЖЬ;;;;;;;;;;;;;;;;;;Input;EPKS_UCB;ESD_912_1;86
DO;91XY065_ESD;;COM;901-10;A_90110;91XY065 ESD TRIP;No;ЛОЖЬ;ЛОЖЬ;;382;;;;;;;0;;;;1063;ЛОЖЬ;0;None;;;;;;0=TRIP;;;;;;;Undefined;;;;;;;;;;;;ЛОЖЬ;ИСТИНА;;;;;;;;;;;;;;;;;;;;;Output;EPKS_UCB;ESD_912_1;864
DO;91TI761_TF;;COM;901-10;A_C90111;TRANSM FAULT;No;ЛОЖЬ;ЛОЖЬ;;518;;;;;;;0;;;;1884;ИСТИНА;33851;None;;;;;;0=ALARM;;;;;;;Undefined;491;3428;;;;;;;;;;ЛОЖЬ;;;;;;;;;;;;;;;;;;;;;;Output;EPKS_UCB;ESD_912_1;656
DO;91XY066;;FLD;901-10;A_90110;INLET VALVE CTRL 91XV066;Yes;ИСТИНА;ЛОЖЬ;;384;;;;;;;0;;;;33;ИСТИНА;33523;None;;;;;;1=OPEN;;;;;;;Undefined;491;3428;;18.05;5;2;1;Appl;;;;ЛОЖЬ;;;;;;;;;;;;;;;;;;;;;;Output;EPKS_UCB;ESD_912_1;736
T;316_5;;;9100;;;;ЛОЖЬ;ЛОЖЬ;;316;;;;;;;;100 ms;5;;816;ЛОЖЬ;0;;;;;;;;;;;;;;Undefined;;;Delayed OFF with constant timer value;;;;;;;;;ЛОЖЬ;ИСТИНА;;;;;;;;;;;;;;;;;;;;;;;;
M;C298_4_G;;;9100;9100;Function block marker;;ЛОЖЬ;ЛОЖЬ;;298;;;;;;;0;;;;2140;ЛОЖЬ;0;;;;;;;;;;;;;;Undefined;;;;;;;;;;;;ЛОЖЬ;ИСТИНА;;;;;;;;;;;;;;;;;;;;;;;;
DO;91PI073_MOC;;COM;901-10;A_90110;MO CONFIRMED;No;ИСТИНА;ЛОЖЬ;;312;;;;;;;0;;;;1397;ИСТИНА;33852;None;;;;;;1=CONFIRMED;;;;;;;Undefined;491;3428;;;;;;;;;;ЛОЖЬ;;;;;;;;;;;;;;;;;;;;;;Output;EPKS_UCB;ESD_912_1;591
DO;91PI071_TF;;COM;9100;;TRANSM FAULT;No;ЛОЖЬ;ЛОЖЬ;;312;;;;;;;0;;;;2628;ИСТИНА;33897;None;;;;;;0=ALARM;0=ALARM;;;;;;Undefined;;;;;;;;;;;;ЛОЖЬ;ИСТИНА;;;;;;;;;;;;;;;;;;;;;Output;EPKS_UCB;ESD_912_1;956
M;C324_1_E;;;9100;9100;Function block marker;;ЛОЖЬ;ЛОЖЬ;;324;;;;;;;0;;;;2054;ЛОЖЬ;0;;;;;;;;;;;;;;Undefined;491;3428;;;;;;;;;;ЛОЖЬ;;;;;;;;;;;;;;;;;;;;;;;;;
M;C300_1_F;;;9100;9100;Function block marker;;ЛОЖЬ;ЛОЖЬ;;300;;;;;;;0;;;;2610;ЛОЖЬ;0;;;;;;;;;;;;;;Undefined;;;;;;;;;;;;ЛОЖЬ;ИСТИНА;;;;;;;;;;;;;;;;;;;;;;;;
DO;91LI752_MOC;;COM;901-10;A_C90111;MO CONFIRMED;No;ИСТИНА;ЛОЖЬ;;500;;;;;;;0;;;;1748;ИСТИНА;33853;None;;;;;;1=CONFIRMED;;;;;;;Undefined;491;3428;;;;;;;;;;ЛОЖЬ;;;;;;;;;;;;;;;;;;;;;;Output;EPKS_UCB;ESD_912_1;527
M;C521_1_G;;;;;Function block marker;;ЛОЖЬ;ЛОЖЬ;;521;;;;;;;0;;;;2770;ЛОЖЬ;0;;;;;;;;;;;;;;Undefined;;;;;;;;;;;;ЛОЖЬ;ИСТИНА;;;;;;;;;;;;;;;;;;;;;;;;
DO;91XY094B_C;;COM;9100;;AUTO CLOSURE 91XV094;No;ИСТИНА;ЛОЖЬ;;462;;;;;;;0;;;;650;ИСТИНА;33436;None;;;;;;0=CLOSE;;;;;;;Undefined;491;3428;;;;;;;;;;ЛОЖЬ;;;;;;;;;;;;;;;;;;;;;;Output;EPKS_UCB;ESD_912_1;795
M;C1520_1_K;;;;;Function block marker;;ЛОЖЬ;ЛОЖЬ;;1520;;;;;;;0;;;;945;ЛОЖЬ;0;;;;;;;;;;;;;;Undefined;;;;;;;;;;;;ЛОЖЬ;ИСТИНА;;;;;;;;;;;;;;;;;;;;;;;;
R;328_330_2;;;901-10;;91LI061;;ЛОЖЬ;ЛОЖЬ;;330;;Float;;;;;0;;;;604;ЛОЖЬ;0;;;;;;;;;;;;;;Undefined;491;3428;;;;;;;;;;ЛОЖЬ;;;;;;;;;;;;;;;;;;;;;;;;;
T;634_1;;;901-10;;;;ЛОЖЬ;ЛОЖЬ;;634;;;;;;;;100 ms;10;;408;ЛОЖЬ;0;;;;;;;;;;;;;;Undefined;491;3428;Delayed OFF with constant timer value;;;;;;;;;ЛОЖЬ;;;;;;;;;;;;;;;;;;;;;;;;;
M;318_1522_4;;;9100;;91PAHH 084_I;;ЛОЖЬ;ЛОЖЬ;;1522;;;;;;;0;;;;892;ЛОЖЬ;0;;;;;;;0=TRIP INITIATOR;;;;;;;Undefined;;;;;;;;;;;;ЛОЖЬ;ИСТИНА;;;;;;;;;;;;;;;;;;;;;;;;
T;171_1;;;;;;;ЛОЖЬ;ЛОЖЬ;;171;;;;;;;;1 s;30;;12;ЛОЖЬ;0;;;;;;;;;;;;;;Undefined;491;3428;Delayed OFF with constant timer value;;;;;;;;;ЛОЖЬ;;;;;;;;;;;;;;;;;;;;;;;;;
M;505_522_1;;;9100;;91PALL752_I;;ЛОЖЬ;ЛОЖЬ;;522;;;;;;;0;;;;584;ЛОЖЬ;0;;;;;;;0=TRIP INITIATOR;;;;;;;Undefined;;;;;;;;;;;;ЛОЖЬ;ИСТИНА;;;;;;;;;;;;;;;;;;;;;;;;
M;498_534_1;;;9100;;91TAL761PERM_I;;ЛОЖЬ;ЛОЖЬ;;534;;;;;;;0;;;;593;ЛОЖЬ;0;;;;;;;0=ALARM;;;;;;;Undefined;491;3428;;;;;;;;;;ЛОЖЬ;;;;;;;;;;;;;;;;;;;;;;;;;
AI;91TI759A;;FLD;901-10;A_C90111;C-9011001AX Т ОХЛ.ВОДЫ ВЫХ. ДО ОХЛ-ЛЯ;Yes;ИСТИНА;ЛОЖЬ;;516;ИСТИНА;Float;4-20mA;-50;100;°C;;;;;436;ЛОЖЬ;33849;;None;None;None;None;;;;;;;;;-XXXXX.X;3.76;21;;18.03;11;8;1;Top scale;;;;ЛОЖЬ;ИСТИНА;ЛОЖЬ;;;;;;;;;;;;;;;;;;;;Output;EPKS_UCB;ESD_912_1;10229
M;C312_1_F;;;9100;9100;Function block marker;;ЛОЖЬ;ЛОЖЬ;;312;;;;;;;0;;;;1556;ЛОЖЬ;0;;;;;;;;;;;;;;Undefined;;;;;;;;;;;;ЛОЖЬ;ИСТИНА;;;;;;;;;;;;;;;;;;;;;;;;
BO;91LI052_HH;;COM;9100;;HH TRIP SETPOINT (%);No;ИСТИНА;ЛОЖЬ;;321;;Float;;;;;0;;;;560;;34062;;;;;;;;;0;0;;;;-XXXXX.X;491;3428;;;;;;;;;;ЛОЖЬ;;;;;;;;;;;;;;;;;;;;;;Output;EPKS_UCB;ESD_912_1;10121
AI;91LS804;;FLD;901-10;A_C90111;Уровень. резервуар C-9011001SX;Yes;ИСТИНА;ЛОЖЬ;;621;ИСТИНА;Float;4-20mA;4;20;mA;;;;;376;ЛОЖЬ;33676;;None;None;None;None;;;;;;;;;-XXXXX.X;3.64;22;;18.04;11;10;1;Bottom scale;;;;ЛОЖЬ;ИСТИНА;ЛОЖЬ;;;;;;;;;;;;;;;;;;;;Output;EPKS_UCB;ESD_912_1;10198
DO;91HA751A;;COM;9100;;C-9011001AX EMER. STOP;No;ИСТИНА;ЛОЖЬ;;524;;;;;;;0;;;;2061;ИСТИНА;34065;None;;;;;;0=TRIP;0=TRIP;;;;;;Undefined;;;;;;;;;;;;ЛОЖЬ;ИСТИНА;;;;;;;;;;;;;;;;;;;;;Output;EPKS_UCB;ESD_912_1;1028
M;C329_1_E;;;9100;9100;Function block marker;;ЛОЖЬ;ЛОЖЬ;;329;;;;;;;0;;;;2117;ЛОЖЬ;0;;;;;;;;;;;;;;Undefined;;;;;;;;;;;;ЛОЖЬ;ИСТИНА;;;;;;;;;;;;;;;;;;;;;;;;
M;C498_2_E;;;9100;9100;Function block marker;;ЛОЖЬ;ЛОЖЬ;;498;;;;;;;0;;;;613;ЛОЖЬ;0;;;;;;;;;;;;;;Undefined;491;3428;;;;;;;;;;ЛОЖЬ;;;;;;;;;;;;;;;;;;;;;;;;;
M;348_350_4;;;9100;;91FALL029B_I;;ЛОЖЬ;ЛОЖЬ;;350;;;;;;;0;;;;1286;ЛОЖЬ;0;;;;;;;0=TRIP INITIATOR;;;;;;;Undefined;491;3428;;;;;;;;;;ЛОЖЬ;;;;;;;;;;;;;;;;;;;;;;;;;
M;322_362_2;;;901-10;;91LALL052_I;;ЛОЖЬ;ЛОЖЬ;;362;;;;;;;0;;;;1476;ЛОЖЬ;0;;;;;;;0=TRIP INITIATOR;;;;;;;Undefined;491;3428;;;;;;;;;;ЛОЖЬ;;;;;;;;;;;;;;;;;;;;;;;;;
M;C316_3_E;;;9100;9100;Function block marker;;ЛОЖЬ;ЛОЖЬ;;316;;;;;;;0;;;;2072;ЛОЖЬ;0;;;;;;;;;;;;;;Undefined;491;3428;;;;;;;;;;ЛОЖЬ;;;;;;;;;;;;;;;;;;;;;;;;;
M;C534_2_B;;;9100;9100;Function block marker;;ЛОЖЬ;ЛОЖЬ;;534;;;;;;;0;;;;1052;ЛОЖЬ;0;;;;;;;;;;;;;;Undefined;;;;;;;;;;;;ЛОЖЬ;ИСТИНА;;;;;;;;;;;;;;;;;;;;;;;;
M;C635_2_B;;;;;Compiler marker;;ЛОЖЬ;ЛОЖЬ;;635;;;;;;;0;;;;1824;ЛОЖЬ;0;;;;;;;;;;;;;;Undefined;;;;;;;;;;;;ЛОЖЬ;ИСТИНА;;;;;;;;;;;;;;;;;;;;;;;;
T;334_2;;;9100;;;;ЛОЖЬ;ЛОЖЬ;;334;;;;;;;;100 ms;5;;448;ЛОЖЬ;0;;;;;;;;;;;;;;Undefined;;;Delayed OFF with constant timer value;;;;;;;;;ЛОЖЬ;ИСТИНА;;;;;;;;;;;;;;;;;;;;;;;;
R;2495_B;;;;;DIVIDER;;ЛОЖЬ;ЛОЖЬ;;2495;;Float;;;;;0;;;;308;ЛОЖЬ;0;;;;;;;;;;;;;;Undefined;491;3428;;;;;;;;;;ЛОЖЬ;;;;;;;;;;;;;;;;;;;;;;;;;
R;C2495_2;;;;;Compiler register (336, 36);;ЛОЖЬ;ЛОЖЬ;;2495;;Float;;;;;0;;;;332;ЛОЖЬ;0;;;;;;;;;;;;;;Undefined;491;3428;;;;;;;;;;ЛОЖЬ;;;;;;;;;;;;;;;;;;;;;;;;;
M;C636_3_C;;;9100;9100;Function block marker;;ЛОЖЬ;ЛОЖЬ;;636;;;;;;;0;;;;605;ЛОЖЬ;0;;;;;;;;;;;;;;Undefined;491;3428;;;;;;;;;;ЛОЖЬ;;;;;;;;;;;;;;;;;;;;;;;;;
DO;91PALL774_CA;;COM;901-10;A_C90111;CAUSE ALARM;No;ЛОЖЬ;ЛОЖЬ;;510;;;;;;;0;;;;1822;ЛОЖЬ;0;None;;;;;;0=ALARM;;;;;;;Undefined;491;3428;;;;;;;;;;ЛОЖЬ;;;;;;;;;;;;;;;;;;;;;;Output;EPKS_UCB;ESD_912_1;569
DO;91XS764_P;;COM;901-10;A_C90111;RUNNING STATE;No;ИСТИНА;ЛОЖЬ;;534;;;;;;;0;;;;534;ЛОЖЬ;34063;None;;;;;;1=ACTIVE;;;;;;;Undefined;491;3428;;;;;;;;;;ЛОЖЬ;;;;;;;;;;;;;;;;;;Output;CC_UCB_1;ESD_912_1;65;;;;
BO;91PI076_HH;;COM;901-10;A_90110;HH TRIP SETPOINT (MPa-g);No;ИСТИНА;ЛОЖЬ;;314;;Float;;;;;0;;;;504;;34064;;;;;;;;;0;0;;;;-XXXXX.X;491;3428;;;;;;;;;;ЛОЖЬ;;;;;;;;;;;;;;;;;;;;;;Output;EPKS_UCB;ESD_912_1;10152
DI;91HS751A;;LCP;901-10;A_C90111;C-9011001AX EMER. STOP;Yes;ИСТИНА;ЛОЖЬ;;524;;;;;;;;;;;63;ИСТИНА;33524;None;;;;;;0=TRIP;;;;;;;Undefined;491;3428;;18.03;7;8;1;Low;;;;ЛОЖЬ;;;;ЛОЖЬ;;;;;;;;;;;;;;;;;;Output;EPKS_UCB;ESD_912_1;713
M;510_3;;;901-10;;;;ЛОЖЬ;ЛОЖЬ;;510;;;;;;;0;;;;364;ЛОЖЬ;0;;;;;;;;;;;;;;Undefined;491;3428;;;;;;;;;;ЛОЖЬ;;;;;;;;;;;;;;;;;;;;;;;;;
M;604_622_3;;;9100;;91PAHH802_I;;ЛОЖЬ;ЛОЖЬ;;622;;;;;;;0;;;;1951;ЛОЖЬ;0;;;;;;;0=TRIP INITIATOR;;;;;;;Undefined;491;3428;;;;;;;;;;ЛОЖЬ;;;;;;;;;;;;;;;;;;;;;;;;;
M;518_186_1;;;901-10;;91TT761;;ЛОЖЬ;ЛОЖЬ;;186;;;;;;;0;;;;1882;ЛОЖЬ;0;;;;;;;1=MO CONFIRMED;;;;;;;Undefined;491;3428;;;;;;;;;;ЛОЖЬ;;;;;;;;;;;;;;;;;;;;;;;;;
DI;91HS403D;;COM;901-05;A_P90110;PUMP OFF P-9010501A;No;ИСТИНА;ИСТИНА;;242;;;;;;;0;;;;2187;ИСТИНА;33643;None;;;;;;0=TRIP;;;;;;;Undefined;491;3428;;;;;;Low;;;;ЛОЖЬ;;;;ЛОЖЬ;;;;;;;;;;;;;;;;;;Input;EPKS_UCB;ESD_912_1;44
M;C612_5_F;;;9100;9100;Function block marker;;ЛОЖЬ;ЛОЖЬ;;612;;;;;;;0;;;;2590;ЛОЖЬ;0;;;;;;;;;;;;;;Undefined;;;;;;;;;;;;ЛОЖЬ;ИСТИНА;;;;;;;;;;;;;;;;;;;;;;;;
M;314_350_2;;;901-10;;91PAHH076_I;;ЛОЖЬ;ЛОЖЬ;;350;;;;;;;0;;;;1318;ЛОЖЬ;0;;;;;;;0=TRIP INITIATOR;;;;;;;Undefined;491;3428;;;;;;;;;;ЛОЖЬ;;;;;;;;;;;;;;;;;;;;;;;;;
M;300_1506_2;;;9100;;91TAHH106_I;;ЛОЖЬ;ЛОЖЬ;;1506;;;;;;;0;;;;93;ЛОЖЬ;0;;;;;;;0=TRIP INITIATOR;;;;;;;Undefined;;;;;;;;;;;;ЛОЖЬ;ИСТИНА;;;;;;;;;;;;;;;;;;;;;;;;
AI;VM 18.04/7/17;;SYS;;;;Yes;ЛОЖЬ;;;0;ИСТИНА;Float;0-5V (VM);-9.9;99.9;;;;;;268;ЛОЖЬ;0;;None;None;None;None;;;;;;;;;-XXXXX.X;2.5;3.9;;18.04;7;17;1;Scan;;;;ЛОЖЬ;;;;;;;;;;;;;;;;;;;;;;;;;
M;C504_4_F;;;9100;9100;Function block marker;;ЛОЖЬ;ЛОЖЬ;;504;;;;;;;0;;;;2887;ЛОЖЬ;0;;;;;;;;;;;;;;Undefined;;;;;;;;;;;;ЛОЖЬ;ИСТИНА;;;;;;;;;;;;;;;;;;;;;;;;
M;1508_3;;;;C9011001;;;ЛОЖЬ;ЛОЖЬ;;1508;;;;;;;0;;;;67;ЛОЖЬ;0;;;;;;;;;;;;;;Undefined;;;;;;;;;;;;ЛОЖЬ;ИСТИНА;;;;;;;;;;;;;;;;;;;;;;;;
M;C498_4_F;;;9100;9100;Function block marker;;ЛОЖЬ;ЛОЖЬ;;498;;;;;;;0;;;;2815;ЛОЖЬ;0;;;;;;;;;;;;;;Undefined;;;;;;;;;;;;ЛОЖЬ;ИСТИНА;;;;;;;;;;;;;;;;;;;;;;;;
R;C2456_9;;;;;Compiler register (288, 252);;ЛОЖЬ;ЛОЖЬ;;2456;;Float;;;;;0;;;;372;ЛОЖЬ;0;;;;;;;;;;;;;;Undefined;491;3428;;;;;;;;;;ЛОЖЬ;;;;;;;;;;;;;;;;;;;;;;;;;
M;2440_B;;;;;Signal 2;;ЛОЖЬ;ЛОЖЬ;;2440;;;;;;;0;;;;100;ЛОЖЬ;0;;;;;;;;;;;;;;Undefined;491;3428;;;;;;;;;;ЛОЖЬ;;;;;;;;;;;;;;;;;;;;;;;;;
DO;91PALL073_CA;;COM;;;CAUSE ALARM;No;ЛОЖЬ;ЛОЖЬ;;313;;;;;;;0;;;;1401;ЛОЖЬ;0;None;;;;;;0=ALARM;;;;;;;Undefined;491;3428;;;;;;;;;;ЛОЖЬ;;;;;;;;;;;;;;;;;;;;;;Output;EPKS_UCB;ESD_912_1;556
M;C1522_1_M;;;;;Function block marker;;ЛОЖЬ;ЛОЖЬ;;1522;;;;;;;0;;;;941;ЛОЖЬ;0;;;;;;;;;;;;;;Undefined;;;;;;;;;;;;ЛОЖЬ;ИСТИНА;;;;;;;;;;;;;;;;;;;;;;;;
M;352_356_4;;;9100;;91FALL030B_I;;ЛОЖЬ;ЛОЖЬ;;356;;;;;;;0;;;;1404;ЛОЖЬ;0;;;;;;;0=TRIP INITIATOR;;;;;;;Undefined;491;3428;;;;;;;;;;ЛОЖЬ;;;;;;;;;;;;;;;;;;;;;;;;;
BO;91TAL761PERM_L;;COM;901-10;A_C90111;L PERM. TO START;No;ЛОЖЬ;ЛОЖЬ;;498;;Float;;;;;0;;;;576;;0;;;;;;;;;0;0;;;;-XXXXX.X;491;3428;;;;;;;;;;ЛОЖЬ;;;;;;;;;;;;;;;;;;;;;;Output;EPKS_UCB;ESD_912_1;10185
M;C366_2;;;9100;9100;Compiler marker (264, 91);;ЛОЖЬ;ЛОЖЬ;;366;;;;;;;0;;;;1089;ЛОЖЬ;0;;;;;;;;;;;;;;Undefined;;;;;;;;;;;;ЛОЖЬ;ИСТИНА;;;;;;;;;;;;;;;;;;;;;;;;
M;C605_3_G;;;;;Function block marker;;ЛОЖЬ;ЛОЖЬ;;605;;;;;;;0;;;;2833;ЛОЖЬ;0;;;;;;;;;;;;;;Undefined;;;;;;;;;;;;ЛОЖЬ;ИСТИНА;;;;;;;;;;;;;;;;;;;;;;;;
M;321_182_1;;;;;91LT052;;ЛОЖЬ;ЛОЖЬ;;182;;;;;;;0;;;;1886;ЛОЖЬ;0;;;;;;;1=MO CONFIRMED;;;;;;;Undefined;;;;;;;;;;;;ЛОЖЬ;ИСТИНА;;;;;;;;;;;;;;;;;;;;;;;;
M;C306_1_E;;;9100;9100;Function block marker;;ЛОЖЬ;ЛОЖЬ;;306;;;;;;;0;;;;2091;ЛОЖЬ;0;;;;;;;;;;;;;;Undefined;491;3428;;;;;;;;;;ЛОЖЬ;;;;;;;;;;;;;;;;;;;;;;;;;
M;396_1;;;901-10;;;;ЛОЖЬ;ЛОЖЬ;;396;;;;;;;0;;;;1684;ЛОЖЬ;0;;;;;;;;;;;;;;Undefined;491;3428;;;;;;;;;;ЛОЖЬ;;;;;;;;;;;;;;;;;;;;;;;;;
DO;91HS850A;;COM;901-05;A_90105;ESD MOS EN AREA 901-05;No;ИСТИНА;ЛОЖЬ;;167;;;;;;;0;;;;196;ИСТИНА;33857;None;;;;;;1=ENABLED;;;;;;;Undefined;491;3428;;;;;;;;;;ЛОЖЬ;;;;;;;;;;;;;;;;;;;;;;Output;EPKS_UCB;ESD_912_1;477
M;312_182_1;;;901-10;;91PT073;;ЛОЖЬ;ЛОЖЬ;;182;;;;;;;0;;;;1398;ЛОЖЬ;0;;;;;;;1=MO CONFIRMED;;;;;;;Undefined;491;3428;;;;;;;;;;ЛОЖЬ;;;;;;;;;;;;;;;;;;;;;;;;;
T;438_1;;;9100;;;;ЛОЖЬ;ЛОЖЬ;;438;;;;;;;;100 ms;5;;480;ЛОЖЬ;0;;;;;;;;;;;;;;Undefined;;;Delayed OFF with constant timer value;;;;;;;;;ЛОЖЬ;ИСТИНА;;;;;;;;;;;;;;;;;;;;;;;;
DO;91PAHH071_CA;;COM;901-10;;CAUSE ALARM;No;ЛОЖЬ;ЛОЖЬ;;312;;;;;;;0;;;;1109;ЛОЖЬ;0;None;;;;;;0=ALARM;0=ALARM;;;;;;Undefined;;;;;;;;;;;;ЛОЖЬ;ИСТИНА;;;;;;;;;;;;;;;;;;;;;Output;EPKS_UCB;ESD_912_1;897
DO;91FALL031B_CA;;COM;901-10;A_90110;CAUSE ALARM;No;ЛОЖЬ;ЛОЖЬ;;354;;;;;;;0;;;;1382;ЛОЖЬ;0;None;;;;;;0=ALARM;;;;;;;Undefined;491;3428;;;;;;;;;;ЛОЖЬ;;;;;;;;;;;;;;;;;;;;;;Output;EPKS_UCB;ESD_912_1;424
DO;91PI772_TF;;COM;901-10;A_C90111;TRANSM FAULT;No;ЛОЖЬ;ЛОЖЬ;;506;;;;;;;0;;;;1786;ИСТИНА;33859;None;;;;;;0=ALARM;;;;;;;Undefined;491;3428;;;;;;;;;;ЛОЖЬ;;;;;;;;;;;;;;;;;;;;;;Output;EPKS_UCB;ESD_912_1;604
DO;91PAHH073_FU1;;COM;901-10;A_90110;LIQUID AMM TO V9011001S;No;ИСТИНА;ЛОЖЬ;;1506;;;;;;;0;;;;815;ИСТИНА;34113;None;;;;;;1=FIRST;;;;;;;Undefined;;;;;;;;;;;;ЛОЖЬ;ИСТИНА;;;;;;;;;;;;;;;;;;;;;Output;EPKS_UCB;ESD_912_1;819
M;C600_1_G;;;9100;9100;Function block marker;;ЛОЖЬ;ЛОЖЬ;;600;;;;;;;0;;;;2850;ЛОЖЬ;0;;;;;;;;;;;;;;Undefined;;;;;;;;;;;;ЛОЖЬ;ИСТИНА;;;;;;;;;;;;;;;;;;;;;;;;
M;504_4;;;901-10;;;;ЛОЖЬ;ЛОЖЬ;;504;;;;;;;0;;;;371;ЛОЖЬ;0;;;;;;;;;;;;;;Undefined;491;3428;;;;;;;;;;ЛОЖЬ;;;;;;;;;;;;;;;;;;;;;;;;;
T;2440_1;;;;;;;ЛОЖЬ;ЛОЖЬ;;2440;;;;;;;;100 ms;10;;12;ЛОЖЬ;0;;;;;;;;;;;;;;Undefined;491;3428;Delayed OFF with constant timer value;;;;;;;;;ЛОЖЬ;;;;;;;;;;;;;;;;;;;;;;;;;
M;312_442_2;;;901-10;;91PAHH073_I;;ЛОЖЬ;ЛОЖЬ;;442;;;;;;;0;;;;1672;ЛОЖЬ;0;;;;;;;0=TRIP INITIATOR;;;;;;;Undefined;491;3428;;;;;;;;;;ЛОЖЬ;;;;;;;;;;;;;;;;;;;;;;;;;
DO;91LAHH051_CA;;COM;9100;;CAUSE ALARM;No;ЛОЖЬ;ЛОЖЬ;;321;;;;;;;0;;;;1090;ЛОЖЬ;0;None;;;;;;0=ALARM;0=ALARM;;;;;;Undefined;;;;;;;;;;;;ЛОЖЬ;ИСТИНА;;;;;;;;;;;;;;;;;;;;;Output;EPKS_UCB;ESD_912_1;878
DO;91LAHH052;;COM;9100;;AMMONIA TO V-9011001S;No;ИСТИНА;ЛОЖЬ;;321;;;;;;;0;;;;1482;ИСТИНА;33860;None;;;;;;0=TRIP;;;;;;;Undefined;491;3428;;;;;;;;;;ЛОЖЬ;;;;;;;;;;;;;;;;;;;;;;Output;EPKS_UCB;ESD_912_1;455
M;C325_2_G;;;;;Function block marker;;ЛОЖЬ;ЛОЖЬ;;325;;;;;;;0;;;;2705;ЛОЖЬ;0;;;;;;;;;;;;;;Undefined;;;;;;;;;;;;ЛОЖЬ;ИСТИНА;;;;;;;;;;;;;;;;;;;;;;;;
BO;91LI493_HH;;COM;901-05;A_90105;HH TRIP SETPOINT (%);No;ИСТИНА;ЛОЖЬ;;240;;Float;;;;;0;;;;388;;34066;;;;;;;;;0;0;;;;-XXXXX.X;491;3428;;;;;;;;;;ЛОЖЬ;;;;;;;;;;;;;;;;;;;;;;Output;EPKS_UCB;ESD_912_1;10137
DO;91HS852_MOD;;COM;901-10;A_90110;ESD MOS EN AREA 901-10;No;ИСТИНА;ЛОЖЬ;;171;;;;;;;0;;;;203;ИСТИНА;33437;None;;;;;;1=NOT ENABLE;;;;;;;Undefined;491;3428;;;;;;;;;;ЛОЖЬ;;;;;;;;;;;;;;;;;;;;;;Output;EPKS_UCB;ESD_912_1;674
M;C320_4_C;;;9100;9100;Function block marker;;ЛОЖЬ;ЛОЖЬ;;320;;;;;;;0;;;;2732;ЛОЖЬ;0;;;;;;;;;;;;;;Undefined;;;;;;;;;;;;ЛОЖЬ;ИСТИНА;;;;;;;;;;;;;;;;;;;;;;;;
M;C508_3_E;;;9100;9100;Function block marker;;ЛОЖЬ;ЛОЖЬ;;508;;;;;;;0;;;;2873;ЛОЖЬ;0;;;;;;;;;;;;;;Undefined;;;;;;;;;;;;ЛОЖЬ;ИСТИНА;;;;;;;;;;;;;;;;;;;;;;;;
DO;91XY041_C;;COM;9100;;AUTO CLOSURE 91XV041;No;ИСТИНА;ЛОЖЬ;;412;;;;;;;0;;;;671;ИСТИНА;33471;None;;;;;;0=CLOSE;;;;;;;Undefined;491;3428;;;;;;;;;;ЛОЖЬ;;;;;;;;;;;;;;;;;;;;;;Output;EPKS_UCB;ESD_912_1;768
M;C621_3_D;;;;;Function block marker;;ЛОЖЬ;ЛОЖЬ;;621;;;;;;;0;;;;2766;ЛОЖЬ;0;;;;;;;;;;;;;;Undefined;;;;;;;;;;;;ЛОЖЬ;ИСТИНА;;;;;;;;;;;;;;;;;;;;;;;;
M;C1518_1_K;;;;;Function block marker;;ЛОЖЬ;ЛОЖЬ;;1518;;;;;;;0;;;;951;ЛОЖЬ;0;;;;;;;;;;;;;;Undefined;;;;;;;;;;;;ЛОЖЬ;ИСТИНА;;;;;;;;;;;;;;;;;;;;;;;;
M;C605_4_G;;;;;Function block marker;;ЛОЖЬ;ЛОЖЬ;;605;;;;;;;0;;;;2836;ЛОЖЬ;0;;;;;;;;;;;;;;Undefined;;;;;;;;;;;;ЛОЖЬ;ИСТИНА;;;;;;;;;;;;;;;;;;;;;;;;
M;304_4;;;901-10;;;;ЛОЖЬ;ЛОЖЬ;;304;;;;;;;0;;;;419;ЛОЖЬ;0;;;;;;;;;;;;;;Undefined;491;3428;;;;;;;;;;ЛОЖЬ;;;;;;;;;;;;;;;;;;;;;;;;;
M;514_1502_2;;;9100;;91TAHH754_I;;ЛОЖЬ;ЛОЖЬ;;1502;;;;;;;0;;;;86;ЛОЖЬ;0;;;;;;;0=TRIP INITIATOR;;;;;;;Undefined;;;;;;;;;;;;ЛОЖЬ;ИСТИНА;;;;;;;;;;;;;;;;;;;;;;;;
DO;91FALL028B;;COM;901-10;A_90110;WTR OF 1 TO C9011001AX;No;ИСТИНА;ЛОЖЬ;;346;;;;;;;0;;;;1640;ИСТИНА;33861;None;;;;;;0=TRIP;;;;;;;Undefined;491;3428;;;;;;;;;;ЛОЖЬ;;;;;;;;;;;;;;;;;;;;;;Output;EPKS_UCB;ESD_912_1;417
M;C598_1_G;;;9100;9100;Function block marker;;ЛОЖЬ;ЛОЖЬ;;598;;;;;;;0;;;;2786;ЛОЖЬ;0;;;;;;;;;;;;;;Undefined;;;;;;;;;;;;ЛОЖЬ;ИСТИНА;;;;;;;;;;;;;;;;;;;;;;;;
T;327_1;;;;;;;ЛОЖЬ;ЛОЖЬ;;327;;;;;;;;100 ms;5;;648;ЛОЖЬ;0;;;;;;;;;;;;;;Undefined;;;Delayed OFF with constant timer value;;;;;;;;;ЛОЖЬ;ИСТИНА;;;;;;;;;;;;;;;;;;;;;;;;
M;634_188_2;;;9100;;91VSHH802;;ЛОЖЬ;ЛОЖЬ;;188;;;;;;;0;;;;1048;ЛОЖЬ;0;;;;;;;1=MO CONFIRMED;;;;;;;Undefined;;;;;;;;;;;;ЛОЖЬ;ИСТИНА;;;;;;;;;;;;;;;;;;;;;;;;
M;1506_2;;;;C9011001;;;ЛОЖЬ;ЛОЖЬ;;1506;;;;;;;0;;;;60;ЛОЖЬ;0;;;;;;;;;;;;;;Undefined;;;;;;;;;;;;ЛОЖЬ;ИСТИНА;;;;;;;;;;;;;;;;;;;;;;;;
M;C605_3_F;;;;;Function block marker;;ЛОЖЬ;ЛОЖЬ;;605;;;;;;;0;;;;2832;ЛОЖЬ;0;;;;;;;;;;;;;;Undefined;;;;;;;;;;;;ЛОЖЬ;ИСТИНА;;;;;;;;;;;;;;;;;;;;;;;;
M;C1506_1_L;;;;;Function block marker;;ЛОЖЬ;ЛОЖЬ;;1506;;;;;;;0;;;;982;ЛОЖЬ;0;;;;;;;;;;;;;;Undefined;;;;;;;;;;;;ЛОЖЬ;ИСТИНА;;;;;;;;;;;;;;;;;;;;;;;;
M;C610_6_E;;;9100;9100;Function block marker;;ЛОЖЬ;ЛОЖЬ;;610;;;;;;;0;;;;2675;ЛОЖЬ;0;;;;;;;;;;;;;;Undefined;;;;;;;;;;;;ЛОЖЬ;ИСТИНА;;;;;;;;;;;;;;;;;;;;;;;;
DI;91HS762_P;;COM;9100;;LAMP TEST;No;ИСТИНА;ИСТИНА;;524;;;;;;;0;;;;707;ИСТИНА;33659;None;;;;;;1=LAMP ON;;;;;;;Undefined;491;3428;;;;;;Low;;;;ЛОЖЬ;;;;ЛОЖЬ;;;;;;;;;;;;;;Input;CC_UCB_1;ESD_912_1;36;Output;EPKS_UCB;ESD_912_1;2023
DI;91HS403C;;COM;901-05;A_P90110;PUMP ON P-9010501A;No;ИСТИНА;ИСТИНА;;242;;;;;;;0;;;;2186;ИСТИНА;33644;None;;;;;;1=RESET;;;;;;;Undefined;491;3428;;;;;;Low;;;;ЛОЖЬ;;;;ЛОЖЬ;;;;;;;;;;;;;;;;;;Input;EPKS_UCB;ESD_912_1;43
T;508_2;;;9100;;;;ЛОЖЬ;ЛОЖЬ;;508;;;;;;;;100 ms;5;;108;ЛОЖЬ;0;;;;;;;;;;;;;;Undefined;;;Delayed OFF with constant timer value;;;;;;;;;ЛОЖЬ;ИСТИНА;;;;;;;;;;;;;;;;;;;;;;;;
DI;91HS852_REL;;FSC;901-10;A_90110;ESD MOS REL A 901-10;No;ЛОЖЬ;ЛОЖЬ;;171;;;;;;;0;;;;244;ЛОЖЬ;0;None;;;;;;1=RELEASED;;;;;;;Undefined;491;3428;;;;;;Freeze;;;;ЛОЖЬ;;;;ЛОЖЬ;;Input;ESD_002_1;ESD_912_1;4;;;;;;;;;;;;;;;;
M;C372_1;;;901-10;;Compiler marker (304, 90);;ЛОЖЬ;ЛОЖЬ;;372;;;;;;;0;;;;1872;ЛОЖЬ;0;;;;;;;;;;;;;;Undefined;491;3428;;;;;;;;;;ЛОЖЬ;;;;;;;;;;;;;;;;;;;;;;;;;
T;326_1;;;9100;;;;ЛОЖЬ;ЛОЖЬ;;326;;;;;;;;100 ms;5;;640;ЛОЖЬ;0;;;;;;;;;;;;;;Undefined;;;Delayed OFF with constant timer value;;;;;;;;;ЛОЖЬ;ИСТИНА;;;;;;;;;;;;;;;;;;;;;;;;
T;518_2;;;9100;;;;ЛОЖЬ;ЛОЖЬ;;518;;;;;;;;100 ms;5;;636;ЛОЖЬ;0;;;;;;;;;;;;;;Undefined;;;Delayed OFF with constant timer value;;;;;;;;;ЛОЖЬ;ИСТИНА;;;;;;;;;;;;;;;;;;;;;;;;
M;C606_5_F;;;9100;9100;Function block marker;;ЛОЖЬ;ЛОЖЬ;;606;;;;;;;0;;;;2826;ЛОЖЬ;0;;;;;;;;;;;;;;Undefined;;;;;;;;;;;;ЛОЖЬ;ИСТИНА;;;;;;;;;;;;;;;;;;;;;;;;
M;C370_2;;;9100;9100;Compiler marker (256, 91);;ЛОЖЬ;ЛОЖЬ;;370;;;;;;;0;;;;1088;ЛОЖЬ;0;;;;;;;;;;;;;;Undefined;;;;;;;;;;;;ЛОЖЬ;ИСТИНА;;;;;;;;;;;;;;;;;;;;;;;;
M;1516_5;;;;C9011001;;;ЛОЖЬ;ЛОЖЬ;;1516;;;;;;;0;;;;840;ЛОЖЬ;0;;;;;;;;;;;;;;Undefined;;;;;;;;;;;;ЛОЖЬ;ИСТИНА;;;;;;;;;;;;;;;;;;;;;;;;
M;C348_1_G;;;9100;9100;Function block marker;;ЛОЖЬ;ЛОЖЬ;;348;;;;;;;0;;;;1213;ЛОЖЬ;0;;;;;;;;;;;;;;Undefined;;;;;;;;;;;;ЛОЖЬ;ИСТИНА;;;;;;;;;;;;;;;;;;;;;;;;
M;306_1;;;901-10;;;;ЛОЖЬ;ЛОЖЬ;;306;;;;;;;0;;;;1355;ЛОЖЬ;0;;;;;;;;;;;;;;Undefined;491;3428;;;;;;;;;;ЛОЖЬ;;;;;;;;;;;;;;;;;;;;;;;;;
T;498_1;;;9100;;;;ЛОЖЬ;ЛОЖЬ;;498;;;;;;;;100 ms;5;;676;ЛОЖЬ;0;;;;;;;;;;;;;;Undefined;;;Delayed OFF with constant timer value;;;;;;;;;ЛОЖЬ;ИСТИНА;;;;;;;;;;;;;;;;;;;;;;;;
T;358_3;;;901-10;;;;ЛОЖЬ;ЛОЖЬ;;358;;;;;;;;100 ms;10;;276;ЛОЖЬ;0;;;;;;;;;;;;;;Undefined;491;3428;Delayed OFF with constant timer value;;;;;;;;;ЛОЖЬ;;;;;;;;;;;;;;;;;;;;;;;;;
DO;91TAHH108;;COM;901-10;A_C90111;AMM C9011001SX;No;ИСТИНА;ЛОЖЬ;;302;;;;;;;0;;;;1335;ИСТИНА;33862;None;;;;;;0=TRIP;;;;;;;Undefined;491;3428;;;;;;;;;;ЛОЖЬ;;;;;;;;;;;;;;;;;;;;;;Output;EPKS_UCB;ESD_912_1;622
DO;91PAHH091_CA;;COM;901-10;;CAUSE ALARM;No;ЛОЖЬ;ЛОЖЬ;;320;;;;;;;0;;;;1117;ЛОЖЬ;0;None;;;;;;0=ALARM;0=ALARM;;;;;;Undefined;;;;;;;;;;;;ЛОЖЬ;ИСТИНА;;;;;;;;;;;;;;;;;;;;;Output;EPKS_UCB;ESD_912_1;905
M;2470_M;;;;;Next Block;;ЛОЖЬ;ЛОЖЬ;;2470;;;;;;;0;;;;171;ЛОЖЬ;0;;;;;;;;;;;;;;Undefined;491;3428;;;;;;;;;;ЛОЖЬ;;;;;;;;;;;;;;;;;;;;;;;;;
M;606_4;;;901-10;;;;ЛОЖЬ;ЛОЖЬ;;606;;;;;;;0;;;;349;ЛОЖЬ;0;;;;;;;;;;;;;;Undefined;491;3428;;;;;;;;;;ЛОЖЬ;;;;;;;;;;;;;;;;;;;;;;;;;
M;C516_3_G;;;9100;9100;Function block marker;;ЛОЖЬ;ЛОЖЬ;;516;;;;;;;0;;;;1174;ЛОЖЬ;0;;;;;;;;;;;;;;Undefined;;;;;;;;;;;;ЛОЖЬ;ИСТИНА;;;;;;;;;;;;;;;;;;;;;;;;
M;608_188_1;;;901-10;;91PT829;;ЛОЖЬ;ЛОЖЬ;;188;;;;;;;0;;;;2010;ЛОЖЬ;0;;;;;;;1=MO CONFIRMED;;;;;;;Undefined;491;3428;;;;;;;;;;ЛОЖЬ;;;;;;;;;;;;;;;;;;;;;;;;;
M;C521_4_C;;;;;Function block marker;;ЛОЖЬ;ЛОЖЬ;;521;;;;;;;0;;;;2774;ЛОЖЬ;0;;;;;;;;;;;;;;Undefined;;;;;;;;;;;;ЛОЖЬ;ИСТИНА;;;;;;;;;;;;;;;;;;;;;;;;
BO;91PI820_L;;COM;901-10;A_C90111;LO ALARM SETPOINT;No;ЛОЖЬ;ЛОЖЬ;;610;;Float;;;;;0;;;;1100;;0;;None;None;None;None;;;;;;;;;-XXXXX.X;;;;;;;;;;;;ЛОЖЬ;ИСТИНА;;;;;;;;;;;;;;;;;;;;;Output;EPKS_UCB;ESD_912_1;10255
M;C320_3_G;;;9100;9100;Function block marker;;ЛОЖЬ;ЛОЖЬ;;320;;;;;;;0;;;;1430;ЛОЖЬ;0;;;;;;;;;;;;;;Undefined;;;;;;;;;;;;ЛОЖЬ;ИСТИНА;;;;;;;;;;;;;;;;;;;;;;;;
M;C604_5_E;;;9100;9100;Function block marker;;ЛОЖЬ;ЛОЖЬ;;604;;;;;;;0;;;;1163;ЛОЖЬ;0;;;;;;;;;;;;;;Undefined;;;;;;;;;;;;ЛОЖЬ;ИСТИНА;;;;;;;;;;;;;;;;;;;;;;;;
AI;91TI811A;;FLD;901-10;A_C90111;Тем-ра. Резервуар C-9011001SX;Yes;ИСТИНА;ЛОЖЬ;;618;ИСТИНА;Float;4-20mA;-50;100;°C;;;;;284;ЛОЖЬ;33663;;None;None;None;None;;;;;;;;;-XXXXX.X;3.76;21;;18.04;9;4;1;Top scale;;;;ЛОЖЬ;ИСТИНА;ЛОЖЬ;;;;;;;;;;;;;;;;;;;;Output;EPKS_UCB;ESD_912_1;10203
M;1510_5;;;;C9011001;;;ЛОЖЬ;ЛОЖЬ;;1510;;;;;;;0;;;;75;ЛОЖЬ;0;;;;;;;;;;;;;;Undefined;;;;;;;;;;;;ЛОЖЬ;ИСТИНА;;;;;;;;;;;;;;;;;;;;;;;;
DO;IB912_ESD1_F3;;COM;901-10;S_B91_2;IO FAULT;No;ИСТИНА;ЛОЖЬ;;17;;;;;;;0;;;;106;ИСТИНА;33863;None;;;;;;0=FAULT;;;;;;;Undefined;491;3428;;;;;;;;;;ЛОЖЬ;;;;;;;;;;;;;;;;;;;;;;Output;EPKS_UCB;ESD_912_1;681
M;C1520_1_J;;;;;Function block marker;;ЛОЖЬ;ЛОЖЬ;;1520;;;;;;;0;;;;944;ЛОЖЬ;0;;;;;;;;;;;;;;Undefined;;;;;;;;;;;;ЛОЖЬ;ИСТИНА;;;;;;;;;;;;;;;;;;;;;;;;
M;2460_D;;;;;LIMIT_CLOSE;;ЛОЖЬ;ЛОЖЬ;;2460;;;;;;;0;;;;144;ЛОЖЬ;0;;;;;;;;;;;;;;Undefined;491;3428;;;;;;;;;;ЛОЖЬ;;;;;;;;;;;;;;;;;;;;;;;;;
M;C598_4_F;;;9100;9100;Function block marker;;ЛОЖЬ;ЛОЖЬ;;598;;;;;;;0;;;;2793;ЛОЖЬ;0;;;;;;;;;;;;;;Undefined;;;;;;;;;;;;ЛОЖЬ;ИСТИНА;;;;;;;;;;;;;;;;;;;;;;;;
BO;91TI758_HH;;COM;901-10;A_C90111;HH TRIP SETPOINT;No;ИСТИНА;ЛОЖЬ;;516;;Float;;;;;0;;;;652;;34067;;;;;;;;;0;0;;;;-XXXXX.X;491;3428;;;;;;;;;;ЛОЖЬ;;;;;;;;;;;;;;;;;;;;;;Output;EPKS_UCB;ESD_912_1;10176
M;535_1510_2;;;;C9011001;91VAHH751_I;;ЛОЖЬ;ЛОЖЬ;;1510;;;;;;;0;;;;1662;ЛОЖЬ;0;;;;;;;0=TRIP;;;;;;;Undefined;;;;;;;;;;;;ЛОЖЬ;ИСТИНА;;;;;;;;;;;;;;;;;;;;;;;;
M;2432_G;;;;;0=TRIP;;ЛОЖЬ;ЛОЖЬ;;2432;;;;;;;0;;;;114;ЛОЖЬ;0;;;;;;;;;;;;;;Undefined;491;3428;;;;;;;;;;ЛОЖЬ;;;;;;;;;;;;;;;;;;;;;;;;;
DO;91LSLL804_MOC;;COM;;;MO CONFIRMED;No;ИСТИНА;ЛОЖЬ;;621;;;;;;;0;;;;473;ИСТИНА;33472;None;;;;;;1=CONFIRMED;;;;;;;Undefined;491;3428;;;;;;;;;;ЛОЖЬ;;;;;;;;;;;;;;;;;;;;;;Output;EPKS_UCB;ESD_912_1;481
DI;91TI811_MOR;;COM;901-10;A_C90111;MO REQUEST;No;ЛОЖЬ;ИСТИНА;;618;;;;;;;0;;;;2238;ЛОЖЬ;0;None;;;;;;1=REQUEST;;;;;;;Undefined;491;3428;;;;;;Freeze;;;;ЛОЖЬ;;;;ЛОЖЬ;;;;;;;;;;;;;;;;;;Input;EPKS_UCB;ESD_912_1;95
DO;91TAH761;;COM;901-10;A_C90111;HI ALARM;No;ЛОЖЬ;ЛОЖЬ;;496;;;;;;;0;;;;467;ЛОЖЬ;0;None;;;;;;0=ALARM;0=ALARM;;;;;;Undefined;;;;;;;;;;;;ЛОЖЬ;ИСТИНА;;;;;;;;;;;;;;;;;;;;;Output;EPKS_UCB;ESD_912_1;979
M;C315_1_E;;;;;Function block marker;;ЛОЖЬ;ЛОЖЬ;;315;;;;;;;0;;;;2668;ЛОЖЬ;0;;;;;;;;;;;;;;Undefined;;;;;;;;;;;;ЛОЖЬ;ИСТИНА;;;;;;;;;;;;;;;;;;;;;;;;
DO;91LALL052;;COM;901-10;A_90110;AMMONIA TO V-9011001S;No;ИСТИНА;ЛОЖЬ;;322;;;;;;;0;;;;1484;ИСТИНА;33864;None;;;;;;0=TRIP;;;;;;;Undefined;491;3428;;;;;;;;;;ЛОЖЬ;;;;;;;;;;;;;;;;;;;;;;Output;EPKS_UCB;ESD_912_1;484
M;C340_1_F;;;9100;9100;Function block marker;;ЛОЖЬ;ЛОЖЬ;;340;;;;;;;0;;;;2598;ЛОЖЬ;0;;;;;;;;;;;;;;Undefined;;;;;;;;;;;;ЛОЖЬ;ИСТИНА;;;;;;;;;;;;;;;;;;;;;;;;
DI;91HS058A_P;;COM;901-10;A_90110;91XV058 OPEN;No;ИСТИНА;ИСТИНА;;380;;;;;;;0;;;;2160;ЛОЖЬ;33434;None;;;;;;1=OPEN (MOM);;;;;;;Undefined;491;3428;;;;;;Low;;;;ЛОЖЬ;;;;ЛОЖЬ;;;;;;;;;;;;;;;;;;Input;EPKS_UCB;ESD_912_1;133
M;308_4;;;901-10;;;;ЛОЖЬ;ЛОЖЬ;;308;;;;;;;0;;;;415;ЛОЖЬ;0;;;;;;;;;;;;;;Undefined;491;3428;;;;;;;;;;ЛОЖЬ;;;;;;;;;;;;;;;;;;;;;;;;;
M;C346_3_E;;;9100;9100;Function block marker;;ЛОЖЬ;ЛОЖЬ;;346;;;;;;;0;;;;2726;ЛОЖЬ;0;;;;;;;;;;;;;;Undefined;;;;;;;;;;;;ЛОЖЬ;ИСТИНА;;;;;;;;;;;;;;;;;;;;;;;;
T;608_6;;;9100;;;;ЛОЖЬ;ЛОЖЬ;;608;;;;;;;;100 ms;5;;192;ЛОЖЬ;0;;;;;;;;;;;;;;Undefined;;;Delayed OFF with constant timer value;;;;;;;;;ЛОЖЬ;ИСТИНА;;;;;;;;;;;;;;;;;;;;;;;;
M;438_1;;;901-10;;;;ЛОЖЬ;ЛОЖЬ;;438;;;;;;;0;;;;1546;ЛОЖЬ;0;;;;;;;;;;;;;;Undefined;491;3428;;;;;;;;;;ЛОЖЬ;;;;;;;;;;;;;;;;;;;;;;;;;
M;C242_1;;;901-10;;Compiler marker (349, 132);;ЛОЖЬ;ЛОЖЬ;;242;;;;;;;0;;;;2120;ЛОЖЬ;0;;;;;;;;;;;;;;Undefined;491;3428;;;;;;;;;;ЛОЖЬ;;;;;;;;;;;;;;;;;;;;;;;;;
M;346_3;;;901-10;;;;ЛОЖЬ;ЛОЖЬ;;346;;;;;;;0;;;;384;ЛОЖЬ;0;;;;;;;;;;;;;;Undefined;491;3428;;;;;;;;;;ЛОЖЬ;;;;;;;;;;;;;;;;;;;;;;;;;
M;2450_C;;;;;Signal 3;;ЛОЖЬ;ЛОЖЬ;;2450;;;;;;;0;;;;136;ЛОЖЬ;0;;;;;;;;;;;;;;Undefined;491;3428;;;;;;;;;;ЛОЖЬ;;;;;;;;;;;;;;;;;;;;;;;;;
DO;91HY764A;;MCC;901-10;A_P90110;C-9011001AX OIL PUMP PM1;Yes;ИСТИНА;ЛОЖЬ;;534;;;;;;;0;;;;172;ИСТИНА;33526;None;;;;;;1=START;;;;;;;Undefined;491;3428;;18.06;11;5;1;Appl;;;;ЛОЖЬ;;;;;;;;;;;;;;;;;;;;;;Output;EPKS_UCB;ESD_912_1;755
DO;91LALL064;;COM;;;AMMONIA TO V-9011005;No;ИСТИНА;ЛОЖЬ;;335;;;;;;;0;;;;1562;ИСТИНА;33865;None;;;;;;0=TRIP;;;;;;;Undefined;491;3428;;;;;;;;;;ЛОЖЬ;;;;;;;;;;;;;;;;;;;;;;Output;EPKS_UCB;ESD_912_1;492
DO;91TI758_TF;;COM;901-10;A_C90111;TRANSM FAULT;No;ЛОЖЬ;ЛОЖЬ;;516;;;;;;;0;;;;1871;ИСТИНА;33866;None;;;;;;0=ALARM;;;;;;;Undefined;491;3428;;;;;;;;;;ЛОЖЬ;;;;;;;;;;;;;;;;;;;;;;Output;EPKS_UCB;ESD_912_1;654
M;C1506_1_H;;;;;Function block marker;;ЛОЖЬ;ЛОЖЬ;;1506;;;;;;;0;;;;978;ЛОЖЬ;0;;;;;;;;;;;;;;Undefined;;;;;;;;;;;;ЛОЖЬ;ИСТИНА;;;;;;;;;;;;;;;;;;;;;;;;
DO;91PAHH755_CA;;COM;901-10;;CAUSE ALARM;No;ЛОЖЬ;ЛОЖЬ;;506;;;;;;;0;;;;1126;ЛОЖЬ;0;None;;;;;;0=ALARM;0=ALARM;;;;;;Undefined;;;;;;;;;;;;ЛОЖЬ;ИСТИНА;;;;;;;;;;;;;;;;;;;;;Output;EPKS_UCB;ESD_912_1;914
DO;91PI779_TF;;COM;901-10;A_C90111;TRANSM FAULT;No;ЛОЖЬ;ЛОЖЬ;;508;;;;;;;0;;;;1817;ИСТИНА;33867;None;;;;;;0=ALARM;;;;;;;Undefined;491;3428;;;;;;;;;;ЛОЖЬ;;;;;;;;;;;;;;;;;;;;;;Output;EPKS_UCB;ESD_912_1;609
T;505_4;;;;;;;ЛОЖЬ;ЛОЖЬ;;505;;;;;;;;100 ms;5;;88;ЛОЖЬ;0;;;;;;;;;;;;;;Undefined;;;Delayed OFF with constant timer value;;;;;;;;;ЛОЖЬ;ИСТИНА;;;;;;;;;;;;;;;;;;;;;;;;
DO;91LAHH493C_P;;COM;901-05;A_90105;INDICATION LIGHT;No;ИСТИНА;ЛОЖЬ;;242;;;;;;;0;;;;1291;ЛОЖЬ;34068;None;;;;;;1=ACTIVE;;;;;;;Undefined;491;3428;;;;;;;;;;ЛОЖЬ;;;;;;;;;;;;;;;;;;Output;CC_UCB_1;ESD_912_1;72;;;;
M;C616_3_G;;;9100;9100;Function block marker;;ЛОЖЬ;ЛОЖЬ;;616;;;;;;;0;;;;1144;ЛОЖЬ;0;;;;;;;;;;;;;;Undefined;;;;;;;;;;;;ЛОЖЬ;ИСТИНА;;;;;;;;;;;;;;;;;;;;;;;;
DO;91TAH753;;COM;901-10;A_C90111;HI ALARM;No;ЛОЖЬ;ЛОЖЬ;;514;;;;;;;0;;;;1344;ЛОЖЬ;0;None;;;;;;0=ALARM;0=ALARM;;;;;;Undefined;;;;;;;;;;;;ЛОЖЬ;ИСТИНА;;;;;;;;;;;;;;;;;;;;;Output;EPKS_UCB;ESD_912_1;995
M;C322_1_E;;;9100;9100;Function block marker;;ЛОЖЬ;ЛОЖЬ;;322;;;;;;;0;;;;2057;ЛОЖЬ;0;;;;;;;;;;;;;;Undefined;491;3428;;;;;;;;;;ЛОЖЬ;;;;;;;;;;;;;;;;;;;;;;;;;
M;348_1506_4;;;9100;;91FALL029B_I;;ЛОЖЬ;ЛОЖЬ;;1506;;;;;;;0;;;;92;ЛОЖЬ;0;;;;;;;0=TRIP INITIATOR;;;;;;;Undefined;;;;;;;;;;;;ЛОЖЬ;ИСТИНА;;;;;;;;;;;;;;;;;;;;;;;;
DO;91LSLL804A_CA;;COM;;;CAUSE ALARM;No;ЛОЖЬ;ЛОЖЬ;;621;;;;;;;0;;;;2757;ЛОЖЬ;0;None;;;;;;0=ALARM;0=ALARM;;;;;;Undefined;;;;;;;;;;;;ЛОЖЬ;ИСТИНА;;;;;;;;;;;;;;;;;;;;;Output;EPKS_UCB;ESD_912_1;975
M;C612_5_G;;;9100;9100;Function block marker;;ЛОЖЬ;ЛОЖЬ;;612;;;;;;;0;;;;2593;ЛОЖЬ;0;;;;;;;;;;;;;;Undefined;;;;;;;;;;;;ЛОЖЬ;ИСТИНА;;;;;;;;;;;;;;;;;;;;;;;;
BO;91LI064_HH;;COM;901-10;A_90110;HH TRIP SETPOINT (%);No;ИСТИНА;ЛОЖЬ;;334;;Float;;;;;0;;;;624;;34069;;;;;;;;;0;0;;;;-XXXXX.X;491;3428;;;;;;;;;;ЛОЖЬ;;;;;;;;;;;;;;;;;;;;;;Output;EPKS_UCB;ESD_912_1;10130
R;318_319_3;;;;;91PI084;;ЛОЖЬ;ЛОЖЬ;;319;;Float;;;;;0;;;;96;ЛОЖЬ;0;;;;;;;;;;;;;;Undefined;;;;;;;;;;;;ЛОЖЬ;ИСТИНА;;;;;;;;;;;;;;;;;;;;;;;;
DO;91XY055_C;;COM;9100;A_90110;INLET VALVE CTRL 91XV055;No;ИСТИНА;ЛОЖЬ;;374;;;;;;;0;;;;746;ИСТИНА;33415;None;;;;;;1=CLOSE;;;;;;;Undefined;491;3428;;;;;;;;;;ЛОЖЬ;;;;;;;;;;;;;;;;;;;;;;Output;EPKS_UCB;ESD_912_1;731
M;518_1504_2;;;9100;;91TAHH761_I;;ЛОЖЬ;ЛОЖЬ;;1504;;;;;;;0;;;;88;ЛОЖЬ;0;;;;;;;0=TRIP INITIATOR;;;;;;;Undefined;;;;;;;;;;;;ЛОЖЬ;ИСТИНА;;;;;;;;;;;;;;;;;;;;;;;;
DI;00XS912EMC01;;MAR;901-10;S_B91_2;IB-91-2 COMM ALARM EMC01;Yes;ИСТИНА;ЛОЖЬ;;18;;;;;;;;;;;53;ИСТИНА;33527;None;;;;;;0=ALARM;;;;;;;Undefined;491;3428;;18.03;7;14;1;Low;;;;ЛОЖЬ;;;;ЛОЖЬ;;;;;;;;;;;;;;;;;;Output;EPKS_UCB;ESD_912_1;715
DO;91PDAHH804A_P;;COM;901-10;A_C90111;INDICATION LIGHT;No;ИСТИНА;ЛОЖЬ;;602;;;;;;;0;;;;542;ЛОЖЬ;34070;None;;;;;;1=ACTIVE;;;;;;;Undefined;491;3428;;;;;;;;;;ЛОЖЬ;;;;;;;;;;;;;;;;;;Output;CC_UCB_1;ESD_912_1;88;;;;
M;C248_1_E;;;4300;4300;Function block marker;;ЛОЖЬ;ЛОЖЬ;;248;;;;;;;0;;;;2108;ЛОЖЬ;0;;;;;;;;;;;;;;Undefined;491;3428;;;;;;;;;;ЛОЖЬ;;;;;;;;;;;;;;;;;;;;;;;;;
M;354_1520_4;;;9100;;91FALL031B_I;;ЛОЖЬ;ЛОЖЬ;;1520;;;;;;;0;;;;887;ЛОЖЬ;0;;;;;;;0=TRIP INITIATOR;;;;;;;Undefined;;;;;;;;;;;;ЛОЖЬ;ИСТИНА;;;;;;;;;;;;;;;;;;;;;;;;
DI;91PI063_MOR;;COM;901-10;A_90110;MO REQUEST;No;ЛОЖЬ;ИСТИНА;;310;;;;;;;0;;;;2212;ЛОЖЬ;0;None;;;;;;1=REQUEST;;;;;;;Undefined;491;3428;;;;;;Freeze;;;;ЛОЖЬ;;;;ЛОЖЬ;;;;;;;;;;;;;;;;;;Input;EPKS_UCB;ESD_912_1;69
DI;91HS190B;;PNL;901-10;A_P90110;STOP OF PUMPS 91HS190;Yes;ИСТИНА;ЛОЖЬ;;342;;;;;;;;;;;42;ИСТИНА;33528;None;;;;;;0=TRIP;;;;;;;Undefined;491;3428;;18.03;5;3;1;Low;;;;ЛОЖЬ;;;;ЛОЖЬ;;;;;;;;;;;;;;;;;;Output;EPKS_UCB;ESD_912_1;724
DO;91XY054;;FLD;901-10;A_90110;INLET VALVE CTRL 91XV054;Yes;ИСТИНА;ЛОЖЬ;;372;;;;;;;0;;;;19;ИСТИНА;33529;None;;;;;;1=OPEN;;;;;;;Undefined;491;3428;;18.05;1;4;1;Appl;;;;ЛОЖЬ;;;;;;;;;;;;;;;;;;;;;;Output;EPKS_UCB;ESD_912_1;730
R;240_246_3;;;901-10;;91LI493;;ЛОЖЬ;ЛОЖЬ;;246;;Float;;;;;0;;;;420;ЛОЖЬ;0;;;;;;;;;;;;;;Undefined;491;3428;;;;;;;;;;ЛОЖЬ;;;;;;;;;;;;;;;;;;;;;;;;;
M;382_1;;;901-10;;;;ЛОЖЬ;ЛОЖЬ;;382;;;;;;;0;;;;1625;ЛОЖЬ;0;;;;;;;;;;;;;;Undefined;491;3428;;;;;;;;;;ЛОЖЬ;;;;;;;;;;;;;;;;;;;;;;;;;
M;C624_2_D;;;9100;9100;Function block marker;;ЛОЖЬ;ЛОЖЬ;;624;;;;;;;0;;;;2076;ЛОЖЬ;0;;;;;;;;;;;;;;Undefined;;;;;;;;;;;;ЛОЖЬ;ИСТИНА;;;;;;;;;;;;;;;;;;;;;;;;
M;320_4;;;901-10;;;;ЛОЖЬ;ЛОЖЬ;;320;;;;;;;0;;;;403;ЛОЖЬ;0;;;;;;;;;;;;;;Undefined;491;3428;;;;;;;;;;ЛОЖЬ;;;;;;;;;;;;;;;;;;;;;;;;;
DO;91HS850_MOD;;COM;901-05;A_90105;ESD MOS EN AREA 901-05;No;ИСТИНА;ЛОЖЬ;;167;;;;;;;0;;;;202;ИСТИНА;33540;None;;;;;;1=NOT ENABLE;;;;;;;Undefined;491;3428;;;;;;;;;;ЛОЖЬ;;;;;;;;;;;;;;;;;;;;;;Output;EPKS_UCB;ESD_912_1;672
T;514_2;;;9100;;;;ЛОЖЬ;ЛОЖЬ;;514;;;;;;;;100 ms;5;;592;ЛОЖЬ;0;;;;;;;;;;;;;;Undefined;;;Delayed OFF with constant timer value;;;;;;;;;ЛОЖЬ;ИСТИНА;;;;;;;;;;;;;;;;;;;;;;;;
DO;91PAHH801_CA;;COM;901-10;A_C90111;CAUSE ALARM;No;ЛОЖЬ;ЛОЖЬ;;604;;;;;;;0;;;;1129;ЛОЖЬ;0;None;;;;;;0=ALARM;0=ALARM;;;;;;Undefined;;;;;;;;;;;;ЛОЖЬ;ИСТИНА;;;;;;;;;;;;;;;;;;;;;Output;EPKS_UCB;ESD_912_1;917
M;336_337_4;;;;;91LT066_F;;ЛОЖЬ;ЛОЖЬ;;337;;;;;;;0;;;;2579;ЛОЖЬ;0;;;;;;;1=FAULT;;;;;;;Undefined;;;;;;;;;;;;ЛОЖЬ;ИСТИНА;;;;;;;;;;;;;;;;;;;;;;;;
M;635_622_2;;;9100;;91VAHH801_I;;ЛОЖЬ;ЛОЖЬ;;622;;;;;;;0;;;;1768;ЛОЖЬ;0;;;;;;;0=TRIP;;;;;;;Undefined;;;;;;;;;;;;ЛОЖЬ;ИСТИНА;;;;;;;;;;;;;;;;;;;;;;;;
M;C346_1_E;;;9100;9100;Function block marker;;ЛОЖЬ;ЛОЖЬ;;346;;;;;;;0;;;;1214;ЛОЖЬ;0;;;;;;;;;;;;;;Undefined;;;;;;;;;;;;ЛОЖЬ;ИСТИНА;;;;;;;;;;;;;;;;;;;;;;;;
M;521_1;;;;;;;ЛОЖЬ;ЛОЖЬ;;521;;;;;;;0;;;;2740;ЛОЖЬ;0;;;;;;;;;;;;;;Undefined;;;;;;;;;;;;ЛОЖЬ;ИСТИНА;;;;;;;;;;;;;;;;;;;;;;;;
M;C400_2;;;9100;9100;Compiler marker (256, 91);;ЛОЖЬ;ЛОЖЬ;;400;;;;;;;0;;;;1079;ЛОЖЬ;0;;;;;;;;;;;;;;Undefined;;;;;;;;;;;;ЛОЖЬ;ИСТИНА;;;;;;;;;;;;;;;;;;;;;;;;
M;C300_4_D;;;9100;9100;Function block marker;;ЛОЖЬ;ЛОЖЬ;;300;;;;;;;0;;;;2613;ЛОЖЬ;0;;;;;;;;;;;;;;Undefined;;;;;;;;;;;;ЛОЖЬ;ИСТИНА;;;;;;;;;;;;;;;;;;;;;;;;
DO;91XY043_C;;COM;9100;;AUTO CLOSURE 91XV043;No;ИСТИНА;ЛОЖЬ;;414;;;;;;;0;;;;736;ИСТИНА;33541;None;;;;;;0=CLOSE;;;;;;;Undefined;491;3428;;;;;;;;;;ЛОЖЬ;;;;;;;;;;;;;;;;;;;;;;Output;EPKS_UCB;ESD_912_1;769
M;240_180_1;;;901-10;;91LT493;;ЛОЖЬ;ЛОЖЬ;;180;;;;;;;0;;;;1231;ЛОЖЬ;0;;;;;;;1=MO CONFIRMED;;;;;;;Undefined;491;3428;;;;;;;;;;ЛОЖЬ;;;;;;;;;;;;;;;;;;;;;;;;;
M;C312_1_E;;;9100;9100;Function block marker;;ЛОЖЬ;ЛОЖЬ;;312;;;;;;;0;;;;2080;ЛОЖЬ;0;;;;;;;;;;;;;;Undefined;491;3428;;;;;;;;;;ЛОЖЬ;;;;;;;;;;;;;;;;;;;;;;;;;
DO;91XY087;;MCC;901-10;A_90110;AUTO CLOSURE 91XV087;Yes;ИСТИНА;ЛОЖЬ;;454;;;;;;;0;;;;137;ЛОЖЬ;33530;None;;;;;;1=CLOSE;;;;;;;Undefined;491;3428;;18.06;7;2;1;Appl;;;;ЛОЖЬ;;;;;;;;;;;;;;;;;;;;;;;;;
M;C342_1_D;;;9100;9100;Function block marker;;ЛОЖЬ;ЛОЖЬ;;342;;;;;;;0;;;;1944;ЛОЖЬ;0;;;;;;;;;;;;;;Undefined;491;3428;;;;;;;;;;ЛОЖЬ;;;;;;;;;;;;;;;;;;;;;;;;;
DI;18-Flasher-5Hz;;SYS;;;5 HZ FLASHER;No;ЛОЖЬ;;;0;;;;;;;;;;;30;ЛОЖЬ;0;None;;;;;;;;;;;;;Undefined;491;3428;;;;;;;;;;ЛОЖЬ;;;;ЛОЖЬ;;;;;;;;;;;;;;;;;;;;;
DO;91VAHH752;;COM;901-10;A_90110;TRIP INITIATOR;No;ИСТИНА;ЛОЖЬ;;534;;;;;;;0;;;;461;ИСТИНА;33577;None;;;;;;0=TRIP;;;;;;;Undefined;491;3428;;;;;;;;;;ЛОЖЬ;;;;;;;;;;;;;;;;;;;;;;Output;EPKS_UCB;ESD_912_1;677
M;604_605_1;;;;;91PT802;;ЛОЖЬ;ЛОЖЬ;;605;;;;;;;0;;;;1689;ЛОЖЬ;0;;;;;;;1=MO CONFIRMED;;;;;;;Undefined;;;;;;;;;;;;ЛОЖЬ;ИСТИНА;;;;;;;;;;;;;;;;;;;;;;;;
M;314_442_2;;;901-10;;91PAHH076_I;;ЛОЖЬ;ЛОЖЬ;;442;;;;;;;0;;;;1673;ЛОЖЬ;0;;;;;;;0=TRIP INITIATOR;;;;;;;Undefined;491;3428;;;;;;;;;;ЛОЖЬ;;;;;;;;;;;;;;;;;;;;;;;;;
M;248_4;;;901-10;;;;ЛОЖЬ;ЛОЖЬ;;248;;;;;;;0;;;;427;ЛОЖЬ;0;;;;;;;;;;;;;;Undefined;491;3428;;;;;;;;;;ЛОЖЬ;;;;;;;;;;;;;;;;;;;;;;;;;
DI;91FI029B_MOR;;COM;901-10;A_90110;MO REQUEST;No;ЛОЖЬ;ИСТИНА;;348;;;;;;;0;;;;2145;ЛОЖЬ;0;None;;;;;;1=REQUEST;;;;;;;Undefined;491;3428;;;;;;Freeze;;;;ЛОЖЬ;;;;ЛОЖЬ;;;;;;;;;;;;;;;;;;Input;EPKS_UCB;ESD_912_1;2
DO;91LAH493A_P;;COM;901-05;A_90105;INDICATION LIGHT;No;ИСТИНА;ЛОЖЬ;;252;;;;;;;0;;;;1529;ЛОЖЬ;34071;None;;;;;;1=ACTIVE;;;;;;;Undefined;491;3428;;;;;;;;;;ЛОЖЬ;;;;;;;;;;;;;;;;;;Output;CC_UCB_1;ESD_912_1;71;;;;
T;621_2;;;;;;;ЛОЖЬ;ЛОЖЬ;;621;;;;;;;;100 ms;5;;944;ЛОЖЬ;0;;;;;;;;;;;;;;Undefined;;;Delayed OFF with constant timer value;;;;;;;;;ЛОЖЬ;ИСТИНА;;;;;;;;;;;;;;;;;;;;;;;;
DO;91TI990_MOC;;COM;901-10;A_90110;MO CONFIRMED;No;ИСТИНА;ЛОЖЬ;;306;;;;;;;0;;;;1359;ИСТИНА;33870;None;;;;;;1=CONFIRMED;;;;;;;Undefined;491;3428;;;;;;;;;;ЛОЖЬ;;;;;;;;;;;;;;;;;;;;;;Output;EPKS_UCB;ESD_912_1;669
T;602_4;;;901-10;;;;ЛОЖЬ;ЛОЖЬ;;602;;;;;;;;100 ms;5;;376;ЛОЖЬ;0;;;;;;;;;;;;;;Undefined;491;3428;Delayed OFF with constant timer value;;;;;;;;;ЛОЖЬ;;;;;;;;;;;;;;;;;;;;;;;;;
DO;91LALL495C_P;;COM;901-05;A_90105;INDICATION LIGHT;No;ИСТИНА;ЛОЖЬ;;250;;;;;;;0;;;;2128;ЛОЖЬ;34072;None;;;;;;1=ACTIVE;;;;;;;Undefined;491;3428;;;;;;;;;;ЛОЖЬ;;;;;;;;;;;;;;;;;;Output;CC_UCB_1;ESD_912_1;77;;;;
M;342_364_3;;;901-10;;EMERGENCY OFF PUMP;;ЛОЖЬ;ЛОЖЬ;;364;;;;;;;0;;;;1499;ЛОЖЬ;0;;;;;;;0=TRIP;;;;;;;Undefined;491;3428;;;;;;;;;;ЛОЖЬ;;;;;;;;;;;;;;;;;;;;;;;;;
M;636_1522_2;;;9100;;91HS807_P_I;;ЛОЖЬ;ЛОЖЬ;;1522;;;;;;;0;;;;902;ЛОЖЬ;0;;;;;;;1=RESET;;;;;;;Undefined;;;;;;;;;;;;ЛОЖЬ;ИСТИНА;;;;;;;;;;;;;;;;;;;;;;;;
R;2457_B;;;;;Input 2;;ЛОЖЬ;ЛОЖЬ;;2457;;Float;;;;;0;;;;112;ЛОЖЬ;0;;;;;;;;;;;;;;Undefined;491;3428;;;;;;;;;;ЛОЖЬ;;;;;;;;;;;;;;;;;;;;;;;;;
M;1518_4;;;;C9011001;;;ЛОЖЬ;ЛОЖЬ;;1518;;;;;;;0;;;;845;ЛОЖЬ;0;;;;;;;;;;;;;;Undefined;;;;;;;;;;;;ЛОЖЬ;ИСТИНА;;;;;;;;;;;;;;;;;;;;;;;;
DO;91PI822_TF;;COM;901-10;A_C90111;TRANSM FAULT;No;ЛОЖЬ;ЛОЖЬ;;606;;;;;;;0;;;;2007;ИСТИНА;33872;None;;;;;;0=ALARM;;;;;;;Undefined;491;3428;;;;;;;;;;ЛОЖЬ;;;;;;;;;;;;;;;;;;;;;;Output;EPKS_UCB;ESD_912_1;613
DI;91HS073B;;COM;901-10;A_90110;91XV073 CLOSE;No;ЛОЖЬ;ИСТИНА;;398;;;;;;;0;;;;2190;ЛОЖЬ;0;None;;;;;;1=CLOSE (MOM);;;;;;;Undefined;;;;;;;;Low;;;;ЛОЖЬ;ИСТИНА;;;ЛОЖЬ;;;;;;;;;;;;;;;;;;Input;EPKS_UCB;ESD_912_1;152
AI;91LI076;;FLD;901-10;A_90110;Уровень. в V-9011009S;Yes;ИСТИНА;ЛОЖЬ;;340;ИСТИНА;Float;4-20mA;0;100;%;;;;;368;ЛОЖЬ;33658;;None;None;None;None;;;;;;;;;-XXXXX.X;3.64;22;;18.04;11;8;1;Top scale;;;;ЛОЖЬ;ИСТИНА;ЛОЖЬ;;;;;;;;;;;;;;;;;;;;Output;EPKS_UCB;ESD_912_1;10221
DO;91LALL066_CA;;COM;;;CAUSE ALARM;No;ЛОЖЬ;ЛОЖЬ;;337;;;;;;;0;;;;1579;ЛОЖЬ;0;None;;;;;;0=ALARM;;;;;;;Undefined;491;3428;;;;;;;;;;ЛОЖЬ;;;;;;;;;;;;;;;;;;;;;;Output;EPKS_UCB;ESD_912_1;495
M;394_1;;;901-10;;;;ЛОЖЬ;ЛОЖЬ;;394;;;;;;;0;;;;1677;ЛОЖЬ;0;;;;;;;;;;;;;;Undefined;491;3428;;;;;;;;;;ЛОЖЬ;;;;;;;;;;;;;;;;;;;;;;;;;
BO;91PI081_HH;;COM;901-10;A_90110;HH TRIP SETPOINT (MPa-g);No;ИСТИНА;ЛОЖЬ;;316;;Float;;;;;0;;;;520;;34073;;;;;;;;;0;0;;;;-XXXXX.X;491;3428;;;;;;;;;;ЛОЖЬ;;;;;;;;;;;;;;;;;;;;;;Output;EPKS_UCB;ESD_912_1;10154
M;C1524_1_L;;;;;Function block marker;;ЛОЖЬ;ЛОЖЬ;;1524;;;;;;;0;;;;934;ЛОЖЬ;0;;;;;;;;;;;;;;Undefined;;;;;;;;;;;;ЛОЖЬ;ИСТИНА;;;;;;;;;;;;;;;;;;;;;;;;
M;500_536_2;;;9100;;91LAHH752_I;;ЛОЖЬ;ЛОЖЬ;;536;;;;;;;0;;;;1926;ЛОЖЬ;0;;;;;;;0=TRIP INITIATOR;;;;;;;Undefined;491;3428;;;;;;;;;;ЛОЖЬ;;;;;;;;;;;;;;;;;;;;;;;;;
M;628_630_1;;;901-10;;CAPACITY 25%;;ЛОЖЬ;ЛОЖЬ;;630;;;;;;;0;;;;446;ЛОЖЬ;0;;;;;;;1=ACTIVE;;;;;;;Undefined;491;3428;;;;;;;;;;ЛОЖЬ;;;;;;;;;;;;;;;;;;;;;;;;;
R;500_501_4;;;;;91LI751;;ЛОЖЬ;ЛОЖЬ;;501;;Float;;;;;0;;;;816;ЛОЖЬ;0;;;;;;;;;;;;;;Undefined;;;;;;;;;;;;ЛОЖЬ;ИСТИНА;;;;;;;;;;;;;;;;;;;;;;;;
M;394_2;;;9100;;;;ЛОЖЬ;ЛОЖЬ;;394;;;;;;;0;;;;780;ЛОЖЬ;0;;;;;;;;;;;;;;Undefined;491;3428;;;;;;;;;;ЛОЖЬ;;;;;;;;;;;;;;;;;;;;;;;;;
DO;91LALL054_CA;;COM;;;CAUSE ALARM;No;ЛОЖЬ;ЛОЖЬ;;325;;;;;;;0;;;;1093;ЛОЖЬ;0;None;;;;;;0=ALARM;0=ALARM;;;;;;Undefined;;;;;;;;;;;;ЛОЖЬ;ИСТИНА;;;;;;;;;;;;;;;;;;;;;Output;EPKS_UCB;ESD_912_1;881
M;C1522_1_L;;;;;Function block marker;;ЛОЖЬ;ЛОЖЬ;;1522;;;;;;;0;;;;940;ЛОЖЬ;0;;;;;;;;;;;;;;Undefined;;;;;;;;;;;;ЛОЖЬ;ИСТИНА;;;;;;;;;;;;;;;;;;;;;;;;
M;612_188_1;;;901-10;;91TT802;;ЛОЖЬ;ЛОЖЬ;;188;;;;;;;0;;;;2021;ЛОЖЬ;0;;;;;;;1=MO CONFIRMED;;;;;;;Undefined;491;3428;;;;;;;;;;ЛОЖЬ;;;;;;;;;;;;;;;;;;;;;;;;;
DO;91LAHH055;;COM;901-10;A_90110;AMMONIA TO V-9011001A;No;ИСТИНА;ЛОЖЬ;;324;;;;;;;0;;;;1497;ИСТИНА;33874;None;;;;;;0=TRIP;;;;;;;Undefined;491;3428;;;;;;;;;;ЛОЖЬ;;;;;;;;;;;;;;;;;;;;;;Output;EPKS_UCB;ESD_912_1;457
DO;91XY078_C;;COM;9100;;AUTO CLOSURE 91XV078;No;ИСТИНА;ЛОЖЬ;;440;;;;;;;0;;;;637;ИСТИНА;33570;None;;;;;;0=CLOSE;;;;;;;Undefined;491;3428;;;;;;;;;;ЛОЖЬ;;;;;;;;;;;;;;;;;;;;;;Output;EPKS_UCB;ESD_912_1;782
M;2460_4;;;901-10;;;;ЛОЖЬ;ЛОЖЬ;;2460;;;;;;;0;;;;186;ЛОЖЬ;0;;;;;;;;;;;;;;Undefined;491;3428;;;;;;;;;;ЛОЖЬ;;;;;;;;;;;;;;;;;;;;;;;;;
M;340_184_1;;;901-10;;91LT077;;ЛОЖЬ;ЛОЖЬ;;184;;;;;;;0;;;;1608;ЛОЖЬ;0;;;;;;;1=MO CONFIRMED;;;;;;;Undefined;491;3428;;;;;;;;;;ЛОЖЬ;;;;;;;;;;;;;;;;;;;;;;;;;
M;512_1;;;901-10;;;;ЛОЖЬ;ЛОЖЬ;;512;;;;;;;0;;;;1837;ЛОЖЬ;0;;;;;;;;;;;;;;Undefined;491;3428;;;;;;;;;;ЛОЖЬ;;;;;;;;;;;;;;;;;;;;;;;;;
T;298_3;;;9100;;;;ЛОЖЬ;ЛОЖЬ;;298;;;;;;;;100 ms;5;;684;ЛОЖЬ;0;;;;;;;;;;;;;;Undefined;;;Delayed OFF with constant timer value;;;;;;;;;ЛОЖЬ;ИСТИНА;;;;;;;;;;;;;;;;;;;;;;;;
T;508_1;;;9100;;;;ЛОЖЬ;ЛОЖЬ;;508;;;;;;;;100 ms;5;;564;ЛОЖЬ;0;;;;;;;;;;;;;;Undefined;;;Delayed OFF with constant timer value;;;;;;;;;ЛОЖЬ;ИСТИНА;;;;;;;;;;;;;;;;;;;;;;;;
DO;91LI067_TF;;COM;9100;;TRANSM FAULT;No;ЛОЖЬ;ЛОЖЬ;;338;;;;;;;0;;;;2594;ИСТИНА;33858;None;;;;;;0=ALARM;0=ALARM;;;;;;Undefined;;;;;;;;;;;;ЛОЖЬ;ИСТИНА;;;;;;;;;;;;;;;;;;;;;Output;EPKS_UCB;ESD_912_1;950
DO;91PI050_MOC;;COM;901-10;A_90110;MO CONFIRMED;No;ИСТИНА;ЛОЖЬ;;438;;;;;;;0;;;;1592;ИСТИНА;33875;None;;;;;;1=CONFIRMED;;;;;;;Undefined;491;3428;;;;;;;;;;ЛОЖЬ;;;;;;;;;;;;;;;;;;;;;;Output;EPKS_UCB;ESD_912_1;587
M;520_182_3;;;901-10;;91ZSLL751_I;;ЛОЖЬ;ЛОЖЬ;;182;;;;;;;0;;;;476;ЛОЖЬ;0;;;;;;;1=MO CONFIRMED;;;;;;;Undefined;491;3428;;;;;;;;;;ЛОЖЬ;;;;;;;;;;;;;;;;;;;;;;;;;
M;521_522_1;;;9100;;91LALL754_I;;ЛОЖЬ;ЛОЖЬ;;522;;;;;;;0;;;;2747;ЛОЖЬ;0;;;;;;;0=TRIP;;;;;;;Undefined;;;;;;;;;;;;ЛОЖЬ;ИСТИНА;;;;;;;;;;;;;;;;;;;;;;;;
DI;91HS005A11;;PNL;901-10;A_90110;COMP STOP C-9011001SX;Yes;ИСТИНА;ЛОЖЬ;;358;;;;;;;;;;;25;ИСТИНА;33531;None;;;;;;0=TRIP;;;;;;;Undefined;491;3428;;18.03;3;2;1;Low;;;;ЛОЖЬ;;;;ЛОЖЬ;;;;;;;;;;;;;;;;;;Output;EPKS_UCB;ESD_912_1;721
DO;91FI031B_MOC;;COM;901-10;A_90110;MO CONFIRMED;No;ИСТИНА;ЛОЖЬ;;354;;;;;;;0;;;;1405;ИСТИНА;33876;None;;;;;;1=CONFIRMED;;;;;;;Undefined;491;3428;;;;;;;;;;ЛОЖЬ;;;;;;;;;;;;;;;;;;;;;;Output;EPKS_UCB;ESD_912_1;432
DI;91PI829_MOR;;COM;901-10;A_C90111;MO REQUEST;No;ЛОЖЬ;ИСТИНА;;608;;;;;;;0;;;;2228;ЛОЖЬ;0;None;;;;;;1=REQUEST;;;;;;;Undefined;491;3428;;;;;;Freeze;;;;ЛОЖЬ;;;;ЛОЖЬ;;;;;;;;;;;;;;;;;;Input;EPKS_UCB;ESD_912_1;85
DO;91PALL050_CA;;COM;901-10;A_90110;CAUSE ALARM;No;ЛОЖЬ;ЛОЖЬ;;438;;;;;;;0;;;;1519;ЛОЖЬ;0;None;;;;;;0=ALARM;;;;;;;Undefined;491;3428;;;;;;;;;;ЛОЖЬ;;;;;;;;;;;;;;;;;;;;;;Output;EPKS_UCB;ESD_912_1;554
DO;91XY094A_C;;COM;9100;;AUTO OPENING 91XV094;No;ИСТИНА;ЛОЖЬ;;462;;;;;;;0;;;;651;ИСТИНА;33587;None;;;;;;0=OPEN;;;;;;;Undefined;491;3428;;;;;;;;;;ЛОЖЬ;;;;;;;;;;;;;;;;;;;;;;Output;EPKS_UCB;ESD_912_1;794
M;C634_1_C;;;9100;9100;Function block marker;;ЛОЖЬ;ЛОЖЬ;;634;;;;;;;0;;;;573;ЛОЖЬ;0;;;;;;;;;;;;;;Undefined;491;3428;;;;;;;;;;ЛОЖЬ;;;;;;;;;;;;;;;;;;;;;;;;;
AI;91PI752;;FLD;901-10;A_C90111;C-9011001AX TECH GAS IN;Yes;ИСТИНА;ЛОЖЬ;;504;ИСТИНА;Float;4-20mA;0;1.6;MPa-g;;;;;16;ЛОЖЬ;33974;;None;None;None;None;;;;-0.4;-0.4;;;;-XXXXX.X;3.64;22;;18.04;1;5;1;Bottom scale;;;;ЛОЖЬ;;ЛОЖЬ;;;;;;;;;;;;;;;;;;;;Output;EPKS_UCB;ESD_912_1;10092
M;C634_1_A;;;9100;9100;Compiler marker;;ЛОЖЬ;ЛОЖЬ;;634;;;;;;;0;;;;1050;ЛОЖЬ;0;;;;;;;;;;;;;;Undefined;;;;;;;;;;;;ЛОЖЬ;ИСТИНА;;;;;;;;;;;;;;;;;;;;;;;;
M;2456_C;;;;;Trip 3;;ЛОЖЬ;ЛОЖЬ;;2456;;;;;;;0;;;;135;ЛОЖЬ;0;;;;;;;;;;;;;;Undefined;491;3428;;;;;;;;;;ЛОЖЬ;;;;;;;;;;;;;;;;;;;;;;;;;
DO;91TI107_TF;;COM;901-10;A_C90111;TRANSM FAULT;No;ЛОЖЬ;ЛОЖЬ;;302;;;;;;;0;;;;2597;ИСТИНА;33842;None;;;;;;0=ALARM;0=ALARM;;;;;;Undefined;;;;;;;;;;;;ЛОЖЬ;ИСТИНА;;;;;;;;;;;;;;;;;;;;;Output;EPKS_UCB;ESD_912_1;953
M;C624_1_D;;;9100;9100;Function block marker;;ЛОЖЬ;ЛОЖЬ;;624;;;;;;;0;;;;581;ЛОЖЬ;0;;;;;;;;;;;;;;Undefined;491;3428;;;;;;;;;;ЛОЖЬ;;;;;;;;;;;;;;;;;;;;;;;;;
DO;91VSHH802_MOC;;COM;901-10;A_C90111;MO CONFIRMED;No;ЛОЖЬ;ЛОЖЬ;;634;;;;;;;0;;;;1047;ИСТИНА;33419;None;;;;;;1=CONFIRMED;;;;;;;Undefined;;;;;;;;;;;;ЛОЖЬ;ИСТИНА;;;;;;;;;;;;;;;;;;;;;Output;EPKS_UCB;ESD_912_1;608
M;C1514_1_H;;;;;Function block marker;;ЛОЖЬ;ЛОЖЬ;;1514;;;;;;;0;;;;960;ЛОЖЬ;0;;;;;;;;;;;;;;Undefined;;;;;;;;;;;;ЛОЖЬ;ИСТИНА;;;;;;;;;;;;;;;;;;;;;;;;
M;536_4;;;9100;;;;ЛОЖЬ;ЛОЖЬ;;536;;;;;;;0;;;;624;ЛОЖЬ;0;;;;;;;;;;;;;;Undefined;491;3428;;;;;;;;;;ЛОЖЬ;;;;;;;;;;;;;;;;;;;;;;;;;
M;C340_2_B;;;9100;9100;Function block marker;;ЛОЖЬ;ЛОЖЬ;;340;;;;;;;0;;;;1948;ЛОЖЬ;0;;;;;;;;;;;;;;Undefined;491;3428;;;;;;;;;;ЛОЖЬ;;;;;;;;;;;;;;;;;;;;;;;;;
DO;91HA120_PA;;COM;901-10;A_90110;1oo2 PREALARM;No;ИСТИНА;ЛОЖЬ;;344;;;;;;;0;;;;1626;ЛОЖЬ;33878;None;;;;;;0=ALARM;;;;;;;Undefined;491;3428;;;;;;;;;;ЛОЖЬ;;;;;;;;;;;;;;;;;;;;;;Output;EPKS_UCB;ESD_912_1;442
M;306_428_2;;;901-10;;91TAHH990_I;;ЛОЖЬ;ЛОЖЬ;;428;;;;;;;0;;;;1271;ЛОЖЬ;0;;;;;;;0=TRIP INITIATOR;;;;;;;Undefined;491;3428;;;;;;;;;;ЛОЖЬ;;;;;;;;;;;;;;;;;;;;;;;;;
M;386_1;;;901-10;;;;ЛОЖЬ;ЛОЖЬ;;386;;;;;;;0;;;;1644;ЛОЖЬ;0;;;;;;;;;;;;;;Undefined;491;3428;;;;;;;;;;ЛОЖЬ;;;;;;;;;;;;;;;;;;;;;;;;;
T;324_1;;;9100;;;;ЛОЖЬ;ЛОЖЬ;;324;;;;;;;;100 ms;5;;136;ЛОЖЬ;0;;;;;;;;;;;;;;Undefined;;;Delayed OFF with constant timer value;;;;;;;;;ЛОЖЬ;ИСТИНА;;;;;;;;;;;;;;;;;;;;;;;;
DO;91LI060_TF;;COM;901-10;A_90110;TRANSM FAULT;No;ЛОЖЬ;ЛОЖЬ;;328;;;;;;;0;;;;2079;ИСТИНА;33809;None;;;;;;0=ALARM;0=ALARM;;;;;;Undefined;;;;;;;;;;;;ЛОЖЬ;ИСТИНА;;;;;;;;;;;;;;;;;;;;;Output;EPKS_UCB;ESD_912_1;946
BO;91PI801_L;;COM;901-10;A_C90111;LO ALARM SETPOINT;No;ЛОЖЬ;ЛОЖЬ;;605;;Float;;;;;0;;;;1096;;0;;None;None;None;None;;;;;;;;;-XXXXX.X;;;;;;;;;;;;ЛОЖЬ;ИСТИНА;;;;;;;;;;;;;;;;;;;;;Output;EPKS_UCB;ESD_912_1;10251
M;528_530_4;;;901-10;;CAPACITY 100%;;ЛОЖЬ;ЛОЖЬ;;530;;;;;;;0;;;;437;ЛОЖЬ;0;;;;;;;1=ACTIVE;;;;;;;Undefined;491;3428;;;;;;;;;;ЛОЖЬ;;;;;;;;;;;;;;;;;;;;;;;;;
DO;91TAHH987;;COM;901-10;A_P90110;SEALED SHELL P90110021X;No;ИСТИНА;ЛОЖЬ;;304;;;;;;;0;;;;1348;ИСТИНА;33879;None;;;;;;0=TRIP;;;;;;;Undefined;491;3428;;;;;;;;;;ЛОЖЬ;;;;;;;;;;;;;;;;;;;;;;Output;EPKS_UCB;ESD_912_1;640
DO;91TAL761;;COM;901-10;A_C90111;LO ALARM;No;ЛОЖЬ;ЛОЖЬ;;498;;;;;;;0;;;;515;ЛОЖЬ;0;None;;;;;;0=ALARM;0=ALARM;;;;;;Undefined;;;;;;;;;;;;ЛОЖЬ;ИСТИНА;;;;;;;;;;;;;;;;;;;;;Output;EPKS_UCB;ESD_912_1;981
M;C340_3_G;;;9100;9100;Function block marker;;ЛОЖЬ;ЛОЖЬ;;340;;;;;;;0;;;;1245;ЛОЖЬ;0;;;;;;;;;;;;;;Undefined;;;;;;;;;;;;ЛОЖЬ;ИСТИНА;;;;;;;;;;;;;;;;;;;;;;;;
T;250_2;;;901-10;;;;ЛОЖЬ;ЛОЖЬ;;250;;;;;;;;100 ms;5;;56;ЛОЖЬ;0;;;;;;;;;;;;;;Undefined;491;3428;Delayed OFF with constant timer value;;;;;;;;;ЛОЖЬ;;;;;;;;;;;;;;;;;;;;;;;;;
T;2420_1;;;901-10;;;;ЛОЖЬ;ЛОЖЬ;;2420;;;;;;;;100 ms;5;;8;ЛОЖЬ;0;;;;;;;;;;;;;;Undefined;491;3428;Delayed OFF with constant timer value;;;;;;;;;ЛОЖЬ;;;;;;;;;;;;;;;;;;;;;;;;;
DI;91PI081_MOR;;COM;901-10;A_90110;MO REQUEST;No;ЛОЖЬ;ИСТИНА;;316;;;;;;;0;;;;2215;ЛОЖЬ;0;None;;;;;;1=REQUEST;;;;;;;Undefined;491;3428;;;;;;Freeze;;;;ЛОЖЬ;;;;ЛОЖЬ;;;;;;;;;;;;;;;;;;Input;EPKS_UCB;ESD_912_1;72
M;321_1;;;9100;;;;ЛОЖЬ;ЛОЖЬ;;321;;;;;;;0;;;;1874;ЛОЖЬ;0;;;;;;;;;;;;;;Undefined;;;;;;;;;;;;ЛОЖЬ;ИСТИНА;;;;;;;;;;;;;;;;;;;;;;;;
R;2420_B;;;;;Signal 1;;ЛОЖЬ;ЛОЖЬ;;2420;;Float;;;;;0;;;;124;ЛОЖЬ;0;;;;;;;;;;;;;;Undefined;491;3428;;;;;;;;;;ЛОЖЬ;;;;;;;;;;;;;;;;;;;;;;;;;
DO;91TAHH804_FU;;COM;901-10;A_C90111;C9011001SX GAS CYL2;No;ИСТИНА;ЛОЖЬ;;1516;;;;;;;0;;;;913;ИСТИНА;34131;None;;;;;;1=FIRST;;;;;;;Undefined;;;;;;;;;;;;ЛОЖЬ;ИСТИНА;;;;;;;;;;;;;;;;;;;;;Output;EPKS_UCB;ESD_912_1;837
M;C2470_4;;;;;Compiler marker (176, 246);;ЛОЖЬ;ЛОЖЬ;;2470;;;;;;;0;;;;178;ЛОЖЬ;0;;;;;;;;;;;;;;Undefined;491;3428;;;;;;;;;;ЛОЖЬ;;;;;;;;;;;;;;;;;;;;;;;;;
DO;91PI081_TF;;COM;901-10;A_90110;TRANSM FAULT;No;ЛОЖЬ;ЛОЖЬ;;316;;;;;;;0;;;;1436;ИСТИНА;33880;None;;;;;;0=ALARM;;;;;;;Undefined;491;3428;;;;;;;;;;ЛОЖЬ;;;;;;;;;;;;;;;;;;;;;;Output;EPKS_UCB;ESD_912_1;594
M;2460_3;;;901-10;;;;ЛОЖЬ;ЛОЖЬ;;2460;;;;;;;0;;;;188;ЛОЖЬ;0;;;;;;;;;;;;;;Undefined;491;3428;;;;;;;;;;ЛОЖЬ;;;;;;;;;;;;;;;;;;;;;;;;;
M;636_1520_1;;;9100;;91HS807_P_I;;ЛОЖЬ;ЛОЖЬ;;1520;;;;;;;0;;;;901;ЛОЖЬ;0;;;;;;;1=RESET;;;;;;;Undefined;;;;;;;;;;;;ЛОЖЬ;ИСТИНА;;;;;;;;;;;;;;;;;;;;;;;;
DO;91HA751A_PA;;COM;901-10;A_C90111;1oo2 PREALARM;No;ИСТИНА;ЛОЖЬ;;524;;;;;;;0;;;;2039;ЛОЖЬ;33817;None;;;;;;0=ALARM;0=ALARM;;;;;;Undefined;;;;;;;;;;;;ЛОЖЬ;ИСТИНА;;;;;;;;;;;;;;;;;;;;;Output;EPKS_UCB;ESD_912_1;1025
BO;91TI754_HH;;COM;901-10;A_C90111;HH TRIP SETPOINT;No;ИСТИНА;ЛОЖЬ;;514;;Float;;;;;0;;;;636;;34074;;;;;;;;;0;0;;;;-XXXXX.X;491;3428;;;;;;;;;;ЛОЖЬ;;;;;;;;;;;;;;;;;;;;;;Output;EPKS_UCB;ESD_912_1;10175
M;332_362_2;;;901-10;;91LALL055_58_61_I;;ЛОЖЬ;ЛОЖЬ;;362;;;;;;;0;;;;459;ЛОЖЬ;0;;;;;;;0=TRIP INITIATOR;;;;;;;Undefined;491;3428;;;;;;;;;;ЛОЖЬ;;;;;;;;;;;;;;;;;;;;;;;;;
M;600_1;;;901-10;;;;ЛОЖЬ;ЛОЖЬ;;600;;;;;;;0;;;;1915;ЛОЖЬ;0;;;;;;;;;;;;;;Undefined;491;3428;;;;;;;;;;ЛОЖЬ;;;;;;;;;;;;;;;;;;;;;;;;;
T;621_3;;;;;;;ЛОЖЬ;ЛОЖЬ;;621;;;;;;;;100 ms;10;;948;ЛОЖЬ;0;;;;;;;;;;;;;;Undefined;;;Delayed OFF with constant timer value;;;;;;;;;ЛОЖЬ;ИСТИНА;;;;;;;;;;;;;;;;;;;;;;;;
DI;91FI031B_MOR;;COM;901-10;A_90110;MO REQUEST;No;ЛОЖЬ;ИСТИНА;;354;;;;;;;0;;;;2147;ЛОЖЬ;0;None;;;;;;1=REQUEST;;;;;;;Undefined;491;3428;;;;;;Freeze;;;;ЛОЖЬ;;;;ЛОЖЬ;;;;;;;;;;;;;;;;;;Input;EPKS_UCB;ESD_912_1;4
M;514_4;;;901-10;;;;ЛОЖЬ;ЛОЖЬ;;514;;;;;;;0;;;;361;ЛОЖЬ;0;;;;;;;;;;;;;;Undefined;491;3428;;;;;;;;;;ЛОЖЬ;;;;;;;;;;;;;;;;;;;;;;;;;
DO;91TAHH106_FU;;COM;901-10;A_C90111;AMM C9011001AX;No;ИСТИНА;ЛОЖЬ;;1506;;;;;;;0;;;;814;ИСТИНА;34112;None;;;;;;1=FIRST;;;;;;;Undefined;;;;;;;;;;;;ЛОЖЬ;ИСТИНА;;;;;;;;;;;;;;;;;;;;;Output;EPKS_UCB;ESD_912_1;818
M;316_444_4;;;9100;;91PAHH081_I;;ЛОЖЬ;ЛОЖЬ;;444;;;;;;;0;;;;1700;ЛОЖЬ;0;;;;;;;0=TRIP INITIATOR;;;;;;;Undefined;491;3428;;;;;;;;;;ЛОЖЬ;;;;;;;;;;;;;;;;;;;;;;;;;
BO;91PI050_LL;;COM;901-10;A_90110;LL TRIP SETPOINT (MPa-g);No;ИСТИНА;ЛОЖЬ;;438;;Float;;;;;0;;;;396;;34075;;;;;;;;;0;0;;;;-XXXXX.X;491;3428;;;;;;;;;;ЛОЖЬ;;;;;;;;;;;;;;;;;;;;;;Output;EPKS_UCB;ESD_912_1;10148
DO;91LSLL754_MOC;;COM;;;MO CONFIRMED;No;ИСТИНА;ЛОЖЬ;;521;;;;;;;0;;;;516;ИСТИНА;33588;None;;;;;;1=CONFIRMED;;;;;;;Undefined;491;3428;;;;;;;;;;ЛОЖЬ;;;;;;;;;;;;;;;;;;;;;;Output;EPKS_UCB;ESD_912_1;450
DO;91LI066_TF;;COM;901-10;A_90110;TRANSM FAULT;No;ЛОЖЬ;ЛОЖЬ;;336;;;;;;;0;;;;1581;ИСТИНА;33881;None;;;;;;0=ALARM;;;;;;;Undefined;491;3428;;;;;;;;;;ЛОЖЬ;;;;;;;;;;;;;;;;;;;;;;Output;EPKS_UCB;ESD_912_1;516
M;1506_1528_3;;;;C9011001;91PAHH076_FU1_I;;ЛОЖЬ;ЛОЖЬ;;1528;;;;;;;0;;;;1007;ЛОЖЬ;0;;;;;;;1=FIRST;;;;;;;Undefined;;;;;;;;;;;;ЛОЖЬ;ИСТИНА;;;;;;;;;;;;;;;;;;;;;;;;
DO;91TAH803;;COM;901-10;A_C90111;HI ALARM;No;ЛОЖЬ;ЛОЖЬ;;614;;;;;;;0;;;;1549;ЛОЖЬ;0;None;;;;;;0=ALARM;0=ALARM;;;;;;Undefined;;;;;;;;;;;;ЛОЖЬ;ИСТИНА;;;;;;;;;;;;;;;;;;;;;Output;EPKS_UCB;ESD_912_1;1018
M;C302_3_E;;;9100;9100;Function block marker;;ЛОЖЬ;ЛОЖЬ;;302;;;;;;;0;;;;1583;ЛОЖЬ;0;;;;;;;;;;;;;;Undefined;;;;;;;;;;;;ЛОЖЬ;ИСТИНА;;;;;;;;;;;;;;;;;;;;;;;;
DO;91FALL030B_FU;;COM;901-10;A_90110;WTR OF 1 TO C9011001SX;No;ИСТИНА;ЛОЖЬ;;1518;;;;;;;0;;;;918;ИСТИНА;34136;None;;;;;;1=FIRST;;;;;;;Undefined;;;;;;;;;;;;ЛОЖЬ;ИСТИНА;;;;;;;;;;;;;;;;;;;;;Output;EPKS_UCB;ESD_912_1;842
DO;91LAHH058;;COM;901-10;A_90110;AMMONIA TO V-9011001B;No;ИСТИНА;ЛОЖЬ;;326;;;;;;;0;;;;1510;ИСТИНА;33883;None;;;;;;0=TRIP;;;;;;;Undefined;491;3428;;;;;;;;;;ЛОЖЬ;;;;;;;;;;;;;;;;;;;;;;Output;EPKS_UCB;ESD_912_1;459
M;521_3;;;;;;;ЛОЖЬ;ЛОЖЬ;;521;;;;;;;0;;;;2742;ЛОЖЬ;0;;;;;;;;;;;;;;Undefined;;;;;;;;;;;;ЛОЖЬ;ИСТИНА;;;;;;;;;;;;;;;;;;;;;;;;
AI;91LI048;;FLD;901-10;A_90110;Уровень. в V-9011004;Yes;ИСТИНА;ЛОЖЬ;;337;ИСТИНА;Float;4-20mA;0;100;%;;;;;344;ЛОЖЬ;33656;;None;None;None;None;;;;;;;;;-XXXXX.X;3.64;22;;18.04;11;2;1;Bottom scale;;;;ЛОЖЬ;ИСТИНА;ЛОЖЬ;;;;;;;;;;;;;;;;;;;;Output;EPKS_UCB;ESD_912_1;10219
M;358_624_2;;;901-10;;91 I 553;;ЛОЖЬ;ЛОЖЬ;;624;;;;;;;0;;;;1242;ЛОЖЬ;0;;;;;;;0=TRIP;;;;;;;Undefined;491;3428;;;;;;;;;;ЛОЖЬ;;;;;;;;;;;;;;;;;;;;;;;;;
M;C2373_2;;;;;Compiler marker (264, 96);;ЛОЖЬ;ЛОЖЬ;;2373;;;;;;;0;;;;433;ЛОЖЬ;0;;;;;;;;;;;;;;Undefined;491;3428;;;;;;;;;;ЛОЖЬ;;;;;;;;;;;;;;;;;;;;;;;;;
T;352_3;;;9100;;;;ЛОЖЬ;ЛОЖЬ;;352;;;;;;;;100 ms;10;;908;ЛОЖЬ;0;;;;;;;;;;;;;;Undefined;;;Delayed OFF with constant timer value;;;;;;;;;ЛОЖЬ;ИСТИНА;;;;;;;;;;;;;;;;;;;;;;;;
M;2373_3;;;;;;;ЛОЖЬ;ЛОЖЬ;;2373;;;;;;;0;;;;204;ЛОЖЬ;0;;;;;;;;;;;;;;Undefined;491;3428;;;;;;;;;;ЛОЖЬ;;;;;;;;;;;;;;;;;;;;;;;;;
M;C321_3_F;;;9100;9100;Function block marker;;ЛОЖЬ;ЛОЖЬ;;321;;;;;;;0;;;;1981;ЛОЖЬ;0;;;;;;;;;;;;;;Undefined;;;;;;;;;;;;ЛОЖЬ;ИСТИНА;;;;;;;;;;;;;;;;;;;;;;;;
T;310_2;;;9100;;;;ЛОЖЬ;ЛОЖЬ;;310;;;;;;;;100 ms;5;;484;ЛОЖЬ;0;;;;;;;;;;;;;;Undefined;;;Delayed OFF with constant timer value;;;;;;;;;ЛОЖЬ;ИСТИНА;;;;;;;;;;;;;;;;;;;;;;;;
M;316_182_1;;;901-10;;91PT081;;ЛОЖЬ;ЛОЖЬ;;182;;;;;;;0;;;;1432;ЛОЖЬ;0;;;;;;;1=MO CONFIRMED;;;;;;;Undefined;491;3428;;;;;;;;;;ЛОЖЬ;;;;;;;;;;;;;;;;;;;;;;;;;
DO;91PALL820_CA;;COM;901-10;;CAUSE ALARM;No;ЛОЖЬ;ЛОЖЬ;;610;;;;;;;0;;;;1132;ЛОЖЬ;0;None;;;;;;0=ALARM;0=ALARM;;;;;;Undefined;;;;;;;;;;;;ЛОЖЬ;ИСТИНА;;;;;;;;;;;;;;;;;;;;;Output;EPKS_UCB;ESD_912_1;920
M;318_1;;;901-10;;;;ЛОЖЬ;ЛОЖЬ;;318;;;;;;;0;;;;1443;ЛОЖЬ;0;;;;;;;;;;;;;;Undefined;491;3428;;;;;;;;;;ЛОЖЬ;;;;;;;;;;;;;;;;;;;;;;;;;
T;302_2;;;9100;;;;ЛОЖЬ;ЛОЖЬ;;302;;;;;;;;100 ms;5;;476;ЛОЖЬ;0;;;;;;;;;;;;;;Undefined;;;Delayed OFF with constant timer value;;;;;;;;;ЛОЖЬ;ИСТИНА;;;;;;;;;;;;;;;;;;;;;;;;
M;240_242_2;;;901-10;;91LAHH493_I;;ЛОЖЬ;ЛОЖЬ;;242;;;;;;;0;;;;1244;ЛОЖЬ;0;;;;;;;0=TRIP INITIATOR;;;;;;;Undefined;491;3428;;;;;;;;;;ЛОЖЬ;;;;;;;;;;;;;;;;;;;;;;;;;
M;300_182_1;;;901-10;;91TT106;;ЛОЖЬ;ЛОЖЬ;;182;;;;;;;0;;;;1298;ЛОЖЬ;0;;;;;;;1=MO CONFIRMED;;;;;;;Undefined;491;3428;;;;;;;;;;ЛОЖЬ;;;;;;;;;;;;;;;;;;;;;;;;;
M;C516_1_E;;;9100;9100;Function block marker;;ЛОЖЬ;ЛОЖЬ;;516;;;;;;;0;;;;1696;ЛОЖЬ;0;;;;;;;;;;;;;;Undefined;491;3428;;;;;;;;;;ЛОЖЬ;;;;;;;;;;;;;;;;;;;;;;;;;
M;C327_1_F;;;;;Function block marker;;ЛОЖЬ;ЛОЖЬ;;327;;;;;;;0;;;;2056;ЛОЖЬ;0;;;;;;;;;;;;;;Undefined;;;;;;;;;;;;ЛОЖЬ;ИСТИНА;;;;;;;;;;;;;;;;;;;;;;;;
M;384_3;;;9100;;;;ЛОЖЬ;ЛОЖЬ;;384;;;;;;;0;;;;771;ЛОЖЬ;0;;;;;;;;;;;;;;Undefined;491;3428;;;;;;;;;;ЛОЖЬ;;;;;;;;;;;;;;;;;;;;;;;;;
M;618_622_2;;;9100;;91TAHH811_I;;ЛОЖЬ;ЛОЖЬ;;622;;;;;;;0;;;;1912;ЛОЖЬ;0;;;;;;;0=TRIP INITIATOR;;;;;;;Undefined;491;3428;;;;;;;;;;ЛОЖЬ;;;;;;;;;;;;;;;;;;;;;;;;;
T;612_6;;;9100;;;;ЛОЖЬ;ЛОЖЬ;;612;;;;;;;;100 ms;5;;212;ЛОЖЬ;0;;;;;;;;;;;;;;Undefined;;;Delayed OFF with constant timer value;;;;;;;;;ЛОЖЬ;ИСТИНА;;;;;;;;;;;;;;;;;;;;;;;;
DO;91LI751_TF;;COM;901-10;A_C90111;TRANSM FAULT;No;ЛОЖЬ;ЛОЖЬ;;500;;;;;;;0;;;;1379;ИСТИНА;33816;None;;;;;;0=ALARM;0=ALARM;;;;;;Undefined;;;;;;;;;;;;ЛОЖЬ;ИСТИНА;;;;;;;;;;;;;;;;;;;;;Output;EPKS_UCB;ESD_912_1;997
T;2410_1;;;901-10;;;;ЛОЖЬ;ЛОЖЬ;;2410;;;;;;;;1 s;0;;0;ЛОЖЬ;0;;;;;;;;;;;;;;Undefined;491;3428;Delayed OFF with variable timer value;;;;;;;;;ЛОЖЬ;;;;;;;;;;;;;;;;;;;;;;;;;
M;C325_2_E;;;;;Function block marker;;ЛОЖЬ;ЛОЖЬ;;325;;;;;;;0;;;;2703;ЛОЖЬ;0;;;;;;;;;;;;;;Undefined;;;;;;;;;;;;ЛОЖЬ;ИСТИНА;;;;;;;;;;;;;;;;;;;;;;;;
M;C296_2_D;;;9100;9100;Function block marker;;ЛОЖЬ;ЛОЖЬ;;296;;;;;;;0;;;;1005;ЛОЖЬ;0;;;;;;;;;;;;;;Undefined;;;;;;;;;;;;ЛОЖЬ;ИСТИНА;;;;;;;;;;;;;;;;;;;;;;;;
M;1514_2;;;;C9011001;;;ЛОЖЬ;ЛОЖЬ;;1514;;;;;;;0;;;;831;ЛОЖЬ;0;;;;;;;;;;;;;;Undefined;;;;;;;;;;;;ЛОЖЬ;ИСТИНА;;;;;;;;;;;;;;;;;;;;;;;;
M;C535_2_C;;;9100;9100;Function block marker;;ЛОЖЬ;ЛОЖЬ;;535;;;;;;;0;;;;1853;ЛОЖЬ;0;;;;;;;;;;;;;;Undefined;;;;;;;;;;;;ЛОЖЬ;ИСТИНА;;;;;;;;;;;;;;;;;;;;;;;;
M;316_356_2;;;901-10;;91PAHH081_I;;ЛОЖЬ;ЛОЖЬ;;356;;;;;;;0;;;;1422;ЛОЖЬ;0;;;;;;;0=TRIP INITIATOR;;;;;;;Undefined;491;3428;;;;;;;;;;ЛОЖЬ;;;;;;;;;;;;;;;;;;;;;;;;;
DO;91PALL829_CA;;COM;901-10;A_C90111;CAUSE ALARM;No;ЛОЖЬ;ЛОЖЬ;;608;;;;;;;0;;;;1949;ЛОЖЬ;0;None;;;;;;0=ALARM;;;;;;;Undefined;491;3428;;;;;;;;;;ЛОЖЬ;;;;;;;;;;;;;;;;;;;;;;Output;EPKS_UCB;ESD_912_1;577
M;C536_2_C;;;9100;9100;Function block marker;;ЛОЖЬ;ЛОЖЬ;;536;;;;;;;0;;;;589;ЛОЖЬ;0;;;;;;;;;;;;;;Undefined;491;3428;;;;;;;;;;ЛОЖЬ;;;;;;;;;;;;;;;;;;;;;;;;;
M;C338_1_G;;;9100;9100;Function block marker;;ЛОЖЬ;ЛОЖЬ;;338;;;;;;;0;;;;1253;ЛОЖЬ;0;;;;;;;;;;;;;;Undefined;;;;;;;;;;;;ЛОЖЬ;ИСТИНА;;;;;;;;;;;;;;;;;;;;;;;;
DO;91XY044;;MCC;901-10;A_90110;AUTO CLOSURE 91XV044;Yes;ИСТИНА;ЛОЖЬ;;416;;;;;;;0;;;;94;ЛОЖЬ;33533;None;;;;;;1=CLOSE;;;;;;;Undefined;491;3428;;18.06;1;7;1;Appl;;;;ЛОЖЬ;;;;;;;;;;;;;;;;;;;;;;;;;
M;C606_5_E;;;9100;9100;Function block marker;;ЛОЖЬ;ЛОЖЬ;;606;;;;;;;0;;;;2825;ЛОЖЬ;0;;;;;;;;;;;;;;Undefined;;;;;;;;;;;;ЛОЖЬ;ИСТИНА;;;;;;;;;;;;;;;;;;;;;;;;
M;C614_5_E;;;9100;9100;Function block marker;;ЛОЖЬ;ЛОЖЬ;;614;;;;;;;0;;;;2134;ЛОЖЬ;0;;;;;;;;;;;;;;Undefined;;;;;;;;;;;;ЛОЖЬ;ИСТИНА;;;;;;;;;;;;;;;;;;;;;;;;
AI;91PI805;;FLD;901-10;A_C90111;C-9011001SX ДАВЛЕНИЕ ТЕХНОЛ. ГАЗА ВЫХОД;Yes;ИСТИНА;ЛОЖЬ;;606;ИСТИНА;Float;4-20mA;0;2.5;MPa;;;;;452;ЛОЖЬ;33801;;None;None;None;None;;;;;;;;;-XXXXX.X;3.64;22;;18.03;11;12;1;Top scale;;;;ЛОЖЬ;ИСТИНА;ЛОЖЬ;;;;;;;;;;;;;;;;;;;;Output;EPKS_UCB;ESD_912_1;10233
DI;91VSHH752A;;BNS;901-10;A_C90111;C9011001AX VIB IN CARTER;Yes;ИСТИНА;ЛОЖЬ;;534;;;;;;;;;;;57;ИСТИНА;33534;None;;;;;;0=TRIP;;;;;;;Undefined;491;3428;;18.03;7;2;1;Low;;;;ЛОЖЬ;;;;ЛОЖЬ;;;;;;;;;;;;;;;;;;Output;EPKS_UCB;ESD_912_1;686
M;C313_2_F;;;;;Function block marker;;ЛОЖЬ;ЛОЖЬ;;313;;;;;;;0;;;;2636;ЛОЖЬ;0;;;;;;;;;;;;;;Undefined;;;;;;;;;;;;ЛОЖЬ;ИСТИНА;;;;;;;;;;;;;;;;;;;;;;;;
T;534_2;;;901-10;;;;ЛОЖЬ;ЛОЖЬ;;534;;;;;;;;100 ms;20;;236;ЛОЖЬ;0;;;;;;;;;;;;;;Undefined;491;3428;Pulse with constant timer value;;;;;;;;;ЛОЖЬ;;;;;;;;;;;;;;;;;;;;;;;;;
M;C596_2_E;;;9100;9100;Function block marker;;ЛОЖЬ;ЛОЖЬ;;596;;;;;;;0;;;;2797;ЛОЖЬ;0;;;;;;;;;;;;;;Undefined;;;;;;;;;;;;ЛОЖЬ;ИСТИНА;;;;;;;;;;;;;;;;;;;;;;;;
DO;91TI759A_TF;;COM;901-10;A_C90111;TRANSM FAULT;No;ЛОЖЬ;ЛОЖЬ;;516;;;;;;;0;;;;1357;ИСТИНА;33800;None;;;;;;0=ALARM;0=ALARM;;;;;;Undefined;;;;;;;;;;;;ЛОЖЬ;ИСТИНА;;;;;;;;;;;;;;;;;;;;;Output;EPKS_UCB;ESD_912_1;996
DO;91TAH811A;;COM;901-10;A_C90111;HI ALARM;No;ЛОЖЬ;ЛОЖЬ;;596;;;;;;;0;;;;1555;ЛОЖЬ;0;None;;;;;;0=ALARM;0=ALARM;;;;;;Undefined;;;;;;;;;;;;ЛОЖЬ;ИСТИНА;;;;;;;;;;;;;;;;;;;;;Output;EPKS_UCB;ESD_912_1;1001
M;C621_2_F;;;;;Function block marker;;ЛОЖЬ;ЛОЖЬ;;621;;;;;;;0;;;;2763;ЛОЖЬ;0;;;;;;;;;;;;;;Undefined;;;;;;;;;;;;ЛОЖЬ;ИСТИНА;;;;;;;;;;;;;;;;;;;;;;;;
DO;91LAHH752;;COM;901-10;A_C90111;C9011001AX SEP LEV;No;ИСТИНА;ЛОЖЬ;;500;;;;;;;0;;;;1756;ИСТИНА;33886;None;;;;;;0=TRIP;;;;;;;Undefined;491;3428;;;;;;;;;;ЛОЖЬ;;;;;;;;;;;;;;;;;;;;;;Output;EPKS_UCB;ESD_912_1;473
M;C330_6;;;901-10;;Compiler marker (320, 150);;ЛОЖЬ;ЛОЖЬ;;330;;;;;;;0;;;;2019;ЛОЖЬ;0;;;;;;;;;;;;;;Undefined;491;3428;;;;;;;;;;ЛОЖЬ;;;;;;;;;;;;;;;;;;;;;;;;;
M;1508_5;;;;C9011001;;;ЛОЖЬ;ЛОЖЬ;;1508;;;;;;;0;;;;69;ЛОЖЬ;0;;;;;;;;;;;;;;Undefined;;;;;;;;;;;;ЛОЖЬ;ИСТИНА;;;;;;;;;;;;;;;;;;;;;;;;
T;352_2;;;9100;;;;ЛОЖЬ;ЛОЖЬ;;352;;;;;;;;100 ms;5;;904;ЛОЖЬ;0;;;;;;;;;;;;;;Undefined;;;Delayed OFF with constant timer value;;;;;;;;;ЛОЖЬ;ИСТИНА;;;;;;;;;;;;;;;;;;;;;;;;
DO;91XY066_C;;COM;9100;;INLET VALVE CTRL 91XV066;No;ИСТИНА;ЛОЖЬ;;384;;;;;;;0;;;;747;ИСТИНА;33592;None;;;;;;1=CLOSE;;;;;;;Undefined;491;3428;;;;;;;;;;ЛОЖЬ;;;;;;;;;;;;;;;;;;;;;;Output;EPKS_UCB;ESD_912_1;448
DO;91VAHH801;;COM;901-10;A_90110;TRIP INITIATOR;No;ИСТИНА;ЛОЖЬ;;635;;;;;;;0;;;;1759;ИСТИНА;33498;None;;;;;;0=TRIP;0=TRIP;;;;;;Undefined;;;;;;;;;;;;ЛОЖЬ;ИСТИНА;;;;;;;;;;;;;;;;;;;;;Output;EPKS_UCB;ESD_912_1;942
DO;91PI780_TF;;COM;901-10;A_C90111;TRANSM FAULT;No;ЛОЖЬ;ЛОЖЬ;;508;;;;;;;0;;;;1283;ИСТИНА;34085;None;;;;;;0=ALARM;0=ALARM;;;;;;Undefined;;;;;;;;;;;;ЛОЖЬ;ИСТИНА;;;;;;;;;;;;;;;;;;;;;Output;EPKS_UCB;ESD_912_1;988
M;358_1522_3;;;9100;;91HA005A1_I;;ЛОЖЬ;ЛОЖЬ;;1522;;;;;;;0;;;;895;ЛОЖЬ;0;;;;;;;0=TRIP INITIATOR;;;;;;;Undefined;;;;;;;;;;;;ЛОЖЬ;ИСТИНА;;;;;;;;;;;;;;;;;;;;;;;;
M;1524_2;;;;C9011001;;;ЛОЖЬ;ЛОЖЬ;;1524;;;;;;;0;;;;861;ЛОЖЬ;0;;;;;;;;;;;;;;Undefined;;;;;;;;;;;;ЛОЖЬ;ИСТИНА;;;;;;;;;;;;;;;;;;;;;;;;
M;C1518_1_L;;;;;Function block marker;;ЛОЖЬ;ЛОЖЬ;;1518;;;;;;;0;;;;952;ЛОЖЬ;0;;;;;;;;;;;;;;Undefined;;;;;;;;;;;;ЛОЖЬ;ИСТИНА;;;;;;;;;;;;;;;;;;;;;;;;
M;621_2;;;;;;;ЛОЖЬ;ЛОЖЬ;;621;;;;;;;0;;;;2752;ЛОЖЬ;0;;;;;;;;;;;;;;Undefined;;;;;;;;;;;;ЛОЖЬ;ИСТИНА;;;;;;;;;;;;;;;;;;;;;;;;
R;2495_D;;;;;RESULT;;ЛОЖЬ;ЛОЖЬ;;2495;;Float;;;;;0;;;;158;ЛОЖЬ;0;;;;;;;;;;;;;;Undefined;491;3428;;;;;;;;;;ЛОЖЬ;;;;;;;;;;;;;;;;;;;;;;;;;
M;C438_1_E;;;9100;9100;Function block marker;;ЛОЖЬ;ЛОЖЬ;;438;;;;;;;0;;;;1202;ЛОЖЬ;0;;;;;;;;;;;;;;Undefined;;;;;;;;;;;;ЛОЖЬ;ИСТИНА;;;;;;;;;;;;;;;;;;;;;;;;
M;C354_1_E;;;9100;9100;Function block marker;;ЛОЖЬ;ЛОЖЬ;;354;;;;;;;0;;;;1205;ЛОЖЬ;0;;;;;;;;;;;;;;Undefined;;;;;;;;;;;;ЛОЖЬ;ИСТИНА;;;;;;;;;;;;;;;;;;;;;;;;
M;C618_3_G;;;9100;9100;Function block marker;;ЛОЖЬ;ЛОЖЬ;;618;;;;;;;0;;;;2782;ЛОЖЬ;0;;;;;;;;;;;;;;Undefined;;;;;;;;;;;;ЛОЖЬ;ИСТИНА;;;;;;;;;;;;;;;;;;;;;;;;
DO;91XY002;;MCC;901-10;A_P90110;AUTO STOP P-9011001SX;Yes;ИСТИНА;ЛОЖЬ;;362;;;;;;;0;;;;185;ИСТИНА;33535;None;;;;;;0=TRIP;;;;;;;Undefined;491;3428;;18.06;13;2;1;Appl;;;;ЛОЖЬ;;;;;;;;;;;;;;;;;;;;;;Output;EPKS_UCB;ESD_912_1;760
M;298_462_4;;;901-10;;91LAHH063_I;;ЛОЖЬ;ЛОЖЬ;;462;;;;;;;0;;;;1573;ЛОЖЬ;0;;;;;;;0=TRIP INITIATOR;;;;;;;Undefined;491;3428;;;;;;;;;;ЛОЖЬ;;;;;;;;;;;;;;;;;;;;;;;;;
T;498_2;;;9100;;;;ЛОЖЬ;ЛОЖЬ;;498;;;;;;;;100 ms;5;;704;ЛОЖЬ;0;;;;;;;;;;;;;;Undefined;;;Delayed OFF with constant timer value;;;;;;;;;ЛОЖЬ;ИСТИНА;;;;;;;;;;;;;;;;;;;;;;;;
DO;91HA190;;COM;901-10;A_90110;BUTTON 91HS190;No;ИСТИНА;ЛОЖЬ;;342;;;;;;;0;;;;1621;ИСТИНА;33888;None;;;;;;0=TRIP;;;;;;;Undefined;491;3428;;;;;;;;;;ЛОЖЬ;;;;;;;;;;;;;;;;;;;;;;Output;EPKS_UCB;ESD_912_1;443
M;524_536_2;;;9100;;C-9011001AX EMER. STOP;;ЛОЖЬ;ЛОЖЬ;;536;;;;;;;0;;;;1924;ЛОЖЬ;0;;;;;;;0=TRIP;;;;;;;Undefined;491;3428;;;;;;;;;;ЛОЖЬ;;;;;;;;;;;;;;;;;;;;;;;;;
R;326_330_2;;;901-10;;91LI058;;ЛОЖЬ;ЛОЖЬ;;330;;Float;;;;;0;;;;600;ЛОЖЬ;0;;;;;;;;;;;;;;Undefined;491;3428;;;;;;;;;;ЛОЖЬ;;;;;;;;;;;;;;;;;;;;;;;;;
M;2460_J;;;;;0=UNCMD_CHANGE;;ЛОЖЬ;ЛОЖЬ;;2460;;;;;;;0;;;;151;ЛОЖЬ;0;;;;;;;;;;;;;;Undefined;491;3428;;;;;;;;;;ЛОЖЬ;;;;;;;;;;;;;;;;;;;;;;;;;
M;1318_1319_1;;;;;common_alarm;;ЛОЖЬ;ЛОЖЬ;;1319;;;;;;;0;;;;1584;ЛОЖЬ;0;;;;;;;0=ALARM;;;;;;;Undefined;;;;;;;;;;;;ЛОЖЬ;ИСТИНА;;;;;;;;;;;;;;;;;;;;;;;;
DO;91TAHH758_FU;;COM;901-10;A_C90111;C9011001AX COOL H2O;No;ИСТИНА;ЛОЖЬ;;1504;;;;;;;0;;;;808;ИСТИНА;34106;None;;;;;;1=FIRST;;;;;;;Undefined;;;;;;;;;;;;ЛОЖЬ;ИСТИНА;;;;;;;;;;;;;;;;;;;;;Output;EPKS_UCB;ESD_912_1;812
M;C310_1_G;;;9100;9100;Function block marker;;ЛОЖЬ;ЛОЖЬ;;310;;;;;;;0;;;;2621;ЛОЖЬ;0;;;;;;;;;;;;;;Undefined;;;;;;;;;;;;ЛОЖЬ;ИСТИНА;;;;;;;;;;;;;;;;;;;;;;;;
M;1522_4;;;;C9011001;;;ЛОЖЬ;ЛОЖЬ;;1522;;;;;;;0;;;;857;ЛОЖЬ;0;;;;;;;;;;;;;;Undefined;;;;;;;;;;;;ЛОЖЬ;ИСТИНА;;;;;;;;;;;;;;;;;;;;;;;;
DO;91PALL076_CA;;COM;;;CAUSE ALARM;No;ЛОЖЬ;ЛОЖЬ;;315;;;;;;;0;;;;1417;ЛОЖЬ;0;None;;;;;;0=ALARM;;;;;;;Undefined;491;3428;;;;;;;;;;ЛОЖЬ;;;;;;;;;;;;;;;;;;;;;;Output;EPKS_UCB;ESD_912_1;558
DO;91TI804_TF;;COM;901-10;A_C90111;TRANSM FAULT;No;ЛОЖЬ;ЛОЖЬ;;614;;;;;;;0;;;;2028;ИСТИНА;33890;None;;;;;;0=ALARM;;;;;;;Undefined;491;3428;;;;;;;;;;ЛОЖЬ;;;;;;;;;;;;;;;;;;;;;;Output;EPKS_UCB;ESD_912_1;660
BO;91PDI804_HH;;COM;901-10;A_C90111;HH TRIP SETPOINT;No;ИСТИНА;ЛОЖЬ;;602;;Float;;;;;0;;;;692;;34076;;;;;;;;;0;0;;;;-XXXXX.X;491;3428;;;;;;;;;;ЛОЖЬ;;;;;;;;;;;;;;;;;;;;;;Output;EPKS_UCB;ESD_912_1;10147
DO;91PAHH751_CA;;COM;901-10;;CAUSE ALARM;No;ЛОЖЬ;ЛОЖЬ;;504;;;;;;;0;;;;1124;ЛОЖЬ;0;None;;;;;;0=ALARM;0=ALARM;;;;;;Undefined;;;;;;;;;;;;ЛОЖЬ;ИСТИНА;;;;;;;;;;;;;;;;;;;;;Output;EPKS_UCB;ESD_912_1;912
M;C616_1_E;;;9100;9100;Function block marker;;ЛОЖЬ;ЛОЖЬ;;616;;;;;;;0;;;;482;ЛОЖЬ;0;;;;;;;;;;;;;;Undefined;491;3428;;;;;;;;;;ЛОЖЬ;;;;;;;;;;;;;;;;;;;;;;;;;
M;315_378_1;;;9100;;91PALL076_I;;ЛОЖЬ;ЛОЖЬ;;378;;;;;;;0;;;;2650;ЛОЖЬ;0;;;;;;;0=TRIP INITIATOR;;;;;;;Undefined;;;;;;;;;;;;ЛОЖЬ;ИСТИНА;;;;;;;;;;;;;;;;;;;;;;;;
M;1510_4;;;;C9011001;;;ЛОЖЬ;ЛОЖЬ;;1510;;;;;;;0;;;;74;ЛОЖЬ;0;;;;;;;;;;;;;;Undefined;;;;;;;;;;;;ЛОЖЬ;ИСТИНА;;;;;;;;;;;;;;;;;;;;;;;;
M;C1518_1_H;;;;;Function block marker;;ЛОЖЬ;ЛОЖЬ;;1518;;;;;;;0;;;;948;ЛОЖЬ;0;;;;;;;;;;;;;;Undefined;;;;;;;;;;;;ЛОЖЬ;ИСТИНА;;;;;;;;;;;;;;;;;;;;;;;;
DO;91TAL811;;COM;901-10;A_C90111;LO ALARM;No;ЛОЖЬ;ЛОЖЬ;;598;;;;;;;0;;;;1565;ЛОЖЬ;0;None;;;;;;0=ALARM;0=ALARM;;;;;;Undefined;;;;;;;;;;;;ЛОЖЬ;ИСТИНА;;;;;;;;;;;;;;;;;;;;;Output;EPKS_UCB;ESD_912_1;1002
BO;91PI780_L;;COM;901-10;A_C90111;LO ALARM SETPOINT;No;ЛОЖЬ;ЛОЖЬ;;508;;Float;;;;;0;;;;792;;0;;None;None;None;None;;;;;;;;;-XXXXX.X;;;;;;;;;;;;ЛОЖЬ;ИСТИНА;;;;;;;;;;;;;;;;;;;;;Output;EPKS_UCB;ESD_912_1;10244
M;C605_3_E;;;;;Function block marker;;ЛОЖЬ;ЛОЖЬ;;605;;;;;;;0;;;;2831;ЛОЖЬ;0;;;;;;;;;;;;;;Undefined;;;;;;;;;;;;ЛОЖЬ;ИСТИНА;;;;;;;;;;;;;;;;;;;;;;;;
R;518_496_3;;;901-10;;91TI761;;ЛОЖЬ;ЛОЖЬ;;496;;Float;;;;;0;;;;392;ЛОЖЬ;0;;;;;;;;;;;;;;Undefined;491;3428;;;;;;;;;;ЛОЖЬ;;;;;;;;;;;;;;;;;;;;;;;;;
DO;91XY059_C;;COM;9100;;AUTO CLOSURE 91XV059;No;ИСТИНА;ЛОЖЬ;;428;;;;;;;0;;;;646;ИСТИНА;33593;None;;;;;;0=CLOSE;;;;;;;Undefined;491;3428;;;;;;;;;;ЛОЖЬ;;;;;;;;;;;;;;;;;;;;;;Output;EPKS_UCB;ESD_912_1;776
M;304_1;;;901-10;;;;ЛОЖЬ;ЛОЖЬ;;304;;;;;;;0;;;;1342;ЛОЖЬ;0;;;;;;;;;;;;;;Undefined;491;3428;;;;;;;;;;ЛОЖЬ;;;;;;;;;;;;;;;;;;;;;;;;;
DO;91C1001AX_TF;;COM;901-10;A_90110;COMPRESSOR C-9011001AX AIs FAULT;No;ЛОЖЬ;ЛОЖЬ;;1307;;;;;;;0;;;;37;ЛОЖЬ;0;None;;;;;;1=ALARM;;;;;;;Undefined;;;;;;;;;;;;ЛОЖЬ;ИСТИНА;;;;;;;;;;;;;;;;;Output;CC_UCB_1;ESD_912_1;107;;;;
T;296_3;;;9100;;;;ЛОЖЬ;ЛОЖЬ;;296;;;;;;;;100 ms;10;;28;ЛОЖЬ;0;;;;;;;;;;;;;;Undefined;;;Delayed OFF with constant timer value;;;;;;;;;ЛОЖЬ;ИСТИНА;;;;;;;;;;;;;;;;;;;;;;;;
M;312_1520_4;;;9100;;91PAHH073_I;;ЛОЖЬ;ЛОЖЬ;;1520;;;;;;;0;;;;889;ЛОЖЬ;0;;;;;;;0=TRIP INITIATOR;;;;;;;Undefined;;;;;;;;;;;;ЛОЖЬ;ИСТИНА;;;;;;;;;;;;;;;;;;;;;;;;
AI;VM 18.04/9/17;;SYS;;;;Yes;ЛОЖЬ;;;0;ИСТИНА;Float;0-5V (VM);-9.9;99.9;;;;;;336;ЛОЖЬ;0;;None;None;None;None;;;;;;;;;Undefined;2.5;3.9;;18.04;9;17;1;Scan;;;;ЛОЖЬ;ИСТИНА;;;;;;;;;;;;;;;;;;;;;;;;
DO;91FALL029B;;COM;901-10;A_90110;WTR OF 2 TO X-9011001SX;No;ИСТИНА;ЛОЖЬ;;348;;;;;;;0;;;;1654;ИСТИНА;33891;None;;;;;;0=TRIP;;;;;;;Undefined;491;3428;;;;;;;;;;ЛОЖЬ;;;;;;;;;;;;;;;;;;;;;;Output;EPKS_UCB;ESD_912_1;418
DO;91XY051;;FLD;901-10;A_90110;INLET VALVE CTRL 91XV051;Yes;ИСТИНА;ЛОЖЬ;;366;;;;;;;0;;;;16;ИСТИНА;33536;None;;;;;;1=OPEN;;;;;;;Undefined;491;3428;;18.05;1;1;1;Appl;;;;ЛОЖЬ;;;;;;;;;;;;;;;;;;;;;;Output;EPKS_UCB;ESD_912_1;727
DI;00XS912E01P03;;CAB;901-10;S_B91_2;IB-91-2 ESD-01 ALARM PS 03;Yes;ИСТИНА;ЛОЖЬ;;18;;;;;;;;;;;10;ИСТИНА;33537;None;;;;;;0=ALARM;;;;;;;Undefined;491;3428;;18.03;1;3;1;Low;;;;ЛОЖЬ;;;;ЛОЖЬ;;;;;;;;;;;;;;;;;;Output;EPKS_UCB;ESD_912_1;694
M;300_3;;;901-10;;;;ЛОЖЬ;ЛОЖЬ;;300;;;;;;;0;;;;422;ЛОЖЬ;0;;;;;;;;;;;;;;Undefined;491;3428;;;;;;;;;;ЛОЖЬ;;;;;;;;;;;;;;;;;;;;;;;;;
M;328_3;;;901-10;;;;ЛОЖЬ;ЛОЖЬ;;328;;;;;;;0;;;;394;ЛОЖЬ;0;;;;;;;;;;;;;;Undefined;491;3428;;;;;;;;;;ЛОЖЬ;;;;;;;;;;;;;;;;;;;;;;;;;
M;620_2;;;901-10;;;;ЛОЖЬ;ЛОЖЬ;;620;;;;;;;0;;;;465;ЛОЖЬ;0;;;;;;;;;;;;;;Undefined;491;3428;;;;;;;;;;ЛОЖЬ;;;;;;;;;;;;;;;;;;;;;;;;;
DO;91LI752_TF;;COM;901-10;A_C90111;TRANSM FAULT;No;ЛОЖЬ;ЛОЖЬ;;500;;;;;;;0;;;;1761;ИСТИНА;33892;None;;;;;;0=ALARM;;;;;;;Undefined;491;3428;;;;;;;;;;ЛОЖЬ;;;;;;;;;;;;;;;;;;;;;;Output;EPKS_UCB;ESD_912_1;526
M;C352_3_G;;;9100;9100;Function block marker;;ЛОЖЬ;ЛОЖЬ;;352;;;;;;;0;;;;2720;ЛОЖЬ;0;;;;;;;;;;;;;;Undefined;;;;;;;;;;;;ЛОЖЬ;ИСТИНА;;;;;;;;;;;;;;;;;;;;;;;;
R;C2495_1;;;;;Compiler register (248, 216);;ЛОЖЬ;ЛОЖЬ;;2495;;Float;;;;;0;;;;328;ЛОЖЬ;0;;;;;;;;;;;;;;Undefined;491;3428;;;;;;;;;;ЛОЖЬ;;;;;;;;;;;;;;;;;;;;;;;;;
M;C598_3_E;;;9100;9100;Function block marker;;ЛОЖЬ;ЛОЖЬ;;598;;;;;;;0;;;;2787;ЛОЖЬ;0;;;;;;;;;;;;;;Undefined;;;;;;;;;;;;ЛОЖЬ;ИСТИНА;;;;;;;;;;;;;;;;;;;;;;;;
DI;18-CP1_Running;;SYS;;;CP 1 RUNNING;Yes;ЛОЖЬ;;;16;;;;;;;;;;;18;ЛОЖЬ;0;None;;;;;;;;;;;;;Undefined;491;3428;;;;;;;;;;ЛОЖЬ;;;;ЛОЖЬ;;;;;;;;;;;;;;;;;;;;;
M;304_182_1;;;901-10;;91TT987;;ЛОЖЬ;ЛОЖЬ;;182;;;;;;;0;;;;1347;ЛОЖЬ;0;;;;;;;1=MO CONFIRMED;;;;;;;Undefined;491;3428;;;;;;;;;;ЛОЖЬ;;;;;;;;;;;;;;;;;;;;;;;;;
M;C504_3_G;;;9100;9100;Function block marker;;ЛОЖЬ;ЛОЖЬ;;504;;;;;;;0;;;;1192;ЛОЖЬ;0;;;;;;;;;;;;;;Undefined;;;;;;;;;;;;ЛОЖЬ;ИСТИНА;;;;;;;;;;;;;;;;;;;;;;;;
M;510_1;;;901-10;;;;ЛОЖЬ;ЛОЖЬ;;510;;;;;;;0;;;;1823;ЛОЖЬ;0;;;;;;;;;;;;;;Undefined;491;3428;;;;;;;;;;ЛОЖЬ;;;;;;;;;;;;;;;;;;;;;;;;;
DO;91PDI804_TF;;COM;901-10;A_C90111;TRANSM FAULT;No;ЛОЖЬ;ЛОЖЬ;;602;;;;;;;0;;;;1995;ИСТИНА;33893;None;;;;;;0=ALARM;;;;;;;Undefined;491;3428;;;;;;;;;;ЛОЖЬ;;;;;;;;;;;;;;;;;;;;;;Output;EPKS_UCB;ESD_912_1;584
M;508_3;;;901-10;;;;ЛОЖЬ;ЛОЖЬ;;508;;;;;;;0;;;;366;ЛОЖЬ;0;;;;;;;;;;;;;;Undefined;491;3428;;;;;;;;;;ЛОЖЬ;;;;;;;;;;;;;;;;;;;;;;;;;
M;1516_6;;;;C9011001;;;ЛОЖЬ;ЛОЖЬ;;1516;;;;;;;0;;;;841;ЛОЖЬ;0;;;;;;;;;;;;;;Undefined;;;;;;;;;;;;ЛОЖЬ;ИСТИНА;;;;;;;;;;;;;;;;;;;;;;;;
M;C300_3_G;;;9100;9100;Function block marker;;ЛОЖЬ;ЛОЖЬ;;300;;;;;;;0;;;;1602;ЛОЖЬ;0;;;;;;;;;;;;;;Undefined;;;;;;;;;;;;ЛОЖЬ;ИСТИНА;;;;;;;;;;;;;;;;;;;;;;;;
T;506_1;;;9100;;;;ЛОЖЬ;ЛОЖЬ;;506;;;;;;;;100 ms;5;;556;ЛОЖЬ;0;;;;;;;;;;;;;;Undefined;;;Delayed OFF with constant timer value;;;;;;;;;ЛОЖЬ;ИСТИНА;;;;;;;;;;;;;;;;;;;;;;;;
BO;91PI751_H;;COM;901-10;A_C90111;HI ALARM SETPOINT;No;ЛОЖЬ;ЛОЖЬ;;504;;Float;;;;;0;;;;780;;0;;None;None;None;None;;;;;;;;;-XXXXX.X;;;;;;;;;;;;ЛОЖЬ;ИСТИНА;;;;;;;;;;;;;;;;;;;;;Output;EPKS_UCB;ESD_912_1;10241
T;306_1;;;901-10;;;;ЛОЖЬ;ЛОЖЬ;;306;;;;;;;;100 ms;5;;80;ЛОЖЬ;0;;;;;;;;;;;;;;Undefined;491;3428;Delayed OFF with constant timer value;;;;;;;;;ЛОЖЬ;;;;;;;;;;;;;;;;;;;;;;;;;
DO;91XY764;;MCC;901-10;A_P90110;C-9011001AX OIL PUMP PM1;Yes;ИСТИНА;ЛОЖЬ;;536;;;;;;;0;;;;173;ИСТИНА;33538;None;;;;;;0=TRIP;;;;;;;Undefined;491;3428;;18.06;11;6;1;Appl;;;;ЛОЖЬ;;;;;;;;;;;;;;;;;;;;;;Output;EPKS_UCB;ESD_912_1;799
DO;91PI774_TF;;COM;901-10;A_C90111;TRANSM FAULT;No;ЛОЖЬ;ЛОЖЬ;;510;;;;;;;0;;;;1830;ИСТИНА;33894;None;;;;;;0=ALARM;;;;;;;Undefined;491;3428;;;;;;;;;;ЛОЖЬ;;;;;;;;;;;;;;;;;;;;;;Output;EPKS_UCB;ESD_912_1;606
DO;91XY073_ESD;;COM;901-10;A_90110;91XY073 ESD TRIP;No;ЛОЖЬ;ЛОЖЬ;;398;;;;;;;0;;;;1071;ЛОЖЬ;0;None;;;;;;0=TRIP;;;;;;;Undefined;;;;;;;;;;;;ЛОЖЬ;ИСТИНА;;;;;;;;;;;;;;;;;;;;;Output;EPKS_UCB;ESD_912_1;874
DI;91HS005B_P;;COM;9100;;COMPRESSOR START;No;ИСТИНА;ИСТИНА;;624;;;;;;;0;;;;710;ИСТИНА;33794;None;;;;;;1=START;;;;;;;Undefined;491;3428;;;;;;Low;;;;ЛОЖЬ;;;;ЛОЖЬ;;;;;;;;;;;;;;Input;CC_UCB_1;ESD_912_1;39;Output;EPKS_UCB;ESD_912_1;2002
M;536_1500_1;;;9100;;91HS757_P_I;;ЛОЖЬ;ЛОЖЬ;;1500;;;;;;;0;;;;824;ЛОЖЬ;0;;;;;;;1=RESET;;;;;;;Undefined;;;;;;;;;;;;ЛОЖЬ;ИСТИНА;;;;;;;;;;;;;;;;;;;;;;;;
DO;91XY048;;MCC;901-10;A_90110;AUTO CLOSURE 91XV048;Yes;ИСТИНА;ЛОЖЬ;;424;;;;;;;0;;;;106;ЛОЖЬ;33539;None;;;;;;1=CLOSE;;;;;;;Undefined;491;3428;;18.06;3;3;1;Appl;;;;ЛОЖЬ;;;;;;;;;;;;;;;;;;;;;;;;;
M;502_522_2;;;9100;;91PDAHH754_I;;ЛОЖЬ;ЛОЖЬ;;522;;;;;;;0;;;;1893;ЛОЖЬ;0;;;;;;;0=TRIP INITIATOR;;;;;;;Undefined;491;3428;;;;;;;;;;ЛОЖЬ;;;;;;;;;;;;;;;;;;;;;;;;;
DO;91HS751A_FU;;COM;901-10;A_C90111;C-9011001AX EMER. STOP;No;ИСТИНА;ЛОЖЬ;;1508;;;;;;;0;;;;820;ИСТИНА;34118;None;;;;;;1=FIRST;;;;;;;Undefined;;;;;;;;;;;;ЛОЖЬ;ИСТИНА;;;;;;;;;;;;;;;;;;;;;Output;EPKS_UCB;ESD_912_1;824
M;336_337_1;;;;;91LT066;;ЛОЖЬ;ЛОЖЬ;;337;;;;;;;0;;;;2576;ЛОЖЬ;0;;;;;;;1=MO CONFIRMED;;;;;;;Undefined;;;;;;;;;;;;ЛОЖЬ;ИСТИНА;;;;;;;;;;;;;;;;;;;;;;;;
BO;91PI805_H;;COM;901-10;A_C90111;HI ALARM SETPOINT;No;ЛОЖЬ;ЛОЖЬ;;606;;Float;;;;;0;;;;828;;0;;None;None;None;None;;;;;;;;;-XXXXX.X;;;;;;;;;;;;ЛОЖЬ;ИСТИНА;;;;;;;;;;;;;;;;;;;;;Output;EPKS_UCB;ESD_912_1;10253
M;300_4;;;901-10;;;;ЛОЖЬ;ЛОЖЬ;;300;;;;;;;0;;;;423;ЛОЖЬ;0;;;;;;;;;;;;;;Undefined;491;3428;;;;;;;;;;ЛОЖЬ;;;;;;;;;;;;;;;;;;;;;;;;;
T;504_2;;;9100;;;;ЛОЖЬ;ЛОЖЬ;;504;;;;;;;;100 ms;5;;548;ЛОЖЬ;0;;;;;;;;;;;;;;Undefined;;;Delayed OFF with constant timer value;;;;;;;;;ЛОЖЬ;ИСТИНА;;;;;;;;;;;;;;;;;;;;;;;;
M;312_313_1;;;;;91PT073;;ЛОЖЬ;ЛОЖЬ;;313;;;;;;;0;;;;2629;ЛОЖЬ;0;;;;;;;1=MO CONFIRMED;;;;;;;Undefined;;;;;;;;;;;;ЛОЖЬ;ИСТИНА;;;;;;;;;;;;;;;;;;;;;;;;
M;C328_1_G;;;9100;9100;Function block marker;;ЛОЖЬ;ЛОЖЬ;;328;;;;;;;0;;;;1289;ЛОЖЬ;0;;;;;;;;;;;;;;Undefined;;;;;;;;;;;;ЛОЖЬ;ИСТИНА;;;;;;;;;;;;;;;;;;;;;;;;
DO;91TAHH752;;COM;901-10;A_C90111;C9011001AX GAS CYL1;No;ИСТИНА;ЛОЖЬ;;512;;;;;;;0;;;;1842;ИСТИНА;33895;None;;;;;;0=TRIP;;;;;;;Undefined;491;3428;;;;;;;;;;ЛОЖЬ;;;;;;;;;;;;;;;;;;;;;;Output;EPKS_UCB;ESD_912_1;624
M;2470_2;;;;;;;ЛОЖЬ;ЛОЖЬ;;2470;;;;;;;0;;;;133;ЛОЖЬ;0;;;;;;;;;;;;;;Undefined;491;3428;;;;;;;;;;ЛОЖЬ;;;;;;;;;;;;;;;;;;;;;;;;;
M;600_622_2;;;9100;;91LAHH802_I;;ЛОЖЬ;ЛОЖЬ;;622;;;;;;;0;;;;1938;ЛОЖЬ;0;;;;;;;0=TRIP INITIATOR;;;;;;;Undefined;491;3428;;;;;;;;;;ЛОЖЬ;;;;;;;;;;;;;;;;;;;;;;;;;
M;320_182_1;;;901-10;;91PT099;;ЛОЖЬ;ЛОЖЬ;;182;;;;;;;0;;;;1464;ЛОЖЬ;0;;;;;;;1=MO CONFIRMED;;;;;;;Undefined;491;3428;;;;;;;;;;ЛОЖЬ;;;;;;;;;;;;;;;;;;;;;;;;;
AI;91PI779;;FLD;901-10;A_C90111;C-9011001AX FLUSHING GAS;Yes;ИСТИНА;ЛОЖЬ;;508;ИСТИНА;Float;4-20mA;0;1.6;MPa-g;;;;;32;ЛОЖЬ;33975;;None;None;None;None;;;;-0.4;-0.4;;;;-XXXXX.X;3.64;22;;18.04;1;9;1;Bottom scale;;;;ЛОЖЬ;;ЛОЖЬ;;;;;;;;;;;;;;;;;;;;Output;EPKS_UCB;ESD_912_1;10095
M;344_358_1;;;901-10;;GROUP SHUTDOWN;;ЛОЖЬ;ЛОЖЬ;;358;;;;;;;0;;;;1456;ЛОЖЬ;0;;;;;;;0=TRIP;;;;;;;Undefined;491;3428;;;;;;;;;;ЛОЖЬ;;;;;;;;;;;;;;;;;;;;;;;;;
DI;91LI052_MOR;;COM;;;MO REQUEST;No;ЛОЖЬ;ИСТИНА;;321;;;;;;;0;;;;2193;ЛОЖЬ;0;None;;;;;;1=REQUEST;;;;;;;Undefined;491;3428;;;;;;Freeze;;;;ЛОЖЬ;;;;ЛОЖЬ;;;;;;;;;;;;;;;;;;Input;EPKS_UCB;ESD_912_1;50
M;316_386_2;;;901-10;;91PAHH081_I;;ЛОЖЬ;ЛОЖЬ;;386;;;;;;;0;;;;1663;ЛОЖЬ;0;;;;;;;0=TRIP INITIATOR;;;;;;;Undefined;491;3428;;;;;;;;;;ЛОЖЬ;;;;;;;;;;;;;;;;;;;;;;;;;
AI;91PI050;;FLD;901-10;A_90110;AIR TO V-9011008;Yes;ИСТИНА;ЛОЖЬ;;438;ИСТИНА;Float;4-20mA;0;1.6;MPa-g;;;;;204;ЛОЖЬ;33976;;None;None;None;None;;;;-0.4;-0.4;;;;-XXXXX.X;3.64;22;;18.04;7;1;1;Bottom scale;;;;ЛОЖЬ;;ЛОЖЬ;;;;;;;;;;;;;;;;;;;;Output;EPKS_UCB;ESD_912_1;10084
T;322_5;;;9100;;;;ЛОЖЬ;ЛОЖЬ;;322;;;;;;;;100 ms;5;;632;ЛОЖЬ;0;;;;;;;;;;;;;;Undefined;;;Delayed OFF with constant timer value;;;;;;;;;ЛОЖЬ;ИСТИНА;;;;;;;;;;;;;;;;;;;;;;;;
DI;00XS912E01ELD;;CAB;901-10;S_B91_2;IB-91-2 ESD-01 ALARM ELD;Yes;ИСТИНА;ЛОЖЬ;;18;;;;;;;;;;;1;ИСТИНА;33542;None;;;;;;0=ALARM;;;;;;;Undefined;491;3428;;18.03;1;10;1;Low;;;;ЛОЖЬ;;;;ЛОЖЬ;;;;;;;;;;;;;;;;;;Output;EPKS_UCB;ESD_912_1;690
M;C302_4_C;;;9100;9100;Function block marker;;ЛОЖЬ;ЛОЖЬ;;302;;;;;;;0;;;;2608;ЛОЖЬ;0;;;;;;;;;;;;;;Undefined;;;;;;;;;;;;ЛОЖЬ;ИСТИНА;;;;;;;;;;;;;;;;;;;;;;;;
DO;91PI080_TF;;COM;9100;;TRANSM FAULT;No;ЛОЖЬ;ЛОЖЬ;;316;;;;;;;0;;;;2645;ИСТИНА;33915;None;;;;;;0=ALARM;0=ALARM;;;;;;Undefined;;;;;;;;;;;;ЛОЖЬ;ИСТИНА;;;;;;;;;;;;;;;;;;;;;Output;EPKS_UCB;ESD_912_1;958
BO;91PI802_LL;;COM;901-10;A_C90111;LL TRIP SETPOINT;No;ИСТИНА;ЛОЖЬ;;605;;Float;;;;;0;;;;700;;34077;;;;;;;;;0;0;;;;-XXXXX.X;491;3428;;;;;;;;;;ЛОЖЬ;;;;;;;;;;;;;;;;;;;;;;Output;EPKS_UCB;ESD_912_1;10168
M;516_1504_2;;;9100;;91TAHH758_I;;ЛОЖЬ;ЛОЖЬ;;1504;;;;;;;0;;;;87;ЛОЖЬ;0;;;;;;;0=TRIP INITIATOR;;;;;;;Undefined;;;;;;;;;;;;ЛОЖЬ;ИСТИНА;;;;;;;;;;;;;;;;;;;;;;;;
M;368_2;;;9100;;;;ЛОЖЬ;ЛОЖЬ;;368;;;;;;;0;;;;754;ЛОЖЬ;0;;;;;;;;;;;;;;Undefined;491;3428;;;;;;;;;;ЛОЖЬ;;;;;;;;;;;;;;;;;;;;;;;;;
M;C320_1_F;;;9100;9100;Function block marker;;ЛОЖЬ;ЛОЖЬ;;320;;;;;;;0;;;;2730;ЛОЖЬ;0;;;;;;;;;;;;;;Undefined;;;;;;;;;;;;ЛОЖЬ;ИСТИНА;;;;;;;;;;;;;;;;;;;;;;;;
DI;18-InputCompare;;SYS;;;INPUT COMPARE FAULT;Yes;ЛОЖЬ;;;17;;;;;;;;;;;34;ЛОЖЬ;0;None;;;;;;;;;;;;;Undefined;491;3428;;;;;;;;;;ЛОЖЬ;;;;ЛОЖЬ;;;;;;;;;;;;;;;;;;;;;
M;306_464_2;;;901-10;;91TAHH990_I;;ЛОЖЬ;ЛОЖЬ;;464;;;;;;;0;;;;1548;ЛОЖЬ;0;;;;;;;0=TRIP INITIATOR;;;;;;;Undefined;491;3428;;;;;;;;;;ЛОЖЬ;;;;;;;;;;;;;;;;;;;;;;;;;
M;500_186_1;;;901-10;;91LT752;;ЛОЖЬ;ЛОЖЬ;;186;;;;;;;0;;;;1749;ЛОЖЬ;0;;;;;;;1=MO CONFIRMED;;;;;;;Undefined;491;3428;;;;;;;;;;ЛОЖЬ;;;;;;;;;;;;;;;;;;;;;;;;;
M;C2495_1;;;;;Compiler marker (200, 156);;ЛОЖЬ;ЛОЖЬ;;2495;;;;;;;0;;;;156;ЛОЖЬ;0;;;;;;;;;;;;;;Undefined;491;3428;;;;;;;;;;ЛОЖЬ;;;;;;;;;;;;;;;;;;;;;;;;;
M;612_7;;;9100;;;;ЛОЖЬ;ЛОЖЬ;;612;;;;;;;0;;;;1930;ЛОЖЬ;0;;;;;;;;;;;;;;Undefined;;;;;;;;;;;;ЛОЖЬ;ИСТИНА;;;;;;;;;;;;;;;;;;;;;;;;
M;C348_2_B;;;9100;9100;Function block marker;;ЛОЖЬ;ЛОЖЬ;;348;;;;;;;0;;;;1932;ЛОЖЬ;0;;;;;;;;;;;;;;Undefined;491;3428;;;;;;;;;;ЛОЖЬ;;;;;;;;;;;;;;;;;;;;;;;;;
M;315_380_1;;;9100;;91PALL076_I;;ЛОЖЬ;ЛОЖЬ;;380;;;;;;;0;;;;2651;ЛОЖЬ;0;;;;;;;0=TRIP INITIATOR;;;;;;;Undefined;;;;;;;;;;;;ЛОЖЬ;ИСТИНА;;;;;;;;;;;;;;;;;;;;;;;;
T;344_1;;;901-10;;;;ЛОЖЬ;ЛОЖЬ;;344;;;;;;;;100 ms;10;;240;ЛОЖЬ;0;;;;;;;;;;;;;;Undefined;491;3428;Delayed OFF with constant timer value;;;;;;;;;ЛОЖЬ;;;;;;;;;;;;;;;;;;;;;;;;;
M;2480_3;;;;;;;ЛОЖЬ;ЛОЖЬ;;2480;;;;;;;0;;;;1220;ЛОЖЬ;0;;;;;;;;;;;;;;Undefined;491;3428;;;;;;;;;;ЛОЖЬ;;;;;;;;;;;;;;;;;;;;;;;;;
BO;91LI061_HH;;COM;901-10;A_90110;HH TRIP SETPOINT (%);No;ИСТИНА;ЛОЖЬ;;328;;Float;;;;;0;;;;588;;34078;;;;;;;;;0;0;;;;-XXXXX.X;491;3428;;;;;;;;;;ЛОЖЬ;;;;;;;;;;;;;;;;;;;;;;Output;EPKS_UCB;ESD_912_1;10127
M;348_3;;;901-10;;;;ЛОЖЬ;ЛОЖЬ;;348;;;;;;;0;;;;382;ЛОЖЬ;0;;;;;;;;;;;;;;Undefined;491;3428;;;;;;;;;;ЛОЖЬ;;;;;;;;;;;;;;;;;;;;;;;;;
M;C1500_1_I;;;;;Function block marker;;ЛОЖЬ;ЛОЖЬ;;1500;;;;;;;0;;;;997;ЛОЖЬ;0;;;;;;;;;;;;;;Undefined;;;;;;;;;;;;ЛОЖЬ;ИСТИНА;;;;;;;;;;;;;;;;;;;;;;;;
DO;91LI073_TF;;COM;901-10;A_90110;TRANSM FAULT;No;ЛОЖЬ;ЛОЖЬ;;338;;;;;;;0;;;;1597;ИСТИНА;33896;None;;;;;;0=ALARM;;;;;;;Undefined;491;3428;;;;;;;;;;ЛОЖЬ;;;;;;;;;;;;;;;;;;;;;;Output;EPKS_UCB;ESD_912_1;518
M;326_330_3;;;901-10;;91LAHH058_I;;ЛОЖЬ;ЛОЖЬ;;330;;;;;;;0;;;;1533;ЛОЖЬ;0;;;;;;;0=TRIP INITIATOR;;;;;;;Undefined;491;3428;;;;;;;;;;ЛОЖЬ;;;;;;;;;;;;;;;;;;;;;;;;;
DO;91XY092_O_ESD;;COM;901-10;A_90110;91XY092 ESD TRIP;No;ЛОЖЬ;ЛОЖЬ;;402;;;;;;;0;;;;1077;ЛОЖЬ;0;None;;;;;;0=TRIP;;;;;;;Undefined;;;;;;;;;;;;ЛОЖЬ;ИСТИНА;;;;;;;;;;;;;;;;;;;;;Output;EPKS_UCB;ESD_912_1;876
M;C250_3_E;;;4300;4300;Function block marker;;ЛОЖЬ;ЛОЖЬ;;250;;;;;;;0;;;;2105;ЛОЖЬ;0;;;;;;;;;;;;;;Undefined;491;3428;;;;;;;;;;ЛОЖЬ;;;;;;;;;;;;;;;;;;;;;;;;;
M;340_416_3;;;9100;;91LAHH077_I;;ЛОЖЬ;ЛОЖЬ;;416;;;;;;;0;;;;1728;ЛОЖЬ;0;;;;;;;0=TRIP INITIATOR;;;;;;;Undefined;491;3428;;;;;;;;;;ЛОЖЬ;;;;;;;;;;;;;;;;;;;;;;;;;
M;624_1;;;901-10;;;;ЛОЖЬ;ЛОЖЬ;;624;;;;;;;0;;;;1846;ЛОЖЬ;0;;;;;;;;;;;;;;Undefined;491;3428;;;;;;;;;;ЛОЖЬ;;;;;;;;;;;;;;;;;;;;;;;;;
DO;91TAHH808_FU;;COM;901-10;A_C90111;C9011001SX COOL H2O;No;ИСТИНА;ЛОЖЬ;;1518;;;;;;;0;;;;914;ИСТИНА;34132;None;;;;;;1=FIRST;;;;;;;Undefined;;;;;;;;;;;;ЛОЖЬ;ИСТИНА;;;;;;;;;;;;;;;;;;;;;Output;EPKS_UCB;ESD_912_1;838
M;344_442_3;;;901-10;;GROUP-SHUTDOWN;;ЛОЖЬ;ЛОЖЬ;;442;;;;;;;0;;;;1667;ЛОЖЬ;0;;;;;;;0=TRIP;;;;;;;Undefined;491;3428;;;;;;;;;;ЛОЖЬ;;;;;;;;;;;;;;;;;;;;;;;;;
BO;91PI752_LL;;COM;901-10;A_C90111;LL TRIP SETPOINT;No;ИСТИНА;ЛОЖЬ;;505;;Float;;;;;0;;;;512;;34079;;;;;;;;;0;0;;;;-XXXXX.X;491;3428;;;;;;;;;;ЛОЖЬ;;;;;;;;;;;;;;;;;;;;;;Output;EPKS_UCB;ESD_912_1;10162
DO;91TI105_TF;;COM;901-10;A_C90111;TRANSM FAULT;No;ЛОЖЬ;ЛОЖЬ;;300;;;;;;;0;;;;2596;ИСТИНА;33834;None;;;;;;0=ALARM;0=ALARM;;;;;;Undefined;;;;;;;;;;;;ЛОЖЬ;ИСТИНА;;;;;;;;;;;;;;;;;;;;;Output;EPKS_UCB;ESD_912_1;952
M;C2470_1;;;;;Compiler marker (176, 60);;ЛОЖЬ;ЛОЖЬ;;2470;;;;;;;0;;;;169;ЛОЖЬ;0;;;;;;;;;;;;;;Undefined;491;3428;;;;;;;;;;ЛОЖЬ;;;;;;;;;;;;;;;;;;;;;;;;;
M;C504_3_E;;;9100;9100;Function block marker;;ЛОЖЬ;ЛОЖЬ;;504;;;;;;;0;;;;1190;ЛОЖЬ;0;;;;;;;;;;;;;;Undefined;;;;;;;;;;;;ЛОЖЬ;ИСТИНА;;;;;;;;;;;;;;;;;;;;;;;;
DO;91ZALL801_FU;;COM;901-10;A_C90111;C-9011001SX HANDWHEEL;No;ИСТИНА;ЛОЖЬ;;1518;;;;;;;0;;;;917;ИСТИНА;34135;None;;;;;;1=FIRST;;;;;;;Undefined;;;;;;;;;;;;ЛОЖЬ;ИСТИНА;;;;;;;;;;;;;;;;;;;;;Output;EPKS_UCB;ESD_912_1;841
DO;91PAHH063_CA;;COM;901-10;A_90110;CAUSE ALARM;No;ЛОЖЬ;ЛОЖЬ;;310;;;;;;;0;;;;1386;ЛОЖЬ;0;None;;;;;;0=ALARM;;;;;;;Undefined;491;3428;;;;;;;;;;ЛОЖЬ;;;;;;;;;;;;;;;;;;;;;;Output;EPKS_UCB;ESD_912_1;531
M;C338_3_G;;;9100;9100;Function block marker;;ЛОЖЬ;ЛОЖЬ;;338;;;;;;;0;;;;2604;ЛОЖЬ;0;;;;;;;;;;;;;;Undefined;;;;;;;;;;;;ЛОЖЬ;ИСТИНА;;;;;;;;;;;;;;;;;;;;;;;;
T;602_3;;;9100;;;;ЛОЖЬ;ЛОЖЬ;;602;;;;;;;;100 ms;5;;148;ЛОЖЬ;0;;;;;;;;;;;;;;Undefined;;;Delayed OFF with constant timer value;;;;;;;;;ЛОЖЬ;ИСТИНА;;;;;;;;;;;;;;;;;;;;;;;;
M;528_530_3;;;901-10;;CAPACITY 75%;;ЛОЖЬ;ЛОЖЬ;;530;;;;;;;0;;;;436;ЛОЖЬ;0;;;;;;;1=ACTIVE;;;;;;;Undefined;491;3428;;;;;;;;;;ЛОЖЬ;;;;;;;;;;;;;;;;;;;;;;;;;
M;C596_2_F;;;9100;9100;Function block marker;;ЛОЖЬ;ЛОЖЬ;;596;;;;;;;0;;;;2798;ЛОЖЬ;0;;;;;;;;;;;;;;Undefined;;;;;;;;;;;;ЛОЖЬ;ИСТИНА;;;;;;;;;;;;;;;;;;;;;;;;
R;2457_D;;;;;Input 4;;ЛОЖЬ;ЛОЖЬ;;2457;;Float;;;;;0;;;;132;ЛОЖЬ;0;;;;;;;;;;;;;;Undefined;491;3428;;;;;;;;;;ЛОЖЬ;;;;;;;;;;;;;;;;;;;;;;;;;
M;C506_5_F;;;9100;9100;Function block marker;;ЛОЖЬ;ЛОЖЬ;;506;;;;;;;0;;;;2879;ЛОЖЬ;0;;;;;;;;;;;;;;Undefined;;;;;;;;;;;;ЛОЖЬ;ИСТИНА;;;;;;;;;;;;;;;;;;;;;;;;
M;1524_1514_1;;;;C9011001;FIRST OUT SEQUENCE;;ЛОЖЬ;ЛОЖЬ;;1514;;;;;;;0;;;;866;ЛОЖЬ;0;;;;;;;1=FU ALARM;;;;;;;Undefined;;;;;;;;;;;;ЛОЖЬ;ИСТИНА;;;;;;;;;;;;;;;;;;;;;;;;
M;534_3;;;9100;;;;ЛОЖЬ;ЛОЖЬ;;534;;;;;;;0;;;;1044;ЛОЖЬ;0;;;;;;;;;;;;;;Undefined;;;;;;;;;;;;ЛОЖЬ;ИСТИНА;;;;;;;;;;;;;;;;;;;;;;;;
M;1308_1309_1;;;;;common_alarm;;ЛОЖЬ;ЛОЖЬ;;1309;;;;;;;0;;;;468;ЛОЖЬ;0;;;;;;;0=ALARM;;;;;;;Undefined;;;;;;;;;;;;ЛОЖЬ;ИСТИНА;;;;;;;;;;;;;;;;;;;;;;;;
M;536_3;;;9100;;;;ЛОЖЬ;ЛОЖЬ;;536;;;;;;;0;;;;1031;ЛОЖЬ;0;;;;;;;;;;;;;;Undefined;;;;;;;;;;;;ЛОЖЬ;ИСТИНА;;;;;;;;;;;;;;;;;;;;;;;;
M;2496_D;;;;;0=ALARM;;ЛОЖЬ;ЛОЖЬ;;2496;;;;;;;0;;;;185;ЛОЖЬ;0;;;;;;;;;;;;;;Undefined;491;3428;;;;;;;;;;ЛОЖЬ;;;;;;;;;;;;;;;;;;;;;;;;;
DO;91HA119_FU;;COM;901-10;A_90110;BUTTON LCSA2;No;ИСТИНА;ЛОЖЬ;;1528;;;;;;;0;;;;1026;ИСТИНА;34154;None;;;;;;1=FIRST;;;;;;;Undefined;;;;;;;;;;;;ЛОЖЬ;ИСТИНА;;;;;;;;;;;;;;;;;;;;;Output;EPKS_UCB;ESD_912_1;860
T;334_1;;;9100;;;;ЛОЖЬ;ЛОЖЬ;;334;;;;;;;;100 ms;5;;688;ЛОЖЬ;0;;;;;;;;;;;;;;Undefined;;;Delayed OFF with constant timer value;;;;;;;;;ЛОЖЬ;ИСТИНА;;;;;;;;;;;;;;;;;;;;;;;;
DO;18-FaultReset;;SYS;;;FAULT RESET;No;ЛОЖЬ;;;17;;;;;;;;;;;36;ЛОЖЬ;0;None;;;;;;;;;;;;;Undefined;491;3428;;;;;;;;;;ЛОЖЬ;;;;;;;;;;;;;;;;;;;;;;;;;
BO;91PI779_LL;;COM;901-10;A_C90111;LL TRIP SETPOINT;No;ИСТИНА;ЛОЖЬ;;508;;Float;;;;;0;;;;552;;34080;;;;;;;;;0;0;;;;-XXXXX.X;491;3428;;;;;;;;;;ЛОЖЬ;;;;;;;;;;;;;;;;;;;;;;Output;EPKS_UCB;ESD_912_1;10166
DO;91XY806;;FLD;901-10;A_C90111;C9011001SX EL.UNLOAD VLV;Yes;ИСТИНА;ЛОЖЬ;;636;;;;;;;0;;;;11;ИСТИНА;33543;None;;;;;;0=TRIP;;;;;;;Undefined;491;3428;;18.04;15;4;1;Appl;;;;ЛОЖЬ;;;;;;;;;;;;;;;;;;;;;;Output;EPKS_UCB;ESD_912_1;752
R;316_317_3;;;;;91PI081;;ЛОЖЬ;ЛОЖЬ;;317;;Float;;;;;0;;;;88;ЛОЖЬ;0;;;;;;;;;;;;;;Undefined;;;;;;;;;;;;ЛОЖЬ;ИСТИНА;;;;;;;;;;;;;;;;;;;;;;;;
M;1514_6;;;;C9011001;;;ЛОЖЬ;ЛОЖЬ;;1514;;;;;;;0;;;;835;ЛОЖЬ;0;;;;;;;;;;;;;;Undefined;;;;;;;;;;;;ЛОЖЬ;ИСТИНА;;;;;;;;;;;;;;;;;;;;;;;;
DO;91HS852A;;COM;901-10;A_90110;ESD MOS ENA REA 901-10;No;ИСТИНА;ЛОЖЬ;;171;;;;;;;0;;;;200;ИСТИНА;33898;None;;;;;;1=ENABLED;;;;;;;Undefined;491;3428;;;;;;;;;;ЛОЖЬ;;;;;;;;;;;;;;;;;;;;;;Output;EPKS_UCB;ESD_912_1;480
BO;91PI774_LL;;COM;901-10;A_C90111;LL TRIP SETPOINT;No;ИСТИНА;ЛОЖЬ;;510;;Float;;;;;0;;;;568;;34081;;;;;;;;;0;0;;;;-XXXXX.X;491;3428;;;;;;;;;;ЛОЖЬ;;;;;;;;;;;;;;;;;;;;;;Output;EPKS_UCB;ESD_912_1;10164
DI;91HS812_P;;COM;9100;;LAMP TEST;No;ИСТИНА;ИСТИНА;;624;;;;;;;0;;;;709;ИСТИНА;33477;None;;;;;;1=LAMP ON;;;;;;;Undefined;491;3428;;;;;;Low;;;;ЛОЖЬ;;;;ЛОЖЬ;;;;;;;;;;;;;;Input;CC_UCB_1;ESD_912_1;38;Output;EPKS_UCB;ESD_912_1;2029
M;304_452_2;;;901-10;;91TAHH987_I;;ЛОЖЬ;ЛОЖЬ;;452;;;;;;;0;;;;1735;ЛОЖЬ;0;;;;;;;0=TRIP INITIATOR;;;;;;;Undefined;491;3428;;;;;;;;;;ЛОЖЬ;;;;;;;;;;;;;;;;;;;;;;;;;
M;C518_3_E;;;9100;9100;Function block marker;;ЛОЖЬ;ЛОЖЬ;;518;;;;;;;0;;;;2802;ЛОЖЬ;0;;;;;;;;;;;;;;Undefined;;;;;;;;;;;;ЛОЖЬ;ИСТИНА;;;;;;;;;;;;;;;;;;;;;;;;
DI;00XS912E01P02;;CAB;901-10;S_B91_2;IB-91-2 ESD-01 ALARM PS 02;Yes;ИСТИНА;ЛОЖЬ;;18;;;;;;;;;;;9;ИСТИНА;33544;None;;;;;;0=ALARM;;;;;;;Undefined;491;3428;;18.03;1;2;1;Low;;;;ЛОЖЬ;;;;ЛОЖЬ;;;;;;;;;;;;;;;;;;Output;EPKS_UCB;ESD_912_1;693
M;C313_1_G;;;;;Function block marker;;ЛОЖЬ;ЛОЖЬ;;313;;;;;;;0;;;;2627;ЛОЖЬ;0;;;;;;;;;;;;;;Undefined;;;;;;;;;;;;ЛОЖЬ;ИСТИНА;;;;;;;;;;;;;;;;;;;;;;;;
DO;91XY079;;MCC;901-10;A_90110;AUTO CLOSURE 91XV079;Yes;ИСТИНА;ЛОЖЬ;;442;;;;;;;0;;;;123;ЛОЖЬ;33545;None;;;;;;1=CLOSE;;;;;;;Undefined;491;3428;;18.06;5;4;1;Appl;;;;ЛОЖЬ;;;;;;;;;;;;;;;;;;;;;;;;;
DO;91PI802_TF;;COM;901-10;A_C90111;TRANSM FAULT;No;ЛОЖЬ;ЛОЖЬ;;604;;;;;;;0;;;;2002;ИСТИНА;33900;None;;;;;;0=ALARM;;;;;;;Undefined;491;3428;;;;;;;;;;ЛОЖЬ;;;;;;;;;;;;;;;;;;;;;;Output;EPKS_UCB;ESD_912_1;611
DI;91HS054B;;COM;901-10;A_90110;91XV054 CLOSE;No;ЛОЖЬ;ИСТИНА;;372;;;;;;;0;;;;2175;ЛОЖЬ;0;None;;;;;;1=CLOSE (MOM);;;;;;;Undefined;;;;;;;;Low;;;;ЛОЖЬ;ИСТИНА;;;ЛОЖЬ;;;;;;;;;;;;;;;;;;Input;EPKS_UCB;ESD_912_1;126
DO;91PALL770_CA;;COM;901-10;;CAUSE ALARM;No;ЛОЖЬ;ЛОЖЬ;;510;;;;;;;0;;;;1127;ЛОЖЬ;0;None;;;;;;0=ALARM;0=ALARM;;;;;;Undefined;;;;;;;;;;;;ЛОЖЬ;ИСТИНА;;;;;;;;;;;;;;;;;;;;;Output;EPKS_UCB;ESD_912_1;915
DO;91XY004;;MCC;901-10;A_C90111;CM-9011001AX STOP;Yes;ИСТИНА;ЛОЖЬ;;536;;;;;;;0;;;;170;ИСТИНА;33546;None;;;;;;0=TRIP;;;;;;;Undefined;491;3428;;18.06;11;3;1;Appl;;;;ЛОЖЬ;;;;;;;;;;;;;;;;;;;;;;Output;EPKS_UCB;ESD_912_1;762
M;630_636_1;;;901-10;;91XY804A;;ЛОЖЬ;ЛОЖЬ;;636;;;;;;;0;;;;456;ЛОЖЬ;0;;;;;;;1=ACTIVE;;;;;;;Undefined;491;3428;;;;;;;;;;ЛОЖЬ;;;;;;;;;;;;;;;;;;;;;;;;;
M;438_186_1;;;901-10;;91PT050;;ЛОЖЬ;ЛОЖЬ;;186;;;;;;;0;;;;1613;ЛОЖЬ;0;;;;;;;1=MO CONFIRMED;;;;;;;Undefined;491;3428;;;;;;;;;;ЛОЖЬ;;;;;;;;;;;;;;;;;;;;;;;;;
M;C334_1_G;;;9100;9100;Function block marker;;ЛОЖЬ;ЛОЖЬ;;334;;;;;;;0;;;;2573;ЛОЖЬ;0;;;;;;;;;;;;;;Undefined;;;;;;;;;;;;ЛОЖЬ;ИСТИНА;;;;;;;;;;;;;;;;;;;;;;;;
M;521_1500_1;;;;C9011001;91LALL754_I;;ЛОЖЬ;ЛОЖЬ;;1500;;;;;;;0;;;;2749;ЛОЖЬ;0;;;;;;;0=TRIP;;;;;;;Undefined;;;;;;;;;;;;ЛОЖЬ;ИСТИНА;;;;;;;;;;;;;;;;;;;;;;;;
M;510_186_1;;;901-10;;91PT774;;ЛОЖЬ;ЛОЖЬ;;186;;;;;;;0;;;;1828;ЛОЖЬ;0;;;;;;;1=MO CONFIRMED;;;;;;;Undefined;491;3428;;;;;;;;;;ЛОЖЬ;;;;;;;;;;;;;;;;;;;;;;;;;
M;614_4;;;901-10;;;;ЛОЖЬ;ЛОЖЬ;;614;;;;;;;0;;;;341;ЛОЖЬ;0;;;;;;;;;;;;;;Undefined;491;3428;;;;;;;;;;ЛОЖЬ;;;;;;;;;;;;;;;;;;;;;;;;;
T;312_3;;;9100;;;;ЛОЖЬ;ЛОЖЬ;;312;;;;;;;;100 ms;5;;776;ЛОЖЬ;0;;;;;;;;;;;;;;Undefined;;;Delayed OFF with constant timer value;;;;;;;;;ЛОЖЬ;ИСТИНА;;;;;;;;;;;;;;;;;;;;;;;;
M;308_464_2;;;9100;;91TAHH993_I;;ЛОЖЬ;ЛОЖЬ;;464;;;;;;;0;;;;1027;ЛОЖЬ;0;;;;;;;0=TRIP INITIATOR;;;;;;;Undefined;;;;;;;;;;;;ЛОЖЬ;ИСТИНА;;;;;;;;;;;;;;;;;;;;;;;;
DO;91TAHH758;;COM;901-10;A_C90111;C9011001AX COOL H2O;No;ИСТИНА;ЛОЖЬ;;516;;;;;;;0;;;;1870;ИСТИНА;33901;None;;;;;;0=TRIP;;;;;;;Undefined;491;3428;;;;;;;;;;ЛОЖЬ;;;;;;;;;;;;;;;;;;;;;;Output;EPKS_UCB;ESD_912_1;628
DO;91HA005A1_FU;;COM;901-10;A_90110;COMP STOP C9011001SX;No;ИСТИНА;ЛОЖЬ;;1522;;;;;;;0;;;;927;ИСТИНА;34145;None;;;;;;1=FIRST;;;;;;;Undefined;;;;;;;;;;;;ЛОЖЬ;ИСТИНА;;;;;;;;;;;;;;;;;;;;;Output;EPKS_UCB;ESD_912_1;851
DO;91TAHH811_CA;;COM;901-10;A_C90111;CAUSE ALARM;No;ЛОЖЬ;ЛОЖЬ;;618;;;;;;;0;;;;1888;ЛОЖЬ;0;None;;;;;;0=ALARM;;;;;;;Undefined;491;3428;;;;;;;;;;ЛОЖЬ;;;;;;;;;;;;;;;;;;;;;;Output;EPKS_UCB;ESD_912_1;639
DI;91TI804_MOR;;COM;901-10;A_C90111;MO REQUEST;No;ЛОЖЬ;ИСТИНА;;614;;;;;;;0;;;;2236;ЛОЖЬ;0;None;;;;;;1=REQUEST;;;;;;;Undefined;491;3428;;;;;;Freeze;;;;ЛОЖЬ;;;;ЛОЖЬ;;;;;;;;;;;;;;;;;;Input;EPKS_UCB;ESD_912_1;93
M;C512_1_E;;;9100;9100;Function block marker;;ЛОЖЬ;ЛОЖЬ;;512;;;;;;;0;;;;1714;ЛОЖЬ;0;;;;;;;;;;;;;;Undefined;491;3428;;;;;;;;;;ЛОЖЬ;;;;;;;;;;;;;;;;;;;;;;;;;
M;C608_6_F;;;9100;9100;Function block marker;;ЛОЖЬ;ЛОЖЬ;;608;;;;;;;0;;;;2822;ЛОЖЬ;0;;;;;;;;;;;;;;Undefined;;;;;;;;;;;;ЛОЖЬ;ИСТИНА;;;;;;;;;;;;;;;;;;;;;;;;
DO;91PI829_TF;;COM;901-10;A_C90111;TRANSM FAULT;No;ЛОЖЬ;ЛОЖЬ;;608;;;;;;;0;;;;2012;ИСТИНА;33903;None;;;;;;0=ALARM;;;;;;;Undefined;491;3428;;;;;;;;;;ЛОЖЬ;;;;;;;;;;;;;;;;;;;;;;Output;EPKS_UCB;ESD_912_1;618
DI;91ZSLL801;;FLD;901-10;A_C90111;C-9011001SX HANDWHEEL;Yes;ИСТИНА;ЛОЖЬ;;620;;;;;;;;;;;65;ИСТИНА;33547;None;;;;;;0=TRIP;;;;;;;Undefined;491;3428;;18.03;9;10;1;Low;;;;ЛОЖЬ;;;;ЛОЖЬ;;;;;;;;;;;;;;;;;;Output;EPKS_UCB;ESD_912_1;710
M;C605_4_E;;;;;Function block marker;;ЛОЖЬ;ЛОЖЬ;;605;;;;;;;0;;;;2834;ЛОЖЬ;0;;;;;;;;;;;;;;Undefined;;;;;;;;;;;;ЛОЖЬ;ИСТИНА;;;;;;;;;;;;;;;;;;;;;;;;
M;C348_3_G;;;9100;9100;Function block marker;;ЛОЖЬ;ЛОЖЬ;;348;;;;;;;0;;;;2724;ЛОЖЬ;0;;;;;;;;;;;;;;Undefined;;;;;;;;;;;;ЛОЖЬ;ИСТИНА;;;;;;;;;;;;;;;;;;;;;;;;
M;1506_4;;;;C9011001;;;ЛОЖЬ;ЛОЖЬ;;1506;;;;;;;0;;;;62;ЛОЖЬ;0;;;;;;;;;;;;;;Undefined;;;;;;;;;;;;ЛОЖЬ;ИСТИНА;;;;;;;;;;;;;;;;;;;;;;;;
M;C1504_1_H;;;;;Function block marker;;ЛОЖЬ;ЛОЖЬ;;1504;;;;;;;0;;;;984;ЛОЖЬ;0;;;;;;;;;;;;;;Undefined;;;;;;;;;;;;ЛОЖЬ;ИСТИНА;;;;;;;;;;;;;;;;;;;;;;;;
BO;91LI495_LL;;COM;901-05;A_90105;LL TRIP SETPOINT (%);No;ИСТИНА;ЛОЖЬ;;250;;Float;;;;;0;;;;448;;34082;;;;;;;;;0;0;;;;-XXXXX.X;491;3428;;;;;;;;;;ЛОЖЬ;;;;;;;;;;;;;;;;;;;;;;Output;EPKS_UCB;ESD_912_1;10143
M;C352_1_G;;;9100;9100;Function block marker;;ЛОЖЬ;ЛОЖЬ;;352;;;;;;;0;;;;1210;ЛОЖЬ;0;;;;;;;;;;;;;;Undefined;;;;;;;;;;;;ЛОЖЬ;ИСТИНА;;;;;;;;;;;;;;;;;;;;;;;;
M;390_1;;;901-10;;;;ЛОЖЬ;ЛОЖЬ;;390;;;;;;;0;;;;1670;ЛОЖЬ;0;;;;;;;;;;;;;;Undefined;491;3428;;;;;;;;;;ЛОЖЬ;;;;;;;;;;;;;;;;;;;;;;;;;
M;314_1;;;901-10;;;;ЛОЖЬ;ЛОЖЬ;;314;;;;;;;0;;;;1409;ЛОЖЬ;0;;;;;;;;;;;;;;Undefined;491;3428;;;;;;;;;;ЛОЖЬ;;;;;;;;;;;;;;;;;;;;;;;;;
DO;18_07_SNESD_FLT;;FSC;;;ESD912_1 to ESD001_2;No;ЛОЖЬ;ЛОЖЬ;;20;;;;;;;0;;;;749;ЛОЖЬ;0;None;;;;;;0=Fault;;;;;;;Undefined;491;3428;;;;;;;;;;ЛОЖЬ;;;;;;Output;ESD_002_1;ESD_912_1;7;;;;;;;;;;;;;;;;
M;334_184_1;;;901-10;;91LT064;;ЛОЖЬ;ЛОЖЬ;;184;;;;;;;0;;;;1559;ЛОЖЬ;0;;;;;;;1=MO CONFIRMED;;;;;;;Undefined;491;3428;;;;;;;;;;ЛОЖЬ;;;;;;;;;;;;;;;;;;;;;;;;;
M;536_1;;;9100;;;;ЛОЖЬ;ЛОЖЬ;;536;;;;;;;0;;;;1029;ЛОЖЬ;0;;;;;;;;;;;;;;Undefined;;;;;;;;;;;;ЛОЖЬ;ИСТИНА;;;;;;;;;;;;;;;;;;;;;;;;
DO;91LI058_TF;;COM;901-10;A_90110;TRANSM FAULT;No;ЛОЖЬ;ЛОЖЬ;;326;;;;;;;0;;;;1511;ИСТИНА;33904;None;;;;;;0=ALARM;;;;;;;Undefined;491;3428;;;;;;;;;;ЛОЖЬ;;;;;;;;;;;;;;;;;;;;;;Output;EPKS_UCB;ESD_912_1;508
M;1500_12;;;;C9011001;;;ЛОЖЬ;ЛОЖЬ;;1500;;;;;;;0;;;;46;ЛОЖЬ;0;;;;;;;;;;;;;;Undefined;;;;;;;;;;;;ЛОЖЬ;ИСТИНА;;;;;;;;;;;;;;;;;;;;;;;;
M;C500_6_G;;;9100;9100;Function block marker;;ЛОЖЬ;ЛОЖЬ;;500;;;;;;;0;;;;2899;ЛОЖЬ;0;;;;;;;;;;;;;;Undefined;;;;;;;;;;;;ЛОЖЬ;ИСТИНА;;;;;;;;;;;;;;;;;;;;;;;;
DO;91LI493_MOC;;COM;901-05;A_90105;MO CONFIRMED;No;ИСТИНА;ЛОЖЬ;;240;;;;;;;0;;;;1256;ИСТИНА;33905;None;;;;;;1=CONFIRMED;;;;;;;Undefined;491;3428;;;;;;;;;;ЛОЖЬ;;;;;;;;;;;;;;;;;;;;;;Output;EPKS_UCB;ESD_912_1;523
M;C500_4_B;;;9100;9100;Function block marker;;ЛОЖЬ;ЛОЖЬ;;500;;;;;;;0;;;;2893;ЛОЖЬ;0;;;;;;;;;;;;;;Undefined;;;;;;;;;;;;ЛОЖЬ;ИСТИНА;;;;;;;;;;;;;;;;;;;;;;;;
T;498_3;;;9100;;;;ЛОЖЬ;ЛОЖЬ;;498;;;;;;;;100 ms;5;;692;ЛОЖЬ;0;;;;;;;;;;;;;;Undefined;;;Delayed OFF with constant timer value;;;;;;;;;ЛОЖЬ;ИСТИНА;;;;;;;;;;;;;;;;;;;;;;;;
M;1518_2;;;;C9011001;;;ЛОЖЬ;ЛОЖЬ;;1518;;;;;;;0;;;;843;ЛОЖЬ;0;;;;;;;;;;;;;;Undefined;;;;;;;;;;;;ЛОЖЬ;ИСТИНА;;;;;;;;;;;;;;;;;;;;;;;;
M;C610_4_B;;;9100;9100;Function block marker;;ЛОЖЬ;ЛОЖЬ;;610;;;;;;;0;;;;2665;ЛОЖЬ;0;;;;;;;;;;;;;;Undefined;;;;;;;;;;;;ЛОЖЬ;ИСТИНА;;;;;;;;;;;;;;;;;;;;;;;;
M;C1506_1_M;;;;;Function block marker;;ЛОЖЬ;ЛОЖЬ;;1506;;;;;;;0;;;;983;ЛОЖЬ;0;;;;;;;;;;;;;;Undefined;;;;;;;;;;;;ЛОЖЬ;ИСТИНА;;;;;;;;;;;;;;;;;;;;;;;;
M;C378_1;;;901-10;;Compiler marker (304, 90);;ЛОЖЬ;ЛОЖЬ;;378;;;;;;;0;;;;1862;ЛОЖЬ;0;;;;;;;;;;;;;;Undefined;491;3428;;;;;;;;;;ЛОЖЬ;;;;;;;;;;;;;;;;;;;;;;;;;
DI;91XA004_P;;COM;901-10;A_C90111;COMMON ALARM (DCS);No;ИСТИНА;ИСТИНА;;524;;;;;;;0;;;;695;ИСТИНА;33518;None;;;;;;1=ALARM;;;;;;;Undefined;491;3428;;;;;;Freeze;;;;ЛОЖЬ;;;;ЛОЖЬ;;;;;;;;;;;;;;Input;CC_UCB_1;ESD_912_1;24;Output;EPKS_UCB;ESD_912_1;2038
M;306_3;;;901-10;;;;ЛОЖЬ;ЛОЖЬ;;306;;;;;;;0;;;;416;ЛОЖЬ;0;;;;;;;;;;;;;;Undefined;491;3428;;;;;;;;;;ЛОЖЬ;;;;;;;;;;;;;;;;;;;;;;;;;
M;504_3;;;901-10;;;;ЛОЖЬ;ЛОЖЬ;;504;;;;;;;0;;;;370;ЛОЖЬ;0;;;;;;;;;;;;;;Undefined;491;3428;;;;;;;;;;ЛОЖЬ;;;;;;;;;;;;;;;;;;;;;;;;;
T;315_1;;;;;;;ЛОЖЬ;ЛОЖЬ;;315;;;;;;;;100 ms;5;;804;ЛОЖЬ;0;;;;;;;;;;;;;;Undefined;;;Delayed OFF with constant timer value;;;;;;;;;ЛОЖЬ;ИСТИНА;;;;;;;;;;;;;;;;;;;;;;;;
M;C600_3_G;;;9100;9100;Function block marker;;ЛОЖЬ;ЛОЖЬ;;600;;;;;;;0;;;;1171;ЛОЖЬ;0;;;;;;;;;;;;;;Undefined;;;;;;;;;;;;ЛОЖЬ;ИСТИНА;;;;;;;;;;;;;;;;;;;;;;;;
DO;91LAHH801_CA;;COM;901-10;;CAUSE ALARM;No;ЛОЖЬ;ЛОЖЬ;;600;;;;;;;0;;;;1141;ЛОЖЬ;0;None;;;;;;0=ALARM;0=ALARM;;;;;;Undefined;;;;;;;;;;;;ЛОЖЬ;ИСТИНА;;;;;;;;;;;;;;;;;;;;;Output;EPKS_UCB;ESD_912_1;929
DI;91HS815B_B1_OT_P;;COM;901-10;A_90110;CAP CTRL BIT 1;No;ИСТИНА;ИСТИНА;;628;;;;;;;0;;;;705;ИСТИНА;33625;None;;;;;;1=TRUE;;;;;;;Undefined;491;3428;;;;;;Freeze;;;;ЛОЖЬ;;;;ЛОЖЬ;;;;;;;;;;;;;;Input;CC_UCB_1;ESD_912_1;34;Output;EPKS_UCB;ESD_912_1;2032
DO;91LALL051_CA;;COM;901-10;;CAUSE ALARM;No;ЛОЖЬ;ЛОЖЬ;;322;;;;;;;0;;;;1091;ЛОЖЬ;0;None;;;;;;0=ALARM;0=ALARM;;;;;;Undefined;;;;;;;;;;;;ЛОЖЬ;ИСТИНА;;;;;;;;;;;;;;;;;;;;;Output;EPKS_UCB;ESD_912_1;879
M;620_624_1;;;9100;;91ZALL801_I;;ЛОЖЬ;ЛОЖЬ;;624;;;;;;;0;;;;474;ЛОЖЬ;0;;;;;;;0=TRIP;;;;;;;Undefined;491;3428;;;;;;;;;;ЛОЖЬ;;;;;;;;;;;;;;;;;;;;;;;;;
M;C630_1;;;9100;9100;Compiler marker (208, 126);;ЛОЖЬ;ЛОЖЬ;;630;;;;;;;0;;;;576;ЛОЖЬ;0;;;;;;;;;;;;;;Undefined;491;3428;;;;;;;;;;ЛОЖЬ;;;;;;;;;;;;;;;;;;;;;;;;;
DI;91HS056A_P;;COM;901-10;A_90110;91XV056 OPEN;No;ИСТИНА;ИСТИНА;;376;;;;;;;0;;;;2158;ЛОЖЬ;33432;None;;;;;;1=OPEN (MOM);;;;;;;Undefined;491;3428;;;;;;Low;;;;ЛОЖЬ;;;;ЛОЖЬ;;;;;;;;;;;;;;;;;;Input;EPKS_UCB;ESD_912_1;129
M;614_5;;;9100;;;;ЛОЖЬ;ЛОЖЬ;;614;;;;;;;0;;;;1956;ЛОЖЬ;0;;;;;;;;;;;;;;Undefined;;;;;;;;;;;;ЛОЖЬ;ИСТИНА;;;;;;;;;;;;;;;;;;;;;;;;
M;C510_1_E;;;9100;9100;Function block marker;;ЛОЖЬ;ЛОЖЬ;;510;;;;;;;0;;;;1181;ЛОЖЬ;0;;;;;;;;;;;;;;Undefined;;;;;;;;;;;;ЛОЖЬ;ИСТИНА;;;;;;;;;;;;;;;;;;;;;;;;
DO;91PALL752A_P;;COM;901-10;;INDICATION LIGHT;No;ИСТИНА;ЛОЖЬ;;522;;;;;;;0;;;;530;ЛОЖЬ;34083;None;;;;;;1=ACTIVE;;;;;;;Undefined;491;3428;;;;;;;;;;ЛОЖЬ;;;;;;;;;;;;;;;;;;Output;CC_UCB_1;ESD_912_1;81;;;;
M;C534_1_C;;;9100;9100;Function block marker;;ЛОЖЬ;ЛОЖЬ;;534;;;;;;;0;;;;591;ЛОЖЬ;0;;;;;;;;;;;;;;Undefined;491;3428;;;;;;;;;;ЛОЖЬ;;;;;;;;;;;;;;;;;;;;;;;;;
DO;91LI057_TF;;COM;901-10;A_90110;TRANSM FAULT;No;ЛОЖЬ;ЛОЖЬ;;326;;;;;;;0;;;;2041;ИСТИНА;33798;None;;;;;;0=ALARM;0=ALARM;;;;;;Undefined;;;;;;;;;;;;ЛОЖЬ;ИСТИНА;;;;;;;;;;;;;;;;;;;;;Output;EPKS_UCB;ESD_912_1;945
DO;91FALL031B;;COM;901-10;A_90110;WTR OF 2 TO X-9011001SX;No;ИСТИНА;ЛОЖЬ;;354;;;;;;;0;;;;1410;ИСТИНА;33906;None;;;;;;0=TRIP;;;;;;;Undefined;491;3428;;;;;;;;;;ЛОЖЬ;;;;;;;;;;;;;;;;;;;;;;Output;EPKS_UCB;ESD_912_1;420
DO;91XY076_C;;COM;9100;;AUTO CLOSURE 91XV076;No;ИСТИНА;ЛОЖЬ;;436;;;;;;;0;;;;744;ИСТИНА;33636;None;;;;;;0=CLOSE;;;;;;;Undefined;491;3428;;;;;;;;;;ЛОЖЬ;;;;;;;;;;;;;;;;;;;;;;Output;EPKS_UCB;ESD_912_1;780
DO;91TI987_TF;;COM;901-10;A_90110;TRANSM FAULT;No;ЛОЖЬ;ЛОЖЬ;;304;;;;;;;0;;;;1345;ИСТИНА;33907;None;;;;;;0=ALARM;;;;;;;Undefined;491;3428;;;;;;;;;;ЛОЖЬ;;;;;;;;;;;;;;;;;;;;;;Output;EPKS_UCB;ESD_912_1;666
M;C602_6_G;;;9100;9100;Function block marker;;ЛОЖЬ;ЛОЖЬ;;602;;;;;;;0;;;;2847;ЛОЖЬ;0;;;;;;;;;;;;;;Undefined;;;;;;;;;;;;ЛОЖЬ;ИСТИНА;;;;;;;;;;;;;;;;;;;;;;;;
DO;91TAHH761_FU;;COM;901-10;A_C90111;C9011001AX OTR OIL TK;No;ИСТИНА;ЛОЖЬ;;1504;;;;;;;0;;;;809;ИСТИНА;34107;None;;;;;;1=FIRST;;;;;;;Undefined;;;;;;;;;;;;ЛОЖЬ;ИСТИНА;;;;;;;;;;;;;;;;;;;;;Output;EPKS_UCB;ESD_912_1;813
M;C438_1_F;;;9100;9100;Function block marker;;ЛОЖЬ;ЛОЖЬ;;438;;;;;;;0;;;;1203;ЛОЖЬ;0;;;;;;;;;;;;;;Undefined;;;;;;;;;;;;ЛОЖЬ;ИСТИНА;;;;;;;;;;;;;;;;;;;;;;;;
AI;VM 18.04/5/17;;SYS;;;;Yes;ЛОЖЬ;;;0;ИСТИНА;Float;0-5V (VM);-9.9;99.9;;;;;;200;ЛОЖЬ;0;;None;None;None;None;;;;;;;;;-XXXXX.X;2.5;3.9;;18.04;5;17;1;Scan;;;;ЛОЖЬ;;;;;;;;;;;;;;;;;;;;;;;;;
DI;91HS765B_B1_OT_P;;COM;901-10;A_90110;CAP CTRL BIT 1;No;ИСТИНА;ИСТИНА;;528;;;;;;;0;;;;702;ИСТИНА;33474;None;;;;;;1=TRUE;;;;;;;Undefined;491;3428;;;;;;Freeze;;;;ЛОЖЬ;;;;ЛОЖЬ;;;;;;;;;;;;;;Input;CC_UCB_1;ESD_912_1;31;Output;EPKS_UCB;ESD_912_1;2026
T;320_1;;;9100;;;;ЛОЖЬ;ЛОЖЬ;;320;;;;;;;;100 ms;5;;920;ЛОЖЬ;0;;;;;;;;;;;;;;Undefined;;;Delayed OFF with constant timer value;;;;;;;;;ЛОЖЬ;ИСТИНА;;;;;;;;;;;;;;;;;;;;;;;;
M;C296_1_C;;;9100;9100;Function block marker;;ЛОЖЬ;ЛОЖЬ;;296;;;;;;;0;;;;1002;ЛОЖЬ;0;;;;;;;;;;;;;;Undefined;;;;;;;;;;;;ЛОЖЬ;ИСТИНА;;;;;;;;;;;;;;;;;;;;;;;;
T;438_2;;;9100;;;;ЛОЖЬ;ЛОЖЬ;;438;;;;;;;;100 ms;5;;760;ЛОЖЬ;0;;;;;;;;;;;;;;Undefined;;;Delayed OFF with constant timer value;;;;;;;;;ЛОЖЬ;ИСТИНА;;;;;;;;;;;;;;;;;;;;;;;;
DO;91SIS551;;COM;901-10;A_90110;INTERLOCK 91-I-551;No;ИСТИНА;ЛОЖЬ;;356;;;;;;;0;;;;562;ИСТИНА;33645;None;;;;;;0=TRIP;;;;;;;Undefined;491;3428;;;;;;;;;;ЛОЖЬ;;;;;;;;;;;;;;;;;;;;;;Output;EPKS_UCB;ESD_912_1;500
M;1504_3;;;;C9011001;;;ЛОЖЬ;ЛОЖЬ;;1504;;;;;;;0;;;;55;ЛОЖЬ;0;;;;;;;;;;;;;;Undefined;;;;;;;;;;;;ЛОЖЬ;ИСТИНА;;;;;;;;;;;;;;;;;;;;;;;;
M;1524_5;;;;C9011001;;;ЛОЖЬ;ЛОЖЬ;;1524;;;;;;;0;;;;864;ЛОЖЬ;0;;;;;;;;;;;;;;Undefined;;;;;;;;;;;;ЛОЖЬ;ИСТИНА;;;;;;;;;;;;;;;;;;;;;;;;
DO;91LAHH057_CA;;COM;901-10;;CAUSE ALARM;No;ЛОЖЬ;ЛОЖЬ;;326;;;;;;;0;;;;1094;ЛОЖЬ;0;None;;;;;;0=ALARM;0=ALARM;;;;;;Undefined;;;;;;;;;;;;ЛОЖЬ;ИСТИНА;;;;;;;;;;;;;;;;;;;;;Output;EPKS_UCB;ESD_912_1;882
M;C1516_1_H;;;;;Function block marker;;ЛОЖЬ;ЛОЖЬ;;1516;;;;;;;0;;;;954;ЛОЖЬ;0;;;;;;;;;;;;;;Undefined;;;;;;;;;;;;ЛОЖЬ;ИСТИНА;;;;;;;;;;;;;;;;;;;;;;;;
M;C298_2_B;;;9100;9100;Function block marker;;ЛОЖЬ;ЛОЖЬ;;298;;;;;;;0;;;;2101;ЛОЖЬ;0;;;;;;;;;;;;;;Undefined;491;3428;;;;;;;;;;ЛОЖЬ;;;;;;;;;;;;;;;;;;;;;;;;;
BO;91LI073_LL;;COM;901-10;A_90110;LL TRIP SETPOINT (%);No;ИСТИНА;ЛОЖЬ;;338;;Float;;;;;0;;;;660;;34084;;;;;;;;;0;0;;;;-XXXXX.X;491;3428;;;;;;;;;;ЛОЖЬ;;;;;;;;;;;;;;;;;;;;;;Output;EPKS_UCB;ESD_912_1;10134
DO;91XY056_ESD;;COM;901-10;A_90110;91XY056 ESD TRIP;No;ЛОЖЬ;ЛОЖЬ;;376;;;;;;;0;;;;1060;ЛОЖЬ;0;None;;;;;;0=TRIP;;;;;;;Undefined;;;;;;;;;;;;ЛОЖЬ;ИСТИНА;;;;;;;;;;;;;;;;;;;;;Output;EPKS_UCB;ESD_912_1;861
DO;91PALL050;;COM;901-10;A_90110;AIR TO V-9011008;No;ИСТИНА;ЛОЖЬ;;438;;;;;;;0;;;;1620;ИСТИНА;33908;None;;;;;;0=TRIP;;;;;;;Undefined;491;3428;;;;;;;;;;ЛОЖЬ;;;;;;;;;;;;;;;;;;;;;;Output;EPKS_UCB;ESD_912_1;553
BO;91LI801_H;;COM;901-10;A_C90111;HI ALARM SETPOINT;No;ЛОЖЬ;ЛОЖЬ;;600;;Float;;;;;0;;;;820;;0;;None;None;None;None;;;;;;;;;-XXXXX.X;;;;;;;;;;;;ЛОЖЬ;ИСТИНА;;;;;;;;;;;;;;;;;;;;;Output;EPKS_UCB;ESD_912_1;10258
M;308_3;;;901-10;;;;ЛОЖЬ;ЛОЖЬ;;308;;;;;;;0;;;;414;ЛОЖЬ;0;;;;;;;;;;;;;;Undefined;491;3428;;;;;;;;;;ЛОЖЬ;;;;;;;;;;;;;;;;;;;;;;;;;
DO;91LI055_MOC;;COM;901-10;A_90110;MO CONFIRMED;No;ИСТИНА;ЛОЖЬ;;324;;;;;;;0;;;;1495;ИСТИНА;33909;None;;;;;;1=CONFIRMED;;;;;;;Undefined;491;3428;;;;;;;;;;ЛОЖЬ;;;;;;;;;;;;;;;;;;;;;;Output;EPKS_UCB;ESD_912_1;507
DO;91PAHH073_CA;;COM;901-10;A_90110;CAUSE ALARM;No;ЛОЖЬ;ЛОЖЬ;;312;;;;;;;0;;;;1393;ЛОЖЬ;0;None;;;;;;0=ALARM;;;;;;;Undefined;491;3428;;;;;;;;;;ЛОЖЬ;;;;;;;;;;;;;;;;;;;;;;Output;EPKS_UCB;ESD_912_1;533
DO;91XY052_ESD;;COM;901-10;A_90110;91XY052 ESD TRIP;No;ЛОЖЬ;ЛОЖЬ;;368;;;;;;;0;;;;1056;ЛОЖЬ;0;None;;;;;;0=TRIP;;;;;;;Undefined;;;;;;;;;;;;ЛОЖЬ;ИСТИНА;;;;;;;;;;;;;;;;;;;;;Output;EPKS_UCB;ESD_912_1;684
M;C302_3_F;;;9100;9100;Function block marker;;ЛОЖЬ;ЛОЖЬ;;302;;;;;;;0;;;;1589;ЛОЖЬ;0;;;;;;;;;;;;;;Undefined;;;;;;;;;;;;ЛОЖЬ;ИСТИНА;;;;;;;;;;;;;;;;;;;;;;;;
M;C321_2_E;;;9100;9100;Function block marker;;ЛОЖЬ;ЛОЖЬ;;321;;;;;;;0;;;;1954;ЛОЖЬ;0;;;;;;;;;;;;;;Undefined;;;;;;;;;;;;ЛОЖЬ;ИСТИНА;;;;;;;;;;;;;;;;;;;;;;;;
DO;91PAHH081_CA;;COM;901-10;A_90110;CAUSE ALARM;No;ЛОЖЬ;ЛОЖЬ;;316;;;;;;;0;;;;1424;ЛОЖЬ;0;None;;;;;;0=ALARM;;;;;;;Undefined;491;3428;;;;;;;;;;ЛОЖЬ;;;;;;;;;;;;;;;;;;;;;;Output;EPKS_UCB;ESD_912_1;537
DI;91VSHH751B;;BNS;901-10;A_C90111;C9011001AX VIB IN CARTER;Yes;ИСТИНА;ЛОЖЬ;;535;;;;;;;;;;;66;ИСТИНА;33489;None;;;;;;0=TRIP;0=TRIP;;;;;;Undefined;;;;18.03;9;11;1;Low;;;;ЛОЖЬ;ИСТИНА;;;ЛОЖЬ;View only;;;;;;;;;;;;;;;;;Output;EPKS_UCB;ESD_912_1;933
T;500_1;;;901-10;;;;ЛОЖЬ;ЛОЖЬ;;500;;;;;;;;100 ms;5;;300;ЛОЖЬ;0;;;;;;;;;;;;;;Undefined;491;3428;Delayed OFF with constant timer value;;;;;;;;;ЛОЖЬ;;;;;;;;;;;;;;;;;;;;;;;;;
M;298_186_1;;;901-10;;91LT063;;ЛОЖЬ;ЛОЖЬ;;186;;;;;;;0;;;;1752;ЛОЖЬ;0;;;;;;;1=MO CONFIRMED;;;;;;;Undefined;491;3428;;;;;;;;;;ЛОЖЬ;;;;;;;;;;;;;;;;;;;;;;;;;
DO;91HA118_PA;;COM;901-10;A_90110;1oo2 PREALARM;No;ИСТИНА;ЛОЖЬ;;342;;;;;;;0;;;;1615;ЛОЖЬ;33912;None;;;;;;0=ALARM;;;;;;;Undefined;491;3428;;;;;;;;;;ЛОЖЬ;;;;;;;;;;;;;;;;;;;;;;Output;EPKS_UCB;ESD_912_1;438
M;C376_1;;;901-10;;Compiler marker (304, 90);;ЛОЖЬ;ЛОЖЬ;;376;;;;;;;0;;;;1866;ЛОЖЬ;0;;;;;;;;;;;;;;Undefined;491;3428;;;;;;;;;;ЛОЖЬ;;;;;;;;;;;;;;;;;;;;;;;;;
T;322_2;;;9100;;;;ЛОЖЬ;ЛОЖЬ;;322;;;;;;;;100 ms;5;;628;ЛОЖЬ;0;;;;;;;;;;;;;;Undefined;;;Delayed OFF with constant timer value;;;;;;;;;ЛОЖЬ;ИСТИНА;;;;;;;;;;;;;;;;;;;;;;;;
M;2440_D;;;;;0=Trip Initiator;;ЛОЖЬ;ЛОЖЬ;;2440;;;;;;;0;;;;132;ЛОЖЬ;0;;;;;;;;;;;;;;Undefined;491;3428;;;;;;;;;;ЛОЖЬ;;;;;;;;;;;;;;;;;;;;;;;;;
M;C310_3_G;;;9100;9100;Function block marker;;ЛОЖЬ;ЛОЖЬ;;310;;;;;;;0;;;;1582;ЛОЖЬ;0;;;;;;;;;;;;;;Undefined;;;;;;;;;;;;ЛОЖЬ;ИСТИНА;;;;;;;;;;;;;;;;;;;;;;;;
M;328_4;;;901-10;;;;ЛОЖЬ;ЛОЖЬ;;328;;;;;;;0;;;;395;ЛОЖЬ;0;;;;;;;;;;;;;;Undefined;491;3428;;;;;;;;;;ЛОЖЬ;;;;;;;;;;;;;;;;;;;;;;;;;
M;C536_1_C;;;9100;9100;Function block marker;;ЛОЖЬ;ЛОЖЬ;;536;;;;;;;0;;;;586;ЛОЖЬ;0;;;;;;;;;;;;;;Undefined;491;3428;;;;;;;;;;ЛОЖЬ;;;;;;;;;;;;;;;;;;;;;;;;;
M;536_5;;;9100;;;;ЛОЖЬ;ЛОЖЬ;;536;;;;;;;0;;;;625;ЛОЖЬ;0;;;;;;;;;;;;;;Undefined;491;3428;;;;;;;;;;ЛОЖЬ;;;;;;;;;;;;;;;;;;;;;;;;;
M;314_1520_4;;;9100;;91PAHH076_I;;ЛОЖЬ;ЛОЖЬ;;1520;;;;;;;0;;;;890;ЛОЖЬ;0;;;;;;;0=TRIP INITIATOR;;;;;;;Undefined;;;;;;;;;;;;ЛОЖЬ;ИСТИНА;;;;;;;;;;;;;;;;;;;;;;;;
M;376_1;;;901-10;;;;ЛОЖЬ;ЛОЖЬ;;376;;;;;;;0;;;;1590;ЛОЖЬ;0;;;;;;;;;;;;;;Undefined;491;3428;;;;;;;;;;ЛОЖЬ;;;;;;;;;;;;;;;;;;;;;;;;;
M;C308_1_D;;;9100;9100;Function block marker;;ЛОЖЬ;ЛОЖЬ;;308;;;;;;;0;;;;2087;ЛОЖЬ;0;;;;;;;;;;;;;;Undefined;491;3428;;;;;;;;;;ЛОЖЬ;;;;;;;;;;;;;;;;;;;;;;;;;
DI;18-ExtComFaultCC6;;SYS;;;EXT COM FAULT COM CH 6;Yes;ЛОЖЬ;;;16;;;;;;;;;;;11;ЛОЖЬ;0;None;;;;;;;;;;;;;Undefined;491;3428;;;;;;;;;;ЛОЖЬ;;;;ЛОЖЬ;;;;;;;;;;;;;;;;;;;;;
DI;91HS052B;;COM;901-10;A_90110;91XV052 CLOSE;No;ЛОЖЬ;ИСТИНА;;368;;;;;;;0;;;;2173;ЛОЖЬ;0;None;;;;;;1=CLOSE (MOM);;;;;;;Undefined;;;;;;;;Low;;;;ЛОЖЬ;ИСТИНА;;;ЛОЖЬ;;;;;;;;;;;;;;;;;;Input;EPKS_UCB;ESD_912_1;122
T;610_5;;;9100;;;;ЛОЖЬ;ЛОЖЬ;;610;;;;;;;;100 ms;5;;200;ЛОЖЬ;0;;;;;;;;;;;;;;Undefined;;;Delayed OFF with constant timer value;;;;;;;;;ЛОЖЬ;ИСТИНА;;;;;;;;;;;;;;;;;;;;;;;;
M;C516_3_F;;;9100;9100;Function block marker;;ЛОЖЬ;ЛОЖЬ;;516;;;;;;;0;;;;1173;ЛОЖЬ;0;;;;;;;;;;;;;;Undefined;;;;;;;;;;;;ЛОЖЬ;ИСТИНА;;;;;;;;;;;;;;;;;;;;;;;;
M;C171_2;;;;;Compiler marker (352, 180);;ЛОЖЬ;ЛОЖЬ;;171;;;;;;;0;;;;130;ЛОЖЬ;0;;;;;;;;;;;;;;Undefined;491;3428;;;;;;;;;;ЛОЖЬ;;;;;;;;;;;;;;;;;;;;;;;;;
M;334_3;;;901-10;;;;ЛОЖЬ;ЛОЖЬ;;334;;;;;;;0;;;;392;ЛОЖЬ;0;;;;;;;;;;;;;;Undefined;491;3428;;;;;;;;;;ЛОЖЬ;;;;;;;;;;;;;;;;;;;;;;;;;
DO;91XY092_C_ESD;;COM;901-10;A_90110;91XY092 ESD TRIP;No;ЛОЖЬ;ЛОЖЬ;;402;;;;;;;0;;;;1073;ЛОЖЬ;0;None;;;;;;0=TRIP;;;;;;;Undefined;;;;;;;;;;;;ЛОЖЬ;ИСТИНА;;;;;;;;;;;;;;;;;;;;;Output;EPKS_UCB;ESD_912_1;877
M;312_368_2;;;901-10;;91PAHH073_I;;ЛОЖЬ;ЛОЖЬ;;368;;;;;;;0;;;;1527;ЛОЖЬ;0;;;;;;;0=TRIP INITIATOR;;;;;;;Undefined;491;3428;;;;;;;;;;ЛОЖЬ;;;;;;;;;;;;;;;;;;;;;;;;;
DO;91LALL057_CA;;COM;;;CAUSE ALARM;No;ЛОЖЬ;ЛОЖЬ;;327;;;;;;;0;;;;1095;ЛОЖЬ;0;None;;;;;;0=ALARM;0=ALARM;;;;;;Undefined;;;;;;;;;;;;ЛОЖЬ;ИСТИНА;;;;;;;;;;;;;;;;;;;;;Output;EPKS_UCB;ESD_912_1;883
DI;91HS054A;;COM;901-10;A_90110;91XV054 OPEN;No;ИСТИНА;ИСТИНА;;372;;;;;;;0;;;;2156;ЛОЖЬ;33868;None;;;;;;1=OPEN (MOM);;;;;;;Undefined;491;3428;;;;;;Low;;;;ЛОЖЬ;;;;ЛОЖЬ;;;;;;;;;;;;;;;;;;Input;EPKS_UCB;ESD_912_1;127
M;C1514_1_I;;;;;Function block marker;;ЛОЖЬ;ЛОЖЬ;;1514;;;;;;;0;;;;961;ЛОЖЬ;0;;;;;;;;;;;;;;Undefined;;;;;;;;;;;;ЛОЖЬ;ИСТИНА;;;;;;;;;;;;;;;;;;;;;;;;
M;340_412_2;;;9100;;91LAHH077_I;;ЛОЖЬ;ЛОЖЬ;;412;;;;;;;0;;;;1723;ЛОЖЬ;0;;;;;;;0=TRIP INITIATOR;;;;;;;Undefined;491;3428;;;;;;;;;;ЛОЖЬ;;;;;;;;;;;;;;;;;;;;;;;;;
M;C313_1_F;;;;;Function block marker;;ЛОЖЬ;ЛОЖЬ;;313;;;;;;;0;;;;2626;ЛОЖЬ;0;;;;;;;;;;;;;;Undefined;;;;;;;;;;;;ЛОЖЬ;ИСТИНА;;;;;;;;;;;;;;;;;;;;;;;;
M;C598_1_F;;;9100;9100;Function block marker;;ЛОЖЬ;ЛОЖЬ;;598;;;;;;;0;;;;2785;ЛОЖЬ;0;;;;;;;;;;;;;;Undefined;;;;;;;;;;;;ЛОЖЬ;ИСТИНА;;;;;;;;;;;;;;;;;;;;;;;;
M;C321_2_G;;;9100;9100;Function block marker;;ЛОЖЬ;ЛОЖЬ;;321;;;;;;;0;;;;1962;ЛОЖЬ;0;;;;;;;;;;;;;;Undefined;;;;;;;;;;;;ЛОЖЬ;ИСТИНА;;;;;;;;;;;;;;;;;;;;;;;;
M;334_335_1;;;;;91LT064;;ЛОЖЬ;ЛОЖЬ;;335;;;;;;;0;;;;2560;ЛОЖЬ;0;;;;;;;1=MO CONFIRMED;;;;;;;Undefined;;;;;;;;;;;;ЛОЖЬ;ИСТИНА;;;;;;;;;;;;;;;;;;;;;;;;
M;1520_4;;;;C9011001;;;ЛОЖЬ;ЛОЖЬ;;1520;;;;;;;0;;;;851;ЛОЖЬ;0;;;;;;;;;;;;;;Undefined;;;;;;;;;;;;ЛОЖЬ;ИСТИНА;;;;;;;;;;;;;;;;;;;;;;;;
M;628_632_3;;;901-10;;CAPACITY 75%;;ЛОЖЬ;ЛОЖЬ;;632;;;;;;;0;;;;452;ЛОЖЬ;0;;;;;;;1=ACTIVE;;;;;;;Undefined;491;3428;;;;;;;;;;ЛОЖЬ;;;;;;;;;;;;;;;;;;;;;;;;;
BO;91TAL811PERM_L;;COM;901-10;A_C90111;L PERM. TO START;No;ЛОЖЬ;ЛОЖЬ;;598;;Float;;;;;0;;;;592;;0;;;;;;;;;0;0;;;;-XXXXX.X;491;3428;;;;;;;;;;ЛОЖЬ;;;;;;;;;;;;;;;;;;;;;;Output;EPKS_UCB;ESD_912_1;10165
DO;91LI077_TF;;COM;901-10;A_90110;TRANSM FAULT;No;ЛОЖЬ;ЛОЖЬ;;340;;;;;;;0;;;;1610;ИСТИНА;33913;None;;;;;;0=ALARM;;;;;;;Undefined;491;3428;;;;;;;;;;ЛОЖЬ;;;;;;;;;;;;;;;;;;;;;;Output;EPKS_UCB;ESD_912_1;520
DO;91LALL754;;COM;;;C-9011001AX OIL TANK LVL;No;ИСТИНА;ЛОЖЬ;;521;;;;;;;0;;;;558;ИСТИНА;33664;None;;;;;;0=TRIP;;;;;;;Undefined;491;3428;;;;;;;;;;ЛОЖЬ;;;;;;;;;;;;;;;;;;;;;;Output;EPKS_UCB;ESD_912_1;452
M;C342_1_C;;;9100;9100;Function block marker;;ЛОЖЬ;ЛОЖЬ;;342;;;;;;;0;;;;1943;ЛОЖЬ;0;;;;;;;;;;;;;;Undefined;491;3428;;;;;;;;;;ЛОЖЬ;;;;;;;;;;;;;;;;;;;;;;;;;
DI;18-OutputLoopFault;;SYS;;;OUTPUT LOOP FAULT;Yes;ЛОЖЬ;;;17;;;;;;;;;;;25;ЛОЖЬ;0;None;;;;;;;;;;;;;Undefined;491;3428;;;;;;;;;;ЛОЖЬ;;;;ЛОЖЬ;;;;;;;;;;;;;;;;;;;;;
M;338_364_4;;;901-10;;91LALL073_I;;ЛОЖЬ;ЛОЖЬ;;364;;;;;;;0;;;;1493;ЛОЖЬ;0;;;;;;;0=TRIP INITIATOR;;;;;;;Undefined;491;3428;;;;;;;;;;ЛОЖЬ;;;;;;;;;;;;;;;;;;;;;;;;;
M;2440_C;;;;;0=Pre-alarm 1oo2;;ЛОЖЬ;ЛОЖЬ;;2440;;;;;;;0;;;;142;ЛОЖЬ;0;;;;;;;;;;;;;;Undefined;491;3428;;;;;;;;;;ЛОЖЬ;;;;;;;;;;;;;;;;;;;;;;;;;
M;C337_1_E;;;;;Function block marker;;ЛОЖЬ;ЛОЖЬ;;337;;;;;;;0;;;;2577;ЛОЖЬ;0;;;;;;;;;;;;;;Undefined;;;;;;;;;;;;ЛОЖЬ;ИСТИНА;;;;;;;;;;;;;;;;;;;;;;;;
R;2410_D;;;;;REMAINING TIME;;ЛОЖЬ;ЛОЖЬ;;2410;;Long;;;;;0;;;;104;ЛОЖЬ;0;;;;;;;;;;;;;;Undefined;491;3428;;;;;;;;;;ЛОЖЬ;;;;;;;;;;;;;;;;;;;;;;;;;
M;336_184_1;;;901-10;;91LT066;;ЛОЖЬ;ЛОЖЬ;;184;;;;;;;0;;;;1577;ЛОЖЬ;0;;;;;;;1=MO CONFIRMED;;;;;;;Undefined;491;3428;;;;;;;;;;ЛОЖЬ;;;;;;;;;;;;;;;;;;;;;;;;;
M;298_1;;;901-10;;;;ЛОЖЬ;ЛОЖЬ;;298;;;;;;;0;;;;1438;ЛОЖЬ;0;;;;;;;;;;;;;;Undefined;491;3428;;;;;;;;;;ЛОЖЬ;;;;;;;;;;;;;;;;;;;;;;;;;
M;C498_3_F;;;9100;9100;Function block marker;;ЛОЖЬ;ЛОЖЬ;;498;;;;;;;0;;;;2810;ЛОЖЬ;0;;;;;;;;;;;;;;Undefined;;;;;;;;;;;;ЛОЖЬ;ИСТИНА;;;;;;;;;;;;;;;;;;;;;;;;
M;1514_4;;;;C9011001;;;ЛОЖЬ;ЛОЖЬ;;1514;;;;;;;0;;;;833;ЛОЖЬ;0;;;;;;;;;;;;;;Undefined;;;;;;;;;;;;ЛОЖЬ;ИСТИНА;;;;;;;;;;;;;;;;;;;;;;;;
M;318_1508_4;;;9100;;91PAHH 084_I;;ЛОЖЬ;ЛОЖЬ;;1508;;;;;;;0;;;;97;ЛОЖЬ;0;;;;;;;0=TRIP INITIATOR;;;;;;;Undefined;;;;;;;;;;;;ЛОЖЬ;ИСТИНА;;;;;;;;;;;;;;;;;;;;;;;;
DO;91PI830_TF;;COM;901-10;A_C90111;TRANSM FAULT;No;ЛОЖЬ;ЛОЖЬ;;608;;;;;;;0;;;;1481;ИСТИНА;33736;None;;;;;;0=ALARM;0=ALARM;;;;;;Undefined;;;;;;;;;;;;ЛОЖЬ;ИСТИНА;;;;;;;;;;;;;;;;;;;;;Output;EPKS_UCB;ESD_912_1;1011
M;C354_4_C;;;9100;9100;Function block marker;;ЛОЖЬ;ЛОЖЬ;;354;;;;;;;0;;;;2717;ЛОЖЬ;0;;;;;;;;;;;;;;Undefined;;;;;;;;;;;;ЛОЖЬ;ИСТИНА;;;;;;;;;;;;;;;;;;;;;;;;
M;C380_1;;;901-10;;Compiler marker (304, 90);;ЛОЖЬ;ЛОЖЬ;;380;;;;;;;0;;;;1861;ЛОЖЬ;0;;;;;;;;;;;;;;Undefined;491;3428;;;;;;;;;;ЛОЖЬ;;;;;;;;;;;;;;;;;;;;;;;;;
DI;ACK;;COM;;;ACKNOWLEDGE;No;ИСТИНА;ИСТИНА;;2480;;;;;;;0;;;;2253;ЛОЖЬ;33662;None;;;;;;1=ON;;;;;;;Undefined;491;3428;;;;;;Low;;;;ЛОЖЬ;;;;ЛОЖЬ;;;;;;;;;;;;;;;;;;Input;EPKS_UCB;ESD_912_1;110
T;498_4;;;9100;;;;ЛОЖЬ;ЛОЖЬ;;498;;;;;;;;100 ms;5;;716;ЛОЖЬ;0;;;;;;;;;;;;;;Undefined;;;Delayed OFF with constant timer value;;;;;;;;;ЛОЖЬ;ИСТИНА;;;;;;;;;;;;;;;;;;;;;;;;
M;366_1;;;901-10;;;;ЛОЖЬ;ЛОЖЬ;;366;;;;;;;0;;;;1501;ЛОЖЬ;0;;;;;;;;;;;;;;Undefined;491;3428;;;;;;;;;;ЛОЖЬ;;;;;;;;;;;;;;;;;;;;;;;;;
DI;91LI064_MOR;;COM;901-10;A_90110;MO REQUEST;No;ЛОЖЬ;ИСТИНА;;334;;;;;;;0;;;;2198;ЛОЖЬ;0;None;;;;;;1=REQUEST;;;;;;;Undefined;491;3428;;;;;;Freeze;;;;ЛОЖЬ;;;;ЛОЖЬ;;;;;;;;;;;;;;;;;;Input;EPKS_UCB;ESD_912_1;55
M;C315_2_F;;;;;Function block marker;;ЛОЖЬ;ЛОЖЬ;;315;;;;;;;0;;;;2672;ЛОЖЬ;0;;;;;;;;;;;;;;Undefined;;;;;;;;;;;;ЛОЖЬ;ИСТИНА;;;;;;;;;;;;;;;;;;;;;;;;
M;312_444_4;;;9100;;91PAHH073_I;;ЛОЖЬ;ЛОЖЬ;;444;;;;;;;0;;;;1694;ЛОЖЬ;0;;;;;;;0=TRIP INITIATOR;;;;;;;Undefined;491;3428;;;;;;;;;;ЛОЖЬ;;;;;;;;;;;;;;;;;;;;;;;;;
DO;91LALL804_FU;;COM;901-10;A_C90111;C-9011001SX OIL TANK LVL;No;ИСТИНА;ЛОЖЬ;;1514;;;;;;;0;;;;905;ИСТИНА;34123;None;;;;;;1=FIRST;;;;;;;Undefined;;;;;;;;;;;;ЛОЖЬ;ИСТИНА;;;;;;;;;;;;;;;;;;;;;Output;EPKS_UCB;ESD_912_1;829
M;316_1;;;901-10;;;;ЛОЖЬ;ЛОЖЬ;;316;;;;;;;0;;;;1426;ЛОЖЬ;0;;;;;;;;;;;;;;Undefined;491;3428;;;;;;;;;;ЛОЖЬ;;;;;;;;;;;;;;;;;;;;;;;;;
DI;91VSHH752B;;BNS;901-10;A_C90111;C9011001AX VIB IN CARTER;Yes;ИСТИНА;ЛОЖЬ;;534;;;;;;;;;;;73;ИСТИНА;33548;None;;;;;;0=TRIP;;;;;;;Undefined;491;3428;;18.03;9;2;1;Low;;;;ЛОЖЬ;;;;ЛОЖЬ;;;;;;;;;;;;;;;;;;Output;EPKS_UCB;ESD_912_1;687
M;C1516_1_I;;;;;Function block marker;;ЛОЖЬ;ЛОЖЬ;;1516;;;;;;;0;;;;955;ЛОЖЬ;0;;;;;;;;;;;;;;Undefined;;;;;;;;;;;;ЛОЖЬ;ИСТИНА;;;;;;;;;;;;;;;;;;;;;;;;
DO;91LI061_TF;;COM;901-10;A_90110;TRANSM FAULT;No;ЛОЖЬ;ЛОЖЬ;;328;;;;;;;0;;;;1524;ИСТИНА;33914;None;;;;;;0=ALARM;;;;;;;Undefined;491;3428;;;;;;;;;;ЛОЖЬ;;;;;;;;;;;;;;;;;;;;;;Output;EPKS_UCB;ESD_912_1;510
M;528_532_1;;;901-10;;CAPACITY 25%;;ЛОЖЬ;ЛОЖЬ;;532;;;;;;;0;;;;439;ЛОЖЬ;0;;;;;;;1=ACTIVE;;;;;;;Undefined;491;3428;;;;;;;;;;ЛОЖЬ;;;;;;;;;;;;;;;;;;;;;;;;;
M;2470_1;;;;;;;ЛОЖЬ;ЛОЖЬ;;2470;;;;;;;0;;;;124;ЛОЖЬ;0;;;;;;;;;;;;;;Undefined;491;3428;;;;;;;;;;ЛОЖЬ;;;;;;;;;;;;;;;;;;;;;;;;;
M;2470_H;;;;;Out 1;;ЛОЖЬ;ЛОЖЬ;;2470;;;;;;;0;;;;162;ЛОЖЬ;0;;;;;;;;;;;;;;Undefined;491;3428;;;;;;;;;;ЛОЖЬ;;;;;;;;;;;;;;;;;;;;;;;;;
M;600_188_1;;;901-10;;91LT802;;ЛОЖЬ;ЛОЖЬ;;188;;;;;;;0;;;;1988;ЛОЖЬ;0;;;;;;;1=MO CONFIRMED;;;;;;;Undefined;491;3428;;;;;;;;;;ЛОЖЬ;;;;;;;;;;;;;;;;;;;;;;;;;
M;337_450_3;;;9100;;91LALL066_I;;ЛОЖЬ;ЛОЖЬ;;450;;;;;;;0;;;;2581;ЛОЖЬ;0;;;;;;;0=TRIP INITIATOR;;;;;;;Undefined;;;;;;;;;;;;ЛОЖЬ;ИСТИНА;;;;;;;;;;;;;;;;;;;;;;;;
DO;IB912_ESD1_T;;COM;862-34;;TEMPERATURE ALARM;No;ЛОЖЬ;ЛОЖЬ;;18;;;;;;;0;;;;1623;ЛОЖЬ;0;None;;;;;ALARM;;State High;;;;;;Undefined;;;;;;;;;;;;ЛОЖЬ;ИСТИНА;;;;;;;;;;;;;;;;;;;;;Output;EPKS_UCB;ESD_912_1;930
DO;91LAL801;;COM;901-10;A_C90111;LO ALARM;No;ЛОЖЬ;ЛОЖЬ;;601;;;;;;;0;;;;1514;ЛОЖЬ;0;None;;;;;;0=ALARM;0=ALARM;;;;;;Undefined;;;;;;;;;;;;ЛОЖЬ;ИСТИНА;;;;;;;;;;;;;;;;;;;;;Output;EPKS_UCB;ESD_912_1;1022
M;510_1310_3;;;;;91PAL770_PERM;;ЛОЖЬ;ЛОЖЬ;;1310;;;;;;;0;;;;1310;ЛОЖЬ;0;;;;;;;0=ALARM;;;;;;;Undefined;;;;;;;;;;;;ЛОЖЬ;ИСТИНА;;;;;;;;;;;;;;;;;;;;;;;;
M;508_4;;;901-10;;;;ЛОЖЬ;ЛОЖЬ;;508;;;;;;;0;;;;367;ЛОЖЬ;0;;;;;;;;;;;;;;Undefined;491;3428;;;;;;;;;;ЛОЖЬ;;;;;;;;;;;;;;;;;;;;;;;;;
M;326_184_1;;;901-10;;91LT058;;ЛОЖЬ;ЛОЖЬ;;184;;;;;;;0;;;;1509;ЛОЖЬ;0;;;;;;;1=MO CONFIRMED;;;;;;;Undefined;491;3428;;;;;;;;;;ЛОЖЬ;;;;;;;;;;;;;;;;;;;;;;;;;
M;C610_6_F;;;9100;9100;Function block marker;;ЛОЖЬ;ЛОЖЬ;;610;;;;;;;0;;;;2676;ЛОЖЬ;0;;;;;;;;;;;;;;Undefined;;;;;;;;;;;;ЛОЖЬ;ИСТИНА;;;;;;;;;;;;;;;;;;;;;;;;
M;1309_1307_1;;;901-10;A_90110;common_alarm;;ЛОЖЬ;ЛОЖЬ;;1307;;;;;;;0;;;;475;ЛОЖЬ;0;;;;;;;0=ALARM;;;;;;;Undefined;;;;;;;;;;;;ЛОЖЬ;ИСТИНА;;;;;;;;;;;;;;;;;;;;;;;;
M;2410_1;;;901-10;;;;ЛОЖЬ;ЛОЖЬ;;2410;;;;;;;0;;;;174;ЛОЖЬ;0;;;;;;;;;;;;;;Undefined;491;3428;;;;;;;;;;ЛОЖЬ;;;;;;;;;;;;;;;;;;;;;;;;;
M;518_522_2;;;9100;;91TAHH761_I;;ЛОЖЬ;ЛОЖЬ;;522;;;;;;;0;;;;1902;ЛОЖЬ;0;;;;;;;0=TRIP INITIATOR;;;;;;;Undefined;491;3428;;;;;;;;;;ЛОЖЬ;;;;;;;;;;;;;;;;;;;;;;;;;
M;2410_A;;;;;OOS STARTING SIGNAL;;ЛОЖЬ;ЛОЖЬ;;2410;;;;;;;0;;;;110;ЛОЖЬ;0;;;;;;;;;;;;;;Undefined;491;3428;;;;;;;;;;ЛОЖЬ;;;;;;;;;;;;;;;;;;;;;;;;;
M;C321_2_F;;;9100;9100;Function block marker;;ЛОЖЬ;ЛОЖЬ;;321;;;;;;;0;;;;1960;ЛОЖЬ;0;;;;;;;;;;;;;;Undefined;;;;;;;;;;;;ЛОЖЬ;ИСТИНА;;;;;;;;;;;;;;;;;;;;;;;;
DO;91XY804;;FLD;901-10;A_C90111;C-9011001SX VALVES DISCH;Yes;ИСТИНА;ЛОЖЬ;;636;;;;;;;0;;;;9;ИСТИНА;33549;None;;;;;;0=TRIP;;;;;;;Undefined;491;3428;;18.04;15;2;1;Appl;;;;ЛОЖЬ;;;;;;;;;;;;;;;;;;;;;;Output;EPKS_UCB;ESD_912_1;750
M;C438_3_G;;;9100;9100;Function block marker;;ЛОЖЬ;ЛОЖЬ;;438;;;;;;;0;;;;2618;ЛОЖЬ;0;;;;;;;;;;;;;;Undefined;;;;;;;;;;;;ЛОЖЬ;ИСТИНА;;;;;;;;;;;;;;;;;;;;;;;;
M;C506_4_F;;;9100;9100;Function block marker;;ЛОЖЬ;ЛОЖЬ;;506;;;;;;;0;;;;2876;ЛОЖЬ;0;;;;;;;;;;;;;;Undefined;;;;;;;;;;;;ЛОЖЬ;ИСТИНА;;;;;;;;;;;;;;;;;;;;;;;;
DO;91TAHH987_CA;;COM;901-10;A_90110;CAUSE ALARM;No;ЛОЖЬ;ЛОЖЬ;;304;;;;;;;0;;;;1341;ЛОЖЬ;0;None;;;;;;0=ALARM;;;;;;;Undefined;491;3428;;;;;;;;;;ЛОЖЬ;;;;;;;;;;;;;;;;;;;;;;Output;EPKS_UCB;ESD_912_1;641
M;372_2;;;9100;;;;ЛОЖЬ;ЛОЖЬ;;372;;;;;;;0;;;;758;ЛОЖЬ;0;;;;;;;;;;;;;;Undefined;491;3428;;;;;;;;;;ЛОЖЬ;;;;;;;;;;;;;;;;;;;;;;;;;
M;610_188_1;;;901-10;;91PT824;;ЛОЖЬ;ЛОЖЬ;;188;;;;;;;0;;;;2016;ЛОЖЬ;0;;;;;;;1=MO CONFIRMED;;;;;;;Undefined;491;3428;;;;;;;;;;ЛОЖЬ;;;;;;;;;;;;;;;;;;;;;;;;;
M;378_1;;;901-10;;;;ЛОЖЬ;ЛОЖЬ;;378;;;;;;;0;;;;1601;ЛОЖЬ;0;;;;;;;;;;;;;;Undefined;491;3428;;;;;;;;;;ЛОЖЬ;;;;;;;;;;;;;;;;;;;;;;;;;
BO;IB912_ESD1_RT2_B;;COM;901_10;;Start Repair Timer CP2;No;ЛОЖЬ;ЛОЖЬ;;16;;Word;;;;;0;;;;18;;0;;;;;;;;;0;0;;;;-XXXXX.X;;;;;;;;;;;;ЛОЖЬ;ИСТИНА;;;;;;;;;;;;;;;;;;;;;Output;EPKS_UCB;ESD_912_1;10160
DO;91HA119_PA;;COM;901-10;A_90110;1oo2 PREALARM;No;ИСТИНА;ЛОЖЬ;;296;;;;;;;0;;;;1445;ЛОЖЬ;33916;None;;;;;;0=ALARM;;;;;;;Undefined;491;3428;;;;;;;;;;ЛОЖЬ;;;;;;;;;;;;;;;;;;;;;;Output;EPKS_UCB;ESD_912_1;440
AI;91PI080;;FLD;901-10;A_90110;Давление. в V-9011001B;Yes;ИСТИНА;ЛОЖЬ;;317;ИСТИНА;Float;4-20mA;0;2.5;МПа;;;;;304;ЛОЖЬ;33649;;None;None;None;None;;;;;;;;;-XXXXX.X;3.64;22;;18.04;9;9;1;Top scale;;;;ЛОЖЬ;ИСТИНА;ЛОЖЬ;;;;;;;;;;;;;;;;;;;;Output;EPKS_UCB;ESD_912_1;10212
DO;91LAHH077;;COM;901-10;A_90110;AMMONIA TO V-9011009S;No;ИСТИНА;ЛОЖЬ;;340;;;;;;;0;;;;1609;ИСТИНА;33917;None;;;;;;0=TRIP;;;;;;;Undefined;491;3428;;;;;;;;;;ЛОЖЬ;;;;;;;;;;;;;;;;;;;;;;Output;EPKS_UCB;ESD_912_1;469
M;626_632_2;;;901-10;;CYCLE 2;;ЛОЖЬ;ЛОЖЬ;;632;;;;;;;0;;;;455;ЛОЖЬ;0;;;;;;;1=ACTIVE;;;;;;;Undefined;491;3428;;;;;;;;;;ЛОЖЬ;;;;;;;;;;;;;;;;;;;;;;;;;
T;506_2;;;9100;;;;ЛОЖЬ;ЛОЖЬ;;506;;;;;;;;100 ms;5;;100;ЛОЖЬ;0;;;;;;;;;;;;;;Undefined;;;Delayed OFF with constant timer value;;;;;;;;;ЛОЖЬ;ИСТИНА;;;;;;;;;;;;;;;;;;;;;;;;
T;332_3;;;9100;;;;ЛОЖЬ;ЛОЖЬ;;332;;;;;;;;100 ms;10;;172;ЛОЖЬ;0;;;;;;;;;;;;;;Undefined;491;3428;Pulse retriggerable with constant timer value;;;;;;;;;ЛОЖЬ;;;;;;;;;;;;;;;;;;;;;;;;;
M;C505_5_E;;;;;Function block marker;;ЛОЖЬ;ЛОЖЬ;;505;;;;;;;0;;;;2884;ЛОЖЬ;0;;;;;;;;;;;;;;Undefined;;;;;;;;;;;;ЛОЖЬ;ИСТИНА;;;;;;;;;;;;;;;;;;;;;;;;
M;602_4;;;901-10;;;;ЛОЖЬ;ЛОЖЬ;;602;;;;;;;0;;;;353;ЛОЖЬ;0;;;;;;;;;;;;;;Undefined;491;3428;;;;;;;;;;ЛОЖЬ;;;;;;;;;;;;;;;;;;;;;;;;;
DI;91HS813_P;;COM;901-10;A_C90111;C9011001SX SGL CONF;No;ИСТИНА;ИСТИНА;;624;;;;;;;0;;;;698;ИСТИНА;33623;None;;;;;;1=ACK;;;;;;;Undefined;491;3428;;;;;;Low;;;;ЛОЖЬ;;;;ЛОЖЬ;;;;;;;;;;;;;;Input;CC_UCB_1;ESD_912_1;27;Output;EPKS_UCB;ESD_912_1;2030
M;302_1520_2;;;9100;;91TAHH108_I;;ЛОЖЬ;ЛОЖЬ;;1520;;;;;;;0;;;;888;ЛОЖЬ;0;;;;;;;0=TRIP INITIATOR;;;;;;;Undefined;;;;;;;;;;;;ЛОЖЬ;ИСТИНА;;;;;;;;;;;;;;;;;;;;;;;;
M;C636_4_D;;;9100;9100;Function block marker;;ЛОЖЬ;ЛОЖЬ;;636;;;;;;;0;;;;1036;ЛОЖЬ;0;;;;;;;;;;;;;;Undefined;;;;;;;;;;;;ЛОЖЬ;ИСТИНА;;;;;;;;;;;;;;;;;;;;;;;;
M;2410_C;;;;;OOS ACTIVE;;ЛОЖЬ;ЛОЖЬ;;2410;;;;;;;0;;;;118;ЛОЖЬ;0;;;;;;;;;;;;;;Undefined;491;3428;;;;;;;;;;ЛОЖЬ;;;;;;;;;;;;;;;;;;;;;;;;;
DI;00XS912EMC02;;MAR;901-10;S_B91_2;IB-91-2 COMM ALARM EMC02;Yes;ИСТИНА;ЛОЖЬ;;18;;;;;;;;;;;54;ИСТИНА;33551;None;;;;;;0=ALARM;;;;;;;Undefined;491;3428;;18.03;7;15;1;Low;;;;ЛОЖЬ;;;;ЛОЖЬ;;;;;;;;;;;;;;;;;;Output;EPKS_UCB;ESD_912_1;716
M;602_6;;;9100;;;;ЛОЖЬ;ЛОЖЬ;;602;;;;;;;0;;;;1636;ЛОЖЬ;0;;;;;;;;;;;;;;Undefined;;;;;;;;;;;;ЛОЖЬ;ИСТИНА;;;;;;;;;;;;;;;;;;;;;;;;
M;330_394_3;;;901-10;;V-9011001C FILLING;;ЛОЖЬ;ЛОЖЬ;;394;;;;;;;0;;;;1690;ЛОЖЬ;0;;;;;;;1=OPEN;;;;;;;Undefined;491;3428;;;;;;;;;;ЛОЖЬ;;;;;;;;;;;;;;;;;;;;;;;;;
DO;91VAHH802_FU;;COM;901-10;A_90110;TRIP INITIATOR;No;ИСТИНА;ЛОЖЬ;;1518;;;;;;;0;;;;916;ИСТИНА;34134;None;;;;;;1=FIRST;;;;;;;Undefined;;;;;;;;;;;;ЛОЖЬ;ИСТИНА;;;;;;;;;;;;;;;;;;;;;Output;EPKS_UCB;ESD_912_1;840
DI;91HS751A2;;LCP;901-10;A_C90111;C-9011001AX EMER. STOP;Yes;ИСТИНА;ЛОЖЬ;;524;;;;;;;;;;;68;ИСТИНА;33735;None;;;;;;0=TRIP;0=TRIP;;;;;;Undefined;;;;18.03;9;13;1;Low;;;;ЛОЖЬ;ИСТИНА;;;ЛОЖЬ;View only;;;;;;;;;;;;;;;;;Output;EPKS_UCB;ESD_912_1;1023
M;1504_6;;;;C9011001;;;ЛОЖЬ;ЛОЖЬ;;1504;;;;;;;0;;;;58;ЛОЖЬ;0;;;;;;;;;;;;;;Undefined;;;;;;;;;;;;ЛОЖЬ;ИСТИНА;;;;;;;;;;;;;;;;;;;;;;;;
R;504_505_2;;;;;91PI752;;ЛОЖЬ;ЛОЖЬ;;505;;Float;;;;;0;;;;772;ЛОЖЬ;0;;;;;;;;;;;;;;Undefined;;;;;;;;;;;;ЛОЖЬ;ИСТИНА;;;;;;;;;;;;;;;;;;;;;;;;
M;2432_F;;;;;0=TRANSM. FAIL;;ЛОЖЬ;ЛОЖЬ;;2432;;;;;;;0;;;;117;ЛОЖЬ;0;;;;;;;;;;;;;;Undefined;491;3428;;;;;;;;;;ЛОЖЬ;;;;;;;;;;;;;;;;;;;;;;;;;
M;340_426_4;;;9100;;91LAHH077_I;;ЛОЖЬ;ЛОЖЬ;;426;;;;;;;0;;;;1725;ЛОЖЬ;0;;;;;;;0=TRIP INITIATOR;;;;;;;Undefined;491;3428;;;;;;;;;;ЛОЖЬ;;;;;;;;;;;;;;;;;;;;;;;;;
M;382_2;;;9100;;;;ЛОЖЬ;ЛОЖЬ;;382;;;;;;;0;;;;768;ЛОЖЬ;0;;;;;;;;;;;;;;Undefined;491;3428;;;;;;;;;;ЛОЖЬ;;;;;;;;;;;;;;;;;;;;;;;;;
DO;91PAHH822_CA;;COM;901-10;A_C90111;CAUSE ALARM;No;ЛОЖЬ;ЛОЖЬ;;606;;;;;;;0;;;;1793;ЛОЖЬ;0;None;;;;;;0=ALARM;;;;;;;Undefined;491;3428;;;;;;;;;;ЛОЖЬ;;;;;;;;;;;;;;;;;;;;;;Output;EPKS_UCB;ESD_912_1;549
DI;91TI987_MOR;;COM;901-10;A_90110;MO REQUEST;No;ЛОЖЬ;ИСТИНА;;304;;;;;;;0;;;;2239;ЛОЖЬ;0;None;;;;;;1=REQUEST;;;;;;;Undefined;491;3428;;;;;;Freeze;;;;ЛОЖЬ;;;;ЛОЖЬ;;;;;;;;;;;;;;;;;;Input;EPKS_UCB;ESD_912_1;96
M;C516_1_G;;;9100;9100;Function block marker;;ЛОЖЬ;ЛОЖЬ;;516;;;;;;;0;;;;2865;ЛОЖЬ;0;;;;;;;;;;;;;;Undefined;;;;;;;;;;;;ЛОЖЬ;ИСТИНА;;;;;;;;;;;;;;;;;;;;;;;;
M;506_1;;;901-10;;;;ЛОЖЬ;ЛОЖЬ;;506;;;;;;;0;;;;1797;ЛОЖЬ;0;;;;;;;;;;;;;;Undefined;491;3428;;;;;;;;;;ЛОЖЬ;;;;;;;;;;;;;;;;;;;;;;;;;
M;512_1310_3;;;;;91TAH751_PERM;;ЛОЖЬ;ЛОЖЬ;;1310;;;;;;;0;;;;1322;ЛОЖЬ;0;;;;;;;0=ALARM;;;;;;;Undefined;;;;;;;;;;;;ЛОЖЬ;ИСТИНА;;;;;;;;;;;;;;;;;;;;;;;;
M;1520_6;;;;C9011001;;;ЛОЖЬ;ЛОЖЬ;;1520;;;;;;;0;;;;853;ЛОЖЬ;0;;;;;;;;;;;;;;Undefined;;;;;;;;;;;;ЛОЖЬ;ИСТИНА;;;;;;;;;;;;;;;;;;;;;;;;
DO;91PI081_MOC;;COM;901-10;A_90110;MO CONFIRMED;No;ИСТИНА;ЛОЖЬ;;316;;;;;;;0;;;;1431;ИСТИНА;33919;None;;;;;;1=CONFIRMED;;;;;;;Undefined;491;3428;;;;;;;;;;ЛОЖЬ;;;;;;;;;;;;;;;;;;;;;;Output;EPKS_UCB;ESD_912_1;595
M;C298_3_D;;;9100;9100;Function block marker;;ЛОЖЬ;ЛОЖЬ;;298;;;;;;;0;;;;1614;ЛОЖЬ;0;;;;;;;;;;;;;;Undefined;;;;;;;;;;;;ЛОЖЬ;ИСТИНА;;;;;;;;;;;;;;;;;;;;;;;;
M;1518_5;;;;C9011001;;;ЛОЖЬ;ЛОЖЬ;;1518;;;;;;;0;;;;846;ЛОЖЬ;0;;;;;;;;;;;;;;Undefined;;;;;;;;;;;;ЛОЖЬ;ИСТИНА;;;;;;;;;;;;;;;;;;;;;;;;
M;C535_2_D;;;9100;9100;Function block marker;;ЛОЖЬ;ЛОЖЬ;;535;;;;;;;0;;;;1863;ЛОЖЬ;0;;;;;;;;;;;;;;Undefined;;;;;;;;;;;;ЛОЖЬ;ИСТИНА;;;;;;;;;;;;;;;;;;;;;;;;
BO;IB912_ESD1_HOUR;;COM;;;HOUR;No;ЛОЖЬ;ЛОЖЬ;;19;;Byte;;;;;0;;;;28;;0;;None;None;None;None;;;;;;;;;-XXXXX.X;;;;;;;;;;;;ЛОЖЬ;ИСТИНА;;;;;;;;;;;;;;;;;;;;;Output;EPKS_UCB;ESD_912_1;10188
M;167_171_3;;;;;07_18_SNESD_FLT;;ЛОЖЬ;ЛОЖЬ;;171;;;;;;;0;;;;1260;ЛОЖЬ;0;;;;;;;0=FAULT;;;;;;;Undefined;491;3428;;;;;;;;;;ЛОЖЬ;;;;;;;;;;;;;;;;;;;;;;;;;
M;C321_1_B;;;9100;9100;Function block marker;;ЛОЖЬ;ЛОЖЬ;;321;;;;;;;0;;;;1953;ЛОЖЬ;0;;;;;;;;;;;;;;Undefined;;;;;;;;;;;;ЛОЖЬ;ИСТИНА;;;;;;;;;;;;;;;;;;;;;;;;
DI;91FI030B_MOR;;COM;901-10;A_90110;MO REQUEST;No;ЛОЖЬ;ИСТИНА;;352;;;;;;;0;;;;2146;ЛОЖЬ;0;None;;;;;;1=REQUEST;;;;;;;Undefined;491;3428;;;;;;Freeze;;;;ЛОЖЬ;;;;ЛОЖЬ;;;;;;;;;;;;;;;;;;Input;EPKS_UCB;ESD_912_1;3
DO;91ZALL751_FU;;COM;901-10;A_C90111;C-9011001AX HANDWHEEL;No;ИСТИНА;ЛОЖЬ;;1504;;;;;;;0;;;;811;ИСТИНА;34109;None;;;;;;1=FIRST;;;;;;;Undefined;;;;;;;;;;;;ЛОЖЬ;ИСТИНА;;;;;;;;;;;;;;;;;;;;;Output;EPKS_UCB;ESD_912_1;815
C;526_1;;;901-10;;;;ЛОЖЬ;ЛОЖЬ;;526;;;;;;;0;;;1;0;ЛОЖЬ;0;;;;;;;;;;;;;;Undefined;491;3428;;;;;;;;;;ЛОЖЬ;;;;;;;;;;;;;;;;;;;;;;;;;
M;C610_5_F;;;9100;9100;Function block marker;;ЛОЖЬ;ЛОЖЬ;;610;;;;;;;0;;;;2667;ЛОЖЬ;0;;;;;;;;;;;;;;Undefined;;;;;;;;;;;;ЛОЖЬ;ИСТИНА;;;;;;;;;;;;;;;;;;;;;;;;
M;C606_6_G;;;9100;9100;Function block marker;;ЛОЖЬ;ЛОЖЬ;;606;;;;;;;0;;;;2830;ЛОЖЬ;0;;;;;;;;;;;;;;Undefined;;;;;;;;;;;;ЛОЖЬ;ИСТИНА;;;;;;;;;;;;;;;;;;;;;;;;
M;C296_1_D;;;9100;9100;Function block marker;;ЛОЖЬ;ЛОЖЬ;;296;;;;;;;0;;;;1003;ЛОЖЬ;0;;;;;;;;;;;;;;Undefined;;;;;;;;;;;;ЛОЖЬ;ИСТИНА;;;;;;;;;;;;;;;;;;;;;;;;
DI;91ZSLL751_MOR;;COM;901-10;A_C90111;MO REQUEST;No;ЛОЖЬ;ИСТИНА;;520;;;;;;;0;;;;2148;ЛОЖЬ;0;None;;;;;;1=REQUEST;;;;;;;Undefined;491;3428;;;;;;Freeze;;;;ЛОЖЬ;;;;ЛОЖЬ;;;;;;;;;;;;;;;;;;Input;EPKS_UCB;ESD_912_1;5
DI;91PI099_MOR;;COM;901-10;A_90110;MO REQUEST;No;ЛОЖЬ;ИСТИНА;;320;;;;;;;0;;;;2217;ЛОЖЬ;0;None;;;;;;1=REQUEST;;;;;;;Undefined;491;3428;;;;;;Freeze;;;;ЛОЖЬ;;;;ЛОЖЬ;;;;;;;;;;;;;;;;;;Input;EPKS_UCB;ESD_912_1;74
M;C608_4_B;;;9100;9100;Function block marker;;ЛОЖЬ;ЛОЖЬ;;608;;;;;;;0;;;;2693;ЛОЖЬ;0;;;;;;;;;;;;;;Undefined;;;;;;;;;;;;ЛОЖЬ;ИСТИНА;;;;;;;;;;;;;;;;;;;;;;;;
DO;91PAHH076_CA;;COM;901-10;A_90110;CAUSE ALARM;No;ЛОЖЬ;ЛОЖЬ;;314;;;;;;;0;;;;1407;ЛОЖЬ;0;None;;;;;;0=ALARM;;;;;;;Undefined;491;3428;;;;;;;;;;ЛОЖЬ;;;;;;;;;;;;;;;;;;;;;;Output;EPKS_UCB;ESD_912_1;535
DO;91LS754_TF;;COM;;;TRANSM FAULT;No;ЛОЖЬ;ЛОЖЬ;;521;;;;;;;0;;;;2743;ИСТИНА;33550;None;;;;;;0=ALARM;0=ALARM;;;;;;Undefined;;;;;;;;;;;;ЛОЖЬ;ИСТИНА;;;;;;;;;;;;;;;;;;;;;Output;EPKS_UCB;ESD_912_1;967
M;524_5;;;9100;;;;ЛОЖЬ;ЛОЖЬ;;524;;;;;;;0;;;;631;ЛОЖЬ;0;;;;;;;;;;;;;;Undefined;491;3428;;;;;;;;;;ЛОЖЬ;;;;;;;;;;;;;;;;;;;;;;;;;
R;518_498_4;;;9100;;91TI761A;;ЛОЖЬ;ЛОЖЬ;;498;;Float;;;;;0;;;;680;ЛОЖЬ;0;;;;;;;;;;;;;;Undefined;;;;;;;;;;;;ЛОЖЬ;ИСТИНА;;;;;;;;;;;;;;;;;;;;;;;;
DO;91TAHH754;;COM;901-10;A_C90111;C9011001AX GAS CYL2;No;ИСТИНА;ЛОЖЬ;;514;;;;;;;0;;;;1857;ИСТИНА;33921;None;;;;;;0=TRIP;;;;;;;Undefined;491;3428;;;;;;;;;;ЛОЖЬ;;;;;;;;;;;;;;;;;;;;;;Output;EPKS_UCB;ESD_912_1;626
M;C314_3_G;;;9100;9100;Function block marker;;ЛОЖЬ;ЛОЖЬ;;314;;;;;;;0;;;;1506;ЛОЖЬ;0;;;;;;;;;;;;;;Undefined;;;;;;;;;;;;ЛОЖЬ;ИСТИНА;;;;;;;;;;;;;;;;;;;;;;;;
M;C316_1_E;;;9100;9100;Function block marker;;ЛОЖЬ;ЛОЖЬ;;316;;;;;;;0;;;;2070;ЛОЖЬ;0;;;;;;;;;;;;;;Undefined;491;3428;;;;;;;;;;ЛОЖЬ;;;;;;;;;;;;;;;;;;;;;;;;;
M;321_322_1;;;9100;;91LT052;;ЛОЖЬ;ЛОЖЬ;;322;;;;;;;0;;;;1891;ЛОЖЬ;0;;;;;;;1=MO CONFIRMED;;;;;;;Undefined;;;;;;;;;;;;ЛОЖЬ;ИСТИНА;;;;;;;;;;;;;;;;;;;;;;;;
M;317_386_1;;;9100;;91PALL081_I;;ЛОЖЬ;ЛОЖЬ;;386;;;;;;;0;;;;2657;ЛОЖЬ;0;;;;;;;0=TRIP INITIATOR;;;;;;;Undefined;;;;;;;;;;;;ЛОЖЬ;ИСТИНА;;;;;;;;;;;;;;;;;;;;;;;;
M;502_1500_2;;;9100;;91PDAHH754_I;;ЛОЖЬ;ЛОЖЬ;;1500;;;;;;;0;;;;79;ЛОЖЬ;0;;;;;;;0=TRIP INITIATOR;;;;;;;Undefined;;;;;;;;;;;;ЛОЖЬ;ИСТИНА;;;;;;;;;;;;;;;;;;;;;;;;
DO;91LI063_TF;;COM;901-10;A_90110;TRANSM FAULT;No;ЛОЖЬ;ЛОЖЬ;;298;;;;;;;0;;;;1515;ИСТИНА;33922;None;;;;;;0=ALARM;;;;;;;Undefined;491;3428;;;;;;;;;;ЛОЖЬ;;;;;;;;;;;;;;;;;;;;;;Output;EPKS_UCB;ESD_912_1;512
T;322_4;;;9100;;;;ЛОЖЬ;ЛОЖЬ;;322;;;;;;;;100 ms;10;;196;ЛОЖЬ;0;;;;;;;;;;;;;;Undefined;491;3428;Pulse retriggerable with constant timer value;;;;;;;;;ЛОЖЬ;;;;;;;;;;;;;;;;;;;;;;;;;
M;518_4;;;901-10;;;;ЛОЖЬ;ЛОЖЬ;;518;;;;;;;0;;;;357;ЛОЖЬ;0;;;;;;;;;;;;;;Undefined;491;3428;;;;;;;;;;ЛОЖЬ;;;;;;;;;;;;;;;;;;;;;;;;;
M;C614_6_G;;;9100;9100;Function block marker;;ЛОЖЬ;ЛОЖЬ;;614;;;;;;;0;;;;2574;ЛОЖЬ;0;;;;;;;;;;;;;;Undefined;;;;;;;;;;;;ЛОЖЬ;ИСТИНА;;;;;;;;;;;;;;;;;;;;;;;;
M;325_324_3;;;9100;;91LI054_F;;ЛОЖЬ;ЛОЖЬ;;324;;;;;;;0;;;;2700;ЛОЖЬ;0;;;;;;;1=FAULT;;;;;;;Undefined;;;;;;;;;;;;ЛОЖЬ;ИСТИНА;;;;;;;;;;;;;;;;;;;;;;;;
M;316_1520_4;;;9100;;91PAHH081_I;;ЛОЖЬ;ЛОЖЬ;;1520;;;;;;;0;;;;891;ЛОЖЬ;0;;;;;;;0=TRIP INITIATOR;;;;;;;Undefined;;;;;;;;;;;;ЛОЖЬ;ИСТИНА;;;;;;;;;;;;;;;;;;;;;;;;
DO;91TAHH754_FU;;COM;901-10;A_C90111;C9011001AX GAS CYL2;No;ИСТИНА;ЛОЖЬ;;1502;;;;;;;0;;;;807;ИСТИНА;34105;None;;;;;;1=FIRST;;;;;;;Undefined;;;;;;;;;;;;ЛОЖЬ;ИСТИНА;;;;;;;;;;;;;;;;;;;;;Output;EPKS_UCB;ESD_912_1;811
M;620_3;;;901-10;;;;ЛОЖЬ;ЛОЖЬ;;620;;;;;;;0;;;;466;ЛОЖЬ;0;;;;;;;;;;;;;;Undefined;491;3428;;;;;;;;;;ЛОЖЬ;;;;;;;;;;;;;;;;;;;;;;;;;
M;2450_E;;;;;2oo3 Trip Initiator;;ЛОЖЬ;ЛОЖЬ;;2450;;;;;;;0;;;;127;ЛОЖЬ;0;;;;;;;;;;;;;;Undefined;491;3428;;;;;;;;;;ЛОЖЬ;;;;;;;;;;;;;;;;;;;;;;;;;
M;C318_3_F;;;9100;9100;Function block marker;;ЛОЖЬ;ЛОЖЬ;;318;;;;;;;0;;;;1437;ЛОЖЬ;0;;;;;;;;;;;;;;Undefined;;;;;;;;;;;;ЛОЖЬ;ИСТИНА;;;;;;;;;;;;;;;;;;;;;;;;
BO;91PI830_L;;COM;901-10;A_C90111;LO ALARM SETPOINT;No;ЛОЖЬ;ЛОЖЬ;;608;;Float;;;;;0;;;;1104;;0;;None;None;None;None;;;;;;;;;-XXXXX.X;;;;;;;;;;;;ЛОЖЬ;ИСТИНА;;;;;;;;;;;;;;;;;;;;;Output;EPKS_UCB;ESD_912_1;10254
BO;91TI752_HH;;COM;901-10;A_C90111;HH TRIP SETPOINT;No;ИСТИНА;ЛОЖЬ;;512;;Float;;;;;0;;;;584;;34086;;;;;;;;;0;0;;;;-XXXXX.X;491;3428;;;;;;;;;;ЛОЖЬ;;;;;;;;;;;;;;;;;;;;;;Output;EPKS_UCB;ESD_912_1;10174
BO;91LI493_L;;COM;901-05;A_90105;L TRIP SETPOINT (%);No;ИСТИНА;ЛОЖЬ;;246;;Float;;;;;0;;;;424;;34087;;;;;;;;;0;0;;;;-XXXXX.X;491;3428;;;;;;;;;;ЛОЖЬ;;;;;;;;;;;;;;;;;;;;;;Output;EPKS_UCB;ESD_912_1;10138
M;C348_4_C;;;9100;9100;Function block marker;;ЛОЖЬ;ЛОЖЬ;;348;;;;;;;0;;;;2725;ЛОЖЬ;0;;;;;;;;;;;;;;Undefined;;;;;;;;;;;;ЛОЖЬ;ИСТИНА;;;;;;;;;;;;;;;;;;;;;;;;
T;316_1;;;9100;;;;ЛОЖЬ;ЛОЖЬ;;316;;;;;;;;100 ms;5;;112;ЛОЖЬ;0;;;;;;;;;;;;;;Undefined;;;Delayed OFF with constant timer value;;;;;;;;;ЛОЖЬ;ИСТИНА;;;;;;;;;;;;;;;;;;;;;;;;
M;610_1320_3;;;;;91PAL820_PERM;;ЛОЖЬ;ЛОЖЬ;;1320;;;;;;;0;;;;1927;ЛОЖЬ;0;;;;;;;0=ALARM;;;;;;;Undefined;;;;;;;;;;;;ЛОЖЬ;ИСТИНА;;;;;;;;;;;;;;;;;;;;;;;;
DO;91HS850B;;COM;901-05;A_90105;ESD MOS REL AREA 901-05;No;ИСТИНА;ЛОЖЬ;;167;;;;;;;0;;;;201;ИСТИНА;33923;None;;;;;;1=RELEASED;;;;;;;Undefined;491;3428;;;;;;;;;;ЛОЖЬ;;;;;;;;;;;;;;;;;;;;;;Output;EPKS_UCB;ESD_912_1;483
AI;91PDI753;;FLD;901-10;A_C90111;C-9011001AX ПЕРЕПАД ДАВЛЕНИЯ ТЕХНОЛ.ГАЗА;Yes;ИСТИНА;ЛОЖЬ;;502;ИСТИНА;Float;4-20mA;0;1;МРа;;;;;408;ЛОЖЬ;33719;;None;None;None;None;;;;;;;;;-XXXXX.X;3.64;22;;18.03;11;1;1;Top scale;;;;ЛОЖЬ;ИСТИНА;ЛОЖЬ;;;;;;;;;;;;;;;;;;;;Output;EPKS_UCB;ESD_912_1;10222
M;C1524_1_J;;;;;Function block marker;;ЛОЖЬ;ЛОЖЬ;;1524;;;;;;;0;;;;932;ЛОЖЬ;0;;;;;;;;;;;;;;Undefined;;;;;;;;;;;;ЛОЖЬ;ИСТИНА;;;;;;;;;;;;;;;;;;;;;;;;
DO;91PAHH084;;COM;901-10;A_90110;LIQUID AMM TO V9011001C;No;ИСТИНА;ЛОЖЬ;;318;;;;;;;0;;;;1450;ИСТИНА;33924;None;;;;;;0=TRIP;;;;;;;Undefined;491;3428;;;;;;;;;;ЛОЖЬ;;;;;;;;;;;;;;;;;;;;;;Output;EPKS_UCB;ESD_912_1;538
R;C2457_1;;;;;Compiler register (232, 24);;ЛОЖЬ;ЛОЖЬ;;2457;;Float;;;;;0;;;;336;ЛОЖЬ;0;;;;;;;;;;;;;;Undefined;491;3428;;;;;;;;;;ЛОЖЬ;;;;;;;;;;;;;;;;;;;;;;;;;
M;2460_G;;;;;1=CMD_CLOSE;;ЛОЖЬ;ЛОЖЬ;;2460;;;;;;;0;;;;149;ЛОЖЬ;0;;;;;;;;;;;;;;Undefined;491;3428;;;;;;;;;;ЛОЖЬ;;;;;;;;;;;;;;;;;;;;;;;;;
DO;91PI091_TF;;COM;9100;;TRANSM FAULT;No;ЛОЖЬ;ЛОЖЬ;;320;;;;;;;0;;;;2713;ИСТИНА;33932;None;;;;;;0=ALARM;0=ALARM;;;;;;Undefined;;;;;;;;;;;;ЛОЖЬ;ИСТИНА;;;;;;;;;;;;;;;;;;;;;Output;EPKS_UCB;ESD_912_1;965
M;614_1320_3;;;;;91TAH803_PERM;;ЛОЖЬ;ЛОЖЬ;;1320;;;;;;;0;;;;1965;ЛОЖЬ;0;;;;;;;0=ALARM;;;;;;;Undefined;;;;;;;;;;;;ЛОЖЬ;ИСТИНА;;;;;;;;;;;;;;;;;;;;;;;;
M;C438_1_G;;;9100;9100;Function block marker;;ЛОЖЬ;ЛОЖЬ;;438;;;;;;;0;;;;1204;ЛОЖЬ;0;;;;;;;;;;;;;;Undefined;;;;;;;;;;;;ЛОЖЬ;ИСТИНА;;;;;;;;;;;;;;;;;;;;;;;;
T;336_1;;;9100;;;;ЛОЖЬ;ЛОЖЬ;;336;;;;;;;;100 ms;5;;720;ЛОЖЬ;0;;;;;;;;;;;;;;Undefined;;;Delayed OFF with constant timer value;;;;;;;;;ЛОЖЬ;ИСТИНА;;;;;;;;;;;;;;;;;;;;;;;;
M;C378_2;;;9100;9100;Compiler marker (264, 91);;ЛОЖЬ;ЛОЖЬ;;378;;;;;;;0;;;;1086;ЛОЖЬ;0;;;;;;;;;;;;;;Undefined;;;;;;;;;;;;ЛОЖЬ;ИСТИНА;;;;;;;;;;;;;;;;;;;;;;;;
DO;91TAHH107_CA;;COM;901-10;;CAUSE ALARM;No;ЛОЖЬ;ЛОЖЬ;;302;;;;;;;0;;;;1106;ЛОЖЬ;0;None;;;;;;0=ALARM;0=ALARM;;;;;;Undefined;;;;;;;;;;;;ЛОЖЬ;ИСТИНА;;;;;;;;;;;;;;;;;;;;;Output;EPKS_UCB;ESD_912_1;894
T;340_3;;;9100;;;;ЛОЖЬ;ЛОЖЬ;;340;;;;;;;;100 ms;10;;740;ЛОЖЬ;0;;;;;;;;;;;;;;Undefined;;;Delayed OFF with constant timer value;;;;;;;;;ЛОЖЬ;ИСТИНА;;;;;;;;;;;;;;;;;;;;;;;;
DO;91XL852KA_ON_18;;FSC;901-10;A_90110;ESD MOS EN A 901-10;No;ЛОЖЬ;ЛОЖЬ;;171;;;;;;;0;;;;197;ЛОЖЬ;0;None;;;;;;1=LAMP ON;;;;;;;Undefined;491;3428;;;;;;;;;;ЛОЖЬ;;;;;;Output;ESD_002_1;ESD_912_1;2;;;;;;;;;;;;;;;;
M;372_3;;;9100;;;;ЛОЖЬ;ЛОЖЬ;;372;;;;;;;0;;;;759;ЛОЖЬ;0;;;;;;;;;;;;;;Undefined;491;3428;;;;;;;;;;ЛОЖЬ;;;;;;;;;;;;;;;;;;;;;;;;;
M;C620_1_B;;;9100;9100;Function block marker;;ЛОЖЬ;ЛОЖЬ;;620;;;;;;;0;;;;583;ЛОЖЬ;0;;;;;;;;;;;;;;Undefined;491;3428;;;;;;;;;;ЛОЖЬ;;;;;;;;;;;;;;;;;;;;;;;;;
M;C302_1_E;;;9100;9100;Function block marker;;ЛОЖЬ;ЛОЖЬ;;302;;;;;;;0;;;;2097;ЛОЖЬ;0;;;;;;;;;;;;;;Undefined;491;3428;;;;;;;;;;ЛОЖЬ;;;;;;;;;;;;;;;;;;;;;;;;;
M;500_522_2;;;9100;;91LAHH752_I;;ЛОЖЬ;ЛОЖЬ;;522;;;;;;;0;;;;1897;ЛОЖЬ;0;;;;;;;0=TRIP INITIATOR;;;;;;;Undefined;491;3428;;;;;;;;;;ЛОЖЬ;;;;;;;;;;;;;;;;;;;;;;;;;
M;C534_1_D;;;9100;9100;Function block marker;;ЛОЖЬ;ЛОЖЬ;;534;;;;;;;0;;;;656;ЛОЖЬ;0;;;;;;;;;;;;;;Undefined;491;3428;;;;;;;;;;ЛОЖЬ;;;;;;;;;;;;;;;;;;;;;;;;;
AI;91LI751;;FLD;901-10;A_C90111;C-9011001AX УРОВЕНЬ СЕПАРАТОРА;Yes;ИСТИНА;ЛОЖЬ;;500;ИСТИНА;Float;4-20mA;0;100;%;;;;;440;ЛОЖЬ;33718;;None;None;None;None;;;;;;;;;-XXXXX.X;3.64;22;;18.03;11;9;1;Top scale;;;;ЛОЖЬ;ИСТИНА;ЛОЖЬ;;;;;;;;;;;;;;;;;;;;Output;EPKS_UCB;ESD_912_1;10230
DO;91PAHH772_FU;;COM;901-10;A_C90111;C9011001AX GAS PRS;No;ИСТИНА;ЛОЖЬ;;1502;;;;;;;0;;;;803;ИСТИНА;34101;None;;;;;;1=FIRST;;;;;;;Undefined;;;;;;;;;;;;ЛОЖЬ;ИСТИНА;;;;;;;;;;;;;;;;;;;;;Output;EPKS_UCB;ESD_912_1;807
M;C352_1_F;;;9100;9100;Function block marker;;ЛОЖЬ;ЛОЖЬ;;352;;;;;;;0;;;;1209;ЛОЖЬ;0;;;;;;;;;;;;;;Undefined;;;;;;;;;;;;ЛОЖЬ;ИСТИНА;;;;;;;;;;;;;;;;;;;;;;;;
M;C518_4_C;;;9100;9100;Function block marker;;ЛОЖЬ;ЛОЖЬ;;518;;;;;;;0;;;;2805;ЛОЖЬ;0;;;;;;;;;;;;;;Undefined;;;;;;;;;;;;ЛОЖЬ;ИСТИНА;;;;;;;;;;;;;;;;;;;;;;;;
M;621_188_2;;;;;91LSLL804_I;;ЛОЖЬ;ЛОЖЬ;;188;;;;;;;0;;;;2750;ЛОЖЬ;0;;;;;;;MO CONFIRMED;;;;;;;Undefined;;;;;;;;;;;;ЛОЖЬ;ИСТИНА;;;;;;;;;;;;;;;;;;;;;;;;
M;C327_2_G;;;;;Function block marker;;ЛОЖЬ;ЛОЖЬ;;327;;;;;;;0;;;;2069;ЛОЖЬ;0;;;;;;;;;;;;;;Undefined;;;;;;;;;;;;ЛОЖЬ;ИСТИНА;;;;;;;;;;;;;;;;;;;;;;;;
M;314_182_1;;;901-10;;91PT076;;ЛОЖЬ;ЛОЖЬ;;182;;;;;;;0;;;;1415;ЛОЖЬ;0;;;;;;;1=MO CONFIRMED;;;;;;;Undefined;491;3428;;;;;;;;;;ЛОЖЬ;;;;;;;;;;;;;;;;;;;;;;;;;
DI;18-ClockSrcFault1;;SYS;;;CLOCK SOURCE 1 FAULT;Yes;ЛОЖЬ;;;19;;;;;;;;;;;14;ЛОЖЬ;0;None;;;;;;;;;;;;;Undefined;491;3428;;;;;;;;;;ЛОЖЬ;;;;ЛОЖЬ;;;;;;;;;;;;;;;;;;;;;
M;C304_1_D;;;9100;9100;Function block marker;;ЛОЖЬ;ЛОЖЬ;;304;;;;;;;0;;;;2093;ЛОЖЬ;0;;;;;;;;;;;;;;Undefined;491;3428;;;;;;;;;;ЛОЖЬ;;;;;;;;;;;;;;;;;;;;;;;;;
M;C1514_1_L;;;;;Function block marker;;ЛОЖЬ;ЛОЖЬ;;1514;;;;;;;0;;;;964;ЛОЖЬ;0;;;;;;;;;;;;;;Undefined;;;;;;;;;;;;ЛОЖЬ;ИСТИНА;;;;;;;;;;;;;;;;;;;;;;;;
M;621_1514_1;;;;C9011001;91LALL804_I;;ЛОЖЬ;ЛОЖЬ;;1514;;;;;;;0;;;;2756;ЛОЖЬ;0;;;;;;;0=TRIP;;;;;;;Undefined;;;;;;;;;;;;ЛОЖЬ;ИСТИНА;;;;;;;;;;;;;;;;;;;;;;;;
AI;91PI751;;FLD;901-10;A_C90111;C-9011001AX ДАВЛЕНИЕ ТЕХНОЛ. ГАЗА ВХОД;Yes;ИСТИНА;ЛОЖЬ;;504;ИСТИНА;Float;4-20mA;0;1.6;MPa;;;;;412;ЛОЖЬ;33714;;None;None;None;None;;;;;;;;;-XXXXX.X;3.64;22;;18.03;11;2;1;Bottom scale;;;;ЛОЖЬ;ИСТИНА;ЛОЖЬ;;;;;;;;;;;;;;;;;;;;Output;EPKS_UCB;ESD_912_1;10223
M;C1514_1_J;;;;;Function block marker;;ЛОЖЬ;ЛОЖЬ;;1514;;;;;;;0;;;;962;ЛОЖЬ;0;;;;;;;;;;;;;;Undefined;;;;;;;;;;;;ЛОЖЬ;ИСТИНА;;;;;;;;;;;;;;;;;;;;;;;;
DI;91HS071B;;COM;901-10;A_90110;91XV071 CLOSE;No;ЛОЖЬ;ИСТИНА;;394;;;;;;;0;;;;2188;ЛОЖЬ;0;None;;;;;;1=CLOSE (MOM);;;;;;;Undefined;;;;;;;;Low;;;;ЛОЖЬ;ИСТИНА;;;ЛОЖЬ;;;;;;;;;;;;;;;;;;Input;EPKS_UCB;ESD_912_1;148
M;C1504_1_M;;;;;Function block marker;;ЛОЖЬ;ЛОЖЬ;;1504;;;;;;;0;;;;989;ЛОЖЬ;0;;;;;;;;;;;;;;Undefined;;;;;;;;;;;;ЛОЖЬ;ИСТИНА;;;;;;;;;;;;;;;;;;;;;;;;
DO;91PALL751_CA;;COM;901-10;A_C90111;CAUSE ALARM;No;ЛОЖЬ;ЛОЖЬ;;505;;;;;;;0;;;;1125;ЛОЖЬ;0;None;;;;;;0=ALARM;0=ALARM;;;;;;Undefined;;;;;;;;;;;;ЛОЖЬ;ИСТИНА;;;;;;;;;;;;;;;;;;;;;Output;EPKS_UCB;ESD_912_1;913
DO;91PI752_TF;;COM;901-10;A_C90111;TRANSM FAULT;No;ЛОЖЬ;ЛОЖЬ;;504;;;;;;;0;;;;1789;ИСТИНА;33926;None;;;;;;0=ALARM;;;;;;;Undefined;491;3428;;;;;;;;;;ЛОЖЬ;;;;;;;;;;;;;;;;;;;;;;Output;EPKS_UCB;ESD_912_1;602
DO;91XY054_ESD;;COM;901-10;A_90110;91XY054 ESD TRIP;No;ЛОЖЬ;ЛОЖЬ;;372;;;;;;;0;;;;1058;ЛОЖЬ;0;None;;;;;;0=TRIP;;;;;;;Undefined;;;;;;;;;;;;ЛОЖЬ;ИСТИНА;;;;;;;;;;;;;;;;;;;;;Output;EPKS_UCB;ESD_912_1;704
M;C336_3_G;;;9100;9100;Function block marker;;ЛОЖЬ;ЛОЖЬ;;336;;;;;;;0;;;;1259;ЛОЖЬ;0;;;;;;;;;;;;;;Undefined;;;;;;;;;;;;ЛОЖЬ;ИСТИНА;;;;;;;;;;;;;;;;;;;;;;;;
M;337_458_3;;;9100;;91LALL066_I;;ЛОЖЬ;ЛОЖЬ;;458;;;;;;;0;;;;2582;ЛОЖЬ;0;;;;;;;0=TRIP INITIATOR;;;;;;;Undefined;;;;;;;;;;;;ЛОЖЬ;ИСТИНА;;;;;;;;;;;;;;;;;;;;;;;;
M;310_406_2;;;901-10;;91PAHH063_I;;ЛОЖЬ;ЛОЖЬ;;406;;;;;;;0;;;;1718;ЛОЖЬ;0;;;;;;;0=TRIP INITIATOR;;;;;;;Undefined;491;3428;;;;;;;;;;ЛОЖЬ;;;;;;;;;;;;;;;;;;;;;;;;;
T;526_2;;;901-10;;;;ЛОЖЬ;ЛОЖЬ;;526;;;;;;;;1 s;180;;16;ЛОЖЬ;0;;;;;;;;;;;;;;Undefined;491;3428;Delayed ON with constant timer value;;;;;;;;;ЛОЖЬ;;;;;;;;;;;;;;;;;;;;;;;;;
M;346_4;;;901-10;;;;ЛОЖЬ;ЛОЖЬ;;346;;;;;;;0;;;;385;ЛОЖЬ;0;;;;;;;;;;;;;;Undefined;491;3428;;;;;;;;;;ЛОЖЬ;;;;;;;;;;;;;;;;;;;;;;;;;
T;325_2;;;;;;;ЛОЖЬ;ЛОЖЬ;;325;;;;;;;;100 ms;5;;880;ЛОЖЬ;0;;;;;;;;;;;;;;Undefined;;;Delayed OFF with constant timer value;;;;;;;;;ЛОЖЬ;ИСТИНА;;;;;;;;;;;;;;;;;;;;;;;;
M;C512_3_G;;;9100;9100;Function block marker;;ЛОЖЬ;ЛОЖЬ;;512;;;;;;;0;;;;1180;ЛОЖЬ;0;;;;;;;;;;;;;;Undefined;;;;;;;;;;;;ЛОЖЬ;ИСТИНА;;;;;;;;;;;;;;;;;;;;;;;;
DO;91XY065;;FLD;901-10;A_90110;INLET VALVE CTRL 91XV065;Yes;ИСТИНА;ЛОЖЬ;;382;;;;;;;0;;;;32;ИСТИНА;33553;None;;;;;;1=OPEN;;;;;;;Undefined;491;3428;;18.05;5;1;1;Appl;;;;ЛОЖЬ;;;;;;;;;;;;;;;;;;;;;;Output;EPKS_UCB;ESD_912_1;735
M;C320_4_D;;;9100;9100;Function block marker;;ЛОЖЬ;ЛОЖЬ;;320;;;;;;;0;;;;2733;ЛОЖЬ;0;;;;;;;;;;;;;;Undefined;;;;;;;;;;;;ЛОЖЬ;ИСТИНА;;;;;;;;;;;;;;;;;;;;;;;;
M;C302_1_F;;;9100;9100;Function block marker;;ЛОЖЬ;ЛОЖЬ;;302;;;;;;;0;;;;2606;ЛОЖЬ;0;;;;;;;;;;;;;;Undefined;;;;;;;;;;;;ЛОЖЬ;ИСТИНА;;;;;;;;;;;;;;;;;;;;;;;;
M;C340_4_D;;;9100;9100;Function block marker;;ЛОЖЬ;ЛОЖЬ;;340;;;;;;;0;;;;2601;ЛОЖЬ;0;;;;;;;;;;;;;;Undefined;;;;;;;;;;;;ЛОЖЬ;ИСТИНА;;;;;;;;;;;;;;;;;;;;;;;;
DO;91VAHH751_PA;;COM;901-10;A_90110;1oo2 PRE ALARM;No;ИСТИНА;ЛОЖЬ;;535;;;;;;;0;;;;1637;ЛОЖЬ;33443;None;;;;;;0=ALARM;0=ALARM;;;;;;Undefined;;;;;;;;;;;;ЛОЖЬ;ИСТИНА;;;;;;;;;;;;;;;;;;;;;Output;EPKS_UCB;ESD_912_1;935
M;342_362_3;;;901-10;;EMERGENCY OFF PUMP;;ЛОЖЬ;ЛОЖЬ;;362;;;;;;;0;;;;1487;ЛОЖЬ;0;;;;;;;0=TRIP;;;;;;;Undefined;491;3428;;;;;;;;;;ЛОЖЬ;;;;;;;;;;;;;;;;;;;;;;;;;
M;C348_3_F;;;9100;9100;Function block marker;;ЛОЖЬ;ЛОЖЬ;;348;;;;;;;0;;;;2723;ЛОЖЬ;0;;;;;;;;;;;;;;Undefined;;;;;;;;;;;;ЛОЖЬ;ИСТИНА;;;;;;;;;;;;;;;;;;;;;;;;
R;C2456_1;;;;;Compiler register (288, 36);;ЛОЖЬ;ЛОЖЬ;;2456;;Float;;;;;0;;;;340;ЛОЖЬ;0;;;;;;;;;;;;;;Undefined;491;3428;;;;;;;;;;ЛОЖЬ;;;;;;;;;;;;;;;;;;;;;;;;;
M;C320_3_F;;;9100;9100;Function block marker;;ЛОЖЬ;ЛОЖЬ;;320;;;;;;;0;;;;1425;ЛОЖЬ;0;;;;;;;;;;;;;;Undefined;;;;;;;;;;;;ЛОЖЬ;ИСТИНА;;;;;;;;;;;;;;;;;;;;;;;;
M;605_1514_2;;;;C9011001;91PALL802_I;;ЛОЖЬ;ЛОЖЬ;;1514;;;;;;;0;;;;1665;ЛОЖЬ;0;;;;;;;0=TRIP INITIATOR;;;;;;;Undefined;;;;;;;;;;;;ЛОЖЬ;ИСТИНА;;;;;;;;;;;;;;;;;;;;;;;;
M;C1520_1_H;;;;;Function block marker;;ЛОЖЬ;ЛОЖЬ;;1520;;;;;;;0;;;;942;ЛОЖЬ;0;;;;;;;;;;;;;;Undefined;;;;;;;;;;;;ЛОЖЬ;ИСТИНА;;;;;;;;;;;;;;;;;;;;;;;;
M;C596_1_F;;;9100;9100;Function block marker;;ЛОЖЬ;ЛОЖЬ;;596;;;;;;;0;;;;2795;ЛОЖЬ;0;;;;;;;;;;;;;;Undefined;;;;;;;;;;;;ЛОЖЬ;ИСТИНА;;;;;;;;;;;;;;;;;;;;;;;;
DO;91LAHH752_FU;;COM;901-10;A_C90111;C9011001AX SEP LEV;No;ИСТИНА;ЛОЖЬ;;1500;;;;;;;0;;;;798;ИСТИНА;34096;None;;;;;;1=FIRST;;;;;;;Undefined;;;;;;;;;;;;ЛОЖЬ;ИСТИНА;;;;;;;;;;;;;;;;;;;;;Output;EPKS_UCB;ESD_912_1;802
M;348_4;;;901-10;;;;ЛОЖЬ;ЛОЖЬ;;348;;;;;;;0;;;;383;ЛОЖЬ;0;;;;;;;;;;;;;;Undefined;491;3428;;;;;;;;;;ЛОЖЬ;;;;;;;;;;;;;;;;;;;;;;;;;
M;C512_1_F;;;9100;9100;Function block marker;;ЛОЖЬ;ЛОЖЬ;;512;;;;;;;0;;;;2868;ЛОЖЬ;0;;;;;;;;;;;;;;Undefined;;;;;;;;;;;;ЛОЖЬ;ИСТИНА;;;;;;;;;;;;;;;;;;;;;;;;
M;C1520_1_L;;;;;Function block marker;;ЛОЖЬ;ЛОЖЬ;;1520;;;;;;;0;;;;946;ЛОЖЬ;0;;;;;;;;;;;;;;Undefined;;;;;;;;;;;;ЛОЖЬ;ИСТИНА;;;;;;;;;;;;;;;;;;;;;;;;
M;635_1;;;;;;;ЛОЖЬ;ЛОЖЬ;;635;;;;;;;0;;;;1674;ЛОЖЬ;0;;;;;;;;;;;;;;Undefined;;;;;;;;;;;;ЛОЖЬ;ИСТИНА;;;;;;;;;;;;;;;;;;;;;;;;
DI;18-SoeBufferFull;;SYS;;;SOE BUFFER FULL;Yes;ЛОЖЬ;;;0;;;;;;;;;;;17;ИСТИНА;33401;None;;;;;;;;;;;;;Undefined;491;3428;;;;;;;;;;ЛОЖЬ;;;;ЛОЖЬ;;;;;;;;;;;;;;;;;;Output;EPKS_UCB;ESD_912_1;600
M;C340_3_F;;;9100;9100;Function block marker;;ЛОЖЬ;ЛОЖЬ;;340;;;;;;;0;;;;1240;ЛОЖЬ;0;;;;;;;;;;;;;;Undefined;;;;;;;;;;;;ЛОЖЬ;ИСТИНА;;;;;;;;;;;;;;;;;;;;;;;;
T;535_1;;;9100;;;;ЛОЖЬ;ЛОЖЬ;;535;;;;;;;;100 ms;10;;128;ЛОЖЬ;0;;;;;;;;;;;;;;Undefined;;;Delayed OFF with constant timer value;;;;;;;;;ЛОЖЬ;ИСТИНА;;;;;;;;;;;;;;;;;;;;;;;;
DO;91LI047_TF;;COM;901-10;A_90110;TRANSM FAULT;No;ЛОЖЬ;ЛОЖЬ;;334;;;;;;;0;;;;2143;ИСТИНА;33827;None;;;;;;0=ALARM;0=ALARM;;;;;;Undefined;;;;;;;;;;;;ЛОЖЬ;ИСТИНА;;;;;;;;;;;;;;;;;;;;;Output;EPKS_UCB;ESD_912_1;948
M;C598_2_G;;;9100;9100;Function block marker;;ЛОЖЬ;ЛОЖЬ;;598;;;;;;;0;;;;2791;ЛОЖЬ;0;;;;;;;;;;;;;;Undefined;;;;;;;;;;;;ЛОЖЬ;ИСТИНА;;;;;;;;;;;;;;;;;;;;;;;;
M;332_428_1;;;901-10;;91LALL055_58_61_I;;ЛОЖЬ;ЛОЖЬ;;428;;;;;;;0;;;;1292;ЛОЖЬ;0;;;;;;;0=TRIP INITIATOR;;;;;;;Undefined;491;3428;;;;;;;;;;ЛОЖЬ;;;;;;;;;;;;;;;;;;;;;;;;;
T;516_2;;;9100;;;;ЛОЖЬ;ЛОЖЬ;;516;;;;;;;;100 ms;5;;596;ЛОЖЬ;0;;;;;;;;;;;;;;Undefined;;;Delayed OFF with constant timer value;;;;;;;;;ЛОЖЬ;ИСТИНА;;;;;;;;;;;;;;;;;;;;;;;;
DO;91PDI754_MOC;;COM;901-10;A_C90111;MO CONFIRMED;No;ИСТИНА;ЛОЖЬ;;502;;;;;;;0;;;;1766;ИСТИНА;33928;None;;;;;;1=CONFIRMED;;;;;;;Undefined;491;3428;;;;;;;;;;ЛОЖЬ;;;;;;;;;;;;;;;;;;;;;;Output;EPKS_UCB;ESD_912_1;583
M;C636_1_A;;;9100;9100;Compiler marker;;ЛОЖЬ;ЛОЖЬ;;636;;;;;;;0;;;;567;ЛОЖЬ;0;;;;;;;;;;;;;;Undefined;491;3428;;;;;;;;;;ЛОЖЬ;;;;;;;;;;;;;;;;;;;;;;;;;
M;318_396_2;;;901-10;;91PAHH084_I;;ЛОЖЬ;ЛОЖЬ;;396;;;;;;;0;;;;1692;ЛОЖЬ;0;;;;;;;0=TRIP INITIATOR;;;;;;;Undefined;491;3428;;;;;;;;;;ЛОЖЬ;;;;;;;;;;;;;;;;;;;;;;;;;
M;C374_1;;;901-10;;Compiler marker (304, 90);;ЛОЖЬ;ЛОЖЬ;;374;;;;;;;0;;;;1867;ЛОЖЬ;0;;;;;;;;;;;;;;Undefined;491;3428;;;;;;;;;;ЛОЖЬ;;;;;;;;;;;;;;;;;;;;;;;;;
M;502_3;;;901-10;;;;ЛОЖЬ;ЛОЖЬ;;502;;;;;;;0;;;;372;ЛОЖЬ;0;;;;;;;;;;;;;;Undefined;491;3428;;;;;;;;;;ЛОЖЬ;;;;;;;;;;;;;;;;;;;;;;;;;
DI;91HS055B;;COM;901-10;A_90110;91XV055B CLOSE;No;ЛОЖЬ;ИСТИНА;;374;;;;;;;0;;;;2180;ЛОЖЬ;0;None;;;;;;1=CLOSE (MOM);;;;;;;Undefined;;;;;;;;Low;;;;ЛОЖЬ;ИСТИНА;;;ЛОЖЬ;;;;;;;;;;;;;;;;;;Input;EPKS_UCB;ESD_912_1;136
DO;91LI493_TF;;COM;901-05;A_90105;TRANSM FAULT;No;ЛОЖЬ;ЛОЖЬ;;240;;;;;;;0;;;;1264;ИСТИНА;33929;None;;;;;;0=ALARM;;;;;;;Undefined;491;3428;;;;;;;;;;ЛОЖЬ;;;;;;;;;;;;;;;;;;;;;;Output;EPKS_UCB;ESD_912_1;522
M;348_184_1;;;901-10;;91FT029B;;ЛОЖЬ;ЛОЖЬ;;184;;;;;;;0;;;;1653;ЛОЖЬ;0;;;;;;;1=MO CONFIRMED;;;;;;;Undefined;491;3428;;;;;;;;;;ЛОЖЬ;;;;;;;;;;;;;;;;;;;;;;;;;
DO;91FALL029B_CA;;COM;901-10;A_90110;CAUSE ALARM;No;ЛОЖЬ;ЛОЖЬ;;348;;;;;;;0;;;;1647;ЛОЖЬ;0;None;;;;;;0=ALARM;;;;;;;Undefined;491;3428;;;;;;;;;;ЛОЖЬ;;;;;;;;;;;;;;;;;;;;;;Output;EPKS_UCB;ESD_912_1;422
M;C310_2_B;;;9100;9100;Function block marker;;ЛОЖЬ;ЛОЖЬ;;310;;;;;;;0;;;;2083;ЛОЖЬ;0;;;;;;;;;;;;;;Undefined;491;3428;;;;;;;;;;ЛОЖЬ;;;;;;;;;;;;;;;;;;;;;;;;;
DO;91PAHH802;;COM;901-10;A_C90111;C9011001SX GAS;No;ИСТИНА;ЛОЖЬ;;604;;;;;;;0;;;;1999;ИСТИНА;33931;None;;;;;;0=TRIP;;;;;;;Undefined;491;3428;;;;;;;;;;ЛОЖЬ;;;;;;;;;;;;;;;;;;;;;;Output;EPKS_UCB;ESD_912_1;546
DO;91PDAHH804_CA;;COM;901-10;A_C90111;CAUSE ALARM;No;ЛОЖЬ;ЛОЖЬ;;602;;;;;;;0;;;;1806;ЛОЖЬ;0;None;;;;;;0=ALARM;;;;;;;Undefined;491;3428;;;;;;;;;;ЛОЖЬ;;;;;;;;;;;;;;;;;;;;;;Output;EPKS_UCB;ESD_912_1;581
M;C336_3_F;;;9100;9100;Function block marker;;ЛОЖЬ;ЛОЖЬ;;336;;;;;;;0;;;;1258;ЛОЖЬ;0;;;;;;;;;;;;;;Undefined;;;;;;;;;;;;ЛОЖЬ;ИСТИНА;;;;;;;;;;;;;;;;;;;;;;;;
M;C505_4_G;;;;;Function block marker;;ЛОЖЬ;ЛОЖЬ;;505;;;;;;;0;;;;2883;ЛОЖЬ;0;;;;;;;;;;;;;;Undefined;;;;;;;;;;;;ЛОЖЬ;ИСТИНА;;;;;;;;;;;;;;;;;;;;;;;;
M;C636_2_D;;;9100;9100;Function block marker;;ЛОЖЬ;ЛОЖЬ;;636;;;;;;;0;;;;572;ЛОЖЬ;0;;;;;;;;;;;;;;Undefined;491;3428;;;;;;;;;;ЛОЖЬ;;;;;;;;;;;;;;;;;;;;;;;;;
M;C516_2_B;;;9100;9100;Function block marker;;ЛОЖЬ;ЛОЖЬ;;516;;;;;;;0;;;;1688;ЛОЖЬ;0;;;;;;;;;;;;;;Undefined;491;3428;;;;;;;;;;ЛОЖЬ;;;;;;;;;;;;;;;;;;;;;;;;;
M;C1524_1_I;;;;;Function block marker;;ЛОЖЬ;ЛОЖЬ;;1524;;;;;;;0;;;;931;ЛОЖЬ;0;;;;;;;;;;;;;;Undefined;;;;;;;;;;;;ЛОЖЬ;ИСТИНА;;;;;;;;;;;;;;;;;;;;;;;;
M;320_1;;;901-10;;;;ЛОЖЬ;ЛОЖЬ;;320;;;;;;;0;;;;1460;ЛОЖЬ;0;;;;;;;;;;;;;;Undefined;491;3428;;;;;;;;;;ЛОЖЬ;;;;;;;;;;;;;;;;;;;;;;;;;
M;C325_1_E;;;;;Function block marker;;ЛОЖЬ;ЛОЖЬ;;325;;;;;;;0;;;;2695;ЛОЖЬ;0;;;;;;;;;;;;;;Undefined;;;;;;;;;;;;ЛОЖЬ;ИСТИНА;;;;;;;;;;;;;;;;;;;;;;;;
DO;91FALL028A_CA;;COM;901-10;;CAUSE ALARM;No;ЛОЖЬ;ЛОЖЬ;;346;;;;;;;0;;;;1118;ЛОЖЬ;0;None;;;;;;0=ALARM;0=ALARM;;;;;;Undefined;;;;;;;;;;;;ЛОЖЬ;ИСТИНА;;;;;;;;;;;;;;;;;;;;;Output;EPKS_UCB;ESD_912_1;906
M;C335_2_G;;;;;Function block marker;;ЛОЖЬ;ЛОЖЬ;;335;;;;;;;0;;;;2569;ЛОЖЬ;0;;;;;;;;;;;;;;Undefined;;;;;;;;;;;;ЛОЖЬ;ИСТИНА;;;;;;;;;;;;;;;;;;;;;;;;
M;167_2373_1;;;;;MOS 901-05 ENABLED;;ЛОЖЬ;ЛОЖЬ;;2373;;;;;;;0;;;;1234;ЛОЖЬ;0;;;;;;;1=ENABLED;;;;;;;Undefined;491;3428;;;;;;;;;;ЛОЖЬ;;;;;;;;;;;;;;;;;;;;;;;;;
M;534_522_1;;;9100;;91VAHH752_I;;ЛОЖЬ;ЛОЖЬ;;522;;;;;;;0;;;;592;ЛОЖЬ;0;;;;;;;0=TRIP;;;;;;;Undefined;491;3428;;;;;;;;;;ЛОЖЬ;;;;;;;;;;;;;;;;;;;;;;;;;
M;508_1310_3;;;;;91PAL780_PERM;;ЛОЖЬ;ЛОЖЬ;;1310;;;;;;;0;;;;1295;ЛОЖЬ;0;;;;;;;0=ALARM;;;;;;;Undefined;;;;;;;;;;;;ЛОЖЬ;ИСТИНА;;;;;;;;;;;;;;;;;;;;;;;;
BO;91TI987_HH;;COM;901-10;A_90110;HH TRIP SETPOINT (°C);No;ИСТИНА;ЛОЖЬ;;304;;Float;;;;;0;;;;452;;34088;;;;;;;;;0;0;;;;-XXXXX.X;491;3428;;;;;;;;;;ЛОЖЬ;;;;;;;;;;;;;;;;;;;;;;Output;EPKS_UCB;ESD_912_1;10182
M;C313_2_E;;;;;Function block marker;;ЛОЖЬ;ЛОЖЬ;;313;;;;;;;0;;;;2635;ЛОЖЬ;0;;;;;;;;;;;;;;Undefined;;;;;;;;;;;;ЛОЖЬ;ИСТИНА;;;;;;;;;;;;;;;;;;;;;;;;
T;514_1;;;901-10;;;;ЛОЖЬ;ЛОЖЬ;;514;;;;;;;;100 ms;5;;332;ЛОЖЬ;0;;;;;;;;;;;;;;Undefined;491;3428;Delayed OFF with constant timer value;;;;;;;;;ЛОЖЬ;;;;;;;;;;;;;;;;;;;;;;;;;
M;C612_6_E;;;9100;9100;Function block marker;;ЛОЖЬ;ЛОЖЬ;;612;;;;;;;0;;;;2638;ЛОЖЬ;0;;;;;;;;;;;;;;Undefined;;;;;;;;;;;;ЛОЖЬ;ИСТИНА;;;;;;;;;;;;;;;;;;;;;;;;
M;332_430_1;;;901-10;;91LALL055_58_61_I;;ЛОЖЬ;ЛОЖЬ;;430;;;;;;;0;;;;1339;ЛОЖЬ;0;;;;;;;0=TRIP INITIATOR;;;;;;;Undefined;491;3428;;;;;;;;;;ЛОЖЬ;;;;;;;;;;;;;;;;;;;;;;;;;
M;2480_A;;;;;0=ALARM INITIATOR;;ЛОЖЬ;ЛОЖЬ;;2480;;;;;;;0;;;;179;ЛОЖЬ;0;;;;;;;;;;;;;;Undefined;491;3428;;;;;;;;;;ЛОЖЬ;;;;;;;;;;;;;;;;;;;;;;;;;
AI;91FI028A;;FLD;901-10;A_C90111;Расход. Охл. вода 1 сист. к маслосистеме С-9011001A;Yes;ИСТИНА;ЛОЖЬ;;346;ИСТИНА;Float;4-20mA;0;630;кг/ч;;;;;316;ЛОЖЬ;33612;;None;None;None;None;;;;;;;;;-XXXXX.X;3.64;22;;18.04;9;12;1;Bottom scale;;;;ЛОЖЬ;ИСТИНА;ЛОЖЬ;;;;;;;;;;;;;;;;;;;;Output;EPKS_UCB;ESD_912_1;10208
M;313_370_1;;;9100;;91PALL073_I;;ЛОЖЬ;ЛОЖЬ;;370;;;;;;;0;;;;2633;ЛОЖЬ;0;;;;;;;0=TRIP INITIATOR;;;;;;;Undefined;;;;;;;;;;;;ЛОЖЬ;ИСТИНА;;;;;;;;;;;;;;;;;;;;;;;;
DO;91PI801_TF;;COM;901-10;A_C90111;TRANSM FAULT;No;ЛОЖЬ;ЛОЖЬ;;604;;;;;;;0;;;;1475;ИСТИНА;33713;None;;;;;;0=ALARM;0=ALARM;;;;;;Undefined;;;;;;;;;;;;ЛОЖЬ;ИСТИНА;;;;;;;;;;;;;;;;;;;;;Output;EPKS_UCB;ESD_912_1;1007
M;C610_6_G;;;9100;9100;Function block marker;;ЛОЖЬ;ЛОЖЬ;;610;;;;;;;0;;;;2692;ЛОЖЬ;0;;;;;;;;;;;;;;Undefined;;;;;;;;;;;;ЛОЖЬ;ИСТИНА;;;;;;;;;;;;;;;;;;;;;;;;
M;2430_A;;;;;1=MOS/OOS;;ЛОЖЬ;ЛОЖЬ;;2430;;;;;;;0;;;;104;ЛОЖЬ;0;;;;;;;;;;;;;;Undefined;491;3428;;;;;;;;;;ЛОЖЬ;;;;;;;;;;;;;;;;;;;;;;;;;
M;508_1;;;901-10;;;;ЛОЖЬ;ЛОЖЬ;;508;;;;;;;0;;;;1810;ЛОЖЬ;0;;;;;;;;;;;;;;Undefined;491;3428;;;;;;;;;;ЛОЖЬ;;;;;;;;;;;;;;;;;;;;;;;;;
DO;91PAHH076;;COM;901-10;A_90110;LIQUID AMM TO V9011001A;No;ИСТИНА;ЛОЖЬ;;314;;;;;;;0;;;;1416;ИСТИНА;33933;None;;;;;;0=TRIP;;;;;;;Undefined;491;3428;;;;;;;;;;ЛОЖЬ;;;;;;;;;;;;;;;;;;;;;;Output;EPKS_UCB;ESD_912_1;534
DO;91PI063_MOC;;COM;901-10;A_90110;MO CONFIRMED;No;ИСТИНА;ЛОЖЬ;;310;;;;;;;0;;;;1380;ИСТИНА;33934;None;;;;;;1=CONFIRMED;;;;;;;Undefined;491;3428;;;;;;;;;;ЛОЖЬ;;;;;;;;;;;;;;;;;;;;;;Output;EPKS_UCB;ESD_912_1;589
DI;91HS057B;;COM;901-10;A_90110;91XV057B CLOSE;No;ИСТИНА;ИСТИНА;;378;;;;;;;0;;;;2177;ЛОЖЬ;34161;None;;;;;;1=CLOSE (MOM);;;;;;;Undefined;;;;;;;;Low;;;;ЛОЖЬ;ИСТИНА;;;ЛОЖЬ;;;;;;;;;;;;;;;;;;Input;EPKS_UCB;ESD_912_1;130
M;372_1;;;901-10;;;;ЛОЖЬ;ЛОЖЬ;;372;;;;;;;0;;;;1553;ЛОЖЬ;0;;;;;;;;;;;;;;Undefined;491;3428;;;;;;;;;;ЛОЖЬ;;;;;;;;;;;;;;;;;;;;;;;;;
M;C508_3_F;;;9100;9100;Function block marker;;ЛОЖЬ;ЛОЖЬ;;508;;;;;;;0;;;;2874;ЛОЖЬ;0;;;;;;;;;;;;;;Undefined;;;;;;;;;;;;ЛОЖЬ;ИСТИНА;;;;;;;;;;;;;;;;;;;;;;;;
T;526_1;;;901-10;;;;ЛОЖЬ;ЛОЖЬ;;526;;;;;;;;100 ms;10;;52;ЛОЖЬ;0;;;;;;;;;;;;;;Undefined;491;3428;Delayed OFF with constant timer value;;;;;;;;;ЛОЖЬ;;;;;;;;;;;;;;;;;;;;;;;;;
DO;91PAHH073_FU2;;COM;901-10;A_90110;LIQUID AMM TO V9011001S;No;ИСТИНА;ЛОЖЬ;;1520;;;;;;;0;;;;921;ИСТИНА;34139;None;;;;;;1=FIRST;;;;;;;Undefined;;;;;;;;;;;;ЛОЖЬ;ИСТИНА;;;;;;;;;;;;;;;;;;;;;Output;EPKS_UCB;ESD_912_1;845
DO;91TAHH811_FU;;COM;901-10;A_C90111;C9011001SX OTR OIL TK;No;ИСТИНА;ЛОЖЬ;;1518;;;;;;;0;;;;915;ИСТИНА;34133;None;;;;;;1=FIRST;;;;;;;Undefined;;;;;;;;;;;;ЛОЖЬ;ИСТИНА;;;;;;;;;;;;;;;;;;;;;Output;EPKS_UCB;ESD_912_1;839
DO;91XY084;;MCC;901-10;A_90110;AUTO CLOSURE 91XV084;Yes;ИСТИНА;ЛОЖЬ;;448;;;;;;;0;;;;126;ЛОЖЬ;33554;None;;;;;;1=CLOSE;;;;;;;Undefined;491;3428;;18.06;5;7;1;Appl;;;;ЛОЖЬ;;;;;;;;;;;;;;;;;;;;;;;;;
M;240_252_2;;;901-10;;91LAHH493_I;;ЛОЖЬ;ЛОЖЬ;;252;;;;;;;0;;;;1320;ЛОЖЬ;0;;;;;;;0=TRIP INITIATOR;;;;;;;Undefined;491;3428;;;;;;;;;;ЛОЖЬ;;;;;;;;;;;;;;;;;;;;;;;;;
T;321_2;;;9100;;;;ЛОЖЬ;ЛОЖЬ;;321;;;;;;;;100 ms;5;;620;ЛОЖЬ;0;;;;;;;;;;;;;;Undefined;;;Delayed OFF with constant timer value;;;;;;;;;ЛОЖЬ;ИСТИНА;;;;;;;;;;;;;;;;;;;;;;;;
DO;91LSLL804_CA;;COM;;;CAUSE ALARM;No;ЛОЖЬ;ЛОЖЬ;;621;;;;;;;0;;;;2739;ЛОЖЬ;0;None;;;;;;0=ALARM;0=ALARM;;;;;;Undefined;;;;;;;;;;;;ЛОЖЬ;ИСТИНА;;;;;;;;;;;;;;;;;;;;;Output;EPKS_UCB;ESD_912_1;974
M;308_432_2;;;9100;;91TAHH993_I;;ЛОЖЬ;ЛОЖЬ;;432;;;;;;;0;;;;1366;ЛОЖЬ;0;;;;;;;0=TRIP INITIATOR;;;;;;;Undefined;491;3428;;;;;;;;;;ЛОЖЬ;;;;;;;;;;;;;;;;;;;;;;;;;
M;C518_1_G;;;9100;9100;Function block marker;;ЛОЖЬ;ЛОЖЬ;;518;;;;;;;0;;;;2801;ЛОЖЬ;0;;;;;;;;;;;;;;Undefined;;;;;;;;;;;;ЛОЖЬ;ИСТИНА;;;;;;;;;;;;;;;;;;;;;;;;
T;614_4;;;9100;;;;ЛОЖЬ;ЛОЖЬ;;614;;;;;;;;100 ms;5;;220;ЛОЖЬ;0;;;;;;;;;;;;;;Undefined;;;Delayed OFF with constant timer value;;;;;;;;;ЛОЖЬ;ИСТИНА;;;;;;;;;;;;;;;;;;;;;;;;
T;536_3;;;9100;;;;ЛОЖЬ;ЛОЖЬ;;536;;;;;;;;100 ms;50;;184;ЛОЖЬ;0;;;;;;;;;;;;;;Undefined;491;3428;Delayed OFF with constant timer value;;;;;;;;;ЛОЖЬ;;;;;;;;;;;;;;;;;;;;;;;;;
AI;91PI772;;FLD;901-10;A_C90111;C-9011001AX TECH GAS OUT;Yes;ИСТИНА;ЛОЖЬ;;506;ИСТИНА;Float;4-20mA;0;2.5;MPa-g;;;;;24;ЛОЖЬ;33977;;None;None;None;None;;;;-0.625;-0.625;;;;-XXXXX.X;3.64;22;;18.04;1;7;1;Top scale;;;;ЛОЖЬ;;ЛОЖЬ;;;;;;;;;;;;;;;;;;;;Output;EPKS_UCB;ESD_912_1;10093
DO;91XY071;;FLD;901-10;A_90110;INLET VALVE CTRL 91XV071;Yes;ИСТИНА;ЛОЖЬ;;394;;;;;;;0;;;;42;ИСТИНА;33556;None;;;;;;1=OPEN;;;;;;;Undefined;491;3428;;18.05;7;3;1;Appl;;;;ЛОЖЬ;;;;;;;;;;;;;;;;;;;;;;Output;EPKS_UCB;ESD_912_1;741
T;248_1;;;901-10;;;;ЛОЖЬ;ЛОЖЬ;;248;;;;;;;;100 ms;5;;44;ЛОЖЬ;0;;;;;;;;;;;;;;Undefined;491;3428;Delayed OFF with constant timer value;;;;;;;;;ЛОЖЬ;;;;;;;;;;;;;;;;;;;;;;;;;
M;524_1508_2;;;9100;;C-9011001AX EMER. STOP;;ЛОЖЬ;ЛОЖЬ;;1508;;;;;;;0;;;;99;ЛОЖЬ;0;;;;;;;0=TRIP;;;;;;;Undefined;;;;;;;;;;;;ЛОЖЬ;ИСТИНА;;;;;;;;;;;;;;;;;;;;;;;;
DO;91XY046_C;;COM;9100;;AUTO CLOSURE 91XV046;No;ИСТИНА;ЛОЖЬ;;420;;;;;;;0;;;;739;ИСТИНА;33675;None;;;;;;0=CLOSE;;;;;;;Undefined;491;3428;;;;;;;;;;ЛОЖЬ;;;;;;;;;;;;;;;;;;;;;;Output;EPKS_UCB;ESD_912_1;772
M;400_2;;;9100;;;;ЛОЖЬ;ЛОЖЬ;;400;;;;;;;0;;;;786;ЛОЖЬ;0;;;;;;;;;;;;;;Undefined;491;3428;;;;;;;;;;ЛОЖЬ;;;;;;;;;;;;;;;;;;;;;;;;;
M;C326_1_E;;;9100;9100;Function block marker;;ЛОЖЬ;ЛОЖЬ;;326;;;;;;;0;;;;2049;ЛОЖЬ;0;;;;;;;;;;;;;;Undefined;491;3428;;;;;;;;;;ЛОЖЬ;;;;;;;;;;;;;;;;;;;;;;;;;
DI;91HS068A_P;;COM;901-10;A_90110;91XV068 OPEN;No;ИСТИНА;ИСТИНА;;388;;;;;;;0;;;;2164;ЛОЖЬ;33565;None;;;;;;1=OPEN (MOM);;;;;;;Undefined;491;3428;;;;;;Low;;;;ЛОЖЬ;;;;ЛОЖЬ;;;;;;;;;;;;;;;;;;Input;EPKS_UCB;ESD_912_1;143
M;C322_2_E;;;9100;9100;Function block marker;;ЛОЖЬ;ЛОЖЬ;;322;;;;;;;0;;;;1919;ЛОЖЬ;0;;;;;;;;;;;;;;Undefined;;;;;;;;;;;;ЛОЖЬ;ИСТИНА;;;;;;;;;;;;;;;;;;;;;;;;
M;322_360_2;;;901-10;;91LALL052_I;;ЛОЖЬ;ЛОЖЬ;;360;;;;;;;0;;;;1457;ЛОЖЬ;0;;;;;;;0=TRIP INITIATOR;;;;;;;Undefined;491;3428;;;;;;;;;;ЛОЖЬ;;;;;;;;;;;;;;;;;;;;;;;;;
AI;91PI755;;FLD;901-10;A_C90111;C-9011001AX ДАВЛЕНИЕ ТЕХНОЛ.ГАЗА ВЫХОД;Yes;ИСТИНА;ЛОЖЬ;;506;ИСТИНА;Float;4-20mA;0;2.5;MPa;;;;;416;ЛОЖЬ;33647;;None;None;None;None;;;;;;;;;-XXXXX.X;3.64;22;;18.03;11;3;1;Top scale;;;;ЛОЖЬ;ИСТИНА;ЛОЖЬ;;;;;;;;;;;;;;;;;;;;Output;EPKS_UCB;ESD_912_1;10224
M;C496_1_F;;;9100;9100;Function block marker;;ЛОЖЬ;ЛОЖЬ;;496;;;;;;;0;;;;2818;ЛОЖЬ;0;;;;;;;;;;;;;;Undefined;;;;;;;;;;;;ЛОЖЬ;ИСТИНА;;;;;;;;;;;;;;;;;;;;;;;;
M;1522_1528_3;;;;C9011001;91PAHH099_FU2_I;;ЛОЖЬ;ЛОЖЬ;;1528;;;;;;;0;;;;1018;ЛОЖЬ;0;;;;;;;1=FIRST;;;;;;;Undefined;;;;;;;;;;;;ЛОЖЬ;ИСТИНА;;;;;;;;;;;;;;;;;;;;;;;;
M;374_3;;;9100;;;;ЛОЖЬ;ЛОЖЬ;;374;;;;;;;0;;;;761;ЛОЖЬ;0;;;;;;;;;;;;;;Undefined;491;3428;;;;;;;;;;ЛОЖЬ;;;;;;;;;;;;;;;;;;;;;;;;;
M;C1508_1_J;;;;;Function block marker;;ЛОЖЬ;ЛОЖЬ;;1508;;;;;;;0;;;;974;ЛОЖЬ;0;;;;;;;;;;;;;;Undefined;;;;;;;;;;;;ЛОЖЬ;ИСТИНА;;;;;;;;;;;;;;;;;;;;;;;;
M;C298_1_F;;;9100;9100;Function block marker;;ЛОЖЬ;ЛОЖЬ;;298;;;;;;;0;;;;1606;ЛОЖЬ;0;;;;;;;;;;;;;;Undefined;;;;;;;;;;;;ЛОЖЬ;ИСТИНА;;;;;;;;;;;;;;;;;;;;;;;;
R;337_336_1;;;9100;;91LI048;;ЛОЖЬ;ЛОЖЬ;;336;;Float;;;;;0;;;;68;ЛОЖЬ;0;;;;;;;;;;;;;;Undefined;;;;;;;;;;;;ЛОЖЬ;ИСТИНА;;;;;;;;;;;;;;;;;;;;;;;;
M;C628_2;;;9100;9100;Compiler marker (317, 132);;ЛОЖЬ;ЛОЖЬ;;628;;;;;;;0;;;;578;ЛОЖЬ;0;;;;;;;;;;;;;;Undefined;491;3428;;;;;;;;;;ЛОЖЬ;;;;;;;;;;;;;;;;;;;;;;;;;
BO;91PI099_HH;;COM;901-10;A_90110;HH TRIP SETPOINT (MPa-g);No;ИСТИНА;ЛОЖЬ;;320;;Float;;;;;0;;;;548;;34089;;;;;;;;;0;0;;;;-XXXXX.X;491;3428;;;;;;;;;;ЛОЖЬ;;;;;;;;;;;;;;;;;;;;;;Output;EPKS_UCB;ESD_912_1;10158
M;618_4;;;901-10;;;;ЛОЖЬ;ЛОЖЬ;;618;;;;;;;0;;;;337;ЛОЖЬ;0;;;;;;;;;;;;;;Undefined;491;3428;;;;;;;;;;ЛОЖЬ;;;;;;;;;;;;;;;;;;;;;;;;;
DO;91TAHH809A_CA;;COM;901-10;;CAUSE ALARM;No;ЛОЖЬ;ЛОЖЬ;;616;;;;;;;0;;;;1139;ЛОЖЬ;0;None;;;;;;0=ALARM;0=ALARM;;;;;;Undefined;;;;;;;;;;;;ЛОЖЬ;ИСТИНА;;;;;;;;;;;;;;;;;;;;;Output;EPKS_UCB;ESD_912_1;927
DO;91PAHH772_CA;;COM;901-10;A_C90111;CAUSE ALARM;No;ЛОЖЬ;ЛОЖЬ;;506;;;;;;;0;;;;1247;ЛОЖЬ;0;None;;;;;;0=ALARM;;;;;;;Undefined;491;3428;;;;;;;;;;ЛОЖЬ;;;;;;;;;;;;;;;;;;;;;;Output;EPKS_UCB;ESD_912_1;545
DI;91PI802_MOR;;COM;901-10;A_C90111;MO REQUEST;No;ЛОЖЬ;ИСТИНА;;604;;;;;;;0;;;;2225;ЛОЖЬ;0;None;;;;;;1=REQUEST;;;;;;;Undefined;491;3428;;;;;;Freeze;;;;ЛОЖЬ;;;;ЛОЖЬ;;;;;;;;;;;;;;;;;;Input;EPKS_UCB;ESD_912_1;82
M;C438_4_C;;;9100;9100;Function block marker;;ЛОЖЬ;ЛОЖЬ;;438;;;;;;;0;;;;2619;ЛОЖЬ;0;;;;;;;;;;;;;;Undefined;;;;;;;;;;;;ЛОЖЬ;ИСТИНА;;;;;;;;;;;;;;;;;;;;;;;;
DO;91XY069;;FLD;901-10;A_90110;INLET VALVE CTRL 91XV069;Yes;ИСТИНА;ЛОЖЬ;;390;;;;;;;0;;;;40;ИСТИНА;33557;None;;;;;;1=OPEN;;;;;;;Undefined;491;3428;;18.05;7;1;1;Appl;;;;ЛОЖЬ;;;;;;;;;;;;;;;;;;;;;;Output;EPKS_UCB;ESD_912_1;739
DO;91FI029A_TF;;COM;9100;;TRANSM FAULT;No;ЛОЖЬ;ЛОЖЬ;;348;;;;;;;0;;;;2710;ИСТИНА;33930;None;;;;;;0=ALARM;0=ALARM;;;;;;Undefined;;;;;;;;;;;;ЛОЖЬ;ИСТИНА;;;;;;;;;;;;;;;;;;;;;Output;EPKS_UCB;ESD_912_1;962
M;1518_6;;;;C9011001;;;ЛОЖЬ;ЛОЖЬ;;1518;;;;;;;0;;;;847;ЛОЖЬ;0;;;;;;;;;;;;;;Undefined;;;;;;;;;;;;ЛОЖЬ;ИСТИНА;;;;;;;;;;;;;;;;;;;;;;;;
DO;91LI064_MOC;;COM;901-10;A_90110;MO CONFIRMED;No;ИСТИНА;ЛОЖЬ;;334;;;;;;;0;;;;1558;ИСТИНА;33936;None;;;;;;1=CONFIRMED;;;;;;;Undefined;491;3428;;;;;;;;;;ЛОЖЬ;;;;;;;;;;;;;;;;;;;;;;Output;EPKS_UCB;ESD_912_1;515
R;C2456_2;;;;;Compiler register (256, 60);;ЛОЖЬ;ЛОЖЬ;;2456;;Float;;;;;0;;;;344;ЛОЖЬ;0;;;;;;;;;;;;;;Undefined;491;3428;;;;;;;;;;ЛОЖЬ;;;;;;;;;;;;;;;;;;;;;;;;;
M;520_1;;;901-10;;;;ЛОЖЬ;ЛОЖЬ;;520;;;;;;;0;;;;510;ЛОЖЬ;0;;;;;;;;;;;;;;Undefined;491;3428;;;;;;;;;;ЛОЖЬ;;;;;;;;;;;;;;;;;;;;;;;;;
M;604_188_1;;;901-10;;91PT802;;ЛОЖЬ;ЛОЖЬ;;188;;;;;;;0;;;;1998;ЛОЖЬ;0;;;;;;;1=MO CONFIRMED;;;;;;;Undefined;491;3428;;;;;;;;;;ЛОЖЬ;;;;;;;;;;;;;;;;;;;;;;;;;
M;C329_2_F;;;9100;9100;Function block marker;;ЛОЖЬ;ЛОЖЬ;;329;;;;;;;0;;;;2131;ЛОЖЬ;0;;;;;;;;;;;;;;Undefined;;;;;;;;;;;;ЛОЖЬ;ИСТИНА;;;;;;;;;;;;;;;;;;;;;;;;
BO;91FI030B_LL;;COM;901-10;A_90110;LL TRIP SETPOINT (kg/h);No;ИСТИНА;ЛОЖЬ;;352;;Float;;;;;0;;;;432;;34090;;;;;;;;;0;0;;;;-XXXXX.X;491;3428;;;;;;;;;;ЛОЖЬ;;;;;;;;;;;;;;;;;;;;;;Output;EPKS_UCB;ESD_912_1;10116
M;C326_2_B;;;9100;9100;Function block marker;;ЛОЖЬ;ЛОЖЬ;;326;;;;;;;0;;;;2045;ЛОЖЬ;0;;;;;;;;;;;;;;Undefined;491;3428;;;;;;;;;;ЛОЖЬ;;;;;;;;;;;;;;;;;;;;;;;;;
AI;91TI105;;FLD;901-10;A_C90111;Тем-ра. пары из конц. холка компр. C-9011001AX;Yes;ИСТИНА;ЛОЖЬ;;300;ИСТИНА;Float;4-20mA;0;100;°C;;;;;272;ЛОЖЬ;33591;;None;None;None;None;;;;;;;;;-XXXXX.X;3.76;21;;18.04;9;1;1;Top scale;;;;ЛОЖЬ;ИСТИНА;ЛОЖЬ;;;;;;;;;;;;;;;;;;;;Output;EPKS_UCB;ESD_912_1;10200
M;340_1;;;901-10;;;;ЛОЖЬ;ЛОЖЬ;;340;;;;;;;0;;;;1604;ЛОЖЬ;0;;;;;;;;;;;;;;Undefined;491;3428;;;;;;;;;;ЛОЖЬ;;;;;;;;;;;;;;;;;;;;;;;;;
AI;91FI028B;;FLD;901-10;A_C90111;WTR OF 1 TO C9011001AX;Yes;ИСТИНА;ЛОЖЬ;;346;ИСТИНА;Float;4-20mA;0;630;kg/h;;;;;0;ЛОЖЬ;33978;;None;None;None;None;;;;-157.4;-157.4;;;;-XXXXX.X;3.64;22;;18.04;1;1;1;Bottom scale;;;;ЛОЖЬ;;ЛОЖЬ;;;;;;;;;;;;;;;;;;;;Output;EPKS_UCB;ESD_912_1;10065
M;320_444_2;;;901-10;;91PAHH099_I;;ЛОЖЬ;ЛОЖЬ;;444;;;;;;;0;;;;1706;ЛОЖЬ;0;;;;;;;0=TRIP INITIATOR;;;;;;;Undefined;491;3428;;;;;;;;;;ЛОЖЬ;;;;;;;;;;;;;;;;;;;;;;;;;
DI;18-ExtComFaultCC1;;SYS;;;EXT COM FAULT COM CH 1;Yes;ЛОЖЬ;;;16;;;;;;;;;;;6;ЛОЖЬ;0;None;;;;;;;;;;;;;Undefined;491;3428;;;;;;;;;;ЛОЖЬ;;;;ЛОЖЬ;;;;;;;;;;;;;;;;;;;;;
DO;91PALL779_CA;;COM;901-10;A_C90111;CAUSE ALARM;No;ЛОЖЬ;ЛОЖЬ;;508;;;;;;;0;;;;1809;ЛОЖЬ;0;None;;;;;;0=ALARM;;;;;;;Undefined;491;3428;;;;;;;;;;ЛОЖЬ;;;;;;;;;;;;;;;;;;;;;;Output;EPKS_UCB;ESD_912_1;571
BO;IB912_ESD1_MONTH;;COM;901-10;;MONTH;No;ЛОЖЬ;ЛОЖЬ;;19;;Byte;;;;;0;;;;26;;0;;None;None;None;None;;;;;;;;;-XXXXX.X;;;;;;;;;;;;ЛОЖЬ;ИСТИНА;;;;;;;;;;;;;;;;;;;;;Output;EPKS_UCB;ESD_912_1;10191
M;342_360_3;;;901-10;;EMERGENCY OFF PUMP;;ЛОЖЬ;ЛОЖЬ;;360;;;;;;;0;;;;1470;ЛОЖЬ;0;;;;;;;0=TRIP;;;;;;;Undefined;491;3428;;;;;;;;;;ЛОЖЬ;;;;;;;;;;;;;;;;;;;;;;;;;
M;622_624_1;;;901-10;;COMMON TRIP;;ЛОЖЬ;ЛОЖЬ;;624;;;;;;;0;;;;1977;ЛОЖЬ;0;;;;;;;0=TRIP;;;;;;;Undefined;491;3428;;;;;;;;;;ЛОЖЬ;;;;;;;;;;;;;;;;;;;;;;;;;
M;510_4;;;901-10;;;;ЛОЖЬ;ЛОЖЬ;;510;;;;;;;0;;;;365;ЛОЖЬ;0;;;;;;;;;;;;;;Undefined;491;3428;;;;;;;;;;ЛОЖЬ;;;;;;;;;;;;;;;;;;;;;;;;;
M;C354_1_F;;;9100;9100;Function block marker;;ЛОЖЬ;ЛОЖЬ;;354;;;;;;;0;;;;1206;ЛОЖЬ;0;;;;;;;;;;;;;;Undefined;;;;;;;;;;;;ЛОЖЬ;ИСТИНА;;;;;;;;;;;;;;;;;;;;;;;;
M;C1510_1_K;;;;;Function block marker;;ЛОЖЬ;ЛОЖЬ;;1510;;;;;;;0;;;;969;ЛОЖЬ;0;;;;;;;;;;;;;;Undefined;;;;;;;;;;;;ЛОЖЬ;ИСТИНА;;;;;;;;;;;;;;;;;;;;;;;;
M;C634_1_D;;;9100;9100;Function block marker;;ЛОЖЬ;ЛОЖЬ;;634;;;;;;;0;;;;574;ЛОЖЬ;0;;;;;;;;;;;;;;Undefined;491;3428;;;;;;;;;;ЛОЖЬ;;;;;;;;;;;;;;;;;;;;;;;;;
M;C514_1_E;;;9100;9100;Function block marker;;ЛОЖЬ;ЛОЖЬ;;514;;;;;;;0;;;;1707;ЛОЖЬ;0;;;;;;;;;;;;;;Undefined;491;3428;;;;;;;;;;ЛОЖЬ;;;;;;;;;;;;;;;;;;;;;;;;;
DO;91HA118;;COM;901-10;A_90110;BUTTON LCSA1;No;ИСТИНА;ЛОЖЬ;;342;;;;;;;0;;;;1616;ИСТИНА;33939;None;;;;;;0=TRIP;;;;;;;Undefined;491;3428;;;;;;;;;;ЛОЖЬ;;;;;;;;;;;;;;;;;;;;;;Output;EPKS_UCB;ESD_912_1;437
DI;91LI061_MOR;;COM;901-10;A_90110;MO REQUEST;No;ЛОЖЬ;ИСТИНА;;328;;;;;;;0;;;;2196;ЛОЖЬ;0;None;;;;;;1=REQUEST;;;;;;;Undefined;491;3428;;;;;;Freeze;;;;ЛОЖЬ;;;;ЛОЖЬ;;;;;;;;;;;;;;;;;;Input;EPKS_UCB;ESD_912_1;53
DO;91LI801_TF;;COM;901-10;A_C90111;TRANSM FAULT;No;ЛОЖЬ;ЛОЖЬ;;600;;;;;;;0;;;;1467;ИСТИНА;33646;None;;;;;;0=ALARM;0=ALARM;;;;;;Undefined;;;;;;;;;;;;ЛОЖЬ;ИСТИНА;;;;;;;;;;;;;;;;;;;;;Output;EPKS_UCB;ESD_912_1;1020
M;312_1;;;901-10;;;;ЛОЖЬ;ЛОЖЬ;;312;;;;;;;0;;;;1394;ЛОЖЬ;0;;;;;;;;;;;;;;Undefined;491;3428;;;;;;;;;;ЛОЖЬ;;;;;;;;;;;;;;;;;;;;;;;;;
M;240_4;;;901-10;;;;ЛОЖЬ;ЛОЖЬ;;240;;;;;;;0;;;;431;ЛОЖЬ;0;;;;;;;;;;;;;;Undefined;491;3428;;;;;;;;;;ЛОЖЬ;;;;;;;;;;;;;;;;;;;;;;;;;
DO;91PAL820;;COM;901-10;A_C90111;LO ALARM;No;ЛОЖЬ;ЛОЖЬ;;610;;;;;;;0;;;;1532;ЛОЖЬ;0;None;;;;;;0=ALARM;0=ALARM;;;;;;Undefined;;;;;;;;;;;;ЛОЖЬ;ИСТИНА;;;;;;;;;;;;;;;;;;;;;Output;EPKS_UCB;ESD_912_1;1014
BO;91TI751_H;;COM;901-10;A_C90111;HI ALARM SETPOINT;No;ЛОЖЬ;ЛОЖЬ;;512;;Float;;;;;0;;;;800;;0;;None;None;None;None;;;;;;;;;-XXXXX.X;;;;;;;;;;;;ЛОЖЬ;ИСТИНА;;;;;;;;;;;;;;;;;;;;;Output;EPKS_UCB;ESD_912_1;10246
M;C314_3_F;;;9100;9100;Function block marker;;ЛОЖЬ;ЛОЖЬ;;314;;;;;;;0;;;;1503;ЛОЖЬ;0;;;;;;;;;;;;;;Undefined;;;;;;;;;;;;ЛОЖЬ;ИСТИНА;;;;;;;;;;;;;;;;;;;;;;;;
T;325_1;;;;;;;ЛОЖЬ;ЛОЖЬ;;325;;;;;;;;100 ms;5;;876;ЛОЖЬ;0;;;;;;;;;;;;;;Undefined;;;Delayed OFF with constant timer value;;;;;;;;;ЛОЖЬ;ИСТИНА;;;;;;;;;;;;;;;;;;;;;;;;
M;328_329_1;;;9100;;91LT061;;ЛОЖЬ;ЛОЖЬ;;329;;;;;;;0;;;;2102;ЛОЖЬ;0;;;;;;;1=MO CONFIRMED;;;;;;;Undefined;;;;;;;;;;;;ЛОЖЬ;ИСТИНА;;;;;;;;;;;;;;;;;;;;;;;;
M;C312_3_F;;;9100;9100;Function block marker;;ЛОЖЬ;ЛОЖЬ;;312;;;;;;;0;;;;1547;ЛОЖЬ;0;;;;;;;;;;;;;;Undefined;;;;;;;;;;;;ЛОЖЬ;ИСТИНА;;;;;;;;;;;;;;;;;;;;;;;;
M;248_180_1;;;901-10;;91LT495;;ЛОЖЬ;ЛОЖЬ;;180;;;;;;;0;;;;1309;ЛОЖЬ;0;;;;;;;1=MO CONFIRMED;;;;;;;Undefined;491;3428;;;;;;;;;;ЛОЖЬ;;;;;;;;;;;;;;;;;;;;;;;;;
DO;91TAHH761A_CA;;COM;9100;;CAUSE ALARM;No;ИСТИНА;ЛОЖЬ;;518;;;;;;;0;;;;2777;ЛОЖЬ;33622;None;;;;;;0=ALARM;0=ALARM;;;;;;Undefined;;;;;;;;;;;;ЛОЖЬ;ИСТИНА;;;;;;;;;;;;;;;;;;;;;Output;EPKS_UCB;ESD_912_1;977
AI;91TI753;;FLD;901-10;A_C90111;C-9011001AX Т ТЕХНОЛ.ГАЗА ВЫХОД ЦИЛ.2;Yes;ИСТИНА;ЛОЖЬ;;514;ИСТИНА;Float;4-20mA;-50;200;°C;;;;;432;ЛОЖЬ;33642;;None;None;None;None;;;;;;;;;-XXXXX.X;3.76;21;;18.03;11;7;1;Top scale;;;;ЛОЖЬ;ИСТИНА;ЛОЖЬ;;;;;;;;;;;;;;;;;;;;Output;EPKS_UCB;ESD_912_1;10228
M;C368_1;;;901-10;;Compiler marker (304, 90);;ЛОЖЬ;ЛОЖЬ;;368;;;;;;;0;;;;1879;ЛОЖЬ;0;;;;;;;;;;;;;;Undefined;491;3428;;;;;;;;;;ЛОЖЬ;;;;;;;;;;;;;;;;;;;;;;;;;
M;296_1524_2;;;9100;;91HA119_I;;ЛОЖЬ;ЛОЖЬ;;1524;;;;;;;0;;;;897;ЛОЖЬ;0;;;;;;;0=TRIP INITIATOR;;;;;;;Undefined;;;;;;;;;;;;ЛОЖЬ;ИСТИНА;;;;;;;;;;;;;;;;;;;;;;;;
M;2457_H;;;;;Pre-alarm;;ЛОЖЬ;ЛОЖЬ;;2457;;;;;;;0;;;;141;ЛОЖЬ;0;;;;;;;;;;;;;;Undefined;491;3428;;;;;;;;;;ЛОЖЬ;;;;;;;;;;;;;;;;;;;;;;;;;
M;320_440_2;;;901-10;;91PAHH099_I;;ЛОЖЬ;ЛОЖЬ;;440;;;;;;;0;;;;1659;ЛОЖЬ;0;;;;;;;0=TRIP INITIATOR;;;;;;;Undefined;491;3428;;;;;;;;;;ЛОЖЬ;;;;;;;;;;;;;;;;;;;;;;;;;
M;330_384_2;;;901-10;;V-9011001B FILLING;;ЛОЖЬ;ЛОЖЬ;;384;;;;;;;0;;;;1657;ЛОЖЬ;0;;;;;;;1=OPEN;;;;;;;Undefined;491;3428;;;;;;;;;;ЛОЖЬ;;;;;;;;;;;;;;;;;;;;;;;;;
DI;18-CP2_Running;;SYS;;;CP 2 RUNNING;Yes;ЛОЖЬ;;;16;;;;;;;;;;;32;ЛОЖЬ;0;None;;;;;;;;;;;;;Undefined;491;3428;;;;;;;;;;ЛОЖЬ;;;;ЛОЖЬ;;;;;;;;;;;;;;;;;;;;;
M;610_1516_2;;;9100;;91PALL824_I;;ЛОЖЬ;ЛОЖЬ;;1516;;;;;;;0;;;;879;ЛОЖЬ;0;;;;;;;0=TRIP INITIATOR;;;;;;;Undefined;;;;;;;;;;;;ЛОЖЬ;ИСТИНА;;;;;;;;;;;;;;;;;;;;;;;;
DO;91PALL829_FU;;COM;901-10;A_C90111;C9011001SX FLU GAS SUP;No;ИСТИНА;ЛОЖЬ;;1516;;;;;;;0;;;;910;ИСТИНА;34128;None;;;;;;1=FIRST;;;;;;;Undefined;;;;;;;;;;;;ЛОЖЬ;ИСТИНА;;;;;;;;;;;;;;;;;;;;;Output;EPKS_UCB;ESD_912_1;834
DO;91TI753_TF;;COM;901-10;A_C90111;TRANSM FAULT;No;ЛОЖЬ;ЛОЖЬ;;514;;;;;;;0;;;;1343;ИСТИНА;33641;None;;;;;;0=ALARM;0=ALARM;;;;;;Undefined;;;;;;;;;;;;ЛОЖЬ;ИСТИНА;;;;;;;;;;;;;;;;;;;;;Output;EPKS_UCB;ESD_912_1;994
DO;91TAHH990;;COM;901-10;A_P90110;SEALED SHELL P9011001SX;No;ИСТИНА;ЛОЖЬ;;306;;;;;;;0;;;;1361;ИСТИНА;33940;None;;;;;;0=TRIP;;;;;;;Undefined;491;3428;;;;;;;;;;ЛОЖЬ;;;;;;;;;;;;;;;;;;;;;;Output;EPKS_UCB;ESD_912_1;642
M;C496_1_G;;;9100;9100;Function block marker;;ЛОЖЬ;ЛОЖЬ;;496;;;;;;;0;;;;2819;ЛОЖЬ;0;;;;;;;;;;;;;;Undefined;;;;;;;;;;;;ЛОЖЬ;ИСТИНА;;;;;;;;;;;;;;;;;;;;;;;;
M;608_9;;;9100;;;;ЛОЖЬ;ЛОЖЬ;;608;;;;;;;0;;;;1742;ЛОЖЬ;0;;;;;;;;;;;;;;Undefined;;;;;;;;;;;;ЛОЖЬ;ИСТИНА;;;;;;;;;;;;;;;;;;;;;;;;
DO;91TAHH808_CA;;COM;901-10;A_C90111;CAUSE ALARM;No;ЛОЖЬ;ЛОЖЬ;;616;;;;;;;0;;;;1982;ЛОЖЬ;0;None;;;;;;0=ALARM;;;;;;;Undefined;491;3428;;;;;;;;;;ЛОЖЬ;;;;;;;;;;;;;;;;;;;;;;Output;EPKS_UCB;ESD_912_1;637
M;624_5;;;9100;;;;ЛОЖЬ;ЛОЖЬ;;624;;;;;;;0;;;;623;ЛОЖЬ;0;;;;;;;;;;;;;;Undefined;491;3428;;;;;;;;;;ЛОЖЬ;;;;;;;;;;;;;;;;;;;;;;;;;
DI;91HS070B;;COM;901-10;A_90110;91XV070 CLOSE;No;ЛОЖЬ;ИСТИНА;;392;;;;;;;0;;;;2185;ЛОЖЬ;0;None;;;;;;1=CLOSE (MOM);;;;;;;Undefined;;;;;;;;Low;;;;ЛОЖЬ;ИСТИНА;;;ЛОЖЬ;;;;;;;;;;;;;;;;;;Input;EPKS_UCB;ESD_912_1;146
DI;00XS912E01P01;;CAB;901-10;S_B91_2;IB-91-2 ESD-01 ALARM PS 01;Yes;ИСТИНА;ЛОЖЬ;;18;;;;;;;;;;;8;ИСТИНА;33559;None;;;;;;0=ALARM;;;;;;;Undefined;491;3428;;18.03;1;1;1;Low;;;;ЛОЖЬ;;;;ЛОЖЬ;;;;;;;;;;;;;;;;;;Output;EPKS_UCB;ESD_912_1;692
M;C604_4_B;;;9100;9100;Function block marker;;ЛОЖЬ;ЛОЖЬ;;604;;;;;;;0;;;;2837;ЛОЖЬ;0;;;;;;;;;;;;;;Undefined;;;;;;;;;;;;ЛОЖЬ;ИСТИНА;;;;;;;;;;;;;;;;;;;;;;;;
M;C604_5_F;;;9100;9100;Function block marker;;ЛОЖЬ;ЛОЖЬ;;604;;;;;;;0;;;;1164;ЛОЖЬ;0;;;;;;;;;;;;;;Undefined;;;;;;;;;;;;ЛОЖЬ;ИСТИНА;;;;;;;;;;;;;;;;;;;;;;;;
DO;91PDAH753;;COM;901-10;A_C90111;HI ALARM;No;ЛОЖЬ;ЛОЖЬ;;502;;;;;;;0;;;;401;ЛОЖЬ;0;None;;;;;;0=ALARM;0=ALARM;;;;;;Undefined;;;;;;;;;;;;ЛОЖЬ;ИСТИНА;;;;;;;;;;;;;;;;;;;;;Output;EPKS_UCB;ESD_912_1;978
M;396_2;;;9100;;;;ЛОЖЬ;ЛОЖЬ;;396;;;;;;;0;;;;782;ЛОЖЬ;0;;;;;;;;;;;;;;Undefined;491;3428;;;;;;;;;;ЛОЖЬ;;;;;;;;;;;;;;;;;;;;;;;;;
DO;91PAH755;;COM;901-10;A_C90111;HI ALARM;No;ЛОЖЬ;ЛОЖЬ;;506;;;;;;;0;;;;1270;ЛОЖЬ;0;None;;;;;;0=ALARM;0=ALARM;;;;;;Undefined;;;;;;;;;;;;ЛОЖЬ;ИСТИНА;;;;;;;;;;;;;;;;;;;;;Output;EPKS_UCB;ESD_912_1;986
M;C636_4_C;;;9100;9100;Function block marker;;ЛОЖЬ;ЛОЖЬ;;636;;;;;;;0;;;;1035;ЛОЖЬ;0;;;;;;;;;;;;;;Undefined;;;;;;;;;;;;ЛОЖЬ;ИСТИНА;;;;;;;;;;;;;;;;;;;;;;;;
M;C616_2_B;;;9100;9100;Function block marker;;ЛОЖЬ;ЛОЖЬ;;616;;;;;;;0;;;;480;ЛОЖЬ;0;;;;;;;;;;;;;;Undefined;491;3428;;;;;;;;;;ЛОЖЬ;;;;;;;;;;;;;;;;;;;;;;;;;
M;530_536_1;;;901-10;;91XY754A;;ЛОЖЬ;ЛОЖЬ;;536;;;;;;;0;;;;444;ЛОЖЬ;0;;;;;;;1=ACTIVE;;;;;;;Undefined;491;3428;;;;;;;;;;ЛОЖЬ;;;;;;;;;;;;;;;;;;;;;;;;;
BO;IB912_ESD1_T2;;COM;862-34;;TEMPERATURE CP2;No;ЛОЖЬ;ЛОЖЬ;;17;;Word;;;;;0;;;;22;;0;;None;None;None;None;;;;;;;;;-XXXXX.X;;;;;;;;;;;;ЛОЖЬ;ИСТИНА;;;;;;;;;;;;;;;;;;;;;Output;EPKS_UCB;ESD_912_1;10110
R;328_329_2;;;9100;;91LI061;;ЛОЖЬ;ЛОЖЬ;;329;;Float;;;;;0;;;;56;ЛОЖЬ;0;;;;;;;;;;;;;;Undefined;;;;;;;;;;;;ЛОЖЬ;ИСТИНА;;;;;;;;;;;;;;;;;;;;;;;;
DO;91PI075_TF;;COM;9100;;TRANSM FAULT;No;ЛОЖЬ;ЛОЖЬ;;314;;;;;;;0;;;;2646;ИСТИНА;33902;None;;;;;;0=ALARM;0=ALARM;;;;;;Undefined;;;;;;;;;;;;ЛОЖЬ;ИСТИНА;;;;;;;;;;;;;;;;;;;;;Output;EPKS_UCB;ESD_912_1;957
AI;91TI808;;FLD;901-10;A_C90111;C-9011001SX COOL WTR TMP;Yes;ИСТИНА;ЛОЖЬ;;616;ИСТИНА;Float;4-20mA;-50;100;°C;;;;;116;ЛОЖЬ;33979;;None;None;None;None;;;;-87.5;-87.5;;;;-XXXXX.X;3.76;21;;18.04;3;13;1;Top scale;;;;ЛОЖЬ;;ЛОЖЬ;;;;;;;;;;;;;;;;;;;;Output;EPKS_UCB;ESD_912_1;10108
R;315_314_2;;;9100;;91PI075;;ЛОЖЬ;ЛОЖЬ;;314;;Float;;;;;0;;;;80;ЛОЖЬ;0;;;;;;;;;;;;;;Undefined;;;;;;;;;;;;ЛОЖЬ;ИСТИНА;;;;;;;;;;;;;;;;;;;;;;;;
M;306_4;;;901-10;;;;ЛОЖЬ;ЛОЖЬ;;306;;;;;;;0;;;;417;ЛОЖЬ;0;;;;;;;;;;;;;;Undefined;491;3428;;;;;;;;;;ЛОЖЬ;;;;;;;;;;;;;;;;;;;;;;;;;
AI;VM 18.04/3/17;;SYS;;;;Yes;ЛОЖЬ;;;0;ИСТИНА;Float;0-5V (VM);-9.9;99.9;;;;;;132;ЛОЖЬ;0;;None;None;None;None;;;;;;;;;-XXXXX.X;2.5;3.9;;18.04;3;17;1;Scan;;;;ЛОЖЬ;;;;;;;;;;;;;;;;;;;;;;;;;
M;376_3;;;9100;;;;ЛОЖЬ;ЛОЖЬ;;376;;;;;;;0;;;;763;ЛОЖЬ;0;;;;;;;;;;;;;;Undefined;491;3428;;;;;;;;;;ЛОЖЬ;;;;;;;;;;;;;;;;;;;;;;;;;
DO;91TI754_TF;;COM;901-10;A_C90111;TRANSM FAULT;No;ЛОЖЬ;ЛОЖЬ;;514;;;;;;;0;;;;1858;ИСТИНА;33944;None;;;;;;0=ALARM;;;;;;;Undefined;491;3428;;;;;;;;;;ЛОЖЬ;;;;;;;;;;;;;;;;;;;;;;Output;EPKS_UCB;ESD_912_1;652
M;616_188_1;;;901-10;;91TT808;;ЛОЖЬ;ЛОЖЬ;;188;;;;;;;0;;;;2031;ЛОЖЬ;0;;;;;;;1=MO CONFIRMED;;;;;;;Undefined;491;3428;;;;;;;;;;ЛОЖЬ;;;;;;;;;;;;;;;;;;;;;;;;;
DI;91HS765B_B2_OT_P;;COM;901-10;A_90110;CAP CTRL BIT 2;No;ИСТИНА;ИСТИНА;;528;;;;;;;0;;;;703;ИСТИНА;33475;None;;;;;;1=TRUE;;;;;;;Undefined;491;3428;;;;;;Freeze;;;;ЛОЖЬ;;;;ЛОЖЬ;;;;;;;;;;;;;;Input;CC_UCB_1;ESD_912_1;32;Output;EPKS_UCB;ESD_912_1;2027
M;315_376_1;;;9100;;91PALL076_I;;ЛОЖЬ;ЛОЖЬ;;376;;;;;;;0;;;;2649;ЛОЖЬ;0;;;;;;;0=TRIP INITIATOR;;;;;;;Undefined;;;;;;;;;;;;ЛОЖЬ;ИСТИНА;;;;;;;;;;;;;;;;;;;;;;;;
M;526_532_2;;;901-10;;CYCLE 2;;ЛОЖЬ;ЛОЖЬ;;532;;;;;;;0;;;;443;ЛОЖЬ;0;;;;;;;1=ACTIVE;;;;;;;Undefined;491;3428;;;;;;;;;;ЛОЖЬ;;;;;;;;;;;;;;;;;;;;;;;;;
M;340_418_3;;;9100;;91LAHH077_I;;ЛОЖЬ;ЛОЖЬ;;418;;;;;;;0;;;;1731;ЛОЖЬ;0;;;;;;;0=TRIP INITIATOR;;;;;;;Undefined;491;3428;;;;;;;;;;ЛОЖЬ;;;;;;;;;;;;;;;;;;;;;;;;;
M;C618_1_F;;;9100;9100;Function block marker;;ЛОЖЬ;ЛОЖЬ;;618;;;;;;;0;;;;2778;ЛОЖЬ;0;;;;;;;;;;;;;;Undefined;;;;;;;;;;;;ЛОЖЬ;ИСТИНА;;;;;;;;;;;;;;;;;;;;;;;;
BO;91FI031B_LL;;COM;901-10;A_90110;LL TRIP SETPOINT (kg/h);No;ИСТИНА;ЛОЖЬ;;354;;Float;;;;;0;;;;456;;34091;;;;;;;;;0;0;;;;-XXXXX.X;491;3428;;;;;;;;;;ЛОЖЬ;;;;;;;;;;;;;;;;;;;;;;Output;EPKS_UCB;ESD_912_1;10117
M;326_327_4;;;;;91LI058_F;;ЛОЖЬ;ЛОЖЬ;;327;;;;;;;0;;;;2042;ЛОЖЬ;0;;;;;;;1=FAULT;;;;;;;Undefined;;;;;;;;;;;;ЛОЖЬ;ИСТИНА;;;;;;;;;;;;;;;;;;;;;;;;
M;C392_1;;;901-10;;Compiler marker (304, 90);;ЛОЖЬ;ЛОЖЬ;;392;;;;;;;0;;;;1839;ЛОЖЬ;0;;;;;;;;;;;;;;Undefined;491;3428;;;;;;;;;;ЛОЖЬ;;;;;;;;;;;;;;;;;;;;;;;;;
M;392_3;;;9100;;;;ЛОЖЬ;ЛОЖЬ;;392;;;;;;;0;;;;779;ЛОЖЬ;0;;;;;;;;;;;;;;Undefined;491;3428;;;;;;;;;;ЛОЖЬ;;;;;;;;;;;;;;;;;;;;;;;;;
BI;18-RepairTimer_CP2;;SYS;;;Repair time CP2;Yes;ЛОЖЬ;;;16;;Word;;;;;;;;;14;;0;;;;;;;;;0;0;;;;-XXXXX.X;491;3428;;;;;;;;;;ЛОЖЬ;;;;;;;;;;;;;;;;;;;;;;;;;
DO;91XY071_O_ESD;;COM;901-10;A_90110;91XY071 ESD TRIP;No;ЛОЖЬ;ЛОЖЬ;;394;;;;;;;0;;;;1076;ЛОЖЬ;0;None;;;;;;1=TRIP;;;;;;;Undefined;;;;;;;;;;;;ЛОЖЬ;ИСТИНА;;;;;;;;;;;;;;;;;;;;;Output;EPKS_UCB;ESD_912_1;871
M;C604_6_F;;;9100;9100;Function block marker;;ЛОЖЬ;ЛОЖЬ;;604;;;;;;;0;;;;2839;ЛОЖЬ;0;;;;;;;;;;;;;;Undefined;;;;;;;;;;;;ЛОЖЬ;ИСТИНА;;;;;;;;;;;;;;;;;;;;;;;;
DO;91LALL493_CA;;COM;901-05;A_90105;CAUSE ALARM;No;ЛОЖЬ;ЛОЖЬ;;246;;;;;;;0;;;;1287;ЛОЖЬ;0;None;;;;;;0=ALARM;;;;;;;Undefined;491;3428;;;;;;;;;;ЛОЖЬ;;;;;;;;;;;;;;;;;;;;;;Output;EPKS_UCB;ESD_912_1;499
DI;18-TempLL_Alarm;;SYS;;;TEMP LOW-LOW ALARM;Yes;ЛОЖЬ;;;18;;;;;;;1;;;;5;ЛОЖЬ;0;None;;;;;;;;;;;;;Undefined;491;3428;;;;;;;;;;ЛОЖЬ;;;;ЛОЖЬ;;;;;;;;;;;;;;;;;;;;;
DO;91PDAHH804_FU;;COM;901-10;A_C90111;C9011001SX GAS DIFF;No;ИСТИНА;ЛОЖЬ;;1514;;;;;;;0;;;;906;ИСТИНА;34124;None;;;;;;1=FIRST;;;;;;;Undefined;;;;;;;;;;;;ЛОЖЬ;ИСТИНА;;;;;;;;;;;;;;;;;;;;;Output;EPKS_UCB;ESD_912_1;830
DO;91PAHH099;;COM;901-10;A_90110;AMMONIA TO V-9011002;No;ИСТИНА;ЛОЖЬ;;320;;;;;;;0;;;;1465;ИСТИНА;33947;None;;;;;;0=TRIP;;;;;;;Undefined;491;3428;;;;;;;;;;ЛОЖЬ;;;;;;;;;;;;;;;;;;;;;;Output;EPKS_UCB;ESD_912_1;540
M;C596_2_G;;;9100;9100;Function block marker;;ЛОЖЬ;ЛОЖЬ;;596;;;;;;;0;;;;2799;ЛОЖЬ;0;;;;;;;;;;;;;;Undefined;;;;;;;;;;;;ЛОЖЬ;ИСТИНА;;;;;;;;;;;;;;;;;;;;;;;;
M;536_1504_1;;;9100;;91HS757_P_I;;ЛОЖЬ;ЛОЖЬ;;1504;;;;;;;0;;;;826;ЛОЖЬ;0;;;;;;;1=RESET;;;;;;;Undefined;;;;;;;;;;;;ЛОЖЬ;ИСТИНА;;;;;;;;;;;;;;;;;;;;;;;;
M;C302_1_G;;;9100;9100;Function block marker;;ЛОЖЬ;ЛОЖЬ;;302;;;;;;;0;;;;2607;ЛОЖЬ;0;;;;;;;;;;;;;;Undefined;;;;;;;;;;;;ЛОЖЬ;ИСТИНА;;;;;;;;;;;;;;;;;;;;;;;;
DI;91HS118A;;FLD;901-10;A_P90110; STOP OF PUMPS LCSA1;Yes;ИСТИНА;ЛОЖЬ;;342;;;;;;;;;;;59;ИСТИНА;33561;None;;;;;;0=TRIP;;;;;;;Undefined;491;3428;;18.03;7;4;1;Low;;;;ЛОЖЬ;;;;ЛОЖЬ;;;;;;;;;;;;;;;;;;Output;EPKS_UCB;ESD_912_1;697
M;C535_2_B;;;9100;9100;Compiler marker;;ЛОЖЬ;ЛОЖЬ;;535;;;;;;;0;;;;1850;ЛОЖЬ;0;;;;;;;;;;;;;;Undefined;;;;;;;;;;;;ЛОЖЬ;ИСТИНА;;;;;;;;;;;;;;;;;;;;;;;;
M;C512_3_F;;;9100;9100;Function block marker;;ЛОЖЬ;ЛОЖЬ;;512;;;;;;;0;;;;1179;ЛОЖЬ;0;;;;;;;;;;;;;;Undefined;;;;;;;;;;;;ЛОЖЬ;ИСТИНА;;;;;;;;;;;;;;;;;;;;;;;;
DI;91HS004B_P;;COM;9100;;START COMPRESSOR;No;ИСТИНА;ИСТИНА;;524;;;;;;;0;;;;708;ИСТИНА;33761;None;;;;;;1=START;;;;;;;Undefined;491;3428;;;;;;Low;;;;ЛОЖЬ;;;;ЛОЖЬ;;;;;;;;;;;;;;Input;CC_UCB_1;ESD_912_1;37;Output;EPKS_UCB;ESD_912_1;2001
AI;91TI752;;FLD;901-10;A_C90111;C9011001AX TECH GAS CYL1;Yes;ИСТИНА;ЛОЖЬ;;512;ИСТИНА;Float;4-20mA;-50;200;°C;;;;;40;ЛОЖЬ;33980;;None;None;None;None;;;;-112.5;-112.5;;;;-XXXXX.X;3.76;21;;18.04;1;11;1;Top scale;;;;ЛОЖЬ;;ЛОЖЬ;;;;;;;;;;;;;;;;;;;;Output;EPKS_UCB;ESD_912_1;10102
M;302_356_2;;;9100;;91TAHH108_I;;ЛОЖЬ;ЛОЖЬ;;356;;;;;;;0;;;;1412;ЛОЖЬ;0;;;;;;;0=TRIP INITIATOR;;;;;;;Undefined;491;3428;;;;;;;;;;ЛОЖЬ;;;;;;;;;;;;;;;;;;;;;;;;;
M;344_364_1;;;901-10;;GROUP SHUTDOWN;;ЛОЖЬ;ЛОЖЬ;;364;;;;;;;0;;;;1500;ЛОЖЬ;0;;;;;;;0=TRIP;;;;;;;Undefined;491;3428;;;;;;;;;;ЛОЖЬ;;;;;;;;;;;;;;;;;;;;;;;;;
M;632_636_1;;;901-10;;91XY805A;;ЛОЖЬ;ЛОЖЬ;;636;;;;;;;0;;;;457;ЛОЖЬ;0;;;;;;;1=ACTIVE;;;;;;;Undefined;491;3428;;;;;;;;;;ЛОЖЬ;;;;;;;;;;;;;;;;;;;;;;;;;
DO;91XY070_ESD;;COM;901-10;A_90110;91XY070 ESD TRIP;No;ЛОЖЬ;ЛОЖЬ;;392;;;;;;;0;;;;1068;ЛОЖЬ;0;None;;;;;;0=TRIP;;;;;;;Undefined;;;;;;;;;;;;ЛОЖЬ;ИСТИНА;;;;;;;;;;;;;;;;;;;;;Output;EPKS_UCB;ESD_912_1;870
M;344_1508_4;;;9100;;91HA120_I;;ЛОЖЬ;ЛОЖЬ;;1508;;;;;;;0;;;;790;ЛОЖЬ;0;;;;;;;0=TRIP INITIATOR;;;;;;;Undefined;;;;;;;;;;;;ЛОЖЬ;ИСТИНА;;;;;;;;;;;;;;;;;;;;;;;;
M;C336_1_F;;;9100;9100;Function block marker;;ЛОЖЬ;ЛОЖЬ;;336;;;;;;;0;;;;2591;ЛОЖЬ;0;;;;;;;;;;;;;;Undefined;;;;;;;;;;;;ЛОЖЬ;ИСТИНА;;;;;;;;;;;;;;;;;;;;;;;;
M;636_624_1;;;9100;;91HS807_P_I;;ЛОЖЬ;ЛОЖЬ;;624;;;;;;;0;;;;600;ЛОЖЬ;0;;;;;;;1=RESET;;;;;;;Undefined;491;3428;;;;;;;;;;ЛОЖЬ;;;;;;;;;;;;;;;;;;;;;;;;;
DI;18-FaultReset;;SYS;;;FAULT RESET;Yes;ЛОЖЬ;;;0;;;;;;;;;;;0;ЛОЖЬ;0;None;;;;;;;;;;;;;Undefined;491;3428;;;;;;;;;;ЛОЖЬ;;;;ЛОЖЬ;;;;;;;;;;;;;;;;;;;;;
M;C498_1_G;;;9100;9100;Function block marker;;ЛОЖЬ;ЛОЖЬ;;498;;;;;;;0;;;;2808;ЛОЖЬ;0;;;;;;;;;;;;;;Undefined;;;;;;;;;;;;ЛОЖЬ;ИСТИНА;;;;;;;;;;;;;;;;;;;;;;;;
DO;91XY040;;MCC;901-10;A_90110;AUTO CLOSURE 91XV040;Yes;ИСТИНА;ЛОЖЬ;;410;;;;;;;0;;;;91;ЛОЖЬ;33563;None;;;;;;1=CLOSE;;;;;;;Undefined;491;3428;;18.06;1;4;1;Appl;;;;ЛОЖЬ;;;;;;;;;;;;;;;;;;;;;;;;;
M;500_1500_2;;;9100;;91LAHH752_I;;ЛОЖЬ;ЛОЖЬ;;1500;;;;;;;0;;;;77;ЛОЖЬ;0;;;;;;;0=TRIP INITIATOR;;;;;;;Undefined;;;;;;;;;;;;ЛОЖЬ;ИСТИНА;;;;;;;;;;;;;;;;;;;;;;;;
M;C1506_1_K;;;;;Function block marker;;ЛОЖЬ;ЛОЖЬ;;1506;;;;;;;0;;;;981;ЛОЖЬ;0;;;;;;;;;;;;;;Undefined;;;;;;;;;;;;ЛОЖЬ;ИСТИНА;;;;;;;;;;;;;;;;;;;;;;;;
DI;91XS764;;MCC;901-10;A_P90110;C-9011001AX OIL PUMP PM1;Yes;ИСТИНА;ЛОЖЬ;;534;;;;;;;;;;;48;ИСТИНА;33564;None;;;;;;0=TRIP;;;;;;;Undefined;491;3428;;18.03;7;9;1;Low;;;;ЛОЖЬ;;;;ЛОЖЬ;;;;;;;;;;;;;;;;;;Output;EPKS_UCB;ESD_912_1;717
M;C636_2_C;;;9100;9100;Function block marker;;ЛОЖЬ;ЛОЖЬ;;636;;;;;;;0;;;;571;ЛОЖЬ;0;;;;;;;;;;;;;;Undefined;491;3428;;;;;;;;;;ЛОЖЬ;;;;;;;;;;;;;;;;;;;;;;;;;
AI;91TI758;;FLD;901-10;A_C90111;C-9011001AX OUT COOL WTR;Yes;ИСТИНА;ЛОЖЬ;;516;ИСТИНА;Float;4-20mA;-50;100;°C;;;;;48;ЛОЖЬ;33981;;None;None;None;None;;;;-87.5;-87.5;;;;-XXXXX.X;3.76;21;;18.04;1;13;1;Top scale;;;;ЛОЖЬ;;ЛОЖЬ;;;;;;;;;;;;;;;;;;;;Output;EPKS_UCB;ESD_912_1;10104
M;C1522_1_J;;;;;Function block marker;;ЛОЖЬ;ЛОЖЬ;;1522;;;;;;;0;;;;938;ЛОЖЬ;0;;;;;;;;;;;;;;Undefined;;;;;;;;;;;;ЛОЖЬ;ИСТИНА;;;;;;;;;;;;;;;;;;;;;;;;
DO;91PALL802_CA;;COM;901-10;A_C90111;CAUSE ALARM;No;ЛОЖЬ;ЛОЖЬ;;605;;;;;;;0;;;;2000;ЛОЖЬ;0;None;;;;;;0=ALARM;;;;;;;Undefined;491;3428;;;;;;;;;;ЛОЖЬ;;;;;;;;;;;;;;;;;;;;;;Output;EPKS_UCB;ESD_912_1;573
DO;91XY084_C;;COM;9100;;AUTO CLOSURE 91XV084;No;ИСТИНА;ЛОЖЬ;;448;;;;;;;0;;;;669;ИСТИНА;33753;None;;;;;;0=CLOSE;;;;;;;Undefined;491;3428;;;;;;;;;;ЛОЖЬ;;;;;;;;;;;;;;;;;;;;;;Output;EPKS_UCB;ESD_912_1;786
DI;91LI077_MOR;;COM;901-10;A_90110;MO REQUEST;No;ЛОЖЬ;ИСТИНА;;340;;;;;;;0;;;;2201;ЛОЖЬ;0;None;;;;;;1=REQUEST;;;;;;;Undefined;491;3428;;;;;;Freeze;;;;ЛОЖЬ;;;;ЛОЖЬ;;;;;;;;;;;;;;;;;;Input;EPKS_UCB;ESD_912_1;58
M;596_1320_1;;;;;91TAH811_PERM;;ЛОЖЬ;ЛОЖЬ;;1320;;;;;;;0;;;;1571;ЛОЖЬ;0;;;;;;;0=ALARM;;;;;;;Undefined;;;;;;;;;;;;ЛОЖЬ;ИСТИНА;;;;;;;;;;;;;;;;;;;;;;;;
DO;91PAHH081;;COM;901-10;A_90110;LIQUID AMM TO V9011001B;No;ИСТИНА;ЛОЖЬ;;316;;;;;;;0;;;;1433;ИСТИНА;33949;None;;;;;;0=TRIP;;;;;;;Undefined;491;3428;;;;;;;;;;ЛОЖЬ;;;;;;;;;;;;;;;;;;;;;;Output;EPKS_UCB;ESD_912_1;536
R;2410_B;;;;;OOS TIME;;ЛОЖЬ;ЛОЖЬ;;2410;;Long;;;;;0;;;;128;ЛОЖЬ;0;;;;;;;;;;;;;;Undefined;491;3428;;;;;;;;;;ЛОЖЬ;;;;;;;;;;;;;;;;;;;;;;;;;
DI;91HX005;;COM;;;COMP. WORK;No;ИСТИНА;ИСТИНА;;601;;;;;;;0;;;;694;ИСТИНА;33517;None;;;;;;1=WORK;;;;;;;Undefined;491;3428;;;;;;Low;;;;ЛОЖЬ;;;;ЛОЖЬ;;;;;;;;;;;;;;Input;CC_UCB_1;ESD_912_1;23;Output;EPKS_UCB;ESD_912_1;2037
M;506_2;;;9100;;;;ЛОЖЬ;ЛОЖЬ;;506;;;;;;;0;;;;1282;ЛОЖЬ;0;;;;;;;;;;;;;;Undefined;;;;;;;;;;;;ЛОЖЬ;ИСТИНА;;;;;;;;;;;;;;;;;;;;;;;;
DO;91TAHH993;;COM;901-10;A_P90110;SEALED SHELL P9011001AX;No;ИСТИНА;ЛОЖЬ;;308;;;;;;;0;;;;1372;ИСТИНА;33950;None;;;;;;0=TRIP;;;;;;;Undefined;491;3428;;;;;;;;;;ЛОЖЬ;;;;;;;;;;;;;;;;;;;;;;Output;EPKS_UCB;ESD_912_1;644
DO;91TAHH761;;COM;901-10;A_C90111;C9011001AX OTR OIL TK;No;ИСТИНА;ЛОЖЬ;;518;;;;;;;0;;;;1883;ИСТИНА;33951;None;;;;;;0=TRIP;;;;;;;Undefined;491;3428;;;;;;;;;;ЛОЖЬ;;;;;;;;;;;;;;;;;;;;;;Output;EPKS_UCB;ESD_912_1;630
M;C167_2;;;;;Compiler marker (352, 114);;ЛОЖЬ;ЛОЖЬ;;167;;;;;;;0;;;;603;ЛОЖЬ;0;;;;;;;;;;;;;;Undefined;491;3428;;;;;;;;;;ЛОЖЬ;;;;;;;;;;;;;;;;;;;;;;;;;
M;C319_2_G;;;;;Function block marker;;ЛОЖЬ;ЛОЖЬ;;319;;;;;;;0;;;;2691;ЛОЖЬ;0;;;;;;;;;;;;;;Undefined;;;;;;;;;;;;ЛОЖЬ;ИСТИНА;;;;;;;;;;;;;;;;;;;;;;;;
M;C340_3_E;;;9100;9100;Function block marker;;ЛОЖЬ;ЛОЖЬ;;340;;;;;;;0;;;;1239;ЛОЖЬ;0;;;;;;;;;;;;;;Undefined;;;;;;;;;;;;ЛОЖЬ;ИСТИНА;;;;;;;;;;;;;;;;;;;;;;;;
AI;91TI803;;FLD;901-10;A_C90111;C-9011001SX Т ТЕХНОЛ. ГАЗА ВЫХОД ЦИЛ.2;Yes;ИСТИНА;ЛОЖЬ;;614;ИСТИНА;Float;4-20mA;-50;200;°C;;;;;468;ЛОЖЬ;33629;;None;None;None;None;;;;;;;;;-XXXXX.X;3.76;21;;18.03;11;16;1;Top scale;;;;ЛОЖЬ;ИСТИНА;ЛОЖЬ;;;;;;;;;;;;;;;;;;;;Output;EPKS_UCB;ESD_912_1;10237
AI;91LI067;;FLD;901-10;A_90110;Уровень. в V-9011002;Yes;ИСТИНА;ЛОЖЬ;;338;ИСТИНА;Float;4-20mA;0;100;%;;;;;364;ЛОЖЬ;33589;;None;None;None;None;;;;;;;;;-XXXXX.X;3.64;22;;18.04;11;7;1;Bottom scale;;;;ЛОЖЬ;ИСТИНА;ЛОЖЬ;;;;;;;;;;;;;;;;;;;;Output;EPKS_UCB;ESD_912_1;10220
DO;IB912_ESD1_RT2;;COM;912;;REPAIR TIMER STARTED;No;ИСТИНА;ЛОЖЬ;;17;;;;;;;0;;;;627;ИСТИНА;34156;None;;;;;;0=STARTED;;;;;;;Undefined;;;;;;;;;;;;ЛОЖЬ;ИСТИНА;;;;;;;;;;;;;;;;;;;;;Output;EPKS_UCB;ESD_912_1;565
M;1520_1;;;;C9011001;;;ЛОЖЬ;ЛОЖЬ;;1520;;;;;;;0;;;;848;ЛОЖЬ;0;;;;;;;;;;;;;;Undefined;;;;;;;;;;;;ЛОЖЬ;ИСТИНА;;;;;;;;;;;;;;;;;;;;;;;;
DO;91PDAHH803_CA;;COM;901-10;;CAUSE ALARM;No;ЛОЖЬ;ЛОЖЬ;;602;;;;;;;0;;;;1123;ЛОЖЬ;0;None;;;;;;0=ALARM;0=ALARM;;;;;;Undefined;;;;;;;;;;;;ЛОЖЬ;ИСТИНА;;;;;;;;;;;;;;;;;;;;;Output;EPKS_UCB;ESD_912_1;911
DO;91TI811_MOC;;COM;901-10;A_C90111;MO CONFIRMED;No;ИСТИНА;ЛОЖЬ;;618;;;;;;;0;;;;2035;ИСТИНА;33952;None;;;;;;1=CONFIRMED;;;;;;;Undefined;491;3428;;;;;;;;;;ЛОЖЬ;;;;;;;;;;;;;;;;;;;;;;Output;EPKS_UCB;ESD_912_1;665
DO;91LALL493D_P;;COM;901-05;A_90105;INDICATION LIGHT;No;ИСТИНА;ЛОЖЬ;;246;;;;;;;0;;;;199;ЛОЖЬ;34092;None;;;;;;1=ACTIVE;;;;;;;Undefined;491;3428;;;;;;;;;;ЛОЖЬ;;;;;;;;;;;;;;;;;;Output;CC_UCB_1;ESD_912_1;74;;;;
M;400_3;;;9100;;;;ЛОЖЬ;ЛОЖЬ;;400;;;;;;;0;;;;787;ЛОЖЬ;0;;;;;;;;;;;;;;Undefined;491;3428;;;;;;;;;;ЛОЖЬ;;;;;;;;;;;;;;;;;;;;;;;;;
M;2432_A;;;901-10;;1=MOS/OOS;;ЛОЖЬ;ЛОЖЬ;;2432;;;;;;;0;;;;105;ЛОЖЬ;0;;;;;;;;;;;;;;Undefined;491;3428;;;;;;;;;;ЛОЖЬ;;;;;;;;;;;;;;;;;;;;;;;;;
M;328_329_4;;;9100;;91LT061_F;;ЛОЖЬ;ЛОЖЬ;;329;;;;;;;0;;;;2116;ЛОЖЬ;0;;;;;;;1=FAULT;;;;;;;Undefined;;;;;;;;;;;;ЛОЖЬ;ИСТИНА;;;;;;;;;;;;;;;;;;;;;;;;
AI;91LI057;;FLD;901-10;A_90110;Уровень. в V-9011001B;Yes;ИСТИНА;ЛОЖЬ;;327;ИСТИНА;Float;4-20mA;0;100;%;;;;;356;ЛОЖЬ;33586;;None;None;None;None;;;;;;;;;-XXXXX.X;3.64;22;;18.04;11;5;1;Bottom scale;;;;ЛОЖЬ;ИСТИНА;ЛОЖЬ;;;;;;;;;;;;;;;;;;;;Output;EPKS_UCB;ESD_912_1;10216
M;535_534_3;;;9100;;91VAHH751_L;;ЛОЖЬ;ЛОЖЬ;;534;;;;;;;0;;;;1669;ЛОЖЬ;0;;;;;;;0=LAMP;;;;;;;Undefined;;;;;;;;;;;;ЛОЖЬ;ИСТИНА;;;;;;;;;;;;;;;;;;;;;;;;
BO;91LI064_LL;;COM;;;LL TRIP SETPOINT (%);No;ИСТИНА;ЛОЖЬ;;335;;Float;;;;;0;;;;632;;34093;;;;;;;;;0;0;;;;-XXXXX.X;491;3428;;;;;;;;;;ЛОЖЬ;;;;;;;;;;;;;;;;;;;;;;Output;EPKS_UCB;ESD_912_1;10131
M;C616_1_G;;;9100;9100;Function block marker;;ЛОЖЬ;ЛОЖЬ;;616;;;;;;;0;;;;2096;ЛОЖЬ;0;;;;;;;;;;;;;;Undefined;;;;;;;;;;;;ЛОЖЬ;ИСТИНА;;;;;;;;;;;;;;;;;;;;;;;;
T;298_2;;;9100;;;;ЛОЖЬ;ЛОЖЬ;;298;;;;;;;;100 ms;10;;680;ЛОЖЬ;0;;;;;;;;;;;;;;Undefined;;;Delayed OFF with constant timer value;;;;;;;;;ЛОЖЬ;ИСТИНА;;;;;;;;;;;;;;;;;;;;;;;;
M;1506_3;;;;C9011001;;;ЛОЖЬ;ЛОЖЬ;;1506;;;;;;;0;;;;61;ЛОЖЬ;0;;;;;;;;;;;;;;Undefined;;;;;;;;;;;;ЛОЖЬ;ИСТИНА;;;;;;;;;;;;;;;;;;;;;;;;
M;402_2;;;9100;;;;ЛОЖЬ;ЛОЖЬ;;402;;;;;;;0;;;;788;ЛОЖЬ;0;;;;;;;;;;;;;;Undefined;491;3428;;;;;;;;;;ЛОЖЬ;;;;;;;;;;;;;;;;;;;;;;;;;
DO;91LAHH061;;COM;901-10;A_90110;AMMONIA TO V-9011001C;No;ИСТИНА;ЛОЖЬ;;328;;;;;;;0;;;;1523;ИСТИНА;33954;None;;;;;;0=TRIP;;;;;;;Undefined;491;3428;;;;;;;;;;ЛОЖЬ;;;;;;;;;;;;;;;;;;;;;;Output;EPKS_UCB;ESD_912_1;461
M;C502_1_F;;;9100;9100;Function block marker;;ЛОЖЬ;ЛОЖЬ;;502;;;;;;;0;;;;1197;ЛОЖЬ;0;;;;;;;;;;;;;;Undefined;;;;;;;;;;;;ЛОЖЬ;ИСТИНА;;;;;;;;;;;;;;;;;;;;;;;;
M;2375_2;;;;;;;ЛОЖЬ;ЛОЖЬ;;2375;;;;;;;0;;;;207;ЛОЖЬ;0;;;;;;;;;;;;;;Undefined;491;3428;;;;;;;;;;ЛОЖЬ;;;;;;;;;;;;;;;;;;;;;;;;;
M;242_1;;;901-10;;;;ЛОЖЬ;ЛОЖЬ;;242;;;;;;;0;;;;1265;ЛОЖЬ;0;;;;;;;;;;;;;;Undefined;491;3428;;;;;;;;;;ЛОЖЬ;;;;;;;;;;;;;;;;;;;;;;;;;
M;C302_4_D;;;9100;9100;Function block marker;;ЛОЖЬ;ЛОЖЬ;;302;;;;;;;0;;;;2609;ЛОЖЬ;0;;;;;;;;;;;;;;Undefined;;;;;;;;;;;;ЛОЖЬ;ИСТИНА;;;;;;;;;;;;;;;;;;;;;;;;
M;C352_4_D;;;9100;9100;Function block marker;;ЛОЖЬ;ЛОЖЬ;;352;;;;;;;0;;;;1929;ЛОЖЬ;0;;;;;;;;;;;;;;Undefined;491;3428;;;;;;;;;;ЛОЖЬ;;;;;;;;;;;;;;;;;;;;;;;;;
DO;91FALL031A_CA;;COM;901-10;;CAUSE ALARM;No;ЛОЖЬ;ЛОЖЬ;;354;;;;;;;0;;;;1121;ЛОЖЬ;0;None;;;;;;0=ALARM;0=ALARM;;;;;;Undefined;;;;;;;;;;;;ЛОЖЬ;ИСТИНА;;;;;;;;;;;;;;;;;;;;;Output;EPKS_UCB;ESD_912_1;909
M;C621_1_E;;;;;Function block marker;;ЛОЖЬ;ЛОЖЬ;;621;;;;;;;0;;;;2759;ЛОЖЬ;0;;;;;;;;;;;;;;Undefined;;;;;;;;;;;;ЛОЖЬ;ИСТИНА;;;;;;;;;;;;;;;;;;;;;;;;
DO;91LAHH066_CA;;COM;901-10;A_90110;CAUSE ALARM;No;ЛОЖЬ;ЛОЖЬ;;336;;;;;;;0;;;;1567;ЛОЖЬ;0;None;;;;;;0=ALARM;;;;;;;Undefined;491;3428;;;;;;;;;;ЛОЖЬ;;;;;;;;;;;;;;;;;;;;;;Output;EPKS_UCB;ESD_912_1;468
R;334_335_4;;;;;91LI064;;ЛОЖЬ;ЛОЖЬ;;335;;Float;;;;;0;;;;36;ЛОЖЬ;0;;;;;;;;;;;;;;Undefined;;;;;;;;;;;;ЛОЖЬ;ИСТИНА;;;;;;;;;;;;;;;;;;;;;;;;
DI;91VSHH751A;;BNS;901-10;A_C90111;C9011001AX VIB IN CARTER;Yes;ИСТИНА;ЛОЖЬ;;535;;;;;;;;;;;50;ИСТИНА;33426;None;;;;;;0=TRIP;0=TRIP;;;;;;Undefined;;;;18.03;7;11;1;Low;;;;ЛОЖЬ;ИСТИНА;;;ЛОЖЬ;View only;;;;;;;;;;;;;;;;;Output;EPKS_UCB;ESD_912_1;932
M;C352_2_B;;;9100;9100;Function block marker;;ЛОЖЬ;ЛОЖЬ;;352;;;;;;;0;;;;1928;ЛОЖЬ;0;;;;;;;;;;;;;;Undefined;491;3428;;;;;;;;;;ЛОЖЬ;;;;;;;;;;;;;;;;;;;;;;;;;
M;612_8;;;9100;;;;ЛОЖЬ;ЛОЖЬ;;612;;;;;;;0;;;;1934;ЛОЖЬ;0;;;;;;;;;;;;;;Undefined;;;;;;;;;;;;ЛОЖЬ;ИСТИНА;;;;;;;;;;;;;;;;;;;;;;;;
DO;91FALL030A_CA;;COM;901-10;;CAUSE ALARM;No;ЛОЖЬ;ЛОЖЬ;;352;;;;;;;0;;;;1120;ЛОЖЬ;0;None;;;;;;0=ALARM;0=ALARM;;;;;;Undefined;;;;;;;;;;;;ЛОЖЬ;ИСТИНА;;;;;;;;;;;;;;;;;;;;;Output;EPKS_UCB;ESD_912_1;908
R;604_605_4;;;;;91PI801;;ЛОЖЬ;ЛОЖЬ;;605;;Float;;;;;0;;;;1120;ЛОЖЬ;0;;;;;;;;;;;;;;Undefined;;;;;;;;;;;;ЛОЖЬ;ИСТИНА;;;;;;;;;;;;;;;;;;;;;;;;
M;502_1;;;901-10;;;;ЛОЖЬ;ЛОЖЬ;;502;;;;;;;0;;;;1767;ЛОЖЬ;0;;;;;;;;;;;;;;Undefined;491;3428;;;;;;;;;;ЛОЖЬ;;;;;;;;;;;;;;;;;;;;;;;;;
AI;91TI761;;FLD;901-10;A_C90111;Тем-ра. резервуар C-9011001AX;Yes;ИСТИНА;ЛОЖЬ;;518;ИСТИНА;Float;4-20mA;-50;100;°C;;;;;52;ЛОЖЬ;33982;;None;None;None;None;;;;-87.5;-87.5;;;;-XXXXX.X;3.76;21;;18.04;1;14;1;Top scale;;;;ЛОЖЬ;;ЛОЖЬ;;;;;;;;;;;;;;;;;;;;Output;EPKS_UCB;ESD_912_1;10105
M;628_632_1;;;901-10;;CAPACITY 25%;;ЛОЖЬ;ЛОЖЬ;;632;;;;;;;0;;;;450;ЛОЖЬ;0;;;;;;;1=ACTIVE;;;;;;;Undefined;491;3428;;;;;;;;;;ЛОЖЬ;;;;;;;;;;;;;;;;;;;;;;;;;
AI;91PI824;;FLD;901-10;A_C90111;C-9011001SX CARTER OIL;Yes;ИСТИНА;ЛОЖЬ;;610;ИСТИНА;Float;4-20mA;0;100;kP-a-g;;;;;96;ЛОЖЬ;33983;;None;None;None;None;;;;-25;-25;;;;-XXXXX.X;3.64;22;;18.04;3;8;1;Bottom scale;;;;ЛОЖЬ;;ЛОЖЬ;;;;;;;;;;;;;;;;;;;;Output;EPKS_UCB;ESD_912_1;10098
M;2470_F;;;;;Signal 5;;ЛОЖЬ;ЛОЖЬ;;2470;;;;;;;0;;;;160;ЛОЖЬ;0;;;;;;;;;;;;;;Undefined;491;3428;;;;;;;;;;ЛОЖЬ;;;;;;;;;;;;;;;;;;;;;;;;;
M;C2460_1;;;;;Compiler marker (240, 198);;ЛОЖЬ;ЛОЖЬ;;2460;;;;;;;0;;;;1221;ЛОЖЬ;0;;;;;;;;;;;;;;Undefined;491;3428;;;;;;;;;;ЛОЖЬ;;;;;;;;;;;;;;;;;;;;;;;;;
DO;91PAL780;;COM;901-10;A_C90111;LO ALARM;No;ЛОЖЬ;ЛОЖЬ;;508;;;;;;;0;;;;1293;ЛОЖЬ;0;None;;;;;;0=ALARM;0=ALARM;;;;;;Undefined;;;;;;;;;;;;ЛОЖЬ;ИСТИНА;;;;;;;;;;;;;;;;;;;;;Output;EPKS_UCB;ESD_912_1;989
M;319_392_1;;;9100;;91PALL084_I;;ЛОЖЬ;ЛОЖЬ;;392;;;;;;;0;;;;2685;ЛОЖЬ;0;;;;;;;0=TRIP INITIATOR;;;;;;;Undefined;;;;;;;;;;;;ЛОЖЬ;ИСТИНА;;;;;;;;;;;;;;;;;;;;;;;;
DI;00XS912E01FAN;;CAB;901-10;S_B91_2;IB-91-2 ESD-01 ALARM FAN;Yes;ИСТИНА;ЛОЖЬ;;18;;;;;;;;;;;2;ИСТИНА;33568;None;;;;;;0=ALARM;;;;;;;Undefined;491;3428;;18.03;1;11;1;Low;;;;ЛОЖЬ;;;;ЛОЖЬ;;;;;;;;;;;;;;;;;;Output;EPKS_UCB;ESD_912_1;691
M;C337_2_G;;;;;Function block marker;;ЛОЖЬ;ЛОЖЬ;;337;;;;;;;0;;;;2588;ЛОЖЬ;0;;;;;;;;;;;;;;Undefined;;;;;;;;;;;;ЛОЖЬ;ИСТИНА;;;;;;;;;;;;;;;;;;;;;;;;
M;C504_4_G;;;9100;9100;Function block marker;;ЛОЖЬ;ЛОЖЬ;;504;;;;;;;0;;;;2888;ЛОЖЬ;0;;;;;;;;;;;;;;Undefined;;;;;;;;;;;;ЛОЖЬ;ИСТИНА;;;;;;;;;;;;;;;;;;;;;;;;
DI;91VSHH802_MOR;;COM;901-10;A_C90111;MO REQUEST;No;ЛОЖЬ;ИСТИНА;;634;;;;;;;0;;;;2207;ЛОЖЬ;0;None;;;;;;1=REQUEST;;;;;;;Undefined;;;;;;;;Freeze;;;;ЛОЖЬ;ИСТИНА;;;ЛОЖЬ;;;;;;;;;;;;;;;;;;Input;EPKS_UCB;ESD_912_1;11
M;498_1310_2;;;;;91TAL761_PERM;;ЛОЖЬ;ЛОЖЬ;;1310;;;;;;;0;;;;549;ЛОЖЬ;0;;;;;;;0=ALARM;;;;;;;Undefined;;;;;;;;;;;;ЛОЖЬ;ИСТИНА;;;;;;;;;;;;;;;;;;;;;;;;
DO;91HS815B_B1_IN_P;;COM;901-10;A_90110;CAP CTRL BIT 1;No;ИСТИНА;ЛОЖЬ;;628;;;;;;;0;;;;539;ЛОЖЬ;34094;None;;;;;;1=ACTIVE;;;;;;;Undefined;491;3428;;;;;;;;;;ЛОЖЬ;;;;;;;;;;;;;;;;;;Output;CC_UCB_1;ESD_912_1;100;;;;
AI;91LI752;;FLD;901-10;A_C90111;C9011001AX INLET SEP LVL;Yes;ИСТИНА;ЛОЖЬ;;500;ИСТИНА;Float;4-20mA;0;100;%;;;;;8;ЛОЖЬ;33984;;None;None;None;None;;;;-25;-25;;;;-XXXXX.X;3.64;22;;18.04;1;3;1;Top scale;;;;ЛОЖЬ;;ЛОЖЬ;;;;;;;;;;;;;;;;;;;;Output;EPKS_UCB;ESD_912_1;10080
BO;91PI063_HH;;COM;901-10;A_90110;HH TRIP SETPOINT (MPa-g);No;ИСТИНА;ЛОЖЬ;;310;;Float;;;;;0;;;;480;;34095;;;;;;;;;0;0;;;;-XXXXX.X;491;3428;;;;;;;;;;ЛОЖЬ;;;;;;;;;;;;;;;;;;;;;;Output;EPKS_UCB;ESD_912_1;10149
M;C1508_1_M;;;;;Function block marker;;ЛОЖЬ;ЛОЖЬ;;1508;;;;;;;0;;;;977;ЛОЖЬ;0;;;;;;;;;;;;;;Undefined;;;;;;;;;;;;ЛОЖЬ;ИСТИНА;;;;;;;;;;;;;;;;;;;;;;;;
M;304_454_2;;;901-10;;91TAHH987_I;;ЛОЖЬ;ЛОЖЬ;;454;;;;;;;0;;;;1737;ЛОЖЬ;0;;;;;;;0=TRIP INITIATOR;;;;;;;Undefined;491;3428;;;;;;;;;;ЛОЖЬ;;;;;;;;;;;;;;;;;;;;;;;;;
M;C335_1_F;;;;;Function block marker;;ЛОЖЬ;ЛОЖЬ;;335;;;;;;;0;;;;2565;ЛОЖЬ;0;;;;;;;;;;;;;;Undefined;;;;;;;;;;;;ЛОЖЬ;ИСТИНА;;;;;;;;;;;;;;;;;;;;;;;;
M;598_1320_2;;;;;91TAL811_PERM;;ЛОЖЬ;ЛОЖЬ;;1320;;;;;;;0;;;;1605;ЛОЖЬ;0;;;;;;;0=ALARM;;;;;;;Undefined;;;;;;;;;;;;ЛОЖЬ;ИСТИНА;;;;;;;;;;;;;;;;;;;;;;;;
